"STATE","ST_CASE","VE_TOTAL","VE_FORMS","PVH_INVL","PEDS","PERNOTMVIT","PERMVIT","PERSONS","COUNTY","CITY","DAY","MONTH","YEAR","DAY_WEEK","HOUR","MINUTE","NHS","RUR_URB","FUNC_SYS","RD_OWNER","ROUTE","TWAY_ID","TWAY_ID2","MILEPT","LATITUDE","LONGITUD","SP_JUR","HARM_EV","MAN_COLL","RELJCT1","RELJCT2","TYP_INT","WRK_ZONE","REL_ROAD","LGT_COND","WEATHER1","WEATHER2","WEATHER","SCH_BUS","RAIL","NOT_HOUR","NOT_MIN","ARR_HOUR","ARR_MIN","HOSP_HR","HOSP_MN","CF1","CF2","CF3","FATALS","DRUNK_DR"
1,10223,2,2,0,0,0,2,2,9,0,11,1,2016,2,17,36,0,1,4,1,3,"SR-75","",246,33.89295833,-86.51866389,0,12,6,0,1,1,0,1,5,1,0,1,0,"0000000",99,99,17,42,88,88,0,0,0,2,0
1,10224,2,2,0,0,0,2,2,51,0,9,1,2016,7,5,38,0,1,7,4,6,"EMERALD MOUNTAIN EXPRESSWAY","",0,32.43390833,-86.12389722,0,12,8,0,1,1,0,1,3,10,0,10,0,"0000000",99,99,6,15,88,88,0,0,0,1,0
1,10225,3,3,0,0,0,4,4,77,0,17,1,2016,1,18,5,0,1,3,1,2,"US-SR 13","",3340,34.97452778,-87.52050556,0,12,1,0,8,1,0,1,2,1,0,1,0,"0000000",99,99,18,16,99,99,0,0,0,1,0
1,10226,2,2,0,0,0,3,3,101,0,10,2,2016,4,22,25,1,1,1,1,1,"I-65","",1745,32.40701667,-86.3442,0,12,1,0,1,1,0,1,2,1,0,1,0,"0000000",22,36,22,47,23,16,0,0,0,2,0
1,10227,3,3,0,0,0,6,6,101,0,2,1,2016,7,18,5,1,1,1,1,1,"I-65","",1761,32.41687778,-86.35568889,0,12,1,0,1,1,0,1,2,1,0,1,0,"0000000",99,99,18,25,99,99,0,0,0,1,0
1,10228,1,1,0,0,0,2,2,35,1080,11,1,2016,2,18,35,1,2,1,1,1,"I-65","",934,31.42476667,-87.00032222,0,23,0,0,1,1,0,4,3,1,0,1,0,"0000000",99,99,18,37,99,99,0,0,0,1,0
1,10229,1,1,0,1,1,1,1,101,2130,14,3,2016,2,20,50,9,8,98,1,3,"SR-6","NARROW LANE RD",0,32.32693056,-86.28209167,0,8,0,0,3,2,0,1,3,1,0,1,0,"0000000",99,99,20,57,88,88,0,0,0,1,0
1,10230,1,1,0,2,2,2,2,21,1790,12,4,2016,3,18,18,9,8,98,1,3,"SR-191","MAIN ST",138,32.95967778,-86.74684444,0,8,0,0,2,2,0,1,1,1,0,1,0,"0000000",18,22,18,24,99,99,0,0,0,1,0
1,10231,1,1,0,0,0,1,1,113,0,21,4,2016,5,19,10,9,8,98,1,3,"SR-51","",957,32.38103333,-85.38009722,0,42,0,0,1,1,0,4,2,2,0,2,0,"0000000",19,13,19,53,19,54,0,0,0,1,1
1,10232,2,2,0,0,0,6,6,31,0,23,4,2016,7,23,4,0,8,98,2,4,"CR-651","",0,31.20233889,-85.91997222,0,12,6,0,1,1,0,1,2,10,0,10,0,"0000000",23,0,23,27,99,99,0,0,0,1,0
1,10233,1,1,0,0,0,1,1,17,0,24,4,2016,1,18,54,0,8,98,2,4,"CR-388","",0,32.74885278,-85.24337222,0,32,0,0,1,1,0,4,1,1,0,1,0,"0000000",99,99,19,8,99,99,0,0,0,1,0
1,10234,1,1,0,1,1,1,1,113,2440,26,4,2016,3,20,22,9,8,98,1,2,"US-SR 8","",2175,32.50251389,-85.00923333,0,8,0,0,1,1,0,1,5,1,0,1,0,"0000000",20,30,20,31,20,53,0,0,0,1,0
1,10235,1,1,0,0,0,2,2,113,0,29,4,2016,6,21,20,9,8,98,1,2,"US-SR 8","",2012,32.44619722,-85.25036667,0,42,0,0,1,1,0,4,2,1,0,1,0,"0000000",21,20,21,20,88,88,0,0,0,1,0
1,10236,1,1,0,0,0,1,1,39,0,29,4,2016,6,5,34,9,8,98,1,2,"US-SR 15","",571,31.44721944,-86.45304722,0,1,0,0,1,1,0,4,4,1,0,1,0,"0000000",6,6,6,6,88,88,0,0,0,1,0
1,10237,1,1,0,0,0,1,1,47,0,30,4,2016,7,23,40,0,8,98,2,4,"CR-MOORE'S FERRY RD","",0,32.41395278,-87.10763333,0,42,0,0,1,1,0,4,2,10,0,10,0,"0000000",88,88,88,88,88,88,0,0,0,1,0
1,10238,1,1,0,0,0,3,3,15,0,3,5,2016,3,11,40,0,8,98,2,4,"CR-THOMPSON RD","",0,33.86073611,-85.97011111,0,1,0,0,1,1,0,1,1,10,0,10,0,"0000000",11,40,12,0,12,4,0,0,0,1,0
1,10239,1,1,0,0,0,3,3,73,350,3,5,2016,3,22,15,0,8,98,4,6,"15TH PLACE SW","",0,33.48693611,-86.85549167,0,10,0,0,6,1,0,1,3,1,0,1,0,"728030G",22,24,22,28,23,23,0,0,0,2,0
1,10240,1,1,0,0,0,2,2,101,2130,4,5,2016,4,18,19,0,8,98,4,6,"S JACKSON ST","",0,32.36599444,-86.29616667,0,42,0,0,1,1,0,4,5,2,0,2,0,"0000000",99,99,18,25,99,99,0,0,0,1,0
1,10241,1,1,0,1,1,1,1,95,50,5,5,2016,5,10,0,9,8,98,1,3,"SR-75","",597,34.282275,-86.19164167,0,8,0,0,1,1,0,2,1,1,0,1,0,"0000000",10,12,10,14,11,22,0,0,0,1,0
1,10242,1,1,0,0,0,1,1,113,0,5,5,2016,5,4,11,9,8,98,1,3,"SR-165","",84,32.09955278,-85.08159167,0,42,0,0,1,1,0,4,2,1,0,1,0,"0000000",88,88,88,88,88,88,0,0,0,1,0
1,10243,2,2,0,0,0,2,2,125,0,5,5,2016,5,23,10,1,8,98,1,1,"I-59","",689,33.15476667,-87.59188333,0,12,2,0,1,1,0,1,2,1,0,1,0,"0000000",99,99,23,35,99,99,0,0,0,1,1
1,10244,1,1,0,0,0,1,1,45,0,6,5,2016,6,16,55,9,8,98,1,3,"SR-123","",438,31.59746944,-85.74808611,0,24,0,0,1,1,0,4,1,1,0,1,0,"0000000",99,99,17,10,88,88,0,0,0,1,0
1,10245,1,1,0,0,0,1,1,127,0,6,5,2016,6,3,45,1,8,98,1,1,"I-22","",562,33.85751667,-87.36766667,0,1,0,0,1,1,0,3,2,1,0,1,0,"0000000",3,56,4,11,88,88,0,0,0,1,0
1,10246,2,2,0,0,0,3,3,69,930,7,5,2016,7,11,34,9,8,98,1,2,"US-SR 12","S BRANNON STAND RD",0,31.23985278,-85.48088333,0,12,6,0,2,2,0,1,1,1,0,1,0,"0000000",11,38,11,42,12,6,0,0,0,1,0
1,10247,2,2,0,0,0,2,2,5,710,6,5,2016,6,13,10,9,8,98,1,3,"SR-51","SR-239",499,31.88528611,-85.46093056,0,12,6,0,2,2,0,1,1,1,0,1,0,"0000000",13,16,13,31,14,39,14,0,0,1,0
1,10248,1,1,0,0,0,1,1,73,330,9,5,2016,2,13,13,1,2,1,1,1,"I-459","",40,33.3337,-86.96317222,0,21,0,0,1,1,0,4,1,10,0,10,0,"0000000",99,99,13,19,88,88,0,0,0,1,0
1,10249,1,1,0,0,0,1,1,93,0,10,5,2016,3,12,25,1,8,98,1,1,"I-22","",220,34.04421389,-87.89578333,0,21,0,0,1,1,0,4,1,1,0,1,0,"0000000",12,28,12,41,88,88,0,0,0,1,0
1,10250,2,2,0,0,0,4,4,89,1730,19,5,2016,5,1,32,1,2,1,1,1,"I-565","",150,34.71350833,-86.64890556,0,12,2,0,1,1,0,1,3,1,0,1,0,"0000000",99,99,1,38,99,99,0,0,0,3,1
1,10251,1,1,0,0,0,1,1,73,330,19,5,2016,5,11,58,1,2,1,1,1,"I-459","EASTERN VALLEY RD",10,33.33245833,-86.99785278,0,33,0,1,3,3,0,8,1,1,0,1,0,"0000000",12,0,12,5,88,88,0,0,0,1,0
1,10252,1,1,0,0,0,1,1,101,2130,22,5,2016,1,12,12,1,2,1,1,1,"I-85","",0,32.36714722,-86.32183056,0,25,0,1,19,1,0,4,1,1,0,1,0,"0000000",99,99,12,16,88,88,0,0,0,1,0
1,10253,2,2,0,0,0,2,2,77,0,14,4,2016,5,11,50,1,1,3,1,2,"US-SR 13","",3355,34.99738056,-87.511725,0,12,2,0,1,1,0,1,1,10,0,10,0,"0000000",99,99,12,15,99,99,0,0,0,1,0
1,10254,2,2,0,0,0,3,3,79,0,23,4,2016,7,22,54,0,1,4,1,3,"SR-36","",102,34.41596667,-87.12218333,0,12,1,0,1,1,0,1,2,1,0,1,0,"0000000",99,99,23,5,99,99,0,0,0,2,0
1,10255,5,2,3,0,0,5,5,81,2340,22,4,2016,6,19,21,0,2,7,4,6,"MAGNOLIA ST","MLK BLVD",0,32.63953611,-85.37927778,0,12,6,0,2,2,0,1,5,1,0,1,0,"0000000",19,22,19,24,99,99,20,0,0,2,0
1,10256,1,1,0,0,0,1,1,3,1210,29,4,2016,6,21,11,0,2,5,2,4,"CR-12","",0,30.35568889,-87.67660556,0,34,0,0,1,1,0,4,2,10,0,10,0,"0000000",99,99,21,12,99,99,0,0,0,1,0
1,10257,1,1,0,0,0,1,1,47,0,7,5,2016,7,21,10,0,1,5,2,4,"CR-16","",0,32.50555833,-87.01872222,0,52,0,0,1,1,0,4,2,1,0,1,0,"0000000",88,88,88,88,88,88,0,0,0,1,1
1,10258,2,2,0,0,0,2,2,99,0,6,5,2016,6,11,30,0,1,5,1,3,"SR-136","US 84",6,31.46561667,-87.33983333,0,12,6,0,2,2,0,1,1,1,0,1,0,"0000000",99,99,11,35,88,88,0,0,0,1,0
1,10259,1,1,0,0,0,3,3,69,0,10,5,2016,3,16,40,1,1,3,1,2,"US-SR 1","",55,31.07734167,-85.40503611,0,1,0,0,1,1,0,4,1,1,0,1,0,"0000000",99,99,16,52,99,99,0,0,0,1,0
1,10260,1,1,0,0,0,1,1,57,0,10,5,2016,3,18,45,0,1,5,1,3,"SR-18","",195,33.73998611,-87.94778889,0,42,0,0,1,1,0,4,1,1,0,1,0,"0000000",88,88,88,88,88,88,0,0,0,1,0
1,10261,1,1,0,0,0,1,1,53,1180,11,5,2016,4,23,55,0,1,7,2,4,"CR-STATE LINE RD","",0,30.99778611,-87.265925,0,32,0,0,1,1,0,4,3,1,0,1,0,"0000000",99,99,0,6,88,88,0,0,0,1,0
1,10262,1,1,0,1,1,1,1,73,350,12,5,2016,5,21,9,0,2,3,4,6,"1ST AVE N","",0,33.55181667,-86.73824444,0,8,0,0,1,1,0,1,3,2,0,2,0,"0000000",21,11,21,13,21,33,0,0,0,1,0
1,10263,1,1,0,1,1,1,1,101,2130,12,5,2016,5,4,55,0,2,7,4,6,"EAST SOUTH BLVD SERVICE RD","",0,32.32651667,-86.28948056,0,8,0,0,1,1,0,1,3,1,0,1,0,"0000000",4,59,5,15,5,27,0,0,0,1,0
1,10264,5,5,0,0,0,6,6,117,655,12,5,2016,5,12,55,1,2,3,1,2,"US-SR 38","CHELSEA POINT DR",154,33.34996944,-86.62040278,0,12,6,0,2,2,0,1,1,10,0,10,0,"0000000",99,99,13,10,99,99,0,0,0,2,0
1,10265,2,2,0,0,0,2,2,39,1615,13,5,2016,6,19,10,0,1,4,1,2,"US-SR 15","LEE LANE",495,31.35647778,-86.4701,0,12,1,0,2,3,0,1,1,1,0,1,0,"0000000",19,10,19,19,19,34,0,0,0,1,1
1,10266,2,2,0,0,0,2,2,121,2910,13,5,2016,6,16,29,1,1,4,1,3,"SR-21","SR-275",2347,33.40871944,-86.13368056,0,12,6,0,2,2,0,1,1,1,0,1,0,"0000000",16,39,17,2,17,41,0,0,0,1,0
1,10267,1,1,0,0,0,1,1,69,930,14,5,2016,7,99,99,0,2,5,4,6,"PARRAMORE RD","",0,31.31360556,-85.43875833,0,1,0,0,1,1,0,4,2,1,0,1,0,"0000000",99,99,4,51,88,88,0,0,0,1,1
1,10268,1,1,0,1,1,1,1,125,2260,14,5,2016,7,21,32,1,2,3,1,2,"US-SR 6","",456,33.24033889,-87.59013611,0,8,0,0,1,1,0,1,3,1,0,1,0,"0000000",99,99,21,34,99,99,0,0,0,1,0
1,10269,2,2,0,0,0,3,3,55,0,15,5,2016,1,14,48,1,2,3,1,2,"US-SR 1","",2752,34.12693889,-86.11996111,0,12,1,0,1,1,0,1,1,1,0,1,0,"0000000",15,14,15,21,15,55,0,0,0,1,0
1,10271,2,2,0,0,0,2,2,15,0,18,5,2016,4,16,25,0,1,4,1,3,"SR-204","",70,33.82821944,-85.80658889,0,12,2,0,1,1,0,1,1,2,0,2,0,"0000000",16,31,16,37,99,99,0,0,0,1,0
1,10272,2,2,0,0,0,2,2,15,9997,13,5,2016,6,17,41,1,2,3,1,2,"US-SR 1","",2504,33.89512778,-85.91826111,0,34,0,0,1,1,0,3,1,1,0,1,0,"0000000",99,99,17,53,88,88,0,0,0,1,0
1,10273,2,2,0,0,0,3,3,53,470,5,4,2016,3,13,18,9,8,98,1,2,"US-SR 3","AG SCIENCE DR",672,31.08608056,-87.10096667,0,12,6,0,2,2,0,1,1,1,0,1,0,"0000000",99,99,13,32,99,99,0,0,0,1,0
1,10274,1,1,0,1,1,1,1,9,0,5,5,2016,5,16,30,0,8,98,2,4,"CR-ELVESTER RD","",0,33.85436667,-86.75580556,0,8,0,0,1,1,0,1,1,1,0,1,0,"0000000",16,51,17,15,17,39,0,0,0,1,0
1,10275,1,1,0,1,1,1,1,97,0,13,5,2016,6,99,99,0,8,98,2,4,"CR-BAIRD COXWELL RD","",0,30.58963889,-88.29243333,0,8,0,0,1,1,0,1,2,1,0,1,0,"0000000",99,99,23,9,88,88,0,0,0,1,0
1,10276,1,1,0,0,0,1,1,55,1280,19,5,2016,5,19,32,0,8,98,4,6,"TIDMORE BEND RD","",0,34.02615278,-85.95729167,0,1,0,0,1,1,0,4,3,1,0,1,0,"0000000",19,56,20,0,88,88,0,0,0,1,0
1,10277,1,1,0,1,1,3,3,125,3050,21,5,2016,7,21,1,0,8,98,4,6,"E UNIVERSITY BLVD","",0,33.19810556,-87.48073889,0,8,0,0,1,1,0,1,2,1,0,1,0,"0000000",99,99,21,3,99,99,0,0,0,1,0
1,10278,1,1,0,0,0,1,1,127,0,21,5,2016,7,10,30,9,8,98,1,3,"SR-5","",1635,33.81217778,-87.14763056,0,35,0,0,1,1,0,4,1,1,0,1,0,"0000000",10,26,10,37,11,13,0,0,0,1,0
1,10279,1,1,0,0,0,1,1,15,0,22,5,2016,1,8,35,9,8,98,1,3,"SR-144","",231,33.78005556,-85.95733611,0,32,0,0,1,1,0,4,1,1,0,1,0,"0000000",8,45,9,17,10,6,0,0,0,1,0
1,10280,1,1,0,1,1,1,1,113,2440,22,5,2016,1,2,14,9,8,98,1,2,"US-SR 1","KNOWLES RD",1114,32.44784722,-85.01716944,0,8,0,0,3,2,0,1,3,1,0,1,0,"0000000",99,99,2,22,88,88,0,0,0,1,0
1,10281,2,2,0,0,0,3,3,43,224,22,5,2016,1,16,25,0,8,98,2,4,"CR-HOLLY POND RD","SUMMIT RD",0,34.24727778,-86.61848611,0,12,6,0,2,2,0,1,1,1,0,1,0,"0000000",99,99,16,50,99,99,0,0,0,1,0
1,10282,2,2,0,0,0,4,4,49,0,22,5,2016,1,13,53,9,8,98,1,3,"SR-75","",1129,34.82008611,-85.579675,0,1,0,0,8,1,0,1,1,1,0,1,0,"0000000",13,55,14,7,14,22,0,0,0,1,0
1,10283,2,2,0,1,1,1,1,93,1540,23,5,2016,2,8,30,9,8,98,1,2,"US-SR 171","",734,34.12880556,-87.98989167,0,8,0,0,1,1,0,1,1,1,0,1,0,"0000000",8,47,8,47,88,88,0,0,0,1,0
1,10284,1,1,0,1,1,1,1,97,2100,25,5,2016,4,19,15,0,8,98,1,6,"ALBA CLUB RD","",0,30.60149722,-88.09566111,0,8,0,0,1,1,0,1,5,1,0,1,0,"0000000",99,99,19,21,99,99,0,0,0,1,0
1,10285,1,1,0,0,0,1,1,83,0,25,5,2016,4,12,40,9,8,98,1,3,"SR-251","",52,34.84559167,-86.87363889,0,32,0,0,1,1,0,4,1,1,0,1,0,"0000000",99,99,12,53,88,88,0,0,0,1,0
1,10286,1,1,0,0,0,2,2,73,3080,26,5,2016,5,23,0,0,8,98,4,6,"SMITHS SIMS RD","",0,33.60577778,-86.58081111,0,42,0,0,1,1,0,4,2,1,0,1,0,"0000000",99,99,5,55,99,99,0,0,0,1,0
1,10287,3,3,0,0,0,3,3,73,350,26,5,2016,5,16,10,1,8,98,1,1,"I-59","",1340,33.58572778,-86.69919722,0,12,1,0,1,1,0,1,1,1,0,1,0,"0000000",16,17,16,17,88,88,0,0,0,1,0
1,10288,1,1,0,0,0,1,1,1,0,26,5,2016,5,12,50,0,8,98,2,4,"CR-83","",0,32.53255278,-86.89708611,0,1,0,0,1,1,0,4,1,1,0,1,0,"0000000",99,99,13,0,88,88,0,0,0,1,0
1,10289,2,2,0,0,0,5,5,55,80,26,5,2016,5,14,45,9,8,98,1,3,"SR-132","",120,34.03827778,-86.2931,0,12,2,0,1,1,0,1,1,1,0,1,1,"0000000",14,50,15,7,15,31,0,0,0,1,0
1,10290,1,1,0,1,1,1,1,89,1970,26,5,2016,5,20,33,0,8,98,4,6,"OLD MADISON PIKE","",0,34.70653889,-86.73298611,0,15,0,0,1,1,0,1,2,1,0,1,0,"0000000",99,99,20,39,99,99,0,0,0,1,0
1,10291,2,2,0,0,0,2,2,133,0,26,5,2016,5,12,50,0,8,98,2,4,"CR-41","",0,34.14956667,-87.18136667,0,12,2,0,1,1,0,1,1,1,0,1,0,"0000000",99,99,13,10,99,99,0,0,0,1,0
1,10292,1,1,0,1,1,1,1,89,1730,27,5,2016,6,20,9,9,8,98,1,2,"US-SR 2","",940,34.73620278,-86.64941111,0,8,0,0,1,1,0,1,3,1,0,1,0,"0000000",99,99,20,14,88,88,0,0,0,1,0
1,10293,1,1,0,0,0,2,2,97,0,27,5,2016,6,20,25,9,8,98,1,3,"SR-217","",212,30.98529722,-88.32483333,0,34,0,0,1,1,0,4,3,1,0,1,0,"0000000",20,37,20,51,99,99,0,0,0,1,0
1,10294,1,1,0,0,0,2,2,69,0,27,5,2016,6,16,50,0,8,98,2,4,"CR-75","",0,31.18729722,-85.18129167,0,53,0,0,1,1,0,5,1,1,0,1,0,"0000000",16,59,17,8,17,46,0,0,0,1,1
1,10295,1,1,0,0,0,1,1,19,630,29,5,2016,1,8,13,0,8,98,4,6,"LAKESIDE DR","",0,34.17035833,-85.65582778,0,32,0,0,1,1,0,4,1,1,0,1,0,"0000000",8,23,8,51,9,45,0,0,0,1,0
1,10296,2,2,0,0,0,2,2,101,2130,29,5,2016,1,19,45,0,8,98,4,6,"COLISEUM BLVD","FEDERAL DR",0,32.40547778,-86.26532778,0,12,6,0,2,2,0,1,3,1,0,1,0,"0000000",19,51,19,57,20,14,0,0,0,1,0
1,10297,1,1,0,0,0,1,1,37,0,30,5,2016,2,12,25,0,8,98,2,4,"CR-20","",0,32.80971111,-86.03607222,0,42,0,0,1,1,0,4,1,1,0,1,0,"0000000",88,88,88,88,88,88,0,0,0,1,0
1,10298,1,1,0,0,0,1,1,45,0,31,5,2016,3,7,30,0,8,98,2,4,"CR-67","",0,31.39835833,-85.47269167,0,42,0,0,1,1,0,5,1,1,0,1,0,"0000000",99,99,7,55,88,88,0,0,0,1,0
1,10299,1,1,0,0,0,2,2,117,2405,31,5,2016,3,20,51,1,8,98,1,1,"I-65","",2440,33.30944444,-86.78737222,0,25,0,0,1,1,0,3,2,1,0,1,0,"0000000",99,99,20,59,99,99,0,0,0,1,0
1,10300,1,1,0,0,0,1,1,89,1730,3,6,2016,6,7,42,0,8,98,4,6,"MASTIAN LAKE RD","",0,34.771475,-86.59275833,0,34,0,0,1,1,0,4,1,1,0,1,0,"0000000",7,48,7,54,8,38,0,0,0,1,0
1,10301,1,1,0,1,1,1,1,73,1110,3,6,2016,6,5,8,1,8,98,1,1,"I-59","HIGHLINE",1171,33.46276944,-86.94164167,0,8,0,1,18,1,0,1,4,1,0,1,0,"0000000",5,21,5,28,5,55,0,0,0,1,0
1,10302,1,1,0,0,0,1,1,127,0,4,6,2016,7,10,20,0,8,98,2,4,"CR-BURROWS CROSSING ROAD","",0,33.95309444,-87.17595278,0,42,0,0,1,1,0,4,1,10,0,10,0,"0000000",10,42,10,53,11,39,0,0,0,1,0
1,10303,1,1,0,0,0,1,1,89,1730,5,6,2016,1,20,20,0,8,98,4,6,"PLUMMER RD","JORDAN LN",0,34.77149444,-86.65098889,0,39,0,0,3,2,0,4,2,10,0,10,0,"0000000",20,21,20,26,20,48,0,0,0,1,0
1,10304,1,1,0,0,0,1,1,31,0,5,6,2016,1,18,15,0,8,98,2,4,"CR-306","",0,31.59656111,-86.13820278,0,42,0,0,1,1,0,4,1,10,0,10,0,"0000000",18,40,18,57,88,88,0,0,0,1,0
1,10305,1,1,0,0,0,1,1,43,0,27,5,2016,6,22,5,1,2,1,1,1,"I-65","",3167,34.29615556,-86.91100833,0,24,0,0,1,1,0,3,2,1,0,1,0,"0000000",99,99,22,19,88,88,0,0,0,1,0
1,10306,2,1,1,1,1,1,1,21,0,4,6,2016,7,4,20,1,1,1,1,1,"I-65","",2140,32.91451667,-86.64251944,0,8,0,0,1,1,0,2,2,1,0,1,0,"0000000",4,43,5,3,5,50,23,0,0,1,0
1,10307,2,2,0,0,0,4,4,73,0,10,6,2016,6,8,45,1,2,1,1,1,"I-59","",1398,33.61798333,-86.63760833,0,12,7,0,1,1,0,1,1,1,0,1,0,"0000000",8,53,8,58,9,45,0,0,0,1,0
1,10308,1,1,0,0,0,6,6,1,0,11,6,2016,7,16,20,1,1,1,1,1,"I-65","",1944,32.66340278,-86.50299167,0,24,0,0,1,1,0,4,1,2,0,2,0,"0000000",99,99,16,40,99,99,0,0,0,1,0
1,10309,1,1,0,0,0,1,1,17,1820,3,4,2016,1,16,45,0,1,7,4,6,"B STREET","",0,32.88607778,-85.407475,0,42,0,0,1,1,0,4,1,1,0,1,0,"0000000",99,99,16,49,99,99,0,0,0,1,0
1,10310,2,2,0,0,0,2,2,37,0,23,5,2016,2,8,5,0,1,4,1,3,"SR-22","",1099,32.90614167,-86.00868333,0,12,2,0,1,1,0,1,1,1,0,1,0,"0000000",8,7,8,10,8,24,0,0,0,1,0
1,10311,1,1,0,1,1,3,3,117,2405,25,5,2016,4,22,35,1,2,3,1,3,"SR-119","",190,33.33329167,-86.79178611,0,8,0,0,1,1,0,1,3,1,0,1,0,"0000000",99,99,22,42,99,99,0,0,0,1,0
1,10312,1,1,0,0,0,1,1,129,0,27,5,2016,6,16,25,0,1,7,2,4,"CR-PATTON RD","",0,31.24368889,-88.02039722,0,42,0,0,1,1,0,4,1,1,0,1,0,"0000000",16,30,16,58,99,99,0,0,0,1,0
1,10313,1,1,0,0,0,1,1,11,0,30,5,2016,2,20,30,0,1,6,2,4,"CR-106","",0,32.16192778,-85.51264722,0,34,0,0,1,1,0,4,2,1,0,1,0,"0000000",99,99,21,0,88,88,0,0,0,1,1
1,10314,1,1,0,1,1,1,1,97,2100,31,5,2016,3,20,56,0,1,7,4,6,"TELEGRAPH RD","",0,30.70356667,-88.04746944,0,8,0,0,1,1,0,1,3,1,0,1,0,"0000000",99,99,21,3,88,88,0,0,0,1,0
1,10315,2,2,0,0,0,3,3,133,0,1,6,2016,4,12,30,1,1,3,1,2,"US-SR 74","",609,34.17855833,-87.12178611,0,12,2,0,1,1,0,1,1,1,0,1,0,"0000000",99,99,13,2,99,99,0,0,0,2,0
1,10316,1,1,0,0,0,1,1,73,350,4,6,2016,7,7,55,0,2,7,4,6,"6TH AVE S","",0,33.49516389,-86.82555278,0,33,0,0,1,1,0,4,1,10,0,10,0,"0000000",8,0,8,4,8,19,0,0,0,1,1
1,10317,1,1,0,1,1,2,2,9,0,3,6,2016,6,21,0,1,1,3,1,2,"US-SR 53","SR-67",2763,34.17674167,-86.51113611,0,8,0,0,2,3,0,1,2,2,0,2,0,"0000000",99,99,21,24,88,88,0,0,0,1,0
1,10318,2,2,0,0,0,4,4,43,0,5,6,2016,1,17,44,0,1,5,2,4,"CR-222","",0,34.02911111,-87.06021389,0,12,6,0,1,1,0,1,1,2,0,2,0,"0000000",99,99,18,9,99,99,0,0,0,1,0
1,10319,1,1,0,0,0,2,2,115,0,6,6,2016,2,20,0,0,1,5,2,4,"CR-GALLANT RD","",0,33.91423056,-86.317625,0,42,0,0,1,1,0,4,1,1,0,1,0,"0000000",13,0,13,12,13,23,18,0,0,1,0
1,10320,1,1,0,0,0,2,2,103,0,7,6,2016,3,9,35,0,1,6,2,4,"CR-TALUCAH RD","",0,34.54976667,-86.69296389,0,42,0,0,1,1,0,4,1,1,0,1,0,"0000000",99,99,9,44,99,99,0,0,0,1,0
1,10321,2,2,0,0,0,2,2,15,0,7,6,2016,3,17,15,0,2,4,2,4,"CR-CHOCCOLOCCO RD","KELLEY LYNN RD",0,33.649075,-85.75138056,0,12,6,0,2,3,0,1,1,1,0,1,0,"0000000",99,99,17,28,99,99,0,0,0,1,0
1,10322,2,2,0,0,0,2,2,51,3270,7,6,2016,3,14,14,1,2,3,1,2,"US-SR 9","",1170,32.46183333,-86.19392222,0,12,2,0,1,1,0,1,1,1,0,1,0,"0000000",99,99,14,17,99,99,0,0,0,1,0
1,10323,2,2,0,0,0,5,5,21,0,8,6,2016,4,15,15,1,1,3,1,2,"US-SR 6","",1070,32.74933611,-86.86613611,0,12,2,0,1,1,0,1,1,1,0,1,0,"0000000",15,21,15,40,16,8,0,0,0,4,0
1,10324,1,1,0,1,1,2,2,89,1970,8,6,2016,4,21,16,0,2,3,4,6,"MADISON BLVD","ARLINGTON DR",0,34.67511944,-86.75577222,0,8,0,0,2,2,0,1,2,1,0,1,0,"0000000",99,99,21,25,88,88,19,0,0,1,0
1,10325,2,2,0,0,0,4,4,95,1500,10,6,2016,6,17,32,1,2,3,1,2,"US-SR 1","DRIVE IN RD",2917,34.30373889,-86.28371667,0,12,6,0,2,3,0,1,1,1,0,1,0,"0000000",99,99,17,43,99,99,0,0,0,1,0
1,10326,2,2,0,0,0,2,2,113,0,10,6,2016,6,7,2,1,1,3,1,2,"US-SR 8","WOMMACK RD",2126,32.47024722,-85.05906944,0,12,6,0,2,2,0,1,1,1,0,1,0,"0000000",99,99,7,11,99,99,0,0,0,1,0
1,10327,1,1,0,0,0,2,2,89,0,11,6,2016,7,2,40,0,1,5,2,4,"CR-CHERRY TREE RD","",0,34.61429444,-86.37606667,0,30,0,0,1,1,0,4,2,1,0,1,0,"0000000",2,54,3,9,3,35,0,0,0,1,1
1,10328,1,1,0,0,0,2,2,39,0,11,6,2016,7,10,25,0,1,4,1,3,"SR-55","",351,31.38900278,-86.57136944,0,42,0,0,1,1,0,4,1,1,0,1,0,"0000000",10,30,10,38,88,88,0,0,0,2,0
1,10329,1,1,0,0,0,1,1,11,3090,12,6,2016,1,6,50,0,1,5,4,6,"PEACHBURG RD","",0,32.15064444,-85.70342778,0,38,0,0,1,1,0,4,1,1,0,1,0,"0000000",99,99,7,5,88,88,0,0,0,1,1
1,10330,1,1,0,0,0,1,1,121,0,13,6,2016,2,21,5,0,2,6,1,3,"SR-235","",54,33.31468333,-86.35918889,0,1,0,0,1,1,0,4,2,10,0,10,0,"0000000",99,99,21,21,88,88,0,0,0,1,0
1,10331,1,1,0,0,0,1,1,115,0,4,7,2016,2,12,20,1,8,98,1,1,"I-59","",1586,33.79001667,-86.38806944,0,42,0,0,1,1,0,4,1,1,0,1,0,"0000000",99,99,12,35,88,88,0,0,0,1,0
1,10332,1,1,0,1,1,1,1,101,2130,3,7,2016,1,5,1,1,8,98,1,1,"I-85","",60,32.36259722,-86.21849167,0,8,0,0,1,1,0,1,4,1,0,1,0,"0000000",99,99,5,6,88,88,0,0,0,1,0
1,10333,4,4,0,0,0,7,7,73,350,3,7,2016,1,2,3,1,8,98,1,1,"I-59","",1273,33.54124167,-86.78946667,0,12,1,0,1,1,0,1,3,10,0,10,0,"0000000",99,99,2,5,99,99,0,0,0,1,0