"STATE","ST_CASE","VE_TOTAL","VE_FORMS","PVH_INVL","PEDS","PERNOTMVIT","PERMVIT","PERSONS","COUNTY","CITY","DAY","MONTH","YEAR","DAY_WEEK","HOUR","MINUTE","NHS","RUR_URB","FUNC_SYS","RD_OWNER","ROUTE","TWAY_ID","TWAY_ID2","MILEPT","LATITUDE","LONGITUD","SP_JUR","HARM_EV","MAN_COLL","RELJCT1","RELJCT2","TYP_INT","WRK_ZONE","REL_ROAD","LGT_COND","WEATHER1","WEATHER2","WEATHER","SCH_BUS","RAIL","NOT_HOUR","NOT_MIN","ARR_HOUR","ARR_MIN","HOSP_HR","HOSP_MN","CF1","CF2","CF3","FATALS","DRUNK_DR"
1,10894,1,1,0,0,0,4,4,77,0,31,12,2016,7,20,40,0,1,7,2,4,"CR-547","",0,34.90261111,-87.30108889,0,42,0,0,1,1,0,4,2,2,0,2,0,"0000000",20,36,20,37,21,22,0,0,0,3,1
1,10895,1,1,0,0,0,2,2,83,0,31,12,2016,7,7,20,0,1,5,2,4,"CR-MOORESVILLE RD","",0,34.67565833,-86.878825,0,42,0,0,1,1,0,4,1,10,0,10,0,"0000000",99,99,7,30,99,99,0,0,0,2,0
1,10896,1,1,0,0,0,1,1,117,2405,3,7,2016,1,10,14,0,2,5,2,4,"CR-SMOKEY RD","",0,33.19741389,-86.808675,0,30,0,0,1,1,0,4,1,10,0,10,0,"0000000",10,18,10,25,88,88,20,0,0,1,0
1,10897,2,2,0,1,1,2,2,97,0,19,7,2016,3,2,5,0,2,3,1,3,"SR-193","",195,30.51823056,-88.12353056,0,8,0,0,1,1,0,1,2,1,0,1,0,"0000000",99,99,2,16,88,88,23,0,0,1,0
1,10898,2,2,0,0,0,10,10,121,0,16,7,2016,7,13,40,1,1,3,1,3,"SR-21","ORANGEVALE RD",2232,33.35396111,-86.17956667,0,12,6,0,2,2,0,1,1,1,0,1,0,"0000000",13,48,13,51,99,99,0,0,0,4,0
1,10899,1,1,0,0,0,1,1,3,0,15,7,2016,6,22,15,0,2,4,1,3,"SR-181","",49,30.48906944,-87.85258889,0,1,0,0,1,1,0,1,2,10,0,10,0,"0000000",99,99,22,29,88,88,0,0,0,1,0
1,10900,1,1,0,0,0,1,1,113,0,5,7,2016,3,21,46,1,1,3,1,2,"US-SR 8","",2064,32.46244444,-85.16341667,0,1,0,0,1,1,0,4,2,1,0,1,0,"0000000",21,42,21,50,88,88,0,0,0,1,0
1,10901,1,1,0,0,0,4,4,17,0,5,7,2016,3,12,30,0,1,7,2,4,"CR-299","",0,32.79815278,-85.26131944,0,52,0,0,1,1,0,4,1,10,0,10,0,"0000000",12,28,12,37,13,16,0,0,0,2,0
1,10902,1,1,0,0,0,4,4,33,0,5,7,2016,3,9,50,0,1,5,2,4,"CR-FRANKFORT RD","",0,34.66416111,-87.75875556,0,32,0,0,1,1,0,4,1,10,0,10,0,"0000000",9,59,10,0,10,43,0,0,0,1,0
1,10903,1,1,0,0,0,1,1,13,0,5,7,2016,3,11,36,0,1,4,1,3,"SR-10","",1324,31.78738611,-86.49203333,0,59,0,0,1,1,0,4,1,2,0,2,0,"0000000",99,99,11,41,88,88,0,0,0,1,0
1,10904,2,2,0,0,0,4,4,105,3100,3,7,2016,1,20,20,0,1,5,1,3,"SR-61","",11,32.46539444,-87.51764167,0,12,6,0,1,1,0,1,1,1,0,1,0,"0000000",20,41,21,0,22,11,0,0,0,1,1
1,10905,1,1,0,2,2,1,1,113,2440,28,8,2016,1,2,47,1,2,3,1,2,"US-SR 38","",1410,32.45279722,-84.99885278,0,8,0,1,5,1,0,1,3,1,0,1,0,"0000000",99,99,2,55,99,99,0,0,0,1,1
1,10906,2,2,0,0,0,2,2,115,0,6,8,2016,7,16,50,9,8,98,1,2,"US-SR 53","GALLANT RD",2432,33.90187778,-86.31767222,0,12,6,0,2,3,0,1,1,1,0,1,0,"0000000",99,99,17,10,99,99,0,0,0,1,0
1,10907,2,2,0,0,0,3,3,127,0,30,8,2016,3,7,10,0,1,3,1,3,"SR-5","",1626,33.806125,-87.13584722,0,12,6,0,8,1,0,1,1,1,0,1,0,"0000000",7,14,7,24,8,20,0,0,0,2,0
1,10908,1,1,0,0,0,3,3,107,0,2,7,2016,7,16,20,0,1,4,1,3,"SR-17","",1820,33.07128333,-88.243475,0,59,0,0,1,1,0,4,1,1,0,1,0,"0000000",99,99,17,28,99,99,0,0,0,1,1
1,10909,1,1,0,0,0,1,1,51,0,8,8,2016,2,20,30,0,1,7,2,4,"CR-WELDON RD","",0,32.61192222,-85.97690278,0,32,0,0,1,1,0,4,2,1,0,1,0,"0000000",20,45,21,3,21,50,0,0,0,1,0
1,10910,1,1,0,0,0,1,1,3,0,5,8,2016,6,16,30,0,2,3,1,3,"SR-181","",60,30.50438333,-87.85259722,0,30,0,0,1,1,0,4,1,1,0,1,0,"0000000",99,99,16,40,99,99,0,0,0,1,0
1,10911,1,1,0,1,1,1,1,3,0,10,8,2016,4,14,33,1,1,3,1,2,"US-SR 3","",166,30.82481111,-87.77428889,0,8,0,0,1,1,2,2,1,2,0,2,0,"0000000",99,99,14,44,99,99,0,0,0,1,0
1,10912,1,1,0,0,0,4,4,55,190,4,12,2016,1,20,18,0,1,5,2,4,"CR-BRUTON GAP RD","",0,34.09553611,-86.03740556,0,35,0,0,1,1,0,4,2,5,0,5,0,"0000000",99,99,20,21,99,99,0,0,0,1,0
1,10913,2,2,0,0,0,6,6,97,0,6,8,2016,7,15,5,1,1,3,1,2,"US-SR 17","",137,30.84489444,-88.19016944,0,12,2,0,1,1,0,1,1,1,0,1,0,"0000000",15,7,15,51,16,7,0,0,0,2,0
1,10914,3,3,0,0,0,4,4,3,0,5,8,2016,6,20,5,0,2,4,1,3,"SR-225","GENERAL CANBY BLVD",14,30.68892222,-87.90226944,0,12,2,0,3,3,0,1,5,10,0,10,0,"0000000",99,99,20,20,99,99,0,0,0,1,1
1,10915,2,2,0,0,0,2,2,125,718,16,12,2016,6,19,58,1,1,4,1,2,"US-SR 7","",934,33.170825,-87.3441,0,12,2,0,1,1,0,1,2,1,0,1,0,"0000000",20,9,20,19,99,99,0,0,0,1,0
1,10916,2,2,0,0,0,3,3,105,3100,16,12,2016,6,2,49,1,1,3,1,2,"US-SR 8","",540,32.45136944,-87.52095556,0,12,2,0,1,1,0,1,2,1,0,1,0,"0000000",99,99,3,15,88,88,0,0,0,1,0
1,10917,1,1,0,0,0,1,1,129,0,25,12,2016,1,14,50,0,1,5,2,4,"CR-34","",0,31.63149167,-88.38049722,0,59,0,0,1,1,0,4,1,1,0,1,0,"0000000",99,99,99,99,88,88,0,0,0,1,1
1,10918,5,5,0,0,0,9,9,97,2100,27,12,2016,3,17,39,0,2,4,4,6,"GRELOT RD","HILCREST RD",0,30.66113611,-88.19106944,0,12,1,0,3,2,0,1,3,1,0,1,0,"0000000",17,44,17,45,18,5,0,0,0,1,1
1,10919,1,1,0,0,0,1,1,83,0,30,12,2016,6,14,30,1,1,3,1,2,"US-SR 2","CURTIS LN",689,34.79040833,-87.07418889,0,35,0,0,3,3,0,4,1,1,0,1,0,"0000000",14,35,14,44,88,88,0,0,0,1,0
1,10920,2,2,0,0,0,2,2,97,0,31,12,2016,7,20,30,1,2,3,2,4,"CR-OLD PASCAGOULA RD","",0,30.56299444,-88.21606667,0,12,2,0,1,1,0,1,2,2,0,2,0,"0000000",99,99,20,45,99,99,0,0,0,1,1
1,10921,1,1,0,0,0,1,1,45,0,31,12,2016,7,7,10,0,1,4,1,3,"SR-105","",67,31.53175556,-85.56445556,0,42,0,0,1,1,0,4,1,10,0,10,0,"0000000",99,99,7,30,99,99,0,0,0,1,0
1,10922,3,2,1,0,1,2,3,117,0,4,8,2016,5,23,44,1,2,1,1,1,"I-65","",2350,33.18808611,-86.78413889,0,14,0,0,1,1,0,2,2,1,0,1,0,"0000000",23,44,23,58,99,99,0,0,0,1,2
1,10923,1,1,0,0,0,6,6,3,0,7,8,2016,1,4,50,1,1,1,1,1,"I-65","",318,30.94936389,-87.85751389,0,24,0,0,1,1,0,3,4,1,0,1,0,"0000000",5,35,5,40,6,40,0,0,0,1,0
1,10924,4,4,0,0,0,10,10,125,0,8,8,2016,2,10,55,1,1,1,1,1,"I-59","",701,33.16149444,-87.57240833,0,12,1,0,1,1,1,1,1,1,0,1,0,"0000000",10,57,11,7,11,41,14,0,0,1,0
1,10925,1,1,0,0,0,4,4,115,0,7,8,2016,1,15,30,1,1,1,1,1,"I-59","",1674,33.87071667,-86.27171944,0,42,0,0,1,1,0,4,1,2,0,2,0,"0000000",99,99,15,50,99,99,0,0,0,1,0
1,10926,1,1,0,0,0,1,1,1,0,14,7,2016,5,14,15,1,1,1,1,1,"I-65","",1979,32.7052,-86.52334167,0,34,0,0,1,1,0,4,1,1,0,1,0,"0000000",99,99,14,23,88,88,0,0,0,1,0
1,10927,2,2,0,0,0,2,2,73,0,29,11,2016,3,11,45,1,2,1,1,1,"I-20","",1335,33.53404444,-86.69735,0,12,7,0,1,1,0,1,1,1,0,1,0,"0000000",11,32,11,37,88,88,0,0,0,1,0
1,10928,4,2,2,1,3,5,7,125,0,10,12,2016,7,5,55,1,2,1,1,1,"I-59","",736,33.17385278,-87.51360278,0,12,7,0,1,1,0,1,3,1,0,1,0,"0000000",5,59,6,10,6,33,15,14,23,1,0
1,10929,1,1,0,0,0,1,1,125,0,10,12,2016,7,13,40,1,1,1,1,1,"I-59","",624,33.09399167,-87.67173889,0,1,0,0,1,1,0,4,1,1,0,1,0,"0000000",13,50,14,3,14,40,0,0,0,1,0
1,10930,1,1,0,0,0,5,5,3,0,9,9,2016,6,17,45,1,1,1,1,1,"I-65","",319,30.949975,-87.8552,0,1,0,0,1,1,0,4,1,1,0,1,0,"0000000",17,48,17,54,18,4,0,0,0,1,0
1,10931,1,1,0,0,0,1,1,3,0,26,11,2016,7,5,24,1,1,1,1,1,"I-65","",382,30.96923056,-87.74222222,0,52,0,0,1,1,0,4,2,1,0,1,0,"0000000",99,99,5,50,99,99,0,0,0,1,0
1,10932,3,3,0,0,0,4,4,123,0,20,9,2016,3,15,10,0,1,4,1,3,"SR-49","",266,32.79723333,-85.78938611,0,1,0,0,1,1,0,1,1,1,0,1,0,"0000000",99,99,15,17,99,99,14,0,0,1,0
1,10933,2,2,0,0,0,2,2,55,0,9,9,2016,6,15,19,1,1,3,1,2,"US-SR 74","VAUGHN RD",1160,34.06689722,-86.253875,0,12,1,0,3,3,0,1,1,1,0,1,0,"0000000",15,16,15,23,16,0,0,0,0,1,0
1,10934,1,1,0,0,0,1,1,41,0,23,10,2016,1,20,55,0,1,7,2,4,"CR-RISING STAR RD","",0,31.90918889,-86.21052778,0,59,0,0,1,1,0,4,2,1,0,1,0,"0000000",99,99,21,25,88,88,0,0,0,1,1
1,10935,2,2,0,0,0,2,2,51,3270,22,10,2016,7,15,55,1,2,3,1,2,"US-SR 9","CAMBRIDGE DR",1187,32.49861111,-86.21648333,0,12,6,0,2,3,0,1,1,1,0,1,0,"0000000",99,99,16,10,99,99,0,0,0,1,0
1,10936,2,2,0,0,0,2,2,113,0,25,11,2016,6,17,37,1,1,3,1,2,"US-SR 8","",1991,32.44401667,-85.28516389,0,12,1,0,8,1,0,1,2,1,0,1,0,"0000000",99,99,18,0,99,99,0,0,0,1,0
1,10937,2,2,0,0,0,2,2,97,0,24,11,2016,5,22,50,0,2,4,2,4,"CR-25","BROOKLYN'S WAY",0,30.76125833,-88.27654444,0,12,6,0,2,3,0,1,2,1,0,1,0,"0000000",22,53,22,57,23,32,0,0,0,1,0
1,10938,2,2,0,0,0,2,2,125,0,23,11,2016,4,16,12,0,1,5,2,4,"CR-DAFFRON RD","",0,33.11600278,-87.44796111,0,12,2,0,1,1,0,1,1,1,0,1,0,"0000000",99,99,16,16,99,99,0,0,0,1,0
1,10939,2,2,0,0,0,5,5,97,0,19,11,2016,7,17,35,0,2,3,2,4,"CR-THEODORE DAWES RD","",0,30.55854167,-88.1969,0,12,1,0,8,1,0,1,5,10,0,10,0,"0000000",17,57,18,16,18,43,0,0,0,1,1
1,10940,1,1,0,0,0,2,2,125,0,6,12,2016,3,12,0,0,1,4,1,3,"SR-171","",52,33.31919722,-87.65128056,0,53,0,0,1,1,0,4,1,10,0,10,0,"0000000",99,99,12,15,99,99,0,0,0,2,0
1,10941,2,2,0,0,0,5,5,3,0,17,9,2016,7,18,50,0,1,4,2,4,"CR-BALDWIN BEACH EXPRESS","CR-36",0,30.50216944,-87.66585833,0,12,6,0,2,2,0,1,1,10,0,10,0,"0000000",99,99,19,2,99,99,0,0,0,1,0
1,10942,1,1,0,0,0,1,1,97,0,18,10,2016,3,19,28,0,2,4,2,4,"CR-DAWES RD","",0,30.64389167,-88.24699167,0,1,0,0,1,1,0,1,2,1,0,1,0,"0000000",19,17,19,31,88,88,0,0,0,1,0
1,10943,2,2,0,0,0,2,2,3,0,21,10,2016,6,19,30,1,1,4,1,2,"US-SR 42","",585,30.40651667,-87.78957778,0,12,2,0,1,1,0,2,2,1,0,1,0,"0000000",99,99,19,40,88,88,0,0,0,2,0
1,10945,2,2,0,0,0,2,2,17,0,22,10,2016,7,22,15,0,1,5,2,4,"CR-289","",0,32.92909167,-85.23229722,0,12,6,0,1,1,0,1,2,1,0,1,0,"0000000",99,99,22,47,99,99,0,0,0,1,1
2,20001,2,2,0,0,0,4,4,170,2790,1,1,2016,6,5,59,1,2,3,1,6,"KNIK-GOOSE BAY RD","",67,61.53305,-149.59968333,0,12,2,0,1,1,0,1,3,1,0,1,0,"0000000",6,3,6,14,6,29,0,0,0,1,1
2,20002,2,2,0,0,0,3,3,290,1760,11,1,2016,2,18,7,1,1,1,1,3,"SR-3 PARKS HWY","",2787,64.65815,-148.96225278,0,12,6,0,8,1,0,1,2,1,0,1,0,"0000000",18,5,18,30,19,58,0,0,0,1,0
2,20003,2,2,0,1,1,5,5,20,130,17,1,2016,1,17,18,1,2,1,1,3,"SR-1 INGRA ST","15TH AVE",4,61.20771111,-149.86691944,0,12,6,0,2,2,0,1,3,1,0,1,0,"0000000",17,18,17,23,17,34,0,0,0,1,1
2,20004,1,1,0,0,0,3,3,20,130,17,1,2016,1,16,11,0,2,7,4,6,"EAST 22ND AVE","ILLIAN CT",99999,61.20114167,-149.76431944,0,5,0,0,2,10,0,1,5,1,0,1,0,"0000000",16,11,16,15,16,29,0,0,0,1,0
2,20005,2,2,0,0,0,2,2,122,2407,25,1,2016,2,5,35,1,1,1,1,3,"SR-1 STERLING HWY","",533,60.50448889,-150.95241111,0,12,8,0,1,1,0,1,2,1,0,1,0,"0000000",5,38,5,46,6,8,0,0,0,1,0
2,20006,1,1,0,1,1,1,1,20,130,26,1,2016,3,22,25,0,6,96,96,8,"BEGICH MIDDLE SCHOOL ACCESS","",0,61.20760833,-149.74176667,0,8,0,0,1,1,0,1,3,1,0,1,0,"0000000",22,25,22,28,22,40,0,0,0,1,0
2,20007,1,1,0,0,0,1,1,20,130,5,2,2016,6,3,34,1,2,3,1,6,"C ST","DIMOND BLVD",63,61.14459444,-149.88701944,0,46,0,0,3,2,0,4,3,10,0,10,0,"0000000",3,34,3,39,88,88,0,0,0,1,1
2,20008,1,1,0,1,1,1,1,170,2790,8,2,2016,2,15,5,0,1,4,1,6,"PITTMAN RD","",2,61.58559722,-149.63210556,0,8,0,0,1,1,0,2,1,1,0,1,0,"0000000",15,3,15,5,88,88,0,0,0,1,0
2,20009,1,1,0,1,1,1,1,20,130,12,2,2016,6,18,30,1,2,1,1,6,"5TH AVE","CONCRETE ST",7,61.21723889,-149.84952778,0,8,0,0,2,2,0,1,3,10,0,10,0,"0000000",18,30,18,34,18,50,0,0,0,1,0
2,20010,2,2,0,0,0,2,2,170,2790,29,2,2016,2,9,11,0,2,4,1,6,"BOGARD RD","",47,61.59766944,-149.36480556,0,12,2,0,1,1,0,1,1,1,0,1,0,"0000000",9,15,9,20,9,40,0,0,0,1,1
2,20011,2,2,0,0,0,2,2,20,611,1,4,2016,6,13,9,0,2,4,1,6,"OLD GLENN HWY @ EAGLE RIVER","NORTH JUANITA LP",14,61.33695278,-149.56327222,0,12,6,0,2,2,0,1,1,1,0,1,0,"0000000",13,10,13,14,88,88,20,0,0,1,0
2,20012,5,5,0,0,0,5,5,20,130,20,4,2016,4,8,35,1,2,3,1,6,"BRAGAW ST","DEBARR RD",7,61.21067222,-149.80828611,0,12,6,0,3,2,0,1,1,10,0,10,0,"0000000",8,35,8,38,88,88,0,0,0,1,1
2,20013,1,1,0,0,0,1,1,170,2790,22,4,2016,6,7,32,0,1,5,1,6,"WEST POINT MACKENZIE RD","",34,61.42721389,-149.90341667,0,1,0,0,1,1,0,4,1,1,0,1,0,"0000000",7,37,7,41,88,88,0,0,0,1,0
2,20014,3,3,0,0,0,10,10,20,850,22,4,2016,6,19,8,1,1,1,1,3,"SR-1 SEWARD HWY","",981,60.95165,-149.40529444,0,12,6,0,1,1,1,1,1,10,0,10,0,"0000000",19,11,19,22,20,21,0,0,0,2,0
2,20015,1,1,0,0,0,1,1,185,2105,26,3,2016,7,99,99,0,1,7,2,6,"KANUQ ST","ITTIRYAAQ AVE",0,68.34495556,-166.77736944,0,48,0,0,3,10,0,4,1,1,0,1,0,"0000000",88,88,88,88,88,88,99,99,99,1,1
2,20016,2,2,0,0,0,3,3,90,770,6,4,2016,4,14,23,0,2,6,4,6,"EAST COWLES ST","21ST AVE",4,64.82836944,-147.73630278,0,12,6,0,2,2,0,1,1,10,0,10,0,"0000000",14,25,14,28,15,11,0,0,0,1,0
2,20017,1,1,0,0,0,1,1,90,770,23,4,2016,7,1,31,0,1,7,4,5,"GRANGE HALL RD","",99999,64.8618,-146.95059722,0,1,0,0,1,1,0,1,2,10,0,10,0,"0000000",1,30,1,59,88,88,3,0,0,1,1
2,20018,2,2,0,0,0,2,2,68,311,28,4,2016,5,4,32,1,1,1,1,3,"SR-3 PARKS HWY","",1583,63.23574444,-149.26398056,0,12,8,0,1,1,0,1,2,1,0,1,0,"0000000",99,99,99,99,88,88,0,0,0,1,1
2,20019,1,1,0,1,1,1,1,110,1130,13,5,2016,6,13,7,0,2,5,2,6,"W WILLOUGHBY AVE","",19,58.30061944,-134.41878333,0,8,0,0,8,1,0,1,1,1,0,1,0,"0000000",13,7,13,12,13,22,0,0,0,1,0
2,20020,1,1,0,0,0,1,1,90,770,23,5,2016,2,21,49,0,1,5,1,6,"GOLDSTREAM RD","",104,64.91225556,-147.93862778,0,1,0,0,1,1,0,4,1,10,0,10,0,"0000000",99,99,99,99,88,88,0,0,0,1,1
2,20021,1,1,0,0,0,1,1,201,1313,24,5,2016,3,99,99,0,1,5,1,5,"KLAWOCK-HOLLIS HWY","",92,55.54233056,-133.01223056,0,42,0,0,1,1,0,4,9,99,0,99,0,"0000000",88,88,88,88,88,88,99,99,99,1,1
2,20022,1,1,0,0,0,1,1,170,2000,30,5,2016,2,5,23,0,2,7,2,6,"NORTH STRINGFIELD RD","",5,61.60416389,-149.246725,0,34,0,0,1,1,0,4,4,2,0,2,0,"0000000",5,24,5,32,88,88,0,0,0,1,1
2,20023,1,1,0,1,1,1,1,20,130,31,5,2016,3,22,26,1,1,1,1,3,"SR-1 SEWARD HWY","",1139,61.04693889,-149.79181111,0,8,0,0,1,1,0,1,1,10,0,10,0,"0000000",22,26,22,34,22,53,0,0,0,1,0
2,20024,1,1,0,0,0,1,1,122,812,5,6,2016,1,14,4,0,1,7,2,5,"BASARGIN RD","",39,59.82296389,-151.14241667,0,99,99,0,1,1,0,4,1,2,10,2,0,"0000000",99,99,99,99,99,99,3,0,0,1,0
2,20025,1,1,0,0,0,2,2,290,2520,10,6,2016,6,99,99,0,1,6,4,5,"DUMP RD","",99999,65.179625,-152.15858611,0,1,0,0,1,1,0,4,9,1,0,1,0,"0000000",99,99,99,99,88,88,0,0,0,1,0
2,20026,1,1,0,0,0,10,10,16,210,14,6,2016,3,18,0,0,1,5,4,5,"ATXAX WAY","",17,52.22266389,-174.20418056,0,1,0,0,1,1,0,1,1,1,0,1,0,"0000000",17,40,17,50,99,99,0,0,0,3,1
2,20027,1,1,0,0,0,2,2,232,1000,24,6,2016,6,5,23,0,1,7,64,9,"LONG ISLAND RD USFS RD#8570","",99999,58.08810833,-135.46101389,0,1,0,0,1,1,0,5,2,1,0,1,0,"0000000",5,24,5,30,6,15,22,0,0,1,1
2,20028,1,1,0,0,0,1,1,20,130,25,6,2016,7,19,54,1,2,3,1,6,"MINNESOTA DR","SPENARD RD",55,61.18406667,-149.91328333,0,1,0,0,3,2,0,4,1,10,0,10,0,"0000000",19,54,19,57,88,88,0,0,0,1,0
2,20029,1,1,0,0,0,2,2,90,770,28,6,2016,3,5,2,0,1,4,1,3,"SR-6 STEESE HWY","",400,65.21301944,-147.19636111,0,52,0,0,1,1,0,4,1,1,0,1,0,"0000000",99,99,99,99,99,99,0,0,0,1,0
2,20030,1,1,0,0,0,6,6,130,1250,29,6,2016,4,22,35,0,2,4,1,3,"SR-7 SOUTH TONGASS HWY","",73,55.29415556,-131.54921667,0,1,0,0,1,1,0,4,3,10,0,10,0,"0000000",99,99,99,99,99,99,0,0,0,1,1
2,20031,1,1,0,1,1,1,1,122,2455,30,6,2016,5,16,10,1,1,1,1,3,"SR-1 STERLING HWY","",547,60.50091667,-150.99501667,0,9,0,0,1,1,0,1,1,1,0,1,0,"0000000",16,12,16,17,88,88,16,0,0,1,0
2,20032,1,1,0,0,0,1,1,170,292,3,7,2016,1,17,45,0,1,7,4,5,"PAPOOSE TWINS RD","",99999,61.53717778,-150.10790833,0,17,0,0,1,1,0,5,1,2,7,2,0,"0000000",17,45,99,97,99,97,6,0,0,1,1
2,20033,1,1,0,0,0,4,4,280,2040,4,7,2016,2,7,27,1,1,4,1,3,"SR-7 SOUTH NORDIC DR","",15,56.80769722,-132.96479167,0,33,0,0,1,1,0,4,1,1,0,1,0,"0000000",7,28,7,38,7,52,0,0,0,2,1
2,20034,2,2,0,0,0,2,2,20,130,3,5,2016,3,15,9,1,2,3,1,6,"TUDOR RD","",50,61.18079444,-149.76760556,0,12,2,0,1,1,0,1,1,1,0,1,0,"0000000",15,9,15,13,15,33,0,0,0,1,0
2,20035,1,1,0,0,0,1,1,170,2790,31,3,2016,5,16,2,0,1,5,1,6,"WASILLA FISHHOOK RD","",101,61.68183056,-149.25155278,0,34,0,0,1,1,0,4,1,10,0,10,0,"0000000",16,0,16,14,16,56,0,0,0,1,0
2,20036,1,1,0,0,0,1,1,170,2790,6,7,2016,4,15,13,0,1,5,1,6,"KNIK-GOOSE BAY RD","",122,61.47873056,-149.71151944,0,42,0,0,1,1,0,5,1,10,0,10,0,"0000000",15,10,15,25,88,88,0,0,0,1,0
2,20037,1,1,0,0,0,1,1,170,0,11,7,2016,2,8,40,1,1,1,1,3,"SR-3 GLENN HWY","",1265,61.98968333,-147.02425833,0,34,0,0,1,1,0,4,1,10,2,2,0,"0000000",88,88,88,88,88,88,0,0,0,1,1
2,20038,1,1,0,0,0,5,5,20,130,13,7,2016,4,1,5,1,2,3,2,6,"DEBARR RD","",2,61.20945,-149.831675,0,33,0,0,1,1,0,4,3,1,0,1,0,"0000000",1,4,1,9,1,26,0,0,0,1,1
2,20039,1,1,0,0,0,1,1,240,565,16,7,2016,7,1,50,1,1,1,1,3,"SR-2 ALASKA HWY","",1906,63.98355,-145.54374444,0,34,0,0,1,1,0,4,2,2,0,2,0,"0000000",88,88,88,88,88,88,0,0,0,1,1
2,20040,2,2,0,0,0,3,3,240,0,18,7,2016,2,15,50,1,1,4,1,3,"SR-4 RICHARDSON HWY","",2122,63.30966389,-145.68691111,0,12,6,0,1,1,0,1,1,10,0,10,0,"0000000",15,57,16,46,88,88,2,0,0,2,0
2,20041,1,1,0,0,0,1,1,170,1030,29,7,2016,6,7,58,1,1,1,1,3,"SR-3 PARKS HWY","",194,61.603875,-149.76085,0,1,0,0,1,1,0,1,1,10,2,2,0,"0000000",7,57,8,3,9,13,2,0,0,1,0
2,20042,2,2,0,0,0,3,3,122,1240,30,7,2016,7,15,4,0,1,4,1,6,"KALIFORNSKY BEACH RD","DIAMOND M RANCH RD",165,60.51561667,-151.19428056,0,12,6,0,2,3,0,1,1,1,0,1,0,"0000000",15,7,15,15,15,32,0,0,0,2,1
2,20043,1,1,0,0,0,1,1,261,2750,1,8,2016,2,99,99,1,1,3,1,3,"SR-4 RICHARDSON HWY","",549,61.31011667,-145.28245278,0,34,0,0,1,1,0,4,9,99,0,99,0,"0000000",88,88,88,88,88,88,0,0,0,1,1
2,20044,2,2,0,0,0,3,3,20,130,5,8,2016,6,3,5,1,2,1,1,3,"SR-1 5TH AVE","",7,61.21745,-149.849725,0,33,0,0,1,1,0,3,2,2,0,2,0,"0000000",3,5,3,9,3,26,0,0,0,1,1
2,20045,1,1,0,1,1,1,1,20,130,6,8,2016,7,3,39,1,2,1,1,3,"SR-1 GLENN HWY (SB)","",319,61.22469167,-149.75574167,0,8,0,0,1,1,0,1,3,2,0,2,0,"0000000",3,40,3,50,88,88,0,0,0,1,0
2,20046,1,1,0,0,0,2,2,261,2385,9,8,2016,3,19,10,0,1,6,1,5,"NABESNA RD","",48,62.66834444,-143.86789722,0,1,0,0,1,1,0,1,1,1,0,1,0,"0000000",99,99,99,99,1,37,0,0,0,1,1
2,20047,1,1,0,0,0,2,2,261,500,9,8,2016,3,23,25,0,1,5,1,3,"SR-10 FIRST ST","",1,60.551025,-145.75831944,0,30,0,0,1,1,0,4,3,2,0,2,0,"0000000",23,26,23,33,23,47,0,0,0,1,1
2,20048,1,1,0,0,0,2,2,122,1240,10,8,2016,4,0,35,1,1,3,1,6,"KENAI SPUR HWY","",58,60.56156111,-151.11469167,0,35,0,0,1,1,0,4,2,10,0,10,0,"0000000",0,38,0,45,1,18,0,0,0,1,0
2,20049,1,1,0,0,0,2,2,290,892,11,8,2016,5,18,10,0,1,7,3,5,"G ST","",99999,62.91167778,-160.06910833,0,5,0,0,1,1,0,1,1,10,8,8,0,"0000000",99,99,99,99,99,99,6,22,0,1,0
2,20050,2,2,0,0,0,4,4,170,2475,22,8,2016,2,16,8,1,1,1,1,3,"SR-1 GLENN HWY","",864,61.794475,-147.99608611,0,12,2,0,1,1,0,1,1,1,0,1,0,"0000000",16,8,16,22,18,25,0,0,0,1,0
2,20051,1,1,0,1,1,1,1,20,130,5,9,2016,2,5,38,1,2,1,1,3,"SR-1 SEWARD HWY","NORTHERN LIGHTS BLVD",1248,61.19529167,-149.86823889,0,8,0,0,2,2,0,1,3,2,0,2,0,"0000000",5,39,5,45,88,88,0,0,0,1,0
2,20052,1,1,0,0,0,1,1,122,812,10,9,2016,7,0,19,0,1,5,1,6,"EAST END RD","",136,59.744825,-151.25363889,0,1,0,0,1,1,0,4,2,1,0,1,0,"0000000",0,19,0,28,88,88,0,0,0,1,1
2,20053,1,1,0,0,0,1,1,122,1620,11,9,2016,1,4,59,1,1,3,1,3,"SR-9 SEWARD HWY","",233,60.40803333,-149.37041111,0,1,0,0,1,1,0,4,2,10,0,10,0,"0000000",99,99,99,99,88,88,0,0,0,1,1
2,20054,1,1,0,0,0,3,3,20,130,25,9,2016,1,0,20,1,2,1,1,3,"SR-1 GLENN HWY","",332,61.22453333,-149.791275,0,24,0,0,1,1,0,3,3,2,0,2,0,"0000000",0,20,0,25,1,5,0,0,0,1,0
2,20055,2,2,0,0,0,6,6,170,2000,25,9,2016,1,14,31,1,2,3,1,6,"PALMER-WASILLA HWY","",36,61.59941389,-149.23071389,0,12,2,0,1,1,0,1,1,10,0,10,0,"0000000",14,31,14,48,15,17,0,0,0,1,0
2,20056,1,1,0,1,1,1,1,50,30,30,9,2016,6,23,53,0,1,7,4,6,"MAIN ST","",7,60.89936944,-161.41418333,0,8,0,0,1,1,0,2,3,1,0,1,0,"0000000",99,99,99,99,99,99,22,0,0,1,1
2,20057,1,1,0,0,0,1,1,240,2630,9,10,2016,1,9,50,1,1,1,1,3,"SR-2 ALASKA HWY","",711,63.23865833,-142.37496667,0,35,0,0,1,1,0,4,1,1,0,1,0,"0000000",9,48,10,10,88,88,0,0,0,1,1