"STATE","ST_CASE","VE_TOTAL","VE_FORMS","PVH_INVL","PEDS","PERNOTMVIT","PERMVIT","PERSONS","COUNTY","CITY","DAY","MONTH","YEAR","DAY_WEEK","HOUR","MINUTE","NHS","RUR_URB","FUNC_SYS","RD_OWNER","ROUTE","TWAY_ID","TWAY_ID2","MILEPT","LATITUDE","LONGITUD","SP_JUR","HARM_EV","MAN_COLL","RELJCT1","RELJCT2","TYP_INT","WRK_ZONE","REL_ROAD","LGT_COND","WEATHER1","WEATHER2","WEATHER","SCH_BUS","RAIL","NOT_HOUR","NOT_MIN","ARR_HOUR","ARR_MIN","HOSP_HR","HOSP_MN","CF1","CF2","CF3","FATALS","DRUNK_DR"
2,20058,1,1,0,0,0,1,1,170,2790,15,10,2016,7,0,15,0,1,7,4,6,"LEWIS LOOP","",99999,61.43200833,-149.80885278,0,42,0,0,1,1,0,4,2,1,0,1,0,"0000000",0,16,0,36,88,88,22,0,0,1,1
2,20059,1,1,0,0,0,1,1,90,810,22,10,2016,7,14,51,0,1,5,1,5,"OLD STEESE HWY","",73,64.94846389,-147.64609444,0,34,0,0,1,1,0,4,1,4,98,4,0,"0000000",14,50,14,58,88,88,0,0,0,1,1
2,20060,1,1,0,0,0,1,1,122,1230,22,10,2016,7,23,40,0,1,5,1,5,"KALIFORNSKY BEACH RD","",6,60.33139444,-151.26474722,0,35,0,0,1,1,0,4,2,1,0,1,0,"0000000",23,47,0,2,88,88,0,0,0,1,1
2,20061,2,2,0,0,0,3,3,170,2000,27,10,2016,5,23,5,1,1,1,1,3,"SR-1 GLENN HWY","",446,61.65739167,-149.09748611,0,12,8,0,1,1,0,1,2,1,0,1,0,"0000000",23,6,23,18,23,51,0,0,0,1,0
2,20062,2,2,0,0,0,3,3,90,770,29,10,2016,7,12,54,0,1,4,1,5,"CHENA HOT SPRINGS RD","",50,64.89233611,-147.46280278,0,12,2,0,1,1,0,1,1,4,0,4,0,"0000000",12,58,13,9,13,44,0,0,0,1,0
2,20063,1,1,0,0,0,3,3,122,1230,2,11,2016,4,21,5,0,1,5,1,5,"KALIFORNSKY BEACH RD","",10,60.33356111,-151.27160278,0,34,0,0,1,1,0,4,2,1,0,1,0,"0000000",21,6,21,20,21,52,0,0,0,1,0
2,20064,2,1,1,0,1,2,3,90,770,10,11,2016,5,20,39,1,2,1,1,3,"SR-2 RICHARDSON HWY","",3608,64.81665833,-147.65206111,0,14,0,0,1,1,0,2,3,10,0,10,0,"0000000",20,39,20,40,20,58,19,0,0,1,0
2,20065,1,1,0,1,1,1,1,20,130,13,11,2016,1,17,44,0,2,4,1,6,"JEWEL LAKE RD","88TH AVE",5,61.14103056,-149.95176111,0,8,0,0,2,2,0,1,3,10,0,10,0,"0000000",17,45,17,47,18,3,0,0,0,1,0
2,20066,4,4,0,0,0,9,9,20,130,15,11,2016,3,12,1,1,2,1,1,3,"SR-1 GLENN HWY","",26,61.224475,-149.75063333,0,12,6,0,1,1,0,1,1,10,0,10,0,"0000000",12,1,12,10,12,34,0,0,0,1,0
2,20067,1,1,0,0,0,1,1,100,920,15,11,2016,3,12,14,0,1,6,1,5,"BEACH RD","",9,59.22539444,-135.42785556,0,32,0,0,1,1,0,4,1,1,0,1,0,"0000000",12,17,12,22,12,59,99,99,99,1,0
2,20068,3,3,0,0,0,5,5,20,130,11,10,2016,3,16,53,0,2,4,2,6,"DOWLING RD","",0,61.16704444,-149.81423333,0,12,2,0,1,1,0,1,1,1,0,1,0,"0000000",16,53,16,59,17,15,0,0,0,1,0
2,20069,2,2,0,0,0,2,2,170,2475,16,11,2016,4,18,28,1,1,1,1,3,"SR-1 GLENN HWY","",555,61.71179722,-148.84724444,0,12,2,0,1,1,0,1,2,10,0,10,0,"0000000",18,30,18,44,19,31,0,0,0,1,1
2,20070,2,2,0,0,0,3,3,170,2000,20,11,2016,1,2,28,1,2,1,1,3,"SR-1 GLENN HWY","",360,61.55088333,-149.19038611,0,12,2,0,1,1,0,1,2,1,0,1,0,"0000000",2,31,2,40,3,30,0,0,0,1,2
2,20071,1,1,0,0,0,1,1,170,2790,20,11,2016,1,99,99,0,2,5,2,5,"LUCILLE ST","",29,61.62065,-149.43818611,0,1,0,0,1,1,0,4,6,1,0,1,0,"0000000",88,88,88,88,88,88,0,0,0,1,1
2,20072,1,1,0,0,0,1,1,170,2000,24,11,2016,5,5,3,0,2,7,2,6,"STRINGFIELD RD","",4,61.60356389,-149.24672222,0,34,0,0,1,1,0,4,2,1,0,1,0,"0000000",5,2,5,9,88,88,0,0,0,1,1
2,20073,2,2,0,0,0,2,2,122,2407,8,12,2016,5,11,54,1,1,1,1,3,"SR-1 STERLING HWY","",559,60.49688889,-151.02800278,0,12,6,0,1,1,0,1,1,1,0,1,0,"0000000",11,57,12,5,12,26,0,0,0,1,0
2,20074,1,1,0,1,1,1,1,20,130,13,12,2016,3,23,54,1,2,1,1,7,"SR-1 BRAYTON DR","",6,61.15364444,-149.85483056,0,8,0,0,1,1,0,1,2,10,0,10,0,"0000000",23,54,23,58,88,88,0,0,0,1,0
2,20075,1,1,0,0,0,2,2,90,770,16,12,2016,6,19,40,1,2,3,1,6,"JOHANSEN EXPY","",21,64.85236944,-147.73999722,0,1,0,0,1,1,0,3,2,1,0,1,0,"0000000",19,43,19,51,20,11,0,0,0,1,0
2,20076,1,1,0,1,1,2,2,261,870,23,12,2016,6,2,8,1,1,1,1,3,"SR-1 GLENN HWY","",1685,62.10649167,-145.67045833,0,8,0,0,1,1,0,1,2,1,0,1,0,"0000000",2,99,99,99,88,88,0,0,0,1,0
2,20077,2,2,0,0,0,3,3,170,2790,23,12,2016,6,13,15,0,2,4,1,6,"WASILLA/FISHHOOK RD","",12,61.59537778,-149.43141944,0,12,6,0,1,1,0,1,1,1,0,1,0,"0000000",13,14,13,30,99,99,0,0,0,1,0
2,20078,1,1,0,0,0,2,2,170,2475,24,12,2016,7,2,8,1,1,1,1,3,"SR-1 GLENN HWY","",631,61.74543333,-148.65367778,0,34,0,0,1,1,0,4,2,1,0,1,0,"0000000",2,24,2,56,4,16,0,0,0,1,0
4,40001,1,1,0,0,0,5,5,21,0,2,1,2016,7,13,54,0,1,7,62,8,"ARROW WEED RD","",0,33.05111667,-111.64591389,3,1,0,0,1,1,0,4,1,1,0,1,0,"0000000",99,99,99,99,99,99,0,0,0,1,1
4,40002,1,1,0,1,1,1,1,13,30,2,1,2016,7,21,26,0,2,7,98,6,"CENTRAL AVE","",0,33.44373056,-112.34964722,0,8,0,0,1,1,0,1,3,1,0,1,0,"0000000",21,25,21,30,88,88,0,0,0,1,0
4,40003,1,1,0,0,0,6,6,13,60,3,1,2016,1,6,56,1,1,1,1,1,"I-10","",1082,33.44480833,-112.70283611,0,1,0,0,1,1,0,4,4,1,0,1,0,"0000000",6,56,7,6,7,48,0,0,0,1,0
4,40004,2,2,0,0,0,5,5,19,530,7,1,2016,5,22,22,1,2,2,1,3,"SR-210 BARRAZA AVIATION PKWY","22ND ST RAMP",17,32.20631111,-110.94048611,0,12,6,1,2,3,0,1,3,2,0,2,0,"0000000",22,23,22,27,99,99,0,0,0,1,0
4,40005,2,2,0,0,0,2,2,13,486,10,1,2016,1,1,1,1,2,3,1,3,"SR-303","",128,33.63611944,-112.4182,0,12,2,1,18,1,0,1,3,1,0,1,0,"0000000",1,3,1,14,88,88,0,0,0,2,1
4,40006,1,1,0,1,1,2,2,13,370,9,1,2016,7,18,34,0,2,3,4,6,"19TH AVE","",0,33.63832222,-112.09962778,0,8,0,0,1,1,0,1,3,10,0,10,0,"0000000",18,35,18,39,88,88,0,0,0,1,0
4,40008,1,1,0,0,0,3,3,13,370,11,1,2016,2,19,49,1,2,2,1,3,"SR-101","",226,33.66915,-112.10244722,0,5,0,1,18,1,0,1,3,1,0,1,0,"0000000",19,49,19,49,21,0,0,0,0,1,0
4,40009,1,1,0,0,0,5,5,13,370,13,1,2016,4,21,22,1,2,1,1,1,"I-10 HOV RAMP","",1360,33.46257778,-112.22957222,0,23,0,1,19,1,0,4,3,1,0,1,0,"0000000",21,24,21,27,88,88,0,0,0,5,1
4,40010,1,1,0,1,1,1,1,13,290,14,1,2016,5,20,44,0,2,7,98,6,"SANTA BARBARA ST","",0,33.42908889,-111.87673056,0,8,0,0,1,1,0,1,3,1,0,1,0,"0000000",20,44,20,45,20,50,0,0,0,1,0
4,40011,1,1,0,0,0,1,1,13,370,15,1,2016,6,2,23,1,2,2,1,3,"SR-101","",226,33.66899167,-112.10344167,0,1,0,1,19,1,0,4,3,1,0,1,0,"0000000",1,57,2,3,2,25,0,0,0,1,1
4,40012,1,1,0,0,0,2,2,13,0,17,1,2016,1,11,59,1,1,1,1,1,"I-8","",1079,32.92314167,-112.87901944,0,24,0,0,1,1,0,3,1,1,0,1,0,"0000000",11,59,12,20,13,31,0,0,0,1,0
4,40013,3,2,1,0,0,4,4,13,490,18,1,2016,2,1,48,0,2,3,4,6,"UNIVERSITY DR","",0,33.42190833,-111.95429167,0,12,1,0,1,1,0,1,3,1,0,1,0,"0000000",1,50,1,56,2,16,0,0,0,1,1
4,40014,1,1,0,1,1,1,1,13,290,19,1,2016,3,17,7,0,2,5,4,6,"MCLELLAN RD","FOREST",0,33.44439722,-111.79206389,0,8,0,0,2,3,0,1,1,1,0,1,0,"0000000",17,7,17,10,17,53,0,0,0,1,0
4,40015,2,2,0,0,0,3,3,19,530,22,1,2016,6,19,38,1,2,3,1,6,"KINO PKWY","AJO WAY CONNECTOR RAMP",0,32.18019444,-110.94437222,0,12,99,1,2,3,0,1,3,1,0,1,0,"0000000",19,38,19,45,19,57,0,0,0,1,1
4,40016,1,1,0,0,0,1,1,13,30,22,1,2016,6,21,29,0,2,7,98,6,"105TH LN","",0,33.491075,-112.28660833,0,38,0,0,1,1,0,5,3,10,0,10,0,"0000000",21,26,21,31,22,4,0,0,0,1,0
4,40017,3,3,0,0,0,6,6,13,490,23,1,2016,7,20,23,1,2,2,1,3,"SR-101","",540,33.38529722,-111.89129167,0,12,1,1,18,1,0,1,3,10,0,10,0,"0000000",22,3,23,5,99,99,19,0,0,1,0
4,40018,1,1,0,1,1,1,1,19,0,24,1,2016,1,11,45,0,2,3,2,4,"CR-SKYLINE DR","CR-SUNRISE DR",0,32.32238611,-110.92215,0,9,0,0,3,3,0,4,1,1,0,1,0,"0000000",11,48,11,52,88,88,0,0,0,1,0
4,40019,1,1,0,0,0,2,2,13,220,24,1,2016,1,15,41,0,2,6,4,6,"ELLIOT RD","",0,33.35540278,-112.44143611,0,33,0,0,1,1,0,3,1,1,0,1,0,"0000000",15,41,15,45,16,13,0,0,0,1,1
4,40020,5,1,4,0,0,2,2,13,370,24,1,2016,1,21,39,0,2,7,98,6,"WINDROSE DR","",0,33.60165833,-111.99164167,0,14,0,0,1,1,0,7,3,1,0,1,0,"0000000",99,99,99,99,99,99,14,0,0,1,1
4,40021,1,1,0,0,0,3,3,1,0,25,1,2016,2,15,43,0,1,5,1,2,"US-191","",4496,36.20251389,-109.59830833,3,1,0,0,1,1,0,4,1,1,0,1,0,"0000000",15,45,15,50,18,30,0,0,0,1,1
4,40023,1,1,0,1,1,1,1,13,290,28,1,2016,5,10,32,0,2,3,4,6,"UNIVERSITY DR","",0,33.42281944,-111.72879722,0,9,0,0,1,1,0,1,1,1,0,1,0,"0000000",10,32,10,44,88,88,0,0,0,1,0
4,40024,1,1,0,0,0,1,1,19,0,28,1,2016,5,21,10,0,1,7,98,5,"CAMINO AURELIA","",0,31.928475,-110.74936389,0,1,0,0,1,1,0,4,2,1,0,1,0,"0000000",21,10,21,20,88,88,0,0,0,1,0
4,40025,1,1,0,0,0,1,1,13,158,30,1,2016,7,20,28,0,2,7,98,6,"PEORIA AVE","121ST AVE",0,33.57991944,-112.32040278,0,38,0,0,3,10,0,5,2,1,0,1,0,"0000000",99,99,99,99,88,88,0,0,0,1,1
4,40026,1,1,0,1,1,1,1,13,420,9,1,2016,7,19,20,0,2,4,4,6,"92ND ST","",0,33.587225,-111.88258889,0,8,0,0,1,1,0,4,3,1,0,1,0,"0000000",19,21,19,23,19,47,0,0,0,1,0
4,40027,1,1,0,0,0,1,1,13,0,13,1,2016,4,13,43,1,1,1,1,1,"I-10","",795,33.54366111,-113.18451111,0,1,0,0,1,1,0,4,1,10,0,10,0,"0000000",13,50,14,29,15,7,0,0,0,1,0
4,40028,2,2,0,0,0,3,3,19,530,14,1,2016,5,16,10,0,2,4,2,4,"CR-VALENCIA RD","CR-CAMINO DE OESTE",0,32.13338056,-111.06286111,0,12,6,0,2,2,0,1,1,1,0,1,0,"0000000",16,11,16,16,99,99,0,0,0,1,0
4,40029,1,1,0,0,0,4,4,17,429,15,1,2016,6,19,46,0,1,4,1,2,"US-60 DEUCE OF CLUBS","",3026,34.21860278,-110.07244722,0,42,0,0,1,1,0,4,2,4,0,4,0,"0000000",19,46,19,55,20,21,0,0,0,1,0
4,40030,1,1,0,0,0,2,2,21,0,9,1,2016,7,21,22,1,1,1,1,1,"I-10","",1788,33.08509722,-111.81695278,3,1,0,0,1,1,0,4,2,1,0,1,0,"0000000",21,22,21,35,99,99,0,0,0,1,0
4,40031,3,2,1,0,0,2,2,25,0,16,1,2016,7,8,15,0,1,4,1,3,"SR-169","ORME RD",50,34.54588056,-112.1589,0,12,2,0,2,3,0,1,1,1,0,1,0,"0000000",8,15,8,26,99,99,0,0,0,1,0
4,40032,2,2,0,0,0,7,7,1,0,15,1,2016,6,99,99,0,1,5,1,2,"US-191","",4872,36.62705833,-109.58377778,3,23,0,0,1,1,0,4,1,3,4,4,0,"0000000",12,45,13,20,14,35,0,0,0,1,0
4,40033,2,2,0,0,0,3,3,13,368,25,1,2016,2,12,9,0,2,4,4,6,"THUNDERBIRD RD","91ST AVE",0,33.60968056,-112.25504444,0,12,8,0,2,3,0,1,1,1,0,1,0,"0000000",12,9,12,13,12,36,0,0,0,1,0
4,40034,1,1,0,0,0,2,2,5,0,2,2,2016,3,9,25,1,1,3,1,3,"SR-64","",115,35.41798056,-112.17033333,0,1,0,0,1,1,0,4,1,1,0,1,0,"0000000",9,25,10,0,99,99,0,0,0,1,0
4,40035,1,1,0,1,1,1,1,13,490,2,2,2016,3,13,25,0,2,3,4,6,"BROADWAY RD","I-10 RAMP",0,33.40907778,-111.96944444,0,9,0,1,2,2,0,1,1,1,0,1,0,"0000000",13,25,13,30,13,48,0,0,0,1,0
4,40036,2,2,0,1,1,2,2,19,530,4,2,2016,5,6,36,0,2,3,4,6,"1ST AVE","",0,32.2507,-110.96098333,0,8,0,0,1,1,0,1,6,1,0,1,0,"0000000",6,36,6,47,6,51,14,0,0,1,0
4,40037,2,2,0,0,0,3,3,13,0,4,2,2016,5,16,56,1,1,1,1,1,"I-10","",941,33.49775278,-112.93801389,0,12,1,1,18,1,0,1,1,1,0,1,0,"0000000",16,57,17,22,18,29,0,0,0,1,0
4,40038,2,2,0,0,0,2,2,21,70,5,2,2016,6,6,58,0,1,4,4,6,"MARICOPA CASA GRANDE HWY","",0,32.96647222,-111.90112222,0,12,2,0,1,1,0,1,4,1,0,1,0,"0000000",7,4,7,18,7,55,0,0,0,1,0
4,40039,2,2,0,0,0,2,2,13,490,5,2,2016,6,12,23,1,2,2,1,3,"SR-101","",334,33.65787778,-111.92426111,0,12,1,1,18,1,0,1,1,1,0,1,0,"0000000",12,23,12,33,13,5,28,0,0,1,0
4,40042,1,1,0,0,0,3,3,19,530,9,2,2016,3,1,23,1,2,2,4,6,"GOLF LINKS RD","",0,32.19245833,-110.87759722,0,33,0,0,1,1,0,4,3,1,0,1,0,"0000000",1,23,1,34,1,52,0,0,0,1,0
4,40043,1,1,0,0,0,1,1,13,220,10,2,2016,4,13,35,0,2,3,4,6,"PEBBLE CREEK PKWY","CLUBHOUSE DR",0,33.48722778,-112.39744167,0,1,0,0,2,2,0,1,1,1,0,1,0,"0000000",13,36,13,39,13,58,0,0,0,1,1
4,40044,2,2,0,0,0,3,3,25,0,14,2,2016,1,18,1,0,1,5,1,3,"SR-89","",25,34.05874722,-112.81805833,0,12,7,0,1,1,0,1,1,1,0,1,0,"0000000",18,3,18,15,18,58,0,0,0,1,0
4,40045,1,1,0,1,1,2,2,13,0,15,2,2016,2,19,40,0,2,3,4,4,"CR-MC 85","",0,33.40901944,-112.39023056,0,8,0,0,1,1,0,1,2,1,0,1,0,"0000000",99,99,99,99,88,88,0,0,0,1,0
4,40046,2,2,0,0,0,3,3,19,0,16,2,2016,3,11,0,0,2,5,2,4,"CR-CAMINO DE OESTE","CRESTVIEW RD",0,32.25656944,-111.06139444,0,12,6,0,2,2,0,1,1,1,0,1,0,"0000000",11,0,11,8,11,57,0,0,0,1,0
4,40047,1,1,0,0,0,2,2,5,0,16,2,2016,3,13,12,1,2,1,1,1,"I-17","",1393,35.08620278,-111.68710556,0,1,0,1,19,1,0,4,1,1,0,1,0,"0000000",13,12,13,18,99,99,0,0,0,1,0
4,40048,1,1,0,1,1,1,1,13,200,17,2,2016,4,18,46,0,2,4,4,6,"GLENDALE AVE","",0,33.53682222,-112.35625278,0,8,0,0,1,1,0,1,3,1,0,1,0,"0000000",18,43,18,49,19,12,16,0,0,1,0
4,40049,1,1,0,1,1,1,1,13,370,17,2,2016,4,21,43,0,2,4,4,6,"VAN BUREN ST","27TH DR",0,33.45113889,-112.11914444,0,8,0,0,3,3,0,1,3,1,0,1,0,"0000000",21,43,21,49,22,1,0,0,0,1,0
4,40050,1,1,0,0,0,1,1,13,368,19,2,2016,6,16,33,0,1,7,98,6,"BEARDSLEY CANAL SERVICE RD","",0,33.78255,-112.251375,0,39,0,0,1,1,0,5,1,1,0,1,0,"0000000",16,38,16,45,17,21,0,0,0,1,0
4,40051,2,2,0,0,0,3,3,19,530,19,2,2016,6,18,10,0,2,5,4,6,"SANTA CLARA AVE","CALLE ARAGON",0,32.12898889,-110.98189167,0,12,1,0,3,2,0,1,5,1,0,1,0,"0000000",18,10,18,14,99,99,0,0,0,1,1
4,40052,1,1,0,0,0,1,1,7,0,20,2,2016,7,9,31,0,1,6,2,4,"CR-FOREST ROAD 64- CONTROL RD","",0,34.31499722,-111.12423333,0,1,0,0,1,1,0,4,1,1,0,1,0,"0000000",99,99,99,99,88,88,0,0,0,1,0
4,40053,2,2,0,0,0,2,2,13,200,20,2,2016,7,13,6,0,2,3,4,6,"59TH AVE","CALAVAR RD",0,33.61238333,-112.18580833,0,12,6,0,2,3,0,1,1,1,0,1,0,"0000000",13,6,13,8,13,40,0,0,0,1,0
4,40054,1,1,0,1,1,1,1,19,530,20,2,2016,7,13,13,0,2,3,4,6,"BROADWAY BLVD","",0,32.22135278,-110.861575,0,8,0,0,4,1,0,1,1,1,0,1,0,"0000000",99,99,99,99,99,99,0,0,0,1,0
4,40055,2,2,0,0,0,3,3,13,370,21,2,2016,1,10,32,0,2,3,4,6,"35TH AVE","PEORIA AVE",0,33.581525,-112.13401667,0,12,1,0,3,2,0,1,1,1,0,1,0,"0000000",99,99,99,99,99,99,0,0,0,1,0
4,40056,1,1,0,1,1,1,1,13,370,21,2,2016,1,20,12,0,2,7,98,6,"27TH AVE","ALICE AVE",0,33.56217222,-112.11696944,0,8,0,0,2,3,0,1,3,1,0,1,0,"0000000",99,99,99,99,99,99,0,0,0,1,0
4,40057,1,1,0,0,0,2,2,13,486,22,2,2016,2,2,6,1,2,3,1,2,"US-60 GRAND AVE","GREENWAY RD",1134,33.62351944,-112.33044444,0,43,0,0,3,2,0,4,3,1,0,1,0,"0000000",2,6,2,13,88,88,0,0,0,2,1
4,40059,3,3,0,0,0,4,4,25,0,25,2,2016,5,17,5,1,1,3,1,3,"SR-89","LITTLE RANCH RD",775,34.86751389,-112.47020278,0,12,1,0,2,3,0,1,1,1,0,1,0,"0000000",17,9,17,13,99,99,0,0,0,1,0
4,40060,1,1,0,0,0,1,1,13,322,29,2,2016,2,11,27,1,1,3,1,2,"US-60","",887,33.87163889,-112.64271944,0,1,0,0,1,1,0,2,1,1,0,1,0,"0000000",11,31,11,38,12,36,0,0,0,1,0
4,40061,1,1,0,0,0,6,6,1,0,29,2,2016,2,19,7,1,1,3,1,2,"US-160","",1077,36.80962778,-109.90301389,3,1,0,0,1,1,0,4,2,1,0,1,0,"0000000",19,7,19,25,20,45,0,0,0,1,1
4,40062,1,1,0,1,1,1,1,13,80,15,1,2016,6,6,9,0,2,4,4,6,"MCQUEEN RD","ALAMOSA DR",0,33.24375,-111.82386944,0,8,0,0,3,3,0,4,3,1,0,1,0,"0000000",6,10,6,14,6,34,0,0,0,1,0
4,40063,2,2,0,0,0,2,2,19,530,22,2,2016,2,11,53,1,2,4,4,6,"WETMORE RD","STONE AVE",0,32.28655833,-110.96995,0,12,7,0,3,2,0,1,1,1,0,1,0,"0000000",99,99,99,99,99,99,0,0,0,1,0
4,40064,1,1,0,1,1,1,1,13,0,2,1,2016,7,19,10,0,2,7,98,5,"HASTINGS WAY","HIDDENTREASURE WAY",0,33.84916389,-112.10665833,0,8,0,0,3,2,0,1,3,1,0,1,0,"0000000",19,10,19,5,88,88,0,0,0,1,1
4,40065,2,2,0,0,0,2,2,7,0,3,1,2016,1,5,23,0,1,5,62,8,"BIA 6- OLD SAN CARLOS RD","",0,33.35770833,-110.47689167,3,12,2,0,1,1,0,1,2,1,0,1,0,"0000000",99,99,99,99,99,99,0,0,0,1,1
4,40066,1,1,0,0,0,1,1,13,200,4,1,2016,2,6,36,0,2,7,98,6,"71ST AVE","",0,33.54278056,-112.2117,0,38,0,0,1,1,0,5,2,10,0,10,0,"0000000",6,37,6,41,88,88,0,0,0,1,0
4,40067,1,1,0,0,0,3,3,1,0,5,1,2016,3,7,14,0,1,7,2,4,"CR-317","",0,35.78746111,-109.89202778,3,35,0,0,1,1,0,4,6,98,0,98,0,"0000000",7,46,8,16,9,6,0,0,0,1,0
4,40068,1,1,0,1,1,1,1,13,370,6,1,2016,4,14,5,0,2,5,4,6,"23RD AVE","",0,33.52059722,-112.10824167,0,8,0,0,1,1,0,4,1,98,0,98,0,"0000000",99,99,99,99,99,99,0,0,0,1,0
4,40069,1,1,0,1,1,1,1,13,370,7,1,2016,5,15,45,0,2,4,4,6,"7TH AVE","",0,33.40329722,-112.08198056,0,9,0,0,1,1,0,1,1,98,0,98,0,"0000000",99,99,99,99,88,88,0,0,0,1,0
4,40070,1,1,0,1,1,1,1,5,528,8,1,2016,6,18,31,1,2,3,1,2,"US-160","SR-264",102,36.11931944,-111.22928889,3,8,0,0,3,2,0,1,8,98,0,98,0,"0000000",99,99,99,99,99,99,0,0,0,1,0
4,40071,1,1,0,1,1,2,2,13,370,8,1,2016,6,23,28,0,2,5,4,6,"ROOSEVELT ST","",0,33.45863889,-112.04288889,0,8,0,0,1,1,0,1,6,99,0,99,0,"0000000",23,29,23,33,23,44,0,0,0,1,0
4,40072,2,2,0,0,0,2,2,13,290,9,1,2016,7,12,27,0,2,3,1,6,"APACHE TRL","96TH ST",0,33.41521389,-111.62400556,0,12,6,0,2,2,0,1,1,10,0,10,0,"0000000",12,27,12,32,12,45,0,0,0,1,0
4,40073,1,1,0,1,1,1,1,13,200,9,1,2016,7,20,56,0,2,4,4,6,"PEORIA AVE","",0,33.58191944,-112.15350556,0,8,0,0,1,1,0,1,3,1,0,1,0,"0000000",20,56,21,2,88,88,0,0,0,1,0
4,40074,1,1,0,1,1,1,1,13,370,10,1,2016,1,0,28,0,2,4,4,6,"27TH AVE","",0,33.52480556,-112.11691944,0,8,0,0,99,99,0,1,6,98,0,98,0,"0000000",99,99,99,99,99,99,0,0,0,1,0
4,40075,2,2,0,0,0,3,3,13,370,12,1,2016,3,14,25,1,2,3,4,6,"CAVE CREEK RD","",0,33.61825556,-112.03140556,0,12,6,0,1,1,0,1,1,1,0,1,0,"0000000",99,99,99,99,99,99,0,0,0,1,0
4,40076,1,1,0,1,1,1,1,13,0,13,1,2016,4,12,58,0,2,5,2,4,"CR-MEEKER BLVD","",0,33.65892778,-112.36941944,0,33,0,0,1,1,0,4,1,1,0,1,0,"0000000",12,58,13,5,13,20,0,0,0,1,0
4,40077,1,1,0,1,1,1,1,13,80,14,1,2016,5,10,10,0,2,5,2,4,"CR-QUEEN CREEK RD","",0,33.26091944,-111.91077222,3,9,0,0,1,1,0,4,1,1,0,1,0,"0000000",10,10,10,23,10,45,0,0,0,1,1
4,40079,1,1,0,2,2,1,1,13,370,20,1,2016,4,6,29,1,2,3,4,6,"INDIAN SCHOOL RD","63RD AVE",0,33.49488611,-112.19488889,0,8,0,0,3,2,0,1,9,98,0,98,0,"0000000",99,99,99,99,99,99,0,0,0,1,0
4,40080,2,2,0,0,0,4,4,13,80,20,1,2016,4,7,51,0,2,3,4,6,"GILBERT RD","QUEEN CREEK RD",0,33.26289722,-111.78955833,0,12,6,0,2,2,0,1,1,1,0,1,0,"0000000",7,51,7,56,8,20,0,0,0,1,0
4,40081,1,1,0,1,1,1,1,13,370,21,1,2016,5,19,15,0,2,3,4,6,"19TH AVE","",0,33.6026,-112.09970833,0,8,0,0,1,1,0,1,9,98,0,98,0,"0000000",99,99,99,99,99,99,0,0,0,1,0
4,40082,1,1,0,1,1,3,3,19,355,22,1,2016,6,15,30,0,2,7,98,6,"CROSS RD","",0,32.4026,-111.01605,0,8,0,0,1,1,0,1,1,1,0,1,1,"0000000",15,27,15,34,16,6,21,0,0,1,0
4,40083,2,2,0,1,1,2,2,13,370,24,1,2016,1,20,33,0,2,4,4,6,"32ND ST","",0,33.46751111,-112.01298611,0,8,0,0,1,1,0,1,6,98,0,98,0,"0000000",99,99,99,99,99,99,14,0,0,1,1
4,40084,1,1,0,1,1,1,1,13,370,24,1,2016,1,23,2,1,2,3,4,6,"BASELINE RD","",0,33.37768889,-112.12636667,0,8,0,0,1,1,0,1,3,1,0,1,0,"0000000",99,99,99,99,99,99,0,0,0,1,0
4,40085,2,2,0,1,1,2,2,13,370,25,1,2016,2,6,20,0,2,3,4,6,"THOMAS RD","44TH LN",0,33.48048056,-112.15563333,0,8,0,0,3,3,0,1,4,1,0,1,0,"0000000",6,21,6,24,6,40,14,0,0,1,0
4,40086,1,1,0,1,1,2,2,13,370,26,1,2016,3,7,2,0,2,4,4,6,"SOUTHERN AVE","",0,33.392225,-112.06812222,0,8,0,0,1,1,0,1,1,98,0,98,0,"0000000",99,99,99,99,99,99,0,0,0,1,0
4,40087,1,1,0,1,1,1,1,13,370,28,1,2016,5,99,99,9,9,99,99,9,"UNKNOWN RD","",99999,99.9999,999.9999,9,8,0,9,99,99,0,99,9,98,0,98,0,"0000000",99,99,99,99,99,99,0,0,0,1,0
4,40088,3,3,0,0,0,6,6,13,475,3,1,2016,1,11,23,0,2,7,98,5,"108TH AVE","US-60 GRAND AVE",0,33.60350278,-112.29366944,0,12,7,0,3,3,0,1,1,1,0,1,0,"0000000",11,24,11,30,11,45,0,0,0,1,0
4,40089,2,2,0,0,0,3,3,13,370,12,1,2016,3,99,99,0,2,4,4,6,"CAMELBACK RD","107TH AVE",0,33.50821667,-112.289975,0,12,2,0,2,2,0,1,6,98,0,98,0,"0000000",99,99,99,99,99,99,0,0,0,1,0
4,40090,1,1,0,0,0,3,3,17,610,28,1,2016,5,99,99,1,2,1,1,7,"I-40 FRONTAGE RD","",2441,35.03886389,-110.72554444,0,1,0,0,99,99,0,99,6,98,0,98,0,"0000000",0,52,0,58,1,28,0,0,0,1,0
4,40091,2,2,0,0,0,3,3,13,0,11,2,2016,5,16,18,0,2,3,2,4,"CR-MCKELLIPS RD","DOBSON RD",0,33.45133333,-111.87461944,3,12,6,0,2,3,0,1,1,1,0,1,0,"0000000",99,99,99,99,99,99,0,0,0,1,0
4,40092,1,1,0,0,0,1,1,3,0,12,2,2016,6,0,52,1,1,1,1,1,"I-10","",3191,32.03776389,-110.10001944,0,52,0,0,1,1,0,4,2,1,0,1,0,"0000000",0,56,1,32,88,88,0,0,0,1,0