"STATE","ST_CASE","VE_TOTAL","VE_FORMS","PVH_INVL","PEDS","PERNOTMVIT","PERMVIT","PERSONS","COUNTY","CITY","DAY","MONTH","YEAR","DAY_WEEK","HOUR","MINUTE","NHS","RUR_URB","FUNC_SYS","RD_OWNER","ROUTE","TWAY_ID","TWAY_ID2","MILEPT","LATITUDE","LONGITUD","SP_JUR","HARM_EV","MAN_COLL","RELJCT1","RELJCT2","TYP_INT","WRK_ZONE","REL_ROAD","LGT_COND","WEATHER1","WEATHER2","WEATHER","SCH_BUS","RAIL","NOT_HOUR","NOT_MIN","ARR_HOUR","ARR_MIN","HOSP_HR","HOSP_MN","CF1","CF2","CF3","FATALS","DRUNK_DR"
4,40328,1,1,0,0,0,1,1,13,475,21,5,2016,7,5,0,0,2,7,2,4,"CR-EL MIRAGE RD","",0,33.68307222,-112.32518333,0,1,0,0,1,1,0,3,1,1,0,1,0,"0000000",99,99,99,99,99,99,0,0,0,1,0
4,40329,1,1,0,0,0,1,1,13,0,21,5,2016,7,6,56,0,2,7,98,5,"DESERT HILLS DR","",0,33.84188611,-112.12996944,0,1,0,0,1,1,0,4,1,1,0,1,0,"0000000",99,99,99,99,88,88,0,0,0,1,1
4,40330,2,2,0,0,0,3,3,21,0,23,5,2016,2,19,40,0,1,4,1,3,"SR-87","SACATON RD",298,33.1213,-111.73769722,3,12,6,0,2,2,0,1,1,1,0,1,0,"0000000",99,99,99,99,99,99,0,0,0,1,0
4,40331,2,2,0,0,0,2,2,13,0,27,5,2016,6,12,4,0,1,5,2,4,"CR-SALOME HWY","",0,33.44794722,-112.91643611,0,12,99,0,1,1,0,6,1,1,0,1,0,"0000000",12,3,12,11,13,19,0,0,0,1,1
4,40332,1,1,0,0,0,1,1,21,0,28,5,2016,7,8,43,0,1,6,62,8,"NELSON RD","",0,33.132175,-111.92860556,3,1,0,0,1,1,0,5,1,1,0,1,0,"0000000",99,99,99,99,88,88,0,0,0,1,0
4,40333,1,1,0,0,0,2,2,17,0,28,5,2016,7,20,0,0,1,7,62,8,"BIA 6830","",0,99.9999,999.9999,3,99,99,0,99,99,0,99,6,98,0,98,0,"0000000",19,16,19,38,20,51,0,0,0,1,0
4,40334,1,1,0,0,0,1,1,3,50,29,5,2016,1,15,50,1,2,3,1,3,"SR-80","",477,31.440975,-109.91558889,0,1,0,0,1,1,0,1,1,1,0,1,0,"0000000",15,50,15,59,16,14,0,0,0,1,1
4,40335,2,2,0,0,0,4,4,21,0,31,5,2016,3,18,53,0,1,7,2,4,"CR-AMARILLO VALLEY RD","",0,32.94823056,-112.08286389,0,12,7,0,1,1,1,1,1,1,0,1,0,"0000000",18,55,18,56,88,88,0,0,0,2,0
4,40336,1,1,0,0,0,1,1,13,0,2,5,2016,2,15,56,0,2,5,62,8,"YAVAPAI RD","",0,33.62094444,-111.69870833,3,17,0,0,1,1,0,4,1,1,0,1,0,"0000000",15,56,16,5,88,88,0,0,0,1,1
4,40337,1,1,0,0,0,1,1,7,0,18,5,2016,4,11,20,1,1,3,1,3,"SR-87","",1161,33.99771389,-111.363575,0,24,0,0,1,1,0,4,1,1,0,1,0,"0000000",11,20,11,47,88,88,0,0,0,1,0
4,40338,1,1,0,0,0,3,3,21,0,26,5,2016,5,23,27,1,1,1,1,1,"I-10","",1707,33.18346111,-111.89233611,3,1,0,0,1,1,0,3,2,1,0,1,0,"0000000",23,28,23,32,99,99,0,0,0,1,0
4,40339,1,1,0,1,1,1,1,13,370,3,5,2016,3,15,46,0,2,3,4,6,"24TH ST","",0,99.9999,999.9999,0,8,0,0,1,1,0,1,1,98,0,98,0,"0000000",99,99,99,99,88,88,0,0,0,1,0
4,40340,6,6,0,0,0,8,8,13,370,5,5,2016,5,4,23,0,2,3,4,6,"THOMAS RD","59TH AVE",0,33.48050278,-112.18635833,0,12,99,0,2,2,0,1,6,98,0,98,0,"0000000",99,99,99,99,99,99,0,0,0,1,0
4,40341,1,1,0,1,1,1,1,13,370,5,5,2016,5,21,42,1,2,3,4,6,"INDIAN SCHOOL RD","",0,99.9999,999.9999,0,8,0,0,1,1,0,1,6,98,0,98,0,"0000000",99,99,99,99,99,99,16,0,0,1,0
4,40342,1,1,0,1,1,1,1,13,370,9,5,2016,2,5,9,0,2,4,4,6,"MCDOWELL RD","",0,33.46594722,-112.14291111,0,8,0,0,1,1,0,1,3,1,0,1,0,"0000000",5,11,5,15,5,30,0,0,0,1,0
4,40343,1,1,0,1,1,1,1,13,370,12,5,2016,5,0,7,0,2,3,4,6,"19TH AVE","",0,99.9999,999.9999,0,9,0,0,1,1,0,1,6,98,0,98,0,"0000000",99,99,99,99,88,88,0,0,0,1,0
4,40344,1,1,0,1,1,1,1,13,370,14,5,2016,7,2,16,0,2,4,4,6,"43RD AVE","",0,99.9999,999.9999,0,8,0,0,1,1,0,1,6,98,0,98,0,"0000000",99,99,99,99,99,99,0,0,0,1,0
4,40345,1,1,0,1,1,1,1,13,370,20,5,2016,6,3,10,0,2,4,4,6,"BROADWAY RD","",0,99.9999,999.9999,0,8,0,0,1,1,0,1,6,98,0,98,0,"0000000",99,99,99,99,99,99,0,0,0,1,0
4,40346,3,3,0,0,0,4,4,13,370,20,5,2016,6,12,42,1,2,3,4,6,"7TH ST","BETHANY HOME RD",0,33.52376111,-112.065,0,12,6,0,2,2,0,1,1,98,0,98,0,"0000000",99,99,99,99,99,99,0,0,0,1,0
4,40347,1,1,0,0,0,1,1,13,370,31,5,2016,3,1,33,0,2,4,4,6,"MCDOWELL RD","38TH DR",0,33.46605556,-112.14119722,0,40,0,0,3,3,0,4,3,1,0,1,0,"0000000",1,38,1,41,88,88,20,0,0,1,0
4,40348,3,3,0,0,0,3,3,19,0,7,5,2016,7,7,40,0,2,3,2,4,"CR-INA RD","FIRENZE DR",0,32.33693056,-110.96959444,0,33,0,0,3,3,0,3,1,1,0,1,0,"0000000",7,44,7,50,8,17,0,0,0,1,0
4,40349,1,1,0,0,0,1,1,13,290,1,6,2016,4,19,4,0,2,3,4,6,"BROADWAY RD","",0,33.40763333,-111.86138056,0,33,0,0,1,1,0,4,3,1,0,1,0,"0000000",19,4,19,11,19,27,0,0,0,1,0
4,40350,2,2,0,1,1,6,6,13,370,3,6,2016,6,13,52,1,2,1,1,1,"I-17","",2072,33.55658611,-112.112825,0,8,0,1,18,1,0,1,1,1,0,1,0,"0000000",13,52,13,57,16,8,14,0,0,1,0
4,40351,1,1,0,1,1,2,2,13,370,4,6,2016,7,1,5,0,2,3,4,6,"35TH AVE","",0,33.539975,-112.13432778,0,8,0,0,1,1,0,1,3,1,0,1,0,"0000000",1,6,1,13,1,28,0,0,0,1,0
4,40352,1,1,0,1,1,1,1,19,0,4,6,2016,7,2,38,1,1,1,1,1,"I-10","",2955,31.96775,-110.46694444,0,8,0,0,1,1,0,1,2,1,0,1,0,"0000000",2,38,2,50,88,88,23,0,0,1,0
4,40353,1,1,0,1,1,1,1,19,530,4,6,2016,7,20,22,0,2,4,4,6,"PRINCE RD","",0,32.27224167,-110.94133611,0,8,0,0,1,1,0,1,2,1,0,1,0,"0000000",99,99,99,99,99,99,0,0,0,1,0
4,40354,2,2,0,0,0,6,6,13,370,5,6,2016,1,11,27,0,2,3,4,6,"THOMAS RD","",0,33.48053611,-112.160375,0,12,8,0,1,1,0,1,1,1,0,1,0,"0000000",11,30,11,35,11,46,0,0,0,1,1
4,40355,1,1,0,0,0,1,1,17,0,5,6,2016,1,11,34,1,1,1,1,1,"I-40","",3024,34.99785278,-109.91641944,0,1,0,0,1,1,0,3,1,1,0,1,0,"0000000",11,40,11,50,88,88,0,0,0,1,0
4,40356,1,1,0,1,1,1,1,13,190,7,6,2016,3,5,32,0,2,4,3,5,"HIGLEY RD","",0,33.25126111,-111.72070833,0,9,0,0,1,1,0,4,1,1,0,1,0,"0000000",5,33,5,39,88,88,0,0,0,1,0
4,40358,2,2,0,0,0,2,2,25,0,7,6,2016,3,9,2,1,1,1,1,1,"I-17","",482,34.05472778,-112.14655556,0,12,6,1,18,1,0,1,1,1,0,1,0,"0000000",9,6,9,10,99,99,0,0,0,1,0
4,40359,1,1,0,1,1,1,1,19,530,7,6,2016,3,22,20,0,2,3,4,6,"6TH AVE","",0,32.1654,-110.96818056,0,8,0,0,1,1,0,1,3,1,0,1,0,"0000000",22,21,22,25,23,10,0,0,0,1,0
4,40360,1,1,0,1,1,1,1,19,530,10,6,2016,6,14,6,0,2,3,4,6,"PRINCE RD","1ST AVE",0,32.27203333,-110.96108611,0,9,0,0,2,2,0,1,1,10,0,10,0,"0000000",14,7,14,16,88,88,0,0,0,1,0
4,40361,2,2,0,0,0,6,6,5,0,10,6,2016,6,12,30,1,1,3,1,2,"US-160","",15,36.08356111,-111.36798056,3,12,2,0,1,1,0,1,1,1,0,1,0,"0000000",12,32,12,40,13,43,0,0,0,2,0
4,40362,2,2,0,0,0,2,2,25,0,11,6,2016,7,8,0,0,1,4,1,3,"SR-169","",58,34.539175,-112.14767222,0,12,2,0,1,1,0,1,1,1,0,1,0,"0000000",8,0,8,11,99,99,0,0,0,1,0
4,40363,3,3,0,0,0,4,4,25,0,12,6,2016,1,12,25,1,1,3,1,2,"US-93","",1690,34.29971389,-113.11793611,0,12,2,0,1,1,0,1,1,1,0,1,0,"0000000",12,45,13,7,99,99,0,0,0,2,0
4,40364,2,2,0,0,0,4,4,17,0,13,6,2016,2,10,8,0,1,5,1,2,"US-163","",219,36.98069444,-110.18342778,3,12,6,0,1,1,0,1,1,1,0,1,0,"0000000",10,13,10,34,11,55,0,0,0,2,0
4,40365,1,1,0,0,0,1,1,15,0,13,6,2016,2,17,0,0,1,7,66,8,"NPS 1045","",0,36.24136944,-113.2289,1,17,0,0,1,1,0,4,1,1,0,1,0,"0000000",88,88,88,88,88,88,6,0,0,1,0
4,40366,1,1,0,1,1,2,2,19,530,13,6,2016,2,20,24,0,2,3,4,6,"VALENCIA RD","",0,32.13388056,-110.99955,0,8,0,0,1,1,0,1,3,1,0,1,0,"0000000",20,24,20,26,20,53,0,0,0,1,0
4,40367,3,3,0,0,0,6,6,25,373,14,6,2016,3,15,8,0,2,4,3,5,"GLASSFORD HILL RD","CENTRE CT",0,34.58646944,-112.34078056,0,12,6,0,2,3,0,1,1,1,0,1,0,"0000000",99,99,99,99,99,99,0,0,0,1,0
4,40368,1,1,0,1,1,1,1,19,530,14,6,2016,3,20,15,0,2,5,2,4,"CR-BENSON HWY","",0,32.153,-110.919075,0,8,0,0,1,1,0,1,2,1,0,1,0,"0000000",20,15,20,18,20,35,0,0,0,1,0
4,40369,2,2,0,0,0,2,2,19,0,14,6,2016,3,21,10,0,1,5,2,4,"CR-TRICO MARANA RD","CR-TRICO RD",0,32.45116389,-111.30427222,0,12,6,0,2,2,0,1,1,1,0,1,0,"0000000",21,10,21,15,88,88,0,0,0,1,0
4,40370,2,2,0,0,0,2,2,19,530,15,6,2016,4,6,18,0,2,3,4,6,"SPEEDWAY BLVD","MAIN AVE",0,32.23591111,-110.97795278,0,12,99,0,2,2,0,1,1,1,0,1,0,"0000000",6,18,6,22,6,41,0,0,0,1,0
4,40371,1,1,0,0,0,1,1,19,0,16,6,2016,5,16,33,0,2,3,2,4,"CR- LA CHOLLA BLVD","",0,32.37281389,-111.01268889,0,33,0,0,1,1,0,4,1,1,0,1,0,"0000000",16,34,16,39,88,88,0,0,0,1,1
4,40372,1,1,0,1,1,1,1,19,530,16,6,2016,5,23,5,0,2,3,4,6,"GRANT RD","MOUNTAIN VIEW AVE",0,32.25057778,-110.89052222,0,8,0,0,2,2,0,1,3,1,0,1,0,"0000000",23,5,23,9,88,88,0,0,0,1,1
4,40373,4,4,0,0,0,8,8,12,0,17,6,2016,6,3,11,1,1,1,1,1,"I-10","",343,33.65498333,-113.95686111,0,12,1,0,1,1,0,1,2,1,0,1,0,"0000000",3,13,3,26,5,41,27,0,0,2,0
4,40374,2,2,0,0,0,4,4,13,0,17,6,2016,6,21,31,1,1,1,1,1,"I-10","",946,33.49581667,-112.92931667,0,12,2,0,1,1,0,1,2,1,0,1,0,"0000000",21,31,21,35,22,56,0,0,0,3,1
4,40375,2,2,0,0,0,3,3,19,530,18,6,2016,7,8,25,0,2,7,99,9,"AEROSPACE PKWY","",0,32.09025556,-110.95406389,0,12,99,0,1,1,0,1,1,1,0,1,0,"0000000",8,25,8,35,99,99,0,0,0,2,0
4,40376,1,1,0,0,0,2,2,5,0,20,6,2016,2,20,24,0,1,4,1,3,"SR-89A","",580,34.89887222,-111.73181944,0,35,0,0,1,1,0,4,2,1,0,1,0,"0000000",20,24,20,32,22,1,0,0,0,1,1
4,40377,1,1,0,0,0,4,4,13,0,24,6,2016,6,13,25,1,1,1,1,1,"I-10","",899,33.50994167,-113.00826111,0,1,0,0,1,1,0,3,1,1,0,1,0,"0000000",13,25,13,47,14,30,0,0,0,2,0
4,40379,3,3,0,0,0,4,4,19,530,26,6,2016,1,20,41,0,2,4,4,6,"HARRISON RD","29TH ST",0,32.19914167,-110.78980833,0,12,1,0,3,2,0,1,3,10,0,10,0,"0000000",20,41,20,41,20,58,0,0,0,1,0
4,40381,4,4,0,0,0,12,12,5,0,27,6,2016,2,10,40,0,1,5,1,3,"SR-98","",381,36.61229444,-111.07258611,3,1,0,0,1,1,0,1,1,1,0,1,0,"0000000",10,50,11,29,12,30,0,0,0,2,0
4,40382,1,1,0,0,0,1,1,19,0,5,7,2016,3,6,33,0,1,5,2,4,"CR-KINNEY RD","",0,32.24628333,-111.17873056,0,35,0,0,1,1,0,4,1,1,0,1,0,"0000000",6,35,6,49,7,35,0,0,0,1,1
4,40383,1,1,0,0,0,3,3,3,0,28,6,2016,3,22,41,1,1,1,1,1,"I-10","",3024,31.96318611,-110.35359722,0,1,0,1,18,1,0,1,3,10,0,10,0,"0000000",22,42,22,50,99,99,0,0,0,2,0
4,40384,2,2,0,0,0,2,2,13,370,29,6,2016,4,20,2,0,2,3,4,6,"35TH AVE","",0,33.65628889,-112.13446111,0,12,6,0,8,1,0,1,3,1,0,1,0,"0000000",99,99,99,99,99,99,0,0,0,1,0
4,40385,8,8,0,0,0,11,11,13,370,30,6,2016,5,18,51,1,2,2,1,3,"SR-51","",83,33.56592778,-112.03081944,0,12,7,0,1,1,0,1,1,10,0,10,0,"0000000",18,52,19,4,88,88,23,0,0,1,0
4,40386,2,2,0,0,0,5,5,13,290,3,6,2016,6,4,53,1,2,2,1,3,"SR-202","",216,33.47812222,-111.71039722,0,12,1,0,1,1,0,1,4,1,0,1,0,"0000000",4,56,5,5,5,30,0,0,0,1,0
4,40387,1,1,0,1,1,1,1,13,370,3,6,2016,6,22,41,1,2,1,1,1,"I-17","",272,33.758525,-112.12723889,0,8,0,0,1,1,0,1,3,1,0,1,0,"0000000",22,29,22,34,88,88,0,0,0,1,0
4,40389,1,1,0,1,1,1,1,13,290,20,6,2016,2,20,52,0,2,4,4,6,"BROADWAY RD","",0,33.40781667,-111.64801389,0,8,0,0,1,1,0,1,3,1,0,1,0,"0000000",20,52,21,0,88,88,0,0,0,1,0
4,40391,1,1,0,0,0,1,1,19,0,5,6,2016,1,17,34,1,2,5,1,1,"I-10 RAMP","",2814,32.01000833,-110.69390278,0,38,0,1,5,1,0,4,1,1,0,1,0,"0000000",17,36,17,50,88,88,0,0,0,1,0
4,40392,1,1,0,0,0,1,1,13,200,8,6,2016,4,20,46,1,2,2,1,3,"SR-101","",150,33.66270833,-112.23121111,0,35,0,0,1,1,0,3,3,10,0,10,0,"0000000",20,48,20,52,21,17,0,0,0,1,0
4,40393,1,1,0,1,1,1,1,13,420,13,6,2016,2,2,54,1,2,2,1,3,"SR-101","",413,33.56315,-111.88674444,3,8,0,1,18,1,1,1,3,1,0,1,0,"0000000",2,54,3,5,3,27,0,0,0,1,0
4,40394,2,2,0,0,0,3,3,15,0,13,6,2016,2,3,10,1,1,3,1,2,"US-93","",1209,34.79827222,-113.624425,3,12,2,0,1,1,0,1,2,1,0,1,0,"0000000",3,10,4,0,99,99,0,0,0,1,0
4,40395,1,1,0,0,0,1,1,21,0,14,6,2016,3,14,40,1,1,1,1,1,"I-10","",2214,32.63569722,-111.37687778,0,41,0,0,1,1,0,3,1,1,0,1,0,"0000000",14,43,14,46,88,88,0,0,0,1,0
4,40396,7,7,0,0,0,20,20,25,0,19,6,2016,1,12,14,1,1,1,1,1,"I-10","",3000,34.70083056,-111.74336111,0,12,99,0,1,1,0,1,1,1,0,1,0,"0000000",12,13,12,32,13,54,23,26,0,1,0
4,40397,1,1,0,0,0,2,2,13,490,19,6,2016,1,22,7,0,2,3,4,6,"WARNER RD","BECK AVE",0,33.33466389,-111.95853333,0,33,0,0,3,3,0,4,3,1,0,1,0,"0000000",22,8,22,12,22,27,0,0,0,1,1
4,40399,2,2,0,0,0,3,3,13,0,21,6,2016,3,20,40,1,2,1,1,1,"I-10","",1658,33.24399722,-111.93909167,3,12,7,0,1,1,0,1,2,1,0,1,0,"0000000",20,45,20,56,88,88,0,0,0,1,0
4,40400,2,2,0,0,0,2,2,13,490,24,6,2016,6,9,23,0,2,3,4,6,"BROADWAY RD","",0,33.40741944,-111.94655278,0,12,6,0,8,1,0,1,1,1,0,1,0,"0000000",9,24,9,29,9,48,0,0,0,1,0
4,40401,2,2,0,0,0,3,3,7,210,27,6,2016,2,11,3,1,2,3,1,2,"US-70","",9,33.38418889,-110.75660278,0,12,2,0,1,1,0,1,1,1,0,1,0,"0000000",11,3,11,8,12,17,0,0,0,2,0
4,40402,3,3,0,0,0,3,3,21,22,29,6,2016,4,18,33,1,2,2,1,2,"US-60","",1645,33.38653056,-111.55524444,0,12,1,0,1,1,0,1,1,10,0,10,0,"0000000",18,33,18,33,99,99,19,27,0,1,1
4,40403,1,1,0,0,0,3,3,7,0,10,6,2016,6,17,7,0,1,5,62,8,"BIA 170 OLD SAN CARLOS RD","",0,33.36423056,-110.60918889,3,59,0,0,1,1,0,4,1,2,0,2,0,"0000000",99,99,99,99,99,99,0,0,0,1,1
4,40404,1,1,0,1,1,1,1,13,370,3,6,2016,6,9,25,0,2,4,4,6,"MCDOWELL RD","31ST AVE",0,33.46599722,-112.12571389,0,8,0,0,3,2,0,1,1,1,0,1,0,"0000000",9,25,9,30,9,44,0,0,0,1,0
4,40405,1,1,0,0,0,2,2,17,0,4,6,2016,7,18,27,0,1,7,98,8,"RAM RANCH RD","",0,99.9999,999.9999,3,1,0,0,1,1,0,4,1,1,0,1,0,"0000000",99,99,99,99,99,99,0,0,0,1,1
4,40406,1,1,0,1,1,1,1,13,370,7,6,2016,3,20,38,0,2,4,4,6,"27TH AVE","",0,33.54198889,-112.11699444,0,8,0,0,1,1,0,1,3,1,0,1,0,"0000000",20,39,20,42,20,53,0,0,0,1,0
4,40407,3,3,0,0,0,4,4,13,370,9,6,2016,5,4,14,1,2,3,4,6,"CAVE CREEK RD","GREENWAY PKWY",0,33.63183056,-112.03091111,0,12,99,0,2,2,0,1,6,98,0,98,0,"0000000",99,99,99,99,99,99,0,0,0,1,0
4,40408,2,2,0,0,0,8,8,13,189,10,6,2016,6,15,33,0,1,4,1,3,"SR-85","",2,32.9442,-112.73504167,0,12,2,0,1,1,0,1,1,1,0,1,0,"0000000",15,43,16,25,16,51,0,0,0,2,0
4,40409,1,1,0,1,1,1,1,13,370,11,6,2016,7,0,6,0,2,5,4,6,"ROOSEVELT ST","",0,33.45865833,-112.03771944,0,9,0,0,1,1,0,1,3,1,0,1,0,"0000000",0,8,0,11,0,18,0,0,0,1,0
4,40410,1,1,0,0,0,1,1,13,370,11,6,2016,7,2,22,0,2,4,4,6,"NORTHERN AVE","",0,33.5531,-112.14317778,0,38,0,0,1,1,0,5,6,98,0,98,0,"0000000",99,99,99,99,88,88,0,0,0,1,1
4,40411,1,1,0,0,0,3,3,13,370,11,6,2016,7,22,53,1,2,3,4,6,"BELL RD","",0,33.64044444,-112.01966389,0,43,0,0,1,1,0,4,6,98,0,98,0,"0000000",99,99,99,99,99,99,0,0,0,1,1
4,40412,1,1,0,0,0,1,1,13,370,12,6,2016,1,19,32,1,2,3,4,6,"CAVE CREEK RD","",0,33.62934722,-112.030625,0,42,0,0,1,1,0,4,1,1,0,1,0,"0000000",19,34,19,39,19,55,0,0,0,1,1
4,40413,2,2,0,0,0,2,2,13,370,13,6,2016,2,8,59,0,2,4,4,6,"59TH AVE","CAMPBELL AVE",0,33.5024,-112.18633611,0,1,0,0,3,2,0,1,1,98,0,98,0,"0000000",99,99,99,99,99,99,0,0,0,1,0
4,40414,1,1,0,1,1,1,1,13,370,14,6,2016,3,21,16,0,2,3,4,6,"35TH AVE","",0,99.9999,999.9999,0,8,0,0,1,1,0,1,6,98,0,98,0,"0000000",99,99,99,99,99,99,0,0,0,1,0
4,40415,4,4,0,0,0,9,9,13,370,15,6,2016,4,13,51,0,2,3,4,6,"35TH AVE","CACTUS RD",0,33.59646111,-112.13395833,0,12,8,0,3,2,0,1,1,98,0,98,0,"0000000",99,99,99,99,99,99,0,0,0,1,0
4,40416,1,1,0,0,0,2,2,13,370,18,6,2016,7,1,22,0,2,4,4,6,"43RD AVE","",0,33.47019444,-112.15175556,0,5,0,0,1,1,0,1,6,98,0,98,0,"0000000",99,99,99,99,88,88,0,0,0,1,1
4,40417,2,2,0,0,0,3,3,13,370,18,6,2016,7,21,32,0,2,3,4,6,"HAPPY VALLEY RD","",0,33.71282222,-112.141525,0,12,6,0,8,1,0,1,6,98,0,98,0,"0000000",99,99,99,99,99,99,0,0,0,1,0
4,40418,1,1,0,0,0,4,4,13,0,19,6,2016,1,0,39,0,1,7,98,8,"HORSESHOE DAM RD","",0,33.917925,-111.73066389,0,35,0,0,1,1,0,4,2,1,0,1,0,"0000000",0,42,1,6,2,28,0,0,0,1,1
4,40419,3,3,0,0,0,3,3,13,200,21,6,2016,3,16,16,0,2,4,4,6,"PEORIA AVE","",0,33.58194722,-112.187825,0,12,6,0,8,1,0,1,1,1,0,1,0,"0000000",16,17,16,19,16,46,0,0,0,1,1
4,40420,2,2,0,0,0,2,2,13,60,22,6,2016,4,14,4,1,2,3,2,4,"CR-MC 85","",0,33.39882222,-112.43991944,0,12,2,0,1,1,0,1,1,1,0,1,0,"0000000",14,4,14,15,14,50,0,0,0,1,0
4,40421,1,1,0,1,1,1,1,19,295,23,6,2016,5,19,44,0,2,3,3,5,"INA RD","MEREDITH BLVD",0,32.33758333,-111.043625,0,8,0,0,3,2,0,1,6,98,0,98,0,"0000000",99,99,99,99,99,99,0,0,0,1,0
4,40422,1,1,0,1,1,2,2,13,370,25,6,2016,7,21,34,0,2,4,4,6,"83RD AVE","",0,99.9999,999.9999,0,8,0,0,1,1,0,1,6,98,0,98,0,"0000000",99,99,99,99,99,99,0,0,0,1,0
4,40423,2,2,0,0,0,2,2,13,0,26,6,2016,1,11,14,0,2,3,1,2,"US-60X MAIN ST","81ST ST",0,33.41515,-111.65658056,0,12,6,0,2,2,0,1,1,1,0,1,0,"0000000",11,13,11,17,11,40,0,0,0,1,1
4,40424,2,2,0,0,0,2,2,13,370,27,6,2016,2,4,15,0,2,3,4,6,"19TH AVE","PINNACLE PEAK RD",0,33.69830278,-112.09998889,0,12,99,0,2,2,0,1,6,98,0,98,0,"0000000",99,99,99,99,99,99,0,0,0,1,0
4,40425,1,1,0,0,0,1,1,13,0,28,6,2016,3,11,1,0,1,5,2,4,"CR-MARICOPA RD","",0,32.99687778,-112.42608056,0,35,0,0,1,1,0,4,1,1,0,1,0,"0000000",11,1,11,20,88,88,0,0,0,1,0
4,40426,2,2,0,0,0,2,2,13,370,30,6,2016,5,17,9,0,2,4,4,6,"NORTHERN AVE","",0,33.55524444,-112.04464722,0,12,6,0,8,1,0,1,1,98,0,98,0,"0000000",99,99,99,99,99,99,0,0,0,1,0
4,40427,2,2,0,0,0,3,3,13,370,30,6,2016,5,19,35,0,2,4,4,6,"SOUTHERN AVE","13TH AVE",0,33.39222222,-112.08837222,0,12,2,0,2,2,0,1,3,1,0,1,0,"0000000",19,35,19,38,99,99,0,0,0,1,0
4,40428,2,2,0,0,0,2,2,19,295,2,7,2016,7,2,46,0,2,3,3,5,"THORNYDALE RD","",0,32.32507222,-111.04579167,0,12,99,0,1,1,0,1,3,1,0,1,0,"0000000",2,49,2,54,88,88,0,0,0,2,2
4,40429,1,1,0,1,1,2,2,5,170,2,7,2016,7,22,25,1,2,1,1,1,"I-40","",1982,35.193875,-111.6193,0,8,0,1,18,1,0,1,3,10,0,10,0,"0000000",22,25,22,35,99,99,0,0,0,1,0
4,40430,1,1,0,0,0,4,4,17,0,3,7,2016,1,15,47,0,1,5,1,3,"SR-87","",2313,35.05056944,-110.59714444,0,1,0,0,1,1,0,4,1,1,0,1,0,"0000000",15,41,15,55,16,29,0,0,0,1,0
4,40431,1,1,0,0,0,3,3,19,530,4,7,2016,2,16,9,0,2,7,98,6,"PLACITA DEL JUBILO S","",0,32.19765,-110.99851389,0,5,0,0,1,1,0,1,1,10,0,10,0,"0000000",16,6,16,10,16,30,0,0,0,1,0
4,40432,1,1,0,0,0,1,1,19,0,5,7,2016,3,3,1,0,2,3,2,4,"CR-SWAN RD","",0,32.29432778,-110.89293333,0,1,0,0,1,1,0,3,3,1,0,1,0,"0000000",3,4,3,8,88,88,0,0,0,1,1
4,40433,1,1,0,0,0,2,2,19,0,5,7,2016,3,14,44,1,1,1,1,1,"I-10","",2939,31.97374167,-110.49367222,0,42,0,0,1,1,0,4,1,1,0,1,0,"0000000",14,44,14,56,88,88,0,0,0,2,0
4,40434,3,3,0,0,0,9,9,13,370,10,7,2016,1,1,57,1,2,1,1,1,"I-17","",69,33.46688333,-112.11043056,0,12,7,0,1,1,0,1,3,1,0,1,0,"0000000",1,57,2,2,2,30,0,0,0,1,1
4,40435,1,1,0,0,0,5,5,13,370,10,7,2016,1,3,0,1,2,1,1,1,"I-10 RAMP","",1430,33.46134167,-112.11050556,0,25,0,1,5,1,0,4,3,1,0,1,0,"0000000",3,7,3,15,99,99,0,0,0,1,0
4,40437,1,1,0,1,1,1,1,19,530,11,7,2016,2,7,5,0,2,4,4,6,"FORT LOWELL RD","MOUNTAIN AVE",0,32.26486944,-110.95238611,0,9,0,0,2,2,0,1,1,1,0,1,0,"0000000",99,99,99,99,99,99,0,0,0,1,0
4,40438,1,1,0,0,0,9,9,13,60,11,7,2016,2,11,0,1,2,1,1,1,"I-10","",1159,33.43894444,-112.57373333,0,1,0,0,1,1,0,3,1,1,0,1,0,"0000000",11,2,11,7,12,0,0,0,0,2,0
4,40439,2,2,0,0,0,4,4,13,190,11,7,2016,2,13,34,0,2,3,3,5,"RAY RD","RECKER RD",0,33.32156389,-111.70402778,0,12,6,0,2,2,0,1,1,1,0,1,0,"0000000",13,35,13,55,14,9,0,0,0,1,0
4,40440,2,2,0,0,0,2,2,19,530,11,7,2016,2,22,51,0,2,3,4,6,"SWAN RD","HOLMES ST",0,32.22711111,-110.89246667,0,12,6,0,2,3,0,1,3,1,0,1,0,"0000000",23,0,23,4,23,19,20,0,0,1,1
4,40442,1,1,0,0,0,1,1,5,0,12,7,2016,3,15,30,1,1,1,1,1,"I-40","",1878,35.213975,-111.78033611,0,1,0,0,1,1,0,3,1,1,0,1,0,"0000000",15,34,15,48,16,40,0,0,0,1,0
4,40443,1,1,0,0,0,1,1,5,170,12,7,2016,3,19,39,0,2,5,4,6,"LOCKETT RD","4TH ST",0,35.21834722,-111.61329722,0,33,0,0,3,2,0,4,1,1,0,1,0,"0000000",19,40,19,45,88,88,0,0,0,1,0
4,40444,2,2,0,0,0,3,3,13,220,14,7,2016,5,18,31,0,2,3,4,6,"INDIAN SCHOOL RD","LITCHFIELD RD",0,33.48588611,-112.36246944,0,12,6,0,2,2,0,1,1,1,0,1,0,"0000000",18,32,18,33,18,47,0,0,0,1,0
4,40446,2,1,1,1,1,1,1,13,0,15,7,2016,6,14,1,1,1,3,1,2,"US-60","",874,33.88299722,-112.65769444,0,8,0,0,1,1,0,2,1,1,0,1,0,"0000000",14,1,14,13,88,88,23,0,0,1,0