"STATE","ST_CASE","VE_TOTAL","VE_FORMS","PVH_INVL","PEDS","PERNOTMVIT","PERMVIT","PERSONS","COUNTY","CITY","DAY","MONTH","YEAR","DAY_WEEK","HOUR","MINUTE","NHS","RUR_URB","FUNC_SYS","RD_OWNER","ROUTE","TWAY_ID","TWAY_ID2","MILEPT","LATITUDE","LONGITUD","SP_JUR","HARM_EV","MAN_COLL","RELJCT1","RELJCT2","TYP_INT","WRK_ZONE","REL_ROAD","LGT_COND","WEATHER1","WEATHER2","WEATHER","SCH_BUS","RAIL","NOT_HOUR","NOT_MIN","ARR_HOUR","ARR_MIN","HOSP_HR","HOSP_MN","CF1","CF2","CF3","FATALS","DRUNK_DR"
4,40692,2,2,0,0,0,3,3,21,0,16,8,2016,3,8,29,0,2,4,2,4,"CR-HUNT HWY","",0,33.15963333,-111.56155278,0,12,6,0,8,1,0,1,1,1,0,1,0,"0000000",8,35,8,56,9,28,0,0,0,1,0
4,40693,2,2,0,0,0,2,2,19,0,3,10,2016,2,8,50,1,2,3,1,3,"SR-77","CASAS ADOBES DR",61,32.32731389,-110.97578333,0,12,6,0,2,2,0,1,1,1,0,1,0,"0000000",8,50,8,55,9,3,0,0,0,1,0
4,40694,1,1,0,0,0,1,1,25,0,24,10,2016,2,16,0,0,1,5,2,4,"CR-IRON SPRINGS RD","",0,34.58968611,-112.58079167,0,35,0,0,1,1,0,4,1,1,0,1,0,"0000000",99,99,99,99,99,99,0,0,0,1,0
4,40695,2,2,0,3,3,3,3,21,0,8,10,2016,7,22,39,0,1,4,2,4,"CR-IRONWOOD DR","",0,33.33870833,-111.56351389,0,8,0,0,1,1,0,1,2,1,0,1,0,"0000000",22,43,22,55,99,99,19,0,0,1,1
4,40697,2,2,0,0,0,3,3,13,490,7,10,2016,6,9,0,0,2,3,4,6,"BROADWAY RD","",0,33.40757222,-111.91618889,0,12,1,0,1,1,0,1,1,1,0,1,0,"0000000",9,0,9,5,9,27,0,0,0,1,0
4,40698,2,2,0,0,0,3,3,13,490,17,10,2016,2,7,51,0,2,3,4,6,"48TH ST","ALAMEDA DR",0,33.40003333,-111.97829167,0,12,6,0,2,2,0,1,1,1,0,1,0,"0000000",7,51,7,58,8,49,0,0,0,2,1
4,40699,2,2,0,0,0,3,3,13,370,23,10,2016,1,5,22,0,2,3,4,6,"35TH AVE","",0,33.45252778,-112.13451944,0,12,2,0,1,1,0,1,3,1,0,1,0,"0000000",99,99,99,99,99,99,0,0,0,1,1
4,40700,1,1,0,2,2,1,1,13,80,1,10,2016,7,7,29,1,2,3,4,3,"SR-87 ARIZONA AVE","",0,33.27016389,-111.8413,0,9,0,0,1,1,0,4,1,1,0,1,0,"0000000",7,30,7,36,7,51,0,0,0,1,0
4,40701,1,1,0,0,0,2,2,1,0,7,10,2016,6,18,20,9,9,99,99,9,"UNKNOWN RD","",0,99.9999,999.9999,3,1,0,0,99,99,0,99,9,98,0,98,0,"0000000",99,99,99,99,99,99,0,0,0,1,0
4,40702,2,2,0,0,0,3,3,13,370,12,10,2016,4,17,17,0,2,4,4,6,"UNION HILLS DR","",0,33.65456389,-112.16919167,0,12,7,0,1,1,0,1,1,1,0,1,0,"0000000",17,17,17,23,17,52,0,0,0,1,0
4,40703,2,2,0,0,0,5,5,13,200,14,10,2016,6,19,34,0,2,3,4,6,"CAMELBACK RD","59TH AVE",0,33.50955833,-112.18635278,0,12,99,0,2,2,0,1,9,98,0,98,0,"0000000",99,99,99,99,99,99,0,0,0,2,1
4,40704,1,1,0,0,0,2,2,13,200,15,10,2016,7,99,99,0,2,4,1,2,"US-60 CROSSOVER 67TH AVE","",0,33.55021667,-112.20323611,0,33,0,1,19,1,0,4,9,98,0,98,0,"0000000",99,99,99,99,99,99,0,0,0,1,1
4,40705,1,1,0,1,1,1,1,1,0,12,3,2016,7,23,12,0,1,5,1,2,"US-191","",4467,36.162575,-109.58399167,3,8,0,0,1,1,0,1,6,98,0,98,0,"0000000",99,99,99,99,88,88,0,0,0,1,0
4,40706,1,1,0,0,0,3,3,5,0,11,8,2016,5,3,41,0,1,7,1,2,"US-89X BIA 20 COPPERMINE RD","",240,36.6193,-111.43605,3,99,0,0,1,1,0,99,6,98,0,98,0,"0000000",99,99,99,99,99,99,0,0,0,2,0
4,40707,2,2,0,0,0,3,3,1,0,2,9,2016,6,7,30,0,1,5,62,8,"BIA 64","",0,99.9999,999.9999,3,12,99,0,99,99,0,1,1,98,0,98,0,"0000000",99,99,99,99,99,99,0,0,0,2,0
4,40708,2,2,0,0,0,2,2,13,370,1,11,2016,3,3,11,1,2,2,1,3,"SR-101","",206,33.66967222,-112.13795,0,12,2,1,18,1,0,1,3,1,0,1,0,"0000000",3,13,3,18,88,88,0,0,0,2,2
4,40709,1,1,0,0,0,1,1,13,370,1,11,2016,3,11,5,0,2,4,4,6,"16TH ST","UNIVERSITY DR",0,33.42412222,-112.04778056,0,1,0,0,2,3,0,1,1,1,0,1,0,"0000000",99,99,99,99,99,99,0,0,0,1,0
4,40710,2,2,0,1,1,1,1,1,0,1,11,2016,3,19,55,1,1,1,1,1,"I-40","",3096,35.04634444,-109.80605556,1,12,7,0,1,1,0,1,2,10,0,10,0,"0000000",19,56,20,22,88,88,23,0,0,1,0
4,40711,2,2,0,1,1,2,2,13,80,3,11,2016,5,5,59,1,2,3,4,3,"SR-87 ARIZONA AVE","PALOMINO DR",1693,33.34363056,-111.84174722,0,8,0,0,3,2,0,1,3,10,0,10,0,"0000000",5,59,6,4,6,18,0,0,0,1,0
4,40712,1,1,0,0,0,2,2,3,0,4,11,2016,6,10,3,1,1,3,1,3,"SR-80","",669,31.35760278,-109.63583333,0,41,0,0,1,1,0,4,1,1,0,1,0,"0000000",9,59,10,6,10,38,0,0,0,1,0
4,40713,2,2,0,0,0,2,2,19,0,5,11,2016,7,14,26,1,2,3,1,3,"SR-77 ORACLE RD","ORANGE GROVE RD",58,32.32277222,-110.97471944,0,12,6,0,2,2,0,1,1,1,0,1,0,"0000000",14,26,14,29,14,48,0,0,0,1,0
4,40714,3,3,0,0,0,6,6,13,290,7,11,2016,2,6,20,1,2,2,1,2,"US-60","",1475,33.38616389,-111.84231944,0,12,7,1,18,1,0,1,3,1,0,1,0,"0000000",6,22,6,30,88,88,14,28,0,1,0
4,40715,1,1,0,1,1,1,1,5,0,7,11,2016,2,3,35,1,1,1,1,1,"I-40","",2454,35.06641944,-110.83140278,0,8,0,1,18,1,0,1,2,1,0,1,0,"0000000",3,42,3,50,88,88,0,0,0,1,0
4,40716,3,3,0,0,0,4,4,13,200,7,11,2016,2,6,31,1,2,2,1,3,"SR-101","",168,33.66769167,-112.20696111,0,12,1,1,18,1,0,1,4,1,0,1,0,"0000000",6,31,6,35,6,58,0,0,0,1,0
4,40717,1,1,0,1,1,1,1,13,80,8,11,2016,3,9,0,1,2,3,1,3,"SR-87 ARIZONA AVE","SR-202 RAMP",1655,33.28676667,-111.84161111,0,15,0,1,3,2,0,1,1,1,0,1,0,"0000000",7,4,7,9,7,22,0,0,0,1,0
4,40719,1,1,0,1,1,1,1,13,370,8,11,2016,3,18,1,0,2,3,4,6,"GREENWAY RD","34TH ST",0,33.62623333,-112.008475,0,8,0,0,3,3,0,1,3,1,0,1,0,"0000000",99,99,99,99,99,99,0,0,0,1,0
4,40720,2,2,0,0,0,4,4,25,0,8,11,2016,3,23,59,1,1,3,1,2,"US-93","",1719,34.26556389,-113.09103611,0,12,2,0,1,1,0,1,2,1,0,1,0,"0000000",99,99,0,31,88,88,0,0,0,4,0
4,40722,1,1,0,0,0,1,1,13,490,9,11,2016,4,21,8,0,2,4,4,6,"SOUTHERN AVE","POTTER DR",0,33.39278611,-111.97229722,0,1,0,0,2,3,0,1,3,1,0,1,0,"0000000",21,8,21,13,88,88,0,0,0,1,1
4,40723,1,1,0,1,1,1,1,19,530,10,11,2016,5,22,56,0,2,3,4,6,"PRINCE RD","",0,32.27203889,-110.9919,0,8,0,0,1,1,0,1,3,1,0,1,0,"0000000",22,55,23,1,23,26,0,0,0,1,0
4,40724,1,1,0,1,1,8,8,25,82,11,11,2016,6,18,36,1,1,3,1,3,"SR-89","",751,34.83142222,-112.45988056,0,8,0,0,1,1,0,1,5,1,0,1,0,"0000000",18,38,18,47,88,88,0,0,0,1,0
4,40725,2,2,0,0,0,5,5,13,490,12,11,2016,7,19,53,0,2,3,4,6,"BROADWAY RD","48TH ST",0,33.40731667,-111.97828056,0,12,6,0,2,2,0,1,3,1,0,1,0,"0000000",19,53,20,4,20,18,0,0,0,1,1
4,40726,1,1,0,0,0,1,1,19,530,13,11,2016,1,0,56,0,2,3,1,3,"SR-86 AJO WAY","KOSTKA AVE",1172,32.17780556,-110.98915278,0,25,0,0,3,3,1,4,2,1,0,1,0,"0000000",0,56,1,1,1,9,0,0,0,1,0
4,40727,1,1,0,0,0,4,4,13,80,13,11,2016,1,6,33,1,2,2,1,3,"SR-202","",475,33.28715833,-111.84008333,0,1,0,1,19,1,0,4,4,1,0,1,0,"0000000",6,33,6,46,7,7,0,0,0,1,0
4,40728,1,1,0,1,1,1,1,5,170,13,11,2016,1,6,41,0,2,4,1,7,"I-40 FRONTAGE RDSOLIERE AVE","FOX LAIR DR",0,35.20324444,-111.60534444,0,8,0,0,3,3,0,1,4,1,0,1,0,"0000000",6,41,6,46,88,88,0,0,0,1,0
4,40729,1,1,0,0,0,1,1,5,0,14,11,2016,2,12,28,1,1,3,1,2,"US-89","",223,35.51685556,-111.54388611,0,17,0,0,1,1,0,4,1,1,0,1,0,"0000000",12,32,12,57,88,88,18,0,0,1,0
4,40730,1,1,0,0,0,2,2,5,0,14,11,2016,2,15,37,1,1,1,1,1,"I-40","",2188,35.16088333,-111.28165,0,41,0,1,19,1,0,10,1,1,0,1,0,"0000000",15,38,15,50,16,41,0,0,0,1,1
4,40731,2,2,0,1,1,3,3,13,370,16,11,2016,4,16,9,0,2,3,4,6,"19TH AVE","TURF PARADISE RD",0,33.63658056,-112.09979444,0,12,1,0,2,3,0,1,1,10,0,10,0,"0000000",99,99,99,99,99,99,0,0,0,1,0
4,40732,2,2,0,1,1,4,4,15,0,16,11,2016,4,17,5,1,1,1,1,1,"I-15","",133,36.92211111,-113.85619167,0,12,7,0,1,1,0,1,5,1,0,1,0,"0000000",17,6,17,15,17,20,19,23,0,1,0
4,40733,1,1,0,0,0,1,1,3,431,16,11,2016,4,20,23,0,2,3,1,3,"SR-92","",21,31.52412778,-110.25738611,0,42,0,0,1,1,0,4,2,1,0,1,0,"0000000",20,23,20,23,21,40,0,0,0,1,0
4,40734,1,1,0,0,0,1,1,5,590,17,11,2016,5,18,53,1,1,1,1,1,"I-40 RAMP","",1646,35.26152778,-112.15496111,0,18,0,1,5,1,0,4,2,1,0,1,0,"0000000",18,53,19,6,88,88,0,0,0,1,0
4,40735,4,4,0,0,0,4,4,13,490,18,11,2016,6,16,52,1,2,2,1,2,"US-60","",1411,33.38561944,-111.95218333,0,12,1,0,1,1,0,1,1,1,0,1,0,"0000000",16,54,17,1,17,23,28,0,0,1,0
4,40736,1,1,0,1,1,1,1,13,368,19,11,2016,7,4,40,1,2,3,1,2,"US-60 GRAND AVE","",1211,33.56834167,-112.22225833,0,8,0,0,1,1,0,1,2,1,0,1,0,"0000000",4,41,4,47,5,18,0,0,0,1,0
4,40737,2,2,0,0,0,3,3,13,370,23,11,2016,4,13,0,1,2,1,1,1,"I-17","",222,33.686925,-112.11237778,0,51,0,1,18,1,0,1,1,1,0,1,0,"0000000",13,1,13,1,88,88,14,0,0,1,0
4,40738,1,1,0,0,0,2,2,15,0,23,11,2016,4,15,27,0,1,7,98,5,"BURRO CREEK CROSSING RD","",0,34.61196111,-113.41146944,0,34,0,0,1,1,0,4,1,1,0,1,0,"0000000",15,27,16,41,99,99,0,0,0,1,0
4,40739,1,1,0,1,1,1,1,1,0,24,11,2016,5,3,15,1,1,3,1,2,"US-160","",1044,36.82078889,-109.87584167,3,8,0,0,1,1,0,1,2,1,0,1,0,"0000000",3,30,4,20,5,9,0,0,0,1,0
4,40740,2,2,0,0,0,15,15,13,220,25,11,2016,6,2,30,1,2,1,1,1,"I-10","",1256,33.46154722,-112.411175,0,12,2,1,18,1,0,1,3,1,0,1,0,"0000000",2,30,2,36,99,99,0,0,0,1,1
4,40741,1,1,0,1,1,3,3,13,368,25,11,2016,6,22,35,1,2,2,1,3,"SR-101","",105,33.60189444,-112.25426111,0,8,0,1,18,1,0,1,3,1,0,1,0,"0000000",22,35,22,40,22,56,16,0,0,1,0
4,40742,2,2,0,0,0,8,8,13,368,26,11,2016,7,17,57,0,2,4,4,6,"DEER VALLEY RD","87TH AVE",0,33.68166944,-112.24644444,0,12,6,0,2,2,0,1,3,1,0,1,0,"0000000",17,56,18,3,99,99,0,0,0,1,0
4,40743,1,1,0,0,0,2,2,25,0,30,11,2016,4,6,24,0,1,5,1,3,"SR-260","",243,34.50696944,-111.73117222,0,1,0,0,1,1,0,4,2,1,0,1,0,"0000000",6,24,6,45,99,99,0,0,0,1,0
4,40744,7,7,0,0,0,8,8,19,530,18,10,2016,3,8,1,1,2,1,1,1,"I-10","",2532,32.2883,-111.02421389,0,12,1,0,1,1,0,1,1,1,0,1,0,"0000000",8,2,8,6,8,30,14,26,0,3,1
4,40745,4,4,0,0,0,6,6,13,370,21,10,2016,6,13,33,0,2,4,1,6,"BETHANY HOME RD","I-17 FRONTAGE RD",0,33.52410556,-112.11296667,0,12,2,1,3,7,0,1,1,1,0,1,0,"0000000",99,99,99,99,99,99,0,0,0,1,0
4,40746,1,1,0,0,0,1,1,21,0,24,10,2016,2,12,51,0,1,4,1,3,"SR-84","",1,32.83601389,-112.13188889,0,1,0,0,1,1,0,5,1,1,0,1,0,"0000000",12,55,13,11,88,88,0,0,0,1,0
4,40747,2,2,0,0,0,3,3,21,0,27,10,2016,5,18,47,1,1,1,1,1,"I-10","",1796,33.07511667,-111.809275,3,12,2,0,1,1,0,1,2,1,0,1,0,"0000000",18,47,18,59,99,99,0,0,0,1,0
4,40748,2,2,0,0,0,3,3,13,0,3,10,2016,2,7,10,0,2,4,2,4,"CR-BROADWAY RD","71ST AVE",0,33.40851111,-112.21277222,0,12,6,0,2,2,0,1,1,1,0,1,1,"0000000",7,10,7,15,99,99,0,0,0,1,0
4,40749,1,1,0,1,1,1,1,13,370,9,10,2016,1,20,10,0,2,4,4,6,"16TH ST","",0,99.9999,999.9999,0,8,0,0,1,1,0,1,6,98,0,98,0,"0000000",99,99,99,99,99,99,0,0,0,1,0
4,40750,2,2,0,0,0,3,3,13,370,10,10,2016,2,4,8,0,2,4,4,6,"CENTRAL AVE","",0,99.9999,999.9999,0,42,0,0,1,1,0,4,6,98,0,98,0,"0000000",99,99,99,99,99,99,0,0,0,3,1
4,40751,1,1,0,0,0,2,2,13,370,15,10,2016,7,2,24,0,2,3,4,6,"WASHINGTON ST","",0,99.9999,999.9999,0,1,0,0,1,1,0,1,6,98,0,98,0,"0000000",99,99,99,99,99,99,0,0,0,1,0
4,40752,1,1,0,1,1,1,1,13,370,15,10,2016,7,18,43,0,2,3,4,6,"CAMELBACK RD","",0,99.9999,999.9999,0,8,0,0,1,1,0,11,9,98,0,98,0,"0000000",99,99,99,99,88,88,0,0,0,1,0
4,40753,1,1,0,1,1,2,2,13,370,15,10,2016,7,21,17,1,2,3,4,6,"INDIAN SCHOOL RD","27TH AVE",0,33.49496389,-112.11701389,0,8,0,0,3,2,0,1,6,98,0,98,0,"0000000",99,99,99,99,99,99,0,0,0,1,0
4,40754,2,2,0,1,1,4,4,13,370,20,10,2016,5,19,59,0,2,4,4,6,"BETHANY HOME RD","",0,33.52392222,-112.13835278,0,8,0,0,1,1,0,1,3,1,0,1,0,"0000000",99,99,99,99,99,99,0,0,0,1,0
4,40755,2,2,0,0,0,2,2,13,370,20,10,2016,5,21,37,0,2,7,98,6,"28TH ST","HARTFORD AVE",0,33.64296667,-112.02219444,0,1,0,0,3,2,0,1,6,98,0,98,0,"0000000",99,99,99,99,99,99,0,0,0,1,1
4,40756,3,3,0,0,0,4,4,13,370,22,10,2016,7,1,13,0,2,4,4,6,"CACTUS RD","28TH DR",0,33.59633611,-112.12006389,0,12,6,0,2,2,0,1,3,1,0,1,0,"0000000",1,14,1,17,1,36,0,0,0,1,1
4,40757,1,1,0,1,1,1,1,13,370,22,10,2016,7,20,31,1,2,3,4,6,"7TH ST","",0,99.9999,999.9999,0,8,0,0,1,1,0,1,6,98,0,98,0,"0000000",99,99,99,99,88,88,0,0,0,1,0
4,40758,1,1,0,0,0,2,2,13,0,23,10,2016,1,99,99,0,1,7,98,5,"371ST AVE","",0,99.9999,999.9999,0,1,0,0,99,99,0,99,9,98,0,98,0,"0000000",19,23,19,31,88,88,0,0,0,1,0
4,40760,1,1,0,1,1,1,1,13,370,24,10,2016,2,23,40,0,2,7,98,6,"10TH AVE","",0,33.44695278,-112.08596389,0,8,0,0,1,1,0,2,6,98,0,98,0,"0000000",99,99,99,99,99,99,0,0,0,1,0
4,40761,2,2,0,0,0,2,2,13,370,26,10,2016,4,6,26,0,2,4,4,6,"43RD AVE","",0,33.47047778,-112.1517,0,12,99,0,1,1,0,1,1,1,0,1,0,"0000000",99,99,99,99,99,99,0,0,0,1,1
4,40762,2,2,0,0,0,2,2,13,80,26,10,2016,4,7,48,0,2,3,4,6,"GILBERT RD","",0,33.24663056,-111.78972222,0,12,6,0,8,1,0,1,1,1,0,1,0,"0000000",7,51,7,58,8,14,0,0,0,1,0
4,40763,3,3,0,0,0,3,3,13,370,27,10,2016,5,16,4,1,2,3,1,2,"US-60 GRAND AVE","",1267,33.5099,-112.151175,0,12,99,1,18,1,0,1,6,98,0,98,0,"0000000",99,99,99,99,88,88,14,0,0,1,0
4,40764,2,2,0,0,0,2,2,13,370,27,10,2016,5,7,17,0,2,3,4,6,"GLENDALE AVE","18TH ST",0,33.53822778,-112.04321667,0,12,6,0,2,3,0,1,1,1,0,1,0,"0000000",99,99,99,99,99,99,0,0,0,1,0
4,40765,1,1,0,1,1,1,1,13,370,27,10,2016,5,21,8,0,2,3,4,6,"35TH AVE","",0,33.497075,-112.13423056,0,8,0,0,1,1,0,1,3,1,0,1,0,"0000000",21,10,21,14,21,28,0,0,0,1,1
4,40766,4,4,0,0,0,4,4,13,420,21,11,2016,2,13,34,1,2,2,1,3,"SR-101","",381,33.60452778,-111.89161944,0,12,1,0,1,1,0,1,1,2,0,2,0,"0000000",13,37,13,49,14,9,26,0,0,1,0
4,40767,2,2,0,0,0,5,5,9,0,3,11,2016,5,23,31,0,1,4,1,2,"US-70","",480,33.08660278,-110.05630278,0,12,2,0,1,1,0,1,2,2,0,2,0,"0000000",23,31,23,37,99,99,0,0,0,2,2
4,40768,1,1,0,0,0,1,1,13,290,7,11,2016,2,4,44,1,2,2,1,3,"SR-202","",249,33.45160833,-111.67039722,0,21,0,1,19,1,0,4,3,1,0,1,0,"0000000",4,45,4,51,5,24,0,0,0,1,0
4,40769,1,1,0,0,0,3,3,19,219,18,11,2016,6,16,54,1,2,1,1,1,"I-19","",350,31.79021944,-111.021575,0,1,0,1,19,1,0,4,1,1,0,1,0,"0000000",16,56,17,8,99,99,0,0,0,2,0
4,40770,1,1,0,1,1,2,2,13,290,18,11,2016,6,20,0,0,2,3,4,6,"UNIVERSITY DR","DOBSON RD",0,33.42221389,-111.87350278,0,8,0,0,3,2,0,1,3,1,0,1,0,"0000000",20,0,20,4,20,30,0,0,0,1,0
4,40771,1,1,0,0,0,2,2,5,0,25,11,2016,6,6,40,0,1,7,98,8,"NF-328 KAIBAB ROWE WELL RD","",0,36.01583333,-112.20197222,0,35,0,0,1,1,0,4,2,1,0,1,0,"0000000",6,40,7,30,88,88,0,0,0,1,0
4,40772,2,2,0,0,0,3,3,13,368,16,8,2016,3,18,59,0,2,7,4,6,"HAPPY VALLEY RD","83RD AVE",0,33.70928889,-112.23603333,0,12,6,0,2,2,0,1,5,10,0,10,0,"0000000",18,59,19,1,19,47,0,0,0,1,1
4,40773,1,1,0,1,1,1,1,13,0,12,11,2016,7,2,51,0,2,4,2,3,"SR-19B NOGALES HWY","",564,32.11846667,-110.96073333,0,8,0,0,1,1,0,1,2,1,0,1,0,"0000000",2,51,2,59,88,88,0,0,0,1,0
4,40774,3,3,0,0,0,6,6,25,0,23,11,2016,4,15,53,0,1,5,2,4,"CR-CORNVILLE RD","",0,34.72462222,-111.95301944,0,12,2,0,1,1,0,1,1,1,0,1,0,"0000000",15,54,16,7,16,46,0,0,0,1,1
4,40775,2,2,0,0,0,2,2,19,295,3,11,2016,5,18,28,0,2,3,4,6,"INA RD","",0,32.33761111,-111.04942778,0,12,99,0,8,1,0,1,2,10,0,10,0,"0000000",18,28,18,31,19,12,0,0,0,1,0
4,40776,1,1,0,0,0,1,1,13,80,26,11,2016,7,1,8,0,2,4,4,6,"VAL VISTA DR","",0,33.22291111,-111.75543611,0,33,0,0,1,1,0,3,3,1,0,1,0,"0000000",1,8,1,10,88,88,0,0,0,1,1
4,40777,1,1,0,0,0,2,2,13,0,11,8,2016,5,14,30,0,1,7,99,9,"UNIT 6A POWERLINE RD","",0,99.9999,999.9999,0,99,0,0,99,99,0,99,1,98,0,98,0,"0000000",99,99,99,99,99,99,0,0,0,1,0
4,40778,1,1,0,0,0,6,6,19,530,2,10,2016,1,22,25,0,2,5,4,6,"NEXUS DR","",0,99.9999,999.9999,0,5,0,0,99,99,0,1,6,99,0,99,0,"0000000",88,88,88,88,88,88,0,0,0,1,0
4,40779,1,1,0,1,1,1,1,21,0,26,10,2016,4,99,99,0,1,5,62,8,"BIA-1 SACATON RD","THOBI ST",0,33.07364722,-111.72920556,3,9,0,0,99,99,0,99,9,98,0,98,1,"0000000",99,99,99,99,88,88,0,0,0,1,0
4,40780,1,1,0,1,1,2,2,13,370,14,11,2016,2,4,13,0,2,3,4,6,"19TH AVE","",0,33.56350833,-112.09974444,0,8,0,0,1,1,0,1,3,1,0,1,0,"0000000",4,14,4,19,4,33,0,0,0,1,0
4,40782,1,1,0,2,2,1,1,13,60,2,11,2016,4,18,22,0,2,4,4,6,"YUMA RD","",0,99.9999,999.9999,0,9,0,0,99,99,0,1,9,98,0,98,0,"0000000",99,99,99,99,99,99,0,0,0,1,0
4,40783,3,3,0,0,0,3,3,13,370,3,11,2016,5,8,14,0,2,4,4,6,"SOUTHERN AVE","",0,33.39270833,-111.98221111,0,12,2,0,1,1,0,1,1,98,0,98,0,"0000000",99,99,99,99,99,99,0,0,0,1,0
4,40784,2,2,0,0,0,2,2,13,370,7,11,2016,2,14,23,0,2,5,4,9,"3RD ST","",0,33.48630556,-112.0694,0,12,1,0,1,1,0,1,1,1,0,1,0,"0000000",99,99,99,99,99,99,0,0,0,1,0
4,40785,2,2,0,0,0,2,2,13,200,7,11,2016,2,15,37,0,2,3,4,9,"CAMELBACK RD","87TH AVE",0,33.50880833,-112.24635,0,12,99,0,2,2,0,1,1,98,0,98,0,"0000000",99,99,99,99,99,99,0,0,0,1,0
4,40786,1,1,0,1,1,1,1,13,370,7,11,2016,2,19,8,0,2,3,4,6,"BUCKEYE RD","",0,99.9999,999.9999,0,8,0,0,99,99,0,1,6,98,0,98,0,"0000000",99,99,99,99,99,99,0,0,0,1,0
4,40787,1,1,0,1,1,1,1,13,370,8,11,2016,3,6,35,0,2,4,4,6,"BROADWAY RD","",0,99.9999,999.9999,0,8,0,0,1,1,0,1,1,1,0,1,0,"0000000",99,99,99,99,99,99,0,0,0,1,0
4,40788,2,2,0,0,0,2,2,13,370,8,11,2016,3,16,58,1,2,3,4,6,"51ST AVE","LOWER BUCKEYE RD",0,33.422175,-112.16925,0,12,99,0,2,2,0,1,1,98,0,98,0,"0000000",99,99,99,99,88,88,0,0,0,1,0
4,40789,1,1,0,1,1,1,1,13,370,8,11,2016,3,19,24,1,2,3,4,6,"7TH ST","",0,99.9999,999.9999,0,8,0,0,1,1,0,1,6,98,0,98,0,"0000000",99,99,99,99,88,88,0,0,0,1,0
4,40790,1,1,0,1,1,1,1,13,370,9,11,2016,4,18,51,0,2,3,4,6,"CAMELBACK RD","",0,99.9999,999.9999,0,8,0,0,1,1,0,1,6,98,0,98,0,"0000000",99,99,99,99,99,99,0,0,0,1,0
4,40791,2,2,0,0,0,9,9,21,0,11,11,2016,6,20,36,0,1,5,62,8,"BIA-1 CASA BLANCA RD","MURPHY RD",0,33.11775556,-111.94422222,3,12,6,0,2,2,0,1,2,1,0,1,0,"0000000",20,36,20,55,99,99,0,0,0,2,0
4,40792,1,1,0,3,3,1,1,13,80,12,11,2016,7,17,41,0,2,3,4,6,"RAY RD","PONDEROSA AVE",0,33.32005556,-111.93263889,0,8,0,0,3,2,0,1,5,1,0,1,0,"0000000",17,42,17,48,18,6,0,0,0,1,0
4,40793,2,2,0,0,0,3,3,13,370,13,11,2016,1,16,4,1,2,3,4,6,"BASELINE RD","JESSE OWENS PKWY",0,33.37774722,-112.06935,0,12,6,0,2,2,0,1,1,1,0,1,0,"0000000",16,4,99,99,99,99,0,0,0,1,1
4,40794,2,2,0,0,0,4,4,13,370,14,11,2016,2,2,18,0,2,3,4,6,"35TH AVE","",0,99.9999,999.9999,0,12,1,0,1,1,0,1,6,98,0,98,0,"0000000",99,99,99,99,99,99,0,0,0,2,1
4,40795,2,2,0,0,0,2,2,13,370,15,11,2016,3,17,36,0,2,4,4,6,"GREENWAY RD","29TH AVE",0,33.62533333,-112.12026944,0,12,6,0,2,2,0,1,9,98,0,98,0,"0000000",99,99,99,99,99,99,0,0,0,1,0
4,40796,1,1,0,1,1,1,1,13,0,22,11,2016,3,19,35,0,2,4,2,4,"CR-UNIVERSITY DR","",0,33.4222,-111.60480278,0,53,0,0,1,1,0,4,3,1,0,1,0,"0000000",19,35,19,38,99,99,0,0,0,1,0
4,40797,1,1,0,0,0,2,2,13,190,23,11,2016,4,99,99,0,2,4,4,6,"GUADALUPE RD","",0,99.9999,999.9999,0,99,99,0,99,99,0,99,9,98,0,98,0,"0000000",99,99,99,99,99,99,0,0,0,1,0
4,40798,1,1,0,1,1,1,1,13,200,23,11,2016,4,19,3,0,2,3,4,6,"59TH AVE","OCOTILLO RD",0,33.53490833,-112.18629167,0,8,0,0,3,2,0,1,9,98,0,98,0,"0000000",99,99,99,99,99,99,0,0,0,1,0
4,40799,2,2,0,0,0,4,4,25,0,25,11,2016,6,11,47,0,1,5,2,4,"CR-10 IRON SPRINGS RD","DOSIE PIT RD",0,34.59854722,-112.59947222,0,12,6,0,2,3,0,1,1,1,0,1,0,"0000000",99,99,99,99,88,88,0,0,0,1,0
4,40800,1,1,0,0,0,2,2,7,0,26,11,2016,7,12,47,0,1,7,64,8,"FSR-447 SCHOOL HOUSE RD","",0,99.9999,999.9999,0,1,0,0,99,99,0,99,1,99,0,99,0,"0000000",99,99,99,99,99,99,0,0,0,1,0
4,40801,1,1,0,2,2,1,1,13,370,27,11,2016,1,12,54,0,2,3,4,6,"19TH AVE","NORTHERN AVE",0,33.55294444,-112.09959167,0,8,0,0,3,2,0,1,1,98,0,98,0,"0000000",99,99,99,99,99,99,0,0,0,1,0
4,40802,1,1,0,1,1,1,1,17,0,1,12,2016,5,13,26,1,1,1,1,1,"I-40","",2626,34.98295,-110.54882222,0,8,0,0,1,1,0,99,1,99,0,99,0,"0000000",88,88,88,88,88,88,0,0,0,1,0
4,40805,1,1,0,0,0,1,1,19,530,3,12,2016,7,19,14,0,2,4,4,6,"WRIGHTSTOWN RD","",0,32.24272778,-110.80294444,0,30,0,0,1,1,0,4,3,1,0,1,0,"0000000",19,14,19,20,88,88,0,0,0,1,0
4,40806,1,1,0,1,1,1,1,13,420,3,12,2016,7,22,49,0,2,3,4,6,"HAYDEN RD","",0,33.49817778,-111.90971389,0,8,0,0,1,1,0,1,3,1,0,1,0,"0000000",22,49,22,53,23,17,0,0,0,1,0
4,40807,1,1,0,1,1,1,1,13,490,7,12,2016,4,15,40,0,2,3,4,6,"BROADWAY RD","",0,33.40732778,-111.95175556,0,8,0,0,1,1,0,1,1,1,0,1,0,"0000000",15,40,15,45,16,8,0,0,0,1,0