"STATE","ST_CASE","VE_TOTAL","VE_FORMS","PVH_INVL","PEDS","PERNOTMVIT","PERMVIT","PERSONS","COUNTY","CITY","DAY","MONTH","YEAR","DAY_WEEK","HOUR","MINUTE","NHS","RUR_URB","FUNC_SYS","RD_OWNER","ROUTE","TWAY_ID","TWAY_ID2","MILEPT","LATITUDE","LONGITUD","SP_JUR","HARM_EV","MAN_COLL","RELJCT1","RELJCT2","TYP_INT","WRK_ZONE","REL_ROAD","LGT_COND","WEATHER1","WEATHER2","WEATHER","SCH_BUS","RAIL","NOT_HOUR","NOT_MIN","ARR_HOUR","ARR_MIN","HOSP_HR","HOSP_MN","CF1","CF2","CF3","FATALS","DRUNK_DR"
4,40808,2,2,0,0,0,2,2,19,0,8,12,2016,5,6,35,0,2,5,2,4,"CR-CAMINO LOMA ALTA","",0,32.08302778,-110.68755833,0,12,2,0,1,1,0,1,2,1,0,1,0,"0000000",6,33,6,40,7,30,0,0,0,1,0
4,40809,1,1,0,1,1,1,1,13,370,9,12,2016,6,6,42,0,2,3,4,6,"48TH ST","MINTON ST",0,33.38073056,-111.97840556,0,8,0,0,3,3,0,11,3,1,0,1,0,"0000000",6,42,6,50,7,14,0,0,0,1,0
4,40810,2,2,0,0,0,2,2,13,420,9,12,2016,6,12,4,0,2,3,4,6,"FRANK LLOYD WRIGHT BLVD","",0,33.62074167,-111.87438056,0,12,6,0,8,1,0,1,1,1,0,1,0,"0000000",12,4,12,10,12,25,0,0,0,1,0
4,40811,2,2,0,0,0,4,4,13,290,9,12,2016,6,17,54,0,2,3,4,6,"MAIN ST","",0,33.41554167,-111.73959167,0,1,0,0,8,1,0,1,3,1,0,1,0,"0000000",17,54,17,58,18,35,0,0,0,2,1
4,40812,1,1,0,0,0,1,1,25,9997,10,12,2016,7,16,20,0,1,7,98,5,"COW CREEK RD","",0,33.93873333,-112.32186389,0,18,0,0,1,1,0,6,1,1,0,1,0,"0000000",16,22,16,49,88,88,0,0,0,1,0
4,40813,4,4,0,0,0,6,6,13,490,10,12,2016,7,17,30,1,2,2,1,2,"US-60","",1417,33.38564167,-111.94197778,0,12,7,1,18,1,0,1,1,1,0,1,0,"0000000",17,31,17,38,17,57,14,0,0,1,0
4,40814,2,2,0,0,0,2,2,19,0,10,12,2016,7,17,38,0,2,5,2,4,"CR-THORNYDALE RD","",0,32.39751667,-111.04698611,0,12,6,0,8,1,0,1,5,1,0,1,0,"0000000",17,39,17,40,99,99,0,0,0,1,0
4,40815,1,1,0,0,0,1,1,13,290,11,12,2016,1,2,56,1,2,2,1,3,"SR-202","",144,33.46479167,-111.82412222,0,25,0,0,1,1,0,4,3,1,0,1,0,"0000000",2,58,3,8,3,34,0,0,0,1,0
4,40816,1,1,0,1,1,1,1,19,530,11,12,2016,1,9,55,0,2,7,98,6,"EARP WASH LN","",0,32.13978611,-110.91006667,0,8,0,0,1,1,0,1,1,1,0,1,0,"0000000",9,59,10,6,10,31,0,0,0,1,0
4,40817,2,2,0,0,0,4,4,13,80,13,12,2016,3,13,9,1,2,1,1,1,"I-10 RAMP","",1614,33.29636667,-111.97075556,0,12,2,1,20,1,0,1,1,1,0,1,0,"0000000",13,9,13,28,99,99,0,0,0,2,1
4,40818,2,2,0,1,1,1,1,3,0,17,12,2016,7,19,30,1,1,3,1,3,"SR-80","",449,31.46664444,-109.95892778,0,12,6,0,1,1,0,1,2,1,0,1,0,"0000000",19,33,19,46,21,10,19,23,15,1,0
4,40819,1,1,0,1,1,1,1,5,170,19,12,2016,2,7,43,0,2,5,4,6,"ROUTE 66","",0,35.218675,-111.5909,0,8,0,0,1,1,0,1,1,1,0,1,0,"0000000",7,43,7,47,88,88,0,0,0,1,0
4,40820,1,1,0,0,0,1,1,13,30,20,12,2016,3,4,40,0,2,4,2,4,"CR-EL MIRAGE RD","INDIAN SPRINGS RD",0,33.37550278,-112.32276667,0,18,0,0,3,3,0,5,2,1,0,1,0,"0000000",4,43,4,56,88,88,0,0,0,1,1
4,40821,1,1,0,1,1,1,1,13,0,20,12,2016,3,11,18,0,1,5,1,3,"SR-88","",236,33.54254167,-111.33350556,0,9,0,0,1,1,0,1,1,1,0,1,0,"0000000",11,18,11,54,12,40,0,0,0,1,0
4,40825,2,2,0,0,0,9,9,19,530,23,12,2016,6,23,14,0,2,5,4,6,"GLENN ST","CASTRO AVE",0,32.25758611,-110.97413056,0,12,6,0,2,2,0,1,3,1,0,1,0,"0000000",23,14,23,23,0,17,0,0,0,1,0
4,40826,1,1,0,0,0,5,5,21,160,24,12,2016,7,15,45,1,1,1,1,1,"I-10","",2012,32.80328611,-111.66178889,0,1,0,0,1,1,0,3,1,2,0,2,0,"0000000",15,45,15,56,16,26,0,0,0,3,0
4,40827,1,1,0,0,0,1,1,19,0,25,12,2016,1,6,28,1,2,1,1,1,"I-19","",562,32.09219444,-110.99311389,3,24,0,0,1,1,0,3,4,1,0,1,0,"0000000",6,44,6,50,88,88,0,0,0,1,0
4,40828,2,2,0,0,0,2,2,13,0,28,12,2016,4,4,52,1,1,3,1,3,"SR-85","",1583,32.97761111,-112.669975,0,12,6,0,1,1,0,1,2,10,0,10,0,"0000000",4,54,4,54,88,88,19,0,0,1,1
4,40829,2,2,0,0,0,2,2,3,0,28,12,2016,4,9,44,0,1,7,2,4,"CR-HIGHLAND RD","CR-CENTRAL RD",0,31.91966944,-109.87251667,0,12,6,0,2,2,0,1,1,1,0,1,0,"0000000",99,99,10,0,99,99,0,0,0,1,0
4,40830,1,1,0,0,0,1,1,19,530,28,12,2016,4,11,35,0,2,4,4,6,"ANKLAM RD","",0,32.22508056,-111.01571389,0,43,0,0,1,1,0,4,1,10,0,10,0,"0000000",11,35,11,55,12,2,0,0,0,1,0
4,40831,2,2,0,0,0,3,3,13,420,29,12,2016,5,16,45,0,2,4,4,6,"CACTUS RD","HAYDEN RD",0,33.59658333,-111.90860833,0,12,6,0,2,2,0,1,1,10,0,10,0,"0000000",16,46,16,52,17,16,0,0,0,1,0
4,40832,2,2,0,0,0,2,2,21,0,31,12,2016,7,4,55,0,1,5,1,3,"SR-87","",66,32.813825,-111.51533889,0,12,1,0,1,1,0,1,2,5,0,5,0,"0000000",4,58,5,11,7,16,0,0,0,1,0
4,40833,1,1,0,0,0,1,1,13,200,13,4,2016,4,18,8,0,2,7,98,6,"GEORGIA AVE","",0,33.51438611,-112.22326111,0,41,0,0,1,1,0,5,1,1,0,1,0,"0000000",18,7,18,12,18,42,0,0,0,1,0
4,40834,2,2,0,0,0,4,4,13,200,23,12,2016,6,13,38,0,2,4,1,6,"UNION HILLS DR","",0,33.65280556,-112.23532778,0,12,6,0,8,1,0,1,1,10,0,10,0,"0000000",13,36,13,37,14,13,0,0,0,1,0
4,40835,1,1,0,1,1,1,1,13,370,31,12,2016,7,21,54,0,2,7,98,6,"MYRTLE AVE","",0,33.54220278,-112.11129167,0,8,0,0,1,1,0,1,3,10,0,10,0,"0000000",21,57,22,2,22,22,0,0,0,1,0
4,40836,2,2,0,0,0,2,2,13,0,21,12,2016,4,9,19,0,2,5,1,8,"WILD HORSE PASS BLVD","I-10 RAMP",0,33.27927778,-111.96726111,3,1,0,1,2,2,0,1,1,2,10,2,0,"0000000",9,18,9,20,88,88,0,0,0,1,0
4,40837,1,1,0,0,0,2,2,21,0,4,9,2016,1,1,15,0,1,6,62,5,"NELSON RD","",0,33.13222778,-111.86979167,3,1,0,0,1,1,0,6,2,1,0,1,0,"0000000",1,15,1,19,88,88,0,0,0,2,1
4,40838,1,1,0,0,0,1,1,25,65,29,8,2016,2,9,36,0,1,5,1,5,"GENERAL CROOK TRL","I-17 RAMP",0,34.55905,-111.90266667,0,1,0,1,3,2,0,1,1,1,0,1,0,"0000000",99,99,99,99,99,99,0,0,0,1,0
4,40840,2,2,0,0,0,7,7,5,0,4,9,2016,1,18,58,0,1,5,62,8,"BIA 15 LEUPP RD","",0,99.9999,999.9999,3,12,99,0,99,99,0,99,9,98,0,98,0,"0000000",18,2,18,31,19,8,0,0,0,1,0
4,40841,1,1,0,0,0,2,2,1,0,6,9,2016,3,99,99,9,9,99,99,9,"UNKNOWN RD","",0,99.9999,999.9999,3,99,0,1,99,99,0,99,9,98,0,98,0,"0000000",99,99,99,99,99,99,0,0,0,1,0
4,40842,2,1,1,0,0,1,1,13,368,12,11,2016,7,18,39,0,2,7,98,6,"KERRY LN","",0,33.66076389,-112.25136111,0,14,0,0,1,1,0,2,3,1,0,1,0,"0000000",99,98,99,98,88,88,0,0,0,1,0
4,40843,1,1,0,0,0,1,1,19,0,8,11,2016,3,99,99,0,1,6,62,8,"INDIAN ROUTE 19","",0,99.9999,999.9999,3,99,99,0,99,99,0,99,9,98,0,98,0,"0000000",99,99,99,99,99,99,0,0,0,1,0
4,40844,1,1,0,1,1,1,1,13,290,13,11,2016,1,99,99,0,2,4,2,4,"CR-ELLSWORTH RD","",0,99.9999,999.9999,0,9,0,0,99,99,0,99,9,98,0,98,0,"0000000",99,99,99,99,99,99,0,0,0,1,0
4,40845,2,2,0,0,0,2,2,13,0,28,11,2016,2,13,26,0,2,6,2,4,"CR-NEW RIVER RD","",0,99.9999,999.9999,0,12,99,0,99,99,0,99,9,98,0,98,0,"0000000",99,99,99,99,99,99,0,0,0,1,0
4,40846,2,2,0,0,0,3,3,13,370,14,12,2016,4,6,44,1,2,3,4,6,"INDIAN SCHOOL RD","",0,33.49433889,-112.23483056,0,12,1,0,1,1,0,1,4,1,0,1,0,"0000000",99,99,99,99,99,99,0,0,0,1,0
4,40848,2,2,0,0,0,3,3,21,70,15,12,2016,5,15,36,1,1,1,1,1,"I-8","",1796,32.81983889,-111.68785833,0,12,1,1,18,1,0,1,1,1,0,1,0,"0000000",15,36,15,48,16,36,0,0,0,1,0
4,40849,1,1,0,0,0,1,1,13,370,27,12,2016,3,21,46,1,1,2,1,3,"SR-51","",71,33.56338056,-112.036525,0,59,0,1,19,1,0,8,3,1,0,1,0,"0000000",21,50,21,54,22,4,0,0,0,1,1
4,40850,1,1,0,1,1,1,1,13,370,1,12,2016,5,6,24,0,2,4,4,6,"BUCKEYE RD","",0,99.9999,999.9999,0,8,0,0,1,1,0,1,9,98,0,98,0,"0000000",99,99,99,99,99,99,0,0,0,1,0
4,40851,1,1,0,1,1,1,1,17,0,2,12,2016,6,22,38,0,1,5,62,8,"BIA 65","",0,99.9999,999.9999,0,8,0,0,99,99,0,99,6,98,0,98,0,"0000000",99,99,99,99,88,88,0,0,0,1,0
4,40852,1,1,0,0,0,1,1,13,370,3,12,2016,7,0,52,1,2,3,4,6,"TATUM BLVD","",0,99.9999,999.9999,0,33,0,0,99,99,0,4,6,98,0,98,0,"0000000",99,99,99,99,99,99,0,0,0,1,1
4,40853,1,1,0,0,0,1,1,21,0,3,12,2016,7,7,10,0,1,7,2,4,"CR-HANNAH RD","",0,32.82123611,-111.56679444,0,1,0,0,1,1,0,6,2,1,0,1,0,"0000000",7,12,7,20,88,88,0,0,0,1,1
4,40854,1,1,0,1,1,1,1,13,370,3,12,2016,7,6,42,0,2,4,4,6,"16TH ST","",0,99.9999,999.9999,0,8,0,0,99,99,0,1,9,98,0,98,0,"0000000",99,99,99,99,99,99,0,0,0,1,0
4,40855,3,3,0,0,0,4,4,13,370,3,12,2016,7,7,35,0,2,4,4,6,"NORTHERN AVE","43RD AVE",0,33.55313056,-112.15148333,0,12,99,0,2,2,0,1,1,98,0,98,0,"0000000",99,99,99,99,99,99,0,0,0,1,1
4,40856,1,1,0,1,1,1,1,21,0,3,12,2016,7,20,45,0,2,5,2,4,"CR-BATTAGLIA DR","",0,32.76299722,-111.659075,0,8,0,0,1,1,0,1,6,1,0,1,0,"0000000",99,99,99,99,88,88,0,0,0,1,0
4,40857,2,2,0,0,0,4,4,5,0,4,12,2016,1,18,10,0,2,7,62,8,"BIA 101 MOENAVE RD","MALONEY RD",0,36.12956944,-111.24820833,0,12,99,0,2,2,0,1,9,98,0,98,0,"0000000",99,99,99,99,99,99,0,0,0,2,0
4,40858,2,2,0,0,0,4,4,13,200,6,12,2016,3,2,6,1,2,3,4,6,"51ST AVE","PEORIA AVE",0,33.58190833,-112.16886667,0,12,6,0,2,2,0,1,6,98,0,98,0,"0000000",99,99,99,99,99,99,0,0,0,1,1
4,40859,1,1,0,1,1,2,2,13,370,9,12,2016,6,18,10,0,2,4,4,6,"SOUTHERN AVE","",0,99.9999,999.9999,0,8,0,0,1,1,0,1,9,98,0,98,0,"0000000",99,99,99,99,99,99,0,0,0,1,0
4,40860,1,1,0,1,1,1,1,13,200,10,12,2016,7,19,3,0,2,3,4,6,"GLENDALE AVE","83RD AVE",0,33.53775,-112.237875,0,8,0,0,3,2,0,1,9,98,0,98,0,"0000000",99,99,99,99,99,99,0,0,0,1,0
4,40861,2,2,0,0,0,2,2,13,370,12,12,2016,2,5,39,0,2,4,4,6,"67TH AVE","",0,33.452475,-112.20343611,0,12,99,0,8,1,0,1,6,98,0,98,0,"0000000",99,99,99,99,99,99,0,0,0,1,0
4,40862,3,3,0,0,0,3,3,13,0,13,12,2016,3,17,0,0,2,3,2,4,"CR-MCKELLIPS RD","LONGMORE RD",0,33.45350833,-111.86591111,3,12,99,0,99,99,0,99,9,98,0,98,0,"0000000",99,99,99,99,99,99,0,0,0,1,0
4,40863,1,1,0,0,0,5,5,3,0,16,12,2016,6,20,0,0,1,5,99,9,"CHARLESTON RD","",0,99.9999,999.9999,0,34,0,0,1,1,0,4,9,98,0,98,0,"0000000",99,99,99,99,99,99,0,0,0,1,0
4,40864,1,1,0,0,0,1,1,13,370,20,12,2016,3,1,52,0,2,7,98,6,"COTTONWOOD LN","43RD ST",0,33.29441111,-111.99096111,0,33,0,0,3,10,0,4,6,98,0,98,0,"0000000",99,99,99,99,88,88,0,0,0,1,1
4,40865,2,2,0,0,0,2,2,13,370,20,12,2016,3,11,28,0,2,4,4,6,"THUNDERBIRD RD","",0,33.61187778,-111.99449722,0,12,99,0,8,1,0,1,1,98,0,98,0,"0000000",99,99,99,99,99,99,0,0,0,1,0
4,40866,2,2,0,0,0,2,2,13,370,21,12,2016,4,16,41,0,2,5,4,6,"31ST AVE","JACKSON ST",0,33.44490833,-112.12601944,0,12,99,0,2,3,0,1,1,98,0,98,0,"0000000",99,99,99,99,88,88,0,0,0,1,0
4,40867,2,2,0,1,1,2,2,13,370,22,12,2016,5,18,46,0,2,6,4,6,"19TH AVE","",0,99.9999,999.9999,0,8,0,0,1,1,0,1,9,98,0,98,0,"0000000",99,99,99,99,99,99,0,0,0,1,0
4,40868,1,1,0,1,1,1,1,13,370,23,12,2016,6,18,0,1,2,3,4,6,"CAVE CREEK RD","BELL RD",0,33.63983611,-112.03071667,0,8,0,0,3,2,0,1,9,98,0,98,0,"0000000",99,99,99,99,99,99,0,0,0,1,0
4,40870,2,2,0,0,0,4,4,13,80,27,12,2016,3,13,32,0,2,3,4,6,"RAY RD","PENNINGTON DR",0,33.32065,-111.87358056,0,12,6,0,2,3,0,1,1,1,0,1,0,"0000000",13,32,13,36,13,57,0,0,0,1,1
4,40871,1,1,0,1,1,2,2,13,370,29,12,2016,5,18,41,0,2,4,4,6,"43RD AVE","",0,99.9999,999.9999,0,8,0,0,1,1,0,1,9,98,0,98,0,"0000000",99,99,99,99,99,99,0,0,0,1,0
4,40872,1,1,0,0,0,1,1,13,0,30,12,2016,6,14,18,0,2,7,98,5,"WOODSIDE DR","",0,99.9999,999.9999,0,99,0,0,99,99,0,99,9,98,0,98,0,"0000000",99,99,99,99,99,99,0,0,0,1,0
4,40873,1,1,0,0,0,1,1,13,370,30,12,2016,6,18,12,0,2,3,4,6,"35TH AVE","MARYLAND AVE",0,33.53117222,-112.13441389,0,30,0,0,3,2,0,4,9,98,0,98,0,"0000000",99,99,99,99,99,99,0,0,0,1,1
4,40874,2,2,0,0,0,3,3,13,370,30,12,2016,6,18,33,1,2,3,4,6,"51ST AVE","UNION HILLS DR",0,33.65453056,-112.16893056,0,12,6,0,2,2,0,1,9,98,0,98,0,"0000000",99,99,99,99,99,99,0,0,0,1,0
4,40875,1,1,0,0,0,2,2,17,0,30,12,2016,6,18,56,0,1,7,62,8,"UNKNOWN RD","",0,99.9999,999.9999,3,99,99,0,99,99,0,99,9,98,0,98,0,"0000000",99,99,99,99,88,88,0,0,0,2,0
4,40876,1,1,0,1,1,1,1,13,370,31,12,2016,7,22,21,0,2,4,4,6,"UNION HILLS DR","",0,99.9999,999.9999,0,8,0,0,1,1,0,1,6,98,0,98,0,"0000000",99,99,99,99,99,99,0,0,0,1,0
4,40877,2,2,0,0,0,3,3,13,200,15,11,2016,3,11,44,0,2,4,4,6,"UNION HILLS DR","63RD AVE",0,33.65436389,-112.19492222,0,12,6,0,2,2,0,1,1,1,0,1,0,"0000000",11,44,11,47,12,14,0,0,0,1,0
4,40878,2,2,0,0,0,5,5,13,370,12,9,2016,2,17,16,1,2,3,1,6,"THUNDERBIRD RD","I-17 FRONTAGE RD",0,33.610925,-112.11429167,0,12,1,1,18,1,0,1,1,1,0,1,0,"0000000",99,99,99,99,99,99,0,0,0,1,0
4,40879,1,1,0,1,1,2,2,13,370,10,12,2016,7,19,12,1,2,3,4,6,"INDIAN SCHOOL RD","10TH PL",0,33.49469167,-112.05980556,0,8,0,0,3,3,0,1,3,1,0,1,0,"0000000",99,99,99,99,99,99,0,0,0,1,0
4,40880,1,1,0,0,0,1,1,21,0,10,11,2016,5,17,32,0,1,7,62,8,"INDIAN ROUTE 121- ASPEN RD","",0,33.14152778,-111.82341667,3,41,0,0,1,1,0,5,5,1,0,1,0,"0000000",17,23,17,50,88,88,0,0,0,1,1
5,50001,1,1,0,0,0,1,1,143,1310,4,1,2016,2,2,20,0,2,4,1,3,"SR-16-03","",52,36.04870556,-94.09729722,0,30,0,0,1,1,0,4,2,1,0,1,0,"0000000",99,98,99,98,88,88,0,0,0,1,1
5,50002,1,1,0,1,1,1,1,51,0,4,1,2016,2,6,10,1,1,3,1,3,"SR-7-10","",102,34.68134167,-93.07038889,0,8,0,0,1,1,0,1,2,1,0,1,1,"0000000",6,12,6,20,88,88,0,0,0,1,0
5,50003,1,1,0,0,0,2,2,69,0,4,1,2016,2,14,30,1,1,3,1,2,"US-79-10","",95,34.407875,-91.74332778,0,42,0,0,1,1,0,4,1,1,0,1,0,"0000000",14,51,15,2,99,99,0,0,0,1,0
5,50004,2,2,0,0,0,3,3,133,0,4,1,2016,2,14,59,1,1,3,1,2,"US- 71-06","",99,34.04623056,-94.21765556,0,12,8,0,1,1,0,1,1,1,0,1,0,"0000000",15,1,15,7,99,99,0,0,0,1,0
5,50005,2,2,0,0,0,2,2,145,0,5,1,2016,3,22,15,0,1,5,1,3,"SR- 267-01","SR- 267 SPUR",15,35.13906389,-91.89073889,0,12,6,0,2,2,0,1,2,1,0,1,0,"0000000",22,17,22,24,99,99,0,0,0,1,1
5,50006,1,1,0,0,0,2,2,115,3450,6,1,2016,4,3,36,1,2,1,1,1,"I-40-22 RAMP","",839,35.2842,-93.09545278,0,1,0,1,5,1,0,1,2,1,0,1,0,"0000000",99,99,99,99,99,99,20,0,0,1,0
5,50007,2,2,0,0,0,2,2,145,3530,6,1,2016,4,6,56,1,2,3,1,2,"US-67-12C","",30,35.24329722,-91.73648056,0,12,6,0,8,1,0,1,1,1,0,1,0,"0000000",6,57,7,1,99,99,0,0,0,1,0
5,50008,1,1,0,0,0,2,2,59,0,7,1,2016,5,17,18,0,1,4,1,3,"SR- 07-08","",52,34.29597222,-93.16280833,0,30,0,0,1,1,0,4,2,2,10,2,0,"0000000",17,20,17,24,88,88,0,0,0,1,0
5,50009,1,1,0,1,1,1,1,85,600,11,1,2016,2,16,55,1,2,2,1,2,"US-67-11","",36,34.98105278,-92.03214167,0,8,0,0,1,1,0,1,5,1,0,1,0,"0000000",16,57,17,10,88,88,0,0,0,1,0
5,50010,2,2,0,0,0,3,3,143,0,12,1,2016,3,7,55,1,1,3,1,2,"US-412-02","",168,36.16542222,-94.04960556,0,12,2,0,1,1,0,1,4,1,0,1,0,"0000000",8,2,8,9,99,99,0,0,0,1,0
5,50011,1,1,0,1,1,1,1,119,0,12,1,2016,3,21,28,1,1,1,1,1,"I-530-01","",26,34.67575833,-92.26690278,0,8,0,0,1,1,0,1,2,1,0,1,0,"0000000",21,29,21,37,88,88,23,0,0,1,0
5,50012,1,1,0,0,0,2,2,49,0,13,1,2016,4,0,30,1,1,3,1,2,"US-62-12","",184,36.38174167,-91.85666667,0,35,0,0,1,1,0,4,2,1,0,1,0,"0000000",0,44,0,51,99,99,0,0,0,1,0
5,50013,3,3,0,0,0,4,4,119,0,14,1,2016,5,7,55,1,1,1,1,1,"I-40-33","",1442,34.86575833,-92.35871111,0,12,1,0,1,1,0,1,1,1,0,1,0,"0000000",7,59,8,10,99,99,0,0,0,1,0
5,50014,3,3,0,0,0,3,3,51,0,15,1,2016,6,5,5,1,1,3,1,2,"US-270-05","CR- HILDRETH ROAD",169,34.50484167,-93.12785,0,12,6,0,2,3,0,1,2,10,0,10,0,"0000000",5,10,5,17,99,99,0,0,0,1,0
5,50015,1,1,0,1,1,1,1,91,3810,15,1,2016,6,18,4,1,2,3,1,2,"US- 71-03","",43,33.48990278,-94.04309167,0,8,0,0,1,1,0,1,2,1,0,1,0,"0000000",99,99,99,99,88,88,0,0,0,1,0
5,50016,2,2,0,0,0,2,2,93,0,15,1,2016,6,19,26,1,1,1,1,1,"I-55-12","",558,35.79322778,-89.98532222,0,12,1,0,1,1,0,1,2,1,0,1,0,"0000000",19,56,20,21,99,99,0,0,0,1,0
5,50017,1,1,0,0,0,2,2,31,0,18,1,2016,2,18,40,0,1,7,2,4,"CR-114","",0,35.83578889,-90.77861944,0,35,0,0,1,1,0,4,2,1,0,1,0,"0000000",18,45,18,51,99,99,0,0,0,1,1
5,50018,1,1,0,0,0,1,1,127,0,18,1,2016,2,12,47,0,1,5,1,3,"SR- 80-10","",25,34.89551389,-94.04855278,0,42,0,0,1,1,0,4,1,10,0,10,0,"0000000",13,0,13,6,88,88,0,0,0,1,0
5,50019,1,1,0,0,0,1,1,17,0,18,1,2016,2,21,50,0,1,5,1,3,"SR-8-16","",48,33.12468333,-91.38455556,0,32,0,0,1,1,0,4,2,1,0,1,0,"0000000",22,6,22,20,88,88,0,0,0,1,1
5,50020,1,1,0,0,0,3,3,81,2920,21,1,2016,5,17,20,0,1,7,2,4,"CR- PINE STREET","",0,33.58893889,-94.04821944,0,10,0,0,6,1,0,1,5,2,0,2,0,"330593E",17,24,17,30,99,99,0,0,0,2,0
5,50021,2,2,0,0,0,6,6,7,0,21,1,2016,5,17,44,0,1,7,2,4,"CR-FAIRMOUNT RD.","",0,36.244975,-94.44540833,0,12,6,0,1,1,0,1,2,1,0,1,0,"0000000",17,47,18,0,99,99,0,0,0,1,0
5,50022,1,1,0,0,0,1,1,75,0,21,1,2016,5,21,30,1,1,3,1,2,"US-63-04","",41,36.01679444,-90.91751111,0,34,0,0,1,1,0,4,2,12,0,12,0,"0000000",21,33,21,46,88,88,0,0,0,1,0
5,50023,1,1,0,0,0,4,4,143,0,24,1,2016,1,13,5,0,1,4,1,3,"SR-16-03","",169,35.93966667,-93.96907778,0,59,0,0,1,1,0,4,1,1,0,1,0,"0000000",13,5,13,20,99,99,0,0,0,1,0
5,50024,2,2,0,0,0,3,3,73,0,24,1,2016,1,19,4,0,1,5,1,3,"SR- 53-05","CR- 68",208,33.10119444,-93.51302778,0,12,1,0,3,2,0,1,2,1,0,1,0,"0000000",19,8,19,34,88,88,0,0,0,2,0
5,50025,2,2,0,0,0,3,3,45,2600,25,1,2016,2,19,52,0,2,4,1,3,"SR- 365-10","",75,34.95917778,-92.42290556,0,12,2,0,8,1,0,1,2,1,0,1,0,"0000000",19,53,20,3,99,99,0,0,0,1,0
5,50026,1,1,0,0,0,1,1,145,0,25,1,2016,2,21,9,1,1,3,60,2,"US-167-14","",27,35.35850556,-91.56361944,0,59,0,0,1,1,0,4,2,10,0,10,0,"0000000",21,10,21,15,99,99,0,0,0,1,1
5,50027,1,1,0,0,0,1,1,95,0,26,1,2016,3,1,47,1,1,3,60,2,"US-79-13","",72,34.67561111,-91.33802222,0,59,0,0,1,1,0,4,2,1,0,1,0,"0000000",88,88,88,88,88,88,0,0,0,1,1
5,50028,1,1,0,0,0,1,1,143,3670,28,1,2016,5,16,33,0,2,7,4,6,"N. PUMPSTATION RD.","",0,36.20886667,-94.15198333,0,38,0,0,1,1,0,5,1,1,0,1,0,"0000000",16,38,16,44,99,99,0,0,0,1,1
5,50029,2,2,0,0,0,2,2,133,0,29,1,2016,6,16,24,1,1,3,60,2,"US-71-07","BELLAH MINE RD.",74,34.14745,-94.31437778,0,12,6,0,2,2,0,1,1,1,0,1,0,"0000000",16,24,16,37,99,99,0,0,0,1,0
5,50030,1,1,0,0,0,1,1,145,2090,29,1,2016,6,21,14,0,2,7,4,6,"E. MADISON ST.","",0,35.27178056,-91.63623611,0,42,0,0,1,1,0,4,2,1,0,1,0,"0000000",21,20,21,27,99,99,0,0,0,1,1
5,50031,3,3,0,0,0,5,5,119,2320,29,1,2016,6,23,14,1,2,1,1,1,"I-430-21","",42,34.72197222,-92.40108056,0,12,7,0,1,1,0,1,2,1,0,1,0,"0000000",23,14,23,17,99,99,0,0,0,1,0
5,50032,1,1,0,0,0,2,2,135,755,30,1,2016,7,17,40,0,2,7,4,6,"CHEROKEE RD.","",0,36.31813333,-91.54399722,0,1,0,0,1,1,0,4,1,1,0,1,0,"0000000",17,41,17,48,99,99,0,0,0,1,1
5,50033,1,1,0,1,1,1,1,99,0,31,1,2016,1,4,30,0,1,5,1,3,"SR-32-08","",33,33.55649167,-93.43131389,0,8,0,0,1,1,0,1,2,1,0,1,0,"0000000",4,38,5,6,99,99,0,0,0,1,0
5,50034,1,1,0,1,1,2,2,119,0,2,2,2016,3,20,20,0,2,4,1,3,"SR-161-03","",84,34.80124444,-92.18932222,0,8,0,0,1,1,0,1,2,1,0,1,0,"0000000",20,20,20,32,99,99,0,0,0,1,0
5,50035,2,2,0,0,0,2,2,75,0,3,2,2016,4,5,44,1,1,3,60,2,"US-67-16","",104,36.01730556,-90.9984,0,12,2,0,1,1,0,1,2,1,0,1,0,"0000000",88,88,88,88,88,88,0,0,0,1,0
5,50036,3,3,0,0,0,3,3,85,0,3,2,2016,4,11,20,1,1,3,60,2,"US-165-08","",223,34.59261389,-92.00048889,0,12,2,0,1,1,0,1,1,1,0,1,0,"0000000",11,25,11,35,99,99,0,0,0,1,1
5,50037,2,2,0,0,0,2,2,99,0,3,2,2016,4,12,55,0,1,5,1,3,"SR-24-05","CR-246",52,33.79273889,-93.29531389,0,12,6,0,3,2,0,1,1,1,0,1,0,"0000000",12,55,13,5,99,99,0,0,0,1,0
5,50038,2,2,0,0,0,2,2,119,0,4,2,2016,5,19,22,0,1,3,1,3,"SR-107-01","",129,34.91273611,-92.17805556,0,12,2,0,1,1,0,1,2,1,0,1,0,"0000000",19,38,19,58,99,99,0,0,0,1,0
5,50039,1,1,0,1,1,1,1,45,0,6,2,2016,7,23,58,1,1,3,60,2,"US-65-09","",172,35.12978056,-92.40047778,0,8,0,0,1,1,0,1,2,1,0,1,0,"0000000",0,4,0,10,88,88,0,0,0,1,0
5,50040,1,1,0,0,0,2,2,33,2770,9,2,2016,3,2,47,1,1,1,1,1,"I-40-11","",203,35.516725,-94.11053611,0,5,0,0,1,1,0,1,2,1,0,1,0,"0000000",2,53,3,1,99,99,0,0,0,1,0
5,50041,1,1,0,0,0,3,3,95,0,9,2,2016,3,6,52,1,1,3,1,3,"SR- 1-06","",12,34.43389722,-91.05031944,1,42,0,0,1,1,0,4,2,1,0,1,0,"0000000",99,99,99,99,88,88,0,0,0,3,1
5,50042,1,1,0,0,0,1,1,113,0,11,2,2016,5,17,46,0,1,5,1,3,"SR- 08-00","",134,34.58796944,-94.26764722,0,53,0,0,1,1,0,4,5,1,0,1,0,"0000000",17,46,17,54,99,99,0,0,0,1,0