"STATE","ST_CASE","VE_TOTAL","VE_FORMS","PVH_INVL","PEDS","PERNOTMVIT","PERMVIT","PERSONS","COUNTY","CITY","DAY","MONTH","YEAR","DAY_WEEK","HOUR","MINUTE","NHS","RUR_URB","FUNC_SYS","RD_OWNER","ROUTE","TWAY_ID","TWAY_ID2","MILEPT","LATITUDE","LONGITUD","SP_JUR","HARM_EV","MAN_COLL","RELJCT1","RELJCT2","TYP_INT","WRK_ZONE","REL_ROAD","LGT_COND","WEATHER1","WEATHER2","WEATHER","SCH_BUS","RAIL","NOT_HOUR","NOT_MIN","ARR_HOUR","ARR_MIN","HOSP_HR","HOSP_MN","CF1","CF2","CF3","FATALS","DRUNK_DR"
5,50043,2,2,0,0,0,3,3,131,1630,13,2,2016,7,20,42,1,2,3,1,2,"US-71-14","SR-10 SPUR",17,35.22262222,-94.30565833,0,12,6,0,2,3,0,1,2,1,0,1,0,"0000000",20,49,20,52,99,99,0,0,0,1,0
5,50044,1,1,0,0,0,1,1,51,1912,14,2,2016,1,4,39,1,2,3,1,2,"US-70-09B","",5,34.50385,-93.04778056,0,1,0,0,1,1,0,1,3,1,0,1,0,"0000000",4,39,4,42,99,99,0,0,0,1,0
5,50045,3,3,0,0,0,3,3,35,1525,14,2,2016,1,5,40,1,1,1,1,1,"I-55-11","",248,35.40166667,-90.25490833,0,24,0,0,1,1,0,3,2,1,0,1,0,"0000000",5,40,6,5,99,99,0,0,0,1,1
5,50046,1,1,0,0,0,1,1,113,0,15,2,2016,2,6,15,1,1,3,1,2,"US-71-09","",120,34.68530833,-94.18834167,0,42,0,0,1,1,0,4,4,10,5,5,0,"0000000",99,99,99,99,88,88,0,0,0,1,0
5,50047,2,2,0,0,0,2,2,7,0,16,2,2016,3,17,11,1,1,3,1,2,"US-62-02","",65,36.39001667,-94.08676389,0,12,1,0,1,1,0,1,1,1,0,1,0,"0000000",17,13,17,16,99,99,0,0,0,1,0
5,50048,1,1,0,0,0,1,1,7,3100,17,2,2016,4,15,25,0,2,4,1,3,"SR-94-02","",69,36.42369444,-94.11798889,0,1,0,0,1,1,0,4,1,1,0,1,0,"0000000",15,27,15,31,88,88,0,0,0,1,0
5,50049,1,1,0,0,0,1,1,69,3970,18,2,2016,5,10,37,0,1,7,2,4,"CR-GARRETT ROADD","",0,34.36405833,-91.79267778,0,10,0,0,6,1,0,1,1,1,0,1,0,"790795V",10,39,10,43,88,88,0,0,0,1,0
5,50050,2,2,0,0,0,2,2,45,0,19,2,2016,6,19,48,1,1,3,1,3,"SR- 107-02","",22,35.02441944,-92.19331389,0,12,2,0,1,1,0,1,2,10,0,10,0,"0000000",19,48,20,0,88,88,0,0,0,1,1
5,50051,1,1,0,0,0,3,3,33,0,19,2,2016,6,23,59,1,2,1,1,1,"I-00040-137 RAMP","",4,35.45762778,-94.31861944,0,1,0,1,20,1,0,1,2,1,0,1,0,"0000000",0,4,0,8,99,99,0,0,0,1,1
5,50052,1,1,0,0,0,2,2,7,340,20,2,2016,7,12,54,0,2,4,1,3,"SR- 72-02","",145,36.37006944,-94.25792222,0,35,0,0,1,1,0,4,1,1,0,1,0,"0000000",99,99,99,99,99,99,0,0,0,2,0
5,50053,1,1,0,0,0,1,1,51,1912,20,2,2016,7,16,0,1,2,3,1,3,"SR-7-09","",132,34.53441667,-93.03493611,0,34,0,0,1,1,0,4,1,8,0,8,0,"0000000",16,0,16,3,88,88,0,0,0,1,1
5,50054,1,1,0,0,0,3,3,33,0,21,2,2016,1,15,17,0,1,4,1,3,"SR-59-05","",37,35.70376111,-94.48144167,0,31,0,0,1,1,0,4,1,1,0,1,0,"0000000",15,19,15,41,99,99,0,0,0,1,0
5,50055,4,4,0,0,0,9,9,59,0,22,2,2016,2,16,15,0,1,5,1,2,"US-67-07","",120,34.28774167,-92.85972778,0,12,1,0,1,1,0,1,1,1,0,1,0,"0000000",16,16,16,25,99,99,0,0,0,1,0
5,50056,2,2,0,0,0,2,2,83,0,25,2,2016,5,8,27,0,1,4,1,3,"SR-10-02","",44,35.14564444,-93.96570556,0,12,8,0,1,1,0,1,1,1,0,1,0,"0000000",8,27,8,39,88,88,0,0,0,1,0
5,50057,2,2,0,0,0,3,3,31,2070,26,2,2016,6,16,10,0,2,3,1,3,"SR-18-04","CS-FAIRPARK BLVD.",29,35.82120833,-90.67331667,0,12,6,0,2,2,0,1,1,1,0,1,0,"0000000",16,19,16,22,99,99,0,0,0,1,0
5,50058,2,2,0,0,0,4,4,45,0,27,2,2016,7,19,52,1,1,3,1,2,"US-65-09","",170,35.128675,-92.40037778,0,12,6,0,8,1,0,1,2,1,0,1,0,"0000000",19,54,20,0,88,88,0,0,0,1,0
5,50059,1,1,0,0,0,1,1,103,0,28,2,2016,1,8,42,0,1,5,1,3,"SR-9-01","",73,33.79350278,-92.70515833,0,35,0,0,1,1,0,4,1,1,0,1,0,"0000000",8,50,9,6,88,88,0,0,0,1,0
5,50060,2,2,0,0,0,5,5,89,0,28,2,2016,1,13,45,1,1,3,60,2,"US-62-08","",70,36.25196389,-92.77304167,0,12,2,0,1,1,0,1,1,1,0,1,0,"0000000",13,48,13,59,99,99,0,0,0,1,0
5,50061,2,2,0,0,0,6,6,7,0,29,2,2016,2,7,27,0,1,4,1,3,"SR-102-02","",50,36.33643889,-94.37528056,0,12,2,0,1,1,0,1,1,1,0,1,0,"0000000",7,29,7,44,99,99,0,0,0,2,0
5,50062,1,1,0,0,0,1,1,53,0,29,2,2016,2,10,20,0,1,4,1,3,"SR-35-02","",108,34.33433611,-92.42585556,0,32,0,0,1,1,0,5,1,10,0,10,0,"0000000",10,32,10,39,88,88,0,0,0,1,0
5,50063,1,1,0,0,0,1,1,1,0,29,2,2016,2,18,10,1,1,3,60,2,"US-79-11","",47,34.44365,-91.63119444,0,34,0,0,1,1,0,4,2,1,0,1,0,"0000000",18,18,18,35,88,88,0,0,0,1,1
5,50064,1,1,0,0,0,1,1,57,0,16,1,2016,7,18,30,0,1,7,2,4,"CR- 4","",0,33.70653333,-93.55806389,0,35,0,0,1,1,0,4,2,10,0,10,0,"0000000",18,43,18,54,99,99,0,0,0,1,0
5,50065,2,2,0,0,0,3,3,119,2320,1,3,2016,3,17,47,1,2,3,1,2,"US- 70-12","CS- SCHILLER STREET",56,34.72510278,-92.29707222,0,12,6,0,2,3,0,1,5,1,0,1,0,"0000000",17,50,18,0,99,99,0,0,0,1,1
5,50066,1,1,0,1,1,1,1,143,3670,2,3,2016,4,17,48,0,1,7,4,6,"DOUBLETREE ST.","",0,36.17613611,-94.09813056,0,8,0,0,1,1,0,1,1,1,0,1,0,"0000000",17,47,17,51,99,99,0,0,0,1,0
5,50068,1,1,0,0,0,2,2,15,0,3,3,2016,5,13,16,0,1,5,1,3,"SR-23-11","",106,36.49237222,-93.70891389,0,42,0,0,1,1,0,4,1,1,0,1,0,"0000000",88,88,88,88,88,88,0,0,0,2,0
5,50069,1,1,0,0,0,1,1,107,0,5,3,2016,7,9,53,0,1,5,1,3,"SR-44-03","",130,34.27416944,-90.89431389,0,42,0,0,1,1,0,4,1,1,0,1,0,"0000000",9,53,10,20,88,88,0,0,0,1,0
5,50070,1,1,0,0,0,5,5,59,0,6,3,2016,1,13,0,0,1,7,2,4,"CR-OLD DIXSONVILLE RD","",0,34.38906111,-92.72120278,0,10,0,0,6,1,0,1,1,1,0,1,0,"425772L",13,3,13,19,99,99,0,0,0,1,0
5,50071,1,1,0,0,0,1,1,125,0,6,3,2016,1,16,30,0,1,7,4,6,"CR W.12 TH ST.","",0,34.77006667,-92.74757222,0,32,0,0,1,1,0,4,1,1,0,1,0,"0000000",16,35,17,1,88,88,0,0,0,1,1
5,50072,1,1,0,0,0,2,2,63,250,6,3,2016,1,17,37,0,2,7,4,6,"SOUTHERLAND DR.","",0,35.76124444,-91.64309167,0,52,0,0,1,1,0,4,1,1,0,1,0,"0000000",17,37,17,41,88,88,0,0,0,1,0
5,50073,2,2,0,0,0,4,4,81,0,7,3,2016,2,19,49,0,1,5,1,3,"SR-234-01","SR-108",103,33.75912778,-94.26421667,0,12,6,0,2,2,0,1,2,1,0,1,0,"0000000",19,50,20,5,99,99,0,0,0,1,1
5,50074,1,1,0,0,0,1,1,47,0,9,3,2016,4,13,50,0,1,5,1,3,"SR-219-01","",29,35.52550833,-93.81134167,0,1,0,0,1,1,0,4,1,10,0,10,0,"0000000",99,99,99,99,88,88,0,0,0,1,0
5,50075,2,2,0,0,0,3,3,89,0,9,3,2016,4,21,25,1,1,3,1,2,"US-62-09","",54,36.26125556,-92.60739444,0,12,8,0,1,1,0,1,2,2,0,2,0,"0000000",21,29,21,40,99,99,0,0,0,1,0
5,50076,1,1,0,0,0,1,1,85,0,10,3,2016,5,10,45,0,1,5,1,2,"US-70-15","",106,34.781775,-91.71415278,0,34,0,0,1,1,0,4,1,2,10,2,0,"0000000",10,54,11,1,88,88,0,0,0,1,1
5,50077,1,1,0,0,0,1,1,95,0,10,3,2016,5,11,16,1,1,3,1,2,"US-49-09","",76,34.77193889,-91.16421667,0,42,0,0,1,1,0,4,1,2,0,2,0,"0000000",99,99,99,99,88,88,0,0,0,1,0
5,50078,1,1,0,1,1,1,1,31,2070,11,3,2016,6,0,26,0,2,4,1,3,"SR-1-17B","CS-GARDEN DRIVE",27,35.80335833,-90.69761667,0,8,0,0,2,2,0,1,2,1,0,1,0,"0000000",0,30,0,38,99,99,0,0,0,1,0
5,50079,1,1,0,0,0,2,2,135,0,11,3,2016,6,8,27,1,1,3,1,2,"US-63-02","",118,36.27328889,-91.33343333,0,34,0,0,1,1,0,4,1,1,0,1,0,"0000000",8,29,8,54,99,99,0,0,0,1,1
5,50080,2,2,0,0,0,2,2,111,0,11,3,2016,6,14,0,0,1,5,1,3,"SR- 163-03","",61,35.54988889,-90.69505278,0,12,2,0,1,1,0,1,1,10,0,10,0,"0000000",14,15,14,27,99,99,0,0,0,1,0
5,50081,1,1,0,0,0,3,3,143,3670,13,3,2016,1,4,30,0,2,7,3,6,"CS-CAUDLE AVE.","CS-TURNER ST.",0,36.17793333,-94.13104722,0,33,0,0,3,3,0,4,3,10,0,10,0,"0000000",4,36,4,40,99,99,0,0,0,2,1
5,50082,1,1,0,0,0,2,2,119,0,13,3,2016,1,8,43,0,1,7,2,4,"CR-DORSEY RD.","",0,34.97559444,-92.17481389,0,42,0,0,1,1,0,4,1,2,10,2,0,"0000000",8,43,8,50,99,99,0,0,0,1,1
5,50083,3,3,0,0,0,6,6,143,3670,13,3,2016,1,14,56,0,2,4,1,3,"SR-265-02","",101,36.19674722,-94.11709167,0,12,2,0,1,1,0,1,1,1,0,1,0,"0000000",14,56,15,3,99,99,0,0,0,1,1
5,50084,2,2,0,0,0,2,2,31,2070,14,3,2016,2,5,42,0,2,3,1,3,"SR-18-04","FUJI STEAKHOUSE",30,35.82116944,-90.67127222,0,12,6,0,4,1,0,1,1,1,0,1,0,"0000000",5,46,5,53,88,88,0,0,0,1,2
5,50085,1,1,0,0,0,1,1,33,0,15,3,2016,3,14,10,1,1,1,1,1,"I-49-27","",232,35.53394444,-94.23276667,0,42,0,0,1,1,0,4,1,1,0,1,0,"0000000",14,13,14,22,88,88,0,0,0,1,0
5,50086,2,2,0,1,1,2,2,119,2320,15,3,2016,3,20,41,1,2,3,60,2,"US-70-12","",19,34.7029,-92.34498333,0,8,0,0,1,1,0,1,3,1,0,1,0,"0000000",8,46,8,54,99,99,0,0,0,1,0
5,50087,1,1,0,0,0,1,1,107,0,18,3,2016,6,7,0,0,1,4,1,3,"SR-242-01","",32,34.58729722,-90.65536111,0,1,0,0,1,1,0,1,1,1,0,1,0,"0000000",88,88,88,88,88,88,0,0,0,1,0
5,50088,2,2,0,0,0,2,2,47,0,18,3,2016,6,11,36,0,1,4,1,3,"SR-23-06","",120,35.48048333,-93.83310556,0,12,6,0,1,1,0,4,1,2,10,2,0,"0000000",11,36,11,40,88,88,0,0,0,1,0
5,50089,2,2,0,1,1,1,1,91,3810,19,3,2016,7,0,0,1,2,1,1,1,"I-30-11","",63,33.50780833,-93.94886389,0,2,0,0,1,1,0,1,2,2,0,2,0,"0000000",88,88,88,88,88,88,19,0,0,1,0
5,50090,2,2,0,0,0,3,3,111,0,21,3,2016,2,9,35,1,1,1,1,1,"I-555-02","",144,35.52795833,-90.44336111,0,12,1,0,1,1,0,1,1,1,0,1,0,"0000000",9,57,10,20,99,99,0,0,0,1,0
5,50091,1,1,0,0,0,1,1,133,0,24,3,2016,5,5,10,0,1,4,1,3,"SR-27-01","",44,33.84839444,-94.07204722,0,1,0,0,1,1,0,4,2,10,0,10,0,"0000000",5,28,5,56,88,88,0,0,0,1,0
5,50092,1,1,0,0,0,2,2,109,0,24,3,2016,5,5,45,0,1,4,1,3,"SR- 27-05","",125,34.21661667,-93.64710278,0,1,0,0,1,1,0,4,2,1,0,1,0,"0000000",5,50,6,15,88,88,0,0,0,1,0
5,50093,1,1,0,0,0,4,4,127,0,24,3,2016,5,8,38,1,1,3,1,2,"US-71-10","",14,34.707525,-94.17760833,0,31,0,0,1,1,0,4,1,10,0,10,0,"0000000",8,38,8,50,99,99,0,0,0,1,0
5,50094,2,2,0,0,0,5,5,135,0,24,3,2016,5,15,52,1,1,3,1,2,"US-167-19","",39,35.98804167,-91.56890278,0,12,2,0,1,1,0,4,1,1,0,1,0,"0000000",15,52,16,0,99,99,0,0,0,1,0
5,50095,1,1,0,0,0,1,1,91,0,25,3,2016,6,5,53,1,1,3,1,2,"US-71-03","",83,33.54816667,-94.041525,0,33,0,0,1,1,0,4,2,1,0,1,0,"0000000",5,53,6,6,88,88,0,0,0,1,1
5,50096,2,2,0,0,0,2,2,43,2680,25,3,2016,6,7,33,1,2,3,60,2,"US-425-04","HOOVER LN",26,33.66683611,-91.80376667,0,12,6,0,2,2,0,1,1,1,0,1,0,"0000000",7,37,7,40,99,99,0,0,0,1,0
5,50097,2,2,0,0,0,2,2,1,1100,25,3,2016,6,23,3,0,1,7,2,4,"CR-SCOTTLAND LEVER RD.","",0,34.317875,-91.30485833,0,12,6,0,4,1,0,1,2,1,0,1,0,"0000000",22,7,22,22,99,99,0,0,0,1,1
5,50098,1,1,0,0,0,1,1,131,1370,25,3,2016,6,20,36,1,2,3,60,2,"US-271-01","TEXAS RD",8,35.31912778,-94.42453611,0,30,0,1,3,2,0,4,2,1,0,1,0,"0000000",20,38,20,46,99,99,0,0,0,1,1
5,50099,1,1,0,0,0,2,2,119,2320,27,3,2016,1,2,31,0,2,7,4,6,"WASHINGTON ST.","",0,34.72675278,-92.32402222,0,30,0,0,1,1,0,4,3,1,0,1,0,"0000000",2,31,2,36,99,99,0,0,0,1,1
5,50100,2,2,0,0,0,2,2,17,2210,29,3,2016,3,3,1,1,1,3,1,2,"US-65-21","",19,33.30428333,-91.28734722,0,12,2,0,1,1,0,1,2,1,0,1,0,"0000000",3,2,3,5,99,99,0,0,0,1,0
5,50101,1,1,0,0,0,2,2,133,0,30,3,2016,4,19,30,0,1,4,1,3,"SR-41-01","",23,34.00908611,-94.34030278,0,34,0,0,1,1,0,4,2,2,0,2,0,"0000000",19,33,19,49,99,99,0,0,0,1,1
5,50102,2,2,0,0,0,2,2,51,1912,30,3,2016,4,20,38,1,2,3,1,2,"US-270-05","",156,34.50943333,-93.14864444,0,12,2,0,1,1,0,1,3,2,0,2,0,"0000000",20,38,20,49,99,99,0,0,0,1,1
5,50103,3,3,0,0,0,3,3,31,2070,31,3,2016,5,6,24,1,1,3,1,2,"US-63-09","",20,35.94822222,-90.82218333,0,12,8,0,1,1,0,1,2,10,0,10,0,"0000000",6,28,6,39,99,99,0,0,0,1,0
5,50104,1,1,0,0,0,2,2,119,2320,31,3,2016,5,7,35,0,2,3,1,3,"SR-10-08","",25,34.78983889,-92.39364444,0,42,0,0,1,1,0,4,1,2,0,2,0,"0000000",7,40,7,54,99,99,0,0,0,1,0
5,50105,2,1,1,0,0,1,1,143,3670,31,3,2016,5,23,34,1,2,3,1,2,"US-71-17B","CS- DON TYSON",42,36.15345833,-94.14383611,0,43,0,0,3,2,0,5,3,1,0,1,0,"0000000",23,38,23,40,88,88,0,0,0,1,1
5,50106,1,1,0,0,0,1,1,147,0,2,4,2016,7,8,45,0,1,5,1,3,"SR-17-05","",11,35.28559444,-91.19941667,0,35,0,0,1,1,0,4,1,1,0,1,0,"0000000",8,49,8,52,88,88,2,0,0,1,0
5,50107,1,1,0,0,0,1,1,59,0,2,4,2016,7,20,15,0,1,5,1,3,"SR-222-01","",124,34.209425,-92.695775,0,1,0,0,1,1,0,4,2,1,0,1,0,"0000000",20,22,20,39,88,88,0,0,0,1,0
5,50108,2,2,0,0,0,2,2,29,0,3,4,2016,1,13,23,0,1,4,1,3,"SR-9-08","",40,35.19429444,-92.69945833,0,1,0,0,1,1,0,1,1,1,0,1,0,"0000000",13,23,13,30,88,88,0,0,0,1,0
5,50109,1,1,0,1,1,1,1,119,2880,4,4,2016,2,21,32,1,2,1,1,1,"I-30-23","",1422,34.77108889,-92.26163056,0,8,0,0,1,1,0,1,2,1,0,1,0,"0000000",88,88,88,88,88,88,0,0,0,1,0
5,50110,1,1,0,0,0,2,2,21,0,6,4,2016,4,15,0,1,1,3,1,2,"US-67-20","",173,36.48682222,-90.54294722,0,35,0,0,1,1,0,4,1,2,0,2,0,"0000000",15,0,15,1,99,99,0,0,0,1,0
5,50111,2,2,0,0,0,4,4,45,860,7,4,2016,5,22,38,1,2,3,1,2,"US-64-09","CS-INGRAM STREET",3,35.09172222,-92.43215833,0,12,6,0,2,2,0,1,2,1,0,1,0,"0000000",99,99,99,99,99,99,0,0,0,1,0
5,50112,2,2,0,0,0,2,2,91,3810,7,4,2016,5,10,43,0,2,3,1,2,"US-71-02","",127,33.40059722,-94.023725,0,12,6,0,8,1,0,1,1,1,0,1,0,"0000000",99,99,99,99,88,88,0,0,0,1,0
5,50113,1,1,0,0,0,2,2,123,0,9,4,2016,7,16,30,0,1,7,2,4,"CR-254","",0,35.10298889,-90.89761111,0,1,0,0,1,1,0,1,1,1,0,1,0,"0000000",16,35,16,41,99,99,0,0,0,1,0
5,50114,1,1,0,0,0,2,2,51,0,10,4,2016,1,0,10,0,1,5,1,3,"SR-192-02","",13,34.61864722,-93.13025278,0,42,0,0,1,1,0,4,2,10,0,10,0,"0000000",0,12,0,26,99,99,0,0,0,1,1
5,50115,1,1,0,0,0,1,1,93,0,10,4,2016,1,2,20,0,1,7,2,4,"CR-230","",0,35.90789722,-89.93644167,0,34,0,0,1,1,0,4,2,10,0,10,0,"0000000",2,33,2,39,88,88,0,0,0,1,1
5,50116,5,5,0,0,0,10,10,75,0,10,4,2016,1,15,25,0,1,4,1,2,"US-412-06","",32,36.07546389,-90.98505,0,12,1,0,1,1,0,1,1,6,7,6,0,"0000000",15,25,15,29,99,99,0,0,0,1,0
5,50117,1,1,0,0,0,1,1,33,0,11,4,2016,2,5,11,0,1,4,1,2,"US-71-15","",147,35.67578611,-94.15671111,0,42,0,0,1,1,0,4,2,2,0,2,0,"0000000",99,99,99,99,88,88,0,0,0,1,0
5,50118,1,1,0,0,0,1,1,127,0,11,4,2016,2,10,30,1,1,3,1,2,"US- 71-10","US-270",80,34.73468056,-94.07755,0,34,0,0,3,3,0,4,1,2,10,2,0,"0000000",15,41,15,56,88,88,18,0,0,1,0
5,50119,1,1,0,0,0,2,2,19,0,13,4,2016,4,4,39,0,1,7,2,4,"CR- UNITY ROAD","",0,34.1361,-93.11157778,0,42,0,0,1,1,0,4,2,10,0,10,0,"0000000",4,51,5,15,99,99,2,0,0,1,1
5,50120,2,2,0,0,0,3,3,143,3840,13,4,2016,4,15,6,1,2,3,1,2,"US- 412-02","CS- PIANALTO",41,36.17688611,-94.26351667,0,12,6,0,2,2,0,1,1,1,0,1,0,"0000000",15,6,15,6,88,88,0,0,0,2,0
5,50121,1,1,0,0,0,1,1,49,0,16,4,2016,7,15,46,0,1,5,1,3,"SR-395-01","",17,36.47610833,-91.81306111,0,1,0,0,1,1,0,1,1,1,0,1,0,"0000000",15,46,15,55,88,88,0,0,0,1,0
5,50122,2,1,1,0,0,2,2,31,2190,17,4,2016,1,1,44,1,1,3,1,3,"SR-18-04","",163,35.82028889,-90.43443889,0,14,0,0,1,1,0,5,2,1,0,1,0,"0000000",1,44,1,46,88,88,0,0,0,2,0
5,50123,2,2,0,0,0,3,3,119,2036,18,4,2016,2,13,22,1,2,2,1,2,"US-67-10","",93,34.86974167,-92.12556667,0,12,2,0,1,1,1,1,1,10,0,10,0,"0000000",13,24,13,25,99,99,3,0,0,1,0
5,50124,2,2,0,0,0,4,4,45,0,18,4,2016,2,16,20,0,1,3,1,3,"SR-36-01","CS- HICKORY RIDGE ROAD",19,35.10456389,-92.30704167,0,12,6,0,2,3,0,1,1,1,0,1,0,"0000000",99,99,99,99,88,88,0,0,0,1,0
5,50125,2,2,0,0,0,3,3,63,0,18,4,2016,2,17,52,1,1,3,1,2,"US-167-18","",53,35.82634444,-91.59220833,0,12,2,0,1,1,4,1,1,10,0,10,0,"0000000",17,56,18,0,99,99,0,0,0,1,0
5,50126,3,3,0,0,0,5,5,85,2350,19,4,2016,3,9,30,1,1,1,1,1,"I-40-41","",1730,34.80366667,-91.91681111,0,12,7,0,1,1,0,1,1,2,10,2,0,"0000000",9,39,9,45,88,88,23,0,0,2,0
5,50127,2,2,0,0,0,4,4,11,0,19,4,2016,3,13,45,0,1,5,1,3,"SR- 8-12","",60,33.46903611,-92.04404722,0,12,8,0,1,1,0,1,1,2,10,2,0,"0000000",13,49,14,2,99,99,0,0,0,1,0
5,50128,2,2,0,0,0,3,3,29,2710,20,4,2016,4,8,9,0,2,4,1,3,"SR-9-08","",16,35.16891111,-92.71624722,0,12,7,0,1,1,0,1,1,1,0,1,0,"0000000",8,9,8,10,99,99,0,0,0,1,0
5,50129,2,2,0,0,0,3,3,139,1210,20,4,2016,4,9,7,1,2,3,1,2,"US-82-05B","",33,33.20596389,-92.64906944,0,12,2,0,1,1,0,1,1,2,0,2,0,"0000000",9,12,9,15,99,99,0,0,0,1,0
5,50130,1,1,0,0,0,1,1,27,0,20,4,2016,4,23,30,0,1,4,1,3,"SR-98-01","",6,33.35046944,-93.33050556,0,24,0,0,1,1,0,4,2,5,0,5,0,"0000000",99,99,99,99,88,88,0,0,0,1,1
5,50131,2,2,0,0,0,2,2,107,4110,21,4,2016,5,6,45,1,1,3,1,2,"US-49-11","",2,34.50049722,-90.60266667,0,12,6,0,1,1,0,1,4,2,10,2,0,"0000000",7,5,7,15,99,99,0,0,0,1,0
5,50132,1,1,0,0,0,1,1,125,0,21,4,2016,5,10,32,0,1,7,2,4,"CR-ZIEGLER RD","",0,34.62485278,-92.79252778,0,42,0,0,1,1,0,4,1,1,0,1,0,"0000000",10,36,11,8,88,88,0,0,0,1,0
5,50133,2,2,0,0,0,3,3,131,1370,21,4,2016,5,18,32,1,2,3,1,2,"US-64-01","CS- RIVERFRONT DRIVE",42,35.42519722,-94.36841111,0,12,7,0,3,2,0,1,1,1,0,1,0,"0000000",18,36,18,37,99,99,0,0,0,1,0
5,50134,2,2,0,0,0,3,3,143,3670,21,4,2016,5,21,6,0,1,7,3,6,"CS- E DON TYSON PKWY","",0,36.15213889,-94.10443889,0,12,1,0,1,1,0,1,2,1,0,1,0,"0000000",21,8,21,12,88,88,0,0,0,1,1
5,50135,1,1,0,0,0,2,2,91,3810,23,4,2016,7,1,44,1,2,1,1,1,"I-49-21","",240,33.367225,-94.00786944,0,1,0,0,1,1,0,1,2,1,0,1,0,"0000000",1,56,2,0,99,99,0,0,0,1,0
5,50136,1,1,0,0,0,1,1,53,0,23,4,2016,7,12,31,0,1,5,1,3,"SR- 46-03","",48,34.36062222,-92.33481111,0,30,0,0,1,1,0,4,1,1,0,1,0,"0000000",99,98,99,98,88,88,0,0,0,1,0
5,50137,1,1,0,0,0,2,2,149,0,25,4,2016,2,18,56,0,1,4,1,3,"SR- 10-04","",136,35.10123056,-93.48237222,0,42,0,0,1,1,0,5,1,1,0,1,0,"0000000",18,56,19,16,99,99,0,0,0,1,1
5,50138,1,1,0,0,0,1,1,51,1912,25,4,2016,2,22,31,1,2,3,1,3,"SR- 7-09","",140,34.54188056,-93.02522778,0,42,0,0,1,1,0,5,2,1,0,1,0,"0000000",22,31,22,38,99,99,0,0,0,1,0
5,50139,1,1,0,0,0,2,2,145,3530,26,4,2016,3,14,37,1,2,2,1,2,"US-67-13","",6,35.258175,-91.68399444,0,24,0,0,1,1,0,4,1,1,0,1,0,"0000000",14,37,14,41,99,99,0,0,0,2,0
5,50140,2,2,0,0,0,2,2,119,2320,28,4,2016,5,17,5,1,2,1,1,1,"I-430-21","",76,34.76799722,-92.39021667,0,12,1,0,1,1,0,1,1,1,0,1,0,"0000000",17,8,17,10,99,99,28,0,0,1,0
5,50141,1,1,0,1,1,2,2,35,0,30,4,2016,7,1,22,1,1,1,1,1,"I-55-11","",28,35.14383333,-90.11605278,0,8,0,0,1,1,0,1,2,10,0,10,0,"0000000",1,52,2,8,88,88,0,0,0,1,0
5,50142,1,1,0,0,0,2,2,119,0,30,4,2016,7,22,32,1,1,1,1,1,"I-40-33","",1463,34.83567778,-92.34761667,0,33,0,0,1,1,0,2,2,1,0,1,0,"0000000",22,33,22,38,99,99,0,0,0,1,0
5,50143,2,2,0,0,0,2,2,7,3610,19,3,2016,7,16,23,0,2,4,1,3,"SR-16-01","E. KENWOOD ST.",5,36.17388056,-94.51463611,0,12,6,0,2,2,0,1,1,1,0,1,0,"0000000",16,24,16,26,99,99,0,0,0,1,0
5,50144,2,2,0,0,0,3,3,33,3930,2,5,2016,2,14,44,0,2,7,3,6,"CS- ALMA BLVD.","CS- N 28TH ST.",0,35.44363333,-94.32909444,0,12,6,0,2,2,0,1,1,1,0,1,0,"0000000",14,50,15,10,99,99,0,0,0,1,0
5,50145,1,1,0,0,0,2,2,31,2070,2,5,2016,2,20,50,1,2,3,1,2,"US- 49-03","",83,35.86422778,-90.61973889,0,5,0,0,1,1,0,1,3,1,0,1,0,"0000000",20,57,21,1,99,99,0,0,0,1,0
5,50146,3,3,0,0,0,4,4,75,4010,2,5,2016,2,21,39,1,2,3,1,2,"US-63-04","SR-91",24,36.032725,-90.94046111,0,12,2,0,2,2,0,1,2,1,0,1,0,"0000000",21,40,21,45,99,99,0,0,0,2,0
5,50147,3,3,0,0,0,3,3,93,0,4,5,2016,4,14,23,0,1,4,1,2,"US- 61-03","",76,35.80223333,-89.92752222,0,12,8,0,1,1,0,1,1,1,0,1,1,"0000000",99,99,99,99,88,88,0,0,0,1,0
5,50148,2,2,0,0,0,3,3,95,0,5,5,2016,5,5,50,1,2,3,1,2,"US- 79-13","",40,34.65560278,-91.38406111,0,12,2,0,1,1,0,1,2,1,0,1,0,"0000000",99,99,99,99,88,88,0,0,0,1,0
5,50149,1,1,0,1,1,1,1,119,0,6,5,2016,6,1,30,0,1,7,2,4,"CR- KELLY RD.","",0,34.82168611,-92.32263611,0,8,0,0,1,1,0,1,2,1,0,1,0,"0000000",1,58,2,15,99,99,0,0,0,1,0
5,50150,1,1,0,0,0,1,1,123,0,7,5,2016,7,16,22,1,1,1,1,1,"I- 40-51","",2370,35.00854167,-90.84596667,0,58,0,0,1,1,0,4,1,1,0,1,0,"0000000",16,25,16,35,88,88,0,0,0,1,0
5,50151,1,1,0,0,0,1,1,71,0,10,5,2016,3,9,26,0,1,5,1,3,"SR- 103+01","",197,35.67733056,-93.59989722,0,1,0,0,1,1,0,5,1,1,0,1,0,"0000000",9,27,9,56,88,88,0,0,0,1,0
5,50152,3,3,0,0,0,5,5,143,3670,11,5,2016,4,18,4,1,2,3,1,2,"US-412-02","",102,36.174825,-94.15466667,0,12,7,0,1,1,0,1,1,1,0,1,0,"0000000",18,5,18,10,99,99,0,0,0,2,1
5,50153,2,2,0,0,0,3,3,143,1310,11,5,2016,4,20,39,0,2,4,1,3,"SR- 16-02","",99,36.07896389,-94.26256944,0,12,6,0,8,1,0,1,2,1,0,1,0,"0000000",20,40,20,48,99,99,0,0,0,1,0