"STATE","ST_CASE","VE_TOTAL","VE_FORMS","PVH_INVL","PEDS","PERNOTMVIT","PERMVIT","PERSONS","COUNTY","CITY","DAY","MONTH","YEAR","DAY_WEEK","HOUR","MINUTE","NHS","RUR_URB","FUNC_SYS","RD_OWNER","ROUTE","TWAY_ID","TWAY_ID2","MILEPT","LATITUDE","LONGITUD","SP_JUR","HARM_EV","MAN_COLL","RELJCT1","RELJCT2","TYP_INT","WRK_ZONE","REL_ROAD","LGT_COND","WEATHER1","WEATHER2","WEATHER","SCH_BUS","RAIL","NOT_HOUR","NOT_MIN","ARR_HOUR","ARR_MIN","HOSP_HR","HOSP_MN","CF1","CF2","CF3","FATALS","DRUNK_DR"
5,50154,1,1,0,0,0,1,1,81,0,12,5,2016,5,13,24,0,1,5,1,3,"SR-32-03","",60,33.68171389,-94.02576667,0,1,0,0,1,1,0,4,1,1,0,1,0,"0000000",13,25,13,36,88,88,0,0,0,1,0
5,50155,2,1,1,1,1,1,1,57,1890,12,5,2016,5,17,36,1,2,1,1,1,"I-30-12","",298,33.679675,-93.614,0,14,0,0,1,1,0,2,1,1,0,1,0,"0000000",17,36,17,46,88,88,23,0,0,1,0
5,50156,5,5,0,0,0,6,6,45,0,13,5,2016,6,18,8,1,1,1,1,1,"I-40-32","",1217,35.12140278,-92.49315556,0,12,2,0,1,1,0,1,1,1,0,1,0,"0000000",18,9,19,18,99,99,0,0,0,1,0
5,50157,2,2,0,0,0,2,2,7,3100,14,5,2016,7,10,43,0,2,5,1,3,"SR- 72-03","CS- PATTERSON ROAD",82,36.45640278,-94.10522778,0,12,6,0,2,3,0,1,1,1,0,1,0,"0000000",10,44,10,53,99,99,0,0,0,1,0
5,50158,2,2,0,0,0,4,4,75,0,14,5,2016,7,11,45,0,1,5,1,3,"SR-91-01","CR-730",106,35.91936389,-90.94354167,0,12,1,0,2,3,0,1,1,1,0,1,0,"0000000",11,52,12,9,99,99,0,0,0,1,0
5,50159,1,1,0,0,0,1,1,143,3250,14,5,2016,7,13,0,0,2,4,1,2,"US- 62-01","CS- BOB KIDD LAKE ROAD",123,35.96355,-94.34958611,0,59,0,0,3,3,0,4,1,1,0,1,0,"0000000",99,99,99,99,88,88,0,0,0,1,1
5,50160,2,2,0,0,0,3,3,97,0,14,5,2016,7,19,32,0,1,5,1,3,"SR- 182-04","CR- ROCKY PINES ROAD",11,34.35468056,-93.44748333,0,12,1,0,3,3,0,1,1,1,0,1,0,"0000000",19,38,19,44,99,99,0,0,0,1,1
5,50161,1,1,0,0,0,1,1,105,0,15,5,2016,1,12,33,0,1,4,1,3,"SR- 9-06","",77,34.9363,-92.807025,0,42,0,0,1,1,0,5,1,1,0,1,0,"0000000",12,34,12,43,88,88,0,0,0,1,1
5,50162,2,2,0,0,0,2,2,85,0,15,5,2016,1,18,15,0,1,4,1,3,"SR-319-02","",50,35.05718056,-92.02509444,0,12,6,0,4,1,0,1,1,1,0,1,0,"0000000",88,88,88,88,88,88,0,0,0,1,1
5,50163,1,1,0,0,0,1,1,133,0,15,5,2016,1,20,26,0,1,5,1,3,"SR-329-01","SR-24",78,33.97475278,-94.23509722,0,1,0,0,2,3,0,1,3,1,0,1,0,"0000000",20,26,20,39,99,99,0,0,0,1,1
5,50164,1,1,0,0,0,2,2,125,0,15,5,2016,1,21,14,0,1,4,1,3,"SR-5-07","",4,34.62264722,-92.86946944,0,58,0,0,1,1,0,4,2,1,0,1,0,"0000000",21,14,21,31,99,99,0,0,0,1,1
5,50165,2,2,0,0,0,4,4,119,2880,15,5,2016,1,23,39,1,2,1,1,1,"I-40-33","",1578,34.77955556,-92.17855556,0,12,1,0,1,1,0,1,2,1,0,1,0,"0000000",23,39,23,45,88,88,0,0,0,2,0
5,50166,1,1,0,0,0,3,3,51,1907,16,5,2016,2,0,15,0,2,7,4,6,"MALVERN AVE.","",0,34.50742222,-93.05059444,0,30,0,0,1,1,0,4,3,10,0,10,0,"0000000",0,16,0,23,99,99,0,0,0,2,0
5,50167,1,1,0,0,0,1,1,129,0,16,5,2016,2,10,10,0,1,4,1,3,"SR-14-04","",68,36.00384167,-92.52215833,0,35,0,0,1,1,0,4,1,10,0,10,0,"0000000",10,11,10,35,88,88,0,0,0,1,0
5,50168,1,1,0,0,0,1,1,119,0,16,5,2016,2,11,25,1,1,1,1,1,"I-40-33","",1420,34.88507222,-92.37814722,0,1,0,0,5,1,0,4,9,99,0,99,0,"0000000",88,88,88,88,88,88,0,0,0,1,1
5,50169,2,2,0,0,0,2,2,31,2070,17,5,2016,3,12,35,0,2,7,1,7,"I-00555-213","",3,35.8063,-90.64037222,0,12,2,0,1,1,0,1,1,1,0,1,0,"0000000",12,35,12,41,88,88,0,0,0,1,0
5,50170,1,1,0,0,0,1,1,119,0,17,5,2016,3,20,59,1,1,1,1,1,"I-40-33","",1460,34.8395,-92.34854722,0,1,0,0,1,1,0,3,2,1,0,1,0,"0000000",88,88,88,88,88,88,0,0,0,1,0
5,50171,1,1,0,0,0,1,1,145,0,17,5,2016,3,22,29,0,1,5,1,3,"SR-157-01","",195,35.51320833,-91.67104722,0,35,0,0,1,1,0,4,2,1,0,1,0,"0000000",22,29,22,55,88,88,0,0,0,1,1
5,50172,3,3,0,0,0,5,5,139,1210,18,5,2016,4,17,2,0,2,7,4,5,"N. MLK JR BLVD","",0,33.21877222,-92.64823889,0,12,1,0,1,1,0,1,1,1,0,1,0,"0000000",17,3,17,6,99,99,0,0,0,1,0
5,50173,2,2,0,0,0,2,2,101,0,19,5,2016,5,21,2,0,1,4,1,3,"SR-7-18","",134,35.99766111,-93.18572778,0,12,2,0,1,1,0,1,2,2,0,2,0,"0000000",21,2,21,10,88,88,0,0,0,1,0
5,50174,2,2,0,0,0,3,3,59,0,20,5,2016,6,4,55,0,1,3,1,2,"US-270-07","",38,34.43550833,-92.86600833,0,12,2,0,1,1,0,1,2,2,0,2,0,"0000000",4,59,5,3,99,99,0,0,0,1,1
5,50175,1,1,0,0,0,1,1,33,0,21,5,2016,7,12,4,0,1,4,1,3,"SR-59-05","",56,35.68654444,-94.46474722,0,26,0,0,1,1,4,4,1,1,0,1,0,"0000000",12,13,12,35,88,88,3,0,0,1,0
5,50176,1,1,0,0,0,1,1,27,0,22,5,2016,1,6,45,0,1,4,1,3,"SR- 371-06","",87,33.334425,-93.26844722,0,42,0,0,1,1,0,4,1,1,0,1,0,"0000000",6,46,6,56,99,99,0,0,0,1,0
5,50177,1,1,0,0,0,1,1,3,0,22,5,2016,1,12,4,0,1,5,1,3,"SR- 133-01","",71,33.22775,-91.92451667,0,32,0,0,1,1,0,4,1,1,0,1,0,"0000000",12,6,12,17,88,88,0,0,0,1,0
5,50178,2,2,0,0,0,2,2,133,0,24,5,2016,3,15,5,1,1,3,1,2,"US-71-05","SR- 27",36,33.84289444,-94.14445833,0,12,6,0,2,3,0,1,1,1,0,1,0,"0000000",15,13,15,36,99,99,0,0,0,1,0
5,50179,2,2,0,0,0,3,3,55,3030,24,5,2016,3,16,24,1,2,3,1,3,"SR- 135-05","",24,36.09918056,-90.50266389,0,12,2,0,1,1,0,1,1,2,10,2,0,"0000000",16,28,16,30,99,99,0,0,0,1,0
5,50180,2,2,0,0,0,2,2,63,0,24,5,2016,3,18,23,0,1,5,1,3,"SR- 122-01","",40,35.68719167,-91.44406944,0,12,8,0,1,1,0,1,1,2,0,2,0,"0000000",18,24,18,55,99,99,0,0,0,1,0
5,50182,1,1,0,0,0,1,1,143,0,25,5,2016,4,16,15,0,1,7,2,4,"CR- VINEY GROVE","",0,36.03255278,-94.33479722,0,34,0,0,1,1,0,4,1,1,0,1,0,"0000000",16,23,16,40,99,99,0,0,0,1,0
5,50183,2,2,0,0,0,4,4,25,0,26,5,2016,5,6,35,0,1,4,1,2,"US-63-15","",41,34.00445556,-92.04188889,0,12,8,0,1,1,0,1,1,1,0,1,0,"0000000",6,40,6,59,99,99,0,0,0,1,0
5,50184,1,1,0,0,0,1,1,103,0,27,5,2016,6,9,50,1,1,3,1,2,"US- 79-04","",189,33.74086944,-92.60971389,0,32,0,0,1,1,0,3,1,2,0,2,0,"0000000",10,12,10,28,88,88,0,0,0,1,0
5,50185,1,1,0,1,1,1,1,123,1360,27,5,2016,6,22,32,0,2,7,3,6,"CS- BROWN AVE.","",0,34.99404722,-90.80549722,0,8,0,0,1,1,0,1,3,10,0,10,0,"0000000",22,38,22,44,99,99,20,0,0,1,0
5,50186,2,2,0,0,0,4,4,51,0,28,5,2016,7,6,40,1,1,3,1,2,"US-70-09","",133,34.55611389,-92.81031667,0,12,2,0,1,1,0,1,1,1,0,1,0,"0000000",6,48,7,0,99,99,0,0,0,1,0
5,50187,1,1,0,0,0,1,1,51,0,28,5,2016,7,14,15,0,1,5,1,3,"SR-227-01","",44,34.55238333,-93.15620833,0,59,0,0,1,1,0,4,1,1,0,1,0,"0000000",99,99,99,99,88,88,0,0,0,1,0
5,50188,1,1,0,1,1,1,1,51,1907,28,5,2016,7,15,35,0,2,3,1,3,"SR-7-09","",99,34.49767222,-93.05691667,0,43,0,0,1,1,0,5,1,1,0,1,0,"0000000",15,35,15,40,99,99,0,0,0,1,0
5,50189,1,1,0,0,0,2,2,59,0,28,5,2016,7,16,5,1,1,1,1,1,"I-30-21","",863,34.27674444,-92.96520833,0,1,0,0,1,1,0,4,1,1,0,1,0,"0000000",16,12,16,27,99,99,0,0,0,1,0
5,50190,1,1,0,0,0,3,3,149,980,28,5,2016,7,21,4,0,1,4,1,3,"SR-27-10","",106,35.16449722,-93.27913056,0,32,0,0,1,1,0,4,2,1,0,1,0,"0000000",21,4,21,12,99,99,0,0,0,1,1
5,50191,1,1,0,0,0,1,1,63,0,29,5,2016,1,1,30,0,1,4,1,3,"SR- 25-05","",34,35.78561667,-91.57945278,0,1,0,0,1,1,0,4,2,1,0,1,0,"0000000",1,31,1,40,88,88,0,0,0,1,1
5,50192,2,2,0,0,0,4,4,91,3810,29,5,2016,1,10,42,1,2,3,1,2,"US-82-01","",32,33.42995278,-93.97276944,0,12,1,0,8,1,0,1,1,1,0,1,0,"0000000",99,98,99,98,88,88,0,0,0,1,0
5,50193,1,1,0,0,0,1,1,105,0,29,5,2016,1,11,45,0,1,5,1,3,"SR- 9-06","",2,34.84166389,-92.76770278,0,34,0,0,1,1,0,4,1,1,0,1,0,"0000000",11,50,12,5,99,99,0,0,0,1,0
5,50194,2,2,0,0,0,2,2,119,2880,1,6,2016,4,3,49,1,2,1,1,1,"I-430-21","",105,34.80116944,-92.37342222,0,12,2,0,1,1,0,1,2,1,0,1,0,"0000000",99,99,99,99,88,88,0,0,0,2,1
5,50195,1,1,0,0,0,1,1,119,0,1,6,2016,4,13,59,0,1,4,1,3,"SR- 161-03","",48,34.83224722,-92.13864444,0,42,0,0,1,1,0,4,1,2,0,2,0,"0000000",14,0,14,5,88,88,0,0,0,1,0
5,50196,2,2,0,0,0,3,3,139,0,2,6,2016,5,5,40,1,1,3,1,2,"US-82-05","",118,33.20879167,-92.79399444,0,12,2,0,1,1,0,1,4,10,0,10,0,"0000000",5,55,6,0,88,88,0,0,0,2,0
5,50197,1,1,0,0,0,1,1,135,0,2,6,2016,5,16,47,0,1,4,1,3,"SR-56-03","",42,36.21391389,-91.61146111,0,32,0,0,1,1,0,4,1,1,0,1,0,"0000000",16,47,17,3,88,88,0,0,0,1,0
5,50198,2,2,0,0,0,4,4,125,0,2,6,2016,5,18,37,0,1,4,1,3,"SR-5-07","",61,34.61224722,-92.77539444,0,12,2,0,1,1,0,1,1,2,0,2,0,"0000000",99,99,99,99,99,99,0,0,0,2,0
5,50199,1,1,0,0,0,1,1,51,1907,2,6,2016,5,22,6,0,2,7,3,6,"CS- RIDGEWAY","",0,34.49395278,-93.00749444,0,42,0,0,1,1,0,4,2,1,0,1,0,"0000000",22,13,22,16,88,88,0,0,0,1,0
5,50200,2,1,1,0,0,1,1,63,0,3,6,2016,6,17,43,0,1,5,1,3,"SR- 106-01","",13,35.778175,-91.68230278,0,30,0,0,1,1,0,4,1,10,0,10,0,"0000000",17,43,17,48,88,88,0,0,0,1,1
5,50201,1,1,0,1,1,1,1,119,2880,3,6,2016,6,20,51,0,2,4,1,3,"SR-161-03","",97,34.78646389,-92.20206944,0,8,0,0,1,1,0,1,3,2,0,2,0,"0000000",20,53,20,57,99,99,0,0,0,1,0
5,50202,3,3,0,0,0,6,6,7,340,4,6,2016,7,22,19,1,2,3,1,2,"US-62-02","",2,36.35631667,-94.17522778,0,12,2,0,1,1,0,1,2,1,0,1,0,"0000000",22,19,22,25,99,99,0,0,0,1,1
5,50203,1,1,0,0,0,1,1,15,0,5,6,2016,1,12,15,0,1,5,1,3,"SR-221-01","",12,36.40761944,-93.56183056,0,34,0,0,1,1,0,4,1,1,0,1,0,"0000000",88,88,88,88,88,88,0,0,0,1,0
5,50204,1,1,0,0,0,2,2,7,1450,5,6,2016,1,12,36,1,1,3,1,2,"US-62-02","",130,36.44700278,-94.00391944,0,33,0,0,1,1,0,4,1,1,0,1,0,"0000000",12,37,12,41,99,99,0,0,0,1,0
5,50205,3,3,0,0,0,3,3,53,0,6,6,2016,2,7,4,0,1,4,1,3,"SR-35-02","",56,34.38887778,-92.48130556,0,12,2,0,1,1,0,1,1,1,0,1,0,"0000000",7,6,7,21,99,99,14,0,0,1,0
5,50206,3,3,0,0,0,3,3,95,0,6,6,2016,2,11,5,1,1,1,1,1,"I-40-43","",2096,34.869675,-91.29045,0,12,1,0,1,1,0,1,1,1,0,1,0,"0000000",99,99,99,99,88,88,26,0,0,1,0
5,50207,2,2,0,0,0,3,3,133,0,6,6,2016,2,12,50,1,1,3,1,2,"US-71-06","",94,34.04591389,-94.26100556,0,12,8,0,1,1,0,1,1,1,0,1,0,"0000000",12,53,12,59,99,99,0,0,0,1,0
5,50208,2,2,0,0,0,4,4,45,0,6,6,2016,2,13,0,0,1,4,1,3,"SR- 25-00","CS- ELLIOTT ROAD",47,35.16668611,-92.44328611,0,12,6,0,2,3,0,1,1,1,0,1,0,"0000000",13,2,13,13,99,99,0,0,0,2,0
5,50209,2,2,0,0,0,4,4,137,0,7,6,2016,3,8,50,0,1,4,1,3,"SR- 14-07","",184,35.76918889,-91.88146667,0,12,6,0,8,1,0,1,1,1,0,1,0,"0000000",8,55,9,4,99,99,0,0,0,1,0
5,50210,1,1,0,1,1,1,1,31,0,8,6,2016,4,17,15,0,1,7,25,4,"CR- 766","",0,35.90822778,-90.68794167,0,9,0,0,1,1,0,1,1,1,0,1,0,"0000000",17,17,17,31,88,88,0,0,0,1,0
5,50211,1,1,0,0,0,1,1,17,0,10,6,2016,6,17,2,1,1,3,1,2,"US-65-21","US-82",47,33.27875833,-91.251775,0,24,0,0,3,3,0,4,1,1,0,1,0,"0000000",17,5,17,8,99,99,0,0,0,1,0
5,50212,1,1,0,0,0,1,1,51,0,11,6,2016,7,12,48,1,1,3,1,3,"SR- 7-10","",151,34.74726111,-93.06004167,0,42,0,0,1,1,0,4,1,1,0,1,0,"0000000",12,49,13,1,99,99,0,0,0,1,0
5,50213,2,1,1,0,0,1,1,7,2312,11,6,2016,7,23,29,0,1,4,1,3,"SR-94-02","",47,36.39355,-94.11961667,0,1,0,0,1,1,0,4,2,5,0,5,0,"0000000",11,29,11,36,88,88,0,0,0,1,1
5,50214,2,2,0,0,0,4,4,51,0,12,6,2016,1,15,5,1,1,3,1,2,"US- 270-06","",76,34.46272222,-92.93600556,0,12,6,0,1,1,0,1,1,10,0,10,0,"0000000",99,99,99,99,99,99,0,0,0,2,0
5,50215,2,2,0,0,0,2,2,7,2380,16,6,2016,5,5,0,1,2,1,1,1,"I-49-29","",784,36.26034722,-94.15018611,0,12,6,0,1,1,0,1,2,1,0,1,0,"0000000",5,2,5,8,88,88,0,0,0,1,0
5,50216,1,1,0,0,0,1,1,7,3390,17,6,2016,6,3,49,0,2,7,3,6,"CS- N. ARKANSAS STREET","",0,36.35841944,-94.11111667,0,31,0,0,1,1,0,4,2,1,0,1,0,"0000000",99,99,99,99,88,88,0,0,0,1,0
5,50217,1,1,0,0,0,2,2,115,0,17,6,2016,6,7,44,1,1,1,1,1,"I-40-22","",790,35.31983333,-93.16862222,0,1,0,0,1,1,0,1,1,1,0,1,0,"0000000",7,44,7,56,99,99,0,0,0,2,0
5,50218,2,2,0,0,0,2,2,143,0,17,6,2016,6,18,0,0,1,4,1,2,"US-62-01","",59,35.95896111,-94.44917222,0,12,2,0,1,1,0,1,1,1,0,1,0,"0000000",18,1,18,7,99,99,0,0,0,1,0
5,50219,2,2,0,0,0,3,3,91,3810,17,6,2016,6,18,13,1,2,1,1,1,"I-30-11","",30,33.47865,-93.99201111,0,12,1,0,1,1,0,1,1,1,0,1,0,"0000000",99,99,99,99,99,99,28,0,0,1,0
5,50220,2,2,0,0,0,3,3,85,0,18,6,2016,7,2,18,0,1,4,1,3,"SR-294-02","",56,34.83354167,-91.9849,0,11,0,0,1,1,0,1,2,1,0,1,0,"0000000",2,21,2,38,99,99,14,0,0,1,1
5,50221,1,1,0,0,0,2,2,137,0,18,6,2016,7,6,55,0,1,4,1,3,"SR- 5-16","",21,35.73364167,-91.93111389,0,35,0,0,1,1,0,4,1,1,0,1,0,"0000000",7,2,7,20,99,99,0,0,0,1,0
5,50222,3,3,0,0,0,5,5,15,0,18,6,2016,7,19,0,0,1,4,1,2,"US-62-03","",94,36.41458333,-93.77153611,0,12,8,0,1,1,0,1,1,1,0,1,0,"0000000",19,3,19,20,99,99,0,0,0,2,2
5,50223,1,1,0,0,0,1,1,143,1310,19,6,2016,1,4,41,1,2,3,1,2,"US-71-16B","",17,36.05191944,-94.16441389,0,33,0,0,1,1,0,4,2,1,0,1,0,"0000000",4,48,4,51,99,99,0,0,0,1,0
5,50224,2,2,0,0,0,2,2,135,0,19,6,2016,1,16,18,1,1,3,1,2,"US-167-19","",31,36.10406944,-91.60658889,0,12,6,0,1,1,4,1,1,1,0,1,0,"0000000",16,20,16,33,99,99,3,0,0,1,0
5,50225,1,1,0,0,0,1,1,47,0,19,6,2016,1,17,57,0,1,4,1,3,"SR- 23-07","",152,35.67169722,-93.83131944,0,42,0,0,1,1,0,4,1,10,0,10,0,"0000000",18,11,18,22,88,88,0,0,0,1,0
5,50226,1,1,0,0,0,2,2,117,1810,21,6,2016,3,4,19,1,2,1,1,1,"I-40-42","",1911,34.81815833,-91.60422222,0,57,0,0,1,1,0,3,2,1,0,1,0,"0000000",4,33,4,55,99,99,0,0,0,1,0
5,50227,1,1,0,0,0,1,1,35,0,22,6,2016,4,14,55,0,1,7,2,4,"CR- BINGSTORE RD.","",0,35.182675,-90.39977222,0,34,0,0,1,1,0,4,1,1,0,1,0,"0000000",15,6,99,99,99,99,0,0,0,1,0
5,50228,2,2,0,0,0,3,3,119,2320,23,6,2016,5,0,59,0,2,7,3,6,"CS- W.12TH STREET","CS- S. CEDAR STREET",0,34.74049722,-92.31788056,0,12,6,0,2,2,0,1,3,1,0,1,0,"0000000",1,0,1,5,99,99,0,0,0,2,0
5,50229,1,1,0,0,0,2,2,139,620,25,6,2016,7,0,50,1,1,3,1,2,"US- 167-02","",74,33.32696389,-92.555975,0,35,0,0,1,1,4,4,2,1,0,1,0,"0000000",0,54,1,5,99,99,3,0,0,1,1
5,50230,1,1,0,0,0,1,1,111,3900,25,6,2016,7,19,45,1,1,1,1,1,"I-00555-126 RAMP","",3,35.47418889,-90.33302778,0,1,0,1,20,1,0,1,1,1,0,1,0,"0000000",19,52,20,1,88,88,0,0,0,1,1
5,50231,1,1,0,0,0,1,1,49,0,26,6,2016,1,16,20,0,1,5,1,3,"SR- 223-02","",7,36.26735278,-92.05276667,0,1,0,0,1,1,0,1,1,1,0,1,0,"0000000",16,24,16,52,99,99,0,0,0,1,0
5,50232,1,1,0,0,0,1,1,23,0,28,6,2016,3,1,50,0,1,5,1,3,"SR- 92-05","",142,35.63315556,-91.950825,0,35,0,0,1,1,0,4,2,1,0,1,0,"0000000",2,7,2,34,88,88,0,0,0,1,1
5,50233,1,1,0,0,0,1,1,137,0,28,6,2016,3,3,40,0,1,7,2,4,"CR- HERPEL ROAD","",0,35.87786389,-92.08709444,0,11,0,0,1,1,0,1,2,1,0,1,0,"0000000",3,51,4,21,99,99,0,0,0,1,0
5,50234,2,2,0,0,0,2,2,7,0,28,6,2016,3,19,18,0,2,4,1,3,"SR-264-01","",14,36.224325,-94.11466111,0,12,6,0,8,1,0,1,1,1,0,1,0,"0000000",19,18,19,23,99,99,0,0,0,1,0
5,50235,1,1,0,1,1,3,3,119,2320,28,6,2016,3,20,26,0,2,7,4,6,"CS-MEADOWCLIFF","CS- DELROSE",0,34.69512778,-92.35011111,0,15,0,0,2,3,0,1,5,1,0,1,0,"0000000",20,31,20,40,99,99,0,0,0,1,0
5,50236,2,2,0,0,0,5,5,99,0,29,6,2016,4,9,48,0,1,5,1,2,"US-67-03","",32,33.75589167,-93.44010278,0,12,2,0,1,1,0,1,1,1,0,1,0,"0000000",9,55,10,2,99,99,0,0,0,1,0
5,50237,2,2,0,0,0,2,2,71,800,29,6,2016,4,15,36,0,2,4,1,2,"US-64-04","",108,35.46213889,-93.52491389,0,12,8,0,1,1,0,1,1,1,0,1,0,"0000000",15,36,15,41,88,88,0,0,0,1,0
5,50238,1,1,0,0,0,3,3,47,0,30,6,2016,5,7,15,0,1,5,1,2,"US-64-03","",42,35.51538611,-93.96285556,0,34,0,0,1,1,0,4,1,1,0,1,0,"0000000",7,16,7,26,99,99,0,0,0,1,0
5,50239,3,3,0,0,0,4,4,35,4120,30,6,2016,5,18,0,0,2,3,1,3,"SR-77-05","CS-S. WORTHINGTON DR.",172,35.1572,-90.18476667,0,12,6,0,2,3,0,1,1,1,0,1,0,"0000000",18,3,18,5,99,99,0,0,0,1,0
5,50240,2,2,0,0,0,3,3,145,0,2,7,2016,7,18,53,0,1,4,1,3,"SR-5-140","SR-",19,35.13425833,-92.098725,0,12,6,0,1,1,0,1,1,1,0,1,0,"0000000",18,55,19,13,99,99,0,0,0,1,0
5,50241,2,2,0,0,0,2,2,111,0,2,7,2016,7,14,53,0,1,5,1,3,"SR-69-060","SR-",31,35.67818889,-90.60521944,0,12,6,0,1,1,0,1,1,1,0,1,0,"0000000",14,58,15,5,99,99,0,0,0,1,0
5,50242,1,1,0,0,0,2,2,143,0,2,7,2016,7,23,10,0,1,5,1,3,"SR-265-010","SR-",79,35.90072222,-94.28894722,0,42,0,0,1,1,0,4,2,1,0,1,0,"0000000",23,12,23,25,88,88,0,0,0,2,0
5,50243,1,1,0,0,0,1,1,149,0,7,7,2016,5,17,9,0,1,5,1,3,"SR-60-030","SR-",55,34.97422778,-93.27466944,0,1,0,0,1,1,0,1,1,1,0,1,0,"0000000",17,13,17,24,88,88,0,0,0,1,1
5,50244,1,1,0,0,0,1,1,139,0,7,7,2016,5,12,50,0,1,5,1,3,"SR-15-010","",80,33.085175,-92.86330278,0,42,0,0,1,1,0,4,1,1,0,1,0,"0000000",12,56,13,13,88,88,0,0,0,1,1
5,50245,1,1,0,0,0,1,1,7,355,4,7,2016,2,18,5,1,2,1,1,1,"I-49-290","I-",761,36.23471111,-94.1676,0,25,0,0,1,1,4,4,1,1,0,1,0,"0000000",18,6,18,18,99,99,0,0,0,1,1
5,50246,1,1,0,0,0,1,1,9,0,8,7,2016,6,21,45,1,1,3,1,2,"US-65-010","US-",81,36.384375,-93.22339167,0,35,0,0,1,1,0,4,2,1,0,1,0,"0000000",21,46,22,3,88,88,0,0,0,1,1
5,50247,1,1,0,0,0,1,1,15,0,8,7,2016,6,15,43,0,1,5,1,3,"SR-187-000","SR-",55,36.46843889,-93.75986111,0,35,0,0,1,1,0,4,1,1,0,1,0,"0000000",88,88,88,88,88,88,0,0,0,1,0
5,50248,1,1,0,0,0,1,1,59,0,8,7,2016,6,5,20,1,1,1,1,1,"I-30-210","I-",869,34.283175,-92.95893056,0,57,0,0,1,1,0,3,2,1,0,1,0,"0000000",88,88,88,88,88,88,0,0,0,1,0
5,50249,1,1,0,0,0,4,4,17,0,15,7,2016,6,17,55,0,1,7,2,4,"CR-E0047","CR-",15,33.5464,-91.42751389,0,10,0,0,6,1,0,1,1,1,0,1,0,"438872D",17,57,18,5,99,99,2,0,0,4,0
5,50250,1,1,0,0,0,1,1,15,0,18,7,2016,2,11,8,1,1,3,1,2,"US-412-050","US-",183,36.26015833,-93.32461667,0,38,0,0,1,1,0,4,1,1,0,1,0,"0000000",11,9,11,25,88,88,0,0,0,1,0
5,50251,2,2,0,0,0,3,3,51,0,19,7,2016,3,17,5,0,1,4,1,2,"US-70-08","",46,34.43013056,-93.284225,0,12,2,0,1,1,0,1,1,1,0,1,0,"0000000",17,5,17,23,99,99,0,0,0,1,0
5,50252,1,1,0,0,0,1,1,109,3140,20,7,2016,4,15,0,0,1,4,1,3,"SR-27-050","SR-",126,34.21768333,-93.64740833,0,34,0,0,1,1,0,4,1,1,0,1,0,"0000000",17,3,17,18,88,88,0,0,0,1,0
5,50253,2,2,0,0,0,2,2,25,0,18,7,2016,2,14,30,0,1,5,1,3,"SR-35-040","",10,34.04907778,-92.27983611,0,12,6,0,1,1,0,1,1,10,0,10,0,"0000000",15,0,15,32,99,99,0,0,0,1,0
5,50254,1,1,0,0,0,1,1,59,0,22,7,2016,6,15,21,1,1,3,1,2,"US-270-070","US-",21,34.44595833,-92.88965833,0,43,0,0,1,1,0,4,1,1,0,1,0,"0000000",15,31,15,35,99,99,0,0,0,1,0
5,50255,3,3,0,0,0,7,7,7,340,18,7,2016,2,15,50,0,2,4,1,3,"SR-102-030","SR-SW TATER BLACK RD",15,36.35790278,-94.25785,0,12,6,0,2,3,0,1,1,1,0,1,0,"0000000",15,52,15,56,99,99,0,0,0,1,0
5,50256,2,2,0,0,0,6,6,15,0,24,7,2016,1,16,41,1,1,3,1,2,"US-412-050","",56,36.16727222,-93.47140278,0,12,2,0,1,1,0,1,1,2,0,2,0,"0000000",16,49,17,10,99,99,0,0,0,1,0
5,50257,1,1,0,0,0,1,1,105,0,22,7,2016,6,10,15,1,1,3,1,3,"SR-7-110","",143,34.91445833,-93.11560556,0,1,0,0,1,1,0,4,1,1,0,1,0,"0000000",10,17,10,43,88,88,0,0,0,1,0
5,50258,1,1,0,1,1,1,1,43,0,25,7,2016,2,5,50,0,1,5,1,3,"SR-138-030","SR-",130,33.72887778,-91.6079,0,8,0,0,1,1,0,1,4,1,0,1,0,"0000000",99,99,99,99,88,88,2,0,0,1,0
5,50259,3,3,0,0,0,3,3,119,2880,25,7,2016,2,14,20,1,2,1,1,1,"I-40-330","I-",1588,34.78145,-92.16106389,0,12,1,0,1,1,0,1,1,1,0,1,0,"0000000",14,28,14,34,99,99,27,0,0,1,0
5,50260,1,1,0,0,0,1,1,17,0,27,7,2016,4,10,30,0,1,4,1,3,"SR-159-010","SR-",42,33.06111667,-91.28501944,0,32,0,0,1,1,0,4,1,10,2,2,0,"0000000",10,16,10,33,99,99,0,0,0,1,0
5,50263,2,2,0,0,0,3,3,7,315,31,7,2016,1,17,40,1,2,3,1,2,"US-71-190","US-TRAFALGAR RD",42,36.46753056,-94.24201667,0,12,1,0,2,3,0,1,1,1,0,1,0,"0000000",17,44,17,48,99,99,0,0,0,1,0
5,50264,2,2,0,0,0,2,2,51,0,28,7,2016,5,12,27,0,1,4,1,2,"US-70-080","",8,34.40349167,-93.33895556,0,12,6,0,1,1,0,4,1,1,0,1,0,"0000000",12,30,12,47,99,99,0,0,0,1,1
5,50265,1,1,0,0,0,1,1,35,0,31,7,2016,1,3,57,1,1,1,1,1,"I-40-520","I-",2657,35.15121389,-90.38995833,0,34,0,0,1,1,0,3,2,99,0,99,0,"0000000",88,88,88,88,88,88,0,0,0,1,0
5,50266,1,1,0,0,0,1,1,145,0,4,8,2016,5,21,57,0,1,5,1,3,"SR-31-040","",201,35.23823056,-92.04611389,0,32,0,0,1,1,0,4,2,1,0,1,0,"0000000",88,88,88,88,88,88,0,0,0,1,1