"STATE","ST_CASE","VE_TOTAL","VE_FORMS","PVH_INVL","PEDS","PERNOTMVIT","PERMVIT","PERSONS","COUNTY","CITY","DAY","MONTH","YEAR","DAY_WEEK","HOUR","MINUTE","NHS","RUR_URB","FUNC_SYS","RD_OWNER","ROUTE","TWAY_ID","TWAY_ID2","MILEPT","LATITUDE","LONGITUD","SP_JUR","HARM_EV","MAN_COLL","RELJCT1","RELJCT2","TYP_INT","WRK_ZONE","REL_ROAD","LGT_COND","WEATHER1","WEATHER2","WEATHER","SCH_BUS","RAIL","NOT_HOUR","NOT_MIN","ARR_HOUR","ARR_MIN","HOSP_HR","HOSP_MN","CF1","CF2","CF3","FATALS","DRUNK_DR"
5,50383,2,2,0,0,0,2,2,93,0,11,11,2016,6,7,20,0,1,5,1,3,"SR-312-010","",41,35.87143889,-89.93224722,0,12,2,0,1,1,0,1,1,1,0,1,0,"0000000",7,24,7,42,88,88,0,0,0,2,0
5,50384,1,1,0,1,1,1,1,111,0,14,11,2016,2,17,23,0,1,5,1,3,"SR-69-070","",24,35.69353889,-90.50041111,0,8,0,0,1,1,0,1,2,1,0,1,0,"0000000",17,23,17,31,99,99,0,0,0,1,0
5,50385,1,1,0,0,0,1,1,57,0,16,11,2016,4,11,39,1,2,1,1,1,"I-30-120","",287,33.66898889,-93.62799722,0,42,0,0,1,1,0,3,1,1,0,1,0,"0000000",11,40,11,50,99,99,0,0,0,1,0
5,50386,2,2,0,0,0,5,5,69,2045,3,11,2016,5,15,8,1,1,1,1,1,"I-530-050","",202,34.436875,-92.19575833,0,57,0,0,1,1,0,3,1,1,0,1,0,"0000000",15,12,15,38,99,99,0,0,0,1,0
5,50387,2,2,0,0,0,2,2,31,0,16,11,2016,4,19,45,0,1,5,1,3,"SR-91-020","",56,35.84430556,-90.88078056,0,12,6,0,1,1,0,1,2,1,0,1,0,"0000000",19,57,20,11,99,99,0,0,0,1,1
5,50388,1,1,0,0,0,1,1,31,2070,13,11,2016,1,5,0,1,2,1,1,1,"I-555-070","",24,35.80693056,-90.65569722,0,52,0,0,1,1,0,3,3,1,0,1,0,"0000000",7,55,8,10,88,88,0,0,0,1,1
5,50389,1,1,0,0,0,1,1,3,0,21,11,2016,2,9,35,0,1,4,1,2,"US-165-010","",197,33.26523333,-91.50139444,0,42,0,0,1,1,0,4,1,1,0,1,0,"0000000",9,38,9,57,99,99,0,0,0,1,0
5,50390,1,1,0,0,0,1,1,107,0,21,11,2016,2,15,30,1,1,3,1,3,"SR-1-080","",1,34.55589167,-90.76826111,0,41,0,0,1,1,0,4,1,1,0,1,0,"0000000",88,88,88,88,88,88,0,0,0,1,0
5,50391,2,2,0,0,0,4,4,57,0,22,11,2016,3,15,50,0,1,5,1,2,"US-371-030","",52,33.94826389,-93.73615,0,12,2,0,1,1,0,1,1,2,0,2,0,"0000000",15,56,16,5,99,99,0,0,0,1,0
5,50392,2,2,0,0,0,3,3,91,0,15,11,2016,3,12,20,1,1,3,1,2,"US-82-010","",171,33.40402222,-93.74437778,0,12,2,0,1,1,0,1,1,1,0,1,0,"0000000",12,15,12,37,99,99,0,0,0,1,0
5,50393,2,2,0,0,0,2,2,27,0,18,11,2016,6,8,30,0,1,4,1,2,"US-371-070","",63,33.25979444,-93.31075833,0,12,1,0,1,1,0,1,1,1,0,1,0,"0000000",88,88,88,88,88,88,0,0,0,1,0
5,50395,2,2,0,0,0,3,3,87,0,15,11,2016,3,17,25,1,1,3,1,2,"US-412-030","US-03B",52,36.13213611,-93.85226389,0,12,6,0,2,3,0,1,1,1,0,1,0,"0000000",17,24,17,26,99,99,0,0,0,1,0
5,50396,1,1,0,0,0,2,2,51,2740,7,11,2016,2,18,14,0,1,5,1,3,"SR-227-010","",60,34.57334167,-93.16124167,0,1,0,0,1,1,0,4,2,2,10,2,0,"0000000",18,16,18,18,99,99,0,0,0,1,0
5,50397,1,1,0,0,0,1,1,143,1310,27,11,2016,1,3,0,1,2,1,1,1,"I-49-280","",669,36.11247778,-94.17063333,0,42,0,0,1,1,4,5,2,10,0,10,0,"0000000",8,0,8,16,88,88,0,0,0,1,0
5,50398,1,1,0,0,0,1,1,119,2880,20,11,2016,1,4,43,1,2,1,1,1,"I-00440-172 RAMP","",2,34.77855278,-92.16289444,0,1,0,1,5,1,0,5,2,1,0,1,0,"0000000",4,45,4,47,88,88,0,0,0,1,1
5,50399,1,1,0,0,0,1,1,25,0,28,11,2016,2,16,50,1,1,3,1,2,"US-79-070","",16,33.86504167,-92.327925,0,42,0,0,1,1,0,5,1,2,10,2,0,"0000000",17,45,18,0,88,88,0,0,0,1,1
5,50400,1,1,0,0,0,2,2,27,0,29,11,2016,3,17,6,0,1,5,1,3,"SR-98-020","",26,33.35747778,-93.14903333,0,52,0,0,1,1,0,4,1,10,0,10,0,"0000000",17,11,17,24,99,99,0,0,0,1,0
5,50401,1,1,0,0,0,1,1,145,290,26,11,2016,7,4,12,1,2,3,1,2,"US-67-120","",14,35.05866667,-91.93135556,0,1,0,0,1,1,0,4,2,5,0,5,0,"0000000",4,23,4,39,88,88,0,0,0,1,1
5,50402,2,2,0,0,0,3,3,49,0,4,11,2016,6,14,30,1,1,3,1,2,"US-63-010","US-WIRTH RD",43,36.45784722,-91.49549167,0,12,6,0,3,3,0,1,1,1,0,1,0,"0000000",14,43,14,54,88,88,0,0,0,2,0
5,50403,1,1,0,0,0,1,1,5,0,23,11,2016,4,7,45,0,1,4,1,3,"SR-5-190","",49,36.37829722,-92.44348611,0,32,0,0,1,1,0,4,1,5,0,5,0,"0000000",7,45,7,51,99,99,0,0,0,1,0
5,50404,1,1,0,0,0,2,2,115,3450,8,12,2016,5,18,55,1,2,1,1,1,"I-00040-324","I-40",0,35.28977778,-93.10338889,0,59,0,1,5,1,0,4,2,1,0,1,0,"0000000",18,58,19,8,99,99,0,0,0,1,0
5,50405,2,2,0,0,0,4,4,45,0,5,12,2016,2,17,36,0,2,4,1,3,"SR-365-100","",88,34.94058333,-92.42763611,0,12,6,0,8,1,0,1,2,2,0,2,0,"0000000",17,36,17,44,88,88,0,0,0,1,0
5,50406,3,3,0,0,0,3,3,45,860,13,12,2016,3,6,10,1,2,3,1,2,"US-65-090","",183,35.11541667,-92.41327778,0,12,2,0,1,1,0,1,4,10,0,10,0,"0000000",6,15,6,22,99,99,0,0,0,1,0
5,50407,2,2,0,0,0,2,2,59,0,15,12,2016,5,15,44,0,1,5,1,2,"US-67-070","",41,34.23811667,-92.96714722,0,12,8,0,1,1,0,1,1,1,0,1,0,"0000000",15,51,16,5,99,99,0,0,0,1,0
5,50408,4,4,0,0,0,6,6,51,0,17,12,2016,7,16,40,1,2,3,1,2,"US-70-080","",126,34.45764722,-93.154475,0,12,2,0,1,1,0,1,1,10,0,10,0,"0000000",16,44,16,52,99,99,0,0,0,1,0
5,50409,2,2,0,0,0,3,3,55,0,13,12,2016,3,12,30,1,1,3,1,2,"US-63-050","",2,35.96892778,-90.84883333,0,12,8,0,1,1,0,1,1,10,0,10,0,"0000000",12,33,12,34,88,88,0,0,0,1,0
5,50411,1,1,0,1,1,1,1,119,2036,13,12,2016,3,20,30,1,2,3,1,2,"US-67-100","",95,34.871625,-92.12318611,0,8,0,0,1,1,4,1,2,1,0,1,0,"0000000",20,30,20,30,99,99,0,0,0,1,0
5,50412,2,2,0,0,0,2,2,51,0,23,12,2016,6,18,55,1,2,3,1,2,"US-270-060","",77,34.46238333,-92.93434722,0,12,6,0,1,1,0,1,2,2,0,2,0,"0000000",18,59,19,15,99,99,0,0,0,1,0
5,50413,1,1,0,0,0,2,2,149,0,24,12,2016,7,14,35,0,1,6,2,4,"CR-SLIBER","",8,35.19915278,-93.19049722,0,32,0,0,1,1,0,4,1,10,0,10,0,"0000000",14,35,14,40,88,88,0,0,0,2,0
5,50414,1,1,0,0,0,1,1,125,0,11,12,2016,1,22,35,1,1,1,1,1,"I-30-220","",1073,34.49229722,-92.71203889,0,41,0,0,1,1,0,4,2,2,0,2,0,"0000000",22,42,22,44,99,99,0,0,0,1,0
5,50415,1,1,0,0,0,1,1,105,3110,21,12,2016,4,6,30,0,1,4,1,3,"SR-60-010","",16,35.07518611,-92.57165,0,35,0,0,1,1,0,4,2,1,0,1,0,"0000000",9,10,9,30,88,88,0,0,0,1,0
5,50416,2,2,0,0,0,3,3,139,0,22,12,2016,5,15,0,1,1,3,1,2,"US-82-060","",66,33.15201944,-92.53664167,0,12,2,0,1,1,0,1,1,1,0,1,0,"0000000",15,7,15,15,99,99,0,0,0,1,0
5,50417,1,1,0,0,0,1,1,119,2880,12,11,2016,7,1,28,1,2,1,1,1,"I-40-33 RAMP","",1519,34.78680833,-92.28182222,0,1,0,1,5,1,0,4,2,1,0,1,0,"0000000",1,31,1,37,88,88,0,0,0,1,1
5,50418,1,1,0,0,0,1,1,75,2395,24,11,2016,5,13,41,0,1,4,1,3,"SR-25-060","",121,36.0199,-91.24022778,0,42,0,0,1,1,0,4,1,1,0,1,0,"0000000",13,41,14,2,99,99,0,0,0,1,1
5,50419,2,2,0,0,0,4,4,57,0,21,12,2016,4,15,27,1,1,1,1,1,"I-30-120","",341,33.72095833,-93.55443333,0,12,6,0,7,1,0,1,1,1,0,1,0,"0000000",15,30,15,36,99,99,0,0,0,1,0
5,50420,2,2,0,0,0,3,3,137,0,14,12,2016,4,13,30,0,1,4,1,3,"SR-14-070","",49,35.85873333,-92.03608889,0,12,2,0,1,1,0,1,1,1,0,1,0,"0000000",14,2,14,12,99,99,0,0,0,1,0
5,50421,2,2,0,0,0,3,3,143,0,18,12,2016,1,21,18,0,1,4,1,3,"SR-45-050","",66,36.10353333,-94.06215556,0,12,6,0,1,1,0,1,2,1,0,1,0,"0000000",21,21,21,31,99,99,0,0,0,1,0
5,50422,3,3,0,0,0,3,3,97,0,12,12,2016,2,16,10,1,1,3,1,2,"US-270","CR-SHADY GROVE ROAD",58,34.53290278,-93.54204722,0,12,1,0,2,3,0,1,1,1,0,1,0,"0000000",16,12,16,17,99,99,0,0,0,1,0
5,50424,2,2,0,0,0,2,2,9,0,24,12,2016,7,11,50,0,1,5,1,3,"SR-206-010","SR-POLLOCK RD E",120,36.16020278,-93.05716944,0,12,2,0,2,4,0,1,1,1,0,1,0,"0000000",11,50,12,2,99,99,0,0,0,1,0
5,50425,1,1,0,0,0,4,4,47,0,27,12,2016,3,18,41,0,1,4,1,3,"SR-23-060","",66,35.40501667,-93.84223056,0,17,0,0,1,1,0,4,2,1,0,1,0,"0000000",18,41,18,59,99,99,0,0,0,1,0
5,50426,2,2,0,0,0,2,2,33,0,2,9,2016,6,17,10,0,1,3,1,2,"US-64-02","",45,35.45934167,-94.28758333,0,12,6,0,8,1,0,1,1,1,0,1,0,"0000000",17,12,17,19,99,99,0,0,0,1,0
5,50427,1,1,0,0,0,1,1,7,0,7,9,2016,4,19,58,0,1,7,2,4,"CR-LUPER ROAD","",0,36.22013056,-94.06821667,0,31,0,0,1,1,0,4,1,1,0,1,0,"0000000",19,59,20,5,99,99,0,0,0,1,0
5,50428,1,1,0,0,0,6,6,51,0,18,9,2016,1,7,28,1,1,2,1,2,"US-70-09","",34,34.50736667,-92.96154444,0,59,0,0,1,1,0,3,1,10,0,10,0,"0000000",7,30,7,34,99,99,0,0,0,1,0
5,50429,1,1,0,1,1,1,1,31,2070,18,9,2016,1,20,3,1,2,3,1,3,"SR-91-02","",164,35.84531111,-90.70431667,0,8,0,0,1,1,0,1,2,1,0,1,0,"0000000",8,3,8,10,99,99,0,0,0,1,0
5,50430,2,2,0,0,0,3,3,91,3810,21,9,2016,4,7,41,1,1,3,1,2,"US-82-10","CS- WARD ROAD",45,33.42953056,-93.94855556,0,12,6,0,2,3,0,1,1,1,0,1,0,"0000000",99,99,99,99,99,99,0,0,0,1,0
5,50431,2,2,0,0,0,3,3,51,1907,3,7,2016,1,6,0,1,2,3,60,2,"US-270-05","",175,34.49770556,-93.12194167,0,12,6,0,1,1,0,1,1,1,0,1,0,"0000000",6,3,6,8,99,99,0,0,0,2,0
5,50432,2,2,0,0,0,4,4,35,1170,4,7,2016,2,11,30,0,1,4,60,2,"US-64-17","SR-118",32,35.27569444,-90.45112778,0,12,6,0,2,2,0,1,1,1,0,1,0,"0000000",11,40,11,45,99,99,0,0,0,1,0
5,50433,2,2,0,0,0,3,3,23,1631,4,7,2016,2,18,55,0,1,5,1,3,"SR-16-11","",79,35.56416389,-92.19032778,0,12,6,0,4,1,0,1,1,1,0,1,0,"0000000",88,88,88,88,88,88,0,0,0,1,1
5,50434,2,2,0,0,0,3,3,43,4230,8,7,2016,6,16,30,0,1,7,2,4,"CR-OLD HIGHWAY 65","",0,33.71991111,-91.478875,0,12,2,0,1,1,0,1,1,1,0,1,0,"0000000",16,44,17,0,99,99,0,0,0,1,0
5,50435,2,2,0,0,0,2,2,131,1370,4,8,2016,5,12,16,0,2,7,4,6,"GRAND AVE","N. 41ST",0,35.38563889,-94.386675,0,12,6,0,2,3,0,1,1,1,0,1,0,"0000000",12,20,12,23,99,99,0,0,0,1,0
5,50436,1,1,0,1,1,1,1,131,1370,7,8,2016,1,3,30,1,2,3,60,2,"US-271-01","",8,35.317625,-94.42400833,0,8,0,0,1,1,0,1,2,1,0,1,0,"0000000",3,33,3,36,88,88,23,0,0,1,0
5,50437,1,1,0,0,0,1,1,69,3150,7,8,2016,1,4,46,1,2,3,60,2,"US-65-14B","",11,34.24036667,-92.07930278,0,1,0,0,1,1,0,5,2,1,0,1,0,"0000000",88,88,88,88,88,88,0,0,0,1,0
5,50438,1,1,0,0,0,1,1,131,0,12,8,2016,6,22,20,0,1,7,2,4,"CR-W. HARMONY RD.","",0,34.99143333,-94.38891111,0,34,0,0,1,1,0,4,2,1,0,1,0,"0000000",22,36,23,12,88,88,20,0,0,1,0
5,50439,2,2,0,0,0,2,2,1,3730,13,8,2016,7,23,30,1,2,3,60,2,"US-79-11","E. SUPERIOR",119,34.51193889,-91.54283611,0,12,2,0,2,4,0,1,8,10,0,10,0,"0000000",23,31,23,40,99,99,0,0,0,1,1
5,50440,1,1,0,0,0,4,4,149,0,16,8,2016,3,16,5,0,1,5,1,3,"SR-28-03","",95,34.91488611,-93.57315556,0,1,0,0,1,1,0,4,1,1,0,1,0,"0000000",16,15,16,46,99,99,0,0,0,2,1
5,50441,1,1,0,1,1,2,2,7,0,19,8,2016,6,8,40,0,1,7,2,4,"CR-MCNELLY ROAD","CR-LOONEY ROAD",0,36.43023611,-94.20691944,0,9,0,0,2,4,0,1,1,2,0,2,0,"0000000",8,40,9,0,88,88,0,0,0,1,0
5,50442,1,1,0,0,0,2,2,27,3800,22,8,2016,2,12,45,0,1,4,1,2,"US-371-07","",210,33.10644444,-93.46052778,0,35,0,0,1,1,0,4,1,10,0,10,0,"0000000",12,54,13,5,99,99,0,0,0,1,0
5,50443,1,1,0,1,1,1,1,123,1360,30,8,2016,3,23,39,0,2,4,1,3,"SR-1-12B","",24,35.04241944,-90.79098333,0,8,0,0,1,1,0,1,2,1,0,1,0,"0000000",23,41,23,44,99,99,23,0,0,1,0
5,50444,1,1,0,0,0,1,1,7,3610,21,9,2016,4,17,0,0,2,4,1,3,"SR-264-05","",13,36.19205833,-94.52763333,0,1,0,0,1,1,1,1,1,1,0,1,0,"0000000",99,98,99,98,88,88,0,0,0,1,0
5,50445,1,1,0,1,1,1,1,53,3550,8,10,2016,7,19,38,1,2,3,1,2,"US-270-09","",162,34.30685,-92.40163333,0,8,0,0,1,1,0,1,2,1,0,1,0,"0000000",19,40,19,44,99,99,0,0,0,1,0
5,50446,1,1,0,0,0,1,1,51,1907,11,10,2016,3,1,56,1,2,2,1,2,"US-270-06","",39,34.46681389,-92.99221944,0,58,0,0,1,1,0,4,2,1,0,1,0,"0000000",1,56,2,7,88,88,0,0,0,1,0
5,50447,1,1,0,0,0,1,1,69,0,13,10,2016,5,9,8,0,1,7,2,4,"CR- JETER ROAD","",0,34.38545556,-91.76817778,0,10,0,0,6,1,0,1,1,1,0,1,0,"790795V",9,10,9,40,88,88,0,0,0,1,1
5,50448,2,2,0,0,0,3,3,41,1150,23,10,2016,1,21,20,0,2,4,1,3,"SR-54-02","CS-S. OAK STREET",10,33.88685,-91.4975,0,12,6,0,2,2,0,1,2,1,0,1,0,"0000000",21,20,21,24,99,99,0,0,0,1,2
5,50449,1,1,0,1,1,1,1,131,1370,27,10,2016,5,19,3,1,2,3,1,2,"US-71-14B","CS- SOUTH A STREET",56,35.38218611,-94.42106667,0,8,0,0,2,2,0,1,2,1,0,1,0,"0000000",19,6,19,9,99,99,0,0,0,1,0
5,50450,1,1,0,0,0,1,1,79,1550,29,12,2016,5,15,0,0,1,5,1,3,"SR-11-030","",164,34.073475,-91.70043611,0,19,0,0,1,1,0,6,1,1,0,1,0,"0000000",15,30,16,0,99,99,0,0,0,1,0
5,50451,2,2,0,0,0,3,3,75,0,21,12,2016,4,16,28,1,1,3,1,2,"US-63-040","",65,35.99421667,-90.88504722,0,12,2,0,1,1,0,1,1,1,0,1,0,"0000000",16,29,17,33,88,88,0,0,0,3,1
5,50452,2,2,0,0,0,3,3,145,2090,27,12,2016,3,12,40,0,2,5,1,3,"SR-367-170","",40,35.28481111,-91.62909722,0,12,2,0,1,1,0,1,1,1,0,1,0,"0000000",12,45,12,54,99,99,0,0,0,2,0
5,50454,1,1,0,0,0,2,2,15,0,1,10,2016,7,4,30,0,1,4,1,3,"SR-21-060","",157,36.48631944,-93.40693056,0,1,0,0,1,1,0,1,2,1,0,1,0,"0000000",5,32,5,47,99,99,0,0,0,1,1
5,50455,1,1,0,1,1,1,1,119,3570,11,10,2016,3,16,25,1,2,2,1,2,"US-67-10","",48,34.82930278,-92.18377778,0,8,0,0,1,1,0,1,1,1,0,1,0,"0000000",16,26,16,28,99,99,0,0,0,1,0
5,50456,2,2,0,0,0,3,3,9,0,28,12,2016,4,14,38,1,2,3,1,2,"US-65-020","US-62",52,36.19188611,-93.0323,0,12,6,0,3,3,0,1,1,10,0,10,0,"0000000",14,42,14,50,99,99,0,0,0,1,0
5,50457,7,7,0,0,0,22,22,123,0,30,12,2016,6,16,40,1,1,1,1,1,"I-40-510","",2342,34.99048056,-90.88881111,0,12,1,0,1,1,0,1,1,1,0,1,0,"0000000",16,45,17,5,99,99,27,0,0,1,0
5,50458,1,1,0,0,0,1,1,145,0,8,10,2016,7,10,9,1,1,3,1,2,"US-67-120","",95,35.13266944,-91.82018056,0,21,0,0,1,1,0,4,1,1,0,1,0,"0000000",10,19,10,28,88,88,0,0,0,1,0
5,50459,3,3,0,0,0,4,4,35,0,15,10,2016,7,11,2,1,1,1,1,1,"I-55-110","",271,35.42803333,-90.22916389,0,12,1,0,1,1,0,1,1,1,0,1,0,"0000000",11,6,11,26,99,99,27,14,0,1,0
5,50460,2,2,0,0,0,2,2,131,0,25,10,2016,3,11,45,0,1,3,1,3,"SR- 45-01","CR- MOUNT ZION ROAD",150,35.20374722,-94.41196667,0,12,6,0,2,2,0,1,1,1,0,1,0,"0000000",11,48,11,59,99,99,0,0,0,1,1
5,50461,1,1,0,0,0,4,4,55,0,29,10,2016,7,2,24,0,1,7,2,4,"CR-611","",0,36.12655,-90.58094722,0,53,0,0,1,1,0,4,2,1,0,1,0,"0000000",2,25,2,39,99,99,0,0,0,1,1
5,50462,2,2,0,0,0,2,2,21,3350,2,10,2016,1,10,49,0,2,5,1,2,"US-49-01","",137,36.25875556,-90.29618889,0,12,1,0,1,1,0,1,1,1,0,1,0,"0000000",99,99,99,99,88,88,0,0,0,1,0
5,50463,2,2,0,0,0,3,3,51,1907,10,10,2016,2,21,23,0,2,3,1,2,"US-70-08","CS- KLEINSHORE ROAD",143,34.47111389,-93.12901667,0,12,6,0,2,3,0,1,2,1,0,1,0,"0000000",21,24,21,27,99,99,0,0,0,2,1
5,50464,3,3,0,0,0,3,3,143,1310,12,10,2016,4,10,40,0,2,7,4,6,"CS- JOYCE BLVD.","",0,36.1199,-94.122425,0,12,8,0,1,1,0,1,1,2,0,2,0,"0000000",10,40,10,45,99,99,0,0,0,1,0
5,50465,1,1,0,1,1,2,2,91,3810,21,10,2016,6,6,14,1,2,1,1,1,"I-30-11","",32,33.47919722,-93.98912222,0,8,0,0,1,1,0,1,2,1,0,1,0,"0000000",99,98,99,98,88,88,0,0,0,1,0
5,50466,1,1,0,0,0,1,1,31,2070,4,10,2016,3,21,0,0,2,7,3,6,"CS- E. THOMAS GREEN ROAD","",0,35.87915833,-90.69638056,0,11,0,0,1,1,0,1,2,1,0,1,0,"0000000",21,1,21,7,99,99,0,0,0,1,0
5,50467,2,2,0,0,0,2,2,113,2630,21,10,2016,6,11,32,1,2,3,1,2,"US-71-07","",12,34.58633889,-94.21485,0,12,2,0,1,1,0,1,1,1,0,1,0,"0000000",11,33,11,37,99,99,0,0,0,1,0
5,50468,1,1,0,0,0,1,1,145,0,6,10,2016,5,20,20,0,1,7,2,4,"CR- DONNIE STEVENS ROAD","",0,35.33756944,-91.68935,0,11,0,0,1,1,0,1,2,1,0,1,0,"0000000",20,21,20,33,99,99,0,0,0,1,0
5,50469,1,1,0,0,0,2,2,119,2880,29,9,2016,5,22,27,1,2,4,1,2,"US-70-13","",63,34.76906944,-92.17001111,0,32,0,0,1,1,0,4,2,1,0,1,0,"0000000",22,27,22,38,99,99,0,0,0,1,0
5,50470,1,1,0,1,1,1,1,31,2070,18,10,2016,3,1,18,0,2,5,1,3,"SR-1-17B","",33,35.8125,-90.69959167,0,8,0,0,1,1,0,1,2,1,0,1,0,"0000000",1,19,1,26,99,99,23,0,0,1,0
5,50471,1,1,0,1,1,1,1,131,1370,4,11,2016,6,20,20,0,2,7,3,6,"CS- GRAND AVE.","",0,35.38580278,-94.39262222,0,8,0,0,1,1,0,1,2,1,0,1,0,"0000000",20,21,20,16,99,99,0,0,0,1,1
5,50472,1,1,0,0,0,3,3,59,0,22,11,2016,3,2,9,1,1,3,1,2,"US-270-08","",44,34.36514444,-92.76646944,0,34,0,0,1,1,0,4,3,1,0,1,0,"0000000",88,88,88,88,88,88,3,0,0,3,0
5,50473,2,2,0,0,0,3,3,71,800,26,11,2016,7,15,5,1,2,3,1,2,"US-64-040","US-STEGALL RD",126,35.47289722,-93.50137222,0,12,1,0,3,3,0,1,1,1,0,1,0,"0000000",15,10,15,15,99,99,0,0,0,1,0
5,50474,1,1,0,0,0,1,1,125,330,27,11,2016,1,6,58,1,2,1,1,1,"I-30-220","",1167,34.57276389,-92.59101944,0,21,0,0,1,1,0,4,1,5,0,5,0,"0000000",88,88,88,88,88,88,0,0,0,1,0
5,50475,1,1,0,1,1,1,1,119,2320,7,11,2016,2,15,26,0,2,4,1,3,"SR-367-13","",22,34.61274444,-92.317475,0,42,0,0,1,1,0,4,1,1,0,1,0,"0000000",15,26,15,34,99,99,0,0,0,1,0
5,50476,2,2,0,0,0,4,4,31,2070,18,11,2016,6,6,22,1,2,3,1,3,"SR-91-02","SR-141",164,35.84530278,-90.70470278,0,12,6,0,2,2,0,1,4,1,0,1,0,"0000000",6,23,6,23,99,99,0,0,0,1,1
5,50477,2,2,0,0,0,2,2,43,2680,9,9,2016,6,14,1,1,2,3,60,2,"US-425-030","",163,33.62285833,-91.80270556,0,12,6,0,4,1,0,1,1,1,0,1,0,"0000000",14,1,14,6,99,99,0,0,0,1,0
5,50478,2,2,0,0,0,4,4,131,1370,24,11,2016,5,14,50,1,2,3,1,3,"SR-22-01","",21,35.37065833,-94.38878056,0,12,6,0,1,1,0,1,1,1,0,1,0,"0000000",14,52,14,59,99,99,0,0,0,1,1
5,50479,1,1,0,0,0,1,1,131,1370,14,10,2016,6,19,23,0,2,7,4,6,"SPRADING AVE.","N. 46TH ST.",0,35.41472778,-94.38011667,0,42,0,0,3,3,0,4,3,1,0,1,0,"0000000",19,26,19,33,99,99,0,0,0,1,1
5,50480,2,2,0,0,0,6,6,69,2045,3,12,2016,7,6,21,1,1,3,1,2,"US-65-150","",65,34.18018611,-91.85903333,0,52,0,0,1,1,0,4,2,2,0,2,0,"0000000",6,32,6,48,99,99,14,0,0,1,0
5,50481,2,2,0,0,0,2,2,31,2070,18,12,2016,1,6,44,1,2,3,1,3,"SR-91-02","",128,35.85756944,-90.76996944,0,12,8,0,1,1,0,1,1,1,0,1,0,"0000000",6,46,6,54,88,88,0,0,0,1,0
5,50482,1,1,0,0,0,1,1,131,1370,22,12,2016,5,0,10,1,2,3,1,3,"SR-22-01","CS- S. 14TH STREET",2,35.382275,-94.41845,0,39,0,0,3,3,0,4,3,1,0,1,0,"0000000",0,12,0,18,88,88,0,0,0,1,0
5,50483,2,2,0,0,0,3,3,7,3390,23,12,2016,6,22,45,1,2,3,1,2,"US-62-02","",21,36.35559444,-94.14155278,0,12,6,0,8,1,0,1,2,1,0,1,0,"0000000",22,46,22,51,99,99,0,0,0,1,1
5,50484,1,1,0,1,1,6,6,7,3610,3,12,2016,7,22,23,1,2,3,1,2,"US-412-01","CS- S. HOLLY ST.",3,36.17648889,-94.55987222,0,8,0,0,2,2,0,1,3,2,0,2,0,"0000000",22,26,22,30,88,88,0,0,0,1,0
5,50485,1,1,0,0,0,1,1,143,1310,14,12,2016,4,0,15,0,2,7,3,6,"CS- E. ROLLING HILLS DR.","",0,36.10522778,-94.13959722,0,42,0,0,1,1,0,5,3,1,0,1,0,"0000000",99,99,99,99,88,88,0,0,0,1,0
5,50486,1,1,0,0,0,1,1,143,1308,16,12,2016,6,15,58,0,2,4,1,2,"US-62-01","",212,36.03890833,-94.25454167,0,33,0,0,1,1,0,4,1,1,0,1,0,"0000000",15,59,16,5,88,88,0,0,0,1,0
5,50487,2,2,0,0,0,2,2,57,1890,22,12,2016,5,6,55,1,2,3,1,2,"US-278-050","",265,33.68453889,-93.57643611,0,12,2,0,1,1,0,1,1,1,0,1,0,"0000000",6,55,7,1,99,99,0,0,0,1,0
5,50488,2,2,0,0,0,4,4,21,0,21,12,2016,4,11,14,1,1,3,1,2,"US-67-200","",0,36.36114722,-90.74963889,0,12,2,0,1,1,0,1,1,1,0,1,0,"0000000",11,18,11,39,99,99,0,0,0,2,0
5,50490,2,2,0,0,0,7,7,125,330,24,12,2016,7,16,3,0,2,4,1,3,"SR-35-01","",28,34.55413056,-92.56615278,0,12,2,0,1,1,0,1,1,2,0,2,0,"0000000",16,3,16,6,99,99,0,0,0,1,0
5,50491,2,2,0,0,0,4,4,7,3610,26,12,2016,2,17,49,0,2,4,1,3,"SR-59-02","CS- EAST LAKE FRANCIS DRIVE",5,36.16719444,-94.52821667,0,12,6,0,2,3,0,1,2,1,0,1,0,"0000000",17,51,17,53,88,88,0,0,0,1,0
5,50492,1,1,0,0,0,1,1,145,0,26,12,2016,2,18,5,0,1,7,2,4,"CR- OLD RAILROAD ROAD","",0,35.22214444,-91.65141944,0,42,0,0,1,1,0,4,2,2,0,2,0,"0000000",18,9,18,17,99,99,0,0,0,1,0
5,50493,2,2,0,0,0,2,2,93,0,19,12,2016,2,6,51,1,1,1,1,1,"I-55-120","",343,35.52178056,-90.17394722,0,12,1,0,1,1,0,1,1,1,0,1,0,"0000000",99,99,99,99,88,88,0,0,0,1,0
5,50494,1,1,0,1,1,1,1,119,2320,13,12,2016,3,0,15,1,2,1,1,1,"I-30-230","",1339,34.67866389,-92.32624722,0,8,0,0,1,1,0,1,2,1,0,1,0,"0000000",0,15,0,20,88,88,0,0,0,1,1
5,50495,1,1,0,0,0,1,1,129,0,4,11,2016,6,6,5,0,1,7,2,4,"CR-PINDALL GROVE RD.","",0,35.38580278,-94.39254167,0,35,0,0,1,1,0,4,1,1,0,1,0,"0000000",99,99,99,99,88,88,0,0,0,1,0