"STATE","ST_CASE","VE_TOTAL","VE_FORMS","PVH_INVL","PEDS","PERNOTMVIT","PERMVIT","PERSONS","COUNTY","CITY","DAY","MONTH","YEAR","DAY_WEEK","HOUR","MINUTE","NHS","RUR_URB","FUNC_SYS","RD_OWNER","ROUTE","TWAY_ID","TWAY_ID2","MILEPT","LATITUDE","LONGITUD","SP_JUR","HARM_EV","MAN_COLL","RELJCT1","RELJCT2","TYP_INT","WRK_ZONE","REL_ROAD","LGT_COND","WEATHER1","WEATHER2","WEATHER","SCH_BUS","RAIL","NOT_HOUR","NOT_MIN","ARR_HOUR","ARR_MIN","HOSP_HR","HOSP_MN","CF1","CF2","CF3","FATALS","DRUNK_DR"
11,110007,1,1,0,1,1,1,1,1,10,23,6,2016,5,1,10,0,2,7,4,6,"2600 MINNESOTA AVENUE SE","BURNS ST SE",0,38.92011111,-76.9271,0,9,0,0,2,3,0,1,3,1,0,1,0,"0000000",1,11,1,14,99,99,99,99,99,1,0
11,110008,2,2,0,0,0,2,2,1,10,26,6,2016,1,22,42,1,2,1,1,1,"I-295","",0,38.85239167,-77.00634722,0,34,0,0,1,1,0,3,3,1,0,1,0,"0000000",22,44,22,48,99,99,13,0,0,1,1
11,110009,2,2,0,0,0,2,2,1,10,2,7,2016,7,20,46,0,2,7,4,6,"2500 GEORGIA AVE NW","",0,38.92326944,-77.02244722,0,12,1,0,1,1,0,1,3,1,0,1,0,"9999999",20,48,20,49,99,99,99,99,99,1,0
11,110010,1,1,0,0,0,1,1,1,10,23,7,2016,7,4,54,0,2,7,4,6,"1340 MICHIGAN AVE NE","",0,38.942525,-76.98589444,0,33,0,0,1,1,0,4,3,1,0,1,0,"0000000",4,55,4,58,99,99,20,0,0,1,1
11,110011,2,2,0,0,0,11,11,1,10,10,8,2016,4,14,35,0,2,7,4,6,"2400 NAYLOR ROAD SE","",0,38.85903889,-76.968175,0,12,1,0,1,1,0,1,1,1,0,1,0,"0000000",14,35,14,38,99,99,0,0,0,1,0
11,110012,1,1,0,0,0,1,1,1,10,15,8,2016,2,4,38,1,2,1,1,1,"I-66","",0,38.89263056,-77.05739722,0,33,0,0,1,1,0,4,3,1,0,1,0,"0000000",4,46,4,53,99,99,0,0,0,1,0
11,110013,1,1,0,1,1,1,1,1,10,18,8,2016,5,2,20,0,2,7,4,6,"1400 9TH STREET NW","P ST NW",0,38.9096,-77.02398056,0,8,0,0,3,2,0,1,3,2,0,2,0,"0000000",99,99,99,99,99,99,0,0,0,1,1
11,110014,1,1,0,1,1,1,1,1,10,19,8,2016,6,2,44,0,2,7,4,6,"NEW HAMSHIRE AVE NW","M STREET NW",0,38.90536389,-77.04743889,0,8,0,0,3,4,0,1,3,1,0,1,0,"0000000",2,45,2,48,99,99,99,99,99,1,0
11,110015,1,1,0,0,0,1,1,1,10,11,9,2016,1,3,50,0,2,7,4,6,"1300 BLOCK OF SOUTHERN AVE SE","",0,38.83451111,-76.98418889,0,33,0,0,1,1,0,4,3,1,0,1,0,"0000000",3,51,3,57,99,99,99,99,99,1,1
11,110016,1,1,0,0,0,1,1,1,10,6,9,2016,3,2,27,0,2,7,4,6,"2427 MARTIN LUTHER KING AVE SE","",0,38.86217222,-76.9933,0,33,0,0,1,1,0,4,3,1,0,1,0,"0000000",2,28,99,99,99,99,24,0,0,1,0
11,110017,2,2,0,0,0,2,2,1,10,15,9,2016,5,18,59,0,2,7,4,6,"4600 MARTIN LUTHER KING JR AVE","",0,38.82481389,-77.01236944,0,33,0,0,1,1,0,4,3,1,0,1,0,"0000000",18,59,19,0,99,99,13,14,0,1,0
11,110018,1,1,0,0,0,1,1,1,10,27,9,2016,3,1,50,0,2,7,4,6,"ALABAMA AVE SE","BECK STREET SE",0,38.87173889,-76.93900556,0,33,0,0,3,3,0,4,3,2,0,2,0,"0000000",1,56,99,99,88,88,99,99,99,1,0
11,110019,1,1,0,1,1,1,1,1,10,8,4,2016,6,1,28,0,2,7,4,6,"1300 MASSACHUSETTS AVE NW","",0,38.90501111,-77.03050556,0,8,0,0,1,1,0,1,3,1,0,1,0,"0000000",99,99,99,99,99,99,0,0,0,1,1
11,110020,1,1,0,1,1,2,2,1,10,2,10,2016,1,3,5,0,2,7,4,6,"5300 GEORGIA AVE NW","",0,38.95424444,-77.02775,0,8,0,0,1,1,0,1,3,1,0,1,0,"0000000",3,6,3,8,99,99,0,0,0,1,1
11,110021,2,2,0,0,0,3,3,1,10,12,10,2016,4,22,8,0,2,7,4,6,"SUITLAND PKWY SE","STANTON RD SE",0,38.85333889,-76.98329722,0,12,6,0,2,2,0,1,3,1,0,1,0,"0000000",22,9,99,99,0,0,13,0,0,1,0
11,110022,1,1,0,1,1,1,1,1,10,26,10,2016,4,0,14,0,2,7,4,6,"400 NEW YORK AVE NE","4TH STREET NE",0,38.91104722,-76.99838333,0,8,0,0,3,3,0,1,3,1,0,1,0,"0000000",0,14,99,99,88,88,0,0,0,1,0
11,110023,7,3,4,0,0,6,6,1,10,29,10,2016,7,15,19,0,2,7,4,6,"900 BLOCK OF EASTERN AVE NE","",0,38.90249167,-76.92169167,0,12,1,0,1,1,0,1,1,1,0,1,0,"0000000",15,21,15,26,99,99,14,0,0,1,0
11,110024,1,1,0,0,0,3,3,1,10,9,7,2016,7,22,46,9,2,7,66,6,"NORTHBOUND ROCK CREEK PARKWAY","",99999,38.89240556,-77.05515833,1,3,0,9,99,99,0,5,6,99,0,99,0,"0000000",99,99,99,99,99,99,99,99,99,2,0
11,110025,4,4,0,0,0,6,6,1,10,23,12,2016,6,19,22,0,2,7,4,6,"4100 EAST CAPTIOL STREET SE","",0,38.8897,-76.94230556,0,12,1,0,1,1,0,1,3,1,0,1,0,"0000000",19,23,19,28,99,99,13,20,0,1,0
11,110026,1,1,0,1,1,1,1,1,10,27,12,2016,3,6,22,0,2,7,4,6,"14TH STREET NW","PARKWOOD PLACE NW",0,38.93543056,-77.03271111,0,8,0,0,3,3,0,1,3,2,0,2,0,"0000000",6,24,6,26,99,99,99,99,99,1,0
12,120001,2,2,0,0,0,2,2,33,0,5,1,2016,3,7,58,1,1,3,1,2,"US-90","",99998,30.515,-87.37338056,0,12,2,0,1,1,0,1,1,1,0,1,0,"0000000",99,99,99,99,99,99,0,0,0,1,0
12,120002,2,2,0,0,0,2,2,11,2468,28,1,2016,5,2,14,1,2,3,1,3,"SR-820","114 AVE",99998,26.00759722,-80.30028056,0,12,6,0,2,2,0,1,3,10,0,10,0,"0000000",99,99,99,99,99,99,0,0,0,1,1
12,120003,1,1,0,0,0,1,1,49,0,9,1,2016,7,15,10,1,1,3,1,3,"SR-66","SWEETWATER ROAD",99998,27.45833333,-81.67638889,0,34,0,0,1,1,0,4,1,10,0,10,0,"0000000",99,99,99,99,88,88,0,0,0,1,0
12,120004,1,1,0,0,0,1,1,86,0,25,1,2016,2,10,17,1,2,2,1,3,"SR-826","24TH ST",99998,25.74805556,-80.32,0,25,0,0,1,1,0,3,1,1,0,1,0,"0000000",99,99,99,99,99,99,0,0,0,1,0
12,120005,1,1,0,0,0,1,1,121,0,9,1,2016,7,14,4,0,6,96,96,8,"68TH ST","",99998,30.32638889,-83.14833333,0,3,0,0,1,1,0,4,1,2,0,2,0,"0000000",99,99,99,99,99,99,0,0,0,1,0
12,120006,2,2,0,0,0,2,2,51,0,30,1,2016,7,6,35,1,1,3,1,3,"SR-29","",99998,26.52339167,-81.43516111,0,12,2,0,1,1,0,1,4,5,0,5,0,"0000000",99,99,99,99,88,88,0,0,0,1,0
12,120007,2,2,0,0,0,2,2,86,0,1,1,2016,6,15,36,0,2,4,1,3,"SR-959","PERIMETER RD",99998,25.80746111,-80.28922778,0,12,6,0,2,3,0,1,1,1,0,1,0,"0000000",99,99,99,99,99,99,0,0,0,1,0
12,120008,1,1,0,0,0,2,2,111,2601,24,1,2016,1,2,7,0,6,96,96,8,"FLORESTA DR","",99998,27.32565,-80.34935278,0,33,0,0,1,1,0,4,3,1,0,1,0,"0000000",99,99,99,99,88,88,0,0,0,1,1
12,120009,1,1,0,0,0,1,1,99,210,3,1,2016,1,8,23,0,2,5,25,5,"CANAL ST","",99998,26.69396111,-80.60876111,0,3,0,0,1,1,0,5,9,98,0,98,0,"0000000",99,99,99,99,88,88,0,0,0,1,0
12,120010,1,1,0,0,0,2,2,99,3147,4,1,2016,2,3,30,0,6,96,96,8,"SUNNYDALE DR","",99998,26.64495556,-80.248075,0,33,0,0,1,1,0,4,3,10,0,10,0,"0000000",99,99,99,99,99,99,0,0,0,2,1
12,120011,1,1,0,0,0,1,1,31,1510,17,1,2016,1,23,47,0,2,5,25,5,"LOSCO RD","",99998,30.17194444,-81.59777778,0,33,0,0,1,1,0,4,3,1,0,1,0,"0000000",99,99,99,99,88,88,0,0,0,1,1
12,120012,1,1,0,0,0,1,1,31,1510,30,1,2016,7,1,12,0,2,5,25,6,"GIRVIN RD","",4,30.32506111,-81.47213611,0,42,0,0,1,1,0,4,3,1,0,1,0,"0000000",99,99,99,99,88,88,0,0,0,1,1
12,120013,1,1,0,0,0,3,3,86,1573,1,1,2016,6,7,13,0,2,7,4,6,"HARBOR DR","",5,25.68849444,-80.17272778,0,42,0,0,1,1,0,4,1,1,0,1,0,"0000000",99,99,99,99,99,99,0,0,0,1,0
12,120014,2,2,0,0,0,5,5,15,0,4,1,2016,2,14,48,1,2,3,1,2,"US-17","WASHINGTON LOOP RD",99998,26.97110556,-81.96072778,0,12,6,0,2,3,0,1,1,1,0,1,0,"0000000",99,99,99,99,99,99,0,0,0,1,0
12,120015,3,3,0,0,0,5,5,119,3230,21,1,2016,5,14,0,1,2,3,1,3,"SR-44","POWELL RD",108,28.84305556,-82.02722222,0,12,6,0,2,2,0,1,1,1,0,1,0,"0000000",99,99,99,99,99,99,0,0,0,1,0
12,120017,1,1,0,0,0,1,1,107,0,6,1,2016,4,0,0,1,2,3,1,2,"US-17/SR-15","",99998,29.62964167,-81.58753056,0,24,0,0,1,1,0,4,2,2,0,2,0,"0000000",99,99,99,99,88,88,0,0,0,1,1
12,120019,1,1,0,0,0,1,1,83,0,12,1,2016,3,17,0,0,1,5,25,4,"CR-315","",99998,29.28166667,-81.98166667,0,42,0,0,1,1,0,4,1,1,0,1,0,"0000000",99,99,99,99,88,88,0,0,0,1,0
12,120020,1,1,0,0,0,1,1,71,0,30,1,2016,7,1,10,1,1,1,1,1,"I-75/SR-93","ALICO RD",99998,26.4975,-81.79416667,0,25,0,1,5,1,0,4,3,1,0,1,0,"0000000",99,99,99,99,88,88,0,0,0,1,1
12,120021,5,5,0,0,0,9,9,109,0,5,1,2016,3,21,35,1,1,1,1,1,"I-95","",99998,29.76085,-81.35158056,0,12,6,0,1,1,0,1,2,2,0,2,0,"0000000",99,99,99,99,99,99,0,0,0,1,0
12,120022,1,1,0,0,0,4,4,51,0,9,1,2016,7,8,0,0,1,5,25,4,"CR-835","ROGERS RD",99998,26.65341111,-80.90248889,0,35,0,0,3,4,0,4,2,5,0,5,0,"0000000",99,99,99,99,99,99,0,0,0,3,0
12,120023,1,1,0,0,0,3,3,111,0,4,1,2016,2,1,19,1,1,1,1,1,"I-95","",99998,27.25538889,-80.41845,0,59,0,0,1,1,0,4,3,10,0,10,0,"0000000",99,99,99,99,99,99,0,0,0,1,0
12,120024,2,2,0,0,0,4,4,87,0,4,1,2016,2,11,33,1,1,3,1,2,"US-1","MAKO AVE",99998,24.66116944,-81.4118,0,12,6,0,2,2,0,1,1,1,0,1,0,"0000000",99,99,99,99,99,99,0,0,0,1,0
12,120025,2,2,0,0,0,2,2,111,0,3,1,2016,1,21,15,1,2,3,1,3,"SR-91","",99998,27.485,-80.50055556,0,12,1,0,1,1,0,1,2,2,0,2,0,"0000000",99,99,99,99,99,99,0,0,0,1,0
12,120026,2,2,0,0,0,2,2,49,0,1,1,2016,6,11,8,0,1,7,25,6,"STEVE ROBERTS SPECIAL","MERLE LANGFORD RD",99998,27.50055833,-81.75189722,0,12,6,1,2,2,0,1,1,1,0,1,0,"0000000",99,99,99,99,99,99,0,0,0,1,0
12,120027,2,2,0,0,0,2,2,99,0,8,1,2016,6,21,0,1,1,3,1,3,"SR-804","TURNPIKE",99998,26.52797222,-80.17040833,0,12,6,1,2,2,0,1,3,1,0,1,0,"0000000",99,99,99,99,88,88,0,0,0,1,1
12,120028,1,1,0,0,0,1,1,73,0,22,1,2016,6,11,47,0,1,5,25,5,"SPRINGHILL ROAD","NEW HOPE CHURCH ROAD",99998,30.33843056,-84.38911111,0,42,0,0,1,1,0,4,1,10,0,10,0,"0000000",99,99,99,99,88,88,0,0,0,1,0
12,120029,2,2,0,0,0,2,2,57,2540,7,1,2016,5,21,20,1,2,3,1,3,"SR-39","ENGLISH STREET",99998,28.02746667,-82.12570833,0,12,1,0,3,3,0,1,3,1,0,1,0,"0000000",99,99,99,99,88,88,0,0,0,1,1
12,120030,2,2,0,0,0,3,3,77,0,14,1,2016,5,16,55,1,1,3,1,3,"SR-20","CR-379A HOECAKE ROAD",99998,30.43215278,-84.94838056,0,12,2,1,2,3,0,1,1,1,0,1,0,"0000000",99,99,99,99,99,99,0,0,0,1,0
12,120031,2,2,0,0,0,7,7,5,0,1,1,2016,6,16,35,1,1,3,1,3,"SR-20","ROLLOHOME RD",256,30.43519167,-85.390875,0,12,6,0,2,3,0,1,1,1,0,1,0,"0000000",99,99,99,99,99,99,0,0,0,1,0
12,120032,2,2,0,0,0,2,2,125,0,1,1,2016,6,4,50,1,1,3,1,3,"SR-121","",99998,30.04388889,-82.28638889,0,12,2,0,1,1,0,1,2,10,0,10,0,"0000000",99,99,99,99,99,99,0,0,0,1,2
12,120033,2,2,0,0,0,3,3,51,0,28,1,2016,5,18,16,0,1,4,25,4,"CR-833","",99998,26.69563056,-81.12919444,0,12,8,0,1,1,0,1,2,2,0,2,0,"0000000",99,99,99,99,88,88,0,0,0,1,0
12,120034,1,1,0,0,0,1,1,63,0,29,1,2016,6,18,0,0,1,6,25,4,"CR-164","",35,30.79222222,-85.13694444,0,34,0,0,1,1,0,4,2,1,0,1,0,"0000000",99,99,99,99,99,99,0,0,0,1,0
12,120035,2,2,0,0,0,5,5,27,0,13,1,2016,4,16,24,0,1,5,25,5,"AIRPORT RD","",99998,27.15811111,-81.84373889,0,12,2,0,1,1,0,1,1,10,0,10,0,"0000000",99,99,99,99,99,99,0,0,0,1,0
12,120036,1,1,0,0,0,1,1,57,0,6,1,2016,4,9,35,1,2,3,1,2,"US-41","",99998,27.94924444,-82.45131111,0,25,0,0,5,1,0,4,1,1,0,1,0,"0000000",99,99,99,99,88,88,0,0,0,1,0
12,120037,2,2,0,0,0,4,4,1,0,27,1,2016,4,11,53,1,1,3,1,3,"SR-26","",99998,29.70973889,-82.08488889,0,12,6,0,1,1,0,1,1,10,0,10,0,"0000000",99,99,99,99,99,99,0,0,0,1,0
12,120038,1,1,0,0,0,1,1,15,0,23,1,2016,7,22,24,0,1,5,25,5,"SESAME RD","",99998,26.91444444,-82.30444444,0,35,0,0,1,1,0,4,3,1,0,1,0,"0000000",99,99,99,99,88,88,0,0,0,1,1
12,120039,1,1,0,0,0,1,1,41,0,24,1,2016,1,3,0,0,1,4,25,4,"CR-138","",99998,29.89083333,-82.83361111,0,1,0,0,1,1,0,4,2,1,0,1,0,"0000000",99,99,99,99,88,88,0,0,0,1,1
12,120040,1,1,0,0,0,1,1,53,0,23,1,2016,7,17,16,0,1,5,25,5,"HAYMAN ROAD","",99998,28.45194444,-82.35611111,0,35,0,0,1,1,0,4,1,1,0,1,0,"0000000",17,18,17,29,88,88,0,0,0,1,0
12,120041,2,2,0,0,0,2,2,69,0,28,1,2016,5,17,40,1,1,3,1,3,"SR-44","HIGHLAND LAKES RD",99998,28.96222222,-81.41333333,0,12,2,8,2,2,0,1,1,2,0,2,0,"0000000",99,99,99,99,99,99,0,0,0,1,1
12,120042,2,2,0,0,0,3,3,109,0,21,1,2016,5,9,42,1,1,1,1,1,"I-95","",99998,29.98305556,-81.45972222,0,12,1,0,1,1,0,1,1,1,0,1,0,"0000000",99,99,99,99,99,99,0,0,0,1,0
12,120043,3,3,0,0,0,3,3,95,0,21,1,2016,5,21,22,1,2,2,1,3,"SR-91","",99998,28.42911111,-81.40303889,0,12,6,0,1,1,0,1,3,1,0,1,0,"0000000",99,99,99,99,88,88,0,0,0,1,0
12,120044,1,1,0,0,0,2,2,31,1510,1,1,2016,6,22,41,0,2,6,25,5,"ST JOHNS BLUFF RD","",99998,30.32458056,-81.52306111,0,3,0,1,19,1,0,4,3,10,0,10,0,"0000000",99,99,99,99,99,99,0,0,0,1,0
12,120045,2,2,0,0,0,2,2,83,0,10,1,2016,1,16,45,1,2,3,1,2,"US-27","",99998,29.21472222,-82.20166667,0,12,1,0,1,1,0,1,1,1,0,1,0,"0000000",99,99,99,99,88,88,0,0,0,1,1
12,120046,2,2,0,0,0,2,2,105,0,24,1,2016,1,5,45,1,2,3,1,2,"US-92","",0,28.02722222,-82.05555556,0,12,2,0,1,1,0,1,2,1,0,1,0,"0000000",99,99,99,99,99,99,0,0,0,1,1
12,120047,2,2,0,0,0,2,2,101,0,11,1,2016,2,11,6,1,1,3,1,3,"SR-52","SECRETARIAT ROAD",99998,28.32262778,-82.45809444,0,12,2,0,1,1,0,1,1,1,0,1,0,"0000000",99,99,99,99,99,99,0,0,0,1,0
12,120048,1,1,0,0,0,3,3,31,1510,2,1,2016,7,22,59,1,2,1,1,1,"I-295 RAMP","",99998,30.31388889,-81.76777778,0,18,0,1,5,1,4,4,3,1,0,1,0,"0000000",99,99,99,99,99,99,0,0,0,1,1
12,120049,2,2,0,0,0,2,2,31,1510,4,1,2016,2,4,10,1,2,1,1,1,"I-295","",99998,30.16658611,-81.55583889,0,12,2,1,18,1,0,1,3,1,0,1,0,"0000000",99,99,99,99,99,99,0,0,0,1,1
12,120050,1,1,0,0,0,2,2,19,0,23,1,2016,7,23,40,1,1,3,1,3,"SR-23","OAKLEAF PLANTATION PKWY",99998,30.15943611,-81.83144167,0,59,0,0,3,2,4,4,2,1,0,1,0,"0000000",99,99,99,99,99,99,0,0,0,1,1
12,120051,2,2,0,0,0,2,2,89,0,12,1,2016,3,9,3,0,1,4,25,4,"CR-108","",99998,30.55805556,-81.86555556,0,12,2,0,1,1,0,1,1,1,0,1,0,"0000000",99,99,99,99,88,88,0,0,0,1,0
12,120053,1,1,0,0,0,1,1,1,1130,25,1,2016,2,22,50,1,2,1,1,1,"I-75","",99998,29.6349,-82.3983,0,1,0,0,1,1,0,4,2,1,0,1,0,"0000000",99,99,99,99,99,99,0,0,0,1,0
12,120054,1,1,0,0,0,1,1,83,0,1,2,2016,2,23,20,0,1,5,25,5,"ANTHONY RD","",99998,29.25222222,-82.13361111,0,30,0,0,1,1,0,4,2,10,0,10,0,"0000000",99,99,99,99,88,88,0,0,0,1,1
12,120055,1,1,0,0,0,1,1,127,0,22,1,2016,6,23,25,1,2,3,1,3,"SR-44","",107,29.01891111,-81.21918889,0,32,0,0,8,1,0,5,2,98,0,98,0,"0000000",99,99,99,99,88,88,18,0,0,1,1
12,120056,2,2,0,0,0,2,2,21,0,17,1,2016,1,13,18,1,1,3,1,3,"SR-29","",99998,25.99305556,-81.3475,0,12,6,0,8,1,0,1,1,1,0,1,0,"0000000",99,99,99,99,99,99,0,0,0,1,0
12,120057,3,3,0,0,0,3,3,9,0,27,1,2016,4,4,51,1,1,3,1,3,"SR-528","",99998,28.45277778,-80.89777778,0,24,0,0,1,1,0,4,2,2,0,2,0,"0000000",99,99,99,99,99,99,0,0,0,1,0
12,120058,1,1,0,0,0,2,2,117,0,15,1,2016,6,4,15,0,1,5,25,5,"WEATHERSFIELD AVENUE","",99998,28.65876944,-81.40672222,0,33,0,0,1,1,0,4,2,2,0,2,0,"0000000",99,99,99,99,99,99,0,0,0,1,0
12,120059,2,2,0,0,0,4,4,69,0,10,1,2016,1,19,25,0,1,4,2,4,"CR-42","CR-439",99998,28.96211389,-81.59487222,0,12,6,0,2,2,0,1,2,10,0,10,0,"0000000",99,99,99,99,99,99,0,0,0,1,0
12,120060,3,3,0,0,0,4,4,51,0,25,1,2016,2,18,36,1,1,3,1,3,"SR-29","",99998,26.57363889,-81.43625556,0,12,6,0,1,1,0,1,2,1,0,1,0,"0000000",99,99,99,99,99,99,0,0,0,1,0
12,120061,1,1,0,0,0,3,3,86,2010,10,1,2016,1,9,47,1,2,3,1,3,"SR-821 RAMP","",99998,25.77752222,-80.39025833,0,24,0,1,5,1,0,4,1,1,0,1,0,"0000000",99,99,99,99,99,99,0,0,0,1,0
12,120062,1,1,0,0,0,2,2,95,0,10,1,2016,1,3,50,0,2,5,25,5,"ORANGE AVENUE","",99998,28.37277778,-81.37777778,0,30,0,0,1,1,0,4,3,10,0,10,0,"0000000",99,99,99,99,99,99,0,0,0,1,1
12,120063,1,1,0,0,0,1,1,33,0,24,1,2016,1,4,33,0,2,5,25,5,"BLOSSOM TRAIL","",99998,30.48265,-87.27268889,0,38,0,0,1,1,0,5,2,1,0,1,0,"0000000",99,99,99,99,99,99,0,0,0,1,1
12,120065,1,1,0,0,0,1,1,86,0,16,1,2016,7,0,0,1,2,2,1,3,"SR-826","",99998,25.92697222,-80.23177222,0,1,0,0,1,1,0,1,3,10,0,10,0,"0000000",99,99,99,99,88,88,0,0,0,1,1
12,120066,1,1,0,0,0,1,1,127,0,10,1,2016,1,0,15,1,1,2,1,2,"US-1","",99998,28.79472222,-80.88166667,0,30,0,0,1,1,0,4,2,10,0,10,0,"0000000",99,99,99,99,88,88,0,0,0,1,1
12,120067,2,2,0,0,0,3,3,86,0,12,1,2016,3,18,10,0,2,5,25,5,"296TH ST","150TH AVE",99998,25.49211667,-80.43458611,0,12,6,0,2,2,0,1,2,1,0,1,0,"0000000",99,99,99,99,99,99,0,0,0,2,0
12,120068,2,2,0,0,0,4,4,27,0,17,1,2016,1,4,37,1,1,3,1,3,"SR-70","",104,27.20935,-81.73271111,0,12,6,0,1,1,0,1,2,2,0,2,0,"0000000",99,99,99,99,99,99,0,0,0,2,0
12,120069,2,2,0,0,0,4,4,109,0,9,1,2016,7,20,40,0,1,5,25,5,"ISAACSON AVE","YELVINGTON ROAD",99998,29.63058333,-81.495175,0,12,6,0,2,2,0,1,2,10,0,10,0,"0000000",99,99,99,99,99,99,0,0,0,2,1
12,120070,2,2,0,0,0,2,2,19,0,13,1,2016,4,19,25,0,1,5,25,5,"LONG HORN RD","SHORT HORN RD",99998,30.115,-81.96166667,0,12,6,0,8,1,0,1,2,1,0,1,0,"0000000",99,99,99,99,99,99,0,0,0,1,2
12,120071,3,3,0,0,0,6,6,115,2235,10,1,2016,1,10,40,1,2,1,1,1,"I-75","",99998,27.06092222,-82.08594722,0,12,1,0,1,1,0,1,1,10,0,10,0,"0000000",99,99,99,99,99,99,0,0,0,1,0
12,120072,2,2,0,0,0,3,3,101,0,1,1,2016,6,16,20,1,1,2,1,2,"US-41","LEONARD ROAD",99998,28.18888889,-82.46638889,0,12,6,0,2,3,0,1,1,1,0,1,0,"0000000",99,99,99,99,99,99,0,0,0,1,0
12,120073,2,2,0,0,0,5,5,99,9997,10,1,2016,1,0,59,1,1,3,1,3,"SR-704","SR-809",99998,26.70696667,-80.11115833,0,12,2,0,2,2,0,1,7,2,0,2,0,"0000000",99,99,99,99,99,99,0,0,0,1,0
12,120075,3,3,0,0,0,3,3,21,0,28,1,2016,5,5,8,0,1,4,25,4,"CR-31","",99998,26.16356111,-81.76711389,0,12,9,0,1,1,0,1,3,2,0,2,0,"0000000",99,99,99,99,88,88,0,0,0,1,0
12,120076,1,1,0,0,0,3,3,61,0,23,1,2016,7,20,45,0,1,5,25,5,"41ST STREET","",99998,27.66853889,-80.42684444,0,38,0,0,8,1,0,4,3,1,0,1,0,"0000000",99,99,99,99,99,99,0,0,0,1,1
12,120078,1,1,0,0,0,1,1,31,1510,29,1,2016,6,23,20,1,2,1,1,1,"I-295","",99998,30.25305556,-81.51166667,0,1,0,1,5,1,0,4,3,1,0,1,0,"0000000",99,99,99,99,88,88,0,0,0,1,1
12,120079,1,1,0,0,0,2,2,86,0,30,1,2016,7,0,45,1,2,2,1,3,"SR-826","",99998,25.7699,-80.32065,0,25,0,1,5,1,0,3,3,1,0,1,0,"0000000",99,99,99,99,99,99,0,0,0,1,1
12,120080,4,4,0,0,0,4,4,53,0,15,1,2016,6,16,45,0,1,5,25,5,"ANDERSON SNOW ROAD","",99998,28.44159167,-82.48600833,0,12,6,0,1,1,0,1,1,1,0,1,0,"0000000",99,99,99,99,99,99,0,0,0,1,1
12,120081,3,3,0,0,0,15,15,87,1505,2,1,2016,7,12,55,1,2,3,1,2,"US-1","",99998,24.95218056,-80.5877,0,12,1,0,1,1,0,1,1,1,0,1,0,"0000000",99,99,99,99,99,99,0,0,0,1,0
12,120082,2,2,0,0,0,2,2,103,0,16,1,2016,7,17,47,0,2,5,25,5,"STARKEY RD","",99998,27.90925556,-82.76238611,0,12,6,0,8,1,0,1,1,1,0,1,0,"0000000",99,99,99,99,88,88,0,0,0,1,0
12,120083,1,1,0,0,0,1,1,65,0,15,1,2016,6,18,20,0,1,5,25,4,"CR-158","",27,30.48111111,-83.99805556,0,34,0,0,1,1,0,4,5,1,0,1,0,"0000000",99,99,99,99,88,88,0,0,0,1,1
12,120084,1,1,0,0,0,1,1,79,0,16,1,2016,7,21,7,0,1,5,25,5,"ROCKY FORD ROAD","",99998,30.62222222,-83.3825,0,5,0,0,8,1,0,1,2,1,0,1,0,"0000000",99,99,99,99,99,99,0,0,0,1,1
12,120085,2,2,0,0,0,3,3,101,0,13,1,2016,4,12,28,0,1,7,25,6,"KITTEN TRL","",99998,28.37360556,-82.62303611,0,12,6,0,8,1,0,1,1,10,0,10,0,"0000000",99,99,99,99,99,99,0,0,0,1,0
12,120086,1,1,0,0,0,1,1,115,0,10,1,2016,1,10,30,1,1,1,1,1,"I-75","",99998,27.06793056,-82.09371111,0,24,0,0,1,1,0,4,1,10,0,10,0,"0000000",99,99,99,99,99,99,0,0,0,1,0
12,120087,2,2,0,0,0,5,5,69,1120,13,1,2016,4,21,45,0,2,4,25,4,"CR-468","SOUTH AVE",99998,28.8364,-81.91628333,0,12,6,0,2,3,0,1,2,1,0,1,0,"0000000",99,99,99,99,99,99,0,0,0,1,0
12,120088,1,1,0,0,0,1,1,19,0,1,2,2016,2,3,10,1,1,3,1,2,"US-17","VILLAGE SQUARE PKWY",99998,30.07971944,-81.70686944,0,30,0,0,3,2,0,4,3,1,0,1,0,"0000000",99,99,99,99,99,99,0,0,0,1,0
12,120089,2,2,0,0,0,4,4,11,771,16,1,2016,7,5,9,1,2,1,1,1,"I-75","",99998,26.03554444,-80.35222222,0,12,2,1,18,1,4,1,3,5,0,5,0,"0000000",99,99,99,99,99,99,0,0,0,1,1
12,120090,1,1,0,0,0,1,1,127,2240,7,2,2016,1,16,32,0,2,5,25,5,"BROOKS CIR","",99998,28.8788,-80.86128056,0,42,0,0,1,1,0,4,1,1,0,1,0,"0000000",99,99,99,99,99,99,0,0,0,1,1
12,120092,2,2,0,0,0,3,3,97,0,11,2,2016,5,20,58,0,2,7,25,6,"PLEASANT HILL RD","BRIGHTON LAKES BLVD",99998,28.22619444,-81.43903611,0,12,6,0,2,2,0,1,3,1,0,1,0,"0000000",99,99,99,99,88,88,0,0,0,1,1