"STATE","ST_CASE","VE_TOTAL","VE_FORMS","PVH_INVL","PEDS","PERNOTMVIT","PERMVIT","PERSONS","COUNTY","CITY","DAY","MONTH","YEAR","DAY_WEEK","HOUR","MINUTE","NHS","RUR_URB","FUNC_SYS","RD_OWNER","ROUTE","TWAY_ID","TWAY_ID2","MILEPT","LATITUDE","LONGITUD","SP_JUR","HARM_EV","MAN_COLL","RELJCT1","RELJCT2","TYP_INT","WRK_ZONE","REL_ROAD","LGT_COND","WEATHER1","WEATHER2","WEATHER","SCH_BUS","RAIL","NOT_HOUR","NOT_MIN","ARR_HOUR","ARR_MIN","HOSP_HR","HOSP_MN","CF1","CF2","CF3","FATALS","DRUNK_DR"
12,120093,2,2,0,0,0,3,3,1,0,28,1,2016,5,9,0,1,2,3,1,3,"SR-331","SR-25",99998,29.615,-82.34027778,0,12,6,0,2,2,0,1,1,2,0,2,0,"0000000",99,99,99,99,99,99,0,0,0,1,0
12,120094,1,1,0,0,0,1,1,131,0,8,1,2016,6,14,25,1,1,1,1,1,"I-10","",99998,30.69111111,-86.08416667,0,42,0,0,1,1,0,5,1,10,0,10,0,"0000000",99,99,99,99,88,88,0,0,0,1,0
12,120095,1,1,0,0,0,1,1,37,0,20,1,2016,4,0,30,1,1,3,1,3,"SR-300","",99998,29.66555556,-84.86444444,0,59,0,0,1,1,0,4,2,1,0,1,0,"0000000",99,99,99,99,88,88,0,0,0,1,1
12,120096,2,2,0,0,0,2,2,31,1510,14,2,2016,1,10,10,1,2,3,1,2,"US-17","RAMP TO EDGEWOOD AVE",99998,30.32769167,-81.73108889,0,12,2,0,2,2,0,1,1,1,0,1,0,"0000000",99,99,99,99,99,99,0,0,0,1,0
12,120097,1,1,0,0,0,3,3,61,0,2,2,2016,3,15,30,0,1,5,25,5,"JUNGLE TRAIL","",99998,27.77305556,-80.40444444,0,42,0,0,1,1,0,4,1,1,0,1,0,"0000000",99,99,99,99,99,99,0,0,0,1,1
12,120098,2,1,1,0,1,1,2,95,0,19,1,2016,3,21,57,0,2,5,25,5,"ORLANDO CENTRAL PKWY","LAKE ELLENOR DR",0,28.46361111,-81.40138889,0,33,0,0,3,2,0,4,3,1,0,1,0,"0000000",99,99,99,99,99,99,0,0,0,1,1
12,120099,1,1,0,0,0,1,1,121,0,2,2,2016,3,8,50,1,1,3,1,2,"US-27","",99998,29.95305556,-82.90388889,0,32,0,0,1,1,0,5,1,5,0,5,0,"0000000",99,99,99,99,88,88,0,0,0,1,0
12,120100,2,2,0,0,0,4,4,9,0,12,2,2016,6,21,0,1,2,3,1,3,"SR-520","PLUMOSA STREET",99998,28.35722222,-80.6925,0,12,6,1,2,2,4,1,3,1,0,1,0,"0000000",99,99,99,99,99,99,0,0,0,1,0
12,120101,1,1,0,0,0,1,1,63,0,1,2,2016,2,5,30,0,1,6,25,4,"CR-162","",99998,30.87611111,-85.29222222,0,1,0,0,1,1,0,4,4,5,0,5,0,"0000000",99,99,99,99,88,88,0,0,0,1,0
12,120102,2,2,0,0,0,2,2,95,0,9,2,2016,3,8,3,1,2,3,1,3,"SR-417 SB","",99998,28.49455278,-81.24343056,0,1,0,0,1,1,0,1,1,10,0,10,0,"0000000",99,99,99,99,99,99,0,0,0,1,0
12,120103,3,3,0,0,0,8,8,83,2270,10,2,2016,4,8,20,0,2,7,25,6,"60TH AVE","20TH ST",99998,29.16795,-82.21868056,0,12,1,0,3,3,0,1,1,1,0,1,0,"0000000",99,99,99,99,99,99,0,0,0,1,0
12,120104,1,1,0,0,0,1,1,53,0,1,3,2016,3,13,20,0,2,7,25,5,"IVYDALE RD","",99998,28.45728333,-82.60745,0,42,0,0,1,1,0,5,1,1,0,1,0,"0000000",99,99,99,99,88,88,0,0,0,1,0
12,120105,1,1,0,0,0,1,1,113,0,4,2,2016,5,20,15,1,1,1,1,1,"I-10","",99998,30.68166667,-86.80694444,0,1,0,0,1,1,0,3,2,1,0,1,0,"0000000",99,99,99,99,88,88,0,0,0,1,1
12,120106,2,2,0,0,0,3,3,3,0,17,1,2016,1,15,19,0,1,4,25,4,"CR-127","",115,30.40694444,-82.22861111,0,12,2,0,1,1,0,1,1,1,0,1,0,"0000000",99,99,99,99,99,99,0,0,0,1,0
12,120107,1,1,0,0,0,1,1,31,1510,14,1,2016,5,18,58,0,2,7,1,3,"SR-134","",99998,30.24770833,-81.6982,0,10,0,0,6,1,0,1,2,1,0,1,0,"620891F",99,99,99,99,99,99,0,0,0,1,0
12,120108,2,2,0,0,0,3,3,83,2270,25,2,2016,5,7,22,0,2,4,1,4,"CR-200A","28 ST",99998,29.21524167,-82.12599722,0,12,6,0,2,2,0,1,4,1,0,1,0,"0000000",99,99,99,99,88,88,0,0,0,1,0
12,120109,3,3,0,0,0,5,5,9,3000,27,2,2016,7,14,45,1,2,3,1,3,"SR-405","WINDOVER TRAIL",99998,28.55397222,-80.84408889,0,12,6,0,2,2,0,1,1,1,0,1,0,"0000000",99,99,99,99,99,99,14,0,0,1,0
12,120110,1,1,0,0,0,1,1,81,0,8,2,2016,2,17,50,0,2,7,25,6,"RIVER CLUB BLVD","",99998,27.42333333,-82.43305556,0,30,0,0,1,1,0,4,1,10,0,10,0,"0000000",99,99,99,99,99,99,0,0,0,1,0
12,120111,2,2,0,0,0,3,3,31,1510,28,2,2016,1,11,0,0,2,5,25,5,"GILLESPIE AVE","DRURY LN",99998,30.1169,-81.6026,0,12,6,1,2,2,0,1,1,1,0,1,0,"0000000",99,99,99,99,99,99,0,0,0,1,0
12,120112,2,2,0,0,0,2,2,61,2790,28,2,2016,1,7,56,0,2,5,25,5,"BLOSSOM DR","",99998,27.78599722,-80.49933056,0,12,2,0,1,1,0,1,1,1,0,1,0,"0000000",99,99,99,99,99,99,0,0,0,1,0
12,120113,2,2,0,0,0,2,2,86,2330,25,2,2016,5,12,9,1,2,3,1,3,"SR-953","133RD ST",99998,25.89459444,-80.26755833,0,12,6,0,2,3,0,1,1,1,0,1,0,"0000000",99,99,99,99,88,88,0,0,0,2,0
12,120114,2,2,0,0,0,2,2,41,0,12,2,2016,6,22,35,1,1,3,1,3,"SR-47","",99998,29.86268056,-82.7412,0,12,6,0,1,1,0,1,2,1,0,1,0,"0000000",99,99,99,99,88,88,0,0,0,1,0
12,120115,2,2,0,0,0,2,2,83,0,3,2,2016,4,10,40,1,1,2,1,2,"US-301","132 ST RD",99998,29.02916667,-82.045,0,12,6,1,2,2,0,1,1,1,0,1,0,"0000000",99,99,99,99,88,88,0,0,0,1,0
12,120116,2,2,0,0,0,4,4,57,0,15,2,2016,2,6,28,1,2,3,1,2,"US-301","ESTATES DEL SOL DR",99998,27.81515556,-82.33213333,0,1,0,1,2,3,0,1,3,10,0,10,0,"0000000",99,99,99,99,88,88,0,0,0,1,0
12,120117,1,1,0,0,0,1,1,3,0,24,2,2016,4,18,35,0,1,3,25,4,"CR-250","",99998,30.38883889,-82.3312,0,1,0,0,1,1,0,5,2,1,0,1,0,"0000000",99,99,99,99,88,88,0,0,0,1,1
12,120118,1,1,0,0,0,2,2,105,0,16,2,2016,3,2,41,1,2,1,1,1,"I-4","",99998,28.1575,-81.82527778,0,57,0,0,1,1,4,3,2,2,0,2,0,"0000000",99,99,99,99,99,99,0,0,0,1,0
12,120119,2,2,0,2,2,3,3,127,0,31,1,2016,1,3,22,1,2,3,1,2,"US-1","",99998,29.10175,-80.97121111,0,8,0,0,1,1,0,1,2,1,0,1,0,"0000000",99,99,99,99,99,99,19,0,0,2,0
12,120120,2,2,0,0,0,2,2,86,1340,20,2,2016,7,3,15,1,2,2,1,3,"SR-826","",99998,25.87527778,-80.32333333,0,12,2,0,1,1,4,1,3,1,0,1,0,"0000000",99,99,99,99,88,88,0,0,0,1,0
12,120121,3,3,0,1,1,5,5,119,0,20,2,2016,7,11,57,0,1,4,25,4,"CR-466","",99998,28.86523889,-81.95731111,0,59,0,0,1,1,0,4,1,1,0,1,0,"0000000",99,99,99,99,99,99,0,0,0,2,0
12,120122,2,2,0,0,0,2,2,53,0,20,2,2016,7,13,2,0,1,7,25,6,"OSOWAW BLVD","",99998,28.39944444,-82.66,0,1,0,0,1,1,0,1,1,1,0,1,0,"0000000",99,99,99,99,99,99,0,0,0,1,0
12,120123,1,1,0,0,0,3,3,11,2570,24,2,2016,4,23,11,1,2,1,1,1,"I-95","",99998,26.25696389,-80.13653333,0,42,0,1,19,1,0,4,3,10,0,10,0,"0000000",99,99,99,99,99,99,0,0,0,1,0
12,120124,1,1,0,0,0,2,2,31,1510,14,2,2016,1,2,4,1,2,3,1,2,"US-1","",99998,30.24416667,-81.60027778,0,33,0,0,1,1,0,4,3,10,0,10,0,"0000000",99,99,99,99,99,99,0,0,0,1,1
12,120125,2,2,0,0,0,3,3,81,0,3,2,2016,4,2,49,1,2,3,1,2,"US-301","63RD AVE",99998,27.42911111,-82.53031111,0,12,6,1,2,2,0,1,3,1,0,1,0,"0000000",99,99,99,99,88,88,0,0,0,2,1
12,120126,2,2,0,0,0,2,2,105,1690,2,2,2016,3,21,13,1,2,1,1,1,"I-4","",99998,28.15166667,-81.85611111,0,12,1,0,1,1,0,1,3,1,0,1,0,"0000000",21,45,99,99,99,99,0,0,0,1,0
12,120127,2,2,0,0,0,3,3,101,0,26,1,2016,3,16,50,1,1,3,1,2,"US-301","CHANCEY RD",99998,28.2081,-82.18535,0,12,6,1,2,2,0,1,1,10,0,10,0,"0000000",16,52,16,59,99,99,0,0,0,1,0
12,120128,1,1,0,0,0,2,2,55,0,16,1,2016,7,0,5,1,1,3,1,2,"US-98","CR-721",99998,27.36233889,-81.05396944,0,42,0,0,3,3,0,5,2,5,0,5,0,"0000000",99,99,99,99,99,99,0,0,0,1,1
12,120129,2,2,0,0,0,2,2,57,0,14,1,2016,5,20,0,1,2,3,1,2,"US-41","",99998,27.7015,-82.45418889,0,12,2,0,1,1,0,1,2,1,0,1,0,"0000000",99,99,99,99,99,99,0,0,0,1,1
12,120130,3,3,0,0,0,7,7,81,0,29,1,2016,6,13,57,0,1,6,25,5,"VERNA BETHANY RD","",27,27.42683889,-82.27076944,0,12,1,0,1,1,0,1,1,1,0,1,0,"0000000",99,99,99,99,99,99,0,0,0,1,0
12,120131,3,3,0,0,0,5,5,9,0,24,1,2016,1,0,45,1,1,3,1,3,"SR-501","ROSENTINE ST",99998,28.38186944,-80.75503889,0,12,6,0,2,2,0,1,3,1,0,1,0,"0000000",99,99,99,99,99,99,14,0,0,2,1
12,120132,4,4,0,0,0,4,4,99,2431,19,2,2016,6,13,9,0,2,7,25,6,"BURNS ROAD","",99998,26.83076667,-80.08695556,0,12,1,0,4,1,0,1,1,10,0,10,0,"0000000",99,99,99,99,99,99,0,0,0,1,0
12,120134,1,1,0,0,0,1,1,75,540,24,2,2016,4,12,15,1,1,3,1,2,"US-19","",99998,29.5061,-82.87306944,0,32,0,0,1,1,0,4,1,10,0,10,0,"0000000",99,99,99,99,88,88,0,0,0,1,0
12,120135,2,2,0,0,0,5,5,86,0,3,1,2016,1,18,20,1,2,3,1,2,"US-1 SR-5","SW 137TH AVE",99998,25.53455833,-80.41273333,0,12,6,0,2,3,0,1,1,1,0,1,0,"0000000",99,99,99,99,99,99,0,0,0,1,0
12,120136,1,1,0,0,0,2,2,101,0,23,1,2016,7,2,0,0,2,4,25,4,"CR-1","",62,28.36388889,-82.66611111,0,30,0,0,1,1,0,4,2,2,0,2,0,"0000000",99,99,99,99,88,88,0,0,0,2,1
12,120137,2,2,0,0,0,3,3,9,0,31,1,2016,1,13,30,1,1,3,1,3,"SR-404","CR-509",99998,28.1975,-80.68861111,0,12,2,0,2,2,0,1,1,1,0,1,0,"0000000",99,99,99,99,99,99,0,0,0,1,0
12,120138,3,3,0,0,0,3,3,33,0,17,2,2016,4,12,45,0,2,4,1,3,"SR-298","69TH AVE",99998,30.42083333,-87.30472222,0,12,6,1,2,2,0,1,1,1,0,1,0,"0000000",99,99,99,99,99,99,0,0,0,1,0
12,120139,1,1,0,0,0,1,1,121,0,5,2,2016,6,11,37,1,1,1,1,1,"I-10","",99998,30.34391111,-83.08923889,0,1,0,0,1,1,0,3,1,1,0,1,0,"0000000",99,99,99,99,88,88,0,0,0,1,0
12,120140,1,1,0,0,0,2,2,73,0,3,3,2016,5,22,15,1,1,3,1,2,"US-27","",123,30.41281389,-84.08101389,0,34,0,0,1,1,0,4,2,10,0,10,0,"0000000",99,99,99,99,99,99,0,0,0,1,1
12,120141,2,2,0,0,0,7,7,95,0,4,3,2016,6,21,21,0,2,5,25,4,"CR-545","MCKINNEY RD",99998,28.47364722,-81.64051111,0,12,6,0,2,2,0,1,2,1,0,1,0,"0000000",99,99,99,99,99,99,0,0,0,2,1
12,120142,2,2,0,0,0,4,4,95,0,2,2,2016,3,22,11,0,2,5,25,5,"WILLIAM C COLEMAN DR","",99998,28.55254444,-81.27076111,0,12,2,0,1,1,0,1,2,1,0,1,0,"0000000",22,1,22,7,99,99,0,0,0,1,0
12,120143,3,3,0,0,0,3,3,101,0,27,1,2016,4,14,25,1,1,3,1,3,"SR-54","TRINITY BLVD",99998,28.19057222,-82.61403611,0,12,6,1,2,2,0,1,1,2,0,2,0,"0000000",14,34,14,35,99,99,0,0,0,1,0
12,120144,2,2,0,0,0,2,2,57,2950,12,2,2016,6,5,40,1,2,1,1,1,"I-275 RAMP","",99998,27.96194444,-82.45388889,0,12,2,1,20,1,0,1,3,1,0,1,0,"0000000",99,99,99,99,88,88,0,0,0,2,0
12,120145,2,2,0,0,0,2,2,95,0,28,2,2016,1,0,5,0,2,7,25,6,"TANNER RD","",99998,28.59527778,-81.17,0,12,6,0,8,1,0,1,2,1,0,1,0,"0000000",99,99,99,99,88,88,0,0,0,1,1
12,120146,2,2,0,0,0,2,2,81,0,8,2,2016,2,7,35,1,1,3,1,3,"SR-70 EAST","",99998,27.34263056,-82.15446111,0,12,1,0,1,1,0,4,1,1,0,1,0,"0000000",99,99,99,99,88,88,0,0,0,1,0
12,120147,2,2,0,0,0,5,5,95,0,27,1,2016,4,18,12,0,2,4,25,5,"DEAN RD","",99998,28.55597222,-81.24476667,0,12,6,0,8,1,0,1,3,2,0,2,0,"0000000",99,99,99,99,99,99,0,0,0,1,0
12,120148,2,2,0,0,0,3,3,123,0,3,3,2016,5,14,30,0,2,7,25,6,"BEACH RD","361C CEDAR ISLAND RD",99998,29.81277778,-83.57888889,0,1,0,1,2,3,4,1,1,1,0,1,0,"0000000",99,99,99,99,88,88,0,0,0,1,1
12,120149,2,2,0,0,0,2,2,95,0,21,1,2016,5,18,34,1,2,2,1,3,"SR-408","",99998,28.54406389,-81.27820278,0,12,1,0,1,1,0,1,5,1,0,1,0,"0000000",99,99,99,99,99,99,0,0,0,1,0
12,120150,2,2,0,0,0,3,3,35,2439,26,1,2016,3,21,31,1,2,1,1,1,"I-95","",99998,29.54746944,-81.21452778,0,12,6,0,1,1,0,1,2,10,0,10,0,"0000000",99,99,99,99,88,88,0,0,0,2,0
12,120151,2,2,0,0,0,2,2,57,0,25,1,2016,2,23,42,1,2,1,1,1,"I-275","",99998,28.135,-82.41333333,0,12,1,0,1,1,0,1,2,1,0,1,0,"0000000",99,99,99,99,88,88,18,23,0,1,1
12,120152,4,4,0,0,0,7,7,19,0,1,3,2016,3,19,0,1,2,3,1,2,"US-17","DENMARK DR",99998,30.10848889,-81.70533611,0,12,6,0,2,2,0,1,2,1,0,1,0,"0000000",99,99,99,99,99,99,0,0,0,1,0
12,120153,1,1,0,0,0,3,3,115,0,21,2,2016,1,8,45,1,1,1,1,1,"I-75","",99998,27.13473611,-82.40518889,0,32,0,0,1,1,0,3,1,10,0,10,0,"0000000",99,99,99,99,99,99,0,0,0,2,0
12,120155,2,2,0,0,0,3,3,33,0,28,1,2016,5,18,30,0,2,4,1,2,"US-90","FOXRUN ROAD",99998,30.53267222,-87.23991944,0,12,6,1,2,3,0,1,2,1,0,1,0,"0000000",99,99,99,99,99,99,0,0,0,1,0
12,120156,4,4,0,0,0,4,4,86,0,29,1,2016,6,14,20,1,2,3,1,2,"US-41 SR-90 TAMIAMI TRL","",99998,25.76083333,-80.40083333,0,12,1,0,1,1,0,1,1,10,0,10,0,"0000000",99,99,99,99,99,99,0,0,0,1,0
12,120157,1,1,0,0,0,1,1,17,0,31,1,2016,1,0,20,0,1,4,25,4,"CR-495","",99998,28.92820278,-82.59240278,0,53,0,0,1,1,0,4,2,1,0,1,0,"0000000",99,99,99,99,88,88,0,0,0,1,0
12,120158,1,1,0,0,0,1,1,99,290,3,2,2016,4,2,50,1,2,1,1,1,"I-95","",99998,26.36558056,-80.11864167,0,1,0,1,5,1,0,3,3,1,0,1,0,"0000000",99,99,99,99,88,88,0,0,0,1,1
12,120159,2,2,0,0,0,6,6,13,0,2,2,2016,3,19,10,0,1,4,25,4,"CR-274","PORTER GRADE RD",99998,30.53298056,-85.30041111,0,12,6,0,2,3,0,1,2,1,0,1,0,"0000000",99,99,99,99,99,99,0,0,0,1,0
12,120160,1,1,0,0,0,2,2,103,0,28,2,2016,1,19,35,1,1,1,1,1,"I-275","",99998,27.92111111,-82.60583333,0,25,0,0,1,1,0,3,3,1,0,1,0,"0000000",99,99,99,99,99,99,0,0,0,1,0
12,120161,2,2,0,0,0,2,2,86,0,30,1,2016,7,22,20,1,2,3,1,3,"SR-989","SW 240TH ST",99998,25.54438889,-80.37206944,0,12,6,0,2,3,0,1,3,1,0,1,0,"0000000",99,99,99,99,88,88,0,0,0,1,0
12,120162,2,2,0,0,0,4,4,81,0,21,2,2016,1,19,26,1,2,3,1,2,"US-41","53RD AVE",99998,27.44771111,-82.57538889,0,12,6,0,8,1,0,1,3,1,0,1,0,"0000000",99,99,99,99,88,88,0,0,0,1,0
12,120164,1,1,0,0,0,1,1,57,0,12,2,2016,6,22,0,1,2,3,1,2,"US-92","39A ALEXANDER STREET",99998,28.06360833,-82.13580833,0,34,0,0,3,3,0,4,9,8,0,8,0,"0000000",99,99,99,99,88,88,0,0,0,1,1
12,120165,1,1,0,0,0,1,1,95,0,8,2,2016,2,3,8,0,2,7,25,6,"ROBERSON RD","",99998,28.52972222,-81.54611111,0,30,0,0,1,1,0,4,2,1,0,1,0,"0000000",99,99,99,99,88,88,0,0,0,1,1
12,120167,2,2,0,0,0,4,4,47,0,4,2,2016,5,23,0,0,1,7,25,4,"CR-152","CR-143",99998,30.56913889,-83.15951944,0,12,6,0,2,2,0,1,2,1,0,1,0,"0000000",99,99,99,99,99,99,0,0,0,1,0
12,120168,3,3,0,0,0,3,3,71,0,4,2,2016,5,18,46,0,1,7,25,4,"CR-884","GREENWOOD AVE",99998,26.60321111,-81.62063056,0,12,2,0,2,2,0,1,3,10,0,10,0,"0000000",99,99,99,99,99,99,0,0,0,1,0
12,120169,1,1,0,0,0,1,1,101,0,3,2,2016,4,17,37,0,1,7,25,4,"CR-1","",88,28.39833333,-82.65833333,0,24,0,0,1,1,0,4,5,1,0,1,0,"0000000",99,99,99,99,99,99,0,0,0,1,0
12,120170,2,2,0,0,0,2,2,83,2270,13,2,2016,7,18,25,1,1,3,1,2,"US-441","",99998,29.20255,-82.14195,0,1,0,0,1,1,0,1,5,1,0,1,0,"0000000",99,99,99,99,99,99,0,0,0,1,2
12,120171,1,1,0,0,0,1,1,19,0,15,2,2016,2,22,5,0,2,7,25,5,"OAKLEAF PLANTATION PARKWAY","",99998,30.18083333,-81.84805556,0,33,0,0,1,1,0,3,3,1,0,1,0,"0000000",99,99,99,99,88,88,0,0,0,1,1
12,120172,1,1,0,0,0,1,1,107,0,16,2,2016,3,7,31,0,1,4,1,3,"SR-26","",99998,29.72910278,-81.97905833,0,1,0,0,1,1,0,5,1,1,0,1,0,"0000000",99,99,99,99,88,88,0,0,0,1,1
12,120173,1,1,0,0,0,1,1,11,1420,7,2,2016,1,1,5,0,2,7,25,6,"MONROE ST","DIXIE HWY",99998,26.00765833,-80.14892778,0,10,0,0,6,1,0,1,3,10,0,10,0,"272588X",99,99,99,99,88,88,0,0,0,1,1
12,120174,2,2,0,0,0,3,3,107,0,4,3,2016,6,16,10,1,1,3,1,3,"SR-20","CR-21",99998,29.61458333,-81.97813889,0,12,6,0,2,2,0,1,1,10,0,10,0,"0000000",99,99,99,99,99,99,0,0,0,2,1
12,120175,2,2,0,0,0,2,2,9,0,1,3,2016,3,2,11,1,1,1,1,1,"I-95","",99998,28.18816111,-80.70626111,0,12,1,0,1,1,0,1,2,1,0,1,0,"0000000",99,99,99,99,99,99,0,0,0,1,1
12,120176,2,2,0,0,0,2,2,101,2590,15,2,2016,2,0,11,1,2,3,1,2,"US-19","",99998,28.28298611,-82.71589167,0,12,1,0,1,1,0,1,3,1,0,1,0,"0000000",99,99,99,99,88,88,0,0,0,1,1
12,120177,2,2,0,0,0,3,3,9,0,8,3,2016,3,16,27,1,1,3,1,3,"SR-3","DUVAL ST",99998,28.41732778,-80.70666111,0,12,6,0,8,1,0,1,1,1,0,1,0,"0000000",99,99,99,99,99,99,0,0,0,1,0
12,120178,1,1,0,0,0,2,2,86,0,10,2,2016,4,3,29,1,2,1,1,1,"I-95","",99998,25.77754722,-80.199675,0,25,0,0,1,1,0,3,3,10,0,10,0,"0000000",99,99,99,99,99,99,0,0,0,2,1
12,120179,2,2,0,0,0,3,3,57,0,20,2,2016,7,21,0,1,2,3,1,2,"US-301","",99998,27.69041111,-82.34286944,0,12,2,0,1,1,0,1,2,1,0,1,0,"0000000",99,99,99,99,99,99,0,0,0,2,1
12,120180,1,1,0,1,1,1,1,95,0,20,2,2016,7,17,24,0,1,7,25,6,"POWERS DR","",99998,28.58128889,-81.46778889,0,8,0,0,1,1,0,4,1,1,0,1,0,"0000000",99,99,99,99,99,99,0,0,0,2,0
12,120181,1,1,0,0,0,2,2,33,0,27,2,2016,7,15,57,0,1,7,25,4,"CR-99","",99998,30.69912222,-87.43503333,0,1,0,0,1,1,0,4,1,1,0,1,0,"0000000",99,99,99,99,88,88,0,0,0,1,0
12,120182,2,1,1,0,2,2,4,11,771,13,2,2016,7,20,0,1,2,1,1,1,"I-75  RAMP","",99998,26.11365,-80.34938056,0,14,0,1,5,1,0,8,3,10,0,10,0,"0000000",99,99,99,99,99,99,0,0,0,1,0
12,120183,1,1,0,0,0,1,1,89,0,15,2,2016,2,6,29,0,1,7,25,5,"LAKE HAMPTON RD","",99998,30.78378889,-81.92473889,0,42,0,0,1,1,0,4,2,1,0,1,0,"0000000",99,99,99,99,99,99,0,0,0,1,0
12,120184,2,2,0,0,0,2,2,95,0,26,2,2016,6,9,48,0,2,7,25,6,"UNIVERSAL BLVD","BREAKVIEW DR",99998,28.42578611,-81.44243333,0,12,6,0,2,2,0,1,1,1,0,1,0,"0000000",99,99,99,99,99,99,0,0,0,1,0
12,120185,1,1,0,0,0,2,2,83,0,20,2,2016,7,6,15,0,1,7,25,6,"140TH AVE","",99998,29.17506111,-82.136025,0,1,0,0,1,1,0,4,2,1,0,1,0,"0000000",99,99,99,99,99,99,0,0,0,1,0
12,120186,2,2,0,0,0,3,3,95,2360,28,2,2016,1,1,37,1,2,3,25,4,"CR-423","AMERICANA BLVD",99998,28.48687222,-81.41736389,0,12,6,0,3,2,0,1,2,1,0,1,0,"0000000",99,99,99,99,99,99,0,0,0,1,0
12,120187,1,1,0,0,0,1,1,35,0,31,1,2016,1,18,4,0,1,5,25,4,"CR-305","",88,29.45880556,-81.37215833,0,1,0,0,1,1,0,4,5,1,0,1,0,"0000000",99,99,99,99,99,99,0,0,0,1,1
12,120188,2,2,0,0,0,2,2,107,0,23,2,2016,3,7,55,1,1,3,1,3,"SR-100","END RD",99998,29.60004444,-81.57545556,0,12,2,0,3,4,0,1,1,1,0,1,0,"0000000",99,99,99,99,99,99,0,0,0,1,0
12,120189,3,3,0,0,0,6,6,71,0,3,2,2016,4,7,55,1,1,1,1,1,"I-75","",99998,26.72846111,-81.83716111,0,12,1,0,1,1,0,1,1,1,0,1,0,"0000000",99,99,99,99,99,99,0,0,0,1,0
12,120190,2,2,0,0,0,4,4,127,0,25,1,2016,2,22,25,1,1,1,1,1,"I-4","",99998,28.86211944,-81.29234444,0,12,6,0,1,1,0,1,2,1,0,1,0,"0000000",99,99,99,99,99,99,0,0,0,2,1
12,120191,2,2,0,0,0,3,3,31,1510,2,2,2016,3,22,59,1,2,3,1,3,"SR-115","",99998,30.32743611,-81.59798056,0,12,1,0,1,1,0,1,3,1,0,1,0,"0000000",99,99,99,99,88,88,0,0,0,1,1
12,120192,2,1,1,0,1,1,2,109,0,4,2,2016,5,15,40,1,1,1,1,1,"I-95","",99998,29.749175,-81.34684167,0,24,0,1,19,1,0,4,1,2,0,2,0,"0000000",99,99,99,99,99,99,0,0,0,1,0
12,120193,4,4,0,0,0,4,4,95,0,22,2,2016,2,3,10,1,2,3,1,2,"US-441","AMERICANA BLVD",99998,28.48414444,-81.39669167,0,12,1,0,3,3,0,1,3,1,0,1,0,"0000000",99,99,99,99,99,99,0,0,0,1,1
12,120194,2,2,0,0,0,5,5,105,120,21,1,2016,5,2,56,1,2,3,1,2,"US-92","",99998,28.05716944,-81.816425,0,12,1,0,1,1,0,1,3,1,0,1,0,"0000000",99,99,99,99,99,99,0,0,0,1,0
12,120195,2,2,0,0,0,2,2,5,2450,1,3,2016,3,3,55,1,2,3,1,2,"US-231","STAR AVE",99998,30.24878889,-85.55729167,0,12,1,0,3,3,0,1,3,5,0,5,0,"0000000",99,99,99,99,99,99,0,0,0,1,0
12,120196,1,1,0,0,0,1,1,31,0,13,3,2016,1,23,25,0,2,6,25,5,"PECAN PARK RD","",99998,30.5175,-81.63444444,0,30,0,0,1,1,0,4,2,1,0,1,0,"0000000",99,99,99,99,88,88,0,0,0,1,0
12,120197,1,1,0,0,0,4,4,115,0,14,3,2016,2,16,25,1,1,1,1,1,"I-75","",99998,27.10637778,-82.29870556,0,1,0,0,1,1,4,4,1,1,0,1,0,"0000000",99,99,99,99,99,99,0,0,0,1,0
12,120198,4,4,0,0,0,4,4,71,1823,26,2,2016,6,19,30,0,2,4,25,4,"CR-884","",99998,26.61928889,-81.73261111,0,30,0,0,1,1,0,4,3,1,0,1,0,"0000000",99,99,99,99,99,99,0,0,0,1,0
12,120199,1,1,0,0,0,3,3,31,1510,7,3,2016,2,7,20,1,2,2,1,3,"SR-202","",99998,30.25398333,-81.50781111,0,1,0,0,1,1,0,4,1,1,0,1,0,"0000000",99,99,99,99,99,99,0,0,0,1,0
12,120200,1,1,0,0,0,2,2,127,2375,15,2,2016,2,0,55,1,2,3,1,2,"US-1","",99998,29.26260833,-81.05062778,0,42,0,0,1,1,0,4,2,1,0,1,0,"0000000",99,99,99,99,99,99,0,0,0,1,0
12,120201,1,1,0,0,0,1,1,127,0,2,3,2016,4,9,24,1,1,1,1,1,"I-4","",99998,28.88888889,-81.27864444,0,21,0,0,1,1,0,4,1,1,0,1,0,"0000000",99,99,99,99,88,88,0,0,0,1,0
12,120202,2,2,0,0,0,4,4,86,0,4,2,2016,5,1,34,1,2,3,1,3,"SR-94","SW 117TH AVE",99998,25.686325,-80.383525,0,12,6,0,8,1,0,1,3,1,0,1,0,"0000000",99,99,99,99,99,99,0,0,0,1,1
12,120203,2,2,0,0,0,2,2,81,0,9,3,2016,4,18,57,1,1,3,1,2,"US-19","TERRA CEIA RD",99998,27.57953889,-82.57816111,0,12,6,0,2,2,0,1,2,1,0,1,0,"0000000",99,99,99,99,99,99,0,0,0,1,0
12,120204,2,2,0,0,0,2,2,127,2340,20,1,2016,4,8,45,0,2,5,25,5,"SAXON BLVD","ENTERPRISE RD",99998,28.91125278,-81.29204722,0,12,6,0,2,2,0,1,1,1,0,1,0,"0000000",99,99,99,99,99,99,0,0,0,1,0