"STATE","ST_CASE","VE_TOTAL","VE_FORMS","PVH_INVL","PEDS","PERNOTMVIT","PERMVIT","PERSONS","COUNTY","CITY","DAY","MONTH","YEAR","DAY_WEEK","HOUR","MINUTE","NHS","RUR_URB","FUNC_SYS","RD_OWNER","ROUTE","TWAY_ID","TWAY_ID2","MILEPT","LATITUDE","LONGITUD","SP_JUR","HARM_EV","MAN_COLL","RELJCT1","RELJCT2","TYP_INT","WRK_ZONE","REL_ROAD","LGT_COND","WEATHER1","WEATHER2","WEATHER","SCH_BUS","RAIL","NOT_HOUR","NOT_MIN","ARR_HOUR","ARR_MIN","HOSP_HR","HOSP_MN","CF1","CF2","CF3","FATALS","DRUNK_DR"
12,120205,4,4,0,1,1,8,8,99,0,30,1,2016,7,22,25,0,1,5,25,5,"LINTON BLVD","JOG RD",99998,26.43906111,-80.14664167,0,12,6,0,3,2,0,1,3,10,0,10,0,"0000000",99,99,99,99,99,99,0,0,0,1,0
12,120207,1,1,0,0,0,1,1,61,0,31,1,2016,1,16,29,1,1,3,1,3,"SR-60","",99998,27.64055556,-80.66666667,0,42,0,0,1,1,0,4,1,10,0,10,0,"0000000",99,99,99,99,88,88,0,0,0,1,0
12,120208,2,2,0,0,0,2,2,99,290,5,2,2016,6,0,54,1,1,1,1,1,"I-95 OFF RAMP","PALMETTO PARK ROAD",99998,26.35071389,-80.11711389,0,12,6,1,2,2,0,1,3,1,0,1,0,"0000000",99,99,99,99,99,99,0,0,0,1,1
12,120209,2,2,0,0,0,2,2,11,2083,28,2,2016,1,6,34,1,2,1,1,1,"I-75","",99998,25.97694167,-80.35175278,0,12,6,0,1,1,4,1,4,10,0,10,0,"0000000",99,99,99,99,99,99,0,0,0,1,0
12,120210,1,1,0,0,0,2,2,19,0,3,2,2016,4,21,19,0,1,7,25,4,"CR-218","",28,30.12895556,-81.99876667,0,34,0,0,1,1,0,4,2,1,0,1,0,"0000000",99,99,99,99,88,88,0,0,0,1,1
12,120212,2,2,0,0,0,3,3,75,3240,8,3,2016,3,14,40,1,1,3,1,2,"US-27","55TH STREET",99998,29.41111111,-82.45305556,0,12,2,0,2,3,0,1,1,1,0,1,0,"0000000",99,99,99,99,99,99,0,0,0,1,0
12,120214,1,1,0,0,0,1,1,83,0,6,3,2016,1,13,0,0,2,7,25,6,"182ND AVE RD","",99998,29.013975,-81.81890556,0,44,0,0,1,1,0,2,1,1,0,1,0,"0000000",99,99,99,99,99,99,0,0,0,1,0
12,120215,2,2,0,0,0,2,2,95,0,13,3,2016,1,1,53,0,2,4,1,3,"SR-482","PARKLINE BOULEVARD",99998,28.45100556,-81.36090556,0,12,6,0,2,3,0,1,2,1,0,1,0,"0000000",99,99,99,99,88,88,0,0,0,1,1
12,120216,3,3,0,0,0,5,5,57,0,5,3,2016,7,12,8,1,2,3,1,2,"US-301","GIBSONTON DR",99998,27.86154722,-82.32672222,0,12,2,0,1,1,0,1,1,1,0,1,0,"0000000",99,99,99,99,99,99,0,0,0,1,0
12,120217,1,1,0,0,0,1,1,85,0,18,2,2016,5,14,5,0,2,7,25,5,"ST LUCIE BLVD","",99998,27.17756111,-80.19963056,0,59,0,0,1,1,0,4,1,1,0,1,0,"0000000",99,99,99,99,88,88,0,0,0,1,0
12,120218,1,1,0,0,0,2,2,39,2060,18,2,2016,5,15,50,0,2,4,25,4,"CR-268","",99998,30.49494722,-84.47557222,0,53,0,0,1,1,0,5,1,1,0,1,0,"0000000",99,99,99,99,99,99,20,0,0,1,0
12,120220,3,3,0,0,0,6,6,5,0,11,3,2016,6,22,4,1,1,3,1,2,"US-231","",99998,30.29177778,-85.49636111,0,1,0,0,1,1,0,1,2,1,0,1,0,"0000000",99,99,99,99,99,99,0,0,0,1,0
12,120221,2,2,0,0,0,2,2,61,0,6,3,2016,1,20,0,0,1,4,25,4,"CR-606","66TH AVE",99998,27.7675,-80.55083333,0,12,6,0,2,2,0,1,2,1,0,1,0,"0000000",99,99,99,99,88,88,0,0,0,1,0
12,120222,1,1,0,0,0,1,1,131,0,5,3,2016,7,99,99,0,1,4,1,3,"SR-83","CR-185",99998,30.81685,-86.11961389,0,42,0,0,3,3,0,5,2,1,0,1,0,"0000000",99,99,99,99,88,88,0,0,0,1,1
12,120223,1,1,0,0,0,2,2,65,0,19,2,2016,6,6,13,0,1,4,1,2,"US-90","",99998,30.53722222,-83.93055556,0,42,0,0,1,1,0,4,2,1,0,1,0,"0000000",99,99,99,99,99,99,0,0,0,1,0
12,120224,2,2,0,0,0,5,5,81,0,18,2,2016,5,20,59,1,1,1,1,1,"I-75","",99998,27.40446667,-82.45293889,0,12,7,0,1,1,4,1,2,1,0,1,0,"0000000",99,99,99,99,99,99,0,0,0,3,0
12,120225,1,1,0,0,0,2,2,9,0,12,3,2016,7,2,0,0,2,7,25,6,"CRISAFULLI RD","",99998,28.465,-80.69777778,0,32,0,0,1,1,0,4,2,1,0,1,0,"0000000",99,99,99,99,88,88,0,0,0,2,1
12,120226,2,2,0,0,0,2,2,71,0,25,2,2016,5,6,45,1,1,1,1,1,"I-75 RAMP","DANIELS PARKWAY",99998,26.54916667,-81.79472222,0,12,1,1,20,1,0,1,1,1,0,1,0,"0000000",99,99,99,99,99,99,0,0,0,1,0
12,120227,2,2,0,0,0,3,3,95,0,1,3,2016,3,16,35,1,2,3,1,3,"SR-50","",99998,28.535475,-81.03591111,0,12,1,0,1,1,0,1,1,1,0,1,0,"0000000",99,99,99,99,99,99,0,0,0,2,0
12,120229,2,2,0,0,0,2,2,31,1510,9,1,2016,7,14,0,1,1,3,1,3,"SR-15","LONG BOW RD",99998,30.25319167,-81.69919167,0,12,6,0,2,3,0,1,1,10,0,10,0,"0000000",99,99,99,99,99,99,0,0,0,2,0
12,120230,1,1,0,0,0,1,1,31,1510,27,1,2016,4,20,37,0,2,3,25,7,"CLARK RD","MAIN ST",99998,30.20263889,-82.01104722,0,23,0,0,5,1,0,4,2,1,0,1,0,"0000000",99,99,99,99,99,99,0,0,0,1,1
12,120231,2,2,0,0,0,3,3,15,0,6,3,2016,1,2,5,0,1,7,25,6,"ATWATER ST","",99998,27.031225,-82.11322778,0,12,2,0,1,1,0,1,2,1,0,1,0,"0000000",99,99,99,99,99,99,0,0,0,1,1
12,120232,1,1,0,0,0,1,1,27,0,13,3,2016,1,0,10,1,1,3,1,3,"SR-70","",252,27.25198889,-81.95973889,0,43,0,0,1,1,0,5,2,10,0,10,0,"0000000",99,99,99,99,88,88,0,0,0,1,1
12,120233,4,2,2,0,1,3,4,86,0,6,3,2016,1,18,56,1,2,3,1,3,"SR-976","SW 104 CT",99998,25.73248889,-80.36378056,0,12,2,0,2,3,0,1,3,1,0,1,0,"0000000",99,99,99,99,88,88,14,0,0,1,0
12,120234,1,1,0,0,0,1,1,95,0,14,3,2016,2,7,34,1,1,3,1,3,"SR-50","",99998,28.54365278,-80.93993611,0,52,0,0,1,1,0,4,1,1,0,1,0,"0000000",99,99,99,99,99,99,0,0,0,1,0
12,120236,1,1,0,0,0,1,1,35,0,10,3,2016,5,10,30,0,2,7,25,5,"OCEAN CREST DR","OCEAN CREST WAY",99998,29.60515556,-81.19028056,0,42,0,0,8,1,0,5,1,1,0,1,0,"0000000",99,99,99,99,88,88,0,0,0,1,0
12,120237,2,2,0,0,0,3,3,93,0,13,3,2016,1,7,0,1,1,3,1,2,"US-441","",99998,27.45629167,-80.80953333,0,12,11,0,1,1,0,1,2,1,0,1,0,"0000000",99,99,99,99,99,99,0,0,0,1,0
12,120238,2,2,0,0,0,2,2,86,2230,11,3,2016,6,13,39,0,2,4,1,3,"SR-860","NE 183RD ST",99998,25.94421667,-80.16271667,0,12,6,0,3,2,0,1,1,1,0,1,0,"0000000",99,99,99,99,99,99,0,0,0,1,0
12,120239,2,2,0,0,0,3,3,39,0,12,3,2016,7,13,25,0,1,3,1,3,"SR-267","",99998,30.67213056,-84.61523889,0,1,0,0,1,1,0,1,1,1,0,1,0,"0000000",99,99,99,99,88,88,0,0,0,1,0
12,120240,1,1,0,0,0,5,5,127,0,6,2,2016,7,17,45,1,1,3,1,2,"US-17","",99998,29.14924167,-81.37263333,0,1,0,0,1,1,0,4,2,2,0,2,0,"0000000",99,99,99,99,99,99,0,0,0,1,0
12,120241,2,2,0,0,0,2,2,57,0,1,3,2016,3,3,3,1,2,1,1,1,"I-75","",99998,27.84861944,-82.3466,0,12,1,0,1,1,4,1,3,1,0,1,0,"0000000",99,99,99,99,88,88,0,0,0,1,1
12,120242,3,3,0,0,0,3,3,86,0,9,3,2016,4,6,50,1,2,1,1,1,"I-95","",99998,25.81266944,-80.20616111,0,12,1,0,1,1,0,1,1,10,0,10,0,"0000000",99,99,99,99,99,99,0,0,0,1,0
12,120243,1,1,0,0,0,1,1,71,0,14,3,2016,2,20,0,0,1,7,25,6,"CHAMBERLIN PARKWAY","",99998,26.54678889,-81.75183056,0,1,0,0,1,1,0,4,3,1,0,1,0,"0000000",99,99,99,99,88,88,0,0,0,1,0
12,120244,1,1,0,0,0,1,1,29,0,5,2,2016,6,22,15,0,1,5,25,5,"544TH STREET","",99998,29.65833333,-83.0275,0,1,0,0,1,1,0,4,2,1,0,1,0,"0000000",99,99,99,99,88,88,0,0,0,1,1
12,120246,2,2,0,0,0,3,3,21,0,11,3,2016,6,13,6,1,1,3,1,2,"US-41","",99998,26.01843889,-81.62906111,0,24,0,0,1,1,0,4,1,10,0,10,0,"0000000",99,99,99,99,99,99,0,0,0,1,0
12,120247,1,1,0,0,0,2,2,85,0,15,3,2016,3,3,15,0,2,6,25,5,"SALERNO RD","",99998,27.14688889,-80.19878056,0,10,0,0,6,1,0,1,3,1,0,1,0,"272357P",99,99,99,99,88,88,0,0,0,2,1
12,120248,2,2,0,0,0,2,2,51,0,18,3,2016,6,5,40,1,1,3,1,3,"SR-80","",99998,26.76828889,-81.27949722,0,12,2,0,1,1,0,4,2,1,0,1,0,"0000000",99,99,99,99,88,88,0,0,0,2,1
12,120249,1,1,0,0,0,1,1,7,0,17,3,2016,5,18,59,1,1,3,1,3,"SR-21","",99998,29.76019722,-82.05613056,0,42,0,0,1,1,0,5,5,2,0,2,0,"0000000",99,99,99,99,99,99,0,0,0,1,1
12,120250,3,3,0,0,0,3,3,99,0,10,3,2016,5,3,56,1,1,3,1,3,"SR-80","SUGAR HOUSE RD",99998,26.72638889,-80.65,0,12,6,1,2,3,0,1,2,1,0,1,0,"0000000",99,99,99,99,99,99,0,0,0,2,0
12,120251,3,3,0,0,0,3,3,95,0,11,3,2016,6,1,4,1,2,1,1,1,"I-4","",99998,28.59263611,-81.38138056,0,12,1,1,18,1,4,1,3,1,0,1,0,"0000000",99,99,99,99,88,88,0,0,0,1,1
12,120252,2,2,0,0,0,4,4,127,0,6,2,2016,7,5,45,1,1,1,1,1,"I-4","",99998,29.15271944,-81.08155833,0,12,6,0,1,1,0,1,6,1,0,1,0,"0000000",99,99,99,99,99,99,0,0,0,1,1
12,120253,2,2,0,0,0,6,6,11,2916,13,3,2016,1,5,35,1,2,3,1,3,"SR-869","",99998,26.16698056,-80.32028889,0,12,1,0,1,1,0,1,3,1,0,1,0,"0000000",99,99,99,99,99,99,0,0,0,1,1
12,120254,2,2,0,0,0,3,3,95,0,6,2,2016,7,1,25,0,2,7,2,6,"DEAN RD","LAKE UNDERHILL RD",99998,28.53936667,-81.24419167,0,12,6,0,2,2,0,1,3,1,0,1,0,"0000000",99,99,99,99,99,99,0,0,0,1,1
12,120255,1,1,0,0,0,3,3,61,0,11,3,2016,6,15,10,1,1,1,1,1,"I-95","",99998,27.61541111,-80.51426944,0,1,0,0,1,1,0,3,1,1,0,1,0,"0000000",99,99,99,99,99,99,0,0,0,1,0
12,120258,2,2,0,0,0,5,5,115,0,5,2,2016,6,21,5,1,2,3,1,3,"SR-777","",99998,26.99776111,-82.29574167,0,12,2,0,1,1,0,1,2,1,0,1,0,"0000000",99,99,99,99,99,99,0,0,0,1,0
12,120259,2,2,0,0,0,2,2,57,0,16,3,2016,4,13,1,1,2,3,1,2,"US-301","",99998,27.825,-82.33055556,0,12,6,0,1,1,0,1,1,1,0,1,0,"0000000",99,99,99,99,88,88,0,0,0,1,0
12,120260,2,2,0,0,0,3,3,95,0,17,3,2016,5,21,59,0,2,5,25,6,"RHODE ISLAND WOODS CIR","",99998,28.35977222,-81.35320833,0,12,7,0,1,1,0,1,3,1,0,1,0,"0000000",99,99,99,99,99,99,0,0,0,1,0
12,120261,1,1,0,0,0,1,1,86,0,22,3,2016,3,5,24,1,1,3,1,3,"SR-821","106 STREET",99998,25.86777778,-80.38805556,0,38,0,0,1,1,0,4,3,10,0,10,0,"0000000",99,99,99,99,88,88,0,0,0,1,0
12,120262,1,1,0,0,0,2,2,95,0,16,3,2016,4,3,25,1,1,3,1,3,"SR-50","CHRISTMAS SHOOL RD",99998,28.53652778,-81.01754167,0,59,0,0,3,2,0,4,2,1,0,1,0,"0000000",99,99,99,99,88,88,0,0,0,2,1
12,120264,2,2,0,0,0,2,2,33,0,20,3,2016,1,20,27,1,2,3,1,3,"SR-173","",99998,30.4379,-87.32413889,0,12,1,0,1,1,0,1,3,1,0,1,0,"0000000",99,99,99,99,88,88,0,0,0,1,1
12,120265,1,1,0,0,0,1,1,47,0,17,3,2016,5,0,10,0,1,4,25,4,"CR-143","",99998,30.57555556,-83.14638889,0,32,0,0,1,1,0,4,2,1,0,1,0,"0000000",99,99,99,99,88,88,0,0,0,1,1
12,120266,1,1,0,0,0,1,1,15,2573,28,2,2016,1,13,35,0,2,7,25,6,"STARLITE LN","",99998,26.99944444,-82.08555556,0,42,0,0,1,1,0,5,1,1,0,1,0,"0000000",99,99,99,99,99,99,0,0,0,1,0
12,120267,2,2,0,0,0,3,3,86,0,20,3,2016,1,20,40,1,1,3,1,3,"SR-994","SOUTHWEST 132 AVENUE",99998,25.58083333,-80.40527778,0,12,2,1,2,3,0,1,3,2,0,2,0,"0000000",99,99,99,99,88,88,0,0,0,1,0
12,120268,2,2,0,0,0,4,4,83,0,8,3,2016,3,16,50,0,2,7,25,6,"GAINESVILLE RD","",99998,29.33294167,-82.19731667,0,12,2,0,1,1,0,1,1,1,0,1,0,"0000000",99,99,99,99,99,99,0,0,0,1,0
12,120269,3,3,0,0,0,3,3,31,1510,20,3,2016,1,2,45,1,2,3,1,2,"US-1","",99998,30.38749722,-81.73346111,0,12,1,0,1,1,0,1,3,1,0,1,0,"0000000",99,99,99,99,99,99,0,0,0,1,1
12,120271,2,2,0,0,0,2,2,83,2270,13,3,2016,1,15,37,1,2,3,1,3,"SR-40","",99998,29.18701111,-82.12056111,0,12,2,0,1,1,0,1,1,10,0,10,0,"0000000",99,99,99,99,88,88,0,0,0,1,1
12,120272,1,1,0,0,0,1,1,73,0,12,2,2016,6,1,42,0,1,7,25,6,"OAK RIDGE RD","DL CROSBY LN",99998,30.32443889,-84.27173056,0,42,0,0,3,3,0,5,2,1,0,1,0,"0000000",99,99,99,99,88,88,0,0,0,1,1
12,120273,2,2,0,0,0,8,8,5,2451,15,3,2016,3,1,18,1,2,3,1,3,"SR-392A","",99998,30.19885833,-85.84052222,0,12,2,0,1,1,0,1,3,1,0,1,0,"0000000",99,99,99,99,88,88,0,0,0,1,0
12,120276,2,2,0,0,0,2,2,86,0,24,1,2016,1,16,15,0,2,7,25,6,"75TH AVE","22 ND ST",99998,25.75038889,-80.31725556,0,12,6,0,2,2,0,1,1,1,0,1,0,"0000000",99,99,99,99,99,99,0,0,0,1,0
12,120277,3,3,0,0,0,6,6,11,1050,11,1,2016,2,8,29,1,2,3,1,2,"US-1","26TH ST",99998,26.15983611,-80.11667778,0,12,6,0,2,2,0,1,1,1,0,1,0,"0000000",99,99,99,99,99,99,0,0,0,1,0
12,120278,4,4,0,0,0,5,5,11,1050,6,2,2016,7,10,51,1,2,3,1,2,"US-1","",99998,26.13675278,-80.14421111,0,12,1,0,1,1,0,1,1,2,0,2,0,"0000000",99,99,99,99,99,99,0,0,0,1,1
12,120279,1,1,0,0,0,1,1,57,2950,16,1,2016,7,3,30,0,2,5,25,5,"SHORE BLVD","",99998,27.92334444,-82.52399444,0,30,0,0,1,1,0,4,3,1,0,1,0,"0000000",99,99,99,99,99,99,0,0,0,1,1
12,120280,1,1,0,0,0,1,1,57,2950,18,1,2016,2,19,5,1,2,3,1,2,"US-92","TAMPA BAY BLVD W",105,27.97401667,-82.5054,0,33,0,0,3,2,0,4,3,10,0,10,0,"0000000",99,99,99,99,88,88,0,0,0,1,1
12,120281,1,1,0,0,0,1,1,57,2950,15,1,2016,6,18,50,1,2,3,1,2,"US-92","",86,27.94661667,-82.50565278,0,33,0,0,1,1,0,4,3,1,0,1,0,"0000000",99,99,99,99,88,88,0,0,0,1,0
12,120282,2,2,0,0,0,5,5,57,2950,25,1,2016,2,3,15,1,2,3,1,3,"SR-60","",99998,27.9675,-82.568025,0,24,0,0,1,1,0,4,3,1,0,1,0,"0000000",99,99,99,99,99,99,0,0,0,1,1
12,120283,1,1,0,0,0,1,1,105,0,1,2,2016,2,4,23,1,2,3,1,2,"US-27","",99998,28.03961667,-81.63681389,0,31,0,0,1,1,0,4,2,1,0,1,0,"0000000",99,99,99,99,88,88,0,0,0,1,1
12,120284,2,2,0,0,0,6,6,105,0,23,2,2016,3,19,5,1,2,3,1,3,"SR-60","CR-655",99998,27.91638333,-81.72638611,0,12,6,0,2,3,0,1,3,1,0,1,0,"0000000",99,99,99,99,99,99,0,0,0,1,0
12,120285,3,3,0,0,0,5,5,86,1340,1,2,2016,2,13,45,1,2,3,1,3,"SR-953","",99998,25.82711389,-80.26538333,0,12,6,0,1,1,0,1,1,2,0,2,0,"0000000",99,99,99,99,99,99,0,0,0,2,0
12,120287,3,3,0,0,0,3,3,117,2770,15,1,2016,6,20,13,0,2,6,25,5,"25TH ST","AIRPORT BLVD",99998,28.78641944,-81.29764722,0,12,1,0,3,2,0,1,3,1,0,1,0,"0000000",99,99,99,99,99,99,0,0,0,1,0
12,120288,2,2,0,0,0,2,2,105,1690,2,2,2016,3,8,7,1,1,3,1,3,"SR-546","SWINDELL RD",99998,28.05490556,-81.99851389,0,12,6,0,2,3,0,1,1,5,0,5,0,"0000000",99,99,99,99,88,88,0,0,0,1,0
12,120289,1,1,0,0,0,1,1,99,330,17,1,2016,1,19,50,0,2,5,25,5,"8TH AVE","",99998,26.520125,-80.06115,0,38,0,0,1,1,0,5,2,1,0,1,0,"0000000",99,99,99,99,88,88,0,0,0,1,0
12,120290,1,1,0,0,0,1,1,99,330,16,1,2016,7,1,48,0,2,5,25,5,"23RD AVE","",99998,26.50728333,-80.06486389,0,30,0,0,1,1,0,4,3,1,0,1,0,"0000000",99,99,99,99,88,88,0,0,0,1,0
12,120291,1,1,0,0,0,1,1,103,1250,19,1,2016,3,3,35,0,2,5,25,5,"49TH ST","18TH AVE",99998,27.75191389,-82.69977222,0,33,0,0,3,3,0,4,3,1,0,1,0,"0000000",99,99,99,99,88,88,0,0,0,1,1
12,120292,2,2,0,0,0,2,2,103,860,30,1,2016,7,21,23,0,2,4,25,4,"CR-1","",9,28.03316111,-82.76141111,0,12,2,0,1,1,0,1,2,1,0,1,0,"0000000",99,99,99,99,99,99,0,0,0,1,1
12,120293,1,1,0,1,1,1,1,103,0,2,2,2016,3,15,2,1,2,3,1,3,"SR-699","70TH AVE",99998,27.73896667,-82.74946389,0,8,0,0,3,2,0,1,1,1,0,1,0,"0000000",99,99,99,99,99,99,0,0,0,1,0
12,120294,2,2,0,0,0,2,2,57,2950,9,3,2016,4,0,34,1,2,3,1,2,"US-92","CYPRESS ST",90,27.95214722,-82.50562222,0,12,6,0,2,2,4,1,3,1,0,1,0,"0000000",99,99,99,99,88,88,0,0,0,1,1
12,120295,1,1,0,0,0,1,1,69,1820,7,1,2016,5,11,49,1,2,3,1,2,"US-27","",99998,28.80978611,-81.88793611,0,42,0,0,1,1,0,4,1,1,0,1,0,"0000000",99,99,99,99,99,99,0,0,0,1,0
12,120296,1,1,0,0,0,2,2,31,1510,5,2,2016,6,13,10,1,2,3,1,2,"US-1","",99998,30.3775,-81.72805556,0,32,0,0,1,1,0,4,1,1,0,1,0,"0000000",99,99,99,99,99,99,0,0,0,1,0
12,120297,1,1,0,0,0,3,3,31,1510,6,3,2016,1,2,2,0,2,5,25,5,"DUVAL STATION","",99998,30.48861111,-81.62388889,0,33,0,0,1,1,0,4,3,1,0,1,0,"0000000",99,99,99,99,88,88,0,0,0,3,0
12,120299,2,2,0,0,0,4,4,57,0,14,2,2016,1,2,22,0,1,7,25,4,"CR-579","SLIGH AVE",99998,28.01063056,-82.30246667,0,12,2,0,2,2,2,1,3,1,0,1,0,"0000000",99,99,99,99,99,99,0,0,0,1,2
12,120300,6,6,0,0,0,11,11,57,0,18,3,2016,6,12,50,1,2,3,1,2,"US-301","BALM RIVERVIEW RD",99998,27.77018889,-82.334875,0,12,7,0,3,3,0,1,1,1,0,1,0,"0000000",99,99,99,99,99,99,0,0,0,1,0
12,120301,2,2,0,0,0,2,2,57,0,9,1,2016,7,5,15,0,2,5,25,5,"FLETCHER  AV","",99998,28.06922778,-82.38861111,0,12,2,0,1,1,0,1,3,1,0,1,0,"0000000",99,99,99,99,99,99,0,0,0,1,0
12,120302,2,2,0,0,0,2,2,57,0,5,1,2016,3,20,54,0,1,4,25,4,"CR-589","FLORA ST",99998,28.01225278,-82.54541667,0,1,0,0,3,3,0,1,3,1,0,1,0,"0000000",99,99,99,99,88,88,0,0,0,1,1
12,120303,1,1,0,0,0,2,2,57,0,20,1,2016,4,5,35,0,1,5,25,5,"RIVERVIEW DR","",99998,27.86374167,-82.38115,0,42,0,0,8,1,0,5,2,1,0,1,0,"0000000",99,99,99,99,99,99,0,0,0,1,1
12,120304,3,3,0,0,0,4,4,57,0,12,3,2016,7,2,46,1,2,3,1,3,"SR-618","",99998,27.92816944,-82.33368611,0,12,2,0,1,1,0,1,3,1,0,1,0,"0000000",99,99,99,99,99,99,14,0,0,2,1
12,120305,2,2,0,0,0,3,3,57,0,17,3,2016,5,16,45,0,2,6,25,5,"MORRIS BRIDGE RD","",99998,28.16481389,-82.26564167,0,12,8,0,1,1,0,1,1,1,0,1,0,"0000000",99,99,99,99,99,99,0,0,0,1,0
12,120306,1,1,0,0,0,2,2,57,0,18,3,2016,6,20,42,0,2,6,25,5,"OLD MULBERRY RD","",99998,27.96222222,-82.06401389,0,30,0,0,1,1,0,4,2,1,0,1,0,"0000000",99,99,99,99,88,88,0,0,0,1,1
12,120307,2,2,0,0,0,2,2,57,0,19,3,2016,7,17,43,0,2,6,25,5,"LITHIA PINECREST RD","",99998,27.92420833,-82.27086389,0,12,6,0,8,1,0,1,1,10,0,10,0,"0000000",99,99,99,99,99,99,0,0,0,1,0
12,120308,2,2,0,0,0,2,2,57,0,25,3,2016,6,5,45,0,2,6,25,5,"JOE EBERT RD","",99998,28.03615,-82.30737778,0,12,2,0,1,1,0,1,2,10,0,10,0,"0000000",99,99,99,99,99,99,0,0,0,1,1
12,120309,2,2,0,0,0,2,2,71,1070,22,3,2016,3,11,4,1,2,3,1,3,"SR-82","I-75 RAMP",99998,26.63442222,-81.80156389,0,12,6,1,2,2,0,1,1,1,0,1,0,"0000000",99,99,99,99,99,99,0,0,0,1,0
12,120310,1,1,0,0,0,4,4,11,1782,10,1,2016,1,20,1,0,1,5,25,5,"NW 44TH ST","INVERRARY BLVD",99998,26.17765,-80.24753889,0,38,0,0,3,3,0,5,3,1,0,1,0,"0000000",99,99,99,99,99,99,0,0,0,3,1
12,120311,3,3,0,0,0,5,5,11,1782,26,2,2016,6,14,58,0,2,5,25,5,"INVERRARY BLVD","INVERRARY DRIVE",99998,26.16993889,-80.234,0,12,2,0,2,2,0,1,1,1,0,1,0,"0000000",99,99,99,99,99,99,0,0,0,1,0
12,120312,1,1,0,0,0,1,1,103,0,15,2,2016,2,3,25,1,2,3,1,3,"SR-688","",121,27.89361111,-82.66333333,0,59,0,0,1,1,0,10,3,1,0,1,0,"0000000",99,99,99,99,99,99,0,0,0,1,0
12,120313,5,1,4,0,0,1,1,86,2010,8,1,2016,6,0,58,0,2,5,25,5,"SW 3RD AVE","SW 13TH ST",99998,25.75112222,-80.21426389,0,33,0,0,3,7,0,3,3,1,0,1,0,"0000000",99,99,99,99,88,88,14,0,0,1,1
12,120314,2,2,0,0,0,2,2,11,771,29,1,2016,6,20,32,1,2,3,1,2,"US-441","SW 52ND CT",99998,26.05609167,-80.20758333,0,12,6,0,2,3,0,1,3,1,0,1,0,"0000000",99,99,99,99,88,88,0,0,0,1,0
12,120315,1,1,0,0,0,1,1,11,771,21,2,2016,1,20,20,0,2,7,25,6,"ORANGE GROVE DR","",99998,26.09958889,-80.26758056,0,33,0,0,1,1,0,3,3,1,0,1,0,"0000000",99,99,99,99,88,88,0,0,0,1,0
12,120316,1,1,0,0,0,1,1,95,70,22,2,2016,2,18,20,1,2,3,1,2,"US-441","",99998,28.65664722,-81.47278333,0,42,0,0,1,1,0,4,1,1,0,1,0,"0000000",99,99,99,99,99,99,0,0,0,1,0
12,120317,2,2,0,0,0,3,3,103,2530,20,1,2016,4,19,42,0,2,5,25,5,"49TH ST","62 ND AVE",99998,27.82835,-82.70000556,0,12,2,0,2,2,0,1,3,1,0,1,0,"0000000",99,99,99,99,99,99,0,0,0,1,0
12,120318,1,1,0,0,0,1,1,103,2530,29,2,2016,2,3,10,1,2,3,1,2,"US-19","BRYAN DAIRY RD",99998,27.87893333,-82.71163056,0,21,0,0,3,2,0,3,3,1,0,1,0,"0000000",99,99,99,99,88,88,0,0,0,1,0
12,120319,2,2,0,0,0,2,2,11,2570,20,1,2016,4,7,0,0,2,5,25,5,"ANDREWS AV","",99998,26.24145556,-80.14306667,0,1,0,0,1,1,0,1,1,1,0,1,0,"0000000",99,99,99,99,88,88,0,0,0,1,0
12,120321,2,2,0,0,0,3,3,11,2260,31,1,2016,1,15,49,1,2,3,1,3,"SR-870","",99998,26.18879444,-80.13706389,0,12,6,0,8,1,0,1,1,1,0,1,0,"0000000",99,99,99,99,99,99,0,0,0,1,0
12,120322,1,1,0,1,1,1,1,11,1420,10,2,2016,4,17,0,0,2,6,25,6,"4000 MCINTOSH RD","",99998,26.04156944,-80.25480833,0,8,0,0,1,1,0,5,1,1,0,1,0,"0000000",99,99,99,99,88,88,0,0,0,1,0
12,120323,3,3,0,0,0,5,5,11,2219,12,2,2016,6,20,27,0,2,7,25,6,"ROCK ISLAND RD","TAM O SHANTER BLVD",99998,26.21460556,-80.22039722,0,12,6,0,2,2,0,1,3,1,0,1,0,"0000000",99,99,99,99,99,99,0,0,0,1,0
12,120324,2,2,0,0,0,2,2,11,2570,22,3,2016,3,14,53,1,2,3,1,2,"US-1","18TH ST",99998,26.254575,-80.10030278,0,12,6,0,2,2,0,1,1,1,0,1,0,"0000000",99,99,99,99,99,99,0,0,0,1,0
12,120325,1,1,0,0,0,1,1,11,2948,25,3,2016,6,8,46,1,2,3,1,3,"SR-870","",99998,26.19374444,-80.23426944,0,40,0,0,1,1,0,4,1,10,0,10,0,"0000000",8,47,8,54,88,88,0,0,0,1,0
12,120326,2,2,0,0,0,2,2,1,1130,16,3,2016,4,17,12,1,2,3,1,3,"SR-120","2ND ST",99998,29.67386944,-82.31959722,0,12,6,0,2,2,0,1,1,10,0,10,0,"0000000",99,99,99,99,88,88,0,0,0,1,0