"STATE","ST_CASE","VE_TOTAL","VE_FORMS","PVH_INVL","PEDS","PERNOTMVIT","PERMVIT","PERSONS","COUNTY","CITY","DAY","MONTH","YEAR","DAY_WEEK","HOUR","MINUTE","NHS","RUR_URB","FUNC_SYS","RD_OWNER","ROUTE","TWAY_ID","TWAY_ID2","MILEPT","LATITUDE","LONGITUD","SP_JUR","HARM_EV","MAN_COLL","RELJCT1","RELJCT2","TYP_INT","WRK_ZONE","REL_ROAD","LGT_COND","WEATHER1","WEATHER2","WEATHER","SCH_BUS","RAIL","NOT_HOUR","NOT_MIN","ARR_HOUR","ARR_MIN","HOSP_HR","HOSP_MN","CF1","CF2","CF3","FATALS","DRUNK_DR"
12,120327,2,2,0,0,0,3,3,1,1130,24,3,2016,5,8,54,1,2,3,1,3,"SR-24","NEWELL DR",99998,29.63974167,-82.34185556,0,12,6,0,2,2,0,1,1,1,0,1,0,"0000000",99,99,99,99,88,88,0,0,0,1,0
12,120328,1,1,0,0,0,1,1,99,3190,17,3,2016,5,6,44,0,1,7,25,6,"CONGRESS AVE","",41,26.74496667,-80.08953889,0,1,0,0,1,1,0,4,3,1,0,1,0,"0000000",99,99,99,99,88,88,0,0,0,1,1
12,120329,2,2,0,0,0,2,2,11,2541,15,1,2016,6,15,15,0,2,6,25,5,"PINE ISLAND RD","AMERICAN EXPRESS WAY",4,26.12651389,-80.26267222,0,12,6,0,2,2,0,1,1,2,0,2,0,"0000000",99,99,99,99,88,88,0,0,0,1,0
12,120331,1,1,0,0,0,2,2,105,0,27,2,2016,7,13,54,1,1,3,1,3,"SR-60","",99998,27.84129444,-81.354825,0,1,0,0,1,1,0,1,1,1,0,1,0,"0000000",99,99,99,99,99,99,0,0,0,1,0
12,120332,2,2,0,0,0,3,3,105,0,22,2,2016,2,19,16,0,1,7,25,5,"LOGISTICS PARKWAY","OLD BARTOW LAKE WALES RD",99998,27.92359167,-81.70901944,0,12,6,0,2,2,0,1,2,10,0,10,0,"0000000",99,99,99,99,99,99,0,0,0,1,0
12,120333,2,2,0,0,0,2,2,105,0,5,3,2016,7,16,11,0,2,7,25,6,"COUNTY LINE ROAD","EWELL ROAD",99998,27.95288889,-82.05531111,0,12,6,0,2,2,0,1,1,1,0,1,0,"0000000",99,99,99,99,88,88,0,0,0,1,0
12,120334,2,2,0,0,0,2,2,11,2083,15,2,2016,2,2,27,1,2,3,1,2,"US-27","PEMBROKE RD",99998,25.98321944,-80.43212222,0,12,2,0,1,1,0,1,2,10,0,10,0,"0000000",99,99,99,99,99,99,0,0,0,1,0
12,120335,2,2,0,0,0,2,2,86,2023,30,1,2016,7,21,34,0,2,5,25,5,"42ND AVE","179TH ST",99998,25.93636389,-80.26919722,0,12,2,0,2,3,0,1,3,1,0,1,0,"0000000",99,99,99,99,99,99,19,0,0,1,1
12,120337,2,2,0,0,0,2,2,86,0,6,2,2016,7,20,36,0,2,7,25,5,"74TH ST","",99998,25.84058611,-80.35371389,0,25,0,0,1,1,0,3,3,2,0,2,0,"0000000",99,99,99,99,99,99,0,0,0,1,0
12,120338,1,1,0,0,0,1,1,86,0,13,2,2016,7,3,24,0,2,7,25,5,"DIXIE HWY","189TH ST",99998,25.95025833,-80.14886944,0,33,0,0,3,2,0,4,3,1,0,1,0,"0000000",99,99,99,99,88,88,0,0,0,1,0
12,120339,1,1,0,0,0,1,1,86,0,21,2,2016,1,3,21,0,2,7,25,5,"152ND STREET","",99998,25.62634722,-80.40832778,0,18,0,0,1,1,4,3,3,1,0,1,0,"0000000",99,99,99,99,88,88,0,0,0,1,0
12,120340,1,1,0,0,0,1,1,103,2730,1,1,2016,6,4,30,1,2,3,1,3,"SR-686","",99998,27.88096944,-82.66185556,0,24,0,0,1,1,0,3,3,5,0,5,0,"0000000",99,99,99,99,99,99,0,0,0,1,1
12,120341,2,2,0,0,0,3,3,103,2730,27,1,2016,4,5,41,0,2,5,25,5,"38TH AVE","42ND ST",99998,27.806425,-82.69076389,0,12,6,0,3,98,0,1,3,2,0,2,0,"0000000",99,99,99,99,88,88,0,0,0,1,0
12,120342,2,2,0,0,0,4,4,103,2730,19,2,2016,6,8,20,0,2,5,25,5,"34TH ST","18TH AVE",99998,27.75197778,-82.67931111,0,12,6,0,2,2,0,1,1,1,0,1,0,"0000000",99,99,99,99,99,99,0,0,0,1,0
12,120343,3,1,2,0,0,1,1,103,2730,12,3,2016,7,15,50,0,2,5,25,5,"15TH AVE","",99998,27.75573056,-82.66622222,0,33,0,0,1,1,0,4,1,1,0,1,0,"0000000",99,99,99,99,99,99,0,0,0,1,0
12,120344,1,1,0,0,0,2,2,103,2730,4,3,2016,6,10,17,0,2,7,25,6,"22ND AVE","72 ND ST",99998,27.79178889,-82.73927778,0,6,0,0,3,2,0,1,1,1,0,1,0,"0000000",99,99,99,99,99,99,0,0,0,1,0
12,120345,1,1,0,0,0,1,1,86,2930,14,2,2016,1,18,20,0,2,7,25,6,"117TH AVENUE","25TH STREET",99998,25.79685556,-80.3851,0,39,0,0,3,2,0,4,5,1,0,1,0,"0000000",99,99,99,99,99,99,0,0,0,1,0
12,120346,1,1,0,0,0,2,2,71,1823,4,2,2016,5,21,0,0,2,7,25,6,"NORTH AVE","3RD STREET",99998,26.60621389,-81.61364722,0,59,0,0,3,6,0,4,3,2,0,2,0,"0000000",99,99,99,99,88,88,0,0,0,2,0
12,120347,2,2,0,0,0,3,3,71,0,3,3,2016,5,18,36,0,2,4,1,3,"SR-78","",99998,26.71621944,-81.76921111,0,12,6,0,1,1,0,1,3,1,0,1,0,"0000000",99,99,99,99,99,99,0,0,0,1,1
12,120348,1,1,0,0,0,1,1,71,2218,6,3,2016,1,2,27,1,2,3,1,3,"SR-78","",99998,26.68233056,-81.90236944,0,33,0,0,1,1,0,3,2,1,0,1,0,"0000000",99,99,99,99,99,99,0,0,0,1,1
12,120349,1,1,0,0,0,1,1,71,457,12,3,2016,7,18,59,0,2,5,25,5,"NELSON ROAD","",99998,26.69583333,-81.99026389,0,53,0,0,1,1,0,5,5,1,0,1,0,"0000000",99,99,99,99,88,88,0,0,0,1,0
12,120350,2,2,0,0,0,2,2,99,820,17,2,2016,4,21,18,1,2,3,2,9,"CONGRESS AVE","LOWSON BLVD",99998,26.44683333,-80.09250556,0,12,6,0,2,2,0,1,3,1,0,1,0,"0000000",99,99,99,99,88,88,0,0,0,1,0
12,120351,2,2,0,0,0,4,4,99,330,11,3,2016,6,19,33,0,2,7,25,6,"WOOLBRIGHT RD","18TH DR",99998,26.51343333,-80.08455833,0,12,6,0,2,2,0,1,3,5,0,5,0,"0000000",99,99,99,99,99,99,0,0,0,3,0
12,120352,2,2,0,0,0,2,2,95,2360,31,1,2016,1,18,35,0,2,5,25,5,"MICHIGAN ST","KUNZE AVE",99998,28.51291389,-81.37995833,0,12,6,0,2,3,0,1,3,1,0,1,0,"0000000",99,99,99,99,88,88,0,0,0,1,1
12,120353,1,1,0,0,0,1,1,86,2010,19,3,2016,7,13,40,1,2,3,1,3,"SR-933","50TH ST",99998,25.82096667,-80.21613056,0,46,0,0,3,2,0,4,1,2,0,2,0,"0000000",99,99,99,99,88,88,0,0,0,1,0
12,120355,3,3,0,0,0,7,7,73,2940,21,2,2016,1,9,30,0,2,7,25,6,"CALLAWAY RD","HOSPITALITY ST",99998,30.4806,-84.30418333,0,12,1,0,1,1,0,1,1,1,0,1,0,"0000000",99,99,99,99,99,99,0,0,0,1,1
12,120356,1,1,0,0,0,2,2,73,2940,8,3,2016,3,14,27,0,2,7,25,6,"MISSION RD","",99998,30.48773333,-84.34451111,0,30,0,0,1,1,0,3,1,1,0,1,0,"0000000",99,99,99,99,88,88,0,0,0,1,0
12,120357,2,1,1,0,0,1,1,87,1580,22,3,2016,3,3,30,0,2,5,25,5,"FLAGLER AVE","",99998,24.56018889,-81.76910833,0,14,0,0,1,1,0,2,2,10,0,10,0,"0000000",99,99,99,99,88,88,0,0,0,1,0
12,120358,2,2,0,0,0,3,3,57,0,18,2,2016,5,16,40,1,2,1,1,1,"I-75","",99998,27.94011667,-82.32981944,0,12,1,0,1,1,0,1,1,1,0,1,0,"0000000",99,99,99,99,99,99,0,0,0,1,0
12,120359,1,1,0,0,0,1,1,101,0,21,2,2016,1,2,15,0,2,7,25,5,"NEW YORK AVE","HICKS ROAD",99998,28.375,-82.64972222,0,18,0,1,3,3,0,5,2,1,0,1,0,"0000000",2,18,2,26,88,88,0,0,0,1,1
12,120360,2,2,0,0,0,2,2,15,0,7,3,2016,2,19,40,1,2,3,1,2,"US-41","",99998,26.97063056,-82.08314444,0,12,1,0,1,1,0,1,3,1,0,1,0,"0000000",99,99,99,99,99,99,0,0,0,1,1
12,120361,3,3,0,0,0,3,3,57,0,18,3,2016,6,8,54,0,1,4,25,4,"CR-39","",99998,27.75111111,-82.14583333,0,12,6,0,1,1,0,1,1,10,0,10,0,"0000000",99,99,99,99,88,88,0,0,0,2,0
12,120362,2,2,0,0,0,2,2,95,0,15,3,2016,3,3,10,1,2,1,1,1,"I-4","",99998,28.45652222,-81.47423611,0,12,2,0,1,1,0,1,3,1,0,1,0,"0000000",99,99,99,99,88,88,0,0,0,2,2
12,120363,1,1,0,0,0,2,2,19,0,19,3,2016,7,2,57,0,2,6,25,5,"SPRINGBANK RD","",99998,29.92083611,-81.75956389,0,42,0,0,1,1,0,4,2,10,0,10,0,"0000000",99,99,99,99,99,99,0,0,0,1,1
12,120364,1,1,0,0,0,1,1,51,0,13,3,2016,1,11,50,1,1,3,1,3,"SR-80","",99998,26.76564722,-81.38119722,0,1,0,0,1,1,0,4,1,1,0,1,0,"0000000",99,99,99,99,99,99,0,0,0,1,0
12,120365,2,2,0,0,0,6,6,95,0,14,3,2016,2,23,35,1,2,3,1,3,"SR-527","OAK RIDGE ROAD",99998,28.47265278,-81.36974167,0,12,6,1,2,2,0,1,3,1,0,1,0,"0000000",99,99,99,99,99,99,0,0,0,1,0
12,120366,2,2,0,0,0,3,3,33,0,20,3,2016,1,1,10,1,1,3,1,3,"SR-292","",99998,30.31222222,-87.42666667,0,12,2,0,1,1,0,1,2,10,0,10,0,"0000000",99,99,99,99,99,99,0,0,0,1,1
12,120367,1,1,0,0,0,1,1,3,0,28,2,2016,1,3,25,0,1,3,25,3,"SR-228","",99998,30.26228056,-82.10321111,0,42,0,0,1,1,0,4,2,1,0,1,0,"0000000",99,99,99,99,88,88,0,0,0,1,1
12,120368,1,1,0,0,0,2,2,21,0,5,3,2016,7,19,15,1,1,3,1,3,"SR-29","",99998,25.94853611,-81.35791389,0,1,0,0,1,1,0,4,2,1,0,1,0,"0000000",99,99,99,99,99,99,0,0,0,1,0
12,120369,1,1,0,0,0,2,2,21,0,23,3,2016,4,18,2,1,1,1,1,1,"I-75","",99998,26.15527778,-81.30083333,0,1,0,0,1,1,0,3,1,10,0,10,0,"0000000",99,99,99,99,99,99,0,0,0,1,0
12,120370,3,3,0,0,0,3,3,65,0,16,3,2016,4,14,45,1,1,1,1,1,"I-10","",99998,30.48943889,-83.99238056,0,12,7,0,1,1,0,1,1,1,0,1,0,"0000000",99,99,99,99,88,88,0,0,0,1,0
12,120371,2,2,0,0,0,2,2,11,771,18,3,2016,6,4,15,1,2,1,1,1,"I-75","",99998,26.06277778,-80.35416667,0,12,7,0,1,1,4,1,2,1,0,1,0,"0000000",99,99,99,99,88,88,0,0,0,1,0
12,120372,1,1,0,0,0,1,1,73,0,28,2,2016,1,9,50,0,1,7,25,6,"DEER LAKE W","",99998,30.58373333,-84.23623333,0,33,0,0,1,1,0,4,1,1,0,1,0,"0000000",99,99,99,99,88,88,0,0,0,1,0
12,120373,2,2,0,0,0,2,2,69,0,22,3,2016,3,14,55,0,2,3,1,3,"SR-44","",16,28.81223056,-81.92778333,0,12,6,0,1,1,0,1,1,1,0,1,0,"0000000",99,99,99,99,99,99,0,0,0,1,0
12,120374,2,2,0,0,0,2,2,99,290,28,3,2016,2,16,53,1,1,1,1,1,"I-95","",99998,26.34966389,-80.1178,0,12,1,1,18,1,0,1,1,1,0,1,0,"0000000",99,99,99,99,99,99,0,0,0,1,0
12,120375,1,1,0,0,0,4,4,86,0,19,3,2016,7,22,12,1,2,2,1,2,"US-441","",99998,25.92851111,-80.21208056,0,20,0,1,5,1,0,8,3,1,0,1,0,"0000000",99,99,99,99,99,99,0,0,0,1,1
12,120376,1,1,0,0,0,1,1,105,0,18,3,2016,6,21,40,0,2,6,25,5,"MCMANN ROAD","",99998,28.09594722,-81.52258056,0,1,0,0,1,1,0,1,2,1,0,1,0,"0000000",99,99,99,99,88,88,0,0,0,1,1
12,120377,3,3,0,0,0,3,3,105,0,26,2,2016,6,16,28,0,2,4,1,3,"SR-655","MCKEAN ST",99998,28.05132778,-81.79671667,0,12,2,0,2,3,0,1,1,1,0,1,0,"0000000",99,99,99,99,99,99,0,0,0,1,0
12,120378,1,1,0,0,0,1,1,127,780,23,3,2016,4,0,24,0,1,7,25,6,"CHAMPIONS DR","",99998,29.19198333,-81.111275,0,33,0,0,1,1,0,4,2,1,0,1,0,"0000000",99,99,99,99,88,88,0,0,0,1,1
12,120380,2,1,1,0,0,1,1,86,2023,28,3,2016,2,0,22,0,2,7,25,6,"154TH ST","",99998,25.91534444,-80.231075,0,14,0,0,1,1,0,4,3,1,0,1,0,"0000000",99,99,99,99,88,88,0,0,0,1,0
12,120381,1,1,0,0,0,1,1,109,0,7,3,2016,2,0,0,0,1,7,25,4,"CR-16A","",99998,29.99625833,-81.53946111,0,34,0,0,1,1,0,4,3,1,0,1,0,"0000000",99,99,99,99,88,88,0,0,0,1,1
12,120382,1,1,0,0,0,1,1,69,2970,28,3,2016,2,22,57,1,2,3,1,3,"SR-19","",99998,28.78947778,-81.74663056,0,59,0,0,1,1,0,4,3,1,0,1,0,"0000000",99,99,99,99,88,88,0,0,0,1,1
12,120383,1,1,0,0,0,2,2,86,2010,12,3,2016,7,22,0,0,1,7,25,8,"237TH AVE","",99998,25.64438056,-80.57543611,0,34,0,0,1,1,0,4,2,1,0,1,0,"0000000",99,99,99,99,88,88,0,0,0,1,0
12,120384,2,2,0,0,0,2,2,57,2950,19,3,2016,7,1,3,1,2,3,1,3,"SR-60","PARKER ST",99998,27.94615556,-82.46220278,0,12,6,0,2,3,0,1,3,1,0,1,0,"0000000",99,99,99,99,99,99,0,0,0,1,1
12,120385,1,1,0,0,0,1,1,11,2541,6,3,2016,1,2,30,0,2,5,25,5,"70TH AVE","",99998,26.13950278,-80.24260278,0,43,0,0,1,1,0,4,2,1,0,1,0,"0000000",99,99,99,99,88,88,0,0,0,1,0
12,120386,1,1,0,0,0,1,1,127,825,17,3,2016,5,19,34,0,2,7,25,6,"FORT SMITH BLVD","",99998,28.9062,-81.22171111,0,1,0,0,1,1,0,4,5,1,0,1,0,"0000000",99,99,99,99,88,88,0,0,0,1,0
12,120387,1,1,0,0,0,3,3,57,0,3,4,2016,1,1,29,0,2,6,25,5,"WILLIAMS RD","",99998,28.02999722,-82.33268056,0,59,0,0,1,1,0,4,3,10,0,10,0,"0000000",99,99,99,99,99,99,0,0,0,1,0
12,120388,2,2,0,0,0,3,3,57,0,31,3,2016,5,21,37,0,2,6,25,5,"BELL SHOALS RD","",99998,27.86160278,-82.26924167,0,12,6,0,1,1,0,1,2,1,0,1,0,"0000000",99,99,99,99,99,99,0,0,0,2,1
12,120389,1,1,0,0,0,1,1,105,0,25,3,2016,6,1,5,1,1,3,1,3,"SR-544","34TH ST NW",99998,28.05003333,-81.76798889,0,30,0,0,3,3,0,4,3,2,0,2,0,"0000000",99,99,99,99,88,88,0,0,0,1,1
12,120390,1,1,0,0,0,2,2,11,1420,14,3,2016,2,2,53,1,2,3,1,3,"SR-820","N 17TH AVE",99998,26.012125,-80.14073056,0,19,0,0,3,3,0,4,3,1,0,1,0,"0000000",99,99,99,99,99,99,0,0,0,1,1
12,120392,2,2,0,0,0,2,2,111,2601,12,3,2016,7,7,29,1,2,3,1,3,"SR-716","",99998,27.27369444,-80.34583889,0,33,0,0,1,1,0,3,1,1,0,1,0,"0000000",99,99,99,99,99,99,0,0,0,1,0
12,120393,2,2,0,0,0,2,2,95,2250,2,4,2016,7,1,40,1,2,3,1,3,"SR-50","",99998,28.54995,-81.63691111,0,12,1,0,1,1,0,1,3,1,0,1,0,"0000000",99,99,99,99,88,88,0,0,0,1,1
12,120394,1,1,0,0,0,1,1,105,0,19,2,2016,6,16,15,0,2,7,25,5,"KATHLEEN RD","",99998,28.09614444,-82.00032778,0,1,0,0,1,1,0,1,5,1,0,1,0,"0000000",99,99,99,99,99,99,0,0,0,1,0
12,120395,1,1,0,0,0,2,2,86,0,3,3,2016,5,14,7,1,2,3,1,3,"SR-976","",99998,25.73445278,-80.26800556,0,33,0,0,1,1,0,3,1,10,0,10,0,"0000000",99,99,99,99,99,99,0,0,0,1,0
12,120396,1,1,0,0,0,1,1,75,0,17,2,2016,4,0,0,0,1,7,25,4,"CR-102","",99998,29.42140556,-82.57300556,0,18,0,0,1,1,0,5,2,1,0,1,0,"0000000",99,99,99,99,88,88,0,0,0,1,0
12,120397,2,2,0,0,0,2,2,86,0,23,3,2016,4,18,48,0,2,5,25,5,"12TH ST","",99998,25.78266111,-80.31288889,0,12,6,0,8,1,0,1,1,1,0,1,0,"0000000",99,99,99,99,88,88,0,0,0,1,0
12,120398,1,1,0,0,0,3,3,65,0,4,1,2016,2,18,0,1,1,2,1,2,"US-27","",99998,30.40416667,-84.05666667,0,1,0,0,1,1,0,3,2,1,0,1,0,"0000000",99,99,99,99,99,99,0,0,0,1,1
12,120399,2,2,0,0,0,2,2,115,0,17,3,2016,5,10,50,1,1,1,1,1,"I-75","",99998,27.35244444,-82.44673889,0,12,6,0,1,1,0,1,1,1,0,1,0,"0000000",99,99,99,99,99,99,0,0,0,1,0
12,120400,1,1,0,0,0,1,1,71,312,21,3,2016,2,9,43,0,2,5,25,5,"PENNSYLVANIA AVE","TENNESSEE ST",99998,26.33828611,-81.78741111,0,31,0,0,3,3,0,5,1,1,0,1,0,"0000000",99,99,99,99,99,99,0,0,0,1,0
12,120401,3,3,0,0,0,9,9,1,1130,27,3,2016,1,12,25,0,1,3,1,3,"SR-26","",99998,29.68572222,-82.22710833,0,12,2,0,1,1,0,1,1,10,0,10,0,"0000000",99,99,99,99,99,99,0,0,0,2,0
12,120402,1,1,0,0,0,1,1,31,1510,6,4,2016,4,19,15,0,2,6,25,5,"YOUNGERMAN CIR","",99998,30.19730278,-81.74711944,0,30,0,0,1,1,0,4,1,1,0,1,0,"0000000",99,99,99,99,99,99,0,0,0,1,0
12,120403,2,2,0,0,0,2,2,11,2083,6,4,2016,4,1,58,0,2,6,25,5,"FLAMINGO RD","",99998,25.97574167,-80.311175,0,12,6,0,1,1,0,1,3,1,0,1,0,"0000000",99,99,99,99,88,88,0,0,0,1,0
12,120404,1,1,0,0,0,2,2,31,1510,6,4,2016,4,22,47,0,6,96,96,5,"PRITCHARD RD","",99998,30.37694444,-81.82611111,0,40,0,0,1,1,0,4,2,1,0,1,0,"0000000",99,99,99,99,99,99,0,0,0,1,1
12,120405,2,2,0,0,0,3,3,127,2240,22,2,2016,2,19,32,1,2,3,1,2,"US-1","",99998,28.87825278,-80.85348611,0,12,6,0,8,1,0,1,5,1,0,1,0,"0000000",99,99,99,99,99,99,0,0,0,2,0
12,120406,2,2,0,0,0,6,6,57,0,1,4,2016,6,16,12,0,2,6,25,5,"WIGGINS RD","KIRKLAND RD",99998,28.00408333,-82.06798056,0,12,6,0,2,2,0,1,1,1,0,1,0,"0000000",99,99,99,99,99,99,0,0,0,1,1
12,120407,2,2,0,0,0,2,2,99,330,1,4,2016,6,16,56,0,2,5,25,5,"CONGRESS AVE","MALL ACCESS ROAD",99998,26.53566667,-80.09056389,0,12,6,0,2,2,0,1,1,1,0,1,0,"0000000",99,99,99,99,99,99,0,0,0,1,0
12,120408,3,2,1,0,0,2,2,127,780,3,4,2016,1,3,9,0,2,5,25,5,"FAIRVIEW AVE","",99998,29.22095278,-81.02384722,0,12,1,0,1,1,0,1,3,1,0,1,0,"0000000",99,99,99,99,88,88,14,0,0,1,0
12,120409,3,3,0,0,0,4,4,99,2431,3,1,2016,1,19,29,1,2,3,1,3,"SR-811","HOOD RD",99998,26.86410556,-80.09577222,0,12,6,0,2,2,0,1,3,2,0,2,0,"0000000",99,99,99,99,99,99,0,0,0,1,0
12,120410,2,2,0,1,1,2,2,61,0,1,1,2016,6,21,0,0,6,96,96,5,"20TH AVE","",99998,27.60130556,-80.40592778,0,8,0,0,1,1,0,1,3,1,0,1,0,"0000000",99,99,99,99,88,88,19,0,0,1,0
12,120411,1,1,0,1,1,1,1,86,0,4,1,2016,2,4,58,0,2,7,25,6,"199TH ST","",99998,25.95341667,-80.29791111,0,33,0,0,1,1,0,3,2,1,0,1,0,"0000000",99,99,99,99,99,99,0,0,0,1,0
12,120413,1,1,0,1,1,1,1,31,1510,2,1,2016,7,17,50,1,2,3,1,3,"SR-10","1600 SAN MATEO RD",99998,30.30527778,-81.63388889,0,9,0,0,3,2,0,1,3,1,0,1,0,"0000000",99,99,99,99,99,99,0,0,0,1,0
12,120414,1,1,0,1,1,1,1,61,0,4,1,2016,2,12,8,0,2,7,25,6,"OLD DIXIE HIGHWAY","",99998,27.58027778,-80.37833333,0,8,0,0,1,1,0,2,1,1,0,1,0,"0000000",99,99,99,99,88,88,0,0,0,1,0
12,120415,1,1,0,1,1,1,1,89,0,1,1,2016,6,22,9,1,1,3,1,2,"US-17","",99998,30.71533611,-81.67464444,0,8,0,0,1,1,0,1,2,10,0,10,0,"0000000",99,99,99,99,88,88,0,0,0,1,0
12,120416,1,1,0,0,0,1,1,127,2580,28,1,2016,5,1,9,0,2,5,25,5,"MADELINE AVE","RED PONTIAC DR",99998,29.14341944,-81.0185,0,33,0,0,3,3,0,4,3,2,0,2,0,"0000000",99,99,99,99,99,99,0,0,0,1,0
12,120417,1,1,0,1,1,3,3,69,0,8,1,2016,6,19,5,0,2,6,25,5,"WOLF BRANCH ROAD","",23,28.81508889,-81.58963889,0,8,0,0,1,1,0,1,2,10,0,10,0,"0000000",99,99,99,99,99,99,0,0,0,1,0
12,120418,1,1,0,1,1,2,2,69,0,1,1,2016,6,0,34,0,1,4,2,4,"CR-44A","",99998,28.87694444,-81.55638889,0,8,0,0,1,1,0,1,2,5,0,5,0,"0000000",99,99,99,99,88,88,0,0,0,1,0
12,120419,1,1,0,1,1,1,1,109,0,7,1,2016,5,13,17,1,2,3,1,2,"US-1","",99998,29.96583333,-81.35083333,0,8,0,0,1,1,0,2,1,10,0,10,0,"0000000",99,99,99,99,99,99,0,0,0,1,0
12,120420,1,1,0,1,1,6,6,81,0,3,1,2016,1,20,4,1,2,3,1,2,"US-41","",99998,27.45278889,-82.57536944,0,8,0,0,1,1,0,1,2,2,0,2,0,"0000000",99,99,99,99,88,88,0,0,0,1,0
12,120421,1,1,0,0,0,1,1,129,0,24,1,2016,1,2,40,0,2,4,1,3,"SR-363","",99998,30.25277778,-84.23444444,0,53,0,0,1,1,0,5,3,1,0,1,0,"0000000",99,99,99,99,99,99,0,0,0,1,1
12,120422,3,3,0,0,0,6,6,53,0,10,1,2016,1,12,24,0,1,5,25,5,"MARINER BLVD","",99998,28.49263333,-82.54062222,0,12,2,0,8,1,0,1,1,1,0,1,0,"0000000",99,99,99,99,99,99,0,0,0,1,0
12,120423,1,1,0,1,1,2,2,11,1927,5,1,2016,3,19,38,1,2,3,1,3,"SR-814","",99998,26.23524722,-80.21180556,0,8,0,0,1,1,0,1,3,1,0,1,0,"0000000",99,99,99,99,99,99,0,0,0,1,0
12,120424,1,1,0,0,0,1,1,95,0,8,1,2016,6,21,54,0,2,5,25,5,"COMMERCE BLVD","",99998,28.56843056,-81.30341667,0,32,0,0,1,1,0,5,2,1,0,1,0,"0000000",99,99,99,99,99,99,0,0,0,1,0
12,120425,1,1,0,1,1,1,1,31,1510,30,1,2016,7,20,20,0,2,5,25,5,"MONUMENT AND COBBLESTONE PARKW","MONUMENT AND COBBLESTONE PARKW",99998,30.36036389,-81.50294167,0,8,0,1,3,2,0,1,3,1,0,1,0,"0000000",99,99,99,99,99,99,0,0,0,1,0
12,120426,1,1,0,0,0,2,2,99,0,16,1,2016,7,8,15,0,6,96,96,8,"DH-21 DIRT RD","",99998,26.65309722,-80.74046667,0,1,0,0,1,1,0,4,1,5,0,5,0,"0000000",99,99,99,99,88,88,0,0,0,2,0
12,120427,1,1,0,1,1,1,1,57,0,2,1,2016,7,0,5,1,2,3,1,2,"US-41 SR-45","",99998,27.83953889,-82.38163056,0,8,0,0,1,1,0,1,3,1,0,1,0,"0000000",99,99,99,99,88,88,0,0,0,1,1
12,120428,1,1,0,1,1,1,1,33,0,1,1,2016,6,0,6,1,2,3,1,2,"US-90 SR-10A MOBILE HWY","",99998,30.42361111,-87.26055556,0,9,0,0,1,1,0,1,2,2,0,2,0,"0000000",99,99,99,99,88,88,0,0,0,1,0
12,120429,1,1,0,1,1,1,1,81,0,2,1,2016,7,10,15,1,2,3,1,2,"US-41","",99998,27.39648056,-82.56326111,0,43,0,0,1,1,0,4,1,2,0,2,0,"0000000",99,99,99,99,99,99,0,0,0,1,0
12,120430,1,1,0,1,1,1,1,81,0,8,1,2016,6,11,39,0,2,6,25,5,"6160 14TH ST","",99998,27.43148056,-82.57667222,0,15,0,0,8,1,0,1,1,10,0,10,0,"0000000",99,99,99,99,99,99,0,0,0,1,0
12,120431,1,1,0,1,1,2,2,109,0,1,2,2016,2,18,30,0,2,4,1,3,"SR-A1A","",99998,29.81715,-81.26911389,0,8,0,0,1,1,0,1,3,1,0,1,0,"0000000",99,99,99,99,99,99,0,0,0,1,0
12,120433,3,3,0,1,1,5,5,86,0,17,1,2016,1,0,0,0,2,4,1,3,"SR-934 NW 79TH ST","NW 14TH CT",99998,25.84661944,-80.222,0,8,0,0,2,3,0,1,3,1,0,1,0,"0000000",99,99,99,99,88,88,0,0,0,1,0
12,120434,1,1,0,1,1,2,2,115,2235,9,1,2016,7,21,51,1,1,3,1,2,"US-41","",99998,27.04680833,-82.32076667,0,9,0,0,1,1,0,1,2,2,0,2,0,"0000000",99,99,99,99,99,99,0,0,0,1,0
12,120435,1,1,0,1,1,1,1,35,0,12,1,2016,3,19,45,0,1,5,25,5,"MAHOGANY BLVD","",99998,29.45944444,-81.41333333,0,8,0,0,1,1,0,1,2,1,0,1,0,"0000000",99,99,99,99,88,88,0,0,0,1,0
12,120436,1,1,0,1,1,1,1,71,0,27,1,2016,4,6,7,1,1,3,1,3,"SR-867","IONA RD",99998,26.52001111,-81.94178056,0,8,0,0,3,2,0,1,2,10,0,10,0,"0000000",99,99,99,99,99,99,0,0,0,1,0
12,120437,1,1,0,2,2,1,1,86,2020,20,1,2016,4,5,10,1,2,3,1,3,"SR-112","",99998,25.76578889,-80.24621667,0,8,0,0,1,1,0,1,2,1,0,1,0,"0000000",99,99,99,99,99,99,19,23,0,1,0
12,120438,1,1,0,1,1,1,1,115,0,24,1,2016,1,22,15,1,2,3,1,2,"US-41","",99998,27.24988889,-82.51369167,0,8,0,0,1,1,0,1,3,1,0,1,0,"0000000",99,99,99,99,99,99,0,0,0,1,0
12,120439,1,1,0,1,1,1,1,95,0,10,1,2016,1,22,15,0,2,4,25,4,"CR-431","",99998,28.59243056,-81.45151667,0,8,0,0,1,1,0,1,3,1,0,1,0,"0000000",99,99,99,99,88,88,0,0,0,1,0