"STATE","ST_CASE","VE_TOTAL","VE_FORMS","PVH_INVL","PEDS","PERNOTMVIT","PERMVIT","PERSONS","COUNTY","CITY","DAY","MONTH","YEAR","DAY_WEEK","HOUR","MINUTE","NHS","RUR_URB","FUNC_SYS","RD_OWNER","ROUTE","TWAY_ID","TWAY_ID2","MILEPT","LATITUDE","LONGITUD","SP_JUR","HARM_EV","MAN_COLL","RELJCT1","RELJCT2","TYP_INT","WRK_ZONE","REL_ROAD","LGT_COND","WEATHER1","WEATHER2","WEATHER","SCH_BUS","RAIL","NOT_HOUR","NOT_MIN","ARR_HOUR","ARR_MIN","HOSP_HR","HOSP_MN","CF1","CF2","CF3","FATALS","DRUNK_DR"
12,120440,1,1,0,1,1,4,4,103,0,7,1,2016,5,20,47,1,1,3,1,3,"SR-688","",99998,27.89444444,-82.69083333,0,8,0,0,1,1,0,1,3,1,0,1,0,"0000000",99,99,99,99,99,99,0,0,0,1,0
12,120441,2,2,0,0,0,2,2,71,0,17,1,2016,1,14,29,1,1,3,1,3,"SR-867","865GLADIOLUS DR",99998,26.51584722,-81.94383611,0,12,2,0,2,2,0,1,1,1,0,1,0,"0000000",99,99,99,99,99,99,0,0,0,1,1
12,120442,2,2,0,0,0,3,3,69,2130,7,2,2016,1,11,5,0,2,5,25,5,"LIMIT AVE","US 441",99998,28.81520833,-81.62889722,0,12,6,0,3,2,0,1,1,1,0,1,0,"0000000",99,99,99,99,99,99,0,0,0,1,0
12,120443,2,2,0,0,0,3,3,86,2230,28,1,2016,5,6,22,1,2,3,1,2,"US-1","",99998,25.93405556,-80.15120556,0,12,6,0,8,1,0,1,3,1,0,1,0,"0000000",99,99,99,99,99,99,0,0,0,1,0
12,120444,1,1,0,1,1,1,1,21,0,21,1,2016,5,22,25,0,1,5,25,5,"OAKES BLVD","STANDING OAKS LN",99998,26.25714167,-81.73475556,0,8,0,0,2,2,0,1,3,10,0,10,0,"0000000",99,99,99,99,99,99,0,0,0,1,0
12,120445,1,1,0,1,1,2,2,97,0,1,2,2016,2,0,29,1,1,3,1,2,"US-192","",99998,28.20667778,-81.17097778,0,8,0,0,1,1,0,1,2,1,0,1,0,"0000000",99,99,99,99,88,88,0,0,0,1,0
12,120446,1,1,0,1,1,1,1,101,0,1,1,2016,6,20,13,1,2,3,1,2,"US-19","SCENIC DR",99998,28.29805556,-82.70694444,0,9,0,0,3,2,0,1,3,1,0,1,0,"0000000",20,14,20,19,99,99,0,0,0,1,0
12,120447,1,1,0,1,1,1,1,101,0,7,1,2016,5,20,27,1,1,2,1,2,"US-19","",99998,28.18549167,-82.74011111,0,8,0,0,1,1,0,1,3,1,0,1,0,"0000000",99,99,99,99,88,88,0,0,0,1,0
12,120448,1,1,0,1,1,1,1,99,1760,15,1,2016,6,22,14,0,2,6,25,5,"HYPOLUXO ROAD","",99998,26.57215556,-80.06558056,0,8,0,0,1,1,0,1,3,1,0,1,0,"0000000",99,99,99,99,88,88,0,0,0,1,0
12,120449,1,1,0,1,1,1,1,97,2700,31,1,2016,1,3,20,1,2,3,1,3,"SR-500","BROWN CHAPEL RD",99998,28.24925556,-81.31022222,0,8,0,0,3,2,0,1,2,1,0,1,0,"0000000",99,99,99,99,88,88,0,0,0,1,0
12,120451,1,1,0,1,1,1,1,31,1510,13,2,2016,7,7,30,1,2,3,1,2,"US-90","PALMER TERR",99998,30.30416667,-81.63222222,0,15,0,1,2,3,0,1,1,1,0,1,0,"0000000",99,99,99,99,88,88,0,0,0,1,0
12,120453,1,1,0,0,0,2,2,55,0,3,2,2016,4,11,30,1,2,3,1,2,"US-27","",99998,27.49616667,-81.48756389,0,1,0,0,1,1,0,1,1,1,0,1,0,"0000000",99,99,99,99,99,99,0,0,0,1,0
12,120454,1,1,0,1,1,1,1,9,0,12,2,2016,6,22,37,1,2,3,1,2,"US-1","",99998,28.49694444,-80.78027778,0,8,0,0,1,1,0,1,2,1,0,1,0,"0000000",99,99,99,99,88,88,0,0,0,1,0
12,120455,1,1,0,1,1,1,1,81,0,2,2,2016,3,8,7,1,1,3,1,3,"SR-64","GREYHAWK BLVD",99998,27.48412222,-82.41280278,0,8,0,0,3,2,0,1,1,5,0,5,0,"0000000",99,99,99,99,88,88,0,0,0,1,0
12,120456,2,2,0,1,1,2,2,99,0,19,1,2016,3,22,34,1,1,3,1,3,"SR-809","",99998,26.66863889,-80.11252222,0,8,0,0,1,1,0,1,3,1,0,1,0,"0000000",99,99,99,99,99,99,0,0,0,1,1
12,120457,1,1,0,1,1,1,1,75,0,11,2,2016,5,3,20,0,1,4,25,4,"CR-326","",99998,29.27888889,-82.40611111,0,8,0,0,1,1,0,1,2,1,0,1,0,"0000000",99,99,99,99,99,99,0,0,0,1,0
12,120458,1,1,0,1,1,2,2,113,0,12,2,2016,6,18,46,0,2,4,1,2,"US-90","",99998,30.60253611,-87.08144444,0,8,0,0,1,1,0,1,2,1,0,1,0,"0000000",99,99,99,99,88,88,0,0,0,1,0
12,120459,1,1,0,1,1,2,2,65,0,20,2,2016,7,19,45,0,1,5,25,5,"FREEMAN ROAD","",99998,30.44898889,-83.9225,0,8,0,0,1,1,0,1,2,1,0,1,0,"0000000",99,99,99,99,99,99,0,0,0,1,0
12,120460,1,1,0,1,1,1,1,5,431,25,2,2016,5,19,30,1,2,3,1,2,"US-98","",99998,30.14534167,-85.59126944,0,8,0,0,1,1,0,1,3,1,0,1,0,"0000000",99,99,99,99,99,99,0,0,0,1,0
12,120461,1,1,0,1,1,1,1,31,1510,2,1,2016,7,20,15,1,2,3,1,3,"SR-228","",99998,30.30491944,-81.75493889,0,8,0,0,1,1,0,1,2,1,0,1,0,"0000000",99,99,99,99,88,88,0,0,0,1,0
12,120462,1,1,0,1,1,1,1,19,0,27,1,2016,4,21,24,1,1,3,1,3,"SR-21","",99998,30.15722222,-81.74722222,0,8,0,0,1,1,0,1,3,10,0,10,0,"0000000",99,99,99,99,99,99,0,0,0,1,0
12,120463,1,1,0,1,1,1,1,95,0,12,1,2016,3,22,21,0,2,5,25,4,"CR-448 SADLER RD","",7,28.74694444,-81.64638889,0,8,0,0,1,1,0,1,2,1,0,1,0,"0000000",99,99,99,99,88,88,0,0,0,1,0
12,120464,1,1,0,1,1,0,0,17,0,9,2,2016,3,23,5,0,1,7,25,6,"CORBETT AVE","",99998,28.79888889,-82.50833333,0,8,0,0,1,1,0,1,2,1,0,1,0,"0000000",99,99,99,99,88,88,0,0,0,1,0
12,120465,1,1,0,1,1,1,1,33,0,9,1,2016,7,21,46,1,2,3,1,2,"US-90","",99998,30.43416667,-87.27611111,0,8,0,0,1,1,0,1,2,10,0,10,0,"0000000",99,99,99,99,88,88,0,0,0,1,0
12,120466,1,1,0,1,1,1,1,101,0,15,1,2016,6,21,50,1,1,3,1,3,"SR-52","",99998,28.33916667,-82.61888889,0,9,0,0,1,1,0,1,2,1,0,1,0,"0000000",21,51,21,53,88,88,0,0,0,1,0
12,120467,2,2,0,1,1,3,3,95,2360,13,1,2016,4,19,30,0,2,5,25,4,"CR-423","",99998,28.47416667,-81.41722222,0,8,0,0,1,1,0,1,2,1,0,1,0,"0000000",99,99,99,99,88,88,0,0,0,1,0
12,120469,1,1,0,1,1,1,1,101,0,13,2,2016,7,23,17,1,2,3,1,2,"US-19","BONITA RD",99998,28.18801944,-82.74005,0,8,0,0,2,2,0,1,3,1,0,1,0,"0000000",99,99,99,99,88,88,0,0,0,1,0
12,120470,2,2,0,0,0,3,3,51,0,14,2,2016,1,2,28,1,1,3,1,3,"SR-29","",99998,26.68949444,-81.43687778,0,12,2,0,8,1,0,1,2,1,0,1,0,"0000000",99,99,99,99,99,99,0,0,0,1,1
12,120472,1,1,0,1,1,1,1,83,0,14,1,2016,5,10,40,1,1,2,1,2,"US-27","",99998,29.2225,-82.21833333,0,9,0,0,1,1,0,2,1,10,0,10,0,"0000000",99,99,99,99,99,99,0,0,0,1,0
12,120473,1,1,0,1,1,4,4,103,0,21,2,2016,1,22,52,0,1,4,25,4,"CR-611","",99998,28.15603333,-82.69613333,0,8,0,0,1,1,0,1,3,1,0,1,0,"0000000",99,99,99,99,88,88,0,0,0,1,0
12,120474,1,1,0,1,1,1,1,101,0,23,1,2016,7,2,8,1,1,3,1,3,"SR-54","US-41",99998,28.19166389,-82.46558611,0,8,0,1,3,2,0,1,3,2,0,2,0,"0000000",99,99,99,99,88,88,0,0,0,1,0
12,120475,1,1,0,1,1,1,1,95,0,14,1,2016,5,19,58,0,2,4,1,3,"SR-426","",99998,28.6075,-81.29388889,0,8,0,0,1,1,0,1,3,1,0,1,0,"0000000",99,99,99,99,99,99,0,0,0,1,0
12,120476,1,1,0,1,1,1,1,95,0,28,1,2016,5,21,19,0,2,4,1,3,"SR-536","APOPKA VINELAND RD",99998,28.35726111,-81.49414167,0,8,0,0,1,1,0,1,3,2,0,2,0,"0000000",99,99,99,99,99,99,0,0,0,1,0
12,120478,1,1,0,0,0,1,1,81,0,16,2,2016,3,9,20,0,2,7,25,6,"75TH STREET","SR-70",99998,27.44808056,-82.63688889,0,33,0,1,3,6,0,4,1,1,0,1,0,"0000000",99,99,99,99,99,99,0,0,0,1,0
12,120479,1,1,0,1,1,1,1,95,0,17,2,2016,4,19,58,0,2,3,1,3,"SR-527","",99998,28.46388889,-81.36722222,0,8,0,0,1,1,0,1,2,1,0,1,0,"0000000",99,99,99,99,88,88,0,0,0,1,0
12,120481,1,1,0,0,0,1,1,81,0,2,2,2016,3,8,40,0,1,5,25,5,"THE PARK BLVD","",99998,27.39,-82.47861111,0,42,0,0,1,1,0,3,1,5,0,5,0,"0000000",99,99,99,99,99,99,0,0,0,1,0
12,120482,1,1,0,1,1,2,2,111,0,4,2,2016,5,12,56,0,1,7,25,6,"LINCOLN CIR","ROOSEVELT CIR",99998,27.48533889,-80.37987778,0,9,0,0,2,3,0,1,1,1,0,1,0,"0000000",99,99,99,99,99,99,0,0,0,1,0
12,120483,1,1,0,1,1,1,1,99,290,12,2,2016,6,11,49,1,2,3,1,3,"SR-794","MILITARY TRAIL",99998,26.39398056,-80.12146389,0,9,0,0,2,3,0,1,1,1,0,1,0,"0000000",99,99,99,99,99,99,0,0,0,1,0
12,120484,1,1,0,1,1,2,2,9,454,9,3,2016,4,1,42,1,2,3,1,3,"SR-A1A","",99998,28.382975,-80.60558889,0,8,0,0,1,1,0,1,2,1,0,1,0,"0000000",99,99,99,99,88,88,0,0,0,1,1
12,120485,1,1,0,2,2,1,1,35,2439,11,2,2016,5,22,32,0,2,7,25,6,"FOREST GROVE DR","",99998,29.60071389,-81.22790833,0,8,0,0,1,1,1,5,2,1,0,1,0,"0000000",99,99,99,99,88,88,23,0,0,2,0
12,120486,1,1,0,1,1,1,1,9,0,15,2,2016,2,5,15,0,1,7,25,6,"SATELLITE BLVD","",99998,28.36909722,-80.84571944,0,8,0,0,1,1,0,1,2,10,0,10,0,"0000000",99,99,99,99,88,88,0,0,0,1,0
12,120487,4,4,0,0,0,4,4,97,0,17,2,2016,4,17,7,1,1,1,1,1,"I-4","",99998,28.305,-81.57194444,0,12,1,0,1,1,0,1,1,10,0,10,0,"0000000",99,99,99,99,99,99,0,0,0,1,0
12,120488,1,1,0,1,1,1,1,87,1580,7,3,2016,2,18,15,1,2,3,1,2,"US-1","CROSS ST",99998,24.57478056,-81.73628889,0,9,0,0,2,3,0,1,5,10,0,10,0,"0000000",99,99,99,99,99,99,0,0,0,1,0
12,120489,2,1,1,1,3,1,3,57,0,15,2,2016,2,2,23,1,2,1,1,1,"I-275","",99998,27.93408333,-82.56943611,0,14,0,0,1,1,0,4,3,1,0,1,0,"0000000",99,99,99,99,88,88,23,0,0,1,0
12,120490,1,1,0,1,1,1,1,101,3330,1,3,2016,3,8,49,0,2,7,25,6,"COPELAND DR","CR-535",99998,28.20888889,-82.16611111,0,9,0,0,2,3,0,1,1,1,0,1,0,"0000000",99,99,99,99,88,88,0,0,0,1,0
12,120491,1,1,0,1,1,1,1,33,0,17,2,2016,4,21,21,0,2,4,1,2,"US-90","",99998,30.49305556,-87.32444444,0,9,0,0,1,1,0,1,2,1,0,1,0,"0000000",99,99,99,99,88,88,0,0,0,1,0
12,120492,1,1,0,1,1,1,1,31,1510,12,2,2016,6,2,54,1,2,1,1,1,"I-295","",99998,30.41778333,-81.73775833,0,8,0,0,1,1,0,1,3,1,0,1,0,"0000000",99,99,99,99,88,88,0,0,0,1,0
12,120493,1,1,0,1,1,1,1,86,0,8,3,2016,3,19,46,0,2,4,1,3,"SR-994","SW 115 AVE",99998,25.592825,-80.37841389,0,8,0,1,2,2,0,1,3,10,0,10,0,"0000000",99,99,99,99,99,99,0,0,0,1,0
12,120494,1,1,0,2,2,2,2,91,0,12,2,2016,6,19,20,0,2,4,1,3,"SR-188","",99998,30.44944444,-86.63638889,0,8,0,0,1,1,0,1,3,1,0,1,0,"0000000",99,99,99,99,99,99,0,0,0,1,0
12,120495,1,1,0,1,1,1,1,86,0,10,2,2016,4,0,20,1,2,3,1,2,"US-441","191 ST",99998,25.94981111,-80.20536944,0,9,0,0,3,2,0,1,3,1,0,1,0,"0000000",99,99,99,99,99,99,0,0,0,1,0
12,120496,1,1,0,1,1,1,1,101,0,17,2,2016,4,10,15,0,2,7,25,6,"5TH ST","ESTATE DR",99998,28.22996111,-82.71093056,0,8,0,0,8,1,0,5,1,1,0,1,0,"0000000",99,99,99,99,99,99,0,0,0,1,0
12,120497,1,1,0,1,1,1,1,9,3000,25,2,2016,5,19,52,1,2,3,1,3,"SR-50","",99998,28.55256944,-80.84918056,0,8,0,0,1,1,0,1,3,1,0,1,0,"0000000",99,99,99,99,88,88,0,0,0,1,0
12,120498,1,1,0,1,1,2,2,5,431,3,2,2016,4,23,55,1,2,2,1,2,"US-98","",99998,30.158625,-85.59115556,0,8,0,0,1,1,0,1,2,2,0,2,0,"0000000",99,99,99,99,99,99,0,0,0,1,0
12,120499,1,1,0,1,1,1,1,86,2230,12,3,2016,7,2,11,0,2,7,25,6,"NE 19TH AVE","",99998,25.93945,-80.16269167,0,8,0,0,1,1,0,1,3,1,0,1,0,"0000000",99,99,99,99,88,88,0,0,0,1,0
12,120500,1,1,0,1,1,1,1,86,0,18,2,2016,5,8,35,1,2,1,1,1,"I-195","NW 22ND AVE",99998,25.8121,-80.2321,0,8,0,1,3,3,0,1,1,1,0,1,0,"0000000",99,99,99,99,99,99,0,0,0,1,0
12,120501,1,1,0,1,1,2,2,9,0,28,2,2016,1,14,5,1,2,3,1,2,"US-1","",99998,28.275,-80.69305556,0,9,0,0,1,1,0,1,1,1,0,1,0,"0000000",99,99,99,99,88,88,0,0,0,1,0
12,120502,1,1,0,1,1,1,1,33,0,28,2,2016,1,17,53,1,2,3,1,3,"SR-297","FRANCISCAN DRIVE",99998,30.49928056,-87.30599722,0,8,0,0,3,3,0,2,5,1,0,1,0,"0000000",99,99,99,99,99,99,0,0,0,1,0
12,120503,1,1,0,1,1,1,1,86,2020,6,1,2016,4,6,37,1,2,3,1,3,"SR-907","15TH STREET",99998,25.78733056,-80.14111389,0,8,0,0,3,2,0,1,2,2,0,2,0,"0000000",99,99,99,99,99,99,0,0,0,1,0
12,120504,1,1,0,0,0,1,1,119,0,10,3,2016,5,1,40,1,2,3,1,2,"US-301","SR-44",99998,28.85888889,-82.17388889,0,59,0,0,3,3,0,4,2,1,0,1,0,"0000000",99,99,99,99,99,99,0,0,0,1,0
12,120505,1,1,0,1,1,1,1,95,0,6,3,2016,1,19,21,0,2,7,25,6,"CENTRAL PARKWAY","WINDOVER WAY",99998,28.40890833,-81.41237778,0,9,0,1,3,2,0,1,3,1,0,1,0,"0000000",99,99,99,99,99,99,0,0,0,1,0
12,120506,2,2,0,2,2,2,2,86,2020,15,1,2016,6,2,16,1,2,3,1,3,"SR-A1A","ESPANOLA WAY",99998,25.78696667,-80.13057222,0,8,0,0,3,3,0,1,3,1,0,1,0,"0000000",99,99,99,99,99,99,0,0,0,1,0
12,120507,1,1,0,1,1,2,2,83,2270,6,3,2016,1,22,6,0,2,7,25,6,"8TH AVE","",99998,29.115,-82.07468889,0,8,0,0,1,1,0,1,3,1,0,1,0,"0000000",99,99,99,99,99,99,0,0,0,1,1
12,120508,1,1,0,2,2,1,1,17,0,6,3,2016,1,17,23,0,2,5,25,5,"INDEPENDENCE HIGHWAY","",99998,28.84628611,-82.36552222,0,9,0,0,1,1,0,1,1,1,0,1,0,"0000000",17,25,17,33,99,99,0,0,0,1,1
12,120509,1,1,0,1,1,3,3,127,0,13,3,2016,1,0,15,1,2,3,1,2,"US-1","",128,29.35126111,-81.15194722,0,8,0,0,1,1,0,1,2,1,0,1,0,"0000000",99,99,99,99,88,88,0,0,0,1,0
12,120510,1,1,0,0,0,1,1,11,1050,6,3,2016,1,0,8,1,2,1,1,1,"I-95","",99998,26.08129722,-80.16613889,0,42,0,1,5,1,0,5,2,10,0,10,0,"0000000",99,99,99,99,99,99,0,0,0,1,0
12,120511,1,1,0,1,1,1,1,95,0,2,3,2016,4,22,15,0,2,4,1,3,"SR-424","2ND ST",99998,28.60806389,-81.41256944,0,8,0,0,2,3,0,1,2,1,0,1,0,"0000000",99,99,99,99,99,99,0,0,0,1,0
12,120512,1,1,0,1,1,2,2,85,0,6,3,2016,1,5,45,1,1,1,1,1,"I-95","",99998,26.96108056,-80.16950556,0,8,0,0,1,1,0,1,2,1,0,1,0,"0000000",99,99,99,99,99,99,0,0,0,1,0
12,120513,1,1,0,1,1,1,1,127,0,19,2,2016,6,7,20,0,1,7,25,4,"CR-4019","DERBYSHIRE RD",99998,29.23548889,-81.06616944,0,9,0,0,2,2,0,1,1,1,0,1,0,"0000000",99,99,99,99,99,99,0,0,0,1,0
12,120514,1,1,0,1,1,1,1,95,0,11,3,2016,6,22,40,1,2,3,1,3,"SR-50","PEACHTREE ROAD",99998,28.55303889,-81.38416944,0,9,0,0,3,3,0,1,3,1,0,1,0,"0000000",22,46,22,48,99,99,20,0,0,1,0
12,120515,2,2,0,0,0,2,2,95,0,17,3,2016,5,18,31,0,2,6,25,5,"TAFT VINELAND ROAD","DARDEN CENTER DRIVE",99998,28.41650278,-81.42398889,0,12,2,0,3,2,0,1,1,1,0,1,0,"0000000",99,99,99,99,99,99,0,0,0,1,1
12,120516,2,2,0,0,0,5,5,127,2580,23,2,2016,3,12,48,1,2,3,1,2,"US-1","FLEMING AV",99998,29.13373889,-80.983075,0,12,6,0,2,2,0,1,1,1,0,1,0,"0000000",99,99,99,99,99,99,0,0,0,1,0
12,120517,1,1,0,1,1,2,2,31,1510,22,2,2016,2,20,25,1,2,3,1,2,"US-17","37   ROSEVELT BLVD",99998,30.30277778,-81.71972222,0,9,0,1,3,2,0,1,3,1,0,1,0,"0000000",99,99,99,99,99,99,0,0,0,1,0
12,120518,1,1,0,1,1,1,1,127,2190,14,1,2016,5,19,28,1,2,3,1,3,"SR-44","",99998,29.01320278,-80.96685556,0,9,0,0,1,1,0,2,2,1,0,1,0,"0000000",99,99,99,99,88,88,0,0,0,1,0
12,120519,2,2,0,1,1,1,1,93,0,14,3,2016,2,17,25,1,2,3,1,3,"SR-70","",99998,27.24691111,-80.80123056,0,12,1,0,1,1,0,1,1,10,0,10,0,"0000000",99,99,99,99,99,99,23,0,0,1,0
12,120520,1,1,0,1,1,1,1,86,0,10,3,2016,5,20,45,0,2,4,1,3,"SR-860","",99998,25.942575,-80.20288889,0,8,0,0,1,1,0,1,3,1,0,1,0,"0000000",99,99,99,99,99,99,0,0,0,1,0
12,120521,1,1,0,1,1,1,1,9,0,20,3,2016,1,21,35,1,1,3,1,3,"SR-3","SPRUCE AVE",99998,28.39111111,-80.70361111,0,8,0,0,3,3,0,1,3,10,0,10,0,"0000000",99,99,99,99,88,88,0,0,0,1,0
12,120522,2,2,0,0,0,2,2,63,0,20,3,2016,1,3,30,1,1,1,1,1,"I-10","",99998,30.69027778,-85.1175,0,12,2,0,1,1,0,1,2,1,0,1,0,"0000000",99,99,99,99,99,99,0,0,0,1,0
12,120523,1,1,0,1,1,1,1,86,2330,23,3,2016,4,22,47,1,2,3,1,3,"SR-9","SUPERIOR ST",99998,25.89959444,-80.24359444,0,8,0,0,3,2,0,1,3,1,0,1,0,"0000000",99,99,99,99,88,88,0,0,0,1,0
12,120524,1,1,0,1,1,1,1,21,0,16,3,2016,4,9,50,0,1,5,25,5,"MADISON PARK BLVD","PRINCETON DR POTOMAC LN",99998,26.1525,-81.70555556,0,9,0,0,2,2,0,1,1,1,0,1,0,"0000000",99,99,99,99,99,99,0,0,0,1,0
12,120525,1,1,0,1,1,1,1,57,0,19,3,2016,7,2,39,1,2,3,1,2,"US-41","",99998,27.76777778,-82.39277778,0,9,0,0,1,1,0,1,3,10,0,10,0,"0000000",99,99,99,99,88,88,0,0,0,1,0
12,120526,1,1,0,1,1,1,1,31,1510,13,3,2016,1,23,17,1,2,3,1,3,"SR-134","",99998,30.2475,-81.72222222,0,8,0,0,1,1,0,1,3,1,0,1,0,"0000000",99,99,99,99,99,99,0,0,0,1,0
12,120527,1,1,0,1,1,1,1,91,835,25,3,2016,6,21,57,1,2,3,1,2,"US-98","MARLER STREET",99998,30.39416667,-86.50527778,0,8,0,0,2,3,0,1,3,2,0,2,0,"0000000",99,99,99,99,88,88,0,0,0,1,0
12,120528,2,2,0,1,1,3,3,71,0,21,3,2016,2,5,20,1,1,3,1,3,"SR-78","",99998,26.68225,-81.90048889,0,8,0,0,1,1,0,1,2,1,0,1,0,"0000000",99,99,99,99,88,88,0,0,0,1,0
12,120530,1,1,0,1,1,1,1,95,2360,27,3,2016,1,20,42,1,2,3,1,3,"SR-423","",99998,28.60518889,-81.40501111,0,8,0,0,1,1,0,1,3,1,0,1,0,"0000000",99,99,99,99,88,88,0,0,0,1,0
12,120531,2,2,0,0,0,3,3,31,1510,26,3,2016,7,22,48,1,2,3,1,2,"US-90","CORTEZ RD",99998,30.28688611,-81.52767222,0,12,6,1,2,2,0,1,3,1,0,1,0,"0000000",99,99,99,99,88,88,0,0,0,1,0
12,120532,1,1,0,1,1,5,5,5,2451,12,3,2016,7,3,39,1,2,3,1,2,"US-98","",99998,30.20946389,-85.84755833,0,8,0,0,1,1,0,1,2,1,0,1,0,"0000000",99,99,99,99,99,99,0,0,0,1,0
12,120533,2,2,0,0,0,2,2,95,3290,13,2,2016,7,14,14,1,2,3,1,3,"SR-50","",99998,28.55119444,-81.604025,0,12,1,0,1,1,0,1,1,1,0,1,0,"0000000",99,99,99,99,99,99,0,0,0,1,1
12,120534,1,1,0,1,1,1,1,86,0,22,1,2016,6,22,59,0,6,96,96,8,"NW 109TH AVE","",0,25.77209444,-80.37367778,0,8,0,0,1,1,0,1,2,1,0,1,0,"0000000",99,99,99,99,88,88,0,0,0,1,0
12,120535,1,1,0,1,1,1,1,86,0,1,2,2016,2,6,58,0,2,5,25,5,"59TH ST","133RD AVE",99998,25.9571,-80.32438889,0,8,0,0,3,3,0,1,2,2,0,2,0,"0000000",99,99,99,99,99,99,0,0,0,1,0
12,120536,1,1,0,1,1,1,1,86,0,5,1,2016,3,4,56,1,2,3,1,3,"SR-7","81ST ST",99998,25.848925,-80.20923611,0,8,0,0,3,2,0,1,3,2,0,2,0,"0000000",99,99,99,99,99,99,0,0,0,1,0
12,120537,1,1,0,1,1,1,1,86,0,3,1,2016,1,10,5,1,2,3,1,3,"SR-944","",99998,25.82397222,-80.23875,0,8,0,0,1,1,0,1,1,1,0,1,0,"0000000",99,99,99,99,88,88,0,0,0,1,0
12,120538,3,3,0,0,0,3,3,9,1990,4,1,2016,2,17,24,1,2,3,1,2,"US-1","",99998,28.14053333,-80.63411111,0,12,2,0,1,1,0,1,1,1,0,1,0,"0000000",99,99,99,99,99,99,0,0,0,1,0
12,120539,1,1,0,1,1,2,2,115,2780,1,1,2016,6,21,31,1,2,3,1,3,"SR-780","BENEVA RD",99998,27.337475,-82.49739444,0,8,0,0,3,2,0,1,3,1,0,1,0,"0000000",99,99,99,99,99,99,0,0,0,1,0
12,120540,1,1,0,1,1,1,1,11,1050,15,1,2016,6,18,14,1,2,3,1,3,"SR-A1A","",99998,26.27521389,-80.08033056,0,8,0,0,1,1,0,1,1,10,0,10,0,"0000000",99,99,99,99,99,99,0,0,0,1,0
12,120541,1,1,0,1,1,2,2,11,1050,6,2,2016,7,19,40,1,2,3,1,2,"US-1","",99998,26.098525,-80.13665278,0,8,0,0,1,1,0,1,3,10,0,10,0,"0000000",99,99,99,99,99,99,0,0,0,1,0
12,120543,2,2,0,1,1,3,3,105,0,29,1,2016,6,18,25,1,1,3,1,2,"US-98","FOX LAKE DR",99998,28.13774722,-81.97353611,0,9,0,0,1,1,0,1,2,1,0,1,0,"0000000",99,99,99,99,88,88,0,0,0,1,0
12,120544,2,1,1,1,1,1,1,86,1340,29,2,2016,2,11,10,0,2,7,25,6,"16TH AVENUE","",99998,25.87041389,-80.31497222,0,59,0,0,1,1,0,4,1,1,0,1,0,"0000000",99,99,99,99,99,99,14,0,0,1,0
12,120545,1,1,0,1,1,1,1,95,2360,27,1,2016,4,6,24,0,2,5,25,5,"ROLLINS ST","ALDEN RD",99998,28.57348611,-81.37036111,0,8,0,0,3,2,0,1,3,2,0,2,0,"0000000",99,99,99,99,99,99,0,0,0,1,0
12,120546,1,1,0,1,1,1,1,103,1250,3,2,2016,4,18,35,0,2,4,25,4,"CR-138","BEACH BLVD",99998,27.74828056,-82.70759722,0,8,0,0,3,3,0,1,3,1,0,1,0,"0000000",99,99,99,99,88,88,0,0,0,1,0
12,120547,1,1,0,1,1,1,1,57,2950,1,2,2016,2,22,30,1,1,3,1,3,"SR-574","",99998,27.98131944,-82.47956389,0,8,0,0,1,1,0,1,3,1,0,1,0,"0000000",99,99,99,99,88,88,19,0,0,1,0
12,120548,1,1,0,1,1,1,1,57,2950,12,3,2016,7,20,34,0,2,7,25,6,"14TH ST","",99998,27.97571667,-82.44428611,0,8,0,0,1,1,0,1,3,1,0,1,0,"0000000",99,99,99,99,88,88,0,0,0,1,0
12,120549,1,1,0,1,1,1,1,57,2950,19,3,2016,7,20,45,0,1,5,25,5,"INTERBAY BLVD","",99998,27.87937222,-82.49560833,0,9,0,0,1,1,0,1,3,1,0,1,0,"0000000",99,99,99,99,88,88,0,0,0,1,0
12,120550,1,1,0,1,1,1,1,57,2950,12,3,2016,7,3,36,0,2,4,1,3,"SR-583","",99998,27.97772222,-82.40175278,0,9,0,0,1,1,0,1,3,1,0,1,0,"0000000",99,99,99,99,99,99,0,0,0,1,0
12,120552,1,1,0,1,1,1,1,21,0,15,1,2016,6,16,30,0,2,6,25,5,"GOODLETTE RD","",99998,26.24583333,-81.78777778,0,9,0,0,1,1,0,1,1,1,0,1,0,"0000000",99,99,99,99,99,99,0,0,0,1,0
12,120553,1,1,0,1,1,3,3,31,1510,16,3,2016,4,20,33,0,2,6,25,5,"CAHOON RD","",99998,30.31861111,-81.78361111,0,8,0,0,1,1,0,1,3,10,0,10,0,"0000000",99,99,99,99,99,99,0,0,0,1,0
12,120554,1,1,0,1,1,1,1,31,1510,1,3,2016,3,5,59,0,2,7,25,6,"OLD PLANK RD","",99998,30.2821,-81.5893,0,9,0,0,1,1,0,1,3,1,0,1,0,"0000000",99,99,99,99,88,88,0,0,0,1,0
12,120555,1,1,0,1,1,1,1,31,1510,20,3,2016,1,21,15,1,2,3,1,3,"SR-109","",99998,30.33788611,-81.60251111,0,8,0,0,1,1,0,1,3,10,0,10,0,"0000000",99,99,99,99,99,99,0,0,0,1,1