"STATE","ST_CASE","VE_TOTAL","VE_FORMS","PVH_INVL","PEDS","PERNOTMVIT","PERMVIT","PERSONS","COUNTY","CITY","DAY","MONTH","YEAR","DAY_WEEK","HOUR","MINUTE","NHS","RUR_URB","FUNC_SYS","RD_OWNER","ROUTE","TWAY_ID","TWAY_ID2","MILEPT","LATITUDE","LONGITUD","SP_JUR","HARM_EV","MAN_COLL","RELJCT1","RELJCT2","TYP_INT","WRK_ZONE","REL_ROAD","LGT_COND","WEATHER1","WEATHER2","WEATHER","SCH_BUS","RAIL","NOT_HOUR","NOT_MIN","ARR_HOUR","ARR_MIN","HOSP_HR","HOSP_MN","CF1","CF2","CF3","FATALS","DRUNK_DR"
12,120557,1,1,0,1,1,1,1,57,0,2,2,2016,3,16,0,0,1,5,25,5,"SINCLAIR HILLS RD","",99998,28.09153889,-82.43276667,0,8,0,0,1,1,0,1,1,1,0,1,1,"0000000",99,99,99,99,99,99,0,0,0,1,0
12,120558,1,1,0,1,1,1,1,57,0,28,1,2016,5,8,18,0,6,96,96,8,"SOLANO BAY LP","",99998,28.02915556,-82.64031667,0,8,0,0,1,1,0,1,1,2,0,2,0,"0000000",99,99,99,99,99,99,0,0,0,1,0
12,120559,2,2,0,1,1,3,3,57,0,28,1,2016,5,20,53,0,1,4,25,4,"CR-587","NIXON RD",99998,28.05676111,-82.5314,0,8,0,0,2,2,0,1,3,2,0,2,0,"0000000",99,99,99,99,88,88,0,0,0,1,0
12,120560,1,1,0,1,1,2,2,57,0,12,3,2016,7,23,33,0,2,7,25,5,"PARSONS AV","",99998,27.97720278,-82.28593333,0,8,0,0,1,1,0,1,2,1,0,1,0,"0000000",99,99,99,99,88,88,0,0,0,1,0
12,120561,1,1,0,1,1,1,1,57,0,15,2,2016,2,6,33,0,2,7,25,5,"BRUCE B DOWNS BL","",99998,28.07210556,-82.42616944,0,8,0,0,1,1,0,1,2,1,0,1,0,"0000000",99,99,99,99,88,88,0,0,0,1,0
12,120562,2,1,1,1,1,1,1,57,0,13,3,2016,1,14,19,0,1,5,25,5,"NORTHTON GROVES BL","PRIVATE PROPERTY",99998,28.09394444,-82.57962778,0,14,0,0,8,1,0,6,1,10,0,10,0,"0000000",99,99,99,99,99,99,0,0,0,1,0
12,120563,1,1,0,1,1,1,1,127,780,1,1,2016,6,19,20,0,2,7,25,6,"WILLIAMSON BLVD","",99998,29.24119167,-81.09991944,0,8,0,0,1,1,0,1,2,1,0,1,0,"0000000",99,99,99,99,99,99,0,0,0,1,0
12,120564,1,1,0,1,1,1,1,127,780,17,1,2016,1,22,8,1,2,3,1,3,"SR-483","",99998,29.20132222,-81.05575833,0,8,0,0,1,1,0,1,3,1,0,1,0,"0000000",99,99,99,99,99,99,0,0,0,1,0
12,120565,2,2,0,0,0,6,6,73,2940,31,1,2016,1,13,33,1,2,3,1,2,"US-27","ALLEN RD",99998,30.47325278,-84.29265278,0,12,6,0,3,3,0,1,1,1,0,1,0,"0000000",99,99,99,99,99,99,0,0,0,1,0
12,120566,1,1,0,1,1,1,1,71,1070,25,2,2016,5,20,0,0,2,5,25,6,"WINKLER AVE","EXECUTIVE CIR",99998,26.60473056,-81.84459722,0,9,0,0,2,2,0,1,2,1,0,1,0,"0000000",99,99,99,99,99,99,0,0,0,1,0
12,120567,1,1,0,1,1,1,1,71,1070,9,3,2016,4,19,49,0,2,3,1,3,"SR-82","",99998,26.64099444,-81.84396944,0,8,0,0,1,1,0,1,3,1,0,1,0,"0000000",99,99,99,99,99,99,0,0,0,1,0
12,120568,2,2,0,0,0,2,2,86,2010,4,1,2016,2,17,46,0,2,5,25,5,"4TH AVE","6TH ST",99998,25.81735833,-80.27303611,0,12,7,0,2,2,0,1,1,1,0,1,0,"0000000",99,99,99,99,99,99,0,0,0,1,0
12,120569,1,1,0,1,1,1,1,86,2010,10,1,2016,1,2,19,0,2,5,25,5,"12TH AVE","12TH ST",99998,25.78563333,-80.21496667,0,8,0,1,3,2,0,1,3,2,0,2,0,"0000000",99,99,99,99,99,99,0,0,0,1,0
12,120571,1,1,0,1,1,1,1,103,2530,9,3,2016,4,11,43,1,2,3,1,3,"SR-694","",99998,27.83909444,-82.72600556,0,8,0,0,1,1,0,1,1,1,0,1,0,"0000000",99,99,99,99,99,99,0,0,0,1,0
12,120572,1,1,0,0,0,1,1,11,2219,13,1,2016,4,22,33,0,2,5,25,5,"81ST AV","",99998,26.20631944,-80.23643056,0,1,0,0,1,1,0,4,3,1,0,1,0,"0000000",99,99,99,99,99,99,0,0,0,1,1
12,120573,3,3,0,0,0,3,3,11,2570,15,1,2016,6,17,20,1,2,3,1,2,"US-1","",99998,26.23781944,-80.10265833,0,12,1,0,1,1,0,1,1,10,0,10,0,"0000000",99,99,99,99,99,99,0,0,0,1,0
12,120574,1,1,0,1,1,2,2,11,2570,15,1,2016,6,23,55,1,2,3,1,3,"SR-814","12TH AVE",99998,26.23155556,-80.137975,0,8,0,1,3,2,0,1,3,1,0,1,0,"0000000",99,99,99,99,88,88,0,0,0,1,0
12,120575,1,1,0,1,1,1,1,11,2570,19,1,2016,3,5,50,0,2,5,25,5,"E COPANS RD","",99998,26.25928056,-80.11553056,0,8,0,0,1,1,0,1,2,1,0,1,0,"0000000",99,99,99,99,88,88,0,0,0,1,0
12,120576,1,1,0,1,1,1,1,11,2570,31,1,2016,1,20,12,0,2,5,25,5,"3RD AV","29TH ST",99998,26.26657222,-80.11920833,0,8,0,0,2,3,0,1,3,1,0,1,0,"0000000",99,99,99,99,99,99,0,0,0,1,0
12,120577,1,1,0,1,1,1,1,11,1781,2,2,2016,3,6,40,1,1,2,1,2,"US-441","",99998,26.17583889,-80.20341389,0,8,0,0,1,1,0,1,4,1,0,1,0,"0000000",99,99,99,99,88,88,0,0,0,1,0
12,120578,1,1,0,1,1,1,1,11,3193,7,2,2016,1,14,53,0,2,7,25,5,"SADDLE CLUB RD","INDIAN TRACE",99998,26.11678889,-80.39415,0,8,0,0,3,2,0,1,1,1,0,1,0,"0000000",99,99,99,99,99,99,0,0,0,1,0
12,120579,1,1,0,1,1,1,1,11,1781,17,2,2016,4,5,30,1,2,3,1,3,"SR-7","",99998,26.17595833,-80.20351111,0,8,0,0,1,1,0,1,3,1,0,1,0,"0000000",99,99,99,99,99,99,0,0,0,1,0
12,120580,1,1,0,1,1,1,1,11,2260,17,2,2016,4,22,40,1,2,3,1,3,"SR-816","16TH AV NE",99998,26.16688333,-80.12614167,0,9,0,0,2,2,0,1,3,1,0,1,0,"0000000",99,99,99,99,99,99,0,0,0,1,0
12,120581,1,1,0,1,1,1,1,11,2457,3,3,2016,5,18,35,0,2,7,25,6,"HILLSBORO BLVD","",99998,26.33078333,-80.21856111,0,9,0,0,1,1,0,1,2,1,0,1,0,"0000000",99,99,99,99,88,88,0,0,0,1,0
12,120582,2,1,1,2,2,1,1,11,2260,7,3,2016,2,9,36,1,1,3,1,3,"SR-811","NE 56TH ST",99998,26.19606111,-80.13248333,0,8,0,0,3,2,0,4,1,1,0,1,0,"0000000",99,99,99,99,99,99,14,0,0,1,0
12,120583,1,1,0,1,1,3,3,11,2570,10,3,2016,5,19,21,1,2,3,1,2,"US-1","10TH ST",99998,26.24317778,-80.10210833,0,9,0,0,2,2,0,1,3,1,0,1,0,"0000000",99,99,99,99,99,99,0,0,0,1,0
12,120584,1,1,0,1,1,1,1,11,2570,20,3,2016,1,19,59,1,2,3,1,3,"SR-834","",99998,26.27475278,-80.13891667,0,8,0,0,1,1,0,1,3,1,0,1,0,"0000000",99,99,99,99,99,99,0,0,0,1,0
12,120585,1,1,0,1,1,1,1,99,3190,28,1,2016,5,20,2,1,2,3,1,3,"SR-882","",99998,26.65533333,-80.06295833,0,8,0,0,1,1,0,1,3,2,0,2,0,"0000000",99,99,99,99,99,99,0,0,0,1,0
12,120587,2,2,0,0,0,3,3,105,0,4,1,2016,2,17,40,1,1,2,3,2,"US-92","LYNCHBURG RD",99998,28.06774444,-81.75151389,0,12,6,1,2,3,0,1,5,1,0,1,0,"0000000",99,99,99,99,99,99,0,0,0,1,1
12,120588,1,1,0,0,0,1,1,105,0,15,2,2016,2,15,48,0,6,96,96,8,"CAMP MACK RD","",99998,27.93688333,-81.43264444,0,38,0,0,1,1,0,5,1,1,0,1,0,"0000000",99,99,99,99,88,88,0,0,0,1,1
12,120589,1,1,0,0,0,1,1,105,0,7,3,2016,2,16,13,1,1,3,1,3,"SR-60","",99998,27.90401389,-81.84625,0,34,0,0,1,1,0,4,1,1,0,1,0,"0000000",99,99,99,99,99,99,0,0,0,1,0
12,120590,1,1,0,1,1,1,1,86,2023,6,2,2016,7,23,20,0,2,7,25,6,"154TH ST","",99998,25.91484444,-80.23531389,0,8,0,0,1,1,0,1,3,2,0,2,0,"0000000",99,99,99,99,99,99,0,0,0,1,0
12,120591,1,1,0,0,0,1,1,127,825,3,2,2016,4,0,56,0,2,7,25,6,"PROVIDENCE BLVD","",99998,28.91916667,-81.22161111,0,59,0,0,1,1,0,4,3,10,0,10,0,"0000000",99,99,99,99,88,88,0,0,0,1,1
12,120592,1,1,0,1,1,1,1,103,2730,26,1,2016,3,21,22,0,2,5,25,5,"31ST ST","26TH AVE",99998,27.74472222,-82.67527778,0,15,0,0,2,2,0,1,3,10,0,10,0,"0000000",99,99,99,99,88,88,0,0,0,1,0
12,120593,1,1,0,1,1,1,1,103,2730,28,2,2016,1,15,53,1,2,3,1,2,"US-19","",99998,27.75601667,-82.679325,0,8,0,0,1,1,0,1,1,1,0,1,0,"0000000",99,99,99,99,99,99,0,0,0,1,0
12,120594,1,1,0,1,1,3,3,103,2730,3,3,2016,5,3,53,0,2,7,25,6,"18TH AVE","",99998,27.75207222,-82.66166111,0,8,0,0,1,1,0,1,3,1,0,1,0,"0000000",99,99,99,99,99,99,0,0,0,1,0
12,120595,1,1,0,1,1,1,1,97,1590,20,2,2016,7,22,14,0,2,3,25,4,"CR-525","",22,28.32451111,-81.41620556,0,8,0,0,1,1,0,1,2,1,0,1,0,"0000000",99,99,99,99,99,99,0,0,0,1,0
12,120596,3,3,0,0,0,3,3,97,1590,16,3,2016,4,7,34,0,2,5,25,5,"THACKER AVE","",99998,28.286525,-81.42424722,0,59,0,0,1,1,4,4,1,1,0,1,0,"0000000",99,99,99,99,99,99,0,0,0,1,0
12,120597,1,1,0,1,1,1,1,99,330,29,2,2016,2,15,13,0,2,7,25,6,"SUMMIT DR","COCONUT LN",99998,26.489575,-80.11090278,0,8,0,0,2,3,0,1,1,1,0,1,0,"0000000",99,99,99,99,99,99,0,0,0,1,0
12,120598,4,4,0,0,0,6,6,95,2360,4,3,2016,6,16,32,0,2,5,25,6,"TRADEPORT DR","CENTERPORT ST",99998,28.43038056,-81.33463333,0,12,6,0,2,2,0,1,1,1,0,1,0,"0000000",99,99,99,99,99,99,0,0,0,1,0
12,120599,2,2,0,1,1,2,2,95,2360,4,3,2016,6,0,26,1,2,3,1,3,"SR-50","",99998,28.55313611,-81.37920833,0,15,0,0,1,1,0,1,3,1,0,1,0,"0000000",99,99,99,99,99,99,0,0,0,1,0
12,120600,1,1,0,1,1,1,1,11,2916,9,3,2016,4,13,56,0,2,7,25,6,"29TH MNR","122ND AVE",99998,26.162575,-80.31103611,0,8,0,0,8,1,0,4,1,1,0,1,0,"0000000",99,99,99,99,99,99,0,0,0,1,0
12,120602,1,1,0,1,1,3,3,127,780,6,3,2016,1,19,11,1,2,3,1,3,"SR-5A","",99998,29.22229167,-81.04871111,0,8,0,0,1,1,0,1,1,1,0,1,0,"0000000",99,99,99,99,88,88,0,0,0,1,0
12,120603,1,1,0,1,1,2,2,86,0,12,3,2016,7,20,39,0,2,4,1,3,"SR-916","",99998,25.89899167,-80.19576667,0,8,0,0,1,1,0,1,3,1,0,1,0,"0000000",99,99,99,99,99,99,0,0,0,1,0
12,120604,1,1,0,1,1,1,1,85,0,25,3,2016,6,14,0,0,1,7,25,6,"KANNER HWY","SR-76",99998,27.00964722,-80.46034722,0,9,0,0,8,1,0,1,1,10,0,10,0,"0000000",99,99,99,99,99,99,0,0,0,1,0
12,120605,1,1,0,1,1,1,1,57,0,26,3,2016,7,0,49,1,2,3,1,3,"SR-597","",99998,28.07717222,-82.50675278,0,8,0,0,1,1,0,1,3,10,0,10,0,"0000000",99,99,99,99,88,88,0,0,0,1,0
12,120606,1,1,0,1,1,1,1,86,2230,27,3,2016,1,20,17,0,2,5,25,5,"10TH AVE","",99998,25.93841944,-80.18055278,0,8,0,0,1,1,0,1,3,1,0,1,0,"0000000",99,99,99,99,99,99,0,0,0,1,0
12,120607,1,1,0,1,1,1,1,109,2690,31,3,2016,5,7,58,1,2,3,1,3,"SR-A1A","MENENDEZ DRIVE",99998,29.89006111,-81.29438611,0,15,0,1,3,3,0,1,1,1,0,1,0,"0000000",99,99,99,99,99,99,0,0,0,1,0
12,120608,1,1,0,1,1,5,5,11,1050,14,3,2016,2,20,49,1,2,3,1,3,"SR-A1A","MIAMI RD",99998,26.08918056,-80.13631944,0,8,0,0,2,3,0,1,3,1,0,1,0,"0000000",99,99,99,99,88,88,0,0,0,1,0
12,120609,1,1,0,1,1,0,0,103,1481,9,3,2016,4,16,0,0,2,5,25,5,"197TH AVE","",99998,27.85717778,-82.84553889,0,8,0,0,1,1,0,5,1,1,0,1,0,"0000000",99,99,99,99,88,88,0,0,0,1,0
12,120610,1,1,0,1,1,3,3,57,2950,18,3,2016,6,22,48,1,2,3,1,3,"SR-574","17TH ST",99998,27.98154167,-82.44008889,0,8,0,0,2,2,0,1,2,1,0,1,0,"0000000",99,99,99,99,88,88,0,0,0,1,0
12,120611,1,1,0,1,1,1,1,105,1690,22,3,2016,3,21,27,1,2,3,1,2,"US-98","",99998,28.07755,-81.9624,0,8,0,0,1,1,0,1,3,1,0,1,0,"0000000",99,99,99,99,99,99,0,0,0,1,0
12,120612,1,1,0,1,1,1,1,117,480,26,3,2016,7,23,25,1,2,3,1,3,"SR-436","",99998,28.62591111,-81.31621944,0,8,0,0,1,1,0,1,3,2,0,2,0,"0000000",99,99,99,99,99,99,0,0,0,1,0
12,120614,1,1,0,1,1,1,1,115,2780,27,1,2016,4,0,56,1,2,2,1,2,"US-301","",99998,27.35726389,-82.53039722,0,8,0,0,1,1,0,1,3,2,0,2,0,"0000000",99,99,99,99,99,99,0,0,0,1,0
12,120615,1,1,0,1,1,1,1,86,2010,2,4,2016,7,5,40,1,2,3,1,3,"SR-934","NW 7TH AVE",99998,25.84706944,-80.20915278,0,15,0,0,3,2,0,1,4,1,0,1,0,"0000000",99,99,99,99,99,99,0,0,0,1,0
12,120616,1,1,0,1,1,1,1,115,2780,31,1,2016,1,18,49,1,2,3,1,2,"US-301","",99998,27.34258056,-82.53100278,0,9,0,0,1,1,0,2,3,1,0,1,0,"0000000",99,99,99,99,99,99,0,0,0,1,0
12,120617,1,1,0,1,1,1,1,95,2360,31,3,2016,5,21,35,1,2,3,1,3,"SR-438","",99998,28.57808611,-81.44101389,0,8,0,0,1,1,0,1,2,1,0,1,0,"0000000",99,99,99,99,88,88,0,0,0,1,0
12,120618,1,1,0,1,1,1,1,31,1510,7,4,2016,5,6,25,0,1,7,25,6,"MATTHEW UNGER DR","",99998,30.3345,-81.4853,0,8,0,0,1,1,0,1,2,10,0,10,0,"0000000",99,99,99,99,99,99,0,0,0,1,0
12,120619,1,1,0,1,1,2,2,73,2940,3,4,2016,1,21,35,0,1,5,25,5,"THARPE ST","",99998,30.46541389,-84.33355,0,8,0,0,1,1,0,1,3,1,0,1,0,"0000000",99,99,99,99,99,99,0,0,0,1,0
12,120620,2,2,0,0,0,3,3,86,2010,7,4,2016,5,9,51,1,2,3,1,3,"SR-9","14 STREET",99998,25.78686389,-80.23951944,0,12,6,0,2,2,0,1,1,1,0,1,0,"0000000",99,99,99,99,88,88,0,0,0,1,0
12,120621,3,3,0,0,0,3,3,61,0,23,3,2016,4,10,50,0,2,6,25,5,"OSLO RD","66TH AVENUE",99998,27.58763056,-80.46345,0,12,6,0,2,2,0,1,1,10,0,10,0,"0000000",99,99,99,99,99,99,0,0,0,1,0
12,120622,2,2,0,0,0,2,2,115,2235,4,4,2016,2,16,19,0,1,5,25,5,"PANACEA BLVD","",99998,27.08451667,-82.11983611,0,12,99,0,1,1,0,2,1,1,0,1,0,"0000000",99,99,99,99,99,99,0,0,0,1,0
12,120623,2,2,0,0,0,3,3,11,1826,1,4,2016,6,20,20,1,2,3,1,2,"US-1","25 ST",99998,26.26259444,-80.09916389,0,12,6,1,2,3,0,1,2,1,0,1,0,"0000000",99,99,99,99,99,99,0,0,0,1,0
12,120624,2,2,0,0,0,2,2,71,1070,31,3,2016,5,13,15,1,2,3,1,3,"SR-82","FLINT DR",99998,26.64131389,-81.83272222,0,12,6,0,2,3,0,1,1,1,0,1,0,"0000000",99,99,99,99,99,99,0,0,0,1,0
12,120625,1,1,0,0,0,1,1,99,290,25,3,2016,6,5,34,1,2,1,1,1,"I-95 RAMP","",99998,26.39453056,-80.09333889,0,18,0,1,5,1,4,4,3,10,0,10,0,"0000000",99,99,99,99,88,88,0,0,0,1,1
12,120626,1,1,0,0,0,1,1,81,0,28,3,2016,2,4,35,1,1,1,1,1,"I-75","I-275",99998,27.44694444,-82.49777778,0,21,0,1,3,4,0,4,3,1,0,1,0,"0000000",99,99,99,99,88,88,0,0,0,1,0
12,120627,1,1,0,0,0,1,1,86,0,21,3,2016,2,0,10,1,2,3,1,3,"SR-874","SR-990",99998,25.643825,-80.33575,0,25,0,1,3,3,0,3,3,2,0,2,0,"0000000",99,99,99,99,88,88,0,0,0,1,1
12,120628,1,1,0,0,0,1,1,97,0,3,4,2016,1,12,58,0,2,6,25,5,"DEER PARK ROAD","",99998,28.10116944,-80.89791111,0,34,0,0,1,1,0,4,1,1,0,1,0,"0000000",99,99,99,99,88,88,0,0,0,1,1
12,120629,2,2,0,0,0,3,3,75,0,28,3,2016,2,7,0,1,1,3,1,2,"US-19","",99998,29.41696944,-82.82321944,0,12,1,0,1,1,0,1,4,10,0,10,0,"0000000",99,99,99,99,99,99,0,0,0,2,0
12,120630,1,1,0,0,0,1,1,71,0,27,3,2016,1,14,30,1,1,1,1,1,"I-75","",99998,26.40299722,-81.77255556,0,1,0,0,1,1,0,4,1,1,0,1,0,"0000000",99,99,99,99,88,88,0,0,0,1,1
12,120631,1,1,0,0,0,1,1,127,0,30,3,2016,4,13,40,0,2,6,25,5,"S GLENCOE ROAD","GLENHAVEN STREET",99998,28.99598889,-80.96686111,0,30,0,0,1,1,0,4,1,1,0,1,0,"0000000",99,99,99,99,88,88,0,0,0,1,1
12,120632,2,2,0,0,0,3,3,3,0,1,4,2016,6,21,30,0,1,4,25,4,"CR-125","ODIS YARBOROUGH RD",99998,30.33903889,-82.19643611,0,12,2,0,3,3,0,1,2,10,0,10,0,"0000000",99,99,99,99,99,99,0,0,0,1,0
12,120633,2,2,0,0,0,2,2,71,0,15,3,2016,3,23,15,0,2,6,25,5,"SUMMERLIN RD","JOHN MORRIS RD",99998,26.49379167,-81.96788889,0,12,6,0,2,2,0,1,3,1,0,1,0,"0000000",99,99,99,99,99,99,0,0,0,1,1
12,120634,2,2,0,0,0,2,2,127,0,3,4,2016,1,1,20,1,2,3,1,2,"US-92","",99998,29.06243333,-81.26503056,0,12,1,0,1,1,0,1,2,1,0,1,0,"0000000",99,99,99,99,99,99,0,0,0,1,1
12,120635,2,2,0,0,0,2,2,1,0,7,4,2016,5,7,29,1,1,3,1,3,"SR-24","90TH STREET",99998,29.75215278,-82.21909722,0,12,6,0,1,1,0,1,1,10,0,10,0,"0000000",99,99,99,99,88,88,0,0,0,1,0
12,120636,3,3,0,0,0,6,6,127,0,5,4,2016,3,12,21,1,2,3,1,3,"SR-44","CR-4053",24,29.02671667,-81.34663333,0,12,6,1,2,2,0,1,1,1,0,1,0,"0000000",99,99,99,99,88,88,0,0,0,4,0
12,120637,2,2,0,0,0,2,2,131,0,8,4,2016,6,14,29,1,1,3,1,3,"SR-20","",99998,30.51043333,-86.19841667,0,12,2,0,1,1,0,1,1,1,0,1,0,"0000000",99,99,99,99,99,99,0,0,0,1,1
12,120638,1,1,0,1,1,1,1,115,0,31,3,2016,5,21,33,1,1,1,1,1,"I-75","",99998,27.09867778,-82.13360556,0,8,0,0,1,1,4,1,2,1,0,1,0,"0000000",99,99,99,99,88,88,0,0,0,1,0
12,120639,2,2,0,0,0,2,2,81,0,9,4,2016,7,10,55,1,2,3,1,2,"US-41","ORLANDO AVE",99998,27.45836111,-82.57535,0,12,6,1,2,2,0,1,1,1,0,1,0,"0000000",99,99,99,99,99,99,0,0,0,1,0
12,120640,2,2,0,0,0,3,3,81,0,3,4,2016,1,2,12,1,2,3,1,2,"US-41","",99998,27.39776389,-82.56351111,0,1,0,0,1,1,0,1,3,1,0,1,0,"0000000",99,99,99,99,88,88,0,0,0,1,1
12,120641,2,2,0,1,1,2,2,95,0,29,3,2016,3,20,31,1,2,3,1,2,"US-441","",99998,28.613675,-81.43365556,0,8,0,0,1,1,0,1,2,2,0,2,0,"0000000",99,99,99,99,99,99,0,0,0,1,0
12,120642,1,1,0,1,1,1,1,97,0,6,4,2016,4,6,23,1,1,2,1,2,"US-17","PLEASANT HILL RD",99998,28.26056944,-81.43625278,0,8,0,1,3,2,0,1,2,1,0,1,0,"0000000",99,99,99,99,99,99,0,0,0,1,0
12,120643,2,2,0,0,0,2,2,33,0,10,4,2016,1,15,15,0,1,7,25,4,"CR-182","ANGUS LANE",99998,30.7175,-87.37,0,12,6,0,8,1,0,1,1,1,0,1,0,"0000000",99,99,99,99,88,88,0,0,0,1,0
12,120644,2,2,0,0,0,2,2,97,0,5,4,2016,3,9,45,1,2,3,1,2,"US-192","INTERNATIONAL DR",99998,28.33291111,-81.52101111,0,12,7,1,2,3,0,1,1,1,0,1,0,"0000000",99,99,99,99,99,99,0,0,0,1,0
12,120645,2,2,0,0,0,2,2,57,0,4,4,2016,2,20,35,1,2,3,1,2,"US-41","TOWAWAY AVE",99998,27.91638889,-82.40218611,0,12,6,1,3,2,0,1,2,1,0,1,0,"0000000",99,99,99,99,88,88,0,0,0,1,1
12,120646,1,1,0,0,0,1,1,91,0,4,4,2016,2,21,0,0,2,6,25,5,"LAKE SILVER RD","CRICKET LN",99998,30.82401111,-86.57511111,0,1,0,0,3,2,0,4,2,1,0,1,0,"0000000",99,99,99,99,99,99,0,0,0,1,1
12,120647,1,1,0,1,1,1,1,31,1510,13,4,2016,4,21,29,1,2,3,1,2,"US-1","",99998,30.35938056,-81.65367222,0,8,0,0,1,1,0,1,3,10,0,10,0,"0000000",99,99,99,99,99,99,0,0,0,1,0
12,120648,2,2,0,0,0,3,3,81,2440,10,4,2016,1,20,24,1,2,3,1,2,"US-301 N","",99998,27.48761389,-82.56298333,0,12,1,0,1,1,4,1,3,1,0,1,0,"0000000",99,99,99,99,88,88,0,0,0,1,0
12,120649,3,3,0,0,0,4,4,11,2916,9,4,2016,7,1,25,0,2,6,25,5,"HIATUS RD","44TH ST",99998,26.17906667,-80.29085278,0,12,6,0,2,2,0,1,3,1,0,1,0,"0000000",99,99,99,99,99,99,0,0,0,1,0
12,120650,1,1,0,1,1,1,1,63,1930,24,3,2016,5,16,48,1,2,3,1,2,"US-90","",99998,30.7821,-85.24648056,0,9,0,0,1,1,0,1,1,10,0,10,0,"0000000",99,99,99,99,99,99,0,0,0,1,0
12,120651,3,3,0,0,0,5,5,95,2360,5,4,2016,3,22,35,1,2,3,25,6,"JOHN YOUNG PKWY","",99998,28.37251111,-81.4259,0,12,1,0,1,1,0,1,6,1,0,1,0,"0000000",99,99,99,99,99,99,0,0,0,1,1
12,120652,1,1,0,1,1,2,2,95,0,27,3,2016,1,8,21,1,2,3,1,2,"US-17","",99998,28.49738056,-81.39698611,0,8,0,0,1,1,0,1,1,1,0,1,0,"0000000",99,99,99,99,99,99,0,0,0,1,0
12,120654,2,2,0,0,0,2,2,57,2950,1,4,2016,6,21,55,1,2,3,1,3,"SR-580","HESPERIDES ST",86,27.99617778,-82.51974722,0,12,6,0,7,1,0,1,3,10,0,10,0,"0000000",99,99,99,99,88,88,0,0,0,1,1
12,120655,2,2,0,0,0,2,2,105,0,18,3,2016,6,20,19,1,1,2,1,2,"US-92","",99998,28.04825278,-81.9222,0,12,1,0,7,1,0,1,2,1,0,1,0,"0000000",99,99,99,99,88,88,0,0,0,1,1
12,120656,1,1,0,1,1,1,1,103,570,4,4,2016,2,20,36,1,2,3,1,3,"SR-60","",99998,27.96069444,-82.70984167,0,8,0,0,1,1,0,1,2,1,0,1,0,"0000000",99,99,99,99,99,99,0,0,0,1,0
12,120658,3,2,1,0,0,3,3,11,1420,21,3,2016,2,19,0,0,2,4,1,3,"SR-822","25TH AV",31,26.03345833,-80.15745556,0,12,6,0,2,2,0,1,1,1,0,1,0,"0000000",99,99,99,99,88,88,14,0,0,1,1
12,120659,1,1,0,0,0,3,3,89,0,4,4,2016,2,19,32,0,2,6,25,5,"CRANDALL RD","",99998,30.68366389,-81.63451944,0,1,0,0,1,1,0,4,1,1,0,1,0,"0000000",99,99,99,99,88,88,0,0,0,1,1
12,120660,1,1,0,0,0,1,1,107,0,24,3,2016,5,1,40,1,1,2,1,2,"US-17","",99998,29.56231944,-81.65819722,0,32,0,0,1,1,0,4,2,1,0,1,0,"0000000",99,99,99,99,99,99,0,0,0,1,0
12,120661,2,2,0,0,0,3,3,83,0,26,3,2016,7,21,10,0,1,4,25,4,"CR-484","",99998,29.05206944,-82.26151944,0,12,2,0,1,1,0,1,2,10,0,10,0,"0000000",99,99,99,99,99,99,0,0,0,1,0
12,120662,2,2,0,0,0,2,2,39,2060,27,3,2016,1,15,24,1,1,1,1,1,"I-10","",99998,30.48911667,-84.42398889,0,12,1,0,1,1,0,1,1,2,0,2,0,"0000000",99,99,99,99,88,88,27,0,0,1,0
12,120663,1,1,0,1,1,1,1,15,0,7,3,2016,2,21,30,1,1,1,1,1,"I-75","",99998,26.81166667,-81.9325,0,8,0,0,1,1,0,1,2,1,0,1,0,"0000000",99,99,99,99,88,88,0,0,0,1,0
12,120665,1,1,0,4,4,1,1,53,0,1,4,2016,6,16,48,0,2,6,25,5,"NEFF LAKE RD","",99998,28.48183611,-82.31953611,0,8,0,0,1,1,0,2,1,1,0,1,0,"0000000",99,99,99,99,99,99,0,0,0,1,0
12,120666,2,2,0,0,0,2,2,27,0,4,4,2016,2,5,55,1,1,3,1,3,"SR-31","CR-760A",99998,27.15083056,-81.80757222,0,12,2,0,2,3,0,1,3,1,0,1,0,"0000000",99,99,99,99,99,99,0,0,0,1,0
12,120667,2,2,0,0,0,3,3,121,0,7,4,2016,5,7,0,1,2,3,1,2,"US-129","I-10 RAMP",99998,30.33129444,-82.96196389,0,12,2,1,2,3,0,1,4,1,0,1,0,"0000000",99,99,99,99,99,99,0,0,0,1,0
12,120668,1,1,0,0,0,2,2,117,0,31,3,2016,5,19,34,1,2,1,1,1,"I-4","",99998,28.70796111,-81.38026389,0,1,0,0,1,1,0,4,5,10,0,10,0,"0000000",99,99,99,99,99,99,0,0,0,1,0
12,120669,1,1,0,0,0,7,7,117,0,26,3,2016,7,15,27,1,2,1,1,1,"I-4","",99998,28.71984444,-81.37608333,0,24,0,0,1,1,0,3,1,1,0,1,0,"0000000",99,99,99,99,99,99,0,0,0,2,0