"STATE","ST_CASE","VE_TOTAL","VE_FORMS","PVH_INVL","PEDS","PERNOTMVIT","PERMVIT","PERSONS","COUNTY","CITY","DAY","MONTH","YEAR","DAY_WEEK","HOUR","MINUTE","NHS","RUR_URB","FUNC_SYS","RD_OWNER","ROUTE","TWAY_ID","TWAY_ID2","MILEPT","LATITUDE","LONGITUD","SP_JUR","HARM_EV","MAN_COLL","RELJCT1","RELJCT2","TYP_INT","WRK_ZONE","REL_ROAD","LGT_COND","WEATHER1","WEATHER2","WEATHER","SCH_BUS","RAIL","NOT_HOUR","NOT_MIN","ARR_HOUR","ARR_MIN","HOSP_HR","HOSP_MN","CF1","CF2","CF3","FATALS","DRUNK_DR"
12,121004,4,4,0,0,0,7,7,57,0,8,5,2016,1,18,25,1,2,1,1,1,"I-275","",99998,27.95573611,-82.46738611,0,12,1,0,1,1,0,1,1,1,0,1,0,"0000000",99,99,99,99,88,88,0,0,0,1,0
12,121005,1,1,0,0,0,1,1,95,0,13,5,2016,6,20,43,0,2,4,1,3,"SR-424","",99998,28.59481944,-81.39613889,0,33,0,0,1,1,0,4,2,1,0,1,0,"0000000",99,99,99,99,99,99,0,0,0,1,1
12,121006,1,1,0,1,1,1,1,101,0,11,5,2016,4,8,38,0,1,5,25,5,"COUNTY LINE RD","",99998,28.17129722,-82.39255,0,8,0,0,1,1,0,1,1,1,0,1,0,"0000000",8,41,8,45,99,99,0,0,0,1,0
12,121007,2,2,0,0,0,2,2,57,0,9,5,2016,2,0,12,1,2,3,1,2,"US-41","",99998,27.89829444,-82.40176944,0,12,2,0,1,1,0,1,2,1,0,1,0,"0000000",99,99,99,99,99,99,0,0,0,1,2
12,121008,2,2,0,0,0,2,2,53,0,12,5,2016,5,5,18,1,1,3,1,3,"SR-50","CR-50",99998,28.54096667,-82.46201944,0,12,6,1,2,2,0,1,2,1,0,1,0,"0000000",99,99,99,99,99,99,0,0,0,1,0
12,121009,1,1,0,0,0,1,1,17,0,19,4,2016,3,8,43,1,2,3,1,2,"US-19","",99998,28.69555556,-82.5525,0,30,0,0,1,1,0,4,1,1,0,1,0,"0000000",99,99,99,99,88,88,0,0,0,1,0
12,121010,1,1,0,0,0,1,1,111,0,14,5,2016,7,4,15,1,1,1,1,1,"I-95","",99998,27.37101111,-80.41040556,0,42,0,0,1,1,0,3,3,1,0,1,0,"0000000",99,99,99,99,88,88,0,0,0,1,0
12,121011,2,2,0,0,0,2,2,117,0,13,5,2016,6,13,45,0,1,4,98,5,"WEKIVA SPRINGS RD","",15,28.68963056,-81.40698889,0,12,1,0,1,1,0,1,1,1,0,1,1,"0000000",99,99,99,99,99,99,0,0,0,1,0
12,121012,1,1,0,1,1,2,2,86,0,15,5,2016,1,17,39,0,2,7,25,6,"203 ST","24TH AVE",99998,25.96356111,-80.16471944,0,8,0,0,2,2,0,1,1,1,0,1,0,"0000000",99,99,99,99,99,99,0,0,0,1,0
12,121013,1,1,0,0,0,2,2,81,0,15,5,2016,1,6,34,0,1,4,25,4,"CR-675","",99998,27.56707222,-82.37947222,0,1,0,0,1,1,0,4,2,10,0,10,0,"0000000",99,99,99,99,99,99,0,0,0,1,0
12,121014,1,1,0,1,1,1,1,103,0,10,5,2016,3,20,57,1,1,3,1,3,"SR-686","",99998,27.91613889,-82.71655,0,8,0,0,1,1,0,1,3,1,0,1,0,"0000000",99,99,99,99,88,88,0,0,0,1,0
12,121015,2,2,0,0,0,2,2,23,1660,10,5,2016,3,23,58,1,1,1,1,1,"I-75","",99998,30.25811944,-82.74938889,0,12,6,0,1,1,0,1,2,1,0,1,0,"0000000",99,99,99,99,99,99,0,0,0,1,0
12,121016,1,1,0,2,2,1,1,33,0,15,5,2016,1,1,10,0,2,5,25,4,"CR-184","",99998,30.6175,-87.32451111,0,8,0,0,1,1,0,1,2,1,0,1,0,"0000000",99,99,99,99,99,99,0,0,0,1,1
12,121017,1,1,0,0,0,1,1,53,0,17,5,2016,3,5,10,1,1,3,1,3,"SR-700","",99998,28.52332222,-82.25379167,0,1,0,0,1,1,0,3,2,1,0,1,0,"0000000",99,99,99,99,99,99,0,0,0,1,0
12,121018,2,2,0,0,0,3,3,81,0,12,5,2016,5,13,57,1,1,3,1,3,"SR-64","RYE RD",99998,27.48169722,-82.40563333,0,12,6,0,2,3,0,1,1,1,0,1,0,"0000000",99,99,99,99,99,99,0,0,0,1,0
12,121019,2,2,0,0,0,3,3,11,2468,26,5,2016,5,6,25,0,2,6,25,5,"PEMBROKE RD","",99998,25.99362778,-80.27929167,0,12,1,0,1,1,0,1,1,1,0,1,1,"0000000",99,99,99,99,99,99,0,0,0,1,0
12,121020,1,1,0,0,0,1,1,91,0,20,5,2016,6,3,17,1,1,3,1,3,"SR-85","CR-2",99998,30.92428056,-86.4827,0,59,0,0,3,3,0,4,2,10,0,10,0,"0000000",99,99,99,99,88,88,0,0,0,1,0
12,121021,1,1,0,0,0,1,1,23,0,16,5,2016,2,2,30,0,1,4,25,4,"CR-240","",99998,30.07050278,-82.68236944,0,1,0,0,1,1,0,4,2,10,0,10,0,"0000000",99,99,99,99,99,99,0,0,0,1,0
12,121022,1,1,0,1,1,1,1,57,0,21,5,2016,7,21,0,1,2,3,1,3,"SR-582","",99998,28.05416944,-82.33541111,0,8,0,0,1,1,0,1,2,1,0,1,0,"0000000",99,99,99,99,88,88,0,0,0,1,0
12,121023,1,1,0,1,1,2,2,33,0,14,5,2016,7,15,20,1,2,3,1,3,"SR-292","",99998,30.28166667,-87.5175,0,8,0,0,8,1,0,1,1,1,0,1,0,"0000000",99,99,99,99,99,99,0,0,0,1,0
12,121024,2,2,0,0,0,3,3,23,0,23,5,2016,2,22,15,0,1,4,25,4,"CR-349","",99998,30.034,-82.58339167,0,12,7,0,1,1,0,1,2,1,0,1,0,"0000000",99,99,99,99,99,99,0,0,0,1,0
12,121025,1,1,0,1,1,1,1,15,0,16,2,2016,3,17,10,1,1,3,1,2,"US-41","",32,26.81027778,-81.95722222,0,9,0,0,1,1,0,4,1,1,0,1,0,"0000000",99,99,99,99,99,99,0,0,0,1,0
12,121026,1,1,0,0,0,2,2,131,0,20,5,2016,6,20,15,0,2,6,25,5,"LAIRD RD","POND CREEK RD",99998,30.79236944,-86.38743056,0,1,0,0,1,1,0,4,2,1,0,1,0,"0000000",99,99,99,99,99,99,0,0,0,1,1
12,121027,1,1,0,1,1,2,2,17,0,14,5,2016,7,5,21,0,2,5,98,9,"W GROVER CLEVELAND BLVD","",6,28.80376944,-82.56601944,0,8,0,0,1,1,0,1,2,1,0,1,0,"0000000",99,99,99,99,88,88,0,0,0,1,0
12,121028,1,1,0,0,0,1,1,17,0,16,5,2016,2,8,55,0,1,4,25,4,"CR-480","",99998,28.72823889,-82.30843056,0,1,0,0,1,1,0,4,1,1,0,1,0,"0000000",99,99,99,99,99,99,0,0,0,1,0
12,121029,2,2,0,0,0,2,2,31,1510,12,5,2016,5,3,31,1,2,1,1,1,"I-295","",99998,30.17003611,-81.60735833,0,12,1,0,1,1,0,1,3,10,0,10,0,"0000000",99,99,99,99,99,99,0,0,0,1,0
12,121030,1,1,0,1,1,1,1,131,0,21,5,2016,7,4,45,1,1,3,1,2,"US-90","",99998,30.74473056,-86.30878056,0,8,0,0,1,1,0,2,2,10,0,10,0,"0000000",99,99,99,99,88,88,0,0,0,1,0
12,121031,2,2,0,0,0,3,3,33,0,19,5,2016,5,13,40,1,2,3,1,3,"SR-292","ATHENS AVE",99998,30.37878056,-87.31471111,0,12,2,0,2,3,0,1,1,1,0,1,0,"0000000",99,99,99,99,99,99,0,0,0,1,0
12,121032,1,1,0,0,0,3,3,95,0,24,5,2016,3,13,40,1,1,2,31,3,"SR-528","",99998,28.45279722,-80.95105278,0,42,0,0,1,1,0,4,1,10,0,10,0,"0000000",99,99,99,99,99,99,0,0,0,1,0
12,121033,4,4,0,0,0,10,10,105,1270,9,5,2016,2,15,58,1,2,3,1,3,"SR-25","",99998,28.14622222,-81.63845556,0,12,1,0,1,1,0,1,1,1,0,1,0,"0000000",99,99,99,99,99,99,0,0,0,2,0
12,121034,2,2,0,0,0,2,2,103,1770,12,5,2016,5,18,52,1,2,3,1,2,"US-19","8TH AVE",99998,27.909325,-82.78777778,0,12,2,1,2,2,0,1,1,1,0,1,0,"0000000",99,99,99,99,99,99,0,0,0,1,0
12,121035,1,1,0,1,1,1,1,9,2424,26,5,2016,5,7,59,0,2,4,25,4,"CR-516","BOTTLEBRUSH DR",99998,28.035,-80.609125,0,15,0,1,2,3,0,1,1,1,0,1,0,"0000000",99,99,99,99,88,88,0,0,0,1,0
12,121036,1,1,0,0,0,3,3,15,0,6,5,2016,6,1,30,0,1,5,25,5,"ST PAUL DR","",99998,26.89053889,-82.19051944,0,32,0,0,1,1,0,4,3,1,0,1,0,"0000000",99,99,99,99,99,99,0,0,0,1,1
12,121037,1,1,0,0,0,1,1,51,0,20,5,2016,6,21,50,0,1,4,25,4,"CR-833","",99998,26.74650278,-81.12911944,0,3,0,0,1,1,0,5,2,1,0,1,0,"0000000",99,99,99,99,88,88,0,0,0,1,0
12,121038,2,2,0,0,0,2,2,73,0,17,5,2016,3,22,17,1,1,3,1,2,"US-90","",99998,30.50310278,-84.0961,0,12,2,0,1,1,0,1,2,10,0,10,0,"0000000",99,99,99,99,99,99,0,0,0,1,2
12,121039,2,2,0,0,0,4,4,15,0,19,5,2016,5,20,48,0,1,4,25,4,"CR-776","NORMAN ST",99998,27.03195,-82.06208889,0,12,1,0,3,3,0,1,3,1,0,1,0,"0000000",99,99,99,99,99,99,0,0,0,1,1
12,121040,1,1,0,0,0,1,1,71,0,13,5,2016,6,4,40,0,2,4,98,9,"COLLEGE PARKWAY","SOUTH POINTE BLVD",25,26.55647778,-81.90373611,0,33,0,0,3,2,0,4,3,1,0,1,0,"0000000",99,99,99,99,88,88,0,0,0,1,1
12,121041,1,1,0,1,1,2,2,71,0,19,5,2016,5,13,40,1,1,3,1,3,"SR-739","",99998,26.67085278,-81.882475,0,9,0,0,1,1,0,1,1,1,0,1,0,"0000000",99,99,99,99,88,88,0,0,0,1,0
12,121042,1,1,0,0,0,1,1,5,0,26,5,2016,5,23,30,1,1,3,1,3,"SR-388","",99998,30.32676944,-85.70803611,0,42,0,0,1,1,0,5,2,1,0,1,0,"0000000",99,99,99,99,88,88,0,0,0,1,0
12,121043,3,3,0,0,0,3,3,11,1420,5,5,2016,5,16,50,1,2,1,1,1,"I-95","",99998,26.04091667,-80.1635,0,1,0,1,18,1,0,1,1,1,0,1,0,"0000000",99,99,99,99,88,88,0,0,0,1,0
12,121044,2,2,0,0,0,3,3,97,0,24,5,2016,3,9,1,0,1,5,25,5,"NEPTUNE RD","",99998,28.25393333,-81.32712222,0,12,2,0,1,1,0,1,1,1,0,1,0,"0000000",99,99,99,99,99,99,0,0,0,1,0
12,121045,1,1,0,1,1,1,1,71,0,17,5,2016,3,22,10,0,2,7,25,6,"COLUMBUS BLVD","",13,26.53923056,-81.57223889,0,8,0,0,1,1,0,1,2,2,0,2,0,"0000000",99,99,99,99,88,88,0,0,0,1,0
12,121046,1,1,0,0,0,3,3,75,0,15,5,2016,1,12,50,0,1,7,25,6,"82ND PL","",99998,29.45343611,-82.61168333,0,42,0,0,1,1,0,4,1,1,0,1,0,"0000000",99,99,99,99,99,99,0,0,0,1,1
12,121047,1,1,0,0,0,2,2,9,2424,24,4,2016,1,14,34,0,2,4,25,4,"CR-516","",99998,28.03527778,-80.64583333,0,5,0,0,1,1,0,1,1,1,0,1,0,"0000000",99,99,99,99,99,99,0,0,0,1,0
12,121049,1,1,0,0,0,2,2,51,600,17,5,2016,3,6,23,0,2,5,25,5,"SAN DIEGO ST","",99998,26.75341944,-80.91991667,0,3,0,0,1,1,0,5,2,1,0,1,0,"0000000",99,99,99,99,88,88,0,0,0,2,0
12,121050,1,1,0,0,0,1,1,57,0,23,5,2016,2,23,9,0,1,5,25,5,"SUNLAKE BLVD","",99998,28.16540833,-82.50071389,0,11,0,0,1,1,0,1,3,1,0,1,0,"0000000",99,99,99,99,99,99,0,0,0,1,0
12,121051,1,1,0,0,0,1,1,55,2800,29,4,2016,6,0,31,0,1,4,25,4,"CR-634A","",99998,27.51509444,-81.47700556,0,33,0,0,1,1,0,4,3,10,0,10,0,"0000000",99,99,99,99,99,99,0,0,0,1,1
12,121052,1,1,0,1,1,1,1,86,0,24,4,2016,1,22,4,1,2,3,1,3,"SR-997","SW 208TH ST",93,25.57218889,-80.47824722,0,9,0,0,3,3,0,1,2,1,0,1,0,"0000000",99,99,99,99,88,88,0,0,0,1,0
12,121053,1,1,0,1,1,3,3,71,0,6,5,2016,6,7,41,0,1,7,25,6,"THREE OAKS PKWY","SAN CARLOS BLVD",99998,26.46988056,-81.79371944,0,9,0,0,3,2,0,1,1,1,0,1,0,"0000000",99,99,99,99,88,88,0,0,0,1,0
12,121054,1,1,0,1,1,1,1,21,0,16,5,2016,2,16,2,0,1,7,25,6,"ASTON GARDEN WAY","ASTON DRIVE",99998,26.2691,-81.75659722,0,8,0,0,8,1,0,1,1,1,0,1,0,"0000000",99,99,99,99,99,99,0,0,0,1,0
12,121055,1,1,0,1,1,1,1,83,0,12,5,2016,5,8,49,0,1,7,25,6,"MARION OAKS TRAIL","",99998,29.034325,-82.22096389,0,8,0,0,1,1,0,4,1,10,0,10,0,"0000000",99,99,99,99,99,99,0,0,0,1,0
12,121056,2,2,0,2,2,2,2,127,780,23,5,2016,2,18,29,0,2,4,25,4,"CR-4009","RELIABILITY WAY",99998,29.24606944,-81.10509167,0,12,1,0,2,3,0,1,1,1,0,1,0,"0000000",99,99,99,99,99,99,0,0,0,1,0
12,121057,2,2,0,0,0,2,2,11,2948,29,5,2016,1,6,36,0,2,7,25,6,"COMMERCIAL BLVD","",99998,26.19374722,-80.22538333,0,12,6,0,1,1,0,1,1,1,0,1,0,"0000000",99,99,99,99,88,88,0,0,0,1,0
12,121059,1,1,0,0,0,1,1,117,0,22,5,2016,1,12,14,1,2,1,1,1,"I-4","",99998,28.70905,-81.37991111,0,1,0,0,1,1,0,1,1,1,0,1,0,"0000000",99,99,99,99,99,99,0,0,0,1,0
12,121060,2,2,0,0,0,5,5,109,0,16,5,2016,2,9,55,1,1,3,1,3,"SR-13","",99998,30.08073889,-81.64135,0,12,6,0,1,1,0,1,1,10,0,10,0,"0000000",99,99,99,99,88,88,0,0,0,1,0
12,121061,1,1,0,1,1,2,2,131,0,21,5,2016,7,1,50,1,2,3,1,2,"US-98","",0,30.38553333,-86.39687222,0,8,0,0,1,1,0,1,2,1,0,1,0,"0000000",99,99,99,99,88,88,0,0,0,1,0
12,121062,2,2,0,0,0,2,2,57,0,19,5,2016,5,19,35,0,2,3,1,3,"SR-676","DARLINGTON DR",99998,27.92264167,-82.36527222,0,12,6,0,2,3,0,1,5,1,0,1,0,"0000000",99,99,99,99,99,99,0,0,0,1,0
12,121063,2,2,0,0,0,2,2,57,0,19,5,2016,5,18,20,1,2,1,1,1,"I-75 RAMP","",99998,27.93238889,-82.3305,0,12,1,1,20,1,0,1,1,10,0,10,0,"0000000",99,99,99,99,99,99,0,0,0,1,0
12,121064,2,2,0,0,0,7,7,95,0,24,5,2016,3,11,38,1,1,3,1,3,"SR-91","",99998,28.35278889,-81.38496944,0,24,0,0,1,1,0,4,1,1,0,1,0,"0000000",99,99,99,99,99,99,0,0,0,2,0
12,121065,1,1,0,0,0,1,1,99,3190,29,5,2016,1,23,33,1,2,3,1,3,"SR-704","",99998,26.70562778,-80.06526944,0,33,0,0,1,1,0,3,3,1,0,1,0,"0000000",99,99,99,99,99,99,0,0,0,1,0
12,121066,5,5,0,0,0,6,6,115,2780,22,3,2016,3,7,52,1,2,3,1,3,"SR-780","",99998,27.33746111,-82.50321667,0,33,0,0,1,1,0,3,1,1,0,1,0,"0000000",99,99,99,99,99,99,14,0,0,1,0
12,121067,3,3,0,0,0,4,4,31,1510,6,5,2016,6,9,0,1,2,3,1,3,"SR-228","",99998,30.22533611,-81.92775833,0,12,6,0,1,1,0,1,1,1,0,1,0,"0000000",99,99,99,99,99,99,0,0,0,1,0
12,121068,1,1,0,0,0,2,2,67,0,22,5,2016,1,20,25,1,1,3,1,3,"SR-51","",99998,30.08661389,-83.17294444,0,1,0,0,1,1,0,4,5,1,0,1,0,"0000000",99,99,99,99,99,99,0,0,0,1,0
12,121069,1,1,0,1,1,1,1,83,0,18,5,2016,4,1,15,1,2,3,1,2,"US-301","125TH PLACE",99998,29.04033611,-82.04534167,0,8,0,0,3,3,0,1,2,2,0,2,0,"0000000",99,99,99,99,88,88,0,0,0,1,0
12,121070,3,3,0,0,0,3,3,57,0,28,5,2016,7,16,5,1,2,3,1,2,"US-92","PALM DR",99998,27.92383333,-82.50594722,0,12,6,0,2,3,0,1,1,1,0,1,0,"0000000",99,99,99,99,99,99,0,0,0,1,0
12,121071,2,2,0,0,0,3,3,55,0,27,5,2016,6,18,15,1,2,3,1,2,"US-27","JERI KAY LANE",99998,27.49343889,-81.4855,0,12,6,1,2,2,0,1,1,1,0,1,0,"0000000",99,99,99,99,99,99,0,0,0,1,0
12,121072,1,1,0,1,1,3,3,33,0,29,5,2016,1,23,50,1,2,3,1,3,"SR-292","",99998,30.38434444,-87.29791944,0,8,0,0,1,1,0,1,2,1,0,1,0,"0000000",99,99,99,99,99,99,0,0,0,1,0
12,121073,1,1,0,0,0,1,1,61,0,16,5,2016,2,6,33,0,1,4,25,4,"CR-613","",99998,27.57968611,-80.44742222,0,42,0,0,1,1,0,5,4,1,0,1,0,"0000000",99,99,99,99,88,88,0,0,0,1,1
12,121074,2,2,0,0,0,2,2,127,0,12,5,2016,5,12,32,1,1,3,1,3,"SR-11","LAKE DIAZ PARK DRIVE",99998,29.17143611,-81.30154444,0,12,6,1,2,3,0,1,1,1,0,1,0,"0000000",99,99,99,99,99,99,0,0,0,1,0
12,121075,1,1,0,0,0,1,1,127,0,25,5,2016,4,8,1,1,1,3,1,2,"US-1","",99998,28.80235556,-80.87681111,0,32,0,0,1,1,0,4,1,1,0,1,0,"0000000",99,99,99,99,88,88,0,0,0,1,1
12,121076,2,1,1,0,1,1,2,95,0,18,5,2016,4,21,55,1,1,2,1,8,"TURNPIKE MM256","",99998,28.44547778,-81.41791944,0,14,0,0,1,1,0,4,3,1,0,1,0,"0000000",99,99,99,99,88,88,0,0,0,1,1
12,121077,3,3,0,0,0,5,5,11,1420,12,5,2016,5,0,23,1,2,2,1,8,"TURNPIKE","",99998,26.03573333,-80.21363611,0,12,1,0,1,1,0,1,3,1,0,1,0,"0000000",99,99,99,99,99,99,0,0,0,1,0
12,121078,2,2,0,0,0,3,3,19,0,23,5,2016,2,16,50,0,1,4,25,4,"CR-209","",99998,30.03316944,-81.72458056,0,12,2,0,1,1,0,1,1,1,0,1,0,"0000000",99,99,99,99,99,99,0,0,0,1,0
12,121079,1,1,0,1,1,1,1,33,0,28,5,2016,7,22,4,1,2,3,1,2,"US-90","",99998,30.43959722,-87.28145278,0,8,0,0,1,1,0,1,2,1,0,1,0,"0000000",99,99,99,99,88,88,0,0,0,1,0
12,121080,2,2,0,1,1,2,2,11,1050,21,5,2016,7,6,10,1,2,1,1,1,"I-95 RAMP","",99998,26.13318889,-80.20324722,0,8,0,1,20,1,0,1,4,1,0,1,0,"0000000",99,99,99,99,99,99,0,0,0,1,0
12,121081,2,2,0,0,0,2,2,83,2270,21,5,2016,7,0,0,1,2,3,1,2,"US-301/441 / SR-25 PINE AVE","",99998,29.14755,-82.11523056,0,34,0,0,1,1,0,3,3,10,0,10,0,"0000000",99,99,99,99,99,99,0,0,0,1,0
12,121083,2,2,0,0,0,2,2,31,1510,7,5,2016,7,16,30,1,2,3,1,3,"SR-21","LAKE GRAY BLVD",99998,30.19996111,-81.73961944,0,12,6,0,2,2,0,1,1,1,0,1,0,"0000000",99,99,99,99,99,99,0,0,0,1,0
12,121084,3,3,0,0,0,3,3,31,1510,8,5,2016,1,19,2,1,2,1,1,1,"I-95","",99998,30.46581111,-81.64783611,0,1,0,1,19,1,0,4,1,1,0,1,0,"0000000",99,99,99,99,88,88,0,0,0,1,0
12,121085,1,1,0,1,1,1,1,101,0,28,5,2016,7,8,35,0,1,4,25,4,"CR-577","",99998,28.39055556,-82.29111111,0,9,0,0,1,1,0,1,1,1,0,1,0,"0000000",99,99,99,99,88,88,0,0,0,1,0
12,121086,2,2,0,0,0,2,2,83,0,26,5,2016,5,13,41,1,2,3,1,2,"US-452","",99998,28.98118611,-81.78329167,0,12,2,0,1,1,0,1,1,1,0,1,0,"0000000",99,99,99,99,99,99,0,0,0,1,0
12,121087,1,1,0,0,0,5,5,89,0,21,5,2016,7,0,30,0,2,7,25,5,"KOLAR FERRY RD","",99998,30.78481667,-81.90278611,0,1,0,0,1,1,0,4,2,10,0,10,0,"0000000",99,99,99,99,99,99,0,0,0,1,1
12,121088,1,1,0,1,1,1,1,15,0,19,5,2016,5,11,40,1,1,2,1,2,"US-17","",99998,26.93891667,-82.02604167,0,8,0,0,1,1,0,4,1,1,0,1,0,"0000000",99,99,99,99,99,99,0,0,0,1,0
12,121089,2,2,0,0,0,2,2,83,0,28,5,2016,7,15,45,0,1,4,25,4,"CR-42","",99998,28.99198056,-81.80755,0,12,2,0,1,1,0,1,1,1,0,1,0,"0000000",99,99,99,99,99,99,0,0,0,1,0
12,121090,2,2,0,0,0,10,10,89,0,21,5,2016,7,17,45,1,1,1,1,1,"I-95","",99998,30.73440556,-81.65958889,0,12,7,0,1,1,0,1,1,1,0,1,0,"0000000",99,99,99,99,99,99,0,0,0,1,0
12,121091,2,2,0,0,0,3,3,21,0,24,5,2016,3,8,11,1,2,3,1,2,"US-41","CREEKSIDE BLVD",99998,26.26873889,-81.80161944,0,12,6,0,2,2,0,1,1,1,0,1,0,"0000000",99,99,99,99,99,99,0,0,0,1,0
12,121092,3,3,0,0,0,3,3,101,0,26,5,2016,5,8,48,1,1,3,1,3,"SR-54","CR-579",99998,28.21881667,-82.2462,0,12,6,1,2,2,0,1,1,1,0,1,0,"0000000",99,99,99,99,99,99,0,0,0,1,0
12,121093,1,1,0,1,1,1,1,95,2360,28,5,2016,7,0,12,1,2,3,1,3,"SR-15","",99998,28.48060833,-81.30985278,0,8,0,0,1,1,0,1,2,1,0,1,0,"0000000",99,99,99,99,99,99,0,0,0,1,0
12,121094,2,2,0,0,0,4,4,51,0,1,5,2016,1,12,21,1,1,3,1,3,"SR-80","",99998,26.76833056,-81.22284167,0,12,6,0,8,1,0,1,1,1,0,1,0,"0000000",99,99,99,99,99,99,0,0,0,1,0
12,121095,7,7,0,0,0,12,12,71,0,16,5,2016,2,15,49,0,1,4,25,4,"CR-869","WINKLER ROAD",99998,26.51453056,-81.89871111,0,12,1,0,1,1,0,1,1,1,0,1,0,"0000000",99,99,99,99,99,99,0,0,0,1,0
12,121096,3,3,0,0,0,3,3,71,0,26,5,2016,5,5,9,1,1,1,1,1,"I-75","",99998,26.53196944,-81.79500556,0,12,1,0,1,1,0,1,3,1,0,1,0,"0000000",99,99,99,99,99,99,0,0,0,1,0
12,121097,2,2,0,0,0,2,2,103,0,27,5,2016,6,17,30,1,1,3,1,2,"US-19","ESTANCIA BLVD",99998,28.02926944,-82.738,0,12,6,0,2,3,0,1,1,1,0,1,0,"0000000",99,99,99,99,99,99,0,0,0,1,0
12,121098,1,1,0,0,0,1,1,105,3300,28,5,2016,7,18,3,1,2,3,1,3,"SR-544","",99998,28.04630278,-81.74838611,0,33,0,0,1,1,0,4,1,1,0,1,0,"0000000",99,99,99,99,99,99,0,0,0,1,0
12,121099,1,1,0,0,0,5,5,111,0,21,5,2016,7,2,37,1,1,3,1,3,"SR-91","",99998,27.48455278,-80.46721111,0,24,0,0,1,1,0,3,2,1,0,1,0,"0000000",99,99,99,99,99,99,0,0,0,1,0
12,121100,1,1,0,1,1,1,1,57,0,26,5,2016,5,21,57,0,2,6,25,5,"HULSEY RD","HEATHER FIELD DR",99998,28.03405,-82.55814167,0,9,0,0,3,3,0,1,3,1,0,1,0,"0000000",99,99,99,99,99,99,0,0,0,1,1
12,121101,2,2,0,0,0,2,2,121,0,29,5,2016,1,17,29,1,1,3,1,2,"US-27","CR-137",99998,29.95296111,-82.81018056,0,12,2,0,2,3,0,1,1,1,0,1,0,"0000000",99,99,99,99,99,99,0,0,0,1,0
12,121104,4,4,0,0,0,6,6,57,0,30,5,2016,2,11,33,0,2,6,25,5,"PARSONS AV","CLEMONS AVE",99998,27.95231944,-82.28592778,0,12,1,0,3,3,0,1,1,1,0,1,0,"0000000",99,99,99,99,99,99,14,0,0,2,0
12,121105,1,1,0,0,0,3,3,31,1510,5,6,2016,1,4,20,0,2,6,25,5,"ROGERO RD","",99998,30.33371667,-81.58916389,0,33,0,0,1,1,0,3,3,1,0,1,0,"0000000",99,99,99,99,99,99,0,0,0,1,0
12,121106,2,2,0,0,0,3,3,103,2873,3,6,2016,6,7,40,1,2,3,1,3,"SR-693","SAILBOAT KEY BLVD",99998,27.748125,-82.74521111,0,12,1,0,3,2,0,1,1,1,0,1,0,"0000000",99,99,99,99,99,99,0,0,0,1,0
12,121107,1,1,0,0,0,1,1,85,0,2,6,2016,5,22,16,0,1,4,25,4,"CR-707A","WEST END ST",99998,27.24383056,-80.22737222,0,33,0,0,3,6,0,3,3,1,0,1,0,"0000000",99,99,99,99,88,88,0,0,0,1,1
12,121108,2,2,0,0,0,3,3,31,1510,25,5,2016,4,14,46,1,2,3,1,3,"SR-134","",99998,30.24633889,-81.86867222,0,12,1,0,1,1,0,1,1,1,0,1,0,"0000000",99,99,99,99,99,99,0,0,0,1,0
12,121109,2,2,0,0,0,6,6,69,0,16,5,2016,2,17,5,1,1,3,1,3,"SR-19","",99998,29.01105556,-81.64013611,0,12,2,0,1,1,0,1,1,10,0,10,0,"0000000",99,99,99,99,99,99,0,0,0,2,0
12,121110,1,1,0,1,1,1,1,95,0,29,5,2016,1,0,5,1,1,3,1,3,"SR-426","SEMINOLE AVE",99998,28.60833333,-81.29083333,0,8,0,0,3,3,0,1,3,1,0,1,0,"0000000",99,99,99,99,88,88,0,0,0,1,0
12,121111,1,1,0,0,0,1,1,115,0,29,5,2016,1,19,25,0,1,7,25,6,"ALLIGATOR DR","",99998,27.054625,-82.41407222,0,1,0,0,1,1,0,4,1,1,0,1,0,"0000000",99,99,99,99,99,99,0,0,0,1,0
12,121112,3,3,0,0,0,3,3,101,0,31,5,2016,3,10,16,1,1,3,1,2,"US-19","",99998,28.34416667,-82.69916667,0,12,6,0,1,1,0,1,1,1,0,1,0,"0000000",99,99,99,99,99,99,0,0,0,1,0
12,121113,2,2,0,0,0,2,2,86,1340,28,5,2016,7,22,30,0,2,5,25,5,"65TH ST","PALM AVE",99998,25.88138333,-80.28352778,0,12,6,0,2,2,0,1,3,1,0,1,0,"0000000",99,99,99,99,99,99,0,0,0,1,1
12,121114,2,2,0,0,0,3,3,115,0,5,6,2016,1,10,11,1,2,3,1,2,"US-41","TAYLOR RANCH TRAIL",99998,27.04953056,-82.35838889,0,12,6,0,2,2,0,1,1,1,0,1,0,"0000000",99,99,99,99,99,99,0,0,0,1,0
12,121115,2,2,0,0,0,3,3,11,0,23,5,2016,2,20,0,1,1,3,1,3,"SR-842","29TH TER",99998,26.12144444,-80.18347778,0,12,6,0,2,2,0,1,1,1,0,1,0,"0000000",99,99,99,99,88,88,0,0,0,1,0