"STATE","ST_CASE","VE_TOTAL","VE_FORMS","PVH_INVL","PEDS","PERNOTMVIT","PERMVIT","PERSONS","COUNTY","CITY","DAY","MONTH","YEAR","DAY_WEEK","HOUR","MINUTE","NHS","RUR_URB","FUNC_SYS","RD_OWNER","ROUTE","TWAY_ID","TWAY_ID2","MILEPT","LATITUDE","LONGITUD","SP_JUR","HARM_EV","MAN_COLL","RELJCT1","RELJCT2","TYP_INT","WRK_ZONE","REL_ROAD","LGT_COND","WEATHER1","WEATHER2","WEATHER","SCH_BUS","RAIL","NOT_HOUR","NOT_MIN","ARR_HOUR","ARR_MIN","HOSP_HR","HOSP_MN","CF1","CF2","CF3","FATALS","DRUNK_DR"
12,121116,1,1,0,0,0,1,1,53,0,20,5,2016,6,0,35,0,1,7,25,6,"LINDEN DR","",99998,28.47488056,-82.54730556,0,32,0,0,1,1,0,4,3,1,0,1,0,"0000000",0,40,0,47,88,88,0,0,0,1,1
12,121117,1,1,0,0,0,1,1,11,2083,13,5,2016,6,5,28,1,2,2,1,3,"SR-821","",99998,25.97116389,-80.30380556,0,42,0,0,1,1,0,5,2,1,0,1,0,"0000000",99,99,99,99,88,88,0,0,0,1,0
12,121118,1,1,0,0,0,1,1,11,672,14,5,2016,7,3,36,1,1,3,1,3,"SR-869","ATLANTIC BLVD",99998,26.23051111,-80.29588889,0,1,0,0,1,1,0,3,3,1,0,1,0,"0000000",99,99,99,99,88,88,0,0,0,1,0
12,121119,2,2,0,0,0,2,2,31,1510,29,5,2016,1,3,25,1,2,3,1,3,"SR-105","",99998,30.39959722,-81.48564722,0,12,2,0,1,1,0,1,3,1,0,1,0,"0000000",99,99,99,99,99,99,0,0,0,1,2
12,121120,2,2,0,0,0,2,2,1,1130,21,5,2016,7,21,10,0,2,5,25,4,"CR-225","SE 9TH PL",99998,29.64345,-82.27248889,0,1,0,0,2,3,0,1,3,1,0,1,0,"0000000",99,99,99,99,99,99,0,0,0,1,1
12,121121,2,1,1,0,2,1,3,127,780,31,5,2016,3,18,31,1,2,1,1,1,"I-95","",99998,29.15862222,-81.07777778,0,18,0,0,1,1,4,4,1,1,0,1,0,"0000000",99,99,99,99,99,99,0,0,0,1,0
12,121122,4,4,0,1,1,5,5,81,0,26,5,2016,5,22,22,1,2,3,1,3,"SR-70 53RD AVE/ONECO RD","",99998,27.44781944,-82.54668056,0,9,0,0,1,1,0,1,2,1,0,1,0,"0000000",99,99,99,99,88,88,0,0,0,1,0
12,121123,1,1,0,0,0,4,4,83,0,29,5,2016,1,2,0,0,2,6,25,5,"160TH AVE RD","",99998,29.50263889,-81.90583889,0,1,0,0,1,1,0,4,2,1,0,1,0,"0000000",99,99,99,99,99,99,0,0,0,1,1
12,121124,2,2,0,0,0,3,3,127,0,28,5,2016,7,20,37,1,1,2,1,2,"US-17","",99998,29.09089722,-81.32862778,0,12,2,0,1,1,0,1,2,10,0,10,0,"0000000",99,99,99,99,99,99,0,0,0,2,1
12,121125,2,2,0,0,0,2,2,81,0,31,5,2016,3,20,33,1,2,3,1,2,"US-41 SR-55","25TH AVE",99998,27.47827222,-82.56301944,0,12,2,0,2,3,0,1,3,1,0,1,0,"0000000",99,99,99,99,99,99,0,0,0,1,1
12,121126,1,1,0,1,1,1,1,57,2950,27,5,2016,6,17,32,1,2,3,1,2,"US-41","",99998,27.96623889,-82.45943611,0,8,0,0,1,1,0,1,1,1,0,1,0,"0000000",99,99,99,99,99,99,0,0,0,1,0
12,121127,3,3,0,0,0,3,3,86,0,2,6,2016,5,7,38,1,2,3,1,2,"US-41 SR-90 TAMIAMI TRL","",20,25.76089444,-80.44860556,0,12,1,0,1,1,0,1,1,10,0,10,0,"0000000",99,99,99,99,88,88,0,0,0,1,0
12,121128,1,1,0,1,1,1,1,99,0,27,2,2016,7,18,57,0,1,7,25,6,"96TH LANE","",99998,26.82005833,-80.29123056,0,8,0,0,1,1,0,1,5,1,0,1,0,"0000000",99,99,99,99,99,99,0,0,0,1,0
12,121129,2,2,0,0,0,4,4,99,0,10,2,2016,4,19,5,1,2,3,1,2,"US-441","",99998,26.61726944,-80.20498611,0,1,0,0,8,1,0,1,3,1,0,1,0,"0000000",99,99,99,99,99,99,0,0,0,1,0
12,121130,1,1,0,0,0,1,1,99,0,20,2,2016,7,3,24,1,2,3,1,3,"SR-808","",99998,26.36815,-80.16703056,0,33,0,0,1,1,0,4,3,1,0,1,0,"0000000",99,99,99,99,88,88,0,0,0,1,0
12,121131,1,1,0,0,0,1,1,99,0,12,2,2016,6,9,53,0,2,7,25,5,"HAVERHILL RD","",99998,26.63631667,-80.12123056,0,33,0,0,1,1,0,4,1,1,0,1,0,"0000000",99,99,99,99,99,99,0,0,0,1,0
12,121132,2,2,0,0,0,2,2,99,290,13,2,2016,7,9,47,0,2,5,1,3,"SR-A1A","COQUINA WAY",99998,26.36079444,-80.070175,0,12,6,0,3,2,0,1,1,1,0,1,0,"0000000",99,99,99,99,99,99,0,0,0,1,0
12,121133,2,2,0,0,0,2,2,99,290,13,2,2016,7,20,40,1,2,3,1,3,"SR-794","NORTHWEST 2 AVENUE",99998,26.39456944,-80.08358889,0,12,6,0,2,2,0,1,3,1,0,1,0,"0000000",99,99,99,99,88,88,0,0,0,1,0
12,121134,1,1,0,1,1,1,1,75,0,27,5,2016,6,22,40,1,1,3,1,2,"US-19","",99998,29.57281944,-82.91373056,0,8,0,0,1,1,0,1,2,10,0,10,0,"0000000",99,99,99,99,88,88,0,0,0,1,0
12,121135,1,1,0,0,0,2,2,121,0,6,6,2016,2,20,25,1,1,1,1,1,"I-10","",99998,30.29216944,-82.87980278,0,34,0,0,1,1,0,4,5,2,0,2,0,"0000000",99,99,99,99,99,99,0,0,0,1,0
12,121136,2,2,0,0,0,3,3,127,0,17,5,2016,3,20,56,1,1,3,1,3,"SR-44 E NEW YORK AVE","",99998,29.01923056,-81.2158,0,12,6,0,1,1,0,1,2,2,0,2,0,"0000000",99,99,99,99,99,99,0,0,0,2,0
12,121137,2,2,0,0,0,2,2,127,0,24,5,2016,3,23,48,1,1,3,1,3,"SR-46","",99998,28.67569444,-80.97704722,0,12,2,0,1,1,0,1,2,1,0,1,0,"0000000",99,99,99,99,99,99,0,0,0,1,0
12,121138,1,1,0,0,0,2,2,11,2083,28,5,2016,7,0,20,0,1,7,25,6,"132ND AVE","",99998,25.97622222,-80.32431389,0,3,0,0,8,1,0,4,2,1,0,1,0,"0000000",99,99,99,99,88,88,0,0,0,2,0
12,121139,1,1,0,0,0,1,1,115,0,31,3,2016,5,14,11,1,2,3,1,2,"US-41","",99998,27.04714167,-82.289875,0,42,0,0,1,1,0,4,1,1,0,1,0,"0000000",99,99,99,99,99,99,0,0,0,1,0
12,121140,1,1,0,1,1,1,1,99,0,13,2,2016,7,13,58,0,2,7,25,5,"MINER RD","SUMMIT RD",99998,26.55760556,-80.06061111,0,8,0,0,3,2,0,4,1,10,0,10,0,"0000000",99,99,99,99,99,99,20,0,0,1,0
12,121141,2,2,0,0,0,3,3,99,0,4,2,2016,5,16,21,1,1,3,1,3,"SR-706","PRATT WHITNEY RD",99998,26.94285556,-80.28771944,0,12,6,0,2,2,0,1,1,1,0,1,0,"0000000",99,99,99,99,99,99,0,0,0,2,0
12,121142,1,1,0,0,0,2,2,99,0,15,2,2016,2,14,21,0,1,7,25,4,"CR-812","",99998,26.58938333,-80.14160278,0,33,0,0,1,1,0,4,1,2,0,2,0,"0000000",99,99,99,99,88,88,0,0,0,2,0
12,121143,2,2,0,0,0,3,3,99,0,25,2,2016,5,11,14,1,1,3,1,3,"SR-80","BENOIST FARMS RD",99998,26.67945278,-80.17425,0,12,6,1,2,2,0,1,1,1,0,1,0,"0000000",99,99,99,99,99,99,0,0,0,1,0
12,121144,1,1,0,1,1,2,2,99,2674,25,1,2016,2,20,13,1,2,3,1,3,"SR-704","PONCE DE LEON ST",99998,26.70730556,-80.22003056,0,9,0,0,3,2,0,1,3,1,0,1,0,"0000000",99,99,99,99,99,99,0,0,0,1,0
12,121145,2,2,0,0,0,3,3,99,0,14,2,2016,1,20,45,1,2,3,1,3,"SR-804","BOUND TURNPIKE ENTRANCE RAMP",99998,26.52887222,-80.07329444,0,12,6,0,2,2,0,1,3,1,0,1,0,"0000000",99,99,99,99,99,99,0,0,0,1,0
12,121146,2,2,0,0,0,5,5,99,0,19,2,2016,6,22,0,0,2,7,25,5,"JOG RD","",102,26.51687778,-80.14742222,0,12,7,0,1,1,0,1,3,1,0,1,0,"0000000",99,99,99,99,99,99,0,0,0,1,0
12,121147,1,1,0,1,1,1,1,99,1750,4,3,2016,6,15,10,1,2,3,1,3,"SR-805","",99998,26.64273889,-80.05643889,0,15,0,0,1,1,0,1,1,1,0,1,0,"0000000",99,99,99,99,99,99,0,0,0,1,0
12,121148,1,1,0,0,0,1,1,53,0,25,5,2016,4,21,49,0,1,4,25,4,"CR-597","",99998,28.53565556,-82.61596389,0,1,0,0,1,1,0,4,2,1,0,1,0,"0000000",99,99,99,99,88,88,0,0,0,1,1
12,121150,1,1,0,1,1,4,4,35,1020,20,5,2016,6,20,40,1,2,3,1,3,"SR-A1A","26TH ST",99998,29.44790278,-81.11198056,0,8,0,0,2,3,0,1,2,1,0,1,0,"0000000",99,99,99,99,88,88,0,0,0,1,0
12,121151,5,5,0,0,0,7,7,127,0,16,5,2016,2,13,49,1,1,3,1,3,"SR-472","E MINNESOTA AVE",99998,28.96991944,-81.28101944,0,12,1,0,3,2,0,1,1,10,0,10,0,"0000000",99,99,99,99,99,99,0,0,0,1,0
12,121152,1,1,0,0,0,1,1,101,0,29,5,2016,1,16,15,1,1,2,1,2,"US-19","",99998,28.32218611,-82.69925278,0,1,0,0,1,1,0,1,1,1,0,1,0,"0000000",99,99,99,99,99,99,0,0,0,1,0
12,121153,1,1,0,0,0,1,1,81,0,3,6,2016,6,3,50,1,1,3,1,2,"US-301","",99998,27.6433,-82.38873889,0,32,0,0,1,1,0,4,2,1,0,1,0,"0000000",99,99,99,99,88,88,0,0,0,1,1
12,121154,1,1,0,0,0,2,2,11,771,23,5,2016,2,2,40,1,2,1,1,1,"I-75","",99998,26.04471944,-80.35244444,0,35,0,0,1,1,4,3,2,1,0,1,0,"0000000",99,99,99,99,99,99,0,0,0,1,1
12,121155,2,2,0,0,0,3,3,11,2916,4,6,2016,7,13,16,0,2,3,25,7,"136TH AV","PAT SALERNO DR",99998,26.16026667,-80.31861111,0,12,6,0,2,2,0,1,1,1,0,1,0,"0000000",99,99,99,99,99,99,0,0,0,1,0
12,121156,3,3,0,0,0,4,4,99,0,2,3,2016,4,7,58,1,2,3,1,3,"SR-806","HAGEN RANCH ROAD",99998,26.45367222,-80.16349722,0,12,6,0,2,3,0,1,1,1,0,1,0,"0000000",99,99,99,99,99,99,0,0,0,2,0
12,121157,1,1,0,1,1,3,3,99,0,13,3,2016,1,1,5,1,1,3,1,3,"SR-704","",99998,26.70678611,-80.11142222,0,8,0,0,1,1,0,1,3,1,0,1,0,"0000000",99,99,99,99,88,88,0,0,0,1,0
12,121158,2,2,0,0,0,2,2,99,0,16,3,2016,4,11,5,0,2,6,25,5,"JOG RD","PIPERS GLEN BLVD",88,26.49690278,-80.14740278,0,12,6,0,2,2,0,1,1,1,0,1,0,"0000000",99,99,99,99,99,99,0,0,0,1,0
12,121159,1,1,0,0,0,1,1,55,0,22,5,2016,1,21,19,0,1,4,25,4,"CR-621","",99998,27.31753611,-81.38073333,0,59,0,0,1,1,0,4,2,1,0,1,0,"0000000",99,99,99,99,88,88,0,0,0,1,1
12,121160,1,1,0,0,0,2,2,73,0,3,6,2016,6,18,4,1,1,1,1,1,"I-10","",99998,30.47801944,-84.09113889,0,1,0,0,1,1,0,4,1,1,0,1,0,"0000000",99,99,99,99,99,99,0,0,0,1,0
12,121161,1,1,0,1,1,1,1,37,0,5,6,2016,1,1,30,0,1,4,25,4,"CR-384","",99998,29.73140833,-85.00961389,0,8,0,0,1,1,0,1,2,1,0,1,0,"0000000",99,99,99,99,88,88,0,0,0,1,0
12,121162,2,2,0,0,0,3,3,19,0,24,5,2016,3,18,35,0,2,6,25,5,"NOLAN RD","BRANGUS RD",99998,30.11673889,-81.94916111,0,12,6,0,2,3,0,1,1,1,0,1,0,"0000000",99,99,99,99,99,99,0,0,0,1,2
12,121163,2,2,0,0,0,3,3,87,0,30,5,2016,2,0,29,1,1,3,1,2,"US-1","",99998,24.66733889,-81.25733889,0,12,2,0,1,1,0,1,2,1,0,1,0,"0000000",99,99,99,99,99,99,0,0,0,1,0
12,121164,3,3,0,0,0,6,6,131,0,1,6,2016,4,17,20,1,2,3,98,2,"US-98","",7,30.38535278,-86.38532222,0,12,1,0,1,1,0,1,1,10,0,10,0,"0000000",99,99,99,99,99,99,20,0,0,1,0
12,121165,2,2,0,0,0,2,2,81,0,2,6,2016,5,12,55,1,1,3,1,3,"SR-64","LORRAINE ROAD",99998,27.47551667,-82.39607222,0,12,8,0,2,2,0,1,1,1,0,1,0,"0000000",99,99,99,99,88,88,0,0,0,1,0
12,121166,1,1,0,1,1,1,1,71,0,1,6,2016,4,5,45,0,2,5,98,9,"PINE RIDGE ROAD","BOMBAY LANE",17,26.50604722,-81.93542778,0,8,0,0,2,3,0,1,2,1,0,1,1,"0000000",99,99,99,99,99,99,0,0,0,1,0
12,121167,1,1,0,0,0,1,1,59,310,7,6,2016,3,11,45,0,1,4,25,4,"CR-173","",99998,30.88600556,-85.61536944,0,34,0,0,1,1,0,4,1,1,0,1,0,"0000000",99,99,99,99,99,99,0,0,0,1,0
12,121168,1,1,0,1,1,1,1,99,0,22,2,2016,2,21,16,1,2,3,1,2,"US-98","",99998,26.68247778,-80.27625833,0,8,0,0,1,1,0,1,2,1,0,1,0,"0000000",99,99,99,99,88,88,0,0,0,1,0
12,121170,2,2,0,0,0,4,4,23,0,7,6,2016,3,16,30,1,1,1,1,1,"I-75","",99998,30.30271111,-82.79078056,0,12,7,0,1,1,0,1,1,1,0,1,0,"0000000",99,99,99,99,99,99,0,0,0,1,0
12,121171,1,1,0,1,1,1,1,86,0,5,6,2016,1,18,55,0,1,5,25,5,"68TH ST","3RD CT",99998,25.88437778,-80.29049167,0,9,0,0,3,3,4,1,5,10,0,10,0,"0000000",99,99,99,99,88,88,0,0,0,1,0
12,121172,1,1,0,0,0,1,1,31,1510,5,6,2016,1,1,7,0,6,96,96,5,"PRITCHARD RD","",99998,30.37478056,-81.83311944,0,42,0,0,1,1,0,3,3,1,0,1,0,"0000000",99,99,99,99,99,99,0,0,0,1,1
12,121173,1,1,0,0,0,1,1,87,0,9,3,2016,4,8,30,1,1,2,1,2,"US-1","",99998,24.72388889,-81.05166667,0,33,0,0,1,1,0,4,1,1,0,1,0,"0000000",99,99,99,99,99,99,0,0,0,1,0
12,121174,2,2,0,0,0,2,2,31,1510,18,3,2016,6,2,14,1,2,1,1,1,"I-295","SR-208",99998,30.26991944,-81.76741944,0,12,1,1,2,2,0,1,3,2,0,2,0,"0000000",99,99,99,99,99,99,0,0,0,1,1
12,121175,2,2,0,0,0,3,3,105,1690,31,3,2016,5,14,40,0,1,7,25,6,"LAKE MIRIAM DR","CLEVELAND HTS BLVD",99998,27.97476111,-81.94854722,0,12,6,0,2,2,0,1,1,1,0,1,0,"0000000",99,99,99,99,99,99,0,0,0,1,0
12,121176,1,1,0,1,1,1,1,99,820,1,5,2016,1,0,35,1,2,3,1,2,"US-1","LINDELL BLVD",99998,26.424925,-80.07350278,0,8,0,0,2,2,0,1,3,1,0,1,0,"0000000",99,99,99,99,99,99,0,0,0,1,0
12,121177,1,1,0,1,1,1,1,86,2023,21,5,2016,7,17,29,1,2,3,1,3,"SR-847","SR-854",99998,25.95419167,-80.27822778,0,8,0,0,3,2,0,1,1,10,0,10,0,"0000000",99,99,99,99,99,99,0,0,0,1,0
12,121178,1,1,0,1,1,1,1,99,0,10,2,2016,4,19,30,1,2,3,1,3,"SR-809","",99998,26.68913333,-80.11178333,0,8,0,0,1,1,0,1,3,10,0,10,0,"0000000",99,99,99,99,88,88,0,0,0,1,0
12,121179,1,1,0,0,0,1,1,61,990,27,5,2016,6,12,50,0,2,4,25,4,"CR-512","",99998,27.73976944,-80.6423,0,18,0,0,1,1,4,1,1,1,0,1,0,"0000000",99,99,99,99,99,99,0,0,0,1,0
12,121180,3,3,0,0,0,5,5,86,0,3,6,2016,6,15,43,0,2,4,25,5,"SW 104TH ST","SW 147TH AVE",0,25.67036111,-80.43248333,0,12,6,0,2,2,0,1,1,1,0,1,0,"0000000",99,99,99,99,88,88,0,0,0,1,0
12,121181,3,3,0,0,0,3,3,119,0,10,6,2016,6,5,33,1,1,1,1,1,"I-75","",99998,28.88606944,-82.0954,0,24,0,0,1,1,0,4,3,1,0,1,0,"0000000",99,99,99,99,99,99,0,0,0,1,0
12,121182,2,2,0,0,0,2,2,57,2540,8,6,2016,4,12,19,1,2,3,1,2,"US-92","",99998,28.01978889,-82.16173056,0,12,6,0,8,1,0,1,1,1,0,1,0,"0000000",99,99,99,99,99,99,0,0,0,1,0
12,121183,1,1,0,0,0,1,1,59,0,4,6,2016,7,6,25,1,1,3,1,2,"US-90","",99998,30.79036111,-85.74826111,0,42,0,0,1,1,0,5,1,2,0,2,0,"0000000",99,99,99,99,88,88,0,0,0,1,0
12,121184,2,2,0,0,0,2,2,95,0,22,4,2016,6,7,48,0,1,5,25,5,"DEAN RD","J BLANCHARD TRL",99998,28.57759444,-81.24484722,0,1,0,1,2,3,0,1,1,1,0,1,0,"0000000",99,99,99,99,88,88,0,0,0,1,0
12,121185,2,2,0,0,0,3,3,11,760,3,6,2016,6,0,50,1,2,1,1,1,"I-95","",99998,26.04987222,-80.1622,0,12,1,1,18,1,0,1,3,1,0,1,0,"0000000",99,99,99,99,99,99,0,0,0,1,0
12,121186,2,2,0,0,0,2,2,111,0,8,6,2016,4,20,5,1,1,3,1,3,"SR-91","",99998,27.548075,-80.62991111,0,12,1,0,1,1,0,1,2,2,0,2,0,"0000000",99,99,99,99,88,88,0,0,0,1,1
12,121187,1,1,0,2,2,1,1,97,0,2,6,2016,5,22,26,0,1,5,25,5,"POINCIANA BLVD","",99998,28.30896944,-81.47965556,0,8,0,0,1,1,0,1,2,1,0,1,0,"0000000",99,99,99,99,88,88,0,0,0,2,0
12,121189,1,1,0,1,1,1,1,86,2020,8,6,2016,4,11,9,1,2,3,25,5,"41ST ST","SHERIDAN AVE",99998,25.81380556,-80.12761389,0,8,0,0,2,2,0,1,1,2,0,2,0,"0000000",99,99,99,99,99,99,0,0,0,1,0
12,121190,1,1,0,1,1,1,1,103,2730,30,5,2016,2,21,30,0,2,5,25,5,"M L KING ST","",99998,27.75021667,-82.64656389,0,8,0,0,1,1,0,1,3,1,0,1,0,"0000000",99,99,99,99,88,88,0,0,0,1,0
12,121191,1,1,0,0,0,1,1,9,1990,27,5,2016,6,1,6,0,2,4,25,4,"CR-518","PINEAPPLE AVE",99998,28.13083333,-80.62611389,0,1,0,0,1,1,0,1,3,10,0,10,0,"0000000",99,99,99,99,88,88,0,0,0,1,0
12,121192,2,2,0,0,0,5,5,39,530,17,3,2016,5,16,27,0,2,4,1,2,"US-90","",4,30.70463889,-84.85208333,0,12,1,0,4,1,0,1,1,10,0,10,0,"0000000",99,99,99,99,99,99,0,0,0,1,0
12,121193,2,2,0,0,0,6,6,101,2180,24,4,2016,1,21,45,1,2,3,1,2,"US-19","MARINE PKWY",99998,28.23220556,-82.72971944,0,12,1,0,3,2,0,1,3,1,0,1,0,"0000000",99,99,99,99,99,99,0,0,0,1,0
12,121194,2,2,0,0,0,2,2,73,0,6,6,2016,2,10,10,1,1,1,1,1,"I-10","",99998,30.49911667,-84.21627222,0,12,6,0,1,1,0,1,1,2,0,2,0,"0000000",99,99,99,99,99,99,0,0,0,1,0
12,121196,1,1,0,0,0,2,2,31,1510,8,6,2016,4,16,0,1,2,1,1,1,"I-295","",99998,30.26033889,-81.76371111,0,42,0,0,1,1,0,4,1,10,0,10,0,"0000000",99,99,99,99,99,99,0,0,0,1,1
12,121197,1,1,0,0,0,1,1,86,0,4,6,2016,7,3,50,1,2,2,1,3,"SR-826 RAMP","",99998,25.75679167,-80.320725,0,20,0,1,19,1,0,8,3,1,0,1,0,"0000000",99,99,99,99,88,88,0,0,0,1,1
12,121198,1,1,0,0,0,1,1,97,0,29,5,2016,1,18,54,0,1,4,25,4,"CR-532","",99998,28.26178889,-81.57403889,0,35,0,0,1,1,0,4,1,1,0,1,0,"0000000",99,99,99,99,88,88,0,0,0,1,1
12,121199,1,1,0,0,0,2,2,31,1510,13,6,2016,2,9,55,1,2,1,1,1,"I-95","",99998,30.32838889,-81.6775,0,25,0,0,1,1,0,3,1,1,0,1,0,"0000000",99,99,99,99,99,99,0,0,0,1,0
12,121200,2,2,0,0,0,3,3,31,1510,5,6,2016,1,18,29,1,2,1,1,1,"I-95","",99998,30.40350556,-81.66083611,0,12,6,0,1,1,0,1,5,2,0,2,0,"0000000",99,99,99,99,99,99,19,23,0,1,0
12,121201,1,1,0,0,0,1,1,11,2570,8,6,2016,4,4,17,1,2,3,1,3,"SR-811","",99998,26.22175,-80.13043611,0,42,0,0,1,1,0,4,3,1,0,1,0,"0000000",99,99,99,99,99,99,0,0,0,1,0
12,121202,1,1,0,0,0,2,2,61,3070,1,6,2016,4,16,43,1,2,3,1,3,"SR-60","10TH AVE",99998,27.63801111,-80.39320278,0,33,0,0,3,2,0,4,1,1,0,1,0,"0000000",99,99,99,99,99,99,0,0,0,1,0
12,121203,1,1,0,0,0,1,1,85,0,28,5,2016,7,5,0,1,2,3,1,2,"US-1 SR-5 FEDERAL HWY","",99998,27.02443889,-80.10903889,0,42,0,0,1,1,0,4,2,1,0,1,0,"0000000",99,99,99,99,88,88,0,0,0,1,0
12,121204,1,1,0,1,1,1,1,57,0,8,6,2016,4,4,50,1,2,3,1,3,"SR-508","",99998,27.99655833,-82.55139444,0,8,0,0,1,1,0,1,2,1,0,1,0,"0000000",99,99,99,99,99,99,0,0,0,1,0
12,121205,2,2,0,0,0,2,2,31,110,29,5,2016,1,22,16,1,2,3,1,3,"SR-A1A","10TH STREET",99998,30.33113889,-81.4168,0,12,6,0,2,3,0,1,3,1,0,1,0,"0000000",99,99,99,99,99,99,0,0,0,1,1
12,121206,1,1,0,1,1,1,1,71,0,7,6,2016,3,21,25,1,2,3,1,2,"US-41","COMMONS WAY",99998,26.42848056,-81.81073056,0,8,0,1,3,3,0,1,2,1,0,1,0,"0000000",99,99,99,99,88,88,0,0,0,1,0
12,121207,2,2,0,0,0,2,2,93,0,9,6,2016,5,17,40,0,1,4,25,4,"CR-98","",99998,27.29981667,-80.89499167,0,12,2,0,1,1,0,1,1,2,0,2,0,"0000000",99,99,99,99,99,99,0,0,0,2,0
12,121208,2,2,0,0,0,2,2,95,0,3,6,2016,6,14,32,0,2,5,98,9,"BUMBY AVE","",99998,28.52055833,-81.35161111,0,12,1,0,1,1,0,1,1,1,0,1,0,"0000000",99,99,99,99,99,99,0,0,0,1,0
12,121209,2,2,0,0,0,3,3,105,0,21,5,2016,7,0,52,1,2,3,1,2,"US-92","COMBEE RD",99998,28.04795,-81.90766111,0,12,1,0,3,2,0,1,3,2,0,2,0,"0000000",99,99,99,99,88,88,0,0,0,1,1
12,121210,1,1,0,1,1,1,1,101,0,27,5,2016,6,22,43,1,1,2,1,2,"US-19","",99998,28.32414444,-82.69929722,0,8,0,0,1,1,0,1,3,1,0,1,0,"0000000",99,99,99,99,99,99,0,0,0,1,0
12,121211,2,2,0,0,0,3,3,11,1050,26,5,2016,5,23,46,0,2,5,25,5,"27TH AVE","11TH CT",99998,26.13900833,-80.17853611,0,12,2,1,2,3,0,1,3,8,0,8,0,"0000000",99,99,99,99,99,99,0,0,0,2,0
12,121212,1,1,0,0,0,2,2,57,0,11,6,2016,7,5,30,1,2,2,1,3,"SR-589","GUNN HWY",99998,28.05678889,-82.56966111,0,25,0,0,1,1,4,4,3,10,0,10,0,"0000000",99,99,99,99,88,88,0,0,0,2,0
12,121213,1,1,0,0,0,1,1,107,0,15,6,2016,4,16,49,0,2,3,25,7,"OLD WELAKA RD","HILLCREST DR",99998,29.49406111,-81.63116944,0,42,0,0,1,1,0,4,1,1,0,1,0,"0000000",99,99,99,99,99,99,0,0,0,1,0
12,121214,1,1,0,0,0,1,1,101,0,2,6,2016,5,10,51,1,1,3,1,3,"SR-52","",99998,28.33173889,-82.63366111,0,33,0,0,1,1,0,4,1,1,0,1,0,"0000000",10,52,10,56,99,99,0,0,0,1,0
12,121215,1,1,0,0,0,1,1,105,0,3,6,2016,6,23,15,1,1,1,1,1,"I-4 / SR-400","",99998,28.07,-81.99036944,0,34,0,0,1,1,0,4,3,2,0,2,0,"0000000",99,99,99,99,88,88,0,0,0,1,1
12,121217,1,1,0,0,0,1,1,57,0,8,6,2016,4,1,14,1,2,1,1,1,"I-275","",99998,27.95496944,-82.46198056,0,25,0,0,1,1,4,3,3,10,0,10,0,"0000000",99,99,99,99,88,88,0,0,0,1,0
12,121218,1,1,0,0,0,2,2,11,1420,6,6,2016,2,3,17,1,1,3,1,3,"SR-91","",99998,26.00799444,-80.21398611,0,59,0,1,19,1,0,8,3,1,0,1,0,"0000000",99,99,99,99,99,99,0,0,0,1,1
12,121219,2,2,0,0,0,3,3,83,0,13,4,2016,4,13,0,1,1,3,1,2,"US-27","",99998,29.23796667,-82.27794167,0,12,1,0,1,1,0,1,1,1,0,1,0,"0000000",99,99,99,99,99,99,0,0,0,1,1
12,121220,1,1,0,1,1,1,1,101,0,4,6,2016,7,0,40,1,2,3,1,2,"US-19","",99998,28.36561111,-82.69183889,0,8,0,0,99,1,0,1,3,10,0,10,0,"0000000",99,99,99,99,99,99,0,0,0,1,0
12,121221,1,1,0,0,0,3,3,39,0,6,6,2016,2,12,50,1,1,2,1,2,"US-90","",99998,30.51700833,-84.46472222,0,42,0,0,1,1,0,4,1,2,0,2,0,"0000000",99,99,99,99,99,99,0,0,0,1,0
12,121222,1,1,0,1,1,1,1,117,0,30,5,2016,2,1,20,1,2,3,1,3,"SR-436","",99998,28.67153056,-81.45516111,0,8,0,0,1,1,0,1,2,1,0,1,0,"0000000",99,99,99,99,99,99,0,0,0,1,0
12,121223,2,2,0,0,0,3,3,127,0,12,6,2016,1,10,48,1,1,3,1,3,"SR-15A","",99998,29.00625,-81.31788056,0,12,6,0,8,1,0,1,1,10,0,10,0,"0000000",99,99,99,99,99,99,0,0,0,1,0
12,121224,2,2,0,0,0,3,3,1,0,26,5,2016,5,20,30,1,2,1,1,1,"I-75","",99998,29.64205278,-82.40374444,0,12,1,0,1,1,0,1,2,1,0,1,0,"0000000",99,99,99,99,88,88,0,0,0,1,1
12,121225,1,1,0,1,1,1,1,115,2235,14,6,2016,3,6,5,1,2,3,1,3,"SR-45","",99998,27.04326389,-82.23514444,0,9,0,0,1,1,0,2,2,1,0,1,0,"0000000",99,99,99,99,88,88,0,0,0,1,0
12,121226,1,1,0,0,0,1,1,57,0,16,6,2016,5,17,38,0,1,4,25,4,"CR-574","",99998,27.966425,-82.36490278,0,30,0,0,1,1,0,4,1,10,0,10,0,"0000000",99,99,99,99,99,99,0,0,0,1,0
12,121227,1,1,0,2,2,1,1,95,0,2,6,2016,5,23,6,0,1,4,98,3,"SR-482","",99998,28.45105,-81.357,0,8,0,0,1,1,0,1,3,1,0,1,0,"0000000",99,99,99,99,99,99,0,0,0,1,0