"STATE","ST_CASE","VE_TOTAL","VE_FORMS","PVH_INVL","PEDS","PERNOTMVIT","PERMVIT","PERSONS","COUNTY","CITY","DAY","MONTH","YEAR","DAY_WEEK","HOUR","MINUTE","NHS","RUR_URB","FUNC_SYS","RD_OWNER","ROUTE","TWAY_ID","TWAY_ID2","MILEPT","LATITUDE","LONGITUD","SP_JUR","HARM_EV","MAN_COLL","RELJCT1","RELJCT2","TYP_INT","WRK_ZONE","REL_ROAD","LGT_COND","WEATHER1","WEATHER2","WEATHER","SCH_BUS","RAIL","NOT_HOUR","NOT_MIN","ARR_HOUR","ARR_MIN","HOSP_HR","HOSP_MN","CF1","CF2","CF3","FATALS","DRUNK_DR"
12,121228,5,5,0,0,0,8,8,11,1050,18,3,2016,6,22,13,1,2,3,1,3,"SR-838","NW 15TH AVE",99998,26.13664444,-80.162275,0,12,1,0,3,3,0,1,3,1,0,1,0,"0000000",99,99,99,99,99,99,0,0,0,1,0
12,121229,1,1,0,1,1,2,2,97,2700,14,3,2016,2,6,14,0,2,6,25,5,"CANOE CREEK RD","COVINGTON DR",37,28.19159722,-81.289825,0,8,0,0,3,3,0,1,2,10,0,10,0,"0000000",99,99,99,99,99,99,0,0,0,1,0
12,121230,2,1,1,0,1,1,2,115,2235,28,3,2016,2,10,33,0,1,5,25,5,"MERONI BLVD","",99998,27.09301944,-82.24490278,0,45,0,0,1,1,4,4,1,1,0,1,0,"0000000",99,99,99,99,99,99,0,0,0,1,0
12,121231,1,1,0,1,1,1,1,103,570,12,3,2016,7,19,55,0,2,7,25,6,"SUNSET POINT RD","",99998,27.99002222,-82.75505278,0,8,0,0,1,1,0,1,5,10,0,10,0,"0000000",99,99,99,99,99,99,0,0,0,1,1
12,121232,2,2,0,0,0,4,4,99,290,24,3,2016,5,19,9,1,2,3,1,3,"SR-794","",99998,26.39409722,-80.11696389,0,12,2,0,1,1,0,1,3,10,0,10,0,"0000000",99,99,99,99,99,99,0,0,0,1,0
12,121233,1,1,0,1,1,2,2,11,0,20,5,2016,6,0,35,1,1,3,1,3,"SR-821","",99998,25.97215833,-80.25051944,0,8,0,1,18,1,0,1,3,1,0,1,0,"0000000",99,99,99,99,99,99,0,0,0,1,0
12,121234,2,2,0,1,1,3,3,105,1110,6,6,2016,2,5,25,1,2,3,1,2,"US-27","CHARLES ST",99998,27.71172778,-81.56073889,0,8,0,0,2,2,0,1,2,10,0,10,0,"0000000",99,99,99,99,88,88,0,0,0,1,0
12,121235,1,1,0,0,0,1,1,105,1060,6,6,2016,2,14,30,0,1,5,25,5,"14TH ST","",99998,27.76866111,-81.80611111,0,10,0,0,6,1,0,1,1,2,0,2,0,"623114J",99,99,99,99,88,88,0,0,0,1,0
12,121236,1,1,0,0,0,1,1,86,0,8,6,2016,4,10,45,0,2,3,25,7,"NW 7TH ST","",99998,25.83599722,-80.20805278,0,33,0,0,1,1,0,4,1,2,0,2,0,"0000000",99,99,99,99,88,88,0,0,0,1,0
12,121237,1,1,0,0,0,1,1,61,0,16,6,2016,5,21,25,0,1,5,25,5,"103RD ST","",99998,27.78304444,-80.60399167,0,1,0,0,8,1,0,4,2,10,0,10,0,"0000000",99,99,99,99,99,99,0,0,0,1,0
12,121238,1,1,0,1,1,1,1,86,2020,10,6,2016,6,10,56,1,2,3,1,3,"SR-A1A","MERIDIAN AVE",99998,25.77436667,-80.13603889,0,8,0,0,3,2,0,1,1,1,0,1,0,"0000000",99,99,99,99,99,99,0,0,0,1,0
12,121239,1,1,0,1,1,1,1,57,2540,30,5,2016,2,20,40,0,1,4,25,4,"CR-39B","",99998,27.99910556,-82.10511111,0,9,0,0,1,1,0,1,2,1,0,1,0,"0000000",99,99,99,99,88,88,0,0,0,1,0
12,121240,2,2,0,0,0,2,2,85,0,5,6,2016,1,4,38,1,1,1,1,1,"I-95","",99998,27.00938056,-80.21141111,0,12,1,0,1,1,0,1,2,1,0,1,0,"0000000",99,99,99,99,88,88,0,0,0,1,0
12,121241,2,2,0,0,0,3,3,17,0,8,6,2016,4,21,17,1,2,3,1,2,"US-41","COUNTRY CLUB WAY",99998,28.99818889,-82.44334167,0,12,6,0,2,2,0,1,3,1,0,1,0,"0000000",99,99,99,99,99,99,0,0,0,1,1
12,121242,1,1,0,1,1,1,1,19,0,30,5,2016,2,2,55,1,2,3,1,3,"SR-21 BLANDING BLVD","EDSON DR",99998,30.17453889,-81.74511944,0,8,0,0,3,2,0,1,3,1,0,1,0,"0000000",99,99,99,99,99,99,0,0,0,1,0
12,121243,1,1,0,1,1,2,2,23,0,16,6,2016,5,16,54,1,1,2,1,2,"US-90","",99998,30.18641944,-82.59316944,0,9,0,0,1,1,0,1,1,10,0,10,0,"0000000",99,99,99,99,88,88,0,0,0,1,0
12,121244,2,2,0,0,0,2,2,63,0,14,6,2016,3,15,15,1,1,3,1,2,"US-231","GREEN CIRCLE PKWY",99998,30.73383056,-85.38651111,0,12,1,0,2,3,0,1,1,10,0,10,0,"0000000",99,99,99,99,99,99,0,0,0,1,0
12,121245,2,2,0,0,0,3,3,115,0,18,6,2016,7,21,25,1,1,3,1,3,"SR-758","OAKHURST BLVD",99998,27.29876111,-82.48098056,0,12,6,1,2,3,0,1,3,10,0,10,0,"0000000",99,99,99,99,88,88,0,0,0,1,0
12,121246,5,5,0,0,0,5,5,101,0,8,6,2016,4,17,25,1,1,1,1,1,"I-75","",99998,28.22786944,-82.36105,0,12,1,0,1,1,0,1,1,1,0,1,0,"0000000",99,99,99,99,99,99,0,0,0,1,0
12,121247,2,2,0,1,1,2,2,99,2446,12,6,2016,1,4,40,0,2,5,25,5,"10TH AVE","DAVIS RD",99998,26.62886944,-80.09676111,0,8,0,1,2,2,0,1,3,1,0,1,0,"0000000",99,99,99,99,88,88,0,0,0,1,0
12,121248,2,2,0,0,0,3,3,69,580,5,6,2016,1,11,15,0,1,4,25,4,"CR-561","12TH ST",99998,28.5529,-81.77561944,0,12,6,0,1,1,0,1,1,1,0,1,0,"0000000",99,99,99,99,99,99,0,0,0,1,1
12,121249,2,2,0,1,1,3,3,105,0,20,5,2016,6,22,8,1,2,3,1,2,"US-92","",99998,28.05761944,-81.81343333,0,12,1,0,1,1,0,1,2,2,0,2,0,"0000000",99,99,99,99,88,88,0,0,0,1,0
12,121250,1,1,0,1,1,2,2,105,1690,15,6,2016,4,16,59,1,2,3,1,2,"US-98","4600 US-98",99998,27.98101667,-81.88866389,0,8,0,1,3,3,0,1,1,1,0,1,0,"0000000",99,99,99,99,88,88,0,0,0,1,0
12,121251,2,2,0,0,0,3,3,103,2530,9,6,2016,5,18,26,0,2,5,25,5,"70TH AVE","50TH ST",99998,27.83554444,-82.70191111,0,12,6,0,2,2,0,1,1,2,0,2,0,"0000000",99,99,99,99,99,99,0,0,0,1,0
12,121252,1,1,0,1,1,2,2,86,0,14,6,2016,3,9,56,0,2,5,98,9,"NW 17TH AVE","NW 110TH TER",4,25.87508056,-80.22633611,0,8,0,0,3,3,0,1,1,1,0,1,0,"0000000",99,99,99,99,88,88,0,0,0,1,0
12,121253,1,1,0,1,1,1,1,86,0,14,6,2016,3,21,3,0,2,4,1,2,"US-441 SR-7","",99998,25.85538889,-80.20945833,0,8,0,0,1,1,0,1,3,1,0,1,0,"0000000",99,99,99,99,99,99,0,0,0,1,0
12,121254,4,4,0,0,0,6,6,81,0,18,6,2016,7,8,49,1,2,3,1,3,"SR-70 53RD AVE/ONECO RD","",99998,27.4477,-82.55233056,0,12,7,0,1,1,0,1,1,10,0,10,0,"0000000",99,99,99,99,99,99,0,0,0,1,0
12,121255,1,1,0,0,0,4,4,11,2570,20,6,2016,2,9,2,0,2,4,98,5,"E COPANS RD","N DIXIE HWY",99998,26.26036944,-80.11768889,0,10,0,0,6,1,0,1,1,1,0,1,0,"628169N",99,99,99,99,99,99,0,0,0,1,0
12,121256,2,2,0,0,0,3,3,86,0,12,6,2016,1,4,57,0,2,5,25,5,"191ST ST","47TH AVE",99998,25.94726389,-80.26974167,0,12,6,0,2,2,0,1,3,1,0,1,0,"0000000",99,99,99,99,99,99,0,0,0,1,0
12,121257,5,2,3,0,0,4,4,86,2010,20,6,2016,2,23,29,0,2,5,25,5,"10TH AVE","6TH ST",99998,25.77938611,-80.2116,0,12,6,0,2,2,0,1,3,1,0,1,0,"0000000",99,99,99,99,88,88,0,0,0,1,0
12,121258,2,2,0,0,0,2,2,71,1070,19,6,2016,1,23,1,1,2,3,1,3,"SR-884","",99998,26.59688333,-81.88086667,0,12,7,0,1,1,0,1,3,1,0,1,0,"0000000",99,99,99,99,88,88,0,0,0,1,0
12,121259,3,3,0,0,0,6,6,69,1630,15,6,2016,4,18,27,1,2,3,1,2,"US-441","MCCLENDON ST",99998,28.91646111,-81.92193611,0,12,1,0,3,2,0,1,1,1,0,1,0,"0000000",99,99,99,99,99,99,28,0,0,1,0
12,121260,1,1,0,0,0,2,2,99,0,29,5,2016,1,20,12,0,1,4,25,4,"CR-700","",99998,26.71938333,-80.43992778,0,1,0,0,1,1,0,4,2,10,0,10,0,"0000000",99,99,99,99,99,99,0,0,0,2,0
12,121262,2,2,0,0,0,2,2,57,0,15,6,2016,4,23,34,1,2,3,1,3,"SR-60","LIMONA RD",99998,27.93778611,-82.30416111,0,12,6,0,2,3,0,1,3,1,0,1,0,"0000000",99,99,99,99,99,99,0,0,0,1,1
12,121263,1,1,0,1,1,1,1,105,0,3,3,2016,5,15,7,1,2,3,1,2,"US-27","LUCERNE PARK RD",99998,28.080725,-81.64967778,0,8,0,0,1,1,0,1,1,1,0,1,0,"0000000",99,99,99,99,88,88,0,0,0,1,0
12,121264,2,2,0,0,0,2,2,103,2730,16,6,2016,5,10,37,0,1,5,25,5,"16TH ST","",99998,27.79165833,-82.65497222,0,12,2,0,8,1,0,1,1,1,0,1,0,"0000000",99,99,99,99,99,99,0,0,0,1,0
12,121265,3,3,0,0,0,5,5,99,290,28,5,2016,7,14,3,0,2,6,25,5,"JOG RD","CLINT MOORE RD",27,26.40786667,-80.14624722,0,12,1,0,3,2,0,1,1,1,0,1,0,"0000000",99,99,99,99,99,99,0,0,0,1,0
12,121266,1,1,0,1,1,1,1,86,2023,7,5,2016,7,6,10,1,2,3,1,2,"US-441","",99998,25.94430556,-80.20532222,0,8,0,0,1,1,0,1,3,1,0,1,0,"0000000",99,99,99,99,88,88,0,0,0,1,0
12,121267,1,1,0,1,1,1,1,11,1782,19,6,2016,1,22,53,0,2,5,25,5,"31ST AVE","",99998,26.13015278,-80.18641111,0,9,0,0,1,1,0,1,6,1,0,1,0,"0000000",99,99,99,99,99,99,0,0,0,1,0
12,121268,1,1,0,1,1,1,1,11,2083,3,6,2016,6,0,0,1,2,3,1,3,"SR-7","",99998,25.98239444,-80.20659722,0,8,0,0,1,1,0,1,3,1,0,1,0,"0000000",99,99,99,99,88,88,0,0,0,1,0
12,121269,1,1,0,1,1,1,1,103,9999,14,6,2016,3,2,35,1,1,3,1,3,"SR-686","58TH ST",99998,27.91615556,-82.71359722,0,8,0,0,3,2,0,1,2,1,0,1,0,"0000000",99,99,99,99,99,99,0,0,0,1,0
12,121270,2,2,0,0,0,9,9,99,1560,30,4,2016,7,21,30,1,2,1,1,1,"I-95","",99998,26.9345,-80.14986111,0,25,0,0,1,1,0,3,2,1,0,1,0,"0000000",99,99,99,99,99,99,0,0,0,6,0
12,121271,1,1,0,0,0,1,1,97,0,10,6,2016,6,12,23,1,1,3,1,3,"SR-538","",99998,28.22165278,-81.52275556,0,26,0,0,1,1,0,4,1,1,0,1,0,"0000000",99,99,99,99,99,99,0,0,0,1,0
12,121272,2,2,0,0,0,3,3,71,0,14,6,2016,3,15,47,0,2,4,98,4,"CR-884 JOEL BLVD","JOEL WAY",191,26.60893889,-81.60406111,0,12,6,0,2,3,0,1,1,10,0,10,0,"0000000",99,99,99,99,99,99,0,0,0,1,0
12,121273,3,1,2,2,3,1,2,86,2010,19,6,2016,1,18,50,1,2,3,1,3,"SR-826","",99998,25.92528889,-80.28866944,0,14,0,0,1,1,0,4,5,2,0,2,0,"0000000",99,99,99,99,99,99,19,0,0,1,1
12,121274,1,1,0,1,1,2,2,81,0,15,6,2016,4,7,23,1,2,3,1,2,"US-41","60TH AVE W",99998,27.43495556,-82.57540278,0,8,0,0,2,2,0,1,1,1,0,1,0,"0000000",99,99,99,99,99,99,0,0,0,1,0
12,121275,2,2,0,0,0,2,2,31,1510,11,6,2016,7,8,41,1,2,3,1,3,"SR-105","NEW BERLIN RD",99998,30.41203889,-81.56703056,0,12,1,0,3,2,0,1,1,1,0,1,0,"0000000",99,99,99,99,88,88,0,0,0,1,0
12,121276,2,2,0,0,0,2,2,11,771,9,6,2016,5,3,16,1,2,3,1,3,"SR-817","S UNIVERSITY DR",99998,26.09667222,-80.25103889,0,12,6,0,2,2,0,1,3,10,0,10,0,"0000000",99,99,99,99,99,99,0,0,0,1,1
12,121277,1,1,0,0,0,1,1,86,125,22,6,2016,4,22,5,1,2,2,1,3,"SR-856 WILLIAM LEHMAN CW","",99998,25.96861944,-80.14464722,0,25,0,0,1,1,0,3,3,1,0,1,0,"0000000",99,99,99,99,88,88,0,0,0,1,0
12,121278,1,1,0,0,0,1,1,86,0,26,3,2016,7,23,21,0,1,5,25,5,"NW 25TH ST","",99998,25.80076944,-80.19773889,0,33,0,0,1,1,0,4,3,1,0,1,0,"0000000",99,99,99,99,88,88,0,0,0,1,0
12,121279,1,1,0,0,0,1,1,109,0,25,5,2016,4,7,50,1,1,3,1,3,"SR-206","",99998,29.75669722,-81.29568333,0,11,0,0,1,1,0,1,1,1,0,1,0,"0000000",99,99,99,99,99,99,0,0,0,1,0
12,121280,1,1,0,0,0,1,1,75,0,6,6,2016,2,13,8,1,1,3,1,2,"US-19","135TH LN",99998,29.52676389,-82.88551389,0,59,0,1,3,2,0,3,1,2,0,2,0,"0000000",99,99,99,99,99,99,0,0,0,1,0
12,121281,4,4,0,0,0,4,4,11,2570,13,6,2016,2,11,25,1,2,3,1,2,"US-1","",99998,26.29599167,-80.09446667,0,33,0,0,1,1,0,3,1,1,0,1,0,"0000000",99,99,99,99,99,99,0,0,0,1,0
12,121282,1,1,0,1,1,1,1,83,2270,14,6,2016,3,12,12,1,2,3,1,3,"SR-200","44TH CT",99998,29.14058333,-82.19471667,0,15,0,0,3,2,0,1,1,1,0,1,0,"0000000",99,99,99,99,88,88,0,0,0,1,0
12,121283,1,1,0,0,0,1,1,9,3000,13,6,2016,2,15,44,1,2,3,1,2,"US-1","HARRISON ST",99998,28.58466944,-80.80146389,0,5,0,0,3,3,0,3,1,1,0,1,0,"0000000",99,99,99,99,88,88,27,0,0,1,0
12,121284,1,1,0,0,0,1,1,83,0,15,6,2016,4,19,20,0,1,7,25,5,"309TH TER RD","",99998,29.07693889,-81.6416,0,42,0,0,1,1,0,4,1,10,0,10,0,"0000000",99,99,99,99,99,99,0,0,0,1,1
12,121285,1,1,0,0,0,1,1,83,0,8,6,2016,4,22,10,0,1,4,25,4,"CR-25","",99998,29.00968056,-81.90848889,0,5,0,0,1,1,0,4,2,1,0,1,0,"0000000",99,99,99,99,88,88,0,0,0,1,1
12,121286,1,1,0,0,0,1,1,83,0,9,6,2016,5,3,15,0,1,5,25,5,"165 ST","",99998,29.38884167,-82.16221111,0,53,0,0,1,1,0,4,2,1,0,1,0,"0000000",99,99,99,99,88,88,0,0,0,1,1
12,121287,2,2,0,0,0,3,3,35,0,11,6,2016,7,14,5,1,1,3,1,3,"SR-100","CR-305",99998,29.48188056,-81.37236944,0,12,6,0,2,3,0,1,1,1,0,1,0,"0000000",99,99,99,99,88,88,0,0,0,1,0
12,121288,1,1,0,1,1,1,1,101,0,30,5,2016,2,21,42,1,1,3,1,2,"US-19","WINSOR MILL RD",99998,28.36137222,-82.69556944,0,9,0,0,8,1,0,1,3,1,0,1,0,"0000000",21,45,21,49,99,99,0,0,0,1,0
12,121289,1,1,0,1,1,1,1,31,1510,23,6,2016,5,22,11,1,2,3,1,3,"SR-212","",99998,30.30666667,-81.64,0,8,0,0,1,1,0,1,3,1,0,1,0,"0000000",99,99,99,99,88,88,0,0,0,1,0
12,121290,1,1,0,0,0,1,1,57,0,23,6,2016,5,1,18,0,2,3,25,7,"WILLIAMS RD","",99998,27.96835833,-82.31871944,0,42,0,0,1,1,0,5,3,10,0,10,0,"0000000",99,99,99,99,88,88,0,0,0,1,1
12,121291,1,1,0,1,1,1,1,11,2541,30,5,2016,2,5,12,1,2,3,1,3,"SR-817","SUNRISE BLVD",99998,26.14848056,-80.25698889,0,9,0,0,2,2,0,1,3,1,0,1,0,"0000000",99,99,99,99,88,88,0,0,0,1,0
12,121292,1,1,0,1,1,2,2,103,1770,11,6,2016,7,23,2,1,2,3,1,3,"SR-501","",99998,27.89238056,-82.74589722,0,8,0,0,1,1,0,1,2,1,0,1,0,"0000000",99,99,99,99,99,99,0,0,0,1,0
12,121293,1,1,0,0,0,1,1,57,0,23,6,2016,5,16,55,0,1,6,2,4,"CR-579","",99998,27.70061389,-82.30181389,0,3,0,0,1,1,0,5,1,1,0,1,0,"0000000",99,99,99,99,88,88,0,0,0,1,1
12,121294,1,1,0,0,0,2,2,57,0,5,6,2016,1,0,50,0,6,96,96,8,"CLIMATE DR","BREEZY DR",99998,27.91293056,-82.29524167,0,5,0,0,2,3,0,1,3,1,0,1,0,"0000000",99,99,99,99,99,99,0,0,0,1,0
12,121295,1,1,0,0,0,2,2,3,1860,6,6,2016,2,13,14,1,2,1,1,1,"I-10","",99998,30.2592,-82.12968056,0,31,0,0,1,1,0,5,1,2,0,2,0,"0000000",99,99,99,99,99,99,0,0,0,1,0
12,121296,1,1,0,0,0,1,1,11,771,19,6,2016,1,1,0,1,2,3,1,3,"SR-84","DAVIE ROAD",99998,26.09378056,-80.22662222,0,25,0,0,3,2,0,4,3,1,0,1,0,"0000000",99,99,99,99,88,88,0,0,0,1,1
12,121297,2,1,1,2,2,1,1,11,790,2,6,2016,5,23,55,1,2,1,1,1,"I-95","",99998,26.27501111,-80.12518889,0,8,0,0,1,1,0,1,3,1,0,1,0,"0000000",99,99,99,99,99,99,23,0,0,2,0
12,121298,1,1,0,0,0,6,6,97,0,20,6,2016,2,6,58,1,1,1,1,1,"I-4","",99998,28.26851111,-81.60565278,0,1,0,0,1,1,0,1,1,10,0,10,0,"0000000",99,99,99,99,99,99,0,0,0,1,0
12,121299,2,2,0,1,1,2,2,9,0,22,6,2016,4,21,45,1,2,3,1,2,"US-1","",99998,28.47720833,-80.76861944,0,8,0,0,1,1,0,1,2,1,0,1,0,"0000000",99,99,99,99,88,88,0,0,0,1,0
12,121300,1,1,0,1,1,1,1,57,2950,20,6,2016,2,3,11,1,2,3,1,3,"SR-580","",99998,27.99625556,-82.51923889,0,8,0,0,1,1,0,1,2,1,0,1,0,"0000000",99,99,99,99,88,88,0,0,0,1,0
12,121302,1,1,0,1,1,1,1,1,0,17,6,2016,6,21,59,1,1,3,1,2,"US-27","",99998,29.64731667,-82.60671111,0,8,0,0,1,1,0,1,2,1,0,1,0,"0000000",99,99,99,99,99,99,0,0,0,1,0
12,121303,2,2,0,0,0,3,3,81,0,16,6,2016,5,20,24,1,2,3,1,2,"US-41","",99998,27.54546111,-82.56434444,0,12,6,0,8,1,0,1,5,1,0,1,0,"0000000",99,99,99,99,99,99,0,0,0,1,0
12,121304,1,1,0,1,1,2,2,71,1070,25,6,2016,7,18,18,0,2,3,25,7,"JUPITER RD","",99998,26.65525,-81.81118333,0,9,0,0,1,1,0,1,1,10,0,10,0,"0000000",99,99,99,99,88,88,0,0,0,1,1
12,121305,2,2,0,0,0,5,5,9,2424,16,6,2016,5,16,49,0,1,7,25,6,"WINGHAM DR","ROLAND ST",99998,27.94357778,-80.70726111,0,12,6,0,2,2,0,1,1,2,0,2,0,"0000000",99,99,99,99,99,99,0,0,0,1,0
12,121306,1,1,0,0,0,1,1,86,0,9,6,2016,5,1,48,0,2,4,1,3,"SR-986 SW 72ND ST","",99998,25.70174722,-80.34606944,0,42,0,0,1,1,0,4,6,1,0,1,0,"0000000",99,99,99,99,88,88,0,0,0,1,0
12,121307,2,2,0,0,0,7,7,86,0,16,6,2016,5,21,17,1,2,3,1,3,"SR-932","NW 32ND AVE",99998,25.86787222,-80.25079444,0,12,6,0,2,2,0,1,3,1,0,1,0,"0000000",99,99,99,99,99,99,0,0,0,2,0
12,121308,1,1,0,0,0,1,1,97,0,2,6,2016,5,3,40,1,1,3,1,3,"SR-91","",99998,28.30791944,-81.36521111,0,42,0,0,1,1,0,5,2,1,0,1,0,"0000000",99,99,99,99,88,88,0,0,0,1,1
12,121310,1,1,0,1,1,2,2,95,0,8,6,2016,4,0,2,0,2,6,25,5,"PINE HILLS RD","VAN AKEN DR",99998,28.59156667,-81.45148889,0,8,0,0,3,3,0,1,2,10,0,10,0,"0000000",99,99,99,99,99,99,0,0,0,1,0
12,121311,2,2,0,0,0,5,5,95,3290,24,6,2016,6,21,58,0,2,3,1,4,"CR-535 WINTER GARDEN VINELAND","LAKE BUTLER BLVD",99998,28.49986944,-81.58751944,0,12,9,1,2,2,0,1,3,2,0,2,0,"0000000",99,99,99,99,99,99,0,0,0,1,1
12,121312,2,2,0,0,0,4,4,86,1340,25,6,2016,7,17,15,0,2,5,25,5,"PALM AVE","",99998,25.84685833,-80.28231111,0,12,6,0,8,1,0,1,1,1,0,1,0,"0000000",99,99,99,99,99,99,0,0,0,1,0
12,121313,1,1,0,0,0,1,1,86,0,15,5,2016,1,16,23,0,2,3,25,7,"SW 232ND ST","",2,25.55131944,-80.4089,0,38,0,0,1,1,0,5,1,1,0,1,0,"0000000",99,99,99,99,88,88,0,0,0,1,0
12,121314,1,1,0,0,0,1,1,86,0,19,6,2016,1,22,16,0,2,5,25,5,"112TH ST","104TH AVE",99998,25.66513056,-80.36344444,0,59,0,0,3,6,0,4,2,1,0,1,0,"0000000",99,99,99,99,88,88,0,0,0,1,0
12,121315,2,2,0,0,0,2,2,57,0,24,6,2016,6,19,37,0,1,4,25,4,"CR-582","",99998,28.14475278,-82.60244167,0,12,2,0,1,1,0,1,1,10,0,10,0,"0000000",99,99,99,99,99,99,0,0,0,1,0
12,121316,1,1,0,0,0,1,1,99,2674,6,6,2016,2,2,57,1,2,3,1,3,"SR-704","",99998,26.70945278,-80.21499722,0,42,0,0,1,1,0,3,2,10,0,10,0,"0000000",99,99,99,99,88,88,0,0,0,1,1
12,121317,2,2,0,0,0,3,3,99,0,11,6,2016,7,1,59,0,1,7,25,6,"WESTGATE AVE","",99998,26.70303333,-80.09581667,0,12,2,0,1,1,0,1,3,1,0,1,0,"0000000",99,99,99,99,99,99,0,0,0,1,1
12,121318,1,1,0,0,0,1,1,99,0,8,6,2016,4,6,45,0,2,3,25,5,"S JOG RD","",60,26.45554167,-80.14699722,0,33,0,0,1,1,0,3,4,10,0,10,0,"0000000",99,99,99,99,88,88,0,0,0,1,0
12,121319,2,2,0,0,0,2,2,99,0,1,6,2016,4,21,55,1,1,3,1,3,"SR-809","LAGUNA LN",99998,26.745525,-80.10936389,0,12,6,0,2,2,0,1,2,1,0,1,0,"0000000",99,99,99,99,99,99,0,0,0,1,1
12,121320,2,2,0,0,0,8,8,99,0,12,3,2016,7,18,28,0,2,7,25,5,"GARDEN RD","",99998,26.79428889,-80.09174167,0,12,2,0,1,1,0,2,2,1,0,1,0,"0000000",99,99,99,99,99,99,0,0,0,1,0
12,121321,2,2,0,0,0,3,3,99,0,13,6,2016,2,20,53,1,1,3,1,3,"SR-706","137TH AVE N",99998,26.94258889,-80.25145833,0,12,1,0,3,3,0,1,2,1,0,1,0,"0000000",99,99,99,99,99,99,0,0,0,1,0
12,121322,2,2,0,0,0,2,2,99,0,21,5,2016,7,9,52,0,2,5,98,5,"WOOLBRIGHT ROAD","EL CLAIR RANCH ROAD",0,26.51286389,-80.13909444,0,12,6,0,2,2,0,1,1,1,0,1,0,"0000000",99,99,99,99,99,99,0,0,0,1,0
12,121323,1,1,0,0,0,1,1,109,0,25,6,2016,7,19,26,1,1,3,1,3,"SR-206","",99998,29.72716111,-81.3995,0,42,0,0,1,1,0,4,5,1,0,1,0,"0000000",99,99,99,99,88,88,0,0,0,1,1
12,121324,1,1,0,0,0,1,1,65,0,16,6,2016,5,2,0,1,1,3,1,3,"SR-59","",99998,30.37421944,-84.00055556,0,1,0,0,1,1,4,4,2,10,0,10,0,"0000000",99,99,99,99,88,88,0,0,0,1,1
12,121325,1,1,0,0,0,1,1,79,0,19,6,2016,1,12,0,1,1,2,1,2,"US-90","",99998,30.49172222,-83.71118056,0,18,0,0,1,1,4,4,1,1,0,1,0,"0000000",99,99,99,99,88,88,0,0,0,1,1
12,121326,2,2,0,0,0,2,2,7,0,24,6,2016,6,18,33,1,1,3,1,3,"SR-21","",99998,29.75286111,-82.05646111,0,12,1,0,1,1,0,1,1,1,0,1,0,"0000000",99,99,99,99,99,99,0,0,0,1,0
12,121327,2,2,0,0,0,3,3,49,0,20,6,2016,2,8,24,0,1,4,25,4,"CR-663","",99998,27.36779722,-81.91306667,0,12,6,0,1,1,0,1,1,10,0,10,0,"0000000",99,99,99,99,99,99,0,0,0,1,0
12,121328,1,1,0,1,1,2,2,86,0,5,6,2016,1,7,47,1,2,3,1,3,"SR-976","",99998,25.73233333,-80.36618889,0,9,0,0,1,1,0,4,1,1,0,1,0,"0000000",99,99,99,99,88,88,0,0,0,1,1
12,121329,3,3,0,0,0,3,3,81,0,20,6,2016,2,12,35,0,1,7,25,6,"HONORE AVE","UNIVERSITY PKWY",99998,27.388525,-82.46383889,0,12,1,0,3,2,0,1,1,1,0,1,0,"0000000",99,99,99,99,99,99,0,0,0,1,0
12,121330,1,1,0,1,1,2,2,97,0,6,6,2016,2,0,1,0,2,6,25,5,"NEPTUNE RD","",99998,28.27252778,-81.35556389,0,8,0,0,1,1,0,1,3,10,0,10,0,"0000000",99,99,99,99,88,88,0,0,0,1,0
12,121331,2,2,0,0,0,2,2,133,0,25,6,2016,7,21,10,1,1,3,1,3,"SR-79","",99998,30.54924722,-85.825275,0,12,1,0,1,1,0,1,2,1,0,1,0,"0000000",99,99,99,99,99,99,0,0,0,1,1
12,121332,1,1,0,0,0,1,1,19,0,24,6,2016,6,11,50,0,1,4,25,4,"CR-220","",99998,30.09953333,-81.74868889,0,1,0,0,1,1,0,3,1,1,0,1,0,"0000000",99,99,99,99,99,99,0,0,0,1,0
12,121333,1,1,0,1,1,3,3,97,0,21,6,2016,3,1,50,1,2,3,1,2,"US-192","SEVEN DWARFS LN",99998,28.32638889,-81.47073611,0,8,0,0,1,1,0,1,3,1,0,1,0,"0000000",99,99,99,99,88,88,0,0,0,1,0
12,121334,1,1,0,1,1,2,2,95,2360,23,6,2016,5,20,0,0,2,7,25,6,"SOLANDRA DR","",99998,28.54585,-81.31164722,0,8,0,0,4,1,0,1,1,1,0,1,0,"0000000",99,99,99,99,99,99,0,0,0,1,0
12,121335,4,4,0,0,0,6,6,71,457,27,6,2016,2,18,43,1,2,2,98,8,"VETERANS PKWY","",99998,26.60582222,-81.95594167,0,12,2,0,1,1,0,1,1,10,0,10,0,"0000000",99,99,99,99,99,99,0,0,0,1,0
12,121336,1,1,0,0,0,1,1,115,0,24,6,2016,6,11,45,1,1,1,1,1,"I-75","",99998,27.26810556,-82.44873056,0,24,0,0,1,1,0,4,1,1,0,1,0,"0000000",99,99,99,99,88,88,0,0,0,1,0