"STATE","ST_CASE","VE_TOTAL","VE_FORMS","PVH_INVL","PEDS","PERNOTMVIT","PERMVIT","PERSONS","COUNTY","CITY","DAY","MONTH","YEAR","DAY_WEEK","HOUR","MINUTE","NHS","RUR_URB","FUNC_SYS","RD_OWNER","ROUTE","TWAY_ID","TWAY_ID2","MILEPT","LATITUDE","LONGITUD","SP_JUR","HARM_EV","MAN_COLL","RELJCT1","RELJCT2","TYP_INT","WRK_ZONE","REL_ROAD","LGT_COND","WEATHER1","WEATHER2","WEATHER","SCH_BUS","RAIL","NOT_HOUR","NOT_MIN","ARR_HOUR","ARR_MIN","HOSP_HR","HOSP_MN","CF1","CF2","CF3","FATALS","DRUNK_DR"
12,121337,7,7,0,0,0,11,11,105,1690,21,6,2016,3,7,55,1,2,1,1,1,"I-4","",99998,28.16541667,-81.77765,0,12,7,0,1,1,0,1,1,1,0,1,0,"0000000",99,99,99,99,99,99,14,0,0,4,0
12,121338,1,1,0,0,0,1,1,57,0,24,6,2016,6,1,20,1,2,1,1,1,"I-275","",99998,28.09086944,-82.45465,0,25,0,0,1,1,0,4,3,1,0,1,0,"0000000",99,99,99,99,88,88,0,0,0,1,0
12,121339,1,1,0,1,1,1,1,107,0,21,6,2016,3,21,52,1,1,2,1,2,"US-17","",99998,29.63478611,-81.58885556,0,8,0,0,1,1,0,1,2,1,0,1,0,"0000000",99,99,99,99,99,99,0,0,0,1,0
12,121340,1,1,0,0,0,3,3,11,672,22,6,2016,4,0,10,0,2,3,1,3,"SR-869","",99998,26.30153611,-80.23647222,0,39,0,0,1,1,0,3,3,2,0,2,0,"0000000",99,99,99,99,88,88,0,0,0,3,1
12,121341,1,1,0,1,1,3,3,131,0,26,6,2016,1,3,9,0,1,4,25,4,"CR-1084","",99998,30.8492,-86.17588056,0,8,0,0,1,1,0,1,2,1,0,1,0,"0000000",99,99,99,99,88,88,0,0,0,1,0
12,121342,1,1,0,1,1,2,2,87,1568,23,6,2016,5,16,35,1,2,3,1,3,"SR-5","",99998,25.078,-80.45926111,0,8,0,0,1,1,0,1,1,1,0,1,0,"0000000",99,99,99,99,99,99,0,0,0,1,0
12,121343,1,1,0,0,0,4,4,19,0,27,6,2016,2,0,13,0,2,6,25,5,"INDIGO RD","",99998,30.05073056,-81.91623889,0,53,0,0,1,1,0,4,2,1,0,1,0,"0000000",99,99,99,99,99,99,0,0,0,1,1
12,121344,1,1,0,1,1,1,1,17,0,20,6,2016,2,20,55,0,1,4,25,4,"CR-488","",99998,29.04009167,-82.48513333,0,8,0,0,1,1,0,1,2,1,0,1,0,"0000000",99,99,99,99,88,88,0,0,0,1,0
12,121345,1,1,0,0,0,2,2,29,0,25,6,2016,7,19,12,1,1,3,1,3,"SR-349","",99998,29.79248333,-82.97309722,0,42,0,0,1,1,0,5,1,1,0,1,0,"0000000",99,99,99,99,99,99,0,0,0,1,0
12,121346,1,1,0,1,1,2,2,95,2360,18,6,2016,7,2,7,0,2,4,1,3,"SR-552","",99998,28.51847778,-81.29651389,0,8,0,0,1,1,0,1,2,1,0,1,0,"0000000",99,99,99,99,88,88,0,0,0,1,0
12,121347,1,1,0,0,0,4,4,115,2780,21,3,2016,2,2,37,0,1,7,25,6,"UNIVERSITY PKWY","",99998,27.38180833,-82.54583333,0,42,0,0,1,1,0,3,2,1,0,1,0,"0000000",99,99,99,99,99,99,0,0,0,3,1
12,121348,1,1,0,0,0,1,1,129,0,12,6,2016,1,16,30,0,1,5,25,5,"COMMERCE BLVD","",99998,30.26841111,-84.23386667,0,1,0,0,1,1,0,4,1,10,0,10,0,"0000000",99,99,99,99,99,99,0,0,0,1,1
12,121349,2,2,0,0,0,2,2,105,1270,17,6,2016,6,7,35,1,2,3,1,3,"SR-25","PATTERSON ROAD",99998,28.14313611,-81.63736111,0,12,2,0,2,2,0,1,1,1,0,1,0,"0000000",99,99,99,99,99,99,0,0,0,1,0
12,121350,1,1,0,1,1,1,1,127,780,24,6,2016,6,0,2,1,2,3,1,3,"SR-430","",99998,29.22299167,-81.03946944,0,8,0,0,1,1,0,1,2,1,0,1,0,"0000000",99,99,99,99,88,88,0,0,0,1,0
12,121351,2,2,0,0,0,2,2,19,0,29,6,2016,4,10,26,1,2,3,1,3,"SR-21 BLANDING BLVD","JEFFERSON AVE",99998,30.13231389,-81.78346111,0,12,6,0,2,3,0,1,1,1,0,1,0,"0000000",99,99,99,99,99,99,0,0,0,1,0
12,121352,2,2,0,0,0,3,3,11,633,16,6,2016,5,15,13,0,2,6,25,5,"LYONS RD","34TH ST",99998,26.268925,-80.18628611,0,12,6,0,2,2,0,1,1,10,0,10,0,"0000000",99,99,99,99,99,99,0,0,0,1,0
12,121353,2,2,0,0,0,2,2,23,0,27,6,2016,2,3,51,1,1,3,1,3,"SR-100","",99998,30.10851944,-82.4923,0,12,2,0,1,1,0,1,2,1,0,1,0,"0000000",99,99,99,99,99,99,0,0,0,1,0
12,121355,1,1,0,0,0,1,1,105,0,27,5,2016,6,13,21,1,1,3,98,2,"US-98","",99998,27.74807222,-81.75242778,0,42,0,0,1,1,0,4,1,1,0,1,0,"0000000",99,99,99,99,99,99,0,0,0,1,1
12,121356,1,1,0,1,1,1,1,31,0,2,7,2016,7,21,28,0,1,5,25,5,"MERRILL RD","",99998,30.35166667,-81.59793056,0,8,0,0,1,1,0,1,3,1,0,1,0,"0000000",99,99,99,99,99,99,0,0,0,1,0
12,121357,1,1,0,0,0,1,1,86,0,23,6,2016,5,0,55,0,1,5,25,5,"SW 136TH ST","",99998,25.63773056,-80.48351944,0,38,0,0,1,1,0,5,2,1,0,1,0,"0000000",99,99,99,99,88,88,0,0,0,1,0
12,121358,2,2,0,0,0,2,2,1,1130,30,6,2016,5,20,39,1,2,3,1,3,"SR-20","21ST ST",99998,29.64694444,-82.29760833,0,12,6,0,2,2,0,1,5,1,0,1,0,"0000000",99,99,99,99,88,88,0,0,0,1,0
12,121359,2,2,0,0,0,3,3,9,0,2,7,2016,7,15,13,1,2,3,1,2,"US-1","CANAVERAL GROVES BLVD",99998,28.43223056,-80.76020278,0,12,2,1,2,2,0,1,1,1,0,1,0,"0000000",99,99,99,99,99,99,0,0,0,1,0
12,121360,1,1,0,0,0,1,1,9,620,24,4,2016,1,3,0,1,2,3,1,3,"SR-520","",99998,28.35603611,-80.73059167,0,39,0,0,1,1,0,4,3,1,0,1,0,"0000000",99,99,99,99,88,88,0,0,0,1,1
12,121361,2,2,0,0,0,2,2,57,0,28,6,2016,3,12,1,0,1,5,98,4,"CR-640 LITHIA PINECREST RD","",41,27.85061389,-82.07696944,0,54,11,0,1,1,0,1,1,1,0,1,0,"0000000",99,99,99,99,88,88,14,0,0,1,0
12,121362,3,2,1,0,0,3,3,103,0,11,6,2016,7,22,45,0,1,4,25,4,"CR-681","47TH AVE",99998,27.81501667,-82.67131944,0,12,1,0,2,2,0,1,3,1,0,1,0,"0000000",99,99,99,99,99,99,0,0,0,1,1
12,121363,1,1,0,0,0,3,3,95,0,27,6,2016,2,4,35,1,1,3,1,3,"SR-408","",99998,28.54625556,-81.43049167,0,24,0,1,19,1,0,4,3,1,0,1,0,"0000000",99,99,99,99,99,99,0,0,0,1,1
12,121364,3,3,0,0,0,3,3,101,0,11,6,2016,7,16,0,0,2,4,98,4,"CR-1","NEW YORK AVE",72,28.37513056,-82.65841944,0,12,6,1,2,2,0,1,1,1,0,1,0,"0000000",99,99,99,99,99,99,14,0,0,1,0
12,121365,1,1,0,0,0,1,1,105,0,2,5,2016,2,6,11,0,2,6,25,5,"LAKE PATRICK RD","",99998,27.81969167,-81.51465278,0,11,0,0,1,1,0,1,2,5,0,5,0,"0000000",99,99,99,99,99,99,0,0,0,1,0
12,121366,2,2,0,0,0,3,3,105,0,15,5,2016,1,18,41,0,2,6,25,5,"DUFF RD","",99998,28.13564444,-81.99782778,0,12,2,0,1,1,0,1,5,1,0,1,0,"0000000",99,99,99,99,88,88,0,0,0,1,1
12,121367,1,1,0,0,0,3,3,73,2940,2,7,2016,7,22,0,0,2,5,25,5,"KILKIERANE DR","KILKENNY DR",99998,30.51022778,-84.23612222,0,5,0,0,1,1,0,1,3,1,0,1,0,"0000000",99,99,99,99,99,99,0,0,0,1,1
12,121368,1,1,0,0,0,1,1,105,0,7,6,2016,3,12,30,1,1,3,1,2,"US-17","",99998,27.66483611,-81.82301111,0,38,0,0,1,1,0,5,1,1,0,1,0,"0000000",99,99,99,99,88,88,0,0,0,1,0
12,121369,2,2,0,0,0,2,2,73,0,3,7,2016,1,16,10,1,1,3,1,3,"SR-373","",99998,30.37890556,-84.35130556,0,12,2,0,1,1,0,1,1,10,0,10,0,"0000000",99,99,99,99,88,88,0,0,0,2,0
12,121370,2,2,0,0,0,2,2,86,0,23,6,2016,5,15,9,0,2,5,25,5,"104TH ST","92ND AVE",99998,25.67324167,-80.34320278,0,12,6,0,2,2,0,1,1,1,0,1,0,"0000000",99,99,99,99,99,99,0,0,0,1,0
12,121371,1,1,0,0,0,1,1,69,0,21,6,2016,3,14,55,0,1,4,25,4,"CR-565","",99998,28.59011111,-81.87218056,0,42,0,0,1,1,0,4,1,1,0,1,0,"0000000",99,99,99,99,88,88,0,0,0,1,0
12,121372,1,1,0,0,0,1,1,86,2220,19,6,2016,1,4,56,1,2,1,1,1,"I-95","",99998,25.86931111,-80.20856944,0,25,0,0,1,1,0,3,3,10,0,10,0,"0000000",99,99,99,99,88,88,0,0,0,1,1
12,121373,2,2,0,0,0,2,2,93,0,28,6,2016,3,6,9,1,1,3,1,3,"SR-70","SE 128TH AVE",185,27.29110556,-80.69725,0,12,6,1,2,2,4,1,4,1,0,1,0,"0000000",99,99,99,99,99,99,0,0,0,1,1
12,121374,1,1,0,0,0,4,4,97,0,26,6,2016,1,9,11,1,1,3,1,3,"SR-91","",99998,27.94026111,-81.07618889,0,1,0,0,1,1,0,1,1,10,0,10,0,"0000000",99,99,99,99,99,99,0,0,0,1,0
12,121375,1,1,0,1,1,1,1,37,0,25,6,2016,7,4,40,1,1,3,1,3,"SR-30","",99998,29.87058889,-84.61133056,0,8,0,0,1,1,0,1,2,1,0,1,0,"0000000",99,99,99,99,88,88,0,0,0,1,0
12,121376,2,2,0,0,0,3,3,13,0,16,6,2016,5,23,0,1,1,3,98,3,"SR-20","",99998,30.42713889,-85.11428889,0,12,2,0,1,1,0,1,2,1,0,1,0,"0000000",99,99,99,99,99,99,0,0,0,1,0
12,121377,1,1,0,0,0,1,1,86,0,24,6,2016,6,4,26,1,2,3,1,3,"SR-94","SW 82 AVE",99998,25.68806944,-80.32740278,0,30,0,0,3,3,0,4,3,10,0,10,0,"0000000",99,99,99,99,88,88,0,0,0,1,1
12,121378,1,1,0,1,1,2,2,83,0,26,6,2016,1,21,30,0,1,4,25,4,"CR-25","",99998,29.03791667,-81.95567778,0,9,0,0,1,1,0,1,2,1,0,1,0,"0000000",99,99,99,99,88,88,0,0,0,1,1
12,121379,2,2,0,0,0,4,4,57,2950,3,7,2016,1,1,4,1,2,3,1,3,"SR-60","",99998,27.967475,-82.56805,0,12,1,0,1,1,0,1,3,1,0,1,0,"0000000",99,99,99,99,99,99,0,0,0,1,0
12,121380,1,1,0,1,1,1,1,103,2730,28,6,2016,3,21,35,1,2,3,1,2,"US-19","",99998,27.80161944,-82.679475,0,8,0,0,1,1,0,1,3,1,0,1,0,"0000000",99,99,99,99,88,88,0,0,0,1,0
12,121381,1,1,0,0,0,1,1,57,0,1,7,2016,6,0,0,0,1,5,25,5,"BALM BOYETTE RD","",99998,27.77708333,-82.25100833,0,59,0,0,1,1,0,4,2,8,0,8,0,"0000000",99,99,99,99,88,88,0,0,0,1,1
12,121382,1,1,0,0,0,1,1,95,0,26,6,2016,1,3,57,0,2,3,25,5,"BOGGY CREEK RD","",99998,28.36393889,-81.30983056,0,24,0,0,1,1,0,4,2,1,0,1,0,"0000000",99,99,99,99,99,99,0,0,0,1,1
12,121383,1,1,0,0,0,1,1,11,771,22,6,2016,4,20,58,1,1,3,1,1,"I-595","",99998,26.12004444,-80.343275,0,3,0,0,1,1,0,5,3,10,0,10,0,"0000000",99,99,99,99,99,99,0,0,0,1,0
12,121384,1,1,0,1,1,2,2,57,0,3,7,2016,1,4,25,0,2,6,25,5,"BULL FROG CREEK RD","",99998,27.79733889,-82.35232222,0,8,0,0,1,1,0,1,3,1,0,1,0,"0000000",99,99,99,99,88,88,0,0,0,1,0
12,121385,2,2,0,0,0,2,2,99,0,23,6,2016,5,22,19,0,1,5,25,5,"SUMMIT BLVD","KIRK ROAD",99998,26.66256944,-80.10460278,0,12,6,0,2,2,0,1,3,10,0,10,0,"0000000",99,99,99,99,99,99,0,0,0,1,0
12,121386,1,1,0,0,0,1,1,31,1510,5,7,2016,3,4,35,1,2,1,1,1,"I-95 RAMP","",99998,30.18515,-81.55781389,0,1,0,1,5,1,0,4,2,1,0,1,0,"0000000",99,99,99,99,88,88,0,0,0,1,0
12,121387,1,1,0,0,0,1,1,103,2806,28,6,2016,3,23,30,0,1,4,25,4,"CR-694","",99998,27.84191111,-82.7954,0,33,0,0,1,1,0,3,2,1,0,1,0,"0000000",99,99,99,99,99,99,0,0,0,1,1
12,121388,2,2,0,0,0,2,2,57,0,12,6,2016,1,21,48,1,2,2,1,1,"I-75","",99998,27.89203889,-82.348525,0,12,1,0,1,1,0,2,2,10,0,10,0,"0000000",99,99,99,99,88,88,0,0,0,1,0
12,121389,2,2,0,0,0,3,3,59,0,3,7,2016,1,11,38,1,1,1,1,1,"I-10","",99998,30.76128333,-85.72973333,0,12,7,0,1,1,0,1,1,10,0,10,0,"0000000",99,99,99,99,99,99,0,0,0,1,0
12,121390,2,2,0,0,0,36,36,129,0,2,7,2016,7,5,16,1,1,3,1,2,"US-98","SR-363",99998,30.19054167,-84.21557778,0,12,6,0,2,2,0,1,3,1,0,1,0,"0000000",99,99,99,99,99,99,0,0,0,4,0
12,121391,4,4,0,0,0,8,8,87,1505,27,6,2016,2,19,52,1,2,3,1,2,"US-1","",99998,24.95465,-80.58246944,0,12,2,0,1,1,0,1,2,10,0,10,0,"0000000",99,99,99,99,99,99,14,0,0,1,1
12,121392,2,1,1,0,1,2,3,119,0,2,7,2016,7,9,50,1,1,1,1,1,"I-75","",99998,28.63033889,-82.17061944,0,45,0,0,1,1,4,2,1,1,0,1,0,"0000000",99,99,99,99,99,99,0,0,0,1,0
12,121393,1,1,0,0,0,2,2,89,0,3,7,2016,1,1,47,0,1,4,25,4,"CR-107","",99998,30.62471389,-81.52920833,0,32,0,0,1,1,0,4,2,1,0,1,0,"0000000",99,99,99,99,99,99,0,0,0,1,0
12,121394,1,1,0,0,0,1,1,81,0,26,5,2016,5,13,0,1,2,2,1,3,"SR-93A","",99998,27.59676111,-82.50673889,0,1,0,1,19,1,0,4,1,1,0,1,0,"0000000",99,99,99,99,88,88,0,0,0,1,0
12,121395,2,2,0,0,0,2,2,95,0,26,6,2016,1,22,34,0,2,6,25,5,"PERCIVAL ROAD","RUTGERS AVENUE",99998,28.58645556,-81.17835556,0,12,2,0,2,3,0,1,3,1,0,1,0,"0000000",99,99,99,99,99,99,0,0,0,1,0
12,121396,2,2,0,0,0,2,2,83,0,2,7,2016,7,15,56,1,1,3,1,2,"US-441","",99998,29.13919167,-82.11019167,0,12,6,0,4,1,0,1,1,1,0,1,0,"0000000",99,99,99,99,99,99,0,0,0,1,0
12,121397,2,2,0,0,0,2,2,81,0,27,5,2016,6,9,2,0,1,4,25,4,"CR-6","I-75",99998,27.60070278,-82.50149444,0,12,6,1,5,1,0,1,1,1,0,1,0,"0000000",99,99,99,99,88,88,0,0,0,1,0
12,121398,1,1,0,1,1,1,1,95,0,28,6,2016,3,23,49,0,2,4,25,5,"BOGGY CREEK RD","",99998,28.35626667,-81.30965278,0,9,0,0,1,1,0,1,2,2,0,2,0,"0000000",99,99,99,99,88,88,0,0,0,1,1
12,121399,4,4,0,0,0,7,7,57,0,2,7,2016,7,5,40,1,2,3,1,2,"US-301","",99998,28.07953056,-82.28518056,0,12,2,0,1,1,0,1,2,1,0,1,0,"0000000",99,99,99,99,99,99,0,0,0,3,1
12,121400,2,2,0,0,0,3,3,95,0,4,7,2016,2,1,11,0,1,4,25,4,"CR-527A","BOGGY CREEK RD",99998,28.37537778,-81.3094,0,12,6,0,2,2,0,1,3,1,0,1,0,"0000000",99,99,99,99,99,99,0,0,0,2,0
12,121401,1,1,0,1,1,1,1,87,1580,29,6,2016,4,0,44,0,1,7,25,6,"BAHAMA DR","EATON ST",99998,24.55728889,-81.802825,0,8,0,0,3,3,0,1,2,1,0,1,0,"0000000",99,99,99,99,99,99,0,0,0,1,0
12,121402,2,2,0,0,0,2,2,111,2601,7,7,2016,5,15,4,0,2,3,25,5,"SW BAYSHORE BLVD","LAKEHURST DR",6,27.30809444,-80.3708,0,12,6,0,2,2,0,1,1,1,0,1,0,"0000000",99,99,99,99,99,99,0,0,0,1,0
12,121403,1,1,0,1,1,1,1,57,2950,29,6,2016,4,19,15,1,2,1,1,1,"I-275","",99998,27.93161111,-82.57636111,0,9,0,0,1,1,0,2,1,1,0,1,0,"0000000",99,99,99,99,88,88,0,0,0,1,1
12,121404,2,2,0,0,0,5,5,103,0,1,7,2016,6,21,40,1,1,1,1,1,"I-275","",99998,27.91520556,-82.618775,0,12,7,0,1,1,0,1,3,1,0,1,0,"0000000",99,99,99,99,99,99,0,0,0,3,1
12,121405,2,2,0,0,0,8,8,63,0,2,7,2016,7,4,30,1,1,1,1,1,"I-10","",99998,30.72208611,-85.19430833,0,12,1,0,1,1,0,1,2,1,0,1,0,"0000000",99,99,99,99,88,88,0,0,0,2,0
12,121406,4,4,0,0,0,4,4,9,0,30,6,2016,5,9,20,1,1,1,1,1,"I-95","",99998,28.03455,-80.6559,0,24,0,0,1,1,0,3,1,1,0,1,0,"0000000",99,99,99,99,99,99,14,0,0,1,0
12,121407,3,3,0,1,1,3,3,9,0,1,7,2016,6,4,45,0,2,3,25,7,"CITRUS BLVD","",99998,28.42501389,-80.81191667,0,8,0,0,1,1,0,1,2,10,0,10,0,"0000000",99,99,99,99,88,88,0,0,0,1,0
12,121408,1,1,0,0,0,1,1,127,2580,4,7,2016,2,17,45,0,1,7,25,6,"CITY CENTER PKWY","LOCHTE WAY",99998,29.12411667,-81.01826944,0,1,0,0,3,3,0,6,1,1,0,1,0,"0000000",99,99,99,99,99,99,0,0,0,1,1
12,121409,3,1,2,0,0,1,1,86,0,6,3,2016,1,23,8,0,2,4,25,5,"160TH ST","",99998,25.62088611,-80.36226111,0,30,0,0,1,1,0,4,3,1,0,1,0,"0000000",99,99,99,99,88,88,0,0,0,1,0
12,121412,4,4,0,0,0,4,4,31,1510,29,6,2016,4,6,40,1,2,1,1,1,"I-95","",99998,30.34736111,-81.66826111,0,12,1,0,1,1,0,1,1,10,0,10,0,"0000000",99,99,99,99,99,99,0,0,0,1,0
12,121413,1,1,0,0,0,1,1,86,0,21,5,2016,7,23,16,0,1,7,25,6,"207TH AVE","",99998,25.52886111,-80.52661667,0,38,0,0,1,1,0,5,2,1,0,1,0,"0000000",99,99,99,99,99,99,0,0,0,1,0
12,121414,1,1,0,0,0,2,2,86,0,25,6,2016,7,1,54,0,2,5,25,6,"SW 137TH AVE","",99998,25.50235278,-80.41230833,0,42,0,0,1,1,0,3,3,1,0,1,0,"0000000",99,99,99,99,99,99,0,0,0,1,0
12,121415,1,1,0,0,0,1,1,1,1130,10,7,2016,1,1,36,1,2,3,1,3,"SR-26","",99998,29.65206389,-82.37315,0,33,0,0,1,1,0,3,3,1,0,1,0,"0000000",99,99,99,99,99,99,0,0,0,1,0
12,121416,2,2,0,0,0,2,2,95,1895,11,6,2016,7,22,52,0,1,5,25,5,"MAITLAND SUMMIT BLVD","PEMBROOK DR",99998,28.63280556,-81.40509722,0,12,99,0,2,6,0,1,3,10,0,10,0,"0000000",99,99,99,99,99,99,0,0,0,1,0
12,121417,2,2,0,0,0,3,3,93,0,5,7,2016,3,6,15,1,1,3,1,3,"SR-70","",173,27.27936667,-80.71309722,0,12,2,0,1,1,4,2,4,1,0,1,0,"0000000",99,99,99,99,99,99,0,0,0,1,0
12,121418,1,1,0,0,0,2,2,99,0,18,6,2016,7,11,58,1,2,1,1,1,"I-95","",99998,26.70608056,-80.0785,0,1,0,1,19,1,0,4,1,1,0,1,0,"0000000",99,99,99,99,99,99,0,0,0,1,0
12,121419,2,2,0,0,0,9,9,23,0,9,7,2016,7,10,30,1,1,1,1,1,"I-75","",99998,30.01528333,-82.60751111,0,12,6,0,1,1,0,1,1,1,0,1,0,"0000000",99,99,99,99,99,99,0,0,0,1,0
12,121420,1,1,0,1,1,1,1,71,0,16,6,2016,5,22,46,1,1,3,1,3,"SR-78","",99998,26.68598889,-81.86866944,0,8,0,0,1,1,0,1,2,1,0,1,0,"0000000",99,99,99,99,88,88,0,0,0,1,0
12,121421,1,1,0,0,0,1,1,9,0,23,6,2016,5,18,16,1,2,3,1,2,"US-1 N COCOA BLVD","",99998,28.47709444,-80.76857222,0,38,0,0,1,1,0,4,1,1,0,1,0,"0000000",99,99,99,99,99,99,0,0,0,1,1
12,121422,1,1,0,1,1,3,3,95,0,3,7,2016,1,0,25,0,1,5,25,5,"UNIVERSITY BLVD","",99998,28.59785833,-81.22075833,0,8,0,0,1,1,0,1,3,1,0,1,0,"0000000",99,99,99,99,99,99,0,0,0,1,0
12,121423,1,1,0,1,1,1,1,95,0,8,7,2016,6,22,33,0,1,4,25,4,"CR-527","CYPRESS ST",99998,28.43346111,-81.36821111,0,8,0,1,2,3,0,1,3,1,0,1,0,"0000000",99,99,99,99,88,88,0,0,0,1,0
12,121424,1,1,0,0,0,2,2,11,2468,10,7,2016,1,22,0,1,2,3,1,4,"CR-822","",99998,26.03100278,-80.24408889,0,41,0,0,1,1,0,5,3,1,0,1,0,"0000000",99,99,99,99,88,88,0,0,0,1,0
12,121425,2,2,0,0,0,3,3,99,3190,10,7,2016,1,21,0,1,1,3,1,3,"SR-704A","",99998,26.737325,-80.06798333,0,5,0,0,1,1,0,1,3,1,0,1,0,"0000000",99,99,99,99,99,99,0,0,0,1,0
12,121426,1,1,0,0,0,8,8,81,0,2,7,2016,7,19,46,0,1,5,25,5,"3RD AVE","50TH ST",99998,27.55881944,-82.56578889,0,5,0,0,2,2,0,1,1,1,0,1,0,"0000000",99,99,99,99,99,99,0,0,0,1,0
12,121427,3,3,0,0,0,3,3,11,1420,14,5,2016,7,18,2,1,2,3,1,3,"SR-7","",99998,25.98705833,-80.20681111,0,12,2,0,1,1,0,1,1,1,0,1,0,"0000000",99,99,99,99,99,99,0,0,0,1,0
12,121428,1,1,0,1,1,1,1,11,3250,10,6,2016,6,3,2,1,2,3,1,2,"US-1","",99998,26.09041944,-80.13666111,0,8,0,0,1,1,0,1,3,1,0,1,0,"0000000",99,99,99,99,88,88,0,0,0,1,0
12,121430,1,1,0,0,0,1,1,39,0,9,7,2016,7,4,30,0,1,4,25,4,"CR-157","",99998,30.63595,-84.36191944,0,18,0,0,1,1,0,4,2,1,0,1,0,"0000000",99,99,99,99,88,88,0,0,0,1,1
12,121431,1,1,0,1,1,4,4,81,3148,2,7,2016,7,13,45,1,2,3,1,3,"SR-45","",99998,27.48143611,-82.57531111,0,8,0,0,1,1,0,1,1,1,0,1,0,"0000000",99,99,99,99,99,99,0,0,0,1,0
12,121432,1,1,0,1,1,2,2,75,0,4,7,2016,2,12,50,1,1,3,1,3,"SR-24","",99998,29.48186111,-82.59931944,0,9,0,0,1,1,0,4,1,1,0,1,0,"0000000",99,99,99,99,99,99,0,0,0,1,0
12,121433,3,3,0,0,0,4,4,129,0,4,7,2016,2,17,12,0,1,4,25,4,"CR-365","CATAWBA TRAIL",99998,30.17543056,-84.30898056,0,12,6,0,2,3,0,1,1,10,0,10,0,"0000000",99,99,99,99,88,88,14,0,0,1,0
12,121434,1,1,0,1,1,1,1,109,0,6,7,2016,4,17,20,0,1,4,25,4,"CR-210","",99998,30.13549722,-81.38140278,0,9,0,0,1,1,0,1,1,1,0,1,0,"0000000",99,99,99,99,99,99,0,0,0,1,0
12,121435,1,1,0,0,0,2,2,11,1050,21,6,2016,3,23,23,1,2,1,1,1,"I-95","",99998,26.13643056,-80.16951111,0,30,0,1,19,1,0,4,3,2,0,2,0,"0000000",99,99,99,99,99,99,0,0,0,1,0
12,121436,3,3,0,0,0,7,7,86,0,11,7,2016,2,7,58,1,2,1,1,1,"I-95","",99998,25.91313056,-80.21001944,0,12,6,0,1,1,0,1,1,10,0,10,0,"0000000",99,99,99,99,99,99,0,0,0,2,0
12,121437,1,1,0,1,1,1,1,19,0,9,7,2016,7,7,10,0,1,4,25,4,"CR-218","",99998,30.03972778,-81.83591944,0,8,0,0,1,1,0,1,1,1,0,1,0,"0000000",99,99,99,99,88,88,0,0,0,1,0
12,121438,1,1,0,1,1,1,1,11,2468,11,7,2016,2,22,41,1,2,3,1,3,"SR-820","",99998,26.01136111,-80.39535,0,8,0,0,1,1,0,1,3,1,0,1,0,"0000000",99,99,99,99,88,88,0,0,0,1,0
12,121439,1,1,0,0,0,1,1,23,0,3,7,2016,1,19,45,0,1,5,25,5,"SW KING ST","",99998,30.10381111,-82.68735,0,1,0,0,1,1,0,1,1,1,0,1,0,"0000000",99,99,99,99,99,99,0,0,0,1,0
12,121440,1,1,0,0,0,2,2,57,0,11,7,2016,2,20,30,0,2,6,25,5,"TAYLOR GILL RD","",99998,27.68335833,-82.12072222,0,1,0,0,1,1,0,1,2,1,0,1,0,"0000000",99,99,99,99,99,99,20,0,0,1,0
12,121441,1,1,0,0,0,1,1,91,0,12,7,2016,3,4,30,1,1,3,1,3,"SR-189","",99998,30.91471111,-86.64487778,0,42,0,0,1,1,0,4,2,1,0,1,0,"0000000",99,99,99,99,88,88,0,0,0,1,0
12,121443,1,1,0,0,0,1,1,87,0,11,7,2016,2,7,45,0,6,96,96,8,"MERIDIAN APARTMENT HOMES PARKI","SHRIMP RD",99998,24.567175,-81.73943889,0,1,0,0,2,2,0,1,1,10,0,10,0,"0000000",99,99,99,99,88,88,0,0,0,1,0
12,121444,2,2,0,0,0,2,2,21,0,14,7,2016,5,7,29,0,2,4,2,4,"CR-864","SIERRA MEADOWS DR",36,26.10943056,-81.69138056,0,12,6,0,2,3,0,1,1,1,0,1,0,"0000000",99,99,99,99,99,99,0,0,0,1,0
12,121445,3,3,0,0,0,3,3,57,0,5,7,2016,3,7,27,1,2,3,1,3,"SR-60","",99998,27.93774722,-82.28043333,0,12,7,0,1,1,0,1,1,1,0,1,0,"0000000",99,99,99,99,99,99,0,0,0,1,0
12,121446,1,1,0,1,1,1,1,57,0,13,7,2016,4,20,36,0,1,7,25,6,"LIVINGSTON AVE","",99998,28.08441389,-82.43081944,0,8,0,0,1,1,0,1,5,2,0,2,0,"0000000",99,99,99,99,88,88,0,0,0,1,0
12,121447,3,3,0,0,0,3,3,57,0,8,7,2016,6,17,1,1,2,1,1,1,"I-75","",99998,28.0416,-82.35086111,0,12,1,0,1,1,0,1,1,1,0,1,0,"0000000",99,99,99,99,99,99,0,0,0,1,0
12,121448,3,3,0,0,0,8,8,75,0,2,7,2016,7,16,20,1,1,3,1,3,"SR-24","96TH PLACE",99998,29.47383056,-82.60901389,0,12,1,0,3,3,0,1,1,1,0,1,0,"0000000",99,99,99,99,99,99,0,0,0,2,0