"STATE","ST_CASE","VE_TOTAL","VE_FORMS","PVH_INVL","PEDS","PERNOTMVIT","PERMVIT","PERSONS","COUNTY","CITY","DAY","MONTH","YEAR","DAY_WEEK","HOUR","MINUTE","NHS","RUR_URB","FUNC_SYS","RD_OWNER","ROUTE","TWAY_ID","TWAY_ID2","MILEPT","LATITUDE","LONGITUD","SP_JUR","HARM_EV","MAN_COLL","RELJCT1","RELJCT2","TYP_INT","WRK_ZONE","REL_ROAD","LGT_COND","WEATHER1","WEATHER2","WEATHER","SCH_BUS","RAIL","NOT_HOUR","NOT_MIN","ARR_HOUR","ARR_MIN","HOSP_HR","HOSP_MN","CF1","CF2","CF3","FATALS","DRUNK_DR"
12,121449,1,1,0,1,1,1,1,71,0,8,7,2016,6,1,36,1,1,1,1,1,"I-75","SR-80",99998,26.68896944,-81.7986,0,9,0,1,3,3,0,1,3,1,0,1,0,"0000000",99,99,99,99,99,99,0,0,0,1,0
12,121450,1,1,0,1,1,1,1,81,340,10,7,2016,1,20,2,1,1,3,1,3,"SR-684","",99998,27.46174444,-82.66415278,0,9,0,0,1,1,0,1,5,1,0,1,0,"0000000",99,99,99,99,99,99,0,0,0,1,1
12,121451,1,1,0,0,0,2,2,86,0,8,6,2016,4,11,35,1,2,2,1,3,"SR-821","",99998,25.64375,-80.38573333,0,25,0,0,1,1,0,3,1,10,0,10,0,"0000000",99,99,99,99,99,99,0,0,0,1,0
12,121452,1,1,0,0,0,1,1,57,0,13,7,2016,4,17,45,0,2,6,25,5,"FALKENBURG RD","",99998,27.88612778,-82.35824444,0,42,0,0,1,1,0,3,1,10,0,10,0,"0000000",99,99,99,99,88,88,21,0,0,1,1
12,121453,1,1,0,0,0,1,1,101,0,8,7,2016,6,12,30,0,1,5,25,5,"COUNTRY POINT BLVD","",99998,28.21985,-82.30448889,0,42,0,0,1,1,0,5,1,1,0,1,0,"0000000",99,99,99,99,99,99,0,0,0,1,0
12,121454,1,1,0,1,1,1,1,97,2700,6,7,2016,4,21,39,0,1,5,98,4,"CR-523 CANOE CREEK RD","",43,28.18376389,-81.28550278,0,9,0,0,1,1,0,1,2,1,0,1,0,"0000000",99,99,99,99,88,88,0,0,0,1,0
12,121455,1,1,0,1,1,3,3,91,835,11,7,2016,2,21,24,1,2,3,98,2,"US-98","PALMETTO ST",99998,30.39476389,-86.50778056,0,8,0,0,3,2,0,1,3,1,0,1,0,"0000000",99,99,99,99,99,99,0,0,0,1,0
12,121458,2,2,0,0,0,3,3,17,0,6,7,2016,4,11,4,1,1,3,1,2,"US-41","CITRUS SPRINGS BLVD",99998,29.01313056,-82.45386111,0,12,2,0,2,2,0,1,1,1,0,1,0,"0000000",99,99,99,99,99,99,0,0,0,1,0
12,121459,1,1,0,1,1,1,1,17,0,7,7,2016,5,7,50,1,1,3,1,2,"US-19","",99998,29.02376389,-82.66924167,0,8,0,0,1,1,0,1,1,1,0,1,0,"0000000",99,99,99,99,88,88,0,0,0,1,0
12,121460,2,2,0,0,0,4,4,105,1690,9,7,2016,7,23,36,1,2,3,1,2,"US-98","",99998,28.106075,-81.97360556,0,59,0,0,1,1,0,3,3,1,0,1,0,"0000000",99,99,99,99,99,99,0,0,0,3,1
12,121461,1,1,0,0,0,1,1,105,0,4,7,2016,2,23,5,0,2,6,25,5,"LAKE MARION CREEK RD","",99998,28.11791667,-81.54434722,0,42,0,0,1,1,0,4,2,1,0,1,0,"0000000",99,99,99,99,99,99,0,0,0,1,1
12,121462,2,2,0,0,0,2,2,105,0,22,6,2016,4,19,54,1,2,3,1,3,"SR-60 W","ESPO DR",18,27.92113611,-82.02780278,0,12,6,0,2,3,0,1,3,1,0,1,0,"0000000",99,99,99,99,99,99,0,0,0,1,0
12,121463,1,1,0,0,0,2,2,105,0,20,6,2016,2,17,0,1,1,3,1,3,"SR-33","",99998,28.17972222,-81.84715,0,1,0,0,1,1,0,4,1,1,0,1,0,"0000000",99,99,99,99,88,88,0,0,0,2,0
12,121465,1,1,0,0,0,1,1,115,0,9,7,2016,7,6,5,1,1,3,1,3,"SR-780","",99998,27.33838611,-82.44906389,0,33,0,1,5,1,0,4,1,1,0,1,0,"0000000",99,99,99,99,88,88,0,0,0,1,0
12,121467,1,1,0,0,0,1,1,101,0,6,7,2016,4,14,30,0,1,5,25,5,"FLORRIE  MAE LANE","",99998,28.42171111,-82.21716944,0,31,0,0,1,1,0,5,1,1,0,1,0,"0000000",99,99,99,99,88,88,0,0,0,1,0
12,121468,1,1,0,0,0,1,1,17,0,13,7,2016,4,21,24,0,1,4,25,4,"CR-488","",99998,28.97015556,-82.62281667,0,59,0,0,1,1,0,4,2,1,0,1,0,"0000000",23,24,23,34,88,88,0,0,0,1,0
12,121469,1,1,0,1,1,1,1,107,0,5,7,2016,3,13,25,1,1,3,1,2,"US-17","MAIN ST",99998,29.49663333,-81.59455278,0,9,0,0,3,2,0,1,1,10,0,10,0,"0000000",99,99,99,99,99,99,0,0,0,1,0
12,121470,1,1,0,0,0,1,1,95,0,8,7,2016,6,15,40,0,2,7,25,6,"ETHANS GLENN AVE","",99998,28.48738889,-81.32465833,0,42,0,0,1,1,0,4,1,1,0,1,0,"0000000",99,99,99,99,99,99,0,0,0,1,0
12,121471,2,2,0,0,0,3,3,1,0,6,7,2016,4,12,45,1,2,1,1,1,"I-75 SB","",99998,29.6676,-82.42555556,0,12,1,0,1,1,0,1,1,1,0,1,0,"0000000",99,99,99,99,88,88,0,0,0,1,0
12,121472,1,1,0,0,0,1,1,115,0,10,7,2016,1,1,8,1,1,3,1,3,"SR-789A","",99998,27.28795,-82.56121944,0,43,0,0,1,1,0,4,3,10,0,10,0,"0000000",99,99,99,99,99,99,0,0,0,1,1
12,121473,1,1,0,0,0,3,3,95,0,14,7,2016,5,3,25,0,1,6,25,5,"FORT CHRISTMAS RD","",99998,28.603225,-81.07858056,0,1,0,0,1,1,0,4,2,1,0,1,0,"0000000",99,99,99,99,99,99,0,0,0,2,1
12,121474,1,1,0,0,0,1,1,55,0,3,7,2016,1,3,50,1,1,2,1,2,"US-98","",99998,27.43418889,-81.35501111,0,32,0,0,1,1,0,5,2,1,0,1,0,"0000000",99,99,99,99,99,99,0,0,0,1,1
12,121475,2,2,0,0,0,3,3,101,0,1,7,2016,6,15,35,0,2,4,98,4,"CR-1","SR-52",99998,28.331,-82.6662,0,12,6,0,8,1,0,1,1,10,0,10,0,"0000000",99,99,99,99,99,99,0,0,0,1,0
12,121476,1,1,0,0,0,1,1,11,1927,17,7,2016,1,2,30,0,2,5,25,5,"ATLANTIC BLVD","",99998,26.23526389,-80.21617222,0,42,0,0,1,1,0,4,3,1,0,1,0,"0000000",99,99,99,99,88,88,0,0,0,1,0
12,121477,2,2,0,0,0,3,3,99,0,30,6,2016,5,21,32,1,1,3,1,3,"SR-710","PRATT WHITNEY RD",99998,26.90303056,-80.29062778,0,12,6,0,2,2,0,1,3,1,0,1,0,"0000000",99,99,99,99,99,99,0,0,0,1,0
12,121478,1,1,0,1,1,4,4,127,0,10,7,2016,1,6,0,0,1,7,25,6,"NAVAJO AVE","",99998,29.26463889,-81.11223056,0,8,0,0,1,1,0,1,2,1,0,1,0,"0000000",99,99,99,99,88,88,0,0,0,1,0
12,121479,1,1,0,0,0,1,1,95,0,18,6,2016,7,3,32,0,1,4,25,4,"CR-420","OLD PICKET RD",99998,28.59137778,-81.11250556,0,33,0,1,3,3,0,4,2,1,0,1,0,"0000000",99,99,99,99,88,88,0,0,0,1,1
12,121480,2,2,0,0,0,3,3,9,0,6,7,2016,4,16,50,1,1,1,1,1,"I-95","",99998,28.28623333,-80.73545833,0,12,1,0,1,1,0,1,1,1,0,1,0,"0000000",99,99,99,99,99,99,0,0,0,1,0
12,121481,1,1,0,0,0,1,1,11,771,2,7,2016,7,7,21,0,2,6,25,5,"STIRLING RD","",99998,26.04622222,-80.22071944,0,42,0,0,1,1,0,4,1,1,0,1,0,"0000000",99,99,99,99,88,88,0,0,0,1,0
12,121482,2,2,0,0,0,3,3,15,945,7,4,2016,5,13,42,0,1,5,25,5,"WINCHESTER BLVD","FRUITLAND AVE",99998,26.91666944,-82.30485833,0,12,6,0,2,2,0,1,1,1,0,1,0,"0000000",99,99,99,99,99,99,0,0,0,1,0
12,121483,2,2,0,0,0,3,3,71,457,12,4,2016,3,20,28,0,1,5,25,5,"CHIQUITA BLVD","GLEASON PKWY",99998,26.59251667,-82.00694167,0,12,6,0,2,2,0,1,3,1,0,1,0,"0000000",99,99,99,99,99,99,0,0,0,1,0
12,121485,2,2,0,0,0,2,2,86,0,9,4,2016,7,19,10,1,2,3,1,3,"SR-924","7TH AVE",99998,25.88367778,-80.21063333,0,12,6,0,2,2,0,1,1,1,0,1,0,"0000000",99,99,99,99,99,99,0,0,0,1,0
12,121486,1,1,0,0,0,1,1,86,2441,9,4,2016,7,19,31,0,2,7,25,6,"169TH ST","",99998,25.61330278,-80.34580278,0,1,0,0,1,1,0,1,1,1,0,1,0,"0000000",99,99,99,99,99,99,0,0,0,1,0
12,121487,1,1,0,0,0,1,1,111,0,7,6,2016,3,23,15,0,1,5,25,5,"SUNRISE BLVD","",99998,27.39906944,-80.34421111,0,1,0,0,1,1,0,1,3,1,0,1,0,"0000000",99,99,99,99,99,99,0,0,0,1,1
12,121488,1,1,0,0,0,1,1,81,340,11,6,2016,7,10,40,1,2,3,1,3,"SR-684","CAPE VISTA DR",99998,27.46240556,-82.61586111,0,46,0,1,3,2,0,4,1,1,0,1,0,"0000000",99,99,99,99,99,99,0,0,0,1,0
12,121490,3,3,0,0,0,3,3,53,0,1,6,2016,4,12,0,1,1,3,1,3,"SR-50","HIGHPOINT BLVD",99998,28.53348889,-82.52840278,0,12,1,0,3,2,0,1,1,1,0,1,0,"0000000",99,99,99,99,99,99,0,0,0,1,0
12,121491,1,1,0,1,1,1,1,111,2601,11,6,2016,7,14,33,0,1,5,25,5,"GATLIN BLVD","",99998,27.26481111,-80.39751667,0,8,0,0,1,1,0,1,1,10,0,10,0,"0000000",99,99,99,99,99,99,0,0,0,1,0
12,121492,5,5,0,0,0,7,7,99,1190,14,6,2016,3,13,13,1,2,3,1,3,"SR-882","RIVER BRIDGE BLVD",99998,26.65125,-80.15293056,0,12,1,0,3,2,0,1,1,1,0,1,0,"0000000",99,99,99,99,99,99,0,0,0,1,0
12,121493,2,2,0,0,0,3,3,11,2219,3,7,2016,1,21,51,0,2,4,98,5,"ROCK ISLAND RD","BAILEY RD",99998,26.20114167,-80.22,0,12,6,0,2,2,0,1,3,1,0,1,0,"0000000",99,99,99,99,99,99,0,0,0,1,0
12,121494,1,1,0,1,1,1,1,95,0,28,6,2016,3,23,8,0,2,6,25,5,"MCCORMICK RD","",99998,28.621675,-81.54341667,0,9,0,0,1,1,0,4,2,1,0,1,0,"0000000",99,99,99,99,99,99,0,0,0,1,0
12,121495,3,3,0,0,0,3,3,97,1590,5,7,2016,3,3,40,0,2,6,25,5,"FORTUNE RD","",99998,28.30431944,-81.356175,0,12,1,0,1,1,0,1,2,1,0,1,0,"0000000",99,99,99,99,88,88,0,0,0,1,0
12,121496,2,2,0,0,0,2,2,11,1420,19,6,2016,1,18,46,0,2,5,25,5,"26TH AVE","WILEY CT",99998,25.99926111,-80.15883611,0,1,0,0,2,3,0,1,1,10,0,10,0,"0000000",99,99,99,99,99,99,0,0,0,1,0
12,121497,2,2,0,0,0,2,2,57,0,17,7,2016,1,5,42,0,1,4,25,4,"CR-574","",99998,27.97234722,-82.33856667,0,12,2,0,1,1,0,1,2,1,0,1,0,"0000000",99,99,99,99,99,99,0,0,0,1,0
12,121498,1,1,0,0,0,1,1,131,0,18,7,2016,2,1,30,1,2,3,1,2,"US-98","",21,30.38358056,-86.36113611,0,1,0,0,1,1,0,1,2,1,0,1,0,"0000000",99,99,99,99,88,88,0,0,0,1,1
12,121499,1,1,0,1,1,2,2,127,0,17,7,2016,1,5,30,1,1,1,1,1,"I-95","",99998,29.20446944,-81.09763889,0,8,0,0,1,1,0,1,2,1,0,1,0,"0000000",99,99,99,99,88,88,23,0,0,1,0
12,121500,2,2,0,0,0,2,2,27,0,9,7,2016,7,23,35,1,1,3,1,3,"SR-70","SE TOWNSEND AVE",99998,27.2088,-81.81723056,0,12,2,0,1,1,0,1,2,1,0,1,0,"0000000",99,99,99,99,88,88,0,0,0,1,1
12,121501,1,1,0,1,1,1,1,117,0,17,7,2016,1,9,20,0,1,5,25,5,"LAKE HOWELL RD","",99998,28.63711944,-81.32425,0,9,0,0,1,1,0,1,1,1,0,1,0,"0000000",99,99,99,99,99,99,0,0,0,1,0
12,121502,1,1,0,0,0,2,2,1,1620,13,7,2016,4,20,42,1,1,3,1,3,"SR-235","",99998,29.83091111,-82.41848056,0,1,0,0,1,1,0,4,5,1,0,1,0,"0000000",99,99,99,99,99,99,0,0,0,1,0
12,121503,1,1,0,1,1,1,1,91,0,17,7,2016,1,0,30,1,1,3,1,3,"SR-189","PAMELA  ANN DR",99998,30.47385,-86.60091944,0,8,0,0,1,1,0,1,2,1,0,1,0,"0000000",99,99,99,99,88,88,0,0,0,1,0
12,121504,1,1,0,0,0,3,3,103,0,31,3,2016,5,3,40,1,2,3,1,3,"SR-600","",99998,27.86427778,-82.63994444,0,3,0,0,1,1,0,5,2,1,0,1,0,"0000000",99,99,99,99,88,88,0,0,0,3,1
12,121505,2,2,0,0,0,6,6,83,2270,12,7,2016,3,20,8,1,2,3,1,3,"SR-200","SW 19TH AVE",99998,29.17473056,-82.15781944,0,12,6,0,8,1,0,1,5,1,0,1,0,"0000000",99,99,99,99,99,99,0,0,0,1,0
12,121506,2,2,0,1,1,4,4,103,570,28,6,2016,3,21,15,1,2,3,1,3,"SR-60","",99998,27.960875,-82.78971111,0,8,0,0,1,1,0,1,3,10,0,10,0,"0000000",99,99,99,99,88,88,0,0,0,1,0
12,121507,1,1,0,0,0,1,1,11,771,7,7,2016,5,19,29,1,1,3,1,3,"SR-84","",99998,26.09295,-80.22697778,0,33,0,0,1,1,0,3,1,1,0,1,0,"0000000",99,99,99,99,99,99,0,0,0,1,0
12,121509,2,2,0,0,0,3,3,17,0,13,7,2016,4,8,0,0,1,4,25,4,"CR-491","HOPKINS LN",99998,28.74908611,-82.45198889,0,12,2,0,1,1,0,1,1,1,0,1,0,"0000000",99,99,99,99,99,99,0,0,0,1,0
12,121510,2,2,0,0,0,3,3,103,2530,12,7,2016,3,1,50,1,2,3,1,3,"SR-55","",99998,27.85459722,-82.6948,0,12,1,0,1,1,4,1,3,1,0,1,0,"0000000",99,99,99,99,99,99,0,0,0,1,1
12,121511,1,1,0,1,1,1,1,86,2010,15,3,2016,3,19,55,1,2,3,1,3,"SR-933","",99998,25.80497222,-80.21548056,0,8,0,0,1,1,0,1,3,1,0,1,0,"0000000",99,99,99,99,99,99,0,0,0,1,0
12,121512,1,1,0,0,0,1,1,9,1990,29,3,2016,3,10,41,1,2,3,1,3,"SR-507","",99998,28.05134722,-80.62148333,0,33,0,0,1,1,0,4,1,10,0,10,0,"0000000",99,99,99,99,88,88,0,0,0,1,0
12,121513,1,1,0,1,1,2,2,69,1820,28,3,2016,2,4,12,1,2,3,1,2,"US-27","",99998,28.84145556,-81.89490833,0,8,0,0,1,1,0,1,3,10,0,10,0,"0000000",99,99,99,99,99,99,0,0,0,1,0
12,121514,2,1,1,0,0,1,1,86,2010,19,3,2016,7,5,0,0,1,5,25,5,"2ND ST","6TH CT",99998,25.76884167,-80.29914444,0,14,0,0,3,6,4,5,4,1,0,1,0,"0000000",99,99,99,99,88,88,0,0,0,1,0
12,121515,2,2,0,0,0,2,2,86,2010,20,3,2016,1,2,16,1,2,3,1,3,"SR-968","52 AVE",99998,25.77112778,-80.2799,0,12,1,0,3,3,0,1,3,1,0,1,0,"0000000",99,99,99,99,99,99,0,0,0,1,0
12,121516,1,1,0,0,0,1,1,11,771,15,4,2016,6,1,42,0,2,5,25,5,"OAKES RD","4600 OAKES RD",99998,26.07744722,-80.20824167,0,1,0,0,3,3,0,1,3,1,0,1,0,"0000000",99,99,99,99,99,99,0,0,0,1,0
12,121517,1,1,0,0,0,1,1,86,0,10,7,2016,1,20,8,0,2,7,25,6,"146TH AVE","",99998,25.70999167,-80.42956389,0,42,0,0,1,1,0,3,5,1,0,1,0,"0000000",99,99,99,99,99,99,0,0,0,1,0
12,121519,1,1,0,0,0,1,1,97,0,16,7,2016,7,18,33,1,1,3,1,2,"US-441","",99998,28.09178889,-81.07410556,0,1,0,0,1,1,0,4,1,1,0,1,0,"0000000",99,99,99,99,99,99,0,0,0,1,0
12,121520,1,1,0,1,1,1,1,86,2010,18,7,2016,2,8,11,0,1,5,25,5,"SW 1ST ST","SW 12TH AVE",99998,25.77253333,-80.21453333,0,8,0,0,3,2,0,1,1,1,0,1,0,"0000000",99,99,99,99,99,99,0,0,0,1,0
12,121521,1,1,0,1,1,1,1,71,1070,22,7,2016,6,20,48,0,2,5,25,5,"COLONIAL BLVD","",99998,26.61264167,-81.81036667,0,8,0,0,1,1,0,1,3,1,0,1,0,"0000000",99,99,99,99,99,99,0,0,0,1,0
12,121522,2,2,0,0,0,2,2,81,0,4,7,2016,2,4,27,1,2,3,1,2,"US-41","23RD ST E",99998,27.534,-82.5613,0,12,1,0,3,2,0,1,3,1,0,1,0,"0000000",99,99,99,99,99,99,0,0,0,1,0
12,121523,2,2,0,0,0,3,3,55,0,12,7,2016,3,18,55,1,2,3,1,2,"US-27","RALEY RD",99998,27.456325,-81.42444722,0,12,6,1,2,3,0,1,5,10,0,10,0,"0000000",99,99,99,99,99,99,0,0,0,1,0
12,121524,2,2,0,0,0,2,2,81,0,19,7,2016,3,23,25,1,1,1,1,1,"I-75","",99998,27.50548056,-82.48788889,0,12,7,0,1,1,0,1,2,1,0,1,0,"0000000",99,99,99,99,99,99,0,0,0,1,0
12,121525,2,2,0,0,0,2,2,86,0,12,7,2016,3,12,6,0,1,5,25,5,"72ND ST","SW 149TH CT",99998,25.69919722,-80.43574722,0,12,2,0,3,3,0,1,1,1,0,1,0,"0000000",99,99,99,99,88,88,0,0,0,1,0
12,121526,2,2,0,0,0,3,3,83,2270,3,6,2016,6,22,35,1,2,3,1,3,"SR-464","",99998,29.16448889,-82.09583056,0,12,1,0,1,1,0,1,2,10,0,10,0,"0000000",99,99,99,99,99,99,0,0,0,1,2
12,121527,1,1,0,0,0,2,2,55,0,19,7,2016,3,21,47,1,1,2,1,2,"US-27","",99998,27.521525,-81.49749722,0,42,0,0,1,1,0,5,3,10,0,10,0,"0000000",99,99,99,99,99,99,0,0,0,1,1
12,121528,2,2,0,0,0,3,3,69,0,17,7,2016,1,1,52,1,2,3,1,2,"US-27","",99998,28.37616389,-81.68588611,0,12,1,0,1,1,0,1,3,1,0,1,0,"0000000",99,99,99,99,88,88,0,0,0,2,1
12,121529,3,3,0,0,0,5,5,9,0,17,7,2016,1,16,20,1,1,1,1,1,"I-95","",99998,28.25870278,-80.72683889,0,12,1,0,1,1,0,1,1,1,0,1,0,"0000000",99,99,99,99,88,88,0,0,0,1,0
12,121530,1,1,0,1,1,1,1,89,0,18,7,2016,2,3,46,1,1,3,1,2,"US-1","",99998,30.67311667,-81.90031944,0,8,0,0,1,1,0,1,3,1,0,1,0,"0000000",99,99,99,99,88,88,0,0,0,1,0
12,121531,2,2,0,0,0,2,2,86,2220,15,7,2016,6,21,20,0,2,4,1,3,"SR-922","7TH AVE NE",99998,25.89035,-80.18445,0,12,6,0,3,2,0,1,3,2,0,2,0,"0000000",99,99,99,99,99,99,0,0,0,1,0
12,121532,1,1,0,0,0,1,1,15,0,25,7,2016,2,7,59,0,1,4,25,4,"CR-765","",99998,26.84121111,-82.02158333,0,42,0,0,1,1,0,5,1,1,0,1,0,"0000000",99,99,99,99,88,88,0,0,0,1,0
12,121533,1,1,0,1,1,2,2,81,0,24,3,2016,5,20,35,1,2,3,1,2,"US-41","",99998,27.43485,-82.57541944,0,8,0,0,1,1,0,1,3,1,0,1,0,"0000000",99,99,99,99,88,88,0,0,0,1,0
12,121535,1,1,0,0,0,3,3,121,0,18,7,2016,2,2,50,0,2,6,25,5,"45TH RD","",99998,30.15185,-82.8371,0,1,0,0,1,1,0,4,2,10,0,10,0,"0000000",99,99,99,99,99,99,0,0,0,2,1
12,121536,3,3,0,0,0,3,3,101,0,15,7,2016,6,13,30,1,1,3,1,3,"SR-581","SR-54",99998,28.23618889,-82.34983056,0,12,6,1,2,2,0,1,1,1,0,1,0,"0000000",13,32,13,33,88,88,0,0,0,1,0
12,121537,2,2,0,0,0,2,2,89,0,20,7,2016,4,0,52,1,1,3,3,2,"US-17","CRANDALL ROAD",99998,30.66756944,-81.63834722,0,12,2,0,1,1,0,1,2,1,0,1,0,"0000000",99,99,99,99,99,99,0,0,0,2,1
12,121538,1,1,0,0,0,1,1,9,0,23,7,2016,7,17,55,1,2,3,1,2,"US-1","KINGS HIGHWAY",99998,28.49393333,-80.77845556,0,53,0,0,1,1,0,5,1,10,0,10,0,"0000000",99,99,99,99,99,99,0,0,0,1,1
12,121539,1,1,0,0,0,1,1,83,0,18,6,2016,7,20,50,0,1,4,25,4,"CR-42","",99998,28.96645278,-81.66045,0,38,0,0,1,1,0,4,2,1,0,1,0,"0000000",99,99,99,99,88,88,0,0,0,1,0
12,121540,2,2,0,0,0,2,2,11,1420,15,7,2016,6,20,54,1,2,3,1,3,"SR-822","52ND AV",7,26.0325,-80.19619722,0,12,6,0,2,4,0,1,3,10,0,10,0,"0000000",99,99,99,99,99,99,0,0,0,1,0
12,121541,1,1,0,0,0,4,4,127,0,15,7,2016,6,8,33,1,1,1,1,1,"I-95","",99998,28.82643056,-80.90978056,0,38,0,0,1,1,0,5,1,1,0,1,0,"0000000",99,99,99,99,88,88,0,0,0,4,1
12,121542,1,1,0,1,1,1,1,97,0,22,7,2016,6,21,31,0,1,7,25,6,"MARIGOLD AVE","",99998,28.16373056,-81.47122778,0,8,0,0,1,1,0,1,2,10,0,10,0,"0000000",99,99,99,99,88,88,0,0,0,1,0
12,121543,1,1,0,0,0,1,1,105,1690,11,3,2016,6,22,36,0,2,7,25,6,"HIGHLAND DR E","",99998,27.98571389,-81.94895556,0,1,0,0,1,1,0,1,3,1,0,1,0,"0000000",99,99,99,99,88,88,0,0,0,1,1
12,121544,1,1,0,0,0,1,1,86,0,27,3,2016,1,11,40,1,1,3,1,2,"US-27","",99998,25.92686111,-80.4208,0,1,0,0,1,1,0,2,1,1,0,1,0,"0000000",99,99,99,99,99,99,0,0,0,1,0
12,121545,2,2,0,0,0,2,2,57,0,23,7,2016,7,1,40,1,2,3,1,2,"US-41 SR-45","",99998,27.91416111,-82.40191944,0,12,1,0,1,1,0,1,3,1,0,1,0,"0000000",99,99,99,99,99,99,0,0,0,1,1
12,121546,2,2,0,0,0,3,3,53,0,22,7,2016,6,12,13,1,1,3,1,2,"US-98","CR-491",99998,28.65095,-82.44693056,0,12,6,1,2,2,0,1,1,10,0,10,0,"0000000",99,99,99,99,88,88,0,0,0,2,0
12,121547,1,1,0,0,0,2,2,61,0,23,7,2016,7,0,35,0,1,7,25,6,"104TH AVE","",99998,27.75185833,-80.53998611,0,5,0,0,1,1,0,1,2,1,0,1,0,"0000000",99,99,99,99,99,99,0,0,0,1,0
12,121548,1,1,0,0,0,1,1,71,0,12,7,2016,3,1,39,0,1,7,25,6,"BEN HILL GRIFFIN PKWY","",99998,26.46323056,-81.78493889,0,42,0,0,1,1,0,3,2,10,0,10,0,"0000000",99,99,99,99,88,88,0,0,0,1,1
12,121549,1,1,0,1,1,1,1,115,0,22,7,2016,6,22,32,1,1,3,1,3,"SR-776","",99998,26.96393056,-82.35305,0,8,0,0,1,1,0,1,3,2,0,2,0,"0000000",99,99,99,99,88,88,0,0,0,1,0
12,121550,2,2,0,0,0,3,3,101,0,14,7,2016,5,17,35,1,1,3,1,3,"SR-52","HAYS RD",99998,28.32991944,-82.56908056,0,12,6,0,2,3,0,1,1,10,0,10,0,"0000000",99,99,99,99,99,99,0,0,0,1,0
12,121551,1,1,0,0,0,2,2,5,0,25,7,2016,2,22,37,0,2,6,25,4,"CR-747","",0,30.15885,-85.75318889,0,30,0,0,1,1,0,4,3,1,0,1,0,"0000000",99,99,99,99,99,99,0,0,0,1,1
12,121552,1,1,0,0,0,1,1,101,0,10,7,2016,1,23,13,0,2,4,98,4,"CR-1","",99998,28.24023611,-82.67413889,0,24,0,0,1,1,0,3,2,1,0,1,0,"0000000",99,99,99,99,99,99,0,0,0,1,1
12,121553,1,1,0,1,1,2,2,35,410,10,7,2016,1,9,54,1,2,2,1,2,"US-1","",99998,29.49232778,-81.26538611,0,8,0,0,1,1,0,1,1,1,0,1,0,"0000000",99,99,99,99,99,99,0,0,0,1,0
12,121554,1,1,0,0,0,1,1,86,0,15,7,2016,6,20,53,1,2,1,1,1,"I-95","",99998,25.90644722,-80.21020278,0,25,0,0,1,1,0,3,3,10,0,10,0,"0000000",99,99,99,99,88,88,0,0,0,1,0
12,121555,1,1,0,0,0,2,2,57,0,23,7,2016,7,19,55,0,2,6,25,5,"COOPER RD","",99998,28.07410278,-82.21632778,0,53,0,0,1,1,0,5,5,1,0,1,0,"0000000",99,99,99,99,99,99,0,0,0,1,0
12,121556,5,5,0,0,0,6,6,105,1690,20,7,2016,4,22,56,1,2,3,1,2,"US-92","KETTLES AVE",99998,28.05501111,-81.96351667,0,12,1,0,3,3,0,1,3,1,0,1,0,"0000000",99,99,99,99,99,99,0,0,0,1,0
12,121557,5,4,1,0,0,4,4,101,2180,24,7,2016,1,0,0,1,2,3,1,2,"US-19","MAIN ST",99998,28.25016111,-82.72765,0,12,1,0,3,2,0,1,3,2,0,2,0,"0000000",99,99,99,99,99,99,0,0,0,1,1
12,121558,1,1,0,0,0,1,1,86,0,18,7,2016,2,17,26,0,1,5,25,5,"41ST STREET","",99998,25.81158889,-80.31758333,0,1,0,0,1,1,0,1,1,1,0,1,0,"0000000",99,99,99,99,99,99,0,0,0,1,0
12,121559,1,1,0,0,0,1,1,57,0,24,7,2016,1,18,0,1,2,1,1,1,"I-75","",99998,27.7197,-82.38358333,0,1,0,0,1,1,0,4,1,1,0,1,0,"0000000",99,99,99,99,99,99,0,0,0,1,0
12,121560,2,2,0,0,0,2,2,86,2010,22,7,2016,6,15,47,0,2,5,25,5,"1ST AVE","",99998,25.77261389,-80.19019444,0,12,1,0,8,1,0,1,1,2,0,2,0,"0000000",99,99,99,99,99,99,0,0,0,1,0
12,121561,2,2,0,0,0,6,6,17,0,27,7,2016,4,8,25,0,1,4,25,4,"CR-491","OAK PARK BLVD",99998,28.69843056,-82.45146111,0,12,6,0,2,2,0,1,1,1,0,1,0,"0000000",99,99,99,99,99,99,0,0,0,1,0
12,121562,1,1,0,1,1,1,1,9,0,21,7,2016,5,16,55,1,2,3,1,2,"US-1","",99998,27.85671111,-80.49185,0,9,0,0,1,1,0,1,1,1,0,1,0,"0000000",99,99,99,99,88,88,0,0,0,1,0
12,121564,2,2,0,0,0,2,2,11,2570,19,6,2016,1,15,37,1,2,3,1,2,"US-1","2ND ST",99998,26.23360833,-80.10285556,0,12,6,0,3,2,0,1,1,10,0,10,0,"0000000",99,99,99,99,99,99,0,0,0,1,0
12,121565,3,3,0,0,0,3,3,103,570,21,6,2016,3,1,46,0,2,5,25,5,"S BELCHER RD","GULF TO BAY BLVD",99998,27.96058611,-82.74613611,0,12,6,0,2,2,0,1,3,1,0,1,0,"0000000",99,99,99,99,99,99,0,0,0,1,1