"STATE","ST_CASE","VE_TOTAL","VE_FORMS","PVH_INVL","PEDS","PERNOTMVIT","PERMVIT","PERSONS","COUNTY","CITY","DAY","MONTH","YEAR","DAY_WEEK","HOUR","MINUTE","NHS","RUR_URB","FUNC_SYS","RD_OWNER","ROUTE","TWAY_ID","TWAY_ID2","MILEPT","LATITUDE","LONGITUD","SP_JUR","HARM_EV","MAN_COLL","RELJCT1","RELJCT2","TYP_INT","WRK_ZONE","REL_ROAD","LGT_COND","WEATHER1","WEATHER2","WEATHER","SCH_BUS","RAIL","NOT_HOUR","NOT_MIN","ARR_HOUR","ARR_MIN","HOSP_HR","HOSP_MN","CF1","CF2","CF3","FATALS","DRUNK_DR"
12,121566,1,1,0,0,0,1,1,9,620,14,7,2016,5,23,7,1,2,3,1,3,"SR-528","",99998,28.40729722,-80.78911389,0,24,0,8,98,1,0,3,2,1,0,1,0,"0000000",99,99,99,99,88,88,0,0,0,1,0
12,121567,1,1,0,1,1,1,1,11,2083,7,7,2016,5,17,36,0,2,5,25,5,"62ND AVE","",99998,25.99388056,-80.21110833,0,8,0,0,1,1,0,2,1,1,0,1,0,"0000000",99,99,99,99,99,99,0,0,0,1,0
12,121568,1,1,0,0,0,1,1,115,2780,24,6,2016,6,1,46,0,2,7,25,6,"MAIN ST","ORANGE AVE",99998,27.33646389,-82.53863333,0,33,0,0,3,6,0,3,3,1,0,1,0,"0000000",99,99,99,99,88,88,0,0,0,1,1
12,121569,3,3,0,0,0,5,5,11,2570,16,7,2016,7,18,30,1,2,1,1,1,"I-95","",99998,26.27486944,-80.125,0,12,1,0,1,1,0,1,1,10,0,10,0,"0000000",99,99,99,99,88,88,0,0,0,1,0
12,121570,1,1,0,0,0,5,5,11,2570,21,7,2016,5,19,37,1,2,1,1,1,"I-95","",99998,26.27501111,-80.12518889,0,1,0,0,1,1,0,4,1,1,0,1,0,"0000000",99,99,99,99,99,99,0,0,0,1,0
12,121571,1,1,0,1,1,1,1,113,0,24,7,2016,1,0,20,0,1,4,25,4,"CR-191","",99998,30.68048056,-87.12563889,0,8,0,0,1,1,0,1,2,1,0,1,0,"0000000",99,99,99,99,88,88,0,0,0,1,0
12,121572,2,2,0,0,0,5,5,101,0,18,7,2016,2,15,27,1,1,3,1,3,"SR-54","",99998,28.22041667,-82.27136944,0,12,2,0,1,1,0,1,1,2,0,2,0,"0000000",99,99,99,99,99,99,0,0,0,1,0
12,121573,2,2,0,0,0,4,4,83,0,23,7,2016,7,14,40,1,1,1,1,1,"I-75","",99998,29.40490278,-82.24635,0,12,6,0,1,1,0,1,1,1,0,1,0,"0000000",99,99,99,99,99,99,0,0,0,1,0
12,121574,2,2,0,0,0,2,2,86,0,24,7,2016,1,4,23,1,2,3,1,2,"US-41 SR-90 EB","SW 152 AVE",99998,25.76106944,-80.4171,0,12,1,0,2,3,0,1,3,1,0,1,0,"0000000",99,99,99,99,99,99,0,0,0,1,1
12,121575,1,1,0,0,0,1,1,83,0,14,7,2016,5,14,35,0,1,7,25,6,"110 AVE","",99998,29.20993333,-82.30158889,0,38,0,0,1,1,0,5,1,1,0,1,0,"0000000",99,99,99,99,99,99,0,0,0,1,0
12,121576,2,2,0,0,0,3,3,91,0,12,7,2016,3,10,45,0,1,4,25,4,"CR-188","",99998,30.79896111,-86.50861944,0,12,6,0,1,1,0,1,1,10,0,10,0,"0000000",99,99,99,99,99,99,0,0,0,1,0
12,121577,1,1,0,1,1,1,1,86,1440,19,7,2016,3,11,16,0,1,5,25,5,"8TH ST","",99998,25.47766667,-80.42663889,0,15,0,0,1,1,0,1,1,1,0,1,0,"0000000",99,99,99,99,99,99,0,0,0,1,0
12,121578,1,1,0,0,0,1,1,35,0,22,7,2016,6,11,53,0,2,4,25,4,"CR-5A","NEW WATER OAK DR",99998,29.51091111,-81.19482222,0,42,0,0,1,1,0,5,1,1,0,1,0,"0000000",99,99,99,99,99,99,0,0,0,1,0
12,121579,2,2,0,0,0,2,2,75,0,20,7,2016,4,10,0,1,1,3,1,3,"SR-121","CR-335A",99998,29.37395,-82.49331111,0,12,1,0,2,3,0,1,1,1,0,1,0,"0000000",99,99,99,99,99,99,0,0,0,1,0
12,121580,1,1,0,1,1,2,2,57,0,27,7,2016,4,6,0,0,1,7,25,6,"GIBSONTON DR","VAUGHN ST",99998,27.84957778,-82.35563611,0,8,0,0,3,3,0,1,2,1,0,1,0,"0000000",99,99,99,99,88,88,0,0,0,1,0
12,121581,1,1,0,0,0,1,1,35,0,26,7,2016,3,16,39,0,1,7,25,6,"WHITE VIEW PKWY","",99998,29.5182,-81.22418889,0,1,0,0,1,1,0,4,1,10,0,10,0,"0000000",99,99,99,99,99,99,0,0,0,1,0
12,121582,1,1,0,1,1,2,2,57,0,30,7,2016,7,0,8,0,2,4,25,6,"BEARSS AV","",52,28.08035278,-82.42879722,0,8,0,0,1,1,0,1,3,1,0,1,0,"0000000",99,99,99,99,99,99,0,0,0,1,0
12,121583,2,2,0,0,0,5,5,109,0,23,7,2016,7,16,25,0,1,6,98,5,"CRACKER SWAMP RD","J FLAKE RD",15,29.66764722,-81.47814444,0,12,6,1,2,2,0,1,1,1,0,1,0,"0000000",99,99,99,99,99,99,0,0,0,1,0
12,121584,1,1,0,1,1,1,1,31,1510,1,8,2016,2,7,18,0,1,4,25,4,"CR-117","",99998,30.3492,-81.8068,0,9,0,0,1,1,0,1,1,10,0,10,0,"0000000",99,99,99,99,88,88,0,0,0,1,0
12,121585,2,2,0,0,0,2,2,11,790,29,7,2016,6,12,15,1,2,3,1,2,"US-1 SR-5 FEDERAL HWY","5TH CT",99998,26.31051944,-80.09191111,0,12,6,0,2,3,0,1,1,1,0,1,0,"0000000",99,99,99,99,99,99,0,0,0,1,0
12,121586,1,1,0,0,0,1,1,109,0,20,7,2016,4,2,38,0,1,4,25,4,"CR-214","",99998,29.85883333,-81.419,0,30,0,0,1,1,0,4,2,1,0,1,0,"0000000",99,99,99,99,88,88,0,0,0,1,0
12,121587,1,1,0,0,0,1,1,133,0,31,7,2016,1,12,10,1,1,1,1,1,"I-10","",99998,30.74641111,-85.53466944,0,1,0,0,1,1,0,3,1,1,0,1,0,"0000000",99,99,99,99,99,99,0,0,0,1,0
12,121588,1,1,0,0,0,1,1,107,0,30,7,2016,7,1,29,1,1,3,1,3,"SR-20","",99998,29.60939167,-82.00775278,0,1,0,0,1,1,0,4,2,1,0,1,0,"0000000",99,99,99,99,88,88,0,0,0,1,1
12,121589,1,1,0,1,1,3,3,11,2260,1,8,2016,2,22,5,0,1,5,25,5,"38TH ST","10TH AVE",99998,26.17402222,-80.13446389,0,9,0,0,3,2,0,1,3,10,0,10,0,"0000000",99,99,99,99,99,99,0,0,0,1,0
12,121590,1,1,0,1,1,1,1,111,0,18,7,2016,2,22,0,1,1,3,1,3,"SR-70","VPI GROVE RD",99998,27.35971111,-80.62666667,0,8,0,1,2,2,0,1,2,1,0,1,0,"0000000",99,99,99,99,88,88,0,0,0,1,0
12,121591,1,1,0,1,1,1,1,11,1420,30,6,2016,5,12,44,0,1,7,25,6,"16TH AVE","",99998,26.02166944,-80.13925556,0,8,0,0,8,1,0,1,1,1,0,1,0,"0000000",99,99,99,99,99,99,0,0,0,1,0
12,121592,1,1,0,0,0,2,2,1,0,28,7,2016,5,21,5,1,1,1,1,1,"I-75","",99998,29.58721944,-82.36092778,0,3,0,1,19,1,0,4,2,1,0,1,0,"0000000",99,99,99,99,88,88,0,0,0,1,0
12,121593,2,2,0,0,0,3,3,86,0,23,7,2016,7,1,42,1,2,3,1,2,"US-41 SR-90","SR-821",99998,25.76085278,-80.38744722,0,12,6,1,2,3,0,1,3,1,0,1,0,"0000000",99,99,99,99,99,99,0,0,0,1,1
12,121594,2,2,0,0,0,3,3,95,0,29,7,2016,6,11,34,0,2,3,1,3,"SR-551","CHARLIN PKWY",99998,28.48845833,-81.285425,0,12,6,0,2,2,0,1,1,10,0,10,0,"0000000",99,99,99,99,99,99,0,0,0,1,0
12,121595,1,1,0,0,0,1,1,111,1080,30,7,2016,7,13,48,1,2,3,1,2,"US-1","",99998,27.530975,-80.36100833,0,33,0,0,1,1,0,3,1,1,0,1,0,"0000000",99,99,99,99,99,99,0,0,0,1,0
12,121596,2,1,1,0,0,2,2,105,0,14,7,2016,5,20,50,0,1,7,25,6,"COMMONWEALTH AVE","",99998,28.34036389,-81.82984444,0,14,0,0,1,1,0,4,2,1,0,1,0,"0000000",99,99,99,99,99,99,0,0,0,1,0
12,121597,1,1,0,0,0,2,2,103,2740,14,7,2016,5,2,59,0,2,5,25,5,"75TH AVE","SUNSET WAY",99998,27.74061944,-82.75334444,0,33,0,0,1,1,0,4,3,1,0,1,0,"0000000",99,99,99,99,99,99,0,0,0,1,1
12,121598,3,3,0,0,0,9,9,11,2260,2,8,2016,3,2,50,0,2,4,25,6,"OAKLAND PARK BLVD","1100 BLOCK",99998,26.16597778,-80.15859167,0,12,6,0,3,2,0,1,3,2,0,2,0,"0000000",99,99,99,99,88,88,0,0,0,1,0
12,121599,2,2,0,0,0,2,2,99,330,1,8,2016,2,9,45,0,1,5,25,5,"GATEWAY BLVD","1ST CT",99998,26.55008611,-80.06404722,0,12,6,0,2,3,0,1,1,1,0,1,0,"0000000",99,99,99,99,99,99,0,0,0,1,0
12,121600,3,3,0,0,0,3,3,105,3300,25,7,2016,2,15,12,1,2,3,1,3,"SR-544","US-17",99998,28.04406944,-81.73526389,0,12,1,0,3,2,0,1,1,1,0,1,0,"0000000",99,99,99,99,99,99,0,0,0,1,0
12,121601,2,2,0,0,0,3,3,11,2083,19,7,2016,3,23,8,0,1,7,25,6,"MIRAMAR PKWY","145TH AV",99998,25.97876389,-80.33988056,0,12,6,0,2,3,0,1,3,1,0,1,0,"0000000",99,99,99,99,99,99,0,0,0,1,0
12,121602,1,1,0,1,1,1,1,95,0,3,8,2016,4,5,48,1,2,3,1,2,"US-441","",99998,28.42171944,-81.40472222,0,9,0,0,8,1,0,1,4,1,0,1,0,"0000000",99,99,99,99,99,99,0,0,0,1,0
12,121603,1,1,0,1,1,2,2,86,2020,30,7,2016,7,11,45,1,2,3,1,3,"SR-907","DELAWARE AVE",99998,25.82699167,-80.13133611,0,9,0,0,3,3,0,1,1,1,0,1,0,"0000000",99,99,99,99,88,88,0,0,0,1,0
12,121604,2,2,0,0,0,4,4,9,620,27,7,2016,4,16,37,1,2,3,1,3,"SR-524","I-95",99998,28.37447222,-80.80420278,0,12,6,1,2,3,0,1,1,1,0,1,0,"0000000",99,99,99,99,99,99,0,0,0,1,0
12,121605,1,1,0,0,0,2,2,119,0,24,7,2016,1,8,0,1,1,1,1,1,"I-75","",99998,28.66786111,-82.14314722,0,1,0,0,1,1,4,1,1,1,0,1,0,"0000000",8,2,8,8,99,99,0,0,0,1,0
12,121606,1,1,0,1,1,1,1,31,1510,3,8,2016,4,23,10,1,2,3,1,2,"US-90 SR-212 BEACH BLVD","8500 BEACH BLVD",99998,30.28749167,-81.57059722,0,8,0,0,3,2,0,1,3,1,0,1,0,"0000000",99,99,99,99,99,99,0,0,0,1,0
12,121607,2,2,0,0,0,4,4,87,0,25,7,2016,2,17,21,1,1,3,1,2,"US-1","",99998,24.67388056,-81.24323056,0,12,2,0,1,1,0,1,1,1,0,1,0,"0000000",99,99,99,99,99,99,0,0,0,2,0
12,121608,2,2,0,0,0,2,2,83,0,22,6,2016,4,11,17,1,1,3,1,2,"US-441","155TH ST",99998,29.37422778,-82.174825,0,12,1,0,3,2,0,1,1,1,0,1,0,"0000000",99,99,99,99,99,99,0,0,0,1,0
12,121609,1,1,0,0,0,1,1,99,330,18,7,2016,2,20,31,0,1,5,25,5,"GATEWAY BLVD","",99998,26.54658333,-80.09406111,0,24,0,0,1,1,0,3,5,1,0,1,0,"0000000",99,99,99,99,99,99,0,0,0,1,0
12,121610,2,2,0,0,0,4,4,85,0,31,7,2016,1,17,15,1,1,3,1,3,"SR-710","",99998,27.10411944,-80.5944,0,12,6,0,1,1,0,1,1,2,0,2,0,"0000000",99,99,99,99,99,99,0,0,0,3,0
12,121612,1,1,0,0,0,1,1,86,844,30,7,2016,7,2,37,0,2,4,25,5,"12TH ST","",99998,25.78359722,-80.34759722,0,42,0,0,1,1,0,4,3,1,0,1,0,"0000000",99,99,99,99,88,88,0,0,0,1,0
12,121613,1,1,0,0,0,1,1,99,820,30,7,2016,7,23,57,0,1,7,25,6,"SHERWOOD FOREST DR","W ATLANTIC AVE",99998,26.45771944,-80.116225,0,33,0,0,3,2,0,3,3,1,0,1,0,"0000000",99,99,99,99,99,99,0,0,0,1,1
12,121614,2,2,0,0,0,6,6,105,0,16,7,2016,7,13,15,0,2,6,25,5,"ROCKRIDGE RD","",99998,28.21271944,-81.98352778,0,12,1,0,1,1,0,1,1,1,0,1,0,"0000000",99,99,99,99,99,99,0,0,0,1,0
12,121615,1,1,0,1,1,1,1,86,0,29,7,2016,6,17,17,0,2,4,1,2,"US-441","",99998,25.87116944,-80.20999444,0,8,0,0,1,1,0,1,1,1,0,1,0,"0000000",99,99,99,99,88,88,0,0,0,1,0
12,121616,2,2,0,0,0,2,2,71,0,7,8,2016,1,9,1,1,1,1,1,1,"I-75","",99998,26.56327222,-81.7942,0,12,2,0,1,1,0,1,1,10,0,10,0,"0000000",99,99,99,99,99,99,0,0,0,1,0
12,121617,2,2,0,0,0,3,3,71,0,5,8,2016,6,19,40,1,1,1,1,1,"I-75","",99998,26.43496944,-81.77861944,0,12,1,0,1,1,0,1,5,10,0,10,0,"0000000",99,99,99,99,99,99,0,0,0,1,0
12,121618,1,1,0,1,1,2,2,9,2670,10,7,2016,1,1,34,1,2,2,1,2,"US-1","",99998,28.31468333,-80.71061944,0,8,0,0,1,1,0,1,2,10,0,10,0,"0000000",99,99,99,99,88,88,0,0,0,1,0
12,121619,1,1,0,0,0,2,2,86,1340,5,8,2016,6,7,46,0,1,5,25,5,"43RD ST","",99998,25.86168333,-80.27289722,0,5,0,0,1,1,0,1,1,1,0,1,0,"0000000",99,99,99,99,99,99,0,0,0,1,0
12,121620,1,1,0,0,0,1,1,57,0,25,7,2016,2,13,25,1,2,1,1,1,"I-75","",99998,27.960625,-82.32700278,0,59,0,0,1,1,0,4,1,1,0,1,0,"0000000",99,99,99,99,88,88,0,0,0,1,0
12,121621,1,1,0,1,1,1,1,99,2431,31,7,2016,1,5,1,1,1,1,1,1,"I-95","",99998,26.89285278,-80.13370556,0,8,0,0,1,1,0,1,3,10,0,10,0,"0000000",99,99,99,99,99,99,0,0,0,1,0
12,121622,1,1,0,0,0,1,1,131,0,2,8,2016,3,15,40,0,2,6,25,5,"HINOTE RD","",99998,30.76943611,-86.34778333,0,1,0,0,1,1,0,4,1,1,0,1,0,"0000000",99,99,99,99,88,88,0,0,0,1,1
12,121623,1,1,0,1,1,2,2,101,2180,20,7,2016,4,21,45,1,2,3,1,2,"US-19","MAIN ST",99998,28.25129722,-82.72787222,0,8,0,0,3,2,0,1,3,1,0,1,0,"0000000",99,99,99,99,99,99,0,0,0,1,0
12,121624,1,1,0,0,0,2,2,123,0,8,8,2016,2,11,45,1,1,3,1,2,"US-19","",99998,30.19461111,-83.649825,0,42,0,0,1,1,0,4,1,2,0,2,0,"0000000",99,99,99,99,88,88,0,0,0,2,0
12,121625,2,2,0,0,0,2,2,69,2130,3,8,2016,4,16,15,1,2,3,1,2,"US-441 / SR-500 ORANGE BLOSSOM","SR-46",99998,28.79960833,-81.62518611,0,12,1,1,20,1,0,1,1,1,0,1,0,"0000000",99,99,99,99,99,99,0,0,0,1,0
12,121626,1,1,0,1,1,1,1,61,0,23,7,2016,7,5,20,1,1,3,1,3,"SR-60","",99998,27.66998889,-80.80343889,0,8,0,0,8,1,0,1,2,5,0,5,0,"0000000",99,99,99,99,88,88,0,0,0,1,0
12,121627,1,1,0,0,0,1,1,7,0,4,7,2016,2,0,0,0,1,5,25,5,"NORTHEAST 19TH AVENUE","",99998,29.96137222,-82.08127222,0,32,0,0,1,1,0,4,2,1,0,1,0,"0000000",99,99,99,99,88,88,0,0,0,1,1
12,121628,3,3,0,0,0,5,5,87,1568,22,7,2016,6,17,17,1,2,3,1,2,"US-1 SR-5 OVERSEAS HWY","HARBOR SHORES RD",99998,25.078,-80.45926111,0,12,6,0,2,3,0,1,1,1,0,1,0,"0000000",99,99,99,99,99,99,0,0,0,1,1
12,121629,2,2,0,0,0,5,5,87,1568,26,7,2016,3,18,30,1,2,3,1,2,"US-1","",99998,25.06525,-80.47198333,0,12,1,0,1,1,0,1,1,1,0,1,0,"0000000",99,99,99,99,99,99,0,0,0,1,0
12,121630,1,1,0,0,0,1,1,103,2730,7,8,2016,1,10,48,0,2,5,25,5,"54TH AVE","",99998,27.82133889,-82.63999444,0,42,0,0,1,1,0,4,1,2,0,2,0,"0000000",99,99,99,99,88,88,0,0,0,1,0
12,121631,1,1,0,1,1,1,1,11,1050,6,8,2016,7,14,3,0,6,96,96,8,"SW 14TH CT","",99998,26.10293333,-80.17333056,0,8,0,0,4,1,0,1,1,1,0,1,0,"0000000",99,99,99,99,99,99,0,0,0,1,0
12,121632,1,1,0,0,0,1,1,86,0,2,8,2016,3,3,36,0,1,4,25,4,"CR-9","",99998,25.83916944,-80.24143611,0,33,0,0,1,1,0,3,3,7,0,7,0,"0000000",99,99,99,99,88,88,0,0,0,1,0
12,121633,1,1,0,0,0,1,1,103,860,5,8,2016,6,11,37,0,2,3,25,7,"CURLEW RD","",99998,28.05235278,-82.77722778,0,42,0,0,1,1,0,5,1,10,0,10,0,"0000000",99,99,99,99,99,99,0,0,0,1,0
12,121634,1,1,0,0,0,1,1,75,0,28,7,2016,5,12,20,1,1,3,1,2,"US-19","",99998,29.49566944,-82.8676,0,1,0,0,1,1,0,3,1,10,0,10,0,"0000000",99,99,99,99,88,88,0,0,0,1,0
12,121635,2,1,1,0,0,1,1,93,0,24,7,2016,1,2,9,0,1,5,25,5,"28TH ST","",99998,27.2182,-80.78841944,0,53,0,0,1,1,0,4,2,1,0,1,0,"0000000",99,99,99,99,99,99,0,0,0,1,1
12,121636,2,2,0,0,0,2,2,57,0,8,8,2016,2,5,50,0,1,4,25,4,"CR-589","LINEBAUGH AV",99998,28.04461667,-82.58271111,0,12,6,0,2,2,0,1,3,1,0,1,0,"0000000",99,99,99,99,88,88,0,0,0,1,0
12,121638,1,1,0,0,0,1,1,61,0,18,7,2016,2,4,32,1,1,3,1,3,"SR-60","",99998,27.6391,-80.47956111,0,42,0,0,1,1,0,4,3,1,0,1,0,"0000000",99,99,99,99,88,88,0,0,0,1,1
12,121639,2,2,0,0,0,2,2,83,0,5,8,2016,6,13,20,0,1,4,25,4,"CR-484","",99998,29.02616111,-82.22191944,0,12,2,0,1,1,0,1,1,10,0,10,0,"0000000",99,99,99,99,99,99,0,0,0,1,0
12,121640,1,1,0,1,1,1,1,101,0,26,7,2016,3,22,43,1,1,2,1,3,"SR-55","",99998,28.34276944,-82.69916667,0,8,0,0,1,1,0,1,3,1,0,1,0,"0000000",22,43,22,47,88,88,0,0,0,1,0
12,121641,2,2,0,0,0,4,4,101,0,2,8,2016,3,19,35,0,1,4,25,4,"CR-35","",99998,28.34328611,-82.17134167,0,12,2,0,1,1,0,1,1,2,0,2,0,"0000000",19,36,19,44,99,99,0,0,0,1,0
12,121642,1,1,0,0,0,1,1,101,0,23,7,2016,7,17,29,1,1,3,1,3,"SR-52","",99998,28.32438889,-82.34836111,0,31,0,0,1,1,0,5,1,10,0,10,0,"0000000",17,30,17,40,99,99,0,0,0,1,0
12,121643,1,1,0,0,0,2,2,97,0,6,8,2016,7,1,28,0,1,4,25,4,"CR-530","",99998,28.33373333,-81.29693333,0,42,0,0,1,1,0,5,2,1,0,1,0,"0000000",99,99,99,99,99,99,0,0,0,1,1
12,121644,2,2,0,0,0,2,2,79,1890,5,8,2016,6,16,44,1,2,3,1,3,"SR-53","",99998,30.47351944,-83.41516667,0,12,6,0,1,1,0,1,1,1,0,1,0,"0000000",99,99,99,99,88,88,0,0,0,1,1
12,121645,1,1,0,1,1,2,2,101,0,3,8,2016,4,23,50,1,1,3,1,3,"SR-55","",99998,28.34341944,-82.6991,0,9,0,0,1,1,0,1,3,1,0,1,0,"0000000",23,50,23,57,99,99,0,0,0,1,0
12,121646,1,1,0,1,1,5,5,33,0,1,8,2016,2,20,55,1,2,3,1,3,"SR-292","",99998,30.36374722,-87.34992222,0,9,0,0,1,1,0,1,3,1,0,1,0,"0000000",99,99,99,99,99,99,0,0,0,1,0
12,121647,2,2,0,0,0,2,2,57,2950,30,7,2016,7,21,17,1,2,3,1,3,"SR-60","",99998,27.96775833,-82.56987778,0,12,99,0,1,1,0,1,3,1,0,1,0,"0000000",99,99,99,99,99,99,0,0,0,1,0
12,121648,1,1,0,1,1,1,1,57,2950,2,8,2016,3,21,8,0,2,5,25,5,"FOWLER AVE E","",99998,28.05456389,-82.43039444,0,8,0,0,1,1,0,1,3,2,0,2,0,"0000000",99,99,99,99,99,99,0,0,0,1,0
12,121649,2,2,0,0,0,3,3,57,0,8,8,2016,2,4,51,0,1,4,25,4,"CR-576","KELLY RD",99998,27.98179444,-82.56499444,0,12,6,0,2,2,0,1,3,10,0,10,0,"0000000",99,99,99,99,99,99,0,0,0,1,1
12,121650,2,2,0,0,0,3,3,11,2916,15,7,2016,6,11,59,1,2,3,1,3,"SR-816","",99998,26.17008889,-80.28608889,0,12,7,0,8,1,0,1,1,1,0,1,0,"0000000",99,99,99,99,88,88,0,0,0,1,0
12,121651,2,2,0,0,0,2,2,127,780,3,8,2016,4,22,57,1,2,3,98,3,"SR-400 BEVILLE RD","GOLFVIEW DR",99998,29.18137222,-81.01363889,0,12,6,0,2,3,0,1,3,1,0,1,0,"0000000",99,99,99,99,88,88,0,0,0,1,0
12,121652,1,1,0,0,0,1,1,39,0,3,8,2016,4,12,47,1,1,1,1,1,"I-10","",99998,30.52640556,-84.50058056,0,42,0,0,1,1,0,3,1,1,0,1,0,"0000000",99,99,99,99,88,88,0,0,0,1,0
12,121653,1,1,0,0,0,2,2,86,1440,29,7,2016,6,15,50,1,2,3,1,3,"SR-821","SR-5",99998,25.45116111,-80.47571944,0,24,0,0,5,1,0,4,1,2,0,2,0,"0000000",99,99,99,99,99,99,0,0,0,1,0
12,121654,2,2,0,0,0,5,5,105,1690,7,8,2016,1,12,18,1,2,3,1,2,"US-92","",99998,28.05493333,-81.96705833,0,12,6,0,1,1,0,1,1,2,0,2,0,"0000000",99,99,99,99,99,99,0,0,0,2,0
12,121655,2,2,0,1,1,7,7,47,0,3,8,2016,4,22,40,1,1,3,1,3,"SR-93","",99998,30.60311944,-83.12828056,0,8,0,0,1,1,0,1,3,1,0,1,0,"0000000",99,99,99,99,88,88,0,0,0,1,0
12,121656,2,2,0,0,0,5,5,99,1190,23,3,2016,4,17,7,0,1,5,25,5,"1ST STREET","MARTIN AVE",99998,26.62120278,-80.12644167,0,12,6,0,2,2,0,1,1,1,0,1,0,"0000000",99,99,99,99,99,99,0,0,0,1,1
12,121657,3,3,0,0,0,3,3,99,0,30,3,2016,4,22,8,0,1,7,25,6,"MILITARY TRL","",99998,26.52661944,-80.12300556,0,33,0,0,1,1,0,4,3,2,0,2,0,"0000000",99,99,99,99,99,99,0,0,0,1,0
12,121658,1,1,0,0,0,1,1,15,2620,30,7,2016,7,7,43,1,2,3,1,2,"US-41 TAMIAMI TRL","",99998,26.89218333,-82.02444722,0,30,0,0,1,1,0,4,1,1,0,1,0,"0000000",99,99,99,99,99,99,0,0,0,1,0
12,121659,1,1,0,1,1,1,1,11,0,3,8,2016,4,7,0,0,1,5,25,5,"JOHNSON ST","",99998,26.01595278,-80.26548611,0,8,0,0,1,1,0,1,1,10,0,10,0,"0000000",99,99,99,99,99,99,0,0,0,1,0
12,121660,1,1,0,1,1,1,1,86,125,5,8,2016,6,9,10,0,6,96,96,8,"POINT DR","",99998,25.94217778,-80.14603889,0,8,0,0,1,1,0,1,1,1,0,1,0,"0000000",99,99,99,99,99,99,0,0,0,1,0
12,121661,1,1,0,1,1,1,1,115,2235,8,8,2016,2,15,26,0,1,5,25,5,"TROPICAIRE BLVD","",99998,27.11404722,-82.19678056,0,9,0,0,1,1,0,1,1,2,0,2,0,"0000000",99,99,99,99,99,99,0,0,0,1,0
12,121662,2,2,0,0,0,2,2,57,2950,8,8,2016,2,22,23,1,2,3,1,3,"SR-508","",99998,27.99625,-82.54108056,0,12,6,0,1,1,0,1,2,10,0,10,0,"0000000",99,99,99,99,99,99,0,0,0,1,0
12,121663,3,3,0,0,0,4,4,105,1740,24,7,2016,1,9,37,1,2,3,1,3,"SR-17","",99998,27.917625,-81.59241111,0,12,2,0,1,1,0,1,1,1,0,1,0,"0000000",99,99,99,99,99,99,14,0,0,1,0
12,121664,2,2,0,0,0,3,3,86,1340,7,8,2016,1,5,38,0,2,5,25,5,"12TH AVE","68TH ST",99998,25.88413056,-80.3076,0,12,6,0,2,2,0,1,3,1,0,1,0,"0000000",99,99,99,99,99,99,0,0,0,1,1
12,121665,1,1,0,0,0,1,1,11,771,26,7,2016,3,19,45,1,2,3,1,3,"SR-818","",99998,26.06276944,-80.21081944,0,33,0,0,1,1,0,3,3,1,0,1,0,"0000000",99,99,99,99,99,99,0,0,0,1,0
12,121666,1,1,0,1,1,1,1,86,2220,7,8,2016,1,21,56,0,2,5,25,5,"BISCAYNE BLVD","",99998,25.89623611,-80.16176667,0,8,0,0,1,1,0,1,3,2,0,2,0,"0000000",99,99,99,99,88,88,0,0,0,1,0
12,121667,1,1,0,1,1,1,1,86,2010,30,7,2016,7,21,35,0,2,5,25,5,"57TH ST","2ND AVE",99998,25.82786111,-80.19191389,0,8,0,0,1,1,0,1,3,1,0,1,0,"0000000",99,99,99,99,99,99,0,0,0,1,0
12,121670,2,2,0,0,0,2,2,31,1510,11,8,2016,5,18,10,1,2,3,1,3,"SR-105","HERITAGE RIVER RD",99998,30.39989167,-81.47761944,0,12,6,0,4,1,0,1,1,1,0,1,0,"0000000",99,99,99,99,99,99,0,0,0,1,0
12,121671,2,2,0,0,0,2,2,11,2948,7,8,2016,1,2,25,0,2,5,25,5,"MCNAB RD","70TH AVE",99998,26.20835556,-80.24520278,0,12,6,0,2,2,0,1,3,1,0,1,0,"0000000",99,99,99,99,99,99,0,0,0,1,1
12,121672,1,1,0,1,1,3,3,127,780,4,8,2016,5,16,39,1,2,3,1,2,"US-1 SR-5 N RIDGEWOOD AVE","",99998,29.22462778,-81.03011111,0,9,0,0,1,1,0,1,1,2,0,2,0,"0000000",99,99,99,99,88,88,0,0,0,1,0
12,121673,1,1,0,1,1,1,1,57,0,13,3,2016,1,3,30,0,1,4,25,4,"CR-589","",99998,28.016825,-82.58309167,0,8,0,0,1,1,0,1,2,1,0,1,0,"0000000",99,99,99,99,99,99,0,0,0,1,0
12,121674,2,2,0,0,0,2,2,11,672,30,4,2016,7,23,5,0,1,7,25,6,"114TH LN","W SAMPLE RD",99998,26.27281389,-80.28020278,0,12,6,1,2,2,0,1,3,1,0,1,0,"0000000",99,99,99,99,99,99,0,0,0,1,0
12,121675,1,1,0,1,1,2,2,86,0,15,5,2016,1,4,29,0,1,5,25,5,"284TH ST","",99998,25.503725,-80.40809722,0,8,0,0,1,1,0,1,2,1,0,1,0,"0000000",99,99,99,99,88,88,0,0,0,1,0
12,121676,2,2,0,0,0,2,2,86,2040,28,6,2016,3,13,45,1,2,3,1,3,"SR-948","MINOLA DR",99998,25.808025,-80.27540833,0,12,6,0,2,3,0,1,1,2,0,2,0,"0000000",99,99,99,99,99,99,0,0,0,1,0