"STATE","ST_CASE","VE_TOTAL","VE_FORMS","PVH_INVL","PEDS","PERNOTMVIT","PERMVIT","PERSONS","COUNTY","CITY","DAY","MONTH","YEAR","DAY_WEEK","HOUR","MINUTE","NHS","RUR_URB","FUNC_SYS","RD_OWNER","ROUTE","TWAY_ID","TWAY_ID2","MILEPT","LATITUDE","LONGITUD","SP_JUR","HARM_EV","MAN_COLL","RELJCT1","RELJCT2","TYP_INT","WRK_ZONE","REL_ROAD","LGT_COND","WEATHER1","WEATHER2","WEATHER","SCH_BUS","RAIL","NOT_HOUR","NOT_MIN","ARR_HOUR","ARR_MIN","HOSP_HR","HOSP_MN","CF1","CF2","CF3","FATALS","DRUNK_DR"
12,121790,2,2,0,0,0,3,3,103,2730,19,4,2016,3,3,18,0,2,5,25,5,"DR MARTIN LUTHER KING JR ST","",99998,27.75458889,-82.64658611,0,12,1,0,1,1,0,1,3,1,0,1,0,"0000000",99,99,99,99,99,99,0,0,0,1,1
12,121791,1,1,0,1,1,1,1,31,1510,27,8,2016,7,5,3,1,2,3,1,2,"US-90","ACME ST",99998,30.4689,-81.5551,0,8,0,0,3,2,0,1,3,1,0,1,0,"0000000",99,99,99,99,88,88,0,0,0,1,0
12,121792,1,1,0,1,1,1,1,31,1510,28,8,2016,1,8,44,1,2,3,1,3,"SR-115","",99998,30.32705833,-81.63408611,0,8,0,0,1,1,0,1,1,1,0,1,0,"0000000",99,99,99,99,88,88,0,0,0,1,0
12,121793,1,1,0,1,1,1,1,31,1510,27,8,2016,7,20,35,1,2,3,1,3,"SR-212","",99998,30.28690833,-81.53433889,0,8,0,0,1,1,0,1,3,2,0,2,0,"0000000",99,99,99,99,88,88,0,0,0,1,0
12,121794,1,1,0,1,1,1,1,103,0,23,8,2016,3,23,25,0,1,7,25,5,"28TH ST","41ST AVE",99998,27.80926111,-82.67136944,0,8,0,0,3,2,0,1,2,1,0,1,0,"0000000",99,99,99,99,99,99,0,0,0,1,0
12,121795,2,2,0,0,0,3,3,99,2446,24,8,2016,4,20,22,0,2,5,25,5,"10TH AVE","REO LANE",99998,26.62911389,-80.10258611,0,12,9,1,3,2,0,1,3,2,0,2,0,"0000000",99,99,99,99,99,99,0,0,0,1,0
12,121796,2,2,0,0,0,2,2,131,0,23,8,2016,3,14,10,1,1,3,1,3,"SR-83","SPRADLIN ROAD",99998,30.74995833,-86.114225,0,12,2,0,2,2,0,1,1,1,0,1,0,"0000000",99,99,99,99,99,99,0,0,0,1,1
12,121797,2,1,1,0,0,1,1,31,1510,6,8,2016,7,8,50,0,1,5,25,5,"IONIA ST","",99998,30.34325833,-81.64622222,0,14,0,0,1,1,0,5,1,10,0,10,0,"0000000",99,99,99,99,99,99,0,0,0,1,0
12,121798,2,2,0,0,0,2,2,57,0,22,8,2016,2,6,32,1,1,3,1,3,"SR-39","SAM ALLEN RD",99998,28.04745,-82.13596111,0,12,6,0,2,2,0,1,4,1,0,1,0,"0000000",99,99,99,99,99,99,0,0,0,1,0
12,121799,2,2,0,0,0,2,2,69,1460,27,8,2016,7,16,22,1,2,3,1,3,"SR-19","",99998,28.69744167,-81.78045278,0,12,2,0,1,1,0,1,1,1,0,1,0,"0000000",99,99,99,99,99,99,0,0,0,1,0
12,121800,1,1,0,1,1,1,1,105,1740,22,8,2016,2,10,50,1,2,3,1,3,"SR-60","",99998,27.89394444,-81.57396944,0,8,0,0,1,1,0,2,1,1,0,1,0,"0000000",99,99,99,99,88,88,0,0,0,1,0
12,121801,2,2,0,0,0,2,2,9,2424,27,8,2016,7,16,40,0,2,6,25,5,"MALABAR RD","",99998,27.99839167,-80.61876389,0,12,7,0,1,1,0,1,1,1,0,1,0,"0000000",99,99,99,99,99,99,0,0,0,1,0
12,121802,3,3,0,0,0,3,3,57,0,24,8,2016,4,5,0,1,2,3,1,1,"I-4","",99998,28.00365,-82.31463889,0,12,1,0,1,1,0,1,1,1,0,1,0,"0000000",99,99,99,99,99,99,0,0,0,1,0
12,121803,2,2,0,0,0,3,3,95,0,20,8,2016,7,0,37,0,1,5,25,5,"OLD WINTER GARDEN RD","RING RD",99998,28.54051944,-81.45043889,0,12,6,0,2,3,0,1,3,1,0,1,0,"0000000",99,99,99,99,99,99,0,0,0,1,1
12,121804,1,1,0,1,1,1,1,83,0,20,8,2016,7,6,30,1,1,3,1,2,"US-441","",99998,29.34785556,-82.15756667,0,8,0,0,1,1,0,2,2,1,0,1,0,"0000000",99,99,99,99,88,88,0,0,0,1,0
12,121805,2,2,0,0,0,2,2,95,0,23,8,2016,3,11,11,1,1,3,1,3,"SR-50","CHULUOTA RD",99998,28.56075833,-81.12965556,0,12,6,0,2,2,0,1,1,1,0,1,0,"0000000",99,99,99,99,99,99,0,0,0,1,0
12,121806,1,1,0,0,0,1,1,83,0,27,8,2016,7,2,6,0,1,4,25,4,"CR-329","",99998,29.33809722,-82.13307222,0,42,0,0,1,1,0,4,2,1,0,1,0,"0000000",99,99,99,99,88,88,0,0,0,1,1
12,121807,1,1,0,0,0,1,1,21,0,29,8,2016,2,15,12,0,1,4,25,4,"CR-858","",99998,26.30221944,-81.298875,0,59,0,0,1,1,0,4,1,2,0,2,0,"0000000",99,99,99,99,99,99,0,0,0,1,0
12,121809,1,1,0,1,1,1,1,103,0,23,8,2016,3,21,21,1,1,3,1,3,"SR-686","",99998,27.91615833,-82.71621944,0,8,0,0,1,1,0,1,3,1,0,1,0,"0000000",99,99,99,99,88,88,0,0,0,1,0
12,121810,1,1,0,1,1,1,1,103,2730,29,8,2016,2,5,40,0,2,5,25,5,"34TH ST","5TH AVE",99998,27.77717222,-82.67933889,0,15,0,0,3,98,0,1,3,1,0,1,0,"0000000",99,99,99,99,88,88,0,0,0,1,0
12,121811,1,1,0,1,1,1,1,103,570,24,8,2016,4,8,23,1,2,3,1,3,"SR-699","",99998,27.94284167,-82.83592778,0,8,0,0,16,1,0,1,1,1,0,1,0,"0000000",99,99,99,99,99,99,0,0,0,1,0
12,121812,1,1,0,0,0,2,2,99,0,15,8,2016,2,23,3,1,1,3,1,3,"SR-806","",99998,26.45431111,-80.13924444,0,59,0,0,1,1,0,4,3,2,0,2,0,"0000000",99,99,99,99,99,99,0,0,0,1,0
12,121813,2,2,0,0,0,2,2,63,1930,27,8,2016,7,12,15,0,2,4,25,4,"CR-278","",99998,30.77198056,-85.25428056,0,12,2,0,1,1,0,1,1,1,0,1,0,"0000000",99,99,99,99,88,88,0,0,0,1,0
12,121814,1,1,0,0,0,1,1,127,0,27,8,2016,7,1,30,1,1,3,1,3,"SR-44","",99998,29.02911944,-81.1611,0,1,0,0,1,1,0,4,2,1,0,1,0,"0000000",99,99,99,99,88,88,0,0,0,1,1
12,121815,1,1,0,0,0,1,1,31,1510,23,7,2016,7,17,34,1,2,1,1,1,"I-95","",99998,30.31391389,-81.6528,0,25,0,0,1,1,4,3,1,1,0,1,0,"0000000",99,99,99,99,88,88,0,0,0,1,0
12,121816,1,1,0,0,0,1,1,5,0,25,8,2016,5,22,0,1,1,3,98,2,"US-98","",99998,29.96886944,-85.4537,2,1,0,0,1,1,0,4,2,1,0,1,0,"0000000",99,99,99,99,99,99,0,0,0,1,1
12,121817,2,2,0,0,0,4,4,5,0,18,8,2016,5,12,50,1,1,2,1,2,"US-231","",99998,30.34305833,-85.44105,0,12,6,0,1,1,0,1,1,1,0,1,0,"0000000",99,99,99,99,99,99,0,0,0,2,0
12,121818,1,1,0,1,1,2,2,99,0,16,8,2016,3,20,49,0,2,6,25,5,"BELVEDERE RD","",99998,26.69129722,-80.08620556,0,8,0,0,1,1,0,1,2,10,0,10,0,"0000000",99,99,99,99,88,88,0,0,0,1,0
12,121819,1,1,0,1,1,1,1,99,0,14,8,2016,1,22,31,1,1,3,1,3,"SR-804","",99998,26.5278,-80.13423056,0,8,0,0,1,1,0,1,3,1,0,1,0,"0000000",99,99,99,99,99,99,0,0,0,1,0
12,121820,1,1,0,0,0,1,1,53,0,25,8,2016,5,7,10,0,1,5,25,5,"HARROW RD","ELK LN",99998,28.47778611,-82.58383056,0,43,0,0,3,2,0,5,1,1,0,1,0,"0000000",99,99,99,99,88,88,0,0,0,1,1
12,121821,1,1,0,0,0,1,1,85,0,22,8,2016,2,18,45,0,1,4,25,4,"CR-714","",99998,27.16236667,-80.65295556,0,42,0,0,1,1,0,5,1,1,0,1,0,"0000000",99,99,99,99,88,88,0,0,0,1,0
12,121822,1,1,0,0,0,1,1,107,0,3,7,2016,1,2,57,1,1,2,1,2,"US-17","",99998,29.8351,-81.66153889,0,1,0,0,1,1,0,4,2,10,0,10,0,"0000000",99,99,99,99,88,88,0,0,0,1,1
12,121823,2,2,0,0,0,2,2,75,0,22,7,2016,6,20,10,1,1,3,1,2,"US-27","140TH CT",99998,29.41064444,-82.53981111,0,12,6,1,2,2,0,1,5,1,0,1,0,"0000000",99,99,99,99,99,99,0,0,0,1,0
12,121824,1,1,0,0,0,2,2,127,0,28,8,2016,1,18,16,1,1,1,1,1,"I-95","",99998,29.20446944,-81.09763889,0,42,0,0,1,1,0,5,5,2,0,2,0,"0000000",99,99,99,99,88,88,0,0,0,2,0
12,121825,2,2,0,0,0,2,2,81,0,23,8,2016,3,5,45,1,2,3,1,3,"SR-70 53RD AVE/ONECO RD","22 ND ST CT",99998,27.44756111,-82.53621944,0,12,6,1,2,2,0,1,3,1,0,1,0,"0000000",99,99,99,99,88,88,0,0,0,1,0
12,121826,3,3,0,0,0,4,4,23,0,26,8,2016,6,13,5,1,1,3,1,3,"SR-247","COUNTY ROAD 240",99998,30.05928056,-82.79191944,0,12,6,0,2,2,0,1,1,1,0,1,0,"0000000",99,99,99,99,99,99,0,0,0,1,0
12,121827,2,2,0,0,0,2,2,103,1770,12,8,2016,6,15,10,0,1,4,25,4,"CR-321","8TH AVE",99998,27.90941111,-82.79631111,0,12,2,0,2,2,0,1,1,1,0,1,0,"0000000",99,99,99,99,99,99,0,0,0,1,0
12,121829,1,1,0,1,1,1,1,71,0,31,7,2016,1,5,10,1,1,3,1,3,"SR-80","WAVERLY AVE",99998,26.67203056,-81.8202,0,8,0,0,3,3,0,1,3,1,0,1,0,"0000000",99,99,99,99,88,88,0,0,0,1,0
12,121830,2,2,0,0,0,2,2,31,1510,27,8,2016,7,1,12,1,2,1,1,1,"I-95 NB","MAIN STREET",99998,30.31074444,-81.64864167,0,12,2,0,1,1,0,1,3,1,0,1,0,"0000000",99,99,99,99,99,99,0,0,0,2,1
12,121831,1,1,0,0,0,2,2,107,0,25,8,2016,5,0,25,1,1,3,1,3,"SR-26","",99998,29.72994444,-81.97801389,0,1,0,0,1,1,0,4,2,1,0,1,0,"0000000",99,99,99,99,99,99,0,0,0,1,1
12,121832,1,1,0,1,1,1,1,117,2770,5,8,2016,6,20,46,1,2,3,1,3,"SR-46","CENTRAL PARK DR",99998,28.81173056,-81.31741111,0,8,0,0,2,2,0,1,2,1,0,1,0,"0000000",99,99,99,99,99,99,0,0,0,1,0
12,121833,1,1,0,0,0,1,1,59,0,28,8,2016,1,2,0,0,2,6,25,5,"VALEE RD","",99998,30.76193333,-85.92241944,0,35,0,0,1,1,0,4,2,1,0,1,0,"0000000",99,99,99,99,88,88,0,0,0,1,0
12,121835,1,1,0,1,1,1,1,81,2440,22,8,2016,2,21,42,1,2,3,1,2,"US-19","",99998,27.57106944,-82.57288889,0,8,0,0,1,1,0,1,2,1,0,1,0,"0000000",99,99,99,99,88,88,0,0,0,1,0
12,121836,2,2,0,0,0,3,3,33,0,26,8,2016,6,17,30,0,2,4,1,3,"SR-297","LOBLOLLY LN",99998,30.51801111,-87.3129,0,12,6,0,8,1,0,1,1,1,0,1,0,"0000000",99,99,99,99,99,99,0,0,0,1,0
12,121837,2,2,0,0,0,3,3,43,0,10,8,2016,4,8,40,1,1,3,1,2,"US-27","POTATO FARM GRADE",99998,26.88327222,-81.12243611,0,12,2,1,2,3,0,1,1,1,0,1,0,"0000000",99,99,99,99,99,99,0,0,0,1,0
12,121838,2,2,0,0,0,2,2,115,0,25,8,2016,5,15,53,1,2,3,1,2,"US-41","CONSTITUTION BLVD",99998,27.26988889,-82.53056944,0,12,6,0,2,2,0,1,1,10,0,10,0,"0000000",99,99,99,99,88,88,0,0,0,1,0
12,121839,1,1,0,0,0,1,1,21,0,20,8,2016,7,9,48,1,1,3,1,3,"SR-84","",99998,26.13875,-81.72221111,0,30,0,0,1,1,0,3,1,1,0,1,0,"0000000",99,99,99,99,99,99,0,0,0,1,0
12,121840,2,2,0,0,0,4,4,105,1690,30,8,2016,3,22,46,1,2,2,1,2,"US-92","",99998,28.04001111,-82.00007778,0,12,1,0,1,1,0,1,3,2,0,2,0,"0000000",99,99,99,99,99,99,0,0,0,1,0
12,121841,1,1,0,2,2,1,1,55,0,22,2,2016,2,19,32,0,1,7,25,6,"STRYKER RD","",99998,27.61751389,-81.54023056,0,8,0,0,1,1,0,1,2,10,0,10,0,"0000000",99,99,99,99,88,88,0,0,0,2,0
12,121842,2,2,0,0,0,7,7,71,1070,19,3,2016,7,23,5,0,1,5,25,5,"MCGREGOR BLVD","POINCIANA AVE",99998,26.62668056,-81.88414722,0,12,2,0,1,1,0,1,3,10,0,10,0,"0000000",99,99,99,99,99,99,0,0,0,1,1
12,121843,3,3,0,0,0,5,5,117,2770,19,4,2016,3,20,34,1,2,3,1,2,"US-17","",99998,28.82495833,-81.29960278,0,12,2,0,1,1,0,1,5,1,0,1,0,"0000000",99,99,99,99,99,99,0,0,0,1,1
12,121844,2,2,0,0,0,3,3,21,0,17,8,2016,4,13,20,1,2,3,1,2,"US-41","PELICAN BAY BLVD",99998,26.24503333,-81.80115833,0,12,6,0,2,3,0,1,1,1,0,1,0,"0000000",99,99,99,99,99,99,0,0,0,1,0
12,121846,1,1,0,0,0,6,6,105,0,7,8,2016,1,2,15,0,1,5,25,5,"THORNHILL RD","",99998,28.02464722,-81.81497778,0,1,0,0,1,1,0,5,2,10,0,10,0,"0000000",99,99,99,99,99,99,0,0,0,2,1
12,121847,1,1,0,0,0,1,1,9,2424,31,8,2016,4,2,12,1,2,3,1,2,"US-1","",99998,28.0569,-80.58978611,0,30,0,0,1,1,0,4,3,2,0,2,0,"0000000",99,99,99,99,88,88,0,0,0,1,0
12,121848,2,2,0,0,0,6,6,71,0,13,8,2016,7,22,20,0,1,3,25,7,"CARTER RD","",99998,26.42768611,-81.62722222,0,12,6,0,1,1,0,1,2,1,0,1,0,"0000000",99,99,99,99,88,88,0,0,0,1,1
12,121849,2,2,0,0,0,3,3,127,2375,22,8,2016,2,21,13,1,2,3,1,2,"US-1","WILMETTE AV",99998,29.29065,-81.06951389,0,12,6,0,2,2,0,1,3,1,0,1,0,"0000000",99,99,99,99,99,99,0,0,0,2,0
12,121851,2,2,0,0,0,4,4,127,780,19,8,2016,6,21,20,1,2,3,1,3,"SR-A1A","GOODALL AVE",99998,29.21933611,-81.00441944,0,12,2,0,3,3,0,1,3,1,0,1,0,"0000000",99,99,99,99,99,99,0,0,0,1,0
12,121852,1,1,0,1,1,1,1,103,3010,12,8,2016,6,9,0,0,6,96,96,5,"BAYSHORE BLVD","",99998,27.74574444,-82.75864444,0,8,0,0,1,1,0,1,1,1,0,1,0,"0000000",99,99,99,99,88,88,0,0,0,1,0
12,121853,1,1,0,0,0,2,2,97,0,30,8,2016,3,18,1,1,1,1,1,1,"I-4","",99998,28.30553333,-81.57251111,0,1,0,1,5,1,0,4,1,2,0,2,0,"0000000",99,99,99,99,99,99,0,0,0,1,0
12,121854,2,2,0,0,0,3,3,86,0,20,8,2016,7,18,24,0,2,6,25,5,"OLD CUTLER RD","196TH ST",99998,25.58503056,-80.32616389,0,12,2,0,3,3,0,1,1,1,0,1,0,"0000000",99,99,99,99,88,88,0,0,0,1,0
12,121855,2,2,0,0,0,5,5,86,2220,27,8,2016,7,15,21,0,2,7,25,6,"135TH ST NW","11TH AVE NW",99998,25.89803333,-80.217275,0,12,6,0,2,3,0,1,1,1,0,1,0,"0000000",99,99,99,99,99,99,0,0,0,1,0
12,121856,2,1,1,0,0,2,2,53,0,30,8,2016,3,9,5,1,2,3,1,2,"US-19","",99998,28.47697778,-82.61253056,0,14,0,0,1,1,0,4,1,1,0,1,0,"0000000",9,6,9,14,99,99,0,0,0,1,1
12,121857,2,2,0,1,1,2,2,95,0,29,8,2016,2,6,25,1,2,3,1,2,"US-441","",99998,28.50340556,-81.39694167,0,8,0,0,1,1,0,1,3,1,0,1,0,"0000000",99,99,99,99,99,99,0,0,0,1,0
12,121858,1,1,0,1,1,2,2,97,0,2,9,2016,6,1,10,0,1,7,25,6,"OSCEOLA PARKWAY","",99998,28.34231111,-81.3775,0,8,0,0,1,1,0,1,3,10,0,10,0,"0000000",99,99,99,99,88,88,0,0,0,1,0
12,121860,2,2,0,0,0,3,3,101,0,25,8,2016,5,9,16,1,2,3,1,2,"US-98","TRILBY RD",99998,28.46348889,-82.1932,0,12,6,1,2,2,0,1,1,1,0,1,0,"0000000",99,99,99,99,88,88,0,0,0,2,0
12,121861,2,2,0,0,0,2,2,5,0,28,8,2016,1,11,5,1,2,3,3,2,"US-98","EVERITT AVE",99998,30.17483056,-85.62055,0,12,6,0,2,2,0,1,1,1,0,1,0,"0000000",99,99,99,99,99,99,0,0,0,1,0
12,121862,1,1,0,1,1,2,2,11,0,29,8,2016,2,21,28,1,1,3,1,3,"SR-842","",99998,26.12235,-80.14334167,0,8,0,0,1,1,0,1,3,1,0,1,0,"0000000",99,99,99,99,99,99,0,0,0,1,0
12,121863,1,1,0,1,1,1,1,11,790,6,8,2016,7,18,55,1,2,1,1,1,"I-95","",99998,26.31796389,-80.11616667,0,8,0,0,1,1,0,1,1,10,0,10,0,"0000000",99,99,99,99,99,99,0,0,0,1,0
12,121864,2,2,0,0,0,7,7,101,0,20,8,2016,7,19,40,1,1,2,1,2,"US-301","JORDAN RD",99998,28.39385556,-82.19511111,0,12,6,0,8,1,0,1,1,1,0,1,0,"0000000",99,99,99,99,99,99,0,0,0,1,1
12,121865,1,1,0,1,1,1,1,101,0,24,8,2016,4,20,28,0,1,4,25,4,"CR-587","PEGGY MAC LN",99998,28.25896111,-82.67924167,0,15,0,0,1,1,0,1,2,1,0,1,0,"0000000",99,99,99,99,99,99,0,0,0,1,0
12,121866,1,1,0,2,2,1,1,101,0,30,8,2016,3,22,28,0,2,5,25,5,"NEW YORK AVE","",99998,28.37526389,-82.66501389,0,8,0,0,1,1,0,1,2,1,0,1,0,"0000000",99,99,99,99,99,99,0,0,0,1,0
12,121867,1,1,0,1,1,1,1,103,2730,30,4,2016,7,1,52,0,2,5,25,5,"DR MARTIN LUTHER KING JR ST","JAMES AVE",99998,27.75984722,-82.64664167,0,8,0,0,3,3,0,1,3,1,0,1,0,"0000000",99,99,99,99,99,99,0,0,0,1,0
12,121868,1,1,0,0,0,2,2,127,0,1,9,2016,5,13,7,0,1,5,25,5,"NORTH STONE ST","",99998,29.06382222,-81.31690556,0,42,0,0,1,1,0,4,1,10,0,10,0,"0000000",99,99,99,99,99,99,0,0,0,1,0
12,121869,1,1,0,1,1,1,1,33,0,30,8,2016,3,5,33,0,2,6,25,5,"ROLLING HILLS RD","",99998,30.49233889,-87.278,0,8,0,0,1,1,0,1,2,1,0,1,0,"0000000",99,99,99,99,99,99,0,0,0,1,0
12,121870,1,1,0,1,1,1,1,105,0,18,8,2016,5,22,15,0,1,4,25,4,"CR-17A","",99998,27.96026389,-81.59735833,0,9,0,0,1,1,0,1,2,1,0,1,0,"0000000",99,99,99,99,88,88,0,0,0,1,0
12,121871,2,2,0,0,0,2,2,107,0,29,8,2016,2,17,35,1,1,3,1,2,"US-17","",99998,29.39959722,-81.509175,0,12,6,0,1,1,0,1,1,10,0,10,0,"0000000",99,99,99,99,88,88,0,0,0,2,0
12,121872,2,2,0,0,0,3,3,31,1510,17,8,2016,4,8,0,1,2,3,1,2,"US-90","STATION CREEK RD",99998,30.28731667,-81.48421944,0,12,6,0,2,2,0,1,1,10,0,10,0,"0000000",99,99,99,99,99,99,0,0,0,1,0
12,121873,1,1,0,1,1,1,1,81,0,1,9,2016,5,21,17,1,2,3,1,2,"US-41","51ST AVE",99998,27.44965556,-82.57529444,0,8,0,0,3,2,0,1,2,10,0,10,0,"0000000",99,99,99,99,88,88,0,0,0,1,0
12,121874,2,2,0,0,0,3,3,105,0,16,7,2016,7,14,37,1,1,3,1,3,"SR-33","",99998,28.14919722,-81.88447222,0,12,2,0,1,1,0,1,1,1,0,1,0,"0000000",99,99,99,99,99,99,0,0,0,1,0
12,121875,1,1,0,0,0,1,1,17,0,29,7,2016,6,3,39,0,1,4,25,4,"CR-495","WAHOO TRAIL",99998,29.02991111,-82.56613889,0,38,0,0,1,1,0,5,2,1,0,1,0,"0000000",3,34,3,54,88,88,0,0,0,1,0
12,121876,1,1,0,1,1,1,1,95,0,25,8,2016,5,16,10,0,2,5,25,5,"SAN ANTONIO AVE","AMERICANA BLVD",99998,28.4855,-81.40603889,0,8,0,0,8,1,0,1,1,1,0,1,0,"0000000",99,99,99,99,99,99,0,0,0,1,0
12,121878,1,1,0,1,1,1,1,33,0,3,9,2016,7,22,12,1,2,3,1,3,"SR-295","SR-292",99998,30.44526667,-87.24019722,0,15,0,0,3,3,0,1,2,10,0,10,0,"0000000",99,99,99,99,99,99,0,0,0,1,0
12,121879,1,1,0,0,0,1,1,31,1510,7,9,2016,4,10,38,0,1,4,25,4,"CR-211","",99998,30.26500278,-81.699175,0,41,0,0,1,1,0,5,1,1,0,1,0,"0000000",99,99,99,99,99,99,0,0,0,1,0
12,121880,2,2,0,0,0,3,3,99,0,18,4,2016,2,18,46,1,2,3,1,2,"US-441","STONEBRIDGE COUNTRY CLUB BLVD",59,26.41355,-80.20409167,0,12,6,0,2,2,0,1,1,1,0,1,0,"0000000",99,99,99,99,99,99,0,0,0,1,0
12,121882,2,2,0,0,0,2,2,71,0,28,8,2016,1,10,36,0,2,6,25,5,"HOMESTEAD RD","JAGUAR BLVD",99998,26.54758889,-81.62076111,0,12,6,0,2,2,0,1,1,1,0,1,0,"0000000",99,99,99,99,99,99,0,0,0,1,0
12,121883,3,1,2,0,0,1,1,33,0,4,9,2016,1,20,8,0,2,4,25,4,"CR-453","TRUMAN AVE",99998,30.44807222,-87.24962222,0,38,0,0,1,1,0,5,3,10,0,10,0,"0000000",99,99,99,99,88,88,0,0,0,1,0
12,121884,1,1,0,1,1,2,2,85,0,2,9,2016,6,21,32,1,1,3,1,3,"SR-710","INDIANWOOD DR",99998,27.02632222,-80.4754,0,9,0,0,2,3,0,1,3,1,0,1,0,"0000000",99,99,99,99,88,88,0,0,0,1,0
12,121885,1,1,0,0,0,2,2,33,0,3,9,2016,7,22,40,1,2,3,1,3,"SR-292","",99998,30.29813056,-87.43003889,0,1,0,0,1,1,0,4,2,10,0,10,0,"0000000",99,99,99,99,99,99,0,0,0,1,0
12,121886,2,2,0,0,0,3,3,101,0,2,9,2016,6,14,23,0,1,4,25,4,"CR-54","",99998,28.24503611,-82.22815556,0,12,2,0,1,1,0,1,1,2,0,2,0,"0000000",99,99,99,99,99,99,0,0,0,1,1
12,121887,2,2,0,0,0,2,2,109,0,22,8,2016,2,21,21,1,1,2,1,1,"I-95 SB","",99998,29.91945556,-81.41228333,0,12,6,0,1,1,0,1,3,1,0,1,0,"0000000",99,99,99,99,99,99,0,0,0,1,0
12,121888,1,1,0,1,1,1,1,91,0,5,9,2016,2,20,55,1,1,3,1,3,"SR-189","",99998,30.43348056,-86.63956111,0,8,0,0,1,1,0,1,3,1,0,1,0,"0000000",99,99,99,99,88,88,0,0,0,1,0
12,121889,3,3,0,0,0,5,5,41,0,24,8,2016,4,12,0,1,1,3,1,3,"SR-26","CR-307",99998,29.61301944,-82.85686111,0,12,1,1,2,2,0,1,1,1,0,1,0,"0000000",99,99,99,99,99,99,0,0,0,1,0
12,121890,2,2,0,0,0,4,4,131,0,2,9,2016,6,23,45,0,1,4,25,4,"CR-183","JASPER FLOYD RD",99998,30.63475,-85.97098056,0,12,6,0,2,3,0,1,2,1,0,1,0,"0000000",99,99,99,99,88,88,0,0,0,1,0
12,121891,1,1,0,0,0,1,1,31,1510,28,8,2016,1,9,23,1,2,3,1,3,"SR-202","",99998,30.25329167,-81.51634167,0,25,0,1,5,1,0,4,1,1,0,1,0,"0000000",99,99,99,99,99,99,0,0,0,1,1
12,121892,1,1,0,0,0,1,1,57,0,8,9,2016,5,17,13,0,1,5,25,5,"NORTHDALE BLVD","",99998,28.10701944,-82.51360833,0,42,0,0,1,1,0,5,1,1,0,1,0,"0000000",99,99,99,99,88,88,0,0,0,1,0
12,121893,1,1,0,1,1,2,2,57,0,3,9,2016,7,19,55,1,2,3,1,3,"SR-60","KNIGHTS AVE",99998,27.93781111,-82.28983889,0,9,0,0,3,3,0,1,3,1,0,1,0,"0000000",99,99,99,99,99,99,0,0,0,1,0
12,121894,1,1,0,1,1,1,1,31,1510,10,9,2016,7,21,25,0,2,5,25,5,"WILSON BLVD","",99998,30.27018889,-81.75180278,0,9,0,0,1,1,0,4,3,1,0,1,0,"0000000",99,99,99,99,99,99,0,0,0,1,1
12,121895,2,2,0,0,0,2,2,51,0,30,8,2016,3,5,59,1,1,3,1,3,"SR-80","",99998,26.70941667,-81.55418056,0,12,1,0,1,1,0,1,2,10,0,10,0,"0000000",99,99,99,99,88,88,0,0,0,1,0
12,121897,2,1,1,0,1,1,2,99,330,2,9,2016,6,0,35,1,2,1,1,1,"I-95","",99998,26.52652778,-80.07259444,0,14,0,1,5,1,0,8,3,1,0,1,0,"0000000",99,99,99,99,99,99,0,0,0,1,1
12,121898,1,1,0,1,1,1,1,105,0,22,8,2016,2,7,52,0,2,6,25,5,"BARFIELD RD","",99998,28.17906667,-81.81413611,0,8,0,0,1,1,0,2,1,1,0,1,0,"0000000",99,99,99,99,99,99,0,0,0,1,0
12,121899,1,1,0,1,1,1,1,86,2220,7,9,2016,4,8,53,0,2,5,25,5,"BISCAYNE BLVD","",99998,25.89382222,-80.162475,0,8,0,0,1,1,0,1,1,1,0,1,0,"0000000",99,99,99,99,88,88,0,0,0,1,0
12,121900,1,1,0,1,1,1,1,31,1510,12,9,2016,2,1,15,0,2,6,25,5,"LEE RD","",99998,30.33691111,-81.53766944,0,8,0,0,1,1,0,1,2,1,0,1,0,"0000000",99,99,99,99,88,88,0,0,0,1,0
12,121901,1,1,0,0,0,2,2,99,0,24,1,2016,1,16,1,1,1,3,1,3,"SR-809","",99998,26.64620833,-80.1125,0,33,0,0,1,1,0,4,1,10,0,10,0,"0000000",99,99,99,99,99,99,0,0,0,1,1
12,121902,2,2,0,0,0,2,2,99,0,8,4,2016,6,1,0,0,2,6,25,5,"LANTANA RD","WILLOWOOD LN",99998,26.58871944,-80.10989722,0,12,6,0,3,3,0,1,2,1,0,1,0,"0000000",99,99,99,99,99,99,0,0,0,1,0
12,121903,1,1,0,0,0,1,1,73,2940,31,8,2016,4,21,0,1,2,1,1,1,"I-10","SHARER RD",99998,30.48806944,-84.29085833,0,30,0,0,1,1,0,4,3,2,0,2,0,"0000000",99,99,99,99,88,88,0,0,0,1,0
12,121904,2,2,0,0,0,3,3,105,0,8,3,2016,3,23,35,0,1,3,1,3,"SR-540","",99998,28.01023889,-81.82588611,0,12,1,0,1,1,0,1,3,1,0,1,0,"0000000",99,99,99,99,99,99,0,0,0,1,1
12,121905,2,2,0,0,0,3,3,11,2570,1,9,2016,5,23,0,1,2,3,1,3,"SR-9","",99998,26.23634167,-80.13673056,0,12,1,0,1,1,0,1,3,1,0,1,0,"0000000",99,99,99,99,99,99,0,0,0,1,0