"STATE","ST_CASE","VE_TOTAL","VE_FORMS","PVH_INVL","PEDS","PERNOTMVIT","PERMVIT","PERSONS","COUNTY","CITY","DAY","MONTH","YEAR","DAY_WEEK","HOUR","MINUTE","NHS","RUR_URB","FUNC_SYS","RD_OWNER","ROUTE","TWAY_ID","TWAY_ID2","MILEPT","LATITUDE","LONGITUD","SP_JUR","HARM_EV","MAN_COLL","RELJCT1","RELJCT2","TYP_INT","WRK_ZONE","REL_ROAD","LGT_COND","WEATHER1","WEATHER2","WEATHER","SCH_BUS","RAIL","NOT_HOUR","NOT_MIN","ARR_HOUR","ARR_MIN","HOSP_HR","HOSP_MN","CF1","CF2","CF3","FATALS","DRUNK_DR"
12,121906,2,2,0,0,0,2,2,99,0,29,8,2016,2,15,4,1,1,3,1,2,"US-27","",99998,26.73685,-80.87088056,0,12,6,0,1,1,0,1,1,2,0,2,0,"0000000",99,99,99,99,88,88,0,0,0,1,0
12,121907,1,1,0,0,0,3,3,111,0,28,8,2016,1,3,6,1,1,3,1,3,"SR-70","",99998,27.39908611,-80.45518333,0,1,0,0,1,1,0,4,2,1,0,1,0,"0000000",99,99,99,99,99,99,0,0,0,1,1
12,121908,2,1,1,0,0,2,2,105,0,13,2,2016,7,21,40,0,2,4,1,3,"SR-37","",99998,27.90861667,-81.97389167,0,33,0,0,1,1,0,4,3,1,0,1,0,"0000000",99,99,99,99,99,99,0,0,0,1,1
12,121909,2,2,0,0,0,2,2,105,0,14,2,2016,1,16,15,1,2,3,1,3,"SR-60 W","CORONET RD",10,27.92748611,-82.03863056,0,12,6,0,2,2,0,1,1,1,0,1,0,"0000000",99,99,99,99,99,99,0,0,0,1,0
12,121910,1,1,0,0,0,1,1,95,2360,20,2,2016,7,2,46,1,2,3,1,3,"SR-552","TERRE CIA AVE",99998,28.52432222,-81.31233333,0,59,0,0,1,1,0,3,3,1,0,1,0,"0000000",99,99,99,99,88,88,0,0,0,1,1
12,121911,1,1,0,0,0,3,3,103,1572,29,5,2016,1,10,47,0,2,5,25,5,"49TH AVE","",99998,27.81597778,-82.71957222,0,5,0,0,1,1,0,1,1,1,0,1,0,"0000000",99,99,99,99,99,99,0,0,0,1,0
12,121912,1,1,0,1,1,1,1,99,820,31,8,2016,4,19,41,0,2,5,25,5,"10TH AVE","",99998,26.46776667,-80.08336389,0,8,0,0,1,1,0,1,5,10,0,10,0,"0000000",99,99,99,99,99,99,0,0,0,1,0
12,121913,1,1,0,1,1,1,1,57,2950,4,9,2016,1,21,39,0,2,5,25,6,"ORIENT RD","7TH AVE",99998,27.96035278,-82.37296389,0,8,0,0,1,1,0,1,3,1,0,1,0,"0000000",99,99,99,99,99,99,0,0,0,1,0
12,121914,1,1,0,0,0,1,1,107,0,9,9,2016,6,11,25,0,1,4,25,4,"CR-308","PALAMINO RD",99998,29.4406,-81.54215,0,42,0,0,3,3,0,5,1,1,0,1,0,"0000000",99,99,99,99,99,99,0,0,0,1,0
12,121915,1,1,0,0,0,1,1,11,2083,24,8,2016,4,0,18,1,2,1,1,1,"I-75","",99998,25.97871944,-80.35128889,0,3,0,1,5,1,4,4,3,1,0,1,0,"0000000",99,99,99,99,99,99,0,0,0,1,0
12,121916,2,2,0,0,0,2,2,115,2235,7,9,2016,4,17,3,0,1,7,25,6,"BISCAYNE DR","",99998,27.07781944,-82.24641944,0,12,2,0,1,1,0,1,1,1,0,1,0,"0000000",99,99,99,99,99,99,0,0,0,1,0
12,121917,3,3,0,0,0,3,3,103,0,9,9,2016,6,18,0,1,1,3,1,3,"SR-600","",99998,27.87323056,-82.60551667,0,1,0,0,1,1,0,3,1,10,0,10,0,"0000000",99,99,99,99,88,88,0,0,0,1,0
12,121918,2,2,0,0,0,2,2,86,735,1,9,2016,5,21,57,0,2,5,25,5,"184TH ST","90TH BLK",99998,25.59818889,-80.33818889,0,12,1,0,1,1,0,1,2,1,0,1,0,"0000000",99,99,99,99,88,88,0,0,0,1,0
12,121919,1,1,0,0,0,2,2,11,2541,16,1,2016,7,21,15,0,2,5,25,5,"CENTRAL PARK PL","",99998,26.13056944,-80.27933056,0,42,0,0,1,1,0,4,3,10,0,10,0,"0000000",99,99,99,99,99,99,0,0,0,1,0
12,121920,2,2,0,0,0,4,4,71,1070,12,9,2016,2,16,22,0,1,4,25,4,"CR-850","",99998,26.44528056,-81.75120278,0,12,2,0,1,1,0,1,1,1,0,1,0,"0000000",99,99,99,99,99,99,0,0,0,2,0
12,121924,1,1,0,1,1,1,1,79,0,13,9,2016,3,7,55,1,1,1,1,1,"I-10","",99998,30.36844167,-83.24652222,0,8,0,0,1,1,0,1,1,1,0,1,0,"0000000",99,99,99,99,88,88,0,0,0,1,0
12,121925,1,1,0,1,1,1,1,117,2770,7,9,2016,4,22,22,0,2,4,25,4,"CR-425","AIRPORT BLVD",99998,28.77143056,-81.26475,0,8,0,0,3,2,0,1,3,1,0,1,0,"0000000",99,99,99,99,99,99,0,0,0,1,0
12,121926,2,2,0,0,0,4,4,107,0,11,9,2016,1,0,22,1,1,3,1,2,"US-17","",99998,29.48673611,-81.57021667,0,12,2,0,1,1,0,1,2,10,0,10,0,"0000000",99,99,99,99,99,99,0,0,0,2,1
12,121927,2,2,0,0,0,5,5,105,160,7,1,2016,5,14,0,1,2,3,1,2,"US-98 N","",99998,27.87053333,-81.82863889,0,12,6,0,1,1,0,1,1,1,0,1,0,"0000000",99,99,99,99,99,99,0,0,0,1,0
12,121928,1,1,0,1,1,1,1,31,1510,7,9,2016,4,14,15,0,1,7,25,6,"PACIFIC SILVER DR","LOST PINE DR",99998,30.30773056,-81.52025,0,9,0,0,3,3,0,1,1,1,0,1,0,"0000000",99,99,99,99,99,99,0,0,0,1,0
12,121929,1,1,0,0,0,1,1,71,0,10,9,2016,7,15,33,0,1,4,25,4,"CR-767","",99998,26.5509,-82.09216667,0,1,0,0,1,1,0,4,1,1,0,1,0,"0000000",99,99,99,99,99,99,0,0,0,1,1
12,121930,5,5,0,0,0,10,10,95,1895,20,8,2016,7,13,27,1,2,1,1,1,"I-4","",99998,28.63040833,-81.38751111,0,12,2,0,1,1,0,1,1,10,0,10,0,"0000000",99,99,99,99,99,99,0,0,0,1,0
12,121932,3,2,1,0,0,4,4,11,1050,11,9,2016,1,4,28,0,2,5,25,5,"31ST AVE","19TH ST",99998,26.15075833,-80.18673333,0,12,6,0,3,2,0,1,3,1,0,1,0,"0000000",99,99,99,99,99,99,0,0,0,1,0
12,121933,2,2,0,0,0,4,4,57,0,28,8,2016,1,22,33,0,1,5,25,5,"GUNN HW","",99998,28.10331667,-82.58306389,0,12,2,0,1,1,0,1,2,1,0,1,0,"0000000",99,99,99,99,88,88,0,0,0,1,0
12,121934,4,4,0,0,0,6,6,86,0,31,8,2016,4,11,47,0,2,5,25,5,"136TH ST","137TH AVE",99998,25.641075,-80.41489722,0,12,1,0,3,3,0,1,1,1,0,1,0,"0000000",99,99,99,99,99,99,0,0,0,1,0
12,121935,2,2,0,0,0,2,2,99,0,20,8,2016,7,16,33,0,1,5,25,5,"CRESTHAVEN BLVD","FERNLEY DR",99998,26.63674722,-80.13078333,0,12,2,0,2,2,0,1,1,1,0,1,0,"0000000",99,99,99,99,99,99,0,0,0,1,0
12,121936,1,1,0,0,0,1,1,11,1420,27,8,2016,7,1,26,0,2,5,25,5,"WASHINGTON ST","",99998,26.00261667,-80.20019167,0,42,0,0,1,1,0,6,3,1,0,1,0,"0000000",99,99,99,99,99,99,0,0,0,1,1
12,121937,1,1,0,1,1,1,1,83,0,4,9,2016,1,8,40,0,1,4,25,4,"CR-25","",99998,29.03792222,-81.95707222,0,8,0,0,1,1,0,2,1,1,0,1,0,"0000000",99,99,99,99,88,88,0,0,0,1,0
12,121938,2,2,0,0,0,2,2,81,0,6,9,2016,3,4,7,1,1,3,1,3,"SR-70","BETTS RD",99998,27.37183889,-82.21931111,0,12,1,0,1,1,0,1,2,1,0,1,0,"0000000",99,99,99,99,99,99,0,0,0,1,0
12,121939,1,1,0,0,0,1,1,107,0,6,8,2016,7,4,30,0,1,4,25,4,"CR-315","",99998,29.77108889,-81.92433056,0,1,0,0,1,1,0,4,2,10,0,10,0,"0000000",99,99,99,99,88,88,0,0,0,1,1
12,121940,2,2,0,0,0,4,4,3,0,8,9,2016,5,2,50,1,1,2,1,1,"I-10 EB","",99998,30.25473889,-82.43608889,0,12,1,0,1,1,0,1,2,1,0,1,0,"0000000",99,99,99,99,99,99,0,0,0,1,1
12,121941,3,3,0,0,0,3,3,57,0,13,9,2016,3,14,5,1,2,1,1,1,"I-4","",99998,27.98196111,-82.38448611,0,12,7,0,1,1,0,1,1,1,0,1,0,"0000000",99,99,99,99,99,99,0,0,0,1,0
12,121942,2,2,0,0,0,3,3,89,0,1,9,2016,5,13,18,1,1,3,1,2,"US-1","DYAL RD",99998,30.6372,-81.86056111,0,12,6,0,2,3,0,1,1,1,0,1,0,"0000000",99,99,99,99,99,99,0,0,0,1,0
12,121943,3,3,0,0,0,5,5,31,1510,3,8,2016,4,16,59,1,2,1,1,1,"I-295","",99998,30.4383,-81.72461111,0,1,0,0,1,1,0,3,1,1,0,1,0,"0000000",99,99,99,99,99,99,0,0,0,1,0
12,121944,2,2,0,0,0,3,3,95,2360,8,9,2016,5,1,50,0,2,3,1,3,"SR-423","SR-408",99998,28.54316111,-81.41377778,0,12,1,1,3,2,0,1,3,10,0,10,0,"0000000",1,47,1,56,88,88,0,0,0,1,1
12,121945,1,1,0,0,0,2,2,95,0,2,9,2016,6,7,15,1,2,3,1,3,"SR-528","",99998,28.45136111,-81.22428889,0,24,0,0,1,1,0,3,1,2,0,2,0,"0000000",99,99,99,99,99,99,0,0,0,1,0
12,121947,2,2,0,0,0,2,2,21,2150,18,6,2016,7,16,25,0,2,5,25,5,"5TH AVEUNE","2ND STREET",99998,26.14075556,-81.80453889,0,12,6,0,2,2,0,1,1,1,0,1,0,"0000000",99,99,99,99,99,99,0,0,0,1,0
12,121948,2,2,0,1,1,1,1,97,0,26,8,2016,6,9,20,0,1,4,25,4,"CR-523","CANOE CREEK RD",99998,27.87031944,-81.018,0,8,0,0,1,1,0,1,1,1,0,1,0,"0000000",99,99,99,99,99,99,0,0,0,1,0
12,121949,2,2,0,0,0,2,2,86,0,6,9,2016,3,23,18,1,1,3,1,2,"US-27","SR-997",99998,25.943225,-80.43795,0,12,6,0,3,3,4,1,2,10,0,10,0,"0000000",99,99,99,99,88,88,0,0,0,1,0
12,121950,1,1,0,0,0,1,1,9,2424,17,9,2016,7,21,22,0,2,5,25,5,"ROBERT J CONLAN BLVD","",99998,28.05132778,-80.59664722,0,59,0,0,1,1,0,4,2,1,0,1,0,"0000000",99,99,99,99,88,88,0,0,0,1,0
12,121951,2,2,0,0,0,3,3,115,2235,9,2,2016,3,10,54,1,2,3,1,2,"US-41","SALFORD BLVD",2,27.03411389,-82.20816944,0,12,6,0,2,2,4,1,1,1,0,1,0,"0000000",99,99,99,99,99,99,0,0,0,1,0
12,121955,2,2,0,0,0,9,9,105,1270,20,5,2016,6,16,35,0,2,6,25,5,"BATES RD","VILLA SORRENTO BLVD",99998,28.135925,-81.62851389,0,12,1,0,3,3,0,1,1,1,0,1,1,"0000000",99,99,99,99,99,99,0,0,0,1,0
12,121956,1,1,0,0,0,1,1,11,790,6,6,2016,2,3,30,1,2,3,98,3,"SR-845 POWERLINE RD","NW 6TH ST",131,26.32531111,-80.1534,0,33,0,0,3,2,0,3,2,10,0,10,0,"0000000",99,99,99,99,99,99,0,0,0,1,0
12,121957,1,1,0,1,1,2,2,99,290,27,5,2016,6,21,25,1,2,3,1,3,"SR-5","",99998,26.37592778,-80.07631389,0,9,0,0,1,1,0,1,3,2,0,2,0,"0000000",99,99,99,99,99,99,0,0,0,1,0
12,121958,2,2,0,0,0,2,2,11,760,21,6,2016,3,21,39,1,2,3,1,3,"SR-818","34TH AV",99998,26.06234722,-80.18940556,0,12,6,0,2,3,0,1,3,10,0,10,0,"0000000",99,99,99,99,99,99,0,0,0,1,0
12,121959,1,1,0,0,0,2,2,105,0,17,5,2016,3,2,55,0,2,5,25,5,"K VILLE AVE","",99998,28.03378333,-81.82599444,0,42,0,0,1,1,0,6,2,1,0,1,0,"0000000",99,99,99,99,99,99,0,0,0,1,1
12,121960,2,2,0,0,0,3,3,69,1630,7,7,2016,5,15,0,0,2,4,25,4,"CR-466","ROLLING ACRES RD",8,28.91617778,-81.93955278,0,12,6,0,3,3,0,1,1,1,0,1,0,"0000000",99,99,99,99,99,99,0,0,0,1,0
12,121961,2,2,0,0,0,4,4,86,0,5,8,2016,6,5,32,0,1,7,25,6,"RIVER DR","",99998,25.79649444,-80.24425833,0,12,2,0,1,1,0,1,4,1,0,1,0,"0000000",99,99,99,99,99,99,0,0,0,1,0
12,121962,2,2,0,0,0,3,3,103,2530,14,8,2016,1,0,51,1,1,3,1,3,"SR-694","40TH ST",99998,27.83930556,-82.6878,0,12,6,0,2,3,0,1,3,1,0,1,0,"0000000",99,99,99,99,99,99,0,0,0,1,1
12,121963,2,2,0,0,0,3,3,35,0,6,9,2016,3,12,1,1,1,3,1,3,"SR-100","AVIATION DR",99998,29.47533889,-81.20696111,0,12,6,0,2,2,0,1,1,1,0,1,0,"0000000",99,99,99,99,99,99,0,0,0,1,0
12,121964,1,1,0,1,1,1,1,86,0,6,9,2016,3,5,40,0,2,5,25,5,"SW 107TH AVE","SW 184TH TER",0,25.597775,-80.36446389,0,8,0,1,3,3,0,1,3,1,0,1,0,"0000000",99,99,99,99,99,99,0,0,0,1,0
12,121965,2,2,0,0,0,3,3,11,1050,13,9,2016,3,14,36,1,2,3,1,3,"SR-838","ANDREWS AV",99998,26.13675278,-80.14420278,0,12,2,1,2,2,0,1,1,10,0,10,0,"0000000",99,99,99,99,99,99,0,0,0,1,0
12,121967,1,1,0,1,1,3,3,81,0,10,9,2016,7,2,0,0,1,5,25,5,"301 BOULEVARD","9TH STREET",99998,27.46028056,-82.55481111,0,8,0,0,1,1,0,1,2,1,0,1,0,"0000000",99,99,99,99,88,88,0,0,0,1,0
12,121968,2,2,0,0,0,2,2,113,0,11,9,2016,1,23,52,1,1,1,1,1,"I-10","",99998,30.64235,-86.90601944,0,12,1,0,1,1,0,1,2,1,0,1,0,"0000000",99,99,99,99,88,88,0,0,0,1,0
12,121969,2,2,0,0,0,2,2,127,2580,7,9,2016,4,18,53,1,2,3,1,3,"SR-421","SR-9",99998,29.10627778,-81.02848056,0,12,6,0,2,2,0,1,1,1,0,1,0,"0000000",99,99,99,99,99,99,0,0,0,1,0
12,121970,2,2,0,0,0,3,3,71,1070,15,9,2016,5,7,15,0,1,4,25,4,"CR-884","OLYMPIA POINTE BLVD",99998,26.62090278,-81.76086944,0,12,6,0,2,2,0,1,1,1,0,1,0,"0000000",99,99,99,99,99,99,0,0,0,1,0
12,121971,1,1,0,0,0,1,1,107,0,9,9,2016,6,23,11,1,1,3,1,2,"US-17","",99998,29.60156111,-81.59041944,0,26,0,0,1,1,4,4,2,1,0,1,0,"0000000",99,99,99,99,88,88,0,0,0,1,1
12,121972,2,2,0,0,0,2,2,95,0,6,9,2016,3,20,34,1,1,3,1,3,"SR-50","SUE ANN STREET",99998,28.5684,-81.27151111,0,12,6,0,2,3,0,1,3,1,0,1,0,"0000000",99,99,99,99,99,99,0,0,0,1,0
12,121973,1,1,0,0,0,1,1,33,0,17,9,2016,7,1,9,0,1,4,25,4,"CR-95A","",99998,30.67006944,-87.31991944,0,59,0,0,1,1,0,4,2,10,0,10,0,"0000000",99,99,99,99,99,99,0,0,0,1,1
12,121974,1,1,0,1,1,1,1,99,3190,14,9,2016,4,9,6,0,1,5,25,5,"PALM BEACH LAKES BLVD","DIVISION AVE",4,26.72461111,-80.05919444,0,8,0,0,3,2,0,1,1,10,0,10,0,"0000000",99,99,99,99,99,99,0,0,0,1,0
12,121975,2,2,0,0,0,2,2,57,0,27,8,2016,7,6,23,0,2,5,25,5,"BOULEVARD AVE","NORTH B ST",99998,27.94885,-82.49125278,0,12,6,0,8,1,0,1,3,1,0,1,0,"0000000",99,99,99,99,99,99,0,0,0,1,0
12,121976,2,2,0,0,0,3,3,73,0,17,9,2016,7,21,20,0,1,5,25,5,"MOCCASIN GAP RD","",99998,30.59527778,-84.08380278,0,12,2,0,1,1,0,1,2,1,0,1,0,"0000000",99,99,99,99,99,99,0,0,0,2,0
12,121977,2,2,0,0,0,2,2,1,1130,18,9,2016,1,18,37,0,2,4,1,3,"SR-222","",99998,29.68271667,-82.24651389,0,12,2,0,1,1,0,1,5,1,0,1,0,"0000000",99,99,99,99,99,99,0,0,0,1,0
12,121978,1,1,0,0,0,1,1,1,0,10,9,2016,7,22,45,1,1,3,1,2,"US-27","",99998,29.59163056,-82.56321944,0,42,0,0,1,1,0,5,2,1,0,1,0,"0000000",99,99,99,99,88,88,0,0,0,1,1
12,121979,1,1,0,0,0,1,1,23,0,31,8,2016,4,15,55,1,1,3,1,2,"US-90","",99998,30.19179722,-82.72398611,0,1,0,0,1,1,0,4,1,2,0,2,0,"0000000",99,99,99,99,88,88,0,0,0,1,1
12,121980,1,1,0,0,0,1,1,101,0,14,9,2016,4,2,15,0,1,4,25,4,"CR-524","",99998,28.27851944,-82.64691111,0,33,0,0,1,1,0,4,2,10,0,10,0,"0000000",99,99,99,99,88,88,0,0,0,1,1
12,121981,1,1,0,0,0,1,1,127,0,11,9,2016,1,12,5,0,1,5,25,4,"CR-2001","",0,29.40923056,-81.11933889,0,42,0,0,1,1,0,4,1,1,0,1,0,"0000000",99,99,99,99,88,88,0,0,0,1,1
12,121982,2,2,0,0,0,6,6,86,2230,6,9,2016,3,14,57,0,2,5,25,5,"13TH AVE","160TH ST",99998,25.92314444,-80.173925,0,12,2,0,8,1,0,1,1,10,0,10,0,"0000000",99,99,99,99,99,99,0,0,0,1,0
12,121984,1,1,0,0,0,1,1,99,290,21,8,2016,1,3,57,1,2,1,1,1,"I-95","",99998,26.39453056,-80.09333889,0,18,0,0,1,1,4,3,3,1,0,1,0,"0000000",99,99,99,99,88,88,0,0,0,1,1
12,121985,1,1,0,1,1,1,1,95,0,8,9,2016,5,22,25,1,2,3,1,2,"US-441/17 / SR-500","23RD STREET",99998,28.51821111,-81.39703889,0,8,0,0,2,2,0,1,3,10,0,10,0,"0000000",99,99,99,99,99,99,0,0,0,1,0
12,121986,2,2,0,0,0,2,2,103,0,19,9,2016,2,9,6,0,1,4,25,4,"CR-611","",99998,27.920375,-82.69852222,0,12,6,0,1,1,0,1,1,1,0,1,0,"0000000",99,99,99,99,99,99,0,0,0,1,0
12,121987,1,1,0,1,1,1,1,9,0,20,9,2016,3,0,50,0,2,5,25,5,"BANANA RIVER DR","",99998,28.39934167,-80.66415278,0,8,0,0,1,1,0,1,2,10,0,10,0,"0000000",99,99,99,99,88,88,0,0,0,1,0
12,121988,1,1,0,1,1,1,1,99,3190,17,9,2016,7,5,8,0,2,5,25,5,"SPRUCE AVE","56TH ST",99998,26.76091667,-80.054,0,8,0,0,3,2,0,1,3,1,0,1,0,"0000000",99,99,99,99,88,88,0,0,0,1,0
12,121989,2,2,0,0,0,2,2,95,2360,15,9,2016,5,20,45,1,2,3,1,3,"SR-482","GREENBRIAR PARKWAY",99998,28.45031389,-81.45138333,0,12,2,0,2,3,0,1,2,1,0,1,0,"0000000",99,99,99,99,88,88,0,0,0,1,0
12,121990,2,2,0,0,0,2,2,95,0,5,2,2016,6,3,18,1,1,3,1,3,"SR-50","SR-417",99998,28.56833333,-81.26811667,0,12,1,0,3,3,0,1,3,1,0,1,0,"0000000",99,99,99,99,99,99,0,0,0,1,0
12,121991,1,1,0,0,0,1,1,109,0,6,3,2016,1,5,57,0,1,7,25,6,"ROLLING HILLS DR","",99998,29.85388889,-81.33416667,0,38,0,0,1,1,0,5,2,1,0,1,0,"0000000",99,99,99,99,88,88,0,0,0,1,0
12,121993,1,1,0,0,0,2,2,63,0,1,4,2016,6,22,0,0,1,7,25,6,"CITY SQUARE RD","",99998,30.59740556,-85.39103889,0,3,0,0,1,1,0,5,2,2,0,2,0,"0000000",99,99,99,99,88,88,0,0,0,2,0
12,121994,2,2,0,0,0,3,3,57,0,1,4,2016,6,16,3,1,1,3,1,3,"SR-674","CHERT ROCK TRL",99998,27.70532778,-82.25856944,0,12,2,0,1,1,0,1,1,1,0,1,0,"0000000",99,99,99,99,99,99,0,0,0,2,0
12,121995,1,1,0,1,1,1,1,105,2140,24,4,2016,1,22,15,1,2,3,1,3,"SR-60","DR M L KING JR AVE",99998,27.89487778,-81.99081667,0,8,0,0,3,2,0,1,3,1,0,1,0,"0000000",99,99,99,99,99,99,0,0,0,1,0
12,121996,1,1,0,1,1,1,1,73,0,15,6,2016,4,4,40,0,2,6,25,5,"OAKRIDGE RD","BUNTING RD",99998,30.32401111,-84.291625,0,8,0,0,3,3,0,1,2,1,0,1,0,"0000000",99,99,99,99,88,88,0,0,0,1,0
12,121997,1,1,0,1,1,2,2,85,0,16,9,2016,6,19,55,1,1,2,1,2,"US-1","DOMINICA TERRACE",99998,27.14998056,-80.21703056,0,8,0,0,3,3,0,1,2,1,0,1,0,"0000000",99,99,99,99,99,99,0,0,0,1,0
12,121998,1,1,0,1,1,1,1,101,2590,11,9,2016,1,4,56,1,2,2,1,2,"US-19","",99998,28.27747778,-82.71934444,0,8,0,0,1,1,0,1,3,1,0,1,0,"0000000",99,99,99,99,88,88,0,0,0,1,0
12,121999,2,2,0,0,0,5,5,39,0,3,9,2016,7,0,15,1,1,1,1,1,"I-10","",99998,30.61853889,-84.77123333,0,12,1,0,1,1,0,1,2,1,0,1,0,"0000000",99,99,99,99,88,88,0,0,0,2,0
12,122000,1,1,0,0,0,1,1,69,960,12,9,2016,2,21,8,0,1,4,25,4,"CR-44","",99998,28.87529444,-81.67086389,0,1,0,0,1,1,0,6,2,1,0,1,0,"0000000",99,99,99,99,99,99,0,0,0,1,0
12,122002,2,2,0,0,0,5,5,33,2490,17,9,2016,7,20,15,0,2,5,25,5,"9TH AVENUE","",99998,30.50011111,-87.18493056,0,12,2,0,1,1,0,1,2,2,0,2,0,"0000000",99,99,99,99,99,99,0,0,0,1,0
12,122003,1,1,0,1,1,1,1,95,0,15,9,2016,5,0,0,1,1,3,1,3,"SR-50","",99998,28.55877222,-81.123625,0,8,0,0,1,1,0,1,6,98,0,98,0,"0000000",99,99,99,99,88,88,18,0,0,1,0
12,122004,1,1,0,1,1,2,2,31,1510,21,9,2016,4,21,49,0,2,5,25,5,"ATLANTIC BLVD","",99998,30.31391944,-81.56999167,0,15,0,0,1,1,0,1,3,1,0,1,0,"0000000",99,99,99,99,99,99,0,0,0,1,0
12,122005,1,1,0,0,0,1,1,121,0,16,9,2016,6,4,34,1,1,1,1,1,"I-10","",99998,30.35311389,-83.04047778,0,1,0,0,1,1,0,4,2,1,0,1,0,"0000000",99,99,99,99,88,88,0,0,0,1,0
12,122006,2,2,0,0,0,9,9,23,0,17,9,2016,7,8,30,1,1,1,1,1,"I-10","",99998,30.25316111,-82.50143889,0,3,0,0,1,1,0,4,1,1,0,1,0,"0000000",99,99,99,99,99,99,0,0,0,1,0
12,122007,1,1,0,0,0,1,1,5,0,11,9,2016,1,18,7,0,2,5,25,4,"CR-2315","11TH STREET",99998,30.169525,-85.56555,0,32,0,0,1,1,0,4,1,1,0,1,0,"0000000",99,99,99,99,88,88,0,0,0,1,1
12,122008,3,3,0,0,0,7,7,99,2431,12,8,2016,6,10,30,1,2,3,1,3,"SR-91","",99998,26.9083,-80.14211944,0,12,1,0,1,1,0,1,1,1,0,1,0,"0000000",99,99,99,99,99,99,14,0,0,1,0
12,122009,2,2,0,0,0,3,3,97,1590,11,9,2016,1,7,35,1,2,3,1,4,"CR-525","RAVENWOOD LN",31,28.33512778,-81.41894167,0,12,6,0,3,3,0,1,1,1,0,1,0,"0000000",99,99,99,99,99,99,0,0,0,1,0
12,122010,2,2,0,0,0,3,3,86,0,17,9,2016,7,20,45,1,2,3,1,2,"US-41 SR-90","SW 94TH AVE",99998,25.76181944,-80.34826944,0,12,6,0,2,2,0,1,3,1,0,1,0,"0000000",99,99,99,99,99,99,0,0,0,1,0
12,122011,2,2,0,0,0,2,2,117,2390,4,3,2016,6,13,39,0,1,7,25,6,"LOCKWOOD BLVD","",99998,28.66030556,-81.17961389,0,12,2,0,1,1,0,1,1,1,0,1,0,"0000000",99,99,99,99,99,99,0,0,0,1,0
12,122012,1,1,0,1,1,1,1,71,0,11,9,2016,1,7,0,0,1,4,25,4,"CR-865","",99998,26.65375,-81.81204722,0,8,0,0,1,1,0,1,3,1,0,1,0,"0000000",99,99,99,99,88,88,0,0,0,1,0
12,122013,3,3,0,0,0,4,4,31,1510,14,9,2016,4,9,29,1,2,1,1,1,"I-295 NB","I-10 EB",99998,30.31087222,-81.77001944,0,12,6,0,1,1,0,1,1,10,0,10,0,"0000000",99,99,99,99,99,99,0,0,0,1,0
12,122014,2,2,0,0,0,3,3,99,330,3,4,2016,1,21,2,1,2,3,1,2,"US-1","GULFSTREAM BLVD",99998,26.53880556,-80.05742778,0,12,6,0,2,3,0,1,3,1,0,1,0,"0000000",99,99,99,99,99,99,0,0,0,2,0
12,122015,1,1,0,1,1,1,1,73,2940,10,8,2016,4,13,0,1,2,3,1,3,"SR-366","",99998,30.44119167,-84.32830833,0,9,0,0,1,1,0,1,1,2,0,2,0,"0000000",99,99,99,99,99,99,0,0,0,1,0
12,122016,1,1,0,0,0,2,2,53,0,1,9,2016,5,9,40,0,2,6,25,5,"LAKE LINDSEY RD","",99998,28.64719444,-82.28843889,0,42,0,0,1,1,0,5,1,10,0,10,0,"0000000",99,99,99,99,99,99,0,0,0,1,0
12,122017,1,1,0,1,1,1,1,95,0,27,8,2016,7,21,14,0,2,6,25,5,"FORSYTH RD","",99998,28.597025,-81.29905833,0,8,0,0,1,1,0,1,3,10,0,10,0,"0000000",99,99,99,99,99,99,0,0,0,1,0
12,122018,2,2,0,0,0,2,2,9,1471,16,9,2016,6,13,58,1,1,3,1,3,"SR-518","EEAU GALIIE BLVD",99998,28.13847222,-80.59851389,0,12,7,0,1,1,0,1,1,1,0,1,0,"0000000",99,99,99,99,99,99,0,0,0,1,0
12,122019,1,1,0,1,1,0,0,61,2790,10,9,2016,7,16,20,0,6,96,96,6,"DELMAR ST","",99998,27.812025,-80.47976389,0,8,0,0,1,1,0,1,1,1,0,1,0,"0000000",99,99,99,99,99,99,0,0,0,1,0
12,122020,2,2,0,0,0,3,3,105,0,4,9,2016,1,15,34,1,1,3,1,2,"US-27","POLO PARK BLVD",99998,28.33758333,-81.67189167,0,12,1,0,3,2,0,1,1,1,0,1,0,"0000000",99,99,99,99,99,99,0,0,0,1,0
12,122022,1,1,0,1,1,1,1,86,2220,19,9,2016,2,18,18,0,2,5,25,5,"128TH ST NE","",99998,25.892525,-80.19666667,0,8,0,0,1,1,0,1,1,10,0,10,0,"0000000",99,99,99,99,88,88,0,0,0,1,0
12,122023,1,1,0,0,0,2,2,121,0,15,9,2016,5,18,50,0,1,5,25,5,"216TH TER","",99998,30.05571389,-82.98844444,0,38,0,0,1,1,0,6,1,1,0,1,0,"0000000",99,99,99,99,99,99,0,0,0,1,0
12,122024,1,1,0,1,1,1,1,101,2180,29,8,2016,2,20,25,1,2,2,1,2,"US-19","",99998,28.24358056,-82.727625,0,8,0,0,1,1,0,1,3,1,0,1,0,"0000000",99,99,99,99,99,99,0,0,0,1,0