"STATE","ST_CASE","VE_TOTAL","VE_FORMS","PVH_INVL","PEDS","PERNOTMVIT","PERMVIT","PERSONS","COUNTY","CITY","DAY","MONTH","YEAR","DAY_WEEK","HOUR","MINUTE","NHS","RUR_URB","FUNC_SYS","RD_OWNER","ROUTE","TWAY_ID","TWAY_ID2","MILEPT","LATITUDE","LONGITUD","SP_JUR","HARM_EV","MAN_COLL","RELJCT1","RELJCT2","TYP_INT","WRK_ZONE","REL_ROAD","LGT_COND","WEATHER1","WEATHER2","WEATHER","SCH_BUS","RAIL","NOT_HOUR","NOT_MIN","ARR_HOUR","ARR_MIN","HOSP_HR","HOSP_MN","CF1","CF2","CF3","FATALS","DRUNK_DR"
12,122025,1,1,0,1,1,2,2,127,0,17,9,2016,7,21,30,0,2,6,25,5,"TAYLOR RD","MONTGOMERY ST",99998,28.99891111,-81.32028056,0,9,0,1,2,3,0,1,2,1,0,1,0,"0000000",99,99,99,99,99,99,0,0,0,1,0
12,122026,2,2,0,0,0,2,2,101,0,15,9,2016,5,16,30,0,1,5,2,4,"CR-587","STARKEY BLVD",14,28.25866944,-82.65076944,0,12,1,0,3,2,0,1,1,1,0,1,0,"0000000",99,99,99,99,99,99,0,0,0,1,0
12,122027,1,1,0,1,1,2,2,57,2950,23,9,2016,6,15,58,0,2,5,25,5,"OREGON AVE","",99998,27.94499722,-82.47471944,0,8,0,0,1,1,0,1,1,1,0,1,0,"0000000",99,99,99,99,99,99,0,0,0,1,0
12,122028,1,1,0,0,0,1,1,23,0,17,9,2016,7,13,50,1,1,1,1,1,"I-75","",99998,30.12995278,-82.66300556,0,43,0,0,1,1,0,4,1,1,0,1,0,"0000000",99,99,99,99,88,88,0,0,0,1,1
12,122029,1,1,0,0,0,4,4,91,2200,19,9,2016,2,20,40,1,2,3,1,3,"SR-85 NORTH","",99998,30.55366667,-86.50257222,0,42,0,0,1,1,0,6,2,10,0,10,0,"0000000",99,99,99,99,99,99,0,0,0,1,0
12,122030,1,1,0,1,1,2,2,11,1420,18,9,2016,1,1,57,1,2,3,1,3,"SR-848","LAKESHORE DR",99998,26.04746944,-80.17933611,0,8,0,0,2,3,0,1,3,1,0,1,0,"0000000",99,99,99,99,88,88,0,0,0,1,0
12,122031,3,3,0,0,0,4,4,21,0,28,8,2016,1,15,30,0,1,4,98,4,"CR-846 IMMOKALEE RD","",107,26.27519167,-81.62888056,0,12,7,0,1,1,0,1,1,10,0,10,0,"0000000",99,99,99,99,99,99,0,0,0,1,0
12,122032,1,1,0,1,1,1,1,79,0,21,7,2016,5,10,15,1,1,2,1,2,"US-19","",99998,30.33018611,-83.77448333,0,8,0,0,1,1,0,1,9,8,0,8,0,"0000000",99,99,99,99,88,88,0,0,0,1,0
12,122033,2,2,0,0,0,3,3,15,0,13,9,2016,3,16,54,0,1,5,25,5,"LOVELAND BLVD","MOSES CT",99998,26.98928889,-82.05773889,0,12,6,0,2,3,0,1,1,10,0,10,0,"0000000",99,99,99,99,88,88,0,0,0,1,0
12,122034,2,2,0,0,0,2,2,15,0,17,9,2016,7,7,54,0,1,5,25,5,"VETERANS BLVD","",99998,27.03188333,-82.05737222,0,12,6,0,1,1,0,1,1,1,0,1,0,"0000000",99,99,99,99,88,88,0,0,0,1,0
12,122035,1,1,0,0,0,2,2,51,0,9,9,2016,6,21,45,0,1,4,25,4,"CR-835","",99998,26.51873611,-80.98105833,0,1,0,0,1,1,0,1,2,1,0,1,0,"0000000",99,99,99,99,99,99,0,0,0,1,0
12,122036,1,1,0,0,0,1,1,85,0,6,9,2016,3,4,13,0,1,4,25,4,"CR-711","CR-708",99998,27.05872778,-80.26287222,0,30,0,0,3,2,0,4,2,10,0,10,0,"0000000",99,99,99,99,99,99,0,0,0,1,0
12,122037,2,1,1,1,1,1,1,95,0,18,9,2016,1,6,30,1,1,3,1,3,"SR-91","",99998,28.52114444,-81.50786389,0,14,0,0,1,1,0,4,3,10,0,10,0,"0000000",99,99,99,99,99,99,23,0,0,1,0
12,122038,6,6,0,0,0,10,10,53,0,15,9,2016,5,15,36,1,1,1,1,1,"I-75","",99998,28.542125,-82.23670833,0,12,1,0,1,1,0,1,1,10,0,10,0,"0000000",99,99,99,99,99,99,0,0,0,1,0
12,122039,2,2,0,0,0,2,2,115,0,21,9,2016,4,7,33,1,1,2,1,1,"I-75","",99998,27.11155,-82.33743889,0,12,1,0,1,1,4,1,1,1,0,1,0,"0000000",99,99,99,99,88,88,0,0,0,1,0
12,122040,2,2,0,0,0,2,2,63,0,21,8,2016,1,5,32,1,1,3,1,3,"SR-71","",99998,30.69566111,-85.18161944,0,12,2,0,1,1,0,1,2,1,0,1,0,"0000000",99,99,99,99,88,88,0,0,0,1,1
12,122041,2,2,0,0,0,2,2,57,0,18,9,2016,1,6,22,1,2,1,1,1,"I-4","",99998,28.02685,-82.18785,0,12,6,0,1,1,0,1,2,1,0,1,0,"0000000",99,99,99,99,88,88,0,0,0,1,1
12,122042,1,1,0,1,1,1,1,86,0,21,9,2016,4,7,9,0,2,6,25,5,"IVES DAIRY RD","",99998,25.96308889,-80.1858,0,8,0,0,1,1,0,1,1,1,0,1,0,"0000000",99,99,99,99,99,99,0,0,0,1,0
12,122043,2,2,0,0,0,4,4,71,0,17,9,2016,7,8,57,0,2,6,25,5,"BUCKINGHAM RD","",99998,26.63875,-81.72503056,0,1,0,0,1,1,0,1,1,1,0,1,0,"0000000",99,99,99,99,88,88,0,0,0,1,0
12,122044,1,1,0,1,1,1,1,83,0,22,9,2016,5,6,0,1,1,2,1,2,"US-27","",99998,29.20774722,-82.18731111,0,8,0,0,1,1,0,1,2,1,0,1,0,"0000000",99,99,99,99,88,88,0,0,0,1,0
12,122045,1,1,0,0,0,1,1,115,2780,19,6,2016,1,2,53,1,2,2,1,2,"US-41","",99998,27.32850833,-82.53985556,0,59,0,0,1,1,0,4,3,1,0,1,0,"0000000",99,99,99,99,99,99,0,0,0,1,0
12,122046,1,1,0,0,0,1,1,73,2940,11,9,2016,1,18,57,1,2,3,1,2,"US-90","WHITE DR",99998,30.44721111,-84.32623333,0,1,0,0,3,2,0,3,1,1,0,1,0,"0000000",99,99,99,99,99,99,0,0,0,1,1
12,122047,1,1,0,0,0,1,1,86,0,18,8,2016,5,15,34,0,2,4,25,5,"CARD SOUND RD","362ND ST",74,25.43430556,-80.47385556,0,42,0,0,3,3,0,4,1,1,0,1,0,"0000000",99,99,99,99,99,99,0,0,0,1,0
12,122048,2,2,0,0,0,3,3,86,2010,4,4,2016,2,4,10,0,2,5,25,5,"7TH AVE","62ND AVE",99998,25.77764167,-80.29794167,0,12,6,0,3,2,0,1,3,1,0,1,0,"0000000",99,99,99,99,99,99,0,0,0,1,0
12,122049,1,1,0,1,1,4,4,31,1510,7,5,2016,7,22,13,1,1,3,1,3,"SR-11","COLUMBUS AVE",99998,30.4934,-81.6047,0,8,0,0,1,1,0,1,2,1,0,1,0,"0000000",99,99,99,99,99,99,0,0,0,1,0
12,122050,2,2,0,0,0,3,3,11,2570,1,6,2016,4,2,12,0,1,5,25,5,"ATLANTIC BLVD","6TH AV",99998,26.236775,-80.16561944,0,12,6,0,2,2,0,1,3,1,0,1,0,"0000000",99,99,99,99,99,99,0,0,0,1,0
12,122051,2,2,0,0,0,3,3,61,0,7,3,2016,2,15,22,0,1,5,25,5,"20TH ST","",99998,27.63887222,-80.3877,0,12,1,0,1,1,0,1,1,1,0,1,0,"0000000",99,99,99,99,99,99,0,0,0,1,0
12,122052,1,1,0,0,0,6,6,11,1280,22,6,2016,4,19,48,0,1,5,25,5,"HALLANDALE BEACH BLVD","2301 HALLANDALE BEACH BLVD",99998,25.98586111,-80.14069167,0,5,0,0,1,1,0,5,5,1,0,1,0,"0000000",99,99,99,99,99,99,0,0,0,1,0
12,122053,1,1,0,1,1,2,2,103,860,28,5,2016,7,17,0,0,2,5,25,6,"PATRICIA AVE","",28,28.01604722,-82.77562778,0,8,0,0,1,1,0,1,1,1,0,1,0,"0000000",99,99,99,99,99,99,0,0,0,1,0
12,122054,1,1,0,0,0,2,2,103,2730,22,9,2016,5,11,19,1,2,1,1,1,"I-275 RAMP","",99998,27.75835,-82.67531111,0,42,0,1,5,1,0,4,1,10,0,10,0,"0000000",99,99,99,99,99,99,0,0,0,1,0
12,122055,2,2,0,0,0,2,2,105,0,15,9,2016,5,14,15,0,2,6,25,5,"COUNTY LINE RD","EWELL RD",99998,27.9529,-82.05533056,0,12,1,0,1,1,0,1,1,1,0,1,0,"0000000",99,99,99,99,88,88,0,0,0,1,0
12,122056,1,1,0,0,0,2,2,53,0,20,9,2016,3,22,52,0,1,5,25,5,"KNUCKEY RD","",99998,28.63562778,-82.545875,0,1,0,0,1,1,0,1,2,1,0,1,0,"0000000",99,99,99,99,99,99,0,0,0,2,0
12,122057,2,2,0,0,0,3,3,103,2730,26,9,2016,2,8,42,1,2,1,1,1,"I-275 RAMP","ULMERTON RD",99998,27.89745833,-82.6413,0,12,6,0,20,1,0,1,1,1,0,1,0,"0000000",99,99,99,99,99,99,0,0,0,1,0
12,122058,2,2,0,0,0,2,2,101,0,19,9,2016,2,5,23,1,1,3,1,2,"US-19","SR-52",99998,28.33118611,-82.69916667,0,12,1,0,3,2,0,1,2,1,0,1,0,"0000000",99,99,99,99,99,99,0,0,0,1,0
12,122059,4,2,2,0,0,2,2,99,820,21,9,2016,4,16,36,1,2,3,1,2,"US-1","1 ST ST",99998,26.46346667,-80.06707222,0,12,6,0,2,2,0,1,1,1,0,1,0,"0000000",99,99,99,99,99,99,0,0,0,1,1
12,122060,1,1,0,1,1,1,1,103,2730,4,9,2016,1,1,37,0,2,5,25,5,"18TH AVE","",99998,27.75198611,-82.67678333,0,8,0,0,1,1,0,1,3,1,0,1,0,"0000000",99,99,99,99,99,99,0,0,0,1,0
12,122061,1,1,0,1,1,2,2,21,0,15,9,2016,5,7,53,0,2,5,25,5,"IMMOKALEE DR","",2,26.42577222,-81.42950833,0,8,0,0,1,1,0,1,1,1,0,1,0,"0000000",99,99,99,99,88,88,0,0,0,1,0
12,122062,1,1,0,0,0,2,2,97,0,25,9,2016,1,1,29,0,1,5,25,5,"HICKORY TREE","",99998,28.19736667,-81.24463611,0,1,0,0,1,1,0,4,2,10,0,10,0,"0000000",99,99,99,99,99,99,0,0,0,1,0
12,122063,1,1,0,0,0,1,1,86,0,12,9,2016,2,3,5,0,1,5,25,5,"72ND ST","",99998,25.69978611,-80.42027778,0,42,0,0,1,1,0,3,2,10,0,10,0,"0000000",99,99,99,99,88,88,0,0,0,1,0
12,122064,2,2,0,0,0,3,3,71,1070,24,9,2016,7,9,33,0,2,5,25,5,"TREELINE AVE","PLANTATION GARDENS DRIVE",99998,26.56850278,-81.78258056,0,12,2,0,2,3,0,1,1,1,0,1,0,"0000000",99,99,99,99,99,99,0,0,0,1,0
12,122065,2,2,0,0,0,3,3,57,2950,10,9,2016,7,21,50,1,2,3,1,3,"SR-580","LOIS AVE",94,27.99596111,-82.50729167,0,12,6,0,3,3,0,1,3,1,0,1,0,"0000000",99,99,99,99,88,88,0,0,0,1,1
12,122066,1,1,0,1,1,1,1,11,2570,25,9,2016,1,20,28,1,2,3,1,3,"SR-814","",99998,26.23130556,-80.15796667,0,8,0,0,1,1,0,1,3,1,0,1,0,"0000000",99,99,99,99,99,99,0,0,0,1,0
12,122067,2,2,0,0,0,2,2,86,0,13,9,2016,3,10,20,0,2,5,25,5,"136TH ST","144TH AVE",99998,25.64064722,-80.42723611,0,12,2,0,1,1,0,1,1,10,0,10,0,"0000000",99,99,99,99,99,99,0,0,0,1,0
12,122068,2,2,0,0,0,4,4,129,0,16,9,2016,6,13,31,1,1,3,1,3,"SR-267","",99998,30.25617778,-84.34311111,0,12,2,0,1,1,0,1,1,1,0,1,0,"0000000",99,99,99,99,99,99,0,0,0,3,0
12,122070,2,2,0,0,0,3,3,55,0,23,9,2016,6,6,35,1,1,2,1,2,"US-27","LAKE JUNE RD",99998,27.31753333,-81.36305833,0,12,6,0,1,1,0,1,4,1,0,1,0,"0000000",99,99,99,99,88,88,0,0,0,1,0
12,122071,1,1,0,0,0,1,1,59,0,18,8,2016,5,14,23,0,1,4,25,4,"CR-173","RIDDICK MILLS ROAD",99998,30.9373,-85.58763889,0,42,0,0,3,4,0,5,1,1,0,1,0,"0000000",99,99,99,99,88,88,0,0,0,1,0
12,122072,1,1,0,0,0,1,1,19,2350,17,9,2016,7,1,11,0,2,5,25,5,"WELLS ROAD","",99998,30.18960278,-81.707025,0,1,0,0,1,1,0,3,3,10,0,10,0,"0000000",99,99,99,99,88,88,0,0,0,1,1
12,122073,2,2,0,0,0,2,2,71,0,14,9,2016,4,5,47,1,1,3,1,2,"US-41","HICKORY DR",99998,26.45933056,-81.82691944,0,12,6,0,3,3,0,1,3,1,0,1,0,"0000000",99,99,99,99,88,88,0,0,0,1,0
12,122074,2,2,0,0,0,6,6,109,0,11,9,2016,1,20,6,1,1,3,1,3,"SR-16","MURABELLA  PKWY",99998,29.96303889,-81.48919167,0,12,6,0,2,3,0,1,2,1,0,1,0,"0000000",99,99,99,99,99,99,0,0,0,1,0
12,122075,1,1,0,0,0,2,2,99,0,4,9,2016,1,16,5,1,1,2,1,2,"US-27","",99998,26.67605833,-80.72275833,0,1,0,0,1,1,0,3,1,1,0,1,0,"0000000",99,99,99,99,99,99,0,0,0,1,1
12,122076,2,2,0,0,0,7,7,127,0,25,9,2016,1,12,23,1,1,1,1,1,"I-4","",99998,29.04943889,-81.20146111,0,12,7,0,1,1,0,1,1,1,0,1,0,"0000000",99,99,99,99,99,99,0,0,0,2,0
12,122077,4,2,2,0,0,2,2,57,0,18,9,2016,1,14,45,1,2,3,1,2,"US-41","21ST AVE",99998,27.92926111,-82.401875,0,12,2,0,3,3,0,1,1,1,0,1,0,"0000000",99,99,99,99,99,99,14,0,0,1,0
12,122078,2,2,0,0,0,3,3,103,0,21,9,2016,4,21,39,0,1,4,25,4,"CR-296","109TH AVE",99998,27.87240833,-82.76706389,0,12,2,0,1,1,0,1,3,1,0,1,0,"0000000",99,99,99,99,99,99,0,0,0,3,1
12,122079,2,2,0,0,0,2,2,57,0,18,9,2016,1,7,36,1,2,1,1,1,"I-4","",99998,28.00201389,-82.32654444,0,12,7,0,1,1,0,1,1,1,0,1,0,"0000000",99,99,99,99,99,99,0,0,0,1,0
12,122080,1,1,0,1,1,1,1,9,620,8,9,2016,5,18,55,0,2,5,25,5,"HWY-524","",99998,28.38525556,-80.787925,0,8,0,0,1,1,0,1,1,1,0,1,0,"0000000",99,99,99,99,99,99,0,0,0,1,0
12,122081,1,1,0,0,0,1,1,83,0,11,9,2016,1,13,49,0,1,7,25,8,"NATIONAL FOREST ROAD 50","",99998,29.27738889,-81.8703,0,1,0,0,1,1,0,4,1,1,0,1,0,"0000000",99,99,99,99,88,88,0,0,0,1,1
12,122082,2,2,0,0,0,2,2,119,0,12,9,2016,2,11,15,0,1,7,25,6,"BELLA CRUZ DR","BELLA CRUZ DR",99998,28.95173056,-81.95701111,0,12,6,0,2,2,0,1,1,1,0,1,0,"0000000",99,99,99,99,99,99,0,0,0,1,0
12,122084,2,2,0,0,0,2,2,115,3050,16,2,2016,3,17,22,0,2,7,25,6,"PINEBROOK RD","WATER ST",99998,27.115625,-82.41718056,0,12,6,0,2,3,0,1,1,1,0,1,0,"0000000",99,99,99,99,88,88,0,0,0,1,0
12,122085,2,2,0,0,0,2,2,99,0,29,8,2016,2,17,37,1,1,3,1,3,"SR-80","",99998,26.681025,-80.21956667,0,12,1,0,1,1,0,1,1,10,0,10,0,"0000000",99,99,99,99,99,99,0,0,0,1,0
12,122086,1,1,0,0,0,2,2,113,0,15,9,2016,5,22,44,0,1,5,25,5,"ROBINSON POINT RD","GARCON POINT RD",99998,30.587,-87.0311,0,42,0,0,1,1,0,5,2,1,0,1,0,"0000000",99,99,99,99,99,99,0,0,0,1,0
12,122087,2,2,0,0,0,2,2,117,0,26,9,2016,2,17,25,1,2,2,1,3,"SR-417","",99998,28.63018889,-81.2456,0,12,1,0,1,1,0,1,1,10,0,10,0,"0000000",99,99,99,99,99,99,0,0,0,1,0
12,122088,2,2,0,0,0,2,2,99,0,3,9,2016,7,12,4,0,2,3,98,4,"CR-812 LANTANA RD","BRANTLEY ROAD",99998,26.58955556,-80.14165278,0,12,6,0,2,3,0,1,1,1,0,1,0,"0000000",99,99,99,99,88,88,0,0,0,1,0
12,122089,1,1,0,1,1,1,1,99,0,2,9,2016,6,23,53,1,2,3,1,3,"SR-704","INDIAN RD",99998,26.70672778,-80.10438889,0,8,0,0,3,2,0,1,3,1,0,1,0,"0000000",99,99,99,99,88,88,0,0,0,1,0
12,122090,1,1,0,0,0,2,2,99,2674,4,9,2016,1,2,42,0,2,5,25,5,"OKEECHOBEE BLVD","",99998,26.70935833,-80.21159722,0,33,0,0,1,1,0,4,2,1,0,1,0,"0000000",99,99,99,99,88,88,0,0,0,2,0
12,122091,1,1,0,1,1,1,1,95,0,9,9,2016,6,22,2,1,1,3,1,3,"SR-426","BUCKEYE COURT",99998,28.59656667,-81.396875,0,8,0,0,3,3,0,1,2,10,0,10,0,"0000000",99,99,99,99,99,99,0,0,0,1,0
12,122092,1,1,0,1,1,1,1,99,1190,10,9,2016,7,20,10,0,1,7,25,6,"MELALEUCA LN","",99998,26.60805278,-80.14143056,0,9,0,0,1,1,0,2,3,1,0,1,0,"0000000",99,99,99,99,88,88,0,0,0,1,0
12,122093,1,1,0,0,0,1,1,83,0,27,9,2016,3,18,25,0,1,4,25,4,"CR-314","",99998,29.23191944,-81.96666944,0,34,0,0,1,1,0,4,1,2,0,2,0,"0000000",99,99,99,99,88,88,0,0,0,1,0
12,122094,2,2,0,0,0,2,2,9,0,19,9,2016,2,13,25,1,1,3,1,3,"SR-524","ADAMSON RD",99998,28.36376944,-80.8208,0,12,2,1,3,3,0,1,1,10,0,10,0,"0000000",99,99,99,99,99,99,0,0,0,1,0
12,122095,1,1,0,0,0,1,1,19,0,17,9,2016,7,4,30,0,1,4,25,4,"CR-315C","",99998,29.85057222,-81.917825,0,30,0,0,1,1,0,4,2,1,0,1,0,"0000000",99,99,99,99,88,88,0,0,0,1,1
12,122096,1,1,0,0,0,2,2,127,0,18,9,2016,1,19,20,0,1,5,25,5,"FRENCH AVENUE","",99998,28.95235,-81.33351944,0,35,0,0,1,1,0,4,5,1,0,1,0,"0000000",99,99,99,99,99,99,0,0,0,1,0
12,122097,1,1,0,1,1,1,1,103,0,24,9,2016,7,21,16,1,2,3,1,2,"US-19","",99998,27.81751667,-82.67957778,0,8,0,0,1,1,0,1,3,1,0,1,0,"0000000",99,99,99,99,88,88,0,0,0,1,0
12,122098,1,1,0,0,0,1,1,111,0,16,9,2016,6,4,43,0,1,4,25,4,"CR-611","",99998,27.40768889,-80.35768056,0,30,0,0,1,1,0,4,2,1,0,1,0,"0000000",99,99,99,99,88,88,0,0,0,1,1
12,122099,1,1,0,1,1,1,1,39,2630,25,9,2016,1,20,55,1,2,3,1,3,"SR-267","",99998,30.58423333,-84.591375,0,8,0,0,1,1,0,1,3,1,0,1,0,"0000000",99,99,99,99,88,88,0,0,0,1,0
12,122100,2,2,0,0,0,2,2,71,0,20,9,2016,3,12,7,1,1,3,1,3,"SR-739","BRIARCLIFF RD",99998,26.51631944,-81.85348056,0,12,1,0,3,2,0,1,1,1,0,1,0,"0000000",99,99,99,99,88,88,0,0,0,1,0
12,122101,1,1,0,0,0,4,4,9,0,17,6,2016,6,23,2,1,2,1,1,1,"I-95","",99998,28.55998056,-80.8514,0,24,0,0,1,1,0,3,2,1,0,1,0,"0000000",99,99,99,99,99,99,0,0,0,1,0
12,122102,1,1,0,0,0,2,2,11,790,1,7,2016,6,9,37,0,1,5,25,5,"HILLSBORO BLVD","3RD AV",99998,26.318625,-80.10786389,0,5,0,0,3,2,4,1,1,1,0,1,0,"0000000",99,99,99,99,99,99,0,0,0,1,0
12,122103,2,2,0,0,0,2,2,57,0,11,9,2016,1,20,20,0,2,5,25,5,"CLAY AVE","KINGSWAY RD",99998,27.94507778,-82.27761111,0,12,1,0,3,2,0,1,3,1,0,1,0,"0000000",99,99,99,99,99,99,0,0,0,1,0
12,122104,2,2,0,0,0,2,2,105,0,9,9,2016,6,15,23,1,1,3,1,3,"SR-659","TANGLEWOOD ST",99998,28.06010833,-81.90809444,0,12,6,0,3,3,0,1,1,1,0,1,0,"0000000",99,99,99,99,99,99,0,0,0,1,0
12,122105,1,1,0,1,1,2,2,99,1190,11,9,2016,1,21,56,0,2,5,25,5,"10TH AVE","",99998,26.63125278,-80.12725278,0,9,0,0,1,1,0,1,3,1,0,1,0,"0000000",99,99,99,99,99,99,0,0,0,1,0
12,122106,2,2,0,0,0,2,2,57,2950,17,9,2016,7,13,39,0,1,5,25,5,"BUSCH BLVD","17TH ST",99998,28.0326,-82.44083333,0,12,6,0,2,3,0,1,1,1,0,1,0,"0000000",99,99,99,99,88,88,0,0,0,1,0
12,122107,2,2,0,0,0,2,2,31,1510,18,9,2016,1,0,25,1,2,1,1,1,"I-295","",99998,30.43321944,-81.57991944,0,12,1,0,1,1,0,1,3,10,0,10,0,"0000000",99,99,99,99,99,99,0,0,0,1,1
12,122108,1,1,0,1,1,1,1,1,0,29,9,2016,5,2,50,1,2,3,1,2,"US-441","",99998,29.60799444,-82.34200833,0,8,0,0,1,1,0,1,3,1,0,1,0,"0000000",99,99,99,99,88,88,0,0,0,1,0
12,122109,2,2,0,0,0,5,5,33,0,28,9,2016,4,10,40,0,2,5,25,4,"CR-293","HAVBURG DRIVE",99998,30.37696944,-87.40218889,0,12,2,0,3,3,0,1,1,10,0,10,0,"0000000",99,99,99,99,99,99,0,0,0,1,0
12,122110,1,1,0,1,1,1,1,95,0,18,9,2016,1,21,20,1,1,3,1,2,"US-441","",99998,28.49943333,-81.39686667,0,8,0,0,1,1,0,1,3,1,0,1,0,"0000000",99,99,99,99,99,99,0,0,0,1,0
12,122111,1,1,0,0,0,1,1,1,1130,30,9,2016,6,2,29,1,2,3,1,3,"SR-24","",99998,29.67026389,-82.299275,0,33,0,0,1,1,0,4,2,1,0,1,0,"0000000",99,99,99,99,99,99,0,0,0,1,1
12,122112,1,1,0,1,1,1,1,31,1510,1,10,2016,7,5,15,1,2,3,1,2,"US-1","",99998,30.28176944,-81.62891944,0,8,0,0,1,1,0,1,4,1,0,1,0,"0000000",99,99,99,99,99,99,0,0,0,1,0
12,122113,1,1,0,1,1,1,1,91,1091,30,9,2016,6,19,42,1,2,3,1,3,"SR-188","PATIO ST",99998,30.44911667,-86.62050833,0,8,0,0,3,2,0,1,3,1,0,1,0,"0000000",99,99,99,99,88,88,0,0,0,1,0
12,122114,1,1,0,0,0,2,2,87,1580,21,9,2016,4,3,30,1,2,3,1,2,"US-1","",99998,24.55835278,-81.78765556,0,30,0,0,1,1,0,4,3,1,0,1,0,"0000000",99,99,99,99,99,99,0,0,0,1,0
12,122115,2,1,1,0,0,1,1,87,1580,29,9,2016,5,13,28,0,2,4,25,4,"CR-5A","",99998,24.55793333,-81.77563889,0,14,0,0,1,1,0,4,1,1,0,1,0,"0000000",99,99,99,99,99,99,0,0,0,1,0
12,122116,1,1,0,1,1,1,1,81,340,4,10,2016,3,6,50,1,2,3,1,3,"SR-64 E","43RD ST",99998,27.49836667,-82.50873056,0,8,0,0,3,2,0,1,3,1,0,1,0,"0000000",99,99,99,99,88,88,0,0,0,1,0
12,122117,2,2,0,0,0,2,2,109,0,1,10,2016,7,11,38,1,2,3,1,2,"US-1","WATSON RD",99998,29.80040556,-81.32038333,0,12,6,0,2,2,0,1,1,10,0,10,0,"0000000",99,99,99,99,99,99,0,0,0,1,0
12,122118,1,1,0,1,1,1,1,101,0,18,9,2016,1,22,29,1,1,2,1,2,"US-19","",99998,28.31548611,-82.69914444,0,8,0,0,1,1,0,1,3,1,0,1,0,"0000000",99,99,99,99,99,99,0,0,0,1,0
12,122119,2,2,0,0,0,3,3,113,0,29,9,2016,5,17,30,0,1,6,25,4,"CR-182","GRISWOLD RD",99998,30.77946111,-87.19856944,0,12,6,0,3,3,0,1,1,1,0,1,0,"0000000",99,99,99,99,88,88,0,0,0,1,0
12,122120,1,1,0,0,0,1,1,83,0,14,8,2016,1,1,36,0,1,4,25,4,"CR-475A","",99998,29.06596944,-82.16319444,0,38,0,0,1,1,0,4,2,1,0,1,0,"0000000",99,99,99,99,88,88,0,0,0,1,1
12,122121,1,1,0,0,0,1,1,109,0,24,9,2016,7,9,0,0,1,6,25,4,"CR-208","CR-13",99998,29.91489722,-81.59330278,0,59,0,0,3,3,0,4,9,1,0,1,0,"0000000",99,99,99,99,88,88,0,0,0,1,1
12,122122,1,1,0,1,1,1,1,103,570,2,10,2016,1,4,24,1,2,3,1,3,"SR-60","",99998,27.96061667,-82.76756389,0,8,0,0,1,1,0,1,3,1,0,1,0,"0000000",99,99,99,99,88,88,0,0,0,1,0
12,122123,1,1,0,1,1,1,1,111,2601,30,9,2016,6,5,56,1,2,1,1,1,"I-95","",99998,27.25834444,-80.42000556,0,8,0,0,1,1,0,1,2,1,0,1,0,"0000000",99,99,99,99,88,88,0,0,0,1,0
12,122124,1,1,0,0,0,2,2,131,0,4,10,2016,3,11,0,1,1,2,1,2,"US-98","",99998,30.37388889,-86.22905,0,1,0,0,1,1,0,1,1,1,0,1,0,"0000000",99,99,99,99,99,99,0,0,0,1,0
12,122125,2,2,0,0,0,3,3,31,1510,3,10,2016,2,13,48,0,2,5,25,5,"EDGEWOOD AVE","",99998,30.3408,-81.6753,0,12,2,0,1,1,0,1,1,1,0,1,0,"0000000",99,99,99,99,99,99,0,0,0,1,0
12,122126,1,1,0,1,1,1,1,11,771,24,9,2016,7,6,28,1,2,3,1,3,"SR-84","",99998,26.09567778,-80.23665,0,8,0,0,1,1,0,1,3,1,0,1,0,"0000000",99,99,99,99,88,88,0,0,0,1,0
12,122127,1,1,0,0,0,1,1,115,0,23,9,2016,6,22,45,1,1,1,1,1,"I-75","",99998,27.09958056,-82.21006111,0,1,0,1,18,1,4,1,3,1,0,1,0,"0000000",99,99,99,99,88,88,0,0,0,1,0
12,122128,1,1,0,0,0,1,1,57,0,1,10,2016,7,22,30,0,2,6,25,5,"COUNTY LINE RD","SHEPHERD ROAD",99998,27.93456667,-82.05531111,0,42,0,0,1,1,0,5,2,2,0,2,0,"0000000",99,99,99,99,99,99,0,0,0,1,0
12,122129,2,2,0,0,0,2,2,57,0,3,10,2016,2,14,50,0,2,6,25,5,"COUNTY LINE RD","",99998,27.94578889,-82.05567222,0,12,1,0,1,1,0,1,1,10,0,10,0,"0000000",99,99,99,99,99,99,0,0,0,1,0
12,122130,1,1,0,0,0,1,1,75,0,2,10,2016,1,19,0,0,1,3,1,2,"US-41","",99998,29.46583333,-82.47970556,0,30,0,0,1,1,0,4,5,10,0,10,0,"0000000",99,99,99,99,88,88,0,0,0,1,0
12,122131,1,1,0,1,1,1,1,81,0,4,10,2016,3,21,15,1,2,3,1,2,"US-41","",99998,27.47231944,-82.57534167,0,8,0,0,1,1,0,1,3,10,0,10,0,"0000000",99,99,99,99,99,99,0,0,0,1,0
12,122132,1,1,0,1,1,1,1,86,2020,17,8,2016,4,15,18,1,2,3,1,3,"SR-A1A","",99998,25.85050556,-80.12148611,0,8,0,0,1,1,0,6,1,10,0,10,0,"0000000",99,99,99,99,88,88,0,0,0,1,0