"STATE","ST_CASE","VE_TOTAL","VE_FORMS","PVH_INVL","PEDS","PERNOTMVIT","PERMVIT","PERSONS","COUNTY","CITY","DAY","MONTH","YEAR","DAY_WEEK","HOUR","MINUTE","NHS","RUR_URB","FUNC_SYS","RD_OWNER","ROUTE","TWAY_ID","TWAY_ID2","MILEPT","LATITUDE","LONGITUD","SP_JUR","HARM_EV","MAN_COLL","RELJCT1","RELJCT2","TYP_INT","WRK_ZONE","REL_ROAD","LGT_COND","WEATHER1","WEATHER2","WEATHER","SCH_BUS","RAIL","NOT_HOUR","NOT_MIN","ARR_HOUR","ARR_MIN","HOSP_HR","HOSP_MN","CF1","CF2","CF3","FATALS","DRUNK_DR"
12,122133,1,1,0,1,1,1,1,103,570,24,9,2016,7,8,23,0,2,5,25,5,"DREW ST","BETTY LN N",99998,27.96815556,-82.78439722,0,9,0,0,3,3,0,1,1,1,0,1,0,"0000000",99,99,99,99,99,99,0,0,0,1,0
12,122134,2,2,0,0,0,4,4,57,2950,6,9,2016,3,14,52,1,2,3,1,3,"SR-600","DRIVEWAY ACCESS",99998,27.99609722,-82.42238611,0,12,6,0,2,2,0,1,1,1,0,1,0,"0000000",99,99,99,99,99,99,0,0,0,1,0
12,122135,1,1,0,1,1,2,2,99,290,14,9,2016,4,21,9,1,2,3,1,2,"US-1","40 ST",99998,26.38614444,-80.07646667,0,8,0,0,2,2,0,1,3,1,0,1,0,"0000000",99,99,99,99,99,99,0,0,0,1,0
12,122136,4,4,0,0,0,7,7,105,0,30,8,2016,3,17,15,1,1,3,1,3,"SR-37","FOUR CORNERS MINE RD",99998,27.70184722,-82.02191111,0,12,2,0,1,1,0,1,1,10,0,10,0,"0000000",99,99,99,99,99,99,0,0,0,2,0
12,122137,2,2,0,0,0,6,6,103,570,3,9,2016,7,23,5,1,2,3,1,3,"SR-60","SKY HARBOR DR",99998,27.96061667,-82.722875,0,12,6,0,8,1,0,1,3,1,0,1,0,"0000000",99,99,99,99,99,99,0,0,0,1,0
12,122138,2,2,0,0,0,3,3,103,1770,23,9,2016,6,17,39,1,2,3,1,3,"SR-688 ULMERTON RD","",99998,27.89423889,-82.75811111,0,12,7,0,1,1,0,1,1,1,0,1,0,"0000000",99,99,99,99,99,99,0,0,0,1,0
12,122139,2,2,0,0,0,3,3,86,2023,3,10,2016,2,0,50,1,2,3,1,3,"SR-817","169 TERRACE",99998,25.9286,-80.24474444,0,12,6,1,2,3,0,1,3,2,0,2,0,"0000000",99,99,99,99,99,99,0,0,0,1,1
12,122140,2,2,0,0,0,2,2,71,0,3,10,2016,2,19,36,1,1,3,1,3,"SR-31","",99998,26.728075,-81.76097778,0,12,1,0,1,1,0,1,2,10,0,10,0,"0000000",99,99,99,99,88,88,0,0,0,1,0
12,122141,1,1,0,0,0,1,1,89,0,21,9,2016,4,20,30,1,1,3,1,3,"SR-200","ONEIL SCOTT RD",99998,30.61738056,-81.51473056,0,31,0,0,3,2,4,4,3,1,0,1,0,"0000000",99,99,99,99,88,88,0,0,0,1,0
12,122142,1,1,0,0,0,2,2,109,0,28,9,2016,4,1,0,1,1,3,1,3,"SR-16","",99998,29.91533611,-81.33638611,0,38,0,0,1,1,0,5,2,10,0,10,0,"0000000",99,99,99,99,99,99,0,0,0,1,0
12,122143,1,1,0,1,1,1,1,109,0,28,9,2016,4,22,5,1,1,3,1,3,"SR-16","",99998,29.91568611,-81.37391111,0,8,0,0,1,1,0,1,2,10,0,10,0,"0000000",99,99,99,99,99,99,0,0,0,1,0
12,122144,1,1,0,0,0,1,1,81,0,1,10,2016,7,10,33,1,1,1,1,1,"I-75","",99998,27.60783056,-82.49618889,0,30,0,0,1,1,0,4,1,1,0,1,0,"0000000",99,99,99,99,88,88,0,0,0,1,0
12,122145,2,2,0,0,0,7,7,5,2450,16,9,2016,6,23,30,0,2,7,25,4,"CR-2293","PINE TREE RD",99998,30.24821389,-85.54629444,0,12,6,0,2,2,0,1,2,1,0,1,0,"0000000",99,99,99,99,99,99,0,0,0,4,1
12,122146,1,1,0,0,0,1,1,69,0,13,9,2016,3,16,6,0,2,6,25,5,"SWAN RD","SR-46",99998,28.80065,-81.57434167,0,43,0,0,1,1,0,6,1,1,0,1,0,"0000000",99,99,99,99,88,88,0,0,0,1,1
12,122147,2,2,0,1,1,2,2,93,0,26,9,2016,2,6,45,1,1,3,1,3,"SR-70","",99998,27.25753611,-80.75510833,0,9,0,0,1,1,4,1,2,1,0,1,0,"0000000",99,99,99,99,88,88,0,0,0,1,0
12,122148,1,1,0,1,1,1,1,86,2010,5,9,2016,2,20,21,0,2,5,25,5,"2ND AVE","",99998,25.84071389,-80.19253889,0,8,0,0,1,1,0,1,3,10,0,10,0,"0000000",99,99,99,99,99,99,0,0,0,1,0
12,122149,2,2,0,2,2,2,2,86,2010,19,8,2016,6,15,48,0,2,5,25,5,"6TH AVE","",99998,25.83705,-80.20718611,0,12,2,0,1,1,0,1,1,1,0,1,0,"0000000",99,99,99,99,99,99,0,0,0,1,0
12,122150,1,1,0,1,1,1,1,86,2010,15,9,2016,5,20,13,1,2,3,1,3,"SR-9","NW 7TH ST",99998,25.77949444,-80.23929722,0,8,0,0,2,2,0,1,3,1,0,1,0,"0000000",99,99,99,99,99,99,0,0,0,1,0
12,122151,1,1,0,1,1,1,1,86,2010,20,9,2016,3,22,44,0,2,5,25,5,"3RD AVE","59 ST",99998,25.82948056,-80.20220278,0,9,0,0,3,2,0,1,3,1,0,1,0,"0000000",99,99,99,99,99,99,0,0,0,1,0
12,122152,1,1,0,1,1,1,1,99,0,25,9,2016,1,20,0,0,2,6,25,5,"JOG RD","GUN CLUB RD",101,26.67458333,-80.14520278,0,9,0,0,3,2,0,1,3,1,0,1,0,"0000000",99,99,99,99,88,88,0,0,0,1,0
12,122153,1,1,0,0,0,1,1,99,0,22,9,2016,5,2,15,0,1,5,25,5,"LYONS ROAD","TEE TIME BLVD",99998,26.58773333,-80.18822222,0,33,0,0,3,3,0,4,3,10,0,10,0,"0000000",99,99,99,99,99,99,0,0,0,1,0
12,122154,1,1,0,0,0,1,1,119,0,29,9,2016,5,8,8,0,2,3,1,3,"SR-44","",99998,28.82778333,-81.99288889,0,32,0,0,1,1,0,4,1,1,0,1,0,"0000000",99,99,99,99,99,99,0,0,0,1,0
12,122155,1,1,0,1,1,1,1,9,0,9,10,2016,1,0,20,1,1,2,1,2,"US-1","",99998,27.87161389,-80.50183333,0,8,0,0,1,1,0,1,2,1,0,1,0,"0000000",99,99,99,99,88,88,0,0,0,1,0
12,122156,2,2,0,0,0,2,2,1,0,6,10,2016,5,18,45,1,1,3,1,3,"SR-26","",99998,29.70978056,-82.05096944,0,12,2,0,1,1,0,1,1,2,0,2,0,"0000000",99,99,99,99,99,99,0,0,0,1,0
12,122157,2,2,0,0,0,8,8,71,0,2,10,2016,1,20,47,1,1,3,1,3,"SR-80","",99998,26.71525278,-81.67628889,0,42,0,0,1,1,0,3,2,10,0,10,0,"0000000",99,99,99,99,99,99,0,0,0,1,0
12,122160,1,1,0,0,0,1,1,41,190,2,10,2016,1,11,20,0,2,7,25,6,"60TH ST","",99998,29.82496944,-82.87985,0,1,0,0,1,1,0,4,1,1,0,1,0,"0000000",99,99,99,99,88,88,0,0,0,1,0
12,122161,2,2,0,0,0,4,4,127,0,29,9,2016,5,15,40,0,1,4,25,4,"CR-4092","PLYMOUTH AVE",99998,29.04284444,-81.30800556,0,12,6,0,2,2,0,1,1,10,0,10,0,"0000000",99,99,99,99,99,99,0,0,0,1,0
12,122162,2,2,0,0,0,4,4,19,0,26,9,2016,2,12,55,1,2,3,1,2,"US-17","VILLAGE SQUARE PKWY",99998,30.07978333,-81.70675278,0,12,6,0,2,2,0,1,1,1,0,1,0,"0000000",99,99,99,99,99,99,0,0,0,2,0
12,122163,2,2,0,0,0,4,4,97,0,16,9,2016,6,21,52,0,2,6,25,5,"BOGGY CREEK RD","",99998,28.34401111,-81.26771944,0,12,2,0,1,1,0,1,2,1,0,1,0,"0000000",99,99,99,99,99,99,0,0,0,1,0
12,122164,1,1,0,1,1,1,1,103,2730,1,10,2016,7,1,35,0,2,5,25,5,"5TH AVE","",99998,27.777325,-82.66934444,0,8,0,0,1,1,0,1,3,1,0,1,0,"0000000",99,99,99,99,99,99,0,0,0,1,0
12,122165,1,1,0,0,0,1,1,86,670,19,9,2016,2,4,53,1,2,2,1,2,"US-1","",99998,25.71693056,-80.274025,0,33,0,0,1,1,0,4,3,1,0,1,0,"0000000",99,99,99,99,88,88,0,0,0,1,0
12,122166,3,3,0,0,0,4,4,31,1510,4,10,2016,3,10,46,1,2,3,1,2,"US-17","SARA DR",99998,30.44566667,-81.63976111,0,12,6,0,2,3,0,1,1,1,0,1,0,"0000000",99,99,99,99,99,99,0,0,0,1,0
12,122167,2,2,0,0,0,3,3,103,2530,30,9,2016,6,13,55,0,2,5,25,5,"70TH AVE","40TH LANE",99998,27.83559722,-82.68775,0,12,6,0,2,2,0,1,1,1,0,1,0,"0000000",99,99,99,99,99,99,0,0,0,1,0
12,122168,1,1,0,0,0,3,3,95,0,2,10,2016,1,3,8,0,1,5,25,5,"ROUSE RD","",99998,28.60351667,-81.22443333,0,42,0,0,1,1,0,6,3,1,0,1,0,"0000000",99,99,99,99,99,99,0,0,0,1,0
12,122169,1,1,0,1,1,1,1,86,2010,31,8,2016,4,23,23,0,1,5,25,5,"8TH ST","52 ND AVE",99998,25.763925,-80.27983333,0,15,0,0,1,1,0,1,3,2,0,2,0,"0000000",99,99,99,99,99,99,0,0,0,1,0
12,122170,1,1,0,0,0,1,1,95,0,25,9,2016,1,17,49,1,2,1,1,1,"I-4","",99998,28.36471944,-81.51588889,0,24,0,1,5,1,0,4,1,2,0,2,0,"0000000",99,99,99,99,99,99,0,0,0,1,1
12,122171,1,1,0,1,1,1,1,86,1030,5,10,2016,4,3,15,1,2,3,1,2,"US-1","",99998,25.44615833,-80.4752,0,8,0,0,1,1,0,4,2,1,0,1,0,"0000000",99,99,99,99,88,88,0,0,0,1,0
12,122172,2,2,0,1,1,2,2,9,620,13,9,2016,3,14,11,0,2,5,25,5,"KING ST","COCOA BLVD",99998,28.3555,-80.73261389,0,8,0,0,3,2,0,3,1,2,0,2,0,"0000000",99,99,99,99,99,99,0,0,0,1,0
12,122174,2,2,0,0,0,3,3,127,0,9,10,2016,1,15,5,1,1,1,1,1,"I-95","",99998,29.37107778,-81.14094722,0,12,1,0,1,1,0,1,1,1,0,1,0,"0000000",99,99,99,99,99,99,0,0,0,1,1
12,122175,1,1,0,0,0,4,4,101,0,3,10,2016,2,17,25,0,1,5,25,5,"MAKO DRIVE","OLD DIXIE HIGHWAY",99998,28.385025,-82.68791667,0,5,0,0,3,3,0,1,1,10,0,10,0,"0000000",99,99,99,99,99,99,0,0,0,1,0
12,122176,1,1,0,0,0,1,1,89,0,13,10,2016,5,6,52,0,1,5,25,5,"HADDOCK RD","BLACKMON RD",99998,30.59947222,-81.57048333,0,59,0,0,3,10,0,4,4,10,0,10,0,"0000000",99,99,99,99,88,88,0,0,0,1,0
12,122177,2,2,0,0,0,2,2,31,1510,4,10,2016,3,18,47,0,2,5,25,5,"SAN JUAN AVE","LAKE SHORE BLVD",99998,30.3456,-81.6858,0,12,6,0,2,3,0,1,5,10,0,10,0,"0000000",99,99,99,99,88,88,0,0,0,1,1
12,122178,1,1,0,1,1,1,1,33,2490,6,10,2016,5,5,53,0,2,5,25,5,"GARDEN ST","",99998,30.41178056,-87.23956111,0,8,0,0,1,1,0,1,3,1,0,1,0,"0000000",99,99,99,99,88,88,0,0,0,1,0
12,122179,2,2,0,0,0,2,2,57,0,12,10,2016,4,13,5,0,2,4,25,6,"BEARSS AVE E","12TH ST N",37,28.08725556,-82.44714722,0,12,1,0,3,2,0,1,1,1,0,1,0,"0000000",99,99,99,99,88,88,0,0,0,1,1
12,122180,3,3,0,0,0,5,5,71,457,6,10,2016,5,19,45,1,2,3,1,3,"SR-78","",99998,26.67352778,-81.92860833,0,12,6,0,1,1,0,1,2,10,0,10,0,"0000000",99,99,99,99,99,99,0,0,0,1,0
12,122181,1,1,0,1,1,1,1,11,771,1,10,2016,7,21,43,0,2,6,25,5,"GRIFFIN RD","S SR7",99998,26.06490278,-80.23210556,0,8,0,0,3,2,0,1,3,1,0,1,0,"0000000",99,99,99,99,88,88,0,0,0,1,0
12,122182,1,1,0,1,1,1,1,109,2690,10,10,2016,2,20,0,1,2,3,1,3,"SR-312","",99998,29.86705556,-81.30821389,0,15,0,0,1,1,0,1,6,98,0,98,0,"0000000",99,99,99,99,88,88,0,0,0,1,0
12,122184,2,2,0,0,0,7,7,5,2451,8,10,2016,7,18,55,1,2,3,1,2,"US-98","ARGONAUT ST",99998,30.20965556,-85.84753333,0,12,6,0,2,2,0,1,5,1,0,1,0,"0000000",99,99,99,99,99,99,0,0,0,1,0
12,122185,2,2,0,0,0,2,2,95,0,8,10,2016,7,22,58,1,1,3,1,3,"SR-50","TANNER RD",99998,28.56523889,-81.14796111,0,12,6,0,2,3,0,1,2,1,0,1,0,"0000000",99,99,99,99,99,99,0,0,0,1,0
12,122186,2,2,0,0,0,4,4,11,1050,4,10,2016,3,19,56,0,2,5,25,5,"19TH ST","",99998,26.15150556,-80.15827222,0,5,0,0,1,1,0,1,3,1,0,1,0,"0000000",99,99,99,99,99,99,0,0,0,1,0
12,122187,3,3,0,0,0,8,8,15,0,8,10,2016,7,23,18,1,1,2,1,2,"US-41","EASY ST",99998,26.97638333,-82.090725,0,12,1,1,3,2,0,1,3,1,0,1,0,"0000000",99,99,99,99,99,99,0,0,0,1,0
12,122188,1,1,0,1,1,2,2,31,1510,13,10,2016,5,21,8,1,2,3,1,3,"SR-13","WILLIAMSBURG PARK BLVD",99998,30.20956111,-81.61740556,0,8,0,0,3,3,0,1,3,1,0,1,0,"0000000",99,99,99,99,88,88,0,0,0,1,0
12,122189,1,1,0,0,0,1,1,57,0,20,8,2016,7,0,28,0,1,7,25,6,"KINGS AVE","",99998,27.91416944,-82.29399444,0,1,0,0,1,1,0,1,3,1,0,1,0,"0000000",99,99,99,99,99,99,0,0,0,1,1
12,122190,1,1,0,0,0,1,1,95,0,5,10,2016,4,7,11,0,1,5,25,5,"DUDLEY AVE","DORA DR",99998,28.76896111,-81.64196111,0,42,0,0,1,1,0,5,1,1,0,1,0,"0000000",99,99,99,99,99,99,0,0,0,1,0
12,122191,4,4,0,0,0,6,6,1,1130,6,10,2016,5,20,24,0,2,4,25,4,"CR-232","",99998,29.702975,-82.29670556,0,1,0,0,1,1,0,1,2,2,0,2,0,"0000000",99,99,99,99,88,88,14,0,0,1,1
12,122192,1,1,0,0,0,1,1,86,0,6,10,2016,5,1,14,1,2,1,1,1,"I-95","",99998,25.92066667,-80.21113333,0,21,0,0,1,1,0,3,3,1,0,1,0,"0000000",99,99,99,99,99,99,0,0,0,1,0
12,122193,1,1,0,1,1,1,1,51,0,8,10,2016,7,3,43,0,1,5,25,5,"HULL ST","",99998,26.7461,-81.44411111,0,8,0,0,1,1,0,1,2,1,0,1,0,"0000000",99,99,99,99,88,88,0,0,0,1,0
12,122194,1,1,0,0,0,1,1,11,2541,8,10,2016,7,6,36,0,2,5,25,5,"15TH ST","",99998,26.14368056,-80.24798333,0,42,0,0,1,1,0,5,3,1,0,1,0,"0000000",99,99,99,99,99,99,0,0,0,1,1
12,122195,1,1,0,0,0,1,1,1,0,12,10,2016,4,6,52,1,1,2,1,2,"US-301","CR-1471",99998,29.760875,-82.14149444,0,31,0,1,3,4,0,4,2,10,0,10,0,"0000000",99,99,99,99,88,88,0,0,0,1,0
12,122196,1,1,0,1,1,1,1,11,1050,7,10,2016,6,23,40,0,1,5,25,5,"SUNRISE BLVD","",99998,26.13648333,-80.15960833,0,9,0,0,1,1,0,1,3,1,0,1,0,"0000000",99,99,99,99,99,99,0,0,0,1,1
12,122197,1,1,0,0,0,1,1,117,480,23,6,2016,5,1,22,0,1,5,25,5,"SEMINOLA BLVD","",99998,28.67532222,-81.31789444,0,42,0,0,1,1,0,5,3,1,0,1,0,"0000000",99,99,99,99,99,99,0,0,0,1,0
12,122198,1,1,0,0,0,2,2,91,0,16,10,2016,1,4,30,0,1,5,25,5,"STEEL MILL CREEK ROAD","",99998,30.92315,-86.42246667,0,34,0,0,1,1,0,4,2,10,0,10,0,"0000000",99,99,99,99,99,99,0,0,0,1,1
12,122199,1,1,0,0,0,1,1,57,0,14,10,2016,6,3,10,1,2,1,1,1,"I-275","",99998,27.96121111,-82.45425,0,25,0,0,1,1,0,3,3,1,0,1,0,"0000000",99,99,99,99,88,88,0,0,0,1,1
12,122200,3,1,2,1,1,1,1,57,0,9,10,2016,1,4,16,1,2,1,1,1,"I-75","",99998,27.78320278,-82.35981389,0,8,0,0,1,1,0,2,2,1,0,1,0,"0000000",99,99,99,99,88,88,0,0,0,1,1
12,122201,1,1,0,0,0,1,1,89,0,7,10,2016,6,23,41,1,1,2,1,2,"US-1","",99998,30.64908056,-81.87278056,0,1,0,0,1,1,0,1,2,2,0,2,0,"0000000",99,99,99,99,88,88,0,0,0,1,0
12,122202,2,2,0,0,0,2,2,1,0,10,10,2016,2,10,50,0,1,4,25,4,"CR-231","156TH AVE",99998,29.79681389,-82.34629722,0,12,6,0,2,2,0,1,1,10,0,10,0,"0000000",99,99,99,99,99,99,0,0,0,1,0
12,122203,2,2,0,0,0,3,3,73,2940,11,10,2016,3,21,32,0,2,6,25,5,"THOMASVILLE RD","WOODGATE WAY",99998,30.48627222,-84.25655278,0,12,6,0,2,3,0,1,3,1,0,1,0,"0000000",99,99,99,99,99,99,0,0,0,1,0
12,122204,3,3,0,0,0,3,3,127,0,17,5,2016,3,18,10,0,2,5,25,5,"NEW YORK AVE","WESTWOOD AVE",99998,29.02777778,-81.32777778,0,12,6,0,3,3,0,1,1,2,0,2,0,"0000000",99,99,99,99,99,99,0,0,0,1,0
12,122206,2,2,0,0,0,2,2,57,0,25,6,2016,7,16,36,0,2,3,25,5,"EHRLICH RD","VILLAGE DR",99998,28.08453056,-82.51726111,0,12,6,0,2,2,4,1,1,10,0,10,0,"0000000",99,99,99,99,99,99,0,0,0,1,1
12,122207,1,1,0,1,1,2,2,57,0,3,7,2016,1,16,20,0,6,96,96,8,"FLUME TER","",99998,27.85438889,-82.34151667,0,15,0,0,1,1,0,5,1,1,0,1,0,"0000000",99,99,99,99,99,99,0,0,0,1,0
12,122208,1,1,0,0,0,1,1,127,825,9,7,2016,7,4,8,0,2,5,25,5,"OLD MILL DR","",99998,28.92323056,-81.23276944,0,1,0,0,1,1,0,6,2,1,0,1,0,"0000000",99,99,99,99,99,99,0,0,0,1,0
12,122209,1,1,0,1,1,2,2,5,2451,1,10,2016,7,19,13,1,2,2,1,2,"US-98","",99998,30.23528333,-85.902,0,8,0,0,1,1,0,1,2,1,0,1,0,"0000000",99,99,99,99,99,99,0,0,0,1,0
12,122210,2,2,0,0,0,2,2,95,0,11,10,2016,3,4,40,1,1,3,1,3,"SR-50","FORSYTH RD",99998,28.56690556,-81.29408889,0,12,1,0,3,2,0,1,3,1,0,1,0,"0000000",99,99,99,99,99,99,0,0,0,1,0
12,122211,1,1,0,1,1,1,1,117,2770,10,6,2016,6,2,20,0,2,5,25,4,"CR-415","",99998,28.80135278,-81.23714722,0,9,0,0,1,1,0,2,3,10,0,10,0,"0000000",99,99,99,99,88,88,0,0,0,1,1
12,122212,2,2,0,1,1,3,3,57,0,30,9,2016,6,3,22,1,2,1,1,1,"I-75","",99998,28.0416,-82.35086111,0,8,0,0,1,1,0,1,3,1,0,1,0,"0000000",99,99,99,99,99,99,0,0,0,1,0
12,122213,1,1,0,0,0,1,1,99,1560,24,9,2016,7,18,48,1,2,3,1,3,"SR-706","",99998,26.93472222,-80.140975,0,1,0,0,1,1,0,5,1,2,0,2,0,"0000000",99,99,99,99,99,99,0,0,0,1,1
12,122214,1,1,0,0,0,1,1,21,0,9,9,2016,6,5,17,0,1,4,25,4,"CR-92","",99998,25.97483611,-81.63146944,0,11,0,0,1,1,0,1,2,10,0,10,0,"0000000",99,99,99,99,88,88,0,0,0,1,1
12,122215,2,2,0,0,0,2,2,117,0,10,10,2016,2,12,33,1,1,3,1,3,"SR-417","",99998,28.74480278,-81.26123333,0,12,2,0,1,1,0,1,1,1,0,1,0,"0000000",99,99,99,99,99,99,0,0,0,1,1
12,122216,1,1,0,1,1,2,2,115,0,10,10,2016,2,6,28,1,2,3,1,2,"US-41","SEMINOLE DR",99998,27.06208056,-82.4163,0,8,0,0,3,2,0,1,1,1,0,1,0,"0000000",99,99,99,99,88,88,0,0,0,1,0
12,122217,2,2,0,0,0,3,3,86,2023,8,10,2016,7,0,41,1,2,3,1,2,"US-441","",99998,25.96553056,-80.20598889,0,12,1,0,1,1,0,1,3,10,0,10,0,"0000000",99,99,99,99,88,88,0,0,0,1,0
12,122218,1,1,0,1,1,1,1,57,0,27,9,2016,3,19,47,1,2,3,1,2,"US-41","BEACH AVE",99998,27.83945833,-82.38160833,0,8,0,0,3,2,0,1,3,1,0,1,0,"0000000",99,99,99,99,99,99,0,0,0,1,0
12,122219,2,2,0,0,0,3,3,31,1510,18,10,2016,3,21,0,0,2,5,25,5,"HAMILTON ST","BIRKENHEAD RD",99998,30.27721667,-81.72191389,0,12,6,0,2,2,0,1,3,1,0,1,0,"0000000",99,99,99,99,99,99,0,0,0,2,0
12,122220,3,3,0,0,0,5,5,71,1070,23,9,2016,6,16,30,1,2,3,1,3,"SR-82","",99998,26.61306389,-81.76150556,0,12,1,0,1,1,0,1,1,10,0,10,0,"0000000",99,99,99,99,99,99,0,0,0,1,0
12,122221,2,2,0,0,0,2,2,85,0,12,10,2016,4,20,35,1,1,3,1,3,"SR-710","",99998,26.96625556,-80.38583611,0,12,1,0,1,1,4,1,2,1,0,1,0,"0000000",99,99,99,99,99,99,0,0,0,1,1
12,122222,3,3,0,0,0,6,6,89,0,5,10,2016,4,18,1,1,2,3,1,2,"US-301","CR-119",99998,30.39141111,-81.93613056,0,12,2,0,2,2,0,1,1,10,0,10,0,"0000000",99,99,99,99,99,99,0,0,0,2,1
12,122223,3,3,0,0,0,3,3,105,0,13,10,2016,5,19,31,0,2,6,25,5,"BERKLEY RD","OLD DIXIE HWY",99998,28.07346389,-81.81750278,0,12,6,0,2,2,0,1,5,2,0,2,0,"0000000",99,99,99,99,99,99,0,0,0,1,0
12,122224,1,1,0,1,1,1,1,31,1510,17,10,2016,2,7,1,0,2,5,25,5,"ALDEN RD","",99998,30.30128333,-81.522425,0,8,0,0,1,1,0,1,6,1,0,1,0,"0000000",99,99,99,99,99,99,0,0,0,1,0
12,122225,1,1,0,0,0,3,3,117,480,29,8,2016,2,6,35,0,2,5,25,5,"LAKE DR","PARK DR",99998,28.67141667,-81.30795278,0,42,0,0,3,4,0,4,4,1,0,1,0,"0000000",99,99,99,99,88,88,0,0,0,3,0
12,122226,1,1,0,1,1,1,1,71,2218,9,10,2016,1,8,35,0,1,5,25,5,"SLATER RD","MELLOW DR",99998,26.72668889,-81.85183056,0,9,0,1,2,3,0,1,1,1,0,1,0,"0000000",99,99,99,99,99,99,0,0,0,1,0
12,122228,2,2,0,0,0,2,2,117,2770,27,8,2016,7,3,55,1,1,3,1,3,"SR-600","25TH ST",99998,28.78661111,-81.27301944,0,12,2,0,3,2,0,1,6,1,0,1,0,"0000000",99,99,99,99,99,99,0,0,0,1,0
12,122229,1,1,0,1,1,1,1,83,0,12,10,2016,4,23,25,1,1,1,1,1,"I-75","",99998,29.24501944,-82.18981111,0,8,0,0,1,1,0,1,2,1,0,1,0,"0000000",99,99,99,99,88,88,0,0,0,1,0
12,122230,2,2,0,0,0,2,2,105,0,4,10,2016,3,6,0,1,2,3,1,3,"SR-60 E","80 FOOT RD",99998,27.9094,-81.77421389,0,12,6,0,1,1,0,1,2,10,0,10,0,"0000000",99,99,99,99,88,88,0,0,0,1,0
12,122231,2,2,0,0,0,3,3,31,1510,9,10,2016,1,1,10,1,1,1,1,1,"I-95","CHURCH ST",99998,30.34426944,-81.66811944,0,12,1,0,1,1,0,1,3,1,0,1,0,"0000000",99,99,99,99,99,99,0,0,0,1,0
12,122232,1,1,0,0,0,1,1,86,844,19,6,2016,1,1,4,0,2,5,98,5,"33RD ST","",99998,25.80496944,-80.34213889,0,30,0,0,1,1,0,4,3,1,0,1,0,"0000000",99,99,99,99,99,99,0,0,0,1,0
12,122233,2,2,0,0,0,2,2,95,2360,27,4,2016,4,22,24,0,2,5,25,5,"LANDSTREET RD","",99998,28.43658333,-81.34954444,0,12,1,0,1,1,0,1,2,1,0,1,0,"0000000",99,99,99,99,88,88,0,0,0,1,0
12,122234,1,1,0,1,1,1,1,95,2360,3,6,2016,6,21,20,0,2,5,25,5,"MICHIGAN ST","OSCEOLA AVE",99998,28.51301111,-81.37014167,0,8,0,0,3,2,0,1,2,1,0,1,0,"0000000",99,99,99,99,88,88,0,0,0,1,0
12,122235,2,2,0,0,0,3,3,127,0,15,10,2016,7,22,35,1,1,1,1,1,"I-4","",99998,29.10306111,-81.15065,0,12,7,0,1,1,0,1,2,10,0,10,0,"0000000",99,99,99,99,99,99,0,0,0,1,0
12,122236,2,2,0,0,0,2,2,9,0,15,10,2016,7,15,19,1,1,2,1,2,"US-1","MCIVER LANE",99998,28.28804167,-80.697325,0,12,6,1,2,2,0,1,1,10,0,10,0,"0000000",99,99,99,99,99,99,0,0,0,1,0
12,122237,1,1,0,1,1,1,1,103,0,18,10,2016,3,7,0,0,1,4,25,4,"CR-611","",99998,27.82580556,-82.69974722,0,8,0,0,1,1,0,1,3,1,0,1,0,"0000000",99,99,99,99,99,99,0,0,0,1,0
12,122238,1,1,0,0,0,1,1,105,0,22,9,2016,5,2,41,0,1,4,25,4,"CR-640","",99998,27.82058889,-81.84625278,0,42,0,0,1,1,0,5,2,1,0,1,0,"0000000",99,99,99,99,99,99,0,0,0,1,1
12,122239,1,1,0,1,1,2,2,86,2010,11,7,2016,2,11,50,0,2,5,25,5,"17TH AVE","7TH STREET",99998,25.76655,-80.22249722,0,8,0,0,2,2,0,1,1,1,0,1,0,"0000000",99,99,99,99,99,99,0,0,0,1,0
12,122240,2,2,0,0,0,7,7,21,0,10,10,2016,2,8,32,1,2,3,1,2,"US-41","SR-29",99998,25.91083056,-81.36448889,0,12,6,0,2,2,0,1,1,1,0,1,0,"0000000",99,99,99,99,99,99,0,0,0,1,0
12,122241,1,1,0,0,0,1,1,11,0,8,10,2016,7,22,47,1,1,1,1,1,"I-95","",99998,26.27501111,-80.12518889,0,25,0,0,1,1,0,3,3,1,0,1,0,"0000000",99,99,99,99,99,99,0,0,0,1,0
12,122242,1,1,0,1,1,5,5,21,0,7,10,2016,6,7,0,1,1,3,1,3,"SR-29","IMMOKALEE DR",99998,26.42561111,-81.43975,0,8,0,0,2,6,0,1,2,10,0,10,0,"0000000",99,99,99,99,99,99,0,0,0,1,0
12,122243,2,1,1,0,1,1,2,115,0,10,10,2016,2,2,27,1,1,3,1,3,"SR-758","",99998,27.29881111,-82.5012,0,45,0,0,1,1,4,1,3,1,0,1,0,"0000000",99,99,99,99,88,88,0,0,0,1,1
12,122244,2,2,0,0,0,2,2,15,0,8,10,2016,7,22,15,0,1,5,25,5,"PEACHLAND BLVD","",99998,27.01739444,-82.05720833,0,12,2,0,1,1,0,1,3,1,0,1,0,"0000000",99,99,99,99,99,99,0,0,0,1,1