"STATE","ST_CASE","VE_TOTAL","VE_FORMS","PVH_INVL","PEDS","PERNOTMVIT","PERMVIT","PERSONS","COUNTY","CITY","DAY","MONTH","YEAR","DAY_WEEK","HOUR","MINUTE","NHS","RUR_URB","FUNC_SYS","RD_OWNER","ROUTE","TWAY_ID","TWAY_ID2","MILEPT","LATITUDE","LONGITUD","SP_JUR","HARM_EV","MAN_COLL","RELJCT1","RELJCT2","TYP_INT","WRK_ZONE","REL_ROAD","LGT_COND","WEATHER1","WEATHER2","WEATHER","SCH_BUS","RAIL","NOT_HOUR","NOT_MIN","ARR_HOUR","ARR_MIN","HOSP_HR","HOSP_MN","CF1","CF2","CF3","FATALS","DRUNK_DR"
12,122245,1,1,0,0,0,1,1,33,0,19,10,2016,4,16,39,1,2,1,1,1,"I-10","",99998,30.53261944,-87.24973889,0,24,0,1,5,1,0,4,1,1,0,1,0,"0000000",99,99,99,99,99,99,0,0,0,1,1
12,122246,1,1,0,0,0,1,1,86,1340,1,10,2016,7,10,5,0,2,5,25,5,"EAST 25TH ST","",99998,25.84527778,-80.26537778,0,41,0,0,1,1,0,5,1,1,0,1,0,"0000000",99,99,99,99,99,99,0,0,0,1,0
12,122247,2,2,0,0,0,2,2,103,1250,29,9,2016,5,20,22,0,1,4,25,4,"CR-611","JERSEY AVE",99998,27.75965278,-82.69984167,0,5,0,0,3,2,0,1,3,2,0,2,0,"0000000",99,99,99,99,99,99,14,0,0,1,0
12,122248,2,2,0,1,1,4,4,103,1572,6,10,2016,5,21,8,0,2,5,25,5,"54TH AVE","",99998,27.82102778,-82.70904167,0,8,0,0,1,1,0,1,3,10,0,10,0,"0000000",99,99,99,99,88,88,0,0,0,1,0
12,122249,1,1,0,0,0,1,1,86,1340,10,10,2016,2,23,44,0,2,5,25,5,"25TH ST","",99998,25.845575,-80.26075833,0,30,0,0,1,1,0,4,3,1,0,1,0,"0000000",99,99,99,99,88,88,0,0,0,1,0
12,122250,3,3,0,0,0,3,3,5,2450,1,9,2016,5,14,40,1,2,3,1,2,"US-98","",99998,30.18614722,-85.73278056,0,12,6,1,18,1,0,1,1,2,0,2,0,"0000000",99,99,99,99,99,99,0,0,0,1,0
12,122251,1,1,0,0,0,1,1,73,0,18,9,2016,1,7,30,0,1,5,25,5,"BRADFORDIVLLE RD","AYAVALLA PLANTATION",99998,30.56071667,-84.2133,0,42,0,0,3,3,0,5,4,1,0,1,0,"0000000",99,99,99,99,99,99,0,0,0,1,0
12,122252,1,1,0,0,0,1,1,123,0,8,10,2016,7,19,20,0,1,5,25,4,"CR-14","",27,30.29186111,-83.704775,0,1,0,0,1,1,0,4,2,1,0,1,0,"0000000",99,99,99,99,99,99,0,0,0,1,1
12,122253,1,1,0,1,1,2,2,11,1420,8,10,2016,7,22,25,1,2,3,1,3,"SR-820","",99998,26.010925,-80.16386944,0,8,0,0,1,1,0,1,3,1,0,1,0,"0000000",99,99,99,99,99,99,0,0,0,1,0
12,122254,2,2,0,0,0,3,3,5,2450,14,10,2016,6,22,1,1,2,2,1,2,"US-98","",99998,30.178275,-85.70178889,0,12,1,0,1,1,0,1,3,1,0,1,0,"0000000",99,99,99,99,99,99,0,0,0,1,0
12,122255,1,1,0,1,1,1,1,103,570,29,9,2016,5,5,45,1,2,3,1,3,"SR-60","",99998,27.96046944,-82.74475833,0,8,0,0,1,1,0,1,3,2,0,2,0,"0000000",99,99,99,99,88,88,0,0,0,1,0
12,122256,1,1,0,0,0,2,2,79,0,12,10,2016,4,23,18,1,1,1,1,1,"I-10","",99998,30.37271667,-83.26444444,0,42,0,0,1,1,0,4,2,1,0,1,0,"0000000",99,99,99,99,99,99,0,0,0,1,0
12,122257,2,2,0,0,0,3,3,57,0,12,10,2016,4,10,37,1,2,3,1,2,"US-301","",99998,28.12455833,-82.23732778,0,12,2,0,1,1,0,1,1,10,0,10,0,"0000000",99,99,99,99,99,99,0,0,0,2,0
12,122258,2,2,0,0,0,5,5,87,1505,14,10,2016,6,12,17,1,2,3,1,2,"US-1","CR-905",99998,24.9604,-80.56798056,0,12,6,0,2,3,0,1,1,1,0,1,0,"0000000",99,99,99,99,99,99,0,0,0,2,0
12,122259,2,2,0,0,0,2,2,105,120,14,10,2016,6,5,0,0,2,4,25,4,"CR-557A","",99998,28.16831944,-81.80652222,0,12,6,0,1,1,0,1,2,1,0,1,0,"0000000",99,99,99,99,88,88,0,0,0,1,0
12,122260,1,1,0,0,0,2,2,117,0,14,10,2016,6,23,0,0,1,5,25,5,"TUSKAWILLA RD","",99998,28.66075,-81.27503056,0,30,0,0,1,1,0,3,2,1,0,1,0,"0000000",99,99,99,99,88,88,0,0,0,1,0
12,122261,1,1,0,0,0,1,1,86,0,11,9,2016,1,2,30,1,2,1,1,1,"I-95","",99998,25.94097778,-80.19023889,0,24,0,0,1,1,0,4,3,10,0,10,0,"0000000",99,99,99,99,88,88,0,0,0,1,0
12,122262,1,1,0,0,0,2,2,127,0,14,10,2016,6,22,50,1,1,2,1,2,"US-92","",99998,29.08925556,-81.23091944,0,42,0,0,1,1,0,4,2,1,0,1,0,"0000000",99,99,99,99,99,99,0,0,0,2,0
12,122263,2,2,0,0,0,2,2,127,0,20,10,2016,5,23,40,1,1,3,1,3,"SR-44","CUCUMBER LANE",99998,29.01149167,-81.06209167,0,12,2,0,1,1,0,1,2,1,0,1,0,"0000000",99,99,99,99,99,99,0,0,0,1,1
12,122264,2,2,0,0,0,2,2,86,1340,22,10,2016,7,9,38,0,2,5,25,5,"OKEECHOBEE RD","SE 8TH ST",99998,25.81561944,-80.270775,0,12,6,0,2,3,0,1,1,1,0,1,0,"0000000",99,99,99,99,99,99,0,0,0,1,0
12,122265,3,3,0,0,0,5,5,86,0,13,10,2016,5,22,58,1,2,3,1,3,"SR-976","102 AVE",99998,25.73262222,-80.35956667,0,12,1,0,3,2,0,1,3,1,0,1,0,"0000000",99,99,99,99,88,88,0,0,0,1,1
12,122266,1,1,0,1,1,3,3,11,0,20,10,2016,5,8,29,1,1,1,1,1,"I-95","",99998,26.31808889,-80.11615,0,9,0,1,5,1,0,4,1,10,0,10,0,"0000000",99,99,99,99,99,99,0,0,0,1,0
12,122267,2,2,0,0,0,3,3,83,2270,20,10,2016,5,14,58,0,2,5,25,5,"30 AVE","14 ST",99998,29.17461111,-82.09561944,0,12,6,0,2,2,0,1,1,1,0,1,1,"0000000",99,99,99,99,99,99,0,0,0,1,0
12,122268,2,2,0,0,0,2,2,33,0,18,10,2016,3,21,35,1,2,3,1,3,"SR-292","",99998,30.353275,-87.37890278,0,12,1,0,1,1,0,1,2,1,0,1,0,"0000000",99,99,99,99,88,88,14,0,0,1,0
12,122269,2,2,0,0,0,4,4,23,0,22,10,2016,7,15,18,1,1,1,1,1,"I-10","",99998,30.25578333,-82.72011944,0,12,2,0,1,1,0,1,1,1,0,1,0,"0000000",99,99,99,99,99,99,0,0,0,1,0
12,122270,2,2,0,0,0,3,3,71,0,21,10,2016,6,20,3,1,1,3,1,3,"SR-739","",99998,26.50895833,-81.852125,0,12,6,0,1,1,0,1,3,1,0,1,0,"0000000",99,99,99,99,99,99,19,23,0,1,0
12,122271,1,1,0,1,1,1,1,95,0,20,10,2016,5,5,15,1,2,3,1,2,"US-441","HOLDEN AVE",99998,28.49446944,-81.39685,0,8,0,0,3,2,0,1,3,1,0,1,0,"0000000",99,99,99,99,88,88,0,0,0,1,0
12,122272,2,2,0,0,0,4,4,31,110,20,10,2016,5,19,38,1,2,3,1,3,"SR-A1A","W 10TH STREET",99998,30.33113889,-81.4168,0,12,6,0,2,3,0,1,3,10,0,10,0,"0000000",99,99,99,99,99,99,0,0,0,2,1
12,122273,2,2,0,0,0,2,2,75,982,24,9,2016,7,20,40,1,2,2,1,2,"US-19","",99998,29.56695556,-82.91034167,0,12,1,0,1,1,0,1,2,1,0,1,0,"0000000",99,99,99,99,88,88,0,0,0,1,0
12,122274,1,1,0,0,0,9,9,89,0,22,10,2016,7,23,39,0,1,5,25,5,"LONNIE CREWS RD","",99998,30.56048611,-81.54749444,0,30,0,0,1,1,0,4,2,1,0,1,0,"0000000",99,99,99,99,99,99,0,0,0,2,1
12,122276,1,1,0,0,0,1,1,69,0,10,10,2016,2,6,12,0,1,5,25,5,"AG RD","",99998,28.55138333,-81.886025,0,38,0,0,1,1,0,4,2,1,0,1,0,"0000000",99,99,99,99,88,88,0,0,0,1,0
12,122277,2,2,0,0,0,6,6,17,0,17,10,2016,2,17,30,1,1,3,1,3,"SR-44","TIGHE DR",99998,28.85483333,-82.39218889,0,12,6,0,2,3,0,1,1,1,0,1,0,"0000000",99,99,99,99,99,99,0,0,0,1,0
12,122278,2,2,0,0,0,2,2,81,0,14,10,2016,6,14,44,0,1,5,25,5,"63RD AVE","",99998,27.4293,-82.5467,0,33,0,0,1,1,0,3,1,10,0,10,0,"0000000",99,99,99,99,99,99,14,0,0,1,0
12,122279,2,2,0,1,1,4,4,95,2360,23,10,2016,1,19,47,1,2,3,1,3,"SR-423","",99998,28.60366944,-81.40705,0,8,0,0,1,1,0,1,2,1,0,1,0,"0000000",99,99,99,99,88,88,0,0,0,1,0
12,122280,1,1,0,1,1,1,1,83,0,18,10,2016,3,21,50,0,1,5,25,5,"CEDAR TRACE","CEDAR TRACE RUN",99998,29.11939167,-82.03430833,0,8,0,0,3,3,0,1,2,1,0,1,0,"0000000",99,99,99,99,99,99,0,0,0,1,0
12,122281,1,1,0,0,0,2,2,23,0,20,10,2016,5,0,42,1,1,1,1,1,"I-10","",99998,30.27123889,-82.7759,0,1,0,0,1,1,0,5,2,1,0,1,0,"0000000",99,99,99,99,99,99,0,0,0,1,0
12,122282,2,2,0,0,0,3,3,85,0,21,10,2016,6,5,35,1,1,3,1,3,"SR-76","",99998,27.03362778,-80.39911944,0,12,6,0,1,1,0,1,2,1,0,1,0,"0000000",99,99,99,99,99,99,19,0,0,1,0
12,122283,4,4,0,0,0,11,11,103,570,11,9,2016,1,18,49,0,2,5,25,5,"GULF BAY AVE","DAMASCUS RD",99998,27.96111944,-82.69816667,0,12,1,0,3,3,0,1,5,1,0,1,0,"0000000",99,99,99,99,99,99,0,0,0,1,0
12,122284,1,1,0,2,2,1,1,127,0,5,10,2016,4,6,50,1,1,2,1,2,"US-17","",99998,29.1225,-81.35176111,0,8,0,0,1,1,0,1,2,1,0,1,0,"0000000",99,99,99,99,99,99,0,0,0,1,0
12,122285,2,2,0,0,0,2,2,21,0,18,10,2016,3,13,0,0,1,4,25,4,"CR-951","VERONAWALK BLVD",99998,26.08736111,-81.68728889,0,12,6,0,2,2,0,1,1,1,0,1,0,"0000000",99,99,99,99,88,88,0,0,0,1,0
12,122286,2,2,0,0,0,2,2,117,0,14,10,2016,6,7,23,0,1,4,25,4,"CR-427","BEDFORD RD",99998,28.75106944,-81.27706944,0,12,6,0,2,2,0,1,1,1,0,1,1,"0000000",99,99,99,99,88,88,0,0,0,1,0
12,122287,1,1,0,0,0,1,1,103,860,9,10,2016,1,4,31,1,2,3,1,3,"SR-586","US-19",99998,28.04963333,-82.78058889,0,33,0,0,3,2,0,4,3,1,0,1,0,"0000000",99,99,99,99,99,99,0,0,0,1,1
12,122288,2,2,0,0,0,2,2,87,1580,11,10,2016,3,11,39,0,2,5,25,5,"CAROLINE ST","",99998,24.558775,-81.80330833,0,12,2,0,1,1,0,1,1,1,0,1,0,"0000000",99,99,99,99,99,99,0,0,0,1,0
12,122289,1,1,0,1,1,2,2,11,2468,22,10,2016,7,19,36,1,2,3,1,3,"SR-824","",99998,25.99578611,-80.17791111,0,8,0,0,1,1,0,1,3,1,0,1,0,"0000000",99,99,99,99,88,88,0,0,0,1,0
12,122290,1,1,0,1,1,2,2,9,2424,22,10,2016,7,19,6,0,2,5,25,5,"RIVIERA DR NE","",99998,28.02976944,-80.62826944,0,8,0,0,1,1,0,1,5,1,0,1,0,"0000000",99,99,99,99,99,99,0,0,0,1,0
12,122291,2,2,0,0,0,2,2,73,0,23,8,2016,3,6,2,1,1,3,1,3,"SR-20","GEDDIE RD",99998,30.44358056,-84.40367778,0,12,6,0,3,3,0,1,6,1,0,1,0,"0000000",99,99,99,99,99,99,0,0,0,1,0
12,122292,2,2,0,0,0,6,6,11,1050,13,10,2016,5,19,50,0,2,5,25,5,"19TH ST","30TH AV",99998,26.15089167,-80.18433333,0,12,6,0,2,3,0,1,3,1,0,1,0,"0000000",99,99,99,99,99,99,0,0,0,1,0
12,122293,1,1,0,1,1,2,2,1,1130,25,10,2016,3,3,24,1,2,3,1,3,"SR-329","MAIN ST",99998,29.65197778,-82.32503889,0,8,0,0,2,2,0,1,3,1,0,1,0,"0000000",99,99,99,99,99,99,0,0,0,1,0
12,122294,2,2,0,0,0,4,4,103,2730,22,10,2016,7,1,12,0,2,5,25,5,"4TH ST","",99998,27.79350556,-82.63858889,0,12,6,0,8,1,0,1,3,1,0,1,0,"0000000",99,99,99,99,99,99,0,0,0,1,0
12,122295,3,3,0,0,0,6,6,121,0,25,10,2016,3,17,20,1,1,2,1,2,"US-90","89TH RD",99998,30.26444167,-82.91652222,0,12,1,0,3,3,0,1,1,1,0,1,0,"0000000",99,99,99,99,99,99,0,0,0,1,0
12,122296,3,3,0,0,0,5,5,27,0,10,10,2016,2,15,45,1,1,3,1,3,"SR-31","",99998,27.17824167,-81.82772222,0,12,6,0,1,1,0,1,1,10,0,10,0,"0000000",99,99,99,99,99,99,0,0,0,2,0
12,122297,1,1,0,0,0,1,1,127,2190,23,10,2016,1,21,32,0,2,5,25,5,"WASHINGTON ST","RIVERSIDE DR",99998,29.02768611,-80.92244167,0,33,0,0,3,2,0,4,3,1,0,1,0,"0000000",99,99,99,99,88,88,0,0,0,1,1
12,122298,1,1,0,0,0,1,1,105,0,27,9,2016,3,18,57,1,1,3,1,3,"SR-98","",99998,28.13775833,-81.97356389,0,1,0,0,1,1,0,1,3,1,0,1,0,"0000000",99,99,99,99,99,99,0,0,0,1,0
12,122299,3,3,0,0,0,5,5,127,2375,14,10,2016,6,16,59,1,2,1,1,1,"I-95","",99998,29.30261389,-81.13161667,0,12,7,0,1,1,0,1,1,10,0,10,0,"0000000",99,99,99,99,99,99,0,0,0,1,0
12,122300,1,1,0,0,0,1,1,95,0,19,10,2016,4,6,5,1,1,3,1,3,"SR-551","",99998,28.53804444,-81.28579444,0,30,0,0,1,1,0,4,3,1,0,1,0,"0000000",99,99,99,99,99,99,0,0,0,1,0
12,122301,3,3,0,0,0,4,4,57,0,25,10,2016,3,18,51,0,2,6,25,5,"BOYETTE RD","BALM RIVERVIEW RD",99998,27.85344167,-82.31454167,0,12,6,0,2,2,0,1,5,1,0,1,0,"0000000",99,99,99,99,88,88,0,0,0,1,1
12,122302,2,2,0,0,0,2,2,71,1070,26,10,2016,4,5,58,0,2,5,25,5,"METRO PKWY","OLD METRO PKWY",99998,26.61023889,-81.85216667,0,12,6,0,2,3,0,1,3,1,0,1,0,"0000000",99,99,99,99,88,88,0,0,0,1,0
12,122304,3,3,0,2,2,3,3,31,1510,30,10,2016,1,2,20,1,2,3,1,2,"US-1","",99998,30.52116111,-81.79914167,0,12,1,0,1,1,0,1,3,1,0,1,0,"0000000",99,99,99,99,99,99,0,0,0,2,1
12,122305,1,1,0,0,0,1,1,11,771,15,10,2016,7,2,33,0,2,3,25,7,"S PINE ISLAND RD","",99998,26.07121111,-80.26436944,0,33,0,0,1,1,0,4,3,1,0,1,0,"0000000",99,99,99,99,88,88,0,0,0,1,0
12,122306,1,1,0,1,1,1,1,99,3190,28,10,2016,6,20,30,1,2,3,1,2,"US-1","39TH ST",99998,26.74841944,-80.05659167,0,8,0,0,2,2,0,1,3,1,0,1,0,"0000000",99,99,99,99,88,88,0,0,0,1,0
12,122307,2,2,0,0,0,2,2,89,0,28,10,2016,6,6,27,1,1,3,1,2,"US-1","PINEBREEZE CIR",99998,30.53857778,-81.81181389,0,12,6,0,2,3,0,1,2,5,0,5,0,"0000000",99,99,99,99,99,99,0,0,0,1,0
12,122308,2,2,0,0,0,3,3,57,2950,22,10,2016,7,2,23,1,2,3,1,3,"SR-589","SR-60",99998,27.96761111,-82.54621111,0,12,1,0,1,1,0,1,3,1,0,1,0,"0000000",99,99,99,99,99,99,0,0,0,2,1
12,122309,2,2,0,0,0,3,3,121,0,29,10,2016,7,15,50,1,1,3,1,3,"SR-247","77TH RD",99998,29.96961944,-82.89838889,0,12,6,1,2,2,0,1,1,1,0,1,0,"0000000",99,99,99,99,99,99,0,0,0,1,0
12,122310,1,1,0,1,1,1,1,11,672,29,10,2016,7,0,18,1,2,3,1,3,"SR-869","",99998,26.24493889,-80.29703056,0,8,0,0,1,1,0,1,3,1,0,1,0,"0000000",99,99,99,99,88,88,0,0,0,1,0
12,122311,2,2,0,0,0,3,3,83,0,26,10,2016,4,20,15,0,1,4,25,4,"CR-467","136TH PL",99998,29.02403056,-82.08683889,0,12,6,0,2,2,0,1,2,1,0,1,0,"0000000",99,99,99,99,99,99,0,0,0,1,1
12,122312,3,3,0,0,0,4,4,9,620,16,10,2016,1,13,53,1,2,3,1,3,"SR-519","",99998,28.35353889,-80.74252222,0,12,6,0,1,1,0,1,1,1,0,1,0,"0000000",99,99,99,99,99,99,0,0,0,1,0
12,122313,1,1,0,0,0,1,1,87,0,30,10,2016,1,22,40,1,1,3,1,2,"US-1","OLD HIGHWAY",99998,24.90224167,-80.65434444,0,42,0,0,1,1,0,5,3,10,0,10,0,"0000000",99,99,99,99,99,99,0,0,0,1,1
12,122314,3,3,0,0,0,4,4,95,0,22,10,2016,7,22,58,1,1,3,1,3,"SR-50","SR-417",99998,28.568425,-81.26486111,0,12,6,1,2,2,0,1,3,1,0,1,0,"0000000",99,99,99,99,99,99,0,0,0,1,0
12,122315,2,2,0,0,0,3,3,33,0,28,10,2016,6,17,40,1,2,3,1,3,"SR-292","",99998,30.29108056,-87.46993056,0,12,6,0,1,1,0,1,1,1,0,1,0,"0000000",99,99,99,99,99,99,0,0,0,1,0
12,122316,1,1,0,1,1,2,2,69,1820,25,10,2016,3,22,6,0,1,5,25,5,"14TH ST","",99998,28.82846389,-81.887475,0,8,0,0,1,1,0,1,3,1,0,1,0,"0000000",99,99,99,99,99,99,0,0,0,1,0
12,122317,2,2,0,0,0,2,2,129,0,1,11,2016,3,14,3,0,1,4,25,4,"CR-365","",99998,30.16945,-84.31018056,0,12,2,0,1,1,0,1,1,1,0,1,0,"0000000",99,99,99,99,99,99,0,0,0,1,0
12,122318,2,2,0,1,1,3,3,107,0,30,10,2016,1,19,0,1,1,2,1,2,"US-17","",99998,29.63485,-81.5889,0,8,0,0,1,1,0,1,2,10,0,10,0,"0000000",99,99,99,99,88,88,0,0,0,1,0
12,122319,2,2,0,0,0,2,2,69,1240,31,10,2016,2,9,46,1,2,3,1,3,"SR-19","",99998,28.64071389,-81.80885,0,12,6,1,18,1,0,1,1,1,0,1,0,"0000000",99,99,99,99,99,99,0,0,0,1,0
12,122320,1,1,0,1,1,1,1,69,1820,30,10,2016,1,0,1,1,2,2,1,2,"US-27","",99998,28.78120833,-81.88766667,0,8,0,0,99,99,0,99,2,5,0,5,0,"0000000",99,99,99,99,88,88,0,0,0,1,0
12,122321,1,1,0,1,1,2,2,127,780,23,10,2016,1,19,45,1,2,1,1,1,"I-4","",99998,29.1478,-81.11478889,0,8,0,0,5,1,0,1,2,1,0,1,0,"0000000",99,99,99,99,88,88,0,0,0,1,0
12,122322,1,1,0,0,0,1,1,63,0,23,10,2016,1,5,25,0,2,6,25,5,"THOMPSON RD","",99998,30.72730556,-85.27813611,0,34,0,0,1,1,0,4,2,1,0,1,0,"0000000",99,99,99,99,88,88,0,0,0,1,0
12,122323,2,2,0,0,0,5,5,1,1130,28,10,2016,6,1,5,1,2,3,1,2,"US-441","",99998,29.60061111,-82.34047222,0,12,2,0,1,1,0,1,2,1,0,1,0,"0000000",99,99,99,99,99,99,0,0,0,2,2
12,122324,3,3,0,0,0,7,7,127,0,26,10,2016,4,16,55,1,1,3,1,3,"SR-44","PREVATT AVE",99998,29.01891111,-81.21918889,0,12,1,0,3,2,0,1,1,1,0,1,0,"0000000",99,99,99,99,99,99,0,0,0,1,0
12,122325,1,1,0,0,0,1,1,95,0,25,10,2016,3,9,44,1,1,2,31,3,"SR-528 W","",99998,28.45183889,-81.09618056,0,24,0,0,1,1,0,4,1,1,0,1,0,"0000000",99,99,99,99,99,99,0,0,0,1,0
12,122326,1,1,0,0,0,3,3,86,1440,14,10,2016,6,19,42,0,2,5,25,5,"37TH PL","",99998,25.46831111,-80.4205,0,5,0,0,1,1,0,1,3,1,0,1,0,"0000000",99,99,99,99,99,99,0,0,0,1,0
12,122328,5,1,4,0,0,3,3,11,2260,30,10,2016,1,6,40,1,2,3,1,3,"SR-811","",99998,26.17832222,-80.13465833,0,30,0,0,1,1,0,4,3,1,0,1,0,"0000000",99,99,99,99,99,99,0,0,0,1,1
12,122329,1,1,0,1,1,1,1,101,2180,18,10,2016,3,19,58,1,2,3,1,2,"US-19","",99998,28.25099444,-82.72764444,0,8,0,0,1,1,0,1,3,1,0,1,0,"0000000",99,99,99,99,88,88,0,0,0,1,0
12,122330,2,2,0,0,0,4,4,99,330,26,10,2016,4,14,26,0,2,5,25,5,"SEACREST BLVD","4TH AVE",99998,26.53073889,-80.06420833,0,12,6,0,2,2,0,1,1,1,0,1,0,"0000000",99,99,99,99,99,99,0,0,0,1,0
12,122331,2,2,0,0,0,3,3,85,0,19,10,2016,4,13,26,1,1,3,1,3,"SR-76","SW RIVER DR",99998,27.15185278,-80.24476389,0,12,6,0,2,3,0,1,1,1,0,1,0,"0000000",99,99,99,99,88,88,0,0,0,1,0
12,122332,1,1,0,0,0,1,1,39,0,28,10,2016,6,19,12,0,1,4,25,4,"CR-268","",99998,30.61065,-84.61103889,0,42,0,0,1,1,0,4,5,1,0,1,0,"0000000",99,99,99,99,99,99,0,0,0,1,0
12,122333,1,1,0,1,1,1,1,127,780,2,11,2016,4,18,49,1,1,1,1,1,"I-95","",99998,29.16434444,-81.08089444,0,8,0,1,18,1,4,1,5,10,0,10,0,"0000000",99,99,99,99,88,88,0,0,0,1,0
12,122334,1,1,0,0,0,2,2,57,2950,30,10,2016,1,2,35,0,2,5,25,5,"BAYSHORE BLVD S","",99998,27.93224167,-82.47292222,0,33,0,0,1,1,0,4,3,1,0,1,0,"0000000",99,99,99,99,99,99,0,0,0,1,1
12,122335,3,3,0,1,1,3,3,11,1781,22,10,2016,7,14,37,0,1,5,25,5,"OAKLAND PARK BLVD","",99998,26.16534722,-80.19463056,0,8,0,0,1,1,0,1,1,1,0,1,0,"0000000",99,99,99,99,99,99,0,0,0,1,0
12,122336,1,1,0,0,0,1,1,111,0,2,11,2016,4,6,46,1,1,3,1,3,"SR-70","",99998,27.334725,-80.64949444,0,3,0,0,1,1,0,6,4,5,0,5,0,"0000000",99,99,99,99,88,88,0,0,0,1,0
12,122337,3,3,0,0,0,3,3,57,0,28,10,2016,6,15,26,0,1,7,25,6,"19TH AVE","30TH ST",99998,27.73465278,-82.39388056,0,12,1,1,2,3,0,1,1,1,0,1,0,"0000000",99,99,99,99,88,88,0,0,0,1,0
12,122338,1,1,0,1,1,4,4,11,2570,26,10,2016,4,19,11,0,2,5,25,5,"W COPANS RD","NW 30TH AVE",99998,26.26001944,-80.16404722,0,8,0,0,3,2,0,1,3,1,0,1,0,"0000000",99,99,99,99,99,99,0,0,0,1,0
12,122339,2,2,0,0,0,2,2,123,0,31,10,2016,2,6,50,1,1,2,1,2,"US-19","",99998,30.05328333,-83.55220833,0,12,1,0,1,1,0,1,2,1,0,1,0,"0000000",99,99,99,99,99,99,0,0,0,1,0
12,122340,1,1,0,0,0,1,1,1,0,1,11,2016,3,6,5,1,1,2,1,2,"US-441","",99998,29.57981667,-82.33664722,0,1,0,0,1,1,0,4,2,1,0,1,0,"0000000",99,99,99,99,88,88,0,0,0,1,0
12,122341,1,1,0,1,1,1,1,31,1510,3,11,2016,5,6,23,1,2,3,1,3,"SR-15","",99998,30.2821,-81.5893,0,8,0,0,1,1,0,1,2,10,0,10,0,"0000000",99,99,99,99,88,88,0,0,0,1,1
12,122342,2,2,0,0,0,3,3,31,1510,4,11,2016,6,17,23,0,2,5,25,5,"AVENUE B","2300 WEAVER RD",99998,30.36666389,-81.69999722,0,12,2,0,3,3,0,1,1,10,0,10,0,"0000000",99,99,99,99,99,99,0,0,0,1,1
12,122343,2,2,0,0,0,2,2,83,2270,24,10,2016,2,12,19,0,2,5,25,5,"10TH ST","27TH AVE",99998,29.17773056,-82.16843056,0,12,6,0,3,2,0,1,1,1,0,1,0,"0000000",99,99,99,99,99,99,0,0,0,1,0
12,122345,1,1,0,1,1,1,1,31,1510,5,11,2016,7,23,45,1,2,3,1,3,"SR-15","",99998,30.39611389,-81.73881389,0,8,0,0,1,1,0,1,2,1,0,1,0,"0000000",99,99,99,99,88,88,0,0,0,1,0
12,122346,1,1,0,0,0,1,1,57,0,15,10,2016,7,22,0,0,1,7,25,6,"LAKE SHORE RANCH DR","",99998,27.97634722,-82.26118333,0,33,0,0,1,1,0,4,3,1,0,1,0,"0000000",99,99,99,99,99,99,0,0,0,1,1
12,122347,1,1,0,0,0,3,3,63,0,30,10,2016,1,7,45,1,1,3,1,3,"SR-2","",99998,30.97458056,-85.0923,0,42,0,0,1,1,0,4,1,1,0,1,0,"0000000",99,99,99,99,88,88,0,0,0,3,0
12,122348,2,2,0,0,0,2,2,115,0,22,10,2016,7,2,56,1,2,3,1,2,"US-41","ROBERTS RD",99998,27.14201111,-82.46046944,0,12,1,0,3,2,0,1,3,1,0,1,0,"0000000",99,99,99,99,99,99,0,0,0,1,0
12,122349,1,1,0,0,0,1,1,103,0,19,10,2016,4,23,30,1,1,1,1,1,"I-275","",99998,27.85053056,-82.66364722,0,24,0,0,1,1,0,3,3,1,0,1,0,"0000000",99,99,99,99,99,99,0,0,0,1,1
12,122350,2,2,0,0,0,2,2,73,2940,4,11,2016,6,18,40,1,1,3,1,3,"SR-363","",99998,30.30471944,-84.24548889,0,12,2,0,1,1,0,1,5,1,0,1,0,"0000000",99,99,99,99,99,99,0,0,0,1,0
12,122351,3,3,0,0,0,10,10,99,0,31,10,2016,2,7,40,1,1,3,1,2,"US-98","",99998,26.68413056,-80.32291111,0,12,1,0,8,1,0,1,1,10,0,10,0,"0000000",99,99,99,99,99,99,14,0,0,1,0
12,122352,2,2,0,0,0,3,3,5,0,28,10,2016,6,8,45,1,1,3,1,3,"SR-77","CR-388",99998,30.32222222,-85.65966389,0,12,2,0,2,2,0,1,1,1,0,1,0,"0000000",99,99,99,99,99,99,0,0,0,2,0
12,122353,1,1,0,0,0,1,1,61,0,5,11,2016,7,5,10,0,1,4,25,4,"CR-603","37TH ST",99998,27.66053889,-80.38584167,0,30,0,0,3,3,0,4,3,10,0,10,0,"0000000",99,99,99,99,88,88,0,0,0,1,1
12,122354,2,2,0,0,0,3,3,113,0,2,11,2016,4,15,25,0,1,4,25,4,"CR-191","",99998,30.85778056,-86.87286944,0,59,0,0,1,1,0,4,1,1,0,1,0,"0000000",99,99,99,99,99,99,0,0,0,1,0