"STATE","ST_CASE","VE_TOTAL","VE_FORMS","PVH_INVL","PEDS","PERNOTMVIT","PERMVIT","PERSONS","COUNTY","CITY","DAY","MONTH","YEAR","DAY_WEEK","HOUR","MINUTE","NHS","RUR_URB","FUNC_SYS","RD_OWNER","ROUTE","TWAY_ID","TWAY_ID2","MILEPT","LATITUDE","LONGITUD","SP_JUR","HARM_EV","MAN_COLL","RELJCT1","RELJCT2","TYP_INT","WRK_ZONE","REL_ROAD","LGT_COND","WEATHER1","WEATHER2","WEATHER","SCH_BUS","RAIL","NOT_HOUR","NOT_MIN","ARR_HOUR","ARR_MIN","HOSP_HR","HOSP_MN","CF1","CF2","CF3","FATALS","DRUNK_DR"
12,122584,2,2,0,0,0,2,2,9,0,1,12,2016,5,9,5,1,1,2,1,2,"US-1","",99998,28.17868889,-80.65056944,0,12,6,0,1,1,0,1,1,10,0,10,0,"0000000",99,99,99,99,99,99,0,0,0,1,0
12,122585,2,2,0,0,0,2,2,99,3190,7,12,2016,4,21,40,1,2,3,1,3,"SR-704","JOG RD",99998,26.70793333,-80.15175556,0,12,6,0,8,1,0,1,3,1,0,1,0,"0000000",99,99,99,99,99,99,0,0,0,1,0
12,122586,1,1,0,1,1,1,1,11,1050,2,12,2016,6,19,28,1,2,3,1,3,"SR-87","",99998,26.18961944,-80.11475833,0,8,0,0,1,1,0,1,3,1,0,1,0,"0000000",99,99,99,99,99,99,0,0,0,1,0
12,122587,1,1,0,1,1,3,3,69,1630,2,12,2016,6,18,30,0,1,7,25,6,"TEAGUE TRL","",99998,28.93296667,-81.9263,0,8,0,0,1,1,0,1,2,1,0,1,0,"0000000",99,99,99,99,99,99,0,0,0,1,0
12,122588,1,1,0,0,0,4,4,31,0,25,11,2016,6,14,45,1,1,1,1,1,"I-10","",99998,30.31513056,-81.76913056,0,1,0,0,1,1,0,4,1,10,0,10,0,"0000000",99,99,99,99,99,99,0,0,0,1,0
12,122589,3,3,0,0,0,3,3,85,0,3,11,2016,5,19,5,1,1,1,1,1,"I-95","",99998,27.09491111,-80.25508333,0,12,1,0,1,1,0,1,2,10,0,10,0,"0000000",99,99,99,99,99,99,0,0,0,1,0
12,122590,4,4,0,0,0,6,6,71,0,25,11,2016,6,15,42,0,1,4,25,4,"CR-884","",99998,26.6208,-81.75793889,0,12,6,0,1,1,0,1,1,10,0,10,0,"0000000",99,99,99,99,99,99,14,0,0,1,1
12,122591,2,2,0,0,0,2,2,101,0,27,11,2016,1,20,46,1,2,3,1,2,"US-19","BEACH BLVD",99998,28.34233889,-82.69931111,0,12,6,0,2,2,0,1,3,1,0,1,0,"0000000",99,99,99,99,99,99,0,0,0,1,0
12,122592,1,1,0,0,0,1,1,59,0,20,11,2016,1,21,15,1,1,3,1,3,"SR-79","",99998,30.89415,-85.65575,0,34,0,0,1,1,0,4,2,1,0,1,0,"0000000",99,99,99,99,88,88,0,0,0,1,0
12,122593,1,1,0,3,3,1,1,11,1420,28,11,2016,2,12,43,0,2,5,25,5,"WASHINGTON ST","",99998,26.00300556,-80.18070278,0,42,0,0,1,1,0,4,1,1,0,1,0,"0000000",99,99,99,99,99,99,0,0,0,1,0
12,122595,1,1,0,0,0,1,1,1,0,6,12,2016,3,12,43,0,1,5,25,5,"156TH AVE","",99998,29.80053611,-82.40225833,0,30,0,0,1,1,0,4,1,10,0,10,0,"0000000",99,99,99,99,99,99,0,0,0,1,0
12,122596,2,2,0,0,0,3,3,95,0,26,11,2016,7,15,40,1,1,3,1,3,"SR-50","",99998,28.5382,-80.97446111,0,12,1,0,1,1,0,1,1,1,0,1,0,"0000000",99,99,99,99,88,88,0,0,0,1,0
12,122597,2,2,0,0,0,2,2,57,0,30,11,2016,4,6,20,1,2,3,1,2,"US-92","56TH STREET",99998,27.99620833,-82.39345278,0,1,0,0,2,2,0,1,4,1,0,1,0,"0000000",99,99,99,99,99,99,0,0,0,1,0
12,122598,1,1,0,0,0,1,1,81,2440,6,12,2016,3,22,37,1,1,2,1,2,"US-41","",99998,27.58518056,-82.54011944,0,31,0,0,1,1,0,4,3,5,0,5,0,"624750K",99,99,99,99,88,88,0,0,0,1,1
12,122599,1,1,0,0,0,1,1,71,0,21,11,2016,2,21,30,0,2,6,25,5,"PLANTATION RD","CRYSTAL DR",99998,26.56476944,-81.84696389,0,33,0,0,3,6,0,4,3,1,0,1,0,"0000000",99,99,99,99,99,99,0,0,0,1,0
12,122600,1,1,0,0,0,3,3,115,0,6,12,2016,3,19,45,1,1,1,1,1,"I-75","",99998,27.24051944,-82.45116111,0,42,0,0,1,1,0,3,2,10,0,10,0,"0000000",99,99,99,99,99,99,0,0,0,1,1
12,122602,2,2,0,0,0,3,3,73,2940,2,12,2016,6,23,54,1,2,2,1,2,"US-27","",99998,30.42933889,-84.24192778,0,12,1,0,1,1,0,1,3,1,0,1,0,"0000000",99,99,99,99,99,99,0,0,0,1,1
12,122603,2,2,0,0,0,3,3,115,2780,3,11,2016,5,7,4,1,2,3,1,3,"SR-45","",99998,27.33780833,-82.54679722,0,12,2,0,1,1,0,1,3,1,0,1,0,"0000000",99,99,99,99,99,99,0,0,0,1,0
12,122605,2,2,0,0,0,3,3,95,0,27,11,2016,1,17,58,1,1,3,1,3,"SR-535","",99998,28.37567778,-81.50412222,0,12,7,0,1,1,0,1,5,1,0,1,0,"0000000",99,99,99,99,99,99,0,0,0,1,0
12,122606,2,2,0,0,0,2,2,103,2730,5,12,2016,2,22,25,0,2,5,25,5,"66TH ST","30TH AVE",99998,27.79901944,-82.72845556,0,12,2,0,2,2,0,1,3,1,0,1,0,"0000000",99,99,99,99,99,99,0,0,0,1,0
12,122607,1,1,0,1,1,1,1,103,2730,2,12,2016,6,18,12,0,2,5,25,5,"34TH ST","15TH AVE",99998,27.75571389,-82.67934167,0,8,0,0,3,99,0,1,5,1,0,1,0,"0000000",99,99,99,99,88,88,0,0,0,1,0
12,122608,2,2,0,0,0,2,2,127,787,2,11,2016,4,13,3,1,2,2,1,2,"US-92","",99998,28.87981111,-81.31018611,0,12,6,0,1,1,0,1,1,1,0,1,0,"0000000",99,99,99,99,99,99,0,0,0,2,0
12,122610,1,1,0,0,0,4,4,115,0,26,11,2016,7,3,13,0,6,96,96,8,"CLAXSTRAUSS DR","",99998,27.33545,-82.43081111,0,1,0,0,1,1,0,4,2,1,0,1,0,"0000000",99,99,99,99,99,99,0,0,0,1,1
12,122611,1,1,0,0,0,1,1,115,0,28,11,2016,2,0,29,0,2,6,25,5,"ALLIGATOR  RD","",99998,27.05436944,-82.41398056,0,34,0,0,1,1,0,4,3,1,0,1,0,"0000000",99,99,99,99,99,99,0,0,0,1,0
12,122612,1,1,0,0,0,3,3,99,1560,21,11,2016,2,17,0,1,2,1,1,1,"I-95","INDIANTOWN RD",99998,26.93030556,-80.14895,0,24,0,1,5,1,0,3,1,1,0,1,0,"0000000",99,99,99,99,99,99,0,0,0,1,0
12,122613,2,2,0,0,0,3,3,99,290,1,11,2016,3,22,35,1,2,3,1,3,"SR-811","NORTHWEST 28TH ST",99998,26.37604444,-80.08355556,0,12,6,0,2,3,0,1,3,1,0,1,0,"0000000",99,99,99,99,99,99,0,0,0,1,1
12,122614,1,1,0,0,0,2,2,69,0,25,11,2016,6,21,15,0,1,4,25,4,"CR-468","",99998,28.82038333,-81.91615278,0,42,0,0,1,1,0,6,2,1,0,1,0,"0000000",99,99,99,99,99,99,0,0,0,1,0
12,122615,2,2,0,0,0,2,2,31,1510,5,12,2016,2,5,9,1,1,1,1,1,"I-95","",99998,30.42406944,-81.65639444,0,12,1,0,1,1,0,1,3,1,0,1,0,"0000000",99,99,99,99,99,99,0,0,0,1,1
12,122616,2,2,0,0,0,2,2,86,2023,14,6,2016,3,9,36,1,2,3,1,3,"SR-817","19500 SR-817",99998,25.95025833,-80.24564722,0,12,6,0,2,2,0,1,1,1,0,1,0,"0000000",99,99,99,99,99,99,0,0,0,1,0
12,122617,1,1,0,1,1,1,1,86,2023,7,11,2016,2,21,6,0,2,4,1,3,"SR-860 NW 183RD ST","6TH AVE",99998,25.94223333,-80.21104167,0,8,0,0,2,3,0,1,3,1,0,1,0,"0000000",99,99,99,99,88,88,0,0,0,1,0
12,122618,1,1,0,0,0,1,1,57,0,5,12,2016,2,19,25,0,1,5,25,5,"PROVIDENCE RIDGE BLVD","STERLING PALMS CT",99998,27.90763333,-82.32048611,0,33,0,0,3,2,0,3,6,1,0,1,0,"0000000",99,99,99,99,99,99,0,0,0,1,0
12,122620,4,3,1,1,1,5,5,86,2010,30,11,2016,4,14,16,0,2,5,25,5,"28TH ST","22ND AVE",99998,25.80193333,-80.23166389,0,12,1,0,3,2,0,1,1,1,0,1,0,"0000000",99,99,99,99,99,99,15,0,0,1,0
12,122621,1,1,0,0,0,1,1,105,0,13,9,2016,3,3,36,0,1,4,25,4,"CR-580","",99998,28.13833611,-81.51181111,0,30,0,0,1,1,0,4,2,1,0,1,0,"0000000",99,99,99,99,88,88,0,0,0,1,1
12,122622,1,1,0,0,0,3,3,86,1440,21,11,2016,2,16,50,0,2,5,25,5,"43RD AVE","",99998,25.48593611,-80.41212778,0,33,0,0,1,1,0,3,1,1,0,1,0,"0000000",99,99,99,99,99,99,0,0,0,2,0
12,122623,2,2,0,0,0,4,4,31,1510,7,12,2016,4,12,4,0,2,5,25,5,"COLLINS ROAD","PLANTATION BAY DR",99998,30.20425833,-81.75174167,0,12,6,0,3,2,0,1,1,1,0,1,0,"0000000",99,99,99,99,99,99,0,0,0,1,0
12,122624,1,1,0,1,1,1,1,31,1510,7,12,2016,4,17,55,1,2,3,1,3,"SR-103","6500 RAMONA BLVD",99998,30.3456,-81.6858,0,8,0,0,3,2,0,1,5,1,0,1,0,"0000000",99,99,99,99,99,99,0,0,0,1,0
12,122626,1,1,0,0,0,1,1,86,0,27,11,2016,1,2,14,0,1,4,25,4,"CR-973","",99998,25.73835,-80.33581111,0,33,0,0,1,1,0,4,3,1,0,1,0,"0000000",99,99,99,99,88,88,0,0,0,1,0
12,122627,2,2,0,1,1,2,2,9,1990,7,12,2016,4,19,38,0,2,5,25,5,"APOLLO BLVD","",99998,28.12012778,-80.63860278,0,8,0,0,1,1,0,1,2,1,0,1,0,"0000000",99,99,99,99,99,99,0,0,0,1,0
12,122628,1,1,0,1,1,1,1,55,0,11,12,2016,1,19,6,1,2,3,1,2,"US-27","PALMETTO ST",99998,27.60923889,-81.51448056,0,8,0,0,3,2,0,1,3,1,0,1,0,"0000000",99,99,99,99,88,88,0,0,0,1,0
12,122629,1,1,0,1,1,1,1,86,2230,8,12,2016,5,21,22,1,2,3,1,3,"SR-826","",99998,25.9283,-80.19679167,0,8,0,0,1,1,0,1,3,1,0,1,0,"0000000",99,99,99,99,88,88,0,0,0,1,0
12,122631,2,2,0,0,0,2,2,105,1690,11,12,2016,1,11,31,0,2,5,25,5,"DRANE FIELD RD","AIR PARK DR",99998,27.99662222,-82.02697778,0,12,6,0,2,3,0,1,1,10,0,10,0,"0000000",99,99,99,99,99,99,0,0,0,1,0
12,122632,2,2,0,0,0,2,2,7,9898,9,12,2016,6,14,9,0,2,4,1,3,"SR-21","",99998,29.75473889,-82.05700556,0,12,6,0,8,1,0,1,1,1,0,1,0,"0000000",99,99,99,99,99,99,0,0,0,1,0
12,122633,3,3,0,0,0,3,3,9,0,10,12,2016,7,11,10,1,1,3,1,3,"SR-405","",99998,28.52729444,-80.76283333,0,12,1,0,1,1,0,1,1,10,0,10,0,"0000000",99,99,99,99,88,88,0,0,0,1,0
12,122634,1,1,0,0,0,1,1,33,0,13,12,2016,3,6,1,0,2,5,25,5,"GUIDY LN","",99998,30.54,-87.24745,0,38,0,0,1,1,0,5,4,5,0,5,0,"0000000",99,99,99,99,99,99,0,0,0,1,0
12,122635,1,1,0,0,0,1,1,57,0,4,12,2016,1,16,19,1,2,3,1,3,"SR-574","",99998,27.98170833,-82.30694167,0,1,0,0,1,1,0,1,5,1,0,1,0,"0000000",99,99,99,99,99,99,0,0,0,1,1
12,122636,2,2,0,0,0,10,10,57,0,9,12,2016,6,6,30,0,1,4,25,4,"CR-582","",99998,28.14178056,-82.61821389,0,12,2,0,1,1,0,1,2,10,0,10,0,"0000000",99,99,99,99,99,99,0,0,0,1,0
12,122637,2,2,0,0,0,4,4,127,0,7,12,2016,4,21,49,1,1,2,1,2,"US-17","FIREHOUSE ROAD",99998,28.98061944,-81.29933889,0,12,6,1,2,2,0,1,2,1,0,1,0,"0000000",99,99,99,99,99,99,0,0,0,1,1
12,122638,1,1,0,0,0,2,2,103,0,12,12,2016,2,21,9,1,1,1,1,1,"I-275","",99998,27.78551111,-82.66116944,0,24,0,0,1,1,0,3,3,1,0,1,0,"0000000",99,99,99,99,99,99,0,0,0,1,1
12,122639,2,2,0,0,0,4,4,69,0,12,12,2016,2,17,20,1,1,3,1,3,"SR-33","",99998,28.50205556,-81.83744167,0,12,2,0,1,1,0,1,1,1,0,1,0,"0000000",99,99,99,99,99,99,0,0,0,1,0
12,122640,2,2,0,0,0,2,2,71,0,9,12,2016,6,5,21,0,2,6,25,5,"BUCKINGHAM RD","",99998,26.65721111,-81.72286111,0,12,6,0,1,1,0,1,1,2,0,2,1,"0000000",99,99,99,99,99,99,0,0,0,1,0
12,122641,2,2,0,0,0,2,2,127,0,10,12,2016,7,1,3,1,1,1,1,1,"I-4","",99998,28.86361111,-81.29095,0,12,1,0,1,1,0,1,2,1,0,1,0,"0000000",99,99,99,99,99,99,0,0,0,1,1
12,122642,2,2,0,1,1,6,6,113,0,10,12,2016,7,18,10,1,2,3,1,2,"US-98","SUNRISE DR",99998,30.40228056,-86.93431111,0,8,0,0,2,2,0,1,3,1,0,1,0,"0000000",99,99,99,99,88,88,0,0,0,1,0
12,122643,2,2,0,0,0,5,5,131,0,11,12,2016,1,20,30,1,2,3,1,2,"US-331","SR-20",99998,30.49116111,-86.12133056,0,12,6,0,2,2,0,1,3,10,0,10,0,"0000000",99,99,99,99,99,99,0,0,0,1,0
12,122644,5,5,0,0,0,6,6,127,0,7,12,2016,4,15,24,1,2,3,1,2,"US-92","WEST PKWY",99998,29.06945,-81.25462778,0,12,1,0,3,2,0,1,1,1,0,1,0,"0000000",99,99,99,99,99,99,14,0,0,1,0
12,122645,2,2,0,0,0,2,2,81,0,10,12,2016,7,9,38,0,1,5,25,5,"51ST ST","26TH AVE",99998,27.47755278,-82.6123,0,12,6,0,2,2,0,1,1,1,0,1,0,"0000000",99,99,99,99,99,99,0,0,0,1,0
12,122646,2,2,0,0,0,2,2,9,0,10,12,2016,7,1,30,1,1,1,1,1,"I-95","",99998,28.33203333,-80.77602222,0,12,1,0,1,1,0,1,2,1,0,1,0,"0000000",99,99,99,99,99,99,19,23,0,1,0
12,122647,1,1,0,1,1,4,4,117,1705,8,12,2016,5,6,42,0,2,6,25,5,"LAKE EMMA RD","",99998,28.74533889,-81.35901111,0,33,0,0,1,1,0,3,4,1,0,1,0,"0000000",99,99,99,99,99,99,0,0,0,1,0
12,122648,1,1,0,0,0,3,3,103,2730,13,12,2016,3,1,39,0,2,5,25,5,"54TH AVE","",99998,27.718925,-82.68380556,0,42,0,0,1,1,0,3,3,1,0,1,0,"0000000",99,99,99,99,99,99,0,0,0,1,1
12,122649,2,2,0,0,0,4,4,15,0,12,12,2016,2,7,32,0,1,4,25,4,"CR-74","",99998,26.94597222,-81.77058056,0,12,2,0,1,1,0,1,4,5,0,5,0,"0000000",99,99,99,99,99,99,0,0,0,1,0
12,122650,1,1,0,2,2,1,1,117,0,10,12,2016,7,10,48,0,1,5,25,5,"LAKE DR","",99998,28.66687778,-81.28662222,0,53,0,0,1,1,0,4,1,1,0,1,0,"0000000",99,99,99,99,99,99,15,0,0,1,0
12,122652,2,2,0,0,0,3,3,95,0,9,12,2016,6,22,57,0,1,4,25,4,"CR-431","INDIAN HILL RD",99998,28.58906944,-81.4515,0,12,6,0,2,3,0,1,3,1,0,1,0,"0000000",99,99,99,99,99,99,0,0,0,1,0
12,122653,1,1,0,0,0,1,1,81,0,13,12,2016,3,3,52,0,1,7,25,6,"GLEN EAGLES CROSSING","THE PARK BLVD",99998,27.3993,-82.4754,0,3,0,1,3,3,0,4,3,5,0,5,0,"0000000",99,99,99,99,99,99,0,0,0,1,0
12,122654,2,2,0,0,0,2,2,121,0,13,12,2016,3,6,30,0,1,4,25,4,"CR-137","264TH ST",99998,29.97143611,-82.81042222,0,12,6,0,2,3,0,1,2,5,0,5,0,"0000000",99,99,99,99,88,88,0,0,0,1,0
12,122655,2,2,0,0,0,3,3,5,0,19,11,2016,7,0,48,1,1,3,1,3,"SR-77","",99998,30.33598889,-85.65983889,0,12,2,0,1,1,0,1,2,1,0,1,0,"0000000",99,99,99,99,99,99,0,0,0,1,1
12,122656,1,1,0,1,1,2,2,87,0,9,12,2016,6,18,30,1,1,3,1,2,"US-1","",99998,24.66961111,-81.35264167,0,8,0,0,1,1,0,1,2,1,0,1,0,"0000000",99,99,99,99,99,99,0,0,0,1,0
12,122657,3,3,0,0,0,7,7,95,0,24,11,2016,5,16,16,0,1,5,25,5,"TOWN CENTER BLVD","STONEBROOK PL",99998,28.36155,-81.37041944,0,12,6,0,2,2,0,1,1,1,0,1,0,"0000000",99,99,99,99,99,99,0,0,0,1,0
12,122658,2,2,0,0,0,2,2,103,0,10,12,2016,7,17,50,1,1,2,1,2,"US-19 N","",99998,28.10055,-82.73963889,0,12,2,0,1,1,0,1,3,1,0,1,0,"0000000",99,99,99,99,99,99,0,0,0,1,0
12,122659,2,2,0,0,0,4,4,27,0,28,11,2016,2,17,55,1,1,3,1,3,"SR-70","CR-661",99998,27.22763611,-81.8917,0,12,6,0,3,3,0,1,5,10,0,10,0,"0000000",99,99,99,99,99,99,0,0,0,1,0
12,122660,2,2,0,1,1,2,2,31,1510,4,12,2016,1,21,40,1,2,3,1,3,"SR-10","HUTCHINSON RD",99998,30.313575,-81.85655278,0,8,0,0,1,1,0,1,2,1,0,1,0,"0000000",99,99,99,99,88,88,0,0,0,1,0
12,122661,3,3,0,0,0,4,4,127,1410,1,12,2016,5,17,5,0,2,5,25,5,"FLOMICH ST","BIRMINGHAM AV",99998,29.25173889,-81.05640833,0,12,2,0,2,2,0,1,5,1,0,1,0,"0000000",99,99,99,99,99,99,0,0,0,1,0
12,122662,2,2,0,0,0,2,2,105,0,29,11,2016,3,14,51,1,1,3,1,3,"SR-37","CR-630",99998,27.7431,-81.99746111,0,12,6,0,2,3,0,1,1,1,0,1,0,"0000000",99,99,99,99,88,88,0,0,0,1,0
12,122663,1,1,0,1,1,1,1,86,0,2,12,2016,6,20,0,0,1,7,25,6,"77TH CT","",99998,25.92458056,-80.32537222,0,8,0,0,1,1,0,1,2,1,0,1,0,"0000000",99,99,99,99,88,88,0,0,0,1,0
12,122664,2,2,0,0,0,2,2,71,1070,1,12,2016,5,19,21,1,2,3,1,3,"SR-884","RAMP",99998,26.59680833,-81.87352778,0,12,1,0,3,3,0,1,3,1,0,1,0,"0000000",99,99,99,99,99,99,0,0,0,1,1
12,122665,2,2,0,0,0,4,4,11,1420,2,12,2016,6,13,23,0,2,5,25,5,"HOOD ST","69TH AV",99998,26.03236944,-80.22658611,0,12,2,0,2,2,0,1,1,10,0,10,0,"0000000",99,99,99,99,88,88,0,0,0,1,0
12,122666,1,1,0,0,0,1,1,101,2180,9,12,2016,6,10,48,0,2,5,25,5,"BOUGENVILLE DR","HIBISCUS DR",99998,28.230725,-82.72749167,0,5,0,0,3,3,0,4,1,1,0,1,0,"0000000",99,99,99,99,99,99,0,0,0,1,0
12,122667,2,2,0,0,0,2,2,57,0,5,12,2016,2,13,50,0,1,3,1,3,"SR-674","OWENS LAKE RD",99998,27.70483889,-82.21181111,0,12,1,0,1,1,0,1,1,1,0,1,0,"0000000",99,99,99,99,99,99,0,0,0,1,0
12,122668,2,2,0,0,0,3,3,49,0,7,12,2016,4,12,20,1,1,3,1,3,"SR-62","",99998,27.59488889,-81.94505833,0,12,2,0,1,1,0,1,1,1,0,1,0,"0000000",99,99,99,99,99,99,0,0,0,1,0
12,122669,1,1,0,0,0,3,3,127,0,11,12,2016,1,3,11,1,1,1,1,1,"I-4","",99998,28.91020278,-81.27223056,0,30,0,0,1,1,0,4,3,1,0,1,0,"0000000",99,99,99,99,99,99,20,0,0,1,0
12,122670,2,2,0,0,0,2,2,57,0,27,11,2016,1,17,9,1,2,3,1,3,"SR-43","DELANEY CREEK BLVD",99998,27.93496111,-82.35211944,0,12,6,0,2,3,0,1,1,1,0,1,0,"0000000",99,99,99,99,99,99,0,0,0,1,0
12,122671,2,2,0,0,0,2,2,9,2670,13,12,2016,3,10,51,1,2,3,1,2,"US-1","FLORIDA AVE",99998,28.33726944,-80.72640833,0,12,6,0,2,2,0,1,1,1,0,1,0,"0000000",99,99,99,99,99,99,0,0,0,1,0
12,122672,2,2,0,0,0,2,2,1,10,12,12,2016,2,23,0,1,2,2,1,2,"US-441","",99998,29.73868333,-82.38375556,0,12,1,0,1,1,0,1,2,1,0,1,0,"0000000",99,99,99,99,99,99,0,0,0,1,0
12,122673,2,2,0,0,0,2,2,11,2083,9,12,2016,6,5,30,0,2,5,25,5,"MIRAMAR PKWY","12461 MIRAMAR PKWY",99998,25.97912778,-80.32782222,0,12,6,0,8,1,0,1,3,1,0,1,0,"0000000",99,99,99,99,88,88,0,0,0,1,0
12,122675,2,2,0,1,1,2,2,9,0,14,12,2016,4,0,2,1,1,2,1,2,"US-192","",99998,28.07906111,-80.73933056,0,8,0,0,1,1,0,1,2,5,0,5,0,"0000000",99,99,99,99,88,88,0,0,0,1,0
12,122678,1,1,0,1,1,1,1,86,0,29,11,2016,3,0,20,0,2,4,1,3,"SR-915","SR-860",58,25.94141111,-80.18878333,0,8,0,0,2,2,0,1,3,1,0,1,0,"0000000",99,99,99,99,99,99,0,0,0,1,0
12,122679,1,1,0,1,1,1,1,71,312,15,12,2016,5,20,0,0,2,4,25,4,"CR-887","",99998,26.32076111,-81.78611111,0,9,0,0,1,1,0,1,2,1,0,1,0,"0000000",99,99,99,99,88,88,0,0,0,1,0
12,122680,3,3,0,0,0,6,6,133,0,15,12,2016,5,15,0,1,1,3,1,3,"SR-79","SR-20",99998,30.443225,-85.87439722,0,12,2,0,2,2,0,1,1,1,0,1,0,"0000000",99,99,99,99,99,99,0,0,0,1,0
12,122681,1,1,0,1,1,1,1,23,0,15,12,2016,5,18,0,0,1,4,25,4,"CR-252","",99998,30.16165,-82.76793889,0,8,0,0,1,1,0,1,2,1,0,1,0,"0000000",99,99,99,99,88,88,0,0,0,1,0
12,122683,2,2,0,0,0,4,4,15,0,27,11,2016,1,18,15,1,1,3,1,2,"US-41","TOLEDO BLADE BOULEVARD",99998,27.01813889,-82.1637,0,12,6,0,2,2,4,1,2,1,0,1,0,"0000000",99,99,99,99,99,99,0,0,0,1,0
12,122685,1,1,0,0,0,1,1,115,0,11,12,2016,1,2,30,0,1,5,25,5,"RICHARDSON RD","",99998,27.34324722,-82.41649167,0,35,0,0,1,1,0,4,2,10,0,10,0,"0000000",99,99,99,99,88,88,0,0,0,1,0
12,122686,1,1,0,1,1,1,1,86,0,13,12,2016,3,11,0,1,1,3,1,3,"SR-854","",99998,25.95805278,-80.19290833,0,8,0,0,1,1,0,1,1,1,0,1,0,"0000000",99,99,99,99,88,88,0,0,0,1,0
12,122687,2,2,0,0,0,2,2,95,0,5,12,2016,2,21,56,1,1,3,1,3,"SR-527","BEAR CROSSING DR",99998,28.38339722,-81.376125,0,12,6,0,2,3,0,1,3,10,0,10,0,"0000000",99,99,99,99,99,99,0,0,0,1,1
12,122688,3,3,0,1,1,8,8,95,0,19,12,2016,2,20,12,0,1,5,25,5,"HIAWASSEE RD","",99998,28.57079167,-81.47590556,0,8,0,0,1,1,0,1,3,2,0,2,0,"0000000",99,99,99,99,88,88,0,0,0,1,0
12,122689,1,1,0,1,1,1,1,31,1510,19,12,2016,2,23,35,1,2,3,1,3,"SR-115","",99998,30.32323889,-81.55911111,0,8,0,0,1,1,0,1,3,2,0,2,0,"0000000",99,99,99,99,88,88,0,0,0,1,1
12,122690,2,2,0,0,0,3,3,11,2541,14,11,2016,2,1,5,1,2,3,1,3,"SR-817","FEDERATED RD",99998,26.11513611,-80.25065833,0,12,1,0,2,2,0,1,3,1,0,1,0,"0000000",99,99,99,99,99,99,0,0,0,1,0
12,122691,2,2,0,0,0,5,5,111,0,10,12,2016,7,23,40,0,1,4,25,4,"CR-607A","",99998,27.46946944,-80.39725556,0,12,6,0,1,1,0,1,2,8,0,8,0,"0000000",99,99,99,99,99,99,0,0,0,1,1
12,122692,2,2,0,0,0,11,11,111,0,12,12,2016,2,6,33,0,1,4,25,4,"CR-68","",99998,27.44807778,-80.5843,0,12,2,0,1,1,0,1,4,5,0,5,0,"0000000",99,99,99,99,99,99,0,0,0,1,0
12,122693,1,1,0,0,0,2,2,59,0,3,12,2016,7,5,3,0,1,4,25,4,"CR-185","",99998,30.93177222,-85.98545,0,34,0,0,1,1,0,4,2,1,0,1,0,"0000000",99,99,99,99,99,99,0,0,0,1,0
12,122694,2,2,0,0,0,2,2,129,0,13,12,2016,3,8,30,0,1,4,25,4,"CR-365","REDMAN RD",99998,30.17302222,-84.30947222,0,12,6,0,2,3,0,1,4,5,0,5,0,"0000000",99,99,99,99,88,88,0,0,0,1,0
12,122695,2,2,0,0,0,3,3,107,0,12,12,2016,2,7,17,1,1,3,1,3,"SR-207","CABBAGE PATCH DR",99998,29.67508889,-81.58367222,0,12,6,0,2,2,0,1,1,5,0,5,0,"0000000",99,99,99,99,88,88,0,0,0,1,0
12,122696,1,1,0,1,1,1,1,57,0,3,12,2016,7,18,55,1,2,3,1,3,"SR-574 DR ML KING JR BLVD","",99998,27.98123889,-82.3495,0,8,0,0,1,1,0,1,7,1,0,1,0,"0000000",99,99,99,99,88,88,0,0,0,1,0
12,122697,2,2,0,0,0,5,5,115,0,17,12,2016,7,19,45,1,1,3,1,3,"SR-776","OVERBROOK RD",99998,27.00018889,-82.37661111,0,12,7,0,3,2,0,1,3,1,0,1,0,"0000000",99,99,99,99,99,99,0,0,0,1,0
12,122698,2,2,0,0,0,3,3,105,120,7,12,2016,4,12,49,1,2,3,1,2,"US-92","DAIRY RD",99998,28.06110556,-81.77629167,0,12,6,0,2,2,0,1,1,1,0,1,0,"0000000",99,99,99,99,99,99,0,0,0,2,0
12,122699,1,1,0,0,0,2,2,105,0,17,9,2016,7,2,28,1,1,2,1,2,"US-27","",99998,27.722675,-81.56486944,0,32,0,0,1,1,0,4,2,1,0,1,0,"0000000",99,99,99,99,99,99,0,0,0,1,0
12,122700,1,1,0,0,0,1,1,73,2940,13,12,2016,3,2,59,0,2,5,25,5,"HOLTON ST","FLORAL ST",99998,30.42763611,-84.29626944,0,35,0,0,3,3,0,4,3,5,0,5,0,"0000000",99,99,99,99,99,99,0,0,0,1,1
12,122701,2,2,0,0,0,2,2,95,2360,15,12,2016,5,16,44,1,2,3,1,3,"SR-435","",99998,28.55228056,-81.45570278,0,12,1,0,1,1,0,1,1,1,0,1,0,"0000000",99,99,99,99,99,99,0,0,0,1,0