"STATE","ST_CASE","VE_TOTAL","VE_FORMS","PVH_INVL","PEDS","PERNOTMVIT","PERMVIT","PERSONS","COUNTY","CITY","DAY","MONTH","YEAR","DAY_WEEK","HOUR","MINUTE","NHS","RUR_URB","FUNC_SYS","RD_OWNER","ROUTE","TWAY_ID","TWAY_ID2","MILEPT","LATITUDE","LONGITUD","SP_JUR","HARM_EV","MAN_COLL","RELJCT1","RELJCT2","TYP_INT","WRK_ZONE","REL_ROAD","LGT_COND","WEATHER1","WEATHER2","WEATHER","SCH_BUS","RAIL","NOT_HOUR","NOT_MIN","ARR_HOUR","ARR_MIN","HOSP_HR","HOSP_MN","CF1","CF2","CF3","FATALS","DRUNK_DR"
12,122702,1,1,0,0,0,1,1,15,0,17,12,2016,7,10,40,0,1,5,25,5,"FLORIDA STREET","",99998,26.9365,-82.02357778,0,30,0,0,1,1,0,4,1,1,0,1,0,"0000000",99,99,99,99,99,99,0,0,0,1,0
12,122703,2,2,0,0,0,2,2,97,0,10,12,2016,7,22,50,0,1,5,25,5,"SIMPSON RD","",99998,28.30818056,-81.34793611,0,12,1,0,1,1,0,1,2,1,0,1,0,"0000000",99,99,99,99,99,99,0,0,0,1,0
12,122704,1,1,0,1,1,1,1,107,0,5,12,2016,2,3,30,0,1,7,25,6,"LAKEWAY DR","",99998,29.39728056,-81.6235,0,8,0,0,1,1,0,1,2,1,0,1,0,"0000000",99,99,99,99,88,88,0,0,0,1,0
12,122705,1,1,0,1,1,1,1,95,0,9,12,2016,6,23,10,1,1,3,1,3,"SR-50","VINCENT RD",99998,28.56993889,-81.23508889,0,8,0,0,2,3,0,1,2,1,0,1,0,"0000000",99,99,99,99,88,88,0,0,0,1,0
12,122706,1,1,0,1,1,2,2,105,0,15,11,2016,3,18,50,1,2,3,1,2,"US-17","CARROLL DRIVE",99998,28.05845833,-81.73278611,0,8,0,0,2,2,0,1,3,1,0,1,0,"0000000",99,99,99,99,88,88,0,0,0,1,0
12,122707,2,2,0,0,0,2,2,86,0,15,12,2016,5,19,3,0,2,5,25,5,"12TH AVE","212TH TER",99998,25.97118611,-80.17857778,0,12,6,0,2,3,0,1,3,1,0,1,0,"0000000",99,99,99,99,99,99,0,0,0,1,0
12,122708,1,1,0,0,0,1,1,31,1510,18,12,2016,1,18,42,1,2,3,1,3,"SR-202","SOUTHSIDE BOULEVARD",99998,30.24991944,-81.5524,0,25,0,0,5,1,0,3,5,10,0,10,0,"0000000",99,99,99,99,88,88,0,0,0,1,1
12,122709,1,1,0,0,0,1,1,125,0,18,12,2016,1,21,15,1,1,3,1,3,"SR-121","242ND LN",99998,30.11115833,-82.21592222,0,42,0,0,1,1,0,4,2,10,0,10,0,"0000000",99,99,99,99,88,88,0,0,0,1,0
12,122711,2,2,0,0,0,2,2,11,771,18,12,2016,1,4,52,1,2,1,1,1,"I-75","",99998,26.02928056,-80.35275,0,12,1,0,1,1,0,1,2,10,0,10,0,"0000000",99,99,99,99,88,88,0,0,0,1,1
12,122712,1,1,0,1,1,1,1,86,0,18,12,2016,1,21,8,1,1,3,1,3,"SR-997","",99998,25.78813333,-80.48192778,0,8,0,0,1,1,0,1,2,1,0,1,0,"0000000",99,99,99,99,88,88,0,0,0,1,1
12,122713,1,1,0,1,1,1,1,11,771,31,8,2016,4,20,34,1,2,3,1,3,"SR-7","",99998,26.074725,-80.20586944,0,8,0,0,1,1,0,1,3,1,0,1,0,"0000000",99,99,99,99,88,88,0,0,0,1,0
12,122714,1,1,0,1,1,1,1,99,0,12,11,2016,7,1,23,0,2,5,25,5,"OKEECHOBEE BLV","",99998,26.705575,-80.05601944,0,8,0,0,1,1,0,1,2,1,0,1,0,"0000000",99,99,99,99,88,88,0,0,0,1,0
12,122715,2,2,0,0,0,4,4,99,0,14,11,2016,2,7,25,1,2,3,1,3,"SR-802","HAVERHILL RD",99998,26.61890278,-80.12168889,0,12,6,0,2,2,0,1,1,1,0,1,0,"0000000",99,99,99,99,99,99,0,0,0,1,0
12,122716,1,1,0,0,0,2,2,99,0,13,11,2016,1,5,30,0,1,5,25,5,"140TH AVE","60TH ST N",99998,26.74484722,-80.26371111,0,35,0,0,3,3,0,4,3,1,0,1,0,"0000000",99,99,99,99,99,99,0,0,0,1,1
12,122717,1,1,0,1,1,1,1,99,2660,15,10,2016,7,22,36,1,2,3,1,3,"SR-809","",99998,26.76973611,-80.10794167,0,8,0,0,1,1,0,1,3,1,0,1,0,"0000000",99,99,99,99,88,88,0,0,0,1,0
12,122718,1,1,0,0,0,1,1,99,2660,20,5,2016,6,3,43,1,2,3,1,3,"SR-710","",99998,26.77086389,-80.09395278,0,33,0,0,1,1,0,4,3,1,0,1,0,"0000000",99,99,99,99,99,99,0,0,0,1,0
12,122719,1,1,0,1,1,2,2,73,0,2,12,2016,6,3,53,1,1,3,1,3,"SR-363","",99998,30.30031389,-84.24452222,0,8,0,0,1,1,0,1,2,1,0,1,0,"0000000",99,99,99,99,88,88,0,0,0,1,0
12,122721,2,2,0,0,0,4,4,83,0,11,12,2016,1,18,11,0,1,4,25,4,"CR-464B","115TH AVE",99998,29.24583889,-82.30946944,0,12,6,0,2,2,0,1,5,1,0,1,0,"0000000",99,99,99,99,99,99,0,0,0,1,1
12,122722,2,2,0,0,0,3,3,101,0,12,12,2016,2,12,38,1,1,3,1,3,"SR-34","",99998,28.19878889,-82.39903056,0,12,2,0,1,1,4,1,1,1,0,1,0,"0000000",99,99,99,99,99,99,0,0,0,1,0
12,122723,1,1,0,1,1,1,1,103,2730,17,12,2016,7,18,11,0,2,5,25,5,"5TH AVE","29TH ST",99998,27.77728889,-82.67261389,0,8,0,0,3,2,0,1,5,1,0,1,0,"0000000",99,99,99,99,99,99,0,0,0,1,1
12,122724,1,1,0,1,1,1,1,99,2410,11,11,2016,6,19,5,1,1,2,1,2,"US-441","",99998,26.83640278,-80.64839444,0,8,0,0,1,1,0,1,2,1,0,1,0,"0000000",99,99,99,99,88,88,0,0,0,1,0
12,122725,2,2,0,0,0,2,2,99,0,26,11,2016,7,11,0,0,2,5,25,5,"HAGEN RANCH","GATEWAY RD",99998,26.458475,-80.16326944,0,12,6,0,2,2,0,1,1,1,0,1,0,"0000000",99,99,99,99,99,99,0,0,0,1,0
12,122726,2,2,0,0,0,2,2,95,0,13,12,2016,3,18,13,0,1,7,25,6,"ECONLOCKHATCHEE TRL","MILLINOCKET LN",99998,28.56097222,-81.25305,0,12,6,1,2,3,0,1,3,1,0,1,0,"0000000",99,99,99,99,99,99,0,0,0,1,0
12,122727,2,2,0,0,0,3,3,71,0,15,12,2016,5,15,15,0,1,4,25,4,"CR-876","PLANTATION ROAD",99998,26.54661944,-81.84676944,0,12,6,0,2,2,0,1,1,1,0,1,0,"0000000",99,99,99,99,99,99,0,0,0,1,0
12,122728,4,4,0,0,0,4,4,11,760,16,12,2016,6,2,55,1,2,1,1,1,"I-95","",99998,26.04802222,-80.16125278,0,12,1,0,1,1,0,1,3,1,0,1,0,"0000000",99,99,99,99,88,88,0,0,0,1,0
12,122730,1,1,0,1,1,1,1,73,2940,27,9,2016,3,22,28,1,2,3,1,3,"SR-61","SHELFER RD",99998,30.38940556,-84.28571667,0,8,0,0,2,3,0,1,2,1,0,1,0,"0000000",99,99,99,99,99,99,0,0,0,1,0
12,122731,1,1,0,0,0,1,1,1,0,26,11,2016,7,14,38,1,1,1,1,1,"I-75","",99998,29.91363333,-82.55325833,0,34,0,0,1,1,0,4,1,10,0,10,0,"0000000",99,99,99,99,99,99,0,0,0,1,0
12,122732,1,1,0,0,0,1,1,86,2030,1,12,2016,5,3,38,0,2,5,25,5,"4TH AVE","94TH ST",99998,25.861625,-80.18929167,0,42,0,0,1,1,0,4,3,1,0,1,0,"0000000",99,99,99,99,99,99,0,0,0,1,0
12,122733,1,1,0,0,0,2,2,31,1510,4,12,2016,1,19,0,1,2,1,1,1,"I-295 SB","",99998,30.41211944,-81.56491111,0,1,0,0,1,1,0,1,3,1,0,1,0,"0000000",99,99,99,99,99,99,0,0,0,1,0
12,122734,1,1,0,1,1,1,1,115,0,13,12,2016,3,20,19,0,1,5,25,5,"JACARANDA BLVD","SKLAR DR",99998,27.06533056,-82.39206944,0,8,0,0,3,2,0,1,2,1,0,1,0,"0000000",99,99,99,99,99,99,0,0,0,1,0
12,122735,1,1,0,1,1,1,1,85,2900,9,12,2016,6,10,38,1,2,3,1,2,"US-1","",99998,27.19109722,-80.25315278,0,8,0,1,8,1,0,1,1,2,0,2,0,"0000000",99,99,99,99,99,99,0,0,0,1,0
12,122736,2,2,0,1,1,2,2,11,2541,14,12,2016,4,6,10,0,2,6,25,5,"PINE ISLAND RD","AMERICAN EXPRESSWAY",99998,26.12641111,-80.26282222,0,8,0,0,3,2,0,1,2,1,0,1,0,"0000000",99,99,99,99,99,99,0,0,0,1,0
12,122737,2,2,0,0,0,2,2,83,0,11,12,2016,1,16,20,0,1,5,25,5,"103RD LN","SW 81ST CT",99998,29.07220556,-82.25437778,0,12,1,0,3,3,0,1,1,10,0,10,0,"0000000",99,99,99,99,99,99,0,0,0,1,0
12,122738,1,1,0,0,0,1,1,57,2950,19,12,2016,2,3,1,0,2,5,25,5,"INDEPENDENCE PKWY","",99998,27.97956667,-82.55477778,0,30,0,0,1,1,0,4,3,1,0,1,0,"0000000",99,99,99,99,99,99,0,0,0,1,0
12,122739,2,2,0,0,0,4,4,86,1340,12,12,2016,2,9,12,0,2,5,25,5,"16TH AVE","53RD TER",99998,25.87088333,-80.31495833,0,12,6,0,2,2,0,1,1,1,0,1,0,"0000000",99,99,99,99,99,99,0,0,0,1,0
12,122740,1,1,0,1,1,1,1,83,0,15,12,2016,5,5,36,0,2,4,25,4,"CR-484","",99998,29.03736111,-82.06191944,0,8,0,0,1,1,0,1,2,1,0,1,0,"0000000",99,99,99,99,99,99,19,0,0,1,0
12,122741,3,3,0,0,0,8,8,97,0,19,12,2016,2,17,55,1,1,3,1,3,"SR-4","",99998,28.30746944,-81.56896111,0,12,7,1,20,1,0,1,3,1,0,1,0,"0000000",99,99,99,99,99,99,28,0,0,1,0
12,122742,1,1,0,2,2,1,1,105,0,29,10,2016,7,0,40,1,1,3,1,3,"SR-60","",99998,27.82624722,-81.33929167,0,8,0,0,1,1,0,3,2,1,0,1,0,"0000000",99,99,99,99,99,99,0,0,0,1,0
12,122743,1,1,0,0,0,1,1,87,1580,7,11,2016,2,11,18,1,2,3,1,3,"SR-C5A","",99998,24.56551944,-81.75243889,0,42,0,0,1,1,0,3,1,1,0,1,0,"0000000",99,99,99,99,99,99,0,0,0,1,0
12,122744,2,2,0,0,0,2,2,86,9997,22,11,2016,3,18,55,0,1,5,25,5,"79TH ST","17TH AVE",99998,25.84646667,-80.22538056,0,12,6,0,2,2,0,1,3,1,0,1,0,"0000000",99,99,99,99,88,88,0,0,0,2,0
12,122745,5,5,0,0,0,8,8,85,1405,14,12,2016,4,20,25,0,2,5,25,5,"GOMEZ AVE","JARDIN ST",99998,27.07450278,-80.13424444,0,12,6,0,2,2,0,1,3,1,0,1,0,"0000000",99,99,99,99,99,99,0,0,0,1,0
12,122746,2,2,0,0,0,3,3,109,0,19,12,2016,2,19,45,1,1,1,1,1,"I-95","",99998,30.07991389,-81.49863611,0,12,2,0,1,1,0,1,2,10,0,10,0,"0000000",99,99,99,99,99,99,0,0,0,1,1
12,122747,2,1,1,1,1,1,1,65,0,11,12,2016,1,18,55,0,1,4,25,4,"CR-259","",99998,30.60475833,-83.89298056,0,14,0,0,1,1,0,4,2,1,0,1,0,"0000000",99,99,99,99,88,88,0,0,0,1,0
12,122748,1,1,0,0,0,2,2,31,1510,21,12,2016,4,19,35,0,2,5,25,5,"SAN PABLO RD","SAM YEPEZ RD",99998,30.27601667,-81.43746389,0,43,0,0,3,2,0,6,3,1,0,1,0,"0000000",99,99,99,99,99,99,0,0,0,1,1
12,122749,2,2,0,0,0,2,2,103,570,21,12,2016,4,10,41,0,2,5,25,5,"KEENE RD","DRUID RD",99998,27.95695,-82.76258333,0,12,6,0,2,2,0,1,1,1,0,1,0,"0000000",99,99,99,99,99,99,0,0,0,1,0
12,122750,2,2,0,0,0,2,2,31,1510,22,12,2016,5,0,34,1,2,1,1,1,"I-95 SOUTHBOUND","",99998,30.14086389,-81.54036111,0,12,1,1,17,1,0,1,2,10,0,10,0,"0000000",99,99,99,99,88,88,0,0,0,1,0
12,122751,2,2,0,0,0,2,2,95,0,11,12,2016,1,16,19,0,1,5,25,5,"WOODBURY ROAD","",99998,28.54830833,-81.19473333,0,12,2,0,1,1,0,1,1,1,0,1,0,"0000000",99,99,99,99,99,99,0,0,0,1,1
12,122752,1,1,0,1,1,1,1,31,1510,23,12,2016,6,16,52,1,2,3,1,3,"SR-21","",99998,30.25717222,-81.7423,0,8,0,0,1,1,0,1,5,10,0,10,0,"0000000",99,99,99,99,99,99,0,0,0,1,0
12,122753,2,2,0,0,0,3,3,11,2541,22,12,2016,5,17,5,0,2,6,25,5,"PETERS RD","78TH AVE",99998,26.10538889,-80.25268056,0,12,6,0,2,3,0,1,1,1,0,1,0,"0000000",99,99,99,99,99,99,0,0,0,1,0
12,122754,2,2,0,0,0,2,2,119,0,24,12,2016,7,19,20,1,1,3,1,3,"SR-44","SR-44",99998,28.8554,-82.06925,0,12,2,0,2,3,0,1,5,1,0,1,0,"0000000",99,99,99,99,99,99,0,0,0,1,0
12,122755,2,2,0,0,0,2,2,5,0,22,12,2016,5,23,55,1,2,3,1,3,"SR-30","",99998,30.25606667,-85.96169444,0,12,1,0,1,1,0,1,3,1,0,1,0,"0000000",99,99,99,99,99,99,0,0,0,1,0
12,122756,2,1,1,0,1,2,3,11,672,20,12,2016,3,12,5,1,2,3,1,3,"SR-869 SB","SR-870",99998,26.18728889,-80.29755,0,14,0,0,1,1,0,4,1,1,0,1,0,"0000000",99,99,99,99,99,99,0,0,0,1,0
12,122757,1,1,0,0,0,4,4,11,0,26,12,2016,2,4,40,0,1,5,25,5,"14TH ST","29TH AV",99998,26.142925,-80.18228333,0,38,0,0,3,3,0,5,2,1,0,1,0,"0000000",99,99,99,99,99,99,0,0,0,3,0
12,122759,1,1,0,0,0,1,1,31,1510,21,12,2016,4,8,0,1,2,3,1,3,"SR-113","SR-116",99998,30.35558611,-81.55310833,0,1,0,0,1,1,0,1,1,5,0,5,0,"0000000",99,99,99,99,88,88,0,0,0,1,0
12,122760,2,2,0,1,1,2,2,83,2270,3,10,2016,2,7,2,1,2,3,1,2,"US-441","",99998,29.17814444,-82.14046389,0,8,0,0,1,1,0,1,3,1,0,1,0,"0000000",99,99,99,99,99,99,0,0,0,1,0
12,122761,1,1,0,1,1,1,1,99,3190,21,12,2016,4,17,57,0,1,7,25,6,"FLAGLER DR","15TH ST",99998,26.72701389,-80.05053611,0,8,0,0,3,3,0,1,3,2,0,2,0,"0000000",99,99,99,99,99,99,0,0,0,1,0
12,122762,1,1,0,0,0,3,3,91,0,26,12,2016,2,22,45,0,1,5,25,5,"GILMORE RD","US-90",99998,30.73152222,-86.67691111,0,42,0,0,3,4,0,4,2,5,0,5,0,"0000000",99,99,99,99,99,99,0,0,0,1,0
12,122763,1,1,0,0,0,2,2,115,0,18,12,2016,1,19,3,1,1,2,1,2,"US-301","",99998,27.37337778,-82.53088889,0,42,0,0,1,1,0,3,3,10,0,10,0,"0000000",99,99,99,99,99,99,0,0,0,1,0
12,122764,1,1,0,0,0,1,1,127,2375,20,12,2016,3,5,19,0,2,5,25,5,"BEACH ST","",99998,29.34219444,-81.08604444,0,24,0,0,1,1,0,4,2,5,0,5,0,"0000000",99,99,99,99,88,88,0,0,0,1,0
12,122765,3,3,0,0,0,5,5,73,2940,26,12,2016,2,0,8,1,2,3,1,2,"US-90","APPLEYARD DR",99998,30.452875,-84.33796111,0,12,6,0,2,2,0,1,3,1,0,1,0,"0000000",99,99,99,99,99,99,0,0,0,1,0
12,122766,1,1,0,1,1,1,1,57,0,29,12,2016,5,3,15,0,2,6,25,5,"BOYETTE RD","",99998,27.85346111,-82.29664722,0,8,0,0,1,1,0,1,3,1,0,1,0,"0000000",99,99,99,99,88,88,0,0,0,1,0
12,122767,1,1,0,0,0,1,1,57,0,24,12,2016,7,0,26,0,2,6,25,5,"SYMMES RD","",99998,27.83509722,-82.38017778,0,42,0,0,1,1,0,4,2,1,0,1,0,"0000000",99,99,99,99,88,88,0,0,0,1,1
12,122768,2,2,0,0,0,2,2,57,0,20,12,2016,3,17,25,0,1,5,25,5,"BOYETTE RD","",99998,27.82137222,-82.20835556,0,12,6,0,1,1,0,1,1,1,0,1,0,"0000000",99,99,99,99,99,99,0,0,0,1,0
12,122769,3,3,0,0,0,3,3,57,0,25,12,2016,1,23,34,0,1,4,25,4,"CR-589","HAMILTON AVE",99998,28.01500556,-82.58308056,0,12,1,0,2,3,0,1,2,1,0,1,0,"0000000",99,99,99,99,99,99,0,0,0,1,1
12,122770,1,1,0,1,1,1,1,95,2360,22,12,2016,5,18,35,1,2,3,1,3,"SR-436","",99998,28.66920278,-81.43740833,0,8,0,0,1,1,0,1,3,1,0,1,0,"0000000",99,99,99,99,99,99,0,0,0,1,0
12,122772,1,1,0,1,1,1,1,86,2010,21,12,2016,4,20,44,0,2,5,25,5,"62ND ST","",99998,25.83226944,-80.2109,0,9,0,0,1,1,0,1,2,1,0,1,0,"0000000",99,99,99,99,99,99,0,0,0,1,0
12,122773,2,2,0,0,0,2,2,99,0,15,11,2016,3,23,41,1,1,3,1,3,"SR-704","DREXEL RD",99998,26.70753611,-80.13545278,0,12,6,0,2,3,0,1,3,1,0,1,0,"0000000",99,99,99,99,99,99,0,0,0,1,0
12,122774,1,1,0,0,0,1,1,95,0,23,12,2016,6,1,42,0,2,6,25,5,"ROUND LAKE RD","MEADOWLAND DR",99998,28.78253056,-81.59295,0,42,0,0,1,1,0,6,2,1,0,1,0,"0000000",99,99,99,99,88,88,0,0,0,1,1
12,122776,2,2,0,0,0,3,3,119,0,26,12,2016,2,0,8,1,1,1,1,1,"I-75","",99998,28.7335,-82.11168056,0,12,1,0,1,1,4,1,2,1,0,1,0,"0000000",99,99,99,99,99,99,0,0,0,2,1
12,122777,2,2,0,0,0,2,2,127,2190,14,12,2016,4,8,56,1,2,3,1,2,"US-1","NORTH ST",99998,29.06774722,-80.94756667,0,12,6,0,2,3,0,1,1,1,0,1,0,"0000000",99,99,99,99,99,99,0,0,0,1,0
12,122778,1,1,0,1,1,2,2,57,0,23,12,2016,6,19,52,0,1,7,25,6,"GIBSONTON DR","",99998,27.84975278,-82.36490833,0,8,0,0,1,1,0,1,3,1,0,1,0,"0000000",99,99,99,99,99,99,0,0,0,1,0
12,122779,1,1,0,1,1,2,2,31,1510,29,12,2016,5,22,11,1,2,3,1,3,"SR-5","",99998,30.351,-81.4837,0,8,0,0,1,1,0,1,3,1,0,1,0,"0000000",99,99,99,99,88,88,0,0,0,1,0
12,122781,3,3,0,0,0,4,4,71,0,22,12,2016,5,8,28,0,1,5,25,5,"BUCKINGHAM RD","",99998,26.68748056,-81.73181111,0,12,2,0,1,1,0,1,1,10,0,10,0,"0000000",99,99,99,99,99,99,0,0,0,1,1
12,122782,3,3,0,0,0,5,5,9,0,26,12,2016,2,17,50,1,1,1,1,1,"I-95","US-192",99998,28.07211111,-80.70491111,0,12,7,0,1,1,0,1,2,1,0,1,0,"0000000",99,99,99,99,99,99,0,0,0,1,1
12,122783,2,2,0,0,0,2,2,105,0,12,11,2016,7,16,32,0,1,4,25,4,"CR-557","I-4",99998,28.18214722,-81.74395,0,12,1,0,2,3,0,1,1,1,0,1,0,"0000000",99,99,99,99,88,88,0,0,0,1,0
12,122784,1,1,0,0,0,1,1,11,2457,24,12,2016,7,22,24,0,2,6,25,5,"HOLMBERG RD","",99998,26.31030833,-80.23638056,0,59,0,0,1,1,0,4,2,2,0,2,0,"0000000",99,99,99,99,88,88,0,0,0,1,0
12,122785,1,1,0,0,0,1,1,121,0,24,12,2016,7,5,25,1,1,1,1,1,"I-10","",99998,30.28426667,-82.83129444,0,42,0,0,1,1,0,4,2,5,0,5,0,"0000000",99,99,99,99,88,88,0,0,0,1,0
12,122786,2,2,0,0,0,2,2,103,0,20,12,2016,3,22,14,0,1,4,25,4,"CR-296","",99998,27.86519167,-82.77929722,0,12,1,0,1,1,0,1,3,1,0,1,0,"0000000",99,99,99,99,88,88,0,0,0,1,0
12,122787,2,2,0,0,0,3,3,57,0,17,12,2016,7,20,34,0,1,4,1,3,"SR-674","",99998,27.712325,-82.28446944,0,12,2,0,1,1,0,1,2,1,0,1,0,"0000000",99,99,99,99,99,99,0,0,0,2,1
12,122789,1,1,0,0,0,1,1,109,0,26,12,2016,2,9,4,1,1,3,1,3,"SR-16","",99998,29.91500833,-81.38111667,0,34,0,0,1,1,0,4,1,10,0,10,0,"0000000",99,99,99,99,99,99,0,0,0,1,0
12,122790,2,2,0,0,0,2,2,5,0,7,12,2016,4,23,21,1,2,3,1,2,"US-231","",99998,30.23578889,-85.57615,0,12,2,0,1,1,0,1,2,1,0,1,0,"0000000",99,99,99,99,99,99,0,0,0,1,0
12,122791,2,2,0,0,0,2,2,11,0,19,11,2016,7,4,18,1,1,3,1,3,"SR-91","STIRLING RD",99998,26.0415,-80.21415833,0,12,1,0,1,1,0,1,3,1,0,1,0,"0000000",99,99,99,99,99,99,0,0,0,1,0
12,122792,1,1,0,0,0,1,1,86,0,12,12,2016,2,18,20,0,2,4,25,4,"CR-90","",99998,25.76309167,-80.34427778,0,33,0,0,1,1,0,4,2,1,0,1,0,"0000000",99,99,99,99,99,99,0,0,0,1,0
12,122793,1,1,0,0,0,1,1,127,2580,23,12,2016,6,13,21,0,2,4,25,4,"CR-5A","",99998,29.11592222,-80.9934,0,33,0,0,1,1,0,4,1,1,0,1,0,"0000000",99,99,99,99,88,88,0,0,0,1,0
12,122794,1,1,0,1,1,2,2,105,1690,13,11,2016,1,1,52,0,2,5,25,5,"LAKE PARKER DR","",99998,28.07368056,-81.91701667,0,8,0,0,1,1,0,1,2,1,0,1,0,"0000000",99,99,99,99,88,88,0,0,0,1,0
12,122795,2,2,0,0,0,3,3,73,0,29,12,2016,5,3,25,1,1,1,1,1,"I-10","",99998,30.48078333,-84.05443333,0,12,1,0,1,1,0,1,2,5,0,5,0,"0000000",99,99,99,99,99,99,0,0,0,1,0
12,122796,1,1,0,1,1,2,2,71,0,11,12,2016,1,20,19,1,1,2,1,2,"US-41","",99998,26.44835,-81.81780556,0,8,0,0,1,1,4,1,3,1,0,1,0,"0000000",99,99,99,99,99,99,0,0,0,1,0
12,122797,2,2,0,0,0,2,2,27,0,27,12,2016,3,14,38,0,1,4,25,4,"CR-661","GARNER AVE",99998,27.19493889,-81.9151,0,12,2,1,2,3,0,1,1,1,0,1,0,"0000000",99,99,99,99,88,88,0,0,0,1,1
12,122798,1,1,0,0,0,3,3,86,2220,20,11,2016,1,4,41,1,2,1,1,1,"I-95","103RD ST",99998,25.86931111,-80.20856944,0,30,0,1,5,1,0,3,3,1,0,1,0,"0000000",99,99,99,99,99,99,0,0,0,1,0
12,122799,1,1,0,0,0,3,3,15,0,23,12,2016,6,21,29,0,1,4,25,4,"CR-74","DUNCAN ROAD",99998,26.94716667,-81.99073889,0,1,0,0,1,1,0,4,2,1,0,1,0,"0000000",99,99,99,99,99,99,0,0,0,1,0
12,122800,1,1,0,1,1,1,1,97,0,21,12,2016,4,22,22,0,1,4,25,4,"CR-531","",99998,28.32551944,-81.39128889,0,8,0,0,1,1,0,1,3,1,0,1,0,"0000000",99,99,99,99,88,88,0,0,0,1,0
12,122801,2,2,0,0,0,3,3,71,0,29,12,2016,5,18,44,1,1,3,1,3,"SR-80","HAWKS PRESERVE DRIVE",99998,26.711525,-81.71234722,0,12,6,0,2,2,0,1,3,1,0,1,0,"0000000",99,99,99,99,88,88,0,0,0,1,0
12,122802,2,2,0,0,0,6,6,23,0,28,12,2016,4,1,25,1,1,1,1,1,"I-75","US-441",99998,29.99518611,-82.58764167,0,12,6,0,1,1,0,1,6,5,0,5,0,"0000000",99,99,99,99,99,99,0,0,0,1,1
12,122803,1,1,0,0,0,1,1,31,1510,28,12,2016,4,9,23,1,2,1,1,1,"I-295","",99998,30.32770278,-81.52906389,0,1,0,0,1,1,0,3,1,1,0,1,0,"0000000",99,99,99,99,99,99,0,0,0,1,0
12,122804,2,2,0,0,0,5,5,105,0,29,12,2016,5,6,42,0,2,6,25,5,"ALTURAS BABSON PARK RD","SNELL RD",99998,27.85720556,-81.74396111,0,12,6,0,2,2,0,1,2,5,0,5,0,"0000000",99,99,99,99,99,99,0,0,0,1,0
12,122805,2,1,1,1,1,1,1,57,0,27,12,2016,3,6,40,1,2,3,1,2,"US-41","",99998,27.78082222,-82.38492222,0,8,0,0,1,1,0,1,2,1,0,1,0,"0000000",99,99,99,99,88,88,14,0,0,1,0
12,122806,2,2,0,0,0,2,2,67,0,28,12,2016,4,2,15,1,2,3,1,2,"US-27","",99998,30.00646944,-83.02826111,0,12,1,0,1,1,0,1,2,5,0,5,0,"0000000",99,99,99,99,88,88,0,0,0,1,1
12,122807,1,1,0,0,0,5,5,99,330,19,12,2016,2,4,55,1,2,1,1,1,"I-95","",99998,26.50981389,-80.07395556,0,25,0,0,1,1,0,3,3,1,0,1,0,"0000000",99,99,99,99,99,99,0,0,0,1,0
12,122808,4,4,0,0,0,5,5,69,1820,26,12,2016,2,17,52,1,2,3,1,2,"US-441","SLEEPY HOLLOW RD",99998,28.82501944,-81.83151944,0,12,1,0,3,2,0,1,5,1,0,1,0,"0000000",99,99,99,99,99,99,0,0,0,1,0
12,122809,1,1,0,0,0,1,1,39,1230,24,12,2016,7,19,45,0,2,4,25,4,"CR-268","",99998,30.61486389,-84.66526389,0,1,0,0,1,1,0,4,2,1,0,1,0,"0000000",99,99,99,99,88,88,0,0,0,1,1
12,122810,1,1,0,0,0,11,11,9,0,30,5,2016,2,18,28,1,1,1,1,1,"I-95","",99998,28.61653889,-80.84986111,0,24,0,0,1,1,0,3,1,10,0,10,0,"0000000",99,99,99,99,99,99,0,0,0,4,0
12,122811,1,1,0,0,0,1,1,23,0,30,12,2016,6,15,12,0,1,4,25,4,"CR-250","GREENFIELD TOWER ROAD",99998,30.28377222,-82.46941111,0,42,0,0,1,1,0,5,1,1,0,1,0,"0000000",99,99,99,99,88,88,0,0,0,1,0
12,122812,2,2,0,0,0,5,5,71,0,3,12,2016,7,21,27,0,1,4,25,4,"CR-884","SUNNILAND BOULEVARD",99998,26.61718889,-81.69336111,0,12,6,0,2,3,0,1,2,1,0,1,0,"0000000",99,99,99,99,99,99,0,0,0,1,0
12,122813,3,3,0,0,0,3,3,31,1510,20,12,2016,3,21,52,1,2,1,1,1,"I-10","",99998,30.28913056,-81.9828,0,12,2,0,1,1,0,1,2,10,0,10,0,"0000000",99,99,99,99,99,99,0,0,0,1,1
12,122814,1,1,0,1,1,1,1,69,0,17,12,2016,7,11,59,1,1,3,1,3,"SR-46","",99998,28.80019722,-81.61477778,0,8,0,0,1,1,0,1,1,1,0,1,0,"0000000",12,1,12,2,99,99,0,0,0,1,0
12,122815,1,1,0,0,0,3,3,115,2780,8,7,2016,6,0,57,0,2,5,25,5,"OLD BRADENTON RD","UNIVERSITY PKWY",99998,27.38198333,-82.54688611,0,33,0,0,3,2,0,4,3,1,0,1,0,"0000000",99,99,99,99,99,99,0,0,0,1,1