"STATE","ST_CASE","VE_TOTAL","VE_FORMS","PVH_INVL","PEDS","PERNOTMVIT","PERMVIT","PERSONS","COUNTY","CITY","DAY","MONTH","YEAR","DAY_WEEK","HOUR","MINUTE","NHS","RUR_URB","FUNC_SYS","RD_OWNER","ROUTE","TWAY_ID","TWAY_ID2","MILEPT","LATITUDE","LONGITUD","SP_JUR","HARM_EV","MAN_COLL","RELJCT1","RELJCT2","TYP_INT","WRK_ZONE","REL_ROAD","LGT_COND","WEATHER1","WEATHER2","WEATHER","SCH_BUS","RAIL","NOT_HOUR","NOT_MIN","ARR_HOUR","ARR_MIN","HOSP_HR","HOSP_MN","CF1","CF2","CF3","FATALS","DRUNK_DR"
12,122816,1,1,0,1,1,1,1,105,0,18,12,2016,1,23,10,0,1,5,25,5,"BROADWAY ST","LAKEWOOD CT",99998,28.05521111,-81.91205,0,8,0,0,3,3,0,1,2,1,0,1,0,"0000000",99,99,99,99,99,99,0,0,0,1,1
12,122817,1,1,0,1,1,1,1,83,2270,27,12,2016,3,7,1,1,2,3,1,3,"SR-464","3RD AVE",99998,29.17165,-82.13941944,0,8,0,0,2,3,0,1,3,5,0,5,0,"0000000",99,99,99,99,99,99,0,0,0,1,0
12,122818,2,2,0,0,0,4,4,11,771,18,12,2016,1,16,14,1,2,3,1,3,"SR-7","OAKES RD",99998,26.07528333,-80.20583056,0,12,1,0,3,3,0,1,1,1,0,1,0,"0000000",99,99,99,99,99,99,0,0,0,1,0
12,122819,2,2,0,0,0,5,5,85,0,29,12,2016,5,17,14,1,1,3,1,3,"SR-714","",99998,27.17311111,-80.26326944,0,12,1,0,1,1,0,1,1,10,0,10,0,"0000000",99,99,99,99,88,88,0,0,0,1,0
12,122820,1,1,0,1,1,5,5,97,0,31,12,2016,7,19,0,1,2,3,1,2,"US-441","KEEN ST",99998,28.3253,-81.403725,0,8,0,0,2,2,0,1,3,1,0,1,0,"0000000",99,99,99,99,99,99,0,0,0,1,0
12,122821,2,2,0,0,0,4,4,57,0,24,12,2016,7,14,24,1,2,3,1,2,"US-301","WALKER RD",99998,28.04868889,-82.33951111,0,12,6,0,2,2,0,1,1,1,0,1,0,"0000000",99,99,99,99,99,99,0,0,0,1,0
12,122822,2,2,0,0,0,2,2,115,0,29,12,2016,5,19,40,1,1,3,1,3,"SR-776","",99998,26.97173889,-82.35321944,0,12,2,0,1,1,0,11,3,1,0,1,0,"0000000",99,99,99,99,99,99,0,0,0,1,1
12,122823,1,1,0,0,0,2,2,117,0,19,12,2016,2,10,55,1,2,2,1,3,"SR-417","",99998,28.77118056,-81.281225,0,1,0,1,18,1,0,1,1,10,0,10,0,"0000000",99,99,99,99,99,99,0,0,0,1,0
12,122824,1,1,0,1,1,1,1,9,0,14,12,2016,4,11,59,1,2,3,1,2,"US-1","",99998,28.24423333,-80.67911667,0,9,0,0,1,1,0,1,1,1,0,1,0,"0000000",99,99,99,99,99,99,0,0,0,1,0
12,122825,1,1,0,1,1,1,1,11,790,20,12,2016,3,18,43,0,2,5,25,5,"10TH ST","",99998,26.30505278,-80.09388889,0,8,0,0,1,1,0,1,3,1,0,1,0,"0000000",99,99,99,99,99,99,0,0,0,1,0
12,122826,2,2,0,0,0,2,2,105,0,20,12,2016,3,17,0,1,1,3,1,3,"SR-570","",99998,27.99446111,-81.94828056,0,12,6,0,1,1,0,1,5,1,0,1,0,"0000000",99,99,99,99,99,99,0,0,0,1,0
12,122828,2,2,0,0,0,2,2,69,0,24,12,2016,7,19,15,0,1,5,25,5,"GRAYS AIRPORT RD","",99998,28.91451389,-81.887125,0,12,6,0,1,1,0,1,2,10,0,10,0,"0000000",99,99,99,99,99,99,0,0,0,1,0
12,122829,1,1,0,0,0,2,2,95,2360,27,12,2016,3,0,27,1,2,1,1,1,"I-4","",99998,28.50938889,-81.40004444,0,1,0,0,1,1,0,3,3,1,0,1,0,"0000000",99,99,99,99,99,99,0,0,0,1,0
12,122830,1,1,0,1,1,1,1,57,2950,27,12,2016,3,7,50,0,2,5,25,5,"INDEPENDENCE PKWY","",99998,27.98108056,-82.55610556,0,8,0,0,1,1,0,4,1,1,0,1,0,"0000000",99,99,99,99,88,88,0,0,0,1,0
12,122831,2,2,0,0,0,7,7,31,1510,5,12,2016,2,0,27,1,2,1,1,1,"I-295","",99998,30.25303889,-81.51633056,0,25,0,0,1,1,0,3,3,1,0,1,0,"0000000",99,99,99,99,99,99,0,0,0,2,0
12,122832,2,2,0,0,0,2,2,73,0,17,12,2016,7,4,33,1,1,2,1,2,"US-27","RED AND SAMS LN",99998,30.53023889,-84.35978333,0,12,6,1,2,2,0,1,2,1,0,1,0,"0000000",99,99,99,99,88,88,0,0,0,1,1
12,122833,2,2,0,0,0,2,2,86,2526,31,12,2016,7,14,20,0,2,5,25,5,"112TH ST","",99998,25.66643333,-80.32355278,0,12,2,0,1,1,0,1,1,1,0,1,0,"0000000",99,99,99,99,99,99,0,0,0,1,0
12,122834,3,3,0,0,0,9,9,87,0,30,12,2016,6,9,0,1,1,2,1,2,"US-1","",99998,24.63716111,-81.57983889,0,12,6,0,1,1,0,1,1,1,0,1,0,"0000000",99,99,99,99,99,99,0,0,0,1,0
12,122835,2,2,0,1,1,2,2,57,0,3,12,2016,7,0,44,1,2,3,1,2,"US-92","",99998,27.9962,-82.33158889,0,8,0,0,1,1,0,1,2,1,0,1,0,"0000000",99,99,99,99,88,88,0,0,0,1,0
12,122836,1,1,0,0,0,3,3,11,0,23,12,2016,6,10,58,1,1,1,1,1,"I-95","",99998,26.29877778,-80.12139444,0,38,0,0,1,1,0,6,1,1,0,1,0,"0000000",99,99,99,99,99,99,0,0,0,1,0
12,122837,2,2,0,0,0,3,3,105,0,11,11,2016,6,15,7,1,1,2,1,2,"US-27 N","RITCHIE RD",99998,28.23916944,-81.65376944,0,12,6,0,2,2,0,1,1,1,0,1,0,"0000000",99,99,99,99,99,99,0,0,0,2,0
12,122838,2,2,0,1,1,4,4,57,2950,14,12,2016,4,23,37,1,2,3,1,2,"US-41","",99998,28.01253611,-82.45127778,0,8,0,0,1,1,0,1,3,1,0,1,0,"0000000",99,99,99,99,88,88,0,0,0,1,0
12,122839,2,2,0,0,0,4,4,83,0,24,12,2016,7,19,5,0,1,5,25,5,"MARION OAKS COURSE","139TH",99998,29.02077778,-82.19738611,0,12,6,0,2,2,0,1,3,1,0,1,0,"0000000",99,99,99,99,99,99,0,0,0,1,0
12,122840,1,1,0,1,1,2,2,57,0,23,12,2016,6,21,50,1,2,3,1,2,"US-41","",99998,28.08170278,-82.45952222,0,8,0,0,1,1,0,1,3,1,0,1,0,"0000000",99,99,99,99,99,99,0,0,0,1,0
12,122841,2,2,0,0,0,5,5,31,1510,31,12,2016,7,2,15,1,1,1,1,1,"I-295","",99998,30.19555,-81.73695,0,12,6,0,1,1,0,1,3,1,0,1,0,"0000000",99,99,99,99,99,99,0,0,0,2,0
12,122842,2,2,0,0,0,3,3,31,1510,24,12,2016,7,18,0,1,2,3,1,3,"SR-115","MALABAR BLVD",99998,30.18525,-81.55158889,0,1,0,0,3,2,0,1,3,1,0,1,0,"0000000",99,99,99,99,99,99,0,0,0,1,0
12,122843,3,3,0,0,0,3,3,41,0,22,12,2016,5,18,57,1,1,3,1,3,"SR-26","83RD CT",99998,29.64043889,-82.66723889,0,12,1,0,3,3,0,1,2,1,0,1,0,"0000000",99,99,99,99,99,99,0,0,0,1,0
12,122844,3,3,0,0,0,8,8,95,0,25,12,2016,1,21,50,1,1,3,1,3,"SR-91","",99998,28.55324722,-81.65449444,0,12,2,0,1,1,0,1,3,1,0,1,0,"0000000",99,99,99,99,99,99,0,0,0,1,1
12,122845,2,2,0,0,0,13,13,35,0,30,12,2016,6,16,33,0,1,3,25,4,"CR-305","CR-304",99998,29.34313056,-81.35276944,0,12,6,0,2,3,0,1,1,1,0,1,0,"0000000",99,99,99,99,88,88,0,0,0,1,0
12,122846,2,2,0,1,1,3,3,97,0,18,12,2016,1,2,37,1,1,3,1,2,"US-441","",99998,28.32996111,-81.40373056,0,8,0,0,1,1,0,1,3,1,0,1,0,"0000000",99,99,99,99,88,88,0,0,0,1,0
12,122847,2,2,0,0,0,7,7,86,0,27,12,2016,3,15,48,0,2,3,1,3,"SR-973","PARK BLVD",99998,25.77311111,-80.33665,0,12,6,1,2,2,0,1,1,1,0,1,0,"0000000",99,99,99,99,99,99,0,0,0,1,0
12,122848,1,1,0,1,1,1,1,35,2439,31,12,2016,7,19,20,0,2,4,25,4,"CR-2001","",99998,29.57353056,-81.22778056,0,9,0,0,1,1,0,1,2,1,0,1,0,"0000000",99,99,99,99,88,88,0,0,0,1,0
12,122849,3,3,0,1,1,4,4,73,0,25,12,2016,1,4,40,1,1,1,1,1,"I-10","BAUM RD",99998,30.47786389,-84.08081667,0,8,0,0,1,1,0,1,2,1,0,1,0,"0000000",99,99,99,99,99,99,0,0,0,1,0
12,122850,1,1,0,0,0,2,2,85,0,25,12,2016,1,4,55,0,1,5,25,5,"HAWTHORNE ST","",99998,27.16496944,-80.21076944,0,42,0,0,1,1,0,5,2,1,0,1,0,"0000000",99,99,99,99,99,99,0,0,0,1,1
12,122851,2,2,0,0,0,2,2,81,0,30,12,2016,6,3,40,1,1,1,1,1,"I-275","",99998,27.59226944,-82.62956111,0,12,2,0,1,1,0,1,3,1,0,1,0,"0000000",99,99,99,99,99,99,0,0,0,1,1
12,122852,2,2,0,1,1,3,3,33,2490,7,10,2016,6,23,40,0,2,5,25,5,"9TH AVE","",99998,30.4626,-87.21431111,0,9,0,0,1,1,0,1,3,1,0,1,0,"0000000",99,99,99,99,99,99,0,0,0,1,0
12,122853,1,1,0,1,1,1,1,103,2960,2,12,2016,6,18,55,0,2,5,25,5,"MARTIN LUTHER KING JR DR","",99998,28.14139722,-82.742075,0,8,0,0,1,1,0,1,3,1,0,1,0,"0000000",99,99,99,99,99,99,0,0,0,1,0
12,122854,2,2,0,0,0,2,2,133,0,23,12,2016,6,10,35,0,1,4,25,4,"CR-279","ALTO CIR",99998,30.59857778,-85.68330833,0,12,2,0,2,3,0,1,1,1,0,1,0,"0000000",99,99,99,99,99,99,0,0,0,1,0
12,122855,1,1,0,1,1,1,1,86,844,29,12,2016,5,18,39,0,2,3,25,7,"87TH AVE","14TH ST",99998,25.78656389,-80.33664722,0,8,0,0,2,2,0,1,3,1,0,1,0,"0000000",99,99,99,99,99,99,0,0,0,1,0
12,122856,1,1,0,0,0,1,1,111,0,27,12,2016,3,6,10,0,1,5,25,5,"SUNRISE BLVD","BELL AVE",99998,27.38793056,-80.33748889,0,42,0,0,1,1,0,6,4,1,0,1,0,"0000000",99,99,99,99,88,88,0,0,0,1,1
12,122857,3,3,0,0,0,3,3,93,0,29,12,2016,5,7,31,1,1,2,1,2,"US-441","NW 208 RD",99998,27.4497,-80.81028889,0,12,6,0,2,3,0,1,1,5,0,5,0,"0000000",99,99,99,99,88,88,0,0,0,1,0
12,122858,2,2,0,0,0,4,4,95,0,28,12,2016,4,15,15,1,1,3,1,2,"US-441","",99998,28.62865,-81.44917222,0,12,6,0,1,1,0,1,1,1,0,1,0,"0000000",99,99,99,99,99,99,0,0,0,2,0
12,122859,2,2,0,0,0,2,2,95,0,30,12,2016,6,17,16,1,1,3,1,3,"SR-482","SOUTHLAND BLVD",99998,28.450475,-81.40694167,0,12,6,0,2,3,0,1,1,1,0,1,0,"0000000",99,99,99,99,99,99,0,0,0,1,0
12,122860,3,3,0,0,0,7,7,61,0,31,12,2016,7,5,28,1,1,1,1,1,"I-95","",99998,27.64575,-80.52006944,0,12,1,0,1,1,0,1,2,1,0,1,0,"0000000",99,99,99,99,99,99,0,0,0,2,0
12,122861,1,1,0,1,1,2,2,71,0,24,12,2016,7,6,42,0,1,4,25,4,"CR-80A","",99998,26.68188889,-81.79417778,0,8,0,0,1,1,0,1,2,1,0,1,0,"0000000",99,99,99,99,88,88,0,0,0,1,0
12,122862,1,1,0,0,0,6,6,127,0,25,12,2016,1,21,14,1,1,2,1,2,"US-17","",99998,29.0719,-81.3058,0,1,0,0,1,1,0,1,2,1,0,1,0,"0000000",99,99,99,99,99,99,0,0,0,1,0
12,122863,1,1,0,0,0,1,1,86,2010,30,9,2016,6,1,18,1,2,3,1,3,"SR-976","",99998,25.73298889,-80.31618889,0,30,0,0,1,1,0,4,3,1,0,1,0,"0000000",99,99,99,99,88,88,0,0,0,1,0
12,122864,1,1,0,1,1,1,1,103,1770,26,12,2016,2,23,56,1,2,2,1,2,"US-19","",99998,27.91301389,-82.72980556,0,8,0,0,1,1,0,1,3,1,0,1,0,"0000000",99,99,99,99,88,88,0,0,0,1,0
12,122865,2,2,0,0,0,2,2,57,2950,19,8,2016,6,8,40,1,2,3,1,2,"US-92","50TH ST",99998,27.996125,-82.40190278,0,12,6,0,2,3,0,1,1,1,0,1,0,"0000000",99,99,99,99,99,99,0,0,0,1,0
12,122866,1,1,0,0,0,1,1,86,2220,31,10,2016,2,2,7,1,2,1,1,1,"I-95 SR-9A","",99998,25.88336944,-80.20900833,0,25,0,0,1,1,0,3,3,1,0,1,0,"0000000",99,99,99,99,88,88,0,0,0,1,1
12,122867,2,2,0,0,0,5,5,101,0,24,12,2016,7,1,59,0,1,5,25,5,"MONTEVERDE DR","",99998,28.41325833,-82.54335556,0,12,1,0,1,1,0,1,2,1,0,1,0,"0000000",1,59,2,8,99,99,0,0,0,3,1
12,122869,1,1,0,1,1,1,1,19,2350,21,12,2016,4,19,35,1,2,2,1,2,"US-17","STILES AVE",99998,30.16746944,-81.70105,0,8,0,0,8,1,0,1,3,10,0,10,0,"0000000",99,99,99,99,99,99,0,0,0,1,0
12,122870,2,2,0,0,0,4,4,99,0,9,12,2016,6,14,57,0,1,4,25,4,"CR-809","WHITE FEATHER TRL",99998,26.55380278,-80.11927222,0,12,6,0,2,2,0,1,1,10,0,10,0,"0000000",99,99,99,99,99,99,0,0,0,1,0
12,122871,1,1,0,1,1,1,1,85,0,27,12,2016,3,12,50,1,1,3,1,3,"SR-A1A","BROWARD STREET",99998,27.14398056,-80.19475,0,8,0,0,3,2,0,1,1,1,0,1,0,"0000000",99,99,99,99,99,99,0,0,0,1,0
12,122872,2,2,0,0,0,3,3,115,0,21,12,2016,4,18,0,1,1,2,1,2,"US-41","RUBENS DR",99998,27.16626944,-82.47605,0,12,6,1,2,2,0,1,5,1,0,1,0,"0000000",99,99,99,99,99,99,0,0,0,1,0
12,122873,3,3,0,0,0,5,5,97,0,22,12,2016,5,21,25,0,1,5,25,5,"POINCIANA BOULEVARD","DORAL POINTE DRIVE",99998,28.20216389,-81.47556389,0,12,6,0,2,3,0,1,2,1,0,1,0,"0000000",99,99,99,99,99,99,0,0,0,1,0
12,122874,3,3,0,0,0,6,6,86,2023,31,12,2016,7,7,40,1,2,3,1,3,"SR-826","",99998,25.92539722,-80.27278056,0,12,1,0,1,1,0,1,1,1,0,1,0,"0000000",99,99,99,99,99,99,0,0,0,1,0
12,122875,2,2,0,0,0,3,3,31,1510,24,12,2016,7,12,20,1,2,1,1,1,"I-295","",99998,30.21586111,-81.51378056,0,12,7,0,1,1,0,1,1,1,0,1,0,"0000000",99,99,99,99,99,99,0,0,0,1,0
12,122876,1,1,0,1,1,4,4,99,820,9,12,2016,6,23,46,1,2,3,1,3,"SR-806","",99998,26.46166944,-80.06811111,0,8,0,0,1,1,0,1,3,2,0,2,0,"0000000",99,99,99,99,88,88,0,0,0,1,1
12,122877,1,1,0,0,0,1,1,117,480,26,12,2016,2,14,51,0,2,5,25,5,"GRIFFIN DR","",99998,28.67967222,-81.33783889,0,33,0,0,1,1,0,4,1,1,0,1,0,"0000000",99,99,99,99,99,99,0,0,0,1,0
12,122880,1,1,0,1,1,1,1,9,620,1,7,2016,6,21,18,0,1,5,25,5,"DIXON BLVD","",99998,28.37309722,-80.748125,0,8,0,0,1,1,0,1,2,1,0,1,0,"0000000",99,99,99,99,99,99,0,0,0,1,0
12,122882,2,2,0,0,0,2,2,77,0,27,7,2016,4,12,45,1,1,3,1,3,"SR-65","SUMNER RD",99998,30.22148889,-84.88909444,0,12,6,0,3,3,0,1,1,1,0,1,0,"0000000",99,99,99,99,99,99,0,0,0,1,0
12,122883,2,2,0,0,0,2,2,127,2375,12,8,2016,6,18,15,0,2,5,25,5,"RIDGEWOOD AVE","HIGHLAND AVE",99998,29.28750278,-81.05991667,0,12,6,0,2,2,0,1,1,1,0,1,0,"0000000",99,99,99,99,99,99,0,0,0,1,0
12,122884,2,2,0,0,0,2,2,81,340,17,8,2016,4,18,15,1,1,3,1,2,"US-41","28TH AVENUE",99998,27.47558889,-82.57538056,0,12,6,0,2,3,0,1,1,10,0,10,0,"0000000",88,88,88,88,88,88,0,0,0,1,1
12,122885,2,1,1,0,0,2,2,105,160,9,9,2016,6,11,12,1,2,3,1,3,"SR-700","",99998,27.89324444,-81.82853889,0,33,0,0,1,1,0,4,1,1,0,1,0,"0000000",99,99,99,99,99,99,0,0,0,1,0
12,122886,1,1,0,1,1,1,1,95,2360,19,9,2016,2,9,32,0,1,5,25,5,"EAST CHURCH ST","ROSLAIND AVE",99998,28.54040278,-81.37588056,0,8,0,0,3,3,0,1,1,1,0,1,0,"0000000",99,99,99,99,99,99,0,0,0,1,0
12,122887,2,2,0,0,0,4,4,11,672,25,9,2016,1,1,22,1,2,3,1,3,"SR-7","",99998,26.27422222,-80.20229167,0,12,6,0,5,1,0,1,3,1,0,1,0,"0000000",99,99,99,99,99,99,0,0,0,1,0
12,122888,1,1,0,0,0,2,2,77,365,17,9,2016,7,3,15,0,1,4,25,4,"CR-379","",99998,30.42948333,-84.97327222,0,30,0,0,1,1,0,4,2,1,0,1,0,"0000000",99,99,99,99,99,99,0,0,0,1,1
12,122889,2,2,0,0,0,2,2,111,0,15,9,2016,5,12,51,1,1,3,1,3,"SR-615","611A JUANITA AVE",99998,27.47292778,-80.34980556,0,12,6,0,2,2,0,1,1,1,0,1,0,"0000000",99,99,99,99,99,99,0,0,0,1,0
12,122890,2,2,0,0,0,2,2,31,1510,16,9,2016,6,20,26,1,2,3,1,3,"SR-228","BLAIR RD",99998,30.27498889,-81.83183889,0,12,6,0,1,1,0,1,2,10,0,10,0,"0000000",99,99,99,99,99,99,0,0,0,1,1
12,122891,2,2,0,1,1,1,1,111,2601,15,10,2016,7,23,40,0,2,4,25,4,"CR-716","",99998,27.27173611,-80.31931667,0,12,1,0,1,1,0,1,3,1,0,1,0,"0000000",99,99,99,99,99,99,23,0,0,1,0
12,122892,2,2,0,0,0,3,3,91,1950,15,3,2016,3,20,59,0,1,7,25,6,"BOUND MIRACLE STRIP PKWY","",99998,30.39538333,-86.51018889,0,12,98,0,1,1,0,1,2,10,0,10,0,"0000000",99,99,99,99,88,88,0,0,0,1,0
12,122893,1,1,0,1,1,1,1,1,1130,28,10,2016,6,9,38,1,2,3,1,3,"SR-26","17TH ST",99998,29.652075,-82.34473333,0,9,0,0,3,2,0,1,1,1,0,1,0,"0000000",99,99,99,99,99,99,0,0,0,1,0
12,122894,1,1,0,0,0,1,1,57,0,27,10,2016,5,2,26,0,1,3,25,7,"LUTZ LAKE FERN RD","",99998,28.15695,-82.50800833,0,30,0,0,1,1,0,4,2,1,0,1,0,"0000000",99,99,99,99,88,88,0,0,0,1,1
12,122895,2,2,0,0,0,2,2,11,2219,25,10,2016,3,22,23,0,2,5,25,5,"SOUTHGATE BLVD","81ST AVE",99998,26.22813889,-80.23696944,0,12,6,0,2,2,0,1,3,1,0,1,0,"0000000",99,99,99,99,99,99,0,0,0,1,0
12,122896,1,1,0,1,1,1,1,111,2601,3,10,2016,2,6,32,0,2,5,25,5,"PORT SAINT LUCIE BLVD","AIROSO BLVD",99998,27.27330278,-80.34205833,0,8,0,1,2,2,0,1,3,10,0,10,0,"0000000",99,99,99,99,99,99,0,0,0,1,0
12,122897,2,2,0,0,0,4,4,111,0,20,10,2016,5,19,3,1,1,3,1,2,"US-1","RIO MAR DR",99998,27.33375,-80.32506111,0,12,6,0,2,3,0,1,5,1,0,1,0,"0000000",99,99,99,99,99,99,0,0,0,1,0
12,122898,1,1,0,0,0,1,1,11,2083,31,10,2016,2,1,30,1,2,3,1,3,"SR-824","",99998,25.99441111,-80.2555,0,42,0,0,1,1,0,3,3,1,0,1,0,"0000000",99,99,99,99,99,99,0,0,0,1,1
12,122899,2,2,0,0,0,2,2,9,2424,25,11,2016,6,0,19,1,2,3,1,3,"SR-507","",99998,27.98645556,-80.62205278,0,12,2,0,1,1,0,1,2,1,0,1,0,"0000000",99,99,99,99,99,99,0,0,0,1,2
12,122900,2,2,0,0,0,3,3,105,1690,24,11,2016,5,21,5,1,2,3,1,3,"SR-37","SCOTTSDALE LOOP",99998,28.00686944,-81.95694444,0,12,6,0,8,1,0,1,3,1,0,1,0,"0000000",99,99,99,99,99,99,0,0,0,1,0
12,122901,2,2,0,0,0,3,3,9,2424,14,12,2016,4,15,53,1,2,3,1,2,"US-1","",99998,28.06103333,-80.59413611,0,12,6,0,8,1,0,1,1,1,0,1,0,"0000000",99,99,99,99,99,99,0,0,0,1,0
12,122902,1,1,0,1,1,2,2,86,2010,30,10,2016,1,10,13,0,2,5,25,5,"6TH AVE","54TH ST",99998,25.82499444,-80.20612222,0,9,0,0,3,3,0,1,1,2,0,2,0,"0000000",99,99,99,99,99,99,0,0,0,1,0
12,122903,2,2,0,0,0,2,2,55,2800,22,12,2016,5,12,20,0,2,2,25,7,"SEBRING PARKWAY","SHONTEE AVE",99998,27.50695,-81.44818056,0,12,6,1,2,2,0,1,1,1,0,1,0,"0000000",99,99,99,99,99,99,0,0,0,1,0
12,122904,2,2,0,0,0,3,3,9,0,28,12,2016,4,15,40,1,1,1,1,1,"I-95","",99998,27.86957222,-80.59183333,0,12,1,0,1,1,0,2,1,1,0,1,0,"0000000",99,99,99,99,99,99,0,0,0,1,0
12,122905,2,2,0,0,0,7,7,109,0,14,12,2016,4,6,55,1,2,3,1,2,"US-1","RACE TRACK ROAD",99998,30.10409722,-81.47835833,0,12,2,0,2,2,0,1,4,10,0,10,0,"0000000",99,99,99,99,99,99,0,0,0,1,0
12,122906,2,2,0,0,0,3,3,127,780,2,7,2016,7,23,40,0,2,5,25,5,"BELLEVUE AVE EXT","",99998,29.17025833,-81.0772,0,12,8,0,1,1,0,1,2,1,0,1,0,"0000000",99,99,99,99,99,99,0,0,0,1,0
12,122907,1,1,0,0,0,1,1,75,0,3,8,2016,4,17,40,1,1,2,1,2,"US-19","",99998,29.04281111,-82.66661111,0,1,0,0,1,1,0,4,1,1,0,1,0,"0000000",99,99,99,99,99,99,0,0,0,1,0
12,122908,1,1,0,1,1,1,1,86,2010,2,8,2016,3,18,15,0,2,3,25,7,"FULLER ST","MAIN HWY",99998,25.72738056,-80.24306111,0,8,0,0,3,3,0,1,2,2,0,2,0,"0000000",99,99,99,99,99,99,0,0,0,1,0
12,122909,1,1,0,1,1,1,1,99,2674,30,7,2016,7,17,43,0,1,7,25,6,"CYPRESS LAKES DR","CRESTWOOD BLVD",99998,26.68734722,-80.2449,0,15,0,0,3,3,0,1,1,1,0,1,0,"0000000",99,99,99,99,99,99,0,0,0,1,0
12,122910,1,1,0,1,1,1,1,105,1690,19,8,2016,6,12,41,1,2,3,1,2,"US-98","SR-548",99998,28.04955556,-81.957325,0,9,0,0,3,2,0,1,1,1,0,1,0,"0000000",99,99,99,99,99,99,0,0,0,1,0
12,122911,1,1,0,0,0,1,1,86,0,19,8,2016,6,0,54,0,1,7,25,6,"41ST TER","",99998,25.72896667,-80.43489167,0,38,0,0,1,1,0,5,3,1,0,1,0,"0000000",99,99,99,99,88,88,0,0,0,1,0
12,122912,2,2,0,0,0,2,2,111,0,14,9,2016,4,6,5,1,1,3,1,3,"SR-70","",99998,27.40163056,-80.44859722,0,12,1,0,1,1,0,1,2,10,0,10,0,"0000000",99,99,99,99,99,99,0,0,0,1,0
12,122913,2,2,0,0,0,2,2,81,2440,29,9,2016,5,14,5,1,2,3,1,3,"SR-45","2600 8TH AVE",99998,27.53720278,-82.572875,0,12,6,1,2,2,0,1,1,1,0,1,0,"0000000",99,99,99,99,99,99,0,0,0,1,0
12,122914,2,2,0,0,0,2,2,86,1440,2,10,2016,1,14,47,0,2,5,25,5,"18TH AVE","MOWRY DR",99998,25.47012222,-80.45262778,0,12,6,0,2,3,0,1,1,1,0,1,0,"0000000",99,99,99,99,99,99,0,0,0,1,0
12,122915,3,3,0,0,0,4,4,99,820,3,10,2016,2,13,58,1,2,3,1,3,"SR-806","COCONUT KEY LN",99998,26.45791111,-80.12651667,0,12,6,0,2,2,0,1,1,1,0,1,0,"0000000",99,99,99,99,99,99,0,0,0,1,0
12,122916,1,1,0,1,1,1,1,57,2950,6,10,2016,5,6,50,0,2,4,25,5,"ARMENIA AVE","",99998,27.97620278,-82.48480556,0,8,0,0,1,1,0,1,2,1,0,1,0,"0000000",99,99,99,99,99,99,0,0,0,1,0
12,122917,4,4,0,0,0,4,4,55,0,6,10,2016,5,16,10,1,1,2,1,2,"US-27","SR-66",99998,27.42911944,-81.41816111,0,12,6,1,2,2,0,1,1,2,0,2,0,"0000000",99,99,99,99,99,99,0,0,0,1,0
12,122918,1,1,0,1,1,1,1,86,2010,8,10,2016,7,22,8,0,2,5,25,5,"22ND AVE","",99998,25.79227222,-80.23140556,0,8,0,0,1,1,0,1,2,1,0,1,0,"0000000",99,99,99,99,99,99,0,0,0,1,0
12,122919,1,1,0,0,0,3,3,11,2083,6,10,2016,5,14,53,0,2,4,25,4,"CR-858","",99998,25.98216667,-80.2197,0,52,0,0,1,1,0,4,1,2,0,2,0,"0000000",99,99,99,99,99,99,0,0,0,1,0
12,122920,2,2,0,0,0,2,2,11,633,7,10,2016,6,14,48,0,2,6,25,5,"LYONS RD","CORAL TREE CIR",99998,26.27623611,-80.18628056,0,12,6,0,2,2,0,1,1,1,0,1,0,"0000000",99,99,99,99,99,99,0,0,0,1,0
12,122921,1,1,0,1,1,1,1,5,2456,18,10,2016,3,21,3,1,2,3,1,3,"SR-98","",99998,30.12226389,-85.592175,0,8,0,0,1,1,0,1,2,1,0,1,0,"0000000",99,99,99,99,99,99,0,0,0,1,0
12,122923,2,2,0,0,0,5,5,95,2360,13,10,2016,5,3,4,1,2,3,1,3,"SR-400 E","",99998,28.47718611,-81.46891111,0,12,2,0,1,1,0,1,3,1,0,1,0,"0000000",99,99,99,99,99,99,0,0,0,1,0
12,122924,1,1,0,1,1,2,2,9,1990,22,10,2016,7,0,22,0,2,5,25,5,"STRAWBRIDGE AVE","WAVERLY PL",99998,28.07944444,-80.60776111,0,8,0,0,2,2,0,1,3,1,0,1,0,"0000000",99,99,99,99,99,99,0,0,0,1,0
12,122925,1,1,0,0,0,1,1,71,457,20,10,2016,5,22,42,0,2,5,25,5,"HANCOCK BRIDGE PKWY","1ST PL",99998,26.65180278,-81.97141667,0,33,0,0,3,3,0,3,3,1,0,1,0,"0000000",99,99,99,99,99,99,0,0,0,1,0
12,122926,4,4,0,0,0,7,7,31,1510,26,10,2016,4,10,30,1,2,3,1,3,"SR-13","",99998,30.17771111,-81.62771111,0,12,9,0,1,1,0,1,1,1,0,1,0,"0000000",99,99,99,99,99,99,0,0,0,1,0