"STATE","ST_CASE","VE_TOTAL","VE_FORMS","PVH_INVL","PEDS","PERNOTMVIT","PERMVIT","PERSONS","COUNTY","CITY","DAY","MONTH","YEAR","DAY_WEEK","HOUR","MINUTE","NHS","RUR_URB","FUNC_SYS","RD_OWNER","ROUTE","TWAY_ID","TWAY_ID2","MILEPT","LATITUDE","LONGITUD","SP_JUR","HARM_EV","MAN_COLL","RELJCT1","RELJCT2","TYP_INT","WRK_ZONE","REL_ROAD","LGT_COND","WEATHER1","WEATHER2","WEATHER","SCH_BUS","RAIL","NOT_HOUR","NOT_MIN","ARR_HOUR","ARR_MIN","HOSP_HR","HOSP_MN","CF1","CF2","CF3","FATALS","DRUNK_DR"
12,122927,2,2,0,0,0,4,4,17,0,28,10,2016,6,21,35,1,1,2,1,2,"US-19","6201 SUNCOAST BLVD",99998,28.95263056,-82.62673056,0,12,6,1,2,2,0,1,3,1,0,1,0,"0000000",99,99,99,99,99,99,0,0,0,1,0
12,122928,2,2,0,0,0,2,2,71,457,28,10,2016,6,16,59,0,2,3,25,7,"37TH ST","SKYLINE BLVD",99998,26.58318333,-81.99081111,0,12,6,0,2,3,0,1,1,1,0,1,0,"0000000",99,99,99,99,99,99,0,0,0,1,0
12,122929,1,1,0,1,1,1,1,11,1781,13,11,2016,1,16,27,0,2,5,25,5,"NW 31ST AVE","NW 39TH ST",99998,26.17352222,-80.18724444,0,9,0,0,2,3,0,1,1,1,0,1,0,"0000000",88,88,88,88,88,88,0,0,0,1,0
12,122930,1,1,0,1,1,1,1,11,2219,24,11,2016,5,18,15,1,2,3,1,3,"SR-7","",99998,26.21307778,-80.20407222,0,8,0,0,1,1,0,1,2,1,0,1,0,"0000000",99,99,99,99,99,99,0,0,0,1,0
12,122932,1,1,0,1,1,1,1,11,1050,2,12,2016,6,22,35,0,2,3,25,7,"17TH ST","",99998,26.10025556,-80.13400278,0,8,0,0,1,1,0,1,3,1,0,1,0,"0000000",99,99,99,99,99,99,0,0,0,1,0
12,122933,1,1,0,1,1,1,1,99,0,20,11,2016,1,3,35,0,1,7,25,6,"18TH AVE","",99998,26.34411667,-80.11988611,0,8,0,0,1,1,0,1,3,1,0,1,0,"0000000",99,99,99,99,88,88,0,0,0,1,0
12,122934,1,1,0,1,1,2,2,31,1510,23,12,2016,6,20,10,1,2,3,1,3,"SR-111","",99998,30.33268056,-81.73091944,0,8,0,0,1,1,0,1,3,1,0,1,0,"0000000",99,99,99,99,99,99,0,0,0,1,0
12,122935,2,2,0,0,0,3,3,9,0,19,10,2016,4,21,55,1,1,2,1,2,"US-1","",99998,28.23533056,-80.67553889,0,12,1,0,1,1,4,1,2,1,0,1,0,"0000000",99,99,99,99,88,88,0,0,0,1,0
12,122936,2,2,0,0,0,3,3,1,1130,12,12,2016,2,9,50,1,2,3,1,3,"SR-121","20TH AVE",99998,29.63421111,-82.372625,0,12,6,0,2,2,0,1,1,1,0,1,0,"0000000",99,99,99,99,99,99,0,0,0,2,0
12,122937,1,1,0,0,0,1,1,103,0,8,6,2016,4,17,0,0,1,3,25,7,"28TH ST","50TH AVE",99998,27.81743333,-82.67135,0,1,0,1,2,3,0,1,1,10,0,10,0,"0000000",99,99,99,99,99,99,0,0,0,1,0
12,122938,2,2,0,0,0,3,3,53,0,14,7,2016,5,20,11,1,1,3,1,2,"US-19","CORTEZ BLVD",99998,28.51861389,-82.57155833,0,12,6,0,2,2,0,1,3,1,0,1,0,"0000000",99,99,99,99,99,99,0,0,0,1,0
12,122940,1,1,0,1,1,1,1,9,0,25,12,2016,1,22,49,1,1,2,1,2,"US-1","",99998,28.50508889,-80.78408333,0,8,0,0,1,1,0,1,3,10,0,10,0,"0000000",99,99,99,99,88,88,0,0,0,1,0
12,122941,1,1,0,1,1,1,1,99,1190,29,12,2016,5,18,43,0,2,6,25,5,"JOG RD","",99998,26.61099167,-80.14676389,0,8,0,0,1,1,0,1,3,1,0,1,0,"0000000",99,99,99,99,99,99,0,0,0,1,0
12,122942,2,1,1,0,0,3,3,55,1730,2,9,2016,6,16,10,0,1,5,25,5,"PLUMOSA ST","",99998,27.29306111,-81.35838056,0,14,0,0,1,1,0,5,1,10,0,10,0,"0000000",99,99,99,99,99,99,0,0,0,1,0
12,122943,2,2,0,0,0,3,3,1,1130,18,9,2016,1,12,54,1,1,3,1,3,"SR-24","WALDO RD",99998,29.78731389,-82.17162222,0,12,1,0,3,3,0,1,1,1,0,1,0,"0000000",99,99,99,99,88,88,0,0,0,1,0
12,122944,2,2,0,0,0,4,4,99,3190,11,9,2016,1,8,13,1,2,3,1,3,"SR-704A","",99998,26.72426389,-80.0667,0,12,1,0,1,1,0,1,1,1,0,1,0,"0000000",99,99,99,99,99,99,0,0,0,1,0
12,122945,1,1,0,0,0,3,3,69,1240,13,10,2016,5,22,20,1,2,3,1,3,"SR-50","CILLA CITY RD",99998,28.56492222,-81.86780278,0,5,0,0,3,3,0,1,3,1,0,1,0,"0000000",99,99,99,99,99,99,0,0,0,1,0
12,122946,1,1,0,1,1,1,1,9,2005,16,11,2016,4,10,15,0,1,4,25,4,"CR-3","",99998,28.2565,-80.66075556,0,9,0,0,1,1,0,1,1,1,0,1,0,"0000000",99,99,99,99,99,99,0,0,0,1,0
12,122948,1,1,0,1,1,1,1,86,735,21,11,2016,2,21,35,1,2,3,1,2,"US-1","BELVIEW DR",99998,25.58530278,-80.36308056,0,9,0,0,2,3,0,1,3,1,0,1,0,"0000000",99,99,99,99,88,88,0,0,0,1,0
12,122949,1,1,0,0,0,1,1,99,0,30,12,2016,6,20,56,1,1,3,1,3,"SR-710","",99998,26.8294,-80.18111944,0,1,0,0,1,1,0,3,2,1,0,1,0,"0000000",99,99,99,99,99,99,0,0,0,1,0
12,122950,3,3,0,0,0,4,4,99,0,29,12,2016,5,5,24,1,1,2,1,2,"US-98","",99998,26.67894444,-80.15790278,0,24,0,0,1,1,0,4,3,1,0,1,0,"0000000",99,99,99,99,99,99,0,0,0,1,1
12,122951,2,2,0,0,0,3,3,69,1820,20,8,2016,7,21,30,0,1,5,25,5,"CITRUS BLVD","AKRON DR",99998,28.83215833,-81.88807778,0,12,1,0,3,2,0,1,3,1,0,1,0,"0000000",99,99,99,99,99,99,0,0,0,1,0
12,122952,2,2,0,0,0,2,2,99,2660,30,4,2016,7,21,5,1,2,3,1,3,"SR-710","AUSTRALIAN AVENUE",99998,26.76960556,-80.07132222,0,12,6,0,2,2,0,1,3,1,0,1,0,"0000000",99,99,99,99,88,88,0,0,0,1,1
12,122953,2,2,0,0,0,3,3,81,2440,22,11,2016,3,17,30,1,2,3,1,2,"US-41","23RD ST",99998,27.53366944,-82.57191389,0,12,6,0,2,3,0,1,5,1,0,1,0,"0000000",99,99,99,99,99,99,0,0,0,1,0
12,122954,1,1,0,0,0,1,1,11,2948,27,11,2016,1,5,24,0,1,5,25,5,"COMMERCIAL BLVD","",99998,26.18718056,-80.2068,0,33,0,0,1,1,0,4,3,1,0,1,0,"0000000",99,99,99,99,99,99,0,0,0,1,0
12,122955,2,2,0,0,0,2,2,19,0,26,11,2016,7,10,8,1,1,3,1,3,"SR-16","MARSHALL LN",99998,29.98292778,-81.77638333,0,12,2,0,1,1,0,1,1,1,0,1,0,"0000000",99,99,99,99,99,99,0,0,0,1,0
12,122956,1,1,0,0,0,1,1,111,2601,5,12,2016,2,18,37,0,2,5,25,5,"JENNINGS RD","",99998,27.27916389,-80.29294444,0,25,0,0,1,1,0,3,7,1,0,1,0,"0000000",99,99,99,99,99,99,0,0,0,1,0
12,122957,1,1,0,1,1,1,1,11,663,7,12,2016,4,16,6,0,1,7,25,6,"49TH PL","",99998,26.05823056,-80.28158611,0,8,0,0,4,1,0,1,1,1,0,1,0,"0000000",99,99,99,99,99,99,0,0,0,1,0
12,122958,1,1,0,1,1,1,1,57,0,8,12,2016,5,10,17,0,1,7,25,6,"ROYAL BONNET DR","",99998,27.74528056,-82.41247778,0,9,0,0,1,1,0,1,1,1,0,1,0,"0000000",99,99,99,99,88,88,0,0,0,1,0
12,122959,1,1,0,1,1,1,1,113,1245,28,11,2016,2,12,5,0,1,7,25,6,"DANIEL DR","",99998,30.36003611,-87.16745833,0,8,0,0,1,1,0,1,1,1,0,1,0,"0000000",99,99,99,99,99,99,0,0,0,1,0
12,122960,1,1,0,1,1,1,1,5,2450,19,12,2016,2,5,40,1,2,3,1,3,"SR-77","SR-368",99998,30.18961667,-85.64996667,0,8,0,0,3,2,0,1,3,2,0,2,0,"0000000",99,99,99,99,99,99,0,0,0,1,0
12,122961,1,1,0,1,1,1,1,109,0,15,12,2016,5,22,28,0,1,7,25,6,"MASTERS DR","",99998,29.90866111,-81.33316111,0,8,0,0,1,1,0,1,2,1,0,1,0,"0000000",99,99,99,99,99,99,0,0,0,1,0
12,122962,1,1,0,1,1,1,1,86,0,15,12,2016,5,20,6,0,1,7,25,6,"5TH CT","81 ST ST",99998,25.849,-80.20621111,0,8,0,0,3,2,0,1,3,1,0,1,0,"0000000",99,99,99,99,99,99,0,0,0,1,0
12,122963,1,1,0,0,0,2,2,11,2948,24,12,2016,7,19,52,1,2,3,1,3,"SR-817","",99998,26.215975,-80.25263611,0,33,0,0,1,1,0,3,3,2,0,2,0,"0000000",99,99,99,99,99,99,0,0,0,1,0
12,122964,1,1,0,0,0,1,1,11,633,24,12,2016,7,9,51,0,1,7,25,6,"COCONUT CREEK PKWY","",99998,26.244575,-80.19092778,0,42,0,0,1,1,0,3,1,1,0,1,0,"0000000",99,99,99,99,88,88,0,0,0,1,0
12,122965,1,1,0,1,1,1,1,11,633,29,12,2016,5,5,59,0,1,5,25,5,"40TH ST","",99998,26.27837778,-80.19788611,0,8,0,0,1,1,0,1,2,1,0,1,0,"0000000",99,99,99,99,99,99,0,0,0,1,0
12,122966,1,1,0,1,1,1,1,31,1510,10,12,2016,7,21,40,0,2,3,25,7,"WISTERIA ST","",99998,30.3757,-81.7034,0,9,0,0,1,1,0,1,3,1,0,1,0,"0000000",99,99,99,99,99,99,0,0,0,1,0
12,122967,1,1,0,1,1,1,1,99,820,11,12,2016,1,22,1,0,2,5,25,5,"LINTON BLVD","",99998,26.43959167,-80.09461111,0,8,0,0,1,1,0,1,3,2,0,2,0,"0000000",99,99,99,99,99,99,0,0,0,1,0
12,122968,1,1,0,1,1,1,1,69,1820,30,12,2016,6,18,10,1,2,2,1,2,"US-441","",99998,28.82314444,-81.78706111,0,8,0,0,1,1,0,1,3,1,0,1,0,"0000000",99,99,99,99,99,99,0,0,0,1,0
12,122969,1,1,0,0,0,1,1,103,570,1,12,2016,5,1,55,0,2,3,25,7,"FAIRMONT ST","",99998,27.98274444,-82.79026111,0,30,0,0,1,1,0,4,3,1,0,1,0,"0000000",99,99,99,99,88,88,0,0,0,1,0
12,122970,1,1,0,1,1,1,1,103,570,1,12,2016,5,14,5,0,2,5,25,5,"MISSOURI AVE","JEFFORDS ST",99998,27.95351944,-82.78750278,0,8,0,1,2,2,0,1,1,1,0,1,0,"0000000",99,99,99,99,99,99,0,0,0,1,0
12,122971,1,1,0,0,0,1,1,103,2806,21,12,2016,4,2,27,1,2,3,1,3,"SR-66","",99998,27.813075,-82.78755556,0,1,0,0,1,1,0,4,3,1,0,1,0,"0000000",99,99,99,99,88,88,0,0,0,1,1
12,122972,2,2,0,0,0,2,2,99,290,7,12,2016,4,4,20,1,2,1,1,1,"I-5","",99998,26.36816111,-80.11835,0,12,6,0,1,1,0,1,3,1,0,1,0,"0000000",99,99,99,99,88,88,0,0,0,1,0
12,122973,1,1,0,1,1,1,1,86,0,15,12,2016,5,20,14,0,2,5,25,5,"NW 169TH ST","",99998,25.92641944,-80.32265556,0,8,0,0,1,1,0,1,3,1,0,1,0,"0000000",99,99,99,99,88,88,0,0,0,1,0
12,122974,3,3,0,0,0,4,4,127,920,3,3,2016,5,12,32,1,2,3,1,2,"US-1","CORY DR",99998,28.94261667,-80.88199444,0,12,6,0,3,3,0,1,1,1,0,1,0,"0000000",99,99,99,99,88,88,0,0,0,1,0
12,122975,2,2,0,0,0,3,3,55,130,28,11,2016,2,18,35,1,2,3,1,3,"SR-98","COLLEGE DR",99998,27.56993889,-81.51433056,0,12,2,0,2,2,0,1,3,1,0,1,0,"0000000",99,99,99,99,99,99,0,0,0,1,0
12,122976,1,1,0,1,1,1,1,57,2950,6,3,2016,1,16,55,0,2,7,25,6,"HOWARD AVE N","CORDELIA ST W",99998,27.96887222,-82.48278333,0,8,0,0,2,2,0,1,1,1,0,1,0,"0000000",99,99,99,99,88,88,0,0,0,1,0
12,122977,1,1,0,0,0,1,1,127,2580,18,3,2016,6,20,37,0,1,5,25,5,"TOWN WEST BLVD","SR-415",99998,29.11118056,-81.07005,0,33,0,0,3,3,0,3,3,10,0,10,0,"0000000",99,99,99,99,88,88,0,0,0,1,0
12,122978,1,1,0,0,0,1,1,1,1130,4,9,2016,1,23,33,1,2,3,1,2,"US-441","",99998,29.71299167,-82.35503889,0,33,0,0,1,1,0,4,3,10,0,10,0,"0000000",99,99,99,99,99,99,0,0,0,1,0
12,122979,1,1,0,1,1,1,1,5,1850,22,8,2016,2,8,17,0,2,5,25,4,"CR-389","DELAWARE AVE",99998,30.24043056,-85.63275,0,9,0,0,1,1,0,1,1,1,0,1,0,"0000000",99,99,99,99,99,99,0,0,0,1,0
12,122980,2,2,0,0,0,4,4,69,1630,14,5,2016,7,21,16,0,1,4,25,4,"CR-466","ROLLING ACRES RD",99998,28.91606111,-81.93714722,0,12,1,0,2,2,0,1,3,1,0,1,0,"0000000",99,99,99,99,99,99,0,0,0,1,1
12,122981,2,2,0,0,0,2,2,11,2541,21,12,2016,4,13,39,1,2,3,1,3,"SR-842","48TH AVE",99998,26.12100278,-80.214025,0,12,6,0,2,3,0,1,1,10,0,10,0,"0000000",99,99,99,99,99,99,0,0,0,1,0
12,122982,1,1,0,1,1,1,1,11,1927,16,12,2016,6,5,30,0,2,5,25,5,"ROCK ISLAND RD","SOUTHGATE BLVD",99998,26.22825833,-80.22104444,0,9,0,0,3,2,0,1,3,1,0,1,0,"0000000",99,99,99,99,99,99,0,0,0,1,0
12,122983,1,1,0,1,1,1,1,11,672,28,12,2016,4,19,33,0,2,5,25,5,"RIVERSIDE DR","",99998,26.28576944,-80.234025,0,8,0,0,1,1,0,1,3,1,0,1,0,"0000000",99,99,99,99,99,99,0,0,0,1,0
12,122984,1,1,0,1,1,2,2,127,2190,20,10,2016,5,11,28,1,1,3,1,2,"US-1","",99998,29.04276111,-80.93403333,0,8,0,0,1,1,0,1,1,1,0,1,0,"0000000",99,99,99,99,99,99,0,0,0,1,0
12,122985,1,1,0,1,1,1,1,86,2010,1,2,2016,2,20,35,0,2,5,25,5,"22TH AVE","36TH ST",99998,25.80925278,-80.23203611,0,8,0,0,3,2,0,1,2,1,0,1,0,"0000000",99,99,99,99,99,99,0,0,0,1,0
12,122986,2,2,0,0,0,2,2,121,0,30,6,2016,5,14,20,1,2,3,1,2,"US-129","",99998,30.25188056,-82.988,0,12,2,0,1,1,0,1,1,2,0,2,0,"0000000",99,99,99,99,99,99,0,0,0,1,0
12,122987,1,1,0,1,1,1,1,103,1572,8,10,2016,7,22,44,0,1,5,25,5,"66TH ST","",99998,27.81481667,-82.72847778,0,8,0,0,1,1,0,1,3,1,0,1,0,"0000000",99,99,99,99,88,88,0,0,0,1,0
12,122988,1,1,0,1,1,1,1,11,1927,18,2,2016,5,19,0,0,1,7,25,6,"NW 69TH TER","NW 15TH ST",99998,26.24756111,-80.2182,0,8,0,0,3,3,0,1,5,1,0,1,0,"0000000",99,99,99,99,99,99,0,0,0,1,0
12,122989,2,2,0,0,0,2,2,86,2010,14,7,2016,5,0,22,0,2,5,25,5,"SW 37TH AVE","",99998,25.73116111,-80.25379722,0,42,0,0,1,1,0,3,3,1,0,1,0,"0000000",99,99,99,99,88,88,0,0,0,1,0
12,122990,1,1,0,0,0,1,1,86,2010,16,7,2016,7,8,50,0,2,5,25,5,"NW 13TH AVE","",99998,25.78631389,-80.22075833,0,3,0,0,1,1,0,5,1,1,0,1,0,"0000000",99,99,99,99,99,99,0,0,0,1,0
12,122991,3,3,0,0,0,6,6,85,2900,1,11,2016,3,19,23,0,1,5,25,5,"WILLOUGHBY BLVD","",99998,27.17429722,-80.24690278,0,12,2,0,1,1,0,1,5,1,0,1,0,"0000000",99,99,99,99,99,99,0,0,0,1,0
12,122992,1,1,0,1,1,1,1,11,1050,14,6,2016,3,20,58,1,2,3,1,3,"SR-938","",99998,26.13679722,-80.14808056,0,8,0,0,1,1,0,1,3,1,0,1,0,"0000000",99,99,99,99,99,99,0,0,0,1,0
12,122993,1,1,0,1,1,1,1,11,2570,1,6,2016,4,16,33,0,1,5,25,5,"15TH ST","46TH AV",99998,26.20971389,-80.18804167,0,8,0,0,3,2,0,1,1,1,0,1,0,"0000000",99,99,99,99,88,88,0,0,0,1,0
12,122994,1,1,0,0,0,2,2,11,2570,26,6,2016,1,6,0,0,2,5,25,5,"ANDREWS AVE","",99998,26.24938889,-80.276975,0,33,0,0,1,1,0,3,4,1,0,1,0,"0000000",99,99,99,99,99,99,0,0,0,1,0
12,122995,1,1,0,1,1,1,1,11,2260,24,7,2016,1,21,48,0,1,5,25,5,"COMMERCIAL BLVD","",99998,26.18897778,-80.12933056,0,8,0,0,1,1,0,1,3,1,0,1,0,"0000000",99,99,99,99,99,99,0,0,0,1,0
12,122996,2,2,0,0,0,2,2,111,2601,26,8,2016,6,20,9,0,2,3,25,7,"WALTON RD","VILLAGE GREEN DR",99998,27.29903889,-80.29716111,0,12,2,0,3,2,0,1,3,2,0,2,0,"0000000",99,99,99,99,88,88,0,0,0,1,1
12,122997,1,1,0,1,1,1,1,99,0,4,11,2016,6,21,32,0,1,7,25,6,"MILITARY TRL","CHERRY RD",99998,26.69707222,-80.11150556,0,8,0,1,3,2,0,1,3,1,0,1,0,"0000000",99,99,99,99,99,99,0,0,0,1,0
12,122998,2,2,0,0,0,2,2,85,2900,29,12,2016,5,22,41,1,1,3,1,2,"US-1","MONTEREY RD EXT",99998,27.17548333,-80.23424444,0,12,99,0,2,2,0,1,3,10,0,10,0,"0000000",99,99,99,99,99,99,0,0,0,1,1
12,122999,1,1,0,0,0,1,1,85,2900,29,10,2016,7,2,23,0,2,6,25,5,"MONTEREY ROAD","DIXIE HWY",99998,27.18132778,-80.23630556,0,43,0,0,3,2,0,4,3,1,0,1,0,"0000000",99,99,99,99,99,99,0,0,0,1,0
12,123000,1,1,0,0,0,1,1,99,0,5,9,2016,2,0,30,0,2,5,25,5,"115TH AVE N","167TH PLACE N",99998,26.92385278,-80.21600833,0,38,0,0,3,3,0,4,2,10,0,10,0,"0000000",99,99,99,99,88,88,0,0,0,1,1
12,123002,3,3,0,0,0,5,5,99,3190,16,7,2016,7,4,7,1,1,3,1,3,"SR-704","S MILTARY TRAIL",99998,26.70674444,-80.11117222,0,12,1,0,3,2,0,1,3,1,0,1,0,"0000000",99,99,99,99,99,99,0,0,0,1,1
12,123003,1,1,0,0,0,2,2,87,1580,29,8,2016,2,22,55,0,1,5,25,5,"ROOSEVELT BLVD","",99998,24.56437222,-81.75031944,0,33,0,0,1,1,0,4,3,1,0,1,0,"0000000",99,99,99,99,99,99,0,0,0,1,0
12,123004,1,1,0,0,0,1,1,1,1130,26,11,2016,7,0,43,0,2,5,25,5,"23RD AVE","43RD ST",99998,29.67412778,-82.38894444,0,33,0,0,3,2,0,4,3,1,0,1,0,"0000000",99,99,99,99,99,99,0,0,0,1,0
12,123005,1,1,0,1,1,1,1,9,0,30,12,2016,6,12,5,1,1,1,1,1,"I-95","",99998,28.11556111,-80.70581111,0,8,0,0,1,1,0,1,1,1,0,1,0,"0000000",99,99,99,99,99,99,0,0,0,1,0
12,123006,1,1,0,1,1,1,1,86,2010,29,5,2016,1,1,0,0,1,5,25,5,"8TH ST","",99998,25.76617778,-80.20081111,0,8,0,0,1,1,0,1,3,1,0,1,0,"0000000",99,99,99,99,99,99,0,0,0,1,0
12,123007,1,1,0,1,1,1,1,86,2010,12,8,2016,6,20,20,0,2,5,25,5,"27TH AVE","",99998,25.78805556,-80.23953611,0,8,0,0,1,1,0,1,3,1,0,1,0,"0000000",99,99,99,99,99,99,0,0,0,1,0
12,123008,2,1,1,0,0,1,1,5,0,6,12,2016,3,1,15,1,1,3,1,3,"SR-30","",99998,30.17896944,-85.798425,0,42,0,0,1,1,0,6,2,10,0,10,0,"0000000",99,99,99,99,88,88,0,0,0,1,1
12,123009,1,1,0,0,0,1,1,127,2375,6,11,2016,1,15,29,0,2,3,25,7,"BEACH ST","",99998,29.34206111,-81.085125,0,24,0,0,1,1,0,4,1,1,0,1,0,"0000000",99,99,99,99,99,99,0,0,0,1,0
12,123010,1,1,0,1,1,1,1,127,2850,10,10,2016,2,17,18,0,2,5,25,5,"REED CANAL RD","CITRUS AVE",99998,29.15651944,-81.01479167,0,9,0,0,1,1,0,1,1,1,0,1,0,"0000000",99,99,99,99,88,88,0,0,0,1,1
12,123011,1,1,0,0,0,1,1,127,2580,19,10,2016,4,18,10,1,1,3,1,3,"SR-5","HOWES ST",99998,29.12709444,-80.984675,0,1,0,0,3,3,0,1,1,1,0,1,0,"0000000",99,99,99,99,99,99,0,0,0,1,0
12,123012,2,2,0,0,0,2,2,57,0,11,12,2016,1,11,3,0,1,4,25,4,"CR-580","COUNTRY MEADOWS BL",99998,28.04752222,-82.12166667,0,12,6,0,2,3,0,1,1,10,0,10,0,"0000000",99,99,99,99,99,99,0,0,0,1,0
12,123013,1,1,0,0,0,1,1,57,2540,19,11,2016,7,2,30,0,2,3,25,7,"BOOT BAY RD","WHITEHURST RD",99998,28.02524444,-82.15819722,0,30,0,0,3,2,0,4,2,1,0,1,0,"0000000",99,99,99,99,88,88,0,0,0,1,0
12,123015,2,2,0,0,0,2,2,11,672,18,12,2016,1,22,6,1,1,3,1,3,"SR-7","",99998,26.28406944,-80.20181944,0,12,6,0,1,1,0,1,3,1,0,1,0,"0000000",99,99,99,99,88,88,0,0,0,1,0
12,123016,2,2,0,0,0,2,2,127,780,7,11,2016,2,7,16,1,1,3,1,3,"SR-5A","MADISON AVE",99998,29.21665556,-81.04640556,0,12,2,0,2,2,0,1,1,1,0,1,0,"0000000",99,99,99,99,99,99,0,0,0,1,0
12,123017,1,1,0,1,1,1,1,127,780,28,10,2016,6,23,1,1,1,3,1,3,"SR-A1A","",99998,29.25188889,-81.02028889,0,15,0,0,1,1,0,1,2,1,0,1,0,"0000000",99,99,99,99,99,99,0,0,0,1,0
12,123018,1,1,0,1,1,1,1,9,2785,11,10,2016,3,20,51,1,1,3,1,3,"SR-A1A","",99998,28.17844444,-80.59103889,0,8,0,0,1,1,0,1,3,1,0,1,0,"0000000",99,99,99,99,99,99,0,0,0,1,0
12,123019,1,1,0,1,1,1,1,86,0,22,11,2016,3,10,20,0,2,5,25,5,"72ND AVE","31ST ST",99998,25.80258056,-80.31318056,0,9,0,0,3,3,0,1,1,1,0,1,0,"0000000",99,99,99,99,99,99,0,0,0,1,0
12,123020,3,3,0,0,0,3,3,86,1340,30,12,2016,6,6,45,0,2,7,25,6,"10TH PL","42ND AVE",99998,25.81351111,-80.26471944,0,12,6,0,3,2,0,1,1,1,0,1,0,"0000000",99,99,99,99,88,88,0,0,0,1,0
12,123021,2,2,0,0,0,2,2,86,0,13,2,2016,7,17,56,0,2,4,25,5,"SW 104TH ST","SW 122ND AVE",99998,25.67169444,-80.39214722,0,12,6,0,2,2,0,1,1,1,0,1,0,"0000000",99,99,99,99,99,99,0,0,0,1,0
12,123022,2,2,0,0,0,2,2,86,0,8,3,2016,3,21,40,0,2,5,25,5,"SW 92ND AVE","SW 142ND ST",99998,25.63804167,-80.34199722,0,12,6,0,2,3,0,1,1,1,0,1,0,"0000000",99,99,99,99,99,99,0,0,0,1,0
12,123023,2,2,0,0,0,9,9,69,1820,9,8,2016,3,10,40,1,2,3,1,2,"US-441","FERN DR",99998,28.81796667,-81.84538333,0,12,6,0,3,3,0,1,1,10,0,10,0,"0000000",99,99,99,99,99,99,0,0,0,1,0
12,123024,1,1,0,0,0,1,1,99,290,11,11,2016,6,8,28,0,1,4,4,3,"SR-794","",99998,26.39461389,-80.08099722,0,18,0,0,6,1,0,1,1,1,0,1,0,"628163X",99,99,99,99,88,88,0,0,0,1,0
12,123025,2,2,0,0,0,2,2,99,290,12,8,2016,6,9,1,0,1,5,25,5,"COCO PLUM BLVD","59TH ST",99998,26.40175,-80.13265556,0,12,2,0,2,3,0,1,1,1,0,1,0,"0000000",99,99,99,99,99,99,0,0,0,1,0
12,123026,2,2,0,0,0,2,2,99,290,19,4,2016,3,10,53,1,1,3,1,3,"SR-809","VERDE TRAIL",99998,26.35730556,-80.12880556,0,12,6,0,2,2,0,1,1,1,0,1,0,"0000000",99,99,99,99,99,99,0,0,0,1,0
12,123027,2,2,0,0,0,4,4,9,2424,27,8,2016,7,1,20,0,1,7,25,6,"WINGHAM DR SW","TAFON CIR SW",99998,27.94660278,-80.70728333,0,12,6,0,2,3,0,1,2,1,0,1,0,"0000000",99,99,99,99,99,99,0,0,0,2,0
12,123028,1,1,0,0,0,2,2,69,2970,9,3,2016,4,0,42,0,2,5,25,5,"ST CLAIR AMRAMS AVE","LAKE FRANCES BLVD",99998,28.81292222,-81.72561944,0,42,0,0,3,3,0,5,2,1,0,1,0,"0000000",99,99,99,99,99,99,0,0,0,1,0
12,123030,2,2,0,0,0,3,3,11,672,20,8,2016,7,2,30,1,2,3,1,2,"US-441","WILES RD",99998,26.28623889,-80.20206667,0,12,1,0,3,2,0,1,3,1,0,1,0,"0000000",99,99,99,99,99,99,0,0,0,1,0
12,123031,2,2,0,0,0,6,6,11,672,27,12,2016,3,10,43,0,2,6,25,5,"W SAMPLE RD","NW 101 AVE",99998,26.27245556,-80.26046944,0,12,6,0,2,2,0,1,1,1,0,1,0,"0000000",99,99,99,99,99,99,0,0,0,1,0
12,123032,2,2,0,2,2,3,3,86,2023,6,6,2016,2,23,44,0,2,5,25,5,"37TH AVE","",99998,25.94088889,-80.26137778,0,8,0,0,1,1,0,1,3,10,0,10,0,"0000000",99,99,99,99,99,99,0,0,0,1,0
12,123033,1,1,0,1,1,1,1,103,2730,16,8,2016,3,19,45,0,1,5,25,5,"7TH ST","",99998,27.78815278,-82.64250833,0,8,0,0,1,1,0,1,5,1,0,1,0,"0000000",99,99,99,99,99,99,0,0,0,1,0
12,123034,1,1,0,1,1,2,2,57,2950,13,8,2016,7,23,4,0,2,5,25,5,"HILLSBOROUGH AVE","",99998,27.99601111,-82.51183889,0,8,0,0,1,1,0,1,2,1,0,1,0,"0000000",99,99,99,99,99,99,0,0,0,1,0
12,123035,2,2,0,0,0,2,2,105,0,15,11,2016,3,9,45,1,2,3,1,2,"US-92","",99998,28.06021667,-81.79929167,0,12,6,0,1,1,0,1,1,1,0,1,0,"0000000",99,99,99,99,99,99,0,0,0,1,0
12,123036,2,2,0,0,0,5,5,105,0,28,10,2016,6,6,24,1,2,3,1,2,"US-27","PRINCETON AVE",99998,27.69137778,-81.56349167,0,12,6,0,2,3,0,1,3,1,0,1,0,"0000000",99,99,99,99,99,99,0,0,0,2,0