"STATE","ST_CASE","VE_TOTAL","VE_FORMS","PVH_INVL","PEDS","PERNOTMVIT","PERMVIT","PERSONS","COUNTY","CITY","DAY","MONTH","YEAR","DAY_WEEK","HOUR","MINUTE","NHS","RUR_URB","FUNC_SYS","RD_OWNER","ROUTE","TWAY_ID","TWAY_ID2","MILEPT","LATITUDE","LONGITUD","SP_JUR","HARM_EV","MAN_COLL","RELJCT1","RELJCT2","TYP_INT","WRK_ZONE","REL_ROAD","LGT_COND","WEATHER1","WEATHER2","WEATHER","SCH_BUS","RAIL","NOT_HOUR","NOT_MIN","ARR_HOUR","ARR_MIN","HOSP_HR","HOSP_MN","CF1","CF2","CF3","FATALS","DRUNK_DR"
13,130235,1,1,0,0,0,1,1,311,0,8,3,2016,3,18,26,0,1,7,2,4,"CR-MAY WHITE RD","",19,34.51471111,-83.68111944,0,34,0,0,1,1,0,4,5,1,0,1,0,"0000000",99,99,99,99,99,99,0,0,0,1,0
13,130236,2,2,0,0,0,2,2,51,4910,9,3,2016,4,16,55,0,2,4,4,6,"HARMON ST","E MAUPAS AVE",2,32.05043333,-81.08711111,0,12,6,0,2,2,0,1,1,1,0,1,0,"0000000",99,99,99,99,99,99,0,0,0,1,0
13,130237,2,2,0,0,0,2,2,89,0,9,3,2016,4,12,35,1,2,1,1,1,"I-285","",78,33.86505833,-84.248675,0,12,6,0,1,1,0,1,1,1,0,1,0,"0000000",99,98,99,98,88,88,0,0,0,1,0
13,130239,2,2,0,0,0,3,3,213,0,9,3,2016,4,11,23,0,1,5,1,3,"SR-225","",41,34.94955833,-84.77694167,0,34,0,0,1,1,0,4,1,1,0,1,0,"0000000",99,98,99,98,88,88,14,0,0,1,0
13,130240,1,1,0,0,0,2,2,221,0,9,3,2016,4,13,1,0,1,7,2,4,"CR-MEYER FARM RD","",6,33.9193,-83.21070278,0,42,0,0,1,1,0,4,1,1,0,1,0,"0000000",99,99,99,99,99,99,0,0,0,1,0
13,130241,1,1,0,1,1,2,2,97,1770,10,3,2016,5,13,40,1,2,3,1,3,"SR-5","STEWART PKWY",123,33.71843889,-84.7649,0,8,0,0,3,3,0,1,1,1,0,1,0,"0000000",13,47,13,57,14,34,0,0,0,1,0
13,130242,2,1,1,0,1,3,4,189,0,10,3,2016,5,16,49,1,1,1,1,1,"I-20","",38,33.50744722,-82.535925,0,14,0,0,1,1,0,4,1,1,0,1,0,"0000000",99,99,99,99,99,99,0,0,0,1,0
13,130243,2,2,0,0,0,2,2,155,0,11,3,2016,6,4,25,0,1,3,1,2,"US-319 / SR-35","",79,31.58185,-83.28396944,0,12,2,0,1,1,0,1,2,1,0,1,0,"0000000",99,99,99,99,88,88,0,0,0,2,0
13,130244,2,2,0,0,0,3,3,185,5680,11,3,2016,6,21,21,0,2,4,4,6,"N FORREST ST","",0,30.853925,-83.26607222,0,12,2,0,1,1,0,1,3,1,0,1,0,"0000000",21,21,21,25,21,45,0,0,0,1,1
13,130245,2,2,0,0,0,2,2,285,0,11,3,2016,6,5,10,0,2,4,1,3,"SR-109","",50,33.03012222,-85.15050833,0,12,2,0,1,1,0,1,2,10,0,10,0,"0000000",99,98,99,98,88,88,0,0,0,1,0
13,130246,2,2,0,0,0,3,3,63,4690,12,3,2016,7,18,45,1,2,3,1,3,"SR-138","",32,33.54306667,-84.40043889,0,12,6,0,8,1,0,1,3,1,0,1,0,"0000000",99,99,99,99,99,99,0,0,0,1,0
13,130247,1,1,0,0,0,1,1,121,280,12,3,2016,7,3,24,1,2,1,1,1,"I-75","",169,99.9999,999.9999,0,1,0,0,1,1,0,1,3,1,0,1,0,"0000000",3,25,3,31,3,40,0,0,0,1,0
13,130248,2,2,0,0,0,3,3,299,0,12,3,2016,7,19,30,1,1,3,1,2,"US-1 / SR-4","",30,31.03995,-82.15903333,0,12,2,0,1,1,0,1,2,1,0,1,0,"0000000",99,99,99,99,99,99,0,0,0,1,1
13,130249,2,2,0,0,0,2,2,299,0,12,3,2016,7,22,15,0,1,5,2,4,"CR-TELMORE DIXIE UNION RD","",58,31.33998056,-82.48195,0,12,2,0,1,1,0,1,2,1,0,1,0,"0000000",99,99,99,99,99,99,0,0,0,2,2
13,130250,1,1,0,0,0,1,1,127,0,13,3,2016,1,16,15,1,2,1,1,1,"I-95","",43,31.17213056,-81.55012778,0,38,0,0,1,1,0,4,1,2,0,2,0,"0000000",99,98,99,98,88,88,0,0,0,1,0
13,130251,2,1,1,0,3,1,4,137,380,13,3,2016,1,11,50,1,2,3,1,2,"US-23 / SR-365","",46,34.49761389,-83.5749,0,14,0,0,1,1,0,4,1,10,0,10,0,"0000000",99,99,99,99,99,99,0,0,0,2,1
13,130252,1,1,0,0,0,3,3,145,0,13,3,2016,1,4,5,0,1,4,1,3,"SR-103","",89,32.81365833,-85.10393889,0,42,0,0,1,1,0,4,2,10,0,10,0,"0000000",99,99,99,99,99,99,0,0,0,1,1
13,130253,1,1,0,0,0,1,1,159,0,13,3,2016,1,0,28,0,1,4,1,3,"SR-83","",189,33.36524722,-83.62558333,0,24,0,0,1,1,0,4,2,10,0,10,0,"0000000",99,98,99,98,88,88,0,0,0,1,0
13,130254,1,1,0,1,1,1,1,51,4910,14,3,2016,2,7,10,1,2,3,4,6,"OGECHEE RD","",105,32.05335,-81.14401944,0,8,0,0,1,1,0,1,3,1,0,1,0,"0000000",7,10,7,18,7,28,0,0,0,1,0
13,130255,1,1,0,0,0,1,1,67,0,14,3,2016,2,12,6,1,2,3,1,3,"SR-120 / ROSWELL RD","ROBINSON RD",158,33.978,-84.44061944,0,59,0,0,3,3,0,4,1,10,0,10,0,"0000000",99,99,99,99,99,99,0,0,0,1,0
13,130256,2,2,0,0,0,2,2,121,9997,14,3,2016,2,22,56,0,2,4,1,3,"SR-9","CREEK CLUB DR",294,34.12600278,-84.26636667,0,12,2,0,3,3,0,1,2,10,0,10,0,"0000000",22,56,23,6,23,31,0,0,0,1,0
13,130257,1,1,0,0,0,1,1,145,0,14,3,2016,2,19,20,0,1,4,1,2,"US-27 / SR-1","",50,32.66743889,-84.85868889,0,30,0,0,1,1,0,4,1,1,0,1,0,"0000000",99,98,99,98,88,88,0,0,0,1,0
13,130258,1,1,0,1,1,0,0,161,0,15,3,2016,3,18,42,0,1,7,2,4,"CR-MARY CORNISH RD","KIRKLAND STILL RD",0,31.84376111,-82.694125,0,8,0,0,3,3,0,1,2,1,0,1,0,"0000000",99,99,99,99,99,99,23,0,0,1,0
13,130259,1,1,0,0,0,1,1,59,270,16,3,2016,4,19,10,0,2,4,4,6,"DANIELSVILLE RD","",29,33.995775,-83.35395556,0,42,0,0,1,1,0,4,1,1,0,1,0,"0000000",99,98,99,98,88,88,0,0,0,1,0
13,130260,3,3,0,0,0,4,4,121,280,16,3,2016,4,1,10,1,2,1,1,1,"I-285","",543,33.65208056,-84.36721111,0,12,1,0,1,1,0,1,2,1,0,1,0,"0000000",99,99,99,99,99,99,0,0,0,1,2
13,130261,1,1,0,0,0,1,1,143,0,16,3,2016,4,17,30,0,1,5,1,3,"SR-100","",27,33.69687778,-85.26393333,0,34,0,0,1,1,0,4,1,1,0,1,0,"0000000",99,98,99,98,88,88,0,0,0,1,0
13,130262,2,2,0,0,0,2,2,89,0,11,2,2016,5,14,16,0,2,7,2,4,"CR-BREEZY LANE","",2,33.81655833,-84.32598333,0,12,6,0,8,1,0,1,1,1,0,1,0,"0000000",14,16,14,25,14,55,0,0,0,1,0
13,130263,2,2,0,0,0,2,2,63,0,12,2,2016,6,15,39,1,2,3,1,3,"SR-3","POSTON ROAD",57,33.50517778,-84.35259444,0,12,1,0,3,2,0,1,1,1,0,1,0,"0000000",15,34,15,40,16,0,0,0,0,1,0
13,130264,2,2,0,0,0,3,3,215,1280,19,2,2016,6,16,6,1,2,3,4,3,"SR-520","10TH AVENUE",10,32.45085556,-84.97994444,0,12,2,0,2,4,0,1,1,1,0,1,0,"0000000",99,99,99,99,99,99,0,0,0,1,0
13,130265,2,2,0,0,0,4,4,289,0,19,2,2016,6,18,23,1,1,3,1,3,"SR-57","RIDGE ROAD",5,32.850925,-83.48477222,0,12,6,0,2,2,0,1,1,1,0,1,0,"0000000",18,28,18,36,19,22,0,0,0,1,0
13,130266,1,1,0,0,0,2,2,159,3730,16,3,2016,4,20,56,0,1,5,1,3,"SR-212","",196,33.26323611,-83.57673056,0,35,0,0,1,1,0,4,2,1,0,1,0,"0000000",99,99,99,99,99,99,0,0,0,1,1
13,130267,2,2,0,0,0,2,2,9,3620,17,3,2016,5,16,48,1,2,3,1,3,"SR-49","BLANDY ROAD",89,33.07033056,-83.26040556,0,12,6,0,2,3,0,1,1,10,0,10,0,"0000000",99,99,99,99,88,88,0,0,0,1,0
13,130268,2,2,0,0,0,2,2,15,980,17,3,2016,5,16,12,0,2,4,1,3,"SR-113","OLD ALABAMA ROAD",66,34.11679167,-84.86826389,0,12,6,0,2,3,0,1,1,10,0,10,0,"0000000",16,11,16,22,17,8,0,0,0,1,0
13,130269,1,1,0,3,3,1,1,121,4790,17,3,2016,5,16,29,1,2,3,1,3,"SR-9","",196,34.02924167,-84.35636667,0,8,0,0,1,1,0,4,1,1,0,1,0,"0000000",99,99,99,99,99,99,0,0,0,2,0
13,130270,1,1,0,0,0,1,1,135,800,17,3,2016,5,15,41,1,2,1,1,1,"I-985","",37,34.07433611,-84.00279444,0,42,0,0,1,1,0,4,1,1,0,1,0,"0000000",15,42,15,54,16,3,0,0,0,1,1
13,130271,2,2,0,0,0,3,3,205,360,17,3,2016,5,12,10,1,1,3,1,3,"SR-3","BOWLES STREET",236,31.37044444,-84.16414722,0,12,6,0,2,2,0,1,1,10,0,10,0,"0000000",12,11,12,12,12,51,0,0,0,1,0
13,130272,1,1,0,0,0,1,1,303,5430,17,3,2016,5,12,45,0,2,4,4,6,"TENNILE OCONEE ROAD","",81,32.92870556,-82.836625,0,1,0,0,1,1,0,1,1,1,0,1,0,"0000000",99,98,99,98,88,88,0,0,0,1,0
13,130273,2,2,0,0,0,2,2,117,0,18,3,2016,6,3,22,0,2,7,2,4,"CR-NORTH OLD ATLANTA ROAD","",10,34.18833333,-84.15227222,0,1,0,0,1,1,0,4,2,1,0,1,0,"0000000",3,27,3,31,88,88,0,0,0,1,0
13,130274,2,2,0,0,0,3,3,121,280,18,3,2016,6,10,38,0,2,6,4,6,"MCDANIEL STREET","WHITEHALL STREET",8,33.74358333,-84.40398889,0,12,6,0,2,2,0,1,1,1,0,1,0,"0000000",10,40,10,45,11,4,0,0,0,1,0
13,130275,1,1,0,0,0,1,1,297,890,18,3,2016,6,23,4,0,2,4,1,3,"SR-11","",156,33.85446111,-83.72213889,0,1,0,0,1,1,0,4,2,10,0,10,0,"0000000",99,98,99,98,88,88,0,0,0,1,0
13,130276,2,2,0,0,0,4,4,13,0,19,3,2016,7,4,6,1,2,3,2,4,"CR-UNIVERSITY PARKWAY","PATRICK MILL ROAD",21,33.96201667,-83.79623333,0,12,6,0,2,2,0,1,2,1,0,1,0,"0000000",4,6,4,14,4,44,0,0,0,2,1
13,130277,4,4,0,0,0,5,5,63,1250,19,3,2016,7,2,11,1,2,1,1,1,"I-285","",45,33.60966667,-84.43626111,0,12,1,0,1,1,0,1,2,10,0,10,0,"0000000",99,98,99,98,99,98,0,0,0,1,0
13,130278,1,1,0,0,0,2,2,99,550,19,3,2016,7,11,15,0,1,7,4,6,"FRYER ROAD","",32,31.30428889,-84.94939167,0,1,0,0,1,1,0,1,1,10,0,10,0,"0000000",11,20,11,28,11,54,0,0,0,1,0
13,130279,1,1,0,0,0,1,1,139,2285,19,3,2016,7,23,30,0,1,6,4,6,"YELLOW CREEK ROAD","",12,34.43300278,-83.931625,0,53,0,0,1,1,0,4,2,10,0,10,0,"0000000",99,99,99,99,88,88,0,0,0,1,1
13,130280,1,1,0,0,0,2,2,285,3050,19,3,2016,7,4,35,1,2,3,4,3,"SR-109","",144,33.04197778,-84.98329167,0,59,0,0,1,1,0,4,3,10,0,10,0,"0000000",4,36,4,48,5,35,0,0,0,1,0
13,130281,2,2,0,0,0,3,3,67,0,20,3,2016,1,14,8,0,2,6,2,4,"CR-FREY ROAD","PARLIAMENT GARDEN WAY",7,34.04032778,-84.58025278,0,12,2,0,2,3,0,1,1,1,0,1,0,"0000000",14,9,14,13,14,45,0,0,0,1,0
13,130282,1,1,0,0,0,2,2,129,860,20,3,2016,1,0,15,0,2,4,1,3,"SR-3","",12,34.60775278,-84.950675,0,59,0,0,1,1,0,4,2,1,0,1,0,"0000000",0,36,0,56,1,54,0,0,0,1,1
13,130283,1,1,0,0,0,3,3,233,0,21,3,2016,2,22,58,0,2,6,2,4,"CR-ANTIOCH ROAD","",33,33.95756944,-85.22213056,0,34,0,0,1,1,0,4,2,1,0,1,0,"0000000",99,99,99,99,99,99,0,0,0,1,0
13,130284,1,1,0,1,1,2,2,295,0,21,3,2016,2,20,55,0,2,4,1,3,"SR-2","HOGAN ROAD",24,34.94866944,-85.29246111,0,8,0,0,2,2,0,1,2,10,0,10,0,"0000000",20,54,20,56,21,14,0,0,0,1,0
13,130285,1,1,0,1,1,1,1,89,0,23,3,2016,4,2,57,1,2,1,1,1,"I-20","I-285",71,33.71538611,-84.247725,0,8,0,0,1,1,0,1,2,1,0,1,0,"0000000",99,98,99,98,88,88,0,0,0,1,0
13,130286,2,2,0,0,0,2,2,139,2160,23,3,2016,4,13,12,0,2,4,4,6,"LANIER ISLAND PARKWAY","MCEVER ROAD",24,34.14933056,-83.97300278,0,12,2,0,2,2,0,1,1,1,0,1,0,"0000000",99,99,99,99,99,99,0,0,0,1,0
13,130287,2,2,0,0,0,3,3,15,0,24,3,2016,5,20,49,0,2,4,2,4,"CR-GLADE ROAD","",16,34.10019444,-84.68336944,0,12,2,0,1,1,0,1,2,10,0,10,0,"0000000",99,98,99,98,88,88,0,0,0,1,0
13,130288,1,1,0,1,1,2,2,67,3440,24,3,2016,5,1,18,1,2,1,1,1,"I-75","",57,33.94471111,-84.51061667,0,8,0,0,1,1,1,1,2,1,0,1,0,"0000000",99,99,99,98,88,88,19,0,0,1,0
13,130289,1,1,0,0,0,1,1,89,0,24,3,2016,5,17,47,0,2,7,4,6,"SHEPPARD ROAD","OWENS MILL DRIVE",3,33.79388611,-84.18470278,0,42,0,0,3,3,0,4,5,2,0,2,0,"0000000",99,98,99,98,88,88,0,0,0,1,0
13,130290,2,2,0,0,0,2,2,135,1810,24,3,2016,5,15,46,0,2,4,1,3,"SR-120","MEADOW CHURCH ROAD",55,33.978325,-84.10244444,0,12,6,0,2,2,0,1,1,10,0,10,0,"0000000",15,46,15,52,16,6,0,0,0,1,0
13,130291,2,2,0,0,0,3,3,141,5120,24,3,2016,5,5,55,1,1,3,1,3,"SR-15","SR-16",92,33.27628889,-82.97052778,0,59,0,0,3,2,0,4,1,10,0,10,0,"0000000",99,99,99,99,99,99,0,0,0,1,0
13,130292,2,2,0,0,0,2,2,157,2810,24,3,2016,5,20,5,0,1,5,1,3,"SR-332","",69,34.14078889,-83.67876111,0,12,6,0,1,1,0,1,2,10,0,10,0,"0000000",20,3,20,12,88,88,0,0,0,1,0
13,130293,2,2,0,0,0,2,2,63,4690,25,3,2016,6,16,10,1,2,3,1,3,"SR-138","COMMERCE BLVD.",23,33.55029444,-84.41829444,0,12,6,0,2,3,0,1,1,1,0,1,0,"0000000",99,99,99,99,99,99,20,0,0,1,0
13,130294,1,1,0,0,0,1,1,77,0,25,3,2016,6,14,50,0,2,7,2,4,"CR-WALT SANDERS ROAD","",0,33.44150556,-84.73764722,0,10,0,0,6,1,0,1,1,1,0,1,0,"050420R",99,99,99,99,88,88,0,0,0,1,0
13,130295,3,3,0,0,0,4,4,89,0,25,3,2016,6,14,5,0,2,4,1,3,"SR-12","GLEN BRIAR WAY",70,33.72188889,-84.16172222,0,12,6,0,2,3,0,1,1,1,0,1,0,"0000000",14,7,14,15,14,35,0,0,0,1,0
13,130296,2,2,0,0,0,6,6,59,270,26,3,2016,7,12,16,1,2,3,1,3,"SR-8","",75,33.954925,-83.38826111,0,12,6,0,1,1,0,1,1,1,0,1,0,"0000000",12,17,12,20,12,40,0,0,0,2,0
13,130297,1,1,0,0,0,1,1,67,0,26,3,2016,7,2,57,1,2,1,1,1,"I-75","",121,34.00531944,-84.56483611,0,24,0,0,1,1,0,3,2,1,0,1,0,"0000000",99,99,99,99,99,99,0,0,0,1,1
13,130298,1,1,0,0,0,1,1,95,0,26,3,2016,7,22,39,0,1,4,1,3,"SR-91","",9,31.44807222,-84.26345833,0,38,0,0,1,1,0,4,2,10,0,10,0,"0000000",99,98,99,98,88,88,0,0,0,1,1
13,130299,1,1,0,0,0,1,1,97,0,26,3,2016,7,11,38,0,2,7,2,4,"CR-COUNTY LINE ROAD","",30,33.78496944,-84.66836111,0,35,0,0,1,1,0,4,1,10,0,10,0,"0000000",11,41,11,54,12,19,0,0,0,1,0
13,130300,2,2,0,0,0,2,2,121,0,26,3,2016,7,9,45,0,2,7,2,4,"CR-BOHANNON ROAD","",20,33.52614444,-84.58574722,0,12,2,0,1,1,0,1,1,2,0,2,0,"0000000",9,48,10,1,10,39,0,0,0,1,0
13,130301,2,2,0,0,0,3,3,135,3100,26,3,2016,7,15,21,0,2,4,1,3,"SR-120","MCKENDREE CHURCH ROAD",98,33.97353056,-84.03204167,0,12,6,0,2,2,0,1,1,10,0,10,0,"0000000",15,22,15,41,15,43,0,0,0,2,0
13,130302,1,1,0,0,0,1,1,107,5600,27,3,2016,1,18,5,0,1,4,1,3,"SR-121","",17,32.593975,-82.02293889,0,34,0,0,1,1,0,4,1,2,0,2,0,"0000000",18,17,18,38,19,56,0,0,0,1,1
13,130303,2,2,0,0,0,4,4,139,9997,27,3,2016,1,15,34,0,2,4,1,3,"SR-53","HOWINGTON ROAD",183,34.16066944,-83.82483889,0,12,6,0,2,3,0,1,1,10,0,10,0,"0000000",15,27,15,59,16,27,0,0,0,1,0
13,130304,1,1,0,0,0,2,2,149,0,27,3,2016,1,17,50,0,1,4,1,3,"SR-34","",29,33.22905278,-85.21584167,0,32,0,0,1,1,0,4,1,10,0,10,0,"0000000",17,50,18,2,18,51,0,0,0,1,0
13,130305,2,2,0,0,0,5,5,47,0,28,3,2016,2,13,51,0,2,4,2,4,"CR-LAFAYETTE ROAD","FORREST ROAD",4,34.94865833,-85.258925,0,12,6,0,2,2,0,1,1,1,0,1,0,"0000000",99,99,99,99,99,99,0,0,0,1,0
13,130306,4,4,0,0,0,6,6,67,0,28,3,2016,2,20,57,0,2,4,1,3,"SR-139","DISCOVERY BLVD.",1,33.78076944,-84.53626667,0,12,6,0,2,2,0,1,2,10,0,10,0,"0000000",20,58,21,4,21,43,0,0,0,1,1
13,130308,2,2,0,0,0,2,2,127,5439,28,3,2016,2,8,26,0,2,4,1,3,"SR-303","",19,31.16398333,-81.55762222,0,12,2,0,1,1,0,1,1,1,0,1,0,"0000000",99,98,99,98,88,88,0,0,0,1,0
13,130309,1,1,0,1,1,1,1,63,2180,29,3,2016,3,5,12,0,2,4,4,6,"JONESBORO ROAD","",123,33.63386389,-84.35823889,0,8,0,0,1,1,0,1,3,1,0,1,0,"0000000",99,98,99,98,88,88,0,0,0,1,0
13,130310,2,2,0,0,0,3,3,177,0,29,3,2016,3,13,16,1,1,3,1,3,"SR-32","SR-91",169,31.72660556,-84.047075,0,12,6,0,2,2,0,1,1,1,0,1,0,"0000000",13,22,13,35,13,59,0,0,0,1,0
13,130311,2,2,0,0,0,2,2,215,1280,29,3,2016,3,10,33,1,2,3,4,6,"4TH STREET","",2,32.45335278,-84.99048056,0,12,7,0,1,1,0,1,1,1,0,1,0,"0000000",10,40,10,45,11,0,0,0,0,1,0
13,130312,2,2,0,0,0,2,2,223,1500,29,3,2016,3,15,13,1,2,3,1,3,"SR-6","OLD HARRIS ROAD",113,33.90306389,-84.81003056,0,12,6,0,2,2,0,1,1,1,0,1,0,"0000000",99,99,99,99,99,99,0,0,0,1,0
13,130314,2,2,0,0,0,2,2,169,0,30,3,2016,4,20,5,0,1,4,1,3,"SR-44","",71,33.08949722,-83.48452222,0,12,2,0,1,1,0,1,2,1,0,1,0,"0000000",20,4,20,11,21,14,0,0,0,1,0
13,130315,3,3,0,0,0,4,4,261,0,30,3,2016,4,19,0,0,2,7,1,3,"SR-49","DISTRICT LINE ROAD",53,32.117175,-84.16574444,0,12,6,0,2,3,0,1,1,1,0,1,0,"0000000",19,1,19,8,19,28,0,0,0,1,1
13,130316,4,4,0,0,0,5,5,29,4655,31,3,2016,5,13,54,1,2,3,1,3,"SR-25","SR-144",68,31.94985,-81.31233889,0,12,1,0,3,2,0,1,1,1,0,1,0,"0000000",99,99,99,99,99,99,0,0,0,1,0
13,130317,1,1,0,0,0,1,1,73,0,31,3,2016,5,15,46,0,1,7,2,4,"CR-DOUGLAS ROAD","",2,33.44588611,-82.27781667,0,42,0,0,1,1,0,4,1,1,0,1,0,"0000000",15,46,15,57,88,88,0,0,0,1,0
13,130318,1,1,0,0,0,1,1,191,0,31,3,2016,5,22,45,0,1,5,1,3,"SR-99","",172,31.50710833,-81.39527778,0,1,0,0,1,1,0,4,2,1,0,1,0,"0000000",99,98,99,98,88,88,0,0,0,1,1
13,130319,1,1,0,1,1,1,1,255,2510,31,3,2016,5,15,10,0,2,4,4,6,"SOUTH HILL STREET","HILLANDALE DRIVE",25,33.22748056,-84.26792222,0,9,0,0,2,3,0,1,1,10,0,10,0,"0000000",99,99,99,99,99,99,0,0,0,1,0
13,130320,2,2,0,0,0,2,2,63,2970,1,4,2016,6,23,18,1,2,3,1,3,"SR-138","",81,33.53575,-84.33218056,1,12,6,0,8,1,0,1,2,2,0,2,0,"0000000",23,18,23,31,23,46,0,0,0,1,0
13,130321,1,1,0,0,0,7,7,77,0,1,4,2016,6,20,7,1,2,1,1,1,"I-85","",221,33.49781389,-84.640625,0,1,0,0,1,1,0,1,5,2,0,2,0,"0000000",99,99,99,99,99,99,0,0,0,3,1
13,130322,2,2,0,0,0,2,2,89,0,1,4,2016,6,5,15,0,2,4,2,4,"CR-5148 / ROCKBRIDGE RD","",43,33.78591667,-84.22319722,0,12,2,0,1,1,0,1,2,2,0,2,0,"0000000",5,15,5,25,6,23,0,0,0,1,0
13,130323,1,1,0,0,0,1,1,97,0,1,4,2016,6,1,30,0,2,7,2,4,"CR-141 / BOMAR RD","",2,33.71604167,-84.69980278,0,43,0,0,1,1,0,4,2,2,0,2,0,"0000000",99,98,99,98,88,88,0,0,0,1,0
13,130324,2,2,0,0,0,3,3,143,690,1,4,2016,6,12,40,0,2,5,1,2,"US-27 BU","",11,33.71551389,-85.1426,0,12,6,0,8,1,0,1,1,10,0,10,0,"0000000",99,99,99,99,99,99,0,0,0,1,0
13,130325,1,1,0,0,0,1,1,27,0,2,4,2016,7,22,15,0,1,6,2,4,"CR-195 / DRY LAKE RD","",48,30.83545278,-83.68056389,0,53,0,0,1,1,0,4,2,1,0,1,0,"0000000",99,98,99,98,88,88,0,0,0,1,1
13,130326,2,2,0,0,0,3,3,35,0,2,4,2016,7,15,30,0,1,4,1,3,"SR-36","",137,33.35288056,-83.94568889,0,12,2,0,1,1,0,1,1,1,0,1,0,"0000000",99,99,99,99,99,99,0,0,0,1,0
13,130327,2,2,0,0,0,5,5,75,1000,2,4,2016,7,14,8,0,2,4,1,2,"US-41 / SR-7","OLD COFFEE RD",14,31.04546944,-83.39248333,0,12,6,0,2,2,0,1,1,1,0,1,0,"0000000",99,99,99,99,99,99,0,0,0,1,0
13,130328,1,1,0,0,0,1,1,89,3210,2,4,2016,7,6,20,0,2,4,2,4,"CR-599 / EVANS MILL RD","",20,33.6793,-84.14108333,0,42,0,0,1,1,0,4,2,2,0,2,0,"0000000",99,98,99,98,88,88,0,0,0,1,1
13,130329,2,2,0,0,0,2,2,135,0,2,4,2016,7,11,7,1,2,3,1,3,"SR-141 / PEACHTREE PKWY","WOODHILL DR",24,33.95349444,-84.23391944,0,12,6,0,2,2,0,1,1,1,0,1,0,"0000000",11,14,11,18,11,47,0,0,0,1,0
13,130330,1,1,0,1,1,1,1,135,9997,2,4,2016,7,15,37,0,2,7,4,6,"SAHALE FALLS DR","",99999,34.11830833,-83.82423333,0,8,0,0,1,1,0,1,1,1,0,1,0,"0000000",15,39,15,51,88,88,0,0,0,1,0
13,130331,1,1,0,0,0,4,4,201,0,2,4,2016,7,19,20,0,1,4,1,3,"SR-91","",186,31.18549167,-84.60737222,0,1,0,0,1,1,0,4,1,10,0,10,0,"0000000",99,99,99,99,99,99,5,0,0,3,0
13,130332,2,2,0,0,0,2,2,305,0,2,4,2016,7,18,15,0,1,7,2,4,"CR-91 / DENT RD","MADRAY SPRINGS RD",14,31.71862778,-81.98631667,0,12,6,0,2,2,0,1,1,1,0,1,0,"0000000",99,99,99,99,99,99,0,0,0,1,0
13,130333,1,1,0,0,0,1,1,63,2970,3,4,2016,1,0,20,0,2,4,2,4,"CR-1339 / WALT STEPHENS RD","",11,33.52038333,-84.32031111,0,52,0,0,1,1,0,4,2,1,0,1,0,"0000000",0,21,0,25,0,33,0,0,0,1,0
13,130334,1,1,0,0,0,1,1,121,280,3,4,2016,1,3,20,1,2,1,1,1,"I-75","",77,33.75254722,-84.37948333,0,25,0,0,1,1,0,3,3,1,0,1,0,"0000000",3,21,3,21,3,36,0,0,0,1,1
13,130335,1,1,0,0,0,2,2,159,0,3,4,2016,1,16,59,0,1,7,2,4,"CR-16 / PITTS CHAPEL RD","",31,33.46416944,-83.6696,0,34,0,0,1,1,0,4,1,1,0,1,0,"0000000",17,1,17,24,18,16,0,0,0,1,1
13,130336,1,1,0,0,0,1,1,209,0,4,4,2016,2,8,6,0,1,4,1,2,"US-221 / SR-135","",40,32.0156,-82.50880833,0,42,0,0,1,1,0,4,1,1,0,1,0,"0000000",8,7,8,23,9,36,0,0,0,1,0
13,130337,2,2,0,0,0,4,4,209,0,4,4,2016,2,19,18,0,1,4,1,3,"SR-135","OLD SAVANNAH RD",177,32.19899722,-82.46216667,0,12,6,0,2,2,0,1,1,1,0,1,0,"0000000",19,23,19,28,19,45,0,0,0,1,0
13,130338,1,1,0,0,0,2,2,39,0,5,4,2016,3,16,30,1,1,1,1,1,"I-95","",199,31.02458889,-81.65650278,0,38,0,0,1,1,0,5,1,1,0,1,0,"0000000",16,47,16,57,17,49,0,0,0,1,0
13,130339,2,2,0,0,0,3,3,195,940,5,4,2016,3,18,11,1,1,3,1,3,"SR-72","",162,34.04337778,-83.0337,0,12,8,0,1,1,0,1,1,1,0,1,0,"0000000",18,13,18,21,19,12,0,0,0,1,0
13,130340,1,1,0,0,0,2,2,213,0,5,4,2016,3,14,35,0,2,4,1,3,"SR-225","",84,34.71995,-84.81658056,0,1,0,0,1,1,0,1,1,1,0,1,0,"0000000",99,99,99,99,99,99,0,0,0,1,0
13,130341,2,2,0,0,0,2,2,247,1320,5,4,2016,3,15,19,1,2,3,1,3,"SR-138","",159,33.7047,-83.93785,0,12,2,0,1,1,0,1,1,1,0,1,0,"0000000",15,24,15,37,16,36,0,0,0,2,0
13,130342,1,1,0,1,1,1,1,253,1740,5,4,2016,3,6,55,0,1,5,1,3,"SR-91 ALT / N WILEY AVE","",18,31.05521667,-84.879175,0,8,0,0,1,1,0,1,4,1,0,1,0,"0000000",99,99,99,99,99,99,0,0,0,1,0
13,130343,1,1,0,0,0,1,1,21,3390,5,4,2016,3,16,28,0,2,5,2,4,"CR-73 / WESLEYAN DR","",21,32.909725,-83.71681389,0,32,0,0,1,1,0,4,1,1,0,1,0,"0000000",16,28,16,37,17,4,0,0,0,1,0