"STATE","ST_CASE","VE_TOTAL","VE_FORMS","PVH_INVL","PEDS","PERNOTMVIT","PERMVIT","PERSONS","COUNTY","CITY","DAY","MONTH","YEAR","DAY_WEEK","HOUR","MINUTE","NHS","RUR_URB","FUNC_SYS","RD_OWNER","ROUTE","TWAY_ID","TWAY_ID2","MILEPT","LATITUDE","LONGITUD","SP_JUR","HARM_EV","MAN_COLL","RELJCT1","RELJCT2","TYP_INT","WRK_ZONE","REL_ROAD","LGT_COND","WEATHER1","WEATHER2","WEATHER","SCH_BUS","RAIL","NOT_HOUR","NOT_MIN","ARR_HOUR","ARR_MIN","HOSP_HR","HOSP_MN","CF1","CF2","CF3","FATALS","DRUNK_DR"
13,130344,1,1,0,1,1,1,1,63,2970,6,4,2016,4,0,1,1,2,3,1,2,"US-19 /41 / TARA BLVD","",81,33.54205278,-84.367125,0,8,0,0,1,1,0,1,3,1,0,1,0,"0000000",0,1,0,6,0,21,0,0,0,1,0
13,130345,1,1,0,1,1,1,1,121,280,6,4,2016,4,17,40,0,2,7,4,6,"SHIRLEY ST","",2,33.73330278,-84.45060833,0,8,0,0,1,1,0,1,1,1,0,1,0,"0000000",17,44,17,52,18,0,0,0,0,1,0
13,130346,1,1,0,1,1,1,1,151,0,6,4,2016,4,18,49,0,2,4,2,4,"CR-652 / LOWER WOOLSEY RD","",35,33.38185556,-84.30659444,0,9,0,0,1,1,0,1,5,10,0,10,0,"0000000",18,49,18,56,19,19,0,0,0,1,0
13,130347,1,1,0,0,0,1,1,179,0,6,4,2016,4,3,36,0,2,5,1,3,"SR-196","",47,31.82991944,-81.68186944,0,53,0,0,1,1,0,4,2,1,0,1,0,"0000000",3,37,3,50,88,88,0,0,0,1,0
13,130348,2,2,0,0,0,2,2,297,0,6,4,2016,4,6,22,0,1,4,1,2,"US-278 / SR-12","",3,33.62136111,-83.6871,0,12,2,0,1,1,0,1,2,1,0,1,0,"0000000",99,98,99,98,88,88,0,0,0,2,0
13,130349,2,2,0,0,0,4,4,97,1770,7,4,2016,5,20,24,0,2,4,4,6,"DOUGLAS BLVD","",8,33.72478611,-84.761475,0,12,6,0,8,1,0,1,3,1,0,1,0,"0000000",20,20,20,25,88,88,0,0,0,1,0
13,130350,1,1,0,0,0,1,1,15,0,8,4,2016,6,19,28,0,2,4,1,3,"SR-140","",32,34.37586667,-84.95338889,0,42,0,0,1,1,0,4,5,10,0,10,0,"0000000",99,99,99,99,88,88,0,0,0,1,0
13,130351,1,1,0,0,0,2,2,105,0,8,4,2016,6,17,30,0,1,6,2,4,"CR-39 / BAKERS FERRY RD","",37,34.06120833,-82.79404722,0,1,0,0,1,1,0,1,1,1,0,1,0,"0000000",17,32,17,40,99,99,0,0,0,1,1
13,130352,1,1,0,1,1,1,1,303,4880,8,4,2016,6,21,50,0,2,7,4,6,"E CHURCH ST","S SMITH ST",2,32.98136667,-82.80838333,0,9,0,0,2,2,0,1,3,1,0,1,0,"0000000",99,99,99,99,99,99,0,0,0,1,0
13,130353,1,1,0,0,0,1,1,67,0,9,4,2016,7,3,58,1,2,3,1,3,"SR-120","",177,33.97935278,-84.46252778,0,33,0,0,1,1,0,3,2,1,0,1,0,"0000000",3,58,4,1,4,31,0,0,0,1,1
13,130354,1,1,0,0,0,2,2,237,1930,9,4,2016,7,20,59,0,1,7,4,6,"NICKS WAY","",1,33.307,-83.42111667,0,53,0,0,1,1,0,4,2,1,0,1,0,"0000000",21,5,21,32,22,20,0,0,0,1,0
13,130355,1,1,0,0,0,1,1,255,2510,9,4,2016,7,3,45,0,2,4,4,6,"EXPERIMENT ST","",7,33.25833889,-84.27835833,0,33,0,0,1,1,0,4,2,1,0,1,0,"0000000",99,99,99,99,88,88,0,0,0,1,1
13,130356,1,1,0,0,0,1,1,267,0,9,4,2016,7,12,0,0,1,4,1,3,"SR-23","",117,31.99059722,-82.00046944,0,32,0,0,1,1,0,4,1,1,0,1,0,"0000000",13,51,13,55,88,88,0,0,0,1,0
13,130357,2,2,0,0,0,7,7,15,0,17,4,2016,1,15,48,0,2,4,1,3,"SR-113","",80,34.13085,-84.84991944,0,1,0,0,1,1,0,1,1,1,0,1,0,"0000000",15,45,15,57,16,23,19,0,0,1,0
13,130358,2,2,0,0,0,2,2,51,4910,10,4,2016,1,16,58,1,2,1,1,1,"I-16","",24,32.00264722,-81.2846,0,12,7,1,20,1,0,1,1,1,0,1,0,"0000000",17,2,17,19,17,51,0,0,0,1,1
13,130359,2,2,0,0,0,2,2,77,0,10,4,2016,1,0,30,1,2,1,1,1,"I-85","",71,33.32099444,-84.77986667,0,12,2,0,1,1,0,1,2,1,0,1,0,"0000000",99,99,99,99,99,99,0,0,0,1,1
13,130360,1,1,0,0,0,2,2,135,0,10,4,2016,1,13,10,1,2,3,1,4,"CR-6512 / SUGARLOAF PKWY","WOODHAVEN DR",111,33.94838889,-84.04699444,0,33,0,0,1,1,0,4,1,10,0,10,0,"0000000",13,8,13,14,14,19,0,0,0,1,1
13,130361,1,1,0,0,0,5,5,287,0,10,4,2016,1,17,45,1,1,1,1,1,"I-75","",43,31.65360833,-83.59790833,0,1,0,0,1,1,0,4,1,1,0,1,0,"0000000",99,99,99,99,99,99,0,0,0,2,0
13,130362,2,2,0,0,0,2,2,15,0,11,4,2016,2,12,19,0,2,4,1,2,"US-411 / SR-61","CASS WHITE RD",157,34.26969167,-84.75226667,0,12,6,0,2,3,0,1,1,10,0,10,0,"0000000",12,18,12,26,13,2,0,0,0,1,0
13,130363,1,1,0,0,0,1,1,87,0,11,4,2016,2,15,30,1,1,3,1,2,"US-27 / SR-1","",256,30.97526111,-84.61223056,0,34,0,0,1,1,0,4,1,1,0,1,0,"0000000",99,99,99,99,99,99,0,0,0,1,0
13,130364,1,1,0,1,1,1,1,121,280,11,4,2016,2,3,53,0,2,4,4,6,"WINDSOR ST","",1,33.74739722,-84.39785,0,8,0,0,1,1,0,1,2,1,0,1,0,"0000000",99,99,99,99,88,88,0,0,0,1,0
13,130365,1,1,0,0,0,2,2,151,0,11,4,2016,2,15,58,1,2,1,1,1,"I-75","",11,33.3141,-84.11733333,0,24,0,0,1,1,0,4,1,10,0,10,0,"0000000",16,1,16,10,88,88,0,0,0,2,0
13,130366,1,1,0,1,1,1,1,279,5700,11,4,2016,2,7,43,0,2,4,1,3,"SR-292","",53,32.20679722,-82.35586111,0,9,0,0,1,1,0,1,1,1,0,1,0,"0000000",7,44,7,48,7,55,0,0,0,1,0
13,130367,2,2,0,0,0,2,2,3,0,12,4,2016,3,11,48,1,1,3,1,2,"US-82 / SR-520","PAULK AVE",33,31.34341944,-83.05528333,0,12,6,0,3,3,0,1,1,1,0,1,0,"0000000",99,98,99,98,88,88,0,0,0,1,0
13,130368,1,1,0,1,1,1,1,121,280,12,4,2016,3,22,50,1,2,3,1,2,"US-23 / MORELAND AVE","",2,33.69193611,-84.34931389,0,8,0,0,1,1,0,1,3,1,0,1,0,"0000000",22,55,22,59,23,15,19,0,0,1,0
13,130369,4,4,0,0,0,6,6,95,0,12,4,2016,3,10,5,1,2,2,1,2,"US-19 / LIBERTY EXPY","",59,31.59806667,-84.14198333,0,12,1,0,1,1,0,1,1,10,0,10,0,"0000000",10,5,10,10,10,50,19,0,0,1,0
13,130370,2,2,0,0,0,2,2,233,1010,12,4,2016,3,13,15,1,2,3,1,2,"US-27 / SR-1","COLLARD VALLEY RD",107,34.02671389,-85.22022778,0,12,6,0,2,2,0,1,1,10,0,10,0,"0000000",13,10,13,13,13,33,0,0,0,1,0
13,130371,2,2,0,0,0,2,2,121,9997,13,4,2016,4,6,47,0,2,4,4,6,"JONES BRIDGE RD","DOUGLAS RD",14,34.07005556,-84.20529722,0,1,0,0,2,2,0,1,3,10,0,10,0,"0000000",99,98,99,98,88,88,0,0,0,1,0
13,130372,1,1,0,0,0,1,1,139,0,13,4,2016,4,19,14,0,2,7,2,4,"CR-1150 / WILL WALLACE RD","",3,34.37553611,-83.92116944,0,53,0,0,1,1,0,4,1,10,0,10,0,"0000000",19,15,19,22,19,47,0,0,0,1,1
13,130373,1,1,0,0,0,1,1,159,0,13,4,2016,4,7,19,0,1,4,1,3,"SR-83","",58,33.21425,-83.75329444,0,34,0,0,1,1,0,4,1,1,0,1,0,"0000000",99,98,99,98,88,88,0,0,0,1,0
13,130374,1,1,0,1,1,1,1,121,280,14,4,2016,5,0,41,1,2,3,4,6,"PONCE DE LEON AVENUE","PONCE DE LEON PLACE",91,33.77358889,-84.36373889,0,30,0,0,3,2,0,4,3,10,0,10,0,"0000000",99,98,99,98,88,88,15,0,0,1,0
13,130375,3,3,0,0,0,3,3,121,9997,14,4,2016,5,12,40,0,2,4,4,6,"JONES BRIDGE ROAD","",7,34.08426389,-84.19233889,0,12,2,0,1,1,0,1,1,1,0,1,0,"0000000",12,42,12,50,13,20,0,0,0,1,0
13,130376,1,1,0,0,0,1,1,57,920,15,4,2016,6,4,10,1,2,3,4,6,"EAST MAIN STREET","",105,34.23564167,-84.47426389,0,42,0,0,1,1,0,4,3,1,0,1,0,"0000000",99,98,99,98,88,88,0,0,0,1,0
13,130377,3,3,0,3,3,4,4,121,280,15,4,2016,6,18,59,0,2,6,4,6,"JOSEPH E. BOONE BLVD.","MAYSON TURNER ROAD",54,33.76353889,-84.42924167,0,12,8,0,3,3,0,1,5,1,0,1,0,"0000000",18,59,19,3,19,19,0,0,0,1,0
13,130378,1,1,0,1,1,1,1,297,3230,15,4,2016,6,22,9,0,2,4,1,3,"SR-81","",88,33.82446111,-83.87816389,0,8,0,0,1,1,0,1,3,1,0,1,0,"0000000",22,8,22,11,22,34,0,0,0,1,0
13,130379,2,2,0,1,1,3,3,121,280,16,4,2016,7,18,51,1,2,3,4,6,"MORELAND AVENUE","",14,33.70926389,-84.34958889,0,12,7,0,1,1,0,1,5,1,0,1,0,"0000000",99,98,99,98,88,88,0,0,0,1,0
13,130380,1,1,0,0,0,1,1,163,3250,16,4,2016,7,13,35,0,1,5,4,6,"MIDDLEGROUND ROAD","",38,33.01083889,-82.39739444,0,1,0,0,1,1,0,4,1,1,0,1,0,"0000000",99,98,99,98,88,88,0,0,0,1,1
13,130381,2,2,0,0,0,2,2,245,310,16,4,2016,7,22,26,0,2,4,4,6,"MIKE PADGETT HIGHWAY","",95,33.34571111,-81.97575556,0,12,2,0,1,1,0,1,2,1,0,1,0,"0000000",22,23,22,23,23,0,0,0,0,2,1
13,130382,1,1,0,0,0,1,1,15,980,17,4,2016,1,5,42,0,2,4,4,6,"EUHARLEE ROAD","",25,34.14782222,-84.85765,0,30,0,0,1,1,0,4,2,1,0,1,0,"0000000",5,17,5,36,6,40,0,0,0,1,0
13,130383,2,2,0,0,0,4,4,73,0,17,4,2016,1,16,7,0,2,7,2,4,"CR-BAKER PLACE ROAD","",11,33.48929167,-82.24492222,0,12,2,0,1,1,0,1,1,1,0,1,0,"0000000",16,9,16,15,17,11,0,0,0,1,1
13,130384,2,2,0,0,0,2,2,75,0,17,4,2016,1,17,45,0,1,7,2,4,"CR-OLD UNION","LOTT BRIDGE ROAD",37,31.28320833,-83.48393333,0,12,2,0,2,4,0,1,1,1,0,1,0,"0000000",99,98,99,98,88,88,0,0,0,1,0
13,130385,1,1,0,1,1,1,1,151,0,17,4,2016,1,13,16,0,2,7,2,4,"CR-MCMURRY ROAD","",7,33.49315278,-84.22825278,0,8,0,0,8,1,0,1,1,1,0,1,0,"0000000",13,16,13,22,13,36,0,0,0,1,0
13,130386,6,6,0,0,0,10,10,225,830,17,4,2016,1,21,45,1,2,1,1,1,"I-75(SR-401)","",86,32.64262222,-83.74358889,0,12,1,0,1,1,1,1,3,1,0,1,0,"0000000",21,51,22,5,22,49,0,0,0,1,1
13,130387,2,2,0,0,0,3,3,313,1510,17,4,2016,1,19,49,0,1,5,4,6,"DAWNVILLE ROAD","",23,34.80765,-84.90595278,0,12,2,0,1,1,0,1,1,1,0,1,0,"0000000",19,51,20,0,20,30,0,0,0,2,1
13,130388,1,1,0,0,0,1,1,47,4680,18,4,2016,2,7,24,1,2,1,1,1,"I-75","",114,34.97037778,-85.19348611,0,24,0,0,1,1,0,4,1,1,0,1,0,"0000000",7,30,7,59,8,18,0,0,0,1,0
13,130389,2,2,0,0,0,3,3,85,2977,18,4,2016,2,15,5,0,1,6,4,6,"KELLY BRIDGE ROAD","",11,34.33512222,-84.14661944,0,12,2,0,1,1,0,1,1,1,0,1,0,"0000000",14,57,15,5,15,51,0,0,0,2,0
13,130390,2,2,0,1,1,2,2,121,280,18,4,2016,2,4,34,1,2,1,1,1,"I-75/85","",55,33.71952778,-84.39649444,0,8,0,0,1,1,0,1,3,1,0,1,0,"0000000",99,99,99,99,88,88,0,0,0,1,0
13,130391,2,2,0,0,0,2,2,153,4340,18,4,2016,2,16,15,0,2,4,1,3,"SR-247","SR-247(SPUR)",75,32.4664,-83.61627222,0,12,6,0,2,3,0,1,1,1,0,1,0,"0000000",16,19,16,34,17,49,0,0,0,1,0
13,130392,3,3,0,0,0,3,3,215,1280,18,4,2016,2,12,53,1,2,3,4,6,"BUENA VISTA ROAD","MORRIS ROAD",1,32.454975,-84.94481944,0,12,6,0,2,2,0,1,1,1,0,1,0,"0000000",12,57,13,0,88,88,0,0,0,1,0
13,130393,1,1,0,0,0,1,1,59,270,19,4,2016,3,2,55,0,2,7,4,6,"ORKIN DRIVE","",6,33.94156944,-83.51132222,0,33,0,0,1,1,0,4,3,1,0,1,0,"0000000",3,2,3,8,3,26,0,0,0,1,0
13,130394,1,1,0,0,0,1,1,121,5640,20,4,2016,4,9,40,1,2,1,1,1,"I-85","",89,33.58925833,-84.50613333,0,34,0,0,1,1,0,4,1,1,0,1,0,"0000000",9,40,9,40,88,88,0,0,0,1,0
13,130395,2,2,0,0,0,2,2,129,4605,20,4,2016,4,15,4,0,1,5,1,3,"SR-136","SPRING PLACE ROAD",165,34.60426944,-84.82074444,0,12,6,0,2,2,0,1,1,1,0,1,0,"0000000",99,98,99,98,88,88,0,0,0,1,0
13,130396,2,2,0,0,0,4,4,129,0,20,4,2016,4,23,56,1,2,1,1,1,"I-75","",27,34.44329722,-84.92009722,0,12,1,0,1,1,0,1,2,1,0,1,0,"0000000",23,53,23,59,0,13,19,0,0,1,0
13,130397,3,3,0,0,0,3,3,225,830,20,4,2016,4,1,30,1,2,1,1,1,"I-75","",91,32.66789444,-83.74436389,0,12,1,0,1,1,0,1,2,1,0,1,0,"0000000",99,98,99,98,88,88,19,0,0,1,0
13,130398,5,5,0,0,0,8,8,287,250,20,4,2016,4,3,19,1,1,1,1,1,"I-75","",93,31.71491944,-83.63835,0,12,1,0,1,1,0,1,2,1,0,1,0,"0000000",99,98,99,98,88,88,0,0,0,1,0
13,130399,1,1,0,0,0,1,1,97,3208,21,4,2016,5,16,20,1,2,1,1,1,"I-20","",158,33.76843333,-84.65236944,0,34,0,0,1,1,0,4,1,1,0,1,0,"0000000",99,98,99,98,88,88,0,0,0,1,1
13,130400,2,2,0,0,0,2,2,103,2520,21,4,2016,5,12,34,0,1,6,4,6,"OLD DIXIE HIGHWAY SOUTH","",22,32.40860556,-81.31801389,0,12,1,0,8,1,0,1,1,1,0,1,0,"0000000",12,40,12,42,13,25,0,0,0,1,0
13,130401,2,2,0,0,0,2,2,227,9997,21,4,2016,5,12,48,0,1,7,4,6,"DRY POND DRIVE","",29,34.50846944,-84.64905278,0,12,2,0,1,1,0,1,1,1,0,1,0,"0000000",99,98,99,98,88,88,0,0,0,1,0
13,130402,1,1,0,0,0,2,2,293,5450,21,4,2016,5,13,20,0,2,4,4,6,"WEST MOORES CROSSING ROAD","",20,32.92590278,-84.31594722,0,5,0,0,1,1,0,1,1,1,0,1,0,"0000000",99,99,99,99,88,88,0,0,0,1,0
13,130403,2,2,0,0,0,2,2,115,4760,22,4,2016,6,16,50,1,2,3,4,6,"HAMILTON AVENUE","",165,34.26344444,-85.18928056,0,12,8,0,8,1,0,1,1,1,0,1,0,"0000000",99,98,99,98,88,88,0,0,0,1,0
13,130404,1,1,0,1,1,2,2,253,0,22,4,2016,6,23,3,0,1,7,2,4,"CR-THREE NOTCH ROAD","",31,31.03189167,-84.83390278,0,8,0,0,1,1,0,1,2,1,0,1,0,"0000000",99,98,99,98,88,88,0,0,0,1,0
13,130405,1,1,0,1,1,3,3,121,280,23,4,2016,7,2,51,1,2,3,1,3,"SR-3","SPELMAN LANE",72,33.74441111,-84.40840556,0,8,0,0,2,2,0,1,2,1,0,1,0,"0000000",2,50,2,55,3,20,0,0,0,1,0
13,130406,3,3,0,2,2,2,2,135,0,23,4,2016,7,4,40,1,2,1,1,1,"I-85","",79,33.95363611,-84.12665833,0,12,7,0,1,1,0,1,3,1,0,1,0,"0000000",99,99,99,99,99,99,0,0,0,1,0
13,130407,1,1,0,0,0,1,1,21,3390,24,4,2016,1,12,36,0,2,7,4,6,"CONESTOGA TRAIL","SANTA FE TRAIL",0,32.85756667,-83.77367778,0,34,0,0,3,3,0,4,1,1,0,1,0,"0000000",12,40,12,40,88,88,0,0,0,1,0
13,130408,2,2,0,0,0,4,4,105,0,25,4,2016,2,10,30,0,1,5,1,3,"SR-172","PULLIAM MILL ROAD",70,34.22631667,-83.00785278,0,12,6,0,2,2,0,1,1,1,0,1,0,"0000000",99,99,99,99,99,99,0,0,0,1,1
13,130409,1,1,0,0,0,2,2,135,5080,25,4,2016,2,1,52,0,2,7,4,6,"MINK LIVSEY ROAD","",21,33.76411111,-84.00949167,0,1,0,0,1,1,0,4,2,1,0,1,0,"0000000",99,98,99,98,88,88,0,0,0,2,1
13,130410,3,3,0,0,0,4,4,89,0,26,4,2016,3,15,40,0,2,4,2,4,"CR-BRIARCLIFF ROAD","CLAIRMONT ROAD",12,33.83750833,-84.31189167,0,12,6,0,3,2,0,1,1,1,0,1,0,"0000000",15,54,15,55,16,18,0,0,0,1,0
13,130411,3,2,1,0,0,2,2,135,3158,26,4,2016,3,5,57,0,2,4,1,3,"SR-8","SUMMER RIDGE LANE",57,33.90816111,-84.10706944,0,12,6,0,2,3,0,1,2,1,0,1,0,"0000000",5,57,6,5,6,24,0,0,0,1,0
13,130412,1,1,0,1,1,1,1,151,0,26,4,2016,3,10,12,1,2,3,1,3,"SR-20","WESTRIDGE PARKWAY",125,33.41257222,-84.199325,0,8,0,0,2,2,0,1,1,1,0,1,0,"0000000",10,12,10,18,11,14,0,0,0,1,0
13,130413,1,1,0,0,0,2,2,45,3860,27,4,2016,4,12,25,0,1,6,1,3,"SR-16","",68,33.61740278,-85.17383889,0,42,0,0,1,1,0,4,1,1,0,1,0,"0000000",12,27,12,35,12,58,0,0,0,1,0
13,130414,2,2,0,0,0,2,2,139,2285,27,4,2016,4,10,14,0,2,6,4,6,"CASH ROAD","",19,34.17168889,-83.88751667,0,12,2,0,1,1,0,1,1,1,0,1,0,"0000000",10,13,10,27,10,52,0,0,0,1,0
13,130415,1,1,0,0,0,3,3,213,1080,27,4,2016,4,13,59,0,1,5,2,6,"OLD CCC CAMP ROAD","",16,34.81666944,-84.736625,1,32,0,0,1,1,0,4,1,1,0,1,0,"0000000",14,1,14,9,14,33,0,0,0,1,0
13,130416,2,2,0,0,0,6,6,219,5830,27,4,2016,4,20,55,0,1,5,1,3,"SR-15","",58,33.80286111,-83.340975,0,12,6,0,1,1,0,1,2,1,0,1,0,"0000000",21,1,21,14,21,40,0,0,0,4,0
13,130417,1,1,0,0,0,3,3,73,2515,28,4,2016,5,16,54,0,2,7,4,6,"WHISKEY ROAD","CLAYTON DRIVE",3,33.46133611,-82.20331111,0,34,0,0,3,3,0,4,1,1,0,1,0,"0000000",99,99,99,99,99,99,0,0,0,1,0
13,130418,2,2,0,0,0,2,2,89,0,28,4,2016,5,15,2,0,2,6,2,4,"CR-BROCKETT ROAD","",10,33.83754722,-84.22324444,0,12,2,0,1,1,0,1,1,1,0,1,0,"0000000",15,5,15,10,15,45,20,0,0,2,0
13,130419,1,1,0,0,0,2,2,109,9997,28,4,2016,5,7,35,0,1,5,1,3,"SR-129","",89,32.18008333,-81.93426944,0,32,0,0,1,1,0,4,1,10,0,10,0,"0000000",7,38,7,43,7,57,0,0,0,1,0
13,130420,2,2,0,0,0,3,3,193,0,28,4,2016,5,7,5,0,1,4,1,3,"SR-26","",220,32.32451389,-83.88022222,0,12,2,0,1,1,0,1,1,5,0,5,0,"0000000",99,98,99,98,88,88,0,0,0,2,0
13,130421,2,2,0,0,0,3,3,197,0,28,4,2016,5,10,35,1,1,4,1,3,"SR-26","",150,32.26884167,-84.43120833,0,12,2,0,1,1,0,1,1,1,0,1,0,"0000000",10,39,10,54,12,10,0,0,0,1,0
13,130422,2,2,0,0,0,3,3,211,4830,28,4,2016,5,21,36,1,1,1,1,1,"I-20","",28,33.58989722,-83.6209,0,12,2,0,1,1,0,1,2,1,0,1,0,"0000000",21,37,21,50,23,7,0,0,0,1,0
13,130423,1,1,0,1,1,1,1,21,3390,29,4,2016,6,15,54,1,2,3,4,6,"EISENHOWER PARKWAY","",131,32.81398889,-83.64708056,0,8,0,0,1,1,0,1,1,1,0,1,0,"0000000",15,56,15,59,16,15,0,0,0,1,0
13,130424,1,1,0,0,0,1,1,31,5204,29,4,2016,6,7,9,0,1,5,1,3,"SR-119","",42,32.31040556,-81.49793056,0,34,0,0,1,1,0,4,2,1,0,1,0,"0000000",99,98,99,98,88,88,0,0,0,1,0
13,130425,1,1,0,0,0,1,1,121,280,29,4,2016,6,16,14,0,2,7,4,6,"BREWER BLVD.","",7,33.7056,-84.41310556,0,42,0,0,1,1,0,4,1,1,0,1,0,"0000000",16,15,16,29,17,11,0,0,0,1,0
13,130426,1,1,0,1,1,1,1,237,0,30,4,2016,7,21,14,0,1,5,2,4,"CR-HARMONY ROAD","",61,33.42918333,-83.27470556,0,8,0,0,1,1,0,1,2,10,0,10,0,"0000000",21,13,21,24,88,88,0,0,0,1,0
13,130427,2,2,0,0,0,2,2,143,0,3,5,2016,3,23,52,1,1,1,1,1,"I-20","",60,33.68899444,-85.2202,0,12,6,0,1,1,0,1,2,10,0,10,0,"0000000",23,50,0,15,0,56,19,0,0,1,1
13,130428,3,3,0,0,0,5,5,121,4882,19,3,2016,7,13,49,1,2,1,1,1,"I-285 RAMP","",250,33.91183611,-84.37395278,0,12,1,0,20,1,0,1,1,10,0,10,0,"0000000",13,54,13,56,14,41,0,0,0,1,0
13,130429,1,1,0,0,0,1,1,161,0,28,4,2016,5,13,20,0,1,5,1,3,"SR-268","",29,31.70254722,-82.80573889,0,32,0,0,1,1,0,4,1,10,0,10,0,"0000000",99,99,99,99,99,99,0,0,0,1,0
13,130430,3,3,0,0,0,4,4,39,3010,1,5,2016,1,16,48,1,2,3,1,3,"SR-40","HADDOCK RD",161,30.78677778,-81.64647778,0,12,6,0,2,2,1,1,1,1,0,1,0,"0000000",16,48,16,52,99,99,0,0,0,1,0
13,130431,1,1,0,1,1,1,1,63,0,1,5,2016,1,4,33,1,2,3,1,2,"US-19/41 / TARA BLVD","NORTH AVE",78,33.53226944,-84.36376944,0,8,0,0,3,2,0,1,2,10,0,10,0,"0000000",4,36,4,42,88,88,0,0,0,1,0
13,130432,1,1,0,1,1,1,1,73,0,1,5,2016,1,21,58,0,1,4,1,2,"US-278 / SR-10","",44,33.40275556,-82.26195556,0,8,0,0,1,1,0,1,2,1,0,1,0,"0000000",22,2,22,15,23,10,0,0,0,1,0
13,130433,1,1,0,0,0,1,1,75,0,1,5,2016,1,16,51,0,1,6,2,4,"CR-31 / OLD COFFEE RD","",6,31.05833056,-83.37873889,0,30,0,0,1,1,0,4,1,1,0,1,0,"0000000",99,98,99,98,88,88,0,0,0,1,0
13,130434,2,2,0,0,0,2,2,77,4960,1,5,2016,1,13,51,0,2,4,1,3,"SR-16","VILLAGE CIR",264,33.293575,-84.57300278,0,12,6,0,2,2,0,1,1,1,0,1,0,"0000000",13,52,13,58,88,88,3,0,0,1,0
13,130435,2,2,0,0,0,2,2,115,0,1,5,2016,1,17,43,0,2,4,1,3,"SR-140","",78,34.36637222,-85.045675,0,12,2,0,1,1,0,4,1,10,0,10,0,"0000000",17,45,17,55,19,3,0,0,0,1,0
13,130436,1,1,0,0,0,1,1,121,280,1,5,2016,1,1,59,0,2,4,4,6,"PIEDMONT RD","",1,33.80602778,-84.36700833,0,30,0,0,1,1,0,4,3,10,0,10,0,"0000000",99,99,99,99,88,88,0,0,0,1,1
13,130437,1,1,0,1,1,1,1,121,1900,2,5,2016,2,11,40,1,2,3,1,3,"SR-6 / CAMP CREEK PKWY","",96,33.652475,-84.48731944,0,8,0,0,1,1,0,2,1,10,0,10,0,"0000000",99,98,99,98,88,88,0,0,0,1,0
13,130438,1,1,0,0,0,2,2,245,310,2,5,2016,2,18,10,0,2,4,2,4,"CR-1516 / OLD WAYNESBORO RD","",58,33.33476944,-82.00745,0,32,0,0,1,1,0,4,1,2,0,2,0,"0000000",99,99,99,99,99,99,5,0,0,1,0
13,130439,2,2,0,0,0,7,7,273,0,2,5,2016,2,7,0,1,1,3,1,2,"US-82 / SR-520","",160,31.73527222,-84.401975,0,1,0,0,1,1,0,1,1,10,0,10,0,"0000000",99,99,99,99,99,99,0,0,0,1,0
13,130440,1,1,0,0,0,1,1,15,0,3,5,2016,3,6,37,1,2,1,1,1,"I-75","",277,34.36265833,-84.89661667,0,42,0,0,1,1,0,5,2,10,0,10,0,"0000000",99,98,99,98,88,88,0,0,0,1,0
13,130441,2,2,0,0,0,2,2,117,0,3,5,2016,3,7,8,0,2,4,1,3,"SR-9","",84,34.17840556,-84.15716667,0,12,2,0,1,1,0,1,1,2,0,2,0,"0000000",7,12,7,20,7,54,0,0,0,1,0
13,130442,1,1,0,1,1,1,1,217,1380,3,5,2016,3,7,22,1,2,3,1,3,"SR-12","ELM ST",61,33.60289167,-83.85645,0,9,0,0,3,2,0,1,1,10,0,10,1,"0000000",99,99,99,99,99,99,0,0,0,1,0
13,130443,1,1,0,0,0,1,1,223,0,3,5,2016,3,8,50,0,2,4,2,4,"CR-283 / BROWNSVILLE RD","",29,33.804875,-84.74461389,0,42,0,0,1,1,0,4,1,10,0,10,0,"0000000",99,98,99,98,88,88,0,0,0,1,0
13,130444,2,2,0,0,0,2,2,223,1500,3,5,2016,3,11,1,1,2,3,1,2,"US-278 / SR-6","S MAIN ST",90,33.915075,-84.84533333,0,12,6,0,2,2,0,1,1,10,0,10,0,"0000000",10,59,11,5,11,48,0,0,0,1,0
13,130445,2,2,0,0,0,3,3,185,5680,4,5,2016,4,9,0,0,2,6,4,6,"NORMAN DR","",16,30.82457222,-83.3162,0,12,2,0,1,1,0,1,1,1,0,1,0,"0000000",9,1,9,9,9,39,0,0,0,1,0
13,130446,2,2,0,0,0,2,2,21,0,5,5,2016,5,3,1,0,2,4,2,4,"CR-5813 / COLUMBUS RD","BUENA VISTA DR",5,32.82984722,-83.67102222,0,12,6,0,2,2,0,1,2,1,0,1,0,"0000000",99,99,99,99,99,99,20,0,0,1,0
13,130447,5,4,1,0,1,7,8,21,0,5,5,2016,5,9,49,0,2,4,1,2,"US-129 / BROADWAY","FLAMINGO DR",87,32.79282778,-83.64734444,0,33,0,0,1,1,0,4,1,1,0,1,0,"0000000",99,99,99,99,99,99,0,0,0,1,0
13,130448,2,2,0,0,0,3,3,67,0,5,5,2016,5,3,14,1,2,3,1,3,"SR-92","",0,33.94873611,-84.73656667,0,12,2,0,1,1,0,1,2,1,0,1,0,"0000000",99,99,99,99,99,99,0,0,0,1,0
13,130449,1,1,0,0,0,1,1,255,0,5,5,2016,5,23,36,0,2,4,2,4,"CR-497 / VINEYARD RD","COWAN RD",21,33.29539444,-84.30582222,0,1,0,0,1,1,0,4,2,10,0,10,0,"0000000",99,99,99,99,88,88,0,0,0,1,1