"STATE","ST_CASE","VE_TOTAL","VE_FORMS","PVH_INVL","PEDS","PERNOTMVIT","PERMVIT","PERSONS","COUNTY","CITY","DAY","MONTH","YEAR","DAY_WEEK","HOUR","MINUTE","NHS","RUR_URB","FUNC_SYS","RD_OWNER","ROUTE","TWAY_ID","TWAY_ID2","MILEPT","LATITUDE","LONGITUD","SP_JUR","HARM_EV","MAN_COLL","RELJCT1","RELJCT2","TYP_INT","WRK_ZONE","REL_ROAD","LGT_COND","WEATHER1","WEATHER2","WEATHER","SCH_BUS","RAIL","NOT_HOUR","NOT_MIN","ARR_HOUR","ARR_MIN","HOSP_HR","HOSP_MN","CF1","CF2","CF3","FATALS","DRUNK_DR"
13,130450,2,2,0,0,0,4,4,319,0,5,5,2016,5,8,7,0,1,4,1,3,"SR-57","",45,32.8564,-83.31275,0,12,2,0,1,1,0,1,1,1,0,1,0,"0000000",99,99,99,99,99,99,0,0,0,1,0
13,130451,2,2,0,0,0,3,3,31,0,6,5,2016,6,15,34,1,1,1,1,1,"I-16","",221,32.22795833,-81.58371944,0,12,1,0,1,1,0,1,1,1,0,1,0,"0000000",99,99,99,99,99,99,0,0,0,1,0
13,130452,2,2,0,1,1,1,1,43,3560,6,5,2016,6,9,9,0,1,4,1,3,"SR-23 / S LEWIS ST","",78,32.39351944,-82.06041389,0,12,7,0,1,1,0,1,1,1,0,1,0,"0000000",99,98,99,98,88,88,0,0,0,1,0
13,130453,2,2,0,0,0,3,3,15,980,7,5,2016,7,12,49,1,2,3,1,2,"US-411 / SR-61","",110,34.21206389,-84.79608611,0,12,6,0,1,1,1,1,1,1,0,1,0,"0000000",99,99,99,99,99,99,0,0,0,1,0
13,130454,3,2,1,0,1,4,5,21,3390,7,5,2016,7,22,42,0,2,4,2,4,"CR-741 / COLUMBUS RD","",3,32.80389167,-83.80231667,0,12,1,0,8,1,0,1,3,1,0,1,0,"0000000",99,99,99,99,99,99,0,0,0,1,2
13,130455,2,2,0,0,0,1,1,63,1250,7,5,2016,7,19,58,1,2,1,1,1,"I-285","",54,33.61759722,-84.45328333,0,12,1,0,1,1,0,1,1,1,0,1,0,"0000000",99,99,99,99,99,99,0,0,0,1,0
13,130456,1,1,0,0,0,2,2,75,5110,7,5,2016,7,16,0,1,2,1,1,1,"I-75","",97,31.16253333,-83.44845833,0,25,0,0,1,1,0,3,1,1,0,1,0,"0000000",99,99,99,99,99,99,0,0,0,1,0
13,130457,2,2,0,0,0,6,6,117,0,7,5,2016,7,15,1,0,2,4,1,4,"CR-459 / OLD ATLANTA RD","",9,34.06873611,-84.13243056,0,12,2,0,1,1,0,1,1,1,0,1,0,"0000000",15,2,15,17,16,18,0,0,0,1,0
13,130458,1,1,0,0,0,1,1,207,0,7,5,2016,7,22,28,0,1,7,2,4,"CR-203 / SUTTON RD","",18,33.08689444,-83.92171111,0,42,0,0,1,1,0,4,2,1,0,1,0,"0000000",22,30,22,42,23,37,0,0,0,1,0
13,130459,1,1,0,0,0,2,2,233,0,7,5,2016,7,13,25,0,1,4,1,3,"SR-113","",69,34.03546389,-85.01153889,0,11,0,0,1,1,0,1,1,1,0,1,0,"0000000",99,99,99,99,99,99,0,0,0,1,0
13,130460,1,1,0,0,0,1,1,51,4910,8,5,2016,1,10,27,1,2,3,1,2,"US-17 / SR-25","",59,32.03419444,-81.21790278,0,30,0,0,1,1,4,4,1,1,0,1,0,"0000000",99,98,99,98,88,88,0,0,0,1,0
13,130461,1,1,0,0,0,1,1,95,90,8,5,2016,1,22,21,0,2,4,4,6,"S MOCK RD","",1,31.55753056,-84.09445556,0,1,0,0,1,1,0,4,3,1,0,1,0,"0000000",99,98,99,98,88,88,0,0,0,1,1
13,130462,1,1,0,1,1,1,1,121,280,8,5,2016,1,1,5,0,2,4,1,3,"SR-139 / M L KING JR DR","LYNHURST DR",141,33.7515,-84.48801667,0,8,0,0,3,3,0,1,3,1,0,1,0,"0000000",99,98,99,98,88,88,0,0,0,1,0
13,130463,1,1,0,0,0,1,1,121,280,8,5,2016,1,1,50,1,2,2,1,3,"SR-400","",22,33.84535556,-84.36539444,0,42,0,0,1,1,0,4,3,1,0,1,0,"0000000",99,98,99,98,88,88,0,0,0,1,1
13,130464,2,2,0,0,0,4,4,189,0,8,5,2016,1,23,51,0,2,4,1,2,"US-278 / SR-12","WIRE RD",23,33.45012222,-82.5352,0,12,6,0,2,2,0,1,2,1,0,1,0,"0000000",99,99,99,99,99,99,0,0,0,1,1
13,130465,1,1,0,0,0,1,1,223,0,8,5,2016,1,8,21,0,2,7,2,4,"CR-346 / SEABOARD AVE","",0,33.88669444,-84.75367778,0,33,0,0,1,1,0,4,1,1,0,1,0,"0000000",99,99,99,99,88,88,0,0,0,1,0
13,130466,1,1,0,0,0,1,1,245,310,8,5,2016,1,16,25,1,2,3,1,2,"US-78 / GORDON  HWY","",4,33.41093333,-82.21493889,0,1,0,0,1,1,0,4,1,1,0,1,0,"0000000",99,98,99,98,88,88,0,0,0,1,1
13,130467,1,1,0,0,0,1,1,153,0,9,5,2016,2,23,32,0,1,5,2,4,"CR-239 / KLONDIKE RD","",63,32.36328889,-83.65623333,0,43,0,0,1,1,0,4,2,10,0,10,0,"0000000",99,99,99,99,99,99,20,0,0,1,1
13,130468,1,1,0,0,0,1,1,223,0,9,5,2016,2,0,1,0,1,4,1,3,"SR-113 / SR-120","",11,33.83377222,-85.01863889,0,32,0,0,1,1,0,4,2,1,0,1,0,"0000000",99,98,99,98,88,88,0,0,0,1,0
13,130469,1,1,0,1,1,2,2,9,0,10,5,2016,3,12,25,0,2,4,1,2,"US-441 / SR-243","",76,33.04447222,-83.23250278,0,8,0,0,1,1,0,1,1,10,0,10,0,"0000000",99,99,99,99,99,99,0,0,0,1,0
13,130470,2,2,0,0,0,3,3,51,4910,10,5,2016,3,2,59,1,2,3,1,6,"E PRESIDENT ST","",8,32.07537222,-81.08240278,0,12,2,0,1,1,4,1,2,1,0,1,0,"0000000",99,99,99,99,99,99,20,0,0,2,0
13,130471,2,2,0,0,0,2,2,89,0,10,5,2016,3,7,0,0,2,4,2,4,"CR-5186 / WESLEY CHAPEL RD","WESJAY LN",75,33.72738056,-84.21405,0,12,2,0,2,3,0,1,1,10,0,10,0,"0000000",6,55,7,0,7,35,0,0,0,1,0
13,130472,2,2,0,0,0,5,5,121,280,10,5,2016,3,12,30,1,2,3,1,2,"US-23 / SR-42","",18,33.71403333,-84.34950556,0,12,2,0,1,1,0,1,1,1,0,1,0,"0000000",99,99,99,99,99,99,0,0,0,1,0
13,130473,2,2,0,0,0,3,3,117,0,10,5,2016,3,20,39,0,2,4,1,3,"SR-369","",161,34.25088611,-84.007175,0,11,0,0,1,1,0,1,2,1,0,1,0,"0000000",20,40,20,41,99,99,14,0,0,1,0
13,130474,1,1,0,0,0,1,1,121,1900,10,5,2016,3,18,16,0,2,4,4,6,"WASHINGTON RD","HAMMARSKJOLD AVE",37,33.64703611,-84.49066667,0,33,0,0,3,3,0,4,1,1,0,1,0,"0000000",99,99,99,99,99,99,0,0,0,1,1
13,130475,2,2,0,0,0,3,3,255,2510,10,5,2016,3,18,57,0,2,7,4,6,"W BROAD ST","N 15TH ST",5,33.25023889,-84.27661944,0,12,6,0,2,99,0,1,1,1,0,1,0,"0000000",99,99,99,99,99,99,0,0,0,1,0
13,130476,1,1,0,0,0,1,1,63,0,11,5,2016,4,22,45,1,2,1,1,1,"I-285","",15,33.63123889,-84.38961944,0,1,0,0,1,1,0,1,2,1,0,1,0,"0000000",22,15,22,27,22,40,0,0,0,1,0
13,130477,1,1,0,1,1,1,1,121,5640,11,5,2016,4,3,50,1,2,1,1,1,"I-85","",89,33.58659167,-84.51063333,0,8,0,1,20,1,0,1,2,1,0,1,0,"0000000",3,55,4,0,4,48,0,0,0,1,0
13,130478,2,2,0,0,0,4,4,113,0,12,5,2016,5,23,4,0,2,7,2,4,"CR-59 / MILAM RD","",25,33.52713056,-84.558975,0,12,2,0,1,1,0,1,2,10,0,10,0,"0000000",23,4,23,11,0,42,0,0,0,1,0
13,130479,1,1,0,1,1,1,1,185,0,12,5,2016,5,6,20,1,2,3,1,2,"US-84 / SR-38","",160,30.860725,-83.20002222,0,8,0,0,1,1,0,1,2,1,0,1,0,"0000000",99,98,99,98,88,88,0,0,0,1,0
13,130480,2,2,0,0,0,2,2,215,1280,12,5,2016,5,21,21,1,2,3,1,2,"US-27 / VICTORY DR","JACKSON AVE",13,32.44595833,-84.97608611,0,12,1,0,2,2,0,1,3,1,0,1,0,"0000000",99,98,99,98,88,88,0,0,0,1,0
13,130481,1,1,0,0,0,2,2,233,0,12,5,2016,5,19,20,0,1,5,2,4,"CR-450 / CAVE SPRINGS RD","",23,34.05977778,-85.30594167,0,1,0,0,1,1,0,4,1,10,0,10,0,"0000000",99,98,99,98,88,88,0,0,0,2,0
13,130482,2,2,0,0,0,4,4,245,310,12,5,2016,5,17,46,1,2,3,1,2,"US-1 / DEANS BRIDGE RD","RICHMOND HILL RD",197,33.43781389,-82.02621389,0,12,6,0,2,3,0,1,1,1,0,1,0,"0000000",17,48,17,51,18,13,0,0,0,1,0
13,130483,2,2,0,0,0,3,3,87,0,13,5,2016,6,23,53,0,1,4,1,3,"SR-97","",294,30.97814167,-84.50344167,0,12,2,0,1,1,0,1,2,1,0,1,0,"0000000",99,99,99,99,99,99,0,0,0,1,0
13,130484,2,2,0,0,0,7,7,199,0,13,5,2016,6,12,52,0,1,4,1,3,"SR-85","",82,32.94828889,-84.57966944,0,12,2,0,1,1,0,1,1,1,0,1,0,"0000000",99,99,99,99,99,99,0,0,0,1,0
13,130485,1,1,0,0,0,1,1,215,1280,13,5,2016,6,7,29,0,2,7,2,4,"CR-273 / S LUMPKIN RD","",11,32.39889722,-84.95573611,0,42,0,0,1,1,0,4,1,1,0,1,0,"0000000",88,88,88,88,88,88,0,0,0,1,0
13,130486,1,1,0,0,0,1,1,67,0,14,5,2016,7,8,11,0,2,4,1,3,"SR-5 / AUSTELL RD","",76,33.89123889,-84.57844444,0,33,0,0,1,1,0,4,1,1,0,1,0,"0000000",9,31,9,40,10,3,0,0,0,1,0
13,130487,1,1,0,0,0,1,1,135,0,14,5,2016,7,0,41,0,2,6,2,4,"CR-562 / SINGLETON RD","",4,33.91259167,-84.16788333,0,33,0,0,1,1,0,4,3,1,0,1,0,"0000000",99,98,99,98,88,88,0,0,0,1,0
13,130488,1,1,0,0,0,1,1,153,0,14,5,2016,7,1,40,1,1,1,1,1,"I-75","",33,32.33816111,-83.76804722,0,52,0,0,1,1,0,4,2,1,0,1,0,"0000000",99,99,99,99,99,99,0,0,0,1,0
13,130489,2,2,0,0,0,4,4,121,2060,4,3,2016,6,17,48,0,2,4,1,3,"SR-14","",5,33.55635556,-84.59353611,0,12,6,0,8,1,0,1,1,1,0,1,0,"0000000",17,48,17,51,99,99,0,0,0,1,0
13,130490,1,1,0,0,0,1,1,223,1500,8,5,2016,1,13,32,0,2,4,4,6,"BOBO ROAD","",26,33.92086944,-84.78325556,0,53,0,0,1,1,0,4,1,1,0,1,0,"0000000",13,20,13,26,13,56,0,0,0,1,0
13,130491,1,1,0,1,1,1,1,67,3440,11,5,2016,4,6,14,1,2,3,4,3,"SR-3","",101,33.98036667,-84.55672222,0,8,0,0,1,1,0,5,1,1,0,1,0,"0000000",99,99,99,99,99,99,13,0,0,1,0
13,130492,2,2,0,0,0,4,4,189,0,14,5,2016,7,15,30,1,2,3,1,3,"SR-17","",120,33.50601667,-82.50292222,0,12,2,0,1,1,0,1,1,1,0,1,0,"0000000",15,38,15,45,16,9,0,0,0,1,0
13,130493,2,2,0,0,0,3,3,217,0,14,5,2016,7,11,28,0,2,4,1,3,"SR-81","",170,33.67637222,-83.850425,0,12,1,0,8,1,0,1,1,1,0,1,0,"0000000",99,99,99,99,99,99,0,0,0,1,0
13,130494,2,2,0,0,0,2,2,51,5480,15,5,2016,1,20,33,1,2,3,4,6,"E. VICTORY DRIVE","",214,32.03474167,-81.05335278,0,42,0,0,1,1,0,4,3,1,0,1,0,"0000000",20,40,20,41,20,56,0,0,0,1,1
13,130495,1,1,0,0,0,2,2,59,270,15,5,2016,1,3,2,0,2,4,1,2,"US-29(SR8)","",97,34.01052778,-83.32745833,0,42,0,0,1,1,0,4,2,1,0,1,0,"0000000",3,4,3,20,3,39,0,0,0,1,1
13,130496,1,1,0,0,0,1,1,67,0,15,5,2016,1,23,52,0,2,7,2,4,"CR-CLAY ROAD","",16,33.84028611,-84.64813889,0,33,0,0,1,1,0,4,2,1,0,1,0,"0000000",23,53,23,57,0,39,0,0,0,1,1
13,130497,1,1,0,0,0,1,1,151,0,15,5,2016,1,1,58,1,2,3,1,3,"SR-138","",80,33.56002778,-84.16911667,0,1,0,0,1,1,0,1,2,10,0,10,0,"0000000",99,98,99,98,88,88,0,0,0,1,1
13,130498,1,1,0,0,0,1,1,153,4340,15,5,2016,1,20,36,0,2,4,1,3,"SR-127","",120,32.46355833,-83.72120833,0,33,0,0,1,1,0,4,5,1,0,1,0,"0000000",99,99,99,99,88,88,0,0,0,1,1
13,130499,1,1,0,2,2,1,1,51,4910,16,5,2016,2,0,32,1,2,3,1,3,"SR-204","",164,31.98314167,-81.15443333,0,8,0,0,1,1,0,1,2,1,0,1,0,"0000000",0,35,0,37,0,48,0,0,0,1,0
13,130500,1,1,0,0,0,1,1,143,770,16,5,2016,2,11,55,0,1,7,4,6,"CORINTH FIVE POINT ROAD","",37,33.84652778,-85.14003611,0,42,0,0,1,1,0,4,1,1,0,1,0,"0000000",11,50,12,22,13,10,0,0,0,1,0
13,130501,2,2,0,0,0,2,2,297,890,16,5,2016,2,17,20,0,1,4,1,6,"BOLD SPRINGS ROAD","HICKORY GROVE CHURCH ROAD",6,33.874125,-83.76364722,0,12,6,0,2,3,0,1,1,1,0,1,0,"0000000",17,19,17,29,17,46,0,0,0,1,0
13,130502,2,2,0,0,0,2,2,45,0,17,5,2016,3,12,15,1,2,1,1,1,"I-20","",53,33.69470833,-85.08558889,0,12,2,0,1,1,0,1,1,10,0,10,0,"0000000",13,29,13,43,14,20,0,0,0,1,0
13,130503,1,1,0,0,0,1,1,121,280,17,5,2016,3,11,59,0,2,4,4,6,"MOORES MILL ROAD","NORTHSIDE DRIVE",24,33.84455833,-84.40725,0,30,0,0,3,2,0,4,1,2,0,2,0,"0000000",11,59,12,10,12,26,0,0,0,1,0
13,130504,2,2,0,0,0,5,5,175,0,17,5,2016,3,15,33,1,1,3,1,3,"SR-31","SR-117",168,32.42709167,-82.94172222,0,12,6,0,2,2,0,1,1,10,0,10,0,"0000000",15,35,15,48,16,30,0,0,0,1,2
13,130505,2,2,0,0,0,2,2,81,0,18,5,2016,4,14,4,1,1,3,1,3,"SR-30","FORMOSA DRIVE",24,31.96702778,-83.89183333,0,12,1,0,2,2,0,1,1,1,0,1,0,"0000000",99,99,99,99,88,88,0,0,0,1,0
13,130506,2,2,0,1,1,2,2,89,5220,18,5,2016,4,22,42,1,2,3,4,6,"MEMORIAL DRIVE","DEKALB TECH DRIVE",82,33.78866389,-84.23272778,0,8,0,0,3,3,0,1,3,1,0,1,0,"0000000",22,42,22,50,23,8,0,0,0,1,0
13,130507,1,1,0,1,1,1,1,67,0,19,5,2016,5,22,40,0,2,3,2,4,"CR-ATLANTA ROAD","",25,33.84504722,-84.49033611,0,8,0,0,1,1,1,1,2,10,0,10,0,"0000000",22,44,22,50,23,1,0,0,0,1,0
13,130508,1,1,0,0,0,1,1,71,0,19,5,2016,5,8,55,1,1,3,1,3,"SR-133","",250,31.27945278,-83.882625,0,32,0,0,1,1,0,4,1,1,0,1,0,"0000000",99,99,99,99,88,88,0,0,0,1,0
13,130509,1,1,0,0,0,3,3,69,1760,20,5,2016,6,20,54,0,2,7,4,6,"BETHEL ROAD","",2,31.46676111,-82.88325556,0,1,0,0,1,1,0,4,1,1,0,1,0,"0000000",20,55,21,0,22,0,0,0,0,1,1
13,130510,3,3,0,1,1,7,7,89,0,20,5,2016,6,22,10,0,2,4,2,4,"CR-MOUNTAIN INDUSTRIAL BLVD.","",104,33.86369722,-84.18783333,0,8,0,0,1,1,0,1,2,2,0,2,0,"0000000",99,98,99,98,88,88,0,0,0,1,0
13,130511,2,2,0,0,0,3,3,295,0,20,5,2016,6,16,12,0,2,6,1,3,"SR-193","GARRETTS CHAPEL ROAD",182,34.86453333,-85.36669722,0,12,6,0,2,2,0,1,1,2,0,2,0,"0000000",99,99,99,99,99,99,0,0,0,1,0
13,130512,2,2,0,0,0,2,2,67,0,21,5,2016,7,20,47,0,2,4,2,4,"CR-POWDER SPRINGS ROAD","",21,33.88005833,-84.62105278,0,12,2,0,8,1,0,1,5,1,0,1,0,"0000000",20,48,20,52,88,88,0,0,0,1,1
13,130513,2,2,0,0,0,3,3,137,1630,21,5,2016,7,15,15,0,1,5,1,3,"SR-105","",120,34.60758333,-83.61461944,0,12,2,0,1,1,0,1,1,10,0,10,0,"0000000",15,15,15,27,16,13,0,0,0,1,0
13,130514,2,2,0,0,0,3,3,215,1280,21,5,2016,7,1,11,1,2,3,4,6,"WYNNTON ROD","13TH STREET",7,32.472275,-84.95475278,0,12,2,0,2,2,0,1,3,10,0,10,0,"0000000",1,15,1,16,1,23,0,0,0,1,1
13,130515,2,2,0,0,0,6,6,217,0,21,5,2016,7,23,20,0,2,6,2,4,"CR-ACCESS ROAD","",20,33.61496944,-83.91960556,0,24,0,0,1,1,0,4,2,1,0,1,0,"0000000",99,99,99,99,99,99,0,0,0,1,0
13,130516,2,2,0,1,1,3,3,225,0,21,5,2016,7,22,10,1,2,1,1,1,"I-75","",37,32.5799,-83.74328056,0,8,0,0,1,1,0,1,2,1,0,1,0,"0000000",99,99,99,99,99,99,0,0,0,1,0
13,130517,1,1,0,0,0,1,1,135,800,22,5,2016,1,17,27,0,2,7,4,6,"THOMPSON MILL ROAD","",48,34.11074444,-83.94865556,0,42,0,0,1,1,0,4,1,1,0,1,0,"0000000",17,29,17,35,88,88,0,0,0,1,1
13,130518,2,2,0,0,0,3,3,163,3250,22,5,2016,1,18,45,1,1,3,1,3,"SR-88","SR-171",30,33.08208611,-82.57875556,0,12,6,0,2,2,0,1,1,1,0,1,0,"0000000",18,54,19,10,20,52,0,0,0,1,0
13,130519,1,1,0,1,1,1,1,215,1280,22,5,2016,1,21,5,1,2,3,4,6,"BUENA VISTA ROAD","",62,32.46522222,-84.90045278,0,8,0,0,1,1,0,1,3,1,0,1,0,"0000000",21,5,21,14,21,39,0,0,0,1,0
13,130520,2,2,0,0,0,2,2,39,6010,23,5,2016,2,13,35,0,2,4,4,6,"HARRIETT'S BLUFF ROAD","KINLAW ROAD",2,30.84432778,-81.68792778,0,12,6,0,2,2,0,1,1,1,0,1,0,"0000000",13,34,13,41,14,22,0,0,0,1,0
13,130521,2,2,0,0,0,2,2,85,1590,23,5,2016,2,17,45,0,1,7,4,6,"DAKOTA TRAIL","",5,34.44618611,-84.18136944,0,12,2,0,1,1,0,1,1,1,0,1,0,"0000000",17,54,18,9,18,46,0,0,0,1,0
13,130522,2,2,0,0,0,2,2,219,5830,23,5,2016,2,16,47,0,2,4,1,3,"SR-24","HARDEN HILL ROAD",5,33.86216389,-83.40841389,0,12,6,0,2,2,0,1,1,1,0,1,0,"0000000",99,98,99,98,88,88,0,0,0,1,0
13,130523,2,2,0,0,0,2,2,269,810,23,5,2016,2,11,45,1,1,3,1,3,"SR-3","RAYMOND JOHNSON DRIVE",151,32.57456389,-84.239525,0,12,6,0,2,2,0,1,1,1,0,1,0,"0000000",99,99,99,99,88,88,0,0,0,1,0
13,130524,1,1,0,1,1,1,1,89,3210,24,5,2016,3,0,2,0,2,4,4,6,"STONE MOUNTAIN STREET","",4,33.717925,-84.10814722,0,8,0,0,1,1,0,1,3,1,0,1,0,"0000000",0,3,0,7,0,42,0,0,0,1,0
13,130525,2,2,0,0,0,6,6,313,1510,24,5,2016,3,7,36,0,2,4,4,6,"AIRPORT ROAD","",1,34.72652778,-84.87930833,0,12,2,0,1,1,0,1,1,1,0,1,0,"0000000",7,56,8,8,8,45,0,0,0,1,0
13,130526,1,1,0,1,1,1,1,33,0,25,5,2016,4,21,1,0,1,7,2,4,"CR-FARMERS BRIDGE ROAD","",64,33.24833056,-82.15313333,0,9,0,0,1,1,0,1,2,1,0,1,0,"0000000",99,99,99,99,88,88,0,0,0,1,1
13,130527,1,1,0,1,1,1,1,31,5170,26,5,2016,5,19,14,1,2,3,1,3,"SR-26","",184,32.44760556,-81.77166944,0,9,0,0,1,1,0,1,1,1,0,1,0,"0000000",99,98,99,98,88,88,0,0,0,1,0
13,130528,2,2,0,0,0,5,5,95,0,26,5,2016,5,17,48,0,1,4,1,3,"SR-91","",9,31.47185556,-84.24083056,0,12,6,0,1,1,0,1,1,1,0,1,0,"0000000",17,48,17,54,18,18,0,0,0,2,0
13,130529,2,2,0,0,0,2,2,121,280,26,5,2016,5,13,25,1,2,1,1,1,"I-75","",35,33.80117778,-84.39956944,0,12,6,0,1,1,0,1,1,1,0,1,0,"0000000",13,35,13,45,14,24,0,0,0,1,0
13,130530,2,2,0,1,1,3,3,121,280,26,5,2016,5,16,53,0,2,6,4,6,"PRYOR ROAD","AMAL DRIVE",3,33.70779444,-84.39595833,0,12,2,1,3,2,0,1,1,1,0,1,0,"0000000",16,53,16,57,17,33,0,0,0,1,0
13,130531,1,1,0,0,0,1,1,167,6080,26,5,2016,5,15,33,0,1,6,4,6,"TOMPSON GROVE CHURCH ROAD","",8,32.77475278,-82.70771111,0,1,0,0,1,1,0,4,1,1,0,1,0,"0000000",99,98,99,98,88,88,0,0,0,1,0
13,130532,2,2,0,0,0,4,4,275,0,26,5,2016,5,14,35,1,1,3,1,3,"SR-3","",220,30.98745556,-84.05856389,0,12,2,0,1,1,0,1,1,1,0,1,0,"0000000",99,99,99,99,99,99,0,0,0,1,0
13,130533,1,1,0,1,1,1,1,15,980,27,5,2016,6,16,30,0,1,6,4,6,"WILDERNESS CAMP ROAD","",5,34.17995556,-84.70646944,0,8,0,0,1,1,0,1,1,1,0,1,0,"0000000",99,99,99,99,99,99,0,0,0,1,0
13,130534,4,4,0,0,0,4,4,121,280,28,5,2016,7,10,35,1,2,3,1,3,"SR-42","",26,33.72600833,-84.34939167,0,12,7,0,1,1,0,1,1,1,0,1,0,"0000000",10,34,10,42,11,10,0,0,0,1,0
13,130535,1,1,0,0,0,1,1,297,2950,28,5,2016,7,23,16,0,1,5,4,6,"MONROE JERSEY ROAD","",13,33.73056389,-83.77623333,0,35,0,0,1,1,0,4,2,1,0,1,0,"0000000",99,98,99,98,88,88,0,0,0,1,1
13,130536,1,1,0,0,0,1,1,313,1510,28,5,2016,7,20,14,1,1,1,1,1,"I-75","",13,34.63526389,-84.97701389,0,42,0,0,1,1,0,4,1,1,0,1,0,"0000000",99,99,99,99,99,99,0,0,0,1,0
13,130537,1,1,0,0,0,1,1,121,2060,29,5,2016,1,3,22,0,2,4,4,6,"W. CAMPBELLTON STREET","SR-138",36,33.58388333,-84.58858333,0,34,0,0,3,4,0,4,2,1,0,1,0,"0000000",99,99,99,99,99,99,0,0,0,1,1
13,130538,1,1,0,1,1,2,2,129,4430,29,5,2016,1,13,11,0,1,4,1,3,"SR-53","PLAINVILLE ROAD",12,34.40695,-85.01311667,0,9,0,0,2,2,0,1,1,1,0,1,0,"0000000",99,98,99,98,88,88,0,0,0,1,0
13,130539,1,1,0,0,0,1,1,149,0,29,5,2016,1,8,0,1,1,3,1,3,"SR-1","",63,33.24950556,-85.04005833,0,1,0,0,1,1,0,3,2,1,0,1,0,"0000000",99,98,99,98,88,88,0,0,0,1,0
13,130540,2,2,0,0,0,3,3,207,0,29,5,2016,1,2,1,1,1,1,1,1,"I-75","",216,33.12758056,-84.00929167,0,12,2,0,1,1,0,1,2,1,0,1,0,"0000000",99,99,99,99,99,99,0,0,0,3,0
13,130541,1,1,0,0,0,1,1,217,0,30,5,2016,2,18,0,1,1,1,1,1,"I-20(RAMP)","",124,33.612575,-83.74564444,0,1,0,0,5,1,0,8,1,1,0,1,0,"0000000",18,2,18,17,18,52,0,0,0,1,0
13,130542,1,1,0,1,1,1,1,89,0,31,5,2016,3,21,54,0,2,4,2,4,"CR-COVINGTON HIGHWAY","",6,33.76155,-84.2474,0,8,0,0,1,1,0,1,3,1,0,1,0,"0000000",21,54,22,0,22,45,0,0,0,1,0
13,130543,1,1,0,0,0,1,1,121,4882,31,5,2016,3,0,6,1,2,2,1,3,"SR-400","",85,33.91911667,-84.35795278,0,59,0,0,1,1,0,4,3,1,0,1,0,"0000000",99,98,99,98,88,88,0,0,0,1,0
13,130544,1,1,0,0,0,1,1,151,0,31,5,2016,3,6,42,1,2,1,1,1,"I-75","",193,33.54916111,-84.28475556,0,25,0,0,1,1,1,4,1,1,0,1,0,"0000000",6,42,6,56,88,88,0,0,0,1,0
13,130545,2,2,0,1,1,1,1,157,0,31,5,2016,3,14,28,1,1,1,1,1,"I-85","",81,34.187775,-83.59177222,0,8,0,0,1,1,0,1,1,1,0,1,0,"0000000",99,98,99,98,88,88,0,0,0,1,0
13,130546,2,2,0,0,0,2,2,89,0,3,3,2016,5,10,31,0,2,4,1,3,"SR-154 / MEMORIAL DR","COVINGTON DR",55,33.762625,-84.25807222,0,12,6,0,2,3,0,1,1,10,0,10,0,"0000000",10,35,10,37,11,56,0,0,0,1,0
13,130547,1,1,0,0,0,1,1,95,90,3,3,2016,5,22,6,0,1,7,2,4,"CR-39 / PALM AVE","",30,31.47316111,-84.09447778,0,35,0,0,1,1,0,4,2,2,0,2,0,"0000000",22,7,22,18,23,0,0,0,0,1,1
13,130548,1,1,0,0,0,1,1,211,0,10,3,2016,5,10,1,1,1,1,1,1,"I-20","",8,33.603225,-83.66195278,0,34,0,0,1,1,0,4,1,1,0,1,0,"0000000",10,6,10,17,11,1,0,0,0,1,0
13,130549,2,2,0,0,0,2,2,135,3990,16,3,2016,4,12,41,1,2,3,1,3,"SR-140 / JIMMY CARTER BLVD","N NORCROSS TUCKER RD",44,33.921775,-84.21190556,0,12,6,0,2,2,0,1,1,1,0,1,0,"0000000",12,38,12,43,13,27,0,0,0,1,0
13,130550,2,2,0,0,0,2,2,59,270,17,3,2016,5,10,15,1,2,3,1,2,"US-441 / SR-15","OLD COMMERCE RD",93,33.98923611,-83.37816111,0,12,6,0,2,2,0,1,1,1,0,1,0,"0000000",10,17,10,27,10,44,0,0,0,1,0
13,130551,2,2,0,0,0,4,4,21,3390,19,3,2016,7,19,41,1,2,3,1,2,"US-129 / HAWKINSVILLE RD","S AVONDALE CIR",20,32.69027222,-83.63666111,0,12,6,0,2,3,0,1,5,1,0,1,0,"0000000",0,21,0,28,0,53,0,0,0,1,1
13,130552,1,1,0,0,0,1,1,261,0,26,3,2016,7,8,19,0,1,5,1,3,"SR-45","",50,32.02250556,-84.39896667,0,34,0,0,1,1,0,4,1,10,0,10,0,"0000000",8,18,8,22,8,59,0,0,0,1,0
13,130553,3,3,0,0,0,4,4,21,3390,27,3,2016,1,17,20,1,2,1,1,1,"I-75","",152,32.88349167,-83.67043611,0,12,1,0,1,1,0,1,1,2,0,2,0,"0000000",17,35,17,50,18,15,0,0,0,1,0
13,130554,1,1,0,1,1,0,0,129,860,18,4,2016,2,99,99,1,2,1,1,1,"I-75 RAMP","",76,34.50902778,-84.91835,0,16,0,0,20,1,0,1,1,99,0,99,0,"0000000",99,98,99,98,88,88,23,0,0,1,0
13,130555,1,1,0,0,0,2,2,215,1280,15,5,2016,1,99,99,0,2,5,2,4,"CR-40 / COUNTY LINE RD","",20,32.58308611,-84.78886944,0,39,0,0,1,1,0,4,3,1,0,1,0,"0000000",88,88,88,88,88,88,0,0,0,2,0