"STATE","ST_CASE","VE_TOTAL","VE_FORMS","PVH_INVL","PEDS","PERNOTMVIT","PERMVIT","PERSONS","COUNTY","CITY","DAY","MONTH","YEAR","DAY_WEEK","HOUR","MINUTE","NHS","RUR_URB","FUNC_SYS","RD_OWNER","ROUTE","TWAY_ID","TWAY_ID2","MILEPT","LATITUDE","LONGITUD","SP_JUR","HARM_EV","MAN_COLL","RELJCT1","RELJCT2","TYP_INT","WRK_ZONE","REL_ROAD","LGT_COND","WEATHER1","WEATHER2","WEATHER","SCH_BUS","RAIL","NOT_HOUR","NOT_MIN","ARR_HOUR","ARR_MIN","HOSP_HR","HOSP_MN","CF1","CF2","CF3","FATALS","DRUNK_DR"
13,130556,1,1,0,1,1,1,1,121,1250,1,6,2016,4,5,8,0,2,4,1,3,"SR-279","",49,33.61963611,-84.47338611,0,8,0,0,1,1,0,1,3,1,0,1,0,"0000000",5,10,5,16,5,53,0,0,0,1,0
13,130557,2,2,0,0,0,2,2,319,0,1,6,2016,4,10,56,0,1,4,1,3,"SR-57","",242,32.80219722,-83.02003889,0,12,1,0,1,1,0,1,1,1,0,1,0,"0000000",99,99,99,99,99,99,0,0,0,1,0
13,130558,1,1,0,0,0,1,1,73,0,2,6,2016,5,5,13,0,1,5,1,3,"SR-150","",18,33.60476667,-82.38967222,0,32,0,0,1,1,0,4,2,5,0,5,0,"0000000",5,49,5,56,88,88,0,0,0,1,0
13,130559,2,2,0,0,0,2,2,121,1900,2,6,2016,5,5,18,0,2,4,1,6,"WASHINGTON RD","",39,33.643025,-84.48948056,0,1,0,0,1,1,0,1,2,1,0,1,0,"0000000",99,99,99,99,99,99,0,0,0,1,1
13,130560,2,2,0,0,0,4,4,51,4910,3,6,2016,6,23,11,0,2,4,1,3,"SR-204SP / DIAMOND CSWY","",52,31.94958889,-81.07771111,0,12,2,0,1,1,0,1,2,1,0,1,0,"0000000",23,12,23,20,0,1,0,0,0,1,0
13,130561,2,2,0,0,0,3,3,67,5070,3,6,2016,6,1,24,0,2,4,4,6,"WINDY HILL RD","ATLANTA RD",13,33.89438889,-84.52048056,0,12,6,0,2,2,1,1,3,1,0,1,0,"0000000",99,99,99,99,99,99,20,0,0,1,0
13,130562,1,1,0,1,1,1,1,223,0,3,6,2016,6,22,42,0,1,4,1,3,"SR-120","",10,33.83059167,-85.03131667,0,8,0,0,1,1,0,1,2,1,0,1,0,"0000000",99,98,99,98,88,88,0,0,0,1,0
13,130563,1,1,0,0,0,2,2,295,0,3,6,2016,6,21,53,0,2,6,2,4,"CR-298 / PARK CITY RD","",15,34.96371111,-85.28094444,0,1,0,0,1,1,0,1,2,1,0,1,0,"0000000",21,54,22,0,22,40,0,0,0,1,0
13,130564,1,1,0,0,0,2,2,29,0,4,6,2016,7,19,56,0,2,6,2,4,"CR-90 / OAK LEVEL RD","",116,31.85574722,-81.22361944,0,42,0,0,1,1,0,4,1,1,0,1,0,"0000000",99,98,99,98,88,88,0,0,0,2,1
13,130565,1,1,0,0,0,1,1,31,0,4,6,2016,7,0,55,1,1,1,1,1,"I-16","",221,32.22870556,-81.59223056,0,42,0,0,1,1,0,3,2,10,0,10,0,"0000000",88,88,88,88,88,88,0,0,0,1,0
13,130566,2,2,0,0,0,6,6,31,0,4,6,2016,7,16,40,0,1,5,2,4,"CR-583 / ELDORA RD","",5,32.243525,-81.45331944,0,12,2,0,1,1,0,1,1,1,0,1,0,"0000000",16,44,17,15,17,46,0,0,0,1,0
13,130567,1,1,0,0,0,1,1,87,0,4,6,2016,7,6,22,0,2,4,1,3,"SR-97","",275,30.95122222,-84.51173889,0,42,0,0,1,1,0,5,4,1,0,1,0,"0000000",88,88,88,88,88,88,0,0,0,1,0
13,130568,2,2,0,0,0,2,2,89,1750,4,6,2016,7,23,3,0,2,4,4,6,"OAKCLIFF RD","WINDSOR OAK DR",5,33.910425,-84.26004444,0,12,6,0,2,3,0,1,2,1,0,1,0,"0000000",23,6,23,13,23,39,0,0,0,1,0
13,130569,1,1,0,1,1,1,1,109,0,4,6,2016,7,0,34,0,1,5,2,4,"CR-206 / HENDRIX BRIDGE RD","",6,32.17770833,-81.91265,0,8,0,0,1,1,0,1,2,1,0,1,0,"0000000",0,33,1,8,1,58,0,0,0,1,0
13,130570,1,1,0,0,0,1,1,139,0,4,6,2016,7,1,23,0,2,6,2,4,"CR-784 / HARMONY CHURCH RD","",13,34.25971111,-83.73151389,0,34,0,0,1,1,0,4,2,1,0,1,0,"0000000",1,23,1,32,4,9,0,0,0,1,1
13,130571,1,1,0,0,0,1,1,297,0,4,6,2016,7,3,36,0,2,6,2,4,"CR-280 / GRATIS RD","JAMES HUFF RD",9,33.83088611,-83.69555278,0,42,0,0,3,3,0,4,3,1,0,1,0,"0000000",88,88,88,88,88,88,0,0,0,1,1
13,130572,1,1,0,1,1,1,1,63,0,5,6,2016,1,1,23,1,2,3,1,2,"US-19/41 / SR-3","SHERWOOD DR",101,33.56404444,-84.37132778,0,8,0,0,3,2,0,1,2,10,0,10,0,"0000000",1,24,1,30,1,40,0,0,0,1,0
13,130573,1,1,0,0,0,2,2,105,1950,5,6,2016,1,1,50,0,2,7,4,6,"CAMPBELL ST","THIRD ST",5,34.11385278,-82.85330278,0,33,0,0,3,3,0,4,3,1,0,1,0,"0000000",1,51,1,55,3,47,0,0,0,1,1
13,130574,1,1,0,0,0,2,2,131,0,5,6,2016,1,18,49,0,1,7,2,4,"CR-122 / PIERCE CHAPEL RD","",0,30.83783889,-84.12176111,0,32,0,0,1,1,0,4,1,1,0,1,0,"0000000",18,53,19,1,19,51,0,0,0,1,0
13,130575,1,1,0,1,1,1,1,245,310,6,6,2016,2,1,36,0,2,4,2,4,"CR-3887 / HEPHZIBAH MCBEAN RD","",16,33.25818889,-82.01705,0,8,0,0,1,1,0,1,2,10,0,10,0,"0000000",88,88,88,88,88,88,0,0,0,1,1
13,130576,1,1,0,0,0,1,1,21,3390,7,6,2016,3,7,20,0,1,4,1,2,"US-23 / OCMULGEE EAST","",0,32.75390556,-83.56108333,0,42,0,0,1,1,0,4,1,1,0,1,0,"0000000",99,98,99,98,88,88,0,0,0,1,0
13,130577,1,1,0,0,0,1,1,33,0,7,6,2016,3,0,45,0,1,5,1,3,"SR-24","",266,33.07648889,-82.06818056,0,34,0,0,1,1,0,4,2,10,0,10,0,"0000000",0,24,0,30,88,88,0,0,0,1,1
13,130578,1,1,0,0,0,1,1,79,0,7,6,2016,3,5,36,0,1,5,1,3,"SR-42","",144,32.72387222,-83.99146111,0,42,0,0,1,1,0,4,2,10,0,10,0,"0000000",99,99,99,99,88,88,0,0,0,1,0
13,130579,1,1,0,1,1,1,1,157,0,8,6,2016,4,19,0,0,1,6,2,4,"CR-692 / DOSTER RD","",1,34.09548056,-83.67108056,0,8,0,0,1,1,0,1,1,1,0,1,0,"0000000",19,11,19,17,20,11,0,0,0,1,0
13,130580,1,1,0,0,0,2,2,175,0,8,6,2016,4,16,11,1,1,1,1,1,"I-16","",77,32.52359167,-83.09538056,0,42,0,0,1,1,0,4,1,1,0,1,0,"0000000",16,19,16,39,17,14,0,0,0,1,0
13,130581,2,2,0,0,0,4,4,185,0,8,6,2016,4,14,25,1,2,1,1,1,"I-75","",110,30.75650278,-83.27749167,0,59,0,0,1,1,0,4,1,1,0,1,0,"0000000",14,31,14,37,15,8,14,0,0,1,0
13,130582,1,1,0,0,0,1,1,295,0,8,6,2016,4,16,16,0,1,7,2,4,"CR-46 / CORINTH RD","",23,34.67468056,-85.24851944,0,1,0,0,1,1,0,1,1,1,0,1,0,"0000000",99,98,99,98,88,88,0,0,0,1,0
13,130583,1,1,0,0,0,1,1,185,0,9,6,2016,5,16,25,1,2,1,1,1,"I-75","",205,30.88058611,-83.34595,0,1,0,0,1,1,0,1,1,1,0,1,0,"0000000",88,88,88,88,88,88,0,0,0,1,0
13,130584,1,1,0,0,0,1,1,233,0,9,6,2016,5,2,29,0,1,5,2,4,"CR-436 / LIVE OAK RD","",115,34.09640833,-85.083675,0,42,0,0,1,1,0,4,2,1,0,1,0,"0000000",99,99,99,99,99,99,0,0,0,1,0
13,130585,2,2,0,0,0,2,2,295,0,9,6,2016,5,18,40,0,2,6,2,4,"CR-350 / WILSON RD","GLENTANA RD",4,34.97836389,-85.31030833,0,12,6,0,2,3,0,1,1,1,0,1,0,"0000000",99,99,99,99,99,99,0,0,0,1,0
13,130586,2,2,0,0,0,7,7,77,0,10,6,2016,6,19,42,0,2,4,1,3,"SR-54","FISCHER RD",148,33.39164722,-84.62405278,0,12,6,0,2,4,0,1,1,1,0,1,0,"0000000",99,99,99,99,99,99,0,0,0,1,1
13,130587,1,1,0,1,1,1,1,97,0,10,6,2016,6,5,3,1,2,3,1,3,"SR-6","",25,33.787975,-84.62008056,0,8,0,0,1,1,0,1,2,1,0,1,0,"0000000",88,88,88,88,88,88,0,0,0,1,0
13,130588,1,1,0,0,0,1,1,297,0,10,6,2016,6,14,47,0,1,7,2,4,"CR-51 / LEE PETERS RD","NEW HOPE CHURCH RD",0,33.83825556,-83.790175,0,1,0,0,3,3,0,4,1,1,0,1,0,"0000000",14,48,14,55,15,45,0,0,0,1,0
13,130589,1,1,0,1,1,1,1,51,4910,11,6,2016,7,13,1,1,2,3,4,6,"E BAY ST","",4,32.07996667,-81.08778333,0,9,0,0,1,1,0,1,1,1,0,1,0,"0000000",13,5,13,11,13,20,0,0,0,1,0
13,130590,3,3,0,0,0,4,4,121,2060,11,6,2016,7,22,37,1,2,3,1,2,"US-29 / SR-14","SR-138",79,33.57436944,-84.56641111,0,12,6,0,2,2,0,1,3,10,0,10,0,"0000000",99,99,99,99,99,99,0,0,0,1,1
13,130591,2,2,0,0,0,7,7,139,0,11,6,2016,7,8,56,0,2,6,1,3,"SR-332","TALMO RD",3,34.19669444,-83.74256389,0,12,6,0,2,3,0,1,1,1,0,1,0,"0000000",8,55,9,6,9,41,0,0,0,3,0
13,130592,2,2,0,0,0,4,4,215,1280,11,6,2016,7,3,18,0,2,7,2,4,"CR-1862 / MILGEN RD","",3,32.52169722,-84.88981667,0,12,2,0,1,1,0,1,3,1,0,1,0,"0000000",3,19,3,24,3,57,0,0,0,1,1
13,130593,1,1,0,0,0,1,1,147,0,12,6,2016,1,18,12,0,2,7,2,4,"CR-52 / ERNEST OLIVER RD","",4,34.31371944,-82.92441389,0,1,0,0,1,1,0,4,1,1,0,1,0,"0000000",18,16,18,25,19,11,0,0,0,1,1
13,130594,2,2,0,0,0,2,2,45,0,13,6,2016,2,12,12,0,1,5,2,4,"CR-834 / SMITHFIELD RD","",62,33.58479444,-85.24618611,0,12,6,0,1,1,0,1,1,1,0,1,0,"0000000",99,99,99,99,99,99,0,0,0,1,0
13,130595,1,1,0,0,0,1,1,69,0,13,6,2016,2,9,51,0,1,7,2,4,"CR-167 / GEORGE DEEN RD","",27,31.64385556,-82.83220278,0,1,0,0,1,1,0,1,1,1,0,1,0,"0000000",99,99,99,99,88,88,0,0,0,1,0
13,130596,1,1,0,0,0,1,1,211,0,13,6,2016,2,5,49,0,1,5,2,4,"CR-386 / PRICE MILL RD","",28,33.77981944,-83.47858333,0,35,0,0,1,1,0,4,2,1,0,1,0,"0000000",99,98,99,98,88,88,0,0,0,1,0
13,130597,1,1,0,0,0,1,1,95,90,15,6,2016,4,7,11,0,1,5,2,4,"CR-459 / S COUNTY LINE RD","",0,31.46026944,-83.99774167,0,23,0,0,1,1,0,4,1,99,0,99,0,"0000000",7,12,7,23,7,50,0,0,0,1,0
13,130598,2,2,0,0,0,3,3,97,0,15,6,2016,4,8,52,1,2,3,1,3,"SR-70 / FAIRBURN RD","KING DR",52,33.69328333,-84.63679722,0,12,2,0,1,1,0,1,2,1,0,1,0,"0000000",9,1,9,9,10,21,0,0,0,1,0
13,130599,2,2,0,0,0,2,2,113,0,15,6,2016,4,1,45,1,2,3,1,3,"SR-85","KENWOOD RD",149,33.51167222,-84.42993889,0,12,2,0,2,2,0,1,2,1,0,1,0,"0000000",1,45,1,50,2,30,0,0,0,1,0
13,130600,2,2,0,0,0,4,4,121,2060,15,6,2016,4,15,11,1,2,3,1,3,"SR-138","BETHSAIDA RD",54,33.55907222,-84.50658333,0,12,6,0,2,3,0,1,1,1,0,1,0,"0000000",15,11,15,15,99,99,0,0,0,1,0
13,130601,1,1,0,0,0,1,1,139,0,15,6,2016,4,20,37,0,1,7,2,4,"CR-1909 / FLAT ROCK DR","",5,34.16495,-83.89616111,0,35,0,0,1,1,0,4,1,1,0,1,0,"0000000",20,32,20,38,21,2,0,0,0,1,0
13,130602,3,3,0,0,0,3,3,39,0,16,6,2016,5,1,7,1,1,1,1,1,"I-95","",257,31.09648889,-81.60118889,0,12,1,0,1,1,0,1,2,10,0,10,0,"0000000",99,98,99,98,88,88,0,0,0,1,1
13,130603,1,1,0,0,0,4,4,117,0,16,6,2016,5,18,0,0,2,4,2,4,"CR-85 / BUFORD DAM RD","",0,34.16118056,-84.07445833,1,35,0,0,1,1,0,4,1,1,0,1,0,"0000000",18,3,18,16,18,51,0,0,0,1,0
13,130604,1,1,0,0,0,1,1,121,1250,16,6,2016,5,1,33,1,2,3,1,2,"US-29 / SR-14","",102,33.59844167,-84.54742222,0,30,0,0,1,1,0,4,2,1,0,1,0,"0000000",1,33,1,38,88,88,0,0,0,1,0
13,130605,1,1,0,0,0,1,1,139,0,16,6,2016,5,7,22,0,1,5,1,3,"SR-52","",21,34.4682,-83.8257,0,35,0,0,1,1,0,4,1,1,0,1,0,"0000000",10,5,10,5,10,27,0,0,0,1,0
13,130606,2,2,0,0,0,2,2,175,0,16,6,2016,5,11,1,0,1,4,1,2,"US-80 / SR-19","",370,32.56594444,-83.17351944,0,12,2,0,1,1,0,1,1,1,0,1,0,"0000000",10,57,11,10,11,59,0,0,0,1,0
13,130607,1,1,0,0,0,1,1,151,0,26,6,2016,1,0,32,0,2,7,2,4,"CR-434 / SNAPPING SHOALS RD","",34,33.45738611,-84.01819444,0,42,0,0,1,1,0,4,2,1,0,1,0,"0000000",0,32,0,45,88,88,0,0,0,1,1
13,130608,1,1,0,1,1,1,1,215,1280,27,3,2016,1,21,20,0,2,7,4,6,"FLAT ROCK ROAD","",0,32.53725556,-84.87011111,0,8,0,0,1,1,0,4,3,10,0,10,0,"0000000",21,24,21,34,21,48,0,0,0,1,0
13,130609,2,2,0,1,1,2,2,21,3390,29,3,2016,3,6,21,0,2,7,4,6,"HAWKINSVILLE HIGHWAY","",1,32.73796667,-83.65576389,0,8,0,0,1,1,0,1,4,1,0,1,0,"0000000",6,17,6,26,88,88,0,0,0,1,0
13,130610,1,1,0,0,0,1,1,21,3390,29,3,2016,3,19,31,1,2,3,4,3,"SR-247","",38,32.71474167,-83.64819167,0,32,0,0,1,1,0,4,1,1,0,1,0,"0000000",99,99,99,99,99,99,0,0,0,1,0
13,130611,2,2,0,0,0,2,2,57,920,30,3,2016,4,7,4,0,2,4,4,6,"MARIETTA HIGHWAY","UNIVETER ROAD",11,34.20254444,-84.50632222,0,12,6,0,2,2,0,1,1,1,0,1,0,"0000000",7,3,7,8,7,27,0,0,0,1,0
13,130612,2,2,0,0,0,2,2,127,0,30,3,2016,4,18,4,0,2,4,2,4,"CR-SEA ISLAND ROAD","",16,31.18413889,-81.37996667,0,12,6,0,8,1,0,1,1,1,0,1,0,"0000000",18,4,18,6,18,47,0,0,0,1,0
13,130613,1,1,0,0,0,1,1,89,0,3,4,2016,1,0,24,0,2,7,2,4,"CR-HOUSTON MILL ROAD","",12,33.79744167,-84.32490833,0,33,0,0,1,1,0,4,3,1,0,1,0,"0000000",0,24,99,99,99,99,0,0,0,1,0
13,130614,1,1,0,0,0,1,1,137,1150,11,4,2016,2,16,35,0,1,5,4,6,"HABERSHAM MILLS ROAD","",27,34.58871389,-83.55455833,0,34,0,0,1,1,0,4,1,10,0,10,0,"0000000",16,31,16,40,17,1,0,0,0,1,0
13,130615,2,2,0,0,0,2,2,9,3620,16,4,2016,7,14,7,1,2,3,4,3,"SR-24","",170,33.11020278,-83.25583056,0,12,6,0,8,1,0,1,1,1,0,1,0,"0000000",14,8,14,13,14,59,0,0,0,1,0
13,130616,1,1,0,1,1,1,1,115,4760,22,4,2016,6,7,9,0,2,4,4,6,"MAPLE ROAD","",49,34.22226667,-85.16741389,0,8,0,0,1,1,0,1,1,99,0,99,0,"0000000",99,99,99,99,99,99,99,99,99,1,0
13,130617,1,1,0,1,1,1,1,21,3390,23,4,2016,7,18,2,0,2,7,4,6,"RICE MILL ROAD","",13,32.79161111,-83.67071667,0,8,0,0,1,1,0,1,1,1,0,1,0,"0000000",18,3,18,13,18,29,0,0,0,1,0
13,130618,1,1,0,0,0,1,1,207,2190,12,6,2016,1,20,17,0,1,6,4,6,"STOKES STORE ROAD","",63,33.14967778,-83.86893056,0,32,0,0,1,1,0,4,8,98,0,98,0,"0000000",99,98,99,98,88,88,0,0,0,1,1
13,130619,1,1,0,0,0,3,3,157,0,17,6,2016,6,7,25,1,2,1,1,1,"I-85","",47,34.12732778,-83.726825,0,1,0,0,1,1,0,3,1,1,0,1,0,"0000000",7,25,7,34,8,17,0,0,0,1,0
13,130620,1,1,0,0,0,6,6,191,0,17,6,2016,6,14,14,1,1,1,1,1,"I-95","",184,31.59716111,-81.42286389,0,24,0,0,1,1,0,3,1,1,0,1,0,"0000000",14,2,14,13,15,20,0,0,0,1,0
13,130621,1,1,0,1,1,1,1,51,2290,18,6,2016,7,22,25,1,2,3,1,3,"SR-26","",85,32.09214444,-81.19454167,0,9,0,0,1,1,0,1,2,1,0,1,0,"0000000",22,24,22,35,22,54,0,0,0,1,0
13,130622,1,1,0,0,0,2,2,67,0,18,6,2016,7,0,15,0,2,7,2,4,"CR-BRIDGEHAMPTON ROAD","",1,33.88811944,-84.61865556,0,5,0,0,1,1,0,1,2,1,0,1,0,"0000000",0,15,0,23,0,46,0,0,0,1,0
13,130623,2,2,0,0,0,3,3,73,0,18,6,2016,7,9,8,0,2,4,1,3,"SR-223","",99,33.47025833,-82.23930278,0,12,2,0,1,1,0,1,1,10,0,10,0,"0000000",9,8,9,14,10,3,0,0,0,1,0
13,130624,1,1,0,0,0,4,4,89,0,18,6,2016,7,21,40,0,2,6,2,4,"CR-MCAFEE ROAD","",25,33.73199722,-84.29670278,0,42,0,0,1,1,0,4,3,1,0,1,0,"0000000",21,46,21,52,22,29,0,0,0,1,0
13,130625,1,1,0,1,1,1,1,89,0,18,6,2016,7,22,35,0,2,4,2,4,"CR-PLEASANTDALE ROD","",40,33.90157222,-84.24426389,0,8,0,0,1,1,0,1,3,1,0,1,0,"0000000",22,42,22,46,23,13,0,0,0,1,0
13,130626,1,1,0,0,0,1,1,205,0,18,6,2016,7,8,50,0,1,5,2,4,"CR-GREENOUGH ROAD","",44,31.31643333,-84.07478889,0,1,0,0,1,1,0,4,2,2,0,2,0,"0000000",99,98,99,98,88,88,0,0,0,1,1
13,130627,2,2,0,0,0,3,3,63,0,19,6,2016,1,2,56,1,2,3,2,4,"CR-TARA BLVD.","FREEMAN ROAD",35,33.47557222,-84.33750556,0,12,6,0,3,3,0,1,2,1,0,1,0,"0000000",2,58,3,5,4,45,0,0,0,2,0
13,130628,1,1,0,0,0,6,6,67,0,20,6,2016,2,3,54,0,2,7,2,4,"CR-CLAY ROAD","",28,33.83334444,-84.62167222,0,42,0,0,1,1,0,4,3,1,0,1,0,"0000000",3,55,3,59,4,53,0,0,0,2,1
13,130629,2,2,0,0,0,3,3,77,0,20,6,2016,2,18,32,0,2,5,1,3,"SR-54","CECIL HUNTER ROAD",30,33.26086944,-84.72198056,0,12,6,0,3,3,0,1,1,1,0,1,0,"0000000",99,99,99,99,99,99,0,0,0,2,1
13,130630,1,1,0,0,0,4,4,179,0,20,6,2016,2,12,51,1,1,1,1,1,"I-95","",35,31.6937,-81.391825,0,42,0,0,1,1,0,3,1,1,0,1,0,"0000000",12,52,13,14,13,59,0,0,0,1,1
13,130631,3,3,0,0,0,3,3,261,0,20,6,2016,2,17,20,1,1,3,1,2,"US-SR30","LAMAR ROAD",348,31.96243889,-83.94773889,0,12,7,0,2,2,0,1,1,1,0,1,0,"0000000",17,21,17,44,18,21,0,0,0,1,0
13,130632,1,1,0,0,0,2,2,15,980,21,6,2016,3,13,49,1,2,1,1,1,"I-75","",7,34.08000556,-84.67106944,0,52,0,0,1,1,0,3,1,10,0,10,0,"0000000",13,52,13,59,14,40,0,0,0,1,0
13,130633,1,1,0,1,1,1,1,67,0,21,6,2016,3,21,52,0,2,4,1,3,"SR-280","",74,33.9056,-84.54281389,0,8,0,0,1,1,0,1,2,1,0,1,0,"0000000",21,52,21,56,22,36,0,0,0,1,0
13,130634,1,1,0,0,0,1,1,123,9997,21,6,2016,3,10,20,0,1,5,1,3,"SR-5","",6,34.55896389,-84.53900278,0,35,0,0,1,1,0,4,1,1,0,1,0,"0000000",99,98,99,98,88,88,0,0,0,1,0
13,130635,2,2,0,0,0,5,5,51,4450,22,6,2016,4,5,40,1,2,1,1,1,"I-16","",51,32.08386667,-81.27899444,0,12,2,0,1,1,0,1,4,1,0,1,0,"0000000",99,98,99,98,88,88,0,0,0,5,0
13,130636,2,2,0,0,0,2,2,103,0,22,6,2016,4,18,43,1,1,3,1,3,"SR-21","",182,32.43690556,-81.37998611,0,12,2,0,1,1,0,1,1,1,0,1,0,"0000000",18,43,19,0,19,57,0,0,0,1,0
13,130637,2,2,0,0,0,2,2,121,280,22,6,2016,4,3,59,1,2,1,1,1,"I-75","",121,33.80184167,-84.40358889,0,12,1,0,1,1,0,1,3,1,0,1,0,"0000000",3,58,4,2,4,24,0,0,0,1,0
13,130638,2,2,0,0,0,5,5,135,9997,22,6,2016,4,23,8,0,2,4,1,3,"SR-124","",263,34.07397778,-83.89024167,0,12,2,0,1,1,0,1,2,1,0,1,0,"0000000",21,33,23,15,23,47,0,0,0,1,1
13,130639,1,1,0,0,0,1,1,231,0,22,6,2016,4,6,9,0,1,5,1,3,"SR-109","",98,33.02739444,-84.38908611,0,42,0,0,1,1,0,4,4,1,0,1,0,"0000000",6,21,6,29,88,88,0,0,0,1,0
13,130640,1,1,0,1,1,1,1,63,0,23,6,2016,5,3,10,1,2,3,1,3,"SR-3","",68,33.518875,-84.36375278,0,8,0,0,1,1,0,1,3,1,0,1,0,"0000000",3,10,3,40,3,45,0,0,0,1,0
13,130641,1,1,0,0,0,1,1,67,3440,23,6,2016,5,99,99,0,2,7,4,6,"STEINHAUER ROAD","",0,34.06304167,-84.48367778,0,42,0,0,1,1,0,4,9,99,0,99,0,"0000000",88,88,88,88,88,88,0,0,0,1,0
13,130642,1,1,0,1,1,1,1,89,1610,23,6,2016,5,11,10,0,2,6,4,6,"MCAFEE ROAD","WILLA WAY",14,33.73174167,-84.27700833,0,8,0,0,3,3,0,1,1,1,0,1,0,"0000000",99,98,99,98,88,88,0,0,0,1,0
13,130643,1,1,0,1,1,2,2,135,5080,23,6,2016,5,9,36,0,2,4,1,3,"SR-264","",13,33.82072222,-84.06514444,0,33,0,0,1,1,0,4,1,1,0,1,0,"0000000",9,36,9,43,10,11,0,0,0,1,0
13,130644,2,2,0,0,0,2,2,135,5300,23,6,2016,5,10,39,0,2,6,4,6,"OLD PEACHTREE ROAD","MANOR GLEN DRIVE",3,34.01720556,-84.05418611,0,12,7,0,2,3,0,1,1,1,0,1,0,"0000000",10,40,10,43,11,4,0,0,0,1,0
13,130645,1,1,0,0,0,2,2,305,0,23,6,2016,5,8,48,1,1,3,1,3,"SR-38","",100,31.574525,-81.96055556,0,34,0,0,1,1,0,4,1,1,0,1,0,"0000000",99,99,99,99,99,99,0,0,0,1,0
13,130646,1,1,0,0,0,2,2,311,1190,23,6,2016,5,22,40,0,1,7,4,6,"JOE BLACK ROAD","",15,34.65657778,-83.74115833,0,34,0,0,1,1,0,4,2,1,0,1,0,"0000000",99,99,99,99,99,99,0,0,0,1,1
13,130647,2,2,0,0,0,3,3,93,0,24,6,2016,6,14,31,1,1,1,1,1,"I-75","",79,32.14770556,-83.75682778,0,12,7,0,1,1,0,1,1,1,0,1,0,"0000000",99,98,99,98,88,88,0,0,0,1,0
13,130648,1,1,0,0,0,6,6,93,0,24,6,2016,6,14,50,1,1,1,1,1,"I-75","",46,32.107325,-83.76278611,0,1,0,0,1,1,0,3,1,1,0,1,0,"0000000",99,99,99,99,99,99,0,0,0,1,0
13,130649,1,1,0,0,0,1,1,107,0,24,6,2016,6,22,30,0,1,4,1,2,"US-SR26","",20,32.54631944,-82.57655,0,42,0,0,1,1,0,4,2,1,0,1,0,"0000000",99,99,99,99,88,88,0,0,0,1,0
13,130650,2,2,0,0,0,3,3,115,0,24,6,2016,6,20,55,1,2,3,1,3,"SR-20","",112,34.26655,-85.27875833,0,12,2,0,1,1,0,1,1,1,0,1,0,"0000000",20,57,21,6,21,51,0,0,0,1,0
13,130651,2,2,0,0,0,2,2,33,0,25,6,2016,7,16,8,0,1,5,1,3,"SR-23","",245,33.16462222,-81.90926667,0,12,1,0,1,1,0,1,1,1,0,1,0,"0000000",16,8,16,18,17,19,0,0,0,1,0
13,130652,1,1,0,0,0,1,1,49,0,25,6,2016,7,19,49,0,1,7,2,4,"CR-CANADAY ROAD","",16,30.46502778,-82.19529167,0,34,0,0,1,1,0,4,5,1,0,1,0,"0000000",99,99,99,99,88,88,0,0,0,1,1
13,130653,2,2,0,0,0,2,2,57,0,25,6,2016,7,6,0,0,2,4,2,4,"CR-WADE GREEN ROAD","",2,34.08112778,-84.58873611,0,12,2,0,1,1,0,1,2,1,0,1,0,"0000000",99,98,99,98,88,88,0,0,0,2,0
13,130654,2,2,0,0,0,2,2,153,5790,25,6,2016,7,23,0,0,2,4,4,6,"N. DAVIS ROAD","",2,32.62181389,-83.61304167,0,12,6,0,8,1,0,1,3,10,0,10,0,"0000000",23,4,23,8,23,40,0,0,0,1,0
13,130655,1,1,0,0,0,2,2,179,0,25,6,2016,7,8,47,0,1,5,1,3,"SR-196","",33,31.87128611,-81.42453333,0,34,0,0,1,1,0,4,1,1,0,1,0,"0000000",8,49,9,10,9,57,0,0,0,1,0
13,130656,1,1,0,0,0,4,4,187,1480,25,6,2016,7,16,55,0,1,7,4,6,"GOLDEN BEAR PASS","",54,34.50659722,-83.96258333,0,1,0,0,1,1,0,4,1,1,0,1,0,"0000000",99,99,99,99,99,99,0,0,0,1,0
13,130657,1,1,0,0,0,1,1,261,0,25,6,2016,7,10,45,0,1,5,1,3,"SR-195","",140,32.08933056,-84.07095,0,1,0,0,1,1,0,4,1,1,0,1,0,"0000000",10,45,10,59,11,30,0,0,0,1,0
13,130658,3,3,0,0,0,4,4,313,0,25,6,2016,7,17,42,1,2,1,1,1,"I-75","",151,34.83260556,-85.01806389,0,12,6,0,1,1,1,1,1,1,0,1,0,"0000000",17,42,17,48,19,0,0,0,0,1,0
13,130659,3,3,0,0,0,4,4,89,0,26,6,2016,1,13,10,0,2,4,1,3,"SR-12","",88,33.71738333,-84.14471667,0,12,2,0,8,1,0,1,1,1,0,1,0,"0000000",13,13,13,16,13,45,0,0,0,1,0
13,130660,2,2,0,0,0,3,3,255,0,26,6,2016,1,1,13,0,2,7,2,4,"CR-SLAUGHTER ROAD","",2,33.34540278,-84.28158056,0,12,8,0,1,1,0,1,2,1,0,1,0,"0000000",1,17,1,50,2,25,0,0,0,1,2
13,130661,1,1,0,1,1,1,1,1,0,27,6,2016,2,5,6,1,1,3,1,3,"SR-27","",77,31.79673333,-82.40191389,0,8,0,0,1,1,0,1,2,1,0,1,0,"0000000",99,99,99,99,99,99,0,0,0,1,0
13,130662,3,3,0,0,0,8,8,121,0,27,6,2016,2,14,59,0,2,4,1,3,"SR-70","BOAT ROCK ROAD",265,33.72498056,-84.58270556,0,12,1,0,2,2,0,1,1,1,0,1,0,"0000000",14,59,15,15,99,99,20,0,0,1,0
13,130663,2,2,0,0,0,2,2,213,0,27,6,2016,2,21,45,0,1,5,2,4,"CR-OLD CCC CAMP ROAD","",31,34.81938611,-84.70765833,0,12,2,0,1,1,0,1,2,10,0,10,0,"0000000",21,48,22,0,99,99,0,0,0,1,1