"STATE","ST_CASE","VE_TOTAL","VE_FORMS","PVH_INVL","PEDS","PERNOTMVIT","PERMVIT","PERSONS","COUNTY","CITY","DAY","MONTH","YEAR","DAY_WEEK","HOUR","MINUTE","NHS","RUR_URB","FUNC_SYS","RD_OWNER","ROUTE","TWAY_ID","TWAY_ID2","MILEPT","LATITUDE","LONGITUD","SP_JUR","HARM_EV","MAN_COLL","RELJCT1","RELJCT2","TYP_INT","WRK_ZONE","REL_ROAD","LGT_COND","WEATHER1","WEATHER2","WEATHER","SCH_BUS","RAIL","NOT_HOUR","NOT_MIN","ARR_HOUR","ARR_MIN","HOSP_HR","HOSP_MN","CF1","CF2","CF3","FATALS","DRUNK_DR"
13,130664,1,1,0,1,1,1,1,303,2600,27,6,2016,2,5,56,0,1,7,4,6,"BARTOW DUBLIN ROAD","",67,32.80176111,-82.63137778,0,8,0,0,1,1,0,1,2,1,0,1,0,"0000000",99,99,99,99,88,88,0,0,0,1,0
13,130665,1,1,0,1,1,1,1,21,3390,28,6,2016,3,21,58,1,2,3,4,3,"SR-22","BLOOMFIELD ROAD",102,32.81632222,-83.70849722,0,8,0,0,2,2,0,1,2,2,0,2,0,"0000000",99,99,99,99,99,99,0,0,0,1,0
13,130666,2,2,0,0,0,2,2,103,0,28,6,2016,3,14,49,0,1,5,2,4,"CR-OLD RIVER ROAD","",18,32.12944722,-81.38550833,0,12,2,0,1,1,0,1,1,1,0,1,0,"0000000",14,52,15,1,15,46,0,0,0,1,0
13,130667,1,1,0,1,1,1,1,47,9997,30,6,2016,5,21,30,0,1,7,4,6,"SAM LEWIS ROAD","",2,34.959175,-85.04065556,0,8,0,0,1,1,0,1,2,1,0,1,0,"0000000",99,99,99,99,88,88,0,0,0,1,1
13,130668,1,1,0,1,1,1,1,121,280,30,6,2016,5,23,57,1,2,1,1,1,"I-75","",104,33.78669722,-84.39111111,0,8,0,0,1,1,0,1,3,1,0,1,0,"0000000",99,98,99,98,88,88,0,0,0,1,0
13,130669,2,2,0,0,0,6,6,135,5300,30,6,2016,5,14,19,1,2,1,1,1,"I-85","",88,33.96256111,-84.10551667,0,12,6,0,1,1,0,1,1,1,0,1,0,"0000000",14,11,14,20,14,34,0,0,0,2,0
13,130670,2,2,0,0,0,2,2,199,0,30,6,2016,5,12,30,0,1,4,1,3,"SR-74","",80,33.09541111,-84.57569167,0,12,6,0,1,1,0,1,1,1,0,1,0,"0000000",99,99,99,99,99,99,0,0,0,1,0
13,130671,1,1,0,0,0,3,3,67,0,1,7,2016,6,12,42,0,2,4,2,3,"SR-280 / DELK RD","",124,33.92263611,-84.50319167,0,33,0,0,1,1,0,3,1,1,0,1,0,"0000000",12,45,12,52,13,21,0,0,0,1,0
13,130672,2,2,0,0,0,6,6,245,310,1,7,2016,6,18,21,0,2,3,1,2,"US-25 / PEACH ORCHARD RD","",138,33.42510556,-82.01840278,0,12,6,0,8,1,0,1,1,1,0,1,0,"0000000",18,28,18,29,18,59,0,0,0,1,0
13,130673,2,2,0,0,0,4,4,291,0,1,7,2016,6,13,3,1,1,3,1,2,"US-76 / SR-515","LOWS MILL RD",59,34.86107222,-84.01308889,0,12,6,0,2,2,0,1,1,1,0,1,0,"0000000",13,1,13,8,13,36,0,0,0,1,0
13,130674,2,1,1,0,0,1,1,301,0,1,7,2016,6,5,24,1,1,1,1,1,"I-20","",120,33.49455278,-82.62353889,0,14,0,0,1,1,0,4,2,1,0,1,0,"0000000",99,98,99,98,88,88,0,0,0,1,0
13,130675,2,2,0,0,0,4,4,99,550,2,7,2016,7,17,17,1,1,3,1,2,"US-27 / SR-1","SR-62",117,31.38054722,-84.92149167,0,12,6,0,2,2,0,1,1,1,0,1,0,"0000000",99,99,99,99,99,99,0,0,0,1,0
13,130676,1,1,0,0,0,1,1,137,0,2,7,2016,7,18,28,0,2,7,2,4,"CR-542 / J WARREN RD","",18,34.51631111,-83.56398611,0,1,0,0,1,1,0,4,1,1,0,1,0,"0000000",18,28,18,34,19,30,0,0,0,1,1
13,130677,1,1,0,1,1,1,1,63,0,3,7,2016,1,21,20,0,2,4,2,4,"CR-1348 / MORROW RD","",8,33.59084167,-84.37312222,0,8,0,0,1,1,0,1,2,10,0,10,0,"0000000",21,35,21,41,21,54,0,0,0,1,0
13,130678,5,5,0,0,0,10,10,89,0,3,7,2016,1,14,46,1,2,3,2,4,"CR-5190 / S HAIRSTON RD","",51,33.71938889,-84.20811111,1,12,7,0,1,1,0,1,1,1,0,1,0,"0000000",14,47,14,56,15,39,0,0,0,1,0
13,130679,3,3,0,0,0,3,3,233,0,3,7,2016,1,23,55,1,2,3,1,2,"US-278 / SR-6","SR-101",234,33.96573056,-84.99413333,0,12,6,0,2,3,0,1,2,1,0,1,0,"0000000",99,99,99,99,99,99,0,0,0,1,0
13,130680,3,3,0,0,0,5,5,15,0,4,7,2016,2,12,34,0,2,6,2,4,"CR-633 / RED TOP MTN RD","WEBSTER FERRY LND",54,34.144225,-84.69995278,0,1,0,0,3,4,0,1,1,1,0,1,0,"0000000",12,31,12,40,13,44,0,0,0,1,0
13,130681,1,1,0,0,0,1,1,15,0,4,7,2016,2,23,28,0,2,6,2,4,"CR-515 / OLD CASS WHITE RD","",13,34.264,-84.82170833,0,1,0,0,1,1,0,1,2,1,0,1,0,"0000000",99,99,99,99,99,99,0,0,0,1,0
13,130682,1,1,0,0,0,1,1,129,0,4,7,2016,2,5,13,1,1,3,1,2,"US-411 / SR-61","",33,34.45913056,-84.69829167,0,34,0,0,1,1,0,4,2,1,0,1,0,"0000000",99,99,99,99,99,99,0,0,0,1,1
13,130683,4,1,3,0,0,1,1,135,0,4,7,2016,2,19,9,0,2,7,2,4,"CR-459 / PADEN DR","",9,33.93271944,-84.06923056,0,53,0,0,1,1,0,4,1,1,0,1,0,"0000000",19,12,19,15,88,88,0,0,0,1,1
13,130684,2,1,1,0,2,1,3,1,0,5,7,2016,3,13,10,1,1,3,1,2,"US-341 / SR-27","",159,31.75093333,-82.26956389,0,45,0,0,1,1,2,1,1,1,0,1,0,"0000000",13,12,13,17,13,49,0,0,0,1,0
13,130685,2,1,1,0,0,1,1,31,0,5,7,2016,3,9,38,0,1,6,2,4,"CR-429 / BURKHALTER RD","",61,32.47266667,-81.63648056,0,34,0,0,1,1,0,4,1,1,0,1,0,"0000000",99,98,99,98,88,88,0,0,0,1,0
13,130686,1,1,0,0,0,1,1,55,0,5,7,2016,3,14,20,1,1,3,1,2,"US-27 / SR-1","",74,34.47691667,-85.29656111,0,1,0,0,1,1,0,4,1,10,0,10,0,"0000000",99,99,99,99,99,99,0,0,0,1,0
13,130687,5,5,0,0,0,18,18,151,0,5,7,2016,3,14,54,1,2,1,1,1,"I-75","",22,33.32898611,-84.121775,0,12,1,0,1,1,0,1,1,2,0,2,0,"0000000",14,50,15,9,15,47,0,0,0,1,0
13,130688,2,1,1,0,2,1,3,215,1280,5,7,2016,3,4,54,1,2,1,1,1,"I-185","",133,32.58863889,-84.95913056,0,14,0,0,1,1,0,2,2,1,0,1,0,"0000000",99,98,99,98,88,88,0,0,0,1,0
13,130689,1,1,0,0,0,1,1,145,0,6,7,2016,4,14,46,0,1,4,1,2,"US-27 ALT / SR-85","",70,32.66545556,-84.76167222,0,42,0,0,1,1,0,4,1,2,0,2,0,"0000000",14,38,14,45,15,43,0,0,0,1,0
13,130690,1,1,0,0,0,1,1,157,0,6,7,2016,4,20,5,0,2,4,1,3,"SR-53","",3,34.13949444,-83.79366667,0,1,0,0,1,1,0,4,1,10,0,10,0,"0000000",20,5,20,10,20,32,0,0,0,1,0
13,130691,1,1,0,0,0,1,1,15,980,7,7,2016,5,23,55,0,2,4,4,6,"OLD MILL RD","",0,34.14860833,-84.82870278,0,44,0,0,1,1,1,1,2,1,0,1,0,"0000000",23,54,0,4,88,88,0,0,0,1,0
13,130692,1,1,0,0,0,1,1,289,0,7,7,2016,5,1,30,1,1,1,1,1,"I-16","",200,32.58630278,-83.2896,0,59,0,0,1,1,0,4,2,10,0,10,0,"0000000",99,98,99,98,88,88,0,0,0,1,0
13,130693,2,2,0,0,0,3,3,295,0,7,7,2016,5,20,20,0,1,4,1,3,"SR-151","",112,34.72369444,-85.18408333,0,12,2,0,1,1,0,1,1,1,0,1,0,"0000000",99,98,99,98,88,88,0,0,0,1,0
13,130694,1,1,0,0,0,1,1,33,0,8,7,2016,6,13,10,1,1,3,1,2,"US-25 / SR-121","",189,33.18433611,-82.04050833,0,43,0,0,1,1,0,4,1,10,0,10,0,"0000000",13,21,13,28,14,5,0,0,0,1,0
13,130695,2,2,0,0,0,3,3,79,0,8,7,2016,6,13,30,0,1,6,2,4,"CR-169 / WALTON RD","WESLEY CHAPEL RD",4,32.611025,-83.89491944,0,12,6,0,2,2,0,1,1,1,0,1,0,"0000000",99,99,99,99,99,99,0,0,0,1,0
13,130696,1,1,0,0,0,1,1,81,0,8,7,2016,6,2,10,1,2,1,1,1,"I-75","",134,31.99245278,-83.75679167,0,34,0,0,1,1,0,4,2,1,0,1,0,"0000000",99,98,99,98,88,88,0,0,0,1,0
13,130697,2,2,0,0,0,3,3,115,4760,8,7,2016,6,13,22,1,2,3,1,2,"US-27 /SR-1/  CEDARTOWN HWY","",69,34.19411111,-85.20083333,0,12,2,0,1,1,0,1,1,1,0,1,0,"0000000",13,22,13,28,13,55,0,0,0,2,0
13,130698,3,3,0,0,0,4,4,281,0,8,7,2016,6,9,50,1,1,3,1,2,"US-76 / SR-2","",74,34.96328056,-83.78979167,0,12,6,0,8,1,0,1,1,10,0,10,0,"0000000",99,99,99,99,99,99,14,0,0,1,0
13,130699,2,2,0,0,0,2,2,67,0,9,7,2016,7,3,2,1,2,1,1,1,"I-75","",13,33.89222778,-84.46248056,0,12,7,0,1,1,0,1,2,1,0,1,0,"0000000",3,5,3,9,3,31,0,0,0,1,1
13,130700,1,1,0,1,1,2,2,187,0,9,7,2016,7,10,35,0,1,5,1,3,"SR-60","",160,34.63714444,-83.95645833,0,9,0,0,1,1,0,1,1,1,0,1,0,"0000000",10,36,10,48,11,6,16,0,0,1,0
13,130701,1,1,0,0,0,1,1,195,0,9,7,2016,7,4,30,1,1,3,1,3,"SR-72","",119,34.05850278,-83.10597222,0,42,0,0,1,1,0,5,2,1,0,1,0,"0000000",99,98,99,98,88,88,0,0,0,1,0
13,130702,2,2,0,0,0,6,6,213,0,10,7,2016,1,14,31,0,1,4,1,3,"SR-225","HENRY GALLMAN RD",9,34.62911111,-84.86822778,0,12,1,0,2,3,0,1,1,1,0,1,0,"0000000",14,32,14,55,15,44,0,0,0,1,0
13,130703,4,4,0,0,0,8,8,89,0,11,7,2016,2,0,26,1,2,1,1,1,"I-20","",77,33.71153056,-84.2174,0,12,1,0,1,1,0,1,3,1,0,1,0,"0000000",0,28,0,44,1,33,0,0,0,1,0
13,130704,2,1,1,1,2,1,2,153,4340,11,7,2016,2,13,15,1,2,1,1,1,"I-75","",114,32.45277222,-83.75361389,0,14,0,0,1,1,0,4,1,1,0,1,0,"0000000",13,23,13,35,14,24,23,0,0,1,0
13,130705,1,1,0,1,1,1,1,191,1560,11,7,2016,2,21,20,0,2,5,1,3,"SR-251","",111,31.41083889,-81.45793056,0,9,0,0,1,1,0,1,2,10,0,10,0,"0000000",99,99,99,99,99,99,0,0,0,1,0
13,130706,1,1,0,0,0,2,2,215,1280,11,7,2016,2,13,10,1,2,2,1,2,"US-80 / SR-22 RAMP","",20,32.52795,-84.97673611,0,42,0,1,5,1,0,4,1,1,0,1,0,"0000000",13,6,13,15,15,28,0,0,0,1,0
13,130707,1,1,0,0,0,1,1,313,0,11,7,2016,2,2,0,0,2,4,2,4,"CR-668 / HAIG MILL RD","",9,34.82712778,-84.96110278,0,35,0,0,1,1,0,4,2,10,0,10,0,"0000000",6,36,6,43,88,88,0,0,0,1,0
13,130708,2,2,0,0,0,2,2,13,0,12,7,2016,3,16,21,0,2,4,1,3,"SR-211","COVERED BRIDGE RD",205,34.06990833,-83.78633611,0,12,6,0,2,2,0,1,1,1,0,1,0,"0000000",16,21,16,24,17,24,0,0,0,1,0
13,130709,3,2,1,0,1,1,2,245,310,12,7,2016,3,13,42,0,2,4,1,3,"SR-56 / MIKE PADGETT HWY","HORSESHOE RD",33,33.28728333,-81.95868889,0,12,1,0,1,1,0,11,1,1,0,1,0,"0000000",99,98,99,98,88,88,19,0,0,1,0
13,130710,2,1,1,1,1,1,1,89,0,13,7,2016,4,5,27,1,2,1,1,1,"I-285 RAMP","",59,33.87972222,-84.24949444,0,8,0,1,5,1,0,4,2,1,0,1,0,"0000000",99,98,99,98,88,88,23,0,0,1,0
13,130711,1,1,0,0,0,3,3,83,0,14,7,2016,5,17,18,1,1,1,1,1,"I-59","",173,34.97167222,-85.44576389,0,24,0,0,1,1,0,4,1,2,0,2,0,"0000000",99,99,18,52,19,0,0,0,0,1,0
13,130712,2,2,0,0,0,2,2,119,0,14,7,2016,5,13,54,1,1,1,1,1,"I-85","",135,34.42484167,-83.16039444,0,57,0,0,1,1,0,3,1,1,0,1,0,"0000000",13,49,13,58,99,99,0,0,0,1,0
13,130713,1,1,0,0,0,1,1,133,0,14,7,2016,5,11,55,0,1,5,1,3,"SR-15","",252,33.707325,-83.29011111,0,1,0,0,1,1,0,1,1,1,0,1,0,"0000000",99,98,99,98,88,88,0,0,0,1,0
13,130714,2,2,0,0,0,2,2,169,0,14,7,2016,5,20,24,0,2,4,1,3,"SR-49","GRISWOLDVILLE RD",2,32.87425833,-83.55540556,0,12,6,0,8,1,0,1,1,1,0,1,0,"0000000",20,25,20,35,88,88,0,0,0,1,0
13,130715,2,2,0,0,0,2,2,63,0,15,7,2016,6,2,13,0,2,4,1,3,"SR-314","",40,33.60705,-84.44653333,0,12,2,0,1,1,0,1,2,1,0,1,0,"0000000",99,98,99,98,88,88,0,0,0,1,1
13,130716,2,2,0,0,0,4,4,117,1440,15,7,2016,6,15,50,0,2,7,4,6,"MARKET PLACE BLVD","CUMMING TOWN CENTER",99999,34.19384722,-84.12728889,0,12,6,0,2,2,0,1,1,1,0,1,0,"0000000",99,99,99,99,99,99,0,0,0,1,0
13,130717,1,1,0,0,0,1,1,121,0,15,7,2016,6,19,40,0,2,7,2,4,"CR-1099 / KIMBERLY MILL RD","",9,33.57621667,-84.48903056,0,33,0,0,1,1,1,4,1,1,0,1,0,"0000000",99,98,99,98,88,88,0,0,0,1,1
13,130718,2,2,0,0,0,2,2,149,0,15,7,2016,6,22,25,0,1,6,2,4,"CR-216 / WELCOME RD","",27,33.39975278,-85.15365278,0,53,0,0,1,1,0,4,2,1,0,1,0,"0000000",22,23,22,40,23,34,0,0,0,1,1
13,130719,5,5,0,0,0,8,8,13,0,16,7,2016,7,22,41,0,2,4,2,4,"CR-415 / ATLANTA HWY","PETE HARRIS RD",11,33.97531944,-83.66931667,0,12,2,0,2,2,0,1,2,10,0,10,0,"0000000",22,48,22,53,23,39,0,0,0,1,2
13,130720,1,1,0,0,0,1,1,31,0,16,7,2016,7,23,40,0,2,6,2,4,"CR-429 / BURKHALTER RD","",5,32.42137778,-81.70458333,0,42,0,0,1,1,0,4,2,10,0,10,0,"0000000",99,98,99,98,88,88,0,0,0,1,0
13,130721,1,1,0,0,0,1,1,95,90,16,7,2016,7,5,6,0,1,5,1,3,"SR-234","",89,31.57550278,-84.30627222,0,38,0,0,1,1,0,5,2,1,0,1,0,"0000000",99,98,99,98,88,88,0,0,0,1,0
13,130722,1,1,0,0,0,1,1,99,0,16,7,2016,7,21,0,0,1,7,2,4,"CR-140 / GRIMSLEY MILL RD","",32,31.43970556,-85.02446944,0,1,0,0,1,1,0,1,6,1,0,1,0,"0000000",99,98,99,98,88,88,0,0,0,1,1
13,130723,1,1,0,0,0,1,1,151,0,16,7,2016,7,16,23,1,2,1,1,1,"I-75","",183,33.53205,-84.25957778,0,1,0,0,1,1,1,1,1,10,0,10,0,"0000000",16,22,16,37,88,88,0,0,0,1,0
13,130724,2,2,0,0,0,3,3,215,1280,30,7,2016,7,12,44,0,2,7,4,6,"30TH ST","",3,32.49156944,-84.97668889,0,12,2,0,1,1,0,1,1,2,0,2,0,"0000000",12,46,12,50,12,57,0,0,0,1,0
13,130725,1,1,0,0,0,3,3,103,0,27,7,2016,4,13,53,0,1,3,1,3,"SR-21","E ARNSDORFF RD",176,32.426475,-81.37097222,0,32,0,0,3,2,0,4,1,1,0,1,0,"0000000",13,53,14,34,15,42,0,0,0,1,0
13,130726,1,1,0,0,0,1,1,89,0,20,8,2016,7,3,43,0,2,6,2,4,"CR-2989 / LITHONIA IND BLVD","ROCK CHAPEL RD",48,33.74567222,-84.083925,0,33,0,0,3,3,0,4,2,1,0,1,0,"0000000",3,48,3,57,99,99,0,0,0,1,0
13,130727,3,3,0,0,0,4,4,51,4450,27,4,2016,4,13,39,0,2,4,4,6,"POOLER PARKWAY","MEDICAL PARK DRIVE",70,32.13698611,-81.25366667,0,12,1,1,3,3,0,1,1,1,0,1,0,"0000000",13,40,13,53,14,26,0,0,0,1,0
13,130728,1,1,0,0,0,4,4,165,0,16,7,2016,7,20,20,0,1,6,2,4,"CR-GREEN FORK CHURCH ROAD","",10,32.89201667,-81.88398056,0,38,0,0,1,1,0,4,1,2,0,2,0,"0000000",99,99,99,99,99,99,20,0,0,2,0
13,130729,1,1,0,0,0,1,1,197,0,16,7,2016,7,21,17,0,1,5,1,3,"SR-355","",141,32.48091944,-84.63151667,0,1,0,0,1,1,0,4,2,1,0,1,0,"0000000",99,98,99,98,88,88,0,0,0,1,1
13,130730,2,2,0,1,1,2,2,223,2740,16,7,2016,7,5,31,1,2,3,1,3,"SR-6","",156,33.88759444,-84.742425,0,8,0,0,1,1,0,1,2,1,0,1,0,"0000000",5,29,5,43,88,88,0,0,0,1,0
13,130731,2,2,0,0,0,5,5,237,0,16,7,2016,7,22,19,0,1,5,1,3,"SR-212","",80,33.19770833,-83.42154444,0,12,6,0,1,1,0,1,2,1,0,1,0,"0000000",22,26,22,31,23,28,0,0,0,1,1
13,130732,1,1,0,0,0,1,1,291,0,16,7,2016,7,13,0,0,1,5,1,3,"SR-348","",52,34.78096944,-83.87966944,0,34,0,0,1,1,0,4,1,10,0,10,0,"0000000",99,98,99,98,88,88,0,0,0,1,0
13,130733,2,2,0,0,0,8,8,67,320,17,7,2016,1,21,31,1,2,3,1,2,"US-SR6","",70,33.81922222,-84.65695278,0,12,6,0,1,1,0,1,2,1,0,1,0,"0000000",21,31,21,42,22,15,0,0,0,1,0
13,130734,3,3,0,0,0,6,6,89,0,17,7,2016,1,15,42,0,2,4,1,3,"SR-12","GREGORY ROAD",42,33.73282222,-84.20751111,0,12,2,0,2,3,0,1,1,1,0,1,0,"0000000",99,99,99,99,99,99,0,0,0,1,0
13,130735,1,1,0,1,1,1,1,121,1900,17,7,2016,1,3,31,0,2,7,4,6,"CREEK POINT AVENUE","",0,33.65530278,-84.50041111,0,8,0,0,1,1,0,4,3,1,0,1,0,"0000000",99,99,99,99,88,88,0,0,0,1,0
13,130736,1,1,0,0,0,1,1,135,3100,17,7,2016,1,11,12,1,2,2,4,4,"CR-723800","",44,33.8894,-84.05242778,0,1,0,0,1,1,0,1,1,1,0,1,0,"0000000",11,14,11,20,11,37,0,0,0,1,0
13,130737,2,2,0,0,0,2,2,217,0,17,7,2016,1,19,21,0,2,6,2,4,"CR-ACCESS ROAD","",22,33.614475,-83.915025,0,12,7,0,1,1,0,1,1,10,0,10,0,"0000000",19,21,19,26,21,20,0,0,0,1,0
13,130738,2,2,0,0,0,2,2,261,0,17,7,2016,1,9,26,1,1,3,1,3,"SR-30","PECAN ROAD",348,31.96142222,-83.95427222,0,12,6,0,2,2,0,1,1,1,0,1,0,"0000000",99,99,99,99,99,99,0,0,0,1,0
13,130739,1,1,0,0,0,1,1,299,5774,17,7,2016,1,1,30,0,2,4,4,6,"JAMESTOWN ROAD","",3,31.26397222,-82.38077778,0,33,0,0,1,1,0,4,2,1,0,1,0,"0000000",1,36,1,44,3,15,0,0,0,1,0
13,130740,3,3,0,0,0,3,3,247,1320,18,7,2016,2,7,56,0,2,4,1,3,"SR-20","WILSON ROAD",61,33.69539444,-83.99697222,0,12,2,0,2,3,0,1,1,1,0,1,0,"0000000",99,98,99,98,88,88,0,0,0,1,0
13,130741,1,1,0,1,1,2,2,307,0,18,7,2016,2,21,26,0,1,5,1,3,"SR-41","",141,32.09201667,-84.53615556,0,8,0,0,1,1,0,1,2,10,0,10,0,"0000000",21,27,21,32,22,10,0,0,0,1,0
13,130742,2,2,0,0,0,2,2,73,0,19,7,2016,3,11,47,1,2,3,1,3,"SR-383","HOLLY ROAD",18,33.49959167,-82.13938889,0,12,6,0,2,3,0,1,1,1,0,1,0,"0000000",11,49,11,51,12,17,0,0,0,1,0
13,130743,1,1,0,0,0,2,2,77,3950,19,7,2016,3,19,47,0,1,5,4,6,"SARGENT MAIN STREET","",10,33.43398889,-84.87038056,0,16,0,0,1,1,0,1,9,8,0,8,0,"0000000",99,99,99,99,99,99,0,0,0,1,0
13,130744,1,1,0,0,0,2,2,217,0,19,7,2016,3,16,53,0,2,6,2,4,"CR-ROCKY PLAINS ROAD","",20,33.49631667,-83.91960278,0,42,0,0,1,1,0,4,1,1,0,1,0,"0000000",16,54,17,4,17,31,0,0,0,1,0
13,130745,2,2,0,0,0,2,2,225,2220,19,7,2016,3,16,52,1,1,4,1,3,"SR-96","HOUSERS MILL ROAD",131,32.54643333,-83.75293056,0,12,2,0,2,3,0,1,1,1,0,1,0,"0000000",99,99,99,99,99,99,0,0,0,1,1
13,130746,1,1,0,0,0,2,2,313,1510,19,7,2016,3,13,40,0,2,6,4,6,"REED ROAD","",40,34.86292778,-84.98664444,0,42,0,0,1,1,0,4,1,1,0,1,0,"0000000",13,42,13,50,88,88,0,0,0,1,0
13,130747,2,2,0,0,0,2,2,63,2970,20,7,2016,4,6,11,1,2,3,1,3,"SR-3","CARDINAL ROAD",26,33.46391111,-84.33416111,0,12,6,0,2,2,0,1,4,1,0,1,0,"0000000",6,10,6,16,6,33,0,0,0,1,0
13,130748,2,2,0,1,1,5,5,247,0,20,7,2016,4,21,35,0,2,4,2,4,"CR-OLD SALEM ROAD","",19,33.62960556,-84.00023611,0,8,0,0,1,1,0,1,2,1,0,1,0,"0000000",21,35,21,42,22,22,0,0,0,1,0
13,130749,1,1,0,0,0,1,1,251,0,20,7,2016,4,4,55,0,1,4,1,3,"SR-24","",355,32.86455278,-81.64383056,0,34,0,0,1,1,0,4,2,2,0,2,0,"0000000",4,52,5,5,5,37,0,0,0,1,0
13,130750,2,2,0,0,0,2,2,5,0,21,7,2016,5,14,39,0,1,3,1,3,"SR-4","",50,31.48130556,-82.45196944,0,12,6,0,1,1,0,1,1,1,0,1,0,"0000000",14,37,14,42,15,3,0,0,0,1,1
13,130751,1,1,0,1,1,2,2,49,0,21,7,2016,5,23,30,0,2,6,2,4,"CR-GIBSON POST ROAD","",18,30.82733611,-82.03490556,0,8,0,0,1,1,0,1,2,1,0,1,0,"0000000",99,98,99,98,88,88,0,0,0,1,0
13,130752,2,2,0,0,0,2,2,131,850,21,7,2016,5,2,53,1,1,3,1,2,"US-SR35","",52,30.72998333,-84.11901944,0,12,2,0,1,1,0,1,2,1,0,1,0,"0000000",3,0,3,17,3,47,0,0,0,1,1
13,130753,1,1,0,0,0,1,1,77,5010,22,7,2016,6,23,55,0,2,7,4,6,"EBENEZER CHURCH ROAD","",0,33.39795556,-84.66838056,0,34,0,0,1,1,0,4,2,1,0,1,0,"0000000",99,98,99,98,88,88,0,0,0,1,1
13,130754,1,1,0,0,0,1,1,151,0,23,7,2016,7,2,47,0,2,4,2,4,"CR-JODECO ROAD","",38,33.48133056,-84.21919722,0,35,0,0,1,1,0,4,2,1,0,1,0,"0000000",2,48,3,4,3,50,0,0,0,1,0
13,130755,1,1,0,2,2,2,2,211,0,23,7,2016,7,7,51,0,1,7,2,4,"CR-OLD BUCKHEAD ROAD","",14,33.587675,-83.429675,0,9,0,0,1,1,0,1,1,1,0,1,0,"0000000",7,48,7,58,8,10,0,0,0,1,0
13,130756,2,2,0,0,0,3,3,35,0,25,7,2016,2,21,21,1,1,1,1,1,"I-75","",34,33.24762222,-84.08608056,0,24,0,0,1,1,0,3,2,1,0,1,0,"0000000",99,98,99,98,88,88,0,0,0,1,0
13,130757,1,1,0,1,1,1,1,217,1380,25,7,2016,2,4,50,1,2,3,1,3,"SR-12","",48,33.60521667,-83.87243611,0,8,0,0,1,1,0,1,3,1,0,1,0,"0000000",99,99,99,99,99,99,0,0,0,1,0
13,130758,1,1,0,0,0,1,1,11,3490,26,7,2016,3,17,52,0,1,7,4,6,"N. MAGNUM BRIDGE ROAD","",15,34.27868056,-83.52668333,0,1,0,0,1,1,0,4,1,1,0,1,0,"0000000",17,49,18,0,88,88,0,0,0,1,0
13,130759,1,1,0,1,1,1,1,89,5580,26,7,2016,3,21,51,0,2,4,2,6,"MOUNTAIN INDUSTRIAL BLVD.","E. PONCE DE LEON AVENUE",0,33.82585278,-84.195825,0,8,0,0,3,2,0,1,2,1,0,1,0,"0000000",99,98,99,98,88,88,0,0,0,1,0
13,130760,3,3,0,0,0,3,3,139,9997,26,7,2016,3,17,10,0,2,4,1,3,"SR-53","",209,34.15154444,-83.79972778,0,12,2,0,1,1,0,1,1,1,0,1,0,"0000000",17,16,17,24,19,16,0,0,0,1,0
13,130761,2,2,0,0,0,2,2,321,0,26,7,2016,3,8,2,0,1,4,1,3,"SR-33","DOE HILL ROAD",204,31.62326944,-83.8244,0,12,6,0,2,2,0,1,1,1,0,1,0,"0000000",8,1,8,14,9,6,0,0,0,1,0
13,130762,1,1,0,1,1,1,1,121,4790,27,7,2016,4,4,50,1,2,3,1,3,"SR-120","",2,34.00915556,-84.38303056,0,8,0,0,1,1,0,1,2,1,0,1,0,"0000000",99,98,99,98,88,88,0,0,0,1,0
13,130763,2,2,0,0,0,2,2,147,9997,27,7,2016,4,6,20,0,1,5,1,3,"SR-77","",6,34.41159444,-83.036675,0,12,2,0,1,1,0,1,4,1,0,1,0,"0000000",6,23,6,47,7,26,0,0,0,1,0
13,130764,2,2,0,0,0,2,2,289,0,27,7,2016,4,7,49,1,1,3,1,3,"SR-96","",56,32.54183333,-83.510725,0,12,2,0,1,1,0,1,1,10,0,10,0,"0000000",99,98,99,98,88,88,0,0,0,1,0
13,130765,2,2,0,0,0,3,3,43,0,28,7,2016,5,15,18,0,1,4,1,3,"SR-121","",169,32.51889444,-82.04752222,0,12,6,0,8,1,0,1,1,1,0,1,0,"0000000",99,98,99,98,88,88,0,0,0,2,0
13,130766,2,2,0,0,0,3,3,151,0,28,7,2016,5,15,22,1,2,3,1,3,"SR-155","PANOLA ROAD",5,33.64585,-84.18820278,0,12,6,0,2,3,0,1,1,10,0,10,0,"0000000",15,20,15,30,99,99,0,0,0,1,0
13,130767,2,2,0,0,0,2,2,185,0,28,7,2016,5,7,31,0,2,7,2,4,"CR-WHITE WATER ROAD","",44,30.69576944,-83.26887778,0,12,2,0,1,1,0,1,1,1,0,1,0,"0000000",7,35,7,48,88,88,0,0,0,2,0
13,130768,2,2,0,0,0,3,3,245,310,28,7,2016,5,7,52,1,2,3,1,2,"US-SR4","SR-88",63,33.30906389,-82.19831389,0,12,6,0,2,2,0,1,1,1,0,1,0,"0000000",8,10,8,27,8,54,0,0,0,2,0
13,130769,1,1,0,1,1,4,4,135,3100,29,7,2016,6,18,55,0,2,5,4,6,"MALTBIE STREET","",2,33.96478333,-84.003475,0,9,0,0,8,1,0,1,1,1,0,1,0,"0000000",99,98,99,98,88,88,0,0,0,1,0