"STATE","ST_CASE","VE_TOTAL","VE_FORMS","PVH_INVL","PEDS","PERNOTMVIT","PERMVIT","PERSONS","COUNTY","CITY","DAY","MONTH","YEAR","DAY_WEEK","HOUR","MINUTE","NHS","RUR_URB","FUNC_SYS","RD_OWNER","ROUTE","TWAY_ID","TWAY_ID2","MILEPT","LATITUDE","LONGITUD","SP_JUR","HARM_EV","MAN_COLL","RELJCT1","RELJCT2","TYP_INT","WRK_ZONE","REL_ROAD","LGT_COND","WEATHER1","WEATHER2","WEATHER","SCH_BUS","RAIL","NOT_HOUR","NOT_MIN","ARR_HOUR","ARR_MIN","HOSP_HR","HOSP_MN","CF1","CF2","CF3","FATALS","DRUNK_DR"
13,130770,1,1,0,0,0,1,1,285,0,29,7,2016,6,6,50,1,2,1,1,1,"I-85","",104,32.98104722,-85.04203333,0,1,0,0,1,1,0,4,2,1,0,1,0,"0000000",99,99,99,99,88,88,0,0,0,1,1
13,130771,1,1,0,1,1,2,2,307,0,29,7,2016,6,3,58,0,1,6,2,4,"CR-CHURCHILL ROAD","",5,32.15400833,-84.5636,0,11,0,0,1,1,0,1,2,1,0,1,0,"0000000",99,98,99,98,88,88,0,0,0,1,0
13,130772,1,1,0,0,0,1,1,275,5460,30,7,2016,7,10,15,0,1,5,1,3,"SR-3(ALT)","",86,30.90473889,-84.00615556,0,34,0,0,1,1,0,4,1,1,0,1,0,"0000000",10,36,10,45,88,88,0,0,0,1,0
13,130773,1,1,0,0,0,1,1,51,4450,31,7,2016,1,11,39,1,2,1,1,1,"I-95","",103,32.11493611,-81.23836389,0,1,0,0,1,1,0,1,1,1,0,1,0,"0000000",11,44,11,50,12,29,0,0,0,1,0
13,130774,2,2,0,0,0,3,3,65,0,31,7,2016,1,21,7,1,1,3,1,3,"SR-38","",170,31.04637222,-82.72016389,0,12,2,0,1,1,0,1,2,2,0,2,0,"0000000",21,27,21,55,22,39,0,0,0,1,0
13,130775,2,2,0,0,0,2,2,121,5640,31,7,2016,1,16,45,1,2,3,4,6,"FLAT SHOALS ROAD","OAKLEY ROAD",37,33.58639722,-84.53202778,0,12,6,0,2,3,0,1,1,10,0,10,0,"0000000",16,50,16,55,88,88,0,0,0,1,0
13,130776,1,1,0,0,0,2,2,217,0,31,7,2016,1,8,38,0,2,4,1,3,"SR-36","",106,33.53132778,-83.85148889,0,42,0,0,1,1,1,4,1,1,0,1,0,"0000000",99,99,99,99,99,99,0,0,0,1,0
13,130777,1,1,0,0,0,1,1,235,0,31,7,2016,1,12,37,1,1,4,1,3,"SR-27","",150,32.27315278,-83.42035556,0,1,0,0,1,1,0,4,1,1,0,1,0,"0000000",99,98,99,98,88,88,0,0,0,1,1
13,130778,1,1,0,0,0,1,1,121,280,10,7,2016,1,1,46,0,2,4,4,6,"MCDONOUGH BLVD","SAWTELL AVE",16,33.714025,-84.37374722,0,38,0,0,3,3,0,4,3,1,0,1,0,"0000000",1,47,99,97,99,97,0,0,0,1,0
13,130779,2,2,0,0,0,4,4,89,0,1,8,2016,2,21,30,0,2,4,2,4,"CR-7940 / GLENWOOD RD","MEADOW LN",13,33.73826944,-84.27074444,0,12,2,0,2,3,0,1,3,1,0,1,0,"0000000",21,37,21,44,22,3,0,0,0,1,0
13,130780,1,1,0,0,0,1,1,195,0,1,8,2016,2,23,24,0,1,6,2,4,"CR-152 / NOWHERE RD","",67,34.10554167,-83.32730278,0,1,0,0,1,1,0,1,2,10,0,10,0,"0000000",99,99,99,99,99,99,0,0,0,1,0
13,130781,2,2,0,0,0,2,2,291,540,1,8,2016,2,14,7,1,1,3,1,2,"US-19 / SR-515","SR-11",88,34.87232778,-83.9648,0,12,6,0,2,2,0,1,1,1,0,1,0,"0000000",14,8,14,10,14,28,0,0,0,1,0
13,130782,1,1,0,0,0,2,2,297,0,1,8,2016,2,7,15,1,2,3,1,2,"US-78 / SR-10","",74,33.80738889,-83.79058333,0,34,0,0,1,1,0,4,1,1,0,1,0,"0000000",7,19,7,22,7,41,0,0,0,1,0
13,130783,2,2,0,0,0,2,2,13,0,2,8,2016,3,9,11,0,1,4,1,3,"SR-211","",184,34.04009167,-83.77563611,0,12,2,0,1,1,0,1,1,1,0,1,0,"0000000",9,12,9,14,9,40,0,0,0,2,0
13,130784,3,3,0,0,0,3,3,121,4882,2,8,2016,3,14,6,1,2,2,1,3,"SR-400 RAMP","ABERNATHY RD",87,33.935025,-84.35818333,0,59,0,1,3,99,0,3,1,10,0,10,0,"0000000",14,10,14,13,14,34,0,0,0,1,0
13,130785,2,2,0,0,0,2,2,185,5680,2,8,2016,3,7,54,1,2,3,1,2,"US-84 / SR-38","CLAY RD",126,30.840525,-83.25226111,0,12,6,0,2,3,3,1,1,1,0,1,0,"0000000",99,98,99,98,88,88,0,0,0,1,0
13,130786,2,2,0,0,0,7,7,225,0,2,8,2016,3,19,56,0,1,4,1,3,"SR-96","",129,32.54633056,-83.75641111,0,12,6,0,1,1,0,1,5,2,0,2,0,"0000000",20,5,20,13,20,55,0,0,0,1,0
13,130787,1,1,0,0,0,1,1,27,0,3,8,2016,4,15,25,0,1,5,2,4,"CR-280 / LAWSON MILL POND RD","",32,30.96868056,-83.45148333,0,1,0,0,1,1,0,4,1,1,0,1,0,"0000000",99,98,99,98,88,88,0,0,0,1,0
13,130788,2,1,1,0,0,1,1,89,0,3,8,2016,4,8,27,0,2,7,2,4,"CR-4714 / FAIRINGTON DR","",3,33.69513611,-84.14635278,0,14,0,0,1,1,0,4,1,1,0,1,0,"0000000",99,98,99,98,88,88,0,0,0,1,0
13,130789,1,1,0,0,0,5,5,89,1815,3,8,2016,4,20,5,1,2,1,1,1,"I-285","",6,33.91803056,-84.33794722,0,1,0,0,1,1,0,1,1,1,0,1,0,"0000000",20,39,20,39,21,16,0,0,0,1,0
13,130790,2,2,0,1,1,2,2,121,1900,3,8,2016,4,23,12,0,2,4,4,6,"WELCOME ALL RD","",5,33.64441944,-84.52183056,0,8,0,0,1,1,0,1,2,1,0,1,0,"0000000",99,99,99,99,99,99,0,0,0,1,1
13,130791,1,1,0,0,0,1,1,277,5490,3,8,2016,4,17,30,1,2,1,1,1,"I-75","",64,31.41781944,-83.50535833,0,34,0,0,1,1,0,4,1,1,0,1,0,"0000000",17,36,17,43,18,6,0,0,0,1,1
13,130792,3,3,0,0,0,3,3,95,0,4,8,2016,5,9,20,1,1,3,1,2,"US-19 / SR-3","",4,31.44908056,-84.11813333,0,12,1,0,1,1,0,1,1,1,0,1,0,"0000000",9,21,9,32,9,59,0,0,0,1,0
13,130793,2,2,0,0,0,2,2,147,0,4,8,2016,5,17,47,0,1,5,1,3,"SR-77","",104,34.36253333,-82.97243889,0,12,6,0,1,1,0,1,1,1,0,1,0,"0000000",99,98,99,98,88,88,0,0,0,1,0
13,130794,1,1,0,0,0,5,5,51,2290,5,8,2016,6,22,42,1,2,3,1,2,"US-80 / SR-26","SR-25",157,32.09758611,-81.14074444,0,7,0,0,1,1,4,4,3,1,0,1,0,"0000000",23,0,23,10,23,33,20,0,0,1,0
13,130795,2,2,0,0,0,2,2,121,9997,5,8,2016,6,13,53,1,2,3,1,3,"SR-141 / MEDLOCK BRIDGE RD","HOSPITAL PKWY",225,34.06463333,-84.17016667,0,12,1,0,3,2,0,1,1,1,0,1,0,"0000000",13,56,14,3,14,28,0,0,0,1,0
13,130796,1,1,0,0,0,1,1,169,0,5,8,2016,6,5,42,0,1,5,1,3,"SR-18","",16,33.01294722,-83.70218611,0,34,0,0,1,1,0,4,2,1,0,1,0,"0000000",5,42,6,5,88,88,0,0,0,1,0
13,130797,1,1,0,1,1,1,1,21,3390,6,8,2016,7,1,13,0,2,4,2,4,"CR-79 / NORTHSIDE DR","ELNORA DR",10,32.89760833,-83.69318056,0,8,0,0,1,1,0,1,2,1,0,1,0,"0000000",99,99,99,99,99,99,0,0,0,1,0
13,130798,3,3,0,0,0,3,3,45,0,6,8,2016,7,9,21,0,2,6,1,3,"SR-113","",33,33.64101111,-85.05295,0,12,2,0,1,1,0,1,1,10,0,10,0,"0000000",9,24,9,34,11,18,0,0,0,1,1
13,130799,2,2,0,0,0,6,6,51,553,6,8,2016,7,0,56,1,2,1,1,1,"I-16","",21,32.10035833,-81.32535556,0,12,1,0,1,1,0,1,2,1,0,1,0,"0000000",99,99,99,99,99,99,19,0,0,1,0
13,130800,2,2,0,0,0,11,11,55,0,6,8,2016,7,15,25,1,2,3,1,2,"US-27 / SR-1","WILSON RD",112,34.49398889,-85.33646111,0,12,1,0,3,99,0,1,1,1,0,1,0,"0000000",99,98,99,98,88,88,0,0,0,1,0
13,130801,2,2,0,0,0,4,4,67,0,6,8,2016,7,2,16,0,2,4,1,3,"SR-5 / S COBB DR","BOOTH RD",107,33.92614722,-84.55122222,0,12,6,0,2,3,0,1,3,1,0,1,0,"0000000",2,17,2,21,2,44,0,0,0,1,1
13,130802,1,1,0,0,0,1,1,67,320,6,8,2016,7,4,17,0,2,7,2,4,"CR-2598 / S GORDON RD","",6,33.804825,-84.61078889,0,33,0,0,1,1,0,4,3,1,0,1,0,"0000000",4,17,4,24,88,88,0,0,0,1,0
13,130803,1,1,0,0,0,1,1,101,0,6,8,2016,7,8,45,0,1,5,1,3,"SR-135","",98,30.74243056,-83.05583889,0,35,0,0,1,1,0,4,1,10,0,10,0,"0000000",99,98,99,98,88,88,0,0,0,1,1
13,130804,2,2,0,0,0,3,3,121,280,6,8,2016,7,15,43,1,2,3,1,2,"US-78 / SR-8","OLIVER ST",60,33.77303333,-84.41543611,0,12,6,0,2,2,0,1,1,1,0,1,0,"0000000",99,98,99,98,88,88,0,0,0,1,1
13,130805,1,1,0,0,0,4,4,77,0,7,8,2016,1,2,57,0,2,7,2,4,"CR-696 / VAUGHN RD","",13,33.42026389,-84.66518333,0,53,0,0,1,1,0,4,2,1,0,1,0,"0000000",99,99,99,99,99,99,0,0,0,1,1
13,130806,2,2,0,0,0,8,8,89,5220,7,8,2016,1,20,14,1,2,3,1,3,"SR-10 / MEMORIAL DR","",105,33.80038611,-84.19651667,0,12,1,0,1,1,0,1,1,10,0,10,0,"0000000",20,40,20,45,21,22,0,0,0,1,1
13,130807,1,1,0,0,0,2,2,99,0,7,8,2016,1,15,2,0,1,7,2,4,"CR-24 / OLD LUCILE RD","",52,31.31793889,-84.94338889,0,34,0,0,1,1,0,4,1,1,0,1,0,"0000000",99,99,99,99,99,99,0,0,0,2,0
13,130808,1,1,0,0,0,2,2,115,4760,7,8,2016,1,6,26,0,1,4,1,2,"US-411 / SR-53","",26,34.09551111,-85.37752778,0,32,0,0,1,1,0,4,2,1,0,1,0,"0000000",6,26,6,31,7,29,0,0,0,1,0
13,130809,2,2,0,0,0,2,2,121,280,7,8,2016,1,3,49,1,2,1,1,1,"I-285","",45,33.69011944,-84.5002,0,12,1,0,1,1,0,1,2,1,0,1,0,"0000000",5,7,5,31,6,0,0,0,0,1,0
13,130810,1,1,0,1,1,1,1,135,0,7,8,2016,1,21,30,0,2,4,2,4,"CR-1952 / S NORCROSS TUCKER RD","",8,33.89644722,-84.20963611,0,8,0,0,1,1,0,1,2,1,0,1,0,"0000000",99,98,99,98,88,88,0,0,0,1,0
13,130811,2,2,0,1,1,2,2,135,5080,7,8,2016,1,21,34,0,2,4,2,4,"CR-1948 / ANNISTOWN RD","",10,33.80586667,-84.06083611,0,8,0,0,1,1,0,1,2,1,0,1,0,"0000000",99,98,99,98,88,88,0,0,0,1,0
13,130812,2,2,0,0,0,2,2,231,0,7,8,2016,1,14,59,0,1,4,1,3,"SR-18","",129,33.10963056,-84.38944167,0,12,2,0,1,1,0,1,1,2,0,2,0,"0000000",14,59,15,5,88,88,0,0,0,1,0
13,130813,1,1,0,0,0,1,1,145,0,8,8,2016,2,9,15,0,1,4,2,4,"CR-389 / LICK SKILLET RD","",38,32.7042,-85.08878056,0,42,0,0,1,1,0,4,1,1,0,1,0,"0000000",9,6,9,20,88,88,0,0,0,1,1
13,130814,1,1,0,0,0,1,1,285,0,8,8,2016,2,6,30,0,2,6,2,4,"CR-276 / HAMMETT RD","",20,33.08478056,-84.98686944,0,42,0,0,1,1,0,5,1,1,0,1,0,"0000000",7,46,7,48,88,88,0,0,0,1,1
13,130815,1,1,0,0,0,1,1,73,0,9,8,2016,3,19,31,0,2,4,1,2,"US-221 / SR-150","",131,33.65235556,-82.21877222,0,33,0,0,1,1,0,4,1,1,0,1,0,"0000000",19,33,19,44,88,88,0,0,0,1,1
13,130816,1,1,0,1,1,1,1,121,280,9,8,2016,3,23,58,1,2,1,1,1,"I-285","",118,33.78726389,-84.49254444,0,8,0,0,1,1,0,1,2,10,0,10,0,"0000000",99,98,99,98,88,88,0,0,0,1,0
13,130817,1,1,0,0,0,3,3,271,0,9,8,2016,3,11,15,0,1,7,2,4,"CR-216 / MILAN CEMETERY RD","",0,32.004925,-83.05738889,0,1,0,0,1,1,0,1,1,10,0,10,0,"0000000",11,16,11,28,12,13,0,0,0,1,0
13,130818,2,2,0,0,0,3,3,291,0,9,8,2016,3,16,30,1,1,3,1,2,"US-19 / SR-11","",214,34.94344722,-84.03923056,0,12,2,0,1,1,0,1,1,1,0,1,0,"0000000",16,48,16,56,18,35,0,0,0,1,0
13,130819,1,1,0,1,1,1,1,121,280,10,8,2016,4,17,21,0,2,4,4,6,"WEST LAKE AVE","HASTY PL",4,33.76911111,-84.44136944,0,8,0,0,3,2,0,1,1,1,0,1,0,"0000000",17,23,17,23,17,45,0,0,0,1,0
13,130820,1,1,0,0,0,4,4,157,2920,10,8,2016,4,9,55,1,2,1,1,1,"I-85","",91,34.14460833,-83.65798056,0,1,0,0,1,1,0,4,1,2,0,2,0,"0000000",9,45,9,53,10,44,0,0,0,2,0
13,130821,2,2,0,0,0,2,2,287,0,10,8,2016,4,18,40,1,1,1,1,1,"I-75","",111,31.73083889,-83.64807222,0,12,1,0,1,1,0,1,1,1,0,1,0,"0000000",99,98,99,98,88,88,0,0,0,1,0
13,130822,1,1,0,0,0,2,2,295,0,10,8,2016,4,19,16,0,2,6,2,4,"CR-264 / JOHNSON RD","",18,34.89773611,-85.29716944,0,34,0,0,1,1,0,4,1,1,0,1,0,"0000000",99,99,99,99,99,99,0,0,0,1,1
13,130823,2,2,0,0,0,4,4,63,0,12,8,2016,6,13,18,0,2,7,2,4,"CR-2120 / LAKE RIDGE PKWY","BRIAR CREST CT",5,33.54565278,-84.42755833,0,12,6,0,2,2,0,1,1,1,0,1,0,"0000000",13,18,13,25,15,10,0,0,0,1,0
13,130824,3,3,0,0,0,5,5,89,5580,12,8,2016,6,19,6,1,2,2,1,2,"US-78 / STONE MTN FRWY","",128,33.82305,-84.1582,0,12,1,0,1,1,0,1,1,1,0,1,0,"0000000",19,6,19,14,20,25,0,0,0,1,0
13,130825,2,2,0,0,0,2,2,121,280,12,8,2016,6,18,46,0,2,6,4,6,"JOSEPH E BOONE BLVD","J P BRAWLEY DR",64,33.763425,-84.4126,0,12,6,0,2,99,0,1,1,1,0,1,0,"0000000",18,45,18,49,19,27,0,0,0,1,0
13,130826,1,1,0,0,0,4,4,9,0,13,8,2016,7,2,4,0,1,4,1,3,"SR-22","",137,33.08991944,-83.19118056,0,1,0,0,1,1,0,4,2,10,0,10,0,"0000000",2,6,2,11,2,54,0,0,0,1,0
13,130827,2,2,0,0,0,3,3,33,0,13,8,2016,7,22,6,0,1,4,1,3,"SR-24","",154,33.04256111,-81.92806944,0,12,6,0,1,1,0,1,2,1,0,1,0,"0000000",22,3,22,9,22,26,0,0,0,2,1
13,130828,1,1,0,0,0,1,1,63,0,13,8,2016,7,20,17,1,2,1,1,1,"I-285","",10,33.64612778,-84.37153611,0,30,0,0,1,1,0,4,1,1,0,1,0,"0000000",20,53,21,7,21,28,0,0,0,1,0
13,130829,2,2,0,0,0,2,2,121,4882,13,8,2016,7,13,12,0,2,4,4,6,"DUNWOODY PL","NORTHRIDGE PKWY",1,33.98404722,-84.34164722,0,12,6,0,2,3,0,1,1,1,0,1,0,"0000000",13,14,13,16,13,45,0,0,0,1,0
13,130830,1,1,0,0,0,2,2,245,310,13,8,2016,7,8,46,0,2,4,1,3,"SR-56 / MIKE PADGETT HWY","",25,33.2737,-81.95659167,0,34,0,0,1,1,0,4,1,1,0,1,0,"0000000",8,47,9,2,10,0,0,0,0,1,0
13,130831,2,2,0,0,0,3,3,311,0,13,8,2016,7,15,54,0,1,4,1,3,"SR-254","",17,34.51928056,-83.73338889,0,12,6,0,1,1,0,1,1,10,0,10,0,"0000000",99,98,99,98,88,88,0,0,0,1,1
13,130832,1,1,0,0,0,3,3,189,0,14,8,2016,1,3,15,0,2,5,1,3,"SR-150","CR-19",77,33.55285556,-82.43708889,0,5,0,0,2,4,0,1,2,1,0,1,0,"0000000",3,17,3,30,4,3,0,0,0,1,1
13,130833,1,1,0,1,1,1,1,91,0,14,8,2016,1,20,40,1,2,3,1,2,"US-341 / SR-27","",99,32.19618333,-83.21031944,0,9,0,0,1,1,0,1,2,1,0,1,0,"0000000",20,42,20,45,21,7,0,0,0,1,0
13,130834,1,1,0,0,0,2,2,97,0,14,8,2016,1,21,48,1,2,1,1,1,"I-20","",145,33.76176944,-84.67736667,0,24,0,0,1,1,0,3,2,1,0,1,0,"0000000",99,99,99,99,99,99,0,0,0,1,0
13,130835,1,1,0,0,0,1,1,223,0,14,8,2016,1,2,17,1,2,3,1,3,"SR-120","SR-6 BUS",183,33.90919167,-84.77871389,0,33,0,0,3,2,0,4,2,1,0,1,0,"0000000",99,98,99,98,88,88,20,0,0,1,0
13,130836,2,2,0,0,0,3,3,67,0,15,8,2016,2,5,42,0,2,4,1,3,"SR-360 / MACLAND RD","MCMURRY DR",44,33.89659167,-84.64819722,0,12,2,0,2,2,0,1,3,1,0,1,0,"0000000",5,43,5,51,6,14,0,0,0,2,0
13,130837,1,1,0,0,0,1,1,137,0,15,8,2016,2,6,8,1,2,3,1,2,"US-23 / SR-419","",6,34.45048056,-83.61618056,0,1,0,0,1,1,0,1,4,10,0,10,0,"0000000",99,98,99,98,88,88,0,0,0,1,0
13,130838,2,2,0,0,0,2,2,229,0,15,8,2016,2,17,30,1,1,3,1,2,"US-84 / SR-38","",119,31.35531389,-82.175975,0,12,2,0,1,1,0,1,1,10,0,10,0,"0000000",17,33,17,41,18,10,0,0,0,1,0
13,130839,2,2,0,0,0,3,3,51,4910,16,8,2016,3,11,12,0,2,4,4,6,"BULL ST","",46,32.02922778,-81.11070556,0,12,6,0,8,1,0,1,1,1,0,1,0,"0000000",99,99,99,99,99,99,0,0,0,1,0
13,130840,1,1,0,0,0,1,1,21,3390,22,7,2016,6,14,37,0,2,6,2,4,"CR-720 / LOWER THOMASTON RD","",31,32.83163889,-83.83248056,0,34,0,0,1,1,0,4,1,1,0,1,0,"0000000",14,49,14,58,15,45,0,0,0,1,0
13,130841,4,4,0,0,0,8,8,135,1810,21,7,2016,5,16,41,1,2,3,4,6,"PEACHTREE INDUSTRIAL BLVD.","",6,33.99768333,-84.16754167,0,12,1,0,8,1,0,1,1,10,0,10,0,"0000000",16,42,16,46,17,23,0,0,0,1,0
13,130842,2,2,0,0,0,4,4,151,2560,5,8,2016,6,20,56,1,2,3,1,3,"SR-20","E. MAIN STREET",185,33.37928611,-84.28498333,0,12,6,0,2,2,0,1,2,1,0,1,0,"0000000",99,99,99,99,99,99,0,0,0,1,0
13,130843,1,1,0,0,0,1,1,145,0,16,7,2016,7,16,36,0,1,4,1,3,"SR-190","",39,32.84181111,-84.80211944,0,42,0,0,1,1,0,4,1,1,0,1,0,"0000000",99,99,99,99,99,99,0,0,0,1,1
13,130844,3,3,0,0,0,4,4,247,1320,6,8,2016,7,15,4,0,2,4,1,3,"SR-20","",22,33.75678889,-83.98300556,0,12,2,0,1,1,0,1,1,1,0,1,0,"0000000",15,19,15,34,15,55,0,0,0,1,0
13,130845,1,1,0,0,0,1,1,135,3990,16,8,2016,3,20,12,0,2,7,4,6,"DOWNS WAY","COUNTRY TRACE",1,33.91465833,-84.17354444,0,1,0,0,1,1,0,4,3,1,0,1,0,"0000000",20,12,20,17,20,40,0,0,0,1,0
13,130846,2,2,0,0,0,2,2,157,2920,16,8,2016,3,18,26,0,2,6,4,6,"STOREY LANE","",6,34.14748056,-83.60508611,0,12,2,0,1,1,0,1,1,1,0,1,0,"0000000",18,28,18,34,19,11,0,0,0,1,0
13,130847,1,1,0,0,0,1,1,63,0,17,8,2016,4,16,4,0,2,7,2,4,"CR-OLDENBURG DRIVE","SUNRISE CIRCLE",4,33.57045556,-84.386625,0,33,0,0,3,3,0,4,1,1,0,1,0,"0000000",99,98,99,98,88,88,0,0,0,1,1
13,130848,2,2,0,0,0,3,3,73,0,17,8,2016,4,14,27,0,2,6,4,6,"STEVENS CREEK ROAD","WATERVALE ROAD",0,33.52773056,-82.05374722,0,12,6,0,2,2,0,1,1,1,0,1,0,"0000000",14,31,14,40,14,55,0,0,0,1,0
13,130849,1,1,0,1,1,3,3,89,0,17,8,2016,4,21,50,0,2,6,2,4,"CR-FLAT SHOALS ROAD","",35,33.70499167,-84.27313056,0,8,0,0,1,1,0,1,2,1,0,1,0,"0000000",99,99,99,99,99,99,0,0,0,1,0
13,130850,1,1,0,0,0,1,1,119,0,17,8,2016,4,10,50,0,1,7,2,4,"CR-84","",0,34.46919167,-83.07938333,0,1,0,0,1,1,0,1,1,1,0,1,0,"0000000",10,57,11,12,12,1,0,0,0,1,0
13,130851,1,1,0,0,0,2,2,129,4550,17,8,2016,4,1,53,0,1,7,4,6,"KNIGHT ROAD","",1,34.54419167,-84.75925278,0,34,0,0,1,1,0,4,2,10,0,10,0,"0000000",1,55,2,3,3,3,20,0,0,1,0
13,130852,2,2,0,0,0,2,2,147,640,17,8,2016,4,11,35,0,1,5,1,3,"SR-77","",25,34.41523889,-83.05234444,0,12,2,0,1,1,0,1,1,10,0,10,0,"0000000",11,41,11,44,12,48,0,0,0,1,0
13,130853,2,2,0,0,0,2,2,285,0,17,8,2016,4,18,10,0,1,6,1,3,"SR-109","TOWNS ROAD",168,33.04233333,-84.94213611,0,12,2,0,2,3,0,1,1,1,0,1,0,"0000000",18,16,18,19,18,54,0,0,0,1,0
13,130854,3,3,0,0,0,3,3,63,0,18,8,2016,5,14,56,1,2,1,1,1,"I-285","",39,33.63081667,-84.41281389,0,12,7,0,1,1,0,1,1,1,0,1,0,"0000000",14,56,15,0,15,19,0,0,0,1,0
13,130855,1,1,0,0,0,1,1,71,0,18,8,2016,5,2,26,0,2,6,1,3,"SR-33","",16,31.05021111,-83.76629722,0,32,0,0,1,1,0,4,2,1,0,1,0,"0000000",99,98,99,98,88,88,0,0,0,1,1
13,130856,1,1,0,0,0,1,1,245,310,18,8,2016,5,15,21,0,2,4,4,6,"LANEY WALKER BLVD.","",4,33.45918611,-81.96125833,0,30,0,0,1,1,0,4,1,1,0,1,0,"0000000",15,25,15,31,15,42,0,0,0,1,0
13,130857,1,1,0,0,0,3,3,15,0,19,8,2016,6,8,24,0,2,6,2,4,"CR-OLD GRASSDALE ROAD","",0,34.22704167,-84.81730278,0,19,0,0,1,1,0,4,1,10,0,10,0,"0000000",8,25,8,32,9,18,0,0,0,1,0
13,130858,7,7,0,0,0,13,13,151,0,20,8,2016,7,10,37,1,2,1,1,1,"I-75","",98,33.428025,-84.182175,0,12,1,0,1,1,1,1,1,1,0,1,0,"0000000",10,38,10,48,11,39,3,0,0,1,0
13,130859,2,2,0,0,0,3,3,187,1480,20,8,2016,7,8,51,1,1,3,1,3,"SR-60","",70,34.52007778,-83.97635556,0,12,2,0,8,1,0,1,1,1,0,1,0,"0000000",8,52,8,55,9,3,0,0,0,1,0
13,130860,1,1,0,0,0,4,4,225,0,20,8,2016,7,20,30,0,2,6,2,4,"CR-MOSELEY ROAD","",62,32.64223056,-83.793575,0,1,0,0,1,1,0,4,2,1,0,1,0,"0000000",20,26,20,37,21,24,0,0,0,1,0
13,130861,1,1,0,0,0,1,1,303,5430,20,8,2016,7,3,2,0,2,5,4,6,"TENNILE OCONEE ROAD","",76,32.92778889,-82.83695556,0,59,0,0,1,1,0,4,2,1,0,1,0,"0000000",2,46,2,53,88,88,0,0,0,1,0
13,130862,1,1,0,0,0,2,2,51,4910,21,8,2016,1,14,49,1,2,4,4,6,"E. ANDERSON STREET","",17,32.05704722,-81.07815278,0,42,0,0,1,1,0,4,1,10,0,10,0,"0000000",14,49,15,1,15,55,0,0,0,1,0
13,130863,4,4,0,0,0,5,5,67,0,21,8,2016,1,18,44,1,2,3,2,4,"CR-JOHNSON FERRY ROAD","WOODLAWN PARKWAY",41,33.97811944,-84.41761667,0,12,6,0,2,3,0,1,1,10,0,10,0,"0000000",18,44,18,50,19,20,0,0,0,1,1
13,130864,1,1,0,0,0,1,1,99,0,21,8,2016,1,9,21,0,1,5,2,4,"CR-CEDAR SPRINGS ROAD","",68,31.27030278,-84.99058333,0,35,0,0,1,1,0,4,1,1,0,1,0,"0000000",99,98,99,98,88,88,0,0,0,1,1
13,130865,2,2,0,0,0,2,2,121,9997,21,8,2016,1,13,32,1,2,3,4,6,"MEDLOCK BRIDGE ROAD","OLD ALABAMA ROAD",167,34.01121389,-84.19221389,0,12,6,0,2,3,0,1,1,10,0,10,0,"0000000",13,32,13,36,13,47,0,0,0,1,0
13,130866,1,1,0,0,0,1,1,219,0,21,8,2016,1,22,46,0,1,5,2,4,"CR-BARNETT SHOALS ROAD","",33,33.86146667,-83.35858611,0,59,0,0,1,1,0,4,2,1,0,1,0,"0000000",99,98,99,98,88,88,0,0,0,1,1
13,130867,1,1,0,0,0,1,1,277,0,21,8,2016,1,1,21,0,1,4,1,3,"SR-125","",155,31.56251389,-83.48510556,0,35,0,0,1,1,0,4,2,1,0,1,0,"0000000",99,98,99,98,88,88,0,0,0,1,1
13,130868,1,1,0,1,1,1,1,67,0,22,8,2016,2,22,58,0,2,4,2,4,"CR-POWERS FERRY ROAD","",47,33.90058889,-84.44424722,0,8,0,0,1,1,0,1,2,10,0,10,0,"0000000",22,58,23,8,23,27,0,0,0,1,0
13,130869,2,2,0,0,0,3,3,139,2285,22,8,2016,2,7,25,1,2,3,1,3,"SR-11","",200,34.42367778,-83.809325,0,12,2,0,1,1,0,1,1,1,0,1,0,"0000000",7,23,7,43,8,14,0,0,0,2,0
13,130870,3,3,0,0,0,6,6,141,5120,22,8,2016,2,15,50,0,1,4,1,3,"SR-22","",110,33.27191389,-82.99950278,0,12,2,0,1,1,0,1,1,1,0,1,0,"0000000",16,5,16,5,16,48,0,0,0,1,0
13,130871,1,1,0,0,0,5,5,145,0,22,8,2016,2,0,45,0,1,5,1,4,"CR-HAMILTON PLEASANT GROVE RD.","SR-315",60,32.66719444,-84.95566111,0,42,0,0,3,3,0,4,2,10,0,10,0,"0000000",0,32,0,41,1,32,0,0,0,2,1
13,130872,3,3,0,0,0,4,4,157,0,22,8,2016,2,2,30,1,2,1,1,1,"I-85","",135,34.18521944,-83.59578056,0,12,1,0,1,1,0,1,2,10,0,10,0,"0000000",2,32,2,49,3,22,0,0,0,1,0
13,130873,1,1,0,0,0,8,8,215,1280,22,8,2016,2,7,44,0,2,7,4,6,"GARRETT ROAD","",18,32.56151111,-84.82389444,0,42,0,0,1,1,0,4,1,1,0,1,1,"0000000",7,53,8,10,8,59,0,0,0,1,0
13,130874,1,1,0,0,0,1,1,29,0,23,8,2016,3,13,45,1,1,1,1,1,"I-16","",72,32.15382778,-81.42714167,0,42,0,0,1,1,0,4,1,2,0,2,0,"0000000",99,98,99,98,88,88,0,0,0,1,0
13,130875,3,3,0,0,0,4,4,51,4910,23,8,2016,3,1,50,1,2,3,1,3,"SR-204","TRUMAN PARKWAY",172,31.979075,-81.13763889,0,12,6,0,3,2,0,1,3,1,0,1,0,"0000000",1,50,2,11,2,22,0,0,0,2,1