"STATE","ST_CASE","VE_TOTAL","VE_FORMS","PVH_INVL","PEDS","PERNOTMVIT","PERMVIT","PERSONS","COUNTY","CITY","DAY","MONTH","YEAR","DAY_WEEK","HOUR","MINUTE","NHS","RUR_URB","FUNC_SYS","RD_OWNER","ROUTE","TWAY_ID","TWAY_ID2","MILEPT","LATITUDE","LONGITUD","SP_JUR","HARM_EV","MAN_COLL","RELJCT1","RELJCT2","TYP_INT","WRK_ZONE","REL_ROAD","LGT_COND","WEATHER1","WEATHER2","WEATHER","SCH_BUS","RAIL","NOT_HOUR","NOT_MIN","ARR_HOUR","ARR_MIN","HOSP_HR","HOSP_MN","CF1","CF2","CF3","FATALS","DRUNK_DR"
13,130876,2,2,0,0,0,2,2,89,0,23,8,2016,3,19,17,0,2,4,2,4,"CR-COLUMBIA DRIVE","",11,33.72683889,-84.25144167,0,12,2,0,8,1,0,1,1,1,0,1,0,"0000000",19,17,19,20,19,43,0,0,0,1,0
13,130877,3,3,0,0,0,5,5,113,0,23,8,2016,3,8,17,0,1,4,1,3,"SR-85","",31,33.35154167,-84.4879,0,12,1,0,1,1,0,1,1,1,0,1,0,"0000000",8,18,8,21,9,36,0,0,0,1,0
13,130878,1,1,0,0,0,1,1,153,0,23,8,2016,3,16,30,0,2,4,1,3,"SR-11","",281,32.68585278,-83.69029167,0,1,0,0,1,1,0,4,1,1,0,1,0,"0000000",99,98,99,98,88,88,0,0,0,1,0
13,130879,2,2,0,0,0,4,4,217,0,23,8,2016,3,18,39,0,2,4,2,4,"CR-SPRING ROAD","",13,33.58434444,-83.98605,0,12,2,0,1,1,0,1,1,1,0,1,0,"0000000",99,99,99,99,99,99,0,0,0,1,1
13,130880,1,1,0,0,0,2,2,15,980,24,8,2016,4,17,50,1,2,1,1,1,"I-75","",157,34.24345556,-84.76835833,0,35,0,0,1,1,0,4,1,10,0,10,0,"0000000",18,31,18,41,18,50,0,0,0,1,0
13,130881,1,1,0,0,0,2,2,97,1770,24,8,2016,4,13,12,0,2,7,4,6,"YEAGER ROAD","",6,33.65286944,-84.74910278,0,42,0,0,1,1,0,4,1,10,0,10,0,"0000000",13,22,13,31,14,39,0,0,0,1,0
13,130882,1,1,0,0,0,1,1,133,0,24,8,2016,4,21,35,0,1,6,2,4,"CR-VEAZEY ROAD","",78,33.461775,-83.10426667,0,42,0,0,1,1,0,4,2,1,0,1,0,"0000000",99,98,99,98,88,88,0,0,0,1,1
13,130883,2,2,0,0,0,2,2,297,2950,24,8,2016,4,19,37,0,2,7,4,6,"CANNON FARM ROAD","",2,33.73075,-83.87317778,0,12,2,0,1,1,0,1,1,1,0,1,0,"0000000",99,98,99,98,88,88,0,0,0,1,0
13,130884,2,2,0,0,0,3,3,69,0,25,8,2016,5,7,12,0,1,6,2,4,"CR-NEW FOREST HIGHWAY","",39,31.55271944,-82.75983889,0,12,2,0,1,1,0,1,1,10,0,10,0,"0000000",7,13,7,20,7,52,0,0,0,1,0
13,130885,2,2,0,0,0,4,4,71,4000,25,8,2016,5,19,5,0,1,6,4,6,"CROSLAND-LENOX ROAD","ELLENTON OMEGA ROAD",49,31.29123056,-83.57151389,0,12,6,0,2,2,0,1,1,1,0,1,0,"0000000",99,99,99,99,99,99,0,0,0,1,1
13,130886,2,2,0,0,0,2,2,35,0,26,8,2016,6,16,15,0,2,6,2,4,"CR-HIGGINS ROAD","",11,33.27577222,-83.89847222,0,12,1,0,8,1,0,1,1,1,0,1,0,"0000000",99,99,99,99,99,99,0,0,0,1,0
13,130887,2,2,0,0,0,5,5,217,0,26,8,2016,6,16,55,0,2,4,2,4,"CR-BYPASS ROAD","",106,33.55859722,-83.88352778,0,12,2,0,1,1,0,1,1,1,0,1,0,"0000000",16,55,16,57,17,30,0,0,0,2,0
13,130888,2,2,0,0,0,2,2,237,0,26,8,2016,6,17,14,0,1,5,4,4,"CR-OLD PHOENIX ROAD","",50,33.41496667,-83.26754444,0,12,2,0,8,1,0,1,1,1,0,1,0,"0000000",17,15,17,26,88,88,0,0,0,1,0
13,130889,2,2,0,0,0,3,3,89,0,27,8,2016,7,18,35,1,2,3,2,4,"CR-SNAPFINGER ROAD","THOMPSON MILL ROAD",8,33.69796111,-84.20651944,0,12,6,0,2,3,0,1,1,1,0,1,0,"0000000",18,30,18,40,20,0,0,0,0,2,0
13,130890,1,1,0,0,0,1,1,121,280,27,8,2016,7,6,30,1,2,1,1,1,"I-20","",42,33.75709444,-84.46891944,0,59,0,0,1,1,0,4,4,1,0,1,0,"0000000",99,99,99,99,88,88,0,0,0,1,0
13,130891,1,1,0,0,0,2,2,87,370,28,8,2016,1,17,30,0,2,7,4,6,"SASSER STORE ROAD","",1,30.90451944,-84.52171389,0,32,0,0,1,1,0,4,1,1,0,1,0,"0000000",17,34,17,42,18,1,0,0,0,1,0
13,130892,1,1,0,0,0,3,3,91,0,28,8,2016,1,20,13,0,1,7,2,4,"CR-FAIR HAVEN ROAD","CR-81",31,32.11955833,-83.19266944,0,42,0,0,3,2,0,4,2,10,0,10,0,"0000000",20,16,20,45,21,16,0,0,0,1,0
13,130894,1,1,0,0,0,1,1,223,1500,28,8,2016,1,8,35,0,2,4,1,3,"SR-61","",21,33.8099,-84.88871389,0,1,0,0,1,1,0,4,2,1,0,1,0,"0000000",99,98,99,98,88,88,0,0,0,1,1
13,130895,1,1,0,0,0,1,1,7,0,29,8,2016,2,22,10,0,1,4,1,3,"SR-91","",60,31.21757778,-84.4507,0,42,0,0,1,1,0,4,2,10,0,10,0,"0000000",99,99,99,99,99,99,0,0,0,1,1
13,130896,2,2,0,0,0,2,2,135,800,29,8,2016,2,4,45,1,2,1,1,1,"I-85","",254,34.08425,-83.86630833,0,12,6,0,1,1,0,1,2,1,0,1,0,"0000000",4,43,5,12,99,99,0,0,0,1,1
13,130897,2,2,0,0,0,2,2,135,3100,29,8,2016,2,9,53,0,2,4,1,3,"SR-8","",106,33.93640278,-84.03655556,0,12,7,0,1,1,0,1,1,1,0,1,0,"0000000",9,53,9,59,10,15,0,0,0,1,0
13,130898,2,2,0,0,0,30,30,185,5680,29,8,2016,2,15,15,1,2,1,1,1,"I-75","",160,30.81418889,-83.31446111,0,12,9,0,1,1,0,1,1,1,0,1,1,"0000000",15,20,15,28,16,42,0,0,0,1,0
13,130899,1,1,0,1,1,1,1,255,0,29,8,2016,2,6,40,0,2,4,2,4,"CR-VINEYARD ROAD","",29,33.29543611,-84.29683611,0,9,0,0,1,1,0,1,2,1,0,1,0,"0000000",99,99,99,99,99,99,0,0,0,1,0
13,130900,2,2,0,0,0,2,2,67,0,30,8,2016,3,14,34,0,2,4,2,4,"CR-SANDY PLAINS ROAD","HOLLY SPRINGS ROAD",21,34.03115278,-84.46720278,0,12,6,0,2,2,0,1,1,1,0,1,0,"0000000",14,39,14,39,14,59,0,0,0,1,0
13,130901,1,1,0,0,0,1,1,121,280,30,8,2016,3,20,39,1,2,1,1,1,"I-285","",124,33.79965278,-84.48835556,0,25,0,0,1,1,0,3,2,1,0,1,0,"0000000",20,39,20,39,88,88,0,0,0,1,1
13,130902,1,1,0,1,1,1,1,121,0,30,8,2016,3,20,56,0,2,4,2,4,"CR-FLAT SHOALS ROAD","",38,33.589025,-84.47168611,0,8,0,0,1,1,1,1,2,1,0,1,0,"0000000",20,56,21,1,88,88,0,0,0,1,0
13,130903,2,2,0,0,0,2,2,277,5490,30,8,2016,3,14,47,1,2,3,1,3,"SR-7","PARK AVENUE",101,31.46405278,-83.50849722,0,12,6,0,2,2,0,1,1,10,0,10,0,"0000000",14,42,14,46,15,9,0,0,0,1,0
13,130904,5,5,0,0,0,6,6,45,0,31,8,2016,4,18,5,1,2,1,1,1,"I-20","",87,33.71613889,-85.03045833,0,12,1,0,1,1,0,1,1,1,0,1,0,"0000000",18,4,18,11,20,53,0,0,0,2,0
13,130905,1,1,0,0,0,1,1,83,0,31,8,2016,4,17,45,1,1,1,1,1,"I-59","",30,34.76015556,-85.53814167,0,35,0,0,1,1,0,4,1,1,0,1,0,"0000000",18,3,18,17,18,53,0,0,0,1,0
13,130906,2,2,0,0,0,2,2,135,800,31,8,2016,4,6,38,0,2,4,1,3,"SR-324","CROSS ROAD",3,34.07368333,-83.97813889,0,12,6,0,2,3,0,1,1,1,0,1,0,"0000000",6,40,6,45,7,8,0,0,0,1,0
13,130907,1,1,0,0,0,2,2,63,2180,17,7,2016,1,5,13,0,2,7,2,4,"CR-166 / SIMPSON RD","",2,33.63543611,-84.34534167,0,33,0,0,1,1,0,4,3,1,0,1,0,"0000000",5,13,5,22,5,50,0,0,0,1,0
13,130908,1,1,0,1,1,2,2,47,0,1,9,2016,5,23,20,0,2,4,2,4,"CR-553 / LAKEVIEW DR","PAGE RD",12,34.97779444,-85.24446944,0,8,0,0,3,3,0,1,2,1,0,1,0,"0000000",99,99,99,99,99,99,0,0,0,1,1
13,130909,2,2,0,0,0,2,2,89,3210,1,9,2016,5,21,52,0,2,4,2,4,"CR-298900 / LITHONIA IND BLVD","GRIFFITH WAY",18,33.72438611,-84.11834722,0,12,6,0,3,3,0,1,3,1,0,1,0,"0000000",99,98,99,98,88,88,0,0,0,1,1
13,130910,2,2,0,0,0,2,2,103,0,1,9,2016,5,17,24,1,1,1,1,1,"I-16","",10,32.12433889,-81.38660833,0,12,7,0,1,1,0,3,1,10,0,10,0,"0000000",99,98,99,98,88,88,0,0,0,1,0
13,130911,1,1,0,1,1,1,1,121,280,1,9,2016,5,11,47,0,2,7,4,6,"AMAL DR","PRYOR RD",0,33.7078,-84.39596111,0,8,0,0,3,2,0,4,1,1,0,1,0,"0000000",99,99,99,99,99,99,0,0,0,1,0
13,130912,2,2,0,0,0,2,2,151,3220,1,9,2016,5,4,24,1,2,1,1,1,"I-75","",35,33.34858056,-84.12403056,0,12,1,0,1,1,0,1,2,1,0,1,0,"0000000",4,24,4,32,88,88,28,0,0,1,0
13,130913,1,1,0,1,1,1,1,157,5390,1,9,2016,5,12,0,0,1,7,2,4,"CR-207 / SOSEBEE RD","SR-11",4,34.20555833,-83.71891389,0,8,0,0,3,3,0,1,1,10,0,10,0,"0000000",99,99,99,99,99,99,23,0,0,1,0
13,130914,2,2,0,0,0,5,5,173,0,1,9,2016,5,6,50,0,1,4,1,2,"US-221 / SR-31","",143,31.10235,-83.005675,0,12,6,0,1,1,0,1,1,1,0,1,0,"0000000",99,99,99,99,99,99,0,0,0,1,0
13,130915,2,2,0,0,0,2,2,211,0,1,9,2016,5,21,52,0,1,5,1,3,"SR-83","",205,33.70044444,-83.50306944,0,12,2,0,1,1,0,1,2,10,0,10,0,"0000000",99,99,99,99,99,99,0,0,0,1,1
13,130916,1,1,0,0,0,1,1,257,5530,1,9,2016,5,12,28,0,2,7,2,4,"CR-283 / EASY ST","",8,34.55096667,-83.35025,0,42,0,0,1,1,0,4,1,10,0,10,0,"0000000",99,99,99,99,99,99,0,0,0,1,0
13,130917,2,2,0,0,0,2,2,11,0,2,9,2016,6,6,34,0,1,5,1,3,"SR-51","",154,34.36552222,-83.43931111,0,12,2,0,1,1,0,1,4,10,0,10,0,"0000000",99,99,99,99,99,99,0,0,0,2,0
13,130918,2,2,0,0,0,2,2,47,0,2,9,2016,6,18,0,0,1,6,2,4,"CR-215 / MT VERNON RD","",14,34.97995556,-85.00131389,0,12,6,0,8,1,0,1,1,1,0,1,0,"0000000",99,99,99,99,99,99,0,0,0,1,0
13,130919,1,1,0,0,0,2,2,207,0,2,9,2016,6,17,18,1,2,1,1,1,"I-75","",36,32.94939444,-83.80020278,0,1,0,0,1,1,0,3,1,1,0,1,0,"0000000",99,99,99,99,99,99,0,0,0,1,1
13,130920,1,1,0,0,0,1,1,29,0,3,9,2016,7,20,55,0,1,7,2,4,"CR-38 / MACK ENGLISH RD","",46,32.1211,-81.50332222,0,1,0,0,1,1,0,4,2,1,0,1,0,"0000000",99,99,99,99,99,99,0,0,0,1,1
13,130921,2,2,0,0,0,2,2,115,242,3,9,2016,7,14,48,0,1,5,2,4,"CR-635 / FLOYD SPRINGS RD","",32,34.41653333,-85.15611944,0,12,6,0,8,1,0,1,1,1,0,1,0,"0000000",14,49,15,4,15,33,0,0,0,1,0
13,130922,1,1,0,0,0,1,1,251,0,3,9,2016,7,23,55,0,1,5,1,3,"SR-17","",38,32.54271667,-81.58101389,0,35,0,0,1,1,0,4,2,1,0,1,0,"0000000",99,99,99,99,99,99,0,0,0,1,1
13,130923,1,1,0,0,0,1,1,7,0,4,9,2016,1,20,10,0,1,5,2,4,"CR-120 / MILFORD CHURCH RD","",99999,31.40038889,-84.53620278,0,42,0,0,1,1,0,5,2,10,0,10,0,"0000000",99,98,99,98,88,88,0,0,0,1,1
13,130924,3,3,0,0,0,4,4,45,0,4,9,2016,1,21,0,0,2,4,1,3,"SR-166","BURWELL RD",104,33.56098889,-85.15376944,0,12,6,0,3,3,0,1,2,1,0,1,0,"0000000",99,99,99,99,99,99,0,0,0,1,0
13,130925,1,1,0,0,0,1,1,55,0,4,9,2016,1,22,0,0,1,7,2,4,"CR-1 /HALLS VALLEY RD","",43,34.56418611,-85.26616667,0,35,0,0,1,1,0,4,2,1,0,1,0,"0000000",99,99,99,99,88,88,0,0,0,1,1
13,130926,2,2,0,0,0,2,2,121,280,4,9,2016,1,0,56,1,2,1,1,1,"I-75","",104,33.78653611,-84.39145556,0,12,1,0,1,1,0,1,3,1,0,1,0,"0000000",99,99,99,99,99,99,23,0,0,1,0
13,130927,2,2,0,1,1,1,1,121,280,4,9,2016,1,3,47,1,2,1,1,1,"I-75","",169,33.86514722,-84.43954167,0,12,2,0,1,1,0,1,2,1,0,1,0,"0000000",99,98,99,98,88,88,19,23,0,1,1
13,130928,1,1,0,1,1,1,1,127,0,4,9,2016,1,12,41,1,2,3,1,3,"SR-25SE / FJ TORRAS CSWY","",34,31.17051111,-81.42114167,0,9,0,0,1,1,0,4,1,1,0,1,0,"0000000",99,99,99,99,99,99,0,0,0,1,0
13,130929,1,1,0,0,0,2,2,137,0,4,9,2016,1,17,50,1,1,3,1,2,"US-441 / SR-365","",99999,34.57585833,-83.46361944,0,32,0,0,1,1,0,3,1,1,0,1,0,"0000000",99,99,99,99,99,99,0,0,0,1,0
13,130930,1,1,0,1,1,4,4,215,1280,4,9,2016,1,3,33,0,2,4,1,3,"SR-219 / RIVER RD","",24,32.52808056,-84.99198611,0,8,0,0,1,1,0,1,3,1,0,1,0,"0000000",3,30,3,34,88,88,0,0,0,1,1
13,130931,1,1,0,1,1,1,1,277,0,4,9,2016,1,20,52,1,2,3,1,2,"US-82 / SR-520","",101,31.45076667,-83.50670833,0,8,0,0,1,1,0,1,3,10,0,10,0,"0000000",99,99,99,99,99,99,0,0,0,1,0
13,130932,2,2,0,0,0,2,2,51,4910,5,9,2016,2,18,36,0,2,7,4,6,"MEDING ST","MCKENZIE ST",20,32.03709167,-81.11489167,0,12,6,0,2,3,0,1,1,1,0,1,0,"0000000",99,98,99,98,88,88,0,0,0,1,0
13,130933,2,2,0,0,0,5,5,311,0,5,9,2016,2,11,58,1,1,3,1,2,"US-129 / SR-11","SR-11 BYP",77,34.57883611,-83.76364167,0,12,6,0,2,2,0,1,1,1,0,1,0,"0000000",99,99,99,99,99,99,0,0,0,1,0
13,130934,1,1,0,0,0,2,2,1,0,6,9,2016,3,14,40,0,1,5,1,3,"SR-203","",99,31.57894722,-82.15682778,0,1,0,0,1,1,0,4,1,1,0,1,0,"0000000",99,99,99,99,99,99,0,0,0,1,0
13,130935,2,2,0,0,0,2,2,31,0,6,9,2016,3,13,35,1,1,1,1,1,"I-16","",211,32.22964444,-81.61143889,0,12,1,0,1,1,0,1,1,1,0,1,0,"0000000",99,98,99,98,88,88,0,0,0,1,0
13,130936,2,2,0,0,0,2,2,67,5070,6,9,2016,3,23,50,1,2,3,4,6,"EAST WEST CONN","",1,33.84543056,-84.532475,0,33,0,0,1,1,0,3,2,1,0,1,0,"0000000",99,98,99,98,88,88,0,0,0,2,0
13,130937,3,3,0,0,0,3,3,119,0,6,9,2016,3,16,41,1,1,1,1,1,"I-85","",5,34.31306111,-83.37786667,0,12,1,0,1,1,0,1,1,1,0,1,0,"0000000",99,99,99,99,88,88,19,0,0,1,0
13,130938,1,1,0,1,1,1,1,121,120,6,9,2016,3,6,10,0,2,4,4,6,"HAYNES BRIDGE RD","NOTTAWAY LN",4,34.0691,-84.29370833,0,8,0,0,3,2,4,1,3,1,0,1,0,"0000000",99,98,99,98,88,88,0,0,0,1,0
13,130939,2,2,0,0,0,2,2,139,0,6,9,2016,3,7,36,0,2,4,1,3,"SR-60","",52,34.23968889,-83.79754722,0,12,8,0,1,1,0,1,1,1,0,1,0,"0000000",99,99,99,99,99,99,0,0,0,1,0
13,130940,2,2,0,0,0,2,2,213,0,6,9,2016,3,14,16,0,2,4,1,3,"SR-286","",43,34.82644722,-84.77563611,0,12,6,0,1,1,0,1,1,1,0,1,0,"0000000",99,99,99,99,99,99,0,0,0,1,0
13,130941,2,2,0,0,0,3,3,321,0,6,9,2016,3,4,20,0,1,3,1,3,"SR-32","SR-300",18,31.72625833,-83.98708611,0,12,6,0,2,2,0,1,2,1,0,1,0,"0000000",99,98,99,98,88,88,0,0,0,1,0
13,130942,2,2,0,0,0,2,2,89,1610,7,9,2016,4,7,59,0,2,6,2,4,"CR-242 / MCAFEE RD","SHAMROCK DR",3,33.73151389,-84.25730833,0,12,6,0,2,2,0,1,1,1,0,1,0,"0000000",99,98,99,98,88,88,0,0,0,1,0
13,130943,1,1,0,1,1,1,1,51,4910,7,9,2016,4,13,7,1,2,3,1,3,"SR-204","WILSHIRE BLVD",177,31.98358889,-81.13265278,0,8,0,0,3,2,0,1,1,1,0,1,0,"0000000",13,8,13,10,13,25,0,0,0,1,0
13,130944,1,1,0,0,0,1,1,121,280,7,9,2016,4,15,0,1,2,1,1,1,"I-75","",148,33.83325833,-84.42705278,0,25,0,0,1,1,0,3,1,1,0,1,0,"0000000",99,99,99,99,99,99,0,0,0,1,0
13,130945,2,2,0,0,0,3,3,161,2630,7,9,2016,4,17,56,0,1,4,1,2,"US-23 / SR-135","JEFFERSON ST",153,31.86135556,-82.60351111,0,12,6,0,2,2,0,1,1,1,0,1,0,"0000000",99,99,99,99,99,99,0,0,0,1,0
13,130946,2,1,1,0,0,2,2,89,1750,8,9,2016,5,0,53,0,2,4,4,6,"TILLY MILL RD","",1,33.91189722,-84.27975278,0,14,0,0,1,1,0,5,2,1,0,1,0,"0000000",99,98,99,98,88,88,0,0,0,2,1
13,130947,2,2,0,0,0,2,2,169,0,8,9,2016,5,7,0,1,2,3,1,2,"US-129 / SR-11","JOYCLIFF RD",10,32.90040556,-83.59141389,0,12,2,0,2,2,0,1,3,1,0,1,0,"0000000",7,2,7,7,7,38,0,0,0,1,0
13,130948,1,1,0,0,0,1,1,23,0,9,9,2016,6,18,40,0,1,7,2,4,"CR-79 / BUTTS RD","",0,32.47336111,-83.30065556,0,34,0,0,1,1,0,4,1,1,0,1,0,"0000000",99,99,99,99,88,88,0,0,0,1,0
13,130949,2,2,0,0,0,3,3,233,0,9,9,2016,6,6,44,1,1,3,1,2,"US-27 / SR-1","",6,33.90698056,-85.23741389,0,12,1,0,1,1,0,1,2,1,0,1,0,"0000000",99,99,99,99,99,99,0,0,0,1,0
13,130950,1,1,0,0,0,1,1,247,1320,9,9,2016,6,6,31,0,2,6,2,4,"CR-86 / HI ROC RD","",17,33.7067,-83.99201667,0,42,0,0,1,1,0,4,2,1,0,1,0,"0000000",99,98,99,98,88,88,0,0,0,1,1
13,130951,1,1,0,1,1,1,1,5,0,10,9,2016,7,0,5,1,1,3,1,2,"US-1 / SR-4","",124,31.58753056,-82.46186111,0,8,0,0,1,1,0,1,2,1,0,1,0,"0000000",99,99,99,99,99,99,0,0,0,1,0
13,130952,2,2,0,0,0,2,2,13,0,10,9,2016,7,2,23,1,2,3,1,2,"US-29 / SR-316","",48,33.94597778,-83.754325,0,12,2,0,1,1,0,1,2,1,0,1,0,"0000000",2,23,2,35,88,88,0,0,0,2,1
13,130953,1,1,0,0,0,3,3,31,0,10,9,2016,7,15,2,0,1,7,2,4,"CR-53 / HAROLD HOWELL RD","",7,32.57336389,-81.91840556,0,1,0,0,1,1,0,1,1,1,0,1,0,"0000000",99,99,99,99,99,99,0,0,0,1,0
13,130955,1,1,0,0,0,2,2,31,0,11,9,2016,1,1,29,0,1,7,2,4,"CR-279 / OLD GROVELAND RD","",28,32.227775,-81.74981111,0,1,0,0,1,1,0,1,2,1,0,1,0,"0000000",99,98,99,98,88,88,0,0,0,1,1
13,130956,1,1,0,0,0,1,1,67,0,11,9,2016,1,2,25,1,2,1,1,1,"I-20","",15,33.77433889,-84.56911667,0,42,0,0,1,1,0,4,2,1,0,1,0,"0000000",99,98,99,98,88,88,0,0,0,1,1
13,130957,2,2,0,0,0,2,2,67,0,11,9,2016,1,9,8,0,2,7,2,4,"CR-811 / BULLARD RD","GOVANETT RD",18,33.91160278,-84.69238056,0,12,2,0,2,3,0,1,1,1,0,1,0,"0000000",99,99,99,99,88,88,0,0,0,1,0
13,130958,2,2,0,0,0,4,4,67,0,11,9,2016,1,18,20,1,2,1,1,1,"I-20","",28,33.77376389,-84.56040833,0,12,1,0,1,1,0,1,1,1,0,1,0,"0000000",99,98,99,98,88,88,0,0,0,1,1
13,130959,1,1,0,1,1,1,1,21,3390,12,9,2016,2,9,21,0,2,4,1,2,"US-41 / FORSYTH RD","N WELLINGTON",167,32.88848889,-83.74332222,0,8,0,0,3,3,0,1,1,1,0,1,0,"0000000",99,99,99,99,99,99,0,0,0,1,0
13,130960,1,1,0,0,0,1,1,45,0,12,9,2016,2,9,0,0,1,7,2,4,"CR-557 / DUNCAN RD","",6,33.46815278,-85.03602778,0,1,0,0,1,1,0,1,1,10,0,10,0,"0000000",99,99,99,99,88,88,0,0,0,1,0
13,130961,1,1,0,3,3,2,2,59,270,12,9,2016,2,18,42,0,2,6,2,4,"CR-203 / ATHENA DR","",17,33.97339722,-83.321075,0,9,0,0,1,1,0,1,1,1,0,1,0,"0000000",18,46,18,54,99,99,0,0,0,1,0
13,130962,2,2,0,0,0,3,3,97,0,12,9,2016,2,10,40,0,2,4,1,2,"US-78 / SR-8","MANN RD",50,33.7265,-84.82741389,0,12,6,0,2,2,4,1,1,10,0,10,0,"0000000",99,99,99,99,99,99,0,0,0,1,0
13,130964,1,1,0,0,0,1,1,207,0,12,9,2016,2,2,54,0,1,4,1,2,"US-23 / SR-87","",150,33.14431944,-83.83670833,0,42,0,0,1,1,0,4,2,1,0,1,0,"0000000",3,41,3,53,88,88,0,0,0,1,1
13,130965,3,3,0,0,0,4,4,215,1280,12,9,2016,2,12,37,1,2,2,1,2,"US-27 ALT / MANCHESTER EXPWY","",140,32.57226944,-84.82481944,0,12,2,0,1,1,0,1,1,1,0,1,0,"0000000",12,38,12,52,88,88,14,0,0,1,0
13,130966,2,2,0,0,0,2,2,271,0,12,9,2016,2,12,12,1,1,3,1,2,"US-441 / SR-31","KINNETT RD",135,31.97543611,-82.92665278,0,12,6,0,2,2,0,1,1,1,0,1,0,"0000000",99,98,99,98,88,88,0,0,0,1,0
13,130967,2,2,0,0,0,2,2,299,5850,12,9,2016,2,9,58,1,2,3,1,2,"US-23 / OSSIE DAVIS PKWY","MCDONALD ST",20,31.22054444,-82.36059722,0,12,6,0,2,2,0,1,1,1,0,1,0,"0000000",99,99,99,99,99,99,0,0,0,1,0
13,130968,1,1,0,0,0,1,1,313,0,12,9,2016,2,12,35,0,2,4,1,2,"US-41 / SR-3","",235,34.81132778,-85.04419722,0,35,0,0,1,1,0,4,1,1,0,1,0,"0000000",99,99,99,99,99,99,0,0,0,1,0
13,130969,1,1,0,0,0,1,1,47,0,13,9,2016,3,14,51,0,2,4,2,4,"CR-381 / GRAYSVILLE RD","",19,34.98633889,-85.14752222,0,10,0,0,6,1,0,1,1,1,0,1,0,"340584H",99,98,99,98,88,88,0,0,0,1,0
13,130970,1,1,0,1,1,1,1,89,5220,13,9,2016,3,13,35,1,2,3,1,3,"SR-10 / MEMORIAL DR","RAYS RD",90,33.79849444,-84.221175,0,8,0,0,3,2,0,1,1,1,0,1,0,"0000000",13,35,13,36,14,2,0,0,0,1,0
13,130971,2,2,0,0,0,3,3,45,0,14,9,2016,4,17,1,1,2,3,1,3,"SR-61","DOCK HYDE RD",4,33.62133056,-84.99511111,0,12,6,0,2,2,0,1,1,1,0,1,0,"0000000",99,99,99,99,99,99,0,0,0,1,0
13,130972,2,2,0,0,0,2,2,45,0,14,9,2016,4,18,40,0,2,6,2,4,"CR-358 / RAINEY RD","TAYLORS GIN RD",37,33.78966944,-84.99056667,0,12,6,0,2,3,0,1,1,1,0,1,0,"0000000",99,99,99,99,88,88,0,0,0,1,0
13,130973,3,3,0,0,0,3,3,51,5480,14,9,2016,4,9,49,1,2,3,1,2,"US-80 / SR-26","",222,32.03632222,-81.03814722,0,12,6,0,1,1,0,1,1,2,0,2,0,"0000000",99,99,99,99,99,99,0,0,0,1,0
13,130974,1,1,0,0,0,1,1,97,0,14,9,2016,4,16,30,0,2,4,2,4,"CR-817 / LEE RD","",30,33.77241389,-84.65324722,0,32,0,0,1,1,0,4,1,1,0,1,0,"0000000",99,99,99,99,99,99,0,0,0,1,0
13,130975,4,4,0,0,0,5,5,117,0,14,9,2016,4,11,23,1,2,3,1,3,"SR-141","LAUREL SPRINGS PKWY",13,34.08448056,-84.16163611,0,12,6,0,2,2,0,1,1,1,0,1,0,"0000000",11,29,11,34,12,20,0,0,0,1,0
13,130976,1,1,0,0,0,2,2,121,280,14,9,2016,4,2,31,0,2,4,1,2,"US-19 / SR-9 / PEACHTREE ST","SPRING ST",10,33.79724167,-84.38900556,0,33,0,0,1,1,0,4,2,1,0,1,0,"0000000",99,99,99,99,99,99,0,0,0,1,0
13,130977,1,1,0,0,0,1,1,157,0,14,9,2016,4,16,58,1,2,3,1,2,"US-129 / SR-15 ALT","",59,34.06050833,-83.508425,0,42,0,0,1,1,0,4,1,1,0,1,0,"0000000",99,98,99,98,88,88,0,0,0,1,0
13,130978,2,2,0,0,0,2,2,59,270,15,9,2016,5,15,3,1,2,3,1,2,"US-29 / SR-72","OLD HULL RD",2,33.99452222,-83.33420556,0,12,2,0,2,3,0,1,1,1,0,1,0,"0000000",99,99,99,99,99,99,0,0,0,1,0
13,130979,2,2,0,0,0,2,2,145,0,29,7,2016,6,8,4,0,1,5,1,3,"SR-116","",125,32.79135556,-84.83458333,0,12,2,0,1,1,0,1,1,1,0,1,0,"0000000",99,99,99,99,99,99,0,0,0,1,0
13,130980,2,2,0,0,0,2,2,67,0,15,9,2016,5,99,99,1,2,1,1,1,"I-75","",26,33.91157222,-84.47866667,0,5,0,0,1,1,1,1,2,1,0,1,0,"0000000",1,38,1,41,88,88,0,0,0,1,0
13,130981,2,2,0,0,0,2,2,219,0,15,9,2016,5,6,40,1,1,3,1,3,"SR-24","",22,33.74236389,-83.43099722,0,1,0,0,1,1,0,1,2,1,0,1,0,"0000000",99,99,99,99,99,99,0,0,0,1,0
13,130982,1,1,0,0,0,2,2,247,0,15,9,2016,5,19,36,0,2,4,2,4,"CR-SMYRNA ROAD","",21,33.64495,-84.05288333,0,38,0,0,1,1,0,5,1,1,0,1,0,"0000000",99,98,99,98,88,88,0,0,0,2,0
13,130983,2,2,0,0,0,5,5,15,980,16,9,2016,6,23,35,1,1,3,1,3,"SR-20","",71,34.22110833,-84.91235833,0,12,1,0,1,1,0,1,2,1,0,1,0,"0000000",99,99,99,99,99,99,0,0,0,3,0
13,130984,1,1,0,1,1,1,1,63,2970,16,9,2016,6,2,34,1,2,3,1,3,"SR-3","",75,33.52976667,-84.363275,0,8,0,0,1,1,0,1,2,1,0,1,0,"0000000",99,99,99,99,99,99,0,0,0,1,0