"STATE","ST_CASE","VE_TOTAL","VE_FORMS","PVH_INVL","PEDS","PERNOTMVIT","PERMVIT","PERSONS","COUNTY","CITY","DAY","MONTH","YEAR","DAY_WEEK","HOUR","MINUTE","NHS","RUR_URB","FUNC_SYS","RD_OWNER","ROUTE","TWAY_ID","TWAY_ID2","MILEPT","LATITUDE","LONGITUD","SP_JUR","HARM_EV","MAN_COLL","RELJCT1","RELJCT2","TYP_INT","WRK_ZONE","REL_ROAD","LGT_COND","WEATHER1","WEATHER2","WEATHER","SCH_BUS","RAIL","NOT_HOUR","NOT_MIN","ARR_HOUR","ARR_MIN","HOSP_HR","HOSP_MN","CF1","CF2","CF3","FATALS","DRUNK_DR"
13,130985,1,1,0,0,0,2,2,89,0,16,9,2016,6,5,5,0,2,3,1,3,"SR-12","",117,33.70123889,-84.08531944,0,42,0,0,1,1,0,4,2,1,0,1,0,"0000000",5,5,5,14,88,88,0,0,0,2,1
13,130986,1,1,0,4,4,1,1,95,90,16,9,2016,6,7,2,0,2,4,4,6,"NORTH MOCK ROAD","LEONARD AVENUE",2,31.57591111,-84.09470833,0,8,0,0,3,2,0,1,1,1,0,1,0,"0000000",7,5,7,12,7,43,0,0,0,1,0
13,130987,1,1,0,0,0,1,1,125,3680,16,9,2016,6,16,38,0,1,7,4,6,"SAND HIL ROAD","",15,33.23978611,-82.714625,0,35,0,0,1,1,0,4,1,1,0,1,0,"0000000",99,98,99,98,88,88,0,0,0,1,1
13,130988,1,1,0,0,0,1,1,131,850,16,9,2016,6,6,19,0,2,5,4,6,"HADLEY FERRY ROAD","",17,30.81714444,-84.21474722,0,42,0,0,1,1,0,4,2,1,0,1,0,"0000000",99,99,99,99,88,88,20,0,0,1,0
13,130989,1,1,0,0,0,1,1,135,3100,16,9,2016,6,11,38,0,2,7,4,6,"SHADYBROOK COURT","RIDGEDALE DRIVE",2,34.01826389,-83.98267778,0,42,0,0,3,3,0,4,1,1,0,1,0,"0000000",11,39,11,42,12,0,0,0,0,1,1
13,130990,1,1,0,0,0,4,4,249,0,16,9,2016,6,16,36,0,1,7,2,4,"CR-TRICE ROAD","",8,32.28918056,-84.36693611,0,35,0,0,1,1,0,4,1,1,0,1,0,"0000000",99,99,99,99,99,99,0,0,0,1,0
13,130991,2,2,0,0,0,4,4,253,1740,16,9,2016,6,19,30,0,1,4,4,6,"NORTH TENNILE AVENUE","",44,31.04523611,-84.879075,0,12,2,0,1,1,0,1,1,1,0,1,0,"0000000",99,99,99,99,99,99,20,0,0,1,0
13,130992,1,1,0,0,0,5,5,301,0,16,9,2016,6,6,9,0,1,4,1,3,"SR-12","",170,33.42141111,-82.61703889,0,30,0,0,1,1,0,4,1,1,0,1,0,"0000000",99,99,99,99,99,99,0,0,0,2,0
13,130993,1,1,0,0,0,1,1,15,3020,17,9,2016,7,22,59,1,1,3,1,3,"SR-20","",65,34.22085556,-84.91365833,0,42,0,0,1,1,0,4,2,1,0,1,0,"0000000",99,99,99,99,88,88,0,0,0,1,1
13,130994,1,1,0,0,0,4,4,115,4760,17,9,2016,7,17,47,0,1,7,4,6,"BOOGER HOLLOW ROAD","",43,34.13885833,-85.22736944,0,30,0,0,1,1,0,4,1,1,0,1,0,"0000000",18,5,18,16,19,27,0,0,0,1,0
13,130995,1,1,0,1,1,1,1,121,280,17,9,2016,7,4,52,1,2,1,1,1,"I-75(RAMP)","",98,33.77786389,-84.3907,0,8,0,1,5,1,0,1,3,1,0,1,0,"0000000",99,99,99,99,99,99,0,0,0,1,0
13,130996,2,2,0,0,0,2,2,135,3100,17,9,2016,7,10,20,0,2,6,4,6,"JOHNSON ROAD","DANIEL LANE",7,33.92958056,-84.01339167,0,12,6,0,2,3,0,1,1,1,0,1,0,"0000000",99,98,99,98,88,88,0,0,0,1,0
13,130997,1,1,0,0,0,3,3,269,810,17,9,2016,7,21,58,0,1,7,2,4,"CR-173","CR-165",28,32.51750278,-84.16675,0,35,0,0,3,3,0,4,2,1,0,1,0,"0000000",99,99,99,99,99,99,0,0,0,1,0
13,130998,1,1,0,0,0,1,1,45,970,18,9,2016,1,19,9,0,1,6,1,3,"SR-5","",157,33.46266944,-85.01017778,0,42,0,0,1,1,0,4,1,2,0,2,0,"0000000",99,99,99,99,99,99,0,0,0,1,0
13,130999,2,2,0,0,0,5,5,67,0,18,9,2016,1,16,39,1,2,3,1,3,"SR-280","",9,33.91260278,-84.54633611,0,12,6,0,1,1,0,1,1,2,0,2,0,"0000000",16,39,16,42,17,9,0,0,0,1,1
13,131000,2,2,0,0,0,5,5,129,860,18,9,2016,1,15,53,0,2,5,1,3,"SR-156","",167,34.52759722,-84.86657778,0,12,6,0,1,1,0,1,1,2,0,2,0,"0000000",99,99,99,99,99,99,0,0,0,1,0
13,131001,1,1,0,0,0,1,1,175,1848,18,9,2016,1,8,42,0,1,7,4,6,"ROBERT WEBB ROAD","",16,32.52251944,-82.77105556,0,43,0,0,1,1,0,4,1,10,0,10,0,"0000000",99,98,99,98,88,88,0,0,0,1,1
13,131002,1,1,0,1,1,1,1,177,3120,18,9,2016,1,1,16,1,2,3,1,3,"SR-3","",5,31.63059444,-84.17690556,0,8,0,0,1,1,0,1,2,10,0,10,0,"0000000",99,98,99,98,88,88,0,0,0,1,0
13,131003,2,2,0,0,0,2,2,319,0,18,9,2016,1,4,3,0,1,5,1,3,"SR-96","",29,32.69615,-83.25816389,0,12,1,0,1,1,0,1,2,1,0,1,0,"0000000",99,98,99,98,88,88,0,0,0,1,1
13,131004,1,1,0,1,1,1,1,89,1610,19,9,2016,2,0,1,0,2,4,4,6,"CANDLER ROAD","RAINBOW DRIVE",82,33.71140833,-84.27162222,0,8,0,0,3,3,0,1,2,1,0,1,0,"0000000",1,59,2,10,2,50,0,0,0,1,0
13,131005,2,2,0,0,0,2,2,103,0,19,9,2016,2,11,34,1,1,3,1,3,"SR-21","",57,32.31327778,-81.24566111,0,12,6,0,1,1,0,1,1,10,0,10,0,"0000000",11,34,11,56,12,22,0,0,0,1,0
13,131006,2,2,0,0,0,2,2,149,2230,19,9,2016,2,13,16,1,1,3,1,3,"SR-1","CENTRAL HATCHEE PARKWAY",145,33.35795833,-85.10658333,0,12,6,0,2,3,0,1,1,1,0,1,0,"0000000",99,98,99,98,88,88,0,0,0,1,0
13,131007,2,2,0,0,0,6,6,217,0,19,9,2016,2,14,55,0,2,4,1,3,"SR-162","",94,33.53393333,-83.91803611,0,12,6,0,1,1,0,1,1,1,0,1,1,"0000000",99,99,99,99,99,99,0,0,0,3,0
13,131008,2,2,0,0,0,3,3,313,0,19,9,2016,2,20,38,1,2,1,1,1,"I-75","",81,34.72181667,-85.00685556,0,24,0,0,1,1,0,3,2,1,0,1,0,"0000000",99,99,99,99,99,99,0,0,0,1,0
13,131009,1,1,0,1,1,1,1,59,270,20,9,2016,3,20,8,0,2,6,4,6,"NELLIE B AVENUE","MARTIN CIRCLE",2,33.95561389,-83.34760833,0,9,0,0,2,2,0,1,2,1,0,1,0,"0000000",99,98,99,98,88,88,0,0,0,1,0
13,131010,2,2,0,0,0,2,2,121,0,20,9,2016,3,12,51,1,2,3,1,3,"SR-138","OLD JONESBORO ROAD",58,33.55547222,-84.50167222,0,12,6,0,2,3,1,1,1,1,0,1,0,"0000000",12,51,13,41,88,88,0,0,0,1,0
13,131011,1,1,0,1,1,1,1,121,280,20,9,2016,3,6,45,1,2,3,4,6,"MORELAND AVENUE","GRACEWOOD AVENUE",30,33.73292778,-84.34932778,0,8,0,0,3,3,0,1,3,1,0,1,0,"0000000",99,98,99,98,88,88,0,0,0,1,0
13,131012,1,1,0,1,1,3,3,139,2285,20,9,2016,3,6,20,1,2,2,1,1,"I-985","",167,34.27871944,-83.81088889,0,8,0,0,1,1,0,1,2,1,0,1,0,"0000000",99,99,99,99,99,99,0,0,0,1,0
13,131013,1,1,0,0,0,2,2,223,9997,20,9,2016,3,2,15,0,1,4,1,3,"SR-101","",32,33.893275,-85.00235278,0,1,0,0,1,1,0,1,2,1,0,1,0,"0000000",99,99,99,99,99,99,0,0,0,1,0
13,131014,2,2,0,0,0,2,2,15,30,21,9,2016,4,17,6,0,1,6,4,6,"WAYSIDE ROAD","",27,34.33461944,-84.99589444,0,12,2,0,1,1,0,1,1,1,0,1,0,"0000000",99,98,99,98,88,88,0,0,0,2,0
13,131015,1,1,0,0,0,1,1,67,0,21,9,2016,4,11,3,0,2,6,2,4,"CR-NEW MCEVER ROAD","",8,34.05979722,-84.63718333,0,10,0,0,6,1,1,1,1,1,0,1,0,"717300L",11,5,11,25,11,44,0,0,0,1,0
13,131016,1,1,0,0,0,3,3,121,0,21,9,2016,4,2,25,1,2,1,1,1,"I-285","",71,33.72046667,-84.50249167,0,42,0,0,1,1,1,4,2,1,0,1,0,"0000000",2,25,2,45,3,30,0,0,0,1,1
13,131017,1,1,0,0,0,1,1,285,0,21,9,2016,4,15,25,1,2,1,1,1,"I-185","",117,33.019075,-84.952125,0,1,0,0,1,1,0,1,1,1,0,1,0,"0000000",99,99,99,99,88,88,0,0,0,1,0
13,131018,1,1,0,1,1,1,1,77,0,22,9,2016,5,6,30,0,2,7,2,4,"CR-WILLIS ROAD","",2,33.35988333,-84.65775278,0,8,0,0,1,1,0,1,2,1,0,1,0,"0000000",99,99,99,99,99,99,0,0,0,1,0
13,131019,1,1,0,1,1,1,1,121,280,22,9,2016,5,20,35,0,2,4,4,6,"CLEVELAND AVENUE","THIRD AVENUE",23,33.68119167,-84.40281111,0,8,0,0,2,3,0,1,3,1,0,1,0,"0000000",99,99,99,99,99,99,0,0,0,1,0
13,131020,2,2,0,0,0,3,3,185,9997,22,9,2016,5,17,25,0,2,6,4,6,"CAT CREEK ROAD","",37,30.98665278,-83.24291389,0,12,2,0,1,1,0,1,1,1,0,1,0,"0000000",99,99,99,99,99,99,0,0,0,1,0
13,131021,1,1,0,1,1,1,1,253,0,22,9,2016,5,8,29,0,1,7,2,4,"CR-STAPLETON DRIVE","",10,30.79129444,-84.84668611,0,8,0,0,1,1,0,1,4,1,0,1,0,"0000000",99,98,99,98,88,88,0,0,0,1,0
13,131022,1,1,0,0,0,1,1,9,9997,23,9,2016,6,5,56,0,1,5,1,3,"SR-243","",23,32.98279722,-83.27382222,0,35,0,0,1,1,0,4,2,1,0,1,0,"0000000",99,98,99,98,88,88,0,0,0,1,0
13,131023,2,2,0,0,0,2,2,71,0,23,9,2016,6,12,20,0,1,3,1,3,"SR-33","",191,31.29678333,-83.82025556,0,12,2,0,1,1,0,1,1,1,0,1,0,"0000000",99,98,99,98,88,88,0,0,0,2,0
13,131024,1,1,0,0,0,1,1,143,690,23,9,2016,6,14,5,0,1,7,4,6,"CORINTH POSEYVILLE ROAD","",10,33.76914722,-85.14673056,0,42,0,0,1,1,0,4,1,1,0,1,0,"0000000",99,98,99,98,88,88,0,0,0,1,0
13,131025,2,2,0,0,0,2,2,157,0,23,9,2016,6,3,40,1,2,1,1,1,"I-85","",97,34.200675,-83.565125,0,12,2,0,1,1,0,1,2,1,0,1,0,"0000000",99,99,99,99,99,99,20,0,0,1,0
13,131026,1,1,0,0,0,2,2,285,0,23,9,2016,6,20,31,0,1,7,2,4,"CR-OLD CHIPLEY ROAD","",26,32.89655278,-84.87617222,0,53,0,0,1,1,0,4,2,1,0,1,0,"0000000",99,99,99,99,99,99,0,0,0,1,0
13,131027,1,1,0,0,0,1,1,29,4300,24,9,2016,7,11,0,0,1,7,4,6,"SOUTH POPLAR STREET","",3,32.13240278,-81.63018611,0,53,0,0,1,1,0,4,1,1,0,1,0,"0000000",99,98,99,98,88,88,0,0,0,1,0
13,131028,1,1,0,1,1,1,1,59,270,24,9,2016,7,1,41,1,2,3,1,3,"SR-10","",118,33.97707222,-83.38068056,0,8,0,0,1,1,0,1,2,1,0,1,0,"0000000",99,98,99,98,88,88,0,0,0,1,0
13,131029,1,1,0,0,0,1,1,121,280,24,9,2016,7,13,58,1,2,1,1,1,"I-285","",46,33.68948889,-84.49994167,0,52,0,0,1,1,0,4,1,1,0,1,0,"0000000",99,99,99,99,99,99,0,0,0,1,0
13,131030,2,2,0,0,0,5,5,121,9997,24,9,2016,7,4,57,0,2,4,4,6,"ABBOTTS BRIDGE ROAD","",169,34.03323889,-84.16794722,0,12,2,0,1,1,0,1,3,1,0,1,0,"0000000",99,99,99,99,99,99,0,0,0,1,1
13,131031,1,1,0,0,0,1,1,131,5900,24,9,2016,7,7,42,0,1,7,4,6,"MELTON BRINSON ROAD","",13,30.86864444,-84.35880278,0,53,0,0,1,1,0,4,1,1,0,1,0,"0000000",99,98,99,98,88,88,0,0,0,1,0
13,131032,1,1,0,1,1,1,1,51,4910,25,9,2016,1,1,55,0,1,5,1,3,"SR-204","",50,32.03467778,-81.32536111,0,8,0,0,1,1,0,1,2,1,0,1,0,"0000000",1,53,2,7,88,88,0,0,0,1,0
13,131033,1,1,0,0,0,1,1,59,270,25,9,2016,1,21,57,1,2,3,1,3,"SR-10","",170,33.93660556,-83.46566667,0,1,0,0,1,1,0,1,2,1,0,1,0,"0000000",99,98,99,98,88,88,0,0,0,1,0
13,131034,2,2,0,0,0,4,4,121,5640,25,9,2016,1,20,15,0,2,7,4,6,"ROYAL S. PARKWAY","",12,33.59306667,-84.50392778,0,12,2,0,1,1,0,1,2,1,0,1,0,"0000000",99,98,99,98,88,88,0,0,0,3,0
13,131035,1,1,0,1,1,1,1,161,2630,25,9,2016,1,22,0,0,1,7,4,6,"HATTON STILL ROAD","",15,31.85718889,-82.59816667,0,8,0,0,1,1,0,1,2,1,0,1,0,"0000000",99,99,99,99,88,88,0,0,0,1,0
13,131036,2,2,0,1,1,3,3,205,880,25,9,2016,1,16,50,0,2,4,1,3,"SR-112","",105,31.22535278,-84.21145556,0,9,0,0,8,1,0,1,1,1,0,1,0,"0000000",99,98,99,98,88,88,0,0,0,1,0
13,131037,1,1,0,1,1,1,1,29,0,26,9,2016,2,5,2,1,1,3,1,3,"SR-30","",10,32.14618889,-81.76153889,0,8,0,0,1,1,0,1,2,1,0,1,0,"0000000",99,98,99,98,88,88,0,0,0,1,0
13,131038,2,2,0,0,0,2,2,285,0,26,9,2016,2,6,15,1,2,1,1,1,"I-185","",107,33.00874444,-84.95321944,0,12,1,0,1,1,0,1,2,1,0,1,0,"0000000",99,98,99,98,88,88,0,0,0,1,0
13,131039,2,2,0,0,0,2,2,47,9997,27,9,2016,3,6,8,0,1,4,1,3,"SR-2","",142,34.89918056,-85.04328611,0,12,2,0,1,1,0,1,2,10,0,10,0,"0000000",99,99,99,99,99,99,0,0,0,1,1
13,131040,2,2,0,0,0,2,2,71,3800,27,9,2016,3,8,2,0,1,4,1,3,"SR-37","",201,31.18475278,-83.69936667,0,12,6,0,1,1,0,1,1,10,0,10,0,"0000000",99,98,99,98,88,88,0,0,0,1,0
13,131041,1,1,0,0,0,1,1,75,40,27,9,2016,3,15,59,0,1,5,4,6,"MASSEY POST ROAD","",35,31.20330833,-83.35828611,0,42,0,0,1,1,0,4,1,1,0,1,0,"0000000",99,98,99,98,88,88,0,0,0,1,1
13,131042,2,2,0,0,0,2,2,103,2520,27,9,2016,3,6,2,0,1,6,4,6,"OLD DIXIE HIGHWAY","SISTERS FERRY ROAD",22,32.40895278,-81.31818889,0,12,6,0,2,3,0,1,4,5,0,5,0,"0000000",99,98,99,98,88,88,0,0,0,1,0
13,131043,2,2,0,0,0,7,7,153,5790,27,9,2016,3,17,39,0,2,6,4,6,"NORTH HOUSTON ROAD","GAWIN DRIVE",23,32.64319167,-83.64134444,0,12,6,0,2,3,0,1,1,1,0,1,0,"0000000",17,40,17,47,18,6,0,0,0,1,1
13,131044,1,1,0,1,1,1,1,179,2730,27,9,2016,3,23,11,1,2,3,1,3,"SR-38","",71,31.85164722,-81.58249444,0,8,0,0,8,1,0,1,3,10,0,10,0,"0000000",23,12,23,18,23,43,0,0,0,1,0
13,131045,1,1,0,0,0,1,1,133,0,28,9,2016,4,12,13,1,1,1,1,1,"I-20","",91,33.54713611,-83.10786111,0,34,0,0,1,1,0,4,1,1,0,1,0,"0000000",99,98,99,98,88,88,0,0,0,1,0
13,131046,2,2,0,0,0,4,4,247,1320,28,9,2016,4,9,31,0,2,4,4,6,"FLAT SHOALS ROAD","",8,33.63406389,-83.99331667,0,12,6,0,1,1,0,1,1,1,0,1,0,"0000000",99,99,99,99,99,99,0,0,0,1,0
13,131047,1,1,0,0,0,1,1,293,0,28,9,2016,4,15,37,1,1,3,1,3,"SR-3","",104,32.82661111,-84.30617222,0,59,0,0,1,1,0,4,1,1,0,1,0,"0000000",99,99,99,99,99,99,0,0,0,1,0
13,131048,1,1,0,0,0,2,2,121,280,29,9,2016,5,11,42,1,2,2,1,3,"SR-166","",253,33.69482778,-84.49991111,0,25,0,0,1,1,0,3,1,1,0,1,0,"0000000",99,99,99,99,88,88,0,0,0,1,0
13,131049,2,2,0,0,0,4,4,51,4910,30,9,2016,6,22,3,0,2,7,4,6,"TOWN CENTER DRIVE","DEAN FOREST ROAD",9,32.06621667,-81.20607222,0,12,6,0,2,2,0,1,2,1,0,1,0,"0000000",22,2,22,4,22,45,0,0,0,1,1
13,131050,2,1,1,0,0,1,1,95,90,30,9,2016,6,16,44,1,2,3,4,6,"WEST OGLETHORPE BLVD.","S. HARDING STREET",32,31.575325,-84.17065278,0,33,0,0,3,2,0,4,1,1,0,1,0,"0000000",99,99,99,99,99,99,0,0,0,1,0
13,131051,1,1,0,0,0,1,1,135,1470,30,9,2016,6,2,39,0,2,4,1,3,"SR-8","SR-316",181,33.983225,-83.92623611,0,26,0,0,3,2,0,3,2,1,0,1,0,"0000000",2,39,2,48,3,12,0,0,0,1,0
13,131052,2,2,0,0,0,3,3,255,0,30,9,2016,6,13,46,0,2,6,2,4,"CR-ROVER ZETELLA ROAD","",15,33.23604167,-84.38081389,0,12,2,0,1,1,0,1,1,1,0,1,0,"0000000",99,99,99,99,99,99,0,0,0,2,0
13,131053,1,1,0,0,0,1,1,215,1280,2,7,2016,7,3,0,0,2,7,2,4,"CR-1862 / MILGEN RD","",20,32.51989722,-84.90636667,0,35,0,0,1,1,0,4,3,1,0,1,0,"0000000",3,8,3,13,3,50,0,0,0,1,1
13,131054,1,1,0,1,1,1,1,89,0,12,8,2016,6,6,15,0,2,4,2,4,"CR-5154 / COLUMBIA DR","SANTA MONICA DR",25,33.74507222,-84.26059444,0,8,0,0,3,3,0,1,2,1,0,1,0,"0000000",6,10,6,15,6,30,0,0,0,1,0
13,131055,1,1,0,0,0,5,5,237,0,30,9,2016,6,0,52,0,1,6,2,4,"CR-90 / M L KING JR DR","",11,33.297175,-83.33480278,0,38,0,0,1,1,0,5,2,1,0,1,0,"0000000",0,51,1,1,2,20,0,0,0,1,1
13,131056,1,1,0,0,0,1,1,45,0,1,10,2016,7,1,0,1,2,3,1,3,"SR-166","",118,33.55928889,-85.13068889,0,35,0,0,1,1,0,4,2,1,0,1,0,"0000000",99,98,99,98,88,88,0,0,0,1,1
13,131057,1,1,0,1,1,2,2,67,0,1,10,2016,7,21,18,0,2,4,1,4,"CR-7592 / CANTON RD","",26,34.03905556,-84.52843611,0,8,0,0,1,1,0,1,3,1,0,1,0,"0000000",21,18,21,21,21,45,0,0,0,1,0
13,131058,1,1,0,0,0,2,2,311,0,1,10,2016,7,18,58,1,1,3,1,2,"US-129 / SR-75 ALT","",97,34.624875,-83.80598611,0,1,0,0,1,1,0,4,1,1,0,1,0,"0000000",99,98,99,98,88,88,0,0,0,2,1
13,131059,1,1,0,0,0,1,1,311,0,1,10,2016,7,21,45,0,1,5,2,4,"CR-200 / TOWN CREEK RD","",5,34.60463611,-83.85723056,0,35,0,0,1,1,0,4,2,1,0,1,0,"0000000",99,99,99,99,99,99,0,0,0,1,0
13,131060,3,3,0,0,0,4,4,67,0,2,10,2016,1,17,9,0,2,7,2,4,"CR-1082 / SANDTOWN RD","WESTSIDE DR",12,33.93254167,-84.55543611,0,12,11,0,2,3,0,1,1,1,0,1,0,"0000000",17,9,17,12,17,35,0,0,0,1,0
13,131061,2,2,0,0,0,2,2,119,0,2,10,2016,1,9,46,1,1,3,1,3,"SR-17","LANKFORD RD",92,34.41303611,-83.09867778,0,12,2,0,2,3,0,1,1,1,0,1,0,"0000000",9,41,9,48,88,88,0,0,0,1,0
13,131062,1,1,0,0,0,1,1,127,0,2,10,2016,1,2,7,0,2,7,2,4,"CR-246 / MALLERY ST","",5,31.14572778,-81.39102778,0,1,0,0,1,1,0,4,2,1,0,1,0,"0000000",2,8,2,11,3,28,0,0,0,1,0
13,131063,2,2,0,0,0,4,4,135,3100,2,10,2016,1,16,40,1,2,2,1,3,"SR-316","",57,33.96036111,-84.03308333,0,12,7,0,1,1,0,1,1,1,0,1,0,"0000000",16,44,16,51,17,11,0,0,0,1,0
13,131064,1,1,0,0,0,4,4,9,3620,3,10,2016,2,21,40,1,2,3,1,2,"US-441 / SR-29","",97,33.10359167,-83.26068889,0,33,0,0,1,1,0,4,3,1,0,1,0,"0000000",99,99,99,99,99,99,0,0,0,2,0
13,131065,2,2,0,0,0,2,2,97,0,3,10,2016,2,16,1,1,2,3,1,3,"SR-92","HILLTOP DR",84,33.74853056,-84.70483611,0,12,6,0,2,2,0,1,1,1,0,1,0,"0000000",16,0,16,6,16,45,0,0,0,1,0
13,131066,1,1,0,0,0,1,1,143,0,3,10,2016,2,10,18,0,1,7,2,4,"CR-468 / WINDRIDGE RD","",0,33.87105278,-85.07196111,0,35,0,0,1,1,0,4,1,1,0,1,0,"0000000",99,98,99,98,88,88,0,0,0,1,0
13,131067,1,1,0,1,1,1,1,165,3630,3,10,2016,2,19,40,1,1,3,1,2,"US-25 / SR-121","",144,32.80464444,-81.94909722,0,8,0,0,1,1,0,1,2,1,0,1,0,"0000000",99,98,99,98,88,88,0,0,0,1,0
13,131068,1,1,0,0,0,1,1,223,0,3,10,2016,2,6,42,0,1,4,1,3,"SR-101","",4,33.80505278,-84.97350833,0,32,0,0,1,1,0,4,1,1,0,1,0,"0000000",6,42,6,52,7,57,0,0,0,1,0
13,131069,1,1,0,0,0,1,1,281,0,3,10,2016,2,10,8,0,1,5,1,3,"SR-288","",33,34.92813889,-83.75934722,0,1,0,0,1,1,0,1,1,1,0,1,0,"0000000",99,98,99,98,88,88,0,0,0,1,0
13,131070,1,1,0,1,1,2,2,63,4690,4,10,2016,3,20,25,1,2,3,1,3,"SR-85","KING RD",44,33.57875556,-84.41195,0,8,0,0,1,1,0,11,3,1,0,1,0,"0000000",20,25,20,29,20,58,0,0,0,1,0
13,131071,1,1,0,1,1,1,1,115,4760,4,10,2016,3,6,42,1,2,3,1,2,"US-27 / SR-1","MCDONALD ST",139,34.26496111,-85.18008889,0,8,0,0,2,3,0,1,2,1,0,1,0,"0000000",6,43,6,50,7,0,0,0,0,1,0
13,131072,3,3,0,0,0,6,6,185,0,4,10,2016,3,4,56,1,1,1,1,1,"I-75","",9,30.63706389,-83.18330278,0,12,2,0,1,1,0,1,2,10,0,10,0,"0000000",4,53,5,4,6,22,0,0,0,2,0
13,131073,2,2,0,0,0,2,2,21,3390,5,10,2016,4,8,51,1,2,3,1,2,"US-41 / PIO NONO AVE","DEWEY ST",90,32.78513611,-83.66676111,0,12,2,0,1,1,0,11,1,1,0,1,0,"0000000",8,53,9,4,9,28,0,0,0,1,0
13,131074,1,1,0,1,1,1,1,45,5730,5,10,2016,4,22,30,0,2,4,1,3,"SR-101","",6,33.73270833,-84.93883889,0,8,0,0,1,1,0,1,2,1,0,1,0,"0000000",22,29,22,35,88,88,0,0,0,1,0
13,131075,1,1,0,1,1,1,1,95,90,5,10,2016,4,22,18,1,2,3,1,2,"US-19 / W OGLETHORPE BLVD","",43,31.57529444,-84.15145833,0,8,0,0,1,1,0,1,3,1,0,1,0,"0000000",99,99,99,99,99,99,0,0,0,1,0
13,131076,1,1,0,0,0,1,1,119,0,5,10,2016,4,5,30,0,1,4,1,2,"US-29 / SR-8","",23,34.27028889,-83.16636111,0,32,0,0,1,1,0,4,2,1,0,1,0,"0000000",8,24,8,24,8,48,0,0,0,1,0
13,131078,1,1,0,0,0,1,1,153,5790,5,10,2016,4,0,22,0,2,3,4,6,"RUSSELL PKWY","",29,32.59158611,-83.67466389,0,59,0,0,1,1,0,4,3,1,0,1,0,"0000000",0,22,0,39,1,0,0,0,0,1,1
13,131079,3,3,0,0,0,6,6,285,0,5,10,2016,4,12,44,0,1,4,1,2,"US-29 / SR-14","",226,33.07701111,-84.9488,0,12,2,0,1,1,0,1,1,1,0,1,0,"0000000",99,99,99,99,99,99,0,0,0,2,0
13,131080,1,1,0,0,0,1,1,113,0,6,10,2016,5,16,45,0,1,6,2,4,"CR-171 / BROOKS RD","",16,33.26576389,-84.466525,0,32,0,0,1,1,2,4,1,1,0,1,0,"0000000",99,98,99,98,88,88,0,0,0,1,0
13,131081,2,2,0,0,0,4,4,21,3390,7,10,2016,6,20,27,0,2,6,2,4,"CR-740 / FULTON MILL RD","",67,32.77284167,-83.75618889,0,12,2,0,1,1,0,1,3,10,0,10,0,"0000000",20,27,20,37,21,28,0,0,0,1,0
13,131082,2,2,0,0,0,6,6,23,0,7,10,2016,6,0,26,0,1,4,1,3,"SR-87","COLEY STATION RD",107,32.44557222,-83.37908333,0,12,6,0,2,2,0,1,2,1,0,1,0,"0000000",0,34,0,45,1,49,0,0,0,1,0
13,131083,1,1,0,1,1,4,4,115,0,7,10,2016,6,22,5,0,2,7,2,4,"CR-144 / BERT RD","",2,34.31213611,-85.10065833,0,8,0,0,1,1,0,1,2,1,0,1,0,"0000000",22,5,22,13,22,37,0,0,0,1,0
13,131084,1,1,0,0,0,1,1,31,0,8,10,2016,7,7,20,0,2,6,2,4,"CR-429 / BURKHALTER RD","",21,32.43236389,-81.6804,0,16,0,0,1,1,0,1,2,2,0,2,0,"0000000",99,98,99,98,88,88,0,0,0,1,0
13,131085,1,1,0,2,2,1,1,113,2110,8,10,2016,7,9,37,0,2,6,2,4,"CR-39 / HOOD AVE","",18,33.45686389,-84.465875,0,8,0,0,1,1,0,4,1,1,0,1,0,"0000000",9,41,9,47,10,17,0,0,0,1,0
13,131086,1,1,0,0,0,2,2,133,0,8,10,2016,7,99,99,1,1,1,1,1,"I-20","",115,33.54493611,-83.07413333,0,1,0,0,1,1,0,1,1,1,0,1,0,"0000000",17,35,17,42,18,9,0,0,0,1,1
13,131087,1,1,0,0,0,1,1,219,0,8,10,2016,7,9,7,0,2,6,1,3,"SR-15","",92,33.83641667,-83.38287222,0,32,0,0,1,1,0,4,1,1,0,1,0,"0000000",99,98,99,98,88,88,0,0,0,1,0
13,131088,1,1,0,0,0,2,2,39,0,9,10,2016,1,23,59,1,1,1,1,1,"I-95","",118,30.89956111,-81.68573056,0,42,0,0,1,1,0,4,2,10,0,10,0,"0000000",0,11,0,26,1,14,0,0,0,1,0
13,131089,1,1,0,0,0,2,2,47,0,9,10,2016,1,16,16,1,2,1,1,1,"I-75","",85,34.92439722,-85.15053889,0,42,0,0,1,1,0,5,1,1,0,1,0,"0000000",99,98,99,98,88,88,0,0,0,1,0
13,131090,1,1,0,0,0,1,1,63,1250,9,10,2016,1,20,30,0,2,4,1,3,"SR-139","",40,33.62178611,-84.44852222,0,30,0,0,1,1,0,4,3,1,0,1,0,"0000000",99,98,99,98,88,88,0,0,0,1,0
13,131091,3,3,0,0,0,5,5,9,0,10,10,2016,2,23,46,0,1,5,2,4,"CR-472 / LAKE LAUREL RD","",23,33.11918333,-83.18621389,0,12,2,0,1,1,0,2,2,1,0,1,0,"0000000",99,99,99,99,99,99,0,0,0,2,0
13,131092,1,1,0,0,0,1,1,15,0,10,10,2016,2,2,6,0,2,4,2,4,"CR-630 / CASS WHITE RD","",21,34.25651667,-84.84439167,0,34,0,0,1,1,0,4,2,1,0,1,0,"0000000",88,88,88,88,88,88,0,0,0,1,0