"STATE","ST_CASE","VE_TOTAL","VE_FORMS","PVH_INVL","PEDS","PERNOTMVIT","PERMVIT","PERSONS","COUNTY","CITY","DAY","MONTH","YEAR","DAY_WEEK","HOUR","MINUTE","NHS","RUR_URB","FUNC_SYS","RD_OWNER","ROUTE","TWAY_ID","TWAY_ID2","MILEPT","LATITUDE","LONGITUD","SP_JUR","HARM_EV","MAN_COLL","RELJCT1","RELJCT2","TYP_INT","WRK_ZONE","REL_ROAD","LGT_COND","WEATHER1","WEATHER2","WEATHER","SCH_BUS","RAIL","NOT_HOUR","NOT_MIN","ARR_HOUR","ARR_MIN","HOSP_HR","HOSP_MN","CF1","CF2","CF3","FATALS","DRUNK_DR"
13,131093,1,1,0,0,0,1,1,63,2970,10,10,2016,2,9,44,0,2,7,2,4,"CR-506 / BROWN RD","",2,33.49066944,-84.36433889,0,35,0,0,1,1,0,4,1,1,0,1,0,"0000000",99,98,99,98,88,88,0,0,0,1,0
13,131094,1,1,0,1,1,1,1,121,0,10,10,2016,2,18,42,0,2,4,2,4,"CR-1385 / BUFFINGTON RD","",12,33.60513611,-84.499775,0,8,0,0,1,1,1,1,5,1,0,1,0,"0000000",18,42,18,43,19,11,0,0,0,1,0
13,131095,2,2,0,0,0,2,2,151,0,11,10,2016,3,21,7,0,2,4,1,3,"SR-81","",61,33.42629722,-84.21825833,0,12,2,0,1,1,0,1,2,1,0,1,0,"0000000",21,8,21,20,23,25,0,0,0,1,0
13,131096,1,1,0,1,1,1,1,217,1380,11,10,2016,3,23,36,0,2,4,1,3,"SR-142","",129,33.62599444,-83.83376389,0,8,0,0,1,1,0,1,2,1,0,1,0,"0000000",88,88,88,88,88,88,0,0,0,1,0
13,131097,1,1,0,1,1,1,1,73,0,12,10,2016,4,20,1,0,2,4,2,4,"CR-573 / WHEELER RD","",9,33.48781667,-82.12433333,0,8,0,0,1,1,0,1,2,1,0,1,0,"0000000",20,3,20,6,88,88,0,0,0,1,0
13,131098,1,1,0,1,1,1,1,89,0,12,10,2016,4,23,21,0,2,4,1,2,"US-23 / BUFORD HWY","",81,33.91681667,-84.25930833,0,8,0,0,1,1,0,1,3,1,0,1,0,"0000000",99,98,99,98,88,88,0,0,0,1,0
13,131099,2,2,0,0,0,2,2,103,0,13,10,2016,5,11,8,0,1,4,1,2,"US-80 / SR-26","",54,32.15093056,-81.34971111,0,12,2,0,1,1,0,1,1,1,0,1,0,"0000000",11,9,11,10,11,59,0,0,0,1,0
13,131100,2,2,0,0,0,45,45,123,0,13,10,2016,5,11,2,1,1,3,1,3,"SR-5","WHITESTONE RD",10,34.565225,-84.52165278,0,12,6,0,2,2,0,1,1,1,0,1,0,"0000000",99,99,99,99,99,99,0,0,0,1,0
13,131101,1,1,0,1,1,1,1,313,1510,13,10,2016,5,20,22,1,2,3,1,2,"US-41 / SR-3","",177,34.79886944,-84.95458889,0,8,0,0,1,1,0,1,2,1,0,1,0,"0000000",99,98,99,98,88,88,0,0,0,1,0
13,131102,1,1,0,1,1,1,1,51,4910,14,10,2016,6,19,55,1,2,3,1,3,"SR-204","",185,31.99394444,-81.12906389,0,8,0,0,1,1,0,1,3,1,0,1,0,"0000000",99,98,99,98,88,88,0,0,0,1,0
13,131103,2,2,0,0,0,5,5,71,3800,14,10,2016,6,23,39,1,2,3,1,2,"US-319 / SR-35","",137,31.19017778,-83.76219722,0,12,6,0,8,1,0,1,2,1,0,1,0,"0000000",23,29,23,33,99,99,0,0,0,1,1
13,131104,1,1,0,2,2,1,1,121,5640,14,10,2016,6,23,45,0,2,4,2,4,"CR-1385 / BUFFINGGTON RD","",27,33.5793,-84.51235,0,8,0,0,1,1,0,1,2,1,0,1,0,"0000000",23,45,23,50,0,40,0,0,0,2,0
13,131105,2,2,0,0,0,4,4,137,0,14,10,2016,6,16,42,0,1,4,1,2,"US-441 / SR-385","",73,34.61763056,-83.50738611,0,12,6,0,1,1,0,1,1,1,0,1,0,"0000000",16,56,17,3,17,45,0,0,0,1,0
13,131106,1,1,0,0,0,1,1,283,0,14,10,2016,6,19,15,1,1,1,1,1,"I-16","",54,32.43401111,-82.60931667,0,1,0,0,1,1,0,3,2,1,0,1,0,"0000000",99,98,99,98,88,88,0,0,0,1,0
13,131107,1,1,0,0,0,1,1,55,0,15,10,2016,7,15,55,0,1,5,2,4,"CR-329 / E ARMUCHEE RD","",180,34.56194167,-85.18433056,0,42,0,0,1,1,0,4,1,1,0,1,0,"0000000",99,99,99,99,88,88,0,0,0,1,1
13,131108,1,1,0,0,0,1,1,69,0,15,10,2016,7,6,36,0,1,7,2,4,"CR-152 / SIKES RD","",15,31.55693056,-82.78905556,0,34,0,0,1,1,0,4,2,1,0,1,0,"0000000",6,39,6,45,7,45,0,0,0,1,0
13,131109,1,1,0,1,1,1,1,95,90,15,10,2016,7,18,37,0,2,4,4,6,"S MOCK RD","",0,31.55525,-84.0944,0,8,0,0,1,1,0,1,1,1,0,1,0,"0000000",99,98,99,98,88,88,0,0,0,1,0
13,131110,1,1,0,0,0,1,1,117,1440,15,10,2016,7,1,31,0,2,4,2,4,"CR-85 / BUFORD DAM RD","",99999,34.19498333,-84.13249722,0,1,0,0,1,1,0,1,2,1,0,1,0,"0000000",99,98,99,98,88,88,0,0,0,1,0
13,131111,1,1,0,0,0,1,1,199,0,15,10,2016,7,13,47,0,1,5,1,3,"SR-362","",40,33.09723056,-84.67236111,0,42,0,0,1,1,4,4,1,1,0,1,0,"0000000",99,98,99,98,88,88,0,0,0,1,0
13,131112,2,2,0,0,0,2,2,257,0,15,10,2016,7,9,19,0,1,4,1,3,"SR-106 / SR-63","NUB GARLAND RD",11,34.48489722,-83.33893611,0,12,1,0,2,3,0,1,1,10,0,10,0,"0000000",99,99,99,99,99,99,0,0,0,1,0
13,131113,1,1,0,0,0,1,1,11,0,16,10,2016,1,2,16,1,1,3,1,2,"US-441 / SR-15","",105,34.38316111,-83.48396389,0,1,0,0,1,1,0,1,2,10,0,10,0,"0000000",2,14,2,24,3,25,0,0,0,1,0
13,131114,1,1,0,1,1,1,1,67,3440,16,10,2016,1,20,7,1,2,3,1,2,"US-41 / SR-3","",61,33.93790556,-84.51364722,0,8,0,0,8,1,0,1,3,1,0,1,0,"0000000",99,98,99,98,88,88,0,0,0,1,0
13,131115,1,1,0,0,0,1,1,79,0,16,10,2016,1,4,30,0,1,4,1,2,"US-341 / SR-7","RACKLY RD",10,32.60015278,-83.93971389,0,32,0,0,1,1,0,4,2,1,0,1,0,"0000000",99,98,99,98,88,88,20,0,0,1,0
13,131116,1,1,0,0,0,2,2,135,3158,16,10,2016,1,19,27,0,2,6,2,4,"CR-451 / ARCADO RD","",14,33.88038056,-84.11891944,0,43,0,0,1,1,0,4,3,1,0,1,0,"0000000",19,28,19,35,20,7,0,0,0,1,0
13,131117,2,2,0,0,0,3,3,157,0,16,10,2016,1,13,50,1,2,3,1,2,"US-441 / SR-15","OLD US 441",120,34.04984444,-83.40658611,0,12,6,0,2,2,0,1,1,1,0,1,0,"0000000",99,99,99,99,99,99,0,0,0,1,0
13,131118,1,1,0,1,1,2,2,21,3390,31,10,2016,2,21,34,1,2,3,1,2,"US-129 /GRAY HWY","",141,32.85449444,-83.61824167,0,8,0,0,1,1,0,1,3,1,0,1,0,"0000000",99,99,99,99,99,99,0,0,0,1,0
13,131119,2,2,0,0,0,3,3,151,0,31,10,2016,2,14,44,1,2,3,1,2,"US-23 / SR-42","",196,33.54353056,-84.21906944,9,12,6,0,8,1,0,1,1,1,0,1,0,"0000000",14,42,15,8,15,37,0,0,0,1,0
13,131120,2,2,0,0,0,2,2,63,0,13,9,2016,3,99,99,0,2,4,1,2,"US-23 / SR-42","FOREST PKWY",41,33.61309167,-84.30549444,0,12,6,0,2,2,0,1,1,1,0,1,0,"0000000",99,99,99,99,99,99,0,0,0,1,0
13,131121,2,2,0,0,0,4,4,67,0,8,10,2016,7,21,13,0,2,4,1,3,"SR-5","ANDERSON MILL RD",42,33.84884444,-84.60789167,0,12,6,0,2,2,0,1,3,1,0,1,0,"0000000",21,13,21,21,22,4,0,0,0,1,0
13,131122,1,1,0,1,1,3,3,89,0,14,8,2016,1,21,40,0,2,4,2,4,"CR-MORELAND AVENUE","",10,33.66226389,-84.33752778,0,8,0,0,1,1,0,1,2,1,0,1,0,"0000000",21,44,21,55,22,12,0,0,0,1,0
13,131123,3,3,0,0,0,5,5,21,3390,17,8,2016,4,11,1,0,2,4,1,3,"SR-19","ZEBULON ROAD",155,32.88040833,-83.72476111,0,12,2,0,2,2,0,1,1,1,0,1,0,"0000000",99,99,99,99,99,99,0,0,0,1,0
13,131124,1,1,0,0,0,1,1,29,4655,28,8,2016,1,20,44,1,2,1,1,1,"I-95/SR-405","",95,31.95674167,-81.33265,0,34,0,0,1,1,0,3,2,2,0,2,0,"0000000",99,99,99,99,99,99,0,0,0,1,1
13,131125,2,2,0,0,0,2,2,247,0,19,9,2016,2,11,7,0,2,6,2,4,"CR-EBENEZER ROAD","",14,33.60564444,-84.04769167,0,12,6,0,8,1,0,1,1,1,0,1,0,"0000000",11,8,11,11,11,59,0,0,0,1,0
13,131126,1,1,0,1,1,1,1,63,2970,30,9,2016,6,5,12,0,2,6,4,6,"THOMAS ROAD","",15,33.5056,-84.40675833,0,8,0,0,1,1,0,1,2,1,0,1,0,"0000000",5,13,5,20,5,56,0,0,0,1,0
13,131127,2,2,0,1,1,4,4,215,1280,16,10,2016,1,1,22,1,2,1,1,1,"I-185","",92,32.53637222,-84.95933889,0,12,2,0,1,1,0,1,2,1,0,1,0,"0000000",1,31,1,38,2,6,19,23,0,1,1
13,131128,1,1,0,1,1,3,3,3,0,17,10,2016,2,19,1,0,1,5,1,3,"SR-64","",195,31.32535556,-82.79907778,0,9,0,0,1,1,0,1,2,1,0,1,0,"0000000",19,19,19,24,19,51,0,0,0,1,0
13,131129,1,1,0,0,0,2,2,73,0,17,10,2016,2,20,50,0,2,4,1,3,"SR-47","",37,33.58136389,-82.29834167,0,1,0,0,1,1,0,4,2,1,0,1,0,"0000000",20,52,21,5,88,88,0,0,0,2,1
13,131130,2,2,0,0,0,6,6,129,860,17,10,2016,2,15,10,1,2,1,1,1,"I-75","",37,34.46029167,-84.91953611,0,12,7,0,1,1,0,1,1,1,0,1,0,"0000000",99,98,99,98,88,88,0,0,0,1,0
13,131131,1,1,0,0,0,1,1,139,3290,17,10,2016,2,2,43,0,1,5,4,6,"COUNTY LINE ROAD","",46,34.3678,-83.66856111,0,11,0,0,1,1,0,1,2,1,0,1,0,"0000000",2,40,2,53,3,40,0,0,0,1,0
13,131132,2,2,0,0,0,7,7,179,0,17,10,2016,2,15,38,1,1,1,1,1,"I-95","",44,31.71064444,-81.39064722,0,12,8,0,1,1,0,1,1,1,0,1,0,"0000000",99,98,99,98,88,88,0,0,0,2,1
13,131133,1,1,0,0,0,1,1,299,5774,17,10,2016,2,18,51,1,2,3,1,3,"SR-4(BUS)","",95,31.29759444,-82.45236111,0,59,0,0,1,1,0,3,5,1,0,1,0,"0000000",18,54,19,4,19,38,0,0,0,1,1
13,131134,1,1,0,1,1,1,1,67,3440,18,10,2016,3,1,10,1,2,3,1,3,"SR-3","",102,33.98213333,-84.56003333,0,8,0,0,1,1,0,1,2,1,0,1,0,"0000000",99,98,99,98,88,88,0,0,0,1,0
13,131135,1,1,0,0,0,1,1,121,280,18,10,2016,3,6,52,0,2,7,4,6,"MAXWELL DRIVE","",0,33.691125,-84.48298056,0,53,0,0,1,1,0,4,9,1,0,1,0,"0000000",99,98,99,98,88,88,0,0,0,1,0
13,131136,1,1,0,1,1,2,2,121,2060,18,10,2016,3,19,22,1,2,3,1,2,"US-29","",76,33.571775,-84.57136389,0,8,0,0,1,1,0,1,2,1,0,1,0,"0000000",19,25,19,27,88,88,0,0,0,1,0
13,131137,2,2,0,0,0,7,7,241,3063,18,10,2016,3,14,44,1,1,3,1,3,"SR-15","WOLF CREEK ROAD",44,34.78975833,-83.40831667,0,12,6,0,3,4,0,1,1,1,0,1,0,"0000000",99,99,99,99,99,99,0,0,0,2,1
13,131138,2,2,0,0,0,2,2,5,0,19,10,2016,4,12,25,1,1,4,1,3,"SR-32","",118,31.54461111,-82.39392778,0,12,6,0,1,1,0,1,1,10,0,10,0,"0000000",99,99,99,99,99,99,0,0,0,1,0
13,131139,1,1,0,1,1,1,1,21,3390,19,10,2016,4,7,16,0,2,4,4,6,"MERCER UNIVERSITY DRIVE","GROSSO AVENUE",124,32.82600556,-83.67041667,0,8,0,0,3,3,0,1,4,1,0,1,0,"0000000",99,98,99,98,88,88,0,0,0,1,0
13,131140,1,1,0,0,0,1,1,33,3580,19,10,2016,4,7,44,0,1,5,1,3,"SR-305","",87,32.950275,-82.236175,0,42,0,0,1,1,0,4,1,1,0,1,0,"0000000",99,98,99,98,88,88,0,0,0,1,1
13,131141,2,2,0,0,0,2,2,67,0,19,10,2016,4,15,38,0,2,7,2,4,"CR-SOUTH GORDON ROAD","PISGAH ROAD",19,33.79400278,-84.58983056,0,12,6,0,2,2,0,1,1,1,0,1,0,"0000000",15,39,15,52,16,14,0,0,0,1,0
13,131142,1,1,0,0,0,1,1,127,760,19,10,2016,4,22,40,0,2,6,4,6,"CANAL ROAD","",10,31.22663611,-81.50065833,0,34,0,0,1,1,0,4,2,1,0,1,0,"0000000",22,48,22,49,88,88,0,0,0,1,1
13,131143,2,2,0,0,0,2,2,233,4730,19,10,2016,4,22,1,1,2,3,1,3,"SR-6","",199,34.00780556,-85.10288333,0,12,8,0,1,1,0,1,2,1,0,1,0,"0000000",99,99,99,99,99,99,0,0,0,1,0
13,131144,1,1,0,0,0,1,1,245,310,19,10,2016,4,19,35,1,2,3,1,3,"SR-28","CRAWFORD AVENUE",60,33.48273333,-81.99429444,0,42,0,0,3,3,0,4,2,1,0,1,0,"0000000",19,37,19,44,88,88,0,0,0,1,0
13,131145,1,1,0,0,0,1,1,309,2380,19,10,2016,4,13,30,0,1,7,4,6,"BOBCAT ROAD","",0,32.20048889,-82.65455,0,1,0,0,1,1,0,1,1,1,0,1,0,"0000000",13,26,13,51,14,51,0,0,0,1,0
13,131147,2,2,0,0,0,2,2,175,1848,20,10,2016,5,12,33,0,1,4,1,3,"SR-26","BETHLEHEM CHURCH ROAD",220,32.55439722,-82.83800556,0,12,6,0,2,2,0,1,1,1,0,1,0,"0000000",99,99,99,99,99,99,0,0,0,1,0
13,131148,2,2,0,0,0,2,2,179,0,20,10,2016,5,7,48,0,1,4,1,3,"SR-144","",59,31.90506944,-81.66243056,0,12,2,0,1,1,0,1,1,1,0,1,0,"0000000",99,99,99,99,99,99,0,0,0,1,0
13,131149,1,1,0,1,1,1,1,215,1280,20,10,2016,5,9,17,0,2,6,4,6,"ARMOUR AVENUE","",12,32.50344167,-84.95136944,0,8,0,0,1,1,0,1,1,1,0,1,0,"0000000",9,17,9,23,88,88,0,0,0,1,0
13,131150,2,2,0,0,0,2,2,291,540,20,10,2016,5,13,46,1,1,3,1,3,"SR-11","",135,34.877075,-83.97009722,0,12,6,0,8,1,0,1,1,1,0,1,0,"0000000",99,98,99,98,88,88,0,0,0,1,0
13,131151,2,2,0,0,0,2,2,67,0,21,10,2016,6,14,12,0,2,4,2,4,"CR-SOUTH ATLANTA ROAD","PLANT ATKINSON ROAD",11,33.83543333,-84.47015833,0,12,6,0,2,2,0,1,1,1,0,1,0,"0000000",14,12,14,17,88,88,0,0,0,1,0
13,131152,2,2,0,0,0,10,10,121,280,21,10,2016,6,7,30,0,2,4,4,6,"CAMPBELLTON ROAD","",29,33.69946944,-84.48165278,0,12,2,0,1,1,0,1,1,1,0,1,0,"0000000",7,48,7,52,8,52,0,0,0,1,0
13,131153,2,2,0,0,0,3,3,295,0,21,10,2016,6,9,30,0,2,4,1,3,"SR-2","",24,34.94853889,-85.29174444,0,12,2,0,1,1,0,1,1,10,0,10,0,"0000000",9,34,9,40,10,2,0,0,0,1,1
13,131154,1,1,0,0,0,2,2,55,0,22,10,2016,7,15,22,0,1,5,1,3,"SR-100","",40,34.32971667,-85.37701389,0,1,0,0,1,1,0,1,1,1,0,1,0,"0000000",15,14,15,41,16,23,0,0,0,1,0
13,131155,1,1,0,1,1,1,1,103,0,22,10,2016,7,11,36,0,2,6,1,3,"SR-30","",127,32.18600556,-81.31959722,0,9,0,0,1,1,0,1,1,1,0,1,0,"0000000",99,99,99,99,99,99,0,0,0,1,0
13,131156,1,1,0,1,1,1,1,135,3100,22,10,2016,7,3,45,0,2,4,1,3,"SR-8","",108,33.9375,-84.03511111,0,8,0,0,1,1,0,1,3,1,0,1,0,"0000000",3,45,3,54,88,88,0,0,0,1,1
13,131157,1,1,0,0,0,1,1,135,3100,22,10,2016,7,10,55,0,2,4,1,3,"SR-124","",218,34.04895556,-83.95435556,0,42,0,0,1,1,0,4,1,1,0,1,0,"0000000",10,55,11,3,88,88,0,0,0,1,0
13,131158,1,1,0,1,1,1,1,289,0,22,10,2016,7,20,4,0,1,5,1,3,"SR-18","",60,32.69766389,-83.34811389,0,8,0,0,1,1,0,1,2,1,0,1,0,"0000000",99,98,99,98,88,88,0,0,0,1,0
13,131159,1,1,0,0,0,2,2,303,1620,22,10,2016,7,23,43,1,1,3,1,3,"SR-24","",280,32.96013611,-82.97708889,0,18,0,0,1,1,0,4,2,1,0,1,0,"0000000",23,56,0,31,1,15,0,0,0,1,0
13,131160,1,1,0,0,0,1,1,137,1360,23,10,2016,1,0,48,0,2,6,4,6,"DICKS HILL PARKWAY","",0,34.54396389,-83.46553056,0,42,0,0,1,1,0,4,2,1,0,1,0,"0000000",99,99,99,99,88,88,0,0,0,1,1
13,131161,2,2,0,0,0,6,6,157,0,23,10,2016,1,16,3,0,1,5,2,4,"CR-HOLLY SPRINGS ROAD","",202,34.24878889,-83.65919444,0,12,2,0,1,1,0,1,1,1,0,1,0,"0000000",99,99,99,99,99,99,0,0,0,2,0
13,131162,2,2,0,0,0,2,2,9,0,24,10,2016,2,10,30,1,1,3,1,3,"SR-24","STEMBRIDGE ROAD",154,33.01059167,-83.09553889,0,12,6,0,2,2,0,1,1,1,0,1,0,"0000000",99,98,99,98,88,88,0,0,0,1,0
13,131163,3,3,0,0,0,3,3,51,4910,24,10,2016,2,12,12,1,2,1,1,2,"US-17","",53,32.08418056,-81.10251389,0,12,1,0,1,1,0,1,1,1,0,1,0,"0000000",99,98,99,98,88,88,0,0,0,1,0
13,131164,1,1,0,0,0,1,1,175,0,24,10,2016,2,20,35,1,1,3,1,3,"SR-31","FOUNTAIN ROAD",91,32.3171,-82.91874722,0,59,0,0,3,3,0,4,2,1,0,1,0,"0000000",99,98,99,98,88,88,0,0,0,1,0
13,131165,3,3,0,0,0,4,4,313,5587,24,10,2016,2,16,32,0,2,7,4,6,"REED ROAD","",3,34.86615278,-84.98758611,0,12,2,0,1,1,0,1,1,1,0,1,0,"0000000",16,32,16,41,18,8,0,0,0,1,0
13,131166,1,1,0,0,0,1,1,191,0,25,10,2016,3,17,45,0,1,7,2,4,"CR-OLD DONNELLY ROAD","OLD TRAIL ROAD",4,31.51036389,-81.36663056,0,30,0,0,3,2,0,4,5,1,0,1,0,"0000000",99,98,99,98,88,88,0,0,0,1,1
13,131167,2,2,0,0,0,4,4,215,1280,25,10,2016,3,12,42,1,2,1,1,1,"I-185","",43,32.46954722,-84.93120833,0,18,0,0,1,1,0,1,1,1,0,1,0,"0000000",13,1,13,10,13,29,0,0,0,1,0
13,131168,2,2,0,0,0,2,2,135,3158,26,10,2016,4,14,22,0,2,4,1,3,"SR-8","",25,33.88876111,-84.15621389,0,12,2,0,8,1,0,1,1,1,0,1,0,"0000000",14,23,14,26,14,46,0,0,0,1,1
13,131169,1,1,0,1,1,1,1,29,1975,27,10,2016,5,17,53,0,1,5,4,6,"ELDORA ROAD","",5,32.22285833,-81.44506667,0,9,0,0,1,1,0,1,5,1,0,1,0,"0000000",17,59,18,11,19,0,0,0,0,1,0
13,131170,1,1,0,0,0,1,1,65,0,27,10,2016,5,12,22,0,1,5,1,3,"SR-187","",149,31.01133056,-82.75598056,0,1,0,0,1,1,0,4,1,10,0,10,0,"0000000",12,24,12,30,13,28,0,0,0,1,0
13,131171,2,2,0,0,0,3,3,67,20,27,10,2016,5,22,30,0,2,4,1,3,"SR-92","RAGSDALE ROAD",106,34.05434167,-84.69571667,0,12,6,0,2,3,0,1,2,1,0,1,0,"0000000",22,24,22,28,22,42,0,0,0,1,0
13,131172,2,2,0,0,0,2,2,67,3440,27,10,2016,5,4,3,1,2,1,1,1,"I-75","",54,33.95918056,-84.51784722,0,12,1,0,1,1,0,1,3,1,0,1,0,"0000000",4,4,99,99,99,99,0,0,0,1,1
13,131173,1,1,0,0,0,1,1,167,6080,27,10,2016,5,6,0,0,1,4,1,3,"SR-57","",9,32.76071111,-82.85463611,0,1,0,0,1,1,0,4,2,1,0,1,0,"0000000",99,98,99,98,88,88,0,0,0,1,0
13,131174,1,1,0,1,1,5,5,311,1190,27,10,2016,5,19,55,1,1,4,1,3,"SR-11","",50,34.57608611,-83.76251667,0,8,0,0,1,1,0,1,2,10,0,10,0,"0000000",99,99,99,99,88,88,0,0,0,1,0
13,131175,1,1,0,0,0,1,1,27,0,28,10,2016,6,8,15,0,1,4,1,3,"SR-122","",67,30.99094167,-83.62802222,0,35,0,0,1,1,0,4,1,1,0,1,0,"0000000",99,98,99,98,88,88,0,0,0,1,0
13,131176,4,4,0,0,0,5,5,45,5730,28,10,2016,6,20,44,1,2,1,1,1,"I-20","",154,33.72229444,-84.93008611,0,1,0,0,1,1,0,1,2,1,0,1,0,"0000000",99,98,99,98,88,88,0,0,0,1,0
13,131177,1,1,0,1,1,1,1,77,0,28,10,2016,6,20,6,1,2,3,1,3,"SR-14","",113,33.33085,-84.78156944,0,8,0,0,1,1,0,1,2,1,0,1,0,"0000000",99,98,99,98,88,88,0,0,0,1,0
13,131178,2,2,0,0,0,3,3,121,9997,28,10,2016,6,15,42,1,2,3,1,3,"SR-141","MEDLOCK BRIDGE PARKWAY",99999,34.02952222,-84.18693889,0,12,6,0,2,3,0,1,1,1,0,1,0,"0000000",15,48,15,49,16,28,0,0,0,2,0
13,131179,1,1,0,0,0,1,1,157,3490,28,10,2016,6,14,11,0,1,5,1,3,"SR-52","",1,34.28313056,-83.60118889,0,1,0,0,1,1,0,4,1,1,0,1,0,"0000000",99,98,99,98,88,88,0,0,0,1,0
13,131180,3,1,2,0,0,1,1,15,2010,29,10,2016,7,22,0,0,2,7,4,6,"KIOWA COURT","",1,34.08851389,-84.67486667,0,14,0,0,1,1,0,1,2,1,0,1,0,"0000000",22,13,22,25,22,55,0,0,0,1,1
13,131181,1,1,0,1,1,2,2,47,0,29,10,2016,7,5,9,1,2,1,1,1,"I-75","",5,34.86835833,-85.03630278,0,8,0,0,1,1,0,2,2,1,0,1,0,"0000000",99,99,99,99,99,99,0,0,0,1,1
13,131182,1,1,0,0,0,1,1,107,5310,29,10,2016,7,9,8,0,2,7,4,6,"QUICK ROAD","",23,32.55630556,-82.30753056,0,42,0,0,1,1,0,4,1,1,0,1,0,"0000000",99,99,99,99,99,99,0,0,0,1,1
13,131183,1,1,0,0,0,1,1,189,0,29,10,2016,7,1,20,0,1,5,2,4,"CR-LUCKY'S BRIDGE ROAD","",51,33.38444444,-82.40293056,0,1,0,0,1,1,0,4,2,1,0,1,0,"0000000",99,98,99,98,88,88,0,0,0,1,0
13,131184,2,2,0,0,0,2,2,247,0,29,10,2016,7,6,45,0,2,6,2,4,"CR-COSTLEY MILL ROAD","",0,33.66664167,-83.93334167,0,12,6,0,8,1,0,1,2,1,0,1,0,"0000000",99,98,99,98,88,88,0,0,0,1,0
13,131185,1,1,0,0,0,1,1,135,0,30,10,2016,1,1,48,0,2,7,2,4,"CR-BUFORD DAM ROAD","",0,34.14274167,-83.99146111,0,34,0,0,1,1,0,4,2,1,0,1,0,"0000000",99,98,99,98,88,88,0,0,0,1,1
13,131186,1,1,0,0,0,1,1,217,0,30,10,2016,1,2,34,0,2,4,1,3,"SR-162","",97,33.539175,-83.91749444,0,35,0,0,1,1,0,4,2,1,0,1,0,"0000000",2,35,2,44,4,5,0,0,0,1,0
13,131187,1,1,0,1,1,1,1,77,0,31,10,2016,2,5,41,0,1,7,2,4,"CR-CEDAR CREEK ROAD","",8,33.45721667,-84.72928611,0,53,0,0,1,1,0,4,1,1,0,1,0,"0000000",99,99,99,99,99,99,0,0,0,1,0
13,131188,1,1,0,1,1,2,2,175,1848,4,10,2016,3,18,15,1,2,3,1,2,"US-80 / CENTRAL DR","",194,32.54919167,-82.88006111,0,8,0,0,1,1,0,1,1,1,0,1,0,"0000000",18,15,18,18,18,26,0,0,0,1,0
13,131189,2,2,0,0,0,2,2,99,0,1,11,2016,3,7,58,0,1,4,1,3,"SR-39","THREE NOTCH RD",158,31.33736389,-84.92709722,0,12,2,0,2,4,0,1,1,1,0,1,0,"0000000",99,99,99,99,99,99,0,0,0,1,0
13,131190,1,1,0,0,0,1,1,121,280,1,11,2016,3,1,24,0,2,6,4,6,"BROWNSMILL RD","",5,33.65798056,-84.38968333,0,33,0,0,1,1,0,4,3,1,0,1,0,"0000000",88,88,88,88,88,88,0,0,0,1,0
13,131191,1,1,0,1,1,1,1,121,4790,1,11,2016,3,5,50,0,2,7,4,6,"SCOTT RD","",10,34.00750556,-84.28569167,0,8,0,0,1,1,0,1,2,1,0,1,0,"0000000",99,99,99,99,99,99,0,0,0,1,0
13,131192,1,1,0,0,0,2,2,217,0,2,11,2016,4,6,56,0,1,7,4,4,"CR-508 / MILL POND RD","",0,33.50675,-83.70445556,0,42,0,0,1,1,0,4,2,5,0,5,0,"0000000",6,56,7,5,8,30,0,0,0,1,0
13,131193,1,1,0,1,1,2,2,63,0,3,11,2016,5,20,32,0,2,4,1,3,"SR-54 CO / THURMOND RD","",7,33.64365833,-84.35125278,0,8,0,0,1,1,0,1,2,1,0,1,0,"0000000",20,32,20,43,21,32,0,0,0,1,0
13,131194,1,1,0,0,0,1,1,73,0,3,11,2016,5,23,46,0,2,4,1,3,"SR-232","",63,33.50865833,-82.211,0,32,0,0,1,1,0,4,2,1,0,1,0,"0000000",23,48,23,55,0,31,0,0,0,1,0
13,131195,2,2,0,0,0,2,2,259,0,3,11,2016,5,15,50,0,1,6,2,4,"CR-79 / JAMES HOLDER RD","",46,32.02826944,-84.70405278,0,12,6,0,1,1,0,1,1,1,0,1,0,"0000000",99,99,99,99,99,99,0,0,0,1,0
13,131196,1,1,0,1,1,2,2,297,3710,3,11,2016,5,19,33,0,2,4,1,3,"SR-10 BU/ SPRING ST","",35,33.80145556,-83.70006111,0,8,0,0,1,1,0,1,2,1,0,1,0,"0000000",99,98,99,98,88,88,0,0,0,1,0
13,131197,1,1,0,0,0,1,1,315,10,3,11,2016,5,12,40,0,1,4,1,2,"US-129 / BROAD ST","NEAPOLIS ST",118,31.99364722,-83.30696667,0,18,0,0,3,2,0,4,1,1,0,1,0,"0000000",88,88,88,88,88,88,0,0,0,1,0
13,131198,1,1,0,0,0,2,2,11,0,4,11,2016,6,6,28,1,1,1,1,1,"I-85","",29,34.27705833,-83.43421389,0,42,0,0,1,1,0,5,2,1,0,1,0,"0000000",99,99,99,99,99,99,0,0,0,2,0
13,131199,2,2,0,0,0,3,3,67,0,4,11,2016,6,17,39,1,2,3,2,4,"CR-2835/ EAST-WEST CONN","BROOKWOOD DR",23,33.85520833,-84.59767222,0,12,6,0,2,2,0,1,1,1,0,1,0,"0000000",17,43,17,45,18,5,0,0,0,1,0