"STATE","ST_CASE","VE_TOTAL","VE_FORMS","PVH_INVL","PEDS","PERNOTMVIT","PERMVIT","PERSONS","COUNTY","CITY","DAY","MONTH","YEAR","DAY_WEEK","HOUR","MINUTE","NHS","RUR_URB","FUNC_SYS","RD_OWNER","ROUTE","TWAY_ID","TWAY_ID2","MILEPT","LATITUDE","LONGITUD","SP_JUR","HARM_EV","MAN_COLL","RELJCT1","RELJCT2","TYP_INT","WRK_ZONE","REL_ROAD","LGT_COND","WEATHER1","WEATHER2","WEATHER","SCH_BUS","RAIL","NOT_HOUR","NOT_MIN","ARR_HOUR","ARR_MIN","HOSP_HR","HOSP_MN","CF1","CF2","CF3","FATALS","DRUNK_DR"
13,131305,1,1,0,0,0,2,2,11,2790,28,11,2016,2,9,30,0,1,7,4,6,"THOMPSON STREET","",0,34.31546389,-83.48332222,0,5,0,0,1,1,0,1,1,99,0,99,0,"0000000",99,99,99,99,99,99,0,0,0,1,0
13,131306,2,2,0,0,0,2,2,121,280,28,11,2016,2,6,50,1,2,3,4,6,"NORTH AVENUE","FREEDOM PARKWAY",93,33.7711,-84.35937222,0,12,6,0,2,2,0,1,4,10,0,10,0,"0000000",99,99,99,99,99,99,0,0,0,1,0
13,131307,1,1,0,0,0,2,2,121,4790,28,11,2016,2,0,39,0,2,6,4,6,"KING ROAD","COX ROAD",0,34.09016111,-84.37713611,0,53,0,0,1,1,0,4,3,10,0,10,0,"0000000",99,99,99,99,99,99,0,0,0,2,1
13,131308,2,2,0,0,0,2,2,135,1470,28,11,2016,2,5,22,1,2,3,1,3,"SR-316","",86,33.98632222,-83.94275833,0,12,1,0,1,1,0,1,2,1,0,1,0,"0000000",5,24,5,40,6,34,0,0,0,1,0
13,131309,1,1,0,0,0,1,1,169,0,28,11,2016,2,14,19,0,1,6,2,4,"CR-CUMSLO ROAD","",69,32.96709722,-83.52240833,0,16,0,0,1,1,0,1,1,1,0,1,0,"0000000",14,19,14,23,99,99,0,0,0,1,0
13,131310,1,1,0,1,1,1,1,1,0,29,11,2016,3,18,20,0,2,6,2,4,"CR-SATILLA CHURCH ROAD","",88,31.75063889,-82.35055,0,8,0,0,1,1,0,2,2,1,0,1,0,"0000000",99,99,99,99,99,99,0,0,0,1,1
13,131311,1,1,0,0,0,1,1,63,2180,29,11,2016,3,0,7,0,2,6,4,6,"CONLEY ROAD","GILBERT PLACE",3,33.638725,-84.36974444,0,34,0,0,3,2,0,4,3,1,0,1,0,"0000000",99,98,99,98,88,88,0,0,0,1,1
13,131312,3,3,0,0,0,3,3,115,0,29,11,2016,3,9,30,1,2,3,1,3,"SR-1","AMBERWOOD TRAIL",192,34.34043056,-85.17236667,0,12,2,0,2,3,0,1,1,10,0,10,0,"0000000",9,35,9,40,88,88,0,0,0,1,0
13,131313,2,2,0,0,0,2,2,137,1360,29,11,2016,3,6,39,1,2,3,1,3,"SR-15","BALDWIN ROAD",13,34.508975,-83.54510278,0,12,6,0,2,2,0,1,2,2,0,2,0,"0000000",99,98,99,98,88,88,0,0,0,1,0
13,131314,1,1,0,0,0,3,3,147,2610,29,11,2016,3,9,6,0,1,5,1,6,"COKESBURY HIGHWAY","",48,34.30237778,-82.83395278,0,42,0,0,1,1,0,4,1,2,0,2,0,"0000000",9,5,9,19,10,7,0,0,0,1,1
13,131315,1,1,0,1,1,1,1,299,5850,29,11,2016,3,18,27,1,2,3,4,3,"SR-520","NEW STREET",231,31.20616667,-82.34421667,0,15,0,0,2,3,0,1,3,1,0,1,0,"0000000",99,98,99,98,88,88,0,0,0,1,0
13,131316,1,1,0,1,1,1,1,89,1610,30,11,2016,4,2,10,0,2,4,4,6,"LINECREST ROAD","",0,33.6471,-84.26378611,0,8,0,0,1,1,0,1,2,1,0,1,0,"0000000",99,98,99,98,88,88,0,0,0,1,0
13,131317,2,2,0,0,0,3,3,139,1180,30,11,2016,4,14,20,1,1,3,1,3,"SR-11","SR-283",250,34.47749167,-83.76714444,0,12,6,0,2,2,0,1,1,2,0,2,0,"0000000",14,26,14,31,15,16,0,0,0,1,0
13,131318,2,2,0,0,0,2,2,245,310,30,11,2016,4,5,29,0,2,4,4,6,"MIKE PADGETT HIGHWAY","",8,33.25153333,-81.95598611,0,12,6,0,1,1,0,1,2,10,0,10,0,"0000000",99,98,99,98,88,88,0,0,0,1,0
13,131319,2,2,0,0,0,5,5,199,3420,3,11,2016,5,13,21,0,1,4,1,2,"US-27 / SR-41 WARM SPRINGS HWY","",20,32.86513889,-84.62743056,0,12,1,0,8,1,0,1,1,1,0,1,0,"0000000",13,22,13,27,13,51,0,0,0,1,0
13,131320,1,1,0,0,0,4,4,31,0,1,12,2016,5,18,0,1,1,1,1,1,"I-16","",242,32.22179722,-81.55051389,0,1,0,0,1,1,0,4,2,1,0,1,0,"0000000",18,2,18,25,18,57,0,0,0,1,0
13,131321,1,1,0,1,1,1,1,47,0,1,12,2016,5,20,46,0,1,7,2,4,"CR-210 / LAKE RD","",12,34.88300833,-85.04183611,0,8,0,0,1,1,0,1,2,10,0,10,0,"0000000",99,99,99,99,88,88,0,0,0,1,0
13,131322,2,2,0,0,0,4,4,95,0,1,12,2016,5,20,12,1,2,3,1,2,"US-19 / SR-3","",30,31.48761667,-84.11646944,0,12,2,0,1,1,0,1,2,1,0,1,0,"0000000",20,12,20,21,20,55,0,0,0,1,0
13,131323,1,1,0,0,0,1,1,121,280,1,12,2016,5,22,43,0,2,6,4,6,"JOSEPH E BOONE BLVD","",37,33.76370833,-84.45689444,0,30,0,0,1,1,0,4,3,1,0,1,0,"0000000",99,98,99,98,88,88,0,0,0,1,0
13,131324,1,1,0,0,0,1,1,285,0,1,12,2016,5,9,3,0,1,6,2,4,"CR-257 / BASS CROSSROADS","",14,33.142125,-84.90568889,0,35,0,0,1,1,0,4,1,1,0,1,0,"0000000",99,99,99,99,99,99,0,0,0,1,0
13,131325,4,4,0,0,0,4,4,89,0,2,12,2016,6,21,45,1,2,1,1,1,"I-285","",171,33.732175,-84.23136667,0,12,7,0,1,1,0,1,3,1,0,1,0,"0000000",21,49,21,55,22,15,0,0,0,1,0
13,131326,3,3,0,0,0,3,3,93,0,2,12,2016,6,6,40,0,1,4,1,3,"SR-7","",27,32.06736944,-83.79875,0,12,8,0,1,1,0,1,2,1,0,1,0,"0000000",6,43,6,51,7,23,0,0,0,1,1
13,131327,1,1,0,1,1,1,1,135,3990,2,12,2016,6,20,38,1,2,3,2,4,"CR-1305 / JIMMY CARTER BLVD","",17,33.8906,-84.19514444,0,8,0,0,1,1,0,1,2,1,0,1,0,"0000000",99,98,99,98,88,88,0,0,0,1,0
13,131328,1,1,0,1,1,1,1,153,5790,2,12,2016,6,18,47,0,2,4,4,6,"N DAVIS DR","",18,32.64475,-83.61283056,0,8,0,0,1,1,0,1,2,1,0,1,0,"0000000",18,47,18,52,88,88,0,0,0,1,0
13,131329,1,1,0,0,0,1,1,163,3250,2,12,2016,6,3,8,0,1,7,2,4,"CR-326 / OLD US 1","",7,32.98458611,-82.397875,0,53,0,0,1,1,0,4,2,1,0,1,0,"0000000",99,98,99,98,88,88,0,0,0,1,1
13,131330,1,1,0,0,0,1,1,169,0,2,12,2016,6,18,46,1,1,3,1,2,"US-129 / SR-11","",35,32.95061944,-83.57960833,0,35,0,0,1,1,0,4,2,10,0,10,0,"0000000",99,98,99,98,88,88,0,0,0,1,0
13,131331,1,1,0,0,0,1,1,207,0,2,12,2016,6,12,40,0,1,5,1,2,"US-41 / SR-19","",75,32.96231667,-83.8655,0,34,0,0,1,1,0,4,1,1,0,1,0,"0000000",99,99,99,99,88,88,0,0,0,1,0
13,131332,1,1,0,0,0,1,1,33,0,3,12,2016,7,23,50,0,1,6,2,4,"CR-61 / ST JOHNS CHURCH RD","",18,33.00719444,-81.6142,0,35,0,0,1,1,0,4,2,10,0,10,0,"0000000",99,98,99,98,88,88,0,0,0,1,1
13,131333,1,1,0,0,0,1,1,129,0,3,12,2016,7,15,15,0,1,5,1,3,"SR-136","",227,34.59019444,-84.74241944,0,53,0,0,1,1,0,4,1,10,0,10,0,"0000000",99,98,99,98,88,88,0,0,0,1,1
13,131334,2,2,0,0,0,3,3,217,0,3,12,2016,7,14,5,0,2,4,1,3,"SR-36","",54,33.45463056,-83.84518333,0,12,6,0,8,1,0,1,1,10,0,10,0,"0000000",14,7,14,16,15,42,0,0,0,1,0
13,131335,2,2,0,0,0,2,2,67,2990,4,12,2016,1,14,34,1,2,3,1,2,"US-41 / COBB PKWY","KEENE ST",145,34.01802778,-84.61817778,0,12,6,0,2,2,0,1,1,2,0,2,0,"0000000",14,36,14,38,15,26,0,0,0,1,0
13,131336,1,1,0,0,0,1,1,129,0,4,12,2016,1,20,54,0,1,5,1,3,"SR-136","",111,34.59556389,-84.90976389,0,32,0,0,1,1,0,4,2,2,0,2,0,"0000000",99,99,99,99,99,99,0,0,0,1,0
13,131337,1,1,0,0,0,1,1,187,0,4,12,2016,1,0,26,0,1,5,1,3,"SR-115 / LONG BRANCH RD","",12,34.48275,-83.95589444,0,59,0,0,1,1,0,4,2,2,0,2,0,"0000000",99,98,99,98,88,88,0,0,0,1,0
13,131338,1,1,0,0,0,4,4,207,0,4,12,2016,1,1,42,0,1,5,1,3,"SR-42","",108,32.98876389,-83.95061111,0,35,0,0,1,1,0,4,2,2,0,2,0,"0000000",1,41,1,49,2,40,0,0,0,1,0
13,131339,2,2,0,0,0,4,4,63,0,5,12,2016,2,17,55,0,2,7,2,4,"CR-1571 / GRANT RD","",11,33.62693611,-84.29601111,0,12,6,0,1,1,0,1,2,2,0,2,0,"0000000",18,10,18,23,19,58,0,0,0,1,0
13,131340,1,1,0,0,0,2,2,67,0,5,12,2016,2,16,57,1,2,3,2,4,"CR-8228 / ERNEST BARRETT PKWY","",67,33.92324444,-84.62966111,0,33,0,0,1,1,0,3,5,2,0,2,0,"0000000",16,57,17,5,99,99,0,0,0,1,0
13,131341,1,1,0,0,0,1,1,97,0,5,12,2016,2,15,31,0,2,7,2,4,"CR-619 / YANCEY RD","ST CHARLES PL",3,33.70101667,-84.74658333,0,43,0,0,1,1,0,4,1,2,0,2,0,"0000000",15,40,15,45,16,27,0,0,0,1,0
13,131342,2,2,0,0,0,3,3,277,0,5,12,2016,2,16,25,0,1,4,1,3,"SR-125","CHULA BROOKFILED RD",155,31.55750556,-83.48923333,0,12,6,0,2,2,0,1,1,2,0,2,0,"0000000",16,25,16,36,16,55,0,0,0,1,0
13,131343,1,1,0,0,0,1,1,31,0,6,12,2016,3,5,50,0,1,4,1,2,"US-80 / SR-26","",418,32.23381944,-81.51574167,0,1,0,0,1,1,0,4,2,2,0,2,0,"0000000",99,98,99,98,88,88,0,0,0,1,0
13,131344,1,1,0,1,1,2,2,63,0,6,12,2016,3,0,48,0,2,7,2,4,"CR-387 / FLINT TRL","",1,33.57,-84.37483611,0,8,0,0,1,1,0,1,2,2,0,2,0,"0000000",0,47,0,55,88,88,0,0,0,1,0
13,131345,2,2,0,0,0,5,5,139,0,6,12,2016,3,21,11,1,2,3,1,3,"SR-60","",167,34.38156667,-83.87591944,0,12,2,0,1,1,0,1,2,10,0,10,0,"0000000",21,8,21,40,22,3,0,0,0,1,0
13,131346,1,1,0,0,0,2,2,89,9997,7,12,2016,4,2,47,0,2,4,4,6,"N DRUID HILLS RD","",4,33.84358056,-84.3399,0,33,0,0,1,1,0,4,2,10,0,10,0,"0000000",2,40,2,48,3,17,0,0,0,1,1
13,131347,1,1,0,0,0,2,2,233,1010,7,12,2016,4,14,32,0,2,7,4,6,"EVERGREEN LN","N CAVESPRING ST",0,34.03675,-85.26919444,0,42,0,0,3,3,0,4,1,1,0,1,0,"0000000",14,32,14,37,15,13,0,0,0,1,0
13,131348,2,2,0,0,0,4,4,137,0,8,12,2016,5,17,12,0,1,5,2,4,"CR-382 / PEA RIDGE RD","",55,34.53966944,-83.58448611,0,12,2,0,8,1,0,1,1,10,0,10,0,"0000000",17,9,17,17,17,55,0,0,0,1,0
13,131349,1,1,0,1,1,1,1,139,0,8,12,2016,5,13,10,0,2,4,1,3,"SR-369","",22,34.27242222,-83.91764444,0,1,0,0,1,1,0,4,1,1,0,1,0,"0000000",13,9,13,17,13,40,0,0,0,1,0
13,131350,1,1,0,1,1,1,1,151,0,8,12,2016,5,19,48,0,2,4,1,3,"SR-81","",3,33.41809722,-84.30934444,0,9,0,0,1,1,0,1,2,10,0,10,0,"0000000",18,43,19,2,88,88,0,0,0,1,0
13,131351,2,2,0,0,0,3,3,51,4910,9,12,2016,6,6,53,1,2,3,1,3,"SR-204 / FT ARGYLE RD","",85,32.00614167,-81.28696389,0,12,2,0,8,1,0,1,4,1,0,1,0,"0000000",6,55,7,18,7,22,0,0,0,1,0
13,131352,1,1,0,0,0,1,1,85,0,9,12,2016,6,14,57,0,1,5,1,3,"SR-52","",41,34.53880278,-84.26493333,0,32,0,0,1,1,0,4,1,1,0,1,0,"0000000",14,57,15,9,15,36,0,0,0,1,1
13,131353,1,1,0,1,1,2,2,89,3210,9,12,2016,6,6,10,0,2,4,1,2,"US-278 / COVINGTON HWY","",79,33.71755,-84.14573056,0,8,0,0,1,1,0,1,1,1,0,1,0,"0000000",6,10,6,35,88,88,0,0,0,1,0
13,131354,1,1,0,1,1,1,1,135,5080,9,12,2016,6,18,36,1,2,3,1,3,"SR-124","",80,33.87295833,-84.01425,0,8,0,0,1,1,0,1,3,1,0,1,0,"0000000",18,35,18,41,88,88,0,0,0,1,0
13,131355,2,2,0,0,0,4,4,165,0,9,12,2016,6,14,30,1,1,3,1,2,"US-25 / SR-67","E OLD SAVANNAH RD",96,32.75460278,-81.980825,0,12,6,0,2,2,0,1,1,1,0,1,0,"0000000",99,99,99,99,99,99,0,0,0,1,0
13,131356,3,3,0,0,0,4,4,251,0,9,12,2016,6,22,1,1,1,3,1,2,"US-301 / SR-73","",35,32.6136,-81.7031,0,12,8,0,1,1,0,1,2,1,0,1,0,"0000000",22,9,22,18,23,9,0,0,0,1,1
13,131357,1,1,0,0,0,1,1,265,0,9,12,2016,6,15,6,1,1,1,1,1,"I-20","",4,33.53231111,-82.98578611,0,1,0,0,1,1,0,4,1,1,0,1,0,"0000000",99,98,99,98,88,88,0,0,0,1,0
13,131358,1,1,0,0,0,1,1,51,4910,10,12,2016,7,22,50,0,2,6,1,3,"SR-204 / FT ARGYLE RD","",68,32.01608611,-81.30358056,0,53,0,0,1,1,0,4,2,1,0,1,0,"0000000",99,98,99,98,88,88,0,0,0,1,1
13,131359,2,2,0,0,0,3,3,135,0,10,12,2016,7,17,45,1,2,3,2,4,"CR-6512 / SUGARLOAF PKWY","VILLA RIDGE PKWY",120,33.95766389,-84.05860556,0,12,6,0,2,2,0,1,3,1,0,1,0,"0000000",17,45,17,48,18,8,0,0,0,1,1
13,131360,2,2,0,0,0,7,7,157,2920,10,12,2016,7,20,23,1,2,3,1,3,"SR-11","",105,34.15233889,-83.64741667,0,12,6,1,5,1,0,1,2,1,0,1,0,"0000000",20,23,20,31,21,0,0,0,0,1,0
13,131361,1,1,0,0,0,3,3,163,0,10,12,2016,7,7,25,0,1,4,1,2,"US-221 / SR-24","",105,32.98266944,-82.4409,0,32,0,0,1,1,0,4,4,1,0,1,0,"0000000",7,33,7,39,8,9,0,0,0,1,1
13,131362,1,1,0,1,1,1,1,89,0,11,12,2016,1,18,40,0,2,4,2,4,"CR-5157 / BRIARCLIFF RD","SHALLOWFORD RD",36,33.85479167,-84.28118333,0,8,0,0,3,4,0,1,3,1,0,1,0,"0000000",18,43,18,50,88,88,0,0,0,1,0
13,131363,2,2,0,0,0,2,2,163,0,11,12,2016,1,1,0,1,1,3,1,2,"US-1 / SR-4","",329,33.25212778,-82.32181944,0,12,1,0,1,1,0,1,2,1,0,1,0,"0000000",99,98,99,98,88,88,0,0,0,1,1
13,131364,1,1,0,0,0,1,1,197,0,11,12,2016,1,5,0,0,1,5,1,3,"SR-41","",40,32.21393889,-84.5231,0,34,0,0,1,1,0,4,2,10,0,10,0,"0000000",99,98,99,98,88,88,0,0,0,1,1
13,131365,1,1,0,1,1,1,1,67,0,12,12,2016,2,15,29,0,2,7,2,4,"CR-1530 / POWERS RD","CONNEMARA DR",3,33.95618889,-84.4183,0,8,0,0,3,3,4,1,1,10,0,10,0,"0000000",15,31,15,38,16,7,0,0,0,1,0
13,131366,1,1,0,0,0,1,1,211,0,12,12,2016,2,5,25,1,1,1,1,1,"I-20","",64,33.57959167,-83.58115556,0,32,0,0,1,1,0,4,2,10,0,10,0,"0000000",5,26,5,34,6,0,0,0,0,1,0
13,131367,2,2,0,0,0,2,2,89,1750,13,12,2016,3,21,20,1,2,1,1,1,"I-285 RAMP","",40,33.91296111,-84.28646111,0,12,6,1,5,1,0,1,3,10,0,10,0,"0000000",21,20,21,24,21,54,0,0,0,1,0
13,131368,1,1,0,0,0,1,1,211,0,13,12,2016,3,7,57,0,1,4,1,3,"SR-83","",70,33.53429444,-83.52024722,0,35,0,0,1,1,0,4,1,2,0,2,0,"0000000",99,98,99,98,88,88,0,0,0,1,1
13,131369,1,1,0,0,0,1,1,215,1280,13,12,2016,3,18,6,0,2,4,2,4,"CR-94 / WHITESVILLE RD","MAPLEBROOK DR",25,32.56266667,-84.971225,0,34,0,0,3,3,0,4,2,2,0,2,0,"0000000",18,8,18,19,18,36,0,0,0,1,0
13,131370,1,1,0,0,0,1,1,245,310,13,12,2016,3,16,15,0,2,7,4,6,"MIMS RD","",15,33.29811389,-82.07108333,0,1,0,0,1,1,0,4,1,2,0,2,0,"0000000",99,98,99,98,88,88,0,0,0,1,0
13,131371,1,1,0,1,1,3,3,95,90,14,12,2016,4,17,51,0,2,4,1,3,"SR-91 / NEWTON RD","",95,31.54535,-84.17756389,0,8,0,0,1,1,0,1,3,1,0,1,0,"0000000",99,98,99,98,88,88,0,0,0,1,0
13,131373,2,2,0,0,0,3,3,119,0,14,12,2016,4,16,30,1,1,1,1,1,"I-85 RAMP","",87,34.37573889,-83.25809722,0,12,6,1,5,1,0,1,1,1,0,1,0,"0000000",16,29,16,32,17,35,0,0,0,1,1
13,131374,2,2,0,0,0,3,3,45,0,15,12,2016,5,17,40,0,1,4,1,3,"SR-166","",277,33.60381944,-84.90718333,0,12,2,0,1,1,0,1,5,1,0,1,0,"0000000",17,46,17,57,18,42,0,0,0,3,0
13,131375,2,2,0,0,0,5,5,51,553,15,12,2016,5,20,8,0,2,4,1,2,"US-80 / SR-26","",20,32.13132778,-81.2961,0,12,2,0,1,1,0,1,3,10,0,10,0,"0000000",20,22,20,39,21,13,0,0,0,1,1
13,131376,1,1,0,0,0,1,1,135,5080,29,11,2016,3,23,4,0,2,7,2,4,"CR-388 / MINK LIVSEY RD","",99999,33.76386389,-84.00939167,0,42,0,0,1,1,0,4,2,2,0,2,0,"0000000",23,6,23,17,99,99,0,0,0,1,0
13,131377,1,1,0,0,0,1,1,95,90,21,12,2016,4,19,44,0,2,7,4,6,"N VAN BUREN ST","W 2ND AVE",0,31.588875,-84.16786389,0,59,0,0,3,3,0,4,2,1,0,1,0,"0000000",99,99,99,99,99,99,20,0,0,1,0
13,131378,2,2,0,0,0,2,2,67,3440,23,12,2016,6,8,58,1,2,1,1,1,"I-75","",36,33.91662222,-84.48156944,0,12,1,0,1,1,1,1,1,1,0,1,0,"0000000",99,98,99,98,88,88,0,0,0,1,0
13,131379,1,1,0,0,0,1,1,255,0,17,11,2016,5,11,29,0,1,5,2,4,"CR-JACKSON ROAD","",38,33.27214167,-84.13208056,0,34,0,0,1,1,0,4,1,1,0,1,0,"0000000",99,99,99,99,99,99,0,0,0,1,0
13,131380,2,2,0,0,0,2,2,135,800,12,12,2016,2,3,31,1,2,1,1,1,"I-985","",34,34.09061389,-83.99175833,0,12,1,0,1,1,0,1,2,1,0,1,0,"0000000",99,98,99,98,88,88,0,0,0,1,1
13,131381,2,2,0,0,0,2,2,67,0,15,12,2016,5,0,21,1,2,3,2,3,"SR-3","BLUE SPRINGS ROAD",165,34.02939722,-84.64999722,0,12,1,0,3,2,0,1,2,1,0,1,0,"0000000",0,23,0,24,1,1,0,0,0,1,0
13,131382,2,2,0,0,0,2,2,199,0,15,12,2016,5,7,26,0,1,4,1,3,"SR-41","",225,33.11682778,-84.72682222,0,12,2,0,1,1,0,1,1,1,0,1,0,"0000000",99,99,99,99,88,88,0,0,0,1,0
13,131383,2,2,0,0,0,2,2,97,0,16,12,2016,6,14,13,0,2,4,2,4,"CR-POST ROAD","",72,33.71327778,-84.83894167,0,12,2,0,1,1,0,1,1,10,0,10,0,"0000000",14,20,14,30,15,25,0,0,0,1,0
13,131384,2,2,0,0,0,2,2,105,1950,16,12,2016,6,11,11,1,2,3,1,3,"SR-17","",109,34.1057,-82.85418611,0,12,6,0,8,1,0,1,1,1,0,1,0,"0000000",11,7,11,12,11,37,0,0,0,1,0
13,131385,1,1,0,1,1,1,1,51,4910,17,12,2016,7,18,5,1,2,3,4,3,"SR-25CO","KENILWORTH STREET",5,32.08980278,-81.12399722,0,8,0,0,3,3,0,1,2,1,0,1,0,"0000000",18,6,18,19,18,59,0,0,0,1,0
13,131386,2,2,0,0,0,6,6,69,0,17,12,2016,7,10,2,1,1,3,1,3,"SR-31","",119,31.58038056,-82.85294722,0,12,8,0,1,1,0,1,1,1,0,1,0,"0000000",10,5,10,11,10,52,0,0,0,1,0
13,131387,1,1,0,0,0,1,1,87,1200,17,12,2016,7,0,0,0,1,7,4,6,"LAKE DOUGLAS ROAD","",4,30.79569167,-84.406675,0,1,0,0,1,1,0,4,2,1,0,1,0,"0000000",99,99,99,99,88,88,0,0,0,1,1
13,131388,2,2,0,0,0,6,6,89,1610,17,12,2016,7,3,40,1,2,1,1,1,"I-20","",116,33.70330556,-84.17048611,0,12,7,0,1,1,0,1,3,1,0,1,0,"0000000",99,99,99,99,99,99,0,0,0,1,1
13,131389,1,1,0,0,0,2,2,171,0,17,12,2016,7,4,5,0,1,4,1,3,"SR-18","",96,33.05131111,-84.11348333,0,38,0,0,1,1,0,4,2,1,0,1,0,"0000000",4,17,4,18,5,21,0,0,0,1,1
13,131390,1,1,0,1,1,1,1,179,2730,17,12,2016,7,20,5,0,2,4,1,3,"SR-119","HEARN ROAD",176,31.82705,-81.62026944,0,8,0,0,3,3,0,1,3,1,0,1,0,"0000000",20,5,20,10,20,24,0,0,0,1,0
13,131391,2,2,0,0,0,2,2,319,108,17,12,2016,7,18,50,1,1,3,1,3,"SR-96","SR-29",81,32.73975278,-83.15502778,0,12,6,0,2,2,0,1,2,1,0,1,0,"0000000",18,58,19,25,19,56,0,0,0,1,0
13,131392,2,2,0,0,0,3,3,21,3390,18,12,2016,1,15,8,0,2,7,4,6,"PRESIDENTIAL PARKWAY","",7,32.81710833,-83.71378056,0,12,2,0,1,1,0,1,1,10,0,10,0,"0000000",99,99,99,99,99,99,0,0,0,1,0
13,131393,1,1,0,0,0,1,1,73,0,18,12,2016,1,21,37,1,2,1,1,1,"I-20","",156,33.48354444,-82.19536944,0,35,0,0,1,1,0,4,2,2,0,2,0,"0000000",21,38,21,47,88,88,0,0,0,1,0
13,131394,1,1,0,0,0,5,5,89,9997,18,12,2016,1,3,44,1,2,3,1,6,"CLAIRMONT ROAD","",198,33.84815556,-84.31549444,0,42,0,0,1,1,0,4,3,1,0,1,0,"0000000",99,99,99,99,99,99,0,0,0,2,1
13,131395,2,2,0,0,0,2,2,121,1250,18,12,2016,1,4,47,0,2,6,4,6,"LOOP ROAD","",0,33.6535,-84.43635833,0,12,7,0,1,1,0,1,3,2,0,2,0,"0000000",99,99,99,99,99,99,0,0,0,1,0
13,131396,2,2,0,0,0,3,3,153,0,18,12,2016,1,19,10,1,1,1,1,1,"I-75","",63,32.38195833,-83.76795833,0,12,1,0,1,1,0,1,2,2,0,2,0,"0000000",19,20,19,24,20,55,0,0,0,1,0
13,131397,1,1,0,0,0,1,1,181,0,18,12,2016,1,20,20,0,1,6,2,4,"CR-GRABALL ROAD","",8,33.91678056,-82.59259444,0,34,0,0,1,1,0,4,2,10,0,10,0,"0000000",20,19,20,33,88,88,0,0,0,1,0
13,131398,1,1,0,0,0,1,1,199,0,18,12,2016,1,4,0,0,1,5,1,3,"SR-194","",10,32.91283611,-84.74374722,0,42,0,0,1,1,0,4,2,10,0,10,0,"0000000",99,99,99,99,99,99,0,0,0,1,1
13,131399,1,1,0,0,0,1,1,51,4910,19,12,2016,2,18,23,0,2,4,4,6,"E. 37TH STREET","",11,32.05185833,-81.08028056,0,33,0,0,1,1,0,4,3,2,0,2,0,"0000000",18,23,18,31,88,88,0,0,0,1,1
13,131400,1,1,0,1,1,1,1,89,0,20,12,2016,3,21,40,0,2,4,2,4,"CR-LAVISTA ROAD","",18,33.815425,-84.31792222,0,8,0,0,1,1,0,1,3,1,0,1,0,"0000000",21,46,21,55,22,20,0,0,0,1,0
13,131401,2,2,0,0,0,2,2,269,4620,20,12,2016,3,12,10,1,1,3,1,3,"SR-96","",188,32.55849722,-84.09899722,0,12,6,0,1,1,0,1,1,10,0,10,0,"0000000",12,9,12,22,13,2,0,0,0,1,0
13,131402,2,2,0,0,0,3,3,299,9997,20,12,2016,3,6,25,0,1,5,4,6,"JAMESTOWN ROAD","",9,31.3349,-82.411675,0,12,2,0,1,1,0,1,2,2,0,2,0,"0000000",6,28,6,42,7,38,0,0,0,2,0
13,131403,1,1,0,1,1,1,1,111,560,21,12,2016,4,19,55,1,1,3,1,3,"SR-2","",58,34.88644167,-84.29070556,0,9,0,0,1,1,0,1,2,10,0,10,1,"0000000",99,98,99,98,88,88,0,0,0,1,0
13,131404,1,1,0,0,0,1,1,123,2000,21,12,2016,4,12,50,0,1,4,1,3,"SR-52","",117,34.71226111,-84.49900833,0,32,0,0,1,1,0,4,1,1,0,1,0,"0000000",99,99,99,99,88,88,0,0,0,1,0
13,131405,4,4,0,0,0,5,5,135,800,21,12,2016,4,9,40,0,2,4,1,3,"SR-13","HAMILTON MILL ROAD",210,34.11474722,-83.99459722,0,12,6,0,2,2,0,1,1,1,0,1,0,"0000000",9,44,9,49,10,24,0,0,0,1,0
13,131406,1,1,0,1,1,2,2,135,3158,21,12,2016,4,7,27,0,2,7,4,6,"BURNS ROAD","",16,33.90096389,-84.160025,0,8,0,0,1,1,0,1,1,1,0,1,0,"0000000",7,27,7,32,7,59,0,0,0,1,0
13,131407,1,1,0,1,1,1,1,151,2560,21,12,2016,4,18,25,0,2,7,4,6,"WOOLSEY ROAD","",0,33.381075,-84.30015833,0,8,0,0,1,1,0,1,2,1,0,1,0,"0000000",18,25,18,30,19,1,0,0,0,1,0
13,131408,1,1,0,0,0,1,1,207,0,21,12,2016,4,18,3,0,1,7,2,4,"CR-LASSITER ROAD","",19,33.18501944,-83.88158889,0,42,0,0,1,1,0,4,5,1,0,1,0,"0000000",18,5,18,20,88,88,0,0,0,1,0
13,131409,1,1,0,0,0,1,1,261,0,21,12,2016,4,15,8,0,1,4,1,3,"SR-30","",39,32.13580833,-84.37569722,0,32,0,0,1,1,0,4,1,1,0,1,0,"0000000",99,98,99,98,88,88,0,0,0,1,1
13,131410,2,2,0,0,0,2,2,275,0,21,12,2016,4,8,48,0,1,4,1,3,"SR-122","",132,30.94741389,-83.75555278,0,12,1,0,1,1,0,1,1,1,0,1,0,"0000000",9,7,9,21,10,2,0,0,0,1,0
13,131411,1,1,0,1,1,1,1,3,5960,23,12,2016,6,19,15,0,1,4,1,3,"SR-135","",18,31.32837222,-83.04784722,0,8,0,0,1,1,0,1,2,10,0,10,0,"0000000",99,98,99,98,88,88,0,0,0,1,0
13,131412,2,2,0,0,0,4,4,223,0,23,12,2016,6,0,44,1,2,3,1,3,"SR-92","BILL CARRUTH PARKWAY",49,33.85677222,-84.75843611,0,12,6,0,2,2,0,1,2,1,0,1,0,"0000000",0,38,0,39,1,12,0,0,0,1,0