"STATE","ST_CASE","VE_TOTAL","VE_FORMS","PVH_INVL","PEDS","PERNOTMVIT","PERMVIT","PERSONS","COUNTY","CITY","DAY","MONTH","YEAR","DAY_WEEK","HOUR","MINUTE","NHS","RUR_URB","FUNC_SYS","RD_OWNER","ROUTE","TWAY_ID","TWAY_ID2","MILEPT","LATITUDE","LONGITUD","SP_JUR","HARM_EV","MAN_COLL","RELJCT1","RELJCT2","TYP_INT","WRK_ZONE","REL_ROAD","LGT_COND","WEATHER1","WEATHER2","WEATHER","SCH_BUS","RAIL","NOT_HOUR","NOT_MIN","ARR_HOUR","ARR_MIN","HOSP_HR","HOSP_MN","CF1","CF2","CF3","FATALS","DRUNK_DR"
13,131413,1,1,0,0,0,2,2,77,0,24,12,2016,7,1,0,0,1,7,2,4,"CR-WALTON ROAD","",6,33.32462778,-84.74864444,0,42,0,0,1,1,0,4,2,1,0,1,0,"0000000",1,13,1,26,2,2,0,0,0,1,1
13,131414,1,1,0,1,1,1,1,89,1610,24,12,2016,7,19,29,0,2,6,4,6,"DOGWOOD FARM ROAD","",30,33.66516944,-84.20121389,0,8,0,0,1,1,0,1,2,1,0,1,0,"0000000",99,99,99,99,99,99,0,0,0,1,0
13,131415,4,4,0,0,0,4,4,121,280,24,12,2016,7,5,40,1,2,2,1,3,"SR-400","",8,33.82394722,-84.35970278,0,12,7,0,1,1,0,1,3,10,0,10,0,"0000000",99,98,99,98,88,88,0,0,0,1,0
13,131416,1,1,0,1,1,1,1,151,3360,24,12,2016,7,6,29,1,2,3,1,3,"SR-155","",72,33.42645,-84.14402222,0,8,0,0,1,1,0,1,2,10,0,10,0,"0000000",7,0,7,40,88,88,0,0,0,1,0
13,131417,1,1,0,1,1,4,4,13,0,25,12,2016,1,19,8,0,2,4,2,4,"CR-LOGANVILLE HIGHWAY","PARKWAY POINTE DRIVE",24,33.93499444,-83.76481389,0,8,0,0,3,3,0,1,2,1,0,1,0,"0000000",19,12,19,14,19,45,0,0,0,1,0
13,131418,1,1,0,0,0,1,1,19,0,25,12,2016,1,9,52,0,1,4,1,3,"SR-11","",143,31.25055833,-83.24120833,0,53,0,0,1,1,0,4,1,1,0,1,0,"0000000",99,99,99,99,99,99,0,0,0,1,0
13,131419,1,1,0,0,0,1,1,175,0,25,12,2016,1,13,25,1,2,1,1,1,"I-16","",138,32.50036111,-82.99233333,0,42,0,0,1,1,0,4,1,1,0,1,0,"0000000",99,98,99,98,88,88,0,0,0,1,0
13,131420,1,1,0,1,1,2,2,223,2740,25,12,2016,1,17,41,0,2,7,4,6,"JONATHAN PATH","",9,33.87220833,-84.74300278,0,15,0,0,1,1,0,1,1,1,0,1,0,"0000000",17,34,17,39,18,12,0,0,0,1,0
13,131421,2,2,0,0,0,4,4,57,0,26,12,2016,2,20,43,1,1,3,1,3,"SR-20","",55,34.217825,-84.57500278,0,24,0,0,1,1,0,4,2,10,0,10,0,"0000000",20,46,20,53,21,29,0,0,0,1,0
13,131422,1,1,0,0,0,1,1,185,0,26,12,2016,2,2,0,0,1,7,2,4,"CR-FENDER ROAD","",5,30.72796667,-83.27448611,0,1,0,0,1,1,0,4,2,1,0,1,0,"0000000",99,98,99,98,88,88,0,0,0,1,1
13,131423,1,1,0,0,0,1,1,67,0,27,12,2016,3,23,21,1,2,1,1,1,"I-75(RAMP)","",136,34.03659722,-84.57833333,0,30,0,1,5,1,0,3,3,1,0,1,0,"0000000",23,21,23,27,23,41,0,0,0,1,1
13,131424,1,1,0,0,0,2,2,79,0,27,12,2016,3,22,50,0,1,5,2,4,"CR-MARSHALL MILL ROAD","",107,32.76435278,-83.83993056,0,35,0,0,1,1,0,4,2,10,0,10,0,"0000000",22,52,23,13,23,48,20,0,0,1,1
13,131425,2,2,0,0,0,2,2,89,0,27,12,2016,3,12,6,0,2,7,1,3,"SR-42","HENRICO ROAD",0,33.671225,-84.34066389,0,12,6,0,2,2,0,1,1,1,0,1,0,"0000000",12,11,12,20,12,40,0,0,0,1,0
13,131426,3,1,2,3,3,1,1,267,4580,27,12,2016,3,16,59,0,1,4,1,3,"SR-23","",208,32.07992778,-82.11000278,0,14,0,0,1,1,0,5,1,1,0,1,0,"0000000",16,57,17,1,17,16,0,0,0,1,0
13,131427,1,1,0,1,1,2,2,89,0,28,12,2016,4,21,32,1,2,3,2,4,"CR-S. HAIRSTON ROAD","",0,33.78628333,-84.19569167,0,8,0,0,1,1,0,1,2,1,0,1,0,"0000000",99,99,99,99,88,88,0,0,0,1,0
13,131428,1,1,0,0,0,1,1,241,0,28,12,2016,4,17,28,0,1,5,2,4,"CR-BURTON DAM ROAD","",7,34.790825,-83.5586,0,42,0,0,1,1,0,4,1,10,0,10,0,"0000000",99,98,99,98,88,88,0,0,0,1,1
13,131429,1,1,0,1,1,1,1,63,0,29,12,2016,5,1,55,0,2,7,2,4,"CR-MADDOX ROAD","",17,33.57351389,-84.31155278,0,8,0,0,1,1,0,1,2,10,0,10,0,"0000000",1,55,1,56,2,43,0,0,0,1,0
13,131430,1,1,0,0,0,1,1,135,0,29,12,2016,5,5,18,0,2,4,1,3,"SR-124","",273,34.07429722,-83.87186667,0,53,0,0,1,1,0,4,3,2,0,2,0,"0000000",5,16,5,23,88,88,0,0,0,1,1
13,131431,3,3,0,0,0,5,5,277,0,29,12,2016,5,14,5,1,1,3,1,3,"SR-520","SALEM CHURCH ROAD",53,31.43784167,-83.56504444,0,12,6,0,2,3,0,1,1,1,0,1,0,"0000000",99,98,99,98,88,88,0,0,0,2,0
13,131432,3,1,2,0,0,1,1,213,0,31,12,2016,7,23,24,0,1,4,1,3,"SR-286","",5,34.82636667,-84.84710278,0,53,0,0,1,1,0,4,2,2,0,2,0,"0000000",23,29,23,41,0,14,0,0,0,1,0
13,131433,1,1,0,1,1,1,1,185,0,31,12,2016,7,0,45,1,2,3,1,3,"SR-38","",80,30.81521944,-83.32282222,0,9,0,0,1,1,0,1,2,1,0,1,0,"0000000",99,98,99,98,88,88,0,0,0,1,0
15,150001,1,1,0,1,1,1,1,9,2900,15,1,2016,6,21,24,0,2,5,1,3,"SR-380 (DAIRY ROAD)","",99999,20.88262778,-156.45461667,0,8,0,0,1,1,0,1,3,1,0,1,0,"0000000",21,24,21,32,21,45,0,0,0,1,0
15,150002,2,2,0,0,0,2,2,1,300,19,1,2016,3,19,15,0,1,4,2,4,"CR-KONA DRIVE","CR-PARADISE PARKWAY",99999,19.10131944,-155.76923611,0,12,6,0,2,98,0,1,5,1,0,1,0,"0000000",19,15,19,23,88,88,0,0,0,1,0
15,150003,1,1,0,0,0,1,1,9,2900,25,1,2016,2,11,53,0,2,4,2,4,"CR-KEA STREET","CR-KAIEMI STREET",99999,20.88481389,-156.48255,0,39,0,1,19,1,0,4,1,1,0,1,0,"0000000",11,54,12,9,12,20,0,0,0,1,0
15,150004,1,1,0,0,0,2,2,9,9300,19,1,2016,3,3,0,1,1,3,1,3,"SR-340 (KAHEKILI HWY)","",88,20.966625,-156.53570833,0,1,0,0,1,1,0,4,2,1,0,1,0,"0000000",99,99,99,99,88,88,0,0,0,1,1
15,150005,1,1,0,1,1,1,1,3,9200,6,1,2016,4,13,50,1,2,3,1,3,"SR-93","",0,21.43988611,-158.18619722,0,8,0,0,1,1,0,1,1,1,0,1,0,"0000000",13,52,14,1,14,46,0,0,0,1,1
15,150006,1,1,0,1,1,1,1,3,9200,5,1,2016,3,22,49,1,2,3,1,3,"SR-93","",0,21.4479,-158.18929444,0,8,0,0,1,1,0,1,3,1,0,1,0,"0000000",22,50,22,52,23,45,0,0,0,1,0
15,150007,1,1,0,1,1,1,1,3,2400,26,1,2016,3,17,32,1,2,3,1,3,"SR-7402 (N. KING STREET)","CR-LILIHA STREET",0,21.318425,-157.86479444,0,15,0,0,2,2,0,1,1,1,0,1,0,"0000000",17,43,17,49,18,16,0,0,0,1,0
15,150008,1,1,0,0,0,4,4,1,4150,15,2,2016,2,3,59,1,1,3,1,3,"SR-11","",90,19.60209167,-155.05290833,0,34,0,0,1,1,0,4,3,1,0,1,0,"0000000",4,0,4,6,4,30,0,0,0,1,0
15,150009,1,1,0,0,0,2,2,9,6260,28,2,2016,1,3,4,1,1,3,1,3,"SR-30","SR-310",53,20.81155278,-156.50742778,0,33,0,0,3,3,0,4,3,1,0,1,0,"0000000",3,4,3,13,3,40,0,0,0,1,1
15,150010,1,1,0,1,1,1,1,3,9200,28,2,2016,1,1,10,1,2,3,1,3,"SR-93","",0,21.46951389,-158.21578333,0,8,0,0,1,1,0,1,3,1,0,1,0,"0000000",1,18,1,30,2,21,0,0,0,1,1
15,150012,1,1,0,1,1,1,1,1,3400,7,2,2016,1,1,40,1,2,3,1,3,"SR-19","",0,20.022825,-155.67834444,0,8,0,0,1,1,0,2,2,10,2,2,0,"0000000",1,21,1,26,1,50,0,0,0,1,1
15,150013,2,2,0,0,0,2,2,1,3000,3,3,2016,5,1,2,1,2,3,1,3,"SR-11","",810,19.85243056,-155.91283611,0,12,2,0,1,1,0,1,2,1,0,1,0,"0000000",1,4,1,16,1,45,0,0,0,2,0
15,150014,1,1,0,0,0,3,3,1,1900,7,3,2016,2,13,18,0,1,4,2,4,"CR-KAIWIKI ROAD","",0,19.74426944,-155.10504722,0,30,0,0,1,1,0,4,1,10,0,10,0,"0000000",99,99,99,99,99,99,0,0,0,1,0
15,150015,1,1,0,0,0,1,1,3,2400,1,3,2016,3,18,35,1,2,3,1,3,"SR-64 SAND ISLAND ACCESS ROAD","",99999,21.32200556,-157.89167778,0,33,0,0,1,1,0,4,1,1,0,1,0,"0000000",18,35,18,38,18,58,0,0,0,1,0
15,150016,1,1,0,1,1,1,1,3,2400,4,3,2016,6,19,9,1,2,3,1,3,"SR-7402 (KING STREET)","",99999,21.29583333,-157.83278611,0,8,0,0,1,1,0,1,3,1,0,1,0,"0000000",19,11,19,13,19,29,0,0,0,1,0
15,150017,2,2,0,0,0,2,2,9,8500,30,3,2016,4,5,26,1,2,3,1,3,"SR-37","SR-367",56,20.82944444,-156.33023889,0,12,2,1,2,4,0,1,3,1,0,1,0,"0000000",5,26,5,42,88,88,0,0,0,1,0
15,150018,2,2,0,0,0,7,7,1,7700,9,4,2016,7,20,21,0,2,4,2,4,"CR-NANAWALE BLVD","",99999,19.49614444,-154.91656111,0,30,0,0,1,1,0,4,3,99,0,99,0,"0000000",20,21,20,34,21,10,14,0,0,1,1
15,150019,1,1,0,1,1,1,1,1,4150,27,3,2016,1,20,30,9,2,4,1,3,"SR-130","",99999,19.56969722,-154.99928056,0,8,0,0,1,1,0,2,3,1,0,1,0,"0000000",99,99,99,99,88,88,0,0,0,1,0
15,150020,2,2,0,0,0,2,2,1,1900,12,4,2016,3,4,51,1,2,3,1,4,"CR-KAWAILANI ST.","CR-KILAUEA AVE",99999,19.68477222,-155.06750833,0,12,6,0,2,2,0,1,3,2,0,2,0,"0000000",4,52,4,59,5,25,0,0,0,1,0
15,150021,1,1,0,1,1,1,1,3,2400,17,3,2016,5,19,34,0,2,4,2,6,"CR-HOTEL STREET","",99999,21.310775,-157.86179167,0,8,0,0,1,1,0,4,3,1,0,1,0,"0000000",19,36,19,39,88,88,0,0,0,1,0
15,150022,1,1,0,0,0,1,1,3,8200,21,3,2016,2,17,5,0,2,4,2,4,"CR-WAIHONA STREET","",99999,21.40140278,-157.98333056,0,18,0,0,1,1,0,1,1,1,0,1,0,"0000000",17,4,17,7,17,43,0,0,0,1,0
15,150023,1,1,0,0,0,1,1,7,6200,8,3,2016,3,8,10,1,1,3,1,3,"SR-50","",50,21.96183611,-159.44176944,0,58,0,0,1,1,2,1,1,2,0,2,0,"0000000",8,13,8,25,9,23,3,0,0,1,0
15,150024,1,1,0,0,0,1,1,9,600,14,4,2016,5,1,28,1,2,3,1,3,"SR-365 (KAUPAKALUA ROAD)","",99999,20.87796111,-156.30376944,0,35,0,0,1,1,0,4,2,2,0,2,0,"0000000",1,30,1,35,2,15,0,0,0,1,1
15,150025,1,1,0,0,0,1,1,3,3500,27,3,2016,1,14,4,1,2,3,1,3,"SR-63","",99999,21.39479444,-157.81093889,0,57,0,0,1,1,0,4,1,1,0,1,0,"0000000",14,4,14,14,14,40,0,0,0,1,0
15,150026,1,1,0,1,1,1,1,3,2400,8,4,2016,6,19,55,0,2,4,2,4,"CR- MAKAPUU AVE","",99999,21.270675,-157.80290833,0,8,0,0,1,1,0,1,2,1,0,1,0,"0000000",19,58,20,6,88,88,0,0,0,1,0
15,150027,1,1,0,1,1,2,2,3,9400,16,4,2016,7,21,45,1,2,3,1,3,"SR-72","",99999,21.33023889,-157.69309167,0,8,0,0,1,1,0,1,3,2,10,2,0,"0000000",21,50,21,54,22,30,0,0,0,1,0
15,150029,1,1,0,1,1,1,1,3,9200,24,4,2016,1,20,36,1,2,3,1,3,"SR-93","",99999,21.37384722,-158.13848611,0,8,0,0,1,1,0,1,3,1,0,1,0,"0000000",20,36,20,41,88,88,0,0,0,1,1
15,150030,2,2,0,0,0,2,2,3,9600,6,5,2016,6,10,52,1,2,3,1,3,"SR-750 (KUNIA ROAD)","",99999,21.39435833,-158.03704444,0,12,2,0,1,1,0,1,1,1,0,1,0,"0000000",10,52,10,56,11,31,0,0,0,1,0
15,150031,2,2,0,0,0,2,2,3,8900,17,4,2016,1,12,20,1,1,3,1,3,"SR-803 (KAUKONAHUA ROAD)","",99999,21.52936111,-158.08136667,0,12,2,0,1,1,0,1,1,2,10,2,0,"0000000",12,22,12,39,13,24,0,0,0,1,0
15,150032,1,1,0,0,0,1,1,1,3002,17,4,2016,1,9,43,1,1,3,1,3,"SR-19","",227,19.79948056,-155.85263889,0,17,0,0,1,1,0,4,1,1,0,1,0,"0000000",9,42,9,58,10,25,0,0,0,1,0
15,150033,1,1,0,0,0,1,1,1,3002,25,4,2016,2,6,37,1,2,3,1,3,"SR-19","",980,19.67091944,-156.01495,0,30,0,0,1,1,0,4,3,1,0,1,0,"0000000",6,38,6,40,7,0,0,0,0,1,0
15,150034,2,2,0,0,0,3,3,3,2400,18,5,2016,4,8,38,0,2,4,2,4,"CR-HAIKU ROAD","CR-HEEIA STREET",99999,21.41824722,-157.810375,0,12,6,0,2,3,0,1,1,10,0,10,0,"0000000",8,38,8,44,9,34,0,0,0,1,0
15,150035,1,1,0,1,1,1,1,3,2400,20,5,2016,6,10,10,0,2,4,1,4,"CR-SHERIDAN STREET","CR-RYCROFT STREET",99999,21.29659722,-157.84215,0,8,0,0,2,2,0,1,1,1,0,1,0,"0000000",10,10,10,21,10,46,0,0,0,1,0
15,150036,1,1,0,0,0,1,1,9,5350,21,5,2016,7,18,2,0,2,4,2,4,"CR-LOWER KULA ROAD","",99999,20.79280556,-156.32511389,0,30,0,0,1,1,0,4,1,1,0,1,0,"0000000",18,3,18,11,18,46,0,0,0,1,1
15,150038,1,1,0,1,1,2,2,3,2400,21,5,2016,7,12,57,0,2,4,2,4,"CR-KEEAUMOKU STREET","CR-S. KING STREET (SR-7410)",99999,21.29846944,-157.84028333,0,8,0,0,3,2,0,1,1,1,0,1,0,"0000000",12,57,13,0,13,32,0,0,0,1,0
15,150039,1,1,0,1,1,1,1,3,9200,26,5,2016,5,6,55,1,2,3,1,3,"SR-93","CR-ARMY STREET",99999,21.44689167,-158.18873333,0,8,0,0,2,3,0,1,1,1,0,1,0,"0000000",7,0,7,6,7,58,0,0,0,1,0
15,150040,2,2,0,0,0,3,3,7,4700,27,2,2016,7,15,16,1,2,3,1,3,"SR-50","KIKIAOLA BOAT HARBOR ENTRANCE",245,21.96123056,-159.68981389,0,12,6,0,3,3,0,1,1,1,0,1,0,"0000000",15,17,15,21,16,12,0,0,0,1,0
15,150041,2,2,0,0,0,3,3,9,7800,7,6,2016,3,17,27,1,2,3,1,3,"SR-390 (BALDWIN AVE)","",99999,20.90521944,-156.37291944,0,12,2,0,1,1,0,1,1,1,0,1,0,"0000000",17,41,17,53,18,15,0,0,0,1,1
15,150042,2,2,0,0,0,3,3,1,6700,17,6,2016,6,17,0,1,1,3,1,3,"SR-11","",210,19.46536667,-155.16643889,0,12,8,0,1,1,0,1,1,1,0,1,0,"0000000",17,1,17,13,17,47,0,0,0,1,1
15,150043,1,1,0,1,1,1,1,3,2400,18,6,2016,7,5,4,0,2,4,2,4,"CR-VINEYARD STREET","CR-PUNCHBOWL BLVD",99999,21.31000278,-157.85425833,0,8,0,0,3,2,0,1,3,10,0,10,0,"0000000",5,4,5,9,5,21,0,0,0,1,0
15,150044,1,1,0,1,1,1,1,7,6200,9,4,2016,7,22,30,1,2,3,1,3,"SR-51","",30,21.99253889,-159.34394444,0,8,0,0,1,1,0,1,2,10,0,10,0,"0000000",22,33,22,40,22,54,0,0,0,1,0
15,150045,1,1,0,0,0,1,1,7,3800,23,5,2016,2,13,0,1,1,3,1,3,"SR-50","",180,21.90924167,-159.59963611,0,35,0,0,1,1,0,4,1,1,0,1,0,"0000000",13,0,13,7,13,42,0,0,0,1,0
15,150046,1,1,0,0,0,1,1,3,2400,19,6,2016,1,20,35,1,2,3,1,4,"CR-KAPIOLANI BLVD","CR-ATKINSON STREET",0,21.29070833,-157.83710833,0,58,0,0,2,3,0,1,3,1,0,1,0,"0000000",20,39,20,43,21,4,0,0,0,1,0
15,150047,1,1,0,0,0,1,1,3,9200,26,6,2016,1,2,20,1,2,3,1,3,"SR-93","",0,21.34606111,-158.12257222,0,41,0,1,5,1,0,3,3,1,0,1,0,"0000000",2,20,2,25,88,88,0,0,0,1,0
15,150048,2,2,0,0,0,3,3,3,2790,1,7,2016,6,0,1,1,2,3,1,3,"SR-83","",0,21.47963333,-157.84460833,0,12,2,0,1,1,0,1,3,1,0,1,0,"0000000",0,1,0,8,99,99,0,0,0,2,1
15,150049,1,1,0,0,0,1,1,3,2400,2,7,2016,7,2,30,1,2,1,1,1,"I-H-1","",0,21.33814722,-157.91831111,0,25,0,1,5,1,0,4,2,1,0,1,0,"0000000",2,40,2,54,88,88,0,0,0,1,0
15,150050,2,2,0,0,0,2,2,3,2400,3,7,2016,1,8,0,0,2,4,1,4,"CR-HALA DRIVE","CR-KAIKUAHINE STREET",0,21.33562778,-157.86690278,0,12,1,0,3,3,0,1,1,2,0,2,0,"0000000",8,2,8,10,88,88,0,0,0,1,0
15,150051,1,1,0,1,1,1,1,3,9200,3,7,2016,1,21,58,1,2,3,1,3,"SR-93","",0,21.43972222,-158.18613333,0,8,0,0,1,1,0,1,3,1,0,1,0,"0000000",22,0,22,3,22,31,0,0,0,1,0
15,150052,1,1,0,1,1,1,1,3,9200,4,7,2016,2,23,0,1,2,3,1,3,"SR-93","",0,21.39593889,-158.16191944,0,8,0,0,1,1,0,1,3,1,0,1,0,"0000000",23,1,23,4,23,34,0,0,0,1,0
15,150053,1,1,0,0,0,3,3,1,300,2,7,2016,7,20,0,0,2,4,2,4,"CR-PUUHONUA ROAD","",40,19.43023889,-155.91390556,0,39,0,0,1,1,0,4,2,1,0,1,0,"0000000",20,1,20,15,99,99,0,0,0,1,1
15,150054,1,1,0,0,0,1,1,9,4800,20,7,2016,4,17,39,1,2,3,1,3,"SR-311","",54,20.80398333,-156.46690833,0,59,0,0,1,1,4,4,1,1,0,1,0,"0000000",17,42,17,49,88,88,0,0,0,1,0
15,150055,2,2,0,0,0,2,2,7,8375,16,4,2016,7,18,0,1,1,3,1,3,"SR-56","",260,22.21364444,-159.43998333,0,12,6,0,1,1,0,1,1,2,0,2,0,"0000000",18,1,18,9,18,54,0,0,0,1,1
15,150056,2,2,0,0,0,3,3,3,3000,30,6,2016,5,20,55,1,2,3,1,3,"SR-61","SR-83",0,21.37493889,-157.78081111,0,12,6,1,2,2,0,1,3,1,0,1,0,"0000000",20,57,21,3,21,30,0,0,0,1,0
15,150057,1,1,0,1,1,1,1,9,9300,27,7,2016,4,13,55,0,2,4,2,4,"CR-N. MARKET STREET","CR-KAHAWAI STREET",0,20.89147778,-156.50379722,0,33,0,0,3,3,0,4,1,1,0,1,0,"0000000",13,55,14,1,14,32,0,0,0,1,0
15,150058,1,1,0,0,0,1,1,9,5600,6,8,2016,7,23,10,1,1,3,1,3,"SR-30","",150,20.81190278,-156.62339444,0,24,0,0,1,1,0,4,3,1,0,1,0,"0000000",23,11,23,24,88,88,0,0,0,1,1
15,150059,2,2,0,0,0,3,3,1,1900,4,8,2016,5,12,58,1,2,3,1,3,"SR-2790 (MOHOULE STREET)","",0,19.70318056,-155.09865278,0,12,6,0,1,1,0,1,1,10,0,10,0,"0000000",13,6,13,9,99,99,20,0,0,2,0
15,150060,1,1,0,1,1,1,1,3,100,6,8,2016,7,15,44,0,2,4,2,4,"CR-AIEA HEIGHTS DRIVE","",0,21.38363611,-157.92606944,0,31,0,0,1,1,0,4,1,1,0,1,0,"0000000",15,45,15,50,16,21,0,0,0,1,0
15,150061,1,1,0,0,0,1,1,3,9200,6,8,2016,7,23,30,0,2,4,1,4,"CR- WAIANAE VALLEY ROAD","",0,21.4513,-158.17954444,0,30,0,0,1,1,0,4,3,1,0,1,0,"0000000",23,33,23,38,88,88,0,0,0,1,1
15,150062,1,1,0,1,1,0,0,3,100,8,8,2016,2,11,10,0,2,7,2,4,"CR-NALOPAKA PLACE","",0,21.38048056,-157.93331667,0,8,0,0,1,1,0,1,1,1,0,1,0,"0000000",11,10,11,13,88,88,0,0,0,1,0
15,150063,1,1,0,0,0,1,1,3,3000,12,8,2016,6,11,50,1,2,3,1,3,"SR-72","",0,21.37894167,-157.77677222,0,24,0,0,1,1,0,4,1,1,0,1,0,"0000000",11,50,11,56,12,18,0,0,0,1,0
15,150064,2,2,0,0,0,2,2,3,2400,12,8,2016,6,15,43,1,2,3,1,3,"SR-7402 (S. KING STREET)","CR- KAHALOHA LANE",0,21.29045,-157.81948056,0,12,6,0,3,3,0,1,1,1,0,1,0,"0000000",15,46,15,53,16,13,0,0,0,1,0
15,150065,2,2,0,0,0,2,2,3,2400,15,8,2016,2,17,55,1,2,3,1,3,"SR-64 (SAND ISLAND ACCESS ROAD","",0,21.32121111,-157.89146389,0,12,6,0,1,1,0,1,1,1,0,1,0,"0000000",17,55,18,4,18,27,0,0,0,1,0
15,150066,1,1,0,0,0,3,3,3,8900,20,8,2016,7,17,28,1,1,3,1,3,"SR-750 (KUNIA ROAD)","",0,21.43921944,-158.05958889,0,24,0,0,1,1,0,4,1,10,0,10,0,"0000000",17,33,17,43,18,9,0,0,0,2,0
15,150067,1,1,0,0,0,1,1,3,2400,21,8,2016,1,13,50,0,2,4,1,4,"CR-OMALLEY BLVD","",0,21.34450278,-157.94100278,0,25,0,0,1,1,0,4,1,1,0,1,0,"0000000",13,57,99,99,99,99,0,0,0,1,0
15,150068,1,1,0,0,0,1,1,9,9994,4,9,2016,1,3,18,0,1,3,2,4,"CR-KEOMOKU HWY","",68,99.9999,999.9999,0,35,0,0,1,1,0,4,2,1,0,1,0,"0000000",3,19,3,40,4,11,0,0,0,1,1
15,150069,2,2,0,0,0,2,2,3,2400,1,9,2016,5,8,55,1,2,3,1,3,"SR-63 (LIKELIKE HWY)","",99999,21.33790278,-157.8686,0,12,2,0,1,1,0,1,1,1,0,1,0,"0000000",8,56,9,4,9,29,0,0,0,1,0
15,150070,2,2,0,0,0,3,3,3,2400,8,9,2016,5,9,36,0,2,3,2,4,"CR-N. SCHOOL STREET (ROUTE7414","CR- POHAKU STREET",99999,21.32976389,-157.86463889,0,12,2,0,3,2,0,1,1,1,0,1,0,"0000000",9,37,9,42,10,0,0,0,0,1,0
15,150071,2,2,0,0,0,3,3,3,9200,10,9,2016,7,5,7,1,2,3,1,3,"SR-93","CR- NANAKULI AVE",99999,21.37864722,-158.14238611,0,12,6,0,2,3,0,1,3,1,0,1,0,"0000000",5,7,5,16,5,54,0,0,0,1,2
15,150072,1,1,0,1,1,1,1,3,9400,11,9,2016,1,4,46,1,2,3,1,3,"SR-72","",99999,21.33202778,-157.69671944,0,8,0,0,1,1,0,1,3,1,0,1,0,"0000000",4,46,4,52,5,12,0,0,0,1,0
15,150073,1,1,0,1,1,2,2,3,8200,25,7,2016,2,9,5,0,6,96,96,8,"1089 WAIMANO HOME ROAD","",99999,21.39552222,-157.96918889,0,8,0,0,1,1,0,1,1,1,0,1,0,"0000000",9,7,9,12,9,30,0,0,0,1,0
15,150074,1,1,0,1,1,1,1,1,1900,3,9,2016,7,19,25,0,2,4,2,4,"CR-RAILROAD AVE.","",99999,19.67388333,-155.04883056,0,8,0,0,1,1,0,1,3,1,0,1,0,"0000000",19,26,19,35,88,88,0,0,0,2,0
15,150075,1,1,0,0,0,1,1,1,6700,26,8,2016,6,22,27,1,1,3,1,3,"SR-11","CR-GLENWOOD ROAD",198,19.48628611,-155.15275556,0,39,0,0,3,2,0,4,2,1,0,1,0,"0000000",22,34,22,45,88,88,0,0,0,1,0
15,150076,1,1,0,0,0,1,1,1,300,29,8,2016,2,2,57,1,1,3,1,3,"SR-11","",850,19.13343333,-155.84255,0,35,0,0,1,1,0,4,2,1,0,1,0,"0000000",99,99,99,99,88,88,0,0,0,1,0
15,150077,2,2,0,0,0,4,4,1,3002,3,9,2016,7,13,20,1,2,3,1,3,"SR-11","",99999,19.58367222,-155.95313611,0,12,2,0,1,1,0,1,1,1,0,1,0,"0000000",13,28,13,34,13,52,0,0,0,1,0
15,150078,1,1,0,0,0,1,1,9,5350,2,10,2016,1,21,45,1,1,3,1,3,"SR-37 (KULA HWY)","",161,20.71287222,-156.35116111,0,35,0,0,1,1,0,4,2,1,0,1,0,"0000000",21,58,22,5,88,88,0,0,0,1,0
15,150079,3,3,0,0,0,5,5,1,3002,15,9,2016,5,21,20,1,1,3,1,3,"SR-190 (HAWAII BELT RD)","",285,19.78225278,-155.90542778,0,12,2,0,1,1,0,1,2,1,0,1,0,"0000000",21,28,21,40,22,21,0,0,0,1,1
15,150080,1,1,0,0,0,1,1,1,4300,2,10,2016,1,2,36,1,2,3,1,3,"SR-11","",1140,19.54253056,-155.92898611,0,30,0,0,1,1,0,4,6,1,0,1,0,"0000000",2,37,2,43,99,99,0,0,0,1,1
15,150081,4,4,0,0,0,8,8,9,8500,8,10,2016,7,10,26,1,2,3,1,3,"SR-37 (HALEAKALA HWY)","SR-3630 (MAKANI ROAD)",66,20.84180556,-156.33506389,0,12,6,0,2,2,0,1,1,1,0,1,0,"0000000",10,26,10,29,10,39,0,0,0,2,0
15,150082,1,1,0,1,1,1,1,1,1900,3,10,2016,2,19,43,0,2,4,1,3,"SR-1920 (KILAUEA AVE)","",0,19.71903611,-155.08163333,0,8,0,0,1,1,0,1,3,10,0,10,0,"0000000",19,43,19,46,20,2,0,0,0,1,0
15,150083,2,2,0,0,0,3,3,1,1900,23,10,2016,1,12,23,0,2,4,2,4,"CR-KOMOHANA ST","CR-PONAHAWAI ST",0,19.71347778,-155.097,0,12,6,0,2,3,4,1,1,1,0,1,0,"0000000",12,23,12,26,12,46,0,0,0,1,0
15,150084,1,1,0,0,0,1,1,3,100,3,10,2016,2,20,30,0,2,4,2,4,"CR-POKO ROAD","",0,21.38201944,-157.91809167,0,39,0,0,1,1,0,4,3,1,0,1,0,"0000000",20,30,20,36,20,56,0,0,0,1,0
15,150085,4,4,0,0,0,3,3,3,100,13,10,2016,5,20,0,1,2,1,1,1,"I-H1","",0,21.38155278,-157.93051111,0,12,1,0,1,1,0,1,3,1,0,1,0,"0000000",20,2,20,16,20,37,19,0,0,1,0
15,150086,2,2,0,0,0,2,2,3,2400,25,10,2016,3,13,45,0,2,4,2,4,"CR-DOLE STREET","CR-DONAGHO ROAD",0,21.29664444,-157.81684444,0,12,1,0,3,3,0,1,1,1,0,1,0,"0000000",13,48,13,52,14,9,0,0,0,1,0