"STATE","ST_CASE","VE_TOTAL","VE_FORMS","PVH_INVL","PEDS","PERNOTMVIT","PERMVIT","PERSONS","COUNTY","CITY","DAY","MONTH","YEAR","DAY_WEEK","HOUR","MINUTE","NHS","RUR_URB","FUNC_SYS","RD_OWNER","ROUTE","TWAY_ID","TWAY_ID2","MILEPT","LATITUDE","LONGITUD","SP_JUR","HARM_EV","MAN_COLL","RELJCT1","RELJCT2","TYP_INT","WRK_ZONE","REL_ROAD","LGT_COND","WEATHER1","WEATHER2","WEATHER","SCH_BUS","RAIL","NOT_HOUR","NOT_MIN","ARR_HOUR","ARR_MIN","HOSP_HR","HOSP_MN","CF1","CF2","CF3","FATALS","DRUNK_DR"
16,160084,1,1,0,1,1,1,1,11,130,14,6,2016,3,21,25,0,2,5,4,6,"PARKWAY DR","LILAC ST",3,43.19787222,-112.35102222,0,19,0,0,3,3,0,5,5,1,0,1,0,"0000000",21,28,21,31,99,99,15,0,0,1,1
16,160085,1,1,0,0,0,2,2,53,0,15,6,2016,4,10,17,1,1,1,1,1,"I-84","",1865,42.57613611,-114.19632778,0,38,0,0,1,1,0,4,1,10,0,10,0,"0000000",10,17,10,30,99,99,0,0,0,1,0
16,160086,2,2,0,0,0,6,6,1,435,17,6,2016,6,17,29,0,1,3,1,3,"SR-16","",1041,43.74976667,-116.45987222,0,12,2,0,1,1,0,1,1,1,0,1,0,"0000000",17,38,17,45,99,99,0,0,0,1,0
16,160087,1,1,0,0,0,4,4,37,1010,17,6,2016,6,19,6,0,6,96,96,8,"NF-496 MINE HILL RD","NF-144 CLIFF CREEK RD",1008,43.89498889,-113.64414444,0,43,0,0,1,1,0,4,1,1,0,1,0,"0000000",19,6,19,16,99,99,0,0,0,1,0
16,160088,1,1,0,0,0,1,1,31,0,21,6,2016,3,5,43,1,1,1,1,1,"I-84","",2216,42.57259722,-113.52319444,0,1,0,1,19,1,0,4,2,1,0,1,0,"0000000",5,45,6,3,88,88,0,0,0,1,0
16,160089,1,1,0,0,0,1,1,59,1630,20,6,2016,2,12,9,1,1,3,1,2,"US-93","",3189,45.35306111,-113.92539444,0,1,0,0,1,1,0,4,1,10,0,10,0,"0000000",12,9,12,26,88,88,0,0,0,1,1
16,160090,2,2,0,0,0,5,5,53,830,20,6,2016,2,19,37,0,1,7,25,4,"CR-200 N RD","CR-00 W RD",0,42.75331944,-114.57754167,0,12,6,0,2,2,0,1,1,10,0,10,0,"0000000",19,38,19,48,99,99,0,0,0,2,1
16,160091,1,1,0,0,0,1,1,1,160,21,6,2016,3,3,12,1,2,1,1,1,"I-184 US-20","",474,43.6177,-116.23175833,0,25,0,1,5,1,0,4,3,1,0,1,0,"0000000",3,15,3,19,99,99,0,0,0,1,1
16,160092,1,1,0,0,0,1,1,5,536,24,6,2016,6,4,38,0,1,3,1,2,"US-91","",863,43.00038056,-112.44418333,3,1,0,0,1,1,0,4,2,1,0,1,0,"0000000",4,50,4,50,88,88,0,0,0,1,0
16,160093,1,1,0,0,0,1,1,77,40,24,6,2016,6,22,26,1,1,1,1,1,"I-86","",222,42.62631111,-113.08836111,0,31,0,0,1,1,0,4,2,1,0,1,0,"0000000",22,32,22,44,88,88,0,0,0,1,1
16,160094,1,1,0,0,0,3,3,63,0,25,6,2016,7,5,43,0,1,5,1,3,"SR-24","",342,42.83664167,-113.79447222,0,1,0,0,1,1,0,5,4,1,0,1,0,"0000000",5,50,6,18,99,99,0,0,0,1,1
16,160095,1,1,0,0,0,2,2,79,0,25,6,2016,7,17,9,0,1,7,11,8,"USFS 503 OLD RIVER RD","",70,47.63514167,-116.19042222,0,42,0,0,1,1,0,4,1,1,0,1,0,"0000000",17,9,17,34,99,99,0,0,0,2,1
16,160096,1,1,0,0,0,1,1,7,0,25,6,2016,7,21,15,1,1,3,1,2,"US-89","",25,42.03510556,-111.39613056,0,42,0,0,1,1,0,4,3,1,0,1,0,"0000000",21,17,21,42,99,99,0,0,0,1,1
16,160097,1,1,0,0,0,3,3,55,1460,26,6,2016,1,0,51,1,2,1,1,1,"I-90 IC 7 WB OFF RAMP","",71,47.71113611,-116.89626389,0,59,0,1,19,1,0,4,3,1,0,1,0,"0000000",0,51,0,58,99,99,0,0,0,2,1
16,160098,1,1,0,0,0,3,3,47,0,26,6,2016,1,2,52,0,1,4,1,2,"US-26","",1423,42.92371389,-114.86648333,0,1,0,0,1,1,0,4,2,1,0,1,0,"0000000",2,55,3,2,99,99,0,0,0,1,0
16,160099,2,2,0,0,0,2,2,31,0,26,6,2016,1,7,51,0,1,6,1,3,"SR-81","",314,42.51747222,-113.72858333,0,12,6,0,1,1,0,1,1,1,0,1,0,"0000000",7,51,8,10,99,99,0,0,0,1,0
16,160100,3,3,0,0,0,8,8,15,0,26,6,2016,1,11,58,1,1,3,1,3,"SR-55","",700,43.98557222,-116.18804167,0,12,6,0,1,1,0,1,1,1,0,1,0,"0000000",12,17,12,31,99,99,0,0,0,1,1
16,160101,1,1,0,1,1,1,1,19,790,27,6,2016,2,22,15,1,2,3,4,6,"E SUNNYSIDE RD","WASHINGTON PKWY",37,43.46803056,-111.99326944,0,8,0,0,2,2,0,1,3,1,0,1,0,"0000000",22,15,22,18,88,88,0,0,0,1,0
16,160102,2,2,0,0,0,3,3,3,0,29,6,2016,4,16,52,1,1,3,1,2,"US-95","",1558,44.98178889,-116.36827778,0,12,8,0,1,1,0,1,1,1,0,1,0,"0000000",16,56,17,17,88,88,0,0,0,1,0
16,160103,1,1,0,2,2,2,2,17,1450,30,6,2016,5,12,17,0,1,7,25,6,"MCGHEE RD","SE-200",0,48.31521667,-116.52449167,0,8,0,0,1,1,0,1,1,1,0,1,0,"0000000",12,19,12,32,99,99,0,0,0,1,0
16,160104,1,1,0,0,0,3,3,1,570,1,7,2016,6,1,38,0,2,5,4,6,"RIVERSIDE DR","LAKE FRONT PL",58,43.66618889,-116.29416944,0,33,0,0,1,1,0,4,6,1,0,1,0,"0000000",1,40,1,45,99,99,0,0,0,1,1
16,160105,1,1,0,0,0,4,4,41,0,1,7,2016,6,16,28,0,1,4,1,2,"US-91","",121,42.12561389,-111.91518333,0,24,0,0,1,1,0,4,1,1,0,1,0,"0000000",15,31,15,37,99,99,0,0,0,1,0
16,160106,1,1,0,1,1,2,2,5,1430,4,7,2016,2,1,0,1,2,3,1,2,"US-30 N 4TH AVE","E CENTER ST",2994,42.86585556,-112.44451944,0,8,0,0,3,2,0,1,3,1,0,1,0,"0000000",1,9,1,11,88,88,0,0,0,1,0
16,160107,1,1,0,0,0,2,2,83,0,4,7,2016,2,17,45,0,1,4,1,2,"US-30","",1860,42.75153611,-114.86772222,0,35,0,0,1,1,0,4,1,1,0,1,0,"0000000",17,46,17,52,99,99,0,0,0,1,1
16,160108,1,1,0,0,0,7,7,49,0,5,7,2016,3,14,50,1,1,3,1,2,"US-95","",2268,45.79891111,-116.28978056,0,1,0,0,1,1,0,4,1,10,0,10,0,"0000000",14,50,15,11,99,99,0,0,0,1,0
16,160109,1,1,0,0,0,1,1,31,200,5,7,2016,3,18,31,0,6,96,96,4,"CR-500 SOUTH RD","600 WEST RD",99998,42.46027778,-113.92361111,0,1,0,0,1,1,0,1,1,10,0,10,0,"0000000",18,33,18,46,88,88,0,0,0,1,1
16,160110,1,1,0,0,0,1,1,1,160,8,7,2016,6,22,29,1,1,1,1,1,"I-84","",590,43.50980833,-116.14412778,0,1,0,1,18,1,0,1,3,1,0,1,0,"0000000",22,30,22,36,88,88,0,0,0,1,0
16,160111,2,2,0,0,0,3,3,27,0,10,7,2016,1,8,15,0,1,4,3,5,"S ROBINSON BLVD","E LOCUST ST",57,43.53216667,-116.49350556,0,12,6,0,2,2,0,1,1,2,10,2,0,"0000000",8,19,8,26,99,99,0,0,0,1,0
16,160112,1,1,0,0,0,2,2,31,0,11,7,2016,2,5,30,0,1,5,2,4,"CR-500 S RD","550 E RD",99998,42.45944722,-113.69173333,0,1,0,0,1,1,0,1,4,1,0,1,0,"0000000",5,36,5,49,99,99,0,0,0,1,0
16,160113,1,1,0,2,2,1,1,19,790,13,7,2016,4,18,0,1,1,3,1,2,"US-26","",3438,43.59237778,-111.87831111,0,9,0,0,1,1,0,1,1,1,0,1,0,"0000000",18,24,18,30,99,99,0,0,0,1,0
16,160114,2,2,0,0,0,2,2,19,0,13,7,2016,4,21,30,0,1,4,3,6,"5TH WEST RD","",99998,43.44710556,-112.04354167,0,12,6,0,8,1,0,1,2,1,0,1,0,"0000000",21,29,21,38,99,99,0,0,0,1,0
16,160115,2,2,0,0,0,5,5,67,0,14,7,2016,5,8,22,0,1,7,2,4,"CR-300 SOUTH RD","CR-200 WEST RD",99998,42.57611667,-113.70121667,0,12,2,0,1,1,0,1,1,1,0,1,0,"0000000",8,22,8,38,99,99,0,0,0,1,0
16,160116,1,1,0,0,0,4,4,49,0,15,7,2016,6,20,30,0,1,7,2,4,"CR-PINE BAR RD","GRAVES CREEK RD",30,45.89041944,-116.34164444,0,1,0,0,1,1,0,4,2,1,0,1,0,"0000000",20,54,21,47,99,99,0,0,0,1,1
16,160117,1,1,0,0,0,1,1,11,130,16,7,2016,7,6,1,1,1,1,1,1,"I-15","",947,43.28424722,-112.28933889,0,52,0,0,1,1,0,4,4,1,0,1,0,"0000000",6,1,6,10,88,88,0,0,0,1,1
16,160118,1,1,0,0,0,2,2,53,460,16,7,2016,7,12,20,1,1,1,1,1,"I-84","",1851,42.57601111,-114.23463056,0,31,0,0,1,1,0,4,1,1,0,1,0,"0000000",12,20,12,27,99,99,0,0,0,1,0
16,160119,1,1,0,0,0,1,1,51,0,20,7,2016,4,10,53,0,1,7,25,4,"CR-3200 EAST RD","800 NORTH RD",99998,43.7425,-112.06300833,0,1,0,0,3,3,0,4,1,1,0,1,0,"0000000",10,55,11,0,88,88,0,0,0,1,1
16,160120,1,1,0,0,0,1,1,1,160,20,7,2016,4,15,55,1,2,1,1,1,"I-84","",639,43.459,-116.088,0,24,0,0,1,1,0,3,1,1,0,1,0,"0000000",15,55,16,9,99,99,0,0,0,1,0
16,160121,1,1,0,0,0,2,2,79,0,22,7,2016,6,18,10,1,1,1,1,1,"I-90","",409,47.55158056,-116.31416111,0,31,0,0,1,1,0,3,1,10,2,2,0,"0000000",18,10,18,18,99,99,0,0,0,1,0
16,160122,1,1,0,0,0,2,2,11,0,26,7,2016,3,23,40,0,1,4,1,3,"SR-39","",137,42.91624167,-112.84968889,0,1,0,0,8,1,0,5,3,1,0,1,0,"0000000",23,41,23,48,99,99,0,0,0,1,0
16,160123,1,1,0,0,0,1,1,73,0,27,7,2016,4,6,41,0,1,5,1,3,"SR-78","",212,43.31460833,-116.59863889,0,1,0,0,1,1,0,1,1,1,0,1,0,"0000000",6,41,7,11,88,88,0,0,0,1,0
16,160124,2,2,0,0,0,2,2,45,0,28,7,2016,5,12,25,0,1,3,1,3,"SR-16","",1102,43.83405833,-116.47290278,0,12,2,0,1,1,0,1,1,1,0,1,0,"0000000",12,25,12,30,99,99,0,0,0,1,0
16,160125,1,1,0,0,0,2,2,49,0,29,7,2016,6,13,50,0,1,4,1,3,"SR-13","",148,46.00636389,-115.96003889,0,1,0,0,1,1,0,1,1,1,0,1,0,"0000000",13,50,14,10,99,99,0,0,0,1,0
16,160126,2,2,0,0,0,2,2,83,0,30,7,2016,7,23,39,1,1,3,1,2,"US-30","",2139,42.56391111,-114.53839722,0,12,1,0,8,1,0,1,2,1,0,1,0,"0000000",23,37,23,41,88,88,0,0,0,1,0
16,160127,1,1,0,0,0,1,1,27,772,30,7,2016,7,23,30,0,1,7,98,9,"LOWELL RD","",0,43.57416667,-116.79759167,0,1,0,0,1,1,0,4,2,1,0,1,0,"0000000",1,19,1,31,88,88,0,0,0,1,1
16,160128,2,2,0,0,0,2,2,53,700,2,8,2016,3,16,44,0,1,5,2,4,"CR-900 SOUTH RD","1900 EAST RD",40,42.59103333,-114.14783889,0,12,6,0,2,2,0,1,1,1,0,1,0,"0000000",16,48,16,54,88,88,0,0,0,1,0
16,160129,1,1,0,1,1,2,2,1,160,2,9,2016,6,1,48,1,2,3,4,6,"S VISTA AVE","",99998,43.58289444,-116.21377778,0,9,0,0,1,1,0,1,3,1,0,1,0,"0000000",1,53,2,27,99,99,0,0,0,1,0
16,160130,1,1,0,0,0,2,2,83,0,5,8,2016,6,14,55,0,1,4,1,2,"US-30","",2086,42.57632222,-114.63387222,0,31,0,0,1,1,0,4,1,10,0,10,0,"0000000",14,54,15,1,88,88,0,0,0,2,0
16,160131,2,2,0,0,0,2,2,39,656,5,8,2016,6,20,9,1,1,1,1,1,"I-84","",1125,42.95741944,-115.44816389,0,12,2,0,1,1,0,1,5,10,0,10,0,"0000000",20,10,20,14,99,99,0,0,0,1,0
16,160132,1,1,0,1,1,1,1,39,600,6,8,2016,7,1,29,1,1,1,1,1,"I-84","",1185,42.96090833,-115.34023889,0,8,0,0,1,1,0,1,2,10,0,10,0,"0000000",1,39,1,43,88,88,0,0,0,1,0
16,160133,1,1,0,0,0,2,2,25,490,6,8,2016,7,17,35,0,1,98,4,8,"FSR-010","FSR-094",0,43.54024167,-114.87706944,0,35,0,0,1,1,0,4,1,1,0,1,0,"0000000",17,35,17,36,99,99,0,0,0,1,0
16,160134,1,1,0,1,1,2,2,83,1830,6,8,2016,7,20,14,0,2,7,4,6,"COLLEGE RD","SILVER CREEK WAY",0,42.58522778,-114.50130556,0,9,0,0,2,2,0,1,5,1,0,1,0,"0000000",20,17,20,21,99,99,0,0,0,1,0
16,160135,1,1,0,0,0,1,1,19,790,9,8,2016,3,20,39,0,2,7,4,6,"HIGHLAND DR","CANEL ST",0,43.50331111,-112.03501944,0,1,0,0,3,2,0,1,3,1,0,1,0,"0000000",20,49,20,45,99,99,0,0,0,1,0
16,160136,1,1,0,0,0,1,1,19,810,10,8,2016,4,23,0,1,1,3,1,2,"US-26","",3388,43.54683056,-111.95464722,0,34,0,0,1,1,0,4,2,1,0,1,0,"0000000",88,88,88,88,88,88,0,0,0,1,0
16,160137,1,1,0,0,0,1,1,27,210,12,8,2016,6,23,31,0,1,6,2,4,"CR-WAGNER RD","HOMEDALE RD",1029,43.62278889,-116.73297778,0,1,0,0,1,1,0,1,2,1,0,1,0,"0000000",23,32,23,40,88,88,0,0,0,1,1
16,160138,1,1,0,0,0,2,2,55,0,14,8,2016,1,22,42,0,1,3,1,3,"SR-3","",1037,47.46047778,-116.61106389,0,42,0,0,1,1,0,4,2,1,0,1,0,"0000000",22,41,23,12,99,99,0,0,0,1,1
16,160139,1,1,0,0,0,3,3,47,610,18,8,2016,5,1,53,0,1,7,4,6,"N OREGON ST","ROOSEVELT ST",0,42.94651111,-114.70799167,0,1,0,0,3,3,0,1,3,1,0,1,0,"0000000",1,54,1,58,88,88,0,0,0,1,1
16,160140,2,2,0,0,0,3,3,1,1070,18,8,2016,5,7,34,1,2,1,1,1,"I-84","",451,43.59332222,-116.37301111,0,12,7,0,1,1,0,1,1,1,0,1,0,"0000000",7,35,7,41,99,99,0,0,0,1,0
16,160141,2,2,0,0,0,2,2,19,1780,18,8,2016,5,16,23,1,1,3,1,2,"US-26","",3752,43.44875833,-111.37076389,0,12,2,0,1,1,0,1,1,1,0,1,0,"0000000",16,25,17,3,99,99,0,0,0,1,0
16,160142,3,3,0,0,0,6,6,27,0,18,8,2016,5,21,23,0,6,96,96,4,"CR-GREENHURST RD","E LOCUST LN",64,43.53255833,-116.47986944,0,12,6,0,2,2,0,1,5,1,0,1,0,"0000000",21,1,21,11,99,99,0,0,0,1,1
16,160143,1,1,0,0,0,2,2,33,0,19,8,2016,6,15,7,1,1,1,1,1,"I-15","",1622,44.106,-112.236,0,1,0,0,1,1,0,4,1,1,0,1,0,"0000000",15,7,15,26,99,99,0,0,0,1,0
16,160144,2,2,0,0,0,7,7,27,9997,21,8,2016,1,16,46,0,1,5,1,8,"MARSING RD","RIVERSIDE RD",22,43.54520556,-116.757425,0,12,6,0,2,2,0,1,1,1,0,1,0,"0000000",16,46,17,0,99,99,0,0,0,2,1
16,160145,1,1,0,0,0,5,5,31,0,21,8,2016,1,22,8,0,1,5,1,3,"SR-81","",175,42.53218056,-113.47026111,0,1,0,0,1,1,0,1,2,1,0,1,0,"0000000",22,11,22,28,99,99,0,0,0,3,0
16,160146,1,1,0,0,0,1,1,5,0,22,8,2016,2,10,38,0,1,4,1,2,"US-91","",398,42.46725833,-112.15128056,0,35,0,0,1,1,0,4,1,1,0,1,0,"0000000",10,37,10,46,88,88,0,0,0,1,1
16,160147,1,1,0,0,0,1,1,83,0,23,8,2016,3,19,25,0,6,96,96,4,"CR-2300 EAST RD","2500 NORTH RD",99998,42.36317222,-114.59446111,0,1,0,0,1,1,0,4,5,1,0,1,0,"0000000",19,25,19,45,88,88,0,0,0,1,0
16,160148,1,1,0,0,0,1,1,1,0,24,8,2016,4,22,58,1,1,1,1,1,"I-84","",635,43.46391389,-116.092525,0,1,0,1,5,1,0,8,2,1,0,1,0,"0000000",23,0,23,15,99,99,0,0,0,1,1
16,160149,1,1,0,0,0,2,2,29,0,25,8,2016,5,8,20,0,1,7,2,4,"CR-GENTILE VALLEY RD","BEAVER DAMS RD",99998,42.54181944,-111.81986111,0,1,0,0,1,1,0,4,1,1,0,1,0,"0000000",8,20,8,46,99,99,0,0,0,1,0
16,160150,1,1,0,0,0,2,2,53,0,26,8,2016,6,14,38,1,1,1,1,1,"I-84","",1773,42.61525556,-114.36921111,0,35,0,0,1,1,0,4,1,10,0,10,0,"0000000",14,40,14,47,99,99,0,0,0,1,0
16,160151,1,1,0,0,0,1,1,67,720,29,8,2016,2,17,24,1,1,1,1,1,"I-84","",2074,42.56831111,-113.791625,0,24,0,1,5,1,0,3,1,1,0,1,0,"0000000",17,22,17,27,99,99,0,0,0,1,0
16,160152,1,1,0,0,0,3,3,11,0,3,9,2016,7,6,42,0,1,4,1,3,"SR-39","",245,43.06036111,-112.80893056,0,35,0,0,1,1,0,4,4,1,0,1,0,"0000000",6,43,6,55,99,99,0,0,0,1,0
16,160153,1,1,0,0,0,3,3,17,0,6,9,2016,3,8,4,0,1,6,3,8,"BAYVIEW RD","",99998,47.99296944,-116.62258056,0,42,0,0,1,1,0,4,1,2,10,2,0,"0000000",8,8,8,27,99,99,0,0,0,1,0
16,160154,2,2,0,0,0,4,4,49,900,6,9,2016,3,16,50,1,1,3,1,2,"US-12","",1222,46.34,-115.313,0,1,0,0,1,1,0,1,1,2,10,2,0,"0000000",17,0,18,0,88,88,0,0,0,1,0
16,160155,2,2,0,0,0,2,2,35,1300,7,9,2016,4,14,13,1,1,3,1,2,"US-12","",431,46.48925833,-116.26920833,0,12,2,0,1,1,0,1,1,1,0,1,0,"0000000",14,14,14,17,99,99,0,0,0,1,0
16,160156,2,2,0,0,0,3,3,19,0,12,9,2016,2,14,35,0,1,5,3,6,"15TH EAST RD","97TH SOUTH RD",9,43.40993056,-112.00380556,0,12,6,0,2,2,0,1,1,10,0,10,0,"0000000",14,38,14,50,99,99,0,0,0,1,0
16,160157,1,1,0,0,0,1,1,57,870,15,9,2016,5,7,15,0,1,4,1,3,"SR-3","",99998,46.61907778,-116.64066944,0,1,0,0,1,1,0,1,1,1,0,1,0,"0000000",7,18,7,28,88,88,0,0,0,1,0
16,160158,1,1,0,0,0,1,1,49,9997,16,9,2016,6,14,45,0,1,4,1,3,"SR-13","",255,45.97733611,-115.96471111,0,42,0,0,1,1,0,4,1,1,0,1,0,"0000000",14,50,15,12,88,88,0,0,0,1,0
16,160159,1,1,0,0,0,1,1,1,1070,14,9,2016,4,20,8,0,2,5,4,6,"E WOODBURY DR","N LARHMONT PL",99998,43.62743056,-116.39009722,0,1,0,0,3,2,0,4,5,10,0,10,0,"0000000",20,8,20,13,88,88,0,0,0,1,1
16,160160,1,1,0,1,1,1,1,19,790,13,9,2016,3,19,14,1,2,3,1,2,"US-20 W BROADWAY","",3061,43.49676111,-112.071625,0,8,0,0,1,1,0,1,1,1,0,1,0,"0000000",19,13,19,18,99,99,0,0,0,1,0
16,160161,1,1,0,0,0,1,1,1,0,13,9,2016,3,11,8,0,1,3,3,3,"SR-16","",99998,43.65736667,-116.47332778,0,35,0,0,1,1,0,4,1,1,0,1,0,"0000000",11,8,11,14,99,99,0,0,0,1,0
16,160162,1,1,0,0,0,1,1,53,830,7,9,2016,4,99,99,0,1,5,3,8,"1900 RD E MURTAUGH GR","",99998,42.499,-114.148,0,35,0,0,1,1,0,4,1,1,0,1,0,"0000000",88,88,88,88,88,88,0,0,0,1,0
16,160163,1,1,0,1,1,1,1,53,0,20,9,2016,3,4,49,1,1,1,1,1,"I-84","",1758,42.62415,-114.39587778,0,8,0,0,1,1,0,1,2,1,0,1,0,"0000000",4,48,4,57,88,88,0,0,0,1,0
16,160164,2,2,0,0,0,7,7,19,790,17,9,2016,7,12,24,0,2,4,4,6,"W 17TH ST","CURTIS AVE",46,43.48273889,-112.04108889,0,12,6,0,2,2,0,1,1,10,0,10,0,"0000000",12,26,12,30,99,99,0,0,0,2,0
16,160165,1,1,0,0,0,1,1,49,0,25,9,2016,1,6,13,0,1,5,1,3,"SR-14","",106,45.86746389,-116.02071667,0,17,0,0,1,1,0,4,4,1,0,1,0,"0000000",88,88,88,88,88,88,0,0,0,1,0
16,160166,2,2,0,0,0,2,2,65,1520,28,9,2016,4,10,50,1,1,3,1,2,"US-20","",3368,43.86394167,-111.77787778,0,12,1,1,18,1,0,1,1,1,0,1,0,"0000000",10,51,10,56,99,99,0,0,0,1,0
16,160167,1,1,0,0,0,2,2,31,0,29,9,2016,5,1,38,0,1,5,3,8,"E YALE RD","",99998,42.54081389,-113.23412778,0,1,0,0,1,1,0,1,2,1,0,1,0,"0000000",88,88,88,88,88,88,0,0,0,1,1
16,160168,1,1,0,0,0,2,2,33,0,29,9,2016,5,17,15,1,1,1,1,1,"I-15","",1742,44.279,-112.216,0,1,0,0,1,1,0,4,1,1,0,1,0,"0000000",17,22,17,36,99,99,0,0,0,1,0
16,160169,1,1,0,0,0,1,1,55,0,29,9,2016,5,21,24,1,1,3,1,2,"US-95","",4148,47.51393889,-116.9448,0,31,0,0,1,1,0,4,2,10,0,10,0,"0000000",21,40,21,46,88,88,0,0,0,1,1
16,160170,2,2,0,0,0,3,3,49,630,30,9,2016,6,5,4,1,1,3,1,2,"US-95","",2396,45.92502778,-116.13216667,0,12,2,0,1,1,0,1,2,1,0,1,0,"0000000",4,56,5,1,99,99,0,0,0,1,0
16,160171,3,3,0,0,0,7,7,27,0,26,9,2016,2,16,12,1,1,3,1,3,"SR-44","STONE LN",7,43.70596111,-116.68567778,0,12,1,0,3,3,0,1,1,1,0,1,0,"0000000",16,12,16,19,99,99,0,0,0,1,0
16,160172,1,1,0,0,0,1,1,27,0,2,9,2016,6,23,47,0,1,98,98,9,"TRACK RD","",99998,43.45976944,-116.54331389,0,38,0,0,1,1,0,4,2,1,0,1,0,"0000000",23,51,0,1,88,88,0,0,0,1,1
16,160173,1,1,0,0,0,2,2,47,0,25,9,2016,1,9,30,0,1,4,1,2,"US-30","",1744,42.90454444,-114.92881389,0,1,0,0,1,1,0,4,1,1,0,1,0,"0000000",9,31,9,31,99,99,0,0,0,1,0
16,160174,3,3,0,0,0,6,6,27,0,25,9,2016,1,8,4,0,1,4,2,4,"CR-HOMEDALE RD","",63,43.61760278,-116.79646667,0,12,7,0,1,1,0,1,1,1,0,1,0,"0000000",8,8,8,18,99,99,0,0,0,1,0
16,160175,1,1,0,0,0,4,4,83,0,2,10,2016,1,11,38,0,1,5,3,5,"E 4100 N","",38,42.59356111,-114.63136389,0,21,0,0,1,1,0,4,1,1,0,1,0,"0000000",11,41,11,52,99,99,0,0,0,2,0
16,160176,1,1,0,0,0,1,1,27,210,4,10,2016,3,5,30,0,1,5,3,6,"CHICKEN DINNER RD","",1028,43.61461389,-116.77249444,0,34,0,0,1,1,0,4,2,10,0,10,0,"0000000",7,40,7,51,88,88,0,0,0,1,0
16,160177,1,1,0,0,0,2,2,69,960,3,10,2016,2,1,49,1,2,3,1,2,"US-12 LEVEE BYPASS","",12,46.42228611,-117.02253333,0,42,0,0,1,1,0,4,2,1,0,1,0,"0000000",1,50,1,55,88,88,0,0,0,1,1
16,160178,2,2,0,0,0,4,4,17,0,4,10,2016,3,22,21,1,1,3,1,2,"US-95","",4533,48.00021944,-116.67487222,0,12,2,0,1,1,0,1,2,5,0,5,0,"0000000",22,24,22,43,99,99,0,0,0,2,0
16,160179,3,3,0,0,0,4,4,61,0,6,10,2016,5,0,37,1,1,3,1,2,"US-12","",578,46.312,-116.135,3,12,8,0,1,1,0,1,2,10,0,10,0,"0000000",0,41,1,5,88,88,0,0,0,1,0
16,160180,2,2,0,0,0,2,2,55,0,10,10,2016,2,15,15,0,1,6,25,4,"CR-PRAIRIE AVE","N PLEASANT VIEW RD",1007,47.74523611,-117.00198889,0,12,6,0,2,2,0,1,1,1,0,1,0,"0000000",15,25,15,27,99,99,0,0,0,1,0
16,160181,1,1,0,1,1,1,1,55,688,8,10,2016,7,1,37,1,2,3,1,2,"US-95","MILES AVE",4352,47.76616111,-116.79119722,0,8,0,0,3,2,0,1,2,10,0,10,0,"0000000",1,39,1,46,88,88,0,0,0,1,0
16,160182,1,1,0,0,0,1,1,55,0,5,10,2016,4,9,17,1,2,3,1,2,"US-95","",4375,47.798,-116.788,0,1,0,0,1,1,0,4,1,10,0,10,0,"0000000",9,18,9,24,88,88,0,0,0,1,0
16,160183,1,1,0,0,0,1,1,31,0,9,10,2016,1,18,30,0,1,5,1,3,"SR-77","ELBA-ALMO RD",75,42.28071389,-113.50123889,0,31,0,0,1,1,0,4,1,1,0,1,0,"0000000",18,31,19,5,88,88,0,0,0,1,0
16,160184,3,3,0,0,0,5,5,53,0,6,10,2016,5,20,12,1,1,1,1,1,"I-84","",1750,42.62938333,-114.410625,0,12,1,0,1,1,0,1,2,1,0,1,0,"0000000",20,15,20,34,99,99,0,0,0,1,0
16,160185,1,1,0,0,0,1,1,79,0,13,10,2016,5,22,33,0,1,5,3,5,"SILVER VALLEY RD","",14,47.53179444,-116.09133889,0,25,0,0,1,1,0,4,2,2,10,2,0,"0000000",22,24,22,26,88,88,0,0,0,1,1
16,160186,1,1,0,0,0,1,1,63,0,18,10,2016,3,0,30,1,1,3,1,2,"US-93","",1701,42.94361389,-114.32763611,0,35,0,0,1,1,0,4,2,10,0,10,0,"0000000",6,0,6,11,88,88,0,0,0,1,1
16,160187,1,1,0,0,0,1,1,79,0,19,10,2016,4,21,59,0,1,5,3,5,"9 MILE CREEK RD","",14,47.49160556,-115.91063056,0,35,0,0,1,1,0,4,2,1,0,1,0,"0000000",88,88,88,88,88,88,0,0,0,1,1
16,160188,1,1,0,3,3,1,1,27,1200,22,10,2016,7,7,28,0,2,7,4,6,"HILLCREST WAY","SUNNYBROOK DR",1002,43.54528333,-116.57045833,0,8,0,0,3,3,0,1,3,1,0,1,0,"0000000",7,34,7,38,99,99,0,0,0,1,1
16,160189,1,1,0,0,0,2,2,27,210,22,10,2016,7,13,24,0,1,5,4,6,"NOTUS RD","",12,43.68673333,-116.80285556,0,1,0,0,1,1,0,4,1,10,0,10,0,"0000000",13,25,13,35,99,99,0,0,0,1,0
16,160190,1,1,0,0,0,2,2,33,0,24,10,2016,2,5,26,1,1,1,1,1,"I-15","",1796,44.346,-112.18,0,1,0,0,1,1,0,3,2,10,0,10,0,"0000000",5,45,6,18,99,99,0,0,0,1,0