"STATE","ST_CASE","VE_TOTAL","VE_FORMS","PVH_INVL","PEDS","PERNOTMVIT","PERMVIT","PERSONS","COUNTY","CITY","DAY","MONTH","YEAR","DAY_WEEK","HOUR","MINUTE","NHS","RUR_URB","FUNC_SYS","RD_OWNER","ROUTE","TWAY_ID","TWAY_ID2","MILEPT","LATITUDE","LONGITUD","SP_JUR","HARM_EV","MAN_COLL","RELJCT1","RELJCT2","TYP_INT","WRK_ZONE","REL_ROAD","LGT_COND","WEATHER1","WEATHER2","WEATHER","SCH_BUS","RAIL","NOT_HOUR","NOT_MIN","ARR_HOUR","ARR_MIN","HOSP_HR","HOSP_MN","CF1","CF2","CF3","FATALS","DRUNK_DR"
16,160191,1,1,0,0,0,1,1,55,0,25,10,2016,3,13,26,0,1,3,1,3,"SR-41","",152,47.914775,-116.84575556,0,31,0,0,1,1,0,4,1,1,0,1,0,"0000000",13,33,13,39,99,99,0,0,0,1,0
16,160192,1,1,0,0,0,1,1,15,0,26,10,2016,4,17,35,0,1,4,1,3,"SR-21","",722,44.08078333,-115.62232222,0,32,0,0,1,1,0,4,1,1,0,1,0,"0000000",17,40,17,48,99,99,0,0,0,1,0
16,160193,2,2,0,0,0,2,2,7,0,6,10,2016,5,16,0,1,1,3,1,2,"US-89","",248,42.31761389,-111.31999444,0,12,1,0,8,1,0,1,1,1,0,1,0,"0000000",16,1,16,2,99,99,0,0,0,1,0
16,160194,2,2,0,0,0,2,2,75,0,28,10,2016,6,16,24,0,1,6,98,8,"SW 1ST AVE","ELMORE RD",1016,43.96729722,-116.89376111,0,12,6,0,2,2,0,1,1,1,0,1,0,"0000000",16,30,16,36,99,99,0,0,0,1,0
16,160195,1,1,0,0,0,1,1,69,0,26,10,2016,4,14,50,0,1,4,1,5,"GUN CLUB RD","",18,46.40990833,-116.97826944,0,53,0,0,1,1,0,4,1,1,0,1,0,"0000000",14,54,14,59,99,99,0,0,0,1,1
16,160196,1,1,0,0,0,1,1,39,0,28,10,2016,6,9,12,1,1,3,1,2,"US-20","",1165,43.31375833,-115.43336667,0,1,0,0,1,1,0,5,1,10,0,10,0,"0000000",9,14,9,40,88,88,0,0,0,1,0
16,160197,1,1,0,0,0,1,1,27,0,28,10,2016,6,10,2,0,1,7,98,9,"LOWELL RD","",1047,43.57403889,-116.77622778,0,51,0,0,1,1,0,1,1,1,0,1,0,"0000000",10,4,10,18,88,88,0,0,0,1,0
16,160198,2,2,0,0,0,2,2,37,0,1,11,2016,3,8,30,0,1,4,1,3,"SR-75","",2271,44.26812222,-114.32535556,0,12,2,0,1,1,0,1,1,1,0,1,0,"0000000",8,31,8,58,88,88,0,0,0,1,0
16,160199,1,1,0,0,0,1,1,5,1430,3,11,2016,5,14,2,1,2,3,1,2,"US-30 GARRETT WAY","",3341,42.889275,-112.47418056,0,33,0,0,1,1,0,4,1,1,0,1,0,"0000000",14,3,14,7,88,88,0,0,0,1,0
16,160200,2,2,0,0,0,2,2,31,0,8,11,2016,3,12,41,0,1,5,1,3,"SR-27","500 S",164,42.46016944,-113.79338333,0,12,6,0,2,2,0,1,1,1,0,1,0,"0000000",12,52,12,58,99,99,0,0,0,1,0
16,160201,2,2,0,1,1,1,1,1,160,10,11,2016,5,0,3,1,2,1,1,1,"I-84","",555,43.55711389,-116.18176944,0,8,0,0,1,1,0,1,2,1,0,1,0,"0000000",0,4,0,9,99,99,19,0,0,1,0
16,160202,2,2,0,0,0,2,2,19,790,10,11,2016,5,21,4,1,2,1,1,1,"I-15","",1156,43.463,-112.091,0,12,2,0,1,1,0,1,2,1,0,1,0,"0000000",21,12,21,17,88,88,0,0,0,1,2
16,160203,1,1,0,0,0,2,2,27,0,15,11,2016,3,2,2,1,1,1,1,1,"I-84","",182,43.796,-116.743,0,1,0,0,1,1,0,1,2,10,0,10,0,"0000000",2,3,2,16,99,99,0,0,0,1,1
16,160204,2,2,0,0,0,2,2,17,0,19,11,2016,7,0,0,1,1,3,1,2,"US-95","SELLE RD",4804,48.35716667,-116.54746111,0,12,6,0,2,2,0,1,2,10,0,10,0,"0000000",0,1,0,13,88,88,0,0,0,1,0
16,160205,2,2,0,0,0,2,2,1,0,15,11,2016,3,17,46,0,1,4,25,4,"CR-KUNA MORA RD","",116,43.45888889,-116.24923611,0,12,2,0,1,1,0,1,2,10,0,10,0,"0000000",17,47,17,59,99,99,0,0,0,1,0
16,160206,1,1,0,0,0,1,1,35,0,22,11,2016,3,5,30,0,6,96,96,4,"CR-OLD AHSAHKA GRADE RD","",99998,46.51476944,-116.33970278,3,1,0,0,1,1,0,4,2,2,5,2,0,"0000000",6,56,7,16,88,88,0,0,0,1,0
16,160207,1,1,0,0,0,3,3,27,0,30,11,2016,4,14,28,0,6,96,96,4,"CR-HARTLEY LN","",1000,43.730225,-116.64256667,0,38,0,0,1,1,0,4,1,10,0,10,0,"0000000",14,21,14,33,99,99,0,0,0,1,0
16,160208,1,1,0,0,0,2,2,57,0,20,11,2016,1,6,17,1,1,3,1,2,"US-95","",3672,47.00077222,-116.90355,0,1,0,0,1,1,0,4,4,1,0,1,0,"0000000",6,23,6,39,99,99,0,0,0,1,0
16,160209,1,1,0,0,0,4,4,83,0,20,11,2016,1,12,29,0,6,96,96,4,"CR-3300 NORTH RD","",1062,42.47665278,-114.51097222,0,1,0,0,1,1,0,4,1,1,0,1,0,"0000000",12,30,12,41,99,99,0,0,0,1,0
16,160210,3,3,0,0,0,5,5,1,435,25,11,2016,6,18,6,1,2,3,1,3,"SR-44","S EDGEWOOD LN",186,43.6879,-116.33421944,0,12,6,0,2,2,0,1,2,10,0,10,0,"0000000",18,6,18,10,88,88,14,0,0,1,0
16,160211,2,2,0,0,0,2,2,69,0,25,11,2016,6,13,47,1,1,3,1,2,"US-95","NEZ PERCE RD",3072,46.43793056,-116.90206111,3,12,6,0,2,3,0,1,1,10,0,10,0,"0000000",13,51,13,57,99,99,0,0,0,1,0
16,160212,1,1,0,0,0,2,2,83,0,25,11,2016,6,23,33,0,6,96,96,4,"CR-2700 EAST RD","CANYON RIM RD",1015,42.60181944,-114.51595833,0,1,0,0,1,1,0,4,2,1,0,1,0,"0000000",88,88,88,88,88,88,0,0,0,2,1
16,160213,1,1,0,0,0,1,1,65,0,28,11,2016,2,8,5,1,8,3,1,2,"US-20","",3358,43.85642222,-111.79639167,0,1,0,0,1,1,0,3,1,4,0,4,0,"0000000",99,99,8,7,88,88,0,0,0,1,0
16,160214,1,1,0,1,1,1,1,55,300,29,11,2016,3,17,55,0,2,4,4,6,"E BEST ST","N 5TH ST",13,47.70074167,-116.77958889,0,8,0,0,3,3,0,1,3,10,0,10,0,"0000000",17,56,18,1,99,99,0,0,0,1,0
16,160215,1,1,0,0,0,1,1,27,0,28,11,2016,2,23,30,0,1,98,98,8,"HOWE RD","",0,43.70541944,-116.85562222,0,35,0,0,1,1,0,4,2,10,0,10,0,"0000000",7,10,7,19,88,88,0,0,0,1,1
16,160216,1,1,0,1,1,1,1,27,1200,10,11,2016,5,12,47,0,2,4,4,6,"LONE STAR RD","S MIDLAND RD",50,43.57595278,-116.592975,0,9,0,0,2,2,0,1,1,1,0,1,0,"0000000",12,40,12,43,99,99,0,0,0,1,0
16,160217,1,1,0,0,0,2,2,41,0,30,11,2016,4,10,45,0,1,5,1,3,"SR-36","",1314,42.09777778,-111.9076,0,1,0,0,1,1,0,4,1,1,0,1,0,"0000000",88,88,88,88,88,88,0,0,0,2,1
16,160218,1,1,0,1,1,1,1,55,300,21,11,2016,2,19,59,0,2,7,4,6,"W ANTON AVE","GOVERNMENT WAY",0,47.703275,-116.78619167,0,8,0,0,3,3,0,1,3,1,0,1,0,"0000000",19,59,20,5,99,99,0,0,0,1,0
16,160219,1,1,0,0,0,3,3,1,435,3,12,2016,7,11,31,0,6,96,96,4,"CR-LINDER RD","HATCHERY RD",1011,43.68465556,-116.41371944,0,38,0,0,1,1,0,4,1,1,0,1,0,"0000000",11,34,11,45,99,99,0,0,0,1,0
16,160220,2,2,0,0,0,2,2,81,0,4,12,2016,1,17,14,0,1,5,2,4,"CR-SKI HILL RD","",1004,43.74689722,-111.05205556,0,12,6,0,1,1,0,1,2,4,11,4,0,"0000000",17,16,17,26,99,99,0,0,0,1,0
16,160221,1,1,0,0,0,1,1,67,0,5,12,2016,2,7,46,1,1,1,1,1,"I-84","",2029,42.57652222,-113.88389167,0,1,0,0,1,1,0,3,4,10,0,10,0,"0000000",7,49,8,5,99,99,0,0,0,1,0
16,160222,1,1,0,0,0,2,2,39,0,6,12,2016,3,10,19,1,1,1,1,1,"I-84","",1115,42.95873333,-115.46881389,0,31,0,1,19,1,0,3,1,11,0,11,0,"0000000",10,19,10,30,99,99,0,0,0,1,0
16,160223,1,1,0,0,0,1,1,75,0,7,12,2016,4,9,0,1,1,3,1,2,"US-95","",586,43.942,-116.93,0,35,0,0,1,1,0,4,1,1,0,1,0,"0000000",9,25,9,31,88,88,0,0,0,1,0
16,160224,1,1,0,0,0,1,1,27,210,13,12,2016,3,3,0,1,2,3,4,6,"USTICK RD","MIDLAND BLVD",52,43.63407778,-116.5932,0,1,0,0,1,1,0,4,6,1,0,1,0,"0000000",88,88,88,88,88,88,0,0,0,1,0
16,160225,1,1,0,0,0,1,1,11,0,13,12,2016,3,16,23,1,1,1,1,1,"I-15","",966,43.248,-112.32,0,1,0,0,1,1,0,4,1,1,0,1,0,"0000000",16,27,16,35,88,88,0,0,0,1,0
16,160226,1,1,0,0,0,3,3,53,0,16,12,2016,6,16,33,1,1,1,1,1,"I-84","",1781,42.609,-114.356,0,1,0,0,1,1,0,3,1,10,11,11,0,"0000000",16,35,16,49,99,99,0,0,0,2,0
16,160227,2,2,0,0,0,2,2,79,1860,18,12,2016,1,9,27,1,1,1,1,1,"I-90","",615,47.47448056,-115.92501389,0,12,1,0,1,1,0,1,1,10,4,4,0,"0000000",9,23,9,33,99,99,19,0,0,1,0
16,160228,4,4,0,0,0,7,7,53,0,19,12,2016,2,19,29,1,1,1,1,1,"I-84","",1664,42.70919722,-114.53294167,0,24,0,0,1,1,0,3,2,10,4,4,0,"0000000",19,29,19,46,99,99,0,0,0,1,0
16,160229,2,2,0,0,0,3,3,87,0,14,12,2016,4,14,38,1,1,3,1,2,"US-95","",1088,44.515475,-116.69257222,0,12,8,0,1,1,0,1,1,4,0,4,0,"0000000",14,42,14,49,99,99,0,0,0,1,0
16,160230,2,2,0,0,0,2,2,39,0,24,12,2016,7,7,34,1,1,1,1,1,"I-84","",1117,42.95851944,-115.46470278,0,12,8,1,18,1,0,1,2,4,11,4,0,"0000000",7,34,8,2,88,88,0,0,0,1,0
16,160231,2,2,0,0,0,4,4,11,130,17,12,2016,7,14,47,1,1,2,1,2,"US-91","",970,43.1479,-112.38986389,3,12,6,0,1,1,0,1,1,10,0,10,0,"0000000",14,49,14,55,99,99,0,0,0,1,0
16,160232,2,2,0,0,0,4,4,41,1480,24,10,2016,2,10,29,1,1,2,1,3,"SR-34","",124,42.15769444,-111.82856389,0,12,8,0,1,1,0,1,1,10,0,10,0,"0000000",10,29,10,34,99,99,0,0,0,1,0
16,160233,1,1,0,0,0,1,1,17,1450,27,8,2016,7,2,30,0,1,7,25,4,"CR-CENTER VALLEY RD","US-95",0,48.38580556,-116.52278611,0,11,0,0,1,1,0,1,2,1,0,1,0,"0000000",2,29,2,34,88,88,0,0,0,1,1
17,170001,1,1,0,0,0,1,1,99,0,1,1,2016,6,5,10,0,1,5,2,4,"CR-10 (E 7TH)","",0,41.57384167,-89.03411111,0,30,0,0,1,1,0,4,3,1,0,1,0,"0000000",5,10,99,99,88,88,0,0,0,1,0
17,170002,2,2,0,0,0,6,6,99,0,2,1,2016,7,15,50,0,1,4,1,2,"US-52","SR-71",1098,41.48589722,-88.64640833,0,12,6,0,2,2,0,1,1,1,0,1,0,"0000000",15,50,99,99,99,99,0,0,0,2,0
17,170003,2,2,0,0,0,2,2,163,2460,1,1,2016,6,17,20,1,2,1,1,1,"I-255","",63,38.52655278,-90.19859444,0,12,6,1,5,1,0,1,2,1,0,1,0,"0000000",17,20,99,99,99,99,0,0,0,1,0
17,170004,2,2,0,0,0,2,2,43,2225,1,1,2016,6,10,25,0,2,4,4,6,"CR-31 (PLAINFIELD RD)","",0,41.75372778,-87.96271944,0,12,2,0,1,1,0,1,1,1,0,1,0,"0000000",10,25,99,99,99,99,0,0,0,2,0
17,170005,1,1,0,0,0,1,1,19,0,1,1,2016,6,18,40,0,1,5,2,4,"CR-14 (HOMER LAKE RD)","",0,40.07601111,-87.985075,0,42,0,0,1,1,0,4,2,10,0,10,0,"0000000",18,42,99,99,88,88,0,0,0,1,1
17,170006,2,2,0,0,0,2,2,97,3815,3,1,2016,1,1,49,0,2,4,2,4,"CR-61V (CR-49) (FAIRFIELD RD)","",0,42.23017778,-88.06843056,0,12,2,0,1,1,0,1,2,1,0,1,0,"0000000",1,49,99,99,99,99,20,0,0,1,1
17,170007,3,3,0,0,0,4,4,7,0,1,1,2016,6,15,30,0,1,5,2,4,"CR-4 (CR-T40) (GENOA RD)","",0,42.17315,-88.78018889,0,12,6,0,1,1,0,1,1,1,0,1,0,"0000000",15,30,99,99,99,99,0,0,0,1,0
17,170008,2,2,0,0,0,6,6,105,0,2,1,2016,7,16,8,0,1,5,3,5,"OLD US-66","E 2500 RD N",0,40.99126667,-88.53658056,0,12,6,0,2,2,0,1,5,1,0,1,0,"0000000",16,8,99,99,99,99,0,0,0,1,0
17,170009,1,1,0,0,0,1,1,85,0,6,1,2016,4,23,9,1,1,3,1,3,"SR-84 (GREAT RIVER RD)","",669,42.22727222,-90.26338611,0,42,0,0,1,1,0,4,2,4,0,4,0,"0000000",23,9,99,99,88,88,0,0,0,1,1
17,170011,1,1,0,0,0,1,1,11,0,4,1,2016,2,20,50,0,1,5,1,2,"US-6 (GRAND ARMY OF REPUBLIC)","CR-26",582,41.36411389,-89.51010278,0,59,0,0,3,2,0,4,2,1,0,1,0,"0000000",20,59,99,99,88,88,0,0,0,1,0
17,170012,3,3,0,0,0,5,5,199,0,7,1,2016,5,9,15,0,1,4,1,3,"SR-148","",52,37.67886389,-89.02159444,0,12,8,0,1,1,0,4,1,1,0,1,0,"0000000",9,21,99,99,99,99,0,0,0,1,0
17,170013,1,1,0,1,1,1,1,19,1550,7,1,2016,5,23,10,1,2,3,4,6,"OLYMPIAN DR","",0,40.15675556,-88.24106389,0,9,0,0,1,1,0,6,2,10,2,2,0,"0000000",23,11,99,99,99,99,0,0,0,1,0
17,170014,1,1,0,0,0,1,1,199,0,10,1,2016,1,21,24,0,1,7,3,5,"SHED CHURCH RD","",0,37.71500278,-88.84654722,0,34,0,0,1,1,0,4,2,1,0,1,0,"0000000",21,24,99,99,88,88,0,0,0,1,0
17,170015,1,1,0,0,0,1,1,35,0,11,1,2016,2,13,32,0,1,4,1,3,"SR-121 (CR-500)","",132,39.27726944,-88.37825,0,24,0,0,1,1,0,4,1,1,0,1,0,"0000000",13,32,99,99,88,88,0,0,0,1,0
17,170016,2,2,0,0,0,3,3,203,0,9,1,2016,7,15,26,0,1,5,1,3,"SR-26 (CR-100)","",17,40.75490556,-89.52238333,0,12,6,0,1,1,0,1,1,4,0,4,0,"0000000",15,26,99,99,99,99,0,0,0,1,0
17,170017,2,2,0,0,0,2,2,111,0,11,1,2016,2,18,11,1,2,3,1,3,"SR-31","",463,42.29738333,-88.28704167,0,12,2,0,1,1,0,1,3,4,0,4,0,"0000000",18,11,18,34,99,99,0,0,0,1,1
17,170018,1,1,0,0,0,1,1,197,0,8,1,2016,6,20,45,1,2,1,1,1,"I-80 W/B","",1478,41.55082778,-87.81188333,0,25,0,0,1,1,0,3,3,2,0,2,0,"0000000",20,45,99,99,99,99,0,0,0,1,0
17,170019,1,1,0,0,0,3,3,85,0,16,1,2016,7,7,51,1,1,3,1,3,"SR-84 (GREAT RIVER RD)","",713,42.28368333,-90.28555278,0,1,0,0,1,1,0,4,1,1,0,1,0,"0000000",7,52,99,99,99,99,0,0,0,3,0
17,170020,2,2,0,0,0,2,2,11,0,18,1,2016,2,16,39,0,1,4,1,3,"SR-40","CR-16 (750N)",432,41.24844444,-89.68346111,0,12,6,0,2,2,0,1,1,1,0,1,0,"0000000",16,39,99,99,88,88,0,0,0,1,1
17,170021,1,1,0,1,1,1,1,97,230,18,1,2016,2,17,15,1,2,3,1,3,"SR-173 (ROSECRANS RD)","",537,42.46629722,-88.06547778,0,8,0,0,1,1,0,1,3,1,0,1,0,"0000000",17,15,99,99,88,88,0,0,0,1,0
17,170022,1,1,0,0,0,2,2,179,0,15,1,2016,6,20,50,0,1,7,3,5,"COIL RD","GRESHAM RD",0,40.55366667,-89.32053056,0,1,0,0,3,3,0,4,2,1,0,1,0,"0000000",20,50,99,99,88,88,0,0,0,1,0
17,170023,1,1,0,0,0,1,1,201,7460,18,1,2016,2,3,30,0,2,5,4,6,"PIERPONT AVE","",0,42.25116667,-89.13461667,0,30,0,0,1,1,0,4,2,1,0,1,0,"0000000",3,30,99,99,88,88,0,0,0,1,1
17,170024,1,1,0,0,0,1,1,119,160,17,1,2016,1,3,30,0,2,4,4,6,"SEMINARY RD","MISSION RD",0,38.91904722,-90.142275,0,30,0,0,3,3,0,4,9,99,0,99,0,"0000000",16,57,99,99,88,88,0,0,0,1,1
17,170025,2,2,0,0,0,2,2,47,0,6,1,2016,4,11,0,0,1,5,2,4,"CR-3 (CR-1850)","CR-700 (MARIDIAN RD)",0,38.51898333,-88.02408333,0,12,6,0,2,2,0,1,1,1,0,1,0,"0000000",11,15,99,99,99,99,0,0,0,1,0
17,170028,2,2,0,0,0,2,2,31,1670,11,1,2016,2,9,45,0,2,7,4,6,"MICHIGAN AVE","",0,41.73809167,-87.62103889,0,12,1,0,1,1,0,1,1,1,0,1,0,"0000000",10,25,99,99,99,99,0,0,0,1,0
17,170029,1,1,0,1,1,1,1,31,1670,12,1,2016,3,11,54,1,2,3,4,6,"LASALLE ST","DIVISION ST",0,41.90386667,-87.63291111,0,8,0,0,2,2,0,1,1,1,0,1,0,"0000000",11,56,99,99,99,99,0,0,0,1,0
17,170030,2,2,0,0,0,2,2,31,3430,15,1,2016,6,1,36,1,2,1,1,1,"I-294 N/B","",61,42.076225,-87.8664,0,12,1,0,1,1,0,1,3,1,0,1,0,"0000000",1,46,99,99,99,99,23,0,0,1,1
17,170031,2,2,0,0,0,2,2,97,0,20,1,2016,4,8,49,1,2,3,1,3,"SR-59","",651,42.39405278,-88.13874167,0,12,6,0,1,1,0,1,1,4,0,4,0,"0000000",8,49,99,99,99,99,0,0,0,1,0
17,170032,1,1,0,0,0,1,1,171,0,20,1,2016,4,13,6,1,1,3,1,2,"US-67","",527,39.55205833,-90.32303333,0,1,0,0,1,1,0,3,1,1,0,1,0,"0000000",13,7,99,99,99,99,0,0,0,1,0
17,170033,1,1,0,0,0,3,3,91,0,21,1,2016,5,15,33,0,1,5,1,3,"SR-115","",572,41.06141111,-87.92055,0,30,0,0,1,1,0,4,1,1,0,1,0,"0000000",15,33,99,99,99,99,0,0,0,1,0
17,170034,1,1,0,0,0,1,1,99,0,24,1,2016,1,2,45,0,1,5,2,4,"CR-15  (JOE HETTEL RD)","",0,41.29534167,-88.74241944,0,34,0,0,1,1,0,4,2,1,0,1,0,"0000000",2,47,99,99,88,88,0,0,0,1,1
17,170035,1,1,0,0,0,1,1,31,0,23,1,2016,7,0,44,1,2,2,1,3,"SR-390  (ELGIN OHARE EXPW)","",21,41.99750556,-88.101275,0,34,0,0,1,1,0,4,3,1,0,1,0,"0000000",0,44,99,99,88,88,0,0,0,1,1
17,170036,1,1,0,0,0,1,1,31,1670,22,1,2016,6,22,58,0,2,5,4,6,"MLK DR","",0,41.77311389,-87.61546389,0,43,0,0,1,1,0,4,3,1,0,1,0,"0000000",22,58,99,99,88,88,0,0,0,1,1
17,170037,1,1,0,0,0,3,3,197,887,1,2,2016,2,0,58,0,2,7,4,6,"EDGEHILL DR","",0,41.69608056,-88.07541111,0,42,0,0,1,1,0,4,3,1,0,1,0,"0000000",0,58,99,99,99,99,0,0,0,1,1
17,170038,1,1,0,0,0,2,2,197,4300,31,1,2016,1,3,7,0,1,5,3,5,"COUNTY LINE RD","",0,41.53600556,-88.25485,0,42,0,0,1,1,0,4,3,1,0,1,0,"0000000",3,7,99,99,99,99,0,0,0,1,1
17,170039,2,2,0,0,0,2,2,113,0,7,1,2016,5,15,28,1,1,2,1,2,"US-51","100 NORTH RD",2507,40.29766389,-88.97970278,0,12,6,0,2,2,0,1,1,10,0,10,0,"0000000",15,28,99,99,88,88,0,0,0,1,0
17,170040,2,2,0,0,0,2,2,161,5670,21,1,2016,5,19,36,0,2,5,4,6,"38TH AVE","",0,41.47548056,-90.49560278,0,12,2,0,1,1,0,1,3,1,0,1,0,"0000000",19,36,99,99,99,99,0,0,0,2,0
17,170041,2,2,0,0,0,3,3,97,3670,22,1,2016,6,7,55,1,2,3,1,3,"SR-132 (GRAND AVE)","O'PLAINE RD",118,42.36964167,-87.91440278,0,12,6,0,2,2,0,1,1,10,0,10,0,"0000000",7,55,99,99,99,99,0,0,0,1,0
17,170043,1,1,0,1,1,1,1,201,0,26,1,2016,3,21,33,1,2,3,1,5,"SPRINGFIELD AVE","",0,42.29064167,-89.14523889,0,8,0,0,1,1,0,1,2,1,0,1,0,"0000000",21,33,99,99,99,99,0,0,0,1,0
17,170044,2,2,0,0,0,2,2,163,0,22,1,2016,6,21,54,0,1,5,1,3,"SR-156","",220,38.32926111,-89.92309722,0,12,6,0,1,1,0,1,2,11,0,11,0,"0000000",21,55,99,99,99,99,0,0,0,1,0
17,170045,1,1,0,1,1,1,1,197,0,30,1,2016,7,3,33,0,1,4,2,4,"CR-53  (WESTERN AVE)","",0,41.44769167,-87.67091667,0,8,0,0,1,1,0,1,2,1,0,1,0,"0000000",3,33,99,99,99,99,0,0,0,1,0
17,170046,1,1,0,1,1,5,5,49,0,23,1,2016,7,23,30,0,2,5,2,4,"CR-6 (MOCCASIN RD)(1600TH AVE)","",0,39.14939722,-88.68458056,0,8,0,0,1,1,0,1,2,1,0,1,0,"0000000",23,32,99,99,88,88,0,0,0,1,0
17,170047,4,4,0,0,0,6,6,31,6690,22,1,2016,6,18,12,1,2,3,1,2,"US-45 (96TH AVE)(LAGRANGE RD)","",3640,41.66333611,-87.85458333,0,12,8,0,1,1,0,1,5,1,0,1,0,"0000000",18,12,99,99,99,99,0,0,0,1,0
17,170048,1,1,0,1,1,1,1,31,0,31,1,2016,1,23,43,1,2,3,2,4,"CR-11  (SAUK TRAIL)","GOVERNORS HWY",0,41.48431389,-87.71294167,0,8,0,0,3,2,0,1,3,1,0,1,0,"0000000",23,43,99,99,99,99,0,0,0,1,0
17,170049,1,1,0,1,1,1,1,143,6850,27,1,2016,4,18,29,1,2,3,1,3,"SR-40 (KNOXVILLE AVE)","",109,40.82217222,-89.61331944,0,8,0,0,1,1,0,1,2,1,0,1,0,"0000000",18,31,99,99,99,99,0,0,0,1,0
17,170050,1,1,0,1,1,1,1,11,0,21,1,2016,5,18,8,0,1,5,1,3,"SR-29","",1707,41.33502222,-89.24315556,0,8,0,0,1,1,0,1,2,1,0,1,0,"0000000",18,8,99,99,99,99,19,0,0,1,0
17,170052,1,1,0,0,0,2,2,81,0,2,1,2016,7,3,10,0,1,7,2,4,"CR-1950E (OPDYKE LN)","",0,38.28819722,-88.78598056,0,11,0,0,1,1,0,1,2,1,0,1,0,"0000000",3,10,99,99,99,99,0,0,0,1,1
17,170053,1,1,0,0,0,2,2,21,8520,7,2,2016,1,20,44,0,1,5,2,4,"CR-12  (350N)","",0,39.39915833,-89.12218889,0,34,0,0,1,1,0,4,2,1,0,1,0,"0000000",20,44,99,99,99,99,0,0,0,1,1
17,170054,2,2,0,0,0,3,3,201,0,8,2,2016,2,7,57,1,2,3,3,5,"SPRINGFIELD AVE","CR-49 (CUNNINGHAM RD)",0,42.26237222,-89.14353889,0,12,6,0,2,2,0,1,1,10,0,10,0,"0000000",7,57,99,99,99,99,20,0,0,1,0
17,170055,2,2,0,0,0,2,2,97,3815,12,1,2016,3,21,52,0,2,4,2,4,"CR-32 (CR-V77)(OLD MCHENRY RD)","",0,42.22979444,-88.09608889,0,12,2,0,1,1,0,1,2,1,0,1,0,"0000000",21,52,99,99,99,99,0,0,0,1,0
17,170056,1,1,0,0,0,1,1,187,0,7,2,2016,1,21,41,0,1,5,2,4,"CR-5","",0,40.88925,-90.52364444,0,21,0,0,1,1,0,4,2,1,0,1,0,"0000000",21,41,99,99,88,88,0,0,0,1,1
17,170057,2,2,0,0,0,2,2,97,3580,11,1,2016,2,9,1,1,2,3,1,3,"SR-83 (IVANHOE RD)","CR-69 (WINCHESTER RD)",775,42.3002,-88.032325,0,12,6,0,3,3,0,1,1,10,0,10,0,"0000000",9,1,99,99,99,99,0,0,0,1,0
17,170058,1,1,0,0,0,1,1,119,0,8,2,2016,2,1,0,0,1,7,1,5,"WILLIAMSON AVE","",0,38.99049444,-89.76940278,0,42,0,0,1,1,0,4,2,1,0,1,0,"0000000",1,0,99,99,88,88,0,0,0,1,1
17,170059,1,1,0,0,0,3,3,201,7460,3,2,2016,4,2,41,0,2,3,4,6,"SPRING CREEK RD","",0,42.28885,-89.05650556,0,42,0,0,1,1,0,4,3,5,0,5,0,"0000000",2,41,99,99,99,99,20,0,0,1,1
17,170060,1,1,0,0,0,2,2,163,2610,1,1,2016,6,3,10,0,2,4,4,6,"MISSISSIPPI AVE","",0,38.60780833,-90.17076111,0,21,0,0,1,1,0,4,2,1,0,1,0,"0000000",3,15,99,99,99,99,0,0,0,1,1
17,170061,1,1,0,0,0,1,1,53,0,31,1,2016,1,16,21,0,1,4,1,3,"SR-9","",1912,40.45647222,-87.99088889,0,34,0,0,1,1,0,4,1,1,0,1,0,"0000000",16,21,99,99,88,88,0,0,0,1,1
17,170062,1,1,0,0,0,1,1,201,7460,29,1,2016,6,1,8,0,2,7,4,6,"WEST ST","",0,42.26025556,-89.10654444,0,43,0,0,1,1,0,4,3,1,0,1,0,"0000000",1,10,99,99,88,88,0,0,0,1,1
17,170063,1,1,0,1,1,1,1,31,9380,20,1,2016,4,0,39,1,2,1,1,1,"I-94  (EDENS EXPWY)","",344,42.08061389,-87.75850556,0,8,0,0,1,1,0,1,3,1,0,1,0,"0000000",0,40,99,99,99,99,23,0,0,1,0
17,170064,2,2,0,0,0,2,2,135,0,4,2,2016,5,15,7,0,1,4,1,3,"SR-48 (O'BANNON ST)","SPRINGFIELD RD (BLACK DIAMOND)",42,39.32659167,-89.56817222,0,12,6,0,3,2,0,1,1,1,0,1,0,"0000000",15,7,99,99,99,99,0,0,0,1,0
17,170065,1,1,0,0,0,1,1,43,4220,17,1,2016,1,8,49,1,2,1,1,1,"I-290 W/B TO THORNDALE RAMP","",51,41.98373611,-88.02084167,0,18,0,1,5,1,1,2,1,1,0,1,0,"0000000",8,19,99,99,88,88,3,0,0,1,1
17,170066,1,1,0,0,0,1,1,31,280,21,1,2016,5,14,31,0,2,4,4,6,"EUCLID AVE","US-14 (NORTHWEST HWY)",0,42.088325,-87.99304722,0,43,0,0,3,2,0,1,1,1,0,1,0,"176927M",14,32,99,99,88,88,0,0,0,1,0
17,170068,1,1,0,0,0,2,2,31,1670,1,1,2016,6,1,21,1,2,1,1,1,"I-94  (DAN RYAN EXPWY)","",593,41.77255833,-87.62556667,0,26,0,0,1,1,1,10,3,1,0,1,0,"0000000",1,22,99,99,99,99,0,0,0,1,1
17,170069,3,3,0,0,0,3,3,31,6740,11,2,2016,5,9,57,0,2,4,1,6,"DEE RD","TALCOTT RD",0,42.00603333,-87.85531111,0,12,2,0,3,2,0,1,1,1,0,1,0,"0000000",9,57,99,99,99,99,0,0,0,1,0