"STATE","ST_CASE","VE_TOTAL","VE_FORMS","PVH_INVL","PEDS","PERNOTMVIT","PERMVIT","PERSONS","COUNTY","CITY","DAY","MONTH","YEAR","DAY_WEEK","HOUR","MINUTE","NHS","RUR_URB","FUNC_SYS","RD_OWNER","ROUTE","TWAY_ID","TWAY_ID2","MILEPT","LATITUDE","LONGITUD","SP_JUR","HARM_EV","MAN_COLL","RELJCT1","RELJCT2","TYP_INT","WRK_ZONE","REL_ROAD","LGT_COND","WEATHER1","WEATHER2","WEATHER","SCH_BUS","RAIL","NOT_HOUR","NOT_MIN","ARR_HOUR","ARR_MIN","HOSP_HR","HOSP_MN","CF1","CF2","CF3","FATALS","DRUNK_DR"
17,170070,3,3,0,0,0,10,10,157,0,31,1,2016,1,20,0,1,1,3,1,3,"SR-3","",1107,38.21223056,-90.031975,0,12,2,0,1,1,0,1,2,1,0,1,0,"0000000",20,20,99,99,99,99,0,0,0,1,0
17,170071,2,2,0,0,0,2,2,157,1660,28,1,2016,5,14,9,1,2,3,1,3,"SR-3 (LEHMEN DR)","",866,37.93586944,-89.86426667,0,12,2,0,1,1,0,1,1,1,0,1,0,"0000000",14,9,99,99,99,99,0,0,0,1,0
17,170072,1,1,0,0,0,3,3,31,5040,22,1,2016,6,23,8,0,2,7,4,6,"CENTER AVE","",0,41.81379167,-87.81632222,0,5,0,0,1,1,0,1,2,10,0,10,0,"0000000",9,43,99,99,99,99,18,0,0,1,0
17,170073,2,2,0,0,0,2,2,129,0,28,1,2016,5,12,10,0,1,4,1,3,"SR-29","JELLYSTONE RD",645,40.03338056,-89.72217222,0,12,1,0,3,3,0,1,1,1,0,1,0,"0000000",12,12,99,99,99,99,0,0,0,1,0
17,170074,2,2,0,0,0,5,5,97,8933,12,1,2016,3,16,53,0,2,4,2,4,"CR-17 (CR-A9) (WADSWORTH RD)","",0,42.4287,-87.90875,0,12,2,0,1,1,0,1,2,1,0,1,0,"0000000",16,53,99,99,99,99,0,0,0,1,0
17,170075,1,1,0,0,0,2,2,31,3190,6,2,2016,7,4,53,0,2,4,4,6,"FRANKLIN AVE","",0,41.94548889,-87.90575,0,5,0,0,1,1,0,1,2,1,0,1,0,"0000000",4,53,99,99,88,88,0,0,0,1,0
17,170076,1,1,0,0,0,2,2,89,460,7,2,2016,1,2,4,1,2,3,4,6,"FARNSWORTH AVE","",0,41.76609167,-88.28160278,0,19,0,0,1,1,0,5,3,1,0,1,0,"0000000",2,4,99,99,99,99,0,0,0,1,1
17,170077,1,1,0,1,1,1,1,31,7820,14,1,2016,5,19,44,0,2,4,4,6,"LAWRENCE AVE","",0,41.96577778,-87.86636389,0,8,0,0,1,1,0,1,3,1,0,1,0,"0000000",19,44,99,99,99,99,0,0,0,1,0
17,170078,1,1,0,0,0,1,1,11,0,8,2,2016,2,8,1,1,1,3,1,3,"SR-29","",1588,41.23894722,-89.40020556,0,1,0,0,1,1,0,4,1,4,0,4,0,"0000000",8,1,99,99,99,99,0,0,0,1,0
17,170080,1,1,0,0,0,1,1,163,0,7,2,2016,1,6,47,1,2,3,1,2,"US-30","",305,38.59331111,-89.83934722,0,24,0,0,1,1,0,4,2,1,0,1,0,"0000000",6,47,99,99,88,88,0,0,0,1,1
17,170081,1,1,0,0,0,2,2,11,0,8,2,2016,2,23,28,0,1,4,1,3,"SR-89","",481,41.43228056,-89.21304444,0,34,0,0,1,1,0,4,2,1,0,1,0,"0000000",23,28,99,99,99,99,0,0,0,1,1
17,170082,1,1,0,0,0,1,1,163,0,8,2,2016,2,23,19,1,2,1,1,1,"I-64","",186,38.57321667,-89.87743056,0,1,0,1,18,1,1,1,2,1,0,1,0,"0000000",23,19,99,99,88,88,0,0,0,1,0
17,170083,1,1,0,0,0,1,1,75,0,2,2,2016,3,18,0,0,1,5,2,4,"CR-17 (2200E RD)","",0,40.87735,-87.71160833,0,1,0,0,1,1,0,4,2,99,0,99,0,"0000000",4,26,99,99,88,88,18,0,0,1,0
17,170084,2,2,0,0,0,5,5,75,0,10,2,2016,4,8,17,1,1,1,1,1,"I-57","",2900,40.84953611,-87.98999167,0,12,1,0,1,1,0,1,1,1,0,1,0,"0000000",8,17,99,99,99,99,0,0,0,1,1
17,170085,1,1,0,1,1,1,1,31,5450,11,2,2016,5,19,19,1,2,3,1,3,"SR-64 (NORTH AVE)","25TH AVE",1261,41.90774167,-87.86428056,0,8,0,0,3,2,0,1,3,1,0,1,0,"0000000",19,19,99,99,99,99,0,0,0,1,0
17,170086,1,1,0,0,0,1,1,31,8075,13,2,2016,7,6,49,1,2,3,1,3,"SR-59  (SUTTON RD)","",404,42.08186944,-88.18970278,0,42,0,0,1,1,0,4,1,99,0,99,0,"0000000",6,49,99,99,88,88,0,0,0,1,0
17,170087,2,2,0,0,0,4,4,163,2962,13,2,2016,7,20,3,1,2,1,1,1,"I-64","",101,38.60355,-90.02146111,0,12,1,0,1,1,0,1,2,1,0,1,0,"0000000",20,3,99,99,99,99,0,0,0,1,0
17,170088,1,1,0,0,0,1,1,197,0,9,2,2016,3,19,17,0,2,4,4,6,"CATON FARM RD","",0,41.56486667,-88.223625,0,34,0,0,1,1,0,4,3,1,0,1,0,"0000000",19,17,99,99,99,99,0,0,0,1,0
17,170089,1,1,0,0,0,2,2,197,6870,14,2,2016,1,2,1,1,2,3,1,3,"SR-50 (GOVERNORS HWY)","",171,41.33131944,-87.78527222,0,43,0,0,1,1,0,4,3,1,0,1,0,"0000000",2,1,99,99,88,88,0,0,0,2,1
17,170090,4,4,0,0,0,9,9,183,0,14,2,2016,1,12,12,1,2,3,1,2,"US-150 (SR-1) (GEORGETOWN RD)","NORMAN ST",2264,40.02254444,-87.63788056,0,12,2,0,3,3,0,1,1,4,0,4,0,"0000000",12,12,99,99,99,99,0,0,0,1,0
17,170091,2,2,0,0,0,2,2,107,0,10,2,2016,4,8,45,0,1,5,2,4,"CR-10 (ELKHART RD) (700TH RD)","200TH AVE",0,40.01988611,-89.55995,0,12,6,0,2,2,0,1,1,1,0,1,0,"0000000",8,45,99,99,99,99,0,0,0,1,0
17,170092,1,1,0,1,1,1,1,31,1670,3,2,2016,4,6,5,0,2,5,4,6,"BROADWAY ST","SURF ST",0,41.93427222,-87.64424722,0,8,0,0,1,1,0,1,3,1,0,1,0,"0000000",6,5,99,99,99,99,0,0,0,1,0
17,170093,2,2,0,0,0,2,2,31,1670,13,2,2016,7,6,50,1,2,1,1,1,"I-290","",250,41.87312222,-87.736175,0,25,0,0,1,1,0,3,1,1,0,1,0,"0000000",6,51,99,99,99,99,0,0,0,1,1
17,170094,3,3,0,0,0,6,6,111,0,16,2,2016,3,17,49,1,1,1,1,1,"I-90","",327,42.19828889,-88.67783056,0,20,0,0,1,1,0,3,3,4,0,4,0,"0000000",17,49,99,99,99,99,0,0,0,2,0
17,170095,1,1,0,0,0,1,1,1,0,8,2,2016,2,9,55,1,1,3,1,3,"SR-61 (THOMAS A OAKLEY HWY)","",62,40.09835278,-91.26304167,0,1,0,0,1,1,0,3,1,10,0,10,0,"0000000",9,55,99,99,99,99,0,0,0,1,0
17,170096,1,1,0,1,1,1,1,43,5980,17,2,2016,4,13,20,0,2,4,4,6,"WASHINGTON ST","BAILEY RD",0,41.74046667,-88.12795278,0,8,0,0,2,2,0,1,1,1,0,1,0,"0000000",13,3,99,99,99,99,0,0,0,1,0
17,170097,1,1,0,0,0,1,1,31,1670,15,2,2016,2,1,20,1,2,1,1,1,"I-94  (DAN RYAN EXPWY)","",618,41.73658611,-87.62456667,0,30,0,0,1,1,0,4,3,1,0,1,0,"0000000",1,23,99,99,99,99,0,0,0,1,1
17,170098,2,1,1,3,3,1,1,43,7500,17,2,2016,4,14,51,0,2,4,1,3,"SR-19 (IRVING PARK RD)","LAWRENCE AVE",109,41.98336389,-88.07101944,0,33,0,0,3,2,0,4,1,1,0,1,0,"0000000",14,52,99,99,99,99,0,0,0,1,0
17,170099,2,2,0,0,0,4,4,73,0,19,2,2016,6,14,35,1,1,1,1,1,"I-74","",168,41.39824444,-90.32898611,0,12,1,0,1,1,0,1,1,6,0,6,0,"0000000",14,35,99,99,99,99,27,0,0,1,0
17,170100,1,1,0,1,1,1,1,31,1670,19,2,2016,6,17,24,0,2,4,4,6,"PULASKI RD","103RD ST",0,41.70589722,-87.72093056,0,8,0,0,2,2,0,1,5,1,0,1,0,"0000000",17,24,99,99,99,99,0,0,0,1,0
17,170101,1,1,0,0,0,2,2,31,7330,19,2,2016,6,2,29,0,2,7,4,6,"KEYSTONE AVE","HAWTHORNE AVE",0,41.886525,-87.82280278,0,39,0,0,3,3,0,4,3,1,0,1,0,"0000000",99,99,99,99,99,99,0,0,0,1,1
17,170102,1,1,0,0,0,2,2,97,7550,19,2,2016,6,17,46,0,2,4,1,3,"SR-134","",35,42.35971667,-88.10333611,0,42,0,0,1,1,0,4,2,1,0,1,0,"0000000",17,46,99,99,99,99,0,0,0,1,1
17,170103,1,1,0,0,0,1,1,75,0,20,2,2016,7,16,24,0,1,5,2,4,"CR-9  (CR-1000)","",0,40.63195278,-87.73395278,0,34,0,0,1,1,0,4,1,1,0,1,0,"0000000",14,10,99,99,99,99,0,0,0,1,0
17,170104,2,2,0,0,0,2,2,83,0,20,2,2016,7,13,10,0,2,4,1,3,"SR-267 (SR-111)","",364,39.00456667,-90.165775,0,12,2,0,1,1,0,1,1,1,0,1,0,"0000000",13,10,99,99,99,99,0,0,0,1,1
17,170105,1,1,0,0,0,1,1,31,8120,21,2,2016,1,3,49,1,2,1,1,1,"I-94  (BISHOP FORD EXPWY)","",743,41.58316667,-87.58331667,0,24,0,0,1,1,0,4,3,1,0,1,0,"0000000",3,49,99,99,88,88,0,0,0,1,1
17,170106,2,2,0,0,0,2,2,93,9630,22,2,2016,2,13,2,1,2,3,1,3,"SR-47 (BRIDGE ST)","",1083,41.64937222,-88.44571111,0,12,8,0,1,1,0,1,1,1,0,1,0,"0000000",13,2,99,99,88,88,0,0,0,1,0
17,170107,2,2,0,0,0,2,2,35,0,24,2,2016,4,11,28,0,1,4,1,3,"SR-130","",709,39.24058611,-88.15496111,0,12,6,0,1,1,0,1,1,4,0,4,0,"0000000",11,28,99,99,88,88,0,0,0,1,0
17,170108,1,1,0,0,0,1,1,99,0,27,2,2016,7,2,28,0,2,5,2,4,"CR-01","",0,41.53818889,-88.86387778,0,42,0,0,1,1,0,4,2,1,0,1,0,"0000000",2,28,99,99,88,88,0,0,0,1,1
17,170109,2,2,0,0,0,3,3,201,5000,25,2,2016,5,21,20,0,2,5,4,6,"WINDSOR RD","",0,42.32597222,-89.00336389,0,12,2,0,1,1,0,1,3,1,0,1,0,"0000000",21,20,99,99,99,99,0,0,0,1,1
17,170110,2,2,0,0,0,3,3,31,1260,26,2,2016,6,16,7,0,2,4,4,6,"RIVER OAKS DR","",0,41.59737222,-87.53275278,0,12,6,0,1,1,0,1,1,1,0,1,0,"0000000",16,7,99,99,88,88,0,0,0,1,0
17,170111,1,1,0,0,0,1,1,117,0,27,2,2016,7,9,44,0,1,5,2,4,"CR-14  (BRIGHTON BUNKER HILL)","",0,39.04689444,-90.01556111,0,34,0,0,1,1,0,4,1,1,0,1,0,"0000000",9,45,99,99,88,88,0,0,0,1,0
17,170112,2,2,0,0,0,6,6,21,0,27,2,2016,7,20,0,0,1,7,1,3,"SR-29","2050N RD",252,39.64772778,-89.37811111,0,12,6,0,2,2,0,1,3,1,0,1,0,"0000000",20,1,99,99,99,99,0,0,0,1,0
17,170113,1,1,0,1,1,1,1,43,3416,28,2,2016,1,20,26,0,2,4,2,6,"CR-5 (GLEN ELLYN RD)","LYNN CT",0,41.9063,-88.06282778,0,8,0,0,3,3,0,1,3,2,0,2,0,"0000000",20,26,99,99,99,99,0,0,0,1,0
17,170114,3,3,0,0,0,5,5,197,7000,20,2,2016,7,17,42,0,2,5,4,6,"RENWICK RD","",0,41.59389444,-88.21608889,0,12,6,0,1,1,0,1,5,1,0,1,0,"0000000",17,42,99,99,99,99,0,0,0,1,1
17,170115,1,1,0,0,0,1,1,107,0,26,2,2016,6,7,3,0,1,7,2,4,"CR-500 (1500TH ST)","",0,40.13555556,-89.22055278,0,34,0,0,1,1,0,4,1,1,0,1,0,"0000000",7,3,99,99,88,88,0,0,0,1,0
17,170116,1,1,0,1,1,1,1,115,2250,27,2,2016,7,10,59,1,2,3,1,3,"SR-48  (PERSHING RD)","",553,39.87634167,-88.96906667,0,8,0,0,1,1,0,1,1,1,0,1,0,"0000000",10,59,10,59,99,99,0,0,0,1,0
17,170118,1,1,0,1,1,1,1,31,3800,27,2,2016,7,14,57,0,2,4,4,6,"LAWRENCE AVE","OCTAVIA",0,41.967225,-87.809625,0,15,0,0,2,3,0,1,1,1,0,1,0,"0000000",14,59,99,99,99,99,0,0,0,1,0
17,170119,1,1,0,0,0,1,1,163,0,28,2,2016,1,18,58,0,1,4,1,3,"SR-4  (SR-15)","",542,38.37166111,-89.72288056,0,35,0,0,1,1,0,4,1,1,0,1,0,"0000000",18,58,99,99,88,88,0,0,0,1,1
17,170120,2,2,0,0,0,3,3,81,0,20,1,2016,4,7,58,1,1,1,1,1,"I-57  (KEN GRAY EXPRESSWAY)","",841,38.17500278,-88.90559444,0,12,2,0,1,1,0,1,1,1,0,1,0,"0000000",7,58,99,99,99,99,0,0,0,1,0
17,170121,2,2,0,0,0,3,3,99,0,25,2,2016,5,21,44,0,1,5,1,3,"SR-251","",428,41.239425,-89.06963611,0,12,2,0,1,1,0,1,3,1,0,1,0,"0000000",21,44,99,99,99,99,0,0,0,1,0
17,170122,1,1,0,1,1,1,1,31,1995,20,2,2016,7,23,26,0,2,4,4,6,"JOLIET RD","",0,41.77025556,-87.88670278,0,8,0,0,1,1,0,1,3,1,0,1,0,"0000000",23,26,99,99,99,99,0,0,0,1,0
17,170123,2,2,0,0,0,5,5,195,3230,14,2,2016,1,12,12,1,1,3,1,3,"SR-84 (WALLER RD)","",419,41.92103611,-90.10798889,0,12,6,0,1,1,0,1,1,1,0,1,0,"0000000",12,12,99,99,99,99,0,0,0,1,0
17,170124,2,2,0,0,0,4,4,31,3080,21,2,2016,1,21,19,0,2,4,4,6,"PULASKI RD (CRAWFORD AVE)","",0,41.53080833,-87.71330556,0,12,6,0,1,1,0,1,2,1,0,1,0,"0000000",21,19,99,99,99,99,0,0,0,2,0
17,170125,2,2,0,0,0,2,2,31,1995,24,2,2016,4,2,25,1,2,1,1,1,"I-55  (STEVENSON EXPWY)","",2788,41.76138333,-87.87109167,0,12,1,0,1,1,0,1,2,1,0,1,0,"0000000",2,30,99,99,88,88,0,0,0,1,1
17,170126,1,1,0,0,0,1,1,163,670,29,2,2016,2,22,13,1,2,3,1,3,"SR-15","",100,38.52563333,-90.03585833,0,21,0,1,19,1,0,4,2,1,0,1,0,"0000000",23,14,99,99,99,99,0,0,0,1,0
17,170127,2,1,1,0,0,1,1,197,0,29,2,2016,2,4,41,0,2,4,1,3,"SR-126","",110,41.607275,-88.24820278,0,43,0,0,1,1,0,5,2,1,0,1,0,"0000000",4,42,99,99,99,99,0,0,0,1,0
17,170128,1,1,0,1,1,1,1,201,7460,29,2,2016,2,18,8,0,2,3,4,6,"CHARLES ST","24TH ST",0,42.25878611,-89.05193611,0,8,0,0,3,3,0,1,3,10,0,10,0,"0000000",18,10,99,99,99,99,0,0,0,1,0
17,170129,2,2,0,0,0,2,2,111,2100,14,2,2016,1,11,58,0,2,4,4,6,"THREE OAKS RD","SANDS RD",0,42.21896667,-88.28233611,0,12,6,0,2,2,0,1,1,4,0,4,0,"0000000",11,58,99,99,88,88,0,0,0,1,0
17,170130,1,1,0,0,0,1,1,189,0,20,2,2016,7,17,14,0,1,4,1,3,"SR-15","",498,38.34650833,-89.41908333,0,1,0,0,1,1,0,4,1,1,0,1,0,"0000000",17,20,99,99,99,99,0,0,0,1,1
17,170131,1,1,0,0,0,1,1,89,0,20,2,2016,7,12,4,0,2,7,3,5,"MCDONALD RD","",0,41.98986111,-88.48406389,0,30,0,0,1,1,0,4,1,1,0,1,0,"0000000",12,4,99,99,99,99,0,0,0,1,0
17,170132,2,2,0,0,0,3,3,119,3550,27,2,2016,7,11,41,1,2,3,1,3,"SR-203 (NAMEOKI RD)","",70,38.73230278,-90.12374444,0,12,2,0,1,1,0,1,1,1,0,1,0,"0000000",11,41,99,99,99,99,0,0,0,1,0
17,170133,2,2,0,0,0,2,2,161,2580,17,2,2016,4,8,31,1,2,3,1,3,"SR-92","7TH ST",377,41.51489167,-90.44496389,0,12,6,0,2,2,0,1,1,1,0,1,0,"0000000",8,31,99,99,99,99,0,0,0,1,0
17,170135,1,1,0,0,0,1,1,31,1670,10,3,2016,5,6,50,0,2,4,4,6,"HALSTED ST","",0,41.74395,-87.64385,0,30,0,0,1,1,0,4,1,1,0,1,0,"0000000",9,40,99,99,88,88,0,0,0,1,1
17,170136,2,2,0,0,0,4,4,137,0,4,3,2016,6,20,54,0,1,4,1,3,"SR-267","",461,39.59941944,-90.22866667,0,12,6,0,1,1,0,1,2,10,0,10,0,"0000000",8,54,99,99,99,99,0,0,0,1,0
17,170137,1,1,0,0,0,1,1,19,0,3,3,2016,5,23,56,0,1,4,1,3,"SR-49","",721,39.97059722,-87.95758611,0,32,0,0,1,1,0,4,2,1,0,1,0,"0000000",23,56,99,99,88,88,0,0,0,1,1
17,170138,1,1,0,0,0,3,3,195,0,5,3,2016,7,23,40,0,1,7,3,5,"ROUND GROVE RD","",0,41.81615278,-89.87194444,0,35,0,0,1,1,0,4,2,1,0,1,0,"0000000",23,42,99,99,99,99,0,0,0,1,0
17,170139,1,1,0,0,0,1,1,185,0,5,3,2016,7,23,54,0,1,7,2,4,"CR-1000","CR-1 (FRIENDSVILLE AVE)",0,38.47238333,-87.79825833,0,1,0,0,3,4,0,4,2,1,0,1,0,"0000000",23,54,99,99,88,88,0,0,0,1,0
17,170140,1,1,0,0,0,4,4,201,0,6,3,2016,1,2,36,1,1,3,1,2,"US-20 (W STATE ST)","",761,42.28641667,-89.39235,0,24,0,0,1,1,0,4,2,1,0,1,0,"0000000",2,36,99,99,99,99,0,0,0,3,1
17,170141,2,2,0,0,0,2,2,41,0,3,3,2016,5,18,8,0,2,4,1,3,"SR-130","",1136,39.81865556,-88.16003056,0,12,2,0,1,1,0,1,2,2,0,2,0,"0000000",18,8,99,99,99,99,0,0,0,1,0
17,170142,1,1,0,1,1,1,1,31,1670,4,3,2016,6,15,10,1,2,3,1,3,"SR-43 (HARLEM AVE)","ALBION AVE",344,42.00083056,-87.80675833,0,8,0,0,2,3,0,1,1,1,0,1,0,"0000000",15,10,99,99,99,99,0,0,0,1,0
17,170143,1,1,0,0,0,1,1,79,0,7,1,2016,5,16,28,0,1,7,3,5,"2050E","CR-10",0,38.85704444,-87.99303889,0,3,0,0,3,3,0,4,9,99,0,99,0,"0000000",16,28,99,99,88,88,5,0,0,1,0
17,170144,2,2,0,0,0,3,3,201,7460,13,2,2016,7,11,3,1,2,3,1,2,"US-20 (STATE ST)","",211,42.26440556,-89.01525556,0,12,2,0,1,1,0,1,1,1,0,1,0,"0000000",11,3,99,99,99,99,0,0,0,1,0
17,170145,1,1,0,1,1,1,1,31,9380,5,2,2016,6,23,6,0,2,7,4,6,"10TH ST","",0,42.07289444,-87.70294167,0,8,0,0,1,1,0,1,2,1,0,1,0,"0000000",23,6,99,99,99,99,0,0,0,1,0
17,170146,1,1,0,0,0,2,2,31,0,5,3,2016,7,3,38,0,2,4,1,3,"SR-171  (ARCHER AVE)","",173,41.718725,-87.89243333,0,42,0,0,1,1,0,4,2,4,0,4,0,"0000000",3,38,99,99,88,88,0,0,0,2,0
17,170147,3,3,0,0,0,3,3,95,0,4,1,2016,2,17,49,0,2,4,1,3,"SR-41","1300N",341,40.90376944,-90.4035,0,12,6,0,2,2,0,1,2,1,0,1,0,"0000000",17,49,99,99,99,99,0,0,0,1,0
17,170148,1,1,0,1,1,1,1,31,6240,20,2,2016,7,23,17,0,2,4,1,6,"LAWRENCE AVE","",0,41.96688889,-87.82254167,0,8,0,0,1,1,0,1,2,1,0,1,0,"0000000",23,23,99,99,88,88,0,0,0,1,0
17,170149,1,1,0,0,0,2,2,75,0,5,3,2016,7,14,24,0,1,4,1,2,"US-52","",1963,40.88897778,-87.77810278,0,1,0,0,1,1,0,1,1,1,0,1,0,"0000000",14,24,99,99,99,99,0,0,0,1,0
17,170150,1,1,0,1,1,1,1,163,2610,9,3,2016,4,18,32,0,2,4,4,6,"STATE ST","POST PL",0,38.61049444,-90.11683056,0,8,0,0,3,3,0,1,1,1,0,1,0,"0000000",18,30,18,42,99,99,0,0,0,1,0
17,170151,1,1,0,0,0,1,1,31,780,10,3,2016,5,15,0,1,2,3,1,3,"SR-43 (HARLEM AVE)","SHENSTONE RD",229,41.83509444,-87.80311111,0,42,0,0,3,3,0,4,1,10,0,10,0,"0000000",15,0,99,99,99,99,0,0,0,1,1
17,170152,1,1,0,0,0,1,1,109,0,10,3,2016,5,20,39,0,1,4,1,3,"SR-41 (SR-9)","",485,40.584325,-90.48583889,0,31,0,0,1,1,0,4,2,1,0,1,0,"0000000",21,14,99,99,88,88,0,0,0,1,1
17,170153,1,1,0,1,1,1,1,89,460,11,3,2016,6,18,16,1,2,3,4,6,"FARNSWORTH AVE","MARSHALL BLVD",0,41.78928889,-88.28194444,0,8,0,0,2,3,0,1,3,1,0,1,0,"0000000",18,16,99,99,99,99,0,0,0,1,0
17,170154,1,1,0,0,0,1,1,105,7070,10,3,2016,5,6,27,0,2,7,4,6,"VERMILLION ST","NORTH ST",0,40.88368056,-88.63608611,0,33,0,0,3,2,0,4,1,1,0,1,0,"0000000",6,27,99,99,88,88,0,0,0,1,0
17,170155,1,1,0,0,0,1,1,95,0,13,3,2016,1,0,51,1,1,1,1,1,"I-74","",348,41.13825556,-90.33230278,0,42,0,0,1,1,0,3,2,2,0,2,0,"0000000",0,53,99,99,88,88,0,0,0,1,1
17,170156,2,2,0,0,0,3,3,163,7763,9,3,2016,4,23,49,1,2,3,1,3,"SR-3 (MISSISSIPPI AVE)","",1429,38.59293889,-90.17548333,0,12,1,0,1,1,0,1,3,1,0,1,0,"846922E",23,49,99,99,99,99,0,0,0,1,0
17,170157,1,1,0,0,0,1,1,197,0,12,3,2016,7,7,43,1,1,3,2,4,"CR-25  (WILMINGTON RD)","",0,41.32258333,-87.94943889,0,34,0,0,1,1,0,4,1,1,0,1,0,"0000000",7,43,99,99,99,99,0,0,0,1,1
17,170158,1,1,0,1,1,1,1,31,1670,1,3,2016,3,20,5,1,2,3,4,6,"STONY ISLAND AVE","E 81ST ST",0,41.74781667,-87.58586667,0,8,0,0,3,2,0,1,2,1,0,1,0,"0000000",20,10,99,99,99,99,0,0,0,1,0
17,170159,2,2,0,0,0,2,2,31,8620,6,3,2016,1,18,5,1,2,1,1,1,"I-80  (MOLINE EXPY)","",1507,41.55807778,-87.76038611,0,12,1,0,1,1,0,1,3,1,0,1,0,"0000000",18,25,99,99,99,99,0,0,0,1,1
17,170160,2,2,0,0,0,2,2,31,1995,9,3,2016,4,22,52,1,2,3,1,2,"US-20 (LAGRANGE RD)","55TH ST",611,41.79048333,-87.86864722,0,12,1,0,2,2,0,1,3,1,0,1,0,"0000000",22,52,99,99,99,99,0,0,0,1,0
17,170161,1,1,0,1,1,1,1,31,2330,14,3,2016,2,16,30,1,2,3,4,6,"TOUHY AVE","MAPLE ST",0,42.00983333,-87.87963889,0,8,0,0,2,2,0,1,1,1,0,1,0,"0000000",16,32,99,99,99,99,0,0,0,1,0
17,170162,1,1,0,0,0,1,1,201,8080,14,3,2016,2,19,49,1,2,3,1,3,"SR-2 (BLACKHAWK BLVD)","WINNEBAGO AVE",709,42.48263611,-89.04131389,0,33,0,0,3,3,0,4,3,1,0,1,0,"0000000",19,49,99,99,99,99,20,0,0,1,1
17,170163,3,3,0,0,0,4,4,183,8610,15,3,2016,3,13,22,1,2,3,1,2,"US-150 (SR-1) (GEORGETOWN RD)","",2220,40.08582778,-87.63516389,0,12,7,0,1,1,0,1,1,1,0,1,0,"0000000",13,24,99,99,99,99,0,0,0,1,1
17,170164,2,2,0,0,0,2,2,53,0,15,3,2016,3,14,18,0,1,5,1,3,"SR-115 (1500E)","800N (LODA LAKE RD)",40,40.51649444,-88.17526944,0,12,6,0,2,2,0,1,1,1,0,1,0,"0000000",14,18,99,99,99,99,0,0,0,1,0
17,170165,2,2,0,0,0,2,2,121,0,16,3,2016,4,9,19,1,1,3,1,2,"US-50","",737,38.61982222,-89.08678889,0,12,8,0,1,1,0,1,1,1,0,1,0,"0000000",9,19,99,99,99,99,0,0,0,1,0
17,170166,1,1,0,0,0,1,1,149,0,19,3,2016,7,8,12,1,1,1,1,1,"I-172","",0,39.75555278,-91.30020556,0,1,0,1,5,1,0,4,1,1,0,1,0,"0000000",8,12,99,99,88,88,0,0,0,1,1
17,170168,2,2,0,0,0,2,2,105,0,16,3,2016,4,18,40,0,2,4,1,3,"SR-17  (3200 RD)","",1451,41.09241389,-88.57246667,0,12,2,0,1,1,0,1,1,1,0,1,0,"0000000",18,48,99,99,99,99,0,0,0,1,0
17,170169,2,2,0,0,0,4,4,31,1670,19,3,2016,7,19,50,1,2,3,4,6,"HAYES DR","CORNELL DR",0,41.78061944,-87.58445278,0,12,6,0,2,2,0,1,3,1,0,1,0,"0000000",19,50,99,99,99,99,0,0,0,1,1
17,170170,3,3,0,0,0,5,5,31,1260,19,3,2016,7,2,28,1,2,1,1,1,"I-94 S/B (BISHOP FORD EXPWY)","",713,41.62356389,-87.57906389,0,12,8,1,18,1,0,1,3,1,0,1,0,"0000000",2,31,99,99,99,99,0,0,0,2,1
17,170171,1,1,0,0,0,2,2,83,0,19,3,2016,7,20,34,0,1,5,3,5,"RANGE LINE RD","",0,39.20615,-90.25770833,0,1,0,0,1,1,0,4,2,1,0,1,0,"0000000",20,34,99,99,99,99,0,0,0,1,1
17,170172,1,1,0,0,0,1,1,89,460,21,3,2016,2,0,8,0,2,7,4,6,"WOODLAWN AVE","",0,41.75554722,-88.32648056,0,18,0,0,1,1,0,4,3,1,0,1,0,"0000000",0,8,99,99,88,88,4,0,0,1,0
17,170173,1,1,0,0,0,3,3,55,0,21,3,2016,2,4,38,1,1,1,1,1,"I-57 S/B","",773,38.07787778,-88.91756111,0,1,0,1,19,1,0,3,2,1,0,1,0,"0000000",4,38,99,99,99,99,0,0,0,1,0
17,170174,1,1,0,0,0,2,2,117,0,21,3,2016,2,16,25,0,1,7,3,5,"CHESTERFIELD RD","",0,39.19326389,-90.05453611,0,38,0,0,1,1,0,4,1,1,0,1,0,"0000000",16,29,99,99,99,99,0,0,0,1,1
17,170175,3,3,0,0,0,3,3,31,9370,11,2,2016,5,6,49,0,2,7,4,6,"87TH ST","",0,41.73212778,-87.86791389,0,12,8,0,1,1,0,1,1,1,0,1,0,"0000000",6,49,99,99,99,99,0,0,0,1,0
17,170176,1,1,0,0,0,1,1,89,2690,23,3,2016,4,1,24,0,2,7,4,6,"COOPER AVE","BELLEVUE AVE",0,42.05499444,-88.27318056,0,30,0,0,3,2,0,4,3,1,0,1,0,"0000000",1,25,99,99,99,99,0,0,0,1,1
17,170177,1,1,0,0,0,1,1,127,0,23,3,2016,4,18,41,0,1,5,2,4,"CR-1 (NEW COLUMBIA RD)","",0,37.31256944,-88.78159722,0,42,0,0,1,1,0,4,5,1,0,1,0,"0000000",18,41,99,99,88,88,0,0,0,1,1
17,170178,2,2,0,0,0,4,4,99,6630,23,3,2016,4,11,47,0,2,5,3,5,"CHAMPLAIN ST","",0,41.36030833,-88.828,0,12,6,0,8,1,0,1,1,1,0,1,0,"0000000",11,47,99,99,99,99,0,0,0,1,0
17,170179,1,1,0,1,1,1,1,29,0,23,3,2016,4,6,30,0,1,5,2,4,"CR-20 (COOK'S MILL RD)","",0,39.502275,-88.3966,0,9,0,0,1,1,0,1,2,1,0,1,0,"0000000",6,32,99,99,88,88,0,0,0,1,0