"STATE","ST_CASE","VE_TOTAL","VE_FORMS","PVH_INVL","PEDS","PERNOTMVIT","PERMVIT","PERSONS","COUNTY","CITY","DAY","MONTH","YEAR","DAY_WEEK","HOUR","MINUTE","NHS","RUR_URB","FUNC_SYS","RD_OWNER","ROUTE","TWAY_ID","TWAY_ID2","MILEPT","LATITUDE","LONGITUD","SP_JUR","HARM_EV","MAN_COLL","RELJCT1","RELJCT2","TYP_INT","WRK_ZONE","REL_ROAD","LGT_COND","WEATHER1","WEATHER2","WEATHER","SCH_BUS","RAIL","NOT_HOUR","NOT_MIN","ARR_HOUR","ARR_MIN","HOSP_HR","HOSP_MN","CF1","CF2","CF3","FATALS","DRUNK_DR"
17,170180,1,1,0,0,0,3,3,183,0,24,3,2016,5,1,4,1,1,1,1,1,"I-74","",2024,40.12433056,-87.8523,0,57,0,0,1,1,1,3,2,1,0,1,0,"0000000",1,4,99,99,99,99,0,0,0,1,0
17,170181,2,2,0,0,0,2,2,1,7180,26,3,2016,7,19,42,0,2,5,4,6,"54TH ST","",0,39.941125,-91.32971111,0,12,6,0,8,1,0,1,3,1,0,1,0,"0000000",19,42,99,99,99,99,0,0,0,1,0
17,170182,1,1,0,0,0,1,1,43,0,27,3,2016,1,20,30,1,2,1,31,1,"I-335 (VETERANS MEMORIAL TOLL)","",154,41.74554722,-88.03500278,0,25,0,0,1,1,0,4,3,1,0,1,0,"0000000",20,30,99,99,88,88,0,0,0,1,1
17,170183,1,1,0,1,1,1,1,145,6960,6,3,2016,1,2,40,1,2,3,1,3,"SR-13  (SR-127) (MAIN ST)","",579,38.07603889,-89.38201944,0,8,0,0,1,1,0,1,3,1,0,1,0,"0000000",2,40,99,99,99,99,0,0,0,1,1
17,170185,1,1,0,1,1,1,1,81,5900,24,3,2016,5,13,57,1,2,3,1,3,"SR-37  (10TH ST)","",949,38.31233333,-88.90302222,0,15,0,0,1,1,0,1,1,1,0,1,0,"0000000",13,57,99,99,99,99,0,0,0,1,0
17,170186,1,1,0,0,0,1,1,31,5040,28,3,2016,2,2,24,0,2,4,4,6,"47TH ST","",0,41.807775,-87.80476389,0,43,0,0,1,1,0,4,2,1,0,1,0,"0000000",2,24,99,99,99,99,0,0,0,1,1
17,170187,1,1,0,1,1,1,1,51,0,28,3,2016,2,5,50,0,1,5,1,2,"US-40","",831,39.02814167,-88.83492778,0,9,0,0,1,1,0,1,2,1,0,1,0,"0000000",5,57,99,99,88,88,0,0,0,1,0
17,170188,2,2,0,0,0,2,2,27,4460,20,3,2016,1,22,1,0,1,5,2,4,"CR-2  (EMERALD RD)","",0,38.72563333,-89.29143889,0,12,2,0,1,1,0,1,3,1,0,1,0,"0000000",22,1,99,99,99,99,0,0,0,1,1
17,170189,2,2,0,0,0,3,3,91,4380,29,3,2016,3,21,26,1,2,3,1,2,"US-45 (US-52)","I-57 S/B RAMP TO US-45",3223,41.07779722,-87.869175,0,12,6,1,2,3,0,1,3,1,0,1,0,"0000000",21,26,99,99,99,99,0,0,0,1,1
17,170190,2,2,0,0,0,2,2,99,0,30,3,2016,4,15,45,0,1,4,1,2,"US-52","E 2603 RD",1086,41.485675,-88.66891389,0,12,6,0,2,2,0,1,1,1,0,1,0,"0000000",15,47,99,99,99,99,0,0,0,1,0
17,170191,2,2,0,0,0,2,2,163,0,12,3,2016,7,8,0,0,1,5,2,4,"CR-J19 (DOUGLAS RD)","",0,38.42472222,-90.00085,0,12,1,0,1,1,0,1,1,1,0,1,0,"0000000",8,0,99,99,99,99,0,0,0,1,0
17,170192,2,2,0,0,0,2,2,89,0,29,3,2016,3,10,17,0,2,4,1,3,"SR-31 (BATAVIA AVE)","",102,41.81976944,-88.32667778,0,12,2,0,1,1,0,1,1,1,0,1,0,"0000000",10,17,99,99,99,99,0,0,0,1,0
17,170193,1,1,0,0,0,4,4,97,9100,30,3,2016,4,20,12,0,2,7,4,6,"MARTIN LUTHER KING JR AVE","",0,42.36395833,-87.83384722,0,33,0,0,1,1,0,4,3,2,0,2,0,"0000000",20,12,99,99,99,99,0,0,0,1,0
17,170194,1,1,0,0,0,1,1,147,0,13,3,2016,1,6,30,0,1,5,2,4,"CR-4  (RIDGE RD)","",0,40.02546389,-88.49148333,0,35,0,0,1,1,0,4,2,5,0,5,0,"0000000",7,1,99,99,88,88,0,0,0,1,1
17,170195,1,1,0,0,0,1,1,99,0,31,3,2016,5,8,53,1,1,1,1,1,"I-39 (US-51)","",649,41.44455,-89.05823611,0,1,0,0,1,1,0,3,1,1,0,1,0,"0000000",8,53,99,99,88,88,0,0,0,1,0
17,170197,1,1,0,0,0,1,1,201,0,14,3,2016,2,20,43,0,2,7,3,5,"OLD RIVER RD","COLLINGSWOOD",0,42.353925,-89.07253611,0,1,0,0,3,4,0,1,2,1,0,1,0,"0000000",20,43,99,99,99,99,0,0,0,1,1
17,170198,1,1,0,0,0,1,1,103,0,28,3,2016,2,12,25,0,1,4,1,2,"US-30","",358,41.75821111,-89.53637222,0,35,0,0,1,1,0,4,1,1,0,1,0,"0000000",12,29,99,99,99,99,0,0,0,1,0
17,170199,2,2,0,0,0,2,2,63,0,31,3,2016,5,1,55,1,1,1,1,1,"I-55 N/B","",2195,41.11631944,-88.418825,0,12,1,1,18,1,0,1,2,1,0,1,0,"0000000",1,59,99,99,99,99,0,0,0,1,1
17,170200,2,2,0,0,0,4,4,49,0,1,4,2016,6,19,20,1,1,1,1,1,"I-70","",911,39.06765556,-88.66893889,0,12,1,0,1,1,1,1,5,1,0,1,0,"0000000",19,20,99,99,99,99,3,19,0,1,0
17,170201,2,2,0,0,0,2,2,163,0,1,4,2016,6,6,1,1,1,3,1,3,"SR-161  (CARYLE AVE)","SHILOH STATION RD",112,38.51948333,-89.90146111,0,12,6,0,3,3,0,1,3,1,0,1,0,"0000000",6,3,99,99,99,99,0,0,0,1,1
17,170202,1,1,0,0,0,1,1,163,2610,1,4,2016,6,3,25,1,2,1,1,1,"I-64 W/B RAMP TO SR-3","",6,38.61609722,-90.17115833,0,24,0,1,5,1,0,4,3,1,0,1,0,"0000000",3,25,99,99,88,88,0,0,0,1,1
17,170203,2,2,0,0,0,3,3,75,0,1,4,2016,6,18,23,1,1,1,1,1,"I-57 S/B RAMP TO REST STOP","",2691,40.56299167,-88.06075,0,12,1,0,20,1,0,1,5,2,0,2,0,"0000000",18,23,99,99,99,99,0,0,0,1,0
17,170204,1,1,0,0,0,1,1,37,2280,3,4,2016,1,15,3,0,2,7,4,6,"GREEN ST","",0,41.63416944,-88.68419167,0,10,0,0,6,1,0,1,1,1,0,1,0,"079609K",15,3,99,99,88,88,0,0,0,1,0
17,170205,1,1,0,1,1,2,2,31,8030,4,4,2016,2,10,21,0,2,7,4,6,"E PRAIRIE RD","",0,42.02246111,-87.72664167,0,10,0,0,6,1,0,1,1,10,0,10,0,"861286W",10,21,99,99,99,99,0,0,0,1,0
17,170206,1,1,0,0,0,1,1,85,0,4,4,2016,2,20,10,1,1,3,1,2,"US-20","",78,42.46206944,-90.52078611,0,1,0,0,1,1,0,4,2,1,0,1,0,"0000000",20,16,99,99,99,99,0,0,0,1,0
17,170207,1,1,0,0,0,1,1,97,0,3,4,2016,1,11,30,1,2,3,1,2,"US-45  (LAKE ST)","",4168,42.37641111,-88.00400833,0,32,0,0,1,1,0,4,9,1,0,1,0,"0000000",11,39,99,99,88,88,18,0,0,1,1
17,170208,1,1,0,0,0,1,1,77,0,3,4,2016,1,17,35,1,1,3,1,3,"SR-149","",13,37.76403889,-89.445125,0,1,0,0,1,1,0,4,1,1,0,1,0,"0000000",17,35,99,99,88,88,2,0,0,1,1
17,170209,1,1,0,0,0,1,1,89,0,7,4,2016,5,9,6,0,2,7,3,5,"LENSCHOW RD","",0,42.06653611,-88.55038611,0,42,0,0,1,1,0,5,1,1,0,1,0,"0000000",9,6,99,99,99,99,0,0,0,1,0
17,170211,1,1,0,0,0,1,1,89,0,3,4,2016,1,20,27,0,2,5,2,4,"CR-26 (HUGHES RD)","",0,41.86198889,-88.42696667,0,34,0,0,1,1,0,4,2,1,0,1,0,"0000000",20,27,99,99,99,99,0,0,0,1,1
17,170212,2,2,0,0,0,2,2,89,0,10,4,2016,1,12,39,0,2,5,3,5,"HANKES RD","",0,41.77894444,-88.42396944,0,12,6,0,1,1,0,1,1,2,0,2,0,"0000000",12,39,99,99,99,99,0,0,0,1,0
17,170213,3,3,0,0,0,3,3,197,4001,9,4,2016,7,5,0,0,2,5,4,6,"151ST ST","",0,41.61330833,-87.98839167,0,12,2,0,1,1,0,1,2,1,0,1,0,"0000000",5,0,99,99,99,99,0,0,0,2,0
17,170214,1,1,0,0,0,1,1,149,0,5,4,2016,3,16,15,0,1,6,3,5,"270TH AVE","",0,39.64938333,-90.76700556,0,42,0,0,1,1,0,4,1,1,0,1,0,"0000000",10,59,99,99,99,99,18,0,0,1,0
17,170215,1,1,0,0,0,1,1,155,0,16,4,2016,7,4,15,0,1,5,1,3,"SR-26","",320,41.12693333,-89.31384167,0,34,0,0,1,1,0,4,2,1,0,1,0,"0000000",13,56,99,99,88,88,0,0,0,1,0
17,170216,1,1,0,0,0,2,2,1,7180,17,4,2016,1,15,38,1,2,3,1,2,"US-24","",24,39.96031944,-91.40944167,0,1,0,0,1,1,0,4,1,1,0,1,0,"0000000",15,38,99,99,99,99,0,0,0,1,0
17,170217,1,1,0,0,0,1,1,153,0,13,4,2016,4,22,15,0,2,7,3,5,"TAMMIS RD","",0,37.24359444,-89.24021111,0,1,0,0,1,1,0,4,2,1,0,1,0,"0000000",22,15,99,99,88,88,0,0,0,1,1
17,170218,1,1,0,0,0,2,2,107,0,8,4,2016,6,0,6,0,1,5,2,4,"CR-22 (600TH RD)","",0,40.17955,-89.48576111,0,42,0,0,1,1,0,4,2,10,0,10,0,"0000000",0,6,99,99,88,88,0,0,0,2,1
17,170219,1,1,0,0,0,2,2,31,1995,1,4,2016,6,8,16,1,2,1,31,1,"I-294","",302,41.75854722,-87.88515278,0,42,0,1,19,1,0,4,3,1,0,1,0,"0000000",8,16,99,99,99,99,0,0,0,1,1
17,170220,1,1,0,0,0,2,2,83,0,1,4,2016,6,15,11,0,1,7,3,5,"MCCOY RD","FESSLER RD",0,38.96295833,-90.32588611,0,44,0,0,3,4,0,4,1,1,0,1,0,"0000000",15,11,99,99,99,99,0,0,0,1,0
17,170221,2,2,0,0,0,3,3,197,0,14,4,2016,5,15,10,1,2,1,1,1,"I-55","",2668,41.68271667,-88.07238889,0,12,6,0,1,1,0,1,1,1,0,1,0,"0000000",15,14,99,99,99,99,0,0,0,1,1
17,170222,1,1,0,0,0,1,1,107,0,9,4,2016,7,3,41,0,1,5,2,4,"CR-6  (BEASON RD)","",0,40.25938056,-89.20574167,0,34,0,0,1,1,0,4,2,1,0,1,0,"0000000",3,41,99,99,88,88,0,0,0,1,1
17,170223,1,1,0,1,1,1,1,163,670,1,4,2016,6,0,55,1,2,3,1,3,"SR-161","",39,38.55380278,-90.01668333,0,8,0,0,1,1,0,1,2,1,0,1,0,"0000000",0,58,99,99,99,99,0,0,0,1,0
17,170224,2,2,0,0,0,2,2,163,0,12,4,2016,3,5,40,1,1,3,1,2,"US-50","",352,38.60435556,-89.76511111,0,12,2,0,1,1,0,1,2,1,0,1,0,"0000000",5,40,99,99,88,88,0,0,0,1,0
17,170225,1,1,0,0,0,2,2,189,0,19,4,2016,3,9,8,0,1,4,1,3,"SR-15","",554,38.34400833,-89.31738889,0,34,0,0,1,1,0,4,1,1,0,1,0,"0000000",9,8,99,99,99,99,0,0,0,1,0
17,170226,2,2,0,0,0,4,4,45,0,20,4,2016,4,15,54,0,1,4,1,3,"SR-133","CR-11 (SHILO RD)",430,39.63734722,-87.85328333,0,12,6,0,2,3,0,1,1,2,0,2,0,"0000000",15,54,99,99,99,99,0,0,0,1,0
17,170227,1,1,0,0,0,1,1,165,0,22,4,2016,6,9,12,0,1,4,1,2,"US-45","",568,37.68691111,-88.61291111,0,53,0,0,1,1,0,4,1,10,0,10,0,"0000000",9,15,99,99,88,88,0,0,0,1,1
17,170228,1,1,0,0,0,1,1,95,3260,23,4,2016,7,6,3,1,2,2,1,2,"US-34","",457,40.98081389,-90.37840833,0,24,0,1,19,1,0,3,4,1,0,1,0,"0000000",6,20,99,99,99,99,0,0,0,1,1
17,170229,2,2,0,0,0,2,2,105,0,14,3,2016,2,20,40,1,1,1,1,1,"I-55","",1894,40.77704167,-88.710075,0,12,2,0,1,1,0,1,2,1,0,1,0,"0000000",20,41,99,99,88,88,0,0,0,2,1
17,170230,1,1,0,0,0,1,1,111,0,24,4,2016,1,23,33,0,2,4,2,4,"CR-V45 (RIVER RD)","BLACK PARTRIDGE RD",0,42.31894444,-88.24819722,0,24,0,0,3,4,0,4,3,1,0,1,0,"0000000",23,33,23,22,88,88,0,0,0,1,1
17,170231,1,1,0,1,1,1,1,163,6460,18,3,2016,6,11,18,0,2,7,4,6,"MEDDOWS LN","",0,38.58106944,-89.95086667,0,8,0,0,8,1,0,1,1,1,0,1,0,"0000000",11,18,99,99,99,99,0,0,0,1,0
17,170232,2,2,0,0,0,3,3,197,0,15,3,2016,3,14,41,0,2,7,1,7,"I-55 E FRONTAGE RD","",0,41.32006667,-88.19026944,0,12,2,0,1,1,0,1,1,1,0,1,0,"0000000",14,41,99,99,99,99,0,0,0,1,0
17,170233,1,1,0,0,0,1,1,83,0,18,4,2016,2,16,50,0,1,7,3,5,"WITT MILL RD","",0,39.16127222,-90.33196944,0,1,0,0,1,1,0,4,1,1,0,1,0,"0000000",16,50,99,99,88,88,0,0,0,1,1
17,170234,2,2,0,0,0,2,2,199,5250,22,4,2016,6,14,40,1,2,3,1,3,"SR-13  (DEYOUNG ST)","I-57",1028,37.74051944,-88.95811944,0,12,1,0,3,2,0,1,1,1,0,1,0,"0000000",14,40,99,99,99,99,0,0,0,1,0
17,170235,2,2,0,0,0,3,3,121,1510,19,1,2016,3,14,48,1,2,3,1,2,"US-51  (ELM ST)","2ND ST",1160,38.52585278,-89.13175,0,12,6,0,3,2,0,1,1,1,0,1,0,"0000000",14,48,99,99,99,99,0,0,0,1,0
17,170236,1,1,0,1,1,1,1,31,6650,2,3,2016,4,0,58,0,2,3,4,6,"QUENTIN RD","WOOD ST",0,42.11495278,-88.06311111,0,8,0,0,3,2,0,1,3,1,0,1,0,"0000000",0,58,99,99,99,99,0,0,0,1,1
17,170237,2,2,0,0,0,5,5,31,3996,3,3,2016,5,20,14,1,2,3,1,3,"SR-72","HUNTINGTON BLVD",927,42.05361111,-88.12036111,0,12,6,0,3,2,0,1,2,1,0,1,0,"0000000",20,17,99,99,99,99,0,0,0,1,0
17,170238,1,1,0,1,1,2,2,113,840,20,3,2016,1,19,46,1,2,3,1,2,"US-51 (MAIN ST)","WOOD ST",59,40.47142222,-88.99324444,0,15,0,0,2,2,0,1,3,1,0,1,0,"0000000",19,46,99,99,99,99,0,0,0,1,0
17,170239,1,1,0,0,0,2,2,193,0,26,3,2016,7,23,53,0,1,7,2,4,"CR-21 (850N)","1775E",0,37.99975556,-88.04731944,0,34,0,0,3,3,0,4,2,1,0,1,0,"0000000",23,53,99,99,88,88,0,0,0,2,0
17,170240,1,1,0,0,0,7,7,89,2690,25,3,2016,6,7,12,1,2,1,31,1,"I-90","",557,42.06639722,-88.268475,0,20,0,0,1,1,1,3,1,1,0,1,0,"0000000",7,13,99,99,99,99,3,0,0,1,0
17,170241,2,2,0,0,0,2,2,141,6580,30,3,2016,4,15,25,1,2,3,1,3,"SR-2  (GALE ST)","4TH ST",280,42.00610833,-89.33318056,0,12,6,0,3,3,0,1,1,1,0,1,0,"0000000",15,25,99,99,88,88,0,0,0,1,0
17,170242,2,2,0,1,1,1,1,31,3996,14,4,2016,5,0,53,1,2,1,31,1,"I-90","",637,42.06669167,-88.11690556,0,12,1,0,1,1,1,1,2,1,0,1,0,"0000000",0,53,99,99,99,99,15,17,23,1,0
17,170243,1,1,0,0,0,1,1,57,0,17,4,2016,1,22,18,0,1,4,1,3,"SR-95","",105,40.48069167,-90.31494722,0,1,0,0,1,1,0,4,2,1,0,1,0,"0000000",22,18,99,99,88,88,0,0,0,1,0
17,170244,3,3,0,0,0,4,4,157,0,18,4,2016,2,8,55,0,1,4,1,3,"SR-4 (SR-150)","",274,38.01271667,-89.68950833,0,12,8,0,1,1,0,1,1,1,0,1,0,"0000000",8,58,99,99,99,99,0,0,0,2,0
17,170245,2,2,0,0,0,2,2,115,2250,16,4,2016,7,10,38,1,2,3,1,2,"US-51  (BLOOMINGTON RD)","RUEHL ST",2241,39.93242222,-88.95556111,0,12,6,0,3,2,0,1,1,1,0,1,0,"0000000",10,38,99,99,99,99,0,0,0,1,0
17,170246,1,1,0,1,1,1,1,201,7460,18,4,2016,2,20,33,1,2,3,1,2,"US-20 (STATE ST)","LYNMAR CT",201,42.26521389,-89.03493056,0,8,0,0,2,3,0,1,3,1,0,1,0,"0000000",20,33,99,99,99,99,0,0,0,1,0
17,170247,1,1,0,0,0,1,1,11,0,17,4,2016,1,16,5,0,1,5,2,4,"CR-10  (100E RD)","",0,41.34277778,-89.83819167,0,34,0,0,1,1,0,4,1,1,0,1,0,"0000000",16,5,99,99,88,88,0,0,0,1,0
17,170248,1,1,0,0,0,1,1,201,7460,20,4,2016,4,17,53,0,2,7,4,6,"FEATHERSTONE RD","",0,42.27727778,-88.99666944,0,33,0,0,1,1,0,4,1,1,0,1,0,"0000000",17,54,99,99,88,88,0,0,0,1,0
17,170249,1,1,0,0,0,1,1,7,0,21,4,2016,5,14,38,0,1,7,3,5,"FLORA RD","BATES RD",0,42.19683611,-88.84178056,0,42,0,0,3,3,0,4,1,1,0,1,0,"0000000",14,38,99,99,99,99,0,0,0,1,0
17,170250,2,2,0,0,0,2,2,49,0,24,4,2016,1,6,15,0,1,5,1,3,"SR-37","",1487,38.96696111,-88.60762222,0,12,8,0,1,1,0,1,1,5,0,5,0,"0000000",6,18,99,99,88,88,0,0,0,1,0
17,170251,1,1,0,0,0,1,1,93,9630,23,4,2016,7,23,24,0,1,4,2,4,"CR-9  (GALENA RD)","",0,41.70989444,-88.46786389,0,42,0,0,1,1,0,4,2,1,0,1,0,"0000000",23,25,99,99,88,88,0,0,0,1,0
17,170253,1,1,0,0,0,1,1,31,1670,16,4,2016,7,8,40,1,2,1,1,1,"I-290 (SR-110)(EISENHOWER)","",246,41.8718,-87.74453333,0,25,0,0,1,1,0,3,1,1,0,1,0,"0000000",8,41,99,99,88,88,0,0,0,1,0
17,170254,2,2,0,0,0,2,2,43,0,25,4,2016,2,16,29,1,2,1,31,1,"I-88 (SR-110)(REAGAN MEMORIAL)","",1276,41.80609167,-88.11800278,0,12,1,0,1,1,0,1,1,1,0,1,0,"0000000",16,34,99,99,99,99,28,0,0,1,0
17,170255,1,1,0,0,0,1,1,107,0,27,4,2016,4,19,38,0,1,7,3,5,"600TH ST (COUNTY RD 600)","",0,40.00446389,-89.30433056,0,43,0,0,1,1,0,4,5,10,0,10,0,"0000000",19,38,99,99,88,88,0,0,0,1,1
17,170256,1,1,0,0,0,1,1,143,6850,30,4,2016,7,19,33,1,2,2,1,3,"SR-6","",70,40.80529722,-89.60303333,0,35,0,0,1,1,0,3,1,2,0,2,0,"0000000",19,34,99,99,88,88,0,0,0,1,0
17,170257,1,1,0,0,0,1,1,37,0,29,4,2016,6,23,14,0,1,5,2,4,"CR-12 (SOMONAUK RD)","",0,41.865275,-88.688925,0,1,0,0,1,1,0,4,2,1,0,1,0,"0000000",23,14,99,99,88,88,0,0,0,1,0
17,170259,2,2,0,0,0,2,2,143,0,16,4,2016,7,15,3,1,2,3,1,3,"SR-40","WOODSIDE RD",118,40.83436111,-89.61797222,0,12,6,0,2,2,0,1,1,1,0,1,0,"0000000",15,4,99,99,99,99,0,0,0,1,0
17,170260,1,1,0,2,2,1,1,31,1670,30,4,2016,7,22,47,0,2,4,4,6,"ARCHER AVE","S LAVERGNE AVE",0,41.79797778,-87.74774722,0,8,0,0,3,3,0,1,3,2,0,2,0,"0000000",22,48,99,99,99,99,0,0,0,1,1
17,170261,1,1,0,0,0,1,1,31,1670,23,4,2016,7,2,45,1,2,3,1,6,"WESTERN","",0,41.71644444,-87.68192222,0,30,0,0,1,1,0,4,3,1,0,1,0,"0000000",2,52,99,99,88,88,0,0,0,1,0
17,170262,1,1,0,0,0,1,1,77,2730,1,5,2016,1,14,13,0,2,7,4,6,"WEST ST","",0,37.913,-89.24019444,0,42,0,0,1,1,0,4,1,1,0,1,0,"0000000",14,13,99,99,99,99,0,0,0,1,0
17,170263,1,1,0,0,0,2,2,59,0,4,4,2016,2,10,40,1,1,3,1,3,"SR-13","",1380,37.74388333,-88.33474444,0,44,0,0,1,1,1,1,1,1,0,1,0,"0000000",10,45,99,99,99,99,3,0,0,1,0
17,170264,1,1,0,1,1,1,1,199,0,2,5,2016,2,1,18,0,1,4,1,5,"MAIN ST","",0,37.73020278,-89.02010556,0,8,0,0,1,1,0,1,2,1,0,1,0,"0000000",1,19,99,99,88,88,0,0,0,1,0
17,170265,1,1,0,0,0,1,1,135,0,1,5,2016,1,4,30,1,1,3,1,3,"SR-16","",813,39.29250556,-89.29939722,0,32,0,0,1,1,0,4,2,1,0,1,0,"0000000",4,55,99,99,88,88,0,0,0,1,1
17,170266,2,2,0,0,0,3,3,197,0,1,5,2016,1,6,30,0,2,5,3,5,"PRINCETON ST","FAIRMOUNT AVE",0,41.55621944,-88.061475,0,12,6,0,3,2,0,1,4,5,0,5,0,"0000000",6,30,99,99,99,99,0,0,0,1,2
17,170267,1,1,0,0,0,2,2,111,0,3,5,2016,3,18,29,1,2,3,1,3,"SR-120 (RAND RD)","",153,42.34095278,-88.23579444,0,33,0,0,1,1,0,4,1,1,0,1,0,"0000000",18,29,99,99,99,99,0,0,0,1,1
17,170268,1,1,0,0,0,1,1,43,740,28,4,2016,5,13,26,0,2,7,4,6,"ADDISON ST","",0,41.95357222,-87.94252778,0,30,0,0,1,1,0,4,1,1,0,1,0,"0000000",13,26,99,99,99,99,0,0,0,1,0
17,170269,2,2,0,0,0,2,2,45,0,4,5,2016,4,8,51,1,1,3,1,3,"SR-1 (CHICAGO RD)","",1624,39.52103333,-87.67739167,0,12,2,0,1,1,0,1,1,1,0,1,0,"0000000",8,52,99,99,99,99,0,0,0,1,0
17,170270,4,4,0,0,0,4,4,31,1670,6,5,2016,6,7,37,1,2,1,1,1,"I-90","",813,41.982225,-87.80574722,0,12,6,1,18,1,0,1,1,1,0,1,0,"0000000",7,37,99,99,99,99,0,0,0,1,0
17,170271,3,3,0,0,0,3,3,119,3550,25,4,2016,2,15,30,1,2,3,1,3,"SR-203 (NAMEOKI RD)","MADISON",63,38.718325,-90.12261111,0,12,2,0,3,2,0,1,1,1,0,1,0,"0000000",15,30,99,99,99,99,0,0,0,1,0
17,170272,2,2,0,0,0,3,3,31,980,1,5,2016,1,20,8,1,2,3,1,3,"SR-43 (HARLEM AVE)","87TH ST",157,41.73349444,-87.79911667,0,12,6,0,2,2,0,1,3,2,0,2,0,"0000000",20,8,99,99,99,99,0,0,0,1,0
17,170273,1,1,0,0,0,1,1,55,0,7,5,2016,7,7,35,1,2,1,1,1,"I-57 (KEN GRAY EXPWY)","",710,37.98902222,-88.93525833,0,35,0,0,1,1,0,4,1,1,0,1,0,"0000000",7,35,99,99,99,99,0,0,0,1,0
17,170274,1,1,0,0,0,1,1,77,0,7,5,2016,7,14,39,1,1,3,1,3,"SR-149","",55,37.77181667,-89.37226944,0,42,0,0,1,1,0,4,1,1,0,1,0,"0000000",14,39,99,99,99,99,0,0,0,1,0
17,170275,1,1,0,0,0,2,2,115,2250,8,5,2016,1,2,39,0,2,4,4,6,"ML KING JR DR","KELLAR",0,39.86575833,-88.95021111,0,30,0,0,3,3,0,4,3,2,0,2,0,"0000000",2,39,99,99,99,99,0,0,0,1,1
17,170277,1,1,0,0,0,1,1,31,1670,8,5,2016,1,5,25,1,2,3,4,6,"CORNELL DR","",0,41.77476667,-87.58496667,0,33,0,0,1,1,0,4,4,1,0,1,0,"0000000",5,27,99,99,99,99,0,0,0,1,0
17,170278,2,2,0,0,0,2,2,115,2250,7,5,2016,7,23,2,1,2,3,1,3,"SR-48 (OAKLAND AVE)","HARRISON AVE",542,39.86362778,-88.97293056,0,12,6,0,2,3,0,1,3,1,0,1,0,"0000000",23,2,99,99,99,99,20,0,0,1,1
17,170279,2,2,0,0,0,3,3,95,0,4,5,2016,4,14,45,0,1,4,1,3,"SR-41","175E",283,40.820375,-90.40496667,0,12,1,0,2,3,0,1,1,1,0,1,0,"0000000",14,45,99,99,88,88,0,0,0,1,0
17,170280,2,2,0,0,0,3,3,31,1670,6,5,2016,6,22,26,1,2,3,1,2,"US-41 (LAKE SHORE DRIVE)","",76,41.79128056,-87.57984167,0,12,7,0,1,1,0,1,3,1,0,1,0,"0000000",22,27,99,99,99,99,0,0,0,1,1
17,170281,1,1,0,1,1,1,1,97,9997,5,5,2016,5,2,38,1,2,3,1,2,"US-12 (RAND RD)","",176,42.31073611,-88.16494444,0,8,0,0,1,1,0,1,2,10,0,10,0,"0000000",2,39,99,99,88,88,0,0,0,1,1
17,170282,2,2,0,0,0,2,2,37,0,6,5,2016,6,6,26,0,1,4,1,3,"SR-23","CHICAGO RD",696,41.703475,-88.75230278,0,12,6,0,2,2,0,1,1,1,0,1,0,"0000000",6,26,99,99,99,99,0,0,0,1,0
17,170283,2,2,0,0,0,7,7,197,4300,8,5,2016,1,20,15,0,2,5,4,6,"5TH AVE","GARDNER ST",0,41.51512222,-88.07878889,0,12,6,0,2,2,0,1,5,1,0,1,0,"0000000",20,15,99,99,99,99,0,0,0,1,0
17,170284,1,1,0,0,0,1,1,31,9210,10,5,2016,3,2,30,1,2,1,31,1,"I-294","",264,41.80460278,-87.911275,0,25,0,0,1,1,0,3,3,2,0,2,0,"0000000",2,30,99,99,88,88,0,0,0,1,0
17,170285,1,1,0,0,0,1,1,11,7910,11,5,2016,4,1,46,0,1,4,1,2,"US-6 (RAILROAD ST)","",457,41.35969722,-89.74266944,0,33,0,0,1,1,0,4,2,5,0,5,0,"0000000",1,46,99,99,99,99,0,0,0,1,1
17,170286,2,2,0,0,0,2,2,31,1670,5,5,2016,5,21,32,1,2,3,1,3,"SR-43 (HARLEM AVE)","",188,41.77668056,-87.80090278,0,12,2,0,1,1,0,1,3,1,0,1,0,"0000000",21,34,99,99,99,99,0,0,0,1,1
17,170287,1,1,0,0,0,1,1,133,0,7,5,2016,7,20,14,0,1,4,1,3,"SR-156","",27,38.31150833,-90.22718889,0,1,0,0,1,1,0,4,2,1,0,1,0,"0000000",20,14,99,99,99,99,0,0,0,1,1
17,170288,2,2,0,0,0,2,2,31,1270,13,5,2016,6,18,10,1,2,3,1,3,"SR-83 (SIBLEY BLVD)","",88,41.62276667,-87.56423333,0,12,8,0,8,1,0,1,1,2,0,2,0,"0000000",18,10,99,99,99,99,0,0,0,1,0
17,170289,1,1,0,1,1,1,1,29,1590,13,5,2016,6,20,57,1,2,3,1,3,"SR-16 (CHARLESTON RD)","HEALTH CENTER DR",1416,39.48447222,-88.27596667,0,8,0,0,3,2,0,1,2,2,0,2,0,"0000000",20,58,99,99,88,88,0,0,0,1,0
17,170292,1,1,0,0,0,1,1,167,0,11,5,2016,4,16,58,0,1,4,1,3,"SR-97","",131,39.89937778,-89.81135,0,31,0,0,1,1,0,4,1,1,0,1,0,"0000000",16,48,99,99,99,99,0,0,0,1,0
17,170293,1,1,0,0,0,1,1,63,0,5,5,2016,5,13,45,0,1,5,2,4,"CR-26  (MARSAILLES RD)","",0,41.36980556,-88.58089722,0,1,0,0,1,1,0,4,1,1,0,1,0,"0000000",13,45,99,99,99,99,0,0,0,1,0