"STATE","ST_CASE","VE_TOTAL","VE_FORMS","PVH_INVL","PEDS","PERNOTMVIT","PERMVIT","PERSONS","COUNTY","CITY","DAY","MONTH","YEAR","DAY_WEEK","HOUR","MINUTE","NHS","RUR_URB","FUNC_SYS","RD_OWNER","ROUTE","TWAY_ID","TWAY_ID2","MILEPT","LATITUDE","LONGITUD","SP_JUR","HARM_EV","MAN_COLL","RELJCT1","RELJCT2","TYP_INT","WRK_ZONE","REL_ROAD","LGT_COND","WEATHER1","WEATHER2","WEATHER","SCH_BUS","RAIL","NOT_HOUR","NOT_MIN","ARR_HOUR","ARR_MIN","HOSP_HR","HOSP_MN","CF1","CF2","CF3","FATALS","DRUNK_DR"
17,170294,1,1,0,0,0,1,1,105,0,14,1,2016,5,16,14,0,1,4,2,3,"SR-116","",1338,40.87329722,-88.69112778,0,32,0,0,1,1,0,4,1,1,0,1,0,"0000000",16,14,99,99,99,99,0,0,0,1,0
17,170295,2,2,0,0,0,3,3,157,0,23,5,2016,2,0,12,0,1,4,1,3,"SR-4","",413,38.20488333,-89.70326944,0,12,2,0,1,1,0,1,2,1,0,1,0,"0000000",0,13,99,99,99,99,0,0,0,1,1
17,170296,1,1,0,1,1,1,1,201,7460,25,3,2016,6,23,42,0,2,5,4,6,"FINCHAM DR","",0,42.26451667,-88.98954167,0,8,0,0,1,1,0,1,2,1,0,1,0,"0000000",23,46,99,99,99,99,0,0,0,1,1
17,170297,2,2,0,0,0,5,5,201,7460,7,4,2016,5,23,53,0,2,4,4,6,"9TH ST","18TH AVE",0,42.24785833,-89.07702778,0,12,6,0,2,2,0,1,3,10,0,10,0,"0000000",23,55,99,99,99,99,0,0,0,1,1
17,170298,2,2,0,0,0,3,3,201,7460,22,4,2016,6,21,58,0,2,4,1,3,"SR-251 (11TH ST)","",1123,42.19878333,-89.07241667,0,12,2,0,1,1,0,1,3,1,0,1,0,"0000000",21,58,99,99,99,99,0,0,0,1,1
17,170299,1,1,0,0,0,1,1,201,7460,25,4,2016,2,1,43,0,2,7,4,5,"14TH ST","7TH AVE",0,42.25937222,-89.0667,0,34,0,0,3,3,0,4,2,1,0,1,0,"0000000",1,43,99,99,99,99,0,0,0,1,1
17,170300,1,1,0,0,0,2,2,177,0,7,5,2016,7,17,0,0,1,4,1,3,"SR-73","",78,42.20818333,-89.82505556,0,52,0,0,1,1,0,4,1,1,0,1,0,"0000000",17,6,99,99,99,99,0,0,0,1,1
17,170301,1,1,0,0,0,1,1,135,0,1,5,2016,1,14,9,0,1,4,1,3,"SR-185","",76,39.07588611,-89.36709444,0,24,0,0,1,1,0,4,1,1,0,1,0,"0000000",14,9,99,99,88,88,0,0,0,1,0
17,170302,2,2,0,0,0,3,3,133,0,13,5,2016,6,16,30,0,1,5,2,4,"CR-7 (MAEYSTOWN RD)","",0,38.26649444,-90.21739167,0,12,6,0,1,1,0,1,1,1,0,1,0,"0000000",16,32,99,99,99,99,0,0,0,1,0
17,170303,1,1,0,1,1,1,1,43,9290,4,5,2016,4,15,57,0,2,7,4,6,"TAFT AVE","",0,41.85814444,-88.08848611,0,8,0,0,1,1,0,1,1,1,0,1,0,"0000000",15,38,99,99,99,99,0,0,0,1,0
17,170304,2,2,0,0,0,4,4,201,7460,15,5,2016,1,12,10,0,2,4,4,6,"CENTRAL AVE","ASHLAND AVE",0,42.28424444,-89.11606667,0,12,6,0,2,2,0,1,1,1,0,1,0,"0000000",12,12,99,99,99,99,0,0,0,1,0
17,170305,2,2,0,0,0,4,4,91,0,15,5,2016,1,21,49,0,1,4,1,3,"SR-17","KANKAKEE RD",1635,41.11436111,-88.24093056,0,12,6,0,3,2,0,1,2,1,0,1,0,"0000000",21,49,99,99,99,99,0,0,0,1,1
17,170307,2,2,0,0,0,2,2,167,0,13,5,2016,6,11,10,0,1,5,2,5,"OLD ROUTE 36 (IL-54)","CR-18 (SANGAMON MORGAN CO RD)",0,39.72528333,-89.98482778,0,12,6,0,2,2,0,1,1,1,0,1,0,"0000000",11,10,99,99,99,99,0,0,0,1,0
17,170308,2,2,0,0,0,4,4,45,0,17,5,2016,3,11,9,0,1,4,1,3,"SR-49","",553,39.74181111,-87.93888333,0,12,2,0,1,1,0,1,1,1,0,1,0,"0000000",11,9,99,99,99,99,0,0,0,2,0
17,170309,1,1,0,0,0,1,1,19,0,15,5,2016,1,4,25,1,1,3,1,3,"SR-47","",68,40.20690556,-88.39428889,0,35,0,0,1,1,0,4,3,1,0,1,0,"0000000",4,25,99,99,88,88,0,0,0,1,0
17,170310,2,2,0,0,0,5,5,109,0,20,5,2016,6,15,9,1,1,3,1,3,"SR-110","CR-600 (600TH ST)",751,40.41166944,-90.79127778,0,12,6,0,2,2,0,1,1,1,0,1,0,"0000000",15,9,99,99,99,99,0,0,0,2,0
17,170311,1,1,0,1,1,1,1,31,7350,19,5,2016,5,4,14,1,2,3,1,3,"SR-43  (HARLEM AVE)","",232,41.83961667,-87.80329444,0,8,0,0,1,1,0,1,2,1,0,1,0,"0000000",4,14,99,99,99,99,0,0,0,1,0
17,170313,2,2,0,0,0,5,5,91,4380,22,5,2016,1,17,21,0,2,4,1,3,"SR-113 (WALL ST)","",328,41.13442778,-87.890375,0,12,2,0,1,1,0,1,1,1,0,1,0,"0000000",17,21,99,99,99,99,0,0,0,1,0
17,170314,1,1,0,0,0,4,4,91,4380,23,5,2016,2,5,0,1,2,3,1,2,"US-45 US-52","US-45 TO I-57 RAMPS",3223,41.07788056,-87.86916944,0,33,0,1,19,1,0,4,3,1,0,1,0,"0000000",5,0,99,99,99,99,0,0,0,3,1
17,170315,4,3,1,0,0,6,6,5,0,21,5,2016,7,20,47,0,1,4,1,3,"SR-127","TAMALCO AVE",1200,38.76663611,-89.37165,0,12,1,0,2,3,1,1,2,1,0,1,0,"0000000",20,47,99,99,99,99,3,4,0,2,0
17,170316,2,2,0,0,0,4,4,31,0,22,5,2016,1,15,40,1,2,1,31,1,"I-80 (I-294)","",524,41.57781944,-87.58485833,0,12,6,1,7,1,0,1,1,1,0,1,0,"0000000",15,47,99,99,99,99,0,0,0,1,0
17,170317,2,2,0,0,0,2,2,23,0,23,5,2016,2,17,14,0,1,7,3,5,"930TH RD","",0,39.28219167,-87.96283056,0,1,0,0,1,1,0,1,1,1,0,1,0,"0000000",17,38,99,99,88,88,0,0,0,1,0
17,170318,1,1,0,0,0,1,1,91,0,23,5,2016,2,18,48,0,1,5,1,3,"SR-113","",286,41.16825,-87.95294444,0,42,0,0,1,1,0,4,1,1,0,1,0,"0000000",18,48,99,99,88,88,0,0,0,1,1
17,170321,1,1,0,0,0,1,1,197,0,22,5,2016,1,0,47,0,2,5,3,5,"127TH ST (REAGAN BLVD)","LINCOLN AVE",0,41.65250833,-88.15551944,0,33,0,0,3,3,0,3,3,1,0,1,0,"0000000",0,47,99,99,99,99,0,0,0,1,1
17,170322,3,3,0,0,0,5,5,51,0,26,5,2016,5,5,25,1,1,1,1,1,"I-70","",794,39.00661111,-88.87434444,0,12,1,0,1,1,1,1,2,1,0,1,0,"0000000",5,25,99,99,99,99,0,0,0,1,0
17,170323,1,1,0,0,0,3,3,41,0,22,5,2016,1,14,1,0,1,7,2,4,"CR-300 (300N)","",0,39.69572778,-88.110125,0,34,0,0,1,1,0,4,1,1,0,1,0,"0000000",14,1,99,99,99,99,0,0,0,2,0
17,170324,1,1,0,0,0,1,1,163,0,30,5,2016,2,16,54,1,2,1,1,1,"I-64","",29,38.63211944,-90.14330278,0,24,0,0,1,1,0,4,1,1,0,1,0,"0000000",16,55,99,99,88,88,0,0,0,1,0
17,170325,1,1,0,1,1,1,1,45,6720,25,5,2016,4,20,20,1,2,4,1,2,"US-150","",2581,39.60693611,-87.65313056,0,8,0,0,1,1,0,1,2,1,0,1,0,"0000000",21,53,99,99,88,88,0,0,0,1,0
17,170326,3,3,0,0,0,4,4,121,0,30,5,2016,2,22,1,0,1,5,1,3,"SR-37 (CR-1100)","",1083,38.49837222,-88.94113889,0,12,2,0,1,1,0,1,1,1,0,1,0,"0000000",10,5,99,99,99,99,0,0,0,2,0
17,170327,2,2,0,0,0,2,2,201,0,31,5,2016,3,11,23,1,1,3,1,2,"US-20 (STATE ST) (US GRANT)","",822,42.28348056,-89.27373333,0,12,6,0,1,1,0,1,1,2,0,2,0,"0000000",11,23,99,99,99,99,0,0,0,1,0
17,170328,1,1,0,0,0,3,3,31,512,16,5,2016,2,21,45,0,1,7,4,6,"11 GOOSE LAKE DR","",0,42.13381944,-88.18168889,0,42,0,0,1,1,0,4,2,1,0,1,0,"0000000",21,45,99,99,99,99,0,0,0,1,0
17,170329,2,2,0,0,0,2,2,31,7765,25,5,2016,4,14,21,1,2,2,1,3,"SR-394 (BISHOP FORD EXPWY)","",82,41.49071667,-87.57736667,0,12,7,0,1,1,0,1,1,1,0,1,0,"0000000",14,22,99,99,88,88,0,0,0,1,0
17,170330,1,1,0,0,0,1,1,161,7470,30,5,2016,2,20,0,1,2,3,1,3,"SR-92","",320,41.50736389,-90.54836667,0,24,0,0,1,1,0,3,1,1,0,1,0,"0000000",20,2,99,99,99,99,0,0,0,1,0
17,170331,1,1,0,0,0,2,2,179,0,18,5,2016,4,19,39,1,1,1,1,1,"I-55","MAIN ST",0,40.57964167,-89.47880833,0,24,0,1,5,1,0,4,1,1,0,1,0,"0000000",19,39,99,99,88,88,0,0,0,1,1
17,170332,1,1,0,1,1,1,1,77,0,4,6,2016,7,22,36,0,1,4,1,2,"US-51","",639,37.85199444,-89.23259167,0,8,0,0,1,1,0,1,2,10,0,10,0,"0000000",22,36,99,99,99,99,0,0,0,1,0
17,170333,1,1,0,0,0,1,1,11,0,5,6,2016,1,2,17,0,1,5,2,4,"CR-9 (CR-8)(WYANET WALNUT RD)","",0,41.42705556,-89.58829722,0,42,0,0,1,1,0,4,3,1,0,1,0,"0000000",2,17,99,99,88,88,0,0,0,1,0
17,170335,1,1,0,0,0,1,1,31,1670,1,1,2016,6,3,10,0,2,4,1,6,"PULASKI RD","",0,41.89218889,-87.72598056,0,19,0,0,1,1,0,4,3,1,0,1,0,"0000000",3,11,99,99,99,99,0,0,0,1,1
17,170336,1,1,0,1,1,1,1,31,1670,19,1,2016,3,14,8,0,2,4,4,6,"KEDZIE AVE","6TH ST",0,41.77717222,-87.7031,0,8,0,0,2,2,0,1,1,1,0,1,0,"0000000",14,10,99,99,99,99,0,0,0,1,0
17,170337,1,1,0,0,0,2,2,31,1670,13,1,2016,4,14,50,0,2,4,1,6,"BELMONT AVE","",0,41.937525,-87.83863056,0,42,0,0,1,1,0,4,1,3,0,3,0,"0000000",14,53,99,99,99,99,0,0,0,1,0
17,170338,1,1,0,1,1,1,1,31,1670,11,5,2016,4,1,26,0,2,7,4,6,"GREENVIEW AVE","",0,42.01168056,-87.66798056,0,8,0,0,1,1,0,1,3,5,0,5,0,"0000000",1,26,99,99,99,99,0,0,0,1,0
17,170339,1,1,0,0,0,3,3,31,1670,16,1,2016,7,4,36,0,2,5,4,6,"HARRISON ST","",0,41.87378333,-87.735575,0,19,0,0,1,1,0,4,3,1,0,1,0,"0000000",4,37,99,99,99,99,0,0,0,1,0
17,170340,2,2,0,0,0,2,2,197,0,22,5,2016,1,18,37,1,1,1,1,1,"I-55","",0,41.39459167,-88.19085278,0,12,2,1,20,1,0,1,1,1,0,1,0,"0000000",16,38,99,99,88,88,0,0,0,1,0
17,170341,2,2,0,0,0,5,5,31,0,1,6,2016,4,20,16,1,2,3,1,3,"SR-58    (GOLF RD)","MICHAEL MANOR",228,42.05478889,-87.828625,0,12,6,0,2,2,0,1,1,1,0,1,0,"0000000",20,16,99,99,99,99,0,0,0,1,0
17,170342,1,1,0,1,1,1,1,31,5410,6,6,2016,2,22,28,1,2,1,1,1,"I-290 (SR-110)(EISENHOWER EXP)","",195,41.87129722,-87.84309167,0,8,0,0,1,1,0,1,3,1,0,1,0,"0000000",22,29,99,99,88,88,0,0,0,1,0
17,170343,2,2,0,0,0,2,2,203,0,4,6,2016,7,18,2,0,1,4,1,3,"SR-116 (SR-117)","CR-2000E",1065,40.82190278,-89.15898056,0,12,6,0,3,2,0,1,1,1,0,1,0,"0000000",18,2,99,99,99,99,0,0,0,1,0
17,170344,1,1,0,1,1,1,1,31,1670,8,1,2016,6,17,0,0,2,4,4,6,"87TH ST","KEDZIE AVE",0,41.73520278,-87.70217778,0,8,0,0,3,2,0,1,2,2,0,2,0,"0000000",17,2,99,99,99,99,0,0,0,1,0
17,170345,1,1,0,0,0,3,3,31,1670,9,1,2016,7,3,0,1,2,3,4,6,"WESTERN AVE","",0,41.85761944,-87.68580556,0,21,0,0,1,1,0,4,3,5,0,5,0,"0000000",3,1,99,99,99,99,0,0,0,1,0
17,170346,4,4,0,0,0,5,5,31,1670,18,1,2016,2,19,25,0,2,4,4,6,"NAGLE AVE","CARMEN AVE",0,41.97381667,-87.78791389,0,12,1,0,3,2,0,1,3,1,0,1,0,"0000000",19,30,99,99,99,99,0,0,0,1,1
17,170347,1,1,0,1,1,1,1,31,1670,22,1,2016,6,17,20,0,2,5,4,6,"69TH ST","HOYNE AVE",0,41.76841389,-87.67606389,0,8,0,0,2,2,0,1,3,1,0,1,0,"0000000",17,25,99,99,99,99,0,0,0,1,0
17,170348,3,3,0,0,0,3,3,31,1670,20,1,2016,4,6,40,1,2,3,1,2,"US-12 (US-45)(MANNHEIM RD)","SR-19 (IRVING PARK RD)",494,41.95761111,-87.88420278,0,12,1,0,2,2,0,1,3,4,0,4,0,"0000000",6,99,99,99,99,99,0,0,0,1,0
17,170349,1,1,0,1,1,2,2,31,5790,16,2,2016,3,6,19,0,2,4,4,6,"GOLF RD","",0,42.05526667,-87.78492222,0,8,0,0,1,1,0,1,2,1,0,1,0,"0000000",6,19,99,99,88,88,0,0,0,1,0
17,170350,3,3,0,0,0,4,4,97,0,19,2,2016,6,9,2,1,1,3,1,3,"SR-21  (MILWAUKEE AVE)","",229,42.32097222,-87.96059167,0,12,7,0,1,1,0,1,1,1,0,1,0,"0000000",9,3,99,99,99,99,0,0,0,2,0
17,170351,4,2,2,0,0,5,5,31,1670,21,2,2016,1,0,6,0,2,5,4,6,"LOOMIS ST","",0,41.84835556,-87.66104444,0,12,6,0,8,1,0,1,3,1,0,1,0,"0000000",0,7,99,99,99,99,13,0,0,1,0
17,170352,1,1,0,1,1,1,1,31,1670,21,2,2016,1,5,20,0,2,5,4,6,"MILWAUKEE AVE","BELMONT AVE",0,41.93915556,-87.72383889,0,8,0,0,2,2,0,1,3,1,0,1,0,"0000000",5,25,99,99,99,99,0,0,0,1,0
17,170353,2,2,0,0,0,2,2,31,3430,11,3,2016,6,19,54,1,2,3,1,3,"SR-21  (MILWAUKEE AVE)","",32,42.05719444,-87.84071389,0,12,6,0,8,1,0,1,3,1,0,1,0,"0000000",19,54,99,99,99,99,0,0,0,1,0
17,170354,1,1,0,1,1,1,1,31,1670,23,2,2016,3,14,30,0,2,7,4,6,"BERTEAU AVE","SR-50 (CICERO AVE)",0,41.95648333,-87.74738889,0,8,0,0,2,3,0,1,1,1,0,1,0,"0000000",14,34,99,99,99,99,0,0,0,1,0
17,170355,1,1,0,0,0,1,1,31,7350,18,3,2016,6,7,14,0,2,5,4,6,"SCHOOL ST","140TH CT",0,41.64038611,-87.62933889,0,33,0,0,3,2,0,4,1,1,0,1,0,"0000000",7,14,99,99,99,99,0,0,0,1,1
17,170356,3,3,0,0,0,4,4,97,4620,14,3,2016,2,15,15,1,2,3,1,2,"US-41 (SKOKIE HWY)","SR-60 (KENNEDY RD)",447,42.239875,-87.86218056,0,12,1,0,2,3,0,1,1,1,0,1,0,"0000000",15,15,99,99,99,99,0,0,0,1,0
17,170357,1,1,0,0,0,1,1,73,0,14,4,2016,5,10,1,0,1,7,3,8,"ACCESS RD","",0,41.15194722,-90.07588333,0,10,0,0,6,1,0,1,1,1,0,1,0,"079764P",10,1,99,99,88,88,0,0,0,1,0
17,170358,1,1,0,0,0,3,3,191,0,4,4,2016,2,21,0,0,1,5,2,4,"CR-7  (MECHANIC ST)","",0,38.44229444,-88.39014444,0,34,0,0,1,1,0,4,2,1,0,1,0,"0000000",21,9,99,99,99,99,0,0,0,1,0
17,170359,2,2,0,0,0,2,2,197,7491,21,4,2016,5,3,39,1,2,1,1,1,"I-55","",2624,41.64784444,-88.14111944,0,12,1,0,1,1,0,1,2,1,0,1,0,"0000000",3,39,99,99,99,99,0,0,0,1,0
17,170360,1,1,0,1,1,1,1,31,1670,6,4,2016,4,15,51,0,1,7,4,6,"GREENVIEW AVE","DEVON AVE",0,41.99812778,-87.66795833,0,8,0,0,3,2,0,1,1,2,0,2,0,"0000000",16,0,99,99,99,99,0,0,0,1,0
17,170361,1,1,0,0,0,2,2,183,0,5,5,2016,5,23,20,0,1,5,2,4,"CR-23 (GEORGETOWN/INDIANOLA RD","",0,39.97234167,-87.66124444,0,1,0,0,1,1,0,4,2,1,0,1,0,"0000000",23,26,99,99,99,99,0,0,0,1,1
17,170362,2,2,0,0,0,3,3,99,0,29,5,2016,1,10,57,0,1,5,2,4,"CR-55 (TRUMBO RD) (27TH ST)","E 19TH RD",0,41.32501667,-88.80150278,0,12,6,0,2,2,0,1,1,1,0,1,0,"0000000",10,57,99,99,99,99,0,0,0,2,0
17,170363,1,1,0,0,0,2,2,31,1670,21,5,2016,7,18,0,1,2,3,4,6,"PULASKI RD","W 65TH ST",0,41.77501389,-87.72265556,0,5,0,0,2,2,0,1,1,1,0,1,0,"0000000",18,0,99,99,99,99,0,0,0,1,0
17,170364,2,2,0,0,0,2,2,31,1670,24,5,2016,3,22,30,0,2,5,4,6,"AUSTIN AVE","W 62ND ST",0,41.77970833,-87.77153333,0,12,6,0,2,2,0,1,3,1,0,1,0,"0000000",22,31,99,99,99,99,0,0,0,1,0
17,170365,1,1,0,1,1,1,1,91,4380,10,5,2016,3,22,14,1,2,3,1,2,"US-45 (US-52)(SCHUYLER AVE)","",3239,41.10050556,-87.86913611,0,15,0,0,99,99,0,99,2,1,0,1,0,"0000000",22,14,99,99,99,99,0,0,0,1,0
17,170366,2,2,0,0,0,2,2,31,1670,5,3,2016,7,8,25,1,2,3,1,2,"US-41 (LAKE SHORE DRIVE)(LSD)","",210,41.96920833,-87.647875,0,12,1,0,1,1,0,1,1,10,0,10,0,"0000000",8,25,99,99,99,99,0,0,0,1,0
17,170367,1,1,0,0,0,1,1,89,0,21,5,2016,7,15,57,0,2,7,3,5,"BRIER HILL RD","",0,42.07365556,-88.48093333,0,42,0,0,1,1,0,4,1,1,0,1,0,"0000000",15,57,99,99,99,99,0,0,0,1,1
17,170368,1,1,0,1,1,1,1,103,0,13,4,2016,4,21,30,1,2,3,1,2,"US-52  (GALENA AVE)","SR-2    (EVERETT ST)",488,41.84835833,-89.48474722,0,9,0,0,2,2,0,1,3,1,0,1,0,"0000000",21,30,99,99,99,99,0,0,0,1,0
17,170369,3,3,0,0,0,4,4,31,8300,27,1,2016,4,12,28,1,2,3,1,3,"SR-43  (HARLEM AVE)","",214,41.81311389,-87.80223056,0,12,7,0,1,1,0,1,1,8,0,8,0,"0000000",12,28,99,99,99,99,0,0,0,1,0
17,170370,3,3,0,0,0,3,3,97,0,11,3,2016,6,11,15,0,2,4,2,4,"CR-45  (ROBERTS RD)","CR-47  (RAWSON BRIDGE RD)",0,42.24880278,-88.19601111,0,12,6,0,3,2,0,1,1,1,0,1,0,"0000000",11,16,99,99,88,88,0,0,0,1,0
17,170371,2,1,1,0,0,1,1,43,1385,20,4,2016,4,7,55,0,2,4,4,6,"RANDY RD","",0,41.90675,-88.10895556,0,14,0,0,1,1,0,2,1,1,0,1,0,"0000000",7,57,99,99,99,99,0,0,0,1,0
17,170372,1,1,0,1,1,1,1,31,1670,30,4,2016,7,23,15,0,2,5,4,6,"CALIFORNIA AVE","",0,41.87724167,-87.69617222,0,8,0,0,1,1,0,1,3,2,0,2,0,"0000000",23,15,99,99,88,88,0,0,0,1,0
17,170373,1,1,0,0,0,1,1,31,1670,30,5,2016,2,20,8,0,2,4,1,2,"US-41  (LAKE SHORE DRIVE)","",76,41.79143333,-87.57994444,0,24,0,0,1,1,0,4,5,1,0,1,0,"0000000",20,15,99,99,99,99,0,0,0,1,0
17,170374,1,1,0,0,0,1,1,99,0,29,5,2016,1,23,50,0,1,5,2,4,"CR-32  (BOWEN RD)","",0,41.53216389,-88.61159722,0,32,0,0,1,1,0,4,2,1,0,1,0,"0000000",23,50,99,99,99,99,0,0,0,1,0
17,170375,1,1,0,0,0,1,1,111,80,11,6,2016,7,18,29,0,2,7,4,6,"PIONEER RD","CERMAK RD",0,42.17596111,-88.28011111,0,33,0,0,3,4,0,4,1,1,0,1,0,"0000000",18,29,99,99,99,99,0,0,0,1,1
17,170376,1,1,0,0,0,1,1,197,0,30,5,2016,2,17,20,1,1,3,1,4,"CR-6 (MANHATTAN MONEE RD)","",0,41.42494722,-87.91818889,0,1,0,0,1,1,0,4,1,1,0,1,0,"0000000",17,20,99,99,99,99,0,0,0,1,0
17,170377,1,1,0,0,0,1,1,65,0,6,4,2016,4,14,14,0,1,5,2,4,"CR-10  (BLAINSVILLE RD)(1800N)","",0,38.16840833,-88.4541,0,16,0,0,1,1,0,1,1,6,0,6,0,"0000000",14,14,99,99,88,88,0,0,0,1,0
17,170378,1,1,0,0,0,1,1,121,0,4,4,2016,2,7,17,0,1,5,2,4,"CR-9 (CR-500)(ODIN RD)","",0,38.56368889,-89.05018056,0,23,0,0,1,1,0,4,9,99,0,99,0,"0000000",7,17,99,99,88,88,18,0,0,1,0
17,170379,1,1,0,1,1,2,2,19,5130,31,3,2016,5,13,1,0,2,5,1,2,"US-150 (OAK ST)","MCDOUGAL RD",1750,40.190525,-88.39598056,0,8,0,0,3,3,0,1,1,2,0,2,0,"0000000",13,1,99,99,99,99,0,0,0,1,0
17,170380,1,1,0,0,0,1,1,191,0,27,6,2016,2,17,52,0,1,7,2,4,"CR-6 (CR-480N)(BURNT PRAIRIE)","CR-1975E",0,38.32589167,-88.33778611,0,34,0,0,3,4,0,4,1,1,0,1,0,"0000000",17,54,99,99,99,99,0,0,0,1,1
17,170381,2,2,0,0,0,2,2,49,0,21,5,2016,7,1,0,1,1,1,1,1,"I-70","",1088,39.166875,-88.39313889,0,12,6,0,7,1,0,1,2,1,0,1,0,"0000000",1,13,99,99,99,99,0,0,0,1,0
17,170382,4,4,0,1,1,4,4,31,2330,30,4,2016,7,10,8,1,2,1,1,1,"I-294","",114,41.99999444,-87.86672778,0,12,1,0,1,1,0,1,1,2,0,2,0,"0000000",10,8,99,99,88,88,19,23,0,1,0
17,170383,4,4,0,0,0,7,7,105,7070,5,5,2016,5,13,44,1,2,1,1,1,"I-55","",2008,40.9226,-88.63374722,0,12,6,0,1,1,0,1,1,1,0,1,0,"0000000",13,44,99,99,99,99,0,0,0,1,0
17,170384,2,2,0,0,0,2,2,97,0,25,4,2016,2,17,52,1,2,3,1,3,"SR-173  (ROSECRANS RD)","VAN PATTEN FOREST PRESERVE RD",606,42.46534167,-87.94176389,0,12,6,0,3,3,0,1,1,2,0,2,0,"0000000",17,54,99,99,99,99,0,0,0,1,1
17,170385,2,1,1,1,2,1,2,65,0,20,5,2016,6,15,35,0,1,4,1,3,"SR-242","",85,38.21745833,-88.53810833,0,8,0,0,1,1,1,1,1,1,0,1,0,"0000000",15,45,99,99,99,99,3,0,0,1,0
17,170386,2,2,0,0,0,4,4,43,4220,21,4,2016,5,15,50,0,2,3,4,6,"THORNDALE AVE","PARK BLVD",0,41.98353333,-88.01253056,0,12,6,0,2,2,1,1,1,1,0,1,0,"0000000",15,50,99,99,99,99,0,0,0,1,0
17,170387,2,2,0,0,0,2,2,85,2540,5,5,2016,5,14,28,1,2,3,1,2,"US-20","BARGE TERMINAL RD",37,42.46714444,-90.59375,0,12,6,0,2,2,0,1,1,1,0,1,0,"0000000",14,28,99,99,99,99,0,0,0,1,0
17,170388,2,2,0,0,0,3,3,31,2050,13,5,2016,6,15,19,0,2,4,4,6,"PULASKI RD (CRAWFORD AVE)","",0,41.64423889,-87.718475,0,12,2,0,1,1,0,1,1,1,0,1,0,"0000000",15,19,99,99,99,99,0,0,0,1,0
17,170389,2,2,0,0,0,2,2,163,0,29,5,2016,1,4,14,1,2,1,1,1,"I-64  (US-50)","",163,38.57470833,-89.92363889,0,12,1,0,1,1,0,1,3,1,0,1,0,"0000000",4,30,99,99,88,88,0,0,0,2,1
17,170390,1,1,0,1,1,1,1,31,1670,29,5,2016,1,1,32,1,2,3,1,2,"US-41 (LAKE SHORE DR)","",154,41.89509722,-87.61569167,0,8,0,0,1,1,0,1,3,1,0,1,0,"0000000",99,99,99,99,99,99,0,0,0,1,0
17,170391,1,1,0,0,0,1,1,95,0,21,5,2016,7,2,24,0,1,7,3,5,"600E","",0,41.13858889,-90.32334722,0,52,0,0,1,1,0,4,2,1,0,1,0,"0000000",2,24,99,99,88,88,0,0,0,1,0
17,170392,1,1,0,0,0,2,2,113,0,25,5,2016,4,22,0,0,1,7,3,5,"400N","3600E",0,40.33980556,-88.57439444,0,34,0,0,3,2,0,4,2,1,0,1,0,"0000000",22,17,99,99,99,99,0,0,0,1,0
17,170393,3,2,1,0,0,3,3,31,6400,30,5,2016,2,11,18,0,2,7,4,6,"MEADE AVE","98TH ST",0,41.71419722,-87.77236111,0,12,6,0,2,2,0,1,1,1,0,1,0,"0000000",11,19,99,99,99,99,0,0,0,1,0
17,170394,1,1,0,0,0,2,2,31,1670,20,5,2016,6,10,0,0,2,4,4,6,"CHICAGO AVE","",0,41.89495278,-87.75139722,0,33,0,0,1,1,0,4,1,10,0,10,0,"0000000",10,3,99,99,99,99,0,0,0,1,0
17,170395,2,2,0,0,0,3,3,111,5060,6,5,2016,6,15,27,1,2,3,1,3,"SR-31 (RICHMOND RD)","",508,42.36021944,-88.2673,0,12,8,0,1,1,0,1,1,1,0,1,0,"0000000",15,27,99,99,99,99,0,0,0,1,0
17,170396,4,1,3,0,0,1,1,31,1670,19,5,2016,5,22,25,0,2,7,4,6,"LOOMIS ST","",0,41.68036944,-87.65658056,0,14,0,0,1,1,0,2,3,1,0,1,0,"0000000",22,30,99,99,99,99,0,0,0,1,0
17,170397,1,1,0,1,1,3,3,31,1670,28,5,2016,7,23,10,1,2,3,4,6,"STONY ISLAND AVE","79TH ST",0,41.75150833,-87.58579167,0,8,0,0,2,2,0,1,3,1,0,1,0,"0000000",99,99,99,99,99,99,0,0,0,1,0
17,170398,2,2,0,0,0,3,3,31,3100,23,5,2016,2,8,24,1,2,3,4,6,"ROOSEVELT RD","",0,41.86460278,-87.82636389,0,12,6,0,8,1,3,1,1,1,0,1,0,"0000000",8,42,99,99,99,99,0,0,0,1,0
17,170399,3,3,0,0,0,5,5,31,1670,23,5,2016,2,12,5,0,2,5,4,6,"AUSTIN AVE","",0,41.95626111,-87.77686667,0,12,2,0,1,1,0,1,1,1,0,1,0,"0000000",15,30,99,99,99,99,0,0,0,1,0
17,170400,1,1,0,0,0,1,1,61,0,9,6,2016,5,22,0,0,1,5,2,4,"CR-4  (WRIGHTS RD)(1700N)","",0,39.34998333,-90.29612778,0,35,0,0,1,1,0,4,2,1,0,1,0,"0000000",22,0,99,99,88,88,0,0,0,1,0
17,170401,1,1,0,0,0,1,1,31,512,1,6,2016,4,17,6,0,1,7,3,5,"OTIS RD","",0,42.13918056,-88.18532222,0,42,0,0,1,1,0,4,1,1,0,1,0,"0000000",17,6,99,99,99,99,0,0,0,1,0
17,170402,1,1,0,1,1,1,1,31,6400,3,6,2016,6,14,30,0,2,4,4,6,"87TH ST","LATROBE AVE",0,41.73435,-87.75173611,0,9,0,0,2,3,1,1,1,1,0,1,0,"0000000",14,30,99,99,88,88,3,0,0,1,0
17,170403,2,2,0,0,0,2,2,61,0,8,6,2016,4,23,6,0,1,4,1,3,"SR-267","",261,39.31850833,-90.20985,0,12,8,0,1,1,0,1,2,1,0,1,0,"0000000",23,7,99,99,88,88,0,0,0,1,0