"STATE","ST_CASE","VE_TOTAL","VE_FORMS","PVH_INVL","PEDS","PERNOTMVIT","PERMVIT","PERSONS","COUNTY","CITY","DAY","MONTH","YEAR","DAY_WEEK","HOUR","MINUTE","NHS","RUR_URB","FUNC_SYS","RD_OWNER","ROUTE","TWAY_ID","TWAY_ID2","MILEPT","LATITUDE","LONGITUD","SP_JUR","HARM_EV","MAN_COLL","RELJCT1","RELJCT2","TYP_INT","WRK_ZONE","REL_ROAD","LGT_COND","WEATHER1","WEATHER2","WEATHER","SCH_BUS","RAIL","NOT_HOUR","NOT_MIN","ARR_HOUR","ARR_MIN","HOSP_HR","HOSP_MN","CF1","CF2","CF3","FATALS","DRUNK_DR"
17,170404,1,1,0,0,0,2,2,35,0,7,6,2016,3,17,44,1,1,1,1,1,"I-70","",1290,39.28273333,-88.0548,0,1,0,0,1,1,0,4,1,1,0,1,0,"0000000",17,44,99,99,99,99,0,0,0,1,1
17,170405,1,1,0,0,0,1,1,19,0,11,6,2016,7,2,30,0,1,7,2,4,"CR-2400 (2400N)","",0,40.22534167,-87.955325,0,59,0,0,1,1,0,4,2,1,0,1,0,"0000000",3,4,99,99,88,88,0,0,0,1,1
17,170406,1,1,0,0,0,1,1,83,0,11,6,2016,7,19,42,1,1,3,1,3,"SR-100","",227,38.99265556,-90.54210278,0,24,0,0,1,1,0,4,1,1,0,1,0,"0000000",19,42,99,99,88,88,0,0,0,1,1
17,170408,2,2,0,0,0,8,8,31,5380,26,3,2016,7,22,35,0,2,4,4,6,"VOLLMER RD","RIDGELAND AVE",0,41.52808333,-87.77106944,0,12,6,0,3,2,0,1,3,1,0,1,0,"0000000",22,35,99,99,99,99,0,0,0,1,1
17,170409,2,2,0,0,0,4,4,97,7560,12,2,2016,6,12,6,0,2,5,4,6,"CLARENDON DR","BRIAR LN",0,42.37123056,-88.08753611,0,12,6,0,2,3,0,1,1,1,0,1,0,"0000000",12,6,99,99,99,99,0,0,0,1,0
17,170410,2,2,0,0,0,3,3,31,0,1,3,2016,3,23,4,0,2,4,4,6,"104TH AVE","",0,41.72522778,-87.87626389,0,12,6,0,1,1,0,1,2,1,0,1,0,"0000000",23,4,99,99,99,99,0,0,0,1,0
17,170411,2,2,0,1,1,2,2,89,0,19,5,2016,5,10,41,0,1,5,2,4,"CR-4 (HARTER RD)","",0,41.81145556,-88.48474444,0,8,0,0,1,1,2,1,1,1,0,1,0,"0000000",10,41,99,99,99,99,0,0,0,1,0
17,170412,2,2,0,0,0,3,3,1,0,29,5,2016,1,15,31,0,1,5,1,3,"SR-96","",616,39.87183889,-91.30878889,0,12,2,0,8,1,0,1,1,1,0,1,0,"0000000",15,31,99,99,99,99,0,0,0,1,0
17,170413,1,1,0,0,0,1,1,97,0,26,5,2016,5,16,35,0,2,5,4,6,"SULLIVAN LAKE RD","",0,42.35051389,-88.19671944,0,31,0,0,1,1,0,4,1,1,0,1,0,"0000000",16,35,99,99,99,99,0,0,0,1,0
17,170414,3,3,0,0,0,5,5,43,8900,26,5,2016,5,19,46,1,2,3,1,3,"SR-83 (KINGERY HWY)","",441,41.87343333,-87.96148889,0,12,6,0,1,1,0,1,1,1,0,1,0,"0000000",19,46,99,99,99,99,0,0,0,1,0
17,170415,1,1,0,0,0,1,1,49,0,12,6,2016,1,8,34,0,1,7,3,5,"1500TH AVE","",0,39.13400556,-88.70286667,0,43,0,0,1,1,0,4,1,1,0,1,0,"0000000",8,34,8,34,99,99,0,0,0,1,0
17,170416,1,1,0,0,0,1,1,101,0,9,6,2016,5,8,40,1,1,3,1,2,"US-50","",1539,38.72609167,-87.6545,0,42,0,0,1,1,0,4,1,1,0,1,0,"0000000",9,0,99,99,88,88,0,0,0,1,1
17,170417,1,1,0,0,0,1,1,39,0,14,6,2016,3,4,0,1,1,1,1,1,"I-74","",1601,40.240475,-88.61071389,0,1,0,0,1,1,0,4,2,1,0,1,0,"0000000",5,49,99,99,88,88,0,0,0,1,1
17,170418,1,1,0,0,0,1,1,15,0,11,6,2016,7,0,7,0,1,7,3,5,"LAKE CARROLL BLVD","",0,42.18253333,-89.89244167,0,24,0,0,1,1,0,4,2,1,0,1,0,"0000000",0,43,99,99,88,88,0,0,0,1,1
17,170419,1,1,0,0,0,5,5,127,0,14,6,2016,3,11,0,0,1,7,3,5,"MILL SPRINGS RD  (CR-2000)","",0,37.193325,-88.56562778,0,34,0,0,1,1,0,4,1,1,0,1,0,"0000000",11,14,99,99,99,99,0,0,0,1,0
17,170420,1,1,0,0,0,1,1,177,0,16,6,2016,5,2,0,0,1,7,3,5,"WINNESHEIK RD","",0,42.34345833,-89.68338056,0,42,0,0,1,1,0,4,2,1,0,1,0,"0000000",2,0,99,99,88,88,0,0,0,1,1
17,170421,1,1,0,0,0,3,3,53,0,17,6,2016,6,15,31,0,1,7,2,5,"1900E","",0,40.43929167,-88.09793333,0,34,0,0,1,1,0,4,1,1,0,1,0,"0000000",15,31,99,99,99,99,0,0,0,1,0
17,170422,2,2,0,0,0,2,2,45,0,14,6,2016,3,9,15,1,1,3,1,3,"SR-1  (CHICAGO RD)","",1648,39.55419167,-87.68415278,0,12,2,0,1,1,0,1,1,1,0,1,0,"0000000",9,15,99,99,99,99,0,0,0,1,0
17,170423,1,1,0,0,0,3,3,45,0,18,6,2016,7,5,52,0,1,7,3,5,"1275E  (1275TH ST)","",0,39.87317222,-87.73338611,0,34,0,0,1,1,0,4,4,1,0,1,0,"0000000",5,52,99,99,99,99,0,0,0,1,1
17,170424,2,2,0,0,0,2,2,143,6850,18,6,2016,7,23,17,1,2,3,1,2,"US-140 (WAR MEMORIAL DR)","SR-40   (KNOXVILLE AVE)",867,40.73211111,-89.59350556,0,12,6,0,3,2,0,1,3,1,0,1,0,"0000000",23,17,99,99,88,88,0,0,0,1,1
17,170425,2,2,0,0,0,4,4,97,0,19,6,2016,1,17,0,0,2,3,1,2,"US-45","SR-137 (BUCKLEY RD)",16,42.31592222,-88.00612222,0,12,6,0,3,3,0,1,1,1,0,1,0,"0000000",17,4,99,99,99,99,0,0,0,1,0
17,170426,1,1,0,0,0,1,1,111,0,21,6,2016,3,20,5,0,1,7,3,5,"OLSON RD","",0,42.23043889,-88.53061389,0,10,0,0,6,1,0,1,1,1,0,1,0,"174563H",20,5,99,99,88,88,0,0,0,1,0
17,170427,1,1,0,1,1,2,2,31,5450,18,6,2016,7,4,31,1,2,3,1,3,"SR-64  (NORTH AVE)","WINSTON PLAZA (ENTRANCE)",1270,41.90818056,-87.84736944,0,8,0,0,3,2,0,1,4,1,0,1,0,"0000000",4,31,99,99,99,99,19,0,0,1,1
17,170428,1,1,0,0,0,1,1,31,850,15,5,2016,1,18,45,0,2,4,4,6,"119TH ST","",0,41.67734167,-87.67239444,0,10,0,0,6,1,0,1,1,1,0,1,0,"608830M",18,45,99,99,88,88,0,0,0,1,0
17,170429,1,1,0,1,1,1,1,31,6610,17,6,2016,6,16,30,0,2,7,4,6,"SILO RIDGE RD","",0,41.62138056,-87.89983333,0,53,0,0,1,1,0,4,1,1,0,1,0,"0000000",16,33,99,99,88,88,0,0,0,1,0
17,170430,1,1,0,2,2,1,1,63,5750,21,6,2016,3,18,50,0,1,7,2,4,"CR-28  (OLD STAGE RD)","",0,41.33997778,-88.495475,0,9,0,0,1,1,0,1,1,1,0,1,0,"0000000",18,50,99,99,99,99,0,0,0,2,0
17,170431,1,1,0,0,0,1,1,163,670,12,6,2016,1,6,30,1,2,3,1,3,"SR-15","",138,38.49575278,-89.97731111,0,1,0,0,1,1,1,4,9,1,0,1,0,"0000000",13,43,99,99,88,88,0,0,0,1,1
17,170432,1,1,0,0,0,2,2,73,0,27,6,2016,2,14,24,1,1,1,1,1,"I-74  (SR-110)","",169,41.39671667,-90.32865556,0,34,0,0,1,1,1,4,9,99,0,99,0,"0000000",14,26,99,99,88,88,0,0,0,2,0
17,170433,1,1,0,0,0,1,1,31,5380,1,5,2016,1,6,12,0,2,5,3,5,"CENTRAL AVE","",0,41.49175278,-87.75162778,0,26,0,0,1,1,0,4,4,10,0,10,0,"260630K",6,12,99,99,88,88,0,0,0,1,0
17,170434,2,2,0,0,0,5,5,75,0,27,6,2016,2,4,33,1,1,1,1,1,"I-57","",3019,41.00268889,-87.90515,0,12,6,0,1,1,0,1,3,1,0,1,0,"0000000",4,33,99,99,99,99,0,0,0,1,1
17,170435,2,1,1,0,1,1,2,43,1770,16,5,2016,2,16,10,0,2,7,4,6,"HOLMES AVE","",0,41.78772778,-87.95077778,0,40,0,0,8,1,0,4,1,1,0,1,0,"0000000",16,10,99,99,99,99,0,0,0,1,0
17,170436,1,1,0,1,1,1,1,191,2920,1,6,2016,4,11,12,1,2,3,1,2,"US-45 (DELAWARE BLVD)","",1139,38.378375,-88.38373056,0,8,0,0,1,1,0,1,1,1,0,1,0,"0000000",11,12,99,99,99,99,0,0,0,1,0
17,170437,2,2,0,0,0,2,2,157,0,1,6,2016,4,14,10,0,1,7,2,4,"CR-16 (BLAIR RD)","",0,38.04470556,-89.725175,0,12,2,0,8,1,0,1,1,10,0,10,0,"0000000",14,10,99,99,99,99,0,0,0,1,0
17,170438,4,4,0,0,0,9,9,201,0,18,6,2016,7,13,48,1,2,3,1,3,"SR-2 (N MAIN ST)","OLD RIVER RD",604,42.35405278,-89.07870278,0,12,6,0,3,2,0,1,1,1,0,1,0,"0000000",13,48,99,99,99,99,0,0,0,1,0
17,170439,3,3,0,0,0,3,3,89,9997,17,6,2016,6,17,25,1,2,4,1,3,"SR-64","",966,41.93522778,-88.42138056,0,12,6,0,8,1,0,1,1,1,0,1,0,"0000000",17,25,99,99,99,99,0,0,0,1,0
17,170440,3,3,0,0,0,4,4,51,0,23,6,2016,5,5,44,1,1,1,1,1,"I-70 (LEWIS & CLARK HWY)","",723,38.97393056,-88.99601389,0,12,1,0,1,1,1,1,1,1,0,1,0,"0000000",5,44,99,99,99,99,3,0,0,1,0
17,170441,2,2,0,0,0,3,3,19,1550,19,4,2016,3,9,36,0,2,4,4,6,"BRADLEY AVE","MARKET ST",0,40.12723333,-88.23881944,0,12,2,0,2,2,0,1,1,1,0,1,0,"0000000",9,36,99,99,99,99,0,0,0,1,0
17,170442,2,2,0,0,0,2,2,101,4710,7,6,2016,3,6,6,1,2,3,1,2,"US-50","",1510,38.73359722,-87.70209722,0,12,2,0,1,1,0,1,4,1,0,1,0,"0000000",6,8,99,99,99,99,0,0,0,1,0
17,170443,1,1,0,0,0,1,1,91,0,19,6,2016,1,22,40,0,2,4,1,3,"SR-113","",300,41.15600278,-87.933375,0,53,0,0,1,1,0,4,2,1,0,1,0,"0000000",22,40,99,99,99,99,0,0,0,1,0
17,170444,1,1,0,0,0,2,2,23,0,25,6,2016,7,20,15,0,1,5,2,4,"CR-6 (CLINE ORCHARD RD)","",0,39.40636111,-87.84615833,0,11,0,0,1,1,0,1,1,1,0,1,0,"0000000",20,19,99,99,88,88,0,0,0,2,0
17,170445,1,1,0,0,0,4,4,23,0,26,6,2016,1,2,52,1,1,3,1,3,"SR-1","BLIZZARD RD",1563,39.43479722,-87.68809167,0,42,0,0,3,3,0,4,2,1,0,1,0,"0000000",2,52,99,99,99,99,0,0,0,2,0
17,170446,1,1,0,0,0,1,1,19,0,26,6,2016,1,14,30,1,1,1,1,1,"I-74","",1770,40.16756389,-88.30904722,0,1,0,0,1,1,1,4,1,1,0,1,0,"0000000",14,30,99,99,88,88,2,3,4,1,0
17,170447,2,2,0,0,0,4,4,31,1670,17,6,2016,6,19,11,0,2,4,4,6,"SIMONDS DR","",0,41.97559167,-87.64696111,0,12,1,0,1,1,0,1,1,1,0,1,0,"0000000",19,12,99,99,99,99,0,0,0,1,0
17,170448,1,1,0,0,0,2,2,111,8224,26,6,2016,1,6,1,1,2,3,1,2,"US-12","",91,42.41916667,-88.21156111,0,35,0,0,1,1,0,4,2,2,0,2,0,"0000000",6,1,99,99,99,99,0,0,0,1,1
17,170449,1,1,0,0,0,1,1,51,0,28,6,2016,3,5,13,1,1,1,1,1,"I-70","",828,39.023775,-88.81401667,0,1,0,0,1,1,0,3,4,1,0,1,0,"0000000",5,13,99,99,99,99,0,0,0,1,0
17,170450,2,2,0,0,0,3,3,197,0,25,6,2016,7,3,9,0,2,4,2,4,"CR-74 (LARAWAY RD)","",0,41.48173056,-88.03887778,0,12,1,0,1,1,0,1,2,1,0,1,0,"0000000",3,9,99,99,88,88,0,0,0,1,1
17,170451,1,1,0,0,0,1,1,197,0,25,6,2016,7,5,26,0,2,5,2,4,"CR-64 (FRACNIS RD)","",0,41.53251111,-87.94341389,0,42,0,0,1,1,0,4,4,1,0,1,0,"0000000",5,26,99,99,99,99,0,0,0,1,1
17,170452,1,1,0,0,0,1,1,93,0,26,6,2016,1,15,50,0,2,4,4,4,"CR-13 (ROCK CREEK RD)","",0,41.69164722,-88.51954167,0,32,0,0,1,1,0,4,1,1,0,1,0,"0000000",15,51,99,99,99,99,0,0,0,1,1
17,170453,2,2,0,0,0,2,2,81,5900,26,6,2016,1,19,59,1,1,1,1,1,"I-57","VETERANS MEMORIAL",940,38.29993333,-88.94450278,0,12,6,1,3,2,0,1,5,1,0,1,0,"0000000",19,59,99,99,88,88,0,0,0,1,0
17,170454,1,1,0,1,1,1,1,11,7140,26,6,2016,1,23,12,0,2,4,1,2,"US-6 (US-34)(PERU ST)","",595,41.37146389,-89.48701667,0,8,0,0,1,1,0,1,3,1,0,1,0,"0000000",23,12,99,99,99,99,0,0,0,1,1
17,170455,1,1,0,1,1,1,1,31,1670,7,2,2016,1,4,19,0,2,5,4,6,"STATE ST","HUBBARD ST",0,41.89003889,-87.62803889,0,8,0,0,2,2,0,1,3,1,0,1,0,"0000000",4,19,99,99,99,99,0,0,0,1,0
17,170456,1,1,0,0,0,1,1,123,0,12,3,2016,7,6,55,1,1,1,1,1,"I-39 (US-51)","",394,41.08049722,-89.06737222,0,34,0,0,1,1,0,4,2,1,0,1,0,"0000000",6,55,99,99,99,99,0,0,0,1,0
17,170457,1,1,0,1,1,1,1,31,1670,6,3,2016,1,0,18,0,2,4,4,6,"79TH ST","HALSTED",0,41.75062222,-87.64404444,0,8,0,0,3,2,0,1,3,1,0,1,0,"0000000",0,23,99,99,99,99,0,0,0,1,0
17,170459,2,2,0,0,0,2,2,31,540,21,4,2016,5,12,30,1,2,3,1,3,"SR-59  (SUTTON RD)","BARTLETT RD",342,41.99457778,-88.20710833,0,12,2,0,3,2,0,1,1,1,0,1,0,"0000000",12,30,99,99,99,99,0,0,0,1,0
17,170460,1,1,0,2,2,1,1,31,1670,27,5,2016,6,7,47,0,2,4,4,6,"ASHLAND AVE","65TH ST",0,41.77584167,-87.66413611,0,8,0,0,3,2,0,1,1,1,0,1,0,"0000000",7,47,99,99,99,99,0,0,0,1,0
17,170461,4,4,0,0,0,9,9,31,1670,7,5,2016,7,1,15,0,2,4,4,6,"47TH ST","HALSTED",0,41.80886389,-87.64550278,0,12,2,0,3,2,0,1,3,1,0,1,0,"0000000",1,18,99,99,99,99,0,0,0,1,1
17,170462,2,2,0,0,0,2,2,97,9650,31,5,2016,3,8,1,0,2,5,4,6,"CR-50 (CR-A8)(33RD ST)","EZRA PL (SHARON)",0,42.43542222,-87.8377,0,12,6,0,2,2,0,1,1,1,0,1,0,"0000000",8,1,99,99,99,99,0,0,0,1,0
17,170463,2,1,1,0,0,1,1,31,1670,3,5,2016,3,16,38,0,2,7,4,6,"N KENNISON AVE","",0,41.97211667,-87.74084167,0,14,0,0,1,1,0,7,1,1,0,1,0,"0000000",20,13,99,99,88,88,0,0,0,1,0
17,170464,4,4,0,0,0,6,6,31,1670,5,6,2016,1,7,4,0,2,4,4,6,"BELMONT AVE","KEDZIE AVE",0,41.93928611,-87.70761111,0,12,6,0,2,2,0,1,1,10,0,10,0,"0000000",7,5,99,99,99,99,0,0,0,1,0
17,170465,1,1,0,0,0,1,1,143,0,14,6,2016,3,0,40,1,1,3,1,3,"SR-116 (PLANK RD)","",722,40.6908,-89.70938056,0,1,0,0,1,1,0,1,2,2,0,2,0,"0000000",0,40,99,99,99,99,0,0,0,1,0
17,170466,1,1,0,1,1,1,1,31,1670,15,6,2016,4,17,25,1,2,3,1,6,"MICHIGAN AVE","OAK ST",0,41.90079722,-87.6242,0,9,0,0,3,7,0,1,1,1,0,1,0,"0000000",17,28,99,99,88,88,0,0,0,1,0
17,170467,2,2,0,0,0,2,2,99,0,28,6,2016,3,10,25,0,1,4,1,2,"US-6","",940,41.35336389,-88.89763611,0,12,6,0,8,1,0,1,1,1,0,1,0,"0000000",10,30,99,99,99,99,0,0,0,1,0
17,170468,5,5,0,0,0,5,5,31,6180,24,6,2016,6,14,11,0,2,4,1,2,"US-14 (DEMPSTER ST)","HARLEM AVE",587,42.04072778,-87.81015,0,33,0,0,1,1,0,4,1,1,0,1,0,"0000000",14,11,99,99,99,99,0,0,0,1,0
17,170469,1,1,0,0,0,2,2,29,0,26,6,2016,1,21,30,0,1,5,2,4,"CR-15  (1500N)","",0,39.59346944,-88.13292778,0,19,0,0,1,1,0,4,2,1,0,1,0,"0000000",9,15,99,99,88,88,18,0,0,1,1
17,170470,1,1,0,0,0,2,2,149,0,30,6,2016,5,15,3,1,1,1,1,1,"I-72  (US-36)","",330,39.67117778,-90.80519167,0,38,0,0,1,1,0,4,1,1,0,1,0,"0000000",15,3,99,99,99,99,0,0,0,1,1
17,170471,3,3,0,0,0,8,8,43,5980,26,6,2016,1,16,54,1,2,3,1,3,"SR-59","NORTH AURORA RD",189,41.78140278,-88.20564722,0,12,6,0,2,2,0,1,1,1,0,1,0,"0000000",16,54,99,99,99,99,0,0,0,1,0
17,170472,1,1,0,0,0,1,1,199,0,30,6,2016,5,7,32,0,1,5,3,5,"HAFER RD","",0,37.7795,-89.049425,0,1,0,0,1,1,0,4,1,1,0,1,0,"0000000",7,32,99,99,99,99,0,0,0,1,0
17,170473,1,1,0,0,0,1,1,61,7423,25,6,2016,7,20,0,0,1,4,1,3,"SR-267","",229,39.27362778,-90.19993333,0,34,0,0,1,1,0,4,5,1,0,1,0,"0000000",20,9,99,99,99,99,0,0,0,1,1
17,170474,2,2,0,0,0,3,3,163,1240,2,6,2016,5,10,4,1,2,3,1,3,"SR-3 (MISSISSIPPI AVE)","SR-157 (CAMP JACKSON RD)",1413,38.5723,-90.18807222,0,12,6,0,2,3,0,1,1,1,0,1,0,"0000000",10,4,99,99,99,99,0,0,0,1,0
17,170475,3,3,0,0,0,9,9,117,0,15,6,2016,4,13,32,0,1,4,1,3,"SR-111","CR-31  (SUMMERVILLE RD)",498,39.18895278,-90.12595,0,12,2,0,3,4,0,1,1,1,0,1,0,"0000000",13,32,99,99,99,99,14,0,0,1,0
17,170476,1,1,0,0,0,2,2,173,0,6,6,2016,2,0,38,0,1,7,3,5,"900N","",0,39.34616667,-89.01357778,0,34,0,0,1,1,0,4,2,1,0,1,0,"0000000",0,38,99,99,99,99,0,0,0,1,1
17,170477,1,1,0,0,0,1,1,31,1670,2,6,2016,5,21,45,0,2,4,4,6,"MARTIN LUTHER KING DR","25TH ST",0,41.84790278,-87.61736944,0,19,0,1,3,3,0,4,3,1,0,1,0,"0000000",21,46,99,99,99,99,0,0,0,1,0
17,170478,2,2,0,0,0,3,3,31,1670,16,6,2016,5,5,55,0,2,5,4,6,"KOSTNER AVE","W LEXINGTON ST",0,41.8715,-87.73516111,0,12,8,0,3,2,0,1,1,1,0,1,0,"0000000",18,15,99,99,99,99,0,0,0,1,0
17,170479,1,1,0,0,0,6,6,79,0,2,7,2016,7,18,50,0,1,7,3,5,"400E","",0,38.88381389,-88.29609722,0,1,0,0,1,1,0,1,5,1,0,1,0,"0000000",19,5,99,99,99,99,0,0,0,2,1
17,170480,1,1,0,0,0,3,3,149,0,2,7,2016,7,0,30,0,1,5,2,4,"CR-11 (MAIN ST)","",0,39.47969167,-90.86541111,0,34,0,0,1,1,0,4,2,1,0,1,0,"0000000",0,36,99,99,88,88,0,0,0,1,1
17,170481,3,3,0,0,0,3,3,121,0,2,7,2016,7,7,5,1,1,3,1,2,"US-51 (CR-300)","",1346,38.78381111,-89.08646111,0,12,2,0,1,1,0,1,1,1,0,1,0,"0000000",7,8,99,99,99,99,0,0,0,1,0
17,170482,2,2,0,0,0,2,2,197,4300,2,7,2016,7,22,37,0,2,4,4,6,"RICHARDS ST","THIRD AVE",0,41.51884167,-88.07431944,0,12,6,0,2,2,0,1,3,1,0,1,0,"0000000",22,37,99,99,99,99,0,0,0,1,0
17,170483,1,1,0,1,1,1,1,31,1670,1,7,2016,6,8,59,0,2,4,4,6,"SACRAMENTO AVE","BELMONT AVE",0,41.939375,-87.70270833,0,9,0,0,2,2,0,1,1,1,0,1,0,"0000000",8,59,99,99,99,99,0,0,0,1,0
17,170484,2,2,0,0,0,2,2,197,0,2,7,2016,7,13,27,1,1,3,2,4,"CR-25 (WILMINGTON RD)","CR-19 (CENTER RD)",0,41.32418333,-87.84308889,0,12,6,0,3,2,0,1,1,1,0,1,0,"0000000",13,27,99,99,88,88,0,0,0,1,0
17,170485,5,5,0,0,0,6,6,197,4001,1,7,2016,6,16,58,0,2,4,1,2,"US-6 (SOUTHWEST HWY)","SPRING MEADOWS DR",1541,41.55679722,-87.916725,0,12,8,0,3,3,0,1,1,1,0,1,0,"0000000",16,58,99,99,99,99,14,0,0,1,0
17,170486,2,2,0,0,0,3,3,157,0,4,7,2016,2,16,3,0,1,6,2,4,"CR-16 (EDEN RD)","",0,38.10410833,-89.66716111,0,12,6,0,1,1,0,1,1,2,0,2,0,"0000000",16,3,99,99,99,99,0,0,0,1,0
17,170487,2,2,0,0,0,4,4,119,3550,5,7,2016,3,12,7,0,2,5,4,6,"NAMEOKI RD","FEHLING RD",0,38.72303056,-90.12286111,0,12,7,0,3,2,0,1,1,1,0,1,0,"0000000",12,7,99,99,99,99,0,0,0,1,0
17,170488,1,1,0,0,0,1,1,161,0,6,7,2016,4,3,16,1,2,1,1,1,"I-280","",53,41.45256667,-90.54858333,0,24,0,1,19,1,0,3,2,2,0,2,0,"0000000",3,16,99,99,88,88,0,0,0,1,0
17,170490,3,2,1,0,0,3,3,31,1670,3,7,2016,1,4,33,0,2,5,4,6,"LOOMIS BLVD","78TH ST",0,41.75224722,-87.65863056,0,12,6,0,3,2,0,1,3,1,0,1,0,"0000000",4,33,99,99,99,99,0,0,0,1,2
17,170491,1,1,0,0,0,1,1,111,0,10,7,2016,1,17,27,0,2,5,3,5,"ACKMAN RD","",0,42.204475,-88.366,0,42,0,0,1,1,0,4,1,1,0,1,0,"0000000",17,27,99,99,99,99,0,0,0,1,0
17,170492,3,3,0,0,0,3,3,63,0,9,7,2016,7,18,48,0,1,7,2,4,"CR-28 (OLD STAGE RD)","",0,41.339525,-88.51805556,0,23,0,0,1,1,0,4,1,1,0,1,0,"0000000",18,48,99,99,99,99,0,0,0,1,0
17,170493,1,1,0,0,0,1,1,89,2690,17,7,2016,1,17,52,0,2,4,4,6,"DUNDEE AVE (CENTER ST)","",0,42.03950556,-88.281025,0,33,0,0,1,1,0,4,1,1,0,1,0,"0000000",17,52,99,99,99,99,0,0,0,1,1
17,170494,2,2,0,1,1,2,2,97,3670,20,7,2016,4,7,41,0,2,7,4,6,"GROVE AVE","",0,42.37895278,-87.90769444,0,12,6,0,8,1,0,1,1,1,0,1,0,"0000000",7,41,99,99,99,99,0,0,0,1,0
17,170495,2,2,0,0,0,3,3,99,0,11,7,2016,2,22,7,0,1,5,2,4,"CR-43 (E 8TH RD)","CR-33 (N 33RD RD)",0,41.41163333,-89.01032778,0,12,6,0,2,2,0,1,2,1,0,1,0,"0000000",22,7,99,99,99,99,0,0,0,2,1
17,170496,2,2,0,0,0,2,2,89,9997,8,7,2016,6,14,46,1,2,3,1,3,"SR-25","GRAHAM ST",251,42.00826389,-88.26908611,0,1,0,0,2,3,0,1,1,1,0,1,0,"0000000",14,46,99,99,99,99,0,0,0,1,0
17,170497,1,1,0,1,1,1,1,31,1670,12,3,2016,7,18,3,0,2,4,4,6,"71ST ST","",0,41.76436944,-87.70355278,0,8,0,0,1,1,0,1,2,1,0,1,0,"0000000",18,3,99,99,99,99,0,0,0,1,0
17,170498,2,2,0,0,0,2,2,19,1550,11,7,2016,2,15,35,0,2,5,4,6,"STATE ST","WHITE ST",0,40.114425,-88.24683333,0,12,6,0,2,2,0,1,1,1,0,1,0,"0000000",15,35,99,99,99,99,0,0,0,1,1
17,170499,2,2,0,0,0,3,3,43,0,11,7,2016,2,15,57,0,2,5,3,5,"BOOK RD","",0,41.73783611,-88.18660278,0,12,2,0,1,1,0,1,1,1,0,1,0,"0000000",15,57,99,99,99,99,0,0,0,1,0
17,170500,1,1,0,0,0,1,1,43,0,24,6,2016,6,20,14,0,2,7,3,5,"CASS AVE","",0,41.721975,-87.97016389,0,34,0,0,1,1,0,4,5,1,0,1,0,"0000000",20,14,99,99,99,99,0,0,0,1,1
17,170501,1,1,0,0,0,2,2,89,2690,2,7,2016,7,11,45,1,2,3,1,2,"US-20","HIGHLAND WOOD BLVD",1382,42.05116667,-88.396425,0,33,0,0,3,3,0,4,1,1,0,1,0,"0000000",11,45,99,99,99,99,0,0,0,1,0
17,170502,1,1,0,0,0,1,1,77,0,16,7,2016,7,7,13,0,1,4,1,3,"SR-4","",32,37.863975,-89.38121944,0,42,0,0,1,1,0,4,9,1,0,1,0,"0000000",7,13,99,99,88,88,0,0,0,1,1
17,170503,1,1,0,0,0,1,1,63,9997,15,7,2016,6,1,13,0,2,7,4,6,"BLUE GRASS DR","",0,41.42164722,-88.26619444,0,33,0,0,1,1,0,3,3,1,0,1,0,"0000000",1,13,99,99,88,88,0,0,0,1,0
17,170504,1,1,0,0,0,1,1,91,0,16,7,2016,7,22,33,0,1,5,1,3,"SR-17","",2058,41.23043889,-87.59254167,0,42,0,0,1,1,0,4,2,1,0,1,0,"0000000",22,33,99,99,88,88,0,0,0,1,0
17,170505,1,1,0,0,0,1,1,87,0,15,7,2016,6,4,15,0,1,4,1,2,"US-45","CR-8 (OZARK RD)",424,37.541875,-88.77271111,0,35,0,0,3,3,0,4,2,1,0,1,0,"0000000",6,10,99,99,88,88,0,0,0,1,1
17,170506,1,1,0,0,0,4,4,31,8120,11,7,2016,2,1,4,1,2,1,1,1,"I-94","",743,41.58263333,-87.58305,0,25,0,1,5,1,0,4,3,1,0,1,0,"0000000",1,5,99,99,99,99,0,0,0,1,0
17,170507,3,3,0,0,0,5,5,43,0,16,7,2016,7,16,10,1,2,1,1,1,"I-290 (EISENHOWER EXPY)","",134,41.90593889,-87.9231,0,12,1,0,1,1,0,1,1,1,0,1,0,"0000000",16,14,99,99,99,99,0,0,0,2,0
17,170509,3,3,0,0,0,3,3,31,7488,19,7,2016,3,3,56,1,2,2,1,3,"SR-53","",714,42.08673056,-88.03111944,0,12,2,1,18,1,0,1,3,1,0,1,0,"0000000",3,56,99,99,99,99,0,0,0,2,0
17,170510,3,3,0,0,0,5,5,143,6850,19,7,2016,3,12,20,1,2,3,1,3,"SR-40 (KNOXVILLE AVE)","LAKE AVE",50,40.73939722,-89.59338889,0,12,6,0,2,2,0,1,1,10,0,10,0,"0000000",12,21,99,99,99,99,0,0,0,1,0
17,170511,1,1,0,1,1,2,2,31,1670,20,7,2016,4,6,35,0,2,5,4,6,"67TH ST","BENNETT AVE",0,41.77341389,-87.57891944,0,8,0,0,3,3,0,1,1,1,0,1,0,"0000000",6,40,99,99,88,88,0,0,0,1,0
17,170512,1,1,0,0,0,1,1,89,460,16,7,2016,7,13,56,0,2,4,4,6,"INDIAN TRAIL","MANSFIELD DR",0,41.78280556,-88.26423333,0,33,0,0,3,2,0,3,1,1,0,1,0,"0000000",13,56,99,99,99,99,0,0,0,1,0
17,170513,2,2,0,0,0,2,2,65,2150,22,7,2016,6,13,43,0,1,5,2,4,"CR-8 (2000N) (MAIN ST)","",0,38.19806111,-88.67566944,0,12,6,0,1,1,0,1,1,1,0,1,0,"0000000",13,44,99,99,88,88,0,0,0,1,0