"STATE","ST_CASE","VE_TOTAL","VE_FORMS","PVH_INVL","PEDS","PERNOTMVIT","PERMVIT","PERSONS","COUNTY","CITY","DAY","MONTH","YEAR","DAY_WEEK","HOUR","MINUTE","NHS","RUR_URB","FUNC_SYS","RD_OWNER","ROUTE","TWAY_ID","TWAY_ID2","MILEPT","LATITUDE","LONGITUD","SP_JUR","HARM_EV","MAN_COLL","RELJCT1","RELJCT2","TYP_INT","WRK_ZONE","REL_ROAD","LGT_COND","WEATHER1","WEATHER2","WEATHER","SCH_BUS","RAIL","NOT_HOUR","NOT_MIN","ARR_HOUR","ARR_MIN","HOSP_HR","HOSP_MN","CF1","CF2","CF3","FATALS","DRUNK_DR"
17,170514,1,1,0,1,1,1,1,31,6400,23,7,2016,7,18,14,1,2,3,1,3,"SR-50  (CICERO AVE)","",452,41.72765278,-87.74104722,0,8,0,0,1,1,0,1,1,1,0,1,0,"0000000",18,14,99,99,99,99,0,0,0,1,0
17,170515,1,1,0,0,0,1,1,163,2610,23,7,2016,7,18,51,1,2,1,1,1,"I-64 RAMP FROM SR-3","",6,38.61551667,-90.17153056,0,23,0,1,5,1,0,4,1,1,0,1,0,"0000000",18,51,99,99,88,88,0,0,0,1,1
17,170516,2,2,0,0,0,2,2,31,780,7,7,2016,5,7,12,0,2,3,1,6,"OGDEN AVE","OAK PARK AVE",0,41.82724167,-87.79261944,0,12,6,0,3,2,0,1,1,1,0,1,0,"0000000",7,12,99,99,99,99,0,0,0,1,0
17,170517,1,1,0,0,0,1,1,43,5980,11,7,2016,2,1,43,0,2,4,4,6,"WASHINGTON ST","",0,41.7927,-88.14700278,0,42,0,0,1,1,0,4,3,1,0,1,0,"0000000",1,43,99,99,88,88,0,0,0,1,0
17,170518,2,2,0,0,0,4,4,19,8770,21,7,2016,5,16,12,1,2,1,1,1,"I-74","",1859,40.12025278,-88.16318611,0,12,1,0,1,1,1,1,1,1,0,1,0,"0000000",16,14,99,99,99,99,3,0,0,1,0
17,170519,1,1,0,0,0,2,2,85,0,24,7,2016,1,13,20,0,1,4,1,3,"SR-84","",908,42.46683889,-90.44924167,0,42,0,0,1,1,0,4,1,1,0,1,0,"0000000",13,24,99,99,99,99,0,0,0,1,0
17,170520,2,2,0,0,0,2,2,195,0,25,7,2016,2,22,22,1,1,3,1,2,"US-30  (LINCOLN HWY)","EMERSON RD",207,41.79103333,-89.81169722,0,12,6,0,3,3,0,1,1,1,0,1,0,"0000000",22,22,99,99,99,99,0,0,0,1,0
17,170521,1,1,0,0,0,1,1,77,1350,7,5,2016,7,3,10,0,1,4,3,5,"WALNUT ST","",0,37.73381944,-89.166125,0,32,0,0,1,1,0,4,2,1,0,1,0,"0000000",3,11,99,99,88,88,0,0,0,1,0
17,170522,3,3,0,0,0,4,4,163,2962,22,6,2016,4,16,55,0,2,4,2,4,"CR-95 (FRANK SCOTT PKY)","CR-62 (UNION HILL RD)",0,38.57115833,-90.00196944,0,12,6,0,3,2,0,1,1,1,0,1,0,"0000000",16,55,99,99,99,99,14,0,0,1,0
17,170523,4,1,3,1,1,1,1,31,1670,12,6,2016,1,19,30,0,2,7,4,6,"ASHLAND BLVD","",0,42.00090833,-87.67045,0,8,0,0,1,1,0,1,1,1,0,1,0,"0000000",19,28,99,99,99,99,0,0,0,1,0
17,170524,2,2,0,0,0,5,5,31,1670,21,6,2016,3,16,28,0,2,7,4,6,"42ND ST","",0,41.81829444,-87.62545278,0,12,6,1,8,1,0,1,1,1,0,1,0,"0000000",16,28,99,99,99,99,20,0,0,1,0
17,170525,1,1,0,1,1,2,2,31,1670,25,6,2016,7,19,0,1,2,3,1,2,"US-41  (LAKE SHORE DRIVE)","",168,41.91133056,-87.62599444,0,8,0,0,1,1,0,1,1,1,0,1,0,"0000000",18,57,99,99,99,99,0,0,0,1,0
17,170526,1,1,0,0,0,2,2,121,0,18,6,2016,7,2,15,0,1,5,2,4,"CR-150 (OLD 51 RD)","",0,38.59653889,-89.11451667,0,1,0,0,1,1,0,4,2,1,0,1,0,"0000000",2,15,99,99,99,99,0,0,0,1,1
17,170527,2,2,0,0,0,3,3,23,0,8,6,2016,4,15,35,0,1,5,1,2,"US-40","",1525,39.40193611,-87.6618,0,12,6,0,1,1,0,1,1,1,0,1,0,"0000000",15,36,99,99,99,99,0,0,0,1,0
17,170528,2,2,0,0,0,3,3,31,2390,22,6,2016,4,2,44,0,2,4,4,6,"CHICAGO RD","GREENWOOD RD",0,41.63526389,-87.60754167,0,12,2,0,2,2,0,1,3,1,0,1,0,"0000000",2,44,99,99,99,99,0,0,0,1,1
17,170529,1,1,0,1,1,1,1,197,7491,23,6,2016,5,7,15,0,2,4,4,6,"135TH (ROMEO RD)","BELMONT DR",0,41.639575,-88.09973611,0,8,0,0,3,2,0,1,1,1,0,1,0,"0000000",7,15,99,99,99,99,0,0,0,1,0
17,170530,2,2,0,0,0,4,4,31,2870,9,6,2016,5,16,9,0,2,4,4,6,"CENTRAL ST","ORRINGTON AVE",0,42.0641,-87.67952778,0,12,6,0,2,2,0,1,1,1,0,1,0,"0000000",16,9,99,99,99,99,0,0,0,1,0
17,170531,2,2,0,0,0,2,2,55,760,2,7,2016,7,0,25,0,1,5,4,6,"SUGAR CREEK RD","",0,38.01233889,-88.93837778,0,12,1,0,1,1,0,1,2,1,0,1,0,"0000000",0,25,99,99,88,88,23,0,0,1,1
17,170532,2,2,0,1,1,8,8,31,850,3,7,2016,1,18,50,1,2,3,4,6,"WESTERN AVE","136TH ST",0,41.64583611,-87.68029722,0,12,6,0,8,1,0,1,1,1,0,1,0,"0000000",18,50,99,99,99,99,0,0,0,1,0
17,170533,2,2,0,0,0,2,2,81,0,4,7,2016,2,21,17,0,1,4,1,3,"SR-15  (FAIRFIELD RD)","",886,38.34278889,-88.72843611,0,12,1,0,1,1,0,1,2,2,0,2,0,"0000000",21,17,99,99,99,99,0,0,0,1,0
17,170534,1,1,0,1,1,1,1,167,8220,5,7,2016,3,22,49,1,2,3,1,3,"SR-29 (DIRKSEN PKWY)","",419,39.79812222,-89.60578889,0,8,0,0,1,1,0,1,2,1,0,1,0,"0000000",22,49,99,99,99,99,0,0,0,1,0
17,170535,2,2,0,0,0,3,3,31,1670,16,7,2016,7,3,23,0,2,5,4,6,"CONGRESS PKWY","HAMLIN BLVD",0,41.87443333,-87.71978889,0,12,6,1,2,2,0,1,3,1,0,1,0,"0000000",3,23,99,99,99,99,0,0,0,1,0
17,170536,2,2,0,0,0,2,2,99,0,21,7,2016,5,18,30,0,1,5,2,4,"CR-43 (8TH RD)","CR-33 (33RD RD)",0,41.41163333,-89.01033056,0,12,6,0,2,2,0,1,1,1,0,1,0,"0000000",18,35,99,99,99,99,0,0,0,1,0
17,170537,3,3,0,0,0,4,4,107,0,26,7,2016,3,2,14,1,1,1,1,1,"I-55","",1329,40.19152222,-89.30705833,0,12,8,0,1,1,0,1,2,1,0,1,0,"0000000",2,14,99,99,88,88,0,0,0,1,1
17,170538,3,1,2,0,0,2,2,31,1670,17,7,2016,1,23,40,0,2,7,4,6,"ST LOUIS AVE","OGDEN AVE",0,41.85514167,-87.71245,0,40,0,0,3,2,0,4,3,2,0,2,0,"0000000",23,42,99,99,99,99,20,0,0,1,0
17,170539,1,1,0,0,0,1,1,163,0,19,7,2016,3,3,3,0,2,4,1,3,"SR-13","",60,38.52262222,-90.01375,0,30,0,0,1,1,0,4,2,1,0,1,0,"0000000",3,4,99,99,99,99,0,0,0,1,0
17,170540,1,1,0,0,0,2,2,31,1670,24,7,2016,1,2,46,1,2,1,1,1,"I-57","",3568,41.71375,-87.65130556,0,30,0,0,1,1,0,4,3,1,0,1,0,"0000000",2,46,99,99,99,99,0,0,0,2,1
17,170541,1,1,0,1,1,1,1,21,0,27,7,2016,4,2,19,0,2,3,1,3,"SR-29","",157,39.54766111,-89.26985556,0,8,0,0,1,1,0,1,2,1,0,1,0,"0000000",2,19,99,99,88,88,0,0,0,1,0
17,170542,2,2,0,0,0,2,2,201,0,26,7,2016,3,16,26,0,1,5,1,3,"SR-70  (TRASK BRIDGE RD)","",136,42.37943611,-89.30611389,0,12,2,0,1,1,0,1,1,1,0,1,0,"0000000",16,26,99,99,99,99,0,0,0,1,0
17,170543,2,2,0,0,0,9,9,89,0,25,7,2016,2,18,55,1,2,1,31,1,"I-88 (SR-110)","",1154,41.79537778,-88.35026111,0,12,7,0,1,1,0,1,1,1,0,1,0,"0000000",18,55,99,99,99,99,0,0,0,1,0
17,170544,2,1,1,0,1,7,8,31,0,18,7,2016,2,17,15,1,2,1,1,1,"I-80","",524,41.57783889,-87.58380556,0,14,0,1,19,1,0,4,1,1,0,1,0,"0000000",17,15,99,99,99,99,23,0,0,1,0
17,170545,5,5,0,0,0,5,5,31,1670,25,7,2016,2,10,53,1,2,1,1,1,"I-55","",2877,41.82251667,-87.726425,0,12,1,1,18,1,0,1,1,1,0,1,0,"0000000",10,55,99,99,99,99,0,0,0,1,0
17,170546,1,1,0,0,0,1,1,61,0,27,7,2016,4,1,55,0,1,4,1,3,"SR-106","",48,39.51234167,-90.41653889,0,52,0,0,1,1,0,4,2,1,0,1,0,"0000000",1,55,99,99,88,88,0,0,0,1,0
17,170547,2,2,0,0,0,3,3,67,0,28,7,2016,5,18,17,0,1,7,3,4,"CR-900","",0,40.45978056,-91.32883611,0,12,2,0,1,1,0,1,1,1,0,1,0,"0000000",19,41,99,99,99,99,0,0,0,1,0
17,170548,2,2,0,0,0,3,3,135,4870,30,7,2016,7,19,48,1,2,3,1,3,"SR-16","",559,39.17558056,-89.67434444,0,12,6,0,1,1,0,1,1,1,0,1,0,"0000000",19,48,99,99,99,99,0,0,0,1,0
17,170549,6,6,0,0,0,17,17,107,0,31,7,2016,1,15,2,1,1,1,1,1,"I-55","",1379,40.24708611,-89.24684722,0,12,1,0,1,1,1,1,1,1,0,1,0,"0000000",15,2,99,99,99,99,3,0,0,2,0
17,170550,1,1,0,0,0,1,1,55,0,25,7,2016,2,12,0,1,1,1,1,1,"I-57 (KEN GRAY EXPRESSWAY)","",673,37.93673056,-88.94389722,0,34,0,0,1,1,0,3,1,1,0,1,0,"0000000",12,0,99,99,99,99,0,0,0,1,0
17,170551,1,1,0,0,0,1,1,91,4380,31,7,2016,1,6,40,0,2,4,4,6,"EAST AVE","RIVER ST",0,41.11414167,-87.86651111,0,38,0,0,3,3,0,4,3,1,0,1,0,"0000000",6,40,99,99,88,88,0,0,0,1,1
17,170552,3,3,0,0,0,4,4,143,6860,29,7,2016,6,9,12,1,2,3,1,3,"SR-29","POPLAR LN",1213,40.75193056,-89.56077778,0,12,2,0,2,2,0,1,1,1,0,1,0,"0000000",9,15,99,99,99,99,0,0,0,1,0
17,170553,4,4,0,0,0,12,12,43,0,31,7,2016,1,14,21,0,2,4,2,4,"CR-20 (GRAND AVE)","",0,41.93160556,-87.93164167,0,12,2,0,1,1,0,1,1,1,0,1,0,"0000000",14,21,99,99,99,99,14,0,0,2,0
17,170554,2,2,0,0,0,3,3,99,0,27,7,2016,4,16,46,1,1,1,1,1,"I-80","",819,41.36764167,-88.99485278,0,12,1,0,1,1,1,1,1,1,0,1,0,"0000000",16,46,99,99,99,99,3,28,0,1,0
17,170555,1,1,0,0,0,4,4,189,0,29,7,2016,6,1,0,1,1,1,1,1,"I-64","",545,38.39110556,-89.288375,0,42,0,0,1,1,1,4,2,1,0,1,0,"0000000",1,8,99,99,99,99,0,0,0,2,0
17,170556,2,2,0,0,0,2,2,97,8933,18,7,2016,2,13,47,1,2,1,1,1,"I-94 S/B RAMP TO RUSSELL RD","RUSSELL RD",632,42.48718333,-87.94887778,0,12,6,1,2,3,0,1,1,1,0,1,0,"0000000",13,49,99,99,99,99,0,0,0,1,0
17,170557,3,2,1,0,0,2,2,31,1670,22,7,2016,6,13,51,0,2,4,4,6,"INDIANA AVE","33RD ST",0,41.83471667,-87.62181944,0,12,6,0,3,2,0,1,1,1,0,1,0,"0000000",13,51,99,99,99,99,0,0,0,1,0
17,170558,1,1,0,0,0,4,4,87,0,7,7,2016,5,19,46,0,1,7,3,5,"BROWN RD","",0,37.46833056,-88.90663056,0,3,0,0,1,1,0,1,1,1,0,1,0,"0000000",19,46,99,99,99,99,5,0,0,1,0
17,170559,2,2,0,0,0,3,3,167,8220,9,7,2016,7,18,21,0,2,4,4,6,"11TH ST","SOUTH GRAND AVE",0,39.78717778,-89.64121667,0,12,6,0,2,2,0,1,1,1,0,1,0,"0000000",18,22,99,99,99,99,0,0,0,1,2
17,170560,2,2,0,0,0,3,3,167,0,16,7,2016,7,9,1,0,1,5,2,4,"CR-31 (WILLIAMSVILLE RD)","TURKEY RUN RD",0,39.88158333,-89.53989444,0,12,1,0,3,2,0,1,1,1,0,1,0,"0000000",9,1,99,99,99,99,0,0,0,1,1
17,170561,3,3,0,0,0,7,7,31,3996,2,7,2016,7,21,28,1,2,3,1,3,"SR-72 (HIGGINS RD)","HUNTINGTON BLVD",927,42.05381111,-88.12034167,0,12,6,0,2,2,0,1,2,1,0,1,0,"0000000",21,28,99,99,99,99,14,0,0,1,0
17,170562,2,2,0,0,0,5,5,53,0,1,8,2016,2,0,1,0,1,5,1,2,"US-45","",2711,40.43206944,-88.10751389,0,12,2,0,1,1,0,1,2,1,0,1,0,"0000000",0,1,99,99,99,99,0,0,0,1,1
17,170565,3,3,0,0,0,4,4,119,160,3,8,2016,4,14,52,1,2,3,1,2,"US-67","",24,38.90148056,-90.18191944,0,12,2,0,1,1,0,2,1,1,0,1,0,"0000000",14,52,99,99,99,99,0,0,0,1,0
17,170566,1,1,0,0,0,1,1,31,1260,4,8,2016,5,9,56,0,2,5,4,6,"WENTWORTH AVE","",0,41.61395833,-87.52986944,0,38,0,0,1,1,0,4,1,1,0,1,0,"0000000",9,56,99,99,99,99,0,0,0,1,0
17,170567,1,1,0,0,0,4,4,195,0,6,8,2016,7,14,10,0,1,4,1,3,"SR-40  (HOOVER RD)","",705,41.64252778,-89.68976944,0,34,0,0,1,1,0,4,1,1,0,1,0,"0000000",14,12,99,99,99,99,0,0,0,1,0
17,170568,1,1,0,0,0,3,3,79,0,5,8,2016,6,16,20,0,1,5,2,4,"CR-9  (1800TH ST)","",0,38.90673056,-88.03818889,0,35,0,0,1,1,0,4,1,1,0,1,0,"0000000",23,20,99,99,99,99,18,0,0,2,0
17,170569,1,1,0,1,1,1,1,197,4300,7,8,2016,1,9,14,1,2,3,1,2,"US-30 (CASS ST)","BRIGGS ST",1249,41.52923611,-88.04336389,0,8,0,0,3,2,0,1,1,1,0,1,0,"0000000",9,14,99,99,99,99,0,0,0,1,0
17,170570,2,2,0,0,0,2,2,177,0,4,8,2016,5,3,30,1,1,3,1,3,"SR-26","",1282,42.35551667,-89.63288056,0,12,2,0,1,1,0,1,2,1,0,1,0,"0000000",3,30,99,99,99,99,0,0,0,1,1
17,170571,2,2,0,0,0,2,2,201,0,6,8,2016,7,23,12,1,1,3,1,3,"SR-2  (MAIN ST)","CR-63  (ROSCOE RD)",644,42.41188333,-89.07904722,0,12,6,1,3,2,0,1,3,1,0,1,0,"0000000",23,12,99,99,99,99,0,0,0,2,1
17,170572,2,2,0,0,0,4,4,91,0,7,8,2016,1,1,59,0,1,7,2,5,"N 4000E","",0,41.15873889,-87.79840556,0,12,1,0,1,1,0,1,2,1,0,1,0,"0000000",1,59,99,99,88,88,0,0,0,1,1
17,170573,1,1,0,2,2,1,1,135,3930,7,8,2016,1,6,23,0,1,7,2,4,"CR-1275 (GLENN SHOALS DR)","",0,39.18502778,-89.48702778,0,8,0,0,1,1,0,1,1,1,0,1,0,"0000000",6,23,99,99,99,99,15,0,0,1,1
17,170574,3,3,0,0,0,4,4,199,0,5,8,2016,6,11,12,1,1,1,1,1,"I-57","",567,37.78473056,-88.94597778,0,12,1,0,1,1,1,1,1,1,0,1,0,"0000000",11,12,99,99,99,99,3,0,0,1,0
17,170575,1,1,0,1,1,2,2,55,7870,5,8,2016,6,21,10,0,2,7,4,6,"BROADWAY ST","",0,38.08764722,-89.050175,0,8,0,0,1,1,0,1,3,1,0,1,0,"0000000",21,10,99,99,88,88,0,0,0,1,1
17,170576,1,1,0,0,0,1,1,95,3260,11,8,2016,5,22,34,0,2,5,4,6,"3RD ST","",0,40.93625556,-90.37139167,0,33,0,0,1,1,0,4,3,1,0,1,0,"0000000",22,34,99,99,88,88,0,0,0,1,0
17,170577,1,1,0,1,1,1,1,79,0,11,8,2016,5,23,3,0,1,5,2,4,"CR-3","",0,39.00702778,-88.19598333,0,8,0,0,1,1,0,1,2,1,0,1,0,"0000000",23,24,99,99,99,99,0,0,0,1,0
17,170578,1,1,0,1,1,1,1,179,2600,13,8,2016,7,4,19,1,2,3,1,2,"US-150 (MAIN ST)","",1351,40.70270556,-89.53691389,0,8,0,0,1,1,0,1,2,2,0,2,0,"0000000",4,19,99,99,99,99,0,0,0,1,0
17,170579,2,2,0,0,0,2,2,163,1240,13,8,2016,7,6,10,1,2,3,1,3,"SR-3 (MISSISSIPI AVE)","",1424,38.58614167,-90.178325,0,12,6,0,8,1,0,1,4,1,0,1,0,"0000000",6,10,99,99,88,88,0,0,0,1,1
17,170582,2,2,0,0,0,3,3,177,0,13,8,2016,7,15,27,1,2,3,1,3,"SR-75 (STEPHENSON ST)","N TOWER RD",23,42.30507222,-89.59233056,0,1,0,0,8,1,0,1,1,1,0,1,0,"0000000",15,27,99,99,99,99,0,0,0,1,0
17,170583,2,2,0,0,0,2,2,91,0,11,8,2016,5,6,23,0,1,7,2,4,"CR-19 (COUNTY LINE RD)","WILL CENTER RD",0,41.295125,-87.84246944,0,12,6,0,2,3,0,1,4,5,0,5,0,"0000000",6,23,99,99,88,88,0,0,0,1,0
17,170584,1,1,0,1,1,1,1,31,1670,16,8,2016,3,8,15,0,2,5,4,6,"MILWAUKEE AVE","",0,41.89771389,-87.65768889,0,9,0,0,1,1,0,4,1,1,0,1,0,"0000000",8,16,99,99,99,99,0,0,0,1,0
17,170585,2,2,0,0,0,2,2,97,0,12,8,2016,6,11,17,1,2,3,1,3,"SR-21 (MILWAUKEE AVE)","CASEY RD",228,42.32047222,-87.96087222,0,12,6,0,2,3,0,1,1,2,0,2,0,"0000000",11,18,99,99,99,99,0,0,0,1,0
17,170586,1,1,0,0,0,1,1,119,0,19,8,2016,6,15,9,1,1,3,1,3,"SR-4","",966,38.92513889,-89.80142778,0,42,0,0,1,1,0,4,1,1,0,1,0,"0000000",15,9,99,99,99,99,0,0,0,1,0
17,170587,1,1,0,0,0,2,2,163,0,26,6,2016,1,3,34,1,2,1,1,1,"I-64","",37,38.62417222,-90.13236667,0,24,0,1,19,1,0,3,3,1,0,1,0,"0000000",3,34,99,99,99,99,0,0,0,1,1
17,170588,1,1,0,0,0,1,1,99,4690,28,7,2016,5,5,46,1,2,1,1,1,"I-80","",760,41.36885,-89.10683889,0,34,0,1,19,1,0,3,4,1,0,1,0,"0000000",5,46,99,99,88,88,0,0,0,1,0
17,170589,1,1,0,0,0,1,1,137,0,24,7,2016,1,11,30,0,1,5,2,4,"CR-9 (HARTS PRAIRIE RD)","",0,39.59383333,-90.05373611,0,1,0,0,1,1,0,4,1,1,0,1,0,"0000000",10,0,99,99,99,99,18,0,0,1,0
17,170590,6,6,0,0,0,9,9,99,0,1,8,2016,2,13,11,1,1,1,1,1,"I-80","",940,41.37569722,-88.76658889,0,12,1,0,1,1,1,1,1,1,0,1,0,"0000000",13,11,99,99,99,99,3,0,0,3,0
17,170591,1,1,0,0,0,1,1,167,0,8,8,2016,2,7,23,1,1,1,1,1,"I-55","",1048,39.90975833,-89.59486944,0,57,0,0,1,1,0,3,1,1,0,1,0,"0000000",7,23,99,99,99,99,0,0,0,1,0
17,170592,1,1,0,0,0,3,3,167,0,10,8,2016,4,13,46,1,2,1,1,1,"I-55","",841,39.62886389,-89.64699444,0,1,0,0,1,1,0,4,1,1,0,1,0,"0000000",13,46,99,99,99,99,0,0,0,1,0
17,170593,2,2,0,0,0,2,2,71,0,12,8,2016,6,15,25,0,1,4,1,3,"SR-116","",60,40.77071389,-90.89396389,0,12,6,0,1,1,0,1,1,2,0,2,0,"0000000",15,34,99,99,88,88,0,0,0,1,0
17,170594,2,2,0,0,0,3,3,201,0,13,8,2016,7,1,52,1,2,3,1,3,"SR-2 (MAIN ST)","",593,42.33755833,-89.07826111,0,12,8,0,1,1,0,1,2,1,0,1,0,"0000000",1,52,99,99,99,99,0,0,0,1,1
17,170595,1,1,0,0,0,1,1,43,1670,10,8,2016,4,18,41,1,2,3,1,3,"SR-19 (IRVING PARK RD)","",204,41.95574722,-87.93115278,0,30,0,0,1,1,0,4,1,1,0,1,0,"0000000",22,30,99,99,88,88,0,0,0,1,0
17,170596,2,2,0,0,0,2,2,73,0,14,8,2016,1,13,6,1,2,1,1,1,"I-80","",54,41.50760833,-90.33935556,0,12,7,1,5,1,1,1,1,1,0,1,0,"0000000",13,6,99,99,99,99,3,0,0,1,0
17,170597,3,3,0,0,0,4,4,91,0,15,8,2016,2,10,14,0,1,5,1,3,"SR-115","CR-28 (LEHIGH RD)",529,41.05905278,-88.00271944,0,12,6,0,3,2,0,1,1,1,0,1,0,"0000000",10,14,99,99,99,99,0,0,0,1,0
17,170598,2,2,0,0,0,2,2,47,0,16,8,2016,3,13,0,0,1,4,1,3,"SR-130","",31,38.311825,-88.02282222,0,12,6,0,1,1,0,1,1,1,0,1,0,"0000000",13,12,99,99,88,88,0,0,0,1,0
17,170599,1,1,0,0,0,2,2,117,0,20,8,2016,7,23,45,0,1,7,3,5,"TERPENING RD","",0,39.01353056,-90.113625,0,1,0,0,1,1,0,1,2,1,0,1,0,"0000000",23,45,99,99,99,99,0,0,0,1,1
17,170600,2,2,0,0,0,2,2,43,9180,18,8,2016,5,9,11,1,2,3,1,3,"SR-38 TO SR-59 (SARANA AVE)","",0,41.86356389,-88.19316389,0,1,0,0,1,1,0,1,1,1,0,1,0,"0000000",9,11,99,99,99,99,0,0,0,1,0
17,170601,1,1,0,0,0,1,1,133,0,21,8,2016,1,0,1,0,1,5,3,5,"OLD SR-156","",0,38.29647778,-90.30164722,0,17,0,0,1,1,0,4,2,1,0,1,0,"0000000",0,14,99,99,99,99,0,0,0,1,0
17,170602,2,2,0,0,0,3,3,115,0,22,8,2016,2,15,50,1,1,3,1,3,"SR-121  (BEARSDALE RD)","CR-41  (WYCKLES RD)",791,39.90961389,-89.02886111,0,12,6,0,3,2,1,1,1,1,0,1,0,"0000000",15,50,99,99,99,99,0,0,0,1,0
17,170603,2,2,0,0,0,2,2,89,3300,10,8,2016,4,16,20,0,2,3,2,4,"CR-8 (FABYAN PKWY)","SETTLERS HILL",0,41.86880278,-88.28904722,0,12,6,0,2,3,0,1,1,1,0,1,0,"0000000",16,22,99,99,99,99,0,0,0,1,0
17,170605,2,2,0,0,0,2,2,105,0,22,8,2016,2,17,38,1,1,3,1,2,"US-24","FOURTH ST",2016,40.74706389,-88.29194722,0,12,6,0,2,2,0,1,1,1,0,1,0,"0000000",17,43,99,99,88,88,0,0,0,1,0
17,170606,1,1,0,1,1,1,1,113,6230,23,8,2016,3,9,36,0,2,4,4,6,"VERNON AVE","GRANDVIEW DR",0,40.50500556,-88.97351111,0,8,0,0,3,2,0,1,1,1,0,1,0,"0000000",9,36,99,99,99,99,0,0,0,1,0
17,170607,2,2,0,0,0,2,2,31,8367,23,8,2016,3,16,52,0,2,7,4,6,"LACY AVE","",0,42.00426111,-88.17273056,0,12,6,0,8,1,0,1,1,1,0,1,0,"0000000",16,52,99,99,88,88,0,0,0,1,0
17,170609,2,2,0,0,0,2,2,119,160,22,8,2016,2,5,9,1,2,3,1,2,"US-67 (PIASA ST)","",17,38.89350833,-90.18627222,0,12,2,0,1,1,0,1,3,1,0,1,0,"0000000",5,9,99,99,99,99,0,0,0,1,0
17,170610,1,1,0,0,0,1,1,97,9100,25,8,2016,5,23,3,0,2,7,4,6,"WESTMORELAND AVE","",0,42.37673889,-87.85683333,0,33,0,0,1,1,0,4,2,1,0,1,0,"0000000",23,3,99,99,88,88,0,0,0,1,1
17,170611,1,1,0,0,0,1,1,187,0,26,8,2016,6,11,48,1,2,3,1,2,"US-67","",1682,40.95834722,-90.64081667,0,59,0,0,1,1,0,4,1,1,0,1,0,"0000000",11,48,99,99,88,88,0,0,0,1,0
17,170612,1,1,0,0,0,1,1,173,0,27,8,2016,7,1,10,0,1,5,2,4,"CR-6 (CLARKSBURG RD)","",0,39.34796111,-88.7786,0,35,0,0,1,1,0,4,2,1,0,1,0,"0000000",6,7,99,99,88,88,0,0,0,1,1
17,170613,2,2,0,0,0,2,2,197,0,27,8,2016,7,6,11,0,1,5,1,3,"SR-113  (MAIN ST)","",155,41.26139444,-88.15474722,0,12,6,0,1,1,0,1,2,2,0,2,0,"0000000",6,11,99,99,99,99,0,0,0,1,0
17,170614,2,2,0,0,0,2,2,135,0,27,8,2016,7,15,8,0,1,4,1,3,"SR-185","",123,39.04280556,-89.29331389,0,12,6,0,8,1,0,1,1,1,0,1,0,"0000000",15,8,99,99,99,99,0,0,0,1,0
17,170615,1,1,0,1,1,1,1,9,0,29,8,2016,2,16,2,0,1,7,3,5,"675E","",0,39.96851389,-90.78348056,0,8,0,0,1,1,0,1,1,1,0,1,0,"0000000",16,22,99,99,99,99,3,0,0,1,0
17,170616,2,2,0,0,0,4,4,127,0,29,8,2016,2,18,56,0,1,6,2,4,"CR-3 (UNITY SCHOOL RD)","CR-8 (PELL RD)",0,37.15997778,-88.62129444,0,12,6,0,2,2,0,1,1,1,0,1,0,"0000000",19,7,99,99,99,99,0,0,0,2,0
17,170617,2,2,0,0,0,3,3,97,9100,7,8,2016,1,2,11,0,2,7,4,6,"MCALISTER AVE","HELMHOLZ AVE",0,42.34812222,-87.83632222,0,12,1,0,3,2,0,1,3,1,0,1,0,"0000000",2,11,99,99,99,99,0,0,0,1,1
17,170618,2,2,0,0,0,2,2,177,0,27,8,2016,7,16,49,0,2,4,1,2,"US-20","",80,42.28064167,-89.58336389,0,24,0,0,1,1,0,4,1,1,0,1,0,"0000000",16,49,99,99,88,88,20,0,0,1,0
17,170619,1,1,0,0,0,2,2,103,0,28,8,2016,1,23,0,0,1,7,3,5,"MCGIRR RD","",0,41.81587222,-89.38042222,0,34,0,0,1,1,0,4,2,1,0,1,0,"0000000",1,50,99,99,99,96,18,0,0,1,1
17,170620,2,2,0,0,0,4,4,111,0,27,8,2016,7,19,38,1,1,3,1,3,"SR-23","STREIT RD",1218,42.38568333,-88.61803056,0,12,6,0,3,2,0,1,1,1,0,1,0,"0000000",19,38,19,42,20,35,0,0,0,1,1
17,170621,2,2,0,0,0,2,2,179,0,31,8,2016,4,14,48,0,2,4,1,2,"US-150 (MEADOWS AVE)","",981,40.65383056,-89.51951944,0,12,2,0,1,1,0,1,1,1,0,1,0,"0000000",14,48,99,99,99,99,0,0,0,1,0
17,170623,1,1,0,1,1,1,1,19,8770,27,8,2016,7,0,27,1,2,3,1,2,"US-45 (US-150)(UNIVERSITY AVE)","BROADWAY AVE",2479,40.1164,-88.207325,0,8,0,0,3,2,0,1,3,10,0,10,0,"0000000",0,27,0,31,99,99,0,0,0,1,0
17,170624,1,1,0,0,0,2,2,77,0,28,8,2016,1,8,5,0,1,7,3,5,"VAUGHN RD","JIMMY LN",0,37.78500278,-89.15638056,0,42,0,0,3,4,0,4,1,1,0,1,0,"0000000",8,5,99,99,99,99,0,0,0,2,0
17,170625,1,1,0,0,0,1,1,31,8620,3,9,2016,7,21,10,0,2,4,4,6,"183RD ST","",0,41.55703611,-87.75726944,0,5,0,0,1,1,0,4,2,1,0,1,0,"0000000",21,19,99,99,88,88,0,0,0,1,0
17,170626,2,2,0,0,0,2,2,135,0,17,8,2016,4,5,50,1,1,3,1,3,"SR-16","",842,39.31929722,-89.25857222,0,12,2,0,1,1,0,1,4,5,0,5,0,"0000000",5,51,99,99,99,99,0,0,0,1,0