"STATE","ST_CASE","VE_TOTAL","VE_FORMS","PVH_INVL","PEDS","PERNOTMVIT","PERMVIT","PERSONS","COUNTY","CITY","DAY","MONTH","YEAR","DAY_WEEK","HOUR","MINUTE","NHS","RUR_URB","FUNC_SYS","RD_OWNER","ROUTE","TWAY_ID","TWAY_ID2","MILEPT","LATITUDE","LONGITUD","SP_JUR","HARM_EV","MAN_COLL","RELJCT1","RELJCT2","TYP_INT","WRK_ZONE","REL_ROAD","LGT_COND","WEATHER1","WEATHER2","WEATHER","SCH_BUS","RAIL","NOT_HOUR","NOT_MIN","ARR_HOUR","ARR_MIN","HOSP_HR","HOSP_MN","CF1","CF2","CF3","FATALS","DRUNK_DR"
17,170738,1,1,0,1,1,1,1,31,0,24,8,2016,4,15,22,1,2,3,4,6,"ROOSEVELT RD","9TH AVE",0,41.86432222,-87.84318889,0,8,0,0,3,2,0,1,1,1,0,1,0,"0000000",15,22,99,99,99,99,0,0,0,1,0
17,170739,1,1,0,0,0,1,1,167,0,3,9,2016,7,15,30,0,1,5,3,5,"FRAZEE RD (PALM RD)","",0,39.61643056,-89.65138611,0,1,0,0,1,1,0,4,1,1,0,1,0,"0000000",15,30,99,99,88,88,0,0,0,1,0
17,170740,2,2,0,0,0,7,7,159,0,2,9,2016,6,19,0,0,1,4,1,3,"SR-130","MILLER GROVE LN",355,38.75647778,-88.09455833,0,12,6,0,1,1,0,1,5,1,0,1,0,"0000000",19,10,99,99,99,99,0,0,0,1,0
17,170741,1,1,0,0,0,2,2,167,8220,7,9,2016,4,18,44,0,2,7,4,6,"PINE ST","",0,39.78589722,-89.65642222,0,42,0,0,1,1,0,4,1,1,0,1,0,"0000000",18,44,99,99,99,99,0,0,0,1,0
17,170742,2,2,0,0,0,2,2,31,6650,18,9,2016,1,13,12,1,2,3,1,2,"US-12 (RAND RD)","",334,42.13676389,-88.01849722,0,12,6,0,8,1,0,1,1,1,0,1,0,"0000000",13,14,99,99,99,99,0,0,0,1,0
17,170743,1,1,0,0,0,1,1,79,0,21,8,2016,1,16,40,0,1,7,3,5,"CR-1400E  (1400TH ST)","",0,39.07656944,-88.113375,0,1,0,0,1,1,0,1,1,1,0,1,0,"0000000",16,40,99,99,99,99,0,0,0,1,0
17,170744,1,1,0,0,0,1,1,39,0,1,9,2016,5,21,0,0,1,4,1,3,"SR-54","",623,40.2675,-88.62188056,0,1,0,0,1,1,0,4,2,1,0,1,0,"0000000",21,33,99,99,99,99,0,0,0,1,1
17,170745,1,1,0,1,1,1,1,43,3980,22,8,2016,2,7,31,0,2,7,4,6,"RAVINE RD","OAK ST",0,41.81025833,-87.91971111,0,9,0,0,3,2,0,1,1,1,0,1,0,"0000000",7,31,99,99,99,99,0,0,0,1,0
17,170746,2,2,0,0,0,2,2,91,0,19,9,2016,2,11,21,1,1,3,1,3,"SR-1 (DIXIE HWY)","CR-58",2941,41.29718611,-87.62381667,0,12,6,0,2,2,0,1,1,1,0,1,0,"0000000",11,21,99,99,99,99,0,0,0,1,0
17,170747,1,1,0,1,1,1,1,123,0,25,9,2016,1,3,39,0,1,5,2,4,"CR-7 (YANKEE LN)","",0,41.13495556,-89.50525833,0,8,0,0,1,1,0,1,2,1,0,1,0,"0000000",3,39,99,99,88,88,0,0,0,1,0
17,170748,2,2,0,0,0,2,2,31,1995,27,9,2016,3,14,58,0,2,4,4,6,"JOLIET RD","",0,41.776,-87.87385278,0,12,6,0,4,1,0,1,1,1,0,1,0,"0000000",14,58,99,99,99,99,0,0,0,1,0
17,170750,1,1,0,0,0,1,1,97,8933,25,9,2016,1,1,56,0,2,4,1,3,"SR-131 (GREEN BAY RD)","",129,42.46211944,-87.88091389,0,42,0,0,1,1,0,4,3,1,0,1,0,"0000000",1,56,99,99,99,99,0,0,0,1,1
17,170751,2,2,0,0,0,2,2,143,6850,18,9,2016,1,12,39,1,2,3,1,3,"SR-40 (PERRY AVE)","SPALDING AVE (SR-40)",20,40.69808611,-89.58992778,0,12,6,0,2,2,0,1,1,1,0,1,0,"0000000",12,39,99,99,99,99,0,0,0,1,0
17,170752,2,2,0,0,0,2,2,105,0,28,9,2016,4,14,20,0,1,7,3,5,"2900E RD","1100N RD",0,40.78943611,-88.37337778,0,12,6,0,2,2,0,1,1,1,0,1,0,"0000000",14,20,99,99,88,88,0,0,0,1,0
17,170753,2,2,0,0,0,2,2,163,0,20,8,2016,7,16,46,1,2,1,1,1,"I-55   (I-70)(US-40)","",50,38.65585278,-90.11294444,0,12,1,0,1,1,0,1,1,1,0,1,0,"0000000",16,46,99,99,99,99,0,0,0,1,0
17,170754,2,2,0,0,0,2,2,31,1995,4,9,2016,1,15,14,1,2,3,1,2,"US-20 (LAGRANGE RD)","FOREST PRESERVE RD",627,41.76639722,-87.86764444,0,12,6,0,2,2,0,1,1,1,0,1,0,"0000000",15,14,15,14,99,99,0,0,0,1,0
17,170755,2,2,0,0,0,2,2,31,3790,4,9,2016,1,16,56,0,2,3,1,3,"SR-83 (SIBLEY BLVD)(147TH)","VINCENNES RD",130,41.622625,-87.64460833,0,12,6,0,2,2,0,1,1,1,0,1,0,"0000000",17,0,17,0,99,99,0,0,0,1,0
17,170756,2,2,0,0,0,2,2,31,1670,4,9,2016,1,19,56,0,2,3,4,6,"WESTERN AVE","",0,41.74016944,-87.68258333,0,12,1,0,1,1,0,1,3,1,0,1,0,"0000000",19,56,99,99,88,88,0,0,0,1,2
17,170757,1,1,0,1,1,1,1,31,5870,9,6,2016,5,9,41,0,2,4,4,6,"CENTRAL RD","WELLER LN",0,42.06641389,-87.95776111,0,9,0,0,3,3,0,1,1,1,0,1,0,"0000000",9,41,99,99,99,99,0,0,0,1,0
17,170759,2,2,0,0,0,2,2,43,0,6,9,2016,3,9,4,1,2,3,1,3,"SR-83 (KINGERY HWY)","FRONTAGE RD",489,41.94079444,-87.96286944,0,12,6,0,2,2,0,1,1,1,0,1,0,"0000000",9,4,99,99,99,99,0,0,0,1,0
17,170760,2,2,0,0,0,3,3,31,1670,14,9,2016,4,14,59,1,2,3,1,3,"SR-50 (CICERO AVE)","BARRY AVE",597,41.93702222,-87.74682222,0,12,6,0,2,2,0,1,1,1,0,1,0,"0000000",16,48,99,99,99,99,0,0,0,1,0
17,170761,1,1,0,0,0,1,1,31,1670,5,10,2016,4,5,20,0,2,4,1,2,"US-41 (MARQUETTE DR)","LARABIDA HOSPITAL DR",63,41.77555556,-87.57190556,0,33,0,0,3,3,0,4,1,1,0,1,0,"0000000",5,20,99,99,99,99,0,0,0,1,0
17,170762,2,2,0,0,0,2,2,43,460,5,10,2016,4,6,39,0,2,5,4,6,"COMMONS DR","",0,41.76446389,-88.22013889,0,12,6,0,8,1,0,1,1,1,0,1,0,"0000000",6,39,99,99,99,99,0,0,0,1,0
17,170763,1,1,0,0,0,5,5,183,0,28,9,2016,4,16,57,0,1,7,3,5,"STATE LINE RD","",0,40.24324167,-87.53015,0,34,0,0,1,1,0,4,1,1,0,1,0,"0000000",16,57,99,99,99,99,0,0,0,1,0
17,170764,1,1,0,0,0,1,1,167,0,5,10,2016,4,17,59,1,2,1,1,1,"I-72 (US-36)","",945,39.74354167,-89.70964722,0,34,0,1,19,1,0,4,1,1,0,1,0,"0000000",18,0,99,99,99,99,0,0,0,1,0
17,170765,1,1,0,0,0,4,4,183,2220,3,10,2016,2,20,15,0,2,7,4,6,"GRIGGS ST","",0,40.13515556,-87.61010278,0,1,0,0,1,1,0,4,3,1,0,1,0,"0000000",20,15,99,99,99,99,0,0,0,1,0
17,170766,2,2,0,0,0,2,2,31,3895,5,10,2016,4,20,23,1,2,3,1,2,"US-12 (US-20) (95TH ST)","76TH AVE",686,41.71870278,-87.80941944,0,12,6,0,2,2,0,1,3,1,0,1,0,"0000000",20,25,99,99,99,99,4,0,0,1,1
17,170767,2,2,0,0,0,2,2,31,1670,25,8,2016,5,15,14,1,2,3,1,6,"130TH ST","",0,41.65934722,-87.5984,0,12,7,0,1,1,0,1,1,1,0,1,0,"0000000",15,30,99,99,99,99,0,0,0,1,0
17,170768,2,2,0,0,0,2,2,81,0,4,10,2016,3,22,35,0,1,4,1,3,"SR-142 (CR-875)","",471,38.25744722,-88.78627222,0,12,2,0,1,1,0,1,2,1,0,1,0,"0000000",22,35,99,99,99,99,0,0,0,1,0
17,170769,2,2,0,0,0,3,3,99,0,7,10,2016,6,10,27,0,1,5,2,4,"CR-15 (22ND) (JOE HETTEL RD)","15TH RD",0,41.15033333,-88.74016111,0,12,6,0,3,2,0,1,1,1,0,1,0,"0000000",10,27,99,99,99,99,0,0,0,1,0
17,170770,2,2,0,0,0,3,3,95,0,7,10,2016,6,13,16,0,2,4,1,2,"US-150","SR-97",454,40.90634167,-90.25088056,0,12,6,0,2,3,0,1,1,1,0,1,0,"0000000",13,16,99,99,99,99,0,0,0,1,0
17,170771,2,2,0,0,0,2,2,97,3670,1,10,2016,7,1,29,1,2,3,1,2,"US-41  (SKOKIE HWY)","",536,42.36383889,-87.89468611,0,34,0,0,1,1,0,3,3,1,0,1,0,"0000000",1,29,99,99,99,99,0,0,0,1,1
17,170772,2,2,0,0,0,3,3,31,1670,2,10,2016,1,9,30,1,2,1,1,1,"I-90 (I-94)(DAN RYAN EXPWY)","",564,41.81253056,-87.63073333,0,12,7,1,18,1,0,1,1,1,0,1,0,"0000000",9,40,99,99,99,99,0,0,0,1,0
17,170773,2,2,0,0,0,2,2,119,8730,8,10,2016,7,16,33,1,2,1,1,1,"I-55","",165,38.71665833,-89.92072778,0,12,1,1,18,1,0,1,1,1,0,1,0,"0000000",16,33,99,99,99,99,0,0,0,1,0
17,170774,1,1,0,0,0,1,1,183,0,11,10,2016,3,6,50,0,1,7,3,5,"4200N","",0,40.47302222,-87.74869167,0,34,0,0,1,1,0,4,9,1,0,1,0,"0000000",6,50,99,99,88,88,0,0,0,1,0
17,170777,1,1,0,1,1,1,1,197,4300,11,10,2016,3,12,42,1,2,3,1,2,"US-52  (JEFFERSON ST)","REED ST",1389,41.52309167,-88.10916389,0,8,0,0,3,2,0,1,1,1,0,1,0,"0000000",12,42,12,42,99,99,0,0,0,1,0
17,170778,2,2,0,0,0,2,2,11,0,11,10,2016,3,13,2,0,1,4,1,3,"SR-40","",543,41.40749167,-89.68509167,0,12,2,0,1,1,0,2,1,1,0,1,0,"0000000",13,2,99,99,99,99,0,0,0,1,0
17,170779,1,1,0,1,1,1,1,97,0,8,10,2016,7,20,35,0,2,4,2,4,"CR-31 (ROLLINS RD) (CR-A20)","",0,42.38246944,-88.14930833,0,8,0,0,1,1,0,1,2,1,0,1,0,"0000000",8,35,99,99,88,88,0,0,0,1,0
17,170780,1,1,0,0,0,1,1,21,0,15,10,2016,7,6,17,0,1,5,2,4,"CR-1  (1250E)","",0,39.46045,-89.29714167,0,42,0,0,1,1,0,4,4,1,0,1,0,"0000000",6,17,99,99,99,99,0,0,0,1,0
17,170781,5,4,1,0,0,4,4,29,1590,5,10,2016,4,2,7,1,2,3,1,3,"SR-16 (LINCOLN AVE)","A ST",1466,39.48435278,-88.183025,0,12,1,0,2,3,0,1,3,1,0,1,0,"0000000",2,7,99,99,99,99,0,0,0,1,0
17,170782,3,3,0,0,0,5,5,111,0,12,10,2016,4,9,52,0,1,5,2,4,"CR-V12  (ALDEN RD)","",0,42.36901944,-88.477025,0,12,1,0,1,1,0,1,1,1,0,1,0,"0000000",9,52,99,99,99,99,23,0,0,1,0
17,170784,2,2,0,0,0,3,3,31,0,16,10,2016,1,11,53,0,2,5,4,5,"WENTWORTH AVE","178TH ST",0,41.57205,-87.52968889,0,12,6,0,3,2,0,1,1,1,0,1,0,"0000000",11,53,99,99,99,99,0,0,0,1,0
17,170785,2,2,0,0,0,2,2,119,0,4,8,2016,5,15,42,0,1,4,1,2,"US-40","",234,38.71675278,-89.79321389,0,12,2,0,1,1,0,1,1,1,0,1,0,"0000000",15,42,99,99,99,99,0,0,0,1,0
17,170787,2,2,0,0,0,4,4,51,0,31,8,2016,4,9,56,0,1,5,1,2,"US-40  (HISTORIC NATION RD)","",735,38.97715,-88.99999167,0,12,2,0,1,1,0,1,1,1,0,1,0,"0000000",9,56,99,99,99,99,0,0,0,1,0
17,170788,1,1,0,1,1,2,2,119,160,30,8,2016,3,0,17,1,2,3,1,3,"SR-140  (COLLEGE AVE)","",25,38.90432222,-90.136675,0,8,0,0,1,1,0,1,3,1,0,1,0,"0000000",0,17,99,99,99,99,0,0,0,1,0
17,170789,3,3,0,0,0,4,4,37,0,15,6,2016,4,6,44,0,2,3,2,4,"CR-27  (BARGER GREENE)","",0,41.94875556,-88.70238611,0,12,2,0,1,1,0,1,1,1,0,1,0,"0000000",6,44,99,99,99,99,0,0,0,1,0
17,170791,1,1,0,0,0,2,2,143,6850,24,8,2016,4,23,55,1,2,3,1,3,"SR-40 (KNOXVILLE AVE)","",63,40.75921389,-89.59361944,0,1,0,0,1,1,0,4,3,1,0,1,0,"0000000",0,5,99,99,99,99,18,0,0,1,1
17,170792,1,1,0,1,1,1,1,31,2870,22,9,2016,5,17,0,0,2,4,4,6,"SHERIDAN RD","NORTHWESTERN PL",0,42.05566111,-87.67718333,0,9,0,0,2,3,0,1,1,1,0,1,0,"0000000",17,3,99,99,99,99,16,0,0,1,0
17,170793,1,1,0,0,0,1,1,179,0,3,9,2016,7,16,44,0,1,7,3,5,"VETERANS RD","",0,40.662225,-89.50635556,0,1,0,0,1,1,0,4,1,1,0,1,0,"0000000",16,44,99,99,99,99,0,0,0,1,0
17,170794,1,1,0,0,0,1,1,141,0,20,9,2016,3,6,8,0,1,7,3,5,"MT MORRIS RD","",0,42.17429722,-89.43425,0,44,0,0,1,1,0,4,4,5,0,5,0,"0000000",6,8,99,99,88,88,0,0,0,1,0
17,170795,2,2,0,0,0,2,2,31,1670,15,9,2016,5,7,15,1,2,3,1,2,"US-14 (PETERSON AVE)","ALBANY AVE",662,41.99040556,-87.70667222,0,12,6,0,3,2,0,1,1,1,0,1,0,"0000000",7,15,99,99,99,99,0,0,0,1,0
17,170796,2,2,0,0,0,4,4,91,940,29,9,2016,5,15,14,0,2,7,4,6,"NORTH ST","LASALLE AVE",0,41.14798611,-87.85238333,0,12,6,0,3,3,0,1,1,10,0,10,0,"0000000",15,14,99,99,99,99,0,0,0,1,0
17,170797,2,2,0,0,0,2,2,97,230,19,8,2016,6,7,34,1,2,3,1,3,"SR-173","",506,42.47714167,-88.11918889,0,12,2,0,1,1,0,1,1,1,0,1,0,"0000000",7,34,99,99,99,99,0,0,0,1,0
17,170798,2,2,0,0,0,2,2,31,1670,23,9,2016,6,17,5,1,2,3,4,6,"130TH ST","",0,41.65911667,-87.60822778,0,12,6,0,8,1,0,1,1,1,0,1,0,"0000000",17,25,99,99,99,99,0,0,0,1,0
17,170800,1,1,0,1,1,1,1,105,0,1,10,2016,7,4,20,0,1,4,1,3,"SR-17","",1622,41.10366111,-88.252325,0,8,0,0,6,1,0,1,2,1,0,1,0,"534423B",4,26,99,99,88,88,0,0,0,1,0
17,170801,2,1,1,0,0,5,5,31,2390,9,10,2016,1,1,4,0,2,7,4,6,"GREENWOOD  RD","",0,41.63630556,-87.60855556,0,43,0,0,1,1,0,4,3,1,0,1,0,"0000000",1,4,99,99,99,99,20,0,0,1,1
17,170802,2,2,0,0,0,4,4,197,9997,2,10,2016,1,3,50,1,2,1,1,1,"I-80","",1464,41.55324444,-87.83876389,0,12,1,0,1,1,0,1,3,1,0,1,0,"0000000",3,55,99,99,88,88,0,0,0,2,1
17,170803,2,2,0,0,0,5,5,89,460,7,10,2016,6,21,12,1,2,4,1,3,"SR-25 (BROADWAY ST)","",64,41.76661944,-88.30696667,0,12,6,0,1,1,0,1,3,1,0,1,0,"0000000",21,12,99,99,99,99,0,0,0,1,1
17,170804,2,2,0,0,0,2,2,19,0,11,10,2016,3,6,52,0,1,7,3,5,"900N","300E",0,40.01112222,-88.40668889,0,12,6,0,2,2,0,1,4,1,0,1,0,"0000000",6,53,7,5,99,99,0,0,0,1,0
17,170805,1,1,0,0,0,1,1,121,0,16,10,2016,1,0,50,0,1,7,2,4,"CR-1175 (CARTTER LN)(TWEED RD)","CR-475 (SASSAFRAS RD)",0,38.546425,-88.92638611,0,34,0,0,3,3,0,4,2,1,0,1,0,"0000000",0,50,99,99,88,88,0,0,0,1,0
17,170806,1,1,0,1,1,1,1,97,9100,14,10,2016,6,5,48,0,2,5,4,6,"DUGDALE RD","",0,42.34078056,-87.859775,0,8,0,0,1,1,1,1,2,1,0,1,0,"0000000",5,51,99,99,99,99,0,0,0,1,0
17,170807,2,2,0,0,0,4,4,31,1670,3,10,2016,2,22,17,1,2,3,1,2,"US-20 (INDIANAPOLIS AVE)","AVE B",842,41.70453056,-87.52643889,0,12,6,0,2,2,0,1,3,1,0,1,0,"0000000",22,19,99,99,99,99,0,0,0,3,0
17,170808,2,2,0,0,0,3,3,115,2250,6,10,2016,5,22,38,0,2,7,4,6,"22ND PL","HENDRIX ST",0,39.83780833,-88.92498611,0,12,6,0,2,2,0,1,2,1,0,1,0,"0000000",22,38,99,99,99,99,0,0,0,1,1
17,170809,2,2,0,0,0,3,3,83,0,17,10,2016,2,13,1,1,1,3,1,3,"SR-100 (GREAT RIVER RD)","LOCKHAVEN RD",66,38.93896111,-90.29019444,0,12,6,0,2,2,0,1,1,1,0,1,0,"0000000",13,1,99,99,99,99,0,0,0,1,0
17,170810,1,1,0,1,1,1,1,163,670,17,10,2016,2,20,20,0,2,4,4,6,"NORTH BELT WEST","N 42ND ST",0,38.54154722,-90.01695,0,8,0,0,3,2,0,1,3,1,0,1,0,"0000000",20,20,99,99,99,99,0,0,0,1,0
17,170811,1,1,0,1,1,1,1,119,3550,17,10,2016,2,22,43,1,2,3,1,3,"SR-3","CHAIN OF ROCKS",1574,38.76214722,-90.12453889,0,8,0,0,2,2,0,1,2,1,0,1,0,"0000000",22,43,99,99,88,88,0,0,0,1,0
17,170812,1,1,0,0,0,3,3,19,0,14,10,2016,6,22,25,0,1,7,2,4,"CR-700","",0,39.981775,-88.17780278,0,35,0,0,1,1,0,4,2,1,0,1,0,"0000000",22,28,99,99,99,99,0,0,0,1,1
17,170813,2,2,0,0,0,2,2,111,80,15,10,2016,7,17,39,0,2,4,1,3,"SR-31","",375,42.17616667,-88.29199167,0,33,0,1,19,1,0,3,1,1,0,1,0,"0000000",17,39,99,99,88,88,0,0,0,1,1
17,170814,2,2,0,0,0,2,2,163,0,18,10,2016,3,13,56,0,1,4,1,3,"SR-158","",34,38.44362222,-90.12402778,0,12,1,0,1,1,0,1,1,1,0,1,0,"0000000",13,56,99,99,88,88,0,0,0,1,0
17,170815,2,2,0,0,0,3,3,29,0,15,10,2016,7,11,10,0,1,7,2,4,"CR-1700 (1700N)","CR-900 (900E)",0,39.62291389,-88.30339722,0,12,6,0,2,2,0,1,1,1,0,1,0,"0000000",11,15,99,99,99,99,0,0,0,1,0
17,170816,1,1,0,1,1,1,1,143,3390,8,10,2016,7,19,35,0,1,7,2,4,"CR-R34 (MAIN ST)","",0,40.572875,-89.81133889,0,8,0,0,1,1,0,1,2,1,0,1,0,"0000000",19,35,99,99,99,99,0,0,0,1,0
17,170817,2,2,0,0,0,3,3,21,0,21,10,2016,6,15,19,0,1,4,1,3,"SR-48","",144,39.43412778,-89.43659722,0,12,2,0,1,1,0,1,1,1,0,1,0,"0000000",15,22,99,99,99,99,0,0,0,1,1
17,170818,1,1,0,1,1,1,1,31,5550,20,10,2016,5,19,38,0,2,4,1,3,"SR-83 (147TH ST)","",171,41.62548611,-87.72098333,0,8,0,0,1,1,0,1,3,1,0,1,0,"0000000",19,38,99,99,99,99,0,0,0,1,0
17,170819,1,1,0,1,1,1,1,31,3430,21,10,2016,6,6,49,1,2,3,1,3,"SR-21 (MILWAUKEE AVE)","",58,42.08793333,-87.87122222,0,8,0,0,1,1,0,1,2,1,0,1,0,"0000000",6,49,99,99,99,99,0,0,0,1,0
17,170821,1,1,0,1,1,3,3,25,3070,22,10,2016,7,19,31,0,1,5,3,5,"CR-1 (N STATE ST)","",0,38.68389722,-88.48918611,0,8,0,0,1,1,0,1,3,1,0,1,0,"0000000",19,31,99,99,99,99,0,0,0,1,0
17,170822,2,2,0,0,0,2,2,111,0,17,10,2016,2,10,45,1,1,3,1,2,"US-14","CR-T68 (HARTLAND RD)",137,42.33893611,-88.51126111,0,12,6,0,2,2,0,1,1,10,0,10,0,"0000000",10,45,99,99,88,88,0,0,0,1,0
17,170823,1,1,0,0,0,2,2,49,0,22,10,2016,7,23,37,0,1,7,3,5,"1100TH ST","",0,39.07298889,-88.59594444,0,42,0,0,1,1,0,4,2,1,0,1,0,"0000000",23,37,99,99,99,99,0,0,0,2,1
17,170824,1,1,0,0,0,2,2,113,1630,21,10,2016,6,22,57,1,1,1,1,1,"I-55","",1855,40.72734444,-88.73745556,0,1,0,0,1,1,0,3,2,1,0,1,0,"0000000",22,57,99,99,99,99,0,0,0,1,0
17,170825,2,2,0,0,0,2,2,43,9180,15,10,2016,7,18,20,1,2,3,1,3,"SR-59 (NELTNOR BLVD)","DAYTON AVE",248,41.86375556,-88.19472222,0,12,6,0,3,3,1,1,1,1,0,1,0,"0000000",18,21,99,99,99,99,0,0,0,1,0
17,170826,1,1,0,0,0,1,1,201,5087,18,10,2016,3,21,55,0,2,7,4,6,"VENTURA BLVD","",0,42.39100833,-89.04244444,0,30,0,0,1,1,0,4,2,1,0,1,0,"0000000",21,55,99,99,99,99,0,0,0,1,1
17,170827,1,1,0,0,0,1,1,161,0,21,10,2016,6,5,57,1,2,1,1,1,"I-280 TO SR-92 RAMP","",12,41.46525556,-90.61679167,0,1,0,1,20,1,0,1,2,1,0,1,0,"0000000",5,57,99,99,99,99,0,0,0,1,0
17,170828,1,1,0,0,0,2,2,199,0,23,10,2016,1,6,10,1,1,1,1,1,"I-57","",483,37.66545278,-88.97064167,0,1,0,0,1,1,0,1,2,1,0,1,0,"0000000",6,11,99,99,99,99,0,0,0,2,0
17,170829,1,1,0,0,0,2,2,185,0,22,10,2016,7,8,45,1,1,3,1,3,"SR-1","",938,38.54363056,-87.69935833,0,42,0,0,1,1,0,4,1,1,0,1,0,"0000000",8,48,99,99,99,99,0,0,0,1,0
17,170830,1,1,0,1,1,1,1,121,0,25,10,2016,3,19,26,1,1,3,1,2,"US-50","",938,38.62825833,-88.72128889,0,8,0,0,1,1,1,1,2,1,0,1,0,"0000000",19,30,99,99,99,99,0,0,0,1,0
17,170831,1,1,0,0,0,1,1,165,0,20,10,2016,5,18,2,0,1,4,1,3,"SR-34","",435,37.84255833,-88.66539722,0,35,0,0,1,1,0,4,1,1,0,1,0,"0000000",18,4,99,99,88,88,0,0,0,1,0
17,170832,2,2,0,0,0,6,6,119,160,22,10,2016,7,20,0,0,2,4,4,6,"BROADWAY ST","BROOKSIDE AVE",0,38.887075,-90.141075,0,12,2,0,3,3,0,1,3,1,0,1,0,"0000000",20,8,99,99,99,99,0,0,0,1,0
17,170834,2,2,0,0,0,2,2,23,0,26,10,2016,4,10,25,1,1,3,1,3,"SR-1 (KOREAN MEMORIAL HWY)","",1497,39.33910833,-87.69014167,0,12,2,0,1,1,0,1,1,1,0,1,0,"0000000",11,32,99,99,88,88,0,0,0,1,0
17,170835,1,1,0,0,0,2,2,113,840,29,10,2016,7,2,19,0,2,4,4,6,"OAKLAND AVE","",0,40.47398889,-88.97470278,0,30,0,0,1,1,0,4,3,1,0,1,0,"0000000",2,19,99,99,99,99,0,0,0,1,1
17,170836,1,1,0,1,1,1,1,89,460,17,10,2016,2,5,58,0,2,4,1,3,"SR-25 (BROADWAY ST)","COMFORT SUITES ENTRANCE",59,41.76014167,-88.31008611,0,8,0,0,3,2,0,1,2,1,0,1,0,"0000000",6,1,99,99,99,99,0,0,0,1,0
17,170837,1,1,0,0,0,1,1,163,2610,31,10,2016,2,15,39,0,2,4,4,6,"18TH ST","",0,38.62634722,-90.13398889,0,30,0,0,1,1,0,4,1,1,0,1,0,"0000000",15,39,99,99,88,88,20,0,0,1,0
17,170838,3,1,2,1,1,1,1,31,7380,22,10,2016,7,8,53,1,2,1,1,1,"I-294","",423,41.64551389,-87.72218056,0,14,0,0,1,1,0,2,1,1,0,1,0,"0000000",8,53,99,99,99,99,14,16,23,1,0
17,170839,2,2,0,0,0,4,4,143,6850,30,10,2016,1,16,0,1,2,3,1,3,"SR-40 (KNOXVILLE AVE)","GLEN AVE",55,40.74662222,-89.59328889,0,12,2,0,2,2,0,1,1,1,0,1,0,"0000000",16,4,99,99,88,88,0,0,0,1,1
17,170840,2,2,0,0,0,2,2,197,0,21,4,2016,5,11,41,0,1,4,2,4,"CR-87 (GOUGAR RD)","SPENCER RD",0,41.49700278,-88.00386944,0,12,6,0,2,2,0,1,1,1,0,1,0,"0000000",11,41,99,99,99,99,0,0,0,1,0
17,170841,1,1,0,0,0,1,1,43,0,10,9,2016,7,10,48,1,2,1,31,1,"I-355","",185,41.78779722,-88.05682222,0,25,0,0,5,1,0,3,1,2,0,2,0,"0000000",10,48,11,3,99,99,25,0,0,1,0
17,170842,4,1,3,0,0,2,2,99,0,9,8,2016,3,1,21,0,1,5,1,3,"SR-251","",665,41.57154444,-89.12807778,0,34,0,0,1,1,0,4,2,1,0,1,0,"0000000",1,21,99,99,99,99,14,0,0,1,0
17,170843,2,2,0,0,0,3,3,197,2035,6,9,2016,3,19,40,0,2,3,4,6,"LARKIN AVE","KNAPP",0,41.55797222,-88.12218611,0,12,2,0,3,3,0,1,2,1,0,1,0,"0000000",19,40,99,99,99,99,0,0,0,1,0
17,170844,2,2,0,0,0,2,2,31,3105,18,9,2016,1,2,5,0,2,3,4,6,"CENTRAL AVE","I-55 W/B TO CENTRAL RAMP",0,41.81091667,-87.76281111,0,12,6,1,2,2,0,1,3,1,0,1,0,"0000000",2,5,99,99,88,88,0,0,0,1,1
17,170845,1,1,0,0,0,1,1,11,2310,3,9,2016,7,19,52,0,1,5,1,3,"SR-29 (CR-1300N)","LINCOLN AVE",1688,41.33358056,-89.28733056,0,7,0,0,3,3,0,1,2,1,0,1,0,"0000000",19,56,99,99,99,99,0,0,0,1,1
17,170846,2,2,0,0,0,3,3,31,0,22,9,2016,5,23,36,1,2,3,1,3,"SR-171 (FIRST AVE)","HARRISON ST",308,41.87179722,-87.83369722,0,12,6,0,2,2,0,1,3,1,0,1,0,"0000000",99,99,99,99,99,99,0,0,0,1,0
17,170847,1,1,0,0,0,1,1,81,0,4,10,2016,3,15,0,0,1,7,3,5,"STAGECOACH RD","",0,38.26428889,-89.03621111,0,10,0,0,6,1,0,1,1,1,0,1,0,"069232J",15,19,99,99,99,99,0,0,0,1,0
17,170848,1,1,0,0,0,2,2,119,5330,26,10,2016,4,9,55,0,2,5,4,6,"VALALABENE DR","",0,38.733525,-89.95111111,0,34,0,0,1,1,0,4,1,1,0,1,0,"0000000",9,55,99,99,99,99,0,0,0,1,0
17,170849,1,1,0,0,0,1,1,113,6230,30,10,2016,1,2,53,0,2,4,4,6,"SHELBOURNE DR","",0,40.52517222,-88.95946389,0,7,0,0,1,1,0,4,2,1,0,1,0,"0000000",2,53,99,99,99,99,0,0,0,1,1
17,170850,1,1,0,0,0,1,1,131,0,1,10,2016,7,1,28,0,1,3,1,3,"SR-17 (GREAT RIVER RD)","",15,41.18745278,-90.994125,0,30,0,0,1,1,0,4,2,1,0,1,0,"0000000",1,28,99,99,99,99,0,0,0,1,1
17,170851,2,2,0,0,0,8,8,15,0,13,10,2016,5,14,55,1,1,3,1,3,"SR-84  (GREAT RIVER RD)","FOUR MILE RD",486,42.01740278,-90.10442222,0,12,6,0,8,1,0,1,1,1,0,1,0,"0000000",14,55,99,99,99,99,0,0,0,1,0