"STATE","ST_CASE","VE_TOTAL","VE_FORMS","PVH_INVL","PEDS","PERNOTMVIT","PERMVIT","PERSONS","COUNTY","CITY","DAY","MONTH","YEAR","DAY_WEEK","HOUR","MINUTE","NHS","RUR_URB","FUNC_SYS","RD_OWNER","ROUTE","TWAY_ID","TWAY_ID2","MILEPT","LATITUDE","LONGITUD","SP_JUR","HARM_EV","MAN_COLL","RELJCT1","RELJCT2","TYP_INT","WRK_ZONE","REL_ROAD","LGT_COND","WEATHER1","WEATHER2","WEATHER","SCH_BUS","RAIL","NOT_HOUR","NOT_MIN","ARR_HOUR","ARR_MIN","HOSP_HR","HOSP_MN","CF1","CF2","CF3","FATALS","DRUNK_DR"
18,180784,1,1,0,0,0,1,1,19,800,31,12,2016,7,15,42,0,1,3,2,4,"CR-403 W","",99998,38.42587778,-85.720025,0,1,0,0,1,1,0,4,1,2,0,2,0,"0000000",99,99,99,99,99,99,0,0,0,1,0
18,180785,2,2,0,0,0,4,4,3,2645,30,12,2016,6,6,49,0,1,5,3,5,"AMSTUTZ","",99998,41.24057222,-85.01960278,0,12,6,0,1,1,0,1,2,10,0,10,0,"0000000",99,99,99,99,99,99,0,0,0,1,0
18,180786,2,2,0,0,0,5,5,85,4810,25,12,2016,1,18,13,0,1,5,2,4,"CR-1200","SYRACUSE WEBSTER RD",99998,41.40783056,-85.75503889,0,12,2,0,2,3,0,1,2,2,0,2,0,"0000000",99,99,99,99,99,99,0,0,0,2,1
18,180787,1,1,0,0,0,1,1,89,1730,28,12,2016,4,22,35,1,2,1,1,1,"I-80 E","",116,41.56723056,-87.31672778,0,20,0,1,5,1,0,10,3,1,0,1,0,"0000000",99,98,99,98,99,98,0,0,0,1,0
18,180788,1,1,0,0,0,1,1,35,5480,21,8,2016,1,4,0,0,2,5,2,4,"CR-500W","",99998,40.21575833,-85.48080833,0,30,0,0,1,1,0,4,2,1,0,1,0,"0000000",99,99,99,99,99,99,0,0,0,1,0
18,180789,2,2,0,0,0,4,4,163,1480,14,12,2016,4,19,13,1,1,3,1,2,"US-41","INGLEFIELD RD",99998,38.1081,-87.55405,0,12,6,0,2,2,0,1,2,1,0,1,0,"0000000",99,99,99,99,99,99,0,0,0,1,0
18,180790,1,1,0,0,0,1,1,63,3990,30,12,2016,6,10,10,0,2,4,4,6,"DAN JONES RD","",99998,39.71560833,-86.38078056,0,30,0,0,1,1,0,4,1,1,0,1,0,"0000000",99,99,99,99,99,99,0,0,0,1,0
18,180791,1,1,0,0,0,1,1,37,2260,30,12,2016,6,0,0,0,1,5,2,4,"CR-JASPER DUBOIS RD","",99998,38.39578889,-86.88461944,0,35,0,0,1,1,0,4,2,1,0,1,0,"0000000",99,99,99,99,88,88,0,0,0,1,0
18,180792,2,2,0,0,0,2,2,141,4580,25,12,2016,1,11,51,1,2,3,4,2,"US-20","HARRISON ST",99998,41.68230556,-86.26356667,0,12,6,0,2,2,0,1,1,10,0,10,0,"0000000",99,99,99,99,99,99,0,0,0,1,0
18,180793,2,2,0,0,0,3,3,107,1060,23,12,2016,6,6,58,1,1,3,1,2,"US-231 S","CR-300",99998,39.99600556,-86.90354722,0,12,6,0,2,2,0,1,3,10,0,10,0,"0000000",99,99,99,99,99,99,0,0,0,2,0
18,180794,1,1,0,1,1,1,1,35,3360,23,12,2016,6,19,50,0,2,4,4,6,"MADISON RD","",99998,40.17025556,-85.36730278,0,8,0,0,1,1,0,1,3,2,0,2,0,"0000000",99,99,99,99,99,99,0,0,0,1,0
18,180795,2,2,0,0,0,6,6,97,2210,1,12,2016,5,3,20,1,2,1,1,1,"I-65 S","",99998,39.80355,-86.16611944,0,12,7,0,1,1,0,1,3,2,0,2,0,"0000000",99,99,99,99,99,99,0,0,0,1,0
18,180796,1,1,0,0,0,1,1,115,4150,5,12,2016,2,2,50,0,1,5,1,3,"SR-56","",99998,38.90816667,-84.93951111,0,42,0,0,1,1,0,4,2,1,0,1,0,"0000000",99,99,99,99,99,99,0,0,0,1,0
18,180797,1,1,0,0,0,2,2,97,2210,16,12,2016,6,22,59,1,2,1,1,1,"I-65N","",1061,39.69952778,-86.10687778,0,23,0,0,1,1,0,4,3,2,0,2,0,"0000000",99,99,99,99,99,99,0,0,0,1,0
18,180798,2,2,0,0,0,3,3,35,3360,28,12,2016,4,10,30,0,1,4,1,2,"US-35","CR-800",99998,40.07665556,-85.27385556,0,12,6,0,2,2,0,1,1,1,0,1,0,"0000000",99,99,99,99,99,99,0,0,0,1,0
18,180799,2,2,0,0,0,4,4,93,300,31,10,2016,2,17,12,0,2,4,4,6,"5TH","",99998,38.87294722,-86.51366111,0,12,2,0,1,1,0,1,1,1,0,1,0,"0000000",99,99,99,99,99,99,0,0,0,1,0
18,180800,1,1,0,0,0,1,1,77,2020,24,11,2016,5,17,51,0,1,5,2,4,"CR-NEW BETHEL","",99998,38.65078056,-85.50012778,0,34,0,0,1,1,0,4,3,1,0,1,0,"0000000",99,99,99,99,99,99,0,0,0,1,0
19,190001,2,2,0,0,0,3,3,121,9200,9,1,2016,7,23,55,0,2,5,2,4,"CR-P71 W SUMMIT ST","",0,41.33028056,-94.03598611,0,12,1,0,1,1,0,1,3,1,0,1,0,"0000000",99,98,99,98,88,88,0,0,0,1,1
19,190002,1,1,0,0,0,1,1,71,0,9,1,2016,7,0,53,0,1,5,2,4,"CR-J46 / 250TH ST","",0,40.68699444,-95.58888056,0,1,0,0,1,1,0,4,2,4,0,4,0,"0000000",99,99,99,99,99,99,0,0,0,1,1
19,190003,1,1,0,0,0,1,1,159,0,10,1,2016,1,3,0,0,1,4,1,3,"SR-2","",89,40.71148889,-94.3468,0,1,0,0,1,1,0,4,2,1,0,1,0,"0000000",99,98,99,98,88,88,0,0,0,1,0
19,190004,1,1,0,0,0,2,2,95,0,14,1,2016,5,7,12,0,1,4,1,3,"SR-212 / 212TH BLVD","",53,41.80826111,-92.18659722,0,35,0,0,1,1,0,4,4,1,0,1,0,"0000000",99,98,99,98,88,88,0,0,0,2,0
19,190005,2,2,0,0,0,3,3,177,0,14,1,2016,5,13,19,0,1,5,2,4,"CR-40","CR-250TH ST",0,40.68239167,-91.80375833,0,12,6,0,2,2,0,1,1,1,0,1,0,"0000000",99,99,99,99,99,99,0,0,0,1,0
19,190006,1,1,0,0,0,3,3,133,0,15,1,2016,6,7,36,0,1,6,2,4,"CR-E54","",0,41.93345833,-95.92238889,0,1,0,0,1,1,0,4,4,10,0,10,0,"0000000",7,36,7,57,99,99,0,0,0,1,0
19,190007,1,1,0,1,1,1,1,123,0,15,1,2016,6,17,36,0,1,4,2,4,"CR-T39 INDIAN WAY","",0,41.28528056,-92.6651,0,8,0,0,1,1,0,1,2,1,0,1,0,"0000000",17,51,18,23,19,15,0,0,0,1,0
19,190008,2,2,0,0,0,2,2,175,0,16,1,2016,7,21,15,1,1,3,1,2,"US-34","",114,41.04978056,-94.29902222,0,12,2,0,1,1,0,1,2,4,0,4,0,"0000000",21,15,21,20,22,0,0,0,0,1,1
19,190009,2,2,0,0,0,9,9,29,0,19,1,2016,3,9,25,1,1,1,1,1,"I-80","",53,41.49679722,-95.04839722,0,12,6,0,1,1,0,1,1,10,4,4,0,"0000000",9,28,9,55,10,35,0,0,0,1,0
19,190010,2,2,0,0,0,3,3,29,0,19,1,2016,3,10,55,0,1,4,1,3,"SR-83 / MARNE RD","",58,41.42490833,-95.05596944,0,12,6,0,1,1,0,1,1,4,0,4,0,"0000000",10,45,10,50,99,99,0,0,0,2,0
19,190011,2,2,0,0,0,6,6,37,0,19,1,2016,3,17,47,1,1,3,1,2,"US-18","CR-B54 240TH ST",153,43.00836944,-92.31856389,0,12,6,0,2,2,0,1,1,10,0,10,0,"0000000",17,48,17,53,99,99,0,0,0,3,0
19,190012,1,1,0,0,0,1,1,57,0,22,1,2016,6,21,18,0,1,7,2,4,"CR-198TH ST","",0,40.96789722,-91.149675,0,34,0,0,1,1,0,4,2,10,0,10,0,"0000000",21,24,21,31,88,88,0,0,0,1,1
19,190013,1,1,0,0,0,1,1,71,0,15,1,2016,6,15,49,0,1,5,2,4,"CR-J34 220TH ST","",0,40.72921667,-95.79997778,0,30,0,0,1,1,0,4,1,1,0,1,0,"0000000",15,57,16,20,16,57,0,0,0,1,0
19,190014,3,3,0,2,2,3,3,123,0,23,1,2016,7,19,7,0,1,3,1,3,"SR-92","",61,41.29000833,-92.75279167,0,12,1,0,1,1,0,1,2,1,0,1,0,"0000000",19,11,19,15,99,99,23,0,0,1,0
19,190015,3,3,0,0,0,6,6,103,1830,24,1,2016,1,12,50,1,2,1,1,1,"I-80","",110,41.69416389,-91.62153333,0,12,1,0,1,1,0,1,1,10,0,10,0,"0000000",99,99,99,99,99,99,0,0,0,1,0
19,190016,1,1,0,0,0,2,2,65,0,24,1,2016,1,17,38,1,1,3,1,2,"US-18 HARDING RD","",224,42.99701667,-91.65878611,0,19,0,0,1,1,0,5,3,10,0,10,0,"0000000",17,45,17,54,18,11,0,0,0,1,1
19,190017,1,1,0,0,0,1,1,171,0,25,1,2016,2,19,56,0,1,5,2,4,"CR-E69","",0,41.87671389,-92.61208333,0,39,0,0,1,1,0,4,2,4,11,4,0,"0000000",19,57,20,13,20,54,0,0,0,1,0
19,190018,1,1,0,0,0,1,1,79,0,8,1,2016,6,18,34,1,1,3,1,2,"US-20","",29,42.44919722,-93.86078333,0,1,0,0,1,1,0,3,2,4,11,4,0,"0000000",99,99,99,99,88,88,0,0,0,1,0
19,190019,2,2,0,0,0,2,2,21,0,15,1,2016,6,23,7,1,1,3,1,2,"US-20","",40,42.62594167,-95.15163889,0,12,8,0,1,1,0,1,2,1,0,1,0,"0000000",99,98,99,98,88,88,0,0,0,1,0
19,190020,1,1,0,0,0,1,1,111,4250,25,1,2016,2,20,4,0,2,4,4,6,"RIVER RD","",0,40.41504167,-91.38091944,0,30,0,0,1,1,0,4,2,10,0,10,0,"0000000",99,98,99,98,88,88,0,0,0,1,0
19,190021,1,1,0,0,0,1,1,135,0,26,1,2016,3,0,0,0,1,3,1,3,"SR-5","",96,41.03226667,-92.807275,0,42,0,0,1,1,0,4,6,99,0,99,0,"0000000",99,99,99,99,88,88,0,0,0,1,1
19,190022,2,1,1,0,0,1,1,155,1900,29,1,2016,6,18,59,0,2,4,4,6,"9TH AVE","",0,41.25363889,-95.89335,0,14,0,0,1,1,0,7,3,1,0,1,0,"0000000",19,2,19,6,19,31,0,0,0,1,0
19,190023,1,1,0,1,1,1,1,49,9997,1,2,2016,2,18,53,0,2,4,4,6,"ASHWORTH RD","",0,41.58317222,-93.80385833,0,8,0,0,1,1,0,1,3,1,0,1,0,"0000000",99,98,99,98,88,88,0,0,0,1,0
19,190024,4,4,0,0,0,12,12,11,0,4,2,2016,5,5,20,1,1,3,1,2,"US-30","",59,41.96385,-92.17226389,0,12,6,0,1,1,0,1,2,1,0,1,0,"0000000",99,99,99,99,99,99,0,0,0,3,0
19,190025,2,2,0,0,0,2,2,31,0,9,1,2016,7,5,41,1,1,1,1,1,"I-80","",30,41.66330833,-91.29534167,0,12,1,0,1,1,0,2,2,4,0,4,0,"0000000",5,43,6,2,6,10,0,0,0,1,0
19,190026,1,1,0,0,0,1,1,123,6440,4,2,2016,5,7,43,1,1,3,1,2,"US-63 SR 163","",158,41.25631389,-92.64134167,0,21,0,0,1,1,0,4,1,1,0,1,0,"0000000",99,98,99,98,88,88,0,0,0,1,1
19,190027,1,1,0,0,0,1,1,163,790,11,2,2016,5,2,10,0,2,4,4,6,"MIDDLE RD","",0,41.53866389,-90.52106667,0,33,0,0,8,1,0,4,3,1,0,1,0,"0000000",2,13,2,18,2,35,0,0,0,1,1
19,190028,1,1,0,0,0,6,6,187,0,13,2,2016,7,14,16,0,1,6,2,4,"CR-D14 / 170TH ST","",0,42.54468611,-94.060925,0,1,0,0,1,1,0,4,1,10,0,10,0,"0000000",14,23,14,35,99,99,0,0,0,1,0
19,190029,1,1,0,0,0,1,1,181,0,15,2,2016,2,3,57,1,1,1,1,1,"I-35","",193,41.45416389,-93.77976944,0,25,0,0,1,1,1,4,2,4,0,4,0,"0000000",99,98,99,98,88,88,3,0,0,1,0
19,190030,3,3,0,0,0,4,4,51,0,23,2,2016,3,10,38,1,1,3,1,2,"US-63","CR-V20/LILAC AVE",143,40.73981667,-92.41913889,0,12,1,0,2,2,0,1,1,1,0,1,0,"0000000",10,39,10,43,99,99,0,0,0,2,0
19,190031,1,1,0,0,0,1,1,183,0,25,2,2016,5,13,7,0,1,5,2,4,"CR-SPRUCE AVE","",0,41.21815556,-91.60073611,0,1,0,0,1,1,0,4,1,10,0,10,0,"0000000",13,14,13,32,14,0,0,0,0,1,0
19,190032,2,2,0,0,0,2,2,167,0,26,2,2016,6,8,54,1,1,3,1,2,"US-75","",181,43.17902778,-96.17730833,0,12,2,0,1,1,0,1,1,1,0,1,0,"0000000",9,5,9,14,9,35,0,0,0,1,0
19,190033,1,1,0,0,0,1,1,97,0,2,3,2016,4,6,16,0,1,4,1,3,"SR-64","",288,42.05220833,-90.37744444,0,35,0,0,1,1,0,4,2,1,0,1,0,"0000000",99,98,99,98,88,88,0,0,0,1,1
19,190034,2,2,0,0,0,2,2,157,0,3,3,2016,5,0,22,1,1,1,1,1,"I-80","",181,41.69607778,-92.41116389,0,12,1,0,1,1,0,1,2,4,0,4,0,"0000000",99,98,99,98,88,88,0,0,0,1,0
19,190035,1,1,0,0,0,2,2,131,0,4,3,2016,6,3,19,0,1,7,2,4,"CR-KIRKWOOD AVE","",0,43.29913333,-92.82817778,0,35,0,0,1,1,0,4,2,1,0,1,0,"0000000",99,98,99,98,88,88,0,0,0,1,1
19,190036,1,1,0,0,0,2,2,153,2260,12,2,2016,6,12,2,0,2,4,4,6,"NE 29TH ST","",0,41.68279167,-93.56106944,0,58,0,0,1,1,0,5,1,1,0,1,0,"0000000",11,59,12,6,99,99,0,0,0,1,1
19,190037,1,1,0,0,0,1,1,31,0,5,3,2016,7,10,43,0,1,5,2,4,"CR-F28/210TH ST","",0,41.78693333,-91.24731111,0,35,0,0,1,1,0,4,1,10,0,10,0,"0000000",10,52,11,13,11,56,0,0,0,1,0
19,190038,1,1,0,0,0,5,5,193,7850,5,3,2016,7,21,38,0,2,7,4,6,"W VILLA AVE","",0,42.50376389,-96.43978333,0,1,0,0,1,1,0,4,3,1,0,1,0,"0000000",21,46,21,53,99,99,0,0,0,1,0
19,190039,1,1,0,1,1,1,1,79,8880,6,3,2016,1,15,49,0,1,7,4,6,"BANK ST","",0,42.46719444,-93.84094167,0,9,0,0,1,1,0,1,1,1,0,1,0,"0000000",15,50,15,54,16,9,0,0,0,1,0
19,190040,1,1,0,1,1,1,1,155,1900,9,3,2016,4,2,18,1,2,1,1,1,"I-480","",0,41.25976944,-95.92126389,0,8,0,0,1,1,0,1,3,1,0,1,0,"0000000",99,98,99,98,88,88,0,0,0,1,0
19,190041,1,1,0,0,0,1,1,191,0,12,3,2016,7,9,36,0,1,4,1,3,"SR-24","",66,43.12611389,-91.96179167,0,23,0,0,1,1,0,4,1,1,0,1,0,"0000000",9,35,9,51,88,88,0,0,0,1,0
19,190042,1,1,0,0,0,2,2,85,0,14,3,2016,2,13,26,0,1,6,2,4,"CR-MORGAN AVE","",0,41.69022778,-95.84319167,0,1,0,0,1,1,0,1,1,1,0,1,0,"0000000",99,99,99,99,99,99,0,0,0,1,0
19,190043,1,1,0,0,0,1,1,163,2640,16,3,2016,4,15,18,1,2,3,1,2,"US-61","",204,41.64801389,-90.568,0,1,0,0,1,1,0,4,1,6,0,6,0,"0000000",15,20,15,26,15,45,0,0,0,1,0
19,190044,2,2,0,0,0,3,3,181,0,7,3,2016,2,20,51,1,1,3,1,2,"US-65","",224,41.43852222,-93.55847222,0,12,1,0,7,1,0,1,2,1,0,1,0,"0000000",99,98,99,98,88,88,0,0,0,1,0
19,190045,2,2,0,0,0,3,3,163,0,16,3,2016,4,18,8,0,1,5,2,4,"CR-Z16/UTICA RIDGE RD","CR-F55/210TH ST",0,41.61150833,-90.50244444,0,12,6,0,2,2,0,1,1,10,6,6,0,"0000000",18,11,18,25,18,39,0,0,0,1,0
19,190046,2,2,0,0,0,5,5,47,0,22,3,2016,3,6,15,1,1,3,1,2,"US-59","",30,41.91323056,-95.34418889,0,12,6,0,1,1,0,1,2,10,0,10,0,"0000000",6,17,6,27,99,99,0,0,0,1,0
19,190047,1,1,0,0,0,1,1,181,0,25,3,2016,6,18,37,0,1,7,2,4,"CR-DELAWARE ST","",0,41.45775556,-93.41636667,0,42,0,0,1,1,0,4,1,1,0,1,0,"0000000",99,98,99,98,88,88,0,0,0,1,0
19,190048,2,2,0,0,0,2,2,27,0,2,4,2016,7,21,48,0,1,5,2,4,"CR-E46 / 245TH ST","",0,42.00056667,-94.93261389,0,12,2,0,1,1,0,1,1,1,0,1,0,"0000000",21,56,22,4,99,99,0,0,0,1,2
19,190049,2,2,0,0,0,2,2,13,0,4,4,2016,2,7,23,1,1,3,1,2,"US-63/HUDSON RD","",18,42.32456667,-92.45576111,0,12,2,0,1,1,0,1,1,1,0,1,0,"0000000",99,99,99,99,99,99,0,0,0,1,1
19,190050,1,1,0,0,0,1,1,133,0,31,3,2016,5,6,37,0,1,5,2,4,"CR-E16","",0,42.16811667,-95.6998,0,38,0,0,1,1,0,4,2,2,0,2,0,"0000000",6,52,7,13,7,40,0,0,0,1,1
19,190051,1,1,0,0,0,1,1,1,0,6,3,2016,1,7,15,0,1,4,1,3,"SR-92","",215,41.31617222,-94.30369722,0,1,0,0,1,1,0,4,1,1,0,1,0,"0000000",99,98,99,98,88,88,0,0,0,1,0
19,190052,1,1,0,0,0,3,3,193,0,1,4,2016,6,13,35,1,1,1,1,1,"I-29","",84,42.32381389,-96.31120278,0,59,0,0,1,1,0,3,1,1,0,1,0,"0000000",13,31,13,47,14,5,0,0,0,1,0
19,190053,2,2,0,0,0,2,2,107,0,6,4,2016,4,6,27,0,1,4,1,3,"SR-149","CR-305TH ST",137,41.213175,-92.21376389,0,12,8,0,2,2,0,1,2,10,0,10,0,"0000000",6,26,6,34,6,48,0,0,0,1,0
19,190054,1,1,0,0,0,1,1,155,1900,6,3,2016,1,7,42,0,2,3,1,2,"US-192 S 7TH ST","",12,41.25895278,-95.85438611,0,59,0,0,1,1,0,4,1,1,0,1,0,"0000000",7,42,7,46,7,59,0,0,0,1,0
19,190055,1,1,0,0,0,3,3,193,7850,13,4,2016,4,18,48,0,2,7,4,6,"28TH ST","",0,42.51846944,-96.33658333,0,1,0,0,1,1,0,1,1,1,0,1,0,"0000000",18,49,18,58,19,12,0,0,0,1,0
19,190056,2,2,0,0,0,3,3,163,2080,24,2,2016,4,16,39,1,2,1,1,1,"I-80","",164,41.59876667,-90.58689167,0,18,0,0,1,1,0,1,1,1,0,1,0,"0000000",99,98,99,98,88,88,14,0,0,1,0
19,190057,1,1,0,0,0,4,4,155,0,21,3,2016,2,17,40,0,1,5,2,4,"CR-G08 RAILROAD HWY","",0,41.47715833,-95.60395,0,35,0,0,1,1,0,4,1,1,0,1,0,"0000000",17,39,17,55,18,30,0,0,0,1,0
19,190058,1,1,0,0,0,1,1,101,0,13,4,2016,4,8,40,0,1,6,2,4,"CR-110TH ST","",0,41.14882222,-92.12256389,0,1,0,0,1,1,0,4,1,1,0,1,0,"0000000",88,88,88,88,88,88,0,0,0,1,0
19,190059,1,1,0,0,0,4,4,7,0,3,4,2016,1,4,39,0,1,5,2,4,"CR-S70","",0,40.77055556,-93.03995833,0,1,0,0,1,1,0,4,2,1,0,1,0,"0000000",99,99,99,99,99,99,0,0,0,1,1
19,190060,1,1,0,0,0,4,4,173,0,22,3,2016,3,16,12,0,1,6,2,4,"CR-J20 / 130TH ST","",0,40.85605833,-94.49715556,0,1,0,0,1,1,0,4,1,1,0,1,0,"0000000",99,99,99,99,99,99,0,0,0,1,0
19,190061,1,1,0,0,0,1,1,121,0,3,4,2016,1,19,54,1,1,3,1,2,"US-169","",204,41.4312,-94.01063611,0,42,0,0,1,1,0,4,2,10,0,10,0,"0000000",99,98,99,98,88,88,0,0,0,1,0
19,190062,2,2,0,0,0,3,3,187,3020,4,4,2016,2,19,48,0,2,4,4,6,"N 9TH ST","1ST AVE N",0,42.50626111,-94.18635,0,12,6,0,2,2,0,1,5,1,0,1,0,"0000000",19,50,19,54,20,5,0,0,0,1,1
19,190063,2,2,0,0,0,4,4,49,0,26,3,2016,7,0,34,1,1,1,1,1,"I-80","",179,41.56306944,-93.87848056,0,12,2,0,1,1,0,1,2,1,0,1,0,"0000000",99,98,99,98,88,88,0,0,0,4,1
19,190064,1,1,0,1,1,3,3,153,2260,6,4,2016,4,20,1,0,2,4,4,6,"SW 9TH ST","",0,41.53282778,-93.62573056,0,8,0,0,8,1,0,1,3,10,0,10,0,"0000000",20,1,20,8,20,23,0,0,0,1,0
19,190065,1,1,0,0,0,1,1,79,0,14,4,2016,5,6,8,0,1,7,2,4,"CR-350TH ST","",0,42.28200278,-93.86173056,0,24,0,0,1,1,0,4,4,1,0,1,0,"0000000",99,98,99,98,88,88,0,0,0,1,1
19,190066,1,1,0,0,0,2,2,109,0,18,4,2016,2,13,47,1,1,3,1,2,"US-18","CR-140 AVE",129,43.08280833,-94.18749444,0,30,0,0,3,2,0,4,1,10,0,10,0,"0000000",99,98,99,98,88,88,0,0,0,2,0
19,190067,2,2,0,0,0,3,3,39,0,19,4,2016,3,10,58,1,1,3,1,2,"US-34","CR-SW BLVD",111,41.02573056,-93.79863333,0,12,6,0,2,2,0,1,1,10,0,10,0,"0000000",11,4,11,7,11,34,0,0,0,1,0
19,190068,2,2,0,0,0,3,3,17,0,13,2,2016,7,7,54,0,1,6,2,4,"CR-C-50/252ND ST","CR-YUKON AVE",0,42.68207222,-92.10132222,0,12,6,0,2,2,0,1,1,1,0,1,0,"0000000",8,2,8,26,8,59,0,0,0,1,0
19,190069,1,1,0,0,0,1,1,155,1900,19,4,2016,3,22,15,0,2,4,4,6,"NASH BLVD","",0,41.27966944,-95.87238056,0,33,0,0,1,1,0,4,1,1,0,1,0,"0000000",22,18,22,26,22,49,20,0,0,1,0
19,190070,2,2,0,0,0,3,3,179,0,21,4,2016,5,14,10,1,1,3,1,2,"US-63","CR-EDDYVILLE RD",209,41.09478056,-92.51324444,0,12,6,0,2,2,0,1,1,10,0,10,0,"0000000",99,98,99,98,88,88,0,0,0,2,0
19,190071,2,2,0,0,0,3,3,179,0,22,4,2016,6,10,40,1,1,3,1,2,"US-34","CR-T61/MONROE WAPPELLO RD",0,41.01612778,-92.63958889,0,12,6,0,2,2,0,1,1,10,0,10,0,"0000000",10,36,10,48,11,48,0,0,0,1,0
19,190072,1,1,0,1,1,1,1,27,0,22,4,2016,6,18,42,0,1,5,2,4,"CR-E26/160TH ST","",0,42.12302222,-94.73363889,0,9,0,0,1,1,0,1,1,1,0,1,0,"0000000",99,98,99,98,88,88,0,0,0,1,0
19,190073,2,2,0,0,0,4,4,153,0,23,4,2016,7,0,45,1,1,1,1,1,"I-35","",192,41.65086111,-93.58485833,0,12,7,0,1,1,0,1,2,1,0,1,0,"0000000",99,98,99,98,88,88,0,0,0,1,1
19,190074,1,1,0,0,0,1,1,43,0,10,4,2016,1,3,38,1,1,3,1,2,"US-52","",50,42.71854722,-91.07205278,0,1,0,0,1,1,0,4,2,1,0,1,0,"0000000",99,98,99,98,88,88,0,0,0,1,1
19,190075,2,2,0,0,0,2,2,161,0,23,4,2016,7,5,15,1,1,3,1,2,"US-20","",99999,42.46985,-95.11491667,0,12,1,0,1,1,0,1,2,5,0,5,0,"0000000",99,98,99,98,88,88,0,0,0,1,0
19,190076,2,2,0,1,1,2,2,153,2260,23,4,2016,7,11,59,1,2,1,1,1,"I-235","",99,41.59959722,-93.58800556,0,8,0,0,1,1,0,1,1,1,0,1,0,"0000000",99,98,99,98,88,88,0,0,0,1,0
19,190077,2,2,0,0,0,3,3,27,1250,25,4,2016,2,13,53,1,1,3,1,2,"US-71","",182,42.09061667,-94.8786,0,12,2,0,1,1,0,1,1,1,0,1,0,"0000000",13,55,14,12,99,99,0,0,0,1,0
19,190078,2,1,1,1,4,1,4,67,0,25,4,2016,2,17,2,1,1,3,1,2,"US-218","",20,42.98183889,-92.58021667,0,8,0,0,1,1,0,2,1,1,0,1,0,"0000000",16,55,17,6,17,21,23,0,0,1,0
19,190079,1,1,0,0,0,1,1,87,0,29,1,2016,6,14,15,0,1,5,2,4,"CR-W55/FRANKLIN AVE","",0,41.01560833,-91.612075,0,38,0,0,1,1,0,4,1,1,0,1,0,"0000000",99,99,99,99,99,99,0,0,0,1,0
19,190080,1,1,0,0,0,2,2,169,0,13,2,2016,7,1,20,0,1,7,2,4,"CR-645TH AVE","",0,41.89391944,-93.41559167,0,58,0,0,1,1,0,4,2,1,0,1,0,"0000000",99,99,99,99,99,99,0,0,0,1,1
19,190081,2,2,0,0,0,2,2,69,0,16,2,2016,3,18,43,1,1,3,1,2,"US-65","CR-C25/190TH ST",169,42.80327222,-93.2023,0,12,6,0,2,2,0,1,3,1,0,1,0,"0000000",99,99,99,99,99,99,0,0,0,1,0
19,190082,1,1,0,0,0,3,3,11,0,11,4,2016,2,15,55,0,1,5,2,4,"CR-W12/26TH AVE","",0,41.89019722,-91.98765,0,42,0,0,1,1,0,4,1,1,0,1,0,"190562S",99,99,99,99,99,99,20,0,0,1,0
19,190083,1,1,0,0,0,2,2,175,0,27,4,2016,4,2,30,0,1,5,2,4,"CR-J13/RINGGOLD UNION ST","CR-190TH AVE",0,40.89875833,-94.30000833,0,35,0,0,3,3,0,4,2,2,0,2,0,"0000000",99,98,99,98,88,88,0,0,0,1,1
19,190084,2,2,0,0,0,4,4,129,0,30,4,2016,7,17,39,1,1,3,1,2,"US-34","",247,41.03085556,-95.47684444,0,12,2,0,1,1,0,1,1,10,2,2,0,"0000000",17,35,17,47,99,99,0,0,0,1,0
19,190085,1,1,0,0,0,4,4,155,0,1,5,2016,1,2,35,0,1,7,2,4,"CR-185TH ST","",0,41.44235278,-95.84085278,0,42,0,0,1,1,0,4,2,2,10,2,0,"0000000",2,40,2,56,3,51,0,0,0,1,1
19,190086,1,1,0,1,1,2,2,155,1900,3,5,2016,3,8,29,0,2,7,4,6,"AVE G","N 38TH",0,41.26803611,-95.91038333,0,8,0,0,2,3,0,1,1,1,0,1,0,"0000000",8,29,8,34,8,48,0,0,0,1,0
19,190087,1,1,0,0,0,1,1,111,4250,3,4,2016,1,23,11,0,2,7,4,6,"17TH ST N","",0,40.40696667,-91.390275,0,42,0,0,1,1,0,5,3,10,0,10,0,"0000000",21,12,21,14,21,23,0,0,0,1,1
19,190088,1,1,0,1,1,2,2,153,2260,4,5,2016,4,15,30,1,2,3,1,2,"US-6/MERLE HAY RD","",61,41.62173889,-93.69774444,0,8,0,0,1,1,0,1,1,1,0,1,0,"0000000",15,30,15,34,15,52,0,0,0,1,0
19,190089,1,1,0,0,0,2,2,115,0,7,5,2016,7,1,0,0,1,6,2,4,"CR-W AVE","",0,41.36561111,-91.40839722,0,1,0,0,1,1,0,4,2,10,0,10,0,"0000000",99,99,99,99,99,99,0,0,0,1,1
19,190090,1,1,0,0,0,3,3,163,0,7,2,2016,1,0,52,0,1,7,2,4,"CR-155TH AVE/BUTTERMILK RD","",0,41.62525278,-90.59803611,0,32,0,0,1,1,0,4,2,1,0,1,0,"0000000",0,54,1,4,1,21,0,0,0,1,0
19,190091,1,1,0,0,0,2,2,73,0,7,5,2016,7,6,30,1,1,3,1,2,"US-30/220TH","",214,42.03195556,-94.21391944,0,57,0,0,1,1,0,4,2,1,0,1,0,"0000000",99,98,99,98,88,88,0,0,0,2,1