"STATE","ST_CASE","VE_TOTAL","VE_FORMS","PVH_INVL","PEDS","PERNOTMVIT","PERMVIT","PERSONS","COUNTY","CITY","DAY","MONTH","YEAR","DAY_WEEK","HOUR","MINUTE","NHS","RUR_URB","FUNC_SYS","RD_OWNER","ROUTE","TWAY_ID","TWAY_ID2","MILEPT","LATITUDE","LONGITUD","SP_JUR","HARM_EV","MAN_COLL","RELJCT1","RELJCT2","TYP_INT","WRK_ZONE","REL_ROAD","LGT_COND","WEATHER1","WEATHER2","WEATHER","SCH_BUS","RAIL","NOT_HOUR","NOT_MIN","ARR_HOUR","ARR_MIN","HOSP_HR","HOSP_MN","CF1","CF2","CF3","FATALS","DRUNK_DR"
19,190307,1,1,0,1,1,1,1,155,1900,9,11,2016,4,15,33,1,2,3,1,2,"US-6 KANESVILLE BLVD","BENTON ST",42,41.26548333,-95.8432,0,8,0,0,3,2,0,1,1,1,0,1,0,"0000000",15,34,15,37,15,56,0,0,0,1,0
19,190308,1,1,0,1,1,1,1,163,2080,9,11,2016,4,22,54,0,2,4,4,6,"E LOCUST ST","OAK LANE",0,41.53827222,-90.56299444,0,8,0,0,2,3,0,1,2,1,0,1,0,"0000000",22,55,22,57,23,5,0,0,0,1,0
19,190309,2,2,0,0,0,2,2,57,0,9,11,2016,4,21,52,0,1,5,2,4,"CR-X62 SUMMER ST","",0,40.73868611,-91.15306667,0,12,2,0,1,1,0,1,2,1,0,1,0,"0000000",22,3,22,17,99,99,0,0,0,1,0
19,190310,2,2,0,0,0,2,2,157,0,10,11,2016,5,15,39,1,1,3,1,2,"US-6","",52,41.74600556,-92.66353889,0,12,1,0,1,1,0,1,1,1,0,1,1,"0000000",16,8,16,28,17,5,0,0,0,1,0
19,190311,1,1,0,0,0,2,2,193,7850,11,11,2016,6,3,45,0,2,7,4,6,"W 3RD ST","ROSS ST",0,42.49931111,-96.42831667,0,39,0,0,3,2,0,4,3,1,0,1,0,"0000000",3,45,3,55,4,17,20,0,0,1,0
19,190312,1,1,0,0,0,1,1,11,0,12,11,2016,7,0,10,0,1,6,2,4,"CR-E36 65TH ST","",0,42.07972222,-92.15288333,0,1,0,0,1,1,0,4,2,1,0,1,0,"0000000",99,98,99,98,88,88,0,0,0,1,1
19,190313,1,1,0,0,0,1,1,163,2080,12,11,2016,7,17,0,1,2,1,1,1,"I-80","",145,41.59986389,-90.62598333,0,6,0,0,1,1,0,4,5,1,0,1,0,"0000000",99,98,99,98,88,88,0,0,0,1,0
19,190314,1,1,0,0,0,1,1,11,0,15,11,2016,3,6,50,0,1,5,2,4,"CR-V66 21ST AVE","",0,41.89047222,-92.08439444,0,35,0,0,1,1,0,4,4,5,0,5,0,"0000000",7,2,7,4,7,48,0,0,0,1,1
19,190315,1,1,0,0,0,1,1,93,0,15,11,2016,3,16,12,0,1,5,2,4,"CR-240TH ST","CR-LANDMARK AVE",0,42.35573333,-95.43913056,0,35,0,0,3,3,0,4,1,1,0,1,0,"0000000",99,98,99,98,88,88,0,0,0,1,0
19,190316,1,1,0,0,0,3,3,125,6650,15,11,2016,3,17,36,0,2,3,1,3,"SR-163","",116,41.39037222,-92.92418611,0,1,0,0,1,1,0,1,5,1,0,1,0,"0000000",99,99,99,99,99,99,0,0,0,1,0
19,190317,1,1,0,0,0,1,1,103,0,17,11,2016,5,11,42,0,1,4,1,3,"SR-22","",46,41.49600833,-91.40960833,0,35,0,0,1,1,0,4,1,1,0,1,0,"0000000",99,98,99,98,88,88,0,0,0,1,0
19,190318,2,2,0,0,0,2,2,113,1340,19,11,2016,7,16,37,0,2,3,4,6,"EDGEWOOD RD NW","",0,41.97600833,-91.71597778,0,12,6,0,8,1,0,1,5,1,0,1,0,"0000000",16,41,16,42,17,10,0,0,0,1,0
19,190319,3,3,0,0,0,6,6,163,2080,20,11,2016,1,9,49,0,2,4,4,6,"N DIVISION ST","W 53RD ST",0,41.57448333,-90.60040278,0,12,2,0,2,2,0,1,1,1,0,1,0,"0000000",9,50,9,53,10,23,0,0,0,1,0
19,190320,1,1,0,0,0,1,1,13,1330,21,11,2016,2,14,42,0,2,3,1,3,"SR-27","US-218",286,42.537375,-92.42606389,0,21,0,1,19,1,0,4,1,10,0,10,0,"0000000",99,98,99,98,88,88,0,0,0,1,0
19,190321,3,2,1,0,0,3,3,153,2260,22,11,2016,3,10,35,0,2,3,4,6,"MLK JR PKWY","SW 2ND ST",0,41.58237222,-93.61796389,0,12,1,0,2,2,0,1,1,2,0,2,0,"0000000",10,37,10,41,10,52,0,0,0,2,0
19,190322,3,3,0,0,0,10,10,169,0,23,11,2016,4,16,50,1,2,1,1,1,"I-35","",15,41.89303056,-93.57096944,0,12,1,0,1,1,0,1,5,1,0,1,0,"0000000",17,3,17,5,17,46,0,0,0,1,0
19,190323,1,1,0,0,0,2,2,57,1120,24,11,2016,5,0,50,0,1,7,2,4,"CR-65TH ST","",0,40.77509444,-91.16313056,0,5,0,0,1,1,0,1,2,1,0,1,0,"0000000",88,88,88,88,88,88,0,0,0,1,0
19,190324,2,2,0,0,0,4,4,117,0,24,11,2016,5,20,0,1,1,3,1,2,"US-65","",2,40.91149444,-93.48200556,0,12,7,0,1,1,0,2,2,1,0,1,0,"0000000",99,98,99,98,88,88,0,0,0,1,1
19,190325,2,2,0,0,0,2,2,33,0,25,11,2016,6,19,35,1,1,3,1,2,"US-65","",89,43.04543333,-93.20132222,0,12,2,0,1,1,0,1,2,1,0,1,0,"0000000",99,99,99,99,99,99,0,0,0,1,0
19,190326,2,2,0,0,0,4,4,113,1340,26,11,2016,7,2,48,1,2,3,1,1,"I-380","",82,41.97935833,-91.67119444,0,12,9,0,1,1,0,1,3,1,0,1,0,"0000000",2,51,2,53,99,99,19,0,0,2,0
19,190327,2,2,0,0,0,3,3,23,0,2,12,2016,6,18,23,0,1,4,1,3,"SR-14","",39,42.58835556,-92.79049444,0,12,6,0,8,1,0,1,2,1,0,1,0,"0000000",99,98,99,98,88,88,0,0,0,2,0
19,190328,1,1,0,0,0,1,1,165,0,2,12,2016,6,9,45,0,1,7,2,4,"CR-TIMBER RD","",0,41.65629444,-95.18850278,0,35,0,0,1,1,0,4,1,1,0,1,0,"0000000",99,98,99,98,88,88,0,0,0,1,0
19,190329,1,1,0,0,0,3,3,39,0,3,12,2016,7,20,0,0,1,6,2,4,"CR-COUNTRY CLUB RD","",0,40.99861111,-93.73326111,0,42,0,0,1,1,0,4,2,10,0,10,0,"0000000",99,98,99,98,88,88,0,0,0,3,0
19,190330,1,1,0,1,1,1,1,153,2260,4,12,2016,1,19,54,0,2,4,4,6,"UNIVERSITY AVE","",0,41.60032222,-93.68235278,0,8,0,0,1,1,0,1,3,10,0,10,0,"0000000",19,54,19,55,20,16,0,0,0,1,0
19,190331,1,1,0,0,0,3,3,169,0,15,11,2016,3,8,0,1,1,1,1,1,"I-35","",174,42.116375,-93.55268333,0,1,0,0,1,1,0,4,1,1,0,1,0,"0000000",8,7,8,21,8,48,0,0,0,1,0
19,190332,2,2,0,0,0,2,2,181,0,6,12,2016,3,6,42,1,1,3,1,2,"US-65","CR-G16 SCOTCH RIDGE RD",245,41.47213333,-93.55908056,0,12,6,0,2,3,0,1,4,10,0,10,0,"0000000",99,99,99,99,99,99,0,0,0,1,0
19,190333,2,2,0,0,0,4,4,103,0,7,12,2016,4,6,30,0,1,4,1,3,"SR-22","CR-X14 WAPSI AVE SE",43,41.49611111,-91.42566111,0,12,6,0,2,2,0,1,2,1,0,1,0,"0000000",99,99,99,99,99,99,0,0,0,1,0
19,190334,2,2,0,0,0,2,2,5,0,7,12,2016,4,16,51,0,1,4,1,3,"SR-9","",0,43.24065556,-91.590775,0,12,2,0,1,1,0,1,5,10,0,10,0,"0000000",16,57,17,2,17,25,0,0,0,1,1
19,190335,3,3,0,0,0,12,12,29,0,10,12,2016,7,9,6,1,1,1,1,1,"I-80","",176,41.496925,-94.81155556,0,12,6,0,1,1,0,1,1,7,10,7,0,"0000000",99,99,99,99,99,99,0,0,0,3,0
19,190336,5,5,0,0,0,6,6,39,0,10,12,2016,7,9,50,1,1,1,1,1,"I-35","",150,41.11262778,-93.78199722,0,12,1,0,1,1,0,1,1,7,0,7,0,"0000000",10,13,10,32,10,56,0,0,0,1,0
19,190337,1,1,0,1,1,1,1,43,0,13,12,2016,3,17,24,1,1,3,1,2,"US-18","",111,43.04116389,-91.39125833,0,8,0,0,1,1,0,1,3,10,0,10,0,"0000000",17,23,17,29,18,8,0,0,0,1,0
19,190338,2,2,0,0,0,4,4,161,0,14,12,2016,4,19,23,0,1,5,2,4,"CR-D15 190TH ST","CR-M43 GARD AVE",0,42.51809167,-95.229275,0,12,6,0,2,2,0,1,2,1,0,1,0,"0000000",99,99,99,99,99,99,0,0,0,2,0
19,190339,1,1,0,0,0,1,1,103,4050,15,12,2016,5,18,3,1,2,1,1,1,"I-80","",177,41.68655278,-91.49269167,0,24,0,0,1,1,0,4,2,1,0,1,0,"0000000",18,4,18,12,18,35,0,0,0,1,1
19,190340,1,1,0,0,0,1,1,123,0,15,12,2016,5,17,2,1,1,3,1,2,"US-63","",185,41.42361667,-92.65125,0,1,0,0,1,1,0,4,2,1,0,1,0,"0000000",99,98,99,98,88,88,0,0,0,1,0
19,190341,1,1,0,0,0,1,1,29,0,16,12,2016,6,17,50,1,1,1,1,1,"I-80","",215,41.49680278,-94.72456111,0,35,0,0,1,1,0,4,2,12,0,12,0,"0000000",18,6,18,19,19,3,0,0,0,1,0
19,190342,1,1,0,0,0,2,2,121,0,17,12,2016,7,11,27,0,1,5,2,4,"CR-G50 SAINT CHARLES RD","",0,41.30122222,-93.94796944,0,38,0,0,1,1,0,4,1,7,0,7,0,"0000000",99,99,99,99,99,99,0,0,0,1,0
19,190343,2,2,0,0,0,2,2,79,0,19,12,2016,2,12,19,1,1,4,1,2,"US-69 LITTLE WALL LAKE RD","",99998,42.46366389,-93.64008889,0,12,6,0,1,1,0,1,1,1,0,1,0,"0000000",12,21,12,31,12,59,0,0,0,1,0
19,190344,3,3,0,0,0,5,5,129,0,21,12,2016,4,17,25,0,1,4,1,3,"SR-370","CR-189TH ST",30,41.14928333,-95.82474722,0,12,2,0,2,2,0,1,2,1,0,1,0,"0000000",99,99,99,99,99,99,0,0,0,1,0
19,190345,2,2,0,0,0,4,4,129,0,20,11,2016,1,16,50,1,1,3,1,2,"US-34","",193,41.0306,-95.58081944,0,12,2,0,1,1,0,1,5,10,0,10,0,"0000000",16,48,16,59,99,99,0,0,0,1,0
19,190346,1,1,0,0,0,3,3,111,0,2,12,2016,6,1,46,0,1,7,2,4,"CR-163 ST","",0,40.72148056,-91.25611667,0,42,0,0,1,1,0,4,2,10,0,10,0,"0000000",99,99,99,99,99,99,0,0,0,1,0
19,190347,2,2,0,0,0,2,2,155,1900,3,12,2016,7,15,23,1,2,1,1,1,"I-29","",121,41.27550556,-95.87815556,0,12,9,0,1,1,0,1,1,4,0,4,0,"0000000",15,24,15,28,99,99,0,0,0,1,0
19,190348,1,1,0,0,0,3,3,153,2260,21,12,2016,4,19,53,1,2,1,1,1,"I-235","",3,41.59204722,-93.77117778,0,21,0,0,1,1,0,4,3,1,0,1,0,"0000000",99,99,99,99,99,99,0,0,0,2,0
19,190349,2,2,0,0,0,2,2,15,0,23,12,2016,6,8,33,1,1,3,1,2,"US-30","",10,42.03463889,-94.14198611,0,12,6,0,1,1,0,1,1,4,10,4,0,"0000000",99,98,99,98,88,88,0,0,0,1,0
19,190350,2,2,0,0,0,2,2,121,0,23,12,2016,6,17,45,1,1,3,1,2,"US-169","",173,41.38950278,-94.017825,0,12,2,0,1,1,0,1,2,2,10,2,0,"0000000",17,54,18,8,18,38,0,0,0,1,1
19,190351,4,4,0,0,0,7,7,161,0,24,12,2016,7,8,24,1,1,3,1,2,"US-71 (SR175)","",167,42.31153056,-95.08288333,0,12,2,0,1,1,0,1,1,5,0,5,0,"0000000",99,99,99,99,99,99,14,0,0,1,0
19,190352,1,1,0,0,0,1,1,61,0,26,12,2016,2,6,49,1,1,3,1,2,"US-151","",56,42.31693056,-90.93438333,0,1,0,0,1,1,0,3,2,1,0,1,0,"0000000",6,53,7,9,7,36,0,0,0,1,0
19,190353,3,1,2,0,0,1,1,99,0,27,12,2016,3,2,1,1,1,1,1,1,"I-80","",256,41.69518333,-92.855775,0,14,0,0,1,1,0,2,2,1,0,1,0,"0000000",99,98,99,98,88,88,14,0,0,1,0
19,190354,3,3,0,0,0,7,7,113,0,3,11,2016,5,15,44,0,1,4,2,4,"CR-E34 COUNTY HOME RD","CR-N TROY RD",0,42.09498611,-91.66796389,0,12,1,0,2,3,0,1,1,1,0,1,0,"0000000",99,99,99,99,99,99,0,0,0,2,0
19,190355,2,2,0,0,0,6,6,105,0,18,12,2016,1,14,10,1,1,3,1,2,"US-151","CR-215 AVE",32,42.07066389,-91.30073056,0,12,6,0,2,2,0,1,1,1,0,1,0,"0000000",14,27,14,32,15,0,0,0,0,2,0
19,190356,2,2,0,0,0,2,2,7,0,27,12,2016,3,22,5,0,1,4,1,3,"SR-5","",82,40.65510278,-92.86798333,0,12,2,0,1,1,0,1,2,1,0,1,0,"0000000",22,11,22,17,22,40,0,0,0,2,1
19,190357,2,2,0,0,0,4,4,153,2260,30,12,2016,6,17,34,0,2,3,4,6,"19TH ST","CLARK ST",0,41.605875,-93.64262778,0,12,6,0,2,2,0,1,3,1,0,1,0,"0000000",17,33,17,38,17,50,20,0,0,1,1
19,190360,1,1,0,0,0,1,1,51,0,14,6,2016,3,18,13,0,1,6,3,6,"160TH ST","",0,40.82798333,-92.39327778,0,42,0,0,1,1,0,5,1,1,0,1,0,"0000000",99,99,99,99,99,99,0,0,0,1,0
20,200001,1,1,0,0,0,1,1,209,2820,2,1,2016,7,19,50,1,2,1,31,1,"I-70","",4156,39.10608611,-94.73974722,0,35,0,1,5,1,0,4,3,98,0,98,0,"0000000",19,49,19,54,20,14,0,0,0,1,1
20,200002,2,2,0,0,0,2,2,61,0,5,1,2016,3,7,15,1,1,3,1,2,"US-77","TWELFTH ST",1650,39.17574167,-96.90159722,0,12,6,0,2,2,0,1,4,1,0,1,0,"0000000",7,18,7,33,99,99,0,0,0,1,0
20,200003,2,2,0,0,0,2,2,55,0,5,1,2016,3,16,58,1,1,3,1,2,"US-83","",598,37.83315,-100.87055278,0,12,2,0,1,1,0,2,1,98,0,98,0,"0000000",16,0,16,13,17,11,0,0,0,1,0
20,200004,2,2,0,0,0,5,5,131,0,7,1,2016,5,8,25,1,1,3,1,2,"US-36","CR-W ROAD",3365,39.84161667,-95.82633333,0,12,6,0,2,2,0,1,1,2,5,2,0,"0000000",8,22,8,39,8,50,0,0,0,1,0
20,200005,1,1,0,0,0,1,1,169,0,7,1,2016,5,14,0,0,1,7,3,5,"N SIMPSON","",0,38.95451667,-97.53825833,0,1,0,0,1,1,0,4,1,2,0,2,0,"0000000",14,52,15,8,15,51,0,0,0,1,0
20,200006,1,1,0,0,0,1,1,37,0,8,1,2016,6,20,40,0,1,5,3,6,"W 610 AVE","",0,37.49928611,-94.85347222,0,38,0,0,1,1,0,4,2,98,0,98,0,"0000000",20,43,20,48,88,88,0,0,0,1,0
20,200007,3,3,0,0,0,7,7,91,4285,10,1,2016,1,18,59,0,2,3,4,6,"W 75TH STREET","METCALF",0,38.993125,-94.66771944,0,12,6,0,2,2,0,1,3,98,0,98,0,"0000000",19,1,19,21,19,45,0,0,0,1,0
20,200008,1,1,0,1,1,1,1,129,1580,10,1,2016,1,18,46,0,1,5,4,6,"S BACA STREET","SEWARD STREET",0,37.00130556,-101.90246389,0,8,0,0,1,1,0,1,3,98,0,98,0,"0000000",18,49,18,49,19,0,0,0,0,1,0
20,200009,2,2,0,0,0,2,2,169,4900,11,1,2016,2,6,26,1,1,1,1,1,"I-135","",917,38.82026667,-97.63703333,0,12,8,0,1,1,0,1,2,3,5,3,0,"0000000",6,27,6,34,88,88,0,0,0,1,0
20,200010,1,1,0,1,1,1,1,173,5880,11,1,2016,2,18,11,0,2,5,4,6,"N MAIN STREET","",0,37.704125,-97.33813889,0,8,0,0,1,1,0,1,3,1,0,1,0,"0000000",18,16,18,21,18,24,0,0,0,1,0
20,200011,1,1,0,0,0,1,1,121,0,14,1,2016,5,8,30,0,1,4,3,6,"W 223RD STREET","",0,38.72371944,-94.74637222,0,42,0,0,1,1,0,4,1,1,0,1,0,"0000000",88,88,88,88,88,88,0,0,0,1,0
20,200012,1,1,0,0,0,3,3,195,5590,15,1,2016,6,23,24,0,1,3,1,2,"US-283","",1487,39.04324722,-99.87098333,0,43,0,0,1,1,0,4,3,98,0,98,0,"0000000",23,29,23,34,23,53,0,0,0,1,1
20,200013,1,1,0,0,0,1,1,191,0,15,1,2016,6,16,30,0,1,7,4,6,"N RYAN","",0,37.39900278,-97.65983889,0,1,0,0,1,1,0,4,1,98,0,98,0,"0000000",99,99,99,99,88,88,0,0,0,1,0
20,200014,1,1,0,0,0,1,1,101,1360,20,1,2016,4,14,30,0,1,3,1,3,"SR-4","",317,38.63928611,-100.32871111,0,1,0,0,1,1,0,4,1,10,0,10,0,"0000000",88,88,88,88,88,88,0,0,0,1,0
20,200015,2,2,0,0,0,2,2,173,5880,27,1,2016,4,8,12,1,1,3,1,3,"SR-254","N WEBB RD",0,37.79596389,-97.22673889,0,12,6,0,2,2,0,1,1,1,0,1,0,"0000000",8,15,8,23,88,88,0,0,0,1,0
20,200016,3,3,0,0,0,4,4,177,5400,4,2,2016,5,5,0,0,2,7,4,6,"SW 6TH STREET","SW TOPEKA BLVD",0,39.05324444,-95.67899167,0,12,6,0,2,2,0,1,3,98,0,98,0,"0000000",5,13,5,21,5,31,20,0,0,1,1
20,200017,2,2,0,0,0,2,2,177,0,20,1,2016,4,7,45,0,2,3,3,6,"NE 46TH","NE INDIAN CREEK RD",0,39.12926111,-95.654525,0,12,6,0,1,1,0,1,1,98,0,98,0,"0000000",7,50,7,53,88,88,0,0,0,1,0
20,200018,1,1,0,2,2,1,1,69,0,28,1,2016,5,5,1,1,1,3,1,2,"US-50","",1070,37.79433056,-100.23370278,0,8,0,0,1,1,0,2,2,98,0,98,0,"0000000",5,2,5,13,6,11,23,0,0,2,0
20,200019,1,1,0,1,1,1,1,125,0,30,1,2016,7,16,42,0,1,5,3,6,"W COLLEGE AVE","",0,37.19637778,-95.70730556,0,8,0,0,1,1,0,1,1,1,0,1,0,"0000000",16,49,16,51,88,88,0,0,0,1,0
20,200020,2,2,0,0,0,3,3,15,0,2,2,2016,3,17,45,1,1,3,1,2,"US-400","",3036,37.67933056,-96.81637222,0,12,2,0,1,1,0,1,5,98,0,98,0,"0000000",17,49,18,18,19,5,0,0,0,1,1
20,200021,2,2,0,0,0,2,2,91,4285,14,1,2016,5,17,15,0,2,3,4,6,"W 119TH STREET","FARLEY STREET",0,38.91297222,-94.69456389,0,12,6,0,2,2,0,1,1,98,0,98,0,"0000000",99,99,99,99,88,88,0,0,0,1,1
20,200022,2,1,1,0,0,1,1,17,0,19,1,2016,3,11,26,1,1,1,31,1,"I-35","",987,38.10419444,-96.57524167,0,14,0,0,1,1,0,2,1,12,0,12,0,"0000000",11,39,12,13,13,30,0,0,0,1,0
20,200023,2,2,0,0,0,2,2,155,2660,19,1,2016,3,13,55,0,1,2,1,6,"S WOODY SEAT FWY","",0,38.04501944,-97.93755556,0,12,6,1,18,1,0,1,1,12,0,12,0,"0000000",13,57,14,1,14,36,0,0,0,1,0
20,200024,1,1,0,0,0,2,2,209,2820,15,1,2016,6,0,51,0,2,7,4,6,"N 55TH STREET","",0,39.12387778,-94.70464444,0,42,0,0,1,1,0,4,3,98,0,98,0,"0000000",0,51,0,56,88,88,0,0,0,2,0
20,200025,1,1,0,1,1,1,1,173,0,23,1,2016,7,5,30,0,1,4,4,6,"E 47TH STREET","",0,37.606275,-97.25576944,0,8,0,0,1,1,0,1,3,98,0,98,0,"0000000",5,30,5,35,88,88,0,0,0,1,0
20,200026,1,1,0,0,0,1,1,155,0,6,2,2016,7,13,7,0,1,4,4,6,"E 4TH AVE","",0,38.05756944,-97.85400278,0,32,0,0,1,1,0,4,1,98,0,98,0,"0000000",13,10,13,18,13,34,0,0,0,1,0
20,200027,1,1,0,0,0,1,1,169,4900,8,2,2016,2,0,42,0,1,3,4,6,"W PACIFIC AVE","",0,38.85616667,-97.61231111,0,33,0,0,1,1,0,4,3,98,0,98,0,"0000000",99,99,99,99,88,88,0,0,0,1,1
20,200028,1,1,0,0,0,2,2,209,580,11,2,2016,5,21,50,0,2,6,4,6,"MARTINEK","",0,39.07993611,-94.85418056,0,34,0,0,1,1,0,4,2,98,0,98,0,"0000000",21,58,22,6,88,88,0,0,0,2,1
20,200029,1,1,0,0,0,1,1,87,0,12,2,2016,6,15,17,0,1,7,3,5,"WELLMAN RD","",0,39.30060278,-95.26379167,0,42,0,0,1,1,0,4,1,1,0,1,0,"0000000",15,24,15,38,88,88,0,0,0,1,0
20,200030,1,1,0,0,0,1,1,209,2820,13,2,2016,7,1,30,0,1,4,3,6,"HUTTON/107 RD","",0,39.18521944,-94.82609167,0,35,0,0,1,1,0,4,3,98,0,98,0,"0000000",7,28,7,36,7,47,0,0,0,1,1
20,200031,1,1,0,1,1,2,2,173,5880,7,2,2016,1,3,56,0,2,7,4,6,"S LAURA","",0,37.68148611,-97.32370556,0,8,0,0,1,1,0,4,3,98,0,98,0,"0000000",4,3,4,6,88,88,0,0,0,1,0
20,200032,2,2,0,0,0,2,2,173,5880,22,2,2016,2,4,41,0,1,5,4,6,"E 47TH STREET","",0,37.60671389,-97.16663056,0,12,2,0,1,1,0,1,2,98,0,98,0,"0000000",4,41,4,52,5,36,0,0,0,1,0
20,200033,1,1,0,0,0,1,1,177,4385,12,2,2016,6,0,35,0,2,4,3,5,"SW 57TH","TOPEKA BLVD",0,38.96429444,-95.68779722,0,10,0,0,6,1,0,1,3,98,0,98,0,"005955V",0,35,99,99,88,88,0,0,0,1,0
20,200034,1,1,0,0,0,2,2,27,0,15,2,2016,2,14,22,1,1,3,1,3,"SR-24","",2810,39.38006389,-97.04476944,0,32,0,0,1,1,0,4,1,98,0,98,0,"0000000",14,32,14,38,14,55,0,0,0,1,0
20,200035,1,1,0,1,1,1,1,161,3490,23,2,2016,3,17,19,0,6,96,96,8,"PARKING LOT ACCESS RD","",0,39.17915556,-96.57203056,0,8,0,0,1,1,0,6,1,98,0,98,0,"0000000",17,22,17,26,18,2,0,0,0,1,0
20,200036,1,1,0,0,0,1,1,115,0,29,2,2016,2,11,55,0,1,7,2,6,"360TH RD","",0,38.59475278,-97.06901111,0,32,0,0,1,1,0,4,1,98,0,98,0,"0000000",11,56,12,10,13,11,0,0,0,1,1
20,200037,2,2,0,0,0,2,2,113,0,5,3,2016,7,13,40,0,1,7,3,6,"24TH AVE","",0,38.36234722,-97.48205,0,12,6,0,1,1,0,1,1,98,0,98,0,"0000000",13,47,13,52,88,88,0,0,0,1,0
20,200038,2,2,0,0,0,4,4,23,520,7,2,2016,1,14,20,0,1,3,1,2,"US-36","",311,39.756575,-101.61778333,0,12,8,0,1,1,0,1,1,6,0,6,0,"0000000",14,26,14,32,15,20,0,0,0,1,0
20,200039,3,3,0,0,0,3,3,161,3490,13,2,2016,7,11,0,1,1,3,1,2,"US-24","MARLATT AVE",0,39.21880833,-96.57903333,0,12,6,0,2,2,0,1,1,98,0,98,0,"0000000",11,3,11,10,11,26,0,0,0,1,0
20,200040,2,2,0,0,0,2,2,191,0,15,2,2016,2,8,36,0,1,3,1,2,"US-160","MAYFIELD RD",2867,37.27217778,-97.54855278,0,12,1,0,3,2,0,1,1,98,0,98,0,"0000000",8,41,8,49,88,88,0,0,0,1,0
20,200041,1,1,0,0,0,3,3,37,4460,19,2,2016,6,13,0,0,1,7,4,6,"E QUINCY","",0,37.3963,-94.67244722,0,42,0,0,1,1,0,4,1,1,0,1,0,"0000000",13,8,13,14,13,42,0,0,0,1,0
20,200042,2,2,0,0,0,2,2,209,2820,19,2,2016,6,20,30,1,2,1,1,1,"I-35","",2345,39.06664167,-94.62081111,0,12,2,0,1,1,0,1,3,98,0,98,0,"0000000",20,32,20,37,20,52,0,0,0,1,2
20,200043,2,2,0,0,0,3,3,13,0,24,2,2016,4,11,42,1,1,3,1,2,"US-75","SR-246",2230,39.91425556,-95.78631389,0,12,6,0,2,2,0,1,1,1,0,1,0,"0000000",11,47,11,56,12,28,0,0,0,2,0
20,200044,2,2,0,0,0,3,3,37,0,28,2,2016,1,17,45,1,1,3,1,2,"US-169","",529,37.63887222,-94.70291944,0,12,2,0,1,1,0,1,5,1,0,1,0,"0000000",17,50,18,4,18,43,0,0,0,2,0
20,200045,2,2,0,0,0,3,3,103,2975,29,2,2016,2,16,11,0,1,4,4,6,"W EISENHOWER RD","PROGRESS DR",0,39.26678889,-94.91563056,0,12,6,0,2,2,0,1,1,98,0,98,0,"0000000",16,11,16,11,16,42,0,0,0,1,0
20,200046,2,2,0,0,0,5,5,177,5400,18,2,2016,5,12,1,0,2,3,4,6,"SW GAGE BLVD","SW 6TH STREET",0,39.05852222,-95.72466389,0,12,6,0,2,2,1,1,1,1,0,1,0,"0000000",12,3,12,9,12,27,20,0,0,1,0
20,200047,1,1,0,0,0,2,2,111,0,22,2,2016,2,15,50,0,1,5,3,5,"ROAD F","",0,38.37533611,-96.26292778,0,34,0,0,1,1,0,4,1,98,0,98,0,"0000000",15,54,16,1,16,29,0,0,0,1,0
20,200048,2,2,0,0,0,3,3,177,5400,28,2,2016,1,2,10,1,2,1,1,1,"I-70","",3562,39.05390556,-95.75791389,0,12,2,1,18,1,0,1,3,1,0,1,0,"0000000",2,10,2,21,2,55,0,0,0,2,1
20,200049,2,2,0,0,0,2,2,173,2392,2,3,2016,4,22,12,1,2,1,1,1,"I-35","",388,37.55569722,-97.32589722,0,12,1,0,1,1,0,1,2,98,0,98,0,"0000000",22,17,22,40,23,6,19,0,0,1,0
20,200050,3,3,0,0,0,6,6,87,4430,4,3,2016,6,19,7,0,1,4,3,6,"LECOMPTON RD","FRONT STREET",0,39.07150556,-95.38196667,0,12,1,0,6,1,0,1,2,98,0,98,0,"813842U",19,9,19,21,20,6,0,0,0,1,0
20,200052,3,2,1,0,0,3,3,173,5880,4,3,2016,6,15,58,0,2,4,4,6,"E LINCOLN STREET","S DELLROSE",0,37.67193056,-97.28157778,0,12,6,0,1,1,0,1,1,1,0,1,0,"0000000",15,59,16,2,16,32,0,0,0,1,0
20,200053,1,1,0,0,0,1,1,173,5880,5,3,2016,7,4,14,0,1,5,4,6,"S HILLSIDE STREET","",0,37.53474444,-97.29748056,0,1,0,0,1,1,0,4,2,98,0,98,0,"0000000",4,15,4,21,88,88,0,0,0,1,0
20,200054,1,1,0,0,0,3,3,167,0,7,3,2016,2,2,0,0,1,3,1,2,"US-281","",1508,38.98106667,-98.85398333,0,35,0,0,1,1,0,4,2,98,0,98,0,"0000000",2,40,2,50,3,22,0,0,0,1,0
20,200055,1,1,0,0,0,1,1,9,0,7,3,2016,2,17,10,0,1,7,4,6,"NW 20TH AVE","",0,38.42063056,-98.81157778,0,32,0,0,1,1,0,4,1,6,0,6,0,"0000000",99,99,99,99,88,88,0,0,0,1,0
20,200056,2,2,0,0,0,3,3,177,5400,12,3,2016,7,22,46,0,2,3,4,6,"SW 29TH","SW TOPEKA BLVD",0,39.015175,-95.68760278,0,12,2,0,2,2,0,1,3,98,0,98,0,"0000000",22,49,22,50,23,14,0,0,0,2,0