"STATE","ST_CASE","VE_TOTAL","VE_FORMS","PVH_INVL","PEDS","PERNOTMVIT","PERMVIT","PERSONS","COUNTY","CITY","DAY","MONTH","YEAR","DAY_WEEK","HOUR","MINUTE","NHS","RUR_URB","FUNC_SYS","RD_OWNER","ROUTE","TWAY_ID","TWAY_ID2","MILEPT","LATITUDE","LONGITUD","SP_JUR","HARM_EV","MAN_COLL","RELJCT1","RELJCT2","TYP_INT","WRK_ZONE","REL_ROAD","LGT_COND","WEATHER1","WEATHER2","WEATHER","SCH_BUS","RAIL","NOT_HOUR","NOT_MIN","ARR_HOUR","ARR_MIN","HOSP_HR","HOSP_MN","CF1","CF2","CF3","FATALS","DRUNK_DR"
20,200057,1,1,0,0,0,1,1,69,950,13,3,2016,1,10,50,1,1,3,1,2,"US-50","",989,37.81174167,-100.40438611,0,42,0,0,1,1,0,4,1,98,0,98,0,"0000000",10,50,10,59,88,88,0,0,0,1,0
20,200058,2,2,0,0,0,2,2,13,0,16,3,2016,4,14,54,1,1,3,1,2,"US-75","",2189,39.86872778,-95.77598333,0,12,2,0,1,1,0,1,1,1,0,1,0,"0000000",14,59,15,6,15,41,0,0,0,1,0
20,200059,1,1,0,0,0,1,1,209,2820,19,3,2016,7,19,0,1,2,1,1,1,"I-70","",4231,39.09722222,-94.62356944,0,1,0,1,18,1,0,1,1,98,0,98,0,"0000000",19,1,19,5,88,88,0,0,0,1,1
20,200060,1,1,0,0,0,1,1,165,0,19,3,2016,7,7,4,0,1,7,3,5,"AVE M","",0,38.52443611,-99.38806389,0,1,0,0,1,1,0,4,9,99,0,99,0,"0000000",99,99,19,2,88,88,0,0,0,1,1
20,200061,1,1,0,0,0,1,1,59,0,19,3,2016,7,18,45,0,1,3,1,3,"SR-68","",130,38.60841944,-95.49938056,0,34,0,0,1,1,0,4,1,98,0,98,0,"0000000",18,55,19,7,88,88,0,0,0,1,0
20,200062,2,2,0,0,0,2,2,35,0,20,3,2016,1,11,48,0,1,3,1,2,"US-166","211TH RD",370,37.11075278,-96.77120278,0,12,6,0,2,3,0,1,1,98,0,98,0,"0000000",13,7,13,35,88,88,0,0,0,1,0
20,200063,3,3,0,0,0,3,3,173,5880,24,3,2016,5,7,50,1,2,1,1,1,"I-135","",65,37.68674444,-97.31359444,0,12,6,1,18,1,0,1,1,10,0,10,0,"0000000",7,51,7,54,88,88,0,0,0,1,0
20,200064,2,2,0,0,0,4,4,113,0,25,3,2016,6,22,23,1,1,1,1,1,"I-135","",721,38.53933611,-97.6208,0,12,6,0,1,1,0,1,2,98,0,98,0,"0000000",22,32,22,45,23,27,0,0,0,1,0
20,200065,1,1,0,0,0,1,1,103,0,27,3,2016,1,8,25,0,1,4,2,6,"SANTA FE TRAIL","",0,39.36191111,-95.00560556,0,17,0,0,1,1,0,4,1,1,0,1,0,"0000000",8,35,8,45,88,88,0,0,0,1,0
20,200066,2,2,0,0,0,3,3,173,5880,27,3,2016,1,11,57,0,2,4,4,6,"N MERIDAN AVE","W 53RD STREET",0,37.78141667,-97.37188889,0,12,6,0,2,2,0,1,1,98,0,98,0,"0000000",11,58,12,2,12,33,0,0,0,1,0
20,200067,1,1,0,0,0,2,2,177,5400,9,4,2016,7,2,42,0,2,7,4,6,"SE  46TH CT","",0,38.98482778,-95.68627222,0,33,0,0,1,1,0,4,3,98,0,98,0,"0000000",3,47,3,55,4,25,0,0,0,1,1
20,200068,2,2,0,0,0,2,2,113,0,10,4,2016,1,16,20,0,1,4,4,6,"COMANCHE RD","8TH AVE",0,38.28969444,-97.77773889,0,12,6,0,2,2,0,1,1,98,0,98,0,"0000000",16,29,16,47,17,5,0,0,0,1,0
20,200069,1,1,0,0,0,1,1,173,5880,20,2,2016,7,20,58,0,2,4,4,6,"S SENECA","W CAREY LN",0,37.62611111,-97.35245,0,33,0,0,3,3,0,4,3,1,0,1,0,"0000000",21,1,21,4,21,28,0,0,0,1,0
20,200071,2,2,0,0,0,2,2,99,0,22,3,2016,3,16,35,0,1,3,1,2,"US-59","",67,37.08560833,-95.10278333,0,12,2,0,1,1,0,1,1,10,0,10,0,"0000000",16,39,16,46,88,88,0,0,0,2,0
20,200072,1,1,0,0,0,2,2,15,0,25,3,2016,6,2,4,1,1,1,31,1,"I-35","",583,37.74971944,-97.03286944,0,11,0,0,1,1,0,1,2,1,0,1,0,"0000000",2,7,2,18,2,59,0,0,0,1,0
20,200073,2,2,0,0,0,2,2,159,0,29,3,2016,3,7,17,1,1,3,1,3,"SR-14","T RD",872,38.24626111,-98.20668333,0,12,6,0,2,2,0,1,4,98,0,98,0,"0000000",7,17,7,25,99,99,0,0,0,1,0
20,200074,1,1,0,0,0,1,1,149,0,3,4,2016,1,17,27,1,1,3,1,2,"US-24","",3381,39.21620556,-96.17333611,0,1,0,0,1,1,0,4,1,6,0,6,0,"0000000",17,40,17,45,88,88,0,0,0,1,0
20,200075,1,1,0,0,0,1,1,91,1970,3,4,2016,1,14,50,1,1,1,1,1,"I-35","",2020,38.73847778,-95.01657778,0,35,0,0,1,1,0,3,1,6,0,6,0,"0000000",14,50,15,3,15,22,0,0,0,1,0
20,200076,2,2,0,0,0,2,2,17,0,4,4,2016,2,11,42,0,1,7,3,5,"YY RD","",0,38.38033056,-96.37348333,0,12,2,0,1,1,0,1,1,5,0,5,0,"0000000",11,44,12,0,99,99,0,0,0,1,0
20,200077,2,2,0,0,0,4,4,177,5400,5,4,2016,3,5,35,0,2,3,4,6,"S TOPEKA BLVD","",0,38.98456389,-95.68764444,0,12,2,0,4,1,0,1,3,98,0,98,0,"0000000",5,37,5,39,5,55,0,0,0,1,0
20,200078,2,2,0,0,0,2,2,111,1660,13,4,2016,4,13,7,0,1,5,4,6,"9TH AVE","CHESNUT STREET",0,38.40864722,-96.19395833,0,12,6,0,2,2,0,1,1,98,0,98,0,"0000000",99,99,13,12,88,88,0,0,0,1,0
20,200079,1,1,0,0,0,1,1,99,0,21,4,2016,5,16,33,0,1,7,4,6,"PRATT","",0,37.294975,-95.24966667,0,32,0,0,1,1,0,4,1,98,0,98,0,"0000000",16,33,16,49,16,58,0,0,0,1,0
20,200080,1,1,0,0,0,2,2,11,0,24,2,2016,4,7,47,0,1,5,3,6,"250TH STREET","",0,37.695025,-94.64864722,0,1,0,0,1,1,0,4,1,98,0,98,0,"0000000",7,37,7,50,88,88,0,0,0,1,0
20,200081,1,1,0,0,0,2,2,177,5400,19,4,2016,3,17,56,0,2,7,4,6,"SW 10TH AVE","",0,39.05031111,-95.69251667,0,33,0,0,1,1,0,4,1,98,0,98,0,"0000000",17,58,18,5,18,11,0,0,0,1,1
20,200082,1,1,0,0,0,1,1,177,5400,23,2,2016,3,21,0,0,1,7,2,6,"NW HOCH RD","",0,39.12954167,-95.85003611,0,24,0,0,1,1,0,4,2,98,0,98,0,"0000000",21,37,21,49,22,37,0,0,0,1,0
20,200083,1,1,0,0,0,1,1,59,0,25,3,2016,6,5,15,0,1,3,1,3,"SR-68","",372,38.62288333,-95.0704,0,24,0,0,1,1,0,4,2,5,0,5,0,"0000000",88,88,88,88,88,88,0,0,0,1,1
20,200084,1,1,0,0,0,1,1,161,0,25,3,2016,6,22,50,1,1,3,1,2,"US-24","",3062,39.26891111,-96.68774722,0,32,0,0,1,1,0,4,2,98,0,98,0,"0000000",22,57,23,5,88,88,0,0,0,1,1
20,200085,1,1,0,0,0,1,1,91,5090,10,4,2016,1,4,50,1,1,1,1,1,"I-435","",68,39.02218889,-94.78588889,0,43,0,0,1,1,0,3,2,98,0,98,0,"0000000",4,55,5,6,88,88,0,0,0,1,0
20,200086,1,1,0,0,0,1,1,131,0,23,4,2016,7,14,45,0,1,3,1,3,"SR-63","",446,39.80830556,-96.04246389,0,1,0,0,1,1,0,4,1,98,0,98,0,"0000000",14,50,14,54,15,8,0,0,0,1,1
20,200087,2,2,0,0,0,2,2,169,0,27,4,2016,4,4,26,0,1,7,4,6,"N OHIO","",0,38.87080556,-97.593775,0,12,2,0,1,1,0,1,2,6,0,6,0,"0000000",4,29,4,36,5,8,0,0,0,1,1
20,200088,1,1,0,0,0,1,1,123,0,15,4,2016,6,23,40,0,1,3,1,3,"SR-14","",2193,39.56386667,-98.11438333,0,30,0,0,1,1,0,4,2,6,0,6,0,"0000000",0,49,0,55,88,88,0,0,0,1,0
20,200089,2,2,0,0,0,3,3,91,0,8,4,2016,6,16,32,0,1,4,1,2,"US-56/OLD CLARE RD","",0,38.85213611,-94.87111111,0,12,6,0,1,1,0,1,1,98,0,98,0,"0000000",16,32,16,39,17,16,0,0,0,1,0
20,200090,2,2,0,0,0,4,4,103,0,28,4,2016,5,15,40,0,1,5,4,6,"155TH STREET","FAIRMOUNT RD",0,39.18675833,-94.937925,0,12,6,0,2,2,0,1,1,98,0,98,0,"0000000",15,49,15,54,16,53,0,0,0,1,0
20,200091,2,2,0,0,0,4,4,191,0,2,5,2016,2,18,45,0,1,3,1,3,"SR-49","100TH AVE",0,37.14154444,-97.601675,0,12,6,0,2,2,0,1,1,98,0,98,0,"0000000",18,47,18,55,88,88,0,0,0,1,0
20,200092,1,1,0,0,0,1,1,169,0,7,5,2016,7,5,0,0,1,3,1,3,"SR-4","",2085,38.69628889,-97.41754722,0,34,0,0,1,1,0,4,2,98,0,98,0,"0000000",6,7,6,29,88,88,0,0,0,1,1
20,200093,1,1,0,0,0,1,1,125,2670,5,5,2016,5,13,40,0,1,3,1,2,"US-160","",4101,37.22498611,-95.62023611,0,43,0,0,1,1,0,4,1,98,0,98,0,"0000000",13,36,13,42,88,88,0,0,0,1,0
20,200094,2,2,0,0,0,7,7,173,5880,6,5,2016,6,15,47,0,2,7,4,6,"N YOUNG STREET","W NEWELL STREET",0,37.69294722,-97.39626944,0,12,6,0,2,2,0,1,1,98,0,98,0,"0000000",15,53,15,59,16,21,0,0,0,2,1
20,200095,1,1,0,1,1,1,1,173,5880,7,5,2016,7,21,5,0,2,7,4,6,"N BROADWAY AVE","E 15TH STREET",0,37.71166389,-97.33558056,0,8,0,0,2,3,0,1,3,1,0,1,0,"0000000",21,11,21,15,21,28,0,0,0,1,0
20,200096,1,1,0,0,0,1,1,127,0,31,3,2016,5,22,4,0,1,3,1,2,"US-56","",3360,38.65283611,-96.79301667,0,31,0,0,1,1,0,4,2,98,0,98,0,"0000000",22,9,22,25,22,53,0,0,0,1,1
20,200097,1,1,0,0,0,1,1,137,0,2,4,2016,7,21,20,0,1,3,1,3,"SR-9","",271,39.619275,-99.94786944,0,1,0,0,1,1,0,4,2,98,0,98,0,"0000000",21,26,21,39,88,88,0,0,0,1,1
20,200098,1,1,0,0,0,1,1,61,0,3,4,2016,1,14,50,0,1,4,2,6,"N CLARK CREEK RD","",0,39.03371944,-96.74296111,0,1,0,0,1,1,0,4,1,98,0,98,0,"0000000",14,55,15,3,15,22,0,0,0,1,1
20,200099,2,2,0,0,0,3,3,61,0,7,4,2016,5,16,15,1,1,3,1,3,"SR-18","I-70",1770,39.059075,-96.74201389,0,12,6,1,3,2,0,1,1,1,0,1,0,"0000000",16,27,16,33,17,8,0,0,0,2,1
20,200100,1,1,0,1,1,1,1,37,4460,8,2,2016,2,14,13,0,2,4,1,2,"US-69A","",0,37.39890833,-94.70495833,0,9,0,0,1,1,0,1,1,98,0,98,0,"0000000",14,16,14,23,14,41,0,0,0,1,0
20,200101,1,1,0,0,0,1,1,69,0,9,4,2016,7,99,99,0,1,7,4,6,"17A RD","",0,37.79116667,-100.3514,0,1,0,0,1,1,0,4,2,98,0,98,0,"0000000",6,10,6,26,88,88,0,0,0,1,1
20,200102,1,1,0,0,0,1,1,209,1510,13,4,2016,4,15,50,1,2,1,1,1,"I-435","",115,39.08734444,-94.80132778,0,21,0,1,19,1,0,4,1,1,0,1,0,"0000000",99,99,99,99,88,88,0,0,0,1,0
20,200103,1,1,0,0,0,1,1,173,5880,14,4,2016,5,18,38,0,2,6,4,6,"N SENECA ST","",0,37.77882222,-97.35419444,0,42,0,0,1,1,0,4,1,98,0,98,0,"0000000",18,41,18,46,18,59,0,0,0,1,1
20,200104,1,1,0,0,0,1,1,111,0,25,3,2016,6,15,38,0,1,3,1,3,"SR-99","",0,38.69653333,-96.09520833,0,1,0,0,1,1,0,4,1,98,0,98,0,"0000000",15,38,16,4,16,29,0,0,0,1,0
20,200105,2,2,0,0,0,5,5,57,0,17,4,2016,1,16,27,1,1,3,1,2,"US-400","",1440,37.58768611,-99.68426667,0,12,6,0,1,1,1,1,1,2,5,2,0,"0000000",16,30,16,39,17,22,0,0,0,1,0
20,200106,2,2,0,0,0,2,2,41,0,17,4,2016,1,11,55,0,1,3,1,3,"SR-18","",1462,39.03143056,-97.25054722,0,12,2,0,1,1,0,1,1,98,0,98,0,"0000000",12,14,12,23,12,47,0,0,0,1,0
20,200107,2,2,0,0,0,2,2,125,0,18,4,2016,2,15,40,1,1,3,1,2,"US-169","US160",0,37.22373611,-95.58586111,0,12,6,0,2,2,0,1,1,1,0,1,0,"0000000",15,45,15,51,16,13,0,0,0,1,0
20,200108,3,3,0,0,0,4,4,95,0,27,4,2016,4,9,44,1,1,3,1,2,"US-54","NW 20TH AVE",1700,37.64693333,-98.15414167,0,12,1,0,2,2,0,1,1,98,0,98,0,"0000000",9,55,10,27,10,58,0,0,0,1,0
20,200109,2,2,0,0,0,5,5,167,0,28,4,2016,5,7,20,0,1,3,1,2,"US-281","",1314,38.70229444,-98.84625833,0,12,6,0,1,1,0,1,4,98,0,98,0,"0000000",7,25,7,36,8,5,0,0,0,2,0
20,200110,1,1,0,0,0,1,1,67,5490,28,4,2016,5,14,34,0,1,3,1,3,"SR-25","",360,37.41500278,-101.32791389,0,1,0,0,1,1,0,4,1,98,0,98,0,"0000000",14,34,14,45,15,5,0,0,0,1,0
20,200111,2,2,0,0,0,2,2,73,1780,29,4,2016,6,16,15,1,1,3,1,2,"US-400","",3500,37.62146944,-95.98037222,0,12,2,0,1,1,0,1,1,2,0,2,0,"0000000",16,26,16,38,88,88,0,0,0,2,0
20,200112,1,1,0,0,0,1,1,37,4460,14,5,2016,7,2,47,0,2,7,4,6,"W 20TH STREET","",0,37.42576389,-94.717975,0,53,0,0,1,1,0,4,2,98,0,98,0,"0000000",2,48,2,57,88,88,0,0,0,1,0
20,200113,1,1,0,0,0,2,2,9,0,15,5,2016,1,2,30,0,1,7,3,6,"SE 70 RD","",0,38.26094167,-98.67401389,0,1,0,0,1,1,0,4,2,1,0,1,0,"0000000",99,99,99,99,88,88,0,0,0,1,1
20,200114,2,2,0,0,0,3,3,15,0,15,5,2016,1,15,50,1,1,3,1,2,"US-77","",840,38.07284722,-96.86390556,0,12,6,0,1,1,0,1,1,1,0,1,0,"0000000",15,53,16,31,16,59,0,0,0,1,0
20,200115,1,1,0,1,1,1,1,175,0,18,4,2016,2,13,28,0,1,7,4,6,"N MAIN RD","",0,37.21125556,-100.70021944,0,8,0,0,1,1,0,1,1,98,0,98,0,"0000000",13,28,13,45,14,11,0,0,0,1,0
20,200116,1,1,0,0,0,1,1,139,0,28,4,2016,5,21,46,1,1,1,31,1,"I-335","",1648,38.86151389,-95.84431944,0,1,0,0,1,1,0,4,2,98,0,98,0,"0000000",21,48,22,19,88,88,0,0,0,1,0
20,200117,1,1,0,0,0,1,1,173,0,30,4,2016,7,13,33,1,1,1,31,1,"I-35","",338,37.48446667,-97.32315,0,42,0,0,1,1,0,4,1,1,0,1,0,"0000000",13,38,13,46,14,20,0,0,0,1,0
20,200118,2,2,0,0,0,4,4,59,0,3,5,2016,3,18,30,1,1,1,1,1,"I-35","",1911,38.65311111,-95.19374167,0,34,0,0,1,1,0,3,1,1,0,1,0,"0000000",18,38,18,45,19,24,0,0,0,2,1
20,200119,2,2,0,0,0,3,3,155,0,21,4,2016,5,10,41,0,2,3,1,3,"SR-14","",1073,38.10235,-98.01433056,0,12,2,0,1,1,0,1,1,1,0,1,0,"0000000",10,48,11,2,11,47,0,0,0,2,0
20,200120,1,1,0,0,0,1,1,15,0,3,5,2016,3,21,49,0,1,5,1,6,"SW SANTA FE LAKE RD","",0,37.69786944,-97.04398611,0,35,0,0,1,1,0,4,2,98,0,98,0,"0000000",21,51,22,17,22,17,0,0,0,1,1
20,200121,1,1,0,0,0,1,1,71,5440,4,5,2016,4,19,48,0,1,3,1,2,"US-83","",1080,38.43649722,-101.75191944,0,31,0,0,1,1,0,4,1,1,0,1,0,"0000000",18,48,18,48,88,88,0,0,0,1,1
20,200122,1,1,0,1,1,1,1,173,0,12,5,2016,5,18,52,0,2,7,4,6,"E 87TH STREET","",0,37.53530833,-97.33022222,0,8,0,0,1,1,0,1,1,98,0,98,0,"0000000",18,53,19,5,19,42,0,0,0,1,0
20,200123,1,1,0,0,0,1,1,25,1670,12,5,2016,5,13,12,0,1,7,2,4,"CR-19","",0,37.042975,-99.77681944,0,1,0,0,1,1,0,4,1,98,0,98,0,"0000000",13,15,13,29,14,21,0,0,0,1,0
20,200124,1,1,0,0,0,2,2,35,0,14,5,2016,7,21,55,0,1,3,1,3,"SR-15","",190,37.20568889,-96.71559722,0,11,0,0,1,1,0,1,2,1,0,1,0,"0000000",22,9,22,24,22,46,0,0,0,1,0
20,200125,1,1,0,0,0,1,1,197,0,19,5,2016,5,15,45,1,1,1,1,1,"I-70","",3382,39.06591944,-96.45704722,0,21,0,1,19,1,0,4,1,98,0,98,0,"0000000",16,7,16,39,17,14,0,0,0,1,0
20,200126,2,2,0,0,0,2,2,35,0,25,5,2016,4,16,55,0,2,4,1,2,"US-77","",0,37.01531944,-97.04871389,0,12,1,0,7,1,0,1,1,98,0,98,0,"0000000",16,57,17,1,88,88,0,0,0,1,0
20,200127,1,1,0,0,0,2,2,115,0,27,5,2016,6,12,33,1,1,3,1,2,"US-56","",0,38.52520556,-96.95616111,0,31,0,0,1,1,0,4,1,98,0,98,0,"0000000",12,40,13,7,13,57,0,0,0,1,0
20,200128,2,2,0,0,0,2,2,91,0,31,5,2016,3,22,13,0,1,7,4,6,"191 STREET","NALL AVE",0,38.78179722,-94.64921944,0,12,6,0,2,2,0,1,2,98,0,98,0,"0000000",22,14,22,22,88,88,0,0,0,1,1
20,200129,2,2,0,0,0,3,3,113,0,1,6,2016,4,8,0,0,1,4,1,6,"OLD US-81 HGHWY","ARROWHEAD RD",0,38.20303056,-97.52759167,0,12,6,0,2,2,0,1,1,98,0,98,0,"0000000",8,10,8,17,9,9,0,0,0,1,0
20,200130,1,1,0,1,1,1,1,91,3080,6,6,2016,2,6,45,0,6,96,96,8,"PARKING LOT","",0,38.93515278,-94.759325,0,8,0,0,1,1,0,5,1,98,0,98,0,"0000000",6,46,6,53,7,5,0,0,0,1,0
20,200131,1,1,0,1,1,2,2,137,0,3,5,2016,3,19,24,0,1,4,3,5,"E-9 RD","MILLS RD",0,39.889025,-99.72095,0,9,0,0,2,3,0,1,1,98,0,98,0,"0000000",19,25,19,30,88,88,0,0,0,1,0
20,200132,2,2,0,0,0,2,2,155,2660,12,5,2016,5,15,45,0,2,7,4,6,"E 14TH AVE","N POPLAR STREET",0,38.06855833,-97.92828333,0,12,6,0,2,2,0,1,1,98,0,98,0,"0000000",15,47,15,54,16,18,0,0,0,1,0
20,200133,1,1,0,0,0,1,1,173,0,15,5,2016,1,99,99,0,2,7,4,6,"S WEST STREET","",0,37.6026,-97.38891944,0,34,0,0,1,1,0,4,9,99,0,99,0,"0000000",16,52,16,57,88,88,0,0,0,1,0
20,200134,1,1,0,0,0,1,1,3,1990,18,5,2016,4,12,30,1,1,3,1,2,"US-59","",1078,38.29419167,-95.24890833,0,35,0,0,1,1,0,4,1,1,0,1,0,"0000000",12,32,12,37,88,88,0,0,0,1,0
20,200135,1,1,0,1,1,0,0,209,2820,24,5,2016,3,6,10,0,2,5,4,6,"WASHINGTON BLVD","",0,39.11851389,-94.63710278,0,8,0,0,1,1,0,1,4,2,0,2,0,"0000000",6,15,6,19,88,88,0,0,0,1,0
20,200136,2,2,0,0,0,2,2,125,1050,24,5,2016,3,12,44,1,1,3,1,2,"US-169","2800 RD",89,37.10798889,-95.58616667,0,12,6,0,2,2,0,1,1,1,0,1,0,"0000000",14,17,15,27,88,88,0,0,0,1,0
20,200137,1,1,0,0,0,1,1,55,1950,25,5,2016,4,21,30,0,1,3,1,3,"SR-156","",41,37.99965278,-100.81780833,0,31,0,0,1,1,0,4,2,98,0,98,0,"0000000",21,43,21,53,22,6,0,0,0,1,0
20,200138,1,1,0,0,0,1,1,49,2570,30,5,2016,2,1,40,0,1,7,3,6,"QUAIL RD","",0,37.55295,-95.96269722,0,11,0,0,1,1,0,1,2,98,0,98,0,"0000000",1,43,2,9,88,88,0,0,0,1,1
20,200139,1,1,0,0,0,3,3,209,2820,7,5,2016,7,22,12,0,2,4,4,2,"US-69","",0,39.0766,-94.64987778,0,23,0,0,1,1,0,4,2,98,0,98,0,"0000000",99,99,99,99,88,88,0,0,0,3,0
20,200140,1,1,0,1,1,1,1,51,0,15,5,2016,1,99,99,0,1,6,3,6,"240TH AVE","",0,38.79260556,-99.33753056,0,8,0,0,1,1,0,1,2,98,0,98,0,"0000000",22,16,22,24,88,88,0,0,0,1,0
20,200141,2,2,0,0,0,2,2,125,930,13,5,2016,6,11,34,0,1,3,1,2,"US-160","CR-5700",4169,37.19385,-95.53963889,0,12,6,0,2,2,0,1,1,98,0,98,0,"0000000",11,34,11,40,12,22,0,0,0,1,0
20,200142,1,1,0,1,1,1,1,173,1330,3,6,2016,6,9,17,0,2,3,4,6,"S ROCK ROAD","",0,37.52434444,-97.24425,0,9,0,0,1,1,0,1,1,98,0,98,0,"0000000",9,18,9,23,9,47,0,0,0,1,0
20,200143,2,2,0,0,0,6,6,73,5050,4,6,2016,7,14,53,1,1,3,1,2,"US-400","",3330,37.63609722,-96.29358056,0,12,2,0,1,1,0,1,1,1,0,1,0,"0000000",15,26,16,4,16,44,0,0,0,4,0
20,200144,2,2,0,0,0,2,2,101,1360,14,6,2016,3,12,17,0,1,3,1,3,"SR-23","CR-200",1160,38.55466389,-100.46826667,0,12,6,0,2,2,0,1,1,1,0,1,0,"0000000",12,20,12,26,88,88,0,0,0,1,0
20,200145,2,2,0,0,0,2,2,91,4140,15,6,2016,4,10,0,0,2,5,4,6,"S PFLUMM","",0,38.86014722,-94.74234722,0,12,2,0,1,1,0,1,1,98,0,98,0,"0000000",10,2,10,8,88,88,0,0,0,1,0
20,200146,2,2,0,0,0,3,3,113,0,15,6,2016,4,18,57,1,1,3,1,2,"US-56","",2538,38.37719167,-97.89172778,0,12,6,0,1,1,0,1,1,2,0,2,0,"0000000",18,59,19,14,88,88,5,0,0,2,0
20,200147,1,1,0,0,0,1,1,143,0,16,6,2016,5,21,16,0,1,7,4,6,"MULBERRY RD","",0,39.146675,-97.76769167,0,1,0,0,1,1,0,4,5,1,0,1,0,"0000000",21,19,21,32,88,88,0,0,0,1,1
20,200148,1,1,0,0,0,1,1,127,0,16,6,2016,5,19,0,0,1,7,4,6,"J AVE","",0,38.76841944,-96.77476944,0,10,0,0,6,1,0,1,1,98,0,98,0,"605201P",19,13,19,46,88,88,0,0,0,1,0
20,200149,1,1,0,0,0,1,1,171,0,18,6,2016,7,6,35,1,1,3,1,2,"US-83","",1163,38.62048611,-100.90758056,0,1,0,0,1,1,0,4,2,98,0,98,0,"0000000",7,5,7,14,88,88,0,0,0,1,1
20,200150,1,1,0,0,0,1,1,15,0,20,6,2016,2,13,24,0,1,5,4,6,"SE COLE CREEK","",0,37.49024444,-96.77020278,0,53,0,0,1,1,0,4,1,98,0,98,0,"0000000",13,26,13,51,88,88,0,0,0,1,1
20,200151,3,3,0,0,0,4,4,125,0,21,6,2016,3,7,40,1,1,3,1,2,"US-166","CR-1900",0,37.024,-95.89210278,0,12,1,0,2,3,0,1,1,98,0,98,0,"0000000",7,50,8,5,8,34,0,0,0,1,0
20,200152,2,2,0,0,0,3,3,177,5400,22,6,2016,4,20,48,0,2,5,2,6,"SE 61ST","SE CROCO RD",0,38.95699444,-95.61414722,0,12,6,0,2,2,0,1,5,98,0,98,0,"0000000",20,58,21,12,21,40,0,0,0,1,0
20,200153,1,1,0,0,0,2,2,125,930,25,6,2016,7,17,8,1,1,3,1,2,"US-169","",161,37.222825,-95.58592778,0,1,0,1,18,1,0,1,1,98,0,98,0,"0000000",17,11,17,13,18,50,0,0,0,1,0
20,200154,1,1,0,0,0,1,1,103,0,11,6,2016,7,15,30,0,1,7,4,6,"FAIRMOUNT","",0,39.18688056,-95.14284444,0,34,0,0,1,1,0,4,1,98,0,98,0,"0000000",18,57,19,16,20,0,0,0,0,1,0
20,200155,1,1,0,0,0,1,1,1,0,13,6,2016,2,19,12,1,1,3,1,2,"US-169","",620,37.81454722,-95.41056389,0,21,0,0,1,1,0,4,1,1,0,1,0,"0000000",19,20,19,22,88,88,0,0,0,1,0
20,200156,2,2,0,0,0,6,6,87,0,19,6,2016,1,15,20,1,1,3,1,2,"US-24","",3818,39.08578333,-95.41297222,0,12,6,0,1,1,0,1,1,1,0,1,0,"0000000",15,24,15,38,16,12,0,0,0,4,0
20,200157,1,1,0,0,0,2,2,197,0,19,6,2016,1,15,45,1,1,1,1,1,"I-70","",3450,39.05826667,-95.96528333,0,1,0,0,1,1,0,3,1,1,0,1,0,"0000000",15,50,16,4,16,52,0,0,0,1,0
20,200158,1,1,0,0,0,1,1,123,0,19,6,2016,1,19,50,0,1,3,1,3,"SR-14","",1951,39.23246944,-98.15356667,0,34,0,0,1,1,0,4,1,98,0,98,0,"0000000",19,56,20,9,88,88,0,0,0,1,1
20,200159,2,2,0,0,0,2,2,151,0,22,6,2016,4,7,49,1,1,3,1,2,"US-54","SE 100TH AVE",1480,37.64555556,-98.55680556,0,12,6,0,2,2,0,1,1,98,0,98,0,"0000000",7,49,7,59,8,16,0,0,0,1,0
20,200160,1,1,0,0,0,1,1,167,0,24,6,2016,6,22,0,0,1,5,3,6,"189TH STREET","",0,38.7619,-98.78080833,0,11,0,0,1,1,0,1,2,98,0,98,0,"0000000",22,11,22,24,88,88,0,0,0,1,1
20,200161,2,2,0,0,0,2,2,93,0,25,6,2016,7,11,2,0,1,7,3,4,"CR-B RD","320 RD",0,38.19076944,-101.52400556,0,12,6,0,2,2,0,1,1,98,0,98,0,"0000000",11,9,11,44,88,88,0,0,0,1,0
20,200162,2,2,0,0,0,2,2,173,5880,25,6,2016,7,20,8,0,2,7,4,6,"W DOUGLAS AVE","N MARTINSON AVE",0,37.68396111,-97.35645278,0,1,0,0,2,2,0,1,1,1,0,1,0,"0000000",20,10,20,14,20,40,0,0,0,1,1
20,200163,2,1,1,0,0,1,1,91,5090,28,6,2016,3,9,32,1,2,1,1,1,"I-435","",78,39.02997778,-94.78775833,0,14,0,0,1,1,0,5,1,2,0,2,0,"0000000",9,36,9,48,88,88,0,0,0,1,0
20,200164,2,2,0,0,0,12,12,181,2110,29,6,2016,4,2,15,1,1,1,1,1,"I-70","",301,39.32848889,-101.96596944,0,12,1,0,1,1,0,1,2,1,0,1,0,"0000000",2,27,2,42,3,11,0,0,0,6,0
20,200165,2,2,0,0,0,4,4,59,0,19,6,2016,1,20,0,0,1,3,1,3,"SR-68","KENTUCKY",230,38.60862778,-95.32350833,0,12,6,0,3,2,0,1,1,98,0,98,0,"0000000",20,5,20,10,20,29,0,0,0,1,0
20,200166,1,1,0,1,1,8,8,177,5400,26,6,2016,1,0,6,0,2,3,4,6,"SW TOPEKA BLVD","",0,38.97421111,-95.68780278,0,8,0,0,1,1,0,1,2,98,0,98,0,"0000000",0,10,0,15,88,88,0,0,0,1,0