"STATE","ST_CASE","VE_TOTAL","VE_FORMS","PVH_INVL","PEDS","PERNOTMVIT","PERMVIT","PERSONS","COUNTY","CITY","DAY","MONTH","YEAR","DAY_WEEK","HOUR","MINUTE","NHS","RUR_URB","FUNC_SYS","RD_OWNER","ROUTE","TWAY_ID","TWAY_ID2","MILEPT","LATITUDE","LONGITUD","SP_JUR","HARM_EV","MAN_COLL","RELJCT1","RELJCT2","TYP_INT","WRK_ZONE","REL_ROAD","LGT_COND","WEATHER1","WEATHER2","WEATHER","SCH_BUS","RAIL","NOT_HOUR","NOT_MIN","ARR_HOUR","ARR_MIN","HOSP_HR","HOSP_MN","CF1","CF2","CF3","FATALS","DRUNK_DR"
20,200167,2,2,0,0,0,2,2,177,5400,27,6,2016,2,6,10,1,2,3,1,3,"SR-4","",3349,39.08844444,-95.61150833,0,12,2,0,1,1,0,1,4,5,0,5,0,"0000000",6,14,6,25,88,88,0,0,0,2,0
20,200168,1,1,0,0,0,1,1,91,4545,12,6,2016,1,0,47,0,2,5,4,6,"W 75TH STREET","",0,38.99319167,-94.61515833,0,33,0,0,1,1,0,4,3,98,0,98,0,"0000000",0,49,0,55,99,99,0,0,0,1,1
20,200169,1,1,0,0,0,1,1,139,0,1,7,2016,6,13,34,0,1,3,1,3,"SR-31","",293,38.63774167,-95.75208333,0,32,0,0,1,1,0,4,1,1,0,1,0,"0000000",13,37,14,9,14,34,0,0,0,1,0
20,200170,1,1,0,0,0,1,1,91,3080,1,7,2016,6,20,36,0,2,3,4,6,"W 87TH STREET PKWY","",0,38.97104444,-94.72921389,0,33,0,0,1,1,0,3,5,98,0,98,0,"0000000",20,36,20,41,20,57,0,0,0,1,0
20,200171,3,3,0,0,0,8,8,91,3030,3,7,2016,1,9,13,0,2,3,4,6,"STATE LINE RD","W 19TH STREET",0,38.91293889,-94.60802222,0,12,6,0,2,2,0,1,1,1,0,1,0,"0000000",9,14,9,20,9,53,0,0,0,2,0
20,200172,2,2,0,0,0,5,5,157,0,4,7,2016,2,14,40,1,1,3,1,2,"US-81","LINCOLN",2238,39.85588611,-97.62148056,0,12,6,0,2,2,0,1,1,98,0,98,0,"0000000",14,40,14,41,15,5,0,0,0,1,0
20,200173,1,1,0,0,0,1,1,63,0,4,7,2016,2,21,30,0,1,3,1,3,"SR-23","",1555,39.03429444,-100.48139167,0,30,0,0,1,1,0,4,2,1,0,1,0,"0000000",21,37,21,55,22,18,0,0,0,1,0
20,200174,1,1,0,0,0,1,1,173,5880,6,7,2016,4,17,39,0,2,4,4,6,"W MUSEUM BLVD","",0,37.69429444,-97.35417778,0,33,0,0,1,1,0,4,1,98,0,98,0,"0000000",17,45,17,45,18,2,0,0,0,1,0
20,200175,1,1,0,0,0,1,1,169,4900,7,7,2016,5,9,50,1,2,1,1,1,"I-135","",901,38.79782222,-97.61801111,0,21,0,1,19,1,0,4,1,98,0,98,0,"0000000",9,52,9,56,88,88,0,0,0,1,0
20,200176,1,1,0,1,1,1,1,177,5400,4,7,2016,2,21,34,0,2,6,3,6,"SE LAKSHORE BLVD","SE PARK LANE CT",0,39.00345556,-95.638525,0,8,0,0,3,3,0,1,3,98,0,98,0,"0000000",21,37,21,40,22,2,0,0,0,1,1
20,200177,1,1,0,0,0,3,3,173,0,5,7,2016,3,0,7,0,1,7,3,6,"N 183RD STREET","",0,37.75773611,-97.55407222,0,1,0,0,1,1,0,4,3,98,0,98,0,"0000000",0,8,0,15,99,99,0,0,0,1,0
20,200178,1,1,0,0,0,1,1,91,4140,7,7,2016,5,17,59,0,2,7,4,6,"LACKMAN RD","",0,38.83085556,-94.76123333,0,30,0,0,1,1,0,4,1,98,0,98,0,"0000000",99,99,99,99,88,88,0,0,0,1,0
20,200179,1,1,0,0,0,2,2,119,0,10,7,2016,1,2,55,0,1,3,1,3,"SR-23","",180,37.16924722,-100.34546111,0,1,0,0,1,1,0,4,2,1,0,1,0,"0000000",3,56,4,4,88,88,0,0,0,2,1
20,200180,2,2,0,0,0,2,2,155,0,10,7,2016,1,12,45,0,1,7,4,6,"N LORRAINE","E 69TH AVE",0,38.130225,-97.90391389,0,12,6,0,2,2,0,1,1,98,0,98,0,"0000000",12,47,12,55,13,29,0,0,0,1,0
20,200181,1,1,0,0,0,1,1,85,0,11,7,2016,2,9,14,1,1,3,1,2,"US-75","",1883,39.41474167,-95.74791667,0,35,0,0,1,1,0,3,1,1,0,1,0,"0000000",9,13,9,22,88,88,0,0,0,1,0
20,200182,1,1,0,0,0,1,1,177,5400,11,7,2016,2,0,43,0,2,7,4,6,"SW 27TH","",0,39.02240556,-95.69125278,0,33,0,0,1,1,0,4,3,98,0,98,0,"0000000",0,44,0,49,0,59,0,0,0,1,1
20,200183,2,2,0,0,0,5,5,179,0,16,7,2016,7,12,45,0,1,3,1,3,"SR-23","CR-60N",0,39.43735278,-100.44188333,0,12,6,0,2,2,0,1,1,1,0,1,0,"0000000",12,47,12,57,13,21,0,0,0,1,0
20,200184,2,2,0,0,0,2,2,91,4140,16,7,2016,7,19,24,0,2,3,1,3,"SR-7","E HAROLD RD",0,38.89718611,-94.83846389,0,12,6,0,2,2,0,1,1,98,0,98,0,"0000000",19,27,19,31,88,88,0,0,0,1,0
20,200185,2,2,0,0,0,8,8,169,0,18,7,2016,2,17,30,0,1,3,1,3,"SR-140","S BURMA RD",309,38.830275,-97.68665,0,12,6,0,2,2,0,1,1,98,0,98,0,"0000000",17,31,17,38,18,0,0,0,0,1,0
20,200186,2,2,0,0,0,2,2,169,0,20,7,2016,4,6,35,1,1,1,1,1,"I-70","",2610,38.89095556,-97.46246111,0,12,2,0,1,1,0,1,1,98,0,98,0,"0000000",6,38,6,51,7,40,0,0,0,1,0
20,200187,2,2,0,0,0,2,2,55,2498,20,7,2016,4,8,19,1,1,3,1,2,"US-50","COOP RD",539,38.00313611,-101.10264444,0,12,1,0,3,3,0,1,1,98,0,98,0,"0000000",8,22,8,30,88,88,0,0,0,1,0
20,200188,2,2,0,0,0,3,3,173,5880,21,7,2016,5,19,50,0,2,3,4,6,"E HARRY STREET","",0,37.66455,-97.30558333,0,12,2,0,1,1,0,1,1,1,0,1,0,"0000000",19,50,19,54,20,16,0,0,0,1,0
20,200189,1,1,0,0,0,2,2,131,0,22,7,2016,6,23,0,0,1,4,4,6,"J RD","",0,39.82259444,-96.06710556,0,35,0,0,1,1,0,4,2,98,0,98,0,"0000000",2,32,2,36,3,9,0,0,0,1,1
20,200190,1,1,0,0,0,2,2,191,0,23,7,2016,7,3,0,0,1,4,4,6,"N RIDGE RD","",0,37.46921111,-97.42404167,0,42,0,0,1,1,0,4,2,98,0,98,0,"0000000",3,18,3,37,88,88,0,0,0,2,1
20,200191,2,2,0,0,0,2,2,177,5400,2,5,2016,2,11,11,1,2,3,1,2,"US-24","NE MERIDEN RD",0,39.09097778,-95.65015,0,12,6,0,2,2,0,1,1,98,0,98,0,"0000000",11,12,11,17,11,35,0,0,0,1,0
20,200192,2,2,0,0,0,3,3,191,0,27,7,2016,4,14,25,0,1,3,1,2,"US-160","",0,37.27546667,-97.199875,0,12,2,0,1,1,0,1,1,98,0,98,0,"0000000",14,28,14,42,15,11,0,0,0,1,1
20,200193,1,1,0,0,0,3,3,15,0,29,7,2016,6,19,5,0,1,7,3,6,"NW PURITY SPRINGS","",0,37.80788889,-96.91871111,0,1,0,0,1,1,0,4,1,98,0,98,0,"0000000",19,6,19,18,20,35,0,0,0,1,1
20,200194,2,2,0,0,0,2,2,169,0,3,8,2016,4,12,48,0,1,4,3,6,"W CRAWFORD ST","S BURMA RD",0,38.82719167,-97.68666389,0,12,6,0,2,2,0,1,1,98,0,98,0,"0000000",12,50,12,57,13,10,0,0,0,1,0
20,200195,2,2,0,0,0,3,3,159,0,3,8,2016,4,11,15,0,1,7,3,5,"AVE U","14TH RD",0,38.23134167,-98.23422222,0,12,6,0,2,2,0,1,1,98,0,98,0,"0000000",11,23,11,37,11,55,0,0,0,1,0
20,200196,2,2,0,0,0,2,2,209,2820,1,7,2016,6,10,45,1,2,1,1,1,"I-635","",27,39.0775,-94.68030556,0,12,1,0,1,1,0,1,1,98,0,98,0,"0000000",10,59,11,8,88,88,0,0,0,1,0
20,200197,3,3,0,0,0,3,3,57,0,5,7,2016,3,7,3,1,1,3,1,2,"US-50","",1375,37.85626389,-99.74959444,0,12,2,0,8,1,0,2,1,1,0,1,0,"0000000",7,2,7,7,7,42,20,0,0,1,0
20,200198,2,2,0,0,0,2,2,5,0,10,7,2016,1,18,27,0,1,3,1,2,"US-73","",665,39.58761111,-95.32441944,0,12,2,0,1,1,0,1,1,1,0,1,0,"0000000",18,35,19,0,19,11,0,0,0,1,0
20,200199,1,1,0,1,1,3,3,1,0,20,7,2016,4,21,25,0,1,7,3,6,"1200 RD","",0,37.78021667,-95.43387778,0,8,0,0,1,1,0,1,2,1,0,1,0,"0000000",21,31,21,37,22,3,0,0,0,1,0
20,200200,2,2,0,0,0,3,3,173,3840,22,7,2016,6,13,9,1,1,3,1,3,"SR-96","279TH STREET",0,37.876775,-97.66536667,0,12,6,0,2,2,0,1,1,98,0,98,0,"0000000",13,10,13,25,14,7,0,0,0,1,0
20,200201,1,1,0,0,0,1,1,177,5400,25,7,2016,2,9,40,1,2,2,1,2,"US-75","",1660,39.13525556,-95.71917222,0,32,0,0,1,1,0,4,1,98,0,98,0,"0000000",10,9,10,49,88,88,0,0,0,1,0
20,200202,1,1,0,0,0,2,2,173,0,26,7,2016,3,2,20,0,1,4,3,6,"E 83RD","",0,37.54256944,-97.29676667,0,33,0,0,1,1,0,3,3,98,0,98,0,"0000000",2,25,2,35,99,99,0,0,0,2,1
20,200203,1,1,0,0,0,1,1,29,0,28,7,2016,5,9,0,0,1,7,3,6,"260TH RD","BELL RD",0,39.33566944,-97.44453889,0,1,0,0,3,2,0,1,1,1,0,1,0,"0000000",99,99,99,99,88,88,0,0,0,1,0
20,200204,2,2,0,0,0,2,2,77,0,28,7,2016,5,9,4,0,1,7,3,6,"NE 100 AVE","NE 70 RD",0,37.255875,-97.857475,0,12,6,0,2,2,0,1,1,98,0,98,0,"0000000",9,10,9,25,10,0,0,0,0,1,0
20,200205,1,1,0,0,0,3,3,209,2820,31,7,2016,1,13,23,1,2,1,1,1,"I-70","",4118,39.10638333,-94.81075556,0,21,0,1,19,1,0,4,1,2,0,2,0,"0000000",13,27,13,35,13,58,0,0,0,1,0
20,200206,1,1,0,0,0,2,2,85,0,27,7,2016,4,16,54,1,1,2,1,2,"US-75","",1815,39.35751667,-95.73414167,0,35,0,0,1,1,0,4,1,1,0,1,0,"0000000",16,6,16,16,17,16,0,0,0,1,0
20,200207,2,2,0,0,0,3,3,169,5124,29,7,2016,6,19,0,1,1,1,1,1,"I-70","",2641,38.91796389,-97.40883056,0,12,6,0,1,1,0,1,1,98,0,98,0,"0000000",19,1,19,17,88,88,0,0,0,1,0
20,200208,1,1,0,0,0,1,1,13,0,30,7,2016,7,0,25,0,1,5,3,6,"270TH RD","",0,39.89931944,-95.75757222,0,42,0,0,1,1,0,4,2,98,0,98,0,"0000000",0,41,0,46,88,88,0,0,0,1,0
20,200209,3,1,2,1,1,1,1,173,5880,31,7,2016,1,17,8,1,1,1,1,1,"I-135","",219,37.90788611,-97.326525,0,24,0,0,1,1,0,4,1,1,0,1,0,"0000000",17,11,17,35,17,50,15,14,23,1,1
20,200210,2,2,0,0,0,4,4,193,0,1,8,2016,2,23,5,1,1,1,1,1,"I-70","",352,39.33288333,-101.38655833,0,12,1,0,1,1,0,1,2,1,0,1,0,"0000000",23,11,23,16,23,54,0,0,0,2,0
20,200211,2,2,0,0,0,2,2,57,0,2,8,2016,3,8,59,1,1,3,1,2,"US-50","CLARK STREET",0,37.855325,-99.75301944,0,12,6,0,2,2,0,1,1,98,0,98,0,"0000000",9,1,9,13,88,88,0,0,0,1,0
20,200212,2,2,0,0,0,2,2,143,0,4,8,2016,5,19,15,0,1,7,3,6,"130TH RD","QUARTZ RD",0,39.20485278,-97.68692222,0,12,6,0,2,2,0,1,1,1,0,1,0,"0000000",19,16,19,24,19,46,0,0,0,1,0
20,200213,1,1,0,0,0,1,1,79,0,7,8,2016,1,11,55,0,1,7,4,6,"OLIVER","",0,38.05708056,-97.28159444,0,1,0,0,1,1,0,1,1,98,0,98,0,"0000000",12,0,12,8,12,36,0,0,0,1,0
20,200214,1,1,0,1,1,1,1,209,2820,8,8,2016,2,11,10,0,2,7,4,6,"MINNESOTA AVE","8TH STREET",0,39.11552778,-94.62967222,0,8,0,0,2,2,0,1,1,98,0,98,0,"0000000",11,15,11,17,11,27,0,0,0,1,0
20,200215,2,2,0,0,0,4,4,209,2820,15,8,2016,2,19,1,0,2,4,4,6,"PARALLEL PKWY","N 88TH ST",0,39.12859444,-94.78423889,0,12,1,0,4,1,0,1,1,98,0,98,0,"0000000",19,3,19,6,19,10,0,0,0,1,0
20,200216,1,1,0,0,0,1,1,51,0,16,8,2016,3,16,20,1,1,3,1,2,"US-183","",1425,38.71392778,-99.320425,0,23,0,0,1,1,0,4,1,98,0,98,0,"0000000",16,22,16,32,88,88,0,0,0,1,0
20,200217,2,2,0,0,0,2,2,173,5880,15,8,2016,2,20,3,0,2,3,4,6,"W HARRY ST","",0,37.66431111,-97.345475,0,12,2,0,1,1,0,1,5,98,0,98,0,"0000000",20,6,20,10,20,34,0,0,0,1,1
20,200218,2,2,0,0,0,2,2,173,0,17,8,2016,4,13,21,0,1,4,4,6,"W MACARTHUR","",0,37.62142778,-97.50312778,0,12,2,0,1,1,0,1,1,98,0,98,0,"0000000",13,21,13,24,88,88,0,0,0,1,0
20,200219,2,2,0,0,0,2,2,15,0,18,8,2016,5,12,10,1,1,3,1,3,"SR-254","CR-BUTLER",0,37.79570556,-97.13551111,0,12,6,0,2,2,0,1,1,98,0,98,0,"0000000",12,12,12,21,13,5,0,0,0,1,0
20,200220,1,1,0,0,0,1,1,121,0,25,8,2016,5,5,0,0,1,4,3,6,"W 327TH STREET","",0,38.5308,-94.86370278,0,42,0,0,1,1,0,4,2,5,0,5,0,"0000000",5,28,5,33,88,88,0,0,0,1,0
20,200221,1,1,0,0,0,1,1,121,0,29,8,2016,2,99,99,0,1,4,2,6,"W 311TH","",0,38.56367222,-94.74586389,0,38,0,0,1,1,0,4,9,99,0,99,0,"0000000",14,5,14,13,88,88,0,0,0,1,0
20,200222,2,2,0,0,0,3,3,113,0,3,9,2016,7,20,48,1,1,3,1,3,"SR-61","COMMANCHE RD",758,38.28904722,-97.73491944,0,12,6,0,2,2,0,1,2,98,0,98,0,"0000000",21,0,21,10,22,15,23,19,0,1,0
20,200223,2,2,0,0,0,9,9,93,0,24,7,2016,1,10,12,1,1,3,1,2,"US-50","",340,37.94397222,-101.44945833,0,12,6,0,1,1,0,2,1,98,0,98,0,"0000000",10,15,10,28,10,49,0,0,0,1,0
20,200224,1,1,0,1,1,3,3,91,4140,27,7,2016,4,16,32,0,2,7,4,6,"S SEMINOLE","",0,38.87763611,-94.76623611,0,8,0,0,4,1,0,1,1,98,0,98,0,"0000000",16,34,16,37,17,22,0,0,0,1,0
20,200225,2,2,0,0,0,2,2,103,0,4,8,2016,5,7,5,1,1,1,31,1,"I-70","",2188,39.07398333,-94.99020278,0,12,6,0,1,1,0,1,1,98,0,98,0,"0000000",7,21,99,99,88,88,0,0,0,1,0
20,200226,2,2,0,0,0,2,2,59,4270,6,8,2016,7,20,12,0,2,7,4,6,"S BURROUGHS","E 10TH STREET",0,38.60290556,-95.25632778,0,12,6,0,2,2,0,1,1,98,0,98,0,"0000000",20,14,20,18,20,41,0,0,0,1,0
20,200227,2,2,0,0,0,5,5,177,0,18,8,2016,5,7,20,1,1,3,1,2,"US-24","",3599,39.093825,-95.81854167,0,12,6,0,1,1,0,1,1,10,0,10,0,"0000000",7,22,7,34,7,57,0,0,0,4,0
20,200228,1,1,0,0,0,1,1,181,2110,18,8,2016,5,99,99,1,1,1,1,1,"I-70","",236,39.32969722,-101.60611389,0,1,0,0,1,1,0,4,1,1,0,1,0,"0000000",9,36,9,47,88,88,0,0,0,1,0
20,200229,1,1,0,0,0,2,2,155,0,19,8,2016,6,18,0,0,1,5,4,6,"DEAN RD","",0,37.77017222,-98.02736667,0,23,0,0,1,1,0,4,1,98,0,98,0,"0000000",18,12,18,19,18,47,0,0,0,1,0
20,200230,2,2,0,0,0,3,3,197,0,21,8,2016,1,2,16,1,1,1,1,1,"I-70","HTTPS://FARSCURRENT.CDAN.DOT.G",3332,39.06329167,-96.18320556,0,12,2,0,1,1,1,1,2,1,0,1,0,"0000000",2,10,2,26,88,88,0,0,0,1,1
20,200231,1,1,0,0,0,3,3,77,0,30,8,2016,3,22,45,0,1,5,3,3,"SR-179","",40,37.06696667,-98.03808056,0,32,0,0,1,1,0,4,2,98,0,98,0,"0000000",22,53,23,3,23,28,0,0,0,1,1
20,200232,2,2,0,0,0,4,4,91,4285,1,9,2016,5,16,11,0,2,7,4,6,"159TH STREET","LOWELL AVE",0,38.84011667,-94.68250278,0,12,6,0,2,2,0,1,1,98,0,98,0,"0000000",16,13,16,15,16,40,0,0,0,1,0
20,200233,1,1,0,0,0,2,2,21,390,22,6,2016,4,17,26,0,2,7,4,6,"S ROBERTS RD","",0,37.00578889,-94.73605,0,5,0,0,1,1,0,1,1,98,0,98,0,"0000000",17,20,17,29,99,99,0,0,0,1,0
20,200234,2,2,0,0,0,3,3,209,2820,16,8,2016,3,14,28,1,2,3,1,2,"US-69","SR-32",326,39.08738611,-94.65012778,0,12,6,1,5,1,0,1,1,1,0,1,0,"0000000",14,34,14,37,14,49,20,0,0,1,0
20,200235,2,2,0,0,0,2,2,91,3705,26,8,2016,6,19,27,1,2,3,1,2,"US-69","",0,39.03348333,-94.66823611,0,12,2,0,1,1,0,1,1,98,0,98,0,"0000000",19,27,19,31,20,5,0,0,0,1,0
20,200236,1,1,0,1,1,1,1,125,0,6,8,2016,7,21,25,1,1,3,1,2,"US-160","",4112,37.22444722,-95.59693611,0,8,0,0,1,1,0,1,2,1,0,1,0,"0000000",88,88,88,88,88,88,18,0,0,1,0
20,200237,1,1,0,1,1,2,2,173,0,22,8,2016,2,4,20,1,2,1,31,1,"I-35","",412,37.59021111,-97.32395278,0,8,0,0,1,1,0,1,2,98,0,98,0,"0000000",4,32,4,44,88,88,0,0,0,1,0
20,200238,2,2,0,0,0,2,2,129,4780,2,9,2016,6,17,54,0,1,3,1,2,"US-56","",103,37.08322778,-101.74821944,0,12,6,0,1,1,0,1,1,98,0,98,0,"0000000",17,59,18,12,88,88,0,0,0,1,0
20,200239,2,2,0,0,0,4,4,173,5880,2,9,2016,6,22,50,0,2,4,4,6,"S MERIDIAN AVE","",0,37.67147222,-97.37111389,0,58,0,0,1,1,1,1,3,98,0,98,0,"0000000",22,50,22,54,23,8,0,0,0,1,0
20,200240,1,1,0,0,0,1,1,125,0,2,9,2016,6,14,19,0,1,7,3,4,"CR-4150","",0,37.19766389,-95.68368056,0,35,0,0,1,1,0,4,1,98,0,98,0,"0000000",14,24,14,28,15,6,0,0,0,1,0
20,200241,1,1,0,0,0,2,2,205,0,3,9,2016,7,1,0,0,1,3,1,3,"SR-47","",36,37.52988889,-95.75019444,0,35,0,0,1,1,0,4,2,1,0,1,0,"0000000",1,10,1,29,1,53,0,0,0,1,0
20,200242,3,3,0,0,0,8,8,185,0,3,9,2016,7,11,8,1,1,3,1,2,"US-281","US-50",0,37.95585,-98.74700833,0,12,6,0,2,2,0,1,1,98,0,98,0,"0000000",11,10,11,19,11,42,0,0,0,1,0
20,200243,2,2,0,0,0,2,2,181,2110,4,9,2016,1,15,35,1,1,1,1,1,"I-70","",236,39.32936667,-101.60808889,0,12,7,0,1,1,0,1,1,6,0,6,0,"0000000",15,35,15,40,15,58,0,0,0,1,0
20,200244,1,1,0,0,0,1,1,15,0,6,9,2016,3,20,19,0,1,5,3,6,"SHADY CREEK ACCESS","",0,37.83343333,-96.80768889,0,5,0,0,1,1,0,4,9,98,0,98,0,"0000000",20,37,20,44,88,88,0,0,0,1,0
20,200245,2,2,0,0,0,2,2,1,0,7,9,2016,4,9,17,1,1,3,1,2,"US-169","WEST VIRGINIA",750,38.02400833,-95.38060556,0,12,6,0,2,2,0,1,1,1,0,1,0,"0000000",9,32,9,58,10,47,0,0,0,1,0
20,200246,2,2,0,0,0,2,2,133,0,8,9,2016,5,12,36,1,1,2,1,2,"US-169","",530,37.71725556,-95.47788056,0,12,8,0,1,1,0,1,1,2,0,2,0,"0000000",12,40,12,44,88,88,0,0,0,1,0
20,200247,1,1,0,1,1,1,1,17,0,8,9,2016,5,7,31,1,1,1,31,1,"I-35","",1138,38.13992778,-96.52638056,0,8,0,0,1,1,0,2,2,2,0,2,0,"0000000",7,39,7,57,88,88,0,0,0,1,0
20,200248,1,1,0,0,0,1,1,31,0,8,9,2016,5,16,59,0,1,3,1,3,"SR-58","",0,38.08268333,-95.68954444,0,1,0,0,1,1,0,4,1,2,0,2,0,"0000000",17,0,17,11,17,45,0,0,0,1,0
20,200249,1,1,0,0,0,2,2,169,0,10,9,2016,7,1,40,0,1,4,4,6,"W STATE STREET","",0,38.84177222,-97.7078,0,1,0,0,1,1,0,4,2,1,0,1,0,"0000000",1,54,2,7,2,27,0,0,0,1,0
20,200250,2,2,0,0,0,2,2,161,3490,12,9,2016,2,13,32,0,2,3,4,6,"KIMBALL AVE","",0,39.20430278,-96.58372778,0,12,2,0,1,1,0,1,1,98,0,98,0,"0000000",13,34,13,35,14,0,0,0,0,1,1
20,200251,1,1,0,0,0,1,1,45,0,13,9,2016,3,18,18,0,1,7,3,4,"CR-458","",0,38.88432222,-95.33890556,0,35,0,0,1,1,0,4,1,98,0,98,0,"0000000",18,19,18,26,19,3,0,0,0,1,1
20,200252,1,1,0,0,0,1,1,173,5880,13,9,2016,3,14,59,0,2,4,4,6,"S GEORGE WASHINGTON BLVD","E PAWNEE AVE",0,37.65008056,-97.28888611,0,46,0,0,3,2,0,3,1,98,0,98,0,"0000000",14,59,15,7,15,22,0,0,0,1,0
20,200253,2,2,0,0,0,2,2,175,3160,17,9,2016,7,5,12,1,1,3,1,2,"US-54","8TH STREET",0,37.05425278,-100.89112778,0,12,1,0,2,2,0,1,2,5,0,5,0,"0000000",5,12,5,19,5,45,0,0,0,1,0
20,200254,2,2,0,0,0,5,5,91,4140,18,9,2016,1,21,48,1,2,1,1,1,"I-35","",2210,38.92715278,-94.75768333,0,12,1,0,1,1,0,1,2,98,0,98,0,"0000000",9,52,9,58,10,2,0,0,0,1,0
20,200255,1,1,0,1,1,1,1,177,5400,20,9,2016,3,14,27,0,2,7,4,6,"SE 29TH","",0,39.01513889,-95.68100278,0,9,0,0,1,1,0,1,1,98,0,98,0,"0000000",14,28,14,32,14,50,0,0,0,1,0
20,200256,1,1,0,0,0,1,1,209,2820,4,8,2016,5,17,50,0,2,4,4,6,"PARALLEL PKWY","",0,39.12884167,-94.63493611,0,33,0,0,1,1,0,3,1,98,0,98,0,"0000000",17,52,17,56,18,52,0,0,0,1,0
20,200257,2,2,0,0,0,2,2,15,0,21,9,2016,4,12,35,1,1,1,31,1,"I-35","",611,37.74685278,-97.04394444,0,12,1,0,1,1,0,1,1,98,0,98,0,"0000000",12,42,12,53,88,88,0,0,0,1,0
20,200258,1,1,0,0,0,1,1,165,4817,22,9,2016,5,13,55,0,1,3,1,2,"US-183","",1230,38.44031667,-99.30893611,0,34,0,0,1,1,0,4,1,98,0,98,0,"0000000",14,6,14,9,14,25,0,0,0,1,0
20,200259,1,1,0,1,1,1,1,91,4140,24,9,2016,7,13,59,0,2,7,4,6,"S BLACKFOOT DR","",0,38.85319722,-94.76660833,0,8,0,0,1,1,0,1,1,98,0,98,0,"0000000",13,59,14,0,88,88,0,0,0,1,0
20,200260,2,2,0,1,1,6,6,177,5400,24,9,2016,7,22,16,0,2,3,1,6,"SW TOPEKA BLVD","",0,38.97113333,-95.68752778,0,8,0,0,1,1,0,1,2,2,0,2,0,"0000000",22,17,22,25,88,88,0,0,0,1,0
20,200261,1,1,0,0,0,1,1,45,0,26,9,2016,2,21,52,0,1,7,3,4,"CR-458","",0,38.88453333,-95.31551944,0,34,0,0,1,1,0,4,2,98,0,98,0,"0000000",21,57,21,59,22,28,0,0,0,1,0
20,200262,1,1,0,0,0,1,1,29,0,30,9,2016,6,17,55,0,1,5,1,3,"SR-9","",0,39.496525,-97.72577222,0,24,0,0,1,1,0,4,1,98,0,98,0,"0000000",17,46,18,8,88,88,0,0,0,1,1
20,200263,1,1,0,0,0,1,1,117,0,7,10,2016,6,18,0,0,1,7,3,6,"LIMESTONE RD","",0,39.82719722,-96.42254444,0,1,0,0,1,1,0,4,5,98,0,98,0,"0000000",88,88,88,88,88,88,0,0,0,1,0
20,200264,1,1,0,0,0,1,1,21,0,7,10,2016,6,9,36,0,1,4,1,2,"US-96 HWY OLD ONE","",0,37.17788333,-94.69713333,0,24,0,0,1,1,0,4,1,98,0,98,0,"0000000",9,38,9,55,88,88,0,0,0,1,0
20,200265,1,1,0,0,0,1,1,197,0,22,7,2016,6,7,45,1,1,1,1,1,"I-70","",3373,39.05875556,-96.10440556,0,35,0,0,1,1,0,3,1,1,0,1,0,"0000000",7,50,8,7,8,47,0,0,0,1,0
20,200266,1,1,0,1,1,1,1,103,0,2,9,2016,6,20,30,1,1,1,1,1,"I-70","",2099,39.02847222,-95.12023333,0,8,0,0,1,1,0,1,2,98,0,98,0,"0000000",99,99,99,99,88,88,0,0,0,1,0
20,200267,1,1,0,0,0,4,4,59,4500,22,9,2016,5,1,8,0,1,3,1,3,"SR-68","",160,38.60846944,-95.45595,0,1,0,0,8,1,0,4,2,1,0,1,0,"0000000",1,11,1,20,1,54,20,0,0,1,0
20,200268,1,1,0,0,0,1,1,173,0,22,9,2016,5,2,8,0,2,7,4,6,"E 63RD STREET","",0,37.57906389,-97.29278333,0,33,0,0,1,1,0,4,2,98,0,98,0,"0000000",2,8,2,13,2,34,0,0,0,1,1
20,200269,1,1,0,0,0,1,1,63,0,24,9,2016,7,1,35,1,1,1,1,1,"I-70","",868,39.11135,-100.593825,0,1,0,0,1,1,0,3,2,1,0,1,0,"0000000",1,45,2,6,88,88,0,0,0,1,0
20,200270,2,2,0,0,0,4,4,103,0,26,9,2016,2,17,19,0,1,3,1,2,"US-24","",4002,39.03433056,-95.151175,0,12,2,0,1,1,0,1,1,1,0,1,0,"0000000",17,26,17,32,18,43,0,0,0,1,1
20,200271,2,2,0,0,0,2,2,175,3160,27,9,2016,3,7,21,1,1,3,1,2,"US-54","",169,37.13853889,-100.75660278,0,12,2,0,1,1,0,1,1,98,0,98,0,"0000000",7,21,7,31,7,51,0,0,0,1,0
20,200272,1,1,0,1,1,1,1,125,1050,28,9,2016,4,16,23,1,2,3,1,3,"SR-166","READ",0,37.03309167,-95.63226667,0,8,0,0,3,2,0,1,1,98,0,98,0,"0000000",16,24,16,28,16,48,0,0,0,1,0
20,200273,2,2,0,0,0,2,2,125,1050,29,9,2016,5,12,41,1,2,3,1,2,"US-166/11TH","HARDING",0,37.03306389,-95.63048611,0,12,6,0,2,2,0,1,1,98,0,98,0,"0000000",12,42,12,50,13,11,0,0,0,1,0
20,200274,1,1,0,0,0,1,1,21,0,25,9,2016,1,6,50,0,1,3,1,3,"SR-7","",158,37.22211944,-94.832,0,32,0,0,1,1,0,4,4,98,0,98,0,"0000000",88,88,88,88,88,88,0,0,0,1,1
20,200275,2,2,0,0,0,2,2,41,0,2,10,2016,1,17,58,0,1,3,1,3,"SR-18","BARN RD",1400,39.03043056,-97.35311944,0,12,6,0,2,2,0,1,1,1,0,1,0,"0000000",17,58,18,15,88,88,0,0,0,1,1