"STATE","ST_CASE","VE_TOTAL","VE_FORMS","PVH_INVL","PEDS","PERNOTMVIT","PERMVIT","PERSONS","COUNTY","CITY","DAY","MONTH","YEAR","DAY_WEEK","HOUR","MINUTE","NHS","RUR_URB","FUNC_SYS","RD_OWNER","ROUTE","TWAY_ID","TWAY_ID2","MILEPT","LATITUDE","LONGITUD","SP_JUR","HARM_EV","MAN_COLL","RELJCT1","RELJCT2","TYP_INT","WRK_ZONE","REL_ROAD","LGT_COND","WEATHER1","WEATHER2","WEATHER","SCH_BUS","RAIL","NOT_HOUR","NOT_MIN","ARR_HOUR","ARR_MIN","HOSP_HR","HOSP_MN","CF1","CF2","CF3","FATALS","DRUNK_DR"
22,220341,1,1,0,0,0,1,1,115,1300,27,7,2016,4,15,28,0,2,5,1,3,"SR-1213","",3,31.15848333,-93.26213889,0,30,0,0,1,1,0,4,1,1,0,1,0,"0000000",15,22,15,22,88,88,0,0,0,1,0
22,220342,1,1,0,0,0,1,1,17,0,1,7,2016,6,17,58,0,1,5,1,3,"SR-538","",124,32.64459444,-93.9375,0,42,0,0,1,1,0,4,1,1,0,1,0,"0000000",17,56,18,2,88,88,0,0,0,1,1
22,220343,2,2,0,1,1,2,2,17,2130,4,7,2016,2,23,19,1,2,3,1,3,"SR-526 W. BERT KOUNS IND. LOOP","S. SHREVEPARK DRIVE",61,32.40215278,-93.83871944,0,8,0,0,2,3,0,1,2,10,0,10,0,"0000000",23,17,23,25,88,88,0,0,0,1,0
22,220344,1,1,0,1,1,1,1,79,40,2,7,2016,7,0,30,0,2,7,2,6,"NEW YORK AVENUE","",0,31.25003889,-92.43374167,0,8,0,0,1,1,0,1,2,1,0,1,0,"0000000",0,47,0,54,88,88,0,0,0,1,0
22,220345,1,1,0,0,0,1,1,19,1250,9,7,2016,7,3,42,0,2,5,2,6,"5TH AVENUE","",0,30.181625,-93.18837222,0,33,0,0,1,1,0,3,3,1,0,1,0,"0000000",3,43,3,51,3,57,0,0,0,1,0
22,220347,2,2,0,0,0,2,2,33,150,15,7,2016,6,6,36,1,2,3,1,2,"US-61 SCENIC HWY","SR- 408 HARDING BLVD",825,30.52045,-91.17898056,0,12,6,0,2,2,0,1,1,10,0,10,0,"0000000",6,37,6,53,7,7,0,0,0,1,0
22,220348,3,3,0,0,0,4,4,17,2130,18,7,2016,2,14,35,0,2,4,1,3,"SR-525 COLQUITT ROAD","BIRDWELL STREET",83,32.38441111,-93.83570833,0,12,6,0,2,3,0,1,1,1,0,1,0,"0000000",99,99,99,99,99,99,0,0,0,1,0
22,220349,2,2,0,0,0,2,2,61,2070,27,7,2016,4,10,33,1,2,1,1,1,"I-20","",896,32.54018889,-92.57096389,0,12,7,0,1,1,0,1,1,1,0,1,0,"0000000",10,34,10,39,11,10,0,0,0,1,0
22,220350,2,2,0,0,0,2,2,59,0,13,7,2016,4,15,27,0,1,5,1,3,"SR-127","",307,31.863575,-92.22025278,0,24,0,0,1,1,0,4,1,1,0,1,0,"0000000",15,32,15,44,88,88,0,0,0,1,1
22,220351,1,1,0,0,0,1,1,69,0,13,7,2016,4,17,50,0,1,5,1,3,"SR-9","",87,32.000575,-93.04157778,0,42,0,0,1,1,0,4,1,1,0,1,0,"0000000",17,56,18,15,88,88,0,0,0,1,0
22,220352,2,2,0,0,0,4,4,5,0,14,7,2016,5,5,55,0,1,3,1,3,"SR-1","",1135,30.12088333,-91.05285,0,12,2,0,1,1,0,1,4,1,0,1,0,"0000000",5,59,6,20,7,19,0,0,0,2,0
22,220353,1,1,0,0,0,1,1,21,0,14,7,2016,5,5,25,0,1,5,1,3,"SR-4","",962,32.10336111,-92.14904167,0,35,0,0,1,1,0,4,2,1,0,1,0,"0000000",5,32,5,41,88,88,0,0,0,1,0
22,220354,2,2,0,0,0,3,3,73,0,14,7,2016,5,19,20,1,2,1,1,1,"I-20","",1233,32.4901,-92.00450278,0,12,8,0,1,1,0,1,1,1,0,1,0,"0000000",19,22,19,29,20,44,0,0,0,1,0
22,220355,1,1,0,1,1,1,1,73,2022,14,7,2016,5,21,5,1,2,3,1,2,"US-165","TICHELLI ROAD",1753,32.46681389,-92.08239444,0,8,0,0,2,2,0,1,2,2,0,2,0,"0000000",21,8,21,15,88,88,0,0,0,1,0
22,220356,1,1,0,1,1,2,2,11,0,15,7,2016,6,21,30,1,1,3,1,2,"US-171","FELICE CUTOFF",167,30.461125,-93.23256389,0,8,0,0,2,2,0,1,2,1,0,1,0,"0000000",21,34,21,48,88,88,0,0,0,1,0
22,220357,1,1,0,0,0,1,1,123,0,17,7,2016,1,99,99,0,1,5,1,3,"SR-585","",196,32.85485,-91.56199167,0,1,0,0,1,1,0,4,2,1,0,1,0,"0000000",5,40,5,50,88,88,0,0,0,1,0
22,220358,2,2,0,0,0,2,2,51,0,20,7,2016,4,22,55,1,2,3,1,2,"US-90","",2472,29.90992222,-90.18293333,0,12,2,0,7,1,0,1,2,1,0,1,0,"0000000",22,57,23,2,23,27,0,0,0,1,1
22,220359,1,1,0,1,1,1,1,51,1125,21,7,2016,5,0,5,1,2,3,1,2,"US-90","CLAIBORNE CT",2521,29.96305556,-90.15957778,0,8,0,0,2,3,0,1,3,1,0,1,0,"0000000",0,8,0,12,0,30,0,0,0,1,1
22,220360,2,2,0,0,0,2,2,103,0,22,7,2016,6,20,25,0,1,4,1,3,"SR-1077","TUSCANY BLVD",75,30.47981111,-90.18896667,0,12,6,0,2,3,0,1,2,1,0,1,0,"0000000",20,27,20,36,21,10,0,0,0,1,0
22,220361,1,1,0,1,1,1,1,57,850,29,7,2016,6,22,34,1,2,4,1,3,"SR-1","",243,29.36685,-90.25756667,0,8,0,0,1,1,0,1,3,1,0,1,0,"0000000",22,36,22,40,23,5,0,0,0,1,0
22,220362,1,1,0,1,1,1,1,5,0,14,5,2016,7,22,38,1,1,1,1,1,"I-10","",1745,30.25664444,-90.978475,0,8,0,0,1,1,4,1,2,1,0,1,0,"0000000",88,88,88,88,88,88,0,0,0,1,0
22,220363,2,1,1,0,1,1,2,89,0,5,6,2016,1,1,0,1,2,1,1,1,"I-10","",2197,30.01279722,-90.30821111,0,14,0,0,1,1,0,2,2,10,0,10,0,"0000000",1,21,1,32,99,99,0,0,0,1,1
22,220364,1,1,0,0,0,1,1,121,0,21,7,2016,5,4,30,0,1,5,1,3,"SR-620","",36,30.54104167,-91.34969167,0,32,0,0,1,1,0,4,2,1,0,1,0,"0000000",4,40,4,51,88,88,0,0,0,1,0
22,220365,1,1,0,0,0,1,1,121,1920,2,8,2016,3,21,0,0,2,4,1,3,"SR-1","SR-987-1",1731,30.50616111,-91.20758056,0,35,0,1,3,2,0,4,2,1,0,1,0,"0000000",21,14,21,22,21,55,0,0,0,1,1
22,220366,1,1,0,0,0,4,4,11,0,3,8,2016,4,0,27,0,1,7,2,4,"CR-TABERNACLE ROAD","",0,30.81030833,-93.27175556,0,42,0,0,1,1,0,4,2,10,0,10,0,"0000000",0,34,0,42,1,56,0,0,0,1,0
22,220367,3,3,0,0,0,3,3,73,9898,4,8,2016,5,9,45,0,2,4,1,3,"SR-139","",2,32.53136111,-92.03189722,0,12,8,0,1,1,0,1,1,1,0,1,0,"0000000",9,46,10,10,10,44,0,0,0,1,0
22,220368,1,1,0,0,0,1,1,5,9898,6,8,2016,7,23,20,1,2,3,1,3,"SR-44","",15,30.30221111,-90.92194444,0,32,0,0,1,1,0,4,2,1,0,1,0,"0000000",23,32,23,40,88,88,0,0,0,1,0
22,220369,1,1,0,0,0,1,1,27,0,14,8,2016,1,8,6,0,1,5,1,3,"SR-9","",655,32.69017778,-93.03959444,0,10,0,0,1,1,0,5,1,10,0,10,0,"852042N",8,10,8,25,88,88,0,0,0,1,0
22,220370,2,2,0,1,1,4,4,15,230,14,8,2016,1,21,4,1,2,1,1,1,"I-220","",105,32.55803333,-93.73615833,0,12,1,0,1,1,0,1,2,1,0,1,0,"0000000",21,6,21,11,21,37,19,23,0,1,0
22,220371,2,2,0,0,0,4,4,99,0,14,8,2016,1,10,4,1,1,1,1,1,"I-10","",1237,30.348825,-91.69803889,0,12,7,0,1,1,0,1,1,10,0,10,0,"0000000",10,10,10,16,10,51,0,0,0,1,0
22,220372,1,1,0,0,0,1,1,119,0,17,8,2016,4,23,59,1,1,1,1,1,"I-20","",521,32.57236389,-93.20877222,0,42,0,0,1,1,0,4,2,1,0,1,0,"0000000",0,3,0,15,88,88,0,0,0,1,0
22,220373,2,2,0,0,0,2,2,97,0,20,8,2016,7,2,5,1,1,1,1,1,"I-49","",158,30.473675,-92.07780556,0,12,2,0,1,1,0,1,2,1,0,1,0,"0000000",2,14,2,26,99,99,0,0,0,2,1
22,220374,1,1,0,1,1,1,1,121,9898,20,8,2016,7,2,27,1,2,3,1,2,"US-190","",1734,30.50653056,-91.20308611,0,8,0,0,1,1,0,1,2,1,0,1,0,"0000000",88,88,88,88,88,88,0,0,0,1,1
22,220375,2,2,0,0,0,3,3,69,0,22,8,2016,2,15,4,1,1,1,1,1,"I-49","",1466,31.81982778,-93.23733333,0,12,6,0,1,1,0,1,1,10,0,10,0,"0000000",15,4,15,18,16,44,0,0,0,1,0
22,220376,2,2,0,0,0,3,3,113,0,24,8,2016,4,15,46,0,1,5,1,3,"SR-82","",1238,29.86690278,-92.17686667,0,12,6,0,1,1,0,1,1,1,0,1,0,"0000000",15,54,16,7,16,43,0,0,0,1,0
22,220377,1,1,0,0,0,1,1,29,0,27,8,2016,7,2,1,0,1,6,1,3,"SR-565","",189,31.52556111,-91.772825,0,59,0,0,1,1,0,4,2,1,0,1,0,"0000000",2,12,2,49,88,88,0,0,0,1,1
22,220378,2,2,0,0,0,2,2,57,9898,29,8,2016,2,5,6,1,2,4,1,3,"SR-1","",238,29.36102778,-90.25350278,0,12,2,0,1,1,0,1,2,2,0,2,0,"0000000",5,9,5,16,6,50,0,0,0,1,1
22,220379,2,2,0,0,0,10,10,77,0,31,8,2016,4,15,15,0,1,4,1,3,"SR-10","SR-10 BUSINESS",1359,30.72579167,-91.43340278,0,12,6,0,2,2,0,1,1,1,0,1,0,"0000000",15,23,15,31,16,13,0,0,0,1,0
22,220380,1,1,0,0,0,3,3,61,2070,7,8,2016,1,3,18,0,2,7,4,6,"BULLDOG DRIVE","",0,32.53395556,-92.65679167,0,38,0,0,1,1,0,4,3,1,0,1,0,"0000000",3,18,3,25,3,52,0,0,0,1,1
22,220381,2,2,0,0,0,5,5,51,1005,8,8,2016,2,21,2,0,2,7,2,6,"ORANGE BLOSSOM LANE","",0,29.90244444,-90.061625,0,12,2,0,1,1,0,1,2,1,0,1,0,"0000000",21,2,21,9,88,88,0,0,0,1,0
22,220382,2,2,0,0,0,2,2,71,1690,8,8,2016,2,14,32,9,2,7,2,6,"ALMONASTER AVENUE","NORTH TONTI STREET",0,29.98129722,-90.04638056,0,12,6,0,2,2,0,1,1,1,0,1,0,"0000000",14,33,14,37,14,50,0,0,0,1,0
22,220383,1,1,0,0,0,1,1,47,2082,6,8,2016,7,2,41,0,1,6,1,3,"SR-141","",10,30.20646667,-91.11028611,0,35,0,0,1,1,0,4,3,1,0,1,0,"0000000",2,41,2,47,88,88,0,0,0,1,1
22,220384,2,2,0,0,0,3,3,69,1650,9,8,2016,3,12,52,1,2,3,1,3,"SR-6","",445,31.74630278,-93.12067778,0,12,6,0,8,1,0,1,1,1,0,1,0,"0000000",12,52,12,58,88,88,0,0,0,1,0
22,220385,1,1,0,0,0,2,2,71,1690,10,8,2016,4,13,18,1,2,3,1,2,"US-90 CHEF MENTEUR","",2659,30.01193611,-90.00335556,0,30,0,0,1,1,0,4,1,1,0,1,0,"0000000",99,99,99,99,99,99,0,0,0,1,0
22,220386,1,1,0,1,1,1,1,55,1230,19,8,2016,6,13,10,0,2,7,4,6,"NORTH PIERCE STREET","WEST GILMAN STREET",0,30.24138889,-92.01913889,0,9,0,0,2,2,0,1,1,10,0,10,0,"0000000",13,13,13,15,13,40,0,0,0,1,0
22,220387,1,1,0,0,0,2,2,17,2130,20,8,2016,7,2,41,1,2,1,1,1,"I-20","",183,32.50075278,-93.7513,0,1,0,0,1,1,0,1,3,1,0,1,0,"0000000",2,38,2,46,3,2,0,0,0,1,1
22,220388,1,1,0,0,0,1,1,117,0,30,8,2016,3,21,25,0,1,7,2,4,"CR-MT PISGAH ROAD","",0,30.89883889,-90.22759167,0,30,0,0,1,1,0,4,2,1,0,1,0,"0000000",21,26,21,39,88,88,0,0,0,1,0
22,220389,2,2,0,0,0,3,3,1,520,4,9,2016,1,21,21,1,1,1,1,1,"I-10","",831,30.23541667,-92.35385,0,12,2,0,1,1,0,1,5,1,0,1,0,"0000000",21,22,21,25,22,3,0,0,0,1,1
22,220390,2,2,0,0,0,2,2,33,150,16,9,2016,6,16,57,0,2,3,1,3,"SR-30","ASTER STREET",16,30.4194,-91.1875,0,12,6,0,2,2,0,1,1,2,0,2,0,"0000000",99,99,99,99,99,99,0,0,0,1,0
22,220391,1,1,0,1,1,2,2,105,980,18,9,2016,1,0,19,1,2,1,1,1,"I-12","",400,30.47886111,-90.46179167,0,8,0,0,1,1,0,1,2,1,0,1,0,"0000000",0,25,0,35,88,88,0,0,0,1,0
22,220392,1,1,0,0,0,2,2,33,150,18,9,2016,1,1,21,1,2,1,1,1,"I-12","",71,30.44236111,-91.00813333,0,42,0,1,19,1,0,4,3,1,0,1,0,"0000000",99,99,99,99,99,99,0,0,0,1,0
22,220393,2,1,1,1,1,1,1,15,230,20,9,2016,3,1,14,1,2,1,1,1,"I-220","",173,32.54135833,-93.63248889,0,8,0,1,5,1,0,1,3,1,0,1,0,"0000000",1,14,1,20,1,48,23,14,0,1,0
22,220394,1,1,0,0,0,1,1,33,150,22,9,2016,5,0,49,0,2,5,4,6,"SOUTH FOSTER DR","CLAYCUT STREET",0,30.44143611,-91.1384,0,46,0,0,3,2,0,8,3,1,0,1,0,"0000000",0,49,0,56,88,88,0,0,0,1,1
22,220395,2,2,0,0,0,2,2,33,150,25,9,2016,1,22,49,1,2,1,1,2,"US-61 AIRLINE HIGHWAY","",759,30.46601667,-91.10516944,0,12,98,0,1,1,1,1,3,1,0,1,0,"0000000",22,49,22,58,99,99,0,0,0,1,0
22,220396,1,1,0,1,1,1,1,33,150,25,9,2016,1,6,30,0,2,6,2,6,"WINBOURNE AVENUE","BARTLETT STREET",0,30.47864167,-91.14791111,0,8,0,0,2,3,0,1,2,1,0,1,0,"0000000",6,35,6,41,88,88,0,0,0,1,0
22,220397,2,2,0,0,0,2,2,19,0,29,9,2016,5,5,0,0,1,6,2,4,"CR-NORTH PERKINS FERRY ROAD","",0,30.33235,-93.23286944,0,12,2,0,1,1,0,1,2,1,0,1,0,"0000000",5,1,5,13,99,99,0,0,0,1,0
22,220398,1,1,0,1,1,1,1,33,150,16,2,2016,3,19,0,1,2,3,1,2,"US-61 8300 AIRLINE HWY","",753,30.46083611,-91.10166111,0,8,0,0,1,1,0,1,3,1,0,1,0,"0000000",88,88,88,88,88,88,0,0,0,1,0
22,220399,1,1,0,0,0,1,1,33,150,21,3,2016,2,1,46,1,2,3,1,3,"SR-67 N 22ND ST","SPANISH TOWN RD",8,30.45527778,-91.16618056,0,42,0,0,3,3,0,4,3,1,0,1,0,"0000000",99,99,99,99,88,88,0,0,0,1,0
22,220400,2,2,0,0,0,3,3,33,150,9,5,2016,2,1,13,1,2,3,1,3,"SR-67 N 22ND ST","EDGEWOOD ST",7,30.4548,-91.1661,0,12,6,0,2,3,0,1,3,1,0,1,0,"0000000",1,11,1,19,99,99,0,0,0,1,0
22,220401,1,1,0,0,0,1,1,33,150,15,5,2016,1,19,42,1,2,1,1,1,"I-110","NORTH STREET",11,30.453675,-91.18053611,0,21,0,1,5,1,0,3,1,1,0,1,0,"0000000",19,42,19,53,99,99,0,0,0,1,0
22,220402,1,1,0,1,1,1,1,33,150,21,5,2016,7,2,19,1,2,3,1,3,"SR-73 JEFFERSON HWY","BRANDON DR",204,30.42498333,-91.10511944,0,8,0,0,2,3,0,1,3,1,0,1,0,"0000000",2,21,2,25,88,88,19,23,0,1,1
22,220403,2,2,0,0,0,5,5,33,150,21,5,2016,7,21,12,0,2,5,2,6,"S ACADIAN","NORTH BLVD",0,30.4481,-91.1549,0,12,6,0,2,2,0,1,3,1,0,1,0,"0000000",21,13,21,19,21,47,0,0,0,1,1
22,220404,1,1,0,1,1,1,1,55,1230,4,9,2016,1,4,52,0,2,7,4,6,"GUIDRY STREET","",0,30.21605,-92.00635,0,8,0,0,1,1,0,1,3,1,0,1,0,"0000000",99,99,99,99,88,88,0,0,0,1,0
22,220405,1,1,0,0,0,2,2,51,1488,26,8,2016,6,21,29,0,6,96,96,6,"SANTA MARIA DRIVE","",0,29.88461111,-90.12444167,0,1,0,0,1,1,0,5,2,1,0,1,0,"0000000",21,32,21,36,22,44,0,0,0,1,1
22,220406,1,1,0,1,1,1,1,51,9898,1,6,2016,4,1,0,1,2,2,1,3,"SR-3139 EARHART EXPY","",45,29.96896111,-90.13197222,0,9,0,0,1,1,0,1,2,1,0,1,0,"0000000",1,56,2,11,88,88,0,0,0,1,0
22,220407,2,2,0,0,0,3,3,119,0,21,6,2016,3,14,45,0,1,5,1,2,"US-80","",533,32.593925,-93.219375,0,12,2,0,1,1,0,1,1,1,0,1,0,"0000000",14,47,14,57,15,39,0,0,0,1,1
22,220408,1,1,0,0,0,1,1,39,0,24,6,2016,6,1,15,0,1,7,2,4,"CR-TIGER LANE","",0,30.67388611,-92.398275,0,1,0,0,1,1,0,1,2,1,0,1,0,"0000000",1,19,1,29,2,0,0,0,0,1,1
22,220409,1,1,0,0,0,1,1,59,0,25,6,2016,7,2,30,0,1,5,1,3,"SR-500","",229,31.70575278,-92.23484444,0,52,0,0,1,1,0,4,2,1,0,1,0,"0000000",2,30,99,99,88,88,0,0,0,1,0
22,220410,2,2,0,0,0,12,12,47,0,27,6,2016,2,13,30,0,2,5,1,3,"SR-75","",149,30.20123611,-91.31658611,0,12,6,0,8,1,0,1,1,1,0,1,0,"0000000",13,32,13,42,15,6,0,0,0,1,0
22,220411,1,1,0,2,2,1,1,101,48,3,9,2016,7,20,49,0,1,7,2,4,"CR-LAKE PALOURDE RD","SUNNY SIDE LANE",0,29.68477778,-91.10165278,0,8,0,0,3,3,0,1,2,1,0,1,0,"0000000",20,49,20,56,21,34,0,0,0,1,0
22,220412,2,2,0,0,0,2,2,71,1690,4,9,2016,1,5,30,0,1,4,1,2,"US-90","",2760,30.07523333,-89.86080278,0,12,2,0,1,1,0,1,4,1,0,1,0,"0000000",99,99,99,99,99,99,0,0,0,1,0
22,220413,1,1,0,0,0,3,3,105,1645,4,9,2016,1,22,20,0,1,7,2,4,"CR-RUFUS BANKSTON RD","",0,30.53431389,-90.51663333,0,1,0,0,1,1,0,4,6,1,0,1,0,"0000000",22,20,99,99,99,99,0,0,0,1,0
22,220414,1,1,0,0,0,1,1,45,1350,6,9,2016,3,21,4,0,2,5,2,4,"CR-86 S MAIN ST","",89,30.05356667,-91.73846389,0,18,0,0,1,1,0,4,6,1,0,1,0,"0000000",21,4,21,16,21,41,0,0,0,1,0
22,220416,1,1,0,1,1,1,1,101,1600,18,9,2016,1,2,29,0,1,4,1,2,"US-90","",14,29.69338889,-91.17763611,0,8,0,0,1,1,0,1,3,10,0,10,0,"0000000",2,32,2,42,88,88,0,0,0,1,0
22,220417,1,1,0,1,1,0,0,57,0,19,9,2016,2,18,26,0,1,7,2,4,"CR-47TH STREET","",0,29.52095,-90.32991667,0,8,0,0,1,1,0,5,1,1,0,1,0,"0000000",18,25,18,36,88,88,24,0,0,1,0
22,220418,1,1,0,1,1,2,2,17,2130,21,9,2016,4,16,34,0,2,7,4,6,"DORIS","",0,32.4655,-93.79929167,0,8,0,0,1,1,0,1,1,1,0,1,0,"0000000",16,34,16,37,16,47,0,0,0,1,0
22,220419,1,1,0,0,0,1,1,115,2060,23,9,2016,6,10,35,0,1,7,3,5,"BAILEY RD","",0,30.92309167,-93.27291389,0,42,0,0,1,1,0,4,1,1,0,1,0,"0000000",99,99,10,38,88,88,0,0,0,1,1
22,220420,2,2,0,0,0,6,6,51,1488,26,9,2016,2,11,51,0,2,7,2,4,"CR-DESTREHAN AVE","1ST AVENUE",0,29.89521111,-90.08168056,0,12,6,0,2,2,0,1,1,1,0,1,0,"0000000",11,54,12,0,12,18,0,0,0,1,0
22,220421,1,1,0,0,0,1,1,99,0,27,9,2016,3,0,52,0,1,7,2,4,"CR-DOYLE MELANCON","",0,30.25273056,-91.85916389,0,32,0,0,1,1,0,4,3,1,0,1,0,"0000000",0,52,1,0,88,88,0,0,0,1,0
22,220422,2,2,0,0,0,4,4,37,0,4,7,2016,2,16,30,0,1,5,1,3,"SR-964","",110,30.72884167,-91.21878333,0,12,2,0,1,1,0,1,1,10,0,10,0,"0000000",16,30,16,42,18,12,0,0,0,1,0
22,220423,2,2,0,0,0,2,2,51,1545,14,7,2016,5,2,51,1,2,1,1,1,"I-10","",2284,29.99790278,-90.16731389,0,12,1,0,1,1,0,1,3,1,0,1,0,"0000000",2,54,3,4,3,32,0,0,0,1,1
22,220424,1,1,0,0,0,11,11,39,0,28,7,2016,5,14,54,1,1,1,1,1,"I-49","",454,30.84014444,-92.22921389,0,1,0,0,1,1,0,4,1,2,0,2,0,"0000000",15,5,15,9,16,46,0,0,0,1,0
22,220425,3,3,0,1,1,4,4,55,1230,28,7,2016,5,23,0,1,2,2,1,2,"US-167 JOHNSTON ST","",118,30.13536667,-92.10617222,0,8,0,0,1,1,0,1,2,1,0,1,0,"0000000",88,88,88,88,88,88,0,0,0,1,0
22,220426,2,2,0,0,0,2,2,77,0,31,7,2016,1,17,15,0,1,5,1,3,"SR-415","",205,30.65796111,-91.34619722,0,12,2,0,1,1,0,1,1,10,0,10,0,"0000000",17,23,17,47,18,37,0,0,0,1,0
22,220427,1,1,0,1,1,4,4,105,0,4,8,2016,5,4,33,0,2,4,1,2,"US-51","JERICHO RD",362,30.53601389,-90.48270278,0,8,0,0,3,3,0,1,2,10,0,10,0,"0000000",4,36,4,40,88,88,0,0,0,1,0
22,220428,1,1,0,0,0,2,2,57,0,7,8,2016,1,14,43,0,1,4,1,3,"SR-24 BOURG-LAROSE HWY","",238,29.55493056,-90.55637222,0,42,0,0,1,1,0,4,1,2,0,2,0,"0000000",14,44,15,1,15,18,0,0,0,1,0
22,220429,1,1,0,0,0,1,1,47,2430,9,8,2016,3,17,55,0,1,5,1,3,"SR-69","",88,30.13783333,-91.15865556,0,35,0,0,1,1,0,4,1,1,0,1,0,"0000000",18,2,18,16,18,49,0,0,0,1,0
22,220430,2,2,0,0,0,4,4,7,0,7,9,2016,4,21,20,0,1,6,1,3,"SR-1000","",11,30.03291389,-91.08094444,0,5,0,0,8,1,0,1,2,1,0,1,0,"0000000",21,22,21,35,22,14,0,0,0,1,0
22,220431,1,1,0,1,1,1,1,33,150,26,11,2016,7,2,41,1,2,3,1,2,"US-61 AIRLINE HWY","",751,30.45621389,-91.098175,0,8,0,0,1,1,0,1,3,1,0,1,0,"0000000",2,42,2,51,3,5,0,0,0,1,0
22,220432,1,1,0,0,0,2,2,1,0,12,7,2016,3,19,0,0,1,7,2,4,"CR-HETZEL RD","",0,30.2717,-92.41362222,0,34,0,0,1,1,0,4,1,1,0,1,0,"0000000",19,1,19,10,19,23,0,0,0,1,0
22,220433,1,1,0,1,1,1,1,17,1188,19,9,2016,2,6,37,1,1,3,1,2,"US-171 MANSFIELD RD","",1673,32.32107222,-93.83063889,0,8,0,0,1,1,0,1,2,1,0,1,0,"0000000",6,37,6,49,7,33,0,0,0,1,0
22,220434,1,1,0,0,0,1,1,105,980,13,9,2016,3,7,52,0,2,7,2,4,"CR-ESTERBROOK RD","",0,30.42511389,-90.37561389,0,32,0,0,1,1,0,4,1,1,0,1,0,"0000000",7,52,7,58,8,35,0,0,0,1,0
22,220435,3,3,0,0,0,3,3,71,1690,14,9,2016,4,8,30,1,2,1,1,1,"I-10","",2539,30.135825,-89.87064444,0,26,0,0,1,1,0,4,1,1,0,1,0,"0000000",99,99,99,99,99,99,14,19,0,1,1
22,220436,2,2,0,0,0,3,3,105,9898,19,9,2016,2,4,57,0,1,7,2,4,"CR-TRAINO RD","",0,30.41463056,-90.30658056,0,12,2,0,1,1,0,1,2,1,0,1,0,"0000000",4,57,5,16,99,99,0,0,0,1,0
22,220437,1,1,0,1,1,1,1,125,2080,22,9,2016,5,20,32,0,1,7,3,4,"CR-SOLITUDE RD","",0,30.83404167,-91.41699444,0,8,0,0,1,1,0,1,2,1,0,1,0,"0000000",20,32,20,42,88,88,0,0,0,1,0
22,220438,2,2,0,0,0,2,2,55,1230,23,9,2016,6,21,21,0,2,4,4,6,"W CONGRESS ST","FELICIE DR",0,30.20507778,-92.05997222,0,12,6,0,2,2,0,1,1,10,0,10,0,"0000000",21,22,21,30,22,5,0,0,0,1,0
22,220439,2,2,0,0,0,3,3,57,2250,28,9,2016,4,16,4,0,2,7,1,3,"SR-3107","OAKLEY ST",38,29.7772,-90.82314167,0,12,6,0,2,2,0,1,1,1,0,1,0,"0000000",16,9,16,13,17,0,0,0,0,1,0
22,220440,3,3,0,0,0,6,6,53,2390,30,9,2016,6,22,6,1,1,1,1,1,"I-10","",549,30.246725,-92.82306944,0,12,6,1,18,1,0,1,3,1,0,1,0,"0000000",22,6,22,13,99,99,0,0,0,1,0
22,220442,1,1,0,1,1,2,2,33,150,12,10,2016,4,0,9,1,2,3,1,2,"US-190 FLORIDA BLVD","",9,30.45166667,-91.11120833,0,8,0,0,1,1,0,1,3,1,0,1,0,"0000000",88,88,88,88,88,88,0,0,0,1,0
22,220443,1,1,0,3,3,1,1,79,40,6,10,2016,5,20,1,1,2,3,1,2,"US-71 MACARTHUR DR","",662,31.26998056,-92.46156111,0,8,0,0,1,1,0,1,3,1,0,1,0,"0000000",20,1,20,6,20,21,0,0,0,1,0
22,220444,6,1,5,4,4,1,1,71,1690,2,10,2016,1,16,57,1,2,3,1,2,"US-61 AIRLINE HWY","",11,29.9692,-90.10701944,0,23,0,0,1,1,0,3,1,1,0,1,0,"0000000",16,57,99,99,17,14,0,0,0,3,0
22,220446,2,2,0,0,0,3,3,71,1690,9,10,2016,1,21,30,1,2,3,1,3,"SR-39 N CLAIBORNE AVE","ANDRY ST",513,29.96680833,-90.01686667,0,12,6,0,2,2,0,1,3,1,0,1,0,"0000000",21,30,21,38,22,0,0,0,0,1,0
22,220447,1,1,0,1,1,1,1,71,1690,13,10,2016,5,6,0,0,2,7,4,6,"LOYOLA AVE","",0,29.95055833,-90.07595,0,8,0,0,1,1,0,1,1,1,0,1,0,"0000000",99,99,99,99,99,99,0,0,0,1,0
22,220448,2,2,0,0,0,6,6,77,1700,15,8,2016,2,15,5,0,2,4,1,3,"SR-1 FALSE RIVER RD","",1809,30.67441111,-91.47126389,0,12,2,0,1,1,0,4,1,10,0,10,0,"0000000",15,13,15,17,16,32,0,0,0,1,0
22,220449,2,2,0,0,0,2,2,41,0,19,8,2016,6,18,37,0,1,5,1,3,"SR-562","",17,31.96748611,-91.68203333,0,12,6,0,8,1,0,1,1,10,0,10,0,"0000000",18,38,18,52,88,88,0,0,0,1,1
22,220450,2,2,0,0,0,2,2,19,0,19,8,2016,6,6,5,1,1,1,1,1,"I-10","",404,30.24780833,-93.06422222,0,12,7,0,1,1,0,1,4,5,0,5,0,"0000000",6,6,6,25,88,88,0,0,0,1,0
22,220451,2,2,0,0,0,2,2,19,0,20,8,2016,7,4,25,0,1,4,1,3,"SR-27","",953,30.36619722,-93.40246111,0,12,2,0,1,1,0,1,2,1,0,1,0,"0000000",4,30,4,41,5,47,0,0,0,1,0
22,220452,1,1,0,1,1,2,2,97,0,20,8,2016,7,5,25,0,1,4,1,3,"SR-93","",250,30.40724167,-91.98596944,0,8,0,0,1,1,0,1,2,1,0,1,0,"0000000",5,31,5,47,88,88,0,0,0,1,0