"STATE","ST_CASE","VE_TOTAL","VE_FORMS","PVH_INVL","PEDS","PERNOTMVIT","PERMVIT","PERSONS","COUNTY","CITY","DAY","MONTH","YEAR","DAY_WEEK","HOUR","MINUTE","NHS","RUR_URB","FUNC_SYS","RD_OWNER","ROUTE","TWAY_ID","TWAY_ID2","MILEPT","LATITUDE","LONGITUD","SP_JUR","HARM_EV","MAN_COLL","RELJCT1","RELJCT2","TYP_INT","WRK_ZONE","REL_ROAD","LGT_COND","WEATHER1","WEATHER2","WEATHER","SCH_BUS","RAIL","NOT_HOUR","NOT_MIN","ARR_HOUR","ARR_MIN","HOSP_HR","HOSP_MN","CF1","CF2","CF3","FATALS","DRUNK_DR"
22,220670,3,3,0,0,0,5,5,103,1840,30,12,2016,6,18,18,1,1,1,1,1,"I-59 EXIT RAMP","",41,30.35786111,-89.74141944,0,12,2,1,5,1,0,1,5,10,0,10,0,"0000000",18,21,18,38,99,99,0,0,0,1,0
22,220671,2,2,0,0,0,2,2,33,150,29,12,2016,5,16,53,1,2,3,1,2,"US-61 FLORIDA BLVD","LOBDELL",10,30.45165556,-91.11206667,0,12,6,0,2,2,0,1,1,10,0,10,0,"0000000",16,53,16,58,17,25,0,0,0,1,0
22,220672,2,2,0,0,0,3,3,17,2130,1,12,2016,5,6,55,1,2,3,1,2,"US-171 MANSFIELD RD","MCCUTCHEN",1747,32.42387222,-93.78665556,0,12,6,0,2,3,0,1,1,1,0,1,0,"0000000",6,57,7,1,88,88,0,0,0,1,0
22,220673,2,2,0,0,0,4,4,63,2350,4,12,2016,1,15,20,0,2,4,1,2,"US-190 FLORIDA BLVD","",1983,30.49861111,-90.83611111,0,12,2,0,1,1,0,1,1,2,0,2,0,"0000000",15,21,15,28,15,55,0,0,0,1,0
22,220674,1,1,0,0,0,1,1,51,1125,13,12,2016,3,1,25,1,2,1,1,7,"I-10 SERVICE ROAD","",2289,29.99693889,-90.15926111,0,38,0,0,1,1,0,4,3,5,0,5,0,"0000000",1,26,1,33,2,7,0,0,0,1,1
22,220675,1,1,0,1,1,1,1,19,2210,18,12,2016,1,1,30,1,2,1,1,1,"I-10","",246,30.2201,-93.3183,0,8,0,0,1,1,0,1,2,10,0,10,0,"0000000",1,32,1,39,88,88,0,0,0,1,0
22,220676,1,1,0,1,1,1,1,71,1690,7,12,2016,4,22,35,0,2,6,2,6,"BASIN ST","ST. PETER ST",0,29.96007222,-90.06978056,0,8,0,0,2,3,0,1,3,1,0,1,0,"0000000",99,99,99,99,99,99,0,0,0,1,0
22,220677,1,1,0,0,0,1,1,37,0,18,12,2016,1,2,0,0,1,5,1,3,"SR-964","",113,30.73336944,-91.22050556,0,42,0,0,1,1,0,4,2,2,0,2,0,"0000000",2,1,2,19,88,88,0,0,0,1,0
22,220678,1,1,0,0,0,1,1,71,1690,31,12,2016,7,5,30,0,2,6,4,6,"ALLEN ST","",0,29.99056111,-90.06560833,0,33,0,0,1,1,0,4,3,10,0,10,0,"0000000",5,30,99,99,88,88,0,0,0,1,1
22,220679,1,1,0,1,1,1,1,19,0,11,12,2016,1,17,46,0,1,6,2,4,"CR-W LINCOLN RD","",0,30.11043889,-93.2382,0,8,0,0,1,1,0,1,2,1,0,1,0,"0000000",88,88,88,88,88,88,0,0,0,1,0
22,220680,1,1,0,0,0,1,1,63,0,11,12,2016,1,99,99,0,1,7,2,4,"CR-JAMES CHAPEL ROAD","",0,30.48324444,-90.589075,0,3,0,0,1,1,0,5,9,99,0,99,0,"0000000",88,88,88,88,88,88,0,0,0,1,1
22,220681,1,1,0,1,1,3,3,79,40,11,12,2016,1,22,0,1,2,1,1,1,"I-49","SUGARHOUSE ROAD",826,31.26715833,-92.43761111,0,8,0,0,1,1,0,1,3,1,0,1,0,"0000000",22,1,22,7,88,88,0,0,0,1,0
22,220682,2,2,0,0,0,2,2,103,2217,29,12,2016,5,19,0,1,1,3,1,3,"SR-21","PIERCE RD",267,30.66528056,-89.88254444,0,12,6,0,8,1,0,1,2,10,0,10,0,"0000000",19,10,19,27,19,59,0,0,0,1,0
22,220683,2,2,0,0,0,2,2,33,100,24,12,2016,7,2,18,1,2,3,1,2,"US-61","",852,30.55616944,-91.20015,0,12,2,0,1,1,0,1,2,1,0,1,0,"0000000",2,19,2,27,3,50,0,0,0,1,1
22,220684,1,1,0,0,0,1,1,19,1250,26,11,2016,7,3,41,0,2,6,2,6,"E PRIEN LAKE RD","",0,30.19844167,-93.14099167,0,34,0,0,1,1,0,4,2,1,0,1,0,"0000000",88,88,88,88,88,88,0,0,0,1,1
22,220685,2,2,0,0,0,2,2,49,1040,16,12,2016,6,17,7,1,2,3,1,2,"US-167","",1819,32.23209722,-92.70784722,0,12,6,0,8,1,0,1,5,10,0,10,0,"0000000",17,10,17,19,17,27,0,0,0,1,0
22,220686,1,1,0,1,1,1,1,71,1690,27,12,2016,3,22,33,0,2,4,2,6,"N. CLAIBORNE AVENUE","",0,29.97278889,-90.06512222,0,8,0,0,1,1,0,1,2,1,0,1,0,"0000000",99,99,99,99,99,99,0,0,0,1,0
22,220687,1,1,0,1,1,1,1,63,570,20,12,2016,3,17,54,0,2,5,1,3,"SR-1026 JUBAN RD","",26,30.45662222,-90.91560278,0,8,0,0,1,1,0,1,2,1,0,1,0,"0000000",88,88,88,88,88,88,0,0,0,1,0
22,220688,2,2,0,0,0,7,7,79,41,28,12,2016,4,22,10,0,2,6,1,3,"SR-3054 VANDENBURG DR","",10,31.31123056,-92.52751944,0,12,1,0,1,1,0,1,2,10,0,10,0,"0000000",22,15,22,29,22,47,0,0,0,1,1
22,220689,1,1,0,1,1,1,1,71,1690,4,10,2016,3,21,15,1,2,3,1,2,"US-90","",99998,77.7777,777.7777,0,8,0,0,99,99,0,99,9,99,0,99,0,"0000000",21,15,99,99,99,99,0,0,0,1,0
22,220690,2,2,0,0,0,3,3,37,0,12,11,2016,7,18,24,1,1,3,1,2,"US-61","COLONIAL DRIVE",967,30.70919444,-91.2715,0,12,6,0,2,3,0,1,1,1,0,1,0,"0000000",13,52,14,12,14,47,0,0,0,1,1
22,220691,1,1,0,0,0,1,1,57,516,2,12,2016,6,22,10,0,1,4,1,3,"SR-1","",448,29.53135,-90.33671111,0,53,0,0,1,1,0,4,3,2,0,2,0,"0000000",88,88,88,88,88,88,0,0,0,1,0
22,220692,2,2,0,0,0,3,3,47,0,18,12,2016,1,3,53,1,1,1,1,1,"I-10","",1346,30.39635278,-91.52439722,0,12,1,0,1,1,0,1,2,1,0,1,0,"0000000",3,57,4,8,5,42,0,0,0,1,1
22,220693,2,2,0,0,0,2,2,51,1488,6,10,2016,5,16,33,0,2,4,1,3,"SR-18","",749,29.90165,-90.12695,0,12,2,0,1,1,0,1,1,1,0,1,0,"0000000",16,6,16,39,17,12,0,0,0,1,0
22,220694,2,2,0,0,0,2,2,89,593,24,12,2016,7,7,12,1,2,3,1,2,"US-90","",2288,29.84451667,-90.44783333,0,1,0,0,1,1,0,3,1,1,0,1,0,"0000000",7,17,7,28,8,36,0,0,0,1,1
22,220695,2,2,0,0,0,5,5,95,0,28,12,2016,4,17,30,0,2,5,1,3,"SR-44","",377,30.05608056,-90.65435,0,12,2,0,1,1,0,1,5,10,0,10,0,"0000000",17,38,17,44,18,51,0,0,0,2,0
22,220696,2,2,0,0,0,2,2,51,0,10,12,2016,7,99,99,1,1,3,32,8,"CAUSEWAY BRIDGE","",0,30.13838056,-90.1333,8,12,1,0,1,1,0,1,2,1,0,1,0,"0000000",88,88,88,88,88,88,0,0,0,1,1
22,220697,1,1,0,0,0,1,1,37,420,20,3,2016,1,18,44,0,1,7,2,4,"CR-RIST RD","",0,30.89733056,-90.95433056,0,42,0,0,1,1,0,4,2,1,0,1,0,"0000000",18,44,19,7,88,88,0,0,0,1,0
22,220698,1,1,0,0,0,2,2,37,2170,25,6,2016,7,19,53,0,1,7,2,4,"CR-LINE RD EXT","SR-955",0,30.78823056,-91.13486944,0,58,0,0,3,2,0,4,1,1,0,1,0,"0000000",19,56,20,13,88,88,0,0,0,2,1
22,220699,1,1,0,1,1,3,3,99,0,6,11,2016,1,19,26,0,1,7,2,4,"CR-ZIN ZIN RD","",0,30.268275,-91.86221944,0,8,0,0,1,1,0,1,2,1,0,1,0,"0000000",19,26,19,35,20,6,0,0,0,1,0
22,220700,1,1,0,1,1,2,2,103,0,22,11,2016,3,23,30,0,2,4,1,3,"SR-59","",59,30.44673889,-90.04131944,0,8,0,0,1,1,0,1,2,1,0,1,0,"0000000",99,99,99,99,99,99,0,0,0,1,0
22,220701,1,1,0,0,0,2,2,65,0,3,8,2016,4,6,10,1,1,1,1,1,"I-20","",1573,32.43295278,-91.42837222,0,42,0,0,1,1,0,4,4,1,0,1,0,"0000000",6,14,6,21,6,50,0,0,0,1,0
22,220702,1,1,0,0,0,1,1,51,2246,22,9,2016,5,20,35,0,1,7,2,4,"CR-WRIGHT AVE","HAMILTON RD",0,29.91046944,-90.03691111,0,1,0,0,3,2,0,4,3,1,0,1,0,"0000000",20,40,20,46,21,24,0,0,0,1,1
22,220703,1,1,0,0,0,3,3,33,150,30,9,2016,6,22,27,1,2,3,1,6,"N. SHERWOOD FOREST","",0,30.47666944,-91.0578,0,38,0,0,1,1,0,4,3,1,0,1,0,"0000000",22,29,22,36,23,4,0,0,0,1,0
22,220704,1,1,0,0,0,1,1,33,150,13,10,2016,5,3,28,1,2,1,1,1,"I-110 SCOTLANDVILLE EXIT RAMP","",82,30.53651944,-91.17648056,0,42,0,1,5,1,0,4,3,1,0,1,0,"0000000",3,28,3,32,88,88,0,0,0,1,1
22,220705,1,1,0,0,0,1,1,51,1005,13,8,2016,7,4,24,1,2,1,1,2,"US-90-B","",71,29.90116944,-90.07083611,0,23,0,0,1,1,0,4,2,2,0,2,0,"0000000",4,37,4,43,88,88,0,0,0,1,1
22,220706,1,1,0,0,0,2,2,95,0,9,9,2016,6,12,30,1,2,1,1,1,"I-10","",2071,30.10217222,-90.48770278,0,31,0,0,1,1,0,4,1,2,0,2,0,"0000000",12,31,12,32,13,5,0,0,0,1,0
22,220707,2,2,0,0,0,2,2,51,255,25,12,2016,1,14,25,0,2,4,1,3,"SR-18 RIVER ROAD","",682,29.91952778,-90.20011111,0,12,2,0,1,1,0,1,1,2,0,2,0,"0000000",14,24,14,38,14,42,0,0,0,1,0
22,220708,1,1,0,0,0,2,2,105,0,13,12,2016,3,13,44,0,2,4,1,3,"SR-1064","",65,30.54639167,-90.473825,0,10,0,0,6,1,0,1,1,2,0,2,0,"300189P",99,99,99,99,88,88,0,0,0,2,1
22,220709,2,2,0,0,0,3,3,117,0,29,12,2016,5,18,20,0,1,5,1,3,"SR-440","SR-450",213,30.87862222,-90.313125,0,12,6,0,2,3,0,1,2,1,0,1,0,"0000000",18,27,18,40,19,52,0,0,0,1,0
22,220710,1,1,0,1,1,2,2,109,2117,16,12,2016,6,3,0,0,1,6,1,3,"SR-20","",100,29.733725,-90.84495833,0,8,0,0,1,1,0,4,2,10,0,10,0,"0000000",6,58,7,4,88,88,0,0,0,1,0
22,220711,1,1,0,0,0,3,3,59,2270,10,8,2016,4,12,7,1,1,3,1,2,"US-84","",1158,31.82692222,-92.327875,0,24,0,0,1,1,0,4,1,7,0,7,0,"0000000",12,9,12,16,12,32,0,0,0,1,0
22,220712,2,2,0,0,0,2,2,33,150,29,7,2016,6,18,5,1,2,1,1,1,"I-110","",41,30.48405,-91.16605,0,12,1,0,1,1,0,1,1,1,0,1,0,"0000000",99,99,99,99,99,99,0,0,0,1,0
22,220713,1,1,0,1,1,2,2,33,150,10,9,2016,7,0,32,1,2,1,1,1,"I-10","",1567,30.42868889,-91.17165,0,8,0,0,1,1,0,1,3,1,0,1,0,"0000000",0,33,0,38,99,99,0,0,0,1,0
22,220714,1,1,0,0,0,1,1,117,210,5,11,2016,7,16,45,0,1,7,4,6,"1920 NORTH AVE","",0,30.77000556,-89.84622778,0,42,0,0,1,1,0,4,1,1,0,1,0,"0000000",16,47,99,99,99,99,0,0,0,1,0
22,220715,1,1,0,0,0,1,1,39,0,13,11,2016,1,22,27,0,1,7,2,4,"CR-CYPRESS CREEK RD","",0,30.83217222,-92.58584167,0,34,0,0,1,1,0,4,2,5,0,5,0,"0000000",22,27,22,54,99,99,0,0,0,1,0
22,220716,2,2,0,0,0,2,2,61,640,28,10,2016,6,16,40,1,2,3,1,2,"US-63 US-167","BOULEVARD STREET",118,32.69805,-92.65660833,0,12,8,0,2,2,0,1,1,1,0,1,0,"0000000",16,40,99,99,88,88,0,0,0,1,0
22,220717,2,2,0,0,0,2,2,7,0,20,12,2016,3,17,58,0,1,6,1,3,"SR-1010","SR-1011",36,29.84802778,-90.99986944,0,12,6,0,2,4,0,1,2,1,0,1,0,"0000000",18,3,18,17,18,58,0,0,0,1,0
22,220718,1,1,0,0,0,2,2,31,0,28,7,2016,5,2,10,0,1,5,1,3,"SR-789","",3,32.19170278,-93.90165556,0,53,0,0,1,1,0,4,2,10,0,10,0,"0000000",2,15,2,21,3,36,0,0,0,1,1
23,230001,1,1,0,1,1,3,3,7,2750,1,1,2016,6,1,40,1,1,3,1,2,"US-2 WILTON ROAD","",99998,44.62881667,-70.15555833,0,8,0,0,1,1,0,2,3,10,0,10,0,"0000000",1,40,1,44,88,88,0,0,0,1,1
23,230002,1,1,0,0,0,1,1,1,8390,8,1,2016,6,23,22,0,1,5,1,3,"SR-117 TURNER CENTER ROAD","",99998,44.25885833,-70.25098889,0,35,0,0,1,1,0,4,2,10,0,10,0,"0000000",23,30,23,31,88,88,0,0,0,1,1
23,230004,1,1,0,0,0,1,1,11,3150,2,1,2016,7,11,10,1,1,1,1,1,"I-295","",510,44.17405,-69.83356944,0,42,0,0,1,1,0,3,9,8,0,8,0,"0000000",88,88,88,88,88,88,0,0,0,1,0
23,230005,2,2,0,0,0,3,3,7,4022,14,1,2016,5,14,42,0,1,5,1,3,"SR-140 INTERVALE ROAD","",99998,44.51556667,-70.23837778,0,12,2,0,1,1,0,1,1,1,0,1,0,"0000000",14,45,14,50,15,31,0,0,0,1,1
23,230006,1,1,0,2,2,1,1,5,9119,7,1,2016,5,17,30,0,1,5,3,6,"RIVER ROAD","",99998,43.74876944,-70.42883056,0,8,0,0,1,1,0,1,3,1,0,1,0,"0000000",17,33,17,36,17,48,0,0,0,1,0
23,230007,1,1,0,0,0,1,1,5,5390,25,1,2016,2,1,43,1,1,3,1,2,"US-302 ROOSEVELT TRAIL","",99998,43.9695,-70.59228889,0,34,0,0,1,1,0,4,3,10,0,10,0,"0000000",1,49,1,52,2,13,0,0,0,1,1
23,230009,1,1,0,0,0,3,3,17,5990,30,1,2016,7,14,57,0,1,7,3,6,"PARIS HILL ROAD","",99998,44.24336111,-70.50633889,0,1,0,0,1,1,0,4,1,10,0,10,0,"0000000",15,0,15,4,15,30,0,0,0,1,1
23,230010,1,1,0,0,0,1,1,23,818,1,2,2016,2,22,24,0,1,5,2,2,"US-201 AUGUSTA ROAD","",99998,44.04054722,-69.94205278,0,42,0,0,1,1,0,4,2,1,0,1,0,"0000000",22,26,22,37,88,88,0,0,0,1,0
23,230011,1,1,0,0,0,1,1,7,9100,3,2,2016,4,12,15,0,1,7,3,6,"TEMPLE ROAD","",99998,44.63011111,-70.19656389,0,1,0,0,1,1,0,4,1,3,0,3,0,"0000000",12,0,12,7,88,88,0,0,0,1,0
23,230012,1,1,0,0,0,1,1,19,9997,7,2,2016,1,9,31,0,1,7,3,6,"LAKEVILLE SHORE ROAD","",99998,45.30866111,-68.04412222,0,1,0,0,1,1,0,5,2,1,0,1,0,"0000000",9,35,10,15,88,88,0,0,0,1,1
23,230013,2,2,0,0,0,2,2,31,1810,4,2,2016,5,7,58,0,1,5,1,3,"SR-5 SOKOKIA TRAIL","SPUR ROAD",99998,43.73480556,-70.81670556,0,12,2,0,2,3,0,1,1,10,0,10,0,"0000000",8,1,8,7,9,8,0,0,0,1,0
23,230014,1,1,0,0,0,1,1,19,5055,12,1,2016,3,18,46,1,1,3,1,1,"I-95","",2440,45.61486944,-68.51246111,0,48,0,0,1,1,0,3,2,4,0,4,0,"0000000",88,88,88,88,88,88,0,0,0,1,0
23,230015,1,1,0,1,1,1,1,23,350,17,2,2016,4,6,6,0,2,7,3,6,"WASINGTON ST","",99998,43.9106,-69.81603889,0,8,0,0,1,1,0,1,4,1,0,1,0,"0000000",6,6,6,9,88,88,0,0,0,1,0
23,230016,2,2,0,0,0,9,9,25,6200,20,2,2016,7,21,0,1,1,3,1,2,"US-2 CANAAN ROAD","",99998,44.79591111,-69.4806,0,12,2,0,1,1,0,1,2,2,0,2,0,"0000000",20,46,21,0,21,48,0,0,0,1,0
23,230017,1,1,0,0,0,3,3,19,5130,24,2,2016,4,1,7,0,1,7,3,6,"COUNTY ROAD","",99998,44.93996111,-68.56505,0,17,0,0,1,1,0,6,2,10,0,10,0,"0000000",1,8,1,23,3,9,0,0,0,1,1
23,230018,1,1,0,1,1,3,3,17,7070,27,2,2016,7,3,43,0,1,5,1,3,"SR-17 ROXBURY ROAD","",99998,44.69616944,-70.60106111,0,8,0,0,1,1,0,1,2,1,0,1,0,"0000000",3,45,3,55,4,15,0,0,0,1,1
23,230019,2,2,0,0,0,4,4,23,8350,11,3,2016,6,13,39,0,1,5,1,3,"SR-24 MIDDLESEX ROAD","",99980,43.96916944,-69.90135,0,12,2,0,1,1,0,1,1,1,0,1,0,"0000000",14,0,14,9,14,58,0,0,0,1,0
23,230020,1,1,0,0,0,1,1,7,8904,12,3,2016,7,23,31,0,1,5,1,3,"SR-156 SCHOOL STREET","",99998,44.68831944,-70.40733056,0,42,0,0,1,1,0,6,2,1,0,1,0,"0000000",7,59,8,8,88,88,0,0,0,1,0
23,230021,1,1,0,0,0,1,1,27,8830,7,3,2016,2,13,29,0,1,6,1,3,"SR-131 WALDO STATION ROAD","",99998,44.49851944,-69.09186944,0,42,0,0,1,1,0,6,1,3,0,3,0,"0000000",13,35,13,49,14,28,0,0,0,1,0
23,230022,1,1,0,0,0,2,2,19,3229,13,3,2016,1,16,4,0,1,4,1,3,"SR-15 BROADWAY ST","",99998,44.89066944,-68.87556944,0,1,0,0,8,1,0,2,1,1,0,1,0,"0000000",16,6,16,12,16,33,0,0,0,1,1
23,230023,3,3,0,0,0,6,6,17,5100,16,3,2016,4,11,25,1,1,3,1,2,"US-2 RIVER ROAD","",99998,44.53206111,-70.4978,0,12,1,1,8,1,0,1,1,1,0,1,0,"0000000",11,30,11,33,12,1,0,0,0,1,0
23,230024,1,1,0,0,0,1,1,5,9119,10,3,2016,5,22,16,0,2,5,3,6,"RIVER ROAD","",99998,43.75846944,-70.43818889,0,34,0,0,1,1,0,4,2,2,0,2,0,"0000000",22,19,22,25,22,54,0,0,0,1,0
23,230025,5,5,0,0,0,6,6,13,8897,18,3,2016,6,16,47,0,1,4,1,3,"SR-17 AUGUSTA ROAD","",99998,44.25101944,-69.42553056,0,1,0,0,1,1,0,1,1,1,0,1,0,"0000000",17,0,17,27,18,36,0,0,0,2,1
23,230026,1,1,0,0,0,4,4,13,1300,20,3,2016,1,22,50,0,1,6,3,6,"HOSMER POND ROAD","",99998,44.21146111,-69.10558889,0,42,0,0,1,1,0,6,2,1,0,1,0,"0000000",0,49,1,12,2,9,0,0,0,1,0
23,230027,2,2,0,0,0,2,2,9,1200,24,3,2016,5,21,26,1,1,3,1,2,"US-1","",99998,44.5694,-68.77188056,0,12,2,0,1,1,0,1,3,1,0,1,0,"0000000",21,26,21,33,88,88,0,0,0,1,0
23,230028,2,1,1,0,0,1,1,27,400,26,3,2016,7,12,57,0,2,4,1,6,"MAIN STREET","CHURCH STREET",99998,44.4255,-69.00743889,0,14,0,0,3,7,0,6,1,1,0,1,0,"0000000",13,7,13,56,16,2,0,0,0,1,1
23,230029,1,1,0,0,0,1,1,17,8898,25,3,2016,6,7,26,0,1,7,3,6,"MILL HILL ROAD","",99998,44.1656,-70.71073889,0,42,0,0,1,1,0,6,2,3,12,3,0,"0000000",7,26,7,33,88,88,0,0,0,1,1
23,230030,1,1,0,1,1,1,1,1,4500,31,3,2016,5,17,12,1,2,3,1,3,"SR-196 LISBON STREET","",99998,44.03833333,-70.11053056,0,9,0,0,1,1,0,2,1,10,0,10,0,"0000000",17,31,17,33,18,4,0,0,0,1,0
23,230031,1,1,0,0,0,1,1,5,1400,9,4,2016,7,5,8,0,2,5,1,3,"SR-77 OLD OCEAN HOUSE","",99998,43.58313056,-70.21653889,0,42,0,0,1,1,0,6,2,1,0,1,0,"0000000",5,11,5,15,5,37,0,0,0,1,1
23,230032,1,1,0,0,0,1,1,21,5290,16,4,2016,7,15,5,0,1,6,3,6,"BLANCHARD ROAD","",99998,45.26795,-69.55385,0,34,0,0,1,1,0,4,1,1,0,1,0,"0000000",15,1,15,25,88,88,0,0,0,1,0
23,230033,2,2,0,0,0,2,2,5,1540,20,4,2016,4,13,14,1,1,3,1,2,"US-302 ROOSEVELT TRAIL","",99998,43.95548056,-70.55735,0,12,2,0,1,1,0,1,1,1,0,1,0,"0000000",13,18,13,25,14,30,0,0,0,1,0
23,230034,1,1,0,0,0,1,1,9,300,13,3,2016,1,1,45,0,1,7,3,6,"GILBERT FARM ROAD","",99998,44.40741111,-68.34443056,0,42,0,0,1,1,0,6,2,1,0,1,0,"0000000",88,88,88,88,88,88,0,0,0,1,1
23,230035,2,2,0,0,0,2,2,17,5650,22,4,2016,6,23,20,0,1,5,1,3,"SR-118 WATERFORD ROAD","",99998,44.22423889,-70.63141944,0,12,6,0,1,1,0,1,2,1,0,1,0,"0000000",23,26,23,53,0,18,0,0,0,1,1
23,230036,1,1,0,0,0,1,1,19,6130,30,4,2016,7,8,3,0,1,7,3,6,"PARKMAN ROAD","",99998,45.02323889,-69.19161944,0,34,0,0,1,1,0,4,1,1,0,1,0,"0000000",88,88,88,88,88,88,0,0,0,1,1
23,230037,1,1,0,0,0,1,1,19,6225,21,4,2016,5,10,38,1,1,3,1,1,"I-95","",1610,44.80473056,-69.22283056,0,39,0,1,5,1,0,4,1,1,0,1,0,"0000000",88,88,88,88,88,88,0,0,0,1,0
23,230038,2,2,0,0,0,3,3,19,1806,23,4,2016,7,18,0,0,1,6,1,3,"SR-43 HUDSON ROAD","PUDDLE DOCK ROAD",99998,45.0172,-68.96913889,0,12,6,0,2,2,0,1,1,1,0,1,0,"0000000",88,88,88,88,88,88,0,0,0,1,0
23,230039,1,1,0,0,0,5,5,31,8905,2,5,2016,2,15,39,1,1,3,1,1,"I-95","",200,43.3402,-70.59885,0,52,0,0,1,1,0,4,1,2,0,2,0,"0000000",16,3,16,13,17,8,0,0,0,1,0
23,230040,2,2,0,0,0,2,2,1,8390,2,5,2016,2,16,29,0,1,4,1,3,"SR-219 HOWES CORNER ROAD","",99998,44.3422,-70.18456389,0,12,6,0,1,1,0,1,1,2,0,2,0,"0000000",16,36,16,45,16,56,0,0,0,1,0
23,230041,1,1,0,0,0,1,1,31,4343,3,5,2016,3,19,59,0,1,6,3,6,"DEPOT STREET","",99998,43.433,-70.88206111,0,42,0,0,1,1,0,6,2,10,0,10,0,"0000000",88,88,88,88,88,88,0,0,0,1,1
23,230042,2,2,0,0,0,2,2,17,6353,4,5,2016,4,12,31,0,1,4,1,3,"SR-25 OSSIPEE TRAIL","",99998,43.80619167,-70.89241111,0,12,2,0,1,1,0,1,1,2,0,2,0,"0000000",88,88,88,88,88,88,0,0,0,1,0
23,230043,1,1,0,0,0,1,1,15,1955,4,5,2016,4,13,22,1,1,3,1,3,"SR-1","",99998,44.04816111,-69.50643333,0,34,0,0,1,1,0,4,1,10,0,10,0,"0000000",13,6,13,9,88,88,0,0,0,1,1
23,230044,1,1,0,0,0,1,1,1,7199,24,4,2016,1,12,4,0,1,7,3,6,"SUTHERLAND POND ROAD","",99998,44.09534167,-70.05794444,0,34,0,0,1,1,0,4,1,1,0,1,0,"0000000",12,4,12,16,12,51,0,0,0,1,0
23,230045,2,2,0,0,0,3,3,15,9400,13,5,2016,6,11,16,1,1,3,1,2,"US-1 BATH ROAD","",99998,43.96516944,-69.72068889,0,12,2,0,1,1,0,2,1,10,0,10,0,"0000000",11,27,11,36,11,41,0,0,0,1,0
23,230046,1,1,0,0,0,4,4,27,400,14,5,2016,7,0,5,0,2,5,1,3,"SR-52 LINCOLNVILLE AVE","",99998,44.37946111,-69.03423889,0,1,0,0,1,1,0,4,3,2,0,2,0,"0000000",0,11,0,16,1,1,0,0,0,1,1
23,230047,1,1,0,0,0,3,3,29,372,20,5,2016,6,20,52,0,1,5,1,3,"SR-193","",99998,44.78648056,-68.03401111,0,42,0,0,1,1,0,4,2,1,0,1,0,"0000000",20,51,21,25,22,35,0,0,0,1,0
23,230048,1,1,0,1,1,1,1,5,6400,17,5,2016,3,20,36,0,2,7,3,6,"BRIGHTON AVE","",99998,43.66364167,-70.285275,0,8,0,0,1,1,0,1,2,1,0,1,0,"0000000",20,37,20,40,20,51,0,0,0,1,1
23,230049,1,1,0,0,0,1,1,17,5650,25,5,2016,4,17,52,0,1,4,1,3,"SR-117 HARRISON ROAD","",99998,44.1964,-70.58058889,0,34,0,0,1,1,0,4,1,1,0,1,0,"0000000",17,53,17,58,18,18,0,0,0,1,0
23,230050,1,1,0,0,0,1,1,11,3150,25,5,2016,4,16,6,0,1,7,3,6,"MARSTON ROAD","",99998,44.18758611,-69.79243333,0,42,0,0,1,1,0,4,1,1,0,1,0,"0000000",16,6,16,10,88,88,0,0,0,1,1
23,230051,1,1,0,0,0,1,1,11,160,27,5,2016,6,0,50,0,1,5,1,3,"SR-105 SOUTH BELFAST AVE","",99998,44.31986389,-69.75492778,0,33,0,0,1,1,0,4,2,1,0,1,0,"0000000",0,52,0,57,88,88,0,0,0,1,1
23,230052,2,2,0,0,0,2,2,1,8390,31,5,2016,3,18,32,1,1,3,1,3,"SR-4 AUBURN ROAD","",99998,44.26508056,-70.26605556,0,12,2,0,1,1,0,1,1,1,0,1,0,"0000000",18,37,18,38,19,23,0,0,0,1,0
23,230053,3,3,0,0,0,3,3,5,9119,6,6,2016,2,8,28,1,1,3,1,3,"SR-302 ROOSEVELT TRAIL","",99998,43.8543,-70.45116111,0,12,8,0,8,1,0,1,1,1,0,1,0,"0000000",8,30,8,33,88,88,0,0,0,1,0
23,230054,2,2,0,0,0,4,4,11,4958,7,6,2016,3,12,56,0,1,4,1,3,"SR-202 WESTERN AVE","",0,44.32123889,-69.84006944,0,12,2,0,1,1,0,1,1,1,0,1,0,"0000000",13,0,13,9,13,38,0,0,0,1,0
23,230055,2,2,0,0,0,2,2,1,4500,11,6,2016,7,22,22,1,2,3,1,3,"SR-196 LISBON ST","MEMORIAL ST",99998,44.03342222,-70.10564722,0,12,2,0,2,3,0,1,3,1,0,1,0,"0000000",22,28,22,36,23,1,0,0,0,1,1
23,230056,2,2,0,0,0,3,3,11,7344,15,6,2016,4,21,52,0,1,5,1,3,"SR-104 WEST RIVER ROAD","",99998,44.49033889,-69.68954722,0,12,2,0,1,1,0,1,2,10,0,10,0,"0000000",21,51,21,55,22,41,0,0,0,1,1
23,230057,2,2,0,0,0,2,2,11,1660,17,6,2016,6,9,36,1,1,3,1,2,"US-202 ROUTE 3 ROAD","",99998,44.39388889,-69.57361111,0,12,2,1,8,1,0,1,1,1,0,1,0,"0000000",9,39,9,52,10,10,0,0,0,1,0
23,230058,1,1,0,0,0,4,4,11,160,21,6,2016,3,18,26,0,1,4,1,3,"SR-17 EASTERN AVE","",99998,44.28970833,-69.70416389,0,32,0,0,1,1,0,6,1,1,0,1,0,"0000000",18,33,18,35,19,6,0,0,0,1,0
23,230059,2,2,0,0,0,3,3,19,2050,21,5,2016,7,12,1,0,1,4,1,3,"SR-23 NORTH DEXTER ROAD","",99998,45.0347,-69.29871944,0,12,1,0,8,1,0,1,1,1,0,1,0,"0000000",12,0,12,5,12,49,0,0,0,1,0