"STATE","ST_CASE","VE_TOTAL","VE_FORMS","PVH_INVL","PEDS","PERNOTMVIT","PERMVIT","PERSONS","COUNTY","CITY","DAY","MONTH","YEAR","DAY_WEEK","HOUR","MINUTE","NHS","RUR_URB","FUNC_SYS","RD_OWNER","ROUTE","TWAY_ID","TWAY_ID2","MILEPT","LATITUDE","LONGITUD","SP_JUR","HARM_EV","MAN_COLL","RELJCT1","RELJCT2","TYP_INT","WRK_ZONE","REL_ROAD","LGT_COND","WEATHER1","WEATHER2","WEATHER","SCH_BUS","RAIL","NOT_HOUR","NOT_MIN","ARR_HOUR","ARR_MIN","HOSP_HR","HOSP_MN","CF1","CF2","CF3","FATALS","DRUNK_DR"
25,250200,1,1,0,0,0,1,1,5,1441,29,8,2016,2,0,59,0,2,3,1,2,"US-6 STATE ROAD","",99998,41.67126389,-71.10166111,0,59,0,0,1,1,0,3,3,1,0,1,0,"0000000",99,99,99,99,99,99,0,0,0,1,0
25,250201,1,1,0,0,0,1,1,17,680,6,9,2016,3,15,35,0,2,5,4,8,"488 ELM STREET","",99998,42.34713611,-71.57955,0,33,0,0,1,1,0,4,1,10,2,2,0,"0000000",15,28,15,32,88,88,0,0,0,1,0
25,250202,2,1,1,0,1,2,3,9,122,10,9,2016,7,17,53,1,2,1,1,1,"I-95","",99998,77.7777,777.7777,0,14,0,0,1,1,0,4,1,1,0,1,0,"0000000",18,1,18,15,18,41,0,0,0,1,1
25,250203,1,1,0,1,1,1,1,9,255,13,9,2016,3,6,57,0,2,4,4,8,"80 HOBART STREET","",99998,42.56582778,-70.94704167,0,8,0,0,1,1,0,1,1,1,0,1,0,"0000000",6,58,7,1,7,19,0,0,0,1,0
25,250204,1,1,0,0,0,1,1,13,210,14,9,2016,4,19,15,1,2,3,1,3,"SR-33 350 MEMORIAL DRIVE","FULLER ROAD",99998,42.16771111,-72.57951111,0,33,0,1,3,2,0,5,5,1,0,1,0,"0000000",19,15,19,18,19,46,0,0,0,1,0
25,250205,1,1,0,0,0,1,1,9,760,28,9,2016,4,13,52,0,2,4,1,3,"SR-110 WEST MAIN ST","",99998,42.82881389,-71.008375,0,33,0,0,1,1,0,4,1,10,0,10,0,"0000000",13,53,13,57,14,26,0,0,0,1,0
25,250206,1,1,0,0,0,1,1,21,1063,2,10,2016,1,23,58,1,2,3,1,1,"I-93 S","EXIT RAMP",410,42.20569722,-71.06708889,0,43,0,0,5,1,0,5,3,10,0,10,0,"0000000",99,99,99,99,99,99,0,0,0,1,1
25,250207,1,1,0,0,0,1,1,17,36,17,9,2016,7,19,30,0,2,7,3,8,"CEDAR ST","",99998,42.24963333,-71.43929444,0,17,0,0,1,1,0,4,2,1,0,1,0,"0000000",19,25,19,27,19,58,0,0,0,1,1
25,250208,1,1,0,1,1,1,1,23,1360,3,10,2016,2,20,25,0,2,4,1,3,"SR-28 CRANBERRY HWY","",99998,41.79026944,-70.75262222,0,8,0,0,1,1,0,1,3,1,0,1,0,"0000000",99,99,99,99,99,99,0,0,0,1,0
25,250209,1,1,0,0,0,2,2,13,1430,15,10,2016,7,23,35,0,2,7,4,8,"RUSSELVILLE RD","CABOT ROAD",99998,42.16435833,-72.761475,0,42,0,0,3,3,0,5,3,1,0,1,0,"0000000",23,30,23,35,99,99,0,0,0,1,1
25,250210,1,1,0,0,0,5,5,3,203,7,10,2016,6,0,52,0,1,7,3,8,"FRED MASON ROAD","",99998,42.59026389,-73.1501,0,42,0,0,1,1,0,5,2,1,0,1,0,"0000000",0,50,0,58,1,27,0,0,0,1,0
25,250211,1,1,0,1,1,1,1,17,105,21,9,2016,4,19,7,1,2,3,1,3,"SR-3A BOSTON ROAD","GROVE ST",99998,42.530225,-71.22842778,0,8,0,0,2,3,0,1,5,10,0,10,0,"0000000",19,13,19,16,19,42,0,0,0,1,0
25,250212,1,1,0,0,0,1,1,27,350,15,10,2016,7,18,30,0,2,3,4,8,"PRATT ROAD","",99998,42.57503333,-71.81398611,0,30,0,0,1,1,0,4,3,1,0,1,0,"0000000",18,27,19,13,19,34,0,0,0,1,1
25,250213,2,2,0,0,0,6,6,25,120,31,8,2016,4,1,15,1,2,1,1,1,"I-90 E","",1376,42.346575,-71.06191667,0,12,1,0,1,1,0,1,3,1,0,1,0,"0000000",99,99,99,99,99,99,99,99,99,2,1
25,250214,2,2,0,0,0,2,2,21,1060,4,10,2016,3,21,41,0,2,7,4,8,"LIBERTY ST","QUINCY ST",99998,42.23918611,-71.00726111,0,12,1,0,2,2,0,1,3,1,0,1,0,"0000000",99,99,99,99,99,99,0,0,0,1,2
25,250215,2,2,0,0,0,2,2,1,330,11,10,2016,3,13,43,0,2,4,3,8,"GIFFORD ST","",99998,41.56695833,-70.60795,0,12,2,0,1,1,0,1,1,1,0,1,0,"0000000",13,41,13,45,88,88,0,0,0,1,0
25,250216,2,2,0,0,0,2,2,5,1268,16,10,2016,1,99,99,0,2,4,4,8,"MAPLE AVE","",99998,41.75178889,-71.22493611,0,54,11,0,1,1,0,1,1,1,0,1,0,"0000000",99,99,99,99,99,99,14,0,0,1,1
25,250217,1,1,0,1,1,1,1,23,140,18,10,2016,3,18,42,1,2,3,4,3,"SR-123 MAIN ST","",99998,42.05967222,-71.01411111,0,9,0,0,1,1,0,2,1,1,0,1,0,"0000000",99,99,99,99,99,99,0,0,0,1,0
25,250218,1,1,0,2,2,1,1,17,1340,18,10,2016,3,6,51,0,2,4,3,8,"WYMAN ST","",99998,42.40401667,-71.2582,0,8,0,0,1,1,0,1,4,10,0,10,0,"0000000",99,99,99,99,99,99,0,0,0,1,0
25,250219,1,1,0,0,0,2,2,27,533,22,10,2016,7,2,49,0,2,7,3,8,"MT. JEFFERSON RD","",99998,42.50311667,-72.040025,0,42,0,0,1,1,0,4,2,2,0,2,0,"0000000",99,99,99,99,99,99,0,0,0,1,0
25,250221,1,1,0,0,0,1,1,13,1430,8,7,2016,6,99,99,1,2,3,1,2,"US-20 RUSSELL ROAD","",99998,42.12756111,-72.77632222,0,42,0,0,1,1,0,5,1,10,0,10,0,"0000000",18,14,18,18,18,48,0,0,0,1,1
25,250222,1,1,0,1,1,2,2,1,330,22,10,2016,7,18,44,0,2,3,1,3,"SR-151 NATHAN ELLIS HGWY","",99998,41.52938889,-70.66579167,0,8,0,0,1,1,0,1,2,1,0,1,0,"0000000",18,48,18,50,19,24,0,0,0,1,0
25,250223,2,2,0,0,0,3,3,27,745,24,8,2016,4,99,99,1,2,3,1,3,"SR- 140 CAPE ROAD","BATES STREET",99998,42.09737222,-71.50204444,0,12,98,0,2,3,0,1,1,1,0,1,1,"0000000",99,99,99,99,99,99,0,0,0,2,0
25,250224,2,2,0,0,0,4,4,5,1441,23,10,2016,1,13,47,0,2,7,3,8,"HIGHLAND AVE","",99998,41.65628889,-71.05626389,0,12,6,0,8,1,0,1,1,1,0,1,0,"0000000",99,99,99,99,99,99,0,0,0,1,0
25,250225,1,1,0,0,0,1,1,27,780,27,10,2016,5,99,99,0,2,7,4,8,"FORTUNE BLVD","",99998,42.15960278,-71.49944167,0,33,0,0,1,1,0,5,1,10,2,2,0,"0000000",99,99,99,99,99,99,0,0,0,1,0
25,250226,2,2,0,0,0,5,5,23,770,24,10,2016,2,0,10,1,2,1,1,1,"I-495 N","",99998,41.84570833,-70.84629444,0,12,2,0,1,1,0,1,2,98,0,98,0,"0000000",0,17,0,21,88,88,0,0,0,5,1
25,250227,1,1,0,0,0,1,1,27,1520,26,10,2016,4,23,31,1,2,3,4,8,"GOLD STAR BLVD","",99998,42.29048333,-71.80346944,0,59,0,0,1,1,0,4,3,1,0,1,0,"0000000",23,35,23,36,88,88,0,0,0,1,0
25,250228,1,1,0,0,0,1,1,23,1360,27,10,2016,5,11,45,1,2,1,1,1,"I-495 S","",16,41.79371111,-70.75115833,0,42,0,0,1,1,0,3,1,10,0,10,0,"0000000",11,42,11,55,12,15,0,0,0,1,0
25,250229,1,1,0,0,0,1,1,27,1269,29,10,2016,7,19,40,1,2,2,1,3,"SR-146 S WORCESTER PROVIDENCE","",120,42.13163611,-71.70196944,0,59,0,0,1,1,0,5,2,1,0,1,0,"0000000",19,47,20,18,20,35,0,0,0,1,0
25,250230,2,1,1,0,0,3,3,13,210,30,10,2016,1,1,46,1,2,3,4,3,"SR-141 GRATTAN ST","",99998,42.16249167,-72.58693056,0,14,0,0,1,1,0,2,3,1,0,1,0,"0000000",1,47,2,0,2,43,0,0,0,1,0
25,250231,1,1,0,0,0,1,1,17,157,30,10,2016,1,16,21,1,2,1,1,1,"I-95 N","",99998,42.47983611,-71.20841944,0,24,0,0,1,1,0,4,1,10,0,10,0,"0000000",16,18,16,24,16,51,0,0,0,1,0
25,250232,1,1,0,1,1,1,1,21,1060,30,10,2016,1,22,30,1,2,3,4,8,"HANCOCK ST","HOLLIS AVE",99998,42.27543889,-71.02753056,0,8,0,0,3,3,0,1,3,2,0,2,0,"0000000",99,99,99,99,99,99,0,0,0,1,0
25,250233,2,2,0,0,0,2,2,13,1247,22,10,2016,7,15,33,1,2,3,3,3,"SR-57 FEEDING HILLS RD","",99998,42.06549722,-72.74059444,0,12,2,0,1,1,0,1,1,2,10,2,0,"0000000",15,33,15,34,16,3,0,0,0,1,0
25,250234,2,2,0,0,0,3,3,1,1535,1,10,2016,7,22,40,0,2,4,3,8,"BUCK ISLAND ROAD","",99998,41.66078889,-70.243775,0,12,6,0,1,1,0,1,3,2,0,2,0,"0000000",99,99,99,99,99,99,0,0,0,2,1
25,250235,1,1,0,0,0,3,3,25,120,26,8,2016,6,3,0,1,2,2,1,3,"SR-1A S","SUMNER TUNNEL I-93N",99998,42.36416944,-71.05278889,0,26,0,1,3,4,0,4,3,1,0,1,0,"0000000",3,16,3,21,99,99,0,0,0,1,1
25,250236,1,1,0,1,1,1,1,15,1034,28,10,2016,6,16,0,0,1,5,3,8,"CENTRAL ST","",99998,42.49812778,-72.90358333,0,8,0,0,1,1,0,1,1,1,0,1,1,"0000000",99,99,99,99,99,99,0,0,0,1,0
25,250237,1,1,0,0,0,2,2,5,96,10,6,2016,6,22,43,0,2,7,3,8,"JEROME ST","",99998,41.86325,-71.07431667,0,5,0,0,1,1,0,1,6,98,0,98,0,"0000000",99,99,99,99,99,99,0,0,0,1,0
25,250238,2,2,0,0,0,3,3,23,462,16,10,2016,1,12,58,0,2,5,4,8,"SOUTH ST","",99998,41.9749,-70.86563333,0,12,2,0,1,1,0,1,1,10,0,10,0,"0000000",12,58,13,2,14,11,0,0,0,1,0
25,250239,1,1,0,0,0,2,2,23,140,1,5,2016,1,13,42,0,2,5,4,8,"91 WEST STREET","MARLENE AVE",99998,42.08605556,-71.04665556,0,33,0,0,3,2,0,5,1,10,2,2,0,"0000000",99,99,99,99,99,99,0,0,0,1,0
25,250240,1,1,0,0,0,2,2,27,780,14,7,2016,5,3,30,1,2,1,1,1,"I-495 S","",99998,42.16037778,-71.49494444,0,42,0,0,1,1,0,5,2,1,0,1,0,"0000000",99,99,99,99,99,99,0,0,0,1,1
25,250241,1,1,0,0,0,1,1,17,870,10,8,2016,4,2,5,1,2,1,1,1,"I-95 N","",381,42.33129722,-71.25427778,0,59,0,0,5,1,0,8,3,1,0,1,0,"0000000",99,99,99,99,99,99,0,0,0,1,0
25,250242,1,1,0,0,0,5,5,5,251,29,5,2016,1,22,46,0,2,5,3,8,"1214 OLD FALL RIVER ROAD","",99998,41.67938889,-71.06252222,0,30,0,0,1,1,0,4,3,10,2,2,0,"0000000",22,45,22,52,23,35,0,0,0,1,1
25,250243,1,1,0,0,0,4,4,25,120,5,7,2016,3,13,25,1,2,3,4,8,"1630 VETERENS OF FOREIGN WARS","",99998,42.26588056,-71.16804444,0,33,0,0,1,1,0,5,1,10,0,10,0,"0000000",12,57,13,10,13,45,0,0,0,1,0
25,250244,1,1,0,0,0,1,1,5,251,12,7,2016,3,19,36,0,1,7,4,8,"452 POTOMSKA ROAD","",99998,41.54340556,-70.982325,0,42,0,0,1,1,0,5,1,1,0,1,0,"0000000",19,34,19,40,20,18,0,0,0,1,0
25,250245,2,2,0,0,0,3,3,5,850,29,7,2016,6,15,15,1,2,3,1,3,"SR-140 N","",99998,41.657175,-70.95303056,0,12,1,0,1,1,0,1,1,1,0,1,0,"0000000",99,99,99,99,99,99,0,0,0,1,0
25,250246,4,4,0,0,0,6,6,9,100,5,8,2016,6,15,22,1,2,2,1,3,"SR-128 N EXIT 18","",99998,42.57361944,-70.86025556,0,12,7,1,17,1,0,1,1,1,0,1,0,"0000000",99,99,99,99,99,99,14,0,0,1,1
25,250247,1,1,0,0,0,1,1,27,98,21,8,2016,1,15,22,1,2,1,1,1,"I-495 N OFF RAMP","",99998,42.39163611,-71.60569167,0,39,0,1,5,1,0,4,1,1,0,1,0,"0000000",15,25,15,36,88,88,0,0,0,1,1
25,250248,1,1,0,0,0,1,1,9,1000,13,7,2016,4,7,15,1,2,1,1,1,"I-95 S","",99998,42.52833611,-70.97816111,0,24,0,0,1,1,0,4,1,1,0,1,0,"0000000",99,99,99,99,99,99,0,0,0,1,0
25,250249,1,1,0,0,0,2,2,13,114,1,9,2016,5,19,30,0,1,5,1,3,"SR-23 OTIS STAGE RD","",99998,42.17148333,-72.99359167,0,24,0,0,1,1,0,4,5,98,0,98,0,"0000000",19,35,19,53,99,99,0,0,0,2,1
25,250250,2,2,0,0,0,2,2,5,1064,21,9,2016,4,19,0,1,2,1,1,1,"I-495 S","",99998,41.16039722,-71.01853611,0,12,7,0,1,1,0,1,2,1,0,1,0,"0000000",99,99,99,99,99,99,0,0,0,1,0
25,250251,2,2,0,0,0,3,3,25,120,10,4,2016,1,19,45,1,2,3,4,8,"SEAVER ST","ELM HILL AVE",99998,42.30759722,-71.08899444,0,12,6,0,2,3,0,1,3,10,0,10,0,"0000000",19,45,19,49,20,7,0,0,0,1,0
25,250252,1,1,0,1,1,1,1,17,720,25,9,2016,1,5,38,1,2,3,1,3,"SR-16 W","",99998,42.40450556,-71.07954444,0,8,0,0,1,1,0,1,3,1,0,1,0,"0000000",99,99,99,99,99,99,0,0,0,1,0
25,250253,1,1,0,0,0,1,1,5,320,5,10,2016,4,6,15,1,2,2,1,3,"SR-24 S","",99998,41.73001667,-71.11685833,0,24,0,0,1,1,0,4,4,98,0,98,0,"0000000",6,34,6,38,88,88,0,0,0,1,0
25,250254,1,1,0,1,1,1,1,23,564,16,10,2016,1,10,10,0,2,4,1,3,"SR-18 BEDFORD ST","",99998,41.88615278,-70.955825,0,8,0,0,1,1,0,1,1,1,0,1,0,"0000000",99,99,99,99,99,99,19,0,0,1,0
25,250255,2,2,0,0,0,4,4,27,185,10,7,2016,1,99,99,0,2,4,3,8,"CENTER DEPOT RD","",99998,42.15938333,-71.97495278,9,12,6,0,8,1,0,1,5,1,0,1,0,"0000000",99,99,99,99,99,99,0,0,0,1,0
25,250256,1,1,0,1,1,1,1,27,1520,14,7,2016,5,8,45,0,2,7,4,8,"ERNEST AVE","",99998,42.25420556,-71.76665556,0,8,0,0,1,1,0,1,1,10,0,10,0,"0000000",99,99,99,99,99,99,0,0,0,1,0
25,250257,1,1,0,0,0,2,2,13,210,1,11,2016,3,23,18,0,2,7,4,8,"SHERIDAN ST","",99998,42.17643333,-72.56866111,2,38,0,0,1,1,0,5,3,1,0,1,0,"0000000",99,99,99,99,99,99,0,0,0,2,0
25,250258,1,1,0,2,2,1,1,17,1510,1,11,2016,3,19,1,0,2,3,4,8,"COMMON ST","PLEASANT ST",99998,42.47929167,-71.15234167,0,8,0,0,2,4,0,1,3,1,0,1,0,"0000000",19,2,19,5,19,42,0,0,0,1,0
25,250259,1,1,0,0,0,6,6,27,1390,29,10,2016,7,1,30,1,2,1,1,1,"I-90 W","",1015,42.23301944,-71.61051389,0,17,0,0,1,1,0,5,2,1,0,1,0,"0000000",99,99,99,99,99,99,0,0,0,1,1
25,250260,1,1,0,0,0,1,1,5,1133,4,11,2016,6,21,6,0,2,4,4,8,"ARCADE AVE","",99998,41.82690278,-71.32814444,0,30,0,0,1,1,0,4,3,1,0,1,0,"0000000",21,8,21,15,21,43,20,0,0,1,0
25,250261,1,1,0,0,0,2,2,23,1040,6,11,2016,1,12,50,0,2,7,11,8,"BARE HILL RD","",99998,41.88138333,-70.69603333,0,1,0,0,1,1,0,1,1,2,0,2,0,"0000000",99,99,99,99,99,99,0,0,0,1,0
25,250262,1,1,0,0,0,6,6,5,1441,6,11,2016,1,3,13,1,2,1,1,1,"I-195","",99998,77.7777,777.7777,0,26,0,0,1,1,0,3,3,1,0,1,0,"0000000",99,99,99,99,99,99,0,0,0,1,1
25,250263,1,1,0,1,1,1,1,17,1282,6,11,2016,1,17,34,0,2,4,4,8,"1009 SHAWSHEEN STREET","MILL STREET",99998,42.60127222,-71.19440278,0,8,0,0,1,1,0,1,6,1,0,1,0,"0000000",17,35,17,41,18,16,0,0,0,1,0
25,250264,1,1,0,1,1,1,1,5,1280,10,11,2016,5,23,31,0,2,4,4,3,"SR-138 BROADWAY","WASHINGTON",99998,77.7777,777.7777,0,9,0,0,3,3,0,1,3,1,0,1,0,"0000000",99,99,99,99,99,99,0,0,0,1,0
25,250265,1,1,0,0,0,1,1,13,1270,11,11,2016,6,0,35,1,2,1,1,1,"I-91","",99998,77.7777,777.7777,0,33,0,0,1,1,0,4,3,10,0,10,0,"0000000",0,38,0,56,1,23,20,0,0,1,1
25,250266,1,1,0,0,0,1,1,5,1441,13,11,2016,1,15,28,0,2,7,3,8,"640 SODOM ROAD","",99998,41.59556111,-71.11550833,0,42,0,0,1,1,0,5,1,1,0,1,0,"0000000",15,30,15,37,16,21,0,0,0,1,0
25,250267,2,2,0,0,0,2,2,3,1274,18,11,2016,6,13,48,0,2,4,3,8,"GLENDALE MIDDLE RD","GLENDALE RD",99998,42.28321667,-73.343975,0,12,6,0,2,2,0,1,1,1,0,1,0,"0000000",13,53,14,6,14,37,0,0,0,1,0
25,250268,1,1,0,1,1,3,3,9,765,29,11,2016,3,13,41,1,2,3,1,3,"SR-110 E","I-495 OFF RAMP",99998,42.72695833,-71.14029444,0,9,0,1,2,3,0,1,1,10,0,10,0,"0000000",99,99,99,99,99,99,0,0,0,1,0
25,250269,2,2,0,0,0,3,3,25,120,27,11,2016,1,0,40,1,2,1,1,1,"I-93 N","",99998,42.29973333,-71.04800833,0,24,0,1,5,1,0,4,3,98,0,98,0,"0000000",0,42,0,49,99,99,0,0,0,1,1
25,250270,1,1,0,1,1,2,2,17,170,23,6,2016,5,12,17,0,2,4,4,8,"CAMBRIDGE ST","",99998,42.37506667,-71.11110556,0,9,0,0,1,1,0,1,1,1,0,1,0,"0000000",12,18,12,20,99,99,16,0,0,1,0
25,250271,1,1,0,1,1,1,1,5,320,15,11,2016,3,16,48,0,2,7,4,3,"SR-81 908 PLYMOUTH AVENUE","2ND STREET",99998,41.69099722,-71.15884444,0,8,0,0,3,7,0,1,3,2,0,2,0,"0000000",16,53,16,56,17,35,0,0,0,1,0
25,250272,2,2,0,0,0,2,2,21,370,24,11,2016,5,2,30,1,2,1,1,1,"I-495 S","",344,42.03140833,-71.27658333,0,12,2,0,1,1,0,1,2,1,0,1,0,"0000000",2,16,2,24,99,99,0,0,0,1,1
25,250273,1,1,0,0,0,1,1,21,230,16,11,2016,4,15,17,0,2,7,4,8,"77 FOREST AVE","",99998,42.2477,-70.82775556,0,31,0,0,1,1,0,5,1,10,0,10,0,"0000000",15,19,15,27,15,50,0,0,0,1,0
25,250274,1,1,0,0,0,1,1,27,1390,18,11,2016,6,21,36,0,2,4,4,8,"OTIS STREET","",99998,77.7777,777.7777,0,42,0,0,1,1,0,5,6,1,0,1,0,"0000000",21,40,21,44,22,5,0,0,0,1,1
25,250275,1,1,0,1,1,1,1,3,600,30,11,2016,4,15,20,0,1,7,3,8,"302 HOUSATONIC STREET","",99998,42.35565278,-73.26205833,0,8,0,0,1,1,0,2,1,2,0,2,0,"0000000",15,30,15,32,88,88,0,0,0,1,0
25,250276,3,3,0,0,0,3,3,13,1446,19,5,2016,5,20,30,1,2,3,1,2,"US-5 RIVERDALE ST","ELM ST",99998,42.12475278,-72.62598889,0,12,6,0,2,3,0,1,5,10,2,2,0,"0000000",99,99,99,99,99,99,14,0,0,1,1
25,250277,2,2,0,0,0,2,2,13,1430,8,11,2016,3,19,34,1,2,3,1,2,"US-20 E MAIN ST","DELMONT AVE",99998,42.11441389,-72.72816111,0,12,6,0,2,2,0,1,3,1,0,1,0,"0000000",19,38,19,42,20,8,0,0,0,1,1
25,250278,1,1,0,1,1,1,1,27,79,29,11,2016,3,16,43,0,1,4,1,3,"SR-122 WORCESTER RD","",99998,42.40923333,-72.09775833,0,8,0,0,1,1,0,1,6,2,0,2,0,"0000000",99,99,99,99,99,99,0,0,0,1,1
25,250279,2,2,0,0,0,2,2,9,1114,9,11,2016,4,12,38,0,2,4,3,3,"SR-286 COLLINS ST","",99998,42.87017778,-70.86374167,0,12,2,0,1,1,0,1,1,10,0,10,0,"0000000",12,37,12,43,99,99,0,0,0,1,0
25,250280,2,1,1,0,0,1,1,17,870,24,11,2016,5,20,9,1,2,3,4,3,"SR-16 WATERTOWN ST","",99998,42.35196111,-71.21953056,0,14,0,0,1,1,0,2,3,2,0,2,0,"0000000",99,99,99,99,99,99,0,0,0,1,0
25,250281,4,4,0,0,0,4,4,27,1500,20,10,2016,5,5,51,1,2,3,1,3,"SR-140 GARDNER ROAD","",99998,42.63079167,-72.00750278,0,12,2,0,1,1,0,1,3,1,0,1,0,"0000000",5,50,6,0,99,99,0,0,0,1,0
25,250282,2,2,0,0,0,3,3,21,1530,20,3,2016,1,14,17,0,2,4,1,3,"SR-1A 1092 SOUTH ST","PREMIUM OUTLET BLVD",99998,42.06373611,-71.33295278,0,12,6,0,3,2,0,1,1,10,0,10,0,"0000000",99,99,99,99,99,99,0,0,0,1,0
25,250283,1,1,0,1,1,2,2,9,1267,3,12,2016,7,7,40,1,2,3,4,3,"SR-129 HUMPHREY ST","",99998,42.46738611,-70.91546111,0,8,0,0,1,1,0,1,1,1,0,1,0,"0000000",99,99,99,99,99,99,0,0,0,1,0
25,250284,2,2,0,0,0,2,2,21,1035,29,8,2016,2,18,38,0,2,4,1,3,"SR-1 23 WASHINGTON ST","",99998,42.00464722,-71.33525278,0,12,6,0,1,1,0,1,1,1,0,1,0,"0000000",99,99,99,99,99,99,0,0,0,1,1
25,250285,1,1,0,0,0,3,3,21,825,2,12,2016,6,3,30,1,2,3,1,3,"SR-138 BRUSH HILL ROAD","",99998,42.26498056,-71.09432222,0,42,0,0,1,1,0,5,3,1,0,1,0,"0000000",3,46,3,47,4,2,0,0,0,2,1
25,250286,2,2,0,0,0,2,2,17,195,3,12,2016,7,6,40,1,2,1,1,1,"I-495 N","",99998,42.60970833,-71.31263056,0,12,2,0,1,1,0,1,1,1,0,1,0,"0000000",99,99,99,99,99,99,0,0,0,1,0
25,250287,1,1,0,0,0,2,2,27,1283,10,12,2016,7,1,5,1,2,2,1,3,"SR-2 E","",99998,42.56800833,-72.11358889,0,21,0,0,1,1,0,3,2,1,0,1,0,"0000000",99,99,99,99,99,99,0,0,0,2,1
25,250288,1,1,0,0,0,5,5,5,850,20,11,2016,1,99,99,0,2,4,4,8,"COUNTY STREET","COVE STREET",99998,41.61699444,-70.92240278,0,35,0,0,3,3,0,5,3,10,0,10,0,"0000000",99,99,99,99,99,99,0,0,0,1,0
25,250289,1,1,0,1,1,1,1,23,475,5,12,2016,2,11,14,0,2,7,3,8,"28 GEORGE WASHINGTON BOULEVARD","",99998,42.25595556,-70.86455556,0,8,0,0,1,1,0,1,1,2,10,2,0,"0000000",11,15,11,18,11,49,0,0,0,1,0
25,250290,2,2,0,0,0,2,2,5,850,14,12,2016,4,22,48,0,2,7,4,8,"PLYMPTON ST","TARKILN HILL RD",99998,41.68116389,-70.92332222,0,12,2,0,3,3,0,1,3,1,0,1,0,"0000000",99,99,99,99,99,99,0,0,0,1,1
25,250291,2,2,0,0,0,2,2,5,850,6,12,2016,3,6,18,1,2,4,4,3,"SR-140","",99998,77.7777,777.7777,0,12,1,0,1,1,0,1,4,1,0,1,0,"0000000",6,6,6,12,7,18,0,0,0,1,0
25,250292,1,1,0,1,1,1,1,5,850,8,12,2016,5,17,37,0,2,4,4,8,"120 COVE STREET","MORTON COURT",99998,41.61659167,-70.91918056,0,8,0,0,3,3,0,1,3,1,0,1,0,"0000000",17,35,17,42,18,6,0,0,0,1,0
25,250293,1,1,0,0,0,1,1,21,1140,18,12,2016,1,1,45,1,2,1,1,1,"I-95 N","",99998,77.7777,777.7777,0,35,0,0,1,1,0,4,2,5,0,5,0,"0000000",1,59,2,12,88,88,0,0,0,1,1
25,250294,1,1,0,0,0,3,3,5,320,11,12,2016,1,1,35,0,2,4,1,3,"SR-24","",70,77.7777,777.7777,0,42,0,0,1,1,0,5,2,1,0,1,0,"0000000",1,46,1,49,2,16,0,0,0,2,1
25,250295,1,1,0,1,1,1,1,23,1085,21,12,2016,4,17,26,0,2,4,3,8,"NORTH AVE","",99998,42.13155,-70.92388611,0,8,0,0,1,1,0,1,3,1,0,1,0,"0000000",17,26,17,27,17,42,0,0,0,1,0
25,250296,1,1,0,0,0,2,2,1,330,22,12,2016,5,17,58,0,2,4,4,8,"THOMAS B LANDERS RD","",99998,41.61451944,-70.60749167,0,42,0,0,1,1,0,4,2,1,0,1,0,"0000000",99,99,99,99,99,99,0,0,0,2,0
25,250297,2,2,0,0,0,3,3,17,1282,10,12,2016,7,12,25,0,2,5,4,8,"352 CLARK TOAD","",99998,42.63688056,-71.272575,0,12,2,0,1,1,0,1,1,1,0,1,0,"0000000",12,28,12,32,13,47,0,0,0,1,0
25,250298,1,1,0,1,1,1,1,17,660,22,12,2016,5,19,35,0,2,7,11,8,"EAST BORDER RD","",99998,42.43798611,-71.08140833,0,8,0,0,1,1,0,1,2,1,0,1,0,"0000000",99,99,99,99,99,99,0,0,0,1,1
25,250299,1,1,0,1,1,2,2,25,1070,25,12,2016,1,18,26,1,2,3,1,3,"SR-60 SQUIRE ROAD","",99998,42.42885278,-71.01676944,0,8,0,0,1,1,0,1,2,1,0,1,0,"0000000",99,99,99,99,99,99,0,0,0,1,0
25,250300,2,2,0,0,0,2,2,27,1172,19,11,2016,7,0,53,1,2,3,4,2,"US-20 307 HARTFORD TURNPIKE","",99998,42.25218333,-71.71780278,0,12,6,0,1,1,0,1,3,1,0,1,0,"0000000",0,55,1,0,2,10,0,0,0,1,1
25,250301,2,2,0,0,0,2,2,1,330,28,12,2016,4,21,29,1,2,3,3,3,"SR-151 NATHAN ELLIS HIGHWAY","CURRIER RD",99998,41.61876111,-70.53940833,0,12,6,0,2,2,0,1,2,1,0,1,0,"0000000",99,99,99,99,99,99,0,0,0,1,1
25,250302,1,1,0,0,0,1,1,23,560,23,12,2016,6,0,44,0,2,4,4,3,"SR-3A 79 MAIN STREET","",99998,41.98639167,-70.70519444,0,33,0,0,1,1,0,4,3,1,0,1,0,"0000000",99,99,99,99,99,99,0,0,0,1,0
25,250303,1,1,0,0,0,1,1,17,1431,30,12,2016,6,20,25,1,2,1,1,1,"I-495 S","",818,42.56985556,-71.42535278,0,24,0,0,1,1,0,4,3,1,0,1,0,"0000000",20,31,20,39,99,99,0,0,0,1,1