"STATE","ST_CASE","VE_TOTAL","VE_FORMS","PVH_INVL","PEDS","PERNOTMVIT","PERMVIT","PERSONS","COUNTY","CITY","DAY","MONTH","YEAR","DAY_WEEK","HOUR","MINUTE","NHS","RUR_URB","FUNC_SYS","RD_OWNER","ROUTE","TWAY_ID","TWAY_ID2","MILEPT","LATITUDE","LONGITUD","SP_JUR","HARM_EV","MAN_COLL","RELJCT1","RELJCT2","TYP_INT","WRK_ZONE","REL_ROAD","LGT_COND","WEATHER1","WEATHER2","WEATHER","SCH_BUS","RAIL","NOT_HOUR","NOT_MIN","ARR_HOUR","ARR_MIN","HOSP_HR","HOSP_MN","CF1","CF2","CF3","FATALS","DRUNK_DR"
25,250304,1,1,0,0,0,1,1,5,385,30,12,2016,6,19,53,1,2,3,3,3,"SR-79 RICHMOND RD","FORGE RD",99998,41.80172222,-71.05222778,0,42,0,0,3,3,0,5,2,1,0,1,0,"0000000",19,53,20,0,88,88,0,0,0,1,1
25,250305,2,2,0,0,0,4,4,5,299,30,12,2016,6,18,7,1,2,3,3,3,"SR-123 DEPOT ST","",99998,42.02881667,-71.11651944,0,12,2,0,1,1,0,1,3,1,0,1,0,"0000000",17,49,17,55,18,35,0,0,0,3,1
25,250306,1,1,0,1,1,1,1,17,740,1,10,2016,7,5,15,0,2,7,3,8,"70 LYNDE ST","",99998,42.45252222,-71.06434444,0,8,0,0,1,1,0,1,3,2,0,2,0,"0000000",99,99,99,99,99,99,0,0,0,1,0
25,250307,1,1,0,1,1,1,1,17,195,24,12,2016,7,3,18,1,2,1,1,1,"I-495","",99998,42.61709722,-71.291325,0,8,0,0,1,1,0,1,3,1,0,1,0,"0000000",3,22,3,30,99,99,0,0,0,1,0
25,250308,3,2,1,1,1,4,4,17,740,3,10,2016,2,17,29,0,2,5,4,8,"174 HOWARD ST","",99998,42.46845,-71.05214444,0,8,0,0,1,1,0,1,1,1,0,1,0,"0000000",99,99,99,99,99,99,0,0,0,1,0
25,250309,3,2,1,0,1,4,5,27,1520,17,8,2016,4,13,52,1,2,3,4,3,"SR-9 PARK AVE","LOVELL ST",99998,42.24959444,-71.83165,0,12,7,0,1,1,2,1,1,1,0,1,0,"0000000",99,99,99,99,99,99,0,0,0,1,0
25,250310,1,1,0,0,0,2,2,23,140,17,10,2016,2,0,28,0,2,4,4,8,"OAK ST","BATTLES ST",99998,42.10086111,-71.03543056,0,33,0,0,3,3,0,4,3,1,0,1,0,"0000000",99,99,99,99,99,99,13,0,0,1,1
25,250311,2,2,0,0,0,2,2,17,261,12,10,2016,4,16,0,1,2,3,4,3,"SR-38 BRIDGE ST","PLEASANT ST",99998,42.66893333,-71.30325556,0,12,6,0,2,7,0,1,1,98,0,98,0,"0000000",15,41,15,43,16,15,0,0,0,1,0
25,250312,4,4,0,0,0,8,8,5,1441,28,9,2016,4,8,10,1,2,1,1,1,"I-195 E","",99998,41.67280556,-71.08898333,0,12,2,0,1,1,0,1,1,1,0,1,0,"0000000",99,99,99,99,99,99,0,0,0,3,0
25,250313,3,3,0,8,8,3,3,17,870,1,3,2016,3,18,12,1,2,3,4,8,"1279 WASHINGTON ST","CHESTNUT ST",99998,42.34941667,-71.225925,0,12,99,0,3,3,0,1,3,1,0,1,0,"0000000",99,99,99,99,99,99,0,0,0,2,0
25,250314,1,1,0,0,0,1,1,17,375,24,11,2016,5,16,57,0,2,4,1,8,"EDGELL RD","",99998,42.32527222,-71.43665278,0,30,0,0,1,1,0,4,3,10,0,10,0,"0000000",99,99,99,99,99,99,0,0,0,1,0
25,250315,1,1,0,0,0,1,1,21,256,4,11,2016,6,11,10,0,2,5,4,8,"EASTERN AVE","MAH WAY",99998,42.245425,-71.17162222,0,5,0,0,3,3,0,4,1,1,0,1,0,"0000000",99,99,99,99,99,99,0,0,0,1,0
25,250316,1,1,0,1,1,1,1,3,1030,28,10,2016,6,23,43,0,2,7,4,8,"300 TYLER STREET","COURTLAND PLACE",99998,42.458375,-73.244075,0,8,0,0,3,3,0,1,2,1,0,1,0,"0000000",23,43,23,47,23,55,0,0,0,1,0
25,250317,2,2,0,0,0,3,3,9,255,27,5,2016,6,99,99,0,2,4,4,8,"FEDERAL ST","COLLINS ST",99998,42.55055556,-70.94686667,0,12,6,0,2,2,0,1,3,1,0,1,0,"0000000",99,99,99,99,99,99,99,99,99,1,0
25,250318,2,2,0,0,0,3,3,17,845,11,10,2016,3,21,6,0,2,4,3,8,"SPEEN ST","TIMBER LN",99998,42.29604167,-71.37683889,0,12,6,0,2,3,0,1,3,1,0,1,0,"0000000",21,10,21,14,21,37,0,0,0,1,1
25,250319,1,1,0,1,1,1,1,9,570,21,9,2016,4,23,0,1,2,3,4,3,"SR-114 435 WINTHROP AVE","",99998,42.67952778,-71.13366389,0,8,0,0,1,1,0,1,6,98,0,98,0,"0000000",99,99,99,99,88,88,19,0,0,1,0
25,250320,2,2,0,0,0,3,3,17,170,2,5,2016,2,13,25,1,2,3,1,3,"SR-2 CONCORD TPKE","",99998,42.40007222,-71.15006944,0,24,0,0,1,1,0,4,1,2,0,2,0,"0000000",13,29,13,37,99,99,0,0,0,1,0
25,250321,4,4,0,2,2,8,8,27,980,30,5,2016,2,11,20,0,2,4,3,8,"24 SUTTON AVE","",99998,42.11674444,-71.86084167,0,12,1,0,1,1,0,1,1,10,0,10,0,"0000000",99,99,99,99,99,99,0,0,0,2,0
25,250322,1,1,0,1,1,1,1,17,617,17,8,2016,4,12,52,0,2,5,3,8,"VIRGINIA RD","",99998,42.45385,-71.29388056,0,9,0,0,1,1,0,1,1,1,0,1,0,"0000000",99,99,99,99,99,99,0,0,0,1,0
25,250323,1,1,0,0,0,1,1,5,299,29,8,2016,2,15,17,1,2,3,3,3,"SR-106 EASTMAN ST","",99998,42.025675,-71.1593,0,40,0,0,5,1,0,4,1,1,0,1,0,"0000000",99,99,99,99,99,99,0,0,0,1,0
25,250324,1,1,0,0,0,1,1,23,926,20,11,2016,1,23,38,0,2,5,3,8,"170 SUMMER ST","",99998,42.18714722,-70.802325,0,42,0,0,1,1,0,4,2,10,0,10,0,"0000000",99,99,99,99,99,99,0,0,0,1,1
25,250325,1,1,0,1,1,1,1,21,125,15,12,2016,5,17,0,0,2,7,4,8,"COMMERCIAL ST","SHAW ST",99998,42.221275,-70.97035833,0,8,0,0,3,3,0,1,2,98,0,98,0,"0000000",99,99,99,99,99,99,0,0,0,1,0
25,250326,1,1,0,1,1,1,1,25,120,12,1,2016,3,99,99,1,2,3,4,8,"4593 WASHINGTON ST","",99998,42.27705556,-71.13842778,0,8,0,0,1,1,0,1,5,4,0,4,0,"0000000",16,43,16,51,17,24,0,0,0,1,0
25,250327,1,1,0,1,1,1,1,25,120,16,4,2016,7,22,15,0,2,4,4,8,"BENNINGTON ST","SARATOGA ST",99998,42.38666389,-71.00673611,0,8,0,0,2,7,0,1,2,1,0,1,0,"0000000",22,16,22,18,88,88,99,99,99,1,0
25,250328,1,1,0,1,1,1,1,27,185,25,11,2016,6,14,30,1,2,3,1,3,"SR-169 210 SOUTHBRIDGE RD","",99998,42.11872778,-72.00966389,0,8,0,0,1,1,0,6,1,10,0,10,0,"0000000",14,30,14,35,14,55,0,0,0,1,0
25,250329,1,1,0,0,0,2,2,17,5,4,4,2016,2,12,55,1,2,3,1,3,"SR-2","",99998,42.48203611,-71.45189167,0,24,0,0,1,1,0,3,1,4,0,4,0,"0000000",12,39,12,47,13,36,0,0,0,1,0
25,250330,1,1,0,2,2,2,2,25,120,18,2,2016,5,20,40,0,2,5,4,8,"71 HUMBOLDT AVE","",99998,42.31801389,-71.08625,0,8,0,0,1,1,0,1,3,1,0,1,0,"0000000",20,41,20,43,21,0,99,99,99,1,0
25,250331,1,1,0,0,0,1,1,15,466,22,7,2016,6,16,0,1,2,1,1,1,"I-91","",280,42.39451389,-72.62951111,0,1,0,0,1,1,0,3,1,1,0,1,0,"0000000",99,99,99,99,99,99,0,0,0,1,0
25,250332,2,2,0,0,0,3,3,25,120,30,4,2016,7,11,33,0,2,3,4,8,"CHARLES ST","BEACON ST",99998,42.35618056,-71.06945,0,12,1,0,2,7,0,1,1,1,0,1,0,"0000000",11,35,11,38,11,44,99,99,99,1,0
25,250333,3,1,2,1,3,1,3,17,720,28,6,2016,3,2,35,1,2,1,1,1,"I-93","",99998,77.7777,777.7777,0,8,0,0,1,1,2,1,3,1,0,1,0,"0000000",99,99,99,99,99,99,14,0,0,1,1
25,250335,1,1,0,1,1,1,1,25,120,7,7,2016,5,18,3,0,2,4,4,8,"ALBANY ST","",99998,42.33747778,-71.06790833,0,8,0,0,1,1,0,1,1,1,0,1,0,"0000000",18,4,18,9,18,14,99,99,99,1,0
25,250336,3,1,2,0,4,1,5,27,185,16,3,2016,4,12,0,1,2,1,1,1,"I-90","",802,77.7777,777.7777,0,14,0,0,1,1,0,4,1,1,0,1,0,"0000000",99,99,99,99,99,99,14,0,0,1,0
25,250337,2,2,0,0,0,3,3,13,1270,12,5,2016,5,21,50,0,2,7,4,8,"GARY ROAD","PARKER ST",99998,42.12501944,-72.49689722,0,12,2,0,2,2,0,1,3,1,0,1,0,"0000000",99,99,99,99,99,99,0,0,0,2,1
25,250338,1,1,0,1,1,1,1,17,845,22,2,2016,2,18,2,0,2,7,4,8,"MILL STREET","RANGER ROAD",99998,42.28708056,-71.38281944,0,8,0,0,3,3,0,1,3,1,0,1,0,"0000000",99,99,99,99,99,99,0,0,0,1,0
25,250339,1,1,0,1,1,1,1,13,1270,14,5,2016,7,2,34,0,2,4,4,8,"ST JAMES AVE","MONTCLAIR ST",99998,42.14039167,-72.57231667,0,8,0,0,3,3,0,1,3,1,0,1,0,"0000000",99,99,99,99,99,99,0,0,0,1,0
25,250340,1,1,0,0,0,1,1,27,565,24,12,2016,7,3,42,0,2,4,1,3,"SR-2","",1040,77.7777,777.7777,0,42,0,0,1,1,0,5,2,1,0,1,0,"0000000",99,99,99,99,99,99,0,0,0,1,0
25,250341,1,1,0,0,0,1,1,13,1270,22,5,2016,1,1,20,1,2,3,4,8,"BICENTENNIAL HWY","",99998,42.09642778,-72.5043,0,33,0,0,1,1,0,4,2,1,0,1,0,"0000000",99,99,99,99,99,99,0,0,0,1,1
25,250342,2,2,0,0,0,2,2,13,15,2,1,2016,7,18,7,9,2,4,1,3,"SR- 159 233 MAIN STREET","",99998,42.08200833,-72.61607778,0,48,0,0,1,1,0,5,3,10,0,10,0,"0000000",99,99,99,99,99,99,0,0,0,1,1
25,250343,1,1,0,1,1,1,1,13,1270,29,5,2016,1,22,30,1,2,3,4,8,"700 SUMNER AVE","",99998,42.08751111,-72.55108333,0,8,0,0,1,1,0,1,3,1,0,1,0,"0000000",99,99,99,99,99,99,0,0,0,1,0
25,250344,2,2,0,0,0,2,2,13,1270,17,6,2016,6,8,54,1,2,3,4,8,"ST JAMES BLVD","PAGE BLVD",99998,42.13861389,-72.56249722,0,12,2,0,2,2,0,1,1,1,0,1,0,"0000000",99,99,99,99,99,99,0,0,0,1,0
25,250345,1,1,0,1,1,1,1,17,170,5,10,2016,4,8,0,1,2,3,4,3,"SR-2A MASSACHUSETTS AVENUE","",99998,77.7777,777.7777,0,9,0,0,1,1,0,1,1,1,0,1,0,"0000000",99,99,99,99,99,99,0,0,0,1,0
25,250346,1,1,0,0,0,1,1,13,1270,24,7,2016,1,17,54,1,2,3,4,8,"ROOSEVELT AVE","ROOSEVELT TER",99998,42.12018056,-72.55320556,0,33,0,0,3,3,0,4,1,1,0,1,0,"0000000",99,99,99,99,99,99,0,0,0,1,0
25,250347,1,1,0,1,1,1,1,23,140,25,11,2016,6,1,29,0,2,4,4,8,"133 NORTH MAIN STREET","",99998,42.08891667,-71.01932778,0,9,0,0,1,1,0,1,3,1,0,1,0,"0000000",99,99,99,99,99,99,0,0,0,1,0
25,250348,1,1,0,1,1,1,1,9,860,23,11,2016,4,13,16,1,2,3,4,8,"163 STATE ST","",99998,42.79993056,-70.87471944,0,8,0,0,1,1,0,1,1,1,0,1,0,"0000000",99,99,99,99,99,99,0,0,0,1,0
25,250349,1,1,0,2,2,1,1,17,1375,28,11,2016,2,15,53,0,2,3,3,8,"151 WATERTOWN ST","",99998,42.36251389,-71.19248611,0,8,0,0,1,1,0,1,1,1,0,1,0,"0000000",99,99,99,99,99,99,0,0,0,1,0
25,250350,1,1,0,1,1,1,1,13,1270,9,9,2016,6,10,45,1,2,3,4,2,"US-20 2223 PAGE BOULEVARD","STEWART GLENN ROAD",99998,42.14908889,-72.50572778,0,8,0,0,3,3,0,1,1,1,0,1,0,"0000000",99,99,99,99,99,99,0,0,0,1,1
25,250352,2,2,0,0,0,3,3,17,845,7,8,2016,1,6,20,0,2,4,4,8,"WORCESTER","OAK STREET",99998,42.29503889,-71.32933611,0,12,6,0,2,2,0,1,1,1,0,1,0,"0000000",99,99,99,99,99,99,0,0,0,1,0
25,250353,1,1,0,1,1,1,1,25,1094,13,8,2016,7,23,7,0,2,4,4,8,"WARREN ST","INTERVALE ST",99998,42.31216389,-71.08298889,0,8,0,0,1,1,0,1,2,2,0,2,0,"0000000",99,99,99,99,99,99,99,99,99,1,0
25,250354,1,1,0,0,0,1,1,25,120,28,9,2016,4,1,1,1,2,3,1,3,"SR-1A MCCLELLAN HGWY","",99998,42.39463333,-71.01051389,0,59,0,0,1,1,0,4,3,1,0,1,0,"0000000",99,99,99,99,99,99,0,0,0,1,1
25,250355,1,1,0,1,1,1,1,25,120,24,8,2016,4,5,20,0,2,7,4,8,"EAST NEWTON STREET","",99998,77.7777,777.7777,0,8,0,0,3,98,0,1,3,1,0,1,0,"0000000",99,99,99,99,99,99,99,99,99,1,0
25,250356,1,1,0,1,1,1,1,25,120,25,10,2016,3,12,18,1,2,3,4,8,"WASHINGTON ST","",99998,42.31486944,-71.09917778,0,8,0,0,1,1,0,1,1,1,0,1,0,"0000000",99,99,99,99,99,99,99,99,99,1,0
25,250357,1,1,0,0,0,3,3,25,120,14,10,2016,6,12,33,0,2,4,4,8,"AMERICAN LEGION HIGHWAY","",99998,77.7777,777.7777,0,1,0,0,98,98,0,1,1,1,0,1,0,"0000000",99,99,99,99,99,99,0,0,0,1,0
25,250358,1,1,0,1,1,1,1,25,1094,18,11,2016,6,23,44,0,2,4,4,8,"115 QUINCY ST","",99998,42.24061111,-71.00870833,0,8,0,0,1,1,0,1,3,1,0,1,0,"0000000",99,99,99,99,99,99,0,0,0,1,0
25,250359,2,2,0,0,0,2,2,9,255,21,11,2016,2,18,0,1,2,3,1,8,"NEWBURY ST","NORTH ST",99998,42.58722778,-70.96648056,0,12,6,0,3,2,0,1,3,1,0,1,0,"0000000",99,99,99,99,99,99,0,0,0,1,0
25,250360,1,1,0,1,1,1,1,15,30,6,11,2016,1,21,30,1,2,3,3,8,"KELLOGG AVE","NORTH PLEASANF ST",99998,42.37777222,-72.51989444,0,8,0,0,3,3,0,5,3,1,0,1,0,"0000000",99,99,99,99,99,99,0,0,0,1,0
25,250361,1,1,0,0,0,1,1,25,120,28,11,2016,2,22,50,0,2,3,1,3,"SR-1A MCCLELLAN HIGHWAY","BYRON STREET",99998,42.38532222,-71.02090278,0,1,0,0,3,98,0,1,3,1,0,1,0,"0000000",99,99,99,99,99,99,99,99,99,1,0
25,250362,1,1,0,1,1,1,1,25,120,16,12,2016,6,16,52,0,2,3,4,8,"CUMMINS HWY","",99998,42.26811389,-71.09495278,0,8,0,0,1,1,0,1,2,1,0,1,0,"0000000",99,99,99,99,99,99,99,99,99,1,0
25,250363,2,2,0,0,0,2,2,25,1087,31,12,2016,7,2,5,0,2,3,4,8,"AMERICAN LEGION HWY","WALK HILL ST",99998,42.28768333,-71.106775,0,12,6,0,2,2,0,1,3,1,0,1,0,"0000000",99,99,99,99,99,99,0,0,0,1,0
25,250364,1,1,0,1,1,1,1,25,120,8,12,2016,5,22,25,1,2,3,1,8,"MASSACHUSETTS AVENUE","THEODORE GLYNN WAY",99998,42.33082778,-71.06979444,0,8,0,0,2,4,0,1,2,1,0,1,0,"0000000",99,99,99,99,99,99,0,0,0,1,0
25,250365,1,1,0,1,1,1,1,17,1340,3,11,2016,5,22,20,1,2,1,1,1,"I-95 S","",99998,42.36775,-71.26954167,0,8,0,0,1,1,0,1,2,10,0,10,0,"0000000",99,99,99,99,99,99,0,0,0,1,0
26,260001,1,1,0,1,1,1,1,25,0,1,1,2016,6,5,52,1,1,1,1,1,"I-94","",268,42.28318611,-84.79609444,0,8,0,0,1,1,0,1,2,4,0,4,0,"0000000",5,53,6,0,99,99,0,0,0,1,0
26,260002,1,1,0,0,0,5,5,163,1260,1,1,2016,6,1,45,1,2,3,98,6,"LIVERNOIS AVE","",44,42.35660556,-83.13829722,0,19,0,0,1,1,0,4,3,1,0,1,0,"0000000",99,99,99,99,99,99,0,0,0,2,1
26,260003,1,1,0,0,0,1,1,139,2290,1,1,2016,6,8,43,0,2,4,98,6,"WAVERLY RD","",3,42.77263333,-86.07741111,0,33,0,0,1,1,0,4,2,10,0,10,0,"0000000",8,43,8,45,88,88,0,0,0,1,1
26,260004,1,1,0,1,1,1,1,163,738,3,1,2016,1,7,51,1,1,3,98,4,"CR-CANTON CENTER RD","GLENGARRY BLVD",21,42.30254167,-83.48692778,0,9,0,0,2,2,0,1,3,10,0,10,0,"0000000",99,99,99,99,99,99,0,0,0,1,0
26,260005,1,1,0,1,1,2,2,163,5176,6,1,2016,4,19,48,0,2,4,98,6,"VENOY RD","DORSEY RD",17,42.29236667,-83.36365556,0,8,0,0,3,3,0,1,3,1,0,1,0,"0000000",19,49,19,54,88,88,0,0,0,1,0
26,260006,4,2,2,0,0,4,4,163,1480,8,1,2016,6,0,10,0,2,7,98,6,"17TH","",2,42.25586389,-83.15714167,0,12,1,0,1,1,0,1,3,1,0,1,0,"0000000",99,99,99,99,88,88,0,0,0,1,1
26,260007,1,1,0,1,1,1,1,49,1730,2,1,2016,7,18,2,0,2,5,98,6,"LIPPINCOTT","",17,43.00389167,-83.64631944,0,8,0,0,1,1,0,1,3,10,0,10,0,"0000000",18,3,18,13,88,88,0,0,0,1,0
26,260008,2,2,0,0,0,3,3,77,4030,9,1,2016,7,21,24,0,2,4,98,6,"OAKLAND DR","",21,42.20198889,-85.61390833,0,12,6,0,8,1,0,1,2,2,0,2,0,"0000000",99,99,99,99,88,88,20,0,0,1,0
26,260009,2,2,0,0,0,3,3,87,0,11,1,2016,2,18,50,0,1,5,98,4,"CR-COLUMBIAVILLE RD","",45,43.160775,-83.31661389,0,12,6,0,1,1,0,1,2,1,0,1,0,"0000000",99,99,99,99,99,99,0,0,0,2,0
26,260010,1,1,0,0,0,1,1,87,0,10,1,2016,1,13,6,0,2,5,98,4,"CR-WILDER RD","",45,43.03819167,-83.24504167,0,16,0,0,1,1,0,1,1,4,0,4,0,"0000000",13,10,13,17,88,88,0,0,0,1,0
26,260011,3,3,0,0,0,3,3,139,0,12,1,2016,3,13,20,1,2,3,98,3,"SR-104 CLEVELAND AVE","",41,43.07387778,-86.13383611,0,12,6,0,1,1,0,1,1,4,0,4,0,"0000000",13,23,13,32,99,99,0,0,0,1,0
26,260012,5,5,0,0,0,5,5,163,1212,13,1,2016,4,17,47,1,2,3,98,6,"INKSTER","CHERRY HILL",141,42.311675,-83.31084722,0,12,6,0,2,2,0,1,3,4,0,4,0,"0000000",18,14,18,20,99,99,0,0,0,1,0
26,260013,1,1,0,1,1,1,1,99,4330,12,1,2016,3,17,45,1,2,3,98,6,"12 MILE RD","MASSACHUSETTS",82,42.50989722,-82.92460278,0,8,0,0,3,3,0,1,3,10,0,10,0,"0000000",99,99,99,99,99,99,0,0,0,1,0
26,260014,2,2,0,0,0,2,2,81,0,17,1,2016,1,22,24,0,2,5,98,4,"CR-WHITE CREEK AVE","",24,43.20970556,-85.57106667,0,12,2,0,1,1,0,1,2,4,0,4,0,"0000000",99,99,99,99,88,88,0,0,0,1,1
26,260015,2,2,0,0,0,3,3,103,0,17,1,2016,1,10,45,1,1,3,98,2,"US-41","",450,46.49277778,-87.81398056,0,12,6,0,1,1,0,1,1,10,4,4,0,"0000000",10,52,10,57,99,99,0,0,0,1,1
26,260016,2,2,0,1,1,2,2,147,0,15,1,2016,6,6,30,0,1,5,98,4,"CR-NORTH RD","",20,43.03390556,-82.52567778,0,12,8,0,1,1,0,2,2,10,0,10,0,"0000000",6,39,6,50,99,99,23,0,0,1,0
26,260017,5,5,0,1,1,11,11,159,0,17,1,2016,1,13,55,1,2,1,1,1,"I-94","",25,42.19121667,-86.17625278,0,12,2,0,1,1,0,1,1,4,11,4,0,"0000000",99,99,99,99,99,99,19,0,0,2,0
26,260018,2,2,0,0,0,2,2,5,2290,15,1,2016,6,16,27,1,1,1,1,1,"I-196","",151,42.62818889,-86.20456944,0,12,2,0,1,1,0,1,1,10,0,10,0,"0000000",16,27,16,32,88,88,0,0,0,1,0
26,260019,2,2,0,0,0,5,5,57,0,18,1,2016,2,9,52,0,1,4,98,3,"SR-57 W CLEVELAND RD","S WARNER RD",30,43.17645833,-84.77815,0,12,6,0,2,2,0,1,1,10,0,10,0,"0000000",99,99,99,99,99,99,0,0,0,1,0
26,260020,1,1,0,0,0,2,2,31,0,14,1,2016,5,20,31,0,1,7,98,4,"CR-STURGEON BAY RD","",1,45.46339444,-84.62535556,0,1,0,0,1,1,0,1,2,10,0,10,0,"0000000",20,44,20,53,99,99,0,0,0,1,1
26,260021,1,1,0,1,1,1,1,99,4731,19,1,2016,3,19,53,1,2,3,98,6,"MOUND RD","EIGHTEEN MILE RD",28,42.59411111,-83.05078056,0,8,0,0,3,2,0,1,1,1,0,1,0,"0000000",19,53,19,57,99,99,0,0,0,1,0
26,260022,3,3,0,0,0,4,4,125,3628,13,1,2016,4,10,0,1,2,3,98,3,"SR-5","14 MILE RD",20,42.526925,-83.44550556,0,12,1,0,3,2,0,1,1,10,0,10,0,"0000000",99,99,99,99,99,99,0,0,0,1,0
26,260023,1,1,0,1,1,2,2,161,0,17,1,2016,1,19,13,0,2,4,98,4,"CR-TEXTILE RD","",61,42.20280556,-83.56448611,0,8,0,0,1,1,0,1,2,10,0,10,0,"0000000",19,13,19,17,99,99,0,0,0,1,0
26,260024,1,1,0,0,0,1,1,91,0,16,1,2016,7,5,50,0,1,5,98,4,"CR-PALMYRA HWY","",5,41.879925,-83.95716389,0,42,0,0,1,1,0,4,2,10,0,10,0,"0000000",6,0,6,15,88,88,0,0,0,1,0
26,260025,2,2,0,0,0,2,2,127,0,20,1,2016,4,15,39,0,1,5,98,4,"CR-120TH AVE","",61,43.78888889,-86.25790833,0,12,6,0,1,1,0,1,1,10,0,10,0,"0000000",16,7,16,15,88,88,22,0,0,1,0
26,260026,2,2,0,0,0,4,4,139,0,22,1,2016,6,8,8,0,2,5,98,4,"CR-36TH AVE","",25,42.89285278,-85.87197778,0,12,6,0,1,1,0,1,1,10,0,10,0,"0000000",8,9,8,10,99,99,22,0,0,1,0
26,260027,1,1,0,0,0,1,1,25,0,21,1,2016,5,14,2,0,1,6,98,4,"CR-12 MILE RD","",58,42.24700556,-85.06116667,0,42,0,0,1,1,0,4,1,10,0,10,0,"0000000",14,3,14,15,88,88,0,0,0,1,0
26,260028,2,2,0,0,0,3,3,147,0,25,1,2016,2,17,1,0,1,4,98,4,"CR-FRED W MOORE HWY","WADHAMS RD",94,42.81555,-82.55481667,0,12,6,0,2,2,0,1,5,1,0,1,0,"0000000",99,99,99,99,99,99,0,0,0,1,0
26,260029,1,1,0,0,0,2,2,25,0,21,1,2016,5,4,2,0,1,7,98,4,"CR-OAK GROVE RD","",15,42.17254444,-85.10793889,0,42,0,0,1,1,0,4,2,10,0,10,0,"0000000",99,99,99,99,88,88,0,0,0,2,1
26,260030,1,1,0,0,0,1,1,147,1066,14,1,2016,5,8,0,0,1,7,98,4,"CR-MESKILL RD","",7,42.87018333,-82.71076944,0,52,0,0,1,1,0,4,1,10,0,10,0,"0000000",99,99,99,99,88,88,22,0,0,1,0
26,260031,2,2,0,0,0,2,2,49,1731,15,1,2016,6,2,40,1,2,1,1,1,"I-75","",91,42.96121667,-83.72545,0,12,1,1,18,1,0,1,2,10,0,10,0,"0000000",99,99,99,99,88,88,0,0,0,1,1
26,260032,1,1,0,0,0,1,1,163,1260,24,1,2016,1,3,30,1,2,1,1,1,"I-75 RAMP 122A","",2,42.33535556,-83.06655,0,38,0,1,5,1,0,8,2,10,0,10,0,"0000000",99,99,99,99,88,88,0,0,0,1,0
26,260033,1,1,0,1,1,1,1,163,5176,29,1,2016,6,20,58,0,2,4,98,6,"VENOY RD","",18,42.29361111,-83.36367778,0,8,0,0,1,1,0,1,3,1,0,1,0,"0000000",20,59,21,3,88,88,0,0,0,1,0
26,260034,3,3,0,0,0,5,5,21,410,26,1,2016,3,18,6,0,2,4,98,6,"EMPIRE AVE","PIPESTONE",13,42.10160556,-86.44065556,0,12,6,0,2,2,0,1,3,1,0,1,0,"0000000",18,8,18,11,99,99,0,0,0,1,0
26,260035,2,2,0,0,0,3,3,103,2480,27,1,2016,4,18,0,1,2,3,98,2,"US-41","LAKESHORE BLVD",385,46.49853056,-87.68291111,0,12,2,0,2,2,0,1,5,4,0,4,0,"0000000",99,99,99,99,99,99,0,0,0,2,1
26,260036,2,2,0,0,0,6,6,125,5210,10,1,2016,1,17,46,0,1,4,98,4,"CR-ORMOND RD","",13,42.67271944,-83.55328611,0,12,2,0,1,1,0,1,2,4,0,4,0,"0000000",99,99,99,99,99,99,0,0,0,1,0
26,260037,2,2,0,0,0,3,3,157,0,30,1,2016,7,18,47,0,1,5,98,4,"CR-ORMES RD","BRAY RD",20,43.32150556,-83.65688611,0,12,6,0,2,2,0,1,3,1,0,1,0,"0000000",18,50,19,2,99,99,0,0,0,1,0
26,260038,2,2,0,0,0,3,3,119,0,30,1,2016,7,23,19,0,1,3,98,3,"SR-52","",127,45.00734722,-84.17725833,0,12,6,0,1,1,0,1,2,10,0,10,0,"0000000",99,99,99,99,99,99,0,0,0,1,1
26,260039,1,1,0,1,1,1,1,163,1260,28,1,2016,5,15,40,1,2,3,98,3,"SR-3 GRATIOT AVE","",61,42.41175833,-82.99303333,0,8,0,0,1,1,0,1,1,10,0,10,0,"0000000",99,99,99,99,99,99,0,0,0,1,0
26,260040,2,2,0,0,0,2,2,49,0,8,1,2016,6,13,10,0,1,7,98,4,"CR-HENDERSON RD","",13,42.98168056,-83.47736389,0,12,6,0,8,1,0,1,1,2,0,2,0,"0000000",99,99,99,99,99,99,22,0,0,1,0
26,260041,2,2,0,0,0,2,2,73,0,14,1,2016,5,6,36,1,2,2,98,2,"US-127","",208,43.81402222,-84.75312778,0,24,0,0,1,1,0,4,2,10,0,10,0,"0000000",6,36,6,45,88,88,14,0,0,1,0
26,260042,2,2,0,0,0,3,3,153,0,29,1,2016,6,19,10,0,1,4,98,3,"SR-94","HAYWIRE GRADE ORV TRAIL",254,46.05756944,-86.260875,0,12,6,0,2,2,0,1,2,1,0,1,0,"0000000",99,99,99,99,88,88,0,0,0,1,0
26,260043,1,1,0,1,1,1,1,99,5110,21,1,2016,5,3,43,0,2,4,98,6,"SCHOENHERR","",7,42.45980278,-82.98604167,0,8,0,0,1,1,0,1,3,1,0,1,0,"0000000",6,43,6,46,99,99,0,0,0,1,0
26,260044,1,1,0,1,1,1,1,81,785,28,1,2016,5,21,20,0,2,4,98,4,"CR-28TH ST","",187,42.91296667,-85.53036389,0,8,0,0,1,1,0,1,3,10,0,10,0,"0000000",99,99,99,99,99,99,0,0,0,1,0