"STATE","ST_CASE","VE_TOTAL","VE_FORMS","PVH_INVL","PEDS","PERNOTMVIT","PERMVIT","PERSONS","COUNTY","CITY","DAY","MONTH","YEAR","DAY_WEEK","HOUR","MINUTE","NHS","RUR_URB","FUNC_SYS","RD_OWNER","ROUTE","TWAY_ID","TWAY_ID2","MILEPT","LATITUDE","LONGITUD","SP_JUR","HARM_EV","MAN_COLL","RELJCT1","RELJCT2","TYP_INT","WRK_ZONE","REL_ROAD","LGT_COND","WEATHER1","WEATHER2","WEATHER","SCH_BUS","RAIL","NOT_HOUR","NOT_MIN","ARR_HOUR","ARR_MIN","HOSP_HR","HOSP_MN","CF1","CF2","CF3","FATALS","DRUNK_DR"
26,260045,1,1,0,0,0,1,1,153,0,22,1,2016,6,13,0,0,6,96,96,4,"CR-FEDERAL RD 2219","",20,46.01516667,-86.48660556,0,42,0,0,1,1,0,4,1,1,0,1,0,"0000000",99,99,99,99,99,99,0,0,0,1,0
26,260046,3,1,2,0,0,1,1,125,3712,25,1,2016,2,16,34,0,1,5,98,4,"CR-INDIANWOOD RD","",34,42.79161667,-83.25534722,0,30,0,0,1,1,0,4,1,10,0,10,0,"0000000",16,36,16,44,99,99,14,0,0,1,1
26,260047,1,1,0,0,0,1,1,21,0,1,2,2016,2,6,33,0,1,5,98,4,"CR-TERRITORIAL RD","",52,42.12658333,-86.364325,0,42,0,0,1,1,0,4,2,1,0,1,0,"0000000",6,34,6,48,88,88,0,0,0,1,0
26,260048,2,2,0,0,0,2,2,81,2010,1,2,2016,2,14,35,0,2,4,98,6,"MICHIGAN ST NE","BRIAR LANE NE",51,42.96994722,-85.61975556,0,12,6,0,2,3,0,1,1,10,0,10,0,"0000000",14,38,14,42,99,99,0,0,0,1,0
26,260049,1,1,0,0,0,1,1,121,0,1,2,2016,2,3,8,1,1,2,98,2,"US-31","",146,43.321175,-86.2337,0,1,0,1,19,1,0,3,2,1,0,1,0,"0000000",3,8,3,13,88,88,0,0,0,1,0
26,260050,2,2,0,0,0,4,4,149,0,1,2,2016,2,18,23,1,1,3,98,2,"US-131","M-216",130,42.02741667,-85.63560278,0,12,1,0,3,2,0,1,5,1,0,1,0,"0000000",18,26,18,33,99,99,0,0,0,1,0
26,260051,1,1,0,0,0,2,2,163,1260,2,2,2016,3,21,30,0,2,4,98,6,"S NEVADA ST","",26,42.42598611,-83.05907778,0,42,0,0,1,1,0,4,3,2,0,2,0,"0000000",99,99,99,99,99,99,0,0,0,2,0
26,260052,2,2,0,0,0,4,4,121,0,4,2,2016,5,7,23,0,1,4,98,4,"CR-HEIGHTS RAVENNA","",49,43.19091667,-86.08170556,0,12,6,0,1,1,0,1,4,4,0,4,0,"0000000",99,99,99,99,99,99,0,0,0,2,0
26,260053,2,2,0,0,0,3,3,163,1260,3,2,2016,4,2,0,1,2,1,1,1,"I-75","",62,42.40816389,-83.07910833,0,12,2,1,18,1,0,1,3,10,0,10,0,"0000000",99,99,99,99,99,99,20,0,0,1,1
26,260054,1,1,0,0,0,1,1,93,0,5,2,2016,6,22,14,0,1,5,98,4,"CR-UNADILLA RD","",1,42.43136389,-84.05803333,0,1,0,0,1,1,0,4,2,10,0,10,0,"0000000",99,99,99,99,88,88,0,0,0,1,1
26,260055,1,1,0,0,0,1,1,149,0,3,2,2016,4,20,46,0,1,6,98,4,"CR-FARRAND RD","",19,41.92075556,-85.34600833,0,42,0,0,1,1,0,4,2,2,0,2,0,"0000000",99,99,99,99,88,88,0,0,0,1,1
26,260056,1,1,0,0,0,4,4,69,0,6,2,2016,7,17,47,0,1,5,98,4,"CR-OLD STATE RD","",69,44.31336944,-83.74436111,0,1,0,0,1,1,0,4,2,10,0,10,0,"0000000",99,99,99,99,99,99,0,0,0,1,1
26,260057,1,1,0,0,0,2,2,115,2723,6,2,2016,7,13,30,0,1,7,98,4,"CR-LAVIGNE RD","",5,41.85396111,-83.40023333,0,42,0,0,1,1,0,4,1,1,0,1,0,"0000000",13,37,13,45,99,99,22,0,0,1,1
26,260058,1,1,0,0,0,3,3,163,1260,4,2,2016,5,23,20,0,2,3,98,3,"SR-10 W JEFFERSON AVE","",126,42.32830833,-83.04557778,0,33,0,0,1,1,0,4,2,1,0,1,0,"0000000",99,99,99,99,99,99,0,0,0,1,1
26,260059,2,2,0,0,0,6,6,151,0,4,2,2016,5,19,17,0,1,3,98,3,"SR-53 VAN DYKE RD","",262,43.66281389,-83.09826389,0,12,2,0,1,1,0,1,2,4,0,4,0,"0000000",99,99,99,99,99,99,0,0,0,1,0
26,260060,3,3,0,0,0,4,4,55,4880,9,2,2016,3,18,28,0,2,4,98,6,"S GARFIELD AVE","",131,44.74055833,-85.595375,0,12,6,0,1,1,0,1,2,4,0,4,0,"0000000",16,28,16,32,99,99,0,0,0,1,0
26,260061,2,2,0,0,0,3,3,145,0,9,2,2016,3,16,43,0,1,5,98,4,"CR-MACKINAW RD","",70,43.507125,-83.99394167,0,12,6,0,1,1,0,1,1,4,0,4,0,"0000000",99,99,99,99,88,88,0,0,0,2,0
26,260062,1,1,0,0,0,1,1,3,0,11,2,2016,5,11,52,0,1,7,98,4,"CR-AIRPORT RD","",26,46.64999722,-85.98373056,0,1,0,0,1,1,0,1,1,4,0,4,0,"0000000",99,99,99,99,88,88,0,0,0,1,0
26,260063,2,2,0,0,0,3,3,49,195,9,2,2016,3,4,37,1,2,3,98,3,"SR-15 STATE RD","",17,42.89692778,-83.490325,0,12,2,0,1,1,0,1,2,4,0,4,0,"0000000",99,99,99,99,99,99,0,0,0,1,0
26,260064,3,3,0,0,0,5,5,121,0,7,2,2016,1,12,26,0,2,4,98,4,"CR-AIRLINE RD","STERNBERG RD",32,43.15395833,-86.17680278,0,12,6,0,2,2,0,1,1,10,0,10,0,"0000000",99,99,99,99,99,99,0,0,0,1,0
26,260065,1,1,0,0,0,1,1,163,1260,6,2,2016,7,12,30,1,2,3,98,6,"LIVERNOIS AVE","",43,42.35577222,-83.13826944,0,19,0,0,1,1,0,4,1,1,0,1,0,"0000000",99,99,99,99,99,99,0,0,0,1,0
26,260066,2,2,0,0,0,2,2,65,2700,4,2,2016,5,18,46,0,2,4,98,6,"CEDAR ST","AMERICAN RD",1,42.66205278,-84.539075,0,12,6,0,2,7,0,1,5,1,0,1,0,"0000000",18,46,18,50,99,99,0,0,0,1,0
26,260067,1,1,0,0,0,1,1,153,0,15,2,2016,2,11,15,1,1,3,98,2,"US-2","",167,46.04369444,-85.97078056,0,42,0,0,1,1,0,5,6,99,0,99,0,"0000000",99,99,99,99,88,88,0,0,0,1,1
26,260068,1,1,0,0,0,1,1,159,0,12,2,2016,6,18,5,0,1,7,98,4,"CR-BASELINE RD","",43,42.41898611,-86.16899167,0,42,0,0,1,1,0,4,5,4,0,4,0,"0000000",18,8,18,17,99,99,0,0,0,1,0
26,260069,1,1,0,0,0,1,1,147,3150,17,2,2016,4,11,37,0,1,5,98,6,"BELLE RIVER RD","",71,42.90186111,-82.77506111,0,42,0,0,1,1,0,5,1,1,0,1,0,"0000000",11,37,11,45,99,99,0,0,0,1,0
26,260070,2,2,0,0,0,4,4,99,5110,1,2,2016,2,3,56,0,2,5,98,6,"TOEPFER AVE","DEXTER CT",13,42.45706389,-82.97303889,0,12,6,0,2,2,0,1,3,1,0,1,0,"0000000",99,99,99,99,99,99,0,0,0,1,1
26,260071,2,2,0,0,0,2,2,21,448,11,2,2016,5,6,47,0,1,4,98,2,"US-12","",156,41.79410556,-86.42000556,0,12,6,0,1,1,0,1,2,10,0,10,0,"0000000",6,49,7,11,99,99,0,0,0,1,0
26,260072,2,2,0,0,0,2,2,67,0,10,2,2016,4,6,25,0,1,4,98,3,"SR-66","",90,42.90132222,-85.07493889,0,12,2,0,1,1,0,1,2,4,0,4,0,"0000000",99,99,99,99,99,99,0,0,0,1,0
26,260073,2,2,0,0,0,6,6,129,0,12,2,2016,6,21,44,0,1,4,98,3,"SR-55","",29,44.27721944,-84.16546667,0,12,6,0,1,1,0,1,2,4,0,4,0,"0000000",21,45,21,58,99,99,0,0,0,2,1
26,260074,2,2,0,0,0,2,2,163,4815,20,2,2016,7,3,33,0,2,4,98,6,"PENNSYLVANIA RD","",91,42.18407222,-83.23835556,0,12,1,0,8,1,0,1,2,1,0,1,0,"0000000",99,99,99,99,99,99,0,0,0,1,1
26,260075,1,1,0,0,0,2,2,139,0,20,2,2016,7,23,4,0,1,7,98,4,"CR-24TH AVE","",66,43.12713333,-85.84889444,0,1,0,0,1,1,0,4,2,1,0,1,0,"0000000",23,4,23,16,99,99,0,0,0,1,0
26,260076,1,1,0,1,1,1,1,115,0,9,2,2016,3,18,20,0,2,5,98,4,"CR-SECOR RD","",37,41.78170833,-83.62704722,0,8,0,0,1,1,0,1,2,10,0,10,0,"0000000",18,29,18,37,99,99,0,0,0,1,0
26,260077,1,1,0,0,0,2,2,21,0,13,2,2016,7,2,30,0,2,7,98,4,"CR-BOND ST","",24,41.80575833,-86.26220278,0,1,0,0,1,1,0,4,2,4,0,4,0,"0000000",8,37,8,41,88,88,18,22,0,2,1
26,260079,1,1,0,0,0,1,1,163,4295,11,2,2016,5,12,5,1,2,1,1,1,"I-94","",114,42.24263889,-83.32615833,0,30,0,0,1,1,0,4,1,1,0,1,0,"0000000",12,5,12,7,99,99,0,0,0,1,0
26,260080,1,1,0,0,0,1,1,81,0,16,2,2016,3,14,20,0,2,5,98,4,"CR-10 MILE RD","",19,43.11917222,-85.52215556,0,30,0,0,1,1,0,4,1,10,0,10,0,"0000000",99,98,99,98,88,88,0,0,0,1,0
26,260081,2,2,0,0,0,4,4,81,0,21,2,2016,1,17,35,0,1,7,98,4,"CR-SHANER AVE NE","15 MILE RD NE",30,43.19018056,-85.51053056,0,12,6,0,2,2,0,1,1,1,0,1,0,"0000000",99,99,99,99,99,99,0,0,0,1,0
26,260082,1,1,0,1,1,3,3,49,0,7,2,2016,1,20,0,1,2,3,98,4,"CR-SAGINAW RD","",162,43.08344722,-83.69414167,0,8,0,0,1,1,0,1,3,1,0,1,0,"0000000",99,99,99,99,88,88,0,0,0,1,1
26,260083,2,2,0,0,0,5,5,163,1260,20,2,2016,7,22,0,0,2,7,98,6,"PHILIP ST","WAVENEY ST",23,42.39103611,-82.95356111,0,12,6,0,2,2,0,1,3,1,0,1,0,"0000000",99,99,99,99,99,99,0,0,0,1,0
26,260084,2,2,0,0,0,6,6,139,0,20,2,2016,7,11,23,0,2,7,98,4,"CR-QUINCY ST","152ND AVE",25,42.84110556,-86.15807778,0,12,6,0,2,2,0,1,1,1,0,1,0,"0000000",11,26,11,29,99,99,22,0,0,3,0
26,260085,1,1,0,1,1,1,1,161,0,16,2,2016,3,23,0,1,2,2,98,2,"US-23","",119,42.25100278,-83.683875,0,8,0,1,18,1,0,1,2,10,0,10,0,"0000000",99,99,99,99,88,88,0,0,0,1,0
26,260086,3,3,0,0,0,10,10,25,0,24,2,2016,4,14,35,0,2,4,98,3,"SR-66","",122,42.24144722,-85.18797222,0,12,6,0,1,1,0,1,1,4,0,4,0,"0000000",99,99,99,99,99,99,0,0,0,1,0
26,260087,1,1,0,0,0,1,1,103,4447,22,2,2016,2,14,30,0,1,7,98,4,"CR-NND","",32,46.36948889,-87.43116667,0,42,0,0,1,1,0,4,1,4,0,4,0,"0000000",14,35,14,50,99,99,22,0,0,1,0
26,260088,1,1,0,0,0,1,1,65,0,23,2,2016,3,12,45,0,1,7,98,4,"CR-SERVICE RD","",18,42.54961667,-84.44385278,0,23,0,0,1,1,0,4,1,1,0,1,0,"0000000",12,45,12,53,88,88,22,0,0,1,0
26,260089,1,1,0,1,1,1,1,163,1260,23,2,2016,3,22,30,1,2,3,98,6,"DAVISON","",64,42.42148056,-83.04586944,0,8,0,0,1,1,0,1,3,1,0,1,0,"0000000",99,99,99,99,88,88,0,0,0,1,0
26,260090,2,2,0,0,0,3,3,161,0,24,2,2016,4,18,7,1,2,1,1,1,"I-94","",279,42.22411944,-83.64186389,0,25,0,0,1,1,0,3,5,10,0,10,0,"0000000",99,99,99,99,99,99,0,0,0,2,0
26,260091,2,2,0,0,0,3,3,99,1810,6,2,2016,7,8,52,1,2,3,98,3,"SR-13","",73,42.54146667,-82.93337778,0,12,2,0,1,1,0,1,1,1,0,1,0,"0000000",99,99,99,99,99,99,0,0,0,2,0
26,260092,2,2,0,0,0,3,3,163,1260,20,2,2016,7,2,30,0,2,5,98,6,"FRENCH RD","SHOEMAKER ST",10,42.38941389,-82.99382778,0,12,6,0,2,2,0,1,2,1,0,1,0,"0000000",99,99,99,99,99,99,0,0,0,1,0
26,260093,1,1,0,0,0,1,1,163,1260,14,2,2016,1,5,35,1,2,3,98,6,"OUTER DR","MCNICHOLS RD",45,42.42020556,-83.01368611,0,42,0,0,1,1,0,4,3,1,0,1,0,"0000000",99,99,99,99,99,99,0,0,0,1,1
26,260094,1,1,0,0,0,1,1,163,1260,28,2,2016,1,9,0,0,2,7,98,6,"16TH ST","W EDSEL FORD SERVICE DR",0,42.35303889,-83.09141944,0,33,0,0,3,3,0,4,1,1,0,1,0,"0000000",99,99,99,99,99,99,0,0,0,1,0
26,260095,2,2,0,0,0,3,3,77,2520,15,2,2016,2,8,38,0,2,4,98,6,"PARKVIEW AVE","",16,42.25989444,-85.64468889,0,12,2,0,1,1,0,1,1,10,0,10,0,"0000000",99,99,99,99,99,99,0,0,0,1,0
26,260096,1,1,0,1,1,1,1,125,0,29,2,2016,2,22,0,0,2,5,98,4,"CR-DRAHNER RD","",41,42.81035,-83.25565,0,8,0,0,1,1,0,1,2,10,0,10,0,"0000000",4,19,4,24,88,88,18,0,0,1,0
26,260097,2,2,0,0,0,5,5,163,4815,27,2,2016,7,19,2,0,2,7,98,6,"HAROLD AVE","JOAN AVE",1,42.26372778,-83.29430278,0,12,6,0,2,2,0,1,5,1,0,1,0,"0000000",19,2,19,10,99,99,0,0,0,1,0
26,260098,1,1,0,1,1,1,1,99,5110,27,2,2016,7,9,6,1,2,3,98,3,"SR-53 E VAN DYKE RD","",61,42.5361,-83.02930556,0,8,0,0,1,1,0,1,1,1,0,1,0,"0000000",9,7,9,10,99,99,0,0,0,1,0
26,260099,1,1,0,0,0,1,1,65,0,29,2,2016,2,11,25,1,2,1,1,1,"I-96","",93,42.677975,-84.4231,0,42,0,0,1,1,0,4,1,1,0,1,0,"0000000",99,99,99,99,88,88,0,0,0,1,0
26,260100,1,1,0,0,0,1,1,49,1740,22,2,2016,2,14,17,0,2,4,98,6,"MAIN ST","",16,43.06386389,-83.83259722,0,1,0,0,1,1,0,4,1,1,0,1,0,"0000000",99,99,99,99,88,88,0,0,0,1,0
26,260102,1,1,0,0,0,4,4,163,1210,21,2,2016,1,20,29,1,2,3,98,3,"SR-153 FORD RD","",150,42.32700833,-83.25318056,0,59,0,0,1,1,0,4,3,1,0,1,0,"0000000",99,99,99,99,99,99,0,0,0,1,0
26,260103,1,1,0,1,1,1,1,161,0,11,1,2016,2,18,28,1,2,1,1,1,"I-94","",206,42.25012222,-83.76925833,0,8,0,0,1,1,0,1,2,4,0,4,0,"0000000",99,99,99,99,88,88,0,0,0,1,0
26,260104,1,1,0,1,1,1,1,125,4567,23,2,2016,3,2,53,1,2,3,98,3,"SR-102 W 8 MILE RD","",44,42.44415833,-83.23570278,0,8,0,0,1,1,0,1,3,1,0,1,0,"0000000",99,99,99,99,88,88,0,0,0,1,0
26,260105,2,2,0,0,0,3,3,163,633,17,2,2016,4,19,10,1,2,3,98,2,"US-24 TELEGRAPH RD","LILLIAN DR",41,42.14896111,-83.26624167,0,12,6,0,2,3,0,1,3,1,0,1,0,"0000000",99,99,99,99,99,99,0,0,0,1,0
26,260106,1,1,0,0,0,1,1,77,4030,12,2,2016,6,20,29,0,2,7,98,6,"KINGSTON AVE","GARDEN LN",8,42.20990833,-85.58351667,0,42,0,0,3,3,0,4,2,4,0,4,0,"0000000",20,29,20,33,88,88,0,0,0,1,0
26,260107,1,1,0,0,0,1,1,79,0,3,1,2016,1,8,56,0,1,7,98,4,"CR-ELK LN","",8,44.84753889,-84.99546667,0,42,0,0,1,1,0,4,1,4,0,4,0,"0000000",8,56,9,11,88,88,0,0,0,1,0
26,260108,1,1,0,0,0,1,1,79,0,15,1,2016,6,19,48,0,1,6,98,4,"CR-SUNSET RD","",49,44.61430833,-84.99065278,0,42,0,0,1,1,0,4,2,2,0,2,0,"0000000",19,48,20,17,88,88,0,0,0,1,1
26,260109,7,7,0,0,0,11,11,163,2850,4,1,2016,2,15,37,0,2,4,98,6,"FIVE MILE RD","",35,42.39664444,-83.40257222,0,12,2,0,1,1,0,1,1,10,0,10,0,"0000000",15,41,15,45,99,99,0,0,0,3,0
26,260111,2,2,0,0,0,3,3,79,0,6,1,2016,4,11,45,1,1,3,98,2,"US-31/M-72 N CEDAR ST","COUNTY RD 612",131,44.74279444,-85.17443611,0,12,6,0,2,2,0,1,1,1,0,1,0,"0000000",99,99,99,99,99,99,0,0,0,1,0
26,260112,1,1,0,1,1,2,2,17,0,22,1,2016,6,19,55,1,2,3,98,3,"SR-43 WESTSIDE SAGINAW RD","",32,43.56350556,-83.94273056,0,8,0,0,1,1,0,1,3,1,0,1,0,"0000000",19,58,20,5,99,99,0,0,0,1,0
26,260113,2,2,0,0,0,3,3,81,5319,1,2,2016,2,11,42,1,2,3,98,6,"DIVISION AVE","FREEDOM ST",98,42.90148889,-85.66545,0,12,6,0,2,3,0,1,1,10,0,10,0,"0000000",11,42,11,46,88,88,0,0,0,1,0
26,260114,3,3,0,0,0,3,3,99,2181,20,2,2016,7,3,49,1,2,1,1,1,"I-94","",101,42.56779167,-82.85856667,0,12,1,1,17,1,0,1,2,1,0,1,0,"0000000",99,99,99,99,99,99,14,0,0,1,2
26,260115,1,1,0,0,0,1,1,3,0,13,1,2016,4,16,58,0,1,4,98,4,"CR-FFHY H-13","",43,46.2127,-86.61778333,0,1,0,0,1,1,0,4,1,10,0,10,0,"0000000",16,58,17,10,88,88,0,0,0,1,0
26,260116,2,2,0,1,1,3,3,93,0,28,1,2016,5,6,57,0,2,5,98,4,"CR-WHITE LAKE RD","",23,42.76174722,-83.721775,0,8,0,0,1,1,0,1,2,10,0,10,0,"0000000",99,99,99,99,88,88,0,0,0,1,0
26,260117,2,2,0,1,1,3,3,99,5110,3,2,2016,4,20,24,1,2,3,98,6,"DEQUINDRE RD","",32,42.49276389,-83.08517222,0,8,0,0,1,1,0,1,3,1,0,1,0,"0000000",99,99,99,99,88,88,14,0,0,1,0
26,260118,3,1,2,2,2,1,1,165,0,8,2,2016,2,17,0,1,2,2,98,2,"US-131 RAMP 001A","",4,44.203175,-85.41086389,0,45,0,1,5,1,3,4,1,10,0,10,0,"0000000",99,99,99,99,99,99,3,0,0,1,0
26,260119,2,2,0,0,0,3,3,33,0,16,2,2016,3,16,50,0,1,7,98,4,"CR-PLANTATION RD","",45,46.43296111,-84.68481667,0,35,0,0,1,1,0,4,1,1,0,1,0,"0000000",99,99,99,99,88,88,14,22,0,1,0
26,260121,1,1,0,0,0,3,3,99,2761,25,2,2016,5,16,17,0,1,4,98,4,"CR-32 MILE RD","",152,42.80815556,-82.80079167,0,30,0,0,1,1,0,4,1,1,0,1,0,"0000000",99,99,99,99,99,99,0,0,0,1,0
26,260122,2,2,0,0,0,2,2,145,0,8,1,2016,6,17,57,1,2,3,98,3,"SR-46 GRATIOT RD","GRAHAM RD",121,43.41636111,-84.13078889,0,12,6,0,2,2,0,1,3,2,0,2,0,"0000000",99,99,99,99,99,99,0,0,0,1,0
26,260123,3,3,0,0,0,4,4,81,0,1,3,2016,3,16,12,0,2,4,98,4,"CR-NORTHLAND DR NE","",123,43.19291111,-85.55108889,0,12,2,0,1,1,0,1,1,4,0,4,0,"0000000",99,99,99,99,88,88,0,0,0,2,0
26,260124,2,2,0,0,0,7,7,147,0,6,3,2016,1,17,59,1,2,2,98,3,"SR-BUSINESS LOOP I-69","",268,42.975725,-82.47941111,0,12,2,0,1,1,0,1,5,10,0,10,0,"0000000",17,58,18,4,99,99,0,0,0,2,0
26,260125,1,1,0,0,0,1,1,45,0,3,3,2016,5,17,30,1,1,1,1,1,"I-69","",52,42.47107222,-84.89375278,0,1,0,0,1,1,0,3,1,4,0,4,0,"0000000",99,99,99,99,99,99,0,0,0,1,0
26,260126,1,1,0,1,1,1,1,77,0,4,3,2016,6,13,5,1,2,3,98,3,"SR-43 GULL RD","BROOK DR",18,42.31204722,-85.54585833,0,8,0,0,3,2,0,1,1,10,0,10,0,"0000000",99,99,99,99,99,99,0,0,0,1,0
26,260127,1,1,0,0,0,1,1,45,0,4,3,2016,6,10,33,0,1,7,98,4,"CR-E SPICERVILLE HWY","",32,42.49426944,-84.80095,0,42,0,0,1,1,0,4,1,1,0,1,0,"0000000",10,33,10,42,88,88,0,0,0,1,0
26,260128,1,1,0,1,1,1,1,27,0,4,3,2016,6,15,44,0,1,4,98,4,"CR-POKAGON HWY","",2,41.91269444,-86.17530556,0,10,0,0,6,1,0,1,1,10,0,10,0,"9999999",99,99,99,99,88,88,0,0,0,1,0
26,260129,1,1,0,1,1,1,1,49,686,10,3,2016,5,23,23,0,2,4,98,6,"LAPEER RD","",52,43.01127778,-83.58084722,0,8,0,0,1,1,0,1,3,1,0,1,0,"0000000",99,99,99,99,88,88,0,0,0,1,0
26,260130,1,1,0,0,0,1,1,91,0,8,3,2016,3,8,23,1,1,3,98,2,"US-127","",94,41.84348056,-84.36166667,0,42,0,0,1,1,0,4,1,1,0,1,0,"0000000",8,22,8,27,99,99,0,0,0,1,0
26,260131,2,2,0,0,0,3,3,81,2553,4,3,2016,6,22,25,0,2,4,98,6,"EAST PARIS AVE","60TH ST",10,42.85454167,-85.56556944,0,12,6,0,2,2,0,1,3,4,0,4,0,"0000000",99,99,99,99,99,99,0,0,0,1,0
26,260132,2,2,0,0,0,6,6,99,1810,12,3,2016,7,1,39,1,2,3,98,3,"SR-97 GROESBECK HWY","E 14 MILE RD",71,42.53908889,-82.93517778,0,12,1,0,3,2,0,1,3,1,0,1,0,"0000000",99,99,99,99,99,99,0,0,0,1,1
26,260133,2,2,0,0,0,3,3,81,2010,14,3,2016,2,22,45,1,2,3,98,6,"PEARL ST NW","MT VERNON AVE NW",1,42.96661944,-85.67915833,0,12,6,0,2,2,0,1,3,1,0,1,0,"0000000",22,51,22,54,88,88,0,0,0,2,1
26,260134,1,1,0,0,0,2,2,33,0,10,3,2016,5,12,50,0,2,5,98,4,"CR-RIVERSIDE DR","",168,46.45736944,-84.2855,0,1,0,0,1,1,0,4,1,1,0,1,0,"0000000",12,50,13,0,99,99,0,0,0,1,0
26,260135,1,1,0,0,0,1,1,63,0,11,3,2016,6,17,10,0,1,5,98,4,"CR-FILION RD","",271,43.90164722,-82.78886389,0,1,0,0,1,1,0,4,1,1,0,1,0,"0000000",17,13,17,37,88,88,0,0,0,1,1
26,260136,3,3,0,2,2,2,2,163,4815,7,3,2016,2,20,22,1,2,1,1,1,"I-94","",150,42.26485,-83.26547778,0,12,6,1,5,1,0,1,3,1,0,1,0,"0000000",99,99,99,99,99,99,14,23,0,1,1
26,260137,1,1,0,0,0,2,2,163,1260,8,3,2016,3,23,4,1,2,1,1,1,"I-75","",42,42.38332778,-83.06593889,0,59,0,1,19,1,0,4,3,1,0,1,0,"0000000",99,99,99,99,99,99,0,0,0,2,0
26,260138,2,2,0,0,0,3,3,113,0,14,3,2016,2,19,4,0,1,7,98,4,"CR-DICKERSON RD","LOTAN RD",11,44.28112778,-85.25541111,0,12,6,0,2,2,0,1,1,1,0,1,0,"0000000",19,6,19,11,99,99,0,0,0,1,0
26,260139,3,3,0,0,0,4,4,163,2165,17,3,2016,5,23,25,1,2,1,1,1,"I-94","",373,42.43742778,-82.92068889,0,12,2,0,1,1,0,1,3,1,0,1,0,"0000000",23,25,23,30,99,99,0,0,0,1,1
26,260140,2,2,0,0,0,3,3,93,0,11,3,2016,6,13,30,1,2,3,98,3,"SR-59 HIGHLAND RD","HIGHLAND RD TURNAROUND",131,42.63558889,-83.73150278,0,12,6,0,2,2,0,1,1,1,0,1,0,"0000000",99,99,99,99,99,99,0,0,0,1,0
26,260141,1,1,0,1,1,1,1,125,0,18,3,2016,6,20,32,0,2,4,98,4,"CR-UNION LAKE RD","COOLEY LAKE RD",27,42.61721667,-83.4469,0,8,0,0,1,1,0,1,2,10,0,10,0,"0000000",99,99,99,99,99,99,0,0,0,1,0
26,260142,2,2,0,0,0,2,2,155,0,23,3,2016,4,15,50,0,1,4,98,3,"SR-52","",247,43.11711944,-84.16815833,0,12,6,0,1,1,0,1,1,4,0,4,0,"0000000",99,99,99,99,99,99,0,0,0,1,0
26,260143,2,2,0,0,0,4,4,163,1260,12,3,2016,7,13,45,1,2,3,98,6,"CONNER","",40,42.413375,-83.00795278,0,1,0,0,1,1,0,1,1,1,0,1,0,"0000000",99,99,99,99,99,99,0,0,0,1,1
26,260144,1,1,0,1,1,1,1,163,0,22,3,2016,3,23,0,0,1,5,98,4,"CR-WILLOW RD","",23,42.11560278,-83.49453611,0,8,0,0,1,1,0,1,2,10,0,10,0,"0000000",99,99,99,99,88,88,0,0,0,1,0
26,260145,1,1,0,0,0,1,1,77,0,31,3,2016,5,0,0,0,1,4,98,4,"CR-N SPRINKLE RD","",138,42.36916944,-85.52818889,0,35,0,0,1,1,0,4,2,2,0,2,0,"0000000",99,99,0,6,88,88,99,99,99,1,1
26,260146,2,2,0,0,0,3,3,125,1690,30,3,2016,4,11,41,0,2,7,98,6,"PAXTON AVE","ACADEMY AVE",2,42.45769444,-83.12781111,0,12,2,0,2,2,0,1,1,1,0,1,0,"0000000",11,41,11,45,99,99,0,0,0,1,0
26,260147,1,1,0,0,0,2,2,93,0,16,3,2016,4,15,56,0,1,5,98,4,"CR-PINGREE RD","",66,42.56490556,-84.01925278,0,16,0,0,1,1,0,1,1,6,0,6,0,"0000000",15,54,16,4,99,99,22,0,0,1,0
26,260148,1,1,0,0,0,2,2,125,4020,5,3,2016,7,2,5,0,2,7,98,6,"COLUMBIA AVE","",4,42.67018333,-83.30849722,0,42,0,0,1,1,0,4,3,4,0,4,0,"0000000",99,99,99,99,88,88,0,0,0,2,0
26,260149,3,3,0,0,0,4,4,27,0,17,3,2016,5,20,21,0,2,4,98,3,"SR-62","REDFIELD ST",5,41.76726667,-86.08841667,0,12,6,0,2,2,0,1,3,10,0,10,0,"0000000",20,23,20,28,99,99,0,0,0,1,0
26,260150,1,1,0,1,1,1,1,163,1260,1,1,2016,6,1,50,0,2,4,98,6,"SPRINGWELLS BLVD","",3,42.30791389,-83.12467222,0,8,0,0,1,1,0,1,3,1,0,1,0,"0000000",99,99,99,99,99,99,99,99,99,1,0
26,260151,2,2,0,0,0,3,3,127,0,19,3,2016,7,16,35,0,1,5,98,3,"SR-OCEANA DR","US-31 RAMP 006B",10,43.81570278,-86.39528333,0,12,6,1,2,3,0,1,1,1,0,1,0,"0000000",99,99,99,99,99,99,0,0,0,1,0
26,260152,1,1,0,0,0,3,3,51,0,19,3,2016,7,2,15,0,1,5,98,4,"CR-N HOCKADAY RD","",89,43.98587222,-84.4265,0,1,0,0,1,1,0,1,2,1,0,1,0,"0000000",2,34,2,42,99,99,0,0,0,1,1
26,260153,1,1,0,0,0,2,2,49,0,15,3,2016,3,22,19,0,1,4,98,4,"CR-SILVER LAKE RD","",21,42.81142222,-83.89293056,0,1,0,0,1,1,0,4,2,1,0,1,0,"0000000",22,19,22,35,99,99,0,0,0,1,1