"STATE","ST_CASE","VE_TOTAL","VE_FORMS","PVH_INVL","PEDS","PERNOTMVIT","PERMVIT","PERSONS","COUNTY","CITY","DAY","MONTH","YEAR","DAY_WEEK","HOUR","MINUTE","NHS","RUR_URB","FUNC_SYS","RD_OWNER","ROUTE","TWAY_ID","TWAY_ID2","MILEPT","LATITUDE","LONGITUD","SP_JUR","HARM_EV","MAN_COLL","RELJCT1","RELJCT2","TYP_INT","WRK_ZONE","REL_ROAD","LGT_COND","WEATHER1","WEATHER2","WEATHER","SCH_BUS","RAIL","NOT_HOUR","NOT_MIN","ARR_HOUR","ARR_MIN","HOSP_HR","HOSP_MN","CF1","CF2","CF3","FATALS","DRUNK_DR"
26,260154,2,2,0,0,0,2,2,5,0,22,3,2016,3,8,58,0,1,4,98,3,"SR-40","102 AVE",10,42.43466667,-85.86611667,0,12,6,0,2,2,0,1,1,1,0,1,0,"0000000",8,58,9,5,88,88,99,99,99,1,0
26,260155,1,1,0,1,1,1,1,163,1260,31,3,2016,5,8,55,0,1,4,98,6,"MEYERS RD","PURITAN ST",35,42.40953056,-83.16979722,0,8,0,0,3,2,0,1,3,2,0,2,0,"0000000",99,99,99,99,99,99,0,0,0,1,0
26,260156,2,2,0,0,0,5,5,121,3450,28,3,2016,2,15,35,0,2,7,98,6,"4TH ST","STRONG AVE",1,43.22844722,-86.24780278,0,12,6,0,2,2,0,1,1,99,0,99,0,"0000000",99,99,99,99,99,99,0,0,0,1,0
26,260157,2,2,0,0,0,4,4,145,0,12,2,2016,6,16,58,0,1,4,98,3,"SR-EAST RD","",39,43.32351111,-83.95370556,0,12,6,0,1,1,0,1,1,4,0,4,0,"0000000",99,99,99,99,99,99,0,0,0,1,0
26,260159,2,1,1,0,1,2,3,163,5279,31,3,2016,5,0,45,1,2,1,1,1,"I-75","",40,42.12447778,-83.24140833,0,14,0,0,1,1,0,3,2,2,0,2,0,"0000000",0,45,0,48,99,99,0,0,0,1,1
26,260160,4,4,0,0,0,10,10,49,1731,1,4,2016,6,15,23,0,2,4,98,4,"CR-S DYE RD","W COURT ST",26,43.00623611,-83.78275,0,12,6,0,2,2,0,1,1,1,0,1,0,"0000000",99,99,99,99,99,99,0,0,0,1,2
26,260161,1,1,0,0,0,1,1,23,0,29,1,2016,6,13,22,0,1,4,98,4,"CR-UNION CITY RD","",122,42.064,-85.12140556,0,42,0,0,1,1,0,4,1,10,0,10,0,"0000000",99,99,99,99,88,88,0,0,0,1,1
26,260162,1,1,0,0,0,1,1,49,1730,30,3,2016,4,20,44,1,2,3,98,6,"5TH AVE","",11,43.02368889,-83.68786111,0,3,0,0,1,1,0,4,3,2,0,2,0,"0000000",20,46,20,49,88,88,0,0,0,1,1
26,260163,2,2,0,0,0,3,3,125,1652,2,4,2016,7,21,26,0,1,4,98,4,"CR-EIGHT MILE RD","TUCK RD",122,42.44136389,-83.34603333,0,12,6,0,2,2,0,1,2,2,0,2,0,"0000000",21,29,21,34,99,99,0,0,0,1,1
26,260164,1,1,0,0,0,1,1,77,0,17,3,2016,5,20,40,0,1,5,98,4,"CR-27TH ST","SR-89 RICHPLAIN RD",18,42.40257222,-85.50437778,0,42,0,0,3,3,0,4,2,10,0,10,0,"0000000",12,14,12,20,88,88,18,22,0,1,0
26,260165,1,1,0,0,0,1,1,99,4380,9,3,2016,4,15,6,0,6,96,96,6,"SHORE CLUB","",4,42.46236389,-82.87680556,0,1,0,0,1,1,0,4,9,99,0,99,0,"0000000",99,99,99,99,88,88,0,0,0,1,0
26,260166,1,1,0,0,0,5,5,163,1260,2,4,2016,7,1,10,1,2,1,1,1,"I-94","",305,42.38391944,-83.02901389,0,1,0,0,1,1,0,4,3,2,0,2,0,"0000000",99,99,99,99,99,99,0,0,0,3,0
26,260167,2,2,0,0,0,2,2,81,5089,1,4,2016,6,8,2,1,2,3,98,3,"SR-11","",58,42.92559722,-85.77357222,0,12,2,0,1,1,0,1,1,10,0,10,0,"0000000",8,2,99,99,99,99,0,0,0,1,0
26,260168,1,1,0,0,0,4,4,77,0,1,4,2016,6,16,33,1,2,3,98,3,"SR-131 BL","",4,42.31467778,-85.58923056,0,1,0,0,1,1,0,3,1,1,0,1,0,"0000000",99,99,99,99,99,99,0,0,0,1,1
26,260169,2,2,0,0,0,3,3,163,1260,1,4,2016,6,19,5,0,2,7,98,6,"INDIANA AVE","CURTIS",15,42.42418056,-83.15850278,0,12,6,0,2,2,0,1,1,1,0,1,0,"0000000",99,99,99,99,99,99,0,0,0,1,0
26,260170,3,1,2,0,2,1,3,125,4567,5,4,2016,3,22,41,1,2,1,1,1,"I-696","",127,42.48524167,-83.20842778,0,45,0,0,1,1,2,3,3,1,0,1,0,"0000000",99,99,99,99,88,88,0,0,0,1,0
26,260171,2,2,0,0,0,2,2,59,0,8,4,2016,6,14,41,0,1,5,98,4,"CR-LITCHFIELD RD","",13,42.04384167,-84.80119167,0,12,1,0,1,1,0,1,1,4,0,4,0,"0000000",14,46,14,58,99,99,0,0,0,1,0
26,260172,2,2,0,0,0,2,2,145,0,1,4,2016,6,0,2,0,1,5,98,4,"CR-DIXIE HWY","",49,43.28440278,-83.79516667,0,12,2,0,1,1,0,1,2,2,0,2,0,"0000000",99,99,99,99,99,99,0,0,0,1,0
26,260173,1,1,0,0,0,2,2,157,0,10,4,2016,1,13,38,0,1,6,98,4,"CR-MILLINGTON RD","",52,43.28086389,-83.59243889,0,34,0,0,1,1,0,4,1,4,0,4,0,"0000000",13,42,13,57,99,99,0,0,0,1,0
26,260174,6,2,4,0,0,5,5,163,1260,7,4,2016,5,22,30,0,2,7,98,6,"MANDERSON RD","WHITMORE RD",2,42.42064722,-83.11695556,0,12,6,0,2,2,0,1,2,2,0,2,0,"0000000",99,99,99,99,99,99,14,0,0,1,0
26,260175,4,2,2,0,0,2,2,77,0,3,4,2016,1,5,55,0,2,4,98,4,"CR-MOSEL","BURDICK",23,42.31799444,-85.583775,0,12,7,0,3,2,0,1,3,10,0,10,0,"0000000",99,99,99,99,88,88,0,0,0,1,0
26,260176,2,2,0,0,0,2,2,81,0,8,4,2016,6,11,39,0,1,4,98,3,"SR-44 BELDING RD","",2,43.08328056,-85.41595,0,12,2,0,1,1,0,1,1,10,0,10,0,"0000000",99,99,99,99,88,88,0,0,0,1,0
26,260177,2,2,0,0,0,2,2,101,0,4,4,2016,2,11,38,1,1,3,98,2,"US-31","",10,44.19007222,-86.30536944,0,12,2,0,1,1,0,1,1,10,0,10,0,"0000000",99,99,99,99,88,88,0,0,0,1,0
26,260178,1,1,0,0,0,1,1,113,0,10,4,2016,1,21,41,0,1,5,98,4,"CR-W JENNINGS RD","",8,44.31011667,-85.28066389,0,59,0,0,1,1,0,4,2,3,0,3,0,"0000000",21,45,21,52,88,88,0,0,0,1,1
26,260179,1,1,0,0,0,5,5,81,131,10,4,2016,1,3,42,0,2,7,98,4,"CR-VINTON AVE NW","",26,43.10243056,-85.68006667,0,42,0,0,1,1,0,6,2,1,0,1,0,"0000000",3,45,3,54,99,99,0,0,0,1,0
26,260180,2,2,0,0,0,2,2,91,20,2,4,2016,7,22,40,1,2,3,98,2,"US-223","",191,41.89208333,-84.06282222,0,12,6,0,1,1,0,1,2,4,0,4,0,"0000000",99,99,99,99,99,99,0,0,0,1,0
26,260181,2,2,0,0,0,2,2,163,1212,2,4,2016,7,6,2,1,2,3,98,6,"E WARREN","TELEGRAPH RD",144,42.34141111,-83.27356111,0,12,6,0,2,2,0,1,3,1,0,1,0,"0000000",6,2,6,9,99,99,0,0,0,1,1
26,260182,1,1,0,1,1,3,3,161,0,11,4,2016,2,20,54,0,2,4,98,4,"CR-S HEWITT RD","",2,42.23098611,-83.64425556,0,8,0,0,1,1,0,1,2,1,0,1,0,"0000000",20,55,20,55,99,99,0,0,0,1,0
26,260183,1,1,0,0,0,1,1,21,448,8,4,2016,6,14,40,0,1,7,98,4,"CR-BRIAR RD","",1,41.78400556,-86.30229722,0,42,0,0,1,1,0,4,1,10,0,10,0,"0000000",14,40,14,50,88,88,22,0,0,1,0
26,260184,1,1,0,0,0,1,1,163,0,10,4,2016,1,2,5,0,1,4,98,4,"CR-ANN ARBOR TRL","",34,42.36634722,-83.45415556,0,42,0,0,1,1,0,4,3,1,0,1,0,"0000000",2,8,2,13,88,88,0,0,0,1,1
26,260185,1,1,0,0,0,1,1,77,4030,9,4,2016,7,9,31,1,2,2,98,2,"US-131","",45,42.18514722,-85.64652222,0,1,0,0,1,1,0,4,1,1,0,1,0,"0000000",9,31,9,39,99,99,99,99,99,1,0
26,260186,1,1,0,2,2,1,1,99,1009,13,4,2016,4,5,49,1,2,3,98,3,"SR-3 GRATIOT RD","CAPITAL BLVD",16,42.622725,-82.86455278,0,8,0,0,3,3,0,1,2,1,0,1,0,"0000000",5,53,5,57,99,99,0,0,0,2,0
26,260187,2,2,0,0,0,4,4,163,4295,16,4,2016,7,4,1,0,2,5,98,6,"BEVERLY RD","MIDDLEBELT RD",34,42.26046389,-83.328675,0,12,6,0,2,2,0,1,3,1,0,1,0,"0000000",4,1,4,12,99,99,0,0,0,1,1
26,260188,1,1,0,0,0,1,1,125,208,10,4,2016,1,1,17,1,2,2,98,3,"SR-59 RAMP082B","",0,42.64303889,-83.21818056,0,42,0,1,5,1,0,4,2,1,0,1,0,"0000000",1,22,1,27,99,99,0,0,0,1,1
26,260189,2,2,0,0,0,3,3,125,0,16,4,2016,7,15,45,0,2,4,98,4,"CR-CLARKSTON RD","",45,42.75855833,-83.35044444,0,12,2,0,1,1,0,1,1,1,0,1,0,"0000000",15,45,15,51,88,88,0,0,0,1,0
26,260190,1,1,0,0,0,1,1,23,0,7,4,2016,5,7,50,0,1,5,98,4,"CR-SOUTHERN RD","",3,41.78689167,-85.00059444,0,53,0,0,1,1,0,4,1,2,0,2,0,"0000000",99,99,99,99,88,88,0,0,0,1,0
26,260191,2,2,0,0,0,2,2,25,355,9,4,2016,7,10,6,0,2,4,98,3,"SR-89 MICHIGAN AVE","",24,42.35313889,-85.25648889,0,12,6,0,1,1,0,1,1,10,0,10,0,"0000000",99,99,99,99,88,88,99,99,99,1,1
26,260192,1,1,0,0,0,1,1,63,0,17,4,2016,1,0,30,0,1,7,98,4,"CR-MCTAGGART RD","",214,43.72208611,-83.00863333,0,34,0,0,1,1,0,4,2,1,0,1,0,"0000000",6,35,6,45,88,88,0,0,0,1,1
26,260193,2,2,0,0,0,3,3,163,1260,16,4,2016,7,14,10,1,2,3,98,6,"CONNER AVE","",37,42.41015556,-83.00427222,0,7,0,0,1,1,0,1,1,1,0,1,0,"0000000",99,99,99,99,99,99,0,0,0,1,0
26,260194,2,2,0,0,0,2,2,139,0,15,4,2016,6,18,18,0,2,4,98,4,"CR-168TH ST","",12,43.10462778,-86.20535,0,12,2,0,8,1,0,1,1,1,0,1,0,"0000000",18,18,18,23,99,99,0,0,0,1,0
26,260195,1,1,0,0,0,1,1,125,2300,15,4,2016,6,11,45,0,1,5,98,4,"CR-S HOLLY RD","",6,42.77911667,-83.67721944,0,30,0,0,1,1,0,4,1,1,0,1,0,"0000000",99,99,99,99,88,88,0,0,0,1,0
26,260196,1,1,0,1,1,1,1,49,1731,17,4,2016,1,14,5,1,2,3,98,4,"CR-LINDEN RD","",165,43.01087222,-83.77289444,0,9,0,0,1,1,0,1,1,1,0,1,0,"0000000",99,99,99,99,88,88,0,0,0,1,0
26,260197,1,1,0,0,0,1,1,23,0,12,4,2016,3,9,30,0,1,7,98,4,"CR-TAGGART","",3,41.84083611,-85.272175,0,42,0,0,1,1,0,4,1,1,0,1,0,"0000000",9,32,9,45,88,88,22,0,0,1,0
26,260198,1,1,0,0,0,2,2,75,2764,12,4,2016,3,20,4,1,1,1,1,1,"I-94","",256,42.29228333,-84.22477778,0,57,0,0,1,1,0,3,5,1,0,1,0,"0000000",20,6,20,14,99,99,0,0,0,1,0
26,260199,1,1,0,0,0,1,1,99,2934,16,4,2016,7,21,41,1,2,3,98,4,"CR-23 MILE RD","",86,42.67228333,-82.92841389,0,33,0,0,1,1,0,4,1,1,0,1,0,"0000000",99,99,99,99,88,88,0,0,0,1,0
26,260200,2,2,0,0,0,3,3,149,0,16,4,2016,7,14,20,1,2,3,98,2,"US-131 HWY","MAIN ST",92,41.97210833,-85.63533611,0,12,6,0,2,2,0,1,1,1,0,1,0,"0000000",99,99,99,99,99,99,99,99,99,1,0
26,260201,2,2,0,0,0,2,2,163,4295,15,4,2016,6,19,7,0,2,4,98,6,"ECORSE RD","NIAGARA ST",66,42.25272778,-83.35398333,0,12,6,0,2,3,0,1,1,1,0,1,0,"0000000",19,10,19,18,88,88,0,0,0,1,0
26,260202,2,2,0,0,0,3,3,91,0,17,4,2016,1,14,58,1,1,3,98,2,"US-12","BRIAN O DR",41,42.048225,-84.2852,0,12,1,0,3,3,0,1,1,1,0,1,0,"0000000",99,99,99,99,99,99,0,0,0,2,1
26,260203,1,1,0,0,0,2,2,15,0,17,4,2016,1,2,17,0,1,7,98,4,"CR-QUIMBY RD","",19,42.60980278,-85.32854444,0,34,0,0,1,1,0,4,2,1,0,1,0,"0000000",99,99,99,99,99,99,20,22,0,1,1
26,260204,1,1,0,0,0,2,2,163,738,16,4,2016,7,16,50,1,2,1,1,1,"I-75 RAMP 096D","",2,42.28286111,-83.443275,0,24,0,1,5,1,0,4,1,1,0,1,0,"0000000",99,99,99,99,88,88,0,0,0,2,1
26,260205,2,1,1,0,1,1,2,163,4010,3,4,2016,1,0,2,1,2,1,1,1,"I-275","",201,42.36263611,-83.43589167,0,14,0,0,1,1,0,4,2,10,0,10,0,"0000000",99,99,99,99,99,99,0,0,0,1,1
26,260206,2,2,0,0,0,2,2,5,3755,17,4,2016,1,0,50,0,1,5,98,4,"CR-48TH ST","142ND ST",32,42.72859444,-86.01621389,0,12,1,0,3,2,0,1,2,1,0,1,0,"0000000",99,99,99,99,99,99,0,0,0,1,2
26,260207,1,1,0,1,1,1,1,99,5110,21,4,2016,5,13,10,0,2,4,98,6,"HAYES RD","",14,42.47987222,-82.96713056,0,8,0,0,1,1,0,1,1,10,0,10,0,"0000000",13,10,13,10,99,99,0,0,0,1,0
26,260209,1,1,0,0,0,2,2,115,3320,24,4,2016,1,20,6,1,2,1,1,1,"I-75 RAMP 3020-A","",5,41.9003,-83.37234444,0,1,0,1,5,1,1,4,1,1,0,1,0,"0000000",8,10,8,15,99,99,0,0,0,1,1
26,260210,2,2,0,0,0,2,2,25,355,17,4,2016,1,17,10,0,2,4,98,3,"SR-89 MICHIGAN AVE","COLLIER RD",22,42.35441111,-85.25955833,0,12,1,0,3,3,0,1,1,1,0,1,0,"0000000",99,99,99,99,88,88,0,0,0,1,1
26,260211,2,2,0,0,0,2,2,77,0,18,4,2016,2,16,12,0,1,4,98,3,"SR-96","G AVE",48,42.33213333,-85.36545833,0,12,6,0,2,3,0,1,1,1,0,1,0,"0000000",16,14,16,20,99,99,0,0,0,1,1
26,260212,1,1,0,0,0,1,1,39,0,17,4,2016,1,12,15,1,1,1,1,1,"I-75","",231,44.83076667,-84.71262778,0,42,0,0,1,1,0,3,1,1,0,1,0,"0000000",12,20,12,25,99,99,0,0,0,1,0
26,260213,1,1,0,0,0,1,1,65,2700,18,4,2016,2,4,47,1,2,3,98,6,"MARTIN LUTHER KING JR BLVD","",66,42.73999444,-84.56713889,0,30,0,0,1,1,0,4,3,1,0,1,0,"0000000",4,49,4,54,99,99,0,0,0,1,1
26,260214,1,1,0,0,0,1,1,81,2010,20,4,2016,4,16,14,1,2,1,1,2,"US-131","",146,42.97298889,-85.67715,0,24,0,0,1,1,4,3,1,1,0,1,0,"0000000",16,14,16,19,88,88,0,0,0,1,1
26,260215,2,2,0,0,0,2,2,99,5110,13,4,2016,4,1,30,1,2,3,98,3,"SR-102 8 MILE ROAD","8 MILE/RYAN TURN",11,42.4476,-83.06204722,0,12,1,0,3,3,0,1,3,1,0,1,0,"0000000",1,31,1,35,99,99,0,0,0,1,1
26,260216,2,2,0,0,0,2,2,81,0,16,4,2016,7,15,2,0,2,5,98,4,"CR-4 MILE RD","SUMMIT VIEW DR",10,43.02818611,-85.59693333,0,12,6,0,8,1,0,1,1,1,0,1,0,"0000000",15,2,15,10,99,99,0,0,0,1,0
26,260217,2,2,0,0,0,2,2,27,0,16,4,2016,7,0,26,0,2,4,98,4,"CR-OLD M-206","CASSOPOLIS RD",4,41.76536944,-85.97463056,0,12,6,0,2,3,0,1,2,1,0,1,0,"0000000",99,99,99,99,99,99,22,0,0,1,0
26,260218,2,2,0,0,0,3,3,163,633,19,4,2016,3,13,29,1,2,3,98,4,"CR-DIX TOLEDO HWY","SIBLEY RD",0,42.17008611,-83.23988889,0,12,6,0,2,2,0,1,1,1,0,1,0,"0000000",99,99,99,99,99,99,0,0,0,1,0
26,260219,2,2,0,0,0,2,2,25,0,22,4,2016,6,2,14,1,1,1,1,1,"I-94","",159,42.29723333,-85.00338056,0,12,1,0,1,1,0,1,2,1,0,1,0,"0000000",2,15,2,22,88,88,0,0,0,1,1
26,260220,2,2,0,0,0,4,4,121,0,11,4,2016,2,11,10,0,1,4,98,3,"SR-M-46 APPLE AVE","TRENT RD",186,43.23511944,-85.87968333,0,12,6,0,2,2,0,1,1,1,0,1,0,"0000000",99,99,99,99,99,99,99,99,99,1,0
26,260221,2,2,0,0,0,2,2,139,5340,14,4,2016,5,4,57,0,2,5,98,4,"CR-ADAMS ST","96TH AVE",58,42.78346111,-86.01839167,0,12,6,0,2,2,0,1,2,1,0,1,0,"0000000",99,99,99,99,99,99,22,0,0,1,0
26,260222,1,1,0,0,0,1,1,1,0,29,4,2016,6,18,30,0,1,4,98,3,"SR-72","",43,44.68966111,-83.76155833,0,1,0,0,1,1,0,4,1,1,0,1,0,"0000000",18,30,18,41,99,99,0,0,0,1,1
26,260223,2,2,0,0,0,2,2,163,5310,30,4,2016,7,9,50,1,2,3,98,3,"SR-85","",99,42.20731944,-83.18035556,0,12,6,0,7,1,0,1,1,1,0,1,0,"0000000",9,50,9,56,88,88,0,0,0,1,0
26,260224,2,2,0,0,0,3,3,27,0,5,4,2016,3,6,35,0,1,4,98,3,"SR-60","CALVIN CENTER RD",115,41.91876944,-85.933625,0,12,6,0,2,2,0,1,4,1,0,1,0,"0000000",99,99,99,99,99,99,0,0,0,1,0
26,260225,1,1,0,0,0,2,2,127,0,16,4,2016,7,18,10,0,1,5,98,4,"CR-SCENIC DR","",0,43.49418056,-86.46668333,0,35,0,0,1,1,0,4,1,1,0,1,0,"0000000",99,99,99,99,99,99,22,0,0,1,0
26,260226,2,1,1,1,1,3,3,163,1260,19,4,2016,3,20,12,1,2,2,98,3,"SR-10","",15,42.42764722,-83.18315556,0,14,0,0,1,1,0,2,5,1,0,1,0,"0000000",99,99,99,99,88,88,0,0,0,1,0
26,260227,1,1,0,0,0,1,1,45,0,15,4,2016,6,1,53,0,1,5,98,4,"CR-ISLAND HWY","",38,42.56759722,-84.75994722,0,30,0,0,1,1,0,4,2,1,0,1,0,"0000000",99,99,99,99,99,99,0,0,0,1,0
26,260228,1,1,0,0,0,1,1,27,0,7,4,2016,5,2,52,0,1,4,98,3,"SR-60","",46,41.84065,-86.15729167,0,1,0,0,1,1,0,4,2,2,0,2,0,"0000000",99,99,99,99,88,88,0,0,0,1,0
26,260229,2,2,0,1,1,3,3,163,1260,2,4,2016,7,1,0,1,2,3,98,2,"US-12 MICHIGAN AVE","TRUMBULL ST",65,42.33146667,-83.06712778,0,12,6,0,2,2,0,1,3,2,0,2,0,"0000000",99,99,99,99,99,99,0,0,0,1,1
26,260230,1,1,0,0,0,1,1,81,2010,20,4,2016,4,1,5,0,2,7,98,6,"NELAND AVE","ALEXANDER ST",0,42.94480833,-85.64306389,0,43,0,0,3,3,0,4,3,1,0,1,0,"0000000",1,7,1,10,99,99,99,99,99,1,1
26,260231,1,1,0,0,0,3,3,99,2181,24,3,2016,5,2,39,1,2,1,1,1,"I-94","",93,42.55676667,-82.86001389,0,24,0,0,1,1,0,4,2,2,0,2,0,"0000000",99,99,99,99,99,99,0,0,0,1,1
26,260232,1,1,0,2,2,1,1,163,1260,15,4,2016,6,23,5,1,2,3,98,6,"7 MILE RD","",121,42.43049167,-83.19672222,0,8,0,0,1,1,0,1,3,1,0,1,0,"0000000",99,99,99,99,99,99,0,0,0,2,0
26,260233,2,2,0,0,0,2,2,99,1009,26,4,2016,3,8,51,0,2,4,98,4,"CR-19 MILE RD","GARFIELD RD",15,42.61296111,-82.95292222,0,12,6,0,2,2,0,1,1,10,0,10,0,"0000000",8,53,8,56,88,88,0,0,0,1,0
26,260234,1,1,0,0,0,1,1,5,0,26,4,2016,3,19,3,0,1,4,98,3,"SR-222","",65,42.53708056,-85.73212778,0,34,0,0,1,1,0,4,1,10,0,10,0,"0000000",99,99,99,99,88,88,22,0,0,1,1
26,260235,2,2,0,0,0,2,2,81,2010,29,4,2016,6,5,42,0,2,4,98,6,"ALGER ST SE","MADISON AVE SE",5,42.92014444,-85.65748889,0,12,6,0,2,2,0,1,3,10,0,10,0,"0000000",5,45,5,59,99,99,99,99,99,1,0
26,260236,2,2,0,0,0,4,4,163,1260,29,4,2016,6,3,16,1,2,1,1,1,"I-75 RAMP 035I","",3,42.320675,-83.08281389,0,12,2,1,20,1,0,1,3,10,0,10,0,"0000000",3,16,99,99,99,99,0,0,0,1,1
26,260237,1,1,0,1,1,1,1,99,0,30,4,2016,7,11,25,0,1,5,98,4,"CR-BORDMAN RD","",20,42.89511111,-82.87897222,0,8,0,0,1,1,0,1,2,10,0,10,0,"0000000",99,99,99,99,88,88,22,0,0,1,0
26,260238,1,1,0,0,0,1,1,77,0,23,4,2016,7,15,58,0,2,4,98,4,"CR-Q AVE","",17,42.20099167,-85.73375556,0,42,0,0,1,1,0,4,1,1,0,1,0,"0000000",99,99,99,99,88,88,22,0,0,1,0
26,260239,2,2,0,0,0,3,3,159,0,28,4,2016,5,10,15,1,1,1,1,1,"I-94","",125,42.19416944,-85.98425,0,12,1,0,1,1,0,1,1,10,0,10,0,"0000000",99,99,99,99,88,88,0,0,0,1,0
26,260240,3,3,0,0,0,4,4,5,2290,18,4,2016,2,13,34,1,2,3,98,3,"SR-40","I-196 RAMP 049B",192,42.74256389,-86.07041111,0,12,6,1,5,1,0,1,1,1,0,1,0,"0000000",13,34,13,38,99,99,0,0,0,1,0
26,260241,1,1,0,1,1,2,2,161,0,18,4,2016,2,9,20,0,1,7,98,4,"CR-BUTLER RD","",1,42.11571111,-83.55036389,0,8,0,0,1,1,0,2,1,1,0,1,0,"0000000",99,99,99,99,99,99,22,0,0,1,0
26,260242,2,2,0,1,1,2,2,125,2935,6,4,2016,4,21,23,1,2,3,98,6,"12 MILE RD","TESSMER CT",219,42.50519167,-83.0874,0,8,0,0,3,3,0,1,2,2,0,2,0,"0000000",99,99,99,99,88,88,0,0,0,1,0
26,260243,1,1,0,0,0,2,2,125,1652,10,5,2016,3,12,43,0,2,4,98,6,"11 MILE RD","",26,42.48544167,-83.32569167,0,53,0,0,1,1,0,4,1,10,0,10,0,"0000000",12,44,12,47,99,99,0,0,0,1,0
26,260244,2,2,0,1,1,1,1,125,1081,1,4,2016,6,23,33,0,2,4,98,4,"CR-SLEETH RD","",35,42.59067222,-83.49933611,0,12,7,0,1,1,0,1,2,1,0,1,0,"0000000",23,33,23,40,99,99,23,0,0,1,0
26,260245,2,2,0,0,0,5,5,159,0,28,4,2016,5,17,40,0,1,5,98,4,"CR-652","44TH AVE",17,42.25924722,-85.80005833,0,12,6,0,2,2,0,1,1,10,0,10,0,"0000000",99,99,99,99,99,99,0,0,0,1,0
26,260246,3,3,0,0,0,4,4,163,1920,19,4,2016,3,8,57,1,2,3,98,6,"WARREN RD","",97,42.33937778,-83.363275,0,12,8,0,1,1,0,1,1,10,0,10,0,"0000000",99,99,99,99,99,99,0,0,0,1,0
26,260247,1,1,0,0,0,1,1,163,1260,1,5,2016,1,9,43,1,2,1,1,1,"I-96","",8,42.37009722,-83.14405556,0,1,0,0,1,1,0,4,1,2,0,2,0,"0000000",99,99,99,99,99,99,99,99,99,1,0
26,260248,2,2,0,0,0,2,2,55,0,6,5,2016,6,10,14,1,2,3,98,2,"US-41","",57,44.66509722,-85.70401389,0,12,1,0,8,1,0,1,1,1,0,1,0,"0000000",10,17,10,20,88,88,0,0,0,1,0
26,260249,2,2,0,0,0,4,4,117,0,1,5,2016,1,19,18,0,1,4,98,3,"SR-66 SIX LAKES RD","",13,43.46245,-85.14415556,0,12,2,0,1,1,0,4,1,10,0,10,0,"0000000",99,99,99,99,99,99,0,0,0,2,0
26,260250,1,1,0,1,1,1,1,25,0,3,5,2016,3,18,3,0,1,4,98,3,"SR-60 LEIGH ST","",187,42.14696111,-84.81003611,0,8,0,0,1,1,0,1,1,1,0,1,0,"0000000",18,7,18,21,99,99,0,0,0,1,0
26,260251,1,1,0,0,0,4,4,163,1260,7,5,2016,7,3,0,1,2,3,98,6,"7 MILE RD","",223,42.43463889,-82.99733889,0,1,0,0,1,1,0,4,3,1,0,1,0,"0000000",99,99,99,99,99,99,0,0,0,2,1
26,260252,2,2,0,0,0,4,4,27,0,3,5,2016,3,11,44,0,1,5,98,4,"CR-PINE LAKE ST","DAILEY RD",36,41.84006667,-86.08833611,0,12,6,0,2,2,0,1,1,1,0,1,0,"0000000",99,99,99,99,99,99,0,0,0,1,0
26,260253,2,2,0,0,0,2,2,1,0,15,5,2016,1,11,51,0,1,6,98,4,"CR-POORFARM RD","WALKER RD",55,44.67076944,-83.34251111,0,12,6,0,2,2,0,1,1,1,0,1,0,"0000000",99,99,99,99,99,99,22,0,0,1,0
26,260254,3,3,0,0,0,3,3,99,2934,4,5,2016,4,21,33,0,9,4,98,4,"CR-ROMEO PLANK RD","23 MILE RD",59,42.67193056,-82.9406,0,12,6,0,2,2,0,1,3,1,0,1,0,"0000000",21,34,99,99,99,99,14,0,0,1,0
26,260255,2,2,0,0,0,3,3,163,1260,15,5,2016,1,8,35,1,2,3,98,3,"SR-102 8 MILE RD","SHAKESPEARE ST",69,42.45017222,-82.94891389,0,12,1,0,3,3,0,1,1,1,0,1,0,"0000000",99,99,99,99,99,99,0,0,0,1,0
26,260256,2,2,0,0,0,4,4,133,0,6,5,2016,6,18,50,1,1,3,98,3,"SR-115","SR-66",138,44.03184722,-85.14828333,0,12,6,0,2,2,0,1,1,1,0,1,0,"0000000",99,99,99,99,99,99,0,0,0,1,1
26,260257,1,1,0,0,0,1,1,75,0,5,5,2016,5,17,56,0,1,5,98,4,"CR-WOLF LAKE RD","",66,42.20895,-84.21996667,0,34,0,0,1,1,0,4,1,1,0,1,0,"0000000",99,99,99,99,99,99,99,99,99,1,0
26,260258,2,2,0,0,0,5,5,77,2520,8,5,2016,1,1,58,1,2,3,98,3,"SR-43 W MICHIGAN AVE","N PARK ST",100,42.29159722,-85.58729167,0,12,6,0,2,2,0,1,3,1,0,1,0,"0000000",99,99,99,99,88,88,0,0,0,1,0
26,260259,1,1,0,1,1,1,1,77,3727,11,5,2016,4,21,20,0,2,4,98,4,"CR-W KL AVE","",53,42.27960833,-85.66238056,0,8,0,0,1,1,0,2,2,10,0,10,0,"0000000",21,21,21,26,99,99,0,0,0,1,1
26,260260,2,2,0,0,0,4,4,145,0,11,5,2016,4,21,41,0,1,4,98,3,"SR-52 GRAHAM RD","",63,43.22036667,-84.16754167,0,12,1,0,1,1,0,1,2,10,0,10,0,"0000000",99,99,99,99,88,88,0,0,0,1,1
26,260261,1,1,0,0,0,2,2,125,512,15,5,2016,1,21,52,1,2,3,98,4,"CR-LONG LAKE RD","",47,42.58157778,-83.26987778,0,42,0,0,1,1,0,4,2,1,0,1,0,"0000000",21,54,21,58,99,99,0,0,0,1,1