"STATE","ST_CASE","VE_TOTAL","VE_FORMS","PVH_INVL","PEDS","PERNOTMVIT","PERMVIT","PERSONS","COUNTY","CITY","DAY","MONTH","YEAR","DAY_WEEK","HOUR","MINUTE","NHS","RUR_URB","FUNC_SYS","RD_OWNER","ROUTE","TWAY_ID","TWAY_ID2","MILEPT","LATITUDE","LONGITUD","SP_JUR","HARM_EV","MAN_COLL","RELJCT1","RELJCT2","TYP_INT","WRK_ZONE","REL_ROAD","LGT_COND","WEATHER1","WEATHER2","WEATHER","SCH_BUS","RAIL","NOT_HOUR","NOT_MIN","ARR_HOUR","ARR_MIN","HOSP_HR","HOSP_MN","CF1","CF2","CF3","FATALS","DRUNK_DR"
26,260262,1,1,0,1,1,1,1,149,4760,11,5,2016,4,19,44,0,2,4,98,3,"SR-66","FAWN RIVER RD",15,41.78136944,-85.42818611,0,8,0,0,3,2,0,1,1,10,0,10,0,"0000000",99,99,99,99,99,99,0,0,0,1,0
26,260263,2,2,0,0,0,2,2,59,0,16,5,2016,2,21,27,0,1,4,98,4,"CR-JONESVILLE RD","",2,41.98568333,-84.82232222,0,12,2,0,1,1,0,1,5,1,0,1,0,"0000000",21,35,21,47,88,88,0,0,0,1,0
26,260264,1,1,0,0,0,1,1,87,0,16,5,2016,2,18,21,0,2,5,98,4,"CR-CLARK RD","",43,43.03353056,-83.30338611,0,42,0,0,1,1,0,4,1,10,0,10,0,"0000000",18,22,18,27,88,88,0,0,0,1,0
26,260265,2,2,0,0,0,4,4,5,0,14,5,2016,7,2,0,0,1,5,98,4,"CR-135TH AVE","4TH ST",106,42.67431111,-85.58258889,0,12,1,0,1,1,0,1,2,2,0,2,0,"0000000",99,99,99,99,99,99,20,22,0,1,2
26,260266,1,1,0,0,0,1,1,161,4426,17,5,2016,3,21,37,0,1,4,98,4,"CR-NORTH TERRITORIAL RD","",248,42.36628611,-83.61207222,0,42,0,0,1,1,0,4,2,1,0,1,0,"0000000",21,38,21,49,88,88,0,0,0,1,1
26,260267,1,1,0,1,1,1,1,163,1260,17,5,2016,3,21,37,1,2,3,98,2,"US-12 MICHIGAN AVE","",36,42.33112778,-83.12395278,0,8,0,0,1,1,0,1,3,1,0,1,0,"0000000",99,99,99,99,99,99,0,0,0,1,0
26,260268,1,1,0,0,0,1,1,125,4905,19,5,2016,5,22,26,1,2,3,98,6,"BIG BEAVER RD","",43,42.56302222,-83.12310278,0,33,0,0,1,1,0,4,3,1,0,1,0,"0000000",22,27,22,36,88,88,0,0,0,1,1
26,260269,1,1,0,0,0,1,1,75,0,16,5,2016,2,16,42,1,2,3,98,4,"CR-FRANCIS ST","",6,42.20688333,-84.39981944,0,33,0,0,1,1,0,4,1,1,0,1,0,"0000000",99,99,99,99,88,88,20,0,0,1,0
26,260270,1,1,0,0,0,1,1,163,1260,21,5,2016,7,1,29,1,2,1,1,1,"I-96","",35,42.34999167,-83.09880556,0,25,0,0,1,1,0,4,2,10,0,10,0,"0000000",1,29,1,55,88,88,99,99,99,1,0
26,260271,2,2,0,0,0,3,3,157,0,19,5,2016,5,16,28,0,1,5,98,4,"CR-BIRCH RUN RD","",76,43.25186667,-83.54469722,0,12,6,0,1,1,0,1,1,1,0,1,0,"0000000",16,30,16,44,99,99,22,0,0,1,0
26,260272,1,1,0,0,0,2,2,139,2503,22,5,2016,1,5,19,0,1,7,98,4,"CR-32ND AVE","",13,42.78622778,-85.86151944,0,53,0,0,1,1,0,4,2,1,0,1,0,"0000000",5,20,5,27,88,88,99,99,99,1,1
26,260273,2,2,0,0,0,3,3,81,0,18,5,2016,4,23,17,0,2,4,98,3,"SR-57 14 MILE RD","NORTHLAND DR",51,43.17834444,-85.55103333,0,12,6,0,2,2,0,1,3,1,0,1,0,"0000000",23,17,23,24,99,99,0,0,0,1,1
26,260274,1,1,0,0,0,1,1,161,0,21,5,2016,7,14,47,0,2,7,98,4,"CR-KNOWLES RD","",8,42.22363056,-83.57374444,0,1,0,0,1,1,0,4,1,1,0,1,0,"0000000",14,47,14,51,99,99,0,0,0,1,0
26,260275,2,2,0,0,0,3,3,163,1260,23,5,2016,2,2,5,0,2,4,98,6,"CHALMERS ST","MAYFIELD ST",37,42.42206667,-82.97488889,0,12,2,0,3,4,0,1,3,1,0,1,0,"0000000",99,99,99,99,99,99,99,99,99,1,1
26,260276,3,3,0,0,0,5,5,139,0,24,5,2016,3,22,1,0,2,6,98,6,"E 8TH ST","US-31",6,42.79043611,-86.08070278,0,12,6,0,2,2,1,1,3,1,0,1,0,"0000000",22,1,22,5,99,99,0,0,0,1,1
26,260277,1,1,0,1,1,1,1,163,1260,13,5,2016,6,21,50,1,2,3,98,2,"US-12 MICHIGAN AVE","WABASH",61,42.331375,-83.07502778,0,8,0,0,1,1,0,1,3,10,0,10,0,"0000000",99,99,99,99,99,99,0,0,0,1,0
26,260278,1,1,0,0,0,1,1,59,0,25,5,2016,4,19,10,0,1,7,98,4,"CR-S ALLEN RD","",61,41.97174167,-84.77783333,0,1,0,0,1,1,0,4,1,1,0,1,0,"0000000",99,99,99,99,88,88,0,0,0,1,0
26,260279,1,1,0,0,0,1,1,129,0,14,5,2016,7,18,20,0,1,7,98,4,"CR-SAGINAW ST","",12,44.31655278,-84.29367778,0,1,0,0,1,1,0,1,1,1,0,1,0,"0000000",99,99,99,99,88,88,0,0,0,1,1
26,260280,1,1,0,1,1,4,4,163,1260,12,5,2016,5,21,15,0,2,3,98,6,"WARREN AVE","",75,42.36063611,-83.05526667,1,9,0,0,1,1,0,1,3,2,0,2,0,"0000000",99,99,99,99,99,99,0,0,0,1,0
26,260281,1,1,0,0,0,3,3,163,1260,12,5,2016,5,19,0,0,2,4,98,6,"HAYES","",19,42.43172222,-82.96539167,0,30,0,0,1,1,0,4,5,10,0,10,0,"0000000",99,99,99,99,99,99,0,0,0,1,1
26,260282,2,2,0,0,0,2,2,163,1260,23,5,2016,2,20,30,1,2,3,98,3,"SR-3 GRATIOT AVE","MANING ST",83,42.44081667,-82.97391944,0,12,6,0,2,2,0,1,1,1,0,1,0,"0000000",99,99,99,99,99,99,0,0,0,1,0
26,260283,1,1,0,0,0,1,1,163,1260,12,5,2016,5,3,35,1,2,3,98,2,"US-12 MICHIGAN AVE","",60,42.33137778,-83.07666944,0,33,0,0,1,1,0,4,9,99,0,99,0,"0000000",99,99,99,99,88,88,99,99,99,1,0
26,260284,2,2,0,0,0,2,2,163,1260,26,5,2016,5,8,20,0,2,4,98,6,"JOHN R AVE","",16,42.43681389,-83.10249167,0,12,2,0,1,1,0,1,1,1,0,1,0,"0000000",99,99,99,99,99,99,99,99,99,1,0
26,260285,1,1,0,0,0,1,1,35,0,24,3,2016,5,17,0,0,1,5,98,4,"CR-LAKE STATION AVE","EIGHT POINT LAKE RD",0,43.85719722,-85.01425,0,38,0,0,3,3,0,4,1,3,0,3,0,"0000000",99,99,99,99,88,88,22,0,0,1,0
26,260286,2,2,0,0,0,3,3,35,930,26,5,2016,5,17,1,0,1,5,98,6,"CLARE AVE","COLONVILLE",21,43.84511667,-84.76818611,0,12,6,0,8,1,0,1,1,1,0,1,0,"0000000",17,7,17,8,99,99,0,0,0,1,0
26,260288,2,2,0,0,0,5,5,35,0,18,5,2016,4,14,30,0,1,5,98,4,"CR-LAKE STATION AVE","MAPLE GROVE RD",19,43.84265556,-85.00899722,0,12,6,0,2,2,0,1,1,1,0,1,0,"0000000",14,31,99,99,99,99,22,0,0,1,1
26,260289,1,1,0,1,1,2,2,125,1652,23,4,2016,7,5,23,1,2,3,98,3,"SR-5 GRAND RIVER AVE","",15,42.44318889,-83.32364444,0,8,0,0,8,1,0,1,3,1,0,1,0,"0000000",5,25,5,30,99,99,0,0,0,1,1
26,260290,1,1,0,1,1,1,1,45,0,18,4,2016,2,22,25,0,1,4,98,3,"SR-5 MICHIGAN RD","",121,42.58620556,-84.62197778,0,8,0,0,1,1,0,1,2,1,0,1,0,"0000000",22,27,22,35,88,88,0,0,0,1,0
26,260291,2,2,0,0,0,6,6,65,0,10,4,2016,1,12,4,0,2,4,98,4,"CR-MERIDIAN RD","",199,42.69768889,-84.36357778,0,12,6,0,1,1,0,1,1,4,0,4,0,"0000000",12,3,99,99,99,99,0,0,0,1,0
26,260292,2,2,0,0,0,3,3,99,0,19,5,2016,5,19,7,1,2,3,98,3,"SR-53","",196,42.81931667,-83.00545,0,12,1,0,1,1,0,1,1,1,0,1,0,"0000000",99,99,99,99,99,99,28,0,0,2,0
26,260293,2,2,0,0,0,3,3,123,0,20,5,2016,6,17,33,0,1,7,98,4,"CR-22 MILE RD","ELDER AVE",0,43.29299722,-85.79044444,0,12,6,0,2,2,0,1,1,1,0,1,0,"0000000",17,33,17,48,99,99,0,0,0,1,0
26,260294,2,2,0,0,0,2,2,65,0,3,5,2016,3,13,11,1,2,1,1,1,"I-496","",2,42.72225556,-84.59931667,0,12,2,0,1,1,0,1,1,1,0,1,0,"0000000",13,11,13,16,99,99,0,0,0,1,0
26,260295,1,1,0,0,0,2,2,105,0,22,5,2016,1,17,6,0,1,5,98,4,"CR-WALHALLA RD","KINNEY RD",11,43.88904722,-86.11383056,0,1,0,0,3,3,0,4,1,1,0,1,0,"0000000",17,8,17,24,99,99,0,0,0,1,0
26,260296,2,2,0,0,0,2,2,165,0,6,5,2016,6,1,6,1,1,3,98,3,"SR-37","4 RD",93,44.49723889,-85.69671667,0,12,6,0,2,2,0,1,2,1,0,1,0,"0000000",1,7,1,18,88,88,0,0,0,1,0
26,260297,1,1,0,0,0,1,1,165,526,3,5,2016,3,2,53,0,1,5,98,4,"CR-SHASKINS","",35,44.28761944,-85.60036389,0,19,0,0,1,1,0,4,3,1,0,1,0,"0000000",2,56,3,13,99,99,0,0,0,1,1
26,260298,2,2,0,0,0,3,3,141,0,21,5,2016,7,16,32,0,1,7,98,4,"CR-BLACK MOUNTAIN RD","",34,45.49718889,-84.2474,0,12,6,0,1,1,0,1,1,1,0,1,0,"0000000",16,32,17,12,99,99,22,0,0,1,2
26,260299,1,1,0,0,0,1,1,65,3090,30,5,2016,2,14,50,0,2,4,98,3,"SR-36 E ASH ST","",13,42.57793889,-84.43092778,0,59,0,0,1,1,0,4,1,1,0,1,0,"0000000",14,50,14,53,88,88,99,99,99,1,0
26,260300,1,1,0,0,0,5,5,49,1730,27,5,2016,6,21,0,1,2,1,1,1,"I-75 RAMP 018F","",0,42.97190833,-83.72602778,0,59,0,0,5,1,0,8,3,10,0,10,0,"0000000",21,4,21,7,99,99,0,0,0,1,0
26,260301,2,2,0,0,0,2,2,25,310,17,5,2016,3,11,37,1,2,3,98,6,"COLUMBIA AVE","",4,42.29273889,-85.27033056,0,12,2,0,1,1,0,1,1,10,0,10,0,"0000000",99,99,99,99,88,88,0,0,0,1,0
26,260302,1,1,0,0,0,1,1,161,0,28,5,2016,7,7,13,0,1,5,98,4,"CR-PLATT RD","",32,42.13001667,-83.69623333,0,32,0,0,1,1,0,4,1,1,0,1,0,"0000000",99,99,99,99,88,88,2,22,0,1,0
26,260303,2,2,0,0,0,9,9,125,0,12,5,2016,5,14,7,1,2,3,98,2,"US-24 DIXIE HWY","WHITE LAKE RD",18,42.72536111,-83.42948611,0,12,6,0,2,2,0,1,1,10,0,10,0,"0000000",14,9,14,9,99,99,0,0,0,1,0
26,260304,2,2,0,0,0,2,2,109,3170,22,5,2016,1,10,59,0,2,7,98,6,"15TH ST","32ND AVE",14,45.12815556,-87.62036111,0,12,6,0,2,2,0,1,1,1,0,1,0,"0000000",9,59,10,4,99,99,0,0,0,1,0
26,260305,2,2,0,0,0,2,2,141,4280,25,5,2016,4,14,35,1,1,3,98,2,"US-23 N BRADLEY HWY","THIRD ST",270,45.42508333,-83.83531111,0,12,6,0,2,2,0,1,1,1,0,1,0,"0000000",14,35,14,40,99,99,0,0,0,1,0
26,260306,1,1,0,0,0,1,1,125,4020,7,5,2016,7,23,28,1,2,3,98,3,"SR-24 WOODWARD AVE","",0,42.63004722,-83.28860556,0,33,0,0,1,1,0,4,3,1,0,1,0,"0000000",23,30,23,32,99,99,0,0,0,1,0
26,260307,1,1,0,0,0,1,1,91,0,29,5,2016,1,17,50,1,1,3,98,2,"US-12 MICHIGAN AVE","",1,42.06667778,-84.10372778,0,24,0,0,1,1,0,4,1,1,0,1,0,"0000000",17,52,18,0,88,88,0,0,0,1,0
26,260308,1,1,0,0,0,1,1,49,1731,14,5,2016,7,16,20,0,2,7,98,4,"CR-GRAHAM RD","",11,43.0102,-83.753225,0,24,0,0,1,1,0,4,1,10,0,10,0,"0000000",99,99,99,99,99,99,0,0,0,1,0
26,260310,1,1,0,1,1,1,1,163,1260,14,5,2016,7,2,0,1,2,3,98,6,"GREENFIELD","",100,42.41206111,-83.19914722,0,8,0,0,1,1,0,1,3,2,0,2,0,"0000000",99,99,99,99,88,88,0,0,0,1,0
26,260311,2,2,0,1,1,4,4,163,1260,29,5,2016,1,0,15,1,2,3,98,6,"GREENFIELD ST","CHALFONTE ST",92,42.39930278,-83.19864444,0,12,6,0,2,2,0,1,3,1,0,1,0,"0000000",99,99,99,99,99,99,0,0,0,2,1
26,260312,2,2,0,0,0,2,2,65,2700,26,5,2016,5,2,19,1,2,3,98,3,"SR-99","OLDS AVE",4,42.72328056,-84.56975278,0,12,6,0,2,2,0,1,3,2,0,2,0,"0000000",2,35,2,40,99,99,0,0,0,1,0
26,260313,1,1,0,0,0,1,1,99,5110,6,5,2016,6,15,29,1,2,3,98,3,"SR-97 GROESBECK HWY","FRAZHO RD",30,42.48634167,-82.97483889,0,5,0,0,3,2,0,1,1,1,0,1,0,"0000000",99,99,99,99,88,88,0,0,0,1,0
26,260314,2,2,0,0,0,6,6,99,1009,25,5,2016,4,17,20,0,2,4,98,6,"HAYES RD","CLINTON-RIVER RD",7,42.57986667,-82.97135278,0,12,6,0,2,2,0,1,1,1,0,1,0,"0000000",99,99,99,99,99,99,0,0,0,1,0
26,260315,2,2,0,0,0,3,3,81,0,1,6,2016,4,15,25,0,2,4,98,4,"CR-BYRON CENTER AVE","WHISTLETON DR",43,42.83103889,-85.72299167,0,12,6,0,2,3,0,1,1,2,0,2,0,"0000000",15,27,15,33,88,88,0,0,0,1,0
26,260316,1,1,0,0,0,1,1,5,1713,1,6,2016,4,2,59,1,1,3,98,3,"SR-40","",151,42.69429444,-86.02266667,0,32,0,0,1,1,0,4,2,10,0,10,0,"0000000",99,99,99,99,88,88,99,99,99,1,1
26,260317,2,2,0,0,0,4,4,43,0,3,6,2016,6,13,15,1,2,3,98,2,"US-141","LINCOLN ST",11,45.80193611,-88.01651667,0,12,6,0,2,2,0,1,1,1,0,1,0,"0000000",99,99,99,99,99,99,0,0,0,1,0
26,260318,2,2,0,0,0,3,3,161,0,3,6,2016,6,18,24,1,1,3,98,2,"US-12","",45,42.11226389,-83.88581944,0,12,2,0,1,1,0,1,1,1,0,1,0,"0000000",99,99,99,99,99,99,22,0,0,2,0
26,260319,2,2,0,0,0,3,3,99,4731,3,6,2016,6,0,1,0,2,4,98,6,"17 MILE RD","",12,42.57933611,-83.06656389,0,12,2,0,1,1,0,1,2,10,0,10,0,"0000000",0,5,0,10,99,99,0,0,0,1,0
26,260320,3,3,0,0,0,4,4,43,0,6,6,2016,2,16,20,0,2,4,98,4,"CR-BREITUNG AVE","",30,45.80120833,-88.03724167,0,12,2,0,1,1,0,1,1,8,0,8,0,"0000000",99,99,99,99,99,99,0,0,0,2,0
26,260321,1,1,0,0,0,1,1,105,0,1,6,2016,4,15,5,1,1,2,98,2,"US-31","",66,43.90645278,-86.41679167,0,35,0,0,1,1,0,4,1,1,0,1,0,"0000000",15,10,15,15,88,88,0,0,0,1,0
26,260322,2,2,0,0,0,2,2,99,1440,8,6,2016,4,22,52,1,2,3,98,3,"SR-3 GRATIOT AVE","CHESTERFIELD AVE",22,42.47795,-82.94904722,0,12,1,0,3,2,0,1,3,1,0,1,0,"0000000",99,99,99,99,99,99,0,0,0,1,1
26,260323,1,1,0,0,0,2,2,49,0,15,5,2016,1,1,0,0,2,7,98,4,"CR-WILSON RD","",83,43.16327778,-83.69591389,0,34,0,0,1,1,0,4,2,99,0,99,0,"0000000",99,99,99,99,99,99,0,0,0,1,1
26,260324,2,2,0,0,0,2,2,65,3687,2,6,2016,5,21,45,0,1,5,98,4,"CR-OLD PLANK RD","",12,42.43581667,-84.53976944,0,12,6,0,8,1,0,1,2,1,0,1,0,"0000000",21,45,21,48,99,99,0,0,0,1,1
26,260325,2,2,0,0,0,3,3,115,0,1,6,2016,4,15,0,0,1,5,98,4,"CR-TUTTLE HILL RD","",21,42.02666944,-83.59910556,0,12,6,0,8,1,0,1,1,1,0,1,0,"0000000",15,6,15,19,99,99,0,0,0,1,0
26,260326,2,2,0,0,0,3,3,163,1260,2,6,2016,5,19,45,1,2,1,1,1,"I-75","",205,42.31316111,-83.09175833,0,12,1,0,1,1,0,1,1,1,0,1,0,"0000000",19,43,19,48,99,99,28,0,0,1,0
26,260327,2,2,0,0,0,4,4,63,0,2,6,2016,5,10,51,0,1,4,98,4,"CR-N PINNEBOG RD","W RICHARDSON RD",45,43.83641667,-83.101775,0,12,6,0,2,2,0,1,1,1,0,1,0,"0000000",10,54,11,6,99,99,99,99,99,2,0
26,260328,2,2,0,0,0,4,4,125,5113,5,6,2016,1,0,16,1,2,3,98,2,"US-24 DIXIE HWY","",40,42.70279444,-83.40339444,0,33,0,0,1,1,0,4,3,2,0,2,0,"0000000",0,16,0,20,99,99,0,0,0,1,0
26,260329,2,2,0,0,0,2,2,159,0,5,6,2016,1,5,10,0,1,4,98,3,"SR-43","",161,42.30153333,-86.00386111,0,12,2,0,1,1,0,1,2,5,0,5,0,"0000000",99,99,99,99,88,88,0,0,0,2,1
26,260330,1,1,0,0,0,3,3,163,2090,11,6,2016,7,14,45,1,2,3,98,6,"JEFFERSON AVE","BUCKINGHAM RD",67,42.37847222,-82.928725,0,33,0,0,3,3,0,4,1,1,0,1,0,"0000000",14,45,14,47,99,99,0,0,0,1,0
26,260331,2,2,0,0,0,2,2,163,1260,10,6,2016,6,21,9,0,2,7,98,6,"ROSEMONT AVE","PAUL",3,42.33609167,-83.21804167,0,12,6,0,2,2,0,1,5,1,0,1,0,"0000000",99,99,99,99,99,99,20,0,0,1,0
26,260332,1,1,0,1,1,2,2,45,0,11,6,2016,7,12,5,0,1,5,98,4,"CR-MULLIKEN RD","ST JOE HWY",69,42.72660278,-84.89634167,0,9,0,0,2,2,0,1,1,1,0,1,0,"0000000",12,6,12,18,88,88,0,0,0,1,0
26,260333,3,3,0,0,0,3,3,55,0,6,6,2016,2,8,54,1,2,3,98,2,"US-31 MUNSON AVE","",19,44.74872222,-85.55662778,0,12,7,0,1,1,0,1,1,10,0,10,0,"0000000",8,57,9,1,99,99,0,0,0,1,0
26,260334,5,5,0,0,0,6,6,115,1586,10,6,2016,6,23,29,1,2,1,1,1,"I-75","",7,41.742475,-83.48577778,0,12,1,0,1,1,0,1,2,1,0,1,0,"0000000",23,31,23,46,88,88,28,0,0,1,0
26,260335,2,2,0,0,0,2,2,147,0,3,6,2016,6,16,3,0,1,4,98,4,"CR-CAPAC RD","HOUGH RD",16,42.90891389,-82.94535833,0,12,6,0,2,2,0,1,1,1,0,1,0,"0000000",16,4,16,17,99,99,0,0,0,1,0
26,260336,1,1,0,0,0,1,1,71,0,5,6,2016,1,21,15,0,1,5,98,4,"CR-GIBBS CITY RD","",24,46.12468333,-88.69880278,0,1,0,0,1,1,0,4,5,10,0,10,0,"0000000",21,25,21,37,88,88,0,0,0,1,1
26,260337,3,3,0,0,0,4,4,147,1369,2,6,2016,5,16,10,0,2,4,98,3,"SR-29 RIVER RD","HAWKS NEST DR",61,42.79855833,-82.4837,0,12,6,0,2,3,0,1,1,1,0,1,0,"0000000",99,99,99,99,99,99,14,0,0,1,0
26,260338,2,2,0,0,0,2,2,133,0,6,6,2016,2,99,99,0,1,5,98,4,"CR-20 MILE RD","5TH AVE",232,44.10247222,-85.09760556,0,12,6,0,2,2,0,1,2,10,0,10,0,"0000000",99,99,99,99,99,99,0,0,0,1,0
26,260339,1,1,0,0,0,2,2,71,4680,7,6,2016,3,21,11,0,1,4,98,3,"SR-189","",28,46.02245278,-88.63472778,0,31,0,0,1,1,0,4,1,1,0,1,0,"0000000",20,11,20,14,99,99,0,0,0,2,1
26,260340,2,2,0,0,0,3,3,125,4020,4,6,2016,7,17,14,1,2,3,98,6,"MARTIN LUTHER KING JR","LOOKOUT DR",18,42.63756944,-83.26897222,0,12,6,0,2,3,0,1,1,2,0,2,0,"0000000",17,14,17,17,99,99,0,0,0,1,0
26,260341,1,1,0,0,0,1,1,163,5176,10,6,2016,6,12,52,1,2,3,98,6,"EDWARD HINES DR","N MERRIMAN RD",86,42.34006389,-83.35015278,0,21,0,0,1,1,0,4,1,1,0,1,0,"0000000",12,55,13,0,99,99,0,0,0,1,0
26,260342,1,1,0,0,0,1,1,65,0,11,6,2016,7,5,33,0,2,7,98,4,"CR-DOBIE RD","",0,42.67766944,-84.41040278,0,24,0,0,1,1,0,4,4,1,0,1,0,"0000000",5,36,5,47,88,88,0,0,0,1,1
26,260343,1,1,0,0,0,2,2,139,0,10,6,2016,6,0,30,0,1,7,98,4,"CR-STANTON ST","",66,42.93596944,-86.08681944,0,42,0,0,1,1,0,4,2,8,0,8,0,"0000000",0,30,0,49,88,88,99,99,99,2,0
26,260344,1,1,0,0,0,1,1,163,1260,12,6,2016,1,22,25,0,2,7,98,6,"LINDSAY DR","",11,42.41482222,-83.21323611,0,30,0,0,1,1,0,4,3,1,0,1,0,"0000000",99,99,99,99,99,99,99,99,99,1,1
26,260345,2,2,0,0,0,4,4,37,307,9,6,2016,5,16,21,1,2,3,98,3,"SR-78 SAGINAW HWY","CHADWELL",1,42.77065833,-84.41885278,0,12,6,0,8,1,0,1,1,1,0,1,0,"0000000",16,22,16,31,99,99,0,0,0,1,0
26,260346,1,1,0,1,1,1,1,163,1260,12,6,2016,1,3,18,1,2,2,98,3,"SR-39","",114,42.38534722,-83.21766111,0,8,0,0,1,1,0,1,3,1,0,1,0,"0000000",3,19,3,30,88,88,0,0,0,1,1
26,260347,1,1,0,0,0,2,2,161,0,11,6,2016,7,17,55,1,2,2,98,2,"US-23","",121,42.25753333,-83.68372778,0,1,0,0,1,1,0,3,1,1,0,1,0,"0000000",99,99,99,99,99,99,0,0,0,1,1
26,260348,3,3,0,0,0,4,4,115,2723,11,6,2016,7,15,5,1,2,3,98,2,"US-24 TELEGRAPH RD","",88,41.84563333,-83.47785833,0,12,8,0,1,1,0,1,1,1,0,1,0,"0000000",15,7,15,15,99,99,0,0,0,1,0
26,260350,2,2,0,0,0,2,2,155,0,12,6,2016,1,15,0,0,2,4,98,3,"SR-52","",199,43.05079722,-84.17710278,0,12,2,0,1,1,0,1,1,1,0,1,0,"0000000",99,99,99,99,88,88,99,99,99,1,0
26,260351,2,2,0,0,0,4,4,139,0,11,6,2016,7,16,25,0,1,5,98,4,"CR-CLEVELAND ST","88TH AVE",29,43.07445,-86.00695556,0,12,1,0,3,2,0,1,1,1,0,1,0,"0000000",16,30,16,37,99,99,0,0,0,1,0
26,260352,1,1,0,0,0,1,1,75,0,16,6,2016,5,18,26,0,1,4,98,4,"CR-TERRITORIAL RD","",22,42.41889444,-84.16975833,0,1,0,0,1,1,0,4,1,1,0,1,0,"0000000",99,99,99,99,99,99,0,0,0,1,1
26,260353,2,1,1,0,0,1,1,163,1260,3,6,2016,6,3,30,0,2,4,98,6,"JOSEPH CAMPAU ST","",31,42.42656944,-83.0727,0,17,0,0,1,1,0,5,3,1,0,1,0,"0000000",99,99,99,99,88,88,0,0,0,1,0
26,260354,1,1,0,0,0,1,1,37,0,4,6,2016,7,15,16,0,1,6,98,4,"CR-SHEPARDSVILLE R","",160,43.10976111,-84.425725,0,1,0,0,1,1,0,4,1,10,0,10,0,"0000000",99,99,99,99,88,88,0,0,0,1,1
26,260355,2,2,0,0,0,2,2,125,4567,17,6,2016,6,7,23,1,2,2,98,3,"SR-10","",47,42.4917,-83.28511111,0,12,1,0,1,1,0,1,1,1,0,1,0,"0000000",99,99,99,99,99,99,0,0,0,1,0
26,260356,2,2,0,0,0,2,2,21,0,17,6,2016,6,15,42,0,2,4,98,2,"US-12","YUNGE RD",19,41.77955833,-86.77375556,0,12,6,0,2,3,0,1,1,1,0,1,0,"0000000",99,99,99,99,99,99,0,0,0,1,0
26,260357,1,1,0,0,0,1,1,5,0,18,6,2016,7,19,20,0,1,7,98,4,"CR-140TH AVE","",24,42.71028889,-85.96427778,0,34,0,0,1,1,0,4,1,1,0,1,0,"0000000",99,99,99,99,88,88,22,0,0,1,1
26,260358,1,1,0,0,0,2,2,159,0,19,6,2016,1,7,55,0,1,5,98,4,"CR-681","",55,42.16779722,-86.10829444,0,34,0,0,1,1,1,4,9,1,0,1,0,"0000000",99,99,99,99,99,99,0,0,0,1,1
26,260359,1,1,0,0,0,1,1,25,0,19,6,2016,1,3,5,0,1,7,98,4,"CR-CONDIT RD","",36,42.22148611,-84.77233333,0,34,0,0,1,1,0,4,2,1,0,1,0,"0000000",3,5,99,99,88,88,0,0,0,1,1
26,260360,1,1,0,0,0,1,1,45,0,15,6,2016,4,23,7,0,1,5,98,4,"CR-IONIA RD","",166,42.67620278,-85.03436667,0,11,0,0,1,1,0,1,2,5,0,5,0,"0000000",23,8,23,15,99,99,0,0,0,1,0
26,260361,2,2,0,0,0,2,2,155,0,20,6,2016,2,13,40,1,1,1,1,1,"I-69","",21,42.80551944,-84.32569167,0,12,1,0,1,1,0,1,1,1,0,1,0,"0000000",13,42,13,52,88,88,0,0,0,1,1
26,260362,2,2,0,0,0,2,2,21,0,20,6,2016,2,13,52,1,2,2,98,2,"US-31","",145,41.95291667,-86.37511944,0,12,2,0,1,1,0,1,1,10,0,10,0,"0000000",13,55,14,9,99,99,99,99,99,1,0
26,260363,2,2,0,0,0,4,4,139,0,21,6,2016,3,11,44,1,2,3,98,2,"US-31","COMSTOCK ST",202,43.03861389,-86.220125,0,12,1,0,3,3,0,1,1,1,0,1,0,"0000000",11,45,11,50,99,99,28,0,0,1,0
26,260364,1,1,0,1,1,1,1,163,2820,16,6,2016,5,8,45,1,2,3,98,6,"SOUTHFIELD RD","",9,42.245175,-83.16007222,0,9,0,0,1,1,0,1,1,1,0,1,0,"0000000",8,43,8,45,99,99,0,0,0,1,0
26,260365,2,2,0,0,0,6,6,55,5,21,6,2016,3,16,46,1,2,3,98,2,"US-31","",81,44.80461389,-85.48019167,0,12,1,0,8,1,0,1,1,1,0,1,0,"0000000",16,49,16,52,99,99,0,0,0,1,0
26,260366,1,1,0,0,0,1,1,49,1731,24,6,2016,6,22,42,0,2,7,98,4,"CR-COURT ST","",10,43.00566667,-83.79273333,0,34,0,0,1,1,0,4,2,1,0,1,0,"0000000",22,41,22,46,99,99,99,99,99,1,0
26,260367,2,2,0,0,0,4,4,77,1084,22,6,2016,4,13,45,1,2,3,98,4,"CR-N SPRINKLE RD","E MICHIGAN AVE",81,42.28943056,-85.53073611,0,12,6,0,2,2,0,1,1,1,0,1,0,"0000000",13,46,13,48,99,99,99,99,99,1,1
26,260368,2,1,1,0,0,1,1,77,0,25,6,2016,7,7,6,0,2,4,98,4,"CR-PORTAGE RD","",47,42.14701667,-85.569475,0,53,0,0,1,1,0,4,1,1,0,1,0,"0000000",6,58,7,5,88,88,0,0,0,1,0