"STATE","ST_CASE","VE_TOTAL","VE_FORMS","PVH_INVL","PEDS","PERNOTMVIT","PERMVIT","PERSONS","COUNTY","CITY","DAY","MONTH","YEAR","DAY_WEEK","HOUR","MINUTE","NHS","RUR_URB","FUNC_SYS","RD_OWNER","ROUTE","TWAY_ID","TWAY_ID2","MILEPT","LATITUDE","LONGITUD","SP_JUR","HARM_EV","MAN_COLL","RELJCT1","RELJCT2","TYP_INT","WRK_ZONE","REL_ROAD","LGT_COND","WEATHER1","WEATHER2","WEATHER","SCH_BUS","RAIL","NOT_HOUR","NOT_MIN","ARR_HOUR","ARR_MIN","HOSP_HR","HOSP_MN","CF1","CF2","CF3","FATALS","DRUNK_DR"
26,260369,1,1,0,0,0,1,1,137,0,22,6,2016,4,23,7,1,2,1,1,1,"I-75","",78,44.96150278,-84.67373056,0,42,0,0,1,1,0,3,2,1,0,1,0,"0000000",23,7,23,15,99,99,0,0,0,1,0
26,260370,3,3,0,0,0,4,4,163,4815,24,6,2016,6,10,31,0,2,4,98,6,"VAN BORN RD","BEECH DALY RD",70,42.268675,-83.28955556,0,12,6,0,2,2,0,1,1,1,0,1,0,"0000000",10,31,10,40,99,99,0,0,0,1,0
26,260371,2,2,0,0,0,4,4,17,0,26,6,2016,1,14,37,0,1,5,98,4,"CR-MACKINAW RD","CODY ESTEY",238,43.86795556,-83.98610833,0,12,6,0,2,2,0,1,1,1,0,1,0,"0000000",13,35,13,41,99,99,99,99,99,2,0
26,260372,2,2,0,0,0,4,4,121,0,25,6,2016,7,12,7,0,1,5,98,4,"CR-ELLIS RD","MOORLAND RD",39,43.16213611,-85.98761389,0,12,6,0,2,2,0,1,1,1,0,1,0,"0000000",12,9,12,17,99,99,0,0,0,1,0
26,260373,2,2,0,0,0,3,3,77,0,25,6,2016,7,14,45,0,1,5,98,4,"CR-S 8TH ST","W S AVE",55,42.17200833,-85.68683056,0,12,6,0,2,2,0,1,1,1,0,1,0,"0000000",14,45,14,50,99,99,0,0,0,1,0
26,260374,2,2,0,0,0,3,3,157,1939,26,6,2016,1,16,25,0,1,7,98,4,"CR-BRADFORD RD","DARBEE RD",100,43.53719444,-83.64243056,0,12,6,0,2,2,0,1,1,1,0,1,0,"0000000",16,27,16,50,99,99,0,0,0,1,0
26,260375,2,2,0,0,0,3,3,163,4166,23,6,2016,5,0,8,0,2,4,98,4,"CR-BEECH DALY RD","",11,42.37265278,-83.29498333,0,12,2,0,1,1,0,1,3,10,0,10,0,"0000000",99,99,99,99,99,99,0,0,0,1,1
26,260376,1,1,0,0,0,1,1,7,0,25,6,2016,7,22,51,1,1,3,98,3,"SR-32","",74,45.06393889,-83.73093611,0,34,0,0,1,1,0,4,2,1,0,1,0,"0000000",22,51,23,0,88,88,99,99,99,1,1
26,260377,1,1,0,1,1,1,1,163,4815,24,6,2016,6,22,9,1,2,3,98,6,"EUREKA","WESTLAKE RD",66,42.19730556,-83.27744722,0,8,0,0,3,2,0,1,3,1,0,1,0,"0000000",22,9,22,20,99,99,0,0,0,1,0
26,260379,1,1,0,0,0,1,1,73,0,25,6,2016,7,1,30,0,1,5,98,4,"CR-W BLANCHARD RD","",21,43.52472222,-85.04716111,0,1,0,0,1,1,0,4,2,99,0,99,0,"0000000",99,99,99,99,88,88,0,0,0,1,1
26,260380,1,1,0,0,0,2,2,53,0,9,6,2016,5,2,19,0,1,7,98,4,"CR-MARION LAKE RD","",23,46.26940556,-89.10308889,0,42,0,0,1,1,0,4,2,1,0,1,0,"0000000",99,99,99,99,88,88,0,0,0,1,1
26,260381,2,2,0,0,0,2,2,81,0,28,6,2016,3,12,13,1,2,2,98,2,"US-131","",20,42.79723611,-85.66855278,0,12,1,0,1,1,1,1,1,10,0,10,0,"0000000",99,99,99,99,88,88,0,0,0,1,0
26,260382,2,2,0,0,0,3,3,163,1260,25,6,2016,7,3,0,1,2,3,98,6,"7 MILE RD","YONKA",188,42.43306667,-83.06608056,0,12,2,0,3,3,0,1,3,1,0,1,0,"0000000",99,99,99,99,99,99,0,0,0,2,1
26,260383,1,1,0,0,0,1,1,163,4975,12,6,2016,1,2,26,0,2,4,98,4,"CR-E HURON RIVER DR","",32,42.21390833,-83.43045556,0,42,0,0,1,1,0,4,2,1,0,1,0,"0000000",99,99,99,99,88,88,0,0,0,1,0
26,260384,1,1,0,1,1,1,1,163,1260,27,6,2016,2,21,10,1,2,3,98,3,"SR-96 GRAND RIVER AVE","",90,42.35750833,-83.11116111,0,9,0,0,1,1,0,1,3,1,0,1,0,"0000000",99,99,99,99,88,88,0,0,0,1,0
26,260385,2,2,0,0,0,3,3,21,0,30,6,2016,5,11,14,0,1,5,98,4,"CR-CLEVELAND AVE","W LINCO RD",157,41.98551111,-86.49487222,0,12,6,0,2,2,0,1,1,1,0,1,0,"0000000",11,17,11,23,99,99,0,0,0,2,0
26,260386,1,1,0,1,1,1,1,163,1212,11,6,2016,7,0,14,1,2,3,98,3,"SR-153 W FORD RD","",194,42.32964167,-83.16862222,0,8,0,0,1,1,0,1,3,1,0,1,0,"0000000",99,99,99,99,99,99,0,0,0,1,1
26,260387,2,2,0,0,0,2,2,99,5111,29,6,2016,4,0,20,1,2,3,98,3,"SR-53","",163,42.77453333,-83.00902222,0,12,2,0,1,1,0,1,2,1,0,1,0,"0000000",0,24,0,30,99,99,0,0,0,1,0
26,260388,2,2,0,0,0,4,4,123,0,28,6,2016,3,17,25,0,1,5,98,4,"CR-ELM AVE","6 MILE RD",105,43.64201389,-85.64190833,0,12,6,0,2,2,0,1,1,1,0,1,0,"0000000",17,25,17,45,99,99,0,0,0,1,0
26,260389,2,2,0,0,0,3,3,9,0,29,6,2016,4,20,42,0,1,3,98,2,"US-31","",10,44.87361389,-85.42443889,0,12,6,0,8,1,0,1,1,1,0,1,0,"0000000",20,43,20,54,99,99,0,0,0,1,0
26,260390,2,2,0,0,0,3,3,25,310,20,6,2016,2,17,44,0,2,4,98,6,"CLARK RD","RIVER RD",15,42.34789444,-85.27936111,0,12,6,0,2,2,0,1,1,1,0,1,0,"0000000",99,99,99,99,99,99,0,0,0,1,0
26,260391,3,3,0,0,0,10,10,81,5319,30,6,2016,5,15,6,1,2,3,98,6,"BYRON CENTER AVE SW","BAYBERRY FARMS DR SW",62,42.85824444,-85.72295833,0,33,0,0,3,2,0,4,1,1,0,1,0,"0000000",15,12,15,18,99,99,0,0,0,1,0
26,260392,1,1,0,0,0,2,2,139,0,27,6,2016,2,13,20,1,1,1,1,1,"I-96","",116,43.05264722,-85.93829167,0,42,0,0,1,1,0,4,1,1,0,1,0,"0000000",99,99,99,99,99,99,99,99,99,1,0
26,260393,2,1,1,0,5,1,6,163,1260,21,6,2016,3,12,15,1,2,2,98,3,"SR-39","",97,42.36147222,-83.21633611,0,14,0,0,1,1,0,4,1,1,0,1,0,"0000000",99,99,99,99,99,99,0,0,0,1,0
26,260394,2,1,1,0,3,1,4,163,1260,28,6,2016,3,15,35,1,2,1,1,1,"I-75","",191,42.30304722,-83.11500833,0,25,0,0,1,1,0,3,1,1,0,1,0,"0000000",99,99,99,99,99,99,99,99,99,2,0
26,260395,1,1,0,1,1,1,1,113,0,30,6,2016,5,4,5,0,1,4,98,3,"SR-55","",87,44.33713889,-85.04014444,0,8,0,0,1,1,4,1,2,1,0,1,0,"0000000",4,8,4,20,88,88,22,0,0,1,0
26,260396,2,2,0,0,0,2,2,75,2500,28,6,2016,3,20,52,0,2,4,98,6,"E PROSPECT ST","S MILWAUKEE ST",10,42.22743889,-84.40019167,0,12,6,0,2,2,0,1,1,1,0,1,0,"0000000",99,99,99,99,99,99,0,0,0,1,0
26,260397,1,1,0,0,0,1,1,111,0,29,6,2016,4,21,18,0,1,5,98,4,"CR-SCHAFFER RD","",65,43.75573611,-84.23681667,0,11,0,0,1,1,0,1,5,1,0,1,0,"0000000",99,99,99,99,99,99,22,0,0,1,0
26,260398,2,2,0,0,0,2,2,99,4521,13,6,2016,2,12,7,0,2,4,98,4,"CR-24 MILE RD","",23,42.68374444,-83.04815278,0,12,2,0,1,1,0,1,1,1,0,1,0,"0000000",12,7,12,10,99,99,0,0,0,1,0
26,260399,2,2,0,0,0,2,2,125,4590,30,6,2016,5,15,43,0,2,5,98,6,"NINE MILE RD","PONTIAC TRL",49,42.44616667,-83.65037778,0,12,6,0,2,2,0,1,1,1,0,1,0,"0000000",15,43,15,44,88,88,0,0,0,1,0
26,260400,1,1,0,9,9,1,1,77,0,7,6,2016,3,18,32,0,2,4,98,4,"CR-N WESTNEDGE AVE","",16,42.33752778,-85.58994167,0,9,0,0,1,1,0,1,1,10,0,10,0,"0000000",18,33,18,35,99,99,0,0,0,5,0
26,260401,2,2,0,0,0,2,2,139,0,26,6,2016,1,14,17,0,2,5,98,4,"CR-QUINCY ST","104TH AVE",86,42.84133333,-86.03936944,0,12,6,0,2,2,0,1,1,1,0,1,0,"0000000",14,17,14,22,99,99,22,0,0,1,0
26,260402,1,1,0,1,1,1,1,163,1260,12,6,2016,1,18,10,1,2,3,98,6,"JEFFERSON AVE","",1,42.33040833,-83.04002778,0,8,0,0,1,1,0,1,1,1,0,1,0,"0000000",99,99,99,99,99,99,0,0,0,1,0
26,260403,2,2,0,0,0,2,2,163,3610,24,6,2016,6,19,40,0,2,4,98,6,"MAIN ST","7 MILE RD",1,42.42570278,-83.474425,0,12,6,0,2,2,0,1,1,1,0,1,0,"0000000",99,99,99,99,99,99,0,0,0,1,0
26,260404,4,4,0,0,0,5,5,75,0,23,6,2016,5,17,38,1,2,1,1,1,"I-94","",166,42.27319722,-84.39616667,0,12,1,0,1,1,0,1,1,1,0,1,0,"0000000",17,38,17,42,99,99,27,28,0,1,0
26,260405,1,1,0,0,0,2,2,85,0,27,6,2016,2,17,51,0,1,5,98,4,"CR-56TH ST","",25,43.88744444,-85.98902222,0,11,0,0,1,1,0,1,2,10,0,10,0,"0000000",17,56,18,4,99,99,22,0,0,1,1
26,260406,1,1,0,0,0,1,1,81,2010,27,5,2016,6,13,41,1,2,1,1,1,"I-96","",120,42.97748333,-85.60318889,0,42,0,0,1,1,0,4,1,1,0,1,0,"0000000",13,37,13,45,88,88,0,0,0,1,0
26,260407,1,1,0,0,0,4,4,145,0,24,6,2016,6,4,22,1,2,3,98,4,"CR-MICHIGAN AVE","",71,43.45603889,-83.95001111,0,42,0,0,1,1,0,4,3,1,0,1,0,"0000000",4,23,4,28,99,99,0,0,0,2,1
26,260408,1,1,0,1,1,2,2,13,0,11,6,2016,7,3,23,0,1,5,98,4,"CR-SECOND SAND BEACH","",20,46.85765556,-88.3846,0,8,0,0,1,1,0,1,2,2,0,2,0,"0000000",99,99,99,99,88,88,22,0,0,1,1
26,260409,1,1,0,0,0,1,1,65,2700,18,6,2016,7,3,27,0,2,4,98,6,"ST JOSEPH ST","",11,42.72655556,-84.58092222,0,30,0,0,1,1,0,4,3,1,0,1,0,"0000000",3,31,3,36,88,88,99,99,99,1,1
26,260410,1,1,0,0,0,1,1,115,0,4,7,2016,2,5,23,0,2,5,98,4,"CR-STEWART RD","",75,41.95338611,-83.41351111,0,31,0,0,1,1,0,4,3,10,0,10,0,"0000000",5,28,5,38,99,99,0,0,0,1,0
26,260411,1,1,0,0,0,1,1,93,0,4,7,2016,2,23,18,0,2,5,98,4,"CR-KENSINGTON RD","",39,42.55239722,-83.69315,0,31,0,0,1,1,0,4,2,1,0,1,0,"0000000",23,18,23,34,88,88,0,0,0,1,1
26,260412,1,1,0,1,1,2,2,163,1260,4,7,2016,2,18,18,0,2,4,98,6,"SCHOOLCRAFT RD","",139,42.388,-83.17916111,0,8,0,0,1,1,0,1,1,1,0,1,0,"0000000",99,99,99,99,99,99,99,99,99,1,0
26,260413,1,1,0,1,1,1,1,99,850,7,7,2016,5,15,15,0,2,7,98,6,"FEDERAL AVE","10 MILE RD",10,42.47740833,-83.02163611,0,9,0,0,2,3,0,1,1,1,0,1,0,"0000000",15,15,15,15,99,99,0,0,0,1,0
26,260414,1,1,0,0,0,1,1,63,0,10,7,2016,1,99,99,0,1,5,98,4,"CR-ATWATER RD","",302,43.71195833,-82.86886111,0,34,0,0,1,1,0,4,9,99,0,99,0,"0000000",99,99,99,99,88,88,0,0,0,1,1
26,260415,2,2,0,0,0,4,4,125,208,18,6,2016,7,16,29,1,2,3,98,6,"E WALTON BLVD","N OPDYKE RD",3,42.67839444,-83.24596944,0,12,6,0,2,2,0,1,1,1,0,1,0,"0000000",16,31,16,34,99,99,0,0,0,1,0
26,260416,3,3,0,0,0,3,3,125,0,11,7,2016,2,21,17,0,2,4,98,4,"CR-GRANGE HALL RD","",38,42.80956389,-83.61658333,0,24,0,0,1,1,0,4,1,1,0,1,0,"0000000",99,99,99,99,88,88,0,0,0,1,0
26,260417,1,1,0,1,1,1,1,81,2010,4,7,2016,2,3,26,1,2,3,98,3,"SR-11 28TH ST SE","",125,42.91281667,-85.652325,0,8,0,0,1,1,0,1,3,1,0,1,0,"0000000",3,29,3,32,88,88,0,0,0,1,0
26,260418,1,1,0,1,1,1,1,139,0,3,7,2016,1,15,14,0,1,7,98,4,"CR-64TH AVE","",56,42.84145556,-85.94000556,0,8,0,0,1,1,0,1,1,1,0,1,0,"0000000",15,17,15,24,99,99,0,0,0,1,0
26,260419,1,1,0,1,1,1,1,161,0,4,7,2016,2,18,19,0,2,7,98,4,"CR-CAROL ANN AVE","",1,42.23004167,-83.57451944,0,8,0,0,1,1,0,1,1,1,0,1,0,"0000000",18,18,18,23,99,99,0,0,0,1,1
26,260420,2,2,0,0,0,2,2,117,3950,11,7,2016,2,23,10,0,1,5,98,4,"CR-STANTON RD","MAPLE HILL RD",10,43.31591944,-85.48251667,0,12,6,0,2,2,0,1,2,1,0,1,0,"0000000",23,10,23,21,99,99,99,99,99,1,0
26,260421,1,1,0,1,1,1,1,125,4020,4,7,2016,2,23,41,1,2,3,98,6,"BALDWIN RD","",16,42.66792222,-83.30031389,0,8,0,0,1,1,0,1,3,1,0,1,0,"0000000",23,44,23,46,99,99,0,0,0,1,0
26,260422,7,7,0,0,0,12,12,65,0,6,7,2016,4,16,54,1,2,1,1,1,"I-96","",100,42.67726944,-84.41312222,0,12,1,0,1,1,0,1,1,1,0,1,0,"0000000",99,99,99,99,99,99,27,0,0,1,0
26,260423,2,2,0,0,0,4,4,63,0,9,7,2016,7,20,57,0,1,4,98,4,"CR-SEBEWAING RD","GAGETOWN RD",115,43.72958056,-83.23731111,0,12,6,0,2,2,0,1,1,1,0,1,0,"0000000",99,99,99,99,99,99,0,0,0,2,0
26,260424,2,2,0,0,0,5,5,125,3712,7,7,2016,5,20,25,0,2,5,98,4,"CR-WALDON RD","BALDWIN RD",57,42.736175,-83.30803056,0,12,6,0,2,2,0,1,1,10,0,10,0,"0000000",99,99,99,99,99,99,20,0,0,1,0
26,260425,2,2,0,0,0,3,3,49,1730,14,7,2016,5,15,49,0,2,4,98,6,"ATHERTON RD","GRAND TRAVERSE ST",16,42.98885556,-83.68198056,0,12,6,0,2,2,0,1,1,1,0,1,0,"0000000",15,50,15,55,99,99,0,0,0,1,0
26,260426,1,1,0,0,0,4,4,115,0,9,7,2016,7,0,45,0,1,4,98,4,"CR-DEERFIELD RD","",20,41.90271389,-83.73242222,0,59,0,0,1,1,0,4,2,1,0,1,0,"0000000",99,99,99,99,99,99,0,0,0,2,1
26,260427,2,2,0,0,0,3,3,149,0,2,7,2016,7,5,32,0,1,4,98,3,"SR-66","FINDLEY RD",97,41.89721667,-85.40963889,0,12,1,0,3,2,0,1,4,1,0,1,0,"0000000",5,32,5,40,99,99,0,0,0,1,0
26,260428,1,1,0,1,1,1,1,25,310,16,7,2016,7,21,31,1,2,3,98,3,"SR-96","20TH ST",32,42.29759444,-85.21876111,0,8,0,0,3,2,0,1,5,1,0,1,0,"0000000",21,30,21,34,88,88,0,0,0,1,0
26,260429,2,2,0,0,0,2,2,125,512,15,7,2016,6,7,25,0,2,4,98,4,"CR-SQUARE LAKE RD","",2,42.60415556,-83.24425833,0,12,1,0,1,1,0,1,1,1,0,1,0,"0000000",7,30,7,35,99,99,0,0,0,1,0
26,260430,1,1,0,0,0,1,1,163,1260,12,7,2016,3,23,15,0,2,5,98,6,"E EDSEL FORD SERVICE DR","",2,42.40521944,-82.96073611,0,19,0,0,1,1,0,5,3,2,0,2,0,"0000000",99,99,99,99,99,99,0,0,0,1,0
26,260431,1,1,0,0,0,6,6,81,0,15,7,2016,6,16,30,0,1,6,98,4,"CR-GAVIN LAKE AVE","",26,43.07924444,-85.40150278,0,42,0,0,1,1,0,4,1,1,0,1,0,"0000000",99,99,99,99,99,99,22,0,0,1,0
26,260432,1,1,0,1,1,2,2,49,1730,15,7,2016,6,23,20,1,2,3,98,3,"SR-54 N DORT HWY","",103,43.05133333,-83.66368611,0,8,0,0,1,1,0,1,2,1,0,1,0,"0000000",11,21,11,21,88,88,0,0,0,1,0
26,260433,1,1,0,0,0,1,1,117,0,17,7,2016,1,20,55,0,1,7,98,4,"CR-BAILEY RD","",0,43.41118056,-85.40345278,0,42,0,0,1,1,0,4,5,1,0,1,0,"0000000",20,11,20,20,88,88,0,0,0,1,1
26,260434,3,2,1,0,0,2,2,93,0,9,7,2016,7,11,43,1,2,3,98,3,"SR-GRAND RIVER AVE","",155,42.58803889,-83.87757778,0,12,6,0,8,1,0,1,1,10,0,10,0,"0000000",11,43,12,5,99,99,0,0,0,1,0
26,260435,1,1,0,0,0,1,1,35,0,14,7,2016,5,18,25,0,1,7,98,4,"CR-HARDING AVE","",50,44.04475,-84.90934722,0,1,0,0,1,1,0,1,1,1,0,1,0,"0000000",18,35,18,42,99,99,0,0,0,1,1
26,260436,2,2,0,0,0,2,2,93,0,20,7,2016,4,11,14,1,2,1,1,1,"I-96","",98,42.60923056,-83.97452222,0,12,1,0,1,1,1,1,1,1,0,1,0,"0000000",99,99,99,99,88,88,3,0,0,1,0
26,260437,2,2,0,0,0,3,3,151,0,18,7,2016,2,9,10,0,1,4,98,3,"SR-19","MARLETTE RD",62,43.33375,-82.82522778,0,12,6,0,2,2,0,1,1,1,0,1,0,"0000000",9,12,9,21,99,99,0,0,0,2,0
26,260438,1,1,0,0,0,1,1,105,0,22,7,2016,6,16,17,1,1,3,98,2,"US-31","",99,44.09534444,-86.28009722,0,19,0,0,1,1,0,5,1,1,0,1,0,"0000000",16,17,16,28,88,88,0,0,0,1,0
26,260439,1,1,0,1,1,1,1,125,4020,23,7,2016,7,21,26,0,2,4,98,6,"AUBURN AVE","",2,42.63420278,-83.28744722,0,8,0,0,1,1,0,1,3,1,0,1,0,"0000000",21,23,99,99,99,99,0,0,0,1,0
26,260440,2,2,0,0,0,3,3,65,3687,1,7,2016,6,18,48,0,1,5,98,4,"CR-BELLEVUE RD","STONE RD",5,42.45101667,-84.55073889,0,12,6,0,2,2,0,1,1,1,0,1,0,"0000000",99,99,99,99,99,99,0,0,0,1,1
26,260441,2,2,0,0,0,2,2,47,0,19,7,2016,3,15,42,0,2,5,98,4,"CR-MITCHELL RD","BOYER RD",27,45.37381667,-84.90437778,0,12,6,0,2,2,0,1,1,1,0,1,0,"0000000",15,42,15,52,88,88,22,0,0,1,0
26,260442,2,2,0,0,0,2,2,61,895,20,7,2016,4,15,32,1,1,3,98,2,"US-41","PORTAGE RD",32,46.98227222,-88.46945278,0,12,1,0,3,2,0,1,1,1,0,1,0,"0000000",99,99,99,99,88,88,28,0,0,1,0
26,260443,1,1,0,1,1,1,1,99,0,20,7,2016,4,22,57,0,2,4,98,6,"15 MILE RD","",10,42.55057778,-83.06999167,0,8,0,0,1,1,0,1,3,1,0,1,0,"0000000",22,59,23,1,99,99,0,0,0,1,0
26,260445,1,1,0,1,1,3,3,91,20,18,7,2016,2,22,0,0,2,4,98,3,"SR-34 W BEECHER RD","",172,41.88898611,-84.0648,0,9,0,0,1,1,0,1,2,1,0,1,0,"0000000",99,99,99,99,88,88,0,0,0,1,0
26,260446,2,2,0,0,0,6,6,75,0,19,7,2016,3,22,0,0,1,7,98,4,"CR-BASELINE RD","",9,42.42459722,-84.29888056,0,12,6,0,1,1,0,4,2,1,0,1,0,"0000000",21,58,22,6,99,99,22,0,0,1,0
26,260447,1,1,0,1,1,1,1,93,0,25,7,2016,2,23,20,0,1,5,98,4,"CR-LATSON RD","",61,42.66665833,-83.87685,0,9,0,0,1,1,0,1,2,1,0,1,0,"0000000",23,21,23,30,88,88,0,0,0,1,1
26,260448,2,2,0,0,0,4,4,57,0,26,7,2016,3,14,17,0,1,5,98,4,"CR-543 ELY HWY","W GRANT RD",60,43.204725,-84.70920556,0,12,6,0,2,2,0,1,1,1,0,1,0,"0000000",14,17,14,28,99,99,0,0,0,1,0
26,260449,2,2,0,0,0,5,5,47,0,23,7,2016,7,21,39,0,2,4,98,3,"SR-119","",3,45.392625,-84.90854444,0,12,2,0,1,1,0,1,3,1,0,1,0,"0000000",21,39,99,99,99,99,0,0,0,1,1
26,260450,1,1,0,0,0,4,4,135,0,22,7,2016,6,0,15,0,1,5,98,4,"CR-ZIMOWSKE RD","",23,44.59414722,-84.18441389,0,5,0,0,1,1,0,1,3,1,0,1,0,"0000000",99,99,99,99,99,99,0,0,0,1,1
26,260451,2,2,0,0,0,3,3,55,0,28,7,2016,5,17,50,1,1,3,98,2,"US-131","SR-186",50,44.57711389,-85.36361667,0,12,6,0,2,2,0,1,1,1,0,1,0,"0000000",17,55,17,57,99,99,0,0,0,2,0
26,260452,2,2,0,0,0,3,3,125,5255,28,7,2016,5,16,29,0,2,4,98,6,"BECK RD","12 MILE RD",1,42.49575,-83.51591667,0,12,6,0,2,3,0,1,1,1,0,1,0,"0000000",16,32,16,41,99,99,0,0,0,1,0
26,260453,1,1,0,0,0,1,1,157,0,30,7,2016,7,14,2,0,1,5,98,4,"CR-E BEVENS RD","",65,43.45453889,-83.27719722,0,42,0,0,1,1,0,4,1,10,0,10,0,"0000000",14,4,14,19,99,99,0,0,0,1,0
26,260454,1,1,0,0,0,1,1,5,0,23,7,2016,7,16,22,0,1,5,98,4,"CR-57TH ST","",8,42.56079444,-86.09875,0,42,0,0,1,1,0,4,1,1,0,1,0,"0000000",99,99,99,99,88,88,0,0,0,1,0
26,260455,2,2,0,0,0,7,7,163,0,27,7,2016,4,20,18,0,1,5,98,4,"CR-MARTINSVILLE RD","",51,42.16048333,-83.46139722,0,12,1,0,1,1,0,1,1,1,0,1,0,"0000000",99,99,99,99,99,99,0,0,0,1,1
26,260456,3,3,0,0,0,3,3,93,2211,29,7,2016,6,5,45,0,1,4,98,4,"CR-CLYDE RD","",67,42.67579444,-83.78555,0,12,2,0,1,1,0,1,4,1,0,1,0,"0000000",5,48,5,57,99,99,0,0,0,1,0
26,260457,1,1,0,1,1,1,1,117,0,22,7,2016,6,5,48,0,1,5,98,4,"CR-STANTON RD","",5,43.31596389,-85.49235556,0,8,0,0,1,1,0,1,2,1,0,1,0,"0000000",88,88,88,88,88,88,99,99,99,1,0
26,260458,2,2,0,0,0,2,2,49,1730,22,7,2016,6,12,43,1,2,3,98,3,"SR-54","WEBSTER RD",118,43.06861944,-83.67404722,0,12,6,0,2,3,0,1,1,1,0,1,0,"0000000",12,47,12,52,99,99,0,0,0,1,0
26,260459,1,1,0,0,0,2,2,23,1020,30,7,2016,7,1,48,0,2,6,98,6,"HULL ST","",8,41.942375,-84.98496667,0,33,0,0,1,1,0,4,3,10,0,10,0,"0000000",1,49,99,99,99,99,0,0,0,1,1
26,260460,1,1,0,0,0,1,1,5,1713,27,7,2016,4,6,15,0,1,4,98,4,"CR-A2 BLUE STAR HWY","",104,42.70357778,-86.11429167,0,33,0,0,1,1,0,4,4,1,0,1,0,"0000000",6,15,6,20,99,99,0,0,0,1,0
26,260461,3,3,0,0,0,6,6,99,4731,20,7,2016,4,9,5,1,2,3,98,6,"METROPOLITAN PKWY","DEQUINDRE RD",144,42.56411944,-83.08875,0,12,6,0,2,2,0,1,1,1,0,1,0,"0000000",9,7,9,12,99,99,0,0,0,1,0
26,260462,1,1,0,0,0,3,3,163,1260,30,7,2016,7,4,13,1,2,3,98,6,"SCHAEFER","",108,42.43079722,-83.180475,0,30,0,0,1,1,0,4,3,1,0,1,0,"0000000",99,99,99,99,99,99,0,0,0,1,0
26,260463,2,2,0,0,0,2,2,37,0,30,7,2016,7,3,50,0,1,5,98,4,"CR-N TALLMAN RD","",97,43.08393889,-84.75913889,0,12,2,0,1,1,0,1,2,2,0,2,0,"0000000",3,51,4,13,99,99,0,0,0,1,0
26,260464,1,1,0,1,1,1,1,125,0,10,7,2016,1,23,30,1,2,3,98,3,"SR-102 8 MILE RD","",78,42.44573611,-83.16940278,0,8,0,0,1,1,0,1,2,1,0,1,0,"0000000",99,99,99,99,88,88,0,0,0,1,1
26,260465,1,1,0,0,0,2,2,135,0,22,7,2016,6,21,34,0,1,7,98,4,"CR-THOMPSON RD","",7,44.67131944,-84.16071667,0,42,0,0,1,1,0,4,2,1,0,1,0,"0000000",99,99,99,99,99,99,0,0,0,1,1
26,260466,1,1,0,0,0,1,1,125,4020,17,7,2016,1,1,11,1,2,3,98,3,"SR-24 WOODWARD AVE","",8,42.62883611,-83.28796667,0,33,0,0,1,1,0,4,2,1,0,1,0,"0000000",1,12,1,12,99,99,0,0,0,1,1
26,260467,2,2,0,0,0,2,2,151,0,6,5,2016,6,8,35,0,1,5,98,4,"CR-GALBRAITH LINE RD","BABCOCK RD",228,43.19647222,-82.54653889,0,12,6,0,2,4,0,1,1,1,0,1,0,"0000000",8,37,8,51,88,88,0,0,0,1,0
26,260468,1,1,0,0,0,1,1,137,0,25,7,2016,2,23,23,0,1,7,98,4,"CR-MEECHER RD","",1,45.05606389,-84.69931667,0,35,0,0,1,1,0,4,2,1,0,1,0,"0000000",23,23,23,40,88,88,22,0,0,1,0
26,260469,2,2,0,0,0,2,2,81,5319,27,7,2016,4,16,19,1,2,3,98,6,"44TH STREET","US-131 RAMP 006D",46,42.88418611,-85.68070833,0,12,6,1,2,3,0,1,1,1,0,1,0,"0000000",16,20,16,24,99,99,0,0,0,1,0
26,260470,1,1,0,0,0,1,1,155,3780,13,6,2016,2,2,50,0,2,4,98,3,"SR-52 SHIAWASSEE ST","",153,42.982875,-84.17703333,0,42,0,0,1,1,0,4,3,1,0,1,0,"0000000",99,99,99,99,88,88,0,0,0,1,0
26,260471,1,1,0,0,0,1,1,5,1310,13,7,2016,4,12,8,0,2,4,98,6,"CR-A2 BLUE STAR HWY","",38,42.646525,-86.20259444,0,1,0,0,1,1,0,1,1,1,0,1,0,"0000000",99,99,99,99,99,99,0,0,0,1,0
26,260472,1,1,0,0,0,1,1,9,0,26,7,2016,3,18,43,0,6,96,96,4,"CR-TORCH LAKE DR","",3,44.92500278,-85.3234,0,42,0,0,1,1,0,4,1,1,0,1,0,"0000000",99,99,99,99,88,88,0,0,0,1,0
26,260473,2,2,0,0,0,3,3,163,2430,3,7,2016,1,1,9,1,2,3,98,6,"MIDDLEBELT","",118,42.2885,-83.32931111,0,12,2,0,1,1,0,1,3,1,0,1,0,"0000000",99,99,99,99,99,99,0,0,0,1,0
26,260474,3,3,0,0,0,3,3,147,0,27,7,2016,4,14,23,1,2,1,1,1,"I-94","",240,42.99053611,-82.45594722,0,12,1,1,18,1,0,1,1,1,0,1,0,"0000000",14,38,14,38,88,88,0,0,0,1,0
26,260475,2,2,0,0,0,2,2,87,2110,30,7,2016,7,11,54,0,1,6,98,4,"CR-BROCKER RD","HERD RD",21,42.91143056,-83.35764444,0,12,6,0,2,2,0,1,1,2,0,2,0,"0000000",11,54,12,6,99,99,99,99,99,1,0