"STATE","ST_CASE","VE_TOTAL","VE_FORMS","PVH_INVL","PEDS","PERNOTMVIT","PERMVIT","PERSONS","COUNTY","CITY","DAY","MONTH","YEAR","DAY_WEEK","HOUR","MINUTE","NHS","RUR_URB","FUNC_SYS","RD_OWNER","ROUTE","TWAY_ID","TWAY_ID2","MILEPT","LATITUDE","LONGITUD","SP_JUR","HARM_EV","MAN_COLL","RELJCT1","RELJCT2","TYP_INT","WRK_ZONE","REL_ROAD","LGT_COND","WEATHER1","WEATHER2","WEATHER","SCH_BUS","RAIL","NOT_HOUR","NOT_MIN","ARR_HOUR","ARR_MIN","HOSP_HR","HOSP_MN","CF1","CF2","CF3","FATALS","DRUNK_DR"
26,260476,1,1,0,1,1,1,1,161,0,25,7,2016,2,21,51,9,2,3,98,2,"US-12","DORSET",4,42.23519722,-83.575525,0,9,0,0,3,2,0,1,2,1,0,1,0,"0000000",21,52,21,55,99,99,0,0,0,1,0
26,260477,1,1,0,0,0,1,1,65,2700,30,7,2016,7,1,51,0,2,4,98,6,"W EDGEWOOD","",10,42.66300556,-84.56820833,0,7,0,0,1,1,0,1,3,1,0,1,0,"0000000",1,51,1,55,88,88,0,0,0,1,0
26,260478,1,1,0,1,1,1,1,103,0,31,7,2016,1,13,30,1,1,3,98,2,"US-41","",421,46.48615278,-87.75465556,0,9,0,0,1,1,0,1,1,10,0,10,0,"0000000",99,99,99,99,88,88,0,0,0,1,0
26,260479,1,1,0,0,0,1,1,95,0,26,7,2016,3,12,35,0,1,5,98,4,"CR-135 H-33 HWY","",15,46.26500278,-85.71282222,0,42,0,0,1,1,0,4,1,1,0,1,0,"0000000",12,50,13,0,99,99,99,99,99,1,1
26,260480,2,2,0,0,0,3,3,49,1931,30,7,2016,7,5,20,1,2,1,1,1,"I-475","",116,43.07716667,-83.68383056,0,12,2,0,1,1,0,1,4,1,0,1,0,"0000000",5,26,5,30,99,99,0,0,0,1,1
26,260481,1,1,0,0,0,1,1,25,0,22,7,2016,6,13,15,0,1,5,98,4,"CR-8 MILE RD","",29,42.11323611,-85.14160833,0,42,0,0,1,1,0,4,1,1,0,1,0,"0000000",99,99,99,99,88,88,22,0,0,1,0
26,260482,2,2,0,0,0,4,4,17,2543,22,7,2016,6,18,39,0,1,4,98,3,"SR-13 HURON RD","",97,43.66953611,-83.95253333,0,12,1,0,1,1,0,1,1,1,0,1,0,"0000000",99,99,99,99,99,99,0,0,0,1,0
26,260483,1,1,0,0,0,1,1,163,1260,9,7,2016,7,0,10,1,2,2,98,3,"SR-10","",35,42.40605833,-83.16164167,0,35,0,0,1,1,0,8,3,1,0,1,0,"0000000",99,99,99,99,88,88,0,0,0,1,0
26,260484,3,3,0,0,0,5,5,105,0,28,7,2016,5,17,28,1,2,3,98,2,"US-10","N BRYE RD",36,43.95616389,-86.37946389,0,12,6,0,2,2,0,1,1,10,0,10,0,"0000000",99,99,99,99,99,99,0,0,0,1,0
26,260485,1,1,0,0,0,1,1,135,0,2,7,2016,7,22,55,0,1,4,98,4,"CR-RED OAK RD","MILLER RD",79,44.72506944,-84.29233611,0,5,0,0,2,2,0,1,3,1,0,1,0,"0000000",99,99,99,99,88,88,0,0,0,1,0
26,260486,2,2,0,0,0,4,4,163,1260,2,7,2016,7,2,30,1,2,3,98,3,"SR-96 W GRAND RIVER AVE","COLUMBUS",87,42.35942222,-83.11589722,0,12,6,0,2,3,0,1,3,1,0,1,0,"0000000",99,99,99,99,99,99,0,0,0,1,2
26,260487,1,1,0,0,0,1,1,127,0,20,7,2016,4,19,15,0,1,5,98,4,"CR-LONGBRIDGE RD","",2,43.76859722,-86.43571667,0,5,0,0,1,1,0,1,1,1,0,1,0,"0000000",19,18,19,28,99,99,99,99,99,1,0
26,260488,1,1,0,0,0,1,1,143,0,10,7,2016,1,18,55,0,1,7,98,4,"CR-EMERY RD","",4,44.27642778,-84.56138056,0,18,0,0,1,1,0,4,1,1,0,1,0,"0000000",99,99,99,99,99,99,0,0,0,1,0
26,260489,3,3,0,0,0,4,4,99,924,23,7,2016,7,11,48,1,2,3,98,3,"SR-3","22 MILE RD",43,42.65996944,-82.84503889,0,12,1,0,3,3,0,1,1,1,0,1,0,"0000000",11,50,11,53,99,99,0,0,0,1,0
26,260490,3,2,1,1,1,3,3,163,1260,3,7,2016,1,19,0,0,2,4,98,6,"OUTER DR","FENELON ST",15,42.44068611,-83.05413889,0,12,1,0,3,3,0,1,1,1,0,1,0,"0000000",99,99,99,99,99,99,15,0,0,1,0
26,260491,2,2,0,0,0,2,2,67,0,1,8,2016,2,18,33,0,1,4,98,3,"SR-66 S STATE RD","E GRAND RIVER AVE",80,42.88606389,-85.074975,0,12,6,0,2,2,4,1,1,1,0,1,0,"0000000",18,33,18,38,88,88,99,99,99,1,0
26,260492,2,2,0,0,0,2,2,125,1652,12,5,2016,5,15,38,0,2,7,98,6,"CRESTVIEW COURT AVE","",1,42.47084444,-83.42724444,0,12,2,0,8,1,0,1,1,1,0,1,0,"0000000",15,24,15,28,99,99,0,0,0,1,0
26,260493,2,2,0,0,0,2,2,49,1730,1,8,2016,2,8,43,1,2,1,1,1,"I-69","",117,42.99382222,-83.708625,0,12,7,1,18,1,1,1,1,1,0,1,0,"0000000",8,43,8,56,88,88,0,0,0,1,0
26,260494,1,1,0,0,0,2,2,39,0,2,8,2016,3,21,15,1,1,3,98,3,"SR-72","",22,44.67601389,-84.81305,0,11,0,0,1,1,0,1,2,1,0,1,0,"0000000",21,16,21,38,99,99,0,0,0,1,0
26,260495,1,1,0,0,0,1,1,99,2181,2,8,2016,3,22,16,0,2,7,98,4,"CR-TOWNHALL ST","TUCKER ST",1,42.57436389,-82.85150278,0,1,0,0,1,1,0,1,3,1,0,1,0,"0000000",22,16,22,20,99,99,0,0,0,1,1
26,260496,2,2,0,0,0,3,3,89,0,4,8,2016,5,16,30,0,1,4,98,3,"SR-22 MANITOU TRL","",371,45.09854722,-85.65940278,0,12,8,0,1,1,0,1,1,1,0,1,0,"0000000",16,31,16,37,88,88,0,0,0,2,1
26,260497,1,1,0,1,1,1,1,123,0,2,8,2016,3,18,5,0,1,4,98,3,"SR-82 72ND ST","BALDWIN AVE",28,43.42366667,-85.88017778,0,49,0,0,2,2,0,1,1,1,0,1,0,"0000000",99,99,99,99,99,99,0,0,0,1,0
26,260498,1,1,0,0,0,1,1,65,2700,3,8,2016,4,22,53,0,2,3,98,3,"SR-99 MARTIN LUTHER KING JR","",31,42.68933056,-84.56758333,0,11,0,0,1,1,0,1,3,1,0,1,0,"0000000",22,53,22,56,99,99,0,0,0,1,0
26,260499,2,2,0,0,0,6,6,55,0,6,8,2016,7,11,18,0,1,7,98,4,"CR-GONDER RD","RILEY RD",31,44.64410556,-85.79831944,0,12,6,0,2,2,0,1,1,1,0,1,0,"0000000",11,20,11,31,99,99,99,99,99,2,0
26,260500,1,1,0,0,0,1,1,77,0,5,8,2016,6,15,12,1,1,1,1,1,"I-94","",245,42.27536667,-85.30977222,0,7,0,1,18,1,0,1,1,1,0,1,0,"0000000",15,12,15,20,88,88,0,0,0,1,0
26,260501,2,2,0,0,0,3,3,115,0,6,8,2016,7,22,19,0,1,5,98,4,"CR-CONSEAR RD","",21,41.76947778,-83.684275,0,12,2,0,1,1,0,1,2,1,0,1,0,"0000000",22,24,23,1,99,99,0,0,0,2,2
26,260502,3,3,0,0,0,3,3,37,0,4,8,2016,5,14,39,1,2,3,98,3,"SR-96 GRAND RIVER AVE","AIRPORT RD",122,42.77259167,-84.60753889,0,12,6,0,2,3,0,1,1,10,0,10,0,"0000000",99,99,99,99,99,99,0,0,0,1,0
26,260503,3,2,1,0,2,3,5,163,1260,7,8,2016,1,2,37,1,2,2,98,3,"SR-39 SOUTHFIELD FWY","",123,42.39936389,-83.21835,0,12,1,0,1,1,0,1,3,10,0,10,0,"0000000",2,37,2,43,99,99,19,0,0,1,1
26,260504,2,2,0,0,0,6,6,163,1212,8,8,2016,2,0,2,1,2,2,98,3,"SR-39","",74,42.3276,-83.21551944,0,12,1,0,1,1,0,1,3,1,0,1,0,"0000000",99,99,99,99,99,99,0,0,0,1,0
26,260505,2,2,0,0,0,3,3,37,0,9,8,2016,3,8,0,1,1,3,98,2,"US-127","",15,43.06183889,-84.56378056,0,12,1,0,1,1,0,1,1,1,0,1,0,"0000000",8,1,8,7,88,88,0,0,0,2,1
26,260506,2,2,0,0,0,4,4,165,0,11,8,2016,5,14,10,0,1,5,98,4,"CR-MACKINAW TRL","48 RD/MCBAIN RD",20,44.19404167,-85.40564444,0,12,6,0,2,4,0,1,1,10,0,10,0,"0000000",14,14,14,16,99,99,0,0,0,1,0
26,260507,1,1,0,0,0,2,2,41,1748,8,8,2016,2,20,30,1,1,3,98,3,"SR-35","",113,45.68052778,-87.13739444,0,42,0,0,1,1,0,4,1,1,0,1,0,"0000000",20,31,99,99,99,99,0,0,0,1,0
26,260508,1,1,0,1,1,1,1,27,0,11,8,2016,5,9,28,0,2,4,98,2,"US-12","",109,41.79558333,-86.03994444,0,9,0,0,1,1,0,1,1,10,0,10,0,"0000000",9,31,9,39,88,88,0,0,0,1,0
26,260509,1,1,0,0,0,1,1,115,2723,12,8,2016,6,16,40,0,2,5,98,4,"CR-YARGERVILLE RD","",146,41.86821944,-83.48663056,0,42,0,0,1,1,0,5,1,10,0,10,0,"0000000",16,45,99,99,99,99,0,0,0,1,1
26,260510,1,1,0,0,0,2,2,125,0,12,8,2016,6,19,0,1,2,1,1,1,"I-75","",398,42.78855833,-83.53974444,0,52,0,0,1,1,0,3,1,2,0,2,0,"0000000",19,0,19,20,88,88,0,0,0,1,0
26,260511,2,2,0,0,0,3,3,147,4060,5,8,2016,6,18,46,1,2,3,98,3,"SR-25 MILITARY RD","",193,42.95670556,-82.42917222,0,12,1,0,1,1,0,1,1,1,0,1,0,"0000000",18,46,18,49,99,99,0,0,0,1,0
26,260512,1,1,0,1,1,1,1,47,0,7,8,2016,1,12,48,1,2,3,98,2,"US-31","",54,45.41110278,-84.86676944,0,9,0,0,1,1,0,4,1,1,0,1,0,"0000000",12,48,12,53,99,99,0,0,0,1,0
26,260513,1,1,0,1,1,1,1,49,1731,13,8,2016,7,22,49,1,2,3,98,3,"SR-21 CORUNNA RD","",72,43.00184722,-83.78754722,0,8,0,0,1,1,0,1,3,10,0,10,0,"0000000",99,99,99,99,88,88,0,0,0,1,0
26,260514,2,2,0,0,0,2,2,99,4330,17,8,2016,4,13,3,0,2,4,98,6,"13 MILE RD","",63,42.52491944,-82.90508889,0,12,6,0,8,1,0,1,1,1,0,1,0,"0000000",99,99,99,99,99,99,0,0,0,1,0
26,260515,1,1,0,0,0,1,1,165,0,21,8,2016,1,7,30,1,2,2,98,2,"US-131","",76,44.28499167,-85.38846389,0,1,0,0,1,1,0,4,2,2,0,2,0,"0000000",99,99,99,99,88,88,0,0,0,1,1
26,260516,2,2,0,0,0,2,2,125,512,8,8,2016,2,15,29,0,2,5,98,4,"CR-HICKORY GROVE RD","ASPEN LN",15,42.59601389,-83.27726111,0,12,6,0,2,2,0,1,1,1,0,1,0,"0000000",15,29,15,36,88,88,0,0,0,1,0
26,260517,2,2,0,0,0,5,5,111,0,8,8,2016,2,16,5,0,2,5,98,4,"CR-RIVER RD","",20,43.705425,-84.39343889,0,12,6,0,8,1,0,1,1,1,0,1,0,"0000000",99,99,99,99,99,99,22,0,0,1,0
26,260518,2,2,0,0,0,2,2,139,0,10,8,2016,4,6,30,0,1,4,98,4,"CR-136TH AVE","JAMES ST",3,42.81213056,-86.11741667,0,12,6,0,2,2,0,1,4,1,0,1,0,"0000000",6,36,6,38,99,99,0,0,0,1,0
26,260519,2,2,0,0,0,3,3,165,0,5,8,2016,6,16,20,0,1,4,98,3,"SR-115","N 7 RD",33,44.41086667,-85.76003333,0,12,2,0,2,2,0,1,1,1,0,1,0,"0000000",16,24,16,30,99,99,99,99,99,1,0
26,260520,1,1,0,0,0,1,1,91,0,21,8,2016,1,10,52,1,1,3,98,2,"US-12","",7,42.071725,-84.08818889,0,24,0,0,1,1,0,4,1,1,0,1,0,"0000000",10,56,11,5,88,88,99,99,99,1,0
26,260521,2,2,0,0,0,2,2,47,0,11,8,2016,5,16,30,0,1,5,98,4,"CR-INTERTOWN RD","",18,45.341275,-84.98971111,0,12,6,0,8,1,0,1,1,10,0,10,0,"0000000",16,30,16,36,99,99,22,0,0,1,1
26,260522,1,1,0,0,0,5,5,89,2758,20,8,2016,7,7,56,0,1,4,98,3,"SR-22 S MANITOU TRL","",247,44.96702778,-85.78984444,0,42,0,0,1,1,0,4,1,10,0,10,0,"0000000",8,5,8,7,99,99,0,0,0,3,0
26,260523,2,2,0,0,0,5,5,163,1260,7,8,2016,1,4,50,1,2,3,98,6,"7 MILE RD","STRASBURG ST",222,42.43461944,-82.99850833,0,12,6,0,2,2,0,1,3,1,0,1,0,"0000000",99,99,99,99,99,99,99,99,99,1,1
26,260524,1,1,0,1,1,1,1,81,0,9,8,2016,3,19,4,0,2,7,98,4,"CR-16 MILE RD NE","",11,43.20550833,-85.55303333,0,9,0,0,16,1,0,1,1,1,0,1,0,"0000000",19,6,19,28,99,99,99,99,99,1,1
26,260525,1,1,0,1,1,1,1,125,5210,11,8,2016,5,1,21,1,2,3,98,3,"SR-59","",118,42.65771389,-83.45924722,0,9,0,0,1,1,0,1,2,1,0,1,0,"0000000",1,25,1,30,88,88,0,0,0,1,0
26,260527,2,2,0,0,0,2,2,163,2850,13,8,2016,7,15,43,1,2,3,98,6,"FARMINGTON RD","RAYBURN ST",35,42.40075,-83.37374722,0,12,6,0,2,2,0,1,1,2,0,2,0,"0000000",15,45,15,46,99,99,0,0,0,1,0
26,260528,1,1,0,1,1,1,1,157,0,13,8,2016,7,20,38,0,1,7,98,4,"CR-BROWN RD","",8,43.32239444,-83.53918333,0,8,0,0,1,1,0,1,1,10,0,10,0,"0000000",20,39,20,48,99,99,0,0,0,1,0
26,260529,2,2,0,0,0,3,3,77,4030,16,8,2016,3,19,40,1,2,3,98,6,"WESTNEDGE AVE","",25,42.24185278,-85.58955556,0,12,6,0,8,1,0,1,1,1,0,1,0,"0000000",99,99,99,99,88,88,99,99,99,1,0
26,260530,2,2,0,0,0,2,2,163,4815,21,8,2016,1,18,8,0,2,4,98,6,"INKSTER RD","",76,42.21714167,-83.30725278,0,12,6,0,8,1,0,1,1,1,0,1,0,"0000000",18,10,18,17,99,99,0,0,0,1,0
26,260531,1,1,0,1,1,1,1,49,1680,18,8,2016,5,12,10,1,2,2,98,2,"US-23 RAMP 011B","",0,42.79017222,-83.73727778,0,8,0,0,5,1,0,1,1,1,0,1,0,"0000000",12,11,12,14,99,99,0,0,0,1,0
26,260532,1,1,0,0,0,1,1,99,2934,20,8,2016,7,22,40,0,2,5,98,4,"CR-22 MILE RD","",79,42.65781389,-82.92071944,0,40,0,0,1,1,0,4,2,10,0,10,0,"0000000",22,41,22,46,99,99,0,0,0,1,0
26,260533,2,2,0,0,0,3,3,149,0,18,8,2016,5,15,35,1,1,3,98,2,"US-12","",214,41.80079444,-85.35076944,0,12,6,0,8,1,0,1,1,1,0,1,0,"0000000",99,99,99,99,88,88,0,0,0,1,0
26,260534,1,1,0,1,1,1,1,149,5220,22,8,2016,2,17,20,1,1,3,98,2,"US-131","",30,41.79826111,-85.66250556,0,8,0,0,1,1,0,2,1,1,0,1,0,"0000000",17,22,17,27,99,99,0,0,0,1,0
26,260535,2,2,0,0,0,4,4,123,0,21,8,2016,1,12,45,0,1,5,98,4,"CR-48TH ST","CROSWELL AVE",70,43.46696111,-85.89998611,0,12,6,0,2,2,0,1,1,1,0,1,0,"0000000",99,99,99,99,99,99,0,0,0,1,0
26,260536,2,2,0,0,0,3,3,125,4020,19,8,2016,6,21,51,1,2,3,98,3,"SR-59 HURON ST","WOODWARD AVE",208,42.63820833,-83.29595278,0,12,6,0,2,2,0,1,3,1,0,1,0,"0000000",21,52,21,57,99,99,99,99,99,1,0
26,260537,2,2,0,0,0,2,2,99,2934,24,8,2016,4,6,27,0,2,4,98,4,"CR-24 MILE RD","HAYES RD",60,42.68608611,-82.97560556,0,12,6,0,2,2,0,1,4,10,0,10,0,"0000000",6,28,99,99,99,99,0,0,0,1,0
26,260538,1,1,0,0,0,4,4,163,1260,23,8,2016,3,1,15,1,2,3,98,6,"EVERGREEN","",83,42.42768333,-83.23876111,0,30,0,0,1,1,0,4,3,1,0,1,0,"0000000",99,99,99,99,99,99,99,99,99,1,0
26,260539,2,2,0,0,0,2,2,163,1920,23,8,2016,3,23,19,1,2,3,98,3,"SR-153 FORD RD","",99,42.32508056,-83.35303611,0,12,8,0,1,1,0,1,3,1,0,1,0,"0000000",23,22,23,24,99,99,0,0,0,1,0
26,260540,2,2,0,0,0,3,3,99,5110,24,8,2016,4,4,33,1,2,3,98,3,"SR-97 GROESBECK HWY","8 MILE RD",0,42.44916667,-83.00251389,0,12,6,0,2,2,0,1,3,1,0,1,0,"0000000",4,33,4,38,88,88,0,0,0,1,0
26,260541,1,1,0,0,0,1,1,67,0,16,8,2016,3,22,23,0,2,4,98,3,"SR-66 N STATE RD","",6,42.99231111,-85.07501944,0,33,0,0,1,1,0,4,3,1,0,1,0,"0000000",22,24,22,31,99,99,99,99,99,1,1
26,260542,2,2,0,0,0,4,4,65,0,21,8,2016,1,14,37,0,1,4,98,4,"CR-COLUMBIA RD","EIFERT RD",31,42.58208611,-84.54266111,0,12,6,0,2,2,0,1,1,10,0,10,0,"0000000",14,37,14,43,99,99,0,0,0,1,0
26,260543,1,1,0,0,0,1,1,81,0,27,8,2016,7,8,32,0,1,5,98,4,"CR-VERGENNES ST NE","",55,42.95843889,-85.36626667,0,42,0,0,1,1,0,4,1,2,0,2,0,"0000000",8,35,8,41,88,88,0,0,0,1,1
26,260544,1,1,0,0,0,1,1,93,0,28,8,2016,1,21,47,0,2,5,98,4,"CR-SILVER LAKE RD","",10,42.49858333,-83.68122778,0,18,0,0,1,1,0,1,2,1,0,1,0,"0000000",21,47,21,57,99,99,0,0,0,1,1
26,260545,1,1,0,1,1,1,1,81,0,17,8,2016,4,20,19,0,2,5,98,4,"CR-CANNONSBURG RD NE","",93,43.05701389,-85.54571389,0,9,0,0,1,1,0,2,1,1,0,1,0,"0000000",20,24,20,33,99,99,99,99,99,1,0
26,260546,1,1,0,1,1,1,1,125,4020,24,8,2016,4,16,46,0,2,7,98,6,"KETTERING","",5,42.65954444,-83.2615,0,8,0,0,1,1,0,1,1,10,0,10,0,"0000000",16,47,16,53,99,99,0,0,0,1,0
26,260547,1,1,0,0,0,1,1,125,1652,27,8,2016,7,4,24,0,2,5,98,6,"SHIAWASSEE RD","",10,42.45015556,-83.31945556,0,59,0,0,1,1,0,4,2,10,0,10,0,"0000000",4,24,4,24,88,88,0,0,0,1,1
26,260548,2,2,0,0,0,2,2,161,567,24,8,2016,4,21,49,1,1,3,98,2,"US-12 MICHIGAN AVE","",4,42.08184167,-83.95158056,0,12,2,0,1,1,0,1,2,10,0,10,0,"0000000",99,99,99,99,99,99,0,0,0,1,0
26,260549,2,2,0,0,0,3,3,165,0,10,8,2016,4,11,4,1,2,3,98,3,"SR-115","",275,44.20199722,-85.40693333,0,12,1,0,8,1,0,1,1,1,0,1,0,"0000000",11,4,11,10,99,99,0,0,0,1,0
26,260550,1,1,0,0,0,1,1,163,1260,28,8,2016,1,13,15,1,2,3,98,6,"LINWOOD ST","",23,42.38550556,-83.11690833,0,33,0,0,1,1,0,4,1,1,0,1,0,"0000000",99,99,99,99,88,88,0,0,0,1,0
26,260551,1,1,0,0,0,1,1,81,0,28,8,2016,1,6,29,0,2,5,98,4,"CR-PINE ISLAND DR NE","",55,43.12096667,-85.65078611,0,42,0,0,1,1,0,4,4,10,0,10,0,"0000000",6,33,6,41,88,88,0,0,0,1,1
26,260552,2,2,0,0,0,3,3,163,4815,25,8,2016,5,9,17,1,2,3,98,6,"VAN BORN RD","BEECH DALY RD",70,42.26868333,-83.289525,0,12,6,0,2,2,0,1,1,1,0,1,0,"0000000",9,17,9,22,88,88,0,0,0,2,0
26,260553,3,3,0,0,0,5,5,163,1260,28,8,2016,1,15,6,1,2,3,98,6,"SEVEN MILE RD","RUTHERFORD",116,42.43033056,-83.20497222,0,12,1,0,3,2,0,1,1,1,0,1,0,"0000000",99,99,99,99,99,99,0,0,0,1,0
26,260554,2,2,0,0,0,6,6,67,0,26,8,2016,6,18,57,0,1,5,98,4,"CR-GRAND RIVER","MORRISON LAKE RD",49,42.88643333,-85.21329444,0,12,6,0,2,2,0,1,5,1,0,1,0,"0000000",18,59,19,12,99,99,99,99,99,1,0
26,260555,1,1,0,0,0,1,1,35,0,27,8,2016,7,16,16,0,1,5,98,4,"CR-CLARE AVE","",32,43.86178611,-84.76808333,0,11,0,0,1,1,0,1,1,10,0,10,0,"0000000",16,16,99,99,99,99,22,0,0,1,0
26,260556,1,1,0,0,0,2,2,147,0,28,8,2016,1,21,45,1,2,3,98,3,"SR-25 KIMBALL DR","",105,43.13929167,-82.50199167,0,11,0,0,1,1,0,1,2,1,0,1,0,"0000000",21,48,21,51,99,99,0,0,0,1,0
26,260557,1,1,0,1,1,1,1,77,0,28,8,2016,1,17,11,0,2,4,98,4,"CR-N 32ND ST","",49,42.35809444,-85.45484722,0,9,0,0,1,1,0,2,1,1,0,1,0,"0000000",99,99,99,99,99,99,0,0,0,1,0
26,260558,2,1,1,1,1,1,1,161,3582,20,8,2016,7,5,16,1,2,1,1,1,"I-94","",227,42.23708611,-83.73793611,0,8,0,0,1,1,0,2,2,10,0,10,0,"0000000",99,99,99,99,88,88,23,0,0,1,0
26,260559,1,1,0,1,1,1,1,161,0,26,8,2016,6,10,40,0,1,5,98,4,"CR-DEXTER CHELSEA RD","",24,42.32359444,-83.97294167,0,9,0,0,1,1,0,1,1,1,0,1,0,"0000000",99,99,99,99,88,88,0,0,0,1,0
26,260560,2,2,0,0,0,3,3,163,1260,15,8,2016,2,23,30,0,2,4,98,4,"CR-E JEFFERSON AVE","",86,42.35193889,-82.99397778,0,12,6,0,8,1,0,1,3,10,0,10,0,"0000000",99,99,99,99,99,99,0,0,0,1,1
26,260561,1,1,0,0,0,2,2,163,1260,17,8,2016,4,1,0,1,2,3,98,6,"LIVERNOIS AVE","DEVEREAUX",30,42.33923889,-83.12621389,0,5,0,0,2,3,0,1,3,1,0,1,0,"0000000",99,99,99,99,99,99,0,0,0,1,0
26,260562,1,1,0,0,0,1,1,49,0,26,8,2016,6,2,33,0,1,7,98,4,"CR-SEYMOUR RD","",177,43.20395833,-83.88801944,0,30,0,0,1,1,0,4,2,1,0,1,0,"0000000",99,99,99,99,88,88,22,0,0,1,1
26,260563,2,2,0,0,0,2,2,163,2820,31,8,2016,4,13,11,0,2,3,98,6,"DIX AVE","",59,42.24371944,-83.19489167,0,12,1,0,1,1,0,1,1,1,0,1,0,"0000000",99,99,99,99,99,99,0,0,0,1,0
26,260564,2,2,0,0,0,4,4,163,1260,21,8,2016,1,22,10,0,2,4,98,6,"HARPER AVE","E OUTER DR",37,42.40576944,-82.960775,0,12,6,0,2,2,0,1,3,1,0,1,0,"0000000",99,99,99,99,99,99,99,99,99,1,0
26,260565,1,1,0,0,0,4,4,163,1260,19,8,2016,6,18,35,0,2,4,98,6,"CANIFF ST","DELMAR ST",2,42.39398611,-83.07459167,0,42,0,0,3,2,0,3,1,1,0,1,0,"0000000",99,99,99,99,99,99,0,0,0,1,0
26,260567,2,2,0,0,0,3,3,125,4567,14,8,2016,1,6,33,1,2,3,98,2,"US-24","",43,42.50310278,-83.28544167,0,12,1,0,7,1,0,1,1,1,0,1,0,"0000000",99,99,99,99,99,99,0,0,0,1,0
26,260568,1,1,0,1,1,1,1,49,1730,10,8,2016,4,21,32,0,2,5,98,6,"LIPPINCOTT BLVD","",120,43.00369722,-83.65750556,0,8,0,0,1,1,0,1,3,1,0,1,0,"0000000",99,99,99,99,99,99,0,0,0,1,0
26,260569,3,3,0,0,0,4,4,163,1212,28,8,2016,1,0,28,1,2,3,98,6,"WARREN","BINGHAM",11,42.34406111,-83.17446944,0,12,6,0,1,1,0,1,3,1,0,1,0,"0000000",99,99,99,99,99,99,99,99,99,1,0
26,260570,1,1,0,0,0,1,1,161,4426,3,8,2016,4,15,32,1,1,2,98,3,"SR-14 RAMP 032A","",2,42.36015556,-83.57189167,0,42,0,1,5,1,0,8,1,1,0,1,0,"0000000",99,99,99,99,99,99,0,0,0,1,0
26,260571,1,1,0,0,0,1,1,139,0,2,8,2016,3,99,99,0,1,7,98,4,"CR-COOLIDGE ST","40TH ST",0,43.14796111,-85.88890833,0,31,0,0,3,3,0,4,2,1,0,1,0,"0000000",99,99,99,99,88,88,22,0,0,1,1
26,260572,1,1,0,1,1,1,1,163,4815,11,8,2016,5,16,28,1,2,1,1,1,"I-75","",100,42.20770833,-83.22918611,0,8,0,0,1,1,0,1,1,1,0,1,0,"0000000",99,99,99,99,99,99,0,0,0,1,0
26,260573,2,1,1,0,0,2,2,121,3460,9,7,2016,7,0,20,0,2,5,98,6,"HOYT ST","",11,43.21023333,-86.23954167,0,1,0,0,1,1,0,1,3,1,0,1,0,"0000000",99,99,99,99,99,99,0,0,0,2,0
26,260574,1,1,0,0,0,6,6,125,0,20,7,2016,4,7,30,1,2,1,1,1,"I-75","",389,42.77813611,-83.53081667,0,24,0,0,1,1,0,4,1,1,0,1,0,"0000000",99,99,99,99,99,99,0,0,0,1,0
26,260575,1,1,0,0,0,1,1,79,0,6,8,2016,7,19,14,0,1,7,98,4,"CR-SWAMP RD","",10,44.68163333,-84.86468056,0,42,0,0,1,1,0,4,1,1,0,1,0,"0000000",19,14,19,25,88,88,22,0,0,1,1
26,260576,2,2,0,0,0,2,2,49,1730,11,8,2016,5,1,41,0,2,5,98,6,"HOME AVE","OXLEY DR",2,43.06759167,-83.72860556,0,12,2,0,3,2,0,1,3,10,0,10,0,"0000000",1,41,1,50,99,99,0,0,0,1,0
26,260577,4,4,0,0,0,7,7,163,633,2,8,2016,3,17,0,1,2,3,98,4,"CR-ALLEN RD","NE DIX TOLEDO/N/S ALLEN RAMP",56,42.18145556,-83.22764444,0,12,6,0,2,3,0,1,1,10,0,10,0,"0000000",16,46,16,48,99,99,20,0,0,1,0
26,260578,1,1,0,0,0,1,1,163,1260,14,8,2016,1,18,40,1,2,3,98,3,"SR-1 WOODWARD AVE","",46,42.35971944,-83.06616389,0,1,0,0,1,1,1,1,1,10,0,10,0,"0000000",99,99,99,99,99,99,99,99,99,1,0
26,260579,1,1,0,1,1,1,1,163,1260,24,6,2016,6,1,27,1,2,3,98,2,"US-24 TELEGRAPH RD","MCNICHOLS RD",156,42.41439444,-83.27736667,0,9,0,0,3,2,0,1,3,1,0,1,0,"0000000",99,99,99,99,88,88,99,99,99,1,0
26,260580,1,1,0,0,0,2,2,25,0,10,7,2016,1,0,31,0,1,5,98,4,"CR-23 MILE RD","",13,42.16304444,-84.84659722,0,42,0,0,1,1,0,4,2,1,0,1,0,"0000000",99,99,99,99,99,99,0,0,0,1,1
26,260581,2,2,0,0,0,4,4,121,3450,16,8,2016,3,12,18,0,2,4,98,6,"SHERMAN BLVD","SUN DOLPHIN DR",63,43.20586111,-86.19614444,0,12,6,0,2,2,0,1,1,1,0,1,0,"0000000",99,99,99,99,99,99,0,0,0,1,0
26,260582,1,1,0,1,1,1,1,99,1440,1,8,2016,2,13,31,0,2,7,98,6,"OWEN AVE","GRATIOT DR",0,42.47140833,-82.95330278,0,8,0,0,3,3,0,1,1,10,0,10,0,"0000000",13,30,13,34,99,99,0,0,0,1,0