"STATE","ST_CASE","VE_TOTAL","VE_FORMS","PVH_INVL","PEDS","PERNOTMVIT","PERMVIT","PERSONS","COUNTY","CITY","DAY","MONTH","YEAR","DAY_WEEK","HOUR","MINUTE","NHS","RUR_URB","FUNC_SYS","RD_OWNER","ROUTE","TWAY_ID","TWAY_ID2","MILEPT","LATITUDE","LONGITUD","SP_JUR","HARM_EV","MAN_COLL","RELJCT1","RELJCT2","TYP_INT","WRK_ZONE","REL_ROAD","LGT_COND","WEATHER1","WEATHER2","WEATHER","SCH_BUS","RAIL","NOT_HOUR","NOT_MIN","ARR_HOUR","ARR_MIN","HOSP_HR","HOSP_MN","CF1","CF2","CF3","FATALS","DRUNK_DR"
26,260583,1,1,0,0,0,1,1,163,1480,11,8,2016,5,0,27,1,2,3,98,6,"W JEFFERSON AVE","",145,42.23745,-83.14713889,0,42,0,0,1,1,0,4,3,1,0,1,0,"0000000",99,99,99,99,99,99,0,0,0,1,0
26,260584,2,2,0,0,0,2,2,81,0,1,9,2016,5,5,41,0,2,4,98,4,"CR-BYRON CENTER AVE SW","76TH ST SW",41,42.82694722,-85.723,0,12,6,0,2,2,0,1,3,10,0,10,0,"0000000",5,41,99,99,88,88,0,0,0,1,0
26,260585,3,2,1,0,0,3,3,35,0,22,8,2016,2,9,45,1,1,2,98,2,"US-10","",36,43.86916944,-84.86074722,0,12,2,1,18,1,0,1,1,1,0,1,0,"0000000",9,46,9,59,99,99,0,0,0,3,0
26,260586,2,2,0,0,0,3,3,125,5166,23,8,2016,3,12,47,0,2,4,98,4,"CR-DRAKE RD","BELLA VISTA DR",69,42.55216667,-83.40048611,0,12,6,0,2,3,0,1,1,1,0,1,0,"0000000",99,99,99,99,99,99,0,0,0,1,0
26,260587,2,2,0,0,0,6,6,49,0,5,9,2016,2,11,23,0,1,4,98,3,"SR-57 VIENNA","IRISH RD",187,43.18009722,-83.55963889,0,12,6,0,2,2,0,1,1,1,0,1,0,"0000000",11,25,11,35,99,99,0,0,0,1,0
26,260588,1,1,0,0,0,2,2,147,0,3,9,2016,7,0,36,0,1,7,98,4,"CR-QUAIN RD","",27,43.02405,-82.83061111,0,1,0,0,1,1,0,4,2,1,0,1,0,"0000000",0,40,0,46,99,99,22,0,0,1,1
26,260589,1,1,0,0,0,1,1,163,4295,1,9,2016,5,11,23,0,2,4,98,6,"HURON RIVER DR","",85,42.21541667,-83.40492222,0,43,0,0,1,1,0,4,1,10,0,10,0,"0000000",11,24,11,32,88,88,0,0,0,1,0
26,260590,1,1,0,0,0,1,1,99,1009,3,9,2016,7,18,14,1,2,3,98,3,"SR-97 GROESBECK HWY","",79,42.54946389,-82.92729444,0,33,0,0,1,1,0,4,1,1,0,1,0,"0000000",99,99,99,99,99,99,99,99,99,1,0
26,260591,2,2,0,0,0,3,3,65,2700,3,9,2016,7,22,45,1,2,3,98,3,"SR-99 MARTIN LUTHER KING JR","REO RD",30,42.68784444,-84.56761389,0,12,6,0,2,2,0,1,3,1,0,1,0,"0000000",22,45,22,45,88,88,0,0,0,1,0
26,260592,2,2,0,0,0,7,7,101,0,4,9,2016,1,12,2,0,1,5,98,4,"CR-13 MILE RD","MARILLA RD",125,44.42548611,-85.87928889,0,12,6,0,2,2,0,1,1,1,0,1,0,"0000000",99,99,99,99,99,99,22,0,0,1,0
26,260593,2,2,0,0,0,2,2,125,0,5,9,2016,2,5,20,1,2,1,1,1,"I-75","",426,42.81948889,-83.57013611,0,12,6,1,5,1,0,1,2,1,0,1,0,"0000000",5,22,5,29,99,99,0,0,0,1,0
26,260594,1,1,0,1,1,2,2,49,1731,1,9,2016,5,20,55,0,2,4,98,4,"CR-VAN SLYKE RD","",13,42.96315556,-83.71246111,0,8,0,0,1,1,0,1,2,1,0,1,0,"0000000",99,99,99,99,88,88,0,0,0,1,0
26,260595,1,1,0,1,1,1,1,93,0,1,9,2016,5,1,40,0,2,5,98,4,"CR-WHITMORE LAKE RD","",3,42.43149444,-83.76503333,0,8,0,0,1,1,0,1,2,1,0,1,0,"0000000",17,56,18,0,88,88,0,0,0,1,0
26,260596,1,1,0,1,1,2,2,99,924,1,9,2016,5,6,0,1,2,3,98,3,"SR-3 23 MILE RD","",129,42.67439722,-82.823325,0,8,0,0,1,1,0,1,2,1,0,1,0,"0000000",99,99,99,99,99,99,0,0,0,1,0
26,260597,1,1,0,0,0,3,3,121,0,6,9,2016,3,12,58,1,2,2,98,2,"US-31","",184,43.36595556,-86.2693,0,42,0,0,1,1,0,3,1,1,0,1,0,"0000000",99,99,99,99,99,99,0,0,0,2,0
26,260598,1,1,0,0,0,1,1,93,0,3,9,2016,7,10,5,0,1,6,98,4,"CR-OWOSSO RD","",18,42.68681111,-84.0355,0,17,0,0,1,1,0,4,1,1,0,1,0,"0000000",10,6,10,19,88,88,0,0,0,1,0
26,260599,1,1,0,0,0,2,2,93,0,2,9,2016,6,0,6,1,2,1,1,1,"I-96","LATSON RD",155,42.57841944,-83.87413333,0,1,0,0,1,1,0,4,2,1,0,1,0,"0000000",99,99,99,99,99,99,0,0,0,1,0
26,260600,1,1,0,0,0,1,1,49,0,6,9,2016,3,1,21,0,1,7,98,4,"CR-SEYMOUR RD","",168,43.19240556,-83.88059444,0,1,0,0,1,1,0,4,2,1,0,1,0,"0000000",99,99,99,99,88,88,99,99,99,1,1
26,260601,1,1,0,0,0,2,2,163,5140,7,9,2016,4,22,40,0,2,4,98,6,"VENOY","",10,42.28190556,-83.36318056,0,10,0,0,6,1,0,1,3,10,0,10,0,"545186X",22,44,22,47,88,88,0,0,0,2,0
26,260602,2,2,0,0,0,3,3,151,0,7,9,2016,4,12,35,0,1,4,98,4,"CR-RUTH RD","BAY CITY FORESTVILLE RD",171,43.67211389,-82.73874722,0,12,6,0,2,2,0,1,1,1,0,1,0,"0000000",12,39,12,49,99,99,0,0,0,1,0
26,260603,2,2,0,0,0,2,2,37,0,7,9,2016,4,6,7,0,1,5,98,4,"CR-S AIRPORT RD","S JASON RD",99,42.914575,-84.60206111,0,12,2,0,2,2,0,1,3,1,0,1,0,"0000000",6,7,6,19,99,99,0,0,0,1,0
26,260604,2,2,0,0,0,2,2,161,0,8,9,2016,5,12,46,0,1,5,98,4,"CR-N HODENPYLE DAM RD","",41,44.40296389,-85.75151389,0,12,2,0,1,1,0,1,1,10,0,10,0,"0000000",12,48,12,50,99,99,0,0,0,1,0
26,260605,1,1,0,0,0,1,1,147,0,7,9,2016,4,20,4,0,1,5,98,3,"SR-136 BEARD RD","",15,43.05978889,-82.73249444,0,24,0,0,1,1,0,4,5,10,0,10,0,"0000000",20,5,20,12,88,88,0,0,0,1,1
26,260606,2,2,0,0,0,2,2,159,0,7,9,2016,4,9,15,1,2,1,1,1,"I-94","",191,42.21504167,-85.86120556,0,12,2,0,1,1,0,1,1,1,0,1,0,"0000000",99,99,99,99,99,99,0,0,0,1,0
26,260607,1,1,0,0,0,1,1,163,1260,6,9,2016,3,3,15,1,2,1,1,1,"I-75 RAMP 216F","",2,42.36689722,-83.06193056,0,25,0,1,5,1,0,4,3,1,0,1,0,"0000000",99,99,99,99,88,88,0,0,0,1,1
26,260608,2,2,0,0,0,3,3,125,4905,11,9,2016,1,10,29,1,2,3,98,6,"MAPLE RD","STEPHENSON HWY",185,42.54889722,-83.12185278,0,12,6,0,2,2,0,1,1,1,0,1,0,"0000000",10,29,10,31,99,99,0,0,0,1,0
26,260609,2,2,0,0,0,3,3,155,0,7,9,2016,4,1,45,0,1,7,98,4,"CR-LEHRING RD","",27,42.83138333,-83.95738333,0,12,7,0,6,1,0,1,2,1,0,1,0,"9999999",2,28,2,35,99,99,0,0,0,1,2
26,260610,2,2,0,0,0,2,2,93,0,2,9,2016,6,9,8,0,2,4,98,4,"CR-LATSON RD","CONOVER CT",12,42.59503611,-83.87441111,0,12,6,0,2,3,0,1,1,1,0,1,0,"0000000",99,99,99,99,99,99,0,0,0,1,0
26,260611,1,1,0,0,0,1,1,65,0,11,9,2016,1,14,22,1,2,1,1,1,"I-496/US-127 RAMP 106H","",1,42.67784722,-84.49804722,0,24,0,1,5,1,0,4,1,1,0,1,0,"0000000",14,22,14,25,88,88,0,0,0,1,0
26,260612,1,1,0,0,0,1,1,75,0,9,9,2016,6,16,43,0,1,5,98,4,"CR-STONEY LAKE RD","",41,42.16260833,-84.27481667,0,59,0,0,1,1,0,4,1,10,0,10,0,"0000000",16,44,16,53,88,88,0,0,0,1,0
26,260613,2,2,0,0,0,2,2,125,4020,11,9,2016,1,20,37,1,2,3,98,6,"JOSLYN RD","N PERRY ST",1,42.65391389,-83.27980833,0,12,6,0,2,2,0,1,2,1,0,1,0,"0000000",20,38,20,42,99,99,0,0,0,1,1
26,260614,1,1,0,0,0,1,1,75,4448,11,9,2016,1,19,37,0,1,5,98,4,"CR-N DEARING RD","",36,42.25965278,-84.53745833,0,42,0,0,1,1,0,4,1,1,0,1,0,"0000000",19,39,19,47,88,88,0,0,0,1,0
26,260615,2,2,0,0,0,2,2,119,0,12,9,2016,2,17,17,1,1,3,98,3,"SR-33 SOUTH HWY","",30,44.89761944,-84.03123056,0,12,6,0,8,1,0,1,1,1,0,1,0,"0000000",99,99,99,99,88,88,0,0,0,1,1
26,260616,1,1,0,0,0,1,1,17,320,9,9,2016,6,4,15,0,2,4,98,3,"SR-13","",24,43.5525,-83.89353889,0,1,0,0,1,1,0,4,2,5,0,5,0,"0000000",4,19,4,24,99,99,99,99,99,1,1
26,260617,2,2,0,0,0,2,2,81,0,13,9,2016,3,6,42,0,2,4,98,4,"CR-76TH ST","CATERPILLAR CT",58,42.82626389,-85.66899167,0,12,6,0,2,3,0,1,3,10,0,10,0,"0000000",6,44,6,48,99,99,0,0,0,1,0
26,260618,1,1,0,1,1,2,2,99,4330,9,9,2016,6,4,45,1,2,3,98,3,"SR-3 GRATIOT AVE","",63,42.5317,-82.91401111,0,8,0,0,1,1,0,1,3,1,0,1,0,"0000000",4,48,4,53,99,99,0,0,0,1,0
26,260619,2,2,0,0,0,6,6,145,0,11,9,2016,1,15,31,0,2,5,98,4,"CR-SHERIDAN AVE","",171,43.38089722,-83.93549444,0,12,2,0,1,1,0,1,1,1,0,1,0,"0000000",15,31,15,35,99,99,0,0,0,1,0
26,260620,3,3,0,0,0,5,5,81,0,13,9,2016,3,6,34,0,1,5,98,4,"CR-PARNELL AVE","BAILEY DR",33,42.97269722,-85.41088333,0,12,6,0,2,2,0,1,2,1,0,1,0,"0000000",6,34,6,45,99,99,0,0,0,1,0
26,260621,1,1,0,0,0,1,1,65,2700,13,9,2016,3,17,55,0,2,4,98,6,"MOUNT HOPE AVE","",38,42.71186111,-84.52271389,0,30,0,0,1,1,0,4,1,1,0,1,0,"0000000",17,55,17,55,99,99,0,0,0,1,0
26,260622,1,1,0,1,1,2,2,163,2260,11,9,2016,1,13,50,0,2,7,98,6,"JOHN GELNN PL","",0,42.40643333,-83.09275,0,8,0,0,1,1,0,1,1,1,0,1,0,"0000000",99,99,99,99,88,88,0,0,0,1,0
26,260623,3,3,0,0,0,5,5,115,2723,13,9,2016,3,12,20,1,2,3,98,2,"US-24 TELEGRAPH RD","",107,41.8676,-83.45876389,0,12,2,0,1,1,0,1,1,1,0,1,0,"0000000",12,22,12,30,99,99,99,99,99,1,0
26,260624,1,1,0,0,0,1,1,49,0,13,9,2016,3,15,53,1,2,2,98,2,"US-23","",43,42.83968611,-83.73565833,0,1,0,0,1,1,0,4,1,1,0,1,0,"0000000",99,99,99,99,99,99,0,0,0,1,1
26,260625,2,2,0,0,0,7,7,21,0,18,9,2016,1,3,20,0,1,4,98,4,"CR-SCOTTDALE RD","",9,41.99813333,-86.43519722,0,12,2,0,1,1,0,1,2,1,0,1,0,"0000000",3,29,3,36,99,99,0,0,0,1,2
26,260626,2,2,0,0,0,6,6,125,4340,16,9,2016,6,23,15,1,2,1,1,1,"I-75","",24,42.47683333,-83.11182222,0,12,1,1,18,1,0,1,3,10,0,10,0,"0000000",20,17,20,25,99,99,0,0,0,1,1
26,260627,3,3,0,0,0,3,3,65,0,19,9,2016,2,7,52,1,1,1,1,1,"I-96","",195,42.66625278,-84.22821667,0,12,1,0,1,1,0,1,1,1,0,1,0,"0000000",7,52,7,59,99,99,28,0,0,1,0
26,260628,2,2,0,0,0,5,5,139,0,17,9,2016,7,16,10,0,1,5,98,4,"CR-32ND AVE","SEHLER ST",5,43.12581944,-85.86869444,0,12,6,0,2,2,0,1,1,1,0,1,0,"0000000",16,14,16,19,99,99,22,0,0,1,0
26,260629,1,1,0,0,0,1,1,161,0,18,9,2016,1,12,58,0,1,7,98,4,"CR-VREELAND RD","",18,42.28969167,-83.61707222,0,32,0,0,1,1,0,4,1,1,0,1,0,"0000000",12,57,13,5,88,88,22,0,0,1,0
26,260630,1,1,0,0,0,2,2,147,0,19,9,2016,2,15,32,0,1,7,98,4,"CR-BRICKER","",78,43.09203056,-82.73729444,0,1,0,0,1,1,0,4,1,1,0,1,0,"0000000",15,32,15,44,99,99,22,0,0,1,0
26,260631,2,2,0,0,0,2,2,113,0,20,9,2016,3,15,48,0,1,7,98,4,"CR-W BURNS RD","",3,44.38233056,-85.33266667,0,12,8,0,8,1,0,1,1,1,0,1,0,"0000000",15,55,99,99,88,88,0,0,0,1,0
26,260632,1,1,0,0,0,2,2,163,2820,19,9,2016,2,20,39,1,2,3,98,3,"SR-85 FORT ST","",123,42.24051667,-83.1799,0,31,0,0,1,1,0,4,3,1,0,1,0,"0000000",99,99,99,99,99,99,20,0,0,1,0
26,260633,2,2,0,0,0,4,4,163,1260,17,9,2016,7,2,5,0,2,4,98,6,"HOUSTON WHITTIER AVE","CHALMERS ST",7,42.42066389,-82.97448333,0,12,7,0,8,1,0,1,3,1,0,1,0,"0000000",99,99,99,99,99,99,99,99,99,1,1
26,260634,2,2,0,0,0,2,2,121,0,20,9,2016,3,10,41,0,1,4,98,4,"CR-WHITEHALL","",57,43.32748333,-86.26787222,0,12,6,0,8,1,0,1,1,1,0,1,0,"0000000",99,99,99,99,99,99,0,0,0,1,0
26,260635,1,1,0,0,0,1,1,87,0,19,9,2016,2,23,36,0,1,7,98,4,"CR-PEPPERMILL RD","",12,43.03153333,-83.20069722,0,11,0,0,1,1,0,1,2,1,0,1,0,"0000000",99,99,99,99,88,88,0,0,0,1,0
26,260636,1,1,0,1,1,1,1,31,0,14,9,2016,4,7,53,0,1,5,98,4,"CR-DEVEREAUX LAKE RD","",33,45.48878611,-84.45086667,0,8,0,0,1,1,0,1,1,1,0,1,0,"0000000",7,52,8,2,99,99,0,0,0,1,0
26,260637,1,1,0,0,0,1,1,99,1440,19,9,2016,2,22,35,1,2,3,98,3,"SR-3 GRATIOT","ASH",8,42.46068889,-82.96035278,0,59,0,0,1,1,0,4,3,1,0,1,0,"0000000",99,99,99,99,99,99,99,99,99,1,1
26,260638,2,2,0,0,0,2,2,77,0,16,9,2016,6,5,44,0,2,4,98,4,"CR-RAVINE RD","",5,42.3084,-85.61228333,0,12,6,0,8,1,0,1,3,1,0,1,0,"0000000",99,99,99,99,88,88,0,0,0,1,0
26,260639,1,1,0,0,0,1,1,33,0,23,9,2016,6,0,9,0,1,7,98,4,"CR-LINCOLN RD","",2,45.99001111,-83.691375,0,42,0,0,1,1,0,4,2,10,0,10,0,"0000000",0,10,0,31,88,88,0,0,0,1,1
26,260640,2,2,0,0,0,2,2,129,0,22,9,2016,5,21,14,1,1,3,98,3,"SR-33","",87,44.28774444,-84.12569167,0,12,6,0,8,1,0,1,2,2,0,2,0,"0000000",21,7,21,14,99,99,0,0,0,1,0
26,260641,2,2,0,0,0,5,5,163,0,24,9,2016,7,10,53,0,2,4,98,4,"CR-FIVE MILE RD","",21,42.39418611,-83.50877222,0,12,7,0,8,1,0,1,1,1,0,1,0,"0000000",10,55,99,99,99,99,0,0,0,1,0
26,260642,2,2,0,0,0,2,2,37,0,24,9,2016,7,17,23,0,1,4,98,3,"SR-21","",3,43.00172222,-84.83180278,0,12,1,0,1,1,0,1,1,1,0,1,0,"0000000",17,16,17,33,99,99,0,0,0,1,2
26,260643,2,2,0,0,0,2,2,163,2820,18,9,2016,1,20,50,0,2,5,98,6,"CICOTTE AVE","",17,42.26260278,-83.18655833,0,12,1,0,1,1,0,1,3,1,0,1,0,"0000000",20,47,20,50,99,99,0,0,0,1,2
26,260644,1,1,0,0,0,1,1,125,1652,20,9,2016,3,10,33,1,2,1,1,1,"I-696","",48,42.49551389,-83.34744167,0,24,0,0,1,1,0,4,1,10,0,10,0,"0000000",99,99,99,99,88,88,0,0,0,1,0
26,260645,2,2,0,0,0,4,4,163,0,24,9,2016,7,21,20,0,2,4,98,4,"CR-PLYMOUTH RD","",3,42.37603333,-83.45383611,0,12,8,0,1,1,0,1,2,1,0,1,0,"0000000",21,20,21,22,99,99,20,0,0,2,1
26,260646,1,1,0,0,0,2,2,163,1260,15,9,2016,5,20,5,1,2,3,98,3,"SR-85 W FORT ST","",37,42.31684167,-83.07966667,0,1,0,0,1,1,0,1,3,1,0,1,0,"0000000",99,99,99,99,99,99,99,99,99,1,1
26,260647,2,2,0,0,0,2,2,139,0,26,9,2016,2,7,11,0,2,4,98,4,"CR-120TH AVE","GARDEN AVE",28,42.80916111,-86.07795278,0,12,1,0,2,3,0,1,3,10,0,10,0,"0000000",99,99,99,99,99,99,0,0,0,1,0
26,260648,1,1,0,0,0,1,1,99,5110,27,9,2016,3,15,23,0,2,4,98,6,"HOOVER RD","",46,42.53526944,-83.00759167,0,33,0,0,1,1,0,4,1,10,0,10,0,"0000000",15,28,15,35,88,88,0,0,0,1,0
26,260649,4,4,0,0,0,5,5,59,0,19,9,2016,2,14,45,1,1,3,98,2,"US-127","FORRISTER RD",145,41.91615833,-84.36700278,0,12,1,0,3,3,0,1,1,1,0,1,0,"0000000",14,50,99,99,99,99,0,0,0,1,0
26,260650,2,2,0,1,1,2,2,125,4251,28,9,2016,4,6,14,0,2,4,98,3,"SR-W AUBURN RD","",56,42.63470278,-83.18259444,0,8,0,0,1,1,0,1,2,10,0,10,0,"0000000",6,14,6,18,88,88,0,0,0,1,0
26,260651,1,1,0,0,0,1,1,163,1260,10,9,2016,7,19,22,1,2,1,1,1,"I-96 RAMP 139D","",53,42.38478889,-83.15104444,0,39,0,1,5,1,0,4,1,10,0,10,0,"0000000",99,99,99,99,88,88,99,99,99,1,0
26,260652,2,2,0,0,0,2,2,89,0,18,9,2016,1,19,0,0,1,4,98,4,"CR-BUGAI","FOUCH RD",36,44.82656111,-85.68832222,0,12,6,0,2,2,0,1,1,1,0,1,0,"0000000",19,1,19,9,99,99,22,0,0,1,0
26,260653,2,2,0,1,1,7,7,163,1260,23,9,2016,6,22,43,1,2,1,1,1,"I-75","",162,42.27686944,-83.15714167,0,8,0,0,1,1,0,1,3,10,0,10,0,"0000000",99,99,99,99,88,88,0,0,0,1,0
26,260654,2,2,0,0,0,2,2,161,0,20,9,2016,3,14,2,0,2,4,98,6,"TEXTILE RD","WOODLAND DR",55,42.19955833,-83.7676,0,12,6,0,2,3,0,1,1,1,0,1,0,"0000000",13,59,14,6,99,99,99,99,99,1,0
26,260655,2,2,0,0,0,2,2,139,2503,21,9,2016,4,7,58,0,1,4,98,4,"CR-BYRON RD","",117,42.81117222,-85.89574722,0,12,2,0,1,1,0,1,4,10,0,10,0,"0000000",8,1,8,7,99,99,22,0,0,1,0
26,260656,1,1,0,0,0,1,1,101,0,22,9,2016,5,18,39,1,1,3,98,2,"US-31","",252,44.46323889,-86.12017778,0,42,0,0,1,1,0,4,1,10,0,10,0,"0000000",18,39,18,46,99,99,99,99,99,1,1
26,260657,1,1,0,0,0,2,2,159,0,24,9,2016,7,23,31,0,1,7,98,4,"CR-36TH ST","",8,42.08034722,-85.89655833,0,42,0,0,1,1,0,4,2,1,0,1,0,"0000000",99,99,99,99,99,99,99,99,99,1,0
26,260658,2,2,0,0,0,3,3,23,0,30,9,2016,6,17,45,0,1,4,98,3,"SR-60 MENDON RD","SR-66",32,42.06125,-85.23519167,0,12,6,0,2,2,0,1,1,2,0,2,0,"0000000",99,99,99,99,99,99,0,0,0,2,0
26,260659,2,2,0,0,0,3,3,81,5319,22,9,2016,5,14,12,1,2,2,98,2,"US-131 RAMP 006C","",0,42.88574167,-85.68053611,0,24,0,1,5,1,0,4,1,1,0,1,0,"0000000",14,12,14,17,99,99,0,0,0,1,1
26,260660,1,1,0,0,0,3,3,163,1260,30,9,2016,6,2,37,1,2,1,1,1,"I-75","",85,42.4377,-83.09485833,0,59,0,0,1,1,0,4,3,2,0,2,0,"0000000",99,99,99,99,99,99,0,0,0,1,0
26,260661,1,1,0,0,0,1,1,87,196,16,9,2016,6,18,41,0,6,96,96,4,"CR-MOUNTAIN DR","",2,43.05090833,-83.11593611,0,1,0,0,1,1,0,1,1,1,0,1,0,"0000000",99,99,99,99,99,99,0,0,0,1,0
26,260662,3,3,0,0,0,4,4,149,0,23,9,2016,6,11,19,0,1,4,98,3,"SR-86","",34,41.95611111,-85.34653889,0,12,1,0,8,1,0,1,1,2,0,2,0,"0000000",11,23,11,42,99,99,0,0,0,1,0
26,260663,2,2,0,0,0,4,4,123,0,24,9,2016,7,16,0,0,1,4,98,3,"SR-20 1 MILE RD","",127,43.56843056,-85.78651389,0,12,6,0,8,1,0,1,1,1,0,1,0,"0000000",16,1,16,5,88,88,0,0,0,1,0
26,260664,1,1,0,0,0,1,1,65,0,25,9,2016,1,3,1,1,2,2,98,2,"US-127","",93,42.55459444,-84.44330278,0,38,0,0,1,1,0,4,2,1,0,1,0,"0000000",3,1,3,5,88,88,0,0,0,1,1
26,260665,1,1,0,1,1,1,1,81,5319,24,9,2016,7,22,35,1,2,3,98,3,"SR-11 28TH ST","",117,42.91313333,-85.6671,0,8,0,0,1,1,0,1,3,1,0,1,0,"0000000",22,37,22,42,88,88,0,0,0,1,0
26,260667,2,2,0,0,0,3,3,125,5210,24,9,2016,7,18,21,1,2,3,98,3,"SR-59 HIGHLAND RD","FISK RD",113,42.65683889,-83.46824167,0,12,6,0,2,2,0,1,1,1,0,1,0,"0000000",99,99,99,99,99,99,0,0,0,1,1
26,260668,1,1,0,0,0,2,2,163,1260,3,9,2016,7,0,30,0,2,7,98,6,"PREVOST ST","",8,42.39879167,-83.20281667,0,5,0,0,1,1,0,1,9,99,0,99,0,"0000000",99,99,99,99,99,99,0,0,0,1,0
26,260669,1,1,0,1,1,1,1,49,0,20,9,2016,3,21,22,0,1,5,98,4,"CR-E DODGE RD","",34,43.15009722,-83.62740556,0,8,0,0,1,1,0,1,2,1,0,1,0,"0000000",99,99,99,99,88,88,0,0,0,1,0
26,260670,1,1,0,0,0,3,3,163,1260,25,9,2016,1,1,20,0,2,7,98,6,"WHITEHILL ST","",8,42.42945833,-82.95023056,0,42,0,0,1,1,0,4,3,1,0,1,0,"0000000",99,99,99,99,99,99,99,99,99,1,0
26,260671,3,3,0,0,0,6,6,75,0,30,9,2016,6,22,34,1,2,1,1,1,"I-94","",150,42.27211944,-84.42675833,0,12,1,0,1,1,0,1,2,2,0,2,0,"0000000",22,57,22,57,99,99,27,0,0,1,0
26,260672,1,1,0,0,0,3,3,163,1260,27,9,2016,3,2,10,0,2,5,98,6,"EWALD CIR","",8,42.38919167,-83.14516389,0,42,0,0,1,1,0,4,3,1,0,1,0,"0000000",99,99,99,99,99,99,0,0,0,1,1
26,260673,2,2,0,0,0,2,2,81,785,28,9,2016,4,5,50,1,2,3,98,4,"CR-36TH ST","",21,42.89812778,-85.54603611,0,12,6,0,8,1,0,1,2,2,0,2,0,"0000000",5,51,5,55,88,88,0,0,0,1,0
26,260674,2,2,0,0,0,2,2,139,4807,13,9,2016,3,14,17,0,2,5,98,4,"CR-8TH AVE","COUNTRY LANE DR",39,43.00778611,-85.80621389,0,12,6,0,2,3,0,1,1,10,0,10,0,"0000000",14,18,14,21,99,99,22,0,0,1,0
26,260675,1,1,0,0,0,1,1,25,0,18,9,2016,1,18,40,0,1,5,98,4,"CR-K DR S","",51,42.16648889,-85.1965,0,42,0,0,1,1,0,4,1,1,0,1,0,"0000000",99,99,99,99,99,99,22,0,0,1,0
26,260676,1,1,0,0,0,1,1,37,0,30,9,2016,6,2,54,0,2,4,98,4,"CR-CHADLER RD","",15,42.78339167,-84.48361944,0,34,0,0,1,1,0,4,2,2,0,2,0,"0000000",2,54,2,54,88,88,0,0,0,1,1
26,260677,1,1,0,0,0,2,2,105,0,29,9,2016,5,12,20,1,1,3,98,2,"US-10","",192,43.94593333,-86.06951944,0,11,0,0,1,1,0,1,1,1,0,1,0,"0000000",99,99,99,99,88,88,0,0,0,1,0
26,260678,2,2,0,0,0,3,3,147,0,28,9,2016,4,5,56,0,1,5,98,4,"CR-GRATIOT AVE","WADHAMS RD",109,42.88421111,-82.55832778,0,12,6,0,2,2,0,1,2,10,0,10,0,"0000000",5,56,6,5,99,99,0,0,0,1,0
26,260679,1,1,0,0,0,1,1,45,0,24,9,2016,7,14,43,0,1,5,98,4,"CR-BELLEVUE RD","",161,42.45105556,-84.60553889,0,42,0,0,1,1,0,4,1,1,0,1,0,"0000000",99,99,99,99,88,88,3,0,0,1,1
26,260680,1,1,0,1,1,1,1,99,5110,30,9,2016,6,20,16,1,2,3,98,3,"SR-53 VAN DYKE AVE","",5,42.45633333,-83.02636111,0,8,0,0,1,1,0,1,3,2,0,2,0,"0000000",99,99,99,99,99,99,0,0,0,1,0
26,260681,1,1,0,1,1,1,1,163,1260,30,9,2016,6,19,36,0,2,4,98,6,"W GRAND BLVD","WARREN AVE",2,42.34481667,-83.10813889,0,8,0,0,3,2,0,1,2,2,0,2,0,"0000000",99,99,99,99,99,99,99,99,99,1,0
26,260682,2,2,0,0,0,2,2,163,5176,11,6,2016,7,10,37,0,2,4,98,6,"CHERRY HILL RD","",62,42.3091,-83.42498333,0,12,1,0,1,1,0,1,1,1,0,1,0,"0000000",10,40,10,43,99,99,0,0,0,1,0
26,260683,1,1,0,0,0,1,1,59,0,18,7,2016,2,1,49,1,1,3,98,2,"US-12 CHICAGO RD","",168,42.04507778,-84.53405833,0,42,0,0,1,1,0,4,2,10,0,10,0,"0000000",1,52,2,4,88,88,19,0,0,1,0
26,260684,3,3,0,0,0,4,4,117,2060,30,9,2016,6,14,59,0,2,4,98,3,"SR-57 WASHINGTON ST","HILLCREST ST",21,43.17733056,-85.27072778,0,12,6,0,2,3,0,1,1,2,0,2,0,"0000000",14,59,15,1,99,99,28,0,0,1,0
26,260685,4,4,0,0,0,4,4,125,1652,20,8,2016,7,0,24,1,2,3,98,3,"SR-10 NORTHWESTERN","13 MILE RD",17,42.514625,-83.33311944,0,12,1,0,3,2,0,1,2,1,0,1,0,"0000000",0,25,0,32,88,88,14,0,0,1,0
26,260686,2,2,0,0,0,3,3,11,0,12,7,2016,3,15,17,1,1,3,98,2,"US-23","HAGLEY RD",54,44.03187778,-83.88703611,0,12,6,0,3,2,0,1,1,1,0,1,0,"0000000",99,99,99,99,99,99,0,0,0,1,0
26,260687,2,2,0,0,0,2,2,145,0,15,8,2016,2,18,30,0,1,4,98,4,"CR-DIXIE HWY","",13,43.23748056,-83.75981111,0,12,6,0,1,1,0,1,1,1,0,1,0,"0000000",18,35,18,45,88,88,99,99,99,1,0
26,260688,3,3,0,0,0,3,3,81,5319,24,9,2016,7,9,30,0,2,4,98,6,"BUCHANAN AVE","PLASTER CREEK BLVD",27,42.918675,-85.67117778,0,12,6,0,3,3,0,1,1,1,0,1,0,"0000000",9,44,9,49,88,88,0,0,0,1,0