"STATE","ST_CASE","VE_TOTAL","VE_FORMS","PVH_INVL","PEDS","PERNOTMVIT","PERMVIT","PERSONS","COUNTY","CITY","DAY","MONTH","YEAR","DAY_WEEK","HOUR","MINUTE","NHS","RUR_URB","FUNC_SYS","RD_OWNER","ROUTE","TWAY_ID","TWAY_ID2","MILEPT","LATITUDE","LONGITUD","SP_JUR","HARM_EV","MAN_COLL","RELJCT1","RELJCT2","TYP_INT","WRK_ZONE","REL_ROAD","LGT_COND","WEATHER1","WEATHER2","WEATHER","SCH_BUS","RAIL","NOT_HOUR","NOT_MIN","ARR_HOUR","ARR_MIN","HOSP_HR","HOSP_MN","CF1","CF2","CF3","FATALS","DRUNK_DR"
26,260794,2,2,0,0,0,3,3,163,1260,30,10,2016,1,4,20,0,2,4,98,6,"LAHSER RD","PEMBROKE AVE",38,42.43634444,-83.25858056,0,12,6,0,2,2,0,1,3,1,0,1,0,"0000000",99,99,99,99,99,99,99,99,99,1,1
26,260795,2,2,0,0,0,4,4,25,3014,2,11,2016,4,12,16,0,1,5,98,4,"CR-PARTELLO RD","20 MILE RD",56,42.29726667,-84.90705833,0,12,6,0,2,2,0,1,1,10,0,10,0,"0000000",12,16,12,31,99,99,0,0,0,1,1
26,260796,2,2,0,0,0,3,3,23,0,28,10,2016,6,18,43,0,1,5,98,4,"CR-CENTENNIAL RD","",30,41.88724722,-84.98045833,0,12,2,0,1,1,0,1,1,10,0,10,0,"0000000",99,99,99,99,99,99,99,99,99,1,0
26,260797,2,2,0,0,0,7,7,25,310,22,10,2016,7,17,55,1,2,3,98,3,"SR-66 NE CAPITAL AVE","NE UNION ST",8,42.32352778,-85.16756111,0,12,6,0,2,2,0,1,1,1,0,1,0,"0000000",17,56,17,59,99,99,0,0,0,1,0
26,260798,1,1,0,1,1,1,1,77,2520,2,11,2016,4,20,5,1,2,3,98,3,"SR-43","",64,42.29625556,-85.64149444,0,8,0,0,1,1,0,1,3,2,0,2,0,"0000000",99,99,99,99,99,99,99,99,99,1,0
26,260799,1,1,0,1,1,1,1,77,2520,3,11,2016,5,12,34,0,2,4,98,6,"BURDICK RD","MILLVIEW AVE",1,42.26801389,-85.58140278,0,9,0,0,2,3,0,1,1,1,0,1,0,"0000000",99,99,99,99,88,88,0,0,0,1,0
26,260801,2,2,0,0,0,2,2,81,5089,17,10,2016,2,8,47,0,2,4,98,6,"TURNER AVE NW","",30,43.00386389,-85.67866111,0,54,11,0,1,1,0,1,1,10,0,10,0,"0000000",8,52,8,57,99,99,14,0,0,1,0
26,260802,2,2,0,0,0,2,2,99,4731,3,11,2016,5,21,51,1,2,3,98,6,"MOUND RD","18 1/2 MILE RD",105,42.60028056,-83.05069444,0,12,6,0,2,2,0,1,3,1,0,1,0,"0000000",21,51,21,53,88,88,0,0,0,1,0
26,260803,3,3,0,0,0,3,3,81,2860,4,11,2016,6,16,12,0,1,4,98,4,"CR-ALDEN NASH AVE","EMERY DR",27,42.90933056,-85.35199444,0,12,6,0,2,3,0,1,1,1,0,1,0,"0000000",16,13,16,17,88,88,22,0,0,1,0
26,260804,2,2,0,0,0,2,2,163,1260,14,10,2016,6,22,50,1,2,3,98,3,"SR-3 GRATIOT AVE","HARPER AVE",47,42.39311111,-83.00519722,0,12,6,0,2,2,0,1,3,1,0,1,0,"0000000",99,99,99,99,99,99,99,99,99,1,1
26,260805,3,2,1,0,0,3,3,163,2820,23,10,2016,1,22,25,1,2,3,98,6,"DIX AVE","DETROIT AVE",58,42.24172222,-83.19484722,0,12,6,0,2,2,0,1,3,1,0,1,0,"0000000",22,27,22,30,99,99,0,0,0,1,0
26,260806,2,2,0,0,0,3,3,163,1260,7,11,2016,2,9,50,0,2,4,98,6,"DEQUINDRE ST","7 MILE RD",22,42.43290833,-83.08288889,0,12,6,0,2,2,0,1,1,1,0,1,0,"0000000",99,99,99,99,99,99,0,0,0,1,0
26,260807,3,3,0,0,0,3,3,125,3632,29,10,2016,7,1,0,0,2,4,98,4,"CR-ROMEO","",22,42.79986944,-83.12406944,0,12,2,0,1,1,0,1,2,1,0,1,0,"0000000",1,0,1,15,99,99,0,0,0,1,1
26,260808,1,1,0,0,0,1,1,161,0,14,10,2016,6,2,50,1,2,1,1,1,"I-94","",329,42.21805278,-83.55080833,0,59,0,0,1,1,0,4,2,1,0,1,0,"0000000",99,99,99,99,88,88,0,0,0,1,0
26,260809,2,2,0,0,0,2,2,81,0,9,11,2016,4,5,51,0,1,4,98,4,"CR-LINCOLN LAKE AVE","6 MILE RD",134,43.05841389,-85.35230556,0,12,6,0,2,2,0,1,3,10,0,10,0,"0000000",5,52,5,54,99,99,22,0,0,1,1
26,260810,2,2,0,0,0,5,5,163,2120,30,10,2016,1,2,33,0,2,4,98,6,"CANIFF","BROMBACH",96,42.39869722,-83.06283056,0,12,7,0,2,2,0,1,3,1,0,1,0,"0000000",99,99,99,99,99,99,99,99,99,2,0
26,260811,1,1,0,0,0,5,5,21,0,6,11,2016,1,18,0,1,1,2,98,2,"US-31","",117,41.91464722,-86.34761667,0,34,0,0,1,1,0,3,2,1,0,1,0,"0000000",18,0,18,20,99,99,0,0,0,1,0
26,260812,2,2,0,0,0,2,2,25,0,1,11,2016,3,14,57,0,1,4,98,3,"SR-60","SR-99",12,42.16121944,-84.75068889,0,12,6,0,2,2,0,1,1,1,0,1,0,"0000000",14,57,15,10,99,99,0,0,0,1,0
26,260813,1,1,0,0,0,2,2,85,0,11,11,2016,6,1,30,0,1,7,98,4,"CR-QUEENS HWY","",31,43.86960833,-85.70178056,0,1,0,0,1,1,0,4,2,1,0,1,0,"0000000",1,33,1,59,99,99,22,0,0,1,1
26,260814,1,1,0,0,0,1,1,151,0,12,11,2016,7,7,56,0,1,4,98,3,"SR-90","CRIBBINS RD",79,43.26326111,-82.64916944,0,34,0,0,3,3,0,4,1,1,0,1,0,"0000000",7,57,8,2,88,88,0,0,0,1,0
26,260815,5,5,0,0,0,7,7,75,4448,1,11,2016,3,11,12,1,1,1,1,1,"I-94","",83,42.26916944,-84.55722778,0,12,1,0,1,1,4,1,1,1,0,1,0,"0000000",11,12,11,15,99,99,3,19,0,2,0
26,260816,2,2,0,0,0,2,2,163,0,6,11,2016,1,20,27,0,1,5,98,4,"CR-WILLOW RD","",65,42.11724167,-83.4123,0,12,2,0,1,1,0,1,2,5,0,5,0,"0000000",99,99,99,99,88,88,0,0,0,1,0
26,260817,1,1,0,1,1,1,1,163,1260,10,11,2016,5,8,30,1,2,3,98,6,"7 MILE RD","DEQUINDRE ST",179,42.43291111,-83.08273333,0,8,0,0,3,2,0,1,1,1,0,1,0,"0000000",99,99,99,99,99,99,0,0,0,1,0
26,260818,1,1,0,1,1,1,1,9,380,2,11,2016,4,7,9,0,1,4,98,3,"SR-88 S DIVISION","",110,44.97199444,-85.19841944,0,8,0,0,1,1,0,1,3,10,0,10,0,"0000000",7,12,7,28,88,88,0,0,0,1,0
26,260819,1,1,0,1,1,1,1,125,4905,3,11,2016,5,6,49,1,2,1,31,1,"I-75","",131,42.60366111,-83.16644722,0,8,0,1,18,1,0,1,2,1,0,1,0,"0000000",6,50,6,55,99,99,23,0,0,1,0
26,260820,1,1,0,1,1,1,1,139,0,3,11,2016,5,19,8,1,2,3,98,3,"SR-21 I-196BL","88TH ST",45,42.80718889,-85.999775,0,9,0,0,3,3,0,1,3,1,0,1,0,"0000000",19,9,19,13,99,99,0,0,0,1,0
26,260821,1,1,0,0,0,1,1,161,0,3,11,2016,5,5,46,0,1,4,98,4,"CR-N TERRITORIAL RD","",156,42.38046944,-83.79383056,0,42,0,0,1,1,0,4,2,10,0,10,0,"0000000",5,48,5,58,88,88,0,0,0,1,1
26,260822,1,1,0,1,1,2,2,99,2934,4,11,2016,6,7,0,0,2,5,98,4,"CR-HEYDENREICH RD","",16,42.65147778,-82.91689722,0,8,0,0,1,1,0,1,2,10,0,10,0,"0000000",99,99,99,99,99,99,99,99,99,1,0
26,260823,2,2,0,0,0,5,5,65,0,10,11,2016,5,11,33,0,2,4,98,3,"SR-43 E GRAND RIVER AVE","MERIDIAN RD",106,42.70887222,-84.36142222,0,12,6,0,2,3,0,1,1,1,0,1,0,"0000000",11,32,11,39,99,99,0,0,0,2,0
26,260824,1,1,0,0,0,1,1,121,0,10,11,2016,5,19,1,0,1,4,98,3,"SR-46/37 E APPLE AVE","E NEWAYGO",0,43.23446111,-85.81071944,0,33,0,0,3,6,0,4,3,1,0,1,0,"0000000",19,2,19,9,88,88,0,0,0,1,1
26,260825,1,1,0,1,1,1,1,163,1260,11,11,2016,6,17,45,1,2,3,98,3,"SR-3 RANDOLPH ST","LARNED ST",2,42.33056389,-83.04245833,0,8,0,0,2,2,0,1,5,1,0,1,0,"0000000",99,99,99,99,88,88,0,0,0,1,0
26,260826,1,1,0,0,0,2,2,49,1730,12,11,2016,7,10,0,0,2,4,98,6,"CARPENTER RD","",28,43.07543056,-83.71690833,0,19,0,0,1,1,0,5,1,1,0,1,0,"0000000",9,57,10,1,88,88,0,0,0,1,0
26,260827,1,1,0,0,0,1,1,81,0,12,11,2016,7,15,10,0,1,5,98,4,"CR-RED PINE DR NW","",2,43.237325,-85.69210556,0,1,0,0,1,1,0,4,1,1,0,1,0,"0000000",15,10,15,25,88,88,99,99,99,1,0
26,260828,3,3,0,0,0,6,6,81,131,13,11,2016,1,15,40,0,1,4,98,4,"CR-FRUIT RIDGE AVE NE","6 MILE RD NE",31,43.05960278,-85.76808611,0,12,6,0,2,2,0,1,1,1,0,1,0,"0000000",15,41,15,48,99,99,22,0,0,1,1
26,260829,1,1,0,0,0,1,1,49,1931,9,11,2016,4,2,7,1,2,3,98,3,"SR-54 DORT HWY","",156,43.12336667,-83.67621389,0,1,0,0,1,1,0,4,2,1,0,1,0,"0000000",2,9,2,9,88,88,0,0,0,1,0
26,260830,1,1,0,0,0,1,1,145,0,10,11,2016,5,17,13,0,1,5,98,4,"CR-DITCH RD","",77,43.14684444,-83.98341111,0,1,0,0,1,1,0,1,1,1,0,1,0,"0000000",99,99,99,99,88,88,99,99,99,1,0
26,260831,1,1,0,1,1,2,2,115,0,11,11,2016,6,20,46,1,2,3,98,2,"US-24 S TELEGRAPH RD","",5,41.73671944,-83.547725,0,8,0,0,1,1,0,1,3,1,0,1,0,"0000000",20,50,20,53,88,88,0,0,0,1,0
26,260832,1,1,0,1,1,1,1,9,0,13,11,2016,1,6,40,0,1,5,98,4,"CR-593 CHERRY AVE","",24,44.92366111,-85.35407778,0,8,0,0,1,1,0,1,2,1,0,1,0,"0000000",99,99,99,99,88,88,0,0,0,1,1
26,260833,1,1,0,1,1,1,1,49,686,15,11,2016,3,8,38,0,2,4,98,6,"S GRAND TRAVERSE ST","E DECAMP ST",4,42.98021389,-83.68158611,0,8,0,0,3,3,0,1,1,1,0,1,0,"0000000",8,40,8,45,99,99,0,0,0,1,0
26,260834,1,1,0,1,1,1,1,21,0,15,11,2016,3,20,42,1,2,3,98,3,"SR-51 S 11TH ST","",1,41.76243056,-86.25089167,0,8,0,0,1,1,0,1,2,1,0,1,0,"0000000",20,44,20,47,88,88,0,0,0,1,0
26,260835,1,1,0,1,1,1,1,163,90,29,11,2016,3,17,47,1,2,1,1,1,"I-94","",186,42.27762222,-83.20219167,0,8,0,0,1,1,0,1,3,10,0,10,0,"0000000",99,99,99,99,88,88,0,0,0,1,0
26,260836,2,2,0,0,0,3,3,51,0,14,11,2016,2,12,27,0,1,4,98,3,"SR-30","HIGHWOOD RD",83,43.92895833,-84.36573333,0,12,2,0,3,3,0,1,1,1,0,1,0,"0000000",12,31,12,39,99,99,22,0,0,1,0
26,260837,2,2,0,0,0,3,3,45,0,17,11,2016,5,7,22,1,2,1,1,1,"I-96","",35,42.71927222,-84.66885,0,57,0,0,1,1,0,3,1,1,0,1,0,"0000000",7,22,7,28,88,88,0,0,0,1,0
26,260838,2,2,0,0,0,2,2,89,0,15,11,2016,3,7,9,0,1,4,98,3,"SR-72 TRAVERSE RD","MAPLE CITY RD",117,44.79043889,-85.85529444,0,12,6,0,2,2,0,1,2,5,0,5,0,"0000000",7,10,7,15,88,88,22,0,0,1,0
26,260839,2,2,0,0,0,3,3,37,0,16,11,2016,4,17,39,1,2,3,98,3,"SR-78 SAGINAW HWY","MEIJER ENTRANCE",1,42.77058611,-84.41899167,0,12,6,0,2,3,0,1,3,1,0,1,0,"0000000",17,40,17,50,99,99,99,99,99,1,0
26,260840,1,1,0,1,1,1,1,163,2820,15,11,2016,3,18,25,1,2,3,98,6,"SOUTHFIELD RD","WASHINGTON AVE",5,42.24730556,-83.16738056,0,8,0,0,3,3,0,1,3,1,0,1,0,"0000000",99,99,99,99,99,99,0,0,0,1,0
26,260841,2,1,1,1,1,1,1,21,0,18,11,2016,6,6,27,0,2,5,98,3,"SR-139/OLD US-31 FERRY ST","DEANS HILL RD",90,41.94695833,-86.32678611,0,8,0,0,2,3,0,1,2,1,0,1,0,"0000000",6,29,6,44,88,88,19,0,0,1,0
26,260842,2,2,0,0,0,2,2,129,0,16,11,2016,4,23,0,0,1,5,98,4,"CR-STATE RD","",25,44.29583056,-84.19096944,0,12,2,0,1,1,0,1,2,1,0,1,0,"0000000",99,99,99,99,99,99,0,0,0,1,0
26,260843,1,1,0,0,0,2,2,125,4905,20,11,2016,1,3,11,1,2,1,1,1,"I-75","",123,42.59345,-83.15971111,0,24,0,0,1,1,0,3,2,10,0,10,0,"0000000",3,12,3,18,99,99,0,0,0,1,1
26,260844,1,1,0,0,0,1,1,163,1260,8,11,2016,3,21,35,1,2,2,98,3,"SR-39","",85,42.34340556,-83.21623611,0,59,0,0,1,1,0,4,3,10,0,10,0,"0000000",99,99,99,99,88,88,0,0,0,1,0
26,260845,1,1,0,0,0,1,1,155,0,20,11,2016,1,4,5,0,1,7,98,4,"CR-E NEWBURG RD","STATE RD",0,42.90891389,-84.12381111,0,42,0,0,3,3,0,5,2,10,0,10,0,"0000000",99,99,99,99,88,88,0,0,0,1,1
26,260846,1,1,0,1,1,1,1,17,271,16,11,2016,4,20,22,0,2,5,98,4,"CR-E NORTH UNION RD","WOODBRIDGE RD",58,43.60933056,-83.91663889,0,8,0,0,3,3,0,1,3,1,0,1,0,"0000000",20,23,20,25,99,99,0,0,0,1,0
26,260847,2,2,0,0,0,4,4,147,0,11,11,2016,6,17,17,0,1,5,98,3,"SR-136 AVOCA RD","",14,43.061175,-82.70531389,0,12,2,0,1,1,0,1,5,1,0,1,0,"0000000",17,19,99,99,99,99,0,0,0,2,0
26,260848,1,1,0,0,0,1,1,121,0,21,11,2016,2,15,50,0,1,5,98,4,"CR-BAILEY RD","",45,43.27946111,-85.91928889,0,32,0,0,1,1,0,4,1,1,0,1,0,"0000000",15,51,15,59,88,88,0,0,0,1,0
26,260849,3,3,0,0,0,5,5,163,633,10,11,2016,5,20,33,0,2,3,98,4,"CR-ALLEN RD","",45,42.16465833,-83.22693333,0,12,8,0,1,1,0,1,3,1,0,1,0,"0000000",99,99,99,99,99,99,0,0,0,1,0
26,260850,2,2,0,0,0,3,3,121,0,19,11,2016,7,11,35,0,1,4,98,4,"CR-MAPLE ISLAND RD","104TH ST",49,43.365925,-86.03904722,0,12,6,0,2,2,0,1,1,4,11,4,0,"0000000",11,40,11,49,99,99,0,0,0,1,0
26,260851,1,1,0,0,0,1,1,125,0,18,11,2016,6,4,40,0,2,5,98,4,"CR-SOUTH HILL RD","",28,42.562175,-83.59874722,0,42,0,0,1,1,0,4,2,1,0,1,0,"0000000",99,99,99,99,88,88,0,0,0,1,1
26,260852,2,2,0,0,0,2,2,99,4731,23,11,2016,4,10,56,1,2,3,98,6,"METROPOLITAN PKWY","VAN DYKE AVE",114,42.5658,-83.02985833,0,12,6,0,2,2,0,1,1,10,0,10,0,"0000000",10,56,10,59,99,99,0,0,0,1,0
26,260853,2,1,1,0,2,2,4,21,0,19,11,2016,7,10,0,1,1,1,1,1,"I-94","",25,41.78576389,-86.71850556,0,14,0,0,1,1,0,2,1,4,0,4,0,"0000000",10,0,10,17,88,88,19,0,0,2,0
26,260854,1,1,0,0,0,3,3,161,0,24,11,2016,5,11,31,1,2,1,1,1,"I-94","",129,42.29846111,-83.88196944,0,24,0,0,1,1,0,3,1,10,0,10,0,"0000000",11,33,11,42,99,99,0,0,0,1,0
26,260855,1,1,0,0,0,1,1,125,0,27,11,2016,1,3,18,0,1,4,98,4,"CR-W OAKWOOD RD","",76,42.86858611,-83.31726667,0,42,0,0,1,1,0,4,2,1,0,1,0,"0000000",3,21,3,27,99,99,99,99,99,1,1
26,260856,2,2,0,0,0,2,2,87,0,18,11,2016,6,10,18,0,1,4,98,3,"SR-90 BURNSIDE RD","",177,43.21144444,-83.03938889,0,12,8,0,1,1,0,1,1,1,0,1,0,"0000000",99,99,99,99,99,99,0,0,0,1,0
26,260857,1,1,0,0,0,2,2,99,850,23,11,2016,4,16,3,0,2,7,98,6,"RINKE AVE","SHERWOOD AVE",4,42.474,-83.03664722,0,43,0,0,3,3,0,4,1,2,0,2,0,"0000000",16,2,16,3,99,99,99,99,99,1,0
26,260858,1,1,0,0,0,1,1,77,2520,27,11,2016,1,20,14,1,2,3,98,3,"SR-331 S WESTNEDGE AVE","",46,42.27232222,-85.58959722,0,42,0,0,1,1,0,4,3,1,0,1,0,"0000000",99,99,99,99,88,88,0,0,0,1,1
26,260859,2,2,0,0,0,2,2,91,0,21,11,2016,2,14,7,1,1,3,98,2,"US-223","GILBERT HWY",135,41.92583333,-84.14896111,0,12,6,0,2,3,0,1,1,10,0,10,0,"0000000",14,7,14,27,88,88,22,0,0,2,0
26,260860,2,2,0,0,0,3,3,67,0,28,11,2016,2,17,36,0,1,4,98,3,"SR-66","",92,42.904125,-85.07491111,0,12,6,0,1,1,0,1,5,2,0,2,0,"0000000",17,36,99,99,99,99,99,99,99,1,0
26,260861,1,1,0,1,1,1,1,55,0,21,11,2016,2,18,28,0,2,5,98,4,"CR-BARLOW ST","",7,44.74352222,-85.60552778,0,8,0,0,1,1,0,1,2,10,0,10,0,"0000000",18,31,18,34,88,88,0,0,0,1,0
26,260862,3,3,0,0,0,3,3,91,0,15,11,2016,3,15,10,0,1,5,98,4,"CR-MORENCI RD","MUNSON HWY",17,41.70991389,-84.32855833,0,12,6,0,2,2,0,1,1,1,0,1,0,"0000000",15,13,15,20,99,99,0,0,0,1,0
26,260863,1,1,0,0,0,1,1,163,1260,16,11,2016,4,3,1,0,2,5,98,6,"FRENCH RD","",9,42.387825,-82.99270278,0,42,0,0,1,1,0,4,2,1,0,1,0,"0000000",99,99,99,99,88,88,20,0,0,1,0
26,260864,1,1,0,1,1,1,1,99,919,27,11,2016,1,18,6,1,2,3,98,3,"SR-3 GRATIOT AVE","",32,42.64431944,-82.85350278,0,8,0,0,1,1,0,1,3,10,0,10,0,"0000000",18,6,18,11,99,99,0,0,0,1,1
26,260865,1,1,0,0,0,1,1,91,0,23,11,2016,4,5,31,1,1,3,98,2,"US-12","",113,42.05680833,-84.15040278,0,35,0,0,1,1,0,4,2,4,0,4,0,"0000000",5,32,5,46,88,88,0,0,0,1,0
26,260866,2,2,0,0,0,4,4,163,2820,28,11,2016,2,21,22,1,2,3,98,6,"DIX AVE","",44,42.22113333,-83.19409722,0,12,1,0,1,1,0,1,3,2,0,2,0,"0000000",21,16,21,22,99,99,0,0,0,1,0
26,260867,1,1,0,1,1,1,1,163,1260,30,11,2016,4,19,28,1,2,1,1,1,"I-75","",218,42.32800556,-83.08605833,0,8,0,1,18,1,0,1,3,1,0,1,0,"0000000",99,99,99,99,88,88,23,0,0,1,0
26,260868,2,2,0,0,0,4,4,71,0,23,11,2016,4,13,1,0,1,5,98,4,"CR-BATES AMASA RD","",39,46.14778611,-88.509775,0,12,6,0,1,1,0,4,1,4,0,4,0,"0000000",13,1,13,15,99,99,0,0,0,1,0
26,260869,1,1,0,2,2,2,2,99,4731,24,11,2016,5,19,45,0,2,4,98,6,"15 MILE RD","DODGE PARK RD",40,42.55168056,-83.00941111,0,8,0,0,3,3,0,1,3,1,0,1,0,"0000000",19,47,19,51,99,99,0,0,0,1,0
26,260870,2,2,0,0,0,3,3,53,2470,22,11,2016,3,13,58,1,2,3,98,2,"US-2 CLOVERLAND DR","LUXMORE ST",23,46.46324167,-90.14535833,0,12,6,0,2,2,0,1,1,10,0,10,0,"0000000",12,58,1,0,99,99,0,0,0,1,0
26,260872,1,1,0,1,1,1,1,163,1260,6,11,2016,1,20,30,0,2,7,98,6,"WARD ST","W CHICAGO ST",17,42.3659,-83.17278611,0,8,0,0,2,2,0,1,3,1,0,1,0,"0000000",99,99,99,99,99,99,99,99,99,1,0
26,260873,1,1,0,0,0,1,1,163,4220,13,4,2016,4,17,55,0,2,7,98,6,"HALTINER ST","",21,42.26453333,-83.14010556,0,5,0,0,1,1,0,1,1,1,0,1,0,"0000000",99,99,99,99,99,99,0,0,0,1,0
26,260874,1,1,0,0,0,1,1,67,0,18,11,2016,6,10,22,1,1,1,1,1,"I-96","",13,42.87869167,-85.28651944,0,1,0,0,1,1,0,4,1,1,0,1,0,"0000000",99,99,99,99,99,99,0,0,0,1,1
26,260875,2,2,0,0,0,2,2,163,1260,17,7,2016,1,3,15,1,2,3,98,6,"PLYMOUTH RD","",193,42.37307222,-83.17660833,0,12,1,0,1,1,0,1,3,1,0,1,0,"0000000",99,99,99,99,99,99,0,0,0,1,0
26,260876,1,1,0,0,0,1,1,81,0,27,11,2016,1,0,40,0,2,7,98,4,"CR-68TH ST","",12,42.84136944,-85.7591,0,42,0,0,1,1,0,4,3,1,0,1,0,"0000000",0,51,1,2,88,88,0,0,0,1,1
26,260877,1,1,0,1,1,2,2,139,0,27,11,2016,1,17,50,0,2,4,98,4,"CR-PORT SHELDON ST","",64,42.88525556,-85.8955,0,8,0,0,1,1,0,1,2,2,0,2,0,"0000000",17,51,17,54,99,99,22,0,0,1,1
26,260878,1,1,0,0,0,1,1,77,2520,6,8,2016,7,15,55,1,2,2,98,2,"US-131","",94,42.25505,-85.64737778,0,59,0,0,1,1,0,3,1,1,0,1,0,"0000000",99,99,99,99,88,88,99,99,99,1,0
26,260879,1,1,0,1,1,1,1,163,1260,3,8,2016,4,21,20,0,2,4,98,6,"FENKELL ST","",81,42.40256111,-83.15634722,0,8,0,0,1,1,0,1,3,1,0,1,0,"0000000",99,99,99,99,99,99,0,0,0,1,0
26,260880,2,2,0,0,0,2,2,93,0,29,11,2016,3,9,35,0,2,5,98,4,"CR-WHITE LAKE RD","OLD US 23 HWY",40,42.76953056,-83.75447222,0,12,6,0,2,2,0,1,1,1,0,1,0,"0000000",9,36,9,53,99,99,22,0,0,1,0
26,260881,1,1,0,1,1,1,1,45,1460,9,10,2016,1,21,22,0,2,4,98,3,"SR-99/50 S MAIN ST","E ELIZABETH ST",58,42.50363611,-84.65639722,0,8,0,0,2,3,0,1,3,1,0,1,0,"0000000",20,43,20,47,88,88,0,0,0,1,0
26,260882,1,1,0,1,1,1,1,99,2934,5,11,2016,7,1,24,0,2,4,98,4,"CR-ROMEO PLANK RD","HALL RD",28,42.628675,-82.9358,0,9,0,0,2,2,0,1,3,1,0,1,0,"0000000",99,99,99,99,99,99,99,99,99,1,0
26,260883,2,2,0,0,0,3,3,99,4521,9,11,2016,4,17,3,0,2,4,98,4,"CR-24 MILE RD","SCHOENHERR RD",50,42.68481389,-82.9952,0,12,2,0,2,2,0,1,5,1,0,1,0,"0000000",99,99,99,99,99,99,0,0,0,1,0
26,260884,1,1,0,1,1,1,1,163,1260,3,11,2016,5,5,50,1,2,1,31,1,"I-96 RAMP 139F","",4,42.38469167,-83.15010833,0,8,0,0,20,1,0,1,3,2,0,2,0,"0000000",99,99,99,99,88,88,0,0,0,1,0
26,260885,1,1,0,1,1,1,1,145,765,27,11,2016,1,17,39,0,2,4,98,4,"CR-MAPLERIDGE RD","",11,43.46859167,-83.94017778,0,8,0,0,1,1,0,1,5,1,0,1,0,"0000000",99,99,99,99,88,88,99,99,99,1,0
26,260886,2,2,0,0,0,2,2,91,0,29,11,2016,3,22,38,0,1,5,98,4,"CR-MATTHEWS HWY","",27,42.04526389,-83.98596389,0,12,2,0,1,1,0,2,2,1,0,1,0,"0000000",22,43,23,0,99,99,0,0,0,1,0
26,260887,1,1,0,0,0,1,1,163,1260,27,11,2016,1,8,0,0,2,4,98,6,"JOHN KRONK ST","",2,42.32004444,-83.14526111,0,38,0,0,1,1,0,4,1,1,0,1,0,"0000000",99,99,99,99,99,99,99,99,99,1,0
26,260888,1,1,0,1,1,1,1,5,2290,28,11,2016,2,21,57,1,2,3,98,3,"SR-40 LINCOLN AVE","",55,42.758575,-86.09695556,0,8,0,0,1,1,0,1,3,2,0,2,0,"0000000",21,57,22,2,99,99,0,0,0,1,0
26,260889,2,2,0,0,0,2,2,163,738,19,11,2016,7,16,41,0,2,4,98,4,"CR-JOY RD","GENERAL DR",45,42.35189444,-83.45289444,0,12,1,0,2,3,0,1,1,1,0,1,0,"0000000",16,43,16,48,99,99,0,0,0,1,0
26,260890,1,1,0,0,0,1,1,75,0,2,11,2016,4,15,30,0,1,7,98,4,"CR-GIBBS RD","",66,42.33563611,-84.67922222,0,53,0,0,1,1,0,4,1,1,0,1,0,"0000000",99,99,99,99,99,99,0,0,0,1,1
26,260891,1,1,0,0,0,2,2,33,0,3,12,2016,7,22,45,0,1,5,98,3,"SR-46","",173,46.042325,-84.09226389,0,34,0,0,1,1,0,4,2,10,0,10,0,"0000000",99,99,99,99,88,88,0,0,0,1,1
26,260892,1,1,0,1,1,1,1,159,3850,23,11,2016,4,17,50,0,2,4,98,6,"MICHIGAN AVE","",80,42.21759167,-85.88996111,0,8,0,0,1,1,0,1,3,2,0,2,0,"0000000",99,99,99,99,88,88,0,0,0,1,0
26,260893,2,2,0,0,0,3,3,159,0,4,12,2016,1,16,8,0,1,4,98,3,"SR-40","",7,42.078175,-85.83029444,0,12,6,0,1,1,0,1,1,4,0,4,0,"0000000",16,13,16,29,88,88,0,0,0,2,0
26,260894,1,1,0,1,1,1,1,163,1260,15,11,2016,3,18,25,1,2,3,98,6,"LIVERNOIS AVE","LYNDON ST",6,42.39545,-83.14002222,0,15,0,0,3,3,0,1,5,1,0,1,0,"0000000",99,99,99,99,88,88,99,99,99,1,0
26,260895,1,1,0,0,0,1,1,81,0,5,12,2016,2,8,44,0,1,6,98,4,"CR-21 MILE RD","",11,43.27791111,-85.76951111,0,34,0,0,1,1,0,4,1,10,0,10,0,"0000000",8,44,9,0,88,88,0,0,0,1,0
26,260896,1,1,0,0,0,1,1,49,1730,4,12,2016,1,0,51,0,2,5,98,6,"N CHEVROLET AVE","",24,43.03628889,-83.71600278,0,42,0,0,1,1,0,3,3,1,0,1,0,"0000000",0,52,0,57,88,88,0,0,0,1,0
26,260897,2,2,0,1,1,5,5,163,738,13,11,2016,1,17,56,1,2,3,98,2,"US-12","LOTZ RD",60,42.27983889,-83.43695833,0,8,0,0,3,3,0,1,2,10,0,10,0,"0000000",17,57,18,9,88,88,14,0,0,1,0
26,260898,1,1,0,1,1,2,2,163,738,13,11,2016,1,17,56,1,2,3,98,2,"US-12 MICHIGAN AVE","LOTZ RD",60,42.27983333,-83.43696667,0,8,0,0,3,3,0,1,2,1,0,1,0,"0000000",17,57,18,3,99,99,27,0,0,1,0
26,260899,1,1,0,1,1,1,1,125,208,5,12,2016,2,19,47,0,2,4,98,6,"S OPDYKE RD","",27,42.62634444,-83.24907222,0,8,0,0,1,1,0,1,2,1,0,1,0,"0000000",19,49,19,55,99,99,0,0,0,1,0