"STATE","ST_CASE","VE_TOTAL","VE_FORMS","PVH_INVL","PEDS","PERNOTMVIT","PERMVIT","PERSONS","COUNTY","CITY","DAY","MONTH","YEAR","DAY_WEEK","HOUR","MINUTE","NHS","RUR_URB","FUNC_SYS","RD_OWNER","ROUTE","TWAY_ID","TWAY_ID2","MILEPT","LATITUDE","LONGITUD","SP_JUR","HARM_EV","MAN_COLL","RELJCT1","RELJCT2","TYP_INT","WRK_ZONE","REL_ROAD","LGT_COND","WEATHER1","WEATHER2","WEATHER","SCH_BUS","RAIL","NOT_HOUR","NOT_MIN","ARR_HOUR","ARR_MIN","HOSP_HR","HOSP_MN","CF1","CF2","CF3","FATALS","DRUNK_DR"
26,260900,1,1,0,0,0,1,1,27,0,5,12,2016,2,14,47,0,1,7,98,4,"CR-HARRIS ST","",2,41.82548333,-86.06691944,0,10,0,0,6,1,0,1,1,10,0,10,0,"283390V",14,47,14,50,88,88,99,99,99,1,0
26,260901,2,1,1,0,0,1,1,99,2181,11,10,2016,3,3,14,0,2,7,98,4,"CR-SHOOK RD","",0,42.55735,-82.86849722,0,18,0,0,1,1,4,1,3,1,0,1,0,"0000000",3,15,3,23,88,88,0,0,0,1,1
26,260902,1,1,0,0,0,1,1,131,4265,4,12,2016,1,19,30,0,1,4,98,2,"US-45","",309,46.74680556,-89.18088889,0,34,0,0,1,1,0,4,2,4,0,4,0,"0000000",99,99,99,99,99,99,0,0,0,1,0
26,260903,1,1,0,1,1,0,0,85,250,5,12,2016,2,15,44,1,1,3,98,2,"US-10/37","",122,43.90774722,-85.85145556,0,8,0,0,1,1,0,2,1,10,0,10,0,"0000000",15,44,16,0,99,99,23,0,0,1,0
26,260904,2,2,0,0,0,2,2,25,310,6,12,2016,3,5,57,0,2,4,98,6,"HILLBRADY RD","",3,42.31234722,-85.27220833,0,12,2,0,1,1,0,1,3,10,0,10,0,"0000000",5,58,6,10,99,99,0,0,0,1,1
26,260905,3,3,0,0,0,4,4,125,4905,5,12,2016,2,11,18,1,2,3,98,6,"W LONG LAKE","COOLIDGE HWY",93,42.59061111,-83.18834167,0,12,6,0,2,2,0,1,1,10,0,10,0,"0000000",11,20,11,21,99,99,0,0,0,1,0
26,260906,1,1,0,1,1,1,1,93,0,6,12,2016,3,19,0,1,2,3,98,4,"CR-W GRAND RIVER AVE","",194,42.56725,-83.80747222,0,9,0,0,1,1,0,1,2,2,0,2,0,"0000000",19,0,19,5,88,88,99,99,99,1,0
26,260907,2,2,0,0,0,2,2,125,5113,7,12,2016,4,11,14,1,2,3,98,4,"CR-COOLEY LAKE RD","",39,42.62589722,-83.39594444,0,12,2,0,1,1,0,1,1,1,0,1,0,"0000000",11,15,11,26,99,99,0,0,0,1,0
26,260908,1,1,0,1,1,2,2,163,2260,7,12,2016,4,23,2,0,2,5,98,6,"DAVISON SERVICE DR","OAKLAND",10,42.40714167,-83.08677778,0,9,0,0,2,2,0,1,3,1,0,1,0,"0000000",99,99,99,99,99,99,99,99,99,1,0
26,260909,2,2,0,0,0,2,2,49,0,10,12,2016,7,23,8,0,2,5,98,4,"CR-TORREY RD","",61,42.892575,-83.72979722,0,12,2,0,1,1,0,1,2,4,0,4,0,"0000000",23,8,23,15,99,99,0,0,0,1,0
26,260910,2,2,0,0,0,7,7,37,0,11,12,2016,1,12,53,0,1,5,98,4,"CR-N SHEPARDSVILLE RD","",99,43.02494444,-84.42598889,0,12,6,0,1,1,0,1,1,4,0,4,0,"0000000",12,55,13,8,99,99,0,0,0,1,0
26,260911,2,2,0,0,0,2,2,91,0,11,12,2016,1,12,18,0,1,5,98,4,"CR-RIDGE HWY","",69,42.02074722,-83.83713611,0,12,6,0,1,1,0,2,1,4,0,4,0,"0000000",12,19,12,32,99,99,0,0,0,1,0
26,260912,3,3,0,0,0,3,3,163,1260,1,11,2016,3,3,20,1,2,1,1,1,"I-96","",13,42.36601944,-83.13563611,0,12,1,1,18,1,0,1,3,10,0,10,0,"0000000",99,99,99,99,99,98,0,0,0,1,2
26,260913,2,2,0,0,0,2,2,155,5030,9,12,2016,6,11,0,0,1,4,98,3,"SR-71","MAPLE ST",19,42.94283889,-84.02813889,0,12,6,0,2,2,0,1,1,1,0,1,0,"0000000",11,4,11,14,99,99,99,99,99,1,0
26,260914,1,1,0,0,0,5,5,147,0,10,12,2016,7,2,44,0,1,7,98,4,"CR-KOEHN RD","",21,42.99112778,-82.88648889,0,42,0,0,1,1,0,4,2,1,0,1,0,"0000000",99,99,99,99,99,99,99,99,99,1,1
26,260915,2,2,0,0,0,2,2,49,0,8,12,2016,5,9,10,0,2,4,98,4,"CR-DAVISON RD","",91,43.03521944,-83.49633889,0,12,2,0,1,1,0,1,1,4,0,4,0,"0000000",9,10,9,13,88,88,0,0,0,1,0
26,260916,1,1,0,0,0,1,1,147,0,8,12,2016,5,11,50,0,1,5,98,4,"CR-YALE RD","",126,43.13291944,-82.71058889,0,1,0,0,1,1,0,4,1,10,0,10,0,"0000000",11,52,12,0,99,99,0,0,0,1,0
26,260917,1,1,0,1,1,1,1,125,1690,9,12,2016,6,23,52,0,2,5,98,6,"E TEN MILE RD","",132,42.4757,-83.116,0,8,0,0,1,1,0,1,3,1,0,1,0,"0000000",23,52,23,55,99,99,99,99,99,1,0
26,260918,2,2,0,0,0,5,5,55,0,10,12,2016,7,11,25,1,1,3,98,2,"US-31","",3,44.65878333,-85.81257778,0,12,6,0,1,1,0,1,1,4,0,4,0,"0000000",11,32,11,43,99,99,0,0,0,1,0
26,260919,1,1,0,0,0,1,1,163,1260,11,12,2016,1,1,15,0,2,4,98,6,"E GRAND BLVD","",45,42.37434722,-83.06149167,0,30,0,0,1,1,0,4,3,1,0,1,0,"0000000",99,99,99,99,88,88,0,0,0,1,1
26,260920,1,1,0,1,1,2,2,49,1731,5,6,2016,1,22,0,1,2,1,1,1,"I-69","",104,42.98516111,-83.73131667,0,8,0,1,18,1,0,1,2,10,0,10,0,"0000000",99,99,99,99,88,88,0,0,0,1,0
26,260921,2,2,0,0,0,2,2,29,0,8,12,2016,5,9,35,0,1,4,98,3,"SR-66","",47,45.17856667,-85.16401111,0,12,6,0,1,1,0,1,1,4,0,4,0,"0000000",99,99,99,99,99,99,0,0,0,1,1
26,260922,2,2,0,0,0,2,2,121,0,6,12,2016,3,15,41,0,2,7,98,4,"CR-S SULLIVAN RD","",42,43.17885833,-86.04669722,0,12,1,0,1,1,0,1,1,10,0,10,0,"0000000",99,99,99,99,99,99,0,0,0,1,0
26,260923,2,2,0,0,0,2,2,55,0,5,12,2016,2,14,38,0,2,4,98,4,"CR-633 SILVER LAKE RD","CREEKSIDE DR",57,44.733875,-85.6566,0,12,6,0,2,4,0,1,1,1,0,1,0,"0000000",14,42,14,52,99,99,0,0,0,1,0
26,260924,1,1,0,1,1,1,1,163,738,12,12,2016,2,23,34,1,2,3,98,2,"US-12 MICHIGAN","",59,42.28016667,-83.43743611,0,8,0,0,1,1,0,1,2,1,0,1,0,"0000000",99,99,99,99,99,99,0,0,0,1,0
26,260925,2,2,0,0,0,7,7,25,0,11,12,2016,1,14,35,0,1,4,98,3,"SR-96 MICHIGAN AVE","",68,42.28595556,-85.05925833,0,12,6,0,1,1,0,1,1,4,0,4,0,"0000000",99,99,99,99,99,99,99,99,99,1,0
26,260926,2,2,0,0,0,2,2,125,5113,15,12,2016,5,0,17,1,2,3,98,3,"SR-59 HIGHLAND RD","N WILLIAMS LAKE RD",127,42.66033611,-83.44160556,0,12,2,0,2,2,0,1,3,1,0,1,0,"0000000",0,17,0,23,99,99,0,0,0,1,1
26,260927,1,1,0,1,1,1,1,163,5176,15,12,2016,5,6,7,1,2,3,98,6,"S MERRIMAN RD","MICHIGAN AVE",48,42.28535278,-83.34868333,0,8,0,0,3,2,0,1,3,10,0,10,0,"0000000",6,3,6,9,99,99,0,0,0,1,1
26,260928,2,2,0,0,0,3,3,15,0,17,12,2016,7,15,45,0,1,4,98,3,"SR-37","",118,42.58213611,-85.26668333,0,12,2,0,1,1,0,1,1,10,0,10,0,"0000000",15,48,15,54,99,99,0,0,0,1,0
26,260929,2,2,0,0,0,7,7,81,131,17,12,2016,7,12,0,0,2,5,98,4,"CR-6 MILE RD NW","BAUMHOFF AVE NW",35,43.05827222,-85.71931667,0,12,6,0,2,2,0,1,1,4,0,4,0,"0000000",12,5,12,20,99,99,0,0,0,1,0
26,260930,2,2,0,0,0,4,4,27,0,18,12,2016,1,12,21,0,1,4,98,3,"SR-40","",57,41.88851389,-85.79896667,0,12,6,0,1,1,0,1,1,1,0,1,0,"0000000",12,23,12,32,99,99,0,0,0,1,0
26,260931,1,1,0,0,0,2,2,143,0,8,12,2016,5,16,30,1,1,2,98,2,"US-127","",145,44.369175,-84.80778611,0,1,0,0,1,1,0,4,5,4,0,4,0,"0000000",99,99,99,99,99,99,0,0,0,1,0
26,260932,1,1,0,0,0,1,1,81,0,18,12,2016,1,1,0,0,1,5,98,4,"CR-18 MILE RD NW","",12,43.2342,-85.76614444,0,34,0,0,1,1,0,4,2,1,0,1,0,"0000000",99,99,99,99,88,88,0,0,0,1,1
26,260933,2,2,0,0,0,2,2,65,0,16,12,2016,6,13,31,1,2,1,1,1,"I-96","",212,42.65845,-84.19746111,0,12,1,1,18,1,0,1,1,10,0,10,0,"0000000",13,32,13,46,88,88,0,0,0,1,0
26,260934,3,3,0,0,0,3,3,99,2181,19,12,2016,2,2,45,0,2,5,98,4,"CR-N RIVER RD","",30,42.59801944,-82.82506667,0,12,2,0,1,1,0,1,2,1,0,1,0,"0000000",99,99,99,99,99,99,0,0,0,1,1
26,260935,1,1,0,1,1,1,1,21,1900,20,12,2016,3,18,33,0,1,4,98,2,"US-12 PULASKI HWY","",113,41.79804722,-86.50310833,0,8,0,0,1,1,0,1,2,1,0,1,0,"0000000",18,33,18,49,88,88,0,0,0,1,0
26,260936,3,3,0,0,0,4,4,155,1140,21,12,2016,4,10,52,0,2,3,98,3,"SR-21","N ESCOTT RD",136,42.99882222,-84.09921667,0,12,6,0,2,3,0,1,1,10,0,10,0,"0000000",10,57,11,1,99,99,0,0,0,1,0
26,260937,1,1,0,1,1,1,1,163,1260,6,2,2016,7,5,36,1,2,1,1,1,"I-375","",7,42.33666111,-83.03858889,0,8,0,1,18,1,0,1,3,1,0,1,0,"0000000",99,99,99,99,88,88,0,0,0,1,0
26,260938,1,1,0,0,0,1,1,123,0,21,4,2016,5,21,47,0,1,5,98,4,"CR-W 108TH ST","",0,43.35932778,-85.988675,0,42,0,0,1,1,0,4,2,5,0,5,0,"0000000",99,99,99,99,88,88,99,99,99,1,0
26,260939,1,1,0,0,0,2,2,163,1260,24,10,2016,2,4,22,1,2,1,1,1,"I-94","",302,42.38109722,-83.03200833,0,30,0,0,1,1,0,4,3,1,0,1,0,"0000000",99,99,99,99,99,99,99,99,99,1,0
26,260940,1,1,0,1,1,1,1,163,1260,12,10,2016,4,20,13,1,2,2,98,3,"SR-8 RAMP 006A","",1,42.33993056,-83.21586667,0,8,0,1,5,1,0,1,3,1,0,1,0,"0000000",99,99,99,99,88,88,0,0,0,1,0
26,260941,2,2,0,0,0,3,3,81,5089,5,11,2016,7,16,37,1,2,3,98,3,"SR-37 ALPINE AVE NW","KINGSBURY ST NW",35,43.02670833,-85.68924167,0,12,6,0,8,1,0,1,1,1,0,1,0,"0000000",16,37,16,40,99,99,0,0,0,1,0
26,260942,2,2,0,0,0,2,2,77,0,7,11,2016,2,16,15,0,2,4,98,4,"CR-S 12TH ST","W O N AVE",81,42.23851111,-85.64915833,0,12,2,0,1,1,0,1,1,1,0,1,0,"0000000",16,15,16,20,99,99,0,0,0,1,1
26,260943,1,1,0,1,1,1,1,125,4567,23,11,2016,4,18,40,1,2,3,98,6,"S GREENFIELD RD","",28,42.48576389,-83.202275,0,8,0,0,1,1,0,1,2,2,0,2,0,"0000000",99,99,99,99,99,99,99,99,99,1,0
26,260944,1,1,0,0,0,2,2,5,0,18,11,2016,6,18,15,0,1,5,98,4,"CR-A45/10TH ST","",92,42.550325,-85.64147778,0,42,0,0,1,1,0,4,2,2,0,2,0,"0000000",18,19,18,30,99,99,0,0,0,1,0
26,260945,3,3,0,0,0,4,4,93,0,8,12,2016,5,6,27,1,1,1,1,1,"I-96","",2,42.65135556,-84.14435278,0,12,1,0,1,1,0,1,1,4,0,4,0,"0000000",99,99,99,99,88,88,19,0,0,3,0
26,260946,2,2,0,0,0,2,2,81,0,15,12,2016,5,15,44,1,2,3,98,3,"SR-44 E BELTLINE AVE NE","",17,43.05094167,-85.58107222,0,12,6,0,1,1,0,1,1,10,0,10,0,"0000000",99,99,99,99,88,88,99,99,99,1,0
26,260947,2,2,0,0,0,2,2,97,0,15,12,2016,5,18,55,1,1,3,98,2,"US-2","",204,46.09602222,-85.44209167,0,12,6,0,1,1,0,1,2,4,0,4,0,"0000000",18,55,19,29,88,88,0,0,0,1,0
26,260948,1,1,0,0,0,1,1,5,2290,22,12,2016,5,8,58,1,2,2,98,2,"US-31 RAMP 050A","",2,42.7489,-86.11896111,0,25,0,1,5,1,0,4,1,10,0,10,0,"0000000",8,59,9,1,88,88,0,0,0,1,0
26,260949,2,2,0,1,1,1,1,125,4020,21,12,2016,4,23,23,0,2,4,98,6,"AUBURN AVE","",14,42.63485556,-83.26472222,0,12,8,0,1,1,0,1,3,1,0,1,0,"0000000",23,25,23,30,99,99,19,0,0,1,0
26,260950,1,1,0,0,0,3,3,125,4567,25,12,2016,1,1,45,1,2,2,98,3,"SR-10 LODGE FWY","",59,42.48438611,-83.2648,0,25,0,0,1,1,0,3,3,1,0,1,0,"0000000",1,53,1,58,99,99,0,0,0,1,1
26,260951,1,1,0,1,1,1,1,125,2230,6,12,2016,3,17,22,0,2,4,98,6,"JOHN R RD","",20,42.4756,-83.10462222,0,8,0,0,1,1,0,1,5,10,0,10,0,"0000000",99,99,99,99,99,99,99,99,99,1,0
26,260952,2,2,0,0,0,3,3,55,0,10,12,2016,7,14,32,0,2,4,98,4,"CR-KEYSTONE RD","",5,44.68520278,-85.624675,0,12,2,0,1,1,0,1,1,4,0,4,0,"0000000",14,34,14,42,99,99,0,0,0,1,0
26,260953,2,2,0,0,0,4,4,159,0,17,12,2016,7,14,5,0,1,4,98,3,"SR-43","",194,42.30263611,-85.94067778,0,12,6,0,1,1,0,1,1,4,0,4,0,"0000000",99,99,99,99,99,99,0,0,0,1,0
26,260954,1,1,0,0,0,1,1,145,4350,23,12,2016,6,5,30,0,2,7,98,6,"DIVISION","",2,43.41147778,-83.99083889,0,42,0,0,1,1,0,4,3,10,0,10,0,"0000000",99,99,99,99,88,88,99,99,99,1,1
26,260955,2,2,0,0,0,6,6,21,0,26,12,2016,2,16,10,0,1,5,98,4,"CR-CLEVELAND RD","WARREN WOODS",58,41.84158056,-86.49426111,0,12,6,0,2,2,0,1,1,1,0,1,0,"0000000",16,13,16,22,99,99,99,99,99,2,1
26,260956,1,1,0,1,1,1,1,155,3780,15,12,2016,5,6,34,0,2,3,98,3,"SR-52 SHIAWASSEE ST","SR-21 MAIN ST",163,42.99756389,-84.17685556,0,8,0,0,2,2,0,1,3,1,0,1,0,"0000000",6,34,6,37,99,99,0,0,0,1,0
26,260957,2,2,0,0,0,4,4,17,0,27,12,2016,3,17,10,1,1,1,1,1,"I-75","",256,43.87195833,-84.02253056,0,12,2,0,1,1,0,1,5,4,0,4,0,"0000000",17,10,99,99,99,99,0,0,0,2,1
26,260958,1,1,0,1,1,1,1,49,0,28,12,2016,4,19,54,0,2,4,98,4,"CR-DETROIT ST","",45,43.08113611,-83.70635833,0,8,0,0,1,1,0,1,2,1,0,1,0,"0000000",19,54,19,56,99,99,99,99,99,1,0
26,260959,1,1,0,0,0,1,1,15,0,29,12,2016,5,0,10,0,1,6,98,4,"CR-SHAW LAKE RD","",16,42.67479722,-85.4829,0,35,0,0,1,1,0,4,2,10,0,10,0,"0000000",0,12,0,24,88,88,0,0,0,1,1
26,260960,2,2,0,0,0,2,2,91,0,30,12,2016,6,8,6,1,1,3,98,2,"US-223","",158,41.90553889,-84.11793611,0,12,2,0,1,1,0,1,1,10,0,10,0,"0000000",8,6,8,15,99,99,0,0,0,1,0
26,260961,1,1,0,0,0,1,1,25,190,31,12,2016,7,4,10,0,1,4,98,3,"SR-66 CAPITAL AVE","",7,42.08232222,-85.23546944,0,42,0,0,1,1,0,4,2,10,0,10,0,"0000000",4,13,4,21,88,88,0,0,0,1,1
26,260962,2,2,0,0,0,3,3,25,0,29,12,2016,5,18,19,0,1,5,98,4,"CR-B DR S","",6,42.23189722,-85.21699167,0,12,2,0,1,1,0,1,2,4,0,4,0,"0000000",18,19,18,24,99,99,0,0,0,1,0
26,260963,2,2,0,0,0,4,4,31,0,31,12,2016,7,16,49,0,1,5,98,4,"CR-S STRAITS HWY","",30,45.24283611,-84.65011667,0,12,6,0,1,1,0,1,3,4,0,4,0,"0000000",16,50,17,5,99,99,0,0,0,1,2
26,260964,2,2,0,0,0,7,7,73,0,31,12,2016,7,22,46,0,1,5,98,4,"CR-E BROOMFIELD RD","S LEATON RD",60,43.582675,-84.70775556,0,12,6,0,2,2,0,1,2,10,0,10,0,"0000000",22,47,22,53,99,99,0,0,0,2,0
26,260965,2,2,0,0,0,2,2,81,2010,22,12,2016,5,0,45,1,2,3,98,3,"SR-44 PLAINFIELD AVE NE","KNAPP ST NE",142,42.99881111,-85.59007222,0,12,6,0,2,2,0,1,3,1,0,1,0,"0000000",99,99,99,99,99,99,0,0,0,1,1
26,260966,1,1,0,0,0,1,1,163,1260,24,12,2016,7,19,24,1,2,3,98,3,"SR-85 S FORT ST","",151,42.27653333,-83.15483056,0,30,0,0,1,1,0,4,3,10,0,10,0,"0000000",99,99,99,99,99,99,0,0,0,1,0
26,260967,1,1,0,0,0,1,1,163,1260,28,12,2016,4,23,40,1,2,1,1,3,"SR-8 RAMP 139F","",6,42.38564722,-83.14675556,0,25,0,0,1,1,0,4,3,2,0,2,0,"0000000",99,99,99,99,88,88,0,0,0,1,0
26,260968,2,2,0,0,0,8,8,163,1260,29,12,2016,5,6,25,1,2,3,98,3,"SR- GRATIOT AVE","",63,42.41425833,-82.99134722,0,12,2,0,1,1,0,1,3,1,0,1,0,"0000000",99,99,99,99,99,99,99,99,99,1,0
26,260969,1,1,0,0,0,1,1,163,1260,31,12,2016,7,12,15,0,2,7,98,6,"ORLEANS ST","",12,42.43610556,-83.08543056,0,42,0,0,1,1,0,4,1,1,0,1,0,"0000000",99,99,99,99,99,99,0,0,0,1,0
26,260970,1,1,0,1,1,2,2,111,0,29,12,2016,5,2,40,0,1,5,98,4,"CR-FREELAND RD","",7,43.525275,-84.35541389,0,8,0,0,1,1,0,1,2,1,0,1,0,"0000000",99,99,99,99,88,88,0,0,0,1,1
26,260971,1,1,0,1,1,1,1,49,1730,30,12,2016,6,19,12,1,2,3,98,3,"SR-54 DORT HWY","",64,42.99442222,-83.65365833,0,8,0,0,1,1,0,1,2,1,0,1,0,"0000000",19,13,19,14,88,88,99,99,99,1,0
26,260972,1,1,0,0,0,1,1,125,0,31,12,2016,7,20,53,0,2,7,98,4,"CR-HADLEY RD","",9,42.78255278,-83.41118611,0,53,0,0,1,1,0,4,2,10,0,10,0,"0000000",20,54,20,57,99,99,0,0,0,1,1
26,260973,2,2,0,0,0,3,3,147,1758,13,12,2016,3,18,9,1,2,3,98,3,"SR-25 LAKESHORE RD","OLD LAKESHORE RD",44,43.05717778,-82.45772778,0,12,6,0,2,4,0,1,3,1,0,1,0,"0000000",99,99,99,99,99,99,0,0,0,1,0
26,260974,3,3,0,0,0,3,3,163,1260,24,12,2016,7,0,15,1,2,3,98,6,"SEVEN MILE RD","SUSSEX ST",121,42.43052222,-83.19598333,0,12,7,0,1,1,0,1,3,2,0,2,0,"0000000",99,99,99,99,99,99,99,99,99,1,1
26,260975,3,3,0,0,0,3,3,163,5176,20,12,2016,3,16,13,1,2,3,98,6,"S WAYNE RD","",79,42.30297778,-83.388425,0,12,2,0,1,1,0,1,1,1,0,1,0,"0000000",16,15,16,20,99,99,0,0,0,1,0
26,260976,3,3,0,0,0,5,5,99,4731,29,12,2016,5,16,0,0,2,4,98,6,"HAYES RD","SHORELINE DR",35,42.619875,-82.97300556,0,12,6,0,2,3,0,1,1,10,0,10,0,"0000000",99,99,99,99,99,99,0,0,0,1,0
26,260977,2,2,0,0,0,2,2,163,1210,28,12,2016,4,14,36,0,2,5,98,6,"CHASE","HEMLOCK",10,42.33478889,-83.18614722,0,12,6,0,2,2,0,1,1,1,0,1,0,"0000000",99,99,99,99,99,99,0,0,0,1,0
26,260978,2,2,0,0,0,2,2,45,0,3,12,2016,7,0,39,1,2,3,98,3,"SR-43 E SAGINAW ST","N HOWARD ST",47,42.74088333,-84.51095556,0,12,6,0,2,2,0,1,3,10,0,10,0,"0000000",0,40,0,44,99,99,0,0,0,1,0
26,260979,1,1,0,0,0,1,1,163,1260,24,12,2016,7,9,38,1,2,1,1,1,"I-94","",285,42.36768333,-83.05976389,0,20,0,0,1,1,0,4,1,10,0,10,0,"0000000",99,99,99,99,99,99,0,0,0,1,0
26,260980,1,1,0,0,0,1,1,93,0,7,12,2016,4,11,10,0,6,96,96,4,"CR-PARK PL","SILVER LAKE RD",0,42.494075,-83.69359722,0,43,0,0,3,3,0,4,1,1,0,1,0,"0000000",99,99,99,99,99,99,0,0,0,1,0
26,260981,3,3,0,0,0,5,5,99,5110,28,11,2016,2,21,13,0,2,4,98,6,"HOOVER RD","",29,42.49063611,-83.00651667,0,12,7,0,1,1,0,1,3,2,0,2,0,"0000000",99,99,99,99,99,99,0,0,0,1,1
26,260982,2,2,0,0,0,3,3,163,1210,11,11,2016,6,0,31,1,2,3,98,3,"SR-153 E FORD RD","S OAKMAN",193,42.32964444,-83.16897778,0,12,2,0,2,2,0,1,3,1,0,1,0,"0000000",99,99,99,99,99,99,0,0,0,1,0
26,260983,1,1,0,1,1,1,1,163,1260,5,8,2016,6,21,20,1,2,3,98,6,"MCNICHOLS RD","",205,42.41711944,-83.1499,0,15,0,0,1,1,0,1,3,10,0,10,0,"0000000",99,99,99,99,99,99,0,0,0,1,0
26,260985,3,3,0,1,1,2,2,81,2553,8,12,2016,5,10,5,0,2,4,98,6,"BARDEN DR SE","BROADMOOR AVE SE",3,42.87653056,-85.56000278,0,12,6,0,3,3,0,1,1,4,0,4,0,"0000000",10,5,10,5,99,99,19,0,0,1,0
26,260986,1,1,0,0,0,4,4,121,0,26,5,2016,5,23,37,0,2,7,98,4,"CR-LAKE RD","",0,43.37052222,-86.19595556,0,5,0,0,1,1,0,1,2,1,0,1,0,"0000000",99,99,99,99,99,99,0,0,0,1,1
26,260987,2,2,0,0,0,4,4,49,0,30,7,2016,7,19,59,1,2,3,98,3,"SR-54 DORT HWY","DODGE RD",175,43.14902222,-83.693075,0,12,6,0,2,2,0,1,1,1,0,1,0,"0000000",99,99,99,99,88,88,0,0,0,1,1
26,260988,1,1,0,1,1,1,1,41,0,9,3,2016,4,19,55,1,1,3,98,2,"US-2","",56,45.73054444,-87.21755278,0,8,0,0,1,1,0,1,2,10,0,10,0,"0000000",99,99,99,99,88,88,0,0,0,1,0
26,260989,2,2,0,0,0,2,2,113,0,15,3,2016,3,5,26,0,1,4,98,3,"SR-55 WATERGATE RD","",17,44.25973056,-85.30249444,0,12,2,0,1,1,0,1,2,5,0,5,0,"0000000",99,99,99,99,99,99,0,0,0,1,0
26,260990,2,2,0,0,0,3,3,49,1200,14,5,2016,7,8,50,1,2,3,98,3,"SR-15 S STATE ST","E SOUTH ST",111,43.02728333,-83.51790833,0,12,2,0,1,1,0,1,1,2,0,2,0,"0000000",99,99,99,99,99,99,0,0,0,1,0
26,260991,1,1,0,0,0,1,1,23,0,27,7,2016,4,15,0,0,1,5,98,4,"CR-CLARENDON RD","",21,42.01586667,-84.87139444,0,1,0,0,1,1,0,4,1,1,0,1,0,"0000000",99,99,99,99,99,99,0,0,0,1,0
26,260992,2,2,0,0,0,3,3,107,0,7,9,2016,4,12,0,0,1,5,98,9,"NORTLAND DR","180TH AVE",37,43.521075,-85.44333056,0,12,2,0,2,4,0,1,1,2,0,2,0,"0000000",99,99,99,99,99,99,0,0,0,1,0
26,260993,1,1,0,0,0,1,1,99,5110,24,8,2016,4,2,58,1,2,3,98,3,"SR-102 8 MILE RD","",7,42.44750833,-83.06925,0,33,0,0,1,1,0,4,3,1,0,1,0,"0000000",99,99,99,99,99,99,0,0,0,1,0
26,260994,1,1,0,0,0,1,1,93,580,15,9,2016,5,5,19,1,2,1,1,1,"I-96","",217,42.53949444,-83.77213611,0,42,0,0,1,1,0,4,2,1,0,1,0,"0000000",99,99,99,99,99,99,0,0,0,1,0
26,260995,1,1,0,1,1,2,2,149,1050,12,9,2016,2,13,15,0,1,4,98,3,"SR-86 E STATE ST","",49,41.95835833,-85.32316944,0,9,0,0,1,1,0,1,1,1,0,1,0,"0000000",99,99,99,99,99,99,0,0,0,1,0
26,260996,2,2,0,0,0,3,3,127,0,11,10,2016,3,17,42,0,1,7,98,4,"CR-48TH AVE","WEBSTER RD",15,43.493925,-86.43776944,0,12,6,0,2,2,0,1,1,1,0,1,0,"0000000",99,99,99,99,88,88,0,0,0,1,1
26,260997,2,1,1,0,2,1,3,149,0,1,12,2016,5,17,45,1,1,3,98,2,"US-12","",107,41.79198611,-85.55741111,0,14,0,0,8,1,0,4,2,2,0,2,0,"0000000",99,99,99,99,99,99,0,0,0,1,1
26,260998,2,2,0,0,0,3,3,77,0,5,12,2016,2,12,45,1,2,3,98,2,"US-131","SHAVER RD",0,42.14589722,-85.63780278,0,12,6,0,2,2,0,1,1,10,0,10,0,"0000000",99,99,99,99,99,99,0,0,0,1,0
27,270001,1,1,0,0,0,1,1,3,9997,1,1,2016,6,0,25,0,2,4,1,3,"SR-47 ST FRANCIS BLVD","",308,45.34212222,-93.39841667,0,30,0,0,1,1,0,4,2,1,0,1,0,"0000000",0,25,0,45,88,88,0,0,0,1,1
27,270002,2,2,0,0,0,2,2,137,3280,5,1,2016,3,9,2,1,2,3,1,2,"US-169","SR-73",3441,47.39992778,-92.96253333,0,12,6,0,2,2,0,1,1,1,0,1,0,"0000000",9,4,9,8,88,88,0,0,0,1,0
27,270003,3,3,0,0,0,5,5,59,0,6,1,2016,4,15,45,0,1,4,1,3,"SR-65","",553,45.72770833,-93.22093889,0,12,2,0,1,1,0,1,1,10,0,10,0,"0000000",15,45,15,48,99,99,0,0,0,1,0
27,270004,2,2,0,0,0,2,2,35,0,6,1,2016,4,16,45,0,1,4,2,4,"CR-3","CR-19",105,46.50032222,-94.14334444,0,12,6,0,2,3,0,1,1,1,0,1,0,"0000000",16,45,16,55,17,20,0,0,0,1,0
27,270005,2,2,0,0,0,2,2,137,1900,11,1,2016,2,8,6,1,2,1,1,1,"I-535","",7,46.75746944,-92.10921944,0,24,0,1,19,1,0,4,1,10,0,10,0,"0000000",8,7,99,99,99,99,0,0,0,1,0
27,270006,2,2,0,0,0,3,3,43,0,6,1,2016,4,19,3,1,1,3,1,2,"US-169","",161,43.71624722,-94.13496389,0,12,6,0,1,1,0,1,2,4,0,4,0,"0000000",19,2,19,9,19,29,0,0,0,1,0
27,270007,2,2,0,0,0,3,3,3,0,12,1,2016,3,8,47,0,1,4,2,4,"CR-22 VIKING BLVD NE","",210,45.33020556,-93.14375278,0,12,2,0,1,1,0,1,1,1,0,1,0,"0000000",8,46,9,0,9,30,0,0,0,2,0