"STATE","ST_CASE","VE_TOTAL","VE_FORMS","PVH_INVL","PEDS","PERNOTMVIT","PERMVIT","PERSONS","COUNTY","CITY","DAY","MONTH","YEAR","DAY_WEEK","HOUR","MINUTE","NHS","RUR_URB","FUNC_SYS","RD_OWNER","ROUTE","TWAY_ID","TWAY_ID2","MILEPT","LATITUDE","LONGITUD","SP_JUR","HARM_EV","MAN_COLL","RELJCT1","RELJCT2","TYP_INT","WRK_ZONE","REL_ROAD","LGT_COND","WEATHER1","WEATHER2","WEATHER","SCH_BUS","RAIL","NOT_HOUR","NOT_MIN","ARR_HOUR","ARR_MIN","HOSP_HR","HOSP_MN","CF1","CF2","CF3","FATALS","DRUNK_DR"
27,270348,2,2,0,0,0,2,2,35,0,16,12,2016,6,15,15,1,2,3,1,3,"SR-371B","CR-21",26,46.31231944,-94.23131944,0,12,6,0,2,2,0,1,1,10,0,10,0,"0000000",15,17,15,23,88,88,0,0,0,1,0
27,270349,1,1,0,0,0,3,3,17,0,16,12,2016,6,18,3,1,2,1,1,1,"I-35","",2409,46.69915,-92.39150556,0,1,0,0,1,1,0,3,2,4,0,4,0,"0000000",18,3,18,15,18,35,0,0,0,1,0
27,270350,2,2,0,0,0,2,2,77,0,18,12,2016,1,7,59,1,1,3,1,3,"SR-11","",1057,48.79140556,-95.05924444,0,12,2,0,1,1,0,1,1,1,0,1,0,"0000000",8,25,8,43,9,14,0,0,0,1,1
27,270351,1,1,0,0,0,1,1,35,0,19,12,2016,2,16,8,0,1,4,1,3,"SR-6","",59,46.42731944,-93.87356667,0,42,0,0,1,1,0,4,1,10,0,10,0,"0000000",16,8,16,18,88,88,0,0,0,1,0
27,270352,2,2,0,0,0,2,2,113,0,19,12,2016,2,17,40,0,1,4,1,3,"SR-1","",487,48.12218611,-96.12896111,0,11,0,0,1,1,0,1,1,10,7,7,0,"0000000",17,40,17,46,18,29,0,0,0,1,0
27,270353,2,2,0,0,0,4,4,109,0,15,12,2016,5,11,31,0,1,5,2,4,"CR-3","",259,44.12292222,-92.56961944,0,12,2,0,1,1,0,1,1,1,0,1,0,"0000000",11,34,11,48,12,18,0,0,0,1,0
27,270354,2,2,0,0,0,2,2,163,3910,23,12,2016,6,14,54,0,2,4,2,4,"CR-10","",35,44.96349722,-92.911525,0,12,6,0,1,1,0,1,1,4,3,4,0,"0000000",14,57,15,6,15,29,0,0,0,1,0
27,270355,2,2,0,0,0,4,4,83,0,24,12,2016,7,19,14,1,1,3,1,3,"SR-23","",821,44.55205278,-95.74331111,0,12,6,0,1,1,0,1,2,2,0,2,0,"0000000",19,20,19,28,19,54,0,0,0,1,0
27,270356,1,1,0,2,2,1,1,5,0,25,12,2016,1,6,2,0,1,5,2,4,"CR-29","",75,46.79856944,-95.70114444,0,8,0,0,1,1,0,1,2,10,3,3,0,"0000000",6,2,6,13,6,54,0,0,0,1,0
27,270357,2,2,0,0,0,2,2,139,0,26,12,2016,2,17,25,0,1,4,2,4,"CR-8 220TH ST W","SR-21",0,44.63072778,-93.61091111,0,12,6,0,2,2,0,1,2,7,0,7,0,"0000000",17,25,17,35,18,25,0,0,0,1,0
27,270358,2,2,0,0,0,3,3,133,0,27,12,2016,3,12,36,0,1,5,2,4,"CR-2","241ST ST.",40,43.83358611,-96.11282222,0,12,6,0,2,2,0,1,1,1,0,1,0,"0000000",12,36,12,47,13,13,0,0,0,2,0
27,270359,2,2,0,0,0,3,3,23,0,29,12,2016,5,10,54,1,1,3,1,3,"SR-23","CR-1",1250,44.99231111,-95.2891,0,12,1,0,2,2,0,1,1,6,0,6,0,"0000000",10,55,11,5,11,35,0,0,0,1,0
27,270360,2,2,0,0,0,2,2,89,0,29,12,2016,5,18,30,0,1,4,1,2,"US-59","CR-27",3893,48.52924167,-96.478175,0,12,2,0,2,2,0,1,2,1,0,1,0,"0000000",18,30,18,45,19,35,0,0,0,1,1
27,270361,1,1,0,1,1,1,1,37,6620,2,8,2016,3,2,22,1,2,1,1,1,"I-494","",646,44.87678611,-93.02989722,0,8,0,0,1,1,0,1,3,1,0,1,0,"0000000",2,22,2,29,88,88,0,0,0,1,0
27,270362,1,1,0,1,1,1,1,53,4760,31,12,2016,7,3,26,1,2,1,1,1,"I-35W","",156,44.94820833,-93.27475833,0,8,0,0,1,1,0,1,3,10,0,10,0,"0000000",3,27,3,30,4,5,0,0,0,1,0
27,270363,2,2,0,0,0,2,2,109,0,31,12,2016,7,22,56,0,1,5,2,4,"CR-4","",24,44.07230833,-92.60183056,0,12,2,0,1,1,0,1,2,1,0,1,0,"0000000",22,57,23,1,0,17,0,0,0,1,0
27,270364,2,2,0,0,0,2,2,97,0,23,4,2016,7,16,19,0,1,7,2,4,"CR-248 173RD ST","",32,46.01220278,-93.91219444,0,12,1,0,1,1,0,2,1,1,0,1,0,"0000000",16,20,16,40,88,88,0,0,0,1,0
27,270365,1,1,0,1,1,1,1,139,2100,25,9,2016,1,2,25,0,1,7,3,6,"MAIN ST","",4,44.56438889,-93.32161111,0,8,0,0,1,1,0,1,6,10,0,10,0,"0000000",2,25,2,30,88,88,0,0,0,1,1
27,270366,1,1,0,0,0,1,1,21,0,20,7,2016,4,1,20,0,1,5,2,4,"CR-60 164TH ST NW","",23,47.39606111,-94.64100833,0,1,0,0,1,1,0,4,2,1,0,1,0,"0000000",1,20,1,25,88,88,0,0,0,1,1
27,270367,1,1,0,1,1,1,1,137,0,2,10,2016,1,4,5,0,1,5,2,4,"CR-100","",7,47.38601944,-92.26760556,0,8,0,0,1,1,0,1,2,1,0,1,0,"0000000",4,28,4,54,88,88,0,0,0,1,0
27,270368,1,1,0,0,0,1,1,93,0,10,11,2016,5,16,0,0,1,7,3,5,"573RD AVE","",12,45.02281111,-94.62005833,0,35,0,0,1,1,0,4,9,99,0,99,0,"0000000",16,5,16,20,88,88,0,0,0,1,1
27,270369,1,1,0,0,0,1,1,95,0,24,12,2016,7,7,50,0,1,5,2,4,"CR-13 60TH ST","",109,45.63112222,-93.54722778,0,42,0,0,1,1,0,4,1,10,0,10,0,"0000000",7,50,8,5,9,0,0,0,0,1,0
27,270370,1,1,0,0,0,1,1,83,4570,4,12,2016,1,16,58,1,2,3,1,3,"SR-23","",723,44.42945556,-95.79476667,0,1,0,0,1,1,0,4,5,1,0,1,0,"0000000",16,58,17,1,17,52,0,0,0,1,0
27,270371,1,1,0,0,0,5,5,19,1180,19,11,2016,7,21,48,0,2,7,4,6,"CREEK RD","",15,44.79937222,-93.61538056,0,1,0,0,1,1,0,4,2,1,0,1,0,"0000000",99,99,99,99,99,99,0,0,0,1,0
27,270372,1,1,0,0,0,2,2,5,0,8,11,2016,3,13,48,0,1,7,3,5,"296TH AVE","",5,47.13527778,-95.77366389,3,1,0,0,1,1,0,2,1,10,0,10,0,"0000000",13,54,14,5,15,20,2,0,0,1,0
27,270373,1,1,0,0,0,1,1,47,0,16,12,2016,6,11,31,0,1,4,2,4,"CR-46 W MAIN ST","",117,43.6479,-93.42093889,0,38,0,0,1,1,0,4,1,4,0,4,0,"0000000",99,99,99,99,99,99,0,0,0,1,0
27,270374,3,3,0,0,0,4,4,37,3490,30,9,2016,6,17,50,0,2,5,2,4,"CR-14 MENDOTA RD","",5,44.88353056,-93.08139167,0,12,6,0,8,1,0,1,1,1,0,1,0,"0000000",18,5,18,20,18,55,0,0,0,1,0
27,270375,2,2,0,0,0,3,3,163,7716,6,11,2016,1,15,5,0,2,4,2,4,"CR-18 BAILEY RD","DORCHESTER DR",40,44.89065278,-92.91108333,0,12,1,0,3,3,0,1,1,1,0,1,0,"0000000",99,99,99,99,99,99,0,0,0,1,0
27,270376,1,1,0,0,0,1,1,37,0,9,12,2016,6,9,57,0,1,7,3,5,"210TH ST W","",15,44.64498333,-93.08575,0,1,0,0,1,1,0,4,1,1,0,1,0,"0000000",9,57,10,8,10,55,0,0,0,1,0
28,280001,2,2,0,0,0,2,2,121,1918,2,1,2016,7,5,4,1,1,1,1,1,"I-20","",99998,32.26981667,-90.08239167,0,12,1,0,1,1,0,1,2,1,0,1,0,"0000000",5,12,5,15,5,46,0,0,0,1,0
28,280002,1,1,0,0,0,1,1,81,0,2,1,2016,7,0,10,0,1,6,2,4,"CR-300","",99998,34.11805,-88.740025,0,34,0,0,1,1,0,4,2,1,0,1,0,"0000000",0,12,0,27,1,17,0,0,0,1,0
28,280003,2,2,0,0,0,4,4,85,0,2,1,2016,7,9,50,1,1,1,1,1,"I-55","",99998,31.60678333,-90.46528611,0,12,1,0,1,1,0,1,1,1,0,1,0,"0000000",99,99,99,99,99,99,0,0,0,1,0
28,280004,1,1,0,1,1,1,1,151,0,3,1,2016,1,5,11,0,1,3,1,2,"US-82","",99998,33.40074722,-90.97865556,0,8,0,0,1,1,0,1,2,10,0,10,0,"0000000",5,14,5,22,88,88,0,0,0,1,0
28,280007,1,1,0,1,1,1,1,81,2610,5,1,2016,3,6,30,1,1,3,4,2,"US-78","",99998,34.30007222,-88.72680556,0,8,0,0,1,1,0,1,4,1,0,1,0,"0000000",6,30,6,42,7,44,0,0,0,1,0
28,280008,2,2,0,0,0,2,2,109,0,7,1,2016,5,15,21,0,1,4,1,3,"SR-53","",99998,30.70761111,-89.471025,0,12,2,0,1,1,0,1,1,10,0,10,0,"0000000",99,98,99,98,88,88,0,0,0,1,0
28,280009,1,1,0,0,0,2,2,39,0,7,1,2016,5,15,32,0,1,4,1,3,"SR-26","",99998,30.85565278,-88.83372778,0,35,0,0,1,1,0,4,1,1,0,1,0,"0000000",15,32,15,44,16,21,0,0,0,1,0
28,280010,1,1,0,0,0,1,1,59,0,8,1,2016,6,4,15,1,2,3,1,2,"US-90","",99998,30.3936,-88.50242222,0,30,0,0,1,1,0,4,1,5,0,5,0,"0000000",99,98,99,98,88,88,0,0,0,1,0
28,280011,1,1,0,0,0,1,1,131,0,8,1,2016,6,14,10,0,1,4,1,3,"SR-26","",99998,30.85392222,-88.96499722,0,34,0,0,1,1,0,4,1,10,0,10,0,"0000000",99,98,99,98,88,88,0,0,0,1,0
28,280012,2,2,0,0,0,3,3,149,0,10,1,2016,1,13,5,0,1,7,4,6,"CS-NORTH WASHINGTON ST","",99998,32.35530278,-90.88125556,0,12,7,0,1,1,0,1,1,1,0,1,0,"0000000",99,98,99,98,88,88,0,0,0,1,1
28,280013,2,2,0,0,0,2,2,141,360,13,1,2016,4,17,44,1,1,3,4,2,"US-72","CS-EASTPORT ST",99998,34.83806944,-88.32062222,0,12,6,0,2,2,0,1,3,1,0,1,0,"0000000",99,98,99,98,88,88,0,0,0,1,0
28,280014,2,2,0,0,0,2,2,67,0,15,1,2016,6,6,9,1,1,1,1,1,"I-59","",99998,31.50630556,-89.29990556,0,12,2,0,1,1,0,1,2,2,10,2,0,"0000000",6,14,6,31,88,88,0,0,0,2,0
28,280015,1,1,0,0,0,2,2,35,0,10,1,2016,1,0,21,1,1,1,1,1,"I-59","",99998,31.22489444,-89.32438611,0,34,0,0,1,1,0,3,2,10,0,10,0,"0000000",99,99,99,99,99,99,0,0,0,1,1
28,280016,1,1,0,0,0,1,1,109,1950,15,1,2016,6,21,2,0,1,7,4,6,"CS-COOPER RD","",99998,30.55418333,-89.64441944,0,42,0,0,1,1,0,4,3,10,0,10,0,"0000000",99,99,99,99,99,99,0,0,0,1,1
28,280017,4,4,0,0,0,5,5,61,0,16,1,2016,7,14,44,0,1,4,1,3,"SR-528","",99998,31.96270556,-89.21395833,0,12,1,0,1,1,0,1,1,1,0,1,0,"0000000",14,44,15,14,15,47,14,0,0,1,1
28,280018,1,1,0,0,0,1,1,43,1010,16,1,2016,7,18,9,0,1,4,4,2,"US-51","CS-WINDMILL ST",99998,33.73231667,-89.79442778,0,33,0,0,3,2,0,4,3,1,0,1,0,"0000000",99,99,99,99,99,99,0,0,0,1,1
28,280019,2,2,0,0,0,3,3,93,1140,16,1,2016,7,21,51,0,1,7,4,6,"CS-WEST ST","",99998,34.79115556,-89.44018056,0,12,2,0,1,1,0,1,2,1,0,1,0,"0000000",21,54,22,0,22,27,0,0,0,1,0
28,280020,1,1,0,0,0,1,1,5,0,17,1,2016,1,14,17,0,1,4,1,3,"SR-24","",99998,31.19783056,-90.992575,0,34,0,0,1,1,0,4,1,1,0,1,0,"0000000",14,20,14,32,15,39,0,0,0,1,0
28,280021,2,2,0,0,0,2,2,5,0,18,1,2016,2,9,8,0,1,4,1,3,"SR-48","",99998,31.11126944,-90.91498889,0,12,6,0,8,1,0,1,1,1,0,1,0,"0000000",9,12,9,22,88,88,0,0,0,1,0
28,280022,2,2,0,0,0,5,5,127,0,18,1,2016,2,15,4,0,1,3,1,2,"US-49","SR-149",99998,31.91024444,-89.79098611,0,12,6,0,2,2,0,1,1,1,0,1,0,"0000000",99,99,99,99,99,99,0,0,0,2,0
28,280023,2,2,0,0,0,3,3,117,0,20,1,2016,4,16,50,0,1,4,1,3,"SR-371","",99998,34.51171944,-88.47041111,0,12,2,0,1,1,0,1,5,1,0,1,0,"0000000",99,99,99,99,99,99,0,0,0,3,1
28,280024,1,1,0,0,0,1,1,33,0,21,1,2016,5,9,20,1,1,3,1,2,"US-78","",99998,34.88478889,-89.73046667,0,34,0,0,1,1,0,4,1,10,0,10,0,"0000000",9,34,9,49,10,46,0,0,0,1,0
28,280025,3,3,0,0,0,5,5,149,0,23,1,2016,7,2,33,0,1,4,1,2,"US-80","",99998,32.34863056,-90.77534444,0,12,1,0,1,1,0,1,2,1,0,1,0,"0000000",99,99,99,99,99,99,0,0,0,2,1
28,280026,1,1,0,0,0,1,1,73,0,24,1,2016,1,4,56,0,1,4,1,3,"SR-13","",99998,31.05006667,-89.53491944,0,42,0,0,1,1,0,4,2,1,0,1,0,"0000000",99,98,99,98,88,88,0,0,0,1,0
28,280027,1,1,0,0,0,1,1,85,0,24,1,2016,1,5,30,1,1,1,1,1,"I-55","",99998,31.59640833,-90.46821944,0,52,0,0,1,1,0,3,2,1,0,1,0,"0000000",99,98,99,98,88,88,0,0,0,1,0
28,280028,1,1,0,0,0,4,4,89,400,25,1,2016,2,1,55,0,1,4,4,3,"SR-43","",99998,32.57968333,-89.99503333,0,34,0,0,1,1,0,4,2,1,0,1,0,"0000000",99,99,99,99,99,99,0,0,0,1,1
28,280029,1,1,0,0,0,2,2,43,0,25,1,2016,2,19,3,0,1,4,1,2,"US-51","",99998,33.71902222,-89.77818056,0,1,0,0,1,1,0,4,2,1,0,1,0,"0000000",99,99,99,99,99,99,0,0,0,1,0
28,280030,1,1,0,0,0,1,1,11,0,26,1,2016,3,0,7,1,1,3,1,2,"US-61","",99998,33.78010833,-90.71589722,0,32,0,0,1,1,0,3,3,2,6,2,0,"0000000",0,7,0,12,88,88,0,0,0,1,0
28,280031,2,2,0,0,0,3,3,47,1380,29,1,2016,6,16,39,0,1,3,4,2,"US-90","CS-ARBOR STATION DRIVE",99998,30.33556389,-89.176025,0,12,6,0,2,3,0,1,1,1,0,1,0,"0000000",16,48,17,1,17,22,0,0,0,1,0
28,280032,1,1,0,0,0,1,1,29,1060,30,1,2016,7,12,30,0,1,7,4,4,"CR-JACKSON LIBERTY RD","",99998,31.74188611,-90.55429722,0,42,0,0,1,1,0,4,1,1,0,1,0,"0000000",12,34,12,49,88,88,0,0,0,1,0
28,280033,1,1,0,0,0,1,1,93,1140,30,1,2016,7,18,40,0,1,3,4,2,"US-78","",99998,34.79161389,-89.48791667,0,1,0,0,1,1,0,4,2,1,0,1,0,"0000000",18,44,18,52,88,88,0,0,0,1,0
28,280034,2,2,0,0,0,5,5,47,1020,30,1,2016,7,22,0,0,1,3,4,2,"US-90","CS-RUTH AVE",99998,30.35623611,-89.12092222,0,12,6,0,2,3,0,1,2,1,0,1,0,"0000000",22,1,22,6,22,26,0,0,0,1,0
28,280035,1,1,0,0,0,1,1,99,0,31,1,2016,1,15,19,0,1,4,1,3,"SR-491","",99998,32.69641667,-88.94869722,0,42,0,0,1,1,0,4,1,1,0,1,0,"0000000",99,98,99,98,88,88,0,0,0,1,0
28,280036,1,1,0,0,0,1,1,49,0,1,2,2016,2,16,45,0,1,6,1,4,"CR-OLD PORT GIBSON RD","",99998,32.24270278,-90.46019167,0,1,0,0,1,1,0,4,5,10,0,10,0,"0000000",16,46,99,97,99,97,0,0,0,1,0
28,280037,1,1,0,1,1,1,1,149,0,1,2,2016,2,19,48,1,1,3,1,2,"US-61","",99998,32.37248889,-90.82787778,0,8,0,0,1,1,0,1,3,1,0,1,0,"0000000",19,49,19,50,88,88,0,0,0,1,0
28,280038,2,2,0,0,0,3,3,17,0,1,2,2016,2,18,28,0,1,4,1,3,"SR-15","SR-32",99998,33.97293333,-88.98953333,0,12,2,0,2,2,0,1,2,10,0,10,0,"0000000",18,30,18,31,18,55,0,0,0,1,0
28,280039,1,1,0,1,1,2,2,7,0,1,2,2016,2,23,14,0,1,4,1,3,"SR-19","",99998,32.95886111,-89.34706111,0,8,0,0,1,1,0,1,2,1,0,1,0,"0000000",99,98,99,98,88,88,0,0,0,1,0
28,280040,1,1,0,0,0,4,4,49,1220,3,2,2016,4,7,26,1,2,1,1,1,"I-220","",99998,32.36775,-90.22430278,0,42,0,0,1,1,0,3,1,1,0,1,0,"0000000",7,47,8,0,8,42,0,0,0,1,0
28,280041,1,1,0,0,0,1,1,75,1590,4,2,2016,5,0,30,0,1,7,4,6,"CS-POPLAR SPRINGS DR","",99998,32.42489167,-88.69845833,0,42,0,0,1,1,0,4,3,1,0,1,0,"0000000",0,35,0,47,88,88,0,0,0,1,1
28,280042,1,1,0,2,2,1,1,49,0,4,2,2016,5,23,31,0,2,7,4,6,"CS-MCDOWELL RD","",99998,32.26848056,-90.22819444,0,8,0,0,1,1,0,1,3,1,0,1,0,"0000000",23,39,23,42,0,6,0,0,0,1,0
28,280043,1,1,0,1,1,1,1,59,0,5,2,2016,6,23,18,0,1,4,1,3,"SR-57","",99998,30.464275,-88.71921667,0,8,0,0,1,1,0,1,2,10,0,10,0,"0000000",23,54,23,56,0,10,0,0,0,1,0
28,280044,1,1,0,0,0,1,1,59,0,6,2,2016,7,18,31,0,1,6,2,4,"CR-OLD RIVER RD","",99998,30.57168889,-88.65089444,0,32,0,0,1,1,0,4,2,10,0,10,0,"0000000",18,35,18,37,88,88,0,0,0,1,0
28,280045,1,1,0,1,1,2,2,47,680,6,2,2016,7,21,26,0,1,6,2,4,"CR-LAMEY ST","",99998,30.43671667,-88.91723333,0,8,0,0,1,1,0,1,2,1,0,1,0,"0000000",21,28,21,33,21,58,0,0,0,1,1
28,280046,1,1,0,1,1,2,2,139,0,6,2,2016,7,23,29,0,1,4,1,3,"SR-354","",99998,34.93454167,-88.87161389,0,8,0,0,1,1,0,1,2,1,0,1,0,"0000000",23,34,23,48,88,88,0,0,0,1,1
28,280047,2,2,0,0,0,4,4,59,0,7,2,2016,1,17,49,0,1,6,2,4,"CR-DAISY VESTRY RD","",99998,30.46591667,-88.88143611,0,12,6,0,1,1,0,1,2,1,0,1,0,"0000000",18,20,18,25,19,10,0,0,0,2,1
28,280048,2,2,0,0,0,2,2,115,0,14,1,2016,5,14,20,1,2,3,1,2,"US-278","",99998,34.28595556,-89.09274167,0,12,6,0,8,1,0,1,1,1,0,1,0,"0000000",14,20,14,25,14,35,0,0,0,1,0
28,280049,2,2,0,0,0,3,3,61,0,27,1,2016,4,3,55,1,1,1,1,1,"I-59","",99998,31.87650278,-89.04388056,0,12,1,0,1,1,0,1,2,10,0,10,0,"0000000",3,55,3,57,4,23,0,0,0,1,0
28,280050,6,6,0,0,0,15,15,47,0,11,2,2016,5,16,1,1,2,3,1,2,"US-49","",99998,30.50060833,-89.10692778,0,12,1,0,1,1,0,1,1,1,0,1,0,"0000000",16,1,16,4,17,35,0,0,0,2,1
28,280051,2,2,0,0,0,2,2,9,0,11,2,2016,5,19,45,1,1,3,1,2,"US-72","SR-7",99998,34.94618056,-89.29734167,0,12,6,0,2,2,0,1,2,1,0,1,0,"0000000",19,45,20,37,88,88,0,0,0,1,0
28,280052,1,1,0,0,0,1,1,81,0,12,2,2016,6,0,0,0,1,4,1,3,"SR-6","",99998,34.19714167,-88.65736667,0,1,0,0,1,1,0,4,2,1,0,1,0,"0000000",0,0,0,8,88,88,0,0,0,1,1
28,280053,2,2,0,0,0,3,3,79,0,12,2,2016,6,12,40,0,1,4,1,3,"SR-16","",99998,32.70147222,-89.71826667,0,12,6,0,1,1,0,1,1,1,0,1,0,"0000000",12,48,12,53,88,88,0,0,0,2,0
28,280054,2,2,0,0,0,2,2,117,0,12,2,2016,6,13,48,0,1,4,1,3,"SR-4","CR-8301",99998,34.69606667,-88.62183611,0,12,1,0,3,3,0,1,1,1,0,1,0,"0000000",99,99,99,99,99,99,0,0,0,1,0
28,280055,1,1,0,1,1,2,2,127,0,12,2,2016,6,19,50,1,1,3,1,2,"US-49","",99998,31.91048056,-89.7914,0,8,0,0,1,1,0,1,2,1,0,1,0,"0000000",19,57,20,1,88,88,0,0,0,1,0
28,280056,1,1,0,0,0,1,1,139,0,13,2,2016,7,13,44,0,1,4,2,4,"CR-310","",99998,34.9188,-88.93618056,0,18,0,0,1,1,0,4,1,1,0,1,0,"0000000",13,45,13,59,88,88,0,0,0,1,0
28,280057,2,2,0,0,0,7,7,87,0,13,2,2016,7,20,52,0,1,4,1,3,"SR-69","CR-NEW HOPE RD",99998,33.42607778,-88.33936389,0,12,6,0,2,3,0,1,2,1,0,1,0,"0000000",20,52,21,15,21,45,0,0,0,1,0
28,280058,1,1,0,0,0,1,1,81,0,14,2,2016,1,0,36,0,1,4,1,4,"CR-300","",99998,34.11864167,-88.75393056,0,1,0,0,1,1,0,4,2,1,0,1,0,"0000000",0,38,0,51,88,88,0,0,0,1,1
28,280059,2,2,0,0,0,2,2,107,0,14,2,2016,1,1,0,0,1,6,4,3,"SR-6","",99998,34.30994167,-89.91079444,0,12,2,0,1,1,0,1,3,1,0,1,0,"0000000",1,13,1,18,1,39,0,0,0,1,0
28,280060,1,1,0,0,0,2,2,141,0,14,2,2016,1,3,5,0,1,4,1,3,"SR-25","",99998,34.87799722,-88.22679444,0,42,0,0,1,1,0,4,2,1,0,1,0,"0000000",3,7,3,13,3,45,0,0,0,1,1
28,280061,1,1,0,0,0,1,1,95,0,14,2,2016,1,9,33,0,1,6,2,4,"CR-EGYPT RD","",99998,33.89007778,-88.68484167,0,32,0,0,1,1,0,4,1,1,0,1,0,"0000000",9,37,9,52,88,88,0,0,0,1,1
28,280062,1,1,0,1,1,1,1,49,1220,14,2,2016,1,18,7,0,1,4,4,2,"US-80","",99998,32.28817778,-90.21954444,0,8,0,0,1,1,0,1,3,1,0,1,0,"0000000",18,14,18,24,88,88,0,0,0,1,0
28,280063,2,2,0,0,0,4,4,93,0,17,2,2016,4,13,51,1,1,3,1,2,"US-72","SR-311",99998,34.95843056,-89.51553889,0,12,6,0,2,2,0,1,1,1,0,1,0,"0000000",13,48,14,7,14,59,0,0,0,1,0
28,280064,2,2,0,0,0,2,2,109,0,20,2,2016,7,8,5,0,1,4,1,3,"SR-43","",99998,30.51890278,-89.60443611,0,12,2,0,1,1,0,1,1,1,0,1,0,"0000000",99,99,99,99,99,99,0,0,0,1,0
28,280065,2,2,0,0,0,2,2,93,0,21,2,2016,1,1,37,0,1,4,1,3,"SR-311","",99998,34.85003056,-89.49158889,0,12,2,0,1,1,0,1,2,10,0,10,0,"0000000",1,47,2,21,2,37,0,0,0,1,0
28,280066,2,2,0,0,0,3,3,39,0,21,2,2016,1,5,35,0,1,3,1,2,"US-98","",99998,30.96058889,-88.63981389,0,12,2,0,1,1,0,1,2,5,0,5,0,"0000000",99,99,99,99,99,99,0,0,0,2,1
28,280067,1,1,0,0,0,1,1,59,0,24,2,2016,4,12,5,0,1,6,2,4,"CR-SEAMAN RD","",99998,30.46379722,-88.83950833,0,35,0,0,1,1,0,4,1,1,0,1,0,"0000000",12,7,12,15,88,88,0,0,0,1,0
28,280068,2,2,0,0,0,2,2,121,0,25,2,2016,5,6,14,0,1,4,1,3,"SR-43","",99998,32.38035833,-89.81605,0,12,2,0,1,1,0,1,1,1,0,1,0,"0000000",6,10,6,32,6,59,0,0,0,1,0
28,280069,1,1,0,0,0,2,2,89,2130,27,2,2016,7,6,20,1,1,1,1,1,"I-220","",99998,32.41182222,-90.15990556,0,42,0,0,1,1,0,4,1,1,0,1,0,"0000000",6,25,6,35,6,59,0,0,0,1,0
28,280070,2,2,0,0,0,2,2,47,230,29,2,2016,2,13,30,0,1,7,4,6,"CS-PASS RD WEST","",99998,30.40126667,-88.98192222,0,12,2,0,1,1,0,1,1,1,0,1,0,"0000000",13,50,14,0,14,24,0,0,0,1,0
28,280071,1,1,0,0,0,2,2,73,0,14,2,2016,1,8,22,0,1,6,2,4,"CR-EPLEY RD","",99998,31.4027,-89.46829167,0,35,0,0,1,1,0,4,1,1,0,1,0,"0000000",8,23,8,42,9,45,0,0,0,1,0
28,280072,2,2,0,0,0,2,2,141,1210,15,2,2016,2,8,34,0,1,7,4,6,"CS-VETRANS MEMORIAL DR","",99998,34.78726111,-88.21213056,0,12,2,0,1,1,0,1,1,2,0,2,0,"0000000",8,36,8,40,9,14,0,0,0,2,0
28,280073,1,1,0,0,0,4,4,7,0,1,3,2016,3,11,30,0,1,4,1,3,"SR-43","",99998,33.2181,-89.53475833,0,42,0,0,1,1,0,4,1,2,10,2,0,"0000000",11,26,11,39,12,19,0,0,0,1,0
28,280074,1,1,0,1,1,1,1,63,0,2,3,2016,4,1,15,0,1,4,1,3,"SR-552","",99998,31.77980556,-90.92488889,0,8,0,0,1,1,0,1,2,1,0,1,0,"0000000",1,9,1,14,88,88,0,0,0,1,0
28,280075,2,2,0,0,0,2,2,93,0,4,3,2016,6,8,24,0,1,4,1,3,"SR-309","CR-KATHLEEN RD",99998,34.92144167,-89.68873611,0,12,6,0,2,3,0,1,1,10,0,10,0,"0000000",8,26,8,32,88,88,0,0,0,1,0
28,280076,1,1,0,0,0,1,1,85,0,4,3,2016,6,8,53,0,1,4,1,3,"SR-550","",99998,31.61750833,-90.53180833,0,30,0,0,1,1,0,4,1,1,0,1,0,"0000000",8,52,8,59,9,30,0,0,0,1,0
28,280077,2,1,1,0,0,3,3,109,0,5,3,2016,7,2,47,0,1,6,2,4,"CR-PROGRESS RD","",99998,30.81080833,-89.46421389,0,53,0,0,1,1,0,4,2,1,0,1,0,"0000000",99,99,99,99,99,99,0,0,0,1,1
28,280078,1,1,0,0,0,1,1,107,0,6,3,2016,1,5,59,0,1,3,1,3,"SR-315","",99998,34.40848056,-89.801,0,34,0,0,1,1,0,4,4,1,0,1,0,"0000000",5,52,6,8,88,88,0,0,0,1,1
28,280079,2,2,0,0,0,2,2,115,0,7,3,2016,2,2,40,1,1,3,1,2,"US-278","",99998,34.28698611,-89.16858056,0,12,1,0,1,1,0,1,2,1,0,1,0,"0000000",2,45,2,58,88,88,0,0,0,1,1
28,280080,2,2,0,0,0,2,2,47,0,7,3,2016,2,7,49,0,1,6,2,4,"CR-WOLF RIVER RD","",99998,30.4604,-89.23160833,0,12,2,0,1,1,0,1,1,1,0,1,0,"0000000",7,47,7,59,8,22,0,0,0,1,0
28,280081,2,2,0,0,0,3,3,89,400,7,3,2016,2,23,22,0,1,7,4,6,"CS-NISSAN PKWY","",99998,32.55178889,-90.084275,0,1,0,0,1,1,0,1,3,1,0,1,0,"0000000",23,25,23,36,88,88,14,0,0,1,0
28,280082,2,2,0,0,0,2,2,103,0,8,3,2016,3,6,16,0,1,3,1,2,"US-45","SR-388",99998,33.24547778,-88.57025278,0,1,0,0,3,2,0,1,4,1,0,1,0,"0000000",6,15,6,27,6,58,0,0,0,1,0
28,280083,1,1,0,0,0,2,2,145,0,8,3,2016,3,14,30,0,1,4,1,3,"SR-30","",99998,34.56300833,-88.84990833,0,35,0,0,1,1,0,4,1,1,0,1,0,"0000000",99,99,99,99,99,99,0,0,0,1,0