"STATE","ST_CASE","VE_TOTAL","VE_FORMS","PVH_INVL","PEDS","PERNOTMVIT","PERMVIT","PERSONS","COUNTY","CITY","DAY","MONTH","YEAR","DAY_WEEK","HOUR","MINUTE","NHS","RUR_URB","FUNC_SYS","RD_OWNER","ROUTE","TWAY_ID","TWAY_ID2","MILEPT","LATITUDE","LONGITUD","SP_JUR","HARM_EV","MAN_COLL","RELJCT1","RELJCT2","TYP_INT","WRK_ZONE","REL_ROAD","LGT_COND","WEATHER1","WEATHER2","WEATHER","SCH_BUS","RAIL","NOT_HOUR","NOT_MIN","ARR_HOUR","ARR_MIN","HOSP_HR","HOSP_MN","CF1","CF2","CF3","FATALS","DRUNK_DR"
28,280193,2,2,0,0,0,5,5,47,0,7,5,2016,7,17,28,1,1,1,1,1,"I-10 RAMP","CR-COUNTRY FARM RD",99998,30.41809444,-89.19151111,0,5,0,1,5,1,0,1,1,1,0,1,0,"0000000",99,98,99,98,88,88,14,0,0,1,0
28,280194,3,3,0,0,0,5,5,49,0,10,5,2016,3,11,26,1,1,1,1,1,"I-20","",99998,32.34163889,-90.58989444,0,12,7,0,1,1,0,1,1,1,0,1,0,"0000000",99,99,99,99,99,99,0,0,0,1,0
28,280195,1,1,0,0,0,1,1,75,0,10,5,2016,3,11,29,0,1,6,2,4,"CR-ST. LOUIS ST","",99998,32.32838056,-88.74675833,0,10,0,0,6,1,0,1,1,1,0,1,0,"725486J",11,29,99,98,88,88,0,0,0,1,0
28,280196,1,1,0,1,1,1,1,105,2430,10,5,2016,3,22,10,0,1,7,4,4,"CR-OLD WEST POINT","",99998,33.47387778,-88.80188333,0,9,0,0,1,1,0,1,2,1,0,1,0,"0000000",99,99,99,99,99,99,0,0,0,1,0
28,280197,1,1,0,0,0,1,1,33,2422,11,5,2016,4,15,15,0,1,7,4,6,"CS-GREENBROOK PKWY","",99998,34.98197222,-89.979225,0,42,0,0,1,1,0,4,1,1,0,1,0,"0000000",99,98,99,98,88,88,0,0,0,1,0
28,280198,2,2,0,0,0,2,2,89,0,11,5,2016,4,20,3,0,1,6,2,4,"CR-LAKE CASTLE RD","",99998,32.45481111,-90.18257222,0,12,2,0,1,1,0,1,2,1,0,1,0,"0000000",20,9,20,21,20,43,0,0,0,1,1
28,280199,1,1,0,0,0,1,1,43,1010,12,5,2016,5,6,0,1,1,1,1,1,"I-55","",99998,33.75461111,-89.84047778,0,42,0,0,1,1,0,4,2,1,0,1,0,"0000000",99,98,99,98,88,88,0,0,0,1,0
28,280200,2,2,0,0,0,2,2,93,0,12,5,2016,5,13,55,0,1,3,1,2,"US-78","",99998,34.88811667,-89.73450833,0,12,1,0,1,1,0,1,1,1,0,1,0,"0000000",13,57,14,8,14,35,0,0,0,1,0
28,280201,2,2,0,0,0,2,2,49,0,12,5,2016,5,15,59,0,1,4,1,3,"SR-27","",99998,32.22862222,-90.70565,0,12,6,0,8,1,0,1,1,1,0,1,0,"0000000",99,98,99,98,88,88,0,0,0,1,1
28,280202,2,2,0,0,0,4,4,93,0,13,5,2016,6,15,34,0,1,4,1,3,"SR-309","",99998,34.86065,-89.68988889,0,12,2,0,1,1,0,1,1,1,0,1,0,"0000000",15,35,15,9,15,49,0,0,0,1,0
28,280203,1,1,0,0,0,4,4,57,0,13,5,2016,6,15,30,0,1,6,2,4,"CR-JOHN RANKIN HWY","",99998,34.29638056,-88.400425,0,35,0,0,1,1,0,4,1,1,0,1,0,"0000000",15,30,16,11,16,15,0,0,0,3,0
28,280204,1,1,0,0,0,2,2,155,0,13,5,2016,6,16,41,0,1,6,2,4,"CR-OLD WALTHALL RD","",99998,33.54999722,-89.26698056,0,35,0,0,1,1,0,4,1,1,0,1,0,"0000000",16,47,16,53,17,11,0,0,0,1,0
28,280205,1,1,0,0,0,1,1,85,0,14,5,2016,7,5,32,0,1,6,2,4,"CR-JACKSON LIBERTY DR","",99998,31.58069444,-90.56846111,0,42,0,0,1,1,0,4,2,1,0,1,0,"0000000",99,98,99,98,88,88,0,0,0,1,0
28,280206,1,1,0,0,0,1,1,113,0,14,5,2016,7,21,11,0,1,6,2,4,"CR-HAMP LEA RD","",99998,31.1317,-90.48767778,0,1,0,0,1,1,0,4,5,1,0,1,0,"0000000",99,98,99,98,88,88,0,0,0,1,0
28,280207,1,1,0,0,0,2,2,1,0,15,5,2016,1,13,19,1,1,3,1,2,"US-61","",99998,31.404475,-91.39264167,0,42,0,0,1,1,0,4,1,1,0,1,0,"0000000",13,19,13,29,13,51,0,0,0,2,0
28,280208,1,1,0,0,0,1,1,41,0,15,5,2016,1,15,50,0,1,6,2,4,"CR-OLD AVERA RD","",99998,31.319475,-88.56945278,0,1,0,0,1,1,0,1,1,1,0,1,0,"0000000",15,53,99,97,99,97,0,0,0,1,0
28,280209,1,1,0,0,0,1,1,49,490,15,5,2016,1,21,41,0,1,7,4,6,"CS-KICKAPOO RD","",99998,32.40022222,-90.32626667,0,34,0,0,1,1,0,4,3,1,0,1,0,"0000000",21,41,99,98,88,88,0,0,0,1,1
28,280210,3,3,0,0,0,6,6,33,1830,16,5,2016,2,13,30,0,1,4,1,3,"SR-302","CS-ALEXANDER RD",99998,34.96934722,-89.81295833,0,12,6,0,2,2,0,1,1,10,0,10,0,"0000000",99,99,99,99,99,99,0,0,0,1,0
28,280211,2,2,0,0,0,4,4,67,0,16,5,2016,2,16,50,0,1,3,1,2,"US-84","CR-MASONITE LAKE RD",99998,31.69695278,-89.01311111,0,12,6,0,2,2,0,1,2,1,0,1,0,"0000000",99,99,99,99,99,99,0,0,0,1,0
28,280212,1,1,0,0,0,1,1,91,0,16,5,2016,2,18,43,0,1,6,2,4,"CR-ROSE HILL RD","",99998,31.33889167,-89.71133333,0,35,0,0,1,1,0,4,1,1,0,1,0,"0000000",99,98,99,98,88,88,0,0,0,1,0
28,280213,2,2,0,0,0,2,2,29,1060,17,5,2016,3,13,27,0,1,4,1,3,"SR-28","CS-LAKE ST",99998,31.87436667,-90.40635278,0,12,6,0,2,2,0,1,1,1,0,1,0,"0000000",13,19,13,23,13,38,0,0,0,1,1
28,280214,1,1,0,0,0,1,1,93,0,18,5,2016,4,17,50,0,1,4,1,3,"SR-309","",99998,34.97095833,-89.68903889,0,34,0,0,1,1,0,4,1,1,0,1,0,"0000000",17,18,17,31,88,88,0,0,0,1,0
28,280215,1,1,0,0,0,3,3,89,860,18,5,2016,4,18,13,0,1,7,4,6,"CS-KEARNEY PARK RD","",99998,32.55285556,-90.31236667,0,10,0,0,6,1,0,1,1,1,0,1,0,"300881S",99,98,99,98,88,88,0,0,0,3,0
28,280216,2,2,0,0,0,5,5,47,0,20,5,2016,6,6,25,0,1,3,1,2,"US-67","CS-TRADITIONAL PKWY",99998,30.57233611,-89.04731667,0,12,6,0,2,2,0,1,1,10,0,10,0,"0000000",6,41,7,5,7,32,0,0,0,1,0
28,280217,1,1,0,0,0,2,2,85,0,20,5,2016,6,15,49,1,1,1,1,1,"I-55","",99998,31.6554,-90.45757222,0,42,0,0,1,1,0,4,1,1,0,1,0,"0000000",99,99,99,99,99,99,0,0,0,1,0
28,280218,1,1,0,0,0,1,1,45,0,21,5,2016,7,2,30,0,1,4,1,3,"SR-53","",99998,30.61089167,-89.38549722,0,42,0,0,1,1,0,4,2,1,0,1,0,"0000000",99,98,99,98,88,88,0,0,0,1,0
28,280219,1,1,0,0,0,1,1,127,0,21,5,2016,7,16,0,0,1,4,1,3,"SR-13","",99998,31.80356667,-89.87959444,0,42,0,0,1,1,0,4,1,1,0,1,0,"0000000",99,98,99,98,88,88,0,0,0,1,1
28,280220,1,1,0,0,0,2,2,89,0,21,5,2016,7,18,16,0,1,6,2,4,"CR-PINE GROVE RD","",99998,32.52557222,-90.03613056,0,5,0,0,1,1,0,1,1,1,0,1,0,"0000000",18,16,18,31,7,13,0,0,0,1,0
28,280221,2,2,0,0,0,5,5,81,0,21,5,2016,7,22,4,0,1,4,1,3,"SR-245","",99998,34.09515278,-88.72703611,0,12,8,0,1,1,0,1,1,1,0,1,0,"0000000",22,0,22,11,22,41,0,0,0,1,0
28,280222,2,2,0,0,0,2,2,59,0,22,5,2016,1,10,19,0,1,6,2,4,"CR-JORDAN RD","",99998,30.4911,-88.82876944,0,12,2,0,1,1,0,1,1,1,0,1,0,"0000000",10,22,10,37,11,5,0,0,0,1,0
28,280223,1,1,0,0,0,1,1,131,0,22,5,2016,1,14,1,0,1,6,2,4,"CR-PERK SILVER RUN RD","",99998,30.745575,-89.175425,0,35,0,0,1,1,0,4,1,1,0,1,0,"0000000",99,98,99,98,88,88,0,0,0,1,0
28,280224,1,1,0,0,0,1,1,45,0,22,5,2016,1,16,36,0,1,4,1,3,"SR-53","",99998,30.61085556,-89.39260278,0,1,0,0,1,1,0,4,1,1,0,1,0,"0000000",16,49,99,97,99,97,0,0,0,1,0
28,280225,1,1,0,0,0,2,2,9,0,23,5,2016,2,9,34,0,1,4,1,3,"SR-5","",99998,34.902975,-89.21130556,0,35,0,0,1,1,0,4,1,1,0,1,0,"0000000",9,34,9,47,10,10,0,0,0,1,0
28,280226,2,2,0,0,0,2,2,111,0,23,5,2016,2,15,30,0,1,4,1,3,"SR-15","",99998,31.18453889,-88.91788611,0,12,2,0,1,1,0,1,1,1,0,1,0,"0000000",15,34,99,98,88,88,0,0,0,1,0
28,280227,1,1,0,0,0,2,2,49,1220,25,5,2016,4,2,51,0,2,7,4,6,"CS-SOUTH DRIVE","",99998,32.31954167,-90.26951111,0,42,0,0,1,1,0,4,2,1,0,1,0,"0000000",99,99,99,99,99,99,0,0,0,1,0
28,280228,2,2,0,0,0,2,2,59,0,25,5,2016,4,4,5,1,1,1,1,1,"I-10 RAMP","CR-FRANKLIN CREEK RD",99998,30.46794722,-88.41940556,0,12,6,0,5,1,0,1,2,1,0,1,0,"0000000",4,4,99,98,88,88,0,0,0,1,1
28,280229,1,1,0,0,0,1,1,85,0,25,5,2016,4,23,35,1,1,3,1,2,"US-84","",99998,31.51340278,-90.637375,0,1,0,0,1,1,0,4,2,1,0,1,0,"0000000",99,98,99,98,88,88,0,0,0,1,0
28,280230,2,2,0,0,0,2,2,33,0,26,5,2016,5,11,25,0,1,4,1,3,"SR-301","CR-STARLANDING RD",99998,34.90403889,-90.10036944,0,12,6,0,2,2,0,1,1,1,0,1,0,"0000000",11,30,11,40,12,16,0,0,0,1,0
28,280231,1,1,0,1,1,1,1,81,0,26,5,2016,5,12,17,0,1,4,1,3,"SR-245","",99998,34.09893056,-88.72582222,0,8,0,0,1,1,0,1,1,1,0,1,0,"0000000",99,99,99,99,99,99,0,0,0,1,0
28,280232,1,1,0,0,0,1,1,143,0,26,5,2016,5,13,38,1,1,3,1,2,"US-61","",99998,34.72146389,-90.36939444,0,34,0,0,1,1,0,4,1,1,0,1,0,"0000000",13,30,99,97,99,97,0,0,0,1,0
28,280233,2,2,0,0,0,4,4,73,0,27,5,2016,6,22,29,0,1,3,1,2,"US-98","",99998,31.29355556,-89.55413611,0,12,2,0,1,1,0,1,2,1,0,1,0,"0000000",22,41,22,48,23,30,0,0,0,2,0
28,280234,1,1,0,0,0,1,1,67,1310,28,5,2016,7,20,15,0,1,7,4,6,"CS-SUSIE B. RUFFIN AVE","",99998,31.69775556,-89.12253333,0,19,0,0,1,1,0,4,3,1,0,1,0,"0000000",20,18,20,46,21,5,0,0,0,1,0
28,280235,1,1,0,0,0,1,1,81,0,28,5,2016,7,20,40,0,1,6,2,4,"CR-109","",99998,34.101075,-88.80626111,0,32,0,0,1,1,0,4,2,1,0,1,0,"0000000",20,43,21,2,21,39,0,0,0,1,0
28,280236,1,1,0,0,0,1,1,121,0,29,5,2016,1,6,12,0,1,6,2,4,"CR-BARKER RD","",99998,32.40343056,-89.76146944,0,34,0,0,1,1,0,4,4,1,0,1,0,"0000000",6,7,6,49,88,88,0,0,0,1,0
28,280237,1,1,0,0,0,1,1,137,0,29,5,2016,1,12,5,0,1,6,2,4,"CR-COUNTRY CLUB RD","",99998,34.56843333,-89.93511667,0,1,0,0,1,1,0,4,1,1,0,1,0,"0000000",12,10,12,26,88,88,0,0,0,1,1
28,280238,1,1,0,0,0,3,3,67,1310,29,5,2016,1,21,10,0,2,7,4,6,"CS-5TH AVE","",99998,31.70862778,-89.13046667,0,42,0,0,1,1,0,4,2,1,0,1,0,"0000000",99,99,99,99,99,99,0,0,0,2,0
28,280239,1,1,0,0,0,1,1,153,0,30,5,2016,2,17,18,1,1,3,1,2,"US-84","",99998,31.73415556,-88.551725,0,57,0,0,1,1,0,3,1,1,0,1,0,"0000000",17,18,17,21,17,58,0,0,0,1,0
28,280240,1,1,0,0,0,1,1,91,0,31,5,2016,3,4,0,0,1,4,1,3,"SR-586","",99998,31.235825,-89.91726111,0,42,0,0,1,1,0,4,2,1,0,1,0,"0000000",99,98,99,98,88,88,0,0,0,1,0
28,280241,2,2,0,0,0,3,3,45,130,31,5,2016,3,12,40,0,1,4,1,3,"SR-603","",99998,30.32839167,-89.42398056,0,12,2,0,1,1,0,1,1,1,0,1,0,"0000000",12,45,12,55,13,31,0,0,0,1,0
28,280242,2,2,0,0,0,3,3,93,0,31,5,2016,3,14,57,1,1,1,1,1,"I-69","SR-302",99998,34.96304167,-89.68895278,0,12,6,1,2,2,0,1,1,1,0,1,0,"0000000",15,0,15,15,99,99,0,0,0,1,0
28,280243,1,1,0,0,0,1,1,43,0,31,5,2016,3,17,21,0,1,6,2,4,"CR-GRAYSPORT CROSSING RD","",99998,33.75109444,-89.61600833,0,1,0,0,1,1,0,4,2,1,0,1,0,"0000000",99,98,99,98,88,88,0,0,0,1,1
28,280244,2,2,0,0,0,2,2,23,0,2,6,2016,5,12,28,0,1,3,1,2,"US-45","CR-280",99998,31.96848056,-88.72746111,0,12,6,0,2,2,0,1,1,1,0,1,0,"0000000",88,88,88,88,88,88,0,0,0,1,0
28,280245,2,2,0,0,0,3,3,31,1700,16,3,2016,4,19,14,0,1,4,1,3,"SR-35","CR-149",99998,31.75238889,-89.64788611,0,12,6,0,2,2,0,1,1,1,0,1,0,"0000000",99,99,99,99,99,99,0,0,0,1,0
28,280246,1,1,0,0,0,1,1,149,0,9,5,2016,2,5,34,0,1,6,2,4,"CR-FREETOWN RD","",99998,32.38640278,-90.67009167,0,18,0,0,1,1,0,1,2,1,0,1,0,"0000000",5,47,5,58,88,88,0,0,0,1,0
28,280247,1,1,0,0,0,1,1,5,0,21,5,2016,7,20,55,0,1,6,2,4,"CR-PATTERSON RD","",99998,31.14257222,-90.70559444,0,35,0,0,1,1,0,4,2,1,0,1,0,"0000000",20,54,21,20,88,88,0,0,0,1,1
28,280248,2,2,0,0,0,3,3,33,1830,3,6,2016,6,15,15,0,1,6,2,4,"CR-HACKS CROSS RD","CR-DESOTO RD",99998,34.97693333,-89.79523889,0,12,6,0,2,2,0,1,1,2,10,2,0,"0000000",99,99,99,99,99,99,0,0,0,1,0
28,280249,1,1,0,0,0,1,1,59,0,3,6,2016,6,21,46,0,1,4,1,3,"SR-613","",99998,30.72955556,-88.50821111,0,42,0,0,1,1,0,4,2,2,0,2,0,"0000000",21,43,21,44,88,88,0,0,0,1,1
28,280250,1,1,0,0,0,1,1,75,0,3,6,2016,6,23,55,0,1,6,2,4,"CR-ALAMUCHA-WHYNOT RD","",99998,32.32827778,-88.47084444,0,35,0,0,1,1,0,4,2,1,0,1,0,"0000000",99,98,99,98,88,88,0,0,0,1,1
28,280251,1,1,0,0,0,2,2,149,2690,4,6,2016,7,15,34,0,1,7,4,6,"CS-CLAY ST","CR-OLD HWY 27",99998,32.34281111,-90.85066667,0,46,0,0,3,2,0,4,1,1,0,1,0,"0000000",99,99,99,99,99,99,0,0,0,1,0
28,280252,2,1,1,0,0,1,1,49,490,4,6,2016,7,20,19,0,1,7,4,6,"CS-TRAILWOOD DR","",99998,32.32656389,-90.337925,0,53,0,0,1,1,0,4,2,1,0,1,0,"0000000",99,98,99,98,88,88,0,0,0,1,1
28,280253,2,2,0,0,0,2,2,151,0,6,6,2016,2,20,48,1,1,3,1,2,"US-61","",99998,33.23875,-90.85996111,0,12,2,0,1,1,0,1,2,1,0,1,0,"0000000",20,48,20,50,21,3,0,0,0,1,1
28,280254,1,1,0,0,0,1,1,69,0,7,6,2016,3,6,0,0,1,4,1,3,"SR-493","",99998,32.61866944,-88.75372778,0,30,0,0,1,1,0,4,1,1,0,1,0,"0000000",5,58,6,19,88,88,0,0,0,1,1
28,280255,1,1,0,0,0,3,3,3,0,21,4,2016,5,0,0,0,1,6,2,4,"CR-600","",99998,34.895025,-88.737625,0,32,0,0,1,1,0,4,2,10,0,10,0,"0000000",99,98,99,98,88,88,0,0,0,1,1
28,280256,1,1,0,0,0,1,1,21,0,27,5,2016,6,0,33,0,1,6,2,4,"CR-TILLMAN RD","",99998,31.88596667,-90.93079444,0,34,0,0,1,1,0,4,2,1,0,1,0,"0000000",99,98,99,98,88,88,0,0,0,1,1
28,280257,1,1,0,0,0,3,3,9,0,7,6,2016,3,12,25,0,1,4,1,3,"SR-370","",99998,34.84784444,-89.09914444,0,1,0,0,1,1,0,4,1,1,0,1,0,"0000000",12,34,12,47,12,49,0,0,0,1,0
28,280258,3,3,0,0,0,5,5,81,2610,8,6,2016,4,21,42,1,1,3,1,2,"US-45","",99998,34.25492778,-88.69397222,0,12,7,0,1,1,0,1,2,1,0,1,0,"0000000",21,42,21,44,22,19,0,0,0,1,0
28,280259,2,2,0,0,0,2,2,89,0,8,6,2016,4,22,50,0,1,6,2,4,"CR-NISSAN DR","CR-NEW RAGSDALE RD",99998,32.55399722,-90.08417222,0,12,6,0,2,2,0,1,3,1,0,1,0,"0000000",22,50,22,55,88,88,0,0,0,1,0
28,280260,1,1,0,0,0,1,1,107,0,9,6,2016,5,11,49,0,1,3,1,2,"US-51","",99998,34.27664444,-89.93910278,0,43,0,0,1,1,0,4,1,1,0,1,0,"0000000",11,49,11,55,88,88,0,0,0,1,0
28,280261,2,2,0,0,0,2,2,151,0,9,6,2016,5,17,50,0,1,6,2,4,"CR-WEST LAKE LEE RD","",99998,33.30373333,-91.07184722,0,12,2,0,1,1,0,1,1,1,0,1,0,"0000000",17,56,18,2,18,35,0,0,0,1,0
28,280262,2,2,0,0,0,3,3,75,0,10,6,2016,6,13,30,0,1,3,1,3,"SR-39","CR-OLD POPLAR SPRINGS",99998,32.47636944,-88.67671667,0,12,6,0,2,3,0,1,1,1,0,1,0,"0000000",13,40,13,53,14,2,0,0,0,1,0
28,280263,1,1,0,1,1,1,1,111,0,11,6,2016,7,3,7,0,1,4,1,3,"SR-29","",99998,31.03661111,-88.97480278,0,8,0,0,1,1,0,1,2,1,0,1,0,"0000000",3,7,3,13,88,88,0,0,0,1,0
28,280264,2,2,0,0,0,4,4,49,0,11,6,2016,7,14,2,0,1,4,1,3,"SR-27","",99998,32.20340833,-90.652,0,12,2,0,1,1,0,1,1,10,0,10,0,"0000000",14,17,14,19,15,7,0,0,0,1,0
28,280265,1,1,0,0,0,2,2,139,2150,13,3,2016,1,15,56,0,1,7,4,6,"CS-EAST WALNUT ST","",99998,34.72955,-88.93582778,0,42,0,0,1,1,0,4,1,1,0,1,0,"0000000",99,99,99,99,99,99,0,0,0,1,0
28,280266,1,1,0,1,1,1,1,161,500,26,4,2016,3,22,54,0,1,4,1,3,"SR-330","",99998,33.97871111,-89.68979167,0,8,0,0,1,1,0,1,2,10,0,10,0,"0000000",99,98,99,98,88,88,0,0,0,1,0
28,280267,2,2,0,0,0,3,3,103,1490,29,5,2016,1,12,10,0,1,4,1,2,"US-45","SR-14",99998,33.10599444,-88.54704722,0,12,6,0,2,2,0,1,1,1,0,1,0,"0000000",12,10,12,19,12,53,0,0,0,1,0
28,280268,1,1,0,0,0,1,1,85,0,11,6,2016,7,16,11,0,1,6,2,4,"CR-ALLRED","",99998,31.67353889,-90.59879444,0,42,0,0,1,1,0,4,1,10,0,10,0,"0000000",16,12,99,98,88,88,0,0,0,1,0
28,280269,2,2,0,0,0,5,5,13,0,11,6,2016,7,17,35,0,1,4,1,3,"SR-8","",99998,33.8187,-89.34294722,0,12,1,0,1,1,0,1,1,10,0,10,0,"0000000",17,42,17,45,18,25,0,0,0,2,0
28,280270,1,1,0,0,0,2,2,11,0,12,6,2016,1,0,15,0,1,6,2,4,"CR-BEULAH PACE RD","",99998,33.79121389,-90.89715278,0,34,0,0,1,1,0,4,2,1,0,1,0,"0000000",0,17,0,24,0,55,0,0,0,1,1
28,280271,1,1,0,0,0,1,1,87,0,12,6,2016,1,5,12,0,1,4,1,3,"SR-12","",99998,33.63687778,-88.30648611,0,35,0,0,1,1,0,4,4,1,0,1,0,"0000000",5,12,99,98,88,88,0,0,0,1,0
28,280272,1,1,0,0,0,1,1,141,0,12,6,2016,1,10,5,0,1,4,1,3,"SR-365","",99998,34.89390278,-88.31408333,0,35,0,0,1,1,0,4,1,1,0,1,0,"0000000",10,8,99,98,88,88,0,0,0,1,1
28,280273,2,1,1,0,0,6,6,115,0,12,6,2016,1,15,38,0,1,3,1,2,"US-278","",99998,34.282975,-89.14386389,0,14,0,0,1,1,0,4,1,1,0,1,0,"0000000",15,56,16,4,16,42,0,0,0,1,0
28,280274,1,1,0,0,0,1,1,93,370,13,6,2016,2,20,30,1,1,1,1,1,"I-22","",99998,34.84973056,-89.68838611,0,34,0,0,1,1,0,4,1,1,0,1,0,"0000000",20,30,99,98,88,88,0,0,0,1,0
28,280275,1,1,0,0,0,1,1,121,0,14,6,2016,3,9,22,0,1,6,2,4,"CR-SPRINGWATER RANCH RD","",99998,32.10715,-89.82406389,0,42,0,0,1,1,0,4,1,1,0,1,0,"0000000",9,23,9,31,10,8,0,0,0,1,0
28,280276,1,1,0,0,0,1,1,129,0,14,6,2016,3,11,23,0,1,4,1,3,"SR-35","",99998,32.06689722,-89.52825556,0,35,0,0,1,1,0,4,1,1,0,1,0,"0000000",11,22,99,98,88,88,0,0,0,1,0
28,280277,1,1,0,0,0,1,1,33,0,14,6,2016,3,15,53,0,1,6,2,4,"CR-RED BANKS RD","",99998,34.81289444,-89.76684722,0,59,0,0,1,1,0,4,1,1,0,1,0,"0000000",15,53,99,98,88,88,0,0,0,1,0
28,280278,2,2,0,0,0,2,2,97,0,15,6,2016,4,9,59,0,1,3,1,2,"US-82","CR-STEWART-LODI RD",99998,33.45062778,-89.43511944,0,12,6,0,2,2,0,1,1,1,0,1,0,"0000000",99,99,99,99,99,99,0,0,0,1,0
28,280279,1,1,0,0,0,1,1,33,0,16,6,2016,5,4,0,0,1,6,2,4,"CR-MCINGVALE RD","",99998,34.80055278,-89.96791111,0,42,0,0,1,1,0,4,2,1,0,1,0,"0000000",4,0,99,98,88,88,0,0,0,1,0
28,280280,1,1,0,0,0,2,2,31,0,16,6,2016,5,17,48,0,1,3,1,2,"US-84","",99998,31.68941389,-89.44477222,0,53,0,0,1,1,0,4,1,1,0,1,0,"0000000",17,48,17,50,99,99,0,0,0,1,0
28,280281,1,1,0,0,0,3,3,105,0,16,6,2016,5,20,38,0,1,4,1,3,"SR-12","",99998,33.36628333,-89.0013,0,35,0,0,1,1,0,4,2,1,0,1,0,"0000000",20,38,99,98,88,88,0,0,0,3,0
28,280282,1,1,0,0,0,1,1,37,0,17,6,2016,6,10,49,1,1,3,1,2,"US-84","",99998,31.47256667,-90.93554444,0,42,0,0,1,1,0,4,1,1,0,1,0,"0000000",10,49,99,98,88,88,0,0,0,1,0
28,280283,1,1,0,0,0,1,1,97,0,17,6,2016,6,16,17,0,1,4,1,3,"SR-413","",99998,33.41417222,-89.54908056,0,42,0,0,1,1,0,4,1,2,0,2,0,"0000000",16,17,16,20,88,88,0,0,0,1,0
28,280284,1,1,0,0,0,3,3,129,0,18,6,2016,7,17,40,0,1,4,1,3,"SR-37","",99998,31.90812222,-89.47118056,0,38,0,0,1,1,0,4,1,10,0,10,0,"0000000",17,51,17,53,88,88,0,0,0,3,1
28,280285,1,1,0,0,0,2,2,137,0,18,6,2016,7,21,11,0,1,6,2,4,"CR-BROWNSFERRY RD","",99998,34.59913056,-90.04956111,0,1,0,0,1,1,0,4,2,10,0,10,0,"0000000",21,19,21,21,21,27,0,0,0,1,1
28,280286,1,1,0,0,0,2,2,137,0,19,6,2016,1,16,11,0,1,6,2,4,"CR-DALLAS RD","",99998,34.59645833,-90.13922778,0,42,0,0,1,1,0,4,1,1,0,1,0,"0000000",99,99,99,99,99,99,0,0,0,1,1
28,280287,2,2,0,0,0,3,3,33,0,19,6,2016,1,16,57,0,1,3,1,2,"US-61","",99998,34.89560556,-90.20370833,0,1,0,0,1,1,0,3,1,10,0,10,0,"0000000",16,57,16,58,17,3,0,0,0,1,0
28,280288,1,1,0,0,0,1,1,11,0,19,6,2016,1,23,41,0,1,6,1,3,"SR-161","",99998,33.92112778,-90.75807778,0,1,0,0,1,1,0,4,2,1,0,1,0,"0000000",23,47,23,48,0,17,0,0,0,1,0
28,280289,2,2,0,0,0,2,2,89,0,20,6,2016,2,13,48,0,1,6,2,4,"CR-MT. PILGRIM RD","CR-NICHOLS DR",99998,32.72748333,-89.90907778,0,12,6,0,2,3,0,1,1,1,0,1,0,"0000000",13,48,99,98,88,88,0,0,0,1,0
28,280290,2,2,0,0,0,2,2,91,0,20,6,2016,2,16,30,0,1,4,1,3,"SR-35","",99998,31.00496667,-89.79887778,0,12,2,0,1,1,0,1,1,1,0,1,0,"0000000",99,99,99,99,99,99,0,0,0,1,0
28,280291,2,2,0,0,0,4,4,43,0,20,6,2016,2,19,23,0,1,4,1,3,"SR-8","SR-35",99998,33.76469722,-89.97580833,0,12,6,0,2,2,0,1,1,1,0,1,0,"0000000",19,23,19,36,19,44,0,0,0,1,0
28,280292,2,2,0,0,0,2,2,75,1590,21,6,2016,3,18,2,0,1,7,4,6,"CS-45TH AVE","CS-15TH AVE",99998,32.37236667,-88.72305,0,12,6,0,2,2,0,1,1,1,0,1,0,"0000000",18,3,18,9,18,29,0,0,0,1,0
28,280293,4,4,0,0,0,4,4,33,2422,21,6,2016,3,19,2,0,1,7,4,6,"CS-CHURCH RD","",99998,34.93323056,-89.93500556,0,12,6,0,8,1,0,1,1,1,0,1,0,"0000000",99,99,99,99,99,99,0,0,0,1,0
28,280294,1,1,0,1,1,1,1,67,0,30,3,2016,4,6,15,0,1,6,2,4,"CR-MOSELLE SEMINARY RD","",99998,31.52260833,-89.28697222,0,8,0,0,1,1,0,1,4,1,0,1,1,"0000000",99,99,99,99,99,99,0,0,0,1,0
28,280296,2,2,0,0,0,2,2,3,560,23,6,2016,5,22,40,1,1,3,1,2,"US-72","CS-SOUTH PARKWAY ST",99998,34.91633889,-88.50584722,0,12,2,0,2,2,0,1,3,1,0,1,0,"0000000",22,41,22,44,88,88,0,0,0,1,0
28,280297,1,1,0,0,0,1,1,33,0,24,6,2016,6,7,50,0,1,6,2,4,"CR-HOLLY SPRINGS","",99998,34.79868333,-89.877075,0,23,0,0,1,1,0,4,1,1,0,1,0,"0000000",7,50,99,98,88,88,0,0,0,1,0
28,280298,1,1,0,2,2,1,1,75,1590,25,6,2016,7,2,37,1,1,1,1,1,"I-20","",99998,32.34911111,-88.71203611,0,8,0,0,1,1,0,1,3,1,0,1,0,"0000000",2,37,2,39,2,47,0,0,0,1,0
28,280299,2,2,0,0,0,6,6,129,0,25,6,2016,7,13,50,0,1,6,2,4,"CR-77","",99998,31.893725,-89.54879167,0,12,6,0,1,1,0,1,1,10,0,10,0,"0000000",13,50,13,57,14,8,0,0,0,1,0
28,280300,2,2,0,0,0,2,2,29,0,26,6,2016,1,7,7,0,1,4,1,3,"SR-28","",99998,31.75766111,-90.56872778,0,12,2,0,1,1,0,1,1,1,0,1,0,"0000000",7,7,7,7,7,27,0,0,0,1,0