"STATE","ST_CASE","VE_TOTAL","VE_FORMS","PVH_INVL","PEDS","PERNOTMVIT","PERMVIT","PERSONS","COUNTY","CITY","DAY","MONTH","YEAR","DAY_WEEK","HOUR","MINUTE","NHS","RUR_URB","FUNC_SYS","RD_OWNER","ROUTE","TWAY_ID","TWAY_ID2","MILEPT","LATITUDE","LONGITUD","SP_JUR","HARM_EV","MAN_COLL","RELJCT1","RELJCT2","TYP_INT","WRK_ZONE","REL_ROAD","LGT_COND","WEATHER1","WEATHER2","WEATHER","SCH_BUS","RAIL","NOT_HOUR","NOT_MIN","ARR_HOUR","ARR_MIN","HOSP_HR","HOSP_MN","CF1","CF2","CF3","FATALS","DRUNK_DR"
28,280301,1,1,0,0,0,1,1,47,0,26,6,2016,1,14,18,0,1,6,2,4,"CR-LAMEY BRIDGE RD","",99998,30.52130278,-88.96179444,0,1,0,0,1,1,0,4,1,1,0,1,0,"0000000",99,98,99,98,88,88,0,0,0,1,0
28,280302,1,1,0,0,0,2,2,123,1670,26,6,2016,1,16,0,1,1,1,1,1,"I-20","",99998,32.31165278,-89.65186667,0,42,0,0,1,1,0,4,1,1,0,1,0,"0000000",99,99,99,99,99,99,0,0,0,1,0
28,280303,2,2,0,0,0,2,2,153,0,26,6,2016,1,21,11,1,1,3,1,2,"US-45","",99998,31.75853889,-88.66505278,0,12,2,0,1,1,0,1,2,1,0,1,0,"0000000",99,98,99,98,88,88,0,0,0,2,0
28,280304,1,1,0,0,0,1,1,51,0,27,6,2016,2,12,4,0,1,4,1,3,"SR-12","",99998,33.1113,-90.04533611,0,42,0,0,1,1,0,4,1,1,0,1,0,"0000000",99,98,99,98,88,88,0,0,0,1,0
28,280305,1,1,0,0,0,1,1,49,0,27,6,2016,2,19,57,0,1,6,2,4,"CR-DAVIS RD","",99998,32.19378056,-90.32096389,0,1,0,0,1,1,0,1,2,2,0,2,0,"0000000",19,57,20,6,88,88,0,0,0,1,0
28,280306,2,2,0,0,0,2,2,49,0,28,6,2016,3,6,40,0,1,3,1,2,"US-49","CR-POCAHONTAS RD",99998,32.47270556,-90.28790278,0,12,6,0,2,2,0,1,1,1,0,1,0,"0000000",6,40,6,43,88,88,0,0,0,1,0
28,280307,1,1,0,0,0,3,3,67,0,29,6,2016,4,2,17,0,1,4,1,3,"SR-15","",99998,31.49208056,-89.02083056,0,35,0,0,1,1,0,4,2,5,0,5,0,"0000000",2,17,2,19,88,88,20,0,0,3,0
28,280308,2,2,0,0,0,4,4,111,0,30,6,2016,5,7,30,0,1,4,1,3,"SR-15","CR-RAYBURN PIERCE RD",99998,31.41879444,-88.95772778,0,12,1,0,3,3,0,1,1,1,0,1,0,"0000000",7,30,7,34,7,52,0,0,0,1,0
28,280309,2,2,0,0,0,3,3,147,0,30,6,2016,5,17,40,0,1,3,1,2,"US-98","CR-KNOXO RD",99998,31.14654722,-90.07897222,0,12,6,0,2,2,0,1,1,1,0,1,0,"0000000",99,99,99,99,99,99,0,0,0,1,1
28,280310,1,1,0,1,1,1,1,57,0,30,6,2016,5,18,40,0,1,6,2,4,"CR-ESTES MORROW RD","",99998,34.41489167,-88.47714167,0,9,0,0,1,1,0,1,1,1,0,1,0,"0000000",18,41,18,42,19,40,0,0,0,1,0
28,280311,1,1,0,0,0,1,1,153,0,27,3,2016,1,12,17,0,1,6,2,4,"CR-PLEASANT GROVE RD","",99998,31.70600833,-88.92117778,0,42,0,0,1,1,0,4,1,2,0,2,0,"0000000",99,99,99,99,99,99,0,0,0,1,0
28,280312,1,1,0,0,0,1,1,43,1010,1,7,2016,6,5,33,1,1,1,1,1,"I-55","",99998,33.81945556,-89.83945556,0,34,0,0,1,1,0,4,1,1,0,1,0,"0000000",5,31,5,34,5,48,0,0,0,1,0
28,280313,2,2,0,0,0,3,3,15,0,1,7,2016,6,5,36,1,1,1,1,1,"I-55","",99998,33.64725,-89.799875,0,12,1,0,1,1,0,1,1,1,0,1,0,"0000000",5,36,5,38,6,13,0,0,0,2,0
28,280314,1,1,0,0,0,1,1,107,0,1,7,2016,6,6,24,0,1,4,1,3,"SR-310","",99998,34.509975,-90.08098889,0,1,0,0,1,1,0,4,2,1,0,1,0,"0000000",6,27,6,28,88,88,0,0,0,1,0
28,280315,1,1,0,0,0,2,2,121,300,1,7,2016,6,11,9,0,1,4,1,3,"SR-18","",99998,32.257125,-89.99900556,0,1,0,0,1,1,0,4,1,1,0,1,0,"0000000",11,10,11,12,12,7,0,0,0,1,1
28,280316,1,1,0,1,1,2,2,113,0,2,7,2016,7,3,24,0,1,4,1,3,"SR-44","",99998,31.24835278,-90.42304444,0,8,0,0,1,1,0,1,2,10,0,10,0,"0000000",3,24,3,37,88,88,0,0,0,1,0
28,280317,2,2,0,0,0,2,2,75,0,2,7,2016,7,11,38,0,1,4,1,3,"SR-145","",99998,32.22744167,-88.70021944,0,12,6,0,8,1,0,1,1,1,0,1,0,"0000000",11,38,11,39,12,20,0,0,0,1,0
28,280318,1,1,0,0,0,1,1,57,0,2,7,2016,7,16,11,0,1,4,2,4,"CR-OLD HWY 25 N","",99998,34.30503333,-88.35321389,0,35,0,0,1,1,0,4,1,1,0,1,0,"0000000",16,11,16,14,88,88,0,0,0,1,0
28,280319,1,1,0,0,0,1,1,75,0,3,7,2016,1,6,30,0,1,4,1,3,"SR-19","",99998,32.34661944,-88.59953889,0,30,0,0,1,1,0,4,1,1,0,1,0,"0000000",6,30,6,34,88,88,0,0,0,1,0
28,280320,3,3,0,0,0,4,4,49,1220,3,7,2016,1,14,3,0,1,7,4,6,"CS-WOODROW WILSON AVE","CS-BAILEY AVE",99998,32.32687222,-90.19276944,0,12,6,0,2,2,0,1,1,1,0,1,0,"0000000",14,5,14,9,14,20,0,0,0,1,0
28,280321,2,2,0,0,0,2,2,99,0,3,7,2016,1,18,7,0,1,4,1,3,"SR-16","",99998,32.77111944,-89.10215833,0,12,2,0,1,1,0,1,1,1,0,1,0,"0000000",18,7,18,8,18,31,0,0,0,1,0
28,280322,1,1,0,0,0,1,1,119,0,4,7,2016,2,5,1,0,1,4,1,3,"SR-3","",99998,34.08433056,-90.34473611,0,1,0,0,1,1,0,4,4,1,0,1,0,"0000000",5,1,5,3,88,88,0,0,0,1,1
28,280323,1,1,0,0,0,1,1,61,0,4,7,2016,2,0,41,0,1,4,2,4,"CR-6","",99998,31.89059444,-88.96278611,0,32,0,0,1,1,0,4,2,1,0,1,0,"0000000",99,98,99,98,88,88,0,0,0,1,0
28,280324,1,1,0,0,0,4,4,121,0,4,7,2016,2,17,10,0,1,6,2,4,"CR-FANNIN LANDING CIR","",99998,32.42126389,-89.99133333,0,1,0,0,1,1,0,4,1,1,0,1,0,"0000000",17,10,17,15,17,44,0,0,0,1,0
28,280325,1,1,0,0,0,6,6,47,230,4,7,2016,2,18,45,1,1,1,1,1,"I-10","",99998,30.46066944,-88.96278056,0,1,0,0,1,1,0,3,1,1,0,1,0,"0000000",18,46,18,47,19,16,0,0,0,1,0
28,280326,1,1,0,1,1,1,1,113,0,5,7,2016,3,5,0,0,1,6,2,4,"CR-PARK DRIVE EXT","",99998,31.23707778,-90.48273611,0,8,0,0,1,1,0,1,2,10,0,10,0,"0000000",5,0,5,4,88,88,0,0,0,1,0
28,280327,2,2,0,0,0,5,5,121,0,6,7,2016,4,6,24,0,1,6,2,4,"CR-HOLLYBUSH RD","",99998,32.39791944,-89.92587778,0,12,2,0,1,1,0,1,1,10,0,10,0,"0000000",6,25,6,37,6,55,0,0,0,1,0
28,280328,1,1,0,0,0,1,1,31,0,7,7,2016,5,6,39,1,1,3,1,2,"US-49","",99998,31.69386111,-89.60889722,0,34,0,0,1,1,0,3,2,1,0,1,0,"0000000",6,39,6,47,88,88,0,0,0,1,0
28,280329,2,2,0,0,0,2,2,35,1050,7,7,2016,5,13,17,0,1,7,4,6,"CS-VETERAN'S MEMORIAL","CS-SOUTH 28TH AVE",99998,31.28909444,-89.322625,0,12,6,0,2,2,0,1,1,1,0,1,0,"0000000",99,99,99,99,99,99,0,0,0,1,0
28,280330,1,1,0,0,0,1,1,137,0,7,7,2016,5,21,13,0,1,4,1,3,"SR-4","",99998,34.61205833,-89.86709167,0,35,0,0,1,1,0,4,2,1,0,1,0,"0000000",21,16,21,18,88,88,0,0,0,1,0
28,280331,2,2,0,0,0,5,5,149,0,7,7,2016,5,21,32,0,1,4,1,3,"SR-27","",99998,32.31634444,-90.81108889,0,12,2,0,1,1,0,1,2,1,0,1,0,"0000000",99,99,99,99,99,99,0,0,0,1,0
28,280332,1,1,0,1,1,1,1,41,0,8,7,2016,6,1,24,0,1,3,1,3,"SR-57","",99998,31.41636944,-88.46669444,0,8,0,0,1,1,0,1,2,1,0,1,0,"0000000",1,24,1,25,88,88,0,0,0,1,0
28,280333,2,2,0,0,0,2,2,49,1220,9,7,2016,7,18,33,0,1,7,4,6,"CS-BULLARD ST","",99998,32.32930556,-90.23583333,0,12,2,0,8,1,0,1,1,1,0,1,0,"0000000",18,35,18,39,19,8,0,0,0,1,0
28,280334,1,1,0,0,0,1,1,57,0,9,7,2016,7,21,30,0,1,6,1,4,"CR-DORSEY EVERGREEN RD","CR-371",99998,34.156575,-88.51199167,0,42,0,0,3,3,0,4,2,10,0,10,0,"0000000",21,30,21,33,88,88,20,0,0,1,1
28,280335,1,1,0,0,0,3,3,33,0,9,7,2016,7,23,55,1,1,1,1,1,"I-55","",99998,34.80812778,-89.97018056,0,42,0,0,1,1,0,4,3,2,0,2,0,"0000000",23,56,0,2,0,26,0,0,0,1,0
28,280336,1,1,0,0,0,1,1,43,1010,11,7,2016,2,19,33,0,1,7,4,6,"CS-COMMERCE ST","",99998,33.75013056,-89.80504722,0,32,0,0,1,1,0,4,1,1,0,1,0,"0000000",99,99,99,99,99,99,0,0,0,1,0
28,280337,1,1,0,0,0,4,4,101,0,12,7,2016,3,4,9,1,1,1,1,1,"I-20","",99998,32.33893889,-89.19298333,0,1,0,0,1,1,0,1,2,1,0,1,0,"0000000",99,99,99,99,99,99,0,0,0,1,0
28,280338,2,2,0,0,0,2,2,139,0,12,7,2016,3,9,21,0,1,4,1,3,"SR-370","",99998,34.60203333,-88.83589722,0,12,2,0,1,1,0,1,1,1,0,1,0,"0000000",99,98,99,98,88,88,0,0,0,2,0
28,280339,1,1,0,0,0,4,4,113,0,12,7,2016,3,16,4,1,1,1,1,1,"I-55","",99998,31.03641944,-90.49853333,0,34,0,0,1,1,0,3,1,1,0,1,0,"0000000",99,99,99,99,99,99,0,0,0,1,0
28,280340,1,1,0,1,1,1,1,49,1220,12,7,2016,3,23,3,0,1,7,4,6,"CS-RIDGEWOOD RD","",99998,32.38763056,-90.14185556,0,8,0,0,1,1,0,1,2,1,0,1,0,"0000000",99,99,99,99,99,99,0,0,0,1,0
28,280341,1,1,0,0,0,2,2,75,1590,12,7,2016,3,23,25,0,1,6,2,4,"CR-FRONTAGE RD","",99998,32.36580556,-88.67251667,0,19,0,0,1,1,0,4,3,1,0,1,0,"0000000",99,99,99,99,99,99,0,0,0,1,0
28,280342,2,2,0,0,0,2,2,159,0,13,7,2016,4,18,5,0,1,3,1,3,"SR-25","",99998,32.97492222,-89.27983611,0,12,1,0,1,1,0,1,1,1,0,1,0,"0000000",99,99,99,99,99,99,0,0,0,1,0
28,280343,1,1,0,0,0,1,1,61,0,13,7,2016,4,18,25,1,1,1,1,1,"I-59","",99998,31.85888056,-89.04661111,0,42,0,0,1,1,0,4,1,2,0,2,0,"0000000",99,98,99,98,88,88,0,0,0,1,0
28,280344,2,2,0,0,0,4,4,47,1020,14,7,2016,5,21,14,1,1,3,1,2,"US-90","CR-36TH AVE",99998,30.36169722,-89.1044,0,12,6,0,2,2,0,1,3,1,0,1,0,"0000000",99,99,99,99,99,99,0,0,0,1,0
28,280345,1,1,0,0,0,1,1,117,0,15,7,2016,6,17,30,0,1,6,2,4,"CR-5011","",99998,34.55219444,-88.59680556,0,1,0,0,1,1,0,4,1,1,0,1,0,"0000000",99,99,99,99,99,99,0,0,0,1,0
28,280346,2,2,0,0,0,4,4,119,1550,5,2,2016,6,21,30,1,1,3,1,2,"US-278","SR-3",99998,34.2616,-90.27335833,0,12,6,0,2,2,0,1,2,1,0,1,0,"0000000",99,99,99,99,99,99,0,0,0,1,0
28,280347,2,2,0,0,0,3,3,105,2430,18,7,2016,2,18,20,0,1,7,4,6,"CS-MONTGOMERY ST","",99998,33.45258333,-88.8102,0,12,6,0,8,1,0,1,1,1,0,1,0,"0000000",99,98,99,98,88,88,0,0,0,1,0
28,280348,2,2,0,0,0,2,2,31,0,18,7,2016,2,19,6,0,1,6,2,4,"CR-ROGERS RD","",99998,31.58371944,-89.40743889,0,12,2,0,1,1,0,1,1,1,0,1,0,"0000000",99,99,99,99,99,99,0,0,0,1,0
28,280349,2,2,0,0,0,3,3,69,0,21,7,2016,5,15,39,0,1,4,1,3,"SR-16","",99998,32.77636944,-88.68794722,0,12,2,0,1,1,0,1,1,1,0,1,0,"0000000",99,99,99,99,99,99,0,0,0,2,0
28,280351,2,2,0,0,0,3,3,137,0,22,7,2016,6,12,43,1,1,1,1,1,"I-55","",99998,34.705225,-89.96488333,0,12,1,0,1,1,0,1,1,1,0,1,0,"0000000",99,99,99,99,99,99,0,0,0,1,0
28,280352,1,1,0,0,0,2,2,137,2290,22,7,2016,6,22,8,0,1,7,4,6,"CS-LRL","",99998,34.58314722,-89.97804444,0,42,0,0,1,1,0,4,2,1,0,1,0,"0000000",99,99,99,99,99,99,0,0,0,1,0
28,280353,1,1,0,0,0,1,1,123,0,23,7,2016,7,13,54,0,1,4,1,3,"SR-13","",99998,32.57384167,-89.59985833,0,1,0,0,1,1,0,4,1,10,0,10,0,"0000000",99,99,99,99,99,99,0,0,0,1,0
28,280354,1,1,0,0,0,4,4,123,0,23,7,2016,7,14,13,1,1,1,1,1,"I-20","",99998,32.33975833,-89.51865556,0,42,0,0,1,1,0,4,1,2,0,2,0,"0000000",99,99,99,99,99,99,0,0,0,2,0
28,280355,1,1,0,0,0,5,5,57,0,25,7,2016,2,9,14,1,1,1,1,1,"I-22","",99998,34.21188056,-88.19296389,0,42,0,0,1,1,0,4,1,1,0,1,0,"0000000",99,99,99,99,99,99,0,0,0,2,0
28,280356,1,1,0,0,0,1,1,95,0,25,7,2016,2,15,30,0,1,6,1,3,"SR-OLD HWY 25","",99998,33.83046667,-88.51007222,0,42,0,0,1,1,0,4,1,1,0,1,0,"0000000",99,98,99,98,88,88,0,0,0,1,0
28,280357,1,1,0,0,0,1,1,13,0,25,7,2016,2,23,55,0,1,6,2,4,"CR-136","",99998,34.01781111,-89.26560833,0,35,0,0,1,1,0,4,2,1,0,1,0,"0000000",99,98,99,98,88,88,0,0,0,1,1
28,280358,1,1,0,0,0,4,4,35,0,26,7,2016,3,22,15,0,1,6,2,4,"CR-DAVIS RD","",99998,31.32140556,-89.21954722,0,53,0,0,1,1,0,4,2,10,0,10,0,"0000000",99,99,99,99,99,99,0,0,0,1,0
28,280359,1,1,0,0,0,4,4,99,0,27,7,2016,4,3,4,0,1,6,2,4,"CR-147","",99998,32.76623611,-89.25906111,0,1,0,0,1,1,0,4,2,1,0,1,0,"0000000",99,99,99,99,99,99,0,0,0,1,1
28,280360,1,1,0,0,0,1,1,53,0,27,7,2016,4,14,30,0,1,3,1,2,"US-49","",99998,33.24821667,-90.57757778,0,35,0,0,1,1,0,4,1,2,0,2,0,"0000000",99,99,99,99,99,99,0,0,0,1,0
28,280361,1,1,0,0,0,1,1,3,0,28,7,2016,5,13,45,1,1,3,1,2,"US-72","",99998,34.86101111,-88.4026,0,42,0,0,1,1,0,4,1,10,0,10,0,"0000000",99,98,99,98,88,88,0,0,0,1,0
28,280362,2,2,0,0,0,3,3,75,0,29,7,2016,6,17,22,0,1,4,1,3,"SR-39","",99998,32.56637222,-88.67522222,0,12,2,0,1,1,0,1,1,1,0,1,0,"0000000",99,99,99,99,99,99,0,0,0,1,0
28,280363,1,1,0,0,0,1,1,35,1050,29,7,2016,6,20,53,1,1,1,1,1,"I-59","",99998,31.34893889,-89.35164722,0,35,0,0,1,1,0,4,2,1,0,1,0,"0000000",99,98,99,98,88,88,0,0,0,1,0
28,280364,1,1,0,0,0,1,1,45,0,30,7,2016,7,2,4,0,1,6,2,4,"CR-LOWER BAY RD","",99998,30.25860278,-89.45964444,0,34,0,0,1,1,0,4,2,1,0,1,0,"0000000",99,98,99,98,88,88,0,0,0,1,0
28,280366,2,2,0,0,0,5,5,49,0,30,7,2016,7,16,54,1,1,1,1,1,"I-20","",99998,32.35305278,-90.55723889,0,12,1,0,1,1,0,1,1,1,0,1,0,"0000000",99,99,99,99,99,99,0,0,0,1,0
28,280367,1,1,0,1,1,1,1,49,371,30,7,2016,7,22,23,0,1,7,4,4,"CR-SIWELL RD","",99998,32.18259444,-90.25416389,0,8,0,0,1,1,0,1,2,1,0,1,0,"0000000",99,98,99,98,88,88,0,0,0,1,0
28,280368,1,1,0,0,0,3,3,83,0,31,7,2016,1,1,7,0,1,4,1,3,"SR-7","",99998,33.36081389,-90.37110278,0,34,0,0,1,1,0,4,2,10,0,10,0,"0000000",99,99,99,99,99,99,0,0,0,1,1
28,280369,1,1,0,0,0,2,2,49,1220,31,7,2016,1,3,17,0,1,7,4,6,"CS-WOODDELL DR","",99998,32.26029444,-90.25296667,0,42,0,0,1,1,0,4,2,1,0,1,0,"0000000",99,99,99,99,99,99,0,0,0,1,0
28,280370,3,3,0,0,0,7,7,107,120,1,8,2016,2,9,46,0,1,4,1,3,"SR-6","CR-EUREKA ST",99998,34.31134722,-89.95006389,0,12,6,0,2,2,0,1,1,1,0,1,0,"0000000",99,99,99,99,99,99,0,0,0,1,0
28,280371,1,1,0,0,0,1,1,163,0,2,8,2016,3,8,52,0,1,6,2,4,"CR-RIDGE RD","",99998,32.82801944,-90.40986389,0,42,0,0,1,1,0,4,1,1,0,1,0,"0000000",99,98,99,98,88,88,0,0,0,1,0
28,280372,1,1,0,1,1,1,1,31,0,2,8,2016,3,17,24,1,1,3,1,2,"US-49","",99998,31.57333056,-89.51831944,0,8,0,0,1,1,0,1,1,10,0,10,0,"0000000",99,98,99,98,88,88,0,0,0,1,0
28,280373,1,1,0,1,1,1,1,109,0,5,8,2016,6,5,11,1,1,1,1,1,"I-59","",99998,30.739075,-89.53511667,0,8,0,0,1,1,0,1,2,1,0,1,0,"0000000",99,98,99,98,88,88,0,0,0,1,0
28,280374,2,1,1,1,1,1,1,67,0,5,8,2016,6,13,59,0,1,6,2,4,"CR-LAKE DR","",99998,31.67062222,-89.20513889,0,14,0,0,1,1,0,1,1,1,0,1,0,"0000000",99,98,99,98,88,88,15,0,0,1,0
28,280375,2,2,0,0,0,4,4,161,0,5,8,2016,6,15,25,1,1,1,1,1,"I-55","",99998,33.9046,-89.85730833,0,12,2,0,1,1,0,1,1,10,0,10,0,"0000000",99,99,99,99,99,99,20,0,0,1,0
28,280376,1,1,0,0,0,1,1,89,0,6,8,2016,7,7,10,1,1,1,1,1,"I-55","",99998,32.70855833,-90.04818611,0,42,0,0,1,1,0,4,4,1,0,1,0,"0000000",99,98,99,98,88,88,0,0,0,1,0
28,280377,1,1,0,2,2,2,2,45,0,6,8,2016,7,22,48,1,1,3,1,2,"US-90","",99998,30.240775,-89.60803333,0,8,0,0,1,1,0,1,2,10,0,10,0,"0000000",99,99,99,99,99,99,23,0,0,1,0
28,280378,1,1,0,0,0,3,3,29,0,7,8,2016,1,12,29,0,1,4,1,3,"SR-18","",99998,32.04399444,-90.44147222,0,42,0,0,1,1,0,4,1,1,0,1,0,"0000000",99,99,99,99,99,99,0,0,0,2,1
28,280379,1,1,0,0,0,2,2,127,1580,9,8,2016,3,18,27,0,1,4,1,3,"SR-149","",99998,31.97051111,-89.89131389,0,42,0,0,1,1,0,4,1,2,0,2,0,"0000000",99,99,99,99,99,99,0,0,0,1,0
28,280380,1,1,0,0,0,1,1,109,0,10,8,2016,4,17,44,0,1,6,2,4,"CR-MCNEILL STEEP HOLLOW","",99998,30.66393889,-89.53841667,0,53,0,0,1,1,0,4,1,10,0,10,0,"0000000",99,99,99,99,99,99,0,0,0,1,0
28,280381,2,2,0,0,0,3,3,123,1670,10,8,2016,4,18,5,1,1,3,1,2,"US-80","",99998,32.33630833,-89.698925,0,12,6,0,1,1,0,1,1,2,0,2,0,"0000000",99,99,99,99,99,99,0,0,0,1,0
28,280383,3,3,0,0,0,4,4,101,0,11,8,2016,5,4,14,1,1,1,1,1,"I-20","",99998,32.32473889,-89.31470556,0,12,1,0,1,1,0,1,1,10,0,10,0,"0000000",99,99,99,99,99,99,0,0,0,1,0
28,280384,3,3,0,0,0,3,3,121,870,11,8,2016,5,9,30,1,1,3,1,2,"US-49","",99998,32.18155833,-90.13589167,0,12,7,0,1,1,0,1,1,1,0,1,0,"0000000",99,98,99,98,88,88,0,0,0,1,0
28,280385,2,2,0,0,0,3,3,39,0,11,8,2016,5,13,0,0,1,4,1,3,"SR-26","",99998,30.85418056,-88.84671111,0,12,2,0,1,1,0,1,1,2,0,2,0,"0000000",99,99,99,99,99,99,0,0,0,1,0
28,280386,1,1,0,1,1,2,2,109,0,12,8,2016,6,5,0,0,1,3,1,2,"US-11","",99998,30.49585556,-89.68782778,0,8,0,0,1,1,0,1,2,2,0,2,0,"0000000",99,98,99,98,88,88,0,0,0,1,0
28,280387,2,2,0,0,0,4,4,139,0,12,8,2016,6,19,48,0,1,4,1,3,"SR-15","",99998,34.88865556,-88.91010556,0,12,2,0,1,1,0,1,5,10,0,10,0,"0000000",99,99,99,99,99,99,0,0,0,1,0
28,280388,1,1,0,2,2,1,1,49,1220,12,8,2016,6,23,30,0,1,7,4,6,"CS-NORTHSIDE DR","",99998,32.35565556,-90.17831667,0,8,0,0,1,1,0,1,2,1,0,1,0,"0000000",99,99,99,99,99,99,0,0,0,2,0
28,280389,3,3,0,0,0,6,6,33,1090,15,8,2016,2,7,23,1,1,1,1,1,"I-55","",99998,34.883,-89.99104722,0,12,1,0,1,1,0,1,1,10,0,10,0,"0000000",99,99,99,99,99,99,0,0,0,1,0
28,280390,1,1,0,0,0,3,3,127,0,15,8,2016,2,17,30,1,1,3,1,2,"US-49","",99998,32.026375,-89.96005278,0,32,0,0,1,1,0,4,1,2,10,2,0,"0000000",99,99,99,99,99,99,0,0,0,1,0
28,280391,1,1,0,1,1,1,1,47,1020,16,8,2016,3,5,47,0,1,7,4,6,"CS-THREE RIVERS RD","",99998,30.46700556,-89.06958611,0,8,0,0,1,1,0,1,2,1,0,1,0,"0000000",99,99,99,99,99,99,0,0,0,1,0
28,280392,3,3,0,0,0,3,3,67,0,17,8,2016,4,10,33,1,1,3,1,2,"US-84","SR-28",99998,31.69625,-89.209775,0,12,6,0,2,2,0,1,1,1,0,1,0,"0000000",99,98,99,98,88,88,0,0,0,1,0
28,280393,2,2,0,0,0,3,3,109,2020,18,8,2016,5,15,12,0,1,4,1,3,"SR-26","",99998,30.843375,-89.51251944,0,12,1,0,1,1,0,1,1,1,0,1,0,"0000000",99,99,99,99,99,99,0,0,0,1,0
28,280394,1,1,0,0,0,1,1,105,0,18,8,2016,5,16,16,0,1,6,2,4,"CR-LOUISVILLE/STURGIS RD","",99998,33.33336944,-89.03758056,0,1,0,0,1,1,0,1,1,1,0,1,0,"0000000",99,99,99,99,99,99,0,0,0,1,0
28,280395,1,1,0,0,0,1,1,75,0,20,8,2016,7,1,0,1,1,3,1,2,"US-45","",99998,32.33155,-88.66307222,0,52,0,0,1,1,0,4,2,10,0,10,0,"0000000",99,98,99,98,88,88,0,0,0,1,0
28,280396,1,1,0,0,0,1,1,99,0,20,8,2016,7,3,36,0,1,4,1,3,"SR-21","",99998,32.57762222,-89.31481111,0,53,0,0,1,1,0,4,2,1,0,1,0,"0000000",99,98,99,98,88,88,0,0,0,1,0
28,280397,1,1,0,0,0,1,1,121,2125,20,8,2016,7,6,17,1,1,3,1,2,"US-49","",99998,32.18799444,-90.13876944,0,34,0,0,1,1,0,4,2,10,0,10,0,"0000000",99,98,99,98,88,88,0,0,0,1,1
28,280398,9,9,0,0,0,11,11,49,371,20,8,2016,7,15,2,1,1,1,1,1,"I-55","",99998,32.19211389,-90.25224722,0,12,1,0,1,1,1,1,1,1,0,1,0,"0000000",99,99,99,99,99,99,0,0,0,3,0
28,280399,1,1,0,0,0,1,1,95,0,20,8,2016,7,21,45,1,1,3,1,2,"US-278","SR-8",99998,33.89779167,-88.32919444,0,42,0,0,3,3,0,4,2,1,0,1,0,"0000000",99,98,99,98,88,88,0,0,0,1,1
28,280400,2,2,0,0,0,2,2,7,0,22,8,2016,2,6,53,0,1,4,1,3,"SR-14","",99998,32.93733611,-89.81551111,0,12,2,0,1,1,0,1,1,1,0,1,0,"0000000",99,99,99,99,99,99,0,0,0,1,0
28,280401,2,2,0,0,0,3,3,31,0,24,8,2016,4,7,32,1,1,3,1,2,"US-49","CR-PEARCE RD",99998,31.75168056,-89.65866667,0,12,6,0,2,2,0,1,4,10,0,10,0,"0000000",99,99,99,99,99,99,0,0,0,1,0
28,280402,1,1,0,0,0,1,1,153,0,24,8,2016,4,8,54,1,1,3,1,2,"US-45","",99998,31.69958056,-88.62031944,0,35,0,0,1,1,0,4,1,1,0,1,0,"0000000",99,99,99,99,99,99,0,0,0,1,1
28,280403,1,1,0,1,1,1,1,83,1000,24,8,2016,4,22,23,0,1,7,4,6,"CS-HWY 82 FRONTAGE RD","",99998,33.506175,-90.19061667,0,8,0,0,1,1,0,1,2,1,0,1,0,"0000000",99,99,99,99,99,99,0,0,0,1,0
28,280404,1,1,0,0,0,1,1,121,1918,25,8,2016,5,14,33,0,1,6,2,4,"CR-COUNTRY PLACE PKWY","",99998,32.27453611,-90.07445278,0,33,0,0,1,1,0,4,1,1,0,1,0,"0000000",99,98,99,98,88,88,0,0,0,1,0
28,280405,2,2,0,0,0,2,2,157,0,25,8,2016,5,15,31,0,1,4,1,3,"SR-563","",99998,31.22483333,-91.19241111,0,12,2,0,1,1,0,1,1,2,0,2,0,"0000000",99,99,99,99,99,99,0,0,0,1,0
28,280406,2,2,0,0,0,2,2,15,0,25,8,2016,5,19,53,1,1,3,1,2,"US-82","",99998,33.51028889,-90.09130278,0,12,1,0,1,1,0,1,5,1,0,1,0,"0000000",99,99,99,99,99,99,0,0,0,1,0
28,280407,1,1,0,1,1,1,1,45,0,26,8,2016,6,20,2,1,1,1,1,1,"I-10","",99998,30.32281667,-89.57366389,0,8,0,0,1,1,0,1,2,1,0,1,0,"0000000",99,99,99,99,99,99,0,0,0,1,0
28,280408,2,2,0,0,0,2,2,75,0,26,8,2016,6,20,9,0,1,3,1,3,"SR-19","CR-OTIS SEAL DR",99998,32.41164444,-88.77441944,0,12,6,0,2,2,0,1,2,1,0,1,0,"0000000",99,98,99,98,88,88,0,0,0,1,0
28,280409,1,1,0,1,1,1,1,49,1220,27,8,2016,7,1,50,0,1,7,1,6,"CS-MCCAINE AVE","",99998,32.31291111,-90.244625,0,8,0,0,1,1,0,1,3,1,0,1,0,"0000000",99,98,99,98,88,88,0,0,0,1,0
28,280410,2,2,0,0,0,5,5,151,990,27,8,2016,7,3,5,0,1,4,1,3,"SR-1","",99998,33.348775,-91.04174444,0,12,1,0,1,1,0,1,3,1,0,1,0,"0000000",99,99,99,99,99,99,0,0,0,1,0
28,280411,1,1,0,1,1,1,1,65,0,27,8,2016,7,21,4,0,1,4,1,3,"SR-42","",99998,31.54004444,-89.8063,0,8,0,0,1,1,0,1,2,1,0,1,0,"0000000",99,98,99,98,88,88,0,0,0,1,0