"STATE","ST_CASE","VE_TOTAL","VE_FORMS","PVH_INVL","PEDS","PERNOTMVIT","PERMVIT","PERSONS","COUNTY","CITY","DAY","MONTH","YEAR","DAY_WEEK","HOUR","MINUTE","NHS","RUR_URB","FUNC_SYS","RD_OWNER","ROUTE","TWAY_ID","TWAY_ID2","MILEPT","LATITUDE","LONGITUD","SP_JUR","HARM_EV","MAN_COLL","RELJCT1","RELJCT2","TYP_INT","WRK_ZONE","REL_ROAD","LGT_COND","WEATHER1","WEATHER2","WEATHER","SCH_BUS","RAIL","NOT_HOUR","NOT_MIN","ARR_HOUR","ARR_MIN","HOSP_HR","HOSP_MN","CF1","CF2","CF3","FATALS","DRUNK_DR"
28,280522,1,1,0,1,1,1,1,51,0,31,10,2016,2,2,2,1,1,3,1,2,"US-49","",99998,33.31891944,-90.23138889,0,8,0,0,1,1,0,1,2,1,0,1,0,"0000000",99,98,99,98,88,88,0,0,0,1,0
28,280523,2,2,0,0,0,2,2,49,1220,31,10,2016,2,14,34,0,1,4,1,3,"SR-18","",99998,32.26893056,-90.31969722,0,12,2,0,1,1,0,1,1,1,0,1,0,"0000000",99,99,99,99,99,99,0,0,0,1,0
28,280524,1,1,0,0,0,2,2,47,0,31,10,2016,2,20,46,0,1,6,2,4,"CR-FIRETOWER RD","",99998,30.43969444,-89.276125,0,35,0,0,1,1,0,4,2,1,0,1,0,"0000000",99,99,99,99,99,99,0,0,0,1,0
28,280525,1,1,0,0,0,1,1,85,0,1,11,2016,3,6,21,0,1,6,2,4,"CR-BOGUE CHITTO RD","",99998,31.43764444,-90.40568333,0,1,0,0,1,1,0,4,2,1,0,1,0,"0000000",6,21,6,36,88,88,0,0,0,1,0
28,280526,1,1,0,0,0,1,1,145,1740,1,11,2016,3,11,19,0,1,6,2,4,"CR-DAVIS RD","",99998,34.51874444,-89.02478889,0,42,0,0,1,1,0,4,1,1,0,1,0,"0000000",11,19,11,22,88,88,0,0,0,1,0
28,280527,1,1,0,0,0,3,3,29,0,1,11,2016,3,15,39,0,1,6,2,6,"CR-BEAUGARD RD","",99998,31.74984167,-90.28742778,0,34,0,0,1,1,0,4,1,1,0,1,0,"0000000",99,99,99,99,99,99,0,0,0,1,0
28,280528,2,2,0,0,0,2,2,93,0,1,11,2016,3,22,7,0,1,4,1,3,"SR-7","SR-4",99998,34.72795,-89.46395556,0,12,6,0,2,3,0,1,2,1,0,1,0,"0000000",99,98,99,98,88,88,0,0,0,1,0
28,280529,1,1,0,0,0,1,1,117,0,2,11,2016,4,12,43,1,1,3,1,2,"US-45","",99998,34.59825,-88.62634167,0,1,0,0,1,1,0,3,1,1,0,1,0,"0000000",99,98,99,98,88,88,0,0,0,1,0
28,280530,1,1,0,0,0,1,1,29,0,3,11,2016,5,5,0,1,1,1,1,1,"I-55","",99998,31.71052222,-90.44833056,0,42,0,0,1,1,0,3,2,1,0,1,0,"0000000",99,98,99,98,88,88,0,0,0,1,0
28,280531,1,1,0,1,1,1,1,161,0,4,11,2016,6,0,39,0,1,4,1,3,"SR-7","",99998,34.157725,-89.65437778,0,8,0,0,1,1,0,1,2,10,0,10,0,"0000000",99,98,99,98,88,88,0,0,0,1,0
28,280532,1,1,0,0,0,5,5,41,0,5,11,2016,7,2,51,0,1,4,1,3,"SR-63","",99998,31.12195,-88.49785,0,35,0,0,1,1,0,4,2,1,0,1,0,"0000000",99,99,99,99,99,99,0,0,0,1,0
28,280533,1,1,0,0,0,2,2,3,0,6,11,2016,1,1,7,0,1,6,2,4,"CR-611","",99998,34.91136389,-88.815825,0,35,0,0,1,1,0,4,2,1,0,1,0,"0000000",1,7,1,11,1,36,0,0,0,1,1
28,280534,3,3,0,0,0,8,8,107,120,6,11,2016,1,1,40,1,1,1,1,1,"I-55","",99998,34.29861667,-89.92097778,0,1,0,0,1,1,0,3,2,1,0,1,0,"0000000",99,99,99,99,99,99,0,0,0,2,0
28,280535,1,1,0,0,0,2,2,3,0,6,11,2016,1,4,51,0,1,4,1,3,"SR-2","",99998,34.88768889,-88.61182222,0,34,0,0,1,1,0,4,2,1,0,1,0,"0000000",4,51,5,13,5,44,0,0,0,1,0
28,280536,1,1,0,0,0,2,2,95,0,6,11,2016,1,7,20,1,1,3,1,2,"US-45","",99998,33.69804444,-88.66815278,0,1,0,0,1,1,0,4,1,1,0,1,0,"0000000",99,99,99,99,99,99,0,0,0,1,1
28,280537,1,1,0,1,1,1,1,59,0,6,11,2016,1,0,34,0,1,6,2,4,"CR-TUCKER RD","",99998,30.47211389,-88.84901667,0,8,0,0,1,1,0,1,2,1,0,1,0,"0000000",99,99,99,99,99,99,0,0,0,1,0
28,280538,2,2,0,0,0,3,3,99,0,7,11,2016,2,15,10,0,1,4,1,3,"SR-16","CR-WILLIS RD",99998,32.77197778,-89.20212778,0,12,6,0,2,2,0,1,1,10,0,10,0,"0000000",99,99,99,99,99,99,0,0,0,1,0
28,280539,1,1,0,0,0,2,2,139,0,7,11,2016,2,17,10,0,1,6,1,4,"CR-500","",99998,34.78668889,-88.80823056,0,38,0,0,1,1,0,4,2,1,0,1,0,"0000000",17,17,17,29,17,34,20,0,0,1,0
28,280540,2,2,0,0,0,2,2,59,0,8,11,2016,3,7,35,0,1,4,1,3,"SR-613","",99998,30.58538611,-88.48095833,0,12,2,0,1,1,0,1,1,2,10,2,0,"0000000",99,99,99,99,99,99,0,0,0,1,0
28,280541,1,1,0,0,0,1,1,161,0,8,11,2016,3,22,15,1,1,3,1,2,"US-51","",99998,34.01738056,-89.90777222,0,1,0,0,1,1,0,4,2,1,0,1,0,"0000000",99,98,99,98,88,88,0,0,0,1,0
28,280542,1,1,0,0,0,1,1,49,1220,9,11,2016,4,22,8,0,1,6,4,6,"CS-ROBINSON ST","",99998,32.30483889,-90.21849167,0,33,0,0,1,1,0,4,3,1,0,1,0,"0000000",99,98,99,98,88,88,0,0,0,1,0
28,280543,1,1,0,0,0,1,1,89,2130,10,11,2016,5,15,42,1,1,1,1,1,"I-220","",99998,32.41191944,-90.15065,0,59,0,0,1,1,0,3,1,1,0,1,0,"0000000",99,98,99,98,88,88,0,0,0,1,1
28,280544,2,2,0,0,0,3,3,107,0,12,11,2016,7,8,36,0,1,6,2,4,"CR-GOODHOPE RD","",99998,34.28581944,-89.86016944,0,12,2,0,1,1,0,1,1,1,0,1,0,"0000000",99,99,99,99,99,99,0,0,0,1,0
28,280545,2,2,0,0,0,14,14,101,460,31,10,2016,2,19,48,1,1,3,1,2,"US-80","",0,32.32591389,-88.94808333,0,12,1,0,1,1,0,1,2,1,0,1,0,"0000000",19,48,19,57,20,10,0,0,0,3,0
28,280546,3,3,0,0,0,7,7,51,0,12,11,2016,7,17,33,0,1,4,1,3,"SR-12","",99998,33.101525,-89.97096389,0,12,7,0,1,1,0,1,2,1,0,1,0,"0000000",99,99,99,99,99,99,0,0,0,1,1
28,280547,1,1,0,0,0,1,1,119,0,7,10,2016,6,14,21,0,1,4,1,3,"SR-315","",99998,34.43863611,-90.20033889,0,35,0,0,1,1,0,4,1,1,0,1,0,"0000000",99,98,99,98,88,88,0,0,0,1,1
28,280548,1,1,0,0,0,1,1,73,0,13,11,2016,1,13,55,0,1,4,1,3,"SR-42","",99998,31.41929167,-89.46902222,0,42,0,0,1,1,0,4,1,1,0,1,0,"0000000",99,98,99,98,88,88,0,0,0,1,0
28,280549,1,1,0,1,1,1,1,35,1050,14,11,2016,2,18,0,1,1,3,1,2,"US-49","",99998,31.23810278,-89.27280556,0,8,0,0,1,1,0,1,2,1,0,1,0,"0000000",99,98,99,98,88,88,0,0,0,1,0
28,280550,1,1,0,0,0,1,1,163,0,15,11,2016,3,22,27,0,1,4,1,3,"SR-433","",99998,32.64008889,-90.44867222,0,1,0,0,1,1,0,4,2,1,0,1,0,"0000000",99,98,99,98,88,88,0,0,0,1,0
28,280551,4,4,0,0,0,7,7,91,0,18,11,2016,6,14,6,0,1,4,1,3,"SR-13","",99998,31.12491667,-89.67306111,0,12,2,0,1,1,0,1,1,1,0,1,0,"0000000",99,99,99,99,99,99,0,0,0,1,0
28,280552,1,1,0,0,0,1,1,59,0,18,11,2016,6,16,48,0,1,4,1,3,"SR-57","",99998,30.66786389,-88.74753889,0,52,0,0,1,1,0,4,2,1,0,1,0,"0000000",16,48,17,8,88,88,0,0,0,1,0
28,280553,1,1,0,0,0,1,1,157,0,18,11,2016,6,18,9,1,1,3,1,2,"US-61","",99998,31.19811944,-91.28540556,0,1,0,0,1,1,0,3,2,1,0,1,0,"0000000",18,9,18,17,88,88,0,0,0,1,1
28,280554,1,1,0,0,0,1,1,107,0,19,11,2016,7,7,7,1,1,3,1,2,"US-51","",99998,34.34094444,-89.93790556,0,35,0,0,1,1,0,4,2,1,0,1,0,"0000000",99,99,99,99,99,99,0,0,0,1,0
28,280555,2,2,0,0,0,4,4,11,0,19,11,2016,7,16,19,0,1,3,1,3,"SR-8","CR-N BOLIVAR COUNTY RD",99998,33.73933611,-90.65899444,0,12,6,0,2,2,0,1,5,1,0,1,0,"0000000",99,99,99,99,99,99,0,0,0,2,0
28,280556,3,2,1,0,0,6,6,21,0,20,11,2016,1,5,16,1,1,3,1,2,"US-61","CR-CARROL ST",99998,31.95860278,-90.982325,0,12,6,0,2,2,0,1,1,1,0,1,0,"0000000",99,99,99,99,99,99,0,0,0,1,1
28,280557,1,1,0,0,0,2,2,121,1920,20,11,2016,1,5,58,1,1,1,1,1,"I-20","",99998,32.29235,-89.82888611,0,1,0,0,1,1,0,4,2,1,0,1,0,"0000000",99,98,99,98,88,88,0,0,0,1,0
28,280558,2,2,0,0,0,3,3,41,0,20,11,2016,1,10,50,0,1,3,1,3,"SR-57","CR-ROUNSEVILLE RD",99998,31.16514167,-88.50110833,0,12,6,0,2,2,0,1,1,1,0,1,0,"0000000",99,99,99,99,99,99,0,0,0,1,0
28,280559,2,2,0,0,0,2,2,67,0,21,11,2016,2,16,5,0,1,4,1,3,"SR-29","CR-FLOYD STRICKLAND RD",99998,31.54053056,-89.14428056,0,12,6,0,2,3,0,1,1,1,0,1,0,"0000000",99,99,99,99,99,99,0,0,0,1,0
28,280560,1,1,0,0,0,4,4,93,0,21,11,2016,2,23,6,0,1,6,2,4,"CR-BETHLEHEM RD","",99998,34.61509444,-89.41869167,0,42,0,0,1,1,0,4,2,1,0,1,0,"0000000",99,99,99,99,99,99,0,0,0,2,0
28,280561,1,1,0,0,0,1,1,67,0,22,11,2016,3,4,10,1,1,1,1,1,"I-59","",99998,31.50236389,-89.30458889,0,34,0,0,1,1,0,4,2,1,0,1,0,"0000000",99,99,99,99,99,99,0,0,0,1,0
28,280562,1,1,0,0,0,1,1,49,1220,22,11,2016,3,11,39,0,1,7,4,6,"CS-EAST RIVER PLACE","CS-OLD RIVER PLACE",99998,32.30827778,-90.160575,0,42,0,0,3,3,0,4,1,1,0,1,0,"0000000",99,98,99,98,88,88,0,0,0,1,0
28,280563,1,1,0,0,0,5,5,103,0,22,11,2016,3,18,11,0,1,6,2,4,"CR-490","",99998,33.05351944,-88.81085833,0,1,0,0,1,1,0,4,2,1,0,1,0,"0000000",18,17,18,40,19,24,0,0,0,1,0
28,280564,1,1,0,0,0,1,1,31,0,23,11,2016,4,6,29,0,1,4,1,3,"SR-588","",99998,31.61464444,-89.41203056,0,1,0,0,1,1,0,4,1,1,0,1,0,"0000000",99,98,99,98,88,88,0,0,0,1,0
28,280565,2,2,0,0,0,2,2,43,0,23,11,2016,4,18,44,0,1,6,2,4,"CR-GRAYSPORT CROSSING RD","",99998,33.75921389,-89.61531111,0,12,2,0,1,1,0,1,2,10,0,10,0,"0000000",99,99,99,99,99,99,0,0,0,1,0
28,280566,2,2,0,0,0,2,2,83,0,24,11,2016,5,1,17,0,1,3,1,2,"US-82","",99998,33.490575,-90.36096389,0,12,2,0,1,1,0,1,2,5,0,5,0,"0000000",99,98,99,98,88,88,0,0,0,1,0
28,280567,1,1,0,0,0,1,1,49,0,25,11,2016,6,13,46,1,1,3,1,2,"US-51","",99998,32.05503889,-90.33119722,0,34,0,0,1,1,0,4,1,1,0,1,0,"0000000",99,98,99,98,88,88,0,0,0,1,0
28,280568,1,1,0,0,0,2,2,153,0,27,11,2016,1,9,6,1,1,3,1,2,"US-45","",99998,31.5383,-88.52621667,0,59,0,0,1,1,0,4,1,1,0,1,0,"0000000",99,99,99,99,99,99,0,0,0,1,0
28,280569,1,1,0,0,0,1,1,113,0,27,11,2016,1,20,52,0,1,6,2,4,"CR-HAMP LEA","",99998,31.13146111,-90.48876389,0,53,0,0,1,1,0,4,2,1,0,1,0,"0000000",99,98,99,98,88,88,0,0,0,1,1
28,280570,2,2,0,0,0,3,3,5,0,28,11,2016,2,12,56,0,1,4,1,3,"SR-568","",99998,31.09707222,-90.55700278,0,12,2,0,1,1,0,1,1,10,0,10,0,"0000000",99,99,99,99,99,99,0,0,0,1,0
28,280571,1,1,0,0,0,3,3,135,0,28,11,2016,2,15,12,0,1,4,1,3,"SR-35","",99998,33.94069167,-90.07231944,0,43,0,0,1,1,0,4,1,2,0,2,0,"0000000",15,12,15,34,15,57,0,0,0,2,0
28,280572,2,2,0,0,0,5,5,153,0,28,11,2016,2,17,45,0,1,4,1,3,"SR-63","",99998,31.60053333,-88.67352778,0,12,2,0,1,1,0,1,2,10,0,10,0,"0000000",99,99,99,99,99,99,0,0,0,1,1
28,280573,2,2,0,0,0,2,2,35,0,29,11,2016,3,8,36,1,1,3,1,3,"SR-42","CR-MONROE RD",99998,31.36175833,-89.29915556,0,12,6,0,2,2,0,1,1,10,0,10,0,"0000000",99,99,99,99,99,99,0,0,0,1,0
28,280574,2,2,0,0,0,3,3,113,0,30,11,2016,4,10,29,1,1,3,1,2,"US-98","",99998,31.22685,-90.42923056,0,12,7,0,1,1,0,1,1,10,0,10,0,"0000000",99,99,99,99,99,99,0,0,0,1,0
28,280575,1,1,0,0,0,1,1,49,0,25,11,2016,6,22,4,0,1,6,2,4,"CR-GREEN GABLE RD","",99998,32.10821111,-90.31206111,0,38,0,0,1,1,0,4,2,1,0,1,0,"0000000",99,98,99,98,88,88,0,0,0,1,1
28,280576,1,1,0,0,0,1,1,65,0,19,7,2016,3,15,32,0,1,6,2,4,"CR-PROGRESS RD","",99998,31.58523056,-89.88229722,0,38,0,0,1,1,0,4,1,98,0,98,0,"0000000",99,99,99,99,99,99,0,0,0,1,0
28,280577,1,1,0,0,0,4,4,23,0,13,9,2016,3,17,33,0,1,6,2,4,"CR-240","",99998,31.90963889,-88.86120278,0,1,0,0,1,1,0,4,1,1,0,1,0,"0000000",99,99,99,99,99,99,0,0,0,1,0
28,280578,3,3,0,0,0,3,3,61,140,26,10,2016,4,12,7,0,1,4,1,3,"SR-15","",99998,31.95364722,-89.29075556,0,12,1,0,8,1,0,1,1,1,0,1,0,"0000000",99,99,99,99,99,99,0,0,0,1,0
28,280579,1,1,0,0,0,1,1,65,0,23,11,2016,4,21,25,0,1,6,2,4,"CR-CLEM RD","",99998,31.68671667,-89.78603611,0,42,0,0,1,1,0,4,2,10,0,10,0,"0000000",99,98,99,98,88,88,0,0,0,1,0
28,280580,1,1,0,0,0,1,1,7,0,5,9,2016,2,5,7,0,1,4,11,3,"SR-NATCHEZ TRACE PKWY","",99998,32.93241944,-89.61393056,1,35,0,0,1,1,0,4,2,1,0,1,0,"0000000",99,98,99,98,88,88,0,0,0,1,1
28,280581,2,2,0,0,0,3,3,49,0,11,10,2016,3,8,18,0,1,4,11,3,"SR-NATCHEZ TRACE PKWY","",99998,32.30167222,-90.39358333,1,12,2,0,1,1,0,1,1,1,0,1,0,"0000000",99,99,99,99,99,99,0,0,0,1,0
28,280582,1,1,0,0,0,2,2,25,0,1,12,2016,5,17,23,0,1,6,2,4,"CR-BRAND UNA RD","",99998,33.79633333,-88.75662222,0,34,0,0,1,1,0,4,2,1,0,1,0,"0000000",99,98,99,98,88,88,0,0,0,1,1
28,280583,2,2,0,0,0,2,2,53,0,2,12,2016,6,12,47,1,1,3,1,2,"US-49","",99998,33.10185833,-90.4997,0,12,1,0,1,1,0,1,1,1,0,1,0,"0000000",99,99,99,99,99,99,0,0,0,1,0
28,280584,2,2,0,0,0,3,3,81,1040,2,12,2016,6,20,34,1,1,3,1,2,"US-45","CR-ROBISON ST",99998,34.46001667,-88.667075,0,12,6,0,7,1,0,1,2,1,0,1,0,"0000000",20,37,20,48,88,88,0,0,0,2,0
28,280585,2,2,0,0,0,4,4,49,0,3,12,2016,7,17,13,0,1,4,1,3,"SR-18","",99998,32.24324167,-90.44056111,0,12,2,0,1,1,0,1,1,2,10,2,0,"0000000",99,99,99,99,99,99,0,0,0,1,0
28,280586,1,1,0,1,1,1,1,75,1590,3,12,2016,7,17,52,0,1,4,1,3,"SR-39","",99998,32.37434722,-88.68228889,0,8,0,0,1,1,0,1,3,2,10,2,0,"0000000",99,99,99,99,99,99,0,0,0,1,0
28,280587,2,2,0,0,0,3,3,113,0,4,12,2016,1,0,16,0,1,6,2,4,"CR-OSYKA PROGRESS RD","",99998,31.026025,-90.38322222,0,12,2,0,1,1,0,1,2,2,0,2,0,"0000000",99,99,99,99,99,99,0,0,0,2,0
28,280588,1,1,0,0,0,2,2,49,1220,4,12,2016,1,4,20,0,1,7,4,6,"CS-MCDOWELL RD","",99998,32.26848889,-90.2439,0,43,0,0,1,1,0,4,3,2,0,2,0,"0000000",99,99,99,99,99,99,0,0,0,1,0
28,280589,2,1,1,2,2,1,1,69,0,4,12,2016,1,17,30,0,1,4,1,3,"SR-39","",99998,32.63723611,-88.67737222,0,8,0,0,1,1,0,4,2,2,0,2,0,"0000000",17,40,17,54,88,88,23,0,0,3,1
28,280590,2,2,0,0,0,2,2,75,0,5,12,2016,2,11,9,1,1,3,1,2,"US-45","",99998,32.47915556,-88.60020833,0,12,1,0,1,1,0,1,1,10,0,10,0,"0000000",99,98,99,98,88,88,0,0,0,1,0
28,280591,3,3,0,0,0,3,3,93,0,5,12,2016,2,15,57,0,1,4,1,3,"SR-309","CR-DEER CREEK RD",99998,34.93336389,-89.68871944,0,12,1,0,3,3,0,1,1,2,0,2,0,"0000000",99,99,99,99,99,99,0,0,0,1,0
28,280592,1,1,0,0,0,2,2,59,0,18,9,2016,1,20,38,0,1,4,2,4,"CR-SEAMAN RD","",99998,30.51195,-88.78018333,0,42,0,0,1,1,0,4,2,1,0,1,0,"0000000",99,99,99,99,99,99,0,0,0,1,1
28,280593,1,1,0,0,0,1,1,39,0,7,12,2016,4,2,47,0,1,3,1,3,"SR-63","",99998,30.92199444,-88.62764722,0,43,0,0,1,1,0,4,2,10,0,10,0,"0000000",99,98,99,98,88,88,0,0,0,1,0
28,280594,1,1,0,0,0,1,1,73,0,7,12,2016,4,19,40,0,1,6,2,4,"CR-OLD SALT RD","",99998,31.36382222,-89.60089722,0,42,0,0,1,1,0,4,2,1,0,1,0,"0000000",99,98,99,98,88,88,0,0,0,1,0
28,280595,2,2,0,0,0,2,2,81,0,8,12,2016,5,19,9,0,1,6,2,4,"CR-300","",99998,34.11875833,-88.74683056,0,12,2,0,1,1,0,1,5,1,0,1,0,"0000000",99,99,99,99,99,99,0,0,0,1,0
28,280596,1,1,0,0,0,1,1,115,0,8,10,2016,7,19,49,0,1,6,2,4,"CR-CLAYTON RD","",99998,34.37285278,-88.99467778,0,34,0,0,1,1,0,4,2,1,0,1,0,"0000000",99,98,99,98,88,88,0,0,0,1,0
28,280597,1,1,0,0,0,3,3,75,0,9,12,2016,6,13,16,1,1,1,1,1,"I-59","",99998,32.34660556,-88.75856389,0,1,0,0,1,1,0,3,1,1,0,1,0,"0000000",13,17,13,22,13,51,0,0,0,2,0
28,280598,1,1,0,0,0,1,1,109,0,9,12,2016,6,21,40,0,1,4,1,3,"SR-43","",99998,30.586025,-89.75082778,0,32,0,0,1,1,0,4,2,1,0,1,0,"0000000",99,98,99,98,88,88,0,0,0,1,1
28,280599,2,2,0,0,0,2,2,95,10,10,12,2016,7,7,31,1,1,3,1,2,"US-45","CR-EAST COMMERCE ST",99998,33.82549444,-88.58495556,0,12,6,0,2,2,0,1,1,1,0,1,0,"0000000",99,98,99,98,88,88,0,0,0,1,0
28,280600,1,1,0,0,0,1,1,81,0,10,12,2016,7,18,40,0,1,4,1,3,"SR-371","",99998,34.20853333,-88.56161389,0,42,0,0,1,1,0,4,2,1,0,1,0,"0000000",18,40,18,48,88,88,0,0,0,1,0
28,280601,1,1,0,0,0,1,1,33,0,11,12,2016,1,2,46,0,1,6,2,4,"CR-MALONE RD","",99998,34.90060278,-89.91920556,0,53,0,0,1,1,0,4,2,1,0,1,0,"0000000",99,99,99,99,99,99,0,0,0,1,0
28,280602,1,1,0,0,0,2,2,89,0,11,12,2016,1,21,27,0,1,4,1,3,"SR-43","",99998,32.63166111,-89.98661944,0,11,0,0,1,1,0,1,2,1,0,1,0,"0000000",99,99,99,99,99,99,0,0,0,1,0
28,280603,1,1,0,0,0,1,1,75,0,11,12,2016,1,23,33,0,1,4,1,3,"SR-494","",99998,32.445425,-88.8317,0,31,0,0,1,1,0,4,2,1,0,1,0,"0000000",99,98,99,98,88,88,0,0,0,1,0
28,280604,1,1,0,0,0,1,1,59,0,12,12,2016,2,17,0,0,1,4,1,3,"SR-613","",99998,30.46608056,-88.54477778,0,30,0,0,1,1,0,4,1,1,0,1,0,"0000000",99,98,99,98,88,88,0,0,0,1,0
28,280605,1,1,0,0,0,4,4,65,0,12,12,2016,2,20,56,0,1,6,2,4,"CR-N WILLIAMSBURG RD","",99998,31.5102,-89.72082778,0,1,0,0,1,1,0,4,2,2,10,2,0,"0000000",99,99,99,99,99,99,0,0,0,1,0
28,280606,2,2,0,0,0,2,2,75,0,13,12,2016,3,5,57,0,1,4,1,3,"SR-854","CR-SOULE CHAPEL RD",99998,32.536025,-88.616075,0,12,6,0,2,2,0,1,2,5,0,5,0,"0000000",99,99,99,99,99,99,0,0,0,1,0
28,280607,2,2,0,0,0,2,2,115,0,15,12,2016,5,17,11,1,1,3,1,2,"US-278","CR-BEULAH GROVE",99998,34.28222222,-89.05315833,0,12,6,0,2,2,0,1,2,1,0,1,0,"0000000",99,99,99,99,99,99,0,0,0,1,0
28,280608,1,1,0,0,0,1,1,121,1918,17,12,2016,7,6,54,1,1,1,1,1,"I-20","",99998,32.26686944,-90.10693611,0,42,0,0,1,1,0,4,2,10,0,10,0,"0000000",99,98,99,98,88,88,0,0,0,1,0
28,280609,1,1,0,0,0,1,1,27,0,17,12,2016,7,13,48,0,1,6,2,4,"CR-NEW AFRICA RD","",99998,34.07525278,-90.66708611,0,1,0,0,1,1,0,4,1,10,0,10,0,"0000000",99,99,99,99,99,99,0,0,0,1,0
28,280610,1,1,0,1,1,1,1,49,1220,17,12,2016,7,17,27,0,2,7,4,6,"CS-WATKINS DR","",99998,32.36003889,-90.19273056,0,8,0,0,1,1,0,1,5,1,0,1,0,"0000000",99,99,99,99,99,99,0,0,0,1,0
28,280611,2,2,0,0,0,3,3,59,0,17,12,2016,7,20,58,0,1,4,1,3,"SR-57","CR-SUNPLEX RD",99998,30.42618333,-88.71537778,0,12,6,0,2,3,0,1,2,10,0,10,0,"0000000",99,99,99,99,99,99,0,0,0,1,0
28,280612,2,2,0,0,0,4,4,11,0,18,12,2016,1,14,58,1,1,3,1,2,"US-61","",99998,33.68068056,-90.72281111,0,12,2,0,1,1,0,1,1,10,0,10,0,"0000000",99,99,99,99,99,99,0,0,0,1,0
28,280613,1,1,0,0,0,1,1,107,0,19,12,2016,2,2,23,0,1,4,1,3,"SR-315","",99998,34.44529722,-89.86942778,0,42,0,0,1,1,0,4,2,10,0,10,0,"0000000",99,98,99,98,88,88,0,0,0,1,0
28,280614,5,5,0,0,0,6,6,89,1500,21,12,2016,4,22,21,1,1,1,1,1,"I-55","",99998,32.46463333,-90.13809167,0,12,2,0,1,1,0,1,3,1,0,1,0,"0000000",22,22,22,24,22,31,0,0,0,1,0
28,280615,1,1,0,0,0,1,1,125,0,25,11,2016,6,17,42,1,1,3,1,2,"US-61","",99998,33.09691667,-90.88205,0,34,0,0,1,1,0,4,2,1,0,1,0,"0000000",99,99,99,99,99,99,0,0,0,1,0
28,280616,1,1,0,0,0,2,2,25,2810,22,12,2016,5,7,35,0,1,4,1,3,"SR-45 ALTERNATE","",99998,33.58494167,-88.65877222,0,31,0,0,1,1,0,4,1,1,0,1,0,"0000000",99,99,99,99,99,99,0,0,0,1,0
28,280617,1,1,0,0,0,1,1,59,0,23,12,2016,6,21,12,0,1,6,2,4,"CR-OLD BILOXI RD","",99998,30.635125,-88.84440833,0,42,0,0,1,1,0,4,2,5,0,5,0,"0000000",99,99,99,99,99,99,0,0,0,1,0
28,280618,1,1,0,0,0,2,2,81,0,24,12,2016,7,0,45,0,1,4,1,3,"SR-371","",99998,34.19956389,-88.56183333,0,18,0,0,1,1,0,4,2,1,0,1,0,"0000000",99,98,99,98,88,88,0,0,0,2,0
28,280619,1,1,0,1,1,1,1,33,0,24,12,2016,7,17,0,1,1,3,1,2,"US-78","",99998,34.90123056,-89.7491,0,8,0,0,1,1,0,1,2,10,0,10,0,"0000000",99,98,99,98,88,88,0,0,0,1,0
28,280620,1,1,0,0,0,4,4,81,2610,24,12,2016,7,22,4,0,1,7,4,6,"CS-BEECH SPRINGS","",99998,34.310575,-88.707075,0,1,0,0,1,1,0,4,2,1,0,1,0,"0000000",22,7,22,10,22,38,0,0,0,1,0
28,280621,2,2,0,0,0,2,2,49,1220,26,12,2016,2,7,27,0,2,7,4,6,"CS-W WOODROW WILSON AVE","",99998,32.32396111,-90.22073611,0,12,2,0,1,1,0,1,1,1,0,1,0,"0000000",99,99,99,99,99,99,0,0,0,1,0
28,280622,1,1,0,0,0,3,3,99,0,27,12,2016,3,2,41,0,1,6,2,4,"CR-573","",99998,32.86583889,-89.09066667,0,1,0,0,1,1,0,4,2,10,0,10,0,"0000000",99,99,99,99,99,99,0,0,0,1,0
28,280623,2,2,0,0,0,3,3,97,2830,27,12,2016,3,15,5,1,1,3,1,2,"US-82","CR-GREENSBORO ST",99998,33.49413889,-89.71259722,0,12,6,0,2,2,0,1,1,1,0,1,0,"0000000",99,99,99,99,99,99,0,0,0,1,0
28,280624,1,1,0,0,0,1,1,117,0,27,12,2016,3,21,3,0,1,6,2,4,"CR-7301","",99998,34.67415833,-88.68347778,0,1,0,0,1,1,0,4,2,1,0,1,0,"0000000",99,98,99,98,88,88,0,0,0,1,0
28,280625,1,1,0,0,0,1,1,25,0,28,12,2016,4,15,13,0,1,6,1,3,"SR-50","",99998,33.59281389,-89.01860833,0,34,0,0,1,1,0,4,1,10,0,10,0,"0000000",99,99,99,99,99,99,0,0,0,1,0
28,280626,1,1,0,0,0,1,1,131,2820,30,12,2016,6,13,53,0,1,7,4,6,"CS-MCGREGOR ST","",99998,30.84597778,-89.12130278,0,42,0,0,1,1,0,4,1,10,0,10,0,"0000000",99,98,99,98,88,88,0,0,0,1,1
28,280627,2,2,0,0,0,4,4,95,0,30,12,2016,6,16,27,0,1,6,2,4,"CR-CENTRAL GROVE RD","",99998,34.02298611,-88.62698611,0,12,2,0,1,1,0,1,1,1,0,1,0,"0000000",16,38,16,40,17,2,0,0,0,1,0
28,280628,2,2,0,0,0,3,3,93,0,30,12,2016,6,18,13,0,1,6,2,4,"CR-WALL HILL RD","",99998,34.71445278,-89.69806944,0,12,2,0,1,1,0,1,2,1,0,1,0,"0000000",99,99,99,99,99,99,0,0,0,1,1