"STATE","ST_CASE","VE_TOTAL","VE_FORMS","PVH_INVL","PEDS","PERNOTMVIT","PERMVIT","PERSONS","COUNTY","CITY","DAY","MONTH","YEAR","DAY_WEEK","HOUR","MINUTE","NHS","RUR_URB","FUNC_SYS","RD_OWNER","ROUTE","TWAY_ID","TWAY_ID2","MILEPT","LATITUDE","LONGITUD","SP_JUR","HARM_EV","MAN_COLL","RELJCT1","RELJCT2","TYP_INT","WRK_ZONE","REL_ROAD","LGT_COND","WEATHER1","WEATHER2","WEATHER","SCH_BUS","RAIL","NOT_HOUR","NOT_MIN","ARR_HOUR","ARR_MIN","HOSP_HR","HOSP_MN","CF1","CF2","CF3","FATALS","DRUNK_DR"
30,300109,1,1,0,0,0,1,1,111,100,12,8,2016,6,1,36,0,2,3,4,6,"GRAND AVENUE","ZIMMERMAN TRAIL",0,45.78409444,-108.600725,0,33,0,0,3,6,1,8,2,1,0,1,0,"0000000",1,37,1,39,88,88,0,0,0,1,1
30,300110,1,1,0,0,0,2,2,13,0,12,8,2016,6,11,0,0,1,4,1,2,"US-89","",648,47.26058889,-110.91458333,0,11,0,0,1,1,0,1,1,1,0,1,0,"0000000",11,6,11,22,88,88,0,0,0,2,0
30,300111,2,2,0,0,0,2,2,101,0,12,8,2016,6,10,10,0,1,7,2,4,"CR-PONDERA SCHOOL ROAD","",0,48.26300556,-111.48440556,0,12,2,0,8,1,0,1,1,1,0,1,0,"0000000",10,21,10,49,88,88,0,0,0,1,0
30,300112,2,2,0,0,0,3,3,31,0,12,8,2016,6,9,16,0,1,6,2,4,"CR-BAXTER LANE","",0,45.70010833,-111.171875,0,54,11,0,1,1,0,1,1,1,0,1,0,"0000000",9,17,9,27,9,54,14,0,0,1,0
30,300113,1,1,0,0,0,1,1,85,0,26,6,2016,1,18,0,1,1,3,1,2,"US-2","",6595,48.14746111,-104.22475556,0,35,0,0,1,1,0,4,9,99,0,99,0,"0000000",88,88,88,88,88,88,0,0,0,1,0
30,300114,1,1,0,0,0,3,3,67,0,21,8,2016,1,0,1,0,1,7,2,4,"CR-OREA CREEK ROAD","",0,45.68713611,-110.71503889,0,38,0,0,1,1,0,4,2,1,0,1,0,"0000000",2,25,2,47,3,19,0,0,0,2,1
30,300115,1,1,0,0,0,1,1,53,0,15,8,2016,2,21,0,0,1,4,1,3,"SR-MT-56 MM29.3","",293,48.377725,-115.83395,0,11,0,0,1,1,0,1,5,1,0,1,0,"0000000",21,1,21,11,22,58,0,0,0,1,0
30,300116,1,1,0,0,0,1,1,35,0,24,8,2016,4,12,30,0,1,5,2,3,"SR-464","",203,48.81116389,-113.18960833,3,38,0,0,1,1,0,5,1,10,0,10,0,"0000000",13,9,13,21,88,88,0,0,0,1,1
30,300117,1,1,0,0,0,1,1,65,0,27,8,2016,7,14,15,1,1,3,1,2,"US-87","CR- OLD DIVIDE ROAD",300,46.20155833,-108.45149722,0,35,0,0,3,3,0,4,1,10,0,10,0,"0000000",14,18,14,37,88,88,0,0,0,1,0
30,300118,1,1,0,0,0,7,7,3,0,27,8,2016,7,16,15,0,1,5,1,4,"CR-MT-313 MM 12.8 SB","",128,45.58061667,-107.66111389,3,5,0,0,1,1,0,1,1,1,0,1,0,"0000000",16,23,16,32,88,88,0,0,0,1,0
30,300119,1,1,0,0,0,2,2,99,0,25,8,2016,5,20,13,0,1,7,2,4,"CR-1ST ROAD NW","",0,47.61879444,-112.01196389,0,38,0,0,1,1,0,4,5,10,0,10,0,"0000000",20,18,20,25,21,30,0,0,0,1,0
30,300120,1,1,0,0,0,1,1,49,0,22,8,2016,2,22,0,0,1,7,2,4,"CR-NELSON ROAD","",41,46.76346111,-111.78625,0,17,0,0,1,1,0,4,2,1,0,1,0,"0000000",22,22,22,43,0,1,0,0,0,1,1
30,300121,1,1,0,0,0,2,2,71,0,30,8,2016,3,23,30,0,1,5,1,3,"SR-243","",9,48.47995,-107.54268333,0,31,0,0,1,1,0,4,2,1,0,1,0,"0000000",3,24,3,39,88,88,0,0,0,1,1
30,300122,2,2,0,0,0,4,4,87,0,1,9,2016,5,13,15,1,1,3,1,2,"US-212 MM 40.9","",409,45.61812222,-106.68774444,3,12,2,0,1,1,0,1,1,1,0,1,0,"0000000",88,88,88,88,88,88,0,0,0,1,1
30,300123,1,1,0,0,0,3,3,31,130,1,9,2016,5,22,2,1,2,3,1,3,"SR-FRONTAGE ROAD/EAST MAIN ST","",0,45.67522222,-111.01003889,0,52,0,1,19,1,0,4,3,10,0,10,0,"0000000",22,2,22,22,22,37,0,0,0,1,0
30,300124,1,1,0,0,0,1,1,13,0,4,9,2016,1,4,30,0,1,7,2,5,"CR-VINEYARD ROAD","",0,47.59151667,-111.32783056,0,35,0,0,1,1,0,4,2,10,0,10,0,"0000000",7,2,7,16,88,88,0,0,0,1,1
30,300125,1,1,0,0,0,2,2,27,0,4,9,2016,1,12,31,1,1,3,1,2,"US-191 MM23.4","GARNIELL LOOP ROAD",234,46.75185833,-109.75133333,0,35,0,0,3,3,0,4,1,2,0,2,0,"0000000",12,44,12,56,13,40,0,0,0,1,0
30,300126,1,1,0,0,0,1,1,1,0,4,9,2016,1,14,55,0,1,4,1,3,"SR-43","",79,45.65648056,-113.80602222,0,11,0,0,1,1,0,1,1,10,0,10,0,"0000000",15,14,15,45,88,88,0,0,0,1,0
30,300127,1,1,0,0,0,1,1,59,0,4,9,2016,1,21,30,0,1,5,1,4,"CR-294","US-12",0,46.48704167,-110.30598333,0,1,0,0,3,3,0,1,2,2,5,2,0,"0000000",22,9,22,23,99,99,0,0,0,1,1
30,300128,1,1,0,0,0,3,3,63,0,8,9,2016,5,4,17,1,1,1,1,1,"I-90 W","",1164,46.81184722,-113.78790556,0,1,0,0,1,1,0,1,2,10,0,10,0,"0000000",4,19,4,35,5,0,0,0,0,2,1
30,300129,1,1,0,0,0,4,4,63,0,9,9,2016,6,13,23,1,1,1,1,1,"I-90 E","",1159,46.81154167,-113.78773611,0,1,0,0,1,1,0,3,1,1,0,1,0,"0000000",13,22,13,33,14,1,0,0,0,1,0
30,300130,2,2,0,0,0,5,5,3,175,10,9,2016,7,12,50,1,2,3,1,2,"US-212 MM 25.1","",251,45.52961667,-106.958875,3,12,6,0,8,1,0,1,1,1,0,1,0,"0000000",12,54,13,14,15,3,0,0,0,2,1
30,300131,1,1,0,0,0,2,2,29,0,11,9,2016,1,20,25,0,1,3,1,3,"SR-35","",461,48.22566667,-114.19077222,0,1,0,0,1,1,0,4,2,10,0,10,0,"0000000",20,31,20,38,21,23,0,0,0,1,0
30,300132,2,2,0,0,0,2,2,43,0,9,9,2016,6,6,25,1,1,1,1,1,"I-90 MM 238.8","",2388,45.91086667,-112.30185,0,12,1,0,1,1,0,1,4,1,0,1,0,"0000000",6,31,6,49,7,45,0,0,0,1,1
30,300133,1,1,0,0,0,1,1,35,0,15,9,2016,5,17,38,0,1,4,1,2,"US-89","",253,48.68679444,-113.36060278,0,1,0,0,1,1,0,4,1,1,0,1,0,"0000000",17,47,18,5,88,88,0,0,0,1,1
30,300134,2,2,0,0,0,2,2,45,0,18,9,2016,1,11,36,1,1,3,1,2,"US-87","",642,46.98477222,-109.75610556,0,12,1,0,1,1,0,1,1,1,0,1,0,"0000000",11,39,11,50,12,42,0,0,0,1,0
30,300135,2,2,0,0,0,2,2,63,0,17,9,2016,7,14,45,1,1,3,1,3,"SR-200 MM 29.9","",299,46.98552222,-113.40119444,0,12,8,0,1,1,0,1,1,10,0,10,0,"0000000",14,48,15,11,15,59,0,0,0,1,0
30,300136,2,2,0,0,0,2,2,63,0,19,9,2016,2,21,5,1,1,3,1,3,"SR-200 MM 17.0","",170,46.88561944,-113.56995,0,12,2,0,1,1,0,1,2,1,0,1,0,"0000000",21,8,21,19,22,6,0,0,0,1,0
30,300137,1,1,0,0,0,1,1,79,0,16,9,2016,6,15,0,1,1,1,1,1,"I-94","",1849,46.69233333,-105.45161389,0,38,0,0,1,1,0,5,1,1,0,1,0,"0000000",15,10,15,24,15,41,0,0,0,1,0
30,300138,1,1,0,0,0,2,2,21,0,22,9,2016,5,13,52,1,1,1,1,1,"I-94 E","",2069,47.03929167,-104.81140556,0,1,0,0,1,1,0,3,1,10,0,10,0,"0000000",13,52,14,6,14,20,0,0,0,1,0
30,300139,2,2,0,0,0,2,2,111,0,26,9,2016,2,6,36,0,2,4,2,4,"CR- SOUTH FRONTAGE ROAD MM3.4","",34,45.72636667,-108.61516944,0,12,8,0,1,1,0,1,2,1,0,1,0,"0000000",6,38,6,44,88,88,0,0,0,1,0
30,300140,1,1,0,0,0,3,3,1,0,17,9,2016,7,17,30,0,1,7,2,4,"CR-MUSSIGBROD ROAD","",0,45.75913333,-113.55930278,0,5,0,0,1,1,0,1,1,10,0,10,0,"0000000",88,88,88,88,88,88,0,0,0,1,0
30,300141,1,1,0,0,0,1,1,39,0,1,10,2016,7,10,45,0,1,5,1,3,"SR-348 MM 8.9","",89,46.34784722,-113.450825,0,24,0,0,1,1,0,4,1,10,0,10,0,"0000000",11,14,99,99,99,99,0,0,0,1,0
30,300142,2,2,0,0,0,3,3,29,0,1,10,2016,7,13,13,0,1,5,1,3,"SR-424","CR-WEST VALLEY DRIVE",0,48.22576389,-114.39473056,0,12,6,0,2,2,0,1,1,10,0,10,0,"0000000",13,22,13,29,14,14,0,0,0,1,0
30,300143,3,3,0,0,0,5,5,31,0,8,10,2016,7,16,58,1,2,1,1,1,"I-90 MM295.1","",2951,45.8004,-111.22693333,0,12,6,0,1,1,0,1,1,1,0,1,0,"0000000",16,59,17,10,17,57,0,0,0,1,1
30,300144,1,1,0,0,0,2,2,85,0,5,10,2016,4,0,10,0,1,5,1,3,"SR-250","",11,48.10421111,-105.66871389,3,38,0,0,1,1,0,5,2,10,0,10,0,"0000000",0,16,0,26,0,44,0,0,0,1,1
30,300145,1,1,0,0,0,2,2,1,0,9,10,2016,1,2,30,0,1,5,1,3,"SR-278 MM11.3","",113,45.43793056,-113.11483889,0,17,0,0,1,1,0,5,2,10,0,10,0,"0000000",2,52,3,42,4,19,0,0,0,1,1
30,300146,2,2,0,0,0,5,5,31,0,11,10,2016,3,7,15,1,1,1,1,1,"I-90","",2802,45.895825,-111.49685,0,1,0,0,1,1,0,3,1,10,0,10,0,"0000000",7,19,8,15,8,33,0,0,0,1,0
30,300147,1,1,0,0,0,2,2,49,0,19,10,2016,4,18,50,0,1,7,2,4,"CR- DRY GULCH ROAD","CR - ARASTRA GULCH ROAD",20,46.546875,-112.05789722,0,3,0,0,3,3,0,5,5,10,0,10,0,"0000000",18,59,19,12,19,51,0,0,0,1,1
30,300148,1,1,0,0,0,2,2,27,0,23,10,2016,1,10,15,1,1,3,1,2,"US-87","",1074,47.04794167,-108.91948056,0,18,0,0,1,1,0,1,1,1,0,1,0,"0000000",10,15,10,29,12,22,0,0,0,1,1
30,300149,1,1,0,0,0,1,1,47,0,26,10,2016,4,15,30,0,1,4,1,3,"SR-83 MM50.2","",502,47.632725,-113.77419167,0,1,0,0,1,1,0,1,1,10,0,10,0,"0000000",15,35,15,47,88,88,0,0,0,1,1
30,300150,1,1,0,0,0,1,1,63,0,16,10,2016,1,18,44,0,2,4,1,5,"CR-OLD HIGHWAY 200","CLYDE STREET",0,46.87356667,-113.94460833,0,17,0,0,3,3,0,4,5,1,0,1,0,"0000000",18,46,18,48,19,19,0,0,0,1,0
30,300151,1,1,0,1,1,1,1,111,100,3,11,2016,5,21,41,0,2,3,4,6,"N 27TH ST","7TH AVE N",0,45.78789167,-108.50961389,0,8,0,0,3,2,0,1,3,1,0,1,0,"0000000",21,42,21,45,22,6,0,0,0,1,0
30,300152,1,1,0,0,0,1,1,3,0,5,11,2016,7,17,35,1,1,1,1,1,"I-90 E","",5019,45.70735833,-107.52982778,0,38,0,0,1,1,0,4,2,1,0,1,0,"0000000",17,38,17,47,88,88,0,0,0,1,1
30,300153,1,1,0,0,0,3,3,77,0,6,11,2016,1,0,15,1,1,1,1,1,"I-90","",1634,46.60704167,-112.98261667,0,31,0,0,1,1,0,5,2,1,0,1,0,"0000000",0,29,0,59,1,36,0,0,0,1,0
30,300154,1,1,0,0,0,1,1,89,0,7,11,2016,2,0,14,0,1,4,1,3,"SR-56","",26,48.060525,-115.82398333,0,42,0,0,1,1,0,4,2,10,0,10,0,"0000000",0,10,0,33,88,88,0,0,0,1,1
30,300155,2,2,0,0,0,3,3,63,0,29,10,2016,7,16,32,0,1,3,1,2,"US-10","",0,46.91316389,-114.067275,0,12,2,0,1,1,0,1,1,10,0,10,0,"0000000",16,33,16,39,88,88,0,0,0,3,1
30,300156,1,1,0,0,0,1,1,29,0,8,11,2016,3,0,30,0,1,7,3,6,"OLD SPOTTED BEAR ROAD WB","",0,48.39376944,-114.03856944,0,1,0,0,8,1,0,5,2,5,0,5,0,"0000000",7,34,7,43,88,88,0,0,0,1,0
30,300157,1,1,0,0,0,1,1,35,0,9,11,2016,4,5,0,0,1,5,50,3,"SR-BIA ROUTE 1","",129,48.31685556,-112.93289444,3,1,0,0,1,1,0,1,2,1,0,1,0,"0000000",7,14,7,37,88,88,0,0,0,1,1
30,300158,1,1,0,0,0,1,1,35,0,12,11,2016,7,14,30,0,1,7,2,4,"CR-LIVERMORE TRUCK TRAIL","",0,48.79249167,-113.22875556,3,1,0,0,1,1,0,4,1,10,0,10,0,"0000000",14,48,15,2,88,88,0,0,0,1,1
30,300159,3,3,0,0,0,7,7,29,0,12,11,2016,7,18,16,1,1,3,1,2,"US-2","",1050,48.10066389,-114.56619722,0,12,1,0,1,1,0,1,2,10,0,10,0,"0000000",18,17,18,33,19,23,0,0,0,3,1
30,300160,1,1,0,0,0,1,1,85,1300,11,11,2016,6,18,55,0,2,7,4,6,"4TH AVENUE EAST","ANACONDA ST",0,48.09032222,-105.63063333,0,1,0,0,2,2,0,1,2,1,0,1,0,"0000000",18,50,18,57,19,12,0,0,0,1,1
30,300161,1,1,0,0,0,1,1,23,0,15,11,2016,3,0,10,1,1,1,1,1,"I-90 W","",2090,46.07817222,-112.78686944,0,1,0,0,1,1,0,3,2,1,0,1,0,"0000000",0,19,0,32,88,88,0,0,0,1,0
30,300162,2,2,0,0,0,2,2,83,0,15,11,2016,3,17,8,0,1,3,1,3,"SR-16","CR-110",353,47.59144444,-104.24816667,0,12,2,0,3,2,0,1,2,1,0,1,0,"0000000",17,11,17,19,17,40,0,0,0,1,1
30,300163,1,1,0,0,0,1,1,63,0,17,11,2016,5,6,12,0,1,4,1,3,"SR-MT HWY 83 25.1","",251,47.31211111,-113.576675,0,1,0,0,1,1,0,4,1,10,0,10,0,"0000000",6,14,6,33,99,99,0,0,0,1,0
30,300164,1,1,0,0,0,1,1,13,0,13,11,2016,1,22,12,1,1,3,1,2,"US-87","",138,47.67161111,-111.17008889,0,1,0,0,1,1,0,4,2,1,0,1,0,"0000000",22,47,23,2,23,33,0,0,0,1,1
30,300165,1,1,0,1,1,2,2,47,0,24,11,2016,5,16,10,0,1,7,2,5,"SPIKE COURT ST","",0,47.60824167,-114.11027222,3,9,0,0,8,1,0,1,1,10,0,10,0,"0000000",16,14,16,21,88,88,0,0,0,1,0
30,300166,1,1,0,0,0,2,2,61,0,26,11,2016,7,3,8,1,1,1,1,1,"I-90 W","",628,47.01595,-114.73386111,0,1,0,0,1,1,0,1,2,1,0,1,0,"0000000",3,14,3,39,4,37,0,0,0,1,0
30,300167,1,1,0,0,0,1,1,69,0,10,12,2016,7,1,30,1,1,3,1,3,"SR-200","",1533,47.00130556,-107.991475,0,1,0,0,1,1,0,4,2,10,0,10,0,"0000000",88,88,88,88,88,88,0,0,0,1,1
30,300168,1,1,0,0,0,3,3,35,0,11,12,2016,1,0,52,1,1,3,1,2,"US-2","",2146,48.48709722,-113.13156111,3,31,0,0,1,1,0,4,2,4,0,4,0,"0000000",0,56,1,7,99,99,0,0,0,1,1
30,300169,1,1,0,1,1,4,4,89,0,23,12,2016,6,21,20,0,1,3,1,3,"SR-200","",800,47.41548333,-114.83181111,0,8,0,0,1,1,0,1,2,10,0,10,0,"0000000",21,26,21,33,21,46,19,0,0,1,0
30,300170,2,2,0,0,0,2,2,47,0,23,12,2016,6,15,54,1,1,3,1,2,"US-93","",402,47.43071667,-114.09692778,3,12,2,0,1,1,0,1,1,4,0,4,0,"0000000",15,53,16,1,16,41,0,0,0,1,0
30,300171,2,2,0,0,0,3,3,63,0,29,12,2016,5,15,0,1,1,3,1,2,"US-93","",774,46.66962222,-114.07616389,0,12,2,0,1,1,0,1,1,1,0,1,0,"0000000",15,2,15,12,88,88,0,0,0,3,0
31,310001,1,1,0,0,0,4,4,111,0,3,1,2016,1,2,8,0,1,7,2,4,"CR-EAST ROLLING HILLS ROAD","",0,41.19683611,-100.66008333,0,35,0,0,1,1,0,4,2,1,0,1,0,"0000000",2,18,2,29,3,19,0,0,0,1,1
31,310002,1,1,0,0,0,1,1,87,0,8,1,2016,6,7,55,1,1,3,1,2,"US-34","",450,40.12930556,-101.28652778,0,32,0,0,1,1,0,4,2,10,0,10,0,"0000000",7,59,8,12,8,45,0,0,0,1,0
31,310003,2,2,0,0,0,2,2,37,0,12,1,2016,3,7,11,1,1,3,1,2,"US-30","",4040,41.46695556,-96.92384444,0,11,0,0,1,1,0,1,2,8,0,8,0,"0000000",7,14,7,32,8,11,0,0,0,1,0
31,310004,1,1,0,1,1,1,1,55,3620,13,1,2016,4,17,56,0,2,3,4,6,"N 72ND ST","",0,41.28075556,-96.02386111,0,8,0,0,1,1,0,1,3,10,0,10,0,"0000000",17,57,18,1,99,99,0,0,0,1,0
31,310005,1,1,0,0,0,1,1,109,2830,16,1,2016,7,99,99,0,2,7,4,6,"ADAMS ST","",0,40.84261944,-96.66879722,0,33,0,0,1,1,0,4,3,1,0,1,0,"0000000",1,42,1,49,88,88,0,0,0,1,1
31,310006,1,1,0,0,0,3,3,13,0,17,1,2016,1,15,0,0,1,7,2,4,"CR-PERKINS RD","",0,42.089625,-103.17453889,0,1,0,0,1,1,0,1,1,1,0,1,0,"0000000",99,99,99,99,99,99,0,0,0,1,0
31,310007,2,2,0,0,0,6,6,3,0,20,1,2016,4,11,7,0,1,4,2,4,"CR-527TH AVE","",0,42.05179444,-97.96913611,0,12,2,0,1,1,0,1,1,1,0,1,0,"0000000",11,13,11,29,11,50,0,0,0,1,0
31,310008,3,3,0,0,0,4,4,55,3620,6,1,2016,4,20,22,0,2,7,4,6,"AMES AVE","",0,41.299475,-96.02244444,0,12,2,0,1,1,0,1,3,2,10,2,0,"0000000",20,47,20,50,21,5,0,0,0,1,1
31,310009,2,2,0,0,0,4,4,79,0,21,1,2016,5,5,30,1,1,3,1,3,"SR-2","",3483,40.9803,-98.52149722,0,12,2,0,1,1,0,1,3,4,0,4,0,"0000000",5,37,5,54,6,28,0,0,0,1,0
31,310010,1,1,0,0,0,1,1,121,0,26,1,2016,3,9,38,0,1,4,2,4,"CR-19TH ROAD","",0,41.15129444,-97.94416667,0,10,0,0,6,1,0,1,1,1,0,1,0,"817575G",88,88,88,88,88,88,0,0,0,1,0
31,310011,2,2,0,0,0,3,3,155,0,24,1,2016,1,9,57,1,1,3,1,2,"US-77","SR-92",923,41.20611944,-96.63629722,0,12,6,0,2,2,0,1,1,1,0,1,0,"0000000",9,59,10,5,10,15,0,0,0,2,0
31,310012,2,2,0,0,0,2,2,139,0,29,1,2016,6,12,55,1,1,3,1,2,"US-81","",1792,42.35756389,-97.42624167,0,12,6,0,8,1,0,1,1,1,0,1,0,"0000000",88,88,88,88,88,88,0,0,0,1,0
31,310013,1,1,0,1,1,1,1,43,0,28,1,2016,5,99,99,0,1,4,2,4,"CR-ATOKAD DRIVE","",0,42.43912222,-96.433175,0,8,0,0,1,1,0,1,2,1,0,1,0,"0000000",99,99,99,97,99,97,0,0,0,1,0
31,310014,1,1,0,0,0,1,1,173,0,2,2,2016,3,99,99,0,1,4,1,2,"US-75","",1570,42.09623889,-96.33243611,0,1,0,0,1,1,0,4,2,10,0,10,0,"0000000",88,88,88,88,88,88,0,0,0,1,1
31,310015,1,1,0,0,0,2,2,81,0,12,2,2016,6,23,42,0,1,7,2,4,"CR-14 ROAD","",0,40.88691389,-98.11347222,0,26,0,0,1,1,0,4,2,1,0,1,0,"0000000",23,52,99,99,99,99,0,0,0,1,1
31,310016,1,1,0,0,0,1,1,99,0,17,2,2016,4,99,99,0,1,7,2,4,"CR-R ROAD","",0,40.58258056,-98.8951,0,24,0,0,1,1,0,4,9,1,0,1,0,"0000000",88,88,88,88,88,88,0,0,0,1,0
31,310017,1,1,0,0,0,1,1,111,0,18,2,2016,5,15,49,0,1,4,2,4,"CR-FT MCPHERSON RD","",0,40.98765556,-100.46164444,0,1,0,0,1,1,0,1,1,1,0,1,0,"0000000",88,88,88,88,88,88,0,0,0,1,0
31,310018,1,1,0,0,0,3,3,45,0,23,2,2016,3,2,59,0,1,7,2,4,"CR-SLIM BUTTES ROAD","",0,42.99176667,-102.87736944,0,34,0,0,1,1,0,4,2,1,0,1,0,"0000000",99,99,99,99,99,99,20,0,0,1,1
31,310019,2,2,0,0,0,2,2,153,0,24,2,2016,4,2,50,1,2,3,1,2,"US-75","",845,41.17984167,-95.93904444,0,12,2,0,1,1,0,1,2,1,0,1,0,"0000000",88,88,88,88,88,88,0,0,0,1,0
31,310021,1,1,0,0,0,1,1,27,0,4,3,2016,6,99,99,0,1,7,2,4,"CR-864 RD","",0,42.36756389,-97.34543889,0,53,0,0,1,1,0,4,2,1,0,1,0,"0000000",1,30,1,33,2,43,0,0,0,1,0
31,310022,1,1,0,0,0,1,1,47,0,5,3,2016,7,11,15,1,1,1,1,1,"I-80","",2160,40.8817,-100.08132778,0,1,0,0,1,1,0,4,1,1,0,1,0,"0000000",88,88,88,88,88,88,0,0,0,1,0
31,310023,1,1,0,0,0,1,1,161,0,11,3,2016,6,11,20,0,1,7,2,4,"CR-600 ROAD","",0,42.73257222,-102.14486111,0,1,0,0,1,1,0,1,1,1,0,1,0,"0000000",88,88,88,88,88,88,0,0,0,1,0
31,310024,2,2,0,0,0,3,3,55,3620,13,3,2016,1,19,57,1,2,3,1,2,"US-275","",1883,41.21233333,-95.96519722,0,12,2,0,1,1,0,1,3,10,0,10,0,"0000000",19,58,20,1,20,17,0,0,0,1,1
31,310025,1,1,0,0,0,1,1,97,0,18,3,2016,6,99,99,0,1,7,2,4,"CR-723 ROAD","",0,40.30618611,-96.33463889,0,34,0,0,1,1,0,4,2,10,0,10,0,"0000000",88,88,88,88,88,88,0,0,0,1,1
31,310026,1,1,0,1,1,1,1,173,0,20,3,2016,1,9,25,0,1,5,1,3,"SR-94","",150,42.14806111,-96.44453056,3,8,0,0,1,1,4,1,1,1,0,1,0,"0000000",88,88,88,88,88,88,0,0,0,1,0
31,310027,1,1,0,0,0,1,1,109,0,20,3,2016,1,99,99,0,1,4,2,4,"CR-WAVERLY RD","",0,40.92921667,-96.65330556,0,38,0,0,1,1,0,4,2,1,0,1,0,"0000000",88,88,88,88,88,88,0,0,0,1,0
31,310028,1,1,0,0,0,1,1,55,3620,21,3,2016,2,1,34,0,2,7,4,6,"FRANCES ST","",0,41.23996389,-96.09059444,0,53,0,0,1,1,0,4,3,10,0,10,0,"0000000",88,88,88,88,88,88,0,0,0,1,1
31,310029,1,1,0,0,0,2,2,185,0,21,3,2016,2,16,30,0,1,7,2,4,"CR-COUNTY ROAD O","",0,40.94318056,-97.540175,0,34,0,0,1,1,0,4,1,1,0,1,0,"0000000",16,45,16,54,17,23,0,0,0,1,1
31,310030,2,2,0,0,0,3,3,157,0,21,3,2016,2,20,30,1,1,3,1,2,"US-26","CR-12",110,41.95563889,-103.85246389,0,12,6,0,2,2,0,1,2,1,0,1,0,"0000000",88,88,88,88,88,88,0,0,0,2,0
31,310031,1,1,0,0,0,2,2,173,0,28,3,2016,2,2,55,0,1,4,2,4,"CR-BIA ROAD 30","",0,42.23456111,-96.42650833,3,42,0,0,1,1,0,4,2,1,0,1,0,"0000000",88,88,88,88,88,88,0,0,0,1,1
31,310032,1,1,0,0,0,1,1,19,0,30,3,2016,4,14,26,1,1,1,1,1,"I-80","",2820,40.68451667,-98.9575,0,38,0,0,1,1,0,4,1,1,0,1,0,"0000000",14,28,14,35,14,57,0,0,0,1,0
31,310033,2,2,0,0,0,2,2,79,0,31,3,2016,5,8,32,0,1,4,1,3,"SR-11","CR-AIRPORT ROAD",198,40.96046944,-98.6075,0,12,6,0,2,2,0,1,1,1,0,1,0,"0000000",8,36,8,48,88,88,0,0,0,1,0
31,310034,2,2,0,0,0,2,2,55,3620,31,1,2016,1,2,14,1,2,3,1,2,"US-275","S 33RD ST",1885,41.21225556,-95.96252778,0,12,1,0,3,2,0,1,3,1,0,1,0,"0000000",2,14,2,17,2,32,0,0,0,1,2
31,310035,1,1,0,0,0,1,1,1,0,1,4,2016,6,15,45,0,1,7,2,4,"CR-HEARTLAND AVE","",0,40.58850278,-98.27827222,0,10,0,0,6,1,0,1,1,1,0,1,0,"073280F",88,88,88,88,88,88,0,0,0,1,0
31,310036,2,2,0,0,0,2,2,19,0,6,4,2016,4,14,48,1,1,3,1,2,"US-30","",2698,40.69842778,-99.14416944,1,12,1,0,1,1,0,2,1,1,0,1,0,"0000000",14,48,14,53,15,10,0,0,0,1,0
31,310037,1,1,0,0,0,3,3,55,0,5,4,2016,3,15,0,0,1,4,2,4,"CR-180TH ST","CR-BLONDO ST",0,41.27761111,-96.19651111,0,35,0,0,3,3,0,4,1,10,0,10,0,"0000000",88,88,88,88,88,88,0,0,0,3,1
31,310038,1,1,0,1,1,1,1,55,3620,7,4,2016,5,14,49,0,2,3,4,6,"N 72ND STREET","",0,41.26364444,-96.02390556,0,8,0,0,1,1,0,1,1,10,0,10,0,"0000000",14,50,14,51,15,3,0,0,0,1,0
31,310039,1,1,0,0,0,2,2,37,0,13,4,2016,4,16,38,0,1,7,2,4,"CR-COUNTY ROAD 10","",0,41.51035556,-97.0792,0,1,0,0,1,1,0,4,1,1,0,1,0,"0000000",16,42,16,57,17,12,0,0,0,1,1
31,310040,3,3,0,0,0,3,3,149,0,8,4,2016,6,12,30,1,1,3,1,2,"US-20","CR-411 RD",2530,42.55123056,-99.65971667,0,12,1,0,3,3,0,1,1,1,0,1,0,"0000000",99,99,99,99,99,99,0,0,0,1,0
31,310041,2,2,0,0,0,3,3,141,0,14,4,2016,5,13,25,1,1,3,1,2,"US-81","SR-91",1340,41.70026944,-97.46431111,0,12,6,0,2,2,0,1,1,1,0,1,0,"0000000",13,25,13,30,14,2,3,0,0,1,0
31,310042,1,1,0,1,1,1,1,55,3620,16,4,2016,7,2,26,0,2,7,4,6,"MANDERSON PLZ","N 104TH AVE",0,41.29258056,-96.07576111,0,8,0,0,3,3,0,1,2,10,0,10,0,"0000000",88,88,88,88,88,88,0,0,0,1,1
31,310043,3,3,0,0,0,3,3,79,0,17,4,2016,1,22,12,1,1,3,1,2,"US-30","",3100,40.88699167,-98.42914444,0,12,2,0,1,1,0,1,2,2,0,2,0,"0000000",22,15,22,22,22,39,0,0,0,1,1
31,310044,2,2,0,0,0,2,2,109,2830,14,4,2016,5,21,35,0,2,7,4,6,"YANKEE HILL RD","WILDERNESS RIDGE DR",0,40.72632778,-96.69146389,0,12,6,0,2,2,0,1,3,1,0,1,0,"0000000",21,40,21,48,22,5,0,0,0,1,0
31,310045,3,3,0,0,0,4,4,109,2830,18,4,2016,2,17,28,0,2,4,4,6,"SALT CREEK ROADWAY","",0,40.83426944,-96.68641389,0,12,2,0,1,1,0,1,1,10,0,10,0,"0000000",17,29,17,32,17,48,0,0,0,1,1
31,310046,2,2,0,0,0,2,2,97,0,17,4,2016,1,22,53,0,1,4,1,3,"SR-50","",334,40.38971944,-96.17962778,0,12,2,0,1,1,0,1,2,2,0,2,0,"0000000",88,88,88,88,88,88,0,0,0,1,1