"STATE","ST_CASE","VE_TOTAL","VE_FORMS","PVH_INVL","PEDS","PERNOTMVIT","PERMVIT","PERSONS","COUNTY","CITY","DAY","MONTH","YEAR","DAY_WEEK","HOUR","MINUTE","NHS","RUR_URB","FUNC_SYS","RD_OWNER","ROUTE","TWAY_ID","TWAY_ID2","MILEPT","LATITUDE","LONGITUD","SP_JUR","HARM_EV","MAN_COLL","RELJCT1","RELJCT2","TYP_INT","WRK_ZONE","REL_ROAD","LGT_COND","WEATHER1","WEATHER2","WEATHER","SCH_BUS","RAIL","NOT_HOUR","NOT_MIN","ARR_HOUR","ARR_MIN","HOSP_HR","HOSP_MN","CF1","CF2","CF3","FATALS","DRUNK_DR"
31,310047,2,2,0,0,0,3,3,119,3480,24,2,2016,4,17,14,0,2,7,4,6,"QUEEN CITY BLVD","BENJAMIN AVE",0,42.04712778,-97.42103056,0,12,6,0,2,2,0,1,1,10,0,10,0,"0000000",17,16,17,16,17,35,0,0,0,1,0
31,310048,2,2,0,0,0,3,3,157,3250,22,4,2016,6,17,30,1,1,3,1,2,"US-26","22ND AVE",134,41.94271944,-103.81826944,0,12,2,0,2,2,0,1,1,1,0,1,0,"0000000",17,28,17,38,18,0,0,0,0,1,0
31,310049,1,1,0,0,0,2,2,109,4510,23,4,2016,7,2,25,0,1,7,4,5,"MARKET ST","WEST 2ND ST",0,40.6259,-96.74481667,0,5,0,0,2,2,0,1,3,1,0,1,0,"0000000",88,88,88,88,88,88,0,0,0,1,1
31,310050,1,1,0,0,0,2,2,1,2280,23,4,2016,7,8,40,0,2,7,4,6,"N HIGHLAND RD","",0,40.58891667,-98.437725,0,39,0,0,1,1,0,4,1,1,0,1,0,"0000000",8,49,8,55,9,18,0,0,0,1,0
31,310051,3,2,1,0,0,3,3,55,3620,25,4,2016,2,18,53,0,2,7,4,6,"S 41ST ST","MADISON ST",0,41.19446111,-95.97463056,0,12,6,0,2,2,0,1,1,1,0,1,0,"0000000",18,55,19,1,19,28,0,0,0,1,1
31,310052,2,2,0,0,0,3,3,49,0,1,5,2016,1,1,25,1,1,1,1,1,"I-80","",1010,41.070125,-101.958325,0,12,1,0,1,1,1,1,2,2,0,2,0,"0000000",1,36,1,45,2,7,0,0,0,1,0
31,310053,1,1,0,0,0,1,1,53,0,8,5,2016,1,15,53,0,1,4,2,4,"CR-COUNTY ROAD 3","",0,41.46273333,-96.86708056,0,10,0,0,6,1,0,1,1,1,0,1,0,"816691S",15,56,16,4,88,88,0,0,0,1,0
31,310054,1,1,0,1,1,1,1,53,1900,9,5,2016,2,15,38,0,2,7,4,6,"MILIARY AVE","",0,41.43390278,-96.46184722,0,8,0,0,1,1,0,1,1,10,0,10,0,"0000000",15,40,15,47,15,59,0,0,0,1,0
31,310055,2,2,0,0,0,5,5,47,0,9,5,2016,2,8,34,0,1,4,1,2,"US-30","",2430,40.75685833,-99.65346111,0,12,6,0,1,1,0,1,1,1,0,1,0,"0000000",8,36,8,46,9,2,0,0,0,1,0
31,310056,2,2,0,0,0,2,2,55,0,19,5,2016,5,18,8,0,1,4,2,4,"CR-261 STREET","",0,41.24774167,-96.32535278,0,12,6,0,8,1,0,1,1,10,0,10,0,"0000000",18,12,18,22,88,88,0,0,0,1,1
31,310057,1,1,0,0,0,1,1,59,0,15,5,2016,1,13,10,0,1,7,2,4,"CR-ROAD D","",0,40.65468056,-97.58621944,0,34,0,0,1,1,0,4,1,1,0,1,0,"0000000",88,88,88,88,88,88,0,0,0,1,0
31,310058,1,1,0,0,0,1,1,55,3620,21,5,2016,7,2,32,0,2,7,4,6,"BEDFORD AVE","N 55TH ST",0,41.28854444,-95.99858611,0,39,0,0,3,2,0,4,3,1,0,1,0,"0000000",2,32,2,35,2,48,0,0,0,1,1
31,310059,1,1,0,0,0,1,1,109,2830,22,5,2016,1,1,7,0,2,7,4,6,"N 27TH ST","S ST",0,40.81751944,-96.682275,0,18,0,0,3,3,4,4,3,1,0,1,0,"0000000",1,7,1,15,1,36,0,0,0,1,1
31,310060,1,1,0,0,0,1,1,99,0,22,5,2016,1,99,99,0,1,7,2,4,"CR-O ROAD","",0,40.53941389,-98.96153333,0,34,0,0,1,1,0,4,1,1,0,1,0,"0000000",88,88,88,88,88,88,0,0,0,1,1
31,310061,1,1,0,0,0,1,1,137,0,28,5,2016,7,99,99,0,1,7,2,4,"CR-727 ROAD","",0,40.36549722,-99.27188611,0,35,0,0,1,1,0,4,2,2,0,2,0,"0000000",88,88,88,88,88,88,0,0,0,1,1
31,310062,1,1,0,1,1,1,1,175,0,24,5,2016,3,19,17,0,1,4,1,3,"SR-11","",800,41.63472222,-98.95858889,0,9,0,0,1,1,0,1,1,1,0,1,0,"0000000",99,99,99,99,99,99,0,0,0,1,0
31,310063,1,1,0,0,0,3,3,31,0,29,5,2016,1,9,0,0,1,4,1,3,"SR-61","",2290,42.96385278,-101.702675,0,1,0,0,1,1,0,4,1,1,0,1,0,"0000000",99,99,99,99,99,99,0,0,0,1,0
31,310064,2,2,0,0,0,2,2,119,3480,28,5,2016,7,12,50,1,2,3,1,2,"US-81","PROSPECT AVE",1580,42.03621389,-97.42648056,0,12,6,0,2,2,0,1,1,10,0,10,0,"0000000",12,54,12,56,13,21,0,0,0,1,0
31,310065,2,2,0,0,0,2,2,153,2745,29,5,2016,1,14,24,0,2,5,4,6,"HARRISON STREET","GILES ROAD",0,41.19040556,-96.11001111,0,12,6,0,2,3,0,1,1,1,0,1,0,"0000000",99,99,14,26,14,51,0,0,0,1,0
31,310066,1,1,0,0,0,2,2,111,0,31,5,2016,3,99,99,0,1,7,2,4,"CR-MIRIAM ROAD","CR-E MEADOW LAWNS ROAD",0,40.99713056,-100.65896944,0,1,0,0,2,3,0,1,2,1,0,1,0,"0000000",23,18,23,37,0,11,0,0,0,1,1
31,310067,2,2,0,0,0,3,3,53,0,12,3,2016,7,20,13,0,1,5,1,3,"SR-79","",480,41.528275,-96.78060833,0,12,6,0,8,1,0,1,2,5,0,5,0,"0000000",20,18,20,28,21,13,0,0,0,1,0
31,310068,1,1,0,0,0,1,1,21,0,3,6,2016,6,99,99,1,1,3,1,2,"US-77","",1520,41.98128056,-96.46287778,0,42,0,0,1,1,4,4,2,1,0,1,0,"0000000",88,88,88,88,88,88,0,0,0,1,0
31,310069,1,1,0,0,0,1,1,15,0,4,6,2016,7,99,99,0,1,4,1,3,"SR-12","",1400,42.830925,-98.38853056,0,31,0,0,1,1,0,4,1,1,0,1,0,"0000000",99,99,99,99,99,99,0,0,0,1,0
31,310070,1,1,0,0,0,1,1,165,0,4,6,2016,7,11,16,0,1,5,1,3,"SR-29","CR-EVERGREEN ROAD",590,42.59406667,-103.83390833,0,34,0,0,3,4,0,4,1,1,0,1,0,"0000000",99,99,99,99,99,99,0,0,0,1,0
31,310071,1,1,0,0,0,1,1,55,3620,5,6,2016,1,18,8,1,2,1,1,1,"I-480","",41,41.25874167,-95.95335278,0,25,0,0,1,1,0,4,1,1,0,1,0,"0000000",18,9,18,13,88,88,0,0,0,1,0
31,310072,3,3,0,0,0,3,3,99,0,8,6,2016,4,7,0,1,1,3,1,2,"US-6","CR-COUNTY ROAD 28",1770,40.49197778,-99.02770833,0,12,1,0,3,2,0,1,1,1,0,1,0,"0000000",88,88,88,88,88,88,0,0,0,1,0
31,310073,2,2,0,0,0,2,2,1,0,8,6,2016,4,20,50,1,1,2,1,2,"US-34","",2160,40.66771389,-98.38204167,0,12,6,0,1,1,0,1,5,1,0,1,0,"0000000",20,52,20,57,21,22,0,0,0,1,0
31,310074,2,2,0,0,0,3,3,111,0,8,6,2016,4,19,29,1,1,3,1,3,"SR-83","",760,41.03566389,-100.75381111,0,12,2,0,1,1,0,1,1,1,0,1,0,"0000000",19,29,19,37,20,5,0,0,0,3,2
31,310075,1,1,0,0,0,4,4,43,0,9,6,2016,5,99,99,1,1,3,1,2,"US-20","",4210,42.45353056,-96.59285833,0,32,0,0,1,1,0,4,2,1,0,1,0,"0000000",99,99,99,99,99,99,0,0,0,3,0
31,310076,2,2,0,0,0,4,4,121,0,9,6,2016,5,15,47,0,1,7,2,4,"CR-14TH ROAD","CR-T ROAD",0,41.20551111,-98.04009167,0,12,6,0,2,2,0,1,1,1,0,1,0,"0000000",15,52,16,5,17,3,0,0,0,1,0
31,310077,1,1,0,0,0,1,1,153,3800,11,6,2016,7,15,27,0,2,7,4,6,"1115 APPLEWOOD DRIVE","",0,41.14069722,-96.02675556,0,43,0,0,1,1,0,4,1,1,0,1,0,"0000000",15,27,15,34,16,5,0,0,0,1,1
31,310078,2,2,0,0,0,2,2,109,0,12,6,2016,1,12,0,1,1,1,1,1,"I-80","",3890,40.82109167,-96.93457222,0,12,6,0,1,1,0,1,1,1,0,1,0,"0000000",10,28,10,41,11,7,0,0,0,1,1
31,310079,2,2,0,0,0,4,4,27,0,12,6,2016,1,17,17,1,1,3,1,2,"US-81","",2090,42.78143333,-97.40680833,0,12,6,0,1,1,0,1,1,1,0,1,0,"0000000",99,99,99,99,99,99,0,0,0,1,0
31,310080,1,1,0,0,0,4,4,111,0,13,6,2016,2,12,25,1,1,3,1,2,"US-83","",590,40.79191389,-100.75424167,0,1,0,0,1,1,4,4,1,10,0,10,0,"0000000",12,31,12,53,13,36,0,0,0,1,0
31,310081,2,2,0,0,0,2,2,55,3620,14,6,2016,3,20,53,1,2,3,1,2,"US-75","CRAIG AVE",955,41.32972222,-95.95858333,0,12,6,0,2,2,0,1,5,1,0,1,0,"0000000",88,88,88,88,88,88,0,0,0,1,1
31,310082,1,1,0,1,1,1,1,153,0,15,6,2016,4,2,41,1,1,2,1,2,"US-75","",832,41.15984444,-95.93884167,0,8,0,0,1,1,0,1,2,1,0,1,0,"0000000",88,88,88,88,88,88,0,0,0,1,0
31,310083,1,1,0,0,0,3,3,37,4320,15,6,2016,4,23,11,0,2,7,4,6,"W 6TH ST","",0,41.44248056,-97.06666944,0,42,0,0,1,1,0,4,3,1,0,1,0,"0000000",23,16,23,23,23,38,0,0,0,1,1
31,310084,1,1,0,0,0,1,1,179,0,19,6,2016,1,99,99,0,1,7,2,4,"CR-854 RD","",0,42.20649722,-96.92859167,0,35,0,0,1,1,0,4,1,1,0,1,0,"0000000",88,88,88,88,88,88,0,0,0,1,1
31,310085,1,1,0,0,0,4,4,1,2280,20,6,2016,2,99,99,0,2,4,4,6,"W 12TH STREET","",0,40.59704167,-98.40813333,0,42,0,0,1,1,0,4,3,1,0,1,0,"0000000",3,29,3,31,4,0,0,0,0,1,0
31,310086,1,1,0,0,0,1,1,137,0,23,6,2016,5,0,0,0,1,4,2,4,"CR-T ROAD","",0,40.62591667,-99.25635,0,30,0,0,1,1,0,4,2,1,0,1,0,"0000000",88,88,88,88,88,88,0,0,0,1,0
31,310087,1,1,0,0,0,1,1,57,0,25,6,2016,7,22,15,0,1,7,2,4,"CR-AVE 329","",0,40.17530278,-101.70150833,0,34,0,0,1,1,0,4,2,1,0,1,0,"0000000",88,88,88,88,88,88,0,0,0,1,1
31,310088,2,2,0,0,0,3,3,119,0,26,6,2016,1,0,8,1,1,3,1,2,"US-81","",1590,42.07005278,-97.42660833,0,12,2,0,1,1,0,1,2,1,0,1,0,"0000000",0,9,0,15,99,99,0,0,0,2,1
31,310089,1,1,0,0,0,1,1,55,3620,4,7,2016,2,23,15,1,2,1,1,1,"I-80 RAMP","S 24TH ST",4530,41.22604444,-95.94690278,0,23,0,1,3,3,0,4,3,1,0,1,0,"0000000",88,88,88,88,88,88,0,0,0,1,1
31,310090,1,1,0,0,0,1,1,105,0,5,7,2016,3,9,49,1,1,2,1,3,"SR-71","",210,41.33658611,-103.664375,0,34,0,0,1,1,4,4,1,1,0,1,0,"0000000",88,88,88,88,88,88,0,0,0,1,0
31,310091,2,2,0,0,0,4,4,157,0,5,7,2016,3,17,10,1,1,3,1,2,"US-26","SR-L79E",320,41.81480556,-103.519825,0,12,6,0,2,2,0,1,1,1,0,1,0,"0000000",17,13,17,17,17,42,0,0,0,1,0
31,310092,2,2,0,0,0,2,2,87,0,6,7,2016,4,18,5,0,1,7,2,4,"CR-ROAD 706","CR-DR 360",0,40.06078889,-101.097825,0,12,6,0,2,2,0,1,1,1,0,1,0,"0000000",99,99,99,99,99,99,0,0,0,1,0
31,310093,2,2,0,0,0,3,3,155,3300,10,7,2016,1,18,50,0,1,5,1,3,"SR-79","LINWWOD RD",410,41.43315278,-96.77100833,0,12,6,0,2,2,0,1,1,1,0,1,0,"0000000",99,99,99,99,99,99,0,0,0,2,0
31,310094,1,1,0,0,0,2,2,19,0,12,7,2016,3,9,5,1,1,1,1,1,"I-80","",2820,40.69076667,-98.90239722,0,1,0,0,1,1,0,1,1,1,0,1,0,"0000000",9,7,9,18,9,50,0,0,0,1,0
31,310095,1,1,0,0,0,1,1,127,0,16,7,2016,7,17,35,1,1,3,1,2,"US-75","",250,40.35112778,-95.83846944,0,38,0,0,1,1,0,4,1,1,0,1,0,"0000000",17,40,17,49,18,16,0,0,0,1,0
31,310096,1,1,0,0,0,1,1,107,0,16,7,2016,7,99,99,0,1,4,2,4,"CR-872 ROAD","",0,42.46628056,-98.10565833,0,23,0,0,1,1,0,4,9,10,0,10,0,"0000000",7,1,7,24,99,99,0,0,0,1,1
31,310097,2,2,0,0,0,2,2,55,3620,16,7,2016,7,1,36,0,2,3,4,6,"S 60TH ST","CENTER ST",0,41.23786667,-96.00472222,0,12,6,0,2,2,0,1,3,1,0,1,0,"0000000",1,37,1,42,1,52,0,0,0,1,2
31,310098,1,1,0,0,0,1,1,157,0,18,7,2016,2,14,20,0,1,7,2,4,"CR-CR 27","",0,41.89982778,-103.55767778,0,34,0,0,1,1,0,4,1,1,0,1,0,"0000000",88,88,88,88,88,88,0,0,0,1,1
31,310099,3,3,0,0,0,5,5,27,0,7,5,2016,7,10,0,1,1,3,1,2,"US-81","",2130,42.83791389,-97.40148611,0,12,2,0,1,1,0,1,1,2,10,2,0,"0000000",99,99,99,99,99,99,0,0,0,2,0
31,310100,1,1,0,0,0,2,2,137,0,21,7,2016,5,1,55,0,1,7,2,4,"CR-M ROAD","",0,40.49162778,-99.39887222,0,35,0,0,1,1,0,4,2,1,0,1,0,"0000000",2,4,2,23,3,10,0,0,0,1,1
31,310101,2,2,0,0,0,2,2,55,3620,22,7,2016,6,9,0,0,2,3,1,3,"SR-64","N 171ST ST",657,41.29202778,-96.181725,0,12,6,0,2,2,0,1,1,10,0,10,0,"0000000",88,88,88,88,88,88,0,0,0,1,0
31,310102,1,1,0,0,0,1,1,47,0,22,7,2016,6,99,99,0,1,4,1,2,"US-30","",2102,40.94938333,-100.21509444,0,35,0,0,1,1,0,4,1,1,0,1,0,"0000000",88,88,88,88,88,88,0,0,0,1,1
31,310103,1,1,0,0,0,1,1,55,3620,25,7,2016,2,2,18,1,2,1,1,1,"I-80","",4537,41.22698889,-95.95485278,0,24,0,1,5,1,0,4,3,10,0,10,0,"0000000",88,88,88,88,88,88,0,0,0,1,1
31,310104,2,2,0,0,0,3,3,111,0,24,7,2016,1,18,46,1,1,1,1,1,"I-80","",1920,41.06013056,-100.55906111,0,12,9,0,1,1,0,1,1,1,0,1,0,"0000000",18,50,18,57,19,33,0,0,0,1,0
31,310105,2,2,0,0,0,2,2,55,3620,29,7,2016,6,0,15,0,2,4,4,6,"3641 Q ST","",0,41.20536667,-95.96683889,0,12,99,0,1,1,0,4,3,1,0,1,0,"0000000",88,88,88,88,88,88,0,0,0,1,0
31,310106,2,1,1,0,0,1,1,55,3620,31,7,2016,1,2,20,0,2,4,4,6,"BLONDO ST","",0,41.27781389,-96.04416389,0,30,0,0,1,1,0,4,3,1,0,1,0,"0000000",88,88,88,88,88,88,0,0,0,1,1
31,310107,5,5,0,0,0,8,8,111,0,25,6,2016,7,13,50,1,1,1,1,1,"I-80","",1740,41.11356667,-100.821875,0,12,6,0,1,1,0,1,1,1,0,1,0,"0000000",13,56,14,6,14,29,0,0,0,1,0
31,310108,2,2,0,0,0,3,3,141,0,9,6,2016,5,22,57,0,1,4,2,4,"CR-385TH STREET","CR-310TH AVENUE",0,41.61325,-97.52345,0,12,6,0,2,2,0,1,2,1,0,1,0,"0000000",22,57,23,10,99,99,0,0,0,1,1
31,310109,2,2,0,0,0,4,4,55,0,24,6,2016,6,22,48,0,2,4,2,6,"SORENSEN PARKWAY","",0,41.32089444,-96.043925,0,12,1,0,1,1,0,1,3,1,0,1,0,"0000000",22,48,22,55,23,28,0,0,0,1,1
31,310110,1,1,0,0,0,1,1,31,0,6,8,2016,7,99,99,0,1,4,1,3,"SR-61","",1870,42.440325,-101.73048333,0,1,0,0,1,1,0,4,2,1,0,1,0,"0000000",88,88,88,88,88,88,0,0,0,1,1
31,310111,1,1,0,0,0,1,1,55,3620,7,8,2016,1,1,4,0,2,7,4,6,"S 50TH ST","",0,41.21570833,-95.99043056,0,30,0,0,1,1,0,4,3,10,0,10,0,"0000000",88,88,88,88,88,88,0,0,0,1,1
31,310112,1,1,0,0,0,1,1,33,0,4,8,2016,5,18,2,1,1,1,1,1,"I-80","",660,41.11254722,-102.81328056,0,1,0,0,1,1,0,1,1,1,0,1,0,"0000000",88,88,88,88,88,88,0,0,0,1,0
31,310113,1,1,0,0,0,1,1,109,0,7,8,2016,1,2,6,0,1,4,2,4,"CR-W RAYMOND RD","",0,40.95881111,-96.76016389,0,24,0,0,1,1,0,4,2,1,0,1,0,"0000000",88,88,88,88,88,88,0,0,0,1,1
31,310114,1,1,0,0,0,1,1,153,0,7,8,2016,1,11,10,1,1,1,1,1,"I-80","",4360,41.12106111,-96.20856389,0,1,0,0,1,1,0,3,1,10,0,10,0,"0000000",11,11,11,25,99,99,0,0,0,1,0
31,310115,1,1,0,1,1,1,1,55,3620,8,8,2016,2,6,2,0,2,4,4,6,"WEST CENTER RD","PADDOCK RD",0,41.23369722,-96.05811944,0,8,0,0,2,2,0,1,3,10,0,10,0,"0000000",6,2,6,8,6,20,0,0,0,1,0
31,310116,2,2,0,0,0,3,3,55,0,9,8,2016,3,17,41,1,1,3,1,3,"SR-92","CR-264 STREET",4644,41.2338,-96.33040556,0,12,9,0,2,2,0,1,1,1,0,1,0,"0000000",17,45,17,56,99,99,0,0,0,1,0
31,310117,1,1,0,0,0,4,4,157,3250,20,8,2016,7,4,0,1,1,3,1,2,"US-26","",134,41.942775,-103.81948333,0,30,0,0,1,1,0,4,3,1,0,1,0,"0000000",99,99,99,99,99,99,0,0,0,1,1
31,310118,2,2,0,0,0,2,2,21,0,20,8,2016,7,11,40,1,1,3,1,2,"US-77","CR-DIAMOND ST",1490,41.93258056,-96.46317778,0,12,2,0,2,2,0,1,1,1,0,1,0,"0000000",11,42,11,48,12,6,0,0,0,1,0
31,310119,1,1,0,0,0,1,1,107,0,20,8,2016,7,18,58,0,1,7,2,4,"CR-514 AVE","",0,42.70423889,-98.22187222,0,1,0,0,1,1,0,1,1,1,0,1,0,"0000000",18,58,19,14,19,50,0,0,0,1,1
31,310120,2,2,0,0,0,2,2,109,0,22,8,2016,2,14,8,0,1,7,2,4,"CR-WEST BLUFF ROAD","",0,40.91533611,-96.90195833,0,12,1,0,1,1,0,1,1,1,0,1,0,"0000000",99,99,99,99,88,88,0,0,0,1,0
31,310121,2,2,0,0,0,2,2,153,0,23,8,2016,3,7,2,0,1,7,2,4,"CR-216TH ST","CR-CORNHUSKER RD",0,41.16123333,-96.25345278,0,12,6,0,2,2,0,1,1,10,0,10,0,"0000000",99,99,99,99,88,88,0,0,0,1,0
31,310122,1,1,0,0,0,3,3,19,0,25,8,2016,5,13,19,1,1,1,1,1,"I-80","",2857,40.70195833,-98.84643333,0,1,0,0,1,1,0,3,1,1,0,1,0,"0000000",13,24,13,39,14,6,0,0,0,1,0
31,310123,2,2,0,0,0,3,3,109,2830,25,8,2016,5,8,15,0,2,3,1,2,"US-6","SW 40TH ST",3100,40.81371944,-96.77801667,0,12,6,0,2,2,0,1,1,10,0,10,0,"0000000",8,16,8,24,8,48,0,0,0,1,0
31,310124,1,1,0,0,0,1,1,47,0,28,8,2016,1,99,99,0,1,7,2,4,"CR-JOHNSON LAKE DRIVE","",0,40.71074722,-99.87205,0,35,0,0,1,1,0,4,2,1,0,1,0,"0000000",88,88,88,88,88,88,0,0,0,1,1
31,310125,3,3,0,0,0,3,3,83,0,12,7,2016,3,14,51,1,1,3,1,2,"US-183","",120,40.17299722,-99.36759722,0,12,2,0,1,1,0,2,1,1,0,1,0,"0000000",14,51,15,3,15,17,0,0,0,1,0
31,310126,2,2,0,0,0,3,3,55,3620,31,7,2016,1,15,14,0,2,4,4,6,"N SADDLE CREEK RD","CALIFORNIA ST",0,41.26475556,-95.98080278,0,12,6,0,2,2,0,1,1,10,0,10,0,"0000000",15,15,15,19,15,44,0,0,0,1,0
31,310127,2,2,0,0,0,3,3,127,0,29,8,2016,2,14,30,1,1,3,1,2,"US-75","",330,40.4702,-95.83915556,0,12,2,0,1,1,0,1,1,1,0,1,0,"0000000",14,32,14,47,15,12,0,0,0,1,0
31,310128,2,2,0,0,0,3,3,55,3620,31,8,2016,4,0,22,1,2,3,1,2,"US-6","78TH ST",3674,41.25964444,-96.03534167,0,12,6,0,2,2,0,1,3,10,0,10,0,"0000000",0,23,0,25,0,38,0,0,0,1,1
31,310129,1,1,0,0,0,2,2,55,3620,1,9,2016,5,5,55,1,2,1,1,1,"I-80","",4510,41.22305,-95.99779167,0,30,0,0,1,1,0,4,3,1,0,1,0,"0000000",5,56,6,1,99,99,0,0,0,1,0
31,310130,2,1,1,1,1,1,1,119,3480,2,9,2016,6,10,25,0,2,7,4,6,"9TH ST","",0,42.02923333,-97.41922778,0,14,0,0,1,1,0,7,1,1,0,1,0,"0000000",99,99,99,99,10,58,0,0,0,1,1
31,310131,2,2,0,0,0,3,3,47,0,2,9,2016,6,11,22,0,1,4,1,3,"SR-21","CR-COUNTY ROAD 759",110,40.82826667,-99.99506667,0,12,6,0,2,2,0,1,1,1,0,1,0,"0000000",11,23,11,29,11,43,0,0,0,1,0
31,310132,2,2,0,0,0,3,3,185,0,2,9,2016,6,14,6,1,1,3,1,2,"US-81","US-34",2719,40.88616944,-97.61579167,0,12,6,0,2,2,0,1,1,1,0,1,0,"0000000",14,10,14,14,14,29,0,0,0,2,0
31,310133,1,1,0,0,0,1,1,79,0,2,9,2016,6,99,99,0,1,4,2,4,"CR-W PLATTE RIVER ROAD","CR-60TH ST",0,40.76411111,-98.45506389,0,34,0,0,3,4,0,4,2,1,0,1,0,"0000000",88,88,88,88,88,88,0,0,0,1,1
31,310134,1,1,0,0,0,2,2,143,0,7,9,2016,4,99,99,0,1,7,2,4,"CR-126TH ROAD","",0,41.11947778,-97.53171667,0,34,0,0,1,1,0,4,1,1,0,1,0,"0000000",14,21,14,30,99,99,0,0,0,1,0
31,310135,1,1,0,1,1,1,1,1,2280,7,9,2016,4,15,18,1,2,3,1,2,"US-34","W 7TH ST",2101,40.58974167,-98.39231944,0,8,0,0,2,2,0,1,1,1,0,1,0,"0000000",15,20,15,22,15,28,0,0,0,1,0
31,310136,1,1,0,1,1,2,2,141,0,11,9,2016,1,0,53,0,1,4,2,4,"CR-48TH AVENUE","",0,41.48452222,-97.38749167,0,8,0,0,1,1,0,1,2,1,0,1,0,"0000000",1,11,1,21,88,88,0,0,0,1,0
31,310137,1,1,0,0,0,1,1,55,3620,18,9,2016,1,6,18,0,2,7,4,6,"F ST","",0,41.21974722,-96.015975,0,33,0,0,1,1,0,4,3,1,0,1,0,"0000000",88,88,88,88,88,88,0,0,0,1,1
31,310138,1,1,0,0,0,2,2,119,0,22,9,2016,5,20,29,1,1,3,1,2,"US-81","",1420,41.82117778,-97.44669444,0,42,0,0,1,1,0,4,2,1,0,1,0,"0000000",20,30,20,38,88,88,0,0,0,1,0
31,310139,2,2,0,0,0,3,3,169,0,10,9,2016,7,18,24,1,1,3,1,2,"US-81","CR-DOVE RD",140,40.17623056,-97.57443056,0,12,6,0,2,2,0,1,1,1,0,1,0,"0000000",18,26,18,34,18,48,0,0,0,1,0
31,310140,2,2,0,0,0,3,3,55,3620,10,9,2016,7,19,21,0,2,4,4,6,"S 120TH ST","I ST",0,41.21619167,-96.10057222,0,12,6,0,2,2,0,1,5,10,0,10,0,"0000000",19,24,19,27,19,58,0,0,0,1,1
31,310141,5,5,0,0,0,12,12,101,0,31,7,2016,1,11,29,1,1,1,1,1,"I-80","",1130,41.06861944,-101.96338056,0,12,1,0,1,1,4,1,1,1,0,1,0,"0000000",11,30,11,42,12,14,0,0,0,6,0
31,310142,3,3,0,0,0,5,5,111,0,21,8,2016,1,18,24,1,1,1,1,1,"I-80","",1662,41.13593611,-100.96898889,0,12,6,0,1,1,0,1,1,1,0,1,0,"0000000",88,88,88,88,88,88,0,0,0,3,0
31,310143,1,1,0,0,0,1,1,157,0,30,8,2016,3,19,35,0,1,7,2,4,"CR-COUNTY ROAD 3","",0,42.00155556,-104.033725,0,1,0,0,1,1,0,4,2,1,0,1,0,"0000000",88,88,88,88,88,88,0,0,0,1,1
31,310144,3,3,0,0,0,3,3,43,0,23,8,2016,3,12,27,0,1,4,1,3,"SR-35","",500,42.29316944,-96.69782778,0,12,6,0,1,1,0,1,1,2,6,2,0,"0000000",99,99,99,99,99,99,0,0,0,1,0
31,310145,2,2,0,0,0,2,2,55,3620,31,8,2016,4,19,23,0,2,4,4,6,"WEST CENTER RD","S 144TH ST",0,41.233975,-96.13854722,0,12,6,0,2,2,0,1,1,1,0,1,0,"0000000",19,23,19,29,19,54,0,0,0,1,1
31,310146,2,2,0,0,0,2,2,163,0,13,9,2016,3,8,25,1,1,3,1,3,"SR-2","",3150,41.11939722,-99.09641111,0,12,2,0,1,1,0,1,1,10,0,10,0,"0000000",8,34,8,44,9,38,0,0,0,1,0
31,310147,2,2,0,0,0,4,4,47,0,19,9,2016,2,19,35,0,1,4,1,3,"SR-21","CR-ROAD 751",40,40.71464444,-99.99517222,0,12,6,0,2,2,0,1,2,1,0,1,0,"0000000",19,38,19,41,19,46,0,0,0,1,0
31,310148,2,2,0,0,0,2,2,153,460,29,9,2016,5,17,46,0,2,7,4,6,"CEDAR ISLAND ROAD","LINDA STREET",0,41.17773889,-95.95268889,0,12,6,0,2,3,0,1,1,1,0,1,0,"0000000",99,99,99,99,99,99,0,0,0,1,1
31,310149,2,2,0,0,0,2,2,25,0,30,9,2016,6,13,31,1,1,1,1,1,"I-80","",4204,40.97009444,-96.38866667,0,12,6,0,7,1,0,1,1,1,0,1,0,"0000000",99,99,99,99,99,99,0,0,0,1,0
31,310150,1,1,0,0,0,1,1,107,0,2,10,2016,1,99,99,0,1,4,1,3,"SR-12","",1670,42.74487222,-97.9294,3,42,0,0,1,1,0,4,2,1,0,1,0,"0000000",88,88,88,88,88,88,0,0,0,1,1
31,310151,1,1,0,0,0,1,1,159,0,2,10,2016,1,16,15,1,1,1,1,1,"I-80","",3656,40.82141944,-97.36671389,0,38,0,0,1,1,0,4,1,1,0,1,0,"0000000",88,88,88,88,88,88,0,0,0,1,0
31,310152,2,2,0,0,0,5,5,161,0,3,10,2016,2,22,28,0,1,4,1,3,"SR-27","",2250,42.84934722,-102.20278056,0,12,7,0,1,1,0,1,2,1,0,1,0,"0000000",22,33,22,44,23,7,20,0,0,1,1
31,310153,1,1,0,0,0,1,1,55,3620,5,10,2016,4,2,48,0,2,5,4,6,"N 144TH ST","",0,41.310125,-96.13881667,0,30,0,0,1,1,0,4,2,10,0,10,0,"0000000",88,88,88,88,88,88,0,0,0,1,1
31,310154,1,1,0,0,0,1,1,29,0,7,10,2016,6,14,55,1,1,3,1,2,"US-6","",270,40.53716667,-101.64832222,0,32,0,0,1,1,0,4,1,1,0,1,0,"0000000",14,58,15,5,15,18,0,0,0,1,0
31,310155,2,2,0,0,0,2,2,55,3620,17,10,2016,2,2,36,1,2,1,1,1,"I-80","",4455,41.22398333,-96.08706944,0,1,0,0,1,1,0,1,2,1,0,1,0,"0000000",88,88,88,88,88,88,0,0,0,1,1