"STATE","ST_CASE","VE_TOTAL","VE_FORMS","PVH_INVL","PEDS","PERNOTMVIT","PERMVIT","PERSONS","COUNTY","CITY","DAY","MONTH","YEAR","DAY_WEEK","HOUR","MINUTE","NHS","RUR_URB","FUNC_SYS","RD_OWNER","ROUTE","TWAY_ID","TWAY_ID2","MILEPT","LATITUDE","LONGITUD","SP_JUR","HARM_EV","MAN_COLL","RELJCT1","RELJCT2","TYP_INT","WRK_ZONE","REL_ROAD","LGT_COND","WEATHER1","WEATHER2","WEATHER","SCH_BUS","RAIL","NOT_HOUR","NOT_MIN","ARR_HOUR","ARR_MIN","HOSP_HR","HOSP_MN","CF1","CF2","CF3","FATALS","DRUNK_DR"
33,330067,2,2,0,0,0,3,3,19,40,27,7,2016,4,14,30,0,1,6,1,3,"SR-12","",0,43.20814167,-72.43041111,0,12,7,0,8,1,0,1,1,1,0,1,0,"0000000",14,35,14,50,15,12,0,0,0,1,0
33,330068,1,1,0,1,1,1,1,3,80,27,7,2016,4,17,52,0,2,3,4,6,"WEST MAIN STREET","",0,43.97745278,-71.12805278,0,9,0,0,1,1,2,1,1,1,0,1,0,"0000000",17,52,17,56,88,88,0,0,0,1,0
33,330069,1,1,0,0,0,1,1,13,70,28,7,2016,5,11,58,1,2,1,1,1,"I-93","",432,43.21435556,-71.53401667,0,24,0,0,1,1,0,4,1,1,0,1,0,"0000000",12,0,12,9,88,88,0,0,0,1,1
33,330070,1,1,0,1,1,2,2,13,70,29,7,2016,6,23,26,1,2,1,1,1,"I-393","",12,43.22393889,-71.50806389,0,8,0,0,1,1,0,1,2,1,0,1,0,"0000000",23,29,23,37,88,88,0,0,0,1,0
33,330071,1,1,0,0,0,3,3,11,18,29,7,2016,6,14,46,0,2,4,1,2,"US-3","",0,42.92553333,-71.46062778,0,30,0,0,1,1,0,4,1,10,0,10,0,"0000000",14,46,14,52,15,17,0,0,0,1,1
33,330072,2,2,0,0,0,3,3,13,41,29,7,2016,6,15,54,1,1,1,1,1,"I-93","",474,43.33585,-71.61245556,0,12,1,0,1,1,1,1,1,2,0,2,0,"0000000",15,54,16,6,16,31,0,0,0,1,0
33,330073,2,2,0,0,0,2,2,11,18,30,7,2016,7,15,36,1,2,3,1,3,"SR-101","MEETINGHOUSE ROAD",0,42.94628333,-71.51319722,0,12,6,0,2,2,0,1,1,1,0,1,0,"0000000",15,36,15,40,16,34,0,0,0,1,0
33,330074,2,2,0,0,0,2,2,1,490,1,8,2016,2,16,38,1,2,3,1,2,"US-3","",0,43.50184444,-71.51423611,0,12,6,0,1,1,0,1,1,2,0,2,0,"0000000",16,38,16,51,88,88,0,0,0,1,0
33,330075,2,1,1,0,0,1,1,15,448,2,8,2016,3,19,32,0,2,5,1,6,"SHADOW LAKE ROAD","",0,42.82223611,-71.23550833,0,14,0,0,1,1,0,5,1,1,0,1,0,"0000000",19,32,19,39,88,88,0,0,0,1,1
33,330076,1,1,0,0,0,1,1,3,214,4,8,2016,5,16,46,1,1,3,1,3,"SR-302","",438,44.07586667,-71.33658056,0,17,0,0,1,1,0,4,1,1,0,1,0,"0000000",16,46,17,5,17,55,0,0,0,1,0
33,330077,1,1,0,0,0,1,1,3,464,8,8,2016,2,22,44,0,1,6,1,3,"SR-113","",0,43.83601944,-71.35456111,0,42,0,0,1,1,0,4,2,1,0,1,0,"0000000",22,44,22,55,88,88,20,0,0,1,0
33,330078,1,1,0,0,0,3,3,7,20,10,8,2016,4,6,56,0,1,7,3,6,"SIXTH AVE","",0,44.47462778,-71.190025,0,5,0,0,1,1,0,1,1,10,0,10,0,"0000000",6,56,7,4,88,88,0,0,0,1,0
33,330079,1,1,0,0,0,3,3,13,41,19,8,2016,6,17,11,1,1,1,1,1,"I-93","",454,43.34241111,-71.61445,0,42,0,0,1,1,0,3,1,1,0,1,0,"0000000",17,12,17,23,18,14,0,0,0,1,0
33,330080,2,2,0,0,0,2,2,11,31,20,8,2016,7,19,47,0,1,4,1,3,"SR-13","",0,42.74647222,-71.66719722,0,12,2,0,1,1,0,1,5,1,0,1,0,"0000000",19,47,19,57,20,43,0,0,0,1,1
33,330081,1,1,0,0,0,1,1,15,82,28,8,2016,1,4,20,0,1,7,4,6,"MT DELIGHT ROAD","",0,43.14589444,-71.26686667,0,35,0,0,1,1,0,4,2,1,0,1,0,"0000000",4,21,4,40,5,5,0,0,0,1,0
33,330082,1,1,0,0,0,1,1,1,260,19,8,2016,6,19,3,0,1,7,4,6,"WHITE OAKS ROAD","",0,43.58646389,-71.44593611,0,30,0,0,1,1,0,4,1,1,0,1,0,"0000000",19,3,19,6,88,88,0,0,0,1,0
33,330083,2,2,0,0,0,3,3,5,550,1,9,2016,5,17,25,0,1,4,1,3,"SR-10","",22,42.74085833,-72.40018333,0,12,2,0,1,1,0,1,1,1,0,1,0,"0000000",17,30,17,41,18,7,0,0,0,1,0
33,330084,2,2,0,0,0,4,4,7,60,5,9,2016,2,10,29,0,1,5,1,2,"US-3","",0,44.87954722,-71.50820556,0,12,2,0,1,1,0,1,1,1,0,1,0,"0000000",10,29,10,46,11,16,0,0,0,1,0
33,330085,1,1,0,0,0,2,2,17,440,5,9,2016,2,16,18,0,2,4,1,3,"SR-125","",0,43.26608611,-70.97911111,0,24,0,0,1,1,0,4,1,1,0,1,0,"0000000",16,18,16,26,16,52,0,0,0,1,0
33,330086,1,1,0,0,0,2,2,17,440,6,9,2016,3,13,22,0,2,4,4,6,"NORTH MAIN STREET","",0,43.31430556,-70.99440833,0,30,0,0,1,1,0,4,1,10,0,10,0,"0000000",13,22,13,33,13,58,0,0,0,1,0
33,330087,1,1,0,0,0,1,1,15,12,6,9,2016,3,21,20,0,2,7,3,6,"POPE ROAD","",0,42.83996111,-71.16810556,0,17,0,0,8,1,0,4,2,10,0,10,0,"0000000",21,20,21,32,88,88,0,0,0,1,1
33,330088,3,3,0,0,0,4,4,3,395,13,9,2016,3,16,0,1,1,3,3,3,"SR-16","",0,43.74352778,-71.12950278,0,12,2,0,1,1,0,1,1,1,0,1,0,"0000000",16,8,16,12,16,44,0,0,0,1,0
33,330089,1,1,0,0,0,1,1,15,87,16,9,2016,6,8,45,0,1,7,3,6,"CARTER DRIVE","",0,42.93096389,-71.13731111,0,18,0,0,1,1,0,4,1,1,0,1,0,"0000000",8,48,8,59,88,88,0,0,0,1,0
33,330090,1,1,0,0,0,1,1,15,305,18,9,2016,1,19,51,0,2,4,1,3,"SR-28","",0,42.91617778,-71.39802778,0,30,0,0,1,1,0,4,3,1,0,1,0,"0000000",19,51,20,10,88,88,0,0,0,1,1
33,330091,1,1,0,1,1,1,1,19,40,19,9,2016,2,16,0,0,1,4,1,3,"SR-12","SR-12A",0,43.29679444,-72.38895556,0,9,0,0,3,3,0,1,1,1,0,1,0,"0000000",16,3,16,20,16,45,0,0,0,1,0
33,330092,1,1,0,0,0,1,1,17,140,8,9,2016,5,11,52,0,1,7,3,6,"WHITE BIRCH LANE","",0,43.39038889,-71.04174444,0,42,0,0,1,1,0,4,1,1,0,1,0,"0000000",11,52,11,57,88,88,0,0,0,1,0
33,330093,1,1,0,1,1,2,2,13,236,11,9,2016,1,14,59,0,2,7,3,6,"MAIN STREET","",0,43.09749722,-71.46555556,0,8,0,0,1,1,0,1,1,1,0,1,0,"0000000",14,59,15,10,15,41,0,0,0,1,0
33,330094,1,1,0,0,0,1,1,5,522,24,9,2016,7,19,48,0,1,4,1,3,"SR-12","",0,42.992375,-72.41801667,0,35,0,0,1,1,0,4,2,1,0,1,0,"0000000",19,49,20,2,88,88,0,0,0,1,1
33,330095,1,1,0,0,0,1,1,11,310,27,9,2016,3,3,56,1,2,1,1,1,"I-293","",2,43.04931944,-71.4705,0,42,0,0,1,1,0,3,2,1,0,1,0,"0000000",3,57,4,11,88,88,20,0,0,1,0
33,330096,1,1,0,1,1,1,1,17,100,30,9,2016,6,4,2,1,2,3,1,2,"US-4","",0,43.13759722,-70.90691389,0,8,0,0,1,1,0,1,2,10,0,10,0,"0000000",4,2,4,9,4,22,0,0,0,1,0
33,330097,1,1,0,0,0,2,2,7,60,7,10,2016,6,19,50,0,1,7,4,6,"PIPER HILL ROAD","",0,44.93822778,-71.49158056,0,35,0,0,1,1,0,4,2,10,0,10,0,"0000000",19,54,20,2,20,41,0,0,0,1,1
33,330098,1,1,0,0,0,1,1,3,487,8,10,2016,7,7,20,0,1,3,1,3,"SR-16","",624,43.85835556,-71.2066,0,35,0,0,1,1,0,4,4,1,0,1,0,"0000000",7,20,7,32,88,88,0,0,0,1,0
33,330099,1,1,0,0,0,2,2,11,350,8,10,2016,7,22,15,0,2,3,1,8,"CIRCUMFERENTIAL HIGHWAY","",8,42.72081667,-71.44744722,0,35,0,0,1,1,0,3,3,5,0,5,0,"0000000",22,17,22,26,88,88,0,0,0,2,1
33,330100,4,4,0,0,0,5,5,13,218,9,10,2016,1,18,1,1,1,3,1,2,"US-202","",386,43.19072222,-71.81447222,0,12,2,0,1,1,0,1,1,1,0,1,0,"0000000",18,3,18,14,18,50,20,14,0,1,1
33,330101,1,1,0,0,0,1,1,5,473,10,10,2016,2,2,50,1,1,3,1,3,"SR-9","",0,43.03684444,-72.08144167,0,42,0,0,1,1,0,4,2,1,0,1,0,"0000000",2,52,3,4,88,88,0,0,0,1,1
33,330102,5,5,0,0,0,6,6,11,310,10,10,2016,2,18,31,1,2,1,1,1,"I-93","",0,42.94785556,-71.39651944,0,12,1,0,1,1,0,1,3,1,0,1,0,"0000000",18,32,18,47,19,19,0,0,0,1,0
33,330103,1,1,0,0,0,1,1,11,310,19,10,2016,4,10,33,1,2,1,1,1,"I-93","",0,42.96806389,-71.41358333,0,24,0,0,1,1,0,3,1,1,0,1,0,"0000000",10,34,10,47,11,4,0,0,0,1,0
33,330104,1,1,0,0,0,1,1,7,125,21,10,2016,6,15,29,0,1,4,1,3,"SR-26","",0,44.86476389,-71.33115278,0,24,0,0,1,1,0,4,1,1,0,1,0,"0000000",15,31,15,49,88,88,0,0,0,1,0
33,330105,1,1,0,1,1,1,1,15,305,21,10,2016,6,18,0,0,2,7,4,6,"HIGH RANGE ROAD","",0,42.87178889,-71.39991944,0,8,0,0,1,1,0,1,2,1,0,1,0,"0000000",18,0,18,10,18,29,0,0,0,1,0
33,330106,1,1,0,0,0,1,1,1,154,27,10,2016,5,13,3,0,1,3,1,3,"SR-11","",0,43.56716944,-71.43452778,0,35,0,0,1,1,0,4,1,10,0,10,0,"0000000",13,3,13,10,13,27,13,20,0,1,0
33,330107,1,1,0,0,0,1,1,11,205,28,10,2016,6,17,33,0,1,7,3,6,"PROSPECT HILL ROAD","",0,42.98489722,-72.00095278,0,43,0,0,1,1,0,5,5,10,0,10,0,"0000000",17,33,17,45,18,28,0,0,0,1,0
33,330108,1,1,0,1,1,1,1,13,70,31,10,2016,2,18,17,0,2,7,4,6,"LOUDON ROAD","",0,43.21873611,-71.50132222,0,8,0,0,1,1,0,1,3,1,0,1,0,"0000000",18,17,18,26,18,40,0,0,0,1,0
33,330109,3,3,0,0,0,4,4,15,448,1,11,2016,3,16,39,1,2,3,1,3,"SR-111","ERMER ROAD",0,42.84671667,-71.22309167,0,12,6,0,2,2,0,1,1,1,0,1,0,"0000000",16,39,17,5,17,15,0,0,0,1,0
33,330110,1,1,0,0,0,1,1,11,357,1,11,2016,3,17,30,0,1,7,3,3,"SR-123","SR-124",0,42.78098611,-71.90494722,0,35,0,0,3,4,0,4,1,1,0,1,0,"0000000",17,30,17,41,88,88,0,0,0,1,0
33,330111,2,2,0,0,0,4,4,3,395,6,11,2016,1,9,43,0,1,4,1,3,"SR-28","SR-171",0,43.68662222,-71.12119167,0,12,6,0,2,2,0,1,1,10,0,10,0,"0000000",9,43,9,57,88,88,0,0,0,2,0
33,330112,1,1,0,1,1,1,1,11,310,21,10,2016,6,22,28,0,2,7,4,6,"ELM STREET","BRIDGE STREET",0,42.99474722,-71.46316111,0,8,0,0,3,2,0,1,3,2,0,2,0,"0000000",22,28,22,38,22,57,0,0,0,1,0
33,330113,1,1,0,0,0,1,1,9,489,9,11,2016,4,6,50,1,1,1,1,1,"I-93","",888,43.87174444,-71.67160556,0,35,0,0,1,1,0,3,1,1,0,1,0,"0000000",6,55,7,7,7,22,0,0,0,1,0
33,330114,1,1,0,2,2,1,1,11,18,8,11,2016,3,7,3,0,2,7,4,6,"PEMBROKE WAY","",0,42.94306667,-71.5632,0,8,0,0,1,1,0,1,1,1,0,1,0,"0000000",7,3,7,19,7,40,0,0,0,1,0
33,330115,2,2,0,0,0,2,2,1,490,19,11,2016,7,18,14,1,1,3,1,2,"US-3","",0,43.46825833,-71.54641111,0,12,2,0,1,1,0,1,3,10,0,10,0,"0000000",18,14,18,21,18,55,0,0,0,1,0
33,330116,1,1,0,0,0,1,1,17,90,21,11,2016,2,4,18,1,2,3,1,3,"SR-16","",0,43.18126389,-70.87650278,0,24,0,0,1,1,0,4,2,10,0,10,0,"0000000",4,19,4,25,88,88,0,0,0,1,1
33,330117,2,2,0,0,0,2,2,17,100,21,11,2016,2,5,2,1,2,3,1,2,"US-4","",954,43.13401111,-70.88777222,0,12,6,0,1,1,0,1,2,10,0,10,0,"0000000",5,2,5,9,5,33,0,0,0,1,0
33,330118,1,1,0,1,1,1,1,17,440,22,11,2016,3,17,14,1,2,3,1,3,"SR-16","",224,43.33239444,-70.98351944,0,8,0,0,1,1,0,1,3,10,0,10,0,"0000000",17,14,17,16,88,88,0,0,0,1,1
33,330119,1,1,0,1,1,0,0,17,100,30,11,2016,4,14,50,0,2,7,4,6,"BAGDAD ROAD","",0,43.140025,-70.92523889,0,8,0,0,8,1,0,1,1,2,0,2,0,"0000000",14,50,14,52,15,13,0,0,0,1,0
33,330120,1,1,0,0,0,1,1,11,310,17,11,2016,5,12,59,0,2,7,4,6,"SCHOOL STREET","",0,42.983525,-71.47123333,0,33,0,0,1,1,0,4,1,1,0,1,0,"0000000",12,59,13,1,13,21,0,0,0,1,0
33,330121,2,2,0,0,0,2,2,5,250,1,11,2016,3,11,31,0,2,4,4,6,"WEST STREET","ISLAND STREET",0,42.93243889,-72.28780278,0,12,6,0,2,3,0,1,1,1,0,1,0,"0000000",11,31,11,39,11,57,0,0,0,1,0
33,330122,1,1,0,0,0,1,1,9,145,29,11,2016,3,8,15,0,1,6,1,3,"SR-141","",0,44.20450278,-71.72018889,0,35,0,0,1,1,0,4,1,2,12,12,0,"0000000",8,25,8,46,88,88,0,0,0,1,0
33,330123,1,1,0,1,1,1,1,11,310,28,11,2016,2,17,41,0,2,7,4,6,"LOWELL STREET","UNION STREET",0,42.99355556,-71.45733889,0,8,0,0,3,2,0,1,3,1,0,1,0,"0000000",17,41,17,44,18,5,0,0,0,1,0
33,330124,1,1,0,0,0,4,4,9,210,2,12,2016,6,22,57,0,1,7,4,6,"WOLFEBORO ROAD","",0,43.72479167,-72.18918611,0,34,0,0,1,1,0,4,2,10,0,10,0,"0000000",22,57,23,19,23,37,0,0,0,1,1
33,330125,1,1,0,0,0,2,2,15,466,3,12,2016,7,14,55,0,2,5,1,3,"SR-107","",0,42.90232222,-70.90956389,0,42,0,0,1,1,0,4,1,10,0,10,0,"0000000",14,55,15,7,15,25,0,0,0,2,0
33,330126,1,1,0,0,0,1,1,17,29,9,12,2016,6,5,11,0,1,5,1,3,"SR-9","",0,43.20429167,-71.10020833,0,42,0,0,1,1,0,4,2,1,0,1,0,"0000000",5,11,5,14,88,88,0,0,0,1,0
33,330127,1,1,0,0,0,1,1,11,350,21,12,2016,4,0,50,1,2,3,1,8,"EVERETTE TURNPIKE","",99998,42.7796,-71.49399167,0,32,0,0,5,1,0,8,3,1,0,1,0,"0000000",0,50,1,8,1,21,20,0,0,1,1
33,330128,2,2,0,0,0,3,3,9,300,20,12,2016,3,16,50,0,1,4,4,2,"US-302","",99998,44.30175833,-71.80449444,0,12,2,0,1,1,0,1,5,10,0,10,0,"0000000",16,55,17,13,17,35,0,0,0,1,0
33,330129,1,1,0,0,0,1,1,15,195,27,12,2016,3,22,50,0,2,6,1,6,"EAST ROAD","",0,42.86871944,-71.15168611,0,42,0,0,1,1,0,4,2,10,0,10,0,"0000000",22,51,23,0,88,88,0,0,0,1,1
33,330130,1,1,0,0,0,1,1,13,41,28,12,2016,4,13,10,1,1,1,1,1,"I-93","",99998,43.36125278,-71.61230278,0,24,0,0,1,1,0,4,1,10,0,10,0,"0000000",13,10,13,24,14,3,0,0,0,1,0
34,340001,1,1,0,0,0,1,1,1,851,3,1,2016,1,4,26,1,2,2,31,8,"ATLANTIC CITY EXPY","",101,39.43943889,-74.59921944,0,42,0,0,1,1,0,3,2,1,0,1,0,"0000000",4,32,4,41,5,10,0,0,0,1,1
34,340002,1,1,0,0,0,1,1,25,2374,2,1,2016,7,0,33,0,2,4,1,3,"SR-71 NORWOOD AVE","",125,40.27531389,-74.00295833,0,33,0,0,1,1,0,4,2,1,0,1,0,"0000000",0,33,0,48,88,88,0,0,0,1,1
34,340003,1,1,0,0,0,3,3,25,0,30,1,2016,7,3,3,0,2,7,3,5,"GREENWOOD RD","",12,40.39529444,-74.25988611,0,48,0,0,1,1,0,4,3,1,0,1,0,"0000000",99,99,99,99,99,99,0,0,0,1,1
34,340004,2,2,0,0,0,2,2,29,1801,22,1,2016,6,9,18,0,2,4,2,4,"CR-530","",226,39.94669722,-74.33743333,0,12,2,0,1,1,0,1,1,1,0,1,0,"0000000",99,99,99,99,99,99,0,0,0,1,0
34,340005,1,1,0,0,0,1,1,37,1576,22,1,2016,6,15,6,1,1,3,1,3,"SR-15","BEAVER RUN RD",179,41.10367778,-74.69458889,0,24,0,0,3,3,0,4,1,1,0,1,0,"0000000",99,98,99,98,99,98,0,0,0,1,0
34,340006,2,2,0,0,0,8,8,23,3144,1,1,2016,6,5,13,1,2,3,1,2,"US-1","CR-610 DEANS LANE",197,40.42111111,-74.52884167,0,12,6,0,2,3,0,1,3,1,0,1,0,"0000000",5,17,5,18,6,37,0,0,0,1,0
34,340007,1,1,0,1,1,1,1,13,2130,2,1,2016,7,20,30,0,2,4,4,6,"BERGEN ST","",0,40.74030278,-74.19243889,0,8,0,0,1,1,0,1,3,1,0,1,0,"0000000",20,30,20,30,20,38,0,0,0,1,0
34,340008,1,1,0,0,0,2,2,15,0,20,1,2016,4,7,19,1,2,2,1,3,"SR-55","",468,39.67126111,-75.13066111,0,42,0,0,1,1,0,3,1,1,0,1,0,"0000000",7,24,7,29,99,99,0,0,0,1,0
34,340009,2,2,0,0,0,2,2,37,3448,29,1,2016,6,18,1,0,2,5,2,4,"CR-565 GLENWOOD RD","",130,41.21936944,-74.53227222,0,12,2,0,1,1,0,1,2,1,0,1,0,"0000000",99,99,99,99,88,88,0,0,0,1,1
34,340010,1,1,0,1,1,1,1,41,1572,6,1,2016,4,1,18,1,1,3,1,2,"US-46","",29,40.89461111,-75.06743889,0,8,0,0,1,1,0,2,2,1,0,1,0,"0000000",99,99,99,99,88,88,0,0,0,1,0
34,340011,1,1,0,1,1,3,3,15,0,12,1,2016,3,20,43,1,2,3,1,3,"SR-42 BLACK HORSE PIKE","PROSSER AVE",22,39.71565278,-75.01918611,0,8,0,0,3,3,0,1,3,1,0,1,0,"0000000",99,99,99,99,88,88,0,0,0,1,0
34,340012,2,2,0,0,0,2,2,15,0,8,1,2016,6,21,38,1,2,3,1,3,"SR-42 BLACK HORSE PIKE","PEDRICK AVE",4,39.69410556,-74.99772222,0,12,6,0,2,2,0,1,3,1,0,1,0,"0000000",21,40,21,56,22,15,0,0,0,1,0
34,340013,1,1,0,0,0,1,1,15,1751,17,1,2016,1,4,50,0,2,5,2,4,"CR-653 PAULSBORO RD","",25,39.78875833,-75.30660556,0,38,0,0,1,1,0,5,2,1,0,1,0,"0000000",99,99,99,99,88,88,0,0,0,1,0
34,340014,1,1,0,0,0,2,2,3,890,16,1,2016,7,3,4,1,2,2,1,3,"SR-4","",90,40.87870556,-73.98026944,0,33,0,1,19,1,0,4,3,2,0,2,0,"0000000",3,13,3,17,99,99,0,0,0,1,0
34,340015,2,2,0,0,0,2,2,5,0,21,1,2016,5,6,45,1,2,3,1,3,"SR-70","CR-530 LAKEHURST RD",332,39.94940278,-74.48733333,0,12,2,0,2,4,0,1,1,1,0,1,0,"0000000",99,99,99,99,99,99,0,0,0,1,0
34,340016,2,2,0,0,0,6,6,11,1970,21,1,2016,5,13,43,1,2,2,1,3,"SR-55","",249,39.39453056,-75.01091111,0,12,1,1,18,1,0,1,1,1,0,1,0,"0000000",13,48,14,8,14,40,0,0,0,1,0
34,340017,2,2,0,0,0,4,4,27,2084,26,2,2016,6,6,19,1,2,3,1,2,"US-206","HERMANE DR",896,40.81445278,-74.71204444,0,12,2,0,1,1,0,1,1,1,0,1,0,"0000000",99,99,99,99,99,99,0,0,0,1,0
34,340018,2,2,0,0,0,2,2,33,2960,25,1,2016,2,8,14,1,2,3,1,3,"SR-49 E BROADWAY","",98,39.56329167,-75.45824722,0,12,6,0,8,1,0,1,1,10,0,10,0,"0000000",8,26,8,32,8,44,0,0,0,1,0
34,340019,1,1,0,1,1,1,1,27,2810,26,2,2016,6,5,0,1,2,3,1,3,"SR-23","",120,40.98773611,-74.30763889,0,8,0,0,1,1,0,1,3,1,0,1,0,"0000000",4,58,5,0,88,88,23,0,0,1,0
34,340020,1,1,0,1,1,1,1,25,2109,13,2,2016,7,18,31,0,2,4,1,3,"SR-71","SR-33",76,40.21053889,-74.01536944,0,8,0,0,3,3,0,1,3,1,0,1,0,"0000000",99,99,99,99,99,99,0,0,0,1,0
34,340021,1,1,0,1,1,1,1,27,0,24,2,2016,4,19,58,0,2,4,1,3,"SR-124 MADISON AVE","PITNEY PLACE",17,40.78691944,-74.45453889,0,8,0,0,3,3,0,1,3,2,0,2,0,"0000000",99,99,99,99,99,99,0,0,0,1,0
34,340022,1,1,0,1,1,2,2,9,0,15,3,2016,3,21,13,0,2,4,1,2,"US-9 SHORE RD","",113,39.06495278,-74.833475,0,8,0,0,1,1,0,1,2,1,0,1,0,"0000000",21,14,21,17,88,88,0,0,0,1,0
34,340023,1,1,0,1,1,1,1,25,2680,2,1,2016,7,18,9,1,2,3,1,3,"SR-36","MAIN ST",189,40.42743889,-74.10568889,0,8,0,0,2,2,0,1,3,1,0,1,0,"0000000",99,99,99,99,88,88,0,0,0,1,0
34,340024,1,1,0,1,1,1,1,31,660,20,1,2016,4,6,41,0,2,5,2,4,"CR-624 II RIVER RD","",12,40.8321,-74.12303889,0,8,0,0,1,1,0,1,3,1,0,1,0,"0000000",6,46,99,99,99,99,0,0,0,1,0
34,340025,2,2,0,0,0,5,5,23,2417,15,3,2016,3,12,23,1,2,3,1,2,"US-9","",1246,40.397775,-74.30720556,0,12,2,0,1,1,0,1,1,1,0,1,0,"0000000",12,31,12,43,13,14,0,0,0,3,0
34,340026,1,1,0,0,0,1,1,15,1082,2,3,2016,4,6,51,0,1,5,2,4,"CR-555 MAIN ROAD","MARSHALL MILL RD",245,39.59761111,-75.00893333,0,30,0,0,3,3,0,4,1,1,0,1,0,"0000000",6,51,6,59,7,34,0,0,0,1,0
34,340027,2,2,0,0,0,2,2,7,1235,26,3,2016,7,11,17,1,2,3,1,3,"SR-168","NARBERTH AVE",78,39.87791667,-75.08451667,0,12,6,0,4,1,0,1,1,1,0,1,0,"0000000",11,21,11,25,12,1,0,0,0,1,0
34,340028,1,1,0,0,0,1,1,37,1993,28,3,2016,2,11,39,0,1,5,2,4,"CR-521 RIVER ROAD","",400,41.33146389,-74.75188889,0,30,0,0,1,1,0,4,1,2,0,2,0,"0000000",11,39,12,5,88,88,0,0,0,1,0
34,340029,1,1,0,0,0,1,1,37,3501,22,3,2016,3,21,0,0,1,5,2,4,"CR-650 DECKERTOWN TURNPIKE","",91,41.25276944,-74.66898056,0,34,0,0,1,1,0,4,2,1,0,1,0,"0000000",16,1,16,1,16,44,0,0,0,1,0
34,340030,1,1,0,0,0,3,3,41,314,3,3,2016,5,16,54,1,1,1,1,1,"I-80","",90,40.93493889,-75.01501111,0,35,0,0,1,1,0,3,1,1,0,1,0,"0000000",16,56,17,4,99,99,0,0,0,3,1
34,340031,1,1,0,0,0,1,1,31,3522,22,3,2016,3,13,56,0,2,7,4,6,"BIRCHWOOD TER","CLINTON LN",4,40.93661389,-74.23516111,0,19,0,0,3,3,0,5,1,1,0,1,0,"0000000",99,99,99,99,99,99,0,0,0,1,0
34,340032,1,1,0,0,0,1,1,9,0,22,3,2016,3,6,54,1,2,2,31,8,"GSP-444 GARDEN STATE PARKWAY","",240,39.24756944,-74.65646944,0,42,0,0,1,1,0,3,2,1,0,1,0,"0000000",7,2,7,13,88,88,0,0,0,1,1
34,340033,2,2,0,0,0,2,2,29,1801,17,3,2016,5,16,31,0,2,4,2,4,"CR-530 WHITING NEW EGYPT RD","",99999,39.95827222,-74.38988611,0,12,2,0,1,1,0,1,1,2,0,2,0,"0000000",99,99,99,99,17,35,0,0,0,1,1
34,340034,1,1,0,1,1,1,1,25,0,14,3,2016,2,22,24,0,2,7,3,5,"STONEHURST BLVD","",14,40.23411389,-74.27674444,0,8,0,0,1,1,0,1,3,2,0,2,0,"0000000",99,99,99,99,99,99,0,0,0,1,0
34,340035,2,1,1,0,1,1,2,29,1755,22,3,2016,3,8,38,0,2,4,2,4,"CR-607","SEAVIEW DR",159,39.73425278,-74.12051944,0,45,0,0,1,1,1,1,1,1,0,1,0,"0000000",99,99,99,99,99,99,0,0,0,1,0
34,340036,1,1,0,1,1,3,3,25,1465,10,1,2016,1,22,44,1,1,3,1,2,"US-9","",1095,40.19309167,-74.25232222,0,8,0,0,1,1,0,1,2,1,0,1,0,"0000000",22,48,22,53,23,16,0,0,0,1,0
34,340037,1,1,0,0,0,1,1,9,0,9,1,2016,7,13,49,1,1,3,1,3,"SR-347/CR-670","",6,39.21275833,-74.87299167,0,42,0,0,1,1,0,4,1,1,0,1,0,"0000000",13,40,13,44,88,88,0,0,0,1,0
34,340038,1,1,0,0,0,1,1,7,0,15,3,2016,3,6,11,1,2,2,31,8,"446 ATLANTIC CITY EXRESSWAY","",419,39.75518889,-75.0349,0,42,0,0,1,1,0,5,2,2,0,2,0,"0000000",6,14,99,99,88,88,0,0,0,1,0
34,340039,1,1,0,1,1,1,1,15,3569,7,3,2016,2,20,26,1,2,1,1,1,"I-295","",242,39.86125,-75.14885,0,8,0,0,1,1,0,1,3,1,0,1,0,"0000000",20,28,20,35,99,99,19,0,0,1,0
34,340040,1,1,0,1,1,2,2,39,3207,2,3,2016,4,16,18,1,2,3,1,3,"SR-124 MORRIS AVE","CR-635 MOUNTAIN AVE",112,40.71110833,-74.31109167,0,8,0,0,3,3,0,1,1,1,0,1,1,"0000000",16,17,16,27,16,46,0,0,0,1,0
34,340041,1,1,0,0,0,2,2,25,1465,26,3,2016,7,2,29,0,2,5,2,4,"CR-547","",187,40.20814167,-74.15693611,0,42,0,0,1,1,0,5,2,1,0,1,0,"0000000",2,34,2,50,88,88,0,0,0,2,1
34,340042,1,1,0,0,0,2,2,11,1845,25,3,2016,6,15,5,0,1,4,1,3,"SR-49 DELSEA DRIVE","",437,39.35128889,-74.91043889,0,42,0,0,1,1,0,5,1,1,0,1,0,"0000000",15,7,15,21,15,29,0,0,0,1,0
34,340043,2,2,0,0,0,2,2,11,3460,21,3,2016,2,1,50,1,2,2,1,3,"SR-55","",330,39.28676111,-74.98611944,0,12,1,0,1,1,0,1,2,4,0,4,0,"0000000",99,99,99,99,99,99,0,0,0,1,1
34,340044,2,2,0,0,0,2,2,1,1105,1,3,2016,3,14,0,0,2,4,2,4,"CR-575 POMONA RD","",137,39.48683889,-74.55641667,0,12,8,0,1,1,0,1,1,1,0,1,0,"0000000",14,30,14,30,99,99,0,0,0,1,0
34,340045,3,3,0,0,0,4,4,29,1801,15,4,2016,6,7,9,1,2,3,1,3,"SR-70","SAM PITTS RD",376,39.95780278,-74.40622778,0,12,1,0,3,3,0,1,1,1,0,1,0,"0000000",7,22,7,38,8,26,0,0,0,1,0