"STATE","ST_CASE","VE_TOTAL","VE_FORMS","PVH_INVL","PEDS","PERNOTMVIT","PERMVIT","PERSONS","COUNTY","CITY","DAY","MONTH","YEAR","DAY_WEEK","HOUR","MINUTE","NHS","RUR_URB","FUNC_SYS","RD_OWNER","ROUTE","TWAY_ID","TWAY_ID2","MILEPT","LATITUDE","LONGITUD","SP_JUR","HARM_EV","MAN_COLL","RELJCT1","RELJCT2","TYP_INT","WRK_ZONE","REL_ROAD","LGT_COND","WEATHER1","WEATHER2","WEATHER","SCH_BUS","RAIL","NOT_HOUR","NOT_MIN","ARR_HOUR","ARR_MIN","HOSP_HR","HOSP_MN","CF1","CF2","CF3","FATALS","DRUNK_DR"
34,340046,2,2,0,0,0,3,3,23,1910,16,4,2016,7,12,56,1,2,3,1,3,"SR-27 ESSEX AVE","BRIDGE ST",229,40.53488611,-74.37506389,0,12,6,0,2,3,0,1,1,1,0,1,0,"0000000",99,99,99,99,99,99,0,0,0,1,0
34,340047,1,1,0,1,1,1,1,21,3509,19,4,2016,3,6,12,0,2,4,2,4,"CR-526 ROBBINSVILLE RD","",54,40.23402222,-74.6166,0,8,0,0,1,1,0,1,4,1,0,1,0,"0000000",99,99,99,99,88,88,0,0,0,1,0
34,340048,3,3,0,0,0,4,4,5,2081,7,1,2016,5,15,4,0,2,5,2,4,"CR-612","HAINESPORT RD",24,39.93046111,-74.89751111,0,12,7,0,3,2,0,1,1,1,0,1,0,"0000000",15,13,15,20,16,1,0,0,0,1,0
34,340049,1,1,0,1,1,1,1,21,1265,4,1,2016,2,3,50,1,2,2,31,8,"NEW JERSEY TURNPIKE SNO","",575,40.16623889,-74.64683889,0,8,0,0,1,1,0,1,2,1,0,1,0,"0000000",3,56,4,19,88,88,0,0,0,1,0
34,340050,2,2,0,0,0,2,2,25,1560,22,2,2016,2,12,2,1,2,3,1,3,"SR-36 E","ATLANTIC ST",240,40.42751944,-74.19503333,0,12,6,0,2,2,0,1,1,1,0,1,0,"0000000",12,3,12,7,12,47,0,0,0,1,0
34,340051,1,1,0,0,0,1,1,33,2617,15,2,2016,2,18,53,1,2,2,1,3,"SR-55","",384,39.56948889,-75.06291111,0,42,0,0,1,1,0,4,2,2,0,2,0,"0000000",99,99,99,99,99,99,0,0,0,1,0
34,340052,1,1,0,0,0,1,1,23,2417,15,2,2016,2,15,46,1,2,2,31,8,"GARDEN STATE PARKWAY - EXP LN","",1214,40.43708889,-74.25458889,0,42,0,1,19,1,0,3,1,4,0,4,0,"0000000",15,54,16,13,17,20,0,0,0,1,0
34,340053,4,2,2,0,0,6,6,21,1265,3,1,2016,1,11,35,1,2,3,4,2,"US-206 BROAD ST","SAMDIN BLVD",398,40.19490833,-74.72121667,0,12,6,0,2,3,0,1,1,1,0,1,0,"0000000",11,48,12,1,12,21,14,0,0,1,0
34,340054,1,1,0,2,2,2,2,23,1380,16,1,2016,7,15,10,1,2,3,1,3,"SR-27 RARITAN AVE","COLUMBIA ST",179,40.50557222,-74.41598611,0,8,0,0,3,3,0,4,1,1,0,1,0,"0000000",12,14,12,18,12,33,0,0,0,1,0
34,340055,2,2,0,0,0,2,2,33,0,28,1,2016,5,8,1,0,1,5,2,4,"CR-643/STRAUGHNS MILL RD","",29,39.74476944,-75.40641111,0,12,6,0,1,1,0,1,1,1,0,1,0,"0000000",8,1,8,12,88,88,0,0,0,1,0
34,340056,1,1,0,0,0,1,1,3,3730,20,2,2016,7,13,27,1,2,2,31,8,"GSP-444","",1687,41.01576111,-74.06726111,0,24,0,0,1,1,0,4,1,1,0,1,0,"0000000",13,31,13,46,88,88,0,0,0,1,0
34,340057,1,1,0,1,1,2,2,3,1330,28,2,2016,1,18,30,0,2,4,2,4,"CR-40 WILLIAMS AVE","",26,40.86802778,-74.06888889,0,8,0,0,1,1,0,1,3,1,0,1,0,"0000000",18,31,18,42,18,57,0,0,0,1,0
34,340058,2,2,0,0,0,3,3,35,0,15,2,2016,2,17,34,1,2,3,1,2,"US-206","",588,40.41386389,-74.65000833,0,12,6,0,1,1,0,1,3,3,12,3,0,"0000000",99,99,99,99,99,99,0,0,0,1,0
34,340059,1,1,0,0,0,2,2,29,0,6,2,2016,7,18,46,0,2,5,2,4,"CR-640 ARCHERTOWN RD","",19,40.06671389,-74.50141111,0,30,0,0,1,1,0,4,2,1,0,1,0,"0000000",18,43,18,43,19,16,0,0,0,1,0
34,340060,1,1,0,0,0,1,1,3,560,4,2,2016,5,21,51,1,2,1,31,1,"I-95/WESTERN ALIGNMENT","",86,40.81131944,-74.06326111,0,33,0,1,5,1,0,4,3,1,0,1,0,"0000000",99,99,99,99,99,99,0,0,0,1,1
34,340061,2,2,0,0,0,2,2,29,3060,10,2,2016,4,15,40,1,2,3,1,3,"SR-72 W","BARNEGAT AVE",284,39.65208056,-74.17995833,0,12,6,0,2,2,0,1,1,1,0,1,0,"0000000",15,40,15,51,16,32,0,0,0,1,1
34,340062,2,2,0,0,0,2,2,41,0,4,3,2016,6,19,28,1,2,3,1,2,"US-46","CR-619/TITMAN RD",90,40.83501111,-75.01853889,0,12,6,0,2,4,0,1,3,1,0,1,0,"0000000",99,99,99,99,99,99,0,0,0,1,0
34,340063,1,1,0,1,1,1,1,23,2208,21,3,2016,2,12,57,0,2,4,1,3,"SR-171/GEORGES RD","LAUREL PLACE",6,40.46814444,-74.45291667,0,8,0,0,4,1,0,1,1,1,0,1,0,"0000000",13,15,13,17,13,30,0,0,0,1,0
34,340064,1,1,0,0,0,1,1,5,0,17,3,2016,5,16,24,0,1,7,3,5,"INDIAN TRAIL","",2,39.97605556,-74.71507778,0,30,0,0,1,1,0,4,1,10,0,10,0,"0000000",16,24,16,30,16,36,0,0,0,1,0
34,340065,1,1,0,0,0,1,1,29,0,16,4,2016,7,14,28,0,1,7,3,5,"HAMBLE RD","GIMBALL RD",0,39.63261389,-74.33197222,0,30,0,0,3,3,0,4,1,1,0,1,0,"0000000",14,30,14,34,15,18,0,0,0,1,0
34,340066,1,1,0,0,0,1,1,33,0,29,4,2016,6,7,23,0,1,4,1,3,"SR-77POLE TAVERN-BRIDGETON RD","",112,39.46106944,-75.20743889,0,30,0,0,1,1,0,4,1,1,0,1,0,"0000000",7,28,7,33,88,88,0,0,0,1,1
34,340067,1,1,0,0,0,1,1,11,3460,18,2,2016,5,1,17,0,2,4,1,3,"SR-47 N DELSEA DR","",493,39.530475,-75.04392222,0,38,0,0,1,1,0,4,3,1,0,1,0,"0000000",1,17,99,97,99,97,0,0,0,1,1
34,340068,1,1,0,0,0,1,1,39,3207,18,2,2016,5,2,18,1,2,3,1,2,"US-22","",527,40.68719167,-74.31686667,0,33,0,0,1,1,0,3,2,1,0,1,0,"0000000",2,25,2,34,88,88,0,0,0,1,1
34,340069,2,2,0,0,0,7,7,11,0,4,2,2016,5,7,42,1,2,3,1,3,"SR-49","",274,39.42373889,-75.20183056,0,12,6,0,1,1,0,1,1,10,0,10,1,"0000000",7,46,8,1,9,0,0,0,0,1,0
34,340070,1,1,0,0,0,1,1,15,0,21,2,2016,1,1,12,0,2,7,3,5,"WALNUT ST","",2,39.6825,-74.98386389,0,30,0,0,1,1,0,4,3,1,0,1,0,"0000000",99,99,99,99,88,88,0,0,0,1,1
34,340071,1,1,0,0,0,1,1,11,0,19,4,2016,3,3,11,0,1,4,2,4,"CR-553/ MAIN ST","",49,39.27436944,-75.10665278,0,30,0,0,1,1,0,4,2,1,0,1,0,"0000000",99,99,99,99,88,88,0,0,0,1,0
34,340072,2,2,0,0,0,3,3,27,0,8,1,2016,6,10,41,0,2,4,2,4,"CR-512 VALLEY RD","NORTHFIELD RD",219,40.6656,-74.51634444,0,12,6,0,2,2,0,1,1,1,0,1,0,"0000000",99,99,99,99,99,99,0,0,0,1,0
34,340073,1,1,0,0,0,1,1,41,18,13,2,2016,7,20,6,1,1,1,1,1,"I-80 W","",203,40.91726944,-74.80825,0,33,0,0,1,1,0,3,3,1,0,1,0,"0000000",20,7,20,25,21,13,0,0,0,1,0
34,340074,1,1,0,0,0,1,1,11,1970,24,4,2016,1,4,39,1,2,2,1,3,"SR-55","",290,39.43718056,-75.0592,0,1,0,0,1,1,0,3,2,1,0,1,0,"0000000",4,39,4,47,88,88,0,0,0,1,1
34,340075,3,3,0,0,0,4,4,29,145,1,2,2016,2,17,4,1,2,3,1,3,"SR-72","SR-554",163,39.77748889,-74.33268056,0,12,8,0,3,3,0,1,2,2,0,2,0,"0000000",99,99,99,99,99,99,0,0,0,1,0
34,340076,1,1,0,1,1,2,2,13,2130,6,2,2016,7,22,36,1,2,1,1,1,"I-78","",551,40.71586111,-74.21843889,0,8,0,1,18,1,0,1,2,1,0,1,0,"0000000",99,99,99,99,88,88,19,0,0,1,0
34,340077,1,1,0,0,0,4,4,11,3460,20,2,2016,7,4,23,0,2,4,2,4,"CR-540 E LANDIS AVE","",374,39.48366389,-74.97381944,0,53,0,0,1,1,0,4,2,1,0,1,0,"0000000",4,27,4,34,5,0,0,0,0,1,1
34,340078,1,1,0,1,1,1,1,7,0,21,2,2016,1,21,11,0,2,4,2,4,"CR-673 COLLEGE DR","CR-759 LITTLE GLOUCESTER",11,39.79101944,-75.0368,0,8,0,0,3,2,0,1,3,2,0,2,0,"0000000",1,12,1,30,88,88,0,0,0,1,0
34,340079,2,1,1,1,1,1,1,17,190,27,4,2016,4,14,15,1,2,4,2,4,"CR-501 KENNEDY BLVD","W 31ST ST",254,40.672275,-74.11776667,0,8,0,0,3,2,0,2,1,1,0,1,0,"0000000",99,99,99,99,99,99,0,0,0,1,0
34,340080,2,2,0,0,0,3,3,29,3360,2,2,2016,3,11,25,0,2,4,2,4,"CR-622 COX CRO RD","VERMONT AVE",16,40.02623611,-74.21304722,0,12,6,0,2,2,0,1,1,1,0,1,0,"0000000",11,21,11,22,11,37,0,0,0,1,0
34,340081,1,1,0,1,1,2,2,13,1480,26,2,2016,6,12,27,1,2,3,2,4,"CR-603 SPRINGFIELD AVE","BRUEN AVE",13,40.72765,-74.22333611,0,8,0,0,2,3,0,1,1,1,0,1,0,"0000000",99,99,99,99,99,99,0,0,0,1,0
34,340082,2,2,0,0,0,3,3,5,2081,28,2,2016,1,11,29,0,2,4,2,4,"CR-686 HARTFORD RD","UNION MILL RD",53,39.96198056,-74.88280278,0,12,6,0,2,2,0,1,1,1,0,1,0,"0000000",99,99,99,99,99,99,0,0,0,1,0
34,340083,1,1,0,1,1,1,1,1,1105,10,2,2016,4,6,50,1,2,3,1,2,"US-30 W WHITE HORSE PIKE","S POPLAR AVE",481,39.46253889,-74.55038611,0,8,0,0,3,3,0,1,4,4,0,4,1,"0000000",6,53,6,57,88,88,0,0,0,1,0
34,340084,1,1,0,1,1,1,1,3,3350,18,2,2016,5,6,14,1,2,3,1,2,"US-46","",685,40.86103056,-74.05751389,0,8,0,0,1,1,0,1,4,1,0,1,0,"0000000",6,26,6,51,88,88,0,0,0,1,0
34,340085,1,1,0,1,1,1,1,1,10,11,1,2016,2,23,57,1,2,3,1,2,"US-30 WHITE HORSE PIKE","CR-651 MILL RD",511,39.43195833,-74.51125833,0,8,0,0,3,2,0,1,3,1,0,1,0,"0000000",23,56,23,58,88,88,0,0,0,1,0
34,340086,1,1,0,0,0,2,2,23,844,8,1,2016,6,8,19,1,2,1,31,1,"I-95","",406,40.50853889,-74.37383889,0,24,0,0,1,1,0,4,1,1,0,1,0,"0000000",99,99,99,99,99,99,0,0,0,1,0
34,340087,1,1,0,0,0,1,1,25,0,11,2,2016,5,19,4,0,1,7,3,5,"BITTNER RD","",5,40.21476667,-74.43921389,0,24,0,0,1,1,0,4,2,1,0,1,0,"0000000",99,99,99,99,20,11,0,0,0,1,0
34,340088,2,2,0,0,0,3,3,25,3475,30,3,2016,4,15,14,1,2,2,31,8,"444 GARDEN STATE PARKWAY","",963,40.14441944,-74.11086111,0,24,0,0,1,1,0,4,1,1,0,1,0,"0000000",99,99,99,99,99,99,14,0,0,1,0
34,340089,2,2,0,0,0,3,3,13,2130,20,1,2016,4,19,15,1,2,1,31,1,"I-95","",595,40.7083,-74.1562,0,26,0,0,1,1,0,1,3,1,0,1,0,"0000000",19,31,19,40,20,7,14,25,0,1,0
34,340090,1,1,0,1,1,4,4,13,2130,3,1,2016,1,18,5,1,2,3,2,4,"CR-506 SPUR/BLOOMFIELD AVE","MOUNT PROSPECT AVE",35,40.758775,-74.17541944,0,8,0,0,3,2,0,1,3,1,0,1,0,"0000000",99,99,99,99,88,88,0,0,0,1,0
34,340091,3,3,0,0,0,5,5,13,2130,12,1,2016,3,14,23,0,2,4,4,6,"IRVINE TURNER BLVD","WEST BIGELOW ST",0,40.71798611,-74.19507778,0,12,6,0,2,2,0,1,1,1,0,1,0,"0000000",14,23,14,24,14,44,0,0,0,1,0
34,340092,1,1,0,0,0,1,1,33,2725,15,1,2016,6,6,57,1,1,3,1,3,"SR-49(SALEM-QUINTON RD)","",115,39.55523056,-75.43228056,0,30,0,0,1,1,0,4,1,1,0,1,0,"0000000",99,99,99,99,99,99,0,0,0,1,0
34,340094,1,1,0,0,0,3,3,19,0,6,1,2016,4,11,40,1,2,1,1,1,"I-78","",211,40.64723056,-74.82811944,0,24,0,0,1,1,0,4,1,1,0,1,0,"0000000",11,39,11,58,88,88,0,0,0,1,0
34,340095,1,1,0,0,0,2,2,37,3239,21,2,2016,1,5,29,0,1,7,3,5,"OLD FOUNDRY RD","CR-617",0,41.07746389,-74.88980833,0,34,0,0,3,3,0,4,2,1,0,1,0,"0000000",99,99,99,99,99,99,0,0,0,1,0
34,340096,1,1,0,1,1,3,3,39,860,28,2,2016,1,3,0,1,2,1,31,1,"I-95","",571,40.67121111,-74.17723889,0,8,0,0,1,1,0,1,3,1,0,1,0,"0000000",99,99,99,99,99,99,0,0,0,1,0
34,340097,2,2,0,0,0,2,2,13,2130,28,3,2016,2,14,26,1,2,1,31,1,"I-95","",596,40.70913056,-74.15023889,0,12,7,0,1,1,0,1,1,1,0,1,0,"0000000",99,99,99,99,99,99,19,0,0,1,0
34,340098,1,1,0,1,1,2,2,7,520,3,1,2016,1,19,33,1,2,3,1,2,"US-30 ADMIRAL WILSON BLVD","",24,39.93897778,-75.09329444,0,8,0,1,18,1,0,1,3,1,0,1,0,"0000000",99,99,99,99,99,99,0,0,0,1,0
34,340099,1,1,0,0,0,2,2,15,0,8,1,2016,6,12,9,0,2,4,2,4,"CR-678 MANTUA RD","",37,39.79592778,-75.1972,0,33,0,0,1,1,0,4,1,1,0,1,0,"0000000",12,9,12,13,12,45,0,0,0,1,0
34,340100,1,1,0,0,0,1,1,15,747,22,1,2016,6,8,51,0,2,7,4,6,"SHETLAND WAY","",0,39.85776111,-75.12129167,0,31,0,0,1,1,0,4,1,1,0,1,0,"0000000",8,53,9,1,9,11,0,0,0,1,0
34,340101,1,1,0,1,1,1,1,7,598,28,1,2016,5,19,26,0,2,4,1,3,"SR-41 (KINGS HIGHWAY)","ELKINS RD",117,39.92434444,-74.99886667,0,8,0,0,1,1,0,1,3,1,0,1,0,"0000000",19,26,19,30,20,3,0,0,0,1,0
34,340102,1,1,0,1,1,1,1,7,3270,31,1,2016,1,19,42,1,2,3,1,2,"US-30","",121,39.83005,-75.00123889,0,8,0,0,1,1,0,1,3,1,0,1,0,"0000000",19,43,19,50,88,88,0,0,0,1,0
34,340103,2,2,0,1,1,4,4,7,280,29,1,2016,6,19,24,0,2,4,2,4,"CR-561(TANSBORO RD)","GARDEN AVE",359,39.79106389,-74.92925278,0,8,0,0,3,3,0,1,3,1,0,1,0,"0000000",19,25,19,29,20,52,0,0,0,1,0
34,340104,2,2,0,0,0,2,2,7,598,18,2,2016,5,19,6,0,2,4,2,4,"CR-667(MELROSE AVE)","ESSEX AVE",10,39.87078333,-75.01571944,0,12,6,0,2,2,0,1,3,1,0,1,0,"0000000",19,4,19,16,19,32,0,0,0,1,0
34,340105,1,1,0,0,0,1,1,7,3521,20,2,2016,7,0,52,0,1,7,4,6,"PESTLETON RD","",0,39.71534722,-74.81909444,0,38,0,0,1,1,0,5,2,1,0,1,0,"0000000",0,53,1,6,88,88,0,0,0,1,1
34,340106,1,1,0,0,0,1,1,15,747,24,2,2016,4,14,20,0,2,4,2,4,"CR-621","MAY AVE",9,39.79951389,-75.08899722,0,30,0,0,3,3,0,4,1,1,0,1,0,"0000000",14,30,14,39,99,99,0,0,0,1,0
34,340107,1,1,0,0,0,1,1,3,3480,14,1,2016,5,21,11,0,2,4,2,4,"CR-61(MAIN AVE)","MIDLAND AVE",0,40.85985556,-74.10643611,0,52,0,0,3,3,0,5,3,1,0,1,0,"0000000",99,99,99,99,88,88,0,0,0,1,0
34,340108,1,1,0,0,0,3,3,11,0,14,2,2016,1,3,7,0,1,5,2,4,"CR-635","",16,39.49326667,-75.29701944,0,35,0,0,1,1,0,4,2,1,0,1,0,"0000000",3,0,3,15,3,44,0,0,0,2,0
34,340109,1,1,0,1,1,1,1,17,3590,29,2,2016,2,8,19,0,2,7,4,6,"VAN BUREN PL","61ST ST",15,40.79007778,-74.01605556,0,8,0,0,2,2,0,1,1,1,0,1,0,"0000000",8,20,8,25,8,43,0,0,0,1,0
34,340110,1,1,0,0,0,1,1,31,0,1,1,2016,6,2,5,0,1,7,3,5,"MORSETOWN RD","",6,41.12258056,-74.35813056,0,53,0,0,1,1,0,4,3,1,0,1,0,"0000000",2,11,2,11,88,88,0,0,0,1,1
34,340111,3,3,0,0,0,4,4,17,1520,22,2,2016,2,15,19,1,2,1,31,1,"I-95","",641,40.70641944,-74.06198889,0,43,0,1,19,1,0,3,1,1,0,1,0,"0000000",99,99,99,99,99,99,25,0,0,2,0
34,340112,2,2,0,0,0,2,2,3,2942,20,2,2016,7,1,23,1,2,1,1,1,"I-80 EXP LANE","",635,40.89596111,-74.07988056,0,12,2,0,1,1,0,1,3,1,0,1,0,"0000000",1,29,1,37,99,99,0,0,0,1,1
34,340113,1,1,0,0,0,1,1,3,1775,11,2,2016,5,11,36,0,2,7,4,6,"NEW YORK AVE","",0,40.81140833,-74.11558889,0,5,0,0,8,1,0,1,1,1,0,1,0,"0000000",99,99,99,99,99,99,0,0,0,1,0
34,340114,1,1,0,1,1,2,2,35,380,26,2,2016,6,15,54,0,2,4,2,4,"CR-527/CR-533 E MAIN ST","HAMILTON ST",534,40.56156944,-74.53000833,0,8,0,0,3,3,0,1,1,1,0,1,0,"0000000",15,59,16,8,16,35,0,0,0,1,0
34,340115,1,1,0,0,0,1,1,23,2417,25,3,2016,6,3,40,0,2,7,3,5,"PLEASANT VALLEY RD","",0,40.37330556,-74.32845833,0,30,0,0,1,1,0,4,2,1,0,1,0,"0000000",99,99,99,99,88,88,0,0,0,1,1
34,340116,2,2,0,0,0,6,6,19,2757,25,3,2016,6,14,37,0,1,4,2,4,"CR-523(FLEMINGTON-WHITEHOUSE)","",141,40.54975556,-74.82230833,0,59,0,0,1,1,0,4,1,1,0,1,0,"0000000",14,41,14,59,15,11,0,0,0,2,0
34,340117,1,1,0,3,3,1,1,17,2205,5,3,2016,7,21,15,1,2,3,2,4,"CR-501 KENNEDY BLVD","26TH ST",338,40.77096944,-74.03646944,0,42,0,0,3,3,0,4,3,1,0,1,0,"0000000",21,20,21,24,22,12,0,0,0,2,0
34,340118,1,1,0,1,1,2,2,29,1590,19,3,2016,7,21,40,1,2,3,2,4,"CR-526  E COUNTY LINE RD","",323,40.10546389,-74.20862222,0,8,0,0,1,1,0,1,2,1,0,1,0,"0000000",21,45,21,48,22,12,0,0,0,1,0
34,340119,1,1,0,1,1,2,2,7,2545,28,3,2016,2,23,21,1,2,3,1,2,"US-130","49TH ST",324,39.95362778,-75.06128333,0,8,0,0,1,1,0,1,3,1,0,1,0,"0000000",23,23,23,28,88,88,0,0,0,1,1
34,340120,1,1,0,1,1,1,1,15,0,9,3,2016,4,4,11,0,2,4,2,4,"CR-659(E MALAGA RD)","",57,39.68621667,-74.94774444,0,8,0,0,1,1,0,1,3,1,0,1,0,"0000000",4,13,4,20,5,2,0,0,0,1,0
34,340121,1,1,0,0,0,2,2,15,0,14,3,2016,2,18,53,1,2,3,1,2,"US-322","BERKELEY DR",48,39.76821389,-75.33095,0,33,0,0,3,2,0,10,3,2,0,2,0,"0000000",18,45,18,48,19,29,0,0,0,1,0
34,340122,1,1,0,0,0,1,1,31,2510,30,3,2016,4,18,46,1,2,3,2,4,"CR-504(HALEDON AVE)","N 2ND ST",138,40.92809444,-74.17084167,0,1,0,0,2,2,0,1,5,1,0,1,0,"0000000",99,99,99,99,99,99,0,0,0,1,0
34,340123,1,1,0,0,0,2,2,29,3360,9,3,2016,4,11,16,1,2,3,2,4,"CR-623(NEW HAMPSHIRE RD)","",49,40.03686944,-74.19924444,0,33,0,0,1,1,0,4,1,1,0,1,0,"0000000",11,18,11,24,11,43,0,0,0,1,0
34,340124,1,1,0,0,0,1,1,21,1650,19,2,2016,6,23,2,0,2,4,4,4,"CR-583(PRINCETON PIKE)","",50,40.297525,-74.7038,0,42,0,0,1,1,0,5,2,1,0,1,0,"0000000",23,7,23,14,88,88,0,0,0,1,1
34,340125,2,2,0,0,0,2,2,21,935,26,3,2016,7,14,8,1,2,3,1,3,"SR-31(PENNINGTON RD)","CENTRAL AVE",23,40.25692778,-74.77880278,0,12,6,0,2,3,0,1,1,1,0,1,0,"0000000",14,11,14,15,14,42,0,0,0,1,1
34,340126,2,2,0,0,0,4,4,27,0,1,4,2016,6,18,52,0,2,4,2,4,"CR-661 MT HOPE AVE","MT PLEASANT AVE",12,40.90280278,-74.54595,0,12,8,0,3,2,0,1,1,1,0,1,0,"0000000",99,99,99,99,88,88,0,0,0,1,0
34,340127,2,2,0,1,1,2,2,21,3380,18,4,2016,2,15,15,1,2,3,1,3,"SR-129","LALOR ST",10,40.19828889,-74.75300833,0,12,6,0,2,2,0,1,1,1,0,1,0,"0000000",99,99,99,99,88,88,0,0,0,1,0
34,340128,2,2,0,0,0,3,3,5,0,15,4,2016,6,11,47,0,1,7,3,6,"HAWKIN RD","",15,39.88436944,-74.78428333,0,12,11,0,1,1,0,1,1,1,0,1,0,"0000000",99,99,99,99,88,88,0,0,0,1,0
34,340129,1,1,0,0,0,1,1,15,747,10,4,2016,1,22,26,1,2,2,1,3,"SR-55","",593,39.82793889,-75.10455,0,42,0,1,19,1,0,3,2,1,0,1,0,"0000000",99,99,99,99,99,99,0,0,0,1,1
34,340130,2,2,0,0,0,2,2,31,2510,16,4,2016,7,21,30,0,2,7,4,6,"N 5TH ST","CLINTON ST",1,40.92742778,-74.17602778,0,12,6,0,2,2,0,1,3,1,0,1,0,"0000000",99,99,99,99,99,99,0,0,0,1,0
34,340131,1,1,0,1,1,2,2,39,2630,21,4,2016,5,20,22,0,2,7,4,6,"W 3RD ST","LEE PL",7,40.60609167,-74.43526389,0,8,0,0,3,2,0,1,3,1,0,1,0,"0000000",20,25,20,27,21,3,0,0,0,1,0
34,340132,2,2,0,0,0,4,4,23,770,6,4,2016,4,11,20,1,2,3,2,4,"CR-529 S WASHINGTON AVE","CR-678 WALNUT ST",70,40.58635278,-74.45773889,0,12,6,0,2,2,0,1,1,1,0,1,0,"0000000",99,99,99,99,99,99,0,0,0,1,0
34,340133,4,4,0,0,0,5,5,29,416,13,4,2016,4,5,5,1,2,2,31,8,"GSP-444(GARDEN STATE PARKWAY)","",920,40.08976944,-74.14801111,0,12,1,0,1,1,0,1,2,1,0,1,0,"0000000",99,99,99,99,88,88,0,0,0,1,0
34,340134,1,1,0,0,0,1,1,35,425,27,4,2016,4,4,5,1,2,3,1,3,"SR-28","HOLLENDER ST",57,40.56909444,-74.57289722,0,33,0,0,3,3,0,4,2,10,0,10,0,"0000000",99,99,99,99,99,99,0,0,0,1,0
34,340135,2,2,0,0,0,2,2,23,2417,15,4,2016,6,16,16,0,2,4,2,4,"CR-527(ENGLISHTOPWN RD)","PLEASANT VALLEY RD",356,40.37538333,-74.35677222,0,12,6,0,2,3,0,1,1,1,0,1,0,"0000000",16,19,16,23,16,37,0,0,0,1,0
34,340136,1,1,0,1,1,1,1,13,2130,13,4,2016,4,11,34,0,2,7,4,6,"JEFFERSON ST","MALVERN ST",7,40.72250278,-74.16568889,0,8,0,0,2,2,0,1,1,1,0,1,0,"0000000",11,41,11,44,12,10,0,0,0,1,0
34,340137,1,1,0,1,1,4,4,13,2130,9,4,2016,7,6,40,1,2,3,2,4,"CR-510 MARKET ST","MULBERRY ST",294,40.73485,-74.16928889,0,8,0,0,2,2,0,1,1,1,0,1,0,"0000000",99,99,99,99,88,88,0,0,0,1,1
34,340138,1,1,0,0,0,1,1,23,3144,16,4,2016,7,3,26,1,2,3,2,4,"CR-535(SOUTH RIVER RD)","PLEASANT HILL RD",169,40.33888611,-74.48471944,0,35,0,0,3,3,0,4,3,1,0,1,0,"0000000",3,28,3,38,88,88,0,0,0,1,1
34,340139,1,1,0,0,0,1,1,29,1580,16,4,2016,7,13,13,1,2,3,1,3,"SR-70","MYRTLE ST",435,40.01230556,-74.32519444,0,33,0,0,3,5,0,4,1,1,0,1,0,"0000000",13,18,13,30,88,88,0,0,0,1,0
34,340140,1,1,0,1,1,1,1,13,2130,25,4,2016,2,21,3,1,2,3,2,4,"CR-510","BROAD ST",0,40.73555556,-74.17216667,0,8,0,0,2,2,0,1,3,1,0,1,0,"0000000",99,99,99,99,99,99,0,0,0,1,0
34,340141,1,1,0,1,1,1,1,1,1270,14,4,2016,5,18,0,1,2,3,1,2,"US-30","",300,39.64798333,-74.78488333,0,8,0,0,16,1,0,1,1,1,0,1,0,"0000000",18,7,18,10,18,30,0,0,0,1,0
34,340142,3,1,2,0,0,1,1,27,2567,16,4,2016,7,20,22,0,2,7,4,6,"GREENWOOD AVE","MADISON ST",0,40.952575,-74.28673611,0,14,0,0,3,3,0,4,3,1,0,1,0,"0000000",20,30,20,37,21,4,14,0,0,1,0
34,340143,1,1,0,0,0,1,1,19,0,30,4,2016,7,13,33,0,1,7,3,5,"SLIKER RD","LITTLE BROOK RD",17,40.74088889,-74.86091944,0,42,0,0,3,3,0,5,1,1,0,1,0,"0000000",99,99,99,99,88,88,0,0,0,1,0
34,340144,1,1,0,0,0,1,1,7,598,30,4,2016,7,2,48,1,2,3,1,3,"SR-38(KAIGHN AVE)","CHURCH RD",40,39.94043611,-75.01018889,0,33,0,0,3,2,0,4,3,1,0,1,0,"0000000",2,49,2,54,88,88,0,0,0,1,1
34,340145,1,1,0,1,1,2,2,39,860,30,4,2016,7,22,35,1,2,3,1,2,"US-1","EAST GRAND ST",445,40.66547778,-74.204975,0,8,0,0,2,2,0,1,3,1,0,1,0,"0000000",99,99,99,99,99,99,0,0,0,1,0
34,340146,1,1,0,0,0,1,1,15,747,6,5,2016,6,5,39,1,2,2,1,3,"SR-55","",597,39.83947222,-75.09866667,0,42,0,0,1,1,0,3,2,2,0,2,0,"0000000",5,47,5,52,88,88,0,0,0,1,1
34,340147,1,1,0,1,1,1,1,31,2510,24,4,2016,1,14,29,0,2,7,4,6,"NORTH 7TH ST","",0,40.92612222,-74.18083056,0,8,0,0,1,1,0,1,1,1,0,1,0,"0000000",99,99,99,99,99,99,0,0,0,1,0
34,340148,2,1,1,1,1,1,1,5,480,22,5,2016,1,0,8,1,2,3,1,2,"US-130","JACKSONVILLE RD",465,40.07297222,-74.85108333,0,33,0,0,3,2,0,3,3,2,0,2,0,"0000000",0,9,0,21,88,88,0,0,0,1,1
34,340149,1,1,0,0,0,1,1,23,779,7,5,2016,7,15,53,1,2,1,31,1,"I-95","",362,40.45434722,-74.41987778,0,24,0,0,1,1,0,4,1,1,0,1,0,"0000000",15,54,16,3,16,31,0,0,0,1,1