"STATE","ST_CASE","VE_TOTAL","VE_FORMS","PVH_INVL","PEDS","PERNOTMVIT","PERMVIT","PERSONS","COUNTY","CITY","DAY","MONTH","YEAR","DAY_WEEK","HOUR","MINUTE","NHS","RUR_URB","FUNC_SYS","RD_OWNER","ROUTE","TWAY_ID","TWAY_ID2","MILEPT","LATITUDE","LONGITUD","SP_JUR","HARM_EV","MAN_COLL","RELJCT1","RELJCT2","TYP_INT","WRK_ZONE","REL_ROAD","LGT_COND","WEATHER1","WEATHER2","WEATHER","SCH_BUS","RAIL","NOT_HOUR","NOT_MIN","ARR_HOUR","ARR_MIN","HOSP_HR","HOSP_MN","CF1","CF2","CF3","FATALS","DRUNK_DR"
34,340150,2,2,0,0,0,3,3,23,1986,4,5,2016,4,13,37,0,2,4,2,4,"CR-615","DAVID BRAINERD DR",98,40.33701667,-74.450025,0,12,6,0,2,3,0,1,1,2,0,2,0,"0000000",13,38,13,41,14,37,0,0,0,1,0
34,340151,1,1,0,1,1,2,2,1,1050,28,5,2016,7,20,56,1,2,3,1,2,"US-322","CAINS MILL RD",299,39.60357778,-74.88128056,0,9,0,0,2,2,0,1,3,1,0,1,0,"0000000",20,59,21,7,88,88,0,0,0,1,0
34,340152,2,2,0,1,1,6,6,13,2130,27,5,2016,6,23,45,0,2,4,2,4,"CR-619(STUYVESANT AVE)","LINDSLEY AVE",24,40.74075,-74.230675,0,8,0,0,3,3,0,1,2,1,0,1,0,"0000000",99,99,99,99,99,99,0,0,0,1,0
34,340153,2,2,0,0,0,2,2,5,0,23,5,2016,2,15,21,0,1,4,1,2,"US-9(NEW YORK RD)","",586,39.59515556,-74.41120556,0,12,8,0,1,1,0,1,1,1,0,1,0,"0000000",99,99,99,99,99,99,0,0,0,1,0
34,340154,1,1,0,0,0,1,1,5,0,18,5,2016,4,23,28,0,1,7,3,5,"HOGBACK RD","",21,40.14305278,-74.68143889,0,53,0,0,1,1,0,4,2,1,0,1,0,"0000000",99,99,99,99,88,88,0,0,0,1,1
34,340155,1,1,0,0,0,5,5,19,0,18,4,2016,2,18,1,1,2,1,1,1,"I-78","",158,40.63202778,-74.92558611,0,1,0,0,1,1,0,3,1,1,0,1,0,"0000000",18,1,18,13,19,58,0,0,0,1,0
34,340156,1,1,0,0,0,1,1,25,3357,31,5,2016,3,15,28,1,2,3,31,8,"GSP-444(GARDEN STATE PARKWAY)","",1036,40.24548333,-74.08300556,0,1,0,0,1,1,0,1,1,1,0,1,0,"0000000",15,31,15,46,16,15,0,0,0,1,0
34,340157,1,1,0,1,1,1,1,13,2130,7,4,2016,5,21,32,1,2,3,1,3,"SR-21 (MCCARTER HWY)","RECTOR ST",27,40.74179444,-74.16606111,0,8,0,0,3,3,0,1,3,1,0,1,0,"0000000",20,36,20,43,21,5,0,0,0,1,0
34,340158,1,1,0,0,0,1,1,1,851,29,4,2016,6,16,15,1,2,2,31,8,"GSP-444(GARDEN STATE PARKWAY)","",329,39.36019722,-74.58864722,0,42,0,0,1,1,0,5,1,2,0,2,0,"0000000",16,20,16,27,16,57,0,0,0,1,0
34,340159,1,1,0,1,1,1,1,13,2130,19,5,2016,5,7,40,1,2,3,2,4,"CR-508(CENTRAL AVE)","LOCK ST",0,40.74470278,-74.179725,0,8,0,0,2,2,0,1,1,1,0,1,0,"0000000",7,49,7,55,8,6,0,0,0,1,0
34,340160,2,2,0,0,0,2,2,39,1700,13,5,2016,6,2,6,1,2,3,1,2,"US-1(HERBERT HWY)","MORSES MILL RD",418,40.63608333,-74.23421944,0,12,6,0,2,3,0,1,3,1,0,1,0,"0000000",99,99,99,99,99,99,0,0,0,1,1
34,340161,1,1,0,0,0,2,2,39,1700,21,5,2016,7,18,20,0,2,7,4,6,"PLEASANT ST","W LINDEN AVE",0,40.61903611,-74.25878611,0,33,0,0,1,1,0,4,1,2,0,2,0,"0000000",99,99,99,99,99,99,0,0,0,1,1
34,340162,2,2,0,0,0,2,2,41,50,25,5,2016,4,12,41,1,2,1,1,1,"I-78","",30,40.66006667,-75.14325833,0,12,6,0,1,1,0,1,1,1,0,1,0,"0000000",12,34,12,43,88,88,0,0,0,1,0
34,340163,1,1,0,0,0,1,1,29,1505,11,5,2016,4,5,11,0,2,4,2,4,"CR-571(CASSVILLE RD)","",0,40.12067778,-74.393025,0,59,0,0,1,1,0,4,1,1,0,1,0,"0000000",99,99,99,99,88,88,0,0,0,1,1
34,340164,1,1,0,0,0,1,1,25,1925,15,5,2016,1,14,52,0,2,5,4,6,"WEST FRONT ST","",0,40.34565,-74.11690833,0,42,0,0,1,1,0,5,1,1,0,1,0,"0000000",99,99,99,99,88,88,0,0,0,1,0
34,340165,2,2,0,0,0,2,2,25,0,12,5,2016,5,7,41,0,2,7,3,5,"SCHOOL RD","",28,40.3079,-74.23806667,0,12,1,0,1,1,0,1,1,1,0,1,1,"0000000",7,45,7,58,8,40,0,0,0,1,0
34,340166,1,1,0,0,0,1,1,25,3475,14,5,2016,7,5,9,1,2,2,31,8,"GSP-444 GARDEN STATE PARKWAY","",944,40.11960833,-74.12857222,0,1,0,0,1,1,0,3,2,5,0,5,0,"0000000",99,99,99,99,88,88,0,0,0,1,1
34,340167,1,1,0,1,1,1,1,13,3600,26,5,2016,5,9,31,0,2,6,4,6,"MISSISSIPPI AVE","HARRISON AVE",0,40.79348333,-74.23267222,0,8,0,0,2,3,0,1,1,1,0,1,0,"0000000",9,35,9,47,88,88,0,0,0,1,0
34,340168,1,1,0,0,0,2,2,5,2840,5,5,2016,5,21,33,0,2,4,2,4,"CR-603(MAIN ST)","CR-543(BROAD ST)",70,40.00964444,-75.01191111,0,10,0,0,6,1,0,1,1,1,0,1,0,"501709C",10,12,10,14,10,15,0,0,0,1,0
34,340169,1,1,0,0,0,1,1,25,0,14,5,2016,7,13,17,0,1,7,98,8,"NOMOCO RD","",0,40.18808333,-74.30817778,0,42,0,0,1,1,0,5,1,1,0,1,0,"0000000",99,99,99,99,88,88,0,0,0,1,0
34,340170,2,2,0,0,0,3,3,21,0,31,5,2016,3,18,36,0,2,4,2,4,"CR-546","SCOTCH RD",33,40.30880556,-74.81270278,0,12,6,0,2,2,0,1,1,1,0,1,0,"0000000",18,38,18,50,88,88,0,0,0,1,0
34,340171,2,2,0,0,0,2,2,33,2586,29,5,2016,1,11,16,1,1,3,1,2,"US-40 (HARDING HIGHWAY)","",131,39.64221667,-75.28460278,0,12,1,0,1,1,0,1,1,1,0,1,0,"0000000",11,19,11,28,11,50,0,0,0,1,0
34,340172,1,1,0,0,0,1,1,25,1760,26,3,2016,7,1,49,0,2,5,2,4,"CR-25LL(NORWOOD AVE)","HOLLYWOOD AVE",3,40.2859,-74.00237222,0,33,0,0,1,1,0,4,3,1,0,1,0,"0000000",99,99,99,99,88,88,0,0,0,1,1
34,340173,2,2,0,0,0,2,2,41,0,26,4,2016,3,17,12,1,2,3,1,3,"SR-31","",455,40.79508889,-74.97508889,0,12,2,0,1,1,0,2,1,1,0,1,0,"0000000",17,14,17,29,99,99,0,0,0,1,0
34,340174,2,2,0,0,0,2,2,25,0,21,4,2016,5,13,8,0,2,5,2,4,"CR-526(TRENTON-LAKEWOOD RD)","",195,40.16739722,-74.41883333,0,12,6,0,4,1,0,1,1,1,0,1,0,"0000000",13,5,13,5,13,42,0,0,0,1,0
34,340175,2,2,0,0,0,2,2,23,3705,3,4,2016,1,15,50,1,2,1,31,1,"I-95(NEW JERSEY TURNPIKE)","",460,40.54746667,-74.28180833,0,12,1,0,1,1,0,1,1,1,0,1,0,"0000000",15,59,16,10,88,88,0,0,0,1,0
34,340176,1,1,0,1,1,1,1,13,1825,30,5,2016,2,3,55,0,2,4,2,4,"CR-577 (WYOMING AVE)","HICKORY DRIVE",25,40.73556667,-74.28556111,0,8,0,0,2,3,0,1,3,1,0,1,0,"0000000",4,2,4,14,88,88,0,0,0,1,0
34,340177,1,1,0,0,0,1,1,5,0,4,5,2016,4,16,30,1,1,3,1,3,"SR-72(BARNEGAT RD)","",68,39.84598611,-74.487825,0,42,0,0,1,1,0,5,1,10,0,10,0,"0000000",99,99,99,99,99,99,0,0,0,1,0
34,340178,2,2,0,0,0,2,2,5,2081,29,5,2016,1,15,17,0,2,4,2,4,"CR-607(CHURCH RD)","COBBLESTONE DR",34,39.93309722,-74.93418611,0,12,2,0,2,2,0,1,1,1,0,1,0,"0000000",15,34,15,39,16,25,0,0,0,1,0
34,340179,2,2,0,0,0,3,3,29,3360,28,5,2016,7,20,33,1,2,2,31,8,"GSP-444","",822,39.9635,-74.20658056,0,12,1,1,18,1,0,1,2,1,0,1,0,"0000000",20,33,20,43,21,10,0,0,0,1,1
34,340180,1,1,0,1,1,1,1,3,1060,29,5,2016,1,20,48,0,2,3,1,3,"SR-67(LEMIONE AVE)","",9,40.84790278,-73.97072222,0,8,0,0,1,1,0,1,3,1,0,1,0,"0000000",20,49,20,55,21,25,0,0,0,1,1
34,340181,1,1,0,0,0,1,1,13,2130,28,5,2016,7,0,48,0,2,4,2,4,"CR-509(GROVE ST)","",99999,99.9999,999.9999,0,42,0,0,1,1,0,5,3,1,0,1,0,"0000000",99,99,99,99,88,88,0,0,0,1,1
34,340182,1,1,0,0,0,1,1,23,1910,24,5,2016,3,17,37,0,2,7,4,6,"DURHAM AVE","GULTON ST",0,40.54216667,-74.37404444,0,33,0,0,1,1,0,4,1,1,0,1,0,"0000000",99,99,99,99,99,99,0,0,0,1,0
34,340183,2,2,0,0,0,2,2,29,1801,24,6,2016,6,10,35,1,2,3,1,3,"SR-70","PLEASANT VALLEY RD",395,39.97154167,-74.37591944,0,12,6,0,2,3,0,1,1,1,0,1,0,"0000000",10,45,10,50,88,88,0,0,0,1,0
34,340184,1,1,0,2,2,1,1,3,2490,19,6,2016,1,19,54,0,2,4,2,4,"CR-92L","DIEDTRICH LANE",21,41.03341944,-74.0378,0,33,0,0,3,3,0,4,1,1,0,1,0,"0000000",99,99,99,99,99,99,0,0,0,2,0
34,340185,1,1,0,1,1,1,1,39,860,30,5,2016,2,3,10,0,2,7,4,6,"SOUTH FIFTH ST","",0,99.9999,999.9999,0,9,0,0,1,1,0,1,2,2,0,2,0,"0000000",99,99,99,99,99,99,0,0,0,1,0
34,340186,2,2,0,0,0,2,2,5,1774,13,6,2016,2,22,39,1,2,3,1,3,"SR-38","ALWAYS DR",174,39.97935,-74.76811111,0,12,6,0,2,3,0,1,3,1,0,1,0,"0000000",99,99,99,99,88,88,0,0,0,1,0
34,340187,1,1,0,0,0,1,1,27,0,15,6,2016,4,19,20,1,2,1,1,1,"I-287","",307,40.74078889,-74.53408611,0,35,0,0,1,1,0,4,1,1,0,1,0,"0000000",99,99,99,99,88,88,0,0,0,1,0
34,340188,6,6,0,0,0,7,7,35,1081,27,6,2016,2,3,43,1,2,1,1,1,"I-287","",118,40.54783333,-74.53893056,0,12,7,0,1,1,0,1,2,1,0,1,0,"0000000",99,99,99,99,88,88,0,0,0,1,1
34,340189,1,1,0,0,0,1,1,5,0,20,6,2016,2,8,32,0,1,5,2,4,"CR-563","",380,39.78935556,-74.53599722,0,42,0,0,1,1,0,5,1,1,0,1,0,"0000000",99,99,99,99,88,88,0,0,0,1,0
34,340190,2,2,0,0,0,2,2,35,3504,12,6,2016,1,2,23,1,2,1,1,1,"I-78","",388,40.64828056,-74.49326667,0,12,6,0,1,1,0,1,2,1,0,1,0,"0000000",99,99,99,99,99,99,0,0,0,1,2
34,340191,2,2,0,0,0,2,2,39,2975,15,6,2016,4,15,0,0,2,7,3,5,"COOPER RD","",3,40.62616389,-74.36856389,0,12,2,0,1,1,0,1,1,1,0,1,0,"0000000",15,23,15,28,16,22,0,0,0,1,0
34,340192,1,1,0,0,0,1,1,1,0,4,6,2016,7,4,35,0,1,5,2,4,"CR-540","CR-557",417,39.47988611,-74.89464444,0,42,0,0,3,7,0,5,2,5,0,5,0,"0000000",99,99,99,99,99,99,0,0,0,1,1
34,340193,2,2,0,0,0,4,4,39,1412,4,6,2016,7,9,37,1,2,3,1,2,"US-22","",99999,99.9999,999.9999,0,33,0,0,1,1,0,4,1,1,0,1,0,"0000000",99,99,99,99,99,99,0,0,0,1,0
34,340194,2,2,0,0,0,4,4,11,3460,1,6,2016,4,20,54,0,2,4,4,3,"SR-56","",99999,99.9999,999.9999,0,12,6,0,4,1,0,1,5,1,0,1,0,"0000000",20,58,21,6,21,30,0,0,0,1,1
34,340195,2,2,0,0,0,2,2,25,1465,25,6,2016,7,16,18,0,1,7,3,5,"FAIRFIELD RD","BAKER RD",12,40.22528889,-74.22037222,0,12,6,0,4,1,0,1,1,1,0,1,0,"0000000",16,20,16,32,17,17,0,0,0,1,0
34,340196,2,2,0,0,0,3,3,11,3460,3,6,2016,6,13,11,0,2,5,2,4,"CR-672 BREWSTER RD","MAPLE AVE",18,39.49113889,-74.97558889,0,12,6,0,2,2,0,1,1,1,0,1,0,"0000000",13,13,13,23,13,58,0,0,0,1,0
34,340197,1,1,0,1,1,1,1,3,3335,25,6,2016,7,12,12,0,2,4,2,4,"CR-60(CEDAR LANE)","AMERICAN LEGION DR",12,40.88889444,-74.02142778,0,8,0,0,2,3,0,1,1,1,0,1,0,"0000000",99,99,99,99,88,88,0,0,0,1,0
34,340198,3,3,0,0,0,3,3,31,660,14,4,2016,5,16,6,1,2,2,1,3,"SR-21","",99998,40.88162778,-74.12639167,0,12,11,1,18,1,0,1,1,1,0,1,0,"0000000",99,99,99,99,88,88,14,0,0,1,1
34,340199,3,3,0,0,0,3,3,23,844,5,4,2016,3,13,47,1,2,3,1,3,"SR-27","DIVISION ST",187,40.51322778,-74.40527778,0,12,8,0,3,3,0,1,1,1,0,1,0,"0000000",99,99,99,99,99,99,0,0,0,1,0
34,340200,3,3,0,0,0,4,4,31,3370,18,4,2016,2,21,58,1,2,1,1,1,"I-80 E","",554,40.89669722,-74.21921389,0,12,7,1,18,1,0,1,3,1,0,1,0,"0000000",99,99,99,99,99,99,0,0,0,1,1
34,340201,1,1,0,1,1,1,1,41,0,18,4,2016,2,20,53,1,2,3,1,2,"US-46 W","",75,40.8404,-75.04618056,0,9,0,0,8,1,0,1,2,1,0,1,0,"0000000",20,58,21,14,99,99,0,0,0,1,0
34,340202,1,1,0,0,0,1,1,13,1945,3,5,2016,3,5,35,1,2,2,1,3,"SR-24","",78,40.73427222,-74.35544722,0,24,0,1,19,1,0,3,3,2,0,2,0,"0000000",5,24,5,38,88,88,0,0,0,1,0
34,340203,1,1,0,0,0,1,1,27,0,7,5,2016,7,6,1,1,2,2,1,3,"SR-24","",63,40.76401111,-74.40066944,0,42,0,0,1,1,0,4,2,98,0,98,0,"0000000",6,19,6,32,88,88,0,0,0,1,1
34,340204,1,1,0,1,1,2,2,7,520,25,4,2016,2,9,52,0,2,7,4,6,"PINE ST","S 7TH ST",1,39.93680556,-75.11583889,0,8,0,0,3,7,0,1,1,1,0,1,0,"0000000",99,99,99,99,99,99,0,0,0,1,0
34,340205,1,1,0,0,0,1,1,9,0,11,5,2016,4,4,15,0,1,4,1,3,"SR-47","",154,39.15617222,-74.83878889,0,30,0,0,1,1,0,4,3,10,0,10,0,"0000000",4,15,99,97,99,97,0,0,0,1,1
34,340206,2,2,0,0,0,3,3,33,2617,14,5,2016,7,12,29,0,2,7,2,4,"CR-674 GARDEN RD","CR-645/655 PARVIN MILLS RD",19,39.53146111,-75.10740278,0,12,6,0,2,7,0,1,1,1,0,1,0,"0000000",12,29,12,41,88,88,0,0,0,2,0
34,340207,2,2,0,1,1,2,2,31,3370,17,5,2016,3,0,11,1,2,1,1,1,"I-80 E","",552,40.89671944,-74.22346944,0,8,0,1,18,1,0,1,3,1,0,1,0,"0000000",0,21,0,29,88,88,0,0,0,1,0
34,340208,1,1,0,1,1,1,1,13,3450,24,6,2016,6,21,31,1,2,3,2,4,"CR-506 BLOOMFIELD AVE","HILLCREST TER",48,40.82714167,-74.23691944,0,8,0,0,3,3,0,1,3,1,0,1,0,"0000000",21,32,99,99,99,99,0,0,0,1,0
34,340209,2,2,0,0,0,2,2,13,320,2,6,2016,5,18,25,0,2,4,2,4,"CR-509 BROAD ST","CR-643 ALEXANDER AVE",198,40.84605556,-74.18265556,0,12,6,0,2,3,0,1,1,1,0,1,0,"0000000",18,25,18,36,19,20,0,0,0,1,0
34,340210,1,1,0,1,1,2,2,13,2130,3,5,2016,3,19,20,0,2,7,4,6,"CHESTNUT ST","",0,40.72530556,-74.17038056,0,8,0,0,1,1,0,4,1,99,0,99,0,"0000000",99,99,99,99,99,99,0,0,0,1,0
34,340211,1,1,0,0,0,1,1,39,705,22,5,2016,1,5,13,1,2,2,31,8,"GSP-444","",1389,40.65916111,-74.287,0,31,0,0,1,1,0,4,4,2,0,2,0,"0000000",5,32,5,42,88,88,0,0,0,1,1
34,340212,1,1,0,1,1,3,3,23,844,20,5,2016,6,18,41,0,6,96,96,8,"READING ROAD","",0,40.54740833,-74.39184444,0,8,0,0,1,1,0,1,1,1,0,1,0,"0000000",99,99,99,99,99,99,0,0,0,1,0
34,340213,1,1,0,0,0,1,1,3,820,7,6,2016,3,20,11,0,6,96,96,8,"BERRYS CREEK RD","",0,40.81531667,-74.08019167,0,33,0,0,1,1,0,4,1,1,0,1,0,"0000000",20,16,20,20,20,40,0,0,0,1,0
34,340214,1,1,0,0,0,2,2,25,3475,18,6,2016,7,1,41,1,2,2,31,8,"GSP-444 GARDEN STATE PARKWAY","",944,40.1204,-74.12718611,0,42,0,0,1,1,0,5,2,1,0,1,0,"0000000",1,45,1,54,99,99,0,0,0,1,1
34,340215,1,1,0,1,1,2,2,7,2545,1,4,2016,6,21,16,1,2,3,1,3,"SR-70","MCCLELLAN AVE",3,39.93308333,-75.06631667,0,8,0,0,3,2,0,1,3,1,0,1,0,"0000000",21,19,21,22,88,88,0,0,0,1,0
34,340216,2,2,0,0,0,3,3,13,230,27,5,2016,6,20,39,0,2,4,2,4,"CR-506","COTTAGE ST",0,40.79207778,-74.16899444,0,12,98,0,2,3,0,1,1,98,0,98,0,"0000000",99,99,99,99,99,99,0,0,0,1,0
34,340217,2,2,0,0,0,5,5,31,2510,7,5,2016,7,2,44,1,2,3,1,3,"SR-20","EDWARDS ST",99999,99.9999,999.9999,0,12,1,0,98,98,0,1,3,2,0,2,0,"0000000",99,99,99,99,99,99,0,0,0,1,1
34,340218,2,2,0,0,0,2,2,1,1270,14,5,2016,7,20,45,1,2,3,1,3,"SR-30(WHITEHORSE PIKE)","OLD FORKS RD",286,39.6582,-74.80493056,0,12,6,0,3,3,0,1,3,10,0,10,0,"0000000",20,55,20,58,21,2,0,0,0,1,1
34,340219,1,1,0,1,1,1,1,23,3144,16,6,2016,5,21,56,1,2,3,1,2,"US-1","DEANS LANE",197,40.4211,-74.52883056,0,8,0,0,3,3,0,1,2,1,0,1,0,"0000000",21,55,21,56,88,88,0,0,0,1,1
34,340220,1,1,0,0,0,4,4,11,1845,14,5,2016,7,3,47,0,1,4,1,3,"SR-49","",418,39.37062778,-74.942375,0,42,0,0,1,1,0,4,2,1,0,1,0,"0000000",3,57,4,22,5,5,0,0,0,2,0
34,340221,1,1,0,0,0,2,2,33,0,5,6,2016,1,2,9,0,1,5,2,4,"CR-540","",43,39.64129167,-75.43658611,0,33,0,0,1,1,0,3,3,1,0,1,0,"0000000",2,10,2,17,2,52,0,0,0,1,1
34,340222,3,2,1,0,0,2,2,21,1265,8,6,2016,4,18,15,1,2,3,1,3,"SR-33 NOTTINGHAM WAY","",25,40.23250556,-74.71637222,0,33,0,0,8,1,0,4,1,1,0,1,0,"0000000",99,99,99,99,99,99,0,0,0,1,0
34,340223,1,1,0,1,1,1,1,23,3705,2,6,2016,5,18,23,0,6,96,96,8,"CHERYL DR","",0,40.56031389,-74.30647222,0,8,0,0,1,1,0,1,1,1,0,1,0,"0000000",99,99,99,99,88,88,0,0,0,1,0
34,340224,1,1,0,0,0,1,1,15,3569,10,6,2016,6,22,37,0,2,4,1,3,"SR-44 CROWN POINT RD","",75,39.83785556,-75.210675,0,19,0,0,1,1,0,5,3,1,0,1,0,"0000000",99,99,99,99,99,99,0,0,0,1,0
34,340225,2,2,0,0,0,2,2,23,844,20,6,2016,2,18,26,1,2,1,31,1,"I-95 NJTP SNO","",427,40.5242,-74.34418056,0,12,1,1,18,1,1,1,1,1,0,1,0,"0000000",99,99,99,99,99,99,0,0,0,1,0
34,340226,1,1,0,0,0,4,4,1,2700,25,6,2016,7,0,53,1,1,2,31,8,"GSP-444","",486,39.55043056,-74.46578056,0,24,0,0,1,1,0,4,3,1,0,1,0,"0000000",1,2,1,13,2,11,0,0,0,2,1
34,340227,2,2,0,0,0,4,4,39,3395,25,6,2016,7,1,24,0,2,7,3,5,"MANOR DR","",1,40.70916944,-74.2518,0,12,2,0,1,1,0,1,3,1,0,1,0,"0000000",99,99,99,99,99,99,0,0,0,1,1
34,340228,1,1,0,0,0,1,1,1,1264,28,6,2016,3,10,25,0,1,4,1,2,"US-322 W BALCK HORSE PIKE","MALAGA RD",410,39.51894722,-74.78822222,0,59,0,0,3,3,0,4,9,99,0,99,0,"0000000",99,99,99,99,88,88,0,0,0,1,1
34,340229,2,2,0,0,0,4,4,1,1264,29,6,2016,4,7,38,0,1,4,1,2,"US-322 BLACK HORSE PIKE","MCCALL AVE",396,39.53678889,-74.79993333,0,12,6,0,2,2,0,1,1,1,0,1,0,"0000000",99,99,99,99,88,88,0,0,0,1,0
34,340230,1,1,0,0,0,2,2,27,0,26,6,2016,1,21,41,0,1,7,3,5,"UPPER HIBERNIA RD","OLD PUBLIC RD",24,40.98544722,-74.46966111,0,53,0,0,3,3,0,4,3,1,0,1,0,"0000000",99,99,99,99,23,17,0,0,0,1,1
34,340231,2,2,0,0,0,4,4,9,742,29,6,2016,4,13,15,1,2,3,1,3,"SR-83","",34,39.157,-74.76891111,0,12,2,0,1,1,0,1,1,1,0,1,0,"0000000",13,17,13,32,13,49,0,0,0,1,0
34,340232,1,1,0,0,0,1,1,23,844,9,6,2016,5,15,42,1,2,1,1,1,"I-287 SB RAMP FROM US-1 NB","",9,40.52721389,-74.35534722,0,33,0,1,5,1,0,4,1,1,0,1,0,"0000000",99,99,99,99,99,99,0,0,0,1,1
34,340233,1,1,0,0,0,2,2,3,1795,20,6,2016,2,9,17,1,2,1,1,1,"I-287 S","",626,41.04538889,-74.19165,0,42,0,0,1,1,0,4,2,1,0,1,0,"0000000",99,99,99,99,88,88,0,0,0,2,0
34,340234,2,2,0,0,0,3,3,13,2130,15,6,2016,4,14,18,1,2,3,1,3,"SR-27 FRELINGHUYSEN AVE","",366,40.69921944,-74.19737778,0,12,2,0,8,1,0,1,1,1,0,1,0,"0000000",14,14,14,25,15,2,0,0,0,1,0
34,340235,3,3,0,0,0,5,5,7,3694,24,7,2016,1,14,9,1,2,3,1,2,"US-30(WHITEHORSE PIKE)","S EHRKE RD",248,39.70033611,-74.846575,0,12,6,0,3,3,0,1,1,1,0,1,0,"0000000",99,99,99,99,99,99,0,0,0,1,0
34,340236,1,1,0,1,1,1,1,3,1210,22,7,2016,6,12,54,0,2,4,2,4,"CR-57(SUMMIT AVE)","KAPLAN AVE",10,40.88355833,-74.06024722,0,8,0,0,2,2,0,1,1,1,0,1,0,"0000000",99,99,99,99,99,99,0,0,0,1,0
34,340237,3,3,0,0,0,4,4,7,3694,3,7,2016,1,17,44,1,2,3,1,3,"SR-73","WESTBURY DR",118,39.72617222,-74.90408889,0,12,6,0,2,3,0,1,1,1,0,1,0,"0000000",17,49,99,97,99,97,14,0,0,1,0
34,340238,1,1,0,0,0,1,1,3,2940,21,7,2016,5,0,19,1,2,2,1,3,"SR-3","SR-17",63,40.81288611,-74.10284167,0,33,0,1,5,1,0,4,3,1,0,1,0,"0000000",99,99,0,35,99,99,0,0,0,1,1
34,340239,3,3,0,0,0,4,4,29,1505,3,7,2016,1,18,52,0,2,4,2,4,"CR-526","DIAMOND RD",229,40.15196389,-74.3697,0,12,6,0,2,2,0,1,1,1,0,1,0,"0000000",18,58,19,5,19,25,0,0,0,1,0
34,340240,1,1,0,0,0,1,1,1,1264,14,7,2016,5,6,0,0,1,5,2,4,"CR-552 MILLVILLE AVE","",266,39.44518056,-74.77339167,0,42,0,0,1,1,0,5,1,1,0,1,0,"0000000",6,2,6,14,88,88,0,0,0,1,0
34,340241,1,1,0,0,0,1,1,3,3730,11,7,2016,2,19,42,1,2,2,31,8,"GSP-444","",1698,41.03201389,-74.06909444,0,35,0,0,1,1,0,3,1,1,0,1,0,"0000000",99,99,99,99,88,88,0,0,0,1,0
34,340242,1,1,0,0,0,1,1,25,1925,31,7,2016,1,6,27,1,2,2,31,8,"GSP-444","",1108,40.34388333,-74.10968611,0,1,0,0,1,1,0,3,2,10,0,10,0,"0000000",99,99,99,99,99,99,0,0,0,1,0
34,340243,2,2,0,0,0,2,2,35,425,20,7,2016,4,4,22,1,2,3,1,2,"US-22","COUNTRY CLUB RD",329,40.58829167,-74.64054167,0,12,6,0,2,2,0,1,3,1,0,1,0,"0000000",99,99,99,99,99,99,0,0,0,1,0
34,340244,3,3,0,0,0,6,6,25,430,19,7,2016,3,13,36,1,2,3,1,3,"SR-35","",145,40.09752222,-74.05031111,0,12,1,0,1,1,0,1,1,1,0,1,0,"0000000",99,99,99,99,99,99,0,0,0,1,0
34,340245,5,5,0,0,0,5,5,13,3550,1,7,2016,6,8,26,1,2,3,2,4,"CR-613(PASSAIC AVE)","FAIRFIELD AVE",0,40.86739444,-74.28179722,0,12,1,0,3,2,0,1,1,1,0,1,0,"0000000",8,31,8,33,9,14,0,0,0,1,0
34,340246,1,1,0,0,0,1,1,1,1050,4,7,2016,2,2,36,0,2,4,2,3,"SR-73","",8,39.58228056,-74.82928056,0,42,0,0,1,1,0,5,2,1,0,1,0,"0000000",99,99,99,99,88,88,0,0,0,1,0
34,340247,1,1,0,0,0,1,1,1,2640,3,7,2016,1,4,10,0,2,4,2,4,"CR-646 E DELILAH RD","",64,39.40404167,-74.51123611,0,30,0,0,1,1,0,4,3,1,0,1,0,"0000000",99,99,4,19,88,88,0,0,0,1,1
34,340248,2,1,1,1,1,2,2,17,2205,9,7,2016,7,22,35,1,2,4,2,4,"CR-501 JF KENNEDY BLVD","",238,40.75888333,-74.04488889,0,8,0,0,1,1,0,1,3,2,0,2,0,"0000000",99,99,99,99,99,99,14,0,0,1,0
34,340249,2,2,0,0,0,2,2,23,2417,19,7,2016,3,19,39,0,2,4,2,4,"CR-516","COTTRELL RD",36,40.40307778,-74.29603056,0,12,6,0,2,2,0,1,1,1,0,1,0,"0000000",99,99,99,99,99,99,20,0,0,1,1
34,340250,1,1,0,1,1,1,1,11,1845,7,7,2016,5,15,18,0,2,4,1,3,"SR-47","",258,39.21481944,-74.94526111,0,8,0,0,1,1,0,1,1,1,0,1,0,"0000000",99,99,99,99,88,88,0,0,0,1,0
34,340251,1,1,0,0,0,1,1,5,3537,8,7,2016,6,16,6,1,2,3,2,4,"CR-626 RANCOSAS RD","I-295",62,40.00879722,-74.85334167,0,33,0,1,3,3,0,4,1,1,0,1,0,"0000000",99,99,99,99,88,88,0,0,0,1,0
34,340252,1,1,0,1,1,2,2,11,3460,9,7,2016,7,15,36,0,2,4,1,3,"SR-47 S DELSEA DR","",426,39.43175833,-75.04044444,0,8,0,0,1,1,0,1,1,1,0,1,0,"0000000",99,99,99,99,88,88,0,0,0,1,1
34,340253,1,1,0,0,0,1,1,25,2980,16,7,2016,7,18,53,1,2,3,1,3,"SR-36","",114,40.39626944,-73.97886111,0,1,0,0,1,1,0,1,1,1,0,1,0,"0000000",99,99,99,99,99,99,0,0,0,1,1
34,340254,2,2,0,0,0,2,2,1,0,22,7,2016,6,21,6,0,2,6,4,6,"8TH ST","",6,39.56016667,-74.8405,0,12,6,0,8,1,0,1,3,1,0,1,0,"0000000",21,7,21,27,23,9,0,0,0,1,1