"STATE","ST_CASE","VE_TOTAL","VE_FORMS","PVH_INVL","PEDS","PERNOTMVIT","PERMVIT","PERSONS","COUNTY","CITY","DAY","MONTH","YEAR","DAY_WEEK","HOUR","MINUTE","NHS","RUR_URB","FUNC_SYS","RD_OWNER","ROUTE","TWAY_ID","TWAY_ID2","MILEPT","LATITUDE","LONGITUD","SP_JUR","HARM_EV","MAN_COLL","RELJCT1","RELJCT2","TYP_INT","WRK_ZONE","REL_ROAD","LGT_COND","WEATHER1","WEATHER2","WEATHER","SCH_BUS","RAIL","NOT_HOUR","NOT_MIN","ARR_HOUR","ARR_MIN","HOSP_HR","HOSP_MN","CF1","CF2","CF3","FATALS","DRUNK_DR"
34,340255,1,1,0,1,1,3,3,5,1824,26,7,2016,3,21,3,1,2,3,1,3,"SR-73","",282,39.93979722,-74.973525,0,8,0,0,1,1,0,1,3,1,0,1,0,"0000000",99,99,99,99,88,88,0,0,0,1,0
34,340256,1,1,0,0,0,1,1,23,2417,30,7,2016,7,1,56,0,2,4,2,3,"SR-520 TEXAS RD","",10,40.35600278,-74.33564722,0,24,0,0,1,1,0,4,3,1,0,1,0,"0000000",99,99,99,99,88,88,0,0,0,1,1
34,340257,1,1,0,0,0,1,1,37,3501,27,7,2016,4,16,33,0,1,5,2,4,"CR-650 DECKERTOWN TPKE","",81,41.25538889,-74.68163056,0,24,0,0,1,1,0,4,1,1,0,1,0,"0000000",16,38,99,97,99,97,0,0,0,1,0
34,340258,1,1,0,1,1,3,3,23,779,21,7,2016,5,23,15,1,2,1,31,1,"I-95/NJTP (SNI MP 78.7)","",333,40.41666111,-74.44576111,0,8,0,0,1,1,0,1,2,1,0,1,0,"0000000",99,99,99,99,88,88,0,0,0,1,0
34,340259,1,1,0,0,0,3,3,27,490,29,7,2016,6,23,30,1,2,3,1,3,"SR-23","",150,40.99186111,-74.34692222,0,24,0,0,1,1,0,4,3,1,0,1,0,"0000000",99,99,99,99,99,99,0,0,0,1,0
34,340260,2,2,0,0,0,2,2,23,1986,8,7,2016,6,7,8,0,2,4,2,4,"CR-612","",32,40.35200278,-74.416875,0,12,8,0,1,1,0,1,1,1,0,1,0,"0000000",99,99,99,99,99,99,0,0,0,1,0
34,340261,1,1,0,0,0,1,1,35,1081,18,7,2016,2,3,45,1,2,3,2,3,"SR-527 EASTON AVE S","",497,40.51841944,-74.49139167,0,18,0,0,1,1,1,3,3,1,0,1,0,"0000000",3,47,3,53,4,21,0,0,0,1,1
34,340262,1,1,0,0,0,1,1,5,0,1,7,2016,6,5,28,1,2,1,1,1,"I-295 S","",556,40.12568889,-74.717,0,24,0,0,1,1,0,3,3,1,0,1,0,"0000000",5,29,99,97,99,97,0,0,0,1,1
34,340263,1,1,0,1,1,1,1,5,2081,4,7,2016,2,3,26,1,2,1,1,1,"I-295 N","",389,39.94376944,-74.94133056,0,8,0,0,1,1,0,1,3,1,0,1,0,"0000000",99,99,99,99,88,88,0,0,0,1,0
34,340264,1,1,0,0,0,14,14,25,1445,1,7,2016,6,18,48,1,2,2,31,8,"GARDEN STATE PKWY INNER N","",1169,40.40241944,-74.19153889,0,24,0,0,1,1,0,4,1,2,0,2,0,"0000000",18,50,19,10,19,33,0,0,0,2,0
34,340265,1,1,0,2,2,1,1,39,2630,27,7,2016,4,9,8,0,2,4,2,4,"CR-531 PARK AVE","WEST 2ND ST",86,40.61810556,-74.42275833,0,8,0,0,3,2,0,1,1,98,0,98,0,"0000000",9,11,9,15,9,51,0,0,0,1,0
34,340266,2,2,0,0,0,2,2,37,0,1,7,2016,6,0,31,0,2,4,1,3,"SR-94 S","",188,41.03520278,-74.8148,0,12,7,0,1,1,0,1,3,1,0,1,0,"0000000",99,99,99,99,88,88,0,0,0,1,1
34,340267,2,2,0,0,0,3,3,25,0,3,7,2016,1,14,23,0,1,5,2,4,"CR-524","SHARON STATION RD",94,40.18321111,-74.53945278,0,12,6,0,2,2,0,1,1,1,0,1,0,"0000000",14,33,14,54,15,30,0,0,0,1,0
34,340268,1,1,0,0,0,4,4,37,0,7,7,2016,5,13,9,0,1,7,98,8,"OLD MINE RD","",27,41.17753056,-74.88213889,0,57,0,0,1,1,0,4,1,2,0,2,0,"0000000",13,7,14,20,15,2,0,0,0,1,0
34,340269,2,2,0,0,0,3,3,23,3705,5,7,2016,3,11,34,1,2,3,1,3,"SR-35 AMBOY AVE","GROVE AVE",554,40.55933889,-74.28496667,0,12,2,0,2,2,0,1,1,10,0,10,0,"0000000",99,99,99,99,99,99,0,0,0,1,0
34,340270,1,1,0,0,0,3,3,9,742,10,7,2016,1,4,28,1,2,2,31,8,"GARDEN STATE PKWY S","",184,39.18325,-74.72231111,0,33,0,0,5,1,0,3,2,5,0,5,0,"0000000",4,24,4,36,5,18,0,0,0,2,1
34,340271,1,1,0,0,0,1,1,19,2757,13,7,2016,4,7,17,1,1,1,1,1,"I-78 E","",244,40.63511944,-74.9674,0,24,0,1,19,1,0,3,1,1,0,1,0,"0000000",7,16,7,34,88,88,0,0,0,1,0
34,340272,3,3,0,0,0,3,3,31,3370,17,7,2016,1,2,51,1,2,1,1,1,"I-80 W","",561,40.8967,-74.20731111,0,12,2,0,1,1,0,1,2,1,0,1,0,"0000000",2,55,3,1,99,99,14,0,0,1,1
34,340273,1,1,0,1,1,1,1,15,0,17,7,2016,1,21,9,1,2,3,1,2,"US-322 BLACK HORSE PIKE","CR-536 POPLAR ST",245,39.68613611,-74.98977778,0,8,0,0,3,2,0,1,3,1,0,1,0,"0000000",21,10,21,13,88,88,0,0,0,1,0
34,340274,1,1,0,0,0,1,1,33,2617,22,7,2016,6,16,17,0,1,5,2,4,"CR-540","",270,39.52263889,-75.15408056,0,42,0,0,1,1,0,4,1,1,0,1,0,"0000000",99,99,99,99,88,88,0,0,0,1,0
34,340275,4,2,2,0,2,5,7,41,0,22,7,2016,6,10,53,1,2,1,1,1,"I-78 E/US-22","",44,40.6714,-75.123,0,12,7,0,1,1,2,1,1,1,0,1,0,"0000000",99,99,99,99,99,99,0,0,0,1,0
34,340276,2,2,0,0,0,2,2,7,1190,29,7,2016,6,4,57,1,2,1,1,1,"I-76 S","",5,39.87928889,-75.10318889,0,12,7,0,1,1,0,1,3,2,0,2,0,"0000000",99,99,99,99,99,99,0,0,0,1,1
34,340277,2,2,0,0,0,2,2,3,1210,31,3,2016,5,14,30,0,2,4,4,6,"SUMMIT AVE","ROSS AVE",5,40.90351389,-74.05158889,0,12,6,0,2,3,0,1,1,1,0,1,0,"0000000",99,99,99,99,99,99,0,0,0,1,0
34,340279,1,1,0,0,0,1,1,7,3465,21,5,2016,7,3,50,1,2,3,1,3,"SR-73","",206,39.84175833,-74.92432778,0,33,0,0,8,1,0,4,3,1,0,1,0,"0000000",99,99,99,99,88,88,0,0,0,1,1
34,340280,1,1,0,1,1,1,1,7,2545,13,6,2016,2,22,14,1,2,3,1,2,"US-30 (CRESCENT BLVD)","N PARK DR",35,39.92847222,-75.08368056,0,9,0,0,2,2,0,1,3,1,0,1,0,"0000000",99,99,99,99,88,88,0,0,0,1,0
34,340281,5,2,3,0,0,4,4,31,2510,11,6,2016,7,3,50,0,2,5,4,6,"21ST ST","EAST 21ST ST",8,40.90645,-74.15571667,0,12,6,0,2,2,0,1,3,1,0,1,0,"0000000",4,1,4,6,4,30,14,0,0,1,0
34,340282,1,1,0,1,1,1,1,29,1590,19,6,2016,1,22,7,1,2,3,2,4,"CR-526(COUNTY LINE RD)","PARK PLACE",325,40.105125,-74.20435278,0,8,0,0,3,3,0,1,3,1,0,1,0,"0000000",22,9,99,99,99,99,0,0,0,1,0
34,340283,2,2,0,0,0,5,5,27,0,21,6,2016,3,16,34,1,2,3,1,3,"SR-15","EDISON RD",59,40.96052778,-74.59699444,0,12,7,0,3,2,0,1,1,1,0,1,0,"0000000",99,99,99,99,99,99,0,0,0,1,0
34,340284,1,1,0,1,1,1,1,21,825,6,8,2016,7,12,6,1,2,3,1,3,"SR-33","AIRPORT RD",130,40.26062222,-74.54187778,0,9,0,0,8,1,0,1,1,1,0,1,0,"0000000",99,99,99,99,99,99,0,0,0,1,0
34,340285,2,2,0,0,0,2,2,39,860,27,8,2016,7,3,8,0,2,4,2,4,"CR-624(NORTH AVE)","",12,40.67132222,-74.182,0,12,2,1,5,1,0,1,3,1,0,1,0,"0000000",99,99,99,99,99,99,0,0,0,1,1
34,340286,1,1,0,1,1,1,1,29,145,8,8,2016,2,7,52,0,2,7,3,5,"RIDGEWAY ST","",8,39.76272778,-74.20294444,0,8,0,0,1,1,0,2,1,1,0,1,0,"0000000",99,99,99,99,99,99,0,0,0,1,0
34,340287,2,2,0,0,0,2,2,15,0,9,8,2016,3,12,23,0,2,7,3,5,"RADIX RD","COLTS RUN RD",8,39.69266667,-74.97388611,0,12,2,0,3,3,0,1,1,1,0,1,0,"0000000",99,99,99,99,99,99,0,0,0,1,0
34,340288,1,1,0,0,0,3,3,19,0,20,8,2016,7,11,58,1,2,1,1,1,"I-78","",196,40.64576944,-74.85658056,0,1,0,0,1,1,0,1,1,1,0,1,0,"0000000",12,5,12,13,12,59,0,0,0,1,0
34,340289,4,4,0,0,0,8,8,19,0,28,8,2016,1,13,25,1,2,1,1,1,"I-78","",230,40.65073056,-74.79146111,0,35,0,0,1,1,0,3,1,1,0,1,0,"0000000",13,46,13,51,14,40,0,0,0,1,0
34,340290,1,1,0,1,1,1,1,3,2430,29,8,2016,2,22,35,1,2,3,2,4,"CR-503 (KINDERKAMACK RD)","CENTER ST",106,40.952,-74.03201667,0,8,0,0,3,2,0,1,3,1,0,1,0,"0000000",99,99,99,99,99,99,0,0,0,1,0
34,340291,2,2,0,0,0,3,3,23,2417,5,8,2016,6,6,52,1,2,3,1,2,"US-9","OLD MILL RD",1264,40.43153889,-74.30252222,0,12,1,0,1,1,0,1,1,1,0,1,0,"0000000",6,56,7,0,8,33,0,0,0,1,0
34,340292,2,2,0,0,0,3,3,5,777,7,8,2016,1,19,55,0,2,4,2,4,"CR-630 (WOODLANE RD)","CR-684 (SMITHVILLE RD)",0,40.00061389,-74.74638889,0,12,6,0,2,2,0,1,1,1,0,1,0,"0000000",20,3,20,5,99,99,0,0,0,1,0
34,340293,1,1,0,0,0,2,2,5,0,8,8,2016,2,14,5,1,2,3,1,3,"SR-70","",324,39.94389444,-74.50326944,0,42,0,0,1,1,0,4,1,1,0,1,0,"0000000",99,99,99,99,99,99,0,0,0,2,0
34,340294,1,1,0,0,0,1,1,33,2565,10,8,2016,4,18,4,1,2,3,1,3,"SR-49","",48,39.6215,-75.50637778,0,30,0,0,1,1,0,4,1,1,0,1,0,"0000000",18,5,18,13,18,26,0,0,0,1,0
34,340295,2,2,0,0,0,2,2,25,3475,12,8,2016,6,10,39,1,2,3,1,3,"SR-70","OLD BRIDGE RD",597,40.1022,-74.07870556,0,12,1,0,1,1,0,1,1,1,0,1,0,"0000000",99,99,99,99,88,88,0,0,0,1,0
34,340297,1,1,0,1,1,1,1,11,3460,17,8,2016,4,1,37,0,2,7,2,4,"CR-681 WEST OAK RD","SARAH PLACE",18,39.50318611,-75.03749444,0,9,0,0,3,3,0,98,2,1,0,1,0,"0000000",99,99,99,99,99,99,0,0,0,1,0
34,340298,2,2,0,0,0,2,2,5,3691,17,8,2016,4,8,30,0,2,4,2,4,"CR-630","VAN SCIVER PARKWAY",42,40.02781111,-74.867325,0,12,6,0,2,3,0,1,1,1,0,1,0,"0000000",8,33,8,44,9,21,0,0,0,1,0
34,340299,1,1,0,0,0,1,1,1,1264,12,7,2016,3,6,42,1,1,2,25,8,"ATLANTIC CITY EXPRESSWAY","",146,39.51308889,-74.68588056,0,42,0,0,1,1,0,3,1,1,0,1,0,"0000000",99,99,99,99,88,88,0,0,0,1,0
34,340300,1,1,0,0,0,1,1,5,2081,29,7,2016,6,21,51,1,2,2,31,8,"NJTP 700 (NEW JERSEY TURNPIKE)","",342,39.92575,-74.95953333,0,25,0,0,1,1,0,3,2,1,0,1,0,"0000000",99,99,99,99,99,99,0,0,0,1,0
34,340301,2,2,0,0,0,2,2,33,2586,3,8,2016,4,16,49,0,1,5,2,4,"CR-605(SWEDESBORO RD)","CR-660(POINT AIRY RD)",9,39.67686667,-75.32,0,12,6,0,2,2,0,1,1,1,0,1,0,"0000000",16,46,16,50,17,12,0,0,0,1,0
34,340302,1,1,0,1,1,2,2,25,430,21,8,2016,1,21,26,1,2,3,1,3,"SR-35","",149,40.10796944,-74.0565,0,8,0,0,1,1,0,1,3,2,0,2,0,"0000000",99,99,99,99,99,99,0,0,0,1,0
34,340303,1,1,0,1,1,1,1,35,1081,29,8,2016,2,17,21,0,2,4,4,4,"CR-514(AMWELL RD)","ELIZABETH AVE",182,40.49980833,-74.55492778,0,9,0,0,2,3,0,1,1,1,0,1,0,"0000000",99,99,99,99,99,99,0,0,0,1,0
34,340304,1,1,0,0,0,2,2,13,1480,18,8,2016,5,19,51,1,2,2,31,8,"GSP-444(GARDEN STATE PARKWAY)","",1448,40.72825278,-74.22481944,0,41,0,0,1,1,0,5,1,1,0,1,0,"0000000",99,99,99,99,99,99,0,0,0,1,0
34,340305,1,1,0,0,0,1,1,5,0,15,8,2016,2,12,0,0,1,7,3,5,"SOOY PLACE","JOHNSON PLACE RD",69,39.86371111,-74.61123056,0,42,0,0,1,1,0,5,1,1,0,1,0,"0000000",12,1,12,10,88,88,0,0,0,1,0
34,340306,2,2,0,0,0,4,4,25,1465,5,8,2016,6,20,57,0,2,5,2,4,"CR-524","HURLEY POND RD",320,40.18081111,-74.15944167,0,12,6,0,4,1,0,1,1,1,0,1,0,"0000000",20,58,21,8,99,99,0,0,0,1,0
34,340307,1,1,0,0,0,4,4,1,10,28,5,2016,7,4,12,1,2,3,1,2,"US-30(WHITEHORSE PIKE)","",515,39.42363611,-74.50004444,0,5,0,0,1,1,0,1,3,1,0,1,0,"0000000",4,12,4,15,5,9,0,0,0,1,1
34,340309,2,2,0,0,0,4,4,39,860,29,7,2016,6,21,7,1,2,3,1,3,"SR-27","WHITEHEAD PLACE",347,40.67362778,-74.21333333,0,12,6,0,2,3,0,1,3,1,0,1,0,"0000000",99,99,99,99,99,99,0,0,0,1,1
34,340310,1,1,0,1,1,8,8,9,0,10,8,2016,4,21,13,1,2,3,1,3,"SR-147","",5,99.9999,999.9999,0,8,0,0,1,1,0,1,2,1,0,1,0,"0000000",99,99,99,99,88,88,0,0,0,1,0
34,340311,2,2,0,0,0,2,2,21,1265,22,8,2016,2,15,44,0,2,4,2,4,"CR-620(ARENA DR)","HEMPSTEAD RD",3,40.190875,-74.69375833,0,12,6,0,2,2,0,1,1,1,0,1,0,"0000000",99,99,99,99,99,99,0,0,0,1,0
34,340312,1,1,0,0,0,2,2,29,0,1,8,2016,2,15,43,0,1,5,2,4,"CR-618(PINEWALD KESWICK RD)","",0,39.89910833,-74.22268056,0,42,0,0,1,1,0,5,1,1,0,1,0,"0000000",99,99,99,99,99,99,0,0,0,1,0
34,340313,2,2,0,0,0,4,4,25,1465,7,8,2016,1,15,28,1,2,3,1,3,"SR-33","",310,40.23151667,-74.21158889,0,12,6,0,4,1,0,1,1,1,0,1,0,"0000000",15,30,15,43,16,25,0,0,0,1,1
34,340314,1,1,0,0,0,1,1,25,1445,23,8,2016,3,21,11,0,2,4,2,4,"CR-52(LAUREL AVE)","",48,40.40516944,-74.14284722,0,25,0,0,1,1,1,1,2,1,0,1,0,"0000000",99,99,99,99,99,99,0,0,0,1,0
34,340315,1,1,0,1,1,1,1,29,416,3,8,2016,4,0,10,1,2,2,31,8,"GSP-444(GARDEN STATE PARKWAY)","",933,40.10594167,-74.13591389,0,8,0,0,1,1,0,1,3,1,0,1,0,"0000000",99,99,99,99,88,88,0,0,0,1,0
34,340316,1,1,0,0,0,1,1,7,520,13,8,2016,7,22,17,1,2,1,1,1,"I-676","",3,39.89946667,-75.11106667,0,33,0,1,5,1,0,4,3,1,0,1,0,"0000000",99,99,99,99,99,99,0,0,0,1,0
34,340317,2,2,0,0,0,2,2,35,0,6,8,2016,7,12,33,0,2,7,3,5,"COTTONTAIL LANE","",8,40.55051944,-74.54490833,0,12,6,0,1,1,0,1,1,1,0,1,0,"0000000",99,99,99,99,88,88,0,0,0,1,0
34,340318,1,1,0,1,1,1,1,3,2942,7,8,2016,1,0,42,1,2,3,1,2,"US-46","ENTRANCE INTO SADDLE BROOK CEN",657,40.88940833,-74.09642222,0,8,0,0,2,3,0,1,3,1,0,1,0,"0000000",0,48,0,48,1,20,0,0,0,1,0
34,340319,1,1,0,0,0,2,2,31,3582,18,3,2016,6,2,7,0,2,4,4,4,"CR-513 UNION VALLEY RD","",628,41.11054167,-74.39177222,0,24,0,0,1,1,0,4,3,1,0,1,0,"0000000",99,99,99,99,99,99,0,0,0,1,1
34,340320,2,2,0,0,0,2,2,31,2510,29,5,2016,1,14,45,0,2,5,2,4,"CR-647 GETTY AVE","",9,40.90168333,-74.16298333,0,12,6,0,4,1,0,1,1,1,0,1,0,"0000000",99,99,99,99,99,99,0,0,0,1,0
34,340321,1,1,0,0,0,3,3,1,2640,11,6,2016,7,5,49,0,2,7,4,6,"W LEEDS AVE","",8,39.40948611,-74.51198333,0,59,0,0,1,1,0,4,4,1,0,1,0,"0000000",99,99,99,99,99,99,0,0,0,1,0
34,340322,2,2,0,0,0,2,2,1,850,12,6,2016,1,17,4,0,2,7,4,6,"ATLANTIC AVE","HAVANA AVE",4,39.52288056,-74.64265833,0,12,2,0,1,1,0,1,1,1,0,1,0,"0000000",17,5,17,16,17,46,0,0,0,1,1
34,340323,2,2,0,0,0,2,2,11,1970,23,6,2016,5,9,32,0,2,4,1,3,"SR-49","GEISSINGER AVE",379,39.39198611,-75.00853889,0,12,6,0,2,3,0,1,1,2,0,2,0,"0000000",99,99,99,99,99,99,0,0,0,1,0
34,340324,1,1,0,0,0,2,2,23,2140,25,7,2016,2,0,56,1,2,2,1,3,"SR-18","GEORGE ST",414,40.4868,-74.42970278,0,24,0,0,1,1,0,4,3,1,0,1,0,"0000000",1,0,1,10,88,88,0,0,0,2,1
34,340325,2,2,0,0,0,7,7,23,2632,19,7,2016,3,14,11,0,2,4,4,6,"PLAINSBORO RD","GEORGE DAVISON RD",0,40.32713333,-74.56430833,0,12,6,0,2,2,0,1,1,1,0,1,1,"0000000",14,13,14,25,15,1,0,0,0,1,0
34,340326,1,1,0,1,1,1,1,15,1082,18,7,2016,2,15,10,0,2,4,1,3,"SR-47","",547,39.595575,-75.06311389,0,8,0,0,1,1,0,1,1,1,0,1,0,"0000000",15,12,15,17,15,36,0,0,0,1,0
34,340327,2,2,0,0,0,4,4,35,3520,30,7,2016,7,15,27,0,2,4,2,4,"CR-531 HILLCREST RD","",114,40.64619444,-74.451275,0,12,6,0,1,1,0,1,1,2,0,2,0,"0000000",99,99,99,99,99,99,0,0,0,1,0
34,340328,2,2,0,0,0,5,5,7,630,17,8,2016,4,16,24,1,2,3,1,2,"US-30 WHITEHORSE PIKE","BRAND AVE",138,39.81003611,-74.97977778,0,12,6,0,2,2,0,1,1,1,0,1,0,"0000000",16,39,16,40,16,52,0,0,0,1,0
34,340329,2,2,0,0,0,3,3,7,160,18,8,2016,5,13,15,0,2,4,2,3,"SR-41 CR-573 CLEMENTS BR RD","ATLANTIC AVE",71,39.87404444,-75.05047222,0,10,0,0,6,1,0,1,1,1,0,1,0,"586469H",99,99,99,99,99,99,0,0,0,1,0
34,340330,1,1,0,0,0,1,1,7,3742,28,8,2016,1,4,28,0,2,7,3,5,"CHEWS LANDING RD","",99914,39.72716944,-74.98848333,0,33,0,0,1,1,0,4,3,1,0,1,0,"0000000",99,99,99,99,88,88,0,0,0,1,0
34,340331,1,1,0,0,0,1,1,7,0,6,8,2016,7,2,10,0,2,5,2,4,"CR-677","ROBERTS DR",10,39.84215556,-75.04816944,0,33,0,0,3,2,0,4,3,1,0,1,0,"0000000",99,99,99,99,99,99,0,0,0,1,1
34,340332,1,1,0,1,1,2,2,39,860,18,8,2016,5,1,8,1,2,3,1,2,"US-1 SPRING ST","FLORA ST",448,40.66908611,-74.20265278,0,8,0,0,1,1,0,1,3,1,0,1,0,"0000000",1,22,1,26,2,10,0,0,0,1,1
34,340333,1,1,0,1,1,1,1,1,1105,1,8,2016,2,22,20,1,2,3,1,2,"US-30 WHITEHORSE PIKE","S 6TH AVE",500,39.44430833,-74.52588056,0,8,0,0,3,2,0,1,3,2,0,2,0,"0000000",99,99,99,99,88,88,0,0,0,1,0
34,340334,1,1,0,1,1,1,1,1,850,27,8,2016,7,20,58,1,2,3,1,2,"US-30 WHITEHORSE PIKE","HAVANA AVE",417,39.52431667,-74.64111111,0,8,0,0,2,2,0,1,3,1,0,1,0,"0000000",99,99,99,99,99,99,0,0,0,1,0
34,340335,2,2,0,2,2,3,3,1,851,27,8,2016,7,1,6,1,2,3,1,2,"US-40 BLACK HORSE PIKE","FOX PL",609,39.38224167,-74.49923889,0,8,0,0,2,3,0,1,3,1,0,1,0,"0000000",1,10,1,17,1,45,0,0,0,1,1
34,340336,1,1,0,0,0,1,1,27,1973,4,8,2016,5,20,0,0,2,4,2,4,"CR-669 CANFIELD AVE","",11,40.87051111,-74.60925,0,30,0,0,1,1,0,4,1,1,0,1,0,"0000000",20,1,20,8,20,20,0,0,0,1,0
34,340337,2,2,0,0,0,2,2,21,935,25,8,2016,5,5,8,1,2,1,1,1,"I-95","",20,40.2802,-74.82408333,0,12,6,0,1,1,0,1,2,1,0,1,0,"0000000",5,15,5,25,5,50,19,0,0,1,0
34,340338,1,1,0,0,0,1,1,5,0,25,8,2016,5,20,5,0,1,4,1,2,"US-9 NEW YORK RD","",597,39.59483889,-74.39398333,0,30,0,0,1,1,0,4,3,1,0,1,0,"0000000",99,99,99,99,88,88,0,0,0,1,0
34,340339,1,1,0,0,0,1,1,29,0,21,8,2016,1,1,25,0,2,4,2,4,"CR-601 RADIO RD","KADLUBECK WAY",24,39.57295,-74.37006944,0,30,0,0,1,1,0,4,2,1,0,1,0,"0000000",1,27,1,30,88,88,0,0,0,1,1
34,340340,1,1,0,0,0,1,1,3,2000,19,8,2016,6,12,12,0,2,7,4,6,"PHILIPS PARKWAY","",10,41.04707778,-74.06302222,0,33,0,0,1,1,0,4,1,1,0,1,0,"0000000",99,99,99,99,99,99,0,0,0,1,1
34,340341,5,5,0,0,0,11,11,17,190,20,8,2016,7,7,24,1,2,1,31,1,"I-95","",99999,99.9999,999.9999,0,12,1,0,1,1,1,1,1,1,0,1,0,"0000000",99,99,99,99,99,99,0,0,0,1,0
34,340342,2,2,0,0,0,3,3,41,1572,26,8,2016,6,17,43,1,2,1,1,1,"I-80","",42,40.93078056,-75.09773056,0,12,7,0,1,1,1,1,1,1,0,1,0,"0000000",99,99,99,99,99,99,0,0,0,1,0
34,340343,1,1,0,0,0,2,2,23,704,7,8,2016,1,18,49,1,2,1,31,1,"I-95 NJ TURNPIKE","",727,40.33606111,-74.48025,0,24,0,0,1,1,0,3,1,1,0,1,0,"0000000",99,99,99,99,99,99,0,0,0,1,1
34,340344,4,1,3,2,2,1,1,13,2130,19,8,2016,6,2,37,0,2,7,4,6,"UNIVERSITY AVE","",12,40.73101667,-74.17906111,0,14,0,0,1,1,0,7,3,1,0,1,0,"0000000",99,99,99,99,99,99,20,15,14,1,0
34,340345,2,2,0,0,0,20,20,13,2130,19,8,2016,6,6,5,1,2,3,4,6,"BROAD ST","RAYMOND BLVD",14,40.73754444,-74.17093333,0,12,6,0,2,2,0,1,1,1,0,1,0,"0000000",6,35,6,57,7,9,0,0,0,2,0
34,340346,1,1,0,1,1,1,1,13,2130,9,8,2016,3,0,32,1,2,1,31,1,"I-95 NJ TURNPIKE NSI","",1046,40.70421111,-74.1533,0,8,0,1,18,1,0,1,3,1,0,1,0,"0000000",1,3,1,12,88,88,19,0,0,1,0
34,340347,1,1,0,1,1,1,1,1,2230,29,5,2016,1,7,45,0,2,4,2,4,"CR-662 W MILL RD","WABASH AVE",48,39.36623611,-74.55479444,0,9,0,0,3,2,0,1,1,1,0,1,0,"0000000",99,99,99,99,99,99,0,0,0,1,0
34,340348,2,2,0,0,0,4,4,13,2130,6,8,2016,7,1,38,1,2,1,1,1,"I-280 E","",130,40.75270556,-74.19319444,0,12,1,1,17,1,0,1,3,1,0,1,0,"0000000",1,42,1,47,1,56,0,0,0,1,1
34,340349,2,1,1,1,1,1,1,13,2130,27,8,2016,7,2,11,0,2,4,2,4,"CR-667 BROADWAY ST","",0,40.75525833,-74.17014167,0,14,0,0,1,1,0,7,3,1,0,1,0,"0000000",2,14,2,18,99,99,15,0,0,1,1
34,340350,2,2,0,0,0,6,6,3,1750,18,9,2016,1,13,35,1,2,1,1,1,"I-80","",641,40.89016944,-74.07248056,0,12,7,1,5,1,0,1,1,1,0,1,0,"0000000",13,39,13,47,14,29,0,0,0,1,0
34,340351,1,1,0,0,0,3,3,23,3705,27,9,2016,3,6,49,1,2,1,31,1,"I-95","",445,40.53953056,-74.31461944,0,24,0,0,1,1,0,10,1,10,0,10,0,"0000000",6,50,7,2,88,88,0,0,0,1,0
34,340352,4,2,2,0,0,4,4,21,1265,12,9,2016,2,21,59,1,2,3,4,2,"US-206(SOUTH BROAD ST)","WEST PARK AVE",400,40.19631944,-74.7243,0,12,6,0,2,2,0,1,3,1,0,1,0,"0000000",22,0,22,7,22,20,14,0,0,1,0
34,340353,2,2,0,1,1,3,3,25,1352,28,9,2016,4,8,20,0,2,7,3,5,"LAUREL AVE","SIXTH ST",4,40.44374167,-74.14180556,0,12,1,0,3,3,0,1,1,1,0,1,0,"0000000",99,99,99,99,99,99,15,0,0,1,0
34,340354,1,1,0,0,0,1,1,15,0,20,9,2016,3,12,21,1,2,3,1,2,"US-322","LOCKE AVE",50,39.76338889,-75.31343611,0,30,0,0,3,3,0,4,1,1,0,1,0,"0000000",12,23,12,39,88,88,0,0,0,1,0
34,340355,2,2,0,0,0,3,3,11,3460,7,9,2016,4,12,43,0,2,5,4,6,"PANTHER RD","DANTE AVE",0,39.45327778,-74.94616667,0,12,6,0,2,2,0,1,1,1,0,1,0,"0000000",99,99,99,99,99,99,0,0,0,1,0
34,340356,2,2,0,0,0,3,3,23,3144,27,9,2016,3,13,23,1,2,3,1,3,"SR-32 (FORSGATE RD)","CR-535 (CRANBURY RD)",9,40.34621944,-74.48208611,0,12,6,0,2,2,0,1,1,1,0,1,0,"0000000",13,23,13,32,88,88,0,0,0,1,0
34,340357,1,1,0,1,1,1,1,29,0,7,9,2016,4,20,8,1,2,3,1,2,"US-9","CLEARWATER DR",779,39.79018889,-74.19553056,0,8,0,0,2,2,0,1,2,1,0,1,0,"0000000",99,99,99,99,99,99,0,0,0,1,0
34,340358,1,1,0,0,0,1,1,5,3149,17,9,2016,7,23,34,0,1,6,2,4,"CR-642(RIDGE RD)","ONGS HAT RD",25,39.93701111,-74.703575,0,1,0,0,2,3,0,1,2,1,0,1,0,"0000000",23,32,23,40,88,88,0,0,0,1,1
34,340359,2,2,0,0,0,1,1,25,3475,24,9,2016,7,3,47,1,2,2,31,8,"GSP-444 GARDEN STATE PARKWAY","",979,40.16541944,-74.10109722,0,12,11,0,1,1,0,1,2,1,0,1,0,"0000000",99,99,99,99,99,99,19,0,0,1,0
34,340360,2,2,0,0,0,3,3,29,0,28,9,2016,4,7,44,1,2,3,1,2,"US-9","",891,39.93143333,-74.17818333,0,12,1,0,1,1,0,1,1,1,0,1,0,"0000000",8,7,8,7,8,20,0,0,0,1,0
34,340361,2,2,0,0,0,3,3,25,0,17,9,2016,7,11,23,0,1,5,2,4,"CR-524 STAGE COACH RD","SHARON STATION RD",94,40.18319167,-74.53950278,0,12,6,0,2,2,0,1,1,1,0,1,0,"0000000",11,33,11,45,12,12,0,0,0,1,0