"STATE","ST_CASE","VE_TOTAL","VE_FORMS","PVH_INVL","PEDS","PERNOTMVIT","PERMVIT","PERSONS","COUNTY","CITY","DAY","MONTH","YEAR","DAY_WEEK","HOUR","MINUTE","NHS","RUR_URB","FUNC_SYS","RD_OWNER","ROUTE","TWAY_ID","TWAY_ID2","MILEPT","LATITUDE","LONGITUD","SP_JUR","HARM_EV","MAN_COLL","RELJCT1","RELJCT2","TYP_INT","WRK_ZONE","REL_ROAD","LGT_COND","WEATHER1","WEATHER2","WEATHER","SCH_BUS","RAIL","NOT_HOUR","NOT_MIN","ARR_HOUR","ARR_MIN","HOSP_HR","HOSP_MN","CF1","CF2","CF3","FATALS","DRUNK_DR"
34,340362,2,2,0,0,0,5,5,29,0,17,9,2016,7,20,53,0,1,5,2,4,"CR-539 N GREEN ST","",54,39.677125,-74.35786389,0,12,2,0,1,1,0,1,2,1,0,1,0,"0000000",21,9,21,25,21,45,0,0,0,3,1
34,340363,1,1,0,0,0,1,1,25,0,17,9,2016,7,10,35,1,1,1,1,1,"I-195","",152,40.17173056,-74.44863889,0,1,0,0,1,1,0,3,1,1,0,1,0,"0000000",99,99,99,99,88,88,0,0,0,1,0
34,340364,2,2,0,0,0,5,5,11,1970,11,9,2016,1,14,51,0,2,4,2,4,"CR-608 CARMEL RD","SMITH RD",18,39.41764167,-75.09379444,0,12,6,0,2,3,0,1,1,1,0,1,0,"0000000",99,99,99,99,99,99,0,0,0,1,1
34,340365,1,1,0,0,0,1,1,35,214,20,9,2016,3,3,51,1,2,1,1,1,"I-287 INNER NB","",207,40.62898056,-74.64171111,0,52,0,0,1,1,0,3,2,5,0,5,0,"0000000",99,99,99,99,99,99,0,0,0,1,0
34,340366,1,1,0,0,0,2,2,27,2498,25,9,2016,1,11,11,1,2,1,1,1,"I-287","",413,40.85451111,-74.42321111,0,24,0,0,1,1,0,4,1,1,0,1,0,"0000000",11,13,11,18,88,88,0,0,0,2,0
34,340367,2,2,0,0,0,3,3,33,2586,30,9,2016,6,8,24,0,1,7,3,6,"FEATHERBED LN","SHARPTOWN AUBURN RD",11,39.68030278,-75.366675,0,12,6,0,2,2,0,1,1,2,0,2,0,"0000000",8,24,8,31,9,7,0,0,0,1,0
34,340368,2,2,0,0,0,2,2,11,724,4,9,2016,1,16,55,0,2,4,2,4,"CR-552 SHERMAN AVE","CR-636 JESSE BRIDGE RD",77,39.44363611,-75.09118611,0,12,1,0,3,3,0,1,1,1,0,1,0,"0000000",16,52,17,4,17,20,0,0,0,1,0
34,340369,2,2,0,0,0,5,5,7,3694,6,9,2016,3,20,7,1,2,3,2,4,"CR-689 BERLIN CROSS KEYS RD","ACE RAMP",5,39.73234167,-75.008475,0,12,6,1,2,2,0,1,3,1,0,1,0,"0000000",20,14,20,14,20,46,0,0,0,1,0
34,340370,1,1,0,0,0,1,1,25,0,9,9,2016,6,14,18,1,1,1,1,1,"I-195","",162,40.16298611,-74.43313889,0,59,0,0,1,1,0,4,1,1,0,1,0,"0000000",99,99,99,99,88,88,0,0,0,1,0
34,340371,3,3,0,0,0,3,3,11,1845,22,9,2016,5,5,45,1,1,2,1,3,"SR-55","",204,39.3331,-74.9955,0,12,8,0,1,1,0,1,2,1,0,1,0,"0000000",5,45,5,56,99,99,0,0,0,1,0
34,340372,2,2,0,0,0,2,2,37,2190,25,9,2016,1,13,36,1,2,3,1,2,"US-206 WATER ST","CR-519 MILL ST",1093,41.05975556,-74.75272222,0,12,7,0,2,2,0,1,1,1,0,1,0,"0000000",13,38,13,50,14,9,0,0,0,1,0
34,340373,2,2,0,0,0,3,3,15,1082,25,9,2016,1,13,34,0,2,4,2,4,"CR-555 TUCKAHOE RD","BIRCH AVE",280,39.64279167,-75.01327778,0,12,2,0,8,1,0,1,1,1,0,1,0,"0000000",13,35,13,41,13,59,0,0,0,1,0
34,340374,2,2,0,0,0,2,2,9,0,16,9,2016,6,9,11,0,1,4,1,3,"SR-47 DELSEA DR","CR-658 HAND AVE",107,39.09994167,-74.87476389,0,12,6,0,2,3,0,1,1,1,0,1,0,"0000000",9,11,9,19,9,56,0,0,0,1,1
34,340375,2,2,0,0,0,2,2,5,1040,13,9,2016,3,11,11,1,2,3,1,2,"US-130","CR-656 DELAWARE AVE",508,40.10678889,-74.78293333,0,12,6,0,2,2,0,1,1,1,0,1,0,"0000000",99,99,99,99,99,99,0,0,0,1,0
34,340376,1,1,0,1,1,1,1,21,1265,27,9,2016,3,19,50,0,2,4,2,4,"CR-535 EDINBURG RD","",38,40.23759444,-74.68536111,0,33,0,0,1,1,0,4,3,1,0,1,0,"0000000",20,0,20,10,88,88,0,0,0,1,0
34,340377,1,1,0,1,1,1,1,5,1290,8,9,2016,5,21,18,0,2,4,2,4,"CR-537 MARNE HWY","",175,39.98728056,-74.81238056,0,8,0,0,1,1,0,1,3,1,0,1,0,"0000000",99,99,99,99,99,99,0,0,0,1,0
34,340378,2,2,0,1,1,6,6,15,0,23,4,2016,7,20,9,1,2,3,1,3,"SR-42","GREENTREE RD",58,39.760325,-75.04765278,0,8,0,0,1,1,0,2,3,1,0,1,0,"0000000",99,99,99,99,99,99,14,0,0,1,0
34,340379,1,1,0,0,0,4,4,27,781,13,10,2016,5,18,35,1,2,1,1,1,"I-280","",32,40.83331389,-74.33359167,0,1,0,0,1,1,0,5,5,1,0,1,0,"0000000",18,38,18,48,19,35,0,0,0,1,0
34,340380,1,1,0,0,0,1,1,25,2109,4,10,2016,3,18,46,1,2,3,1,3,"SR-35","SEAVIEW CIRCLE",217,40.18570833,-74.02581389,0,25,0,0,3,3,0,3,5,1,0,1,0,"0000000",18,48,18,54,19,25,0,0,0,1,0
34,340381,1,1,0,0,0,1,1,29,0,5,10,2016,4,13,16,1,2,2,31,8,"GSP-444 GARDEN STATE PARKWAY","",638,39.70768889,-74.28278889,0,24,0,0,1,1,0,3,1,1,0,1,0,"0000000",13,15,13,18,13,59,0,0,0,1,0
34,340382,1,1,0,0,0,2,2,23,1986,12,10,2016,4,18,38,0,2,7,3,5,"CRANBURY HALF ACRE RD","",26,40.31798611,-74.45920556,0,35,0,0,1,1,0,4,5,1,0,1,0,"0000000",18,42,18,48,19,22,0,0,0,1,0
34,340383,7,2,5,0,0,12,12,37,1993,21,10,2016,6,6,9,1,1,3,1,2,"US-206","",1274,41.29648333,-74.79409722,0,12,1,0,1,1,0,2,4,10,0,10,0,"0000000",99,99,99,99,99,99,14,0,0,1,0
34,340384,1,1,0,1,1,1,1,1,10,10,10,2016,2,5,55,1,2,3,1,2,"US-30","CR-651 MILL RD",511,39.43202222,-74.51128333,0,8,0,0,3,2,0,1,3,1,0,1,0,"0000000",5,57,5,58,6,38,0,0,0,1,1
34,340385,2,2,0,0,0,2,2,33,567,5,10,2016,4,18,15,1,2,1,1,1,"I-295","",13,39.67923889,-75.48738611,0,1,0,1,5,1,0,1,5,1,0,1,0,"0000000",18,15,18,21,88,88,0,0,0,1,0
34,340386,1,1,0,0,0,2,2,25,3357,16,10,2016,1,15,51,1,2,2,31,8,"GSP-444 GARDEN STATE PARKWAY","",1027,40.2253,-74.09634444,0,5,0,0,1,1,0,1,1,1,0,1,0,"0000000",16,0,16,5,88,88,0,0,0,1,0
34,340387,2,2,0,0,0,3,3,9,0,25,10,2016,3,12,44,0,2,3,1,2,"US-9","CHURCH RD",275,39.25138333,-74.662225,0,12,2,0,3,3,0,1,1,1,0,1,0,"0000000",12,43,12,52,13,11,0,0,0,1,0
34,340388,1,1,0,0,0,1,1,37,1993,16,10,2016,1,12,6,1,1,3,1,3,"SR-23","",490,41.33025,-74.67903611,0,42,0,0,1,1,0,5,1,1,0,1,0,"0000000",12,7,12,39,13,8,0,0,0,1,0
34,340389,1,1,0,0,0,1,1,9,742,16,10,2016,1,20,51,1,1,2,31,8,"GSP-444 GARDEN STATE PARKWAY","",163,39.15759167,-74.74426111,0,42,0,0,1,1,0,5,2,1,0,1,0,"0000000",20,48,21,3,88,88,0,0,0,1,1
34,340390,2,2,0,1,1,1,1,23,704,21,10,2016,6,0,8,1,1,1,31,1,"I-95","",236,40.28351667,-74.50283611,0,12,6,0,1,1,0,1,2,1,0,1,0,"0000000",0,16,0,24,88,88,19,0,0,1,0
34,340391,1,1,0,1,1,1,1,1,2700,21,10,2016,6,13,47,0,2,4,2,4,"CR-561A MOSS MILL RD","",49,39.49901944,-74.49456111,0,9,0,0,1,1,0,1,1,1,0,1,0,"0000000",13,35,13,40,14,10,0,0,0,1,0
34,340392,5,5,0,1,1,8,8,39,616,5,10,2016,4,19,39,1,2,2,31,8,"GSP-444 GARDEN STATE PARKWAY","",1354,40.61656389,-74.31132778,0,12,1,0,1,1,0,1,2,1,0,1,0,"0000000",19,40,19,51,20,30,0,0,0,1,0
34,340393,2,2,0,0,0,3,3,29,416,6,10,2016,5,2,46,1,2,2,31,8,"GSP-444 GARDEN STATE PARKWAY","",937,40.11131111,-74.13316944,0,12,1,0,1,1,0,1,2,1,0,1,0,"0000000",99,99,99,99,88,88,0,0,0,1,1
34,340394,1,1,0,1,1,1,1,5,2081,13,10,2016,5,23,33,1,2,1,1,1,"I-295","",370,39.93903889,-74.95721944,0,8,0,0,1,1,0,1,2,1,0,1,0,"0000000",23,32,23,35,88,88,0,0,0,1,0
34,340395,2,2,0,0,0,2,2,5,3325,30,10,2016,1,10,57,0,2,5,2,4,"CR-648 CARRAZA RD","",63,39.84654444,-74.71296667,0,12,6,0,4,1,0,1,1,1,0,1,0,"0000000",99,99,99,99,99,99,0,0,0,1,0
34,340396,1,1,0,1,1,1,1,5,3537,30,10,2016,1,3,25,1,2,2,31,8,"NJTP-700 NEW JERSEY TURNPIKE","",441,40.02899167,-74.81913333,0,8,0,0,1,1,0,1,2,1,0,1,0,"0000000",99,99,99,99,88,88,0,0,0,1,0
34,340397,1,1,0,0,0,2,2,25,0,28,10,2016,6,23,51,0,1,7,3,5,"EMLEYS HILL RD","",24,40.15602778,-74.5017,0,42,0,0,1,1,0,5,2,1,0,1,0,"0000000",23,57,0,14,1,20,0,0,0,1,1
34,340398,1,1,0,0,0,1,1,25,0,30,10,2016,1,9,29,0,2,7,3,5,"AMBOY RD","",1,40.35221389,-74.28408333,0,42,0,0,1,1,0,5,1,1,0,1,0,"0000000",9,37,10,0,10,22,0,0,0,1,0
34,340399,1,1,0,0,0,1,1,11,1970,19,10,2016,4,18,52,0,2,7,2,4,"CR-625 HOGBIN RD","",21,39.38338611,-75.10543611,0,42,0,0,1,1,0,5,5,1,0,1,0,"0000000",88,88,88,88,88,88,0,0,0,1,1
34,340400,1,1,0,1,1,1,1,1,1105,5,10,2016,4,20,4,0,2,4,2,4,"CR-561 JIMMIE LEEDS RD","RIDGEWOOD AVE",34,39.47406111,-74.52503333,0,8,0,0,1,1,0,1,2,1,0,1,0,"0000000",20,6,20,11,20,28,0,0,0,1,0
34,340401,1,1,0,0,0,1,1,17,3040,3,10,2016,2,20,8,1,2,2,1,3,"SR-3","",94,40.79295833,-74.056275,0,33,0,0,5,1,0,4,3,1,0,1,0,"0000000",99,99,99,99,99,99,0,0,0,1,0
34,340402,1,1,0,1,1,1,1,25,1798,2,10,2016,1,20,50,1,2,3,1,3,"SR-33","WOODWARD RD",226,40.25400556,-74.36839444,0,8,0,0,3,2,0,1,3,1,0,1,0,"0000000",20,55,21,9,88,88,0,0,0,1,0
34,340403,2,2,0,0,0,2,2,39,2900,15,10,2016,7,2,52,1,2,3,1,3,"SR-27","",318,40.64755,-74.24823611,0,33,0,0,1,1,0,4,3,1,0,1,0,"0000000",2,49,2,55,3,52,0,0,0,2,2
34,340404,1,1,0,1,1,1,1,35,290,6,10,2016,5,7,55,0,2,5,2,4,"CR-652 ALLEN RD","LIBERTY RIDGE RD",22,40.65191667,-74.61626111,0,8,0,0,2,3,0,1,1,1,0,1,0,"0000000",7,57,8,4,99,99,0,0,0,1,0
34,340405,1,1,0,1,1,1,1,11,3460,4,10,2016,3,6,33,0,2,5,2,4,"CR-540 ALMOND RD","EDRUDO RD",324,39.494825,-75.056625,0,9,0,0,8,1,0,98,2,1,0,1,0,"0000000",6,34,99,97,99,97,0,0,0,1,0
34,340406,1,1,0,0,0,2,2,25,0,28,10,2016,6,17,29,0,1,7,3,5,"W HURLEY POND RD","",32,40.180425,-74.15195278,0,58,0,0,1,1,0,1,5,1,0,1,0,"0000000",17,32,17,47,88,88,0,0,0,2,1
34,340407,1,1,0,1,1,1,1,17,190,13,10,2016,5,18,55,0,2,5,4,6,"AVENUE E","EAST 21ST STREET",0,40.66105278,-74.11733611,0,8,0,0,2,2,0,1,3,1,0,1,0,"0000000",99,99,99,99,99,99,0,0,0,1,0
34,340408,1,1,0,1,1,1,1,25,1925,26,10,2016,4,13,36,0,2,4,2,4,"CR-520 NEWMAN SPRINGS RD","",125,40.33664167,-74.14183611,0,8,0,0,1,1,0,1,1,1,0,1,0,"0000000",99,99,99,99,88,88,0,0,0,1,0
34,340409,2,2,0,0,0,4,4,37,0,23,10,2016,1,13,25,0,2,4,2,4,"CR-605 STANHOPE-SPARTA RD","CR-671 AMITY RD",48,40.98670278,-74.6659,0,12,2,0,2,3,0,1,1,1,0,1,0,"0000000",13,35,13,45,14,10,0,0,0,1,0
34,340410,2,2,0,0,0,4,4,23,1986,12,11,2016,7,17,20,0,2,4,2,4,"CR-613 SPOTSWOOD ENGLISHTOWN R","MONMOUTH RD",52,40.38181111,-74.38856389,0,12,2,0,3,4,0,1,3,1,0,1,0,"0000000",17,24,17,31,17,58,0,0,0,1,0
34,340411,4,3,1,0,0,6,6,3,3335,24,11,2016,5,15,30,0,2,4,2,4,"CR-56III","QUEEN ANNE RD",13,40.8752,-74.02072222,0,12,6,0,2,2,0,1,1,1,0,1,0,"0000000",99,99,99,99,99,99,0,0,0,1,0
34,340412,1,1,0,1,1,1,1,3,3335,21,11,2016,2,6,55,0,2,4,2,4,"CR-41I RIVER RD","RAMAPO RD",34,40.89611667,-74.02894444,0,8,0,0,1,1,0,1,1,1,0,1,0,"0000000",99,99,99,99,99,99,0,0,0,1,0
34,340413,2,2,0,0,0,4,4,23,3144,8,11,2016,3,21,22,1,2,3,1,2,"US-1","RAYMOND RD",158,40.37987222,-74.57918611,0,12,6,0,2,2,0,1,3,1,0,1,0,"0000000",21,25,21,32,22,24,0,0,0,1,0
34,340414,2,2,0,0,0,4,4,29,210,6,11,2016,1,18,16,1,2,2,31,8,"GSP-444 GARDEN STATE PARKWAY","",789,39.91418611,-74.21094444,0,12,1,0,1,1,0,1,2,1,0,1,0,"0000000",18,17,18,29,19,15,19,0,0,1,0
34,340415,2,2,0,0,0,3,3,39,3395,12,11,2016,7,10,10,1,2,2,31,8,"GSP-444 GARDEN STATE PARKWAY","",1423,40.69964722,-74.25223889,0,12,7,0,1,1,0,1,1,1,0,1,0,"0000000",99,99,99,99,99,99,0,0,0,1,0
34,340416,1,1,0,0,0,3,3,13,2440,12,11,2016,7,1,33,0,2,5,4,6,"TREMONT AVE","MOSSWOOD AVE",8,40.75683611,-74.24036944,0,33,0,0,3,2,0,4,3,1,0,1,0,"0000000",99,99,99,99,88,88,0,0,0,3,0
34,340417,1,1,0,1,1,2,2,5,3149,8,11,2016,3,17,31,1,2,3,1,2,"US-206","",230,39.96406944,-74.73815,0,8,0,0,1,1,0,1,2,1,0,1,0,"0000000",99,99,99,99,88,88,0,0,0,1,0
34,340418,1,1,0,0,0,1,1,29,1590,3,11,2016,5,12,17,1,2,2,31,8,"GSP-444 GARDEN STATE PARKWAY","",883,40.04446389,-74.1751,0,42,0,0,1,1,0,5,1,1,0,1,0,"0000000",99,99,99,99,88,88,0,0,0,1,0
34,340419,2,1,1,0,1,1,2,7,598,19,11,2016,7,4,22,1,2,1,1,1,"I-295","",344,39.90301389,-74.98711389,0,14,0,0,1,1,0,2,3,1,0,1,0,"0000000",4,20,4,30,5,4,0,0,0,1,1
34,340420,1,1,0,0,0,2,2,29,0,7,11,2016,2,15,45,0,2,5,2,4,"CR-640 HAWKINS RD","",52,40.07822778,-74.45285556,0,42,0,0,1,1,0,5,1,1,0,1,0,"0000000",15,47,15,54,16,55,0,0,0,1,0
34,340421,2,2,0,0,0,4,4,41,0,16,9,2016,6,14,35,1,2,1,1,1,"I-78","SR-173",39,40.66061389,-75.06963611,0,12,6,1,5,1,0,1,1,1,0,1,1,"0000000",14,39,14,46,15,22,0,0,0,1,0
34,340422,2,2,0,0,0,2,2,25,3357,11,11,2016,6,10,31,1,2,2,31,8,"GSP-444 GARDEN STATE PARKWAY","",1082,40.30948056,-74.09418611,0,12,1,0,1,1,0,1,1,1,0,1,0,"0000000",10,33,10,39,10,58,0,0,0,1,0
34,340423,1,1,0,1,1,1,1,5,3325,11,11,2016,6,15,23,0,1,5,2,4,"CR-532 CHATSWORTH RD","MOORSE MEADOWS RD",100,39.83259167,-74.62842778,0,9,0,0,1,1,0,4,1,1,0,1,0,"0000000",99,99,99,99,88,88,0,0,0,1,0
34,340424,4,4,0,0,0,4,4,39,3395,9,11,2016,4,12,20,1,2,1,1,1,"I-78","",527,40.71016944,-74.26352778,0,24,0,0,1,1,0,4,1,10,0,10,0,"0000000",99,99,99,99,99,99,0,0,0,1,0
34,340425,2,2,0,0,0,3,3,7,3694,24,11,2016,5,7,24,0,2,4,2,4,"CR-536 SPUR  WILLIAMSTOWN RD","",31,39.72682778,-74.95931944,0,12,2,0,1,1,0,1,1,1,0,1,0,"0000000",99,99,99,99,88,88,0,0,0,2,0
34,340426,1,1,0,1,1,1,1,13,3600,16,11,2016,4,7,36,1,1,3,1,3,"SR-10 MT PLEASANT AVE","KELLY DR",219,40.79318889,-74.2835,0,8,0,0,2,2,0,1,1,1,0,1,0,"0000000",99,99,99,99,99,99,0,0,0,1,0
34,340427,2,2,0,0,0,2,2,41,0,5,12,2016,2,18,10,1,2,3,1,3,"SR-31","",397,40.71568056,-74.96955278,0,12,1,0,1,1,0,1,2,10,0,10,0,"0000000",99,99,99,99,99,99,0,0,0,1,0
34,340428,1,1,0,1,1,1,1,19,0,31,5,2016,3,4,54,1,2,3,1,2,"US-202","VOOHREES CORNER RD",119,40.50610278,-74.84483333,0,8,0,0,3,2,0,1,2,1,0,1,0,"0000000",4,55,5,0,88,88,0,0,0,1,0
34,340429,1,1,0,1,1,1,1,17,3410,26,5,2016,5,7,0,0,2,7,4,6,"30TH ST","NEW YORK AVE",5,40.77074722,-74.02898889,0,8,0,0,3,2,0,1,1,1,0,1,0,"0000000",99,99,99,99,99,99,0,0,0,1,0
34,340430,2,1,1,1,1,1,1,17,1430,25,6,2016,7,3,30,0,2,4,2,4,"CR-675 WILLOW AVE","6TH ST",0,40.744075,-74.03262778,0,8,0,0,2,2,0,1,3,1,0,1,0,"0000000",3,40,3,46,4,13,0,0,0,1,0
34,340431,1,1,0,1,1,2,2,1,90,18,7,2016,2,22,30,1,2,3,4,6,"DR MARTIN LUTHER KING BLVD","MCKINLEY AVE",0,39.36994167,-74.43823056,0,8,0,0,98,98,0,1,3,1,0,1,0,"0000000",99,99,99,99,88,88,0,0,0,1,1
34,340432,6,6,0,0,0,10,10,7,3270,14,7,2016,5,21,7,1,2,3,1,2,"US-30","",119,39.83112778,-75.00246111,0,12,7,0,8,1,0,1,3,1,0,1,0,"0000000",99,99,99,99,99,99,14,0,0,1,0
34,340433,1,1,0,0,0,1,1,21,3380,7,7,2016,5,19,27,1,2,2,1,3,"SR-29","",65,40.23844722,-74.80735,0,33,0,0,1,1,0,3,1,1,0,1,0,"0000000",19,31,19,36,88,88,0,0,0,1,1
34,340434,2,2,0,0,0,2,2,7,520,31,7,2016,1,20,14,1,2,3,2,4,"CR-605 MT EPHRAIM AVE","THURMAN ST",7,39.92705278,-75.10643889,0,12,6,0,1,1,0,1,1,1,0,1,0,"0000000",99,99,99,99,99,99,0,0,0,1,0
34,340435,3,3,0,0,0,3,3,29,3360,14,7,2016,5,6,56,0,2,4,2,4,"CR-527 WHITESVILLE RD","MEDJAY LANE",64,40.02283333,-74.23366667,0,12,2,0,3,3,0,1,1,1,0,1,0,"0000000",6,57,7,4,7,36,0,0,0,1,0
34,340436,3,3,0,0,0,3,3,17,1520,22,7,2016,6,2,16,1,2,4,2,4,"CR-653 NEW COUNTY RD","",0,40.74954722,-74.06133889,0,12,2,0,1,1,0,1,3,1,0,1,0,"0000000",99,99,99,99,99,99,0,0,0,1,1
34,340437,2,2,0,0,0,2,2,23,844,25,7,2016,2,7,10,1,2,3,1,3,"SR-27 LINCOLN HIGHWAY","PETERSON AVE",195,40.52109722,-74.39440278,0,12,6,0,8,1,0,1,1,1,0,1,0,"0000000",7,30,7,40,99,99,0,0,0,1,0
34,340438,2,2,0,0,0,2,2,19,0,3,8,2016,4,21,0,1,2,3,1,2,"US-22","EAST MAIN STREET",228,40.64450556,-74.813425,0,12,6,0,2,4,0,1,5,1,0,1,0,"0000000",21,7,21,15,88,88,0,0,0,1,0
34,340439,1,1,0,0,0,1,1,23,3705,11,8,2016,5,5,11,1,2,3,1,3,"SR-35 ST GEORGES AVE","CHAIN O HILLS RD",573,40.58434167,-74.29276389,0,33,0,0,3,2,0,4,6,1,0,1,0,"0000000",5,13,99,97,99,97,0,0,0,1,0
34,340440,1,1,0,2,2,1,1,35,425,25,8,2016,5,3,12,1,2,3,1,2,"US-22","",360,40.57817222,-74.58265,0,8,0,0,1,1,0,1,3,1,0,1,0,"0000000",3,18,3,22,99,99,0,0,0,2,0
34,340441,1,1,0,0,0,6,6,3,1795,22,10,2016,7,22,32,0,2,7,3,5,"BELLGROVE DR","",2,41.082175,-74.13148333,0,33,0,0,1,1,0,4,3,10,0,10,0,"0000000",99,99,99,99,99,99,0,0,0,1,0
34,340442,1,1,0,1,1,1,1,5,3537,30,10,2016,1,19,36,1,2,3,2,4,"CR-626 RANCOCAS RD","",65,40.009575,-74.84291111,0,8,0,0,1,1,0,1,2,2,0,2,0,"0000000",99,99,99,99,88,88,0,0,0,1,0
34,340443,1,1,0,0,0,1,1,3,820,30,10,2016,1,2,31,1,2,2,1,3,"SR-120","",1,40.806175,-74.07253333,0,52,0,1,19,1,0,3,2,1,0,1,0,"0000000",2,44,99,99,88,88,0,0,0,1,1
34,340444,1,1,0,0,0,3,3,1,1264,30,10,2016,1,19,52,0,1,4,1,3,"SR-50","",235,39.50263611,-74.68178889,0,30,0,0,1,1,0,4,3,2,0,2,0,"0000000",99,99,99,99,99,99,0,0,0,1,1
34,340445,1,1,0,0,0,1,1,1,90,26,10,2016,4,20,25,1,1,3,1,2,"US-30","",565,39.37932778,-74.45701389,0,30,0,0,1,1,0,4,3,1,0,1,0,"0000000",99,99,99,99,88,88,0,0,0,1,1
34,340446,2,2,0,0,0,3,3,27,2003,25,10,2016,3,11,5,1,2,3,1,2,"US-202","I-287 RAMP",258,40.91705556,-74.3719,0,12,6,1,2,3,0,1,1,1,0,1,0,"0000000",99,99,99,99,99,99,0,0,0,1,0
34,340447,1,1,0,1,1,1,1,25,1925,13,10,2016,5,21,10,1,2,3,1,3,"SR-36","7TH ST",174,40.41848056,-74.08133333,0,8,0,0,2,3,0,1,2,1,0,1,0,"0000000",99,99,99,99,99,99,0,0,0,1,1
34,340448,1,1,0,1,1,1,1,27,2498,25,10,2016,3,21,5,0,2,4,4,6,"N BEVERWYCK RD","TIOGA AVE",15,40.88533333,-74.38108611,0,8,0,0,3,3,0,1,3,1,0,1,0,"0000000",99,99,99,99,88,88,0,0,0,1,0
34,340449,2,2,0,0,0,2,2,25,1465,12,10,2016,4,7,49,1,2,3,1,2,"US-9","LANES MILL RD",1044,40.12950278,-74.223275,0,12,6,0,2,2,0,1,1,1,0,1,0,"0000000",99,99,99,99,99,99,0,0,0,1,0
34,340450,1,1,0,1,1,1,1,3,3340,25,10,2016,3,5,45,1,2,3,2,4,"CR-72 E CLINTON AVE","WOODLAND AVE",12,40.91200833,-73.94689167,0,8,0,0,1,1,0,1,3,1,0,1,0,"0000000",99,99,99,99,99,99,0,0,0,1,0
34,340451,1,1,0,1,1,1,1,17,1520,29,9,2016,5,6,9,1,2,3,2,4,"CR-501 KENNEDY BLVD","LEONARD ST",326,40.75606389,-74.04674167,0,8,0,0,2,2,0,1,3,1,0,1,0,"0000000",6,13,6,19,88,88,0,0,0,1,0
34,340452,2,2,0,0,0,3,3,29,3360,4,8,2016,5,22,14,0,2,7,4,6,"WAVE WAY","HARBOR VIEW LANE",1,40.01030833,-74.11033056,0,12,6,0,2,2,0,1,3,1,0,1,0,"0000000",22,23,22,30,99,99,0,0,0,1,0
34,340453,1,1,0,0,0,2,2,5,1040,23,9,2016,6,2,10,0,2,5,2,4,"CR-656 FRONT STREET","",99999,40.11886111,-74.82570278,0,30,0,0,1,1,0,4,3,1,0,1,0,"0000000",2,11,2,19,3,11,0,0,0,1,1
34,340454,1,1,0,0,0,2,2,5,0,27,9,2016,3,5,11,0,1,7,3,6,"HANOVER BLVD","MAGNOLIA ST",12,39.98577222,-74.55698333,0,42,0,0,1,1,0,4,2,2,0,2,0,"0000000",5,29,99,99,99,99,0,0,0,1,0
34,340455,1,1,0,1,1,1,1,3,900,24,9,2016,7,0,29,1,2,3,1,2,"US-9W SYLVAN AVE","SHERWOOD AVE",19,40.87689167,-73.95196944,0,8,0,0,2,3,0,1,3,2,0,2,0,"0000000",0,30,0,38,1,3,0,0,0,1,0
34,340456,1,1,0,1,1,1,1,21,2712,15,9,2016,5,19,0,0,2,4,4,4,"CR-583  MERCER STREET","GALLUP RD",69,40.32166667,-74.68450556,0,8,0,0,1,1,0,1,2,1,0,1,0,"0000000",88,88,88,88,88,88,0,0,0,1,0
34,340457,1,1,0,1,1,5,5,3,3750,8,10,2016,7,0,5,1,2,3,1,3,"SR-17","",70,40.84829444,-74.07615278,0,8,0,0,1,1,0,1,3,1,0,1,0,"0000000",99,99,99,99,99,99,0,0,0,1,0
34,340458,1,1,0,0,0,1,1,5,3537,16,10,2016,1,4,39,1,2,3,2,4,"CR-541 BURLINGTON-MT HOLLY RD","",189,40.01381667,-74.80349444,0,33,0,0,1,1,0,3,2,1,0,1,0,"0000000",4,41,4,45,88,88,0,0,0,1,0
34,340459,1,1,0,1,1,1,1,17,2205,2,10,2016,1,0,6,1,2,3,1,2,"US-1 TONNELLE AVE","14TH ST JUGHANDLE",566,40.76559167,-74.04735278,0,8,0,0,99,99,0,99,3,10,0,10,0,"0000000",0,11,0,18,0,39,0,0,0,1,0
34,340460,1,1,0,1,1,4,4,29,1590,1,10,2016,7,21,4,0,2,7,4,6,"WILLIAM ST","EVIAN CT",0,40.07696389,-74.22121111,0,9,0,0,3,3,0,1,3,2,0,2,0,"0000000",21,6,21,9,99,99,0,0,0,1,0
34,340461,1,1,0,0,0,1,1,13,2130,21,9,2016,4,18,40,1,2,3,2,4,"CR-510","SOUTH 17TH ST",274,40.74260833,-74.20653611,0,33,0,0,3,3,0,4,1,1,0,1,0,"0000000",99,99,99,99,99,99,0,0,0,1,0
34,340462,1,1,0,0,0,1,1,5,0,24,9,2016,7,1,2,0,1,7,3,5,"MT MISERY RD","JUNCTION RD",16,39.94679444,-74.59339722,0,42,0,0,3,4,0,5,2,1,0,1,0,"0000000",1,3,1,7,1,51,0,0,0,1,1
34,340463,1,1,0,1,1,1,1,1,1264,4,10,2016,3,6,17,1,2,3,1,2,"US-40","",505,39.45026389,-74.66503889,0,9,0,0,1,1,0,2,2,1,0,1,0,"0000000",6,23,6,27,88,88,0,0,0,1,0
34,340464,2,2,0,1,1,4,4,11,0,21,10,2016,6,21,0,1,2,3,1,3,"SR-49","",273,39.42356389,-75.20079167,0,8,0,0,8,1,0,1,2,1,0,1,0,"0000000",21,0,21,5,88,88,0,0,0,1,0
34,340465,1,1,0,0,0,1,1,27,0,13,11,2016,1,16,36,0,1,5,2,4,"CR-513 W MILL RD","",228,40.75725278,-74.82267778,0,11,0,0,1,1,0,1,1,1,0,1,0,"0000000",99,99,99,99,99,99,0,0,0,1,0