"STATE","ST_CASE","VE_TOTAL","VE_FORMS","PVH_INVL","PEDS","PERNOTMVIT","PERMVIT","PERSONS","COUNTY","CITY","DAY","MONTH","YEAR","DAY_WEEK","HOUR","MINUTE","NHS","RUR_URB","FUNC_SYS","RD_OWNER","ROUTE","TWAY_ID","TWAY_ID2","MILEPT","LATITUDE","LONGITUD","SP_JUR","HARM_EV","MAN_COLL","RELJCT1","RELJCT2","TYP_INT","WRK_ZONE","REL_ROAD","LGT_COND","WEATHER1","WEATHER2","WEATHER","SCH_BUS","RAIL","NOT_HOUR","NOT_MIN","ARR_HOUR","ARR_MIN","HOSP_HR","HOSP_MN","CF1","CF2","CF3","FATALS","DRUNK_DR"
34,340466,1,1,0,0,0,5,5,1,0,12,11,2016,7,6,48,0,1,5,2,4,"CR-559 OCEAN HEIGHTS AVE","",75,39.36626111,-74.70318333,0,24,0,0,1,1,0,4,4,1,0,1,0,"0000000",99,99,99,99,99,99,0,0,0,1,1
34,340467,1,1,0,0,0,1,1,31,0,29,5,2016,1,21,29,0,1,7,3,5,"CLINTON RD","SCHOOL HOUSE COVE RD",12,41.07193889,-74.45029722,0,24,0,0,3,4,0,4,2,1,0,1,0,"0000000",21,44,21,57,88,88,0,0,0,1,1
34,340468,2,2,0,1,1,2,2,1,90,3,11,2016,5,18,52,1,2,3,1,2,"US-40 N ALBANY AVE","",633,39.37134722,-74.47811944,0,8,0,0,1,1,0,1,3,1,0,1,0,"0000000",99,99,99,99,99,99,0,0,0,1,0
34,340469,1,1,0,1,1,2,2,15,0,3,11,2016,5,23,8,0,2,4,1,3,"SR-47 DELSEA DR","CR-665 CATTELL RD",708,39.81353056,-75.12451667,0,9,0,0,2,3,0,1,3,1,0,1,0,"0000000",99,99,99,99,99,99,0,0,0,1,0
34,340470,1,1,0,1,1,1,1,25,0,9,11,2016,4,6,13,1,2,3,1,3,"SR-79","",82,40.35340278,-74.24963056,0,8,0,0,1,1,0,1,2,1,0,1,0,"0000000",99,99,99,99,99,99,0,0,0,1,0
34,340472,1,1,0,0,0,2,2,5,0,11,11,2016,6,22,42,0,2,4,2,4,"CR-645 MOUNT MISERY RD","JUNCTION RD",16,39.94676944,-74.59326111,0,42,0,0,1,1,0,4,2,1,0,1,0,"0000000",99,99,99,99,99,99,0,0,0,1,1
34,340473,2,2,0,0,0,4,4,25,0,15,11,2016,3,14,14,0,2,5,2,3,"SR-54 PHALANX RD","",20,40.31672222,-74.131175,0,12,2,0,1,1,0,1,1,1,0,1,1,"0000000",99,99,99,99,99,99,0,0,0,1,0
34,340474,1,1,0,1,1,3,3,5,0,3,11,2016,5,17,1,1,2,3,1,2,"US-130","",432,40.047425,-74.9023,0,8,0,0,1,1,0,1,2,1,0,1,0,"0000000",99,99,99,99,99,99,0,0,0,1,0
34,340475,2,2,0,0,0,2,2,31,2800,27,11,2016,1,10,14,1,2,3,4,3,"SR-511 GREENWOOD LAKE TPK","",275,41.11218611,-74.281575,0,12,2,0,1,1,0,1,1,1,0,1,0,"0000000",10,15,10,25,11,23,0,0,0,1,0
34,340476,2,2,0,0,0,2,2,23,844,5,11,2016,7,3,22,1,2,3,1,2,"US-1","CR-660 GRANDVIEW AVE W",331,40.53984167,-74.3387,0,12,6,0,2,2,0,1,3,1,0,1,0,"0000000",99,99,99,99,99,99,0,0,0,1,1
34,340477,1,1,0,1,1,1,1,35,0,9,11,2016,4,17,43,0,2,5,4,6,"HAMILTON RD","",14,40.5069,-74.61160833,0,8,0,0,1,1,0,1,2,2,0,2,0,"0000000",99,99,99,99,99,99,0,0,0,1,0
34,340478,2,2,0,0,0,2,2,13,2130,15,8,2016,2,21,46,0,2,7,4,6,"WILLOUGHBY ST","BRAGAW AVE",2,40.71565556,-74.21441944,0,12,99,0,3,3,0,99,2,1,0,1,0,"0000000",99,99,99,99,99,99,0,0,0,1,0
34,340479,1,1,0,1,1,1,1,39,0,17,11,2016,5,18,58,0,2,5,2,4,"CR-627 CHESTNUT ST","CAROLYN RD",9,40.67468889,-74.267,0,8,0,0,3,3,0,1,2,1,0,1,0,"0000000",99,99,99,99,99,99,0,0,0,1,0
34,340480,3,3,0,1,1,3,3,29,3360,22,11,2016,3,23,10,0,2,3,1,3,"SR-70","",499,40.04691944,-74.22162778,0,8,0,1,18,1,0,1,3,1,0,1,0,"0000000",99,99,99,99,88,88,0,0,0,1,0
34,340481,2,2,0,0,0,3,3,35,0,25,11,2016,6,17,44,0,2,7,3,5,"SUNNYMEAD RD","",0,40.526925,-74.61061667,0,12,2,0,1,1,0,1,2,1,0,1,0,"0000000",99,99,99,99,99,99,0,0,0,1,0
34,340482,1,1,0,1,1,1,1,7,520,26,11,2016,7,19,52,0,2,4,2,4,"CR-608 BAIRD BLVD","RANDOLPH ST",6,39.93984444,-75.09160556,0,8,0,0,3,3,0,1,3,1,0,1,0,"0000000",99,99,99,99,99,99,0,0,0,1,0
34,340483,2,2,0,0,0,2,2,5,2015,15,9,2016,5,11,13,0,2,4,2,4,"CR-686 HARTFORD RD","CENTERTON RD",34,39.98227778,-74.90083056,0,12,2,0,3,2,0,1,1,1,0,1,0,"0000000",99,99,99,99,99,99,0,0,0,1,0
34,340484,2,2,0,0,0,3,3,35,214,12,6,2016,1,16,15,1,2,3,1,2,"US-206","LAMINGTON RD",790,40.67910833,-74.64994167,0,12,6,0,2,2,0,1,1,1,0,1,0,"0000000",16,17,16,32,16,37,0,0,0,1,0
34,340485,2,2,0,0,0,2,2,17,3040,7,9,2016,4,7,17,1,2,2,1,3,"SR-3","",84,40.79983889,-74.06565833,0,12,2,0,1,1,0,1,1,1,0,1,0,"0000000",99,99,99,99,99,99,0,0,0,1,0
34,340486,2,2,0,0,0,3,3,13,938,2,9,2016,6,12,40,1,2,3,2,4,"CR-613 PASSAIC AVE","LITTLE FALLS RD",57,40.88862778,-74.27338889,0,12,6,0,2,2,0,1,1,1,0,1,0,"0000000",12,43,12,46,12,59,0,0,0,1,0
34,340487,2,2,0,0,0,2,2,7,520,2,9,2016,6,11,30,0,2,4,2,4,"CR-603  FERRY AVE","S 10TH ST",12,39.91955833,-75.10854722,0,12,6,0,2,2,0,1,1,1,0,1,0,"0000000",99,99,99,99,99,99,0,0,0,1,0
34,340488,1,1,0,0,0,1,1,27,2003,30,11,2016,4,9,20,0,2,4,2,2,"US-202","",578,40.91865833,-74.34965833,0,42,0,0,1,1,0,5,1,2,0,2,0,"0000000",9,22,9,33,9,59,0,0,0,1,0
34,340489,1,1,0,1,1,1,1,7,2600,19,10,2016,4,6,31,1,2,3,2,4,"CR-534 BLACKWOOD RD","",63,39.80484722,-75.01101944,0,8,0,0,1,1,0,1,4,1,0,1,0,"0000000",6,31,6,40,6,53,0,0,0,1,0
34,340490,1,1,0,1,1,1,1,17,1520,14,10,2016,6,8,8,1,2,3,2,4,"CR-501 KENNEDY BLVD","NEPTUNE AVE",274,40.69628889,-74.09826389,0,8,0,0,2,2,0,1,1,1,0,1,0,"0000000",99,99,99,99,99,99,0,0,0,1,0
34,340491,2,2,0,1,1,2,2,5,0,10,10,2016,2,6,32,1,2,3,1,3,"SR-70","",85,39.89488611,-74.93171389,0,8,0,0,1,1,0,1,3,1,0,1,0,"0000000",6,34,6,40,88,88,0,0,0,1,0
34,340492,2,2,0,0,0,2,2,5,3537,12,10,2016,4,5,44,0,2,4,4,4,"CR-635  SPRINGSIDE RD","",0,40.01518611,-74.85945278,0,12,6,0,4,1,0,1,2,1,0,1,0,"0000000",5,57,6,6,6,34,0,0,0,1,0
34,340493,1,1,0,1,1,1,1,21,3380,28,8,2016,1,2,40,1,2,3,1,3,"SR-33 MARKET ST","BARLOW CIRCLE",1,40.21810556,-74.75662778,0,8,0,0,3,2,0,1,2,1,0,1,0,"0000000",99,99,99,99,99,99,0,0,0,1,0
34,340494,1,1,0,1,1,1,1,5,1824,2,10,2016,1,3,1,1,2,3,1,3,"SR-73","",282,39.93921389,-74.97247778,0,8,0,0,1,1,0,1,3,2,0,2,0,"0000000",99,99,99,99,88,88,0,0,0,1,0
34,340495,1,1,0,1,1,1,1,17,1520,13,9,2016,3,20,18,1,2,4,2,4,"CR-653","",0,40.74949167,-74.06128611,0,9,0,0,1,1,0,1,3,1,0,1,0,"0000000",99,99,99,99,99,99,0,0,0,1,0
34,340496,1,1,0,1,1,1,1,13,2130,12,9,2016,2,21,0,1,2,3,2,4,"CR-510","CR-603",287,40.73623611,-74.18041389,0,9,0,0,3,4,0,1,1,1,0,1,0,"0000000",99,99,99,99,99,99,0,0,0,1,0
34,340497,1,1,0,1,1,1,1,13,2130,3,9,2016,7,3,25,1,2,3,1,3,"SR-21","RAYMOND BLVD",23,40.73593333,-74.16583056,0,8,0,0,2,2,0,1,3,1,0,1,0,"0000000",2,51,2,57,3,8,0,0,0,1,0
34,340498,1,1,0,1,1,1,1,5,480,9,8,2016,3,5,2,1,2,3,1,2,"US-130","LOGAN AVE",469,40.07625556,-74.84534444,0,8,0,0,1,1,0,1,1,1,0,1,0,"0000000",5,5,5,7,5,46,0,0,0,1,0
34,340499,2,2,0,0,0,2,2,3,883,3,11,2016,5,8,14,0,2,7,4,6,"MOLNAR DR","E 54TH ST",0,40.90467222,-74.11290278,0,12,2,0,2,3,0,1,1,1,0,1,0,"0000000",99,99,99,99,88,88,0,0,0,1,0
34,340500,2,2,0,0,0,4,4,29,0,29,11,2016,3,14,39,0,2,4,2,4,"CR-614 LACEY RD","NEWARK AVE",6,39.86165,-74.21326944,0,12,6,0,2,2,0,1,1,2,0,2,0,"0000000",99,99,99,99,99,99,0,0,0,1,0
34,340501,1,1,0,1,1,1,1,15,0,2,11,2016,4,20,38,1,2,3,1,2,"US-40 HARDING HWY","",304,39.55309444,-74.99495278,0,8,0,0,1,1,0,2,2,1,0,1,0,"0000000",99,99,99,99,88,88,0,0,0,1,0
34,340502,1,1,0,1,1,1,1,1,1105,14,11,2016,2,17,3,0,2,4,2,4,"CR-561 E JIMMIE LEEDS RD","CR-634 S PITNEY RD",15,39.46331944,-74.49403333,0,8,0,0,3,2,0,1,3,2,0,2,0,"0000000",99,99,99,99,99,99,0,0,0,1,0
34,340503,2,1,1,1,1,1,1,17,190,11,11,2016,6,20,13,0,2,7,4,6,"32ND ST","BROADWAY",4,40.67098611,-74.11215278,0,8,0,0,3,2,0,1,3,1,0,1,0,"0000000",99,99,99,99,99,99,14,0,0,1,0
34,340504,1,1,0,0,0,2,2,31,0,19,11,2016,7,3,57,1,2,1,1,1,"I-80","",535,40.89626111,-74.25346389,0,30,0,1,19,1,0,4,3,1,0,1,0,"0000000",99,99,99,99,99,99,0,0,0,1,1
34,340505,2,1,1,0,0,1,1,39,1700,21,9,2016,4,22,9,0,2,4,2,4,"CR-514 ELIZABETH AVE","BOWER ST",412,40.63683333,-74.24583611,0,14,0,0,3,2,0,2,1,1,0,1,0,"0000000",22,14,22,22,22,56,0,0,0,1,0
34,340506,1,1,0,1,1,1,1,1,1105,5,11,2016,7,22,50,1,2,3,1,2,"US-30 WHITE HORSE PIKE","",459,39.48369444,-74.58286944,0,8,0,0,1,1,0,1,2,1,0,1,0,"0000000",99,99,99,99,88,88,0,0,0,1,0
34,340507,2,2,0,0,0,4,4,3,1210,24,11,2016,5,13,11,1,2,2,1,3,"SR-4","",56,40.90522222,-74.03268333,0,12,1,1,18,1,0,1,1,1,0,1,0,"0000000",99,99,99,99,99,99,0,0,0,1,0
34,340508,1,1,0,0,0,2,2,39,2180,29,11,2016,3,8,41,0,2,4,2,4,"CR-647 SOUTH ST","",7,40.68883333,-74.39751667,0,33,0,0,1,1,0,4,1,2,0,2,0,"0000000",99,99,99,99,99,99,0,0,0,1,0
34,340509,1,1,0,1,1,1,1,31,0,7,11,2016,2,19,44,0,6,96,96,8,"NONE","",0,41.16297778,-74.38793333,0,8,0,0,1,1,0,98,2,1,0,1,0,"0000000",99,99,99,99,88,88,0,0,0,1,0
34,340510,1,1,0,1,1,1,1,31,2510,8,10,2016,7,22,40,0,2,5,4,6,"ROSA PARKS BLVD","",0,40.92305,-74.1589,0,8,0,0,1,1,0,1,8,98,0,98,0,"0000000",22,26,22,34,22,50,0,0,0,1,0
34,340511,2,2,0,0,0,2,2,31,3582,8,10,2016,7,19,27,0,2,5,4,6,"LINCOLN AVE","",0,41.135775,-74.35651667,0,24,0,0,1,1,0,4,3,1,0,1,0,"0000000",99,99,99,99,88,88,0,0,0,1,0
34,340512,1,1,0,0,0,1,1,21,3380,22,11,2016,3,21,51,1,2,2,1,3,"SR-29","WARREN ST RAMP",40,40.20840833,-74.76508056,0,5,0,1,3,2,0,99,9,1,0,1,0,"0000000",99,99,99,99,88,88,0,0,0,1,1
34,340513,2,2,0,0,0,1,1,19,0,29,11,2016,3,14,23,0,2,5,2,4,"CR-579","",310,40.61351944,-74.99621667,0,12,1,0,1,1,0,1,1,10,0,10,0,"0000000",14,17,14,17,15,20,0,0,0,1,0
34,340514,1,1,0,0,0,1,1,15,0,4,11,2016,6,18,55,1,2,3,1,3,"SR-42","BROOKDALE BLVD",11,39.70285278,-75.00620556,0,33,0,0,3,2,0,4,3,1,0,1,0,"0000000",18,56,19,13,19,46,0,0,0,1,0
34,340515,2,2,0,0,0,3,3,11,724,12,11,2016,7,18,9,0,2,4,2,4,"CR-553","CR-654 LUMBERTON RD",209,39.44302778,-75.17753056,0,12,6,0,2,2,0,1,3,1,0,1,0,"0000000",18,6,18,13,18,51,0,0,0,1,0
34,340517,1,1,0,0,0,1,1,21,1265,18,12,2016,1,3,30,0,2,4,2,4,"CR-535","KLOCKNER RD",19,40.24787222,-74.71179444,0,33,0,0,1,1,0,4,3,5,0,5,0,"0000000",99,99,99,99,99,99,0,0,0,1,0
34,340518,2,2,0,0,0,2,2,27,0,9,12,2016,6,16,58,0,2,5,2,4,"CR-699","LEIGON RD",77,41.02058889,-74.51525556,0,12,2,0,3,3,0,1,2,1,0,1,0,"0000000",99,99,99,99,99,99,0,0,0,1,0
34,340519,1,1,0,1,1,1,1,13,2130,1,11,2016,3,22,29,0,2,4,4,6,"18TH AVE","BERGEN ST",21,40.73023333,-74.19650278,0,8,0,0,2,2,0,1,3,1,0,1,0,"0000000",99,99,99,99,88,88,0,0,0,1,0
34,340520,1,1,0,1,1,1,1,17,1520,3,10,2016,2,4,54,1,2,3,2,4,"CR-501","ORIENT AVE",288,40.71258611,-74.08371944,0,8,0,0,3,2,0,1,4,1,0,1,0,"0000000",99,99,99,99,99,99,0,0,0,1,0
34,340521,1,1,0,0,0,1,1,17,3526,16,8,2016,3,0,54,1,2,2,21,3,"SR-495 LINCOLN TUNNEL","",99998,40.76393333,-74.01204167,0,39,0,0,1,1,0,4,7,8,0,8,0,"0000000",99,99,99,99,99,99,0,0,0,1,0
34,340522,1,1,0,1,1,1,1,27,2030,22,12,2016,5,16,17,0,2,4,4,6,"KINGS RD","",18,40.75718056,-74.41611944,0,8,0,0,1,1,0,1,1,1,0,1,0,"0000000",99,99,99,99,99,99,0,0,0,1,0
34,340523,1,1,0,0,0,1,1,15,0,15,12,2016,5,0,12,1,2,3,1,3,"SR-41 HURFFVILLE RD","",0,39.78420556,-75.10155833,0,33,0,0,1,1,0,4,2,4,0,4,0,"0000000",99,99,99,99,99,99,20,0,0,1,1
34,340524,2,2,0,0,0,2,2,11,1970,5,12,2016,2,18,59,1,2,2,1,3,"SR-55","",222,39.358,-75.00403056,0,12,2,0,1,1,0,1,2,1,0,1,0,"0000000",99,99,99,99,99,99,0,0,0,2,0
34,340525,2,1,1,1,1,1,1,21,1265,7,12,2016,4,3,7,1,2,1,31,1,"I-95 NJTP SNO","",578,40.17652222,-74.63063333,0,14,0,1,19,1,0,2,2,10,0,10,0,"0000000",99,99,99,99,99,99,23,0,0,1,0
34,340526,1,1,0,0,0,1,1,9,0,3,12,2016,7,20,35,0,2,5,2,4,"CR-654","",5,39.016275,-74.91900556,0,42,0,0,1,1,0,5,2,1,0,1,0,"0000000",20,40,20,42,99,99,0,0,0,1,0
34,340527,2,2,0,0,0,2,2,17,1540,9,12,2016,6,4,50,0,2,4,2,4,"CR-508 NEWARK TPK","",146,40.74887778,-74.11623333,0,12,2,0,1,1,0,1,3,1,0,1,0,"0000000",99,99,99,99,99,99,0,0,0,1,0
34,340528,1,1,0,0,0,1,1,1,0,16,12,2016,6,15,7,0,1,7,3,5,"WALNUT LANE","",0,39.534025,-74.87063333,0,35,0,0,1,1,0,4,1,1,0,1,0,"0000000",99,99,99,99,88,88,0,0,0,1,0
34,340529,1,1,0,1,1,1,1,31,660,13,12,2016,3,16,56,0,2,4,2,4,"CR-624 LAKEVIEW AVE","ROSALIE AVE",12,40.87891389,-74.13673333,0,8,0,0,3,2,0,1,5,1,0,1,0,"0000000",99,99,99,99,99,99,0,0,0,1,0
34,340530,1,1,0,0,0,1,1,1,851,15,12,2016,5,7,13,1,2,2,31,8,"ATLANTIC CITY EXPRESSWAY","",71,39.41118889,-74.54813889,0,33,0,1,5,1,0,4,1,1,0,1,0,"0000000",99,99,99,99,88,88,0,0,0,1,0
34,340531,1,1,0,0,0,1,1,7,0,17,12,2016,7,11,31,0,2,5,2,4,"CR-536 CHEW RD","",339,39.71992222,-74.83783333,0,42,0,0,1,1,0,4,1,12,3,3,0,"0000000",99,99,99,99,99,99,0,0,0,1,0
34,340532,2,2,0,0,0,2,2,23,0,20,12,2016,3,4,30,1,2,3,2,4,"CR-617 RYDERS LN","",51,40.4543,-74.42460556,0,12,2,0,1,1,0,1,2,1,0,1,0,"0000000",99,99,99,99,99,99,0,0,0,2,0
34,340533,1,1,0,0,0,1,1,29,0,17,12,2016,7,5,46,0,2,5,2,3,"SR-528 LAKEWOOD RD","",154,40.08558889,-74.467425,0,30,0,0,1,1,0,4,3,4,0,4,0,"0000000",99,99,99,99,99,99,0,0,0,1,0
34,340534,1,1,0,1,1,1,1,11,3460,12,12,2016,2,20,55,0,2,5,2,4,"CR-555","",185,39.51451389,-74.99084722,0,8,0,0,1,1,0,1,2,5,0,5,0,"0000000",99,99,99,99,88,88,0,0,0,1,0
34,340535,1,1,0,1,1,1,1,13,2130,27,12,2016,3,20,33,0,2,4,2,4,"CR-602 LYONS AVE","FABYAN PLACE",11,40.71426944,-74.22231944,0,8,0,0,3,2,0,1,2,1,0,1,0,"0000000",99,99,99,99,99,99,0,0,0,1,0
34,340536,2,2,0,0,0,2,2,1,2640,12,12,2016,2,4,57,1,2,3,31,8,"ATLANTIC CITY EXPY","",36,39.38438889,-74.49998056,0,12,1,0,1,1,0,1,3,2,0,2,0,"0000000",99,99,99,99,88,88,0,0,0,1,1
34,340537,1,1,0,1,1,1,1,23,1380,9,12,2016,6,8,59,1,2,3,1,3,"SR-27 RARITAN AVE","S FIFTH AVE",17,40.50044444,-74.42424722,0,8,0,0,3,2,0,1,1,1,0,1,0,"0000000",99,99,99,99,99,99,0,0,0,1,0
34,340538,2,1,1,1,1,1,1,5,0,19,12,2016,2,21,44,1,2,2,31,8,"NJTP NS","",399,39.9974,-74.86321944,0,8,0,0,1,1,0,2,2,1,0,1,0,"0000000",99,99,99,99,99,99,23,0,0,1,0
34,340539,1,1,0,1,1,1,1,21,3380,3,12,2016,7,19,42,1,2,3,4,6,"MARKET ST","MERCER ST",4,40.21675556,-74.76025833,0,8,0,0,3,2,0,1,2,1,0,1,0,"0000000",99,99,99,99,99,99,0,0,0,1,0
34,340540,1,1,0,0,0,1,1,25,0,24,12,2016,7,20,3,0,1,5,2,4,"CR-524","SPRING RD",153,40.18909167,-74.44070278,0,42,0,0,1,1,0,5,3,5,0,5,0,"0000000",99,99,99,99,99,99,0,0,0,1,0
34,340541,1,1,0,0,0,1,1,5,613,6,9,2016,3,4,42,0,2,4,2,4,"CR-603 RIVERTON RD","CHATHAM DR",77,39.99081389,-74.98615278,0,42,0,0,1,1,0,5,6,1,0,1,0,"0000000",99,99,99,99,88,88,0,0,0,1,0
34,340542,2,2,0,0,0,2,2,29,1801,9,11,2016,4,8,39,0,2,4,2,4,"CR-571  RIDGEWAY RD","BEACON ST",85,40.01002778,-74.24678056,0,12,6,0,2,2,0,1,1,1,0,1,0,"0000000",99,99,99,99,99,99,0,0,0,1,0
34,340543,1,1,0,0,0,1,1,13,2130,18,12,2016,1,3,15,0,2,7,4,6,"SHERMAN AVE","",0,40.71208056,-74.19181944,0,38,0,0,1,1,0,98,3,5,0,5,0,"0000000",99,99,99,99,99,99,0,0,0,1,0
34,340544,1,1,0,1,1,1,1,29,3360,25,12,2016,1,10,38,0,2,4,2,3,"SR-166Z","HERFLICKER BLVD",1,39.95350278,-74.20565833,0,8,0,0,3,3,0,1,1,1,0,1,0,"0000000",99,99,99,99,88,88,0,0,0,1,0
34,340545,1,1,0,1,1,1,1,7,0,21,12,2016,4,10,30,1,2,3,2,4,"CR-534","",61,39.80425556,-75.02464722,0,8,0,0,4,1,0,1,1,1,0,1,0,"0000000",99,99,99,99,99,99,0,0,0,1,0
34,340546,2,2,0,0,0,2,2,5,481,15,12,2016,5,18,48,0,2,4,4,6,"RISING SUN RD","",0,40.12295556,-74.71374444,0,12,1,0,4,1,0,1,3,1,0,1,0,"0000000",99,99,99,99,88,88,0,0,0,1,0
34,340547,1,1,0,1,1,1,1,7,0,6,12,2016,3,17,58,1,2,3,1,3,"SR-168","CRESSMONT AVE",19,39.79487778,-75.06263333,0,8,0,0,3,3,0,1,2,2,0,2,0,"0000000",99,99,99,99,99,99,0,0,0,1,0
34,340548,1,1,0,1,1,1,1,21,0,28,12,2016,4,22,30,1,2,3,1,2,"US-1","FINNEGANS LANE",207,40.43175556,-74.51579167,0,8,0,0,99,99,0,1,6,1,0,1,0,"0000000",99,99,99,99,88,88,0,0,0,1,0
34,340549,1,1,0,0,0,1,1,15,0,11,12,2016,1,12,47,0,2,5,2,4,"CR-658","",6,39.73183056,-75.10534167,0,30,0,0,1,1,0,4,1,1,0,1,0,"0000000",99,99,99,99,99,99,0,0,0,1,0
34,340550,1,1,0,1,1,1,1,41,0,5,12,2016,2,15,35,1,2,3,1,3,"SR-57","",198,40.82345833,-74.834725,0,9,0,0,4,1,0,1,1,1,0,1,0,"0000000",99,99,99,99,88,88,0,0,0,1,0
34,340551,2,2,0,0,0,5,5,5,1880,30,12,2016,6,17,53,1,2,3,1,3,"SR-70","",119,39.89748611,-74.86168056,0,12,2,0,1,1,0,1,3,1,0,1,0,"0000000",99,99,99,99,99,99,0,0,0,1,0
34,340552,2,2,0,0,0,3,3,41,0,21,12,2016,4,18,34,0,1,4,1,3,"SR-94","",145,40.98764722,-74.88303056,0,12,2,0,1,1,0,1,2,1,0,1,0,"0000000",99,99,99,99,99,99,0,0,0,1,0
34,340553,2,2,0,0,0,2,2,7,2545,31,12,2016,7,21,46,1,2,3,1,3,"SR-73","",323,39.98636111,-75.02038333,0,12,1,0,1,1,0,1,3,1,0,1,0,"0000000",99,99,99,99,99,99,0,0,0,1,1
34,340554,2,2,0,0,0,4,4,31,660,26,12,2016,2,5,8,1,2,3,1,3,"SR-46","",637,40.89165556,-74.13114444,0,12,2,0,1,1,0,1,3,1,0,1,0,"0000000",99,99,99,99,99,99,0,0,0,1,1
34,340555,2,2,0,0,0,3,3,7,3521,8,12,2016,5,9,15,1,2,3,1,2,"US-30 WHITEHORSE PIKE","VINEYARD RD",205,39.75550833,-74.88240556,0,12,6,0,2,3,0,1,1,1,0,1,0,"0000000",99,99,99,99,99,99,0,0,0,1,0
34,340556,1,1,0,1,1,2,2,7,1235,23,12,2016,6,18,16,1,2,3,1,2,"US-30","GREEN AVE",71,39.885325,-75.05928611,0,8,0,0,2,2,0,1,3,1,0,1,0,"0000000",99,99,99,99,99,99,0,0,0,1,0
34,340557,1,1,0,1,1,2,2,33,2586,15,12,2016,5,17,57,0,2,4,1,3,"SR-45","",86,39.64501111,-75.3396,0,8,0,0,1,1,0,1,2,1,0,1,0,"0000000",99,99,99,99,99,99,0,0,0,1,0
34,340558,3,3,0,0,0,3,3,13,800,31,12,2016,7,5,51,1,2,1,1,1,"I-280","",85,40.79331944,-74.24875,0,12,1,0,1,1,0,1,3,1,0,1,0,"0000000",99,99,99,99,99,99,0,0,0,1,0
34,340559,3,3,0,1,1,3,3,13,3600,10,12,2016,7,0,42,1,2,1,1,1,"I-280","",65,40.80566944,-74.285475,0,8,0,0,1,1,0,1,2,1,0,1,0,"0000000",99,99,99,99,99,99,0,0,0,2,1
34,340560,1,1,0,1,1,1,1,3,740,20,12,2016,3,20,13,0,2,7,4,6,"MADISON AVE","VANHORN ST",0,40.96010833,-73.97376389,0,8,0,0,3,2,0,1,3,1,0,1,0,"0000000",99,99,99,99,99,99,0,0,0,1,0
34,340561,4,2,2,0,0,6,6,17,3410,8,9,2016,5,2,15,1,2,3,2,4,"CR-501 KENNEDY BLVD","13TH STREET",331,40.76228889,-74.04231944,0,12,8,0,2,2,0,1,3,1,0,1,0,"0000000",99,99,99,99,99,99,20,14,0,1,1
34,340562,4,4,0,0,0,5,5,3,820,16,10,2016,1,3,19,1,2,2,1,3,"SR-3","",77,40.80438056,-74.07377222,0,12,6,1,99,1,0,1,6,99,0,99,0,"0000000",99,99,99,99,99,99,0,0,0,2,1
34,340563,1,1,0,1,1,1,1,23,2570,16,12,2016,6,21,52,0,2,7,4,6,"PENN ST","LAWRIE ST",4,40.51679722,-74.27169444,0,8,0,0,99,99,0,1,3,1,0,1,0,"0000000",99,99,99,99,99,99,0,0,0,1,0
34,340564,1,1,0,0,0,1,1,5,0,8,12,2016,5,14,20,0,2,5,2,4,"CR-667","",99999,99.9999,999.9999,0,42,0,0,1,1,0,5,1,1,0,1,0,"0000000",99,99,99,99,99,99,0,0,0,1,0
34,340565,4,4,0,0,0,6,6,5,841,29,11,2016,3,20,17,1,2,3,1,2,"US-130","BRIDGEBORO RD",409,40.03396944,-74.92398056,0,12,6,0,2,2,0,1,3,98,0,98,0,"0000000",99,99,99,99,99,99,0,0,0,1,0
34,340566,1,1,0,1,1,2,2,11,1970,6,10,2016,5,8,11,1,2,3,1,3,"SR-49","BROWN AVE",357,39.39655,-75.05014722,0,9,0,0,3,3,0,1,1,1,0,1,0,"0000000",99,99,99,99,99,99,0,0,0,1,0
34,340567,2,2,0,0,0,3,3,35,0,16,12,2016,6,17,50,0,2,4,2,4,"CR-512","",175,40.66604167,-74.58366389,0,12,2,0,1,1,0,1,3,1,0,1,0,"0000000",99,99,99,99,99,99,0,0,0,1,0
34,340568,2,2,0,0,0,3,3,13,1480,16,12,2016,6,22,46,1,2,3,2,4,"CR-603 SPRINGFIELD AVE","",18,40.72899722,-74.21704722,0,12,2,0,1,1,0,1,3,1,0,1,0,"0000000",99,99,99,99,99,99,0,0,0,1,1
34,340569,2,2,0,1,1,2,2,29,3360,12,12,2016,2,17,57,1,2,3,1,2,"US-9","STEVENS RD",962,40.01218333,-74.21683056,0,8,0,0,3,3,0,1,3,1,0,1,0,"0000000",99,99,99,99,99,99,0,0,0,1,0
34,340570,1,1,0,0,0,2,2,17,3526,27,7,2016,4,2,39,1,2,2,21,3,"SR-495 LINCOLN TUNNEL","",32,40.76605278,-74.01668056,0,39,0,0,1,1,0,4,7,8,0,8,0,"0000000",99,99,99,99,99,99,0,0,0,1,0
34,340571,2,2,0,1,1,2,2,7,1790,13,12,2016,3,18,24,1,2,3,1,2,"US-30","CR-669 WARWICK RD",93,39.86140833,-75.0335,0,8,0,0,2,2,0,1,3,1,0,1,0,"0000000",99,99,99,99,99,99,0,0,0,1,0