"STATE","ST_CASE","VE_TOTAL","VE_FORMS","PVH_INVL","PEDS","PERNOTMVIT","PERMVIT","PERSONS","COUNTY","CITY","DAY","MONTH","YEAR","DAY_WEEK","HOUR","MINUTE","NHS","RUR_URB","FUNC_SYS","RD_OWNER","ROUTE","TWAY_ID","TWAY_ID2","MILEPT","LATITUDE","LONGITUD","SP_JUR","HARM_EV","MAN_COLL","RELJCT1","RELJCT2","TYP_INT","WRK_ZONE","REL_ROAD","LGT_COND","WEATHER1","WEATHER2","WEATHER","SCH_BUS","RAIL","NOT_HOUR","NOT_MIN","ARR_HOUR","ARR_MIN","HOSP_HR","HOSP_MN","CF1","CF2","CF3","FATALS","DRUNK_DR"
34,340572,2,2,0,0,0,2,2,39,2630,24,12,2016,7,20,50,0,2,4,2,4,"CR-531 WATCHUNG AVE","EAST 2ND ST",86,40.61952778,-74.42094444,0,12,1,0,3,2,0,1,3,10,0,10,0,"0000000",99,99,99,99,99,99,0,0,0,1,1
34,340573,2,2,0,0,0,2,2,11,3460,22,12,2016,5,1,51,0,2,7,2,4,"CR-674 GARDEN RD","NORTH EAST AVE",31,39.52008056,-75.01382778,0,12,6,0,2,2,0,1,3,1,0,1,0,"0000000",99,99,99,99,99,99,0,0,0,1,1
34,340574,2,2,0,1,1,7,7,35,425,18,12,2016,1,23,2,1,2,3,1,2,"US-22","",361,40.57811111,-74.58256389,0,8,0,0,1,1,0,1,2,1,0,1,0,"0000000",99,99,99,99,88,88,0,0,0,1,0
34,340575,1,1,0,0,0,1,1,23,1986,5,12,2016,2,11,24,0,2,4,2,4,"CR-522 BUCKELEW AVE","",122,40.31558611,-74.38953333,0,1,0,0,1,1,0,1,1,1,0,1,0,"0000000",99,99,99,99,88,88,0,0,0,1,0
35,350001,1,1,0,0,0,2,2,29,0,24,1,2016,1,20,0,0,1,5,1,3,"SR-198","",20,32.15749167,-107.61585,0,1,0,0,1,1,0,4,2,1,0,1,0,"0000000",19,41,20,2,88,88,0,0,0,1,0
35,350002,1,1,0,1,1,1,1,1,30,8,1,2016,6,20,19,1,2,1,1,1,"I-40","",2525,35.06820556,-106.78101944,0,8,0,0,1,1,0,1,2,8,0,8,0,"0000000",20,20,20,27,88,88,0,0,0,1,0
35,350003,1,1,0,1,1,2,2,45,867,3,1,2016,1,21,27,1,2,2,1,2,"US-64","",355,36.76007222,-108.47188056,0,8,0,0,1,1,0,1,2,1,0,1,0,"0000000",21,27,21,37,88,88,0,0,0,1,0
35,350004,2,2,0,0,0,2,2,1,30,2,1,2016,7,6,56,0,2,5,4,6,"LOUISIANA BLVD NE","CONSTITUTION AVE NE",0,35.09451389,-106.56888889,0,12,1,0,2,2,0,1,3,1,0,1,0,"0000000",6,41,6,48,99,99,0,0,0,1,0
35,350005,1,1,0,1,1,1,1,1,30,6,1,2016,4,22,38,1,2,1,1,1,"I-25 FRONTAGE RD","JEFFERSON ST EXIT",0,35.14036944,-106.59615556,0,8,0,1,5,1,0,1,3,1,0,1,0,"0000000",23,22,23,27,88,88,0,0,0,1,0
35,350006,1,1,0,0,0,1,1,39,703,8,1,2016,6,16,42,0,1,4,1,3,"SR-74","",40,36.05516111,-106.06348889,0,38,0,0,1,1,0,4,1,1,0,1,0,"0000000",16,41,16,52,88,88,0,0,0,1,1
35,350007,2,2,0,1,1,2,2,1,30,7,1,2016,5,22,8,1,2,3,4,6,"CENTRAL AVE NE","",0,35.0716,-106.52855833,0,8,0,0,1,1,0,1,3,2,0,2,0,"0000000",22,11,22,30,88,88,0,0,0,1,0
35,350008,2,2,0,0,0,2,2,1,30,9,1,2016,7,1,14,0,2,3,4,6,"COORS BLVD SW","LAS ESTANCIAS",0,35.01784444,-106.71525556,0,33,0,0,3,3,0,3,6,1,0,1,0,"0000000",1,14,1,20,99,99,0,0,0,1,1
35,350009,1,1,0,0,0,1,1,57,0,11,2,2016,5,14,56,1,1,2,1,2,"US-285","",2309,34.76472778,-105.53997778,0,1,0,0,1,1,0,3,1,1,0,1,0,"0000000",14,58,15,28,88,88,0,0,0,1,0
35,350010,1,1,0,1,1,1,1,13,34,24,1,2016,1,20,18,0,2,3,1,3,"SR-478","",20,32.02916389,-106.61751944,0,8,0,0,1,1,0,99,2,1,0,1,0,"0000000",20,16,20,25,88,88,0,0,0,1,0
35,350011,1,1,0,0,0,3,3,31,340,1,2,2016,2,9,45,1,2,1,1,1,"I-40","",140,35.49539444,-108.86720556,0,1,0,0,1,1,0,4,1,4,0,4,0,"0000000",10,14,10,22,10,41,0,0,0,1,0
35,350012,2,2,0,0,0,2,2,1,30,26,1,2016,3,13,43,0,2,3,4,6,"2ND STREET","DELAMAR AVENUE",0,35.13434444,-106.638425,0,33,0,0,1,1,0,4,1,1,0,1,0,"0000000",13,45,13,48,99,99,0,0,0,1,0
35,350013,1,1,0,0,0,1,1,1,30,17,1,2016,1,7,30,0,2,7,70,6,"ATRISCO DRIVE","",0,35.06985278,-106.69168611,0,1,0,0,1,1,0,4,4,1,0,1,0,"0000000",88,88,88,88,88,88,0,0,0,1,1
35,350014,2,2,0,0,0,2,2,1,696,20,1,2016,4,21,23,0,2,4,1,3,"SR-14","",0,35.157225,-106.35260833,0,12,2,0,1,1,0,1,2,1,0,1,0,"0000000",21,25,21,37,22,19,0,0,0,1,1
35,350015,1,1,0,0,0,1,1,1,30,14,1,2016,5,10,44,0,2,3,4,6,"LOMAS BLVD","",0,35.08727778,-106.56513889,0,33,0,0,1,1,0,3,1,1,0,1,0,"0000000",10,46,10,50,88,88,0,0,0,1,0
35,350016,2,2,0,0,0,2,2,29,0,22,1,2016,6,12,32,1,1,1,1,1,"I-10","",905,32.2862,-107.62076111,0,12,1,0,1,1,0,1,1,1,0,1,0,"0000000",12,32,12,39,12,56,0,0,0,1,0
35,350017,1,1,0,0,0,5,5,1,30,5,2,2016,6,2,5,0,2,4,4,6,"PENNSYLVANIA AVENUE","OSUNA ROAD",0,35.13849722,-106.55983611,0,33,0,0,3,3,0,4,3,1,0,1,0,"0000000",2,10,2,13,2,44,0,0,0,3,1
35,350018,2,2,0,0,0,3,3,1,0,20,1,2016,4,8,37,1,1,1,1,1,"I-40","",1410,35.03458889,-106.93422778,0,12,1,0,1,1,0,1,1,1,0,1,0,"0000000",8,37,8,56,99,99,0,0,0,1,0
35,350019,1,1,0,1,1,1,1,29,230,26,1,2016,3,0,20,0,1,4,1,3,"SR-26","",30,32.29908333,-107.7122,0,9,0,0,1,1,0,1,2,1,0,1,0,"0000000",0,23,0,29,88,88,0,0,0,1,0
35,350020,1,1,0,1,1,2,2,1,30,23,1,2016,7,1,55,0,2,2,1,6,"BROADWAY BLVD","",0,34.95913056,-106.660925,0,8,0,0,1,1,0,1,2,1,0,1,0,"0000000",1,57,2,10,2,27,0,0,0,1,1
35,350021,1,1,0,1,1,0,0,17,621,3,2,2016,4,20,0,0,1,7,25,5,"HIDDEN PINES TRAIL","",0,32.86483889,-108.20942222,0,8,0,0,1,1,0,1,2,8,0,8,0,"0000000",88,88,88,88,88,88,0,0,0,1,0
35,350022,1,1,0,0,0,5,5,23,0,2,2,2016,3,3,0,1,1,1,1,1,"I-10","",339,32.27667222,-108.54686944,0,1,0,0,1,1,0,4,3,1,0,1,0,"0000000",3,20,3,43,5,0,0,0,0,1,0
35,350023,2,2,0,0,0,2,2,27,0,15,2,2016,2,22,51,0,1,3,1,2,"US-70","",2710,33.38950556,-105.48868056,0,12,2,0,1,1,0,1,2,1,0,1,0,"0000000",22,58,23,10,88,88,0,0,0,1,0
35,350024,1,1,0,0,0,2,2,5,0,22,2,2016,2,16,15,1,1,2,1,2,"US-285","",1460,33.91078333,-104.59846667,0,1,0,0,1,1,0,1,1,2,0,2,0,"0000000",88,88,88,88,88,88,0,0,0,2,0
35,350025,1,1,0,0,0,1,1,17,175,7,2,2016,1,20,50,0,1,4,1,2,"US-180","",833,32.97025,-108.62137778,0,42,0,0,1,1,0,4,2,1,0,1,0,"0000000",20,58,21,16,88,88,0,0,0,1,1
35,350026,4,4,0,0,0,11,11,47,0,5,1,2016,3,17,40,1,1,3,1,2,"US-84","",950,35.39882222,-105.20344444,0,12,8,0,1,1,0,1,5,1,0,1,0,"0000000",17,42,17,59,19,20,0,0,0,1,1
35,350027,1,1,0,1,1,3,3,47,0,10,1,2016,1,20,11,1,1,1,1,1,"I-25","",3546,35.68973611,-105.13292222,0,8,0,0,1,1,0,1,2,1,0,1,0,"0000000",99,99,99,99,88,88,0,0,0,1,0
35,350028,1,1,0,0,0,1,1,1,30,19,2,2016,6,17,5,0,2,3,4,6,"PASEO DEL NORTE NW RAMP","",0,35.18010556,-106.66690833,0,33,0,1,5,1,0,4,7,1,0,1,0,"0000000",17,8,17,15,88,88,0,0,0,1,0
35,350029,2,2,0,0,0,3,3,61,530,5,1,2016,3,6,10,0,1,5,3,5,"S EL CERRO LOOP","",0,34.77045556,-106.698225,0,12,6,0,1,1,0,1,2,1,0,1,0,"0000000",6,12,6,21,7,20,0,0,0,1,0
35,350030,2,2,0,0,0,6,6,33,0,6,2,2016,7,19,39,1,1,1,1,1,"I-25","",3910,36.054925,-104.692225,0,5,0,0,1,1,0,1,2,1,0,1,0,"0000000",99,98,99,98,88,88,0,0,0,1,0
35,350031,1,1,0,0,0,1,1,31,0,5,2,2016,6,22,46,0,1,2,1,3,"SR-264","",10,35.65000278,-109.03753611,0,31,0,0,1,1,0,3,2,1,0,1,0,"0000000",88,88,88,88,88,88,0,0,0,1,0
35,350032,2,2,0,0,0,3,3,49,0,12,2,2016,6,12,55,1,1,1,1,1,"I-25","",2710,35.54085,-106.13703333,0,24,0,0,1,1,0,4,1,1,0,1,0,"0000000",12,55,13,5,13,24,0,0,0,1,0
35,350033,1,1,0,1,1,4,4,13,470,22,2,2016,2,20,30,0,2,3,4,6,"S TELSHOR BLVD","",0,32.30688333,-106.73892778,0,8,0,0,1,1,0,1,3,1,0,1,0,"0000000",20,9,20,14,20,34,0,0,0,1,0
35,350034,1,1,0,0,0,4,4,5,0,18,2,2016,5,12,52,1,1,2,1,2,"US-70","",3580,33.63241944,-104.22786667,0,1,0,0,1,1,0,4,1,1,0,1,0,"0000000",12,34,12,52,13,52,0,0,0,1,0
35,350035,1,1,0,0,0,1,1,1,30,26,2,2016,6,6,28,1,2,1,1,1,"I-25","",2290,35.14256667,-106.59317778,0,1,0,0,1,1,0,8,1,1,0,1,0,"0000000",6,32,6,34,6,45,0,0,0,1,1
35,350036,2,2,0,0,0,5,5,19,0,27,2,2016,7,6,0,1,1,1,1,1,"I-40","",2540,34.9788,-105.03972222,0,12,1,0,1,1,0,1,2,1,0,1,0,"0000000",5,55,6,15,6,50,0,0,0,1,1
35,350037,1,1,0,1,1,1,1,1,30,20,2,2016,7,23,30,1,2,1,1,1,"I-40","",1650,35.08561944,-106.53945278,0,8,0,0,1,1,0,1,3,1,0,1,0,"0000000",23,34,23,34,88,88,0,0,0,1,0
35,350038,1,1,0,0,0,1,1,1,30,26,2,2016,6,16,13,0,2,3,4,6,"PASEO DEL NORTE NW","",0,35.17959444,-106.70096111,0,1,0,0,1,1,0,4,1,1,0,1,0,"0000000",16,15,16,20,99,99,0,0,0,1,1
35,350039,1,1,0,1,1,1,1,1,30,20,2,2016,7,19,23,0,2,4,4,6,"SAN PEDRO DR NE","",0,35.08177222,-106.577425,0,8,0,0,1,1,0,1,3,1,0,1,0,"0000000",19,26,19,29,19,43,0,0,0,1,0
35,350040,1,1,0,0,0,4,4,45,310,9,2,2016,3,21,28,0,2,4,4,6,"PINON ST","",0,36.72316111,-108.20594444,0,5,0,0,1,1,0,1,2,1,0,1,0,"0000000",21,29,21,32,88,88,0,0,0,1,1
35,350041,1,1,0,0,0,1,1,6,127,1,1,2016,6,7,11,1,1,1,1,1,"I-40","",1080,35.03124167,-107.464925,3,24,0,0,1,1,0,4,2,4,0,4,0,"0000000",7,12,7,19,88,88,0,0,0,1,0
35,350042,2,2,0,0,0,2,2,25,0,4,2,2016,5,12,21,0,1,5,1,3,"SR-128","",350,32.210375,-103.46673889,0,12,8,0,1,1,0,2,1,1,0,1,0,"0000000",12,25,12,43,13,36,0,0,0,1,1
35,350043,1,1,0,0,0,1,1,13,470,28,2,2016,1,14,16,1,1,2,1,2,"US-70","",1770,32.50556389,-106.38528889,0,1,0,0,1,1,0,4,1,1,0,1,0,"0000000",14,12,14,39,88,88,0,0,0,1,0
35,350044,1,1,0,0,0,7,7,53,0,8,2,2016,2,16,46,1,1,1,1,7,"I-25 WEST FRONTAGE ROAD","",40,34.21034722,-106.92542222,0,1,0,0,1,1,0,1,1,1,0,1,0,"0000000",16,47,16,57,17,19,0,0,0,4,0
35,350045,1,1,0,1,1,1,1,61,530,17,2,2016,4,17,42,0,2,7,4,6,"HIGH MESA RD","",0,34.80475556,-106.60782222,0,8,0,0,1,1,0,1,1,1,0,1,0,"0000000",17,38,17,47,99,99,0,0,0,1,0
35,350046,1,1,0,0,0,1,1,15,50,1,2,2016,2,21,30,1,2,3,1,2,"US-285","SR-2",720,32.87992222,-104.40178611,0,1,0,0,3,3,0,8,2,1,0,1,0,"0000000",21,15,21,18,22,15,0,0,0,1,0
35,350047,1,1,0,1,1,2,2,1,30,2,2,2016,3,6,37,1,2,3,4,3,"SR-45 COORS BLVD","CENTRAL AVE",0,35.07988611,-106.71035278,0,8,0,0,3,2,0,1,3,1,0,1,0,"0000000",6,39,6,45,6,59,0,0,0,1,0
35,350048,1,1,0,0,0,1,1,57,605,3,3,2016,5,8,29,1,2,1,1,1,"I-40","",1910,35.03935833,-106.12952222,0,1,0,0,1,1,0,3,1,1,0,1,0,"0000000",7,49,8,0,88,88,0,0,0,1,0
35,350049,2,2,0,0,0,4,4,37,820,7,3,2016,2,16,0,1,2,1,1,1,"I-40","",3310,35.15592222,-103.75801944,0,12,6,0,1,1,0,1,1,1,0,1,0,"0000000",16,7,16,11,16,21,0,0,0,2,0
35,350050,1,1,0,0,0,2,2,45,0,7,3,2016,2,23,39,0,1,5,1,3,"SR-511","",240,36.93861944,-107.670325,0,1,0,0,1,1,0,5,2,1,0,1,0,"0000000",23,53,0,25,0,50,0,0,0,1,1
35,350051,1,1,0,0,0,3,3,1,30,4,3,2016,6,15,30,0,2,3,4,6,"WYOMING BLVD","",0,35.08156111,-106.55019444,0,30,0,0,1,1,0,4,1,1,0,1,0,"0000000",15,32,15,37,15,50,0,0,0,1,0
35,350052,2,2,0,0,0,3,3,45,0,16,3,2016,4,22,11,1,1,3,1,2,"US-491","",1070,36.99259444,-108.74900556,3,12,2,0,1,1,0,1,2,1,0,1,0,"0000000",21,51,22,0,88,88,0,0,0,3,1
35,350053,1,1,0,0,0,5,5,41,0,20,3,2016,1,8,45,1,1,3,1,2,"US-60","",3470,34.45015278,-103.92613611,0,1,0,0,1,1,0,4,1,1,0,1,0,"0000000",9,16,10,1,11,25,0,0,0,1,0
35,350054,1,1,0,0,0,1,1,5,0,21,3,2016,2,2,53,0,1,5,1,3,"SR-249","",270,33.02754167,-103.90483333,0,42,0,0,1,1,0,4,2,1,0,1,0,"0000000",99,98,99,98,88,88,0,0,0,1,0
35,350055,1,1,0,0,0,1,1,33,0,19,3,2016,7,7,50,1,1,1,1,1,"I-25","",3750,35.87021667,-104.86805278,0,24,0,0,1,1,0,3,1,8,0,8,0,"0000000",7,50,8,20,9,14,0,0,0,1,0
35,350056,2,2,0,0,0,2,2,9,190,31,3,2016,5,12,38,0,2,7,4,6,"SANDIA DR","WILLIAMS AVE",0,34.426225,-103.21899444,0,12,6,0,3,3,0,1,1,1,0,1,0,"0000000",11,40,11,43,11,51,0,0,0,1,2
35,350057,1,1,0,2,2,1,1,17,750,11,3,2016,6,21,14,0,2,4,4,6,"E BROADWAY ST","N BULLARD ST",0,32.76971944,-108.27645,0,8,0,0,3,2,0,1,2,1,0,1,0,"0000000",21,15,21,17,99,99,0,0,0,1,0
35,350058,1,1,0,0,0,1,1,6,457,4,3,2016,6,14,43,0,2,6,50,8,"OLD ROUTE 66 RD","",10,35.04248056,-107.35304722,3,1,0,0,1,1,0,4,1,1,0,1,0,"0000000",13,17,13,21,13,40,0,0,0,1,0
35,350059,1,1,0,0,0,1,1,11,330,14,3,2016,2,11,30,0,1,7,3,5,"SHADY TREE DR","",0,34.40493333,-104.18474444,0,1,0,0,1,1,0,5,1,1,0,1,0,"0000000",11,45,11,53,88,88,0,0,0,1,0
35,350060,1,1,0,0,0,2,2,5,0,5,3,2016,7,2,44,1,1,2,1,2,"US-285","",810,32.99931111,-104.44005278,0,1,0,0,1,1,0,1,2,1,0,1,0,"0000000",99,99,99,99,99,99,0,0,0,1,1
35,350061,1,1,0,0,0,1,1,13,9997,11,3,2016,6,2,20,0,2,7,3,5,"MESILLA VIEW DR","",0,32.03450833,-106.39723889,0,1,0,0,1,1,0,1,2,1,0,1,0,"0000000",2,23,2,28,88,88,0,0,0,1,1
35,350062,2,2,0,0,0,3,3,45,0,22,3,2016,3,13,44,0,1,4,62,8,"NAVAJO ROUTE 36","",200,36.70656667,-108.37989444,3,12,2,0,1,1,0,1,1,7,0,7,0,"0000000",13,43,13,52,14,19,0,0,0,1,0
35,350063,1,1,0,0,0,2,2,31,0,20,3,2016,1,19,10,0,1,7,62,9,"BREADSPRINGS RD","",40,35.36711944,-108.68563056,3,35,0,0,1,1,0,4,1,1,0,1,0,"0000000",19,19,19,33,88,88,0,0,0,1,1
35,350064,1,1,0,0,0,2,2,47,0,22,3,2016,3,12,47,1,1,1,1,1,"I-25","",3080,35.49202222,-105.67212778,0,1,0,0,1,1,0,4,1,1,0,1,0,"0000000",12,48,13,5,14,15,0,0,0,1,0
35,350065,1,1,0,0,0,7,7,5,0,15,3,2016,3,14,10,1,1,2,1,2,"US-70","",3200,33.38310833,-104.732025,0,1,0,0,1,1,0,3,1,1,0,1,0,"0000000",14,10,14,24,14,44,0,0,0,1,0
35,350066,1,1,0,1,1,1,1,1,30,9,2,2016,3,22,19,1,2,1,1,1,"I-25","",2180,34.98918889,-106.64905278,0,8,0,0,1,1,0,1,2,1,0,1,0,"0000000",22,26,22,36,88,88,0,0,0,1,0
35,350067,2,1,1,2,2,1,1,21,0,14,3,2016,2,12,13,0,1,5,1,3,"SR-120","",870,36.029175,-104.06081667,0,45,0,0,1,1,2,1,1,1,0,1,0,"0000000",15,3,15,44,16,49,15,0,0,2,0
35,350068,1,1,0,0,0,2,2,13,470,28,2,2016,1,5,2,1,2,1,1,1,"I-25","",20,32.29529167,-106.74118889,0,20,0,0,1,1,1,10,2,1,0,1,0,"0000000",4,29,4,35,5,1,0,0,0,1,1
35,350069,1,1,0,0,0,2,2,31,0,2,2,2016,3,9,14,0,1,6,2,4,"CR-19","",0,35.60166944,-107.90776667,3,34,0,0,1,1,0,4,8,98,0,98,0,"0000000",9,28,10,34,88,88,0,0,0,1,0
35,350070,2,2,0,0,0,2,2,1,30,10,3,2016,5,0,22,1,2,3,1,3,"SR-556 TRAMWAY RD","",30,35.20162222,-106.55131667,0,12,2,0,1,1,0,1,2,1,0,1,0,"0000000",0,24,0,24,1,20,0,0,0,1,0
35,350071,3,3,0,0,0,3,3,13,470,29,3,2016,3,19,29,0,2,3,4,6,"UNIVERSITY AVE","",0,32.28604722,-106.74650556,0,33,0,0,1,1,0,4,5,1,0,1,0,"0000000",19,31,19,34,19,58,20,0,0,1,0
35,350072,2,2,0,0,0,3,3,57,0,1,4,2016,6,16,45,1,1,1,1,1,"I-40","",2100,35.00479722,-105.80301944,0,12,7,0,1,1,0,2,1,1,0,1,0,"0000000",16,52,17,4,99,99,0,0,0,1,0
35,350073,1,1,0,0,0,1,1,55,46,5,4,2016,3,8,24,0,1,5,1,3,"SR-15","RIM RD",50,36.53198889,-105.57253056,0,24,0,0,3,3,0,4,1,1,0,1,0,"0000000",8,36,8,44,88,88,0,0,0,1,0
35,350074,1,1,0,0,0,1,1,49,0,2,4,2016,7,22,44,0,1,5,1,3,"SR-41","",590,35.42833056,-105.93168611,0,1,0,0,1,1,0,1,2,1,0,1,0,"0000000",22,48,23,4,88,88,0,0,0,1,1
35,350075,2,1,1,0,0,2,2,51,810,9,4,2016,7,12,45,0,2,3,4,6,"BROADWAY ST","",0,33.12855278,-107.25206389,0,30,0,0,1,1,0,4,1,1,0,1,0,"0000000",12,42,12,45,13,11,14,0,0,2,0
35,350076,2,2,0,0,0,4,4,19,37,9,4,2016,7,18,0,0,1,6,1,3,"SR-119","",50,35.19805833,-105.13881944,0,1,0,0,1,1,0,1,1,1,0,1,0,"0000000",18,0,18,35,88,88,0,0,0,1,0
35,350077,1,1,0,0,0,2,2,55,664,4,4,2016,2,14,40,0,1,5,1,3,"SR-38","",60,36.6834,-105.51008333,0,11,0,0,1,1,0,1,1,1,0,1,0,"0000000",14,43,14,45,15,17,0,0,0,1,0
35,350078,1,1,0,0,0,2,2,1,30,13,4,2016,4,2,49,0,2,7,4,6,"VISTA GRANDE DR NW","",0,35.09613333,-106.69826944,0,1,0,0,1,1,0,1,3,1,0,1,0,"0000000",2,52,2,59,3,16,0,0,0,1,0
35,350079,2,2,0,0,0,5,5,25,410,13,4,2016,4,14,37,1,2,3,1,2,"US-62 E SEMINOLE HWY","SR-218 E BENDER BLVD",0,32.72497778,-103.09880556,0,12,6,0,2,3,0,1,1,1,0,1,0,"0000000",14,45,14,49,15,15,0,0,0,1,0
35,350080,1,1,0,0,0,2,2,57,559,13,4,2016,4,16,21,0,1,7,2,4,"CR-A081 CALLE DEL SOL","",0,34.89769167,-106.01145278,0,1,0,0,1,1,0,4,1,1,0,1,0,"0000000",16,23,16,33,88,88,0,0,0,1,1
35,350081,3,3,0,0,0,3,3,15,0,15,4,2016,6,5,14,0,1,5,1,3,"SR-128","",50,32.34003611,-103.91966944,0,12,2,0,1,1,0,1,2,1,0,1,0,"0000000",5,9,5,31,88,88,0,0,0,2,0
35,350082,1,1,0,0,0,1,1,1,30,19,4,2016,3,14,23,0,2,6,4,6,"VALLE VISTA DR","DELLYNE AVE",0,35.14538611,-106.69671389,0,33,0,0,3,3,0,4,1,1,0,1,0,"0000000",14,26,14,32,14,50,0,0,0,1,0
35,350083,4,4,0,0,0,4,4,25,0,19,4,2016,3,11,46,0,1,5,1,3,"SR-128","",420,32.15737778,-103.35322222,0,12,1,0,1,1,4,1,1,1,0,1,0,"0000000",11,39,11,51,12,37,0,0,0,1,0
35,350084,1,1,0,1,1,1,1,1,30,19,4,2016,3,21,54,1,2,3,1,3,"SR-45 COORS BLVD SW","",80,35.01570278,-106.71565833,0,8,0,0,1,1,0,1,2,1,0,1,0,"0000000",21,56,22,0,88,88,0,0,0,1,0
35,350085,2,2,0,0,0,2,2,1,30,14,4,2016,5,17,51,0,2,3,4,6,"MONTGOMERY BLVD","PIEDRA BLANCA ST",0,35.13060278,-106.53579722,0,12,6,0,2,2,0,1,1,1,0,1,0,"0000000",17,53,17,58,18,24,0,0,0,1,0
35,350086,1,1,0,0,0,2,2,53,0,23,4,2016,7,16,56,1,1,1,1,1,"I-25","",1110,33.58948889,-107.16145278,0,5,0,0,1,1,0,4,1,6,0,6,0,"0000000",16,57,17,27,99,99,0,0,0,2,0
35,350087,2,2,0,0,0,4,4,25,550,23,4,2016,7,13,40,0,2,5,1,3,"SR-83 AVE D","INDUSTRIAL RD",10,32.94401944,-103.33383333,0,12,6,0,2,2,0,1,1,1,0,1,0,"0000000",13,38,13,40,13,56,0,0,0,2,0
35,350088,1,1,0,0,0,3,3,6,116,27,4,2016,4,2,13,1,1,1,1,1,"I-40","",700,35.28260833,-107.98597222,0,38,0,0,1,1,0,10,2,1,0,1,0,"0000000",2,16,2,28,3,6,0,0,0,1,0
35,350089,1,1,0,1,1,1,1,1,30,25,4,2016,2,18,21,0,2,4,4,6,"2ND ST","KINLEY AVE",0,35.09780833,-106.64668333,0,8,0,0,3,2,0,1,1,1,0,1,0,"0000000",18,23,18,32,88,88,0,0,0,1,0
35,350090,2,2,0,0,0,3,3,1,30,27,4,2016,4,20,0,1,2,3,1,3,"SR-556 TRAMWAY BLVD","INDIAN SCHOOL RD",135,35.09474167,-106.49759444,0,12,6,0,2,2,0,1,5,1,0,1,0,"0000000",20,5,20,10,20,29,0,0,0,2,1
35,350091,1,1,0,1,1,1,1,39,577,28,4,2016,5,22,20,0,1,4,1,2,"US-84","",2020,36.14995278,-106.17497222,0,8,0,0,1,1,0,1,2,1,0,1,0,"0000000",22,23,22,33,88,88,0,0,0,1,0
35,350092,1,1,0,0,0,4,4,53,493,29,4,2016,6,17,32,1,1,1,1,1,"I-25","",156,34.16063889,-106.91863056,0,38,0,0,1,1,0,10,1,1,0,1,0,"0000000",17,26,17,32,18,17,0,0,0,2,1
35,350093,2,2,0,1,1,3,3,53,493,30,4,2016,7,0,20,1,1,1,1,1,"I-25","",1590,34.19698056,-106.92501389,0,8,0,0,1,1,0,1,2,1,0,1,0,"0000000",0,16,0,24,88,88,0,0,0,1,0
35,350094,1,1,0,1,1,2,2,9,190,30,4,2016,7,22,34,0,2,4,4,6,"W 7TH ST","",0,34.40466667,-103.23585278,0,8,0,0,1,1,0,1,2,10,0,10,0,"0000000",21,32,21,37,21,48,0,0,0,1,0
35,350095,2,2,0,0,0,5,5,13,470,10,4,2016,1,0,13,1,2,1,1,1,"I-25","",60,32.34973611,-106.77094167,0,12,1,0,1,1,0,1,3,1,0,1,0,"0000000",0,2,0,5,0,31,0,0,0,4,1
35,350096,3,3,0,0,0,3,3,13,0,21,4,2016,5,17,18,1,1,1,1,1,"I-10","",1110,32.24299722,-107.29875,0,12,7,0,1,1,0,1,1,1,0,1,0,"0000000",17,21,17,49,88,88,14,0,0,1,0
35,350097,2,2,0,0,0,6,6,1,30,29,4,2016,6,18,29,1,2,3,1,3,"SR-556 TRAMWAY BLVD","I-40 RAMP",150,35.07020278,-106.49671111,0,12,6,0,2,3,0,1,1,8,0,8,0,"0000000",18,32,18,33,18,47,0,0,0,1,0
35,350098,1,1,0,0,0,1,1,43,879,5,4,2016,3,19,29,1,1,3,1,2,"US-550","",295,35.56709444,-106.86043333,3,21,0,0,1,1,0,5,1,1,0,1,0,"0000000",19,1,19,14,88,88,0,0,0,1,1
35,350099,1,1,0,1,1,1,1,43,706,21,4,2016,5,20,45,1,2,3,1,2,"US-550","",30,35.32607778,-106.56533889,3,8,0,0,1,1,0,1,2,98,0,98,0,"0000000",20,45,20,48,88,88,0,0,0,1,0
35,350100,1,1,0,1,1,1,1,45,0,4,4,2016,2,7,11,1,1,3,1,2,"US-64","",290,36.758725,-108.57082222,3,8,0,0,1,1,0,99,8,98,0,98,0,"0000000",7,42,7,50,88,88,0,0,0,1,0
35,350101,1,1,0,0,0,3,3,29,0,9,4,2016,7,11,46,1,1,1,1,1,"I-10","",890,32.28560556,-107.64983333,0,1,0,0,1,1,0,3,1,1,0,1,0,"0000000",10,5,10,16,11,12,0,0,0,1,0
35,350102,1,1,0,0,0,2,2,25,0,17,4,2016,1,2,58,1,1,4,1,3,"SR-18","",480,32.67215556,-103.12774722,0,11,0,0,1,1,0,1,3,1,0,1,0,"0000000",2,57,3,1,4,7,0,0,0,1,1
35,350103,1,1,0,0,0,1,1,45,310,2,4,2016,7,18,15,1,2,3,1,2,"US-64 BROADWAY BLVD","",520,36.72194167,-108.18583611,0,30,0,0,1,1,0,10,1,1,0,1,0,"0000000",18,16,18,18,88,88,0,0,0,1,0
35,350104,2,2,0,0,0,8,8,57,0,23,4,2016,7,21,31,0,1,5,2,4,"CR-A093 LEXCO RD","",0,34.99446389,-106.12070278,0,12,2,0,1,1,0,1,2,1,0,1,0,"0000000",21,37,21,43,22,39,0,0,0,3,1
35,350105,1,1,0,0,0,3,3,1,30,5,3,2016,7,20,42,1,2,3,4,6,"CENTRAL AVE","",0,35.06896389,-106.75936944,0,1,0,0,1,1,0,3,2,1,0,1,0,"0000000",20,44,20,52,21,8,0,0,0,1,0