"STATE","ST_CASE","VE_TOTAL","VE_FORMS","PVH_INVL","PEDS","PERNOTMVIT","PERMVIT","PERSONS","COUNTY","CITY","DAY","MONTH","YEAR","DAY_WEEK","HOUR","MINUTE","NHS","RUR_URB","FUNC_SYS","RD_OWNER","ROUTE","TWAY_ID","TWAY_ID2","MILEPT","LATITUDE","LONGITUD","SP_JUR","HARM_EV","MAN_COLL","RELJCT1","RELJCT2","TYP_INT","WRK_ZONE","REL_ROAD","LGT_COND","WEATHER1","WEATHER2","WEATHER","SCH_BUS","RAIL","NOT_HOUR","NOT_MIN","ARR_HOUR","ARR_MIN","HOSP_HR","HOSP_MN","CF1","CF2","CF3","FATALS","DRUNK_DR"
35,350326,5,5,0,0,0,7,7,31,340,17,12,2016,7,14,18,1,1,1,1,1,"I-40","",160,35.50626667,-108.83030556,0,12,1,1,18,1,0,1,1,1,0,1,0,"0000000",14,16,14,29,15,5,0,0,0,1,0
35,350327,1,1,0,0,0,1,1,61,100,6,12,2016,3,21,0,0,1,4,2,9,"MANZANO EXPRESSWAY","",0,34.66833056,-106.686875,0,1,0,0,1,1,0,4,2,1,0,1,0,"0000000",20,52,20,55,88,88,0,0,0,1,0
35,350328,1,1,0,0,0,2,2,31,332,8,12,2016,5,16,6,0,1,5,1,3,"SR-400","",30,35.41041389,-108.53951111,0,1,0,0,1,1,0,1,5,1,0,1,0,"0000000",16,6,16,21,99,99,0,0,0,1,1
35,350329,2,2,0,0,0,8,8,1,30,8,10,2016,7,22,22,1,2,3,1,3,"SR-345 UNSER BLVD NW","",0,35.12144444,-106.72775,0,33,0,0,1,1,0,3,2,2,0,2,0,"0000000",22,28,22,33,22,55,0,0,0,1,0
35,350330,2,2,0,0,0,3,3,1,30,13,10,2016,5,9,6,1,1,1,1,1,"I-40","",1420,35.03901389,-106.9147,0,12,1,0,1,1,0,1,1,1,0,1,0,"0000000",9,8,9,26,88,88,0,0,0,1,0
35,350331,1,1,0,0,0,1,1,41,0,13,8,2016,7,11,15,1,1,3,1,2,"US-70","",4330,34.28376667,-103.21295,0,38,0,0,1,1,0,4,1,98,0,98,0,"0000000",9,44,9,51,10,14,20,0,0,1,0
35,350332,1,1,0,1,1,2,2,1,30,14,11,2016,2,20,38,0,2,4,4,6,"AVENIDA CESAR CHAVEZ","BRADBURY DR SE",0,35.06834722,-106.63266389,0,8,0,0,3,2,0,1,3,1,0,1,0,"0000000",20,42,20,49,99,99,0,0,0,1,0
35,350333,1,1,0,1,1,1,1,1,30,18,11,2016,6,21,39,1,2,3,4,6,"MONTGOMERY BLVD NE","",0,35.13061944,-106.50928611,0,8,0,0,1,1,0,1,2,1,0,1,0,"0000000",21,43,21,46,88,88,0,0,0,1,0
35,350334,1,1,0,0,0,2,2,43,212,28,10,2016,6,19,8,0,1,7,2,9,"NAVAJO ROUTE 46","",0,36.07728889,-107.48968611,3,1,0,0,1,1,0,4,2,1,0,1,0,"0000000",18,43,19,38,88,88,0,0,0,1,1
35,350335,2,2,0,0,0,2,2,1,30,5,11,2016,7,20,33,1,2,3,1,3,"SR-556 TRAMWAY BLVD NE","INDIAN SCHOOL RD NE",0,35.09473056,-106.497625,0,12,6,0,2,2,0,1,3,8,0,8,0,"0000000",20,35,20,40,21,1,0,0,0,1,0
35,350336,1,1,0,0,0,2,2,25,0,26,12,2016,2,21,25,0,1,5,1,3,"SR-248","",0,32.52108056,-103.12906111,0,59,0,0,1,1,0,4,2,1,0,1,0,"0000000",21,33,21,45,88,88,0,0,0,1,1
35,350337,1,1,0,0,0,4,4,25,0,4,12,2016,1,2,59,0,1,4,1,3,"SR-18","",460,32.64151667,-103.12779722,0,1,0,0,1,1,0,3,2,1,0,1,0,"0000000",2,57,3,6,4,0,0,0,0,1,1
35,350338,2,2,0,0,0,3,3,9,190,28,11,2016,2,18,48,1,2,3,4,6,"BRADY AVE","HULL ST",0,34.39004722,-103.22062778,0,38,0,0,3,3,0,4,3,1,0,1,0,"0000000",18,48,18,50,88,88,20,0,0,1,0
35,350339,1,1,0,0,0,2,2,31,0,8,1,2016,6,16,43,0,1,7,62,9,"INDIAN SERVICE RTE 9653","",0,35.91254167,-108.61959722,3,1,0,0,1,1,0,4,5,8,0,8,0,"0000000",16,45,16,57,18,38,0,0,0,1,0
35,350340,2,2,0,0,0,2,2,13,470,15,12,2016,5,14,58,0,2,7,2,9,"HARRELSON ST","",0,32.27401667,-106.7667,0,12,8,0,1,1,0,1,1,1,0,1,0,"0000000",14,59,15,7,15,36,0,0,0,1,0
35,350341,1,1,0,1,1,1,1,53,548,30,12,2016,6,21,47,0,1,5,1,3,"SR-1","",560,33.978,-106.88300278,0,8,0,0,1,1,0,1,3,1,0,1,0,"0000000",21,43,21,54,22,2,0,0,0,1,0
35,350342,1,1,0,0,0,1,1,49,710,1,12,2016,5,20,56,1,2,3,1,3,"SR-599","",110,35.70124722,-105.98035278,0,1,0,0,1,1,0,3,2,1,0,1,0,"0000000",99,99,99,99,88,88,0,0,0,1,0
35,350343,2,1,1,0,0,1,1,9,190,3,12,2016,7,1,30,0,2,7,4,9,"WALLACE ST","",0,34.43158611,-103.20024444,0,14,0,0,1,1,0,7,2,2,0,2,0,"0000000",1,28,1,30,1,55,0,0,0,1,0
35,350344,2,2,0,0,0,2,2,49,261,8,12,2016,5,9,11,1,1,1,1,1,"I-40","",1850,35.07508056,-106.22093056,0,12,1,0,1,1,0,1,1,4,10,4,0,"0000000",99,99,99,99,99,99,0,0,0,1,0
35,350345,2,2,0,0,0,3,3,43,0,6,11,2016,1,17,3,1,1,3,1,2,"US-550","SR-537",850,36.14645278,-107.26418056,3,12,6,0,2,3,0,1,5,1,0,1,0,"0000000",17,34,18,23,19,13,0,0,0,2,1
35,350346,2,2,0,0,0,4,4,49,710,8,12,2016,5,16,5,1,2,3,1,3,"SR-599","VIA VETERANOS",0,35.67640833,-106.01262778,0,12,6,0,2,2,0,1,1,1,0,1,0,"0000000",16,7,16,12,16,36,0,0,0,1,1
35,350347,1,1,0,0,0,1,1,41,0,18,12,2016,1,5,30,0,1,7,2,9,"S ROOSEVELT RD S","",0,34.15426667,-103.35294722,0,38,0,0,1,1,0,4,2,4,0,4,0,"0000000",99,98,99,98,88,88,0,0,0,1,1
35,350348,2,2,0,0,0,3,3,49,710,16,12,2016,6,20,20,0,2,4,4,6,"CAMINO CARLOS REY","PLAZA VERDE",0,35.63347778,-105.98285556,0,12,6,0,2,2,0,1,3,1,0,1,0,"0000000",20,23,20,28,99,99,0,0,0,2,0
35,350349,3,3,0,0,0,3,3,19,0,17,12,2016,7,10,0,1,1,1,1,1,"I-40","",2900,35.02189722,-104.43105,0,12,9,0,1,1,0,1,1,4,10,4,0,"0000000",99,99,99,99,99,99,19,23,0,1,0
35,350350,2,2,0,1,1,5,5,31,9997,3,12,2016,7,19,5,1,1,3,1,2,"US-491","",130,35.70958333,-108.7748,3,8,0,0,1,1,0,1,2,1,0,1,0,"0000000",17,9,19,18,88,88,0,0,0,1,0
35,350351,1,1,0,0,0,1,1,1,30,23,10,2016,1,0,24,1,2,3,4,6,"CENTRAL AVE","",0,35.07868333,-106.59322778,0,33,0,0,1,1,1,4,3,1,0,1,0,"0000000",0,26,0,31,0,42,0,0,0,1,0
35,350352,2,2,0,0,0,7,7,1,30,21,12,2016,4,17,50,1,2,1,1,1,"I-40","",0,35.08766667,-106.5447,0,12,1,1,18,1,0,1,3,1,0,1,0,"0000000",17,45,17,49,18,22,0,0,0,1,0
35,350353,2,2,0,0,0,5,5,1,30,18,12,2016,1,13,28,0,2,4,4,6,"SAN ANTONIO DR NE","SAN PEDRO DR NE",0,35.15942222,-106.57768333,0,12,6,0,2,2,0,1,1,1,0,1,0,"0000000",13,40,13,50,14,11,0,0,0,1,1
35,350354,1,1,0,0,0,2,2,45,0,6,12,2016,3,16,9,0,1,7,62,9,"NAVAJO ROUTE 13","",0,36.60953333,-108.91463889,3,1,0,0,1,1,0,4,1,1,0,1,0,"0000000",16,11,16,25,16,59,0,0,0,1,1
35,350355,2,2,0,0,0,5,5,13,470,17,12,2016,7,20,23,1,2,3,1,3,"SR-478 S MAIN ST","E AMADOR AVE",0,32.30714444,-106.77797222,0,12,6,0,2,2,0,1,3,1,0,1,0,"0000000",19,38,19,45,20,12,0,0,0,1,0
35,350356,1,1,0,0,0,2,2,45,310,19,11,2016,7,15,48,0,2,7,2,9,"HINES RD","",0,36.71835833,-108.17211111,0,42,0,0,1,1,0,5,1,1,0,1,0,"0000000",15,53,16,0,16,19,20,0,0,1,1
35,350357,1,1,0,1,1,1,1,45,310,27,12,2016,3,6,1,0,1,4,1,3,"SR-371 BISTI HWY","",0,36.72065833,-108.22908889,0,8,0,0,1,1,0,1,2,1,0,1,0,"0000000",6,3,6,10,88,88,0,0,0,1,0
35,350358,1,1,0,0,0,1,1,1,30,3,12,2016,7,2,53,1,2,3,1,3,"SR-47 BROADWAY BLVD SE","",0,35.04385278,-106.64768056,0,24,0,0,1,1,0,4,2,4,0,4,0,"0000000",2,56,3,4,3,32,0,0,0,1,1
35,350360,1,1,0,1,1,2,2,31,0,14,12,2016,4,19,37,1,1,1,1,1,"I-40","",530,35.39577222,-108.22012222,0,8,0,1,18,1,0,1,2,1,0,1,0,"0000000",99,99,99,99,99,99,0,0,0,1,0
35,350361,1,1,0,0,0,2,2,55,0,31,10,2016,2,22,40,0,1,3,1,3,"SR-68","",320,36.30483056,-105.74116667,0,11,0,0,1,1,0,1,2,1,0,1,0,"0000000",22,39,22,54,23,33,0,0,0,1,0
36,360001,1,1,0,0,0,3,3,119,472,2,1,2016,7,12,34,0,1,4,1,3,"SR-121 OLD POST RD","INDIAN HILL RD",0,41.21371944,-73.63507222,0,35,0,0,3,3,0,4,1,10,0,10,0,"0000000",12,34,12,57,13,12,0,0,0,1,0
36,360002,5,1,4,0,0,2,2,5,4170,4,1,2016,2,5,20,0,2,7,4,6,"E 222ND ST","",0,40.88425556,-73.85708611,0,14,0,0,1,1,0,7,3,1,0,1,0,"0000000",5,20,99,99,99,99,0,0,0,1,1
36,360003,1,1,0,0,0,1,1,71,4130,1,1,2016,6,4,57,0,2,3,1,3,"SR-32","",0,41.453775,-74.05734444,0,1,0,0,1,1,0,4,2,10,0,10,0,"0000000",4,57,5,3,88,88,0,0,0,1,1
36,360004,1,1,0,1,1,2,2,103,160,5,1,2016,3,6,55,1,2,3,1,3,"SR-110 BROADWAY","W SMITH ST",0,40.69218889,-73.42231389,0,8,0,0,3,3,0,1,1,1,0,1,0,"0000000",6,54,6,56,7,13,0,0,0,1,0
36,360005,1,1,0,1,1,1,1,61,4170,7,1,2016,5,18,41,0,2,7,4,6,"YORK AVE","",0,40.77094722,-73.95074722,0,8,0,0,1,1,0,1,3,1,0,1,0,"0000000",18,41,99,99,99,99,0,0,0,1,0
36,360006,1,1,0,0,0,1,1,39,970,7,1,2016,5,18,59,1,1,3,1,2,"US-9W","",0,42.14927222,-73.92056389,0,35,0,0,1,1,0,4,2,1,0,1,0,"0000000",18,59,19,11,19,54,0,0,0,1,0
36,360007,1,1,0,1,1,1,1,61,4170,8,1,2016,6,0,35,1,2,3,1,3,"SR-907L","",0,40.73908889,-73.97318056,0,8,0,0,1,1,0,1,3,1,0,1,0,"0000000",99,99,99,99,99,99,0,0,0,1,0
36,360008,3,3,0,1,1,6,6,5,4170,8,1,2016,6,23,14,0,2,7,4,6,"E 170TH ST","WYTHE PL",0,40.83926389,-73.91511944,0,8,0,0,3,3,0,1,3,1,0,1,0,"0000000",23,14,99,99,99,99,0,0,0,1,0
36,360009,1,1,0,0,0,1,1,69,3490,8,1,2016,6,10,29,1,1,1,1,1,"I-90","",3380,99.9999,999.9999,0,42,0,0,1,1,0,3,1,10,0,10,0,"0000000",10,29,10,39,11,0,0,0,0,1,0
36,360010,1,1,0,1,1,1,1,93,5550,8,1,2016,6,6,50,0,2,7,4,6,"STATE ST EXT","VEEDER AVE",0,42.81006667,-73.93864722,0,8,0,0,2,2,0,1,4,1,0,1,0,"0000000",7,0,7,5,7,35,0,0,0,1,0
36,360011,2,2,0,0,0,2,2,103,5810,8,1,2016,6,6,54,1,1,3,1,3,"SR-27","",0,40.92724167,-72.32980833,0,12,2,0,1,1,0,1,4,10,0,10,0,"0000000",6,54,99,99,99,99,0,0,0,1,0
36,360012,2,2,0,0,0,3,3,19,142,8,1,2016,6,14,46,0,1,3,1,3,"SR-190 MILITARY TPK","",0,44.88250833,-73.73317778,0,12,2,0,1,1,0,4,1,10,0,10,0,"0000000",14,46,15,3,20,30,0,0,0,2,0
36,360013,1,1,0,1,1,1,1,37,410,9,1,2016,7,19,1,0,2,4,1,3,"SR-5","BANK ST",0,42.99734722,-78.18198333,0,8,0,0,3,2,0,1,3,10,0,10,0,"0000000",19,1,19,1,19,46,0,0,0,1,0
36,360014,1,1,0,0,0,2,2,109,1590,10,1,2016,1,8,40,0,1,7,3,5,"CORTLAND RD","",0,42.51852778,-76.28141111,0,42,0,0,1,1,0,4,1,2,0,2,0,"0000000",99,99,99,99,99,99,0,0,0,1,0
36,360015,2,2,0,0,0,2,2,27,2000,11,1,2016,2,12,45,0,1,3,1,3,"SR-9","",0,41.50193333,-73.90308056,0,12,2,0,1,1,0,1,1,1,0,1,0,"0000000",12,51,12,56,13,27,0,0,0,1,0
36,360016,1,1,0,1,1,1,1,5,4170,11,1,2016,2,18,5,0,2,3,4,6,"BOSTON RD","BRONX RIVER PKWY EXIT/ENT RAMP",0,40.85556389,-73.86970833,0,8,0,1,3,3,0,1,3,1,0,1,0,"0000000",99,99,99,99,99,99,0,0,0,1,0
36,360017,2,2,0,0,0,2,2,17,5650,11,1,2016,2,10,21,0,1,4,1,3,"SR-12","",99998,42.68242778,-75.50042778,0,12,2,0,1,1,0,1,1,10,0,10,0,"0000000",10,21,10,40,12,0,0,0,0,1,0
36,360018,1,1,0,1,1,1,1,61,4170,12,1,2016,3,13,29,1,2,3,4,6,"DELANCY ST","NORFOLK ST",0,40.71823056,-73.98739722,0,15,0,0,3,2,0,1,1,1,0,1,0,"0000000",13,29,13,38,13,55,0,0,0,1,0
36,360019,2,2,0,1,1,3,3,47,4170,10,1,2016,1,4,18,0,2,7,4,6,"ATLANTIC AVE","ROCKAWAY AVE",0,40.67629444,-73.91096667,0,8,0,0,3,2,0,1,3,2,0,2,0,"0000000",4,20,4,25,4,45,0,0,0,1,0
36,360020,2,2,0,0,0,4,4,29,1899,12,1,2016,3,16,23,1,1,3,1,2,"US-20","VERSAILLES PLANK RD",0,42.66022222,-78.97225833,0,12,2,0,3,2,0,1,1,4,0,4,0,"0000000",16,23,16,30,16,55,0,0,0,1,0
36,360021,1,1,0,1,1,1,1,61,4170,14,1,2016,5,17,6,0,2,4,4,6,"W 96TH ST","AMSTERDAM AVE",0,40.79399167,-73.97032222,0,8,0,0,3,2,0,1,3,1,0,1,0,"0000000",17,7,17,8,17,25,0,0,0,1,0
36,360022,1,1,0,1,1,1,1,91,390,14,1,2016,5,20,43,0,2,3,1,3,"SR-9","",0,43.02695278,-73.79244444,0,8,0,0,1,1,0,1,2,10,0,10,0,"0000000",20,44,20,49,21,4,0,0,0,1,0
36,360023,1,1,0,0,0,1,1,85,4170,15,1,2016,6,4,0,0,2,7,4,6,"AMBOY RD","AMBER ST",0,40.56755556,-74.12726944,0,40,0,0,3,3,0,4,3,1,0,1,0,"0000000",99,99,99,99,99,99,0,0,0,1,0
36,360024,3,1,2,0,0,1,1,39,970,15,1,2016,6,17,12,0,2,4,1,3,"SR-23A","SR-9W",0,42.21384167,-73.88852222,0,59,0,0,3,4,0,4,3,10,0,10,0,"0000000",17,16,17,18,88,88,0,0,0,1,1
36,360025,1,1,0,0,0,1,1,115,790,15,1,2016,6,19,50,0,1,3,1,3,"SR-22 N PARK ST","N UNION ST",0,43.03829444,-73.37867778,0,59,0,0,3,4,0,4,3,1,0,1,0,"0000000",19,51,19,57,88,88,0,0,0,1,1
36,360026,1,1,0,0,0,1,1,85,4170,16,1,2016,7,9,48,1,1,2,1,3,"SR-440 WEST SHORE EXPY","",0,40.53193889,-74.22405,0,24,0,0,1,1,0,3,1,10,0,10,0,"0000000",99,99,99,99,99,99,0,0,0,1,0
36,360027,2,2,0,0,0,2,2,85,4170,16,1,2016,7,11,43,0,2,4,4,6,"HYLAN BLVD","",0,40.52668611,-74.16788333,0,1,0,0,1,1,0,1,1,10,0,10,0,"0000000",11,43,11,55,99,99,0,0,0,1,0
36,360028,1,1,0,1,1,1,1,5,4170,18,1,2016,2,9,47,0,2,7,4,6,"TOMLINSON AVE","NEILL AVE",0,40.85380556,-73.85528611,0,9,0,0,3,2,0,1,1,1,0,1,0,"0000000",9,47,9,50,10,4,0,0,0,1,0
36,360029,1,1,0,1,1,1,1,47,4170,19,1,2016,3,17,3,1,2,3,4,6,"AVE U","E 9TH ST",0,40.59823056,-73.96206667,0,9,0,0,3,2,0,1,1,1,0,1,0,"0000000",99,99,99,99,99,99,0,0,0,1,0
36,360030,2,2,0,0,0,2,2,119,5802,17,1,2016,1,21,2,0,2,4,1,2,"US-202","",0,41.31829444,-73.72955,0,12,2,0,1,1,0,1,2,4,0,4,0,"0000000",99,99,99,99,99,99,0,0,0,1,1
36,360031,1,1,0,2,2,1,1,59,4090,19,1,2016,3,19,10,0,2,3,1,3,"SR-25A NORTHERN BLVD","",0,40.79556944,-73.67693889,0,8,0,0,1,1,0,1,2,10,0,10,0,"0000000",19,12,19,21,19,38,0,0,0,1,0
36,360032,1,1,0,0,0,2,2,111,5280,20,1,2016,4,15,30,0,1,7,3,5,"LUCAS AVE EXT","TANHOUSE BROOK RD",0,41.85596944,-74.10436111,0,42,0,0,3,3,0,4,1,10,0,10,0,"0000000",15,31,15,34,99,99,0,0,0,2,0
36,360033,1,1,0,1,1,1,1,71,4060,20,1,2016,4,20,14,0,2,4,1,3,"SR-17K","",0,41.50375278,-74.06055,0,8,0,0,1,1,0,1,2,1,0,1,0,"0000000",20,14,20,18,20,44,0,0,0,1,1
36,360034,3,3,0,0,0,4,4,7,3064,21,1,2016,5,4,40,1,1,1,1,1,"I-81","",0,99.9999,999.9999,0,12,1,0,1,1,0,1,2,4,0,4,0,"0000000",4,42,4,47,88,88,0,0,0,1,0
36,360035,1,1,0,1,1,1,1,61,4170,21,1,2016,5,19,27,1,2,2,1,3,"SR-907L","",0,40.74704444,-73.96885278,0,8,0,0,1,1,0,1,3,1,0,1,0,"0000000",19,27,99,99,99,99,0,0,0,1,0
36,360036,1,1,0,1,1,1,1,81,4170,22,1,2016,6,9,21,0,2,6,4,6,"COLLEGE POINT BLVD","15TH AVE",0,40.78412222,-73.84582778,0,8,0,0,3,2,0,1,1,1,0,1,0,"0000000",99,99,99,99,99,99,0,0,0,1,0
36,360037,2,1,1,2,2,1,1,55,2770,22,1,2016,6,0,16,0,1,3,1,3,"SR-15A","",0,42.95093889,-77.61599722,0,8,0,0,1,1,0,1,2,10,0,10,0,"0000000",0,16,0,22,0,55,23,0,0,1,0
36,360038,1,1,0,0,0,1,1,65,5260,23,1,2016,7,14,53,0,2,7,4,6,"LAMPHEAR RD","",0,43.18859722,-75.46034444,0,53,0,0,1,1,0,4,1,10,0,10,0,"0000000",14,56,15,1,15,17,0,0,0,1,0
36,360039,1,1,0,0,0,1,1,71,4980,23,1,2016,7,4,20,1,1,1,1,1,"I-84","",94,99.9999,999.9999,0,1,0,0,1,1,0,3,2,1,0,1,0,"0000000",4,20,4,25,5,9,0,0,0,1,1
36,360040,1,1,0,0,0,1,1,43,2120,3,1,2016,1,19,11,0,1,3,1,3,"SR-5","",0,43.10346389,-75.16126111,0,53,0,0,1,1,0,4,2,10,0,10,0,"0000000",20,10,20,45,88,88,0,0,0,1,1
36,360041,1,1,0,1,1,1,1,59,2675,25,1,2016,2,22,15,0,2,5,3,5,"350 SOUTH BROADWAY","",0,40.76105278,-73.51576944,0,8,0,0,1,1,0,1,3,1,0,1,0,"0000000",22,19,22,26,22,44,0,0,0,1,1
36,360042,2,2,0,0,0,2,2,59,710,25,1,2016,2,21,21,0,1,3,1,3,"SR-106","BROOKVILLE RD",0,40.80388889,-73.53724444,0,12,2,0,2,3,0,1,3,1,0,1,0,"0000000",21,20,21,22,21,45,0,0,0,1,0
36,360043,1,1,0,0,0,1,1,19,1440,26,1,2016,3,15,44,0,1,5,1,3,"SR-374","",0,44.74838056,-73.92601667,0,42,0,0,1,1,0,4,1,3,12,3,0,"0000000",15,44,15,52,88,88,0,0,0,1,0
36,360044,1,1,0,1,1,2,2,25,6360,14,1,2016,5,20,2,0,1,3,1,3,"SR-10 PROSPECT AVE","",0,42.16225,-75.14181667,0,8,0,0,1,1,0,1,2,4,0,4,0,"0000000",20,2,20,5,20,20,0,0,0,1,0
36,360045,1,1,0,0,0,1,1,107,6078,26,1,2016,3,11,32,0,1,7,3,5,"HALSEY VALLEY RD","",0,42.07372778,-76.35478611,0,42,0,0,1,1,0,4,1,10,0,10,0,"0000000",11,32,11,42,88,88,0,0,0,1,0
36,360046,3,1,2,0,0,1,1,17,4350,27,1,2016,4,11,45,1,2,3,1,3,"SR-12 S BROAD ST","",0,42.53084722,-75.52371667,0,14,0,0,1,1,0,7,1,4,0,4,0,"0000000",11,43,11,45,11,59,0,0,0,1,0
36,360047,1,1,0,0,0,1,1,107,406,27,1,2016,4,11,13,0,1,7,3,5,"TALMADGE HILL RD E","",0,42.05890833,-76.48993611,0,34,0,0,1,1,0,4,1,4,0,4,0,"0000000",11,13,11,38,88,88,0,0,0,1,0
36,360048,2,2,0,0,0,2,2,69,1961,26,1,2016,3,11,27,0,1,4,1,3,"SR-96","CR-8",0,42.972625,-77.31855,0,12,6,0,2,2,0,1,1,10,0,10,0,"0000000",11,27,11,25,13,22,0,0,0,1,0
36,360049,1,1,0,1,1,1,1,93,5550,27,1,2016,4,9,21,0,2,4,1,3,"SR-5 AMSTERDAM AVE","",0,42.85621667,-74.01156944,0,9,0,0,1,1,0,2,1,1,0,1,0,"0000000",9,21,9,32,9,55,0,0,0,1,0
36,360050,1,1,0,0,0,1,1,71,4980,28,1,2016,5,7,3,1,1,3,1,2,"US-6","",0,41.36694444,-74.60616389,0,42,0,0,1,1,0,4,4,1,0,1,0,"0000000",7,4,7,16,7,34,0,0,0,1,0
36,360051,1,1,0,1,1,1,1,47,4170,28,1,2016,5,13,4,0,2,4,4,6,"BATH AVE","20TH AVE",0,40.60142778,-74.00149444,0,8,0,0,3,2,0,1,1,1,0,1,0,"0000000",13,4,13,8,13,34,0,0,0,1,0
36,360052,1,1,0,0,0,3,3,7,6740,28,1,2016,5,23,35,1,1,1,1,1,"I-86","",0,99.9999,999.9999,0,35,0,0,1,1,0,4,2,1,0,1,0,"0000000",23,38,23,47,0,14,0,0,0,1,0
36,360053,1,1,0,1,1,1,1,29,156,29,1,2016,6,19,46,0,2,7,3,5,"EVANS ST","",0,42.97716944,-78.73952778,0,15,0,0,1,1,0,1,3,1,0,1,0,"0000000",19,46,19,47,20,3,0,0,0,1,0
36,360054,2,2,0,2,2,3,3,61,4170,30,1,2016,7,3,49,0,2,4,4,6,"WASHINGTON BRIDGE","",0,40.84756389,-73.929675,0,8,0,1,18,1,0,1,3,1,0,1,0,"0000000",3,49,99,99,99,99,0,0,0,1,1
36,360055,1,1,0,1,1,1,1,59,2600,1,2,2016,2,7,35,0,2,7,3,5,"ELMONT RD","VILLAGE AVE",0,40.69637778,-73.71588611,0,8,0,0,3,2,0,1,1,10,0,10,0,"0000000",7,35,7,38,7,55,0,0,0,1,0
36,360056,1,1,0,0,0,2,2,43,4445,30,1,2016,7,5,56,0,1,3,1,3,"SR-28","",0,43.60506667,-75.10418056,0,48,0,0,1,1,0,4,2,10,0,10,0,"0000000",5,56,6,15,99,99,0,0,0,1,0
36,360057,2,2,0,0,0,2,2,65,610,3,2,2016,4,19,16,1,1,3,1,3,"SR-12","",0,43.46759444,-75.29545278,0,12,2,0,1,1,0,1,2,10,0,10,0,"0000000",19,16,19,20,20,40,0,0,0,1,0
36,360058,1,1,0,1,1,1,1,47,4170,3,2,2016,4,6,23,0,2,7,4,6,"65TH ST","NEW UTRECHT AVE",0,40.62373333,-73.99773611,0,8,0,0,3,2,0,1,1,2,0,2,0,"0000000",6,23,99,99,99,99,0,0,0,1,0
36,360059,1,1,0,1,1,4,4,71,3840,5,2,2016,6,19,15,0,1,4,1,3,"SR-17K","",0,41.5254,-74.15767222,0,8,0,0,1,1,0,1,2,1,0,1,0,"0000000",19,15,19,18,19,32,0,0,0,1,0
36,360060,2,1,1,1,1,1,1,47,4170,6,2,2016,7,10,14,0,2,7,4,6,"LINDEN BLVD SVC RD","E 95TH ST",0,40.65405278,-73.91515556,0,8,0,0,3,3,0,1,1,1,0,1,0,"0000000",99,99,99,99,99,99,0,0,0,1,0
36,360061,9,1,8,3,3,1,1,47,4170,5,2,2016,6,18,34,1,2,3,4,6,"ATLANTIC AVE","",0,40.67748333,-73.93356667,0,40,0,0,1,1,0,4,3,1,0,1,1,"0000000",18,34,99,99,99,99,0,0,0,1,0
36,360062,1,1,0,1,1,1,1,61,4170,10,2,2016,4,20,48,0,2,3,4,6,"BROADWAY","W 165TH ST",0,40.83919167,-73.94125,0,8,0,0,3,2,0,1,3,1,0,1,0,"0000000",20,48,99,99,99,99,0,0,0,1,0
36,360063,2,2,0,0,0,2,2,13,1950,9,2,2016,3,13,44,0,1,7,3,5,"HARRIS HILLN RD","",0,42.17165556,-79.19068889,0,12,2,0,1,1,0,1,1,10,0,10,0,"0000000",13,44,13,56,14,26,0,0,0,1,0
36,360064,2,2,0,0,0,3,3,55,5230,10,2,2016,4,23,7,0,2,7,4,6,"LAKE AVE","",0,43.201525,-77.62776944,0,12,6,0,1,1,0,1,3,3,12,3,0,"0000000",23,7,23,29,23,40,0,0,0,2,0
36,360065,1,1,0,1,1,1,1,81,4170,10,2,2016,4,0,17,1,2,3,1,3,"SR-27 SUNRISE HWY","FRANCIS LEWIS BLVD",0,40.66530556,-73.73533889,0,8,0,0,3,2,0,1,3,4,0,4,0,"0000000",99,99,99,99,99,99,0,0,0,1,0
36,360066,1,1,0,1,1,1,1,59,4600,7,2,2016,1,18,25,0,2,3,1,3,"SR-107","",0,40.70864167,-73.48286667,0,9,0,0,1,1,0,1,3,1,0,1,0,"0000000",18,30,18,33,18,43,0,0,0,1,0
36,360067,1,1,0,0,0,2,2,21,1195,16,1,2016,7,23,2,1,1,3,1,2,"US-9","",0,42.090425,-73.82249444,0,52,0,0,1,1,0,4,2,10,0,10,0,"0000000",23,2,99,99,99,99,0,0,0,1,1
36,360068,2,2,0,0,0,2,2,91,389,11,2,2016,5,8,8,0,1,3,1,3,"SR-67","PAISLEY RD",0,42.99431944,-73.92178611,0,12,6,0,3,3,0,1,1,10,0,10,0,"0000000",8,8,8,18,99,99,0,0,0,1,0
36,360069,1,1,0,1,1,2,2,61,4170,11,2,2016,5,19,42,0,2,4,4,6,"HUDSON ST","LAIGHT ST",0,40.72198056,-74.00820278,0,9,0,0,2,2,0,1,3,1,0,1,0,"0000000",99,99,99,99,99,99,0,0,0,1,0
36,360070,1,1,0,1,1,1,1,61,4170,12,2,2016,6,10,2,1,2,3,4,6,"11TH AVE","W 37TH ST",0,40.75831389,-74.0001,0,8,0,0,3,3,0,1,1,10,0,10,0,"0000000",10,3,10,8,88,88,0,0,0,1,0
36,360071,1,1,0,1,1,1,1,109,2460,3,2,2016,4,19,27,0,1,3,1,3,"SR-38","",0,42.56899722,-76.36505278,0,8,0,0,1,1,0,1,2,10,0,10,0,"0000000",19,29,19,42,88,88,0,0,0,1,0
36,360072,1,1,0,1,1,1,1,85,4170,16,2,2016,3,17,39,0,2,7,4,6,"RICHMOND RD","ANDREWS AVE",0,40.57295,-74.13696111,0,9,0,0,3,3,0,1,3,10,0,10,0,"0000000",17,39,99,99,99,99,0,0,0,1,0