"STATE","ST_CASE","VE_TOTAL","VE_FORMS","PVH_INVL","PEDS","PERNOTMVIT","PERMVIT","PERSONS","COUNTY","CITY","DAY","MONTH","YEAR","DAY_WEEK","HOUR","MINUTE","NHS","RUR_URB","FUNC_SYS","RD_OWNER","ROUTE","TWAY_ID","TWAY_ID2","MILEPT","LATITUDE","LONGITUD","SP_JUR","HARM_EV","MAN_COLL","RELJCT1","RELJCT2","TYP_INT","WRK_ZONE","REL_ROAD","LGT_COND","WEATHER1","WEATHER2","WEATHER","SCH_BUS","RAIL","NOT_HOUR","NOT_MIN","ARR_HOUR","ARR_MIN","HOSP_HR","HOSP_MN","CF1","CF2","CF3","FATALS","DRUNK_DR"
36,360073,1,1,0,0,0,2,2,101,616,13,2,2016,7,12,15,0,1,5,1,3,"SR-226","",0,42.35808056,-77.12663333,0,42,0,0,1,1,0,4,1,10,0,10,0,"0000000",12,15,12,20,99,99,0,0,0,1,0
36,360074,3,3,0,0,0,10,10,101,420,16,2,2016,3,12,15,0,1,3,1,3,"SR-53","",0,42.44275556,-77.32281667,0,12,8,0,1,1,0,1,1,3,12,3,0,"0000000",12,16,12,30,13,20,0,0,0,1,0
36,360075,2,2,0,0,0,2,2,97,1003,16,2,2016,3,8,2,1,1,3,1,3,"SR-13","",0,42.28806111,-76.73204167,0,12,8,0,1,1,0,1,1,3,12,3,0,"0000000",8,2,8,14,9,10,0,0,0,1,0
36,360076,2,2,0,0,0,2,2,75,3700,17,2,2016,4,7,16,1,1,3,1,3,"SR-104","",0,43.45728889,-76.12775278,0,12,2,0,1,1,0,2,1,10,0,10,0,"0000000",7,17,7,24,11,45,0,0,0,1,0
36,360077,2,2,0,0,0,2,2,119,1379,19,2,2016,6,17,55,1,1,3,1,2,"US-9 ALBANY POST RD","",0,41.31562778,-73.92967778,0,12,2,0,1,1,0,1,2,10,0,10,0,"0000000",17,55,18,1,99,99,0,0,0,1,1
36,360078,1,1,0,0,0,2,2,81,4170,20,2,2016,7,4,21,1,2,2,1,3,"SR-907B LAURELTON PKWY","",0,40.68017778,-73.72888889,0,24,0,0,1,1,0,4,2,1,0,1,0,"0000000",4,21,99,99,99,99,0,0,0,2,1
36,360079,1,1,0,1,1,1,1,59,6250,22,2,2016,2,12,3,0,2,7,3,5,"W MERRICK RD","GREEN ST",0,40.67212222,-73.72205278,0,8,0,0,3,3,0,1,1,1,0,1,0,"0000000",12,4,12,7,12,30,0,0,0,1,0
36,360080,1,1,0,1,1,3,3,5,4170,28,2,2016,1,23,28,0,2,7,4,6,"UNIONPORT RD","",0,40.83595556,-73.85604167,0,8,0,0,1,1,0,1,3,1,0,1,0,"0000000",23,30,23,33,23,58,0,0,0,1,0
36,360081,1,1,0,0,0,1,1,59,4600,20,2,2016,7,0,59,0,2,7,3,5,"S BROADWAY","",0,40.76392222,-73.51953889,0,30,0,0,1,1,0,4,3,10,0,10,0,"0000000",0,59,1,0,1,33,0,0,0,1,0
36,360082,1,1,0,1,1,1,1,47,4170,28,2,2016,1,4,56,0,2,7,4,6,"5TH AVE","9TH ST",0,40.66919167,-73.98626944,0,8,0,0,3,2,0,1,3,1,0,1,0,"0000000",5,1,5,6,99,99,0,0,0,1,0
36,360083,1,1,0,1,1,1,1,103,2920,4,1,2016,2,5,30,0,2,7,3,4,"CR-13","DOWSING AVE",0,40.73563056,-73.26249167,0,9,0,0,2,2,0,1,3,1,0,1,0,"0000000",5,30,5,52,5,53,0,0,0,1,0
36,360084,1,1,0,0,0,1,1,103,2920,10,1,2016,1,16,48,0,2,7,3,5,"BISHOP RD","9TH AVE",0,40.76939722,-73.25331111,0,38,0,0,3,10,0,4,3,2,0,2,0,"0000000",16,48,16,52,17,5,0,0,0,1,1
36,360085,1,1,0,1,1,1,1,103,705,11,1,2016,2,0,45,1,2,3,1,3,"SR-25 MIDDLE COUNTRY RD","",0,40.86229444,-73.05804722,0,8,0,0,1,1,0,1,3,1,0,1,0,"0000000",99,99,99,99,88,88,0,0,0,1,0
36,360086,1,1,0,1,1,1,1,67,6010,10,2,2016,4,18,15,1,2,3,1,3,"SR-5 ERIE BLVD E","BEATTIE ST",0,43.05300833,-76.10859444,0,8,0,0,3,3,0,1,3,1,0,1,0,"0000000",18,16,18,17,18,38,0,0,0,1,0
36,360087,1,1,0,1,1,1,1,83,1648,4,1,2016,2,12,54,1,2,3,1,2,"US-20","",0,42.62783333,-73.74230833,0,8,0,0,1,1,0,2,1,10,0,10,0,"0000000",13,7,14,2,16,30,0,0,0,1,0
36,360088,2,2,0,0,0,2,2,59,2600,30,1,2016,7,3,24,1,2,3,1,3,"SR-878 NASSAU EXPY","",0,40.62391111,-73.74080278,0,12,2,0,1,1,0,1,3,1,0,1,0,"0000000",99,99,99,99,99,99,0,0,0,1,1
36,360089,1,1,0,0,0,1,1,43,2120,17,2,2016,4,8,33,1,1,1,1,1,"I-90","",2307,43.10380278,-75.1664,0,24,0,0,1,1,0,3,1,10,0,10,0,"0000000",8,33,8,42,88,88,0,0,0,1,0
36,360090,1,1,0,0,0,2,2,101,801,19,2,2016,6,22,0,0,1,7,3,5,"BALD HILL RD","",0,42.18822778,-77.35449722,0,42,0,0,1,1,0,4,2,10,0,10,0,"0000000",22,4,22,20,99,99,0,0,0,1,1
36,360091,2,2,0,0,0,4,4,93,5315,25,2,2016,5,18,56,0,2,7,3,5,"HIGHBRIDGE RD","",0,42.77073056,-73.92025,0,12,2,0,1,1,0,1,3,1,0,1,0,"0000000",18,59,19,3,20,10,0,0,0,1,0
36,360092,1,1,0,1,1,1,1,81,4170,7,2,2016,1,9,51,0,2,7,1,5,"CLINTONVILLE ST","17TH AVE",0,40.78371944,-73.80861944,0,8,0,0,3,2,0,1,1,1,0,1,0,"0000000",9,52,9,57,10,32,0,0,0,1,0
36,360093,1,1,0,0,0,5,5,29,750,20,2,2016,7,4,24,0,2,7,4,6,"NEVADA AVE","",0,42.91363056,-78.82136389,0,42,0,0,1,1,0,4,2,98,0,98,0,"0000000",4,29,4,33,4,47,0,0,0,1,1
36,360094,3,3,0,0,0,6,6,33,770,6,1,2016,4,16,35,1,1,3,1,2,"US-11","",0,44.91988611,-74.16313889,0,12,6,0,1,1,0,1,1,1,0,1,0,"0000000",16,44,16,56,17,32,0,0,0,1,1
36,360095,1,1,0,0,0,1,1,75,2569,27,2,2016,7,17,57,0,1,7,3,4,"CR-12","",0,99.9999,999.9999,0,42,0,0,1,1,0,4,5,10,0,10,0,"0000000",17,57,18,5,18,35,0,0,0,1,1
36,360096,1,1,0,1,1,1,1,39,2966,26,2,2016,6,18,7,0,1,3,1,3,"SR-296","CR-23C",0,42.25266667,-74.24982222,0,8,0,0,3,7,0,1,2,1,0,1,0,"0000000",18,7,18,52,19,36,0,0,0,1,0
36,360097,1,1,0,0,0,1,1,11,2011,28,2,2016,1,23,15,0,1,4,1,3,"SR-34 SOUTH STREET RD","",0,42.90236944,-76.5646,0,31,0,0,1,1,0,4,2,1,0,1,0,"0000000",23,15,23,22,88,88,0,0,0,1,1
36,360098,2,1,1,1,1,1,1,81,4170,28,2,2016,1,4,40,0,2,7,4,6,"111TH ST","",0,40.68140278,-73.82949167,0,8,0,0,1,1,0,1,3,1,0,1,0,"0000000",4,41,4,47,99,99,0,0,0,1,0
36,360099,1,1,0,0,0,2,2,97,478,28,2,2016,1,10,22,0,1,7,2,4,"CR-16","",0,42.29070278,-77.06826944,0,30,0,0,1,1,0,4,1,1,0,1,0,"0000000",10,45,10,56,11,22,0,0,0,1,0
36,360100,1,1,0,1,1,1,1,5,4170,28,2,2016,1,1,25,0,2,7,4,2,"US-1","WEBSTER AVE",0,40.84471389,-73.90263611,0,8,0,0,2,2,0,1,3,1,0,1,0,"0000000",99,99,99,99,99,99,0,0,0,1,0
36,360101,1,1,0,0,0,1,1,79,5066,28,2,2016,1,13,4,1,1,3,1,3,"SR-987G","",0,41.38885833,-73.79856111,0,24,0,0,1,1,0,3,1,1,0,1,0,"0000000",13,5,13,15,88,88,0,0,0,1,0
36,360102,1,1,0,1,1,1,1,59,4090,27,2,2016,7,23,31,0,2,7,3,5,"WESTBURY AVE","DENTON AVE",0,40.74691667,-73.63080278,0,8,0,0,3,3,0,1,3,1,0,1,0,"0000000",23,33,23,37,23,54,0,0,0,1,0
36,360103,1,1,0,1,1,1,1,13,1610,1,3,2016,3,20,10,0,2,7,4,6,"MAIN ST","E 2ND ST",0,42.48704722,-79.32906389,0,8,0,0,3,2,0,1,3,2,0,2,0,"0000000",20,15,20,18,20,32,0,0,0,1,0
36,360104,1,1,0,0,0,1,1,65,6626,1,3,2016,3,20,41,0,1,7,3,5,"STOP SEVEN RD","",0,43.09468611,-75.38487222,0,42,0,0,1,1,0,4,3,1,0,1,0,"0000000",20,43,20,46,88,88,0,0,0,1,0
36,360105,1,1,0,1,1,1,1,61,4170,29,2,2016,2,8,34,0,2,7,4,6,"MADISON AVE","E 36TH ST",0,40.749075,-73.98199167,0,8,0,0,3,2,0,1,1,1,0,1,0,"0000000",8,35,8,38,99,99,0,0,0,1,0
36,360106,1,1,0,0,0,1,1,85,4170,3,3,2016,5,2,28,0,2,4,4,6,"NARROW RD S","LILY POND AVE",0,40.60105,-74.06492222,0,39,0,0,3,3,0,4,3,1,0,1,0,"0000000",2,28,99,99,99,99,0,0,0,1,0
36,360107,1,1,0,1,1,2,2,59,2160,20,2,2016,7,20,12,1,2,3,1,3,"SR-27 SUNRISE HWY","BENSON PL",0,40.65676667,-73.57846944,0,9,0,0,3,3,0,1,3,1,0,1,0,"0000000",20,12,20,19,20,33,0,0,0,1,0
36,360108,1,1,0,0,0,1,1,21,1173,4,3,2016,6,23,53,1,1,3,1,3,"SR-23","",0,42.209325,-73.64436944,0,42,0,0,1,1,0,4,2,1,0,1,0,"0000000",23,53,23,59,88,88,0,0,0,1,1
36,360109,1,1,0,0,0,1,1,103,2920,4,3,2016,6,2,3,1,1,2,1,3,"SR-908M SOUTHERN STATE PKWY","",0,40.75493611,-73.22253889,0,33,0,0,1,1,0,4,3,10,0,10,0,"0000000",2,3,2,6,2,19,0,0,0,1,0
36,360110,1,1,0,1,1,1,1,55,5230,5,3,2016,7,19,0,0,2,7,4,6,"LAKE AVE","PHELPS AVE",0,43.17164167,-77.62798611,0,8,0,0,3,3,0,1,3,10,0,10,0,"0000000",19,0,99,99,88,88,0,0,0,1,0
36,360111,1,1,0,0,0,1,1,5,4170,6,3,2016,1,11,29,0,2,3,4,6,"WESTCHESTER AVE","HUTCHINSON RIVER PKWY",0,40.84344167,-73.83682778,0,21,0,0,2,3,0,1,1,1,0,1,0,"0000000",11,29,11,30,99,99,0,0,0,1,0
36,360112,1,1,0,1,1,1,1,5,4170,10,3,2016,5,19,27,0,2,3,4,6,"JEROME AVE","",0,40.83521667,-73.92382222,0,8,0,0,1,1,0,1,3,1,0,1,0,"0000000",99,99,99,99,99,99,0,0,0,1,0
36,360113,2,2,0,0,0,2,2,59,2600,13,3,2016,1,8,45,0,2,4,1,3,"SR-105 JERUSALEM AVE","CAMPBELL RD",0,40.69380833,-73.50158333,0,12,2,0,3,3,0,1,1,1,0,1,0,"0000000",8,52,8,55,9,30,0,0,0,1,1
36,360114,1,1,0,1,1,2,2,61,4170,15,3,2016,3,4,32,1,2,3,4,6,"1ST AVE","E 92ND ST",0,40.78071667,-73.94659444,0,8,0,0,3,2,0,1,3,2,0,2,0,"0000000",4,34,4,40,4,59,0,0,0,1,0
36,360115,1,1,0,0,0,1,1,67,3082,4,3,2016,6,6,35,1,1,1,1,1,"I-81","",0,42.93477222,-76.12948889,0,1,0,0,1,1,0,1,4,10,0,10,0,"0000000",6,39,6,50,7,5,0,0,0,1,0
36,360116,2,2,0,0,0,2,2,29,3140,7,3,2016,2,11,44,1,1,3,1,3,"SR-33","",0,42.94597222,-78.66823611,0,12,2,0,1,1,0,1,1,1,0,1,0,"0000000",11,44,11,50,99,99,0,0,0,1,0
36,360117,1,1,0,1,1,1,1,103,705,1,2,2016,2,18,54,0,1,3,2,4,"CR-97","",0,40.81677778,-73.05391667,0,8,0,0,1,1,0,1,2,2,0,2,0,"0000000",99,99,99,99,88,88,0,0,0,1,0
36,360118,1,1,0,1,1,1,1,103,360,2,2,2016,3,3,53,1,1,3,1,3,"SR-231","HALE RD",0,40.72758889,-73.31982778,0,8,0,0,3,2,0,1,2,1,0,1,0,"0000000",3,54,4,4,88,88,0,0,0,1,0
36,360119,1,1,0,0,0,3,3,103,2840,2,2,2016,3,4,32,1,1,3,1,3,"SR-25A","MAKAMAH RD",0,40.90909167,-73.31393333,0,42,0,0,3,4,0,4,3,10,0,10,0,"0000000",4,42,4,46,5,31,0,0,0,2,1
36,360120,3,1,2,3,4,2,3,103,705,19,2,2016,6,20,21,0,2,7,3,5,"GRANNY RD","",0,40.84231667,-73.00460556,0,14,0,0,1,1,0,7,3,1,0,1,0,"0000000",99,99,99,99,99,99,0,0,0,2,1
36,360121,1,1,0,0,0,4,4,103,705,21,2,2016,1,2,37,0,1,7,3,5,"WADING RIVER HOLLOW RD","",0,40.87452778,-72.92269444,0,32,0,0,1,1,0,4,2,1,0,1,0,"0000000",99,99,99,99,99,99,0,0,0,1,1
36,360122,1,1,0,0,0,1,1,103,705,28,2,2016,1,7,10,0,2,4,1,3,"SR-27A MONTAUK HWY","",0,40.76613333,-73.00513056,0,42,0,0,1,1,0,4,1,1,0,1,0,"0000000",99,99,99,99,88,88,0,0,0,1,0
36,360123,1,1,0,0,0,1,1,55,4840,23,1,2016,7,2,20,0,1,7,3,5,"GOLF AVE","",0,43.09697778,-77.50100556,0,42,0,0,1,1,0,4,2,4,0,4,0,"0000000",2,20,2,25,3,20,0,0,0,1,0
36,360124,1,1,0,0,0,2,2,81,4170,10,2,2016,4,12,16,0,2,3,4,6,"CYPRESS HILLS ST","",0,40.69577778,-73.88588889,0,39,0,0,1,1,0,4,1,10,0,10,0,"0000000",99,99,99,99,99,99,0,0,0,1,0
36,360125,2,2,0,0,0,3,3,103,705,19,2,2016,6,23,2,1,2,3,1,3,"SR-25A","CHESTNUT ST",0,40.93556111,-73.01896111,0,12,6,0,2,2,0,1,3,1,0,1,0,"0000000",99,99,99,99,99,99,0,0,0,1,0
36,360126,2,2,0,0,0,3,3,83,5540,5,3,2016,7,20,25,0,1,3,1,3,"SR-67","",0,42.909,-73.57145556,0,12,6,0,1,1,0,1,2,1,0,1,0,"0000000",20,25,20,33,21,28,0,0,0,1,1
36,360127,1,1,0,1,1,1,1,81,4170,11,3,2016,6,8,17,0,2,7,4,6,"37TH AVE","113TH ST",0,40.75465556,-73.85481111,0,8,0,0,3,3,0,1,1,1,0,1,0,"0000000",8,17,99,99,99,99,0,0,0,1,0
36,360128,1,1,0,0,0,1,1,69,4770,13,3,2016,1,21,15,0,1,5,1,3,"SR-488","",0,42.91703611,-77.12790833,0,40,0,0,1,1,0,4,2,10,0,10,0,"0000000",21,15,21,24,88,88,0,0,0,1,1
36,360129,1,1,0,1,1,4,4,103,2920,13,3,2016,1,21,40,0,2,7,1,3,"SR-111 ISLIP AVE","CHESTNUT ST",0,40.76428333,-73.210375,0,8,0,0,3,3,0,1,3,10,0,10,0,"0000000",21,42,21,45,22,15,0,0,0,1,0
36,360130,1,1,0,0,0,1,1,105,1805,9,3,2016,4,11,16,0,1,5,1,3,"SR-97","OLD DRYBROOK RD",0,41.48416389,-74.93675833,0,42,0,0,1,1,0,4,1,1,0,1,0,"0000000",11,17,11,27,88,88,0,0,0,1,0
36,360131,1,1,0,0,0,1,1,19,4880,7,3,2016,2,14,30,1,2,3,1,2,"US-9","",0,44.65768889,-73.44296389,0,42,0,0,1,1,0,4,1,10,0,10,0,"0000000",99,99,14,45,15,12,0,0,0,1,0
36,360132,3,3,0,0,0,8,8,69,1961,11,3,2016,6,15,10,0,1,7,2,4,"CR-28","SHORTSVILLE RD",0,42.95600556,-77.2769,0,12,6,0,2,2,0,1,1,1,0,1,0,"0000000",15,12,15,15,16,10,0,0,0,2,0
36,360133,1,1,0,1,1,1,1,7,3064,12,3,2016,7,23,0,1,1,3,1,2,"US-11","",0,42.09788889,-75.83333889,0,8,0,0,1,1,0,1,2,1,0,1,0,"0000000",23,5,23,11,23,34,0,0,0,1,0
36,360134,1,1,0,0,0,1,1,45,6063,18,3,2016,6,8,37,0,1,3,1,3,"SR-12E","",0,44.08070833,-76.20830833,0,35,0,0,1,1,0,4,1,4,0,4,0,"0000000",8,37,8,48,88,88,0,0,0,1,1
36,360135,2,2,0,0,0,6,6,115,9997,20,3,2016,1,9,59,0,1,7,3,5,"TURNPIKE RD","CENTER RD",0,42.982,-73.39360278,0,12,2,0,2,2,0,1,1,1,0,1,0,"0000000",9,59,10,5,11,22,0,0,0,1,0
36,360136,2,2,0,0,0,2,2,29,750,26,2,2016,6,22,30,0,2,4,4,6,"GRIDER ST","E DELAVAN AVE",0,42.92216389,-78.82915556,0,12,6,0,2,2,0,1,3,10,0,10,0,"0000000",22,35,22,36,22,47,0,0,0,1,0
36,360137,1,1,0,0,0,2,2,29,750,29,2,2016,2,15,50,0,2,7,4,6,"MENDOLA AVE","DEERFIELD AVE",0,42.93170556,-78.8268,0,42,0,0,3,2,0,4,1,1,0,1,0,"0000000",99,99,99,99,99,99,0,0,0,1,0
36,360138,1,1,0,1,1,1,1,119,6670,19,3,2016,7,21,49,0,2,3,4,3,"SR-907H BRONX RIVER PKWY","CENTRAL AVE",0,41.03659722,-73.77794722,0,8,0,0,3,2,0,1,3,1,0,1,0,"0000000",21,49,21,51,99,99,0,0,0,1,0
36,360139,4,3,1,0,6,8,14,29,750,5,3,2016,7,2,0,0,2,7,4,6,"E EAGLE ST","",0,42.88315556,-78.86826389,0,14,0,0,1,1,0,7,3,1,0,1,0,"0000000",99,99,99,99,99,99,0,0,0,1,1
36,360140,1,1,0,1,1,1,1,61,4170,19,3,2016,7,3,36,0,2,7,4,6,"1ST AVE","E 17TH ST",0,40.73325,-73.98115278,0,8,0,0,3,3,0,1,3,1,0,1,0,"0000000",99,99,99,99,99,99,0,0,0,1,0
36,360141,1,1,0,0,0,3,3,81,4170,20,3,2016,1,22,57,1,2,2,1,3,"SR-907M GRAND CENTRAL PKWY","",0,40.77163611,-73.87119444,0,24,0,0,1,1,0,3,3,4,0,4,0,"0000000",99,99,99,99,99,99,0,0,0,1,1
36,360142,1,1,0,0,0,1,1,89,1292,21,3,2016,2,7,15,1,1,3,1,3,"SR-3","",0,44.28426111,-74.7337,0,35,0,0,1,1,0,4,1,1,0,1,0,"0000000",7,15,7,36,88,88,0,0,0,1,0
36,360143,1,1,0,0,0,2,2,59,4600,25,3,2016,6,4,50,0,1,7,3,5,"SHORE RD","",0,40.83278333,-73.64931944,0,30,0,0,1,1,0,4,3,10,0,10,0,"0000000",4,57,5,4,99,99,0,0,0,1,1
36,360144,2,2,0,0,0,2,2,63,4330,25,3,2016,6,9,6,0,2,3,1,3,"SR-265 RIVER RD","SR-384 MAIN ST",0,43.02954444,-78.88020556,0,12,1,0,3,4,0,1,1,10,0,10,0,"0000000",9,6,9,8,88,88,0,0,0,1,0
36,360145,2,2,0,0,0,2,2,11,4920,25,3,2016,6,19,0,0,1,3,3,3,"SR-31","",0,43.03455556,-76.63619722,0,12,2,0,1,1,0,1,5,10,0,10,0,"0000000",19,1,19,9,19,40,0,0,0,1,0
36,360146,1,1,0,0,0,1,1,55,2495,16,3,2016,4,20,39,0,1,5,1,3,"SR-18 ROOSEVELT HWY","",0,43.29768611,-77.98287222,0,53,0,0,1,1,0,4,2,10,0,10,0,"0000000",20,41,20,51,88,88,0,0,0,1,0
36,360147,2,2,0,0,0,2,2,59,4600,28,3,2016,2,7,45,1,1,1,1,1,"I-495","",0,40.79846944,-73.479275,0,24,0,0,1,1,0,4,1,2,0,2,0,"0000000",7,46,7,52,8,29,0,0,0,1,0
36,360148,1,1,0,0,0,2,2,111,6491,13,3,2016,1,20,59,0,1,7,3,4,"CR-52","",0,41.76391389,-74.45849167,0,42,0,0,1,1,0,4,2,10,0,10,0,"0000000",20,59,21,6,21,47,0,0,0,1,1
36,360149,3,1,2,0,0,1,1,5,4170,26,3,2016,7,21,6,0,2,7,4,6,"ALLERTON AVE","",0,40.86552778,-73.86378333,0,14,0,0,1,1,0,7,3,1,0,1,0,"0000000",21,6,99,99,99,99,0,0,0,1,1
36,360150,1,1,0,1,1,1,1,13,2950,30,3,2016,4,14,20,0,2,4,4,9,"W 3RD ST","LAKIN AVE",0,42.09352778,-79.25868889,0,8,0,0,3,2,0,1,1,10,0,10,0,"0000000",14,22,14,26,14,48,0,0,0,1,0
36,360151,2,2,0,0,0,2,2,45,10,23,3,2016,4,16,41,0,1,7,3,5,"FULLER RD","",0,43.840775,-75.98321944,0,12,2,0,1,1,0,1,1,10,0,10,0,"0000000",16,41,16,46,88,88,0,0,0,2,0
36,360152,1,1,0,1,1,1,1,61,4170,26,3,2016,7,17,50,0,2,7,4,6,"MADISON AVE","",0,40.786575,-73.95462222,0,8,0,0,1,1,0,1,1,10,0,10,0,"0000000",99,99,99,99,99,99,0,0,0,1,0
36,360153,1,1,0,0,0,3,3,63,4210,31,3,2016,5,18,52,1,1,2,1,3,"SR-951A LASALLE EXPY","",0,43.07550556,-78.94933333,0,59,0,0,1,1,0,4,1,10,0,10,0,"0000000",19,2,19,8,19,28,0,0,0,1,0
36,360154,1,1,0,0,0,2,2,5,4170,28,2,2016,1,11,40,0,2,7,4,6,"W 164TH ST","WOODYCREST AVE",0,40.83254444,-73.92814167,0,18,0,0,3,2,0,4,1,1,0,1,0,"0000000",99,99,99,99,99,99,0,0,0,1,0
36,360155,1,1,0,1,1,2,2,81,4170,5,4,2016,3,8,57,0,2,7,4,6,"35TH AVE","PRINCE ST",0,40.76407222,-73.83333889,0,8,0,0,3,2,0,1,1,1,0,1,0,"0000000",8,57,99,99,99,99,0,0,0,1,0
36,360156,3,3,0,0,0,5,5,91,389,25,3,2016,6,15,32,1,1,3,1,3,"SR-50 SARATOGA RD","",0,42.96298889,-73.86322778,0,12,6,0,1,1,0,1,1,1,0,1,0,"0000000",15,32,15,42,19,12,0,0,0,1,0
36,360157,1,1,0,0,0,4,4,107,406,15,3,2016,3,15,5,0,1,7,2,4,"CR-102","",0,42.1389,-76.52321389,0,42,0,0,1,1,0,4,1,10,0,10,0,"0000000",15,5,15,24,99,99,0,0,0,1,1
36,360158,1,1,0,1,1,1,1,81,4170,6,4,2016,4,21,56,0,2,7,4,6,"21ST ST","30TH RD",0,40.76896667,-73.928525,0,8,0,0,3,2,0,1,3,1,0,1,0,"0000000",99,99,99,99,99,99,0,0,0,1,0
36,360159,3,3,0,0,0,15,15,51,3930,4,4,2016,2,8,6,0,1,3,1,3,"SR-36 SONYEA RD","",0,42.70438333,-77.85965,0,12,2,0,1,1,0,1,1,4,0,4,0,"0000000",99,99,99,99,99,99,0,0,0,1,0
36,360160,1,1,0,0,0,1,1,103,1050,4,2,2016,5,23,25,1,2,3,1,3,"SR-454","",0,40.81078056,-73.18726389,0,24,0,0,1,1,0,3,3,2,0,2,0,"0000000",99,99,99,99,99,99,0,0,0,1,0
36,360161,1,1,0,0,0,1,1,81,4170,7,4,2016,5,6,50,0,2,7,4,6,"14TH RD","",0,40.78842778,-73.79082222,0,1,0,0,1,1,0,1,3,98,0,98,0,"0000000",99,99,99,99,99,99,0,0,0,1,0
36,360162,1,1,0,0,0,1,1,3,190,20,2,2016,7,20,41,0,1,7,3,4,"CR-22","",0,42.096375,-77.78111389,0,34,0,0,1,1,0,4,2,10,0,10,0,"0000000",20,53,20,57,88,88,0,0,0,1,0
36,360163,1,1,0,1,1,1,1,103,2920,26,2,2016,6,20,8,0,2,7,3,5,"BRENTWOOD RD","",0,40.73866667,-73.2387,0,8,0,0,1,1,0,1,3,1,0,1,0,"0000000",20,1,99,99,99,99,0,0,0,1,0
36,360164,2,2,0,0,0,2,2,103,705,23,2,2016,3,13,18,1,2,3,3,3,"SR-25A","",0,40.94404722,-72.84878056,0,12,2,0,1,1,0,1,1,2,0,2,0,"0000000",99,99,99,99,99,99,0,0,0,1,0
36,360165,1,1,0,1,1,1,1,103,2920,29,2,2016,2,18,45,0,2,7,3,5,"BRENTWOOD RD","NEVADA AVE",0,40.73991667,-73.23918333,0,8,0,0,1,1,0,1,2,1,0,1,0,"0000000",99,99,99,99,88,88,0,0,0,1,0
36,360166,2,2,0,0,0,3,3,103,705,11,3,2016,6,17,57,0,2,7,3,5,"TITMUS DR","MONTAUK HWY",0,40.8045,-72.85119722,0,33,0,0,3,2,0,4,1,1,0,1,0,"0000000",99,99,99,99,99,99,0,0,0,1,0
36,360167,2,2,0,0,0,2,2,103,360,17,3,2016,5,7,10,0,2,7,3,5,"STRAIGHT PATH","49TH ST",0,40.70091111,-73.38900556,0,12,6,0,2,2,0,1,1,1,0,1,0,"0000000",7,13,7,15,7,52,0,0,0,1,0
36,360168,2,2,0,0,0,2,2,103,360,18,3,2016,6,6,48,0,2,7,3,5,"STRAIGHT PATH","",0,40.76815278,-73.35013889,0,12,2,0,1,1,0,1,1,1,0,1,0,"0000000",6,50,6,55,99,99,0,0,0,1,0
36,360169,1,1,0,0,0,1,1,59,2600,19,3,2016,7,8,34,1,1,2,1,3,"SR-908M SOUTHERN STATE PKWY","",0,40.69335833,-73.54709722,0,24,0,0,1,1,0,3,1,1,0,1,0,"0000000",8,32,8,39,9,4,0,0,0,1,0
36,360170,1,1,0,0,0,1,1,11,4920,24,3,2016,5,6,50,0,1,7,3,5,"N MAIN STREET RD","NEW YORK CENTRAL RD",0,43.05246667,-76.62328889,0,10,0,0,6,1,0,1,4,10,0,10,0,"507338P",7,30,10,0,88,88,0,0,0,1,0
36,360171,1,1,0,0,0,1,1,43,4425,24,3,2016,5,8,41,1,1,3,1,3,"SR-8","",0,43.31222222,-74.96954722,0,42,0,0,1,1,0,4,2,4,0,4,0,"0000000",9,45,10,45,88,88,0,0,0,1,0
36,360172,2,2,0,0,0,4,4,81,4170,11,3,2016,6,13,53,1,2,3,1,3,"SR-907M","",0,40.7445,-73.73130556,0,54,11,0,1,1,0,1,1,1,0,1,0,"0000000",99,99,99,99,99,99,14,0,0,1,0
36,360173,1,1,0,0,0,4,4,75,3700,26,3,2016,7,19,17,0,1,7,3,5,"ROWE RD","",0,43.44919444,-76.18596111,0,34,0,0,1,1,0,4,1,1,0,1,0,"0000000",19,17,19,28,20,9,0,0,0,1,1
36,360174,3,3,0,0,0,3,3,1,50,30,3,2016,4,16,5,1,2,1,1,1,"I-90","",0,99.9999,999.9999,0,24,0,0,1,1,0,4,3,1,0,1,0,"0000000",16,5,16,15,16,45,0,0,0,1,0
36,360175,2,2,0,0,0,3,3,111,3531,3,4,2016,1,17,10,1,1,3,1,2,"US-209","",0,41.89138611,-74.10140278,0,12,2,0,1,1,0,1,1,1,0,1,0,"0000000",17,11,17,25,17,47,0,0,0,1,0
36,360176,2,2,0,0,0,3,3,43,2120,3,4,2016,1,13,12,0,1,5,3,4,"CR-186 HIGBY RD","",0,99.9999,999.9999,0,12,2,0,1,1,0,1,1,10,0,10,0,"0000000",13,52,15,0,16,20,0,0,0,1,0
36,360177,2,2,0,0,0,2,2,63,4210,7,3,2016,2,20,42,0,2,7,4,6,"HIGHLAND AVE","PROFIT LANE",0,43.11760556,-79.04699722,0,12,99,0,2,2,0,1,3,1,0,1,0,"0000000",20,43,20,46,21,4,0,0,0,1,0
36,360178,1,1,0,0,0,1,1,117,4492,4,4,2016,2,22,28,0,1,7,3,5,"FISHER RD","",0,43.22285556,-77.25201389,0,42,0,0,1,1,0,4,2,10,0,10,0,"0000000",22,29,22,35,88,88,0,0,0,1,0
36,360179,1,1,0,0,0,1,1,29,1117,19,3,2016,7,0,10,0,2,7,3,5,"CR-207 WILLIAM ST","ROSSLER AVE",0,42.88456667,-78.79470833,0,38,0,0,3,3,0,4,3,1,0,1,0,"0000000",15,23,15,50,88,88,0,0,0,1,1