"STATE","ST_CASE","VE_TOTAL","VE_FORMS","PVH_INVL","PEDS","PERNOTMVIT","PERMVIT","PERSONS","COUNTY","CITY","DAY","MONTH","YEAR","DAY_WEEK","HOUR","MINUTE","NHS","RUR_URB","FUNC_SYS","RD_OWNER","ROUTE","TWAY_ID","TWAY_ID2","MILEPT","LATITUDE","LONGITUD","SP_JUR","HARM_EV","MAN_COLL","RELJCT1","RELJCT2","TYP_INT","WRK_ZONE","REL_ROAD","LGT_COND","WEATHER1","WEATHER2","WEATHER","SCH_BUS","RAIL","NOT_HOUR","NOT_MIN","ARR_HOUR","ARR_MIN","HOSP_HR","HOSP_MN","CF1","CF2","CF3","FATALS","DRUNK_DR"
36,360180,2,2,0,0,0,2,2,1,2464,4,4,2016,2,10,21,1,1,3,1,3,"SR-155","",0,42.67639444,-73.90854722,0,12,6,0,1,1,0,1,1,4,0,4,0,"0000000",10,21,10,25,99,99,0,0,0,1,0
36,360181,2,2,0,0,0,2,2,93,1592,7,4,2016,5,9,54,1,1,3,1,2,"US-20","GIFFORDS CHURCH RD",0,42.75046944,-74.04782778,0,12,6,0,3,3,0,1,1,1,0,1,0,"0000000",9,54,10,1,10,36,0,0,0,1,0
36,360182,1,1,0,1,1,1,1,5,4170,7,4,2016,5,4,19,1,2,1,1,1,"I-87","",0,40.81284444,-73.931425,0,8,0,0,1,1,1,1,2,1,0,1,0,"0000000",99,99,99,99,99,99,0,0,0,1,0
36,360183,3,3,0,1,1,4,4,59,4600,7,4,2016,5,2,9,1,1,1,1,1,"I-495 LONG ISLAND EXPY","",0,40.78462778,-73.53619444,0,12,7,0,1,1,0,1,3,1,0,1,0,"0000000",2,11,2,12,88,88,23,0,0,1,1
36,360184,1,1,0,1,1,1,1,103,2920,13,1,2016,4,17,0,0,2,7,3,4,"CR-17","ELMORE ST",0,40.78427778,-73.20059722,0,8,0,0,3,2,0,1,3,10,0,10,0,"0000000",99,99,99,99,99,99,0,0,0,1,0
36,360185,1,1,0,1,1,1,1,103,5810,8,4,2016,6,22,29,0,2,5,3,4,"CR-39","",0,40.89311389,-72.42466944,0,8,0,0,1,1,0,1,3,1,0,1,0,"0000000",22,30,22,32,99,99,0,0,0,1,0
36,360186,1,1,0,1,1,1,1,9,6648,11,4,2016,2,17,15,0,1,7,2,4,"CR-55","RILEY RD",0,42.44414722,-78.60983611,0,9,0,0,2,3,0,1,1,2,0,2,0,"0000000",17,15,17,30,99,99,0,0,0,1,0
36,360187,1,1,0,0,0,1,1,51,350,12,4,2016,3,19,46,0,1,7,3,5,"N LITTLEVILLE RD","",0,42.89871111,-77.75503333,0,24,0,0,1,1,0,4,5,10,0,10,0,"0000000",19,46,19,53,20,39,0,0,0,1,0
36,360188,2,2,0,0,0,2,2,81,4170,9,4,2016,7,3,43,0,2,4,4,6,"COOPER AVE","",0,40.70751111,-73.87374722,0,12,2,0,1,1,0,1,3,1,0,1,0,"0000000",3,45,3,48,99,99,0,0,0,1,1
36,360189,2,2,0,0,0,2,2,89,2330,1,4,2016,6,19,17,0,1,7,3,5,"ISLAND BRANCH RD","",0,44.31180278,-75.44151667,0,12,2,0,1,1,0,1,5,1,0,1,0,"0000000",19,17,19,24,20,30,0,0,0,1,0
36,360190,1,1,0,1,1,1,1,85,4170,12,4,2016,3,9,48,1,2,3,4,6,"HYLAN BLVD","WIMAN AVE",0,40.54102778,-74.14715556,0,8,0,0,3,2,0,1,1,2,0,2,0,"0000000",99,99,99,99,99,99,0,0,0,1,0
36,360191,1,1,0,1,1,1,1,47,4170,15,4,2016,6,8,34,0,2,7,4,6,"CLASSON AVE","LEXINGTON AVE",0,40.68666667,-73.95955833,0,9,0,0,2,2,0,1,1,1,0,1,0,"0000000",99,99,99,99,99,99,0,0,0,1,0
36,360192,2,2,0,0,0,4,4,29,1275,12,4,2016,3,14,11,0,1,7,2,4,"CR-33","",0,42.66258056,-78.62305,0,12,1,0,8,1,0,1,1,10,0,10,0,"0000000",14,11,14,19,99,99,0,0,0,1,0
36,360193,2,2,0,0,0,4,4,53,6004,1,4,2016,6,15,19,0,1,3,3,3,"SR-31","",0,43.15469722,-75.93526667,0,53,0,0,1,1,0,4,1,10,0,10,0,"0000000",15,20,15,31,15,47,0,0,0,1,0
36,360194,1,1,0,0,0,1,1,75,2200,16,4,2016,7,23,4,0,1,7,3,4,"CR-85","RIDGE RD",0,43.36300278,-76.49094167,0,1,0,0,3,3,0,1,2,1,0,1,0,"0000000",23,4,23,11,88,88,0,0,0,1,1
36,360195,1,1,0,1,1,2,2,81,4170,17,4,2016,1,13,18,0,2,6,4,6,"PARK LN S","FOREST PARK WAY",0,40.71146389,-73.83571111,0,15,0,0,2,3,0,1,1,1,0,1,0,"0000000",13,19,13,26,99,99,0,0,0,1,0
36,360196,1,1,0,1,1,1,1,13,1232,17,4,2016,1,8,20,0,1,7,3,5,"GRIFFIN RD","",0,42.079125,-79.74188333,0,8,0,0,8,1,0,1,1,1,0,1,0,"0000000",8,23,8,27,88,88,0,0,0,1,1
36,360197,1,1,0,0,0,2,2,59,4450,16,4,2016,7,19,12,0,1,7,3,5,"STORE HILL RD","",0,40.78296667,-73.59156389,0,42,0,0,1,1,0,4,5,1,0,1,0,"0000000",99,99,99,99,99,99,0,0,0,1,0
36,360198,1,1,0,0,0,1,1,53,1762,17,4,2016,1,10,47,1,1,3,1,2,"US-20","",0,42.90086667,-75.66156944,0,11,0,0,1,1,0,1,1,1,0,1,0,"0000000",10,48,10,53,11,37,0,0,0,1,0
36,360199,1,1,0,1,1,1,1,27,147,18,4,2016,2,16,12,1,1,3,1,3,"SR-22","",0,41.76185,-73.57930278,0,9,0,0,1,1,0,2,1,1,0,1,0,"0000000",16,12,16,15,16,50,0,0,0,1,0
36,360200,2,2,0,0,0,5,5,11,2011,9,4,2016,7,1,5,0,1,4,1,3,"SR-34","",0,42.89276111,-76.57438056,0,12,6,0,1,1,0,1,2,10,0,10,0,"0000000",1,7,1,14,1,42,0,0,0,1,1
36,360201,1,1,0,4,4,1,1,59,2600,20,4,2016,4,16,58,0,2,7,3,5,"LINDEN AVE","LAUREL AVE",0,40.69724444,-73.62472222,0,8,0,0,3,2,0,1,1,1,0,1,0,"0000000",16,58,17,3,17,22,0,0,0,1,0
36,360202,2,2,0,0,0,2,2,39,4045,18,4,2016,2,14,42,1,2,3,3,2,"US-9W","AQUETUCK RD",0,42.44994722,-73.81612222,0,12,6,0,2,3,0,1,1,1,0,1,0,"0000000",14,42,14,52,99,99,0,0,0,1,0
36,360203,1,1,0,0,0,1,1,67,6010,24,1,2016,1,0,14,1,1,3,1,3,"SR-5","",0,99.9999,999.9999,0,24,0,0,1,1,0,3,2,1,0,1,0,"0000000",0,16,0,48,0,57,0,0,0,1,1
36,360204,1,1,0,1,1,1,1,47,4170,20,4,2016,4,7,59,0,2,7,4,6,"6TH AVE","STERLING PL",0,40.67808333,-73.97618611,0,9,0,0,2,2,0,1,1,1,0,1,0,"0000000",8,0,8,2,88,88,0,0,0,1,0
36,360205,1,1,0,0,0,1,1,103,705,6,3,2016,1,18,2,1,2,3,3,3,"SR-25A","",0,40.94613611,-72.89316667,0,30,0,0,1,1,0,4,3,1,0,1,0,"0000000",99,99,99,99,99,99,0,0,0,1,0
36,360206,2,2,0,0,0,2,2,111,5480,28,2,2016,1,10,27,1,1,3,1,3,"SR-32","CR-32 GLASCO TURNPIKE",0,42.04335278,-73.95337222,0,12,6,0,2,2,0,1,1,1,0,1,0,"0000000",10,27,10,33,11,12,0,0,0,1,0
36,360207,2,2,0,0,0,2,2,103,705,11,3,2016,6,18,5,0,2,5,3,4,"CR-101","",0,40.77334444,-72.980325,0,12,6,0,1,1,0,1,5,1,0,1,0,"0000000",99,99,99,99,99,99,20,0,0,1,0
36,360208,1,1,0,0,0,1,1,81,4170,20,4,2016,4,11,41,0,2,3,4,6,"WHITESTONE EXP.","I-678",0,40.76249167,-73.83941944,0,25,0,1,5,1,0,8,1,1,0,1,0,"0000000",99,99,99,99,99,99,0,0,0,1,0
36,360209,1,1,0,0,0,1,1,59,2600,27,3,2016,1,0,37,1,1,3,1,3,"SR-908M SOUTHERN STATE PKWY","",0,40.69452222,-73.54193611,0,59,0,0,1,1,0,4,3,1,0,1,0,"0000000",0,37,0,45,88,88,0,0,0,1,0
36,360210,2,2,0,0,0,5,5,83,6110,17,4,2016,1,13,26,0,2,7,4,6,"CONGRESS ST","",0,42.72474722,-73.6813,0,12,2,0,8,1,0,1,1,1,0,1,0,"0000000",99,99,99,99,99,99,0,0,0,1,0
36,360211,2,2,0,0,0,2,2,7,3064,1,4,2016,6,12,52,1,1,1,1,1,"I-86","",0,42.10022222,-75.79688889,0,12,2,0,1,1,0,1,1,10,0,10,0,"0000000",12,53,13,0,16,0,0,0,0,1,0
36,360212,1,1,0,1,1,1,1,27,5030,21,4,2016,5,17,14,0,2,7,4,6,"MANSION ST","",0,41.70668611,-73.92519722,0,8,0,0,1,1,0,1,1,1,0,1,0,"0000000",17,14,17,21,99,99,21,0,0,1,0
36,360213,1,1,0,0,0,1,1,81,4170,6,3,2016,1,5,20,0,1,2,1,3,"SR-907M","",0,40.72666667,-73.83573056,0,42,0,0,5,1,0,4,3,1,0,1,0,"0000000",99,99,99,99,99,99,0,0,0,1,0
36,360214,1,1,0,1,1,1,1,59,2600,21,4,2016,5,15,40,0,2,7,3,5,"OLD COUNTRY RD","CHERRY LANE",0,40.74476389,-73.60622222,0,8,0,0,3,3,0,1,1,1,0,1,0,"0000000",15,41,15,42,88,88,0,0,0,1,0
36,360215,2,2,0,0,0,5,5,59,2600,17,4,2016,1,3,41,1,1,3,1,3,"SR-908M SOUTHERN STATE PKWY","",0,99.9999,999.9999,0,12,1,0,1,1,0,1,3,1,0,1,0,"0000000",3,42,3,45,99,99,0,0,0,1,0
36,360216,1,1,0,1,1,1,1,47,4170,14,4,2016,5,18,26,0,2,7,4,6,"MACDONOUGH ST","BOYLAND ST",0,40.68360556,-73.91461944,0,8,0,0,3,2,0,1,1,1,0,1,0,"0000000",99,99,99,99,99,99,0,0,0,1,0
36,360217,1,1,0,0,0,1,1,71,5742,18,4,2016,2,3,20,1,1,3,1,2,"US-6","",0,41.38872222,-74.49984167,0,17,0,0,1,1,0,4,2,10,0,10,0,"0000000",3,20,3,37,88,88,0,0,0,1,0
36,360218,2,2,0,0,0,3,3,73,60,22,4,2016,6,14,40,1,1,3,1,3,"SR-31","",0,43.22526667,-78.28796667,0,12,6,0,8,1,0,1,1,2,0,2,0,"0000000",14,40,14,44,15,45,0,0,0,1,0
36,360219,2,2,0,0,0,3,3,59,2600,23,4,2016,7,4,16,1,2,3,3,3,"SR-24","LINCOLN RD",0,40.70696944,-73.67068333,0,12,1,0,3,3,0,1,3,2,0,2,0,"0000000",99,99,99,99,99,99,0,0,0,1,1
36,360220,6,1,5,0,0,1,1,59,2600,24,4,2016,1,20,26,0,2,7,3,5,"LAKEVIEW AVE","WATERVIEW DR",0,40.66834167,-73.65419167,0,14,0,0,3,3,0,4,3,1,0,1,0,"0000000",20,28,20,32,88,88,0,0,0,1,0
36,360221,1,1,0,0,0,1,1,63,4330,24,4,2016,1,17,52,0,2,3,1,3,"SR-425 TWIN CITY MEMORIAL HWY","",0,43.04006667,-78.86531389,0,33,0,0,1,1,0,4,1,1,0,1,0,"0000000",17,52,17,55,18,15,0,0,0,1,0
36,360223,1,1,0,0,0,1,1,1,2464,12,4,2016,3,0,40,1,2,3,3,2,"US-20","SCHOOLHOUSE RD",0,42.68275278,-73.843225,0,24,0,0,3,3,0,4,3,2,0,2,0,"0000000",0,43,0,45,88,88,0,0,0,1,0
36,360224,1,1,0,1,1,1,1,5,4170,27,4,2016,4,8,52,0,2,5,4,6,"SOUTHERN BLVD","",0,40.86676944,-73.88109444,0,9,0,0,8,1,0,1,1,1,0,1,0,"0000000",99,99,99,99,99,99,0,0,0,1,0
36,360225,2,2,0,0,0,2,2,59,4090,28,4,2016,5,18,26,0,2,7,3,5,"ROSLYN RD","",0,40.77038056,-73.636875,0,12,2,0,1,1,0,1,1,10,0,10,0,"0000000",18,28,18,35,88,88,0,0,0,1,0
36,360226,1,1,0,0,0,1,1,99,4570,29,4,2016,6,0,4,0,1,7,3,4,"CR-139","",0,42.66908889,-76.80449167,0,34,0,0,1,1,0,4,2,1,0,1,0,"0000000",0,24,0,46,2,10,0,0,0,1,1
36,360227,2,2,0,0,0,4,4,5,4170,30,4,2016,7,19,45,1,2,3,4,6,"WEBSTER AVE","",0,40.88690556,-73.86779722,0,12,6,0,1,1,0,1,3,1,0,1,0,"0000000",99,99,99,99,99,99,0,0,0,1,0
36,360228,1,1,0,0,0,2,2,71,6163,30,4,2016,7,5,25,0,1,7,3,5,"LONG MEADOW RD","",0,41.21524167,-74.22734167,0,1,0,0,1,1,0,4,2,10,0,10,0,"0000000",5,25,5,48,99,99,0,0,0,1,0
36,360229,2,2,0,0,0,3,3,29,2485,30,4,2016,7,13,37,1,1,3,3,2,"US-20","HELTZ RD",0,42.71046111,-78.91498056,0,12,6,0,2,2,0,1,1,1,0,1,0,"0000000",13,38,13,43,99,99,0,0,0,1,0
36,360230,1,1,0,1,1,1,1,61,4170,1,5,2016,1,19,58,0,2,3,4,6,"W 57TH ST","",0,40.765325,-73.97951389,0,8,0,0,1,1,0,1,3,2,0,2,0,"0000000",19,58,20,5,20,25,0,0,0,1,0
36,360231,1,1,0,0,0,1,1,87,2580,2,5,2016,2,5,55,1,1,3,1,3,"SR-987C PALISADES INTERSTATE P","",0,41.189775,-74.03789167,0,33,0,0,1,1,0,3,4,10,0,10,0,"0000000",6,3,99,99,88,88,0,0,0,1,0
36,360232,1,1,0,1,1,2,2,27,147,3,5,2016,3,20,34,1,2,3,1,3,"SR-22","",0,41.84903333,-73.55732778,0,8,0,0,1,1,0,1,3,2,0,2,0,"0000000",20,34,20,41,21,0,0,0,0,1,0
36,360233,1,1,0,0,0,1,1,81,4170,2,5,2016,2,10,35,1,2,2,1,3,"SR-907A","",0,40.66647222,-73.807475,0,26,0,0,1,1,1,1,1,1,0,1,0,"0000000",10,37,99,99,99,99,0,0,0,1,0
36,360234,1,1,0,0,0,2,2,47,4170,6,5,2016,6,11,9,0,2,7,4,6,"E 98TH ST","GLENWOOD RD",0,40.64573889,-73.90144167,0,30,0,0,3,3,0,4,1,2,0,2,0,"0000000",99,99,99,99,99,99,0,0,0,2,0
36,360235,2,2,0,0,0,7,7,1,2464,5,5,2016,5,13,11,1,2,3,1,2,"US-20 WESTERN AVE","I-87",0,42.68340278,-73.844725,0,12,6,1,2,3,0,1,1,1,0,1,0,"0000000",99,99,99,99,13,28,0,0,0,1,0
36,360236,1,1,0,0,0,5,5,3,1046,7,5,2016,7,1,4,0,1,7,3,5,"DOW RD","",0,42.48349167,-78.23783611,0,30,0,0,1,1,0,4,2,10,0,10,0,"0000000",1,12,1,23,2,47,0,0,0,1,1
36,360237,1,1,0,1,1,1,1,81,4170,8,5,2016,1,2,34,0,2,7,4,6,"115TH AVE","131ST ST",0,40.67979722,-73.80985,0,8,0,0,2,2,0,1,3,10,0,10,0,"0000000",2,34,2,38,88,88,0,0,0,1,0
36,360238,2,2,0,0,0,4,4,7,1880,8,5,2016,1,15,6,0,1,4,3,4,"CR-45 E MAINE RD","",0,42.15306667,-75.96275,0,12,6,0,1,1,0,1,1,1,0,1,0,"0000000",15,6,15,13,99,99,0,0,0,1,0
36,360239,1,1,0,0,0,1,1,101,1360,7,5,2016,7,15,33,1,1,1,1,1,"I-86","",0,42.15950278,-77.05618611,0,24,0,1,5,1,0,1,1,1,0,1,0,"0000000",15,33,15,37,88,88,0,0,0,1,1
36,360240,4,2,2,1,1,2,2,47,4170,9,5,2016,2,21,53,1,2,3,4,6,"AVE P","E 12TH ST",0,40.61011667,-73.96137222,0,12,6,0,3,2,0,1,3,1,0,1,0,"0000000",99,99,99,99,99,99,0,0,0,1,0
36,360241,1,1,0,0,0,4,4,59,2600,8,5,2016,1,21,52,0,2,7,3,5,"PENINSULA BLVD","AVON RD",0,40.64760833,-73.69335278,0,42,0,0,3,3,0,4,3,1,0,1,0,"0000000",21,52,21,54,1,0,0,0,0,1,0
36,360242,1,1,0,1,1,1,1,5,4170,9,5,2016,2,23,6,1,2,3,1,3,"SR-907H BRONX RIVER PKWY","",0,40.85401111,-73.87196667,0,8,0,0,1,1,0,1,3,1,0,1,0,"0000000",99,99,99,99,99,99,0,0,0,1,0
36,360243,1,1,0,0,0,4,4,67,6010,7,3,2016,2,2,34,1,2,3,4,3,"SR-5","",0,43.053375,-76.1075,0,42,0,0,1,1,0,3,3,1,0,1,0,"0000000",2,36,2,42,2,57,0,0,0,3,1
36,360244,1,1,0,1,1,1,1,47,4170,10,5,2016,3,21,25,1,2,1,1,1,"I-278 GOWANUS EXPY","",0,40.61976944,-74.02331667,0,8,0,0,1,1,0,1,3,1,0,1,0,"0000000",21,25,99,99,99,99,0,0,0,1,0
36,360245,2,1,1,1,1,1,1,61,4170,10,5,2016,3,10,32,1,2,3,4,6,"3RD AVE","E 71ST ST",0,40.76906667,-73.96109722,0,8,0,0,3,2,0,1,1,1,0,1,0,"0000000",10,33,10,36,10,45,0,0,0,1,0
36,360246,2,2,0,0,0,3,3,103,5270,3,4,2016,1,21,3,0,2,7,3,5,"OCEAN AVE","LAKELAND AVE",0,40.79780833,-73.12225556,0,12,6,0,2,4,0,1,3,10,0,10,0,"0000000",99,99,99,99,99,99,0,0,0,2,0
36,360247,3,2,1,0,0,2,2,59,2600,11,5,2016,4,0,7,1,2,3,3,3,"SR-24","",0,40.70504444,-73.64560833,0,12,6,0,1,1,0,1,3,10,0,10,0,"0000000",0,9,0,12,0,24,0,0,0,1,0
36,360248,1,1,0,1,1,1,1,103,5769,6,4,2016,4,21,14,1,2,3,1,3,"SR-347","BROWN RD",0,40.85505,-73.14469722,0,8,0,0,3,2,0,1,3,1,0,1,0,"0000000",99,99,99,99,99,99,0,0,0,1,0
36,360249,1,1,0,1,1,2,2,103,2920,6,4,2016,4,20,0,0,2,7,2,4,"CR-13","",0,40.74303889,-73.26381111,0,8,0,0,1,1,0,1,2,1,0,1,0,"0000000",20,0,20,2,20,25,0,0,0,1,0
36,360250,2,2,0,0,0,2,2,57,2210,4,3,2016,6,9,55,0,1,5,1,3,"SR-5S","",0,42.94758611,-74.37791667,0,12,2,0,1,1,0,1,1,1,0,1,0,"0000000",9,56,10,7,10,31,0,0,0,1,0
36,360251,2,2,0,0,0,3,3,119,5802,4,3,2016,6,15,46,1,1,3,1,2,"US-6","",0,41.33821389,-73.76889444,0,12,2,0,1,1,0,1,1,1,0,1,0,"0000000",15,46,15,50,99,99,0,0,0,1,0
36,360252,1,1,0,1,1,1,1,103,2840,17,4,2016,1,22,30,0,2,7,3,5,"DEPOT RD","E 12TH ST",0,40.84408056,-73.40586667,0,8,0,0,2,2,0,1,3,1,0,1,0,"0000000",22,33,22,37,23,32,0,0,0,1,1
36,360253,1,1,0,1,1,1,1,47,4170,20,4,2016,4,12,23,0,2,7,4,6,"6TH AVE","52ND ST",0,40.64265833,-74.00923889,0,8,0,0,3,2,0,1,1,1,0,1,0,"0000000",99,99,99,99,99,99,0,0,0,1,0
36,360254,3,3,0,0,0,3,3,67,6010,23,4,2016,7,12,3,1,1,1,1,1,"I-690","",0,43.05873056,-76.09855833,0,12,1,0,1,1,0,1,1,1,0,1,0,"0000000",12,5,12,8,88,88,0,0,0,1,0
36,360255,1,1,0,0,0,4,4,75,4660,27,4,2016,4,3,19,1,1,1,1,1,"I-81","",0,99.9999,999.9999,0,24,0,0,1,1,0,3,2,1,0,1,0,"0000000",3,19,3,30,99,99,0,0,0,1,1
36,360256,4,2,2,2,2,3,3,47,4170,1,5,2016,1,12,46,0,2,7,4,6,"E 94TH ST","AVE K",0,40.63878889,-73.89949444,0,12,6,0,3,2,0,1,1,2,0,2,0,"0000000",12,46,12,50,13,5,0,0,0,1,1
36,360257,2,2,0,0,0,4,4,29,750,24,4,2016,1,19,20,0,2,7,4,6,"E DELEVAN AVE","FILLMORE AVE",0,42.92186667,-78.83935556,0,12,6,0,2,2,0,1,1,1,0,1,0,"0000000",99,99,99,99,99,99,0,0,0,1,1
36,360258,1,1,0,0,0,1,1,63,4729,15,5,2016,1,18,58,0,2,7,3,5,"4629 MEYER RD","",0,43.10044722,-78.79189722,0,42,0,0,1,1,0,4,1,1,0,1,0,"0000000",18,59,19,4,88,88,0,0,0,1,0
36,360259,1,1,0,1,1,1,1,5,4170,16,5,2016,2,8,5,0,2,7,4,6,"GERARD AVE","E 164TH ST",0,40.83035,-73.92331389,0,8,0,1,3,2,0,1,1,1,0,1,0,"0000000",8,8,8,11,99,99,0,0,0,1,0
36,360260,1,1,0,0,0,1,1,59,2600,3,5,2016,3,5,35,1,1,2,1,3,"SR-908E MEADOWBROOK STATE PKWY","",0,40.69999722,-73.57725278,0,25,0,0,1,1,0,3,4,2,0,2,0,"0000000",5,36,5,40,6,22,0,0,0,1,0
36,360261,2,2,0,0,0,3,3,103,5810,12,5,2016,5,10,23,0,1,7,2,6,"SPEONK RIVERHEAD RD","",0,40.84800556,-72.69676111,0,12,1,0,1,1,0,1,1,1,0,1,0,"0000000",10,28,10,34,11,0,0,0,0,1,0
36,360262,4,4,0,0,0,4,4,111,1885,9,5,2016,2,16,34,1,1,2,1,2,"US-9W","",0,41.8063,-73.95926389,0,12,2,0,1,1,0,1,1,1,0,1,0,"0000000",16,35,16,43,99,99,0,0,0,1,0
36,360263,1,1,0,0,0,2,2,103,2920,17,5,2016,3,16,9,0,2,7,3,4,"CR-13 5TH AVE","HANSEN ST",0,40.73495,-73.2623,0,38,0,0,3,2,0,4,1,10,0,10,0,"0000000",16,9,16,13,99,99,0,0,0,2,0
36,360264,1,1,0,0,0,2,2,63,763,19,5,2016,5,22,22,0,1,6,3,5,"PHILLIPS RD","",0,43.31350278,-78.67339722,0,42,0,0,1,1,0,4,2,1,0,1,0,"0000000",99,99,99,99,99,99,0,0,0,1,0
36,360265,2,2,0,0,0,2,2,87,2580,18,5,2016,4,19,33,0,2,3,1,2,"US-202","THIELLS MT IVY RD",0,41.18629167,-74.03717778,0,12,6,0,2,3,0,1,1,10,0,10,0,"0000000",19,33,19,40,20,10,0,0,0,1,0
36,360266,1,1,0,0,0,1,1,41,3364,17,5,2016,3,8,44,0,1,3,1,3,"SR-28N","",0,43.97739444,-74.38309722,0,1,0,0,1,1,0,4,1,1,0,1,0,"0000000",8,44,8,50,99,99,0,0,0,1,0
36,360267,2,2,0,0,0,3,3,5,4170,20,5,2016,6,10,16,0,2,7,4,6,"STADIUM AVE","GRISWOLD AVE",0,40.84415,-73.82037222,0,12,6,0,2,2,0,1,1,1,0,1,0,"0000000",99,99,99,99,99,99,0,0,0,1,0
36,360268,2,2,0,0,0,2,2,5,4170,22,5,2016,1,20,12,1,2,1,1,1,"I-87 MAJOR DEEGAN EXPRESSWAY","",0,40.85858333,-73.91675833,0,12,1,0,1,1,0,1,5,1,0,1,0,"0000000",99,99,99,99,99,99,0,0,0,1,0
36,360269,3,1,2,1,2,1,2,9,5410,22,5,2016,1,2,38,0,1,7,3,5,"OLD ROUTE 17","",0,42.12343889,-78.788925,0,14,0,0,1,1,0,2,2,10,0,10,0,"0000000",2,38,2,53,3,20,0,0,0,1,1
36,360270,2,1,1,0,0,1,1,103,5210,22,5,2016,1,20,51,0,1,7,3,5,"EDWARDS AVE","",0,40.95421389,-72.75881111,0,14,0,0,1,1,0,4,2,1,0,1,0,"0000000",20,53,21,0,22,7,0,0,0,1,0
36,360271,2,2,0,2,2,1,1,59,4450,23,5,2016,2,23,2,1,1,1,1,1,"I-495 LONG ISLAND EXPRESSWAY","",0,40.78111667,-73.61016667,0,12,1,0,1,1,0,1,3,10,0,10,0,"0000000",23,1,23,6,99,99,19,0,0,2,0
36,360272,2,2,0,0,0,2,2,11,3339,24,5,2016,3,14,29,0,1,4,3,4,"CR-62C","FILMORE RD",0,42.69016667,-76.31778889,0,12,6,0,2,2,0,1,1,1,0,1,0,"0000000",14,29,14,41,88,88,0,0,0,1,1
36,360273,1,1,0,0,0,1,1,19,546,14,5,2016,7,10,34,0,1,6,3,4,"CR-1 SILVER LAKE RD","",0,44.55248333,-73.86145556,0,42,0,0,1,1,0,4,1,10,0,10,0,"0000000",10,34,10,44,12,20,0,0,0,1,0
36,360274,1,1,0,0,0,1,1,63,4330,24,5,2016,3,23,53,0,2,7,4,6,"994 RUIE RD","",0,43.064675,-78.87600556,0,42,0,0,1,1,0,4,3,1,0,1,0,"0000000",23,55,23,59,0,15,0,0,0,1,1
36,360275,2,2,0,0,0,4,4,21,1100,23,5,2016,2,15,20,0,1,3,1,3,"SR-295","",0,42.38751111,-73.55814444,0,12,2,0,8,1,0,1,1,1,0,1,0,"0000000",15,20,15,31,16,22,0,0,0,1,0
36,360276,2,2,0,0,0,2,2,55,4730,25,2,2016,5,17,55,0,1,5,1,3,"SR-286 ATLANTIC AVE","",0,43.15969444,-77.38427778,0,12,2,0,1,1,0,1,5,4,0,4,0,"0000000",17,55,18,14,19,7,0,0,0,1,0
36,360277,1,1,0,0,0,1,1,49,3567,22,1,2016,6,22,30,0,1,7,2,5,"POOR RD","",0,43.74608611,-75.63478056,0,58,0,0,1,1,0,1,2,1,0,1,0,"0000000",99,99,99,99,99,99,0,0,0,1,1
36,360278,1,1,0,0,0,1,1,103,705,28,4,2016,5,10,5,0,2,7,3,5,"HORSEBLOCK RD","",0,40.83252778,-73.03637778,0,38,0,0,1,1,0,4,1,1,0,1,0,"0000000",99,99,99,99,99,99,0,0,0,1,0
36,360279,2,2,0,0,0,2,2,7,6740,26,5,2016,5,1,43,1,1,3,1,3,"SR-17","",0,42.06706667,-75.63103611,0,12,1,0,1,1,0,1,2,10,0,10,0,"0000000",1,48,2,2,99,99,23,0,0,1,0
36,360280,1,1,0,0,0,1,1,55,1930,2,5,2016,2,5,9,0,1,3,1,3,"SR-31F","",0,43.09477778,-77.42197778,0,59,0,0,1,1,0,4,2,5,0,5,0,"0000000",99,99,99,99,99,99,0,0,0,1,0
36,360281,2,2,0,0,0,6,6,91,1087,25,5,2016,4,17,42,0,1,4,2,4,"CR-67","WEST LINE RD",0,42.96977222,-74.08355556,0,12,6,0,2,4,0,1,1,1,0,1,0,"0000000",17,42,17,50,99,99,0,0,0,1,0
36,360282,1,1,0,0,0,1,1,45,6050,28,5,2016,7,22,55,0,1,5,3,5,"COTTAGE HILL RD","BURNS RD",0,44.30966944,-75.74661111,0,1,0,0,3,4,0,1,2,1,0,1,0,"0000000",22,58,23,12,88,88,0,0,0,1,1
36,360283,2,2,0,0,0,2,2,7,6277,27,5,2016,6,3,45,1,1,3,3,3,"SR-17","",2360,99.9999,999.9999,0,12,6,0,1,1,0,1,2,1,0,1,0,"0000000",3,51,3,56,88,88,0,0,0,1,0
36,360284,3,3,0,0,0,3,3,103,2920,28,5,2016,7,10,55,0,2,7,3,4,"CR-50","HARWOOD AVE",0,40.73726111,-73.17258333,0,12,6,0,2,2,0,1,1,1,0,1,0,"0000000",10,55,11,3,99,99,0,0,0,1,0
36,360285,1,1,0,1,1,1,1,85,4170,28,5,2016,7,6,59,0,2,3,4,6,"RICHMOND RD","AMBOY RD",0,40.57495556,-74.12173333,0,8,0,0,3,4,0,1,1,1,0,1,0,"0000000",99,99,99,99,99,99,0,0,0,1,0
36,360286,1,1,0,0,0,1,1,103,360,25,5,2016,4,4,19,1,2,3,1,3,"SR-908M","",0,40.732475,-73.35721667,0,30,0,0,1,1,0,4,3,10,0,10,0,"0000000",4,19,4,31,88,88,0,0,0,1,0
36,360287,1,1,0,0,0,3,3,59,2600,20,4,2016,4,12,2,1,1,3,1,3,"SR-908M SOUTHERN STATE PKWY","",0,40.68443333,-73.64298056,0,30,0,0,1,1,0,4,1,1,0,1,0,"0000000",12,2,12,2,99,99,0,0,0,2,0