"STATE","ST_CASE","VE_TOTAL","VE_FORMS","PVH_INVL","PEDS","PERNOTMVIT","PERMVIT","PERSONS","COUNTY","CITY","DAY","MONTH","YEAR","DAY_WEEK","HOUR","MINUTE","NHS","RUR_URB","FUNC_SYS","RD_OWNER","ROUTE","TWAY_ID","TWAY_ID2","MILEPT","LATITUDE","LONGITUD","SP_JUR","HARM_EV","MAN_COLL","RELJCT1","RELJCT2","TYP_INT","WRK_ZONE","REL_ROAD","LGT_COND","WEATHER1","WEATHER2","WEATHER","SCH_BUS","RAIL","NOT_HOUR","NOT_MIN","ARR_HOUR","ARR_MIN","HOSP_HR","HOSP_MN","CF1","CF2","CF3","FATALS","DRUNK_DR"
36,360288,1,1,0,2,2,1,1,29,1899,29,5,2016,1,9,7,0,1,4,3,5,"1740 PONTIAC RD","",0,42.62665833,-78.97444722,0,8,0,0,1,1,0,4,1,1,0,1,0,"0000000",9,7,9,10,10,11,0,0,0,1,0
36,360289,1,1,0,0,0,2,2,47,4170,24,5,2016,3,4,56,0,2,7,4,6,"NEPTUNE AVE","OCEAN PKWY",0,40.58038333,-73.96764722,0,46,0,0,3,4,0,3,4,2,0,2,0,"0000000",99,99,99,99,99,99,0,0,0,1,0
36,360290,1,1,0,0,0,1,1,27,2000,15,5,2016,1,23,30,0,2,3,1,3,"SR-9D","",0,41.53030833,-73.95906389,0,30,0,0,1,1,0,4,2,1,0,1,0,"0000000",23,47,23,51,2,0,0,0,0,1,1
36,360291,2,2,0,0,0,2,2,59,4600,29,5,2016,1,15,3,0,2,7,3,5,"CENTRAL AVE","SCHERER ST",0,40.73925833,-73.48892778,0,12,6,0,2,2,0,1,1,1,0,1,0,"0000000",15,6,15,7,15,20,0,0,0,1,0
36,360292,2,2,0,0,0,2,2,91,3650,26,5,2016,5,14,21,0,2,3,1,3,"SR-146","",0,42.88810556,-73.69071667,0,12,2,0,1,1,0,1,1,1,0,1,0,"0000000",14,21,14,25,15,8,0,0,0,1,0
36,360293,1,1,0,0,0,2,2,107,4580,30,5,2016,2,21,1,0,2,4,1,3,"SR-17C","",0,42.09315833,-76.21873056,0,11,0,0,1,1,0,1,5,1,0,1,0,"0000000",21,3,21,8,22,5,0,0,0,1,0
36,360294,1,1,0,0,0,1,1,109,2940,30,5,2016,2,2,46,0,2,7,4,6,"E STATE ST","",0,42.43291389,-76.47873611,0,42,0,0,1,1,0,4,3,1,0,1,0,"0000000",2,46,2,49,3,19,0,0,0,1,1
36,360295,2,1,1,0,0,2,2,81,4170,29,5,2016,1,14,16,0,2,7,4,6,"34TH AVE","91ST ST",0,40.75462222,-73.87672222,0,14,0,0,3,2,0,7,1,1,0,1,0,"0000000",14,17,14,21,14,53,0,0,0,1,0
36,360296,2,2,0,0,0,2,2,19,1116,28,5,2016,7,13,11,1,1,3,1,2,"US-9","GREGWARE LN",0,44.83835833,-73.42730833,0,12,6,0,8,1,0,1,1,1,0,1,0,"0000000",13,11,13,17,88,88,0,0,0,1,0
36,360297,1,1,0,1,1,1,1,103,705,31,5,2016,3,15,7,0,2,7,2,4,"CR-46","ROBERTS RD",0,40.78330833,-72.86425556,0,8,0,0,3,3,0,1,1,1,0,1,0,"0000000",15,7,15,10,99,99,0,0,0,1,0
36,360298,1,1,0,0,0,2,2,61,4170,31,5,2016,3,3,40,0,2,3,4,6,"AVENUE OF THE AMERICAS","",0,40.76275,-73.97833056,0,40,0,0,1,1,0,4,3,10,0,10,0,"0000000",99,99,99,99,99,99,0,0,0,1,1
36,360299,1,1,0,0,0,1,1,63,4729,31,5,2016,3,14,0,0,1,5,3,5,"6421 CAMPBELL BLVD","",0,43.11471389,-78.76907222,0,19,0,0,1,1,0,5,1,1,0,1,0,"0000000",14,0,99,99,88,88,0,0,0,1,0
36,360300,2,2,0,0,0,4,4,29,40,31,5,2016,3,17,12,1,2,3,1,3,"SR-5 MAIN ST","BARNUM RD",0,42.99109722,-78.55198056,0,12,6,0,2,2,0,1,1,1,0,1,0,"0000000",17,12,17,16,17,55,0,0,0,1,0
36,360301,1,1,0,0,0,1,1,27,4885,31,5,2016,3,19,25,0,1,4,3,5,"68 FREEDOM RD","",0,41.68296111,-73.80497778,0,30,0,0,1,1,0,4,1,1,0,1,0,"0000000",19,25,19,27,20,3,0,0,0,1,1
36,360302,3,3,0,0,0,3,3,55,2248,1,6,2016,4,15,28,0,2,4,3,5,"MANITOU RD","SR-531 RAMP",0,43.15976111,-77.75383333,0,12,2,1,2,4,0,1,1,1,0,1,0,"0000000",99,99,99,99,99,99,14,0,0,1,0
36,360303,1,1,0,0,0,1,1,91,5580,31,5,2016,3,21,57,0,1,3,1,3,"SR-32","PURINTON RD",0,43.17754722,-73.61696389,0,35,0,0,3,4,0,4,2,1,0,1,0,"0000000",22,1,22,12,23,11,0,0,0,1,0
36,360304,2,2,0,1,1,4,4,1,1290,24,5,2016,3,7,17,0,2,3,1,3,"SR-5","",0,42.71744722,-73.83268889,0,8,0,0,1,1,0,1,1,10,0,10,0,"0000000",7,17,7,19,88,88,0,0,0,1,0
36,360305,1,1,0,1,1,1,1,103,1700,17,4,2016,1,6,55,0,2,4,3,5,"476 E MAIN ST","",0,40.766975,-72.99730833,0,8,0,0,1,1,0,1,1,1,0,1,0,"0000000",99,99,99,99,99,99,0,0,0,1,0
36,360306,1,1,0,0,0,2,2,1,50,20,5,2016,6,2,7,1,2,1,1,1,"I-90","",1498,99.9999,999.9999,0,24,0,0,1,1,0,3,2,1,0,1,0,"0000000",2,14,2,25,2,59,0,0,0,2,1
36,360307,2,2,0,0,0,3,3,69,1640,1,6,2016,4,9,20,1,1,3,1,2,"US-20 BUFFALO RD","WHEELER STATION RD",0,42.88307778,-77.38021944,0,12,6,0,2,4,0,1,1,1,0,1,0,"0000000",9,30,11,20,13,30,0,0,0,1,0
36,360308,1,1,0,1,1,1,1,103,2920,12,4,2016,3,9,10,0,2,7,2,4,"CR-50","",0,40.73705,-73.17394444,0,8,0,0,1,1,0,4,1,2,0,2,0,"0000000",99,99,99,99,99,99,0,0,0,1,0
36,360309,1,1,0,1,1,1,1,71,4130,13,6,2016,2,18,21,1,1,3,1,3,"SR-300 TEMPLE HILL RD","",0,41.47029722,-74.06090833,0,8,0,0,1,1,0,2,1,1,0,1,0,"0000000",18,22,18,24,18,46,0,0,0,1,1
36,360310,1,1,0,0,0,2,2,67,6010,29,5,2016,1,18,0,0,1,4,4,5,"JOHN GLENN BLVD","",0,43.11773333,-76.25405833,0,16,0,0,1,1,0,1,1,10,0,10,0,"0000000",18,1,18,3,18,38,0,0,0,1,0
36,360311,2,2,0,0,0,2,2,29,4500,18,5,2016,4,13,24,1,1,3,1,2,"US-219","",0,42.78435833,-78.77286667,0,12,1,0,1,1,0,1,1,10,0,10,0,"0000000",13,24,13,26,16,0,0,0,0,1,0
36,360312,2,2,0,0,0,3,3,29,4500,4,5,2016,4,14,5,0,2,4,3,5,"MILESTRIP RD","MID COUNTRY DR",0,42.78916667,-78.76644167,0,12,6,0,2,2,0,1,1,1,0,1,0,"0000000",14,12,14,19,14,31,0,0,0,1,0
36,360313,2,2,0,0,0,6,6,65,6270,3,6,2016,6,10,2,0,1,7,3,5,"PETERBORO RD","MARBLE RD",0,43.05019444,-75.57070556,0,12,6,0,2,2,0,1,1,1,0,1,0,"0000000",10,2,10,11,10,33,0,0,0,1,0
36,360314,2,2,0,1,1,3,3,103,705,3,6,2016,6,12,14,0,2,7,3,5,"MASTIC RD","MEADOWMERE AVE",0,40.78765,-72.84529722,0,12,6,0,2,2,0,1,1,10,0,10,0,"0000000",12,14,12,16,12,48,0,0,0,1,0
36,360315,1,1,0,0,0,2,2,29,3140,4,6,2016,7,20,55,0,2,7,3,5,"AURORA ST","",0,42.86419722,-78.67620278,0,1,0,0,1,1,0,1,5,10,0,10,0,"0000000",21,0,21,1,21,36,0,0,0,1,0
36,360316,1,1,0,0,0,1,1,55,2710,4,6,2016,7,23,45,0,1,7,3,5,"HINKLEYVILLE RD","",0,43.21603333,-77.848575,0,32,0,0,1,1,0,4,2,10,0,10,0,"0000000",23,45,23,49,88,88,0,0,0,1,0
36,360317,2,2,0,0,0,6,6,55,2898,2,6,2016,5,11,33,0,2,5,3,5,"EAST RIDGE RD","BOUCKHART AVE",0,43.20034167,-77.57241944,0,12,6,0,2,3,0,1,1,10,0,10,0,"0000000",11,33,11,43,11,55,0,0,0,1,1
36,360318,1,1,0,1,1,1,1,61,4170,5,6,2016,1,22,11,0,2,7,4,6,"HARLEM RIVER DR","HARLEM RIVER DRIVEWAY",0,40.83780833,-73.93371111,0,8,0,0,3,4,0,1,2,1,0,1,0,"0000000",99,99,99,99,88,88,0,0,0,1,0
36,360320,1,1,0,0,0,1,1,117,6710,5,6,2016,1,4,45,0,1,7,3,5,"RIDGE RD","",0,43.22303056,-77.19564167,0,40,0,0,1,1,0,4,2,2,0,2,0,"0000000",4,46,4,58,99,99,0,0,0,1,0
36,360321,1,1,0,1,1,1,1,103,1650,18,2,2016,5,10,54,0,1,7,3,5,"E LAKE DR","",0,41.06329167,-71.91141944,0,8,0,0,1,1,1,1,1,1,0,1,0,"0000000",10,54,10,58,99,99,0,0,0,1,0
36,360322,1,1,0,1,1,5,5,61,4170,6,6,2016,2,16,30,0,2,7,4,6,"8TH AVE","W 38TH ST",0,40.75473889,-73.99159444,0,8,0,0,3,2,0,1,1,1,0,1,0,"0000000",99,99,99,99,99,99,0,0,0,1,0
36,360323,1,1,0,0,0,1,1,67,4491,10,4,2016,1,20,7,1,1,1,1,1,"I-81","",0,42.98355,-76.13250833,0,25,0,0,1,1,0,3,2,4,0,4,0,"0000000",99,99,99,99,99,99,0,0,0,1,1
36,360324,2,1,1,0,0,1,1,103,2920,11,5,2016,4,22,50,0,2,7,3,5,"BRENTWOOD RD","",0,40.76569444,-73.24620556,0,14,0,0,1,1,0,2,3,1,0,1,0,"0000000",22,55,22,59,23,20,0,0,0,1,0
36,360325,1,1,0,1,1,1,1,103,360,11,5,2016,4,16,16,0,2,7,3,5,"DAVIDSON ST","ARCH ST",0,40.74030556,-73.36609167,0,9,0,0,3,3,0,1,1,1,0,1,0,"0000000",16,16,16,32,16,50,0,0,0,1,0
36,360326,1,1,0,1,1,2,2,103,360,22,5,2016,1,1,23,0,2,7,3,5,"OAK ST","",0,40.67981389,-73.3999,0,8,0,0,1,1,0,1,3,1,0,1,0,"0000000",99,99,99,99,99,99,0,0,0,1,0
36,360327,2,2,0,0,0,2,2,55,2395,3,6,2016,6,11,7,0,2,3,1,3,"SR-104 W RIDGE RD","N GREECE RD EXT",0,43.21504167,-77.73411389,0,12,6,0,3,2,0,1,1,1,0,1,0,"0000000",11,7,11,10,88,88,0,0,0,1,0
36,360328,2,2,0,0,0,3,3,103,360,14,5,2016,7,13,0,0,2,7,3,4,"CR-2","47TH ST",0,40.69961667,-73.38970278,0,12,2,0,2,2,0,1,1,1,0,1,0,"0000000",13,6,13,14,13,28,0,0,0,1,0
36,360329,2,2,0,0,0,2,2,85,4170,14,5,2016,7,13,39,0,2,7,4,6,"JOLINE AVE","HYLAN BLVD",0,40.50620833,-74.23491944,0,12,6,0,2,2,0,1,1,1,0,1,0,"0000000",99,99,99,99,99,99,0,0,0,1,0
36,360330,2,2,0,0,0,2,2,1,1290,26,5,2016,5,20,7,1,2,3,1,3,"SR-155 ALBANY SHAKER RD","WOLF RD",0,42.72866667,-73.79660556,0,12,2,0,2,2,0,1,5,1,0,1,0,"0000000",20,7,20,12,88,88,0,0,0,1,0
36,360331,1,1,0,1,1,2,2,47,4170,7,6,2016,3,6,46,0,2,7,4,6,"EVERGREEN AVE","HART ST",0,40.69716389,-73.92883333,0,9,0,0,2,2,0,1,1,1,0,1,0,"0000000",6,46,99,99,99,99,0,0,0,1,0
36,360332,1,1,0,1,1,1,1,45,1077,31,5,2016,3,22,43,1,1,3,1,3,"SR-3","",0,44.03256667,-75.7223,0,8,0,0,1,1,0,1,2,1,0,1,0,"0000000",22,43,22,52,88,88,0,0,0,1,0
36,360333,1,1,0,1,1,5,5,75,2569,13,5,2016,6,21,26,0,1,5,1,2,"US-11","",0,43.24383611,-76.14099722,0,8,0,0,1,1,0,1,2,10,0,10,0,"0000000",21,26,21,31,22,15,0,0,0,1,0
36,360334,1,1,0,0,0,4,4,3,861,18,5,2016,4,20,50,0,1,3,1,3,"SR-19","",0,42.35776389,-78.12780833,0,24,0,0,1,1,0,4,1,1,0,1,0,"0000000",20,59,21,5,99,99,0,0,0,1,0
36,360335,1,1,0,0,0,1,1,91,9997,7,6,2016,3,18,15,0,1,7,3,5,"OAKES RD","",0,43.20579722,-74.12279444,0,32,0,0,1,1,0,4,1,1,0,1,0,"0000000",18,16,18,22,88,88,0,0,0,1,0
36,360336,1,1,0,0,0,1,1,87,4063,28,5,2016,7,4,46,0,2,7,3,5,"CHURCH ST","DECLARK PL",0,41.08953056,-74.00567778,0,42,0,0,3,3,0,4,3,1,0,1,0,"0000000",4,46,4,48,88,88,0,0,0,1,1
36,360337,2,2,0,0,0,4,4,61,4170,7,6,2016,3,23,38,1,2,2,1,3,"SR-907V HENRY HUDSON PKWY","",0,40.78556389,-73.98407778,0,12,2,0,1,1,0,1,3,1,0,1,0,"0000000",99,99,99,99,99,99,0,0,0,1,0
36,360338,1,1,0,1,1,1,1,103,2920,9,6,2016,5,7,16,0,2,7,3,5,"OROURKE ST","FERRIS AVE",0,40.76968889,-73.21906111,0,8,0,0,3,3,0,1,1,1,0,1,0,"0000000",7,16,7,17,99,99,0,0,0,1,0
36,360339,3,3,0,0,0,3,3,5,4170,10,6,2016,6,11,54,1,2,1,1,1,"I-295","",0,40.82219167,-73.81866944,0,12,6,0,1,1,0,1,1,1,0,1,0,"0000000",11,56,12,3,12,23,0,0,0,1,1
36,360340,1,1,0,0,0,1,1,55,5920,10,6,2016,6,22,33,0,2,4,1,3,"SR-259","",0,43.18623333,-77.80383611,0,42,0,0,1,1,0,4,3,1,0,1,0,"0000000",22,34,22,34,23,8,0,0,0,1,1
36,360341,2,2,0,0,0,4,4,71,5742,1,6,2016,4,3,44,1,1,1,1,1,"I-84","",0,41.418725,-74.41495556,0,12,1,0,1,1,0,1,2,10,0,10,0,"0000000",3,44,3,54,88,88,23,0,0,3,0
36,360342,2,2,0,0,0,4,4,47,4170,10,6,2016,6,21,59,0,2,7,4,6,"GEORGIA AVE","LIVONIA AVE",0,40.66448333,-73.89591389,0,12,6,0,2,2,0,1,3,1,0,1,0,"0000000",99,99,99,99,99,99,0,0,0,1,0
36,360343,2,2,0,0,0,2,2,105,3850,14,3,2016,2,19,29,1,1,2,1,3,"SR-17","",0,41.63894444,-74.628975,0,12,1,0,1,1,0,1,2,2,0,2,0,"0000000",19,31,19,38,88,88,0,0,0,1,0
36,360344,1,1,0,1,1,1,1,61,4170,11,6,2016,7,17,12,0,2,7,4,6,"AVE OF THE AMERICAS","W 30TH ST",0,40.7473,-73.98959722,0,8,0,0,3,2,0,1,1,1,0,1,0,"0000000",17,13,17,27,17,37,0,0,0,1,0
36,360345,1,1,0,1,1,1,1,61,4170,11,6,2016,7,19,52,1,2,3,4,6,"WEST ST","CHAMBERS ST",0,40.71713889,-74.01275278,0,9,0,0,2,2,0,1,1,1,0,1,0,"0000000",99,99,99,99,99,99,0,0,0,1,1
36,360346,2,2,0,0,0,2,2,111,3329,11,6,2016,7,9,24,0,1,3,1,3,"SR-299","",0,41.73737778,-74.031525,0,12,2,0,1,1,0,1,1,10,0,10,0,"0000000",9,24,9,27,9,54,0,0,0,1,0
36,360347,2,1,1,1,1,1,1,5,4170,11,6,2016,7,0,42,0,2,7,4,6,"E TREMONT AVE","",0,40.83521944,-73.83193611,0,9,0,0,1,1,0,1,3,1,0,1,0,"0000000",0,42,0,47,88,88,0,0,0,1,0
36,360348,1,1,0,1,1,1,1,5,4170,12,6,2016,1,1,18,0,2,4,4,6,"E GUN HILL RD","WHITE PLAINS RD",0,40.87728611,-73.866175,0,8,0,0,3,2,0,1,3,1,0,1,0,"0000000",1,19,1,27,1,41,0,0,0,1,0
36,360349,2,2,0,0,0,3,3,55,5230,11,6,2016,7,14,52,0,2,7,4,6,"BROWN ST","VERONA ST",0,43.16035,-77.622075,0,12,6,0,2,2,0,1,1,1,0,1,0,"0000000",14,52,14,57,15,26,0,0,0,1,0
36,360350,2,2,0,0,0,2,2,81,4170,13,6,2016,2,19,58,0,2,7,4,6,"REVIEW AVE","37TH ST",0,40.73376667,-73.93740833,0,12,6,0,2,3,0,1,5,1,0,1,0,"0000000",99,99,99,99,99,99,0,0,0,1,1
36,360351,2,2,0,0,0,3,3,75,6319,14,6,2016,3,18,1,0,1,4,2,4,"CR-6","CR-9",0,43.32574167,-76.35995,0,12,6,0,2,2,0,1,1,1,0,1,0,"0000000",18,1,18,9,18,59,0,0,0,1,0
36,360352,1,1,0,0,0,2,2,81,4170,13,6,2016,2,2,17,0,2,3,4,6,"GRAND CTL PKWY EXIT RAMP","",0,40.76093056,-73.85942222,0,24,0,1,20,1,0,1,3,1,0,1,0,"0000000",99,99,99,99,88,88,0,0,0,2,1
36,360353,3,3,0,0,0,4,4,91,2484,13,6,2016,2,13,32,0,1,3,1,3,"SR-146","",0,42.87221667,-73.72538333,0,12,2,0,1,1,0,1,1,10,0,10,0,"0000000",13,50,14,9,99,99,0,0,0,1,0
36,360354,1,1,0,1,1,1,1,29,750,17,3,2016,5,8,10,0,2,7,4,6,"SCAJAQUADA ST","CAMBRIDGE AVE",0,42.91658333,-78.82266389,0,9,0,0,2,2,0,1,1,1,0,1,0,"0000000",8,12,99,99,99,99,0,0,0,1,0
36,360355,1,1,0,1,1,1,1,1,1260,16,6,2016,5,18,38,0,2,2,1,3,"SR-787","BRIDGE AVE",0,42.76883333,-73.69783889,0,8,0,0,3,2,0,1,1,1,0,1,0,"0000000",18,38,18,42,88,88,0,0,0,1,0
36,360356,1,1,0,1,1,2,2,61,4170,16,6,2016,5,22,19,0,2,3,4,6,"E 23RD ST","MADISON AVE",0,40.74089722,-73.98803611,0,8,0,0,3,3,0,1,3,1,0,1,0,"0000000",99,99,99,99,99,99,0,0,0,1,0
36,360357,1,1,0,1,1,1,1,81,4170,17,6,2016,6,11,13,0,2,4,4,6,"NORTHERN BLVD","146TH ST",0,40.76500556,-73.82063611,0,8,0,0,3,3,0,1,1,1,0,1,0,"0000000",99,99,99,99,99,99,0,0,0,1,0
36,360358,1,1,0,0,0,3,3,9,2393,17,6,2016,6,18,18,1,1,3,1,2,"US-219 HUMPHREY RD","SR-98",0,42.21426389,-78.63648889,0,42,0,0,3,2,0,4,1,1,0,1,0,"0000000",99,99,99,99,18,50,0,0,0,1,0
36,360359,2,2,0,1,1,2,2,81,4170,16,6,2016,5,4,40,1,2,1,1,1,"I-678","",0,40.77045,-73.83464722,0,8,0,0,1,1,0,1,3,2,0,2,0,"0000000",99,99,99,99,88,88,0,0,0,1,0
36,360360,2,2,0,0,0,2,2,21,2810,18,6,2016,7,13,10,0,2,3,1,3,"SR-23","SR-9G",0,42.22266111,-73.82638889,0,12,6,0,2,3,0,1,1,1,0,1,0,"0000000",13,10,13,12,13,31,0,0,0,1,0
36,360361,1,1,0,1,1,1,1,47,4170,19,6,2016,1,21,56,0,2,7,4,6,"ATLANTIC AVE","CLINTON ST",0,40.69023056,-73.9944,0,8,0,0,3,2,0,1,3,1,0,1,0,"0000000",99,99,99,99,99,99,0,0,0,1,0
36,360362,1,1,0,1,1,1,1,61,4170,18,6,2016,7,3,37,0,2,4,4,6,"BROADWAY","W 61ST ST",0,40.76966111,-73.98198889,0,8,0,0,3,2,0,1,3,1,0,1,0,"0000000",3,37,3,41,88,88,0,0,0,1,0
36,360363,2,2,0,0,0,3,3,27,2000,18,6,2016,7,13,0,1,2,1,1,1,"I-84","",0,41.52518333,-73.88223056,0,12,1,0,1,1,0,1,1,1,0,1,0,"0000000",13,0,13,5,99,99,0,0,0,1,0
36,360364,1,1,0,0,0,1,1,81,4170,15,2,2016,2,4,50,0,2,3,4,6,"BELT PKWY","LEFFERTS BLVD",0,40.66495278,-73.82267222,0,1,0,0,1,1,0,4,1,1,0,1,0,"0000000",99,99,99,99,99,99,0,0,0,1,0
36,360365,5,2,3,0,0,6,6,5,4170,19,6,2016,1,4,56,0,2,7,4,6,"BRONXWOOD AVE","E 219TH ST",0,40.88173056,-73.85705278,0,12,6,0,2,2,0,1,2,1,0,1,0,"0000000",99,99,99,99,99,99,0,0,0,1,0
36,360366,1,1,0,0,0,1,1,65,6308,19,6,2016,1,4,40,0,1,3,2,4,"CR-54A","",0,43.21548889,-75.71746667,0,42,0,0,1,1,0,4,2,1,0,1,0,"0000000",4,40,4,55,88,88,20,0,0,1,1
36,360367,2,2,0,0,0,2,2,29,6090,21,6,2016,3,17,41,0,2,7,3,5,"COLVIN BLVD","WOODCREST BLVD",0,42.97541944,-78.85840278,0,12,6,0,2,2,0,1,1,1,0,1,0,"0000000",17,41,17,43,88,88,0,0,0,1,0
36,360368,1,1,0,1,1,3,3,101,420,17,6,2016,6,14,3,0,2,7,4,6,"W MORRIS ST","",0,42.33532778,-77.32766667,0,9,0,0,1,1,0,1,1,1,0,1,0,"0000000",99,99,99,99,99,99,0,0,0,1,0
36,360369,1,1,0,1,1,1,1,59,2675,22,6,2016,4,22,23,0,2,6,3,5,"JERUSALEM AVE","WINDING RD",0,40.75054722,-73.51889444,0,8,0,0,3,3,0,1,3,1,0,1,0,"0000000",22,25,22,30,88,88,0,0,0,1,0
36,360370,2,2,0,0,0,2,2,81,4170,20,6,2016,2,21,18,0,2,7,4,6,"ROCKAWAY BLVD","BROOKVILLE BLVD",0,40.64054167,-73.74341944,0,12,6,0,2,2,0,1,3,1,0,1,0,"0000000",99,99,99,99,99,99,0,0,0,1,0
36,360371,9,9,0,0,0,17,17,85,4170,19,6,2016,1,13,45,1,2,3,4,6,"VICTORY BLVD","TRAVIS AVE",0,40.59981111,-74.17821111,0,12,1,0,3,2,0,1,1,1,0,1,0,"0000000",99,99,99,99,99,99,0,0,0,3,0
36,360372,1,1,0,1,1,1,1,61,4170,24,6,2016,6,11,1,0,2,5,4,6,"LEXINGTON AVE","E 79TH ST",0,40.77494722,-73.95886111,0,8,0,0,3,2,0,1,1,1,0,1,0,"0000000",99,99,99,99,99,99,0,0,0,1,0
36,360373,1,1,0,0,0,1,1,93,4683,24,6,2016,6,10,12,0,1,4,2,4,"CR-94","S LEVEY ST",0,42.82124167,-74.15114722,0,31,0,0,3,3,0,4,1,1,0,1,0,"0000000",10,13,10,17,11,40,0,0,0,1,0
36,360374,1,1,0,0,0,1,1,55,5230,25,6,2016,7,7,15,1,2,1,1,1,"I-490","",0,43.10298611,-77.78644444,0,1,0,0,1,1,0,1,1,1,0,1,0,"0000000",7,15,7,20,88,88,0,0,0,1,1
36,360375,1,1,0,0,0,1,1,107,9997,23,6,2016,5,11,51,0,1,7,3,4,"CR-8","",0,42.31707222,-76.234175,0,1,0,0,1,1,0,1,1,1,0,1,0,"0000000",11,51,12,0,88,88,0,0,0,1,0
36,360376,1,1,0,0,0,1,1,79,4682,25,6,2016,7,15,25,0,2,7,3,5,"HAVILAND DR","LAKESHORE DR",0,41.46943056,-73.54318611,0,35,0,0,3,4,0,4,1,1,0,1,0,"0000000",15,25,99,99,88,88,0,0,0,1,0
36,360377,2,2,0,0,0,7,7,121,4750,24,6,2016,6,12,21,0,1,4,1,2,"US-20A","SR-246",0,42.74868333,-78.00571389,0,12,6,0,2,2,0,1,1,1,0,1,0,"0000000",99,99,99,99,99,99,0,0,0,1,0
36,360378,1,1,0,0,0,2,2,13,2950,25,6,2016,7,21,51,0,2,7,3,5,"BUFFALO ST EXT","",0,42.09656667,-79.18798056,0,42,0,0,1,1,0,4,2,1,0,1,0,"0000000",21,51,21,57,99,99,0,0,0,1,1
36,360379,1,1,0,1,1,2,2,85,4170,25,6,2016,7,19,26,0,2,7,4,6,"WESTWOOD AVE","TODT HILL RD",0,40.60685833,-74.115825,0,8,0,0,3,2,0,1,5,1,0,1,0,"0000000",19,28,19,31,19,45,0,0,0,1,1
36,360380,2,2,0,0,0,2,2,7,540,26,6,2016,1,16,40,0,2,7,4,6,"SUSQUEHANNA ST","",0,42.09673889,-75.90541944,0,12,6,0,8,1,0,1,1,1,0,1,0,"0000000",16,41,16,44,17,14,0,0,0,1,1
36,360381,3,3,0,0,0,5,5,103,2860,26,6,2016,1,21,23,0,2,3,1,3,"SR-25","CR-110",0,40.82835278,-73.4113,0,12,1,0,3,2,0,1,3,1,0,1,0,"0000000",21,24,99,99,99,99,0,0,0,1,1
36,360382,1,1,0,1,1,1,1,101,420,26,6,2016,1,22,19,0,1,4,1,3,"SR-415 E MORRIS ST","",0,42.33074167,-77.30418611,0,8,0,0,1,1,0,2,3,1,0,1,0,"0000000",22,23,22,24,23,35,0,0,0,1,0
36,360383,1,1,0,1,1,2,2,59,710,25,6,2016,7,0,37,0,1,3,3,3,"SR-25A","",0,40.81675833,-73.607225,0,8,0,0,1,1,0,1,3,1,0,1,0,"0000000",0,37,0,40,88,88,0,0,0,1,0
36,360384,1,1,0,1,1,1,1,61,4170,28,6,2016,3,20,37,0,2,4,4,6,"BROADWAY","W 75TH ST",0,40.78104167,-73.98141667,0,8,0,0,3,2,0,1,3,10,0,10,0,"0000000",99,99,99,99,99,99,0,0,0,1,0
36,360385,2,2,0,0,0,6,6,7,3064,30,6,2016,5,3,34,1,2,1,1,1,"I-81","",90,99.9999,999.9999,0,12,2,0,1,1,0,1,3,5,0,5,0,"0000000",3,34,3,45,4,18,0,0,0,1,0
36,360386,2,2,0,2,2,3,3,59,4600,29,6,2016,4,14,40,0,2,7,3,5,"NEW SOUTH RD","MEADOW LN",0,40.76225278,-73.50666944,0,9,0,0,3,3,0,1,1,1,0,1,0,"0000000",14,46,14,51,99,99,0,0,0,2,0
36,360387,1,1,0,0,0,1,1,13,2950,30,6,2016,5,14,54,0,2,7,4,6,"WEST OAK HILL","N MAIN ST",0,42.11660556,-79.24093333,0,30,0,0,3,4,0,4,1,1,0,1,0,"0000000",14,56,15,0,15,28,0,0,0,1,0
36,360388,3,3,0,2,2,4,4,81,4170,30,6,2016,5,18,30,0,2,5,1,6,"HORACE HARDING EXPY","JUNCTION BLVD",0,40.73427222,-73.86462222,0,8,0,0,3,2,0,4,1,1,0,1,0,"0000000",18,30,18,34,18,51,0,0,0,1,1
36,360389,2,2,0,0,0,6,6,81,4170,29,6,2016,4,23,42,1,2,3,1,3,"SR-907A","",0,40.78583611,-73.79981389,0,12,1,0,1,1,0,1,3,1,0,1,0,"0000000",99,99,99,99,99,99,0,0,0,1,0
36,360390,1,1,0,1,1,2,2,61,4170,1,7,2016,6,11,7,0,2,4,4,6,"E 58TH ST","2ND AVE",0,40.76000278,-73.96479167,0,8,0,0,3,2,0,1,1,10,0,10,0,"0000000",99,99,99,99,99,99,0,0,0,1,0
36,360391,2,2,0,0,0,4,4,51,5932,26,6,2016,1,11,24,0,1,4,1,3,"SR-15A","STATE FOREST TRAIL",0,42.66832778,-77.59173889,0,12,6,0,2,3,0,1,1,1,0,1,0,"0000000",11,24,99,99,99,99,0,0,0,1,0
36,360392,2,2,0,0,0,4,4,117,3430,2,7,2016,7,17,18,0,1,3,1,3,"SR-31","CREEK RD",0,43.06332778,-77.24817222,0,54,11,0,3,2,0,1,1,1,0,1,0,"0000000",17,19,17,27,99,99,14,0,0,1,0
36,360393,2,2,0,0,0,3,3,15,6260,25,6,2016,7,15,43,0,1,7,4,4,"CR-13 LANGFORD CREEK RD","",0,42.24372222,-76.55706667,0,12,11,0,8,1,0,1,1,10,0,10,0,"0000000",99,99,16,4,19,40,0,0,0,1,0
36,360394,4,1,3,0,0,1,1,5,4170,3,7,2016,1,5,59,0,2,7,4,6,"S OAK DR","",0,40.87227222,-73.864975,0,14,0,0,1,1,0,7,1,1,0,1,0,"0000000",6,3,99,99,88,88,0,0,0,1,1