"STATE","ST_CASE","VE_TOTAL","VE_FORMS","PVH_INVL","PEDS","PERNOTMVIT","PERMVIT","PERSONS","COUNTY","CITY","DAY","MONTH","YEAR","DAY_WEEK","HOUR","MINUTE","NHS","RUR_URB","FUNC_SYS","RD_OWNER","ROUTE","TWAY_ID","TWAY_ID2","MILEPT","LATITUDE","LONGITUD","SP_JUR","HARM_EV","MAN_COLL","RELJCT1","RELJCT2","TYP_INT","WRK_ZONE","REL_ROAD","LGT_COND","WEATHER1","WEATHER2","WEATHER","SCH_BUS","RAIL","NOT_HOUR","NOT_MIN","ARR_HOUR","ARR_MIN","HOSP_HR","HOSP_MN","CF1","CF2","CF3","FATALS","DRUNK_DR"
36,360503,2,2,0,0,0,3,3,81,4170,9,8,2016,3,23,6,1,1,2,1,3,"SR-907M GRAND CENTRAL PKWY","",0,40.72189167,-73.83535278,0,12,1,0,1,1,0,1,3,1,0,1,0,"0000000",99,99,99,99,99,99,0,0,0,1,0
36,360504,1,1,0,0,0,1,1,27,5150,13,8,2016,7,23,29,0,1,7,2,4,"CR-19","",0,41.91212222,-73.86763611,0,38,0,0,1,1,0,4,2,2,0,2,0,"0000000",23,34,23,47,0,20,0,0,0,1,0
36,360505,2,2,0,0,0,4,4,71,3840,19,3,2016,7,15,57,0,2,4,1,3,"SR-17K","",0,41.52429167,-74.17939167,0,12,1,0,1,1,0,1,1,1,0,1,0,"0000000",15,57,99,99,99,99,0,0,0,1,0
36,360506,2,2,0,0,0,2,2,67,6010,21,5,2016,7,0,40,0,2,7,3,5,"OLD LIVERPOOL RD","GREENPOINT AVE",0,43.08345556,-76.18219444,0,12,2,0,3,3,0,1,3,1,0,1,0,"0000000",99,99,99,99,99,99,0,0,0,1,1
36,360507,2,2,0,0,0,3,3,33,3460,6,7,2016,4,17,2,0,2,4,1,3,"SR-37","",0,44.86726944,-74.32007778,0,12,2,0,1,1,0,1,1,10,0,10,0,"0000000",17,2,17,8,17,45,0,0,0,1,0
36,360508,2,2,0,0,0,3,3,1,1290,30,7,2016,7,19,21,0,2,4,1,3,"SR-32 COHOES RD","",0,42.74328889,-73.70108611,0,5,0,0,1,1,0,1,1,10,0,10,0,"0000000",19,22,19,28,19,54,0,0,0,1,0
36,360509,1,1,0,2,2,1,1,103,3589,29,7,2016,6,23,0,0,2,7,3,6,"MASTIC RD","",0,40.78551111,-72.84603889,0,8,0,0,1,1,0,1,3,10,0,10,0,"0000000",99,99,99,99,99,99,0,0,0,1,0
36,360510,2,2,0,0,0,3,3,27,5110,8,8,2016,2,16,40,1,1,3,1,3,"SR-9 ALBANY POST RD","MILL RD",0,42.00561944,-73.86516389,0,12,6,0,2,3,0,1,1,1,0,1,0,"0000000",16,43,99,99,18,0,0,0,0,1,0
36,360511,2,2,0,0,0,2,2,81,4170,14,8,2016,1,2,42,0,2,3,4,6,"QUEENSBORO BRDGE ENTRANCE RAMP","",0,40.75048611,-73.94386111,0,12,7,0,5,1,0,1,3,1,0,1,0,"0000000",99,99,99,99,99,99,0,0,0,1,0
36,360512,1,1,0,2,2,1,1,47,4170,12,8,2016,6,16,59,0,2,5,4,6,"FLATBUSH AVE","",0,40.60912778,-73.92193056,0,8,0,0,1,1,0,1,1,1,0,1,0,"0000000",99,99,99,99,99,99,0,0,0,1,0
36,360513,1,1,0,1,1,1,1,81,4170,14,8,2016,1,7,19,1,2,3,4,6,"SPRINGFIELD BLVD","MURDOCK AVE",0,40.70351111,-73.74055278,0,8,0,0,3,2,0,1,1,1,0,1,0,"0000000",99,99,99,99,99,99,0,0,0,1,0
36,360514,1,1,0,1,1,1,1,85,4170,17,8,2016,4,4,53,0,2,4,4,6,"NARROWS RD N","",0,40.61064167,-74.09353333,0,8,0,0,1,1,0,1,4,10,0,10,0,"0000000",99,99,99,99,99,99,0,0,0,1,0
36,360515,1,1,0,0,0,1,1,27,5110,15,8,2016,2,10,49,1,1,2,1,3,"SR-9","",0,42.05516944,-73.8452,0,31,0,0,1,1,0,4,1,1,0,1,0,"0000000",10,49,11,4,88,88,0,0,0,1,0
36,360516,1,1,0,0,0,1,1,103,5810,17,8,2016,4,20,16,1,1,2,1,3,"SR-27","",0,40.88591667,-72.46681389,0,35,0,0,1,1,0,4,1,1,0,1,0,"0000000",14,11,14,18,15,24,0,0,0,1,0
36,360517,1,1,0,1,1,2,2,47,4170,26,5,2016,5,17,5,0,2,7,4,6,"VERMONT ST","WORTMAN AVE",0,40.656225,-73.88668611,0,9,0,0,2,2,0,1,1,1,0,1,0,"0000000",99,99,99,99,99,99,0,0,0,1,0
36,360518,1,1,0,1,1,1,1,81,4170,16,8,2016,3,22,36,0,2,6,4,6,"MERRICK BLVD","",0,40.685125,-73.77226111,0,8,0,0,1,1,0,1,2,1,0,1,0,"0000000",99,99,99,99,88,88,0,0,0,1,0
36,360519,2,2,0,0,0,2,2,103,6805,23,7,2016,7,23,15,0,2,7,3,5,"WELLWOOD AVE","CONKLIN ST",0,40.74380833,-73.40067778,0,12,6,0,2,3,1,1,3,1,0,1,0,"0000000",99,99,99,99,88,88,0,0,0,1,2
36,360520,1,1,0,0,0,1,1,117,3410,20,8,2016,7,18,21,0,1,6,3,5,"50 N CANAL ST","",0,43.07540556,-76.97972222,0,42,0,0,1,1,0,4,1,10,0,10,0,"0000000",18,20,18,25,88,88,0,0,0,1,0
36,360521,2,2,0,0,0,6,6,103,705,4,7,2016,2,22,46,0,1,7,2,4,"CR-21","",0,40.85341389,-72.93808333,0,12,98,0,1,1,0,1,3,2,0,2,0,"0000000",22,47,23,4,23,30,0,0,0,4,1
36,360522,1,1,0,3,3,1,1,63,9997,20,8,2016,7,0,18,0,1,4,1,3,"SR-425 SHAWNEE RD","",0,43.10145556,-78.83655556,0,8,0,0,1,1,0,1,2,10,0,10,0,"0000000",0,18,0,28,99,99,0,0,0,2,0
36,360523,1,1,0,1,1,2,2,71,5742,20,8,2016,7,20,9,1,2,1,1,1,"I-84","",147,41.411475,-74.43213333,0,8,0,0,1,1,0,1,2,1,0,1,0,"0000000",20,9,20,23,20,50,23,0,0,1,0
36,360524,2,2,0,1,1,2,2,55,5230,22,8,2016,2,11,46,0,2,7,4,6,"LAKE AVE","",0,43.17042778,-77.62743611,0,8,0,0,1,1,0,1,1,1,0,1,0,"0000000",11,47,11,51,12,35,0,0,0,1,0
36,360525,1,1,0,0,0,1,1,65,2057,23,8,2016,3,10,24,0,1,7,3,4,"CR-73 N LAKE RD","",0,43.43812778,-75.15529722,0,35,0,0,1,1,0,4,1,1,0,1,0,"0000000",10,44,10,52,11,52,0,0,0,1,1
36,360526,2,2,0,0,0,2,2,29,1500,23,8,2016,3,17,22,0,2,7,3,5,"BROADWAY","",0,42.90154444,-78.68675556,0,12,2,0,8,1,0,1,1,1,0,1,0,"0000000",17,26,17,28,17,45,0,0,0,1,0
36,360527,3,2,1,0,0,6,6,5,4170,21,8,2016,1,15,29,0,2,7,4,6,"E TREMONT AVE","",0,40.84164444,-73.86063611,0,12,1,0,1,1,0,1,1,10,0,10,0,"0000000",15,31,15,34,16,8,0,0,0,1,0
36,360528,1,1,0,0,0,1,1,27,1221,22,6,2016,4,12,30,0,1,6,3,5,"BULLS HEAD RD","",0,41.90685833,-73.79505,0,35,0,0,1,1,0,4,1,1,0,1,0,"0000000",12,24,12,41,12,52,0,0,0,1,0
36,360529,1,1,0,1,1,1,1,81,4170,24,8,2016,4,6,36,1,2,3,4,3,"SR-25A NORTHERN BLVD","223RD ST",0,40.76204167,-73.75829722,0,9,0,0,3,2,0,1,1,1,0,1,0,"0000000",99,99,99,99,99,99,0,0,0,1,0
36,360530,1,1,0,1,1,2,2,119,1550,3,3,2016,5,9,24,0,2,7,3,5,"ASHFORD AVE","KING ST",0,41.01423333,-73.85253889,0,8,0,0,3,3,0,1,1,1,0,1,0,"0000000",99,99,99,99,99,99,0,0,0,1,0
36,360531,2,2,0,0,0,6,6,65,6626,22,7,2016,6,13,12,0,1,7,3,5,"MOORE RD","",0,43.10970278,-75.45811667,0,12,11,0,8,1,0,4,1,10,0,10,0,"0000000",13,17,13,26,99,99,0,0,0,1,0
36,360532,2,2,0,0,0,2,2,51,6822,25,8,2016,5,15,35,0,1,7,3,5,"GENESEE ST","CHANDLER RD",0,42.82083889,-77.83375833,0,12,1,0,3,3,0,1,1,1,0,1,0,"0000000",15,35,15,43,99,99,0,0,0,1,0
36,360533,1,1,0,0,0,1,1,59,4090,26,8,2016,6,13,30,0,1,7,3,5,"NORTH SERVICE RD","",0,40.77046667,-73.68939722,0,42,0,0,1,1,0,10,1,1,0,1,0,"0000000",13,30,99,99,13,50,0,0,0,1,0
36,360534,1,1,0,1,1,1,1,19,3000,13,8,2016,7,23,20,0,1,6,3,4,"CR-41 HALLOCK HILL RD","",0,44.51438056,-73.51916667,0,8,0,0,8,1,0,1,2,2,0,2,0,"0000000",23,45,99,99,99,99,0,0,0,1,0
36,360535,1,1,0,0,0,1,1,1,4122,27,8,2016,7,11,19,0,1,3,3,3,"SR-443","CASS HILL RD",0,42.57541667,-73.97352778,0,31,0,0,3,4,0,4,1,1,0,1,0,"0000000",11,19,11,25,12,5,0,0,0,1,0
36,360537,1,1,0,1,1,2,2,61,4170,29,8,2016,2,13,18,0,2,7,4,6,"E 14TH ST","2ND AVE",0,40.73232778,-73.98491944,0,8,0,0,3,2,0,1,1,1,0,1,0,"0000000",99,99,99,99,99,99,0,0,0,1,0
36,360538,1,1,0,0,0,1,1,29,750,28,8,2016,1,2,35,0,2,4,4,6,"GENESEE ST","SHERMAN ST",0,42.89904444,-78.84711389,0,5,0,0,3,2,0,1,3,1,0,1,0,"0000000",2,35,99,99,99,99,0,0,0,1,0
36,360539,3,3,0,8,8,2,2,47,4170,29,8,2016,2,2,48,1,2,1,1,1,"I-278 BROOKLYN QUEENS EXPY","",0,40.72417222,-73.93750278,0,12,1,0,1,1,0,1,3,1,0,1,0,"0000000",99,99,99,99,99,99,23,0,0,1,1
36,360540,1,1,0,1,1,1,1,103,1676,30,8,2016,3,12,41,1,1,3,3,3,"SR-25","",0,41.13000556,-72.33030556,0,9,0,0,1,1,0,2,1,1,0,1,0,"0000000",12,41,12,44,13,21,0,0,0,1,0
36,360541,1,1,0,0,0,1,1,119,472,20,8,2016,7,19,50,0,1,7,3,5,"DARLINGTON RD","",0,41.19863611,-73.69679444,0,17,0,0,1,1,0,4,5,1,0,1,0,"0000000",19,58,20,12,20,48,0,0,0,1,1
36,360542,2,2,0,0,0,3,3,9,2140,1,8,2016,2,9,5,0,1,3,3,3,"SR-16","",0,42.26566667,-78.43354722,0,12,6,0,1,1,0,1,1,10,0,10,0,"0000000",9,11,9,57,10,26,0,0,0,1,0
36,360543,3,3,0,0,0,4,4,29,1899,14,7,2016,5,0,17,1,1,3,1,2,"US-20 SOUTHWESTERN BLVD","PONTIAC RD",0,42.62529722,-79.01281944,0,12,2,0,2,3,0,1,3,10,0,10,0,"0000000",0,17,0,22,88,88,0,0,0,1,0
36,360544,2,2,0,0,0,2,2,65,2043,3,8,2016,4,17,24,1,1,3,1,3,"SR-49","",0,43.19468611,-75.3589,0,12,2,0,1,1,0,1,1,10,0,10,0,"0000000",17,24,17,30,88,88,0,0,0,1,0
36,360545,2,2,0,0,0,2,2,83,5439,9,8,2016,3,16,32,1,2,3,1,3,"SR-43","",0,42.64291389,-73.6094,0,12,6,0,8,1,0,1,1,1,0,1,0,"0000000",99,99,99,99,99,99,0,0,0,1,0
36,360546,2,2,0,0,0,3,3,49,1410,6,8,2016,7,15,11,0,1,7,3,5,"JERDEN FALLS RD","",0,44.01700833,-75.32304444,0,12,2,0,8,1,0,1,1,1,0,1,0,"0000000",15,18,15,37,17,3,0,0,0,1,0
36,360547,1,1,0,0,0,2,2,59,533,18,1,2016,2,13,20,0,2,6,3,5,"STEWART AVE","",0,40.73241667,-73.48145556,0,42,0,0,1,1,0,4,1,10,0,10,0,"0000000",99,99,99,99,99,99,0,0,0,1,0
36,360548,3,1,2,1,3,1,3,55,5230,30,7,2016,7,14,30,1,1,2,1,3,"SR-104","",0,43.19143056,-77.60978333,0,8,0,0,1,1,0,2,1,1,0,1,0,"0000000",14,34,14,44,99,99,23,0,0,1,0
36,360549,1,1,0,1,1,4,4,59,4600,9,1,2016,7,18,16,0,2,7,3,5,"MAIN ST","MARION ST",0,40.72324722,-73.44193056,0,8,0,0,3,3,0,1,2,10,0,10,0,"0000000",99,99,99,99,99,99,0,0,0,1,0
36,360550,1,1,0,0,0,1,1,85,4170,15,4,2016,6,10,20,0,2,4,4,6,"SOUTH AVE","",0,40.60208611,-74.18756389,0,1,0,0,1,1,0,1,1,1,0,1,0,"0000000",99,99,99,99,99,99,0,0,0,1,0
36,360551,2,2,0,0,0,2,2,103,2920,22,6,2016,4,8,14,1,1,2,1,3,"SR-908M SOUTHERN STATE PKWY","",0,40.736625,-73.28687778,0,12,7,0,20,1,0,1,1,1,0,1,0,"0000000",8,15,8,22,8,42,0,0,0,1,0
36,360552,2,1,1,0,0,1,1,29,6090,16,8,2016,3,16,19,0,2,7,3,5,"PARKER BLVD","",0,43.01453611,-78.83578333,0,18,0,0,1,1,0,1,1,10,0,10,0,"0000000",16,21,16,27,16,58,0,0,0,1,0
36,360553,1,1,0,1,1,2,2,47,4170,18,8,2016,5,23,24,0,2,7,4,6,"LEFFERTS AVE","ALBANY AVE",0,40.66302222,-73.94001944,0,9,0,0,2,2,0,1,3,1,0,1,0,"0000000",99,99,99,99,99,99,0,0,0,1,0
36,360555,1,1,0,0,0,2,2,13,5651,20,8,2016,7,3,6,1,1,3,1,3,"SR-5 LAKE SHORE DR E","",0,42.5153,-79.27308056,0,53,0,0,1,1,0,4,2,1,0,1,0,"0000000",3,21,3,22,5,14,20,0,0,1,0
36,360556,1,1,0,0,0,1,1,39,2437,13,8,2016,7,19,16,0,1,7,2,4,"CR-26","",0,42.41331667,-73.95652222,0,7,0,0,1,1,0,4,5,10,0,10,0,"0000000",19,19,19,23,88,88,0,0,0,1,1
36,360557,1,1,0,1,1,1,1,85,4170,23,8,2016,3,17,39,0,2,3,4,6,"HYLAN BLVD","",0,40.59009722,-74.08894722,0,8,0,0,1,1,0,1,1,1,0,1,0,"0000000",99,99,99,99,99,99,0,0,0,1,0
36,360558,2,2,0,0,0,2,2,83,6110,29,8,2016,2,18,31,0,2,7,3,5,"WILLIAMS RD","PASTURE LN",0,42.691225,-73.67169444,0,12,6,0,2,3,0,1,1,1,0,1,0,"0000000",18,33,18,34,19,3,0,0,0,1,0
36,360559,1,1,0,0,0,1,1,67,810,26,8,2016,6,16,27,1,1,2,1,3,"SR-695","",0,43.06854167,-76.235725,0,35,0,0,1,1,0,4,1,1,0,1,0,"0000000",16,28,16,40,16,51,0,0,0,1,0
36,360560,2,2,0,0,0,3,3,59,2160,29,8,2016,2,5,30,0,2,3,1,3,"SR-27","HELEN AVE",0,40.65717222,-73.576075,0,12,1,0,3,2,0,1,3,1,0,1,0,"0000000",5,30,5,35,99,99,0,0,0,1,0
36,360561,1,1,0,1,1,1,1,47,4170,27,8,2016,7,18,0,0,2,7,4,6,"43RD ST","",0,40.64048889,-73.99211667,0,8,0,0,1,1,0,1,1,1,0,1,0,"0000000",99,99,99,99,99,99,0,0,0,1,0
36,360562,1,1,0,0,0,1,1,103,705,14,7,2016,5,11,20,0,1,7,3,4,"CR-21","",0,40.922625,-72.94126667,0,42,0,0,1,1,0,4,1,10,0,10,0,"0000000",99,99,99,99,88,88,0,0,0,1,0
36,360563,2,2,0,0,0,3,3,103,705,15,8,2016,2,12,55,0,2,7,3,5,"STATION RD","FARBER DR",0,40.79124722,-72.94820833,0,12,6,0,2,3,0,1,1,1,0,1,0,"0000000",99,99,99,99,99,99,0,0,0,1,0
36,360564,4,4,0,0,0,12,12,103,3523,21,8,2016,1,9,35,1,1,1,1,1,"I-495","",0,40.8562,-72.83923333,0,57,0,0,1,1,0,3,1,10,0,10,0,"0000000",9,36,9,40,99,99,3,0,0,6,0
36,360565,2,2,0,0,0,3,3,103,705,21,8,2016,1,17,14,1,1,3,1,3,"SR-112","SAGAMORE HILLS DR",0,40.9082,-73.02818333,0,12,1,0,3,3,0,1,1,10,0,10,0,"0000000",99,99,99,99,99,99,0,0,0,1,1
36,360566,1,1,0,0,0,2,2,111,4461,18,5,2016,4,18,50,0,1,4,1,3,"SR-28","",0,41.98088056,-74.18290833,0,30,0,0,1,1,0,4,1,1,0,1,0,"0000000",18,50,19,5,99,99,0,0,0,1,0
36,360567,1,1,0,1,1,1,1,5,4170,30,8,2016,3,21,15,0,2,4,4,6,"BRONXDALE AVE","",0,40.84948611,-73.86346667,0,8,0,0,1,1,0,1,3,1,0,1,0,"0000000",99,99,99,99,99,99,0,0,0,1,0
36,360568,2,2,0,0,0,2,2,37,410,1,8,2016,2,16,44,1,1,3,1,3,"SR-63 ELLICOTT STREET RD","",0,42.96383889,-78.15320278,0,12,6,0,1,1,0,1,1,1,0,1,0,"0000000",16,45,16,52,17,12,0,0,0,1,0
36,360569,2,2,0,0,0,6,6,81,4170,31,8,2016,4,4,17,1,2,1,1,1,"I-495 LONGS ISLAND EXPY","",0,40.72743611,-73.9072,0,25,0,0,1,1,0,3,3,1,0,1,0,"0000000",99,99,99,99,99,99,0,0,0,3,1
36,360570,1,1,0,0,0,1,1,109,1590,18,8,2016,5,11,42,0,1,7,3,4,"CR-105 FALL CREEK RD","NORTH RD",0,42.53795833,-76.30078056,0,32,0,0,3,3,0,4,1,10,0,10,0,"0000000",11,44,11,49,99,99,0,0,0,1,0
36,360571,2,2,0,0,0,2,2,55,4840,7,8,2016,1,18,15,0,1,7,2,4,"CR-39","",0,43.06876389,-77.55028333,0,12,1,0,1,1,0,1,1,1,0,1,0,"0000000",99,99,99,99,88,88,0,0,0,1,0
36,360572,1,1,0,1,1,1,1,5,4170,30,8,2016,3,9,33,0,2,7,4,6,"WESTCHESTER AVE","MANOR AVE",0,40.82894167,-73.87640278,0,8,0,0,3,2,0,1,1,1,0,1,0,"0000000",99,99,99,99,99,99,0,0,0,1,0
36,360573,2,2,0,0,0,2,2,89,880,1,9,2016,5,12,12,0,1,4,1,3,"SR-68","CR-14",0,44.63291389,-75.25013611,0,12,2,0,3,2,0,1,1,10,0,10,0,"0000000",99,99,99,99,88,88,0,0,0,2,0
36,360574,1,1,0,0,0,1,1,59,6250,1,9,2016,5,23,45,0,2,7,3,5,"PENINSULA BLVD","",0,40.64634167,-73.69741944,0,24,0,0,1,1,0,3,3,1,0,1,0,"0000000",11,45,11,47,88,88,0,0,0,1,0
36,360575,2,2,0,0,0,4,4,81,4170,2,9,2016,6,21,57,1,1,2,1,3,"SR-907A CROSS ISLAND PKWY","",0,40.76218333,-73.75678056,0,12,7,0,1,1,0,1,3,1,0,1,0,"0000000",99,99,99,99,88,88,0,0,0,1,0
36,360576,1,1,0,1,1,2,2,87,5077,24,8,2016,4,20,49,0,2,3,1,3,"SR-59","",0,41.10797222,-74.07495556,0,8,0,0,1,1,0,1,3,1,0,1,0,"0000000",20,49,20,50,21,20,0,0,0,1,0
36,360577,2,2,0,0,0,2,2,13,5730,2,9,2016,6,21,12,0,1,3,2,4,"CR-70","SINCLAIR DR",0,42.23049444,-79.29916944,0,12,6,1,3,3,0,1,3,1,0,1,0,"0000000",21,15,21,24,22,36,0,0,0,1,1
36,360578,1,1,0,1,1,2,2,93,5550,2,9,2016,6,12,18,0,2,7,4,6,"MCCLLEAN ST","BRADLEY BLVD",0,42.80442222,-73.91876389,0,15,0,0,3,2,0,1,1,1,0,1,0,"0000000",12,18,12,23,12,35,0,0,0,1,0
36,360579,1,1,0,1,1,1,1,61,4170,22,8,2016,2,10,2,0,2,7,4,6,"PIKE ST","DIVISION ST",0,40.71434722,-73.99254444,0,8,0,0,3,2,0,1,1,1,0,1,0,"0000000",99,99,99,99,99,99,0,0,0,1,0
36,360580,1,1,0,1,1,1,1,1,3680,1,9,2016,5,16,3,0,2,3,4,3,"SR-32 (BROADWAY)","",0,42.66937778,-73.73976944,0,8,0,0,1,1,0,1,1,1,0,1,0,"0000000",16,5,16,10,16,28,0,0,0,1,0
36,360581,1,1,0,1,1,2,2,69,4770,2,7,2016,7,13,40,1,1,1,1,1,"I-90","",3270,99.9999,999.9999,0,8,0,0,1,1,0,1,1,1,0,1,0,"0000000",13,50,99,99,14,5,23,0,0,1,0
36,360582,1,1,0,0,0,1,1,75,140,3,9,2016,7,5,0,0,1,7,3,5,"LORTON LAKE RD","",0,43.50580833,-75.89286389,0,1,0,0,1,1,0,1,2,1,0,1,0,"0000000",5,0,5,23,88,88,0,0,0,1,1
36,360583,2,2,0,0,0,2,2,103,5870,3,9,2016,7,11,25,0,1,7,3,5,"MAIN BAYVIEW RD","WILLIAMSBURGH DR",0,41.04129444,-72.42528056,0,12,2,0,2,3,0,1,1,10,0,10,0,"0000000",11,29,11,32,99,99,0,0,0,1,0
36,360584,2,2,0,1,1,2,2,55,5230,3,9,2016,7,0,22,0,2,5,4,6,"3673 LAKE AVE","GRASSMERE PARK",0,43.23734167,-77.62325833,0,8,0,0,3,3,0,1,3,10,0,10,0,"0000000",0,22,0,26,88,88,0,0,0,1,0
36,360585,1,1,0,1,1,1,1,29,156,30,8,2016,3,5,43,1,2,3,3,5,"NIAGARA FALLS BLVD","ROGER CHAFFEE DR",0,43.01870556,-78.82226111,0,8,0,0,3,2,0,1,3,1,0,1,0,"0000000",99,99,99,99,88,88,0,0,0,1,0
36,360586,1,1,0,1,1,1,1,29,1500,4,9,2016,1,13,31,0,2,5,4,6,"WALDEN AVE","",0,42.91346389,-78.68751667,0,8,0,0,1,1,0,2,1,1,0,1,0,"0000000",13,31,13,51,88,88,0,0,0,1,0
36,360587,2,2,0,0,0,5,5,55,5230,3,9,2016,7,11,48,0,2,7,4,6,"HOLLENBACK ST","STRONG ST",0,43.18875278,-77.61587778,0,12,2,0,2,3,0,1,1,1,0,1,0,"0000000",11,48,11,50,88,88,0,0,0,1,0
36,360588,2,2,0,0,0,2,2,5,4170,4,9,2016,1,20,22,1,2,1,1,1,"I-278 BRUCKNER EXPY","",0,40.82604167,-73.85861667,0,12,7,0,1,1,0,1,3,1,0,1,0,"0000000",20,23,20,24,99,99,0,0,0,1,1
36,360589,2,2,0,0,0,3,3,119,6820,5,9,2016,2,2,46,1,2,2,1,3,"SR-987D","",0,40.90083333,-73.86095833,0,12,1,0,1,1,0,1,3,10,0,10,0,"0000000",2,58,3,6,4,0,23,0,0,1,0
36,360590,1,1,0,1,1,1,1,111,3060,6,9,2016,3,21,28,0,1,4,1,3,"SR-28","FOREST HILL DR",0,41.9493,-74.04265,0,8,0,0,3,3,0,1,2,1,0,1,0,"0000000",21,28,21,30,22,9,0,0,0,1,1
36,360591,2,2,0,0,0,2,2,7,2543,5,9,2016,2,16,59,0,1,6,1,3,"SR-235","SR-7",0,42.19034167,-75.61746389,0,12,6,0,2,3,0,1,1,1,0,1,0,"0000000",99,99,99,99,99,99,0,0,0,1,1
36,360592,1,1,0,1,1,1,1,81,4170,5,9,2016,2,0,48,1,2,3,1,3,"SR-907M","",0,99.9999,999.9999,0,9,0,0,1,1,0,1,3,1,0,1,0,"0000000",99,99,99,99,88,88,0,0,0,1,0
36,360593,1,1,0,0,0,3,3,77,3890,3,9,2016,7,3,14,0,1,3,1,3,"SR-23","PEGG RD",0,42.54842222,-75.21472778,0,59,0,0,1,1,0,4,2,1,0,1,0,"0000000",3,24,3,40,88,88,0,0,0,3,1
36,360594,1,1,0,1,1,1,1,47,4170,6,9,2016,3,10,34,0,2,7,4,6,"QUENTIN RD","CONEY ISLAND AVE",0,40.6078,-73.96202778,0,8,0,0,3,2,0,1,1,1,0,1,0,"0000000",10,34,10,35,11,2,0,0,0,1,0
36,360595,1,1,0,0,0,1,1,119,2555,8,9,2016,5,11,4,1,1,1,1,1,"I-684","",0,99.9999,999.9999,0,42,0,0,1,1,0,4,1,1,0,1,0,"0000000",11,13,11,17,88,88,0,0,0,1,0
36,360596,2,2,0,0,0,2,2,91,5580,8,9,2016,5,14,24,1,1,3,1,3,"SR-50","SR-32 SCHUYLERVILLE RD",0,43.19546944,-73.65015,0,12,6,0,2,4,0,1,1,10,0,10,0,"0000000",14,24,14,33,14,58,0,0,0,1,0
36,360597,1,1,0,0,0,1,1,29,2348,8,9,2016,5,20,0,1,1,1,1,1,"I-190","",169,43.00796944,-78.95623333,0,38,0,0,1,1,0,5,1,10,0,10,0,"0000000",20,4,20,9,20,45,0,0,0,1,0
36,360598,1,1,0,0,0,1,1,103,5870,7,9,2016,4,0,39,0,1,7,2,4,"CR-48","",0,41.07825556,-72.42416389,0,42,0,0,1,1,0,4,2,1,0,1,0,"0000000",0,39,2,19,88,88,0,0,0,1,1
36,360599,1,1,0,0,0,2,2,67,6140,8,9,2016,5,22,56,1,1,1,1,1,"I-81","",0,42.80185278,-76.12231389,0,42,0,1,5,1,0,4,2,2,0,2,0,"0000000",22,58,23,9,23,48,0,0,0,1,0
36,360600,2,2,0,0,0,2,2,21,818,3,8,2016,4,7,5,1,1,1,1,1,"I-90","",207,99.9999,999.9999,0,12,1,0,1,1,0,1,4,1,0,1,0,"0000000",7,7,99,99,88,88,0,0,0,1,0
36,360601,2,2,0,0,0,3,3,29,2348,30,8,2016,3,18,10,0,1,7,3,5,"STONY POINT RD","",0,43.03778889,-78.94635,0,12,2,0,1,1,0,1,1,10,0,10,0,"0000000",99,99,99,99,99,99,0,0,0,1,1
36,360602,2,1,1,0,0,1,1,105,3850,10,9,2016,7,17,24,0,2,4,1,3,"SR-42","HEMLOCK LN",0,41.63244444,-74.71184444,0,57,0,0,3,3,0,4,1,1,0,1,0,"0000000",17,24,17,30,88,88,0,0,0,1,1
36,360603,1,1,0,1,1,3,3,61,4170,23,8,2016,3,15,50,0,2,7,4,6,"WEST END AVE","W 93RD ST",0,40.79330833,-73.97463889,0,8,0,0,3,2,0,1,1,1,0,1,0,"0000000",99,99,99,99,99,99,0,0,0,1,0
36,360604,4,2,2,0,0,8,8,81,4170,11,9,2016,1,4,23,0,2,3,4,6,"LINDEN BLVD","120TH ST",0,40.67900278,-73.8196,0,12,6,0,2,2,0,1,3,1,0,1,0,"0000000",99,99,99,99,99,99,0,0,0,1,0
36,360605,1,1,0,0,0,1,1,111,5480,11,9,2016,1,9,10,0,1,7,3,5,"BLUE MOUNTAIN CHURCH RD","",0,42.10878889,-74.02081667,0,42,0,0,1,1,0,4,1,2,0,2,0,"0000000",8,9,8,19,9,6,0,0,0,1,0
36,360606,2,2,0,0,0,2,2,59,4090,25,7,2016,2,22,15,1,1,3,1,3,"SR-908G","",0,40.77941944,-73.62560833,0,12,1,0,1,1,0,1,3,10,0,10,0,"0000000",22,15,99,99,99,99,0,0,0,1,1
36,360607,1,1,0,0,0,1,1,105,532,13,9,2016,3,17,35,0,1,3,1,3,"SR-17B","",0,41.69504167,-74.92855556,0,52,0,0,1,1,0,4,1,1,0,1,0,"0000000",17,38,17,54,19,3,0,0,0,1,0
36,360608,1,1,0,1,1,2,2,61,4170,13,9,2016,3,19,41,0,2,5,4,6,"MORNINGSIDE AVE","W 124TH ST",0,40.81070278,-73.95450278,0,8,0,0,3,2,0,1,5,1,0,1,0,"0000000",99,99,99,99,99,99,0,0,0,1,0
36,360609,2,2,0,0,0,2,2,83,4000,13,9,2016,3,8,36,0,1,4,1,3,"SR-9","",0,42.49854444,-73.67348611,0,12,2,0,1,1,0,1,1,1,0,1,0,"0000000",8,39,8,45,9,17,0,0,0,1,0
36,360610,1,1,0,0,0,1,1,119,1420,11,9,2016,1,1,50,1,1,3,1,2,"US-9","",0,41.20155,-73.88801111,0,24,0,0,1,1,0,3,2,1,0,1,0,"0000000",1,50,1,55,88,88,0,0,0,1,1