"STATE","ST_CASE","VE_TOTAL","VE_FORMS","PVH_INVL","PEDS","PERNOTMVIT","PERMVIT","PERSONS","COUNTY","CITY","DAY","MONTH","YEAR","DAY_WEEK","HOUR","MINUTE","NHS","RUR_URB","FUNC_SYS","RD_OWNER","ROUTE","TWAY_ID","TWAY_ID2","MILEPT","LATITUDE","LONGITUD","SP_JUR","HARM_EV","MAN_COLL","RELJCT1","RELJCT2","TYP_INT","WRK_ZONE","REL_ROAD","LGT_COND","WEATHER1","WEATHER2","WEATHER","SCH_BUS","RAIL","NOT_HOUR","NOT_MIN","ARR_HOUR","ARR_MIN","HOSP_HR","HOSP_MN","CF1","CF2","CF3","FATALS","DRUNK_DR"
36,360611,2,2,0,0,0,2,2,103,160,23,8,2016,3,12,24,0,2,5,3,5,"NEW HIGHWAY","ALBANY AVE",0,40.71195556,-73.40326944,0,12,6,0,2,2,0,1,1,1,0,1,0,"0000000",99,99,99,99,99,99,0,0,0,1,0
36,360612,1,1,0,0,0,1,1,55,652,20,5,2016,6,10,29,0,1,7,3,5,"ALLENS CREEK RD","CLOVER ST",0,43.11673056,-77.54797222,0,42,0,0,3,2,0,4,1,1,0,1,0,"0000000",99,99,99,99,99,99,0,0,0,1,0
36,360613,2,2,0,0,0,2,2,59,2600,8,9,2016,5,13,16,0,2,7,4,6,"FRONT ST","BURSTON ST",0,40.70941111,-73.60936389,0,5,0,0,3,3,0,1,1,1,0,1,0,"0000000",13,16,13,20,88,88,0,0,0,1,0
36,360614,1,1,0,0,0,1,1,107,4220,12,9,2016,2,22,50,0,1,3,2,4,"CR-4","",0,42.01487778,-76.45753611,0,42,0,0,1,1,0,4,2,1,0,1,0,"0000000",23,0,23,12,88,88,0,0,0,1,0
36,360615,1,1,0,0,0,1,1,13,3525,10,9,2016,7,16,5,0,1,7,3,5,"BAYVIEW RD","",0,42.17704722,-79.39593333,0,1,0,0,1,1,0,4,1,1,0,1,0,"0000000",16,7,16,21,88,88,0,0,0,1,1
36,360616,2,2,0,0,0,3,3,13,5651,14,9,2016,4,3,31,1,1,1,1,1,"I-90","",4623,99.9999,999.9999,0,12,1,0,1,1,0,1,2,1,0,1,0,"0000000",3,33,4,16,88,88,0,0,0,1,0
36,360617,1,1,0,1,1,3,3,89,3368,29,8,2016,2,15,1,1,1,3,1,3,"SR-37","TAYLOR RD",0,44.90545,-75.04458889,0,9,0,0,2,3,0,1,1,1,0,1,0,"0000000",15,1,15,5,15,35,0,0,0,1,0
36,360618,1,1,0,0,0,2,2,37,1340,15,9,2016,5,9,47,0,2,4,3,5,"2176 ANGLING RD","",0,42.97703333,-78.339975,0,42,0,0,1,1,0,4,1,1,0,1,0,"0000000",9,47,9,51,10,27,0,0,0,1,0
36,360619,1,1,0,0,0,1,1,103,3933,16,9,2016,6,23,5,0,2,7,3,5,"N COUNTRY RD","",0,40.94886667,-73.02040833,0,30,0,0,1,1,0,4,3,10,0,10,0,"0000000",99,99,99,99,88,88,0,0,0,1,1
36,360620,1,1,0,0,0,1,1,121,5994,14,9,2016,4,23,18,0,1,7,2,4,"CR-35","",0,42.75494444,-78.44526111,0,34,0,0,1,1,0,4,2,1,0,1,0,"0000000",23,24,23,29,88,88,0,0,0,1,1
36,360621,2,1,1,0,2,2,4,119,4309,9,9,2016,6,14,49,1,2,1,1,1,"I-684","",237,99.9999,999.9999,0,14,0,0,1,1,0,2,1,1,0,1,0,"0000000",14,52,14,55,15,35,0,0,0,1,0
36,360622,3,3,0,0,0,5,5,7,540,14,9,2016,4,8,58,1,1,1,1,1,"I-81","",0,42.11437778,-75.88179722,0,12,1,0,1,1,0,1,1,1,0,1,0,"0000000",8,58,9,5,99,99,0,0,0,1,0
36,360623,1,1,0,1,1,1,1,71,6163,16,9,2016,6,20,12,1,1,3,1,3,"SR-17","PATTERSON HILL RDQ",0,41.20153056,-74.18434722,0,8,0,0,3,4,0,1,3,1,0,1,0,"0000000",99,99,99,99,99,99,0,0,0,1,0
36,360624,3,3,0,0,0,3,3,119,6040,31,8,2016,4,11,23,1,2,1,1,1,"I-87","",144,99.9999,999.9999,0,12,7,0,1,1,0,1,1,10,0,10,0,"0000000",11,30,11,32,88,88,0,0,0,1,0
36,360625,1,1,0,0,0,1,1,29,3140,16,9,2016,6,11,58,0,1,7,2,4,"CR-155","",0,42.94361667,-78.59296389,0,34,0,0,1,1,0,4,1,1,0,1,0,"0000000",11,59,12,1,12,47,0,0,0,1,0
36,360626,1,1,0,1,1,1,1,81,4170,13,8,2016,7,11,57,0,2,7,4,6,"34TH AVE","86TH ST",0,40.754075,-73.88132222,0,8,0,0,3,2,0,1,1,1,0,1,0,"0000000",99,99,99,99,99,99,0,0,0,1,0
36,360627,1,1,0,1,1,5,5,61,4170,17,9,2016,7,10,41,1,2,3,4,6,"3RD AVE","E 71ST ST",0,40.76905833,-73.96109167,0,8,0,0,3,2,0,1,1,1,0,1,0,"0000000",99,99,99,99,99,99,0,0,0,1,0
36,360628,1,1,0,0,0,1,1,117,6365,20,9,2016,3,20,40,0,2,4,3,5,"WALWORTH ONTARIO RD","",0,43.17936667,-77.27349167,0,30,0,0,1,1,0,4,2,1,0,1,0,"0000000",20,41,20,59,21,35,0,0,0,1,0
36,360629,1,1,0,1,1,1,1,111,3060,20,9,2016,3,16,22,0,2,7,4,6,"BRUYN AVE","",0,41.93509722,-74.00412222,0,8,0,0,1,1,0,1,1,1,0,1,0,"0000000",16,22,16,25,16,30,0,0,0,1,0
36,360630,3,3,0,0,0,4,4,83,6110,20,9,2016,3,15,8,1,1,3,1,3,"SR-7","CR-126 COOKSBORO RD",0,42.80345556,-73.55649444,0,12,1,0,3,3,0,1,1,1,0,1,0,"0000000",15,10,15,17,15,59,0,0,0,1,0
36,360631,2,2,0,0,0,3,3,65,5120,21,9,2016,4,16,33,1,1,2,1,3,"SR-12","",0,43.38044444,-75.21047778,0,12,1,0,1,1,0,1,1,1,0,1,0,"0000000",16,33,16,45,99,99,0,0,0,1,1
36,360632,2,2,0,0,0,4,4,103,5255,22,9,2016,5,16,16,0,2,4,1,3,"SR-25A","HALLOCK LANDING RD",0,40.94528333,-72.94146667,0,12,6,0,2,2,0,1,1,1,0,1,0,"0000000",16,16,16,20,17,20,0,0,0,1,0
36,360633,1,1,0,1,1,1,1,59,4600,14,8,2016,1,23,27,0,1,3,1,3,"SR-907E BETHPAGE STATE PKWY","",0,40.71015833,-73.45535556,0,8,0,0,1,1,0,1,2,10,0,10,0,"0000000",99,99,99,99,99,99,0,0,0,1,0
36,360634,1,1,0,0,0,1,1,27,3770,19,6,2016,1,5,36,0,1,4,2,4,"CR-62","",0,41.948675,-73.50674167,0,35,0,0,1,1,0,4,4,1,0,1,0,"0000000",5,39,5,46,88,88,0,0,0,1,1
36,360635,1,1,0,1,1,1,1,103,4025,13,9,2016,3,11,50,0,2,4,2,4,"CR-25","PLEASANT VIEW RD",0,40.90025,-72.867675,0,15,0,0,3,3,0,1,1,1,0,1,0,"0000000",11,50,11,52,99,99,0,0,0,1,0
36,360636,1,1,0,5,5,1,1,13,4650,22,9,2016,5,16,56,0,1,7,3,4,"CR-23 WEEKS RD","",0,42.04901944,-79.52773333,0,49,0,0,1,1,0,1,1,1,0,1,0,"0000000",16,56,17,6,21,0,0,0,0,1,0
36,360637,1,1,0,1,1,1,1,55,5230,22,9,2016,5,23,48,0,2,7,4,6,"658 NORTH ST","",0,43.17005556,-77.59805833,0,8,0,0,1,1,0,1,3,1,0,1,0,"0000000",23,48,23,52,0,13,0,0,0,1,0
36,360638,2,2,0,0,0,2,2,21,3313,22,9,2016,5,16,26,0,1,4,1,3,"SR-82","SCHNEIDER RD",0,42.14568056,-73.74411389,0,12,6,0,2,2,0,1,1,1,0,1,0,"0000000",16,28,16,33,18,1,0,0,0,1,0
36,360639,1,1,0,0,0,1,1,43,3820,23,9,2016,6,10,53,0,1,4,2,4,"CR-46","",0,42.94203333,-74.96052778,0,34,0,0,1,1,0,4,1,10,0,10,0,"0000000",10,53,11,7,88,88,0,0,0,1,0
36,360640,2,1,1,1,1,1,1,47,4170,23,9,2016,6,20,6,0,2,7,4,6,"AVE V","",0,40.59879167,-73.93690278,0,8,0,0,1,1,0,1,3,1,0,1,0,"0000000",20,6,20,8,20,30,0,0,0,1,0
36,360641,1,1,0,1,1,1,1,71,4060,24,9,2016,7,14,0,0,1,7,3,5,"PRESSLER RD","",0,41.56736667,-74.05396111,0,8,0,0,1,1,0,1,1,1,0,1,0,"0000000",14,4,14,15,15,0,0,0,0,1,0
36,360642,1,1,0,0,0,1,1,49,2452,24,9,2016,7,20,46,0,1,4,3,5,"NORTH SOUTH RD","",0,43.66605833,-75.29213333,0,42,0,0,1,1,0,4,2,1,0,1,0,"0000000",20,46,21,4,22,31,0,0,0,1,1
36,360643,2,2,0,0,0,2,2,111,4461,24,9,2016,7,10,25,0,1,4,1,3,"SR-28","",0,41.97412222,-74.20293333,0,12,1,0,8,1,0,1,1,1,0,1,0,"0000000",10,26,10,28,11,44,0,0,0,1,0
36,360644,1,1,0,0,0,1,1,71,4560,24,9,2016,7,2,38,0,2,3,1,2,"US-209","",0,41.42299167,-74.62984167,0,42,0,0,1,1,0,4,2,10,0,10,0,"0000000",2,38,2,43,3,26,0,0,0,1,1
36,360645,1,1,0,1,1,1,1,81,4170,27,9,2016,3,6,20,0,2,7,4,6,"CENTREVILLE ST","",0,40.67765,-73.83482222,0,8,0,0,1,1,0,1,3,2,0,2,0,"0000000",99,99,99,99,99,99,0,0,0,1,0
36,360646,1,1,0,1,1,1,1,29,6090,29,9,2016,5,6,40,0,2,4,3,2,"US-62","WILLOW RIDGE DR",0,43.012375,-78.82231111,0,8,0,0,3,3,0,1,2,2,0,2,0,"0000000",6,44,6,48,6,57,0,0,0,1,0
36,360647,2,2,0,0,0,2,2,15,535,26,9,2016,2,14,24,0,1,4,3,4,"CR-64","",0,42.140875,-76.90749167,0,12,6,0,1,1,1,1,1,10,0,10,0,"0000000",14,24,14,30,15,20,0,0,0,1,0
36,360648,1,1,0,1,1,1,1,55,5230,30,9,2016,6,19,3,0,2,7,4,6,"MOUNT READ BLVD","GARLAND AVE",0,43.15856944,-77.659475,0,8,0,0,3,3,0,1,3,2,0,2,0,"0000000",19,3,19,5,19,15,0,0,0,1,0
36,360649,1,1,0,1,1,1,1,85,4170,30,9,2016,6,12,16,1,2,3,4,6,"BAY ST","CANAL ST",0,40.62669444,-74.07566667,0,8,0,0,3,2,0,1,1,2,0,2,0,"0000000",12,15,12,25,12,35,0,0,0,1,0
36,360650,1,1,0,1,1,1,1,81,4170,19,9,2016,2,6,31,0,2,7,4,6,"ROCKAWAY BLVD","144TH TERRACE",0,40.66366389,-73.77711944,0,8,0,0,3,3,0,1,4,10,0,10,0,"0000000",99,99,99,99,99,99,0,0,0,1,0
36,360651,1,1,0,1,1,1,1,47,4170,29,9,2016,5,16,45,0,2,7,4,6,"STANLEY AVE","PENNSYLVANIA AVE",0,40.65691944,-73.88945278,0,8,0,0,3,2,0,1,1,2,0,2,0,"0000000",17,0,17,10,17,20,0,0,0,1,0
36,360652,1,1,0,0,0,4,4,59,4090,1,10,2016,7,4,45,0,2,7,3,5,"SCHOOL ST","MADISON ST",0,40.75722222,-73.58213611,0,30,0,0,3,2,0,4,3,1,0,1,0,"0000000",4,50,4,54,99,99,0,0,0,1,0
36,360653,1,1,0,0,0,1,1,65,6220,26,2,2016,6,1,59,0,2,6,4,6,"MEMORIAL PKY","",0,43.08116667,-75.23701667,0,42,0,0,1,1,0,4,3,4,0,4,0,"0000000",1,59,2,2,88,88,0,0,0,1,1
36,360654,1,1,0,1,1,2,2,59,2600,23,9,2016,6,21,21,0,2,7,3,5,"HENRY ST","THORNE AVE",0,40.70278889,-73.61629444,0,8,0,0,3,3,0,1,1,1,0,1,0,"0000000",99,99,99,99,99,99,0,0,0,1,0
36,360655,2,2,0,0,0,4,4,55,680,1,10,2016,7,16,35,1,1,3,1,3,"SR-31","",0,43.19803333,-77.90145833,0,53,0,0,1,1,0,4,1,2,0,2,0,"0000000",16,25,16,30,99,99,0,0,0,1,0
36,360656,1,1,0,1,1,1,1,59,2600,4,9,2016,1,16,34,0,1,7,3,5,"NASSAU PKWAY","WASHINGTON AVE",0,40.64942222,-73.62974167,0,9,0,0,2,3,0,1,1,1,0,1,0,"0000000",99,99,99,99,99,99,0,0,0,1,0
36,360657,1,1,0,1,1,1,1,81,4170,29,9,2016,5,6,8,0,2,4,4,6,"ROCKAWAY FREEWAY","BEACH 59TH ST",0,40.59246111,-73.78906389,0,8,0,0,3,2,0,1,3,1,0,1,0,"0000000",6,8,6,10,6,18,0,0,0,1,0
36,360658,1,1,0,0,0,1,1,29,1899,1,10,2016,7,15,28,0,1,7,3,5,"CAIN RD","",0,42.60917222,-78.97802222,0,11,0,0,1,1,0,1,1,10,0,10,0,"0000000",15,34,15,42,15,49,0,0,0,1,0
36,360659,1,1,0,0,0,1,1,57,170,16,9,2016,6,19,45,0,2,7,2,4,"CR-14","LAUREL DR",0,42.97127222,-74.17051389,0,39,0,0,3,3,0,4,3,1,0,1,0,"0000000",19,45,19,50,20,30,0,0,0,1,0
36,360660,2,2,0,0,0,2,2,55,4840,2,10,2016,1,2,7,1,1,1,1,1,"I-490","",0,43.07794722,-77.48456389,0,12,2,0,1,1,0,1,3,2,0,2,0,"0000000",2,7,2,14,99,99,0,0,0,1,1
36,360661,1,1,0,1,1,1,1,61,4170,4,10,2016,3,9,49,0,2,3,4,6,"E HOUSTON ST","COLUMBIA ST",0,40.719875,-73.97875833,0,8,0,0,3,2,0,1,1,10,0,10,0,"0000000",99,99,99,99,88,88,0,0,0,1,0
36,360662,1,1,0,1,1,1,1,81,4170,5,10,2016,4,0,9,1,1,1,1,1,"I-678 VAN WYCK EXPY","",0,40.69711389,-73.81351944,0,8,0,0,1,1,0,1,3,1,0,1,0,"0000000",99,99,99,99,99,99,0,0,0,1,0
36,360663,1,1,0,1,1,1,1,63,3340,4,10,2016,3,21,16,0,1,7,3,5,"STONE RD","",0,43.20767222,-78.7316,0,8,0,0,1,1,0,1,3,1,0,1,0,"0000000",21,16,21,20,88,88,0,0,0,1,0
36,360664,2,2,0,0,0,2,2,107,4220,4,10,2016,3,15,1,0,1,3,1,3,"SR-17","",0,42.02701944,-76.44515,0,12,2,0,1,1,0,1,1,10,0,10,0,"0000000",15,1,15,17,99,99,0,0,0,1,0
36,360665,1,1,0,0,0,1,1,53,1762,24,9,2016,7,1,58,0,1,7,2,4,"CR-85","",0,42.83745,-75.56446667,0,30,0,0,1,1,0,4,3,10,0,10,0,"0000000",1,58,2,5,2,34,0,0,0,1,1
36,360666,2,2,0,0,0,3,3,71,3840,29,8,2016,2,18,22,0,1,4,1,3,"SR-17K","BARRON RD",0,41.52435833,-74.17992778,0,12,2,0,3,2,0,1,1,1,0,1,0,"0000000",18,22,18,36,19,30,0,0,0,2,0
36,360667,4,2,2,0,0,2,2,61,4170,5,10,2016,4,21,51,0,2,3,4,6,"11TH AVE","W 18TH ST",0,40.74533611,-74.008125,0,12,1,0,3,3,0,1,3,1,0,1,0,"0000000",99,99,99,99,99,99,0,0,0,1,0
36,360668,1,1,0,0,0,1,1,29,1630,6,10,2016,5,21,22,0,1,7,3,5,"OLEAN RD","",0,42.73976389,-78.59858333,0,30,0,0,1,1,0,4,2,1,0,1,0,"0000000",21,26,21,37,88,88,0,0,0,1,0
36,360669,1,1,0,0,0,1,1,75,6319,7,10,2016,6,20,17,0,1,7,3,4,"CR-6","",0,43.30935833,-76.35061667,0,42,0,0,1,1,0,4,2,10,0,10,0,"0000000",20,17,20,23,88,88,0,0,0,1,1
36,360670,3,3,0,0,0,4,4,63,4210,7,10,2016,6,6,16,0,2,5,3,5,"9521 LOCKPORT RD","",0,43.121225,-78.95261667,0,12,7,0,1,1,0,1,4,1,0,1,0,"0000000",6,16,6,19,7,3,0,0,0,1,0
36,360671,1,1,0,0,0,1,1,67,1166,24,7,2016,1,3,32,0,1,7,3,5,"LAKESHORE RD","",0,43.19914722,-76.04570833,0,32,0,0,1,1,0,4,3,10,0,10,0,"0000000",99,99,99,99,88,88,0,0,0,1,1
36,360672,1,1,0,1,1,1,1,103,1455,9,9,2016,6,19,57,0,2,5,3,5,"COMMACK RD","",0,40.76029444,-73.313375,0,8,0,0,1,1,0,1,3,1,0,1,0,"0000000",20,19,20,22,20,41,0,0,0,1,0
36,360673,1,1,0,1,1,1,1,103,705,13,9,2016,3,16,27,1,1,3,1,3,"SR-347","",0,40.86921944,-73.13078333,0,8,0,0,1,1,0,1,1,1,0,1,0,"0000000",99,99,99,99,99,99,0,0,0,1,0
36,360674,1,1,0,0,0,2,2,63,4210,9,9,2016,6,21,25,0,2,6,2,4,"CR-384","NIAGARA ST",0,43.08885833,-79.05279722,0,42,0,0,3,3,0,4,3,1,0,1,0,"0000000",21,29,21,31,22,5,0,0,0,1,0
36,360675,1,1,0,0,0,2,2,29,750,16,9,2016,6,23,58,0,2,7,4,6,"FILLMORE AVE","N PARADE AVE",0,42.90649444,-78.83902222,0,30,0,0,3,3,0,4,3,1,0,1,0,"0000000",99,99,99,99,99,99,0,0,0,1,1
36,360676,2,2,0,0,0,2,2,59,2600,6,10,2016,5,22,44,0,2,7,3,5,"NEWBRIDGE RD","OAK ST",0,40.67284167,-73.53865556,0,12,6,0,3,3,0,1,3,1,0,1,0,"0000000",99,99,99,99,88,88,0,0,0,1,0
36,360677,1,1,0,1,1,2,2,91,3650,6,7,2016,4,22,18,0,2,4,1,2,"US-4","SOUTH ST",0,42.89960278,-73.68983333,0,8,0,0,3,2,0,1,3,1,0,1,0,"0000000",99,99,99,99,99,99,0,0,0,1,0
36,360678,1,1,0,1,1,1,1,103,2840,16,9,2016,6,1,9,1,2,3,3,3,"SR-110 BROADHOLLOW RD","SPAGNOLI RD",0,40.76288333,-73.42334444,0,8,0,0,2,2,0,1,2,1,0,1,0,"0000000",1,9,1,15,2,10,0,0,0,1,0
36,360679,1,1,0,1,1,1,1,7,1880,21,9,2016,4,21,29,0,2,4,1,3,"SR-26","SOUTHERLAND RD",0,42.16998611,-76.07224722,0,8,0,0,3,3,0,1,2,1,0,1,0,"0000000",21,29,21,40,22,0,0,0,0,1,0
36,360680,1,1,0,0,0,1,1,103,5255,24,9,2016,7,8,3,0,1,7,3,4,"CR-21","",0,40.92220833,-72.94088611,0,42,0,0,1,1,0,4,1,10,0,10,0,"0000000",99,99,99,99,88,88,0,0,0,1,1
36,360681,2,2,0,0,0,2,2,57,170,23,9,2016,6,10,39,1,2,7,4,3,"SR-30","DIVISION ST",0,42.939475,-74.19388889,0,12,1,0,3,2,0,1,1,1,0,1,0,"0000000",99,99,99,99,99,99,0,0,0,1,0
36,360682,2,2,0,0,0,2,2,27,6266,24,9,2016,7,13,47,0,1,5,1,3,"SR-82","",0,41.72121944,-73.73897222,0,12,6,0,8,1,0,1,1,1,0,1,0,"0000000",13,47,13,50,88,88,0,0,0,1,0
36,360683,1,1,0,1,1,2,2,61,4170,28,9,2016,4,19,40,0,2,7,4,6,"1ST AVE","E 118TH ST",0,40.79732778,-73.93443333,0,8,0,0,3,2,0,1,3,2,0,2,0,"0000000",99,99,99,99,99,99,0,0,0,1,0
36,360684,1,1,0,0,0,1,1,79,900,3,10,2016,2,1,50,1,1,1,1,1,"I-84","",610,99.9999,999.9999,0,39,0,0,1,1,0,3,2,1,0,1,0,"0000000",1,50,2,10,88,88,0,0,0,1,0
36,360685,2,2,0,0,0,2,2,91,6430,7,10,2016,6,15,40,0,2,7,3,5,"MIDDLETOWN RD","ROBIN LANE",0,42.80836944,-73.68432222,0,12,2,0,2,3,0,1,1,1,0,1,0,"0000000",99,99,99,99,99,99,0,0,0,1,0
36,360686,1,1,0,1,1,2,2,61,4170,7,10,2016,6,14,47,0,2,7,4,6,"E 89TH ST","YORK AVE",0,40.77785556,-73.9457,0,8,0,0,3,2,0,1,1,1,0,1,0,"0000000",99,99,99,99,99,99,0,0,0,1,0
36,360687,1,1,0,0,0,1,1,59,4090,9,10,2016,1,8,35,0,2,7,3,5,"MERRICK AVE","",0,40.72950833,-73.57969444,0,42,0,0,1,1,0,4,1,1,0,1,0,"0000000",8,40,8,40,8,51,0,0,0,1,0
36,360688,1,1,0,1,1,1,1,119,6670,9,10,2016,1,4,58,0,2,6,4,6,"WESTCHESTER AVE","",0,41.03012778,-73.74882778,0,8,0,0,1,1,0,1,3,2,0,2,0,"0000000",2,48,99,99,99,99,0,0,0,1,1
36,360689,2,2,0,0,0,2,2,67,1539,8,10,2016,7,6,6,1,1,1,1,1,"I-90","",0,99.9999,999.9999,0,12,6,0,1,1,0,1,2,2,0,2,0,"0000000",6,6,6,17,88,88,0,0,0,1,0
36,360690,1,1,0,2,2,1,1,33,3460,9,9,2016,6,23,55,0,2,4,1,3,"SR-37","",0,44.87061111,-74.33848889,0,8,0,0,1,1,0,2,2,1,0,1,0,"0000000",0,1,0,3,0,30,0,0,0,1,0
36,360691,2,2,0,0,0,7,7,11,5961,17,9,2016,7,13,30,1,1,3,1,3,"SR-104","STATE BARN RD",0,43.25198889,-76.64713333,0,12,2,0,2,4,0,1,1,10,0,10,0,"0000000",13,30,13,35,99,99,0,0,0,1,1
36,360692,1,1,0,0,0,2,2,37,410,22,9,2016,5,17,9,1,1,1,1,1,"I-90","",3956,99.9999,999.9999,0,1,0,0,1,1,0,1,1,1,0,1,0,"0000000",17,9,17,19,17,58,0,0,0,1,0
36,360693,2,2,0,0,0,2,2,27,5110,27,9,2016,3,12,33,0,2,3,1,2,"US-9","E KERLEY CORNERS RD",0,42.04305278,-73.84784444,0,12,6,0,2,2,0,1,1,1,0,1,0,"0000000",12,33,12,44,13,20,0,0,0,1,0
36,360694,1,1,0,1,1,1,1,5,4170,10,10,2016,2,21,36,0,2,7,4,6,"E 162ND ST","COURTLANDT AVE",0,40.82523056,-73.91478889,0,8,0,0,3,2,0,1,3,1,0,1,0,"0000000",99,99,99,99,88,88,0,0,0,1,0
36,360695,2,1,1,0,0,1,1,47,4170,29,9,2016,5,5,20,0,2,7,4,6,"419 FRANKLIN AVE","",0,40.68460833,-73.95633611,0,14,0,0,1,1,0,7,3,1,0,1,0,"0000000",99,99,99,99,99,99,0,0,0,1,0
36,360696,1,1,0,1,1,1,1,47,4170,8,10,2016,7,18,40,0,2,7,4,6,"AVE J","",0,40.62471111,-73.96583611,0,8,0,0,1,1,0,1,3,2,0,2,0,"0000000",99,99,99,99,99,99,0,0,0,1,0
36,360697,1,1,0,0,0,2,2,27,470,10,10,2016,2,1,7,0,1,7,4,6,"WASHINTON AVE","STONE ST",0,41.50561944,-73.95083889,0,35,0,0,3,3,0,4,3,1,0,1,0,"0000000",1,9,1,39,1,53,0,0,0,1,0
36,360698,2,2,0,0,0,5,5,37,4390,7,10,2016,6,18,22,0,1,7,3,4,"CR-16","FISHER RD",0,43.08196944,-78.24691944,0,12,2,0,3,2,0,1,1,1,0,1,0,"0000000",99,99,99,99,99,99,0,0,0,1,0
36,360699,2,2,0,0,0,2,2,85,4170,10,10,2016,2,10,15,0,2,7,4,6,"WESTCOTT","BLBD",0,40.61564167,-74.12748889,0,12,6,0,2,2,0,1,1,1,0,1,0,"0000000",99,99,99,99,99,99,0,0,0,1,0
36,360700,1,1,0,1,1,2,2,1,1290,11,10,2016,3,20,21,0,2,3,1,2,"US-9","LATHAM FARMS PLAZA",0,42.75442222,-73.75873611,0,8,0,0,3,2,0,1,3,1,0,1,0,"0000000",20,21,20,24,88,88,0,0,0,1,0
36,360701,1,1,0,0,0,1,1,97,2592,11,10,2016,3,16,54,0,1,5,1,3,"SR-414","",0,42.39930278,-76.85978611,0,24,0,0,1,1,0,4,1,1,0,1,0,"0000000",16,54,17,0,17,31,0,0,0,1,0
36,360702,1,1,0,0,0,1,1,89,4538,14,10,2016,6,23,45,0,1,5,3,5,"OSWEGATCHIE TRAIL RD","",0,44.19752222,-75.06988056,0,53,0,0,1,1,0,4,3,1,0,1,0,"0000000",23,52,0,2,0,11,0,0,0,1,1
36,360703,4,4,0,3,3,7,7,59,2600,14,6,2016,3,23,0,1,2,2,1,3,"SR-908T WANTAGH STATE PKWY","",0,40.71416111,-73.53028611,0,12,1,0,1,1,0,1,3,1,0,1,0,"0000000",23,6,23,12,99,99,23,0,0,2,0
36,360704,2,2,0,0,0,2,2,7,3453,11,10,2016,3,16,41,0,1,7,3,4,"CR-45","",0,42.21218889,-76.02113889,0,12,2,0,1,1,0,1,1,1,0,1,0,"0000000",16,41,16,46,17,30,0,0,0,1,0
36,360705,1,1,0,1,1,1,1,5,4170,14,10,2016,6,12,25,0,2,7,4,6,"WEST FORDHAM RD","SEDGWICK AVE",0,40.86266111,-73.90900833,0,8,0,0,3,2,0,1,1,1,0,1,1,"0000000",99,99,99,99,99,99,0,0,0,1,0
36,360706,1,1,0,1,1,1,1,47,4170,15,9,2016,5,20,30,1,2,3,4,6,"86TH ST","BAY PARKWAY",0,40.60191667,-73.99376389,0,8,0,0,3,2,0,1,5,1,0,1,0,"0000000",99,99,99,99,99,99,0,0,0,1,0
36,360707,1,1,0,1,1,1,1,61,4170,4,10,2016,3,16,15,0,2,4,4,6,"5TH AVE","E 135TH ST",0,40.81275,-73.93761111,0,8,0,0,3,2,0,1,1,1,0,1,0,"0000000",99,99,99,99,99,99,0,0,0,1,0
36,360708,1,1,0,1,1,5,5,61,4170,24,9,2016,7,15,57,0,2,7,4,6,"WEST 52ND ST","",0,40.76126389,-73.97983056,0,8,0,0,1,1,0,1,1,1,0,1,0,"0000000",99,99,99,99,99,99,0,0,0,1,0
36,360709,1,1,0,0,0,1,1,89,2330,14,10,2016,6,16,9,0,1,5,3,5,"EMERYVILLE RD","",0,44.30979167,-75.41616944,0,42,0,0,1,1,0,4,1,1,0,1,0,"0000000",16,9,16,20,88,88,0,0,0,1,0
36,360710,2,2,0,0,0,3,3,105,6800,7,9,2016,4,8,25,1,1,3,1,3,"SR-17","",0,41.60059444,-74.55148333,0,12,1,0,1,1,0,1,1,1,0,1,0,"0000000",8,25,8,32,11,5,0,0,0,1,0
36,360711,3,1,2,0,1,1,2,103,2920,13,9,2016,3,18,43,0,1,7,3,4,"CR-85 MONTAUK HWY","",0,40.73866944,-73.12154722,0,14,0,0,1,1,0,5,1,1,0,1,0,"0000000",18,43,18,48,99,99,0,0,0,1,0
36,360712,2,2,0,0,0,2,2,55,5600,6,10,2016,5,23,43,0,1,6,2,4,"CR-383","MCGINNIS RD",0,42.99787778,-77.86068056,0,12,1,0,3,3,0,1,3,1,0,1,0,"0000000",23,44,23,53,0,45,0,0,0,1,2
36,360713,12,1,11,0,0,1,1,67,6010,14,10,2016,6,4,36,1,2,3,4,3,"SR-5 ERIE BLVD E","",0,43.05331667,-76.10834167,0,38,0,0,1,1,0,4,3,1,0,1,0,"0000000",4,36,4,39,4,59,0,0,0,1,1
36,360714,1,1,0,0,0,1,1,119,1379,15,10,2016,7,10,53,0,2,4,1,3,"SR-9A","",0,41.25543889,-73.93359722,0,30,0,0,1,1,0,4,1,1,0,1,0,"0000000",10,53,10,54,11,8,0,0,0,1,0
36,360715,1,1,0,1,1,1,1,61,4170,15,10,2016,7,9,59,0,2,7,4,6,"WEST 158TH ST","BROADWAY",0,40.83462778,-73.9443,0,8,0,0,3,2,0,1,1,1,0,1,0,"0000000",99,99,99,99,99,99,0,0,0,1,0
36,360716,1,1,0,0,0,1,1,69,830,14,10,2016,6,6,2,1,1,3,3,3,"SR-21","",0,42.76170278,-77.35805,0,24,0,0,1,1,0,4,4,10,0,10,0,"0000000",6,2,6,18,6,52,0,0,0,1,0
36,360717,1,1,0,1,1,1,1,81,4170,16,10,2016,1,17,58,0,2,4,4,6,"MORTHERN BLVD","PRINCE ST",0,40.76292778,-73.83335,0,8,0,0,3,2,0,1,3,1,0,1,0,"0000000",99,99,99,99,99,99,0,0,0,1,0