"STATE","ST_CASE","VE_TOTAL","VE_FORMS","PVH_INVL","PEDS","PERNOTMVIT","PERMVIT","PERSONS","COUNTY","CITY","DAY","MONTH","YEAR","DAY_WEEK","HOUR","MINUTE","NHS","RUR_URB","FUNC_SYS","RD_OWNER","ROUTE","TWAY_ID","TWAY_ID2","MILEPT","LATITUDE","LONGITUD","SP_JUR","HARM_EV","MAN_COLL","RELJCT1","RELJCT2","TYP_INT","WRK_ZONE","REL_ROAD","LGT_COND","WEATHER1","WEATHER2","WEATHER","SCH_BUS","RAIL","NOT_HOUR","NOT_MIN","ARR_HOUR","ARR_MIN","HOSP_HR","HOSP_MN","CF1","CF2","CF3","FATALS","DRUNK_DR"
36,360825,1,1,0,1,1,2,2,89,880,1,12,2016,5,18,55,0,1,4,1,3,"SR-68","",0,44.56069444,-75.05283889,0,8,0,0,1,1,0,1,2,2,0,2,0,"0000000",18,58,19,7,19,39,0,0,0,1,0
36,360826,1,1,0,0,0,2,2,81,4170,3,12,2016,7,20,27,0,2,5,4,6,"UNION TPKE","",0,40.71556944,-73.82632222,0,25,0,0,5,1,0,4,3,1,0,1,0,"0000000",99,99,20,46,99,99,0,0,0,1,1
36,360827,1,1,0,0,0,1,1,117,5277,3,12,2016,7,1,33,0,1,4,2,4,"CR-255","LYMAN RD",0,43.17598056,-76.83904444,0,35,0,0,3,3,0,4,2,10,0,10,0,"0000000",1,36,1,45,88,88,0,0,0,1,0
36,360828,1,1,0,0,0,1,1,75,2540,3,12,2016,7,23,18,0,1,4,2,4,"CR-3","",0,43.32405278,-76.56314444,0,42,0,0,1,1,0,4,2,10,0,10,0,"0000000",23,19,23,31,88,88,0,0,0,1,1
36,360829,2,2,0,0,0,3,3,13,2950,1,12,2016,5,14,21,1,1,3,1,3,"SR-60","GIRTS RD",0,42.150475,-79.24210556,0,12,6,0,2,3,0,1,1,10,0,10,0,"0000000",99,99,99,99,99,99,0,0,0,1,0
36,360830,1,1,0,1,1,1,1,47,4170,4,12,2016,1,5,24,0,2,4,4,6,"PROSPECT EXPRESSWAY","",0,40.65697222,-73.98218889,0,8,0,0,1,1,0,1,3,1,0,1,0,"0000000",99,99,99,99,88,88,0,0,0,1,0
36,360831,1,1,0,0,0,1,1,59,2600,4,12,2016,1,3,45,0,2,7,3,5,"FORTESQUE AVE","CHRISTOPHER ST",0,40.64151389,-73.62336667,0,17,0,0,3,3,0,4,3,1,0,1,0,"0000000",3,59,4,1,4,18,0,0,0,1,1
36,360832,1,1,0,1,1,2,2,81,4170,5,12,2016,2,23,18,1,2,2,1,3,"SR-907M GRAND CENTRAL PKWY","",0,40.75790556,-73.852575,0,8,0,0,1,1,0,1,3,1,0,1,0,"0000000",23,19,99,99,99,99,0,0,0,1,0
36,360833,1,1,0,1,1,1,1,47,4170,6,12,2016,3,20,0,0,2,7,4,6,"156 NOSTRAND AVE","",0,40.69481667,-73.95243056,0,8,0,0,1,1,0,1,3,2,0,2,0,"0000000",99,99,99,99,99,99,0,0,0,1,0
36,360834,2,2,0,0,0,2,2,87,4902,21,11,2016,2,11,44,0,2,3,1,2,"US-202","",0,41.18202778,-74.06925278,0,12,2,0,1,1,0,1,1,10,0,10,0,"0000000",11,44,11,46,99,99,0,0,0,1,0
36,360835,1,1,0,1,1,2,2,7,540,3,12,2016,7,2,5,0,2,3,4,3,"SR-434","PENNSYLVANIA AVE",0,42.08941944,-75.91795,0,8,0,0,3,4,0,1,2,1,0,1,0,"0000000",2,17,2,21,2,40,0,0,0,1,0
36,360836,3,1,2,2,2,2,2,43,3290,28,10,2016,6,8,17,1,1,1,1,1,"I-90","",2120,99.9999,999.9999,0,14,0,0,1,1,0,2,1,2,0,2,0,"0000000",8,17,8,24,11,30,0,0,0,1,0
36,360837,2,2,0,0,0,2,2,65,6275,5,12,2016,2,18,11,0,1,3,1,3,"SR-365","",0,43.16900556,-75.53847222,0,12,2,0,1,1,0,1,2,10,0,10,0,"0000000",18,11,18,20,19,4,0,0,0,1,1
36,360838,1,1,0,1,1,1,1,103,5210,5,11,2016,7,18,6,0,1,7,3,5,"OLIVER ST","",0,40.93431667,-72.66362222,0,8,0,0,1,1,0,1,3,10,0,10,0,"0000000",99,99,99,99,99,99,0,0,0,1,0
36,360839,3,1,2,0,2,1,3,103,2860,6,12,2016,3,17,40,0,2,7,3,5,"NEW YORK AVE","OAKHURST ST",0,40.81398056,-73.40776944,0,38,0,0,3,3,0,5,3,10,0,10,0,"0000000",17,43,17,50,18,11,0,0,0,1,0
36,360840,1,1,0,0,0,1,1,103,705,7,12,2016,4,19,10,0,2,7,3,5,"CHESTNUT ST","",0,40.93539167,-73.01891667,0,42,0,0,1,1,0,4,3,10,0,10,0,"0000000",99,99,99,99,88,88,0,0,0,1,0
36,360841,1,1,0,1,1,1,1,91,3462,7,12,2016,4,17,8,1,1,3,1,2,"US-9","",0,43.01414722,-73.79019167,0,8,0,0,1,1,0,1,2,10,0,10,0,"0000000",17,10,17,15,17,35,0,0,0,1,0
36,360842,1,1,0,0,0,1,1,81,4170,9,12,2016,6,12,43,0,2,3,4,6,"METROPOLITAN AVE","70TH DR",0,40.71064167,-73.85184444,0,30,0,0,3,3,0,4,1,1,0,1,0,"0000000",99,99,99,99,99,99,0,0,0,1,0
36,360843,2,2,0,1,1,3,3,55,5230,9,12,2016,6,23,50,0,2,7,4,6,"809 MONROE AVE","I-490",0,43.14255556,-77.58674722,0,8,0,0,3,2,0,1,3,10,0,10,0,"0000000",0,23,99,99,88,88,0,0,0,1,0
36,360844,1,1,0,1,1,1,1,59,4600,9,12,2016,6,19,57,0,2,7,3,5,"FOREST AVE","W 9TH ST",0,40.87481667,-73.60730278,0,9,0,0,3,3,0,1,3,1,0,1,0,"0000000",20,3,20,10,20,27,0,0,0,1,0
36,360845,1,1,0,0,0,2,2,71,1169,30,8,2016,3,6,7,1,1,1,1,1,"I-84 EXIT RAMP","",0,41.44767778,-74.36780556,0,31,0,1,20,1,0,1,2,1,0,1,0,"0000000",6,7,6,19,99,99,0,0,0,1,0
36,360846,1,1,0,1,1,1,1,7,3453,9,12,2016,6,17,32,0,1,3,3,3,"SR-26","",0,42.16710833,-76.07263333,0,8,0,0,1,1,0,2,2,10,0,10,0,"0000000",17,32,17,39,88,88,0,0,0,1,0
36,360847,2,2,0,0,0,2,2,103,5769,2,10,2016,1,22,10,1,2,3,1,3,"SR-25","TERRY RD",0,40.85501389,-73.17565,0,12,2,0,2,3,0,1,3,1,0,1,0,"0000000",99,99,99,99,99,99,0,0,0,1,0
36,360848,1,1,0,1,1,1,1,103,1335,7,10,2016,6,3,35,0,2,7,3,5,"GREAT NECK RD","DIXON AVE",0,40.68498333,-73.40133611,0,8,0,0,3,2,0,1,3,1,0,1,0,"0000000",99,99,99,99,88,88,0,0,0,1,0
36,360849,2,2,0,0,0,5,5,119,6820,14,2,2016,1,2,47,0,2,7,4,6,"PALMER RD","SUNNYBROOK RD",0,40.9414,-73.84575833,0,12,2,0,3,3,0,1,3,1,0,1,0,"0000000",2,47,2,54,99,99,0,0,0,1,1
36,360850,2,2,0,0,0,3,3,103,2920,12,11,2016,7,5,11,1,1,1,1,1,"I-495","",0,40.80508333,-73.25315278,0,12,1,0,1,1,0,1,3,1,0,1,0,"0000000",99,99,99,99,99,99,0,0,0,1,1
36,360851,1,1,0,1,1,1,1,61,4170,9,12,2016,6,16,51,0,2,6,4,6,"W 39TH ST","10TH AVE",0,40.75776667,-73.99685278,0,8,0,0,3,2,0,1,3,1,0,1,0,"0000000",99,99,99,99,17,36,0,0,0,1,0
36,360852,1,1,0,1,1,1,1,55,2395,8,12,2016,5,16,59,1,2,3,1,3,"SR-104","",0,43.21515556,-77.73467778,0,8,0,0,1,1,0,1,3,10,0,10,0,"0000000",16,59,17,6,17,34,0,0,0,1,0
36,360853,2,1,1,0,0,2,2,29,2739,1,12,2016,5,6,36,0,2,3,2,4,"CR-535","",0,42.614775,-78.58085833,0,34,0,0,1,1,0,4,2,10,0,10,0,"0000000",6,36,6,46,99,99,0,0,0,1,0
36,360854,2,2,0,0,0,2,2,115,6660,7,9,2016,4,7,4,0,1,6,3,5,"DEWEYS BRIDGE RD","",0,43.43310833,-73.4065,0,12,2,0,1,1,0,1,1,10,0,10,0,"0000000",7,8,7,29,99,99,0,0,0,1,0
36,360855,2,2,0,0,0,2,2,91,9997,15,11,2016,3,0,49,1,1,1,1,1,"I-87","",0,43.24540833,-73.68890556,0,12,1,0,1,1,0,1,2,10,0,10,0,"0000000",99,99,99,99,99,99,23,0,0,1,0
36,360856,1,1,0,0,0,1,1,103,2840,10,12,2016,7,11,50,0,2,7,3,5,"E 3RD ST","",0,40.85149444,-73.40782222,0,38,0,0,1,1,0,4,1,1,0,1,0,"0000000",11,50,11,55,12,30,0,0,0,1,0
36,360857,1,1,0,0,0,1,1,113,2481,7,8,2016,1,17,36,0,1,5,1,3,"SR-8 GRAPHITE MTN RD","",0,43.75084444,-73.56315556,0,1,0,0,1,1,0,4,1,1,0,1,0,"0000000",17,36,17,49,99,99,0,0,0,1,0
36,360858,2,2,0,0,0,3,3,103,705,27,11,2016,1,4,0,1,2,2,1,3,"SR-27","",0,40.79976111,-72.90162222,0,12,2,0,1,1,0,1,2,1,0,1,0,"0000000",4,5,4,11,4,45,0,0,0,3,1
36,360859,1,1,0,1,1,1,1,103,5981,10,11,2016,5,17,0,0,2,3,1,3,"SR-347","NEW MORICHES RD",0,40.87088889,-73.12811111,0,8,0,0,3,2,0,1,5,10,0,10,0,"0000000",99,99,99,99,99,99,0,0,0,1,0
36,360860,2,2,0,0,0,2,2,103,2920,27,9,2016,3,4,37,1,1,3,1,3,"SR-27 SUNRISE HWY","",0,40.71783611,-73.3143,0,12,2,0,1,1,0,1,2,10,0,10,0,"0000000",99,99,99,99,99,99,0,0,0,1,0
36,360861,1,1,0,0,0,1,1,99,5630,23,11,2016,4,16,11,0,1,7,3,5,"BALSLEY RD","",0,42.90867778,-76.83944722,0,48,0,0,1,1,0,4,1,10,0,10,0,"0000000",16,13,16,17,16,48,0,0,0,1,0
36,360862,1,1,0,1,1,1,1,103,2920,14,10,2016,6,9,30,0,1,3,3,5,"OAKDALE-BOHEMIA RD","SUNRISE HWY S SVC RD",0,40.752425,-73.12443889,0,9,0,0,2,2,0,1,1,1,0,1,0,"0000000",99,99,99,99,99,99,0,0,0,1,0
36,360863,2,2,0,2,2,2,2,87,6000,7,9,2016,4,23,50,0,2,4,2,2,"US-202","",0,41.16541944,-74.09259167,0,12,7,0,8,1,0,1,3,1,0,1,0,"0000000",23,57,0,1,0,17,0,0,0,1,0
36,360864,1,1,0,1,1,1,1,65,4080,17,10,2016,2,20,48,1,2,3,1,3,"SR-5","OAKDALE AVE",0,43.08023889,-75.31910556,0,8,0,0,3,3,0,1,3,10,0,10,0,"0000000",20,48,20,49,21,16,0,0,0,1,0
36,360865,1,1,0,1,1,1,1,103,2840,4,12,2016,1,17,7,1,2,3,1,3,"SR-110 NEW YORK AVE","LOWNDES AVE",0,40.85871944,-73.41643333,0,8,0,0,3,3,0,1,2,1,0,1,0,"0000000",17,8,17,10,88,88,0,0,0,1,0
36,360866,2,2,0,0,0,6,6,21,3030,1,12,2016,5,22,25,1,1,3,3,2,"US-9","CR-28",0,42.4587,-73.69455556,0,12,2,0,2,2,0,1,3,10,0,10,0,"0000000",22,25,22,31,99,99,0,0,0,1,0
36,360867,1,1,0,1,1,1,1,81,4170,13,12,2016,3,16,50,1,2,1,1,1,"I-678","",0,40.72879444,-73.83325,0,8,0,0,1,1,0,1,3,10,0,10,0,"0000000",16,50,17,7,88,88,0,0,0,1,0
36,360868,1,1,0,1,1,1,1,103,5769,5,12,2016,2,5,45,1,1,3,1,3,"SR-25 JERICHO TPK","WYANDANCH BLVD",0,40.84671389,-73.2572,0,8,0,0,2,3,0,1,2,2,0,2,0,"0000000",5,48,5,54,88,88,0,0,0,1,0
36,360869,2,2,0,0,0,2,2,71,3840,14,12,2016,4,6,55,0,1,7,3,5,"NEELYTOWN RD","",0,41.50888056,-74.21076389,0,12,2,0,1,1,0,1,1,10,0,10,0,"0000000",7,2,7,17,88,88,0,0,0,2,0
36,360870,1,1,0,1,1,1,1,61,4170,15,12,2016,5,6,48,0,2,7,4,6,"WEST 55TH AVE","12TH AVE",0,40.76988056,-73.99430556,0,9,0,0,3,4,0,1,3,1,0,1,0,"0000000",6,48,6,48,88,88,0,0,0,1,0
36,360871,2,2,0,0,0,3,3,117,4492,14,12,2016,4,12,1,1,2,3,3,3,"SR-104","FURNACE RD",0,43.22726667,-77.28198333,0,12,2,0,2,2,0,1,1,1,0,1,0,"0000000",12,2,12,7,12,39,0,0,0,1,0
36,360872,2,2,0,0,0,4,4,75,4800,15,12,2016,5,9,37,0,1,7,3,4,"CR-57","",0,43.20812778,-76.28064444,0,12,6,0,1,1,0,1,1,10,0,10,0,"0000000",9,39,9,55,12,55,0,0,0,1,0
36,360873,2,1,1,3,3,1,1,5,4170,15,12,2016,5,1,54,1,2,1,1,1,"I-95","",0,40.86673611,-73.83187222,0,14,0,0,1,1,0,2,3,1,0,1,0,"0000000",99,99,99,99,99,99,23,0,0,1,0
36,360874,2,2,0,0,0,3,3,29,156,15,12,2016,5,12,54,0,2,4,3,5,"JOHN JAMES AUBUBON PKWY","RENSCH RD",0,43.00013611,-78.79705833,0,12,2,0,2,2,0,1,1,10,0,10,0,"0000000",12,57,13,3,13,16,0,0,0,1,0
36,360875,1,1,0,0,0,1,1,87,5980,17,12,2016,7,0,41,1,1,3,1,3,"SR-987C PALISADES INT PKWY","",0,41.24555833,-74.03021389,0,42,0,0,1,1,0,3,2,10,0,10,0,"0000000",99,99,99,99,88,88,0,0,0,1,0
36,360876,2,2,0,0,0,2,2,55,680,9,12,2016,6,7,33,1,1,3,1,3,"SR-31","",0,43.19823889,-77.92034444,0,12,2,0,1,1,0,1,1,4,0,4,0,"0000000",7,33,7,42,99,99,0,0,0,1,0
36,360877,1,1,0,1,1,1,1,47,4170,19,12,2016,2,4,3,0,2,3,4,6,"JAMAICA AVE","SHEFFIELD AVE",0,40.66310556,-73.89466667,0,8,0,0,3,2,0,1,3,1,0,1,0,"0000000",4,3,4,21,4,31,0,0,0,1,0
36,360878,1,1,0,1,1,1,1,47,4170,19,12,2016,2,22,21,1,2,3,4,6,"AVE U","",0,40.60360278,-73.93213333,0,8,0,0,1,1,0,4,3,1,0,1,0,"0000000",99,99,99,99,99,99,0,0,0,1,0
36,360879,1,1,0,1,1,3,3,47,4170,13,12,2016,3,23,41,0,2,7,4,6,"60TH ST","",0,40.62812778,-73.99734722,0,8,0,0,1,1,0,1,3,1,0,1,0,"0000000",99,99,99,99,99,99,0,0,0,1,0
36,360880,2,2,0,0,0,3,3,109,2460,23,7,2016,7,9,29,0,2,6,2,4,"CR-38","",0,42.59440278,-76.36849722,0,12,9,0,8,1,0,1,1,1,0,1,0,"0000000",99,99,99,99,99,99,0,0,0,1,0
36,360881,2,2,0,0,0,3,3,117,5790,9,12,2016,6,17,54,1,1,3,1,3,"SR-104","",0,43.22198889,-77.01960556,0,12,6,0,1,1,0,1,2,4,0,4,0,"0000000",17,54,17,56,99,99,0,0,0,1,0
36,360882,1,1,0,1,1,1,1,55,2898,20,12,2016,3,6,0,0,1,7,3,5,"HUDSON AVE","",0,43.19639167,-77.60016111,0,8,0,0,1,1,0,1,3,10,0,10,0,"0000000",6,0,6,5,6,31,0,0,0,1,0
36,360883,2,2,0,0,0,4,4,11,6180,14,12,2016,4,21,31,0,1,3,1,3,"SR-326","",0,42.87049444,-76.66629444,0,12,6,0,1,1,0,1,2,10,0,10,0,"0000000",21,43,21,43,99,99,0,0,0,1,0
36,360884,2,2,0,0,0,2,2,101,420,13,12,2016,3,10,38,1,2,1,1,1,"I-86","",0,42.33944444,-77.33739722,0,12,1,0,5,1,0,1,1,10,0,10,0,"0000000",10,38,10,45,11,43,0,0,0,1,0
36,360885,1,1,0,0,0,2,2,29,1630,24,12,2016,7,9,18,0,2,5,1,3,"SR-240","",0,42.71560278,-78.67959444,0,24,0,0,1,1,0,4,1,2,0,2,0,"0000000",9,18,9,25,99,99,0,0,0,1,0
36,360886,1,1,0,1,1,1,1,47,4170,13,11,2016,1,17,15,0,2,4,4,6,"RALPH AVE","AVE J",0,40.62877222,-73.91827222,0,8,0,0,3,2,0,1,3,1,0,1,0,"0000000",99,99,99,99,99,99,0,0,0,1,0
36,360887,1,1,0,0,0,2,2,27,1565,23,12,2016,6,7,15,0,1,7,3,5,"WEIL RD","",0,41.67342778,-73.54306389,0,1,0,0,1,1,0,5,2,1,0,1,0,"0000000",8,45,10,0,88,88,0,0,0,2,1
36,360888,2,2,0,0,0,5,5,43,2120,13,12,2016,3,0,8,0,1,7,2,4,"CR-186","",0,43.03030278,-75.17038056,0,12,2,0,1,1,0,1,2,4,0,4,0,"0000000",0,15,0,25,0,55,0,0,0,1,0
36,360889,1,1,0,0,0,2,2,59,4600,24,12,2016,7,6,5,0,2,7,3,5,"WOODBURY RD","",0,40.77427778,-73.51435556,0,42,0,0,1,1,0,4,3,2,0,2,0,"0000000",6,8,6,12,88,88,0,0,0,2,0
36,360890,4,4,0,0,0,9,9,5,4170,27,12,2016,3,5,41,1,2,1,1,1,"I-95 CROSS BRONX EXPY","",0,40.84463333,-73.90353056,0,12,1,0,1,1,0,1,4,10,0,10,0,"0000000",99,99,99,99,99,99,0,0,0,3,0
36,360891,1,1,0,0,0,1,1,71,4130,22,12,2016,5,18,44,1,1,3,1,2,"US-9W","",0,41.47161944,-74.01794167,0,42,0,0,1,1,0,4,3,1,0,1,0,"0000000",18,44,18,48,88,88,0,0,0,1,1
36,360892,4,4,0,0,0,7,7,103,2840,26,12,2016,2,21,52,0,2,7,3,5,"LARKFIELD RD","5TH AVE",0,40.87286111,-73.32353889,0,12,1,0,3,2,0,1,3,10,0,10,0,"0000000",21,53,22,2,22,32,0,0,0,1,0
36,360893,1,1,0,1,1,1,1,5,4170,27,12,2016,3,11,32,0,2,7,4,6,"E 180TH ST","HUGHES AVE",0,40.84892222,-73.89042222,0,8,0,0,3,2,0,1,1,10,0,10,0,"0000000",99,99,99,99,99,99,0,0,0,1,0
36,360894,1,1,0,1,1,1,1,47,4170,28,12,2016,4,19,13,0,2,5,4,6,"LOUISIAN AVE","FLATLANDS AVE",0,40.65109167,-73.88995833,0,8,0,0,3,2,0,1,3,1,0,1,0,"0000000",99,99,99,99,99,99,0,0,0,1,0
36,360895,1,1,0,1,1,3,3,81,4170,28,12,2016,4,20,13,1,2,2,1,3,"SR-907A CROSS BRONX EXPY","",0,40.70765833,-73.72753889,0,8,0,0,1,1,0,1,3,1,0,1,0,"0000000",99,99,99,99,99,99,0,0,0,1,0
36,360896,1,1,0,1,1,1,1,85,4170,27,12,2016,3,21,5,0,2,7,4,6,"MAIN ST","BENTLEY LANE",0,40.50971111,-74.24750278,0,8,0,0,2,3,0,1,3,1,0,1,0,"0000000",99,99,99,99,99,99,0,0,0,1,0
36,360897,1,1,0,0,0,1,1,117,4030,26,12,2016,2,21,40,0,1,5,1,3,"SR-88","",0,43.10913333,-77.07851389,0,35,0,0,1,1,0,4,2,10,0,10,0,"0000000",21,45,21,53,88,88,0,0,0,1,0
36,360898,1,1,0,1,1,1,1,1,50,23,12,2016,6,19,12,0,2,7,4,6,"WASHINGTON AVE EXT","SPRINGSTEEN RD",0,42.69601111,-73.84984167,0,8,0,0,3,2,0,1,3,10,0,10,0,"0000000",19,13,19,15,88,88,0,0,0,1,1
36,360899,2,2,0,0,0,4,4,65,6220,28,12,2016,4,10,42,1,1,3,1,3,"SR-8","SR-28",0,43.22996944,-75.08796111,0,12,6,0,2,3,0,1,1,4,0,4,0,"0000000",10,42,10,42,99,99,0,0,0,1,0
36,360900,1,1,0,0,0,2,2,29,1844,29,12,2016,5,17,20,0,1,5,1,3,"SR-354 CLINTON ST","",0,42.85537222,-78.66753889,0,32,0,0,1,1,0,4,3,1,0,1,0,"0000000",17,20,17,34,99,99,0,0,0,1,0
36,360901,1,1,0,1,1,1,1,119,4930,26,10,2016,4,6,42,0,2,7,3,5,"WESTCHESTER AVE","HASECO AVE",0,41.003375,-73.66916944,0,8,0,0,2,3,0,1,3,1,0,1,0,"0000000",6,42,6,45,99,99,0,0,0,1,0
36,360902,4,4,0,0,0,5,5,1,1290,11,10,2016,3,18,41,1,1,2,1,3,"SR-7","",15,42.75670556,-73.73455833,0,12,7,0,1,1,0,1,2,1,0,1,0,"0000000",18,41,18,41,99,99,0,0,0,1,1
36,360903,1,1,0,1,1,1,1,67,1166,13,11,2016,1,6,5,1,2,3,1,2,"US-11","",0,43.14518333,-76.12678333,0,8,0,0,1,1,0,1,2,10,0,10,0,"0000000",6,6,6,16,6,30,0,0,0,1,0
36,360904,2,2,0,0,0,2,2,65,6626,29,12,2016,5,11,26,1,1,3,1,3,"SR-5","",0,43.08054167,-75.40171667,0,12,6,0,1,1,0,1,1,4,0,4,0,"0000000",11,28,11,32,88,88,0,0,0,1,0
36,360905,2,2,0,1,1,2,2,79,630,21,12,2016,4,18,9,0,1,4,1,2,"US-6 DANBURY RD","",0,41.38593889,-73.58190833,0,8,0,0,1,1,0,1,2,1,0,1,0,"0000000",18,9,18,14,88,88,0,0,0,1,0
36,360906,2,2,0,0,0,3,3,11,5633,29,12,2016,5,7,27,0,1,3,1,3,"SR-34","",0,42.99811389,-76.56326111,0,12,6,0,1,1,0,1,1,4,0,4,0,"0000000",7,27,7,35,7,59,0,0,0,1,0
36,360907,1,1,0,1,1,1,1,81,4170,19,12,2016,2,12,30,0,2,7,4,6,"35-32 21ST ST","",0,40.76085833,-73.93591944,0,8,0,0,1,1,0,1,1,1,0,1,0,"0000000",99,99,99,99,99,99,0,0,0,1,0
36,360908,1,1,0,1,1,1,1,119,2555,29,12,2016,5,6,45,1,1,1,1,1,"I-95","",108,99.9999,999.9999,0,8,0,0,1,1,0,1,3,10,0,10,0,"0000000",6,54,7,1,7,39,0,0,0,1,0
36,360909,2,2,0,0,0,2,2,103,5210,30,12,2016,6,5,54,1,2,3,3,4,"CR-58 OLD COUNTRY RD","HARRISON AVE",0,40.93004167,-72.68108889,0,12,2,0,2,2,0,1,3,1,0,1,0,"0000000",5,57,6,0,6,16,0,0,0,1,0
36,360910,1,1,0,0,0,2,2,39,970,6,12,2016,3,14,3,0,1,7,2,4,"CR-47","",0,42.15721944,-73.94658611,0,42,0,0,1,1,0,4,1,10,0,10,0,"0000000",14,7,14,16,15,46,0,0,0,1,0
36,360911,1,1,0,1,1,3,3,103,5810,20,11,2016,1,2,22,1,1,2,1,3,"SR-27 SUNRISE HWY","",0,40.88356944,-72.52913611,0,8,0,0,1,1,0,1,2,2,0,2,0,"0000000",2,28,2,31,2,49,0,0,0,1,0
36,360912,2,2,0,0,0,4,4,65,6270,30,12,2016,6,1,57,1,1,3,1,3,"SR-5","",0,43.07405833,-75.46874722,0,12,6,0,1,1,0,1,2,4,0,4,0,"0000000",1,58,2,5,99,99,0,0,0,1,0
36,360913,1,1,0,0,0,2,2,63,9997,23,12,2016,6,13,24,0,1,3,1,3,"SR-429","LOCKPORT RD",0,43.12024444,-78.88984722,0,42,0,0,1,1,0,4,1,10,0,10,0,"0000000",13,26,13,44,14,6,0,0,0,1,0
36,360914,2,2,0,0,0,2,2,91,6731,22,12,2016,5,5,58,1,1,1,1,1,"I-87","",309,43.10259722,-73.75275,0,12,1,0,7,1,0,1,2,4,0,4,0,"0000000",6,8,6,14,6,59,0,0,0,1,0
36,360915,1,1,0,1,1,1,1,55,5230,29,12,2016,5,2,36,0,2,7,4,6,"BEAUFORT ST","HENRIETTA ST",0,43.13989167,-77.59231111,0,8,0,0,8,1,0,5,3,10,0,10,0,"0000000",99,99,99,99,99,99,0,0,0,1,1
36,360916,1,1,0,0,0,1,1,105,1954,28,12,2016,4,5,27,0,1,7,2,4,"CR-57","",0,41.67673056,-74.57298333,0,42,0,0,1,1,0,4,2,10,0,10,0,"0000000",5,27,5,40,6,53,0,0,0,1,0
36,360917,1,1,0,0,0,3,3,15,2800,13,10,2016,5,0,11,1,1,1,1,1,"I-86","",0,42.151525,-76.80598611,0,30,0,1,5,1,0,4,2,10,0,10,0,"0000000",0,16,0,23,99,99,0,0,0,1,1
36,360918,1,1,0,0,0,1,1,1,5090,14,12,2016,4,0,2,1,1,3,3,2,"US-9W","",0,42.49789167,-73.82096389,0,1,0,0,1,1,0,4,2,1,0,1,0,"0000000",0,5,0,10,88,88,0,0,0,1,0
36,360919,1,1,0,1,1,1,1,119,4890,24,1,2016,1,11,5,0,1,7,3,5,"520 WASHINGTON AVE","",0,41.14903611,-73.78199722,0,8,0,0,1,1,0,1,1,1,0,1,0,"0000000",11,6,11,20,12,0,0,0,0,1,0
36,360920,1,1,0,1,1,1,1,5,4170,16,12,2016,6,20,41,0,2,7,4,6,"STORY AVE","COLGATE AVE",0,40.8213,-73.88035833,0,8,0,0,3,2,0,1,3,1,0,1,0,"0000000",99,99,99,99,99,99,0,0,0,1,0
36,360921,3,2,1,0,0,2,2,47,4170,4,12,2016,1,2,13,0,2,7,4,6,"12TH AVE","40TH ST",0,40.64138889,-73.98909444,0,12,6,0,2,2,0,1,3,1,0,1,0,"0000000",2,15,2,19,2,55,0,0,0,1,0
36,360922,1,1,0,1,1,1,1,75,4540,9,12,2016,6,22,31,1,1,3,1,3,"SR-104","",0,43.42412222,-76.57285556,0,9,0,0,1,1,0,1,2,10,0,10,0,"0000000",22,41,22,47,23,1,0,0,0,1,1
36,360923,1,1,0,0,0,1,1,65,3198,21,9,2016,4,16,45,1,1,3,1,3,"SR-26","",0,43.30766667,-75.47349444,0,32,0,0,1,1,0,4,1,1,0,1,0,"0000000",16,47,16,56,17,56,0,0,0,1,0
36,360924,1,1,0,1,1,2,2,59,2600,20,7,2016,4,23,55,0,2,7,3,6,"OLD COUNTRY RD","SALISBURY PK DR",0,40.74951111,-73.57960833,0,8,0,0,3,2,0,1,3,1,0,1,0,"0000000",99,99,99,99,99,99,0,0,0,1,0
36,360925,1,1,0,1,1,1,1,59,2370,15,9,2016,5,11,35,0,2,7,3,5,"SHOREWARD DR","",0,40.78758333,-73.72295833,0,8,0,0,1,1,0,1,1,1,0,1,0,"0000000",99,99,99,99,99,99,0,0,0,1,0
36,360926,1,1,0,0,0,1,1,59,4090,18,9,2016,1,5,30,0,2,5,4,6,"HERRICKS RD","WILSON BLVD",0,40.74826667,-73.65760833,0,46,0,0,3,2,0,4,3,1,0,1,0,"0000000",99,99,99,99,99,99,0,0,0,1,0
36,360927,1,1,0,1,1,1,1,59,4090,30,9,2016,6,9,50,0,2,5,4,6,"S MIDDLE NECK RD","",0,40.78614444,-73.72518611,0,8,0,0,1,1,0,1,1,10,0,10,0,"0000000",99,99,99,99,99,99,0,0,0,1,0
36,360928,1,1,0,0,0,1,1,75,5607,29,12,2016,5,2,26,0,2,4,2,4,"CR-53","",0,43.44171111,-76.45075833,0,42,0,0,1,1,0,4,2,10,0,10,0,"0000000",2,26,2,37,3,3,0,0,0,1,1
36,360929,1,1,0,0,0,1,1,59,5370,21,8,2016,1,12,23,0,2,7,3,5,"BAYVIEW AVE","",0,40.79705833,-73.74659167,0,33,0,0,1,1,0,4,1,1,0,1,0,"0000000",99,99,99,99,99,99,0,0,0,1,0
36,360930,4,4,0,0,0,5,5,91,5470,30,11,2016,4,8,1,0,2,3,1,3,"SR-50","WEST AVE",0,43.06125833,-73.80278611,0,12,6,0,2,3,0,1,1,10,0,10,0,"0000000",99,99,99,99,99,99,0,0,0,1,0
36,360931,2,2,0,0,0,3,3,119,6825,16,12,2016,6,17,12,0,1,7,3,5,"BROAD ST","BENJAMIN BLVD",0,41.29146111,-73.78116389,0,12,8,0,3,3,0,1,3,1,0,1,0,"0000000",99,99,99,99,99,99,0,0,0,1,0