"STATE","ST_CASE","VE_TOTAL","VE_FORMS","PVH_INVL","PEDS","PERNOTMVIT","PERMVIT","PERSONS","COUNTY","CITY","DAY","MONTH","YEAR","DAY_WEEK","HOUR","MINUTE","NHS","RUR_URB","FUNC_SYS","RD_OWNER","ROUTE","TWAY_ID","TWAY_ID2","MILEPT","LATITUDE","LONGITUD","SP_JUR","HARM_EV","MAN_COLL","RELJCT1","RELJCT2","TYP_INT","WRK_ZONE","REL_ROAD","LGT_COND","WEATHER1","WEATHER2","WEATHER","SCH_BUS","RAIL","NOT_HOUR","NOT_MIN","ARR_HOUR","ARR_MIN","HOSP_HR","HOSP_MN","CF1","CF2","CF3","FATALS","DRUNK_DR"
36,360932,1,1,0,0,0,1,1,87,9997,7,12,2016,4,10,49,1,1,1,1,1,"I-87","",283,99.9999,999.9999,0,31,0,0,1,1,0,4,1,10,0,10,0,"0000000",10,49,10,56,11,52,0,0,0,1,0
36,360933,2,2,0,0,0,2,2,29,750,26,11,2016,7,2,11,0,2,7,4,6,"BROADWAY","SCHUTRUM ST",0,42.89647222,-78.81770556,0,12,2,0,2,3,0,1,3,2,0,2,0,"0000000",99,99,99,99,99,99,0,0,0,1,0
36,360934,2,2,0,0,0,2,2,105,4028,14,12,2016,4,7,7,0,1,3,1,3,"SR-55","",0,41.85848056,-74.58151389,0,12,2,0,1,1,0,1,1,10,0,10,0,"0000000",7,26,7,41,10,0,0,0,0,1,0
36,360935,1,1,0,0,0,1,1,67,3310,15,12,2016,5,99,99,1,2,3,1,3,"SR-370","",0,43.09668889,-76.20221667,0,3,0,0,1,1,0,4,9,4,0,4,0,"0000000",21,37,21,44,88,88,0,0,0,1,0
36,360936,1,1,0,0,0,2,2,103,2840,17,12,2016,7,12,56,1,1,3,1,3,"SR-908G","",0,40.82518333,-73.36445278,0,1,0,0,1,1,0,1,1,2,0,2,0,"0000000",99,99,99,99,13,28,0,0,0,1,0
36,360937,1,1,0,1,1,1,1,103,2920,27,11,2016,1,4,48,1,2,1,1,1,"I-495","",0,40.80870556,-73.17099722,0,8,0,0,1,1,0,1,3,1,0,1,0,"0000000",99,99,99,99,88,88,0,0,0,1,0
36,360938,4,4,0,0,0,5,5,103,5520,31,12,2016,7,5,0,1,2,3,1,3,"SR-27","",0,40.76283889,-73.09075278,0,12,1,0,1,1,0,1,2,1,0,1,0,"0000000",5,1,99,99,99,99,0,0,0,1,1
36,360939,1,1,0,1,1,2,2,103,2920,23,11,2016,4,17,14,0,2,7,3,5,"1597 MANATUCK BLVD","",0,40.75644722,-73.27120833,0,8,0,0,1,1,0,1,3,10,0,10,0,"0000000",99,99,99,99,88,88,0,0,0,1,0
36,360940,1,1,0,2,2,4,4,109,2170,4,12,2016,1,17,11,0,1,4,2,4,"CR-182","",0,42.522225,-76.41482222,0,8,0,0,1,1,0,1,2,10,0,10,0,"0000000",17,12,17,20,99,99,0,0,0,1,0
36,360941,2,2,0,0,0,2,2,67,1179,31,10,2016,2,22,40,0,1,7,2,4,"CR-45","",0,43.13304167,-76.18682222,0,12,2,0,1,1,0,1,2,1,0,1,0,"0000000",22,40,22,41,23,23,0,0,0,1,0
36,360942,2,2,0,0,0,3,3,7,4935,28,12,2016,4,22,45,1,1,1,1,1,"I-88","",0,42.18568611,-75.71610278,0,12,1,0,1,1,0,1,2,10,0,10,0,"0000000",23,0,23,18,23,57,0,0,0,1,1
36,360943,1,1,0,1,1,1,1,55,2395,10,11,2016,5,19,46,0,2,7,3,5,"LATTA RD","ISLAND COTTAGE RD",0,43.25286389,-77.66536111,0,8,0,0,3,3,0,1,3,10,0,10,0,"0000000",19,46,19,51,20,33,0,0,0,1,0
36,360944,1,1,0,1,1,1,1,55,2395,4,12,2016,1,11,57,0,2,7,3,5,"830 FLYNN RD","",0,43.27138611,-77.71498611,0,8,0,0,1,1,0,1,1,1,0,1,0,"0000000",11,57,12,3,12,32,0,0,0,1,0
36,360945,1,1,0,0,0,2,2,105,3913,26,12,2016,2,14,2,0,1,6,2,4,"CR-54","",0,41.69405278,-74.53741389,0,24,0,0,1,1,0,4,1,98,0,98,0,"0000000",99,99,99,99,99,99,0,0,0,1,0
36,360946,1,1,0,1,1,1,1,103,360,14,12,2016,4,22,0,0,2,7,4,6,"PARK AVE","",0,40.70209167,-73.32903333,0,8,0,0,1,1,0,1,3,1,0,1,0,"0000000",22,1,22,2,22,15,0,0,0,1,0
36,360947,1,1,0,0,0,2,2,71,4060,22,12,2016,5,13,47,0,2,6,3,5,"QUAKER ST","",0,41.58690833,-74.09136667,0,42,0,0,1,1,0,4,1,1,0,1,0,"0000000",99,99,99,99,99,99,0,0,0,1,1
36,360948,2,2,0,0,0,3,3,103,5769,28,12,2016,4,21,9,0,2,3,1,3,"SR-347","SR-111",0,40.83046667,-73.19808333,0,12,6,0,2,2,0,1,3,10,0,10,0,"0000000",99,99,99,99,99,99,0,0,0,1,0
36,360949,1,1,0,0,0,1,1,29,3070,16,9,2016,6,3,39,0,2,4,4,6,"RIDGE RD","",0,42.82830278,-78.81317222,0,38,0,0,1,1,0,4,2,1,0,1,0,"0000000",3,39,3,40,4,10,0,0,0,1,0
36,360950,1,1,0,1,1,1,1,61,4170,18,8,2016,5,15,46,0,2,7,4,6,"E 108TH ST","",0,40.79546944,-73.94981667,0,8,0,0,4,1,0,1,1,1,0,1,0,"0000000",99,99,99,99,99,99,0,0,0,1,0
36,360951,2,1,1,1,1,1,1,61,4170,8,11,2016,3,22,16,0,2,7,4,6,"MADISON AVE","E 116TH ST",0,40.79998889,-73.94486667,0,8,0,0,3,2,0,1,3,1,0,1,0,"0000000",99,99,99,99,99,99,0,0,0,1,0
36,360952,2,1,1,0,0,1,1,47,4170,25,4,2016,2,11,5,0,2,7,4,6,"CAMBRIDGE PL","",0,40.68350556,-73.96279722,0,14,0,0,1,1,0,7,1,1,0,1,0,"0000000",99,99,99,99,99,99,0,0,0,1,0
36,360953,1,1,0,1,1,1,1,55,5230,28,9,2016,4,15,31,0,2,7,4,6,"SENECA AVE","SR-104 SERVICE RD",0,43.19182778,-77.60868333,0,9,0,0,2,2,0,1,1,1,0,1,0,"0000000",99,99,99,99,99,99,0,0,0,1,0
36,360954,2,2,0,0,0,3,3,29,750,13,1,2016,4,16,32,1,2,3,1,2,"US-62 BAILEY AVE","",0,42.87015833,-78.82136111,0,12,6,0,8,1,0,1,1,10,0,10,0,"0000000",99,99,99,99,99,99,0,0,0,1,0
36,360955,1,1,0,0,0,1,1,119,6825,13,2,2016,7,10,12,1,1,3,1,2,"US-6","",0,41.33037222,-73.83604444,0,1,0,0,1,1,0,1,1,1,0,1,0,"0000000",99,99,99,99,99,99,0,0,0,1,0
36,360956,1,1,0,1,1,1,1,119,3940,24,2,2016,4,6,28,0,2,7,4,6,"N TERRACE AVE","W GRAND ST",0,40.92574444,-73.83847222,0,8,0,0,2,2,0,1,2,2,0,2,0,"0000000",6,28,6,35,88,88,0,0,0,1,0
36,360957,1,1,0,1,1,1,1,47,4170,10,3,2016,5,6,10,0,2,5,4,6,"GRAND ST","UNION AVE",0,40.71098333,-73.95096111,0,8,0,0,3,2,0,1,4,1,0,1,0,"0000000",99,99,99,99,99,99,0,0,0,1,0
36,360958,1,1,0,1,1,1,1,87,4063,17,4,2016,1,8,40,0,2,7,3,5,"DEMAREST MILL RD W","",0,41.0997,-73.99859167,0,8,0,0,8,1,0,1,1,1,0,1,0,"0000000",99,99,99,99,99,99,0,0,0,1,0
36,360959,1,1,0,0,0,1,1,73,5195,26,4,2016,3,13,30,1,1,3,1,3,"SR-31 TELEGRAPH RD","",0,43.21814722,-78.42501944,0,23,0,0,1,1,0,4,1,1,0,1,0,"0000000",99,99,99,99,99,99,0,0,0,1,0
36,360960,1,1,0,0,0,1,1,71,1370,6,1,2016,4,15,13,0,1,7,3,5,"MILL ST","OLD MILL ST",0,41.43973889,-74.05189722,0,31,0,0,3,4,0,4,1,1,0,1,0,"0000000",99,99,99,99,99,99,0,0,0,1,0
36,360961,1,1,0,1,1,1,1,1,50,2,6,2016,5,21,35,0,2,3,1,3,"SR-5 CENTRAL AVE","",0,42.6573,-73.763975,0,8,0,0,1,1,0,1,3,1,0,1,0,"0000000",99,99,99,99,99,99,0,0,0,1,0
36,360962,2,1,1,0,0,1,1,67,6010,11,6,2016,7,15,24,0,2,7,4,6,"BUTTERNUT ST","S ALVORD ST",0,43.06185278,-76.14486667,0,14,0,0,3,2,0,2,1,1,0,1,0,"0000000",99,99,99,99,99,99,0,0,0,1,0
36,360963,3,3,0,0,0,4,4,119,2585,22,6,2016,4,15,49,1,2,4,1,3,"SR-9A SAW MILL RIVER RD","DANA RD",0,41.08123889,-73.81851389,0,12,6,0,2,2,0,1,1,1,0,1,0,"0000000",15,49,15,55,16,24,14,0,0,2,0
36,360964,1,1,0,0,0,1,1,103,3610,22,3,2016,3,13,0,0,2,7,3,5,"ELIJAHS LANE","",0,41.00726944,-72.51799167,0,10,0,0,6,1,0,1,1,1,0,1,0,"9999999",13,10,13,17,14,10,0,0,0,1,0
36,360965,5,5,0,0,0,11,11,103,5810,14,11,2016,2,20,5,0,2,7,3,5,"FLANDERS RD","",0,40.90375278,-72.60491111,0,12,8,0,1,1,0,1,3,10,0,10,0,"0000000",99,99,99,99,99,99,0,0,0,1,1
36,360966,1,1,0,1,1,1,1,77,6170,5,12,2016,2,17,8,0,1,5,1,3,"SR-7","",0,42.32943889,-75.3018,0,8,0,0,1,1,0,2,2,10,0,10,0,"0000000",17,8,17,18,19,8,0,0,0,1,0
36,360967,2,2,0,0,0,2,2,103,450,3,12,2016,7,11,53,0,2,7,3,5,"PINE ACRES BLVD","HURON DR",0,40.73760278,-73.2701,0,12,6,0,2,2,0,1,1,1,0,1,0,"0000000",99,99,99,99,99,99,0,0,0,1,0
36,360968,2,2,0,0,0,4,4,103,3715,16,12,2016,6,15,49,0,1,4,3,5,"ROCKY POINT RD","WHISKEY RD",0,40.90777778,-72.94196389,0,12,6,0,2,2,0,1,1,1,0,1,0,"0000000",99,99,99,99,99,99,0,0,0,2,0
36,360969,1,1,0,1,1,2,2,29,750,25,10,2016,3,19,18,0,2,7,4,6,"FILLMORE AVE","SYCAMORE ST",0,42.89771111,-78.83914722,0,8,0,0,3,2,0,1,3,1,0,1,0,"0000000",99,99,99,99,99,99,0,0,0,1,0
37,370001,2,2,0,0,0,3,3,9,0,20,1,2016,4,14,10,1,1,3,1,2,"US-221","",0,36.374425,-81.49278333,0,12,2,0,1,1,0,1,1,4,0,4,0,"0000000",14,9,14,18,14,54,0,0,0,1,0
37,370002,1,1,0,0,0,2,2,11,0,21,1,2016,5,14,42,0,1,3,98,3,"SR-1370","",0,99.9999,999.9999,0,35,0,0,1,1,0,4,1,10,0,10,0,"0000000",14,21,14,50,15,50,0,0,0,1,0
37,370003,2,2,0,0,0,3,3,11,0,20,1,2016,4,14,18,1,1,3,1,2,"US-221","",0,36.01935556,-81.92995,0,12,6,0,1,1,0,1,1,4,0,4,0,"0000000",14,14,14,22,14,40,0,0,0,1,0
37,370004,2,2,0,0,0,2,2,13,0,15,1,2016,6,6,37,0,1,3,98,3,"SR-1507","SR-1520",0,35.56618611,-76.983525,0,12,6,0,2,2,0,1,2,1,0,1,0,"0000000",6,32,6,43,88,88,0,0,0,1,0
37,370005,1,1,0,1,1,1,1,15,5090,4,1,2016,2,18,55,0,2,7,98,6,"COOPER HILL RD","",0,35.97784722,-76.90670556,0,8,0,0,1,1,0,1,2,1,0,1,0,"0000000",99,99,99,99,88,88,0,0,0,1,0
37,370006,1,1,0,0,0,2,2,17,0,25,1,2016,2,16,28,0,1,3,98,3,"SR-131","",0,34.53208889,-78.79554722,0,34,0,0,1,1,0,4,1,1,0,1,0,"0000000",16,20,16,29,17,7,0,0,0,1,0
37,370007,1,1,0,0,0,3,3,25,0,3,1,2016,1,19,15,0,1,3,98,3,"SR-2446","",0,35.405675,-80.43278333,0,43,0,0,1,1,0,4,2,1,0,1,0,"0000000",19,13,19,24,19,48,0,0,0,1,0
37,370008,1,1,0,0,0,1,1,25,0,13,1,2016,4,22,14,0,1,3,98,3,"SR-1449","",0,35.421825,-80.74326111,0,32,0,0,1,1,0,4,2,1,0,1,0,"0000000",22,10,22,18,88,88,0,0,0,1,0
37,370009,2,2,0,0,0,4,4,25,0,31,1,2016,1,17,48,0,1,3,98,3,"SR-1608","",0,99.9999,999.9999,0,12,2,0,1,1,0,1,5,1,0,1,0,"0000000",17,55,18,10,19,0,0,0,0,2,1
37,370010,1,1,0,1,1,2,2,35,3300,21,1,2016,5,19,16,0,2,3,98,3,"SR-10","",0,35.65669167,-81.207675,0,8,0,0,1,1,0,1,2,10,0,10,0,"0000000",19,17,19,21,88,88,0,0,0,1,0
37,370011,1,1,0,0,0,1,1,35,0,22,1,2016,6,2,0,0,1,3,98,3,"SR-1325","",0,35.79351944,-81.33722778,0,35,0,0,1,1,0,4,2,8,0,8,0,"0000000",10,3,10,16,88,88,0,0,0,1,1
37,370012,1,1,0,0,0,1,1,37,0,12,1,2016,3,1,11,0,1,3,98,3,"SR-1003","",0,35.75161389,-79.409075,0,34,0,0,1,1,0,4,2,1,0,1,0,"0000000",1,9,1,20,88,88,0,0,0,1,0
37,370013,1,1,0,0,0,1,1,37,0,17,1,2016,1,0,45,0,1,3,98,3,"SR-1107","US-64",0,35.721075,-79.47371389,0,42,0,0,3,3,0,4,2,1,0,1,0,"0000000",0,42,0,53,99,99,0,0,0,1,1
37,370014,2,2,0,0,0,2,2,39,3230,4,1,2016,2,10,55,0,2,7,98,6,"HILL ST","",0,35.09487222,-84.02646389,0,12,2,0,1,1,0,1,1,1,0,1,0,"0000000",10,51,10,54,11,54,0,0,0,1,1
37,370015,1,1,0,0,0,2,2,47,0,29,1,2016,6,15,33,1,1,3,1,2,"US-74","",0,34.44037778,-78.95531944,0,24,0,0,1,1,0,4,1,1,0,1,0,"0000000",15,28,15,43,16,47,0,0,0,2,0
37,370016,5,5,0,0,0,8,8,49,0,6,1,2016,4,9,53,1,1,3,1,2,"US-17","",0,35.30671944,-77.15666667,0,12,1,0,1,1,0,1,1,10,0,10,0,"0000000",9,50,9,58,99,99,14,0,0,1,0
37,370017,1,1,0,0,0,1,1,49,2078,26,1,2016,3,22,6,0,2,3,1,2,"US-70","",99999,34.91760278,-76.94201944,0,52,0,0,1,1,0,4,2,1,0,1,0,"0000000",22,8,22,14,88,88,0,0,0,1,1
37,370018,1,1,0,0,0,3,3,51,0,15,1,2016,6,23,55,0,1,5,98,4,"CR-1600 MCCORMICK BRIDGE RD","",99999,35.21463611,-78.93098611,0,42,0,0,1,1,0,4,2,10,0,10,0,"0000000",23,54,0,2,0,42,0,0,0,2,1
37,370019,2,2,0,0,0,2,2,51,1670,16,1,2016,7,17,33,0,2,3,98,6,"GILLESPIE ST","",99999,35.01608333,-78.89672222,0,12,2,0,1,1,0,1,3,1,0,1,0,"0000000",99,99,99,99,99,99,0,0,0,1,0
37,370020,2,2,0,0,0,4,4,53,0,13,1,2016,4,16,5,0,1,4,1,2,"US-158","",99999,36.10932778,-75.82391667,0,12,6,0,8,1,0,1,1,1,0,1,0,"0000000",16,8,16,18,16,32,0,0,0,1,0
37,370021,1,1,0,1,1,3,3,57,2620,1,1,2016,6,19,28,0,2,4,98,6,"MARTIN LUTHER KING JR. BLVD","",99999,35.81631667,-80.234125,0,8,0,0,1,1,0,1,3,1,0,1,0,"0000000",99,99,99,99,99,99,0,0,0,1,1
37,370022,1,1,0,1,1,1,1,57,2620,9,1,2016,7,20,48,0,2,7,98,6,"SOUTH SALISBURY ST","",99999,35.81296389,-80.26355556,0,8,0,0,1,1,0,1,3,2,10,2,0,"0000000",20,48,20,53,21,6,0,0,0,1,0
37,370023,1,1,0,0,0,2,2,57,0,30,1,2016,7,20,46,0,1,3,98,4,"CR-2123 NATIONAL HWY","",99999,35.89858056,-80.06776667,0,34,0,0,1,1,0,4,2,1,0,1,0,"0000000",20,44,20,51,21,16,0,0,0,1,0
37,370024,3,3,0,0,0,8,8,59,0,30,1,2016,7,19,37,0,1,4,1,2,"US-601","CR-1414 ANGELL RD",99999,35.97736944,-80.62193056,0,12,6,0,2,2,0,1,5,1,0,1,0,"0000000",19,36,19,42,99,99,0,0,0,1,0
37,370025,1,1,0,0,0,1,1,63,1360,4,1,2016,2,23,8,0,2,3,1,2,"US-70 BYPASS","",99999,35.97963056,-78.8578,0,1,0,0,1,1,1,3,2,1,0,1,0,"0000000",99,99,99,99,88,88,19,0,0,1,1
37,370026,2,2,0,0,0,4,4,67,0,20,1,2016,4,16,18,0,1,5,98,4,"CR-2014 VANCE RD","",99999,36.17889722,-80.10573611,0,12,2,0,1,1,0,1,1,4,3,4,0,"0000000",16,19,16,24,17,12,0,0,0,1,0
37,370027,1,1,0,0,0,2,2,71,0,10,1,2016,1,23,17,0,1,4,98,3,"SR-275 DALLAS-STANLEY HIGHWAY","",99999,35.326675,-81.14405556,0,42,0,0,1,1,0,4,2,10,0,10,0,"0000000",23,16,23,24,23,45,0,0,0,1,1
37,370028,1,1,0,0,0,1,1,71,1800,30,1,2016,7,2,15,1,2,1,1,1,"I-85","",99999,35.27952778,-81.22186111,0,42,0,0,1,1,0,4,2,1,0,1,0,"0000000",2,16,2,27,88,88,0,0,0,1,1
37,370029,2,2,0,0,0,2,2,77,0,8,1,2016,6,23,13,0,1,4,98,3,"SR-56","",99999,36.14195556,-78.59945556,0,12,2,0,1,1,0,1,2,5,0,5,0,"0000000",88,88,88,88,88,88,0,0,0,2,0
37,370030,2,2,0,0,0,2,2,81,2170,18,1,2016,2,9,33,0,2,4,98,6,"SOUTH MAIN ST","ARCHDALE RD",99999,35.92191111,-79.97947778,0,12,6,0,2,2,0,1,1,1,0,1,0,"0000000",99,99,99,99,99,99,0,0,0,1,0
37,370031,1,1,0,3,3,1,1,85,0,16,1,2016,7,23,12,0,1,3,1,2,"US-421","",99999,35.43718056,-79.02751111,0,8,0,0,1,1,0,1,2,1,0,1,0,"0000000",23,9,23,17,23,51,0,0,0,2,0
37,370032,1,1,0,0,0,1,1,87,0,26,1,2016,3,20,47,1,1,2,1,2,"US-74","",99999,35.53999167,-82.91802778,0,35,0,0,1,1,0,4,2,2,10,2,0,"0000000",20,36,20,41,21,8,0,0,0,1,1
37,370033,1,1,0,1,1,2,2,93,0,2,1,2016,7,18,54,0,1,5,1,2,"US-401 BUSINESS","",99999,34.98511389,-79.18999167,0,9,0,0,1,1,0,1,2,1,0,1,0,"0000000",88,88,88,88,88,88,0,0,0,1,0
37,370034,1,1,0,0,0,2,2,97,0,14,1,2016,5,18,25,0,1,6,98,4,"CR-1136 FAITH RD","",99999,35.53343611,-80.82431667,0,30,0,0,1,1,0,4,2,1,0,1,0,"0000000",18,23,18,36,19,23,0,0,0,1,0
37,370035,2,1,1,0,1,4,5,97,0,22,1,2016,6,13,50,1,1,1,1,1,"I-77","",99999,35.71855278,-80.85634167,0,14,0,0,1,1,0,2,1,3,12,3,0,"0000000",14,0,14,4,99,99,0,0,0,1,0
37,370036,2,2,0,0,0,4,4,101,0,11,1,2016,2,18,26,0,1,4,98,3,"SR-42","",99999,35.68029444,-78.19793333,0,12,2,0,1,1,0,1,2,1,0,1,0,"0000000",18,26,18,35,99,99,0,0,0,1,0
37,370037,2,2,0,0,0,3,3,101,0,22,1,2016,6,8,21,1,1,1,1,1,"I-95","",99999,35.56932222,-78.16416944,0,51,0,0,1,1,0,1,1,3,12,3,0,"0000000",8,4,8,14,9,38,0,0,0,1,0
37,370038,1,1,0,0,0,2,2,107,2450,19,1,2016,3,7,32,0,2,3,1,2,"US-70 BUSINESS   W VERNON AVE","",99999,35.26899167,-77.61666389,0,10,0,0,6,1,0,1,4,1,0,1,0,"722810L",7,33,7,40,8,24,0,0,0,1,0
37,370039,2,2,0,0,0,2,2,107,2450,26,1,2016,3,15,2,0,2,3,1,2,"US-70","HILL FARM RD",99999,35.26141389,-77.64837778,0,12,1,0,2,2,0,1,1,1,0,1,0,"0000000",15,4,15,8,88,88,0,0,0,1,0
37,370040,1,1,0,0,0,2,2,107,0,27,1,2016,4,0,31,0,1,6,98,4,"CR-1532 BRYAN HARDY RD","",99999,35.36503611,-77.71675556,0,34,0,0,1,1,0,4,2,1,0,1,0,"0000000",0,29,0,40,1,0,0,0,0,1,1
37,370041,2,2,0,1,1,2,2,111,0,23,1,2016,7,18,41,0,1,5,1,2,"US-70","",99999,35.70305556,-81.95929167,0,8,0,0,1,1,0,1,2,1,0,1,0,"0000000",18,38,18,44,88,88,0,0,0,1,0
37,370042,1,1,0,0,0,1,1,119,870,11,1,2016,2,19,37,0,2,3,98,6,"WILKINSON BLVD","",99999,35.23553889,-80.952225,0,30,0,0,1,1,0,4,3,1,0,1,0,"0000000",19,37,19,48,20,17,0,0,0,1,0
37,370043,2,2,0,0,0,2,2,119,870,15,1,2016,6,12,0,0,2,7,98,6,"HICKORY GROVE RD","",99999,35.22387222,-80.741325,0,12,2,0,1,1,0,1,1,2,0,2,0,"0000000",11,59,12,4,12,48,0,0,0,1,1
37,370044,1,1,0,1,1,6,6,119,870,17,1,2016,1,17,6,0,2,4,98,6,"SOUTH BLVD","ATHERTON ST",99999,35.20461667,-80.86335833,0,8,0,0,2,3,0,1,1,1,0,1,0,"0000000",17,2,17,10,88,88,0,0,0,1,1
37,370045,2,2,0,0,0,5,5,119,2280,19,1,2016,3,19,26,0,2,3,98,3,"SR-73","",99999,35.42698056,-80.95096667,0,12,6,0,1,1,0,1,2,1,0,1,0,"0000000",19,24,19,39,20,18,0,0,0,1,0
37,370046,1,1,0,0,0,2,2,119,870,28,1,2016,5,23,49,0,2,7,98,6,"HEATHWAY DR","",99999,35.27277778,-80.76117778,0,42,0,0,1,1,0,4,3,1,0,1,0,"0000000",23,49,23,57,0,26,0,0,0,1,1
37,370047,1,1,0,1,1,1,1,127,4370,27,1,2016,4,18,14,0,1,5,98,5,"W. NASH ST","S. ASH ST",99999,35.944375,-78.11308333,0,8,0,0,2,2,0,1,3,1,0,1,0,"0000000",18,7,18,9,18,40,0,0,0,1,0
37,370048,2,2,0,0,0,3,3,127,0,28,1,2016,5,9,6,0,1,5,98,3,"SR-58","",99999,35.89969444,-77.94588333,0,12,2,0,1,1,0,1,1,10,0,10,0,"0000000",9,1,9,9,9,59,0,0,0,1,0
37,370049,1,1,0,1,1,1,1,133,2330,3,1,2016,1,22,41,0,2,7,98,6,"GUM BRANCH RD","NOTTINGHAM RD",0,34.7718,-77.40826389,0,8,0,0,2,3,0,1,3,1,0,1,0,"0000000",22,43,22,46,88,88,0,0,0,1,0
37,370050,1,1,0,0,0,1,1,133,0,14,1,2016,5,1,22,0,1,3,98,3,"SR-1518","",0,34.52618889,-77.43862778,0,33,0,0,1,1,0,4,2,1,0,1,0,"0000000",1,9,1,16,2,6,0,0,0,1,1
37,370051,1,1,0,0,0,1,1,133,0,26,1,2016,3,21,7,0,1,3,98,3,"SR-111","",0,34.81968611,-77.55204444,0,42,0,0,1,1,0,4,2,1,0,1,0,"0000000",21,6,21,10,21,46,0,0,0,1,0
37,370052,3,3,0,0,0,3,3,133,0,31,1,2016,1,18,14,0,1,3,98,3,"SR-1501","",0,34.67390556,-77.20962778,0,12,6,0,4,1,0,1,2,1,0,1,0,"0000000",18,7,18,15,18,53,0,0,0,1,1
37,370053,1,1,0,0,0,2,2,145,0,21,1,2016,5,19,0,0,1,3,98,3,"SR-1351","",0,36.442925,-78.983125,0,42,0,0,1,1,0,4,2,10,0,10,0,"0000000",18,56,19,5,20,6,0,0,0,1,1
37,370054,1,1,0,1,1,1,1,147,0,25,1,2016,2,21,41,1,2,3,1,2,"US-264","",0,35.62647222,-77.20596667,0,8,0,0,1,1,0,1,3,1,0,1,0,"0000000",99,99,99,99,99,99,0,0,0,1,0
37,370055,1,1,0,0,0,1,1,149,0,29,1,2016,6,2,15,1,1,1,1,1,"I-26","",0,35.24000278,-82.20476111,0,24,0,0,1,1,0,3,2,1,0,1,0,"0000000",2,8,2,23,88,88,0,0,0,1,0
37,370056,2,2,0,0,0,5,5,151,4640,26,1,2016,3,14,5,1,2,1,1,1,"I-85","",0,35.89612222,-79.97130833,0,12,7,0,1,1,0,1,1,1,0,1,0,"0000000",13,53,14,2,99,99,0,0,0,1,1
37,370057,2,2,0,0,0,2,2,153,0,21,1,2016,5,19,28,1,1,3,1,2,"US-74","",0,34.96399722,-80.05787222,0,12,2,0,1,1,0,1,2,1,0,1,0,"0000000",99,99,99,99,99,99,0,0,0,2,0
37,370058,1,1,0,0,0,1,1,155,0,3,1,2016,1,3,26,0,1,3,98,3,"SR-72","",0,34.61798611,-79.01205278,0,42,0,0,1,1,0,4,2,1,0,1,0,"0000000",3,29,3,50,5,21,0,0,0,1,0
37,370059,3,3,0,0,0,3,3,155,0,26,1,2016,3,6,50,0,1,3,98,3,"SR-71","",0,34.81880278,-79.18141667,0,12,8,0,1,1,0,1,1,1,0,1,0,"0000000",6,56,7,14,7,58,0,0,0,1,0
37,370060,1,1,0,0,0,1,1,159,0,13,1,2016,4,0,58,0,1,3,98,3,"SR-1363","",0,35.51511389,-80.68545,0,1,0,0,1,1,0,4,2,1,0,1,0,"0000000",0,57,1,8,2,0,0,0,0,1,0
37,370061,2,2,0,0,0,2,2,159,0,14,1,2016,5,13,59,1,1,1,1,1,"I-85","",0,35.646775,-80.47551667,0,12,7,0,1,1,0,1,1,1,0,1,0,"0000000",14,0,14,5,14,44,0,0,0,1,0
37,370062,1,1,0,0,0,2,2,159,0,31,1,2016,1,19,57,0,1,3,98,3,"SR-801","",0,35.73982778,-80.60716944,0,42,0,0,1,1,0,4,2,10,0,10,0,"0000000",19,55,20,10,20,45,0,0,0,1,0
37,370063,1,1,0,0,0,1,1,163,0,6,1,2016,4,19,11,1,1,3,1,2,"US-13","",0,35.19556389,-78.48645278,0,59,0,0,1,1,0,4,2,1,0,1,0,"0000000",18,55,19,4,19,49,0,0,0,1,0
37,370064,2,2,0,0,0,5,5,163,0,14,1,2016,5,13,20,0,1,3,98,3,"SR-1255","",0,34.9254,-78.55020278,0,12,2,0,1,1,0,1,1,1,0,1,0,"0000000",13,10,13,26,14,12,0,0,0,1,0
37,370065,1,1,0,1,1,1,1,163,970,10,1,2016,1,11,14,0,6,96,96,8,"PVA SAMPSON CROSSING","",99999,34.98895278,-78.35244444,0,8,0,0,1,1,0,1,1,1,0,1,0,"0000000",11,14,11,22,99,99,0,0,0,1,0
37,370066,1,1,0,0,0,3,3,163,0,31,1,2016,1,5,6,0,1,4,1,2,"US-701","",99999,35.18350556,-78.32841667,0,35,0,0,1,1,0,4,2,1,0,1,0,"0000000",5,4,5,12,99,99,0,0,0,1,0
37,370067,2,2,0,0,0,3,3,165,0,27,1,2016,4,21,27,0,1,5,98,3,"SR-144 OLD WIRE RD","CR-1105 SNEADS GROVE RD",99999,34.83193056,-79.50242222,0,12,6,0,2,2,0,1,2,1,0,1,0,"0000000",99,99,99,99,99,99,0,0,0,1,0
37,370068,1,1,0,0,0,1,1,169,0,20,1,2016,4,17,45,0,1,7,98,4,"CR-1133 WATTS FARM RD","",99999,36.31412222,-80.35544722,0,59,0,0,1,1,0,4,2,4,0,4,0,"0000000",17,22,17,33,88,88,0,0,0,1,0
37,370069,2,2,0,0,0,2,2,171,0,8,1,2016,6,15,55,1,1,1,1,1,"I-77","",99999,36.361075,-80.79876667,0,12,6,0,1,1,0,1,1,2,0,2,0,"0000000",15,56,16,8,17,29,0,0,0,1,0