"STATE","ST_CASE","VE_TOTAL","VE_FORMS","PVH_INVL","PEDS","PERNOTMVIT","PERMVIT","PERSONS","COUNTY","CITY","DAY","MONTH","YEAR","DAY_WEEK","HOUR","MINUTE","NHS","RUR_URB","FUNC_SYS","RD_OWNER","ROUTE","TWAY_ID","TWAY_ID2","MILEPT","LATITUDE","LONGITUD","SP_JUR","HARM_EV","MAN_COLL","RELJCT1","RELJCT2","TYP_INT","WRK_ZONE","REL_ROAD","LGT_COND","WEATHER1","WEATHER2","WEATHER","SCH_BUS","RAIL","NOT_HOUR","NOT_MIN","ARR_HOUR","ARR_MIN","HOSP_HR","HOSP_MN","CF1","CF2","CF3","FATALS","DRUNK_DR"
37,370070,1,1,0,0,0,1,1,171,0,28,1,2016,5,23,1,1,1,1,1,1,"I-77","",99999,36.46439444,-80.76160278,0,24,0,0,1,1,0,4,2,1,0,1,0,"0000000",23,1,23,14,88,88,0,0,0,1,1
37,370071,1,1,0,0,0,1,1,179,0,20,1,2016,4,22,47,0,1,6,98,4,"CR-1001 LOVE MILL RD","",99999,35.16220278,-80.43645278,0,42,0,0,1,1,0,4,2,1,0,1,0,"0000000",99,99,99,99,88,88,0,0,0,1,1
37,370072,1,1,0,1,1,1,1,179,3100,23,1,2016,7,21,44,0,2,3,1,2,"US-74 W. ROOSEVELT BLVD","",99999,34.98629444,-80.52944722,0,8,0,0,1,1,0,1,3,1,0,1,0,"0000000",99,99,99,99,88,88,0,0,0,1,0
37,370073,1,1,0,0,0,1,1,181,0,6,1,2016,4,18,26,0,1,7,98,4,"CR-1541 FAULKNER TOWN ROAD","",99999,36.28063611,-78.32905833,0,42,0,0,1,1,0,4,2,10,0,10,0,"0000000",18,12,18,21,88,88,0,0,0,1,0
37,370074,2,2,0,0,0,2,2,183,3750,4,1,2016,2,14,44,0,2,7,98,6,"OLD WAKE FOREST RD","",99999,35.86963333,-78.57513056,0,12,2,0,1,1,0,1,1,10,0,10,0,"0000000",14,45,14,48,15,5,0,0,0,1,0
37,370075,1,1,0,0,0,1,1,183,0,27,1,2016,4,6,35,0,1,7,98,4,"CR-1375 SIMPKINS RD","",99999,35.70268611,-78.68286944,0,34,0,0,1,1,0,4,2,10,0,10,0,"0000000",6,31,6,35,88,88,0,0,0,1,0
37,370076,1,1,0,1,1,1,1,183,1770,27,1,2016,4,16,26,1,2,1,1,1,"I-40 RAMP","",99999,35.69198333,-78.57683056,0,8,0,1,5,1,0,4,1,10,0,10,0,"0000000",16,27,16,34,88,88,0,0,0,1,0
37,370077,1,1,0,0,0,1,1,191,1880,9,1,2016,7,11,56,0,2,7,98,6,"N. PARK DR","CUYLER BEST RD",99999,35.39041944,-77.94556667,0,24,0,0,3,3,0,4,1,10,0,10,0,"0000000",11,56,12,4,88,88,0,0,0,1,0
37,370079,2,2,0,0,0,3,3,193,0,20,1,2016,4,19,20,0,1,6,98,4,"CR-1957 ROCK CREEK RD","",99999,36.22363333,-81.06269167,0,12,2,0,1,1,0,1,2,10,0,10,0,"0000000",19,16,19,24,20,42,0,0,0,1,0
37,370080,2,2,0,0,0,2,2,63,0,26,1,2016,3,19,0,0,1,3,1,2,"US-501","CR-1457 MADDEN AVE",99999,36.10136389,-78.91028611,0,12,6,0,2,2,0,1,2,1,0,1,0,"0000000",18,47,18,55,19,46,0,0,0,1,1
37,370081,2,2,0,0,0,4,4,81,1940,14,1,2016,5,14,21,0,2,4,98,6,"E. CONE BLVD","N. O HENRY BLVD",99999,36.11279444,-79.75830556,0,12,6,1,2,2,0,1,1,1,0,1,0,"0000000",14,21,14,36,14,59,0,0,0,1,0
37,370082,1,1,0,0,0,1,1,105,0,10,1,2016,1,17,19,0,1,7,98,4,"CR-1140 FRANK WICKER RD","",99999,35.393275,-79.11685833,0,42,0,0,1,1,0,4,1,1,0,1,0,"0000000",17,15,17,24,17,44,0,0,0,1,0
37,370083,2,2,0,0,0,3,3,195,2750,24,1,2016,1,17,17,0,1,3,1,2,"US-301 SOUTH","",99999,35.64985833,-78.00206111,0,12,6,0,1,1,0,1,5,1,0,1,0,"0000000",17,16,17,23,18,21,19,0,0,1,0
37,370084,1,1,0,1,1,1,1,19,0,5,2,2016,6,19,6,0,1,3,1,2,"US-17 OCEAN HWY","",99999,33.95605278,-78.43994167,0,8,0,0,1,1,0,1,2,1,0,1,0,"0000000",19,5,19,14,88,88,23,0,0,1,0
37,370085,1,1,0,0,0,3,3,19,4160,10,2,2016,4,4,0,0,1,7,98,5,"BRIDGERS RD","",99999,33.97713333,-78.39919444,0,23,0,0,1,1,0,4,2,1,0,1,0,"0000000",4,0,4,10,4,31,0,0,0,1,0
37,370086,2,2,0,0,0,2,2,21,0,6,2,2016,7,0,17,0,1,4,98,3,"SR-151 PISGAH HWY","",99999,35.52535278,-82.70433056,0,12,2,0,1,1,0,1,2,1,0,1,0,"0000000",99,99,99,99,99,99,0,0,0,1,0
37,370087,1,1,0,0,0,3,3,21,170,10,2,2016,4,14,29,0,2,4,1,2,"US-25 ALT. SWEETEN CREEK RD","",99999,35.47779167,-82.51739167,0,42,0,0,1,1,0,4,1,1,0,1,0,"0000000",15,15,15,29,16,6,0,0,0,1,0
37,370088,1,1,0,0,0,1,1,21,170,17,2,2016,4,22,22,0,2,3,1,2,"US-25 HENDERSONVILLE RD","SR-280 AIRPORT RD",99999,35.45965,-82.51210278,0,25,0,0,3,2,0,3,3,1,0,1,0,"0000000",99,99,99,99,99,99,0,0,0,1,0
37,370089,2,2,0,0,0,4,4,21,170,27,2,2016,7,16,38,0,2,3,1,2,"US-74 ALT","",99999,35.54859444,-82.46389444,0,26,0,0,1,1,0,4,1,1,0,1,0,"0000000",16,31,16,36,17,5,14,0,0,1,1
37,370090,1,1,0,1,1,2,2,23,0,24,2,2016,4,18,30,0,1,5,98,4,"CR-1149 CONLEY RD","",99999,35.68137222,-81.76958611,0,8,0,0,1,1,0,1,5,2,0,2,0,"0000000",99,99,99,99,88,88,0,0,0,1,0
37,370091,1,1,0,0,0,1,1,41,0,16,2,2016,3,21,21,0,1,7,98,4,"CR-1102 YEOPIM RD","",99999,36.05733056,-76.53771667,0,42,0,0,1,1,0,4,2,1,0,1,0,"0000000",99,99,99,99,99,99,0,0,0,1,1
37,370092,1,1,0,2,2,1,1,45,1651,28,2,2016,1,22,34,0,1,5,98,3,"SR-182 E. STAGECOACH TRAIL","",99999,35.42683889,-81.495775,0,53,0,0,1,1,0,4,3,1,0,1,0,"0000000",22,25,22,37,22,58,0,0,0,2,0
37,370093,2,2,0,0,0,2,2,47,0,9,2,2016,3,14,12,0,1,5,98,3,"SR-410 JOE BROWN HWY","CR-1002 OLD LUMBERTON RD",99999,34.41609722,-78.81793889,0,12,6,0,2,2,0,1,1,1,0,1,0,"0000000",13,20,13,31,14,9,0,0,0,1,0
37,370094,1,1,0,0,0,1,1,49,3250,7,2,2016,1,20,31,0,2,7,98,6,"ELIZABETH AVE","",99999,35.11762778,-77.09496944,0,42,0,0,1,1,0,4,3,2,0,2,0,"0000000",20,33,20,36,21,3,0,0,0,1,0
37,370095,1,1,0,0,0,3,3,51,1670,28,2,2016,1,1,51,0,2,7,98,6,"STRICKLAND BRIDGE RD","",0,35.02398333,-79.00253056,0,59,0,0,1,1,0,4,3,1,0,1,0,"0000000",1,52,1,56,99,99,0,0,0,1,1
37,370096,2,2,0,0,0,2,2,57,0,1,2,2016,2,22,36,1,1,3,1,2,"US-52","",0,35.85310556,-80.27422222,0,12,1,0,1,1,0,1,2,10,5,5,0,"0000000",22,35,22,55,99,99,0,0,0,1,0
37,370097,1,1,0,0,0,3,3,57,0,9,2,2016,3,22,20,0,1,3,98,3,"SR-1833","",0,35.88877778,-80.23446111,0,1,0,0,1,1,0,1,2,1,0,1,0,"0000000",22,19,22,26,22,55,0,0,0,1,0
37,370098,1,1,0,0,0,1,1,57,0,13,2,2016,7,8,0,0,1,3,98,3,"SR-109","",0,35.57681389,-80.09767778,0,42,0,0,1,1,0,4,1,1,0,1,0,"0000000",7,58,8,0,88,88,0,0,0,1,0
37,370099,2,2,0,0,0,3,3,57,0,24,2,2016,4,21,4,0,1,3,98,3,"SR-1147","SR-1232",0,35.82789167,-80.28715833,0,12,6,0,2,2,0,1,2,10,0,10,0,"0000000",21,10,21,16,22,0,0,0,0,1,0
37,370100,1,1,0,0,0,1,1,63,1360,9,2,2016,3,2,39,0,2,3,98,3,"SR-54","",0,35.91416667,-78.98026944,0,1,0,0,1,1,0,4,2,1,0,1,0,"0000000",99,99,99,99,88,88,0,0,0,1,1
37,370101,3,3,0,0,0,5,5,67,5120,3,2,2016,4,14,40,0,2,7,98,6,"OLD SALISBURY RD","",0,36.02586389,-80.27508889,0,12,6,0,1,1,0,1,1,10,2,2,0,"0000000",99,99,99,99,99,99,14,0,0,3,1
37,370102,2,2,0,0,0,2,2,67,5120,19,2,2016,6,17,16,0,2,7,98,6,"UNIVERSITY PKWY","CHERRY ST",0,36.16621667,-80.27668611,0,12,6,0,2,3,0,1,1,1,0,1,0,"0000000",17,16,17,23,99,99,0,0,0,1,1
37,370103,1,1,0,0,0,1,1,69,0,7,2,2016,1,16,56,0,1,3,98,3,"SR-1114","",0,36.08125556,-78.36046111,0,42,0,0,1,1,0,4,1,1,0,1,0,"0000000",16,55,17,4,17,45,0,0,0,1,1
37,370104,4,1,3,0,0,1,1,71,430,18,2,2016,5,10,0,0,2,7,98,6,"COSTNER SCHOOL RD","",0,35.29459722,-81.26346667,0,53,0,0,1,1,0,4,1,1,0,1,0,"0000000",10,2,10,7,88,88,0,0,0,1,0
37,370105,1,1,0,1,1,1,1,71,3190,2,2,2016,3,20,7,0,2,7,98,6,"S MAIN ST","ROSE ST",0,35.27554722,-81.02770278,0,8,0,0,3,2,0,1,3,1,0,1,0,"0000000",20,10,20,20,20,51,0,0,0,1,1
37,370106,2,2,0,0,0,4,4,73,0,9,2,2016,3,15,45,1,1,3,1,2,"US-158","SR-1113",0,36.44710556,-76.79041944,0,12,6,0,2,3,0,1,1,10,0,10,0,"0000000",15,42,15,51,17,12,0,0,0,1,0
37,370107,1,1,0,0,0,1,1,81,0,4,2,2016,5,11,57,1,1,1,1,1,"I-73","",0,36.02100833,-79.85921111,0,42,0,0,1,1,0,4,1,10,0,10,0,"0000000",11,55,12,10,12,35,0,0,0,1,0
37,370108,2,2,0,0,0,4,4,81,0,7,2,2016,1,10,37,1,1,1,1,1,"I-73","",0,36.07105556,-79.91733333,0,12,1,0,1,1,0,1,1,1,0,1,0,"0000000",10,33,10,43,11,20,0,0,0,1,0
37,370109,1,1,0,1,1,1,1,81,1940,29,2,2016,2,23,38,1,2,3,1,2,"US-29","",0,36.10578889,-79.76131944,0,8,0,0,1,1,0,1,2,1,0,1,0,"0000000",23,39,23,46,88,88,0,0,0,1,0
37,370110,2,2,0,0,0,2,2,85,0,2,2,2016,3,3,49,0,1,3,98,3,"SR-210","",0,35.40088611,-78.81524722,0,12,2,0,1,1,0,1,2,1,0,1,0,"0000000",3,44,3,50,4,25,0,0,0,1,0
37,370111,1,1,0,0,0,1,1,101,0,5,2,2016,6,8,3,0,1,3,98,3,"SR-1705","",0,35.68260833,-78.38317778,0,42,0,0,1,1,0,4,2,2,0,2,0,"0000000",99,99,99,99,88,88,0,0,0,1,1
37,370112,1,1,0,0,0,2,2,101,0,17,2,2016,4,19,9,1,1,1,1,1,"I-40","",0,35.39247778,-78.52036667,0,42,0,0,1,1,0,4,2,1,0,1,0,"0000000",19,11,19,19,20,8,0,0,0,1,1
37,370113,2,2,0,0,0,3,3,101,0,18,2,2016,5,7,33,0,1,3,98,3,"SR-42","US-70",0,35.62363056,-78.51038333,0,12,6,0,2,2,0,1,1,1,0,1,0,"0000000",7,35,7,45,8,31,0,0,0,2,0
37,370114,1,1,0,0,0,1,1,105,0,1,2,2016,2,18,22,0,1,3,98,3,"SR-1149","",0,35.41898611,-79.18960278,0,7,0,0,1,1,0,1,2,1,0,1,0,"0000000",18,21,18,28,19,22,0,0,0,1,0
37,370115,2,2,0,0,0,4,4,107,0,6,2,2016,7,13,17,0,1,3,98,3,"SR-148","SR-1575",0,35.31415,-77.63840278,0,12,2,0,2,3,0,1,1,1,0,1,0,"0000000",13,13,13,18,14,29,0,0,0,1,0
37,370116,2,2,0,0,0,2,2,107,0,22,2,2016,2,14,42,1,1,3,1,2,"US-70","",0,35.24375833,-77.58219444,0,12,6,0,4,1,0,1,1,10,0,10,0,"0000000",14,45,14,51,15,18,0,0,0,1,0
37,370117,3,3,0,0,0,4,4,109,0,13,2,2016,7,20,1,0,1,3,98,3,"SR-150","",0,35.46285278,-81.27044444,0,12,8,0,1,1,0,1,2,1,0,1,0,"0000000",20,6,20,10,21,5,0,0,0,1,0
37,370118,2,2,0,0,0,3,3,109,0,15,2,2016,2,8,9,0,1,3,98,3,"SR-150","SR-1225",0,35.4594,-81.27233333,0,12,6,0,2,2,0,1,1,10,3,3,0,"0000000",8,7,8,14,8,43,0,0,0,1,0
37,370119,1,1,0,0,0,1,1,117,0,13,2,2016,7,1,24,0,1,3,98,3,"SR-1400","",0,35.83619722,-77.23817222,0,32,0,0,1,1,0,4,2,1,0,1,0,"0000000",1,20,1,25,1,45,0,0,0,1,1
37,370120,1,1,0,1,1,1,1,119,870,29,2,2016,2,2,36,0,2,7,98,6,"CENTRAL AVE","",0,35.21565833,-80.78246667,0,8,0,0,1,1,0,1,3,1,0,1,0,"0000000",2,37,2,39,88,88,0,0,0,1,1
37,370121,2,2,0,0,0,2,2,121,0,13,2,2016,7,9,18,0,1,3,98,3,"SR-226","",0,35.853525,-82.05043611,0,12,2,0,1,1,0,1,1,1,0,1,0,"0000000",99,99,99,99,99,99,0,0,0,1,0
37,370122,1,1,0,0,0,1,1,123,0,1,2,2016,2,12,25,0,1,3,98,3,"SR-1323","",0,35.45108889,-79.82790278,0,42,0,0,1,1,0,4,1,10,0,10,0,"0000000",12,22,12,32,88,88,0,0,0,1,1
37,370123,1,1,0,0,0,1,1,125,0,4,2,2016,5,15,49,0,1,3,98,3,"SR-690","",0,35.24099444,-79.24866667,0,32,0,0,1,1,0,4,1,2,0,2,0,"0000000",99,99,99,99,88,88,0,0,0,1,0
37,370124,2,2,0,1,1,2,2,125,3870,18,2,2016,5,7,45,0,2,7,98,6,"OLD PLANK RD","",0,35.43624167,-79.58303889,0,12,1,0,1,1,2,1,1,1,0,1,0,"0000000",99,99,99,99,99,99,0,0,0,2,0
37,370125,1,1,0,0,0,1,1,133,0,9,2,2016,3,6,11,0,1,3,98,3,"SR-1523","",0,34.54746389,-77.36809167,0,42,0,0,1,1,0,4,4,1,0,1,0,"0000000",6,6,6,18,88,88,0,0,0,1,1
37,370126,1,1,0,1,1,1,1,139,1460,7,2,2016,1,18,24,0,2,7,98,6,"HALSTEAD BLVD","",0,36.28300278,-76.23276944,0,8,0,0,1,1,0,1,2,2,0,2,0,"0000000",18,25,18,29,18,44,0,0,0,1,0
37,370127,1,1,0,0,0,1,1,139,1460,20,2,2016,7,1,40,0,2,7,98,6,"WEEKSVILLE RD","",0,36.26469444,-76.19800278,0,38,0,0,1,1,0,4,3,1,0,1,0,"0000000",1,41,1,50,3,0,0,0,0,1,1
37,370128,2,2,0,1,1,4,4,147,1950,10,2,2016,4,19,41,0,2,3,98,3,"SR-33","",0,35.64658056,-77.36664444,0,8,0,0,1,1,0,1,2,1,0,1,0,"0000000",19,38,19,43,19,59,0,0,0,1,0
37,370129,2,2,0,0,0,5,5,147,0,12,2,2016,6,13,55,0,1,3,98,3,"SR-43","",0,35.4478,-77.26358889,0,12,6,0,1,1,0,1,1,2,4,4,0,"0000000",13,52,14,10,99,99,0,0,0,2,0
37,370130,1,1,0,0,0,1,1,147,0,20,2,2016,7,13,45,0,1,3,98,3,"SR-33","",0,35.60856667,-77.32923056,0,21,0,0,1,1,0,4,1,1,0,1,0,"0000000",13,43,13,56,88,88,0,0,0,1,0
37,370131,2,2,0,0,0,2,2,147,1950,25,2,2016,5,7,44,1,2,3,1,2,"US-264","GOLDEN RD",0,35.59504722,-77.33933889,0,12,6,0,2,3,0,1,1,1,0,1,0,"0000000",7,43,7,51,99,99,0,0,0,1,0
37,370132,1,1,0,1,1,1,1,151,0,19,2,2016,6,5,6,1,1,3,1,2,"US-220","",0,35.71009444,-79.82875556,0,8,0,0,1,1,0,1,2,1,0,1,0,"0000000",5,5,5,13,88,88,0,0,0,1,0
37,370134,2,2,0,0,0,2,2,155,0,3,2,2016,4,17,17,0,1,3,98,3,"SR-71","",0,34.8169,-79.18201667,0,12,6,0,1,1,0,1,5,2,10,2,0,"0000000",17,23,17,50,19,8,0,0,0,1,0
37,370135,2,2,0,0,0,3,3,155,2770,4,2,2016,5,10,3,0,2,7,98,6,"KAHN DR","",0,34.65650833,-79.01012222,0,12,6,0,1,1,0,1,1,2,0,2,0,"0000000",10,5,10,13,11,2,0,0,0,1,0
37,370136,1,1,0,1,1,1,1,155,0,6,2,2016,7,19,14,0,1,3,98,3,"SR-2208","",0,34.56475278,-79.03748333,0,8,0,0,1,1,0,1,2,1,0,1,0,"0000000",19,20,19,24,19,45,0,0,0,1,0
37,370137,1,1,0,0,0,1,1,157,2830,8,2,2016,2,0,47,0,2,7,98,6,"ISLAND DR","",0,36.39594444,-79.98491111,0,53,0,0,1,1,0,4,2,1,0,1,0,"0000000",0,48,0,57,99,99,0,0,0,1,0
37,370138,1,1,0,0,0,1,1,165,0,6,2,2016,7,5,33,0,1,3,98,3,"SR-1131","",0,34.78509444,-79.62606944,0,35,0,0,1,1,0,4,2,10,0,10,0,"0000000",5,29,5,38,6,17,0,0,0,1,1
37,370139,1,1,0,0,0,1,1,169,0,17,2,2016,4,8,29,0,1,3,98,3,"SR-8","",0,36.46483333,-80.21878333,0,42,0,0,1,1,0,4,1,10,0,10,0,"0000000",99,99,99,99,88,88,0,0,0,1,0
37,370140,1,1,0,0,0,2,2,179,2290,8,2,2016,2,23,41,0,2,7,98,4,"CR-1378 HAYES RD","",99999,35.04841111,-80.62458611,0,42,0,0,1,1,0,4,2,10,0,10,0,"0000000",23,57,0,5,0,48,0,0,0,1,1
37,370141,1,1,0,1,1,2,2,179,3080,22,2,2016,2,20,29,0,1,4,98,3,"SR-75 WAXHAW HWY","",99999,34.93659722,-80.67209722,0,8,0,0,1,1,0,1,3,2,0,2,0,"0000000",20,27,20,34,21,1,0,0,0,1,0
37,370142,1,1,0,0,0,1,1,181,0,4,2,2016,5,11,43,0,1,7,98,4,"CR-1544 FOSTER RD","",99999,36.25198333,-78.34478889,0,32,0,0,1,1,0,4,1,10,0,10,0,"0000000",11,41,11,54,99,99,0,0,0,1,0
37,370143,1,1,0,1,1,2,2,183,3750,4,2,2016,5,23,42,0,2,4,98,6,"FALLS OF NEUSE RD","SPRING FOREST RD",99999,35.86794444,-78.62089444,0,8,0,0,2,2,0,1,3,2,0,2,0,"0000000",23,47,23,49,0,3,0,0,0,1,0
37,370144,1,1,0,1,1,1,1,183,1770,7,2,2016,1,8,7,0,2,3,1,2,"US-70","",99999,35.71375833,-78.62883611,0,8,0,0,1,1,0,1,3,1,0,1,0,"0000000",8,7,8,13,88,88,0,0,0,1,0
37,370145,1,1,0,0,0,1,1,183,0,15,2,2016,2,5,30,1,1,2,1,3,"SR-540","",99999,35.84098611,-78.8858,0,1,0,1,5,1,0,4,9,3,12,3,0,"0000000",5,32,5,38,6,6,0,0,0,1,0
37,370146,2,2,0,0,0,2,2,183,3750,19,2,2016,6,9,21,0,2,3,98,6,"CAPITAL BLVD","",99999,35.89240556,-78.55984444,0,12,1,0,1,1,0,1,1,1,0,1,0,"0000000",9,17,9,38,10,5,28,0,0,1,1
37,370147,2,2,0,0,0,4,4,183,0,21,2,2016,1,2,53,1,1,1,1,1,"I-40","",99999,35.84516389,-78.790375,0,12,1,0,1,1,0,1,2,1,0,1,0,"0000000",2,51,3,2,3,28,0,0,0,1,2
37,370148,1,1,0,1,1,1,1,183,2230,22,2,2016,2,23,16,0,2,5,98,5,"AVENT FERRY RD","",99999,35.64054444,-78.84194167,0,8,0,0,1,1,0,1,3,2,0,2,0,"0000000",23,16,23,24,0,16,0,0,0,1,0
37,370149,2,2,0,0,0,4,4,183,0,25,2,2016,5,15,47,0,2,5,98,4,"CR-2224 MITCHELL MILL RD","CR-2308 FOWLER RD",99999,35.89254167,-78.42898889,0,12,6,0,2,2,0,1,1,1,0,1,0,"0000000",15,41,15,54,16,22,0,0,0,2,0
37,370150,2,2,0,0,0,2,2,185,0,13,2,2016,7,12,10,0,1,5,98,4,"CR-1001 DR. MLK JR. BLVD","",99999,36.376675,-78.19891389,0,12,1,0,1,1,0,1,1,10,0,10,0,"0000000",12,5,12,10,12,50,0,0,0,1,0
37,370151,2,2,0,0,0,2,2,191,0,5,2,2016,6,17,50,0,1,5,98,3,"SR-55","CR-1745 PINEVIEW CEMETERY RD",99999,35.18609444,-77.97370833,0,12,6,0,2,2,0,1,1,10,0,10,0,"0000000",17,47,17,58,88,88,0,0,0,1,0
37,370152,1,1,0,1,1,1,1,191,1880,9,2,2016,3,8,10,0,6,96,96,8,"NONE","",99999,35.36330278,-77.94030833,0,15,0,0,1,1,0,1,1,1,0,1,1,"0000000",8,13,8,18,88,88,0,0,0,1,0
37,370153,1,1,0,0,0,2,2,191,0,21,2,2016,1,18,40,0,1,5,98,4,"CR-1713 MILLERS CHAPEL RD","",99999,35.36916111,-77.88296389,0,34,0,0,1,1,0,4,2,1,0,1,0,"0000000",18,38,18,50,19,17,0,0,0,1,0
37,370154,1,1,0,0,0,1,1,193,0,21,2,2016,1,22,53,0,1,7,98,4,"CR-2412 SOMERS RD","",99999,36.060075,-80.89051389,0,42,0,0,1,1,0,4,2,10,0,10,0,"0000000",99,98,99,98,88,88,0,0,0,1,0
37,370155,3,3,0,0,0,5,5,193,0,23,2,2016,3,17,31,0,1,5,98,3,"SR-115 STATESVILLE RD","",99999,36.09076389,-81.01026667,0,12,8,0,1,1,0,1,5,10,0,10,0,"0000000",17,27,17,40,18,3,0,0,0,1,0
37,370156,2,2,0,0,0,3,3,51,4374,12,2,2016,6,13,12,0,2,3,98,5,"N. BRAGG BLVD","",99999,35.20909167,-78.99277778,0,12,6,0,1,1,0,1,1,3,12,3,0,"0000000",99,99,99,99,99,99,0,0,0,1,0
37,370157,2,2,0,0,0,2,2,71,0,22,2,2016,2,13,2,0,1,6,98,4,"CR-1109 FERGUSON RIDGE RD","",99999,35.15903333,-81.21040833,0,1,0,0,1,1,0,1,1,10,0,10,0,"0000000",12,59,13,3,99,99,14,0,0,1,0
37,370158,1,1,0,0,0,2,2,135,0,21,2,2016,1,1,47,0,1,7,98,4,"CR-1962 DOGWOOD DR","",99999,35.88050278,-79.07913056,0,42,0,0,1,1,0,4,2,1,0,1,0,"0000000",1,40,1,49,2,21,0,0,0,1,1
37,370159,3,3,0,0,0,3,3,183,0,1,2,2016,2,18,3,0,1,5,98,4,"CR-2700 WHITE OAK RD","",99999,35.66569722,-78.56351111,0,12,8,0,1,1,0,1,5,1,0,1,0,"0000000",18,12,18,19,18,32,0,0,0,2,0
37,370160,1,1,0,0,0,2,2,1,700,2,3,2016,4,0,52,0,2,7,98,6,"N. PARK AVE","",99999,36.10078333,-79.44184167,0,1,0,0,1,1,0,4,3,2,0,2,0,"0000000",0,57,1,3,1,43,0,0,0,1,0
37,370161,2,2,0,0,0,2,2,7,0,12,3,2016,7,11,30,0,1,6,98,4,"CR-1003 CASON OLDFIELD RD","",99999,34.82895278,-80.06063056,0,5,0,0,1,1,0,1,1,1,0,1,0,"0000000",11,24,11,39,12,8,0,0,0,1,0
37,370162,1,1,0,0,0,2,2,19,0,5,3,2016,7,21,49,0,1,7,98,4,"CR-1429 GREEN LOOP RD NE","",99999,34.28916111,-78.06695,0,34,0,0,1,1,0,4,2,1,0,1,0,"0000000",21,36,21,51,22,32,0,0,0,1,0
37,370163,4,4,0,0,0,5,5,19,0,10,3,2016,5,8,45,0,1,5,98,3,"SR-130","",99999,33.953025,-78.31373889,0,12,2,0,1,1,0,1,1,1,0,1,0,"0000000",8,37,8,43,9,38,0,0,0,1,0
37,370164,1,1,0,0,0,1,1,21,0,1,3,2016,3,11,8,0,1,4,98,3,"SR-151 PISGAH HWY","",99999,35.51038056,-82.71726111,0,32,0,0,1,1,0,4,1,1,0,1,0,"0000000",11,6,11,14,11,44,0,0,0,1,0
37,370165,1,1,0,1,1,1,1,21,170,5,3,2016,7,18,32,0,6,96,96,8,"PVA 1 ACTON CIRCLE","",99999,35.55855833,-82.64048056,0,8,0,0,1,1,0,1,5,3,0,3,0,"0000000",18,32,18,36,19,3,0,0,0,1,0
37,370166,1,1,0,0,0,1,1,25,1040,8,3,2016,3,15,27,0,6,96,96,5,"NONE","",99999,35.41335556,-80.59452778,0,19,0,0,1,1,0,4,1,1,0,1,0,"0000000",15,29,15,32,88,88,0,0,0,1,0
37,370167,2,2,0,0,0,2,2,25,0,8,3,2016,3,17,5,0,1,3,98,3,"SR-73 DAVIDSON HWY","CR-1602 JIM JOHNSON RD",99999,35.442225,-80.74839722,0,12,6,0,2,3,0,1,1,1,0,1,0,"0000000",17,2,17,9,88,88,0,0,0,1,0
37,370168,2,1,1,1,1,1,1,25,2063,14,3,2016,2,8,15,0,2,7,98,5,"BENHILL DR","",99999,35.29480833,-80.65529722,0,8,0,0,1,1,0,1,1,1,0,1,0,"0000000",8,26,8,29,99,99,0,0,0,1,0
37,370169,1,1,0,0,0,1,1,31,0,4,3,2016,6,12,9,0,1,5,98,4,"CR-1154 MILL CREEK RD","",99999,34.77379722,-76.75721944,0,42,0,0,1,1,0,4,1,1,0,1,0,"0000000",99,99,99,99,88,88,0,0,0,1,0
37,370170,1,1,0,0,0,1,1,31,0,13,3,2016,1,22,59,0,1,7,98,4,"CR-1346 STAR CHURCH RD","",99999,34.73448889,-76.52535278,0,32,0,0,1,1,0,4,2,1,0,1,0,"0000000",99,99,99,99,88,88,0,0,0,1,0
37,370171,2,2,0,0,0,2,2,45,4180,1,3,2016,3,99,99,0,2,4,98,6,"E MARION STREET","GILLIATT STREET",99999,35.295975,-81.51851667,0,12,6,0,8,1,0,1,1,1,0,1,0,"0000000",13,12,13,20,13,39,0,0,0,1,0
37,370172,2,2,0,0,0,2,2,45,0,15,3,2016,3,17,25,0,1,7,98,4,"CR-2249","HIGH RIDGE ROAD",99999,35.23494167,-81.40245556,0,12,2,0,2,3,0,1,1,1,0,1,0,"0000000",17,24,17,38,88,88,0,0,0,1,1
37,370173,1,1,0,0,0,1,1,63,1360,9,3,2016,4,17,22,0,2,5,98,6,"BARBEE ROAD","",99999,35.90370833,-78.92091389,0,59,0,0,1,1,0,4,1,1,0,1,0,"0000000",17,22,17,34,88,88,0,0,0,1,0
37,370174,1,1,0,0,0,2,2,67,2430,6,3,2016,1,17,9,1,2,3,98,2,"US-421","",99999,36.10855833,-80.05513611,0,24,0,0,1,1,0,3,1,1,0,1,0,"0000000",17,8,17,21,17,39,0,0,0,1,1
37,370175,1,1,0,0,0,1,1,67,9997,11,3,2016,6,20,14,1,2,3,98,2,"US-52","",99999,36.24943056,-80.35394444,0,1,0,1,19,1,0,4,2,1,0,1,0,"0000000",20,12,20,21,21,1,0,0,0,1,0
37,370176,1,1,0,0,0,1,1,81,3665,10,3,2016,5,16,49,0,1,5,98,4,"CR-3402","",99999,35.93827778,-79.76644167,0,34,0,0,1,1,0,4,1,1,0,1,0,"0000000",16,48,17,0,88,88,0,0,0,1,1
37,370177,1,1,0,0,0,1,1,87,0,7,3,2016,2,14,12,0,1,5,98,3,"SR-209","",99999,35.68845278,-82.90227778,0,32,0,0,1,1,0,4,1,1,0,1,0,"0000000",14,13,14,30,88,88,0,0,0,1,0