"STATE","ST_CASE","VE_TOTAL","VE_FORMS","PVH_INVL","PEDS","PERNOTMVIT","PERMVIT","PERSONS","COUNTY","CITY","DAY","MONTH","YEAR","DAY_WEEK","HOUR","MINUTE","NHS","RUR_URB","FUNC_SYS","RD_OWNER","ROUTE","TWAY_ID","TWAY_ID2","MILEPT","LATITUDE","LONGITUD","SP_JUR","HARM_EV","MAN_COLL","RELJCT1","RELJCT2","TYP_INT","WRK_ZONE","REL_ROAD","LGT_COND","WEATHER1","WEATHER2","WEATHER","SCH_BUS","RAIL","NOT_HOUR","NOT_MIN","ARR_HOUR","ARR_MIN","HOSP_HR","HOSP_MN","CF1","CF2","CF3","FATALS","DRUNK_DR"
37,370178,1,1,0,0,0,1,1,105,0,16,3,2016,4,12,14,0,1,7,98,4,"CR-1418","",99999,35.52726944,-79.14898333,0,34,0,0,1,1,0,4,1,1,0,1,0,"0000000",12,14,12,22,88,88,0,0,0,1,0
37,370179,3,3,0,0,0,5,5,109,0,8,3,2016,3,7,58,0,1,3,98,3,"SR-150","",99999,35.50548611,-81.17009444,0,12,8,0,1,1,0,1,1,1,0,1,0,"0000000",7,56,8,8,8,44,0,0,0,1,0
37,370180,1,1,0,0,0,1,1,117,5050,13,3,2016,1,19,37,0,2,7,98,6,"WEAVER DRIVE","",99999,35.84770833,-77.07130278,0,1,0,0,1,1,0,1,3,10,0,10,0,"0000000",19,41,19,44,19,54,0,0,0,1,0
37,370181,1,1,0,0,0,1,1,111,0,6,3,2016,1,19,17,0,1,5,98,3,"SR-226","",99999,35.63087778,-81.88474722,0,42,0,0,1,1,0,4,5,1,0,1,0,"0000000",19,13,19,24,20,22,0,0,0,1,0
37,370182,2,2,0,0,0,3,3,119,870,4,3,2016,6,16,4,0,2,3,98,6,"BILLY GRAHAM PKWY","BOYER STREET",99999,35.22943611,-80.92479444,0,12,6,0,2,2,0,1,1,1,0,1,0,"0000000",16,5,16,11,17,4,0,0,0,1,0
37,370183,1,1,0,1,1,1,1,119,870,6,3,2016,1,4,3,1,2,1,1,1,"I-485","",99999,35.30699444,-80.69548611,0,8,0,0,1,1,0,1,2,1,0,1,0,"0000000",3,58,4,8,88,88,23,0,0,1,0
37,370184,1,1,0,1,1,1,1,119,870,9,3,2016,4,19,22,0,2,4,98,6,"W. SUGAR CREEK ROAD","RUTGERS AVE",99999,35.26714722,-80.79489167,0,8,0,0,2,3,0,1,3,1,0,1,0,"0000000",19,21,19,30,88,88,0,0,0,1,0
37,370185,1,1,0,1,1,1,1,139,0,4,3,2016,6,22,6,1,1,3,98,2,"US-17","",99999,36.36932222,-76.29847778,0,8,0,0,1,1,0,1,2,1,0,1,0,"0000000",19,58,20,4,88,88,0,0,0,1,0
37,370186,1,1,0,1,1,1,1,141,0,1,3,2016,3,20,36,0,1,3,98,3,"SR-1321","",0,34.56201389,-77.96256944,0,9,0,0,1,1,0,1,2,1,0,1,0,"0000000",20,33,20,40,88,88,0,0,0,1,0
37,370187,1,1,0,0,0,1,1,151,0,13,3,2016,1,0,10,0,1,3,98,3,"SR-1145","",0,35.64553611,-79.83880833,0,35,0,0,1,1,0,4,2,1,0,1,0,"0000000",0,6,0,13,99,99,0,0,0,1,0
37,370188,2,2,0,0,0,2,2,153,0,12,3,2016,7,3,52,1,1,3,1,2,"US-220","",0,35.15755833,-79.72382222,0,12,2,0,1,1,0,1,2,1,0,1,0,"0000000",3,39,3,55,99,99,0,0,0,1,1
37,370189,2,2,0,0,0,4,4,155,2770,3,3,2016,5,20,27,1,2,1,1,1,"I-95","",0,34.602325,-79.10237778,0,24,0,0,1,1,0,3,2,2,0,2,0,"0000000",20,30,20,39,21,56,0,0,0,1,0
37,370190,2,2,0,0,0,2,2,157,0,5,3,2016,7,18,31,0,1,3,98,3,"SR-2715","",0,36.47887222,-79.67477778,0,12,1,0,1,1,0,1,5,10,0,10,0,"0000000",18,26,18,30,18,41,0,0,0,1,0
37,370191,1,1,0,0,0,1,1,157,0,10,3,2016,5,11,29,0,1,3,98,3,"SR-14","",0,36.51681667,-79.74966944,0,42,0,0,1,1,0,4,1,1,0,1,0,"0000000",11,25,11,32,88,88,0,0,0,1,0
37,370192,1,1,0,0,0,4,4,157,0,11,3,2016,6,11,54,1,1,3,1,2,"US-29","",0,36.242075,-79.66911944,0,35,0,0,1,1,0,4,1,1,0,1,0,"0000000",11,51,12,7,12,39,0,0,0,1,0
37,370193,3,3,0,0,0,4,4,167,0,15,3,2016,3,8,25,0,1,3,98,3,"SR-205","",0,35.22356111,-80.32589722,0,12,6,0,4,1,0,1,1,1,0,1,0,"0000000",8,28,8,32,88,88,14,0,0,1,0
37,370194,1,1,0,0,0,1,1,169,0,1,3,2016,3,12,44,1,1,3,1,2,"US-52","",0,36.27691667,-80.38219444,0,34,0,0,1,1,0,4,1,1,0,1,0,"0000000",12,41,12,53,99,99,0,0,0,1,0
37,370195,1,1,0,0,0,1,1,179,0,6,3,2016,1,23,17,0,1,3,98,3,"SR-1504","",0,35.03061111,-80.529325,0,34,0,0,1,1,0,4,2,1,0,1,0,"0000000",99,99,99,99,88,88,0,0,0,1,1
37,370196,1,1,0,1,1,1,1,181,2460,3,3,2016,5,11,39,1,2,3,1,2,"US-1","",0,36.22057222,-78.444475,0,8,0,0,1,1,0,1,1,1,0,1,0,"0000000",11,40,11,46,12,7,0,0,0,1,0
37,370197,2,2,0,0,0,2,2,183,0,8,3,2016,3,22,4,1,1,1,1,1,"I-40","",0,35.86603056,-78.82161389,0,12,1,0,1,1,0,1,2,1,0,1,0,"0000000",22,3,22,6,88,88,0,0,0,1,1
37,370198,1,1,0,0,0,1,1,183,3750,14,3,2016,2,6,33,1,2,1,1,1,"I-40","",0,35.79088611,-78.74615,0,42,0,1,5,1,0,4,2,10,0,10,0,"0000000",6,41,6,50,88,88,0,0,0,1,0
37,370199,1,1,0,1,1,1,1,183,3750,14,3,2016,2,20,0,0,2,7,98,6,"CAPITAL BLVD","",0,35.87074444,-78.58042778,0,8,0,0,1,1,0,1,3,10,0,10,0,"0000000",20,1,20,8,20,28,0,0,0,1,0
37,370200,3,3,0,0,0,4,4,197,0,5,3,2016,7,15,34,1,1,3,1,2,"US-601","",0,36.13333056,-80.65971389,0,12,8,0,1,1,0,1,1,1,0,1,0,"0000000",15,32,15,41,16,25,0,0,0,2,1
37,370201,2,2,0,0,0,2,2,23,4700,7,1,2016,5,15,55,0,2,7,98,6,"MAIN ST","ROLLER ST NW",0,35.74426111,-81.572925,0,12,6,0,2,3,0,1,1,1,0,1,0,"0000000",99,99,99,99,99,99,0,0,0,1,0
37,370202,2,2,0,0,0,2,2,37,0,27,1,2016,4,11,34,0,1,3,98,3,"SR-1524","",0,35.78780278,-79.15004444,0,12,2,0,1,1,0,1,1,10,0,10,0,"0000000",11,23,11,31,12,2,0,0,0,1,0
37,370203,1,1,0,0,0,1,1,81,1940,26,1,2016,3,18,34,1,2,1,1,1,"I-40","",0,36.08395278,-79.97067778,0,1,0,0,1,1,0,4,3,10,0,10,0,"0000000",18,35,18,39,19,10,0,0,0,1,0
37,370204,2,2,0,0,0,3,3,97,4430,15,1,2016,6,23,55,1,2,1,1,1,"I-40","",0,35.80810556,-80.87147778,0,12,8,0,1,1,0,1,2,1,0,1,0,"0000000",23,22,23,25,0,26,0,0,0,1,1
37,370205,1,1,0,0,0,1,1,97,3110,29,1,2016,6,0,6,0,2,7,98,6,"FAIRVIEW RD","",0,35.5477,-80.85235833,0,24,0,0,1,1,0,4,2,1,0,1,0,"0000000",0,5,0,14,1,2,0,0,0,1,1
37,370206,2,2,0,0,0,3,3,169,2438,20,1,2016,4,19,32,0,2,7,98,6,"KIRBY RD","",0,36.27383333,-80.35395,0,12,6,0,1,1,0,1,6,4,0,4,0,"0000000",19,33,19,40,20,38,0,0,0,1,0
37,370207,1,1,0,1,1,3,3,163,0,5,2,2016,6,20,27,0,2,3,98,3,"SR-1620","",0,35.25016667,-78.515375,0,8,0,0,1,1,0,1,2,1,0,1,0,"0000000",20,23,20,28,88,88,0,0,0,1,0
37,370208,1,1,0,1,1,1,1,1,700,26,3,2016,7,21,4,0,2,7,98,6,"SHARPE RD","",0,36.11467222,-79.42986389,0,8,0,0,1,1,0,1,2,1,0,1,0,"0000000",21,4,21,12,88,88,0,0,0,1,0
37,370209,2,2,0,0,0,2,2,21,0,23,3,2016,4,10,7,0,1,3,98,3,"SR-1004","",0,99.9999,999.9999,0,12,2,0,1,1,0,1,1,1,0,1,0,"0000000",99,99,99,99,99,99,0,0,0,1,0
37,370210,2,2,0,0,0,2,2,25,0,13,3,2016,1,19,12,0,1,3,98,3,"SR-1136","",0,35.25633056,-80.61528611,0,12,1,0,8,1,0,1,1,10,0,10,0,"0000000",19,10,19,21,20,10,0,0,0,1,2
37,370211,2,2,0,0,0,4,4,31,0,13,3,2016,1,12,1,0,1,3,98,3,"SR-1155","",0,34.80413056,-76.73679444,0,12,2,0,1,1,0,1,1,10,0,10,0,"0000000",99,99,99,99,99,99,0,0,0,2,0
37,370212,2,2,0,2,2,5,5,45,0,19,3,2016,7,1,1,0,1,3,98,3,"SR-2033","SR-2047",0,35.28355556,-81.46755278,0,8,0,0,2,2,0,1,2,1,0,1,0,"0000000",0,54,1,1,1,23,0,0,0,1,0
37,370213,1,1,0,1,1,1,1,49,0,2,3,2016,4,20,56,0,1,3,98,3,"SR-1171","SR-1194",0,35.08504722,-77.04203056,0,8,0,0,3,3,0,1,2,1,0,1,0,"0000000",99,99,99,99,99,99,0,0,0,1,1
37,370214,1,1,0,0,0,1,1,49,0,11,3,2016,6,2,19,0,1,3,98,3,"SR-1444","",0,35.314275,-77.19616667,0,1,0,0,1,1,0,1,2,1,0,1,0,"0000000",2,11,2,20,88,88,0,0,0,1,1
37,370215,1,1,0,0,0,1,1,51,0,8,3,2016,3,22,17,0,1,5,98,3,"SR-210","",99999,34.90248611,-78.58574167,0,34,0,0,1,1,0,4,2,1,0,1,0,"0000000",88,88,88,88,88,88,0,0,0,1,1
37,370216,1,1,0,1,1,1,1,51,1670,9,3,2016,4,2,10,0,2,3,1,2,"US-401 RAEFORD RD","",99999,35.03744722,-79.00936389,0,8,0,0,1,1,0,1,3,1,0,1,0,"0000000",99,99,99,99,88,88,0,0,0,1,1
37,370217,3,3,0,0,0,3,3,59,0,10,3,2016,5,14,45,1,1,1,1,1,"I-40","",99999,35.94208333,-80.5586,0,12,1,0,1,1,0,1,1,1,0,1,0,"0000000",99,99,99,99,99,99,28,14,0,1,0
37,370218,3,3,0,0,0,3,3,63,0,10,3,2016,5,7,40,0,1,7,98,4,"CR-1451 RUSSELL RD","CR-1453 BIVINS RD",99999,36.08970556,-78.95194167,0,12,6,0,2,2,0,1,1,1,0,1,0,"0000000",99,99,99,99,99,99,0,0,0,1,0
37,370219,2,2,0,0,0,3,3,81,0,1,3,2016,3,16,8,0,1,5,98,4,"CR-2770 HUFFINE MILL RD","CR-2714 REDCEDAR RD",99999,36.14034167,-79.65333056,0,12,6,0,2,2,0,1,1,1,0,1,0,"0000000",16,18,16,33,17,3,0,0,0,1,0
37,370220,1,1,0,1,1,1,1,89,0,11,3,2016,6,19,21,0,1,4,1,2,"US-25 ASHEVILLE HWY","CR-1366 S. CURETON PLACE",99999,35.39678056,-82.50656111,0,8,0,0,2,3,0,1,2,1,0,1,0,"0000000",19,19,19,19,19,34,0,0,0,1,0
37,370221,1,1,0,0,0,1,1,101,0,12,3,2016,7,0,44,0,1,7,98,4,"CR-1202 FRIENDSHIP CHURCH RD","",99999,35.76762778,-78.24238056,0,35,0,0,1,1,0,4,2,1,0,1,0,"0000000",0,39,0,53,88,88,0,0,0,1,1
37,370222,3,3,0,0,0,3,3,101,0,15,3,2016,3,17,43,0,1,4,98,3,"SR-210","",99999,35.51646944,-78.55968889,0,12,1,0,1,1,0,1,1,1,0,1,0,"0000000",17,49,17,55,88,88,0,0,0,1,0
37,370223,1,1,0,0,0,1,1,101,0,23,3,2016,4,3,42,1,1,1,1,1,"I-40","",99999,35.3822,-78.51131944,0,52,0,0,1,1,0,4,2,1,0,1,0,"0000000",3,40,3,54,88,88,0,0,0,1,1
37,370224,3,3,0,0,0,4,4,109,0,18,3,2016,6,11,3,0,1,5,98,3,"SR-27","",99999,35.484675,-81.3765,0,12,2,0,1,1,0,1,1,1,0,1,0,"0000000",11,3,11,8,11,47,0,0,0,1,0
37,370225,1,1,0,0,0,1,1,117,0,20,3,2016,1,6,45,0,1,7,98,4,"CR-1124 GARRETT RD","",99999,35.83009167,-77.08688056,0,34,0,0,1,1,0,4,4,2,0,2,0,"0000000",99,99,99,99,88,88,0,0,0,1,0
37,370226,3,3,0,0,0,3,3,119,870,15,3,2016,3,16,33,0,2,3,98,3,"SR-51 PINEVILLE MATTHEWS RD","ELM LN",99999,35.08406667,-80.82298611,0,12,6,0,2,2,0,1,1,1,0,1,0,"0000000",16,35,16,44,17,2,0,0,0,1,0
37,370227,2,2,0,0,0,2,2,119,870,20,3,2016,1,1,58,1,2,1,1,1,"I-485","",99999,35.32900556,-80.92337222,0,12,2,0,1,1,0,1,2,10,0,10,0,"0000000",1,53,2,1,88,88,0,0,0,2,2
37,370228,2,2,0,0,0,2,2,119,870,21,3,2016,2,18,25,0,2,5,98,6,"YORKMONT RD","",99999,35.19246944,-80.93186667,0,12,1,0,4,1,0,1,1,1,0,1,0,"0000000",18,25,18,34,18,54,0,0,0,1,0
37,370229,1,1,0,0,0,1,1,119,870,24,3,2016,5,17,35,0,2,7,98,6,"PAVILLION BLVD","",99999,35.32721944,-80.71329444,0,34,0,0,1,1,0,4,1,1,0,1,0,"0000000",17,35,17,45,88,88,0,0,0,1,1
37,370230,2,2,0,0,0,2,2,125,0,18,3,2016,6,20,19,0,1,7,98,4,"CR-1115","",99999,35.16486111,-79.49691389,0,12,2,0,1,1,0,1,1,1,0,1,0,"0000000",99,99,99,99,99,99,0,0,0,1,0
37,370231,1,1,0,1,1,1,1,125,0,18,3,2016,6,23,57,0,1,7,98,4,"CR-1638","",99999,35.44839722,-79.48014167,0,8,0,0,1,1,0,1,2,1,0,1,0,"0000000",99,99,99,99,88,88,0,0,0,1,0
37,370232,1,1,0,0,0,1,1,125,0,26,3,2016,7,21,49,0,1,7,98,4,"CR-1479","",99999,35.44511667,-79.55633333,0,53,0,0,1,1,0,4,2,10,0,10,0,"0000000",99,99,99,99,88,88,0,0,0,1,0
37,370233,1,1,0,3,3,1,1,147,1950,17,3,2016,5,1,46,0,6,96,96,8,"EMERGENCY DRIVE","",99999,35.60856389,-77.40491667,0,31,0,0,1,1,0,3,3,1,0,1,0,"0000000",99,98,99,98,88,88,0,0,0,1,0
37,370234,2,2,0,0,0,2,2,155,0,21,3,2016,2,15,59,0,1,4,98,3,"SR-211","CR-1770",99999,34.72165,-79.09495,0,12,6,0,2,2,0,1,1,1,0,1,0,"0000000",99,99,99,99,99,99,0,0,0,1,0
37,370235,1,1,0,0,0,3,3,159,0,12,3,2016,7,19,20,0,1,7,98,4,"CR-2371","",99999,35.58164167,-80.35761111,0,35,0,0,1,1,0,4,2,1,0,1,0,"0000000",19,20,19,25,20,5,0,0,0,1,1
37,370236,1,1,0,0,0,1,1,167,0,21,3,2016,2,20,18,1,1,2,98,2,"US-52","",99999,35.23937222,-80.14539444,0,32,0,0,1,1,0,4,2,1,0,1,0,"0000000",20,15,20,20,88,88,0,0,0,1,0
37,370237,1,1,0,0,0,2,2,167,0,23,3,2016,4,20,45,0,1,7,98,4,"CR-1131","",99999,35.249475,-80.35568611,0,42,0,0,1,1,0,4,2,1,0,1,0,"0000000",20,42,20,56,21,42,0,0,0,1,1
37,370238,2,2,0,0,0,5,5,179,0,21,3,2016,2,7,35,0,1,7,98,4,"CR-1941","",99999,34.97231389,-80.49305278,0,12,2,0,1,1,0,1,1,1,0,1,0,"0000000",7,39,7,48,8,50,0,0,0,2,0
37,370239,2,2,0,0,0,4,4,183,0,22,3,2016,3,8,28,0,1,4,98,3,"SR-96","CR-2308",99999,35.88171667,-78.36724722,0,12,6,0,2,2,0,1,1,1,0,1,0,"0000000",8,27,8,41,9,9,0,0,0,1,0
37,370240,1,1,0,0,0,2,2,185,0,13,3,2016,1,22,6,0,1,7,98,4,"CR-1210","",99999,36.45038611,-78.22325556,0,34,0,0,1,1,0,4,2,10,0,10,0,"0000000",22,2,22,11,88,88,0,0,0,2,1
37,370241,1,1,0,0,0,2,2,189,0,13,3,2016,1,13,7,0,1,7,98,4,"CR-1117","",99999,36.25175,-81.78651389,0,42,0,0,1,1,0,4,1,2,0,2,0,"0000000",99,99,99,99,99,99,0,0,0,1,0
37,370242,2,2,0,0,0,2,2,191,0,16,3,2016,4,11,54,0,1,4,98,3,"SR-581","CR-1960",99999,35.31469167,-77.93812778,0,12,2,0,2,2,0,1,1,1,0,1,0,"0000000",11,58,12,13,12,49,0,0,0,1,0
37,370243,2,2,0,0,0,5,5,195,0,8,3,2016,3,14,12,0,1,5,98,3,"SR-58","",99999,35.58911111,-77.81233611,0,12,2,0,1,1,0,1,1,1,0,1,0,"0000000",14,2,14,15,15,20,0,0,0,2,0
37,370244,1,1,0,0,0,2,2,1,0,18,3,2016,6,19,0,0,1,6,98,4,"CR-2116 BOY WOOD RD","",99999,36.01346389,-79.36935556,0,42,0,0,1,1,0,4,1,1,0,1,0,"0000000",18,55,19,12,99,99,0,0,0,1,1
37,370245,2,2,0,0,0,2,2,13,0,26,3,2016,7,16,45,0,2,4,1,2,"US-264","",99999,35.51206389,-76.90459167,0,12,2,0,1,1,0,1,1,1,0,1,0,"0000000",16,46,16,52,99,99,0,0,0,1,0
37,370246,2,2,0,0,0,3,3,13,0,30,3,2016,4,15,23,0,1,3,1,2,"US-264 JOHN SMALL AVE","",99999,35.54115,-77.00169167,0,12,1,0,1,1,0,1,1,1,0,1,0,"0000000",99,99,99,99,99,99,0,0,0,1,0
37,370247,2,1,1,0,0,1,1,19,0,28,3,2016,2,6,33,0,1,3,1,2,"US-17 OCEAN HWY","",99999,33.94715833,-78.49878889,0,14,0,0,1,1,0,4,2,1,0,1,0,"0000000",6,30,6,39,7,8,0,0,0,1,0
37,370248,1,1,0,0,0,2,2,19,0,28,3,2016,2,10,14,0,1,4,98,3,"SR-87","",99999,33.98398889,-78.03368889,0,34,0,0,1,1,1,4,1,1,0,1,0,"0000000",99,99,99,99,99,99,0,0,0,2,0
37,370249,1,1,0,0,0,1,1,21,0,25,3,2016,6,7,30,0,1,7,98,4,"CR-2122 UNION CHAPEL RD","",99999,35.70378333,-82.53051667,0,1,0,0,1,1,0,4,1,10,0,10,0,"0000000",7,39,7,48,88,88,0,0,0,1,0
37,370250,1,1,0,0,0,1,1,21,170,27,3,2016,1,22,8,1,2,1,1,1,"I-240 RAMP","",99999,35.59793889,-82.53141389,0,59,0,1,5,1,0,4,3,2,0,2,0,"0000000",22,12,22,18,88,88,0,0,0,1,1
37,370251,1,1,0,1,1,4,4,49,0,26,3,2016,7,21,8,0,1,5,98,3,"SR-55","",99999,35.16627778,-77.15990833,0,8,0,0,1,1,0,1,2,10,0,10,0,"0000000",99,99,99,99,99,99,0,0,0,1,0
37,370252,3,3,0,0,0,5,5,53,0,30,3,2016,4,11,56,0,1,4,1,2,"US-158 CARATOKE HWY","",99999,36.14279167,-75.84385,0,12,1,0,1,1,0,1,1,1,0,1,0,"0000000",11,49,11,58,12,45,19,0,0,1,0
37,370253,1,1,0,0,0,4,4,57,4590,27,3,2016,1,19,38,1,2,1,1,1,"I-85","",99999,35.85445,-80.10253611,0,21,0,1,19,1,0,4,2,2,0,2,0,"0000000",19,19,19,29,19,50,0,0,0,1,0
37,370254,1,1,0,1,1,1,1,67,5120,30,3,2016,4,0,10,0,2,7,98,6,"EAST SPRAGUE ST","",99999,36.06982222,-80.23382222,0,8,0,0,1,1,0,4,2,1,0,1,0,"0000000",0,11,0,18,0,37,0,0,0,1,0
37,370255,1,1,0,1,1,1,1,69,0,22,3,2016,3,15,55,0,1,6,98,4,"CR-1600 EAST RIVER RD","",99999,36.09166944,-78.27621111,0,8,0,0,1,1,0,1,1,1,0,1,0,"0000000",15,48,15,53,16,26,0,0,0,1,0
37,370256,2,2,0,0,0,2,2,77,0,25,3,2016,6,1,22,1,1,3,1,2,"US-15","",0,36.32358611,-78.59503889,0,12,2,0,1,1,0,1,2,1,0,1,0,"0000000",99,99,99,99,99,99,0,0,0,1,2
37,370257,1,1,0,1,1,1,1,81,1940,19,3,2016,7,10,29,0,2,7,98,6,"N CHURCH","",0,36.15885278,-79.787875,0,8,0,0,1,1,0,1,1,2,10,2,0,"0000000",10,27,10,39,10,57,0,0,0,1,0
37,370258,2,2,0,0,0,3,3,81,3413,29,3,2016,3,12,38,0,2,3,98,3,"SR-68","MARKET PLACE DR",0,36.17343611,-79.98915,0,12,6,0,2,2,0,1,1,1,0,1,0,"0000000",12,37,12,50,13,29,0,0,0,1,0
37,370259,2,2,0,0,0,3,3,83,0,28,3,2016,2,7,34,0,1,3,98,3,"SR-1418","",0,36.47378611,-77.65695278,0,12,8,0,1,1,0,1,1,1,0,1,0,"0000000",99,99,99,99,99,99,0,0,0,1,0
37,370260,2,2,0,0,0,2,2,87,0,25,3,2016,6,9,11,1,1,3,1,2,"US-23","",0,35.49766111,-83.00053056,0,12,6,0,1,1,0,1,1,1,0,1,0,"0000000",9,6,9,14,10,45,0,0,0,1,0
37,370261,2,2,0,0,0,3,3,89,1674,21,3,2016,2,11,7,0,2,3,98,3,"SR-280","UNDERWOOD RD",0,35.44147222,-82.53490278,0,12,6,0,2,2,0,1,1,1,0,1,0,"0000000",11,8,11,17,12,9,0,0,0,1,0
37,370262,2,2,0,0,0,2,2,97,0,24,3,2016,5,5,29,9,1,3,3,3,"SR-3","SR-1142",0,35.51945556,-80.77067222,9,12,6,0,3,3,0,1,2,1,0,1,0,"0000000",5,28,5,37,88,88,0,0,0,1,0
37,370263,2,2,0,0,0,2,2,105,0,18,3,2016,6,1,8,0,1,3,98,3,"SR-1434","",0,35.60687778,-79.09571111,0,12,2,0,1,1,0,1,3,1,0,1,0,"0000000",1,7,1,24,99,99,0,0,0,1,1
37,370264,1,1,0,0,0,2,2,107,0,29,3,2016,3,19,54,0,1,3,98,3,"SR-1143","",0,35.14426667,-77.754325,0,34,0,0,1,1,0,4,2,1,0,1,0,"0000000",20,2,20,18,99,99,0,0,0,1,1
37,370265,2,2,0,0,0,3,3,111,0,23,3,2016,4,14,49,1,1,3,1,2,"US-221","",0,35.64493889,-81.98551667,0,12,2,0,1,1,0,1,1,1,0,1,0,"0000000",99,99,99,99,88,88,0,0,0,3,0
37,370266,2,2,0,0,0,6,6,117,0,31,3,2016,5,16,2,0,1,3,98,3,"SR-171","",0,35.808575,-76.89830278,0,12,6,0,1,1,0,1,1,1,0,1,0,"0000000",99,99,99,99,99,99,0,0,0,1,0
37,370267,1,1,0,0,0,4,4,119,870,1,3,2016,3,9,13,0,2,7,98,6,"WINDY GROVE RD","",0,35.21049444,-80.99253889,0,42,0,0,1,1,0,4,1,1,0,1,0,"0000000",9,11,9,21,9,46,0,0,0,1,0
37,370268,2,2,0,0,0,3,3,119,870,22,3,2016,3,2,52,0,2,7,98,6,"BROOKSHIRE BLVD","",0,35.32327222,-80.94253333,0,12,1,0,1,1,0,1,3,1,0,1,0,"0000000",2,51,3,6,3,9,0,0,0,1,1
37,370269,1,1,0,0,0,1,1,125,3600,13,3,2016,1,23,39,1,2,3,1,2,"US-15","",0,35.21554444,-79.451825,0,42,0,0,1,1,0,4,3,1,0,1,0,"0000000",23,39,23,45,88,88,0,0,0,1,1
37,370270,2,2,0,0,0,5,5,127,3930,21,3,2016,2,20,26,1,2,3,1,2,"US-301","TYLER DR",0,36.01786944,-77.77065833,0,12,6,0,2,2,0,1,3,1,0,1,0,"0000000",20,25,20,26,99,99,0,0,0,4,1
37,370271,3,3,0,0,0,4,4,129,0,19,3,2016,7,19,54,0,1,3,98,3,"SR-1100","",0,34.16438056,-77.94182222,0,12,2,0,1,1,0,1,2,1,0,1,0,"0000000",19,53,20,4,20,22,0,0,0,1,0
37,370272,2,2,0,0,0,4,4,129,5060,20,3,2016,1,2,44,0,2,7,98,6,"MARKET ST","",0,34.23541944,-77.94819167,0,12,2,0,1,1,0,1,2,1,0,1,0,"0000000",2,44,2,49,99,99,0,0,0,1,1
37,370273,1,1,0,1,1,1,1,151,0,30,3,2016,4,7,31,0,1,3,98,3,"SR-1207","",0,35.589875,-79.81015,0,8,0,0,1,1,0,1,1,1,0,1,0,"0000000",7,28,7,39,7,59,0,0,0,1,0
37,370274,1,1,0,0,0,2,2,153,0,20,3,2016,1,4,43,0,1,3,98,3,"SR-1900","",0,34.88528056,-79.71878611,0,38,0,0,1,1,0,4,2,10,0,10,0,"0000000",4,26,4,37,5,21,0,0,0,1,1
37,370275,1,1,0,0,0,2,2,163,1760,26,3,2016,7,0,13,0,2,3,98,3,"SR-411","",0,34.78167222,-78.38988889,0,42,0,0,1,1,0,4,3,1,0,1,0,"0000000",0,13,0,16,0,55,0,0,0,1,0
37,370276,1,1,0,0,0,2,2,169,0,26,3,2016,7,8,9,0,1,3,98,3,"SR-772","",0,36.39463889,-80.09485556,0,42,0,0,1,1,0,4,1,10,0,10,0,"0000000",8,11,8,40,9,20,0,0,0,1,1
37,370277,2,2,0,0,0,3,3,183,2230,20,3,2016,1,2,15,0,2,3,98,3,"SR-55","WEST HOLLY SPRINGS RD",0,35.65483889,-78.83426111,0,12,2,0,2,3,0,1,3,2,0,2,0,"0000000",2,18,2,29,3,13,0,0,0,1,2
37,370278,4,4,0,0,0,4,4,183,4790,22,3,2016,3,16,32,1,2,3,1,2,"US-1","",0,35.98793333,-78.53334167,0,12,1,0,1,1,0,1,1,1,0,1,0,"0000000",16,23,16,35,17,25,0,0,0,1,0
37,370279,2,2,0,0,0,3,3,183,0,24,3,2016,5,2,22,1,1,3,1,2,"US-64","",0,35.79545833,-78.53520278,0,12,1,0,1,1,0,1,2,1,0,1,0,"0000000",2,16,2,25,88,88,0,0,0,1,0
37,370280,1,1,0,1,1,1,1,183,3750,27,3,2016,1,11,17,0,2,7,98,6,"S RALEIGH BLVD","",0,35.76823889,-78.61435556,0,15,0,0,1,1,0,1,1,2,0,2,0,"0000000",11,18,11,23,11,34,0,0,0,1,0
37,370281,1,1,0,0,0,5,5,183,800,31,3,2016,5,7,2,1,2,1,1,1,"I-540","",0,35.88424444,-78.820925,0,23,0,0,1,1,0,3,2,1,0,1,0,"0000000",6,58,7,44,8,37,0,0,0,1,0
37,370282,1,1,0,1,1,1,1,25,1040,17,3,2016,5,2,6,1,2,1,1,1,"I-85","",99999,35.37969167,-80.70677778,0,8,0,0,1,1,0,1,2,1,0,1,0,"0000000",2,11,2,19,88,88,0,0,0,1,1
37,370283,1,1,0,0,0,1,1,51,1670,20,3,2016,1,5,13,0,2,3,98,6,"RAMSEY ST","",99999,35.07698611,-78.88128889,0,30,0,0,1,1,0,4,3,1,0,1,0,"0000000",5,14,5,19,5,43,0,0,0,1,1
37,370284,1,1,0,0,0,1,1,89,0,28,3,2016,2,17,47,0,1,4,1,2,"US-64","",99999,35.37891389,-82.36346389,0,42,0,0,1,1,0,4,1,1,0,1,0,"0000000",17,47,17,59,99,99,0,0,0,1,0
37,370285,1,1,0,0,0,1,1,105,4090,30,3,2016,4,1,33,0,2,4,98,6,"WICKER ST","",99999,35.46861389,-79.20350833,0,24,0,1,19,1,0,4,2,1,0,1,0,"0000000",1,35,1,40,88,88,0,0,0,1,0