"STATE","ST_CASE","VE_TOTAL","VE_FORMS","PVH_INVL","PEDS","PERNOTMVIT","PERMVIT","PERSONS","COUNTY","CITY","DAY","MONTH","YEAR","DAY_WEEK","HOUR","MINUTE","NHS","RUR_URB","FUNC_SYS","RD_OWNER","ROUTE","TWAY_ID","TWAY_ID2","MILEPT","LATITUDE","LONGITUD","SP_JUR","HARM_EV","MAN_COLL","RELJCT1","RELJCT2","TYP_INT","WRK_ZONE","REL_ROAD","LGT_COND","WEATHER1","WEATHER2","WEATHER","SCH_BUS","RAIL","NOT_HOUR","NOT_MIN","ARR_HOUR","ARR_MIN","HOSP_HR","HOSP_MN","CF1","CF2","CF3","FATALS","DRUNK_DR"
37,370286,2,2,0,0,0,3,3,151,0,23,3,2016,4,15,23,0,1,7,98,4,"CR-2111 BULL RUN CREEK RD","CR-2116 NEW SALEM RD",99999,35.84099444,-79.76574722,0,12,2,0,3,2,0,1,1,1,0,1,0,"0000000",15,20,15,31,88,88,0,0,0,1,0
37,370287,1,1,0,0,0,3,3,157,0,23,3,2016,4,5,10,0,1,7,98,4,"CR-1974 TOWN CREEK RD","",99999,36.47533611,-79.71111111,0,42,0,0,1,1,0,4,2,1,0,1,0,"0000000",99,99,99,99,99,99,0,0,0,1,0
37,370288,2,2,0,0,0,2,2,181,0,11,3,2016,6,5,50,0,1,7,98,4,"CR-1231 FACET RD","",99999,36.29672222,-78.39043056,0,12,6,0,8,1,0,1,1,1,0,1,0,"0000000",6,4,6,11,6,34,0,0,0,1,1
37,370289,1,1,0,0,0,1,1,23,0,2,4,2016,7,11,37,0,1,4,98,4,"CR-1890 I-40 ACCESS RD S.E.","",99999,35.70935556,-81.41570833,0,42,0,0,1,1,0,4,1,1,0,1,0,"0000000",11,37,11,50,88,88,0,0,0,1,0
37,370290,2,2,0,0,0,2,2,25,0,6,4,2016,4,19,33,0,1,4,1,2,"US-601","",99999,35.28956667,-80.51113333,0,12,2,0,1,1,0,1,1,1,0,1,0,"0000000",19,30,19,37,20,12,0,0,0,1,1
37,370291,3,3,0,0,0,4,4,25,0,12,4,2016,3,9,9,0,1,3,98,3,"SR-73 DAVIDSON HWY","",99999,35.43728611,-80.70863333,0,12,2,0,1,1,0,1,1,1,0,1,1,"0000000",9,2,9,7,88,88,0,0,0,1,0
37,370292,2,2,0,0,0,4,4,33,0,7,4,2016,5,7,48,0,1,6,98,4,"CR-1146 CAMP SPRINGS RD","",99999,36.30562778,-79.50735278,0,12,2,0,1,1,0,1,1,10,0,10,0,"0000000",7,35,7,56,99,99,0,0,0,1,1
37,370293,1,1,0,1,1,1,1,51,1670,6,4,2016,4,19,7,0,2,4,98,6,"CEDAR CREEK RD","TROY DRIVE",99999,35.03407222,-78.84554444,0,8,0,0,2,3,0,1,5,1,0,1,0,"0000000",19,8,19,14,19,40,0,0,0,1,0
37,370294,2,2,0,0,0,3,3,57,0,2,4,2016,7,15,14,0,2,5,98,3,"SR-8","CR-2287 WAFFORD RD",99999,35.68839722,-80.26892778,0,12,6,0,2,2,0,1,1,1,0,1,0,"0000000",14,21,14,25,15,32,0,0,0,1,0
37,370295,2,2,0,0,0,2,2,57,4590,11,4,2016,2,15,53,0,2,3,98,3,"SR-68 NATIONAL HWY","CR-1769 PLEASANT GROVE CH. RD",99999,35.91274444,-80.05981389,0,12,6,0,2,3,0,1,1,1,0,1,0,"0000000",15,53,16,0,99,99,0,0,0,1,1
37,370296,1,1,0,0,0,1,1,69,0,9,4,2016,7,18,25,0,1,7,98,4,"CR-1103 PILOT-RILEY RD","",99999,35.9232,-78.34598611,0,35,0,0,1,1,0,4,1,6,0,6,0,"0000000",99,99,99,99,88,88,0,0,0,1,1
37,370297,1,1,0,0,0,1,1,71,1800,1,4,2016,6,21,56,0,2,7,98,6,"EAST DAVIDSON AVE","",99999,35.274775,-81.17741389,0,33,0,0,1,1,0,4,3,10,0,10,0,"0000000",18,44,18,50,88,88,0,0,0,1,0
37,370298,2,2,0,0,0,2,2,77,0,5,4,2016,3,8,1,0,1,7,98,4,"CR-1718 ROCK SPRING CHURCH RD","",99999,36.06117222,-78.639325,0,12,2,0,1,1,0,4,1,10,0,10,0,"0000000",7,59,8,17,88,88,0,0,0,1,0
37,370299,1,1,0,0,0,1,1,81,2170,1,4,2016,6,12,42,0,2,4,98,6,"BAKER ROAD","",99999,35.94343889,-79.95805556,0,42,0,0,1,1,0,4,9,99,0,99,0,"0000000",12,48,13,1,88,88,18,0,0,1,1
37,370300,2,2,0,0,0,2,2,87,0,11,4,2016,2,3,11,1,1,1,1,1,"I-40","",99999,35.54935556,-82.93749444,0,12,2,0,1,1,0,1,2,1,0,1,0,"0000000",99,99,99,99,99,99,0,0,0,1,0
37,370301,1,1,0,0,0,1,1,93,0,12,4,2016,3,0,35,0,1,5,98,3,"SR-20","",99999,34.92653333,-79.15230556,0,42,0,0,1,1,0,4,2,1,0,1,0,"0000000",99,99,99,99,88,88,0,0,0,1,1
37,370302,1,1,0,1,1,1,1,119,1200,1,4,2016,6,12,16,0,2,4,98,6,"S. MAIN STREET","SOUTH STREET",99999,35.49795833,-80.84907222,0,8,0,0,2,4,0,1,1,1,0,1,0,"0000000",12,16,12,19,88,88,0,0,0,1,0
37,370303,1,1,0,0,0,5,5,119,870,2,4,2016,7,4,5,0,2,4,98,6,"MCKEE ROAD","",99999,35.06957778,-80.75391111,0,42,0,0,1,1,0,4,3,10,0,10,0,"0000000",4,3,4,19,4,21,0,0,0,1,0
37,370304,1,1,0,0,0,3,3,119,870,11,4,2016,2,20,55,0,2,3,98,6,"E INDEPENDENCE BLVD","",99999,35.15941111,-80.73588333,0,24,0,0,1,1,0,4,3,1,0,1,0,"0000000",20,55,21,6,21,8,0,0,0,2,1
37,370305,2,2,0,0,0,2,2,125,0,10,4,2016,1,17,13,0,1,7,98,4,"CR-1419","",99999,35.50580833,-79.62833889,0,12,2,0,8,1,0,1,1,1,0,1,0,"0000000",17,7,17,16,88,88,0,0,0,1,0
37,370306,2,2,0,0,0,2,2,127,0,4,4,2016,2,9,5,0,2,6,98,5,"CR-1425","CR-1417",99999,36.04699722,-77.95422222,0,12,6,0,2,2,0,1,1,1,0,1,0,"0000000",9,0,9,7,99,99,0,0,0,1,0
37,370307,1,1,0,1,1,2,2,129,0,6,4,2016,4,5,39,1,1,1,1,1,"I-40","",99999,34.32094444,-77.87178056,0,8,0,1,18,1,0,1,2,1,0,1,0,"0000000",5,38,5,48,88,88,0,0,0,1,0
37,370308,2,2,0,0,0,3,3,155,0,4,4,2016,2,14,17,1,1,1,1,1,"I-95","",99999,34.55091944,-79.20093056,0,59,0,1,19,1,0,8,1,1,0,1,0,"0000000",99,99,99,99,99,99,0,0,0,1,0
37,370309,1,1,0,1,1,1,1,161,1680,4,4,2016,2,19,20,0,2,7,98,6,"ANGELA STREET","",99999,35.34894722,-81.88021389,0,8,0,0,8,1,0,1,1,1,0,1,0,"0000000",99,99,99,99,99,99,0,0,0,1,0
37,370310,1,1,0,0,0,1,1,171,0,5,4,2016,3,14,45,0,1,4,98,3,"SR-89","",99999,36.52633333,-80.86789167,0,19,0,0,1,1,0,4,1,1,0,1,0,"0000000",14,40,15,0,15,42,0,0,0,1,0
37,370311,1,1,0,0,0,1,1,181,0,4,4,2016,2,18,40,0,1,5,98,4,"CR-1329","",99999,36.41534444,-78.45827222,0,1,0,0,1,1,0,4,1,1,0,1,0,"0000000",18,8,18,21,88,88,0,0,0,1,1
37,370312,1,1,0,0,0,1,1,183,0,2,4,2016,7,14,27,0,1,5,98,4,"CR-2358","CR-1003",99999,35.75327778,-78.39070556,0,42,0,0,3,3,0,4,1,1,0,1,0,"0000000",14,28,14,39,88,88,0,0,0,1,0
37,370313,1,1,0,0,0,3,3,183,0,10,4,2016,1,2,57,1,2,1,1,1,"I-40","",99999,35.69178611,-78.57311389,0,24,0,0,1,1,0,4,2,1,0,1,0,"0000000",2,42,2,54,99,99,0,0,0,1,1
37,370314,1,1,0,1,1,1,1,185,0,9,4,2016,7,19,23,0,1,6,98,4,"CR-1325","",99999,36.42016944,-78.13092778,0,8,0,0,1,1,0,1,1,1,0,1,0,"0000000",19,18,19,26,88,88,0,0,0,1,0
37,370315,2,2,0,0,0,2,2,191,3200,4,4,2016,2,14,46,0,2,7,98,6,"CENTER STREET","HILLSBORO STREET",99999,35.188325,-78.07385278,0,12,6,0,2,3,0,1,1,1,0,1,0,"0000000",14,47,14,57,88,88,0,0,0,1,0
37,370316,1,1,0,0,0,1,1,197,0,2,4,2016,7,16,10,0,1,6,98,4,"CR-1300","",99999,36.19673056,-80.86270278,0,53,0,0,1,1,0,4,1,1,0,1,0,"0000000",16,8,16,16,88,88,0,0,0,1,1
37,370317,2,2,0,0,0,3,3,35,2710,22,2,2016,2,19,30,1,2,3,1,2,"US-70","",0,35.72241389,-81.36036944,0,12,2,0,1,1,0,1,3,2,0,2,0,"0000000",19,37,19,47,20,9,0,0,0,1,0
37,370318,1,1,0,0,0,1,1,97,0,3,3,2016,5,9,24,1,1,1,1,1,"I-40","",0,35.79994444,-80.91237778,0,24,0,0,1,1,0,4,1,1,0,1,0,"0000000",9,22,9,29,10,40,0,0,0,1,0
37,370319,1,1,0,0,0,3,3,25,0,11,4,2016,2,0,12,0,1,3,98,3,"SR-1002","",0,35.42349167,-80.56799167,0,32,0,0,1,1,0,4,2,1,0,1,0,"0000000",0,6,0,20,0,56,0,0,0,1,1
37,370320,1,1,0,1,1,1,1,39,0,19,4,2016,3,22,12,1,1,3,1,2,"US-19","",0,35.11102222,-84.00708056,0,8,0,0,1,1,0,1,2,10,0,10,0,"0000000",22,10,22,16,88,88,0,0,0,1,0
37,370321,2,2,0,0,0,2,2,45,4760,19,4,2016,3,20,47,0,2,3,98,3,"SR-150","",0,35.36088056,-81.43086944,0,12,6,0,8,1,0,1,2,1,0,1,0,"0000000",20,40,20,46,21,19,0,0,0,1,1
37,370322,1,1,0,0,0,5,5,71,0,20,4,2016,4,18,9,0,1,3,98,3,"SR-2011","",0,35.26984444,-81.07463611,0,30,0,0,1,1,0,4,1,1,0,1,0,"0000000",18,10,18,20,18,40,0,0,0,1,0
37,370323,2,2,0,0,0,2,2,81,0,5,4,2016,3,5,25,1,1,1,1,1,"I-40","",0,36.09071944,-79.99201944,0,12,1,0,1,1,0,4,2,1,0,1,0,"0000000",5,1,5,12,88,88,0,0,0,1,0
37,370324,1,1,0,1,1,1,1,81,2170,21,4,2016,5,22,53,0,2,7,98,6,"EASTCHESTER DR","JOHNSON ST",0,35.98353056,-80.01578056,0,8,0,0,2,2,0,1,3,10,0,10,0,"0000000",22,54,22,58,23,17,0,0,0,1,1
37,370325,1,1,0,1,1,1,1,89,0,15,4,2016,6,18,33,0,1,3,98,3,"SR-1006","SR-1625",0,35.41226944,-82.49652222,0,9,0,0,2,2,0,1,1,1,0,1,0,"0000000",99,99,99,99,99,99,0,0,0,1,0
37,370326,3,3,0,0,0,4,4,97,0,9,4,2016,7,15,29,1,1,1,1,1,"I-40","",0,35.79990833,-80.91233611,0,12,7,0,1,1,0,1,1,1,0,1,0,"0000000",15,29,15,38,16,30,0,0,0,1,0
37,370327,4,4,0,1,1,7,7,119,870,2,4,2016,7,11,47,1,2,1,1,1,"I-85","",0,35.26706667,-80.87270278,0,12,1,0,1,1,0,1,1,1,0,1,0,"0000000",11,44,12,1,12,39,23,0,0,1,0
37,370328,3,3,0,0,0,3,3,119,870,4,4,2016,2,17,10,0,2,7,98,6,"MALLARE CREEK","KEALTON AVE",0,35.3164,-80.78108611,0,12,6,0,2,3,0,1,1,1,0,1,0,"0000000",17,11,17,18,88,88,0,0,0,1,0
37,370329,1,1,0,0,0,2,2,119,870,6,4,2016,4,4,30,1,2,1,1,1,"I-85","",0,35.26628611,-80.87394167,0,59,0,0,1,1,0,4,3,1,0,1,0,"0000000",4,25,4,28,4,54,0,0,0,2,0
37,370330,1,1,0,0,0,1,1,119,870,21,4,2016,5,0,53,0,2,7,98,6,"MONROE RD","",0,35.19764444,-80.79293611,0,30,0,0,1,1,0,4,3,1,0,1,0,"0000000",0,53,1,2,1,26,0,0,0,1,1
37,370331,1,1,0,0,0,1,1,135,0,16,4,2016,7,13,45,1,1,3,1,2,"US-70","",0,36.086075,-79.09871111,0,42,0,0,1,1,0,4,1,1,0,1,0,"0000000",99,99,99,99,88,88,0,0,0,1,0
37,370332,1,1,0,0,0,3,3,135,0,10,4,2016,1,1,59,1,1,1,1,1,"I-40","",0,36.04049444,-79.11048611,0,1,0,0,1,1,0,4,2,1,0,1,0,"0000000",1,58,2,15,99,99,0,0,0,1,0
37,370333,1,1,0,0,0,1,1,153,0,22,4,2016,6,19,12,0,1,3,98,3,"SR-1991","",0,34.87658333,-79.75134167,0,42,0,0,1,1,0,4,1,10,0,10,0,"0000000",19,12,19,19,99,99,0,0,0,1,1
37,370334,1,1,0,0,0,1,1,155,0,12,4,2016,3,20,59,0,1,3,98,3,"SR-1673","",0,34.68009444,-79.15958611,0,42,0,0,1,1,0,4,2,5,0,5,0,"0000000",99,99,99,99,99,99,0,0,0,1,0
37,370335,1,1,0,0,0,2,2,161,0,18,4,2016,2,9,35,1,1,3,1,2,"US-74","",0,35.31493611,-81.85737222,0,42,0,0,1,1,0,4,1,1,0,1,0,"0000000",9,29,9,39,99,99,0,0,0,1,0
37,370336,1,1,0,0,0,1,1,165,0,11,4,2016,2,20,48,0,1,3,98,3,"SR-1617","SR-1612",0,34.70708611,-79.41788333,0,35,0,0,3,3,0,4,2,1,0,1,0,"0000000",99,99,99,99,88,88,0,0,0,1,1
37,370337,1,1,0,0,0,1,1,169,0,14,4,2016,5,16,49,0,1,3,98,3,"SR-1998","",0,36.30833333,-80.28458611,0,35,0,0,1,1,0,4,1,1,0,1,0,"0000000",16,45,16,56,88,88,0,0,0,1,1
37,370338,2,2,0,0,0,6,6,171,0,17,4,2016,1,13,46,1,1,3,1,2,"US-601","SR-2258",0,36.39184444,-80.70535556,0,12,6,0,2,2,0,1,1,1,0,1,0,"0000000",13,46,13,49,14,49,0,0,0,1,0
37,370339,1,1,0,0,0,1,1,179,9997,10,4,2016,1,22,7,0,2,3,98,3,"SR-200","",0,35.14084722,-80.41371389,0,34,0,0,1,1,0,4,2,1,0,1,0,"0000000",99,99,99,99,88,88,0,0,0,1,0
37,370340,2,2,0,0,0,4,4,185,0,18,4,2016,2,6,16,0,1,3,98,3,"SR-1001","",0,36.45185833,-78.18827222,0,12,2,0,1,1,0,1,1,1,0,1,0,"0000000",6,3,6,11,99,99,0,0,0,3,0
37,370341,2,2,0,0,0,3,3,199,0,9,4,2016,7,15,6,0,1,3,98,3,"SR-197","",0,35.90433333,-82.30221667,0,12,2,0,1,1,0,1,1,1,0,1,0,"0000000",15,4,15,15,15,55,0,0,0,1,0
37,370342,1,1,0,0,0,1,1,25,0,16,4,2016,7,13,10,0,1,4,98,4,"CR-1139 ROCKY RIVER RD","",99999,35.31838889,-80.596075,0,42,0,0,1,1,0,4,1,1,0,1,0,"0000000",13,8,13,16,13,51,0,0,0,1,0
37,370343,1,1,0,0,0,1,1,25,1040,23,4,2016,7,0,13,0,2,4,98,3,"SR-3 BRANCHVIEW DR","",99999,35.42831389,-80.58230556,0,42,0,0,1,1,0,4,3,10,0,10,0,"0000000",9,36,9,42,88,88,0,0,0,1,1
37,370344,2,2,0,1,1,2,2,27,2590,28,4,2016,5,6,5,0,2,3,1,2,"US-321 BLOWING ROCK BLVD","",99999,35.91765278,-81.52443333,0,8,0,0,1,1,0,1,3,2,0,2,0,"0000000",6,6,6,11,88,88,0,0,0,1,0
37,370345,3,3,0,0,0,4,4,47,9997,16,4,2016,7,15,11,1,1,2,1,2,"US-74 ANDREW JACKSON HWY NW","CR-1506 OLD BOARDMAN RD",99999,34.43619444,-78.95030556,0,12,6,0,2,2,0,1,1,1,0,1,0,"0000000",99,99,99,99,99,99,0,0,0,1,0
37,370346,3,3,0,0,0,3,3,53,0,26,4,2016,3,10,59,0,1,4,98,2,"US-158 CARATOKE HWY","",99999,36.17917222,-75.86386667,0,12,2,0,1,1,0,1,1,1,0,1,0,"0000000",10,47,10,57,99,99,0,0,0,1,0
37,370347,2,2,0,0,0,2,2,73,0,19,4,2016,3,17,54,0,1,3,1,2,"US-158","",99999,36.43736944,-76.72415,0,12,2,0,1,1,0,1,1,1,0,1,0,"0000000",17,53,17,58,19,5,0,0,0,1,0
37,370348,2,2,0,0,0,2,2,81,1940,23,4,2016,7,18,43,0,2,3,98,6,"W GATE CITY BLVD","GUILFORD COLLEGE RD",99999,36.00066389,-79.90841111,0,12,6,0,2,2,1,1,1,1,0,1,0,"0000000",18,42,18,48,88,88,0,0,0,1,0
37,370349,2,2,0,0,0,5,5,87,0,29,4,2016,6,15,57,0,1,5,98,3,"SR-215 LAKE LOGAN RD","",99999,35.43795278,-82.92020278,0,12,2,0,1,1,0,1,1,1,0,1,0,"0000000",15,50,16,3,88,88,0,0,0,1,0
37,370350,2,2,0,0,0,3,3,89,2130,30,4,2016,7,13,16,0,2,5,98,4,"CR-1525 DUNCAN HILL RD","",99999,35.33691944,-82.45571667,0,12,2,0,1,1,0,1,1,1,0,1,0,"0000000",13,16,13,17,88,88,0,0,0,1,1
37,370352,1,1,0,0,0,2,2,101,0,24,4,2016,1,2,39,0,1,4,98,3,"SR-210","",99999,35.50630833,-78.4377,0,35,0,0,1,1,0,4,2,1,0,1,0,"0000000",99,99,99,99,99,99,0,0,0,1,0
37,370353,1,1,0,0,0,1,1,109,0,21,4,2016,5,3,40,0,1,7,98,4,"CR-1491 NORMANDY RD","",99999,35.477575,-80.96878889,0,19,0,0,1,1,0,5,2,1,0,1,0,"0000000",3,33,3,43,4,45,0,0,0,1,0
37,370354,1,1,0,1,1,1,1,119,870,23,4,2016,7,21,37,0,2,3,98,6,"FREEDOM DR","",99999,35.24913056,-80.89765278,0,8,0,1,18,1,0,1,3,1,0,1,0,"0000000",21,36,21,43,88,88,0,0,0,1,0
37,370355,1,1,0,1,1,1,1,119,870,24,4,2016,1,12,31,0,2,3,98,6,"EASTWAY DR","",99999,35.23850278,-80.77686944,0,8,0,0,1,1,0,1,1,1,0,1,0,"0000000",12,31,12,36,12,59,0,0,0,1,0
37,370356,3,2,1,0,0,3,3,119,870,30,4,2016,7,1,0,1,2,1,1,1,"I-85","",99999,35.27574167,-80.82015278,0,14,0,0,1,1,0,3,3,1,0,1,0,"0000000",0,59,1,2,88,88,14,20,0,1,1
37,370357,1,1,0,0,0,2,2,125,0,23,4,2016,7,18,31,0,1,6,98,4,"CR-1100 ADDOR RD","",99999,35.07391389,-79.46146667,0,35,0,0,1,1,0,4,1,1,0,1,0,"0000000",18,31,18,43,19,16,0,0,0,1,1
37,370358,2,2,0,0,0,4,4,129,0,12,4,2016,3,20,40,0,1,3,1,2,"US-421 CAROLINA BEACH RD","CR-1492 MYRTLE GROVE RD",99999,34.08897778,-77.89632778,0,12,6,0,2,3,0,1,2,2,10,2,0,"0000000",20,43,20,50,21,24,0,0,0,1,1
37,370359,2,2,0,0,0,3,3,129,0,16,4,2016,7,17,35,0,1,3,1,2,"US-421 CAROLINA BEACH RD","",99999,34.15304167,-77.90630833,0,1,0,0,1,1,0,1,1,1,0,1,0,"0000000",17,27,17,32,17,44,0,0,0,1,0
37,370360,2,2,0,0,0,2,2,139,0,20,4,2016,4,13,24,0,1,5,98,3,"SR-344 WEEKSVILLE RD","",99999,36.23623333,-76.17104167,0,12,2,0,1,1,0,1,1,1,0,1,0,"0000000",12,55,13,22,99,99,0,0,0,1,0
37,370361,1,1,0,0,0,1,1,151,0,24,4,2016,1,1,7,0,1,7,98,4,"CR-2132 GEORGE YORK RD","",99999,35.80347778,-79.76675,0,1,0,0,1,1,0,1,2,1,0,1,0,"0000000",1,2,1,16,1,53,0,0,0,1,1
37,370362,1,1,0,0,0,2,2,169,0,24,4,2016,1,0,4,0,1,7,98,4,"CR-1102 TRINITY CHURCH RD","",99999,36.27794722,-80.39932778,0,32,0,0,1,1,0,4,2,1,0,1,0,"0000000",0,3,0,11,99,99,0,0,0,1,1
37,370363,1,1,0,0,0,2,2,171,0,10,4,2016,1,15,57,0,1,7,98,4,"CR-1823 GILLEY RD","",99999,36.45540278,-80.511575,0,1,0,0,8,1,0,1,1,1,0,1,0,"0000000",15,52,16,0,88,88,0,0,0,1,1
37,370364,1,1,0,0,0,1,1,183,0,21,4,2016,5,22,58,0,1,3,1,2,"US-264","",99999,35.83388056,-78.31058333,0,34,0,1,19,1,0,4,2,1,0,1,0,"0000000",22,37,22,41,88,88,0,0,0,1,0
37,370365,1,1,0,0,0,1,1,195,0,23,4,2016,7,3,41,0,1,3,1,2,"US-301","",99999,35.74624444,-77.87133889,0,32,0,0,1,1,0,4,2,2,0,2,0,"0000000",3,28,3,38,88,88,0,0,0,1,0
37,370366,1,1,0,0,0,1,1,183,800,1,1,2016,6,14,27,0,2,3,98,3,"SR-1617","",0,35.81148056,-78.87107222,0,42,0,0,1,1,0,4,1,1,0,1,0,"0000000",14,27,14,32,15,4,0,0,0,1,0
37,370367,1,1,0,0,0,1,1,119,870,29,2,2016,2,16,14,0,2,7,98,6,"ARCHER AVE","",0,35.20163056,-80.88955,0,42,0,0,1,1,0,4,1,1,0,1,0,"0000000",99,99,99,99,99,99,0,0,0,1,0
37,370368,1,1,0,0,0,1,1,45,0,19,4,2016,3,17,25,0,1,3,98,3,"SR-1923","",0,35.36509167,-81.50058611,0,1,0,0,1,1,0,4,1,1,0,1,0,"0000000",17,21,17,31,17,45,0,0,0,1,0
37,370369,1,1,0,0,0,2,2,47,0,8,4,2016,6,19,22,1,1,3,1,2,"US-74","",0,34.44016389,-78.95549167,0,34,0,0,1,1,0,4,1,1,0,1,0,"0000000",19,20,19,38,99,99,0,0,0,1,1
37,370370,1,1,0,0,0,1,1,49,0,26,4,2016,3,13,30,1,1,3,1,2,"US-17","",0,35.1181,-77.01573611,0,42,0,0,1,1,0,4,1,1,0,1,0,"0000000",13,24,13,35,88,88,0,0,0,1,0
37,370371,2,2,0,0,0,3,3,59,0,24,4,2016,1,9,20,1,1,3,1,2,"US-601","",0,35.88688056,-80.562275,0,12,2,0,1,1,0,1,1,1,0,1,0,"0000000",99,99,99,99,99,99,0,0,0,1,0
37,370372,2,2,0,0,0,2,2,63,0,23,4,2016,7,11,0,0,1,3,98,3,"SR-1004","SR-1630",0,36.13078333,-78.81498056,0,12,6,0,2,3,0,1,1,10,0,10,0,"0000000",99,99,99,99,88,88,0,0,0,1,0
37,370373,1,1,0,0,0,1,1,81,3413,26,4,2016,3,11,31,0,2,3,98,3,"SR-150","",0,36.17496667,-79.98600556,0,43,0,0,1,1,0,4,1,1,0,1,0,"0000000",11,30,11,37,88,88,0,0,0,1,0
37,370374,1,1,0,0,0,2,2,89,0,16,4,2016,7,4,19,1,1,1,1,1,"I-26","",99999,35.31947778,-82.42289444,0,24,0,0,1,1,0,4,2,1,0,1,0,"0000000",4,3,4,14,5,20,0,0,0,1,0
37,370375,2,2,0,0,0,3,3,93,0,30,4,2016,7,18,35,0,1,3,1,2,"US-401 LAURINBURG RD","",99999,34.92057778,-79.32725556,0,12,2,0,1,1,0,1,1,10,0,10,0,"0000000",18,32,18,41,19,27,0,0,0,1,0
37,370376,3,3,0,0,0,3,3,97,4430,13,4,2016,4,5,54,0,2,3,98,6,"GARNER BAGNAL BLVD","",99999,35.77156944,-80.86907222,0,12,2,0,1,1,0,1,3,1,0,1,0,"0000000",6,5,6,10,7,15,0,0,0,1,0
37,370377,2,2,0,0,0,3,3,101,0,27,4,2016,4,9,40,1,1,1,1,1,"I-95","",99999,35.38946944,-78.51847222,0,12,1,1,18,1,1,1,1,1,0,1,0,"0000000",9,47,9,59,10,38,0,0,0,1,0
37,370378,1,1,0,1,1,3,3,119,870,30,4,2016,7,12,34,0,2,5,98,6,"REMOUNT RD","",99999,35.22147778,-80.88328056,0,9,0,0,1,1,0,1,1,1,0,1,0,"0000000",99,99,99,99,88,88,0,0,0,1,0
37,370379,2,2,0,0,0,2,2,123,4660,20,4,2016,4,18,5,0,2,4,98,3,"SR-109 ELDORADO ST","SHILOH RD",99999,35.37011389,-79.91540556,0,12,6,0,2,2,0,1,1,1,0,1,0,"0000000",18,7,18,12,19,5,0,0,0,1,0
37,370380,2,2,0,0,0,3,3,133,0,25,4,2016,2,16,45,0,1,4,98,3,"SR-210","",99999,34.58728889,-77.46683333,0,12,2,0,1,1,0,1,1,1,0,1,0,"0000000",16,45,16,48,88,88,0,0,0,1,0
37,370381,1,1,0,0,0,3,3,141,0,29,4,2016,6,21,28,0,1,7,98,4,"CR-1121 BELL WILLIAMS RD","",99999,34.54669167,-78.09692222,0,42,0,0,1,1,0,4,2,1,0,1,0,"0000000",21,26,21,42,22,24,0,0,0,1,1
37,370383,2,2,0,0,0,2,2,153,2020,6,4,2016,4,13,31,1,2,2,98,2,"US-74","GENE BURREL ROAD",99999,34.90285,-79.71219444,0,12,6,0,2,2,0,1,1,1,0,1,0,"0000000",99,99,99,99,99,99,0,0,0,1,0
37,370384,1,1,0,0,0,1,1,155,0,28,4,2016,5,15,22,1,1,1,1,1,"I-95","",99999,34.57814444,-79.14858611,0,42,0,0,1,1,0,3,1,1,0,1,0,"0000000",99,99,99,99,99,99,0,0,0,1,0
37,370385,2,2,0,0,0,2,2,159,0,23,4,2016,7,7,32,0,1,5,98,4,"CR-1004","",99999,35.60262222,-80.37040278,0,12,2,0,1,1,0,1,1,1,0,1,0,"0000000",7,30,7,38,8,15,0,0,0,1,0
37,370386,2,2,0,0,0,2,2,159,1930,26,4,2016,3,13,13,0,2,3,98,6,"N SALISBURY AVE","",99999,35.63093056,-80.44698889,0,12,1,0,1,1,2,1,1,1,0,1,0,"0000000",13,13,13,24,13,46,0,0,0,1,0
37,370387,1,1,0,1,1,1,1,181,0,29,4,2016,6,5,41,0,1,6,98,4,"CR-1115","",99999,36.27695,-78.41441944,0,8,0,0,1,1,0,1,2,5,2,2,0,"0000000",99,99,99,99,88,88,0,0,0,1,0
37,370389,1,1,0,0,0,1,1,191,1880,15,4,2016,6,16,0,1,2,2,98,2,"US-70 RAMP","",99999,35.39691667,-77.96690556,0,34,0,1,5,1,0,4,1,1,0,1,0,"0000000",16,0,16,5,88,88,0,0,0,1,0
37,370390,1,1,0,0,0,1,1,195,0,10,4,2016,1,1,50,0,1,6,98,4,"CR-1131","",99999,35.75637778,-78.11417778,0,32,0,0,1,1,0,4,2,1,0,1,0,"0000000",1,49,1,58,88,88,0,0,0,1,1
37,370391,2,2,0,0,0,4,4,33,0,29,4,2016,6,14,58,0,1,4,98,3,"SR-87","CR-1144",99999,36.26729722,-79.52076111,0,12,6,0,2,3,0,1,1,1,0,1,0,"0000000",15,12,15,49,16,26,0,0,0,1,0
37,370392,1,1,0,0,0,1,1,35,3300,30,4,2016,7,6,51,0,2,3,98,3,"SR-16","",99999,35.6945,-81.21933889,0,53,0,0,1,1,0,4,1,10,2,2,0,"0000000",6,47,6,55,7,18,0,0,0,1,0
37,370393,2,2,0,0,0,3,3,47,0,2,4,2016,7,21,47,0,1,5,98,3,"SR-11","",99999,34.37886111,-78.27565556,0,12,2,0,1,1,0,1,2,1,0,1,0,"0000000",99,99,99,99,88,88,0,0,0,2,0
37,370394,2,2,0,0,0,2,2,51,1670,3,4,2016,1,17,15,0,2,4,98,6,"BINGHAM DRIVE","GREENOCK AVE",99999,35.03220556,-78.98451944,0,12,6,0,2,3,0,1,1,1,0,1,0,"0000000",17,14,17,19,17,33,0,0,0,1,1