"STATE","ST_CASE","VE_TOTAL","VE_FORMS","PVH_INVL","PEDS","PERNOTMVIT","PERMVIT","PERSONS","COUNTY","CITY","DAY","MONTH","YEAR","DAY_WEEK","HOUR","MINUTE","NHS","RUR_URB","FUNC_SYS","RD_OWNER","ROUTE","TWAY_ID","TWAY_ID2","MILEPT","LATITUDE","LONGITUD","SP_JUR","HARM_EV","MAN_COLL","RELJCT1","RELJCT2","TYP_INT","WRK_ZONE","REL_ROAD","LGT_COND","WEATHER1","WEATHER2","WEATHER","SCH_BUS","RAIL","NOT_HOUR","NOT_MIN","ARR_HOUR","ARR_MIN","HOSP_HR","HOSP_MN","CF1","CF2","CF3","FATALS","DRUNK_DR"
37,370395,1,1,0,0,0,2,2,69,0,30,4,2016,7,21,8,0,1,5,98,4,"CR-1001","",99999,35.96351944,-78.29182778,0,42,0,0,1,1,0,4,2,10,0,10,0,"0000000",21,4,21,12,88,88,0,0,0,1,0
37,370396,1,1,0,0,0,1,1,81,1940,29,4,2016,6,23,45,1,2,1,1,1,"I-40 RAMP","",99999,36.03422778,-79.81824444,0,1,0,1,5,1,0,1,3,1,0,1,0,"0000000",23,51,23,55,88,88,0,0,0,1,0
37,370397,1,1,0,0,0,2,2,97,0,30,4,2016,7,21,52,0,1,7,98,4,"CR-2309","",99999,35.77947778,-80.73871667,0,42,0,0,1,1,0,4,2,2,0,2,0,"0000000",21,50,22,8,23,56,0,0,0,1,1
37,370398,1,1,0,0,0,1,1,101,0,8,4,2016,6,22,4,0,1,5,98,4,"CR-1700","",99999,35.68715,-78.39070556,0,34,0,0,1,1,0,4,2,1,0,1,0,"0000000",99,99,99,99,88,88,0,0,0,1,1
37,370399,3,3,0,0,0,4,4,119,870,20,4,2016,4,18,23,0,2,3,98,6,"WILKINSON BLVD","",99999,35.24544444,-81.00718333,0,12,2,0,1,1,0,1,1,1,0,1,0,"0000000",18,22,18,33,19,8,0,0,0,1,1
37,370400,1,1,0,1,1,1,1,119,870,30,4,2016,7,20,53,0,2,7,98,6,"THE PLAZA","",99999,35.23867778,-80.79898611,0,8,0,0,1,1,0,1,3,2,0,2,0,"0000000",20,53,21,1,21,13,0,0,0,1,0
37,370401,1,1,0,1,1,3,3,147,0,24,4,2016,1,0,47,1,1,3,1,2,"US-258","",0,35.61873333,-77.60626667,0,8,0,0,1,1,0,1,2,1,0,1,0,"0000000",0,39,0,44,1,5,0,0,0,1,0
37,370402,1,1,0,1,1,2,2,19,0,5,5,2016,5,19,27,1,1,3,1,2,"US-74","",0,34.23112222,-78.01977778,0,8,0,0,1,1,0,1,1,1,0,1,0,"0000000",19,26,19,28,19,47,0,0,0,1,0
37,370403,1,1,0,0,0,1,1,45,0,3,5,2016,3,14,29,0,1,3,98,3,"SR-18","",0,35.289325,-81.54078056,0,42,0,0,1,1,0,4,1,2,10,2,0,"0000000",14,20,14,25,15,14,0,0,0,1,0
37,370404,1,1,0,0,0,1,1,69,0,7,5,2016,7,20,4,0,1,3,98,3,"SR-1600","",0,36.09476667,-78.28342778,0,34,0,0,1,1,0,4,2,1,0,1,0,"0000000",19,48,19,55,20,37,0,0,0,1,0
37,370405,2,2,0,0,0,8,8,71,0,6,5,2016,6,22,3,0,1,3,98,3,"SR-279","",0,35.32630556,-81.22844722,0,12,2,0,1,1,0,1,2,1,0,1,0,"0000000",21,46,21,58,22,15,0,0,0,1,0
37,370406,1,1,0,0,0,1,1,81,1940,1,5,2016,1,1,30,1,2,3,1,2,"US-29","",0,36.10596389,-79.76131944,0,1,0,0,1,1,0,4,2,2,0,2,0,"0000000",99,99,99,99,88,88,0,0,0,1,0
37,370407,2,2,0,0,0,2,2,81,2170,4,5,2016,4,18,11,0,2,7,98,6,"ELM ST","VAIL AV",0,35.94529444,-80.00479167,0,12,2,0,2,2,0,1,1,1,0,1,0,"0000000",18,14,18,19,18,33,0,0,0,1,0
37,370408,2,2,0,0,0,2,2,81,2170,5,5,2016,5,1,30,0,2,7,98,6,"W FAIRFIELD RD","",0,35.92051944,-80.01661667,0,12,2,0,1,1,0,1,3,10,0,10,0,"0000000",1,35,1,45,2,28,0,0,0,1,1
37,370409,1,1,0,0,0,1,1,111,0,4,5,2016,4,17,31,0,1,3,98,3,"SR-1100","",0,35.57254167,-82.25604167,0,35,0,0,1,1,0,4,9,99,0,99,0,"0000000",99,99,99,99,88,88,0,0,0,1,0
37,370410,2,2,0,0,0,2,2,119,870,2,5,2016,2,7,13,0,2,7,98,6,"STEELE CREEK RD","",0,35.13941667,-80.97610278,0,12,2,0,1,1,0,1,1,1,0,1,0,"0000000",7,13,7,26,88,88,0,0,0,1,0
37,370411,3,3,0,1,1,1,1,129,5060,5,5,2016,5,18,0,0,2,7,98,6,"MORNINGSIDE DR","",0,34.20413889,-77.93844167,0,8,0,0,1,1,0,1,1,1,0,1,0,"0000000",18,0,18,7,18,20,0,0,0,1,0
37,370412,2,2,0,0,0,3,3,147,1950,2,5,2016,2,18,22,0,2,3,98,3,"SR-33","",0,35.64661389,-77.36685833,0,12,6,0,1,1,0,1,1,2,0,2,0,"0000000",18,28,18,33,18,53,0,0,0,1,1
37,370413,1,1,0,1,1,1,1,147,1950,5,5,2016,5,21,24,0,2,7,98,6,"E ARLINGTON BLVD","",0,35.58105833,-77.36510833,0,8,0,0,1,1,0,1,3,2,0,2,0,"0000000",21,24,21,27,88,88,0,0,0,1,0
37,370414,1,1,0,0,0,1,1,155,0,3,5,2016,3,20,59,0,1,3,98,3,"SR-72","",0,34.61802222,-79.01046389,0,53,0,0,1,1,0,4,2,1,0,1,0,"0000000",20,55,21,6,22,42,0,0,0,1,0
37,370415,2,2,0,0,0,2,2,125,0,30,3,2016,4,16,35,0,1,3,98,3,"SR-690","SR-2204",0,35.19009444,-79.14165556,0,12,6,0,2,3,0,1,1,10,0,10,0,"0000000",16,45,17,18,17,53,0,0,0,1,0
37,370416,1,1,0,1,1,1,1,119,870,19,4,2016,3,13,31,0,2,7,98,6,"MONROE RD","",0,35.19701111,-80.79177778,0,8,0,0,1,1,0,1,1,1,0,1,0,"0000000",13,33,13,39,14,1,0,0,0,1,0
37,370417,1,1,0,0,0,1,1,195,0,30,4,2016,7,2,45,0,1,3,98,3,"SR-1106","SR-1100",0,35.63293611,-78.08548889,0,34,0,0,3,3,0,4,2,1,0,1,0,"0000000",3,25,3,44,88,88,0,0,0,1,1
37,370418,1,1,0,0,0,1,1,19,0,12,5,2016,5,16,26,0,1,3,98,3,"SR-87","",0,34.28638889,-78.13971389,0,34,0,0,1,1,0,4,1,2,0,2,0,"0000000",16,15,16,28,88,88,0,0,0,1,0
37,370419,1,1,0,1,1,1,1,23,3130,15,5,2016,1,21,26,0,2,7,98,6,"W FLEMING DR","",0,35.73036944,-81.70368333,0,8,0,0,1,1,0,1,3,1,0,1,0,"0000000",21,27,21,29,21,59,0,0,0,1,0
37,370420,2,2,0,0,0,2,2,47,0,4,5,2016,4,13,56,0,1,3,98,3,"SR-87","SR-1817",0,34.37616944,-78.27739167,0,12,2,0,2,2,0,1,1,1,0,1,0,"0000000",13,43,13,44,88,88,0,0,0,1,0
37,370421,2,2,0,0,0,6,6,57,2620,1,5,2016,1,2,45,1,2,1,1,1,"I-85","",0,35.83398056,-80.26151667,0,12,1,0,1,1,0,1,2,2,0,2,0,"0000000",2,51,3,5,99,99,0,0,0,1,1
37,370422,3,3,0,0,0,3,3,57,0,11,5,2016,4,20,45,0,2,3,98,3,"SR-109","",0,36.00478611,-80.13220278,0,12,8,0,1,1,0,1,2,1,0,1,0,"0000000",20,45,20,51,21,36,0,0,0,1,0
37,370423,1,1,0,1,1,1,1,65,0,10,5,2016,3,17,27,0,1,3,98,3,"SR-111","",0,35.89056111,-77.52610556,0,53,0,0,1,1,0,4,1,1,0,1,0,"0000000",17,29,17,33,18,25,0,0,0,1,1
37,370424,1,1,0,0,0,2,2,67,2430,10,5,2016,3,7,44,1,2,3,1,2,"US-421","",0,36.10958889,-80.08059444,0,35,0,0,1,1,0,4,1,1,0,1,0,"0000000",99,99,99,99,99,99,0,0,0,1,0
37,370425,2,2,0,0,0,2,2,81,0,5,5,2016,5,11,7,0,1,3,98,3,"SR-1850","",0,36.07451111,-79.99668611,0,12,6,0,1,1,0,1,1,2,10,2,0,"0000000",11,4,11,13,88,88,0,0,0,1,0
37,370426,1,1,0,0,0,1,1,81,1940,10,5,2016,3,21,53,0,2,7,98,6,"KOGER BLVD","",0,36.05058056,-79.88228333,0,42,0,0,1,1,0,3,3,1,0,1,0,"0000000",21,53,22,5,22,23,0,0,0,1,0
37,370427,2,2,0,1,1,5,5,81,2170,14,5,2016,7,21,16,0,2,7,98,6,"BRENTWOOD ST","",0,35.95029722,-79.97966944,0,9,0,0,1,1,0,1,3,1,0,1,0,"0000000",21,17,21,21,21,41,0,0,0,1,0
37,370428,1,1,0,0,0,1,1,81,2170,17,5,2016,3,4,39,0,2,7,98,6,"S UNIVERSITY PW","E KEARNS AVE",0,35.98520278,-80.00058333,0,24,0,0,3,2,0,3,3,10,0,10,0,"0000000",4,44,4,51,88,88,0,0,0,1,1
37,370429,1,1,0,0,0,1,1,105,0,16,5,2016,2,22,13,0,1,3,98,3,"SR-1537","",0,35.48270556,-79.10296111,0,53,0,0,1,1,0,4,2,1,0,1,0,"0000000",22,12,22,20,22,46,0,0,0,1,1
37,370430,1,1,0,1,1,1,1,129,5060,6,5,2016,6,12,47,0,2,7,98,6,"S 10TH ST","",0,34.23092222,-77.93596944,0,33,0,0,1,1,0,4,1,1,0,1,0,"0000000",12,47,12,52,99,99,0,0,0,1,0
37,370431,2,2,0,0,0,4,4,129,0,14,5,2016,7,12,29,1,1,3,1,2,"US-421","",0,34.20251111,-77.94065833,0,12,2,0,1,1,0,1,1,1,0,1,0,"0000000",12,26,12,34,99,99,0,0,0,1,1
37,370432,2,2,0,0,0,3,3,133,0,1,5,2016,1,15,8,1,1,3,1,2,"US-258","",0,34.7526,-77.45436667,0,12,6,0,4,1,0,1,1,2,0,2,0,"0000000",15,9,15,15,88,88,0,0,0,1,0
37,370433,2,2,0,0,0,2,2,133,0,8,5,2016,1,1,40,1,1,3,1,2,"US-17","",0,34.49607222,-77.55383333,0,24,0,0,1,1,0,4,2,1,0,1,0,"0000000",99,99,99,99,88,88,20,0,0,2,0
37,370434,2,2,0,0,0,4,4,147,1950,15,5,2016,1,13,47,0,2,3,98,3,"SR-43","",0,35.60026944,-77.39547222,0,12,6,0,1,1,0,1,1,1,0,1,0,"0000000",13,55,14,1,14,18,0,0,0,1,0
37,370435,1,1,0,2,2,1,1,155,0,14,5,2016,7,17,35,0,1,3,98,3,"SR-1527","",0,34.63951667,-79.09246389,0,34,0,0,1,1,0,4,1,1,0,1,0,"0000000",17,35,17,44,99,99,0,0,0,1,0
37,370436,2,2,0,0,0,2,2,163,0,13,5,2016,6,16,23,1,1,3,1,2,"US-701","",0,34.78499167,-78.39535,0,12,2,0,1,1,0,1,1,1,0,1,0,"0000000",16,20,16,36,88,88,0,0,0,1,0
37,370437,1,1,0,0,0,1,1,71,0,14,3,2016,2,20,31,1,1,3,1,2,"US-74","",0,35.25003611,-81.07180833,0,53,0,0,1,1,0,4,2,2,0,2,0,"0000000",20,23,20,24,20,50,0,0,0,1,0
37,370438,2,2,0,0,0,2,2,171,0,4,3,2016,6,13,0,1,1,1,1,1,"I-77","",0,36.263475,-80.82460556,0,57,0,0,1,1,0,3,1,1,0,1,0,"0000000",12,30,12,45,13,20,0,0,0,1,0
37,370439,1,1,0,1,1,3,3,57,4590,9,4,2016,7,21,5,0,2,7,98,6,"RANDOLPH ST","PEOPLES PROFESSIONAL",0,35.86653611,-80.07186111,0,8,0,0,3,2,0,1,3,1,0,1,0,"0000000",20,28,20,31,21,12,0,0,0,1,0
37,370440,2,2,0,0,0,2,2,89,1674,14,4,2016,5,7,2,1,2,3,1,2,"US-25","",0,35.43587778,-82.50243056,0,12,2,0,1,1,0,1,4,1,0,1,0,"0000000",7,2,7,16,88,88,0,0,0,1,0
37,370441,3,3,0,1,1,6,6,21,0,15,5,2016,1,20,55,1,1,1,1,1,"I-26","",0,35.54775556,-82.60653889,0,8,0,0,1,1,0,1,2,1,0,1,0,"0000000",20,54,20,57,88,88,0,0,0,1,0
37,370442,1,1,0,0,0,2,2,21,0,19,5,2016,5,16,52,0,1,3,98,3,"SR-63","",0,35.59040556,-82.60268611,0,42,0,0,1,1,0,4,1,1,0,1,0,"0000000",16,40,16,51,17,30,0,0,0,1,1
37,370443,1,1,0,0,0,1,1,39,80,1,5,2016,1,8,47,1,2,3,1,2,"US-19","",0,35.20668611,-83.81940278,0,30,0,0,1,1,0,4,1,10,0,10,0,"0000000",8,47,8,49,9,21,0,0,0,1,0
37,370444,1,1,0,0,0,1,1,57,0,17,5,2016,3,16,29,0,1,3,98,3,"SR-1453","",0,35.88661389,-80.27904167,0,1,0,0,1,1,0,4,1,1,0,1,0,"0000000",16,28,16,36,88,88,0,0,0,1,1
37,370445,2,2,0,0,0,2,2,67,937,18,5,2016,4,13,56,0,2,3,98,3,"SR-1156","",0,36.07688611,-80.38928889,0,12,6,0,4,1,0,1,1,1,0,1,0,"0000000",13,54,14,1,88,88,0,0,0,1,0
37,370446,2,2,0,0,0,4,4,83,0,2,5,2016,2,8,57,0,1,3,98,3,"SR-48","SR-561",0,36.27612778,-77.85384167,0,12,6,0,2,2,0,1,1,1,0,1,0,"0000000",8,53,9,3,9,40,0,0,0,1,0
37,370447,2,2,0,0,0,2,2,113,0,14,5,2016,7,10,47,1,1,3,1,2,"US-23","",0,35.23506944,-83.34250833,0,12,7,0,1,1,0,1,1,1,0,1,0,"0000000",10,46,10,52,88,88,0,0,0,1,0
37,370448,2,2,0,0,0,2,2,115,0,21,5,2016,7,11,38,0,1,5,98,3,"SR-209","",99999,35.77307778,-82.87360833,0,12,8,0,1,1,0,1,1,10,0,10,0,"0000000",11,36,12,4,88,88,0,0,0,1,0
37,370449,1,1,0,0,0,1,1,127,0,21,5,2016,7,14,11,0,1,5,98,3,"SR-97","",99999,35.85266389,-78.00436111,0,34,0,0,1,1,0,4,1,1,0,1,0,"0000000",14,5,14,15,88,88,0,0,0,1,0
37,370450,2,2,0,0,0,2,2,129,5060,10,5,2016,3,7,17,1,2,3,98,2,"US-117","KERR AVE",99999,34.21225278,-77.88650833,0,12,6,0,2,2,0,1,1,1,0,1,0,"0000000",7,19,7,23,88,88,20,0,0,1,0
37,370451,1,1,0,0,0,2,2,151,0,23,5,2016,2,2,44,0,1,5,98,4,"CR-1518","",99999,35.80260556,-79.85235833,0,34,0,0,1,1,0,4,2,1,0,1,0,"0000000",2,39,2,49,88,88,0,0,0,2,1
37,370452,1,1,0,0,0,2,2,153,0,8,5,2016,1,19,42,0,1,7,98,4,"CR-1486","",99999,34.99167222,-79.63055556,0,34,0,0,1,1,0,4,1,1,0,1,0,"0000000",20,56,21,6,99,99,0,0,0,1,1
37,370453,2,2,0,0,0,2,2,167,0,18,5,2016,4,10,11,1,1,3,98,2,"US-52","",99999,35.2517,-80.15765278,0,12,2,0,1,1,0,1,1,10,0,10,0,"0000000",10,8,10,17,88,88,0,0,0,1,0
37,370454,2,2,0,0,0,2,2,179,2290,18,5,2016,4,12,49,0,1,5,98,4,"CR-1501","",99999,35.06979722,-80.60725556,0,12,2,0,1,1,0,1,1,1,0,1,0,"0000000",12,48,12,52,13,38,0,0,0,1,0
37,370455,2,2,0,1,1,4,4,183,0,20,5,2016,6,23,6,1,2,3,98,2,"US-70","",99999,35.67323611,-78.51415556,0,12,1,0,1,1,0,1,2,10,2,2,0,"0000000",23,3,23,14,23,36,15,0,0,1,0
37,370456,2,2,0,0,0,3,3,193,0,23,5,2016,2,6,34,0,1,5,98,4,"CR-1002","",99999,36.27687222,-81.10446389,0,12,2,0,1,1,0,1,1,1,0,1,0,"0000000",6,35,6,47,99,99,0,0,0,1,0
37,370457,1,1,0,0,0,1,1,195,0,17,5,2016,3,8,21,0,1,7,98,4,"CR-1154","",99999,35.69225,-78.029375,0,35,0,0,1,1,0,4,1,1,0,1,0,"0000000",8,25,8,29,88,88,0,0,0,1,0
37,370458,1,1,0,0,0,1,1,199,0,14,5,2016,7,4,38,0,1,5,98,3,"SR-197","",99999,35.88234167,-82.32123333,0,35,0,0,1,1,0,4,2,1,0,1,0,"0000000",4,34,4,52,88,88,0,0,0,1,1
37,370459,1,1,0,0,0,1,1,179,0,16,4,2016,7,6,15,0,1,3,98,3,"SR-2115","",0,34.81582222,-80.42465556,0,43,0,0,1,1,0,4,4,1,0,1,0,"0000000",6,7,6,17,99,99,0,0,0,1,1
37,370460,1,1,0,0,0,2,2,17,1470,9,5,2016,2,23,52,0,2,7,98,6,"MLK DR","",0,34.61741667,-78.62016944,0,42,0,0,1,1,0,4,3,1,0,1,0,"0000000",23,54,23,59,0,26,0,0,0,2,1
37,370461,2,2,0,0,0,2,2,35,2150,17,5,2016,3,2,13,1,2,1,1,1,"I-40","",0,35.70682778,-81.27514167,0,12,1,0,20,1,0,1,3,1,0,1,0,"0000000",2,13,2,19,2,37,0,0,0,1,0
37,370462,1,1,0,0,0,1,1,37,0,26,5,2016,5,9,20,0,1,3,98,3,"SR-751","",0,35.72205833,-79.17706389,0,34,0,0,1,1,0,4,1,1,0,1,0,"0000000",9,15,9,25,88,88,0,0,0,1,0
37,370463,2,2,0,0,0,4,4,47,0,21,5,2016,7,8,30,0,1,3,98,3,"SR-410","",0,34.32091389,-78.82641389,0,12,6,0,1,1,0,1,1,10,2,2,0,"0000000",99,99,99,99,99,99,0,0,0,1,1
37,370464,2,2,0,0,0,3,3,53,0,19,5,2016,5,9,12,0,1,3,98,3,"SR-34","",0,36.35175556,-76.15276111,0,12,6,0,1,1,0,1,1,1,0,1,0,"0000000",9,11,9,19,10,2,0,0,0,1,0
37,370465,1,1,0,1,1,1,1,53,0,30,5,2016,2,20,50,0,1,3,98,3,"SR-1131","",0,36.25948889,-75.88494167,0,8,0,0,1,1,0,1,2,10,0,10,0,"0000000",20,51,20,56,22,9,0,0,0,1,0
37,370466,1,1,0,0,0,1,1,65,0,30,5,2016,2,19,35,0,1,3,98,3,"SR-1101","",0,35.69011111,-77.66294444,0,43,0,0,1,1,0,4,1,10,0,10,0,"0000000",19,39,19,47,88,88,0,0,0,1,1
37,370467,1,1,0,1,1,1,1,97,4430,21,5,2016,7,0,12,1,2,3,1,2,"US-21","",0,35.80743056,-80.8764,0,8,0,0,1,1,0,1,3,2,0,2,0,"0000000",0,3,0,6,99,99,0,0,0,1,0
37,370468,1,1,0,0,0,1,1,101,0,26,5,2016,5,16,36,1,1,1,1,1,"I-95","",0,35.49109444,-78.34763611,0,42,0,0,1,1,0,4,1,1,0,1,0,"0000000",16,35,16,43,88,88,0,0,0,1,0
37,370469,2,2,0,0,0,4,4,109,2660,27,5,2016,6,15,5,0,2,7,98,6,"S GENERALS BLVD","",0,35.45445833,-81.24316944,0,12,1,0,1,1,0,1,1,10,0,10,0,"0000000",15,5,15,11,15,28,0,0,0,1,0
37,370470,1,1,0,0,0,1,1,69,0,17,5,2016,3,23,42,0,1,3,98,3,"SR-1123","",0,99.9999,999.9999,0,35,0,0,1,1,0,4,2,10,0,10,0,"0000000",23,34,23,48,0,17,0,0,0,1,1
37,370471,1,1,0,1,1,4,4,119,870,12,5,2016,5,21,51,1,2,1,1,1,"I-485","",0,35.32261944,-80.94005,0,8,0,0,1,1,0,3,2,2,0,2,0,"0000000",21,45,21,57,88,88,19,0,0,1,0
37,370472,1,1,0,0,0,1,1,125,0,26,5,2016,5,14,6,0,1,3,98,3,"SR-1843","",0,35.24219167,-79.37685556,0,42,0,0,1,1,0,4,1,1,0,1,0,"0000000",99,99,99,99,88,88,0,0,0,1,1
37,370473,1,1,0,0,0,2,2,127,0,25,5,2016,4,3,56,1,1,1,1,1,"I-95","",0,35.97235833,-77.88148333,0,42,0,0,1,1,0,3,2,1,0,1,0,"0000000",3,52,4,20,99,99,0,0,0,1,0
37,370474,1,1,0,0,0,1,1,127,0,28,5,2016,7,7,31,0,1,3,98,3,"SR-58","",0,36.07495278,-78.04868889,0,42,0,0,1,1,0,4,1,1,0,1,0,"0000000",7,17,7,37,99,99,0,0,0,1,0
37,370475,1,1,0,0,0,1,1,149,0,26,5,2016,5,10,50,1,1,1,1,1,"I-26","",0,35.2406,-82.20493333,0,1,0,0,1,1,0,4,1,1,0,1,0,"0000000",10,46,10,52,88,88,0,0,0,1,1
37,370476,1,1,0,0,0,2,2,167,0,24,5,2016,3,17,21,0,1,3,98,3,"SR-1001","",0,35.22697222,-80.428475,0,42,0,0,1,1,0,4,1,1,0,1,0,"0000000",17,33,17,52,18,31,0,0,0,1,1
37,370477,2,2,0,0,0,2,2,167,0,27,5,2016,6,14,19,0,1,3,98,3,"SR-1542","SR-1524",0,35.40131389,-80.15056667,0,12,6,0,2,2,0,1,1,1,0,1,0,"0000000",14,15,14,21,14,55,0,0,0,1,0
37,370478,1,1,0,0,0,1,1,179,0,24,5,2016,3,0,52,0,1,3,98,3,"SR-1740","",0,34.98463611,-80.37363889,0,34,0,0,1,1,0,4,2,1,0,1,0,"0000000",99,99,99,99,88,88,0,0,0,1,1
37,370479,2,2,0,0,0,2,2,183,0,25,5,2016,4,21,11,1,1,3,1,2,"US-401","FORESTVILLE RD",0,35.89595278,-78.50672778,0,12,6,0,2,2,0,1,2,1,0,1,0,"0000000",21,5,21,14,99,99,0,0,0,1,0
37,370480,2,2,0,0,0,2,2,189,560,24,5,2016,3,11,37,0,2,7,98,6,"E KING ST","JEFFERSON RD",0,36.21904444,-81.65946667,0,12,6,0,2,2,0,1,1,1,0,1,0,"0000000",99,99,99,99,99,99,0,0,0,1,1
37,370481,1,1,0,0,0,2,2,197,0,28,5,2016,7,15,39,0,1,3,98,3,"SR-1605","",0,99.9999,999.9999,0,32,0,0,1,1,0,4,1,1,0,1,0,"0000000",15,20,15,26,16,9,0,0,0,1,1
37,370482,1,1,0,0,0,3,3,129,0,24,4,2016,1,9,20,0,2,4,98,4,"CR-1576","",99999,34.05656111,-77.90063056,0,59,0,0,1,1,0,4,1,1,0,1,0,"0000000",9,22,9,27,9,48,0,0,0,1,0
37,370483,1,1,0,0,0,1,1,1,700,25,5,2016,4,6,16,0,1,3,98,3,"SR-49","",99999,36.08327778,-79.42931389,0,33,0,0,1,1,0,4,1,1,0,1,0,"0000000",6,15,6,26,88,88,0,0,0,1,0
37,370484,1,1,0,0,0,1,1,9,0,27,5,2016,6,19,56,0,1,7,98,4,"CR-1155","",99999,36.38833889,-81.43803056,0,17,0,0,1,1,0,4,1,1,0,1,0,"0000000",19,54,20,2,88,88,0,0,0,1,1
37,370485,2,2,0,0,0,3,3,47,0,31,5,2016,3,9,22,0,1,5,98,3,"SR-410","",99999,34.23586667,-78.82363889,0,12,2,0,1,1,0,1,1,10,0,10,0,"0000000",8,43,8,53,99,99,0,0,0,1,0
37,370486,1,1,0,1,1,1,1,49,3250,29,5,2016,1,21,14,0,2,3,98,3,"SR-55","",99999,35.14155833,-77.10315,0,8,0,0,1,1,0,1,3,10,0,10,0,"0000000",21,18,21,23,21,56,0,0,0,1,0
37,370487,1,1,0,0,0,3,3,51,0,29,5,2016,1,18,58,0,1,4,98,4,"CR-200","",99999,35.02918611,-78.82991944,0,34,0,0,1,1,0,4,1,10,2,2,0,"0000000",99,99,99,99,99,99,0,0,0,1,1
37,370488,1,1,0,1,1,1,1,51,1670,31,5,2016,3,22,36,0,2,7,98,6,"CLIFFDALE ROAD","",99999,35.05875278,-78.98532778,0,8,0,0,1,1,0,1,3,1,0,1,0,"0000000",22,36,22,39,23,9,0,0,0,1,0
37,370489,3,3,0,0,0,3,3,67,0,27,5,2016,6,15,39,0,1,5,98,4,"CR-1969","CR-1971",99999,36.20278056,-80.05833611,0,12,2,0,2,3,0,1,1,1,0,1,0,"0000000",15,9,15,18,15,51,0,0,0,1,0
37,370490,2,2,0,0,0,2,2,67,5120,29,5,2016,1,1,23,0,2,7,98,6,"CR-1891","LOCKSLEY LANE",99999,36.10918889,-80.32400833,0,12,2,0,1,1,0,1,3,10,0,10,0,"0000000",1,16,1,22,1,43,0,0,0,1,1
37,370491,1,1,0,0,0,1,1,67,0,27,5,2016,6,20,19,0,2,4,98,3,"SR-65","",99999,36.25276389,-80.25019167,0,42,0,0,1,1,0,4,5,1,0,1,0,"0000000",20,12,20,27,20,48,0,0,0,1,1
37,370492,2,2,0,0,0,2,2,71,0,25,5,2016,4,16,24,0,1,4,98,3,"SR-216","",99999,35.27514167,-81.35160278,0,12,6,0,1,1,0,1,1,1,0,1,0,"0000000",16,22,16,41,17,6,0,0,0,1,0
37,370493,1,1,0,0,0,1,1,75,0,29,5,2016,1,17,45,1,1,3,1,2,"US-129","",0,35.24876667,-83.70287222,0,1,0,0,1,1,0,4,1,1,0,1,0,"0000000",17,40,17,57,18,18,0,0,0,1,0
37,370494,2,2,0,0,0,2,2,81,0,28,5,2016,7,17,45,0,1,3,98,3,"SR-3114","",0,35.98858611,-79.561375,0,12,6,0,4,1,0,1,1,1,0,1,0,"0000000",17,44,17,59,88,88,0,0,0,1,1
37,370495,1,1,0,0,0,1,1,119,870,26,5,2016,5,19,14,0,2,7,98,6,"BROOKSHIRE BLVD","",0,35.32313333,-80.94240556,0,43,0,0,1,1,0,4,1,1,0,1,0,"0000000",19,14,19,19,88,88,0,0,0,1,0
37,370496,2,2,0,1,1,4,4,147,1950,29,5,2016,1,0,35,0,2,7,98,6,"COUNTY HOME RD","",0,35.554275,-77.35047778,0,8,0,0,1,1,0,1,2,10,0,10,0,"0000000",0,34,0,40,88,88,0,0,0,1,0
37,370497,1,1,0,0,0,1,1,151,0,30,5,2016,2,0,46,0,1,3,98,3,"SR-2102","",0,35.907475,-79.779375,0,34,0,0,1,1,0,4,2,1,0,1,0,"0000000",1,53,2,12,88,88,0,0,0,1,0
37,370498,2,2,0,0,0,2,2,155,0,27,5,2016,6,15,11,0,1,3,98,3,"SR-1529","",0,34.70367222,-79.00875278,0,12,1,0,1,1,0,1,1,1,0,1,0,"0000000",15,6,15,14,15,40,0,0,0,1,1
37,370499,2,2,0,1,1,1,1,159,0,26,5,2016,5,5,4,1,1,1,1,1,"I-85","",0,35.64585556,-80.47673611,0,12,1,0,1,1,0,1,3,1,0,1,0,"0000000",5,3,5,16,88,88,19,23,0,1,0
37,370500,1,1,0,0,0,2,2,183,0,28,5,2016,7,20,48,0,1,3,98,3,"SR-2308","",0,35.89334722,-78.33998056,0,34,0,0,1,1,0,4,2,1,0,1,0,"0000000",20,47,20,55,22,3,0,0,0,2,1
37,370501,1,1,0,0,0,1,1,187,0,28,5,2016,7,13,40,0,1,3,98,3,"SR-1126","",0,35.859575,-76.57691667,0,42,0,0,1,1,0,4,1,1,0,1,0,"0000000",13,26,13,40,88,88,0,0,0,1,0
37,370502,2,2,0,0,0,2,2,193,0,27,5,2016,6,17,0,0,1,3,98,3,"SR-1002","",0,36.3662,-80.95724167,0,12,6,0,4,1,0,1,1,1,0,1,0,"0000000",16,52,17,8,88,88,0,0,0,1,1
37,370503,1,1,0,0,0,2,2,23,0,1,6,2016,4,22,51,0,1,3,98,3,"SR-1430","",0,35.81278889,-81.65967778,0,42,0,0,1,1,0,4,2,1,0,1,0,"0000000",22,49,23,4,23,25,0,0,0,1,1
37,370504,1,1,0,0,0,1,1,27,0,5,6,2016,1,6,47,0,1,3,98,3,"SR-1751","",0,35.86943611,-81.41615833,0,59,0,0,1,1,0,4,2,1,0,1,0,"0000000",6,48,6,59,88,88,0,0,0,1,1
37,370505,2,2,0,0,0,2,2,35,0,3,6,2016,6,18,25,0,2,3,98,3,"SR-2029","",0,35.58242222,-81.36366667,0,12,2,0,1,1,0,1,1,10,0,10,0,"0000000",18,24,18,32,19,24,0,0,0,1,1