"STATE","ST_CASE","VE_TOTAL","VE_FORMS","PVH_INVL","PEDS","PERNOTMVIT","PERMVIT","PERSONS","COUNTY","CITY","DAY","MONTH","YEAR","DAY_WEEK","HOUR","MINUTE","NHS","RUR_URB","FUNC_SYS","RD_OWNER","ROUTE","TWAY_ID","TWAY_ID2","MILEPT","LATITUDE","LONGITUD","SP_JUR","HARM_EV","MAN_COLL","RELJCT1","RELJCT2","TYP_INT","WRK_ZONE","REL_ROAD","LGT_COND","WEATHER1","WEATHER2","WEATHER","SCH_BUS","RAIL","NOT_HOUR","NOT_MIN","ARR_HOUR","ARR_MIN","HOSP_HR","HOSP_MN","CF1","CF2","CF3","FATALS","DRUNK_DR"
37,370506,2,2,0,0,0,3,3,37,0,4,6,2016,7,0,12,0,1,3,98,3,"SR-1300","",0,35.67502778,-79.4157,0,12,2,0,1,1,0,1,2,1,0,1,0,"0000000",0,11,0,27,1,39,0,0,0,2,1
37,370507,2,2,0,0,0,3,3,67,937,3,6,2016,6,23,15,1,2,1,1,1,"I-40","",0,36.02953056,-80.39148889,0,12,1,0,1,1,0,1,2,1,0,1,0,"0000000",23,10,23,15,0,6,0,0,0,1,1
37,370508,2,2,0,0,0,2,2,71,1800,2,6,2016,5,19,33,0,2,7,98,6,"N CHESTER ST","",0,35.28246389,-81.18789444,0,12,2,0,1,1,0,1,1,1,0,1,0,"0000000",19,35,19,39,99,99,0,0,0,1,0
37,370509,1,1,0,0,0,1,1,109,0,2,6,2016,5,14,55,0,1,3,98,3,"SR-1354","",0,35.48428611,-81.18208611,0,32,0,0,1,1,0,4,1,1,0,1,0,"0000000",14,54,15,4,88,88,0,0,0,1,1
37,370510,1,1,0,0,0,2,2,155,0,4,6,2016,7,3,20,0,1,3,98,3,"SR-1378","",0,34.70561667,-79.21864444,0,34,0,0,1,1,0,4,2,1,0,1,0,"0000000",3,25,3,29,4,23,20,0,0,1,1
37,370511,2,2,0,0,0,2,2,159,4070,2,6,2016,5,8,39,0,2,7,98,6,"W INNES ST","",0,35.69176111,-80.48169444,0,12,2,0,1,1,0,1,1,1,0,1,1,"0000000",8,40,99,97,99,97,0,0,0,1,0
37,370512,1,1,0,0,0,1,1,171,0,5,6,2016,1,3,54,0,1,3,98,3,"SR-268","",0,36.37973611,-80.47756389,0,1,0,0,1,1,0,4,2,10,0,10,0,"0000000",99,99,99,99,99,99,0,0,0,1,1
37,370513,1,1,0,0,0,1,1,183,3750,5,6,2016,1,1,22,1,2,1,1,1,"I-495","",0,35.77686111,-78.55818333,0,34,0,1,5,1,0,4,2,2,0,2,0,"0000000",1,32,1,42,88,88,0,0,0,1,1
37,370514,1,1,0,1,1,4,4,183,3750,3,6,2016,6,20,56,1,2,3,1,2,"US-70","",0,35.91183611,-78.78099444,0,8,0,0,1,1,0,1,2,2,0,2,0,"0000000",20,57,21,11,88,88,0,0,0,1,0
37,370515,1,1,0,0,0,1,1,39,3230,3,3,2016,5,14,39,0,2,7,98,6,"LAKESIDE DRIVE","HUNTER STREET",99999,35.08513889,-84.03744722,0,42,0,0,3,3,0,4,1,2,0,2,0,"0000000",14,35,14,37,15,12,0,0,0,1,0
37,370516,2,2,0,0,0,2,2,71,0,24,3,2016,5,17,18,1,1,2,98,2,"US-321","",99999,35.33021944,-81.19011944,0,12,1,0,1,1,0,1,1,1,0,1,0,"0000000",17,19,17,28,17,58,0,0,0,1,0
37,370517,1,1,0,0,0,1,1,157,0,1,4,2016,6,12,28,0,1,6,98,4,"CR-1998","",99999,36.37706944,-79.69492778,0,35,0,0,1,1,0,4,1,10,0,10,0,"0000000",12,20,12,26,13,5,0,0,0,1,0
37,370518,2,2,0,0,0,5,5,23,3130,20,5,2016,6,19,47,0,2,4,98,6,"CARBON CITY ROAD","",99999,35.72713889,-81.76260278,0,12,2,0,1,1,0,1,1,10,0,10,0,"0000000",19,9,19,12,19,54,0,0,0,2,0
37,370519,1,1,0,0,0,1,1,25,1040,6,5,2016,6,13,33,0,2,3,98,6,"WARREN C. COLEMAN BLVD","",99999,35.3843,-80.58648333,0,42,0,0,1,1,0,4,1,1,0,1,0,"0000000",13,34,13,39,14,8,0,0,0,1,0
37,370520,2,2,0,0,0,3,3,87,0,19,5,2016,5,13,39,0,1,5,98,3,"SR-209","",99999,35.57710278,-82.95328333,0,12,2,0,1,1,0,1,1,10,0,10,0,"0000000",13,36,13,43,99,99,0,0,0,1,0
37,370521,2,2,0,0,0,3,3,133,2330,14,5,2016,7,15,58,0,2,4,98,6,"GUM BRANCH ROAD","WESTERN BLVD",99999,34.79922778,-77.43916944,0,12,1,0,3,2,0,1,1,1,0,1,0,"0000000",16,4,16,12,16,38,0,0,0,1,0
37,370522,1,1,0,1,1,1,1,141,0,25,5,2016,4,6,16,1,1,3,98,2,"US-17","",99999,34.43755278,-77.62891944,0,8,0,0,1,1,0,1,2,1,0,1,0,"0000000",6,4,6,9,88,88,0,0,0,1,0
37,370523,2,1,1,2,2,2,2,155,2770,19,5,2016,5,4,56,1,2,1,1,1,"I-95","",99999,34.60908889,-79.08576667,0,14,0,0,1,1,1,2,3,1,0,1,0,"0000000",4,59,5,15,99,99,0,0,0,1,0
37,370524,1,1,0,0,0,1,1,169,0,29,5,2016,1,18,40,1,1,3,98,2,"US-311","",99999,36.26009167,-80.14686111,0,42,0,0,1,1,0,4,1,10,0,10,0,"0000000",18,33,18,48,19,25,0,0,0,1,1
37,370525,2,2,0,0,0,4,4,183,0,30,5,2016,2,6,3,1,1,3,1,2,"US-64","",0,35.83415,-78.31827778,0,12,1,0,1,1,0,1,4,5,0,5,0,"0000000",6,6,6,20,6,47,0,0,0,1,0
37,370526,1,1,0,0,0,1,1,13,0,7,6,2016,3,9,46,0,1,3,98,3,"SR-1511","",0,35.62710556,-77.05721389,0,34,0,0,1,1,0,4,1,10,0,10,0,"0000000",99,99,99,99,99,99,0,0,0,1,0
37,370527,2,2,0,0,0,5,5,15,0,12,6,2016,1,22,22,0,1,3,98,3,"SR-1100","",0,35.995475,-76.96646944,0,12,2,0,1,1,0,1,2,1,0,1,0,"0000000",22,9,22,29,99,99,0,0,0,1,1
37,370528,2,2,0,0,0,3,3,23,0,13,6,2016,2,8,23,0,1,3,98,2,"US-64","",0,35.74785556,-81.687425,0,12,2,0,1,1,0,1,1,1,0,1,0,"0000000",8,36,8,51,10,15,0,0,0,1,1
37,370529,2,2,0,0,0,3,3,27,2590,12,6,2016,1,12,59,0,2,7,98,6,"CREEKWAY DR","BROADWAY ST",0,35.91404722,-81.55593889,0,12,6,0,2,2,0,1,1,1,0,1,0,"0000000",13,0,13,4,13,36,0,0,0,1,0
37,370530,1,1,0,0,0,2,2,37,0,11,6,2016,7,20,29,0,1,3,98,3,"SR-2326","",0,99.9999,999.9999,0,34,0,0,1,1,0,4,2,1,0,1,0,"0000000",20,31,20,49,21,38,0,0,0,1,0
37,370531,1,1,0,0,0,1,1,47,0,11,6,2016,7,16,32,0,1,3,98,3,"SR-1132","",0,34.12178611,-78.80228056,0,34,0,0,1,1,0,4,1,1,0,1,0,"0000000",16,26,16,37,88,88,0,0,0,1,0
37,370532,3,3,0,0,0,6,6,59,0,11,6,2016,7,12,27,1,1,1,1,1,"I-40","",0,36.00605833,-80.44511111,0,12,1,0,1,1,0,1,1,1,0,1,0,"0000000",12,26,12,39,88,88,0,0,0,1,0
37,370533,1,1,0,0,0,1,1,81,0,4,6,2016,7,13,26,0,1,3,98,3,"SR-2523","",0,36.13456389,-79.7766,0,32,0,0,1,1,0,4,1,1,0,1,0,"0000000",13,16,13,34,14,1,0,0,0,1,0
37,370534,2,2,0,0,0,3,3,89,0,3,6,2016,6,18,3,0,1,3,98,3,"SR-1345","",0,35.40570556,-82.54297778,0,12,6,0,1,1,0,1,1,2,0,2,0,"0000000",18,3,18,10,18,21,0,0,0,1,0
37,370535,1,1,0,0,0,2,2,91,0,4,6,2016,7,11,57,1,1,3,98,2,"US-158","",99999,36.43864722,-77.07848056,0,33,0,0,1,1,0,4,1,1,0,1,0,"0000000",11,36,11,52,12,16,0,0,0,1,1
37,370536,1,1,0,1,1,2,2,99,0,9,6,2016,5,1,40,0,1,7,98,4,"CR-1337","",99999,35.31863333,-83.17791944,0,8,0,0,1,1,0,1,2,1,0,1,0,"0000000",99,99,99,99,88,88,0,0,0,1,0
37,370537,2,2,0,0,0,3,3,111,0,10,6,2016,6,12,1,0,1,5,98,3,"SR-80","",99999,35.73506667,-82.11761667,0,12,2,0,1,1,0,1,1,1,0,1,0,"0000000",12,0,12,18,88,88,0,0,0,1,0
37,370538,2,2,0,0,0,3,3,119,870,6,6,2016,2,17,40,0,2,5,98,6,"SHOPTON ROAD WEST","",99999,35.12759167,-81.01514722,0,12,2,0,1,1,0,1,1,1,0,1,0,"0000000",17,40,17,57,18,35,0,0,0,2,0
37,370539,1,1,0,1,1,2,2,127,3930,11,6,2016,7,23,41,1,2,3,98,2,"US-301 BUSINESS","",99999,35.98373333,-77.78496389,0,8,0,0,1,1,0,1,3,1,0,1,0,"0000000",23,42,0,28,88,88,0,0,0,1,0
37,370540,1,1,0,0,0,1,1,155,2770,3,6,2016,6,23,51,0,2,3,98,3,"SR-72","",99999,34.62563611,-79.04105278,0,33,0,0,1,1,0,4,3,1,0,1,0,"0000000",99,99,99,99,99,99,0,0,0,1,1
37,370541,1,1,0,0,0,1,1,155,0,4,6,2016,7,18,23,0,1,7,98,4,"CR-1526","",99999,34.68751944,-79.08751667,0,53,0,0,1,1,0,4,1,1,0,1,0,"0000000",18,19,18,30,19,27,0,0,0,1,0
37,370542,2,2,0,0,0,3,3,159,0,6,6,2016,2,14,16,0,1,4,98,4,"CR-1002","",99999,35.54675556,-80.52422222,0,12,2,0,1,1,0,1,1,10,0,10,0,"0000000",14,16,14,21,99,99,0,0,0,1,0
37,370543,1,1,0,0,0,1,1,159,0,8,6,2016,4,15,58,0,1,7,98,4,"CR-2338","",99999,35.53506944,-80.38943889,0,34,0,0,1,1,0,4,1,1,0,1,0,"0000000",99,99,99,99,88,88,0,0,0,1,1
37,370544,2,2,0,0,0,2,2,167,0,10,6,2016,6,16,6,0,1,4,98,3,"SR-24","CR-1258",99999,35.32441667,-80.24505278,0,12,6,0,2,3,0,1,1,1,0,1,0,"0000000",16,4,16,13,16,40,0,0,0,1,0
37,370545,2,2,0,0,0,4,4,179,0,11,6,2016,7,14,14,0,1,4,98,3,"SR-200","CR-1128",99999,34.86872778,-80.664675,0,12,6,0,2,2,0,1,1,1,0,1,0,"0000000",14,11,14,19,15,1,0,0,0,1,0
37,370546,2,2,0,0,0,3,3,79,0,26,4,2016,3,10,45,0,1,3,98,3,"SR-91","SR-1325",0,35.53578889,-77.67513889,0,12,6,0,2,2,0,1,1,1,0,1,0,"0000000",99,99,99,99,99,99,0,0,0,1,0
37,370547,2,2,0,0,0,2,2,45,530,25,5,2016,4,10,0,0,1,3,98,3,"SR-87","",0,35.25310833,-81.66676389,0,12,6,0,1,1,0,1,1,1,0,1,0,"0000000",9,57,10,16,10,55,0,0,0,1,0
37,370548,1,1,0,1,1,1,1,63,0,10,5,2016,3,10,38,0,1,3,98,3,"SR-98","",0,35.97934722,-78.81217222,0,9,0,0,1,1,0,1,1,1,0,1,0,"0000000",10,42,11,7,88,88,0,0,0,1,0
37,370549,1,1,0,0,0,1,1,77,0,7,5,2016,7,20,22,0,1,3,98,3,"SR-1414","",0,99.9999,999.9999,0,34,0,0,1,1,0,4,1,1,0,1,0,"0000000",19,56,20,21,21,7,0,0,0,1,1
37,370550,1,1,0,1,1,1,1,125,0,20,5,2016,6,6,38,0,1,3,98,3,"SR-211","",0,35.22038889,-79.52695833,0,8,0,0,1,1,0,1,3,10,0,10,0,"0000000",6,31,6,32,88,88,0,0,0,1,0
37,370551,1,1,0,1,1,4,4,141,0,14,5,2016,7,23,32,1,1,3,1,2,"US-17","",0,34.33147222,-77.75225278,0,8,0,0,1,1,0,1,2,1,0,1,0,"0000000",23,26,23,33,99,99,0,0,0,1,0
37,370552,1,1,0,0,0,2,2,159,0,7,5,2016,7,20,45,0,1,3,98,3,"SR-2128","",0,35.64270278,-80.41174722,0,53,0,0,1,1,0,4,2,10,0,10,0,"0000000",20,42,20,52,21,14,0,0,0,1,1
37,370553,2,2,0,0,0,3,3,3,0,17,6,2016,6,9,12,0,1,3,98,3,"SR-1405","SR-1404",0,35.96534444,-81.17018611,0,12,6,0,2,2,0,1,1,1,0,1,0,"0000000",99,99,99,99,88,88,0,0,0,1,0
37,370554,1,1,0,0,0,1,1,9,0,14,6,2016,3,8,10,0,1,3,98,3,"SR-1315","",0,36.45953056,-81.62504167,0,24,0,0,1,1,0,4,1,1,0,1,0,"0000000",8,11,8,36,9,37,0,0,0,1,0
37,370555,1,1,0,0,0,2,2,27,0,20,6,2016,2,20,5,0,1,3,98,3,"SR-1325","",0,35.86320833,-81.61565278,0,42,0,0,1,1,0,4,1,1,0,1,0,"0000000",20,2,20,12,20,24,0,0,0,2,1
37,370556,1,1,0,0,0,4,4,45,0,12,6,2016,1,23,0,0,1,3,98,3,"SR-1850","",0,35.31975556,-81.55856389,0,42,0,0,1,1,0,4,2,1,0,1,0,"0000000",12,51,13,0,88,88,18,0,0,4,1
37,370557,2,2,0,0,0,3,3,51,0,3,6,2016,6,12,17,1,1,3,1,2,"US-301","",0,35.05268611,-78.86453333,0,12,1,0,1,1,0,1,1,1,0,1,0,"0000000",99,99,99,99,99,99,0,0,0,1,0
37,370558,2,2,0,0,0,3,3,57,0,10,6,2016,6,18,19,1,1,1,1,1,"I-85","",0,35.85703889,-80.08849444,0,32,0,0,1,1,0,4,1,1,0,1,0,"0000000",18,21,18,27,88,88,14,0,0,1,0
37,370559,1,1,0,0,0,1,1,57,0,15,6,2016,4,5,18,1,1,1,1,1,"I-85","",0,35.83384167,-80.26151667,0,42,0,0,1,1,0,3,4,1,0,1,0,"0000000",5,15,5,32,88,88,0,0,0,1,0
37,370560,3,3,0,0,0,3,3,67,5120,9,6,2016,5,12,10,0,2,7,98,6,"REIDSVILLE RD","",0,36.12095278,-80.18153611,0,12,7,0,1,1,0,1,1,1,0,1,0,"0000000",12,13,12,17,88,88,0,0,0,1,0
37,370561,2,2,0,0,0,2,2,81,1940,11,6,2016,7,4,21,1,2,1,1,1,"I-85","",0,36.05899444,-79.66152778,0,12,2,0,1,1,0,1,2,1,0,1,0,"0000000",4,28,4,36,99,99,0,0,0,1,1
37,370562,2,2,0,0,0,4,4,83,0,15,6,2016,4,21,24,0,1,3,98,3,"SR-1600","",0,36.351875,-77.69072222,0,12,8,0,1,1,0,1,2,2,0,2,0,"0000000",21,21,21,34,21,45,0,0,0,1,0
37,370563,1,1,0,0,0,2,2,85,0,7,6,2016,3,19,20,0,1,3,98,3,"SR-1725","",0,35.34311667,-78.64533889,0,42,0,0,1,1,0,4,1,1,0,1,0,"0000000",19,15,19,23,19,36,0,0,0,2,0
37,370564,2,2,0,0,0,4,4,93,0,14,6,2016,3,9,40,0,1,3,98,3,"SR-211","SR-1001",0,34.92725,-79.21558611,0,12,2,0,3,2,0,1,1,1,0,1,0,"0000000",9,47,9,55,10,27,0,0,0,1,0
37,370565,4,4,0,0,0,6,6,93,0,17,6,2016,6,9,44,1,1,3,1,2,"US-401","",0,34.92403889,-79.32433333,0,12,1,0,1,1,0,1,1,1,0,1,0,"0000000",9,40,9,46,10,35,0,0,0,1,0
37,370566,1,1,0,0,0,1,1,97,0,18,6,2016,7,9,30,1,1,1,1,1,"I-40","",0,35.80820833,-80.87135,0,24,0,0,1,1,0,3,1,1,0,1,0,"0000000",9,29,9,44,88,88,0,0,0,1,0
37,370567,2,2,0,0,0,3,3,119,870,9,6,2016,5,2,25,0,2,7,98,6,"E INDEPENDENCE BLVD","",0,35.21621667,-80.82839167,0,12,1,0,1,1,0,1,3,1,0,1,0,"0000000",2,23,2,29,99,99,0,0,0,1,1
37,370568,2,2,0,0,0,2,2,119,870,9,6,2016,5,21,25,1,2,1,1,1,"I-277","",0,35.22447778,-80.85951667,0,12,7,0,1,1,0,1,3,1,0,1,0,"0000000",21,24,21,36,88,88,0,0,0,1,1
37,370569,1,1,0,0,0,1,1,119,870,16,6,2016,5,8,44,0,2,7,98,6,"W SUGAR CREEK RD","",0,35.32714167,-80.80183889,0,30,0,0,1,1,0,4,1,1,0,1,0,"0000000",9,30,9,37,88,88,20,0,0,1,0
37,370570,2,2,0,0,0,4,4,121,0,16,6,2016,5,11,48,0,1,3,98,3,"SR-226","",0,35.85540278,-82.04979167,0,12,2,0,1,1,0,1,1,1,0,1,0,"0000000",99,99,99,99,99,99,0,0,0,1,0
37,370571,1,1,0,0,0,1,1,127,0,7,6,2016,3,6,0,1,1,3,1,2,"US-64 ALT","",0,35.96100833,-78.05403889,0,7,0,0,1,1,2,1,2,1,0,1,0,"0000000",5,55,6,4,88,88,0,0,0,1,0
37,370572,2,2,0,0,0,3,3,163,0,15,6,2016,4,11,31,0,1,3,98,3,"SR-903","SR-1946",0,34.81095556,-78.191975,0,12,6,0,2,2,0,1,1,1,0,1,0,"0000000",11,16,11,18,99,99,0,0,0,1,0
37,370573,2,2,0,0,0,8,8,183,0,13,6,2016,2,18,0,0,1,3,98,3,"SR-98","",0,35.96913333,-78.39666667,0,12,2,0,1,1,0,1,1,1,0,1,0,"0000000",17,58,18,11,18,51,0,0,0,2,0
37,370574,1,1,0,0,0,2,2,183,0,18,6,2016,7,1,45,0,1,3,98,3,"SR-2509","",0,35.72781944,-78.46301111,0,34,0,0,1,1,0,4,2,8,0,8,0,"0000000",99,99,99,99,88,88,0,0,0,2,1
37,370575,1,1,0,0,0,2,2,185,0,11,6,2016,7,16,38,1,1,3,1,2,"US-401","",0,36.39422778,-78.15674167,0,34,0,0,1,1,0,4,1,1,0,1,0,"0000000",16,40,16,48,17,30,0,0,0,1,0
37,370576,1,1,0,0,0,2,2,15,0,15,5,2016,1,4,51,0,1,5,98,3,"SR-308","",99999,36.01499444,-76.97590278,0,34,0,0,1,1,0,4,2,1,0,1,0,"0000000",4,45,4,50,5,38,0,0,0,1,1
37,370577,1,1,0,1,1,1,1,119,870,8,5,2016,1,3,50,1,2,1,1,1,"I-85","",99999,35.274625,-80.82441111,0,8,0,0,1,1,0,1,2,1,0,1,0,"0000000",3,50,3,54,4,22,19,0,0,1,0
37,370578,2,2,0,0,0,3,3,1,0,11,6,2016,7,16,43,0,1,4,98,3,"SR-87","CR-2338",99999,35.935575,-79.33299167,0,12,6,0,2,2,0,1,1,1,0,1,0,"0000000",16,47,17,3,17,41,0,0,0,2,0
37,370579,2,2,0,0,0,2,2,1,700,23,6,2016,5,12,23,1,2,3,98,2,"US-70","",99999,36.08057222,-79.52945,0,12,6,0,8,1,0,1,1,1,0,1,0,"0000000",12,43,12,49,88,88,0,0,0,1,0
37,370580,2,2,0,0,0,3,3,31,0,15,6,2016,4,14,45,0,1,4,98,3,"SR-101","",99999,34.81999722,-76.68116667,0,12,2,0,1,1,0,1,1,2,10,2,0,"0000000",14,22,14,31,15,5,0,0,0,1,0
37,370581,3,3,0,0,0,5,5,37,0,27,6,2016,2,10,42,1,1,3,98,2,"US-64","CR-1106",99999,35.73400278,-79.49959167,0,12,2,0,2,2,0,1,1,1,0,1,0,"0000000",10,41,10,48,11,44,0,0,0,1,0
37,370582,2,2,0,0,0,2,2,47,0,24,6,2016,6,7,3,0,1,7,98,4,"CR-1504","CR-1565",99999,34.36503333,-78.93230278,0,12,8,0,1,1,0,1,1,1,0,1,0,"0000000",6,55,7,11,7,44,0,0,0,1,0
37,370583,1,1,0,0,0,1,1,71,0,19,6,2016,1,20,29,0,1,7,98,4,"CR-1916","CR-1979",99999,35.36186944,-81.01019167,0,1,0,0,1,1,0,4,2,1,0,1,0,"0000000",20,28,20,29,88,88,0,0,0,1,1
37,370584,1,1,0,0,0,2,2,81,1940,23,6,2016,5,2,59,0,2,5,98,6,"MEADOWOOD STREET","",99999,36.07405,-79.89395278,0,42,0,0,1,1,0,4,3,1,0,1,0,"0000000",2,59,3,7,3,44,0,0,0,1,1
37,370585,1,1,0,0,0,1,1,85,0,22,6,2016,4,19,38,0,1,7,98,4,"CR-1229","",99999,35.37896667,-78.97799722,0,11,0,0,1,1,0,1,1,1,0,1,0,"0000000",19,33,19,44,88,88,0,0,0,1,1
37,370586,2,2,0,0,0,5,5,87,0,22,6,2016,4,12,49,0,1,4,98,3,"SR-209","CR-1369",99999,35.56268889,-82.95583333,0,12,6,0,2,3,0,1,1,1,0,1,0,"0000000",12,38,12,44,13,20,0,0,0,1,0
37,370587,3,3,0,0,0,4,4,119,870,23,6,2016,5,20,54,0,2,4,98,6,"W SUGAR CREEK RD","GREENE ST",99999,35.30921111,-80.807475,0,12,6,0,2,2,0,1,5,10,0,10,0,"0000000",20,54,21,3,21,25,14,0,0,1,0
37,370588,2,2,0,0,0,2,2,119,870,28,6,2016,3,21,38,0,2,7,98,6,"WINEDALE LANE","",99999,35.22973056,-80.75544722,0,12,2,0,1,1,0,1,3,1,0,1,0,"0000000",21,37,21,47,88,88,0,0,0,1,1
37,370589,2,1,1,0,0,2,2,129,0,11,6,2016,7,19,21,0,1,7,98,8,"THE CAPE BLVD","",99999,34.07558056,-77.90225833,0,14,0,0,1,1,0,4,1,1,0,1,0,"0000000",19,25,19,32,21,15,0,0,0,1,1
37,370590,1,1,0,0,0,1,1,133,0,25,6,2016,7,13,18,0,1,5,98,4,"CR-1113","",99999,34.717725,-77.48973333,0,1,0,0,1,1,0,4,1,1,0,1,0,"0000000",13,15,13,23,88,88,0,0,0,1,0
37,370591,3,3,0,0,0,5,5,145,0,22,6,2016,4,17,27,1,1,3,98,2,"US-501","CR-1745",99999,36.27918056,-78.95217778,0,12,7,0,3,3,0,1,1,10,0,10,0,"0000000",17,22,17,25,18,20,0,0,0,1,0
37,370592,2,2,0,0,0,3,3,155,0,15,6,2016,4,18,33,0,1,3,98,3,"SR-904","",0,34.31476944,-79.03328889,0,12,6,0,1,1,0,1,1,2,0,2,0,"0000000",18,31,18,50,19,34,0,0,0,1,0
37,370593,1,1,0,0,0,1,1,155,0,26,6,2016,1,11,42,0,1,3,98,3,"SR-1936","",0,34.71494722,-78.96875278,0,34,0,0,1,1,0,4,1,1,0,1,0,"0000000",99,99,99,99,99,99,0,0,0,1,0
37,370594,1,1,0,0,0,1,1,155,3550,26,6,2016,1,4,26,0,2,3,98,3,"SR-1566","",0,34.33985833,-78.98828889,0,34,0,0,1,1,0,4,2,1,0,1,0,"0000000",99,99,99,99,99,99,0,0,0,1,1
37,370595,2,2,0,0,0,3,3,157,0,9,6,2016,5,7,36,0,1,3,98,3,"SR-2177","SR-2150",0,36.40856389,-79.94110833,0,12,6,0,2,2,0,1,1,1,0,1,0,"0000000",7,32,7,38,8,20,0,0,0,1,0
37,370596,2,2,0,0,0,5,5,163,0,25,6,2016,7,17,27,0,2,3,98,3,"SR-1452","",0,35.12130556,-78.57673056,0,12,8,0,1,1,0,1,1,1,0,1,0,"0000000",17,29,17,42,99,99,0,0,0,3,0
37,370597,2,2,0,0,0,3,3,179,9997,23,6,2016,5,13,25,0,2,3,98,3,"SR-1346","SR-1008",0,99.9999,999.9999,0,12,6,0,2,2,0,1,1,10,0,10,0,"0000000",13,35,13,38,14,26,0,0,0,1,0
37,370598,1,1,0,0,0,1,1,191,0,30,6,2016,5,12,41,0,1,3,98,3,"SR-222","",0,35.54437222,-77.97569167,0,42,0,0,1,1,0,4,1,1,0,1,0,"0000000",12,39,12,47,88,88,0,0,0,1,0
37,370599,1,1,0,0,0,1,1,193,0,24,6,2016,6,15,4,0,1,3,98,3,"SR-2510","",0,36.15082222,-81.13327778,0,35,0,0,1,1,0,4,1,1,0,1,0,"0000000",14,58,15,2,15,27,0,0,0,1,0
37,370600,2,2,0,0,0,2,2,133,4530,16,3,2016,4,9,48,0,2,3,98,3,"SR-24","OT SHORE DR",0,34.69956389,-77.14271389,0,12,6,0,2,4,0,1,1,1,0,1,0,"0000000",9,46,9,53,10,31,0,0,0,1,0
37,370601,2,2,0,0,0,2,2,71,0,28,5,2016,7,8,48,0,1,3,98,3,"SR-2200","",0,35.30291944,-81.114375,0,12,2,0,1,1,0,1,1,1,0,1,0,"0000000",8,45,8,56,9,14,0,0,0,1,1
37,370602,3,3,0,0,0,3,3,147,0,25,5,2016,4,19,42,0,1,3,98,3,"SR-1401","SR-1454",0,35.63646389,-77.37329722,0,12,1,0,2,3,0,1,1,1,0,1,0,"0000000",19,40,19,50,20,7,0,0,0,1,0
37,370603,2,2,0,0,0,2,2,11,0,25,6,2016,7,11,47,0,1,3,98,3,"SR-1511","",0,36.05513889,-81.85391667,0,1,0,0,1,1,0,1,1,1,0,1,0,"0000000",11,48,11,50,88,88,0,0,0,1,0
37,370604,1,1,0,0,0,1,1,47,0,26,6,2016,1,22,44,0,1,3,98,3,"SR-1740","",0,34.36563889,-78.33502222,0,34,0,0,1,1,0,4,2,1,0,1,0,"0000000",22,35,22,46,88,88,0,0,0,1,1
37,370605,2,2,0,0,0,7,7,51,1670,26,6,2016,1,2,28,0,2,7,98,6,"SANTA FE DR","",0,35.08842222,-79.01031944,0,12,7,0,1,1,0,1,3,1,0,1,0,"0000000",2,43,2,44,3,7,0,0,0,1,1
37,370606,1,1,0,1,1,1,1,53,0,27,6,2016,2,0,39,1,1,3,1,2,"US-158","",0,36.36313056,-76.11846667,0,9,0,0,1,1,0,1,2,1,0,1,0,"0000000",99,99,99,99,88,88,0,0,0,1,0
37,370607,2,2,0,0,0,2,2,61,4580,29,6,2016,4,9,53,1,2,3,1,2,"US-117","SR-1162",0,34.77361667,-78.00423889,0,12,6,0,2,2,0,1,1,1,0,1,0,"0000000",9,49,10,7,88,88,0,0,0,1,0
37,370608,1,1,0,0,0,1,1,67,4604,25,6,2016,7,19,46,0,2,3,98,3,"SR-1611","",0,36.25687778,-80.36743056,0,34,0,0,1,1,0,4,1,1,0,1,0,"0000000",99,99,99,99,88,88,0,0,0,1,1
37,370609,2,1,1,0,0,1,1,67,5120,25,6,2016,7,19,38,0,2,7,98,6,"COUNTRY CLUB RD","",0,36.08724167,-80.35812222,0,34,0,0,1,1,0,4,1,1,0,1,0,"0000000",19,39,19,44,88,88,0,0,0,1,0
37,370610,2,2,0,0,0,6,6,71,0,1,6,2016,4,23,38,1,1,1,1,1,"I-85","",0,35.231275,-81.32458611,0,12,1,0,1,1,0,1,2,10,0,10,0,"0000000",23,39,0,5,0,38,0,0,0,1,1
37,370611,1,1,0,0,0,1,1,87,0,24,6,2016,6,19,52,0,1,3,98,3,"SR-1397","",0,99.9999,999.9999,0,42,0,0,1,1,0,4,1,1,0,1,0,"0000000",99,99,99,99,99,99,0,0,0,1,0
37,370612,1,1,0,1,1,1,1,91,0,25,6,2016,7,21,3,0,1,3,98,3,"SR-1160","",0,99.9999,999.9999,0,9,0,0,1,1,0,1,2,1,0,1,0,"0000000",21,4,21,17,88,88,0,0,0,1,0
37,370613,1,1,0,0,0,3,3,97,0,12,6,2016,1,21,49,0,1,3,98,3,"SR-1614","",0,35.97392778,-81.00015556,0,31,0,0,1,1,0,4,2,1,0,1,0,"0000000",21,51,22,5,22,57,0,0,0,1,1
37,370614,1,1,0,0,0,1,1,97,0,24,6,2016,6,20,22,0,1,3,98,3,"SR-1137","",0,35.52973889,-80.82782778,0,53,0,0,1,1,0,4,1,10,0,10,0,"0000000",20,19,20,29,88,88,0,0,0,1,1
37,370615,2,2,0,0,0,3,3,101,0,29,6,2016,4,20,7,0,1,3,98,3,"SR-1182","",0,35.45513056,-78.39638889,0,12,6,0,8,1,0,1,5,1,0,1,0,"0000000",20,5,20,6,88,88,0,0,0,1,1