"STATE","ST_CASE","VE_TOTAL","VE_FORMS","PVH_INVL","PEDS","PERNOTMVIT","PERMVIT","PERSONS","COUNTY","CITY","DAY","MONTH","YEAR","DAY_WEEK","HOUR","MINUTE","NHS","RUR_URB","FUNC_SYS","RD_OWNER","ROUTE","TWAY_ID","TWAY_ID2","MILEPT","LATITUDE","LONGITUD","SP_JUR","HARM_EV","MAN_COLL","RELJCT1","RELJCT2","TYP_INT","WRK_ZONE","REL_ROAD","LGT_COND","WEATHER1","WEATHER2","WEATHER","SCH_BUS","RAIL","NOT_HOUR","NOT_MIN","ARR_HOUR","ARR_MIN","HOSP_HR","HOSP_MN","CF1","CF2","CF3","FATALS","DRUNK_DR"
37,370616,1,1,0,0,0,1,1,109,0,30,6,2016,5,17,42,0,1,3,98,3,"SR-1114","",0,35.55496111,-81.48258611,0,34,0,0,1,1,0,4,1,1,0,1,0,"0000000",17,41,17,48,88,88,0,0,0,1,1
37,370617,1,1,0,0,0,1,1,115,0,3,6,2016,6,7,39,0,1,3,98,3,"SR-1151","",0,35.78759444,-82.85724167,0,35,0,0,1,1,0,4,1,1,0,1,0,"0000000",99,99,99,99,88,88,0,0,0,1,1
37,370618,1,1,0,0,0,1,1,119,1080,8,6,2016,4,7,23,0,2,7,98,6,"WEST CATWABA AV","I-77 OFF RAMP",0,35.48332222,-80.87489722,0,25,0,1,3,3,0,4,1,1,0,1,0,"0000000",7,22,7,29,88,88,0,0,0,1,0
37,370619,2,2,0,0,0,5,5,123,0,19,6,2016,1,21,55,1,1,1,1,1,"I-73","",0,35.40668611,-79.76961111,0,12,1,0,1,1,0,1,2,1,0,1,0,"0000000",21,58,22,10,23,1,23,0,0,1,0
37,370620,1,1,0,0,0,2,2,167,3280,22,6,2016,4,16,38,1,2,3,1,2,"US-52","",0,35.43981389,-80.21997778,0,59,0,0,1,1,0,4,1,2,0,2,0,"0000000",16,39,16,46,17,25,0,0,0,1,0
37,370621,1,1,0,0,0,2,2,173,0,23,6,2016,5,12,19,1,1,3,1,2,"US-129","",0,35.32361389,-83.80229444,0,59,0,0,1,1,0,4,1,1,0,1,0,"0000000",11,50,12,9,13,44,0,0,0,1,0
37,370622,2,2,0,0,0,4,4,199,0,7,6,2016,3,17,17,0,1,3,98,3,"SR-80","",0,35.90978333,-82.20608056,0,12,6,0,1,1,0,1,1,1,0,1,0,"0000000",17,13,17,26,18,5,0,0,0,1,0
37,370623,2,2,0,0,0,2,2,55,0,23,5,2016,2,16,31,0,1,7,98,4,"CR-1224","CR-1229",99999,35.35337778,-75.50739167,0,12,6,0,8,1,0,1,1,2,0,2,0,"0000000",16,26,16,39,88,88,0,0,0,1,0
37,370624,2,2,0,0,0,3,3,87,4900,25,5,2016,4,9,36,1,2,2,98,2,"US-23","",99999,35.49297222,-83.00318333,0,12,1,0,1,1,0,1,1,1,0,1,0,"0000000",9,42,9,44,99,99,0,0,0,1,0
37,370625,1,1,0,1,1,1,1,119,870,27,5,2016,6,23,18,1,2,3,98,6,"N. GRAHAM STREET","W. 8TH STREET",99999,35.23365556,-80.84271667,0,8,0,0,3,2,0,1,2,1,0,1,0,"0000000",23,18,23,27,23,42,0,0,0,1,0
37,370626,2,2,0,0,0,4,4,197,0,25,5,2016,4,9,59,1,1,1,1,1,"I-77","",99999,36.22240833,-80.81231944,0,12,7,0,1,1,0,1,1,1,0,1,0,"0000000",9,57,10,12,99,99,0,0,0,1,0
37,370627,1,1,0,0,0,3,3,1,0,15,6,2016,4,20,4,0,1,4,98,3,"SR-87","",99999,36.17755,-79.50922778,0,42,0,0,1,1,0,4,2,2,0,2,0,"0000000",99,99,99,99,99,99,0,0,0,1,1
37,370628,1,1,0,0,0,1,1,37,0,27,6,2016,2,18,0,0,1,7,98,4,"CR-1346","",99999,35.77599722,-79.35152222,0,34,0,0,1,1,0,4,1,1,0,1,0,"0000000",17,51,18,3,99,99,0,0,0,1,0
37,370629,3,3,0,0,0,4,4,51,0,26,6,2016,1,1,36,0,2,4,98,3,"SR-162","CR-3697",99999,34.97244444,-78.91916944,0,12,8,0,2,3,0,1,2,1,0,1,0,"0000000",1,26,1,35,1,52,0,0,0,2,1
37,370630,3,3,0,0,0,8,8,51,1670,29,6,2016,4,20,6,0,2,4,98,6,"CLIFFDALE RD","LYNNHURST DR",99999,35.05990278,-78.97606389,0,12,6,0,2,2,0,1,5,1,0,1,0,"0000000",20,6,20,10,20,33,0,0,0,5,0
37,370631,2,2,0,0,0,8,8,53,0,21,6,2016,3,14,42,1,1,3,98,2,"US-158","",99999,36.09680556,-75.81211389,0,12,6,0,1,1,0,1,1,1,0,1,0,"0000000",14,37,14,52,99,99,0,0,0,1,0
37,370632,1,1,0,0,0,1,1,81,1940,24,6,2016,6,23,54,0,2,7,98,6,"GLENDALE DRIVE","",99999,36.00876111,-79.81608056,0,33,0,0,1,1,0,4,3,10,0,10,0,"0000000",23,57,0,3,88,88,20,0,0,1,1
37,370633,1,1,0,2,2,1,1,85,0,27,6,2016,2,21,12,0,1,7,98,4,"CR-1141","",99999,35.31440556,-79.02182778,0,8,0,0,1,1,0,1,2,1,0,1,0,"0000000",21,9,21,18,99,99,0,0,0,1,0
37,370634,1,1,0,2,2,1,1,151,160,24,6,2016,6,1,53,1,2,3,98,2,"US-64","",99999,35.69258611,-79.79893611,0,8,0,0,1,1,0,1,3,10,0,10,0,"0000000",1,53,2,0,2,20,0,0,0,1,0
37,370635,1,1,0,0,0,2,2,159,0,18,6,2016,7,18,56,0,1,6,98,4,"CR-2168","",99999,35.65130556,-80.3886,0,1,0,0,1,1,0,1,1,1,0,1,0,"0000000",19,1,19,11,88,88,0,0,0,1,0
37,370636,2,2,0,0,0,2,2,23,0,1,7,2016,6,13,45,0,1,4,98,3,"SR-181","",99999,35.80309167,-81.785175,0,12,8,0,1,1,0,1,1,1,0,1,0,"0000000",13,43,13,51,14,18,0,0,0,1,0
37,370637,1,1,0,1,1,1,1,23,0,7,7,2016,5,21,36,0,1,3,98,3,"SR-1890","",0,35.71065,-81.41073611,0,8,0,0,1,1,0,1,2,1,0,1,0,"0000000",21,32,21,36,88,88,0,0,0,1,0
37,370638,1,1,0,0,0,1,1,33,0,2,7,2016,7,6,59,0,1,3,98,3,"SR-1155","",0,36.38033056,-79.49419722,0,32,0,0,1,1,0,4,1,1,0,1,0,"0000000",6,53,7,6,7,51,0,0,0,1,0
37,370639,2,2,0,0,0,2,2,35,0,12,7,2016,3,9,36,0,1,3,98,3,"SR-10","US-70",0,35.71756389,-81.08057778,0,12,6,0,2,2,0,1,1,1,0,1,0,"0000000",9,34,9,38,10,12,0,0,0,1,0
37,370640,2,2,0,0,0,2,2,37,0,7,7,2016,5,14,38,0,1,3,98,3,"SR-87","SR-902",0,35.70846944,-79.18826389,0,12,6,0,2,3,0,1,1,1,0,1,0,"0000000",14,37,14,49,15,15,0,0,0,1,0
37,370641,2,2,0,0,0,2,2,37,0,14,7,2016,5,21,21,0,1,3,98,3,"SR-1151","",0,35.72026667,-79.18169722,0,12,2,0,1,1,0,1,2,1,0,1,0,"0000000",21,21,21,42,88,88,0,0,0,1,0
37,370642,2,2,0,0,0,2,2,43,0,2,7,2016,7,23,15,1,1,3,1,2,"US-64","",0,35.03542222,-83.82764444,0,12,8,0,1,1,0,1,2,1,0,1,0,"0000000",23,1,23,15,23,33,0,0,0,1,1
37,370643,2,2,0,0,0,3,3,45,0,1,7,2016,6,15,36,0,1,3,98,3,"SR-2218","",0,35.18350833,-81.55079167,0,12,2,0,1,1,0,1,1,10,0,10,0,"0000000",15,32,15,41,16,23,0,0,0,1,0
37,370644,1,1,0,0,0,1,1,47,0,12,7,2016,3,6,24,0,1,3,98,3,"SR-904","",0,34.31476944,-79.03354722,0,32,0,0,1,1,0,4,1,1,0,1,0,"0000000",6,21,6,39,88,88,0,0,0,1,0
37,370645,1,1,0,0,0,4,4,49,0,4,7,2016,2,9,57,1,1,3,1,2,"US-17","",0,35.11841667,-77.01578056,0,42,0,0,1,1,0,4,1,1,0,1,0,"0000000",9,58,10,8,10,43,0,0,0,1,0
37,370646,2,2,0,0,0,4,4,51,0,17,7,2016,1,15,35,0,1,3,98,3,"SR-2257","",0,34.97309167,-78.94722222,0,12,6,0,1,1,0,1,1,1,0,1,0,"0000000",99,99,99,99,99,99,0,0,0,2,0
37,370647,1,1,0,0,0,2,2,57,0,3,7,2016,1,3,11,1,1,3,1,2,"US-52","",0,35.91425278,-80.23432222,0,42,0,0,1,1,0,4,2,2,0,2,0,"0000000",3,10,3,17,88,88,0,0,0,1,0
37,370648,1,1,0,1,1,3,3,57,2620,15,7,2016,6,21,33,1,2,3,1,2,"US-29","",0,35.83434444,-80.25975,0,8,0,0,1,1,0,1,2,10,0,10,0,"0000000",21,33,21,45,99,99,0,0,0,1,0
37,370649,2,2,0,0,0,2,2,59,0,15,7,2016,6,4,34,1,1,3,1,2,"US-601","SR-1356",0,35.93517222,-80.59956111,0,12,6,0,2,3,0,1,2,1,0,1,0,"0000000",4,33,4,43,88,88,0,0,0,1,0
37,370650,1,1,0,0,0,1,1,67,0,5,7,2016,3,15,17,0,1,3,98,3,"SR-1620","",0,36.23612222,-80.31412778,0,42,0,0,1,1,0,4,1,10,0,10,0,"0000000",15,10,15,26,88,88,0,0,0,1,0
37,370651,1,1,0,0,0,1,1,67,5120,10,7,2016,1,18,1,0,2,7,98,6,"SHATTALON DR","",0,36.148175,-80.33588056,0,42,0,0,1,1,0,4,1,1,0,1,0,"0000000",18,0,18,5,88,88,0,0,0,1,1
37,370652,1,1,0,1,1,1,1,81,1940,16,7,2016,7,0,1,0,2,7,98,6,"W GATE CITY BLVD","",0,36.06932778,-79.79561111,0,8,0,0,1,1,0,1,3,1,0,1,0,"0000000",0,1,0,8,88,88,0,0,0,1,0
37,370653,1,1,0,1,1,1,1,85,0,4,7,2016,2,3,31,0,1,3,98,3,"SR-2033","",0,35.31272222,-78.81230278,0,8,0,0,1,1,0,1,2,1,0,1,0,"0000000",3,30,3,38,88,88,0,0,0,1,0
37,370654,2,2,0,0,0,3,3,99,0,1,7,2016,6,16,30,1,1,3,1,2,"US-74","",0,35.37500278,-83.23764444,0,12,7,0,1,1,0,1,1,1,0,1,0,"0000000",16,28,16,39,17,3,0,0,0,1,0
37,370655,2,2,0,0,0,3,3,99,0,18,7,2016,2,11,2,1,1,3,1,2,"US-23","",0,35.37018056,-83.25359722,0,12,2,0,1,1,0,1,1,1,0,1,0,"0000000",11,0,11,11,99,99,0,0,0,2,0
37,370656,1,1,0,1,1,1,1,101,0,6,7,2016,4,4,40,0,1,3,98,3,"SR-50","",0,35.37759167,-78.54154444,0,8,0,0,1,1,0,1,2,1,0,1,0,"0000000",4,40,4,40,88,88,0,0,0,1,0
37,370657,1,1,0,0,0,2,2,103,0,10,7,2016,1,2,49,0,1,3,98,3,"SR-1116","",0,34.90700556,-77.22665278,0,34,0,0,1,1,0,4,2,1,0,1,0,"0000000",2,8,2,26,3,24,0,0,0,1,1
37,370658,1,1,0,0,0,1,1,119,870,3,7,2016,1,2,10,0,2,7,98,6,"OLD PINEVILLE RD","",0,35.13932222,-80.88377778,0,24,0,0,1,1,0,4,3,1,0,1,0,"0000000",2,10,2,19,88,88,0,0,0,1,1
37,370659,2,2,0,0,0,2,2,119,870,11,7,2016,2,20,45,0,2,7,98,6,"SHARON ROAD WEST","BRANDON FOREST DR",0,35.11719167,-80.85923056,0,12,6,0,2,3,0,1,3,1,0,1,0,"0000000",20,44,20,48,21,8,0,0,0,1,1
37,370660,1,1,0,1,1,1,1,119,870,13,7,2016,4,17,40,0,2,7,98,6,"WEST BLVD","",0,35.20215278,-80.92811111,0,8,0,0,1,1,0,1,1,1,0,1,0,"0000000",17,39,17,48,18,2,0,0,0,1,0
37,370661,2,2,0,0,0,2,2,119,870,16,7,2016,7,0,29,0,2,7,98,6,"WILKINSON BLVD","",0,35.22468333,-80.90503611,0,12,2,0,1,1,0,1,3,10,0,10,0,"0000000",0,28,0,35,88,88,0,0,0,1,1
37,370662,1,1,0,0,0,1,1,127,0,3,7,2016,1,22,4,0,1,3,98,3,"SR-1111","",0,35.76486944,-78.18308889,0,42,0,0,1,1,0,4,1,10,0,10,0,"0000000",99,99,99,99,88,88,0,0,0,1,0
37,370663,2,2,0,0,0,2,2,127,0,14,7,2016,5,18,22,0,1,3,98,3,"SR-97","SR-1730",0,35.91029444,-77.83384444,0,12,6,0,2,3,0,1,1,1,0,1,0,"0000000",18,8,18,17,99,99,0,0,0,1,1
37,370664,1,1,0,0,0,1,1,131,0,9,7,2016,7,18,43,1,1,1,1,1,"I-95","",0,36.50068056,-77.64544167,0,24,0,0,1,1,0,3,1,1,0,1,0,"0000000",18,36,18,54,88,88,0,0,0,1,1
37,370665,2,2,0,0,0,5,5,143,0,3,7,2016,1,19,54,1,1,3,98,2,"US-17","",99999,36.22236111,-76.37524722,0,12,1,0,8,1,0,1,1,1,0,1,0,"0000000",19,45,19,51,20,26,0,0,0,1,0
37,370666,2,2,0,0,0,2,2,147,0,11,7,2016,2,10,12,0,1,4,98,4,"CR-1467","",99999,35.60340833,-77.43410833,0,12,1,0,1,1,0,1,1,10,0,10,0,"0000000",10,8,10,17,10,55,0,0,0,1,0
37,370667,2,2,0,0,0,2,2,155,0,11,7,2016,2,16,31,0,1,5,98,3,"SR-71","",99999,34.79326389,-79.25816111,0,51,0,0,1,1,0,1,1,10,2,2,0,"0000000",99,99,99,99,99,99,0,0,0,1,0
37,370668,3,3,0,0,0,3,3,163,0,13,7,2016,4,16,39,1,1,3,98,2,"US-421","",99999,35.06620278,-78.38394444,0,12,7,0,8,1,0,1,1,1,0,1,0,"0000000",16,34,16,40,88,88,0,0,0,1,0
37,370669,2,2,0,0,0,2,2,167,0,1,7,2016,6,15,58,1,1,3,98,2,"US-52","",99999,35.28666389,-80.16496667,0,12,2,0,1,1,0,1,1,1,0,1,0,"0000000",15,50,15,55,88,88,0,0,0,1,2
37,370670,2,2,0,0,0,3,3,171,3170,1,7,2016,6,22,18,0,2,4,98,3,"SR-89","",99999,36.49966389,-80.62378611,0,12,6,0,8,1,0,1,1,1,0,1,0,"0000000",10,18,10,23,10,39,0,0,0,1,0
37,370671,2,2,0,0,0,12,12,171,0,6,7,2016,4,10,18,1,2,3,98,2,"US-601","I-74",99999,36.45914167,-80.63825278,0,12,6,1,2,2,0,1,1,1,0,1,0,"0000000",10,17,10,21,99,99,0,0,0,1,0
37,370672,2,2,0,0,0,2,2,171,0,14,7,2016,5,21,49,1,2,3,98,2,"US-52","",99999,36.472425,-80.57659444,0,12,1,0,1,1,0,1,2,1,0,1,0,"0000000",21,54,22,0,88,88,0,0,0,1,2
37,370673,3,3,0,0,0,4,4,173,0,10,7,2016,1,16,29,0,1,5,98,3,"SR-28","",99999,35.45091389,-83.84313056,0,12,1,0,1,1,0,1,1,1,0,1,0,"0000000",99,99,99,99,99,99,0,0,0,1,0
37,370674,1,1,0,0,0,1,1,183,1770,3,7,2016,1,3,29,1,2,3,98,2,"US-401","PINEWINDS DR",99999,35.71691944,-78.65538333,0,33,0,0,3,3,0,4,2,2,0,2,0,"0000000",3,30,3,37,88,88,0,0,0,1,1
37,370675,1,1,0,0,0,1,1,183,0,4,7,2016,2,20,38,0,1,4,98,3,"SR-96","",99999,35.90290833,-78.36956667,0,34,0,0,1,1,0,4,1,10,0,10,0,"0000000",20,31,20,40,88,88,0,0,0,1,0
37,370676,2,2,0,0,0,2,2,191,0,7,7,2016,5,18,51,0,1,5,98,3,"SR-55","",99999,35.22318333,-78.23694722,0,12,6,0,1,1,0,1,1,2,0,2,0,"0000000",18,50,19,4,88,88,0,0,0,1,0
37,370677,1,1,0,0,0,2,2,195,0,3,7,2016,1,22,5,0,1,6,98,4,"CR-1502","",99999,35.72736111,-77.84430278,0,53,0,0,1,1,0,4,2,1,0,1,0,"0000000",21,59,22,0,88,88,0,0,0,1,1
37,370678,1,1,0,0,0,1,1,93,0,25,4,2016,2,21,45,0,1,7,98,4,"CR-1214","",99999,35.05030833,-79.38449722,0,38,0,0,1,1,0,4,2,1,0,1,0,"0000000",99,99,99,99,99,99,0,0,0,1,1
37,370679,4,4,0,0,0,5,5,51,0,28,6,2016,3,12,21,1,1,3,1,2,"US-401","",0,35.04401944,-78.98363611,0,12,1,0,1,1,0,1,1,2,10,2,0,"0000000",99,99,99,99,99,99,0,0,0,1,0
37,370680,1,1,0,0,0,1,1,61,0,26,6,2016,1,3,59,0,1,3,98,3,"SR-403","",0,35.11600556,-78.11798611,0,34,0,0,1,1,0,4,2,1,0,1,0,"0000000",3,56,4,4,88,88,0,0,0,1,1
37,370681,2,2,0,0,0,3,3,71,0,17,6,2016,6,12,40,1,1,1,1,1,"I-85","",0,35.28410556,-81.20666389,0,12,1,0,1,1,0,1,1,1,0,1,0,"0000000",12,41,12,47,13,15,0,0,0,1,0
37,370682,2,2,0,0,0,3,3,3,0,29,7,2016,6,5,51,1,1,3,1,2,"US-64","",0,35.90378056,-81.20331111,0,12,8,0,1,1,0,1,2,1,0,1,0,"0000000",5,49,5,54,99,99,0,0,0,1,1
37,370683,2,2,0,0,0,2,2,17,0,24,7,2016,1,21,7,0,1,3,98,3,"SR-41","",0,34.65633889,-78.49316667,0,12,8,0,1,1,0,1,2,1,0,1,0,"0000000",20,59,21,23,22,54,0,0,0,1,0
37,370684,1,1,0,1,1,2,2,19,0,31,7,2016,1,23,4,1,1,3,1,2,"US-17","",0,33.97986389,-78.400625,0,8,0,0,1,1,0,1,2,1,0,1,0,"0000000",23,21,0,7,88,88,0,0,0,1,0
37,370685,1,1,0,0,0,1,1,21,170,30,7,2016,7,0,32,1,2,3,1,2,"US-25","",0,35.58577222,-82.55506111,0,35,0,0,1,1,0,4,3,10,0,10,0,"0000000",2,23,2,35,88,88,0,0,0,1,1
37,370686,1,1,0,0,0,1,1,31,0,24,7,2016,1,17,45,1,1,3,1,2,"US-70","",0,34.78134722,-76.87361389,0,1,0,0,1,1,0,1,1,1,0,1,0,"0000000",99,99,99,99,99,99,0,0,0,1,1
37,370687,1,1,0,0,0,1,1,35,2150,28,7,2016,5,22,2,0,2,7,98,6,"29TH AVE NE","",0,35.7671,-81.27675278,0,32,0,0,1,1,0,4,3,1,0,1,0,"0000000",22,1,22,7,88,88,0,0,0,1,0
37,370688,1,1,0,2,2,1,1,45,2440,21,7,2016,5,4,56,0,2,7,98,6,"N CANSLER ST","",0,35.25074167,-81.34709722,0,8,0,0,1,1,0,1,3,1,0,1,0,"0000000",4,58,5,6,88,88,0,0,0,2,0
37,370689,2,2,0,0,0,2,2,47,0,29,7,2016,6,17,57,1,1,3,1,2,"US-74","",0,34.33982778,-78.80854444,0,12,6,0,4,1,0,1,1,1,0,1,0,"0000000",99,99,99,99,99,99,0,0,0,1,0
37,370690,2,2,0,0,0,3,3,51,0,10,7,2016,1,9,50,0,1,3,98,3,"SR-1006","SR-1843",0,35.05427778,-78.71139444,0,12,6,0,3,3,0,1,1,1,0,1,0,"0000000",99,99,99,99,99,99,0,0,0,1,0
37,370691,1,1,0,0,0,1,1,51,0,18,7,2016,2,18,32,1,1,1,1,1,"I-95","",0,35.11891667,-78.75868889,0,42,0,0,1,1,0,4,1,1,0,1,0,"0000000",99,99,99,99,99,99,0,0,0,1,0
37,370692,2,2,0,0,0,3,3,57,0,9,7,2016,7,15,22,0,1,3,98,3,"SR-109","SR-2522",0,35.58873611,-80.10026389,0,12,6,0,2,2,0,1,1,1,0,1,0,"0000000",15,27,15,46,16,26,0,0,0,1,0
37,370693,2,2,0,0,0,2,2,57,4590,13,7,2016,4,12,8,0,2,7,98,6,"FISHER FERRY RD","W COLONIAL DR",0,35.87943333,-80.08382778,0,12,6,0,2,2,0,1,1,1,0,1,0,"0000000",11,54,11,57,12,29,0,0,0,1,0
37,370694,3,3,0,0,0,10,10,57,2620,28,7,2016,5,22,18,1,2,1,1,1,"I-85","",0,35.83448333,-80.25975,0,12,7,0,1,1,0,1,2,10,0,10,0,"0000000",22,19,22,19,88,88,0,0,0,2,0
37,370695,1,1,0,0,0,1,1,61,0,10,7,2016,1,15,10,0,1,3,98,3,"SR-41","",0,34.734625,-78.00829722,0,32,0,0,1,1,0,4,1,1,0,1,0,"0000000",15,16,15,24,16,53,0,0,0,1,0
37,370696,1,1,0,0,0,1,1,61,0,23,7,2016,7,13,29,0,1,3,98,3,"SR-11","",0,34.94704167,-77.97959722,0,34,0,0,1,1,0,4,1,1,0,1,0,"0000000",13,26,13,38,14,18,0,0,0,1,0
37,370697,1,1,0,0,0,2,2,67,2614,10,7,2016,1,22,21,0,2,3,98,3,"SR-1166","",0,36.08201111,-80.38495833,0,32,0,0,1,1,0,4,2,1,0,1,0,"0000000",22,16,22,28,22,56,0,0,0,1,0
37,370698,2,2,0,0,0,3,3,67,5120,15,7,2016,6,23,12,0,2,7,98,6,"UNIVERSITY PKWY","NORTH POINT BLVD",0,36.15094167,-80.279375,0,12,6,0,2,2,0,1,3,10,0,10,0,"0000000",21,56,22,5,22,24,0,0,0,2,1
37,370699,2,2,0,0,0,3,3,67,0,22,7,2016,6,18,22,0,1,3,98,3,"SR-65","SR-1956",0,36.24926111,-80.09621111,0,12,6,0,2,3,0,1,1,1,0,1,0,"0000000",18,13,18,23,18,53,0,0,0,2,0
37,370700,1,1,0,0,0,1,1,67,5120,28,7,2016,5,0,2,1,2,1,1,1,"I-40","",0,36.06164722,-80.225575,0,42,0,0,5,1,0,4,2,8,0,8,0,"0000000",0,14,0,32,88,88,0,0,0,1,1
37,370701,3,3,0,0,0,5,5,71,1800,23,7,2016,7,17,5,0,2,7,98,6,"E FRANKLIN BLVD","S NEW HOPE RD",0,35.26226944,-81.15299722,0,12,8,0,2,2,0,1,1,1,0,1,0,"0000000",17,9,17,16,17,36,20,0,0,1,0
37,370702,2,2,0,0,0,2,2,77,0,17,7,2016,1,7,57,0,1,3,98,3,"SR-1138","",0,36.219575,-78.72265556,0,12,2,0,1,1,0,1,1,1,0,1,0,"0000000",7,58,8,10,8,49,0,0,0,1,0
37,370703,1,1,0,1,1,1,1,81,1940,11,7,2016,2,21,15,0,2,7,99,6,"GLENHAVEN DR","CLIFFWOOD DR",0,36.03775,-79.81406111,0,8,0,0,3,2,0,1,2,1,0,1,0,"0000000",21,36,21,41,22,6,0,0,0,1,0
37,370704,1,1,0,0,0,1,1,81,0,24,7,2016,1,3,10,0,1,3,98,3,"SR-62","",0,35.92329167,-79.94172778,0,53,0,0,1,1,0,4,2,1,0,1,0,"0000000",3,7,3,18,88,88,0,0,0,1,1
37,370705,1,1,0,0,0,1,1,81,2170,27,7,2016,4,11,57,0,2,7,98,6,"BRENTWOOD ST","",0,35.95109722,-79.97962778,0,53,0,0,1,1,0,4,1,1,0,1,0,"0000000",12,1,12,2,88,88,0,0,0,1,0
37,370706,1,1,0,1,1,1,1,83,0,16,7,2016,7,5,52,0,1,3,98,3,"SR-1409","",0,36.45721389,-77.86998333,0,8,0,0,1,1,0,1,2,1,0,1,0,"0000000",5,46,6,1,88,88,0,0,0,1,0
37,370707,1,1,0,1,1,1,1,85,0,21,7,2016,5,7,57,0,1,5,98,4,"CR-1412","",99999,35.48556667,-78.87651389,0,9,0,0,1,1,0,1,1,1,0,1,0,"0000000",7,53,8,5,88,88,0,0,0,1,0
37,370708,1,1,0,0,0,1,1,87,0,21,7,2016,5,0,41,1,2,3,98,2,"US-19","CR-1197",99999,35.52095556,-82.97930833,0,33,0,0,3,3,0,4,2,1,0,1,0,"0000000",0,37,0,42,88,88,0,0,0,1,1
37,370709,1,1,0,0,0,1,1,87,0,31,7,2016,1,15,15,1,1,3,98,2,"US-19","",99999,35.50961111,-83.14093889,0,1,0,0,8,1,0,1,1,1,0,1,0,"0000000",15,17,15,24,88,88,0,0,0,1,0
37,370710,2,2,0,0,0,2,2,97,4430,4,7,2016,2,5,44,0,2,5,98,6,"BUFFALO SHOALS ROAD","GARNER-BAGNAL BLVD",99999,35.77662778,-80.90595556,0,12,6,0,2,2,0,1,4,2,0,2,0,"0000000",5,41,5,42,88,88,0,0,0,1,0
37,370711,2,2,0,0,0,7,7,97,3110,16,7,2016,7,15,55,0,2,3,98,3,"SR-150","",99999,35.60579444,-80.78191667,0,12,8,0,1,1,0,1,1,10,0,10,0,"0000000",15,56,16,2,88,88,0,0,0,1,0
37,370712,2,2,0,0,0,6,6,109,0,23,7,2016,7,11,17,0,1,7,98,4,"CR-1343","CR-1409",99999,35.55303333,-81.18342778,0,12,6,0,2,2,0,1,1,1,0,1,0,"0000000",11,19,11,21,11,54,0,0,0,1,0
37,370713,2,2,0,0,0,2,2,113,0,29,7,2016,6,6,56,1,1,3,98,2,"US-64","",99999,35.14178889,-83.29614722,0,12,8,0,1,1,0,1,4,1,0,1,0,"0000000",6,54,7,2,7,29,0,0,0,1,0
37,370714,1,1,0,0,0,1,1,119,870,3,7,2016,1,14,2,1,2,1,1,1,"I-85","",99999,35.27143611,-80.85251389,0,24,0,0,1,1,0,3,1,1,0,1,0,"0000000",14,1,14,15,88,88,0,0,0,1,1
37,370715,1,1,0,0,0,2,2,119,870,21,7,2016,5,15,23,1,2,1,1,1,"I-277","",99999,35.24744167,-80.85420278,0,42,0,0,1,1,0,3,1,2,0,2,0,"0000000",15,23,15,35,15,52,0,0,0,1,1
37,370716,1,1,0,0,0,1,1,119,870,25,7,2016,2,10,57,0,2,7,98,6,"HIDDENBROOK DRIVE","",99999,35.19970278,-80.78358056,0,30,0,0,1,1,0,4,1,1,0,1,0,"0000000",10,56,11,3,88,88,0,0,0,1,0
37,370717,1,1,0,1,1,1,1,133,0,16,7,2016,7,2,30,0,1,3,98,3,"SR-1518","",0,34.53484722,-77.49598056,0,8,0,0,1,1,0,1,2,1,0,1,0,"0000000",2,48,2,54,88,88,0,0,0,1,0
37,370718,1,1,0,1,1,1,1,133,0,16,7,2016,7,23,50,0,1,3,98,3,"SR-1501","",0,34.67443611,-77.20984167,0,8,0,0,1,1,0,2,2,10,0,10,0,"0000000",3,16,3,17,4,43,18,0,0,1,1
37,370719,2,2,0,0,0,2,2,133,0,20,7,2016,4,12,34,1,1,3,1,2,"US-258","SR-1228",0,34.82965556,-77.52695833,0,32,0,0,1,1,0,4,1,1,0,1,0,"0000000",12,30,12,34,13,6,0,0,0,1,0
37,370720,1,1,0,1,1,1,1,133,0,25,7,2016,2,18,52,0,1,3,98,3,"SR-1113","SR-2458",0,34.71768056,-77.49188611,0,9,0,0,2,3,0,1,1,1,0,1,0,"0000000",18,56,18,56,19,16,0,0,0,1,0
37,370721,2,2,0,0,0,3,3,141,0,14,7,2016,5,22,34,1,1,3,1,2,"US-17","SR-1562",0,34.42873889,-77.63747222,0,12,6,0,2,3,0,1,2,1,0,1,0,"0000000",22,34,22,39,23,10,0,0,0,1,1
37,370722,1,1,0,1,1,4,4,147,1950,21,7,2016,5,22,24,0,2,7,98,6,"W BELVOIR RD","",0,35.64186944,-77.37553889,0,8,0,0,1,1,0,1,2,1,0,1,0,"0000000",22,25,22,33,22,46,0,0,0,1,0
37,370723,1,1,0,0,0,1,1,151,0,22,7,2016,6,12,27,0,1,3,98,3,"SR-1416","",0,35.73819167,-79.89193056,0,1,0,0,1,1,0,4,1,1,0,1,0,"0000000",12,20,12,31,12,49,0,0,0,1,0
37,370724,1,1,0,0,0,1,1,151,0,22,7,2016,6,17,15,0,1,3,98,3,"SR-1314","",0,35.6997,-79.92909167,0,42,0,0,1,1,0,4,1,2,0,2,0,"0000000",17,10,17,30,99,99,0,0,0,1,0
37,370725,1,1,0,0,0,1,1,153,0,8,7,2016,6,13,51,0,1,3,98,3,"SR-1900","",0,34.88563056,-79.71908889,0,1,0,0,1,1,0,4,1,1,0,1,0,"0000000",13,49,13,59,14,23,0,0,0,1,0