"STATE","ST_CASE","VE_TOTAL","VE_FORMS","PVH_INVL","PEDS","PERNOTMVIT","PERMVIT","PERSONS","COUNTY","CITY","DAY","MONTH","YEAR","DAY_WEEK","HOUR","MINUTE","NHS","RUR_URB","FUNC_SYS","RD_OWNER","ROUTE","TWAY_ID","TWAY_ID2","MILEPT","LATITUDE","LONGITUD","SP_JUR","HARM_EV","MAN_COLL","RELJCT1","RELJCT2","TYP_INT","WRK_ZONE","REL_ROAD","LGT_COND","WEATHER1","WEATHER2","WEATHER","SCH_BUS","RAIL","NOT_HOUR","NOT_MIN","ARR_HOUR","ARR_MIN","HOSP_HR","HOSP_MN","CF1","CF2","CF3","FATALS","DRUNK_DR"
37,370836,1,1,0,0,0,2,2,61,0,11,8,2016,5,21,58,0,1,3,98,3,"SR-1102","",0,34.82364722,-77.93599444,0,11,0,0,1,1,0,1,2,1,0,1,0,"0000000",21,47,21,55,22,38,0,0,0,1,1
37,370837,1,1,0,1,1,1,1,63,1360,29,8,2016,2,4,37,1,2,3,1,2,"US-70","",0,35.93958889,-78.81974167,0,8,0,0,1,1,0,1,2,1,0,1,0,"0000000",4,37,4,47,88,88,0,0,0,1,0
37,370838,7,7,0,0,0,8,8,63,0,22,8,2016,2,9,50,1,1,1,1,1,"I-40","",0,35.90733333,-78.94375833,0,12,1,0,1,1,0,1,1,1,0,1,0,"0000000",9,53,10,15,10,50,0,0,0,1,0
37,370839,1,1,0,0,0,3,3,77,0,23,8,2016,3,1,47,1,1,1,1,1,"I-85","",0,36.10440556,-78.75411944,0,1,0,0,1,1,0,4,2,1,0,1,0,"0000000",99,99,99,99,99,99,0,0,0,1,0
37,370840,1,1,0,0,0,1,1,85,0,18,8,2016,5,18,36,0,1,3,98,3,"SR-1412","",0,35.526325,-78.859525,0,42,0,0,1,1,0,4,1,1,0,1,0,"0000000",18,34,18,47,19,7,0,0,0,1,1
37,370841,3,3,0,0,0,6,6,87,2835,12,8,2016,6,13,22,1,2,3,1,2,"US-19B","",0,35.51412778,-83.06594167,0,12,1,0,1,1,0,1,1,1,0,1,0,"0000000",13,33,13,39,14,33,0,0,0,1,0
37,370842,1,1,0,0,0,2,2,89,0,10,8,2016,4,13,1,0,1,3,98,3,"SR-191","",0,35.33405278,-82.48358889,0,42,0,0,1,1,0,4,1,1,0,1,0,"0000000",13,0,13,5,13,40,0,0,0,1,0
37,370843,1,1,0,0,0,1,1,91,0,28,8,2016,1,9,13,0,1,3,98,3,"SR-1142","",0,36.35921667,-77.09175278,0,42,0,0,1,1,0,4,1,1,0,1,0,"0000000",9,9,9,15,88,88,0,0,0,1,1
37,370844,2,2,0,0,0,7,7,93,0,23,8,2016,3,21,34,0,1,3,98,3,"SR-211","SR-1225",0,35.070325,-79.35477222,0,12,6,0,2,2,0,1,2,1,0,1,0,"0000000",21,31,21,49,22,36,0,0,0,1,0
37,370845,2,2,0,0,0,2,2,93,0,31,8,2016,4,19,49,0,1,3,98,3,"SR-211","SR-1001",0,34.92731944,-79.21554444,0,12,6,0,2,2,0,1,1,1,0,1,0,"0000000",19,44,19,50,20,36,0,0,0,1,0
37,370846,1,1,0,1,1,1,1,155,0,10,8,2016,4,8,52,1,1,3,1,2,"US-64","",0,99.9999,999.9999,0,8,0,0,1,1,0,1,2,5,0,5,0,"0000000",9,0,9,1,88,88,0,0,0,1,0
37,370847,2,1,1,0,0,3,3,119,870,18,8,2016,5,0,24,0,2,7,98,6,"WILKINSON BLVD","",0,35.22492778,-80.90490833,0,30,0,0,1,1,0,4,3,1,0,1,0,"0000000",0,23,0,28,0,50,0,0,0,1,1
37,370848,2,2,0,0,0,5,5,119,870,20,8,2016,7,2,12,0,2,7,98,6,"S TRYON ST","",0,35.19106667,-80.88105556,0,12,2,0,1,1,0,1,3,1,0,1,0,"0000000",2,12,2,19,3,3,0,0,0,1,1
37,370849,2,2,0,0,0,3,3,119,870,23,8,2016,3,17,5,0,2,7,98,6,"QUAIL HOLLOW RD","GLENEAGLES RD",0,35.11995,-80.83113889,0,12,6,0,2,3,0,1,1,1,0,1,0,"0000000",17,6,17,14,17,38,0,0,0,1,0
37,370850,1,1,0,1,1,1,1,119,870,20,8,2016,7,23,40,0,2,7,98,6,"PROVIDENCE RD","",0,35.13338056,-80.78184167,0,8,0,0,1,1,0,1,3,1,0,1,0,"0000000",23,40,23,48,88,88,0,0,0,1,0
37,370851,1,1,0,1,1,2,2,127,0,19,8,2016,6,4,53,1,1,1,1,1,"I-95","",0,35.97650556,-77.87881667,0,8,0,0,1,1,1,1,2,10,0,10,0,"0000000",4,50,5,3,88,88,0,0,0,1,0
37,370852,1,1,0,2,2,1,1,127,3930,29,8,2016,2,22,44,0,2,7,98,6,"HALIFAX RD","",0,35.97580833,-77.87005833,0,8,0,0,1,1,0,2,3,1,0,1,0,"0000000",22,45,22,51,99,99,0,0,0,1,1
37,370853,3,3,0,1,1,6,6,129,5060,21,8,2016,1,1,52,0,2,7,98,6,"23RD ST","",0,34.23129722,-77.91806944,0,9,0,0,1,1,0,1,3,10,0,10,0,"0000000",1,53,1,57,88,88,0,0,0,1,0
37,370854,1,1,0,1,1,1,1,161,0,30,8,2016,3,22,37,0,1,3,98,3,"SR-1572","",0,35.36643056,-81.80492222,0,8,0,0,1,1,0,1,2,1,0,1,0,"0000000",22,32,22,44,88,88,0,0,0,1,0
37,370855,2,2,0,0,0,2,2,183,0,31,8,2016,4,21,9,1,1,3,1,2,"US-401","",0,35.70814444,-78.65987778,0,12,6,0,1,1,0,1,2,1,0,1,0,"0000000",21,1,21,15,88,88,0,0,0,1,1
37,370856,3,3,0,0,0,5,5,45,530,15,2,2016,2,19,47,0,2,3,98,3,"SR-150","",0,35.23431667,-81.66501389,0,12,1,0,1,1,0,1,2,3,0,3,0,"0000000",19,44,19,57,20,30,0,0,0,1,0
37,370857,2,2,0,0,0,3,3,55,3235,15,8,2016,2,2,56,1,2,3,1,2,"US-158","EIGHTH ST",0,35.99298333,-75.64874444,0,12,1,0,2,2,0,1,2,1,0,1,0,"0000000",2,57,3,3,88,88,0,0,0,1,0
37,370858,1,1,0,0,0,3,3,57,0,27,8,2016,7,17,12,0,1,3,98,3,"SR-1737","",0,36.01219722,-80.06081389,0,59,0,0,1,1,0,4,1,10,0,10,0,"0000000",17,14,17,23,18,15,0,0,0,1,0
37,370860,1,1,0,1,1,2,2,119,870,30,8,2016,3,9,48,1,2,1,1,1,"I-77","NATIONS FORD RD",0,35.14796389,-80.89677778,0,8,0,1,2,2,0,1,1,1,0,1,0,"0000000",9,47,9,55,88,88,0,0,0,1,0
37,370861,2,2,0,0,0,2,2,135,0,22,8,2016,2,17,41,1,1,3,1,2,"US-70","",99999,36.08690556,-79.11019444,0,12,2,0,1,1,0,1,1,1,0,1,0,"0000000",99,99,99,99,99,99,0,0,0,1,0
37,370862,1,1,0,0,0,2,2,9,0,5,9,2016,2,17,16,0,1,3,98,3,"SR-88","",0,36.42066111,-81.45973889,0,24,0,0,1,1,0,4,1,1,0,1,0,"0000000",17,12,17,24,17,47,0,0,0,1,0
37,370863,1,1,0,0,0,1,1,15,0,14,9,2016,4,8,44,1,1,3,1,2,"US-13","",0,36.01297778,-76.95459444,0,58,0,0,1,1,0,4,1,1,0,1,0,"0000000",8,41,8,52,88,88,0,0,0,1,0
37,370864,1,1,0,0,0,2,2,17,0,17,9,2016,7,0,28,0,1,3,98,3,"SR-87","",0,34.73294167,-78.79056944,0,59,0,0,1,1,0,4,2,1,0,1,0,"0000000",0,24,0,53,1,7,0,0,0,1,0
37,370865,1,1,0,0,0,1,1,21,170,6,9,2016,3,1,0,1,2,1,1,1,"I-240","",0,35.58963333,-82.57743611,0,18,0,0,1,1,0,4,3,1,0,1,0,"0000000",0,21,0,30,0,55,0,0,0,1,0
37,370866,2,2,0,0,0,4,4,25,0,21,9,2016,4,8,11,0,1,3,98,3,"SR-1448","",0,35.38221111,-80.73085,0,12,8,0,1,1,0,1,1,10,0,10,1,"0000000",99,99,99,99,99,99,0,0,0,1,1
37,370867,2,2,0,0,0,2,2,27,0,8,9,2016,5,5,44,0,1,3,98,3,"SR-1156","",0,35.84928056,-81.5038,0,12,6,0,8,1,0,1,2,1,0,1,0,"0000000",5,44,5,51,88,88,0,0,0,1,1
37,370868,1,1,0,0,0,1,1,27,2590,3,9,2016,7,23,52,0,2,7,98,6,"KINCAID ST","",0,35.87179444,-81.51576389,0,1,0,0,1,1,0,1,3,1,0,1,0,"0000000",23,54,23,59,0,36,0,0,0,1,1
37,370869,1,1,0,0,0,1,1,45,0,5,9,2016,2,0,49,0,1,3,98,3,"SR-1004","",0,35.5339,-81.59332778,0,35,0,0,1,1,0,4,2,1,0,1,0,"0000000",0,47,1,13,1,44,0,0,0,1,0
37,370870,1,1,0,0,0,1,1,45,0,17,9,2016,7,18,24,0,1,3,98,3,"SR-1002","",0,35.25041111,-81.66719444,0,1,0,0,1,1,0,4,1,1,0,1,0,"0000000",18,22,18,37,88,88,0,0,0,1,1
37,370871,1,1,0,0,0,1,1,47,5020,1,9,2016,5,4,27,0,2,7,98,6,"TRAM RD","",0,34.3311,-78.69279444,0,32,0,0,1,1,0,4,3,1,0,1,0,"0000000",99,99,99,99,99,99,0,0,0,1,0
37,370872,1,1,0,0,0,3,3,47,0,2,9,2016,6,8,44,0,1,3,98,3,"SR-1314","",0,34.20856667,-78.84177222,0,32,0,0,1,1,0,4,1,2,0,2,0,"0000000",99,99,99,99,99,99,0,0,0,1,0
37,370873,1,1,0,0,0,1,1,47,5020,16,9,2016,6,4,0,0,2,7,98,6,"WASHINGTON ST","",0,34.33889167,-78.71038611,0,30,0,0,1,1,0,4,3,1,0,1,0,"0000000",99,99,99,99,88,88,0,0,0,1,1
37,370874,2,2,0,0,0,3,3,49,0,14,9,2016,4,14,22,0,1,3,98,3,"SR-1400","",0,35.19118056,-77.132025,0,12,2,0,1,1,0,1,1,1,0,1,0,"0000000",14,22,14,30,15,45,0,0,0,1,0
37,370875,1,1,0,0,0,1,1,51,1670,3,9,2016,7,21,33,0,2,7,98,6,"S REILLY RD","",0,35.05987778,-79.016275,0,25,0,0,1,1,0,4,3,1,0,1,0,"0000000",21,36,21,45,21,57,0,0,0,1,1
37,370876,1,1,0,0,0,1,1,55,0,3,9,2016,7,9,35,1,1,3,1,2,"US-64","",0,35.89109444,-75.65346944,0,1,0,0,1,1,0,1,1,6,10,6,0,"0000000",99,99,99,97,99,97,0,0,0,1,0
37,370877,2,2,0,0,0,2,2,57,0,12,9,2016,2,14,1,0,1,3,98,3,"SR-1821","",0,35.90331667,-80.21915278,0,12,6,0,4,1,0,1,1,1,0,1,0,"0000000",13,59,14,11,88,88,0,0,0,1,0
37,370878,2,2,0,0,0,3,3,57,2620,17,9,2016,7,0,17,1,2,1,1,1,"I-85","",0,35.83438056,-80.25953611,0,12,7,0,1,1,0,1,2,1,0,1,0,"0000000",0,16,0,32,88,88,0,0,0,1,1
37,370879,2,2,0,0,0,3,3,57,0,21,9,2016,4,7,31,0,1,3,98,3,"SR-47","",0,35.60356667,-80.044525,0,12,2,0,1,1,0,1,1,10,0,10,0,"0000000",7,30,7,39,99,99,0,0,0,2,1
37,370880,1,1,0,1,1,1,1,63,1360,31,8,2016,4,20,30,0,2,7,98,6,"HILLSBOROUGH RD","",0,36.03227222,-78.987425,0,8,0,0,1,1,0,1,2,1,0,1,0,"0000000",99,99,99,99,88,88,0,0,0,1,0
37,370881,2,2,0,0,0,2,2,63,1360,16,9,2016,6,19,52,1,2,3,1,2,"US-501","",0,36.07188889,-78.90869167,0,12,1,0,1,1,0,1,3,1,0,1,0,"0000000",19,52,19,57,20,6,0,0,0,1,0
37,370882,2,2,0,0,0,2,2,67,5120,8,9,2016,5,17,2,0,2,3,98,6,"NEW WALKERTOWN RD","",0,36.103775,-80.21961667,0,12,6,0,4,1,0,1,1,1,0,1,0,"0000000",17,2,17,10,88,88,0,0,0,1,0
37,370883,1,1,0,0,0,1,1,67,0,22,9,2016,5,15,27,1,1,3,1,2,"US-158","",0,36.17236944,-80.12953056,0,42,0,0,1,1,0,4,1,2,0,2,0,"0000000",15,21,15,32,88,88,0,0,0,1,0
37,370884,2,2,0,0,0,6,6,69,2730,11,9,2016,1,20,52,0,2,3,98,5,"HWY 39","",0,36.08578611,-78.30299444,0,12,6,0,1,1,0,1,3,1,0,1,0,"0000000",20,53,20,57,21,45,0,0,0,1,1
37,370885,1,1,0,1,1,1,1,69,0,3,9,2016,7,6,29,0,1,3,98,3,"SR-56","",0,36.09873056,-78.29488889,0,8,0,0,1,1,0,1,2,2,0,2,0,"0000000",6,23,6,33,88,88,0,0,0,1,0
37,370886,1,1,0,0,0,2,2,75,0,4,9,2016,1,14,10,0,1,3,98,3,"SR-28","",0,35.37289722,-83.69934167,0,1,0,0,1,1,0,1,1,1,0,1,0,"0000000",14,16,14,50,15,8,0,0,0,1,0
37,370887,2,2,0,0,0,2,2,77,0,12,9,2016,2,18,17,0,1,3,1,2,"US-158","",0,36.32307222,-78.59705278,0,12,6,0,5,1,0,1,1,1,0,1,0,"0000000",99,99,99,99,99,99,0,0,0,1,0
37,370888,1,1,0,0,0,1,1,81,4504,1,9,2016,5,16,27,0,2,3,98,3,"SR-150","",0,36.20122778,-79.89818611,0,42,0,0,1,1,0,4,1,2,0,2,0,"0000000",16,25,16,33,88,88,0,0,0,1,0
37,370889,1,1,0,0,0,1,1,81,0,6,9,2016,3,8,36,0,1,3,98,3,"SR-1005","",0,36.03728611,-79.76566944,0,53,0,0,1,1,0,4,1,1,0,1,0,"0000000",8,34,8,46,88,88,0,0,0,1,0
37,370890,1,1,0,0,0,1,1,81,0,7,9,2016,4,17,36,0,1,3,98,3,"SR-4121","",0,36.06888611,-79.79495833,0,1,0,0,1,1,0,4,1,1,0,1,0,"0000000",17,35,17,43,99,99,0,0,0,1,0
37,370891,1,1,0,0,0,1,1,81,2170,9,9,2016,6,0,27,1,2,1,1,1,"I-85","",0,35.94923333,-79.96640278,0,35,0,0,1,1,0,4,2,1,0,1,0,"0000000",0,30,0,38,88,88,0,0,0,1,1
37,370892,1,1,0,0,0,1,1,81,3413,17,9,2016,7,21,10,0,2,3,98,3,"SR-2495","",0,36.17402222,-79.98805278,0,42,0,0,1,1,0,4,2,1,0,1,0,"0000000",21,10,21,22,21,53,0,0,0,1,1
37,370893,1,1,0,0,0,2,2,83,0,15,9,2016,5,1,24,0,1,3,98,3,"SR-1434","",0,36.40069722,-77.74616111,0,35,0,0,1,1,0,4,2,1,0,1,0,"0000000",1,21,1,28,1,58,0,0,0,1,1
37,370894,1,1,0,0,0,1,1,87,0,15,9,2016,5,5,0,0,1,3,98,3,"SR-1336","",0,35.74377778,-82.95311111,0,38,0,0,1,1,0,4,2,1,0,1,0,"0000000",7,28,7,45,88,88,0,0,0,1,0
37,370895,2,2,0,0,0,2,2,97,0,3,9,2016,7,13,1,1,1,3,1,2,"US-64","SR-2155",0,35.855475,-81.04493056,0,12,2,0,2,3,0,1,1,1,0,1,0,"0000000",12,54,13,4,88,88,0,0,0,1,0
37,370896,2,2,0,0,0,2,2,105,0,19,9,2016,2,6,0,0,1,3,98,3,"SR-42","SR-1007",0,35.50976944,-79.30318333,0,12,6,0,2,2,0,1,4,1,0,1,0,"0000000",5,56,6,8,7,50,0,0,0,1,0
37,370897,2,2,0,0,0,4,4,107,0,12,9,2016,2,7,18,0,1,3,98,3,"SR-55","SR-1161",0,35.205875,-77.70069444,0,12,6,0,2,3,0,1,1,1,0,1,0,"0000000",7,19,7,27,8,12,0,0,0,1,0
37,370898,2,2,0,0,0,2,2,113,0,5,9,2016,2,20,6,1,1,3,1,2,"US-23","",0,35.23373889,-83.345425,0,12,6,0,1,1,0,1,2,1,0,1,0,"0000000",19,57,20,7,99,99,0,0,0,1,1
37,370899,2,2,0,0,0,2,2,117,0,17,9,2016,7,11,30,0,1,3,98,3,"SR-1329","",0,36.01173333,-77.38751111,0,12,2,0,1,1,0,1,1,1,0,1,0,"0000000",99,99,99,99,88,88,0,0,0,1,0
37,370900,1,1,0,0,0,1,1,119,870,23,9,2016,6,18,30,0,2,7,98,6,"LITTLE ROCK RD","",0,35.2584,-80.93986944,0,25,0,0,1,1,0,3,1,1,0,1,0,"0000000",18,30,18,38,88,88,0,0,0,1,0
37,370901,1,1,0,0,0,1,1,127,0,5,9,2016,2,7,39,0,1,3,98,3,"SR-1321","",0,36.08062778,-78.06058889,0,42,0,0,1,1,0,4,1,1,0,1,0,"0000000",7,33,7,42,88,88,0,0,0,1,0
37,370902,2,2,0,0,0,2,2,135,0,13,9,2016,3,20,40,0,1,3,98,3,"SR-1710","",0,36.0725,-79.18185,0,12,2,0,1,1,0,1,2,1,0,1,0,"0000000",20,35,20,44,21,11,0,0,0,1,0
37,370903,2,2,0,0,0,2,2,147,5130,13,9,2016,3,6,44,0,2,7,98,6,"WORTHINGTON RD","",0,35.52742222,-77.367075,0,12,1,0,1,1,0,1,4,5,0,5,0,"0000000",99,99,99,99,88,88,0,0,0,1,0
37,370904,1,1,0,0,0,1,1,161,0,2,9,2016,6,12,3,0,1,3,98,3,"SR-2221","",0,99.9999,999.9999,0,58,0,0,1,1,0,4,1,2,0,2,0,"0000000",12,0,12,8,88,88,0,0,0,1,0
37,370905,1,1,0,0,0,1,1,153,0,4,9,2016,1,12,28,0,1,3,98,3,"SR-177","",0,34.90043333,-79.6904,0,35,0,0,1,1,0,4,1,1,0,1,0,"0000000",12,24,12,33,88,88,0,0,0,1,0
37,370906,1,1,0,0,0,1,1,155,0,3,9,2016,7,14,23,0,1,3,98,3,"SR-711","",0,34.62466111,-79.05530278,0,58,0,0,1,1,0,4,1,1,0,1,0,"0000000",99,99,99,99,99,99,0,0,0,1,0
37,370907,2,2,0,0,0,6,6,157,0,16,9,2016,6,23,46,0,1,3,98,3,"SR-68","SR-1103",0,36.25773611,-79.95921111,0,12,2,0,2,2,0,1,2,1,0,1,0,"0000000",23,44,23,56,1,0,0,0,0,1,0
37,370908,1,1,0,0,0,1,1,165,0,16,9,2016,6,1,31,0,1,3,98,3,"SR-1614","",0,99.9999,999.9999,0,11,0,0,1,1,0,1,2,1,0,1,0,"0000000",1,28,1,36,99,99,0,0,0,1,0
37,370909,1,1,0,0,0,2,2,175,0,4,9,2016,1,12,41,1,1,3,1,2,"US-178","",0,35.14405833,-82.8217,0,1,0,0,1,1,0,1,1,1,0,1,0,"0000000",12,39,12,54,99,99,0,0,0,1,0
37,370910,1,1,0,0,0,1,1,183,3750,1,9,2016,5,2,40,1,2,1,1,1,"I-40","",0,35.79085278,-78.74636389,0,42,0,0,1,1,0,4,2,10,0,10,0,"0000000",2,41,2,48,88,88,0,0,0,1,0
37,370911,6,6,0,0,0,10,10,183,1770,1,9,2016,5,15,43,0,2,7,98,6,"VANDORA SPRINGS RD","TIMBER DR",0,35.69293889,-78.63591667,0,12,6,0,2,2,0,1,1,1,0,1,0,"0000000",15,44,15,58,16,32,14,0,0,1,1
37,370912,1,1,0,1,1,1,1,183,3750,14,9,2016,4,20,18,0,2,7,98,6,"GARNER RD","",0,35.75007222,-78.63133056,0,8,0,0,1,1,0,1,3,10,0,10,0,"0000000",20,18,20,26,20,38,0,0,0,1,0
37,370913,2,2,0,0,0,3,3,183,3750,17,9,2016,7,22,18,0,2,7,98,6,"LEAD MINE RD","BRIDGEPORT DR",0,35.89422778,-78.66395278,0,12,6,0,2,2,0,1,2,10,0,10,0,"0000000",22,21,22,28,22,50,0,0,0,1,0
37,370914,1,1,0,0,0,2,2,189,0,18,9,2016,1,11,31,0,1,3,98,2,"US-421","",0,36.22181111,-81.6999,0,24,0,0,1,1,0,4,1,1,0,1,0,"0000000",99,99,99,99,99,99,0,0,0,1,0
37,370915,2,2,0,0,0,2,2,191,0,9,9,2016,6,16,57,0,1,3,98,3,"SR-1300","",0,35.42008889,-77.99702778,0,12,2,0,1,1,0,1,1,1,0,1,0,"0000000",16,55,16,56,88,88,0,0,0,2,0
37,370916,1,1,0,0,0,1,1,197,0,14,9,2016,4,14,36,0,1,3,98,3,"SR-1117","SR-1103",0,36.08772222,-80.856225,0,1,0,0,3,3,0,4,1,1,0,1,0,"0000000",14,27,14,37,88,88,0,0,0,1,0
37,370917,1,1,0,1,1,1,1,67,5120,7,8,2016,1,7,13,0,2,7,98,6,"PETERS CREEK PW","",0,36.09969167,-80.24160278,0,8,0,0,1,1,0,4,1,1,0,1,0,"0000000",7,14,7,27,7,36,0,0,0,1,1
37,370918,2,2,0,0,0,5,5,1,700,3,9,2016,7,21,18,1,2,3,1,2,"US-70","UNIVERSITY DR",0,36.08044167,-79.52678611,0,12,6,0,2,2,0,1,3,10,0,10,0,"0000000",99,99,99,99,99,99,0,0,0,1,0
37,370919,2,2,0,0,0,2,2,1,0,30,9,2016,6,19,35,0,1,3,98,3,"SR-87","SR-1643",0,36.11552222,-79.48034167,0,12,2,0,3,3,0,1,3,1,0,1,0,"0000000",99,99,99,99,99,99,0,0,0,1,0
37,370920,2,2,0,0,0,2,2,21,0,21,9,2016,4,9,52,1,1,1,1,1,"I-40","",0,35.55846944,-82.63388611,0,24,0,0,1,1,0,3,1,1,0,1,0,"0000000",9,51,10,7,10,33,0,0,0,1,0
37,370921,1,1,0,1,1,1,1,23,0,28,9,2016,4,6,46,0,1,3,98,3,"SR-1611","",0,35.75948889,-81.45654722,0,8,0,0,1,1,0,1,2,5,0,5,0,"0000000",6,43,6,48,7,20,0,0,0,1,0
37,370922,2,2,0,0,0,2,2,25,1040,2,9,2016,6,15,7,0,2,7,98,6,"COPPERFIELD BLVD NE","",0,35.45671944,-80.58948333,0,12,6,0,4,1,0,1,1,2,0,2,0,"0000000",15,8,15,14,15,30,0,0,0,1,1
37,370923,1,1,0,0,0,1,1,31,0,30,9,2016,6,0,20,0,1,3,98,3,"SR-24","",0,34.73421944,-76.86503333,0,42,0,0,1,1,0,4,2,1,0,1,0,"0000000",7,0,7,7,88,88,0,0,0,1,0
37,370924,1,1,0,1,1,1,1,39,0,28,9,2016,4,8,9,0,1,3,98,3,"SR-1331","",0,35.17230278,-84.04955,0,8,0,0,1,1,0,1,1,1,0,1,0,"0000000",8,7,8,14,8,45,0,0,0,1,0
37,370925,1,1,0,0,0,1,1,47,0,18,9,2016,1,15,34,0,1,3,98,3,"SR-1726","",0,34.41111389,-78.53130556,0,32,0,0,1,1,0,4,1,2,0,2,0,"0000000",99,99,99,99,99,99,0,0,0,1,1
37,370926,1,1,0,0,0,1,1,49,0,17,9,2016,7,1,50,0,1,3,98,3,"SR-1433","",0,35.18516944,-77.05846667,0,53,0,0,1,1,0,4,2,1,0,1,0,"0000000",99,99,99,99,88,88,0,0,0,1,1
37,370927,1,1,0,1,1,1,1,51,1670,13,9,2016,3,22,55,0,2,7,98,6,"REILLY","",0,35.12094167,-78.99384722,0,8,0,0,1,1,0,1,2,1,0,1,0,"0000000",22,54,22,59,23,15,0,0,0,1,0
37,370928,1,1,0,0,0,1,1,51,0,17,9,2016,7,21,56,1,1,1,1,1,"I-95","",0,35.12608889,-78.75153611,0,24,0,0,1,1,0,3,2,1,0,1,0,"0000000",99,99,99,99,99,99,0,0,0,1,0
37,370929,1,1,0,0,0,1,1,51,0,20,9,2016,3,14,59,0,1,3,98,3,"SR-1006","",0,35.03825833,-78.74781389,0,59,0,0,1,1,0,4,1,10,0,10,0,"0000000",99,99,99,99,88,88,0,0,0,1,0
37,370930,2,2,0,0,0,4,4,63,1360,23,9,2016,6,17,51,0,2,7,98,6,"FREEMAN RD","OBSIDIAN WAY",0,35.99691667,-78.82573333,0,12,6,0,2,3,0,1,1,1,0,1,0,"0000000",17,53,18,3,18,28,0,0,0,1,0
37,370931,3,3,0,1,1,4,4,67,5120,21,9,2016,4,22,1,1,2,3,1,2,"US-52","",0,36.13996667,-80.23953056,0,8,0,0,1,1,0,1,2,1,0,1,0,"0000000",22,3,22,12,88,88,0,0,0,1,0
37,370932,1,1,0,1,1,1,1,71,1800,26,9,2016,2,20,57,0,2,7,98,6,"W FRANKLIN BLVD","",0,35.25716389,-81.245475,0,8,0,0,1,1,0,1,3,2,0,2,0,"0000000",21,8,21,14,88,88,0,0,0,1,0
37,370933,2,2,0,0,0,2,2,71,890,27,9,2016,3,17,34,0,2,7,98,6,"E CHURCH ST","",0,35.38598889,-81.36430556,0,12,6,0,4,1,0,1,1,1,0,1,0,"0000000",17,34,17,36,18,4,0,0,0,1,0
37,370934,1,1,0,0,0,1,1,75,0,22,9,2016,5,11,58,0,1,3,98,3,"SR-143","",0,35.32583056,-83.80353889,0,1,0,0,1,1,0,4,1,1,0,1,0,"0000000",11,53,12,21,12,50,0,0,0,1,0
37,370935,1,1,0,0,0,1,1,77,0,18,9,2016,1,1,10,1,1,3,1,2,"US-158","",0,36.32310833,-78.597225,0,42,0,0,1,1,0,4,2,10,0,10,0,"0000000",99,99,99,99,99,99,0,0,0,1,1
37,370936,2,2,0,0,0,3,3,81,0,11,9,2016,1,12,31,0,1,3,98,3,"SR-68","",0,36.07201667,-79.959275,0,12,1,0,1,1,0,1,1,1,0,1,0,"0000000",12,7,12,15,99,99,0,0,0,1,0
37,370937,3,3,0,0,0,4,4,81,0,14,9,2016,4,15,14,0,1,3,98,3,"SR-68","",0,36.22773889,-79.98835,0,12,8,0,1,1,0,1,1,1,0,1,0,"0000000",15,11,15,26,88,88,0,0,0,1,0
37,370938,2,2,0,1,1,3,3,83,0,26,9,2016,2,19,56,0,1,3,98,3,"SR-1621","",0,36.38790278,-77.60161111,0,8,0,0,1,1,0,1,2,1,0,1,0,"0000000",19,49,19,55,88,88,0,0,0,1,0
37,370939,2,2,0,0,0,2,2,85,0,21,9,2016,4,16,57,1,1,3,1,2,"US-301","SR-1709",0,35.35951944,-78.56729167,0,12,6,0,2,2,0,1,1,10,0,10,0,"0000000",16,53,17,1,88,88,0,0,0,1,0
37,370940,1,1,0,0,0,5,5,91,0,25,9,2016,1,11,40,0,1,3,98,3,"SR-1101","",0,36.25555,-76.98828611,0,32,0,0,1,1,0,4,1,10,0,10,0,"0000000",99,99,99,99,99,99,0,0,0,1,0
37,370941,1,1,0,0,0,1,1,97,0,14,9,2016,4,18,43,0,1,3,98,3,"SR-1347","SR-1423",0,35.770375,-80.92906111,0,42,0,0,3,3,0,4,1,1,0,1,0,"0000000",18,32,18,39,88,88,0,0,0,1,0
37,370942,2,2,0,0,0,2,2,97,3110,26,9,2016,2,6,51,0,1,3,98,3,"SR-801","",0,35.60363056,-80.79451667,0,12,2,0,1,1,0,1,4,2,10,2,0,"0000000",6,49,6,58,7,53,0,0,0,1,0
37,370943,1,1,0,0,0,1,1,99,0,10,9,2016,7,18,20,0,1,3,98,3,"SR-1742","",0,35.29732222,-83.12082778,0,1,0,0,1,1,0,4,1,1,0,1,0,"0000000",99,99,99,99,99,99,0,0,0,1,1
37,370944,2,2,0,0,0,2,2,103,0,29,9,2016,5,7,15,1,1,3,1,2,"US-70","",0,99.9999,999.9999,0,12,1,0,1,1,0,1,4,1,0,1,0,"0000000",7,11,7,19,88,88,0,0,0,1,0
37,370945,1,1,0,0,0,1,1,109,0,19,9,2016,2,13,30,0,1,3,98,3,"SR-1002","",0,35.46396111,-81.37328889,0,34,0,0,1,1,0,4,1,1,0,1,0,"0000000",13,31,13,33,99,99,0,0,0,1,0
37,370946,1,1,0,0,0,1,1,119,870,28,9,2016,4,18,50,0,2,7,98,6,"BOXMEER RD","",0,35.27401111,-80.83486667,0,35,0,0,1,1,0,4,1,2,0,2,0,"0000000",18,48,18,51,88,88,0,0,0,1,0
37,370947,2,2,0,0,0,4,4,141,0,17,9,2016,7,13,18,0,1,3,98,3,"SR-50","",0,34.55109722,-77.92530278,0,12,1,0,1,1,0,1,1,1,0,1,0,"0000000",13,12,13,17,99,99,0,0,0,2,0
37,370948,1,1,0,0,0,34,34,153,0,17,9,2016,7,14,42,1,1,3,1,2,"US-74","",0,34.96375278,-80.05782778,0,24,0,0,1,1,0,3,1,1,0,1,0,"0000000",14,37,14,54,15,20,0,0,0,4,0