"STATE","ST_CASE","VE_TOTAL","VE_FORMS","PVH_INVL","PEDS","PERNOTMVIT","PERMVIT","PERSONS","COUNTY","CITY","DAY","MONTH","YEAR","DAY_WEEK","HOUR","MINUTE","NHS","RUR_URB","FUNC_SYS","RD_OWNER","ROUTE","TWAY_ID","TWAY_ID2","MILEPT","LATITUDE","LONGITUD","SP_JUR","HARM_EV","MAN_COLL","RELJCT1","RELJCT2","TYP_INT","WRK_ZONE","REL_ROAD","LGT_COND","WEATHER1","WEATHER2","WEATHER","SCH_BUS","RAIL","NOT_HOUR","NOT_MIN","ARR_HOUR","ARR_MIN","HOSP_HR","HOSP_MN","CF1","CF2","CF3","FATALS","DRUNK_DR"
37,370949,3,2,1,0,0,4,4,153,0,22,9,2016,5,13,20,0,1,3,98,3,"SR-38","",0,34.87994722,-79.69289722,0,12,2,0,1,1,0,1,1,2,0,2,0,"0000000",13,16,13,28,14,25,0,0,0,1,0
37,370950,2,2,0,0,0,4,4,153,0,24,9,2016,7,7,36,1,1,3,1,2,"US-1","SR-1108",0,34.90188889,-79.80077222,0,12,6,0,2,2,0,1,1,5,0,5,0,"0000000",7,32,7,41,8,36,0,0,0,1,1
37,370951,1,1,0,1,1,1,1,155,0,13,9,2016,3,21,6,0,1,3,98,3,"SR-1708","",0,34.90185556,-79.07363056,0,9,0,0,1,1,0,1,2,1,0,1,0,"0000000",21,1,21,12,88,88,0,0,0,1,0
37,370952,1,1,0,0,0,1,1,155,0,21,9,2016,4,19,8,0,1,3,98,3,"SR-130","",0,34.53713889,-79.292675,0,32,0,0,1,1,0,4,2,10,0,10,0,"0000000",19,9,19,32,88,88,0,0,0,1,1
37,370953,3,3,0,0,0,6,6,157,0,11,9,2016,1,13,30,0,1,3,98,3,"SR-14","",0,36.51681667,-79.74953889,0,12,2,0,1,1,0,1,1,1,0,1,0,"0000000",13,29,13,36,14,43,0,0,0,2,0
37,370954,2,2,0,0,0,2,2,157,0,27,9,2016,3,10,47,1,1,3,1,2,"US-220","SR-68",0,36.38005833,-79.94729722,0,12,6,0,2,3,0,1,1,1,0,1,0,"0000000",10,46,11,2,88,88,0,0,0,1,0
37,370955,2,2,0,0,0,2,2,159,0,20,9,2016,3,7,11,1,1,3,1,2,"US-70","SR-1741",0,35.72076111,-80.65800278,0,12,6,0,2,3,0,1,1,1,0,1,0,"0000000",7,10,7,16,99,99,0,0,0,1,0
37,370956,1,1,0,0,0,2,2,161,0,25,9,2016,1,20,9,0,1,3,98,3,"SR-2105","",0,35.19818611,-81.83860556,0,34,0,0,1,1,0,4,2,1,0,1,0,"0000000",20,4,20,20,21,3,0,0,0,1,0
37,370957,1,1,0,0,0,1,1,163,0,18,9,2016,1,2,23,0,1,3,98,3,"SR-55","",0,35.30078611,-78.60044722,0,34,0,0,1,1,0,4,2,1,0,1,0,"0000000",2,21,2,33,88,88,0,0,0,1,1
37,370958,1,1,0,0,0,2,2,171,3170,3,9,2016,7,5,45,1,2,3,1,2,"US-601","US-52",0,36.48454444,-80.61271944,0,43,0,0,3,2,0,4,2,1,0,1,0,"0000000",5,46,5,54,7,25,0,0,0,1,0
37,370959,1,1,0,0,0,3,3,183,0,23,9,2016,6,18,11,0,1,3,98,3,"SR-2329","",0,35.83015,-78.3745,0,32,0,0,1,1,0,4,1,1,0,1,0,"0000000",18,13,18,22,18,48,0,0,0,1,1
37,370960,2,2,0,0,0,2,2,183,3750,24,9,2016,7,22,6,0,2,7,98,6,"FRATERNITY CT","",0,35.780525,-78.680075,0,12,6,0,4,1,0,1,3,1,0,1,0,"0000000",22,1,22,12,22,30,0,0,0,1,0
37,370961,1,1,0,1,1,1,1,191,1880,24,9,2016,7,23,22,0,2,3,98,3,"SR-1591","",0,35.44119722,-77.96439167,0,8,0,0,1,1,0,1,2,1,0,1,0,"0000000",99,99,99,99,88,88,0,0,0,1,0
37,370962,1,1,0,0,0,1,1,197,570,19,9,2016,2,18,42,0,2,2,98,4,"CR-1366","",0,36.24377778,-80.73781111,0,38,0,0,1,1,0,6,1,1,0,1,0,"0000000",18,41,18,51,19,22,0,0,0,1,0
37,370963,1,1,0,0,0,1,1,47,850,14,9,2016,4,19,29,0,2,2,1,3,"SR-1504","",0,34.35707778,-78.89067778,0,34,0,0,1,1,0,4,2,1,0,1,0,"0000000",19,28,19,39,20,20,0,0,0,1,1
37,370964,2,2,0,0,0,2,2,61,3980,25,9,2016,1,20,0,1,2,1,1,1,"I-40","",0,34.86113889,-77.99833611,0,12,1,0,1,1,0,1,2,10,0,10,0,"0000000",99,99,99,99,21,32,0,0,0,1,0
37,370965,2,2,0,0,0,2,2,67,2430,15,9,2016,5,14,25,0,2,7,4,5,"CR BOST ST","",0,36.13132778,-80.06196667,0,12,98,0,1,1,0,1,1,1,0,1,0,"0000000",14,20,14,34,15,5,0,0,0,1,0
37,370966,1,1,0,1,1,1,1,67,0,18,9,2016,1,10,13,1,1,3,1,2,"US-158","",0,36.01992222,-80.39928333,0,8,0,0,1,1,0,1,1,1,0,1,0,"0000000",10,15,10,17,10,31,0,0,0,1,0
37,370967,1,1,0,0,0,1,1,117,0,30,9,2016,6,10,27,0,1,3,98,3,"SR-903","",0,35.81846111,-77.25194444,0,34,0,0,1,1,0,4,1,10,0,10,0,"0000000",10,24,10,28,11,19,0,0,0,1,0
37,370968,1,1,0,0,0,1,1,119,870,22,9,2016,5,18,12,1,2,1,1,1,"I-85","",0,35.26646111,-80.87389722,0,42,0,0,1,1,0,3,1,1,0,1,0,"0000000",18,10,18,15,88,88,0,0,0,1,0
37,370969,1,1,0,0,0,1,1,129,0,29,9,2016,5,2,42,0,1,3,98,3,"SR-2048","",0,34.27588056,-77.86288889,0,32,0,0,1,1,0,4,2,1,0,1,0,"0000000",2,39,2,46,88,88,0,0,0,1,1
37,370970,3,3,0,0,0,3,3,135,0,13,9,2016,3,16,3,1,1,1,1,1,"I-85","",0,36.05841111,-79.08785833,0,12,1,0,1,1,0,4,1,1,0,1,0,"0000000",16,1,16,7,16,28,0,0,0,1,1
37,370971,2,2,0,0,0,2,2,167,60,19,9,2016,2,5,56,0,2,7,98,6,"NORTHEAST CONNECTOR","",0,35.38505,-80.18295,0,12,8,0,1,1,0,1,2,1,0,1,0,"0000000",5,59,6,7,99,99,0,0,0,1,0
37,370972,2,2,0,0,0,2,2,1,0,3,10,2016,2,8,40,0,1,3,98,3,"SR-2328","",0,35.92516389,-79.38898889,0,12,1,0,1,1,0,1,1,1,0,1,0,"0000000",8,34,8,41,9,23,0,0,0,1,0
37,370973,1,1,0,0,0,2,2,9,0,9,10,2016,1,7,19,0,1,3,98,3,"SR-194","",0,36.37649444,-81.49038611,0,42,0,0,1,1,0,4,2,1,0,1,0,"0000000",99,99,99,99,99,99,0,0,0,2,0
37,370974,1,1,0,0,0,3,3,17,0,8,10,2016,7,12,57,0,1,3,98,3,"SR-1708","",0,34.62811389,-78.60620556,0,44,0,0,1,1,0,1,1,2,0,2,0,"0000000",14,6,14,15,14,47,0,0,0,2,0
37,370975,1,1,0,0,0,1,1,17,0,22,10,2016,7,0,22,0,1,3,98,3,"SR-1325","",0,34.77223333,-78.61352222,0,34,0,0,1,1,0,4,2,1,0,1,0,"0000000",0,13,0,40,1,22,0,0,0,1,1
37,370976,1,1,0,0,0,1,1,19,0,3,10,2016,2,22,37,0,1,3,98,3,"SR-1141","",0,33.927075,-78.31105278,0,1,0,0,1,1,0,4,2,1,0,1,0,"0000000",22,11,22,17,88,88,0,0,0,1,1
37,370977,2,2,0,1,1,1,1,21,170,14,10,2016,6,10,24,1,2,3,1,2,"US-19","",0,35.54631944,-82.65613889,0,12,1,0,1,1,0,1,1,1,0,1,0,"0000000",10,25,10,29,11,5,0,0,0,1,1
37,370978,1,1,0,0,0,1,1,21,170,16,10,2016,1,20,57,0,2,3,98,3,"SR-2236","",0,35.59125556,-82.50855,0,42,0,0,1,1,0,4,2,1,0,1,0,"0000000",8,25,8,37,88,88,18,0,0,1,0
37,370979,1,1,0,0,0,2,2,23,0,7,10,2016,6,5,7,0,1,3,98,3,"SR-1922","",0,35.721025,-81.67361667,0,42,0,0,1,1,0,4,2,2,10,2,0,"0000000",99,99,99,99,99,99,0,0,0,1,0
37,370980,1,1,0,0,0,1,1,25,2390,4,10,2016,3,14,4,0,2,7,98,6,"LANE ST","",0,35.50268056,-80.58411389,0,30,0,0,1,1,0,4,1,1,0,1,0,"0000000",14,5,14,11,88,88,0,0,0,1,0
37,370981,2,2,0,0,0,3,3,25,1040,3,10,2016,2,19,32,0,2,7,98,6,"BRANCHVIEW DR SE","",0,35.40138611,-80.55798889,0,12,2,0,1,1,0,1,2,1,0,1,0,"0000000",19,30,19,36,99,99,0,0,0,1,1
37,370982,1,1,0,0,0,1,1,33,0,2,10,2016,1,11,12,0,1,3,98,3,"SR-62","",0,36.40570833,-79.32062778,0,42,0,0,1,1,0,4,1,1,0,1,0,"0000000",11,8,11,14,88,88,0,0,0,1,1
37,370983,1,1,0,0,0,1,1,33,5210,4,10,2016,3,7,24,1,2,3,1,6,"NC 62","",0,36.61530278,-79.5513,0,24,0,0,1,1,0,4,4,1,0,1,0,"0000000",7,23,7,30,88,88,0,0,0,1,1
37,370984,2,2,0,0,0,2,2,35,1060,20,10,2016,5,18,14,0,2,3,1,6,"N NC 16 HWY","2ND AVE NW",0,36.20875556,-81.35778611,0,12,6,1,2,3,0,1,1,1,0,1,0,"0000000",18,14,18,28,88,88,0,0,0,1,1
37,370985,2,2,0,0,0,2,2,45,4180,5,10,2016,4,18,13,0,2,3,1,6,"NC 150","",0,35.328075,-81.46968333,0,12,2,0,1,1,0,1,1,1,0,1,0,"0000000",99,99,99,99,88,88,0,0,0,2,0
37,370986,1,1,0,0,0,1,1,47,550,20,10,2016,5,10,57,0,2,3,4,6,"SR 1740","",0,34.37221944,-78.40331389,0,53,0,0,1,1,0,4,1,1,0,1,0,"0000000",10,57,11,1,88,88,0,0,0,1,0
37,370987,2,2,0,0,0,3,3,49,2078,9,10,2016,1,16,16,1,2,1,1,2,"US-70","GREENFIELD HEIGHTS",0,34.90994167,-76.93698333,0,12,6,1,2,2,0,1,1,1,0,1,0,"0000000",16,16,16,24,88,88,0,0,0,1,0
37,370988,1,1,0,0,0,1,1,63,1360,5,10,2016,4,5,35,0,2,3,2,6,"SR 1815","",0,35.952675,-78.83524444,0,1,0,0,1,1,0,4,3,1,0,1,0,"0000000",5,24,5,40,5,57,0,0,0,1,1
37,370989,1,1,0,0,0,3,3,65,4560,3,10,2016,2,7,6,0,2,7,2,6,"DAVISTOWN MERCER RD.","",0,35.8237,-77.59035556,0,34,0,0,1,1,0,4,4,1,0,1,0,"0000000",7,8,7,16,8,12,0,0,0,1,0
37,370990,1,1,0,0,0,2,2,65,3930,14,10,2016,6,1,0,0,2,7,4,6,"1229 PLANTERS ST.","",0,35.92818889,-77.78085278,0,33,0,0,1,1,0,4,3,1,0,1,0,"0000000",1,7,1,16,1,41,0,0,0,1,1
37,370991,2,2,0,0,0,5,5,67,5120,1,10,2016,7,2,36,0,2,7,4,6,"VARGRAVE ST","WAUGHTOWN ST",0,36.07334167,-80.23019444,0,12,6,1,2,2,0,1,3,1,0,1,0,"0000000",2,39,3,2,3,24,0,0,0,2,1
37,370992,2,2,0,0,0,3,3,67,5120,16,10,2016,1,15,50,0,2,7,4,6,"STRATFORD R","",0,36.05008056,-80.32549167,0,30,0,0,1,1,0,4,1,1,0,1,0,"0000000",15,52,16,0,88,88,0,0,0,1,0
37,370993,2,2,0,0,0,5,5,69,680,1,10,2016,7,21,6,0,2,7,4,6,"WILLIAMS WHITE RD","PILOT-RILEY RD",0,35.89851667,-78.29021944,0,12,6,1,2,2,0,1,2,1,0,1,0,"0000000",21,8,21,17,22,2,0,0,0,1,0
37,370994,3,3,0,0,0,5,5,69,1730,11,10,2016,3,16,59,0,2,2,4,9,"NC 56","",0,36.08882222,-78.36491389,0,12,6,0,1,1,0,1,1,1,0,1,0,"0000000",16,51,16,53,99,99,0,0,0,1,0
37,370995,2,2,0,0,0,2,2,69,680,23,10,2016,1,14,28,0,2,7,4,6,"RANDELL RD.","",0,35.97990556,-78.28918056,0,12,2,0,1,1,0,1,1,1,0,1,0,"0000000",14,44,14,46,15,31,0,0,0,1,0
37,370996,1,1,0,0,0,2,2,71,890,3,10,2016,2,17,5,0,2,7,4,6,"ROY EAKER RD","BUCK FRALEY RD",0,35.40397778,-81.35715556,0,1,0,0,1,1,0,4,1,1,0,1,0,"0000000",17,6,17,22,17,55,0,0,0,1,0
37,370997,2,2,0,0,0,2,2,71,1800,3,10,2016,2,16,6,1,2,2,1,2,"US-74","RUSTIC HILLS CIRCLE",0,35.25423333,-81.27459722,0,12,6,0,7,1,0,1,1,1,0,1,0,"0000000",15,59,16,9,88,88,0,0,0,1,0
37,370998,1,1,0,0,0,1,1,73,1810,9,10,2016,1,1,17,0,2,7,1,6,"NC 32","SILVER SPRINGS RD",0,36.43598056,-76.61073889,0,3,0,0,1,1,0,4,2,10,2,2,0,"0000000",99,99,99,99,99,99,5,0,0,1,0
37,370999,2,2,0,0,0,2,2,77,3460,12,10,2016,4,15,25,0,2,7,4,6,"RANGE RD","ENON RD",0,36.25938333,-78.73826111,0,12,6,1,2,2,0,1,1,1,0,1,0,"0000000",99,99,99,99,88,88,0,0,0,1,0
37,371000,2,2,0,1,1,2,2,81,1940,1,10,2016,7,23,36,1,2,1,1,1,"I-40","",0,36.08415833,-79.97071944,0,8,0,0,1,1,0,1,3,1,0,1,0,"0000000",23,40,23,46,0,4,0,0,0,1,0
37,371001,1,1,0,0,0,1,1,81,1940,8,10,2016,7,0,28,1,2,1,1,1,"I-40","",0,36.08395278,-79.97067778,0,42,0,0,1,1,0,3,2,2,0,2,0,"0000000",0,29,0,41,88,88,0,0,0,1,1
37,371002,1,1,0,1,1,1,1,81,1940,11,10,2016,3,11,45,0,2,3,98,2,"US-29","",0,36.10571944,-79.76131944,0,8,0,0,1,1,0,1,1,1,0,1,0,"0000000",11,46,11,52,88,88,0,0,0,1,0
37,371003,2,2,0,0,0,2,2,81,1940,12,10,2016,4,12,9,0,2,7,98,6,"E GATE CITY BLVD","",0,36.06891944,-79.795,0,12,6,0,4,1,0,1,1,1,0,1,0,"0000000",12,9,12,17,12,53,0,0,0,1,0
37,371004,1,1,0,0,0,3,3,81,1940,16,10,2016,1,15,46,1,2,1,1,1,"I-85","",0,36.05913333,-79.66135556,0,1,0,0,1,1,0,1,1,1,0,1,0,"0000000",15,48,15,58,99,99,0,0,0,1,0
37,371005,1,1,0,0,0,1,1,85,0,13,10,2016,5,22,10,0,1,3,98,3,"SR-27","",0,35.41690556,-78.80448889,0,42,0,0,1,1,0,4,2,1,0,1,0,"0000000",21,48,21,58,22,23,0,0,0,1,0
37,371006,1,1,0,0,0,1,1,85,0,16,10,2016,1,9,44,0,1,3,98,3,"SR-1403","",0,35.53009722,-78.90899444,0,11,0,0,1,1,0,1,1,1,0,1,0,"0000000",9,42,9,51,10,18,0,0,0,1,0
37,371007,1,1,0,1,1,2,2,89,2130,12,10,2016,4,19,37,1,2,3,1,2,"US-64","",0,35.31939444,-82.47274444,0,8,0,0,1,1,0,1,3,1,0,1,0,"0000000",19,37,19,42,20,18,0,0,0,1,0
37,371008,1,1,0,0,0,1,1,101,0,8,10,2016,7,20,0,1,1,1,1,1,"I-95","",0,35.458125,-78.38885,0,3,0,0,1,1,0,1,2,2,10,2,0,"0000000",99,99,99,99,88,88,5,0,0,1,0
37,371009,1,1,0,0,0,1,1,101,0,9,10,2016,1,20,28,0,1,3,98,3,"SR-210","",0,35.51818333,-78.37386944,0,3,0,0,1,1,0,1,2,1,0,1,0,"0000000",20,28,20,36,99,99,5,0,0,1,0
37,371010,5,5,0,0,0,7,7,101,0,19,10,2016,4,14,24,1,1,1,1,1,"I-95","",0,35.45826389,-78.38842222,0,12,1,0,1,1,0,1,1,1,0,1,0,"0000000",14,22,14,32,15,36,0,0,0,2,0
37,371011,1,1,0,0,0,2,2,107,0,13,10,2016,5,9,3,0,1,3,98,3,"SR-1503","",0,35.28139444,-77.71929722,0,7,0,0,1,1,0,1,1,1,0,1,0,"0000000",8,57,9,0,9,51,7,0,0,1,0
37,371012,2,1,1,0,0,1,1,109,0,3,10,2016,2,18,47,1,1,3,1,2,"US-321","",0,35.45383056,-81.24488333,0,53,0,0,1,1,0,4,5,1,0,1,0,"0000000",18,46,18,54,19,54,0,0,0,1,0
37,371013,2,2,0,0,0,2,2,113,0,3,10,2016,2,12,48,1,1,3,1,2,"US-23","SR-1122",0,35.235175,-83.34246389,0,12,6,0,2,2,0,1,1,1,0,1,0,"0000000",12,47,12,54,13,43,0,0,0,1,0
37,371014,3,3,0,0,0,3,3,119,2280,5,10,2016,4,10,44,0,2,7,98,6,"ALEXANDERIANA RD","",0,35.36836389,-80.84234444,0,12,8,0,1,1,0,1,1,1,0,1,0,"0000000",10,44,10,55,99,99,0,0,0,1,0
37,371015,2,2,0,1,1,3,3,119,870,5,10,2016,4,11,40,0,2,7,98,6,"ALBEMARLE RD","REDDMAN RD",0,35.20388333,-80.75036111,0,8,0,0,2,2,0,1,1,1,0,1,0,"0000000",11,41,11,47,88,88,0,0,0,1,0
37,371016,1,1,0,1,1,1,1,119,870,9,10,2016,1,1,19,0,2,7,98,6,"N TRYON ST","",0,35.32573056,-80.72963889,0,8,0,0,1,1,0,1,3,1,0,1,0,"0000000",1,19,1,24,99,99,0,0,0,1,1
37,371017,2,2,0,0,0,3,3,119,870,9,10,2016,1,17,38,0,2,7,98,6,"MT. HOLLY RD","BELMEADE DR",0,35.29814444,-80.99234167,0,12,6,0,2,3,0,1,1,1,0,1,0,"0000000",17,37,17,47,17,50,0,0,0,1,0
37,371018,2,2,0,0,0,2,2,119,870,12,10,2016,4,13,16,0,2,7,98,6,"BELHAVEN BLVD","KENTBERRY DR",0,35.30428333,-80.93766944,0,12,6,0,2,3,0,1,1,1,0,1,0,"0000000",13,16,13,23,14,12,0,0,0,1,0
37,371019,2,2,0,0,0,4,4,119,870,20,10,2016,5,14,34,0,2,7,98,6,"MT HOLLY-HUNTERSVILLE","MT HOLLY RD",0,35.30093056,-80.98701389,0,12,6,0,2,4,0,1,1,1,0,1,0,"0000000",14,34,14,49,15,13,0,0,0,1,0
37,371020,1,1,0,1,1,1,1,119,870,22,10,2016,7,18,55,0,2,7,98,6,"WILKINSON BLVD","REMOUNT RD",0,35.22389167,-80.88325278,0,8,0,0,2,2,0,1,5,1,0,1,0,"0000000",18,55,19,1,88,88,0,0,0,1,0
37,371021,1,1,0,0,0,2,2,123,0,9,10,2016,1,20,35,0,1,3,98,3,"SR-1139","",0,35.35096667,-79.91519444,0,34,0,0,1,1,0,4,2,1,0,1,0,"0000000",20,36,20,40,20,52,0,0,0,1,0
37,371022,1,1,0,0,0,1,1,125,0,23,10,2016,1,23,12,0,1,3,98,3,"SR-1419","",0,35.47289444,-79.57914444,0,42,0,0,1,1,0,4,2,1,0,1,0,"0000000",99,99,99,99,88,88,0,0,0,1,1
37,371023,1,1,0,0,0,1,1,127,3930,7,10,2016,6,8,12,0,2,7,98,6,"N HALIFAX RD","",0,35.98536944,-77.86560278,0,23,0,0,1,1,0,4,2,2,10,2,0,"0000000",99,99,99,99,88,88,0,0,0,1,1
37,371024,1,1,0,0,0,3,3,133,0,7,10,2016,6,22,35,0,1,3,98,3,"SR-1531","",0,34.50930556,-77.48260833,0,34,0,0,1,1,0,4,2,2,0,2,0,"0000000",22,36,22,44,99,99,0,0,0,1,1
37,371025,1,1,0,3,3,1,1,141,0,1,10,2016,7,23,26,0,1,3,98,3,"SR-210","",0,34.36987778,-77.71484722,0,8,0,0,1,1,0,1,2,1,0,1,0,"0000000",23,16,23,27,99,99,0,0,0,2,0
37,371026,1,1,0,0,0,1,1,145,0,10,10,2016,2,9,40,0,1,3,98,3,"SR-130","",0,36.40163056,-78.98908056,0,24,0,0,1,1,0,4,1,1,0,1,0,"0000000",10,0,10,14,10,57,0,0,0,1,0
37,371027,1,1,0,0,0,1,1,147,0,9,10,2016,1,2,41,0,1,3,98,3,"SR-1210","",0,35.61196111,-77.48390278,0,3,0,0,1,1,0,1,2,2,10,2,0,"0000000",99,99,99,99,88,88,0,0,0,1,0
37,371028,1,1,0,0,0,4,4,151,0,10,10,2016,2,16,0,1,1,3,1,2,"US-64","",0,35.69,-79.80495556,0,34,0,0,1,1,0,4,1,1,0,1,0,"0000000",16,28,16,30,16,59,0,0,0,2,0
37,371029,2,2,0,0,0,3,3,153,0,14,10,2016,6,20,54,0,1,3,98,3,"SR-1966","SR-1811",0,34.85499167,-79.73391111,0,12,6,0,2,3,0,1,2,1,0,1,0,"0000000",20,53,21,1,88,88,0,0,0,1,0
37,371031,1,1,0,0,0,1,1,155,0,10,10,2016,2,22,43,0,1,3,98,3,"SR-130","",0,34.48215278,-79.09419722,0,3,0,0,1,1,0,1,2,2,0,2,0,"0000000",99,99,99,99,99,99,0,0,0,1,0
37,371032,2,2,0,0,0,3,3,157,0,11,10,2016,3,10,2,0,1,3,98,3,"SR-1110","",0,36.35853611,-79.95809722,0,12,6,0,1,1,0,1,1,1,0,1,0,"0000000",9,57,10,2,11,19,0,0,0,1,0
37,371033,2,2,0,0,0,2,2,157,1435,20,10,2016,5,19,5,0,2,7,98,6,"E MEADOW RD","",0,36.51753333,-79.70765833,0,12,1,0,1,1,0,1,3,1,0,1,0,"0000000",19,48,19,50,88,88,0,0,0,1,0
37,371034,2,2,0,0,0,2,2,163,0,3,10,2016,2,7,0,0,1,3,98,3,"SR-242","SR-1620",0,35.24096667,-78.49368611,0,12,6,0,2,2,0,1,1,5,0,5,0,"0000000",6,36,6,53,99,99,0,0,0,1,0
37,371035,1,1,0,0,0,1,1,163,0,8,10,2016,7,13,4,0,1,3,98,3,"SR-411","",0,34.89105,-78.47105556,0,43,0,0,1,1,0,4,1,2,6,2,0,"0000000",12,45,12,55,88,88,0,0,0,1,1
37,371036,2,2,0,0,0,6,6,163,0,13,10,2016,5,11,17,1,1,1,1,1,"I-40","",0,35.24843889,-78.37578056,0,12,1,0,1,1,0,1,1,1,0,1,1,"0000000",11,10,11,17,99,99,0,0,0,1,0
37,371037,1,1,0,0,0,1,1,169,0,20,10,2016,5,11,46,0,1,3,98,3,"SR-66","",0,36.33802778,-80.32973056,0,35,0,0,1,1,0,4,1,1,0,1,0,"0000000",99,99,99,99,88,88,0,0,0,1,0
37,371038,2,2,0,0,0,5,5,171,0,2,10,2016,1,13,0,0,1,3,98,3,"SR-89","",0,36.50133333,-80.65785556,0,12,1,0,4,1,0,1,1,1,0,1,0,"0000000",13,0,13,40,14,3,0,0,0,1,0
37,371039,1,1,0,0,0,1,1,171,0,12,10,2016,4,11,31,0,1,3,98,3,"SR-2088","",0,36.319725,-80.60316667,0,1,0,0,1,1,0,1,1,1,0,1,0,"0000000",11,30,11,47,12,40,0,0,0,1,0
37,371040,1,1,0,0,0,1,1,181,0,2,10,2016,1,8,47,0,1,3,98,3,"SR-1319","",0,36.3583,-78.374325,0,42,0,0,1,1,0,4,1,1,0,1,0,"0000000",8,41,8,47,88,88,0,0,0,1,0
37,371041,1,1,0,0,0,5,5,183,0,5,10,2016,4,1,30,1,1,3,1,2,"US-64","",0,35.79551667,-78.51101667,0,24,0,0,1,1,0,3,2,1,0,1,0,"0000000",1,25,1,48,2,13,0,0,0,1,0
37,371042,9,1,8,0,0,1,1,183,3750,12,10,2016,4,1,48,0,2,7,98,6,"HILLSBORO ST","",0,35.78580278,-78.72674722,0,42,0,0,1,1,0,4,3,1,0,1,0,"0000000",1,45,1,55,2,15,0,0,0,1,1
37,371043,1,1,0,0,0,2,2,183,0,23,10,2016,1,2,49,0,1,3,98,3,"SR-1003","",0,35.84165833,-78.44733611,0,34,0,0,1,1,0,4,2,1,0,1,0,"0000000",2,40,2,48,3,57,0,0,0,1,1
37,371044,2,2,0,0,0,2,2,183,3750,23,10,2016,1,21,18,1,2,1,1,1,"I-440","",0,35.83316111,-78.675025,0,12,2,0,1,1,0,1,2,1,0,1,0,"0000000",21,17,21,25,21,39,0,0,0,1,1
37,371045,1,1,0,0,0,2,2,189,0,2,10,2016,1,1,41,0,1,3,98,3,"SR-1102","",0,36.212925,-81.70003611,0,24,0,0,1,1,0,4,2,1,0,1,0,"0000000",99,99,99,99,99,99,0,0,0,1,1
37,371046,2,2,0,0,0,2,2,189,0,12,10,2016,4,7,56,0,1,3,98,3,"SR-105","",0,36.20687778,-81.69945556,0,12,2,0,1,1,0,1,1,1,0,1,0,"0000000",99,99,99,99,99,99,0,0,0,1,0
37,371047,2,2,0,0,0,3,3,191,0,11,10,2016,3,17,19,0,1,3,98,3,"SR-1937","",0,35.20965,-78.02120556,0,12,2,0,1,1,0,1,1,1,0,1,0,"0000000",17,39,17,42,99,99,0,0,0,1,1
37,371048,1,1,0,0,0,1,1,191,0,15,10,2016,7,16,9,0,1,3,98,3,"SR-2014","",0,35.29901111,-78.01813056,0,1,0,0,1,1,0,4,1,1,0,1,0,"0000000",16,2,16,14,88,88,0,0,0,1,0
37,371049,1,1,0,0,0,1,1,195,0,10,10,2016,2,9,25,0,1,3,98,3,"SR-581","",0,35.71041667,-78.11932778,0,3,0,0,1,1,0,1,9,2,0,2,0,"0000000",99,99,99,99,88,88,5,0,0,1,1
37,371050,3,3,0,0,0,4,4,67,2430,23,9,2016,6,13,23,0,2,3,98,3,"SR-66","US-421",0,36.112625,-80.06176389,0,12,6,0,2,3,0,1,1,1,0,1,0,"0000000",13,37,13,50,14,16,0,0,0,1,0
37,371051,2,2,0,0,0,2,2,103,0,19,9,2016,2,9,36,0,1,3,98,3,"SR-1115","",0,34.947175,-77.27100278,0,12,2,0,1,1,0,1,1,1,0,1,0,"0000000",99,99,99,99,99,99,0,0,0,1,0
37,371052,2,2,0,0,0,2,2,1,0,19,10,2016,4,11,31,1,1,3,1,2,"US-70","SR-1948",0,36.10554722,-79.30626667,0,12,2,0,2,3,0,1,1,1,0,1,0,"0000000",11,24,11,29,12,27,0,0,0,1,0
37,371053,1,1,0,0,0,1,1,5,0,29,10,2016,7,15,0,1,1,3,1,2,"US-21","",0,36.50883889,-81.12620833,0,24,0,0,1,1,0,4,1,1,0,1,0,"0000000",14,55,15,7,16,18,0,0,0,1,0
37,371054,1,1,0,0,0,1,1,13,0,19,10,2016,4,17,51,0,1,3,98,3,"SR-1159","",0,35.516775,-77.143225,0,32,0,0,1,1,0,4,1,1,0,1,0,"0000000",17,44,17,49,19,0,0,0,0,1,0
37,371055,1,1,0,0,0,1,1,21,0,31,10,2016,2,22,35,0,1,3,98,3,"SR-191","",0,35.54893333,-82.59940278,0,40,0,0,1,1,0,4,2,1,0,1,0,"0000000",99,99,99,99,88,88,0,0,0,1,1
37,371056,1,1,0,1,1,1,1,37,0,16,10,2016,1,5,53,1,1,3,1,2,"US-421","",0,35.57273056,-79.30770833,0,8,0,0,1,1,0,1,2,1,0,1,0,"0000000",5,50,5,54,88,88,0,0,0,1,0
37,371057,1,1,0,1,1,1,1,37,0,21,10,2016,6,6,37,0,1,3,98,3,"SR-751","",0,35.75768889,-78.96231111,0,9,0,0,1,1,0,1,2,10,5,5,0,"0000000",6,36,6,52,88,88,0,0,0,1,0
37,371058,1,1,0,1,1,1,1,49,2078,5,10,2016,4,6,45,1,2,3,1,2,"US-70","",0,34.89817778,-76.92892778,0,8,0,0,1,1,0,1,2,10,0,10,0,"0000000",6,48,6,51,99,96,0,0,0,1,0
37,371059,1,1,0,1,1,1,1,49,3250,20,10,2016,5,20,2,0,1,3,98,6,"NEUSE BLVD","",0,35.11506667,-77.072125,0,8,0,0,1,1,0,1,3,1,0,1,0,"0000000",99,99,99,99,99,99,0,0,0,1,0