"STATE","ST_CASE","VE_TOTAL","VE_FORMS","PVH_INVL","PEDS","PERNOTMVIT","PERMVIT","PERSONS","COUNTY","CITY","DAY","MONTH","YEAR","DAY_WEEK","HOUR","MINUTE","NHS","RUR_URB","FUNC_SYS","RD_OWNER","ROUTE","TWAY_ID","TWAY_ID2","MILEPT","LATITUDE","LONGITUD","SP_JUR","HARM_EV","MAN_COLL","RELJCT1","RELJCT2","TYP_INT","WRK_ZONE","REL_ROAD","LGT_COND","WEATHER1","WEATHER2","WEATHER","SCH_BUS","RAIL","NOT_HOUR","NOT_MIN","ARR_HOUR","ARR_MIN","HOSP_HR","HOSP_MN","CF1","CF2","CF3","FATALS","DRUNK_DR"
37,371280,1,1,0,0,0,1,1,93,0,24,12,2016,7,11,21,0,1,3,98,3,"SR-1134","",0,34.94412222,-79.26670833,0,35,0,0,1,1,0,4,1,1,0,1,0,"0000000",99,99,99,99,88,88,0,0,0,1,0
37,371281,3,3,0,0,0,5,5,99,0,19,12,2016,2,17,53,0,1,3,98,3,"SR-107","SR-281",0,35.27015556,-83.12270556,0,12,6,0,2,3,0,1,2,1,0,1,0,"0000000",99,99,99,99,99,99,0,0,0,1,0
37,371282,1,1,0,2,2,1,1,101,0,1,12,2016,5,8,24,0,1,7,98,6,"BARBERRY DR","",0,35.52556944,-78.56303611,0,8,0,0,1,1,0,1,1,1,0,1,0,"0000000",8,22,8,27,9,14,0,0,0,1,0
37,371283,2,2,0,0,0,3,3,101,0,6,12,2016,3,1,32,1,1,1,1,1,"I-40","",0,35.39261667,-78.520325,0,12,1,0,1,1,0,1,2,2,0,2,0,"0000000",99,99,99,99,99,99,0,0,0,1,0
37,371284,1,1,0,0,0,1,1,101,0,26,12,2016,2,21,31,0,1,3,98,3,"SR-1009","",0,35.45523611,-78.38889167,0,42,0,0,1,1,0,4,2,2,0,2,0,"0000000",99,99,99,99,88,88,0,0,0,1,1
37,371285,1,1,0,0,0,1,1,101,0,28,12,2016,4,18,32,0,1,3,98,3,"SR-2309","",0,35.51119444,-78.24581667,0,34,0,0,1,1,0,4,2,1,0,1,0,"0000000",99,99,99,99,99,99,0,0,0,1,0
37,371286,1,1,0,0,0,1,1,101,0,29,12,2016,5,13,31,1,1,1,1,1,"I-40","",0,35.39244167,-78.52036667,0,38,0,0,1,1,0,4,1,10,0,10,0,"0000000",99,99,99,99,88,88,0,0,0,1,0
37,371287,2,2,0,0,0,5,5,107,2450,2,12,2016,6,21,39,1,2,3,1,2,"US-70","US-258",0,35.26331944,-77.64225556,0,12,6,0,2,2,0,1,3,1,0,1,0,"0000000",21,40,21,45,22,53,0,0,0,1,1
37,371288,2,2,0,0,0,2,2,111,2900,29,12,2016,5,12,2,0,2,7,98,6,"N MAIN ST","",0,35.69536111,-82.0238,0,12,2,0,1,1,0,1,1,1,0,1,0,"0000000",12,3,12,7,12,48,0,0,0,1,0
37,371289,1,1,0,0,0,1,1,113,0,4,12,2016,1,12,48,1,1,3,1,2,"US-23","",0,35.16606944,-83.387925,0,42,0,0,1,1,0,4,1,2,0,2,0,"0000000",12,48,13,1,88,88,0,0,0,1,0
37,371290,1,1,0,0,0,4,4,119,870,3,12,2016,7,16,41,0,2,7,98,6,"GIBBON RD","",0,35.304325,-80.81672222,0,1,0,0,1,1,0,4,1,1,0,1,0,"0000000",99,99,99,99,99,99,0,0,0,1,0
37,371291,2,2,0,0,0,3,3,119,870,5,12,2016,2,21,16,0,2,7,98,6,"N TRYON ST","W T HARRIS BLVD",0,35.30562222,-80.74958889,0,12,1,0,3,3,0,1,3,2,0,2,0,"0000000",99,99,99,99,99,99,0,0,0,1,1
37,371292,1,1,0,0,0,1,1,119,870,6,12,2016,3,1,16,1,2,1,1,1,"I-77","",0,35.21469167,-80.87271389,0,26,0,0,1,1,0,3,3,2,0,2,0,"0000000",99,99,99,99,88,88,0,0,0,1,1
37,371293,1,1,0,1,1,1,1,119,870,11,12,2016,1,23,58,0,2,7,98,6,"E INDEPENDENCE BLVD","VILLAGE LAKE DR",0,35.16246111,-80.7396,0,8,0,0,2,2,0,1,3,10,0,10,0,"0000000",99,99,99,99,88,88,0,0,0,1,0
37,371294,1,1,0,0,0,3,3,119,870,14,12,2016,4,23,50,1,2,1,1,1,"I-85","",0,35.266925,-80.872875,0,42,0,0,1,1,0,4,3,1,0,1,0,"0000000",99,99,99,99,99,99,20,0,0,1,0
37,371295,1,1,0,0,0,1,1,119,870,17,12,2016,7,5,32,0,2,7,98,6,"SHOPTON RD","",0,35.16350556,-80.93463611,0,35,0,0,1,1,0,4,2,12,0,12,0,"0000000",99,99,99,99,88,88,0,0,0,1,0
37,371296,1,1,0,0,0,1,1,119,870,17,12,2016,7,5,44,0,2,7,98,6,"E WESTINGHOUSE BLVD","",0,35.11072222,-80.89994722,0,1,0,0,1,1,0,4,3,10,0,10,0,"0000000",99,99,99,99,88,88,0,0,0,1,0
37,371297,1,1,0,1,1,2,2,119,870,19,12,2016,2,4,18,1,2,1,1,1,"I-85","",0,35.26653056,-80.87402778,0,8,0,0,1,1,0,1,3,10,0,10,0,"0000000",99,99,99,99,99,99,19,0,0,1,0
37,371298,2,2,0,0,0,3,3,119,870,30,12,2016,6,2,11,1,2,1,1,1,"I-85","",0,35.26703056,-80.87261667,0,12,2,0,1,1,0,1,3,1,0,1,0,"0000000",99,99,99,99,99,99,0,0,0,2,1
37,371299,3,3,0,0,0,3,3,119,870,31,12,2016,7,3,37,1,2,1,1,1,"I-85","",0,35.26710278,-80.872575,0,12,2,0,1,1,0,1,3,1,0,1,0,"0000000",99,99,99,99,99,99,0,0,0,1,1
37,371300,1,1,0,0,0,1,1,123,0,5,12,2016,2,15,59,1,1,3,1,2,"US-220 ALT","",0,35.39991667,-79.78426944,0,42,0,0,1,1,0,4,1,1,0,1,0,"0000000",16,0,16,7,88,88,0,0,0,1,0
37,371301,3,3,0,0,0,3,3,125,0,1,12,2016,5,14,45,0,1,3,98,3,"SR-211","",0,35.17629167,-79.57166389,0,12,2,0,1,1,0,1,1,1,0,1,0,"0000000",99,99,99,99,88,88,0,0,0,2,0
37,371302,1,1,0,0,0,1,1,125,0,5,12,2016,2,3,58,0,1,3,98,3,"SR-1853","",0,35.21394167,-79.37675,0,34,0,0,1,1,0,4,2,2,0,2,0,"0000000",99,99,99,99,88,88,0,0,0,1,0
37,371303,1,1,0,1,1,2,2,125,10,12,12,2016,2,18,37,1,2,3,1,2,"US-1","MAGNOLIA DRIVE",99999,35.15084722,-79.41785833,0,8,0,0,3,3,0,1,2,1,0,1,0,"0000000",99,99,99,99,99,99,0,0,0,1,0
37,371304,1,1,0,0,0,1,1,125,0,18,12,2016,1,2,58,0,1,7,98,4,"CR-1281-TARRY CHURCH RD","",99999,35.36024167,-79.71966944,0,42,0,0,1,1,0,4,2,2,0,2,0,"0000000",99,99,99,99,99,99,0,0,0,1,0
37,371305,2,2,0,0,0,3,3,127,0,17,12,2016,7,12,51,0,1,4,98,3,"SR-97","CR-1544-HALIFAX RD",99999,35.89165278,-77.8646,0,12,6,0,2,2,0,1,1,1,0,1,0,"0000000",12,45,12,50,13,48,0,0,0,1,0
37,371306,1,1,0,0,0,5,5,127,3930,17,12,2016,7,6,14,1,2,1,1,1,"I-95","",99999,35.96710833,-77.88204167,0,24,0,0,1,1,0,4,2,12,0,12,0,"0000000",6,13,6,39,99,99,0,0,0,2,0
37,371307,1,1,0,0,0,1,1,127,0,27,12,2016,3,13,55,1,1,3,98,2,"US-264","",99999,35.80153889,-78.19793611,0,34,0,0,1,1,0,3,1,10,0,10,0,"0000000",13,54,14,5,88,88,0,0,0,1,0
37,371308,1,1,0,1,1,1,1,129,5060,30,12,2016,6,7,12,0,2,3,98,6,"OLEANDER DRIVE","",99999,34.20817778,-77.86045833,0,8,0,0,1,1,0,2,3,1,0,1,0,"0000000",7,22,7,24,88,88,0,0,0,1,0
37,371309,1,1,0,0,0,1,1,135,860,13,12,2016,3,13,5,0,2,3,98,3,"SR-54","",99999,35.90453611,-79.01503056,0,18,0,0,1,1,3,4,1,1,0,1,0,"0000000",12,44,12,52,13,4,0,0,0,1,0
37,371310,3,2,1,1,1,2,2,135,0,17,12,2016,7,1,53,1,2,1,1,1,"I-40","",99999,35.983025,-79.07323056,0,24,0,0,1,1,0,4,2,12,0,12,0,"0000000",1,50,2,1,88,88,19,0,0,1,1
37,371311,2,1,1,1,1,0,0,135,2190,26,12,2016,2,12,58,0,2,7,3,6,"DOGWOOD BLOOM","",99999,99.9999,999.9999,0,30,0,0,1,1,0,4,1,1,0,1,0,"0000000",12,58,13,5,13,21,0,0,0,1,0
37,371312,1,1,0,0,0,1,1,137,4480,27,12,2016,3,11,26,0,1,7,4,6,"PARADISE SHORES","",99999,35.13944722,-76.76225833,0,34,0,0,1,1,0,4,1,10,0,10,0,"0000000",11,26,11,42,99,99,0,0,0,1,1
37,371313,1,1,0,0,0,2,2,141,690,1,12,2016,5,10,38,1,2,2,1,2,"US-421","",99999,34.64809722,-78.11703889,0,52,0,0,1,1,0,4,1,1,0,1,0,"0000000",10,38,10,44,88,88,0,0,0,2,0
37,371314,1,1,0,0,0,1,1,141,690,2,12,2016,6,11,28,0,2,7,4,6,"WILLARD","",99999,34.69906667,-78.01635278,0,35,0,0,1,1,0,4,1,1,0,1,0,"0000000",11,18,11,21,88,88,0,0,0,1,1
37,371315,1,1,0,2,2,2,2,141,180,18,12,2016,1,17,51,0,1,7,4,6,"BLUEBERRY RD","",99999,34.460925,-78.09923611,0,9,0,0,1,1,0,1,2,1,0,1,0,"0000000",17,45,17,58,18,19,0,0,0,1,0
37,371316,1,1,0,0,0,1,1,141,690,25,12,2016,1,0,15,0,1,7,4,5,"HORSE BRANCH RD.","",99999,34.58778889,-77.99289722,0,34,0,0,1,1,0,4,2,1,0,1,0,"0000000",88,88,88,88,88,88,0,0,0,1,0
37,371317,2,2,0,0,0,8,8,147,1950,3,12,2016,7,21,38,0,2,4,4,6,"W. ARLINGTON BLVD","BEASLEY DR.",99999,35.60885,-77.41052778,0,12,2,0,2,2,0,1,3,1,0,1,0,"0000000",21,28,21,30,21,47,0,0,0,1,1
37,371318,1,1,0,0,0,2,2,151,130,18,12,2016,1,1,8,0,1,7,4,6,"PLEASANT VIEW","",99999,35.80073611,-79.923975,0,43,0,0,1,1,0,4,2,1,0,1,0,"0000000",1,4,1,11,2,0,0,0,0,1,1
37,371319,2,2,0,0,0,2,2,153,0,9,12,2016,6,16,19,0,1,3,98,3,"SR-1005","",0,35.01806667,-79.81833056,0,12,2,0,1,1,0,1,1,1,0,1,0,"0000000",16,20,16,27,99,99,0,0,0,1,0
37,371320,1,1,0,0,0,1,1,155,0,4,12,2016,1,7,5,1,1,1,1,1,"I-95","",0,34.62221389,-79.05526944,0,24,0,0,1,1,0,4,4,1,0,1,0,"0000000",99,99,99,99,99,99,0,0,0,1,1
37,371321,2,2,0,0,0,3,3,155,0,9,12,2016,6,19,36,0,1,3,98,3,"SR-711","",0,34.67293611,-79.1836,0,12,2,0,1,1,0,1,2,1,0,1,0,"0000000",20,29,20,39,21,8,0,0,0,1,1
37,371322,2,2,0,0,0,3,3,155,0,21,12,2016,4,20,35,0,1,3,98,3,"SR-1310","",0,34.83273056,-79.31544167,0,12,6,0,8,1,0,1,2,1,0,1,0,"0000000",19,26,19,58,20,29,0,0,0,1,0
37,371323,1,1,0,0,0,2,2,155,0,22,12,2016,5,9,15,0,1,3,98,3,"SR-710","",0,34.80548333,-79.18566944,0,34,0,0,1,1,0,4,1,1,0,1,0,"0000000",9,15,9,22,10,55,0,0,0,1,0
37,371324,1,1,0,0,0,1,1,155,0,30,12,2016,6,15,46,0,1,3,98,3,"SR-1563","",0,34.70411667,-79.16486944,0,42,0,0,1,1,0,4,1,1,0,1,0,"0000000",99,99,99,99,99,99,0,0,0,1,0
37,371325,1,1,0,0,0,1,1,157,0,1,12,2016,5,5,30,0,1,3,98,3,"SR-150","",0,36.28528889,-79.59222778,0,1,0,0,1,1,0,4,2,1,0,1,0,"0000000",5,22,5,36,88,88,0,0,0,1,1
37,371326,2,2,0,0,0,2,2,157,0,10,12,2016,7,14,25,0,1,3,98,3,"SR-1145","",0,36.39408611,-79.96888611,0,12,2,0,1,1,0,1,1,1,0,1,0,"0000000",99,99,99,99,99,99,0,0,0,1,1
37,371327,2,2,0,0,0,2,2,157,0,16,12,2016,6,19,32,1,1,3,1,2,"US-29","",0,36.37133333,-79.67749722,0,12,1,0,1,1,0,1,2,1,0,1,0,"0000000",19,26,19,38,20,16,0,0,0,1,0
37,371328,2,2,0,0,0,3,3,159,0,16,12,2016,6,23,29,0,1,3,98,3,"SR-1363","",0,35.52391667,-80.70491389,0,12,6,0,1,1,0,1,2,10,0,10,0,"0000000",99,99,99,99,99,99,0,0,0,1,1
37,371329,2,2,0,0,0,3,3,159,4070,22,12,2016,5,11,49,0,2,7,98,6,"MOORESVILLE RD","SHERWOOD ST",0,35.66010556,-80.49662222,0,12,6,0,2,2,0,1,1,1,0,1,0,"0000000",11,49,11,56,12,50,0,0,0,1,0
37,371330,1,1,0,1,1,2,2,163,0,2,12,2016,6,20,46,0,1,3,98,3,"SR-1845","",0,35.1961,-78.36411111,0,15,0,0,1,1,0,1,2,1,0,1,0,"0000000",20,39,20,56,21,45,0,0,0,1,0
37,371331,1,1,0,0,0,1,1,163,0,21,12,2016,4,11,19,0,1,3,98,3,"SR-1214","",0,34.99033333,-78.32679167,0,1,0,0,1,1,0,1,1,1,0,1,0,"0000000",11,16,11,23,88,88,0,0,0,1,0
37,371332,1,1,0,0,0,1,1,163,0,24,12,2016,7,16,21,0,1,3,98,3,"SR-1414","",0,35.03156111,-78.62359722,0,1,0,0,1,1,0,4,1,1,0,1,0,"0000000",16,17,16,30,88,88,0,0,0,1,1
37,371333,1,1,0,0,0,1,1,167,0,1,12,2016,5,12,38,1,1,3,1,2,"US-52","",0,35.33819167,-80.20001667,0,34,0,0,1,1,0,4,1,1,0,1,0,"0000000",12,32,12,36,13,2,0,0,0,1,1
37,371334,1,1,0,0,0,1,1,167,60,6,12,2016,3,5,59,0,2,7,98,6,"SNUGGS PARK RD","",0,35.38891667,-80.21185278,0,1,0,0,1,1,0,4,2,2,0,2,0,"0000000",6,11,6,16,6,31,0,0,0,1,0
37,371335,2,2,0,0,0,2,2,171,0,4,12,2016,1,17,54,0,1,3,98,3,"SR-1001","",0,36.39454444,-80.74179167,0,12,2,0,1,1,0,1,2,2,10,2,0,"0000000",17,53,18,2,19,15,0,0,0,2,0
37,371336,1,1,0,0,0,1,1,181,0,26,12,2016,2,0,11,0,1,3,98,3,"SR-1519","",0,36.30447778,-78.36379444,0,42,0,0,1,1,0,4,2,1,0,1,0,"0000000",0,7,0,14,0,42,0,0,0,1,1
37,371337,1,1,0,0,0,2,2,183,0,1,12,2016,5,2,6,1,1,3,1,2,"US-401","",0,35.70249722,-78.6675,0,34,0,0,1,1,0,4,2,1,0,1,0,"0000000",2,4,2,13,88,88,0,0,0,1,0
37,371338,2,2,0,0,0,2,2,183,0,4,12,2016,1,19,14,0,1,3,98,3,"SR-1007","",0,35.75233056,-78.49774444,0,12,2,0,1,1,0,1,2,2,0,2,0,"0000000",19,14,19,24,99,99,0,0,0,1,0
37,371339,1,1,0,1,1,1,1,183,3750,14,12,2016,4,23,35,0,2,7,98,6,"WESTERN BLVD","HILLSBOROUGH ST",0,35.78581944,-78.725775,0,9,0,0,2,2,0,1,2,1,0,1,0,"0000000",23,36,23,43,88,88,0,0,0,1,1
37,371340,3,3,0,0,0,4,4,183,3750,19,12,2016,2,11,19,0,2,7,98,6,"GLENWOOD AVE","",0,35.84002778,-78.67701667,0,12,2,0,1,1,0,1,1,10,0,10,0,"0000000",11,20,11,27,11,44,0,0,0,1,1
37,371341,1,1,0,1,1,2,2,183,3750,27,12,2016,3,17,53,0,2,7,98,6,"BLAND RD","OLLIE ST",0,35.84013056,-78.61428611,0,8,0,0,3,3,0,1,3,1,0,1,0,"0000000",17,46,17,55,88,88,0,0,0,1,0
37,371342,2,1,1,0,0,1,1,183,0,30,12,2016,6,9,49,1,1,3,98,2,"US-1","",0,35.71175,-78.87721389,0,14,0,0,1,1,0,4,1,1,0,1,0,"0000000",9,48,9,59,88,88,19,0,0,1,0
37,371343,1,1,0,0,0,3,3,183,0,30,12,2016,6,20,8,0,1,3,98,3,"SR-2754","",0,35.52941389,-78.72698611,0,42,0,0,1,1,0,4,2,1,0,1,0,"0000000",20,8,20,25,21,6,0,0,0,1,0
37,371344,2,2,0,0,0,2,2,185,0,28,12,2016,4,14,24,0,1,3,98,3,"SR-43","",0,36.29656111,-77.98618611,0,12,6,0,8,1,0,1,1,1,0,1,0,"0000000",14,10,14,24,88,88,0,0,0,1,1
37,371345,1,1,0,0,0,1,1,185,0,28,12,2016,4,22,36,0,1,3,98,3,"SR-1521","",0,36.29434722,-77.98483056,0,42,0,0,1,1,0,4,2,1,0,1,0,"0000000",22,20,22,36,88,88,0,0,0,1,0
37,371346,2,2,0,0,0,3,3,191,1880,10,12,2016,7,23,29,0,2,7,98,6,"S GEORGE ST","",0,35.38199444,-78.00100833,0,12,1,0,1,1,0,1,3,1,0,1,0,"0000000",23,56,0,3,0,17,0,0,0,1,1
37,371347,2,2,0,0,0,3,3,191,0,25,12,2016,1,16,8,0,2,3,98,3,"SR-1238","SR-1239",0,35.401,-78.09227222,0,12,6,0,2,2,0,1,1,1,0,1,0,"0000000",15,56,16,13,16,53,0,0,0,1,0
37,371348,1,1,0,0,0,2,2,193,0,24,12,2016,7,23,9,0,1,3,98,3,"SR-1706","",0,36.238325,-81.14445,0,42,0,0,1,1,0,4,2,10,0,10,0,"0000000",23,5,23,18,88,88,0,0,0,1,1
37,371349,2,2,0,0,0,3,3,199,710,22,12,2016,5,16,0,1,2,3,1,2,"US-19","SR-197",0,35.918075,-82.27683889,0,12,6,0,7,1,0,1,1,1,0,1,0,"0000000",16,23,16,29,17,4,0,0,0,1,0
37,371350,1,1,0,1,1,1,1,35,3300,18,9,2016,1,20,50,0,2,3,1,2,"US-321","",99999,35.63668889,-81.29738333,9,8,0,0,1,1,0,1,3,1,0,1,0,"0000000",21,21,21,27,22,18,0,0,0,1,0
37,371351,1,1,0,0,0,2,2,101,930,29,10,2016,7,9,43,0,2,7,4,6,"BLACK FOREST DR.","",99999,35.64258056,-78.41414444,0,1,0,0,1,1,0,4,1,1,0,1,0,"0000000",9,43,9,50,10,21,0,0,0,1,0
37,371352,1,1,0,1,1,1,1,31,350,16,11,2016,4,18,9,1,1,3,1,2,"US-70","LENNOXVILLE RD",99999,34.71966111,-76.65474444,0,8,0,0,1,1,0,1,3,1,0,1,0,"0000000",99,99,99,99,99,99,0,0,0,1,0
37,371353,2,2,0,0,0,3,3,113,1710,20,11,2016,1,18,23,1,1,1,1,2,"US-64","",99999,35.16538333,-83.43153333,0,24,0,0,1,1,0,4,2,1,0,1,0,"0000000",18,17,18,22,19,10,0,0,0,1,0
37,371354,2,2,0,0,0,2,2,155,2770,29,11,2016,3,17,49,0,1,7,4,6,"POPES CROSSING","ALAMAC RD",99999,34.56686944,-79.00163611,0,12,6,0,2,2,0,1,2,1,0,1,0,"0000000",17,49,17,59,18,34,0,0,0,1,0
37,371355,2,2,0,0,0,2,2,193,5040,7,11,2016,2,22,13,1,2,2,1,2,"US-421","",99999,36.14446944,-81.17669167,0,12,1,1,17,1,0,1,3,1,0,1,0,"0000000",22,13,22,17,22,52,0,0,0,1,0
37,371356,2,2,0,0,0,9,9,183,3750,13,12,2016,3,15,10,0,2,7,4,6,"LYNN RD","VALLEY DR",99999,35.87273056,-78.67495278,0,12,6,0,2,98,0,1,1,1,0,1,0,"0000000",99,99,99,99,99,99,0,0,0,1,0
37,371357,1,1,0,0,0,2,2,193,5040,26,12,2016,2,23,20,0,1,4,3,5,"FALLS RD","",99999,36.09326944,-81.186075,0,32,0,0,1,1,0,4,2,10,2,2,0,"0000000",23,14,23,21,99,99,0,0,0,1,0
38,380001,1,1,0,0,0,2,2,35,0,10,1,2016,1,16,10,0,1,7,2,4,"CR-30TH SE NE","",0,47.70065,-97.47448889,0,34,0,0,1,1,0,4,1,1,0,1,0,"0000000",16,16,16,29,17,19,0,0,0,1,0
38,380002,2,2,0,0,0,2,2,53,0,13,1,2016,4,6,33,1,1,3,1,2,"US-85","",1170,48.05753056,-103.66038889,0,12,6,0,1,1,0,1,4,1,0,1,0,"0000000",6,32,6,47,7,25,0,0,0,1,0
38,380003,1,1,0,0,0,2,2,45,1730,15,1,2016,6,3,7,0,1,7,4,6,"1ST ST","",0,46.36205,-98.29296111,0,42,0,0,1,1,0,4,2,1,0,1,0,"0000000",3,18,3,27,4,11,0,0,0,1,1
38,380004,2,2,0,0,0,2,2,105,0,20,1,2016,4,9,54,0,1,4,1,3,"SR-1804","",3344,48.0376,-103.88323056,0,12,6,0,1,1,0,1,1,10,0,10,0,"0000000",9,57,10,10,88,88,0,0,0,1,0
38,380005,1,1,0,0,0,1,1,49,0,23,1,2016,7,6,41,1,1,3,1,2,"US-2","3RD ST SW (8TH AVE NE)",1916,48.33591111,-100.4087,0,1,0,0,3,3,0,3,2,1,0,1,0,"0000000",99,99,99,99,8,2,0,0,0,1,1
38,380006,2,2,0,0,0,3,3,53,0,5,2,2016,6,7,51,1,1,3,1,2,"US-85","",1796,48.09106111,-103.6971,0,12,6,0,1,1,0,1,4,1,0,1,0,"0000000",8,2,8,15,88,88,0,0,0,1,1
38,380007,3,3,0,0,0,4,4,13,0,12,2,2016,6,22,31,1,1,3,1,2,"US-52","",214,48.89423889,-102.25648889,0,12,1,0,1,1,0,1,2,1,0,1,0,"093216L",99,99,99,99,88,88,0,0,0,2,0
38,380008,2,2,0,0,0,2,2,73,0,26,2,2016,6,18,56,0,1,4,1,3,"SR-46","SR-32",799,46.62993889,-97.67898056,0,12,6,0,2,3,0,1,5,1,0,1,0,"0000000",19,0,19,12,99,99,0,0,0,1,1
38,380009,1,1,0,0,0,1,1,75,0,5,3,2016,7,0,15,0,1,7,2,4,"CR-52NS AVE NW","",0,48.74711944,-101.84645,0,35,0,0,1,1,0,4,2,1,0,1,0,"0000000",1,24,1,37,99,96,2,0,0,1,1
38,380010,1,1,0,0,0,1,1,15,370,5,2,2016,6,22,31,1,2,3,4,6,"BOULEVARD AVE","S 7TH ST",0,46.81641944,-100.78166944,0,38,0,0,3,2,0,5,3,1,0,1,0,"0000000",23,35,23,38,0,33,0,0,0,1,1
38,380011,2,2,0,0,0,2,2,57,1500,6,3,2016,1,16,12,0,1,7,4,6,"MAIN ST","9TH AVE W",0,47.29473056,-101.63778056,0,12,6,0,2,3,0,1,1,1,0,1,0,"0000000",16,14,16,22,16,45,0,0,0,1,0
38,380012,1,1,0,0,0,2,2,101,0,12,3,2016,7,19,0,1,1,3,1,2,"US-83","",1770,47.89671111,-101.2923,0,35,0,0,1,1,0,3,5,1,0,1,0,"0000000",19,1,19,16,88,88,0,0,0,2,1
38,380013,1,1,0,0,0,1,1,33,0,14,3,2016,2,19,15,0,1,5,2,4,"CR-35TH ST SW","",0,46.90445,-103.83045,0,1,0,0,1,1,0,1,2,1,0,1,0,"0000000",19,17,19,36,88,88,0,0,0,1,1
38,380014,1,1,0,0,0,2,2,59,1990,2,4,2016,7,15,0,1,1,1,1,1,"I-94","",1553,46.82395556,-100.84623333,0,35,0,0,1,1,0,3,1,1,0,1,0,"0000000",15,0,15,7,15,24,0,0,0,1,1
38,380015,1,1,0,0,0,4,4,79,0,8,4,2016,6,0,15,0,1,5,50,4,"CR-35TH AVE NE BIA 15","",0,48.90683056,-99.94181111,3,1,0,0,1,1,0,4,2,1,0,1,0,"0000000",0,34,0,50,1,30,0,0,0,1,1
38,380016,2,2,0,0,0,5,5,59,0,14,4,2016,5,19,5,0,1,4,1,3,"SR-1806","",379,46.46648889,-100.63021111,0,12,2,0,1,1,0,1,1,10,0,10,0,"0000000",19,11,19,38,20,38,0,0,0,2,1
38,380017,1,1,0,0,0,1,1,61,0,22,4,2016,6,3,45,1,1,3,1,2,"US-2","",865,48.31274722,-102.47185,0,1,0,0,1,1,0,4,2,1,0,1,0,"0000000",3,54,4,5,88,88,0,0,0,1,1
38,380018,2,2,0,0,0,4,4,37,550,22,4,2016,6,13,54,0,1,3,1,3,"SR-21","",894,46.41404167,-101.58001389,0,12,6,0,1,1,0,1,1,6,0,6,0,"0000000",13,57,14,18,14,46,0,0,0,1,0
38,380019,1,1,0,0,0,1,1,71,0,1,5,2016,1,99,99,0,1,4,1,3,"SR-20","",1192,48.33891944,-98.87643889,0,1,0,0,1,1,0,4,2,1,0,1,0,"0000000",8,39,8,53,88,88,0,0,0,1,0
38,380020,1,1,0,0,0,1,1,55,0,5,5,2016,5,17,25,0,1,4,1,3,"SR-41","",229,47.45866944,-100.71648889,0,34,0,0,1,1,0,4,1,1,0,1,0,"0000000",99,99,99,99,99,99,0,0,0,1,0
38,380021,1,1,0,0,0,1,1,57,0,5,5,2016,5,19,19,0,1,3,1,3,"SR-200","",1582,47.30601667,-101.49061111,0,1,0,0,1,1,0,4,1,1,0,1,0,"0000000",19,22,19,32,19,44,0,0,0,1,1
38,380022,2,2,0,0,0,2,2,53,0,8,5,2016,1,6,40,1,1,3,1,2,"US-85","",1782,48.06877778,-103.67705,0,12,2,0,1,1,0,1,1,1,0,1,0,"0000000",99,99,99,99,8,19,0,0,0,1,1
38,380023,1,1,0,0,0,1,1,59,1990,9,5,2016,2,0,47,0,1,4,4,6,"OLD RED TRAIL","",0,46.85296389,-100.92084167,0,33,0,0,1,1,0,4,3,1,0,1,0,"0000000",99,99,99,99,88,88,0,0,0,1,1
38,380024,2,2,0,0,0,2,2,93,0,11,5,2016,4,14,41,1,1,3,1,2,"US-52","",2602,46.97475,-98.7474,0,12,1,0,1,1,0,1,1,1,0,1,0,"0000000",14,42,14,49,15,28,0,0,0,1,0
38,380025,1,1,0,0,0,1,1,9,0,15,5,2016,1,2,0,0,1,5,2,4,"CR-11TH AVE NE","",0,48.79503056,-100.46774444,0,1,0,0,1,1,0,4,2,10,0,10,0,"0000000",2,24,2,32,88,88,0,0,0,1,1
38,380026,1,1,0,1,1,1,1,93,1600,17,5,2016,3,15,35,0,1,4,4,6,"3RD ST SE","7TH AVE SE",0,46.90639167,-98.69929167,0,9,0,0,2,2,0,1,1,1,0,1,0,"0000000",15,39,15,42,15,53,16,0,0,1,0
38,380027,1,1,0,0,0,1,1,21,0,19,5,2016,5,0,8,0,1,4,1,3,"SR-1","",79,46.00868056,-98.09375,0,1,0,0,1,1,0,4,2,1,0,1,0,"0000000",99,98,99,98,88,88,0,0,0,1,1
38,380028,2,2,0,0,0,3,3,79,0,20,5,2016,6,21,30,0,1,7,62,4,"CR-98TH ST NE","CR-39TH AVE NE",0,48.83445278,-99.85396667,3,12,6,0,2,2,0,1,2,99,0,99,0,"0000000",21,30,21,44,99,99,0,0,0,2,2
38,380029,1,1,0,1,1,4,4,5,0,21,5,2016,7,16,46,0,1,7,62,4,"CR-79TH AVE NE   BIA 1","",0,47.99143333,-98.88228889,3,8,0,0,1,1,0,1,1,99,0,99,0,"0000000",99,99,99,99,99,99,0,0,0,1,1
38,380030,1,1,0,0,0,2,2,39,0,28,5,2016,7,2,21,0,1,5,1,3,"SR-65","",17,47.55786667,-98.29287778,0,1,0,0,1,1,0,4,2,10,0,10,0,"0000000",2,45,3,1,3,30,0,0,0,1,1