"STATE","ST_CASE","VE_TOTAL","VE_FORMS","PVH_INVL","PEDS","PERNOTMVIT","PERMVIT","PERSONS","COUNTY","CITY","DAY","MONTH","YEAR","DAY_WEEK","HOUR","MINUTE","NHS","RUR_URB","FUNC_SYS","RD_OWNER","ROUTE","TWAY_ID","TWAY_ID2","MILEPT","LATITUDE","LONGITUD","SP_JUR","HARM_EV","MAN_COLL","RELJCT1","RELJCT2","TYP_INT","WRK_ZONE","REL_ROAD","LGT_COND","WEATHER1","WEATHER2","WEATHER","SCH_BUS","RAIL","NOT_HOUR","NOT_MIN","ARR_HOUR","ARR_MIN","HOSP_HR","HOSP_MN","CF1","CF2","CF3","FATALS","DRUNK_DR"
38,380031,1,1,0,7,7,1,1,69,0,28,5,2016,7,16,27,0,1,4,1,3,"SR-17","",145,48.50149722,-99.72282222,0,49,0,0,1,1,0,1,1,1,0,1,0,"0000000",16,27,16,52,18,12,0,0,0,1,0
38,380032,2,2,0,0,0,3,3,77,0,3,6,2016,6,12,40,1,1,1,1,1,"I-29","",4,45.941375,-96.83998889,0,12,6,1,5,1,1,1,1,2,0,2,0,"0000000",12,42,12,51,13,38,0,0,0,2,0
38,380033,1,1,0,0,0,1,1,55,0,6,6,2016,2,13,40,1,1,3,1,2,"US-83","",1170,47.18889167,-100.87932778,0,1,0,0,1,1,0,3,1,1,0,1,0,"0000000",13,40,13,47,14,38,0,0,0,1,0
38,380034,2,2,0,0,0,3,3,59,0,7,6,2016,3,16,26,0,1,5,2,4,"CR-MORTON COUNTY ROAD 139","",0,46.85051111,-101.25591111,0,12,1,0,1,1,0,1,1,1,0,1,0,"0000000",99,99,99,99,17,30,0,0,0,1,0
38,380035,2,2,0,0,0,2,2,55,0,12,6,2016,1,22,35,1,1,3,1,2,"US-83","CR-17TH ST NW",1606,47.66145,-101.28958333,0,12,6,0,2,2,0,1,2,10,0,10,0,"0000000",22,35,22,43,23,11,0,0,0,1,0
38,380036,2,2,0,0,0,3,3,49,0,14,6,2016,3,17,45,0,1,5,2,4,"CR-4TH AVE N MCHENRY CO RD 7","",0,47.98206111,-100.67010278,0,12,6,0,1,1,0,1,1,1,0,1,0,"0000000",17,52,18,5,19,11,0,0,0,1,0
38,380037,1,1,0,0,0,1,1,59,0,23,6,2016,5,16,15,1,1,1,1,1,"I-94","",1028,46.86655,-101.9396,0,35,0,1,5,1,0,4,1,1,0,1,0,"0000000",99,99,99,99,88,88,20,0,0,1,1
38,380038,1,1,0,0,0,1,1,53,0,28,6,2016,3,0,30,0,1,5,1,3,"SR-73","",104,47.77903611,-102.73791667,3,1,0,0,1,1,0,4,2,1,0,1,0,"0000000",1,25,2,15,88,88,0,0,0,1,1
38,380039,1,1,0,0,0,2,2,55,0,28,6,2016,3,8,28,0,1,7,2,4,"CR-13TH ST NW BIS 18","",0,47.60273333,-102.00448611,3,35,0,0,1,1,0,4,1,1,0,1,0,"0000000",8,25,9,10,99,99,0,0,0,1,0
38,380040,1,1,0,0,0,1,1,7,0,29,6,2016,4,15,5,1,1,1,1,1,"I-94","",272,46.91702222,-103.49186667,0,1,0,1,20,1,0,1,1,1,0,1,0,"0000000",15,9,15,12,88,88,0,0,0,1,0
38,380041,1,1,0,0,0,1,1,21,2390,1,7,2016,6,21,8,0,1,7,4,6,"15TH ST N","",0,46.13856389,-98.07868333,0,1,0,0,1,1,0,4,1,1,0,1,0,"0000000",21,11,21,15,99,99,0,0,0,1,1
38,380042,1,1,0,0,0,2,2,43,0,2,7,2016,7,5,40,0,1,3,1,3,"SR-3","",1018,46.98491389,-99.93992778,0,1,0,0,1,1,0,4,4,1,0,1,0,"0000000",5,48,6,5,7,24,0,0,0,1,0
38,380043,2,2,0,0,0,5,5,79,0,5,7,2016,3,16,8,1,1,3,1,2,"US-281","CR-BIA 13",2462,48.80568333,-99.89803056,3,12,1,0,2,2,0,1,1,1,0,1,0,"0000000",16,9,16,17,16,39,0,0,0,2,1
38,380044,1,1,0,0,0,1,1,53,3280,9,7,2016,7,19,4,1,1,3,1,2,"US-85","SR-23",1409,47.76473889,-103.29291111,0,1,0,0,1,1,0,4,1,1,0,1,0,"0000000",19,8,19,13,88,88,0,0,0,1,0
38,380045,1,1,0,0,0,2,2,61,0,10,7,2016,1,16,30,0,1,7,2,4,"CR-83RD AVE NW","",0,48.32299722,-102.41845556,0,34,0,0,1,1,0,4,1,1,0,1,0,"0000000",16,36,16,41,16,59,0,0,0,1,0
38,380046,2,2,0,0,0,7,7,9,0,16,7,2016,7,21,25,0,1,5,2,4,"CR-11TH AVE NE","CR-94TH ST NE",0,48.77726111,-100.46783889,0,12,6,0,2,2,0,1,5,1,0,1,0,"0000000",21,27,21,35,21,54,0,0,0,1,1
38,380047,1,1,0,0,0,1,1,101,2170,17,7,2016,1,16,59,0,2,7,4,6,"4TH AVE NW","",0,48.23953056,-101.29841944,0,3,0,0,1,1,0,5,1,1,0,1,0,"0000000",17,1,17,3,17,27,0,0,0,1,0
38,380048,1,1,0,0,0,1,1,89,0,21,7,2016,5,9,30,1,1,1,1,1,"I-94","",693,46.87866111,-102.63072222,0,1,0,0,1,1,0,4,1,1,0,1,0,"0000000",9,32,9,44,88,88,0,0,0,1,0
38,380049,2,2,0,0,0,3,3,59,0,21,7,2016,5,15,39,1,1,1,1,1,"I-94","",1335,46.86136944,-101.29490278,0,12,8,0,1,1,0,1,1,1,0,1,0,"0000000",99,98,99,98,88,88,0,0,0,1,0
38,380050,1,1,0,0,0,1,1,69,0,22,7,2016,6,11,56,0,1,3,1,3,"SR-3","",1923,48.22451111,-99.999,0,35,0,0,1,1,0,4,1,1,0,1,0,"0000000",99,99,99,99,88,88,0,0,0,1,0
38,380051,2,2,0,0,0,4,4,15,370,24,7,2016,1,14,39,0,2,3,4,6,"S WASHINGTON ST","RENE AVE W",0,46.79021667,-100.79457222,0,12,6,0,2,2,0,1,1,1,0,1,0,"0000000",14,42,14,47,15,2,0,0,0,1,0
38,380052,2,2,0,0,0,2,2,101,0,24,7,2016,1,18,15,0,1,5,2,4,"CR-15W","CR-54TH ST NW",0,48.25024722,-101.37158056,0,12,6,0,2,3,0,1,1,1,0,1,0,"0000000",18,18,18,25,18,47,0,0,0,1,0
38,380053,1,1,0,0,0,1,1,17,0,26,7,2016,3,22,37,1,1,1,1,1,"I-29","",534,46.71233056,-96.83031944,0,52,0,0,1,1,0,4,2,1,0,1,0,"0000000",22,38,22,55,88,88,20,0,0,1,1
38,380054,2,2,0,0,0,4,4,57,0,31,7,2016,1,9,48,0,1,5,1,3,"SR-1806","CR-RTE 27",1459,47.47303333,-101.63164722,0,12,6,0,2,2,0,1,1,1,0,1,0,"0000000",9,51,10,14,10,43,0,0,0,1,0
38,380055,1,1,0,0,0,2,2,17,1020,31,7,2016,1,18,30,0,2,4,2,4,"CR-OLD US HWY 81","",0,46.90703889,-96.82711944,0,1,0,0,1,1,0,4,1,1,0,1,0,"0000000",18,36,18,45,19,10,0,0,0,1,1
38,380056,1,1,0,0,0,1,1,53,0,3,8,2016,4,14,34,0,1,5,1,3,"SR-1806","",2972,48.00284167,-103.19817222,0,1,0,0,1,1,0,4,1,1,0,1,0,"0000000",14,45,15,4,88,88,0,0,0,1,1
38,380057,1,1,0,0,0,1,1,61,0,5,8,2016,6,12,0,0,1,4,1,3,"SR-8","",1380,48.06209722,-102.35384444,0,32,0,0,1,1,0,4,1,1,0,1,0,"0000000",12,5,12,17,88,88,0,0,0,1,0
38,380058,1,1,0,0,0,1,1,33,0,9,8,2016,3,14,25,0,1,7,2,4,"CR-28TH ST SW","",0,47.00812778,-103.93306667,0,1,0,0,1,1,0,4,1,1,0,1,0,"0000000",16,30,16,47,88,88,0,0,0,1,0
38,380059,2,2,0,0,0,2,2,15,370,15,8,2016,2,15,38,0,2,7,4,6,"MAIN AVE","",0,46.808875,-100.72715833,0,12,6,0,8,1,0,1,1,1,0,1,0,"0000000",15,39,15,42,15,53,0,0,0,1,0
38,380060,2,2,0,0,0,6,6,101,0,19,8,2016,6,21,30,1,1,3,1,2,"US-52","",530,48.56611944,-101.97984444,0,11,0,0,1,1,0,1,2,1,0,1,0,"0000000",21,44,22,20,88,88,0,0,0,1,1
38,380061,1,1,0,0,0,2,2,55,0,21,8,2016,1,2,45,0,1,7,2,5,"CR-MCCLUSKY CANAL ROAD","",0,47.53454167,-100.897175,0,1,0,0,1,1,0,4,2,1,0,1,0,"0000000",99,99,99,99,99,99,0,0,0,1,1
38,380062,2,2,0,1,1,5,5,23,0,23,8,2016,3,18,25,0,1,3,1,3,"SR-5","",377,48.89446111,-103.24573889,0,12,1,0,1,1,1,1,1,1,0,1,0,"0000000",18,26,18,30,18,46,15,0,0,3,0
38,380063,1,1,0,1,1,1,1,19,1750,27,8,2016,7,20,50,0,1,3,1,3,"SR-5","",2795,48.76126667,-98.35341389,0,8,0,0,1,1,0,1,5,1,0,1,0,"0000000",20,58,21,5,88,88,0,0,0,1,0
38,380064,1,1,0,0,0,2,2,39,0,30,8,2016,3,19,20,0,1,3,1,3,"SR-200","",3447,47.44270833,-98.03637222,0,1,0,0,1,1,0,4,5,1,0,1,0,"0000000",19,23,19,36,99,99,0,0,0,1,1
38,380065,2,2,0,0,0,2,2,3,0,31,8,2016,4,22,55,0,1,3,1,3,"SR-1","",565,46.70358611,-98.08156111,0,12,2,0,1,1,0,1,2,1,0,1,0,"0000000",23,1,23,19,0,44,0,0,0,1,1
38,380066,1,1,0,0,0,2,2,25,0,28,8,2016,1,17,5,0,1,7,50,4,"CR-20 ST NW BIA 12","",0,47.70325,-102.57714722,3,1,0,0,1,1,0,4,1,1,0,1,0,"0000000",17,14,99,99,99,99,0,0,0,1,1
38,380067,1,1,0,0,0,1,1,59,1990,3,9,2016,7,2,43,0,2,7,4,6,"TWIN CITY DR","",0,46.82883333,-100.86601389,0,33,0,0,1,1,0,4,3,1,0,1,0,"0000000",2,40,2,50,3,16,0,0,0,1,0
38,380068,2,2,0,0,0,4,4,17,0,6,9,2016,3,15,20,0,1,5,2,4,"CR-CASS COUNTY RD 20","CR-45TH ST N",0,46.93421111,-96.86133611,0,12,6,0,2,2,0,1,1,1,0,1,0,"0000000",88,88,88,88,88,88,0,0,0,1,1
38,380069,1,1,0,0,0,1,1,101,0,10,9,2016,7,20,15,0,1,5,2,4,"CR-142ND ST SW","",0,47.99126389,-101.50783333,0,1,0,0,1,1,0,4,5,1,0,1,0,"0000000",20,28,20,50,88,88,0,0,0,1,1
38,380070,1,1,0,0,0,1,1,21,0,16,9,2016,6,20,19,0,1,4,1,3,"SR-11","",674,46.02417778,-98.71488056,0,35,0,0,1,1,0,4,2,1,0,1,0,"0000000",99,99,99,99,88,88,0,0,0,1,1
38,380071,2,2,0,0,0,2,2,59,0,23,9,2016,6,17,47,1,1,1,1,1,"I-94","",1319,46.86126667,-101.32856667,0,12,1,0,1,1,0,1,1,2,0,2,0,"0000000",99,99,99,99,18,37,14,0,0,1,0
38,380072,1,1,0,0,0,1,1,15,0,23,9,2016,6,18,2,1,1,3,1,2,"US-83","",529,46.650375,-100.29124722,0,1,0,0,1,1,0,4,1,10,0,10,0,"0000000",18,1,18,30,19,40,0,0,0,1,1
38,380073,1,1,0,0,0,2,2,61,2480,24,9,2016,7,6,33,0,1,7,4,6,"MAIN STREET","",0,47.95921667,-102.13339167,3,33,0,0,1,1,0,4,3,5,2,2,0,"0000000",6,12,6,19,88,88,0,0,0,1,1
38,380074,1,1,0,0,0,1,1,89,0,28,9,2016,4,15,0,0,1,5,2,4,"CR-100TH ST SW","",0,46.90178333,-102.55968333,0,1,0,0,1,1,0,4,1,1,0,1,0,"0000000",15,36,15,54,88,88,0,0,0,1,1
38,380075,1,1,0,0,0,1,1,17,0,29,9,2016,5,19,8,0,1,4,1,3,"SR-18","",715,46.848675,-97.22140278,0,35,0,0,1,1,0,4,5,1,0,1,0,"0000000",19,15,19,21,19,56,0,0,0,1,0
38,380076,2,2,0,0,0,2,2,63,2520,2,10,2016,1,15,40,1,1,3,1,2,"US-2","",3111,48.00901667,-98.00764444,0,59,0,0,1,1,1,4,1,1,0,1,0,"0000000",15,42,15,56,16,54,0,0,0,1,0
38,380077,2,2,0,0,0,4,4,3,0,8,10,2016,7,14,24,0,1,4,1,3,"SR-32","CR-18 ST SE",921,47.15282778,-97.79098611,0,12,6,0,2,2,0,1,1,10,0,10,0,"0000000",14,25,14,51,99,99,0,0,0,1,0
38,380078,2,2,0,0,0,3,3,15,0,10,10,2016,2,7,24,0,1,3,1,3,"SR-1804","",756,46.76251667,-100.763125,0,12,1,0,1,1,0,1,1,1,0,1,0,"0000000",7,29,7,46,7,55,20,0,0,1,1
38,380079,1,1,0,0,0,1,1,99,0,10,10,2016,2,8,25,1,1,1,1,1,"I-29","",1616,48.20794167,-97.18895833,0,21,0,1,19,1,0,4,1,1,0,1,0,"0000000",8,33,8,56,88,88,0,0,0,1,0
38,380080,1,1,0,1,1,1,1,77,0,13,10,2016,5,23,40,1,1,1,1,1,"I-29","",210,46.23868611,-96.834375,0,8,0,0,1,1,0,1,2,1,0,1,0,"0000000",99,98,99,98,88,88,0,0,0,1,0
38,380081,1,1,0,0,0,1,1,5,0,15,10,2016,7,10,47,0,1,5,50,4,"CR-88TH AVE","",0,47.99751111,-98.69725278,3,1,0,0,1,1,0,4,1,1,0,1,0,"0000000",10,50,11,4,88,88,0,0,0,1,1
38,380082,2,2,0,0,0,3,3,49,840,17,10,2016,2,17,24,1,1,3,1,2,"US-52","",1146,47.91988889,-100.37901944,0,12,6,0,8,1,0,1,1,10,0,10,0,"0000000",17,24,17,50,18,22,0,0,0,1,0
38,380083,2,2,0,0,0,7,7,61,0,17,10,2016,2,21,35,0,1,3,1,3,"SR-23","SR-8",564,47.977775,-102.34355278,3,12,6,0,2,2,0,1,3,10,0,10,0,"0000000",21,31,21,40,99,99,0,0,0,4,1
38,380084,1,1,0,0,0,2,2,53,0,21,10,2016,6,0,14,0,1,4,1,3,"SR-22","",1442,47.82061111,-102.71458333,3,1,0,0,1,1,0,1,2,1,0,1,0,"0000000",99,99,99,99,99,99,0,0,0,1,0
38,380085,2,2,0,0,0,5,5,57,0,22,10,2016,7,12,21,0,1,3,1,3,"SR-49","SR-200",1044,47.29908056,-101.78570278,0,12,6,0,2,2,0,1,1,1,0,1,0,"0000000",12,7,12,17,13,6,0,0,0,1,0
38,380086,2,2,0,0,0,2,2,77,0,27,10,2016,5,6,39,0,1,5,2,4,"CR-182ND AVE SE RED RIVER ROAD","",0,46.32015,-96.61140833,0,12,2,0,8,1,0,1,2,1,0,1,0,"0000000",6,40,6,55,88,88,0,0,0,1,0
38,380087,1,1,0,1,1,1,1,39,0,2,11,2016,4,14,45,0,1,5,2,4,"CR-114 AVE SE","",0,47.41019167,-98.11347222,0,9,0,0,1,1,0,1,1,1,0,1,0,"0000000",14,50,14,58,15,15,0,0,0,1,0
38,380088,1,1,0,1,1,1,1,73,0,4,11,2016,6,5,30,0,1,4,1,3,"SR-32","",377,46.45865,-97.67893889,0,8,0,0,1,1,0,1,2,99,0,99,0,"0000000",9,10,9,16,88,88,0,0,0,1,0
38,380089,1,1,0,0,0,1,1,99,0,5,11,2016,7,19,0,0,1,7,2,4,"CR-159 AVE NE","",0,48.371325,-97.21175556,0,34,0,0,1,1,0,4,2,1,0,1,0,"0000000",99,98,99,98,88,88,0,0,0,1,1
38,380090,1,1,0,0,0,1,1,99,0,6,11,2016,1,99,99,0,1,6,1,3,"SR-32","",1776,48.19883889,-97.86048333,0,34,0,0,1,1,0,4,9,1,0,1,0,"0000000",7,29,7,55,88,88,0,0,0,1,1
38,380091,1,1,0,0,0,1,1,5,0,10,11,2016,5,22,13,0,1,7,50,8,"BIA 15  SKI JUMP RD","",0,47.98753056,-98.92696111,3,34,0,0,1,1,0,4,6,98,0,98,0,"0000000",22,13,22,14,88,88,0,0,0,1,1
38,380092,1,1,0,0,0,1,1,43,0,12,11,2016,7,20,34,0,1,5,1,3,"SR-36","",356,47.14015278,-100.03814722,0,1,0,0,1,1,0,4,2,1,0,1,0,"0000000",20,43,99,99,88,88,0,0,0,1,1
38,380093,1,1,0,1,1,1,1,17,1020,14,11,2016,2,14,40,0,2,5,4,6,"36TH ST S","",0,46.82820833,-96.83909722,0,9,0,0,4,1,0,1,1,1,0,1,0,"0000000",14,45,14,49,15,11,0,0,0,1,0
38,380094,2,2,0,0,0,3,3,89,0,16,11,2016,4,11,22,1,1,1,1,1,"I-94","",580,46.89066944,-102.8619,0,12,1,0,1,1,0,1,1,1,0,1,0,"0000000",11,26,11,30,88,88,0,0,0,1,0
38,380095,1,1,0,1,1,1,1,15,0,20,11,2016,1,2,24,0,1,5,2,4,"CR-123RD AVE NE","",0,46.939125,-100.61623889,0,8,0,0,1,1,0,1,2,1,0,1,0,"0000000",2,27,3,4,3,37,0,0,0,1,1
38,380096,1,1,0,0,0,2,2,55,0,26,11,2016,7,12,34,0,1,4,1,3,"SR-37","",533,47.63939444,-101.47570556,0,1,0,0,1,1,0,4,1,1,0,1,0,"0000000",12,34,12,40,14,21,0,0,0,1,1
38,380097,1,1,0,0,0,1,1,71,0,3,12,2016,7,3,0,0,1,5,2,4,"CR-91ST AVE NE RAMSEY 3","",0,48.21280833,-98.66011667,0,1,0,0,1,1,0,4,2,10,0,10,0,"0000000",7,53,8,12,88,88,0,0,0,1,1
38,380098,2,2,0,0,0,4,4,53,0,3,12,2016,7,20,54,0,1,3,1,3,"SR-23","",394,47.97391389,-102.70300833,3,12,6,0,1,1,0,1,2,4,0,4,0,"0000000",20,58,21,15,22,42,0,0,0,1,0
38,380099,1,1,0,0,0,1,1,93,1600,9,12,2016,6,11,28,0,1,7,4,6,"20TH ST SW","4TH AVE SW",0,46.88807778,-98.71225278,0,42,0,0,3,3,0,4,1,1,0,1,0,"0000000",11,32,11,40,12,5,0,0,0,1,0
38,380100,1,1,0,0,0,1,1,85,0,2,3,2016,4,10,56,0,1,7,50,4,"CR-71ST ST SW","",0,46.38568611,-100.62696667,3,1,0,0,1,1,0,4,1,99,0,99,0,"0000000",11,2,11,19,12,9,0,0,0,1,0
38,380101,1,1,0,1,1,2,2,85,515,20,4,2016,4,21,17,0,1,7,50,5,"8TH AVE SW","",0,46.38927222,-100.58893056,3,8,0,0,1,1,0,1,2,1,0,1,0,"0000000",21,25,21,43,22,99,0,0,0,1,0
38,380102,1,1,0,1,1,3,3,79,2730,17,8,2016,4,7,2,0,1,7,3,6,"10TH ST  SW","",0,48.85216389,-99.62583889,0,8,0,0,1,1,0,1,1,1,0,1,0,"0000000",7,7,7,15,9,45,0,0,0,1,0
39,390001,1,1,0,0,0,2,2,51,0,1,1,2016,6,6,7,0,1,7,2,4,"CR-19","",0,41.55473333,-84.22952222,0,32,0,0,1,1,0,4,2,10,0,10,0,"0000000",6,3,6,12,6,53,0,0,0,1,0
39,390002,1,1,0,0,0,1,1,49,1800,3,1,2016,1,2,35,1,2,1,1,1,"I-70","",52,39.97709722,-83.14895556,0,43,0,0,1,1,0,4,3,1,0,1,0,"0000000",88,88,88,88,88,88,0,0,0,1,1
39,390003,2,2,0,0,0,4,4,141,2700,4,1,2016,2,20,22,0,1,7,4,6,"MAIN ST","WALNUT ST",0,39.4006,-83.18101944,0,12,6,0,2,2,0,1,3,1,0,1,0,"0000000",20,23,20,35,88,88,0,0,0,1,1
39,390004,1,1,0,0,0,1,1,129,0,4,1,2016,2,6,0,1,2,3,1,2,"US-23","",224,39.80040556,-82.99734444,0,59,0,0,1,1,0,4,2,10,0,10,0,"0000000",6,4,6,8,88,88,0,0,0,1,0
39,390005,2,2,0,0,0,3,3,97,0,9,1,2016,7,12,55,1,1,1,1,1,"I-70","",123,39.96304444,-83.30881111,0,26,0,0,1,1,0,3,1,10,0,10,0,"0000000",12,57,13,14,13,49,0,0,0,1,0
39,390006,1,1,0,0,0,2,2,113,2090,12,1,2016,3,13,0,0,2,3,4,6,"HARSHMAN RD","",0,39.7917,-84.1267,0,42,0,0,1,1,4,4,1,10,0,10,0,"0000000",13,3,13,10,13,45,0,0,0,1,0
39,390007,2,2,0,0,0,5,5,41,0,12,1,2016,3,14,51,0,1,4,1,3,"SR-61","SR-656",47,40.31073056,-82.84636389,0,12,6,0,2,2,0,1,1,10,0,10,0,"0000000",14,48,15,5,15,44,0,0,0,1,0
39,390008,2,2,0,0,0,3,3,165,0,12,1,2016,3,13,24,1,2,1,1,1,"I-75","",7,39.44738333,-84.33156667,0,12,1,0,1,1,0,1,1,1,0,1,0,"0000000",13,19,13,28,13,54,0,0,0,1,0
39,390009,7,4,3,0,0,5,5,41,0,14,1,2016,5,16,52,0,1,4,1,2,"US-36","CR-605",260,40.26036944,-82.78760556,0,12,6,0,2,2,0,1,1,10,0,10,0,"0000000",16,50,16,55,88,88,0,0,0,1,0
39,390010,2,2,0,0,0,3,3,11,0,14,1,2016,5,17,0,1,1,3,1,2,"US-33","",255,40.55703333,-83.99271389,0,12,2,0,1,1,0,4,1,10,0,10,0,"0000000",99,99,99,99,99,99,0,0,0,1,0
39,390012,1,1,0,1,1,1,1,173,0,16,1,2016,7,9,24,0,1,7,2,6,"SAND RIDGE RD","",0,41.3487,-83.7254,0,9,0,0,1,1,0,1,1,10,0,10,0,"0000000",9,25,9,32,99,99,0,0,0,1,0
39,390013,1,1,0,0,0,1,1,79,0,18,1,2016,2,18,5,0,1,5,1,3,"SR-279","",76,38.91074722,-82.63566389,0,34,0,0,1,1,0,4,2,1,0,1,0,"0000000",88,88,88,88,88,88,0,0,0,1,1
39,390014,1,1,0,0,0,1,1,3,0,21,1,2016,5,18,30,0,1,7,2,6,"ACADIA RD","",0,40.77120833,-84.35863611,0,1,0,0,1,1,0,4,2,10,0,10,0,"0000000",18,42,18,53,88,88,0,0,0,1,1
39,390016,2,2,0,0,0,5,5,145,0,22,1,2016,6,22,36,0,1,5,2,4,"CR-1","CR-2",0,38.73929167,-82.85976389,0,12,6,0,2,2,0,1,3,4,0,4,0,"0000000",22,31,22,33,88,88,0,0,0,1,1
39,390017,1,1,0,0,0,2,2,113,2090,25,1,2016,2,4,1,0,2,5,4,6,"MCARTHUR AVE","",0,39.7333,-84.2397,0,33,0,0,1,1,0,4,3,1,0,1,0,"0000000",4,17,4,27,4,46,0,0,0,1,1
39,390018,2,2,0,0,0,2,2,173,6490,26,1,2016,3,1,20,1,2,1,1,1,"I-75","",279,41.55915833,-83.59175,0,12,1,0,1,1,0,1,3,2,0,2,0,"0000000",1,22,1,28,1,49,0,0,0,1,0
39,390019,2,2,0,0,0,2,2,151,6348,30,1,2016,7,8,29,0,1,4,1,3,"SR-183","",71,40.82595556,-81.09953333,0,12,6,0,1,1,0,1,1,1,0,1,0,"0000000",8,30,8,33,9,0,0,0,0,1,1
39,390020,1,1,0,0,0,1,1,49,1800,1,1,2016,6,14,0,0,2,5,2,4,"CR-11 ALKIRE RD","",0,39.90298889,-83.18291111,0,30,0,0,1,1,0,4,1,1,0,1,0,"0000000",14,6,14,13,88,88,0,0,0,1,1
39,390021,1,1,0,0,0,1,1,93,0,6,1,2016,4,21,26,0,1,7,2,4,"CR-52 KIPTONNICKLE PLATE RD","",0,41.26435,-82.16704722,0,31,0,0,1,1,0,4,2,10,0,10,0,"0000000",21,26,21,33,88,88,0,0,0,1,1
39,390022,2,1,1,0,0,1,1,151,0,8,1,2016,6,1,58,1,2,3,2,4,"CR-66 CLEVELAND AVE","",0,40.93461944,-81.40235278,0,30,0,0,1,1,0,4,3,1,0,1,0,"0000000",2,7,2,12,2,52,0,0,0,1,0
39,390023,2,2,0,0,0,2,2,133,0,12,1,2016,3,7,16,1,2,3,1,2,"US-224","",15,41.02707778,-81.35833889,0,12,6,0,1,1,0,1,2,4,0,4,0,"0000000",7,21,7,29,8,15,0,0,0,1,0
39,390024,3,3,0,0,0,7,7,49,1800,3,1,2016,1,17,20,0,2,5,2,4,"CR-175 BRENTNELL AVE","",0,39.99486111,-82.9497,0,12,7,0,1,1,0,1,5,1,0,1,0,"0000000",17,22,17,35,17,51,0,0,0,1,1
39,390025,1,1,0,0,0,3,3,61,9999,3,1,2016,1,23,58,0,2,4,2,4,"CR-239 WINTON RD","",0,39.23946944,-84.50887778,0,53,0,0,1,1,0,5,3,10,0,10,0,"0000000",0,3,0,6,0,56,18,0,0,2,1
39,390026,1,1,0,0,0,1,1,141,0,14,1,2016,5,4,34,0,1,4,1,2,"US-50","",294,39.29748333,-82.89849722,0,59,0,0,1,1,0,4,2,1,0,1,0,"0000000",4,41,5,7,88,88,0,0,0,1,0
39,390027,1,1,0,0,0,1,1,135,9999,14,1,2016,5,19,49,0,1,5,1,3,"SR-725","",61,39.62586944,-84.70254167,0,34,0,0,1,1,0,4,2,10,0,10,0,"0000000",21,7,21,7,88,88,0,0,0,1,0
39,390028,2,2,0,0,0,2,2,35,1680,15,1,2016,6,8,45,1,2,3,1,2,"US-422 KINSMAN AVE","126TH ST",57,41.46628889,-81.59446389,0,12,2,0,2,2,0,1,1,1,0,1,0,"0000000",8,49,8,57,9,20,0,0,0,1,0
39,390029,1,1,0,0,0,2,2,99,670,16,1,2016,7,2,39,0,2,7,2,4,"CR-10 FIFTH ST","",0,40.92316111,-80.99826667,0,42,0,0,1,1,0,4,3,2,0,2,0,"0000000",2,43,2,49,3,45,0,0,0,1,1
39,390030,2,2,0,0,0,2,2,5,0,16,1,2016,7,14,52,0,1,5,1,2,"US-42","TR-653",109,40.89478611,-82.24953056,0,12,2,0,2,2,0,1,1,10,0,10,0,"0000000",14,58,15,4,15,23,0,0,0,1,0
39,390031,2,2,0,0,0,2,2,25,0,19,1,2016,3,13,48,0,2,4,1,3,"SR-132","CR-27 CHAPEL RD",84,39.03534444,-84.19725278,0,12,6,0,2,2,0,1,1,1,0,1,0,"0000000",13,48,13,50,14,45,0,0,0,1,0
39,390032,2,2,0,0,0,3,3,39,2130,19,1,2016,3,14,45,1,2,2,1,2,"US-24","SR-66 ON RAMP",66,41.30822778,-84.3556,0,12,2,1,5,1,0,1,1,1,0,1,0,"0000000",14,42,14,46,88,88,0,0,0,1,0
39,390033,2,2,0,0,0,3,3,49,1800,20,1,2016,4,19,2,0,2,4,2,4,"CR-9 OLENTANGY RIVER RD","MCCONNELL DR",0,40.03744722,-83.03245556,0,12,6,0,2,2,0,1,2,1,0,1,0,"0000000",19,14,19,28,19,30,0,0,0,1,0
39,390034,1,1,0,0,0,1,1,169,0,20,1,2016,4,7,44,0,1,7,3,5,"TR-39 SHIFFERLY RD","",0,40.87003333,-81.65818056,0,34,0,0,1,1,0,4,4,10,0,10,0,"0000000",7,49,7,54,88,88,0,0,0,1,0
39,390035,2,2,0,0,0,2,2,61,5070,24,1,2016,1,18,5,0,2,5,1,3,"SR-126 GLENDALE MILFORD","",254,39.176325,-84.30003056,0,12,2,0,1,1,0,1,3,1,0,1,0,"0000000",18,7,18,13,18,39,0,0,0,1,0
39,390036,2,2,0,0,0,2,2,141,0,20,1,2016,4,11,55,0,1,5,1,3,"SR-180","",44,39.43853056,-82.872575,0,12,1,0,1,1,0,1,1,4,0,4,0,"0000000",12,15,12,23,12,59,0,0,0,1,0
39,390037,2,1,1,0,0,1,1,35,1680,20,1,2016,4,11,10,1,2,1,1,1,"I-71 S","",118,41.43899444,-81.80150833,0,14,0,0,1,1,0,4,1,1,0,1,0,"0000000",10,59,11,2,11,34,19,0,0,1,0
39,390038,2,2,0,0,0,4,4,37,0,21,1,2016,5,15,6,0,1,7,3,5,"TR-6 OLIVER RD","",0,40.16527222,-84.59219444,0,12,6,0,8,1,0,1,1,1,0,1,0,"0000000",15,8,15,23,16,2,0,0,0,1,0
39,390039,2,2,0,0,0,2,2,17,3260,22,1,2016,6,21,38,0,2,4,2,4,"CR-2821 SYMMES RD","",0,39.34461667,-84.50847778,0,12,2,0,1,1,0,1,3,10,0,10,0,"0000000",21,38,21,44,22,14,0,0,0,1,0