"STATE","ST_CASE","VE_TOTAL","VE_FORMS","PVH_INVL","PEDS","PERNOTMVIT","PERMVIT","PERSONS","COUNTY","CITY","DAY","MONTH","YEAR","DAY_WEEK","HOUR","MINUTE","NHS","RUR_URB","FUNC_SYS","RD_OWNER","ROUTE","TWAY_ID","TWAY_ID2","MILEPT","LATITUDE","LONGITUD","SP_JUR","HARM_EV","MAN_COLL","RELJCT1","RELJCT2","TYP_INT","WRK_ZONE","REL_ROAD","LGT_COND","WEATHER1","WEATHER2","WEATHER","SCH_BUS","RAIL","NOT_HOUR","NOT_MIN","ARR_HOUR","ARR_MIN","HOSP_HR","HOSP_MN","CF1","CF2","CF3","FATALS","DRUNK_DR"
39,390040,2,2,0,0,0,2,2,151,0,25,1,2016,2,15,40,0,1,7,2,4,"CR-37 SWAMP ST","",0,40.97011111,-81.31996944,0,12,7,0,1,1,0,1,1,10,0,10,0,"0000000",15,48,15,56,16,34,0,0,0,1,0
39,390041,1,1,0,2,2,1,1,61,1610,27,1,2016,4,19,40,0,2,4,1,3,"SR-561 EDWARDS RD","CR-906 ERIE AVE",21,39.13968611,-84.44329167,0,8,0,0,2,2,0,1,3,1,0,1,0,"0000000",19,44,19,47,20,13,0,0,0,1,0
39,390043,2,2,0,2,2,2,2,93,4360,15,1,2016,6,21,45,0,2,5,4,6,"W OAKDALE AVE","W 23RD ST",0,41.44883889,-82.17246389,0,12,6,0,3,2,0,1,3,10,0,10,0,"0000000",21,42,21,45,22,2,0,0,0,1,1
39,390044,2,2,0,0,0,2,2,175,0,27,1,2016,4,18,11,1,1,3,1,2,"US-23","TR-44",171,40.87618889,-83.331125,0,12,6,0,7,1,0,1,2,1,0,1,0,"0000000",18,12,18,22,88,88,0,0,0,1,0
39,390045,1,1,0,0,0,1,1,55,0,29,1,2016,6,22,6,0,1,5,2,4,"CR-12","TR-104",0,41.51301667,-81.31329444,0,59,0,0,3,3,0,4,6,1,0,1,0,"0000000",22,9,22,15,99,99,0,0,0,1,0
39,390046,1,1,0,0,0,1,1,141,0,29,1,2016,6,1,44,1,1,2,1,2,"US-35","",270,39.2799,-82.88819167,0,59,0,0,1,1,0,3,2,1,0,1,0,"0000000",2,0,2,19,88,88,0,0,0,1,1
39,390047,2,2,0,0,0,3,3,71,0,29,1,2016,6,13,5,0,1,4,1,2,"US-50","",36,39.20485278,-83.80123611,0,12,6,0,1,1,0,2,1,1,0,1,0,"0000000",13,2,13,8,13,54,0,0,0,2,1
39,390048,1,1,0,2,2,1,1,85,9010,30,1,2016,7,18,27,0,2,5,4,6,"LOST NATION RD","",0,41.64977222,-81.40450278,0,8,0,0,1,1,0,99,3,1,0,1,0,"0000000",18,29,18,32,18,43,0,0,0,2,1
39,390049,1,1,0,1,1,2,2,49,1800,31,1,2016,1,18,17,0,2,3,1,6,"S HAMILTON RD","E LIVINGSTON AVE",0,39.94478056,-82.87783056,0,8,0,0,3,2,0,1,3,10,0,10,0,"0000000",18,19,18,20,19,56,0,0,0,1,0
39,390050,1,1,0,0,0,2,2,125,0,31,1,2016,1,2,25,0,1,5,1,3,"SR-49","",106,41.14356667,-84.72714722,0,42,0,0,1,1,0,4,2,10,0,10,0,"0000000",2,32,2,43,2,55,0,0,0,1,1
39,390051,1,1,0,0,0,1,1,145,0,31,1,2016,1,13,10,0,1,7,2,4,"CR-13","",0,38.7971,-82.79188333,0,38,0,0,1,1,0,4,1,10,0,10,0,"0000000",13,11,13,20,14,40,0,0,0,1,0
39,390052,2,2,0,0,0,3,3,7,2235,1,2,2016,2,17,20,0,1,5,1,3,"SR-307","CR-12",199,41.68540278,-80.68624722,0,12,6,0,2,3,0,1,1,1,0,1,0,"0000000",17,26,17,38,18,10,0,0,0,1,0
39,390053,2,2,0,0,0,2,2,49,0,2,2,2016,3,22,7,0,2,3,1,3,"SR-665","",107,39.83046944,-83.05271944,0,12,6,0,1,1,0,1,2,2,0,2,0,"0000000",22,5,22,11,22,41,0,0,0,1,0
39,390054,4,2,2,0,1,2,3,85,0,4,2,2016,5,9,49,1,2,1,1,1,"I-90","",132,41.65976944,-81.28959444,0,12,7,0,1,1,0,1,1,2,0,2,0,"0000000",9,45,9,53,88,88,0,0,0,1,0
39,390055,4,4,0,0,0,4,4,79,3720,5,2,2016,6,15,40,1,1,3,1,2,"US-35","",8,39.17615278,-82.74834444,0,12,7,0,8,1,0,1,1,1,0,1,0,"0000000",15,39,15,52,16,18,0,0,0,1,0
39,390056,3,3,0,0,0,6,6,141,0,6,2,2016,7,12,7,1,1,3,1,2,"US-23","",49,39.25457778,-82.98454722,0,12,2,0,1,1,0,1,1,10,0,10,0,"0000000",12,16,12,38,13,17,0,0,0,2,0
39,390057,1,1,0,0,0,1,1,85,9011,8,2,2016,2,0,46,1,2,1,1,1,"I-90","",49,41.62095278,-81.40931944,0,59,0,0,1,1,0,3,3,10,0,10,0,"0000000",88,88,88,88,88,88,0,0,0,1,1
39,390058,1,1,0,0,0,1,1,7,2870,9,2,2016,3,16,38,0,2,7,3,5,"TR-26","",0,41.85509167,-80.98104444,0,42,0,0,1,1,0,4,1,4,0,4,0,"0000000",16,36,16,51,88,88,0,0,0,1,1
39,390059,1,1,0,1,1,2,2,41,2150,16,2,2016,3,22,53,1,2,3,1,2,"US-23","",141,40.32728889,-83.07176667,0,8,0,0,1,1,0,1,2,1,0,1,0,"0000000",22,56,23,5,88,88,0,0,0,1,0
39,390060,1,1,0,1,1,1,1,13,0,18,2,2016,5,3,17,1,2,2,1,3,"SR-7","",138,39.980825,-80.74008611,0,8,0,0,1,1,0,1,2,10,0,10,0,"0000000",99,99,3,29,88,88,0,0,0,1,0
39,390061,1,1,0,0,0,1,1,17,2535,4,1,2016,2,4,33,0,2,4,3,5,"TR-102 MACK RD","CRESTVIEW AVE",0,39.31159167,-84.53027222,0,33,0,0,3,3,0,4,3,99,0,99,0,"0000000",14,12,14,18,88,88,0,0,0,1,0
39,390062,1,1,0,1,1,2,2,93,6025,12,1,2016,3,17,2,9,6,96,96,9,"MEADOW LAKES BL","",0,41.396125,-82.04212222,0,15,0,0,1,1,0,1,1,7,0,7,0,"0000000",17,2,17,8,17,24,16,0,0,1,0
39,390063,1,1,0,1,1,1,1,49,1800,20,2,2016,7,6,19,0,2,7,4,6,"WALCUTT RD","",0,40.01226111,-83.14034444,0,8,0,0,1,1,0,1,3,1,0,1,0,"0000000",6,19,6,29,88,88,0,0,0,1,0
39,390064,2,2,0,0,0,6,6,109,0,28,1,2016,5,6,52,0,1,5,1,3,"SR-55","",48,39.99460278,-84.31460833,0,12,2,0,1,1,0,1,2,10,0,10,1,"0000000",6,55,7,3,99,99,0,0,0,1,1
39,390065,1,1,0,0,0,1,1,117,0,29,1,2016,6,23,20,0,1,5,2,4,"CR-40","",0,40.68993611,-82.78396111,0,34,0,0,1,1,0,4,2,10,0,10,0,"0000000",23,35,23,36,88,88,0,0,0,1,1
39,390066,1,1,0,0,0,1,1,133,0,29,1,2016,6,10,21,1,2,1,1,1,"I-76","",4,41.08943056,-81.38647222,0,31,0,0,1,1,0,4,1,4,0,4,0,"0000000",11,12,12,6,88,88,0,0,0,1,0
39,390067,2,2,0,0,0,2,2,123,0,16,2,2016,3,11,58,0,1,5,1,3,"SR-163","CR-104",173,41.51033333,-83.08708889,0,12,7,0,2,3,0,1,1,10,0,10,0,"0000000",12,0,12,9,13,0,0,0,0,1,0
39,390068,1,1,0,1,1,1,1,101,4740,21,2,2016,1,19,29,0,2,4,1,3,"SR-423","",74,40.56533611,-83.12035278,0,8,0,0,1,1,0,1,2,10,0,10,0,"0000000",19,31,19,35,19,41,0,0,0,1,0
39,390069,3,3,0,0,0,9,9,49,1800,30,1,2016,7,19,43,0,2,4,2,4,"CR-177 JAMES RD","",0,39.95034722,-82.91538056,0,12,2,0,1,1,0,1,3,1,0,1,0,"0000000",19,50,20,2,20,20,0,0,0,1,0
39,390070,1,1,0,0,0,1,1,165,4810,21,2,2016,1,15,40,0,2,7,4,6,"CONCORD HILLS CIRCLE","",0,39.36475833,-84.310475,0,42,0,0,1,1,0,4,1,1,0,1,0,"0000000",20,41,20,44,21,4,0,0,0,1,0
39,390071,1,1,0,0,0,2,2,153,1881,27,2,2016,7,20,30,0,2,7,2,4,"CR-253 S HAMETOWN RD","",0,41.10588611,-81.66795556,0,1,0,0,1,1,0,4,2,10,0,10,0,"0000000",88,88,88,88,88,88,0,0,0,2,1
39,390072,2,2,0,0,0,2,2,117,0,16,2,2016,3,6,51,0,1,5,1,3,"SR-61","",160,40.58923611,-82.82941111,0,12,6,0,1,1,0,1,2,10,0,10,0,"0000000",6,38,6,50,7,17,0,0,0,1,0
39,390073,1,1,0,0,0,1,1,61,0,4,1,2016,2,13,31,0,2,7,3,5,"TR-323 WINSTEAD LN","",0,39.25263889,-84.49046944,0,18,0,0,1,1,0,4,1,1,0,1,0,"0000000",13,31,13,39,14,6,0,0,0,1,0
39,390074,1,1,0,0,0,1,1,71,0,20,1,2016,4,9,17,0,1,5,1,3,"SR-28","",130,39.35466944,-83.44546944,0,42,0,0,1,1,0,4,1,4,0,4,0,"0000000",9,41,10,55,12,48,0,0,0,1,0
39,390075,1,1,0,0,0,1,1,35,1680,8,2,2016,2,0,42,1,2,1,1,1,"I-90","",208,41.53923333,-81.63659444,0,35,0,1,5,1,0,4,3,1,0,1,0,"0000000",0,47,0,54,1,17,0,0,0,1,1
39,390076,1,1,0,0,0,1,1,49,8730,19,2,2016,6,18,39,0,2,4,4,6,"SUNBURY RD","",0,40.09853889,-82.88915556,0,33,0,0,1,1,0,4,3,10,0,10,0,"0000000",18,41,18,51,19,50,0,0,0,1,0
39,390078,1,1,0,0,0,1,1,103,7400,3,2,2016,4,16,49,9,6,96,96,9,"PARK AVE","",99999,41.03430556,-81.86694444,9,33,0,0,1,1,0,4,1,1,0,1,0,"0000000",16,38,16,56,17,42,0,0,0,1,0
39,390079,2,2,0,0,0,2,2,49,1800,2,3,2016,4,11,13,1,2,1,1,1,"I-270","",87,39.97685,-83.119225,0,20,0,0,1,1,4,4,1,10,0,10,0,"0000000",11,14,11,18,12,26,0,0,0,1,0
39,390080,2,2,0,0,0,2,2,89,0,5,2,2016,6,9,18,0,1,5,1,2,"US-62 JOHNSTOWN UTICA RD","",54,40.16021111,-82.67238611,0,12,6,0,1,1,0,1,1,1,0,1,0,"0000000",9,19,9,20,88,88,0,0,0,1,0
39,390081,1,1,0,0,0,1,1,113,0,10,2,2016,4,0,7,1,2,3,1,3,"SR-725","",95,39.64365833,-84.31999167,0,30,0,0,1,1,0,4,2,10,0,10,0,"0000000",23,53,0,0,88,88,0,0,0,1,0
39,390082,3,3,0,0,0,5,5,15,0,11,2,2016,5,15,59,1,1,3,1,3,"SR-32","CR-100 KLEIN RD",78,39.02593889,-83.87733889,0,12,6,0,2,2,0,1,1,1,0,1,0,"0000000",16,15,16,33,17,12,0,0,0,1,0
39,390083,2,2,0,0,0,2,2,67,1210,22,2,2016,2,6,50,0,1,5,1,3,"SR-9","",70,40.25231111,-81.00076944,0,12,2,0,1,1,0,1,4,1,0,1,0,"0000000",7,2,7,10,99,99,0,0,0,1,1
39,390084,1,1,0,0,0,1,1,173,0,27,2,2016,7,8,0,0,1,7,2,6,"MERMILL RD","",0,41.29826389,-83.71320278,0,30,0,0,1,1,0,4,1,1,0,1,0,"0000000",8,36,8,52,10,10,0,0,0,1,1
39,390085,1,1,0,0,0,1,1,113,1670,12,2,2016,6,18,0,1,2,3,1,1,"I-70","SR-49 OFF RAMP",105,39.85444722,-84.34447778,0,1,0,1,5,1,0,4,1,4,0,4,0,"0000000",18,0,18,10,88,88,0,0,0,1,0
39,390086,2,2,0,0,0,5,5,113,2090,13,2,2016,7,3,2,1,2,1,1,1,"I-75","",130,39.76626667,-84.19889444,0,12,2,0,1,1,2,1,3,10,0,10,0,"0000000",88,88,88,88,88,88,0,0,0,5,2
39,390087,1,1,0,0,0,1,1,63,0,14,2,2016,1,16,36,0,2,6,3,5,"TR-237","",0,41.04447222,-83.57844167,0,42,0,0,1,1,0,4,1,1,0,1,0,"0000000",16,38,16,45,88,88,0,0,0,1,0
39,390088,2,2,0,0,0,2,2,63,0,16,2,2016,3,15,47,0,2,4,1,2,"US-224","",196,41.06192222,-83.54115278,0,12,2,0,1,1,0,1,1,10,0,10,0,"0000000",15,49,15,55,16,24,0,0,0,1,0
39,390089,1,1,0,0,0,3,3,49,0,16,2,2016,3,11,20,0,1,5,2,4,"CR-140","",0,39.9044,-83.20984444,0,1,0,0,1,1,0,4,1,10,0,10,0,"0000000",11,23,11,29,12,16,0,0,0,1,0
39,390090,2,2,0,0,0,2,2,61,1610,17,2,2016,4,3,0,1,2,1,1,1,"I-71","",43,39.139075,-84.48611111,0,12,2,0,1,1,2,1,3,10,0,10,0,"0000000",3,2,3,11,3,54,0,0,0,1,1
39,390091,1,1,0,0,0,1,1,113,5275,19,2,2016,6,2,14,0,2,7,4,4,"CR-7002 SPRINGBORO PK","",0,39.72215278,-84.21400278,0,30,0,0,1,1,0,4,2,1,0,1,0,"0000000",2,17,2,23,2,38,0,0,0,1,1
39,390092,1,1,0,0,0,3,3,35,1680,4,2,2016,5,0,58,1,2,3,1,2,"US-6 SUPERIOR AVE","",185,41.519025,-81.64072778,0,30,0,0,1,1,0,4,3,1,0,1,0,"0000000",1,3,1,11,99,99,0,0,0,1,1
39,390093,2,2,0,0,0,2,2,115,0,16,2,2016,3,16,40,0,1,4,1,3,"SR-78","",14,39.51166944,-82.03476111,0,12,2,0,1,1,0,1,1,10,0,10,0,"0000000",21,45,21,55,23,15,0,0,0,1,0
39,390094,3,3,0,0,0,5,5,35,1680,21,2,2016,1,17,31,0,2,4,4,6,"E 30TH ST","COMMUNITY COLLEGE AVE",0,41.4944,-81.66720556,0,12,6,0,2,2,0,1,1,1,0,1,0,"0000000",17,41,17,44,99,99,0,0,0,1,0
39,390095,2,2,0,0,0,2,2,35,1680,2,2,2016,3,2,37,1,2,1,1,1,"I-71","",121,41.43922222,-81.79067778,0,12,2,0,1,1,0,1,3,1,0,1,0,"0000000",2,53,3,1,88,88,0,0,0,2,2
39,390096,1,1,0,1,1,1,1,35,1680,19,2,2016,6,21,33,1,2,4,1,2,"US-20 EUCLID AVE","71ST ST",203,41.50403333,-81.63951944,0,8,0,0,3,2,0,1,2,10,0,10,0,"0000000",21,35,21,39,21,59,0,0,0,1,0
39,390097,1,1,0,0,0,4,4,95,8120,20,2,2016,7,22,8,0,2,5,4,6,"OTTAWA PK","",0,41.66454722,-83.59469167,0,42,0,0,1,1,0,4,3,1,0,1,0,"0000000",22,10,22,15,88,88,0,0,0,1,1
39,390098,2,2,0,0,0,4,4,99,2458,27,2,2016,7,23,47,0,1,4,1,2,"US-224","",50,41.02412778,-80.90576667,0,12,8,0,1,1,0,1,3,10,0,10,0,"0000000",23,43,23,51,0,22,0,0,0,1,1
39,390099,2,2,0,0,0,2,2,61,1610,19,2,2016,6,23,11,1,2,3,1,2,"US-42 READING RD","",62,39.15861667,-84.47433056,0,12,6,0,1,1,0,1,3,1,0,1,0,"0000000",23,13,23,18,23,35,0,0,0,1,1
39,390100,2,2,0,0,0,6,6,71,0,22,2,2016,2,7,6,0,1,6,1,3,"SR-321","",44,39.04776111,-83.77078056,0,12,1,0,1,1,0,1,4,10,0,10,1,"0000000",7,6,7,22,8,52,0,0,0,1,0
39,390101,2,2,0,0,0,3,3,113,0,22,2,2016,2,11,22,0,2,5,2,4,"CR-165 FREDERICK PIKE","",0,39.83119167,-84.223525,0,12,2,0,1,1,0,1,1,1,0,1,0,"0000000",11,24,11,28,12,0,0,0,0,1,0
39,390103,1,1,0,1,1,1,1,155,0,27,2,2016,7,12,12,0,1,7,2,4,"CR-159 RIDGE RD","",0,41.32910278,-80.69213889,0,8,0,0,1,1,0,4,1,1,0,1,0,"0000000",12,13,12,20,12,47,0,0,0,1,1
39,390104,2,2,0,0,0,2,2,61,1610,11,3,2016,6,23,10,0,2,7,1,6,"HAMILTON AVE","",0,39.16809722,-84.54186667,0,12,2,0,1,1,0,1,3,10,0,10,0,"0000000",23,13,23,18,23,30,0,0,0,1,1
39,390105,1,1,0,1,1,2,2,75,0,28,2,2016,1,19,40,0,1,5,1,3,"SR-241","TR-614",109,40.64708056,-81.77465556,0,15,0,0,2,2,0,1,2,10,0,10,0,"0000000",19,43,19,49,20,29,0,0,0,1,0
39,390106,4,4,0,0,0,6,6,153,0,2,3,2016,4,15,45,1,2,3,1,3,"SR-18","",4,41.13601389,-81.68466389,0,24,0,0,1,1,0,4,1,10,0,10,0,"0000000",15,42,15,52,16,30,0,0,0,1,0
39,390107,3,3,0,0,0,7,7,119,0,2,3,2016,4,18,19,0,1,4,1,3,"SR-93 ROSEVILLE RD","",29,39.857075,-82.0646,0,12,6,0,1,1,0,1,2,10,0,10,0,"0000000",18,25,18,43,19,36,0,0,0,1,0
39,390108,2,2,0,0,0,2,2,153,460,4,2,2016,5,6,17,0,2,4,27,4,"CR-672 WATERLOO RD","",0,41.03231667,-81.58106111,0,12,6,0,6,1,0,1,2,10,0,10,0,"503591W",6,20,6,23,88,88,24,0,0,1,0
39,390109,1,1,0,0,0,1,1,49,2270,5,2,2016,6,22,34,0,2,3,4,6,"AVERY RD","",0,40.07770278,-83.15783056,0,43,0,0,1,1,0,4,2,1,0,1,0,"0000000",22,35,22,40,88,88,0,0,0,1,1
39,390110,2,2,0,0,0,2,2,61,1610,21,2,2016,1,2,22,0,2,4,4,6,"HOPPLE ST","",0,39.13761389,-84.54829444,0,12,2,0,1,1,0,1,3,2,0,2,0,"0000000",2,24,2,29,2,50,0,0,0,1,1
39,390111,2,2,0,0,0,2,2,97,0,4,3,2016,6,8,23,0,1,3,1,2,"US-42 LONDON DELAWARE RD","",212,40.05516111,-83.2936,0,12,6,0,8,1,0,1,1,10,0,10,0,"0000000",8,24,8,29,8,55,21,0,0,1,0
39,390112,3,3,0,0,0,3,3,49,1800,11,3,2016,6,9,27,1,2,1,1,1,"I-70","",132,39.95184722,-83.01231389,0,12,7,0,1,1,0,1,1,10,0,10,0,"0000000",9,31,9,32,10,11,0,0,0,1,0
39,390113,1,1,0,1,1,4,4,7,0,4,3,2016,6,19,53,1,1,3,1,2,"US-20","",13,41.80011389,-80.97805,0,8,0,0,1,1,0,1,3,1,0,1,0,"0000000",19,53,19,57,88,88,0,0,0,1,0
39,390114,1,1,0,1,1,1,1,113,0,8,3,2016,3,1,17,0,2,4,2,4,"CR-159 PHILADELPHIA","TR-2317",0,39.81131667,-84.23522778,0,8,0,0,3,3,0,2,2,1,0,1,0,"0000000",1,24,1,27,88,88,0,0,0,1,0
39,390115,1,1,0,0,0,1,1,159,0,11,3,2016,6,19,50,0,1,5,1,3,"SR-37","",84,40.41167222,-83.28923889,0,32,0,0,1,1,0,4,2,1,0,1,0,"0000000",19,58,20,21,20,55,0,0,0,1,0
39,390116,2,2,0,0,0,2,2,161,0,7,3,2016,2,11,0,1,2,3,1,2,"US-30","LIBERTY UNION RD",104,40.89552778,-84.62959444,0,12,6,0,2,2,0,1,1,10,0,10,0,"0000000",11,1,11,7,11,26,0,0,0,1,0
39,390117,1,1,0,0,0,1,1,29,0,12,3,2016,7,19,32,0,2,5,2,4,"CR-427","",0,40.63923056,-80.61282778,0,42,0,0,1,1,0,4,2,1,0,1,0,"0000000",19,32,19,39,88,88,0,0,0,1,1
39,390118,3,3,0,1,1,8,8,49,0,12,3,2016,7,23,41,1,2,3,1,2,"US-62","TR-1139 RANSBURG AVE",111,39.93760278,-83.04203889,0,9,0,0,1,1,0,1,2,10,0,10,0,"0000000",23,42,23,50,88,88,0,0,0,1,0
39,390120,1,1,0,1,1,1,1,65,3890,10,3,2016,5,19,43,1,2,4,1,3,"SR-31","CARROL ST",116,40.64912222,-83.607925,0,8,0,0,3,2,0,1,3,2,0,2,0,"0000000",19,43,19,45,88,88,0,0,0,1,0
39,390121,1,1,0,0,0,1,1,49,0,7,3,2016,2,2,30,0,2,4,2,6,"WILLIAMS RD","",0,39.88888889,-82.91688611,0,30,0,0,1,1,0,4,2,1,0,1,0,"0000000",4,52,4,57,88,88,0,0,0,1,1
39,390122,2,2,0,0,0,2,2,133,6830,10,3,2016,5,6,30,1,2,3,1,3,"SR-14","",103,41.17908056,-81.24339444,0,12,8,0,1,1,0,1,2,2,0,2,0,"0000000",6,47,6,56,7,6,0,0,0,1,0
39,390123,2,2,0,0,0,3,3,113,0,17,3,2016,5,1,25,0,2,3,2,6,"NEEDMORE RD","WAGNER FORD RD",0,39.82004167,-84.16756389,0,12,6,0,2,2,0,1,3,1,0,1,0,"0000000",1,32,1,38,2,7,20,0,0,1,2
39,390124,3,3,0,0,0,3,3,49,0,16,3,2016,4,6,40,1,2,3,1,3,"SR-161","",151,40.08143889,-82.91844167,0,12,6,0,7,1,0,1,4,10,0,10,0,"0000000",6,44,6,51,7,13,0,0,0,1,0
39,390125,1,1,0,0,0,1,1,153,9997,20,2,2016,7,17,0,0,2,7,2,4,"CR-224","",0,40.9546,-81.53998056,0,52,0,0,8,1,0,4,1,1,0,1,0,"0000000",16,56,16,59,17,23,0,0,0,1,0
39,390126,2,2,0,0,0,3,3,57,0,8,3,2016,3,19,57,0,2,5,3,6,"KITRIDGE RD","",0,39.82290833,-84.08164722,0,12,2,0,1,1,0,1,2,1,0,1,0,"0000000",19,54,20,3,20,50,0,0,0,1,2
39,390127,1,1,0,1,1,1,1,35,1680,27,2,2016,7,21,50,1,2,3,2,4,"CR-8 LEE RD","",0,41.43122778,-81.56479444,0,8,0,0,1,1,0,1,3,10,0,10,0,"0000000",21,59,22,3,88,88,0,0,0,1,0
39,390128,1,1,0,0,0,1,1,135,0,27,2,2016,7,22,45,0,1,5,2,4,"CR-21 CAMDEN-WEST ELKTON RD","",0,39.61215833,-84.61068333,0,38,0,0,1,1,0,4,2,10,0,10,0,"0000000",19,49,19,55,88,88,0,0,0,1,0
39,390130,2,2,0,0,0,3,3,155,0,24,2,2016,4,9,58,1,1,3,1,3,"SR-82","CR-43 WARNER RD",245,41.23030833,-80.61695556,0,12,6,0,2,2,0,1,1,2,0,2,0,"0000000",9,57,10,3,10,30,0,0,0,1,0
39,390131,1,1,0,1,1,1,1,45,0,14,3,2016,2,14,10,0,2,7,2,4,"CR-86","",0,39.64406667,-82.5564,0,9,0,0,1,1,0,1,1,1,0,1,0,"0000000",14,13,14,23,14,50,0,0,0,1,0
39,390132,2,2,0,1,1,3,3,49,1800,18,3,2016,6,18,59,0,2,5,4,6,"SULLIVANT AVE","",0,39.9458,-83.0613,0,12,1,0,1,1,0,1,1,1,0,1,0,"0000000",19,0,19,5,19,18,15,0,0,1,0
39,390133,4,4,0,0,0,6,6,17,8715,21,3,2016,2,9,48,0,2,4,2,6,"TYLERSVILLE RD","",0,39.35365833,-84.36910556,0,33,0,0,1,1,0,4,1,1,0,1,0,"0000000",9,48,9,51,9,59,0,0,0,1,0
39,390134,2,2,0,0,0,3,3,65,0,15,3,2016,3,16,9,0,1,5,1,3,"SR-117","",42,40.565075,-83.84274167,0,12,2,0,1,1,0,1,3,1,0,1,0,"0000000",16,22,16,33,17,7,0,0,0,1,0
39,390135,2,2,0,0,0,4,4,115,0,17,3,2016,5,17,20,0,1,5,1,3,"SR-376","",81,39.62947222,-81.83585278,0,12,2,0,1,1,0,1,1,10,0,10,0,"0000000",17,32,17,55,18,40,0,0,0,2,0
39,390136,2,2,0,0,0,3,3,139,0,19,3,2016,7,11,52,0,2,5,1,3,"SR-545","",25,40.79589444,-82.48983333,0,12,2,0,1,1,0,1,1,10,0,10,0,"0000000",12,4,12,9,12,28,0,0,0,1,0
39,390137,2,2,0,0,0,2,2,23,0,16,3,2016,4,19,21,0,2,5,1,3,"SR-235 DAYTON LAKEVIEW RD","TR-2 DILLE RD",15,39.89801389,-84.04754167,0,12,6,0,2,3,0,1,5,1,0,1,0,"0000000",19,19,19,22,88,88,0,0,0,1,0
39,390138,2,2,0,0,0,3,3,83,0,22,3,2016,3,10,20,0,1,5,1,3,"SR-95 MT GILEAD RD","TR-392 LUCERNE RD",6,40.46253056,-82.62898889,0,12,6,0,2,3,0,1,1,1,0,1,0,"0000000",10,30,10,43,11,18,0,0,0,1,0
39,390139,1,1,0,1,1,1,1,49,1800,10,3,2016,5,19,15,0,2,4,2,4,"CR-15 LIVINGSTON AVE","CUNARD RD",0,39.946175,-82.90215833,0,8,0,0,1,1,0,1,3,2,0,2,0,"0000000",19,18,19,21,19,46,0,0,0,1,0
39,390140,3,3,0,0,0,7,7,99,0,15,3,2016,3,11,8,0,1,5,1,3,"SR-165 BELOIT SNODES RD","CR-22 COURTNEY RD",25,40.93766111,-80.99367222,0,12,6,0,2,2,0,1,1,10,0,10,0,"0000000",10,54,10,59,11,49,14,0,0,2,0
39,390141,1,1,0,0,0,2,2,151,0,19,2,2016,6,19,5,0,1,4,1,3,"SR-619","",136,40.94548889,-81.16484722,0,30,0,0,1,1,0,4,2,10,0,10,0,"0000000",19,1,19,17,88,88,0,0,0,2,1
39,390142,1,1,0,0,0,2,2,17,3260,19,2,2016,6,3,40,9,6,96,96,9,"FOREST LAKE LANE","",0,39.35535278,-84.578425,9,5,0,0,99,1,0,1,6,99,0,99,0,"0000000",4,5,4,18,4,46,99,99,99,1,0
39,390143,1,1,0,0,0,1,1,31,0,2,1,2016,7,5,53,0,1,6,1,3,"SR-751","",100,40.34898889,-81.64591389,0,18,0,0,1,1,0,1,2,1,0,1,0,"0000000",5,56,6,8,88,88,0,0,0,1,0
39,390144,1,1,0,0,0,1,1,153,70,19,1,2016,3,4,0,0,2,5,4,6,"PORTAGE PATH RD","MARK DR",0,41.12643889,-81.55140278,0,33,0,0,3,3,0,4,3,10,0,10,0,"0000000",4,22,4,30,88,88,0,0,0,1,1
39,390145,1,1,0,0,0,1,1,21,0,8,2,2016,2,18,2,0,1,7,3,6,"ZERKLE ST","",0,40.03088889,-83.90836111,0,34,0,0,1,1,0,4,2,4,0,4,0,"0000000",88,88,88,88,88,88,0,0,0,1,0
39,390146,1,1,0,1,1,1,1,49,1800,20,2,2016,7,0,42,0,2,3,1,6,"S HIGH ST","",0,39.93146111,-82.99586111,0,8,0,0,1,1,0,1,3,1,0,1,0,"0000000",0,48,0,53,1,10,0,0,0,1,0
39,390148,2,2,0,0,0,2,2,153,460,9,3,2016,4,14,44,0,2,4,1,3,"SR-619","CR-73 LOCKWOOD RD",29,40.99940278,-81.585975,0,12,2,0,2,3,0,1,1,1,0,1,0,"0000000",14,44,14,46,15,55,0,0,0,1,1
39,390149,2,2,0,0,0,2,2,113,2500,10,3,2016,5,13,20,0,2,4,1,2,"US-40","",95,39.87295833,-84.29851111,0,12,6,0,8,1,0,1,1,2,0,2,0,"0000000",13,21,13,23,13,50,0,0,0,1,0
39,390150,1,1,0,0,0,1,1,61,3680,14,3,2016,2,14,47,0,2,7,4,6,"GRAVES RD","",0,39.17103611,-84.3633,0,53,0,0,1,1,0,4,1,1,0,1,0,"0000000",14,44,14,50,15,8,0,0,0,1,0
39,390151,2,2,0,0,0,2,2,11,0,14,3,2016,2,1,14,0,1,5,1,3,"SR-117","",3,40.64102778,-83.92670278,0,12,2,0,1,1,0,1,2,5,0,5,0,"0000000",1,48,2,1,2,30,0,0,0,1,0
39,390152,1,1,0,0,0,1,1,25,0,15,3,2016,3,20,57,0,2,4,1,2,"US-50","",32,39.16265556,-84.25646944,0,59,0,0,1,1,0,4,2,1,0,1,0,"0000000",20,53,20,58,88,88,0,0,0,1,1
39,390153,2,2,0,0,0,2,2,153,5220,16,3,2016,4,15,47,0,2,4,1,3,"SR-532","",23,41.0619,-81.39360278,0,12,2,0,1,1,0,1,1,10,0,10,0,"0000000",15,46,15,47,16,6,0,0,0,1,1
39,390154,1,1,0,0,0,3,3,137,0,18,3,2016,6,18,15,0,1,5,1,3,"SR-65","",212,41.14400833,-83.93849722,0,30,0,0,1,1,0,4,1,1,0,1,0,"0000000",18,17,18,28,19,30,0,0,0,1,0