"STATE","ST_CASE","VE_TOTAL","VE_FORMS","PVH_INVL","PEDS","PERNOTMVIT","PERMVIT","PERSONS","COUNTY","CITY","DAY","MONTH","YEAR","DAY_WEEK","HOUR","MINUTE","NHS","RUR_URB","FUNC_SYS","RD_OWNER","ROUTE","TWAY_ID","TWAY_ID2","MILEPT","LATITUDE","LONGITUD","SP_JUR","HARM_EV","MAN_COLL","RELJCT1","RELJCT2","TYP_INT","WRK_ZONE","REL_ROAD","LGT_COND","WEATHER1","WEATHER2","WEATHER","SCH_BUS","RAIL","NOT_HOUR","NOT_MIN","ARR_HOUR","ARR_MIN","HOSP_HR","HOSP_MN","CF1","CF2","CF3","FATALS","DRUNK_DR"
39,390155,4,4,0,0,0,5,5,49,1800,17,3,2016,5,21,36,0,2,3,4,6,"MORSE RD","",0,40.05853889,-82.93175,0,12,8,0,1,1,0,1,3,1,0,1,0,"0000000",21,43,21,47,22,32,0,0,0,1,1
39,390157,1,1,0,0,0,1,1,45,0,18,3,2016,6,20,5,0,1,6,2,4,"CR-36","",0,39.85277778,-82.70277778,0,42,0,0,1,1,0,4,2,1,0,1,0,"0000000",20,8,20,16,88,88,0,0,0,1,1
39,390158,2,2,0,0,0,2,2,23,7800,21,3,2016,2,19,40,1,2,1,1,1,"I-70","",99,39.900375,-83.88051667,0,57,0,0,1,1,0,3,5,1,0,1,0,"0000000",19,46,19,53,88,88,0,0,0,1,0
39,390159,1,1,0,0,0,1,1,153,70,24,2,2016,4,20,43,0,2,7,4,6,"FLORIDA AVE","",0,41.04248056,-81.57071667,0,33,0,0,1,1,0,4,3,2,0,2,0,"0000000",20,50,20,55,21,5,0,0,0,1,1
39,390160,1,1,0,0,0,1,1,29,0,20,3,2016,1,8,0,0,1,5,1,3,"SR-154","",103,40.79443333,-80.61769444,0,52,0,0,1,1,0,4,1,10,0,10,0,"0000000",8,25,8,37,88,88,0,0,0,1,1
39,390161,1,1,0,0,0,1,1,153,70,24,2,2016,4,3,15,0,2,6,4,6,"W BATH RD","",0,41.16379722,-81.56695833,0,34,0,0,1,1,0,4,3,10,0,10,0,"0000000",3,17,3,26,88,88,0,0,0,1,1
39,390162,1,1,0,0,0,1,1,153,70,29,2,2016,2,16,50,0,2,4,4,6,"MERRIMAN RD","",0,41.11426111,-81.54058889,0,42,0,0,1,1,0,4,1,1,0,1,0,"0000000",8,20,8,23,88,88,0,0,0,1,1
39,390163,2,2,0,0,0,3,3,85,0,21,3,2016,2,9,35,1,2,3,1,3,"SR-44","",18,41.67501944,-81.2581,0,12,1,0,5,1,0,1,1,10,0,10,0,"0000000",9,39,9,46,10,5,0,0,0,1,0
39,390164,2,2,0,0,0,2,2,61,1610,20,3,2016,1,21,33,1,2,1,1,1,"I-275","",410,39.06030278,-84.42128333,0,12,1,0,1,1,0,1,3,1,0,1,0,"0000000",21,34,21,49,22,20,0,0,0,1,1
39,390165,1,1,0,0,0,1,1,49,1800,21,3,2016,2,6,11,0,2,4,4,6,"KARL RD","",0,40.05806944,-82.97701944,0,31,0,0,1,1,0,4,3,1,0,1,0,"0000000",6,12,6,16,6,30,0,0,0,1,1
39,390166,2,2,0,0,0,2,2,47,0,22,3,2016,3,13,54,0,1,5,1,3,"SR-38","",83,39.69752778,-83.45748889,0,12,6,1,5,1,0,1,1,1,0,1,0,"0000000",17,57,18,6,88,88,0,0,0,1,0
39,390167,1,1,0,0,0,1,1,173,0,20,3,2016,1,14,27,0,1,7,3,5,"TR-162 HOLCOMB RD","",0,41.34065,-83.49814167,0,42,0,0,1,1,0,4,1,10,0,10,0,"0000000",14,29,14,43,88,88,0,0,0,1,0
39,390168,2,2,0,0,0,2,2,75,0,24,3,2016,5,7,5,0,1,7,2,4,"CR-77","",0,40.65733056,-81.78417222,0,12,2,0,1,1,0,1,4,10,0,10,0,"0000000",7,6,7,12,7,32,0,0,0,1,0
39,390169,1,1,0,0,0,1,1,143,0,25,3,2016,6,18,22,0,1,7,2,4,"CR-141","TR-124",0,41.44373333,-83.18241944,0,34,0,0,3,3,0,4,1,1,0,1,0,"0000000",88,88,88,88,88,88,0,0,0,1,0
39,390170,1,1,0,0,0,1,1,139,6630,27,3,2016,1,1,25,0,1,5,1,3,"SR-61","",107,40.94360833,-82.67000833,0,35,0,0,1,1,0,4,2,1,0,1,0,"0000000",1,39,2,3,2,39,0,0,0,1,0
39,390171,2,2,0,0,0,2,2,19,0,28,3,2016,2,16,37,0,1,4,1,3,"SR-332","",71,40.52310278,-81.11246667,0,12,2,0,1,1,0,1,1,10,0,10,0,"0000000",16,39,16,54,17,33,0,0,0,1,0
39,390172,2,2,0,0,0,2,2,111,0,30,3,2016,4,20,12,0,1,6,1,3,"SR-26","",274,39.82633333,-81.08145833,0,12,2,0,1,1,0,1,2,1,0,1,0,"0000000",20,16,20,33,21,50,0,0,0,1,1
39,390173,1,1,0,0,0,1,1,49,1800,31,3,2016,5,1,44,0,2,3,4,6,"CLEVELAND AVE","",0,40.02682222,-82.96451667,0,35,0,0,1,1,0,4,3,2,0,2,0,"0000000",88,88,88,88,88,88,0,0,0,1,1
39,390174,2,2,0,0,0,2,2,49,0,21,3,2016,2,14,6,1,2,3,1,2,"US-62","",48,39.86519167,-83.10809167,0,12,2,0,1,1,0,1,1,1,0,1,0,"0000000",14,8,14,14,14,38,0,0,0,1,0
39,390175,2,2,0,0,0,2,2,129,0,21,3,2016,2,11,38,0,1,7,2,4,"CR-64 TARLTON ADELPHI RD","",0,39.54225833,-82.76988889,0,12,2,0,1,1,0,1,1,1,0,1,0,"0000000",11,53,12,16,12,45,0,0,0,1,0
39,390176,2,2,0,0,0,3,3,61,1610,2,2,2016,3,7,5,0,2,5,3,6,"ESTE AVE","UNKNOWN",0,39.11149722,-84.29547222,0,12,6,0,2,2,0,1,3,1,0,1,0,"0000000",7,10,7,15,7,50,0,0,0,1,0
39,390177,2,2,0,0,0,6,6,35,7880,9,2,2016,3,18,44,0,2,5,4,6,"PROSPECT RD","",0,41.309925,-81.85786111,0,12,6,0,1,1,0,1,3,4,0,4,0,"0000000",18,45,18,50,19,21,0,0,0,1,0
39,390178,1,1,0,1,1,1,1,61,0,31,3,2016,5,20,52,1,2,3,1,2,"US-27 COLERAIN AVE","",104,39.20576667,-84.58282778,0,8,0,0,1,1,0,1,2,10,0,10,0,"0000000",20,51,20,56,21,23,0,0,0,1,0
39,390179,2,2,0,0,0,3,3,169,0,6,4,2016,4,18,46,0,1,7,2,4,"CR-120","CR-145",0,40.8739,-81.80356667,0,12,6,0,2,2,0,1,1,10,0,10,0,"0000000",18,48,18,54,88,88,0,0,0,1,0
39,390180,1,1,0,0,0,2,2,71,0,23,3,2016,4,21,14,0,1,6,2,4,"CR-47 NEW MARTINSBURG RD","",0,39.37211944,-83.47648611,0,42,0,0,1,1,0,4,2,1,0,1,0,"0000000",21,17,21,26,22,16,0,0,0,2,0
39,390181,2,1,1,3,3,1,1,41,0,9,4,2016,7,21,40,1,2,1,1,1,"I-71","",28,40.17598611,-82.95500833,0,8,0,0,1,1,0,3,2,10,0,10,0,"0000000",21,41,21,48,22,22,19,0,0,3,0
39,390182,1,1,0,0,0,1,1,59,0,24,3,2016,5,16,10,0,1,5,1,3,"SR-313 LASHLEY RD","",169,39.93174444,-81.42830833,0,31,0,0,1,1,0,4,1,10,0,10,0,"0000000",16,12,16,24,16,46,20,0,0,1,1
39,390183,2,1,1,2,2,2,2,49,0,9,4,2016,7,8,32,1,2,3,1,2,"US-23","",47,39.87355833,-83.00225278,0,23,0,1,5,1,0,4,1,4,0,4,0,"0000000",8,37,8,55,9,14,19,0,0,1,0
39,390186,1,1,0,1,1,1,1,113,0,24,2,2016,4,19,30,0,2,5,2,6,"CATALPA DR","",0,39.80009444,-84.22585278,0,8,0,0,8,1,0,1,2,2,0,2,0,"0000000",19,31,19,37,20,7,0,0,0,1,0
39,390187,2,2,0,0,0,2,2,25,0,24,3,2016,5,8,32,1,2,3,1,3,"SR-32","",53,39.08845,-84.2139,0,12,2,0,1,1,0,1,1,10,0,10,0,"0000000",8,43,9,3,9,27,0,0,0,1,0
39,390188,3,3,0,0,0,4,4,59,0,26,3,2016,7,15,12,0,2,5,1,3,"SR-821","CR-345 COUNTRY CLUB RD",41,39.95404167,-81.55719722,0,12,2,0,2,4,0,1,1,1,0,1,0,"0000000",15,27,15,43,16,30,0,0,0,2,0
39,390189,2,2,0,0,0,2,2,129,3340,25,2,2016,5,12,50,1,2,3,1,2,"US-23","SR-762",210,39.77374722,-82.98924167,0,12,6,0,2,2,0,1,1,4,0,4,0,"0000000",12,54,12,58,13,40,0,0,0,1,0
39,390190,1,1,0,0,0,3,3,153,460,24,3,2016,5,4,46,0,2,7,4,6,"VAN BUREN AVE","",0,41.01443056,-81.60048333,0,30,0,0,1,1,0,4,3,10,0,10,0,"0000000",5,0,5,2,5,31,0,0,0,1,0
39,390191,1,1,0,0,0,2,2,93,0,3,4,2016,1,0,31,1,1,3,1,3,"SR-18","",120,41.16848611,-82.10918889,0,35,0,0,1,1,0,4,2,1,0,1,0,"0000000",88,88,88,88,88,88,0,0,0,2,1
39,390192,2,2,0,0,0,2,2,113,2090,27,3,2016,1,23,23,0,2,5,2,4,"CR-159 PHILADELPHIA DR","CR-648 CORNELL DR",0,39.77631389,-84.23451667,0,12,6,0,2,2,0,1,2,2,0,2,0,"0000000",23,24,23,31,0,12,0,0,0,1,2
39,390194,1,1,0,0,0,2,2,95,6213,28,3,2016,2,0,17,1,2,1,1,1,"I-280","",4,41.62512778,-83.47719167,0,52,0,0,1,1,0,4,3,2,0,2,0,"0000000",0,20,0,27,0,46,0,0,0,1,1
39,390195,2,2,0,0,0,2,2,35,1680,29,3,2016,3,14,30,1,1,3,1,2,"US-6 EUCLID AVE","WICKFORD RD",238,41.55251667,-81.55662778,0,12,6,0,2,3,0,1,1,1,0,1,0,"0000000",14,51,14,57,15,5,0,0,0,1,0
39,390196,2,2,0,0,0,4,4,99,9230,12,1,2016,3,0,7,1,2,3,1,3,"SR-7","",163,41.0749,-80.6572,0,12,6,0,8,1,0,1,3,4,0,4,0,"0000000",5,9,5,15,5,30,0,0,0,1,2
39,390197,2,2,0,0,0,2,2,45,0,14,4,2016,5,18,31,0,1,7,2,4,"CR-82","",0,39.89608333,-82.46617222,0,53,0,0,1,1,0,4,1,1,0,1,0,"0000000",18,28,18,34,88,88,0,0,0,1,1
39,390198,1,1,0,0,0,1,1,31,0,30,3,2016,4,18,2,0,1,6,2,4,"CR-20","",0,40.416325,-82.11377222,0,35,0,0,1,1,0,4,1,1,0,1,0,"0000000",18,6,18,34,19,24,0,0,0,1,1
39,390199,2,2,0,0,0,2,2,5,0,1,4,2016,6,9,57,0,1,5,1,3,"SR-89","CR-1302",99,40.87126111,-82.21168889,0,12,6,0,2,2,0,1,1,10,0,10,0,"0000000",10,0,10,7,10,53,0,0,0,1,0
39,390200,2,2,0,0,0,3,3,3,0,1,4,2016,6,14,11,0,1,4,1,3,"SR-309 HARDING HWY","TR-237 PEVEE RD",236,40.73227222,-83.90843611,0,12,2,0,2,3,0,1,1,2,0,2,0,"0000000",14,13,14,26,14,44,0,0,0,2,0
39,390201,2,2,0,0,0,3,3,23,0,2,4,2016,7,22,34,0,2,5,2,4,"CR-303 MEDWAY NEW CARLISLE RD","",0,39.89828611,-84.01073333,0,12,6,0,1,1,0,4,2,10,0,10,0,"0000000",22,41,22,57,23,42,0,0,0,1,0
39,390202,2,2,0,0,0,2,2,141,0,5,4,2016,3,5,55,0,1,4,1,2,"US-50","",128,39.29726667,-83.14251389,0,12,2,0,1,1,0,1,2,1,0,1,0,"0000000",5,59,6,10,7,2,0,0,0,1,0
39,390203,2,2,0,0,0,2,2,143,0,6,4,2016,4,6,25,1,1,3,1,2,"US-6","",120,41.34234444,-83.18510556,0,12,2,0,1,1,0,1,2,10,0,10,0,"0000000",6,35,6,47,7,12,0,0,0,1,0
39,390204,2,2,0,1,1,2,2,63,0,9,3,2016,4,5,48,0,2,5,2,4,"CR-140","TR-94",0,41.065825,-83.68836944,0,8,0,0,3,2,0,1,2,1,0,1,0,"0000000",10,53,11,1,88,88,0,0,0,1,0
39,390205,2,2,0,0,0,2,2,113,8180,4,4,2016,2,8,19,0,2,5,2,4,"CR-29 OLIVE RD","BRADFIELD DR",0,39.80599167,-84.29280833,0,12,2,0,3,3,0,1,1,2,0,2,0,"0000000",8,19,8,25,8,57,0,0,0,2,1
39,390206,2,2,0,0,0,2,2,49,1800,8,4,2016,6,1,34,1,2,1,1,1,"I-270","",103,39.99359167,-83.1183,0,12,2,1,18,1,0,1,3,10,0,10,0,"0000000",1,38,1,47,88,88,0,0,0,1,2
39,390207,1,1,0,0,0,2,2,113,2090,8,4,2016,6,19,45,0,2,7,3,5,"TR-149 MILLER AVE","",0,39.75530278,-84.28208611,0,31,0,0,1,1,0,4,5,10,0,10,0,"0000000",19,45,19,54,20,10,0,0,0,1,1
39,390208,2,2,0,0,0,2,2,141,0,9,4,2016,7,18,15,0,1,5,2,4,"CR-87 FRANKFORT CLARKSBURG RD","",0,39.43148333,-83.16618056,0,12,6,0,8,1,0,1,1,10,0,10,0,"0000000",18,55,19,22,19,52,0,0,0,1,1
39,390209,2,2,0,0,0,3,3,109,8190,29,2,2016,2,13,14,0,2,4,1,3,"SR-41 MAIN ST","DOTCOM DR",120,40.05856389,-84.24668611,0,12,6,0,2,3,0,1,1,1,0,1,0,"0000000",13,18,13,35,14,5,0,0,0,1,1
39,390210,2,2,0,0,0,3,3,35,2340,9,4,2016,7,16,20,1,2,3,2,4,"CR-253 NOBLE RD","ELDERWOOD AVE",0,41.54476667,-81.57060556,0,12,2,0,3,3,0,1,1,10,0,10,0,"0000000",16,32,16,42,16,58,20,0,0,2,0
39,390211,1,1,0,0,0,2,2,49,1800,9,4,2016,7,2,57,1,2,3,1,2,"US-40 MAIN ST","WEYANT AVE",184,39.95636111,-82.90848889,0,30,0,0,3,3,0,4,3,1,0,1,0,"0000000",2,58,3,7,3,38,20,0,0,1,1
39,390212,1,1,0,0,0,2,2,73,0,13,4,2016,4,0,24,1,1,2,1,2,"US-33","",156,39.48748889,-82.321475,0,31,0,0,1,1,0,4,2,1,0,1,0,"0000000",0,25,0,35,1,15,0,0,0,1,0
39,390213,1,1,0,0,0,1,1,61,1610,14,4,2016,5,15,36,1,2,3,1,2,"US-27 COLERAIN AVE","",94,39.19376111,-84.57325278,0,30,0,0,1,1,0,4,1,1,0,1,0,"0000000",15,39,15,41,88,88,0,0,0,1,0
39,390214,3,3,0,0,0,5,5,9,0,15,4,2016,6,21,8,1,1,3,1,2,"US-33","",215,39.252625,-82.08095833,0,12,2,0,1,1,0,1,2,1,0,1,0,"0000000",21,16,21,38,22,28,0,0,0,3,0
39,390215,2,2,0,0,0,5,5,101,0,16,4,2016,7,13,12,1,2,3,1,2,"US-23","CR-195",152,40.65195833,-83.10499444,0,12,6,0,2,2,0,1,1,1,0,1,0,"0000000",13,26,13,50,14,25,0,0,0,1,0
39,390216,2,2,0,0,0,4,4,103,0,20,4,2016,4,20,9,0,1,5,1,3,"SR-301","CR-84 NEW LONDON EASTERN RD",54,41.06842222,-82.12385278,0,12,6,0,2,2,0,1,5,10,0,10,0,"0000000",20,16,20,34,21,12,0,0,0,1,1
39,390217,1,1,0,0,0,2,2,129,0,26,4,2016,3,14,46,0,1,6,2,4,"CR-280 KINGSTON ADELPHI","",0,39.47675,-82.91820556,0,52,0,0,1,1,0,4,1,10,0,10,0,"0000000",14,48,14,49,15,50,0,0,0,1,0
39,390218,1,1,0,0,0,1,1,89,0,5,1,2016,3,23,23,0,1,5,2,4,"CR-204 MARTINSBURG RD","",0,40.19746111,-82.38265556,0,35,0,0,1,1,0,4,2,10,0,10,0,"0000000",23,21,23,30,88,88,0,0,0,1,1
39,390219,2,2,0,0,0,4,4,89,0,4,2,2016,5,12,45,0,2,5,2,4,"CR-22 JUG RD","TR-88 BEECH RD",0,40.097275,-82.75389167,0,12,6,0,2,2,0,1,1,10,0,10,0,"0000000",12,44,12,45,13,16,0,0,0,1,0
39,390220,2,2,0,0,0,2,2,125,0,22,4,2016,6,16,4,0,1,5,1,3,"SR-114","",179,41.01924722,-84.46096389,0,12,2,0,1,1,0,1,1,2,0,2,0,"0000000",16,2,16,9,16,43,0,0,0,1,1
39,390221,1,1,0,1,1,1,1,61,0,31,1,2016,1,15,54,1,2,3,1,2,"US-52","",379,39.041,-84.35458056,0,9,0,0,1,1,0,2,1,10,0,10,0,"0000000",15,54,16,1,16,22,0,0,0,1,0
39,390222,1,1,0,1,1,1,1,113,2090,29,4,2016,6,22,15,1,2,3,2,4,"CR-194 3RD ST","JUNE ST",0,39.76298333,-84.17044722,0,8,0,0,3,3,0,1,3,10,0,10,0,"0000000",22,18,22,23,22,30,0,0,0,1,0
39,390223,1,1,0,1,1,1,1,89,0,20,2,2016,7,20,32,0,1,5,1,3,"SR-62 JOHNSTOWN UTICA RD","",128,40.21425,-82.55285833,0,8,0,0,1,1,0,1,2,10,0,10,0,"0000000",22,1,22,53,88,88,0,0,0,1,0
39,390224,1,1,0,0,0,1,1,121,0,9,4,2016,7,19,7,0,1,4,1,3,"SR-78","",56,39.73901111,-81.55607778,0,24,0,0,1,1,0,4,1,4,0,4,0,"0000000",19,7,19,12,88,88,0,0,0,1,0
39,390225,1,1,0,0,0,1,1,113,6990,10,4,2016,1,16,13,1,2,3,1,3,"SR-4","",73,39.79842222,-84.11026944,0,42,0,0,1,1,0,4,1,10,0,10,0,"0000000",16,13,16,17,88,88,0,0,0,1,0
39,390226,2,2,0,0,0,2,2,39,0,12,4,2016,3,16,43,0,1,6,2,4,"CR-17 WATSON RD","FULMER RD",0,41.23825556,-84.31418611,0,12,6,0,2,2,0,1,1,1,0,1,0,"0000000",16,44,16,50,18,46,0,0,0,1,0
39,390227,1,1,0,0,0,1,1,83,2740,15,4,2016,6,12,10,0,1,5,4,6,"W SALEM AVE","W SALEM AVE EXTENSION",0,40.48793889,-82.55294167,0,42,0,0,3,4,0,4,1,1,0,1,0,"0000000",12,11,12,15,12,46,0,0,0,1,0
39,390228,2,2,0,0,0,2,2,117,0,16,4,2016,7,7,50,0,1,5,1,3,"SR-314","",91,40.47262778,-82.69469444,0,12,2,0,1,1,0,1,1,1,0,1,0,"0000000",7,52,8,4,8,45,0,0,0,1,1
39,390229,1,1,0,3,3,1,1,161,0,17,4,2016,1,20,35,0,1,5,1,3,"SR-49","",149,40.88917222,-84.70745,0,9,0,0,1,1,0,1,5,1,0,1,0,"0000000",99,99,22,3,88,88,0,0,0,1,0
39,390230,1,1,0,0,0,2,2,71,0,25,4,2016,2,7,1,0,1,4,1,3,"SR-73","",55,39.23605278,-83.63797222,0,52,0,0,1,1,0,4,1,1,0,1,0,"0000000",6,59,7,6,7,31,0,0,0,1,0
39,390231,2,2,0,0,0,2,2,31,0,30,4,2016,7,13,23,0,1,5,1,3,"SR-83","",52,40.2105,-81.8362,0,12,6,0,1,1,0,1,1,10,0,10,0,"0000000",13,23,13,28,13,50,0,0,0,1,0
39,390232,1,1,0,0,0,3,3,51,0,4,5,2016,4,13,55,1,1,1,31,1,"I-80","",149,41.59055556,-84.09972222,0,59,0,0,1,1,0,3,1,10,0,10,0,"0000000",13,50,14,1,14,43,0,0,0,2,0
39,390233,1,1,0,1,1,2,2,35,1680,7,4,2016,5,6,43,0,2,4,1,2,"US-422 KINSMAN RD","140TH ST",99999,41.46429722,-81.58455833,0,8,0,0,2,7,0,1,2,2,0,2,0,"0000000",6,45,6,48,6,58,0,0,0,1,0
39,390235,3,3,0,0,0,7,7,35,1680,26,3,2016,7,2,45,0,2,3,4,6,"ST CLAIR AVE","E 103RD ST",0,41.53799444,-81.61719722,0,12,6,0,2,2,0,1,3,1,0,1,0,"0000000",2,49,2,53,3,6,0,0,0,2,3
39,390236,1,1,0,0,0,2,2,23,7800,25,4,2016,2,21,47,0,2,4,1,6,"S LIMESTONE ST","",0,39.91796667,-83.80880556,0,33,0,0,1,1,0,4,3,1,0,1,0,"0000000",21,47,21,51,22,8,0,0,0,1,1
39,390237,1,1,0,0,0,1,1,55,0,27,4,2016,4,23,40,0,1,5,2,4,"CR-8","",0,41.55586944,-81.28495833,0,34,0,0,1,1,0,4,2,1,0,1,0,"0000000",23,46,23,52,99,99,0,0,0,1,1
39,390238,2,2,0,0,0,3,3,129,0,28,4,2016,5,13,41,1,2,3,1,2,"US-23","CIRCLE LN",73,39.57911944,-82.95289722,0,12,6,0,2,2,0,1,1,10,0,10,0,"0000000",13,49,13,55,14,19,0,0,0,1,0
39,390239,2,2,0,0,0,5,5,49,1800,8,5,2016,1,0,12,0,2,5,4,6,"N CASSADY AVE","AIRPORT DR",0,39.99963889,-82.9301,0,12,6,0,2,2,0,1,3,1,0,1,0,"0000000",0,18,0,27,0,46,0,0,0,1,1
39,390240,2,2,0,1,1,4,4,113,5275,28,4,2016,5,0,48,1,2,1,1,1,"I-75","SR-741 N SPRINGBORO PIKE",100,39.724275,-84.21063056,0,8,0,1,18,1,0,1,2,2,0,2,0,"0000000",0,43,0,53,88,88,0,0,0,1,0
39,390241,1,1,0,0,0,1,1,41,0,30,4,2016,7,7,0,1,1,3,1,2,"US-23","",160,40.35416667,-83.07388889,0,21,0,0,1,1,0,4,1,10,0,10,0,"0000000",7,2,7,6,88,88,0,0,0,1,0
39,390242,2,2,0,0,0,2,2,17,5010,29,4,2016,6,20,57,0,2,5,4,6,"S MAIN ST","SEVENTEENTH AVE",0,39.50015556,-84.41761944,0,7,0,0,2,3,0,1,2,1,0,1,0,"0000000",20,57,21,3,88,88,0,0,0,1,1
39,390243,1,1,0,0,0,2,2,49,0,30,4,2016,7,21,19,0,1,7,2,4,"CR-264 BEATTY RD","",0,39.86050833,-83.14045278,0,30,0,0,1,1,0,4,2,2,0,2,0,"0000000",21,19,21,26,21,50,0,0,0,1,0
39,390244,3,3,0,0,0,3,3,61,1610,5,5,2016,5,11,39,0,2,3,1,6,"COLUMBIA PKWY","",0,39.12522222,-84.463125,0,12,2,0,1,1,0,1,1,10,0,10,0,"0000000",11,42,11,45,12,8,0,0,0,1,0
39,390245,4,4,0,0,0,5,5,49,0,5,5,2016,5,21,8,0,2,4,2,6,"WILLIAMS RD","",0,39.88877222,-82.91322778,0,12,6,0,1,1,0,1,2,1,0,1,0,"0000000",21,11,21,16,21,44,0,0,0,1,1
39,390246,2,2,0,0,0,2,2,41,0,3,5,2016,3,9,55,1,2,3,1,2,"US-23","CR-72 CHESHIRE RD",76,40.24167222,-83.05085556,0,12,6,0,2,3,0,1,1,1,0,1,0,"0000000",9,55,10,2,10,32,0,0,0,1,0
39,390247,2,2,0,0,0,2,2,89,5570,8,5,2016,1,1,27,0,2,4,4,6,"W MAIN ST","UNION ST",0,40.05383889,-82.41868889,0,12,6,0,2,2,0,1,3,1,0,1,0,"0000000",1,26,1,29,1,53,0,0,0,1,1
39,390248,2,2,0,0,0,6,6,89,0,10,5,2016,3,22,49,1,1,2,1,3,"SR-161","",28,40.08000556,-82.69063056,0,12,2,0,1,1,0,1,2,1,0,1,0,"0000000",22,53,23,4,23,43,0,0,0,1,0
39,390249,2,2,0,0,0,2,2,145,0,1,4,2016,6,15,10,1,2,3,1,3,"SR-852","US-52 ON RAMP",5,38.73595,-83.0205,0,12,6,1,2,2,0,1,1,10,0,10,0,"0000000",15,15,15,18,15,52,0,0,0,1,0
39,390250,2,2,0,0,0,2,2,61,1610,1,5,2016,1,6,6,0,2,4,4,6,"WINTON RD","",0,39.19040278,-84.52387778,0,12,2,0,1,1,0,1,2,10,0,10,0,"0000000",6,6,6,15,88,88,0,0,0,1,0
39,390251,1,1,0,0,0,1,1,35,1680,15,4,2016,6,3,44,0,2,4,1,2,"US-422 KINSMAN RD","",49,41.46959444,-81.61057778,0,33,0,0,1,1,0,4,3,1,0,1,0,"0000000",3,50,4,1,4,24,0,0,0,1,1
39,390252,1,1,0,0,0,1,1,35,2860,18,4,2016,2,17,35,0,2,5,1,3,"SR-174","",26,41.55328333,-81.41565833,0,40,0,0,1,1,0,4,1,1,0,1,0,"0000000",88,88,88,88,88,88,0,0,0,1,0
39,390253,1,1,0,0,0,1,1,55,0,1,5,2016,1,21,55,1,1,3,1,3,"SR-44","",88,41.46891944,-81.19361389,0,11,0,0,1,1,0,1,2,1,0,1,0,"0000000",21,57,22,8,22,32,0,0,0,1,1
39,390254,2,2,0,0,0,2,2,49,0,11,5,2016,4,2,47,1,1,1,1,1,"I-71","",13,39.81956944,-83.172325,0,1,0,0,1,1,0,1,2,1,0,1,0,"0000000",2,50,3,5,3,35,19,0,0,1,0
39,390255,1,1,0,1,1,1,1,49,1800,13,5,2016,6,15,44,1,2,3,1,2,"US-23 HIGH ST","9TH AVE",15,39.99356944,-83.00674167,0,8,0,0,3,3,0,1,1,1,0,1,0,"0000000",15,45,15,48,15,57,16,0,0,1,0
39,390256,1,1,0,0,0,7,7,41,0,6,5,2016,6,17,0,1,1,1,1,1,"I-71","",151,40.33317778,-82.88678889,0,1,0,0,1,1,0,4,1,1,0,1,0,"0000000",18,3,18,29,19,6,0,0,0,1,0
39,390257,3,3,0,0,0,3,3,91,610,16,5,2016,2,16,25,0,2,4,1,3,"SR-540","TR-183",18,40.37027222,-83.72680833,0,12,7,0,3,3,0,1,1,1,0,1,0,"0000000",16,27,16,33,16,55,14,0,0,1,0
39,390259,1,1,0,0,0,1,1,153,0,11,5,2016,4,5,7,0,1,7,2,4,"CR-187 TRUXELL KENDALL PARK RD","",0,41.21985833,-81.50469167,1,42,0,0,1,1,0,4,2,10,0,10,0,"0000000",5,10,5,17,88,88,0,0,0,1,0
39,390260,1,1,0,0,0,1,1,133,6830,11,4,2016,2,16,6,1,2,3,1,3,"SR-59 W MAIN ST","",71,41.15820833,-81.25724167,0,30,0,0,1,1,0,4,1,10,0,10,0,"0000000",16,6,16,10,88,88,0,0,0,1,0
39,390261,1,1,0,1,1,1,1,95,8120,23,4,2016,7,8,10,0,1,5,4,6,"W SYLVANIA AVE","",0,41.691925,-83.61570833,0,8,0,0,1,1,0,1,1,1,0,1,0,"0000000",8,19,8,27,8,41,0,0,0,1,0
39,390262,1,1,0,0,0,1,1,165,0,16,5,2016,2,19,43,0,1,7,2,4,"CR-7 WILMINGTON RD","",0,39.43058056,-84.16578889,0,30,0,0,1,1,0,4,1,1,0,1,0,"0000000",19,38,19,46,88,88,0,0,0,1,1
39,390263,1,1,0,0,0,2,2,155,8530,1,5,2016,1,21,40,0,1,7,3,5,"TR-134","",0,41.25933056,-80.904425,0,59,0,0,1,1,0,4,2,10,0,10,0,"0000000",22,34,22,49,23,19,0,0,0,1,1
39,390264,1,1,0,0,0,1,1,139,0,13,5,2016,6,14,22,0,2,5,1,3,"SR-97","",19,40.67983056,-82.59001667,0,42,0,0,1,1,0,4,1,1,0,1,0,"0000000",14,6,14,8,14,44,0,0,0,1,0
39,390265,2,2,0,0,0,3,3,7,0,5,5,2016,5,18,7,0,2,6,2,4,"CR-9 MYERS RD","",0,41.837875,-80.91653333,0,12,6,0,8,1,0,1,1,10,0,10,0,"0000000",18,8,18,13,18,27,0,0,0,1,0
39,390266,2,2,0,0,0,2,2,117,0,5,5,2016,5,8,10,0,1,5,1,3,"SR-229","",25,40.40640833,-82.878825,0,12,2,0,1,1,0,1,1,2,0,2,0,"0000000",8,10,8,18,10,2,0,0,0,2,0
39,390267,2,2,0,0,0,4,4,113,2090,7,5,2016,7,10,55,0,2,7,4,6,"RUTH AVE","JEROME AVE",0,39.74416944,-84.23775833,0,12,6,0,2,2,0,1,1,10,0,10,0,"0000000",11,36,11,38,12,9,0,0,0,1,0