"STATE","ST_CASE","VE_TOTAL","VE_FORMS","PVH_INVL","PEDS","PERNOTMVIT","PERMVIT","PERSONS","COUNTY","CITY","DAY","MONTH","YEAR","DAY_WEEK","HOUR","MINUTE","NHS","RUR_URB","FUNC_SYS","RD_OWNER","ROUTE","TWAY_ID","TWAY_ID2","MILEPT","LATITUDE","LONGITUD","SP_JUR","HARM_EV","MAN_COLL","RELJCT1","RELJCT2","TYP_INT","WRK_ZONE","REL_ROAD","LGT_COND","WEATHER1","WEATHER2","WEATHER","SCH_BUS","RAIL","NOT_HOUR","NOT_MIN","ARR_HOUR","ARR_MIN","HOSP_HR","HOSP_MN","CF1","CF2","CF3","FATALS","DRUNK_DR"
39,390268,2,2,0,0,0,3,3,35,1680,25,4,2016,2,19,48,0,2,4,1,2,"US-422 KINSMAN RD","",35,41.47788333,-81.63451111,0,33,0,0,1,1,0,4,3,1,0,1,0,"0000000",19,49,19,55,20,15,0,0,0,1,1
39,390269,1,1,0,1,1,2,2,35,1680,23,4,2016,7,13,22,0,2,7,4,6,"CORLETT AVE","",0,41.45570833,-81.59606389,0,8,0,0,1,1,0,1,1,10,0,10,0,"0000000",13,23,13,26,13,50,0,0,0,1,0
39,390270,2,2,0,0,0,3,3,169,9140,9,5,2016,2,8,58,0,2,7,2,4,"CR-513 GASCHE ST","KIEFFER ST",0,40.81763333,-81.92936667,0,12,6,0,2,2,0,1,1,10,0,10,0,"0000000",9,0,9,4,9,21,0,0,0,1,0
39,390271,1,1,0,0,0,1,1,79,0,15,5,2016,1,18,40,0,1,7,2,4,"CR-19","",0,38.93194444,-82.67527778,0,35,0,0,1,1,0,4,1,1,0,1,0,"0000000",18,44,18,54,88,88,0,0,0,1,1
39,390272,2,2,0,0,0,4,4,23,0,11,5,2016,4,12,10,0,2,5,1,3,"SR-235","",29,39.91833333,-84.03526667,0,1,0,0,8,1,0,4,1,10,0,10,0,"0000000",12,10,12,23,88,88,0,0,0,1,0
39,390273,1,1,0,1,1,3,3,113,2090,11,5,2016,4,14,58,0,2,7,4,6,"HOMEWOOD AVE","GRAFTON AVE",0,39.7744,-84.2077,0,9,0,0,2,2,0,1,1,1,0,1,0,"0000000",14,59,14,59,15,24,0,0,0,1,0
39,390274,1,1,0,1,1,1,1,149,0,11,5,2016,4,22,56,0,1,7,2,4,"CR-17 SIDNEY FREYBURG RD","",0,40.352875,-84.1322,0,8,0,0,1,1,0,4,2,10,0,10,0,"0000000",23,5,23,27,0,16,24,0,0,1,1
39,390275,1,1,0,0,0,1,1,151,6348,3,5,2016,3,3,35,1,1,3,1,2,"US-30","",298,40.73569444,-81.13549722,0,52,0,0,1,1,0,4,2,10,0,10,0,"0000000",3,45,3,47,88,88,0,0,0,1,1
39,390276,1,1,0,1,1,1,1,113,2090,19,5,2016,5,22,5,1,2,3,1,3,"SR-48 MAIN ST","CLIFF ST",155,39.7925,-84.215,0,8,0,0,3,3,0,1,3,1,0,1,0,"0000000",22,6,22,13,88,88,0,0,0,1,0
39,390277,1,1,0,0,0,1,1,139,0,12,5,2016,5,19,41,0,2,5,1,3,"SR-61","",48,40.86316944,-82.66314167,0,21,0,0,1,1,0,4,1,10,0,10,0,"0000000",19,41,19,46,88,88,0,0,0,1,1
39,390278,2,2,0,0,0,3,3,39,0,14,5,2016,7,18,30,0,1,5,1,3,"SR-15","CR-17 WATSON RD",187,41.23818333,-84.34164167,0,12,6,0,2,2,0,1,1,1,0,1,0,"0000000",18,30,18,36,19,2,0,0,0,1,0
39,390279,1,1,0,0,0,1,1,95,8120,19,2,2016,6,0,26,0,1,7,4,6,"ANGOLA RD","",0,41.62387778,-83.66352778,0,18,0,0,1,1,0,4,3,1,0,1,0,"0000000",0,26,0,29,88,88,0,0,0,1,1
39,390280,2,2,0,0,0,4,4,127,0,15,5,2016,1,16,17,0,1,4,1,3,"SR-13","",353,39.85695556,-82.39464167,0,12,7,0,1,1,0,1,1,1,0,1,0,"0000000",16,17,16,25,17,31,0,0,0,1,0
39,390281,1,1,0,0,0,2,2,171,0,16,5,2016,2,15,50,0,1,7,3,5,"TR-53 COUNTY ROAD 15","",0,41.65471389,-84.53407222,0,34,0,0,1,1,0,4,1,1,0,1,0,"0000000",15,53,16,3,17,30,0,0,0,1,0
39,390282,1,1,0,0,0,2,2,153,70,1,4,2016,6,23,51,0,2,7,4,6,"22ND ST","",0,41.04544167,-81.56622222,0,33,0,0,1,1,0,4,3,10,0,10,0,"0000000",23,53,0,0,0,23,0,0,0,1,1
39,390283,1,1,0,0,0,2,2,47,0,11,5,2016,4,19,47,0,1,5,1,3,"SR-41","",47,39.43678889,-83.41953333,0,34,0,0,1,1,0,4,1,1,0,1,0,"0000000",19,49,19,58,20,30,0,0,0,1,0
39,390284,1,1,0,1,1,2,2,7,3770,14,5,2016,7,22,20,0,1,5,1,3,"SR-46","",153,41.716875,-80.78570556,0,8,0,0,1,1,0,1,2,2,0,2,0,"0000000",22,35,22,38,88,88,0,0,0,1,0
39,390285,1,1,0,0,0,3,3,49,1800,15,5,2016,1,20,18,1,2,1,1,1,"I-70 E","",213,39.93652222,-82.87864167,0,24,0,0,1,1,0,4,5,1,0,1,0,"0000000",20,19,20,23,20,41,0,0,0,1,0
39,390286,1,1,0,1,1,1,1,95,8120,19,5,2016,5,19,9,0,2,5,2,4,"CR-513 NEBRASKA AVE","CR-2237 HAWLEY ST",0,41.64562222,-83.56729444,0,9,0,0,2,2,0,1,1,1,0,1,0,"0000000",19,13,19,17,19,28,0,0,0,1,0
39,390287,3,3,0,0,0,3,3,141,0,24,5,2016,3,12,35,0,1,4,1,2,"US-50","",168,39.33335278,-83.09488333,0,12,2,0,1,1,0,1,1,1,0,1,0,"0000000",12,48,13,19,13,40,0,0,0,1,0
39,390288,1,1,0,0,0,1,1,157,0,20,5,2016,6,18,55,0,1,7,2,4,"CR-77 PRYSI RD","",0,40.51766944,-81.58530556,0,32,0,0,1,1,0,4,1,10,0,10,0,"0000000",18,54,19,4,88,88,0,0,0,1,1
39,390289,1,1,0,0,0,1,1,145,0,22,5,2016,1,19,30,0,1,6,2,4,"CR-49 CAREY'S RUN POND CRK RD","",0,38.78124167,-83.10037778,0,41,0,0,1,1,0,4,1,10,0,10,0,"0000000",19,38,19,52,20,44,0,0,0,1,1
39,390290,1,1,0,0,0,1,1,61,1610,1,6,2016,4,20,20,1,2,3,1,2,"US-42 READING RD","",26,39.11995833,-84.50011667,0,42,0,0,1,1,0,4,5,10,0,10,0,"0000000",20,24,20,30,20,45,0,0,0,1,1
39,390291,1,1,0,1,1,1,1,153,70,28,3,2016,2,6,1,1,2,1,1,2,"US-224 E","",24,41.02496389,-81.52655278,0,8,0,1,5,1,0,1,3,10,0,10,0,"0000000",88,88,88,88,88,88,0,0,0,1,0
39,390292,1,1,0,0,0,1,1,153,70,2,4,2016,7,14,20,0,2,2,1,3,"SR-59 E","",1,41.06198611,-81.53936111,0,26,0,0,1,1,0,4,1,10,0,10,0,"0000000",14,31,14,33,88,88,0,0,0,1,1
39,390294,1,1,0,0,0,1,1,23,5273,20,5,2016,6,19,25,1,1,3,1,3,"SR-4","",247,40.01886111,-83.6735,0,42,0,0,1,1,0,4,1,2,0,2,0,"0000000",19,20,19,31,88,88,0,0,0,1,0
39,390295,1,1,0,0,0,2,2,113,5275,21,5,2016,7,15,8,0,2,5,4,6,"DRYDEN RD","",0,39.70907778,-84.22273056,0,30,0,0,1,1,0,4,1,1,0,1,0,"0000000",15,8,15,16,15,37,0,0,0,1,0
39,390296,2,2,0,0,0,4,4,133,380,31,3,2016,5,23,26,1,2,3,1,3,"SR-43 N AURORA RD","",242,41.32188889,-81.35417222,0,12,2,0,1,1,0,1,2,2,0,2,0,"0000000",23,27,23,30,0,19,0,0,0,1,1
39,390297,2,2,0,0,0,2,2,169,0,12,4,2016,3,16,40,0,1,7,3,5,"TR-221","",0,40.8885,-81.82931667,0,12,2,0,1,1,0,1,1,1,0,1,0,"0000000",16,42,16,48,88,88,0,0,0,1,1
39,390298,2,2,0,0,0,6,6,155,0,13,4,2016,4,20,24,1,2,3,1,3,"SR-46","HIGHLAND TERRACE BLVD",61,41.21621389,-80.74020556,0,12,8,0,2,2,0,1,3,1,0,1,0,"0000000",20,23,20,31,20,40,0,0,0,1,0
39,390299,1,1,0,1,1,1,1,41,2150,23,5,2016,2,4,30,0,2,4,1,3,"SR-37 W CENTRAL AVE","ELIZABETH ST",99,40.30195278,-83.075975,0,8,0,0,2,3,0,1,3,10,0,10,0,"0000000",4,34,4,38,88,88,0,0,0,1,0
39,390300,1,1,0,0,0,1,1,85,4920,16,3,2016,4,18,13,0,2,4,1,3,"SR-615 MUNSON RD","",62,41.70503333,-81.34908056,0,53,0,0,1,1,0,4,1,1,0,1,0,"0000000",6,14,6,18,6,44,0,0,0,1,0
39,390301,2,2,0,0,0,2,2,95,4840,25,3,2016,6,15,7,1,2,2,1,2,"US-24","",140,41.55398333,-83.68486944,0,12,1,1,18,1,0,1,1,1,0,1,0,"0000000",15,9,15,18,15,53,0,0,0,1,0
39,390303,2,2,0,0,0,4,4,127,0,21,5,2016,7,11,20,0,1,7,2,4,"CR-23","CR-57",0,39.70497222,-82.35019444,0,12,6,0,2,2,0,1,1,2,0,2,0,"0000000",11,21,11,31,12,3,0,0,0,1,1
39,390304,3,3,0,0,0,4,4,61,2523,8,4,2016,6,3,32,1,2,1,1,1,"I-75","",132,39.23988333,-84.45123056,0,12,2,0,1,1,0,1,3,10,0,10,0,"0000000",3,35,3,46,4,25,0,0,0,3,1
39,390305,2,2,0,0,0,2,2,23,1710,24,5,2016,3,13,13,0,1,5,1,3,"SR-72","HIGH ST",1,39.79926111,-83.82437778,0,12,6,0,2,3,0,1,1,1,0,1,0,"0000000",13,13,13,22,13,55,0,0,0,1,1
39,390306,1,1,0,0,0,1,1,129,0,26,5,2016,5,17,25,0,1,5,1,3,"SR-138","",37,39.55058611,-83.11105833,0,38,0,0,1,1,0,4,1,10,0,10,0,"0000000",17,27,17,39,88,88,0,0,0,1,0
39,390307,4,4,0,0,0,4,4,143,0,16,5,2016,2,15,2,0,1,4,1,3,"SR-53","",174,41.45391389,-83.05390278,0,12,8,0,1,1,0,1,1,1,0,1,0,"0000000",14,59,15,14,88,88,0,0,0,1,0
39,390308,2,2,0,0,0,5,5,163,0,18,5,2016,4,13,45,0,1,5,1,3,"SR-56","SR-93",32,39.378925,-82.46162222,0,12,6,0,2,2,0,1,1,10,0,10,0,"0000000",13,47,13,55,88,88,0,0,0,4,0
39,390309,2,2,0,0,0,2,2,49,0,19,5,2016,5,13,47,1,2,1,1,1,"I-270","SR-161",306,40.08227778,-82.90868333,0,12,7,1,20,1,0,1,1,1,0,1,0,"0000000",13,49,13,49,88,88,0,0,0,1,0
39,390310,3,3,0,0,0,4,4,49,1800,20,5,2016,6,22,57,1,2,1,1,1,"I-71","",171,39.95798889,-82.98311944,0,12,2,0,1,1,0,1,3,2,0,2,0,"0000000",23,0,23,7,23,21,0,0,0,1,1
39,390311,2,2,0,0,0,3,3,151,5930,25,5,2016,4,23,2,0,2,6,4,6,"S MAIN ST","",0,40.86522222,-81.39741389,0,12,1,0,1,1,0,1,3,1,0,1,0,"0000000",23,3,23,8,23,34,0,0,0,1,0
39,390312,2,2,0,0,0,4,4,27,0,26,5,2016,5,13,33,1,1,1,1,1,"I-71","",57,39.50174722,-83.89468611,0,12,6,0,1,1,0,1,1,1,0,1,0,"0000000",13,34,14,7,14,30,0,0,0,1,0
39,390313,1,1,0,0,0,2,2,35,8540,14,4,2016,5,14,19,1,2,1,1,1,"I-480","",230,41.42487222,-81.55187778,0,24,0,0,1,1,0,4,1,1,0,1,0,"0000000",14,25,14,29,15,13,0,0,0,1,0
39,390314,1,1,0,0,0,2,2,151,1320,19,4,2016,3,6,17,1,2,3,2,4,"CR-240 12TH ST","",0,40.80980833,-81.392625,0,33,0,0,1,1,0,4,1,1,0,1,0,"0000000",6,21,6,28,88,88,0,0,0,2,1
39,390315,1,1,0,0,0,2,2,167,0,23,5,2016,2,17,43,0,1,5,1,3,"SR-821","",112,39.56258889,-81.41165278,0,35,0,0,1,1,0,4,1,1,0,1,0,"0000000",17,54,18,13,18,46,0,0,0,1,0
39,390316,1,1,0,0,0,2,2,43,0,25,5,2016,4,17,4,1,2,2,1,3,"SR-2","",212,41.36717222,-82.51368611,0,34,0,0,1,1,0,4,1,1,0,1,0,"0000000",17,14,17,18,17,40,0,0,0,1,0
39,390317,1,1,0,0,0,1,1,41,0,26,5,2016,5,19,40,0,2,7,2,4,"CR-91 BERLIN STATION RD","",0,40.25721944,-83.01941389,0,38,0,0,1,1,0,4,1,1,0,1,0,"0000000",19,43,19,49,88,88,0,0,0,1,1
39,390318,2,2,0,0,0,3,3,109,0,26,5,2016,5,21,25,0,2,5,3,5,"TR-147 BYERS RD","",0,39.628625,-84.23515556,0,12,6,0,8,1,0,1,2,1,0,1,0,"0000000",21,25,21,31,21,46,0,0,0,1,0
39,390319,2,2,0,0,0,3,3,43,0,30,5,2016,2,20,39,0,2,7,2,4,"CR-568 BARRETT RD","",0,41.46901111,-82.80858611,0,12,2,0,1,1,0,1,5,1,0,1,0,"0000000",20,40,20,45,88,88,0,0,0,1,0
39,390320,3,3,0,0,0,3,3,61,0,25,4,2016,2,11,20,1,2,3,1,3,"SR-264 GLENWAY AVE","BRIDGETOWN RD",80,39.15756944,-84.62994722,0,12,6,0,2,2,0,1,1,1,0,1,0,"0000000",11,31,11,34,12,29,0,0,0,1,0
39,390321,2,2,0,0,0,2,2,35,1680,11,5,2016,4,21,10,0,2,4,1,3,"SR-10 LORAIN AVE","W 104TH ST",125,41.46552222,-81.75773889,0,1,0,0,2,3,0,1,5,1,0,1,0,"0000000",21,14,21,21,88,88,0,0,0,1,0
39,390322,1,1,0,0,0,2,2,17,0,1,6,2016,4,1,37,1,2,3,1,2,"US-42 CINCINNATI-COLUMBUS RD","TR-117 COX RD",20,39.31962778,-84.36687222,0,31,0,0,3,3,0,4,2,1,0,1,0,"0000000",1,38,1,43,2,4,0,0,0,1,1
39,390323,1,1,0,0,0,3,3,29,0,27,5,2016,6,0,26,0,1,7,3,5,"TR-923","TR-884",0,40.8718,-80.63958056,0,34,0,0,3,3,0,4,2,1,0,1,0,"0000000",0,36,0,47,1,28,0,0,0,1,1
39,390324,1,1,0,0,0,1,1,73,0,2,6,2016,5,14,41,0,1,5,1,3,"SR-56","",85,39.41442222,-82.61795556,0,34,0,0,1,1,0,4,1,10,0,10,0,"0000000",14,44,14,54,15,43,0,0,0,1,0
39,390325,3,3,0,0,0,4,4,171,0,27,5,2016,6,15,40,1,1,3,1,2,"US-20","LAKESHORE DR",148,41.66558611,-84.54336389,0,12,1,0,2,3,0,1,1,1,0,1,0,"0000000",15,48,16,8,16,42,0,0,0,1,0
39,390326,3,3,0,0,0,5,5,17,8715,4,6,2016,7,17,40,0,2,7,3,6,"W CHESTER RD","",0,39.32220556,-84.39005,0,12,6,0,1,1,0,1,1,10,0,10,0,"0000000",17,41,17,44,99,99,0,0,0,1,1
39,390327,1,1,0,0,0,2,2,129,0,28,5,2016,7,22,31,0,1,7,2,4,"CR-3","",0,39.785475,-83.23171667,0,32,0,0,1,1,0,4,2,1,0,1,0,"0000000",22,32,22,43,88,88,0,0,0,2,1
39,390328,6,4,2,1,2,8,9,35,1680,2,6,2016,5,21,50,1,2,1,1,1,"I-90","",218,41.54435278,-81.61841667,0,14,0,0,1,1,0,1,3,1,0,1,0,"0000000",21,57,22,2,22,30,15,19,0,1,0
39,390329,2,2,0,0,0,3,3,21,0,24,4,2016,1,20,13,0,1,5,1,3,"SR-29","TR-34 CHURCH RD",113,40.19130833,-83.83897222,0,12,6,0,2,2,0,1,1,1,0,1,0,"0000000",20,13,20,26,21,8,0,0,0,1,1
39,390330,1,1,0,0,0,1,1,9,0,3,6,2016,6,20,46,0,2,7,2,4,"CR-1A HAPPY HOLLOW RD","",0,39.45188889,-82.17913889,0,11,0,0,1,1,0,1,5,10,0,10,0,"0000000",20,46,20,46,21,16,0,0,0,1,1
39,390331,1,1,0,0,0,1,1,61,1610,3,6,2016,6,5,55,0,2,4,2,4,"CR-644 CLIFTON AVE","",0,39.13384167,-84.520275,0,30,0,0,1,1,0,4,4,1,0,1,0,"0000000",5,56,6,9,6,16,0,0,0,1,0
39,390333,1,1,0,0,0,1,1,49,1800,10,6,2016,6,2,40,1,2,3,2,4,"CR-3 AVERY RD","",0,40.06300278,-83.16091944,0,30,0,0,1,1,0,4,2,1,0,1,0,"0000000",2,34,2,44,88,88,0,0,0,1,1
39,390334,1,1,0,0,0,1,1,113,2090,23,5,2016,2,20,59,0,2,4,2,4,"CR-99B KEOWEE ST","",0,39.771,-84.1782,0,33,0,0,1,1,0,4,5,1,0,1,0,"0000000",20,59,21,5,22,16,0,0,0,1,0
39,390336,2,2,0,0,0,3,3,103,0,27,5,2016,6,15,9,0,1,5,1,3,"SR-252","",44,41.23089722,-81.92180556,0,12,2,0,1,1,0,1,1,1,0,1,0,"0000000",15,9,15,13,15,56,0,0,0,1,1
39,390337,2,2,0,0,0,3,3,47,0,23,5,2016,2,15,59,0,1,4,1,2,"US-22","",142,39.54712778,-83.32576111,0,12,2,0,1,1,0,1,1,10,0,10,0,"0000000",16,2,16,18,16,42,0,0,0,2,0
39,390338,1,1,0,0,0,1,1,135,0,29,5,2016,1,14,47,0,1,5,1,2,"US-40","",62,39.84243889,-84.69691667,0,35,0,0,1,1,0,4,1,1,0,1,0,"0000000",18,48,19,0,88,88,0,0,0,1,0
39,390339,2,2,0,0,0,2,2,83,0,3,6,2016,6,18,30,0,2,4,1,3,"SR-3","TR-267",217,40.44020833,-82.44585556,0,12,6,0,2,3,0,1,1,1,0,1,0,"0000000",18,33,18,41,18,55,0,0,0,1,1
39,390340,1,1,0,0,0,2,2,93,0,28,5,2016,7,14,4,1,2,2,1,3,"SR-10","",23,41.351525,-82.02828333,0,5,0,1,18,1,0,1,1,1,0,1,0,"0000000",14,6,14,25,14,48,0,0,0,1,0
39,390341,1,1,0,0,0,2,2,43,0,29,5,2016,1,14,44,0,1,4,1,3,"SR-4","",21,41.31739722,-82.77020556,0,5,0,0,1,1,0,4,1,1,0,1,0,"0000000",14,39,14,50,15,13,0,0,0,1,0
39,390342,2,2,0,0,0,7,7,57,0,2,6,2016,5,15,47,1,2,3,1,3,"SR-4","TR-7 BATH RD",15,39.81835556,-84.07431389,0,12,6,0,2,3,0,1,1,10,0,10,0,"0000000",15,38,15,46,16,14,0,0,0,1,1
39,390343,1,1,0,2,2,1,1,49,0,2,6,2016,5,16,50,1,2,4,1,3,"SR-3 WESTERVILLE PIKE","",214,40.03979167,-82.95092778,0,53,0,0,1,1,0,4,1,10,0,10,0,"0000000",16,58,16,58,17,33,0,0,0,1,0
39,390344,2,2,0,0,0,2,2,49,0,3,6,2016,6,13,27,1,2,3,2,4,"CR-122 ALUM CREEK DR","CR-229 BIXBY RD",0,39.85590278,-82.93835,0,12,6,0,2,2,0,1,1,1,0,1,0,"0000000",13,30,13,36,88,88,0,0,0,1,0
39,390345,2,2,0,0,0,2,2,83,0,2,6,2016,5,23,48,0,2,5,2,4,"CR-6 UPPER FREDERICKTOWN RD","TR-401 BECKLEY RD",0,40.43900833,-82.50868056,0,12,6,0,2,2,0,1,2,10,0,10,0,"0000000",23,45,23,52,0,16,0,0,0,1,0
39,390346,2,2,0,0,0,3,3,25,0,22,5,2016,1,18,20,1,1,3,1,3,"SR-125","SUGARTREE RD",119,38.98794444,-84.12583333,0,12,6,0,2,2,0,1,1,1,0,1,0,"0000000",18,25,18,32,19,30,0,0,0,1,0
39,390347,3,3,0,0,0,8,8,101,4740,5,6,2016,1,18,59,0,1,4,1,3,"SR-309","CR-162",140,40.604575,-83.16991389,0,12,6,0,2,2,0,1,1,1,0,1,0,"0000000",19,3,19,4,19,21,0,0,0,1,0
39,390348,1,1,0,0,0,1,1,155,8530,6,6,2016,2,14,44,0,2,5,3,5,"TR-346 TOD AVE","",0,41.24819722,-80.83629167,0,42,0,0,1,1,0,4,1,1,0,1,0,"0000000",14,48,14,57,15,59,0,0,0,1,1
39,390349,1,1,0,1,1,1,1,11,7240,8,6,2016,4,22,41,0,2,5,2,4,"CR-33A","",0,40.54818056,-84.354925,0,8,0,0,1,1,0,1,2,1,0,1,0,"0000000",22,39,22,44,22,55,0,0,0,1,0
39,390350,1,1,0,0,0,1,1,49,1800,10,6,2016,6,20,19,0,2,5,4,6,"COLLEGE AVE","",0,39.9244,-82.92226111,0,30,0,0,1,1,0,4,1,1,0,1,0,"0000000",20,21,20,27,88,88,0,0,0,1,0
39,390351,2,2,0,0,0,2,2,89,3100,11,6,2016,7,16,49,0,1,5,1,3,"SR-37","SR-16",173,40.06298056,-82.52392222,0,12,1,0,3,2,0,1,1,1,0,1,0,"0000000",16,52,16,54,88,88,0,0,0,1,0
39,390352,1,1,0,0,0,1,1,61,1610,10,6,2016,6,21,53,1,2,3,1,2,"US-50 RIVER RD","SOUTHSIDE AVE",174,39.08830556,-84.56639722,0,30,0,0,3,3,0,4,3,1,0,1,0,"0000000",21,56,21,58,88,88,0,0,0,1,0
39,390353,2,2,0,0,0,3,3,169,1285,12,6,2016,1,18,50,0,1,4,1,3,"SR-3 CLEVELAND RD","CR-27 FULTON RD",221,40.90129444,-81.91418333,0,12,6,0,2,3,0,1,1,1,0,1,0,"0000000",18,55,18,59,20,9,0,0,0,3,1
39,390354,1,1,0,1,1,2,2,25,0,30,5,2016,2,22,0,0,1,5,1,3,"SR-133","",63,38.86491111,-84.09405,0,8,0,0,1,1,0,1,2,1,0,1,0,"0000000",22,14,22,31,22,54,0,0,0,1,0
39,390355,1,1,0,0,0,1,1,61,0,11,6,2016,7,19,59,0,2,4,2,6,"PIPPIN RD","",0,39.22986667,-84.57192222,0,24,0,0,1,1,0,4,1,1,0,1,0,"0000000",20,2,20,5,88,88,0,0,0,1,1
39,390356,1,1,0,0,0,1,1,97,0,12,6,2016,1,4,28,0,2,5,1,3,"SR-38","",153,39.90951944,-83.45353056,0,1,0,0,1,1,0,4,2,1,0,1,0,"0000000",4,35,4,59,5,30,0,0,0,1,1
39,390358,1,1,0,0,0,1,1,113,2090,14,6,2016,3,20,45,0,2,4,2,4,"CR-539 RIVERSIDE DR","ERNST AVE",0,39.7884,-84.20514444,0,33,0,0,3,3,0,4,1,1,0,1,0,"0000000",20,45,20,48,21,9,24,0,0,1,1
39,390359,2,2,0,0,0,2,2,109,0,23,5,2016,2,17,15,0,1,7,3,5,"TR-185 POLECAT RD","",0,40.07628611,-84.18390833,0,12,8,0,1,1,0,1,1,1,0,1,0,"0000000",17,16,17,19,17,48,0,0,0,1,0
39,390360,2,2,0,0,0,2,2,149,0,7,5,2016,7,22,37,0,1,5,1,3,"SR-589","MIDDLETON HUME RD",24,40.22199722,-84.05817222,0,12,6,0,2,2,0,1,2,1,0,1,0,"0000000",2,57,3,14,88,88,0,0,0,1,1
39,390361,1,1,0,0,0,1,1,61,0,10,5,2016,3,17,52,0,2,5,2,6,"LAWRENCEBURG RD","",0,39.15226111,-84.79440833,0,52,0,0,1,1,0,4,1,10,0,10,0,"0000000",17,54,18,4,18,44,0,0,0,1,1
39,390362,1,1,0,0,0,1,1,95,7980,10,6,2016,6,2,35,1,2,3,1,2,"US-20","",108,41.67229167,-83.66811944,0,33,0,0,1,1,0,4,2,1,0,1,0,"0000000",2,40,2,48,88,88,0,0,0,1,1
39,390363,2,2,0,0,0,2,2,141,0,13,6,2016,2,18,35,0,1,5,2,4,"CR-35","",0,39.26320556,-82.88379444,0,12,6,0,8,1,0,1,1,10,0,10,0,"0000000",18,34,18,59,19,25,0,0,0,1,0
39,390364,2,2,0,0,0,3,3,135,0,26,5,2016,5,12,8,0,1,7,2,4,"CR-56 LEXINGTON SALEM RD","CR-57 PREBLE COUNTY LINE RD",0,39.79527778,-84.48277778,0,12,6,0,2,2,0,1,1,10,0,10,0,"0000000",12,16,12,23,13,15,0,0,0,1,1
39,390365,2,2,0,0,0,2,2,165,0,25,5,2016,4,15,58,0,2,5,1,2,"US-22","ZOAR RD",71,39.35085,-84.19110278,0,12,6,0,2,2,0,1,1,10,0,10,0,"0000000",16,6,16,24,16,57,0,0,0,1,0
39,390366,2,2,0,0,0,3,3,17,0,4,6,2016,7,16,7,0,1,5,2,4,"CR-29 REILY MILLVILLE RD","",0,39.42958333,-84.7458,0,12,6,0,1,1,0,1,1,10,0,10,0,"0000000",16,23,16,41,17,5,0,0,0,1,0
39,390367,1,1,0,0,0,1,1,35,4860,2,6,2016,5,15,31,0,1,7,4,6,"NORTHBORO DR","",0,41.53651389,-81.44312222,0,19,0,0,1,1,0,5,1,1,0,1,0,"0000000",15,31,15,37,15,53,0,0,0,1,0
39,390368,2,2,0,0,0,6,6,89,0,15,6,2016,4,17,0,0,2,4,1,3,"SR-13","",74,40.02692778,-82.40250833,0,12,2,0,1,1,0,1,1,1,0,1,0,"0000000",17,11,17,18,17,51,0,0,0,1,0
39,390369,1,1,0,0,0,1,1,49,1800,20,6,2016,2,2,25,0,2,4,4,6,"E 5TH AVE","",0,39.98508889,-82.95593056,0,21,0,0,1,1,0,4,3,1,0,1,0,"0000000",2,28,2,33,2,43,0,0,0,1,0
39,390370,1,1,0,0,0,1,1,35,7610,8,6,2016,4,7,50,1,2,2,1,2,"US-422","",200,41.38932222,-81.40106944,0,35,0,0,1,1,0,4,1,1,0,1,0,"0000000",7,52,7,58,88,88,0,0,0,1,0
39,390371,2,2,0,0,0,4,4,79,0,11,6,2016,7,18,36,1,1,3,1,2,"US-35","CR-41 DIXON RUN RD",205,38.97611111,-82.52055556,0,12,6,0,2,2,0,1,1,1,0,1,0,"0000000",18,35,18,35,19,20,0,0,0,1,1
39,390372,2,1,1,0,1,2,3,55,0,21,1,2016,5,12,50,1,2,2,1,2,"US-422","",22,41.38899167,-81.35104722,0,14,0,0,1,1,0,2,1,10,0,10,0,"0000000",12,52,12,54,13,24,23,0,0,1,0
39,390373,2,2,0,0,0,2,2,25,0,2,6,2016,5,15,9,1,2,3,1,3,"SR-125","ROHLING OAKS DR",25,39.06044722,-84.26965556,0,12,6,0,2,3,0,1,1,1,0,1,0,"0000000",15,9,15,11,15,26,0,0,0,1,0
39,390374,1,1,0,0,0,3,3,61,1610,24,6,2016,6,1,58,0,2,4,4,6,"CARLL ST","",0,39.13447222,-84.54631389,0,19,0,0,1,1,0,4,3,10,0,10,0,"0000000",2,4,2,9,2,38,0,0,0,1,1
39,390375,2,2,0,0,0,3,3,93,0,6,6,2016,2,5,13,1,1,3,1,3,"SR-58 LEAVITT RD","",198,41.34879167,-82.21573056,0,12,7,0,1,1,0,1,4,1,0,1,0,"0000000",5,30,5,47,6,17,0,0,0,1,0
39,390376,2,2,0,0,0,3,3,45,0,11,6,2016,7,11,35,1,2,4,1,3,"SR-37","",110,39.773125,-82.57434444,0,12,2,0,1,1,0,1,1,1,0,1,0,"0000000",11,40,11,45,12,16,0,0,0,1,0
39,390377,1,1,0,0,0,1,1,77,0,12,6,2016,1,14,19,0,1,7,2,4,"CR-186 ZENOBIA RD","",0,41.20444444,-82.56005556,0,32,0,0,1,1,0,4,1,1,0,1,0,"0000000",14,27,14,33,88,88,0,0,0,1,1
39,390378,1,1,0,0,0,1,1,61,0,31,1,2016,1,17,50,1,2,1,1,1,"I-275","",1,39.14634167,-84.81906111,0,31,0,0,1,1,0,3,1,1,0,1,0,"0000000",17,51,18,4,99,99,0,0,0,1,0
39,390379,2,2,0,0,0,2,2,29,0,17,6,2016,6,11,23,0,1,5,1,2,"US-62 SALEM ALLIANCE RD","",99,40.90099444,-80.896775,0,12,6,0,8,1,0,1,1,1,0,1,0,"0000000",11,30,11,36,12,44,0,0,0,1,0
39,390380,1,1,0,0,0,1,1,99,9230,24,4,2016,1,12,8,0,2,7,4,6,"HUDSON AVE","",0,41.0658,-80.6661,0,42,0,0,1,1,0,4,1,1,0,1,0,"0000000",12,11,12,14,12,47,0,0,0,1,0