"STATE","ST_CASE","VE_TOTAL","VE_FORMS","PVH_INVL","PEDS","PERNOTMVIT","PERMVIT","PERSONS","COUNTY","CITY","DAY","MONTH","YEAR","DAY_WEEK","HOUR","MINUTE","NHS","RUR_URB","FUNC_SYS","RD_OWNER","ROUTE","TWAY_ID","TWAY_ID2","MILEPT","LATITUDE","LONGITUD","SP_JUR","HARM_EV","MAN_COLL","RELJCT1","RELJCT2","TYP_INT","WRK_ZONE","REL_ROAD","LGT_COND","WEATHER1","WEATHER2","WEATHER","SCH_BUS","RAIL","NOT_HOUR","NOT_MIN","ARR_HOUR","ARR_MIN","HOSP_HR","HOSP_MN","CF1","CF2","CF3","FATALS","DRUNK_DR"
39,390381,2,2,0,0,0,2,2,49,0,18,6,2016,7,19,2,1,2,4,1,3,"SR-3 WESTERVILLE PIKE","CR-7005 CORPORATE DR",243,40.07858333,-82.92849722,0,12,6,0,2,3,0,1,1,1,0,1,0,"0000000",19,7,19,11,88,88,0,0,0,1,1
39,390382,2,1,1,0,1,1,2,153,70,27,3,2016,1,2,15,1,2,1,1,1,"I-76","",122,41.06335556,-81.48931944,0,14,0,9,99,1,0,2,3,10,0,10,0,"0000000",2,19,2,26,2,45,23,0,0,1,1
39,390383,1,1,0,1,1,1,1,149,7550,3,4,2016,1,19,25,0,2,4,2,4,"CR-25A MAIN ST","DALLAS ST",0,40.28093611,-84.15497778,0,9,0,0,99,99,0,1,1,99,0,99,0,"0000000",88,88,88,88,88,88,0,0,0,1,0
39,390384,1,1,0,1,1,2,2,153,70,16,4,2016,7,9,8,0,2,4,2,4,"CR-627 EXCHANGE ST","SR-162 MAPLE ST",0,41.08477778,-81.53583056,0,9,0,0,2,2,0,1,1,1,0,1,0,"0000000",9,8,9,11,9,21,0,0,0,1,0
39,390385,1,1,0,0,0,2,2,95,8120,3,5,2016,3,1,20,0,2,4,1,3,"SR-120 CENTRAL AVE","HYDE PL",169,41.67845556,-83.55177778,0,30,0,0,3,3,0,4,3,1,0,1,0,"0000000",1,23,1,28,1,40,20,0,0,1,0
39,390386,2,2,0,0,0,2,2,89,3428,16,5,2016,2,0,22,1,2,3,1,3,"SR-79 HEBRON RD","",86,39.99872222,-82.46773889,0,12,2,0,1,1,0,1,3,1,0,1,0,"0000000",0,22,0,29,0,57,0,0,0,1,0
39,390387,1,1,0,0,0,1,1,153,0,27,5,2016,6,17,30,0,2,4,2,4,"CR-135 KILLIAN RD","",0,40.99555278,-81.42018889,0,42,0,0,1,1,0,4,1,1,0,1,0,"0000000",17,23,17,36,17,54,0,0,0,1,1
39,390388,1,1,0,1,1,2,2,49,1800,10,6,2016,6,23,18,0,2,4,2,4,"CR-15 LIVINGSTON AVE","CUNARD RD",0,39.94612222,-82.90227222,0,8,0,0,2,3,0,1,3,1,0,1,0,"0000000",23,18,23,21,23,38,0,0,0,1,0
39,390389,1,1,0,0,0,1,1,163,0,24,6,2016,6,17,55,0,1,4,1,2,"US-50","CR-30 OLD STATE RD",253,39.24050833,-82.36664444,0,59,0,0,3,3,0,4,1,1,0,1,0,"0000000",17,56,18,5,88,88,0,0,0,1,1
39,390390,1,1,0,0,0,3,3,61,7450,20,4,2016,4,0,52,1,2,1,1,1,"I-75 N","",160,39.282625,-84.44088889,0,38,0,0,1,1,0,5,3,1,0,1,0,"0000000",0,52,0,55,1,46,0,0,0,1,1
39,390391,1,1,0,0,0,1,1,103,0,11,6,2016,7,18,14,1,2,1,1,1,"I-271","",2,41.16219722,-81.78519444,0,24,0,1,5,1,0,4,1,1,0,1,0,"0000000",18,14,18,32,19,11,0,0,0,1,0
39,390392,2,2,0,0,0,2,2,165,0,17,5,2016,3,8,32,0,1,5,1,3,"SR-741","",122,39.50936389,-84.23850556,0,12,2,0,1,1,0,1,1,10,0,10,0,"0000000",8,31,8,36,8,53,0,0,0,1,0
39,390394,1,1,0,0,0,3,3,121,0,12,6,2016,1,22,0,0,1,5,1,3,"SR-215 WOLF RUN RD","",42,39.80431944,-81.48099722,0,24,0,0,1,1,0,4,2,1,0,1,0,"0000000",23,4,23,26,0,50,0,0,0,1,1
39,390395,3,3,0,0,0,4,4,25,0,2,6,2016,5,19,28,0,1,7,4,6,"LORI LN","SR-125",0,39.037,-84.22983056,0,33,0,0,3,3,0,4,1,2,0,2,0,"0000000",19,11,19,18,19,39,0,0,0,1,0
39,390396,1,1,0,1,1,1,1,17,0,7,6,2016,3,17,54,0,2,7,2,6,"MILLIKIN RD","LESOURDSVILLE W CHESTER",0,39.40293056,-84.43388333,0,8,0,0,2,3,0,1,1,1,0,1,0,"0000000",17,55,18,0,88,88,0,0,0,1,0
39,390397,2,2,0,0,0,3,3,169,1840,11,6,2016,7,12,5,0,1,5,1,2,"US-42","CR-111",33,40.98868056,-82.08627222,0,12,6,0,2,2,0,1,1,1,0,1,0,"0000000",12,7,12,14,14,20,0,0,0,1,0
39,390398,2,2,0,0,0,4,4,127,0,16,6,2016,5,17,6,0,1,4,1,3,"SR-13","",339,39.83916667,-82.39611111,0,12,2,0,1,1,0,1,1,10,0,10,0,"0000000",17,8,17,14,18,15,0,0,0,1,0
39,390400,1,1,0,0,0,1,1,53,0,13,6,2016,2,14,32,0,1,5,1,3,"SR-160","",113,38.96405,-82.30156667,0,24,0,0,1,1,0,4,1,1,0,1,0,"0000000",14,32,15,43,88,88,0,0,0,1,0
39,390401,2,2,0,0,0,2,2,35,2520,19,6,2016,1,20,9,0,2,7,4,6,"E 250TH ST","ZEMAN AVE",0,41.61164722,-81.50915833,0,33,0,0,3,2,0,4,1,1,0,1,0,"0000000",20,11,20,13,20,29,0,0,0,1,1
39,390402,1,1,0,0,0,1,1,107,1430,21,6,2016,3,12,28,1,2,3,1,3,"SR-29","",148,40.55996944,-84.53150278,0,32,0,0,1,1,0,4,1,99,0,99,0,"0000000",12,29,12,32,88,88,0,0,0,1,0
39,390403,2,2,0,0,0,2,2,73,0,21,6,2016,3,6,0,0,1,5,1,3,"SR-93","",156,39.57277778,-82.38166667,0,12,2,0,1,1,0,1,4,1,0,1,0,"0000000",6,4,6,12,6,35,0,0,0,1,0
39,390404,2,2,0,0,0,4,4,151,0,15,6,2016,4,17,20,1,2,3,1,3,"SR-21","TR-364 ARCADIA ST",191,40.88515556,-81.61522778,0,12,6,0,2,2,0,1,1,1,0,1,0,"0000000",17,25,17,33,18,11,0,0,0,1,0
39,390405,2,2,0,0,0,2,2,49,1800,22,6,2016,4,10,54,1,2,1,1,1,"I-70","",162,39.95366944,-82.96325,0,1,0,0,1,1,0,1,1,10,0,10,0,"0000000",10,57,11,9,88,88,0,0,0,1,0
39,390406,2,2,0,0,0,2,2,55,0,22,6,2016,4,13,35,0,1,4,1,2,"US-322","",69,41.52674722,-81.25802222,0,12,6,0,8,1,0,1,1,1,0,1,0,"0000000",13,36,13,39,14,14,0,0,0,1,0
39,390407,2,2,0,0,0,4,4,133,0,16,6,2016,5,9,45,1,2,3,1,3,"SR-5","SR-59",47,41.15595556,-81.2049,0,12,2,0,2,2,4,1,1,1,0,1,0,"0000000",9,56,10,4,10,39,0,0,0,1,1
39,390408,2,2,0,0,0,3,3,113,0,29,6,2016,4,6,31,1,2,3,1,2,"US-35","",64,39.74591389,-84.36080833,0,12,2,0,1,1,0,1,1,1,0,1,0,"0000000",6,37,6,48,7,8,0,0,0,2,0
39,390409,1,1,0,1,1,1,1,151,1320,30,6,2016,5,1,27,1,2,3,1,3,"SR-43","30TH ST",152,40.83094722,-81.36609444,0,8,0,0,2,2,0,1,3,1,0,1,0,"0000000",1,33,1,39,1,52,0,0,0,1,0
39,390410,2,2,0,0,0,4,4,155,0,17,6,2016,6,17,58,1,2,1,1,1,"I-80 CHRISTOPHER COLUMBUS HWY","",58,41.15918056,-80.63393333,0,12,7,0,1,1,0,1,1,1,0,1,0,"0000000",18,1,18,6,18,29,0,0,0,2,0
39,390411,2,2,0,0,0,3,3,61,1610,3,6,2016,6,21,58,0,2,4,1,6,"KELLOGG AVE","",0,39.06193056,-84.42212778,0,12,1,0,5,1,0,1,3,1,0,1,0,"0000000",21,58,22,7,22,40,0,0,0,1,0
39,390412,1,1,0,0,0,2,2,79,0,25,6,2016,7,9,13,0,1,5,2,4,"CR-76","",0,39.05462222,-82.73958333,0,59,0,0,1,1,0,4,1,1,0,1,0,"0000000",10,1,10,30,11,50,0,0,0,1,0
39,390414,1,1,0,0,0,2,2,133,0,18,6,2016,7,23,35,0,1,5,1,3,"SR-305","",18,41.30989167,-81.10686667,0,5,0,0,1,1,0,1,2,1,0,1,0,"0000000",23,38,23,41,0,3,0,0,0,2,1
39,390415,1,1,0,0,0,1,1,35,1680,1,6,2016,4,0,45,1,2,1,1,1,"I-71","",188,41.47371111,-81.69235833,0,24,0,1,5,1,0,4,3,1,0,1,0,"0000000",0,48,0,52,88,88,0,0,0,1,1
39,390416,1,1,0,0,0,1,1,1,0,26,6,2016,1,2,6,0,1,7,3,5,"TR-155A BLACKS RUN RD","TR-1 WAGGONER RIFFLE RD",0,38.72470556,-83.45316389,0,1,0,0,2,3,0,1,2,1,0,1,0,"0000000",2,4,2,23,2,47,0,0,0,1,1
39,390417,3,3,0,0,0,4,4,37,3180,28,6,2016,3,17,3,1,1,3,1,3,"SR-571","",106,40.1109,-84.65235,0,12,8,0,1,1,0,1,1,1,0,1,0,"0000000",17,11,17,22,17,44,0,0,0,1,0
39,390418,2,2,0,0,0,2,2,165,0,1,7,2016,6,20,10,0,2,4,1,3,"SR-741","HAMILTON RD",59,39.41628611,-84.283925,0,12,7,0,3,3,0,1,1,1,0,1,0,"0000000",20,5,20,12,88,88,0,0,0,1,0
39,390419,1,1,0,1,1,2,2,57,558,20,4,2016,4,20,58,1,2,3,2,4,"CR-1 COLONEL GLENN HWY","",0,39.77483333,-84.07865556,0,8,0,0,1,1,0,1,2,10,0,10,0,"0000000",20,59,21,7,21,15,0,0,0,1,0
39,390420,2,2,0,0,0,3,3,19,0,27,4,2016,4,22,33,0,1,4,1,3,"SR-43 CANTON RD","",217,40.68535833,-81.14888889,0,12,8,0,1,1,0,1,2,1,0,1,0,"0000000",22,29,22,41,88,88,0,0,0,1,0
39,390421,2,2,0,0,0,4,4,95,8120,7,5,2016,7,18,54,1,2,1,1,1,"I-280","",56,41.68946389,-83.514675,0,1,0,1,5,1,0,3,1,1,0,1,0,"0000000",18,57,19,3,19,29,14,0,0,1,0
39,390422,1,1,0,1,1,1,1,35,4685,21,5,2016,7,4,20,0,2,4,1,3,"SR-17 LIBBY RD","SR-14 BROADWAY AVE",181,41.41696389,-81.57219722,0,8,0,0,2,7,0,1,3,2,0,2,0,"0000000",4,30,4,35,4,48,0,0,0,1,0
39,390423,2,2,0,0,0,4,4,109,0,1,6,2016,4,22,35,0,1,6,2,4,"CR-9 RANGE LINE RD","CR-45 MARKLEY RD",0,39.978675,-84.37067778,0,12,6,0,2,3,0,1,2,1,0,1,0,"0000000",22,37,22,42,23,36,0,0,0,1,0
39,390424,2,2,0,0,0,2,2,35,1680,9,6,2016,5,23,14,0,2,5,4,6,"BESSEMER AVE","",0,41.46921389,-81.63989444,0,12,6,0,8,1,0,1,3,10,0,10,0,"0000000",23,12,23,23,23,36,0,0,0,1,1
39,390425,1,1,0,0,0,1,1,35,1680,11,6,2016,7,19,28,1,2,1,1,1,"I-480","",161,41.42304722,-81.68386389,0,35,0,1,5,1,0,4,1,1,0,1,0,"0000000",19,31,19,44,20,13,0,0,0,1,1
39,390426,1,1,0,0,0,1,1,159,3798,23,6,2016,5,21,38,0,1,5,1,3,"SR-161","",108,40.11422222,-83.30075278,0,43,0,0,1,1,0,4,2,10,0,10,0,"0000000",21,37,21,39,22,6,0,0,0,1,1
39,390427,1,1,0,0,0,3,3,103,0,27,6,2016,2,5,25,0,1,7,2,4,"CR-100 ACME RD","",0,40.996775,-81.796325,0,32,0,0,1,1,0,4,4,10,0,10,0,"0000000",5,33,5,41,6,37,0,0,0,1,1
39,390428,2,2,0,0,0,2,2,7,0,19,6,2016,1,19,23,0,2,5,1,3,"SR-534","TR-216 MAPLE RD",233,41.82578889,-80.94582222,0,12,6,0,2,2,0,1,1,1,0,1,0,"0000000",19,30,19,34,19,54,0,0,0,1,1
39,390429,1,1,0,0,0,2,2,173,0,4,7,2016,2,5,35,0,1,5,2,4,"CR-184 KELLOGG RD","",0,41.41586389,-83.72023056,0,34,0,0,1,1,0,4,4,1,0,1,0,"0000000",5,48,6,6,6,34,0,0,0,1,0
39,390430,2,2,0,0,0,3,3,113,8360,6,7,2016,4,5,20,1,2,1,1,1,"I-75","",206,39.89665556,-84.18769722,0,12,1,0,1,1,0,1,3,1,0,1,0,"0000000",5,22,5,25,88,88,0,0,0,1,0
39,390431,2,2,0,0,0,3,3,49,1800,19,6,2016,1,9,22,1,2,3,1,2,"US-33 DUBLIN RD","SR-315",154,39.96673056,-83.0236,0,12,6,1,2,2,0,1,1,1,0,1,0,"0000000",9,30,9,35,10,0,0,0,0,1,0
39,390432,1,1,0,0,0,2,2,57,9200,25,6,2016,7,0,13,0,1,5,4,6,"DAYTON ST","",0,39.80261389,-83.90851111,0,59,0,0,1,1,0,4,3,1,0,1,0,"0000000",0,15,0,21,88,88,0,0,0,2,1
39,390433,2,2,0,0,0,3,3,143,435,1,7,2016,6,20,49,0,2,4,2,4,"CR-6 HAYES AVE","",0,41.34210556,-83.13778611,0,12,6,0,8,1,0,1,1,1,0,1,0,"0000000",20,48,20,53,21,16,0,0,0,1,2
39,390434,2,2,0,0,0,3,3,151,4820,22,6,2016,4,15,55,1,2,3,1,3,"SR-172 LINCOLN WAY","",65,40.79576111,-81.52543611,0,12,2,0,1,1,0,1,1,1,0,1,0,"0000000",15,51,15,53,16,15,0,0,0,1,0
39,390435,1,1,0,0,0,2,2,7,330,3,7,2016,1,1,45,0,2,5,2,4,"CR-150","",0,41.84308611,-80.79176111,0,53,0,0,1,1,0,4,3,1,0,1,0,"0000000",1,52,1,58,2,34,0,0,0,1,1
39,390436,2,2,0,0,0,2,2,171,0,24,6,2016,6,22,51,1,1,3,1,2,"US-6","SR-576",102,41.44130278,-84.61221389,0,12,6,0,2,2,0,1,2,10,0,10,0,"0000000",23,1,23,20,0,17,0,0,0,1,1
39,390437,1,1,0,0,0,1,1,113,2090,25,6,2016,7,19,33,0,2,7,4,6,"CINCINNATI ST","",0,39.73845278,-84.20410278,0,33,0,0,1,1,0,4,1,1,0,1,0,"0000000",19,35,19,38,88,88,0,0,0,1,1
39,390438,1,1,0,0,0,2,2,51,0,25,6,2016,7,0,10,0,1,5,1,3,"SR-120","",92,41.70943056,-84.00408611,0,34,0,0,1,1,0,4,2,1,0,1,0,"0000000",0,29,0,45,1,14,0,0,0,1,0
39,390439,2,2,0,0,0,2,2,125,0,25,6,2016,7,15,50,0,1,6,2,4,"CR-209","",0,41.19058889,-84.36091389,0,12,6,0,8,1,0,1,1,1,0,1,0,"0000000",15,57,16,7,16,35,0,0,0,1,1
39,390440,2,2,0,0,0,2,2,17,5010,26,6,2016,1,19,51,1,2,3,1,3,"SR-122 ROOSEVELT BLVD","",91,39.50185278,-84.37783889,0,33,0,0,1,1,0,4,1,1,0,1,0,"0000000",19,46,19,49,20,8,0,0,0,1,0
39,390441,1,1,0,0,0,1,1,59,0,27,6,2016,2,18,0,0,1,7,3,5,"TR-9876 REPIK LN","",0,40.16328889,-81.2598,0,42,0,0,1,1,0,4,1,1,0,1,0,"0000000",16,52,17,20,88,88,18,0,0,1,0
39,390442,1,1,0,0,0,4,4,149,0,27,6,2016,2,13,17,1,1,1,1,1,"I-75","",127,40.36982778,-84.16051111,0,1,0,0,1,1,0,3,1,1,0,1,0,"0000000",13,31,13,57,14,27,0,0,0,1,0
39,390443,2,2,0,0,0,3,3,99,865,30,6,2016,5,22,18,1,2,3,1,2,"US-224","TIFFANY BLVD",196,41.02425278,-80.63004167,0,12,1,0,3,2,0,1,3,1,0,1,0,"0000000",22,19,22,23,22,45,20,0,0,1,1
39,390444,1,1,0,0,0,1,1,79,0,3,7,2016,1,23,30,0,1,7,3,5,"TR-293","",0,38.96031389,-82.77338056,0,38,0,0,1,1,0,4,2,1,0,1,0,"0000000",88,88,88,88,88,88,0,0,0,1,1
39,390445,2,2,0,0,0,2,2,37,3180,29,6,2016,4,7,22,0,2,4,1,3,"SR-121","US-127 ENTRANCE RAMP",188,40.12730278,-84.60456389,0,12,6,1,2,3,0,1,1,1,0,1,0,"0000000",7,24,7,29,88,88,0,0,0,1,0
39,390446,1,1,0,0,0,2,2,155,8440,6,7,2016,4,20,51,1,1,3,1,3,"SR-82","",237,41.24151944,-80.64246667,0,35,0,0,1,1,0,4,5,2,0,2,0,"0000000",20,47,20,59,21,15,0,0,0,1,0
39,390448,1,1,0,0,0,1,1,63,0,21,3,2016,2,19,57,0,1,7,3,5,"TR-38","",0,40.94409722,-83.81378611,0,26,0,0,1,1,0,1,2,10,0,10,0,"0000000",20,0,20,15,88,88,7,0,0,1,1
39,390449,1,1,0,1,1,3,3,95,8120,27,5,2016,6,5,20,1,2,3,1,3,"SR-184 ALEXIS RD","RADDATZ DR",67,41.72161667,-83.56233333,0,8,0,0,3,3,0,1,3,1,0,1,0,"0000000",5,21,5,24,5,59,0,0,0,1,0
39,390450,2,2,0,0,0,2,2,63,0,24,3,2016,5,7,48,0,1,5,1,3,"SR-613","",62,41.10987222,-83.770325,0,12,8,0,1,1,0,1,1,10,0,10,0,"0000000",7,51,7,54,8,29,0,0,0,1,0
39,390451,1,1,0,1,1,2,2,95,8120,29,5,2016,1,21,55,0,2,5,4,6,"FRONT ST","",0,41.65237778,-83.51716667,0,8,0,0,1,1,0,1,3,1,0,1,0,"0000000",21,56,21,58,99,99,0,0,0,1,0
39,390452,1,1,0,0,0,4,4,173,0,11,6,2016,7,4,36,1,1,1,1,1,"I-75","",208,41.47813889,-83.62197778,0,25,0,0,1,1,4,3,2,1,0,1,0,"0000000",4,35,4,41,5,22,0,0,0,1,1
39,390453,4,4,0,0,0,6,6,51,0,23,6,2016,5,20,14,1,1,1,1,1,"I-80","",98,41.59075,-84.19843333,0,12,1,0,1,1,0,1,1,1,0,1,0,"0000000",20,51,20,56,21,29,3,27,0,1,0
39,390454,2,2,0,0,0,2,2,93,7480,28,6,2016,3,17,47,0,2,5,2,4,"CR-1 NORTH RIDGE RD","TR-1199",0,41.41821111,-82.15710556,0,12,2,0,3,3,0,1,1,1,0,1,0,"0000000",17,51,17,55,18,24,0,0,0,1,0
39,390455,3,3,0,0,0,5,5,93,170,2,7,2016,7,7,9,0,1,4,1,3,"SR-113","SR-58",75,41.36674167,-82.210025,0,12,1,0,3,2,0,1,1,10,0,10,0,"0000000",7,9,7,28,7,53,0,0,0,2,0
39,390456,3,3,0,0,0,4,4,99,0,7,7,2016,5,14,55,0,1,5,1,3,"SR-165","SR-626",218,40.94509444,-80.96828611,0,12,6,0,2,2,0,1,1,10,0,10,0,"0000000",15,7,15,19,15,57,0,0,0,1,0
39,390457,2,2,0,0,0,4,4,101,4740,8,7,2016,6,10,21,0,1,7,4,6,"E CENTER ST","",0,40.58954167,-83.10890556,0,12,2,0,1,1,0,1,1,10,0,10,0,"0000000",10,24,10,30,10,40,0,0,0,1,0
39,390458,3,2,1,0,0,2,2,61,1610,14,7,2016,5,22,29,0,2,4,1,6,"GLENWAY AVE","",0,39.135475,-84.61284167,0,12,1,0,1,1,0,1,3,1,0,1,0,"0000000",22,31,22,35,99,99,14,0,0,1,1
39,390459,3,3,0,0,0,5,5,151,0,25,6,2016,7,9,16,1,2,2,1,2,"US-30","",119,40.77909167,-81.41763889,0,12,6,0,7,1,0,3,1,1,0,1,0,"0000000",9,25,9,29,9,46,14,0,0,1,0
39,390460,1,1,0,1,1,2,2,49,1800,29,6,2016,4,22,58,0,2,3,2,4,"CR-125 FRANK RD","TR-1125 FINLAND AVE",0,39.91737222,-83.04079722,0,8,0,0,3,3,0,1,2,1,0,1,0,"0000000",22,52,22,55,23,15,23,0,0,1,0
39,390461,1,1,0,0,0,2,2,99,0,1,7,2016,6,17,28,0,1,7,3,5,"TR-24 LEXINGTON RD","",0,40.92703333,-81.06810833,0,34,0,0,1,1,0,4,1,10,0,10,0,"0000000",17,16,17,26,17,44,0,0,0,1,0
39,390462,1,1,0,0,0,5,5,67,0,2,7,2016,7,16,25,1,1,3,1,2,"US-250","",69,40.335025,-81.18210556,0,34,0,0,1,1,0,4,1,1,0,1,0,"0000000",16,25,16,38,17,15,0,0,0,1,1
39,390463,1,1,0,0,0,1,1,31,0,6,6,2016,2,18,33,0,1,5,1,3,"SR-60","",90,40.27506667,-82.04581389,0,30,0,0,1,1,0,4,1,2,0,2,0,"0000000",18,34,18,40,88,88,0,0,0,1,1
39,390464,2,2,0,0,0,2,2,149,0,28,6,2016,3,16,50,0,2,7,2,6,"SIDNEY FREYBURG ST","E HOEWISHER RD",0,40.31826667,-84.1317,0,12,2,0,2,3,0,1,1,1,0,1,0,"0000000",16,52,16,57,88,88,0,0,0,1,0
39,390465,1,1,0,0,0,1,1,43,0,28,6,2016,3,18,24,1,1,1,1,1,"I-80","",21,41.34694444,-82.80055556,0,25,0,0,1,1,0,3,1,1,0,1,0,"0000000",18,27,18,48,18,55,0,0,0,1,0
39,390466,2,2,0,0,0,2,2,25,0,29,6,2016,4,18,40,0,2,4,1,2,"US-50","",53,39.13573889,-84.23480556,0,12,1,0,1,1,0,1,1,1,0,1,0,"0000000",18,45,18,52,88,88,0,0,0,1,1
39,390467,1,1,0,1,1,1,1,155,0,5,7,2016,3,10,56,0,2,5,2,4,"CR-142","",0,41.27582222,-80.79207222,0,15,0,0,8,1,0,1,1,10,0,10,0,"0000000",10,57,11,2,11,31,0,0,0,1,0
39,390468,1,1,0,0,0,1,1,49,1800,16,7,2016,7,1,43,1,2,1,1,1,"I-70","",165,39.95078056,-82.94425,0,25,0,0,1,1,0,3,3,1,0,1,0,"0000000",1,45,1,52,88,88,0,0,0,1,1
39,390469,2,2,0,0,0,4,4,61,1610,17,7,2016,1,0,45,0,2,4,1,6,"READING RD","",0,39.15250278,-84.48366111,0,12,7,0,1,1,0,1,3,10,0,10,0,"0000000",0,47,0,51,1,1,0,0,0,1,0
39,390470,2,1,1,0,1,2,3,59,0,1,7,2016,6,2,21,1,2,1,1,1,"I-70","",72,40.00735,-81.60245278,0,14,0,0,1,1,0,4,2,1,0,1,0,"0000000",2,22,2,35,2,52,0,0,0,1,1
39,390471,1,1,0,0,0,2,2,117,0,3,7,2016,1,23,6,0,1,5,1,3,"SR-61","",78,40.46824722,-82.82142222,0,59,0,0,1,1,0,4,2,10,0,10,0,"0000000",23,3,23,11,0,11,0,0,0,1,0
39,390472,2,2,0,0,0,3,3,93,0,4,7,2016,2,1,20,0,1,5,1,3,"SR-303 LAGRANGE BELDEN RD","CR-154 MENNEL RD",156,41.23778611,-82.04251944,0,12,6,0,2,2,0,1,3,1,0,1,0,"0000000",1,40,1,59,2,24,0,0,0,1,1
39,390473,2,2,0,0,0,2,2,61,1610,5,7,2016,3,21,35,0,2,4,2,4,"CR-612 MADISON RD","",0,39.16132222,-84.40204444,0,12,6,0,1,1,0,1,3,1,0,1,0,"0000000",21,35,21,45,22,2,0,0,0,1,0
39,390475,2,2,0,0,0,2,2,95,6213,12,6,2016,1,20,31,1,2,3,1,3,"SR-51 WOODVILLE RD","RESWICK DR",2,41.62095278,-83.49318611,0,12,6,0,2,2,0,1,5,1,0,1,0,"0000000",20,31,20,35,20,51,0,0,0,1,0
39,390476,1,1,0,0,0,2,2,165,0,13,6,2016,2,13,24,0,1,7,3,5,"TR-164 MCINTIRE RD","",0,39.333,-84.16345,0,42,0,0,1,1,0,4,1,1,0,1,0,"0000000",13,40,13,58,14,29,0,0,0,1,0
39,390477,2,2,0,0,0,3,3,95,0,28,6,2016,3,14,1,0,1,7,3,6,"KILBURN RD","BRINT RD",0,41.70174167,-83.78601944,0,12,6,0,2,2,0,1,1,1,0,1,0,"0000000",14,2,14,12,14,48,0,0,0,1,0
39,390478,2,2,0,0,0,3,3,123,0,9,7,2016,7,15,18,0,1,5,1,3,"SR-19","CR-24",92,41.59205556,-83.144975,0,12,6,0,2,2,0,1,1,1,0,1,0,"0000000",15,21,15,45,16,18,0,0,0,1,0
39,390479,2,2,0,0,0,6,6,63,0,28,6,2016,3,7,37,0,1,6,2,4,"CR-4","CR-157",0,40.90516111,-83.51472778,0,12,6,0,2,2,0,1,1,1,0,1,0,"0000000",7,41,7,54,8,44,0,0,0,1,0
39,390480,2,2,0,2,2,3,3,61,1610,29,6,2016,4,13,5,0,2,4,2,4,"CR-620 QUEEN CITY AVE","CR-457 HARRISON AVE",0,39.10999722,-84.54604167,0,12,6,0,2,2,0,1,1,1,0,1,0,"0000000",13,15,13,20,13,41,0,0,0,1,0
39,390481,1,1,0,0,0,1,1,69,0,24,6,2016,6,23,15,0,1,6,27,3,"SR-18","",37,41.25341667,-84.15472222,0,43,0,0,1,1,0,4,2,1,0,1,0,"142331E",23,16,23,23,0,55,0,0,0,1,1
39,390482,2,2,0,0,0,2,2,109,0,11,7,2016,2,8,58,0,1,5,2,6,"WASHINGTON RD","ELDEAN RD",0,40.07599722,-84.26021111,0,12,6,0,2,2,0,1,1,1,0,1,0,"0000000",9,10,9,24,9,43,0,0,0,1,0
39,390483,2,2,0,0,0,3,3,113,2090,5,7,2016,3,22,45,0,2,4,2,4,"CR-218 WAGNER FORD RD","",0,39.8106,-84.1717,0,12,2,0,1,1,0,1,3,1,0,1,0,"0000000",23,2,23,11,23,33,0,0,0,2,0
39,390484,2,2,0,0,0,2,2,173,0,11,7,2016,2,14,16,0,1,5,1,3,"SR-235","",33,41.218725,-83.78488333,0,34,0,0,1,1,0,4,1,10,0,10,0,"0000000",88,88,88,88,88,88,0,0,0,1,0
39,390485,1,1,0,0,0,1,1,7,3770,14,7,2016,5,15,27,0,1,7,2,4,"CR-16","",0,41.78896667,-80.72595556,0,34,0,0,1,1,0,4,1,1,0,1,0,"0000000",15,28,15,33,15,52,0,0,0,1,1
39,390486,1,1,0,0,0,1,1,63,0,17,7,2016,1,5,25,0,2,3,2,4,"CR-220","",0,41.10896111,-83.64960278,0,58,0,0,1,1,0,1,3,1,0,1,0,"472462T",5,31,5,37,88,88,0,0,0,1,1
39,390487,3,3,0,0,0,4,4,43,0,6,7,2016,4,14,50,0,1,4,2,2,"US-6 LIMA SANDUSKY RD","",28,41.44277222,-82.809125,0,12,8,0,1,1,0,1,1,1,0,1,0,"0000000",14,46,14,51,15,11,14,0,0,1,0
39,390488,1,1,0,0,0,3,3,33,0,8,7,2016,6,10,10,0,1,6,2,4,"CR-12 WYANDOT RD","",0,40.73821667,-83.09385833,0,34,0,0,1,1,0,4,1,10,0,10,0,"0000000",10,10,10,35,11,0,0,0,0,1,1
39,390490,4,4,0,0,0,6,6,133,0,8,7,2016,6,13,3,1,2,3,1,3,"SR-59","",59,41.15908611,-81.28119444,0,12,2,0,8,1,0,1,1,1,0,1,0,"0000000",13,6,13,8,99,99,0,0,0,1,0
39,390491,1,1,0,0,0,1,1,153,8205,9,7,2016,7,3,6,1,2,1,1,1,"I-480 OFF RAMP","",46,41.30612222,-81.43847222,0,24,0,1,5,1,0,4,3,1,0,1,0,"0000000",3,6,3,19,88,88,0,0,0,1,1
39,390492,1,1,0,0,0,1,1,95,8120,9,7,2016,7,22,0,1,2,1,1,1,"I-75","",91,41.69649722,-83.50138889,0,25,0,0,1,1,0,4,3,1,0,1,0,"0000000",22,2,22,15,22,32,0,0,0,1,1
39,390493,1,1,0,0,0,1,1,49,1800,2,7,2016,7,1,57,1,2,1,1,1,"I-270 EXIT RAMP TO I71","",259,40.112075,-82.97760833,0,34,0,1,5,1,0,4,3,1,0,1,0,"0000000",2,2,2,10,88,88,0,0,0,1,1