"STATE","ST_CASE","VE_TOTAL","VE_FORMS","PVH_INVL","PEDS","PERNOTMVIT","PERMVIT","PERSONS","COUNTY","CITY","DAY","MONTH","YEAR","DAY_WEEK","HOUR","MINUTE","NHS","RUR_URB","FUNC_SYS","RD_OWNER","ROUTE","TWAY_ID","TWAY_ID2","MILEPT","LATITUDE","LONGITUD","SP_JUR","HARM_EV","MAN_COLL","RELJCT1","RELJCT2","TYP_INT","WRK_ZONE","REL_ROAD","LGT_COND","WEATHER1","WEATHER2","WEATHER","SCH_BUS","RAIL","NOT_HOUR","NOT_MIN","ARR_HOUR","ARR_MIN","HOSP_HR","HOSP_MN","CF1","CF2","CF3","FATALS","DRUNK_DR"
39,390495,2,2,0,0,0,2,2,147,0,11,7,2016,2,17,0,1,1,3,1,3,"SR-18","",69,41.13336111,-83.30966944,0,12,2,0,1,1,0,1,1,1,0,1,0,"0000000",17,4,17,21,88,88,0,0,0,1,0
39,390496,2,2,0,0,0,3,3,25,0,29,6,2016,4,22,36,0,2,4,1,3,"SR-131","",16,39.18195,-84.25357222,0,12,2,0,1,1,0,1,3,1,0,1,0,"0000000",22,42,23,3,23,23,0,0,0,1,1
39,390497,1,1,0,1,1,1,1,49,1800,11,7,2016,2,5,43,0,2,4,4,6,"BRICE RD","",0,39.92741111,-82.83131111,0,8,0,0,1,1,0,1,4,1,0,1,0,"0000000",5,44,5,50,88,88,0,0,0,1,0
39,390498,1,1,0,0,0,2,2,103,0,16,7,2016,7,2,48,1,2,1,1,1,"I-76","",22,41.03333056,-81.86154722,0,59,0,1,5,1,0,8,2,1,0,1,0,"0000000",2,43,2,53,3,40,0,0,0,1,1
39,390499,1,1,0,0,0,3,3,145,0,16,7,2016,7,18,47,0,1,5,1,3,"SR-104","",114,38.87166667,-83.02431389,0,30,0,0,1,1,0,4,1,1,0,1,0,"0000000",19,6,19,9,20,6,0,0,0,2,0
39,390500,2,2,0,0,0,2,2,49,1800,20,7,2016,4,23,6,1,2,1,1,1,"I-70 E","",160,39.95343889,-82.96106111,0,12,1,0,1,1,0,1,3,1,0,1,0,"0000000",23,6,23,15,88,88,0,0,0,1,1
39,390501,1,1,0,0,0,1,1,147,0,20,7,2016,4,14,25,0,1,7,3,5,"TR-135","",0,41.16446389,-83.18890556,0,35,0,0,1,1,0,4,1,1,0,1,0,"0000000",14,34,14,46,88,88,0,0,0,1,0
39,390502,1,1,0,0,0,1,1,31,0,23,7,2016,7,18,1,0,1,5,1,3,"SR-79","",125,40.3463,-82.0648,0,21,0,0,1,1,0,1,1,1,0,1,0,"0000000",18,4,18,13,88,88,0,0,0,1,1
39,390503,2,2,0,0,0,4,4,123,0,11,7,2016,2,16,22,0,1,5,1,3,"SR-269 RAMP FROM DANBURY RD","CR-136 DANBURY NORTH RD",20,41.5056,-82.830025,0,12,6,1,2,3,0,1,1,1,0,1,0,"0000000",16,20,16,27,16,59,0,0,0,1,1
39,390504,1,1,0,0,0,1,1,93,0,13,7,2016,4,0,24,0,2,4,2,4,"CR-231 OBERLIN ELYRIA RD","",0,41.34254444,-82.11735556,0,33,0,0,1,1,0,4,3,1,0,1,0,"0000000",0,23,0,26,0,43,0,0,0,1,1
39,390505,1,1,0,1,1,1,1,113,2090,14,7,2016,5,23,45,0,2,7,4,6,"REVERE AVE","HASKINS AVE",0,39.73323889,-84.15039167,0,9,0,0,2,3,0,1,3,10,0,10,0,"0000000",23,46,23,50,1,34,0,0,0,1,0
39,390506,1,1,0,0,0,1,1,45,130,14,7,2016,5,22,40,0,1,7,2,4,"CR-45 ROYALTON RD","",0,39.72774444,-82.76453333,0,17,0,0,1,1,0,4,2,1,0,1,0,"0000000",22,40,22,52,88,88,0,0,0,1,1
39,390507,1,1,0,1,1,1,1,165,0,16,7,2016,7,22,40,0,1,5,1,3,"SR-28","",6,39.26239444,-84.08584722,0,8,0,0,1,1,0,1,2,1,0,1,0,"0000000",22,42,22,48,0,30,0,0,0,1,0
39,390508,3,3,0,0,0,4,4,95,8120,29,6,2016,4,22,30,0,2,5,4,6,"HILL AVE","BYRNE RD",0,41.63808889,-83.62598333,0,12,6,0,2,2,0,1,3,1,0,1,0,"0000000",22,38,22,43,22,59,0,0,0,2,2
39,390509,1,1,0,0,0,1,1,35,7040,14,7,2016,5,22,40,1,2,1,1,1,"I-90","",55,41.47455556,-81.86301389,0,24,0,0,1,1,0,4,3,1,0,1,0,"0000000",23,48,23,53,0,5,0,0,0,1,1
39,390510,2,2,0,1,1,1,1,61,1610,14,7,2016,5,10,53,1,2,1,1,1,"I-75 ON RAMP","CR-457 WESTERN HILL VIADUCT",24,39.12380278,-84.53490556,0,24,0,1,5,1,4,4,1,1,0,1,0,"0000000",10,54,11,3,11,22,15,23,0,1,0
39,390511,2,2,0,0,0,3,3,49,0,16,7,2016,7,1,44,1,2,2,1,3,"SR-161 DUBLIN GRANVILLE RD","TR-2092 BUENOS AIRES BLVD",152,40.08210278,-82.91611667,0,12,1,1,3,2,0,1,3,10,0,10,0,"0000000",1,46,1,52,2,16,0,0,0,1,1
39,390512,1,1,0,1,1,1,1,93,2480,14,6,2016,3,13,48,0,2,5,2,4,"CR-20 RIVER RD","",0,41.39470278,-82.10656667,0,8,0,0,1,1,0,1,1,1,0,1,0,"0000000",13,49,13,54,14,8,0,0,0,1,0
39,390513,1,1,0,0,0,1,1,133,0,22,7,2016,6,0,15,0,1,5,1,3,"SR-88","SR-303",70,41.23555556,-81.14666667,0,34,0,0,3,4,0,4,2,1,0,1,0,"0000000",0,22,0,29,88,88,0,0,0,1,1
39,390514,2,2,0,0,0,2,2,65,0,17,6,2016,6,1,32,0,1,5,1,3,"SR-117","TR 39 HIGH ST",39,40.55912778,-83.835475,0,12,6,0,2,2,0,1,2,1,0,1,0,"0000000",1,36,1,46,2,27,0,0,0,1,1
39,390515,5,5,0,0,0,5,5,95,8120,21,6,2016,3,18,12,1,2,1,1,1,"I-75","",57,41.6882,-83.559,0,12,1,0,1,1,1,1,1,1,0,1,0,"0000000",18,15,18,22,88,88,14,0,0,1,0
39,390516,1,1,0,0,0,1,1,93,0,16,7,2016,7,16,50,0,2,7,2,4,"CR-121 CAPEL RD","",0,41.29744722,-82.03963611,0,34,0,0,1,1,0,4,1,1,0,1,0,"0000000",88,88,88,88,88,88,0,0,0,1,0
39,390517,1,1,0,0,0,1,1,35,1680,20,6,2016,2,21,50,0,2,4,2,4,"CR-323 BELLAIRE RD","LEEILA AVE",0,41.44118889,-81.77428611,0,33,0,0,3,2,0,4,3,10,0,10,0,"0000000",21,53,22,0,22,18,0,0,0,1,0
39,390519,1,1,0,0,0,6,6,35,1680,9,7,2016,7,0,13,0,2,5,2,4,"CR-328 KIRBY AVE","CR-318 EDDY RD",0,41.54993611,-81.60278333,0,42,0,1,5,1,0,4,3,10,0,10,0,"0000000",0,14,0,27,0,44,0,0,0,3,1
39,390520,1,1,0,0,0,1,1,35,1680,10,7,2016,1,21,53,0,2,4,1,3,"SR-17 BROOKPARK RD","NASA PARKWAY",33,41.418625,-81.85438889,0,33,0,0,3,3,0,4,2,10,0,10,0,"0000000",21,57,22,2,22,19,0,0,0,1,1
39,390521,1,1,0,0,0,1,1,141,0,16,7,2016,7,15,30,0,1,5,2,4,"CR-167 BLAIN HWY","",0,39.28206667,-83.10175278,0,24,0,0,1,1,0,4,1,1,0,1,0,"0000000",15,36,15,44,88,88,0,0,0,1,0
39,390522,2,2,0,0,0,2,2,51,0,7,7,2016,5,10,13,0,2,7,2,4,"CR-13","CR-F",0,41.55896667,-84.1149,0,12,6,0,2,2,0,1,1,1,0,1,0,"0000000",10,14,10,18,10,49,0,0,0,1,0
39,390523,2,2,0,0,0,2,2,25,8990,17,7,2016,1,14,8,0,1,5,1,3,"SR-133","TWIN BRIDGES RD",193,39.03591111,-84.04268333,0,12,6,0,2,3,0,1,1,1,0,1,0,"0000000",14,7,14,13,88,88,0,0,0,1,0
39,390524,2,2,0,0,0,5,5,87,0,16,7,2016,7,21,44,0,1,5,1,3,"SR-775","",38,38.477775,-82.39195556,0,12,2,0,1,1,0,1,2,1,0,1,0,"0000000",21,45,21,51,22,34,0,0,0,1,0
39,390525,1,1,0,0,0,1,1,49,1800,23,7,2016,7,0,57,0,2,5,4,6,"MCCUTCHEON RD","",0,40.03343056,-82.914625,0,53,0,0,1,1,0,4,2,10,0,10,0,"0000000",0,58,1,2,88,88,0,0,0,1,0
39,390526,2,2,0,0,0,5,5,7,3770,29,7,2016,6,13,8,0,1,5,1,3,"SR-307","CHAPEL RD",102,41.76081667,-80.80987778,0,12,6,0,2,3,0,1,1,10,0,10,0,"0000000",13,9,13,19,14,11,0,0,0,1,0
39,390527,2,2,0,0,0,3,3,49,1800,29,7,2016,6,21,51,1,2,2,1,2,"US-33","",219,39.92825,-82.9252,0,12,2,0,1,1,0,1,3,1,0,1,0,"0000000",21,54,21,58,22,10,0,0,0,1,1
39,390528,2,2,0,0,0,3,3,139,4680,12,6,2016,1,17,53,0,2,5,3,5,"TR-312 STRAUB RD","RIVA RIDGE DR",0,40.71063333,-82.54114722,0,12,6,0,2,2,0,1,1,1,0,1,0,"0000000",17,58,18,5,18,25,0,0,0,1,0
39,390529,2,2,0,0,0,2,2,5,7928,22,7,2016,6,17,25,1,1,3,1,2,"US-224","",91,41.02840278,-82.24085278,0,12,8,0,1,1,0,1,1,1,0,1,0,"0000000",17,35,17,58,19,8,0,0,0,1,0
39,390530,2,2,0,0,0,2,2,125,0,23,7,2016,7,18,20,0,1,5,2,4,"CR-176","",0,41.17939722,-84.605775,0,12,2,0,1,1,0,1,1,1,0,1,0,"0000000",18,22,18,31,88,88,0,0,0,1,1
39,390531,1,1,0,0,0,3,3,17,0,26,6,2016,1,19,17,0,1,5,1,3,"SR-129","",38,39.38514444,-84.73971389,0,34,0,0,1,1,0,4,1,10,0,10,0,"0000000",19,18,19,34,20,23,0,0,0,1,0
39,390532,2,2,0,0,0,2,2,49,1800,2,8,2016,3,3,9,0,2,5,4,6,"LOCKBOURNE RD","",0,39.94206111,-82.96376111,0,12,2,0,1,1,0,1,3,1,0,1,0,"0000000",3,10,3,15,3,41,0,0,0,1,2
39,390533,1,1,0,0,0,1,1,47,0,13,7,2016,4,0,53,0,1,6,1,3,"SR-729","",120,39.67688333,-83.552325,0,42,0,0,1,1,0,4,2,1,0,1,0,"0000000",0,58,1,16,1,54,0,0,0,1,0
39,390534,2,2,0,0,0,3,3,135,0,17,7,2016,1,17,37,0,1,6,2,4,"CR-31 WIKEL RD","",0,39.90173056,-84.65718333,0,12,2,0,1,1,0,1,1,1,0,1,0,"0000000",17,38,17,44,88,88,0,0,0,2,0
39,390535,2,2,0,0,0,3,3,35,530,4,3,2016,6,12,40,0,2,4,1,6,"CHAGRIN BLVD","",0,41.46438333,-81.49997222,0,12,1,0,1,1,0,1,1,10,0,10,0,"0000000",12,45,12,47,13,14,0,0,0,1,0
39,390536,1,1,0,0,0,1,1,151,0,19,7,2016,3,15,7,0,2,4,2,6,"HILLS AND DALES RD","",0,40.827,-81.4892,0,30,0,0,1,1,0,4,1,1,0,1,0,"0000000",15,8,15,13,15,26,0,0,0,1,0
39,390537,1,1,0,0,0,1,1,35,6118,18,7,2016,2,5,2,1,2,1,1,1,"I-271","ALEXANDRIA RD",5,41.35778056,-81.51356111,0,21,0,1,19,1,0,3,3,10,0,10,0,"0000000",5,4,5,8,88,88,0,0,0,1,0
39,390538,1,1,0,0,0,3,3,71,0,24,7,2016,1,4,40,0,1,6,1,3,"SR-771","",6,39.277975,-83.494225,0,35,0,0,1,1,0,4,2,1,0,1,0,"0000000",4,33,4,45,5,35,0,0,0,1,1
39,390539,2,2,0,0,0,2,2,19,0,19,7,2016,3,14,37,0,1,4,1,3,"SR-9 KENSINGTON RD","",0,40.64803611,-81.06331389,0,12,2,0,1,1,0,1,1,1,0,1,0,"0000000",14,47,14,57,16,3,0,0,0,1,1
39,390540,1,1,0,1,1,1,1,93,0,18,7,2016,2,8,27,0,1,5,2,4,"CR-39 OBERLIN RD","",0,41.31108611,-82.19656944,0,9,0,0,1,1,0,2,1,10,0,10,0,"0000000",8,31,8,47,9,21,0,0,0,1,0
39,390541,1,1,0,0,0,2,2,73,0,20,7,2016,4,19,4,0,1,5,1,3,"SR-180","",154,39.552175,-82.50688611,0,11,0,0,1,1,0,1,1,10,0,10,0,"0000000",19,8,19,15,19,33,0,0,0,1,0
39,390542,2,2,0,0,0,2,2,159,0,21,7,2016,5,19,4,1,1,3,1,2,"US-42","",59,40.17782778,-83.21478056,0,12,8,0,1,1,0,1,1,10,0,10,0,"0000000",19,2,19,6,19,39,0,0,0,1,1
39,390543,2,2,0,0,0,3,3,95,0,22,7,2016,6,22,55,1,2,3,1,3,"SR-2 AIRPORT HIGHWAY","CR-84 GARDEN RD",48,41.60054444,-83.79320556,0,12,6,0,2,2,2,1,2,1,0,1,0,"0000000",22,52,22,58,23,31,0,0,0,1,1
39,390544,1,1,0,0,0,1,1,49,0,24,7,2016,1,18,17,0,2,5,2,4,"CR-11 ALKIRE RD","",0,39.89590278,-83.19826111,0,34,0,0,1,1,0,4,1,1,0,1,0,"0000000",18,19,18,27,18,48,0,0,0,1,0
39,390545,2,2,0,0,0,5,5,41,7950,25,7,2016,2,14,38,1,1,3,1,3,"SR-3","SUNBURY MEADOWS DR",79,40.23701111,-82.87429167,0,12,6,0,2,3,0,1,1,1,0,1,0,"0000000",14,37,14,38,15,12,0,0,0,1,0
39,390546,1,1,0,0,0,1,1,1,0,30,7,2016,7,23,30,0,1,5,2,4,"CR-198 PORTSMOUTH RD","",0,38.96301389,-83.37196667,0,38,0,0,1,1,0,4,2,1,0,1,0,"0000000",11,23,11,30,88,88,18,0,0,1,1
39,390547,1,1,0,1,1,1,1,31,0,2,6,2016,5,12,23,0,1,6,1,3,"SR-643","",79,40.419,-81.7997,0,9,0,0,8,1,0,1,1,1,0,1,0,"0000000",12,23,12,40,13,16,0,0,0,1,0
39,390548,2,2,0,0,0,2,2,167,0,17,7,2016,1,13,17,0,1,5,1,3,"SR-555","CR-111",43,39.4043,-81.41254722,0,1,0,0,3,3,0,1,1,1,0,1,0,"0000000",13,19,13,29,88,88,0,0,0,1,0
39,390550,4,4,0,0,0,5,5,35,1690,15,7,2016,6,7,43,1,2,3,2,4,"CR-6 NOBLE RD","GREYTON RD",0,41.53752778,-81.55636111,0,12,1,0,2,2,0,1,1,1,0,1,0,"0000000",7,48,7,54,8,12,0,0,0,1,0
39,390551,2,2,0,0,0,5,5,79,3720,23,7,2016,7,12,3,0,1,4,2,4,"CR-10 BROADWAY ST","",0,39.05403611,-82.63330833,0,12,7,0,1,1,0,1,1,1,0,1,0,"0000000",11,58,12,1,12,40,20,0,0,1,0
39,390552,2,2,0,0,0,5,5,171,0,26,7,2016,3,18,14,1,1,3,1,3,"SR-15","",121,41.53139167,-84.55553333,0,12,6,0,1,1,0,1,1,1,0,1,0,"0000000",18,17,18,20,18,47,0,0,0,1,0
39,390553,2,2,0,0,0,3,3,169,0,26,7,2016,3,9,22,0,1,6,1,3,"SR-604 EASTON RD","CR-6 FRIENDSVILLE RD",95,40.94444722,-81.95676944,0,12,6,0,2,2,0,1,1,10,0,10,0,"0000000",9,23,9,29,9,52,0,0,0,1,0
39,390554,1,1,0,0,0,1,1,129,0,27,7,2016,4,18,9,0,1,5,1,3,"SR-56","",336,39.46923611,-82.73608333,0,35,0,0,1,1,0,4,1,1,0,1,0,"0000000",18,13,18,25,88,88,0,0,0,1,1
39,390555,1,1,0,0,0,1,1,57,0,29,7,2016,6,7,27,0,2,4,2,6,"DAYTON YELLOW SPRINGS RD","",0,39.79572222,-83.93486389,0,34,0,0,1,1,0,4,1,1,0,1,0,"0000000",7,43,7,55,8,28,0,0,0,1,0
39,390556,2,2,0,0,0,2,2,133,372,1,8,2016,2,13,6,0,1,4,1,2,"US-224","",143,41.023675,-81.12986111,0,12,2,0,1,1,0,1,1,1,0,1,0,"0000000",13,28,13,50,15,4,0,0,0,1,0
39,390557,1,1,0,0,0,1,1,7,330,1,8,2016,2,10,26,0,2,4,1,3,"SR-84","",156,41.86813889,-80.74986944,0,42,0,0,1,1,0,4,1,1,0,1,0,"0000000",10,26,10,31,88,88,0,0,0,1,0
39,390559,1,1,0,0,0,1,1,51,0,29,7,2016,6,7,54,0,1,5,1,3,"SR-64","",0,41.68832222,-83.91305278,0,31,0,0,1,1,0,4,1,1,0,1,0,"0000000",7,54,7,57,88,88,0,0,0,1,1
39,390560,1,1,0,0,0,1,1,123,0,1,8,2016,2,16,45,1,1,2,1,3,"SR-2 ON RAMP","",269,41.50375278,-82.83876667,0,24,0,1,5,1,0,4,1,1,0,1,0,"0000000",16,44,16,50,88,88,0,0,0,1,0
39,390561,2,2,0,0,0,2,2,123,0,5,8,2016,6,17,28,1,2,3,1,3,"SR-51","TR-65 HELLWIG RD",79,41.544825,-83.37943889,0,12,6,0,2,2,0,1,1,1,0,1,0,"0000000",17,28,17,33,88,88,0,0,0,1,0
39,390562,1,1,0,0,0,1,1,113,2090,6,8,2016,7,3,12,0,2,4,1,3,"SR-201 BRANDT PIKE","CR-74 HARSHMAN RD",41,39.8161,-84.1306,0,1,0,0,3,2,0,1,3,10,0,10,0,"0000000",3,15,3,18,88,88,0,0,0,1,1
39,390563,1,1,0,0,0,2,2,61,1610,11,8,2016,5,22,40,1,2,3,1,2,"US-52 RIVERSIDE DR","",275,39.12378333,-84.46806111,0,31,0,0,1,1,0,4,1,1,0,1,0,"0000000",22,43,22,47,23,18,0,0,0,1,1
39,390564,1,1,0,0,0,1,1,7,7325,7,8,2016,1,0,45,0,1,4,1,3,"SR-84","",91,41.82975,-80.85597778,0,35,0,0,1,1,0,4,2,1,0,1,0,"0000000",0,49,0,57,88,88,0,0,0,1,1
39,390565,1,1,0,1,1,1,1,169,9140,3,6,2016,6,2,8,1,2,4,1,3,"SR-3","",96,40.76215,-81.98594444,0,8,0,0,1,1,0,1,2,1,0,1,0,"0000000",2,6,2,15,88,88,0,0,0,1,0
39,390566,4,4,0,0,0,6,6,113,4960,21,7,2016,5,14,9,1,2,3,1,3,"SR-725 MIAMISBRG-CNTERVILLE RD","I-75",147,39.63908333,-84.23024722,0,12,1,1,3,2,0,1,1,1,0,1,0,"0000000",14,10,14,16,14,30,0,0,0,1,0
39,390567,2,2,0,0,0,2,2,89,5570,5,7,2016,3,5,8,1,2,2,1,3,"SR-16","",207,40.06161667,-82.40166111,0,12,7,0,5,1,0,1,3,10,0,10,0,"0000000",5,9,5,20,5,33,0,0,0,1,0
39,390568,1,1,0,0,0,1,1,151,0,8,7,2016,6,0,40,1,2,3,1,3,"SR-43","",207,40.90895278,-81.35711667,0,53,0,0,1,1,0,4,2,10,0,10,0,"0000000",0,46,0,57,1,31,0,0,0,1,1
39,390569,2,2,0,0,0,2,2,35,0,10,7,2016,1,9,28,0,2,4,1,6,"COLUMBIA RD","",0,41.38495,-81.90298611,0,12,2,0,1,1,0,1,1,1,0,1,0,"0000000",9,49,9,56,10,18,0,0,0,1,1
39,390570,1,1,0,1,1,1,1,95,8120,18,7,2016,2,22,30,0,2,4,1,6,"MONROE ST","ALBION ST",0,41.66721667,-83.57586111,0,8,0,0,3,3,0,1,3,1,0,1,0,"0000000",22,30,22,34,88,88,0,0,0,1,1
39,390571,1,1,0,0,0,1,1,91,0,20,7,2016,4,1,44,0,1,7,3,5,"TR-55","",0,40.34871667,-83.71191389,0,42,0,0,1,1,0,4,2,1,0,1,0,"0000000",1,43,1,59,88,88,0,0,0,1,0
39,390572,1,1,0,0,0,1,1,119,0,25,7,2016,2,6,35,1,2,1,1,1,"I-70","",132,39.95702778,-81.99092222,0,35,0,0,1,1,0,3,1,1,0,1,0,"0000000",6,38,6,41,7,0,0,0,0,1,0
39,390573,1,1,0,0,0,2,2,1,0,30,7,2016,7,22,31,0,1,5,1,3,"SR-247","",192,38.96993889,-83.572125,0,1,0,0,1,1,0,1,2,1,0,1,0,"0000000",22,34,22,54,23,53,0,0,0,1,0
39,390574,3,2,1,0,0,2,2,25,5070,28,7,2016,5,22,21,0,2,4,1,2,"US-50 LILA AVE","",17,39.17150833,-84.27181111,0,12,6,0,8,1,0,1,3,1,0,1,0,"0000000",22,21,22,22,22,52,0,0,0,1,0
39,390575,2,2,0,0,0,6,6,37,3180,2,8,2016,3,17,13,1,2,2,1,2,"US-127","KRUCKEBERG RD",146,40.12143889,-84.60608889,0,12,6,1,2,2,0,1,1,1,0,1,0,"0000000",17,18,17,39,18,36,0,0,0,1,0
39,390576,1,1,0,0,0,1,1,105,0,5,8,2016,6,20,47,0,1,6,2,4,"CR-30","",0,39.02438056,-81.95310833,0,30,0,0,1,1,0,4,5,1,0,1,0,"0000000",20,44,20,50,88,88,0,0,0,1,0
39,390577,1,1,0,0,0,1,1,159,0,5,8,2016,6,12,42,1,1,2,1,2,"US-33","",168,40.20786944,-83.285975,0,1,0,0,1,1,0,4,1,1,0,1,0,"0000000",12,37,12,45,13,35,0,0,0,1,0
39,390578,1,1,0,1,1,1,1,3,0,31,7,2016,1,3,20,0,1,6,2,4,"CR-190 RESERVOIR RD","",0,40.74655556,-83.92005278,0,8,0,0,1,1,0,1,2,1,0,1,0,"0000000",3,23,3,31,88,88,0,0,0,1,0
39,390579,1,1,0,0,0,1,1,165,0,8,8,2016,2,14,15,0,1,6,2,6,"JEFFERY RD","",0,39.45455278,-84.052175,0,43,0,0,1,1,0,4,1,1,0,1,0,"0000000",14,27,14,39,88,88,0,0,0,1,0
39,390580,2,2,0,0,0,4,4,167,0,29,7,2016,6,16,10,0,1,5,1,3,"SR-555","",92,39.34803889,-81.78906111,0,1,0,0,1,1,0,1,1,10,0,10,0,"0000000",16,13,16,30,88,88,0,0,0,1,0
39,390581,1,1,0,1,1,2,2,155,8530,30,7,2016,7,21,40,1,2,3,1,2,"US-422","",137,41.22491389,-80.78949722,0,8,0,0,1,1,0,1,3,1,0,1,0,"0000000",21,48,21,50,99,98,0,0,0,1,0
39,390582,1,1,0,0,0,1,1,55,0,1,8,2016,2,7,30,1,2,3,1,3,"SR-44 RAVENNA RD","",132,41.53725833,-81.19391111,0,42,0,0,1,1,0,4,1,1,0,1,0,"0000000",7,38,7,45,8,7,0,0,0,1,0
39,390583,1,1,0,0,0,1,1,67,0,3,8,2016,4,0,48,0,1,6,1,3,"SR-646 SCIO NEW RUMLEY RD","",78,40.40293611,-81.06616389,0,34,0,0,1,1,0,4,2,5,0,5,0,"0000000",0,48,1,1,88,88,0,0,0,1,1
39,390584,2,2,0,0,0,3,3,99,0,5,8,2016,6,14,48,0,2,7,2,4,"CR-284 NORQUEST BL","TR-1794 KIMBERLY AVE",0,41.10565556,-80.75801111,0,12,6,0,2,2,0,1,1,10,0,10,0,"0000000",14,49,14,56,15,16,0,0,0,1,0
39,390585,1,1,0,0,0,2,2,99,0,6,8,2016,7,6,20,0,2,5,2,4,"CR-575 SHERIDAN RD","",0,41.04415833,-80.62135833,0,1,0,0,1,1,0,4,4,10,0,10,0,"0000000",6,24,6,32,6,50,0,0,0,1,1
39,390586,1,1,0,0,0,1,1,149,0,7,8,2016,1,0,47,0,2,5,1,3,"SR-47 RIVERSIDE ST","",183,40.31656389,-84.13045,0,24,0,0,1,1,0,4,2,1,0,1,0,"0000000",0,49,0,57,88,88,0,0,0,1,1
39,390587,1,1,0,0,0,2,2,43,0,16,7,2016,7,22,0,0,1,5,1,3,"SR-60","",35,41.32256111,-82.363625,0,18,0,0,1,1,0,1,2,1,0,1,0,"0000000",22,23,22,40,23,20,0,0,0,1,0
39,390588,1,1,0,0,0,1,1,5,0,31,7,2016,1,19,48,0,1,5,1,3,"SR-39","",68,40.65374444,-82.26511111,0,1,0,0,1,1,0,4,1,1,0,1,0,"0000000",19,43,19,47,88,88,0,0,0,1,1
39,390589,1,1,0,1,1,2,2,149,0,2,8,2016,3,17,9,0,1,6,2,6,"SIDNEY PLATTSVILLE ST","BULLE RD",0,40.23458611,-84.131825,0,9,0,0,2,2,0,1,1,1,0,1,0,"0000000",17,12,17,20,17,43,0,0,0,1,0
39,390590,1,1,0,0,0,1,1,133,0,7,8,2016,1,13,30,1,1,1,1,1,"I-80","",81,41.25589167,-81.23893056,0,25,0,1,5,1,0,3,1,1,0,1,0,"0000000",13,39,13,54,14,44,0,0,0,1,1
39,390591,1,1,0,1,1,1,1,27,0,22,7,2016,6,11,30,0,1,7,2,4,"CR-9 GLEASON RD","",0,39.50707222,-83.76081111,0,8,0,0,1,1,0,1,1,10,0,10,0,"0000000",11,33,11,42,11,57,0,0,0,1,0
39,390592,1,1,0,1,1,1,1,113,0,31,7,2016,1,5,50,0,2,7,3,5,"FERNDOWN DR","",0,39.61534167,-84.22453333,0,8,0,0,1,1,0,1,2,1,0,1,0,"0000000",5,54,6,0,6,21,0,0,0,1,0
39,390593,1,1,0,0,0,2,2,173,920,3,8,2016,4,21,15,0,2,4,2,4,"CR-7 SANDRIDGE RD","DEER RDIGE RUN",0,41.35578056,-83.67724444,0,41,0,0,3,3,0,4,2,1,0,1,0,"0000000",21,20,21,25,21,43,0,0,0,1,1
39,390594,2,2,0,0,0,4,4,35,2340,6,8,2016,7,3,31,1,2,3,1,2,"US-6 EUCLID AVE","CR-26 TAYLOR RD",225,41.538975,-81.5729,0,12,6,0,2,2,0,1,3,1,0,1,0,"0000000",3,15,3,20,3,34,0,0,0,1,1
39,390595,1,1,0,0,0,1,1,95,6213,25,6,2016,7,0,16,1,2,1,1,1,"I-280","",7,41.62893611,-83.47835556,0,24,0,0,1,1,0,4,3,1,0,1,0,"0000000",0,18,0,30,88,88,0,0,0,1,1
39,390596,1,1,0,0,0,1,1,43,0,12,8,2016,6,19,36,0,2,7,2,4,"CR-568 BARRETT RD","",0,41.45873889,-82.7916,0,1,0,0,1,1,0,1,1,10,0,10,0,"0000000",19,36,19,46,88,88,0,0,0,1,1
39,390597,1,1,0,0,0,2,2,129,0,12,8,2016,6,2,40,0,1,7,3,5,"TR-136 GIBSON RD","",0,39.74576389,-83.03469167,0,1,0,0,1,1,0,1,2,1,0,1,0,"0000000",2,41,2,48,3,25,0,0,0,1,0
39,390598,2,2,0,0,0,2,2,153,0,17,6,2016,6,16,49,0,2,4,1,3,"SR-619 TURKEYFOOT LAKE RD","SR-93 MANCHESTER RD",48,40.98329167,-81.56053333,0,12,6,0,2,2,0,1,1,1,0,1,0,"0000000",16,52,16,55,17,19,0,0,0,1,1
39,390599,2,2,0,0,0,3,3,171,0,4,8,2016,5,19,25,0,1,5,1,3,"SR-576","US-6",9,41.44145,-84.61182222,0,12,6,0,2,2,0,1,1,1,0,1,0,"0000000",19,25,19,48,20,1,0,0,0,2,0
39,390600,2,2,0,0,0,3,3,51,0,4,8,2016,5,9,19,1,1,3,1,2,"US-20","",122,41.669525,-84.18843333,0,12,2,0,1,1,0,1,1,1,0,1,0,"0000000",9,27,10,5,10,54,0,0,0,1,0
39,390601,1,1,0,0,0,1,1,29,0,7,8,2016,1,18,48,0,2,5,2,4,"CR-435 PARKWAY AVE","",0,40.64560278,-80.56374444,0,32,0,0,1,1,0,4,1,10,0,10,0,"0000000",18,55,19,1,88,88,0,0,0,1,1
39,390602,2,2,0,0,0,3,3,17,0,19,6,2016,1,20,35,0,1,7,1,6,"SOMERVILLE JACKSONBURG RD","",0,39.55010278,-84.55992222,0,12,1,0,1,1,0,1,5,1,0,1,0,"0000000",20,38,20,51,99,99,0,0,0,1,0
39,390603,2,2,0,0,0,9,9,51,0,10,8,2016,4,14,27,1,1,3,1,3,"SR-108","CR-J",87,41.6039,-84.15932778,0,12,6,0,2,2,0,1,1,10,0,10,0,"0000000",14,33,14,49,15,11,0,0,0,1,0
39,390604,1,1,0,0,0,4,4,105,7170,14,8,2016,1,18,50,0,1,6,2,4,"CR-4","",0,39.09215556,-82.162925,0,34,0,0,1,1,0,4,1,2,0,2,0,"0000000",18,50,19,15,88,88,0,0,0,1,1
39,390605,2,2,0,0,0,4,4,71,0,13,8,2016,7,15,1,0,1,5,1,3,"SR-136","",56,39.09879444,-83.664875,0,12,6,0,8,1,0,1,1,10,0,10,0,"0000000",15,2,15,16,15,38,0,0,0,1,0