"STATE","ST_CASE","VE_TOTAL","VE_FORMS","PVH_INVL","PEDS","PERNOTMVIT","PERMVIT","PERSONS","COUNTY","CITY","DAY","MONTH","YEAR","DAY_WEEK","HOUR","MINUTE","NHS","RUR_URB","FUNC_SYS","RD_OWNER","ROUTE","TWAY_ID","TWAY_ID2","MILEPT","LATITUDE","LONGITUD","SP_JUR","HARM_EV","MAN_COLL","RELJCT1","RELJCT2","TYP_INT","WRK_ZONE","REL_ROAD","LGT_COND","WEATHER1","WEATHER2","WEATHER","SCH_BUS","RAIL","NOT_HOUR","NOT_MIN","ARR_HOUR","ARR_MIN","HOSP_HR","HOSP_MN","CF1","CF2","CF3","FATALS","DRUNK_DR"
39,390606,1,1,0,0,0,1,1,85,9010,21,8,2016,1,16,23,0,2,4,1,3,"SR-84 JOHNNY CAKE RIDGE RD","",70,41.63656389,-81.39095833,0,24,0,0,1,1,0,4,1,1,0,1,0,"0000000",16,24,16,29,88,88,0,0,0,1,1
39,390607,1,1,0,0,0,1,1,49,2270,7,8,2016,1,14,29,1,2,3,1,2,"US-33","",44,40.09883889,-83.10908056,0,43,0,0,1,1,0,4,1,1,0,1,0,"0000000",14,31,14,35,88,88,0,0,0,1,0
39,390608,1,1,0,0,0,1,1,49,0,12,8,2016,6,11,24,1,2,1,1,1,"I-270","US-23",527,39.87556111,-83.00738056,0,42,0,1,5,1,0,8,1,1,0,1,0,"0000000",11,27,11,38,11,55,0,0,0,1,0
39,390609,1,1,0,0,0,6,6,3,0,12,8,2016,6,13,34,0,1,4,1,3,"SR-309 ELIDA RD","",28,40.81291111,-84.261825,0,34,0,0,1,1,2,4,1,10,0,10,0,"0000000",13,34,13,40,14,6,3,0,0,2,0
39,390610,2,2,0,0,0,3,3,49,0,14,8,2016,1,23,51,1,2,1,1,1,"I-270","",528,39.87459167,-83.000925,0,24,0,1,19,1,0,3,3,10,0,10,0,"0000000",23,55,0,2,0,28,0,0,0,2,1
39,390611,1,1,0,1,1,1,1,49,0,19,8,2016,6,23,27,0,2,3,2,4,"CR-75 CLEVELAND AVE","",0,40.04373056,-82.95921944,0,8,0,0,1,1,0,1,3,1,0,1,0,"0000000",23,29,23,31,0,13,0,0,0,1,0
39,390612,1,1,0,0,0,1,1,151,1320,7,8,2016,1,20,35,1,2,1,1,1,"I-77 VIETNAM VET MEMORIAL HWY","",118,40.81820278,-81.39616667,0,25,0,0,1,1,0,3,3,1,0,1,0,"0000000",20,35,20,40,20,48,0,0,0,1,0
39,390613,1,1,0,1,1,1,1,3,0,2,8,2016,3,21,20,0,2,5,2,6,"SHAWNEE RD","",0,40.68920278,-84.15121944,0,9,0,0,1,1,0,1,2,1,0,1,0,"0000000",21,20,21,22,21,44,0,0,0,1,0
39,390614,2,2,0,0,0,2,2,61,0,4,8,2016,5,19,32,0,2,4,2,6,"PLAINFIELD RD","",0,39.21392778,-84.39456111,0,12,6,0,8,1,0,1,1,10,0,10,0,"0000000",19,35,19,37,19,52,0,0,0,1,1
39,390615,2,2,0,0,0,3,3,141,1580,11,8,2016,5,17,24,0,2,4,1,2,"US-50 MAIN ST","CR-2003 WATT ST",253,39.33602778,-82.96363889,0,12,6,0,2,2,0,1,1,1,0,1,0,"0000000",17,24,17,26,17,44,0,0,0,1,0
39,390616,1,1,0,0,0,1,1,55,0,13,8,2016,7,1,30,0,1,7,3,5,"TR-205 PATCH RD","",0,41.41075833,-81.14283611,0,53,0,0,1,1,0,4,2,1,0,1,0,"0000000",1,38,1,48,88,88,0,0,0,1,1
39,390617,1,1,0,0,0,1,1,61,1610,25,8,2016,5,2,49,0,2,5,2,4,"CR-696 WASSON AVE","MICHIGAN AVE",0,39.14479167,-84.44190833,0,42,0,0,3,3,0,4,3,10,0,10,0,"0000000",2,49,2,53,88,88,0,0,0,1,1
39,390618,1,1,0,0,0,4,4,35,1680,23,7,2016,7,15,20,0,2,4,2,4,"CR-233 UNION AVE","CR-770 MARTIN LUTHER KING JR B",0,41.46359444,-81.60675278,0,30,0,0,3,2,0,4,1,1,0,1,0,"0000000",15,28,15,37,15,53,0,0,0,1,1
39,390619,10,10,0,0,0,24,24,43,0,14,8,2016,1,14,0,1,1,1,1,1,"I-80","",38,41.34177222,-82.77166944,0,12,1,0,1,1,1,1,1,10,0,10,0,"0000000",14,10,14,26,15,54,3,0,0,1,0
39,390620,2,2,0,0,0,2,2,101,0,17,8,2016,4,14,19,0,1,5,1,3,"SR-529","",83,40.52870278,-82.97335278,0,12,2,0,1,1,0,1,1,1,0,1,0,"0000000",14,23,14,35,15,0,0,0,0,1,1
39,390621,1,1,0,0,0,1,1,17,8715,23,8,2016,3,13,29,0,2,3,1,3,"SR-747 PRINCETON GLENDALE RD","",24,39.33700556,-84.46208889,0,10,0,0,6,1,0,1,1,1,0,1,0,"524966P",13,30,13,34,13,49,0,0,0,1,0
39,390622,2,2,0,0,0,3,3,35,1680,3,8,2016,4,17,35,1,2,3,1,2,"US-6 SUPERIOR AVE","",186,41.51929167,-81.63851667,0,12,9,0,1,1,0,1,1,1,0,1,0,"0000000",17,43,17,51,18,5,0,0,0,1,0
39,390623,2,2,0,0,0,5,5,35,1680,4,8,2016,5,0,44,0,2,5,4,6,"E 55TH ST","SCOVILL AVE",0,41.49169167,-81.65157778,0,12,6,0,2,2,0,1,3,1,0,1,0,"0000000",0,45,0,50,1,5,0,0,0,1,1
39,390624,2,2,0,0,0,2,2,55,0,27,7,2016,4,23,35,0,1,4,1,3,"SR-87 KINSMAN RD","",70,41.46328889,-81.25638333,0,12,1,0,8,1,0,1,3,1,0,1,0,"0000000",23,48,0,2,0,28,0,0,0,1,1
39,390625,2,2,0,0,0,4,4,89,6390,24,4,2016,1,20,58,0,2,7,3,5,"TR-88 BEECH RD","",0,40.06740278,-82.75434444,0,12,1,0,8,1,0,1,2,1,0,1,0,"0000000",20,56,21,3,21,47,0,0,0,1,1
39,390626,2,2,0,0,0,2,2,157,0,1,8,2016,2,14,4,0,1,5,1,3,"SR-800","TR-82 JENNIE BRICK RD",329,40.62598056,-81.36004167,0,12,7,0,3,2,0,1,1,10,0,10,0,"0000000",14,9,14,14,14,35,0,0,0,1,0
39,390627,1,1,0,0,0,1,1,155,0,13,8,2016,7,18,50,0,1,5,1,3,"SR-534","",71,41.22671944,-80.97961111,0,30,0,0,1,1,0,4,1,10,0,10,0,"0000000",18,41,18,49,88,88,0,0,0,1,0
39,390628,2,2,0,0,0,2,2,5,0,18,8,2016,5,3,39,1,1,3,1,2,"US-250","",100,40.92559444,-82.34789722,0,12,2,0,1,1,0,1,2,10,0,10,0,"0000000",3,41,3,53,4,22,0,0,0,1,1
39,390629,1,1,0,0,0,4,4,163,0,21,8,2016,1,14,0,0,1,5,1,3,"SR-160 MAIN ST","",172,39.15938889,-82.48438611,0,53,0,0,1,1,0,4,1,1,0,1,0,"0000000",14,1,14,13,14,54,0,0,0,1,0
39,390630,1,1,0,0,0,1,1,93,2480,13,7,2016,4,18,58,0,2,7,1,6,"ABBE RD","",0,41.39280833,-82.07731667,0,30,0,0,1,1,0,4,1,98,0,98,0,"0000000",22,59,23,2,23,28,0,0,0,1,0
39,390631,1,1,0,0,0,1,1,143,0,16,7,2016,7,16,10,1,2,2,1,2,"US-6","",176,41.36726389,-83.10757778,0,1,0,0,1,1,0,1,1,1,0,1,0,"0000000",16,18,16,22,17,1,0,0,0,1,0
39,390633,1,1,0,1,1,1,1,77,630,18,8,2016,5,17,10,1,2,3,1,2,"US-20","ORCHARD ST",6,41.27245,-82.82779167,0,9,0,0,2,3,0,1,1,1,0,1,0,"0000000",17,11,17,14,17,49,0,0,0,1,0
39,390634,2,2,0,0,0,2,2,29,0,22,8,2016,2,11,25,0,2,6,1,3,"SR-164","TR-790 BEESON MILL RD",215,40.86214167,-80.73636389,0,12,2,0,3,4,0,1,1,1,0,1,0,"0000000",11,35,11,48,12,31,0,0,0,1,0
39,390635,1,1,0,0,0,1,1,97,0,22,8,2016,2,1,0,0,1,3,1,2,"US-42","",187,40.01508611,-83.30989167,0,52,0,0,1,1,0,4,2,10,0,10,0,"0000000",0,24,0,32,88,88,0,0,0,1,0
39,390636,1,1,0,0,0,1,1,113,3622,24,8,2016,4,14,21,1,2,1,1,1,"I-70 ON RAMP","SR-201 BRANDT PIKE",211,39.86708333,-84.09956389,0,38,0,1,5,1,0,4,1,10,0,10,0,"0000000",14,23,14,28,88,88,0,0,0,1,0
39,390637,1,1,0,0,0,1,1,153,70,17,7,2016,1,2,35,1,2,3,2,4,"CR-633 BROADWAY ST","CR-646 BARTGES ST",0,41.06877222,-81.52437222,0,33,0,0,3,2,0,4,3,1,0,1,0,"0000000",2,40,2,43,88,88,0,0,0,1,1
39,390638,2,2,0,0,0,2,2,35,2840,23,8,2016,3,6,40,0,2,5,4,6,"MCCRACKEN RD","JOHNSTON PK",0,41.42491944,-81.57296111,0,12,2,0,2,3,0,1,4,1,0,1,0,"0000000",6,42,6,48,7,5,0,0,0,1,0
39,390639,3,3,0,0,0,3,3,35,2840,19,8,2016,6,12,25,1,2,1,1,1,"I-480","",213,41.42196111,-81.58601389,0,12,7,0,1,1,0,1,1,1,0,1,0,"0000000",12,28,12,36,12,54,0,0,0,1,0
39,390640,1,1,0,0,0,1,1,101,3140,22,8,2016,2,1,5,0,1,7,2,4,"CR-35 MT OLIVE AGOSTA RD","CR-48 DEADWOOD RD",0,40.53461667,-83.28504444,0,31,0,0,3,3,0,4,2,10,0,10,0,"0000000",5,5,5,45,88,88,0,0,0,1,1
39,390641,1,1,0,0,0,1,1,85,9020,13,7,2016,4,22,33,9,6,96,96,5,"WILLOWICK ST","",0,41.62780278,-81.47553333,0,1,0,0,1,1,0,1,3,2,0,2,0,"0000000",22,26,22,32,22,54,0,0,0,1,0
39,390642,2,2,0,0,0,4,4,135,0,30,7,2016,7,15,38,0,1,5,1,3,"SR-725","",103,39.63231111,-84.63390833,0,12,2,0,1,1,0,1,1,1,0,1,0,"0000000",16,3,16,19,16,39,0,0,0,1,0
39,390643,1,1,0,0,0,1,1,153,6909,29,4,2016,6,22,48,1,2,1,31,1,"I-80","",6,41.27008056,-81.63004167,0,24,0,1,5,1,0,4,1,1,0,1,0,"0000000",22,54,22,59,23,27,0,0,0,1,1
39,390644,2,2,0,3,3,1,1,25,0,28,5,2016,7,4,2,1,2,3,1,3,"SR-32","",4,39.08881667,-84.22880556,0,8,0,0,1,1,0,1,2,1,0,1,0,"0000000",4,23,4,40,5,7,19,0,0,1,0
39,390645,2,1,1,0,0,1,1,45,4050,20,6,2016,2,23,37,0,2,4,1,3,"SR-188","",122,39.71323611,-82.61492778,0,14,0,0,1,1,0,4,3,1,0,1,0,"0000000",23,38,23,40,0,11,0,0,0,1,1
39,390646,2,2,0,0,0,2,2,93,4360,6,8,2016,7,14,15,0,1,7,2,4,"CR-619 MEISTER RD","SHERWOOD DR",0,41.44179167,-82.21932778,0,12,6,0,2,2,0,1,1,1,0,1,0,"0000000",14,16,14,21,14,47,0,0,0,1,0
39,390647,2,2,0,0,0,3,3,63,0,15,7,2016,6,14,44,0,1,4,1,2,"US-224","",200,41.063575,-83.52805,0,12,6,0,8,1,0,1,1,1,0,1,0,"0000000",14,46,14,51,15,16,0,0,0,1,0
39,390648,1,1,0,0,0,1,1,31,0,30,7,2016,7,11,58,0,1,4,1,3,"SR-83","",137,40.29760278,-81.87182778,0,24,0,0,1,1,0,4,1,1,0,1,0,"0000000",11,58,12,0,12,17,0,0,0,1,0
39,390649,1,1,0,0,0,1,1,19,0,31,7,2016,1,17,37,0,1,4,1,3,"SR-43","",19,40.490225,-80.94972778,0,34,0,0,1,1,0,4,1,1,0,1,0,"0000000",88,88,88,88,88,88,0,0,0,1,0
39,390650,2,2,0,0,0,2,2,93,0,18,8,2016,5,18,57,0,1,5,2,4,"CR-51 BAUMHART RD","CR-1 NORTH RIDGE RD",0,41.38912778,-82.28246667,0,12,6,0,2,2,0,1,1,1,0,1,0,"0000000",19,7,19,24,20,2,0,0,0,1,0
39,390651,2,2,0,0,0,4,4,95,0,19,8,2016,6,15,49,1,2,3,1,3,"SR-2","",294,41.64190833,-83.34393611,0,12,2,0,1,1,0,1,1,1,0,1,0,"0000000",15,50,15,54,17,27,0,0,0,1,0
39,390652,1,1,0,0,0,1,1,109,0,21,8,2016,1,13,9,0,2,7,3,6,"COBAUGH RD","",0,39.89748611,-84.09428611,0,42,0,0,1,1,0,4,1,10,0,10,0,"0000000",13,9,13,12,88,88,0,0,0,1,0
39,390653,1,1,0,1,1,1,1,7,0,23,8,2016,3,2,20,0,1,4,1,2,"US-322","",126,41.53578611,-80.75749167,0,8,0,0,1,1,0,1,2,1,0,1,0,"0000000",2,30,2,43,88,88,0,0,0,1,0
39,390654,1,1,0,0,0,1,1,47,0,29,8,2016,2,16,22,0,1,4,1,2,"US-62","",259,39.68649167,-83.29616389,0,34,0,0,1,1,0,4,1,1,0,1,0,"0000000",16,24,16,36,88,88,0,0,0,1,0
39,390655,4,3,1,0,2,4,6,151,1320,11,7,2016,2,11,40,0,2,4,1,3,"SR-627 FAIRCREST RD","I-77 OFF RAMP",45,40.75097778,-81.40461111,0,12,6,1,2,2,0,1,1,1,0,1,0,"0000000",11,43,11,49,12,21,14,0,0,1,0
39,390656,1,1,0,0,0,1,1,137,0,26,8,2016,6,20,46,0,1,4,1,3,"SR-108","",44,41.10046389,-84.13132222,0,1,0,0,1,1,0,4,3,1,0,1,0,"0000000",20,56,21,5,88,88,0,0,0,1,1
39,390657,2,2,0,0,0,3,3,57,0,27,8,2016,7,15,36,0,1,6,2,6,"HUSSEY RD","",0,39.59066111,-83.80615278,0,12,2,0,1,1,0,1,1,2,0,2,0,"0000000",15,41,15,54,16,34,0,0,0,1,1
39,390658,1,1,0,0,0,2,2,113,0,30,8,2016,3,21,0,0,2,7,2,6,"LIBERTY ELLERTON RD","",0,39.71471944,-84.3238,0,34,0,0,1,1,0,4,2,10,0,10,0,"0000000",21,4,21,12,21,50,0,0,0,1,0
39,390659,1,1,0,0,0,1,1,49,1800,1,9,2016,5,23,37,0,2,7,4,6,"THATCHER DR","ROSSBURY CT",0,40.07527222,-83.1033,0,33,0,0,3,3,0,4,2,1,0,1,0,"0000000",23,37,23,42,23,56,0,0,0,1,1
39,390660,1,1,0,0,0,1,1,49,5550,1,9,2016,5,21,27,0,2,4,4,6,"REYNOLDSBURG NEW ALBANY RD","",0,40.05790833,-82.81076111,0,38,0,0,1,1,0,4,2,1,0,1,0,"0000000",21,35,21,39,88,88,0,0,0,1,0
39,390661,1,1,0,0,0,1,1,61,1610,2,9,2016,6,19,55,0,2,4,4,6,"CLIFTON AVE","MARTIN LUTHER KING DR",0,39.13501389,-84.52065,0,33,0,0,3,2,0,4,5,10,0,10,0,"0000000",19,55,19,58,20,13,0,0,0,1,1
39,390662,1,1,0,0,0,2,2,25,0,7,8,2016,1,1,25,0,2,5,2,4,"CR-4 AMELIA OLIVE BRANCH RD","CR-33 CLOUGH PIKE",0,39.07456667,-84.22483889,0,30,0,0,1,1,0,4,2,1,0,1,0,"0000000",1,27,1,35,2,11,0,0,0,1,1
39,390663,3,3,0,0,0,4,4,93,2480,10,8,2016,4,11,1,1,2,3,1,2,"US-20 SOUTH EAST BYPASS","",175,41.35148056,-82.07043333,0,12,7,0,1,1,0,1,1,1,0,1,0,"0000000",10,55,11,2,99,99,0,0,0,1,0
39,390665,2,2,0,0,0,3,3,165,5010,19,8,2016,6,15,52,0,2,5,2,4,"CR-461 TOWNE MALL BLVD","VILLAGE DR",0,39.49435,-84.32945,0,12,6,0,2,2,0,1,1,10,0,10,0,"0000000",15,53,15,59,16,12,0,0,0,1,0
39,390666,1,1,0,0,0,1,1,125,0,31,8,2016,4,23,55,0,1,7,2,4,"CR-48","",0,41.03327778,-84.64881111,0,30,0,0,1,1,0,4,2,1,0,1,0,"0000000",0,8,0,21,88,88,0,0,0,1,1
39,390667,2,2,0,0,0,2,2,35,8770,1,9,2016,5,9,5,1,2,3,1,2,"US-20","",2,41.41953333,-81.96685556,0,12,1,0,8,1,0,1,1,1,0,1,0,"0000000",9,10,9,15,9,39,0,0,0,1,0
39,390668,1,1,0,0,0,1,1,3,0,23,8,2016,3,20,28,0,1,7,3,5,"TR-211 FAULKNER RD","",0,40.69388611,-83.97416111,0,1,0,0,1,1,0,4,5,1,0,1,0,"0000000",20,29,20,36,21,1,0,0,0,1,1
39,390669,2,2,0,0,0,3,3,137,0,26,8,2016,6,11,45,0,1,5,1,3,"SR-15","",9,41.15479444,-84.29826944,0,12,6,0,8,1,0,1,1,1,0,1,0,"0000000",11,56,12,5,12,51,0,0,0,1,0
39,390670,3,3,0,0,0,6,6,41,0,27,8,2016,7,16,37,1,1,3,1,2,"US-23","TR-196 PENRY RD",169,40.36440278,-83.07379722,0,12,6,0,7,1,0,4,1,1,0,1,0,"0000000",16,39,16,52,16,59,0,0,0,1,0
39,390671,2,2,0,0,0,4,4,81,0,8,5,2016,1,16,29,0,1,5,1,3,"SR-213","",163,40.553675,-80.69093056,0,12,1,0,1,1,0,1,1,1,0,1,0,"0000000",16,30,16,39,17,18,0,0,0,1,0
39,390672,2,2,0,0,0,2,2,17,0,6,8,2016,7,17,23,0,1,5,1,3,"SR-126","",66,39.33222222,-84.72972222,0,12,6,0,8,1,0,1,1,1,0,1,0,"0000000",17,32,17,51,18,17,0,0,0,1,0
39,390673,1,1,0,0,0,1,1,113,0,30,8,2016,3,5,3,1,2,1,1,1,"I-70","",163,39.86507222,-84.18735833,0,25,0,1,5,1,0,4,3,1,0,1,0,"0000000",5,5,5,14,88,88,0,0,0,1,0
39,390674,1,1,0,0,0,3,3,59,0,28,8,2016,1,9,8,1,1,1,1,1,"I-70","",108,40.00330278,-81.53963889,0,35,0,0,1,1,0,4,1,10,0,10,0,"0000000",9,10,9,16,9,38,0,0,0,1,0
39,390675,1,1,0,0,0,1,1,141,0,29,8,2016,2,15,20,0,1,7,3,5,"TR-199 GEORGE HOLLOW RD","",0,39.20448611,-82.95358056,0,34,0,0,1,1,0,4,1,1,0,1,0,"0000000",15,48,16,1,88,88,0,0,0,1,1
39,390676,2,2,0,0,0,4,4,169,0,30,8,2016,3,15,40,0,1,5,2,4,"CR-30A LINCOLN WAY","CR-54 HONEYTOWN RD",0,40.79758056,-81.87713611,0,12,1,0,3,2,0,1,1,1,0,1,0,"0000000",15,43,15,48,16,16,0,0,0,1,0
39,390677,1,1,0,0,0,4,4,153,0,15,6,2016,4,1,40,1,2,1,1,1,"I-77","",88,41.01786389,-81.49623889,0,35,0,0,8,1,0,4,2,10,0,10,0,"0000000",1,57,2,10,2,28,0,0,0,1,0
39,390678,2,2,0,0,0,4,4,161,0,1,9,2016,5,15,0,0,2,4,1,2,"US-224","CR-77 LIBERTY UNION RD",92,40.85531944,-84.62921111,0,12,2,0,2,2,0,1,1,10,0,10,0,"0000000",15,24,15,52,16,52,0,0,0,1,0
39,390679,1,1,0,0,0,1,1,17,0,6,8,2016,7,0,45,1,2,3,1,3,"SR-4","",184,39.483575,-84.41520278,0,1,0,0,1,1,0,1,2,1,0,1,0,"0000000",88,88,88,88,88,88,0,0,0,1,1
39,390680,1,1,0,0,0,1,1,95,8120,30,8,2016,3,3,56,0,2,4,4,6,"SUMMIT ST","",0,41.68114167,-83.49346667,0,30,0,0,1,1,0,4,3,1,0,1,0,"0000000",3,57,4,4,88,88,0,0,0,1,1
39,390681,5,5,0,0,0,5,5,113,5275,27,7,2016,4,14,59,1,2,1,1,1,"I-75","",96,39.72195556,-84.21199722,0,12,1,1,18,1,0,1,1,1,0,1,0,"0000000",15,0,15,8,15,26,0,0,0,1,0
39,390682,1,1,0,0,0,1,1,153,70,16,7,2016,7,2,50,0,2,4,1,3,"SR-764","STAEGER ST",33,41.04140278,-81.48390833,0,40,0,0,3,3,0,4,3,1,0,1,0,"0000000",2,50,2,56,88,88,0,0,0,1,1
39,390683,1,1,0,1,1,1,1,35,7420,3,8,2016,4,11,44,0,2,4,1,2,"US-422 CHAGRIN BLVD","",77,41.46450833,-81.55728611,0,8,0,0,1,1,0,1,1,1,0,1,0,"0000000",11,46,11,48,12,8,0,0,0,1,0
39,390684,1,1,0,1,1,1,1,49,1800,10,8,2016,4,18,4,0,2,4,4,6,"E LIVINGSTON AVE","BURLINGTON AVE",0,39.94509167,-82.8828,0,9,0,0,2,2,0,1,1,1,0,1,0,"0000000",18,6,18,7,88,88,0,0,0,1,0
39,390685,1,1,0,0,0,1,1,25,0,25,8,2016,5,12,53,0,1,5,2,4,"CR-14 BETHEL NEW RICHMOND RD","",0,38.95364444,-84.25006111,0,32,0,0,8,1,0,4,1,1,0,1,0,"0000000",12,57,13,6,88,88,0,0,0,1,0
39,390686,1,1,0,1,1,1,1,95,8120,14,8,2016,1,22,18,0,2,4,4,6,"W BANCROFT ST","UPTON AVE",0,41.66324167,-83.58861944,0,8,0,0,2,2,0,1,3,10,0,10,0,"0000000",22,21,22,25,22,40,0,0,0,1,0
39,390687,1,1,0,0,0,2,2,171,0,4,9,2016,1,12,10,0,1,5,1,3,"SR-34","",275,41.46311944,-84.34836389,0,31,0,0,8,1,0,4,1,1,0,1,0,"0000000",12,12,12,25,13,45,0,0,0,1,0
39,390688,1,1,0,1,1,1,1,61,1610,8,9,2016,5,17,43,0,2,7,1,6,"HAMILTON AVE","",0,39.16301944,-84.53959167,0,8,0,0,1,1,0,1,1,1,0,1,0,"0000000",17,45,17,52,18,1,0,0,0,1,0
39,390689,1,1,0,1,1,2,2,41,0,10,9,2016,7,21,38,1,2,1,1,1,"I-71","",28,40.17428889,-82.95659722,0,8,0,0,1,1,0,1,2,2,0,2,0,"0000000",21,42,21,50,88,88,0,0,0,1,0
39,390690,2,2,0,0,0,5,5,37,0,11,9,2016,1,20,1,0,1,7,2,6,"NORTH STAR - FORT LORAMIE RD","",0,40.32484167,-84.54531667,0,12,1,0,1,1,0,1,2,1,0,1,0,"0000000",20,7,20,41,21,13,0,0,0,1,1
39,390691,1,1,0,0,0,4,4,153,6909,24,6,2016,6,23,58,1,2,1,1,1,"I-77","",289,41.21158889,-81.62585278,0,42,0,0,1,1,0,4,2,1,0,1,0,"0000000",0,1,0,12,88,88,0,0,0,1,1
39,390692,2,2,0,0,0,3,3,101,0,27,6,2016,2,14,45,0,1,5,1,3,"SR-98","SR-309",109,40.61534722,-83.03007222,0,12,6,0,2,2,0,1,1,1,0,1,0,"0000000",14,52,15,3,15,21,0,0,0,1,0
39,390693,3,3,0,0,0,10,10,91,0,4,9,2016,1,16,10,1,1,2,1,2,"US-33","CR-37",113,40.42922222,-83.80128333,0,12,6,1,2,2,0,1,1,1,0,1,0,"0000000",16,8,16,25,16,59,0,0,0,1,0
39,390694,1,1,0,0,0,2,2,93,0,20,8,2016,7,2,35,0,2,3,1,3,"SR-57","SR-10 ON RAMP",128,41.33138889,-82.06613611,0,33,0,1,5,1,0,8,3,1,0,1,0,"0000000",2,37,2,43,3,8,20,0,0,1,1
39,390695,1,1,0,0,0,1,1,17,3260,1,9,2016,5,14,21,0,2,7,4,6,"SUNSET DR","",0,39.41154444,-84.60253889,0,33,0,0,1,1,0,4,1,10,0,10,0,"0000000",14,22,14,28,14,50,0,0,0,1,1
39,390696,1,1,0,1,1,1,1,41,2150,4,9,2016,1,23,43,0,2,4,1,3,"SR-521 KILBOURN RD","ASHBURN DR",21,40.29875,-83.03258056,0,8,0,0,3,3,0,1,2,1,0,1,0,"0000000",23,44,23,51,88,88,0,0,0,1,1
39,390697,1,1,0,0,0,1,1,171,0,4,9,2016,1,20,50,0,1,7,2,4,"CR-456 ROAD C","",0,41.45639444,-84.41391111,0,42,0,0,1,1,0,4,2,1,0,1,0,"0000000",20,50,21,1,88,88,0,0,0,1,1
39,390698,1,1,0,1,1,2,2,77,0,7,9,2016,4,21,33,0,2,4,1,3,"SR-61","",22,41.02295278,-82.67862778,0,8,0,0,1,1,0,1,2,1,0,1,0,"0000000",21,35,21,43,22,8,0,0,0,1,0
39,390699,3,3,0,0,0,3,3,7,0,8,9,2016,5,18,29,0,1,5,1,3,"SR-84 BUSHNELL RD","SR-7 CENTER RD",258,41.86286111,-80.57243889,0,12,6,0,2,2,0,1,1,10,0,10,0,"0000000",18,31,18,37,19,4,0,0,0,2,0
39,390700,1,1,0,0,0,1,1,49,1800,8,9,2016,5,0,50,0,2,4,2,4,"CR-9 OLENTANGY RIVER RD","",0,40.04285,-83.03343889,0,33,0,0,1,1,0,4,2,1,0,1,0,"0000000",0,55,1,0,88,88,0,0,0,1,1
39,390701,2,2,0,0,0,2,2,49,1800,10,9,2016,7,12,13,0,2,4,2,4,"CR-9 OLENTANGY RIVER RD","",0,39.99076667,-83.02595278,0,12,6,0,8,1,0,1,1,1,0,1,0,"0000000",12,17,12,20,12,25,0,0,0,1,0
39,390702,2,1,1,0,0,4,4,113,2090,3,9,2016,7,4,15,0,2,7,4,6,"NILL AVE","HASKINS AVE",0,39.73295833,-84.14773056,0,5,0,0,3,2,0,1,3,1,0,1,0,"0000000",4,27,4,33,88,88,14,0,0,1,0
39,390703,1,1,0,0,0,1,1,35,572,29,8,2016,2,17,31,1,2,1,1,1,"I-271","",24,41.38612222,-81.511575,0,42,0,0,1,1,0,3,1,1,0,1,0,"0000000",17,37,17,43,18,9,0,0,0,1,0
39,390704,1,1,0,0,0,1,1,13,0,5,9,2016,2,22,40,0,1,6,2,4,"CR-10","",0,40.08798056,-80.84014167,0,1,0,0,1,1,0,4,2,1,0,1,0,"0000000",22,42,22,54,88,88,0,0,0,1,0
39,390705,2,2,0,0,0,3,3,77,0,11,9,2016,1,12,44,0,1,7,3,4,"CR-117","SR-113",0,41.28721389,-82.69206389,0,12,6,0,2,2,0,1,1,1,0,1,0,"0000000",13,11,13,14,13,38,0,0,0,1,0
39,390706,1,1,0,1,1,1,1,49,1800,11,9,2016,1,17,20,9,6,96,96,9,"VISTA VIEW BLVD","",0,40.08995,-82.94445833,9,8,0,0,1,1,0,1,1,1,0,1,0,"0000000",17,22,17,33,17,57,0,0,0,1,0
39,390707,2,2,0,0,0,2,2,89,0,12,9,2016,2,15,22,0,1,5,1,3,"SR-79 WALNUT RD","",4,39.92797222,-82.53413889,0,12,2,0,1,1,0,1,1,1,0,1,0,"0000000",15,25,15,29,16,7,0,0,0,1,0
39,390708,1,1,0,0,0,1,1,21,0,8,6,2016,4,21,32,0,1,7,2,4,"CR-37 NINE MILE RD","SR-29",0,40.21498889,-83.89394167,0,43,0,0,3,4,0,4,2,1,0,1,0,"0000000",21,34,21,43,88,88,0,0,0,1,1
39,390709,1,1,0,1,1,1,1,49,1800,30,8,2016,3,7,57,0,2,5,2,4,"CR-565 KING AVE","BELMONT AVE",0,39.99058056,-83.01753889,0,8,0,0,3,3,0,1,1,1,0,1,0,"0000000",8,0,8,4,8,26,0,0,0,1,0
39,390710,1,1,0,0,0,1,1,85,4920,10,7,2016,1,23,30,0,1,7,4,6,"CAROLYN DR","",0,41.70036389,-81.35726667,0,30,0,0,1,1,0,4,3,1,0,1,0,"0000000",23,30,23,38,0,11,0,0,0,1,1
39,390711,2,2,0,0,0,2,2,25,0,19,8,2016,6,23,11,0,2,4,1,3,"SR-28","BUCKWHEAT RD",37,39.19958333,-84.22614167,0,12,6,0,2,3,0,1,2,1,0,1,0,"0000000",23,11,23,16,23,52,0,0,0,1,1
39,390712,1,1,0,0,0,1,1,21,0,4,9,2016,1,19,15,0,1,5,1,2,"US-36","",251,40.13494722,-83.56946111,0,1,0,0,1,1,0,4,1,1,0,1,0,"0000000",99,99,99,99,99,99,0,0,0,1,1
39,390713,1,1,0,0,0,1,1,151,6348,6,9,2016,3,19,17,0,1,4,1,3,"SR-183","",89,40.78111111,-81.09138889,0,34,0,0,1,1,0,4,1,1,0,1,0,"0000000",19,18,19,20,88,88,0,0,0,1,0