"STATE","ST_CASE","VE_TOTAL","VE_FORMS","PVH_INVL","PEDS","PERNOTMVIT","PERMVIT","PERSONS","COUNTY","CITY","DAY","MONTH","YEAR","DAY_WEEK","HOUR","MINUTE","NHS","RUR_URB","FUNC_SYS","RD_OWNER","ROUTE","TWAY_ID","TWAY_ID2","MILEPT","LATITUDE","LONGITUD","SP_JUR","HARM_EV","MAN_COLL","RELJCT1","RELJCT2","TYP_INT","WRK_ZONE","REL_ROAD","LGT_COND","WEATHER1","WEATHER2","WEATHER","SCH_BUS","RAIL","NOT_HOUR","NOT_MIN","ARR_HOUR","ARR_MIN","HOSP_HR","HOSP_MN","CF1","CF2","CF3","FATALS","DRUNK_DR"
39,390714,2,2,0,0,0,3,3,93,0,2,9,2016,6,14,45,1,1,3,1,3,"SR-58 LEAVITT RD","CR-57 RUSSIA RD",190,41.33788889,-82.21608333,0,12,2,0,2,2,0,1,1,1,0,1,0,"0000000",14,46,15,6,15,30,0,0,0,1,0
39,390715,2,2,0,0,0,2,2,153,0,29,7,2016,6,23,7,1,2,1,1,1,"I-77","",89,41.01691667,-81.49598611,0,12,2,0,1,1,2,1,3,10,0,10,0,"0000000",23,9,23,19,23,49,3,0,0,1,1
39,390716,2,2,0,0,0,2,2,35,1680,18,8,2016,5,9,55,0,1,4,1,3,"SR-176 JENNINGS FREEWAY","",108,41.42743056,-81.68278889,0,12,1,1,19,1,0,2,1,10,0,10,0,"0000000",9,58,10,6,10,28,24,0,0,1,0
39,390717,1,1,0,1,1,1,1,35,1680,18,8,2016,5,23,45,0,2,4,1,2,"US-422 KINSMAN RD","69TH ST",30,41.48157778,-81.64215556,0,8,0,0,3,3,0,1,3,1,0,1,0,"0000000",23,49,23,57,0,12,0,0,0,1,0
39,390718,1,1,0,1,1,1,1,23,0,6,9,2016,3,19,43,0,2,7,3,5,"TR-18 TECUMSEH RD","",0,39.92169167,-83.91346667,0,8,0,0,1,1,0,2,5,1,0,1,0,"0000000",19,53,20,8,20,30,0,0,0,1,0
39,390719,2,1,1,1,1,1,1,93,0,8,9,2016,5,14,14,1,1,1,1,1,"I-80","CR-34 GORE ORPHANAGE RD OVRPAS",6,41.34527778,-82.33166667,0,8,0,0,1,1,0,4,1,2,0,2,0,"0000000",14,19,14,37,88,88,0,0,0,1,0
39,390720,3,3,0,0,0,5,5,43,7290,11,9,2016,1,19,57,0,2,4,4,6,"CEDAR POINT DR","",0,41.46426389,-82.67226667,0,12,8,0,1,1,0,1,5,1,0,1,0,"0000000",20,0,20,3,20,20,0,0,0,1,1
39,390721,2,2,0,0,0,2,2,175,0,22,9,2016,5,6,4,1,2,3,1,2,"US-23","CH-50",128,40.85311389,-83.26445833,0,12,1,0,2,2,0,1,2,1,0,1,0,"0000000",7,22,7,40,8,46,0,0,0,1,0
39,390722,2,2,0,0,0,2,2,157,5770,10,9,2016,7,17,49,0,2,4,1,2,"US-259 HIGH AVE","",34,40.47673056,-81.42403333,0,12,1,0,8,1,0,1,1,1,0,1,0,"0000000",17,50,17,54,18,6,0,0,0,1,1
39,390723,2,1,1,1,1,1,1,35,1680,15,9,2016,5,12,41,1,2,1,1,1,"I-90","",88,41.46951944,-81.80190278,0,8,0,1,19,1,0,2,1,1,0,1,0,"0000000",12,47,12,48,13,12,14,0,0,1,0
39,390724,5,5,0,0,0,13,13,49,0,16,9,2016,6,15,46,1,2,1,1,1,"I-270","",541,39.886925,-83.02921389,0,12,1,0,1,1,0,1,1,1,0,1,0,"0000000",15,47,15,58,16,18,14,0,0,2,0
39,390725,2,2,0,0,0,4,4,95,5225,4,9,2016,1,11,31,0,1,7,2,6,"MONCLOVA RD","WECKERLY RD",0,41.5589,-83.766675,0,12,6,0,2,2,0,1,1,1,0,1,0,"0000000",11,31,11,35,12,7,0,0,0,1,0
39,390726,1,1,0,1,1,2,2,135,2390,13,9,2016,3,5,50,0,2,5,4,6,"MAPLE ST","",0,39.75361111,-84.6325,0,8,0,0,1,1,0,1,2,1,0,1,0,"0000000",5,48,5,51,88,88,0,0,0,1,0
39,390727,2,2,0,0,0,2,2,119,3602,15,9,2016,5,18,34,0,1,5,1,2,"US-40","N HOPEWELL RD",31,39.95601944,-82.17076944,0,12,6,0,2,2,0,1,1,1,0,1,0,"0000000",18,36,18,38,19,12,0,0,0,1,1
39,390728,1,1,0,0,0,1,1,105,0,17,9,2016,7,9,54,0,1,5,2,4,"CR-28 BASHAN RD","",0,39.00716667,-81.89455833,0,42,0,0,1,1,0,4,1,2,0,2,0,"0000000",88,88,88,88,88,88,0,0,0,1,0
39,390729,2,2,0,0,0,3,3,143,0,21,9,2016,4,8,20,0,2,7,2,4,"CR-308","TR-205",0,41.29984722,-82.85928889,0,12,6,0,2,2,0,1,1,1,0,1,0,"0000000",8,20,8,24,8,50,0,0,0,2,0
39,390730,2,2,0,0,0,2,2,95,0,30,8,2016,3,12,48,0,1,5,2,4,"CR-131 SHERMAN-WHITE RD","TR-1 FULTON-LUCAS RD",0,41.53068056,-83.88274444,0,12,6,0,2,2,0,1,1,10,0,10,0,"0000000",12,48,12,55,14,1,0,0,0,1,0
39,390731,2,2,0,0,0,2,2,69,0,8,8,2016,2,14,14,0,1,5,1,3,"SR-65","SR-281",80,41.28381111,-83.94075,0,12,6,0,2,2,0,1,1,1,0,1,0,"0000000",14,20,14,32,15,25,0,0,0,1,0
39,390732,1,1,0,0,0,1,1,115,0,20,8,2016,7,16,17,0,1,4,1,3,"SR-60","",25,39.60384167,-81.71669444,0,1,0,0,1,1,0,1,1,10,0,10,0,"0000000",16,20,16,30,88,88,0,0,0,1,0
39,390733,2,2,0,0,0,7,7,69,0,12,8,2016,6,10,10,0,1,5,1,3,"SR-65","SR-281",80,41.2838,-83.9407,0,12,6,0,2,2,0,1,1,1,0,1,0,"0000000",10,16,10,36,11,1,0,0,0,1,0
39,390734,2,2,0,0,0,5,5,141,0,1,9,2016,5,13,15,0,2,3,1,3,"SR-159","US-23",37,39.39281389,-82.97003333,0,12,6,0,2,2,0,1,1,1,0,1,0,"0000000",17,21,17,25,17,44,0,0,0,1,0
39,390735,1,1,0,0,0,1,1,21,8300,9,9,2016,6,18,49,0,2,5,1,2,"US-29 OAKLAND ST","LIGHT ST",186,40.11799167,-83.76418889,0,30,0,0,3,3,4,4,1,1,0,1,0,"0000000",18,50,18,55,19,16,0,0,0,1,0
39,390736,2,2,0,0,0,6,6,157,0,17,9,2016,7,14,10,1,1,3,1,2,"US-36","SR-258",15,40.28075278,-81.59125556,0,12,6,0,2,3,0,1,1,10,0,10,0,"0000000",14,12,14,16,15,30,0,0,0,1,0
39,390737,1,1,0,0,0,1,1,35,6180,19,9,2016,2,10,10,1,2,1,31,1,"I-80","",39,41.35728333,-81.89947778,0,24,0,0,1,1,0,4,1,1,0,1,0,"0000000",10,14,10,26,88,88,0,0,0,1,0
39,390738,1,1,0,0,0,1,1,17,7099,26,9,2016,2,14,0,0,1,5,1,3,"SR-128","",47,39.34902778,-84.600575,0,59,0,0,1,1,0,4,1,1,0,1,0,"0000000",14,8,14,13,88,88,0,0,0,1,1
39,390739,3,3,0,0,0,8,8,133,0,10,9,2016,7,18,0,1,1,3,1,3,"SR-14","CR-154 LAKE ROCKWELL RD",68,41.20235278,-81.29823611,0,12,8,0,2,2,0,1,1,2,0,2,0,"0000000",18,28,18,40,19,7,0,0,0,2,0
39,390740,2,2,0,0,0,4,4,131,0,16,9,2016,6,22,38,1,2,3,1,3,"SR-32","US-23 ON RAMP",151,39.04761111,-83.02543333,0,12,6,1,2,2,0,1,3,10,0,10,0,"0000000",22,48,23,9,0,3,0,0,0,1,0
39,390741,1,1,0,1,1,1,1,99,2458,20,9,2016,3,8,58,0,1,4,1,3,"SR-45","",82,41.04898056,-80.85700278,0,8,0,0,1,1,0,1,1,1,0,1,0,"0000000",9,2,9,14,9,47,0,0,0,1,0
39,390742,2,2,0,0,0,5,5,3,0,17,9,2016,7,12,0,0,1,6,2,4,"CR-65 PIQUAD RD","CR-50 DEFIANCE TRAIL",0,40.78671667,-84.30221389,0,12,6,0,2,2,0,1,1,10,0,10,0,"0000000",12,1,12,10,14,38,0,0,0,1,0
39,390743,1,1,0,0,0,1,1,159,3798,23,9,2016,6,0,26,0,1,7,2,4,"CR-23 CONVERSE RD","",0,40.12456667,-83.2462,0,34,0,0,1,1,0,4,2,1,0,1,0,"0000000",0,29,0,36,88,88,0,0,0,1,1
39,390744,1,1,0,1,1,3,3,113,0,27,9,2016,3,7,9,1,2,3,1,2,"US-35","",68,39.74583611,-84.35409722,0,8,0,0,1,1,4,4,4,1,0,1,0,"0000000",7,11,7,18,7,47,0,0,0,1,0
39,390745,2,2,0,0,0,3,3,63,0,21,9,2016,4,9,35,1,1,3,1,3,"SR-15","CR-180",195,40.98623611,-83.61289444,0,12,6,0,2,2,0,1,1,1,0,1,0,"0000000",9,40,9,46,10,13,0,0,0,1,0
39,390746,2,2,0,0,0,4,4,35,1680,17,8,2016,4,3,6,1,2,3,2,4,"CR-406 116TH ST","SR-87 SHAKER BLVD",0,41.48423333,-81.60287222,0,12,6,0,2,2,0,1,3,1,0,1,0,"0000000",3,9,3,14,3,35,0,0,0,1,0
39,390747,1,1,0,0,0,1,1,25,0,4,9,2016,1,23,50,0,2,7,3,5,"TR213 SMITH RD","",0,39.23433333,-84.22478611,0,41,0,0,1,1,0,4,2,1,0,1,0,"0000000",23,54,2,33,88,88,0,0,0,1,0
39,390748,2,2,0,0,0,4,4,143,0,22,9,2016,5,19,21,0,1,5,1,3,"SR-19","CR-197 LIMERICK RD",22,41.28856667,-83.05224167,0,12,6,0,2,2,0,1,5,1,0,1,0,"0000000",19,23,19,29,20,28,0,0,0,1,1
39,390750,2,2,0,0,0,3,3,151,6348,12,8,2016,6,16,20,1,1,3,1,2,"US-30","",272,40.76318333,-81.18591389,0,12,6,0,1,1,0,1,1,10,0,10,0,"0000000",16,20,16,28,16,55,0,0,0,1,0
39,390751,1,1,0,1,1,1,1,113,0,25,9,2016,1,4,42,1,2,1,1,1,"I-75","CR-218 WAGNER FORD RD OVERPASS",158,39.79819444,-84.18961111,0,8,0,1,18,1,0,1,3,1,0,1,0,"0000000",88,88,88,88,88,88,0,0,0,1,0
39,390752,2,2,0,0,0,2,2,161,0,15,9,2016,5,19,25,0,1,6,2,6,"WREN LANDECK RD","SR-118",0,40.80059444,-84.61375278,0,12,6,0,2,2,0,1,1,1,0,1,0,"0000000",19,25,19,33,88,88,0,0,0,1,0
39,390753,2,2,0,0,0,3,3,125,0,22,9,2016,5,17,10,0,1,7,2,4,"CR-187","CR-12",0,40.99041944,-84.39958056,0,12,6,0,2,2,0,1,1,1,0,1,0,"0000000",99,99,99,99,99,99,0,0,0,1,0
39,390754,1,1,0,0,0,1,1,51,0,22,9,2016,5,20,35,0,1,7,2,4,"CR-K","",0,41.61737778,-83.98806667,0,34,0,0,1,1,0,4,2,1,0,1,0,"0000000",20,38,20,55,88,88,0,0,0,1,1
39,390756,2,2,0,1,1,2,2,49,1800,22,9,2016,5,6,48,0,2,4,4,6,"KARL RD","",0,40.07176667,-82.97657222,0,8,0,0,1,1,0,1,4,1,0,1,0,"0000000",6,50,6,55,88,88,0,0,0,1,0
39,390757,1,1,0,0,0,2,2,59,1260,24,9,2016,7,2,20,1,2,3,1,2,"US-22","",108,40.05247778,-81.55725556,0,30,0,0,1,1,0,4,2,1,0,1,0,"0000000",2,24,2,27,3,0,0,0,0,1,1
39,390758,1,1,0,0,0,1,1,113,2090,3,10,2016,2,15,1,1,2,2,1,3,"SR-4","",198,39.78387778,-84.14952222,0,24,0,0,1,1,0,4,1,1,0,1,0,"0000000",15,1,15,8,15,40,0,0,0,1,0
39,390759,2,2,0,0,0,2,2,35,1680,3,9,2016,7,23,25,0,2,4,4,6,"LEE RD","CLOVERSIDE AVE",0,41.44874444,-81.56483056,0,12,6,0,2,2,0,1,3,1,0,1,0,"0000000",23,30,23,34,23,56,0,0,0,1,0
39,390760,2,2,0,0,0,3,3,87,0,24,9,2016,7,14,23,0,1,6,1,3,"SR-775","",122,38.58045833,-82.41745278,0,12,8,0,1,1,0,1,1,1,0,1,0,"0000000",14,37,14,53,16,3,0,0,0,1,0
39,390761,1,1,0,0,0,1,1,67,0,27,9,2016,3,5,30,0,1,6,2,4,"CR-8 PLUMRUN RD","",0,40.41723611,-81.18915556,0,24,0,0,1,1,0,4,2,1,0,1,0,"0000000",5,34,5,39,88,88,0,0,0,1,0
39,390762,2,2,0,0,0,2,2,43,0,16,9,2016,6,3,25,1,2,3,1,2,"US-250 MILAN RD","SR-2 ON RAMP",40,41.39921111,-82.65493611,0,12,1,1,2,2,2,1,3,1,0,1,0,"0000000",3,26,3,28,88,88,3,0,0,1,1
39,390763,1,1,0,0,0,2,2,77,0,24,9,2016,7,5,20,0,1,7,2,4,"CR-82 BULLHEAD RD","",0,41.03295278,-82.77645,0,31,0,0,1,1,0,4,2,1,0,1,0,"0000000",5,22,5,29,6,9,0,0,0,2,1
39,390764,1,1,0,0,0,1,1,143,0,29,9,2016,5,18,0,0,2,5,1,3,"SR-101 E MAPLE ST","",47,41.31731389,-82.95880833,0,43,0,0,1,1,0,4,1,2,0,2,0,"0000000",18,8,18,13,88,88,0,0,0,1,0
39,390765,2,2,0,0,0,4,4,147,0,1,10,2016,7,12,53,0,1,5,1,3,"SR-19","CR-34",192,41.24235278,-83.05435833,0,12,6,0,2,2,0,1,1,10,0,10,0,"0000000",13,2,13,16,14,11,0,0,0,1,0
39,390766,1,1,0,0,0,1,1,77,0,25,9,2016,1,15,50,0,1,7,3,5,"TR-135 OLIVE RD","",0,41.08394444,-82.65812222,0,1,0,0,1,1,0,1,1,1,0,1,0,"0000000",15,45,16,3,17,2,0,0,0,1,1
39,390767,2,2,0,0,0,2,2,45,4050,30,9,2016,6,13,55,0,2,5,1,3,"SR-188 PLEASANTVILLE RD","",176,39.74528333,-82.55403056,0,12,2,0,1,1,0,1,1,10,0,10,0,"0000000",13,54,14,2,14,20,0,0,0,1,0
39,390768,2,2,0,0,0,4,4,93,0,25,9,2016,1,18,39,0,1,5,1,3,"SR-162 NEW LONDON LAFAYETTE RD","SR-511 ASHLAND KIPTON RD",17,41.10325,-82.30382778,0,12,6,0,2,2,0,1,1,1,0,1,0,"0000000",18,40,18,55,19,20,0,0,0,1,0
39,390770,2,2,0,0,0,2,2,113,3622,13,9,2016,3,17,30,0,2,4,4,6,"TAYLORSVILLE ST","BRIDGEWATER RD",0,39.86365,-84.15866667,0,12,6,0,2,2,0,1,1,1,0,1,0,"0000000",17,31,17,36,17,54,0,0,0,1,0
39,390771,2,2,0,0,0,2,2,173,0,2,10,2016,1,14,38,1,1,3,1,2,"US-6","",149,41.3521,-83.6072,0,12,6,0,1,1,0,1,1,10,0,10,0,"0000000",14,44,14,51,15,47,0,0,0,1,0
39,390772,1,1,0,0,0,1,1,145,0,14,9,2016,4,15,52,0,2,7,2,4,"CR-126 SLAB RUN RD","",0,38.74586389,-83.05292222,0,34,0,0,1,1,0,4,1,1,0,1,0,"0000000",16,32,16,45,99,99,0,0,0,1,0
39,390773,2,2,0,0,0,2,2,35,1680,10,9,2016,7,2,30,0,2,4,1,2,"US-422 KINSMAN RD","GRAND AVE",27,41.48406944,-81.64700833,0,1,0,0,2,3,0,1,3,10,0,10,0,"0000000",2,28,2,36,2,50,0,0,0,1,1
39,390774,2,2,0,0,0,3,3,99,0,17,8,2016,4,17,30,0,2,5,1,3,"SR-62","12TH ST",38,40.90022778,-81.01219722,0,12,11,0,2,3,0,1,1,1,0,1,0,"0000000",17,29,17,36,18,17,0,0,0,1,0
39,390775,2,2,0,0,0,4,4,35,1680,15,9,2016,5,15,23,1,2,1,1,1,"I-71","143RD STREET OVERPASS",122,41.43854722,-81.79371111,0,12,1,0,1,1,0,1,1,1,0,1,0,"0000000",15,29,15,38,16,11,0,0,0,1,0
39,390776,1,1,0,0,0,1,1,55,8046,18,9,2016,1,16,10,0,1,7,3,5,"TR-58","",0,41.65856944,-81.01657222,0,1,0,0,1,1,0,4,1,10,0,10,0,"0000000",16,12,16,18,17,46,0,0,0,1,0
39,390777,3,3,0,0,0,3,3,95,8120,20,9,2016,3,1,30,1,2,1,1,1,"I-75","",48,41.67803611,-83.573675,0,12,2,1,18,1,2,1,3,1,0,1,0,"0000000",1,32,1,46,2,26,0,0,0,1,1
39,390778,1,1,0,0,0,1,1,61,1610,24,9,2016,7,18,0,1,2,3,2,4,"CR-605 MCMILLAN ST","KENTON ST",0,39.12597222,-84.49433056,0,33,0,0,3,3,0,4,1,1,0,1,0,"0000000",18,10,18,11,88,88,0,0,0,1,0
39,390779,2,2,0,0,0,3,3,113,3622,17,9,2016,7,15,21,1,2,3,1,3,"SR-4","NEW CARLISLE PIKE",242,39.85169722,-84.05770556,0,12,6,0,2,2,0,1,1,1,0,1,0,"0000000",15,21,15,28,88,88,0,0,0,2,0
39,390780,1,1,0,2,2,1,1,35,1680,1,10,2016,7,20,45,1,2,1,1,1,"I-480","",136,41.42145278,-81.70738333,0,8,0,1,19,1,0,2,3,10,0,10,0,"0000000",20,56,21,3,21,21,23,0,0,1,0
39,390781,2,2,0,0,0,3,3,23,0,2,10,2016,1,14,59,1,2,3,1,2,"US-40 NATIONAL RD","MASONIC DR",101,39.92497222,-83.86067222,0,12,6,0,2,2,4,1,1,10,0,10,0,"0000000",15,1,15,10,15,39,0,0,0,1,0
39,390782,1,1,0,0,0,1,1,61,0,4,9,2016,1,15,50,0,2,7,2,4,"CR-130 FIDDLERS GREEN RD","",0,39.14431111,-84.697575,0,1,0,0,1,1,0,1,1,1,0,1,0,"0000000",16,8,16,21,16,50,0,0,0,1,0
39,390783,2,2,0,0,0,2,2,113,2090,2,10,2016,1,16,41,1,2,3,2,4,"CR-194 3RD ST","HUFFMAN AVE",0,39.76343889,-84.16756944,0,12,6,0,3,3,0,1,1,1,0,1,0,"0000000",16,41,16,44,88,88,0,0,0,1,0
39,390784,2,2,0,0,0,2,2,165,4810,3,10,2016,2,6,33,0,2,4,1,3,"SR-741","SPYGLASS HILL DR.",21,39.37154722,-84.28811111,0,12,6,0,2,3,0,1,2,1,0,1,0,"0000000",6,35,6,40,7,2,0,0,0,1,0
39,390785,1,1,0,0,0,1,1,11,0,6,10,2016,5,20,15,0,2,5,1,3,"SR-364 CELINA RD","",152,40.549175,-84.43608889,0,11,0,0,1,1,0,1,2,10,0,10,0,"0000000",20,13,20,18,20,35,0,0,0,1,0
39,390786,1,1,0,0,0,4,4,117,0,7,10,2016,6,14,9,1,1,1,1,1,"I-71","",189,40.56149167,-82.63856389,0,34,0,0,1,1,0,4,1,1,0,1,0,"0000000",14,24,14,45,15,19,0,0,0,1,0
39,390787,2,2,0,0,0,2,2,35,970,21,9,2016,4,8,57,0,2,4,1,3,"SR-82 CHIPPEWA RD","CR-96 RIVERVIEW RD",152,41.32209444,-81.59272222,0,12,2,0,2,2,0,1,1,1,0,1,0,"0000000",8,58,9,7,9,23,0,0,0,1,0
39,390788,2,2,0,0,0,3,3,35,1680,25,9,2016,1,0,12,0,2,4,2,4,"CR-9 ST. CLAIR AVE","",0,41.545425,-81.59024444,0,12,2,0,1,1,0,1,3,1,0,1,0,"0000000",0,13,0,19,0,42,0,0,0,1,1
39,390789,2,2,0,0,0,3,3,151,5930,6,10,2016,5,10,37,0,2,5,2,4,"CR-190 APPLEGROVE ST","",1,40.89065556,-81.41066389,0,12,6,0,8,1,0,1,1,1,0,1,0,"0000000",10,38,10,42,11,3,0,0,0,1,0
39,390790,1,1,0,0,0,1,1,35,6360,8,10,2016,7,17,23,0,2,4,1,3,"SR-94","",94,41.40986389,-81.71045833,0,1,0,0,1,1,0,1,1,1,0,1,0,"0000000",17,24,17,27,17,44,0,0,0,1,1
39,390791,1,1,0,0,0,1,1,127,0,8,10,2016,7,22,59,0,1,6,1,3,"SR-757","",22,39.83978889,-82.31278056,0,34,0,0,1,1,0,4,2,1,0,1,0,"0000000",22,48,22,57,88,88,0,0,0,1,1
39,390792,1,1,0,1,1,1,1,153,70,1,5,2016,1,0,50,0,2,7,4,6,"BRINER AVE","",0,41.07810833,-81.43628056,0,8,0,0,1,1,0,1,3,2,0,2,0,"0000000",88,88,88,88,88,88,0,0,0,1,0
39,390793,1,1,0,1,1,1,1,49,1800,11,5,2016,4,2,25,1,2,2,1,3,"SR-315","",71,40.05196111,-83.03286111,0,8,0,0,1,1,0,1,3,1,0,1,0,"0000000",2,27,2,32,2,44,0,0,0,1,0
39,390794,1,1,0,0,0,1,1,143,0,9,10,2016,1,1,25,0,1,5,2,4,"CR-185 RIEHL RD","CR-181 SHAW RD",0,41.271225,-83.04270833,0,30,0,0,3,4,0,4,2,1,0,1,0,"0000000",1,22,1,32,88,88,0,0,0,1,1
39,390795,2,2,0,0,0,3,3,49,0,9,10,2016,1,20,14,0,2,6,2,4,"CR-3 HARRISBURG-GEORGESVILLE R","",0,39.84441111,-83.18513333,0,12,2,0,1,1,0,1,2,10,0,10,0,"0000000",20,16,20,20,21,13,0,0,0,2,1
39,390796,2,1,1,2,2,2,2,63,0,8,10,2016,7,8,47,1,2,1,1,1,"I-75","",215,41.11386944,-83.65968611,0,8,0,0,1,1,1,1,1,1,0,1,0,"0000000",8,48,8,58,9,26,23,14,0,1,0
39,390797,1,1,0,1,1,2,2,49,1800,26,9,2016,2,5,40,0,2,4,2,4,"CR-376 WINCHESTER PIKE","CR-371 NOE-BIXBY RD",0,39.89596111,-82.87420833,0,8,0,0,1,1,0,1,3,1,0,1,0,"0000000",5,41,5,43,6,6,0,0,0,1,0
39,390798,2,2,0,0,0,3,3,117,0,12,10,2016,4,19,32,0,1,5,1,3,"SR-314","SR-97",256,40.70532778,-82.66560833,0,12,6,0,2,2,0,1,2,1,0,1,0,"0000000",19,36,19,47,20,27,0,0,0,1,0
39,390799,1,1,0,0,0,1,1,109,0,13,10,2016,5,3,0,0,1,5,2,4,"CR-33 ELDEAN RD","",0,40.07886667,-84.21388056,0,1,0,0,1,1,0,4,2,10,0,10,0,"0000000",3,12,3,20,88,88,0,0,0,1,1
39,390800,1,1,0,1,1,1,1,49,0,13,10,2016,5,6,21,1,2,3,1,2,"US-40","",71,39.95356111,-83.10275278,0,8,0,0,1,1,0,1,2,10,0,10,0,"0000000",6,24,6,28,88,88,0,0,0,1,0
39,390801,2,2,0,0,0,2,2,21,0,13,7,2016,4,5,20,0,1,5,1,2,"US-36","",195,40.10708333,-83.6678,0,11,0,0,1,1,0,1,2,1,0,1,0,"0000000",5,31,5,40,6,6,0,0,0,1,0
39,390802,2,2,0,0,0,5,5,75,0,13,10,2016,5,13,13,0,1,4,1,3,"SR-39","TR-162",296,40.52334722,-81.713925,0,12,6,0,2,3,0,1,1,1,0,1,0,"0000000",13,27,13,44,14,23,0,0,0,1,0
39,390803,2,2,0,0,0,4,4,141,0,14,10,2016,6,18,3,0,1,4,1,2,"US-50 MILLS AVE","",342,39.27374167,-82.81988056,0,12,6,0,8,1,0,1,1,1,0,1,0,"0000000",18,19,18,29,19,4,0,0,0,1,1
39,390804,1,1,0,0,0,1,1,37,0,15,10,2016,7,19,55,0,1,5,2,4,"CR-9 HORATIO HARRIS CREEK RD","",0,40.15154167,-84.48851111,0,30,0,0,1,1,0,4,2,1,0,1,0,"0000000",19,55,20,4,88,88,0,0,0,1,1
39,390805,1,1,0,0,0,1,1,7,0,16,10,2016,1,1,50,0,1,5,1,3,"SR-307","",163,41.71231389,-80.73057778,0,32,0,0,1,1,0,4,2,1,0,1,0,"0000000",2,4,2,15,88,88,0,0,0,1,1
39,390806,1,1,0,0,0,3,3,61,0,7,8,2016,1,21,10,0,2,4,1,2,"US-50","",9,39.15688611,-84.80626667,0,30,0,0,1,1,0,4,3,1,0,1,0,"0000000",21,16,21,28,22,14,0,0,0,1,1
39,390807,2,2,0,0,0,2,2,69,5470,13,9,2016,3,19,19,0,1,3,1,2,"US-24","CR-17D",4,41.35978889,-84.220575,0,12,6,0,2,2,0,1,1,1,0,1,0,"0000000",19,26,19,38,20,5,0,0,0,1,0
39,390808,2,2,0,0,0,3,3,93,2480,15,9,2016,5,19,13,0,2,7,1,6,"ABBE RD","BURNS RD",0,41.40950833,-82.07713611,0,12,6,0,2,2,0,1,1,98,0,98,0,"0000000",23,15,23,22,23,43,0,0,0,1,0
39,390809,1,1,0,0,0,1,1,13,0,17,10,2016,2,19,34,1,1,1,1,1,"I-70","",134,40.06563333,-80.98042778,0,24,0,0,1,1,0,4,1,1,0,1,0,"0000000",19,35,19,40,88,88,0,0,0,1,1
39,390811,1,1,0,0,0,2,2,61,1610,24,9,2016,7,17,55,1,2,1,1,1,"I-75","",88,39.18731944,-84.48244722,0,31,0,0,1,1,0,4,1,1,0,1,0,"0000000",17,55,18,0,18,30,0,0,0,1,0
39,390812,2,2,0,0,0,2,2,117,0,18,10,2016,3,13,27,0,1,4,1,3,"SR-95","",22,40.58681389,-82.91607778,0,12,2,0,1,1,0,1,1,1,0,1,0,"0000000",13,27,13,37,88,88,0,0,0,1,0
39,390813,1,1,0,1,1,1,1,155,0,25,9,2016,1,7,50,0,2,5,2,4,"CR-102","",0,41.19267222,-81.00250278,0,9,0,0,1,1,0,1,1,1,0,1,0,"0000000",7,50,7,54,88,88,0,0,0,1,0
39,390814,2,2,0,0,0,3,3,151,0,27,9,2016,3,13,15,0,2,4,2,6,"PERRY DR","",0,40.79618056,-81.44581389,0,12,6,0,8,1,0,1,1,1,0,1,0,"0000000",13,15,13,20,13,35,0,0,0,1,0
39,390815,1,1,0,0,0,1,1,57,2530,30,9,2016,6,23,54,0,2,4,4,6,"KAUFFMAN AVE","",0,39.79258056,-84.04736111,0,31,0,0,1,1,0,3,3,10,0,10,0,"0000000",23,58,0,3,0,24,0,0,0,1,1
39,390816,2,2,0,0,0,5,5,113,8180,30,9,2016,6,22,26,0,2,5,4,6,"OLIVE RD","LITTLE RICHMOND RD",0,39.77604722,-84.29245,0,12,6,0,2,2,0,1,6,1,0,1,0,"0000000",22,26,22,39,23,11,0,0,0,1,1
39,390817,1,1,0,0,0,1,1,49,0,19,10,2016,4,13,51,1,2,1,1,1,"I-270","",352,39.90430278,-83.07999722,0,52,0,1,5,1,0,4,1,1,0,1,0,"0000000",13,52,13,57,88,88,0,0,0,1,1
39,390818,2,2,0,0,0,3,3,47,0,3,10,2016,2,17,50,0,1,7,2,4,"CR-9 SNOW HILL RD","CR-5 GREENFIELD SABINA RD",0,39.46413611,-83.57753333,0,12,6,0,2,2,0,1,1,1,0,1,0,"0000000",17,54,18,5,18,31,0,0,0,2,0
39,390819,2,2,0,0,0,3,3,145,0,4,10,2016,3,16,44,0,1,5,1,3,"SR-140","",115,38.81801667,-82.72330556,0,12,6,0,8,1,0,1,1,1,0,1,0,"0000000",16,36,16,38,17,20,0,0,0,2,0
39,390820,1,1,0,0,0,1,1,65,0,4,10,2016,3,18,39,0,1,4,1,3,"SR-309","",101,40.68349444,-83.70161667,0,42,0,0,1,1,0,4,1,1,0,1,0,"0000000",88,88,88,88,88,88,0,0,0,1,1
39,390821,1,1,0,1,1,1,1,151,6565,4,10,2016,3,21,57,1,2,3,1,2,"US-62","MIDDLEBRANCH AVE NE",250,40.83155,-81.34676389,0,8,0,0,3,2,0,1,2,1,0,1,0,"0000000",23,5,23,10,88,88,0,0,0,1,0
39,390822,1,1,0,0,0,2,2,55,1170,5,10,2016,4,19,10,0,1,5,1,3,"SR-87","",116,41.47055556,-81.17722222,0,11,0,0,1,1,0,1,5,1,0,1,0,"0000000",19,17,19,21,19,30,0,0,0,1,1
39,390823,2,2,0,0,0,2,2,3,0,7,10,2016,6,18,55,0,1,7,2,6,"AGERTER RD","WAPAK RD",0,40.72985556,-84.20443611,0,12,6,0,2,2,0,1,5,1,0,1,0,"0000000",18,56,19,5,19,25,0,0,0,1,0