"STATE","ST_CASE","VE_TOTAL","VE_FORMS","PVH_INVL","PEDS","PERNOTMVIT","PERMVIT","PERSONS","COUNTY","CITY","DAY","MONTH","YEAR","DAY_WEEK","HOUR","MINUTE","NHS","RUR_URB","FUNC_SYS","RD_OWNER","ROUTE","TWAY_ID","TWAY_ID2","MILEPT","LATITUDE","LONGITUD","SP_JUR","HARM_EV","MAN_COLL","RELJCT1","RELJCT2","TYP_INT","WRK_ZONE","REL_ROAD","LGT_COND","WEATHER1","WEATHER2","WEATHER","SCH_BUS","RAIL","NOT_HOUR","NOT_MIN","ARR_HOUR","ARR_MIN","HOSP_HR","HOSP_MN","CF1","CF2","CF3","FATALS","DRUNK_DR"
39,390824,1,1,0,0,0,1,1,31,0,8,10,2016,7,1,35,0,2,5,2,4,"CR-16","",0,40.2718,-81.8093,0,24,0,0,1,1,0,4,2,1,0,1,0,"0000000",1,41,1,46,88,88,0,0,0,1,1
39,390825,2,2,0,0,0,6,6,63,0,9,10,2016,1,12,54,0,1,5,1,3,"SR-12","CR-16",0,40.97024167,-83.88060833,0,12,6,0,2,2,0,1,1,1,0,1,0,"0000000",12,48,13,6,13,42,0,0,0,2,0
39,390826,2,2,0,0,0,2,2,109,0,18,10,2016,3,2,58,1,2,1,1,1,"I-75","",111,40.07377778,-84.23328056,0,12,1,0,1,1,4,1,2,10,0,10,0,"0000000",2,58,3,7,88,88,3,0,0,1,0
39,390827,1,1,0,0,0,2,2,49,5550,9,10,2016,1,17,12,1,2,2,1,3,"SR-161","",229,40.07994722,-82.77875278,0,59,0,0,1,1,0,4,1,1,0,1,0,"0000000",17,14,17,18,17,45,0,0,0,1,0
39,390828,1,1,0,0,0,1,1,93,6025,9,10,2016,1,19,1,1,2,1,31,1,"I-80","",164,41.38,-82.0225,0,18,0,0,1,1,4,1,5,1,0,1,0,"0000000",19,4,19,17,88,88,0,0,0,1,1
39,390829,2,2,0,0,0,9,9,55,3648,10,10,2016,2,17,40,0,1,5,1,3,"SR-528","CR-13",134,41.56255556,-81.05195833,0,12,6,0,2,2,0,1,1,1,0,1,0,"0000000",17,51,18,1,18,21,0,0,0,1,0
39,390831,2,2,0,0,0,2,2,119,3602,11,10,2016,3,6,2,1,1,1,1,1,"I-70","",60,39.95383611,-82.12169722,0,1,0,0,1,1,0,1,2,1,0,1,0,"0000000",6,2,6,13,88,88,14,0,0,1,0
39,390832,2,2,0,0,0,2,2,169,0,12,10,2016,4,6,44,1,1,3,1,2,"US-250","CR-157",61,40.80824444,-82.02270833,0,12,6,0,2,2,0,1,2,1,0,1,0,"0000000",6,47,6,55,7,22,0,0,0,1,0
39,390833,1,1,0,1,1,2,2,113,2090,12,10,2016,4,18,2,0,2,5,1,6,"N MAIN ST","",0,39.7825,-84.2085,0,8,0,0,1,1,0,1,1,10,0,10,0,"0000000",18,3,18,18,18,18,0,0,0,1,0
39,390834,2,2,0,0,0,5,5,173,0,15,7,2016,6,20,9,0,1,5,2,4,"CR-7 SAND RIDGE RD","TR-43 RANGE LINE RD",0,41.344,-83.7666,0,12,6,0,2,2,0,1,1,1,0,1,0,"0000000",20,12,20,18,21,27,0,0,0,1,0
39,390835,1,1,0,0,0,1,1,35,2340,14,9,2016,4,13,5,9,6,96,96,9,"PRIVATE DR","LEE RD",0,41.53077778,-81.57329167,9,33,0,0,3,3,0,4,1,10,0,10,0,"0000000",13,7,13,10,14,0,0,0,0,1,0
39,390836,2,2,0,0,0,4,4,167,680,18,9,2016,1,20,50,1,1,3,1,2,"US-50","CR-26",17,39.26100278,-81.702975,0,12,6,0,2,2,0,1,2,10,0,10,0,"0000000",20,57,21,2,21,55,0,0,0,2,0
39,390837,2,2,0,2,2,1,1,15,0,12,10,2016,4,19,49,1,1,3,1,3,"SR-32","TR-205",184,38.95696944,-83.70217222,0,12,6,0,2,2,0,1,2,1,0,1,0,"0000000",19,52,20,0,88,88,0,0,0,2,0
39,390838,1,1,0,0,0,1,1,1,0,16,10,2016,1,15,45,0,1,4,1,3,"SR-247","",0,38.73962778,-83.51902778,0,32,0,0,1,1,0,4,1,1,0,1,0,"0000000",15,47,16,7,17,13,0,0,0,1,0
39,390839,1,1,0,0,0,3,3,161,0,12,10,2016,4,15,35,0,1,7,3,6,"GREENVILLE RD","",0,40.73173889,-84.55492222,0,42,0,0,1,1,0,4,1,1,0,1,0,"0000000",15,46,15,58,16,23,0,0,0,1,0
39,390840,2,2,0,0,0,4,4,107,0,13,10,2016,5,9,52,0,1,5,1,3,"SR-118","CR-170 FRAHM PIKE",179,40.59678889,-84.64737778,0,12,6,0,2,2,0,1,1,1,0,1,0,"0000000",9,52,10,0,10,20,0,0,0,1,0
39,390841,1,1,0,0,0,1,1,141,0,14,10,2016,6,17,4,0,1,5,2,4,"CR-207","",0,39.25506111,-82.79184167,0,32,0,0,1,1,0,4,1,10,0,10,0,"0000000",17,5,17,19,17,40,0,0,0,1,1
39,390842,1,1,0,1,1,1,1,75,0,14,10,2016,6,5,43,0,1,5,2,4,"CR-160","",0,40.61863333,-81.73594444,0,15,0,0,1,1,0,1,2,5,0,5,0,"0000000",5,45,5,56,88,88,0,0,0,1,0
39,390843,1,1,0,0,0,2,2,113,2500,21,10,2016,6,3,10,1,2,1,1,1,"I-70","",82,39.85507778,-84.33639167,0,34,0,0,1,1,0,4,2,2,0,2,0,"0000000",3,14,3,23,4,6,0,0,0,1,0
39,390844,1,1,0,0,0,2,2,39,0,15,10,2016,7,2,32,0,1,7,2,6,"NAGEL RD","",0,41.41321111,-84.29295556,0,30,0,0,1,1,0,4,2,1,0,1,0,"0000000",2,57,3,10,3,50,0,0,0,1,1
39,390845,1,1,0,0,0,2,2,111,0,16,10,2016,1,16,46,0,1,5,1,3,"SR-145","",256,39.85789444,-81.03264444,0,34,0,0,1,1,0,4,1,10,0,10,0,"0000000",16,41,16,57,17,48,0,0,0,1,0
39,390846,2,2,0,0,0,2,2,123,0,17,10,2016,2,15,57,0,2,7,3,5,"TR-278","",0,41.51504167,-82.90106667,0,12,6,0,8,1,0,1,1,1,0,1,0,"0000000",15,53,15,55,16,10,0,0,0,1,0
39,390847,2,2,0,0,0,5,5,49,3200,17,10,2016,2,9,25,1,2,1,1,1,"I-71","",60,39.83985833,-83.09091111,0,20,0,1,5,1,4,8,1,1,0,1,0,"0000000",9,23,9,32,10,12,0,0,0,1,0
39,390849,2,2,0,0,0,2,2,149,0,19,10,2016,4,22,26,0,1,5,1,3,"SR-47","",91,40.28932222,-84.26337222,0,12,6,0,1,1,0,1,2,2,0,2,0,"0000000",88,88,88,88,88,88,0,0,0,1,1
39,390850,1,1,0,0,0,1,1,29,0,23,10,2016,1,3,40,0,1,5,1,3,"SR-14","",144,40.87910278,-80.60116667,0,34,0,0,1,1,0,4,2,10,0,10,0,"0000000",3,40,3,46,88,88,0,0,0,1,1
39,390851,3,3,0,0,0,5,5,113,0,24,10,2016,2,13,3,0,2,5,2,6,"FREDERICK PIKE","",0,39.8329,-84.22406111,0,12,7,0,1,1,0,1,1,1,0,1,0,"0000000",13,3,13,12,13,32,0,0,0,1,0
39,390852,1,1,0,1,1,1,1,87,0,14,10,2016,6,20,33,0,2,7,2,4,"CR-411 OLD SR-243","",0,38.44236944,-82.36298056,0,8,0,0,1,1,0,1,2,10,0,10,0,"0000000",20,31,20,34,20,58,0,0,0,1,0
39,390853,2,2,0,0,0,6,6,77,630,29,10,2016,7,15,23,1,2,3,1,3,"SR-20 MAIN ST","TR-22 PRAIRIE RD",15,41.26746944,-82.81304167,0,12,6,0,2,2,0,1,1,10,0,10,0,"0000000",15,22,15,29,16,1,0,0,0,1,0
39,390854,2,2,0,0,0,3,3,89,6390,30,5,2016,2,16,12,1,2,5,1,3,"SR-16 E BROAD ST","",10,39.99010556,-82.75338056,0,59,0,0,8,1,0,4,1,10,0,10,0,"0000000",16,13,16,17,16,54,0,0,0,1,0
39,390855,1,1,0,0,0,1,1,99,0,6,10,2016,5,17,38,1,1,1,1,1,"I-76","",9,41.10004167,-80.98456111,0,23,0,0,1,1,0,4,1,1,0,1,0,"0000000",17,43,17,46,18,22,0,0,0,1,0
39,390856,2,2,0,0,0,3,3,95,0,24,9,2016,7,19,11,0,1,5,1,3,"SR-295","NEOWASH RD",51,41.47356389,-83.82619444,0,12,6,0,2,2,0,1,1,1,0,1,0,"0000000",19,24,19,41,20,20,0,0,0,1,0
39,390857,2,2,0,0,0,2,2,167,680,2,10,2016,1,16,10,1,2,3,1,3,"SR-7","TR-97 DRAG STRIP RD",63,39.28346111,-81.63220278,0,12,6,0,2,2,0,1,1,10,0,10,0,"0000000",16,12,16,22,16,30,0,0,0,1,0
39,390858,1,1,0,0,0,1,1,25,490,12,10,2016,4,5,6,0,2,4,1,3,"SR-132 LINDALE PIKE","SR-125 OHIO PIKE",69,39.01998333,-84.205775,0,33,0,0,3,3,0,4,3,1,0,1,0,"0000000",5,3,5,7,5,30,0,0,0,1,0
39,390859,1,1,0,0,0,1,1,131,0,22,10,2016,7,7,35,0,1,5,2,4,"CR-3","",0,39.11960278,-83.19887778,0,32,0,0,1,1,0,4,4,10,0,10,0,"0000000",88,88,88,88,88,88,0,0,0,1,0
39,390861,1,1,0,0,0,1,1,101,0,22,10,2016,7,18,0,0,1,4,1,3,"SR-309 HARDING HWY","",133,40.60990556,-83.18023611,0,1,0,0,1,1,0,4,1,10,0,10,0,"0000000",18,4,18,9,18,27,0,0,0,1,1
39,390862,1,1,0,0,0,1,1,53,0,24,10,2016,2,5,54,1,1,2,1,2,"US-35","",44,38.89273611,-82.37881667,0,24,0,0,1,1,0,4,3,1,0,1,0,"0000000",6,7,6,59,88,88,0,0,0,1,0
39,390863,2,2,0,0,0,2,2,145,0,26,10,2016,4,15,26,0,1,5,1,3,"SR-104","",99,38.84645,-83.01740278,0,12,2,0,1,1,0,1,1,1,0,1,0,"0000000",15,25,15,30,15,51,0,0,0,1,0
39,390864,2,2,0,0,0,4,4,9,0,1,11,2016,3,12,45,1,1,3,1,2,"US-50","",365,39.23638333,-81.77143056,0,12,1,0,1,1,0,1,1,10,0,10,0,"0000000",12,42,12,49,14,2,0,0,0,1,0
39,390865,2,2,0,0,0,2,2,39,0,23,10,2016,1,21,51,1,1,3,1,2,"US-24","",127,41.34368611,-84.25770278,0,12,1,0,1,1,0,1,2,1,0,1,0,"0000000",21,51,22,0,88,88,0,0,0,1,0
39,390866,3,3,0,0,0,5,5,93,0,22,10,2016,7,17,4,0,2,4,1,3,"SR-113 JFK MEM PKWY","",113,41.38411111,-82.14401111,0,12,2,0,1,1,0,1,1,10,0,10,0,"0000000",17,17,17,35,18,28,0,0,0,1,1
39,390867,2,2,0,0,0,4,4,45,0,25,10,2016,3,6,40,0,1,5,1,3,"SR-204","",169,39.89256389,-82.487,0,12,2,0,1,1,0,1,2,1,0,1,0,"0000000",6,40,6,55,7,25,0,0,0,2,0
39,390868,1,1,0,0,0,2,2,41,735,28,10,2016,6,20,42,1,1,1,1,1,"I-71","",86,40.24929722,-82.92903889,0,34,0,0,1,1,0,4,2,1,0,1,0,"0000000",20,44,20,51,21,24,0,0,0,1,0
39,390869,2,2,0,0,0,2,2,165,0,29,10,2016,7,15,14,0,1,5,1,2,"US-22","MIDDLEBORO RD",144,39.36937778,-84.06384167,0,12,6,0,2,2,0,1,1,1,0,1,0,"0000000",15,8,15,14,88,88,0,0,0,1,0
39,390870,3,3,0,0,0,8,8,63,0,4,11,2016,6,16,18,1,1,1,1,1,"I-75","",14,40.89822778,-83.85949722,0,12,1,0,1,1,0,1,1,10,0,10,0,"0000000",16,18,16,29,17,23,0,0,0,1,0
39,390871,2,2,0,0,0,2,2,83,0,5,11,2016,7,19,2,1,1,3,1,3,"SR-13","",189,40.49213333,-82.55795278,0,12,2,0,1,1,0,1,2,1,0,1,0,"0000000",18,58,19,2,88,88,0,0,0,2,0
39,390872,2,1,1,1,1,1,1,143,2760,23,10,2016,1,0,19,0,2,7,4,6,"MONROE ST","",0,41.34770556,-83.126125,0,14,0,0,1,1,0,4,3,1,0,1,0,"0000000",0,19,0,27,88,88,0,0,0,1,1
39,390873,1,1,0,1,1,1,1,93,0,28,8,2016,1,21,9,0,9,7,3,5,"FAIRGROUNDS RD","",0,41.16736944,-82.23123333,0,8,0,0,1,1,0,4,3,1,0,1,0,"0000000",21,13,21,30,88,88,0,0,0,1,1
39,390874,2,2,0,0,0,2,2,3,0,28,10,2016,6,23,8,1,2,3,1,3,"SR-65 WEST ST","SR-115",112,40.79754167,-84.10885278,0,12,6,0,2,3,0,1,2,1,0,1,0,"0000000",23,10,23,19,88,88,0,0,0,1,1
39,390875,2,2,0,0,0,3,3,109,0,6,8,2016,7,13,0,0,2,4,1,2,"US-40","FIFTH ST",38,39.90189167,-84.09476389,0,12,6,0,2,2,0,1,1,1,0,1,0,"0000000",13,3,13,6,13,44,0,0,0,1,1
39,390877,2,1,1,1,1,2,2,171,0,5,11,2016,7,2,5,1,1,1,1,1,"I-80","",34,41.62773611,-84.72105833,0,14,0,0,1,1,0,1,2,1,0,1,0,"0000000",2,6,2,20,88,88,19,0,0,1,0
39,390878,3,3,0,0,0,6,6,61,5260,6,8,2016,7,7,50,1,2,1,1,1,"I-71","",177,39.273,-84.34836667,0,23,0,1,5,1,0,4,1,10,0,10,0,"0000000",8,3,8,20,8,41,14,0,0,2,1
39,390879,1,1,0,1,1,1,1,153,6065,14,9,2016,4,14,43,0,2,4,4,6,"GREENWICH RD","CLEVELAND MASSILLON RD",0,41.02583056,-81.64000278,0,15,0,0,2,3,0,1,1,1,0,1,1,"0000000",14,44,14,44,88,88,0,0,0,1,0
39,390880,1,1,0,1,1,1,1,85,4580,27,9,2016,3,12,42,0,2,5,2,4,"CR-26 CHAPEL RD","",0,41.81990833,-81.04666944,0,15,0,0,1,1,0,1,1,1,0,1,0,"0000000",12,40,12,43,12,56,0,0,0,1,0
39,390881,1,1,0,0,0,2,2,113,2090,3,11,2016,5,0,17,0,2,4,4,6,"GERMANTOWN ST","MCARTHUR AVE",0,39.73871944,-84.239975,0,38,0,0,1,1,0,4,3,1,0,1,0,"0000000",0,22,0,30,0,43,0,0,0,1,0
39,390882,3,3,0,0,0,3,3,93,7493,18,8,2016,5,21,7,0,2,4,1,3,"SR-301 ABBE RD","TR-1452 COBBLESTONE RD",220,41.42189167,-82.07706667,0,12,2,0,2,3,0,1,3,1,0,1,0,"0000000",21,7,21,13,21,35,0,0,0,1,1
39,390883,1,1,0,0,0,1,1,99,9230,4,9,2016,1,2,31,0,2,7,4,6,"BENNINGTON AVE","STEWART AVE",0,41.11068611,-80.61963333,0,58,0,0,3,2,0,1,3,1,0,1,0,"0000000",2,31,2,31,88,88,0,0,0,1,1
39,390884,2,2,0,0,0,2,2,67,0,1,11,2016,3,6,55,1,1,3,1,2,"US-22","CR-13",205,40.31163889,-80.95598056,0,12,7,0,2,2,0,1,2,1,0,1,0,"0000000",6,53,7,5,88,88,0,0,0,1,0
39,390885,1,1,0,0,0,2,2,21,8300,8,11,2016,3,0,45,1,1,3,1,2,"US-68","",30,40.05978889,-83.77773333,0,34,0,0,1,1,0,4,2,1,0,1,0,"0000000",0,57,1,11,1,43,0,0,0,2,0
39,390886,1,1,0,1,1,1,1,55,1490,18,9,2016,1,15,39,0,2,5,2,4,"CR-600 PARK AVE","",0,41.57773611,-81.20599167,0,8,0,0,1,1,0,1,1,1,0,1,0,"0000000",15,39,15,41,16,0,0,0,0,1,0
39,390887,1,1,0,0,0,1,1,35,6360,18,9,2016,1,14,46,0,2,4,1,3,"SR-94 STATE RD","CR-65 RIDGEWOOD RD",78,41.387225,-81.71064444,0,33,0,0,3,3,0,4,1,1,0,1,0,"0000000",14,54,14,57,15,24,0,0,0,1,1
39,390888,3,3,0,0,0,5,5,165,0,25,9,2016,1,16,57,0,1,4,1,3,"SR-48","",0,39.30314722,-84.21258611,0,12,6,0,1,1,0,1,1,1,0,1,0,"0000000",17,0,17,8,17,52,0,0,0,1,0
39,390889,1,1,0,0,0,4,4,61,4720,26,9,2016,2,4,12,0,2,4,1,2,"US-50 WOOSTER PIKE","INDIAN VIEW AVE",310,39.14484167,-84.37053611,0,30,0,0,3,2,0,4,2,1,0,1,0,"0000000",4,17,4,35,5,3,0,0,0,1,1
39,390890,4,4,0,0,0,12,12,153,5960,24,9,2016,7,12,50,1,2,1,1,1,"I-271","",115,41.28615556,-81.51318056,0,12,1,1,20,1,0,1,1,1,0,1,0,"0000000",12,56,13,20,13,59,0,0,0,1,0
39,390891,2,2,0,0,0,8,8,61,5260,5,10,2016,4,21,45,1,2,1,1,1,"I-275","",310,39.26935278,-84.34841111,0,12,1,0,1,1,0,1,3,10,0,10,0,"0000000",21,45,21,53,88,88,0,0,0,1,1
39,390892,1,1,0,0,0,1,1,31,0,15,10,2016,7,15,41,0,1,7,2,4,"CR-103","",0,40.3233,-81.6277,0,35,0,0,1,1,0,4,1,1,0,1,0,"0000000",15,45,15,58,88,88,0,0,0,1,1
39,390894,1,1,0,0,0,1,1,95,8120,2,11,2016,4,6,29,0,2,4,1,6,"E ALEXIS RD","",0,41.7229,-83.51401111,0,30,0,0,1,1,0,4,3,98,0,98,0,"0000000",6,37,6,40,88,88,0,0,0,1,0
39,390895,2,2,0,0,0,5,5,109,0,2,11,2016,4,18,3,0,1,5,2,4,"CR-179 ROSS RD","",0,39.91418611,-84.14002222,0,1,0,0,1,1,0,1,1,1,0,1,0,"0000000",18,4,18,11,88,88,0,0,0,1,1
39,390896,2,1,1,0,0,1,1,165,2710,4,11,2016,6,9,27,0,2,5,1,3,"SR-123","",259,39.52721111,-84.27504444,0,34,0,0,1,1,0,4,1,10,0,10,0,"0000000",9,27,9,33,9,57,0,0,0,1,0
39,390897,3,3,0,0,0,7,7,141,0,5,11,2016,7,16,23,0,2,5,1,3,"SR-207","CR-10",4,39.41527778,-82.97888889,0,12,6,0,2,2,0,1,1,1,0,1,0,"0000000",16,20,16,32,16,54,0,0,0,1,0
39,390898,2,2,0,0,0,5,5,99,0,29,10,2016,7,13,8,0,1,4,1,2,"US-62","",47,40.98653611,-80.80554167,0,12,6,0,8,1,0,1,1,10,0,10,0,"0000000",12,57,13,3,13,36,0,0,0,1,0
39,390899,3,3,0,0,0,4,4,49,1800,11,11,2016,6,21,24,0,2,5,4,6,"OBETZ RD","SOUTHPOINT BLVD",0,39.88206944,-82.99828333,0,12,1,0,2,3,0,1,3,1,0,1,0,"0000000",21,24,21,28,22,4,0,0,0,1,1
39,390900,1,1,0,0,0,2,2,143,0,4,11,2016,6,16,41,0,1,7,3,5,"TR-278 MUGG RD","",0,41.33046111,-82.91662778,0,30,0,0,1,1,0,4,1,1,0,1,0,"0000000",17,1,17,12,17,47,0,0,0,1,0
39,390901,2,2,0,1,1,2,2,49,0,4,11,2016,6,14,20,1,2,1,1,1,"I-670 AIRPORT RD","",0,40.002375,-82.92181944,0,8,0,0,1,1,0,4,1,1,0,1,0,"0000000",14,20,14,28,88,88,23,0,0,1,0
39,390902,1,1,0,0,0,2,2,151,4820,5,11,2016,7,1,13,0,2,7,4,6,"NORTH AVE","1ST ST",0,40.797725,-81.52510833,0,58,0,0,3,2,0,1,3,10,0,10,0,"0000000",1,13,1,18,1,31,0,0,0,1,1
39,390903,1,1,0,0,0,1,1,31,0,5,11,2016,7,15,6,0,1,7,2,4,"CR-186","",0,40.3527,-81.8356,0,24,0,0,1,1,0,4,1,1,0,1,0,"0000000",15,8,15,19,16,38,0,0,0,1,1
39,390904,1,1,0,1,1,1,1,35,2340,10,8,2016,4,19,30,9,6,96,96,9,"ROXBURY RD","",0,41.51793333,-81.59129444,0,8,0,0,1,1,0,1,1,2,0,2,0,"0000000",19,28,19,29,19,38,0,0,0,1,0
39,390905,2,2,0,0,0,2,2,35,1680,3,10,2016,2,13,40,0,2,4,2,4,"CR-189 PURITAS AVE","",0,41.43360556,-81.79833611,0,12,7,0,8,1,0,1,1,10,0,10,0,"0000000",13,44,13,51,14,7,0,0,0,1,0
39,390906,1,1,0,1,1,1,1,113,3622,1,11,2016,3,16,25,0,2,4,1,3,"SR-201","TR118 KITRIDGE RD",49,39.82555556,-84.12239167,0,8,0,0,3,2,0,1,1,1,0,1,0,"0000000",16,25,16,26,17,13,0,0,0,1,0
39,390907,1,1,0,0,0,1,1,31,0,24,8,2016,4,14,2,0,1,6,2,4,"CR-22","",0,40.3648,-82.0406,0,34,0,0,1,1,0,4,1,1,0,1,0,"0000000",14,4,14,9,88,88,0,0,0,1,0
39,390908,2,2,0,1,1,3,3,35,1680,13,10,2016,5,23,32,0,2,4,1,2,"US-42 W 25TH ST","",161,41.46689722,-81.70011111,0,15,0,0,1,1,0,1,3,1,0,1,0,"0000000",23,38,23,40,23,50,0,0,0,1,1
39,390909,1,1,0,2,2,1,1,23,7800,4,11,2016,6,0,57,0,2,7,4,6,"COURT ST","SHAFFER ST",0,39.92465833,-83.82440833,0,8,0,0,3,3,0,4,3,1,0,1,0,"0000000",0,57,1,1,1,12,0,0,0,1,1
39,390910,2,1,1,1,1,1,1,35,1680,16,10,2016,1,0,1,0,2,3,4,6,"ST CLAIR AVE","EARLWOOD RD",0,41.54884722,-81.58574722,0,8,0,0,2,3,0,1,3,10,0,10,0,"0000000",0,0,0,4,0,25,14,0,0,1,1
39,390911,2,2,0,0,0,2,2,151,0,27,10,2016,5,2,53,0,2,4,1,3,"SR-172","GREENSIDE AVE",13,40.79948611,-81.62290278,0,12,6,0,2,2,0,1,2,2,0,2,0,"0000000",2,56,3,2,88,88,0,0,0,1,0
39,390912,1,1,0,0,0,1,1,141,0,8,11,2016,3,10,50,0,1,7,2,4,"CR-223 DRY RUN RD","TR-220 TRUE HOLLOW RD",0,39.37155833,-82.89036944,0,35,0,0,3,3,0,4,1,1,0,1,0,"0000000",10,57,11,9,88,88,0,0,0,1,0
39,390913,1,1,0,0,0,1,1,173,0,9,11,2016,4,5,40,1,1,1,1,1,"I-75","SR-582 OVERPASS",204,41.458,-83.62190278,0,24,0,1,19,1,0,4,2,1,0,1,0,"0000000",5,41,5,51,88,88,0,0,0,1,0
39,390914,2,2,0,0,0,4,4,85,0,10,11,2016,5,11,25,0,2,5,1,3,"SR-84 SOUTH RIDGE RD","",255,41.75693889,-81.11444444,0,12,8,0,1,1,0,1,1,1,0,1,0,"0000000",11,35,11,48,12,25,19,0,0,1,1
39,390915,1,1,0,1,1,2,2,49,1800,16,11,2016,4,21,55,1,2,3,1,3,"SR-23 HIGH ST","CR-121 RATHMEL RD",45,39.86790278,-83.00521667,0,8,0,0,1,1,0,1,2,1,0,1,0,"0000000",21,58,22,3,88,88,0,0,0,1,0
39,390916,1,1,0,0,0,1,1,55,3648,29,10,2016,7,21,33,0,1,5,1,3,"SR-528","",134,41.56264722,-81.05183333,0,53,0,0,1,1,0,4,3,1,0,1,0,"0000000",21,36,21,43,88,88,0,0,0,1,0
39,390917,1,1,0,1,1,1,1,55,6349,4,11,2016,6,5,36,1,1,3,1,2,"US-422","",178,41.37049167,-81.06326667,0,8,0,0,1,1,0,1,2,10,0,10,0,"0000000",5,38,5,47,88,88,0,0,0,1,0
39,390918,1,1,0,0,0,2,2,111,0,5,11,2016,7,17,41,1,1,3,1,3,"SR-7","",44,39.58997222,-80.97981389,0,52,0,0,1,1,0,4,1,1,0,1,0,"0000000",17,45,18,4,19,52,0,0,0,1,0
39,390919,1,1,0,1,1,1,1,109,8830,6,11,2016,1,19,21,0,2,7,1,6,"S MIAMI ST","",0,39.94741944,-84.32171667,0,8,0,0,1,1,0,1,3,1,0,1,0,"0000000",19,22,19,28,88,88,0,0,0,1,0
39,390920,1,1,0,0,0,2,2,3,0,10,11,2016,5,5,0,0,1,5,1,3,"SR-115","STATE RD",18,40.81723333,-84.12956111,0,59,0,0,1,1,0,4,2,1,0,1,0,"0000000",5,28,5,33,6,1,0,0,0,1,1
39,390921,1,1,0,0,0,1,1,61,7450,2,9,2016,6,21,41,1,2,1,1,1,"I-275","US-42 OFF RAMP",284,39.28981389,-84.39158056,0,34,0,1,5,1,0,4,3,1,0,1,0,"0000000",21,41,21,54,88,88,0,0,0,1,0
39,390922,1,1,0,3,3,1,1,61,3160,10,10,2016,2,11,5,0,2,4,2,4,"CR-239 WINTON RD","INGRAM RD",0,39.27099167,-84.52296667,0,8,0,0,2,2,0,1,1,1,0,1,0,"0000000",11,54,11,57,12,40,0,0,0,1,0
39,390924,1,1,0,0,0,2,2,35,1680,30,10,2016,1,17,40,0,2,4,2,4,"CR-75 44TH ST","HOWLETT AVE",0,41.47059722,-81.71646667,0,42,0,0,3,3,0,4,1,10,0,10,0,"0000000",17,46,17,53,18,21,24,0,0,2,1
39,390925,1,1,0,0,0,1,1,155,8530,7,11,2016,2,2,51,0,2,5,2,4,"CR-67","",0,41.20058889,-80.81247778,0,52,0,0,1,1,0,4,2,1,0,1,0,"0000000",2,42,2,54,3,17,0,0,0,1,1
39,390926,1,1,0,0,0,1,1,51,0,9,11,2016,4,7,48,0,1,5,1,3,"SR-120","",45,41.70945833,-84.09843333,0,30,0,0,1,1,0,4,1,1,0,1,0,"0000000",7,50,7,50,8,44,0,0,0,1,0
39,390927,2,2,0,0,0,3,3,45,0,9,11,2016,4,8,50,0,1,5,1,3,"SR-159","",57,39.6325,-82.73722222,0,12,8,0,1,1,0,1,1,10,0,10,0,"0000000",8,45,8,57,9,54,0,0,0,1,0
39,390928,1,1,0,0,0,1,1,119,0,13,11,2016,1,2,0,1,2,4,1,2,"US-22","",40,39.87092778,-82.10481667,0,34,0,0,1,1,0,4,2,1,0,1,0,"0000000",2,0,2,6,88,88,0,0,0,1,1
39,390929,1,1,0,0,0,2,2,45,8060,14,11,2016,2,16,40,0,1,7,4,6,"HIGH ST","",0,39.84611389,-82.54583611,0,30,0,0,1,1,0,4,1,1,0,1,0,"0000000",16,50,17,1,17,59,0,0,0,1,1
39,390930,2,1,1,1,1,1,1,151,0,19,11,2016,7,19,34,0,2,5,3,6,"FRESHLEY AVE NE","",0,40.93923333,-81.15243889,0,14,0,0,1,1,0,1,2,4,0,4,0,"0000000",19,42,19,50,20,38,0,0,0,1,0
39,390931,2,2,0,0,0,4,4,35,1680,15,10,2016,7,22,5,0,2,4,1,3,"SR-237 ROCKY RIVER DR","CR-735 CHATFIELD AVE",102,41.44643056,-81.81783611,0,12,6,0,2,3,0,1,3,10,0,10,0,"0000000",22,8,22,11,22,33,0,0,0,1,0
39,390932,1,1,0,0,0,1,1,131,0,12,11,2016,7,14,29,0,1,7,2,4,"CR-9","",0,39.08138889,-83.25888889,0,42,0,0,1,1,0,4,1,1,0,1,0,"0000000",14,27,14,44,88,88,0,0,0,1,1
39,390933,2,2,0,0,0,4,4,57,0,12,11,2016,7,15,48,0,1,6,2,6,"HUSSEY RD","PAINTERSVILLE NEW JASPER RD",0,39.59237778,-83.81186389,0,12,6,0,2,2,0,1,1,1,0,1,0,"0000000",15,50,15,58,16,8,0,0,0,1,0
39,390934,3,3,0,0,0,4,4,89,0,14,11,2016,2,12,40,0,1,5,1,2,"US-62","",135,40.22368611,-82.54568333,0,12,8,0,1,1,0,1,1,1,0,1,0,"0000000",12,49,13,16,13,50,0,0,0,1,0
39,390935,2,2,0,0,0,2,2,35,572,28,10,2016,6,18,42,0,2,4,2,4,"CR-11 MILES RD","EASTLAWN RD",0,41.42423611,-81.50625833,0,12,6,0,2,3,0,1,3,1,0,1,0,"0000000",18,44,18,50,19,21,0,0,0,1,0
39,390936,2,2,0,0,0,2,2,55,5272,18,11,2016,6,16,31,0,1,5,1,2,"US-6","",137,41.60729167,-81.03665833,0,12,2,0,1,1,0,1,1,1,0,1,0,"0000000",16,32,16,39,17,35,0,0,0,1,0