"STATE","ST_CASE","VE_TOTAL","VE_FORMS","PVH_INVL","PEDS","PERNOTMVIT","PERMVIT","PERSONS","COUNTY","CITY","DAY","MONTH","YEAR","DAY_WEEK","HOUR","MINUTE","NHS","RUR_URB","FUNC_SYS","RD_OWNER","ROUTE","TWAY_ID","TWAY_ID2","MILEPT","LATITUDE","LONGITUD","SP_JUR","HARM_EV","MAN_COLL","RELJCT1","RELJCT2","TYP_INT","WRK_ZONE","REL_ROAD","LGT_COND","WEATHER1","WEATHER2","WEATHER","SCH_BUS","RAIL","NOT_HOUR","NOT_MIN","ARR_HOUR","ARR_MIN","HOSP_HR","HOSP_MN","CF1","CF2","CF3","FATALS","DRUNK_DR"
39,390937,2,2,0,0,0,2,2,95,0,10,11,2016,5,8,2,1,2,3,1,3,"SR-2 AIRPORT HWY","",44,41.59784167,-83.80040278,0,12,1,0,8,1,0,1,1,1,0,1,0,"0000000",8,4,8,6,88,88,0,0,0,1,0
39,390938,1,1,0,0,0,1,1,25,0,30,10,2016,1,2,55,0,1,7,2,4,"CR-56 GOODWIN SCHLHSE PT ISAB","",0,38.86781667,-84.09748333,0,1,0,0,1,1,0,1,2,1,0,1,0,"0000000",2,55,3,1,88,88,0,0,0,1,1
39,390939,1,1,0,0,0,3,3,89,0,11,11,2016,6,19,57,0,2,5,1,2,"US-40","",149,39.95810556,-82.52000833,0,35,0,0,1,1,0,4,2,1,0,1,0,"0000000",19,51,19,57,20,33,0,0,0,2,0
39,390940,1,1,0,0,0,6,6,151,1320,15,9,2016,5,21,45,0,2,3,4,6,"CLEVELAND AVE SW","",0,40.79778889,-81.37591111,0,33,0,0,1,1,0,4,3,1,0,1,0,"0000000",21,45,21,59,22,10,0,0,0,1,1
39,390941,1,1,0,0,0,1,1,129,0,19,9,2016,2,5,30,0,1,6,2,4,"CR-280 KINGSTON ADELPHI RD","",0,39.47714444,-82.84688889,0,32,0,0,1,1,0,4,2,10,0,10,0,"0000000",99,99,99,99,99,99,0,0,0,1,1
39,390942,2,2,0,0,0,6,6,151,0,30,10,2016,1,20,4,1,2,3,1,2,"US-62","BROADWAY AVE",278,40.84478611,-81.29774167,0,12,6,0,2,2,0,1,3,10,0,10,0,"0000000",20,9,20,15,20,40,0,0,0,1,0
39,390943,1,1,0,0,0,1,1,25,0,12,11,2016,7,3,15,0,2,4,2,4,"CR-133 WOODVILLE PIKE","",0,39.20537222,-84.18190278,0,35,0,0,1,1,0,4,2,1,0,1,0,"0000000",3,23,3,29,88,88,0,0,0,1,1
39,390944,1,1,0,0,0,1,1,115,0,16,11,2016,4,17,59,0,1,5,1,3,"SR-329","",34,39.48487778,-82.0502,0,42,0,0,1,1,0,4,2,1,0,1,0,"0000000",17,58,18,5,88,88,0,0,0,1,0
39,390945,1,1,0,0,0,3,3,29,0,13,11,2016,1,0,9,0,1,7,2,4,"CR-450 WATERFIRD RD","",0,40.85503611,-80.59001389,0,42,0,0,1,1,0,4,2,1,0,1,0,"0000000",0,9,0,15,1,2,0,0,0,1,0
39,390946,1,1,0,0,0,1,1,145,0,14,11,2016,2,19,3,0,1,7,3,5,"TR-233 FRUNACE CREEK RD","",0,38.84924444,-82.89314444,0,42,0,0,1,1,0,4,2,1,0,1,0,"0000000",19,4,19,9,19,48,0,0,0,1,0
39,390947,2,2,0,0,0,2,2,35,6360,17,11,2016,5,6,40,1,2,3,2,4,"CR-87 SNOW RD","",0,41.40503611,-81.70305556,0,12,2,0,1,1,0,1,4,1,0,1,0,"0000000",6,44,6,46,7,14,0,0,0,1,0
39,390948,1,1,0,0,0,1,1,115,0,15,10,2016,7,19,31,0,1,6,1,3,"SR-555","",241,39.760425,-82.02567778,0,1,0,0,1,1,0,1,5,1,0,1,0,"0000000",19,36,19,43,20,19,0,0,0,1,0
39,390949,3,3,0,0,0,3,3,83,0,18,11,2016,6,8,40,1,1,3,1,3,"SR-13","CR-29",11,40.26082778,-82.45088611,0,12,1,0,2,3,0,1,1,1,0,1,0,"0000000",8,46,8,58,9,26,0,0,0,1,0
39,390950,1,1,0,0,0,1,1,3,4220,20,11,2016,1,8,31,0,2,7,4,6,"NORTH SHORE ST","",0,40.73479722,-84.11035833,0,42,0,0,1,1,0,4,1,10,0,10,0,"0000000",8,32,8,35,88,88,0,0,0,1,1
39,390951,3,1,2,3,3,1,1,77,0,17,11,2016,5,10,58,0,1,4,1,3,"SR-13","",59,41.078325,-82.48696111,0,45,0,0,1,1,4,4,1,1,0,1,0,"0000000",11,34,11,46,12,15,0,0,0,1,0
39,390952,1,1,0,0,0,1,1,165,0,19,11,2016,7,2,47,0,1,4,1,2,"US-42","",141,39.46864167,-84.16631389,0,30,0,0,1,1,0,4,2,2,0,2,0,"0000000",2,45,2,54,88,88,0,0,0,1,0
39,390953,2,2,0,0,0,5,5,35,1680,7,11,2016,2,20,20,0,2,4,1,2,"US-422 KINSMAN RD","73RD ST",33,41.47900278,-81.63699444,0,5,0,0,2,3,0,1,3,1,0,1,0,"0000000",20,22,20,26,88,88,0,0,0,1,1
39,390954,1,1,0,0,0,2,2,127,0,12,11,2016,7,2,45,0,1,7,3,5,"TR-121","",0,39.77891389,-82.24668889,0,53,0,0,1,1,0,4,2,1,0,1,0,"0000000",3,26,3,40,88,88,0,0,0,1,0
39,390955,2,2,0,0,0,2,2,93,0,26,10,2016,4,14,34,0,1,4,1,3,"SR-58 ASHLAND OBERLIN","",99,41.20525833,-82.21678333,0,12,1,0,8,1,0,1,1,10,0,10,0,"0000000",15,0,15,13,16,14,0,0,0,1,0
39,390956,2,2,0,0,0,4,4,21,0,6,8,2016,7,19,25,0,1,5,1,2,"US-36","SR-559",273,40.142475,-83.52958611,0,12,6,0,2,2,0,1,1,1,0,1,0,"0000000",19,46,19,58,20,27,0,0,0,1,1
39,390957,2,2,0,0,0,2,2,63,0,7,10,2016,6,13,46,0,1,4,1,2,"US-224","",97,41.05873611,-83.70295833,0,12,2,0,1,1,0,1,1,1,0,1,0,"0000000",13,57,14,16,15,7,0,0,0,2,0
39,390958,2,2,0,0,0,3,3,15,0,8,11,2016,3,12,21,1,1,3,1,3,"SR-32","CR-101",17,39.0561,-83.98315833,0,12,6,0,2,2,0,1,1,10,0,10,0,"0000000",12,29,12,38,88,88,0,0,0,2,0
39,390959,1,1,0,1,1,1,1,153,70,26,10,2016,4,12,6,1,2,1,1,1,"I-77 VIETNAM VETERANS MEM HWY","SR-261 VERNON ODOM UNDERPASS",157,41.06398889,-81.57298333,0,8,0,1,18,1,0,1,1,10,0,10,0,"0000000",12,8,12,16,99,99,0,0,0,1,0
39,390960,2,2,0,0,0,3,3,17,2535,19,11,2016,7,11,24,0,1,5,1,3,"SR-128 HAMILTON CLEVES RD","",45,39.34918611,-84.60093611,0,12,6,0,1,1,0,1,1,2,0,2,0,"0000000",11,25,11,33,88,88,0,0,0,2,0
39,390961,2,2,0,0,0,3,3,99,0,20,11,2016,1,17,51,0,1,4,1,3,"SR-14","",77,40.90033056,-80.72176667,0,12,6,0,1,1,0,1,2,4,0,4,0,"0000000",17,51,17,57,18,32,0,0,0,1,0
39,390962,2,2,0,0,0,3,3,153,2030,28,10,2016,6,22,23,1,2,2,1,3,"SR-8","",63,41.14707222,-81.47513889,0,12,1,1,18,1,0,1,3,10,0,10,0,"0000000",23,27,23,34,23,45,0,0,0,1,1
39,390963,1,1,0,1,1,1,1,3,0,24,11,2016,5,18,38,0,1,5,1,3,"SR-81","",85,40.75188056,-84.25240556,0,8,0,0,1,1,0,1,2,1,0,1,0,"0000000",18,41,19,0,88,88,0,0,0,1,0
39,390964,2,2,0,0,0,2,2,113,3895,2,11,2016,4,13,9,1,2,3,2,4,"CR-74 WOODMAN DR","",0,39.697175,-84.12415833,0,12,2,0,1,1,0,1,1,1,0,1,0,"0000000",13,10,13,14,13,29,0,0,0,1,0
39,390965,2,1,1,0,0,1,1,17,3260,26,11,2016,7,18,17,0,2,7,4,6,"SANDERS DR","",0,39.4253,-84.5724,0,5,0,0,1,1,0,1,3,1,0,1,0,"0000000",18,18,18,23,18,33,0,0,0,1,0
39,390966,1,1,0,0,0,1,1,99,0,28,11,2016,2,14,4,1,1,1,31,1,"I-80","",0,41.13403056,-80.87433611,0,35,0,0,1,1,0,4,1,1,0,1,0,"0000000",14,12,14,20,88,88,0,0,0,1,0
39,390967,2,2,0,0,0,2,2,5,7928,28,11,2016,2,5,15,0,1,4,1,3,"SR-58","",74,41.01234167,-82.22232222,0,12,7,0,1,1,0,1,2,10,0,10,0,"0000000",5,16,5,26,5,54,0,0,0,1,0
39,390968,2,2,0,0,0,2,2,105,0,30,11,2016,4,13,15,1,2,3,1,3,"SR-7","",82,39.06336944,-82.02307778,0,12,2,0,1,1,0,1,1,10,0,10,0,"0000000",13,19,13,26,88,88,0,0,0,1,0
39,390969,2,2,0,0,0,2,2,93,0,5,11,2016,7,15,30,0,2,4,2,4,"CR-1 NORTH RIDGE RD","CR-33 COOPER FOSTER PARK RD",0,41.41819722,-82.15847778,0,12,7,0,1,1,0,1,1,1,0,1,0,"0000000",15,30,15,34,16,4,0,0,0,1,0
39,390970,1,1,0,0,0,1,1,93,4360,24,11,2016,5,22,6,0,2,3,1,6,"COLORADO AVE","",0,41.46549167,-82.15893889,0,33,0,0,1,1,0,4,3,2,0,2,0,"0000000",22,39,22,42,88,88,0,0,0,1,1
39,390971,2,2,0,0,0,3,3,89,0,6,12,2016,3,7,29,0,1,5,1,2,"US-62","",70,40.17284444,-82.64446389,0,12,2,0,1,1,0,1,1,2,0,2,0,"0000000",7,29,7,33,8,34,0,0,0,1,0
39,390972,1,1,0,0,0,2,2,49,1800,6,11,2016,1,4,0,1,2,3,1,3,"SR-317 HAMILTON RD","",110,39.91655833,-82.88056667,0,21,0,0,1,1,0,4,3,1,0,1,0,"0000000",4,5,4,16,4,21,0,0,0,1,1
39,390973,1,1,0,0,0,1,1,49,0,10,12,2016,7,3,28,1,2,2,1,3,"SR-315","",63,40.06321389,-83.03203056,0,21,0,0,1,1,0,4,3,1,0,1,0,"0000000",3,30,3,41,88,88,0,0,0,1,0
39,390974,1,1,0,0,0,1,1,89,0,18,11,2016,6,99,99,0,2,4,1,3,"SR-13 JACKSONTOWN RD","",0,39.92298611,-82.40923611,0,32,0,0,1,1,0,4,2,1,0,1,0,"0000000",7,38,7,44,88,88,0,0,0,1,1
39,390975,1,1,0,1,1,1,1,153,460,25,11,2016,6,22,43,0,2,7,4,6,"N VAN BUREN AVE","",0,41.01927778,-81.59475833,0,8,0,0,1,1,0,1,3,2,0,2,0,"0000000",22,43,22,46,23,11,0,0,0,1,0
39,390976,1,1,0,1,1,1,1,95,8120,19,11,2016,7,17,40,0,2,4,2,4,"CR-506 LAGRANGE ST","",0,41.67976667,-83.54091111,0,8,0,0,1,1,0,1,5,4,0,4,0,"0000000",17,42,17,48,18,4,0,0,0,1,0
39,390977,1,1,0,0,0,2,2,37,0,19,11,2016,7,15,37,0,1,4,1,2,"US-36","",210,40.11065,-84.46174167,0,38,0,0,1,1,0,4,1,10,0,10,0,"0000000",15,44,16,13,16,40,0,0,0,1,0
39,390978,2,2,0,0,0,5,5,129,0,21,11,2016,2,18,42,0,1,5,1,3,"SR-56","",291,39.51477222,-82.80026111,0,12,2,0,1,1,0,1,2,1,0,1,0,"0000000",20,46,21,6,21,41,0,0,0,1,0
39,390979,2,2,0,0,0,2,2,41,0,22,11,2016,3,0,59,1,1,3,1,2,"US-36","CR-56 WILSON RD",182,40.26618056,-82.92192778,0,12,1,0,3,2,0,1,2,1,0,1,0,"0000000",1,1,1,7,1,37,0,0,0,1,1
39,390980,1,1,0,1,1,1,1,35,1680,17,11,2016,5,16,45,1,2,1,1,1,"I-90","",102,41.46563889,-81.77769722,0,8,0,0,1,1,0,1,1,1,0,1,0,"0000000",16,52,16,55,88,88,0,0,0,1,0
39,390981,2,2,0,0,0,7,7,35,1680,27,10,2016,5,2,26,0,2,5,4,6,"W 140TH ST","",0,41.45513611,-81.79026667,0,12,1,0,1,1,0,1,3,2,0,2,0,"0000000",2,29,2,33,3,0,0,0,0,1,0
39,390982,1,1,0,0,0,3,3,95,8120,25,11,2016,6,1,59,1,2,3,1,3,"SR-65 SUMMIT ST","",52,41.66296111,-83.51429167,0,30,0,0,1,1,0,4,3,10,0,10,0,"0000000",2,3,2,8,2,33,0,0,0,1,1
39,390983,2,2,0,0,0,4,4,41,0,7,12,2016,4,18,38,0,2,4,1,3,"SR-257","",39,40.19246389,-83.13503056,0,12,2,0,1,1,0,1,2,10,0,10,0,"0000000",18,42,18,52,19,8,0,0,0,2,0
39,390984,1,1,0,0,0,2,2,141,0,26,11,2016,7,0,25,0,1,5,2,4,"CR-167 BLAIN HWY","",0,39.28628056,-83.10809167,0,52,0,0,1,1,0,4,2,10,0,10,0,"0000000",0,25,0,40,1,17,0,0,0,1,1
39,390985,3,3,0,0,0,4,4,49,1800,28,11,2016,2,2,55,1,2,3,1,3,"SR-23 HIGH ST","",10,39.81718889,-82.99875833,0,12,2,0,1,1,0,1,2,1,0,1,0,"0000000",3,7,3,15,3,35,0,0,0,1,1
39,390986,1,1,0,1,1,1,1,93,0,28,11,2016,2,17,25,1,1,3,1,3,"SR-18","",28,41.17030833,-82.28695556,0,8,0,0,1,1,0,1,2,10,0,10,0,"0000000",17,23,17,35,88,88,0,0,0,1,0
39,390987,1,1,0,0,0,1,1,61,1610,30,11,2016,4,1,20,0,2,4,2,4,"CR-359 CORBLY RD","RAINBOW LANE",0,39.09536111,-84.37485833,0,42,0,0,3,3,0,4,3,10,0,10,0,"0000000",1,23,1,35,2,20,0,0,0,1,0
39,390988,3,3,0,0,0,3,3,159,0,30,11,2016,4,14,43,1,1,2,1,2,"US-33","",215,40.15091667,-83.21886111,0,12,2,0,1,1,0,1,1,10,0,10,0,"0000000",14,43,14,49,88,88,0,0,0,1,1
39,390989,2,2,0,0,0,3,3,93,8660,1,8,2016,2,19,10,0,1,7,2,4,"CR-5 JONES RD","",0,41.14813889,-82.23024167,0,18,0,0,8,1,0,1,1,1,0,1,0,"0000000",19,13,19,30,20,15,14,0,0,1,0
39,390990,2,2,0,0,0,4,4,153,2030,15,11,2016,3,14,30,0,2,5,4,6,"MUNROE FALLS AVE","",0,41.14021111,-81.45095,0,12,2,0,1,1,0,1,1,10,0,10,0,"0000000",14,31,14,46,15,5,0,0,0,1,1
39,390991,2,2,0,0,0,4,4,169,0,9,12,2016,6,4,40,0,1,6,2,4,"CR-94A","",0,40.78769722,-81.78537778,0,12,6,0,1,1,0,1,2,4,0,4,0,"0000000",4,45,4,57,5,26,0,0,0,1,0
39,390992,1,1,0,0,0,1,1,103,1085,11,12,2016,1,2,46,0,2,5,4,6,"LAUREL RD","",0,41.22685278,-81.81085278,0,43,0,0,1,1,0,4,3,4,0,4,0,"0000000",2,49,2,54,88,88,0,0,0,1,1
39,390993,1,1,0,1,1,1,1,113,2090,15,12,2016,5,17,35,0,2,4,1,6,"N MAIN ST","ASHWOOD AVE",0,39.79744167,-84.21739722,0,8,0,0,3,3,0,1,3,10,0,10,0,"0000000",17,37,17,42,18,5,0,0,0,1,0
39,390994,1,1,0,0,0,1,1,49,0,1,12,2016,5,12,25,0,2,4,2,4,"CR-371 NOE BIXBY RD","TR-2393 SEDALIA DR",0,39.90786111,-82.86505,0,33,0,0,3,2,0,4,1,1,0,1,0,"0000000",12,27,12,32,12,53,0,0,0,1,0
39,390995,1,1,0,1,1,0,0,99,4420,3,10,2016,2,19,14,0,2,7,4,6,"QUEISNER AVE","",0,41.04203611,-80.53855278,0,8,0,0,8,1,0,1,5,10,0,10,0,"0000000",19,24,19,39,20,1,15,0,0,1,0
39,390996,1,1,0,0,0,1,1,167,0,26,11,2016,7,0,13,0,1,5,1,3,"SR-555","",176,39.44655278,-81.812575,0,34,0,0,1,1,0,4,2,10,0,10,0,"0000000",0,9,0,18,88,88,0,0,0,1,1
39,390997,1,1,0,0,0,1,1,141,0,1,12,2016,5,7,53,0,1,7,2,4,"CR-9 UPPER TWIN RD","",0,39.28038611,-83.22688333,0,21,0,0,1,1,0,4,1,10,0,10,0,"0000000",7,57,8,12,88,88,0,0,0,1,0
39,390998,1,1,0,0,0,1,1,47,0,5,12,2016,2,11,22,0,1,5,1,3,"SR-41","",280,39.70125833,-83.61113333,0,34,0,0,1,1,0,4,1,1,0,1,0,"0000000",11,23,11,32,88,88,0,0,0,1,1
39,390999,1,1,0,0,0,4,4,63,0,2,12,2016,6,14,17,1,1,1,1,1,"I-75","",67,40.94046111,-83.78022778,0,34,0,0,1,1,0,4,1,10,0,10,0,"0000000",14,23,14,34,15,22,0,0,0,1,0
39,391000,3,1,2,0,0,3,3,35,4970,3,12,2016,7,1,20,0,6,96,96,9,"NEWTON RD","BELMEADOW DR",0,41.38723333,-81.79285278,0,14,0,0,3,3,0,5,2,1,0,1,0,"0000000",1,21,1,27,1,51,0,0,0,1,1
39,391001,2,2,0,0,0,5,5,43,0,9,12,2016,6,8,5,1,1,1,31,1,"I-80","",129,41.32444444,-82.59694444,0,12,7,0,1,1,0,1,1,10,0,10,0,"0000000",8,36,9,11,10,20,0,0,0,1,0
39,391002,1,1,0,1,1,1,1,23,0,9,12,2016,6,18,32,0,2,5,1,3,"SR-41 TROY RD","TR-41 JACKSONVILLE RD",221,39.95343056,-83.86448889,0,8,0,0,3,3,0,1,2,10,0,10,0,"0000000",18,35,18,38,19,7,0,0,0,1,0
39,391003,1,1,0,0,0,1,1,39,0,10,12,2016,7,23,28,0,1,7,2,6,"DEFIANCE WILLIAMS COUNTY LINE","",0,41.42498889,-84.38503056,0,24,0,0,1,1,0,4,2,4,0,4,0,"0000000",23,26,23,41,0,16,0,0,0,1,1
39,391004,2,2,0,0,0,2,2,99,0,13,12,2016,3,13,38,0,1,5,1,3,"SR-534","",123,41.08343611,-80.958825,0,12,2,0,1,1,0,1,1,4,0,4,0,"0000000",13,27,13,30,99,99,0,0,0,1,0
39,391005,3,3,0,0,0,3,3,49,1800,19,12,2016,2,2,51,0,2,5,4,6,"N CASSADY AVE","",0,40.01171944,-82.92931111,0,12,1,0,1,1,0,1,3,4,0,4,0,"0000000",2,55,3,0,3,29,0,0,0,1,2
39,391006,2,2,0,0,0,2,2,151,1320,1,10,2016,7,20,6,0,2,4,4,6,"THE OJAYS PARKWAY","LIPPERT RD",0,40.80270833,-81.35996667,0,12,6,0,2,7,0,1,3,1,0,1,0,"0000000",20,14,20,21,20,36,0,0,0,1,1
39,391007,2,2,0,0,0,2,2,61,1610,1,11,2016,3,19,1,0,2,5,4,4,"CR-663 LINCOLN AVE","WINSLOW AVE",0,39.13281944,-84.49585,0,12,6,0,2,3,0,1,3,1,0,1,0,"0000000",19,3,19,6,19,20,0,0,0,1,0
39,391008,1,1,0,0,0,1,1,49,1800,13,11,2016,1,0,0,0,2,4,2,4,"CR-124 PARSONS AVE","",0,39.91316389,-82.98518889,0,21,0,0,1,1,0,4,3,1,0,1,0,"0000000",0,3,0,5,0,58,0,0,0,1,0
39,391009,1,1,0,2,2,1,1,35,2840,8,10,2016,7,18,23,0,2,4,4,6,"E 131ST ST","REXWOOD AVE",0,41.43653611,-81.59108889,0,8,0,0,3,2,0,1,5,1,0,1,0,"0000000",18,25,18,25,18,50,0,0,0,2,0
39,391010,1,1,0,0,0,1,1,85,4920,23,11,2016,4,21,46,1,2,1,1,1,"I-90 NORTH SOUTH FREEWAY","TR-1294 GARFIELD RD OVERPASS",87,41.64402222,-81.35365,0,24,0,0,1,1,0,3,2,1,0,1,0,"0000000",9,50,9,57,10,25,0,0,0,1,0
39,391012,2,2,0,0,0,2,2,173,0,10,12,2016,7,6,35,1,1,3,1,2,"US-6","CR-15 PEMBERVILLE RD",233,41.34868333,-83.45572222,0,12,6,0,2,2,0,1,2,10,0,10,0,"0000000",6,51,7,20,7,50,0,0,0,1,0
39,391014,2,1,1,1,1,1,1,49,0,17,12,2016,7,0,9,1,2,1,1,1,"I-270","",2,39.89538889,-83.04536944,0,14,0,0,1,1,0,4,3,2,0,2,0,"0000000",0,34,0,44,1,13,0,0,0,1,0
39,391015,2,2,0,0,0,2,2,49,1800,18,12,2016,1,14,38,0,2,5,4,6,"GODOWN RD","",0,40.06378056,-83.05695,0,12,2,0,1,1,0,1,1,10,0,10,0,"0000000",14,46,14,53,15,15,0,0,0,1,0
39,391016,1,1,0,0,0,2,2,153,0,10,12,2016,7,0,29,0,2,4,2,4,"CR-17 CLEVELAND MASSILLON RD","TR-2054 SUNNYFIELD DR",0,41.09748611,-81.64465833,0,30,0,0,3,3,0,4,2,10,0,10,0,"0000000",0,32,0,35,1,3,0,0,0,1,1
39,391017,2,2,0,0,0,2,2,7,0,10,12,2016,7,7,40,0,1,4,1,2,"US-322 MAYFIELD RD","",9,41.53535,-80.9889,0,12,6,0,1,1,0,1,1,10,0,10,0,"0000000",7,44,7,55,8,48,0,0,0,1,0
39,391019,1,1,0,0,0,3,3,41,0,14,12,2016,4,2,32,0,2,4,1,2,"US-42","",110,40.317825,-83.03965556,0,34,0,0,1,1,0,4,2,10,0,10,0,"0000000",2,30,2,38,2,52,0,0,0,1,1
39,391020,1,1,0,1,1,1,1,27,0,15,12,2016,5,6,50,1,2,2,1,3,"SR-73","",107,39.46613056,-83.80500556,0,8,0,0,1,1,0,1,2,1,0,1,0,"0000000",6,56,7,2,88,88,0,0,0,1,0
39,391021,2,2,0,0,0,3,3,109,0,11,12,2016,1,11,6,0,1,6,2,4,"CR-41 NASHVILLE RD","",0,39.99041944,-84.26310833,0,12,6,0,1,1,0,1,1,10,0,10,0,"0000000",11,6,11,15,12,14,0,0,0,2,0
39,391022,1,1,0,0,0,1,1,97,0,16,12,2016,6,23,51,0,1,5,1,3,"SR-38","",198,39.97740278,-83.43418889,0,30,0,0,1,1,0,4,2,3,0,3,0,"0000000",23,53,0,6,88,88,0,0,0,1,0
39,391023,2,2,0,0,0,2,2,173,0,21,12,2016,4,7,13,0,1,5,1,3,"SR-199","",48,41.22663889,-83.46833056,0,12,2,0,1,1,0,1,4,10,0,10,0,"0000000",88,88,88,88,88,88,0,0,0,1,0
39,391024,1,1,0,0,0,3,3,41,0,13,12,2016,3,11,27,0,1,4,1,3,"SR-37","",58,40.32038333,-83.13428611,0,42,0,0,1,1,0,4,1,4,0,4,0,"0000000",11,28,11,33,12,2,0,0,0,1,0
39,391025,1,1,0,0,0,1,1,153,70,30,9,2016,6,23,48,0,2,5,2,4,"CR-667 ROMIG RD","SR-667 VERNON ODOM BLVD",0,41.05928333,-81.58143611,0,33,0,0,3,2,0,4,3,10,0,10,0,"0000000",23,47,23,54,88,88,0,0,0,1,1
39,391027,3,1,2,0,0,2,2,61,1610,26,11,2016,7,0,17,0,2,7,4,6,"EARLSCOURT VIEW","",0,39.12150833,-84.42467222,0,5,0,0,1,1,0,1,3,10,0,10,0,"0000000",0,35,0,40,88,88,14,20,0,1,0
39,391028,2,1,1,2,2,1,1,9,0,15,12,2016,5,13,40,0,1,3,1,2,"US-50","",195,39.32399444,-81.99492222,0,14,0,0,1,1,0,4,1,1,0,1,0,"0000000",13,42,13,54,88,88,15,0,0,1,0
39,391029,1,1,0,0,0,5,5,59,1260,17,12,2016,7,1,45,1,1,1,1,1,"I-70","",63,40.00832222,-81.61759444,0,35,0,0,1,1,0,3,2,3,0,3,0,"0000000",1,51,1,54,2,55,0,0,0,2,0
39,391030,2,2,0,0,0,4,4,49,0,24,12,2016,7,15,40,1,2,1,1,1,"I-270","",19,39.90318611,-83.07133889,0,12,6,0,1,1,0,1,1,1,0,1,0,"0000000",15,43,15,48,16,6,0,0,0,4,1
39,391031,3,3,0,0,0,4,4,21,0,28,9,2016,4,18,27,0,1,5,2,4,"CR-223 LUDLOW ST","CR-74 KANAGY RD",0,40.21086389,-83.701475,0,12,6,0,2,2,0,1,1,10,0,10,0,"0000000",18,29,18,39,19,32,14,0,0,1,0
39,391032,2,2,0,0,0,6,6,41,2150,15,12,2016,5,20,42,0,2,4,1,2,"US-42","",100,40.31299444,-83.047525,0,12,6,0,4,1,0,1,2,10,0,10,0,"0000000",20,45,21,14,22,4,0,0,0,1,1
39,391033,1,1,0,0,0,1,1,45,4050,17,12,2016,7,15,39,0,2,5,2,4,"CR-56 SHERIDAN DR","FREDRICK ST",0,39.72189444,-82.57853056,0,33,0,0,3,3,0,4,1,10,0,10,0,"0000000",15,43,15,45,16,3,0,0,0,1,1
39,391034,1,1,0,1,1,1,1,17,3260,17,12,2016,7,18,23,0,2,5,2,4,"CR-730 LAUREL AVE","ELMO AVE",0,39.36976111,-84.55959722,0,8,0,0,2,3,0,1,3,2,0,2,0,"0000000",18,24,18,32,18,47,0,0,0,1,0
39,391035,1,1,0,0,0,1,1,93,4360,17,12,2016,7,12,17,0,2,4,2,4,"CR-33 COOPER FOSTER PARK RD","",0,41.41823333,-82.17328889,0,53,0,0,1,1,0,4,1,2,0,2,0,"0000000",12,19,12,25,88,88,0,0,0,1,0
39,391036,1,1,0,0,0,2,2,117,0,18,12,2016,1,18,14,0,1,7,2,4,"CR-170 BENNINGTON HARMONY-CENT","",0,40.43190278,-82.78605833,0,42,0,0,1,1,0,4,2,1,0,1,0,"0000000",18,14,18,31,99,99,0,0,0,1,1
39,391037,2,2,0,0,0,4,4,21,0,7,7,2016,5,0,19,0,1,7,2,4,"CR-33 CALLAND RD","",0,40.21923889,-83.86463056,0,12,2,0,1,1,0,1,2,1,0,1,0,"0000000",0,34,0,50,1,38,0,0,0,1,1
39,391038,1,1,0,1,1,1,1,49,1800,18,12,2016,1,2,45,0,2,4,2,4,"CR-143 SULLIVANT AVE","",0,39.94345556,-83.07874444,0,8,0,0,1,1,0,1,3,10,0,10,0,"0000000",2,52,2,59,3,7,0,0,0,1,0
39,391039,1,1,0,0,0,1,1,151,0,30,11,2016,4,11,50,0,1,5,1,3,"SR-241","",17,40.75460833,-81.63185556,0,35,0,0,1,1,0,4,1,10,0,10,0,"0000000",11,58,12,7,12,33,0,0,0,1,0
39,391040,1,1,0,0,0,2,2,93,4360,19,12,2016,2,23,49,0,2,5,2,4,"CR-606 36TH ST","FULTON RD",0,41.43766389,-82.14599167,0,33,0,0,3,3,0,4,3,1,0,1,0,"0000000",23,51,23,56,88,88,0,0,0,2,1
39,391041,1,1,0,1,1,1,1,95,8120,10,12,2016,7,15,5,0,1,5,4,6,"W BANCROFT ST","BRANCASTER RD",0,41.66176389,-83.679025,0,8,0,0,2,3,0,1,1,1,0,1,0,"0000000",15,10,15,17,15,37,0,0,0,1,0
39,391042,1,1,0,0,0,1,1,157,0,19,12,2016,2,16,59,0,1,5,2,4,"CR-94","",0,40.59771667,-81.62026667,0,24,0,0,1,1,0,4,1,10,0,10,0,"0000000",17,2,17,10,17,34,0,0,0,1,0
39,391043,1,1,0,1,1,1,1,61,1610,21,12,2016,4,14,49,1,2,3,2,4,"CR-612 MADISON RD","VANDERCAR WAY",0,39.15758333,-84.42269722,0,8,0,0,2,3,0,1,1,1,0,1,0,"0000000",14,50,14,58,15,11,0,0,0,1,0
39,391044,1,1,0,0,0,1,1,23,0,21,12,2016,4,20,35,0,1,7,2,4,"CR-354 TARBUTTON RD","",0,39.97272222,-83.63336111,0,42,0,0,1,1,0,4,2,1,0,1,0,"0000000",20,35,20,47,88,88,0,0,0,1,0
39,391045,1,1,0,0,0,1,1,113,2090,26,12,2016,2,13,57,0,2,7,4,6,"ARLENE AVE","",0,39.79196667,-84.26236389,0,42,0,0,1,1,0,4,1,10,0,10,0,"0000000",13,57,14,3,88,88,0,0,0,1,0
39,391046,5,5,0,0,0,7,7,139,4680,4,10,2016,3,17,19,1,2,2,1,2,"US-30","",99,40.77431667,-82.54928333,0,12,1,1,18,1,0,1,1,10,0,10,0,"0000000",17,19,17,25,17,38,0,0,0,1,0