"STATE","ST_CASE","VE_TOTAL","VE_FORMS","PVH_INVL","PEDS","PERNOTMVIT","PERMVIT","PERSONS","COUNTY","CITY","DAY","MONTH","YEAR","DAY_WEEK","HOUR","MINUTE","NHS","RUR_URB","FUNC_SYS","RD_OWNER","ROUTE","TWAY_ID","TWAY_ID2","MILEPT","LATITUDE","LONGITUD","SP_JUR","HARM_EV","MAN_COLL","RELJCT1","RELJCT2","TYP_INT","WRK_ZONE","REL_ROAD","LGT_COND","WEATHER1","WEATHER2","WEATHER","SCH_BUS","RAIL","NOT_HOUR","NOT_MIN","ARR_HOUR","ARR_MIN","HOSP_HR","HOSP_MN","CF1","CF2","CF3","FATALS","DRUNK_DR"
39,391047,1,1,0,0,0,1,1,93,7480,30,10,2016,1,2,1,0,2,7,3,6,"BOND AVE","",0,41.42097222,-82.11387778,0,42,0,0,1,1,0,4,3,10,0,10,0,"0000000",2,3,2,15,2,46,0,0,0,1,1
39,391048,2,2,0,0,0,4,4,55,0,17,10,2016,2,17,8,0,2,4,2,4,"CR-606 WASHINGTON ST","",0,41.40764722,-81.32837222,0,12,6,0,4,1,0,1,1,1,0,1,0,"0000000",17,14,17,21,17,37,0,0,0,1,0
39,391049,1,1,0,0,0,2,2,61,0,16,11,2016,4,16,33,9,6,96,96,9,"PADDYS RUN RD","",0,39.30224722,-84.70174167,0,34,0,0,1,1,0,4,1,1,0,1,0,"0000000",16,45,16,58,17,32,0,0,0,1,0
39,391050,1,1,0,1,1,1,1,107,0,20,12,2016,3,17,50,0,1,5,1,3,"SR-219","",146,40.49864722,-84.54097222,0,8,0,0,1,1,0,1,2,1,0,1,0,"0000000",17,52,18,1,18,16,0,0,0,1,0
39,391051,2,2,0,0,0,2,2,63,0,3,11,2016,5,21,46,0,2,4,2,4,"CR-212","",0,41.08038611,-83.61163333,0,12,11,0,1,1,0,1,3,1,0,1,0,"0000000",21,50,21,53,22,21,0,0,0,1,0
39,391052,3,3,0,0,0,5,5,129,1620,1,12,2016,5,15,39,0,2,3,1,2,"US-23","",93,39.61054444,-82.94918611,1,12,6,0,1,1,0,1,1,10,0,10,0,"0000000",15,50,16,0,16,53,0,0,0,1,0
39,391053,1,1,0,1,1,2,2,95,8120,20,12,2016,3,20,30,0,1,7,1,6,"AIRPORT HWY","",0,41.62281389,-83.63301111,0,8,0,0,1,1,0,1,3,1,0,1,0,"0000000",20,32,20,35,88,88,0,0,0,1,0
39,391054,2,2,0,0,0,3,3,83,0,22,12,2016,5,19,24,0,1,6,2,4,"CR-19 JOHNSTOWN RD","",0,40.34665278,-82.55468611,0,12,2,0,1,1,0,1,2,1,0,1,0,"0000000",19,23,19,33,20,37,0,0,0,1,0
39,391055,1,1,0,1,1,2,2,157,0,21,12,2016,4,19,6,1,1,1,1,1,"I-71","",161,40.43666667,-81.52277778,0,8,0,0,1,1,0,1,2,10,0,10,0,"0000000",19,6,19,26,88,88,0,0,0,1,0
39,391056,1,1,0,1,1,1,1,41,735,22,12,2016,5,21,33,1,2,1,1,1,"I-71","",68,40.22518889,-82.92946667,0,8,0,0,1,1,0,4,2,1,0,1,0,"0000000",21,48,21,58,88,88,0,0,0,1,0
39,391057,1,1,0,1,1,1,1,49,1800,22,12,2016,5,16,15,1,2,3,2,4,"CR-600 HIGH ST","PATTERSON AVE",0,40.01020833,-83.01019722,0,8,0,0,3,2,0,1,1,10,0,10,0,"0000000",16,17,16,21,17,12,0,0,0,1,0
39,391058,1,1,0,0,0,1,1,105,0,23,12,2016,6,19,7,0,1,5,1,3,"SR-325","",0,39.03746389,-82.21851944,0,42,0,0,1,1,0,4,2,2,0,2,0,"0000000",18,58,19,15,19,45,0,0,0,1,0
39,391060,3,3,0,0,0,3,3,99,9230,21,10,2016,6,11,12,0,2,5,4,6,"CENTER ST","",0,41.07925,-80.62223056,0,12,9,0,1,1,0,1,1,2,0,2,0,"0000000",12,2,12,7,12,30,0,0,0,1,0
39,391061,2,2,0,0,0,3,3,61,0,11,12,2016,1,2,1,1,1,1,1,1,"I-275","",41,39.19156667,-84.77143056,0,12,6,0,1,1,0,1,2,10,0,10,0,"0000000",2,9,2,20,2,53,0,0,0,1,1
39,391062,1,1,0,0,0,1,1,17,0,23,12,2016,6,19,22,0,1,5,1,3,"SR-177","",63,39.47980556,-84.64325,0,34,0,0,1,1,0,4,2,2,0,2,0,"0000000",88,88,88,88,88,88,0,0,0,1,1
39,391063,1,1,0,0,0,1,1,1,0,29,12,2016,5,14,52,0,1,4,1,3,"SR-41","",179,38.85155833,-83.48048333,0,59,0,0,1,1,0,4,1,10,0,10,0,"0000000",14,56,15,3,16,30,0,0,0,1,0
39,391064,1,1,0,1,1,1,1,35,1680,22,12,2016,5,19,10,1,2,3,1,2,"US-6 SUPERIOR AVE","CR-1596 EAST BLVD",196,41.52064444,-81.61815556,0,8,0,0,2,7,0,1,3,10,0,10,0,"0000000",19,13,19,21,88,88,0,0,0,1,0
39,391065,1,1,0,0,0,1,1,49,2270,21,12,2016,4,2,30,0,2,4,4,6,"MUIRFIELD DR","",0,40.13711389,-83.14735,0,1,0,0,1,1,0,4,3,1,0,1,0,"0000000",2,36,2,42,88,88,0,0,0,1,1
39,391066,1,1,0,0,0,1,1,63,0,23,12,2016,6,0,24,0,1,6,2,4,"CR-86","",0,41.02981389,-83.74963333,0,34,0,0,1,1,0,4,2,1,0,1,0,"0000000",0,29,0,44,88,88,0,0,0,1,0
39,391067,1,1,0,0,0,2,2,103,0,28,12,2016,4,3,30,0,1,7,3,5,"TR-148 BELL RD","",0,40.99225556,-81.8448,0,35,0,0,1,1,0,4,2,1,0,1,0,"0000000",3,33,3,59,88,88,0,0,0,1,1
39,391068,1,1,0,1,1,1,1,61,1610,11,10,2016,3,20,7,0,2,5,1,6,"CENTRAL AVE","",0,39.10485556,-84.52022222,0,8,0,0,1,1,0,1,3,1,0,1,0,"0000000",20,7,20,10,20,30,0,0,0,1,0
39,391070,2,2,0,0,0,4,4,151,6348,25,12,2016,1,19,39,0,1,4,1,3,"SR-183","",87,40.78061667,-81.09555278,0,12,6,0,1,1,0,1,2,10,0,10,0,"0000000",19,45,19,51,20,42,0,0,0,1,0
39,391071,2,2,0,0,0,3,3,93,2480,6,10,2016,5,4,52,0,1,4,1,3,"SR-57 LORAIN BLVD","BEECHWOOD DR",207,41.41010278,-82.11802778,0,12,1,0,3,3,0,1,3,1,0,1,0,"0000000",8,53,8,59,9,31,0,0,0,1,0
39,391072,1,1,0,0,0,2,2,165,2710,12,10,2016,4,1,15,0,2,3,1,3,"SR-73 VERITY PKWY","",16,39.54933333,-84.32931944,0,1,0,0,1,1,0,3,2,1,0,1,0,"0000000",5,16,5,25,5,47,0,0,0,1,0
39,391073,3,3,0,0,0,5,5,57,558,12,10,2016,4,6,54,0,1,4,2,4,"CR-142 DAYTON XENIA RD","",0,39.72524444,-84.04958611,0,12,1,0,1,1,0,1,4,1,0,1,0,"0000000",6,55,7,1,7,23,14,0,0,1,0
39,391074,1,1,0,0,0,1,1,95,8120,25,12,2016,1,14,0,0,2,3,1,3,"SR-246 DORR ST","",14,41.6527,-83.6362,0,33,0,0,1,1,0,4,1,10,0,10,0,"0000000",14,0,14,5,88,88,0,0,0,1,0
39,391075,3,3,0,0,0,4,4,171,6540,28,12,2016,4,10,46,0,1,7,4,6,"PIONEER AVE","SR-15",0,41.67469167,-84.55408333,0,12,1,0,2,3,0,1,1,1,0,1,0,"0000000",10,53,11,16,12,4,0,0,0,1,0
39,391076,2,2,0,0,0,2,2,107,1430,28,12,2016,4,12,45,0,1,5,1,3,"SR-703 GRAND LAKE RD","SR-29 MARKET ST",50,40.54853611,-84.55145,0,12,1,0,2,2,0,1,1,1,0,1,0,"0000000",13,10,13,15,13,42,0,0,0,1,0
39,391077,1,1,0,1,1,1,1,61,7570,22,9,2016,5,21,35,0,2,5,2,4,"CR-332 SECTION RD","TR-17 OHIO AVE",0,39.19396389,-84.40472222,0,15,0,0,2,2,0,1,3,1,0,1,0,"0000000",21,35,21,38,21,48,0,0,0,1,1
39,391078,1,1,0,1,1,1,1,151,0,10,12,2016,7,22,40,1,2,3,1,2,"US-62","TR-1728 ROWLAND AVE",244,40.83080278,-81.35911111,0,8,0,0,99,99,0,1,2,1,0,1,0,"0000000",22,45,22,45,22,57,0,0,0,1,0
39,391079,1,1,0,0,0,1,1,61,0,18,10,2016,3,16,4,1,2,1,1,1,"I-275","",12,39.16185556,-84.81145,0,21,0,1,19,1,0,4,1,10,0,10,0,"0000000",16,38,16,59,17,8,0,0,0,1,0
39,391080,3,3,0,2,2,10,10,61,2652,26,12,2016,2,21,5,0,2,4,4,6,"WINTON RD","",0,39.28841389,-84.52317778,0,8,0,0,1,1,0,1,2,2,0,2,0,"0000000",21,5,21,7,21,28,0,0,0,1,0
39,391081,1,1,0,0,0,2,2,119,9260,24,12,2016,7,3,2,0,2,5,2,4,"CR-723 NORTHPOINTE DR","",0,40.01396111,-82.02247222,0,30,0,0,1,1,0,4,3,2,0,2,0,"0000000",3,4,3,11,3,31,0,0,0,1,1
39,391082,2,2,0,0,0,2,2,95,8120,27,12,2016,3,4,15,0,2,5,4,6,"BENNETT RD","",0,41.71257778,-83.55643889,0,12,2,0,1,1,0,1,3,1,0,1,0,"0000000",4,16,4,21,99,99,0,0,0,1,0
39,391083,1,1,0,0,0,1,1,69,0,25,12,2016,1,4,52,0,1,5,1,3,"SR-18","",0,41.22520833,-83.99686667,0,35,0,0,1,1,0,4,2,98,0,98,0,"0000000",4,54,5,4,88,88,0,0,0,1,0
39,391084,6,1,5,0,5,1,6,57,558,5,11,2016,7,15,5,0,2,4,4,6,"N FAIRFIELD RD","",0,39.73511667,-84.05768889,0,42,0,0,1,1,0,4,1,1,0,1,0,"0000000",15,7,15,15,15,33,14,0,0,1,1
39,391085,2,2,0,0,0,2,2,89,2519,8,11,2016,3,10,30,0,2,7,1,6,"NATIONAL RD","",0,39.95679167,-82.72666667,0,12,6,0,8,1,0,1,1,10,0,10,0,"0000000",10,31,10,35,11,11,0,0,0,1,0
39,391086,1,1,0,0,0,2,2,35,4685,19,11,2016,7,3,9,0,2,4,1,3,"SR-17 LIBBY RD","",199,41.41702222,-81.53615833,0,33,0,0,1,1,0,4,3,1,0,1,0,"0000000",3,11,3,16,88,88,0,0,0,1,1
39,391087,1,1,0,0,0,1,1,155,4365,13,7,2016,4,15,18,0,2,5,1,6,"TOD AVE","",0,41.20133889,-80.847525,0,43,0,0,1,1,0,4,1,1,0,1,0,"0000000",15,36,15,53,16,20,0,0,0,1,0
39,391088,2,2,0,0,0,2,2,61,0,29,10,2016,7,3,0,1,2,1,1,1,"I-74","",71,39.20973611,-84.71783333,0,12,1,0,1,1,0,1,2,1,0,1,0,"0000000",3,11,3,22,88,88,0,0,0,1,1
39,391089,1,1,0,0,0,1,1,17,0,16,12,2016,6,20,8,0,2,3,1,3,"SR-747 PRINCETON GLENDALE RD","",0,39.37714722,-84.45479722,0,38,0,0,1,1,0,4,3,1,0,1,0,"0000000",20,9,20,22,20,55,0,0,0,1,0
39,391090,2,1,1,0,0,1,1,13,4780,22,10,2016,7,11,2,1,2,3,4,3,"SR-7","",243,40.12823056,-80.71106111,0,14,0,0,1,1,0,4,1,10,0,10,0,"0000000",11,8,11,15,11,55,0,0,0,1,0
39,391091,1,1,0,1,1,1,1,35,1680,7,12,2016,4,7,5,0,2,3,4,6,"ROCKWELL AVE","EAST ROADWAY AVE",0,41.50069167,-81.69359444,0,8,0,0,2,3,0,1,1,10,0,10,0,"0000000",7,8,7,16,7,37,0,0,0,1,0
39,391092,2,2,0,0,0,2,2,153,70,11,12,2016,1,13,27,1,2,1,1,1,"I-76W","",131,41.06255833,-81.47981111,0,12,6,0,1,1,0,1,1,4,0,4,0,"0000000",13,30,13,40,14,10,0,0,0,1,0
39,391093,1,1,0,1,1,1,1,153,70,8,11,2016,3,20,28,1,2,3,2,4,"CR-50A MAIN ST","CR-700 MILLER AVE",0,41.05648333,-81.52900833,0,9,0,0,2,7,0,1,3,2,0,2,0,"0000000",20,29,20,32,20,48,0,0,0,1,0
39,391094,2,2,0,0,0,4,4,153,70,23,12,2016,6,19,38,0,2,4,4,6,"N PORTAGE PATH","SUNNYSIDE AVE",0,41.11215556,-81.54857778,0,12,6,0,2,3,0,1,3,1,0,1,0,"0000000",19,40,19,46,19,58,0,0,0,1,1
39,391095,3,3,0,0,0,5,5,153,2030,22,11,2016,3,12,6,0,2,4,4,6,"BROAD BLVD","21ST ST",0,41.13456111,-81.50735,0,12,6,0,2,2,0,1,1,1,0,1,0,"0000000",12,7,12,12,12,33,0,0,0,1,0
39,391096,2,2,0,0,0,4,4,113,6990,21,3,2016,2,12,21,1,2,2,1,2,"US-35","",206,39.74281389,-84.11037222,0,12,1,0,1,1,0,1,1,1,0,1,0,"0000000",12,23,12,28,12,46,0,0,0,1,0
39,391097,2,2,0,0,0,2,2,35,6360,28,11,2016,2,17,42,1,2,3,1,3,"SR-3","RIDGEFIELD RD",92,41.40680833,-81.73451111,0,12,1,0,3,3,0,1,3,10,0,10,0,"0000000",17,45,17,49,88,88,0,0,0,1,0
39,391098,1,1,0,1,1,1,1,89,2519,28,12,2016,4,17,46,0,2,7,3,5,"TR-38 COLUMBIA RD","",0,39.96651667,-82.69445556,0,8,0,0,1,1,0,1,2,1,0,1,0,"0000000",17,47,17,52,18,19,0,0,0,1,1
39,391099,1,1,0,0,0,1,1,151,0,24,9,2016,7,2,10,0,2,7,3,5,"TR-1642 31ST ST","",0,40.83186389,-81.36196944,0,41,0,0,1,1,0,4,2,1,0,1,0,"0000000",2,10,2,15,2,31,0,0,0,1,1
39,391100,1,1,0,1,1,1,1,153,70,2,12,2016,6,19,22,0,2,5,2,4,"CR-628 DIAGONAL RD","",0,41.07109722,-81.558725,0,8,0,0,1,1,0,1,3,10,0,10,0,"0000000",19,23,19,27,88,88,0,0,0,1,0
40,400001,1,1,0,1,1,1,1,109,3170,1,1,2016,6,0,45,0,2,3,1,2,"US-62","",57,35.49305278,-97.36387778,0,9,0,0,1,1,0,1,3,1,0,1,0,"0000000",99,99,99,99,99,99,0,0,0,1,0
40,400002,1,1,0,0,0,2,2,65,0,1,1,2016,6,1,2,0,1,6,2,4,"CR-185","",49,34.447,-99.6561,0,42,0,0,1,1,0,4,2,1,0,1,0,"0000000",0,58,1,24,88,88,0,0,0,1,1
40,400003,1,1,0,0,0,1,1,49,0,2,1,2016,7,9,14,0,1,5,1,3,"SR-29","",49,34.6515,-97.0869,0,38,0,0,1,1,0,4,1,1,0,1,0,"0000000",99,99,99,99,88,88,0,0,0,1,0
40,400004,2,2,0,0,0,2,2,147,0,3,1,2016,1,13,5,1,1,3,1,2,"US-75","",126,36.6042,-95.9353,0,12,1,0,8,1,0,1,1,1,0,1,0,"0000000",99,99,99,99,99,99,0,0,0,1,0
40,400005,2,2,0,0,0,4,4,115,0,3,1,2016,1,16,21,0,1,5,1,3,"SR-10","",2,36.671,-94.7069,0,12,2,0,1,1,0,1,1,1,0,1,0,"0000000",16,19,16,30,17,8,0,0,0,2,1
40,400006,2,2,0,0,0,3,3,143,4780,3,1,2016,1,16,55,0,2,4,4,6,"S SHERIDAN RD","",0,36.1489,-95.90463056,0,12,6,0,8,1,0,1,5,1,0,1,0,"0000000",17,13,17,19,88,88,0,0,0,1,1
40,400007,1,1,0,0,0,1,1,97,0,4,1,2016,2,7,45,0,1,5,1,3,"SR-82","",56,36.2747,-95.1433,0,17,0,0,1,1,0,4,1,1,0,1,0,"0000000",88,88,88,88,88,88,0,0,0,1,0
40,400008,2,2,0,0,0,4,4,51,0,4,1,2016,2,8,0,1,1,3,1,2,"US-81","CS-2830",117,34.8463,-97.9556,0,12,6,0,2,3,0,1,1,1,0,1,0,"0000000",8,5,8,29,9,3,0,0,0,2,0
40,400009,1,1,0,1,1,1,1,133,0,4,1,2016,2,18,58,0,1,4,1,2,"US-270","",57,35.19033333,-96.59993056,0,8,0,0,1,1,0,1,1,1,0,1,0,"0000000",18,58,19,3,88,88,0,0,0,1,0
40,400010,1,1,0,0,0,1,1,85,0,5,1,2016,3,6,33,1,1,1,1,1,"I-35","",0,33.9842,-97.1356,0,42,0,0,1,1,0,3,2,1,0,1,0,"0000000",6,30,6,40,88,88,0,0,0,1,0
40,400011,2,2,0,0,0,3,3,31,0,6,1,2016,4,7,48,1,1,3,1,2,"US-62","",74,34.6334,-98.6964,0,12,1,0,1,1,0,1,1,1,0,1,0,"0000000",99,99,99,99,99,99,0,0,0,1,0
40,400012,3,3,0,0,0,3,3,109,3550,6,1,2016,4,16,16,1,2,3,1,3,"SR-3","N INDEPENDENCE AVE",0,35.53024722,-97.57516389,0,12,1,0,3,2,0,1,1,10,0,10,0,"0000000",16,17,16,27,16,56,0,0,0,1,0
40,400013,1,1,0,0,0,4,4,15,0,8,1,2016,6,7,46,1,1,1,1,1,"I-44","",0,34.8907,-98.0933,0,24,0,0,1,1,0,4,1,10,0,10,0,"0000000",8,0,8,23,9,14,0,0,0,1,0
40,400014,3,3,0,0,0,5,5,125,0,8,1,2016,6,16,4,0,1,4,1,2,"US-270","CR-EW121",75,35.26,-96.7882,0,12,1,0,2,2,0,1,1,3,0,3,0,"0000000",16,3,16,4,88,88,0,0,0,2,0
40,400015,2,2,0,0,0,8,8,97,0,8,1,2016,6,23,37,1,1,3,1,2,"US-69","",73,36.1142,-95.3596,0,12,6,0,1,1,0,1,2,2,0,2,0,"0000000",23,38,0,0,1,3,0,0,0,6,0
40,400016,2,2,0,0,0,2,2,27,3550,10,1,2016,1,2,55,0,1,5,4,6,"SE 149TH ST","",0,35.31971944,-97.38735556,0,12,2,0,1,1,0,1,2,1,0,1,0,"0000000",2,58,3,14,99,99,0,0,0,1,2
40,400017,1,1,0,0,0,2,2,51,0,10,1,2016,1,3,58,1,1,1,1,1,"I-44","",0,35.2028,-97.7367,0,52,0,0,1,1,0,4,2,10,0,10,0,"0000000",3,56,4,11,5,18,0,0,0,1,1
40,400018,1,1,0,0,0,1,1,3,0,12,1,2016,3,7,10,0,1,7,2,4,"CR-0280","",0,36.6087,-98.5057,0,10,0,0,6,1,0,1,2,1,0,1,0,"673907W",7,17,7,43,8,38,0,0,0,1,0
40,400019,1,1,0,0,0,1,1,73,0,12,1,2016,3,13,46,1,1,3,1,2,"US-81","",54,35.932,-97.9161,0,24,0,0,1,1,0,4,1,1,0,1,0,"0000000",13,46,13,52,88,88,20,0,0,1,0
40,400020,2,2,0,0,0,2,2,109,3550,15,1,2016,6,1,38,0,2,4,4,6,"NE 63RD ST","I-44 EXIT RAMP",0,35.53701111,-97.47673611,0,12,6,1,5,1,0,1,3,1,0,1,0,"0000000",1,40,1,48,2,9,0,0,0,1,1
40,400021,2,2,0,0,0,4,4,35,0,15,1,2016,6,2,38,1,1,3,1,2,"US-60","SR-82",105,36.627,-95.0618,0,12,6,0,3,4,0,1,2,10,0,10,0,"0000000",99,99,99,99,99,99,0,0,0,1,0
40,400022,2,1,1,0,0,1,1,111,0,16,1,2016,7,4,29,1,1,3,1,2,"US-75","",99,35.5712,-95.9558,0,45,0,0,1,1,4,5,2,10,0,10,0,"0000000",4,31,4,38,88,88,3,0,0,1,1
40,400023,1,1,0,0,0,1,1,37,0,20,1,2016,4,13,30,0,1,5,1,3,"SR-16","",41,35.9279,-96.5822,0,34,0,0,1,1,0,4,1,10,0,10,0,"0000000",13,31,13,45,14,37,0,0,0,1,0
40,400024,1,1,0,0,0,1,1,53,0,21,1,2016,5,0,35,0,1,4,1,2,"US-60","",88,36.68,-97.6509,0,1,0,0,1,1,0,4,2,5,0,5,0,"0000000",0,34,0,43,88,88,0,0,0,1,1
40,400025,2,2,0,0,0,3,3,109,3550,23,1,2016,7,23,32,0,2,3,4,6,"W MEMORIAL RD","N PENNSYLVANIA AVE",0,35.60852222,-97.549725,0,12,1,0,3,2,0,1,2,1,0,1,0,"0000000",23,33,23,36,99,99,0,0,0,1,1
40,400026,1,1,0,0,0,1,1,95,0,25,1,2016,2,9,20,0,1,7,2,4,"CR-LARK","",0,33.8687,-96.7438,0,42,0,0,1,1,0,4,1,1,0,1,0,"0000000",9,17,9,33,88,88,0,0,0,1,0
40,400027,1,1,0,0,0,2,2,95,0,3,1,2016,1,7,20,0,1,5,1,3,"SR-199","",61,34.0854,-96.6625,0,32,0,0,1,1,0,4,1,1,0,1,0,"0000000",7,13,7,25,8,28,0,0,0,1,1
40,400028,2,2,0,0,0,3,3,87,3378,17,1,2016,1,14,12,1,1,1,1,1,"I-44","",0,35.2699,-97.6229,0,12,6,0,1,1,0,1,1,1,0,1,0,"0000000",14,13,14,20,14,51,0,0,0,2,1
40,400029,1,1,0,0,0,2,2,85,0,24,1,2016,1,14,1,1,1,1,1,1,"I-35","",0,34.0389,-97.1498,0,52,0,0,1,1,0,3,1,1,0,1,0,"0000000",13,59,14,12,15,25,0,0,0,2,0
40,400030,2,2,0,0,0,4,4,19,210,29,1,2016,6,9,9,0,2,4,4,6,"S PLAINVIEW RD","",0,34.16968889,-97.17793333,0,12,2,0,1,1,0,1,1,1,0,1,0,"0000000",9,10,9,13,9,34,0,0,0,1,0
40,400031,2,2,0,0,0,3,3,79,3798,26,1,2016,3,12,29,0,1,5,1,3,"SR-112","BEATY ST",0,35.30338056,-94.4429,0,12,6,0,2,2,0,1,1,1,0,1,0,"0000000",12,43,12,53,13,39,0,0,0,1,0
40,400032,3,3,0,0,0,4,4,23,0,29,1,2016,6,19,19,1,1,3,1,2,"US-271","CR-2000",50,34.1136,-95.6258,0,12,7,0,3,2,0,1,2,1,0,1,0,"0000000",19,35,19,42,20,44,0,0,0,2,0
40,400033,1,1,0,0,0,3,3,99,0,1,2,2016,2,6,54,0,1,4,1,2,"US-177","",92,34.4654,-96.951,0,59,0,0,1,1,0,4,2,1,0,1,0,"0000000",6,56,7,34,8,35,0,0,0,1,1
40,400034,1,1,0,0,0,1,1,49,0,30,1,2016,7,12,55,0,1,4,1,3,"SR-29","CR-NS3190",150,34.652,-97.3178,0,1,0,0,2,2,0,1,1,1,0,1,0,"0000000",99,99,99,99,88,88,0,0,0,1,0
40,400035,2,2,0,0,0,2,2,109,3550,3,2,2016,4,1,27,1,2,1,1,1,"I-240","",0,35.3918,-97.4401,0,12,1,0,1,1,0,1,2,1,0,1,0,"0000000",1,34,1,41,88,88,0,0,0,1,1
40,400036,1,1,0,0,0,1,1,13,0,11,2,2016,5,18,35,0,1,5,2,4,"CR-SILO RD","",0,34.0028,-96.4656,0,32,0,0,1,1,0,4,2,1,0,1,0,"0000000",18,40,18,53,88,88,0,0,0,1,0
40,400037,1,1,0,0,0,2,2,143,4780,24,1,2016,1,4,35,1,2,3,1,8,"CREEK TURNPIKE","",0,36.025,-95.9405,0,25,0,0,1,1,0,4,3,10,0,10,0,"0000000",4,33,5,1,99,99,0,0,0,1,0
40,400038,2,2,0,0,0,3,3,143,4170,30,1,2016,7,8,50,0,2,5,4,6,"W 41ST ST S","S EVERETT ST",0,36.10471389,-96.12116944,0,12,6,0,2,2,0,1,1,1,0,1,0,"0000000",8,48,8,53,9,31,0,0,0,1,0
40,400039,3,3,0,0,0,4,4,135,4080,3,2,2016,4,17,15,0,2,5,1,2,"US-64","CR- PAW PAW RD",0,35.40511944,-94.53110833,0,12,1,0,3,2,0,1,1,1,0,1,0,"0000000",17,45,18,6,18,31,0,0,0,1,0
40,400040,1,1,0,0,0,1,1,101,3310,16,1,2016,7,5,10,1,2,3,1,2,"US-64","",0,35.75490278,-95.43127778,0,59,0,0,1,1,0,4,2,1,0,1,0,"0000000",5,12,5,18,88,88,0,0,0,1,0
40,400041,3,3,0,0,0,8,8,109,3550,9,2,2016,3,20,6,0,2,3,4,6,"S WESTERN AVE","",0,35.4507,-97.53013611,0,12,2,0,1,1,0,1,3,10,0,10,0,"0000000",20,9,20,10,20,30,14,0,0,2,0
40,400042,1,1,0,0,0,2,2,59,0,27,1,2016,4,22,58,0,1,4,2,4,"CR-NS209","",0,36.6694,-99.2954,0,34,0,0,1,1,0,4,2,1,0,1,0,"0000000",22,48,23,24,0,54,0,0,0,1,1
40,400043,1,1,0,0,0,3,3,23,0,12,2,2016,6,14,5,1,1,3,1,2,"US-70","",19,33.9975,-95.4434,0,32,0,0,1,1,0,4,1,10,0,10,0,"0000000",14,13,14,32,14,51,0,0,0,1,0
40,400044,1,1,0,0,0,1,1,19,0,2,2,2016,3,21,57,0,1,5,1,3,"SR-53","",182,34.3327,-97.189,0,1,0,0,1,1,0,4,2,1,0,1,0,"0000000",21,56,22,11,88,88,0,0,0,1,0
40,400045,1,1,0,1,1,1,1,109,3550,7,2,2016,1,20,31,0,2,3,4,6,"S PENNSYLVANIA AVE","",0,35.42885556,-97.54796944,0,8,0,0,1,1,0,1,3,1,0,1,0,"0000000",20,31,20,35,20,48,0,0,0,1,0
40,400046,1,1,0,0,0,1,1,143,0,12,2,2016,6,4,13,0,2,4,2,4,"CR-AVERY DR","",0,36.13452778,-96.06130833,0,43,0,0,1,1,0,4,2,1,0,1,0,"0000000",4,53,5,3,5,29,0,0,0,1,1
40,400047,2,2,0,0,0,3,3,143,4780,12,2,2016,6,13,49,0,2,4,4,6,"N LEWIS AVE","E 54TH ST N",0,36.23141667,-95.95835278,0,12,6,0,2,2,0,1,1,1,0,1,0,"0000000",13,43,13,52,14,19,0,0,0,1,1
40,400048,1,1,0,0,0,3,3,65,0,14,2,2016,1,14,57,0,1,5,2,4,"CR-S210","",0,34.667,-99.2294,0,32,0,0,1,1,0,4,1,1,0,1,0,"0000000",14,58,15,5,88,88,0,0,0,3,0
40,400049,1,1,0,0,0,1,1,13,1050,17,2,2016,4,99,99,1,1,3,1,2,"US-69","",0,33.87789444,-96.500225,0,52,0,0,1,1,0,4,1,1,0,1,0,"0000000",7,51,7,55,88,88,0,0,0,1,0
40,400050,2,2,0,0,0,2,2,47,1550,21,1,2016,5,13,35,1,2,3,1,2,"US-412","S 42ND ST",0,36.39737222,-97.81888889,0,12,6,0,2,2,0,1,1,10,0,10,0,"0000000",13,40,13,50,14,12,0,0,0,1,0
40,400051,3,3,0,0,0,4,4,19,0,8,2,2016,2,16,45,1,1,3,1,2,"US-70","SR-26",1,34.1731,-97.4748,0,12,6,0,2,2,0,1,1,10,0,10,0,"0000000",16,42,16,47,17,10,0,0,0,1,0
40,400053,1,1,0,1,1,1,1,17,0,19,2,2016,6,6,13,1,1,3,1,2,"US-81","",44,35.59652222,-97.95919722,0,8,0,0,1,1,0,1,2,1,0,1,0,"0000000",99,99,99,99,88,88,0,0,0,1,0
40,400054,1,1,0,0,0,2,2,137,0,21,2,2016,1,0,19,1,1,3,1,3,"SR-7","",191,34.4466,-97.6554,0,1,0,0,1,1,0,4,2,1,0,1,0,"0000000",99,99,99,99,88,88,0,0,0,1,0
40,400055,1,1,0,0,0,1,1,125,0,23,2,2016,3,9,27,0,1,4,1,3,"SR-39","",53,34.9999,-97.0566,0,42,0,0,1,1,0,5,1,2,0,2,0,"0000000",88,88,88,88,88,88,0,0,0,1,0
40,400056,1,1,0,0,0,2,2,107,0,23,2,2016,3,19,49,0,1,4,1,2,"US-75","",24,35.3193,-96.1495,0,59,0,0,1,1,0,4,1,2,0,2,0,"0000000",16,32,17,22,18,51,0,0,0,1,0
40,400057,1,1,0,0,0,1,1,109,3550,27,2,2016,7,0,56,1,2,1,1,1,"I-35","",0,35.4162,-97.49,0,33,0,0,1,1,0,8,3,1,0,1,0,"0000000",0,58,1,6,1,20,0,0,0,1,1
40,400058,2,2,0,0,0,2,2,27,3430,28,1,2016,5,8,53,0,1,5,2,4,"CR-156TH AVE","",0,35.29153611,-97.21240278,0,12,6,0,1,1,0,1,1,1,0,1,0,"0000000",8,57,9,18,9,54,0,0,0,1,0
40,400059,1,1,0,0,0,1,1,83,0,19,2,2016,6,2,2,1,2,1,1,1,"I-35","",109,35.8776,-97.3941,0,1,0,0,1,1,0,4,2,8,0,8,0,"0000000",2,5,2,15,88,88,0,0,0,1,0
40,400060,1,1,0,0,0,2,2,51,0,19,2,2016,6,21,20,0,1,5,2,4,"CR-1540","",0,34.7822,-97.8353,0,38,0,0,1,1,0,5,2,10,0,10,0,"0000000",99,99,99,99,99,99,0,0,0,1,1