"STATE","ST_CASE","VE_TOTAL","VE_FORMS","PVH_INVL","PEDS","PERNOTMVIT","PERMVIT","PERSONS","COUNTY","CITY","DAY","MONTH","YEAR","DAY_WEEK","HOUR","MINUTE","NHS","RUR_URB","FUNC_SYS","RD_OWNER","ROUTE","TWAY_ID","TWAY_ID2","MILEPT","LATITUDE","LONGITUD","SP_JUR","HARM_EV","MAN_COLL","RELJCT1","RELJCT2","TYP_INT","WRK_ZONE","REL_ROAD","LGT_COND","WEATHER1","WEATHER2","WEATHER","SCH_BUS","RAIL","NOT_HOUR","NOT_MIN","ARR_HOUR","ARR_MIN","HOSP_HR","HOSP_MN","CF1","CF2","CF3","FATALS","DRUNK_DR"
40,400061,2,2,0,0,0,4,4,87,0,20,2,2016,7,5,4,0,1,4,1,3,"SR-39","",25,35.0045,-97.452,0,12,2,0,1,1,0,1,2,10,0,10,0,"0000000",5,7,5,10,99,99,0,0,0,1,0
40,400062,2,2,0,0,0,3,3,97,0,22,2,2016,2,13,34,1,1,3,1,2,"US-412","",2,36.1702,-95.437,0,12,1,0,1,1,0,1,1,10,0,10,0,"0000000",13,33,13,51,14,45,0,0,0,1,0
40,400063,1,1,0,0,0,1,1,13,0,23,1,2016,7,99,99,1,1,3,1,2,"US-70","",21,33.9976,-96.3374,0,59,0,0,1,1,0,4,2,10,0,10,0,"0000000",1,37,1,48,88,88,0,0,0,1,0
40,400064,2,2,0,0,0,2,2,71,3800,29,1,2016,6,15,44,0,2,4,4,6,"N 5TH ST","BRADLEY AVE",0,36.73165,-97.07831389,0,12,6,0,2,3,0,1,1,1,0,1,0,"0000000",15,46,15,52,16,10,0,0,0,1,0
40,400065,1,1,0,0,0,4,4,153,0,29,1,2016,6,18,9,0,1,7,2,4,"CR-NS197","",0,36.4048,-99.498,0,35,0,0,1,1,0,4,1,1,0,1,0,"0000000",18,9,18,21,20,11,0,0,0,2,1
40,400066,1,1,0,1,1,1,1,13,0,16,2,2016,3,19,21,1,1,3,1,2,"US-70","",17,33.9976,-96.3433,0,8,0,0,1,1,0,1,2,1,0,1,0,"0000000",19,24,19,30,19,58,0,0,0,1,0
40,400067,1,1,0,1,1,1,1,109,3550,23,2,2016,3,19,51,1,2,1,1,1,"I-40","",0,35.4481,-97.4285,0,8,0,0,1,1,0,1,3,10,0,10,0,"0000000",19,59,19,59,20,14,19,0,0,1,0
40,400068,8,2,6,0,0,4,4,109,3550,14,2,2016,1,8,46,0,2,2,1,3,"SR-152","",0,35.42306111,-97.613425,0,12,6,0,1,1,0,1,1,10,0,10,0,"0000000",8,47,8,53,9,25,14,0,0,1,0
40,400069,1,1,0,0,0,2,2,71,3800,24,2,2016,4,13,53,0,2,4,2,4,"CR-LA CANN","",0,36.7451,-97.0313,0,1,0,0,1,1,0,1,1,1,0,1,0,"0000000",14,6,14,35,16,11,0,0,0,1,0
40,400070,3,2,1,0,1,2,3,13,0,26,2,2016,6,9,50,0,1,5,1,3,"SR-22","SR-48",46,34.1428,-96.3732,0,12,6,0,2,2,0,1,1,1,0,1,0,"0000000",9,51,10,32,11,26,0,0,0,1,0
40,400071,2,2,0,0,0,4,4,153,5220,3,2,2016,4,0,2,1,2,3,1,3,"SR-15","",0,36.43354722,-99.43313611,0,12,1,0,1,1,0,1,3,1,0,1,0,"0000000",0,2,0,8,0,58,0,0,0,1,1
40,400072,2,2,0,0,0,4,4,93,0,15,2,2016,2,23,20,0,1,3,1,2,"US-60","",35,36.3908,-98.3776,0,12,2,0,1,1,0,1,2,1,0,1,0,"0000000",23,22,23,35,0,33,0,0,0,1,0
40,400073,2,2,0,0,0,2,2,103,3740,26,2,2016,6,8,5,0,2,4,1,2,"US-77","",0,36.27511667,-97.32989444,0,12,6,0,8,1,0,1,1,1,0,1,0,"0000000",8,7,8,10,88,88,0,0,0,1,0
40,400074,1,1,0,1,1,1,1,117,0,27,2,2016,7,0,29,1,1,3,1,2,"US-412","",155,36.2166,-96.3602,0,8,0,0,1,1,4,1,2,1,0,1,0,"0000000",88,88,88,88,88,88,0,0,0,1,0
40,400075,2,2,0,0,0,3,3,109,3550,5,3,2016,7,17,26,0,2,3,4,6,"SE 59TH ST","",0,35.40624444,-97.504075,0,33,0,0,1,1,0,4,1,1,0,1,0,"0000000",17,26,17,30,18,8,0,0,0,1,1
40,400076,2,2,0,0,0,2,2,109,3550,6,3,2016,1,19,42,1,2,1,1,1,"I-40","",0,35.4084,-97.3016,0,12,1,0,1,1,0,1,2,1,0,1,0,"0000000",88,88,88,88,88,88,0,0,0,1,0
40,400077,1,1,0,0,0,1,1,39,0,22,2,2016,2,18,13,1,2,1,1,7,"I-40 FRONTAGE RD","",0,35.5358,-98.6401,0,1,0,0,1,1,0,4,5,10,0,10,0,"0000000",18,12,18,16,18,32,0,0,0,1,1
40,400078,1,1,0,0,0,1,1,113,0,12,3,2016,7,18,6,0,1,4,1,3,"SR-99","",17,36.346,-96.4289,0,1,0,0,1,1,0,4,1,10,0,10,0,"0000000",99,99,99,99,99,99,0,0,0,1,1
40,400079,1,1,0,0,0,2,2,31,2750,13,3,2016,1,1,30,1,2,3,1,3,"SR-7","SE 40TH ST",0,34.59438056,-98.34148889,0,34,0,0,3,3,0,4,3,10,0,10,0,"0000000",1,32,1,40,88,88,0,0,0,1,1
40,400080,2,2,0,0,0,8,8,67,0,11,3,2016,6,21,18,1,1,3,1,2,"US-81","",90,34.2825,-97.9649,0,12,6,0,1,1,0,1,2,2,0,2,0,"0000000",21,26,21,50,2,50,0,0,0,4,0
40,400081,2,2,0,0,0,2,2,19,0,1,3,2016,3,21,9,1,1,1,1,1,"I-35","",33,34.1186,-97.155,0,12,6,0,1,1,0,1,2,10,0,10,0,"0000000",21,12,21,37,23,9,0,0,0,1,0
40,400082,1,1,0,0,0,2,2,125,0,6,3,2016,1,12,7,0,1,5,1,3,"SR-99A","",7,35.3334,-96.7771,0,1,0,0,1,1,0,4,1,10,0,10,0,"0000000",12,8,12,21,12,54,0,0,0,1,0
40,400083,3,3,0,0,0,5,5,143,4780,9,3,2016,4,17,35,1,2,1,1,1,"I-44","",0,36.08979444,-95.99549722,0,12,1,0,1,1,0,1,1,1,0,1,0,"0000000",17,33,17,45,18,27,0,0,0,1,0
40,400084,1,1,0,0,0,1,1,79,0,7,3,2016,2,14,59,0,1,5,1,3,"SR-1","",84,34.6871,-94.5614,0,42,0,0,1,1,0,4,1,10,0,10,0,"0000000",14,56,15,35,88,88,0,0,0,1,1
40,400085,1,1,0,0,0,1,1,109,3550,13,3,2016,1,22,25,1,2,1,1,1,"I-35 EXIT RAMP","",0,35.5782,-97.4422,0,33,0,1,5,1,0,4,3,1,0,1,0,"0000000",22,26,22,28,22,34,0,0,0,1,0
40,400086,1,1,0,0,0,1,1,109,3550,2,3,2016,4,9,12,0,1,5,4,6,"N MIDWEST BLVD","",0,35.60609722,-97.38948333,0,21,0,0,1,1,0,4,1,1,0,1,0,"0000000",9,12,9,28,88,88,0,0,0,1,0
40,400087,2,2,0,0,0,2,2,103,0,10,3,2016,5,16,15,0,1,4,1,2,"US-64","",67,36.2901,-97.1655,0,12,6,0,1,1,0,1,1,10,0,10,0,"0000000",16,13,16,22,88,88,0,0,0,1,0
40,400088,1,1,0,0,0,2,2,95,0,15,3,2016,3,2,41,0,1,5,1,3,"SR-70B","",16,33.9823,-96.7019,0,42,0,0,1,1,0,4,2,1,0,1,0,"0000000",2,36,2,52,4,40,0,0,0,1,0
40,400089,1,1,0,0,0,1,1,143,4780,10,3,2016,5,22,49,1,2,1,1,1,"I-244","",0,36.14538056,-96.00225278,0,20,0,0,1,1,0,4,3,1,0,1,0,"0000000",22,43,22,48,23,18,0,0,0,1,1
40,400090,2,2,0,0,0,2,2,79,0,23,3,2016,4,22,31,0,1,3,1,2,"US-59","",162,34.8116,-94.6446,0,12,2,0,1,1,0,1,2,2,0,2,0,"0000000",22,30,22,50,88,88,0,0,0,1,0
40,400091,1,1,0,0,0,1,1,15,0,4,3,2016,6,16,20,0,1,5,1,2,"US-277","",90,34.929,-98.1326,0,34,0,0,1,1,0,4,1,1,0,1,0,"0000000",99,99,99,99,88,88,0,0,0,1,1
40,400092,1,1,0,0,0,2,2,119,0,5,3,2016,7,12,1,1,1,1,1,1,"I-35","",0,35.9891,-97.3525,0,52,0,0,1,1,0,3,1,1,0,1,0,"0000000",12,12,12,17,13,5,0,0,0,1,0
40,400093,1,1,0,0,0,1,1,49,0,8,3,2016,3,11,24,0,1,4,1,3,"SR-29","",4,34.6304,-97.5563,0,42,0,0,1,1,0,4,1,2,0,2,0,"0000000",12,0,12,24,13,36,0,0,0,1,0
40,400094,1,1,0,0,0,1,1,23,2340,21,3,2016,2,5,44,0,2,7,4,6,"KIRK RD","",0,34.01158611,-95.49878056,0,34,0,0,1,1,0,4,6,1,0,1,0,"0000000",5,48,5,54,88,88,0,0,0,1,0
40,400095,1,1,0,0,0,3,3,119,4460,21,3,2016,2,17,49,0,2,7,4,6,"SANBORN LAKE DR","",0,36.15716667,-97.07523056,0,42,0,0,1,1,0,4,1,1,0,1,0,"0000000",99,99,99,99,99,99,0,0,0,1,1
40,400096,1,1,0,0,0,2,2,143,4780,4,2,2016,5,2,37,0,2,4,4,6,"E 81ST ST S","",0,36.04630556,-95.91274722,0,30,0,0,1,1,0,4,2,1,0,1,0,"0000000",2,39,2,44,3,4,0,0,0,1,0
40,400097,2,2,0,0,0,3,3,143,4780,19,2,2016,6,16,7,0,2,3,4,6,"S MEMORIAL DR","E 106TH PL S",0,36.009175,-95.88664167,0,12,11,0,2,2,0,1,1,1,0,1,0,"0000000",16,9,16,14,16,46,0,0,0,1,0
40,400098,4,4,0,0,0,4,4,143,4780,19,2,2016,6,18,38,0,2,3,4,6,"W 71ST ST S","",0,36.06077222,-95.98366111,0,12,1,0,1,1,0,1,3,10,0,10,0,"0000000",18,37,18,48,19,15,28,14,0,1,0
40,400099,2,2,0,0,0,5,5,143,4780,6,3,2016,1,3,36,0,2,3,4,6,"E 21ST ST","E SKELLY DR",0,36.13340556,-95.86792778,0,12,6,0,2,3,0,1,3,1,0,1,0,"0000000",3,34,3,42,4,13,0,0,0,3,1
40,400100,2,2,0,0,0,3,3,143,4780,21,2,2016,1,17,50,0,2,4,4,6,"S SHERIDAN RD","",0,36.03873333,-95.90421389,0,12,6,0,1,1,0,1,1,1,0,1,0,"0000000",17,55,17,59,18,5,0,0,0,1,1
40,400101,2,2,0,0,0,2,2,143,4780,9,3,2016,4,17,11,0,2,4,4,6,"S GARNETT RD","E 48TH ST",0,36.09299722,-95.85106389,0,1,0,0,2,3,0,1,1,10,0,10,0,"0000000",17,11,17,21,88,88,0,0,0,1,1
40,400102,2,2,0,0,0,2,2,125,2950,14,3,2016,2,10,23,1,1,1,1,1,"I-40","",0,35.3843,-97.1307,0,12,1,0,1,1,4,1,1,10,0,10,0,"0000000",10,26,10,43,11,35,0,0,0,1,0
40,400103,1,1,0,0,0,1,1,109,3550,15,3,2016,3,1,37,1,2,1,1,1,"I-44","",0,35.5277,-97.527,0,57,0,0,1,1,0,3,2,1,0,1,0,"0000000",99,99,99,99,88,88,0,0,0,1,1
40,400104,1,1,0,0,0,1,1,79,0,2,3,2016,4,17,8,0,1,5,1,2,"US-271","",69,35.2574,-94.553,0,1,0,0,1,1,0,1,1,1,0,1,0,"0000000",17,8,17,11,88,88,0,0,0,1,0
40,400105,1,1,0,1,1,1,1,109,3550,14,3,2016,2,23,33,0,2,5,4,6,"S SANTA FE AVE","",0,35.39359167,-97.51246389,0,8,0,0,1,1,0,1,3,10,0,10,0,"0000000",23,33,23,37,0,51,0,0,0,1,0
40,400106,1,1,0,1,1,1,1,143,4780,23,3,2016,4,4,42,1,2,1,1,1,"I-44","",0,36.0905,-95.9476,0,8,0,0,1,1,0,1,2,1,0,1,0,"0000000",4,42,4,53,88,88,0,0,0,1,0
40,400107,2,2,0,0,0,2,2,87,5060,29,3,2016,3,13,56,0,1,5,1,3,"SR-59","",0,34.9133,-97.2549,0,12,2,0,1,1,0,4,1,1,0,1,0,"0000000",13,57,14,2,88,88,0,0,0,1,0
40,400108,1,1,0,0,0,1,1,109,3550,28,2,2016,1,18,58,1,2,1,1,1,"I-44","",0,35.4316,-97.571,0,1,0,0,1,1,0,2,3,1,0,1,0,"0000000",18,59,19,2,19,27,0,0,0,1,0
40,400109,1,1,0,0,0,2,2,37,0,25,3,2016,6,0,56,0,2,4,2,4,"CR-33RD WEST AVE","",0,36.0471,-96.0296,0,42,0,0,1,1,0,4,2,1,0,1,0,"0000000",0,52,1,7,1,48,0,0,0,1,0
40,400110,2,2,0,0,0,3,3,21,0,1,4,2016,6,15,54,0,1,4,1,2,"US-62","",48,35.926,-94.879,0,1,0,0,1,1,0,1,1,1,0,1,0,"0000000",15,56,16,1,88,88,14,0,0,1,0
40,400111,1,1,0,1,1,1,1,109,3550,19,1,2016,3,18,40,0,2,3,1,3,"SR-152","",0,35.41314167,-97.64327222,0,8,0,0,1,1,0,1,2,1,0,1,0,"0000000",18,40,18,51,88,88,0,0,0,1,0
40,400112,2,2,0,0,0,2,2,143,3630,25,3,2016,6,11,31,0,2,5,4,6,"E 106TH ST N","MEMORIAL DR",0,36.30746667,-95.88425556,0,12,6,0,2,2,0,1,1,1,0,1,0,"0000000",99,99,99,99,99,99,0,0,0,1,0
40,400113,2,2,0,0,0,4,4,125,0,25,3,2016,6,23,24,0,1,4,1,2,"US-177","CR-1070",0,35.46352222,-97.00061111,0,12,6,0,2,2,0,1,2,1,0,1,0,"0000000",23,24,23,35,0,26,0,0,0,1,0
40,400114,2,2,0,0,0,2,2,35,0,10,3,2016,5,14,57,1,1,3,1,2,"US-60","",112,36.627,-95.0501,0,12,6,0,1,1,0,1,1,10,0,10,0,"0000000",99,99,99,99,99,99,0,0,0,1,0
40,400115,3,3,0,0,0,3,3,109,3550,24,3,2016,5,5,16,0,2,7,4,6,"SE 74TH ST","",0,35.38998333,-97.4034,0,12,8,0,1,1,0,1,2,10,0,10,0,"0000000",5,19,5,27,6,9,0,0,0,1,1
40,400116,2,2,0,0,0,3,3,109,3550,24,3,2016,5,14,48,1,2,1,1,1,"I-44","",0,35.6129,-97.3544,0,12,1,0,1,1,0,1,1,1,0,1,0,"0000000",14,51,14,58,88,88,0,0,0,1,0
40,400117,1,1,0,0,0,1,1,19,0,30,3,2016,4,5,20,0,1,7,2,4,"CR-HOSPITAL RD","",0,34.1844,-97.4923,0,1,0,0,1,1,0,4,2,10,0,10,0,"0000000",5,17,5,24,88,88,0,0,0,1,1
40,400118,2,2,0,0,0,8,8,119,0,4,4,2016,2,13,19,0,1,7,2,4,"CR-NORFOLK","SR-33",0,35.98536389,-96.71410278,0,12,6,0,3,2,0,2,1,1,0,1,0,"0000000",13,32,13,57,14,42,0,0,0,1,0
40,400119,1,1,0,2,2,1,1,41,340,4,3,2016,6,18,54,0,1,5,1,3,"SR-125","",0,36.63376944,-94.87336111,0,8,0,0,1,1,0,1,2,1,0,1,0,"0000000",18,56,19,10,88,88,0,0,0,2,0
40,400120,3,3,0,0,0,3,3,131,870,16,3,2016,4,14,0,0,2,3,1,3,"SR-167","E PINE ST",0,36.177225,-95.76078056,0,12,1,0,3,2,0,1,1,1,0,1,0,"0000000",13,59,14,2,14,45,0,0,0,1,0
40,400121,1,1,0,0,0,1,1,117,0,8,4,2016,6,23,35,0,1,7,2,4,"CR-OLD HIGHWAY 64","",0,36.2371,-96.3966,0,1,0,0,1,1,0,4,2,1,0,1,0,"0000000",99,99,99,99,99,99,0,0,0,1,1
40,400122,2,2,0,0,0,6,6,31,0,11,3,2016,6,19,29,0,1,7,2,4,"CR-KLEEMAN RD","CR-NORTH DR",0,34.8261,-98.2655,0,12,6,0,2,2,0,1,2,2,0,2,0,"0000000",20,8,20,31,21,4,0,0,0,1,0
40,400123,1,1,0,0,0,1,1,27,3420,24,3,2016,5,22,35,0,2,3,1,2,"US-77","ELM ST",0,35.14471111,-97.39460278,0,42,0,0,3,2,0,4,3,1,0,1,0,"0000000",22,27,22,30,88,88,0,0,0,1,1
40,400124,1,1,0,0,0,2,2,39,1030,26,3,2016,7,14,47,1,2,1,1,1,"I-40 EXIT RAMP","",0,35.4964,-98.9888,0,1,0,1,20,1,0,1,1,1,0,1,0,"0000000",14,46,14,51,15,19,0,0,0,1,0
40,400125,2,1,1,0,0,1,1,153,5220,22,2,2016,2,15,32,0,6,96,96,6,"REDBUD LANE","ELMWOOD CIR",0,36.41972222,-99.34529167,0,18,0,0,3,3,0,4,1,10,0,10,0,"0000000",15,36,15,39,15,54,0,0,0,1,0
40,400126,1,1,0,1,1,3,3,109,3550,15,1,2016,6,6,48,0,2,5,4,6,"S WESTERN AVE","W SHERIDAN AVE",0,35.46649444,-97.53009444,0,8,0,0,2,2,0,1,3,1,0,1,0,"0000000",6,49,6,56,7,11,0,0,0,1,0
40,400127,1,1,0,0,0,1,1,147,0,9,4,2016,7,11,19,1,1,3,1,2,"US-75","",148,36.6367,-95.9356,0,42,0,0,1,1,0,3,9,99,0,99,0,"0000000",11,29,11,29,88,88,0,0,0,1,1
40,400128,1,1,0,1,1,1,1,5,260,3,3,2016,5,18,54,1,1,3,1,3,"SR-3","S DICKERSON AVE",0,34.3747,-96.11919167,0,8,0,0,2,2,0,1,3,1,0,1,0,"0000000",18,54,18,55,19,7,0,0,0,1,0
40,400129,1,1,0,0,0,2,2,131,0,14,3,2016,2,20,27,0,1,7,2,4,"CR-EW34","",0,36.5247,-95.6363,0,30,0,0,1,1,0,4,2,1,0,1,0,"0000000",20,19,20,28,88,88,0,0,0,1,1
40,400130,2,2,0,0,0,2,2,109,3550,30,3,2016,4,20,46,0,2,4,4,6,"N MACARTHUR BLVD","",0,35.55725833,-97.62066111,0,1,0,0,1,1,0,1,3,10,0,10,0,"0000000",20,47,21,0,21,18,0,0,0,1,0
40,400131,2,2,0,0,0,4,4,109,3550,4,4,2016,2,9,35,1,2,1,1,1,"I-44","",0,35.60570278,-97.39165833,0,12,1,0,1,1,0,1,1,1,0,1,0,"0000000",9,40,10,6,10,39,27,0,0,1,0
40,400132,2,2,0,0,0,6,6,9,0,28,3,2016,2,17,13,0,1,5,1,3,"SR-152","",31,35.2913,-99.5862,0,12,7,0,1,1,0,1,1,10,0,10,0,"0000000",17,18,17,41,18,46,0,0,0,1,0
40,400133,1,1,0,0,0,1,1,81,0,8,4,2016,6,22,58,0,1,7,2,4,"CR-870","",0,35.7551,-96.6198,0,38,0,0,1,1,0,4,2,1,0,1,0,"0000000",23,32,23,56,0,38,0,0,0,1,1
40,400134,2,2,0,0,0,2,2,107,0,11,4,2016,2,14,22,0,1,4,1,2,"US-75","",76,35.3787,-96.1229,0,12,6,0,1,1,0,1,1,1,0,1,0,"0000000",99,99,99,99,99,99,0,0,0,1,1
40,400135,1,1,0,0,0,1,1,103,0,16,4,2016,7,7,58,1,1,1,1,1,"I-35","",0,36.3577,-97.3268,0,57,0,0,1,1,0,3,1,10,0,10,0,"0000000",7,58,8,6,88,88,0,0,0,1,0
40,400136,3,3,0,0,0,4,4,133,0,17,4,2016,1,9,7,1,1,3,1,2,"US-377","",44,35.1616,-96.6744,0,12,8,0,1,1,0,1,1,2,0,2,0,"0000000",9,5,9,14,10,36,0,0,0,1,0
40,400137,2,2,0,0,0,2,2,79,0,21,4,2016,5,4,10,0,1,5,1,3,"SR-63","",175,34.673,-94.7723,0,12,2,0,1,1,0,1,2,10,0,10,0,"0000000",4,9,4,36,5,21,0,0,0,1,1
40,400138,1,1,0,2,2,1,1,109,3550,16,4,2016,7,21,36,0,2,4,4,6,"SE 44TH ST","",0,35.42080556,-97.45655278,0,15,0,0,1,1,0,1,2,10,0,10,0,"0000000",21,36,21,44,22,3,0,0,0,1,0
40,400139,2,2,0,0,0,2,2,121,0,18,4,2016,2,10,3,0,1,4,1,3,"SR-1","",16,34.832,-95.5144,0,12,6,0,1,1,0,1,1,2,0,2,0,"0000000",99,99,99,99,99,99,0,0,0,1,0
40,400140,2,2,0,0,0,2,2,109,3550,21,4,2016,5,3,51,1,2,1,1,1,"I-44","",0,35.615,-97.3444,0,12,2,0,1,1,0,1,2,1,0,1,0,"0000000",4,20,4,25,4,59,0,0,0,1,1
40,400141,2,2,0,0,0,3,3,111,0,15,4,2016,6,12,30,1,1,1,1,1,"I-40","",18,35.4287,-96.0551,0,12,1,0,1,1,4,1,1,5,0,5,0,"0000000",12,37,12,42,13,13,26,0,0,1,0
40,400142,1,1,0,0,0,1,1,21,0,19,4,2016,3,15,16,0,1,5,1,3,"SR-10","",25,35.9538,-94.9099,0,57,0,0,1,1,0,4,1,10,0,10,0,"0000000",15,13,15,25,15,46,0,0,0,1,0
40,400143,2,2,0,0,0,2,2,89,0,21,4,2016,5,6,45,1,1,3,1,2,"US-259","",59,33.7724,-94.7394,0,12,2,0,1,1,0,1,4,5,0,5,0,"0000000",6,52,7,5,88,88,0,0,0,1,0
40,400144,1,1,0,0,0,1,1,113,0,24,4,2016,1,12,30,0,1,5,2,4,"CR-NEW PRUE RD","",0,36.2493,-96.2255,0,24,0,0,1,1,0,4,1,1,0,1,0,"0000000",99,99,99,99,88,88,0,0,0,1,0
40,400145,2,2,0,0,0,2,2,95,0,14,3,2016,2,10,4,0,1,4,1,3,"SR-99","CR-W GRANTHAM",35,34.0855,-96.7072,0,12,6,0,2,3,0,1,1,1,0,1,0,"0000000",10,0,99,97,99,97,0,0,0,1,0
40,400146,2,2,0,0,0,5,5,49,0,18,4,2016,2,16,55,1,1,1,1,1,"I-35","",0,34.54,-97.1887,0,12,11,0,1,1,0,1,1,10,0,10,0,"0000000",16,55,17,2,18,10,0,0,0,1,0
40,400147,1,1,0,0,0,2,2,131,0,19,4,2016,3,10,18,1,1,1,1,1,"I-44","",0,36.2577,-95.6462,0,25,0,0,1,1,0,3,1,2,0,2,0,"0000000",10,22,10,32,11,12,0,0,0,1,0
40,400148,2,2,0,0,0,2,2,31,2750,15,4,2016,6,17,1,1,2,2,1,2,"US-62","NW 67TH ST",0,34.63791389,-98.47463889,0,12,6,1,2,3,0,1,1,1,0,1,0,"0000000",17,3,17,12,88,88,0,0,0,1,0
40,400149,1,1,0,0,0,1,1,39,0,20,4,2016,4,19,40,0,1,5,2,4,"CR-NS2360","",0,35.801,-98.7872,0,42,0,0,1,1,0,4,5,1,0,1,0,"0000000",19,48,19,57,88,88,0,0,0,1,0
40,400150,1,1,0,0,0,1,1,77,0,23,3,2016,4,22,39,0,1,4,1,2,"US-270","",23,34.8875,-95.4698,0,38,0,0,1,1,0,4,2,2,0,2,0,"0000000",99,99,99,99,99,99,0,0,0,1,1
40,400151,1,1,0,0,0,3,3,79,0,30,3,2016,4,1,50,0,1,5,2,4,"CR-COUNTY LINE RD","",0,34.6662,-94.9205,0,42,0,0,1,1,0,4,2,10,0,10,0,"0000000",1,59,2,17,3,46,0,0,0,1,1
40,400152,1,1,0,0,0,1,1,131,870,3,4,2016,1,8,18,0,2,5,4,6,"E PINE ST","",0,36.17708056,-95.78131667,0,32,0,0,1,1,0,4,1,1,0,1,0,"0000000",8,16,8,26,8,56,0,0,0,1,0
40,400153,3,1,2,0,0,1,1,47,1550,10,4,2016,1,0,36,0,2,7,4,6,"N WALNUT AVE","",0,36.40321944,-97.88549167,0,14,0,0,1,1,0,7,3,10,0,10,0,"0000000",88,88,88,88,88,88,0,0,0,1,1
40,400154,3,3,0,0,0,6,6,109,1480,17,4,2016,1,13,8,1,2,1,1,1,"I-35","",0,35.6845,-97.4164,0,57,0,0,1,1,0,3,1,2,0,2,0,"0000000",13,10,13,16,13,46,0,0,0,2,0
40,400155,2,2,0,0,0,2,2,109,3550,18,4,2016,2,11,7,1,2,2,1,2,"US-77","",0,35.59395833,-97.50821111,0,12,6,0,1,1,0,1,1,10,0,10,0,"0000000",12,3,12,5,12,31,0,0,0,1,0
40,400156,2,2,0,0,0,2,2,123,675,18,4,2016,2,21,50,0,1,5,2,4,"CR-MAIN ST","",0,34.8761,-96.6677,0,12,6,0,1,1,0,1,2,10,0,10,0,"0000000",21,51,22,1,88,88,0,0,0,1,0
40,400157,2,2,0,0,0,4,4,15,0,21,4,2016,5,18,36,0,1,4,1,2,"US-62","",39,35.0382,-98.2925,0,12,6,0,1,1,0,1,1,1,0,1,0,"0000000",18,42,19,9,19,40,0,0,0,1,0
40,400158,2,2,0,0,0,2,2,15,0,23,4,2016,7,22,30,0,1,4,1,2,"US-62","",38,35.0376,-98.2955,0,12,2,0,1,1,0,1,2,1,0,1,0,"0000000",22,35,23,0,23,33,0,0,0,1,1
40,400159,2,2,0,0,0,3,3,51,0,27,4,2016,4,5,10,1,1,3,1,2,"US-81","",122,35.234,-97.9537,0,12,6,0,1,1,0,1,2,5,0,5,0,"0000000",5,20,5,36,6,23,0,0,0,2,0
40,400160,1,1,0,1,1,1,1,109,3550,22,4,2016,6,19,9,0,2,3,4,6,"N PENNSYLVANIA AVE","",0,35.49424722,-97.54769444,0,8,0,0,1,1,0,1,1,10,0,10,0,"0000000",19,8,19,16,88,88,0,0,0,1,0
40,400161,2,2,0,0,0,3,3,109,3550,30,4,2016,7,2,33,1,2,1,1,1,"I-35","",0,35.4614,-97.4949,0,12,6,0,1,1,0,1,3,1,0,1,0,"0000000",2,44,2,47,3,27,0,0,0,1,1
40,400162,2,2,0,0,0,3,3,89,0,6,5,2016,6,15,26,1,1,3,1,2,"US-70","",160,34.0428,-94.6016,0,12,6,0,1,1,0,2,1,1,0,1,0,"0000000",15,30,16,11,16,51,0,0,0,1,0
40,400163,1,1,0,0,0,1,1,121,0,30,4,2016,7,5,23,0,1,5,2,4,"CR-ADAMSON RD","",0,34.9275,-95.5987,0,42,0,0,1,1,0,4,2,1,0,1,0,"0000000",5,9,5,44,88,88,0,0,0,1,0
40,400164,1,1,0,0,0,1,1,109,3550,4,5,2016,4,22,39,1,2,1,1,1,"I-44","",0,35.5275,-97.527425,0,57,0,0,1,1,0,3,3,10,0,10,0,"0000000",22,44,22,50,23,0,20,0,0,1,0
40,400165,1,1,0,1,1,1,1,109,3550,5,5,2016,5,16,48,0,2,3,4,6,"SW 59TH ST","",0,35.40621944,-97.54126667,0,8,0,0,1,1,0,1,1,10,0,10,0,"0000000",16,51,16,53,17,9,0,0,0,1,0
40,400166,1,1,0,0,0,1,1,69,0,7,4,2016,5,9,12,0,1,5,1,3,"SR-7","",78,34.3648,-96.5009,0,1,0,0,1,1,0,1,1,1,0,1,0,"0000000",9,10,9,32,88,88,0,0,0,1,0
40,400167,1,1,0,0,0,1,1,109,1300,23,4,2016,7,2,6,0,2,5,4,6,"N SUNNYLANE RD","NE 4TH ST",0,35.47145,-97.44160278,0,25,0,0,3,3,0,4,2,1,0,1,0,"0000000",88,88,88,88,88,88,0,0,0,1,0
40,400168,1,1,0,0,0,4,4,109,3550,23,4,2016,7,15,11,0,2,7,4,6,"NW 8TH ST","",0,35.47605,-97.64840833,0,33,0,0,1,1,0,4,1,10,0,10,0,"0000000",15,11,15,15,15,39,0,0,0,1,0
40,400169,1,1,0,0,0,1,1,109,3550,24,4,2016,1,21,31,0,2,4,4,6,"NE 36TH ST","MOSLEY RD",0,35.507725,-97.41457778,0,1,0,0,1,1,0,1,2,1,0,1,0,"0000000",21,26,21,36,21,52,0,0,0,1,1
40,400170,2,2,0,0,0,2,2,81,4999,11,5,2016,4,8,37,0,1,4,1,2,"US-177","",0,35.684,-97.0172,0,12,2,0,1,1,0,1,1,10,0,10,0,"0000000",8,38,8,43,10,2,0,0,0,1,1
40,400171,3,3,0,0,0,3,3,111,0,18,4,2016,2,17,24,1,1,3,1,2,"US-75","CR-CONIFER",43,35.4916,-95.9564,0,12,6,0,2,3,0,1,1,10,0,10,0,"0000000",17,27,17,33,18,0,0,0,0,1,0
40,400172,1,1,0,0,0,1,1,37,0,23,4,2016,7,22,19,0,1,7,2,4,"CR-151ST SOUTH","",0,35.9448,-96.4711,0,21,0,0,1,1,0,4,2,1,0,1,0,"0000000",22,21,22,33,23,49,0,0,0,1,1
40,400173,1,1,0,0,0,1,1,41,0,24,4,2016,1,16,37,1,1,3,1,2,"US-412","",1,36.2027,-94.7513,0,1,0,0,1,1,0,4,1,1,0,1,0,"0000000",16,36,16,48,88,88,0,0,0,1,1