"STATE","ST_CASE","VE_TOTAL","VE_FORMS","PVH_INVL","PEDS","PERNOTMVIT","PERMVIT","PERSONS","COUNTY","CITY","DAY","MONTH","YEAR","DAY_WEEK","HOUR","MINUTE","NHS","RUR_URB","FUNC_SYS","RD_OWNER","ROUTE","TWAY_ID","TWAY_ID2","MILEPT","LATITUDE","LONGITUD","SP_JUR","HARM_EV","MAN_COLL","RELJCT1","RELJCT2","TYP_INT","WRK_ZONE","REL_ROAD","LGT_COND","WEATHER1","WEATHER2","WEATHER","SCH_BUS","RAIL","NOT_HOUR","NOT_MIN","ARR_HOUR","ARR_MIN","HOSP_HR","HOSP_MN","CF1","CF2","CF3","FATALS","DRUNK_DR"
40,400174,1,1,0,0,0,2,2,37,0,24,4,2016,1,19,28,0,2,7,2,4,"CR-91ST ST SOUTH","",0,36.0322,-96.1202,0,24,0,0,1,1,0,4,1,1,0,1,0,"0000000",19,29,19,34,20,3,0,0,0,1,1
40,400175,1,1,0,0,0,1,1,63,0,10,5,2016,3,2,49,0,1,4,1,2,"US-75","",59,34.85,-96.2498,0,59,0,0,1,1,0,4,2,10,0,10,0,"0000000",2,50,3,5,88,88,0,0,0,1,1
40,400176,1,1,0,0,0,1,1,131,0,2,3,2016,4,10,41,0,1,5,2,4,"CR-EW32","",0,36.5539,-95.5297,0,32,0,0,1,1,0,4,1,10,0,10,0,"0000000",10,44,11,7,11,45,0,0,0,1,0
40,400177,1,1,0,0,0,2,2,97,3855,28,3,2016,2,16,59,0,2,4,4,6,"SE 9TH ST","STATE ST",0,36.29279444,-95.32318889,0,5,0,0,2,2,0,1,1,1,0,1,0,"0000000",17,3,17,18,18,1,0,0,0,1,0
40,400178,1,1,0,0,0,1,1,131,0,3,4,2016,1,13,53,0,1,5,2,4,"CR-EW45","",0,36.3653,-95.4914,0,42,0,0,1,1,0,4,1,1,0,1,0,"0000000",13,59,14,34,15,0,0,0,0,1,0
40,400179,2,2,0,0,0,2,2,119,0,25,4,2016,2,17,49,0,1,4,1,3,"SR-51","SR-86",1,36.1158,-97.2828,0,12,6,0,2,2,0,1,1,1,0,1,0,"0000000",17,55,18,12,19,9,0,0,0,1,0
40,400180,2,2,0,0,0,2,2,109,3550,6,5,2016,6,3,12,1,2,1,1,1,"I-240","",0,35.3917,-97.5221,0,12,2,0,1,1,0,1,3,1,0,1,0,"0000000",3,15,3,19,3,54,0,0,0,1,1
40,400181,1,1,0,0,0,3,3,133,0,8,5,2016,1,7,2,0,1,7,2,4,"CR-3640","",0,35.2264,-96.5302,0,32,0,0,1,1,0,4,4,1,0,1,0,"0000000",6,51,7,0,7,51,0,0,0,1,0
40,400182,2,2,0,0,0,3,3,17,3550,20,4,2016,4,14,21,0,2,4,3,3,"SR-92","",0,35.46302222,-97.76026944,0,12,6,0,8,1,0,1,1,1,0,1,0,"0000000",14,22,14,26,14,58,0,0,0,1,0
40,400183,3,3,0,0,0,4,4,109,3550,7,5,2016,7,13,25,0,2,3,1,2,"US-62","",0,35.49301389,-97.3501,0,12,1,0,1,1,0,1,1,1,0,1,0,"0000000",13,29,13,41,13,46,0,0,0,1,0
40,400184,2,2,0,0,0,2,2,37,0,7,5,2016,7,19,15,1,2,2,1,8,"CREEK TURNPIKE","",0,36.009,-96.0341,0,12,1,0,1,1,0,1,1,10,0,10,0,"0000000",88,88,88,88,88,88,0,0,0,1,1
40,400185,1,1,0,0,0,2,2,71,0,12,5,2016,5,2,41,0,2,7,2,4,"CR-44TH ST","",0,36.7904,-97.3371,0,34,0,0,1,1,0,4,2,10,0,10,0,"0000000",99,99,99,99,99,99,0,0,0,2,1
40,400186,1,1,0,0,0,1,1,105,0,15,5,2016,1,14,36,0,1,5,1,3,"SR-10","",10,36.9109,-95.8098,0,34,0,0,1,1,0,4,1,10,0,10,0,"0000000",14,32,14,51,88,88,0,0,0,1,0
40,400187,1,1,0,0,0,2,2,125,2950,17,5,2016,3,17,9,1,1,1,1,1,"I-40","",0,35.3837,-97.0758,0,42,0,0,1,1,0,3,1,10,0,10,0,"0000000",17,8,17,19,17,39,0,0,0,1,0
40,400188,1,1,0,1,1,1,1,17,3550,18,5,2016,4,23,17,0,2,4,4,6,"S MORGAN RD","",0,35.45389444,-97.68914444,0,8,0,0,1,1,0,1,2,10,0,10,0,"0000000",23,17,23,23,23,43,0,0,0,1,0
40,400189,1,1,0,1,1,1,1,109,3550,31,3,2016,5,18,25,0,2,3,4,6,"S WESTERN AVE","",0,35.392075,-97.53013333,0,8,0,0,1,1,0,1,1,1,0,1,0,"0000000",18,26,18,33,18,51,0,0,0,1,0
40,400190,1,1,0,0,0,2,2,33,0,16,4,2016,7,6,15,0,1,5,1,2,"US-277","",214,34.4413,-98.4003,0,35,0,0,1,1,0,4,2,1,0,1,0,"0000000",99,99,99,99,99,99,0,0,0,1,1
40,400191,2,2,0,0,0,4,4,117,0,8,5,2016,1,8,30,0,1,5,1,2,"US-64","",27,36.286,-96.517,0,12,6,0,1,1,0,1,1,10,0,10,0,"0000000",9,0,9,23,9,40,0,0,0,1,0
40,400192,1,1,0,1,1,5,5,13,1430,15,5,2016,1,0,13,1,2,2,1,2,"US-69","",0,33.99693333,-96.40486944,0,8,0,0,1,1,0,1,2,1,0,1,0,"0000000",0,16,0,21,88,88,0,0,0,1,0
40,400193,3,3,0,0,0,4,4,109,3550,23,5,2016,2,6,53,0,2,4,4,6,"S COUNCIL RD","",0,35.44127222,-97.65406111,0,33,0,0,1,1,0,3,4,2,0,2,0,"0000000",6,54,7,1,7,44,0,0,0,1,0
40,400194,2,2,0,0,0,4,4,49,0,4,5,2016,4,7,29,0,1,5,1,3,"SR-19","CR-3100",113,34.8191,-97.4753,0,12,6,0,2,2,0,1,1,1,0,1,0,"0000000",99,99,99,99,88,88,0,0,0,1,0
40,400195,1,1,0,0,0,1,1,1,0,22,5,2016,1,17,30,0,1,5,2,4,"CR-BUNCH RD","",0,35.6667,-94.7877,0,1,0,0,1,1,0,4,1,1,0,1,0,"0000000",88,88,88,88,88,88,0,0,0,1,0
40,400196,1,1,0,0,0,1,1,13,0,19,5,2016,5,6,50,0,1,5,1,3,"SR-22","",68,34.1427,-96.3344,0,24,0,0,1,1,0,4,1,10,0,10,0,"0000000",7,4,7,19,7,49,0,0,0,1,0
40,400197,2,2,0,0,0,3,3,81,0,25,5,2016,4,11,18,1,1,1,1,1,"I-44","",271,35.7541,-96.6766,0,12,1,0,1,1,0,1,1,10,0,10,0,"0000000",99,99,99,99,88,88,0,0,0,1,0
40,400198,1,1,0,0,0,1,1,89,0,27,5,2016,6,7,26,0,1,5,2,4,"CR-OLD GOLDEN HWY","",0,34.0359,-94.8748,0,1,0,0,1,1,0,1,1,10,0,10,0,"0000000",7,26,7,40,88,88,0,0,0,1,0
40,400199,1,1,0,0,0,1,1,113,0,8,5,2016,1,0,23,0,1,7,2,4,"CR-2409","",0,36.536,-96.1629,0,1,0,0,1,1,0,4,2,10,0,10,0,"0000000",0,37,0,59,88,88,0,0,0,1,1
40,400200,1,1,0,0,0,4,4,9,0,14,4,2016,5,19,25,0,1,5,1,3,"SR-152","",28,35.2899,-99.5904,0,35,0,0,1,1,0,4,1,1,0,1,0,"0000000",19,33,20,8,21,25,0,0,0,1,0
40,400201,1,1,0,0,0,2,2,9,1510,4,5,2016,4,21,2,0,2,6,4,6,"E 7TH ST","",0,35.40743333,-99.384575,0,33,0,0,1,1,0,4,1,1,0,1,0,"0000000",20,2,20,4,20,30,0,0,0,1,0
40,400202,1,1,0,0,0,2,2,113,0,8,5,2016,1,2,34,0,1,7,2,4,"CR-EW2100","",0,36.7132,-96.0013,0,42,0,0,1,1,0,4,2,1,0,1,0,"0000000",2,8,2,15,88,88,0,0,0,1,1
40,400203,2,2,0,0,0,3,3,109,3170,10,5,2016,3,21,58,0,2,7,4,6,"TINKER DIAGONAL","I-40 ON-RAMP",0,35.44691111,-97.42600833,0,12,2,0,3,4,0,1,3,10,0,10,0,"0000000",22,0,22,4,22,42,0,0,0,1,0
40,400204,1,1,0,1,1,1,1,109,3550,24,4,2016,1,22,6,0,2,3,4,6,"W RENO AVE","",0,35.4641,-97.58900278,0,9,0,0,1,1,0,1,2,1,0,1,0,"0000000",22,5,22,12,88,88,0,0,0,1,0
40,400205,3,3,0,0,0,7,7,143,3630,15,5,2016,1,14,32,1,2,2,1,2,"US-169","",0,36.26604444,-95.84819722,0,12,1,0,1,1,1,1,1,10,0,10,0,"0000000",99,99,99,99,99,99,0,0,0,1,0
40,400206,1,1,0,0,0,1,1,47,0,23,5,2016,2,1,0,0,1,7,2,4,"CR-E0520","",0,36.2602,-97.8748,0,34,0,0,1,1,0,4,2,2,0,2,0,"0000000",1,4,1,21,88,88,0,0,0,1,1
40,400207,1,1,0,0,0,5,5,89,0,1,5,2016,1,21,37,0,1,5,2,4,"CR-PINE CREEK RD","",0,34.0564,-95.087,0,11,0,0,1,1,0,1,2,1,0,1,0,"0000000",22,20,23,45,1,27,0,0,0,1,0
40,400208,1,1,0,0,0,1,1,13,0,23,5,2016,2,99,99,0,1,7,2,4,"CR-SAWMILL RD","",0,34.0438,-96.3472,0,35,0,0,1,1,0,4,9,99,0,99,0,"0000000",88,88,88,88,88,88,0,0,0,1,1
40,400209,1,1,0,0,0,2,2,59,0,28,5,2016,7,14,7,0,1,4,1,2,"US-64","",15,36.812,-99.8227,0,1,0,0,1,1,0,1,1,1,0,1,0,"0000000",99,99,99,99,99,99,0,0,0,2,0
40,400210,1,1,0,0,0,2,2,91,0,28,5,2016,7,19,32,1,1,3,1,2,"US-69 ON-RAMP","",169,35.4553,-95.5457,0,1,0,0,20,1,0,1,1,1,0,1,0,"0000000",99,99,99,99,88,88,0,0,0,1,1
40,400211,3,3,0,0,0,5,5,51,4800,17,5,2016,3,12,38,0,1,5,1,3,"SR-37","",0,35.29097778,-97.69173333,0,12,2,0,1,1,0,1,1,10,0,10,0,"0000000",99,99,99,99,88,88,0,0,0,1,0
40,400212,3,3,0,0,0,3,3,79,0,9,5,2016,2,10,3,0,1,5,1,3,"SR-31","",67,35.1814,-94.8146,0,12,2,0,1,1,0,1,1,2,0,2,0,"0000000",10,5,10,18,11,31,0,0,0,1,0
40,400213,2,2,0,0,0,5,5,87,3870,3,6,2016,6,14,22,1,2,1,1,1,"I-35","",0,35.03915278,-97.37576944,0,12,6,0,1,1,0,1,1,2,0,2,0,"0000000",14,30,14,32,15,11,0,0,0,1,0
40,400214,2,2,0,0,0,2,2,131,0,3,5,2016,3,6,39,1,1,3,1,2,"US-412","SR-412P",53,36.1645,-95.637,0,12,6,0,2,2,0,1,1,5,0,5,0,"0000000",6,43,6,57,88,88,0,0,0,1,0
40,400215,3,3,0,0,0,5,5,109,3550,10,5,2016,3,21,33,0,2,3,4,6,"SE 29TH ST","S SHIELDS BLVD",0,35.43524167,-97.50916111,0,12,2,0,2,2,0,1,3,1,0,1,0,"0000000",21,34,21,39,22,0,0,0,0,1,0
40,400216,1,1,0,0,0,1,1,109,1480,15,5,2016,1,14,46,0,2,5,4,6,"N BROADWAY ST","",0,35.68398056,-97.47579167,0,30,0,0,1,1,0,4,1,10,0,10,0,"0000000",14,47,14,55,88,88,0,0,0,1,0
40,400217,4,4,0,0,0,4,4,101,3310,7,5,2016,7,16,52,1,2,3,1,2,"US-69","ARLINE ST",0,35.74748056,-95.40258611,0,12,6,0,2,2,0,1,1,1,0,1,0,"0000000",16,54,16,57,88,88,0,0,0,1,0
40,400218,1,1,0,0,0,3,3,11,0,19,5,2016,5,9,12,0,1,7,2,4,"CR-2670","",0,35.9604,-98.2456,0,1,0,0,1,1,0,4,1,2,0,2,0,"0000000",99,99,99,99,99,99,0,0,0,2,0
40,400219,1,1,0,1,1,1,1,47,1550,21,5,2016,7,0,13,0,2,7,4,6,"W ELM AVE","",0,36.40000833,-97.89525556,0,8,0,0,1,1,0,1,3,1,0,1,0,"0000000",0,15,0,18,88,88,0,0,0,1,1
40,400220,2,2,0,0,0,3,3,37,2580,28,5,2016,7,8,7,0,2,3,1,2,"US-75A","",0,35.95586111,-96.07178889,0,12,6,0,1,1,0,1,1,1,0,1,0,"0000000",8,8,8,13,9,27,0,0,0,1,0
40,400221,2,2,0,0,0,2,2,133,0,2,6,2016,5,17,28,1,1,3,1,2,"US-377","",113,35.0618,-96.6794,0,12,6,0,1,1,0,1,1,2,0,2,0,"0000000",17,32,17,55,18,26,0,0,0,1,0
40,400222,2,2,0,0,0,4,4,43,0,4,6,2016,7,0,35,1,1,3,1,2,"US-270","",152,35.9792,-98.7453,0,12,2,0,1,1,0,1,2,1,0,1,0,"0000000",0,51,1,35,2,32,0,0,0,1,1
40,400223,1,1,0,0,0,6,6,145,0,4,6,2016,7,19,28,0,1,7,2,4,"CR-S 365TH E AVE","",0,35.8486,-95.5709,0,1,0,0,1,1,0,4,1,10,0,10,0,"0000000",19,30,19,44,20,51,0,0,0,1,0
40,400224,1,1,0,0,0,2,2,71,0,5,6,2016,1,12,54,0,1,5,2,4,"CR-ENTERPRISE","",0,36.7826,-96.96,0,11,0,0,1,1,0,1,1,1,0,1,0,"0000000",99,99,99,99,99,99,0,0,0,1,0
40,400225,2,2,0,0,0,2,2,13,710,8,6,2016,4,17,29,1,2,3,1,2,"US-69/75","PLATTER RD",0,33.91073056,-96.46023333,0,12,6,0,2,3,0,1,1,1,0,1,0,"0000000",17,32,17,37,88,88,0,0,0,1,0
40,400226,1,1,0,1,1,1,1,39,5080,27,5,2016,6,19,36,0,2,7,4,6,"E HUBER AVE","N 6TH ST",0,35.53111667,-98.71310556,0,15,0,0,2,2,0,1,1,10,0,10,0,"0000000",19,35,19,37,88,88,0,0,0,1,0
40,400227,1,1,0,0,0,4,4,145,0,10,6,2016,6,19,24,0,1,7,2,4,"CR-N 50TH ST","",0,35.9081,-95.2967,0,1,0,0,8,1,0,1,1,1,0,1,0,"0000000",19,44,20,14,20,51,0,0,0,1,1
40,400228,1,1,0,0,0,1,1,129,0,1,6,2016,4,19,33,0,1,5,1,3,"SR-33","",130,35.6643,-99.455,0,42,0,0,1,1,0,4,1,10,0,10,0,"0000000",19,35,19,44,88,88,0,0,0,1,0
40,400230,1,1,0,0,0,1,1,151,0,30,4,2016,7,0,9,0,2,5,2,4,"CR-NS430","",0,36.8123,-98.6836,0,31,0,0,1,1,0,4,2,10,0,10,0,"0000000",0,10,0,15,88,88,0,0,0,1,1
40,400231,2,2,0,0,0,3,3,109,3550,6,6,2016,2,15,2,0,2,3,4,6,"N LINCOLN BLVD","NE 28TH ST",0,35.49864722,-97.50344167,0,12,6,0,2,2,0,1,1,10,0,10,0,"0000000",15,3,15,6,15,13,0,0,0,1,0
40,400232,3,2,1,1,1,2,2,41,0,18,5,2016,4,9,32,0,1,4,1,3,"SR-20","",14,36.4197,-94.9843,0,12,7,0,1,1,4,1,1,1,0,1,0,"0000000",9,25,9,39,10,8,0,0,0,1,0
40,400233,1,1,0,0,0,1,1,139,0,27,5,2016,6,1,20,0,1,5,2,4,"CR-207","",0,36.5717,-101.3803,0,38,0,0,1,1,0,4,2,1,0,1,0,"0000000",99,99,99,99,99,99,0,0,0,1,0
40,400234,2,2,0,0,0,2,2,137,0,3,6,2016,6,8,2,0,1,4,1,3,"SR-29","CR-CASON RD",48,34.6379,-97.8791,0,12,6,0,2,2,0,1,1,2,0,2,0,"0000000",8,1,8,9,8,43,0,0,0,1,0
40,400235,2,1,1,0,0,1,1,109,3550,9,4,2016,7,0,50,0,2,4,4,6,"N MACARTHUR BLVD","",0,35.55193889,-97.61920556,0,33,0,0,1,1,0,4,3,1,0,1,0,"0000000",0,51,0,55,1,21,0,0,0,1,0
40,400236,2,2,0,0,0,3,3,35,0,19,5,2016,5,11,11,0,1,4,1,2,"US-60","SR-82",0,36.627,-95.0619,0,12,2,0,2,4,0,1,1,10,0,10,0,"0000000",11,35,11,51,12,33,0,0,0,2,0
40,400237,1,1,0,0,0,1,1,37,0,27,5,2016,6,3,22,1,2,1,1,1,"I-44","",16,36.0124,-96.0988,0,25,0,0,1,1,0,3,3,10,0,10,0,"0000000",99,99,99,99,88,88,0,0,0,1,0
40,400238,1,1,0,0,0,1,1,79,3840,30,1,2016,7,22,12,0,2,4,4,6,"N WITTE ST","",0,35.06196389,-94.59969167,0,53,0,0,1,1,0,4,2,1,0,1,0,"0000000",22,13,22,25,88,88,0,0,0,1,1
40,400239,2,2,0,0,0,2,2,121,2090,21,1,2016,5,21,40,0,1,4,1,2,"US-270","N  7TH ST",0,34.84662778,-95.56165833,0,12,6,0,2,2,0,1,3,1,0,1,0,"0000000",99,99,99,99,99,99,0,0,0,1,1
40,400240,1,1,0,0,0,1,1,143,4780,15,4,2016,6,23,24,0,2,3,4,6,"S MEMORIAL DR","",0,36.02022222,-95.88655833,0,33,0,0,8,1,0,4,3,1,0,1,0,"0000000",23,9,23,24,23,29,0,0,0,1,1
40,400241,1,1,0,0,0,1,1,47,0,9,5,2016,2,4,45,1,1,3,1,2,"US-64","",45,36.3977,-97.7563,0,59,0,0,6,1,0,1,2,1,0,1,0,"011717R",4,54,5,3,88,88,0,0,0,1,0
40,400242,1,1,0,0,0,3,3,13,0,22,5,2016,1,18,30,0,1,7,2,4,"CR-JACKRABBIT ALLEY","",0,33.9253,-96.4659,0,38,0,0,1,1,0,5,1,10,0,10,0,"0000000",18,34,18,41,20,1,0,0,0,1,0
40,400243,2,2,0,0,0,5,5,21,0,30,5,2016,2,16,17,0,1,5,1,3,"SR-82","",25,35.67980278,-94.92224167,0,12,6,0,1,1,0,1,1,10,0,10,0,"0000000",16,18,16,34,17,26,0,0,0,3,0
40,400244,1,1,0,0,0,2,2,37,0,1,6,2016,4,16,9,0,1,4,1,3,"SR-33","",151,35.9956,-96.3587,0,38,0,0,1,1,0,4,1,10,0,10,0,"0000000",16,12,16,31,17,19,0,0,0,1,0
40,400245,1,1,0,0,0,1,1,113,0,6,6,2016,2,13,30,0,1,5,2,4,"CR-JAVINE HILL RD","",0,36.4455,-96.0597,0,42,0,0,1,1,0,4,1,1,0,1,0,"0000000",13,53,14,18,14,42,0,0,0,1,1
40,400246,2,2,0,0,0,4,4,123,0,10,6,2016,6,17,41,1,1,3,1,8,"CHICKASAW TURNPIKE","SR-1",36,34.65688333,-96.79536389,0,12,6,1,2,3,0,1,1,1,0,1,0,"0000000",17,38,17,49,18,17,0,0,0,2,0
40,400247,2,2,0,0,0,3,3,151,0,2,4,2016,7,14,57,0,1,4,1,2,"US-281","",27,36.5453,-98.8744,0,12,6,0,1,1,0,1,1,1,0,1,0,"0000000",14,54,15,30,16,44,0,0,0,1,0
40,400248,3,3,0,0,0,3,3,125,2950,3,4,2016,1,20,39,0,1,5,4,3,"SR-270","",0,35.43473611,-97.12231111,0,12,6,0,1,1,0,1,5,1,0,1,0,"0000000",20,39,20,58,21,35,0,0,0,1,2
40,400249,1,1,0,1,1,1,1,143,4780,27,4,2016,4,20,53,0,2,4,4,6,"E 11TH ST S","",0,36.14791389,-95.97730833,0,8,0,0,1,1,0,1,3,1,0,1,0,"0000000",20,52,20,58,88,88,0,0,0,1,1
40,400250,2,2,0,0,0,2,2,143,4780,3,5,2016,3,21,1,0,2,4,4,6,"E 61ST ST S","",0,36.07531667,-95.91762778,0,12,6,0,4,1,0,1,3,1,0,1,0,"0000000",21,4,21,10,21,57,0,0,0,1,1
40,400251,2,2,0,0,0,4,4,143,4780,6,5,2016,6,17,27,0,2,7,4,6,"N DENVER AVE","W SEMINOLE ST",0,36.18057222,-95.99941389,0,12,6,0,2,2,0,1,1,1,0,1,0,"0000000",17,26,17,33,17,50,0,0,0,1,1
40,400252,2,2,0,0,0,3,3,97,0,1,6,2016,4,19,0,0,1,5,1,3,"SR-82","",87,36.3587,-95.0681,0,1,0,0,1,1,0,1,1,1,0,1,0,"0000000",19,23,19,51,20,22,0,0,0,1,0
40,400253,1,1,0,1,1,1,1,33,0,2,6,2016,5,4,5,0,1,5,1,2,"US-70","",0,34.1737,-98.4539,0,8,0,0,1,1,0,1,2,99,0,99,0,"0000000",88,88,88,88,88,88,0,0,0,1,0
40,400254,1,1,0,1,1,1,1,143,590,3,6,2016,6,22,34,0,2,7,4,6,"N ELM PL","W FARGO ST",0,36.080025,-95.79743333,0,8,0,0,2,2,0,1,2,1,0,1,0,"0000000",99,99,99,99,99,99,0,0,0,1,0
40,400255,1,1,0,0,0,2,2,145,590,13,6,2016,2,15,45,1,2,2,1,8,"CREEK TURNPIKE","",0,36.0632,-95.7378,0,59,0,0,1,1,0,4,1,1,0,1,0,"0000000",99,99,99,99,99,99,0,0,0,1,0
40,400256,2,2,0,0,0,6,6,111,0,13,6,2016,2,19,37,0,1,7,2,4,"CR-GRIMES RD","CR-330 RD",0,35.7837,-95.784,0,12,6,0,2,2,0,1,1,1,0,1,0,"0000000",19,32,19,59,21,3,0,0,0,1,0
40,400257,1,1,0,0,0,1,1,51,0,15,6,2016,4,5,40,1,1,3,1,2,"US-81","",50,34.7548,-97.9584,0,11,0,0,1,1,0,1,2,1,0,1,0,"0000000",99,99,99,99,88,88,0,0,0,1,0
40,400258,2,2,0,0,0,2,2,125,0,21,6,2016,3,14,28,0,1,4,1,2,"US-177","",158,35.1955,-96.9318,0,12,2,0,1,1,0,1,1,10,0,10,0,"0000000",99,99,99,99,88,88,0,0,0,2,0
40,400259,2,2,0,0,0,2,2,13,1050,21,6,2016,3,16,45,1,1,3,1,2,"US-69","",0,33.83832222,-96.51983333,0,12,6,0,1,1,0,1,1,1,0,1,0,"0000000",88,88,88,88,88,88,26,0,0,1,0
40,400260,2,2,0,0,0,5,5,83,0,22,6,2016,4,15,10,0,1,3,1,3,"SR-74","",62,35.8155,-97.585,0,12,6,0,1,1,0,1,1,1,0,1,0,"0000000",15,25,15,58,16,25,0,0,0,3,0
40,400261,1,1,0,0,0,1,1,79,0,23,6,2016,5,0,0,0,1,5,1,3,"SR-82","",5,34.7846,-95.0554,0,42,0,0,1,1,0,4,2,1,0,1,0,"0000000",4,31,4,38,88,88,0,0,0,1,1
40,400262,1,1,0,1,1,1,1,109,3550,23,6,2016,5,0,13,1,2,1,1,1,"I-44","",0,35.52355278,-97.54092222,0,8,0,0,1,1,0,1,3,1,0,1,0,"0000000",0,14,0,20,88,88,0,0,0,1,0
40,400263,1,1,0,0,0,1,1,1,0,24,6,2016,6,13,1,0,1,7,2,4,"CR-E670","",0,36.01683611,-94.57363611,0,10,0,0,6,1,0,1,1,1,0,1,0,"330603H",99,99,99,99,88,88,0,0,0,1,0
40,400264,1,1,0,0,0,2,2,121,0,24,6,2016,6,23,37,0,1,7,2,4,"CR-DEER RUN LANE","",0,35.2851,-95.5092,0,1,0,0,1,1,0,1,2,1,0,1,0,"0000000",23,51,23,59,88,88,0,0,0,1,1
40,400265,2,2,0,0,0,2,2,83,2000,26,6,2016,1,16,5,0,1,5,1,3,"SR-74","WATERLOO RD",0,35.7258,-97.5848,0,12,6,0,2,2,0,1,1,1,0,1,0,"0000000",99,99,99,99,99,99,0,0,0,1,1
40,400266,2,2,0,0,0,4,4,17,3550,27,6,2016,2,17,43,1,1,1,1,1,"I-40","",0,35.4698,-97.7285,0,12,1,0,1,1,0,1,1,1,0,1,0,"0000000",17,47,17,52,18,32,0,0,0,1,0
40,400267,1,1,0,0,0,1,1,133,0,30,6,2016,5,19,39,1,1,1,1,1,"I-40","",94,35.384,-96.6718,0,21,0,0,1,1,0,4,1,1,0,1,0,"0000000",99,99,99,99,88,88,0,0,0,1,1
40,400268,2,2,0,0,0,4,4,143,0,1,6,2016,4,15,42,0,2,3,2,4,"CR-21ST ST SOUTH","CR-49TH WEST AVE",0,36.1334,-96.0472,0,12,6,0,2,3,0,1,1,2,0,2,0,"0000000",15,47,16,8,16,52,0,0,0,1,0
40,400269,1,1,0,0,0,1,1,111,0,6,6,2016,2,99,99,0,1,7,2,4,"CR-N220","",0,35.8432,-95.9795,0,1,0,0,1,1,0,4,1,1,0,1,0,"0000000",88,88,88,88,88,88,0,0,0,1,1
40,400270,2,2,0,0,0,2,2,31,0,29,6,2016,4,12,36,0,2,4,2,4,"CR-CACHE RD","CR-DEYO MISSION RD",0,34.6235,-98.5452,0,12,6,0,2,2,0,1,1,10,0,10,0,"0000000",99,99,99,99,99,99,0,0,0,1,0
40,400271,2,2,0,0,0,4,4,107,0,3,7,2016,1,4,57,1,1,1,1,1,"I-40","",167,35.4278,-96.1613,0,12,2,0,1,1,0,1,2,2,0,2,0,"0000000",99,99,99,99,88,88,0,0,0,2,1
40,400272,1,1,0,0,0,4,4,97,0,20,6,2016,2,21,28,0,1,5,2,4,"CR-EW4675","CR-N439",0,36.3377,-95.1846,0,42,0,0,3,3,0,4,2,1,0,1,0,"0000000",21,17,21,32,23,5,0,0,0,1,0
40,400273,2,2,0,0,0,2,2,109,1480,10,3,2016,5,7,21,0,2,3,4,6,"W EDMOND RD","S KELLY AVE",0,35.65296389,-97.49599167,0,12,2,0,2,2,0,1,1,10,0,10,0,"0000000",7,21,7,29,7,53,20,0,0,1,0
40,400274,1,1,0,1,1,1,1,81,5130,24,3,2016,5,20,57,0,1,5,1,3,"SR-66","",0,35.68100833,-97.07452778,0,8,0,0,1,1,0,1,2,1,0,1,0,"0000000",22,15,22,31,88,88,0,0,0,1,0
40,400275,2,2,0,0,0,2,2,137,0,9,7,2016,7,10,50,0,1,7,2,4,"CR-CHESTNUT AVE","",0,34.5071,-97.9147,0,12,6,0,1,1,0,1,1,1,0,1,0,"0000000",10,53,10,54,12,6,0,0,0,1,0
40,400276,2,2,0,0,0,4,4,69,0,5,6,2016,1,15,48,0,1,5,1,3,"SR-1","",108,34.3795,-96.8081,0,12,2,0,1,1,0,1,1,10,0,10,0,"0000000",15,43,16,4,17,20,0,0,0,1,0
40,400277,2,2,0,0,0,2,2,17,1540,16,6,2016,5,21,8,1,2,1,1,1,"I-40","",0,35.5011,-97.9247,0,12,1,0,1,1,1,1,5,1,0,1,0,"0000000",99,99,99,99,88,88,0,0,0,1,0
40,400278,1,1,0,1,1,2,2,121,0,12,7,2016,3,23,33,0,1,3,1,2,"US-69","",0,34.9758,-95.7573,0,8,0,0,1,1,0,1,2,1,0,1,0,"0000000",23,33,23,39,88,88,0,0,0,1,0
40,400279,2,2,0,0,0,3,3,41,0,25,6,2016,7,13,56,0,1,5,1,3,"SR-28","",25,36.4717,-94.9672,0,12,6,0,8,1,0,1,1,1,0,1,0,"0000000",13,52,14,10,14,55,0,0,0,1,0
40,400280,1,1,0,0,0,1,1,41,0,7,7,2016,5,99,99,0,1,5,1,3,"SR-28","",17,36.4707,-94.9811,0,30,0,0,1,1,0,4,9,1,0,1,0,"0000000",11,10,11,30,88,88,0,0,0,1,0
40,400281,1,1,0,0,0,1,1,97,0,10,7,2016,1,0,35,0,1,5,1,3,"SR-82","",15,36.426,-95.0559,0,1,0,0,1,1,0,4,2,1,0,1,0,"0000000",0,28,0,38,88,88,0,0,0,1,1
40,400282,2,2,0,0,0,2,2,97,3855,16,6,2016,5,14,10,1,2,3,1,3,"SR-69","SE 49TH",0,36.26450556,-95.33308333,0,12,1,0,3,2,0,1,1,10,0,10,0,"0000000",14,9,14,15,16,12,0,0,0,1,0
40,400283,1,1,0,0,0,1,1,17,3320,28,6,2016,3,0,47,0,2,4,4,6,"N MORGAN RD","",0,35.39486944,-97.68913889,0,34,0,0,1,1,0,4,2,1,0,1,0,"0000000",0,49,0,57,88,88,0,0,0,1,1
40,400284,2,2,0,0,0,4,4,37,0,14,6,2016,3,22,10,0,1,7,2,4,"CR-W 251ST ST S","",0,35.7989,-96.4959,0,12,7,0,1,1,0,1,2,1,0,1,0,"0000000",99,99,99,99,88,88,0,0,0,1,1
40,400285,2,2,0,0,0,2,2,29,0,7,7,2016,5,17,5,0,1,3,1,2,"US-75","",69,34.6752,-96.2669,0,12,2,0,1,1,4,1,1,1,0,1,0,"0000000",17,7,17,20,88,88,0,0,0,1,0
40,400286,1,1,0,0,0,2,2,9,0,10,7,2016,1,1,28,0,1,7,2,4,"CR-1070","",0,35.4653,-99.3749,0,38,0,0,1,1,0,4,2,1,0,1,0,"0000000",1,40,1,47,2,28,0,0,0,1,1
40,400287,1,1,0,1,1,1,1,147,1340,11,7,2016,2,22,19,1,1,3,1,2,"US-75","",0,36.78020278,-95.93535278,0,9,0,0,1,1,0,1,2,1,0,1,0,"0000000",22,22,22,25,22,48,0,0,0,1,0
40,400288,2,2,0,0,0,3,3,5,260,4,6,2016,7,10,37,1,1,3,1,2,"US-69","",0,34.36730833,-96.13986944,0,12,6,0,8,1,0,1,1,1,0,1,0,"0000000",10,38,10,43,11,8,0,0,0,1,0