"STATE","ST_CASE","VE_TOTAL","VE_FORMS","PVH_INVL","PEDS","PERNOTMVIT","PERMVIT","PERSONS","COUNTY","CITY","DAY","MONTH","YEAR","DAY_WEEK","HOUR","MINUTE","NHS","RUR_URB","FUNC_SYS","RD_OWNER","ROUTE","TWAY_ID","TWAY_ID2","MILEPT","LATITUDE","LONGITUD","SP_JUR","HARM_EV","MAN_COLL","RELJCT1","RELJCT2","TYP_INT","WRK_ZONE","REL_ROAD","LGT_COND","WEATHER1","WEATHER2","WEATHER","SCH_BUS","RAIL","NOT_HOUR","NOT_MIN","ARR_HOUR","ARR_MIN","HOSP_HR","HOSP_MN","CF1","CF2","CF3","FATALS","DRUNK_DR"
40,400289,3,3,0,0,0,5,5,147,300,28,6,2016,3,18,54,1,2,3,1,2,"US-60","HARNED RD",0,36.72801111,-95.92234444,0,12,2,0,2,2,0,1,1,10,0,10,0,"0000000",18,50,18,55,88,88,20,14,0,1,0
40,400290,1,1,0,0,0,3,3,119,0,16,7,2016,7,3,49,0,1,7,2,4,"CR-AIRPORT","CR-FAIRGROUNDS",0,36.1598,-96.9989,0,38,0,0,3,3,0,4,2,10,0,10,0,"0000000",4,0,4,10,5,21,0,0,0,1,1
40,400291,1,1,0,0,0,2,2,89,0,17,7,2016,1,12,30,0,1,3,1,3,"SR-3","",127,33.824,-94.6516,0,35,0,0,1,1,0,4,1,10,0,10,0,"0000000",12,14,12,28,13,58,0,0,0,1,1
40,400292,1,1,0,0,0,1,1,145,0,10,7,2016,1,18,13,0,1,5,2,4,"CR-S 305TH E AVE","",0,36.0769,-95.6368,0,32,0,0,1,1,0,4,1,1,0,1,0,"0000000",99,99,99,99,88,88,0,0,0,1,1
40,400293,1,1,0,0,0,1,1,143,4780,1,6,2016,4,14,49,1,2,1,1,1,"I-244","",0,36.1221,-96.0085,0,59,0,0,1,1,0,4,1,2,0,2,0,"0000000",14,47,14,56,15,28,0,0,0,1,0
40,400294,1,1,0,0,0,1,1,127,0,9,7,2016,7,19,13,0,1,5,2,4,"CR-RUFE","",0,34.1732,-95.1565,0,42,0,0,1,1,0,4,1,10,0,10,0,"0000000",19,13,19,42,88,88,0,0,0,1,0
40,400295,1,1,0,0,0,4,4,79,0,14,7,2016,5,10,35,0,1,5,1,3,"SR-63","",358,34.6444,-94.4621,0,34,0,0,1,1,0,4,1,1,0,1,0,"0000000",11,3,11,42,12,39,0,0,0,1,0
40,400296,1,1,0,0,0,1,1,17,1540,17,7,2016,1,6,15,1,2,1,1,1,"I-40","",0,35.5147,-98.0003,0,24,0,0,1,1,0,4,4,1,0,1,0,"0000000",99,99,99,99,88,88,0,0,0,1,0
40,400297,3,2,1,1,3,5,7,123,0,25,6,2016,7,10,14,0,2,2,1,3,"SR-1","",10,34.777,-96.7018,0,8,0,0,1,1,0,1,1,10,0,10,0,"0000000",10,15,10,20,88,88,0,0,0,1,0
40,400298,2,2,0,0,0,4,4,115,0,12,6,2016,1,15,44,1,1,1,1,1,"I-44","",0,36.911,-94.7865,0,12,7,0,1,1,0,1,1,2,0,2,0,"0000000",99,99,99,99,99,99,26,0,0,1,0
40,400299,1,1,0,0,0,1,1,123,20,17,6,2016,6,6,32,1,2,2,1,2,"US-377 OFF-RAMP","JA RICHARDSON LOOP",0,34.793175,-96.69414444,0,59,0,1,5,1,0,4,2,10,0,10,0,"0000000",6,37,6,42,88,88,0,0,0,1,0
40,400300,3,3,0,0,0,5,5,89,600,21,6,2016,3,9,40,1,1,3,1,2,"US-259","",0,34.11176667,-94.73936111,0,12,6,0,1,1,0,4,1,1,0,1,0,"0000000",9,40,9,49,10,15,0,0,0,1,0
40,400301,2,2,0,0,0,3,3,111,0,1,7,2016,6,16,51,1,1,3,1,2,"US-75","CR-241ST ST S",150,35.8135,-96.0154,0,12,11,0,2,2,0,1,1,1,0,1,0,"0000000",16,46,16,45,88,88,0,0,0,2,0
40,400302,1,1,0,0,0,1,1,87,0,1,7,2016,6,23,28,1,1,1,1,1,"I-35","",48,34.9198,-97.3571,0,24,0,0,1,1,0,3,2,10,0,10,0,"0000000",23,33,23,37,0,28,0,0,0,1,1
40,400303,1,1,0,0,0,1,1,51,0,5,7,2016,3,21,41,0,1,7,2,4,"CR-1400","",0,34.98601111,-97.79265278,0,42,0,0,1,1,0,4,2,1,0,1,0,"0000000",23,40,23,57,88,88,0,0,0,1,1
40,400304,2,2,0,0,0,2,2,97,0,21,7,2016,5,11,58,0,1,5,1,3,"SR-69A","",41,36.24937222,-95.26148056,0,12,2,0,1,1,0,1,1,1,0,1,0,"0000000",11,55,12,2,12,37,0,0,0,1,0
40,400305,1,1,0,0,0,1,1,133,0,23,7,2016,7,20,47,0,1,5,1,3,"SR-59","",54,35.1883,-96.7299,0,43,0,0,1,1,0,4,5,1,0,1,0,"0000000",20,50,20,59,88,88,0,0,0,1,1
40,400306,2,2,0,0,0,3,3,109,3550,23,7,2016,7,21,37,0,2,3,4,6,"NW 23RD ST","N ROFF AVE",0,35.49330833,-97.58786111,0,12,2,0,2,2,4,1,2,1,0,1,0,"0000000",21,40,21,46,22,4,19,0,0,1,1
40,400307,1,1,0,0,0,2,2,27,3550,24,7,2016,1,14,0,0,1,7,4,6,"S ROCKWELL AVE","",0,35.358075,-97.6358,0,38,0,0,1,1,0,4,1,1,0,1,0,"0000000",14,1,14,19,14,46,0,0,0,1,0
40,400308,2,2,0,0,0,2,2,143,3630,26,6,2016,1,9,47,0,2,3,4,6,"76TH ST N","MINGO RD",0,36.2641,-95.8661,0,12,6,0,2,3,0,1,1,1,0,1,0,"0000000",99,99,99,99,99,99,20,0,0,1,0
40,400309,1,1,0,0,0,1,1,79,0,9,7,2016,7,18,45,0,1,7,2,4,"CR-TUCKER RD","",0,35.261,-94.6859,0,34,0,0,1,1,0,4,1,1,0,1,0,"0000000",18,43,18,57,88,88,0,0,0,1,1
40,400310,1,1,0,0,0,2,2,143,4780,17,7,2016,1,1,49,1,2,2,1,8,"CREEK TURNPIKE","",0,36.0246,-95.9415,0,25,0,0,1,1,0,4,3,10,0,10,0,"0000000",1,51,1,53,88,88,0,0,0,2,1
40,400311,1,1,0,1,1,1,1,109,3550,28,7,2016,5,14,6,0,2,3,4,6,"S PENN","SW 23RD ST",0,35.44138889,-97.54796111,0,9,0,0,2,3,0,1,1,10,0,10,0,"0000000",14,6,14,13,14,24,0,0,0,1,0
40,400312,2,2,0,0,0,2,2,113,3680,25,7,2016,2,15,55,0,1,4,1,3,"SR-11","",0,36.6566,-96.3136,0,12,6,0,1,1,0,1,1,10,0,10,0,"0000000",99,99,99,99,88,88,0,0,0,1,0
40,400313,1,1,0,0,0,1,1,89,0,2,8,2016,3,2,37,0,1,5,2,4,"CR-BATTIEST-PICKENS RD","",0,34.392,-94.9134,0,30,0,0,1,1,0,4,2,10,0,10,0,"0000000",2,56,3,22,99,96,0,0,0,1,1
40,400314,1,1,0,0,0,4,4,129,0,27,5,2016,6,20,14,0,1,7,2,4,"CR-1060","",0,35.4794,-99.6717,0,5,0,0,1,1,0,1,1,10,0,10,0,"0000000",20,3,20,19,21,19,0,0,0,1,0
40,400315,1,1,0,0,0,1,1,73,0,17,7,2016,1,14,59,0,1,5,2,4,"CR-2920","",0,36.0959,-97.8001,0,31,0,0,1,1,0,4,1,1,0,1,0,"0000000",14,57,15,13,88,88,0,0,0,1,0
40,400316,2,2,0,0,0,3,3,109,2080,8,1,2016,6,18,15,0,2,3,1,2,"US-62","",0,35.49308056,-97.1857,0,12,2,0,1,1,0,1,3,2,0,2,0,"0000000",18,16,18,22,19,20,0,0,0,1,0
40,400317,2,2,0,0,0,3,3,125,4300,21,7,2016,5,15,38,0,2,4,1,2,"US-177","SR-270",0,35.3911,-97.0003,0,12,6,0,2,2,0,1,1,1,0,1,0,"0000000",15,37,15,45,16,14,0,0,0,1,0
40,400318,2,2,0,0,0,3,3,101,0,25,7,2016,2,20,1,0,1,4,1,2,"US-62","CR-2 MILE RD",75,35.7973,-95.2162,0,12,2,0,2,2,0,1,1,1,0,1,0,"0000000",19,58,20,7,20,51,0,0,0,1,0
40,400319,1,1,0,0,0,1,1,123,0,30,7,2016,7,16,27,0,1,7,2,4,"CR-1550","",0,34.7676,-96.7768,0,38,0,0,1,1,0,4,1,1,0,1,0,"0000000",16,20,16,27,88,88,0,0,0,1,1
40,400320,2,2,0,0,0,2,2,71,0,1,8,2016,2,7,24,0,1,5,2,4,"CR-HIGHLAND","CR-U ST",0,36.70982778,-97.15661389,0,12,6,0,2,2,0,1,4,1,0,1,0,"0000000",7,26,7,32,88,88,0,0,0,1,0
40,400321,1,1,0,1,1,1,1,109,3550,6,8,2016,7,22,24,0,2,3,4,6,"S MAY AVE","",0,35.41637778,-97.565525,0,8,0,0,1,1,0,1,3,1,0,1,0,"0000000",22,23,22,28,22,46,0,0,0,1,0
40,400322,3,3,0,0,0,10,10,153,0,24,7,2016,1,0,30,1,2,3,1,3,"SR-15","CR-NS198",80,36.4337,-99.4796,0,12,6,0,2,2,0,1,2,1,0,1,0,"0000000",0,29,0,40,1,8,0,0,0,2,0
40,400323,1,1,0,0,0,1,1,73,0,28,7,2016,5,99,99,0,1,5,1,3,"SR-51","",59,36.1162,-97.7922,0,35,0,0,1,1,0,4,2,1,0,1,0,"0000000",2,13,2,28,88,88,0,0,0,1,0
40,400324,1,1,0,0,0,1,1,145,0,6,8,2016,7,6,47,0,1,7,2,4,"CR-211TH ST","",0,35.8565,-95.5439,0,1,0,0,1,1,0,4,2,10,0,10,0,"0000000",6,37,7,1,88,88,0,0,0,1,1
40,400325,3,1,2,0,0,1,1,109,3550,13,8,2016,7,16,19,0,2,7,4,6,"NW 14TH ST","",0,35.48369444,-97.53510556,0,14,0,0,1,1,0,4,1,1,0,1,0,"0000000",16,18,16,23,16,38,0,0,0,1,0
40,400326,2,2,0,0,0,2,2,147,0,2,8,2016,3,15,46,1,1,3,1,2,"US-75","CR-EW1100",90,36.8589,-95.9352,0,12,6,0,2,2,0,1,1,1,0,1,0,"0000000",15,42,15,54,16,18,0,0,0,1,0
40,400327,2,2,0,0,0,3,3,77,0,9,8,2016,3,7,4,0,1,4,1,3,"SR-2","",43,34.7301,-95.2825,0,12,6,0,1,1,0,1,1,1,0,1,0,"0000000",7,40,8,10,9,5,0,0,0,2,0
40,400328,2,2,0,0,0,2,2,17,3550,9,8,2016,3,8,56,0,2,4,1,3,"SR-4","",0,35.58044722,-97.74505556,0,12,2,0,1,1,0,1,1,10,0,10,0,"0000000",8,56,9,10,10,14,0,0,0,1,0
40,400329,1,1,0,0,0,4,4,87,3870,11,8,2016,5,10,5,0,2,3,1,2,"US-77","CR-170TH ST",0,34.9569,-97.3516,0,35,0,0,3,2,0,4,1,1,0,1,0,"0000000",9,39,9,43,11,5,0,0,0,2,0
40,400330,3,3,0,0,0,5,5,27,3430,21,3,2016,2,23,19,0,1,4,1,3,"SR-9","",0,35.22153611,-97.21373611,0,12,2,0,1,1,0,1,2,1,0,1,0,"0000000",23,19,23,36,88,88,14,0,0,4,0
40,400331,4,4,0,0,0,6,6,49,0,13,8,2016,7,17,43,0,1,4,1,2,"US-177","",57,34.7197,-96.9677,0,12,6,0,1,1,0,1,1,1,0,1,0,"0000000",17,47,18,5,19,4,0,0,0,2,0
40,400332,2,2,0,0,0,2,2,97,0,14,8,2016,1,19,46,0,1,5,1,3,"SR-28","",43,36.4378,-95.3581,0,12,1,0,8,1,0,1,1,10,0,10,0,"0000000",19,50,20,3,20,41,0,0,0,1,0
40,400333,1,1,0,0,0,1,1,21,0,14,8,2016,1,99,99,0,1,7,2,4,"CR-845","",0,35.7912,-94.86,0,42,0,0,1,1,0,4,9,1,0,1,0,"0000000",8,10,8,33,88,88,0,0,0,1,1
40,400334,2,2,0,0,0,2,2,27,3430,11,6,2016,7,10,40,0,1,5,4,6,"W FRANKLIN RD","60TH AVE NW",0,35.27638056,-97.52965556,0,12,6,0,2,2,0,1,1,10,0,10,0,"0000000",10,40,10,50,11,19,0,0,0,1,0
40,400335,1,1,0,0,0,1,1,23,0,11,6,2016,7,16,44,1,1,3,1,2,"US-70","",21,33.995,-95.4852,0,1,0,0,1,1,0,3,1,10,0,10,0,"0000000",16,45,16,45,17,0,0,0,0,1,0
40,400336,1,1,0,0,0,1,1,45,0,12,8,2016,6,17,35,0,1,7,2,4,"CR-NS175","",0,36.1368,-99.8813,0,58,0,0,1,1,0,1,1,1,0,1,0,"0000000",99,99,99,99,88,88,20,0,0,1,1
40,400337,1,1,0,0,0,2,2,113,0,13,8,2016,7,1,40,0,2,7,2,4,"CR-N 25TH W AVE","",0,36.2207,-96.0198,0,44,0,0,1,1,0,4,2,10,0,10,0,"0000000",1,17,1,24,1,54,0,0,0,1,0
40,400338,1,1,0,0,0,2,2,145,0,14,8,2016,1,5,54,0,1,5,1,2,"US-64","",26,35.8796,-95.7322,0,1,0,0,1,1,0,4,4,1,0,1,0,"0000000",5,31,5,52,6,55,0,0,0,1,0
40,400339,1,1,0,1,1,1,1,125,4300,15,8,2016,2,0,25,0,2,4,1,2,"US-177","",0,35.3542,-96.9599,0,9,0,0,1,1,0,2,2,1,0,1,0,"0000000",0,13,0,19,0,46,0,0,0,1,0
40,400340,1,1,0,1,1,1,1,145,0,20,8,2016,7,0,0,0,1,4,1,3,"SR-51","",120,35.959,-95.4392,0,8,0,0,1,1,0,1,2,2,0,2,0,"0000000",3,23,3,25,88,88,0,0,0,1,0
40,400341,1,1,0,0,0,2,2,41,2757,5,7,2016,3,13,18,1,1,3,1,2,"US-412","CR-N540",0,36.4091,-94.8233,0,58,0,0,3,2,0,1,1,1,0,1,0,"0000000",13,14,13,27,13,55,0,0,0,1,0
40,400342,2,2,0,0,0,7,7,73,0,4,8,2016,5,21,8,0,1,7,2,4,"CR-E820","CR-N2890",0,35.8273,-97.8511,0,12,6,0,2,2,0,1,2,1,0,1,0,"0000000",21,13,21,39,22,23,0,0,0,1,0
40,400343,2,2,0,0,0,2,2,125,0,10,8,2016,4,21,21,0,1,4,1,2,"US-177","",51,35.0403,-96.9315,0,12,6,0,1,1,0,1,2,1,0,1,0,"0000000",21,26,21,37,22,36,0,0,0,1,1
40,400344,2,2,0,0,0,2,2,131,0,21,7,2016,5,6,41,1,1,3,1,2,"US-169","",130,36.5425,-95.6989,0,12,6,0,1,1,0,1,1,1,0,1,0,"0000000",6,37,6,50,7,38,0,0,0,1,0
40,400345,2,1,1,0,0,1,1,131,0,3,8,2016,4,12,49,0,1,5,1,3,"SR-88","",13,36.1862,-95.5287,0,53,0,0,1,1,0,4,1,1,0,1,0,"0000000",13,0,13,20,13,45,14,0,0,1,0
40,400346,1,1,0,0,0,1,1,81,0,9,8,2016,3,16,30,0,1,5,1,3,"SR-18","",20,35.5323,-96.8938,0,31,0,0,1,1,0,4,1,1,0,1,0,"0000000",99,99,99,99,88,88,0,0,0,1,1
40,400347,2,2,0,0,0,2,2,47,0,10,8,2016,4,6,10,1,1,3,1,2,"US-64","78TH ST",40,36.3975,-97.765,0,12,6,0,2,2,0,1,4,1,0,1,0,"0000000",6,6,6,18,88,88,0,0,0,1,0
40,400348,2,2,0,0,0,2,2,53,0,18,8,2016,5,15,7,0,1,4,1,2,"US-81","",17,36.6046,-97.8755,0,12,6,0,1,1,0,2,1,10,0,10,0,"0000000",15,14,15,51,16,52,0,0,0,1,0
40,400349,1,1,0,0,0,1,1,79,0,21,8,2016,1,12,12,0,1,5,1,3,"SR-1","",201,34.7131,-94.6562,0,42,0,0,1,1,0,4,1,1,0,1,0,"0000000",99,99,99,99,88,88,0,0,0,1,0
40,400350,1,1,0,0,0,2,2,117,0,24,8,2016,4,15,34,0,1,7,2,4,"CR-N PENINSULA DR","",0,36.2075,-96.2878,0,38,0,0,1,1,0,4,1,10,0,10,0,"0000000",99,99,99,99,99,99,0,0,0,1,1
40,400351,2,2,0,0,0,3,3,143,4780,7,7,2016,5,11,10,1,2,2,1,2,"US-64","",0,36.15649167,-96.02126389,0,12,7,0,1,1,0,1,1,10,0,10,0,"0000000",11,12,11,24,11,37,0,0,0,1,0
40,400352,2,2,0,0,0,2,2,37,4190,17,8,2016,4,11,32,0,2,4,1,3,"SR-117","",0,35.98841389,-96.088825,0,12,2,0,1,1,0,1,1,1,0,1,0,"0000000",11,32,11,35,12,42,0,0,0,1,0
40,400353,1,1,0,1,1,1,1,143,4780,25,8,2016,5,4,1,1,2,1,1,1,"I-244","",0,36.16511667,-95.86619167,0,8,0,0,1,1,0,1,2,1,0,1,0,"0000000",3,58,4,6,4,27,0,0,0,1,0
40,400354,2,2,0,0,0,3,3,17,3550,26,8,2016,6,6,22,0,1,5,1,3,"SR-4","W BRITTON RD",0,35.56556389,-97.72725278,0,12,6,0,2,2,0,1,4,1,0,1,0,"0000000",6,22,6,37,7,34,0,0,0,1,0
40,400355,1,1,0,0,0,2,2,91,0,21,8,2016,1,1,17,0,1,5,2,4,"CR-TEXANNA RD","",0,35.3624,-95.5069,0,42,0,0,1,1,0,4,2,1,0,1,0,"0000000",99,99,99,99,88,88,0,0,0,2,1
40,400356,2,2,0,0,0,2,2,51,0,22,8,2016,2,6,1,1,1,3,1,2,"US-81","",153,35.2799,-97.9537,0,12,2,0,1,1,0,1,2,10,0,10,0,"0000000",99,99,99,99,88,88,0,0,0,1,0
40,400357,1,1,0,0,0,1,1,15,0,23,8,2016,3,17,38,0,1,5,1,3,"SR-152","",55,35.338,-98.1887,0,1,0,0,1,1,0,4,1,10,0,10,0,"0000000",99,99,99,99,99,99,0,0,0,1,0
40,400358,1,1,0,4,4,1,1,17,3550,26,8,2016,6,19,25,1,2,1,1,1,"I-40","",0,35.4984,-97.784,0,35,0,0,1,1,0,4,1,2,0,2,0,"0000000",19,24,19,35,20,38,19,0,0,2,0
40,400359,1,1,0,0,0,1,1,41,0,28,6,2016,3,16,21,0,1,5,2,4,"CR-S540","",0,36.206,-94.9224,0,1,0,0,1,1,0,1,1,1,0,1,0,"0000000",16,32,17,2,17,42,0,0,0,1,0
40,400360,1,1,0,0,0,1,1,41,0,28,8,2016,1,4,48,0,1,5,2,4,"CR-S630","",0,36.6212,-94.7475,0,42,0,0,1,1,0,4,2,1,0,1,0,"0000000",88,88,88,88,88,88,0,0,0,1,1
40,400361,2,2,0,0,0,3,3,5,260,12,7,2016,3,13,55,1,1,3,1,2,"US-75","GREATHOUSE DR",0,34.39415833,-96.14549722,0,12,6,0,2,2,1,1,1,1,0,1,0,"0000000",14,1,14,34,15,30,0,0,0,1,0
40,400362,1,1,0,1,1,2,2,35,0,7,8,2016,1,21,58,1,1,1,1,1,"I-44","",0,36.65731667,-95.09894444,0,8,0,0,1,1,0,1,2,10,0,10,0,"0000000",99,99,99,99,88,88,19,0,0,1,0
40,400363,2,2,0,0,0,2,2,21,0,21,8,2016,1,17,55,0,1,5,1,3,"SR-80","",27,35.846,-95.2317,0,1,0,0,1,1,0,1,1,1,0,1,0,"0000000",17,50,18,2,88,88,0,0,0,1,2
40,400365,3,3,0,0,0,6,6,31,3123,5,5,2016,5,15,0,0,1,5,1,3,"SR-58","",0,34.73611389,-98.47248889,0,12,2,0,1,1,0,1,1,1,0,1,0,"0000000",99,99,99,99,88,88,0,0,0,2,0
40,400366,1,1,0,1,1,1,1,143,4780,13,8,2016,7,17,30,0,2,4,4,6,"E ADMIRAL PL","N GARY AVE",0,36.16077778,-95.94250556,0,8,0,0,3,2,0,1,1,1,0,1,0,"0000000",17,29,17,35,17,51,0,0,0,1,0
40,400367,1,1,0,0,0,1,1,91,0,29,8,2016,2,19,5,0,1,7,2,4,"CR-NS412","",0,35.3159,-95.6809,0,1,0,0,1,1,0,1,1,1,0,1,0,"0000000",19,32,19,44,88,88,0,0,0,1,1
40,400368,1,1,0,0,0,1,1,109,3550,3,9,2016,7,2,8,0,2,3,4,6,"S SHIELDS BLVD","SE 23RD ST",0,35.44135,-97.51260556,0,33,0,0,3,2,0,4,3,1,0,1,0,"0000000",2,8,2,13,2,32,0,0,0,1,1
40,400369,2,2,0,0,0,3,3,109,3550,5,9,2016,2,14,51,0,2,3,4,6,"N MACARTHUR BLVD","",0,35.48457778,-97.61895833,0,1,0,0,8,1,0,1,1,1,0,1,0,"0000000",14,52,14,56,15,17,0,0,0,1,0
40,400370,1,1,0,0,0,1,1,143,4780,6,8,2016,7,3,32,1,2,2,1,2,"US-64","",0,36.1498,-96.0689,0,1,0,0,1,1,0,1,3,2,0,2,0,"0000000",3,32,3,41,4,28,0,0,0,1,1
40,400371,1,1,0,1,1,1,1,143,4780,12,8,2016,6,4,19,1,2,1,1,1,"I-44","",0,36.15723611,-95.83468056,0,8,0,0,1,1,0,1,2,1,0,1,0,"0000000",4,24,4,29,88,88,0,0,0,1,0
40,400372,2,2,0,0,0,2,2,51,0,12,8,2016,6,5,11,0,1,5,1,3,"SR-19","CR-2910",91,34.9261,-97.8117,0,12,6,0,2,2,4,1,2,10,0,10,0,"0000000",5,15,5,24,88,88,0,0,0,1,1
40,400373,2,2,0,0,0,3,3,93,0,21,8,2016,1,16,0,0,1,4,1,2,"US-60","",56,36.3909,-98.3394,0,12,2,0,1,1,0,2,1,1,0,1,0,"0000000",16,11,16,15,17,51,0,0,0,1,0
40,400374,2,2,0,0,0,2,2,73,0,24,8,2016,4,17,28,0,1,7,2,4,"CR-NS2820","CR-EW860",0,35.7694,-97.9769,0,12,6,0,2,2,0,1,1,10,0,10,0,"0000000",17,33,17,41,18,19,0,0,0,1,0
40,400375,2,2,0,0,0,2,2,109,1480,13,8,2016,7,1,45,0,2,5,4,6,"N BROADWAY","",0,35.71575,-97.47833333,0,12,6,0,1,1,0,4,2,1,0,1,0,"0000000",1,48,1,57,3,29,0,0,0,1,1
40,400376,1,1,0,0,0,1,1,109,3550,20,8,2016,7,4,17,1,2,1,1,1,"I-44","",0,35.5016,-97.5776,0,24,0,0,1,1,0,4,3,2,0,2,0,"0000000",4,21,4,28,5,16,0,0,0,1,0
40,400377,1,1,0,1,1,2,2,31,2750,21,8,2016,1,21,8,0,2,3,4,6,"W GORE BLVD","",0,34.60897222,-98.4469,0,8,0,0,1,1,0,1,2,1,0,1,0,"0000000",99,99,99,99,99,99,0,0,0,1,1
40,400378,2,2,0,0,0,2,2,109,3550,27,8,2016,7,19,42,0,2,4,4,6,"N ROCKWELL AVE","",0,35.61787778,-97.63856111,0,12,6,0,8,1,0,1,1,10,0,10,0,"0000000",19,43,19,52,20,17,0,0,0,1,0
40,400379,1,1,0,0,0,1,1,87,5000,6,9,2016,3,7,21,0,1,5,1,3,"SR-74","",0,35.0921,-97.4769,0,1,0,0,1,1,0,4,2,10,0,10,0,"0000000",7,16,10,22,88,88,0,0,0,1,0
40,400380,1,1,0,1,1,1,1,143,4780,7,7,2016,5,19,48,0,2,4,4,6,"S UTICA AVE","",0,36.14094444,-95.96711944,0,8,0,0,8,1,0,1,1,1,0,1,0,"0000000",19,48,19,50,20,0,0,0,0,1,0
40,400381,1,1,0,0,0,3,3,143,4780,2,8,2016,3,16,10,0,2,5,1,3,"SR-11","",0,36.19898333,-95.957075,0,25,0,0,1,1,0,4,1,1,0,1,0,"0000000",16,10,16,17,17,17,0,0,0,1,0
40,400382,1,1,0,0,0,3,3,59,0,13,8,2016,7,12,50,0,1,4,1,3,"SR-34","",121,36.6425,-99.3645,0,1,0,0,1,1,0,4,1,1,0,1,0,"0000000",12,55,13,14,88,88,0,0,0,2,0
40,400383,2,2,0,0,0,5,5,111,0,2,9,2016,6,18,1,1,1,1,1,1,"I-40","",0,35.4306,-96.0454,0,12,1,0,1,1,0,1,1,1,0,1,0,"0000000",99,99,99,99,99,99,26,0,0,1,0
40,400384,2,2,0,0,0,3,3,135,0,4,9,2016,1,13,53,0,1,4,1,2,"US-64","",199,35.405,-94.4623,0,12,6,0,1,1,0,1,1,1,0,1,0,"0000000",13,56,14,5,88,88,0,0,0,1,0
40,400385,1,1,0,1,1,1,1,109,3550,6,9,2016,3,23,27,0,2,5,4,6,"S HIWASSEE RD","",0,35.43122222,-97.30027778,0,8,0,0,1,1,0,1,2,10,0,10,0,"0000000",23,27,23,43,0,5,0,0,0,1,0
40,400386,1,1,0,0,0,1,1,143,0,27,8,2016,7,18,11,0,1,5,2,4,"CR-177 W AVE","",0,36.1095,-96.1901,0,42,0,0,1,1,0,4,1,1,0,1,0,"0000000",18,8,18,19,88,88,0,0,0,1,1
40,400387,1,1,0,1,1,1,1,125,4300,24,8,2016,4,13,35,0,2,5,4,6,"N KICKAPOO ST","WESTECH RD",0,35.39079444,-96.92978333,0,8,0,0,3,3,0,1,1,1,0,1,0,"0000000",13,12,13,16,88,88,0,0,0,1,0
40,400388,1,1,0,0,0,1,1,97,0,4,8,2016,5,18,0,0,2,7,2,4,"CR-EW530","",0,36.2494,-95.2957,0,38,0,0,1,1,0,4,9,99,0,99,0,"0000000",99,99,99,99,88,88,0,0,0,1,1
40,400389,1,1,0,0,0,1,1,91,0,6,8,2016,7,12,20,0,1,5,2,4,"CR-OLD 69","",0,35.4046,-95.5539,0,42,0,0,1,1,0,4,1,10,0,10,0,"0000000",99,99,99,99,88,88,0,0,0,1,0
40,400390,1,1,0,0,0,1,1,125,4650,9,9,2016,6,7,7,0,2,4,1,2,"US-177","",0,35.2245,-96.9245,0,35,0,0,1,1,0,4,1,10,0,10,0,"0000000",99,99,99,99,88,88,0,0,0,1,0
40,400391,1,1,0,1,1,1,1,111,0,31,7,2016,1,5,20,0,1,4,1,3,"SR-16","",165,35.74078611,-96.179275,0,8,0,0,1,1,0,1,2,1,0,1,0,"0000000",99,99,99,99,88,88,0,0,0,1,0
40,400392,1,1,0,0,0,1,1,99,0,28,8,2016,1,8,6,0,1,5,1,2,"US-77","",130,34.3779,-97.1359,0,43,0,0,1,1,0,4,9,1,0,1,0,"0000000",88,88,88,88,88,88,0,0,0,1,1
40,400393,1,1,0,0,0,1,1,47,0,3,9,2016,7,8,31,0,1,5,1,3,"SR-74","CR- E BUFFALO RD",20,36.5637,-97.5866,0,1,0,0,2,2,0,1,1,10,0,10,0,"0000000",99,99,99,99,88,88,0,0,0,1,0
40,400394,1,1,0,0,0,1,1,119,0,11,9,2016,1,2,42,0,1,3,1,2,"US-177","",65,36.1971,-97.0699,0,33,0,0,1,1,0,3,2,10,0,10,0,"0000000",99,99,99,99,88,88,0,0,0,1,1
40,400395,1,1,0,0,0,2,2,81,4530,7,7,2016,5,8,18,0,1,5,1,3,"SR-66","",0,35.75446944,-96.63495556,0,32,0,0,1,1,0,5,1,1,0,1,0,"0000000",8,27,8,59,9,32,0,0,0,2,0
40,400396,1,1,0,0,0,1,1,49,3670,10,9,2016,7,99,99,0,2,4,2,4,"CR-FIELDS ROW","",0,34.7189,-97.2251,0,53,0,0,1,1,0,4,9,2,0,2,0,"0000000",99,99,99,99,88,88,0,0,0,1,0
40,400397,1,1,0,0,0,1,1,9,0,6,9,2016,3,10,38,0,1,4,1,3,"SR-6","",47,35.3606,-99.3996,0,23,0,0,1,1,0,4,1,10,0,10,0,"0000000",10,26,10,33,88,88,0,0,0,1,0
40,400398,1,1,0,0,0,1,1,87,0,11,9,2016,1,7,59,0,1,5,1,3,"SR-59","CR-3270",94,34.8903,-97.1774,0,42,0,0,3,4,0,4,1,1,0,1,0,"0000000",7,59,8,21,88,88,0,0,0,1,0
40,400399,1,1,0,0,0,1,1,109,3550,15,9,2016,5,15,39,1,2,1,1,1,"I-44","",0,35.51580833,-97.54499722,0,25,0,0,1,1,0,3,1,2,0,2,0,"0000000",15,40,15,48,88,88,0,0,0,1,0
40,400400,1,1,0,0,0,2,2,13,1430,27,6,2016,2,22,13,1,2,3,1,2,"US-70 BYPASS","",0,33.98111944,-96.42795278,0,1,0,0,1,1,0,4,2,1,0,1,0,"0000000",22,17,22,22,23,41,0,0,0,1,1
40,400401,1,1,0,0,0,2,2,55,0,15,9,2016,5,16,26,0,1,5,2,4,"CR-1350","",0,35.0588,-99.4392,0,1,0,0,1,1,0,4,1,10,0,10,0,"0000000",16,32,16,49,18,12,0,0,0,1,0
40,400402,1,1,0,0,0,1,1,49,0,1,9,2016,5,19,17,0,1,5,1,3,"SR-19","",13,34.7554,-97.2035,0,34,0,0,1,1,0,4,1,10,0,10,0,"0000000",99,99,99,99,99,99,0,0,0,1,1
40,400403,2,2,0,0,0,5,5,19,2140,20,8,2016,7,16,53,0,1,7,2,4,"CR-RADAR","CR-INWOOD",0,34.2598,-97.5098,0,12,6,0,2,2,0,1,1,10,0,10,0,"0000000",16,58,17,28,18,42,0,0,0,1,0