"STATE","ST_CASE","VE_TOTAL","VE_FORMS","PVH_INVL","PEDS","PERNOTMVIT","PERMVIT","PERSONS","COUNTY","CITY","DAY","MONTH","YEAR","DAY_WEEK","HOUR","MINUTE","NHS","RUR_URB","FUNC_SYS","RD_OWNER","ROUTE","TWAY_ID","TWAY_ID2","MILEPT","LATITUDE","LONGITUD","SP_JUR","HARM_EV","MAN_COLL","RELJCT1","RELJCT2","TYP_INT","WRK_ZONE","REL_ROAD","LGT_COND","WEATHER1","WEATHER2","WEATHER","SCH_BUS","RAIL","NOT_HOUR","NOT_MIN","ARR_HOUR","ARR_MIN","HOSP_HR","HOSP_MN","CF1","CF2","CF3","FATALS","DRUNK_DR"
40,400404,1,1,0,0,0,2,2,19,0,1,9,2016,5,16,3,0,1,7,2,4,"CR-TATOR HILL","",0,34.1436,-97.0171,0,42,0,0,1,1,0,4,1,10,0,10,0,"0000000",16,2,16,28,17,51,0,0,0,1,0
40,400405,2,2,0,0,0,2,2,13,700,24,8,2016,4,15,57,1,1,3,1,2,"US-69","",0,34.1328,-96.2739,0,21,0,0,1,1,0,4,1,1,0,1,0,"0000000",88,88,88,88,88,88,14,0,0,1,0
40,400406,1,1,0,1,1,2,2,143,4780,20,8,2016,7,4,24,1,2,1,1,1,"I-44","",0,36.0969,-95.9203,0,8,0,0,1,1,0,99,3,10,0,10,0,"0000000",4,22,4,29,5,4,0,0,0,1,1
40,400407,2,2,0,0,0,8,8,97,0,4,9,2016,1,11,27,0,1,5,1,3,"SR-28","",86,36.4551,-95.1249,0,12,2,0,1,1,0,1,1,1,0,1,0,"0000000",11,25,11,37,13,44,0,0,0,1,0
40,400408,2,2,0,0,0,6,6,43,0,5,9,2016,2,18,41,1,1,3,1,2,"US-183","US-60",0,36.1442,-98.9559,0,12,6,0,2,2,0,1,1,10,0,10,0,"0000000",18,45,19,20,20,31,0,0,0,2,0
40,400409,1,1,0,0,0,1,1,125,4300,19,9,2016,2,19,6,0,2,4,1,2,"US-177","",0,35.362,-96.9709,0,7,0,0,1,1,0,1,1,1,0,1,0,"0000000",19,6,19,10,19,47,0,0,0,1,0
40,400410,2,2,0,0,0,3,3,89,0,19,9,2016,2,9,40,1,1,3,1,2,"US-70","SR-98",73,33.99128611,-95.03492778,0,12,6,0,2,2,0,1,1,10,0,10,0,"0000000",9,46,10,29,12,7,0,0,0,1,0
40,400411,1,1,0,1,1,1,1,19,0,31,8,2016,4,20,26,1,1,1,1,1,"I-35","",13,34.2176,-97.1636,0,8,0,0,1,1,0,1,2,10,0,10,0,"0000000",20,27,20,31,88,88,0,0,0,1,1
40,400412,1,1,0,0,0,2,2,33,0,23,9,2016,6,22,18,0,1,5,1,2,"US-277","",25,34.2099,-98.453,0,5,0,0,1,1,0,1,2,1,0,1,0,"0000000",22,24,22,54,23,26,0,0,0,1,0
40,400413,1,1,0,1,1,1,1,59,0,30,9,2016,6,11,25,1,1,3,1,2,"US-270","CR-NS171",13,36.6222,-99.9807,0,8,0,0,2,2,0,1,1,1,0,1,0,"0000000",99,99,99,99,88,88,0,0,0,1,0
40,400414,1,1,0,1,1,2,2,51,3416,17,5,2016,3,0,12,1,1,3,1,2,"US-81","",0,34.94443889,-97.95226389,0,8,0,0,1,1,0,1,3,10,0,10,0,"0000000",0,9,0,15,88,88,0,0,0,1,0
40,400415,1,1,0,1,1,1,1,87,1350,8,5,2016,1,0,30,0,1,5,1,3,"SR-76","",0,34.99696389,-97.65305833,0,8,0,0,1,1,0,1,2,1,0,1,0,"0000000",1,9,1,25,2,25,0,0,0,1,1
40,400416,2,2,0,0,0,3,3,21,0,26,9,2016,2,7,51,0,1,4,1,2,"US-62","CR-S470",43,35.8186,-95.056,0,12,6,0,2,2,0,1,1,1,0,1,0,"0000000",7,42,7,49,88,88,0,0,0,1,0
40,400417,1,1,0,0,0,2,2,13,0,1,10,2016,7,22,10,0,1,5,2,4,"CR-RANCHETTE RD","",0,34.0256,-96.5351,0,42,0,0,1,1,0,4,2,98,0,98,0,"0000000",22,8,22,18,88,88,0,0,0,1,1
40,400418,2,2,0,0,0,5,5,35,0,14,8,2016,1,9,51,0,1,7,2,4,"CR-S4410","CR-E90",0,36.888,-95.1436,0,12,6,0,2,2,0,1,1,1,0,1,0,"0000000",10,14,10,53,11,59,0,0,0,1,0
40,400419,1,1,0,0,0,1,1,85,0,30,8,2016,3,19,30,0,1,5,2,4,"CR-NEW HOPE RD","",0,33.9806,-97.187,0,35,0,0,1,1,0,4,1,10,0,10,0,"0000000",19,30,19,49,88,88,0,0,0,1,1
40,400420,1,1,0,0,0,2,2,99,1270,17,9,2016,7,13,18,1,1,3,1,3,"SR-7","",0,34.5064,-97.0951,0,1,0,0,1,1,0,1,1,10,0,10,0,"0000000",13,20,13,26,13,53,0,0,0,1,0
40,400421,2,2,0,0,0,2,2,89,0,30,9,2016,6,16,20,1,1,3,1,2,"US-70","",41,33.9751,-94.7493,0,12,7,0,7,1,0,1,1,1,0,1,0,"0000000",16,20,16,26,16,48,0,0,0,1,0
40,400422,1,1,0,0,0,1,1,9,0,30,9,2016,6,19,7,0,1,5,2,4,"CR-1970","",0,35.3116,-99.4703,0,35,0,0,1,1,0,4,1,1,0,1,0,"0000000",19,7,19,40,20,45,0,0,0,1,0
40,400423,2,2,0,0,0,2,2,37,1410,6,7,2016,4,16,50,0,1,5,1,3,"SR-99","SR-33 BYPASS",0,35.98863611,-96.61466111,0,12,6,0,2,2,0,1,1,1,0,1,0,"0000000",99,99,99,99,88,88,0,0,0,1,1
40,400424,1,1,0,0,0,1,1,131,0,25,9,2016,1,2,47,0,1,5,1,3,"SR-88","",88,36.2793,-95.5854,0,1,0,0,1,1,0,4,2,1,0,1,0,"0000000",99,99,99,99,88,88,0,0,0,1,1
40,400425,2,2,0,0,0,2,2,139,0,18,9,2016,1,19,52,1,1,3,1,2,"US-54","",92,36.7607,-101.356,0,12,8,0,1,1,0,1,1,1,0,1,0,"0000000",99,99,99,99,88,88,0,0,0,1,0
40,400426,1,1,0,0,0,2,2,101,0,10,10,2016,2,18,24,0,1,5,2,4,"CR-SMITH FERRY","",0,35.697,-95.3866,0,1,0,0,1,1,0,4,1,1,0,1,0,"0000000",18,28,18,45,19,19,0,0,0,1,0
40,400427,1,1,0,0,0,2,2,97,0,5,9,2016,2,17,6,1,1,3,1,2,"US-412","",0,36.1839,-95.1878,0,34,0,0,1,1,0,4,1,1,0,1,0,"0000000",16,58,17,5,99,99,0,0,0,1,0
40,400428,1,1,0,0,0,1,1,113,0,23,9,2016,6,99,99,0,1,5,1,3,"SR-11","",265,36.4747,-96.0361,0,1,0,0,1,1,0,4,1,1,0,1,0,"0000000",2,49,3,10,88,88,18,0,0,1,0
40,400429,3,2,1,1,2,2,3,111,0,28,9,2016,4,17,26,1,1,3,1,2,"US-75","",64,35.6963,-95.9806,0,12,7,0,1,1,0,1,1,1,0,1,0,"0000000",99,99,99,99,99,99,0,0,0,1,0
40,400430,2,2,0,0,0,4,4,117,0,6,10,2016,5,12,44,0,1,4,1,3,"SR-18","",47,36.2278,-96.7842,0,12,6,0,8,1,0,1,1,10,0,10,0,"0000000",12,44,12,57,13,48,0,0,0,1,0
40,400431,1,1,0,0,0,3,3,89,0,8,10,2016,7,21,18,1,1,3,1,3,"SR-3","",21,34.059,-94.8166,0,42,0,0,1,1,0,4,2,1,0,1,0,"0000000",99,99,99,99,99,99,0,0,0,1,1
40,400432,1,1,0,0,0,1,1,131,930,9,9,2016,6,17,27,0,1,7,4,6,"OLIVE ST","",0,36.52844167,-95.43574722,0,42,0,0,1,1,0,4,1,1,0,1,0,"0000000",17,29,18,1,88,88,0,0,0,1,1
40,400433,2,2,0,0,0,2,2,123,0,12,9,2016,2,8,55,0,1,4,1,3,"SR-19","CR-3525",31,34.7857,-96.7307,0,12,1,0,3,3,0,1,1,1,0,1,0,"0000000",8,59,9,3,9,33,0,0,0,1,0
40,400434,2,2,0,0,0,2,2,97,3855,14,9,2016,4,5,50,0,1,4,1,3,"SR-20","CR-435",0,36.30016944,-95.25608611,0,12,6,0,2,2,0,1,2,1,0,1,0,"0000000",99,99,99,99,99,99,0,0,0,1,0
40,400435,2,2,0,0,0,6,6,123,0,25,9,2016,1,4,47,1,1,3,1,3,"SR-3E","",32,34.7136,-96.6203,0,12,2,0,1,1,0,1,2,2,0,2,0,"0000000",4,36,4,50,5,15,0,0,0,2,1
40,400436,1,1,0,0,0,1,1,123,0,30,9,2016,6,8,12,0,1,4,1,3,"SR-1","",26,34.6443,-96.8042,0,1,0,0,1,1,0,4,1,1,0,1,0,"0000000",8,16,8,28,88,88,0,0,0,1,0
40,400437,2,2,0,0,0,2,2,123,0,4,10,2016,3,12,15,0,1,4,1,3,"SR-3W","",92,34.8707,-96.8427,0,12,2,0,1,1,0,1,1,10,0,10,0,"0000000",12,27,12,41,88,88,0,0,0,1,1
40,400438,2,2,0,0,0,2,2,147,0,8,10,2016,7,11,40,1,1,3,1,2,"US-75","",125,36.6036,-95.9353,0,12,1,0,8,1,0,1,1,1,0,1,0,"0000000",11,40,11,49,12,35,0,0,0,1,0
40,400439,2,2,0,0,0,2,2,143,4780,8,9,2016,5,12,27,1,2,3,1,2,"US-169","",0,36.22159444,-95.85165833,0,12,1,0,1,1,0,1,1,10,0,10,0,"0000000",99,99,99,99,99,99,28,0,0,1,1
40,400440,1,1,0,0,0,1,1,143,4780,10,9,2016,7,19,0,0,2,2,1,8,"TISDALE PKWY OFF-RAMP","US-412",0,36.15998333,-96.00015556,0,24,0,1,5,1,0,4,1,1,0,1,0,"0000000",18,58,19,4,19,19,0,0,0,1,0
40,400441,1,1,0,1,1,2,2,109,3550,9,10,2016,1,2,25,1,2,2,1,3,"SR-74 EXIT RAMP","KILPATRICK TPK",0,35.60313333,-97.58483056,0,8,0,1,20,1,0,1,2,1,0,1,0,"0000000",2,29,2,35,2,56,0,0,0,1,0
40,400442,2,2,0,0,0,2,2,13,1430,12,10,2016,4,18,2,1,2,2,1,2,"US-75","",0,33.99979722,-96.40328333,0,12,1,0,1,1,4,1,1,10,0,10,0,"0000000",18,5,18,17,88,88,26,0,0,1,0
40,400443,2,2,0,0,0,3,3,143,4780,16,10,2016,1,21,10,1,2,3,1,2,"US-169","",0,36.13286389,-95.85990833,0,1,0,0,1,1,0,1,3,10,0,10,0,"0000000",21,15,21,17,21,34,0,0,0,1,0
40,400444,2,2,0,0,0,2,2,89,0,17,10,2016,2,14,49,1,1,3,1,2,"US-70","CR-CRAIG RD",142,34.04116111,-94.634825,0,12,6,0,3,2,4,1,1,1,0,1,0,"0000000",14,43,15,5,88,88,0,0,0,2,1
40,400445,2,2,0,0,0,2,2,5,260,16,9,2016,6,22,56,1,1,3,1,2,"US-69","",0,34.41993333,-96.09726111,0,12,2,0,1,1,0,1,2,1,0,1,0,"0000000",99,99,99,99,88,88,0,0,0,1,0
40,400446,1,1,0,0,0,1,1,131,0,5,10,2016,4,4,52,0,1,5,1,3,"SR-28A","",15,36.4377,-95.4903,0,35,0,0,1,1,0,4,2,2,0,2,0,"0000000",4,57,5,35,88,88,0,0,0,1,0
40,400447,1,1,0,1,1,1,1,109,3550,8,10,2016,7,23,20,0,2,4,4,6,"N MARTIN LUTHER KING BLVD","",0,35.50287222,-97.47670278,0,8,0,0,1,1,0,1,3,10,0,10,0,"0000000",23,24,23,28,23,52,0,0,0,1,0
40,400448,1,1,0,0,0,2,2,125,0,14,10,2016,6,0,0,0,1,4,1,2,"US-177","SR-59",0,35.0728,-96.9311,0,59,0,0,3,3,0,4,2,10,0,10,0,"0000000",7,30,7,41,9,52,0,0,0,1,1
40,400449,1,1,0,0,0,1,1,21,0,14,10,2016,6,99,99,0,1,5,1,3,"SR-82","",47,35.6879,-94.9107,0,58,0,0,1,1,0,4,9,2,0,2,0,"0000000",0,16,0,35,88,88,0,0,0,1,0
40,400450,2,2,0,0,0,2,2,109,3550,24,10,2016,2,15,11,0,2,3,4,6,"W RENO AVE","S MCCORMICK DR",0,35.46416667,-97.61526389,0,12,6,0,2,2,0,1,1,1,0,1,0,"0000000",15,13,15,24,15,38,0,0,0,1,0
40,400451,1,1,0,0,0,2,2,115,1080,2,7,2016,7,22,45,0,1,5,2,4,"CR-560","CR-500",0,36.94261111,-94.86751667,0,34,0,0,1,1,0,4,3,1,0,1,0,"0000000",99,99,99,99,99,99,0,0,0,1,1
40,400452,1,1,0,0,0,2,2,109,3550,14,10,2016,6,21,15,0,2,7,4,6,"SW 74TH ST","",0,35.39144167,-97.55465556,0,42,0,0,1,1,0,4,2,10,0,10,0,"0000000",21,4,21,6,21,38,0,0,0,1,1
40,400453,1,1,0,2,2,1,1,109,3550,19,10,2016,4,16,11,0,2,4,4,6,"NW 10TH ST","N TABOR DR",0,35.47875833,-97.586075,0,8,0,0,2,3,0,1,1,1,0,1,0,"0000000",16,12,16,18,16,39,0,0,0,1,0
40,400454,1,1,0,0,0,1,1,89,0,21,10,2016,6,16,52,0,1,3,1,2,"US-259","",74,34.1335,-94.7454,0,58,0,0,1,1,0,4,1,1,0,1,0,"0000000",16,48,16,51,88,88,0,0,0,1,1
40,400455,1,1,0,1,1,1,1,143,4780,30,8,2016,3,22,16,0,2,5,1,3,"SR-11","",0,36.17272778,-95.88491667,0,8,0,0,1,1,0,1,3,1,0,1,0,"0000000",22,15,22,26,22,43,0,0,0,1,0
40,400456,1,1,0,0,0,2,2,143,4780,24,9,2016,7,10,35,0,2,7,4,6,"E TECUMSEH ST","",0,36.18158056,-95.91216111,0,33,0,0,1,1,0,4,1,10,0,10,0,"0000000",10,23,10,30,10,50,0,0,0,1,0
40,400457,2,1,1,1,1,1,1,143,4780,25,9,2016,1,21,12,0,2,4,4,6,"S PEORIA AVE","E 34TH ST",0,36.11387222,-95.97566667,0,8,0,0,2,3,0,1,3,10,0,10,0,"0000000",21,10,21,13,88,88,0,0,0,1,1
40,400458,1,1,0,0,0,2,2,103,0,15,10,2016,7,18,34,1,1,1,1,1,"I-35","",0,36.4879,-97.3283,0,35,0,0,1,1,0,4,1,10,0,10,0,"0000000",99,99,99,99,88,88,0,0,0,1,0
40,400459,2,2,0,0,0,5,5,61,0,25,10,2016,3,22,36,0,1,4,1,3,"SR-9","",214,35.2605,-94.8732,0,12,6,0,1,1,0,1,2,1,0,1,0,"0000000",22,37,22,55,23,11,0,0,0,1,0
40,400460,1,1,0,1,1,4,4,109,3550,23,10,2016,1,21,43,1,2,1,1,1,"I-44","",0,35.5251,-97.5306,0,8,0,0,1,1,0,1,3,1,0,1,0,"0000000",21,43,21,50,22,4,0,0,0,1,0
40,400461,2,2,0,0,0,5,5,109,3550,29,10,2016,7,3,3,0,2,3,4,6,"E RENO AVE","",0,35.46430833,-97.49593333,0,1,0,0,1,1,0,4,2,10,0,10,0,"0000000",3,7,3,7,3,22,14,0,0,1,0
40,400462,1,1,0,0,0,4,4,99,0,13,10,2016,5,22,22,0,1,5,1,3,"SR-7","",129,34.5094,-96.8989,0,1,0,0,1,1,0,4,2,2,0,2,0,"0000000",21,52,22,15,22,35,0,0,0,1,1
40,400463,1,1,0,0,0,2,2,49,0,18,10,2016,3,22,18,0,1,5,2,4,"CR-1550","",0,34.7681,-97.2421,0,42,0,0,1,1,0,4,2,1,0,1,0,"0000000",99,99,99,99,99,99,0,0,0,1,0
40,400464,1,1,0,0,0,5,5,143,4780,14,10,2016,6,0,3,1,2,3,1,2,"US-169","",0,36.149,-95.8604,0,25,0,0,1,1,0,3,2,5,0,5,0,"0000000",0,7,0,19,0,35,20,0,0,2,0
40,400465,2,2,0,0,0,3,3,131,0,15,10,2016,7,10,57,0,1,5,1,3,"SR-88","",24,36.3514,-95.6325,0,12,6,0,1,1,0,1,1,10,0,10,0,"0000000",11,1,11,12,12,5,0,0,0,1,0
40,400466,1,1,0,0,0,1,1,145,9997,16,9,2016,6,4,15,0,2,3,4,4,"CR-S 193RD E AVE","",0,36.15586111,-95.76165556,0,34,0,0,1,1,0,4,3,1,0,1,0,"0000000",4,21,4,35,88,88,0,0,0,1,1
40,400467,1,1,0,1,1,1,1,125,0,27,9,2016,3,13,48,0,1,4,1,3,"SR-9","",0,35.2575,-96.7827,0,8,0,0,1,1,0,1,1,1,0,1,0,"0000000",99,99,99,99,88,88,0,0,0,1,0
40,400468,1,1,0,0,0,1,1,69,4970,6,10,2016,5,5,22,0,1,5,1,3,"SR-7","",0,34.3749,-96.436,0,11,0,0,1,1,0,1,2,10,0,10,0,"0000000",5,24,5,49,88,88,0,0,0,1,0
40,400469,1,1,0,0,0,1,1,17,1820,13,10,2016,5,20,40,1,1,1,1,1,"I-40","",0,35.5384,-98.2617,0,42,0,0,1,1,0,3,2,10,0,10,0,"0000000",99,99,99,99,88,88,0,0,0,1,0
40,400470,1,1,0,0,0,2,2,7,0,18,10,2016,3,15,10,0,1,5,2,4,"CR-E0150","",0,36.7904,-100.8735,0,1,0,0,1,1,0,4,1,1,0,1,0,"0000000",99,99,99,99,99,99,0,0,0,1,0
40,400471,2,2,0,0,0,2,2,83,2000,21,10,2016,6,7,58,0,2,3,1,3,"SR-33","MIDWEST BLVD",0,35.8786,-97.39,0,12,6,0,2,2,0,1,1,1,0,1,0,"0000000",99,99,99,99,88,88,0,0,0,1,0
40,400472,2,2,0,1,1,3,3,109,3550,3,11,2016,5,1,30,0,2,4,4,6,"NW 10TH ST","",0,35.4788,-97.61716111,0,8,0,0,1,1,0,1,3,10,0,10,0,"0000000",1,30,1,33,1,52,0,0,0,1,0
40,400473,1,1,0,0,0,1,1,81,0,3,11,2016,5,8,10,0,1,5,1,3,"SR-66","",58,35.7098,-96.7945,0,42,0,0,1,1,0,4,4,10,0,10,0,"0000000",88,88,88,88,88,88,0,0,0,1,0
40,400474,1,1,0,0,0,2,2,83,2000,21,10,2016,6,15,3,0,2,3,1,3,"SR-33","",0,35.9063,-97.337,0,38,0,0,1,1,0,4,1,1,0,1,0,"0000000",99,99,99,99,99,99,0,0,0,1,0
40,400475,2,2,0,0,0,2,2,119,4460,22,9,2016,5,18,54,0,2,4,4,6,"S WESTERN RD","W 26TH AVE",0,36.09413889,-97.08709167,0,12,6,0,2,2,0,1,1,1,0,1,0,"0000000",18,54,19,5,19,52,0,0,0,1,0
40,400476,2,2,0,0,0,2,2,13,0,26,8,2016,6,19,50,0,1,5,1,3,"SR-70E","",164,33.8886,-96.1353,0,12,6,0,1,1,0,1,5,10,0,10,0,"0000000",19,53,20,18,88,88,0,0,0,1,1
40,400477,1,1,0,0,0,5,5,53,0,15,10,2016,7,3,20,0,1,7,2,4,"CR-GARVIN","",0,36.7095,-97.5425,0,21,0,0,1,1,0,4,2,10,0,10,0,"0000000",3,31,3,50,5,5,0,0,0,1,1
40,400478,2,2,0,0,0,4,4,93,0,29,10,2016,7,11,22,1,1,3,1,2,"US-412","US-281",149,36.4214,-98.8889,0,12,6,0,2,2,0,1,1,10,0,10,0,"0000000",99,99,99,99,99,99,0,0,0,1,0
40,400479,1,1,0,1,1,5,5,109,3550,6,11,2016,1,18,15,0,2,3,4,6,"N MERIDIAN AVE","",0,35.51647778,-97.60118611,0,8,0,0,1,1,0,1,3,2,0,2,0,"0000000",18,16,18,20,18,43,0,0,0,1,0
40,400480,1,1,0,0,0,1,1,121,0,7,9,2016,4,23,45,0,1,5,1,3,"SR-31","",143,35.0584,-95.5687,0,1,0,0,1,1,0,1,2,1,0,1,0,"0000000",99,99,99,99,99,99,0,0,0,1,1
40,400481,1,1,0,1,1,1,1,109,3550,9,9,2016,6,12,30,1,2,1,1,1,"I-40","",0,35.4603,-97.6072,0,8,0,0,1,1,0,1,1,1,0,1,0,"0000000",12,28,12,36,12,50,0,0,0,1,0
40,400482,2,2,0,0,0,3,3,93,4040,23,10,2016,1,12,26,0,1,6,1,2,"US-60","SR-58",0,36.391,-98.2479,0,12,6,0,2,2,0,1,1,1,0,1,0,"0000000",12,26,12,33,13,7,0,0,0,1,0
40,400483,2,1,1,1,1,1,1,19,0,24,10,2016,2,20,0,1,1,1,1,1,"I-35","",0,34.0842,-97.1506,0,14,0,0,1,1,0,4,2,1,0,1,0,"0000000",20,19,20,30,88,88,23,0,0,1,0
40,400484,1,1,0,0,0,1,1,139,0,29,10,2016,7,1,40,0,1,5,2,4,"CR-MILE 22","",0,36.9413,-101.6316,0,21,0,0,1,1,0,4,2,1,0,1,0,"0000000",99,99,99,99,88,88,0,0,0,1,1
40,400485,1,1,0,0,0,2,2,123,0,4,11,2016,6,20,30,0,1,7,2,4,"CR-SANDY CREEK","",0,34.7837,-96.7098,0,42,0,0,1,1,0,4,2,1,0,1,0,"0000000",20,29,20,36,21,12,0,0,0,1,0
40,400486,1,1,0,1,1,1,1,133,0,6,11,2016,1,1,26,0,1,5,2,4,"CR-N366","",0,35.1916,-96.4942,0,8,0,0,1,1,0,1,2,1,0,1,0,"0000000",99,99,99,99,88,88,0,0,0,1,0
40,400487,2,2,0,0,0,2,2,89,0,7,11,2016,2,4,45,1,1,3,1,2,"US-70","",227,34.0557,-94.4888,0,12,2,0,1,1,0,1,2,10,0,10,0,"0000000",4,41,5,1,99,99,0,0,0,1,0
40,400488,3,3,0,0,0,7,7,31,0,7,11,2016,2,7,46,0,1,5,1,2,"US-277","",78,34.8026,-98.2588,0,12,6,0,1,1,0,1,1,2,0,2,0,"0000000",8,14,8,35,9,11,0,0,0,1,0
40,400489,1,1,0,1,1,1,1,143,590,2,11,2016,4,7,15,0,2,4,4,6,"MAIN ST","",0,36.04178333,-95.79081389,0,15,0,0,1,1,0,1,3,10,0,10,0,"0000000",99,99,99,99,99,99,0,0,0,1,0
40,400490,2,2,0,0,0,3,3,13,1430,13,5,2016,6,23,30,0,2,5,1,3,"SR-78","",0,33.95405833,-96.37323889,0,12,1,0,1,1,0,1,3,1,0,1,0,"0000000",23,44,23,49,0,15,0,0,0,1,0
40,400491,2,2,0,0,0,2,2,43,0,20,10,2016,5,13,0,1,1,3,1,2,"US-183","CR-EW81",19,35.8413,-98.969,0,12,6,0,2,2,0,1,1,1,0,1,0,"0000000",99,99,99,99,88,88,0,0,0,1,0
40,400492,2,2,0,0,0,3,3,143,0,23,10,2016,1,3,18,1,1,3,1,2,"US-75","",18,36.26691389,-95.92367778,0,12,2,0,1,1,0,1,2,1,0,1,0,"0000000",99,99,99,99,99,99,0,0,0,1,2
40,400493,1,1,0,0,0,2,2,143,0,2,11,2016,4,20,33,0,2,4,2,4,"CR-33RD WEST AVE","",0,36.051,-96.0296,0,42,0,0,1,1,0,4,2,1,0,1,0,"0000000",20,34,20,44,21,17,20,0,0,1,0
40,400494,2,2,0,0,0,5,5,9,1510,19,8,2016,6,16,43,0,2,4,1,3,"SR-66","",0,35.41169444,-99.43029722,0,12,6,0,1,1,0,1,1,2,0,2,0,"0000000",88,88,88,88,88,88,19,23,0,1,0
40,400495,2,2,0,0,0,3,3,51,0,28,10,2016,6,20,26,0,1,5,1,3,"SR-19","CR-2960",150,34.8814,-97.7235,0,12,6,0,2,2,0,1,2,1,0,1,0,"0000000",20,23,20,31,21,10,0,0,0,1,0
40,400496,1,1,0,1,1,1,1,109,3550,3,11,2016,5,19,19,0,2,4,4,6,"S SUNNYLANE RD","",0,35.41847778,-97.44131111,0,8,0,0,1,1,0,1,2,10,0,10,0,"0000000",19,20,19,26,88,88,0,0,0,1,0
40,400497,1,1,0,0,0,1,1,97,0,19,10,2016,4,16,48,0,1,5,1,2,"US-412B","",32,36.2196,-95.2793,0,35,0,0,1,1,0,4,1,10,0,10,0,"0000000",99,99,99,99,99,99,0,0,0,1,0
40,400498,1,1,0,1,1,1,1,143,4780,3,11,2016,5,23,10,0,2,3,4,6,"S RIVERSIDE DR","",0,36.05159167,-95.96996111,0,8,0,0,1,1,0,1,2,10,0,10,0,"0000000",23,0,23,12,88,88,0,0,0,1,0
40,400499,2,2,0,0,0,5,5,47,0,4,11,2016,6,18,14,0,2,4,1,2,"US-60","SR-45",78,36.4634,-97.8728,0,12,6,0,2,2,0,1,1,1,0,1,0,"0000000",18,16,18,25,18,53,0,0,0,2,0
40,400500,2,2,0,0,0,2,2,17,3550,16,11,2016,4,15,49,0,2,4,4,6,"N MORGAN RD","NW 4TH ST",0,35.47283611,-97.68901389,0,12,6,0,2,3,0,1,1,1,0,1,0,"0000000",15,49,15,51,88,88,0,0,0,1,0
40,400501,1,1,0,0,0,1,1,27,3430,23,10,2016,1,15,59,0,1,5,2,4,"CR-108TH AVE NE","",0,35.22866667,-97.28278333,0,5,0,0,1,1,0,4,1,1,0,1,0,"0000000",15,49,16,3,16,23,0,0,0,1,1
40,400502,1,1,0,0,0,2,2,153,0,8,11,2016,3,15,40,0,1,7,2,4,"CR-EW48","",0,36.3186,-99.3829,0,58,0,0,1,1,0,1,1,1,0,1,0,"0000000",15,38,15,50,88,88,0,0,0,1,1
40,400503,2,2,0,0,0,3,3,133,0,14,11,2016,2,8,40,1,1,3,1,2,"US-377","",67,35.128,-96.6789,0,12,2,0,1,1,0,1,1,1,0,1,0,"0000000",8,46,9,16,9,58,0,0,0,1,0
40,400504,1,1,0,2,2,2,2,119,0,16,10,2016,1,21,45,0,2,4,2,4,"CR-MAIN ST","",0,36.0957,-97.0585,0,8,0,0,1,1,0,2,2,1,0,1,0,"0000000",21,34,21,58,23,15,0,0,0,1,0
40,400505,1,1,0,0,0,1,1,15,0,3,11,2016,5,16,59,0,1,7,2,4,"CR-2750","",0,35.301,-98.0953,0,58,0,0,1,1,0,4,1,1,0,1,0,"0000000",99,99,99,99,88,88,0,0,0,1,0
40,400506,2,2,0,0,0,4,4,13,1430,14,11,2016,2,18,55,1,2,3,1,2,"US-70","",0,33.99775556,-96.42584167,0,12,1,0,1,1,0,1,3,1,0,1,0,"0000000",18,56,19,0,88,88,0,0,0,1,1
40,400507,1,1,0,0,0,1,1,105,0,20,11,2016,1,4,17,0,1,5,1,3,"SR-28","",15,36.7665,-95.6027,0,52,0,0,1,1,0,4,2,1,0,1,0,"0000000",4,5,99,97,99,97,0,0,0,1,1
40,400508,1,1,0,0,0,1,1,109,3550,21,11,2016,2,12,15,1,2,1,1,1,"I-44","",0,35.605,-97.3975,0,1,0,0,1,1,0,4,1,1,0,1,0,"0000000",12,27,12,39,88,88,0,0,0,1,0
40,400509,1,1,0,1,1,1,1,109,3550,23,11,2016,4,2,25,0,2,4,4,6,"NW 10TH ST","",0,35.47879722,-97.61525278,0,8,0,0,1,1,0,1,2,1,0,1,0,"0000000",2,26,2,29,2,57,0,0,0,1,0
40,400510,2,2,0,0,0,2,2,109,3170,5,11,2016,7,0,17,0,2,4,4,6,"NE 10TH ST","",0,35.47862778,-97.41797778,0,12,2,0,1,1,0,1,3,1,0,1,0,"0000000",0,26,0,30,1,20,0,0,0,1,1
40,400511,2,2,0,0,0,2,2,87,440,16,11,2016,4,16,6,0,1,5,1,3,"SR-76","S TYLER AVE",0,35.1129,-97.6533,0,12,6,0,2,4,4,1,1,1,0,1,0,"0000000",16,5,16,21,16,44,0,0,0,1,0
40,400512,2,2,0,0,0,3,3,27,3550,17,11,2016,5,6,6,0,2,5,1,3,"SR-77H","SE 149TH ST",0,35.31985556,-97.42360833,0,12,1,0,2,2,0,1,3,1,0,1,0,"0000000",6,10,6,25,7,9,0,0,0,1,0
40,400513,1,1,0,1,1,1,1,49,3670,17,11,2016,5,18,35,0,2,3,1,3,"SR-19","",0,34.7393,-97.2586,0,8,0,0,1,1,0,1,3,1,0,1,0,"0000000",99,99,99,99,88,88,0,0,0,1,0
40,400514,1,1,0,0,0,1,1,115,0,22,11,2016,3,23,27,0,1,5,1,3,"SR-10","",54,36.8714,-94.712,0,42,0,0,1,1,0,4,2,99,0,99,0,"0000000",99,99,99,99,99,99,0,0,0,1,0
40,400515,1,1,0,1,1,1,1,143,4780,25,11,2016,6,99,99,0,2,4,4,6,"E 41ST ST S","",0,36.1045,-95.84021389,0,8,0,0,1,1,0,1,2,10,0,10,0,"0000000",99,99,99,99,88,88,0,0,0,1,0
40,400516,2,2,0,0,0,5,5,141,0,25,11,2016,6,23,0,0,1,4,1,2,"US-183","CR-EW183",84,34.3629,-99.0285,0,12,6,0,2,2,0,1,2,1,0,1,0,"0000000",23,1,23,35,0,18,0,0,0,1,0