"STATE","ST_CASE","VE_TOTAL","VE_FORMS","PVH_INVL","PEDS","PERNOTMVIT","PERMVIT","PERSONS","COUNTY","CITY","DAY","MONTH","YEAR","DAY_WEEK","HOUR","MINUTE","NHS","RUR_URB","FUNC_SYS","RD_OWNER","ROUTE","TWAY_ID","TWAY_ID2","MILEPT","LATITUDE","LONGITUD","SP_JUR","HARM_EV","MAN_COLL","RELJCT1","RELJCT2","TYP_INT","WRK_ZONE","REL_ROAD","LGT_COND","WEATHER1","WEATHER2","WEATHER","SCH_BUS","RAIL","NOT_HOUR","NOT_MIN","ARR_HOUR","ARR_MIN","HOSP_HR","HOSP_MN","CF1","CF2","CF3","FATALS","DRUNK_DR"
40,400517,1,1,0,0,0,1,1,143,4780,26,11,2016,7,2,15,1,2,2,1,2,"US-64","",0,36.1412,-95.9543,0,24,0,0,1,1,0,4,2,1,0,1,0,"0000000",99,99,99,99,88,88,0,0,0,1,1
40,400518,3,3,0,0,0,6,6,143,3630,12,11,2016,7,22,49,1,2,3,1,2,"US-169","",0,36.27553889,-95.84791944,0,12,1,0,1,1,0,1,2,1,0,1,0,"0000000",99,99,99,99,88,88,14,0,0,1,0
40,400519,2,2,0,0,0,4,4,27,3430,16,7,2016,7,10,53,0,2,3,4,6,"E ROBINSON ST","",0,35.23283056,-97.43657222,0,12,6,0,8,1,0,1,1,10,0,10,0,"0000000",10,53,11,0,11,22,0,0,0,1,0
40,400520,2,2,0,0,0,2,2,37,0,25,10,2016,3,9,7,0,1,4,1,3,"SR-33","",130,36.0028,-96.3937,0,12,6,0,1,1,0,1,1,1,0,1,0,"0000000",99,99,99,99,88,88,0,0,0,1,0
40,400521,1,1,0,1,1,1,1,123,1648,29,10,2016,7,19,24,0,1,4,1,3,"SR-99","",0,34.6111,-96.6343,0,8,0,0,1,1,0,1,2,1,0,1,0,"0000000",19,27,19,40,20,21,0,0,0,1,0
40,400522,2,2,0,0,0,2,2,73,0,6,11,2016,1,18,30,1,1,3,1,3,"SR-33","",9,35.8411,-98.1906,0,12,2,0,1,1,0,1,2,2,0,2,0,"0000000",18,50,19,2,19,51,0,0,0,1,0
40,400523,2,2,0,0,0,3,3,109,1480,13,11,2016,1,17,15,0,2,3,1,2,"US-77","S COLTRANE RD",0,35.65271667,-97.44271667,0,12,6,0,2,2,0,1,3,1,0,1,0,"0000000",17,17,17,24,17,45,0,0,0,1,0
40,400524,3,3,0,0,0,3,3,13,1430,14,11,2016,2,2,35,1,2,2,1,2,"US-69","",0,33.99541944,-96.40615278,0,12,1,0,1,1,0,1,2,1,0,1,0,"0000000",2,41,2,44,88,88,27,0,0,1,0
40,400525,2,2,0,0,0,3,3,87,0,17,11,2016,5,5,0,1,1,1,1,1,"I-35","",202,35.1212,-97.447,0,12,1,0,1,1,0,1,2,1,0,1,0,"0000000",99,99,99,99,88,88,0,0,0,1,0
40,400526,1,1,0,0,0,3,3,79,0,20,11,2016,1,14,30,0,1,7,2,4,"CR-3RD ST","",0,35.2819,-94.5789,0,1,0,0,1,1,0,1,1,1,0,1,0,"0000000",13,56,14,40,15,30,0,0,0,1,0
40,400527,2,2,0,0,0,2,2,27,3220,21,11,2016,2,5,43,0,2,7,4,6,"NE 27TH ST","N BRYANT AVE",0,35.36309167,-97.45918611,0,12,6,0,2,2,0,1,2,1,0,1,0,"0000000",5,45,5,52,99,99,0,0,0,1,0
40,400528,3,3,0,0,0,4,4,51,0,21,11,2016,2,18,38,1,1,1,1,1,"I-44","",0,34.9093,-98.0624,0,12,6,0,1,1,0,1,2,1,0,1,0,"0000000",18,42,18,55,20,5,23,19,0,1,0
40,400529,1,1,0,0,0,1,1,39,0,22,11,2016,3,1,20,0,1,7,2,4,"CR-0860","",0,35.7688,-99.0081,0,1,0,0,1,1,0,4,2,10,0,10,0,"0000000",1,35,1,55,88,88,0,0,0,1,0
40,400530,1,1,0,0,0,1,1,23,0,22,11,2016,3,11,38,0,1,5,2,4,"CR-4410","",0,34.0636,-95.1914,0,58,0,0,1,1,0,1,1,10,0,10,0,"0000000",11,37,12,0,88,88,0,0,0,1,0
40,400531,2,2,0,0,0,2,2,13,0,22,11,2016,3,16,22,1,1,3,1,2,"US-70","",34,33.9982,-96.5753,0,12,2,0,1,1,0,1,1,10,0,10,0,"0000000",16,19,16,28,17,15,0,0,0,1,1
40,400532,1,1,0,1,1,3,3,131,870,25,11,2016,6,18,18,1,2,1,1,1,"I-44","",0,36.1627,-95.7698,0,8,0,0,1,1,0,1,3,1,0,1,0,"0000000",18,18,18,20,88,88,0,0,0,1,0
40,400533,1,1,0,1,1,1,1,109,3550,26,11,2016,7,23,16,1,2,3,1,3,"SR-3","N PENNSYLVANIA AVE",0,35.5233,-97.54761944,0,8,0,0,2,2,0,1,3,10,0,10,0,"0000000",23,17,23,21,23,43,0,0,0,1,0
40,400534,1,1,0,0,0,2,2,5,0,28,11,2016,2,22,50,0,1,7,2,4,"CR-E1950","",0,34.1861,-96.1928,0,42,0,0,1,1,0,4,2,1,0,1,0,"0000000",23,11,23,54,1,10,0,0,0,1,0
40,400535,2,2,0,0,0,2,2,81,0,29,11,2016,3,1,48,1,1,1,1,1,"I-44","",0,35.6966,-96.9901,0,12,1,0,1,1,0,1,2,1,0,1,0,"0000000",99,99,99,99,88,88,0,0,0,1,1
40,400536,1,1,0,0,0,1,1,61,0,8,12,2016,5,2,28,0,1,4,1,3,"SR-2","",53,35.1855,-95.241,0,42,0,0,1,1,0,4,2,1,0,1,0,"0000000",2,26,2,44,88,88,0,0,0,1,0
40,400537,2,2,0,0,0,2,2,109,3550,8,12,2016,5,16,25,0,2,3,4,6,"N MAY AVE","",0,35.55241389,-97.56632222,0,12,2,0,1,1,0,1,1,10,0,10,0,"0000000",18,9,18,16,18,44,0,0,0,1,1
40,400538,1,1,0,0,0,1,1,53,0,10,12,2016,7,6,55,0,1,5,2,4,"CR-920","",0,36.5944,-97.8036,0,1,0,0,1,1,0,4,4,10,0,10,0,"0000000",99,99,99,99,99,99,0,0,0,1,0
40,400539,1,1,0,1,1,1,1,109,3550,11,12,2016,1,18,4,0,2,3,4,6,"S MAY AVE","",0,35.45747778,-97.56547222,0,8,0,0,1,1,0,1,3,1,0,1,0,"0000000",99,99,99,99,99,99,0,0,0,1,0
40,400540,1,1,0,0,0,2,2,81,0,12,12,2016,2,3,43,1,1,1,1,1,"I-44","",99,35.7,-96.9741,0,24,0,0,1,1,0,4,2,1,0,1,0,"0000000",99,99,99,99,99,99,0,0,0,1,1
40,400541,2,2,0,0,0,2,2,143,4780,4,10,2016,3,1,56,1,2,2,1,2,"US-75","",0,36.1003,-96.00736111,0,12,1,0,1,1,0,1,2,1,0,1,0,"0000000",1,56,2,1,2,21,0,0,0,1,1
40,400542,2,2,0,0,0,2,2,143,0,14,11,2016,2,6,3,0,1,4,1,3,"SR-151","",16,36.1501,-96.2527,0,12,2,0,1,1,0,1,4,1,0,1,0,"0000000",5,59,6,15,99,99,0,0,0,1,0
40,400543,1,1,0,0,0,1,1,43,0,10,12,2016,7,1,30,0,1,5,2,4,"CR-E0660","",0,36.0579,-98.8197,0,1,0,0,1,1,0,4,2,1,0,1,0,"0000000",1,49,1,53,88,88,0,0,0,1,0
40,400544,2,2,0,0,0,2,2,115,0,29,9,2016,5,18,10,1,1,1,1,1,"I-44","",0,36.7452,-94.9064,0,12,7,0,1,1,0,1,1,1,0,1,0,"0000000",99,99,99,99,99,99,0,0,0,1,1
40,400545,4,4,0,1,1,4,4,109,3550,28,9,2016,4,20,15,1,2,1,1,1,"I-35","",0,35.5949,-97.4325,0,8,0,0,1,1,0,1,3,10,0,10,0,"0000000",20,16,20,26,88,88,0,0,0,1,0
40,400546,2,2,0,0,0,2,2,143,4780,15,10,2016,7,20,25,0,2,3,4,6,"N MEMORIAL DR","E NEWTON CT",0,36.17423333,-95.88680278,0,12,1,0,2,3,0,1,3,1,0,1,0,"0000000",20,22,20,33,20,53,0,0,0,1,2
40,400547,1,1,0,1,1,1,1,143,4780,18,10,2016,3,19,15,0,2,7,4,6,"E 21ST ST","S 68TH E AVE",0,36.13342778,-95.90141944,0,8,0,0,2,3,0,1,2,1,0,1,0,"0000000",19,18,19,20,88,88,0,0,0,1,0
40,400548,1,1,0,0,0,2,2,91,0,21,11,2016,2,14,35,0,1,7,2,4,"CR-NS4100","",0,35.3534,-95.7163,0,35,0,0,1,1,0,4,1,1,0,1,0,"0000000",14,42,14,49,99,99,0,0,0,1,0
40,400549,1,1,0,0,0,1,1,55,0,2,12,2016,6,7,26,0,1,7,2,4,"CR-158","",0,34.725,-99.4427,0,35,0,0,1,1,0,4,2,1,0,1,0,"0000000",7,37,7,54,9,28,0,0,0,1,0
40,400550,1,1,0,0,0,4,4,87,1350,13,12,2016,3,14,25,0,1,7,2,4,"CR-MACARTHUR AVE","",0,35.027,-97.6177,0,1,0,0,1,1,0,4,1,1,0,1,0,"0000000",14,21,14,38,15,39,0,0,0,1,0
40,400551,3,3,0,0,0,4,4,87,3870,14,12,2016,4,12,25,1,2,1,1,1,"I-35","",0,35.0734,-97.4023,0,12,1,0,1,1,0,1,1,10,0,10,0,"0000000",12,27,12,42,13,38,27,0,0,2,0
40,400552,1,1,0,0,0,2,2,23,2340,30,10,2016,1,23,48,1,2,3,1,2,"US-70","",0,33.9971,-95.4732,0,59,0,0,1,1,0,4,3,1,0,1,0,"0000000",23,51,0,20,1,54,20,0,0,1,0
40,400553,1,1,0,0,0,1,1,125,4300,5,11,2016,7,2,59,0,2,7,4,6,"BENEDICT ST","",0,35.33330833,-96.94378333,0,21,0,0,1,1,0,4,2,1,0,1,0,"0000000",2,59,3,16,99,99,0,0,0,1,0
40,400554,1,1,0,0,0,1,1,133,0,16,12,2016,6,15,16,1,1,1,1,1,"I-40","",90,35.385,-96.6006,0,34,0,0,1,1,0,4,1,1,0,1,0,"0000000",99,99,99,99,99,99,0,0,0,1,0
40,400555,1,1,0,1,1,1,1,123,0,28,11,2016,2,6,24,0,1,4,1,3,"SR-3","",95,34.8691,-96.8389,0,8,0,0,1,1,0,1,2,10,0,10,0,"0000000",99,99,99,99,88,88,0,0,0,1,0
40,400556,1,1,0,0,0,1,1,143,4780,9,12,2016,6,4,0,1,2,3,1,2,"US-75","",0,36.11622778,-96.01010556,0,52,0,0,1,1,0,3,2,1,0,1,0,"0000000",4,9,4,17,88,88,0,0,0,1,0
40,400557,2,2,0,0,0,3,3,23,0,13,12,2016,3,23,10,1,2,3,1,2,"US-271","CR-2120",52,33.939,-95.5235,0,12,6,0,3,2,0,1,2,1,0,1,0,"0000000",23,21,23,30,0,1,0,0,0,1,1
40,400558,4,4,0,0,0,5,5,109,3550,15,12,2016,5,18,10,1,2,1,1,1,"I-240","",0,35.3914,-97.5485,0,12,6,0,1,1,0,1,3,12,0,12,0,"0000000",99,99,99,99,99,99,19,23,0,1,0
40,400559,1,1,0,0,0,2,2,17,5290,15,12,2016,5,20,6,1,2,1,1,1,"I-40","",0,35.4868,-97.7601,0,57,0,0,1,1,0,3,3,12,0,12,0,"0000000",99,99,99,99,88,88,0,0,0,1,0
40,400560,2,2,0,0,0,1,1,81,0,19,11,2016,7,6,22,1,1,1,1,1,"I-44","",142,35.7155,-96.9017,0,12,1,0,1,1,0,1,2,1,0,1,0,"0000000",99,99,99,99,88,88,19,23,0,1,0
40,400561,1,1,0,0,0,2,2,17,0,6,12,2016,3,21,2,1,1,1,1,1,"I-40","",0,35.5295,-98.2139,0,1,0,0,1,1,0,3,2,1,0,1,0,"0000000",99,99,99,99,99,99,0,0,0,1,0
40,400562,1,1,0,0,0,1,1,109,3550,7,12,2016,4,22,35,1,2,1,1,1,"I-35","",0,35.5127,-97.4594,0,23,0,0,1,1,0,4,3,10,0,10,0,"0000000",99,99,99,99,88,88,0,0,0,1,0
40,400563,1,1,0,0,0,10,10,91,0,2,12,2016,6,3,59,1,1,1,1,1,"I-40","",32,35.4349,-95.819,0,1,0,0,1,1,4,3,2,1,0,1,0,"0000000",99,99,99,99,99,99,0,0,0,1,0
40,400564,2,2,0,0,0,2,2,143,4780,3,12,2016,7,16,46,0,2,4,4,6,"N PEORIA AVE","",0,36.16145,-95.97556389,0,12,6,0,1,1,0,1,1,10,0,10,0,"0000000",16,47,16,53,17,11,0,0,0,1,1
40,400565,1,1,0,0,0,1,1,7,0,15,12,2016,5,2,15,1,1,3,1,2,"US-270","",198,36.6162,-100.1677,0,24,0,0,1,1,0,4,2,10,0,10,0,"0000000",99,99,99,99,88,88,0,0,0,1,0
40,400566,1,1,0,0,0,1,1,119,0,17,12,2016,7,2,35,0,1,7,2,4,"CR-BRUSH CREEK","",0,36.0966,-97.0156,0,35,0,0,1,1,0,4,2,10,0,10,0,"0000000",99,99,99,99,88,88,0,0,0,1,1
40,400567,1,1,0,0,0,1,1,63,0,18,12,2016,1,13,48,0,1,5,1,3,"SR-48","",49,35.1666,-96.4047,0,1,0,0,1,1,0,4,1,1,0,1,0,"0000000",13,37,13,52,88,88,0,0,0,1,0
40,400568,2,2,0,0,0,2,2,97,0,20,12,2016,3,18,31,0,1,5,1,3,"SR-82","",23,36.3164,-95.1247,0,12,6,0,1,1,0,1,2,1,0,1,0,"0000000",18,29,18,37,19,9,0,0,0,1,1
40,400569,1,1,0,1,1,1,1,109,3550,23,12,2016,6,19,17,0,2,3,4,6,"SW 59TH ST","",0,35.40621389,-97.55122222,0,8,0,0,1,1,0,1,3,10,0,10,0,"0000000",99,99,99,99,99,99,0,0,0,1,1
40,400570,1,1,0,1,1,1,1,143,4780,18,4,2016,2,3,30,0,2,5,1,3,"SR-11","",0,36.17576389,-95.88490556,0,8,0,0,1,1,0,1,2,2,0,2,0,"0000000",3,29,3,37,3,57,0,0,0,1,0
40,400571,2,2,0,0,0,3,3,145,1150,10,12,2016,7,14,54,1,2,3,1,3,"SR-51","111TH ST S",0,36.00321111,-95.68120278,0,12,6,0,8,1,0,1,1,10,0,10,0,"0000000",14,55,15,3,15,31,0,0,0,1,0
40,400572,1,1,0,0,0,2,2,111,0,25,10,2016,3,17,40,0,1,5,1,3,"SR-52","",14,35.5286,-95.8579,0,35,0,0,1,1,0,4,5,10,0,10,0,"0000000",99,99,99,99,99,99,0,0,0,1,0
40,400573,1,1,0,0,0,1,1,109,3550,15,12,2016,5,20,49,1,2,1,1,1,"I-35","",0,35.5804,-97.4425,0,25,0,0,1,1,0,3,3,98,0,98,0,"0000000",99,99,99,99,88,88,0,0,0,1,1
40,400574,1,1,0,0,0,2,2,143,4780,20,12,2016,3,23,29,0,2,6,4,6,"N PEORIA AVE","",0,36.20461667,-95.97550556,0,33,0,0,1,1,0,4,2,1,0,1,0,"0000000",23,30,23,34,23,58,20,0,0,1,0
40,400575,2,2,0,0,0,2,2,55,0,2,12,2016,6,15,53,0,1,5,1,3,"SR-34","",175,34.9258,-99.5021,0,12,2,0,1,1,0,1,1,10,0,10,0,"0000000",15,51,16,34,18,0,0,0,0,1,0
40,400576,2,2,0,0,0,2,2,53,0,2,12,2016,6,22,16,0,1,4,1,3,"SR-11","",163,36.8108,-97.814,0,12,6,0,1,1,0,1,2,1,0,1,0,"0000000",22,13,22,21,23,20,0,0,0,1,0
40,400577,1,1,0,0,0,1,1,143,590,3,12,2016,7,22,45,0,2,7,4,6,"JASPER ST","",0,35.97381667,-95.81985556,0,42,0,0,1,1,0,4,2,2,0,2,0,"0000000",99,99,99,99,88,88,0,0,0,1,1
40,400578,1,1,0,0,0,3,3,85,0,7,12,2016,4,22,29,0,1,5,2,4,"CR-OSWALT RD","",0,34.0279,-97.3546,0,34,0,0,1,1,0,4,2,1,0,1,0,"0000000",22,56,23,24,0,21,0,0,0,1,0
40,400579,2,2,0,0,0,2,2,143,4780,20,12,2016,3,9,49,0,2,4,4,6,"S SHERIDAN RD","E 13TH ST",0,36.144275,-95.904575,0,54,11,0,3,2,0,1,1,1,0,1,0,"0000000",9,48,9,53,88,88,14,0,0,1,0
40,400580,1,1,0,0,0,3,3,143,4780,21,12,2016,4,1,5,1,2,3,1,2,"US-412","",0,36.1556,-96.0108,0,57,0,0,1,1,0,3,2,1,0,1,0,"0000000",1,5,1,14,1,27,20,0,0,1,0
40,400581,1,1,0,1,1,4,4,145,0,21,12,2016,4,18,20,1,1,3,1,2,"US-69","",13,35.8318,-95.4029,0,8,0,0,1,1,0,1,2,1,0,1,0,"0000000",18,16,18,30,88,88,19,23,0,1,0
40,400582,2,2,0,0,0,3,3,37,0,21,12,2016,4,23,10,1,1,1,1,1,"I-44","",261,35.963,-96.2276,0,12,7,0,1,1,0,1,2,1,0,1,0,"0000000",23,13,23,25,0,10,0,0,0,1,1
40,400583,1,1,0,1,1,1,1,143,4780,29,12,2016,5,19,55,0,2,4,4,6,"E ADMIRAL PL","",0,36.16062222,-95.85888333,0,8,0,0,1,1,0,1,2,1,0,1,0,"0000000",19,54,20,0,20,27,0,0,0,1,0
40,400584,1,1,0,0,0,1,1,125,0,30,12,2016,6,20,11,0,1,5,1,3,"SR-39","",36,34.9855,-96.8659,0,42,0,0,1,1,0,4,2,1,0,1,0,"0000000",20,8,20,34,88,88,0,0,0,1,0
40,400585,2,2,0,1,1,5,5,115,3160,16,12,2016,6,20,0,0,2,4,1,3,"SR-69A","",0,36.88914722,-94.84179722,0,8,0,0,1,1,0,1,2,1,0,1,0,"0000000",99,99,99,99,88,88,0,0,0,1,0
40,400586,1,1,0,0,0,5,5,79,3840,7,8,2016,1,13,24,0,2,7,4,6,"DEWEY AVE","",0,35.04903611,-94.61771944,0,10,0,0,6,1,0,1,1,10,0,10,0,"330732X",99,99,99,99,99,99,0,0,0,4,0
40,400587,1,1,0,1,1,1,1,109,3170,23,7,2016,7,0,30,0,2,3,4,6,"S DOUGLAS BLVD","",0,35.43915278,-97.37080278,0,8,0,0,1,1,4,1,2,1,0,1,0,"0000000",99,99,99,99,99,99,0,0,0,1,0
40,400588,1,1,0,0,0,2,2,117,0,10,8,2016,4,10,34,0,1,5,1,2,"US-64","",38,36.2956,-96.5012,0,34,0,0,1,1,0,4,1,1,0,1,0,"0000000",99,99,99,99,99,99,0,0,0,1,0
40,400589,2,2,0,0,0,2,2,125,0,11,10,2016,3,8,20,0,1,4,1,2,"US-177","SR-59B",69,35.1451,-96.9321,0,12,6,0,2,2,0,1,1,1,0,1,0,"0000000",8,27,8,40,9,46,0,0,0,1,0
40,400590,2,2,0,0,0,3,3,109,3550,7,10,2016,6,14,15,0,2,3,4,6,"S MERIDIAN AVE","SW 33RD ST",0,35.43066389,-97.60101944,0,12,6,0,2,2,0,1,1,1,0,1,0,"0000000",88,88,88,88,88,88,0,0,0,1,0
40,400591,3,3,0,1,1,2,2,51,0,15,11,2016,3,6,4,1,1,1,1,1,"I-44","",0,34.9356,-98.0305,0,12,1,0,1,1,0,1,2,1,0,1,0,"0000000",99,99,99,99,99,99,23,0,0,1,0
40,400592,1,1,0,0,0,1,1,119,0,19,11,2016,7,13,12,0,1,4,1,3,"SR-33","",73,35.985,-96.6376,0,19,0,0,1,1,0,5,1,1,0,1,0,"0000000",13,15,13,23,14,28,0,0,0,1,0
40,400593,2,2,0,0,0,3,3,129,0,2,12,2016,6,16,10,0,1,5,1,3,"SR-30","CR-E0950",51,35.6392,-99.926,0,12,6,0,2,2,0,1,1,10,0,10,0,"0000000",16,7,16,54,18,29,0,0,0,1,1
40,400594,3,2,1,0,0,5,5,15,0,14,12,2016,4,9,20,0,1,4,1,3,"SR-8","CR-1350",119,35.0578,-98.2338,0,12,7,0,3,2,0,1,1,1,0,1,0,"0000000",9,15,9,20,9,44,0,0,0,1,0
40,400595,1,1,0,0,0,1,1,131,0,17,12,2016,7,15,47,0,1,5,1,3,"SR-66","",117,36.4525,-95.5032,0,34,0,0,1,1,0,4,1,98,0,98,0,"0000000",99,99,99,99,99,99,0,0,0,1,0
40,400596,2,2,0,0,0,3,3,3,0,27,12,2016,3,23,10,0,1,5,1,3,"SR-45","CR-NS2710",49,36.5357,-98.1759,0,12,6,0,2,2,0,1,2,1,0,1,0,"0000000",99,99,99,99,99,99,0,0,0,1,1
40,400597,1,1,0,1,1,1,1,109,3550,30,12,2016,6,18,16,0,2,3,4,6,"S PENNSYLVANIA AVE","",0,35.41406667,-97.54796944,0,8,0,0,1,1,0,1,3,10,0,10,0,"0000000",99,99,99,99,99,99,0,0,0,1,0
40,400598,2,2,0,0,0,2,2,121,0,31,12,2016,7,11,25,0,1,5,2,4,"CR-HAYWOOD RD","",0,34.9192,-95.9477,0,12,2,0,8,1,0,1,1,1,0,1,0,"0000000",99,99,99,99,99,99,0,0,0,1,0
40,400599,2,2,0,0,0,5,5,17,3550,31,12,2016,7,22,59,1,2,3,1,8,"KILPATRICK TPK","",0,35.5538,-97.6892,0,12,1,0,1,1,0,1,2,1,0,1,0,"0000000",99,99,99,99,99,99,0,0,0,2,1
40,400600,2,2,0,0,0,2,2,111,0,23,12,2016,6,18,8,1,1,3,1,2,"US-75","CR-261ST ST S",129,35.7842,-96.0155,0,12,6,0,2,3,0,1,2,10,0,10,0,"0000000",99,99,99,99,88,88,0,0,0,1,0
40,400601,2,2,0,0,0,2,2,31,2750,30,12,2016,6,8,57,0,2,3,4,6,"W GORE BLVD","NW MORFORD DR",0,34.60883889,-98.41938889,0,1,0,0,2,2,0,1,1,10,0,10,0,"0000000",9,0,9,1,88,88,0,0,0,1,0
40,400602,1,1,0,0,0,2,2,9,0,24,12,2016,7,14,30,0,1,7,4,4,"CR-NS1960","",0,35.2105,-99.4881,0,42,0,0,1,1,0,4,1,1,0,1,0,"0000000",14,27,14,54,16,3,0,0,0,1,0
40,400603,2,2,0,0,0,3,3,41,1990,30,12,2016,6,15,43,0,2,3,1,2,"US-59","",0,36.61617778,-94.80896111,0,12,6,0,8,1,0,1,1,1,0,1,0,"0000000",15,40,15,46,16,42,0,0,0,1,0
40,400604,1,1,0,1,1,1,1,143,4780,28,12,2016,4,17,59,1,2,1,1,1,"I-244","",0,36.1176,-96.0092,0,8,0,0,1,1,0,1,2,1,0,1,0,"0000000",17,53,18,0,88,88,0,0,0,1,0
40,400605,1,1,0,1,1,1,1,51,0,1,12,2016,5,23,0,1,1,1,1,1,"I-44","",0,35.0792,-97.8915,0,8,0,0,1,1,0,1,2,1,0,1,0,"0000000",99,99,99,99,88,88,23,0,0,1,0
40,400606,2,2,0,0,0,3,3,93,0,22,12,2016,5,12,2,0,1,4,1,2,"US-281","",161,36.4373,-98.8805,0,12,6,0,1,1,0,1,1,10,0,10,0,"0000000",11,58,12,33,13,48,0,0,0,1,0
40,400607,4,1,3,2,2,1,1,55,2990,16,5,2016,2,21,17,0,1,7,4,6,"S LOUIS TITTLE AVE","",0,34.87166111,-99.50283889,0,8,0,0,1,1,0,4,2,1,0,1,0,"0000000",99,99,99,99,99,99,0,0,0,2,1
40,400608,2,2,0,0,0,3,3,49,3670,8,6,2016,4,17,12,0,2,4,4,6,"ROYAL OAKS RD","",0,34.72452222,-97.24160556,0,12,6,0,1,1,0,1,1,1,0,1,0,"0000000",99,99,99,99,99,99,0,0,0,1,0
40,400609,1,1,0,0,0,1,1,25,460,2,6,2016,5,11,56,0,1,7,4,6,"NW 5TH ST","",0,36.73356389,-102.52061389,0,1,0,0,1,1,0,1,1,1,0,1,0,"0000000",11,57,12,9,88,88,0,0,0,1,0
40,400610,1,1,0,1,1,1,1,133,4240,4,9,2016,1,99,99,0,2,3,1,2,"US-270","",0,35.22578333,-96.68016111,0,8,0,0,1,1,0,1,2,99,0,99,0,"0000000",88,88,88,88,88,88,0,0,0,1,0
40,400611,2,2,0,0,0,3,3,137,1420,14,3,2016,2,15,13,0,2,3,1,3,"SR-7 BYPASS","PLATO RD",0,34.53613056,-97.99613333,0,12,6,0,2,2,0,1,1,1,0,1,0,"0000000",15,15,15,23,15,39,0,0,0,1,0
40,400612,1,1,0,0,0,1,1,37,3010,24,9,2016,7,6,0,0,1,4,1,3,"SR-51","",0,36.13115278,-96.37951667,0,35,0,0,1,1,0,4,9,1,0,1,0,"0000000",99,99,99,99,88,88,0,0,0,1,1
40,400613,1,1,0,0,0,2,2,149,652,25,5,2016,4,23,0,0,1,7,4,6,"PIONEER WAY","",0,35.35702222,-99.17765,0,33,0,0,1,1,0,4,3,1,0,1,0,"0000000",23,4,23,31,23,50,0,0,0,1,1
40,400614,2,2,0,0,0,2,2,79,4420,1,10,2016,7,99,99,1,1,3,1,2,"US-271","",0,35.24069167,-94.59521111,0,12,1,0,1,1,0,1,1,1,0,1,0,"0000000",9,55,10,3,10,46,0,0,0,1,0
40,400615,1,1,0,0,0,1,1,31,3123,9,7,2016,7,19,10,0,1,5,1,3,"SR-49","",0,34.72436944,-98.45931944,0,1,0,0,1,1,0,4,1,1,0,1,0,"0000000",99,99,99,99,88,88,0,0,0,1,1
40,400616,3,3,0,1,1,2,2,131,0,17,12,2016,7,23,2,1,1,1,1,1,"I-44","",0,36.2035,-95.708,0,12,1,0,1,1,0,1,2,4,0,4,0,"0000000",99,99,99,99,88,88,19,23,0,1,0
40,400617,2,2,0,0,0,3,3,109,4990,9,11,2016,4,12,57,0,2,3,4,6,"MACARTHUR BLVD","",0,35.53759167,-97.619025,0,12,2,0,8,1,0,1,1,1,0,1,0,"0000000",99,99,99,99,99,99,0,0,0,1,0
40,400618,2,2,0,0,0,2,2,109,1480,9,12,2016,6,14,52,0,2,3,1,2,"US-77","S COLTRANE RD",0,35.65271944,-97.44264722,0,12,6,0,3,2,0,1,1,10,0,10,0,"0000000",99,99,99,99,88,88,0,0,0,1,0
40,400619,2,2,0,0,0,2,2,19,210,12,11,2016,7,12,38,1,2,3,1,2,"US-70","CARTER RD SE",0,34.13845,-97.12544722,0,12,6,0,2,2,0,1,1,1,0,1,0,"0000000",12,39,12,48,13,18,0,0,0,1,0
40,400620,1,1,0,1,1,1,1,31,2750,2,11,2016,4,5,49,0,2,3,4,6,"NW GORE BLVD","",0,34.60894167,-98.45620278,0,8,0,0,1,1,0,1,2,10,0,10,0,"0000000",5,47,5,54,6,8,0,0,0,1,0
40,400621,2,2,0,0,0,3,3,143,4780,17,12,2016,7,1,31,1,2,1,1,1,"I-244","",0,36.1593,-95.9323,0,12,2,0,1,1,0,1,3,10,0,10,0,"0000000",1,31,1,39,1,59,0,0,0,1,1
40,400622,2,2,0,0,0,3,3,143,400,7,12,2016,4,16,43,1,2,3,1,2,"US-64","S MINGO RD",0,36.10136944,-95.86864444,0,12,6,0,2,2,0,1,1,10,0,10,0,"0000000",16,2,16,10,16,55,0,0,0,1,0
40,400623,1,1,0,0,0,1,1,111,3560,11,11,2016,6,22,57,0,2,4,1,3,"SR-56","",0,35.62318333,-95.96276389,0,43,0,0,1,1,0,4,3,1,0,1,0,"671847H",99,99,99,99,88,88,0,0,0,1,1
40,400624,1,1,0,0,0,2,2,27,3430,29,11,2016,3,10,26,0,2,4,4,6,"24TH AVE NW","",0,35.25126944,-97.48146667,0,33,0,0,1,1,0,4,1,1,0,1,0,"0000000",10,26,10,34,88,88,0,0,0,1,1
40,400625,1,1,0,1,1,1,1,101,0,9,12,2016,6,10,51,0,1,4,1,2,"US-62","",1,35.74,-95.6404,0,8,0,0,1,1,0,2,1,1,0,1,0,"0000000",10,46,10,56,11,31,23,0,0,1,0
40,400626,2,2,0,0,0,2,2,21,2343,12,12,2016,2,9,42,0,1,4,1,3,"SR-51","",0,35.93686944,-95.16668611,0,12,2,0,1,1,0,1,1,10,0,10,0,"0000000",99,99,99,99,99,99,0,0,0,1,0
40,400627,2,2,0,0,0,6,6,19,5200,3,5,2016,3,17,11,0,1,4,1,2,"US-70","MULBERRY",0,34.1728,-97.41337778,0,12,6,0,2,3,0,1,1,1,0,1,0,"0000000",99,99,99,99,99,99,0,0,0,1,0
41,410001,2,2,0,0,0,3,3,19,0,5,1,2016,3,17,55,0,1,4,1,3,"SR-138E (ODOT 138)","CR-WILD RIVER DR",160,43.30303889,-123.14202778,0,12,6,0,2,3,0,1,2,1,0,1,0,"0000000",17,55,18,4,18,50,0,0,0,1,1