"STATE","ST_CASE","VE_TOTAL","VE_FORMS","PVH_INVL","PEDS","PERNOTMVIT","PERMVIT","PERSONS","COUNTY","CITY","DAY","MONTH","YEAR","DAY_WEEK","HOUR","MINUTE","NHS","RUR_URB","FUNC_SYS","RD_OWNER","ROUTE","TWAY_ID","TWAY_ID2","MILEPT","LATITUDE","LONGITUD","SP_JUR","HARM_EV","MAN_COLL","RELJCT1","RELJCT2","TYP_INT","WRK_ZONE","REL_ROAD","LGT_COND","WEATHER1","WEATHER2","WEATHER","SCH_BUS","RAIL","NOT_HOUR","NOT_MIN","ARR_HOUR","ARR_MIN","HOSP_HR","HOSP_MN","CF1","CF2","CF3","FATALS","DRUNK_DR"
42,420186,1,1,0,0,0,6,6,109,0,15,2,2016,2,6,41,0,1,4,1,3,"SR-104","",58,40.72304167,-77.00531111,0,24,0,0,1,1,0,4,2,4,0,4,0,"0000000",99,99,99,99,99,99,0,0,0,1,0
42,420187,1,1,0,0,0,2,2,37,0,7,2,2016,1,14,0,0,1,7,1,3,"SR-2024 BEAVER VALLEY RD","",30,40.96388889,-76.27459444,0,17,0,0,1,1,0,4,1,1,0,1,0,"0000000",99,99,99,99,99,99,0,0,0,1,0
42,420188,1,1,0,0,0,1,1,83,0,25,3,2016,6,11,40,1,1,3,99,2,"US-219 BUFFALO PITTSBURGH HWY","",15,41.64696944,-78.67893889,0,52,0,0,1,1,0,4,1,2,0,2,0,"0000000",88,88,88,88,88,88,0,0,0,1,0
42,420189,2,2,0,0,0,3,3,35,2880,4,3,2016,6,18,23,0,2,4,1,3,"SR-150 MAIN ST","",79,41.12827222,-77.46793611,0,12,6,0,8,1,0,1,3,1,0,1,0,"0000000",18,22,18,25,18,40,0,0,0,1,0
42,420190,1,1,0,1,1,1,1,91,0,2,4,2016,7,12,57,0,2,4,1,3,"SR-152 LIMEKILN PIKE","GLENSIDE AVE",13,40.10421667,-75.1644,0,8,0,0,3,2,0,1,1,1,0,1,0,"0000000",13,0,13,9,88,88,0,0,0,1,0
42,420191,1,1,0,0,0,2,2,1,0,17,3,2016,5,0,29,0,1,4,1,3,"SR-94 CARLISLE PIKE","",108,39.97191111,-77.07976389,0,34,0,0,1,1,0,4,2,1,0,1,0,"0000000",0,27,0,38,1,8,0,0,0,1,0
42,420192,1,1,0,0,0,1,1,89,0,13,3,2016,1,18,20,0,1,4,1,3,"SR-940","",19,41.10092222,-75.57562222,0,43,0,0,1,1,0,4,5,2,0,2,0,"0000000",99,99,99,99,88,88,0,0,0,1,1
42,420193,1,1,0,1,1,1,1,133,0,26,4,2016,3,14,23,0,2,99,1,3,"SR-2031 WINDSOR RD","",2,39.90424722,-76.58128056,0,8,0,0,1,1,0,2,1,1,0,1,0,"0000000",14,26,14,35,88,88,0,0,0,1,0
42,420194,1,1,0,1,1,1,1,81,0,11,1,2016,2,17,27,0,1,6,1,3,"SR-1017 LYCOMING CREEK RD","",85,41.37510278,-77.66866944,0,8,0,0,1,1,0,1,5,1,0,1,0,"0000000",17,30,99,97,99,97,0,0,0,1,0
42,420195,1,1,0,0,0,1,1,117,0,3,4,2016,1,20,17,0,1,6,1,3,"SR-3029 AIRPORT RD","",7,41.72973056,-77.38953056,0,1,0,0,1,1,0,1,2,1,0,1,0,"0000000",20,14,99,97,99,97,0,0,0,1,1
42,420196,1,1,0,0,0,1,1,41,1991,3,4,2016,1,4,34,1,1,1,1,1,"I-81 AMERICAN LEGION MEM HWY","",400,40.16013333,-77.29233611,0,1,0,0,1,1,0,3,2,1,0,1,0,"0000000",88,88,88,88,88,88,0,0,0,1,1
42,420197,1,1,0,0,0,4,4,101,6540,8,4,2016,6,2,47,1,2,3,1,3,"SR-2001 CHRISTOPHER COLUMBUS B","",18,39.91358889,-75.13800278,0,33,0,0,1,1,0,4,3,1,0,1,0,"0000000",99,99,99,99,99,99,0,0,0,2,0
42,420198,2,2,0,0,0,2,2,133,0,27,1,2016,4,12,35,1,2,1,1,1,"I-83 VFW OF US MEM HW","",2545,40.05146111,-76.75195833,0,12,7,0,1,1,0,1,1,1,0,1,0,"0000000",12,35,12,44,88,88,23,0,0,1,1
42,420199,1,1,0,0,0,1,1,101,6540,3,4,2016,1,2,23,1,2,3,1,3,"SR-3007 EAST RIVER DR","NORTH FERRY RD",61,40.00738889,-75.19261111,0,44,0,0,2,3,0,1,3,1,0,1,0,"0000000",2,25,99,97,99,97,0,0,0,1,1
42,420200,1,1,0,1,1,1,1,3,4720,9,4,2016,7,19,40,0,2,7,4,6,"SARAH ST","VINE ST",0,40.46661111,-80.07294444,0,8,0,0,2,3,0,1,1,1,0,1,0,"0000000",19,48,19,49,88,88,0,0,0,1,0
42,420201,1,1,0,0,0,2,2,43,0,30,4,2016,7,8,50,0,1,4,1,3,"SR-147 N RIVER  RD","",149,40.55548889,-76.96700556,0,43,0,0,1,1,0,4,1,1,0,1,0,"0000000",88,88,88,88,88,88,0,0,0,1,0
42,420202,1,1,0,1,1,1,1,101,6540,16,4,2016,7,3,47,1,2,3,1,3,"SR-3010 MARKET ST","FORTYFIFTH ST",19,39.95822778,-75.21099444,0,15,0,0,2,3,0,1,3,1,0,1,0,"0000000",3,47,3,54,4,14,0,0,0,1,0
42,420203,2,2,0,3,3,1,1,3,6600,11,1,2016,2,10,49,0,2,7,4,6,"WINDGAP AV","",0,40.45096111,-80.07431944,0,8,0,0,1,1,0,1,1,1,0,1,0,"0000000",10,51,11,1,11,26,19,0,0,1,0
42,420204,1,1,0,0,0,2,2,133,0,15,4,2016,6,8,56,0,1,5,1,3,"SR-616 SEVEN VALLEYS RD","",41,39.80704167,-76.74967778,0,35,0,0,1,1,0,4,1,1,0,1,0,"0000000",8,58,9,7,99,99,0,0,0,1,0
42,420205,1,1,0,1,1,1,1,27,0,18,3,2016,6,12,30,0,1,5,1,3,"SR-192 BRUSH VALLEY RD","OLD PIKE RD",124,40.93308889,-77.48203056,0,49,0,0,2,3,0,1,1,1,0,1,0,"0000000",12,33,12,37,13,57,0,0,0,1,0
42,420206,2,2,0,0,0,5,5,89,0,17,3,2016,5,1,40,0,2,4,1,3,"SR-115","",39,40.96038611,-75.443075,0,12,2,0,1,1,0,1,2,5,0,5,0,"0000000",99,99,99,99,99,99,0,0,0,3,1
42,420207,1,1,0,1,1,1,1,11,0,4,4,2016,2,5,57,1,2,3,99,2,"US-22B FIFTH ST","SOUTH TEMPLE RD",51,40.39688889,-75.9275,0,8,0,0,3,3,0,1,2,2,0,2,0,"0000000",99,99,99,99,88,88,0,0,0,1,0
42,420208,1,1,0,0,0,1,1,91,0,16,4,2016,7,18,2,0,2,99,1,3,"SR-4040 GILBERTSVILLE RD","",14,40.28974722,-75.63405278,0,42,0,0,1,1,0,4,1,1,0,1,0,"0000000",18,2,18,9,18,25,0,0,0,1,1
42,420209,1,1,0,1,1,1,1,45,7020,22,3,2016,3,14,26,1,2,3,60,2,"US-13 CHESTER PIKE","LADOMUS AVE",79,39.876,-75.321975,0,8,0,0,2,3,0,1,1,1,0,1,0,"0000000",14,27,14,28,88,88,0,0,0,1,1
42,420210,2,2,0,0,0,2,2,29,8714,2,4,2016,7,5,5,1,1,1,1,1,"I-76 EAST/WEST TPKE","",3118,40.06870833,-75.67049444,0,12,1,0,1,1,0,1,2,1,0,1,0,"0000000",88,88,88,88,88,88,0,0,0,1,0
42,420211,2,2,0,0,0,2,2,79,0,6,4,2016,4,15,1,0,2,4,1,3,"SR-309 TUNKHANNOCK HWY","",349,41.34801111,-75.96233333,0,12,6,0,1,1,0,1,1,1,0,1,0,"0000000",15,4,15,9,15,41,0,0,0,1,0
42,420212,2,2,0,0,0,4,4,77,0,9,4,2016,7,16,37,0,2,4,1,3,"SR-1009 WEAVERSVILLE RD","",29,40.66668333,-75.42822778,0,12,2,0,1,1,0,1,1,2,0,2,0,"0000000",99,99,99,99,99,99,0,0,0,1,1
42,420213,3,3,0,0,0,4,4,17,0,11,4,2016,2,13,21,0,2,4,1,3,"SR-513 HULMEVILLE RD","SR-2023 GALLOWAY RD",27,40.11041389,-74.93559722,0,12,6,0,2,2,0,1,1,1,0,1,0,"0000000",13,24,13,27,13,53,0,0,0,1,0
42,420214,3,2,1,0,0,2,2,101,6540,21,4,2016,5,22,35,0,2,4,1,3,"SR-1003 WHITAKER AVE","HERKNESS ST",22,40.02637778,-75.10795556,0,12,6,0,2,2,0,1,3,1,0,1,0,"0000000",99,99,99,99,88,88,20,0,0,1,0
42,420215,2,2,0,0,0,3,3,133,0,11,4,2016,2,20,1,0,2,4,1,3,"SR-74 DELTA RD","",171,39.87971111,-76.52289444,0,35,0,0,1,1,0,4,1,1,0,1,0,"0000000",88,88,88,88,88,88,0,0,0,1,1
42,420216,2,2,0,0,0,3,3,123,0,13,4,2016,4,18,0,0,1,6,1,3,"SR-1021 JACKSON AVE","",13,41.850575,-79.118375,0,7,0,0,1,1,0,4,1,1,0,1,0,"0000000",88,88,88,88,88,88,0,0,0,1,1
42,420217,2,2,0,0,0,2,2,3,6600,8,4,2016,6,16,28,1,2,3,1,3,"SR-885 MIFFLIN RD","",77,40.38078056,-79.92691944,0,12,8,0,1,1,0,1,1,1,0,1,0,"0000000",16,25,16,40,17,10,0,0,0,1,0
42,420218,2,2,0,0,0,3,3,55,0,22,4,2016,6,17,22,0,1,5,1,3,"SR-75 FORT LOUDON RD","",126,39.855375,-77.897575,0,12,6,0,8,1,0,1,1,1,0,1,0,"0000000",17,21,17,25,18,15,21,0,0,1,0
42,420219,2,2,0,0,0,5,5,89,1950,23,4,2016,7,15,25,0,1,4,1,3,"SR-611","",6,40.96829444,-75.13165833,0,12,2,0,1,1,0,1,1,1,0,1,0,"0000000",88,88,88,88,88,88,0,0,0,1,0
42,420220,2,2,0,0,0,3,3,129,0,12,4,2016,3,4,12,1,1,3,99,2,"US-22 WILLIAM PENN HWY","",108,40.40025278,-79.50957222,0,12,1,0,1,1,0,1,2,1,0,1,0,"0000000",4,12,4,16,4,43,0,0,0,1,0
42,420221,1,1,0,1,1,3,3,21,1850,1,4,2016,6,14,30,0,2,7,4,6,"DAVID ST","",0,40.31107778,-78.90509722,0,8,0,0,1,1,0,1,1,1,0,1,0,"0000000",14,26,14,29,14,38,0,0,0,1,0
42,420222,1,1,0,0,0,1,1,75,0,11,4,2016,2,13,37,0,1,6,1,3,"SR-4005 THOMPSON AVE","",25,40.38418611,-76.50340833,0,1,0,0,1,1,0,1,1,1,0,1,0,"0000000",99,99,99,99,88,88,0,0,0,1,0
42,420223,1,1,0,0,0,1,1,11,0,23,4,2016,7,13,35,0,2,99,1,3,"SR-3008 REBERS BRIDGE RD","",75,40.376675,-76.00527222,0,34,0,0,1,1,0,4,1,1,0,1,0,"0000000",99,99,99,99,88,88,0,0,0,1,1
42,420224,2,2,0,0,0,2,2,25,0,7,3,2016,2,20,40,0,1,5,1,3,"SR-4010 BRENKMAN DR","",66,40.92301667,-75.85443611,0,12,6,0,1,1,0,1,2,1,0,1,0,"0000000",99,99,99,99,99,99,0,0,0,1,0
42,420225,1,1,0,0,0,5,5,3,6600,20,3,2016,1,4,38,1,2,1,1,1,"I-376 PENN LINCOLN PY","",735,40.42795,-79.94905833,0,23,0,0,1,1,0,4,3,1,0,1,0,"0000000",4,37,4,52,5,2,0,0,0,1,1
42,420226,1,1,0,0,0,2,2,125,0,5,3,2016,7,0,52,1,1,3,99,2,"US-22 WILLIAM PENN HWY","",98,40.42005278,-80.34941944,0,21,0,1,19,1,0,3,2,1,0,1,0,"0000000",0,51,0,59,2,12,0,0,0,1,1
42,420227,1,1,0,0,0,1,1,3,0,23,4,2016,7,3,51,1,2,3,1,3,"SR-400 FRANKSTOWN RD","",84,40.46488611,-79.85368333,0,30,0,0,1,1,0,4,3,1,0,1,0,"0000000",3,52,4,0,88,88,0,0,0,1,0
42,420228,1,1,0,0,0,2,2,19,0,17,4,2016,1,20,50,0,1,5,1,3,"SR-2010 WINFIELD RD","",136,40.78306667,-79.71212778,0,11,0,0,1,1,0,1,2,1,0,1,0,"0000000",20,30,20,41,21,32,0,0,0,1,0
42,420229,2,2,0,0,0,3,3,77,0,4,4,2016,2,12,57,1,2,3,1,3,"SR-309","SR-2028 WEST PASSER RD",15,40.52325278,-75.38815833,0,12,6,0,2,2,0,1,1,2,0,2,0,"0000000",99,99,99,99,99,99,0,0,0,1,0
42,420230,2,2,0,0,0,2,2,97,0,12,4,2016,3,13,30,0,1,4,1,3,"SR-54","SR-1001 MUSSER LN",21,41.13701389,-76.85130278,0,12,6,0,2,2,0,1,1,1,0,1,0,"0000000",99,99,99,99,99,99,0,0,0,1,0
42,420231,2,2,0,0,0,3,3,99,0,15,4,2016,6,16,20,0,1,4,1,3,"SR-274 BLOOMFIELD RD","",374,40.38795556,-77.033575,0,12,8,0,1,1,0,1,1,1,0,1,0,"0000000",99,99,99,99,88,88,0,0,0,1,0
42,420232,1,1,0,0,0,1,1,49,0,17,4,2016,1,1,21,0,2,3,1,3,"SR-531 DEPOT RD","",35,42.15724444,-79.94558056,0,1,0,0,1,1,0,4,2,1,0,1,0,"0000000",88,88,88,88,88,88,0,0,0,1,0
42,420233,1,1,0,0,0,1,1,49,0,1,4,2016,6,11,55,0,1,7,3,5,"FOOTMILL RD","",0,42.05496667,-80.01845833,0,42,0,0,1,1,0,4,1,1,0,1,0,"0000000",12,0,12,1,88,88,22,0,0,1,1
42,420234,1,1,0,0,0,1,1,71,0,24,4,2016,1,18,35,0,1,7,1,3,"SR-4029 PINCH RD","",3,40.22130278,-76.44686111,0,34,0,0,1,1,0,4,1,1,0,1,0,"0000000",18,37,18,47,19,22,0,0,0,1,0
42,420235,1,1,0,1,1,1,1,43,8110,22,4,2016,6,5,5,0,2,99,1,3,"SR-3004 MOHN ST","SECOND ST",0,40.23001667,-76.83223611,0,8,0,0,2,2,0,1,3,1,0,1,0,"0000000",99,99,99,99,99,99,0,0,0,1,0
42,420236,2,1,1,0,0,2,2,77,0,12,4,2016,3,3,30,0,1,7,3,5,"FAIRMONT ST","",0,40.60972778,-75.52334167,0,14,0,0,1,1,0,1,3,2,0,2,0,"0000000",99,99,99,99,99,99,0,0,0,1,1
42,420237,2,2,0,0,0,2,2,91,0,26,4,2016,3,17,20,1,2,3,1,3,"SR-8030 RAMP RD","FARMINGTON AVE",1,40.28866389,-75.64268056,0,12,6,1,2,3,0,1,1,2,0,2,0,"0000000",17,20,17,25,17,48,0,0,0,1,0
42,420238,2,2,0,0,0,2,2,5,0,30,4,2016,7,20,22,1,1,3,60,2,"US-422","",33,40.80811111,-79.49596667,0,12,6,0,4,1,0,1,5,2,0,2,0,"0000000",20,22,20,26,88,88,0,0,0,1,0
42,420239,3,3,0,0,0,4,4,71,0,26,4,2016,3,17,39,0,2,99,1,3,"SR-897 SPRINGVILLE RD","",92,40.10210833,-76.02324444,0,12,8,0,1,1,0,1,1,2,0,2,0,"0000000",17,42,17,50,18,31,5,0,0,1,1
42,420240,1,1,0,0,0,1,1,77,0,8,4,2016,6,17,58,0,1,6,1,3,"SR-4033 SCHOCHARY RD","",48,40.656475,-75.75042222,0,1,0,0,1,1,0,4,1,1,0,1,0,"0000000",99,99,99,99,99,99,0,0,0,1,1
42,420241,2,2,0,0,0,2,2,101,6540,17,4,2016,1,12,30,0,2,7,12,6,"CONCOURSE STREET PARK","W MEMORIAL HALL DRIVE PARK",0,39.97758333,-75.21088889,0,12,6,0,2,2,0,1,1,1,0,1,0,"0000000",99,99,99,99,88,88,0,0,0,1,0
42,420242,2,2,0,0,0,5,5,91,0,10,4,2016,1,15,58,0,2,4,1,3,"SR-2001 MORRIS RD","",54,40.18475556,-75.28686389,0,12,6,0,8,1,0,1,1,1,0,1,0,"0000000",15,56,16,6,88,88,0,0,0,1,0
42,420243,2,2,0,0,0,3,3,95,0,18,4,2016,2,12,21,0,2,99,1,3,"SR-3020 NEWBURG RD","NORTHWOOD AVE",60,40.70390556,-75.28858889,0,12,6,0,2,3,0,1,1,1,0,1,0,"0000000",99,99,99,99,99,99,0,0,0,1,0
42,420244,1,1,0,0,0,1,1,13,0,14,4,2016,5,10,4,0,1,5,1,3,"SR-453 JANESVILLE PIKE","",77,40.70105556,-78.29677778,0,59,0,0,1,1,0,4,1,1,0,1,0,"0000000",9,46,9,52,88,88,0,0,0,1,0
42,420245,1,1,0,0,0,1,1,49,0,8,4,2016,6,8,20,1,1,1,1,1,"I-79 RAYMOND P SHAFER HWY","",1632,41.85219167,-80.17616111,0,52,0,0,1,1,0,3,1,1,0,1,0,"0000000",8,24,8,48,9,16,0,0,0,1,0
42,420246,2,2,0,0,0,2,2,27,0,12,4,2016,3,11,0,1,1,3,99,2,"US-322 PORT MATILDA HWY","",27,40.88797222,-78.18815,0,12,2,0,1,1,0,1,1,1,0,1,0,"0000000",11,1,11,6,12,5,0,0,0,1,0
42,420247,2,1,1,0,0,1,1,71,0,25,4,2016,2,7,0,1,1,3,1,3,"SR-72 LEBANON RD","",156,40.21904167,-76.43224167,0,30,0,0,1,1,0,4,1,1,0,1,0,"0000000",99,99,99,99,99,99,0,0,0,1,0
42,420248,1,1,0,0,0,1,1,41,0,6,4,2016,4,22,47,0,1,7,3,5,"GREASON RD","",0,40.18576667,-77.29415556,0,42,0,0,1,1,0,4,2,1,0,1,0,"0000000",99,99,99,99,99,99,0,0,0,1,0
42,420249,1,1,0,0,0,1,1,91,6910,2,4,2016,7,0,45,1,2,3,1,3,"SR-29 MAIN ST","",191,40.37063333,-75.48276111,0,30,0,0,1,1,0,4,3,1,0,1,0,"0000000",0,47,0,56,88,88,20,0,0,1,1
42,420250,1,1,0,0,0,1,1,129,0,25,4,2016,2,5,15,1,1,3,99,2,"US-30 LINCOLMN HWY","",167,40.30239722,-79.51864167,0,35,0,0,1,1,0,4,2,1,0,1,0,"0000000",5,13,5,17,6,10,0,0,0,1,0
42,420251,1,1,0,0,0,1,1,129,5390,28,4,2016,5,22,40,0,2,6,1,3,"SR-3003 TYROL BLVD","STATE RD",14,40.14913611,-79.86222778,0,30,0,0,1,1,0,4,2,1,0,1,0,"0000000",88,88,88,88,88,88,0,0,0,1,1
42,420252,1,1,0,1,1,2,2,117,5489,12,4,2016,3,19,8,0,1,6,1,3,"SR-287","",46,41.60099444,-77.29710556,0,9,0,0,1,1,0,1,1,1,0,1,0,"0000000",19,13,19,19,19,40,0,0,0,1,0
42,420253,2,2,0,0,0,2,2,99,0,18,4,2016,2,17,9,0,1,4,1,3,"SR-34 SPRING RD","SR-850 VALLEY RD",27,40.31963611,-77.16523056,0,12,6,0,2,2,0,1,1,1,0,1,0,"0000000",17,5,99,99,88,88,0,0,0,1,1
42,420254,1,1,0,0,0,5,5,25,0,16,4,2016,7,19,17,1,1,1,31,1,"I-476 NORTHEAST EX","",822,40.91664444,-75.64792222,0,35,0,0,1,1,0,4,1,1,0,1,0,"0000000",99,99,99,99,99,99,0,0,0,1,0
42,420255,2,2,0,0,0,2,2,49,3180,18,4,2016,2,6,52,0,2,7,4,6,"WALNUT ST","",0,41.99616667,-80.30762778,0,24,0,0,1,1,0,4,1,1,0,1,0,"0000000",99,99,99,99,88,88,0,0,0,1,0
42,420256,2,2,0,0,0,2,2,101,6540,13,4,2016,4,21,20,0,2,5,1,3,"SR-2009 ARAMINGO AVE","SR-2014 LEHIGH AVE",9,39.98155833,-75.11740278,0,12,1,0,2,2,0,1,3,1,0,1,0,"0000000",99,99,99,99,99,99,0,0,0,1,0
42,420257,1,1,0,0,0,1,1,125,0,6,5,2016,6,17,42,1,1,3,1,3,"SR-8046 RAMP C RD","",1,40.42429722,-80.4295,0,24,0,1,5,1,0,4,1,2,0,2,0,"0000000",17,41,17,47,88,88,0,0,0,1,1
42,420258,2,2,0,0,0,2,2,69,0,13,4,2016,4,11,39,1,2,3,99,2,"US-6B SCRANTON-CARBONDALE HWY","",54,41.5002,-75.58130833,0,12,6,0,8,1,0,1,1,1,0,1,0,"0000000",11,41,11,46,12,6,0,0,0,1,0
42,420259,1,1,0,0,0,1,1,43,0,21,4,2016,5,23,3,0,1,5,1,3,"SR-341 COLEBROOK RD","",6,40.19993333,-76.69617778,0,24,0,0,1,1,0,4,2,1,0,1,0,"0000000",99,99,99,99,88,88,0,0,0,1,1
42,420260,1,1,0,0,0,5,5,15,0,20,4,2016,4,12,57,0,1,7,1,3,"SR-1045 HORNBROOK RD","",29,41.83003611,-76.49176667,0,42,0,0,1,1,0,4,1,1,0,1,0,"0000000",12,59,13,10,13,34,0,0,0,2,0
42,420261,1,1,0,0,0,1,1,29,0,7,5,2016,7,17,55,1,1,3,60,2,"US-202","",196,40.07513056,-75.42051389,0,7,0,0,1,1,0,1,1,1,0,1,0,"0000000",88,88,88,88,88,88,0,0,0,1,0
42,420262,1,1,0,0,0,1,1,39,0,7,5,2016,7,2,5,0,1,7,3,5,"FREE RD","",0,41.58346111,-80.33445556,0,53,0,0,1,1,0,5,2,1,0,1,0,"0000000",88,88,88,88,88,88,0,0,0,1,1
42,420263,1,1,0,1,1,1,1,37,0,25,5,2016,4,8,7,0,1,3,1,3,"SR-1020 WINDING RD","",17,41.11637778,-76.33286667,0,9,0,0,1,1,0,1,1,1,0,1,0,"0000000",88,88,88,88,88,88,0,0,0,1,0
42,420265,1,1,0,0,0,1,1,41,0,29,5,2016,1,22,23,0,1,7,3,5,"CRANES GAP RD","",0,40.26841667,-77.19772222,0,42,0,0,1,1,0,4,2,2,0,2,0,"0000000",88,88,88,88,88,88,0,0,0,1,1
42,420266,3,1,2,0,0,1,1,43,3500,1,4,2016,6,7,0,0,2,7,4,6,"BERRYHILL ST","",0,40.25998056,-76.863375,0,14,0,0,1,1,0,2,1,1,0,1,0,"0000000",99,99,99,99,99,99,14,0,0,1,0
42,420267,1,1,0,0,0,2,2,79,0,30,4,2016,7,21,13,0,1,7,1,3,"SR-4020 VOLANSKI RD","",14,41.219525,-76.28115833,0,42,0,0,1,1,0,4,2,1,0,1,0,"0000000",20,39,20,50,88,88,0,0,0,2,1
42,420268,2,2,0,0,0,2,2,71,0,7,4,2016,5,14,30,0,2,4,1,3,"SR-272 READING RD","",346,40.20103889,-76.16243611,0,12,2,0,1,1,0,1,1,1,0,1,0,"0000000",14,32,14,38,99,99,0,0,0,1,0
42,420269,1,1,0,0,0,1,1,5,0,17,4,2016,1,19,57,0,1,7,3,5,"WIBLE RD","",0,40.81313889,-79.55180556,0,43,0,0,1,1,0,5,1,1,0,1,0,"0000000",19,48,19,53,21,3,22,0,0,1,1
42,420270,1,1,0,0,0,1,1,81,0,11,4,2016,2,9,0,0,1,5,1,3,"SR-422","",54,41.17810833,-76.67555833,0,52,0,0,1,1,0,4,1,2,0,2,0,"0000000",8,59,9,15,88,88,0,0,0,1,0
42,420271,1,1,0,0,0,1,1,17,0,24,4,2016,1,2,6,0,1,5,1,3,"SR-113 BEDMINSTER RD","",116,40.43532222,-75.17058889,0,59,0,0,1,1,0,4,2,1,0,1,0,"0000000",88,88,88,88,88,88,0,0,0,1,1
42,420272,1,1,0,0,0,1,1,27,0,24,4,2016,1,20,0,0,1,7,1,3,"SR-3025 BELL HOLLOW LN","",67,40.78901111,-78.12110833,0,32,0,0,1,1,0,4,5,1,0,1,0,"0000000",20,5,20,23,88,88,0,0,0,1,1
42,420273,1,1,0,0,0,3,3,127,0,8,4,2016,6,15,56,0,1,6,1,3,"SR-247 WHITE ROCK DR","",182,41.82284167,-75.32333611,0,35,0,0,1,1,0,4,1,1,0,1,0,"0000000",15,55,16,20,17,34,0,0,0,1,1
42,420274,2,2,0,0,0,2,2,91,0,1,4,2016,6,4,51,1,2,3,1,3,"SR-63 WELSH RD","SR-463 FORTY FOOT RD",115,40.26306667,-75.31933056,0,12,6,0,2,3,0,1,3,1,0,1,0,"0000000",4,51,5,0,88,88,0,0,0,1,0
42,420275,1,1,0,1,1,1,1,71,0,21,4,2016,5,17,36,0,1,5,1,3,"SR-340 OLD PHILADELPHIA PIKE","",169,40.02766389,-75.95561389,0,8,0,0,1,1,0,1,1,1,0,1,0,"0000000",99,99,99,99,99,99,0,0,0,1,0
42,420276,1,1,0,0,0,2,2,11,0,11,4,2016,2,2,14,1,2,3,99,2,"US-422 BENJAMIN FRANKLIN HWY","",309,40.25599444,-75.72667222,0,17,0,0,1,1,0,4,3,1,0,1,0,"0000000",99,99,99,99,99,99,0,0,0,1,1
42,420277,1,1,0,0,0,2,2,89,0,18,3,2016,6,19,0,0,2,99,1,3,"SR-1005 SCHOOL HOUSE RD","",39,41.09943889,-75.18884167,0,18,0,0,1,1,0,2,1,1,0,1,0,"0000000",99,99,99,99,99,99,0,0,0,1,0
42,420278,1,1,0,0,0,1,1,7,90,8,5,2016,1,6,23,1,2,3,1,3,"SR-51 CONSTITUTION BLVD","",45,40.63358611,-80.24463056,0,25,0,0,1,1,0,3,1,1,0,1,0,"0000000",6,25,6,30,88,88,0,0,0,1,1
42,420279,2,1,1,1,1,1,1,3,6600,18,5,2016,4,2,27,0,2,7,4,6,"9TH ST","",0,40.44405556,-79.99852778,0,8,0,0,1,1,0,1,3,2,0,2,0,"0000000",2,24,2,45,2,50,14,0,0,1,1
42,420280,2,2,0,0,0,3,3,97,0,19,5,2016,5,15,5,0,1,4,1,3,"SR-225","",20,40.66199722,-76.82883889,0,12,2,0,1,1,0,1,1,1,0,1,0,"0000000",15,10,15,13,17,1,0,0,0,1,0
42,420281,2,2,0,0,0,2,2,75,0,12,5,2016,5,12,44,0,1,4,1,3,"SR-501 STIEGEL PIKE","OLD MILL RD",24,40.28770833,-76.30362778,0,12,6,0,2,2,0,1,1,1,0,1,0,"0000000",12,55,13,7,13,42,0,0,0,1,0
42,420282,2,1,1,0,0,1,1,19,0,2,5,2016,2,2,30,0,1,7,3,5,"SUNSET DR","",0,40.90558333,-79.91625,0,31,0,0,1,1,0,4,2,2,0,2,0,"0000000",5,58,6,9,88,88,0,0,0,1,1
42,420283,1,1,0,0,0,1,1,43,0,27,5,2016,6,23,52,0,1,5,1,3,"SR-1002 MARKET ST","",49,40.57707222,-76.64573056,0,30,0,0,1,1,0,4,3,1,0,1,0,"0000000",23,51,0,2,88,88,0,0,0,1,1
42,420284,2,2,0,0,0,2,2,107,0,23,5,2016,2,16,1,1,1,1,1,1,"I-8A AMERICAN LEGION MEM HWY","",1069,40.62030556,-76.438,0,12,1,1,18,1,1,1,1,2,0,2,0,"0000000",88,88,88,88,88,88,0,0,0,1,0
42,420285,2,2,0,0,0,2,2,45,0,6,5,2016,6,5,45,1,2,3,1,3,"SR-2016 BALTIMORE PIKE","SR-2019 BISHOP AVE",61,39.92470556,-75.31099722,0,12,6,0,2,2,0,1,3,2,0,2,0,"0000000",5,53,5,59,6,18,0,0,0,1,0
42,420286,2,2,0,0,0,4,4,11,0,5,5,2016,5,13,57,0,2,4,1,3,"SR-3021 PAPER MILL RD","COLONY DR",4,40.349525,-75.97506944,0,12,6,0,2,2,0,1,1,2,0,2,0,"0000000",99,99,99,99,99,99,21,0,0,1,0
42,420287,1,1,0,0,0,1,1,133,0,14,5,2016,7,2,10,0,1,5,1,3,"SR-2016 BLOOMING GROVE RD","",14,39.79331667,-76.93187222,0,42,0,0,1,1,0,4,3,1,0,1,0,"0000000",2,12,99,97,99,97,0,0,0,1,1
42,420288,1,1,0,0,0,1,1,17,0,21,5,2016,7,2,17,1,2,2,99,2,"US-1 LINCOLN HWY","",123,40.19766111,-74.79079444,0,24,0,0,1,1,0,4,2,1,0,1,0,"0000000",99,99,99,99,88,88,0,0,0,1,1
42,420289,1,1,0,0,0,1,1,41,0,7,4,2016,5,20,18,1,1,1,1,1,"I-81 AMERICAN LEGION MEM HWY","",540,40.24491389,-77.08743333,0,23,0,0,1,1,0,3,2,1,0,1,0,"0000000",99,99,99,99,99,99,0,0,0,1,0
42,420290,1,1,0,0,0,1,1,95,0,26,4,2016,3,19,8,0,1,5,1,3,"SR-611 S DELAWARE DR","",141,40.77127222,-75.17848056,0,34,0,0,1,1,0,4,1,1,0,1,0,"0000000",99,99,99,99,99,99,0,0,0,1,1