"STATE","ST_CASE","VE_TOTAL","VE_FORMS","PVH_INVL","PEDS","PERNOTMVIT","PERMVIT","PERSONS","COUNTY","CITY","DAY","MONTH","YEAR","DAY_WEEK","HOUR","MINUTE","NHS","RUR_URB","FUNC_SYS","RD_OWNER","ROUTE","TWAY_ID","TWAY_ID2","MILEPT","LATITUDE","LONGITUD","SP_JUR","HARM_EV","MAN_COLL","RELJCT1","RELJCT2","TYP_INT","WRK_ZONE","REL_ROAD","LGT_COND","WEATHER1","WEATHER2","WEATHER","SCH_BUS","RAIL","NOT_HOUR","NOT_MIN","ARR_HOUR","ARR_MIN","HOSP_HR","HOSP_MN","CF1","CF2","CF3","FATALS","DRUNK_DR"
42,420291,1,1,0,0,0,3,3,125,0,10,5,2016,3,21,55,0,1,5,1,3,"SR-980 ROBINSON HWY","",114,40.36221944,-80.24357778,0,43,0,0,1,1,0,4,2,1,0,1,0,"0000000",99,99,99,99,99,99,0,0,0,1,1
42,420292,4,3,1,1,3,3,5,29,0,20,5,2016,6,21,12,1,2,2,99,2,"US-30 COATESVLE DOWNINGTOW BYP","",104,40.00518611,-75.78142778,0,8,0,0,1,1,0,3,2,1,0,1,0,"0000000",99,99,99,99,99,99,14,0,0,1,1
42,420293,1,1,0,0,0,1,1,33,0,2,5,2016,2,0,19,1,2,3,99,2,"US-322 FRONT ST","",189,41.03241944,-78.44180833,0,39,0,0,1,1,0,5,2,1,0,1,0,"0000000",99,99,99,99,88,88,0,0,0,1,0
42,420295,1,1,0,1,1,1,1,101,6540,21,5,2016,7,18,16,0,2,7,4,6,"VINE ST","",0,39.96692778,-75.24250556,0,8,0,0,1,1,0,1,1,2,0,2,0,"0000000",18,18,18,23,18,59,0,0,0,1,0
42,420296,1,1,0,0,0,1,1,91,0,26,5,2016,5,22,42,0,2,7,3,5,"LEVENGOOD RD","",0,40.27333056,-75.65166667,0,7,0,0,1,1,0,6,2,1,0,1,0,"0000000",22,43,22,51,23,27,0,0,0,1,0
42,420297,1,1,0,1,1,1,1,129,0,11,3,2016,6,15,27,0,2,4,99,2,"US-119 CRABTREE RD","",163,40.31733333,-79.52151111,0,8,0,0,1,1,0,1,1,1,0,1,0,"0000000",15,28,15,30,16,11,0,0,0,1,0
42,420298,1,1,0,1,1,1,1,55,0,17,5,2016,3,19,2,0,1,5,1,3,"SR-416 MERCERSBURG RD","",1,39.72211944,-77.80365833,0,9,0,0,8,1,0,1,1,1,0,1,0,"0000000",99,99,99,99,99,99,0,0,0,1,0
42,420299,1,1,0,0,0,5,5,127,0,26,5,2016,5,0,45,0,1,4,1,3,"SR-4033 COMO RD","STOCKPORT PIKE",71,41.85036944,-75.34348056,0,24,0,0,3,3,0,4,2,1,0,1,0,"0000000",0,50,1,19,0,0,0,0,0,3,1
42,420300,1,1,0,1,1,1,1,71,1550,29,5,2016,1,12,11,0,2,4,1,3,"SR-462 LANCASTER AVE","CHERRY ST",19,40.03327778,-76.49781667,0,8,0,0,3,2,0,1,1,1,0,1,0,"0000000",99,99,99,99,99,99,0,0,0,1,0
42,420301,1,1,0,1,1,1,1,91,0,11,5,2016,4,22,4,1,2,3,1,3,"SR-611 EASTON RD","",85,40.17612222,-75.12829444,0,8,0,0,1,1,0,1,2,1,0,1,0,"0000000",22,4,22,7,88,88,0,0,0,1,0
42,420302,1,1,0,1,1,1,1,45,0,21,5,2016,7,21,39,1,2,3,99,2,"US-30 LANCASTER AVE","",9,40.04412222,-75.38819444,0,8,0,0,1,1,0,1,3,2,0,2,0,"0000000",21,38,21,46,22,3,0,0,0,1,1
42,420303,2,2,0,0,0,2,2,3,0,27,5,2016,6,0,27,1,2,3,99,2,"US-19 PERRY HWY","BONNIEVIEW DR",247,40.62338889,-80.05378889,0,12,6,0,2,3,0,1,3,1,0,1,0,"0000000",0,27,0,36,1,15,0,0,0,1,0
42,420304,2,2,0,0,0,2,2,41,4400,20,5,2016,6,6,46,1,2,3,1,3,"SR-1010 MARKET ST","FOURTH ST",46,40.24606389,-76.89559722,0,12,6,0,2,3,0,1,1,1,0,1,0,"0000000",6,47,6,50,7,13,0,0,0,1,0
42,420305,1,1,0,0,0,1,1,127,0,26,5,2016,5,22,37,0,1,7,1,3,"SR-3030 CARBONDALE RD","",8,41.57769167,-75.42906389,0,39,0,0,1,1,0,4,2,1,0,1,0,"0000000",99,99,99,99,99,99,0,0,0,1,1
42,420306,1,1,0,0,0,1,1,75,0,14,5,2016,7,7,46,0,1,6,1,3,"SR-2015 MILLBACH RD","",9,40.31291111,-76.24211944,0,59,0,0,1,1,0,4,1,1,0,1,0,"0000000",99,99,99,99,99,99,0,0,0,1,0
42,420307,1,1,0,0,0,1,1,41,0,28,5,2016,7,17,57,0,1,6,1,3,"SR-3001 BRITTON RD","",112,40.10300556,-77.51003333,0,30,0,0,1,1,0,4,1,1,0,1,0,"0000000",99,99,99,99,88,88,0,0,0,1,0
42,420308,2,2,0,0,0,3,3,3,7510,8,5,2016,1,19,7,1,2,3,1,3,"SR-65 OHIO RIVER BLVD","",107,40.53201667,-80.17504722,0,12,2,0,1,1,0,1,1,1,0,1,0,"0000000",19,11,19,13,19,30,0,0,0,1,0
42,420309,2,2,0,0,0,2,2,29,0,16,5,2016,2,8,27,0,1,4,1,3,"SR-10 OCTORARA TRL","",172,40.00468889,-75.93757778,0,12,2,0,1,1,0,1,1,1,0,1,0,"0000000",99,99,99,99,99,99,0,0,0,1,1
42,420310,2,2,0,0,0,2,2,3,4710,7,5,2016,7,8,43,1,2,3,1,3,"SR-148 WALNUT ST","",7,40.33243611,-79.84605833,0,12,2,0,1,1,0,1,1,1,0,1,0,"0000000",8,43,8,48,9,3,0,0,0,1,0
42,420311,2,2,0,0,0,3,3,81,0,13,5,2016,6,12,54,0,1,4,99,2,"US-220","",167,41.24790833,-76.76356111,0,12,2,0,1,1,0,1,1,1,0,1,0,"0000000",12,53,13,1,99,99,0,0,0,1,0
42,420312,1,1,0,0,0,3,3,51,0,3,5,2016,3,22,50,1,1,3,99,2,"US-119 MORGANTOWN RD","",143,39.85677778,-79.755175,0,35,0,0,1,1,0,4,2,1,0,1,0,"0000000",22,43,22,53,23,58,0,0,0,2,0
42,420313,3,3,0,0,0,3,3,3,3200,16,5,2016,2,12,45,1,2,3,1,3,"SR-837 NORTH STATE RD","",80,40.34532222,-79.88953889,0,12,1,0,8,1,0,1,1,1,0,1,0,"0000000",12,51,12,59,13,24,0,0,0,1,0
42,420314,1,1,0,0,0,1,1,73,8830,27,5,2016,6,17,9,0,1,5,1,3,"SR-288 WAMPUM AVE","",5,40.88783889,-80.33714722,0,1,0,0,1,1,0,1,1,1,0,1,0,"0000000",17,13,17,22,88,88,0,0,0,1,0
42,420315,1,1,0,0,0,2,2,71,0,21,5,2016,7,3,19,1,1,1,31,1,"I-76 EAST/WEST TPK","",2921,40.17816667,-75.98788889,0,59,0,0,1,1,0,4,2,1,0,1,0,"0000000",3,14,3,26,3,59,0,0,0,1,0
42,420316,1,1,0,0,0,1,1,19,0,8,5,2016,1,15,10,0,1,6,1,3,"SR-4010 BRANCHTON RD","",6,41.07062222,-80.03439444,0,42,0,0,1,1,0,4,1,1,0,1,0,"0000000",15,11,15,17,15,48,0,0,0,1,0
42,420317,1,1,0,0,0,1,1,115,0,24,5,2016,3,19,15,0,1,4,1,3,"SR-29","",89,41.76706111,-75.89845278,0,11,0,0,1,1,0,1,1,1,0,1,0,"0000000",19,18,19,25,19,38,0,0,0,1,0
42,420318,1,1,0,0,0,1,1,3,0,13,5,2016,6,0,33,1,1,1,1,1,"I-79 RAYMOND P SHAFER HWY","",741,40.63504722,-80.097775,0,24,0,0,1,1,0,4,3,1,0,1,0,"0000000",0,32,0,42,99,99,0,0,0,1,1
42,420319,1,1,0,1,1,1,1,101,6540,10,5,2016,3,11,54,0,2,7,4,6,"ORTHODOX ST","",0,40.00275,-75.07716667,0,9,0,0,1,1,0,1,1,1,0,1,0,"0000000",11,53,11,58,12,21,0,0,0,1,0
42,420320,2,2,0,1,1,3,3,97,0,10,5,2016,3,0,30,0,1,6,1,3,"SR-890","",42,40.800125,-76.74058056,0,8,0,0,1,1,0,1,2,1,0,1,0,"0000000",0,28,0,31,88,88,0,0,0,1,1
42,420321,2,2,0,0,0,2,2,49,8890,4,5,2016,4,15,6,0,1,6,1,3,"SR-1005 DONATION RD","",15,41.97133889,-79.96311389,0,12,6,0,4,1,0,1,1,1,0,1,0,"0000000",15,16,99,97,99,97,0,0,0,1,1
42,420322,4,4,0,0,0,7,7,65,0,9,5,2016,2,18,15,1,1,1,1,1,"I-80 KEYSTONE SHORTWAY RD","",756,41.18241944,-79.15317222,0,12,7,0,1,1,0,1,1,1,0,1,0,"0000000",18,19,18,42,99,99,0,0,0,3,0
42,420323,2,2,0,0,0,3,3,27,0,10,5,2016,3,15,20,0,1,5,1,3,"SR-64 NITTANY VALLEY DR","SR-550 ZION RD",35,40.91816944,-77.67744722,0,12,6,0,2,3,0,1,1,1,0,1,0,"0000000",15,20,15,29,16,9,0,0,0,1,0
42,420324,3,3,0,0,0,3,3,3,6600,12,5,2016,5,23,20,1,2,3,1,3,"SR-51 SAW MILL RUN BLVD","",199,40.42693889,-80.02238889,0,12,2,0,1,1,0,1,3,1,0,1,0,"0000000",23,22,23,30,0,5,14,0,0,1,0
42,420325,1,1,0,0,0,2,2,49,0,30,5,2016,2,17,15,1,1,1,1,1,"I-79 RAYMOND P SHAFER","",1680,41.96861389,-80.17481389,0,42,0,0,1,1,0,3,1,1,0,1,0,"0000000",88,88,88,88,88,88,0,0,0,1,1
42,420326,2,2,0,0,0,2,2,45,3547,25,5,2016,4,19,39,0,1,5,1,3,"SR-1010 DARBY CREEK RD","",1,39.97999444,-75.335475,0,7,0,0,1,1,0,1,1,1,0,1,0,"0000000",19,40,99,97,99,97,0,0,0,1,0
42,420327,3,3,0,0,0,5,5,25,0,4,5,2016,4,8,52,1,1,3,99,2,"US-209 INTERCHANGE RD","",173,40.83820833,-75.65353611,0,12,8,0,1,1,0,1,1,2,0,2,0,"0000000",99,99,99,99,99,99,14,0,0,2,0
42,420328,2,1,1,0,1,1,2,45,1270,1,5,2016,1,2,42,1,2,1,1,1,"I-95 VIETNAM VETERANS MEMORIAL","",59,39.86104444,-75.35209444,0,14,0,0,1,1,0,1,3,1,0,1,0,"0000000",2,46,2,52,88,88,0,0,0,1,1
42,420329,1,1,0,0,0,3,3,79,0,20,5,2016,6,20,40,1,1,1,1,1,"I-80 AMERICAN LEGION MEM HWY","",1445,40.96648333,-76.02869167,0,35,0,0,1,1,0,4,5,1,0,1,0,"0000000",20,38,20,44,21,0,0,0,0,1,0
42,420330,2,2,0,0,0,9,9,115,3472,7,5,2016,7,23,2,1,1,1,1,1,"I-81 AMERICAN LEGION MEM HW","",2161,41.77790556,-75.68396667,0,12,2,0,1,1,0,1,2,1,0,1,0,"0000000",23,0,23,14,0,0,0,0,0,3,1
42,420331,2,2,0,0,0,9,9,101,6540,1,5,2016,1,15,53,0,1,5,1,3,"SR-4001 HENRY AVE","",18,40.02596667,-75.19817778,0,12,2,0,1,1,0,1,1,2,0,2,0,"0000000",15,56,16,2,16,41,0,0,0,3,0
42,420332,1,1,0,0,0,1,1,69,0,22,5,2016,1,17,45,0,1,7,3,5,"EVERGREEN DR","",0,41.39783333,-75.81358333,0,1,0,0,1,1,0,4,1,1,0,1,0,"0000000",17,56,18,7,18,39,0,0,0,1,0
42,420333,1,1,0,0,0,1,1,27,0,18,5,2016,4,1,9,1,1,3,99,2,"US-322 PORT MATILDA HWY","",46,40.86646389,-78.17288333,0,11,0,0,1,1,0,1,2,1,0,1,0,"0000000",1,13,1,21,88,88,0,0,0,1,0
42,420334,1,1,0,1,1,1,1,101,6540,12,5,2016,5,23,20,1,2,3,99,2,"US-1 ROOSEVELT BLVD","C ST",84,40.02638611,-75.11715,0,8,0,0,3,2,0,1,3,1,0,1,0,"0000000",23,20,23,24,23,46,0,0,0,1,0
42,420335,2,2,0,0,0,2,2,19,0,13,5,2016,6,16,47,1,2,3,99,2,"US-422 BENJAMIN FRANKLIN HWY","KECK RD",204,40.86476111,-79.82355278,0,12,1,0,3,3,0,1,1,1,0,1,0,"0000000",16,42,16,49,88,88,0,0,0,1,0
42,420336,2,2,0,0,0,3,3,109,0,26,5,2016,5,20,6,0,1,7,1,3,"SR-3006 HEISTER VALLEY RD","",87,40.73329722,-77.02105,0,12,6,0,8,1,0,1,1,1,0,1,0,"0000000",20,4,20,11,21,9,0,0,0,1,1
42,420337,2,2,0,0,0,2,2,95,0,2,5,2016,2,12,12,0,1,5,1,3,"SR-3019 CHERRYVILLE RD","",16,40.715925,-75.514725,0,12,2,0,1,1,0,1,1,2,0,2,0,"0000000",99,99,99,99,99,99,0,0,0,1,0
42,420338,1,1,0,0,0,1,1,117,0,21,5,2016,7,1,36,0,1,6,1,3,"SR-3007 STONY FORK RD","",68,41.67441667,-77.361725,0,35,0,0,1,1,0,4,2,1,0,1,0,"0000000",88,88,88,88,88,88,0,0,0,1,1
42,420339,3,2,1,0,0,3,3,91,0,31,5,2016,3,22,20,0,2,7,4,6,"POWELL ST","WOOD ST",0,40.1234,-75.33691944,0,12,6,0,2,2,0,1,3,1,0,1,0,"0000000",22,20,22,24,22,41,0,0,0,1,1
42,420340,2,2,0,0,0,2,2,101,6540,28,5,2016,7,0,38,1,2,3,99,2,"US-1 ROOSEVELT BLVD","C ST",15,40.02623056,-75.11715556,0,1,0,0,2,2,0,1,3,1,0,1,0,"0000000",0,37,0,46,1,8,0,0,0,1,0
42,420341,1,1,0,0,0,1,1,81,0,3,5,2016,3,15,47,0,1,6,1,3,"SR-2073 BEAVER LAKE RD","",22,41.26323889,-76.68438056,0,42,0,0,1,1,0,4,1,1,0,1,0,"0000000",15,41,15,51,88,88,0,0,0,1,0
42,420342,1,1,0,0,0,2,2,79,0,13,5,2016,6,17,44,1,1,1,1,1,"I-80","",2652,41.06018056,-75.91177222,0,52,0,0,1,1,0,3,1,1,0,1,0,"0000000",17,40,17,55,18,17,0,0,0,1,0
42,420343,2,2,0,0,0,2,2,17,0,25,4,2016,2,14,55,1,1,1,31,1,"I-276 EAST/WEST TPKE","",3504,40.13542778,-74.98925833,0,25,0,0,1,1,0,3,1,1,0,1,0,"0000000",14,56,15,4,99,99,0,0,0,1,0
42,420344,1,1,0,0,0,3,3,3,652,15,5,2016,1,0,54,0,2,5,1,3,"SR-3012 STOLTZ RD","",8,40.314425,-80.01985,0,53,0,0,1,1,0,4,3,1,0,1,0,"0000000",1,1,1,7,1,39,0,0,0,1,1
42,420345,1,1,0,0,0,2,2,31,0,30,5,2016,2,8,15,1,1,1,1,1,"I-80 KEYSTONE SHORTWAY RD","",447,41.1781,-79.69444722,0,1,0,0,1,1,0,4,1,1,0,1,0,"0000000",8,45,9,1,99,99,0,0,0,1,0
42,420346,1,1,0,0,0,1,1,39,0,6,5,2016,6,20,28,0,1,5,1,2,"US-19 PERRY HWY","",31,41.526525,-80.18541389,0,34,0,0,1,1,0,4,2,1,0,1,0,"0000000",99,99,99,99,88,88,0,0,0,1,1
42,420347,1,1,0,0,0,1,1,11,6900,12,5,2016,5,0,10,1,2,2,99,2,"US-422 BENJAMIN FRANKLIN HWY","",189,40.31970556,-75.92342778,0,1,0,0,1,1,0,4,2,1,0,1,0,"0000000",99,99,99,99,88,88,0,0,0,1,0
42,420348,1,1,0,0,0,1,1,53,0,17,5,2016,3,17,43,0,1,4,1,3,"SR-66","",84,41.49771389,-79.08549722,0,42,0,0,1,1,0,4,1,1,0,1,0,"0000000",17,45,17,54,88,88,0,0,0,1,0
42,420349,1,1,0,1,1,1,1,13,0,1,6,2016,4,10,50,1,1,3,1,3,"SR-1001 PLEASANT VALLEY BLVD","",112,40.61310556,-78.30963056,0,9,0,0,1,1,0,1,1,1,0,1,0,"0000000",10,51,99,97,99,97,0,0,0,1,0
42,420350,1,1,0,0,0,1,1,63,3870,9,6,2016,5,23,33,0,1,5,1,3,"SR-954 SIXTH ST","CHURCH ST",62,40.62154722,-79.15081667,0,1,0,0,2,2,0,1,2,1,0,1,0,"0000000",99,99,99,99,99,99,0,0,0,1,1
42,420351,1,1,0,0,0,1,1,17,999,9,6,2016,5,22,28,0,1,6,1,3,"SR-2097 FOREST GROVE RD","",10,40.28430833,-75.03974167,0,35,0,0,1,1,0,4,2,1,0,1,0,"0000000",88,88,88,88,88,88,0,0,0,1,1
42,420352,1,1,0,0,0,1,1,51,0,23,6,2016,5,12,49,0,1,4,1,3,"SR-1054 CLINTON RD","",4,40.04409167,-79.46166667,0,35,0,0,1,1,0,4,1,1,0,1,0,"0000000",88,88,88,88,88,88,0,0,0,1,0
42,420353,1,1,0,0,0,2,2,3,3950,27,6,2016,2,7,9,1,1,2,1,3,"SR-51","",68,40.27950278,-79.90556389,0,25,0,0,1,1,0,3,1,1,0,1,0,"0000000",7,12,7,18,7,45,0,0,0,2,0
42,420354,1,1,0,0,0,5,5,71,0,13,5,2016,6,23,41,0,2,6,1,3,"SR-1026 QUEEN ST","",81,40.24148611,-76.17503611,0,39,0,0,1,1,0,5,3,1,0,1,0,"0000000",23,42,23,54,1,0,0,0,0,1,0
42,420355,1,1,0,0,0,1,1,49,2640,27,5,2016,6,21,26,1,2,3,1,3,"SR-4034 BAYFRONT PKWY","",15,42.12716111,-80.10853056,0,33,0,0,1,1,0,4,2,1,0,1,0,"0000000",99,99,99,99,88,88,0,0,0,1,0
42,420356,1,1,0,0,0,1,1,133,2769,29,6,2016,4,7,3,0,1,7,3,5,"RUDYTOWN RD","",0,40.18824722,-76.89505278,0,42,0,0,8,1,0,2,1,1,0,1,0,"0000000",7,3,7,18,88,88,0,0,0,1,0
42,420357,1,1,0,1,1,1,1,3,6600,26,6,2016,1,2,32,1,2,3,1,3,"SR-400 BAUM BLVD","MOREWOOD AVE",31,40.45493889,-79.94528889,0,8,0,0,2,2,0,1,3,1,0,1,0,"0000000",2,26,2,37,2,44,0,0,0,1,1
42,420358,2,2,0,1,1,2,2,45,5215,28,6,2016,3,22,42,1,1,3,1,3,"SR-3 MARKET ST","MILLBOURNE AVE",115,39.96276111,-75.25153333,0,8,0,0,2,2,0,1,3,1,0,1,0,"0000000",88,88,88,88,88,88,0,0,0,1,0
42,420359,1,1,0,0,0,1,1,125,0,18,5,2016,4,14,17,0,1,4,1,3,"SR-844 JEFFERSON AVE","",35,40.24770833,-80.45281944,0,42,0,0,1,1,0,4,1,1,0,1,0,"0000000",14,13,14,29,15,29,0,0,0,1,0
42,420360,2,2,0,0,0,3,3,71,0,14,6,2016,3,7,33,0,1,3,1,3,"SR-741 MCGOVERNVILLE RD","FROM 8003/0750",4,40.07920278,-76.34648889,0,12,6,1,2,3,0,1,1,1,0,1,0,"0000000",7,34,7,41,8,6,0,0,0,1,0
42,420361,3,1,2,0,0,1,1,3,0,2,6,2016,5,14,14,1,2,3,1,3,"SR-60 STEUBENVILLE PIKE","",79,40.44744167,-80.14311944,0,31,0,0,1,1,0,4,1,1,0,1,0,"0000000",14,16,14,18,15,1,14,0,0,1,0
42,420362,2,2,0,0,0,2,2,29,0,10,6,2016,6,11,42,1,1,3,1,3,"SR-100 POTTSTOWN PIKE","",177,40.19186944,-75.6635,0,12,2,0,1,1,0,1,1,1,0,1,0,"0000000",99,99,99,99,99,99,0,0,0,1,0
42,420363,2,2,0,0,0,5,5,133,0,25,6,2016,7,16,0,0,1,4,1,3,"SR-3042 SALEM RD","OLD JOSEPH RD",82,39.89519444,-76.80625,0,12,6,0,2,2,0,1,1,1,0,1,0,"0000000",16,3,16,12,16,32,0,0,0,1,0
42,420364,1,1,0,0,0,2,2,43,0,16,3,2016,4,21,43,1,1,3,99,2,"US-22 WM B LENTZ HW","",141,40.29555556,-76.88117222,0,1,0,0,1,1,0,3,3,1,0,1,0,"0000000",99,99,99,99,99,99,0,0,0,2,1
42,420365,2,2,0,0,0,3,3,89,0,5,6,2016,1,16,25,0,1,6,1,3,"SR-1007 MARSHALLS CREEK RD","PENNSYLVANIA AVE",18,41.06555278,-75.13883611,0,12,6,0,2,3,0,1,1,2,0,2,0,"0000000",99,99,99,99,99,99,22,0,0,1,0
42,420366,2,2,0,0,0,2,2,41,0,17,3,2016,5,21,9,1,1,1,31,1,"I-76 EAST/WEST TURNPIKE","",2222,40.20987778,-77.22983333,0,12,1,0,1,1,1,1,2,1,0,1,0,"0000000",21,8,21,31,88,88,0,0,0,1,0
42,420367,2,2,0,0,0,3,3,19,0,20,6,2016,2,8,23,0,1,4,1,3,"SR-108 FRANKLIN RD","HARMONY RD",57,41.07703056,-80.03511944,0,12,6,0,2,2,0,1,1,1,0,1,0,"0000000",8,18,8,23,9,42,0,0,0,1,0
42,420368,2,2,0,0,0,3,3,91,0,20,6,2016,2,12,30,0,1,7,3,5,"GRUBER RD","MAPLE AVE",0,40.28525278,-75.38143611,0,12,6,0,2,2,0,1,1,1,0,1,0,"0000000",99,99,99,99,99,99,0,0,0,1,0
42,420369,2,2,0,0,0,2,2,3,9170,28,6,2016,3,21,49,0,2,7,4,6,"PENNSYLVANIA AVE","",0,40.36211111,-79.85772222,0,12,6,0,8,1,0,1,3,1,0,1,0,"0000000",21,50,21,56,22,34,0,0,0,1,1
42,420370,2,2,0,0,0,3,3,71,0,8,6,2016,4,7,10,0,2,4,1,3,"SR-462 COLUMBIA AVE","",75,40.04,-76.39597222,0,12,6,0,1,1,0,1,1,1,0,1,0,"0000000",99,99,99,99,99,99,0,0,0,1,0
42,420371,2,2,0,0,0,6,6,75,0,18,6,2016,7,11,28,0,1,5,1,3,"SR-343 SEVENTH ST","KOCHENDERFER RD",8,40.36596389,-76.41708333,0,12,6,0,2,2,0,1,1,1,0,1,0,"0000000",11,31,11,36,12,26,0,0,0,1,0
42,420372,2,2,0,0,0,3,3,3,6600,4,6,2016,7,5,28,1,2,3,1,3,"SR-65 OHIO RIVER BLVD","",30,40.48305556,-80.04888333,0,12,2,0,1,1,0,1,4,1,0,1,0,"0000000",5,27,5,33,6,0,0,0,0,2,0
42,420373,2,2,0,0,0,4,4,21,0,15,6,2016,4,22,10,1,1,3,99,2,"US-22 WILLIAM PENN HWY","SR-3032 MINI MALL RD",107,40.46753611,-78.75783333,0,12,1,0,3,2,0,1,3,1,0,1,0,"0000000",22,12,22,15,99,99,0,0,0,2,0
42,420374,2,2,0,0,0,3,3,3,0,5,6,2016,1,17,26,0,2,4,1,3,"SR-1013 SAXONBURG RD","",33,40.55373889,-79.91152778,0,12,2,0,1,1,0,1,1,1,0,1,0,"0000000",17,25,17,35,18,36,0,0,0,1,0
42,420375,2,2,0,0,0,3,3,3,6645,5,6,2016,1,18,16,0,2,4,1,3,"SR-2086 LEECHBURG RD","",5,40.49422222,-79.78389444,0,12,8,0,1,1,0,1,1,1,0,1,0,"0000000",18,24,18,30,19,5,0,0,0,1,0
42,420376,1,1,0,1,1,1,1,101,6540,1,6,2016,4,1,17,0,2,5,1,3,"SR-2010 CECIL B MOORE AVE","",0,39.98050556,-75.17197778,0,8,0,0,1,1,0,1,3,1,0,1,0,"0000000",1,17,1,25,1,40,0,0,0,1,0
42,420377,2,2,0,0,0,2,2,45,0,30,6,2016,5,12,27,1,2,3,1,3,"SR-452 PENNELL RD","WEIR RD",32,39.86418611,-75.42785556,0,12,6,0,3,2,0,1,1,1,0,1,0,"0000000",99,99,99,99,99,99,0,0,0,1,0
42,420378,2,2,0,0,0,2,2,43,0,20,6,2016,2,13,19,0,2,4,1,3,"SR-3009 FRONT ST","HOUSER RD",23,40.31921944,-76.898525,0,12,6,0,2,3,0,1,1,1,0,1,0,"0000000",13,20,13,24,88,88,0,0,0,1,0
42,420379,1,1,0,0,0,5,5,63,0,5,6,2016,1,3,45,0,1,5,1,3,"SR-3002 SALTSBURG RD","",21,40.49543611,-79.41802778,0,42,0,0,1,1,0,4,2,1,0,1,0,"0000000",3,55,4,8,5,13,0,0,0,1,1
42,420380,3,3,0,0,0,7,7,85,0,14,6,2016,3,17,35,0,2,4,1,3,"SR-208","GEORGE JUNIOR RD",77,41.15588611,-80.11605556,0,12,2,0,2,3,0,1,1,1,0,1,0,"0000000",99,99,99,99,99,99,0,0,0,1,0
42,420381,1,1,0,0,0,4,4,29,0,28,6,2016,3,20,34,0,1,4,1,3,"SR-896 NEW LONDON RD","",9,39.73486944,-75.79362222,0,42,0,0,1,1,0,4,5,2,0,2,0,"0000000",99,99,99,99,99,99,0,0,0,1,0
42,420382,1,1,0,0,0,1,1,41,0,24,6,2016,6,10,47,0,1,7,3,5,"KUHN RD","",0,40.12713333,-77.07655833,0,59,0,0,1,1,0,4,1,1,0,1,0,"0000000",10,46,10,53,99,99,0,0,0,1,0
42,420383,2,1,1,1,1,1,1,101,6540,1,6,2016,4,21,13,0,2,7,4,6,"OLD YORK RD","",0,40.01361111,-75.14723056,0,8,0,0,1,1,0,1,3,1,0,1,0,"0000000",21,7,21,13,21,21,14,0,0,1,0
42,420384,2,2,0,0,0,2,2,11,0,8,6,2016,4,8,2,0,1,4,1,3,"SR-1024 LONG LANE RD","OLD 22 RD",7,40.57871667,-75.78685,0,12,6,0,2,2,0,1,1,1,0,1,0,"0000000",88,88,88,88,88,88,0,0,0,1,0
42,420385,2,1,1,0,0,1,1,89,0,18,6,2016,7,18,51,0,1,7,3,5,"TERRACE DR","",0,40.89976944,-75.31218611,0,30,0,0,1,1,0,4,1,1,0,1,0,"0000000",99,99,99,99,99,99,0,0,0,1,0
42,420386,3,3,0,0,0,5,5,89,0,20,6,2016,2,19,47,0,1,6,1,3,"SR-196 STERLING RD","",17,41.15196111,-75.35764722,0,12,8,0,1,1,0,1,1,1,0,1,0,"0000000",99,99,99,99,99,99,0,0,0,1,1
42,420387,3,2,1,0,0,2,2,91,0,15,6,2016,4,12,50,1,2,3,99,2,"US-1 CITY AVE","OVERBROOK PKWY",1,39.97748056,-75.27520556,0,12,2,0,2,3,0,1,1,1,0,1,0,"0000000",12,51,12,58,88,88,0,0,0,1,0
42,420388,1,1,0,1,1,2,2,71,0,23,4,2016,7,20,24,0,2,4,1,3,"SR-462 COLUMBIA AVE","",68,40.03738056,-76.40764167,0,8,0,0,1,1,0,1,2,1,0,1,0,"0000000",20,25,20,36,21,11,0,0,0,1,0
42,420389,1,1,0,0,0,1,1,125,9063,9,4,2016,7,19,12,0,1,5,1,3,"SR-3045 FRACTION RD","",37,40.01152778,-80.51135556,0,34,0,0,1,1,0,4,1,1,0,1,0,"0000000",19,12,20,11,88,88,0,0,0,1,1
42,420390,1,1,0,0,0,1,1,111,0,5,5,2016,5,0,18,1,1,1,1,1,"I-76 EAST/WEST TPKE","",1266,39.96770278,-78.805975,0,25,0,0,1,1,0,4,2,2,0,2,0,"0000000",88,88,88,88,88,88,0,0,0,1,0
42,420391,1,1,0,0,0,1,1,49,0,10,5,2016,3,14,32,0,1,7,3,5,"FAIRPLAIN RD","",0,42.02514444,-80.29547222,0,10,0,0,6,1,0,1,1,2,0,2,0,"471826S",14,32,99,97,99,97,0,0,0,1,0
42,420392,1,1,0,0,0,1,1,97,0,19,6,2016,1,17,59,0,2,4,1,3,"SR-405","",39,40.98418611,-76.87178889,0,19,0,0,1,1,0,5,1,1,0,1,0,"0000000",99,99,99,99,88,88,0,0,0,1,0
42,420393,2,2,0,1,1,1,1,43,0,27,6,2016,2,2,14,1,1,1,1,1,"I-81 AMERICAN LEGION MEM HWY","",690,40.30753889,-76.83612778,0,12,6,0,1,1,0,1,2,1,0,1,0,"0000000",88,88,88,88,88,88,0,0,0,1,0
42,420394,1,1,0,0,0,1,1,89,0,13,4,2016,4,23,56,1,1,3,99,2,"US-209 HAMILTON WEST RD","",110,40.92776667,-75.32816111,0,42,0,0,1,1,0,4,2,1,0,1,0,"0000000",99,99,99,99,88,88,0,0,0,1,1