"STATE","ST_CASE","VE_TOTAL","VE_FORMS","PVH_INVL","PEDS","PERNOTMVIT","PERMVIT","PERSONS","COUNTY","CITY","DAY","MONTH","YEAR","DAY_WEEK","HOUR","MINUTE","NHS","RUR_URB","FUNC_SYS","RD_OWNER","ROUTE","TWAY_ID","TWAY_ID2","MILEPT","LATITUDE","LONGITUD","SP_JUR","HARM_EV","MAN_COLL","RELJCT1","RELJCT2","TYP_INT","WRK_ZONE","REL_ROAD","LGT_COND","WEATHER1","WEATHER2","WEATHER","SCH_BUS","RAIL","NOT_HOUR","NOT_MIN","ARR_HOUR","ARR_MIN","HOSP_HR","HOSP_MN","CF1","CF2","CF3","FATALS","DRUNK_DR"
42,420498,2,2,0,0,0,3,3,1,0,12,7,2016,3,15,30,0,1,4,1,3,"SR-234 EAST BERLIN RD","",265,39.94053056,-76.99235833,0,12,2,0,1,1,0,1,1,1,0,1,0,"0000000",15,26,15,35,16,20,0,0,0,1,0
42,420499,1,1,0,0,0,1,1,97,0,22,7,2016,6,20,27,0,1,7,3,5,"STATE RD","",0,40.76626111,-76.7507,0,1,0,0,1,1,0,4,2,1,0,1,0,"0000000",20,29,20,44,88,88,22,0,0,1,0
42,420500,2,2,0,0,0,10,10,31,0,3,7,2016,1,7,25,1,1,1,1,1,"I-80 KEYSTONE SHORTWAY RD","",699,41.17703056,-79.25134167,0,42,0,0,1,1,0,3,1,1,0,1,0,"0000000",7,30,7,41,8,10,0,0,0,1,0
42,420501,1,1,0,0,0,2,2,133,0,22,7,2016,6,21,56,1,2,1,1,1,"I-83 VFW OF US MEM HWY","",193,39.97914722,-76.69895,0,24,0,0,1,1,0,4,2,1,0,1,0,"0000000",99,99,99,99,99,99,0,0,0,1,0
42,420502,1,1,0,0,0,1,1,3,9350,24,7,2016,1,13,58,1,1,1,1,3,"SR-8012 ARDMORE BL INT/RAMP B","",20,40.43344167,-79.86716111,0,25,0,1,5,1,0,4,1,1,0,1,0,"0000000",13,58,14,0,88,88,0,0,0,1,0
42,420503,1,1,0,0,0,4,4,25,5740,22,7,2016,6,15,59,0,2,4,1,3,"SR-93 HUNTER ST","",29,40.89709167,-75.81276944,0,35,0,0,1,1,0,4,1,1,0,1,0,"0000000",99,99,99,99,99,99,0,0,0,2,0
42,420504,2,1,1,0,0,1,1,59,0,10,7,2016,1,12,35,0,1,6,1,3,"SR-18 BROWNS CREEK RD","",216,39.89884444,-80.20523333,0,14,0,0,1,1,0,5,1,1,0,1,0,"0000000",12,40,12,44,88,88,0,0,0,1,0
42,420505,2,2,0,0,0,2,2,27,0,30,6,2016,5,17,27,0,1,3,1,3,"SR-3040 ALT 0220 HWY","",129,40.86243056,-77.94421111,0,12,2,0,1,1,0,1,1,1,0,1,0,"0000000",17,25,17,34,18,4,0,0,0,1,0
42,420506,5,5,0,0,0,5,5,91,6780,12,5,2016,5,19,46,0,2,6,1,3,"SR-4038 HANOVER ST","",3,40.24658889,-75.65023889,0,12,1,0,1,1,0,1,1,1,0,1,0,"0000000",19,49,19,52,20,6,0,0,0,1,1
42,420507,2,2,0,0,0,2,2,101,6540,23,6,2016,5,17,10,0,2,7,4,6,"WYOMING AVE","RAMONA AVE",0,40.01870278,-75.10175833,0,12,6,0,2,3,0,1,1,1,0,1,0,"0000000",17,11,17,15,17,36,0,0,0,1,0
42,420508,1,1,0,1,1,1,1,101,6540,24,5,2016,3,0,37,1,2,3,1,3,"SR-1009 BUSTLETON AVE","",35,40.04739722,-75.06003889,0,8,0,0,1,1,0,4,3,2,0,2,0,"0000000",0,37,0,39,88,88,0,0,0,1,0
42,420509,1,1,0,0,0,1,1,127,0,27,5,2016,6,20,47,0,1,5,1,3,"SR-507 MAIN ST","",13,41.24445278,-75.47775,0,1,0,0,1,1,0,4,5,1,0,1,0,"0000000",99,99,99,99,88,88,0,0,0,1,1
42,420510,1,1,0,0,0,1,1,123,0,1,6,2016,4,8,15,0,1,4,1,3,"SR-666 DAVID ZEISBERGER HWY","FORESTRY #600 ROAD PS",9,41.63694444,-79.04338889,0,52,0,0,3,3,0,4,1,1,0,1,0,"0000000",99,99,99,99,88,88,0,0,0,1,0
42,420511,2,2,0,0,0,3,3,49,8890,23,6,2016,5,18,10,0,1,5,1,3,"SR-2006 THIRD ST","CHESTNUT ST",3,41.94380833,-79.98048333,0,12,6,0,2,2,0,1,1,1,0,1,0,"0000000",18,12,18,22,99,99,0,0,0,1,0
42,420512,2,2,0,0,0,2,2,39,0,6,7,2016,4,6,0,1,1,3,99,2,"US-322 TWENTYEIGHTH DIVISI HWY","PYMATUNING STATE PARK ROAD PS",36,41.4983,-80.46861389,0,12,6,0,2,3,0,1,1,1,0,1,0,"0000000",6,17,6,33,6,43,0,0,0,1,0
42,420513,2,2,0,0,0,4,4,49,0,30,7,2016,7,23,3,1,1,1,1,1,"I-79 RAYMOND P SHAFER HWY","",1723,41.96885833,-80.17485556,0,12,6,0,1,1,0,1,2,2,0,2,0,"0000000",23,0,23,22,23,45,0,0,0,1,0
42,420514,2,2,0,0,0,2,2,79,0,19,7,2016,3,9,35,1,2,3,99,2,"US-11","",219,41.23156389,-75.968475,0,12,2,0,1,1,0,1,1,1,0,1,0,"0000000",99,99,99,99,99,99,0,0,0,1,0
42,420515,2,2,0,0,0,4,4,19,0,22,7,2016,6,10,38,0,2,5,1,3,"SR-3022 ROCHESTER RD","",17,40.69828611,-80.11971111,0,12,2,0,1,1,0,1,1,2,0,2,0,"0000000",10,38,10,47,11,38,5,0,0,1,0
42,420516,1,1,0,0,0,3,3,39,0,14,7,2016,5,10,55,0,1,5,1,3,"SR-1018 GUYS MILLS RD","",42,41.66808056,-79.91535556,0,1,0,0,1,1,0,4,1,1,0,1,0,"0000000",11,51,12,0,99,99,0,0,0,1,0
42,420517,1,1,0,0,0,2,2,49,0,6,7,2016,4,0,0,1,1,1,1,1,"I-90 AMVET MEM HWY","",322,42.11936944,-79.962525,0,35,0,1,19,1,0,4,2,1,0,1,0,"0000000",99,99,99,99,99,99,0,0,0,1,0
42,420518,1,1,0,0,0,1,1,59,0,7,6,2016,3,0,44,1,1,1,1,1,"I-79","",82,39.82374167,-80.10310556,0,1,0,0,1,1,0,3,2,2,0,2,0,"0000000",0,40,0,51,1,20,0,0,0,1,0
42,420519,1,1,0,0,0,1,1,11,0,4,7,2016,2,0,28,0,1,6,1,3,"SR-3024 ALLEGHENYVILLE RD","",49,40.21348889,-75.91184722,0,53,0,0,1,1,0,4,2,1,0,1,0,"0000000",99,99,99,99,99,99,0,0,0,1,0
42,420520,1,1,0,0,0,2,2,13,0,4,7,2016,2,2,40,0,2,4,1,3,"SR-4019 SIXTH AVE","",8,40.53291667,-78.37665278,0,24,0,0,1,1,0,4,2,1,0,1,0,"0000000",2,41,2,41,99,99,0,0,0,1,1
42,420521,1,1,0,0,0,1,1,41,0,9,7,2016,7,14,48,1,2,1,1,1,"I-81 AMERICAN LEGION MEM HWY","",599,40.27629167,-76.98751389,0,24,0,0,1,1,0,4,1,1,0,1,0,"0000000",14,45,14,54,88,88,0,0,0,1,0
42,420522,1,1,0,0,0,1,1,107,0,17,7,2016,1,0,10,0,1,7,1,3,"SR-4038 BUCKS MOUNTAIN RD","",6,40.93000556,-76.22721389,0,35,0,0,1,1,0,4,2,5,0,5,0,"0000000",99,99,99,99,99,99,0,0,0,1,1
42,420523,1,1,0,1,1,1,1,71,0,29,7,2016,6,9,25,0,1,4,1,3,"SR-272 OREGON PIKE","",293,40.13983056,-76.210875,0,9,0,0,1,1,1,2,1,1,0,1,0,"0000000",9,27,9,37,9,53,0,0,0,1,0
42,420524,1,1,0,2,2,1,1,51,0,31,7,2016,1,5,10,1,1,1,1,1,"I-43 MON VALLEY FAYETTE EXPY","",36,39.76625556,-79.79301667,0,8,0,0,1,1,0,1,2,8,0,8,0,"0000000",5,14,5,32,6,28,0,0,0,1,1
42,420525,2,2,0,0,0,2,2,129,0,17,7,2016,1,21,52,0,1,4,1,3,"SR-31 MOUNT PLEASANT RD","SR-3073 BUTTERMORE RD",82,40.17359167,-79.61154167,0,12,6,0,2,3,0,1,2,1,0,1,0,"0000000",99,99,99,99,99,99,0,0,0,1,0
42,420526,2,2,0,0,0,3,3,101,6540,24,7,2016,1,6,37,0,2,4,1,3,"SR-2016 ALLEGHENY AVE","JANNEY ST",46,39.99040556,-75.10806111,0,12,6,0,2,3,0,1,1,1,0,1,0,"0000000",6,24,6,32,7,1,0,0,0,1,0
42,420527,3,3,0,0,0,3,3,77,0,6,7,2016,4,19,25,0,1,4,1,3,"SR-2017 BROOKSIDE RD","",8,40.52745278,-75.54890556,0,12,2,0,1,1,0,1,1,1,0,1,0,"0000000",99,99,99,99,99,99,0,0,0,1,1
42,420528,1,1,0,0,0,1,1,51,0,1,7,2016,6,13,1,0,1,4,1,3,"SR-166 HARTLEY HILL RD","",153,39.93716389,-79.88213333,0,42,0,0,1,1,0,4,1,1,0,1,0,"0000000",12,59,13,6,14,13,20,0,0,1,0
42,420529,1,1,0,0,0,1,1,129,0,25,7,2016,2,22,15,0,2,5,1,3,"SR-3057 HERMINIE WEST NEWTO RD","",22,40.25859167,-79.72038611,0,42,0,0,1,1,0,5,2,1,0,1,0,"0000000",22,15,22,26,88,88,0,0,0,1,0
42,420530,1,1,0,0,0,1,1,79,0,4,8,2016,5,1,54,0,1,5,1,3,"SR-3020 TOMHICKEN RD","",22,40.948275,-76.17931667,0,24,0,0,1,1,0,4,2,1,0,1,0,"0000000",88,88,88,88,88,88,0,0,0,1,0
42,420531,1,1,0,0,0,1,1,43,0,9,8,2016,3,21,0,0,1,5,1,3,"SR-325 CLARKS VALLEY","",156,40.46843056,-76.73906111,0,24,0,0,1,1,0,4,2,1,0,1,0,"0000000",88,88,88,88,88,88,0,0,0,1,0
42,420532,1,1,0,1,1,1,1,69,7460,28,8,2016,1,7,23,0,2,4,1,3,"SR-3013 MAIN AVE","LOCUST ST",50,41.40353889,-75.6864,0,15,0,0,2,2,0,1,1,1,0,1,0,"0000000",7,26,7,31,7,49,0,0,0,1,1
42,420533,2,2,0,0,0,4,4,29,0,17,7,2016,1,16,49,1,1,3,99,2,"US-322 HORSESHOE PIKE","RESERVOIR RD",8,40.10276667,-75.92728889,0,12,1,0,3,3,0,1,1,1,0,1,0,"0000000",99,99,99,99,88,88,0,0,0,1,0
42,420534,1,1,0,1,1,1,1,3,6600,30,8,2016,3,15,0,0,2,3,1,3,"SR-51 WEST CARSON ST","",450,40.45088611,-80.03692222,0,9,0,0,1,1,0,1,1,1,0,1,0,"0000000",15,0,15,18,15,31,0,0,0,1,0
42,420535,2,2,0,0,0,3,3,129,0,2,7,2016,7,3,33,0,2,4,1,3,"SR-981 OLD DERRY RD","",319,40.33821667,-79.37309722,0,12,2,0,1,1,0,1,2,1,0,1,0,"0000000",3,33,3,40,4,37,0,0,0,1,2
42,420536,3,3,0,0,0,7,7,3,6600,13,7,2016,4,22,56,0,2,3,1,3,"SR-3069 LIBERTY BRG","MCARDLE RD",48,40.42928333,-79.99923889,0,12,1,0,2,3,1,1,3,1,0,1,0,"0000000",22,53,23,2,23,20,0,0,0,1,0
42,420537,2,2,0,0,0,3,3,33,9210,26,7,2016,3,16,35,0,1,4,1,3,"SR-36 MAIN ST","",9,40.73562778,-78.68963056,0,12,6,0,1,1,0,1,1,1,0,1,0,"0000000",99,99,99,99,88,88,0,0,0,2,0
42,420538,1,1,0,0,0,1,1,115,0,27,7,2016,4,12,4,0,1,4,1,3,"SR-29","",69,41.73908333,-75.89828611,0,30,0,0,1,1,0,4,1,1,0,1,0,"0000000",99,99,99,99,88,88,0,0,0,1,0
42,420539,1,1,0,0,0,2,2,9,0,24,7,2016,1,7,0,0,1,6,1,3,"SR-3009 EVITTS CREEK RD","",25,39.77246111,-78.65826667,0,42,0,0,1,1,0,4,1,1,0,1,0,"0000000",6,48,7,30,99,99,0,0,0,1,1
42,420540,2,2,0,0,0,2,2,103,0,16,7,2016,7,13,44,0,1,5,1,3,"SR-739","",39,41.25926667,-74.90473333,0,12,2,0,8,1,0,1,1,1,0,1,0,"0000000",13,35,13,50,88,88,0,0,0,1,0
42,420541,2,2,0,0,0,2,2,77,0,20,7,2016,4,11,3,1,2,3,1,3,"SR-146 MACARTHUR RD","SR-1023 CHURCH ST",83,40.66070833,-75.50919444,0,12,7,0,3,2,0,1,1,1,0,1,0,"0000000",99,99,99,99,88,88,0,0,0,1,0
42,420542,1,1,0,0,0,1,1,63,0,2,7,2016,7,6,37,0,1,6,1,3,"SR-3003 TUNNELTON RD","",12,40.46993889,-79.38538333,0,42,0,0,1,1,0,4,1,1,0,1,0,"0000000",6,33,6,50,99,99,0,0,0,1,1
42,420543,2,2,0,0,0,4,4,3,0,11,7,2016,2,18,49,0,1,7,3,5,"CLUBHOUSE RD","SR-3052 COLLIER AVE",0,40.39245556,-80.10396389,0,18,0,0,3,3,0,1,1,1,0,1,0,"0000000",18,46,18,54,19,22,0,0,0,1,1
42,420544,1,1,0,0,0,1,1,17,0,10,7,2016,1,20,37,0,1,7,3,5,"CHERRY LN","",0,40.30151111,-75.11019167,0,30,0,0,1,1,0,4,1,1,0,1,0,"0000000",20,41,20,48,21,10,0,0,0,1,0
42,420545,2,2,0,0,0,3,3,49,0,14,7,2016,5,13,55,0,2,4,1,3,"SR-4015 ZUCK RD","",6,42.07220833,-80.12081667,0,12,2,0,1,1,0,1,1,1,0,1,0,"0000000",13,55,14,0,14,17,0,0,0,1,0
42,420546,1,1,0,0,0,1,1,3,0,30,7,2016,7,1,15,1,2,2,1,3,"SR-28 ALLEGHENY VALLEY EXPY","",49,40.49725,-79.92376111,0,33,0,0,1,1,0,3,3,1,0,1,0,"0000000",1,10,1,19,88,88,0,0,0,1,0
42,420547,1,1,0,0,0,1,1,17,0,15,7,2016,6,0,55,0,1,5,1,3,"SR-1003 AQUETONG RD","",71,40.37966944,-75.05023611,0,11,0,0,1,1,0,1,2,1,0,1,0,"0000000",0,56,1,9,88,88,0,0,0,1,1
42,420548,1,1,0,0,0,1,1,17,0,24,7,2016,1,21,22,1,2,3,1,3,"SR-413 DURHAM RD","",196,40.30850833,-75.03900556,0,1,0,0,1,1,0,4,2,1,0,1,0,"0000000",21,22,21,28,88,88,0,0,0,1,1
42,420549,1,1,0,0,0,1,1,79,0,20,7,2016,4,14,0,0,2,5,1,3,"SR-2045 S MAIN RD","",56,41.13750556,-75.91056667,0,59,0,0,1,1,0,4,1,1,0,1,0,"0000000",99,99,99,99,88,88,0,0,0,1,0
42,420550,1,1,0,1,1,1,1,101,6540,15,8,2016,2,14,27,0,2,7,4,6,"LOCUST ST","15TH ST",0,39.9484,-75.16621111,0,8,0,0,3,2,0,1,1,1,0,1,0,"0000000",14,27,14,32,14,42,0,0,0,1,0
42,420551,2,2,0,0,0,3,3,41,0,5,8,2016,6,0,53,0,2,4,1,3,"SR-114 CONODOQUENET PKWY","",16,40.26078333,-77.03861111,0,12,2,0,1,1,0,1,2,1,0,1,0,"0000000",0,53,1,6,1,31,0,0,0,1,1
42,420552,1,1,0,0,0,1,1,49,0,1,8,2016,2,15,5,1,2,3,99,2,"US-19 PEACH ST","",142,42.05773056,-80.09081667,0,1,0,0,1,1,0,1,1,1,0,1,0,"0000000",15,8,15,16,15,38,0,0,0,1,0
42,420553,2,2,0,0,0,3,3,41,0,15,8,2016,2,13,13,0,2,4,1,3,"SR-944 WERTZVILLE RD","TECHNOLOGY PKWY",271,40.28847222,-76.97686389,0,12,2,0,2,2,0,1,1,1,0,1,0,"0000000",13,16,13,18,14,5,0,0,0,1,0
42,420554,1,1,0,0,0,2,2,77,0,14,7,2016,5,2,5,1,2,3,1,3,"SR-2002 BROADWAY RD","",58,40.59540833,-75.41105833,0,33,0,0,1,1,0,4,3,1,0,1,0,"0000000",99,99,99,99,88,88,0,0,0,2,1
42,420555,1,1,0,0,0,1,1,17,0,8,8,2016,2,17,29,0,1,7,3,5,"RICHARD RD","",0,40.21836111,-75.06286111,0,33,0,0,1,1,0,4,1,1,0,1,0,"0000000",17,30,99,97,99,97,0,0,0,1,1
42,420556,2,2,0,0,0,4,4,3,4666,3,8,2016,4,17,24,0,1,4,1,3,"SR-4064 PEEBLES RD","",10,40.56432222,-80.00939167,0,12,2,0,1,1,0,1,1,1,0,1,0,"0000000",17,24,17,32,17,35,0,0,0,1,0
42,420557,2,2,0,0,0,2,2,11,0,12,8,2016,6,2,28,0,1,4,1,3,"SR-183 BERNVILLE RD","",102,40.41644444,-76.095475,0,12,2,0,1,1,0,1,2,2,0,2,0,"0000000",88,88,88,88,88,88,0,0,0,1,0
42,420558,2,2,0,0,0,2,2,45,8045,27,8,2016,7,5,18,0,1,3,1,3,"SR-2009 SPRINGFIELD RD","",37,39.93424722,-75.32964167,0,12,2,0,1,1,0,1,3,1,0,1,0,"0000000",5,18,99,97,99,97,0,0,0,1,0
42,420559,3,1,2,0,0,1,1,91,6780,7,8,2016,1,16,48,0,1,7,4,6,"ADAMS ST","",0,40.25538056,-75.62918611,0,14,0,0,1,1,0,1,1,1,0,1,0,"0000000",16,39,16,41,17,0,0,0,0,1,0
42,420560,3,3,0,0,0,3,3,101,6540,14,8,2016,1,13,55,0,2,7,4,6,"LINCOLN DR","",0,40.02180833,-75.19970833,0,12,8,0,1,1,0,1,1,1,0,1,0,"0000000",13,54,14,0,14,30,0,0,0,2,0
42,420561,3,2,1,0,0,4,4,101,6540,8,8,2016,2,19,15,0,2,7,4,6,"2ND ST","YORK ST",0,39.98686389,-75.13583889,0,12,6,0,2,2,0,1,1,1,0,1,0,"0000000",19,14,19,17,19,43,0,0,0,1,0
42,420562,1,1,0,0,0,2,2,99,0,26,6,2016,1,16,50,1,1,3,99,2,"US-11 SUSQUEHANNA TRL","",162,40.48120833,-76.94928333,0,1,0,0,1,1,0,1,1,1,0,1,0,"0000000",16,45,17,0,99,99,0,0,0,1,0
42,420563,2,2,0,0,0,2,2,73,0,20,7,2016,4,19,39,1,1,3,99,2,"US-422 BENJAMIN FRANKLIN HWY","EVERGREEN RD",9,41.08787222,-80.50285556,0,12,6,0,2,2,0,1,1,1,0,1,0,"0000000",19,45,19,54,20,28,0,0,0,1,0
42,420564,2,2,0,0,0,3,3,63,0,19,7,2016,3,14,16,0,2,5,1,3,"SR-3056 OLD ROUTE 56 HWY","OAK ST",144,40.54014167,-79.17093611,0,12,6,0,2,3,0,1,1,1,0,1,0,"0000000",14,9,14,20,15,28,0,0,0,1,0
42,420565,2,2,0,0,0,2,2,1,0,19,7,2016,3,21,5,0,1,4,1,3,"SR-16 WAYNESBORO PIKE","",5,39.73866667,-77.45206389,0,35,0,0,1,1,0,4,2,1,0,1,0,"0000000",21,4,21,18,88,88,0,0,0,1,0
42,420566,2,2,0,0,0,3,3,73,5800,25,8,2016,5,16,14,1,2,3,1,3,"SR-18 MORAVIA ST","",123,40.99684722,-80.34706389,0,12,6,0,8,1,0,1,1,1,0,1,0,"0000000",16,15,16,20,17,15,0,0,0,1,0
42,420567,2,2,0,0,0,2,2,133,0,19,8,2016,6,5,56,1,1,3,99,2,"US-15 BLUE-GRAY HWY","HICKORY RD",19,40.06359444,-77.06389167,0,12,6,0,2,2,0,1,2,1,0,1,0,"0000000",5,55,6,7,88,88,0,0,0,1,0
42,420568,1,1,0,0,0,1,1,85,0,8,8,2016,2,15,47,1,1,1,1,1,"I-80 Z H CONFAIR HWY","",259,41.20154722,-80.03264444,0,1,0,0,1,1,0,3,1,1,0,1,0,"0000000",99,99,99,99,88,88,0,0,0,1,0
42,420569,2,2,0,0,0,3,3,19,0,5,8,2016,6,18,18,1,2,3,99,2,"US-422 BENJAMIN FRANKLIN HWY","",97,40.90199444,-80.01436944,0,12,6,0,8,1,0,1,1,1,0,1,0,"0000000",18,30,18,46,19,9,0,0,0,1,0
42,420570,2,2,0,0,0,2,2,19,0,23,8,2016,3,14,20,1,1,3,1,3,"SR-8 WILLIAM FLYNN HWY","DUFFY RD",269,41.01682222,-80.00524722,0,12,6,0,2,2,0,1,1,1,0,1,0,"0000000",13,41,13,53,88,88,0,0,0,1,0
42,420571,2,2,0,0,0,2,2,53,0,23,8,2016,3,10,15,1,1,3,99,2,"US-62 OIL CITY RD","SR-36 COL DRAKE HWY",36,41.49517778,-79.46326389,0,12,6,0,2,3,0,1,1,1,0,1,0,"0000000",10,14,10,37,10,55,0,0,0,1,0
42,420572,2,2,0,0,0,5,5,55,0,5,8,2016,6,12,40,0,1,6,1,3,"SR-997 CUMBERLAND HWY","SR-641 NEWBURG RD",321,40.11070278,-77.65983889,0,12,6,0,2,3,0,1,1,1,0,1,0,"0000000",99,99,99,99,99,99,0,0,0,1,0
42,420573,1,1,0,0,0,1,1,125,0,20,8,2016,7,15,49,0,1,7,3,5,"VAN VOORHIS LN","",0,40.19177778,-79.93993333,0,35,0,0,1,1,0,4,1,1,0,1,0,"0000000",15,50,15,54,16,20,0,0,0,1,0
42,420574,2,2,0,0,0,3,3,43,3500,26,8,2016,6,14,46,1,2,1,1,1,"I-81 AMERICAN LEGION MEM HWY","",666,40.30831111,-76.88896389,0,12,6,0,1,1,0,1,1,1,0,1,0,"0000000",99,99,99,99,88,88,0,0,0,1,0
42,420575,2,2,0,0,0,2,2,127,0,26,8,2016,6,14,25,0,1,4,1,3,"SR-590 HAMLIN HWY","CHAPMAN RD",50,41.40340833,-75.36523611,0,12,6,0,2,2,0,1,1,1,0,1,0,"0000000",14,31,14,33,15,16,0,0,0,1,0
42,420576,2,2,0,0,0,2,2,133,0,5,8,2016,6,23,43,0,2,5,1,3,"SR-921 CANAL RD","SR-4011 GREENBRIAR RD",25,40.01806944,-76.80993889,0,12,2,0,2,4,0,1,2,1,0,1,0,"0000000",23,42,23,51,0,17,0,0,0,1,0
42,420577,1,1,0,1,1,1,1,5,0,16,8,2016,3,4,3,0,1,7,1,3,"SR-1042 CLEARFIELD PIKE","",9,40.79751667,-79.29778611,0,8,0,0,1,1,0,1,2,2,0,2,0,"0000000",4,3,4,15,88,88,0,0,0,1,0
42,420578,1,1,0,0,0,1,1,19,0,2,8,2016,3,17,34,0,1,7,3,5,"BONNIEBROOK RD","US-422 BENJAMIN FRANKLIN HWY",0,40.86642222,-79.82913333,0,1,0,0,3,2,0,1,1,1,0,1,0,"0000000",17,32,17,39,18,3,0,0,0,1,0
42,420579,1,1,0,0,0,2,2,91,0,29,8,2016,2,22,37,0,2,5,1,3,"SR-4018 SCHWENKSVILLE RD","",54,40.26247778,-75.45450278,0,30,0,0,1,1,0,4,2,1,0,1,0,"0000000",22,35,22,41,23,25,0,0,0,1,1
42,420580,1,1,0,0,0,1,1,11,0,21,8,2016,1,1,0,0,1,6,1,3,"SR-2049 POWDER MILL HOLLOW RD","",67,40.33999444,-75.68630556,0,1,0,0,1,1,0,1,2,1,0,1,0,"0000000",99,99,99,99,88,88,0,0,0,1,0
42,420581,3,3,0,0,0,3,3,133,9610,22,8,2016,2,21,44,1,2,3,99,2,"US-30 LOUCKS RD","",148,39.98036667,-76.75083333,0,12,1,0,1,1,0,1,1,1,0,1,0,"0000000",21,44,21,54,22,23,0,0,0,1,0
42,420582,1,1,0,0,0,2,2,133,0,13,8,2016,7,3,44,0,1,7,1,3,"SR-3055 LAKE RD","",16,39.89779167,-76.90048889,0,35,0,0,1,1,0,4,2,1,0,1,0,"0000000",3,46,3,55,99,99,0,0,0,1,0
42,420583,1,1,0,0,0,1,1,79,0,11,8,2016,5,23,50,0,1,4,99,2,"US-11","",136,41.18301389,-76.10130556,0,43,0,0,1,1,0,4,2,99,0,99,0,"0000000",99,99,99,99,88,88,0,0,0,1,0
42,420584,1,1,0,0,0,2,2,11,0,3,8,2016,4,22,46,0,2,3,1,3,"SR-73 PHILADELPHIA AVE","",196,40.33346944,-75.65066667,0,24,0,0,1,1,0,4,2,1,0,1,0,"0000000",99,99,99,99,99,99,0,0,0,1,1
42,420585,1,1,0,1,1,1,1,101,6540,28,8,2016,1,18,42,0,2,7,4,6,"MERION AVE","",0,39.97363889,-75.21777778,0,8,0,0,1,1,0,1,1,1,0,1,0,"0000000",18,42,18,44,18,58,0,0,0,1,0
42,420586,2,2,0,0,0,2,2,29,0,16,6,2016,5,8,15,0,2,5,1,3,"SR-162 STRASBURG RD","",81,39.95725,-75.65231389,0,12,6,0,1,1,0,2,1,2,0,2,0,"0000000",99,99,99,99,99,99,0,0,0,1,0
42,420587,1,1,0,0,0,1,1,97,0,2,8,2016,3,13,15,0,1,5,1,3,"SR-125 STITZER RD","",71,40.76623056,-76.54785833,0,42,0,0,1,1,0,4,1,1,0,1,0,"0000000",13,19,13,24,88,88,0,0,0,1,0
42,420588,4,4,0,1,1,1,1,69,0,5,8,2016,6,5,30,1,2,1,1,1,"I-81 AMERICAN LEGION MEM HWY","",1945,41.49415278,-75.68089722,0,12,6,0,1,1,0,1,4,1,0,1,0,"0000000",5,34,5,37,5,52,19,14,0,1,0
42,420589,4,4,0,0,0,12,12,77,0,19,8,2016,6,23,40,1,2,2,99,2,"US-22 LEHIGH VALLEY TRWY","",89,40.64065278,-75.43976944,0,12,6,0,1,1,1,1,2,1,0,1,0,"0000000",99,99,99,99,99,99,0,0,0,1,1
42,420590,1,1,0,0,0,1,1,45,0,6,9,2016,3,20,39,1,2,3,99,2,"US-1 TOWNSHIP LINE RD","SR-2026 STATE RD",158,39.94578056,-75.32613611,0,30,0,0,3,4,0,4,3,1,0,1,0,"0000000",20,39,20,44,88,88,0,0,0,1,0
42,420591,1,1,0,0,0,1,1,35,0,10,8,2016,4,5,48,1,1,1,1,1,"I-80 Z H CONFAIR MEMORIAL HWY","",1869,41.05481944,-77.28039167,0,24,0,0,1,1,0,4,2,1,0,1,0,"0000000",5,48,6,6,88,88,0,0,0,1,0
42,420592,1,1,0,0,0,3,3,125,1940,23,8,2016,3,17,1,0,1,6,1,3,"SR-2041 MOREY RD","",26,40.00871667,-80.03231944,0,35,0,0,1,1,0,4,1,1,0,1,0,"0000000",16,57,17,12,18,9,0,0,0,1,1
42,420593,2,2,0,0,0,2,2,85,0,10,9,2016,7,10,47,1,2,3,1,3,"SR-18 HERMITAGE RD","THOMASON RD",136,41.27786667,-80.43589722,0,12,6,0,2,2,0,1,1,1,0,1,0,"0000000",99,99,99,99,99,99,0,0,0,1,0
42,420594,2,2,0,0,0,4,4,51,0,3,9,2016,7,22,30,0,2,4,1,3,"SR-2027 CONNELLSVILLE ST","",10,39.90174444,-79.70220556,0,12,2,0,1,1,0,1,3,1,0,1,0,"0000000",22,31,22,33,23,40,0,0,0,2,1
42,420595,2,2,0,0,0,2,2,3,2060,3,9,2016,7,21,0,1,2,3,1,3,"SR-2045 RICHLAND AVE","",2,40.34938611,-79.89248333,0,12,8,0,1,1,0,1,3,1,0,1,0,"0000000",21,4,21,9,21,29,0,0,0,1,0
42,420596,2,2,0,0,0,2,2,29,0,14,9,2016,4,9,5,1,2,3,99,2,"US-202 WILMINGTON PIKE","",22,39.92849167,-75.58436667,0,12,1,0,1,1,0,1,1,1,0,1,0,"0000000",99,99,99,99,99,99,28,0,0,1,0
42,420597,1,1,0,0,0,1,1,47,0,13,9,2016,3,15,20,0,1,4,1,3,"SR-120 ST MARYS RD","",33,41.41748333,-78.68852778,0,35,0,0,1,1,0,4,1,1,0,1,0,"0000000",15,23,15,29,88,88,0,0,0,1,0
42,420598,3,3,0,0,0,5,5,17,0,3,9,2016,7,13,10,1,2,3,1,3,"SR-2038 COUNTY LINE RD","HENRY AVE",96,40.19930278,-75.11860278,0,12,6,0,2,3,0,1,1,1,0,1,0,"0000000",13,12,99,99,88,88,0,0,0,1,0
42,420599,4,4,0,0,0,7,7,133,0,18,8,2016,5,18,48,0,1,4,1,3,"SR-194 BALTIMORE PIKE","BERMUDIAN CHURCH RD",60,39.96498333,-76.97003333,0,12,1,0,3,3,0,1,1,1,0,1,0,"0000000",18,49,19,0,19,35,0,0,0,2,0
42,420600,1,1,0,1,1,1,1,107,0,8,2,2016,2,22,6,0,2,4,1,3,"SR-924 GOLD STAR HWY","",32,40.813925,-76.19908056,0,8,0,0,1,1,0,1,2,4,0,4,0,"0000000",99,99,99,99,99,99,0,0,0,1,0