"STATE","ST_CASE","VE_TOTAL","VE_FORMS","PVH_INVL","PEDS","PERNOTMVIT","PERMVIT","PERSONS","COUNTY","CITY","DAY","MONTH","YEAR","DAY_WEEK","HOUR","MINUTE","NHS","RUR_URB","FUNC_SYS","RD_OWNER","ROUTE","TWAY_ID","TWAY_ID2","MILEPT","LATITUDE","LONGITUD","SP_JUR","HARM_EV","MAN_COLL","RELJCT1","RELJCT2","TYP_INT","WRK_ZONE","REL_ROAD","LGT_COND","WEATHER1","WEATHER2","WEATHER","SCH_BUS","RAIL","NOT_HOUR","NOT_MIN","ARR_HOUR","ARR_MIN","HOSP_HR","HOSP_MN","CF1","CF2","CF3","FATALS","DRUNK_DR"
42,420601,1,1,0,0,0,1,1,55,0,28,3,2016,2,22,29,1,1,1,31,1,"I-76 EAST/WEST TPKE","",2001,40.14983056,-77.63511111,0,24,0,0,1,1,0,4,2,1,0,1,0,"0000000",99,99,99,99,88,88,0,0,0,1,0
42,420602,1,1,0,0,0,1,1,55,0,8,1,2016,6,22,27,0,1,5,1,3,"SR-75 FORT LOUDON RD","",47,39.788475,-77.89986111,0,35,0,0,1,1,0,4,2,2,0,2,0,"0000000",22,26,22,33,88,88,0,0,0,1,1
42,420603,1,1,0,0,0,2,2,55,0,15,1,2016,6,12,15,1,1,1,31,1,"I-76 EAST/WEST TPKE","",2001,40.14992778,-77.63469167,0,24,0,0,1,1,0,4,1,1,0,1,0,"0000000",99,99,99,99,99,99,0,0,0,1,0
42,420604,1,1,0,0,0,1,1,117,0,19,3,2016,7,18,14,0,1,4,1,3,"SR-49","",154,41.98380833,-77.33867778,0,53,0,0,1,1,0,4,1,1,0,1,0,"0000000",18,12,18,15,88,88,0,0,0,1,1
42,420605,2,2,0,0,0,2,2,75,1690,23,6,2016,5,12,43,1,1,3,99,2,"US-322 HORSESHOE PIKE","",110,40.25236111,-76.41561389,0,12,2,0,1,1,0,1,1,1,0,1,0,"0000000",12,45,12,56,99,99,0,0,0,2,0
42,420606,1,1,0,0,0,1,1,73,0,29,4,2016,6,21,30,0,2,5,1,3,"SR-1002 MAITLAND LN","",51,41.03493333,-80.37074167,0,41,0,0,1,1,0,4,2,1,0,1,0,"0000000",21,30,21,38,22,5,0,0,0,1,1
42,420607,1,1,0,0,0,1,1,67,0,29,5,2016,1,21,31,0,1,4,1,3,"SR-75","",280,40.54507778,-77.36796944,0,1,0,0,1,1,0,2,2,1,0,1,0,"0000000",21,31,21,35,88,88,0,0,0,1,1
42,420608,1,1,0,0,0,4,4,123,0,1,6,2016,4,13,16,0,1,5,1,3,"SR-3010 OLD ROUTE 77 HWY","",9,41.83535,-79.59766111,0,35,0,0,1,1,0,4,1,1,0,1,0,"0000000",99,99,99,99,99,99,0,0,0,1,0
42,420609,1,1,0,0,0,1,1,55,0,11,6,2016,7,16,5,0,1,6,1,3,"SR-4004 BURNT CABINS RD","",2,40.05990278,-77.86562222,0,34,0,0,1,1,0,4,1,1,0,1,0,"0000000",16,3,99,99,88,88,0,0,0,1,0
42,420610,3,3,0,0,0,3,3,67,0,11,7,2016,2,17,28,0,1,4,1,3,"SR-35","",386,40.66703333,-77.18818056,0,12,2,0,1,1,0,1,1,1,0,1,0,"0000000",99,99,99,99,99,99,0,0,0,1,0
42,420611,2,2,0,0,0,4,4,79,0,9,7,2016,7,5,40,1,2,3,1,3,"SR-924 CAN DO EXPY","",54,40.95403333,-76.00225,0,12,6,0,1,1,0,1,4,1,0,1,0,"0000000",5,43,5,47,6,16,0,0,0,1,0
42,420612,1,1,0,0,0,1,1,71,0,30,7,2016,7,3,27,0,1,7,3,5,"MINE RD","",0,39.98158333,-76.02463889,0,1,0,0,1,1,0,1,2,1,0,1,0,"0000000",3,25,99,99,88,88,0,0,0,1,0
42,420613,1,1,0,0,0,1,1,95,0,28,7,2016,5,10,23,1,1,3,1,3,"SR-33","",161,40.85492778,-75.29971111,0,33,0,0,1,1,0,4,1,1,0,1,0,"0000000",99,99,99,99,99,99,0,0,0,1,0
42,420614,1,1,0,0,0,1,1,85,0,15,7,2016,6,0,58,0,1,5,1,3,"SR-58 MERCER RD","",171,41.32969167,-80.31491389,0,53,0,0,1,1,0,4,2,1,0,1,0,"0000000",1,1,1,12,88,88,0,0,0,1,1
42,420615,2,2,0,0,0,3,3,109,0,20,7,2016,4,8,21,1,1,3,99,2,"US-11 MARINE CORPS LEAG ME HWY","SR-2002 WINDING RD",38,40.68160556,-76.89273611,0,12,6,0,2,3,0,1,1,1,0,1,0,"0000000",99,99,99,99,99,99,0,0,0,1,0
42,420616,2,2,0,0,0,2,2,51,0,18,7,2016,2,13,2,0,2,5,1,3,"SR-1042 KINGVIEW RD","",7,40.09788056,-79.57180833,0,12,2,0,1,1,0,1,1,1,0,1,0,"0000000",12,49,12,52,13,42,0,0,0,1,0
42,420617,2,2,0,0,0,3,3,55,0,11,7,2016,2,13,34,1,2,1,1,1,"I-81 AMERICAN LEGION MEM HWY","",177,39.94845278,-77.61137778,0,12,6,0,1,1,0,1,1,1,0,1,0,"0000000",13,29,13,39,14,13,0,0,0,1,0
42,420618,1,1,0,0,0,1,1,79,0,25,8,2016,5,23,0,0,1,7,3,5,"POLICE GROVE RD","",0,41.03422222,-76.00944444,0,18,0,0,1,1,0,4,2,1,0,1,0,"0000000",99,99,99,99,88,88,0,0,0,1,0
42,420619,1,1,0,0,0,1,1,133,0,13,8,2016,7,5,56,1,2,3,1,3,"SR-94 BALTIMORE ST","",54,39.783875,-76.96519444,0,30,0,0,1,1,0,4,1,1,0,1,0,"0000000",5,55,6,1,6,45,0,0,0,1,0
42,420620,1,1,0,0,0,1,1,33,0,13,7,2016,4,10,0,0,1,7,3,5,"CAMP CORBLY RD","",0,40.88983333,-78.66902778,0,42,0,0,1,1,0,4,1,1,0,1,0,"0000000",10,5,10,30,10,45,0,0,0,1,0
42,420621,3,3,0,0,0,3,3,91,0,20,9,2016,3,6,7,1,2,3,1,3,"SR-113 TRAPPE RD","",21,40.17893889,-75.48863056,0,12,8,0,1,1,0,1,2,5,0,5,0,"0000000",6,9,6,15,7,8,0,0,0,1,0
42,420622,2,2,0,0,0,3,3,3,2290,27,8,2016,7,3,15,1,2,3,99,2,"US-30 LINCOLN HWY","",110,40.39398611,-79.83799722,0,24,0,0,1,1,0,4,3,1,0,1,0,"0000000",3,19,3,25,3,54,0,0,0,1,1
42,420623,1,1,0,1,1,2,2,71,0,27,8,2016,7,20,26,0,1,4,1,3,"SR-340 OLD PHILADELPHIA PIKE","",82,40.03953056,-76.11723056,0,8,0,0,1,1,0,1,3,1,0,1,0,"0000000",20,20,20,24,20,54,0,0,0,1,0
42,420624,2,2,0,0,0,2,2,101,6540,30,8,2016,3,23,24,0,2,4,1,3,"SR-1003 WHITAKER AVE","LOUDON ST",18,40.02170833,-75.11262222,0,12,6,0,4,1,0,1,3,1,0,1,0,"0000000",23,24,23,28,23,49,0,0,0,1,0
42,420625,1,1,0,0,0,3,3,39,0,27,8,2016,7,1,15,0,1,7,3,5,"PETERS RD","",0,41.72948056,-80.13081389,0,42,0,0,1,1,0,4,2,1,0,1,0,"0000000",99,99,99,99,99,99,0,0,0,1,1
42,420626,1,1,0,0,0,2,2,49,0,27,8,2016,7,10,20,0,1,7,3,5,"CHAFFEE RD","",0,41.97310833,-79.81369722,0,35,0,0,1,1,0,4,1,1,0,1,0,"0000000",10,16,10,25,88,88,22,0,0,1,0
42,420627,2,2,0,0,0,2,2,29,0,31,8,2016,4,14,43,0,1,4,1,3,"SR-10 LIMESTONE RD","SR-3056 FRIENDSHIP CHURCH RD",104,39.91751111,-75.913025,0,12,6,0,2,2,0,1,1,1,0,1,0,"0000000",99,99,99,99,99,99,0,0,0,1,0
42,420628,2,2,0,0,0,2,2,129,0,11,8,2016,5,13,17,0,1,4,1,3,"SR-31 CHESTNUT RIDGE RD","",232,40.09942778,-79.36163333,0,12,6,0,8,1,0,1,1,1,0,1,0,"0000000",12,56,13,2,13,50,0,0,0,1,0
42,420629,2,2,0,0,0,3,3,77,0,11,8,2016,5,2,55,1,1,3,99,2,"US-222","",5,40.54452222,-75.67360278,0,12,2,0,1,1,0,1,2,1,0,1,0,"0000000",99,99,99,99,99,99,0,0,0,1,0
42,420630,1,1,0,1,1,1,1,17,0,13,8,2016,7,20,56,1,2,3,1,3,"SR-132 STREET RD","",83,40.15698056,-75.012925,0,8,0,0,1,1,0,1,3,1,0,1,0,"0000000",20,56,20,59,21,31,0,0,0,1,0
42,420631,2,2,0,0,0,2,2,115,0,30,8,2016,3,13,10,0,1,4,1,3,"SR-171 STILLWATER RD","",143,41.83538056,-75.51020556,0,12,1,0,1,1,0,1,1,1,0,1,0,"0000000",13,3,13,10,99,99,0,0,0,1,0
42,420632,1,1,0,1,1,1,1,101,6540,2,9,2016,6,0,46,1,2,3,1,3,"SR-2007 FRANKFORD AVE","",57,40.02585278,-75.07121944,0,9,0,0,1,1,0,2,3,1,0,1,0,"0000000",0,45,0,52,88,88,0,0,0,1,0
42,420633,2,2,0,0,0,2,2,101,6540,12,9,2016,2,8,24,1,2,3,1,3,"SR-1002 CHELTENHAM AVE","COVENTRY AVE",5,40.05713611,-75.12898611,0,12,6,0,2,2,0,1,1,1,0,1,1,"0000000",99,99,99,99,99,99,0,0,0,1,0
42,420634,2,2,0,0,0,2,2,27,0,22,9,2016,5,16,50,0,1,5,1,3,"SR-192 BRUSH VALLEY RD","RIDGE RD",36,40.87681389,-77.63139167,0,12,11,0,2,3,0,1,1,1,0,1,0,"0000000",15,12,15,24,99,99,14,0,0,1,0
42,420635,1,1,0,1,1,1,1,49,0,4,9,2016,1,21,52,0,2,4,99,2,"US-20 RIDGE RD","",109,41.99658056,-80.32659444,0,8,0,0,1,1,0,1,2,1,0,1,0,"0000000",2,14,2,21,88,88,0,0,0,1,0
42,420636,2,2,0,3,3,3,3,81,0,12,9,2016,2,16,33,1,2,3,99,2,"US-220","",93,41.23178056,-77.12916111,0,8,0,0,1,1,0,1,1,1,0,1,0,"0000000",16,32,16,42,88,88,23,0,0,2,0
42,420637,2,2,0,0,0,3,3,101,6540,25,9,2016,1,16,5,1,2,3,99,2,"US-1 ROOSEVELT BLVD","C ST",85,40.02670833,-75.11729444,0,12,6,0,2,2,0,1,1,1,0,1,0,"0000000",99,99,99,99,99,99,0,0,0,1,0
42,420638,2,2,0,0,0,3,3,71,0,31,8,2016,4,6,30,0,2,4,99,2,"US-222 BEAVER VALLEY PIKE","",206,39.95952778,-76.24504722,0,12,2,0,1,1,0,1,4,1,0,1,0,"0000000",6,20,6,32,7,3,0,0,0,1,0
42,420639,2,2,0,0,0,4,4,17,0,24,9,2016,7,16,29,0,1,7,3,5,"MILL HILL RD","SR-663 JOHN FRIES HWY",0,40.44041944,-75.39173611,0,12,6,0,3,3,0,1,1,1,0,1,0,"0000000",16,24,16,31,16,55,0,0,0,1,0
42,420640,1,1,0,0,0,2,2,101,6540,27,9,2016,3,22,38,1,2,3,99,2,"US-1 ROOSEVELT BLVD","",99,40.02757222,-75.09202222,0,33,0,0,1,1,0,3,3,1,0,1,0,"0000000",99,99,99,99,99,99,0,0,0,1,0
42,420641,2,2,0,0,0,2,2,129,0,20,9,2016,3,6,31,1,1,3,3,3,"SR-66 FREEPORT RD","SR-366 GREENSBURG RD",138,40.48928889,-79.59857222,0,12,6,0,2,2,0,1,4,5,0,5,0,"0000000",6,31,6,40,88,88,0,0,0,1,0
42,420642,1,1,0,0,0,3,3,47,0,17,9,2016,7,21,54,1,1,3,99,2,"US-219 BUFFALO PITTSBURGH HWY","",57,41.31795278,-78.68831389,0,33,0,0,1,1,0,4,3,1,0,1,0,"0000000",21,52,22,6,22,38,0,0,0,1,0
42,420643,1,1,0,0,0,1,1,43,0,5,9,2016,2,14,37,0,1,7,3,5,"SUSQUEHANNA TRL","",0,40.50091667,-76.94727778,0,10,0,0,6,1,0,1,1,1,0,1,0,"518119G",14,35,14,41,88,88,0,0,0,1,0
42,420644,3,3,0,0,0,6,6,95,0,14,9,2016,4,0,56,1,1,1,1,1,"I-78","",707,40.62988056,-75.27925278,0,24,0,0,1,1,0,4,2,1,0,1,0,"0000000",99,99,99,99,99,99,0,0,0,2,1
42,420645,1,1,0,0,0,1,1,127,0,13,9,2016,3,21,50,0,1,4,1,3,"SR-191 EASTON TPKE","",141,41.41963611,-75.39930833,0,53,0,0,1,1,0,4,2,1,0,1,0,"0000000",22,0,22,10,88,88,0,0,0,1,0
42,420646,2,2,0,0,0,5,5,25,0,20,9,2016,3,12,57,0,2,5,1,3,"SR-903","",129,41.00967222,-75.59854722,0,12,6,0,8,1,0,1,1,1,0,1,0,"0000000",99,99,99,99,99,99,0,0,0,1,0
42,420647,2,2,0,0,0,4,4,65,0,25,9,2016,1,11,5,0,1,4,1,3,"SR-36 COLONEL DRAKE HWY","",315,41.19957778,-79.10985833,0,12,2,0,1,1,0,1,1,1,0,1,0,"0000000",99,99,99,99,99,99,0,0,0,2,0
42,420648,1,1,0,0,0,2,2,79,0,6,9,2016,3,15,30,0,1,7,3,5,"W BUTLER DR","",0,41.02185833,-75.96713056,0,34,0,0,1,1,0,4,1,1,0,1,0,"0000000",15,33,15,41,16,15,0,0,0,1,0
42,420649,1,1,0,0,0,2,2,27,0,9,9,2016,6,16,28,1,2,3,99,2,"US-322B NORTH ATHERTON ST","BLUE COURSE DR",27,40.80364722,-77.88415556,0,33,0,0,3,2,0,4,1,1,0,1,0,"0000000",16,29,16,35,88,88,0,0,0,1,1
42,420650,1,1,0,0,0,1,1,125,0,23,9,2016,6,2,20,1,1,3,99,2,"US-40 NATIONAL PIKE","",239,40.10774167,-80.10749444,0,32,0,0,1,1,0,4,2,1,0,1,0,"0000000",2,22,2,32,88,88,0,0,0,1,0
42,420651,1,1,0,0,0,2,2,47,0,23,9,2016,6,1,34,0,1,7,1,3,"SR-2011 BRANDY CAMP RD","",16,41.33739722,-78.66749722,0,59,0,0,1,1,0,4,2,1,0,1,0,"0000000",99,99,99,99,88,88,0,0,0,2,0
42,420652,1,1,0,0,0,1,1,11,0,9,9,2016,6,20,57,0,1,7,3,5,"POOLE HILL RD","",0,40.27658611,-75.69488333,0,1,0,0,1,1,0,2,2,1,0,1,0,"0000000",99,99,99,99,88,88,0,0,0,1,1
42,420653,2,2,0,0,0,4,4,133,0,23,9,2016,6,17,9,0,1,4,1,3,"SR-234 EAST BERLIN RD","LAKE RD",7,39.93552222,-76.95819722,0,12,6,0,2,2,0,1,1,1,0,1,0,"0000000",17,14,17,18,18,28,0,0,0,2,1
42,420654,1,1,0,0,0,1,1,51,0,5,9,2016,2,1,40,0,1,5,1,3,"SR-281 MAE WEST RD","",82,39.80903889,-79.38047778,0,32,0,0,1,1,0,4,2,5,0,5,0,"0000000",1,39,1,59,88,88,0,0,0,1,0
42,420655,1,1,0,0,0,2,2,17,0,10,9,2016,7,15,31,0,2,3,1,3,"SR-32 RIVER RD","",106,40.304675,-74.88212222,0,42,0,0,1,1,0,4,1,1,0,1,0,"0000000",15,31,15,36,16,18,0,0,0,1,0
42,420656,1,1,0,0,0,1,1,17,7706,19,9,2016,2,23,45,0,2,7,4,6,"GREEN ST","OAK DR",0,40.34277778,-75.26938889,0,33,0,0,3,3,0,4,2,5,0,5,0,"0000000",23,47,23,57,88,88,0,0,0,1,1
42,420657,1,1,0,0,0,1,1,39,0,10,9,2016,7,8,28,0,1,5,1,3,"SR-408","",207,41.65056389,-79.77379444,0,42,0,0,1,1,0,4,1,1,0,1,0,"0000000",8,25,8,40,9,23,0,0,0,1,0
42,420658,1,1,0,0,0,1,1,25,0,3,9,2016,7,8,42,0,1,7,3,5,"RIVERVIEW RD","",0,40.78955556,-75.65336111,0,52,0,0,1,1,0,4,1,1,0,1,0,"0000000",99,99,99,99,88,88,0,0,0,1,0
42,420659,1,1,0,0,0,1,1,11,0,6,9,2016,3,7,58,0,1,5,1,3,"SR-4040 OLD RTE 22 RD","BIRCH LN",11,40.49821667,-76.17348056,0,23,0,0,3,3,0,4,1,1,0,1,0,"0000000",99,99,99,99,88,88,0,0,0,1,0
42,420660,2,2,0,0,0,3,3,17,0,14,9,2016,4,21,34,0,1,4,1,3,"SR-563 MOUNTAIN VIEW DR","",94,40.44609722,-75.256325,0,12,2,0,1,1,0,1,2,1,0,1,0,"0000000",21,35,21,46,22,48,0,0,0,1,0
42,420661,1,1,0,0,0,1,1,117,0,12,9,2016,2,15,30,0,1,7,3,5,"STONY FORK CREEK TEMPORARY RD","",0,41.65361111,-77.37069444,0,24,0,0,1,1,1,4,1,1,0,1,0,"0000000",99,99,99,99,88,88,0,0,0,1,0
42,420662,1,1,0,0,0,1,1,1,0,23,9,2016,6,20,39,0,1,6,1,3,"SR-4009 SHIPPENSBURG RD","",21,39.97656944,-77.39593611,0,35,0,0,1,1,0,4,2,1,0,1,0,"0000000",20,39,99,99,99,99,0,0,0,1,0
42,420663,1,1,0,0,0,3,3,25,0,1,10,2016,7,11,52,0,1,5,1,3,"SR-902 LAUREL DR","",40,40.81184722,-75.82734444,0,35,0,0,1,1,0,4,1,1,0,1,0,"0000000",99,99,99,99,99,99,0,0,0,1,0
42,420664,1,1,0,0,0,1,1,71,0,12,10,2016,4,16,47,0,2,5,1,3,"SR-4001 SPOOKY NOOK RD","",33,40.09769167,-76.44533889,0,1,0,0,1,1,0,4,1,1,0,1,0,"0000000",16,49,17,0,88,88,0,0,0,1,1
42,420665,1,1,0,0,0,1,1,127,0,7,10,2016,6,0,5,0,1,6,1,3,"SR-196 STERLING RD","",64,41.32406111,-75.39076111,0,42,0,0,1,1,0,4,2,1,0,1,0,"0000000",0,12,0,23,88,88,0,0,0,1,0
42,420666,2,2,0,0,0,2,2,133,9610,4,9,2016,1,13,10,0,2,7,4,6,"PROSPECT ST","VANDER AVE",0,39.961,-76.71376667,0,12,6,0,2,3,0,1,1,1,0,1,0,"0000000",13,12,13,24,13,29,0,0,0,1,0
42,420667,2,2,0,0,0,2,2,3,9320,21,9,2016,4,7,26,1,2,3,1,3,"SR-48 JACKS RUN RD","SR-2033 MCCLINTOCK RD",115,40.34656389,-79.7926,0,12,6,0,2,3,0,1,1,1,0,1,0,"0000000",7,19,7,31,8,9,0,0,0,1,0
42,420669,2,2,0,0,0,3,3,91,0,16,9,2016,6,5,27,0,2,5,1,3,"SR-3007 FLOURTOWN RD","",7,40.10138056,-75.24508056,0,12,2,0,1,1,0,1,2,1,0,1,0,"0000000",5,29,5,33,6,41,0,0,0,1,0
42,420670,2,2,0,0,0,3,3,73,0,15,10,2016,7,17,59,0,1,4,1,3,"SR-108 HARLANDSBURG RD","",117,41.01248056,-80.29353056,0,12,6,0,8,1,0,1,1,1,0,1,0,"0000000",17,58,18,5,19,13,0,0,0,1,0
42,420671,1,1,0,0,0,1,1,41,0,11,10,2016,3,16,2,0,2,4,1,3,"SR-3023 WALNUT BOTTOM RD","",12,40.18163611,-77.21683611,0,46,0,0,1,1,0,4,1,1,0,1,0,"0000000",16,0,16,7,16,41,0,0,0,1,0
42,420672,1,1,0,0,0,1,1,43,0,5,9,2016,2,22,13,0,1,7,3,5,"JONESTOWN RD","",0,40.35855556,-76.68938889,0,35,0,0,1,1,0,4,2,1,0,1,0,"0000000",22,12,22,22,22,56,0,0,0,1,1
42,420673,1,1,0,1,1,1,1,69,1090,6,9,2016,3,7,30,0,2,4,1,3,"SR-106 DUNDAFF ST","FARVIEW ST",73,41.57871111,-75.50394167,0,8,0,0,3,3,0,1,1,8,0,8,0,"0000000",99,99,99,99,88,88,0,0,0,1,0
42,420674,1,1,0,0,0,2,2,79,0,6,8,2016,7,22,18,0,1,5,1,3,"SR-1029 MANOR DR","",46,41.34218889,-75.91823056,0,42,0,0,1,1,0,5,2,1,0,1,0,"0000000",99,99,99,99,99,99,0,0,0,1,1
42,420675,2,2,0,0,0,3,3,95,0,21,9,2016,4,14,56,0,1,4,1,3,"SR-512 MOORESTOWN RD","MILLER RD",115,40.81119444,-75.33526389,0,12,6,0,2,4,0,1,1,1,0,1,0,"0000000",99,99,99,99,88,88,0,0,0,1,0
42,420676,2,2,0,0,0,5,5,71,0,20,9,2016,3,19,53,0,2,5,1,3,"SR-1051 CHURCH ST","",54,40.21395833,-76.12676111,0,12,6,0,8,1,0,1,2,1,0,1,0,"0000000",19,54,19,59,20,33,0,0,0,1,0
42,420677,2,2,0,0,0,2,2,115,0,13,9,2016,3,2,25,0,1,6,1,3,"SR-92","",15,41.66291944,-75.71826389,0,12,2,0,1,1,0,1,2,1,0,1,0,"0000000",2,41,3,16,88,88,0,0,0,1,0
42,420678,1,1,0,0,0,2,2,83,0,17,4,2016,1,16,45,1,1,3,99,2,"US-6 GRAND ARMY OF THE REP HW","",224,41.71820278,-78.61074722,0,1,0,0,1,1,0,4,1,1,0,1,0,"0000000",99,99,99,99,99,99,0,0,0,1,0
42,420679,1,1,0,0,0,1,1,83,0,5,3,2016,7,23,49,0,1,4,1,3,"SR-59","",79,41.856025,-78.767475,0,42,0,0,1,1,0,4,2,1,0,1,0,"0000000",99,99,99,99,88,88,0,0,0,1,1
42,420680,1,1,0,1,1,1,1,111,0,24,5,2016,3,21,25,0,1,5,1,3,"SR-1007 LAMBERTSVILLE RD","",75,40.05907778,-78.91296111,0,8,0,0,1,1,0,1,2,1,0,1,0,"0000000",21,18,21,20,99,99,22,0,0,1,0
42,420681,1,1,0,0,0,2,2,127,0,25,9,2016,1,12,50,0,1,6,1,3,"SR-2004 COLUMBUS AVE","",8,41.48235278,-75.20527778,0,1,0,0,1,1,0,1,1,1,0,1,0,"0000000",12,45,13,6,99,99,19,0,0,1,1
42,420682,2,2,0,0,0,2,2,95,0,29,8,2016,2,17,16,0,1,7,3,5,"WASSERGASS RD","",0,40.58504722,-75.314625,0,12,2,0,1,1,0,1,1,1,0,1,0,"0000000",99,99,99,99,99,99,0,0,0,1,1
42,420683,1,1,0,1,1,4,4,107,0,4,6,2016,7,22,59,1,1,1,1,1,"I-81 AMERICAN LEGION MEM HWY","",1337,40.83358611,-76.064425,0,8,0,1,18,1,0,1,2,5,0,5,0,"0000000",88,88,88,88,88,88,23,0,0,1,0
42,420684,1,1,0,1,1,0,0,95,660,19,7,2016,3,12,3,0,2,7,4,6,"STECKEL ST","",0,40.63255278,-75.37268611,0,8,0,0,1,1,0,1,1,1,0,1,0,"0000000",88,88,88,88,88,88,22,23,0,1,0
42,420685,1,1,0,1,1,1,1,89,0,3,8,2016,4,20,43,0,2,5,1,3,"SR-196 STERLING RD","",54,41.20372222,-75.35889722,0,8,0,0,1,1,0,1,2,1,0,1,0,"0000000",99,99,99,99,88,88,0,0,0,1,0
42,420686,2,2,0,0,0,2,2,95,0,31,8,2016,4,10,1,0,1,5,1,3,"SR-1011 PEN ARGYL RD","",9,40.83263611,-75.24203056,0,12,2,0,1,1,0,1,1,1,0,1,0,"0000000",99,99,99,99,88,88,0,0,0,1,0
42,420687,2,2,0,0,0,2,2,11,0,23,9,2016,6,8,48,1,2,3,1,3,"SR-61 POTTSVILLE PIKE","",109,40.48628056,-75.96433333,0,12,6,0,8,1,0,1,1,1,0,1,0,"0000000",99,99,99,99,88,88,0,0,0,1,0
42,420688,2,2,0,0,0,3,3,3,0,29,9,2016,5,11,10,1,2,1,1,1,"I-376 AIRPORT PKWY","",594,40.45289722,-80.17761667,0,25,0,1,19,1,0,3,1,2,0,2,0,"0000000",11,9,11,16,12,13,0,0,0,1,0
42,420689,1,1,0,0,0,1,1,95,0,7,8,2016,1,10,29,0,1,7,3,5,"COTTONWOOD RD","",0,40.754675,-75.47897222,0,35,0,0,1,1,0,4,1,1,0,1,0,"0000000",99,99,99,99,88,88,0,0,0,1,1
42,420690,1,1,0,0,0,2,2,13,0,10,5,2016,3,21,5,0,1,6,1,3,"SR-2020 LOCKE MOUNTAIN RD","",15,40.42985556,-78.33463333,0,59,0,0,1,1,0,4,2,1,0,1,0,"0000000",21,7,21,14,99,99,0,0,0,1,0
42,420691,1,1,0,1,1,2,2,55,1230,14,5,2016,7,20,30,1,2,3,1,3,"SR-316 WAYNE AVE","",154,39.9141,-77.65308611,0,8,0,0,8,1,0,1,5,1,0,1,0,"0000000",99,99,99,99,99,99,0,0,0,1,0
42,420692,1,1,0,0,0,1,1,13,0,4,6,2016,7,11,11,0,1,5,1,3,"SR-164 DUNNINGS WAY","",102,40.36636389,-78.42976111,0,1,0,0,1,1,0,1,1,2,0,2,0,"0000000",11,13,11,19,11,41,0,0,0,1,0
42,420693,1,1,0,0,0,1,1,71,0,12,7,2016,3,18,54,0,1,7,3,5,"SPORTSMAN RD","",0,40.27727778,-76.175,0,38,0,0,1,1,0,6,1,1,0,1,0,"0000000",18,55,19,8,19,54,0,0,0,1,0
42,420694,2,2,0,0,0,2,2,55,0,2,8,2016,3,23,6,1,1,1,1,1,"I-76 EAST/WEST TPKE","",1918,40.12301667,-77.76559722,0,12,1,0,1,1,0,1,2,1,0,1,0,"0000000",99,99,99,99,99,99,0,0,0,1,0
42,420695,2,2,0,0,0,4,4,101,6540,15,8,2016,2,4,25,0,2,7,4,6,"66TH AVE","18TH ST",0,40.05443333,-75.14789167,0,12,6,0,2,2,0,1,3,1,0,1,0,"0000000",4,23,4,26,4,54,0,0,0,1,0
42,420696,4,4,0,0,0,5,5,71,0,7,10,2016,6,10,17,1,2,3,99,2,"US-30 LINCOLN HWY","",305,39.98992778,-76.001275,0,12,2,0,1,1,0,1,1,1,0,1,0,"0000000",10,4,10,25,11,26,0,0,0,2,0
42,420697,1,1,0,0,0,2,2,133,9610,22,9,2016,5,23,23,0,2,7,4,6,"MCKENZIE ST","MAPLE ST",0,39.95646111,-76.72125833,0,33,0,0,3,2,0,4,3,1,0,1,0,"0000000",23,22,23,30,88,88,20,22,0,1,0
42,420698,1,1,0,0,0,1,1,95,0,26,6,2016,1,15,52,0,1,3,1,3,"SR-33","",103,40.77576944,-75.2811,0,24,0,0,1,1,0,4,1,1,0,1,0,"0000000",88,88,88,88,88,88,0,0,0,1,0
42,420699,1,1,0,0,0,1,1,101,6540,10,10,2016,2,10,1,0,2,4,1,3,"SR-1005 CASTOR AVE","",49,40.03562778,-75.08112222,0,7,0,0,1,1,0,1,1,1,0,1,0,"0000000",10,0,10,6,10,33,0,0,0,1,0
42,420700,1,1,0,0,0,2,2,89,0,11,8,2016,5,7,19,0,1,7,3,5,"PARK LN","",0,41.04943056,-75.24322778,0,11,0,0,1,1,0,1,4,1,0,1,0,"0000000",99,99,99,99,99,99,20,0,0,1,0
42,420701,2,2,0,0,0,2,2,97,0,8,7,2016,6,10,20,1,1,3,60,2,"US-11 SGT BRETT D SWANK MEM HW","",1,40.88400556,-76.797875,0,12,2,0,1,1,0,1,1,1,0,1,0,"0000000",10,23,10,26,10,55,0,0,0,1,0
42,420702,2,2,0,0,0,2,2,101,6540,18,9,2016,1,3,38,0,2,3,1,3,"SR-1004 ERIE AVE","",24,40.00673611,-75.11971389,0,12,1,0,1,1,0,1,3,1,0,1,0,"0000000",3,39,3,42,3,58,0,0,0,1,0
42,420703,5,5,0,0,0,7,7,117,0,3,8,2016,4,14,50,1,1,3,99,2,"US-15 WILLIAM B WILSON HWY","",73,41.64075278,-77.10581944,0,12,1,0,1,1,0,1,1,1,0,1,0,"0000000",14,44,14,56,99,99,19,0,0,2,0
42,420704,2,2,0,0,0,2,2,63,3870,10,9,2016,7,3,38,0,2,4,1,3,"SR-954 SIXTH ST","WASHINGTON ST",61,40.61961111,-79.15081944,0,12,6,0,2,2,0,1,3,1,0,1,0,"0000000",3,39,3,44,88,88,0,0,0,1,1
42,420705,1,1,0,1,1,1,1,71,0,23,9,2016,6,22,54,0,2,4,1,3,"SR-272 OREGON PIKE","",223,40.06906111,-76.30235833,0,8,0,1,18,1,0,1,3,1,0,1,0,"0000000",22,56,23,1,88,88,0,0,0,1,1