"STATE","ST_CASE","VE_TOTAL","VE_FORMS","PVH_INVL","PEDS","PERNOTMVIT","PERMVIT","PERSONS","COUNTY","CITY","DAY","MONTH","YEAR","DAY_WEEK","HOUR","MINUTE","NHS","RUR_URB","FUNC_SYS","RD_OWNER","ROUTE","TWAY_ID","TWAY_ID2","MILEPT","LATITUDE","LONGITUD","SP_JUR","HARM_EV","MAN_COLL","RELJCT1","RELJCT2","TYP_INT","WRK_ZONE","REL_ROAD","LGT_COND","WEATHER1","WEATHER2","WEATHER","SCH_BUS","RAIL","NOT_HOUR","NOT_MIN","ARR_HOUR","ARR_MIN","HOSP_HR","HOSP_MN","CF1","CF2","CF3","FATALS","DRUNK_DR"
42,421016,2,2,0,0,0,2,2,75,0,11,12,2016,1,15,28,1,1,3,99,2,"US-422 MAIN ST","",33,40.321475,-76.55388056,0,12,2,0,1,1,0,1,1,1,0,1,0,"0000000",15,33,15,37,16,14,0,0,0,1,0
42,421017,1,1,0,1,1,1,1,91,0,2,12,2016,6,18,40,0,1,7,3,5,"RIGHTERS MILL RD","",0,40.01963889,-75.25236111,0,8,0,0,1,1,0,1,2,1,0,1,0,"0000000",18,40,18,47,19,20,0,0,0,1,0
42,421018,1,1,0,1,1,1,1,3,6632,8,12,2016,5,21,45,1,2,3,1,3,"SR-2040 CURRY HOLLOW RD","",39,40.34060833,-79.96685833,0,8,0,0,1,1,0,1,3,1,0,1,0,"0000000",21,52,21,55,22,15,0,0,0,1,0
42,421019,1,1,0,0,0,1,1,85,0,17,12,2016,7,4,0,0,1,7,1,3,"SR-4001 SUMMIT RD","",94,41.47799444,-80.50709167,0,34,0,0,1,1,0,4,2,4,0,4,0,"0000000",99,99,99,99,88,88,0,0,0,1,1
42,421020,1,1,0,1,1,1,1,101,6540,15,12,2016,5,16,10,1,2,3,1,2,"US-13 FRANKFORD AVE","",102,40.03774167,-75.03828611,0,8,0,0,1,1,0,1,1,1,0,1,0,"0000000",16,10,16,17,16,51,0,0,0,1,0
42,421021,2,1,1,0,0,1,1,101,6540,14,12,2016,4,0,10,1,2,3,1,3,"SR-3015 COBBS CREEK PKWY","",25,39.94587778,-75.24045833,0,14,0,0,1,1,0,1,3,1,0,1,0,"0000000",0,7,0,13,0,33,0,0,0,1,0
42,421022,2,2,0,0,0,3,3,91,0,24,12,2016,7,2,34,1,1,3,1,3,"SR-4011 GREENWOOD AVE","SR-4031 RIDGE PIKE",0,40.20616944,-75.48738056,0,12,6,0,2,2,0,1,2,1,0,1,0,"0000000",2,37,2,42,3,9,0,0,0,1,2
42,421023,3,3,0,1,1,3,3,73,5800,26,12,2016,2,17,54,0,2,4,1,3,"SR-65 EAST WASHINGTON ST","",127,40.993525,-80.33350278,0,8,0,0,1,1,0,1,3,2,0,2,0,"0000000",17,54,17,58,88,88,0,0,0,1,1
42,421024,3,1,2,1,2,1,2,11,0,10,12,2016,7,0,1,1,1,1,1,1,"I-78 WILLIAM PENN HWY","",350,40.5758,-75.88491944,0,14,0,0,1,1,0,2,2,4,0,4,0,"0000000",99,99,99,99,99,99,0,0,0,1,0
42,421025,1,1,0,0,0,1,1,21,0,18,12,2016,1,9,55,0,1,5,1,3,"SR-2033 SOLOMON RUN RD","",27,40.31812222,-78.81487778,0,42,0,0,1,1,0,4,1,4,0,4,0,"0000000",99,99,99,99,88,88,0,0,0,1,0
42,421026,8,8,0,0,0,10,10,129,0,14,6,2016,3,11,52,1,2,3,99,2,"US-22 WILLIAM PENN HWY","MARK DR",69,40.39913611,-79.57956389,0,12,6,0,2,2,0,1,1,1,0,1,0,"0000000",11,51,11,56,13,12,14,0,0,1,0
42,421027,2,2,0,0,0,4,4,15,0,6,12,2016,3,13,25,0,1,4,1,3,"SR-187 ROME RD","SR-467",261,41.83044722,-76.34998889,0,12,6,0,2,3,0,1,1,1,0,1,0,"0000000",13,25,13,35,14,55,0,0,0,1,0
42,421028,2,2,0,0,0,4,4,27,0,11,12,2016,1,17,48,0,2,4,1,3,"SR-64 NITTANY VALLEY DR","CEMETERY LN",31,40.91291111,-77.68009167,0,12,6,0,2,2,0,1,2,1,0,1,0,"0000000",17,42,17,51,99,99,0,0,0,1,0
42,421029,1,1,0,0,0,1,1,129,0,15,12,2016,5,9,29,0,1,5,1,3,"SR-3021 SALEM CHURCH RD","",35,40.21241389,-79.80989444,0,42,0,0,1,1,0,4,1,1,0,1,0,"0000000",9,25,9,34,88,88,0,0,0,1,0
42,421030,1,1,0,0,0,1,1,27,0,15,12,2016,5,6,20,0,2,4,1,3,"SR-550 BUFFALO RUN RD","",195,40.89534722,-77.80926667,0,30,0,0,1,1,0,4,2,4,0,4,0,"0000000",6,23,6,31,88,88,0,0,0,1,0
42,421031,1,1,0,0,0,1,1,49,0,28,12,2016,4,7,40,0,1,5,1,3,"SR-5 LAKE RD","",386,42.22772778,-79.87114444,0,34,0,0,1,1,0,4,1,1,0,1,0,"0000000",7,47,8,2,88,88,0,0,0,1,0
42,421032,1,1,0,0,0,4,4,41,0,4,12,2016,1,14,22,1,2,1,1,1,"I-81 AMERICAN LEGION MEM HWY","",597,40.27596389,-76.99200556,0,24,0,0,1,1,0,3,1,1,0,1,0,"0000000",14,24,14,30,99,99,0,0,0,1,0
42,421033,2,2,0,0,0,2,2,11,0,29,12,2016,5,6,49,0,2,4,1,3,"SR-73 BLANDON RD","",73,40.40768889,-75.83595,0,12,2,0,1,1,0,1,4,4,0,4,0,"0000000",99,99,99,99,99,99,0,0,0,1,0
42,421034,2,2,0,0,0,3,3,41,0,14,12,2016,4,20,18,1,2,1,1,1,"I-81 AMERICAN LEGION MEM HWY","",634,40.30913889,-76.94580278,0,12,1,0,1,1,0,1,2,1,0,1,0,"0000000",99,99,99,99,99,99,0,0,0,1,0
42,421035,2,2,0,0,0,3,3,119,0,29,12,2016,5,0,15,1,1,1,1,1,"I-80 Z H CONFAIR MEMORIAL HWY","",2032,41.07475278,-76.99426667,0,12,1,0,1,1,0,1,2,1,0,1,0,"0000000",0,25,0,41,88,88,0,0,0,1,0
42,421036,1,1,0,0,0,1,1,129,0,19,11,2016,7,18,30,0,1,5,1,3,"SR-981 SMITHTON RD","",41,40.15595833,-79.70959722,0,30,0,0,1,1,0,4,2,1,0,1,0,"0000000",18,54,19,7,88,88,0,0,0,1,1
42,421037,1,1,0,1,1,1,1,101,6540,12,12,2016,2,5,58,1,2,3,1,3,"SR-1004 ERIE AVE","",22,40.00716944,-75.123075,0,8,0,0,1,1,0,1,3,2,0,2,0,"0000000",6,0,6,7,6,40,0,0,0,1,0
42,421038,4,4,0,0,0,6,6,37,0,20,12,2016,3,8,32,1,2,3,99,2,"US-11 MONTOUR BLVD","",10,40.97585556,-76.50963056,0,12,1,0,1,1,0,1,1,1,0,1,1,"0000000",8,32,8,39,99,99,0,0,0,1,0
42,421039,2,2,0,0,0,4,4,55,0,11,12,2016,1,13,32,0,1,4,1,3,"SR-16 BUCHANAN TRL","",22,39.87020556,-77.95886667,0,12,6,0,1,1,0,1,1,1,0,1,0,"0000000",13,28,13,39,99,99,0,0,0,2,0
42,421040,2,2,0,0,0,3,3,89,0,6,12,2016,3,0,11,1,1,1,1,1,"I-380","",40,41.12726944,-75.40042222,0,12,1,0,1,1,0,1,2,1,0,1,0,"0000000",99,99,99,99,88,88,0,0,0,2,0
42,421041,1,1,0,1,1,2,2,129,0,24,12,2016,7,14,27,0,2,5,1,3,"SR-3089 BUTTERMORE AVE","",43,40.16713056,-79.60285556,0,8,0,0,1,1,0,1,1,1,0,1,0,"0000000",14,31,14,35,14,56,0,0,0,1,0
42,421042,1,1,0,0,0,1,1,33,0,31,12,2016,7,5,30,0,1,4,1,3,"SR-53 FRONT ST","",147,40.830925,-78.39700556,0,42,0,0,1,1,0,4,2,1,0,1,0,"0000000",99,99,99,99,88,88,0,0,0,1,0
42,421043,3,3,0,0,0,4,4,83,0,18,10,2016,3,8,52,0,1,5,1,3,"SR-155","",102,41.84408889,-78.30534722,0,12,1,0,8,1,0,1,1,1,0,1,0,"0000000",99,99,99,99,99,99,0,0,0,1,0
42,421044,2,2,0,0,0,2,2,73,5800,26,8,2016,6,7,42,0,2,7,4,6,"WASHINGTON ST","GREENWOOD AVE",0,40.99976944,-80.35459444,0,12,6,0,2,2,0,1,1,1,0,1,0,"0000000",7,45,7,49,8,25,0,0,0,1,1
42,421045,1,1,0,1,1,1,1,73,0,26,8,2016,6,23,44,1,2,3,1,3,"SR-18 WILMINGTON RD","",162,41.05189167,-80.35696667,0,8,0,0,1,1,0,1,2,1,0,1,0,"0000000",23,47,23,50,88,88,0,0,0,1,0
42,421046,1,1,0,1,1,1,1,87,0,28,9,2016,4,6,7,0,2,4,1,3,"SR-655","",155,40.66690278,-77.60774167,0,8,0,0,8,1,0,1,2,1,0,1,0,"0000000",6,5,6,11,6,25,0,0,0,1,0
42,421047,1,1,0,1,1,2,2,69,7460,7,12,2016,4,20,19,0,2,7,4,6,"COURT ST","SR-3013 MAIN AVE",0,41.42928889,-75.66638611,0,8,0,0,3,3,0,1,3,1,0,1,0,"0000000",20,21,20,24,20,43,0,0,0,1,0
42,421048,3,3,0,0,0,3,3,41,1100,28,12,2016,4,14,44,1,2,1,1,1,"I-81 AMERICAN LEGION MEM HWY","",460,40.18759167,-77.20146944,0,12,6,0,1,1,0,1,1,1,0,1,0,"0000000",99,99,99,99,99,99,0,0,0,3,0
42,421049,2,2,0,0,0,2,2,65,0,13,12,2016,3,18,58,1,1,1,1,1,"I-80 KEYSTONE SHORTWAY RD","",888,41.15193611,-78.93060278,0,24,0,0,1,1,0,4,5,4,0,4,0,"0000000",99,99,99,99,99,99,0,0,0,1,0
42,421050,2,2,0,0,0,6,6,65,0,9,12,2016,6,18,57,0,1,4,99,2,"US-322 TWENTYEIGHTH DIVISI HWY","SR-3003 COUNTRY CLUB RD",31,41.17783611,-79.15110833,0,12,6,0,3,3,0,1,2,4,0,4,0,"0000000",99,99,99,99,99,99,0,0,0,1,1
42,421051,1,1,0,0,0,1,1,9,0,18,11,2016,6,16,54,1,1,3,99,2,"US-220 BEDFORD VALLEY RD","",140,39.91737222,-78.59039722,0,32,0,0,1,1,0,4,5,1,0,1,0,"0000000",99,99,99,99,99,99,0,0,0,1,0
42,421052,3,3,0,0,0,4,4,71,0,30,12,2016,6,17,26,0,2,4,1,3,"SR-772 ROTHSVILLE RD","",189,40.14984722,-76.26785556,0,12,2,0,1,1,0,1,2,1,0,1,0,"0000000",17,28,17,32,88,88,0,0,0,1,0
42,421053,2,2,0,0,0,2,2,101,6540,25,12,2016,1,1,35,1,2,3,1,3,"SR-291 BROAD ST","WASHINGTON AVE",76,39.93786389,-75.16680833,0,12,6,0,2,2,0,1,3,1,0,1,0,"0000000",1,38,1,40,2,2,0,0,0,1,0
42,421054,1,1,0,0,0,1,1,5,0,23,12,2016,6,6,20,0,1,4,1,3,"SR-210","SR-56",0,40.64024444,-79.3525,0,58,0,0,3,3,0,4,2,1,0,1,0,"0000000",6,20,6,33,88,88,0,0,0,1,0
42,421055,1,1,0,0,0,1,1,13,0,29,3,2016,3,9,37,0,2,4,1,3,"SR-1009 FRANKSTOWN RD","",27,40.46553889,-78.38474167,0,42,0,0,1,1,0,5,1,1,0,1,0,"0000000",9,42,9,49,10,35,0,0,0,1,0
42,421056,1,1,0,0,0,1,1,119,0,19,9,2016,2,13,48,0,1,5,1,3,"SR-192 BUFFALO RD","",128,40.96076389,-76.98770556,0,59,0,0,1,1,0,4,1,1,0,1,0,"0000000",99,99,99,99,99,99,0,0,0,1,0
42,421057,4,4,0,1,1,5,5,37,740,9,11,2016,4,14,4,1,2,1,1,1,"I-80 Z H CONFAIR MEMORIAL HWY","",2331,41.01834167,-76.47543333,0,12,1,0,1,1,0,1,1,2,0,2,0,"0000000",14,2,14,18,15,3,2,14,0,2,0
42,421058,2,2,0,0,0,4,4,57,0,26,10,2016,4,14,30,0,1,4,1,3,"SR-655 WATERFALL RD","WOODEN BRIDGE RD",287,40.07390556,-78.06238333,0,12,6,0,2,3,0,1,1,1,0,1,0,"0000000",14,46,14,57,99,99,0,0,0,1,0
42,421059,4,2,2,0,0,2,2,17,0,20,12,2016,3,19,48,0,1,7,3,5,"RIVER RD","CEDAR AVE",0,40.08129167,-74.90127778,0,12,6,0,2,3,0,1,3,1,0,1,0,"0000000",19,49,19,55,20,18,14,0,0,1,1
42,421060,1,1,0,1,1,1,1,121,0,28,10,2016,6,4,26,1,1,1,1,1,"I-80 Z H CONFAIR HWY","",316,41.204675,-79.92766944,0,8,0,0,1,1,0,3,2,2,0,2,0,"0000000",4,34,4,54,88,88,19,0,0,1,0
42,421061,2,2,0,0,0,3,3,121,0,11,11,2016,6,11,10,1,1,3,99,2,"US-322 TWENTYEIGHTH DIVISI HWY","",243,41.31360833,-79.63746667,0,12,6,0,1,1,0,1,1,1,0,1,0,"0000000",11,8,11,19,99,99,0,0,0,2,0
42,421062,2,2,0,0,0,2,2,27,0,31,10,2016,2,14,38,0,1,4,1,3,"SR-64 NITTANY VALLEY DR","SNYDERTOWN RD",87,40.96804444,-77.60208056,0,12,6,0,2,3,0,1,1,1,0,1,0,"0000000",99,99,99,99,99,99,0,0,0,1,0
42,421063,2,2,0,0,0,2,2,67,0,7,10,2016,6,16,39,0,1,6,1,3,"SR-2006 CEDAR ST","",32,40.577375,-77.33887222,0,12,6,0,1,1,0,4,1,1,0,1,0,"0000000",16,30,16,36,99,99,0,0,0,1,0
42,421064,2,2,0,0,0,4,4,55,0,17,10,2016,2,15,27,0,1,4,1,3,"SR-316 WAYNE HWY","",77,39.81521111,-77.60688056,0,52,0,0,1,1,0,4,1,1,0,1,0,"0000000",15,23,15,30,16,0,0,0,0,1,0
42,421065,1,1,0,0,0,1,1,11,0,1,12,2016,5,4,43,0,1,4,1,3,"SR-183 BERNVILLE RD","",102,40.4165,-76.09446944,0,42,0,0,1,1,0,4,2,1,0,1,0,"0000000",99,99,99,99,88,88,0,0,0,1,0
42,421066,2,2,0,0,0,2,2,55,0,24,11,2016,5,18,2,1,2,1,1,1,"I-81 AMERICAN LEGION MEM HWY","",189,39.95157222,-77.58495556,0,54,11,0,1,1,0,1,2,1,0,1,0,"0000000",99,99,99,99,88,88,14,0,0,1,0
42,421067,1,1,0,0,0,2,2,55,0,18,10,2016,3,14,40,1,2,1,1,1,"I-81 AMERICAN LEGION MEM HWY","",28,39.75951389,-77.72510833,0,59,0,1,19,1,0,4,1,1,0,1,0,"0000000",14,38,14,42,15,8,0,0,0,1,0
42,421068,1,1,0,0,0,1,1,93,0,15,12,2016,5,15,44,1,2,3,99,2,"US-11 MONTOUR BLVD","",41,40.95988611,-76.58030278,0,1,0,0,1,1,0,4,1,1,0,1,0,"0000000",15,46,15,51,16,5,0,0,0,1,0
42,421069,1,1,0,0,0,3,3,35,0,2,12,2016,6,12,52,1,1,1,1,1,"I-80 Z H CONFAIR MEMORIAL HWY","",1906,41.061175,-77.211125,0,1,0,0,1,1,0,1,1,1,0,1,0,"0000000",12,49,13,7,99,99,0,0,0,1,0
42,421070,1,1,0,0,0,1,1,3,6600,19,11,2016,7,21,35,0,2,7,4,6,"KIRKPATRICK ST","",0,40.43944444,-79.973,0,1,0,0,1,1,0,2,3,4,0,4,0,"0000000",21,35,21,43,88,88,0,0,0,1,1
42,421071,3,3,0,0,0,4,4,99,4930,1,12,2016,5,11,27,1,2,3,99,2,"US-11 STATE ST","",7,40.33560278,-76.92541667,0,12,8,0,1,1,0,1,1,1,0,1,0,"0000000",99,99,99,99,99,99,0,0,0,1,0
42,421072,3,3,0,0,0,8,8,3,0,24,11,2016,5,14,23,1,2,3,99,2,"US-30 LINCOLN HWY","SR-48 MOSSIDE BLVD",146,40.36796389,-79.77983333,0,12,6,0,2,2,0,1,1,1,0,1,0,"0000000",14,30,14,36,15,9,0,0,0,3,0
42,421073,2,2,0,0,0,2,2,121,0,4,10,2016,3,14,55,0,1,5,1,3,"SR-2006 BREDINSBURG RD","",31,41.39407222,-79.76575278,0,12,1,0,1,1,2,1,1,1,0,1,0,"0000000",14,54,15,0,15,37,3,0,0,1,0
42,421074,1,1,0,0,0,1,1,55,0,21,12,2016,4,21,38,0,1,4,1,3,"SR-75 PATH VALLEY RD","",203,40.00877222,-77.88483611,0,32,0,0,1,1,0,4,2,1,0,1,0,"0000000",99,99,99,99,88,88,0,0,0,1,0
42,421075,1,1,0,0,0,1,1,63,0,13,12,2016,3,14,53,0,1,4,1,3,"SR-286","",41,40.52080278,-79.40222222,0,42,0,0,1,1,0,4,1,4,0,4,0,"0000000",14,38,15,5,88,88,0,0,0,1,0
42,421076,3,3,0,0,0,7,7,89,0,18,11,2016,6,16,31,1,2,1,1,1,"I-80 KEYSTONE SHORTWAY HWY","",29800,41.04871667,-75.315625,0,12,7,0,1,1,0,1,1,1,0,1,0,"0000000",99,99,99,99,99,99,0,0,0,4,0
42,421077,2,2,0,0,0,5,5,111,0,30,12,2016,6,20,59,0,1,6,1,3,"SR-2031 GARRETT SHORTCUT RD","",58,39.94108056,-79.03993889,0,12,2,0,1,1,0,1,2,4,0,4,0,"0000000",99,99,99,99,99,99,0,0,0,2,0
42,421078,2,2,0,0,0,5,5,111,0,11,8,2016,5,18,50,1,1,3,99,2,"US-30 LINCOLN HWY","",152,40.08711111,-78.90191667,0,12,6,0,1,1,0,1,1,2,0,2,0,"0000000",18,51,18,56,99,99,0,0,0,2,0
42,421079,1,1,0,0,0,1,1,33,0,8,8,2016,2,15,24,0,1,4,99,2,"US-322 TWENTY EIGHTH DIVIS HWY","",107,41.07689444,-78.57720556,0,35,0,0,1,1,0,4,1,1,0,1,0,"0000000",15,23,15,32,88,88,0,0,0,1,0
42,421080,2,2,0,0,0,2,2,75,0,18,11,2016,6,15,27,1,2,3,99,2,"US-422 CUMBERLAND ST","RAMONA RD",133,40.36908333,-76.33416667,0,12,6,0,2,2,0,1,1,1,0,1,0,"0000000",15,26,15,31,88,88,0,0,0,1,0
42,421081,1,1,0,0,0,1,1,97,0,20,11,2016,1,1,0,0,1,7,3,5,"KOCH RD","",0,41.10358333,-76.77673056,0,35,0,0,1,1,0,4,2,1,0,1,0,"0000000",99,99,99,99,88,88,0,0,0,1,1
42,421082,1,1,0,0,0,1,1,3,652,17,11,2016,5,9,39,0,2,7,4,6,"OLD CONNOR RD","OVERHILL ST",0,40.35516667,-80.03238889,0,39,0,0,3,3,0,4,1,1,0,1,0,"0000000",9,39,9,47,88,88,0,0,0,1,0
42,421083,1,1,0,1,1,1,1,49,2640,10,10,2016,2,13,31,0,2,7,4,6,"LAKE RD","DUNN BLVD",0,42.13940278,-80.0595,0,8,0,0,3,3,0,1,1,1,0,1,0,"0000000",13,33,13,40,13,51,0,0,0,1,0
42,421084,1,1,0,0,0,1,1,75,0,27,12,2016,3,11,11,0,1,5,1,3,"SR-443 OLD STATE RD","",121,40.51263611,-76.51393611,0,20,0,0,1,1,0,4,1,1,0,1,0,"0000000",11,9,11,19,88,88,0,0,0,1,0
42,421085,1,1,0,0,0,1,1,107,0,26,8,2016,6,13,10,0,1,6,1,3,"SR-4032 VILLAGE RD","",15,40.82884167,-76.23931111,0,1,0,0,1,1,0,1,1,1,0,1,0,"0000000",99,99,99,99,88,88,0,0,0,1,0
42,421086,1,1,0,0,0,1,1,75,0,20,10,2016,5,18,45,0,1,5,1,3,"SR-3001 BUTLER RD","",5,40.25930278,-76.46798611,0,30,0,0,1,1,0,4,2,1,0,1,0,"0000000",18,48,19,0,88,88,0,0,0,1,0
42,421087,1,1,0,0,0,4,4,75,0,19,11,2016,7,23,15,0,1,7,3,5,"KOCHENDERFER RD","",0,40.3695,-76.42736111,0,42,0,0,1,1,0,5,2,1,0,1,0,"0000000",99,99,99,99,99,99,0,0,0,2,0
42,421088,2,2,0,0,0,8,8,57,0,1,10,2016,7,14,10,1,1,3,99,2,"US-30 LINCOLN HWY","",42,40.01737778,-78.12900833,0,12,6,0,1,1,0,1,1,5,0,5,0,"0000000",14,9,14,27,99,99,0,0,0,1,0
42,421089,1,1,0,0,0,2,2,89,0,26,11,2016,7,1,53,0,1,4,1,3,"SR-191 BANGOR MOUNTAIN RD","",24,40.96233889,-75.1961,0,20,0,0,1,1,1,4,2,1,0,1,0,"0000000",99,99,99,99,88,88,0,0,0,1,0
42,421090,1,1,0,0,0,3,3,89,2330,31,12,2016,7,22,5,0,2,4,99,2,"US-209B NORTH COURTLAND ST","FIRST ST",124,41.0099,-75.18443056,0,30,0,0,3,3,0,4,3,1,0,1,0,"0000000",99,99,99,99,88,88,0,0,0,1,0
42,421091,3,3,0,0,0,4,4,107,7280,12,7,2016,3,8,28,1,2,3,1,3,"SR-61 SAINT CLAIR BYP","SR-1027 RUSSELL ST",177,40.71421389,-76.18947222,0,12,6,0,2,3,0,1,1,1,0,1,0,"0000000",99,99,99,99,99,99,0,0,0,2,0
42,421092,1,1,0,0,0,2,2,55,0,29,12,2016,5,10,35,0,1,7,3,5,"TALLOW HILL RD","",0,39.91038889,-77.70549722,0,30,0,0,1,1,0,4,1,8,0,8,0,"0000000",99,99,99,99,99,99,0,0,0,1,1
44,440001,1,1,0,1,1,1,1,7,47,12,1,2016,3,8,0,0,2,3,1,3,"SR-122  MENDON ROAD","",0,41.91279722,-71.40350833,0,8,0,0,1,1,0,1,1,1,0,1,0,"0000000",8,2,8,4,8,27,0,0,0,1,0
44,440002,1,1,0,1,1,1,1,7,40,17,1,2016,1,3,5,0,2,7,4,6,"ROOSEVELT AVE.","CENTRAL STREET",0,41.88613056,-71.38223889,0,8,0,0,2,2,0,1,3,1,0,1,0,"0000000",3,5,3,7,3,38,0,0,0,1,1
44,440003,1,1,0,0,0,1,1,3,48,20,1,2016,4,13,45,0,2,3,1,3,"SR-117 MAIN ST.","",0,41.69178333,-71.57071944,0,30,0,0,1,1,0,4,1,1,0,1,0,"0000000",13,43,13,47,14,5,0,0,0,1,1
44,440004,3,3,0,0,0,3,3,7,202,20,1,2016,4,21,34,0,1,4,1,3,"SR-101  HARTFORD PIKE","",0,41.84040278,-71.65148056,0,12,2,0,1,1,0,1,2,1,0,1,0,"0000000",21,38,21,42,22,16,0,0,0,1,1
44,440005,2,1,1,0,0,1,1,7,190,9,2,2016,3,11,18,0,2,7,4,6,"OAKLAND AVE.","",0,41.84036111,-71.42871944,0,14,0,0,1,1,0,7,1,1,0,1,0,"0000000",11,18,11,23,11,39,0,0,0,1,0
44,440006,1,1,0,0,0,4,4,9,54,25,2,2016,5,22,5,0,2,3,1,3,"SR-2  SOUTH COUNTY TRAIL","",0,41.52258889,-71.55355278,0,53,0,0,1,1,0,4,2,1,0,1,0,"0000000",22,18,22,27,22,56,0,0,0,1,1
44,440007,1,1,0,1,1,1,1,1,30,25,2,2016,5,19,31,0,2,3,1,3,"SR-136  METACOM AVE.","",0,41.67639722,-71.25964444,0,8,0,0,1,1,0,1,2,1,0,1,0,"0000000",19,30,19,32,20,11,0,0,0,1,0
44,440008,1,1,0,0,0,1,1,3,48,29,2,2016,2,1,47,0,2,3,1,3,"SR-117  MAIN ST.","",0,41.69710833,-71.57611111,0,33,0,0,1,1,0,4,3,1,0,1,0,"0000000",1,51,1,58,88,88,20,0,0,1,1
44,440009,1,1,0,0,0,1,1,5,185,1,3,2016,3,18,38,0,2,3,1,3,"SR-138  TURNPIKE AVE.","",0,41.60441944,-71.25155,0,33,0,0,1,1,0,4,3,1,0,1,0,"0000000",18,42,18,42,19,9,0,0,0,1,0
44,440010,3,3,0,0,0,7,7,7,180,5,3,2016,7,16,23,1,2,1,1,1,"I-95  S","",0,41.87285833,-71.39220278,0,12,7,0,1,1,0,1,1,1,0,1,0,"0000000",16,23,16,34,16,42,0,0,0,2,0
44,440011,1,1,0,1,1,1,1,3,230,9,3,2016,4,9,30,0,2,3,1,3,"SR-113  MAIN AVE.","",0,41.71653611,-71.46203889,0,8,0,0,1,1,0,1,1,1,0,1,0,"0000000",9,30,9,36,9,50,0,0,0,1,0
44,440012,1,1,0,0,0,1,1,7,57,10,3,2016,5,22,31,1,2,1,1,1,"I-195 E","",0,41.81917778,-71.38466389,0,33,0,0,5,1,0,4,3,10,0,10,0,"0000000",22,25,22,31,88,88,0,0,0,1,1
44,440013,1,1,0,1,1,1,1,7,190,17,3,2016,5,13,38,0,2,7,3,6,"HUNTINGTON AVE.","",0,41.80125,-71.43257222,0,33,0,0,1,1,0,4,1,1,0,1,0,"0000000",13,36,13,40,14,5,0,0,0,1,1
44,440014,1,1,0,1,1,1,1,5,135,8,4,2016,6,21,40,0,2,3,1,3,"SR-114  WEST MAIN ROAD","",0,41.54748333,-71.292,0,8,0,0,1,1,0,1,2,1,0,1,0,"0000000",21,44,21,49,22,8,0,0,0,1,0
44,440015,2,2,0,0,0,2,2,3,55,23,5,2016,2,0,7,1,2,1,1,1,"I-95 S","",0,41.65935833,-71.54594444,0,12,2,0,1,1,0,1,2,1,0,1,0,"0000000",0,9,0,17,0,51,0,0,0,2,1
44,440016,1,1,0,0,0,1,1,7,159,5,5,2016,5,20,46,0,2,7,4,6,"CANAL STREET","",0,42.01479722,-71.53504167,0,38,0,0,1,1,0,4,3,10,0,10,0,"0000000",20,48,20,52,21,22,0,0,0,1,0
44,440017,1,1,0,1,1,1,1,7,47,2,5,2016,2,0,49,0,2,7,4,6,"BEAR HILL ROAD","SHIRLEY DRIVER",0,41.945325,-71.39868333,0,8,0,0,2,3,0,1,2,2,0,2,0,"0000000",0,50,0,58,1,22,0,0,0,1,0
44,440018,1,1,0,0,0,1,1,7,105,25,5,2016,4,6,44,1,2,1,1,1,"I-295 S","",0,41.84941667,-71.51115833,0,24,0,0,1,1,0,3,1,1,0,1,0,"0000000",6,51,6,56,7,10,0,0,0,1,0
44,440019,1,1,0,0,0,2,2,7,62,28,5,2016,7,1,45,0,1,5,1,3,"SR-94  REYNOLDS ROAD","",0,41.88806389,-71.77531389,0,24,0,0,1,1,0,4,2,1,0,1,0,"0000000",1,52,2,8,2,43,0,0,0,1,1
44,440020,1,1,0,0,0,1,1,9,194,5,6,2016,1,20,21,0,1,7,4,6,"LEWISTON AVE.","",0,41.45541667,-71.62470278,0,53,0,0,1,1,0,4,2,5,0,5,0,"0000000",20,17,20,29,21,3,0,0,0,1,1
44,440021,1,1,0,0,0,1,1,7,105,10,6,2016,6,5,0,1,2,1,1,1,"I-295 S","",0,41.83495,-71.51569722,0,11,0,0,1,1,0,1,1,1,0,1,0,"0000000",4,58,5,6,88,88,0,0,0,1,0
44,440022,3,3,0,0,0,6,6,9,194,7,7,2016,5,12,11,0,1,3,1,3,"SR-138 KINGSTOWN RD.","",0,41.50091944,-71.60907222,0,12,1,0,1,1,0,1,1,1,0,1,0,"0000000",12,7,12,26,12,41,0,0,0,1,0
44,440023,1,1,0,1,1,1,1,9,54,8,7,2016,6,21,59,0,1,4,1,3,"SR-165  TEN ROD ROAD","",0,41.57799167,-71.65980556,0,8,0,0,1,1,0,2,2,1,0,1,0,"0000000",21,52,21,56,22,31,0,0,0,1,0
44,440024,1,1,0,1,1,1,1,9,208,26,7,2016,3,12,15,1,2,2,1,2,"US-1  COMMODORE PERRY","",0,41.42716111,-71.520825,0,9,0,0,1,1,0,2,1,1,0,1,0,"0000000",12,15,12,19,13,35,0,0,0,1,0
44,440025,1,1,0,0,0,3,3,7,190,17,7,2016,1,1,45,0,2,3,1,3,"SR-1A  ALLENS AVE.","",0,41.79831389,-71.39925833,0,33,0,0,1,1,0,4,3,1,0,1,0,"0000000",1,52,2,3,2,17,0,0,0,1,1
44,440026,1,1,0,0,0,1,1,9,84,28,7,2016,5,13,49,1,1,1,1,1,"I-95 S","",0,41.44824444,-71.78660278,0,24,0,0,1,1,0,4,1,1,0,1,0,"0000000",13,50,13,51,14,53,0,0,0,1,0