"STATE","ST_CASE","VE_TOTAL","VE_FORMS","PVH_INVL","PEDS","PERNOTMVIT","PERMVIT","PERSONS","COUNTY","CITY","DAY","MONTH","YEAR","DAY_WEEK","HOUR","MINUTE","NHS","RUR_URB","FUNC_SYS","RD_OWNER","ROUTE","TWAY_ID","TWAY_ID2","MILEPT","LATITUDE","LONGITUD","SP_JUR","HARM_EV","MAN_COLL","RELJCT1","RELJCT2","TYP_INT","WRK_ZONE","REL_ROAD","LGT_COND","WEATHER1","WEATHER2","WEATHER","SCH_BUS","RAIL","NOT_HOUR","NOT_MIN","ARR_HOUR","ARR_MIN","HOSP_HR","HOSP_MN","CF1","CF2","CF3","FATALS","DRUNK_DR"
45,450090,3,1,2,2,2,1,1,45,0,15,2,2016,2,19,30,1,2,1,1,1,"I-385","",402,34.85839167,-82.34710278,0,14,0,0,1,1,0,5,2,2,0,2,0,"0000000",99,99,99,99,99,99,23,0,0,1,0
45,450091,2,2,0,0,0,2,2,45,0,15,2,2016,2,20,19,0,2,4,1,3,"SR-1164","",0,34.82958889,-82.31855278,0,12,2,0,1,1,0,1,2,2,0,2,0,"0000000",99,99,99,99,99,99,0,0,0,1,0
45,450092,2,2,0,0,0,3,3,45,0,15,2,2016,2,15,30,0,2,4,1,3,"SR-22","",48,34.94911111,-82.36436111,0,12,2,0,1,1,0,1,1,3,0,3,0,"0000000",99,99,99,99,99,99,0,0,0,1,0
45,450093,1,1,0,0,0,1,1,73,0,16,2,2016,3,5,50,0,1,4,1,3,"SR-11","",0,34.8388,-83.03759722,0,24,0,0,1,1,0,4,2,1,0,1,0,"0000000",99,99,99,99,99,99,0,0,0,1,0
45,450094,1,1,0,0,0,1,1,13,0,17,2,2016,4,12,10,0,2,4,1,3,"SR-170","",234,32.42248056,-80.73496111,0,33,0,0,1,1,0,4,1,1,0,1,0,"0000000",88,88,88,88,88,88,0,0,0,1,0
45,450095,2,2,0,0,0,2,2,7,0,18,2,2016,5,4,30,0,2,5,1,3,"SR-81","SR-153",435,34.78867222,-82.48227778,0,12,6,0,2,2,0,1,3,1,0,1,0,"0000000",99,99,99,99,99,99,20,0,0,1,0
45,450096,1,1,0,0,0,1,1,83,430,18,2,2016,5,23,50,0,2,4,1,3,"SR-190","",0,35.08187778,-81.89244167,0,30,0,0,1,1,0,4,6,1,0,1,0,"0000000",99,99,99,99,99,99,20,0,0,1,1
45,450097,1,1,0,0,0,1,1,69,0,18,2,2016,5,12,0,0,1,5,1,3,"SR-22","",34,34.64966944,-79.60215278,0,34,0,0,1,1,0,4,1,1,0,1,0,"0000000",99,99,99,99,99,99,0,0,0,1,0
45,450098,1,1,0,1,1,1,1,61,0,19,2,2016,6,3,13,1,1,1,1,1,"I-20","",1226,34.19650556,-80.11305278,0,8,0,0,1,1,0,1,2,1,0,1,0,"0000000",99,99,99,99,99,99,0,0,0,1,0
45,450099,1,1,0,0,0,1,1,45,0,19,2,2016,6,2,14,0,2,4,1,3,"SR-63","",0,34.85126944,-82.48345,0,34,0,0,1,1,0,4,6,1,0,1,0,"0000000",88,88,88,88,88,88,0,0,0,1,1
45,450100,1,1,0,0,0,1,1,41,0,19,2,2016,6,22,40,0,1,7,1,3,"SR-106","",84,34.08409444,-79.93935833,0,1,0,0,1,1,0,5,2,1,0,1,0,"0000000",88,88,88,88,88,88,0,0,0,1,0
45,450101,1,1,0,0,0,1,1,75,0,22,2,2016,2,11,40,0,2,7,1,3,"SR-796","",8,33.49580556,-80.81843611,0,42,0,0,1,1,0,4,1,1,0,1,0,"0000000",88,88,88,88,88,88,0,0,0,1,0
45,450102,3,3,0,0,0,4,4,69,0,24,2,2016,4,12,10,0,1,5,1,3,"SR-30","SR-55",51,34.70933611,-79.76306389,0,12,6,0,2,2,0,1,1,1,0,1,1,"0000000",99,99,99,99,99,99,0,0,0,1,0
45,450103,1,1,0,0,0,1,1,79,0,25,2,2016,5,5,30,0,1,3,1,3,"SR-48","",229,33.84210833,-80.73400833,0,35,0,0,1,1,4,4,6,99,0,99,0,"0000000",88,88,88,88,88,88,0,0,0,1,1
45,450104,1,1,0,0,0,1,1,1,0,25,2,2016,5,10,45,0,1,4,1,3,"SR-71","",96,34.19493056,-82.47533333,0,35,0,0,1,1,0,4,1,1,0,1,0,"0000000",88,88,88,88,88,88,0,0,0,1,0
45,450105,1,1,0,0,0,1,1,57,0,27,2,2016,7,13,45,0,1,4,1,3,"SR-46","",10,34.81334444,-80.69546667,0,42,0,0,1,1,0,4,1,1,0,1,0,"0000000",99,99,99,99,99,99,0,0,0,1,1
45,450106,1,1,0,0,0,4,4,75,0,27,2,2016,7,17,20,0,1,5,1,3,"SR-74","",18,33.51990556,-80.95286111,0,42,0,0,1,1,0,5,1,1,0,1,0,"0000000",99,99,99,99,99,99,0,0,0,2,1
45,450107,1,1,0,0,0,2,2,79,0,28,2,2016,1,4,30,1,2,2,1,2,"US-76","CR-REVERE RD",318,33.94793333,-80.86502222,0,34,0,0,1,1,0,4,2,1,0,1,0,"0000000",99,99,99,99,99,99,0,0,0,1,1
45,450108,1,1,0,0,0,1,1,1,0,29,2,2016,2,8,53,0,1,3,1,3,"SR-20","",39,34.22606389,-82.38923056,0,35,0,0,1,1,0,4,1,1,0,1,0,"0000000",88,88,88,88,88,88,0,0,0,1,0
45,450109,2,2,0,0,0,3,3,29,2720,4,1,2016,2,13,25,0,2,4,1,3,"SR-64","",0,32.91963611,-80.67698889,0,12,6,0,8,1,0,1,1,1,0,1,0,"0000000",99,99,99,99,99,99,0,0,0,1,0
45,450110,2,2,0,0,0,2,2,19,410,10,1,2016,1,23,11,0,2,4,1,3,"SR-700","",177,32.7585,-79.99376944,0,12,2,0,1,1,0,1,2,1,0,1,0,"0000000",99,99,99,99,99,99,0,0,0,1,0
45,450111,1,1,0,1,1,1,1,15,0,29,2,2016,2,21,47,0,1,3,1,2,"US-52","",0,33.37130833,-79.93527222,0,8,0,0,1,1,0,1,2,1,0,1,0,"0000000",88,88,88,88,88,88,0,0,0,1,0
45,450112,1,1,0,1,1,1,1,91,0,1,3,2016,3,18,45,0,2,3,1,2,"US-21","",0,34.91436667,-80.98518611,0,8,0,0,1,1,0,1,2,1,0,1,0,"0000000",99,99,99,99,99,99,0,0,0,1,0
45,450113,1,1,0,1,1,1,1,57,0,1,3,2016,3,18,8,0,1,7,1,4,"CR-GLEN LAUREL DRIVE","CR-MERCER STREET",0,35.01527778,-80.86615,0,9,0,0,2,3,0,1,1,1,0,1,0,"0000000",99,99,99,99,99,99,0,0,0,1,0
45,450114,2,2,0,0,0,5,5,73,0,1,3,2016,3,14,10,0,2,3,1,2,"US-76","SR-320",327,34.692775,-82.87184722,0,12,6,0,8,1,0,1,1,1,0,1,0,"0000000",99,99,99,99,99,99,0,0,0,1,0
45,450115,3,3,0,0,0,5,5,51,1730,2,3,2016,4,22,45,1,2,3,1,2,"US-501","SR-1315",323,33.70165833,-78.90356667,0,12,6,0,2,2,0,1,3,1,0,1,0,"0000000",99,99,99,99,99,99,0,0,0,1,1
45,450116,2,2,0,0,0,2,2,7,0,13,1,2016,4,14,40,0,1,4,1,3,"SR-49","",0,34.33340833,-82.60043056,0,12,6,0,8,1,0,1,1,1,0,1,0,"0000000",99,99,99,99,99,99,0,0,0,1,0
45,450117,2,2,0,0,0,3,3,51,0,2,3,2016,4,15,0,0,2,4,1,3,"SR-90","",0,33.85276111,-78.69166944,0,12,6,0,1,1,0,1,1,1,0,1,0,"0000000",99,99,99,99,99,99,0,0,0,2,1
45,450118,1,1,0,1,1,5,5,83,0,2,3,2016,4,22,5,1,2,2,1,2,"US-176","",210,34.99570278,-81.97634444,0,8,0,0,1,1,0,1,2,1,0,1,0,"0000000",88,88,88,88,88,88,0,0,0,1,0
45,450119,1,1,0,0,0,1,1,53,0,3,3,2016,5,1,30,1,1,2,1,2,"US-278","",274,32.31093611,-80.98190556,0,24,0,0,1,1,0,4,2,1,0,1,0,"0000000",99,99,99,99,99,99,0,0,0,1,1
45,450120,1,1,0,0,0,1,1,83,0,4,3,2016,6,14,20,1,1,1,1,1,"I-26","",9,35.16822222,-82.13521944,0,24,0,0,1,1,0,4,1,1,0,1,0,"0000000",88,88,88,88,88,88,0,0,0,1,0
45,450121,2,2,0,0,0,2,2,65,0,4,3,2016,6,17,12,1,1,3,1,2,"US-221","",0,33.93159167,-82.26594444,0,12,2,0,1,1,0,1,1,1,0,1,0,"0000000",99,99,99,99,99,99,0,0,0,1,0
45,450122,2,2,0,0,0,2,2,75,0,4,3,2016,6,17,33,0,1,3,1,2,"US-301","SR-196",241,33.45883333,-80.71524444,0,12,6,0,2,4,0,1,1,1,0,1,0,"0000000",99,99,99,99,99,99,0,0,0,1,0
45,450123,1,1,0,0,0,1,1,19,410,23,1,2016,7,2,8,1,1,1,1,1,"I-526","",3,32.89037778,-79.95784167,0,23,0,0,1,1,0,4,3,2,0,2,0,"0000000",88,88,88,88,88,88,0,0,0,1,1
45,450124,3,3,0,0,0,5,5,91,2970,7,2,2016,1,10,52,0,2,3,1,3,"SR-160","US-21",46,35.01951389,-80.95712222,0,12,6,0,2,4,0,1,1,1,0,1,0,"0000000",99,99,99,99,99,99,0,0,0,1,0
45,450125,2,2,0,0,0,2,2,29,1490,18,2,2016,5,18,5,0,1,3,1,3,"SR-64","",86,32.99391944,-80.88307222,0,12,2,0,8,1,0,1,5,1,0,1,0,"0000000",99,99,99,99,99,99,0,0,0,1,0
45,450126,4,4,0,0,0,6,6,19,410,19,2,2016,6,17,54,1,1,3,1,2,"US-17","SR-1024",196,32.79656944,-80.08125833,0,12,1,0,2,4,0,1,1,1,0,1,0,"0000000",99,99,99,99,99,99,0,0,0,1,0
45,450127,1,1,0,0,0,1,1,19,410,21,2,2016,1,14,55,1,2,3,1,3,"SR-1442","",196,32.72988333,-80.08345278,0,34,0,0,1,1,0,4,1,1,0,1,0,"0000000",88,88,88,88,88,88,0,0,0,1,1
45,450128,2,2,0,0,0,2,2,91,0,5,3,2016,7,9,35,0,1,3,1,3,"SR-161","",34,35.11065,-81.30208611,0,12,2,0,1,1,0,1,1,10,0,10,0,"0000000",99,99,99,99,99,99,0,0,0,1,1
45,450129,1,1,0,1,1,3,3,51,0,5,3,2016,7,13,35,1,2,3,1,2,"US-501","",309,33.71134167,-78.91783889,0,9,0,0,1,1,0,1,1,1,0,1,0,"0000000",99,99,99,99,99,99,0,0,0,1,0
45,450130,1,1,0,1,1,1,1,7,0,6,3,2016,1,1,45,1,2,1,1,1,"I-85","",389,34.7523,-82.47841111,0,8,0,0,1,1,0,1,2,1,0,1,0,"0000000",88,88,88,88,88,88,0,0,0,1,0
45,450131,1,1,0,0,0,1,1,83,0,6,3,2016,1,3,0,1,2,1,1,1,"I-85","",703,34.97646944,-82.01635556,0,1,0,0,1,1,0,4,6,1,0,1,0,"0000000",88,88,88,88,88,88,0,0,0,1,1
45,450132,1,1,0,0,0,2,2,79,0,6,3,2016,1,4,4,0,2,7,2,4,"CR-STEEPLE RIDGE RD","SR-129",0,34.1301,-81.177475,0,42,0,0,3,2,0,4,3,1,0,1,0,"0000000",99,99,99,99,99,99,0,0,0,1,1
45,450133,2,2,0,0,0,2,2,77,0,6,3,2016,1,17,50,0,2,6,1,3,"SR-28","",35,34.81690833,-82.50886944,0,12,6,0,8,1,0,1,1,1,0,1,0,"0000000",88,88,88,88,88,88,0,0,0,1,0
45,450134,3,3,0,0,0,3,3,27,0,6,3,2016,1,19,10,0,1,3,1,2,"US-301","",0,33.61958889,-80.31953056,0,12,8,0,1,1,0,1,3,1,0,1,0,"0000000",99,99,99,99,99,99,0,0,0,1,1
45,450135,2,2,0,0,0,2,2,15,985,13,2,2016,7,10,50,1,2,3,1,3,"SR-29","",52,32.97362778,-80.02406944,0,12,6,0,8,1,0,1,1,1,0,1,0,"0000000",99,99,99,99,99,99,0,0,0,1,0
45,450136,2,2,0,0,0,4,4,77,0,17,2,2016,4,15,6,0,2,7,2,4,"CR-LATHAM RD","",0,34.83388889,-82.53598611,0,12,2,0,1,1,0,1,1,1,0,1,0,"0000000",99,99,99,99,99,99,0,0,0,1,0
45,450137,2,2,0,0,0,3,3,79,880,4,3,2016,6,15,0,0,2,4,1,3,"SR-151","",11,34.05553333,-80.94835278,0,12,2,0,1,1,0,1,1,1,0,1,0,"0000000",99,99,99,99,99,99,0,0,0,1,0
45,450138,2,2,0,0,0,2,2,23,0,7,3,2016,2,8,0,0,1,4,1,3,"SR-9","",0,34.74949722,-81.35823056,0,12,2,0,1,1,0,1,1,1,0,1,0,"0000000",88,88,88,88,88,88,0,0,0,2,0
45,450139,2,2,0,0,0,2,2,19,1805,7,3,2016,2,22,25,1,2,3,1,3,"SR-7","",49,32.836925,-79.98454722,0,12,1,0,1,1,0,1,3,1,0,1,0,"0000000",99,99,99,99,99,99,0,0,0,1,1
45,450140,2,2,0,0,0,3,3,75,0,9,3,2016,4,7,20,0,1,4,1,3,"SR-267","SR-82",19,33.46525833,-80.52461111,0,12,6,0,2,2,0,1,1,1,0,1,0,"0000000",99,99,99,99,99,99,0,0,0,1,0
45,450141,2,2,0,0,0,2,2,91,2970,9,3,2016,4,14,55,0,2,3,1,2,"US-21","",0,34.91703056,-81.00858889,0,12,6,0,8,1,0,1,1,1,0,1,0,"0000000",99,99,99,99,99,99,0,0,0,1,0
45,450142,2,2,0,0,0,6,6,59,0,9,3,2016,4,15,56,0,1,4,1,3,"SR-29","",0,34.34304722,-82.0655,0,12,2,0,1,1,0,1,1,1,0,1,1,"0000000",99,99,99,99,99,99,0,0,0,1,1
45,450143,1,1,0,0,0,1,1,85,0,20,2,2016,7,16,48,0,1,4,1,3,"SR-28","CR-PRESIDO DRIVE",0,33.979825,-80.52531667,0,34,0,0,3,3,0,4,1,1,0,1,0,"0000000",88,88,88,88,88,88,0,0,0,1,1
45,450144,2,2,0,0,0,3,3,79,0,10,3,2016,5,19,58,0,2,4,1,3,"SR-1834","CR-RIDGE POINT DRIVE",0,34.12933333,-80.88587222,0,12,6,0,2,3,0,1,2,1,0,1,0,"0000000",99,99,99,99,99,99,0,0,0,1,1
45,450145,1,1,0,0,0,1,1,59,0,10,3,2016,5,0,45,0,1,7,2,4,"CR-BULL HILL RD","",0,34.58379167,-82.08974722,0,42,0,0,1,1,0,4,2,1,0,1,0,"0000000",99,99,99,99,99,99,0,0,0,1,0
45,450146,4,1,3,1,1,1,1,43,940,10,3,2016,5,18,45,0,2,4,1,3,"SR-485","",0,33.38068333,-79.30507778,0,8,0,0,1,1,0,1,3,1,0,1,0,"0000000",99,99,99,99,99,99,0,0,0,1,0
45,450147,1,1,0,0,0,1,1,59,0,10,3,2016,5,22,30,0,1,7,1,3,"SR-95","",14,34.67914722,-82.13161944,0,35,0,0,1,1,0,4,2,1,0,1,0,"0000000",88,88,88,88,88,88,0,0,0,1,1
45,450148,2,2,0,0,0,2,2,19,410,11,3,2016,6,11,43,1,1,3,1,2,"US-17","CR-NORTH BASKET LANE",0,33.04910278,-79.56061111,0,12,6,0,2,2,0,1,1,1,0,1,0,"0000000",99,99,99,99,99,99,0,0,0,1,0
45,450149,1,1,0,0,0,1,1,41,0,11,3,2016,6,17,10,0,1,4,2,4,"CR-HEYWARD RD","",0,34.08075556,-79.8301,0,34,0,0,1,1,0,4,1,1,0,1,0,"0000000",99,99,99,99,99,99,0,0,0,1,0
45,450150,2,2,0,0,0,2,2,27,0,11,3,2016,6,22,7,1,1,1,1,1,"I-95","",1018,33.51991389,-80.43326667,0,12,1,0,1,1,0,1,2,1,0,1,0,"0000000",88,88,88,88,88,88,0,0,0,1,1
45,450151,1,1,0,1,1,1,1,53,0,12,3,2016,7,3,50,0,1,3,1,2,"US-17","",0,32.15139722,-81.05391944,0,8,0,0,1,1,0,1,7,5,0,5,0,"0000000",88,88,88,88,88,88,0,0,0,1,0
45,450152,1,1,0,0,0,4,4,27,0,12,3,2016,7,6,15,1,1,1,1,1,"I-95","",1115,33.61920833,-80.30596389,0,42,0,0,1,1,0,3,2,1,0,1,0,"0000000",99,99,99,99,99,99,0,0,0,1,0
45,450153,2,2,0,0,0,3,3,83,0,12,3,2016,7,19,5,0,2,4,1,3,"SR-42","CR-CHANDLER DOWNS TRAIL",0,35.09449167,-81.98101944,0,12,6,0,8,1,0,1,5,1,0,1,0,"0000000",99,99,99,99,99,99,0,0,0,1,0
45,450154,2,2,0,0,0,7,7,63,0,13,3,2016,1,13,35,0,1,4,1,3,"SR-6","SR-65",296,33.81935278,-81.19667222,0,12,6,0,2,2,0,1,1,1,0,1,0,"0000000",88,88,88,88,88,88,0,0,0,2,1
45,450155,2,2,0,0,0,2,2,25,450,29,1,2016,6,9,59,0,1,3,1,3,"SR-151","SR-96",28,34.76363056,-80.39023889,0,12,6,0,2,2,0,1,1,1,0,1,0,"0000000",99,99,99,99,99,99,0,0,0,1,0
45,450156,1,1,0,0,0,2,2,13,1145,14,3,2016,2,7,20,0,2,4,2,3,"SR-245","",0,32.19568056,-80.74143611,0,31,0,0,1,1,0,4,1,1,0,1,0,"0000000",88,88,88,88,88,88,0,0,0,2,1
45,450157,1,1,0,0,0,1,1,23,0,15,3,2016,3,14,25,0,1,7,2,4,"CR-AUGUSTA RD","",143,34.80036111,-80.92461944,0,34,0,0,1,1,0,4,1,1,0,1,0,"0000000",99,99,99,99,99,99,0,0,0,1,0
45,450158,3,1,2,0,0,1,1,39,0,15,3,2016,3,16,0,0,2,7,2,3,"SR-199","",0,34.35448611,-81.07948333,0,1,0,0,1,1,0,1,1,1,0,1,0,"0000000",88,88,88,88,88,88,0,0,0,1,0
45,450159,1,1,0,0,0,1,1,31,0,15,3,2016,3,21,35,0,1,4,1,3,"SR-23","",46,34.38049722,-80.21119167,0,34,0,0,1,1,0,4,2,1,0,1,0,"0000000",88,88,88,88,88,88,0,0,0,1,1
45,450160,1,1,0,0,0,3,3,7,0,15,3,2016,3,2,47,0,2,4,1,3,"SR-74","",46,34.78120278,-82.50986111,0,38,0,0,1,1,0,4,2,1,0,1,0,"0000000",99,99,99,99,99,99,0,0,0,1,0
45,450161,1,1,0,0,0,1,1,45,0,17,3,2016,5,7,30,0,1,7,2,4,"CR-STOCKTON RD","",0,34.61638611,-82.25586389,0,34,0,0,1,1,0,4,1,1,0,1,0,"0000000",88,88,88,88,88,88,0,0,0,1,1
45,450162,1,1,0,0,0,1,1,3,0,17,3,2016,5,12,35,0,1,4,1,3,"SR-65","",67,33.42641111,-81.84505278,0,32,0,0,8,1,0,4,1,1,0,1,0,"0000000",88,88,88,88,88,88,0,0,0,1,1
45,450163,2,2,0,0,0,5,5,11,0,17,3,2016,5,19,35,0,1,3,1,2,"US-278","",187,33.1634,-81.35484722,0,12,2,0,1,1,0,1,2,1,0,1,0,"0000000",99,99,99,99,99,99,0,0,0,1,1
45,450164,1,1,0,1,1,1,1,45,1040,17,3,2016,5,20,23,0,2,4,1,3,"SR-94","",81,34.86898611,-82.35444444,0,8,0,0,1,1,0,1,2,1,0,1,0,"0000000",99,99,99,99,99,99,0,0,0,1,0
45,450165,1,1,0,1,1,1,1,51,0,17,3,2016,5,23,50,0,2,4,1,3,"SR-9","CR-CHARTER DRIVE",0,33.891425,-78.69165278,0,8,0,0,2,2,0,1,2,1,0,1,0,"0000000",88,88,88,88,88,88,0,0,0,1,0
45,450166,1,1,0,0,0,1,1,31,0,19,3,2016,7,0,45,0,1,6,1,3,"SR-20","",43,34.41216111,-80.07972222,0,35,0,0,1,1,0,4,2,1,0,1,0,"0000000",99,99,99,99,99,99,0,0,0,1,1
45,450167,2,2,0,0,0,2,2,41,0,19,3,2016,7,3,40,0,1,3,1,2,"US-76","SR-53",12,34.08523333,-80.02771944,0,12,6,0,2,2,0,1,2,1,0,1,0,"0000000",88,88,88,88,88,88,0,0,0,1,1
45,450168,1,1,0,0,0,1,1,89,0,19,3,2016,7,5,45,1,1,3,1,2,"US-521","",121,33.538975,-79.74540278,0,42,0,0,1,1,0,4,6,1,0,1,0,"0000000",88,88,88,88,88,88,0,0,0,1,1
45,450169,1,1,0,1,1,1,1,51,540,20,3,2016,1,15,30,0,2,4,1,3,"SR-887","",0,33.83951667,-79.06248333,0,8,0,0,1,1,0,1,1,10,0,10,0,"0000000",88,88,88,88,88,88,0,0,0,1,0
45,450170,2,2,0,1,1,2,2,51,1730,20,3,2016,1,0,38,1,2,3,1,2,"US-17","SR-241",0,33.71654722,-78.89160278,0,8,0,0,2,2,0,1,3,1,0,1,0,"0000000",99,99,99,99,99,99,0,0,0,1,0
45,450171,2,2,0,0,0,3,3,13,1145,21,3,2016,2,16,38,0,2,3,1,2,"US-278","SR-624",0,32.21313333,-80.69576667,0,12,6,0,2,3,0,1,1,1,0,1,0,"0000000",99,99,99,99,99,99,0,0,0,1,0
45,450172,2,2,0,0,0,2,2,79,0,21,3,2016,2,19,55,0,1,5,1,3,"SR-2206","SR-2237",14,33.86024722,-80.78299444,0,12,6,0,2,2,0,1,2,1,0,1,0,"0000000",99,99,99,99,99,99,0,0,0,1,0
45,450173,1,1,0,0,0,1,1,63,0,21,3,2016,2,23,35,0,2,4,1,3,"SR-73","",0,33.85853889,-81.13537222,0,42,0,0,1,1,0,4,3,1,0,1,0,"0000000",88,88,88,88,88,88,0,0,0,1,0
45,450174,1,1,0,0,0,1,1,83,0,21,3,2016,2,5,2,0,1,7,2,3,"SR-558","",0,34.74203333,-82.07603056,0,42,0,0,1,1,0,4,2,1,0,1,0,"0000000",99,99,99,99,99,99,0,0,0,1,0
45,450175,1,1,0,0,0,4,4,31,0,21,3,2016,2,17,25,0,1,7,1,3,"SR-51","",16,34.45742778,-80.07556944,0,32,0,0,1,1,0,4,1,1,0,1,0,"0000000",99,99,99,99,99,99,20,0,0,1,0
45,450176,1,1,0,1,1,2,2,31,0,21,3,2016,2,19,3,0,1,7,2,3,"SR-24","",33,34.37379167,-80.02015,0,9,0,0,1,1,0,1,2,1,0,1,0,"0000000",99,99,99,99,99,99,0,0,0,1,0
45,450177,1,1,0,0,0,1,1,15,0,23,3,2016,4,0,35,1,2,1,1,1,"I-26","",2009,33.02497222,-80.13413333,0,34,0,0,1,1,0,4,2,1,0,1,0,"0000000",88,88,88,88,88,88,0,0,0,1,1
45,450178,1,1,0,0,0,1,1,45,0,23,3,2016,4,13,0,0,1,3,1,3,"SR-247","",26,34.58276667,-82.39969444,0,32,0,0,1,1,0,5,1,1,0,1,0,"0000000",88,88,88,88,88,88,0,0,0,1,0
45,450179,1,1,0,0,0,1,1,41,0,24,3,2016,5,1,15,0,1,4,1,3,"SR-484","",8,33.99656389,-79.76573611,0,32,0,0,1,1,0,4,2,1,0,1,0,"0000000",88,88,88,88,88,88,0,0,0,1,1
45,450180,1,1,0,1,1,1,1,3,0,26,3,2016,7,19,30,0,2,4,1,3,"SR-81","",8,33.54586111,-81.80700278,0,8,0,0,1,1,0,1,1,2,0,2,0,"0000000",99,99,99,99,99,99,0,0,0,1,0
45,450181,2,2,0,0,0,3,3,33,0,26,3,2016,7,22,5,0,1,4,1,3,"SR-917","SR-154",0,34.33820556,-79.47348056,0,12,6,0,2,2,0,1,2,2,0,2,0,"0000000",99,99,99,99,99,99,0,0,0,1,0
45,450182,3,2,1,0,1,3,4,33,0,27,3,2016,1,19,42,0,2,3,1,2,"US-301","SR-198",139,34.45638889,-79.33669444,0,12,6,0,2,2,0,1,1,10,0,10,0,"0000000",99,99,99,99,99,99,0,0,0,1,0
45,450183,1,1,0,0,0,1,1,53,0,27,3,2016,1,17,20,0,1,3,1,3,"SR-119","",10,32.57540278,-81.25447778,0,42,0,0,1,1,0,5,1,2,0,2,0,"0000000",88,88,88,88,88,88,0,0,0,1,1
45,450184,1,1,0,0,0,2,2,79,520,27,3,2016,1,9,15,1,2,1,1,1,"I-77","",52,33.95121111,-80.9851,0,24,0,0,1,1,0,3,1,1,0,1,0,"0000000",99,99,99,99,99,99,0,0,0,1,0
45,450185,2,2,0,0,0,2,2,3,0,28,3,2016,2,11,32,0,1,3,1,2,"US-278","",295,33.38566667,-81.51626944,0,12,6,0,1,1,0,1,1,1,0,1,0,"0000000",88,88,88,88,88,88,0,0,0,1,1
45,450186,1,1,0,1,1,1,1,45,0,28,3,2016,2,0,54,0,2,6,1,3,"SR-83","",4,34.78094722,-82.41413611,0,8,0,0,1,1,0,1,2,2,0,2,0,"0000000",88,88,88,88,88,88,0,0,0,1,0
45,450187,1,1,0,0,0,1,1,45,0,29,3,2016,3,9,40,0,2,4,1,3,"SR-20","SR-27",0,34.74376389,-82.43518056,0,59,0,0,3,7,0,4,1,1,0,1,0,"0000000",88,88,88,88,88,88,0,0,0,1,0
45,450188,1,1,0,0,0,1,1,53,0,30,3,2016,4,17,7,1,1,1,1,1,"I-77","",51,32.54244444,-80.95266944,0,34,0,0,1,1,0,4,1,1,0,1,0,"0000000",88,88,88,88,88,88,0,0,0,1,0
45,450189,2,2,0,0,0,2,2,83,0,28,3,2016,2,7,40,0,2,4,1,3,"SR-40","CR-NEW CUT CIRCLE",57,34.99155,-82.02414444,0,12,6,0,2,3,0,1,1,1,0,1,0,"0000000",99,99,99,99,99,99,0,0,0,1,0
45,450190,2,2,0,0,0,3,3,79,0,31,3,2016,5,16,44,1,1,3,1,2,"US-601","SR-1174",116,33.91362222,-80.68010556,0,12,6,0,2,2,0,1,1,10,0,10,0,"0000000",88,88,88,88,88,88,0,0,0,2,1
45,450191,3,3,0,0,0,5,5,15,0,1,4,2016,6,22,30,0,2,3,1,2,"US-17","SR-987",0,33.04215833,-80.12910833,0,12,6,0,2,2,0,1,3,2,0,2,0,"0000000",99,99,99,99,99,99,0,0,0,1,1
45,450192,1,1,0,0,0,1,1,3,20,3,4,2016,1,2,21,0,2,4,1,3,"SR-3","",25,33.56045556,-81.72520833,0,30,0,0,1,1,0,4,3,1,0,1,0,"0000000",99,99,99,99,99,99,0,0,0,1,1
45,450193,2,2,0,0,0,2,2,51,0,4,4,2016,2,6,25,0,1,7,1,3,"SR-348","",37,33.97335556,-78.82487222,0,12,2,0,1,1,0,1,4,1,0,1,0,"0000000",99,99,99,99,99,99,0,0,0,2,0
45,450194,1,1,0,1,1,1,1,55,0,4,4,2016,2,11,30,0,1,3,1,2,"US-1","",197,34.30222778,-80.54603333,0,8,0,0,1,1,0,1,1,1,0,1,0,"0000000",88,88,88,88,88,88,0,0,0,1,0
45,450195,1,1,0,0,0,1,1,45,0,4,4,2016,2,15,0,0,1,3,1,2,"US-276","",197,35.07416667,-82.63146944,0,42,0,0,1,1,0,5,1,1,0,1,0,"0000000",88,88,88,88,88,88,0,0,0,1,0
45,450196,2,2,0,0,0,3,3,3,20,1,4,2016,6,10,5,0,2,3,1,3,"SR-19","",82,33.50154444,-81.70618056,0,12,6,0,8,1,0,1,1,2,0,2,0,"0000000",99,99,99,99,99,99,0,0,0,1,0
45,450197,1,1,0,0,0,1,1,47,0,7,4,2016,5,0,11,0,2,4,1,3,"SR-39","",68,34.26697222,-82.14114444,0,35,0,0,1,1,0,4,2,10,0,10,0,"0000000",99,99,99,99,99,99,0,0,0,1,1
45,450198,1,1,0,0,0,2,2,57,0,5,4,2016,3,11,0,0,1,3,1,3,"SR-903","",91,34.67160278,-80.63143056,0,34,0,0,1,1,0,4,1,1,0,1,0,"0000000",99,99,99,99,99,99,0,0,0,2,0
45,450199,2,2,0,0,0,3,3,45,0,5,4,2016,3,18,35,1,2,3,1,2,"US-25","SR-149",276,34.84164444,-82.44436944,0,12,6,0,2,4,0,1,1,1,0,1,0,"0000000",99,99,99,99,99,99,0,0,0,2,0
45,450200,2,2,0,0,0,5,5,83,0,7,4,2016,5,16,55,0,2,3,1,2,"US-176","SR-314",304,34.92627778,-81.84560833,0,12,6,0,8,1,0,1,1,1,0,1,0,"0000000",99,99,99,99,99,99,0,0,0,2,0