"STATE","ST_CASE","VE_TOTAL","VE_FORMS","PVH_INVL","PEDS","PERNOTMVIT","PERMVIT","PERSONS","COUNTY","CITY","DAY","MONTH","YEAR","DAY_WEEK","HOUR","MINUTE","NHS","RUR_URB","FUNC_SYS","RD_OWNER","ROUTE","TWAY_ID","TWAY_ID2","MILEPT","LATITUDE","LONGITUD","SP_JUR","HARM_EV","MAN_COLL","RELJCT1","RELJCT2","TYP_INT","WRK_ZONE","REL_ROAD","LGT_COND","WEATHER1","WEATHER2","WEATHER","SCH_BUS","RAIL","NOT_HOUR","NOT_MIN","ARR_HOUR","ARR_MIN","HOSP_HR","HOSP_MN","CF1","CF2","CF3","FATALS","DRUNK_DR"
45,450312,1,1,0,0,0,1,1,41,0,21,5,2016,7,21,0,0,1,4,1,3,"SR-541","",0,33.96685556,-79.82704722,0,34,0,0,8,1,0,4,2,10,0,10,0,"0000000",99,99,99,99,99,99,0,0,0,1,1
45,450313,2,2,0,0,0,4,4,83,0,22,5,2016,1,13,26,0,1,3,1,3,"SR-23","SR-995",6,34.97864722,-81.97924167,0,12,2,0,2,4,0,1,1,1,0,1,0,"0000000",99,99,99,99,99,99,0,0,0,1,0
45,450314,2,2,0,0,0,4,4,63,0,22,5,2016,1,15,18,0,2,4,1,3,"SR-441","",0,33.89771944,-81.07149722,0,12,2,0,1,1,0,1,1,1,0,1,0,"0000000",99,99,99,99,99,99,0,0,0,1,1
45,450315,1,1,0,0,0,1,1,83,0,22,5,2016,1,17,46,0,2,4,1,3,"SR-211","CR-WILKINS HILLS LANE",0,35.12323056,-82.06226667,0,35,0,0,3,3,0,4,1,1,0,1,0,"0000000",99,99,99,99,99,99,0,0,0,1,1
45,450316,1,1,0,0,0,1,1,51,0,23,5,2016,2,17,30,0,1,7,1,4,"CR-LEGENDS RD","",0,33.748525,-78.97385556,0,34,0,0,1,1,0,4,1,1,0,1,0,"0000000",88,88,88,88,88,88,0,0,0,1,1
45,450317,1,1,0,0,0,2,2,31,0,22,5,2016,1,17,45,0,1,5,1,3,"SR-65","SR-102",35,34.32618333,-80.10482222,0,19,0,0,3,4,0,5,1,1,0,1,0,"0000000",99,99,99,99,99,99,0,0,0,1,1
45,450318,1,1,0,0,0,1,1,31,0,23,5,2016,2,4,50,0,2,7,1,3,"SR-10","",66,34.38819722,-80.02898889,0,42,0,0,1,1,0,4,2,1,0,1,0,"0000000",99,99,99,99,99,99,0,0,0,1,0
45,450319,3,3,0,0,0,6,6,63,0,24,5,2016,3,11,12,1,2,1,1,1,"I-26","",1043,34.06174444,-81.13643056,0,12,1,0,1,1,0,1,1,1,0,1,0,"0000000",99,99,99,99,99,99,0,0,0,1,0
45,450320,1,1,0,0,0,1,1,91,0,25,5,2016,4,19,50,0,2,6,1,3,"SR-251","",12,35.01946389,-80.98918333,0,34,0,0,1,1,0,4,1,1,0,1,0,"0000000",99,99,99,99,99,99,0,0,0,1,1
45,450321,1,1,0,0,0,2,2,47,0,25,5,2016,4,2,10,0,1,3,1,2,"US-221","",29,34.04601389,-82.24765278,0,34,0,0,1,1,0,4,2,1,0,1,0,"0000000",99,99,99,99,99,99,0,0,0,1,0
45,450322,2,2,0,0,0,2,2,73,0,26,5,2016,5,11,25,0,1,4,1,3,"SR-24","SR-46",11,34.7897,-83.00233889,0,12,6,0,2,4,0,1,1,1,0,1,0,"0000000",99,99,99,99,99,99,0,0,0,1,1
45,450323,1,1,0,0,0,2,2,3,0,26,5,2016,5,5,40,1,1,1,1,1,"I-20","",294,33.72652778,-81.56171944,0,11,0,0,1,1,0,1,2,1,0,1,0,"0000000",99,99,99,99,99,99,0,0,0,1,0
45,450324,3,3,0,0,0,4,4,23,0,26,5,2016,5,16,39,0,1,3,1,3,"SR-97","",219,34.63743611,-81.13857222,0,12,8,0,1,1,0,1,1,1,0,1,0,"0000000",99,99,99,99,99,99,0,0,0,1,0
45,450325,1,1,0,0,0,2,2,27,0,26,5,2016,5,9,55,0,1,7,1,3,"SR-34","",30,33.85886944,-80.00919722,0,42,0,0,1,1,0,4,1,1,0,1,0,"0000000",99,99,99,99,99,99,0,0,0,1,0
45,450326,1,1,0,0,0,1,1,41,0,26,5,2016,5,18,25,1,1,3,1,2,"US-378","",0,33.90705556,-79.71189722,0,1,0,0,1,1,0,4,1,1,0,1,0,"0000000",99,99,99,99,99,99,0,0,0,1,1
45,450327,1,1,0,0,0,1,1,39,0,26,5,2016,5,21,0,0,1,4,1,3,"SR-62","",0,34.31675556,-81.12334444,0,1,0,0,1,1,0,5,2,1,0,1,0,"0000000",99,99,99,99,99,99,0,0,0,1,0
45,450328,2,2,0,0,0,3,3,55,0,27,5,2016,6,15,44,0,1,4,1,3,"SR-993","",0,34.17628056,-80.70600278,0,12,6,0,8,1,0,1,1,1,0,1,0,"0000000",99,99,99,99,99,99,0,0,0,1,0
45,450329,2,2,0,0,0,2,2,7,0,27,5,2016,6,23,38,0,2,3,1,2,"US-76","",0,34.563125,-82.703325,0,12,6,0,1,1,0,1,2,1,0,1,0,"0000000",99,99,99,99,99,99,0,0,0,1,1
45,450330,2,2,0,0,0,2,2,89,0,28,5,2016,7,1,20,1,1,3,1,2,"US-52","",214,33.7313,-79.80773333,0,12,1,0,8,1,0,1,2,1,0,1,0,"0000000",99,99,99,99,99,99,0,0,0,1,0
45,450331,4,4,0,0,0,4,4,31,0,29,5,2016,1,15,20,0,2,4,1,3,"SR-179","",82,34.25066944,-79.76573056,0,1,0,0,1,1,0,1,1,2,0,2,0,"0000000",88,88,88,88,88,88,0,0,0,1,1
45,450332,1,1,0,0,0,1,1,79,520,29,5,2016,1,3,28,0,2,3,1,2,"US-1","",48,34.03840278,-81.00217778,0,33,0,0,1,1,0,4,3,2,0,2,0,"0000000",88,88,88,88,88,88,20,0,0,1,1
45,450333,1,1,0,0,0,1,1,35,0,29,5,2016,1,23,6,0,2,3,1,3,"SR-35","",48,32.99619444,-80.23813056,0,34,0,0,1,1,0,4,2,10,0,10,0,"0000000",88,88,88,88,88,88,0,0,0,1,1
45,450334,1,1,0,0,0,1,1,19,1805,28,5,2016,7,14,53,0,2,7,2,3,"SR-1417","",0,32.88501389,-80.07177222,0,30,0,0,1,1,0,4,1,2,0,2,0,"0000000",99,99,99,99,99,99,0,0,0,1,0
45,450335,2,2,0,0,0,2,2,63,0,31,5,2016,3,17,20,0,2,4,1,3,"SR-602","",56,33.945275,-81.14084167,0,12,2,0,1,1,0,1,1,1,0,1,0,"0000000",99,99,99,99,99,99,0,0,0,1,0
45,450336,3,3,0,0,0,4,4,19,1805,10,5,2016,3,6,4,0,2,3,1,2,"US-78","",0,32.98572222,-80.09422222,0,12,1,0,8,1,0,1,4,1,0,1,0,"0000000",99,99,99,99,99,99,0,0,0,1,0
45,450337,1,1,0,0,0,2,2,19,410,23,5,2016,2,19,13,1,2,3,1,3,"SR-171","",29,32.70333889,-79.96594167,0,18,0,0,1,1,0,4,1,1,0,1,0,"0000000",99,99,99,99,99,99,0,0,0,1,0
45,450338,1,1,0,0,0,2,2,11,0,31,5,2016,3,23,0,0,1,4,1,3,"SR-14","",55,33.20361111,-81.26511944,0,1,0,0,1,1,0,4,2,2,0,2,0,"0000000",99,99,99,99,99,99,0,0,0,1,1
45,450339,1,1,0,1,1,1,1,79,0,31,5,2016,3,23,50,0,1,4,1,3,"SR-769","",69,33.88057222,-80.77665833,0,9,0,0,1,1,0,1,2,1,0,1,0,"0000000",88,88,88,88,88,88,0,0,0,1,0
45,450340,2,2,0,0,0,2,2,43,0,1,6,2016,4,12,41,0,1,7,1,3,"SR-38","SR-50",16,33.49075,-79.50093056,0,12,6,0,2,3,0,1,1,1,0,1,0,"0000000",99,99,99,99,99,99,0,0,0,1,0
45,450341,2,2,0,0,0,2,2,51,0,1,6,2016,4,22,25,0,2,7,2,4,"CR-TALLWOOD RD","",0,33.87958333,-78.7031,0,12,1,0,1,1,0,1,2,1,0,1,0,"0000000",88,88,88,88,88,88,0,0,0,1,0
45,450342,2,2,0,0,0,2,2,41,870,13,2,2016,7,3,5,1,2,3,1,2,"US-52","",214,34.13586944,-79.77148889,0,12,1,0,1,1,0,1,2,1,0,1,0,"0000000",88,88,88,88,88,88,0,0,0,1,1
45,450343,1,1,0,0,0,4,4,53,2150,1,6,2016,4,21,23,1,1,1,1,1,"I-95","",51,32.50333333,-80.97081111,0,59,0,1,5,1,0,3,2,1,0,1,0,"0000000",99,99,99,99,99,99,0,0,0,3,0
45,450344,1,1,0,0,0,1,1,7,0,2,6,2016,5,1,0,1,2,1,1,1,"I-85","",389,34.74099444,-82.48436944,0,35,0,0,1,1,0,4,2,1,0,1,0,"0000000",88,88,88,88,88,88,0,0,0,1,1
45,450345,1,1,0,0,0,3,3,45,0,3,6,2016,6,22,12,0,2,4,1,3,"SR-337","",389,34.92873889,-82.33480556,0,42,0,0,1,1,0,4,2,1,0,1,0,"0000000",99,99,99,99,99,99,0,0,0,2,1
45,450346,2,2,0,0,0,2,2,3,0,4,6,2016,7,2,58,0,1,4,1,3,"SR-39","SR-246",134,33.67831944,-81.43833333,0,12,6,0,2,2,0,1,2,1,0,1,0,"0000000",99,99,99,99,99,99,0,0,0,1,0
45,450347,1,1,0,0,0,1,1,75,0,4,6,2016,7,4,0,0,1,4,1,3,"SR-63","",67,33.32338611,-80.93109722,0,42,0,0,1,1,0,4,2,1,0,1,0,"0000000",88,88,88,88,88,88,0,0,0,1,1
45,450348,1,1,0,0,0,7,7,89,0,4,6,2016,7,15,33,0,1,7,2,4,"CR-BIG BAY RD","",0,33.58329444,-79.50158333,0,42,0,0,1,1,0,5,1,1,0,1,0,"0000000",99,99,99,99,99,99,0,0,0,1,0
45,450349,1,1,0,0,0,1,1,13,0,5,6,2016,1,22,57,0,1,4,1,2,"US-21","",5,32.38569444,-80.44055,0,42,0,0,1,1,0,4,2,1,0,1,0,"0000000",99,99,99,99,99,99,0,0,0,1,0
45,450350,1,1,0,1,1,1,1,45,0,4,6,2016,7,23,59,1,2,3,1,2,"US-25","",249,34.80624167,-82.43326111,0,8,0,0,1,1,0,1,2,1,0,1,0,"0000000",99,99,99,99,99,99,0,0,0,1,0
45,450351,1,1,0,0,0,1,1,17,0,5,6,2016,1,3,15,0,1,7,1,3,"SR-43","",30,33.652425,-80.69516944,0,34,0,0,1,1,0,4,2,1,0,1,0,"0000000",88,88,88,88,88,88,0,0,0,1,1
45,450352,1,1,0,0,0,2,2,55,0,5,6,2016,1,8,57,1,1,1,1,1,"I-20","",917,34.18993611,-80.68445278,0,1,0,1,5,1,0,4,1,10,0,10,0,"0000000",88,88,88,88,88,88,0,0,0,1,0
45,450353,2,2,0,0,0,2,2,43,0,6,6,2016,2,14,30,1,2,3,1,2,"US-17","SR-752",350,33.535975,-79.05784722,0,12,6,0,2,2,0,1,1,2,0,2,0,"0000000",99,99,99,99,99,99,0,0,0,1,0
45,450354,1,1,0,0,0,1,1,77,0,6,6,2016,2,2,50,0,2,4,1,3,"SR-135","",0,34.84366667,-82.55368889,0,34,0,0,1,1,0,4,6,2,0,2,0,"0000000",88,88,88,88,88,88,0,0,0,1,0
45,450355,2,2,0,0,0,2,2,7,0,6,6,2016,2,5,25,0,1,3,1,2,"US-76","",377,34.47961667,-82.34963889,0,11,0,0,1,1,0,1,2,1,0,1,0,"0000000",88,88,88,88,88,88,0,0,0,1,0
45,450356,2,2,0,0,0,7,7,55,0,6,6,2016,2,14,30,0,1,3,1,3,"SR-97","SR-57",67,34.41995833,-80.75716111,0,12,2,0,2,2,0,1,1,2,0,2,0,"0000000",99,99,99,99,99,99,0,0,0,1,0
45,450357,1,1,0,0,0,5,5,83,2460,8,6,2016,4,22,45,0,2,4,1,3,"SR-262","",0,34.94845833,-81.95854444,0,35,0,0,1,1,0,4,3,1,0,1,0,"0000000",99,99,99,99,99,99,0,0,0,1,0
45,450358,1,1,0,0,0,1,1,75,0,8,6,2016,4,17,50,1,1,3,1,2,"US-321","CR-CRIM RD",196,33.67210833,-81.11311389,0,1,0,0,3,3,0,4,1,1,0,1,0,"0000000",88,88,88,88,88,88,0,0,0,1,1
45,450359,3,3,0,0,0,5,5,3,20,9,6,2016,5,15,50,0,2,4,1,3,"SR-302","SR-81",97,33.49526667,-81.75051944,0,12,6,0,2,2,0,1,1,1,0,1,0,"0000000",99,99,99,99,99,99,0,0,0,1,0
45,450360,2,2,0,0,0,2,2,13,0,26,5,2016,5,18,0,1,2,3,1,2,"US-21","SR-116",241,32.45760556,-80.73354722,0,12,6,0,2,2,0,1,1,1,0,1,0,"0000000",99,99,99,99,99,99,0,0,0,1,1
45,450361,2,2,0,0,0,2,2,79,520,1,6,2016,4,17,28,1,2,1,1,1,"I-77","",85,33.97172222,-80.95438611,0,12,1,0,1,1,0,1,1,1,0,1,0,"0000000",99,99,99,99,99,99,0,0,0,1,1
45,450362,2,2,0,0,0,3,3,91,0,9,6,2016,5,19,35,1,2,1,1,1,"I-77","",788,34.94011389,-80.97223333,0,12,1,0,1,1,0,1,1,1,0,1,0,"0000000",99,99,99,99,99,99,0,0,0,1,1
45,450363,1,1,0,1,1,2,2,15,0,9,6,2016,5,21,45,0,2,4,1,3,"SR-1258","",0,33.03018333,-80.13969722,0,8,0,0,1,1,0,1,2,1,0,1,0,"0000000",99,99,99,99,99,99,0,0,0,1,0
45,450364,2,2,0,0,0,2,2,41,870,9,3,2016,4,19,3,0,2,4,1,3,"SR-29","US-76",34,34.18935278,-79.80443611,0,12,6,0,2,3,0,1,3,1,0,1,0,"0000000",99,99,99,99,99,99,0,0,0,1,1
45,450365,1,1,0,0,0,1,1,79,520,20,4,2016,4,15,6,1,2,1,1,1,"I-26","",0,34.02337778,-81.097125,0,25,0,0,1,1,0,10,1,1,0,1,0,"0000000",99,99,99,99,99,99,0,0,0,1,1
45,450366,2,2,0,0,0,2,2,19,410,19,4,2016,3,23,38,1,1,3,1,3,"SR-61","",121,32.78108889,-79.972625,0,12,2,0,1,1,0,1,2,1,0,1,0,"0000000",99,99,99,99,99,99,0,0,0,1,1
45,450367,1,1,0,0,0,1,1,19,410,7,5,2016,7,10,35,1,2,3,1,2,"US-17","",312,32.79539722,-79.94569722,0,25,0,0,1,1,0,4,1,1,0,1,0,"0000000",99,99,99,99,99,99,0,0,0,1,0
45,450368,2,2,0,1,1,2,2,13,0,13,5,2016,6,23,0,0,1,4,1,3,"SR-170","",0,32.33513611,-80.92824444,0,9,0,0,1,1,0,1,2,1,0,1,0,"0000000",88,88,88,88,88,88,0,0,0,1,0
45,450369,2,2,0,0,0,4,4,91,0,6,6,2016,2,16,59,0,1,4,1,3,"SR-161","",0,34.99787778,-81.17135833,0,12,2,0,1,1,0,1,1,1,0,1,0,"0000000",99,99,99,99,99,99,0,0,0,1,0
45,450370,2,2,0,0,0,4,4,41,0,9,6,2016,5,23,0,1,1,2,1,2,"US-52","",174,34.07770833,-79.7613,0,12,6,0,1,1,0,1,2,1,0,1,0,"0000000",99,99,99,99,99,99,0,0,0,1,0
45,450371,4,4,0,0,0,5,5,51,0,10,6,2016,6,9,50,0,2,4,1,3,"SR-707","",0,33.59581667,-79.06086944,0,12,1,0,1,1,0,1,1,1,0,1,0,"0000000",99,99,99,99,99,99,0,0,0,1,0
45,450372,1,1,0,0,0,2,2,35,0,8,5,2016,1,5,15,0,1,3,1,2,"US-17","",0,32.95238611,-80.305725,0,1,0,0,1,1,0,4,2,1,0,1,0,"0000000",88,88,88,88,88,88,0,0,0,2,0
45,450373,2,2,0,0,0,2,2,55,330,6,6,2016,2,7,5,0,2,3,1,2,"US-1","CR-SPRINGDALE DRIVE",0,34.24962778,-80.64578889,0,1,0,0,2,3,0,1,1,10,0,10,0,"0000000",99,99,99,99,99,99,0,0,0,1,0
45,450374,2,2,0,0,0,6,6,79,520,10,6,2016,6,12,31,0,2,3,1,2,"US-76","CR-GILL CREEK PKWY",0,33.98785833,-80.97566667,0,12,6,0,2,3,0,1,1,1,0,1,0,"0000000",99,99,99,99,99,99,0,0,0,1,1
45,450375,2,2,0,0,0,2,2,41,0,10,6,2016,6,19,14,0,2,4,1,3,"SR-107","CR-BUCKSHOT RD",0,34.1459,-79.85123889,0,12,6,0,2,3,0,1,1,1,0,1,0,"0000000",88,88,88,88,88,88,0,0,0,1,0
45,450376,3,3,0,0,0,3,3,77,0,11,6,2016,7,16,41,0,2,4,1,3,"SR-133","",15,34.71178889,-82.83247778,0,12,7,0,1,1,0,1,1,1,0,1,0,"0000000",88,88,88,88,88,88,0,0,0,1,0
45,450377,2,2,0,0,0,4,4,51,0,11,6,2016,7,22,15,1,2,3,1,2,"US-501","",303,33.715575,-78.92401944,0,12,1,0,1,1,0,1,2,1,0,1,0,"0000000",88,88,88,88,88,88,0,0,0,1,0
45,450378,3,3,0,0,0,6,6,57,0,11,6,2016,7,1,0,0,2,3,1,2,"US-521","",371,34.92464444,-80.82277222,0,12,2,0,1,1,0,1,2,1,0,1,0,"0000000",99,99,99,99,99,99,0,0,0,1,0
45,450379,2,2,0,0,0,1,1,57,0,11,6,2016,7,1,0,0,1,3,1,2,"US-521","",371,34.92468056,-80.82298611,0,12,6,0,1,1,0,1,6,1,0,1,0,"0000000",88,88,88,88,88,88,23,0,0,1,1
45,450380,2,2,0,0,0,2,2,57,0,13,6,2016,2,18,20,0,2,4,1,3,"SR-528","CR-GREENWAY DRIVE",0,34.66768056,-80.77659167,0,12,6,0,4,1,0,1,1,1,0,1,0,"0000000",99,99,99,99,99,99,0,0,0,1,0
45,450381,2,2,0,0,0,2,2,45,0,13,6,2016,2,10,0,0,1,4,1,3,"SR-247","",0,34.6023,-82.39424722,0,12,2,0,1,1,0,1,1,1,0,1,0,"0000000",88,88,88,88,88,88,0,0,0,1,0
45,450382,2,2,0,0,0,2,2,45,1040,13,6,2016,2,6,21,1,2,1,1,1,"I-85","",481,34.81348333,-82.336725,0,12,7,0,1,1,0,1,1,1,0,1,0,"0000000",99,99,99,99,99,99,0,0,0,1,0
45,450383,1,1,0,0,0,1,1,63,0,18,6,2016,7,3,10,0,1,4,1,3,"SR-302","",0,33.73918889,-81.26190833,0,38,0,0,1,1,0,5,2,1,0,1,0,"0000000",88,88,88,88,88,88,0,0,0,1,1
45,450384,2,2,0,0,0,3,3,53,1080,12,6,2016,1,11,15,1,2,1,1,1,"I-95","",81,32.31234444,-81.05959722,0,12,1,0,1,1,0,1,1,1,0,1,0,"0000000",99,99,99,99,99,99,0,0,0,1,0
45,450385,2,2,0,0,0,2,2,53,1080,16,6,2016,5,17,30,0,2,4,1,3,"SR-442","SR-162",0,32.33483611,-80.93525,0,12,6,0,2,2,0,1,1,1,0,1,0,"0000000",88,88,88,88,88,88,0,0,0,1,0
45,450386,1,1,0,0,0,1,1,63,0,18,6,2016,7,20,15,0,2,4,1,3,"SR-233","",0,34.10684722,-81.32776111,0,34,0,0,1,1,0,4,1,1,0,1,0,"0000000",88,88,88,88,88,88,0,0,0,1,1
45,450387,1,1,0,0,0,1,1,25,0,18,6,2016,7,22,0,0,1,3,1,2,"US-1","",0,34.56095,-80.06316111,0,34,0,0,1,1,0,4,6,1,0,1,0,"0000000",88,88,88,88,88,88,0,0,0,1,1
45,450388,1,1,0,0,0,1,1,51,0,19,6,2016,1,2,26,0,2,7,2,4,"CR-MAIDEN LANE","CR-DUCHESS CT",0,33.64776111,-79.01836111,0,42,0,0,3,3,0,4,3,1,0,1,0,"0000000",99,99,99,99,99,99,0,0,0,1,0
45,450389,2,2,0,0,0,4,4,47,0,21,6,2016,3,16,0,1,2,3,1,2,"US-25","SR-236",199,34.20247778,-82.1349,0,12,6,0,2,4,0,1,1,1,0,1,0,"0000000",99,99,99,99,99,99,0,0,0,1,0
45,450390,3,3,0,0,0,4,4,39,0,21,6,2016,3,13,4,0,1,3,1,2,"US-321","SR-254",1,34.23230556,-81.07190278,0,12,7,0,2,3,0,1,1,1,0,1,0,"0000000",99,99,99,99,99,99,0,0,0,1,0
45,450391,2,2,0,0,0,2,2,9,0,21,6,2016,3,7,30,0,1,4,1,3,"SR-12","SR-32",2,33.26439444,-81.103675,0,12,6,0,2,2,0,1,1,1,0,1,0,"0000000",99,99,99,99,99,99,0,0,0,1,0
45,450392,2,2,0,0,0,2,2,91,0,22,6,2016,4,10,56,1,1,1,1,1,"I-77","",726,34.85322778,-81.01173889,0,12,1,0,1,1,0,1,1,1,0,1,0,"0000000",99,99,99,99,99,99,0,0,0,1,1
45,450393,2,2,0,0,0,2,2,79,520,17,3,2016,5,2,5,0,2,4,1,3,"SR-268","",0,34.10393056,-80.80571667,0,12,6,0,1,1,0,1,2,1,0,1,0,"0000000",99,99,99,99,99,99,0,0,0,1,0
45,450394,2,2,0,0,0,3,3,41,0,20,3,2016,1,7,58,0,2,4,1,3,"SR-107","SR-1719",1,34.13940833,-79.78904444,0,12,2,0,2,3,0,1,1,1,0,1,0,"0000000",99,99,99,99,99,99,0,0,0,1,0
45,450395,2,2,0,0,0,6,6,15,0,10,4,2016,1,19,35,0,1,3,1,3,"SR-41","SR-99",67,33.01246944,-79.811775,0,12,6,0,2,2,0,1,3,1,0,1,0,"0000000",99,99,99,99,99,99,0,0,0,1,0
45,450396,1,1,0,0,0,1,1,7,0,5,5,2016,5,1,45,0,1,3,1,3,"SR-81","",92,34.38376667,-82.693875,0,33,0,0,1,1,0,4,2,1,0,1,0,"0000000",88,88,88,88,88,88,20,0,0,1,1
45,450397,2,2,0,0,0,4,4,17,0,7,5,2016,7,17,38,1,1,1,1,1,"I-26","",1341,33.69921389,-80.91455278,0,12,1,0,1,1,0,1,1,1,0,1,0,"0000000",99,99,99,99,99,99,0,0,0,1,0
45,450398,3,3,0,0,0,3,3,15,0,23,5,2016,2,5,55,1,1,1,1,1,"I-26","",1873,33.12851667,-80.29193333,0,12,1,0,1,1,0,1,4,1,0,1,0,"0000000",99,99,99,99,99,99,0,0,0,1,0
45,450399,1,1,0,1,1,1,1,17,0,24,5,2016,3,0,1,0,1,7,1,3,"SR-424","",0,33.84609722,-81.02588056,0,8,0,0,1,1,0,1,2,1,0,1,0,"0000000",88,88,88,88,88,88,0,0,0,1,0
45,450400,2,2,0,0,0,2,2,83,0,27,5,2016,6,14,20,0,2,4,2,3,"SR-296","CR-YANK DRIVE",0,34.86376944,-82.11935278,0,1,0,0,2,3,0,1,1,1,0,1,0,"0000000",88,88,88,88,88,88,0,0,0,1,0
45,450401,2,2,0,0,0,2,2,63,0,15,6,2016,4,9,40,1,1,1,1,1,"I-20","",387,33.82553611,-81.44046389,0,12,6,0,1,1,0,1,1,1,0,1,0,"0000000",99,99,99,99,99,99,0,0,0,1,0
45,450402,1,1,0,1,1,1,1,51,1730,16,6,2016,5,20,32,1,2,2,1,2,"US-17","",0,33.70531111,-78.92506667,0,8,0,0,1,1,0,1,5,1,0,1,0,"0000000",88,88,88,88,88,88,0,0,0,1,0
45,450403,1,1,0,0,0,3,3,41,0,18,6,2016,7,7,10,0,1,7,1,3,"SR-485","",12,33.89334167,-79.85720278,0,34,0,0,1,1,0,4,1,1,0,1,0,"0000000",88,88,88,88,88,88,0,0,0,1,1
45,450404,1,1,0,2,2,2,2,29,0,18,6,2016,7,21,50,0,1,3,1,2,"US-15","",0,32.96715278,-80.64128333,0,8,0,0,1,1,0,1,2,1,0,1,0,"0000000",99,99,99,99,99,99,0,0,0,2,0
45,450405,1,1,0,0,0,1,1,91,0,20,6,2016,2,19,0,0,1,4,1,3,"SR-324","",0,34.95876111,-81.20769444,0,42,0,0,1,1,0,5,1,1,0,1,0,"0000000",88,88,88,88,88,88,0,0,0,1,1
45,450406,1,1,0,1,1,1,1,19,1805,22,6,2016,4,12,54,1,2,3,1,3,"SR-7","SR-2011",59,32.854775,-79.97724444,0,8,0,0,2,4,0,1,1,1,0,1,0,"0000000",99,99,99,99,99,99,0,0,0,1,0
45,450407,2,2,0,0,0,3,3,63,1430,22,6,2016,4,15,11,0,2,3,1,2,"US-1","SR-12",286,33.983675,-81.09551111,0,12,2,0,2,4,0,1,1,1,0,1,0,"0000000",88,88,88,88,88,88,0,0,0,1,1
45,450408,1,1,0,0,0,1,1,27,0,23,6,2016,5,4,24,1,1,1,1,1,"I-95","",1018,33.55069167,-80.40736389,0,1,0,0,1,1,0,3,2,1,0,1,0,"0000000",88,88,88,88,88,88,0,0,0,1,0
45,450409,1,1,0,0,0,1,1,83,0,24,6,2016,6,17,59,0,1,7,1,3,"SR-754","",0,35.03431667,-81.87893333,0,1,0,0,1,1,0,5,1,1,0,1,0,"0000000",99,99,99,99,99,99,0,0,0,1,0
45,450410,1,1,0,0,0,1,1,59,0,24,6,2016,6,10,0,1,1,2,1,2,"US-25","",14,34.40981667,-82.22704722,0,24,0,0,1,1,0,4,1,1,0,1,0,"0000000",88,88,88,88,88,88,0,0,0,1,1
45,450411,1,1,0,0,0,1,1,7,0,24,6,2016,6,13,50,0,1,4,1,3,"SR-71","",0,34.56566944,-82.79129167,0,42,0,0,1,1,0,4,1,1,0,1,0,"0000000",99,99,99,99,99,99,0,0,0,1,0
45,450412,2,2,0,0,0,2,2,51,0,25,6,2016,7,12,10,0,1,3,1,2,"US-17","CR-SEABREEZE DRIVE",0,33.59416944,-79.00110833,0,12,6,0,2,3,0,1,1,1,0,1,0,"0000000",99,99,99,99,99,99,0,0,0,1,0
45,450413,1,1,0,0,0,3,3,65,0,25,6,2016,7,2,43,0,1,7,1,3,"SR-160","",3,33.91121389,-82.31516944,0,42,0,0,1,1,0,5,3,1,0,1,0,"0000000",99,99,99,99,99,99,0,0,0,1,1
45,450414,1,1,0,0,0,2,2,51,0,25,6,2016,7,3,26,1,1,2,1,3,"SR-22","",186,33.88402222,-78.84574444,0,35,0,0,1,1,0,4,6,1,0,1,0,"0000000",99,99,99,99,99,99,0,0,0,1,1
45,450415,1,1,0,1,1,1,1,75,0,26,6,2016,1,2,15,0,1,4,1,2,"US-176","",28,33.43582222,-80.60815833,0,8,0,0,1,1,0,1,2,1,0,1,0,"0000000",88,88,88,88,88,88,0,0,0,1,0
45,450416,1,1,0,1,1,2,2,15,0,26,6,2016,1,3,34,0,1,3,1,2,"US-17","",0,33.28585278,-79.70521667,0,8,0,0,1,1,0,1,6,1,0,1,0,"0000000",88,88,88,88,88,88,0,0,0,1,0
45,450417,1,1,0,6,6,1,1,49,0,26,6,2016,1,1,10,0,1,4,1,3,"SR-363","",0,32.87724444,-81.04013056,0,8,0,0,1,1,0,1,2,1,0,1,0,"0000000",99,99,99,99,99,99,0,0,0,1,0
45,450418,1,1,0,0,0,1,1,15,0,28,6,2016,3,7,10,0,1,4,1,3,"SR-311","",0,33.28080833,-80.21956111,0,42,0,0,1,1,0,4,1,1,0,1,0,"0000000",88,88,88,88,88,88,0,0,0,1,1
45,450419,1,1,0,1,1,1,1,51,0,29,6,2016,4,21,25,0,1,7,2,4,"CR-CAROLINA FOREST","CR-FARMERS REST DRIVE",0,33.75486944,-78.875225,0,8,0,0,1,1,0,1,2,1,0,1,0,"0000000",99,99,99,99,99,99,0,0,0,1,0
45,450420,1,1,0,0,0,1,1,63,0,29,6,2016,4,23,50,0,1,5,1,3,"SR-73","",36,33.80503056,-81.19302778,0,32,0,0,1,1,0,4,2,1,0,1,0,"0000000",99,99,99,99,99,99,0,0,0,1,1
45,450421,2,2,0,0,0,2,2,59,0,30,6,2016,5,15,45,0,1,4,1,3,"SR-14","",113,34.62954444,-82.13217778,0,12,6,0,8,1,0,1,1,1,0,1,0,"0000000",99,99,99,99,99,99,0,0,0,1,0
45,450422,1,1,0,1,1,1,1,13,0,20,6,2016,2,20,5,0,1,4,1,3,"SR-763","",0,32.63487778,-80.75569722,0,8,0,0,1,1,0,1,1,1,0,1,0,"0000000",88,88,88,88,88,88,0,0,0,1,0
45,450423,1,1,0,1,1,1,1,19,1805,16,6,2016,5,0,53,0,2,4,1,3,"SR-32","CR-GRAYSON STREET",0,32.85676111,-79.96961667,0,8,0,0,1,1,0,1,3,1,0,1,0,"0000000",88,88,88,88,88,88,0,0,0,1,0