"STATE","ST_CASE","VE_TOTAL","VE_FORMS","PVH_INVL","PEDS","PERNOTMVIT","PERMVIT","PERSONS","COUNTY","CITY","DAY","MONTH","YEAR","DAY_WEEK","HOUR","MINUTE","NHS","RUR_URB","FUNC_SYS","RD_OWNER","ROUTE","TWAY_ID","TWAY_ID2","MILEPT","LATITUDE","LONGITUD","SP_JUR","HARM_EV","MAN_COLL","RELJCT1","RELJCT2","TYP_INT","WRK_ZONE","REL_ROAD","LGT_COND","WEATHER1","WEATHER2","WEATHER","SCH_BUS","RAIL","NOT_HOUR","NOT_MIN","ARR_HOUR","ARR_MIN","HOSP_HR","HOSP_MN","CF1","CF2","CF3","FATALS","DRUNK_DR"
45,450759,1,1,0,0,0,1,1,43,0,30,10,2016,1,22,55,0,1,4,1,3,"SR-4","",136,33.5983,-79.33251111,0,34,0,0,1,1,0,4,2,1,0,1,0,"0000000",88,88,88,88,88,88,0,0,0,1,0
45,450760,1,1,0,0,0,1,1,7,0,30,10,2016,1,23,6,0,2,3,1,3,"SR-28","",104,34.45423889,-82.62393889,0,42,0,0,1,1,0,5,2,1,0,1,0,"0000000",88,88,88,88,88,88,0,0,0,1,0
45,450761,1,1,0,0,0,1,1,3,0,31,10,2016,2,5,30,1,1,1,1,1,"I-20","",0,33.76386111,-81.51116944,0,1,0,0,1,1,0,3,2,1,0,1,0,"0000000",88,88,88,88,88,88,0,0,0,1,0
45,450762,1,1,0,1,1,1,1,35,2530,20,10,2016,5,20,15,0,1,4,1,3,"SR-199","CR-TIMBER LANE",22,32.96393056,-80.16608056,0,8,0,0,8,1,0,1,6,1,0,1,0,"0000000",88,88,88,88,88,88,0,0,0,1,0
45,450763,1,1,0,1,1,1,1,13,1145,1,11,2016,3,14,30,0,2,3,2,2,"US-278","",0,32.18115,-80.72313889,0,9,0,0,1,1,0,1,1,10,0,10,0,"0000000",99,99,99,99,99,99,0,0,0,1,0
45,450764,1,1,0,0,0,1,1,91,0,1,11,2016,3,16,25,0,1,4,1,3,"SR-101","",27,34.86356944,-81.12978056,0,34,0,0,1,1,0,4,1,1,0,1,0,"0000000",88,88,88,88,88,88,0,0,0,1,1
45,450765,1,1,0,0,0,1,1,75,0,2,11,2016,4,17,30,0,1,4,1,2,"US-176","",212,33.29093889,-80.36685,0,42,0,0,1,1,0,5,1,1,0,1,0,"0000000",88,88,88,88,88,88,0,0,0,1,1
45,450766,2,2,0,0,0,2,2,45,0,2,11,2016,4,15,2,0,2,4,1,3,"SR-21","",30,34.89591944,-82.36685,0,12,6,0,8,1,0,1,1,1,0,1,0,"0000000",88,88,88,88,88,88,0,0,0,1,0
45,450767,1,1,0,0,0,1,1,35,0,2,11,2016,4,11,48,0,1,3,1,2,"US-17","",0,32.94821111,-80.3134,0,34,0,0,1,1,0,4,1,1,0,1,0,"0000000",88,88,88,88,88,88,0,0,0,1,0
45,450768,2,2,0,0,0,4,4,91,0,3,11,2016,5,19,52,0,1,4,1,3,"SR-31","",33,34.92006111,-80.91758056,0,7,0,0,1,1,0,1,2,1,0,1,0,"0000000",99,99,99,99,99,99,0,0,0,1,0
45,450769,1,1,0,0,0,1,1,89,0,4,11,2016,6,0,50,1,1,3,1,2,"US-521","",32,33.50867778,-79.63078889,0,34,0,0,1,1,0,4,6,1,0,1,0,"0000000",88,88,88,88,88,88,0,0,0,1,1
45,450770,1,1,0,0,0,1,1,37,0,4,11,2016,6,11,45,0,1,4,1,3,"SR-140","",0,33.95261111,-81.96773056,0,23,0,0,1,1,0,4,1,1,0,1,0,"0000000",88,88,88,88,88,88,0,0,0,1,0
45,450771,2,2,0,0,0,6,6,75,1870,4,11,2016,6,22,42,0,2,3,1,2,"US-601","SR-78",0,33.47555556,-80.85255278,0,12,6,0,2,3,0,1,3,1,0,1,0,"0000000",99,99,99,99,99,99,20,0,0,1,1
45,450772,2,2,0,0,0,2,2,15,0,5,11,2016,7,6,10,0,1,4,1,2,"US-176","",110,33.17405,-80.20758056,0,12,1,0,8,1,0,1,4,1,0,1,0,"0000000",99,99,99,99,99,99,0,0,0,1,0
45,450773,1,1,0,0,0,1,1,3,0,5,11,2016,7,18,4,0,2,5,1,3,"SR-67","",27,33.52088889,-81.8921,0,1,0,0,1,1,0,4,1,1,0,1,0,"0000000",99,99,99,99,99,99,0,0,0,1,1
45,450774,2,2,0,0,0,3,3,7,0,5,11,2016,7,6,30,1,1,1,1,1,"I-85","",352,34.73548611,-82.48704722,0,12,1,0,1,1,0,1,2,1,0,1,0,"0000000",88,88,88,88,88,88,0,0,0,1,1
45,450775,1,1,0,0,0,4,4,19,410,6,11,2016,1,5,40,0,2,4,1,3,"SR-7","CR-DURHAM PLACE",0,32.82719444,-79.99019444,0,42,0,0,3,4,0,4,3,1,0,1,0,"0000000",99,99,99,99,99,99,0,0,0,2,0
45,450776,1,1,0,1,1,1,1,11,0,10,9,2016,7,23,55,0,2,4,1,3,"SR-64","",41,33.24046111,-81.40131111,0,9,0,0,1,1,0,1,2,1,0,1,0,"0000000",99,99,99,99,99,99,0,0,0,1,1
45,450777,1,1,0,1,1,2,2,79,520,20,10,2016,5,5,15,0,2,4,1,3,"SR-555","SR-1605",41,34.05868889,-80.99788889,0,33,0,0,3,3,0,4,3,1,0,1,0,"0000000",99,99,99,99,99,99,0,0,0,1,1
45,450778,2,1,1,0,0,1,1,19,410,6,11,2016,1,23,18,1,2,3,1,2,"US-17","",273,32.78411111,-79.99802778,0,42,0,0,1,1,0,4,3,1,0,1,0,"0000000",88,88,88,88,88,88,0,0,0,1,1
45,450779,1,1,0,1,1,2,2,59,1010,6,11,2016,1,0,45,0,1,4,1,3,"SR-14","",98,34.61041944,-82.11573056,0,8,0,0,1,1,0,1,2,1,0,1,0,"0000000",88,88,88,88,88,88,0,0,0,1,0
45,450780,2,2,0,0,0,3,3,41,0,6,11,2016,1,20,10,0,1,4,1,3,"SR-107","CR-DARDEN DRIVE",0,34.14854444,-79.84111389,0,12,6,0,2,3,0,1,2,1,0,1,0,"0000000",99,99,99,99,99,99,0,0,0,1,0
45,450781,1,1,0,0,0,1,1,15,0,7,11,2016,2,23,15,0,1,4,1,2,"US-176","",145,33.14248056,-80.16093889,0,43,0,0,1,1,0,5,6,1,0,1,0,"0000000",99,99,99,99,99,99,0,0,0,1,0
45,450782,1,1,0,2,2,1,1,59,0,7,11,2016,2,19,30,1,1,2,1,2,"US-221","",3,34.28038056,-82.05818056,0,8,0,0,1,1,0,1,3,1,0,1,0,"0000000",99,99,99,99,99,99,0,0,0,1,0
45,450783,1,1,0,0,0,1,1,39,0,7,11,2016,2,14,40,0,1,4,1,3,"SR-901","",6,34.52051111,-81.0183,0,35,0,0,1,1,0,4,1,1,0,1,0,"0000000",88,88,88,88,88,88,0,0,0,1,1
45,450784,1,1,0,0,0,1,1,1,0,7,11,2016,2,11,5,0,1,7,1,3,"SR-75","",22,34.21858056,-82.33753056,0,32,0,0,1,1,0,4,1,1,0,1,0,"0000000",88,88,88,88,88,88,0,0,0,1,0
45,450785,1,1,0,0,0,1,1,75,0,7,11,2016,2,14,42,1,1,1,1,1,"I-26","",1685,33.31851111,-80.54765,0,21,0,0,1,1,0,3,1,1,0,1,0,"0000000",99,99,99,99,99,99,0,0,0,1,0
45,450786,1,1,0,0,0,2,2,51,0,8,11,2016,3,1,48,0,1,4,1,3,"SR-165","",0,33.87038056,-79.0858,0,34,0,0,1,1,0,4,2,1,0,1,0,"0000000",99,99,99,99,99,99,0,0,0,1,1
45,450787,2,2,0,0,0,2,2,69,0,8,11,2016,3,14,25,0,1,5,1,3,"SR-17","",45,34.674075,-79.61725833,0,12,2,0,1,1,0,1,1,1,0,1,0,"0000000",99,99,99,99,99,99,0,0,0,1,0
45,450788,1,1,0,0,0,1,1,79,0,8,11,2016,3,17,0,1,1,2,1,2,"US-76","",377,33.94241111,-80.77893056,0,42,0,0,1,1,0,4,1,1,0,1,0,"0000000",99,99,99,99,99,99,0,0,0,1,1
45,450789,3,3,0,0,0,3,3,41,0,8,11,2016,3,18,24,0,1,3,1,2,"US-76","SR-53",12,34.08524167,-80.02770833,0,12,6,0,2,2,0,1,2,1,0,1,0,"0000000",88,88,88,88,88,88,0,0,0,1,0
45,450790,1,1,0,1,1,1,1,63,0,8,11,2016,3,21,35,0,1,3,1,2,"US-178","",0,33.78588056,-81.41208889,0,8,0,0,1,1,0,1,2,1,0,1,0,"0000000",88,88,88,88,88,88,0,0,0,1,0
45,450791,3,3,0,0,0,4,4,83,0,10,11,2016,5,15,7,1,2,1,1,1,"I-26","",189,34.96423056,-82.00528056,0,26,0,0,1,1,0,3,1,1,0,1,0,"0000000",99,99,99,99,99,99,0,0,0,1,1
45,450792,2,2,0,0,0,2,2,47,1050,10,11,2016,5,18,23,0,2,3,1,3,"SR-72","",41,34.21051944,-82.17981111,0,12,1,0,1,1,0,1,3,1,0,1,0,"0000000",99,99,99,99,99,99,0,0,0,1,0
45,450793,2,2,0,0,0,2,2,29,0,10,11,2016,5,16,20,0,1,4,1,2,"US-17","SR-136",0,32.94326111,-80.49016111,0,12,1,0,2,3,0,1,1,1,0,1,0,"0000000",99,99,99,99,99,99,0,0,0,1,0
45,450794,2,2,0,0,0,4,4,21,0,12,11,2016,7,7,6,0,1,4,1,3,"SR-5","",0,35.10908889,-81.47336111,0,12,2,0,1,1,0,1,1,1,0,1,0,"0000000",99,99,99,99,99,99,0,0,0,1,0
45,450795,2,2,0,0,0,2,2,75,0,12,11,2016,7,12,50,0,1,3,1,3,"SR-70","SR-1343",69,33.42598889,-80.98943889,0,12,6,0,2,2,0,1,1,1,0,1,0,"0000000",99,99,99,99,99,99,0,0,0,1,0
45,450796,1,1,0,0,0,1,1,83,0,12,11,2016,7,15,54,0,1,4,1,3,"SR-40","",0,35.01078333,-82.07480833,0,53,0,0,1,1,0,4,1,1,0,1,0,"0000000",99,99,99,99,99,99,0,0,0,1,0
45,450797,1,1,0,0,0,1,1,39,0,12,11,2016,7,15,55,0,1,5,1,3,"SR-63","",21,34.27576111,-81.10985,0,35,0,0,1,1,0,4,1,1,0,1,0,"0000000",88,88,88,88,88,88,0,0,0,1,1
45,450798,2,2,0,0,0,3,3,3,0,12,11,2016,7,16,55,0,2,7,1,3,"SR-1253","SR-175",1,33.57303056,-81.72616944,0,12,6,0,2,2,0,1,3,1,0,1,0,"0000000",99,99,99,99,99,99,0,0,0,1,0
45,450799,1,1,0,0,0,3,3,3,0,12,11,2016,7,22,10,0,1,4,1,3,"SR-737","",0,33.41473056,-81.69733889,0,53,0,0,1,1,0,5,3,1,0,1,0,"0000000",99,99,99,99,99,99,0,0,0,1,1
45,450800,1,1,0,0,0,1,1,79,0,13,11,2016,1,5,0,1,2,1,1,1,"I-26","",979,34.12443056,-81.20126111,0,42,0,0,1,1,0,3,2,2,0,2,0,"0000000",88,88,88,88,88,88,0,0,0,1,1
45,450801,1,1,0,0,0,1,1,87,0,13,11,2016,1,16,30,0,1,4,1,3,"SR-4","",23,34.77838889,-81.60806111,0,42,0,0,1,1,0,4,1,1,0,1,0,"0000000",88,88,88,88,88,88,0,0,0,1,0
45,450802,1,1,0,0,0,1,1,83,0,13,11,2016,1,16,42,0,1,4,1,3,"SR-43","",0,35.06153056,-81.98291944,0,11,0,0,1,1,0,1,1,1,0,1,0,"0000000",99,99,99,99,99,99,0,0,0,1,0
45,450803,2,2,0,0,0,4,4,7,0,14,11,2016,2,19,0,0,1,7,2,4,"CR-BLACKMON RD","SR-161",0,34.59691111,-82.73216944,0,12,6,0,2,2,0,1,2,1,0,1,0,"0000000",99,99,99,99,99,99,0,0,0,1,0
45,450804,3,3,0,0,0,3,3,47,0,15,11,2016,3,20,5,1,1,2,1,2,"US-221","",231,34.26331944,-82.08441111,0,12,1,0,1,1,0,1,2,1,0,1,0,"0000000",99,99,99,99,99,99,0,0,0,1,0
45,450805,1,1,0,0,0,4,4,15,0,12,11,2016,7,1,40,0,1,4,1,3,"SR-351","",0,33.36913889,-79.91701944,0,34,0,0,1,1,0,4,2,1,0,1,0,"0000000",99,99,99,99,99,99,0,0,0,1,0
45,450806,1,1,0,1,1,1,1,45,0,17,11,2016,5,0,50,0,1,4,1,3,"SR-291","DR-E GNATT STREET",0,34.77338056,-82.38338889,0,15,0,0,1,1,0,1,2,1,0,1,0,"0000000",88,88,88,88,88,88,0,0,0,1,0
45,450807,1,1,0,0,0,1,1,29,0,17,11,2016,5,20,38,0,1,4,1,3,"SR-303","",0,32.81766389,-80.63928611,0,42,0,0,1,1,0,4,2,5,0,5,0,"0000000",88,88,88,88,88,88,0,0,0,1,1
45,450808,1,1,0,1,1,4,4,75,0,18,11,2016,6,18,15,0,1,4,1,4,"CR-LAQUINTA DRIVE","",0,33.47605833,-80.81450833,0,8,0,0,8,1,0,1,2,1,0,1,0,"0000000",99,99,99,99,99,99,0,0,0,1,0
45,450809,2,2,0,1,1,2,2,63,0,18,11,2016,6,20,4,1,1,1,1,1,"I-26","",912,34.17463889,-81.31675,0,8,0,0,1,1,0,1,2,1,0,1,0,"0000000",88,88,88,88,88,88,0,0,0,1,0
45,450810,1,1,0,0,0,1,1,79,0,19,11,2016,7,4,40,0,2,4,1,3,"SR-222","",33,33.94983889,-80.9015,0,42,0,0,1,1,0,5,2,1,0,1,0,"0000000",99,99,99,99,99,99,0,0,0,1,1
45,450811,2,2,0,0,0,2,2,7,0,19,11,2016,7,9,45,0,2,3,1,2,"US-29","SR-355",135,34.48803056,-82.65713056,0,12,6,0,2,2,0,1,1,1,0,1,0,"0000000",88,88,88,88,88,88,0,0,0,1,0
45,450812,1,1,0,0,0,3,3,79,0,19,11,2016,7,20,18,0,2,6,1,3,"SR-1281","",25,34.09701944,-81.07883889,0,42,0,0,1,1,0,4,1,1,0,1,0,"0000000",99,99,99,99,99,99,0,0,0,1,1
45,450813,1,1,0,0,0,1,1,55,0,20,11,2016,1,0,45,0,1,4,1,3,"SR-5","",0,34.31258056,-80.76056111,0,34,0,0,1,1,0,4,2,1,0,1,0,"0000000",88,88,88,88,88,88,0,0,0,1,1
45,450814,2,2,0,0,0,3,3,45,0,20,11,2016,1,3,40,0,1,3,1,2,"US-25","",0,34.75468611,-82.39213056,0,12,2,0,1,1,0,3,6,1,0,1,0,"0000000",99,99,99,99,99,99,0,0,0,1,1
45,450815,2,2,0,0,0,5,5,53,0,20,11,2016,1,3,59,0,1,3,1,2,"US-17","",0,32.10563889,-81.0854,0,12,2,0,1,1,0,1,2,1,0,1,0,"0000000",99,99,99,99,99,99,0,0,0,1,2
45,450816,13,3,10,0,0,3,3,45,0,16,11,2016,4,16,38,0,1,3,1,2,"US-25","",0,34.83931944,-82.44463056,0,12,6,0,1,1,0,1,1,1,0,1,0,"0000000",99,99,99,99,99,99,14,0,0,1,0
45,450817,1,1,0,1,1,1,1,13,0,21,11,2016,2,6,30,0,1,3,1,2,"US-278","",0,32.24968056,-80.8372,0,9,0,0,1,1,0,4,4,1,0,1,0,"0000000",99,99,99,99,99,99,0,0,0,1,0
45,450818,1,1,0,0,0,2,2,77,0,22,11,2016,3,23,50,0,1,4,1,3,"SR-133","",0,34.73833889,-82.83023889,0,32,0,0,1,1,0,5,2,1,0,1,0,"0000000",99,99,99,99,99,99,0,0,0,1,0
45,450819,1,1,0,1,1,1,1,45,0,22,11,2016,3,18,40,0,1,3,1,2,"US-25","",0,34.80748889,-82.43458056,0,8,0,0,1,1,0,1,6,1,0,1,0,"0000000",88,88,88,88,88,88,0,0,0,1,0
45,450820,2,2,0,0,0,3,3,83,2460,23,11,2016,4,9,40,0,2,3,1,2,"US-176","SR-126",0,34.96788056,-81.93366111,0,12,6,0,2,2,0,1,1,1,0,1,0,"0000000",99,99,99,99,99,99,0,0,0,1,0
45,450821,1,1,0,1,1,1,1,75,0,23,11,2016,4,18,0,0,1,4,1,3,"SR-210","",0,33.33266111,-80.70856111,0,8,0,0,1,1,0,1,2,1,0,1,0,"0000000",99,99,99,99,99,99,0,0,0,1,1
45,450822,2,2,0,0,0,2,2,13,0,23,11,2016,4,19,12,0,1,4,1,3,"SR-116","SR-86",14,32.45353056,-80.76643056,0,12,6,0,2,3,0,1,2,1,0,1,0,"0000000",88,88,88,88,88,88,0,0,0,1,0
45,450823,1,1,0,0,0,3,3,23,0,23,11,2016,4,20,0,0,1,5,1,3,"SR-42","",4,34.69568056,-81.34893056,0,1,0,0,1,1,0,4,2,1,0,1,0,"0000000",99,99,99,99,99,99,0,0,0,1,0
45,450824,2,2,0,1,1,3,3,79,0,24,11,2016,5,20,50,0,1,4,1,3,"SR-223","",16,33.92786111,-80.86683056,0,8,0,0,1,1,0,1,2,1,0,1,0,"0000000",88,88,88,88,88,88,0,0,0,1,0
45,450825,1,1,0,0,0,2,2,67,1630,26,11,2016,7,0,35,1,1,3,1,2,"US-76","",125,34.18541667,-79.35069444,0,42,0,0,1,1,0,4,2,1,0,1,0,"0000000",99,99,99,99,99,99,0,0,0,1,0
45,450826,1,1,0,0,0,3,3,39,0,25,11,2016,6,2,0,0,1,3,1,3,"SR-34","",7,34.39806944,-81.37746944,0,30,0,0,1,1,0,4,2,1,0,1,0,"0000000",99,99,99,99,99,99,0,0,0,1,1
45,450827,1,1,0,0,0,2,2,9,0,24,11,2016,5,22,0,0,1,7,2,4,"CR-SQUIRREL RD","",0,33.25121944,-80.88783056,0,1,0,0,1,1,0,4,2,1,0,1,0,"0000000",99,99,99,99,99,99,0,0,0,2,1
45,450828,1,1,0,0,0,1,1,45,1634,25,11,2016,6,22,0,1,2,3,1,2,"US-276","",404,34.80097778,-82.31698056,0,1,0,0,1,1,0,4,3,1,0,1,0,"0000000",88,88,88,88,88,88,0,0,0,1,1
45,450829,1,1,0,1,1,1,1,7,0,26,11,2016,7,18,7,0,2,6,1,3,"SR-81","",437,34.79356944,-82.47676111,0,9,0,0,1,1,0,1,2,1,0,1,0,"0000000",99,99,99,99,99,99,0,0,0,1,0
45,450830,1,1,0,0,0,2,2,7,0,27,11,2016,1,1,20,0,1,3,1,3,"SR-8","",111,34.76616944,-82.57281944,0,24,0,0,1,1,0,4,3,1,0,1,0,"0000000",99,99,99,99,99,99,0,0,0,1,1
45,450831,1,1,0,0,0,4,4,45,0,27,11,2016,1,14,15,0,1,4,1,3,"SR-295","",0,34.95943056,-82.24208889,0,35,0,0,1,1,0,4,1,1,0,1,0,"0000000",99,99,99,99,99,99,0,0,0,1,0
45,450832,2,2,0,0,0,2,2,41,0,28,11,2016,2,9,0,0,1,4,1,3,"SR-403","",0,33.94995,-79.85971944,0,12,2,0,1,1,0,1,1,1,0,1,0,"0000000",99,99,99,99,99,99,0,0,0,1,0
45,450833,1,1,0,1,1,2,2,45,0,27,11,2016,1,0,5,1,2,3,1,2,"US-25","",295,34.86218889,-82.46268056,0,8,0,0,1,1,0,1,2,1,0,1,0,"0000000",88,88,88,88,88,88,0,0,0,1,0
45,450834,2,2,0,0,0,2,2,51,0,29,11,2016,3,9,7,0,1,3,1,3,"SR-9","",0,33.91596944,-78.72071111,0,12,1,0,1,1,0,1,1,1,0,1,0,"0000000",88,88,88,88,88,88,0,0,0,1,0
45,450835,1,1,0,0,0,2,2,31,0,29,11,2016,3,18,35,0,2,4,1,3,"SR-179","SR-1261",72,34.25535,-79.78153889,0,59,0,0,3,3,0,4,2,2,0,2,0,"0000000",99,99,99,99,99,99,0,0,0,1,1
45,450836,1,1,0,0,0,1,1,35,0,29,11,2016,3,7,2,1,1,1,1,1,"I-26","",0,33.31056111,-80.54048889,0,42,0,0,1,1,0,4,1,1,0,1,0,"0000000",88,88,88,88,88,88,0,0,0,1,0
45,450837,1,1,0,0,0,1,1,89,0,29,11,2016,3,0,46,0,1,7,1,3,"SR-186","",0,33.72129722,-79.80771389,0,10,0,0,6,1,0,1,6,1,0,1,0,"633265B",88,88,88,88,88,88,0,0,0,1,0
45,450838,1,1,0,0,0,1,1,53,2150,29,11,2016,3,12,10,0,2,4,1,3,"SR-462","",0,32.46726944,-80.88900833,0,42,0,0,1,1,0,4,1,1,0,1,0,"0000000",88,88,88,88,88,88,0,0,0,1,0
45,450839,1,1,0,1,1,1,1,13,0,30,11,2016,4,19,15,0,1,3,1,2,"US-21","",0,32.49648056,-80.74306111,0,8,0,0,1,1,0,1,2,1,0,1,0,"0000000",99,99,99,99,99,99,0,0,0,1,0
45,450840,1,1,0,1,1,1,1,45,0,30,11,2016,4,21,49,0,2,5,1,3,"SR-374","",9,34.85471111,-82.44431944,0,8,0,0,1,1,0,4,2,1,0,1,0,"0000000",88,88,88,88,88,88,0,0,0,1,1
45,450841,2,2,0,1,1,2,2,13,0,30,11,2016,4,23,20,0,1,3,1,3,"SR-170","CR-BELLINGER BLUFF RD",0,32.36993056,-80.85573056,0,9,0,0,2,2,0,1,2,2,0,2,0,"0000000",99,99,99,99,99,99,0,0,0,1,0
45,450842,2,2,0,0,0,5,5,63,1430,30,11,2016,4,14,56,1,2,1,1,1,"I-26","I-77",1156,33.92938056,-81.07218056,0,12,7,0,1,1,0,1,1,1,0,1,0,"0000000",99,99,99,99,99,99,0,0,0,1,0
45,450843,1,1,0,1,1,1,1,25,420,23,4,2016,7,13,15,0,2,4,1,3,"SR-9","",0,77.7777,777.7777,0,9,0,0,1,1,0,1,1,1,0,1,0,"0000000",88,88,88,88,88,88,0,0,0,1,0
45,450844,1,1,0,0,0,2,2,3,0,4,8,2016,5,9,10,0,1,4,1,3,"SR-254","CR-PINE BUTTE LANE",0,33.55453056,-81.90791944,0,32,0,0,3,3,0,4,1,1,0,1,0,"0000000",99,99,99,99,99,99,0,0,0,1,0
45,450845,2,2,0,0,0,7,7,29,0,11,11,2016,6,3,50,1,1,1,1,1,"I-95","",455,32.77391944,-80.80006111,0,12,1,0,1,1,0,1,2,1,0,1,0,"0000000",99,99,99,99,99,99,0,0,0,4,0
45,450846,1,1,0,0,0,1,1,83,0,1,12,2016,5,8,50,0,1,4,1,3,"SR-2005","",0,35.03476111,-81.84411944,0,1,0,0,1,1,0,4,1,1,0,1,0,"0000000",88,88,88,88,88,88,0,0,0,1,0
45,450847,2,2,0,0,0,5,5,15,0,1,12,2016,5,18,30,0,1,4,1,2,"US-176","SR-135",73,33.2084,-80.25733056,0,12,6,0,2,2,0,1,3,1,0,1,0,"0000000",99,99,99,99,99,99,0,0,0,1,0
45,450848,1,1,0,1,1,1,1,51,0,2,12,2016,6,4,10,0,1,4,1,3,"SR-57","",0,33.88236944,-78.69173889,0,8,0,0,1,1,0,1,2,1,0,1,0,"0000000",88,88,88,88,88,88,0,0,0,1,0
45,450849,2,2,0,0,0,2,2,79,520,2,12,2016,6,8,35,0,2,5,1,3,"SR-262","SR-69",124,34.00661944,-80.74368056,0,12,6,0,2,3,0,1,1,1,0,1,0,"0000000",99,99,99,99,99,99,0,0,0,1,1
45,450850,2,2,0,0,0,3,3,31,0,2,12,2016,6,13,45,0,1,4,1,3,"SR-21","SR-244",13,34.39053056,-80.08166944,0,12,6,0,2,3,0,1,1,1,0,1,0,"0000000",99,99,99,99,99,99,0,0,0,1,0
45,450851,1,1,0,0,0,1,1,19,0,3,12,2016,7,3,51,0,2,4,1,3,"SR-1442","",0,32.73121944,-80.08366944,0,42,0,0,1,1,0,4,2,1,0,1,0,"0000000",88,88,88,88,88,88,0,0,0,1,1
45,450852,2,1,1,2,2,1,1,79,0,4,12,2016,1,1,20,0,1,3,1,3,"SR-48","",102,33.90323056,-80.92725,0,8,0,0,1,1,0,1,6,2,0,2,0,"0000000",99,99,99,99,99,99,14,15,0,1,0
45,450853,2,2,0,0,0,2,2,45,0,4,12,2016,1,18,44,0,1,4,1,3,"SR-183","",0,34.8905,-82.49411111,0,12,2,0,1,1,0,1,6,2,0,2,0,"0000000",99,99,99,99,99,99,0,0,0,1,1
45,450854,1,1,0,0,0,1,1,51,0,5,12,2016,2,17,16,0,1,7,1,3,"SR-568","",10,33.97268056,-78.88908889,0,42,0,0,8,1,0,4,5,1,0,1,0,"0000000",99,99,99,99,99,99,0,0,0,1,1
45,450855,2,2,0,0,0,2,2,45,0,6,12,2016,3,6,30,0,1,4,1,3,"SR-20","",0,34.6792,-82.45178889,0,12,2,0,1,1,0,1,2,2,0,2,0,"0000000",99,99,99,99,99,99,0,0,0,1,0
45,450856,1,1,0,1,1,1,1,27,0,8,12,2016,5,21,48,1,2,2,1,2,"US-378","",66,33.88933889,-79.96548056,0,8,0,0,1,1,0,1,2,1,0,1,0,"0000000",88,88,88,88,88,88,0,0,0,1,0
45,450857,2,2,0,0,0,2,2,45,0,9,12,2016,6,8,30,0,1,4,1,3,"SR-418","CR-SLATTON SHOALS RD",0,34.64058056,-82.33561111,0,12,6,0,2,4,0,1,1,1,0,1,0,"0000000",88,88,88,88,88,88,0,0,0,1,0
45,450858,1,1,0,0,0,1,1,79,0,9,12,2016,6,20,49,0,1,4,1,3,"SR-555","",57,34.06998056,-80.98048056,0,42,0,0,1,1,0,4,2,1,0,1,0,"0000000",99,99,99,99,99,99,0,0,0,1,0
45,450859,1,1,0,0,0,2,2,83,0,10,12,2016,7,23,41,1,2,1,1,1,"I-85","",705,34.97788056,-82.01108889,0,24,0,1,5,1,0,4,2,1,0,1,0,"0000000",99,99,99,99,99,99,0,0,0,1,1
45,450860,1,1,0,0,0,2,2,45,0,11,12,2016,1,22,27,0,2,6,1,3,"SR-279","",31,34.92516111,-82.31228056,0,31,0,0,1,1,0,4,2,1,0,1,0,"0000000",99,99,99,99,99,99,0,0,0,1,1
45,450861,3,3,0,0,0,2,2,59,0,12,12,2016,2,1,21,1,1,1,1,1,"I-385","",188,34.63828056,-82.13388889,0,12,1,0,1,1,0,1,2,1,0,1,0,"0000000",99,99,99,99,99,99,23,0,0,1,0
45,450862,2,2,0,0,0,2,2,13,0,12,12,2016,2,9,42,0,1,4,1,3,"SR-170","CR- TIDE WATCH DRIVE",0,32.31148056,-80.93468056,0,12,6,0,2,4,0,1,1,10,0,10,0,"0000000",88,88,88,88,88,88,0,0,0,1,0
45,450863,2,2,0,0,0,2,2,27,0,12,12,2016,2,15,5,0,1,3,1,2,"US-378","SR-18",0,33.8883,-79.91213056,0,12,6,0,2,4,0,1,1,1,0,1,0,"0000000",88,88,88,88,88,88,0,0,0,1,1
45,450864,1,1,0,0,0,1,1,59,0,13,12,2016,3,12,45,0,1,7,2,4,"CR-OLD LAURENS RD","",0,34.59353056,-82.10673056,0,42,0,0,1,1,0,4,1,2,0,2,0,"0000000",88,88,88,88,88,88,0,0,0,1,1
45,450865,1,1,0,0,0,1,1,89,0,14,12,2016,4,17,41,0,1,7,1,3,"SR-469","",2,33.73966111,-79.461325,0,34,0,0,1,1,0,4,6,1,0,1,0,"0000000",88,88,88,88,88,88,0,0,0,1,1
45,450866,1,1,0,0,0,1,1,27,0,16,12,2016,6,10,35,0,1,4,1,3,"SR-261","",207,33.68291111,-80.02441111,0,35,0,0,1,1,0,4,1,1,0,1,0,"0000000",99,99,99,99,99,99,0,0,0,1,0
45,450867,1,1,0,1,1,1,1,51,0,16,12,2016,6,21,28,1,1,2,1,2,"US-17","",0,33.74186111,-78.82493056,0,8,0,0,1,1,0,1,2,2,0,2,0,"0000000",88,88,88,88,88,88,0,0,0,1,0
45,450868,1,1,0,0,0,1,1,79,0,17,12,2016,7,5,50,1,2,1,1,1,"I-77","",199,34.11361111,-80.96198889,0,42,0,0,1,1,4,5,4,10,0,10,0,"0000000",88,88,88,88,88,88,0,0,0,1,1
45,450869,1,1,0,0,0,1,1,63,0,17,12,2016,7,21,38,0,1,4,1,3,"SR-1270","",0,33.9048,-81.11286111,0,34,0,0,1,1,0,4,2,1,0,1,0,"0000000",88,88,88,88,88,88,0,0,0,1,1
45,450870,1,1,0,0,0,1,1,59,0,18,12,2016,1,0,27,0,1,4,1,3,"SR-250","",0,34.33803056,-81.93266944,0,42,0,0,1,1,0,5,2,1,0,1,0,"0000000",88,88,88,88,88,88,0,0,0,1,1