"STATE","ST_CASE","VE_TOTAL","VE_FORMS","PVH_INVL","PEDS","PERNOTMVIT","PERMVIT","PERSONS","COUNTY","CITY","DAY","MONTH","YEAR","DAY_WEEK","HOUR","MINUTE","NHS","RUR_URB","FUNC_SYS","RD_OWNER","ROUTE","TWAY_ID","TWAY_ID2","MILEPT","LATITUDE","LONGITUD","SP_JUR","HARM_EV","MAN_COLL","RELJCT1","RELJCT2","TYP_INT","WRK_ZONE","REL_ROAD","LGT_COND","WEATHER1","WEATHER2","WEATHER","SCH_BUS","RAIL","NOT_HOUR","NOT_MIN","ARR_HOUR","ARR_MIN","HOSP_HR","HOSP_MN","CF1","CF2","CF3","FATALS","DRUNK_DR"
45,450871,1,1,0,0,0,1,1,3,0,18,12,2016,1,7,22,0,2,4,1,3,"SR-33","",6,33.5693,-81.81521111,0,59,0,0,8,1,0,4,4,10,0,10,0,"0000000",88,88,88,88,88,88,0,0,0,1,1
45,450872,2,2,0,0,0,3,3,79,0,18,12,2016,1,23,29,0,1,3,1,2,"US-1","",180,34.14823056,-80.82791111,0,12,2,0,1,1,0,1,3,2,0,2,0,"0000000",99,99,99,99,99,99,0,0,0,2,2
45,450873,2,2,0,1,1,2,2,35,0,20,12,2016,3,18,22,0,2,4,1,3,"SR-62","SR-401",9,32.92231111,-80.0953,0,8,0,0,2,3,0,1,5,1,0,1,0,"0000000",88,88,88,88,88,88,0,0,0,1,0
45,450874,2,1,1,0,0,1,1,91,0,19,12,2016,2,1,15,0,2,5,1,3,"SR-658","",13,35.0024,-81.05938889,0,59,0,0,1,1,0,4,2,1,0,1,0,"0000000",88,88,88,88,88,88,0,0,0,1,1
45,450875,1,1,0,0,0,2,2,45,1040,20,12,2016,3,19,54,1,2,1,1,1,"I-385","",383,34.85188056,-82.33013889,0,26,0,0,1,1,0,3,1,1,0,1,0,"0000000",88,88,88,88,88,88,0,0,0,1,0
45,450876,1,1,0,1,1,2,2,89,0,20,12,2016,3,18,2,0,1,4,1,3,"SR-30","",35,33.58871111,-79.70821944,0,8,0,0,1,1,0,1,2,1,0,1,0,"0000000",88,88,88,88,88,88,0,0,0,1,0
45,450877,2,2,0,0,0,2,2,53,0,20,12,2016,3,17,49,0,1,3,1,2,"US-17","",0,32.17451944,-81.07418889,0,12,8,0,1,1,0,1,1,1,0,1,0,"0000000",88,88,88,88,88,88,0,0,0,1,0
45,450878,1,1,0,0,0,3,3,33,0,21,12,2016,4,15,38,0,1,4,1,3,"SR-160","",0,34.31151111,-79.41296944,0,1,0,0,1,1,0,4,1,1,0,1,0,"0000000",99,99,99,99,99,99,0,0,0,1,1
45,450879,1,1,0,0,0,1,1,59,0,21,12,2016,4,23,32,0,1,4,1,3,"SR-110","CR-LUCILLE DRIVE",0,34.57998056,-82.107475,0,35,0,0,3,3,0,4,2,1,0,1,0,"0000000",88,88,88,88,88,88,0,0,0,1,0
45,450880,1,1,0,0,0,3,3,55,0,22,12,2016,5,1,10,1,1,3,1,2,"US-521","SR-58",151,34.3279,-80.6022,0,42,0,0,3,4,0,4,2,1,0,1,0,"0000000",99,99,99,99,99,99,0,0,0,1,1
45,450881,1,1,0,0,0,3,3,51,0,22,12,2016,5,3,15,0,1,7,1,4,"CR-BAY RD","",0,33.64528056,-79.04201944,0,34,0,0,1,1,0,4,2,1,0,1,0,"0000000",88,88,88,88,88,88,0,0,0,3,0
45,450882,1,1,0,0,0,3,3,85,0,22,12,2016,5,8,17,0,1,3,1,2,"US-378","",0,33.89776944,-80.17075,0,42,0,0,1,1,0,3,1,1,0,1,0,"0000000",99,99,99,99,99,99,0,0,0,1,0
45,450883,2,2,0,0,0,2,2,59,0,23,12,2016,6,12,16,0,1,7,1,4,"CR-CURRY'S LAKE RD","",0,34.60616944,-82.13868889,0,12,2,0,1,1,0,1,1,1,0,1,0,"0000000",99,99,99,99,99,99,0,0,0,1,0
45,450884,2,2,0,0,0,4,4,83,0,24,12,2016,7,23,19,0,1,4,1,3,"SR-9","",0,35.03193889,-81.96906944,0,12,2,0,1,1,0,1,6,1,0,1,0,"0000000",99,99,99,99,99,99,0,0,0,2,1
45,450885,1,1,0,0,0,1,1,3,0,24,12,2016,7,23,30,0,1,4,1,3,"SR-779","",25,33.59143056,-81.87746111,0,24,0,0,1,1,0,4,2,1,0,1,0,"0000000",88,88,88,88,88,88,0,0,0,1,1
45,450886,2,2,0,0,0,4,4,45,0,25,12,2016,1,21,37,0,2,5,1,4,"CR-STABLES RS","",8,34.77806111,-82.43759444,0,12,2,0,1,1,0,1,2,1,0,1,0,"0000000",99,99,99,99,99,99,0,0,0,1,1
45,450887,1,1,0,0,0,1,1,79,0,26,12,2016,2,0,15,1,2,1,1,1,"I-26","",965,34.11403056,-81.19053889,0,52,0,0,1,1,0,3,2,1,0,1,0,"0000000",99,99,99,99,99,99,0,0,0,1,1
45,450888,1,1,0,0,0,1,1,31,0,26,12,2016,2,22,0,0,1,3,1,2,"US-401","",0,34.22556944,-79.99786111,0,32,0,0,1,1,0,4,2,10,0,10,0,"0000000",88,88,88,88,88,88,0,0,0,1,1
45,450889,1,1,0,0,0,1,1,59,0,27,12,2016,3,17,57,0,1,4,1,3,"SR-14","",85,34.59183889,-82.10306111,0,35,0,0,1,1,0,4,2,1,0,1,0,"0000000",88,88,88,88,88,88,0,0,0,1,0
45,450890,1,1,0,0,0,1,1,3,0,28,12,2016,4,18,50,1,1,1,1,1,"I-20","",127,33.62743889,-81.80883889,0,35,0,0,1,1,0,3,2,1,0,1,0,"0000000",88,88,88,88,88,88,0,0,0,1,1
45,450891,1,1,0,1,1,1,1,45,1040,29,12,2016,5,2,45,0,2,4,2,3,"SR-200","",0,34.86081111,-82.40456944,0,8,0,0,1,1,0,1,3,2,0,2,0,"0000000",88,88,88,88,88,88,0,0,0,1,0
45,450892,1,1,0,1,1,3,3,35,0,10,12,2016,7,20,6,0,2,5,1,3,"SR-13","",49,33.01073889,-80.24028889,0,8,0,0,1,1,0,1,2,1,0,1,0,"0000000",88,88,88,88,88,88,0,0,0,1,0
45,450893,1,1,0,0,0,1,1,89,0,11,12,2016,1,1,1,0,1,3,1,3,"SR-377","",102,33.60258889,-79.81146111,0,42,0,0,1,1,0,4,2,1,0,1,0,"0000000",88,88,88,88,88,88,0,0,0,1,1
45,450894,2,2,0,0,0,3,3,79,520,29,12,2016,5,7,50,0,2,4,1,3,"SR-48","",0,33.96238056,-80.98073056,0,12,6,0,1,1,0,1,1,2,0,2,0,"0000000",99,99,99,99,99,99,0,0,0,1,0
45,450895,4,2,2,1,1,2,2,73,0,30,12,2016,6,13,40,0,2,4,1,3,"SR-130","",14,34.697,-82.94025,0,12,1,0,1,1,0,1,1,1,0,1,0,"0000000",99,99,99,99,99,99,0,0,0,1,0
45,450896,1,1,0,1,1,1,1,45,0,30,12,2016,6,22,49,0,2,4,1,3,"SR-81","",28,34.82426944,-82.43098056,0,8,0,0,8,1,0,1,2,1,0,1,0,"0000000",88,88,88,88,88,88,0,0,0,1,0
45,450897,1,1,0,0,0,1,1,35,0,31,12,2016,7,2,15,1,1,1,1,1,"I-26","",1770,33.22726111,-80.43343056,0,42,0,0,1,1,0,3,2,1,0,1,0,"0000000",88,88,88,88,88,88,0,0,0,1,1
45,450898,1,1,0,1,1,2,2,19,1805,21,8,2016,1,5,25,0,2,3,1,3,"SR-642","SR-62",44,32.85443611,-80.020475,0,8,0,0,2,4,0,1,2,1,0,1,0,"0000000",88,88,88,88,88,88,0,0,0,1,0
45,450899,2,2,0,0,0,2,2,45,1040,8,9,2016,5,21,16,1,2,3,1,2,"US-123","",27,34.83361389,-82.44798333,0,33,0,0,1,1,0,4,3,1,0,1,0,"0000000",88,88,88,88,88,88,20,0,0,1,1
45,450900,1,1,0,1,1,1,1,67,0,23,9,2016,6,20,25,0,1,4,1,3,"SR-41","",25,34.20818056,-79.23863889,0,8,0,0,1,1,0,1,2,1,0,1,0,"0000000",99,99,99,99,99,99,0,0,0,1,0
45,450901,3,1,2,0,0,1,1,63,370,26,9,2016,2,6,40,1,2,3,1,3,"SR-302","",214,33.95276111,-81.09691389,0,33,0,0,1,1,0,4,1,1,0,1,0,"0000000",88,88,88,88,88,88,0,0,0,1,0
45,450902,2,2,0,0,0,3,3,83,2460,30,9,2016,6,8,30,0,2,5,1,3,"SR-44","CR-CLINCHFIELD STREET",14,34.96518611,-81.92525556,0,12,6,0,2,2,0,1,1,1,0,1,0,"0000000",99,99,99,99,99,99,0,0,0,1,0
45,450903,1,1,0,0,0,1,1,3,0,13,10,2016,5,14,52,0,1,7,1,4,"CR-CENTERWOOD RD","CR-BECK RD",0,33.4886,-81.44146944,0,34,0,0,3,3,0,4,1,1,0,1,0,"0000000",99,99,99,99,99,99,0,0,0,1,1
45,450904,2,2,0,0,0,2,2,83,2460,20,10,2016,5,20,30,0,2,4,1,3,"SR-56","SR-1259",258,34.94038889,-81.90913056,0,12,6,0,2,3,0,1,3,1,0,1,0,"0000000",88,88,88,88,88,88,0,0,0,1,1
45,450905,2,2,0,0,0,2,2,51,1825,20,10,2016,5,18,35,0,2,3,1,2,"US-17","",0,33.83986111,-78.6657,0,12,7,0,1,1,0,1,5,1,0,1,0,"0000000",88,88,88,88,88,88,0,0,0,1,0
45,450906,2,2,0,0,0,2,2,15,985,21,10,2016,6,20,49,0,2,7,1,3,"SR-313","SR-393",2,32.99508889,-80.04536111,0,12,2,0,2,3,0,1,3,1,0,1,0,"0000000",99,99,99,99,99,99,0,0,0,1,0
45,450907,2,2,0,0,0,2,2,23,440,23,10,2016,1,17,30,0,2,4,2,3,"SR-9","",0,34.70384444,-81.22882222,0,12,6,0,8,1,0,1,1,1,0,1,0,"0000000",99,99,99,99,99,99,0,0,0,1,1
45,450908,2,2,0,0,0,4,4,41,870,28,10,2016,6,18,45,0,2,4,1,3,"SR-57","",4,34.13806111,-79.73851944,0,12,2,0,1,1,0,1,5,1,0,1,0,"0000000",99,99,99,99,99,99,0,0,0,1,0
45,450909,1,1,0,0,0,4,4,67,0,30,10,2016,1,16,5,0,1,3,1,2,"US-501","",200,34.07193056,-79.28363333,0,1,0,0,1,1,0,3,1,1,0,1,0,"0000000",99,99,99,99,99,99,0,0,0,1,1
45,450910,1,1,0,1,1,1,1,79,520,2,11,2016,4,19,11,0,2,3,1,2,"US-1","",0,33.99711111,-81.04676944,0,8,0,0,1,1,0,1,3,1,0,1,0,"0000000",99,99,99,99,99,99,0,0,0,1,0
45,450911,2,2,0,0,0,2,2,91,2970,12,11,2016,7,12,35,0,2,3,1,3,"SR-901","SR-795",69,34.90586111,-81.03532222,0,12,6,0,2,2,0,1,1,1,0,1,0,"0000000",88,88,88,88,88,88,0,0,0,1,0
45,450912,1,1,0,1,1,2,2,29,2720,18,11,2016,6,18,40,0,1,3,1,2,"US-64","SR-24",213,32.92771944,-80.68698056,0,8,0,0,3,3,0,1,3,1,0,1,0,"0000000",99,99,99,99,99,99,0,0,0,1,0
45,450913,1,1,0,0,0,1,1,19,410,20,11,2016,1,5,27,0,2,3,1,2,"US-17","",0,32.84865,-79.80926944,0,42,0,0,1,1,0,4,4,1,0,1,0,"0000000",88,88,88,88,88,88,0,0,0,1,0
45,450914,2,2,0,0,0,2,2,13,240,21,11,2016,2,17,35,0,1,3,1,3,"SR-170","",19,32.24391944,-80.98033056,0,12,2,0,1,1,0,1,2,1,0,1,0,"0000000",99,99,99,99,99,99,0,0,0,1,0
45,450915,2,2,0,0,0,3,3,45,2615,21,11,2016,2,17,29,0,2,3,1,2,"US-276","CR-GRANDVIEW WAY",0,34.97747222,-82.45625,0,12,6,0,2,2,0,1,5,1,0,1,0,"0000000",99,99,99,99,99,99,0,0,0,1,0
45,450916,1,1,0,0,0,2,2,19,410,23,11,2016,4,4,0,0,2,5,1,3,"SR-881","SR-1985",34,33.01393889,-80.16353889,0,42,0,0,3,3,0,5,2,1,0,1,0,"0000000",88,88,88,88,88,88,0,0,0,2,1
45,450917,1,1,0,1,1,1,1,15,0,24,11,2016,5,0,15,0,1,4,1,3,"SR-1259","",0,33.04143889,-80.15278889,0,8,0,0,1,1,0,1,2,1,0,1,0,"0000000",99,99,99,99,99,99,0,0,0,1,0
45,450918,2,2,0,0,0,2,2,85,2550,25,11,2016,6,19,19,1,2,3,1,2,"US-76","SR-673",134,33.96496111,-80.40676111,0,12,6,0,2,2,0,1,6,1,0,1,0,"0000000",99,99,99,99,99,99,0,0,0,1,0
45,450919,3,3,0,0,0,3,3,41,870,27,11,2016,1,14,0,0,1,4,1,3,"SR-51","SR-57",0,34.14541944,-79.72823889,0,12,6,0,2,2,0,1,1,1,0,1,0,"0000000",99,99,99,99,99,99,0,0,0,1,0
45,450920,2,2,0,0,0,2,2,19,1710,18,11,2016,6,22,34,1,2,2,1,2,"US-17","",340,32.80285556,-79.91445833,0,12,1,0,1,1,0,1,3,1,0,1,0,"0000000",88,88,88,88,88,88,0,0,0,1,0
45,450921,2,2,0,0,0,5,5,19,1710,2,12,2016,6,9,51,1,2,1,1,1,"I-526","",0,32.82041111,-79.84901111,0,12,1,0,1,1,0,1,1,1,0,1,0,"0000000",88,88,88,88,88,88,0,0,0,1,1
45,450922,2,2,0,0,0,2,2,19,0,4,12,2016,1,21,45,0,2,3,1,2,"US-78","",0,33.01959722,-80.15845278,0,12,6,0,1,1,0,1,2,10,0,10,0,"0000000",99,99,99,99,99,99,0,0,0,1,1
45,450923,1,1,0,0,0,2,2,41,870,7,12,2016,4,0,19,0,1,5,1,3,"SR-24","",10,34.21416111,-79.7499,0,30,0,0,1,1,0,4,3,1,0,1,0,"0000000",99,99,99,99,99,99,20,0,0,1,1
45,450924,1,1,0,0,0,2,2,77,700,9,12,2016,6,14,13,0,2,4,1,3,"SR-221","",0,34.84063611,-82.60102778,0,35,0,0,1,1,0,4,1,1,0,1,0,"0000000",99,99,99,99,99,99,0,0,0,1,0
45,450925,2,2,0,0,0,2,2,19,1710,11,12,2016,1,16,8,1,2,3,1,3,"SR-517","CR-RIVIERA DRIVE",0,32.82263056,-79.81501111,0,12,6,0,2,3,0,1,1,1,0,1,0,"0000000",99,99,99,99,99,99,0,0,0,1,1
45,450926,2,2,0,0,0,2,2,79,520,14,12,2016,4,13,50,0,2,5,1,3,"SR-262","SR-2801",79,33.99848889,-80.81878056,0,12,6,0,2,3,0,1,1,1,0,1,0,"0000000",99,99,99,99,99,99,0,0,0,1,0
45,450927,1,1,0,0,0,1,1,19,410,17,12,2016,7,2,42,0,2,4,1,3,"SR-700","",0,32.70173889,-80.11435,0,42,0,0,1,1,0,4,6,1,0,1,0,"0000000",88,88,88,88,88,88,0,0,0,1,1
45,450928,1,1,0,0,0,3,3,85,2550,18,12,2016,1,6,31,0,2,3,1,2,"US-15","",0,33.91944167,-80.35936944,0,33,0,0,1,1,0,4,4,1,0,1,0,"0000000",99,99,99,99,99,99,0,0,0,2,1
45,450929,2,2,0,0,0,3,3,91,2200,21,12,2016,4,9,30,0,2,3,1,3,"SR-901","SR-101",80,34.91743889,-81.04895,0,12,6,0,2,2,0,1,1,1,0,1,0,"0000000",99,99,99,99,99,99,0,0,0,1,0
45,450930,1,1,0,1,1,2,2,53,1080,21,12,2016,4,18,40,0,1,3,1,2,"US-17","",133,32.27963889,-81.08143056,0,8,0,0,1,1,0,1,3,1,0,1,0,"0000000",99,99,99,99,99,99,0,0,0,1,0
45,450931,1,1,0,1,1,3,3,19,410,26,12,2016,2,21,23,0,2,4,1,3,"SR-700","",0,32.76251944,-79.98580278,0,8,0,0,1,1,0,1,2,5,0,5,0,"0000000",99,99,99,99,99,99,0,0,0,1,0
45,450932,1,1,0,1,1,1,1,19,410,28,5,2016,7,4,58,0,2,4,1,3,"SR-32","",0,77.7777,777.7777,0,8,0,0,1,1,0,1,6,98,0,98,0,"0000000",99,99,99,99,99,99,0,0,0,1,0
45,450933,1,1,0,1,1,2,2,29,2720,18,10,2016,3,20,18,0,1,3,1,3,"SR-63","",173,32.88041111,-80.70905,0,8,0,0,1,1,0,1,3,1,0,1,0,"0000000",99,99,99,99,99,99,0,0,0,1,0
45,450934,2,2,0,0,0,2,2,35,0,24,12,2016,7,15,12,0,2,4,1,3,"SR-165","SR-360",106,32.97083889,-80.19891944,0,12,6,0,2,2,0,1,1,1,0,1,0,"0000000",88,88,88,88,88,88,0,0,0,1,0
45,450935,1,1,0,0,0,3,3,17,0,31,12,2016,7,19,0,0,1,7,1,3,"SR-119","",12,33.6912,-80.87726111,0,35,0,0,1,1,0,4,2,1,0,1,0,"0000000",99,99,99,99,99,99,0,0,0,2,0
45,450936,1,1,0,1,1,1,1,19,410,19,12,2016,2,19,27,1,2,3,1,2,"US-17","SR-553",309,32.795,-79.94541667,0,8,0,0,2,2,0,1,3,10,0,10,0,"0000000",99,99,99,99,99,99,0,0,0,1,0
45,450937,6,6,0,0,0,10,10,19,410,22,10,2016,7,17,52,1,2,1,1,1,"I-26","",2163,32.8439,-79.98341111,0,99,98,0,20,1,0,1,6,98,0,98,0,"0000000",99,99,99,99,99,99,0,0,0,1,1
46,460001,2,2,0,0,0,3,3,103,0,1,1,2016,6,14,52,1,2,3,1,3,"SR-44","RESERVOIR RD",492,44.04752778,-103.13120278,0,12,6,0,2,2,0,1,1,1,0,1,0,"0000000",14,55,15,5,88,88,0,0,0,1,1
46,460002,1,1,0,0,0,1,1,65,0,12,1,2016,3,0,0,0,2,4,4,6,"FOURTH ST","",0,44.37860278,-100.33458611,0,30,0,0,1,1,0,4,3,1,0,1,0,"0000000",0,0,0,9,88,88,0,0,0,1,1
46,460003,2,2,0,0,0,2,2,115,0,13,1,2016,4,11,40,1,1,3,1,2,"US-212","398TH AVE",3104,44.87889444,-98.44295833,0,12,6,0,2,2,0,1,1,1,0,1,0,"0000000",11,55,12,3,12,31,0,0,0,1,1
46,460004,1,1,0,0,0,1,1,77,0,19,1,2016,3,19,30,0,1,6,2,4,"CR-204TH ST","",0,44.42639444,-97.40040278,0,42,0,0,1,1,0,4,2,1,0,1,0,"0000000",99,99,99,99,88,88,0,0,0,1,0
46,460005,2,2,0,0,0,2,2,83,0,7,2,2016,1,10,35,0,1,4,1,3,"SR-11","",645,43.43385,-96.64872222,0,12,2,0,1,1,0,1,1,11,10,11,0,"0000000",10,45,11,10,99,99,0,0,0,1,0
46,460006,1,1,0,0,0,1,1,93,0,11,2,2016,5,21,47,0,1,7,2,4,"CR-HIGH MEADOWS DR","",0,44.18269722,-103.35191944,0,42,0,0,1,1,0,4,2,1,0,1,0,"0000000",21,48,21,56,88,88,0,0,0,1,1
46,460007,1,1,0,0,0,1,1,83,0,22,2,2016,2,19,50,0,1,5,2,4,"CR-269TH ST","CR-480TH AVE",0,43.48944167,-96.60891389,0,59,0,0,3,3,0,4,2,1,0,1,0,"0000000",19,54,20,12,88,88,0,0,0,1,0
46,460008,2,2,0,2,2,1,1,103,0,25,2,2016,5,18,15,0,2,5,2,4,"CR-COUNTRY RD","",0,44.12568611,-103.18444167,0,8,0,0,1,1,0,1,2,1,0,1,0,"0000000",18,17,18,25,18,48,0,0,0,1,0
46,460009,1,1,0,0,0,4,4,129,0,28,2,2016,1,1,0,0,1,7,2,4,"CR-127TH ST","",0,45.55075,-100.11445278,0,1,0,0,1,1,0,4,2,1,0,1,0,"0000000",1,9,1,29,88,88,0,0,0,1,1
46,460010,1,1,0,0,0,1,1,79,0,10,2,2016,4,0,35,0,1,5,2,4,"CR-226TH ST","",0,44.10970833,-97.277175,0,1,0,0,1,1,0,4,2,10,0,10,0,"0000000",88,88,88,88,88,88,0,0,0,1,1
46,460011,1,1,0,0,0,1,1,85,0,3,3,2016,5,14,40,0,1,6,2,4,"CR-299TH AVE","",0,44.01428611,-100.18636389,0,1,0,0,1,1,0,4,1,1,0,1,0,"0000000",15,47,16,0,88,88,0,0,0,1,0
46,460012,1,1,0,0,0,1,1,81,0,19,3,2016,7,4,30,0,1,7,2,4,"CR-SPRING CREEK LANE","",0,44.52375833,-103.84104722,0,1,0,0,1,1,0,4,2,4,0,4,0,"0000000",88,88,88,88,88,88,0,0,0,1,1
46,460013,1,1,0,0,0,1,1,29,0,20,3,2016,1,23,44,0,1,5,4,4,"CR-464TH AVE","",0,44.80866389,-96.92513889,0,33,0,0,1,1,0,4,2,10,0,10,0,"0000000",23,44,0,1,88,88,0,0,0,1,1
46,460014,1,1,0,0,0,1,1,109,0,22,3,2016,3,14,0,0,1,7,3,5,"CR-141ST ST","",0,45.34091111,-96.66587778,0,1,0,0,1,1,0,4,1,1,0,1,0,"0000000",14,7,14,20,88,88,0,0,0,1,0
46,460015,1,1,0,0,0,3,3,109,0,27,3,2016,1,6,35,0,1,5,2,4,"CR-454TH AVE","",0,45.54327778,-97.12351389,0,1,0,0,1,1,0,1,2,1,0,1,0,"0000000",6,35,6,46,7,22,0,0,0,1,1
46,460016,1,1,0,0,0,1,1,75,0,30,3,2016,4,3,0,1,1,3,1,2,"US-83","",580,43.74717778,-100.68298889,0,1,0,0,1,1,0,4,2,1,0,1,0,"0000000",88,88,88,88,88,88,0,0,0,1,1
46,460017,1,1,0,0,0,2,2,71,0,3,4,2016,1,0,55,1,1,1,1,1,"I-90 E","",1371,43.83602222,-101.78426667,0,1,0,0,1,1,0,3,2,1,0,1,0,"0000000",1,2,1,53,2,46,0,0,0,1,0
46,460018,2,2,0,0,0,2,2,113,0,20,2,2016,7,23,12,1,1,3,1,2,"US-18","",1083,43.03835556,-102.46410833,0,12,2,0,1,1,0,1,2,1,0,1,0,"0000000",99,99,99,99,88,88,0,0,0,2,2
46,460019,1,1,0,0,0,2,2,85,0,4,4,2016,2,18,27,1,1,1,1,1,"I-90 W","",2542,43.84561944,-99.50161389,0,1,0,0,1,1,0,4,1,1,0,1,0,"0000000",18,29,18,38,19,5,0,0,0,1,0
46,460020,1,1,0,0,0,6,6,103,0,12,4,2016,3,0,20,0,1,5,2,4,"CR-SHERIDAN LAKE RD","",0,43.99058611,-103.368575,0,1,0,0,1,1,0,4,2,1,0,1,0,"0000000",0,24,0,37,1,37,0,0,0,1,1
46,460021,2,2,0,0,0,3,3,99,2450,13,4,2016,4,14,47,1,2,1,1,1,"I-229","",41,43.51891111,-96.70611667,0,12,2,1,5,1,0,1,1,1,0,1,0,"0000000",14,49,15,31,99,99,0,0,0,1,0
46,460022,2,2,0,0,0,4,4,9,0,14,4,2016,5,15,43,1,1,3,1,3,"SR-50","",3360,42.94940556,-97.67428333,0,12,2,0,1,1,0,1,1,1,0,1,0,"0000000",15,53,16,8,16,28,0,0,0,3,0
46,460023,2,2,0,0,0,4,4,99,0,15,4,2016,6,20,33,0,1,4,1,3,"SR-42","",3538,43.54341389,-96.97403611,0,12,2,0,1,1,0,1,5,10,0,10,0,"0000000",20,35,20,41,21,15,0,0,0,1,0
46,460024,2,2,0,0,0,2,2,83,0,16,4,2016,7,15,51,1,2,1,1,1,"I-29 S OFF-RAMP","CR-273RD ST",710,43.43191944,-96.79726111,0,12,6,1,5,1,0,1,1,1,0,1,0,"0000000",99,99,99,99,99,99,0,0,0,1,0
46,460025,1,1,0,0,0,2,2,23,0,26,4,2016,3,19,52,1,1,3,1,3,"SR-50","",3265,43.10121111,-98.34621389,0,1,0,0,1,1,0,4,1,10,0,10,0,"0000000",20,1,20,10,20,21,0,0,0,1,1
46,460026,1,1,0,0,0,2,2,81,0,1,5,2016,1,3,40,0,1,5,2,4,"CR-NEMO RD","",0,44.26428056,-103.63575833,0,34,0,0,1,1,0,4,2,1,0,1,0,"0000000",4,2,4,21,88,88,0,0,0,2,1
46,460027,2,2,0,0,0,5,5,127,0,9,5,2016,2,13,24,1,1,1,1,1,"I-29 N","",179,42.68739722,-96.69684167,0,12,2,0,1,1,0,1,1,10,0,10,0,"0000000",13,25,13,35,99,99,0,0,0,1,0
46,460028,1,1,0,0,0,1,1,11,0,3,5,2016,3,17,59,0,1,7,3,4,"CR-469TH AVE","",0,44.25763611,-96.82861667,0,1,0,0,1,1,0,4,1,1,0,1,0,"0000000",18,7,18,12,18,44,0,0,0,1,0
46,460029,1,1,0,0,0,1,1,103,1320,12,5,2016,5,19,3,1,1,3,1,2,"US-16 B","",405,43.92715556,-103.57525278,0,33,0,0,1,1,0,4,1,1,0,1,0,"0000000",19,3,19,8,19,50,0,0,0,1,0
46,460030,2,2,0,0,0,2,2,103,0,31,5,2016,3,9,15,1,1,2,1,2,"US-16 W","WILDERNESS CANYON RD",582,43.97228611,-103.31899444,0,12,6,0,2,3,0,1,1,1,0,1,0,"0000000",9,16,9,35,9,47,0,0,0,1,1
46,460031,2,2,0,0,0,4,4,109,0,3,6,2016,6,17,58,0,1,4,1,3,"SR-127","468TH AVE",2361,45.86325278,-96.8342,3,12,6,0,2,2,0,1,1,1,0,1,0,"0000000",17,58,18,4,18,30,0,0,0,1,1
46,460032,1,1,0,0,0,1,1,99,0,4,6,2016,7,23,20,0,1,5,2,4,"CR-258TH ST","",0,43.6454,-96.74171667,0,23,0,0,1,1,0,4,2,1,0,1,0,"0000000",23,32,23,35,0,5,0,0,0,1,1
46,460033,2,2,0,0,0,2,2,103,2250,11,6,2016,7,21,45,1,2,3,1,2,"US-16","",684,44.06199167,-103.23241111,0,12,6,0,8,1,0,1,3,1,0,1,0,"0000000",21,46,21,50,88,88,0,0,0,1,0
46,460034,1,1,0,0,0,1,1,81,0,18,6,2016,7,20,30,0,1,7,64,4,"CR-BOX ELDER FORKS RD","",0,44.19597778,-103.52221389,0,35,0,0,1,1,0,4,5,1,0,1,0,"0000000",99,99,99,99,88,88,0,0,0,1,1
46,460035,1,1,0,0,0,3,3,81,0,22,6,2016,4,19,15,1,1,1,1,1,"I-90 E","",261,44.44701389,-103.59416667,0,1,0,0,1,1,0,4,1,1,0,1,0,"0000000",99,99,99,99,99,99,0,0,0,1,0
46,460036,1,1,0,0,0,5,5,35,0,25,6,2016,7,3,55,0,1,7,3,4,"CR-258TH ST","",0,43.64425278,-98.02401111,0,42,0,0,1,1,0,4,2,1,0,1,0,"0000000",4,3,4,19,4,51,0,0,0,1,1
46,460037,1,1,0,0,0,6,6,113,0,8,4,2016,6,6,15,0,1,7,2,4,"CR-OLD SUNDANCE RD","",0,43.02823611,-102.54414444,3,1,0,0,1,1,0,4,1,1,0,1,0,"0000000",99,99,99,99,99,99,0,0,0,2,1
46,460038,1,1,0,0,0,1,1,129,0,25,6,2016,7,22,12,0,1,7,2,4,"CR-309TH AVE","",0,45.51955,-99.99690556,0,11,0,0,1,1,0,1,2,1,0,1,0,"0000000",22,15,22,22,22,56,0,0,0,1,0
46,460039,1,1,0,0,0,1,1,129,0,30,6,2016,5,14,53,0,1,4,1,3,"SR-47","",2131,45.38411111,-99.79055833,0,1,0,0,1,1,0,4,1,1,0,1,0,"0000000",88,88,88,88,88,88,0,0,0,1,0
46,460040,1,1,0,0,0,1,1,127,0,3,7,2016,1,23,19,0,1,5,2,4,"CR-13","",0,43.00488056,-96.53386389,0,32,0,0,1,1,0,4,2,1,0,1,0,"0000000",99,99,99,99,99,99,0,0,0,1,1
46,460041,1,1,0,0,0,1,1,61,0,17,7,2016,1,18,10,0,1,7,4,4,"CR-264TH ST","",0,43.55705556,-97.95761944,0,1,0,0,1,1,0,4,1,1,0,1,0,"0000000",18,21,18,40,88,88,0,0,0,1,1
46,460042,2,2,0,0,0,2,2,21,0,18,7,2016,2,8,14,1,1,3,1,2,"US-83","",2187,45.62555,-100.06601944,0,12,2,0,1,1,0,1,1,1,0,1,0,"0000000",8,22,8,52,9,14,0,0,0,1,0
46,460043,2,2,0,1,1,2,2,99,2450,19,7,2016,3,4,42,1,2,1,1,1,"I-229 N OFF-RAMP","",0,43.58594444,-96.69107778,0,8,0,1,20,1,0,1,2,10,0,10,0,"0000000",4,47,5,10,88,88,0,0,0,1,0