"STATE","ST_CASE","VE_TOTAL","VE_FORMS","PVH_INVL","PEDS","PERNOTMVIT","PERMVIT","PERSONS","COUNTY","CITY","DAY","MONTH","YEAR","DAY_WEEK","HOUR","MINUTE","NHS","RUR_URB","FUNC_SYS","RD_OWNER","ROUTE","TWAY_ID","TWAY_ID2","MILEPT","LATITUDE","LONGITUD","SP_JUR","HARM_EV","MAN_COLL","RELJCT1","RELJCT2","TYP_INT","WRK_ZONE","REL_ROAD","LGT_COND","WEATHER1","WEATHER2","WEATHER","SCH_BUS","RAIL","NOT_HOUR","NOT_MIN","ARR_HOUR","ARR_MIN","HOSP_HR","HOSP_MN","CF1","CF2","CF3","FATALS","DRUNK_DR"
46,460044,1,1,0,0,0,2,2,135,0,9,7,2016,7,11,47,0,1,5,2,4,"CR-448TH AVE","",0,43.11436667,-97.23937222,0,11,0,0,1,1,0,1,1,1,0,1,0,"0000000",11,51,12,14,99,99,0,0,0,1,0
46,460045,1,1,0,0,0,3,3,109,0,20,7,2016,4,21,30,0,1,5,2,4,"CR-458TH AVE","",0,45.35956111,-97.04135278,3,1,0,0,1,1,0,4,2,1,0,1,0,"0000000",21,45,22,9,23,5,0,0,0,1,0
46,460046,2,2,0,0,0,2,2,107,0,24,7,2016,1,21,50,1,1,3,1,2,"US-212","316TH AVE",2319,45.05458333,-99.83760833,0,12,6,0,2,2,0,1,2,1,0,1,0,"0000000",21,50,22,0,22,20,0,0,0,1,0
46,460047,2,2,0,0,0,2,2,13,10,26,7,2016,3,7,48,0,2,7,4,6,"3RD ST N","6TH AVE NW",0,45.471725,-98.49236667,0,12,6,0,2,2,0,1,1,10,0,10,0,"0000000",99,99,99,99,99,99,0,0,0,1,0
46,460048,1,1,0,0,0,1,1,93,0,29,7,2016,6,17,39,1,1,3,1,2,"US-212","",682,44.95996667,-102.94594722,0,1,0,0,1,1,0,4,1,1,0,1,0,"0000000",17,38,99,97,99,97,0,0,0,1,0
46,460049,1,1,0,0,0,2,2,71,0,2,8,2016,3,12,35,0,1,5,1,3,"SR-63","",740,43.81187222,-101.26334722,0,1,0,0,1,1,0,4,1,1,0,1,0,"0000000",12,42,13,10,88,88,0,0,0,2,1
46,460050,1,1,0,0,0,1,1,103,0,3,8,2016,4,19,17,0,1,5,2,4,"CR-ROCKFORD RD","",0,44.12133333,-103.70975278,0,1,0,0,1,1,0,1,1,1,0,1,0,"0000000",20,45,21,47,88,88,0,0,0,1,1
46,460051,1,1,0,0,0,1,1,81,0,4,8,2016,5,11,44,1,2,3,1,2,"US-14A","",314,44.29252222,-103.83035556,0,59,0,0,1,1,0,4,1,1,0,1,0,"0000000",12,44,12,55,88,88,0,0,0,1,0
46,460052,1,1,0,0,0,2,2,109,0,5,8,2016,6,14,36,0,1,5,2,4,"CR-473TH AVE","",0,45.75048611,-96.72985278,3,1,0,0,1,1,0,4,1,1,0,1,0,"0000000",14,36,14,50,88,88,0,0,0,1,0
46,460053,1,1,0,0,0,1,1,59,0,5,8,2016,6,16,5,0,1,5,2,4,"CR-349TH AVE","",0,44.45693056,-99.21608889,0,31,0,0,1,1,0,4,1,1,0,1,0,"0000000",16,9,16,30,88,88,0,0,0,1,0
46,460054,1,1,0,0,0,1,1,81,0,8,8,2016,2,14,30,1,1,3,1,2,"US-14A","",493,44.39793056,-103.58458056,0,1,0,0,1,1,0,4,1,1,0,1,0,"0000000",14,38,14,44,88,88,0,0,0,1,0
46,460055,2,2,0,0,0,3,3,103,1320,9,8,2016,3,13,48,1,1,3,1,2,"US-16","",413,43.93732778,-103.56202778,0,12,1,0,8,1,0,1,1,1,0,1,0,"0000000",13,49,13,52,14,28,0,0,0,1,1
46,460056,1,1,0,0,0,2,2,3,0,11,8,2016,5,14,55,1,1,1,1,1,"I-90 W","",2955,43.71958611,-98.73668889,0,1,0,0,1,1,0,4,1,1,0,1,0,"0000000",99,99,99,99,99,99,0,0,0,2,0
46,460057,2,2,0,0,0,4,4,19,0,12,8,2016,6,11,37,1,1,3,1,3,"SR-79","",1285,44.65526111,-103.42749444,0,11,0,0,1,1,0,1,1,1,0,1,0,"0000000",11,37,11,45,13,13,0,0,0,1,0
46,460058,2,2,0,0,0,2,2,85,0,14,8,2016,1,11,41,1,1,1,1,1,"I-90 E","",2190,43.91205,-100.18880556,0,12,1,0,1,1,0,1,1,1,0,1,0,"0000000",11,45,12,14,99,99,0,0,0,1,0
46,460059,1,1,0,0,0,3,3,113,0,7,5,2016,7,7,0,0,1,5,62,4,"CR-BIA 41","",0,43.14526111,-102.81018889,3,34,0,0,1,1,0,4,9,1,0,1,0,"0000000",88,88,88,88,88,88,0,0,0,3,1
46,460060,1,1,0,1,1,3,3,113,0,22,5,2016,1,18,26,0,1,7,62,4,"CR-SITTING BULL RD","",0,43.02901111,-102.54993611,3,8,0,0,1,1,0,5,1,1,0,1,0,"0000000",99,99,99,99,88,88,0,0,0,1,1
46,460061,2,2,0,0,0,3,3,113,0,2,7,2016,7,11,36,0,1,5,62,4,"CR-BIA 4","",0,43.39163056,-102.15222778,3,12,2,0,1,1,0,1,1,1,0,1,0,"0000000",99,99,99,99,99,99,0,0,0,1,1
46,460062,2,2,0,0,0,2,2,29,0,10,8,2016,4,5,48,0,2,4,1,3,"SR-20","AIRPORT DR W",3970,44.92843611,-97.153375,0,12,6,0,2,2,0,1,2,10,0,10,0,"0000000",5,51,5,59,6,23,0,0,0,1,0
46,460063,1,1,0,1,1,1,1,113,0,29,7,2016,6,21,34,0,1,5,62,4,"CR-BIA 4","",0,43.39913611,-102.157475,3,8,0,0,1,1,0,1,2,10,0,10,0,"0000000",99,99,99,99,99,99,0,0,0,1,0
46,460064,2,2,0,0,0,6,6,43,0,24,8,2016,4,15,27,0,1,4,1,3,"SR-44","CR-376TH AVE",3148,43.38450278,-98.66495,0,12,6,0,2,2,0,1,1,10,0,10,0,"0000000",15,30,15,38,16,0,0,0,0,1,0
46,460065,2,2,0,0,0,7,7,113,0,21,7,2016,5,15,22,1,1,3,1,2,"US-18","",1022,43.04285278,-102.56633889,3,12,2,0,1,1,0,1,1,1,0,1,0,"0000000",99,99,99,99,99,99,0,0,0,2,1
46,460066,2,2,0,0,0,2,2,99,0,30,8,2016,3,12,35,0,1,4,1,3,"SR-42","",3773,43.50854722,-96.519575,0,12,1,0,1,1,0,1,1,1,0,1,0,"0000000",12,36,12,48,13,8,0,0,0,1,0
46,460067,2,2,0,0,0,5,5,11,0,2,9,2016,6,17,23,1,1,3,1,2,"US-14","",4080,44.32635,-97.02920556,0,12,2,0,1,1,0,1,1,1,0,1,0,"0000000",17,26,17,36,17,56,0,0,0,2,0
46,460068,2,2,0,0,0,3,3,81,0,5,9,2016,2,9,43,1,1,3,1,2,"US-14A","",501,44.40203056,-103.57445,0,12,2,0,1,1,0,1,1,10,0,10,0,"0000000",9,45,9,52,88,88,0,0,0,1,0
46,460069,2,2,0,0,0,2,2,33,0,7,9,2016,4,14,39,0,1,4,1,3,"SR-87","",499,43.6763,-103.47076111,0,1,0,0,1,1,0,4,1,1,0,1,0,"0000000",14,39,15,2,15,39,0,0,0,1,0
46,460070,1,1,0,0,0,1,1,31,0,8,9,2016,5,20,20,1,1,3,1,2,"US-12","",1071,45.93159722,-101.84461389,3,58,0,0,1,1,0,4,2,1,0,1,0,"0000000",20,24,20,42,88,88,0,0,0,1,0
46,460071,1,1,0,0,0,1,1,51,0,10,9,2016,7,2,15,0,1,7,2,4,"CR-480TH ST","",0,45.28280278,-96.59645278,0,35,0,0,1,1,0,4,2,1,0,1,0,"0000000",2,15,2,27,2,45,0,0,0,1,1
46,460072,1,1,0,0,0,1,1,69,0,11,9,2016,1,10,44,0,1,7,2,4,"CR-341ST AVE","",0,44.40833889,-99.36134167,0,1,0,0,1,1,0,4,1,1,0,1,0,"0000000",10,44,10,52,11,52,0,0,0,1,0
46,460073,2,1,1,0,0,1,1,113,0,8,9,2016,5,18,48,1,1,3,1,2,"US-18","",1188,43.04684167,-102.26670833,3,1,0,0,1,1,1,4,5,1,0,1,0,"0000000",99,99,99,99,99,99,0,0,0,1,0
46,460074,1,1,0,0,0,2,2,81,0,21,9,2016,4,1,0,0,1,5,2,4,"CR-MCGUIGAN RD","",0,44.48747778,-103.89020278,0,1,0,0,1,1,0,4,2,1,0,1,0,"0000000",1,11,1,20,1,47,0,0,0,1,1
46,460075,1,1,0,1,1,1,1,17,0,21,8,2016,1,17,45,0,1,7,62,4,"CR-BURTON STEEP LOOP","",0,44.06296667,-99.43991667,3,8,0,0,1,1,0,1,1,1,0,1,0,"0000000",99,99,99,99,99,99,0,0,0,1,0
46,460076,1,1,0,0,0,1,1,125,0,3,10,2016,2,22,25,0,1,5,2,4,"CR-280TH ST","",0,43.32834444,-97.38285278,0,5,0,0,1,1,0,1,2,1,0,1,0,"0000000",22,25,99,99,99,99,0,0,0,1,1
46,460077,1,1,0,0,0,1,1,123,0,8,10,2016,7,99,99,0,1,6,2,4,"CR-297TH AVE","",0,43.45585833,-100.20566944,0,38,0,0,1,1,0,4,9,1,0,1,0,"0000000",88,88,88,88,88,88,0,0,0,1,1
46,460078,2,2,0,0,0,3,3,99,2450,9,10,2016,1,18,57,0,2,5,4,6,"41ST ST W","HOLBROOK AVE",0,43.51481667,-96.800875,0,12,6,0,2,2,0,1,5,1,0,1,0,"0000000",18,59,19,3,19,32,0,0,0,1,0
46,460079,1,1,0,1,1,1,1,103,2250,12,10,2016,4,0,16,0,2,4,4,6,"NORTH ST E","",0,44.08756389,-103.19865556,0,8,0,0,1,1,0,1,3,10,0,10,0,"0000000",0,16,0,22,99,96,0,0,0,1,0
46,460080,1,1,0,0,0,1,1,49,0,15,10,2016,7,10,35,1,1,3,1,2,"US-212","",2573,45.04231111,-99.32211111,0,1,0,0,1,1,0,4,1,1,0,1,0,"0000000",10,55,10,59,11,5,0,0,0,1,0
46,460081,1,1,0,0,0,1,1,45,0,2,10,2016,1,19,39,1,1,3,1,2,"US-12","",2729,45.44743056,-98.82698889,0,1,0,0,1,1,0,1,2,1,0,1,0,"0000000",19,44,19,50,20,44,0,0,0,1,0
46,460082,1,1,0,0,0,1,1,91,0,19,10,2016,4,15,55,0,1,5,2,4,"CR-122ND ST","",0,45.61689722,-97.70691667,0,30,0,0,1,1,0,4,1,1,0,1,0,"0000000",16,7,16,20,16,37,0,0,0,1,1
46,460083,2,2,0,0,0,2,2,27,0,19,10,2016,4,19,41,1,1,2,1,3,"SR-50","SR-19",4087,42.79372222,-96.948775,0,12,6,0,2,2,0,1,2,2,0,2,0,"0000000",19,41,19,50,20,8,0,0,0,1,1
46,460084,1,1,0,0,0,2,2,35,0,1,10,2016,7,16,39,1,1,1,1,1,"I-90 E","",3245,43.69525833,-98.16281111,0,35,0,0,1,1,0,3,1,1,0,1,0,"0000000",16,41,16,49,17,16,0,0,0,1,0
46,460085,2,2,0,0,0,3,3,45,0,24,10,2016,2,21,25,1,1,3,1,2,"US-12 W","SR-47",2330,45.44531389,-99.64707222,0,12,6,0,2,2,0,1,3,1,0,1,0,"0000000",21,34,21,36,21,53,0,0,0,1,0
46,460086,2,2,0,0,0,3,3,93,0,25,10,2016,3,9,10,0,1,5,2,4,"CR-194TH ST","CR-BEAR BUTTE RD",0,44.59025,-103.467175,0,12,6,0,2,2,0,1,1,1,0,1,0,"0000000",9,13,99,99,99,99,0,0,0,2,0
46,460087,2,2,0,0,0,2,2,19,0,26,10,2016,4,18,20,1,1,3,1,2,"US-212","",321,44.67673056,-103.51282778,0,12,1,0,1,1,0,1,5,1,0,1,0,"0000000",18,23,18,26,99,99,0,0,0,1,1
46,460088,1,1,0,0,0,5,5,99,0,28,10,2016,6,17,30,0,1,6,2,4,"CR-245TH ST","",0,43.83421389,-97.02971111,0,1,0,0,1,1,0,1,1,10,0,10,0,"0000000",17,32,18,0,18,44,0,0,0,1,0
46,460089,2,2,0,0,0,2,2,25,1090,28,10,2016,6,16,11,0,1,5,2,4,"CR-167TH ST","CR-432ND AVE",0,44.96372222,-97.57554722,0,12,6,0,2,2,0,1,1,1,0,1,0,"0000000",88,88,88,88,88,88,0,0,0,1,0
46,460090,1,1,0,0,0,4,4,103,0,31,10,2016,2,7,23,1,1,1,1,1,"I-90 E","",740,44.11044167,-102.91234444,0,1,0,0,1,1,0,4,1,1,0,1,0,"0000000",7,25,7,37,99,99,0,0,0,1,0
46,460091,1,1,0,0,0,3,3,21,0,12,11,2016,7,22,30,0,1,5,1,3,"SR-1804","",3975,45.92800278,-100.36106667,0,1,0,0,1,1,0,4,2,1,0,1,0,"0000000",22,43,23,12,0,30,0,0,0,1,1
46,460092,1,1,0,0,0,1,1,11,0,11,11,2016,6,0,0,0,1,6,2,4,"CR-200TH ST","",0,44.48745833,-96.54505556,0,1,0,0,1,1,0,1,2,1,0,1,0,"0000000",88,88,88,88,88,88,0,0,0,1,0
46,460093,1,1,0,0,0,1,1,121,0,12,11,2016,7,18,17,1,1,3,1,2,"US-83","",69,43.09508333,-100.6005,3,1,0,0,1,1,0,4,2,1,0,1,0,"0000000",17,55,18,16,88,88,0,0,0,1,1
46,460094,1,1,0,0,0,2,2,57,0,20,11,2016,1,15,5,0,1,5,2,4,"CR-438TH AVE","",0,44.71556667,-97.45125556,0,1,0,0,1,1,0,5,1,1,0,1,0,"0000000",15,12,15,40,16,43,0,0,0,1,0
46,460095,1,1,0,0,0,2,2,69,0,26,11,2016,7,9,53,0,1,4,1,3,"SR-47","",1200,44.27943889,-99.44164167,0,1,0,0,1,1,0,1,1,1,0,1,0,"0000000",88,88,88,88,88,88,0,0,0,2,1
46,460096,2,2,0,0,0,3,3,135,0,28,11,2016,2,12,29,0,1,5,2,4,"CR-309TH ST","",0,42.90911389,-97.29425,0,12,6,0,1,1,0,1,1,10,0,10,0,"0000000",12,34,12,40,13,0,0,0,0,1,0
46,460097,1,1,0,0,0,3,3,113,0,16,9,2016,6,10,34,0,1,5,62,4,"CR-BIA 41","",0,43.14986667,-102.81096667,3,1,0,0,1,1,0,4,1,1,0,1,0,"0000000",99,99,99,99,99,99,0,0,0,1,1
46,460098,1,1,0,0,0,2,2,135,0,4,12,2016,1,2,54,0,1,7,3,4,"CR-300TH AVE","",0,43.03924444,-97.39382778,0,1,0,0,1,1,0,4,2,1,0,1,0,"0000000",99,99,99,99,99,99,0,0,0,1,1
46,460099,2,2,0,0,0,3,3,125,0,30,11,2016,4,18,0,1,1,3,1,2,"US-18","",4270,43.25768889,-96.95530278,0,12,1,0,1,1,0,1,2,10,0,10,0,"0000000",99,99,99,99,99,99,0,0,0,1,0
46,460100,1,1,0,0,0,1,1,81,0,20,10,2016,5,20,0,0,1,6,2,4,"CR-BROWNSVILLE RD","",0,44.28334167,-103.78457222,0,1,0,0,1,1,0,4,2,1,0,1,0,"0000000",88,88,88,88,88,88,0,0,0,1,1
46,460101,1,1,0,0,0,1,1,99,0,23,12,2016,6,7,22,1,1,1,1,1,"I-90 E OFF-RAMP","",4103,43.60854722,-96.49577778,0,1,0,1,5,1,0,8,1,1,0,1,0,"0000000",7,35,7,54,8,26,0,0,0,1,1
46,460102,1,1,0,0,0,1,1,33,0,26,12,2016,2,11,15,1,1,2,1,3,"SR-79 S","",547,43.76157778,-103.219625,0,31,0,0,1,1,0,4,1,1,0,1,0,"0000000",11,16,11,43,88,88,0,0,0,1,0
46,460103,1,1,0,0,0,1,1,99,2450,26,4,2016,3,14,40,0,2,5,4,6,"ALGONQUIN ST W","INDUSTRIAL AVE W",0,43.57285556,-96.74207222,0,1,0,0,3,3,0,1,1,10,0,10,0,"0000000",14,41,14,47,15,0,0,0,0,1,0
47,470001,3,3,0,0,0,3,3,11,0,2,1,2016,7,18,29,1,2,1,1,1,"I-75","",81,35.18453056,-84.90713889,0,12,1,0,1,1,0,1,2,1,0,1,0,"0000000",99,99,99,99,88,88,0,0,0,1,0
47,470002,2,2,0,0,0,2,2,103,0,5,1,2016,3,12,37,1,1,3,1,2,"US-231/431 SR-10 HUNTSVILLE HW","",12,35.0075,-86.57718056,0,12,2,0,1,1,0,1,1,1,0,1,0,"0000000",99,99,99,99,99,99,0,0,0,1,0
47,470003,2,2,0,0,0,2,2,111,0,7,1,2016,5,8,17,1,1,3,1,3,"SR-52 HWY 52 W","",76,36.53048889,-86.10151944,0,12,2,0,1,1,0,1,1,1,0,1,0,"0000000",99,99,99,99,88,88,0,0,0,1,0
47,470004,2,2,0,0,0,2,2,43,0,14,1,2016,5,7,5,1,1,1,1,1,"I-40","",64,36.01013889,-87.38323056,0,12,1,0,1,1,0,1,1,1,0,1,0,"0000000",99,99,99,99,99,99,0,0,0,1,0
47,470005,2,2,0,0,0,2,2,3,0,18,1,2016,2,6,45,1,2,3,1,2,"US-231 SR-10","",160,35.56681111,-86.44553889,0,12,6,0,1,1,0,1,4,1,0,1,0,"0000000",99,99,99,99,99,99,0,0,0,1,0
47,470006,2,2,0,0,0,2,2,123,2369,21,1,2016,5,11,53,0,2,4,1,3,"SR-322 OAKLAND RD","",11,35.61775,-84.48795,0,12,2,0,1,1,0,1,1,1,0,1,0,"0000000",99,99,99,99,99,99,0,0,0,1,0
47,470007,1,1,0,1,1,1,1,157,1620,28,1,2016,5,6,3,0,2,4,4,6,"HOLMES RD","",95,35.00606667,-89.93675833,0,8,0,0,1,1,0,1,3,1,0,1,0,"0000000",99,99,99,99,88,88,0,0,0,1,0
47,470008,1,1,0,1,1,2,2,37,1760,1,1,2016,6,16,59,0,2,7,4,6,"NESBITT LN","",5,36.27348889,-86.7183,0,8,0,0,1,1,0,4,5,1,0,1,0,"0000000",99,99,99,99,99,99,0,0,0,1,0
47,470009,2,2,0,0,0,2,2,93,1300,15,1,2016,6,15,57,0,2,4,1,3,"SR-168 W GOV JOHN SEVIER HWY","EXIT CHAPMAN HWY",69,35.90915,-83.83768889,0,12,6,0,2,3,0,1,1,10,0,10,0,"0000000",99,99,99,99,99,99,0,0,0,1,0
47,470010,2,2,0,0,0,2,2,125,410,11,1,2016,2,10,19,1,2,3,1,2,"US-79 SR-13 KRAFT ST","",201,36.54179167,-87.35716111,0,12,2,0,1,1,0,1,1,1,0,1,0,"0000000",99,99,99,99,99,99,0,0,0,1,1
47,470011,2,2,0,0,0,2,2,43,0,9,1,2016,7,12,28,0,1,4,1,2,"US-70 SR-1","",16,36.09125,-87.5167,0,12,6,0,8,1,0,1,1,2,0,2,0,"0000000",99,99,99,99,99,99,0,0,0,1,0
47,470012,1,1,0,0,0,1,1,157,1620,8,1,2016,6,5,20,1,2,3,1,2,"US-51 SR-3 THOMAS ST","",165,35.23932222,-90.01125,0,35,0,0,1,1,0,3,4,2,0,2,0,"0000000",99,99,99,99,99,99,0,0,0,1,0
47,470013,2,2,0,0,0,2,2,59,1010,7,1,2016,5,13,20,1,2,3,1,3,"SR-70/107 ASHVILLE HWY","",137,36.13482778,-82.85143056,0,12,2,0,1,1,0,1,1,1,0,1,0,"0000000",99,99,99,99,99,99,0,0,0,1,0
47,470014,2,2,0,0,0,3,3,93,0,26,1,2016,3,10,33,0,1,5,1,2,"US-441 SR-71 NORRIS FRWY","",129,36.11886944,-83.98976111,0,12,2,0,1,1,0,1,1,2,0,2,0,"0000000",99,99,99,99,99,99,0,0,0,1,0
47,470015,1,1,0,0,0,3,3,189,1360,5,1,2016,3,16,56,1,2,3,1,2,"US-70 SR-24 LEBANON RD","",125,36.22928056,-86.37728889,0,39,0,0,1,1,0,4,5,1,0,1,0,"0000000",99,99,99,99,99,99,0,0,0,1,1
47,470016,3,3,0,0,0,4,4,149,1750,27,1,2016,4,14,24,1,2,3,1,2,"US-41/231 SR-1 NW BROAD ST","US-231 SR-10 S CHURCH ST",171,35.84225,-86.39198056,0,12,6,0,2,2,0,1,1,1,0,1,0,"0000000",99,99,99,99,99,99,0,0,0,1,0
47,470017,2,2,0,0,0,2,2,189,0,15,1,2016,6,15,10,1,2,3,1,3,"SR-109","",148,36.336,-86.4362,0,12,2,0,1,1,0,1,1,2,0,2,0,"0000000",99,99,99,99,99,99,0,0,0,1,1
47,470018,1,1,0,1,1,1,1,149,2250,19,1,2016,3,19,35,0,2,4,1,3,"SR-266 W SAM RIDLEY PKWY","OLD NASHVILLE HWY",15,35.98655,-86.54875,0,8,0,0,2,2,0,1,3,10,0,10,0,"0000000",99,99,99,99,99,99,0,0,0,1,0
47,470019,1,1,0,0,0,2,2,189,0,15,1,2016,6,99,99,0,2,7,2,4,"CR-S POSEY HILL RD","",12,36.17673889,-86.4433,0,42,0,0,1,1,0,4,2,10,0,10,0,"0000000",99,99,99,99,99,99,0,0,0,1,0
47,470020,1,1,0,0,0,1,1,37,1760,1,1,2016,6,4,12,1,2,3,1,2,"US-70S SR-1 MEMPHIS-BRISTOL HW","",105,36.09643889,-86.87741111,0,43,0,0,1,1,0,4,3,1,0,1,0,"0000000",99,99,99,99,99,99,0,0,0,1,0
47,470021,2,1,1,0,0,1,1,157,1620,1,1,2016,6,15,30,1,2,1,1,1,"I-240","",164,35.11369444,-89.86962222,0,25,0,0,1,1,0,4,1,1,0,1,0,"0000000",99,99,99,99,88,88,0,0,0,1,1
47,470022,1,1,0,0,0,2,2,157,1620,3,1,2016,1,21,30,1,2,2,1,3,"SR-385 BILL MORRIS PKWY RAMP","",1,35.08348889,-89.87793056,0,24,0,1,5,1,0,4,3,1,0,1,0,"0000000",99,99,99,99,88,88,0,0,0,1,0
47,470023,1,1,0,0,0,2,2,69,0,2,1,2016,7,2,39,0,1,6,2,4,"CR-PARK SWAIN RD","",34,35.0049,-89.18133056,0,34,0,0,1,1,0,4,2,1,0,1,0,"0000000",99,99,99,99,88,88,0,0,0,2,1
47,470024,1,1,0,0,0,7,7,113,1200,10,1,2016,1,6,0,1,2,1,1,1,"I-40 US-412","",125,35.65906111,-88.86803056,0,1,0,0,1,1,0,1,3,10,0,10,0,"0000000",99,99,99,99,99,99,0,0,0,1,0
47,470025,1,1,0,1,1,2,2,157,1620,3,1,2016,1,2,25,1,2,1,1,1,"I-40","",139,35.15415278,-89.887375,0,8,0,1,18,1,1,1,2,1,0,1,0,"0000000",99,99,99,99,99,99,23,0,0,1,0
47,470026,1,1,0,0,0,2,2,65,400,3,1,2016,1,4,30,1,2,3,1,2,"US-11/64 SR-2 BRAINERD RD","",143,35.00991944,-85.22021944,0,31,0,0,1,1,0,5,3,1,0,1,0,"0000000",99,99,99,99,88,88,0,0,0,2,1
47,470027,1,1,0,0,0,1,1,149,1750,3,1,2016,1,20,18,0,2,4,2,6,"S RUTHERFORD BLVD","",15,35.81135,-86.37181111,0,30,0,0,1,1,0,4,3,1,0,1,0,"0000000",99,99,99,99,99,99,0,0,0,1,0
47,470028,3,3,0,0,0,3,3,45,710,4,1,2016,2,6,30,0,2,4,1,3,"SR-211","SAMARIA BEND RD",5,36.01153889,-89.39553056,0,12,2,0,3,3,0,1,3,10,0,10,0,"0000000",99,99,99,99,99,99,0,0,0,1,0
47,470029,2,2,0,0,0,2,2,153,0,15,1,2016,6,12,25,1,1,3,1,3,"SR-8/11","",205,35.41793056,-85.41746111,0,12,2,0,1,1,0,1,1,10,0,10,0,"0000000",99,99,99,99,99,99,0,0,0,1,0
47,470030,2,2,0,0,0,2,2,119,470,20,1,2016,4,5,0,1,1,3,1,2,"US-412 SR-99 BEAR CREEK PK","",222,35.63761944,-86.92516944,0,12,1,0,1,1,0,1,2,3,0,3,0,"0000000",99,99,99,99,99,99,0,0,0,1,0
47,470031,2,2,0,0,0,2,2,179,985,27,1,2016,4,18,46,0,2,5,2,4,"CR-OLD GRAY STATION RD","",0,36.41161111,-82.472925,0,12,6,0,8,1,0,1,5,1,0,1,0,"0000000",99,99,99,99,99,99,0,0,0,1,0
47,470032,1,1,0,0,0,1,1,65,400,24,1,2016,1,7,16,1,2,3,1,3,"SR-58","",95,35.11385,-85.1305,0,35,0,0,1,1,0,4,1,1,0,1,0,"0000000",99,99,99,99,88,88,0,0,0,1,0
47,470033,1,1,0,1,1,1,1,93,0,28,1,2016,5,19,13,0,2,7,2,4,"CR-CROSSLANE RD","",10,35.96351111,-84.12821111,0,15,0,0,1,1,0,1,2,1,0,1,0,"0000000",99,99,99,99,88,88,0,0,0,1,0
47,470034,1,1,0,0,0,1,1,35,540,29,1,2016,6,22,45,0,2,7,4,6,"INDUSTRIAL BLVD","",4,35.9663,-85.0295,0,1,0,0,1,1,0,1,3,1,0,1,0,"0000000",22,50,22,58,23,15,0,0,0,1,0
47,470035,2,2,0,0,0,2,2,103,0,25,1,2016,2,12,33,1,2,3,1,2,"US-231/431 SR-10 HUNTSVILLE HW","",51,35.06431111,-86.57266111,0,18,0,0,1,1,0,1,1,1,0,1,0,"0000000",99,99,99,99,99,99,0,0,0,1,1
47,470036,2,2,0,0,0,5,5,175,0,31,1,2016,1,8,4,1,1,3,1,3,"SR-111 BEECH RD","CR-HODGES FERRY RD",186,35.80783056,-85.45881111,0,12,6,0,2,2,0,1,1,1,0,1,0,"0000000",8,0,8,14,99,99,0,0,0,1,0
47,470037,1,1,0,0,0,2,2,93,0,20,1,2016,4,9,42,0,2,6,2,4,"CR-SOLWAY RD","",11,35.96669722,-84.18220833,0,42,0,0,1,1,0,4,1,4,0,4,0,"0000000",99,99,99,99,99,99,0,0,0,1,0
47,470038,1,1,0,0,0,1,1,105,0,21,1,2016,5,23,12,0,2,4,1,3,"SR-324 SUGAR LIMB RD","",16,35.76988056,-84.32178056,0,35,0,0,1,1,0,4,2,10,0,10,0,"0000000",99,99,99,99,88,88,0,0,0,1,1
47,470040,1,1,0,0,0,1,1,93,1300,10,1,2016,1,22,45,1,2,1,1,1,"I-75 RAMP","",32,35.99775,-83.95935,0,24,0,1,5,1,0,4,3,10,0,10,0,"0000000",99,99,99,99,99,99,0,0,0,1,0
47,470041,2,2,0,0,0,2,2,93,0,29,1,2016,6,13,59,0,2,4,1,3,"SR-131 E EMORY RD","CR-PEDIGO RD",170,36.05956111,-83.98135,0,12,2,0,3,3,0,1,1,10,0,10,0,"0000000",99,99,99,99,99,99,0,0,0,1,0
47,470042,1,1,0,0,0,1,1,29,0,1,2,2016,2,15,0,0,1,4,1,3,"SR-73 EDWINA RD","",91,35.92011944,-83.17378889,0,53,0,0,1,1,0,4,1,2,0,2,0,"0000000",99,99,99,99,99,99,0,0,0,1,0
47,470043,4,4,0,0,0,6,6,43,0,20,1,2016,4,20,52,1,1,1,1,1,"I-40","",177,36.02385,-87.19011944,0,12,7,0,1,1,0,1,2,10,0,10,0,"0000000",99,99,99,99,99,99,0,0,0,1,0
47,470044,1,1,0,0,0,2,2,93,1300,27,1,2016,4,22,35,0,2,7,4,6,"SKYLINE DR","",14,35.99376111,-83.87078056,0,53,0,0,1,1,0,4,1,1,0,1,0,"0000000",99,99,99,99,88,88,0,0,0,2,1
47,470045,2,2,0,0,0,4,4,103,0,31,1,2016,1,8,48,0,2,5,1,3,"SR-110 ARDMORE HWY","",158,35.06256944,-86.63015,0,12,2,0,1,1,0,1,1,1,0,1,0,"0000000",99,99,99,99,99,99,0,0,0,1,0
47,470046,2,2,0,0,0,2,2,113,0,29,1,2016,6,14,10,1,1,1,1,1,"I-40","",235,35.70213056,-88.68146944,0,12,6,0,1,1,0,1,1,1,0,1,0,"0000000",99,99,99,99,88,88,0,0,0,1,0
47,470047,1,1,0,0,0,1,1,1,0,2,2,2016,3,18,36,0,2,3,1,2,"US-25W SR-9","",170,36.02710278,-84.08453611,0,32,0,0,1,1,0,4,2,1,0,1,0,"0000000",99,99,99,99,99,99,0,0,0,1,1
47,470048,1,1,0,0,0,1,1,11,420,4,2,2016,5,99,99,1,2,1,1,1,"I-75","",126,35.23025,-84.85383056,0,42,0,0,1,1,0,4,1,1,0,1,0,"0000000",99,99,99,99,99,99,0,0,0,1,0