"STATE","ST_CASE","VE_TOTAL","VE_FORMS","PVH_INVL","PEDS","PERNOTMVIT","PERMVIT","PERSONS","COUNTY","CITY","DAY","MONTH","YEAR","DAY_WEEK","HOUR","MINUTE","NHS","RUR_URB","FUNC_SYS","RD_OWNER","ROUTE","TWAY_ID","TWAY_ID2","MILEPT","LATITUDE","LONGITUD","SP_JUR","HARM_EV","MAN_COLL","RELJCT1","RELJCT2","TYP_INT","WRK_ZONE","REL_ROAD","LGT_COND","WEATHER1","WEATHER2","WEATHER","SCH_BUS","RAIL","NOT_HOUR","NOT_MIN","ARR_HOUR","ARR_MIN","HOSP_HR","HOSP_MN","CF1","CF2","CF3","FATALS","DRUNK_DR"
47,470049,1,1,0,0,0,2,2,93,0,3,2,2016,4,19,32,0,2,6,2,4,"CR-BELL RD","",14,36.10823889,-83.89868056,0,42,0,0,1,1,0,4,2,1,0,1,0,"0000000",99,99,99,99,99,99,0,0,0,1,1
47,470050,1,1,0,0,0,5,5,93,1300,7,2,2016,1,23,11,1,1,1,1,1,"I-40","",327,35.9969,-83.71003889,0,1,0,0,1,1,0,4,2,1,0,1,0,"0000000",99,99,99,99,99,99,0,0,0,1,1
47,470051,2,2,0,0,0,2,2,9,0,5,2,2016,6,14,15,0,2,4,2,4,"CR-MORGANTON RD","",94,35.74183056,-84.01133056,0,12,2,0,1,1,0,1,1,1,0,1,0,"0000000",99,99,99,99,99,99,0,0,0,1,0
47,470052,2,2,0,0,0,2,2,1,1850,31,1,2016,1,17,39,1,2,3,1,3,"SR-62 N ILLINOIS AVE","",20,36.01153056,-84.27103889,0,12,6,0,8,1,0,1,1,1,0,1,0,"0000000",99,99,99,99,99,99,0,0,0,1,0
47,470053,1,1,0,0,0,4,4,59,1010,31,1,2016,1,21,25,0,2,7,4,6,"OLD TUSCULUM RD","",1,36.17203889,-82.78993056,0,42,0,0,1,1,0,4,2,1,0,1,0,"0000000",99,99,99,99,99,99,20,0,0,3,1
47,470054,1,1,0,0,0,3,3,57,0,6,2,2016,7,14,30,0,1,7,2,4,"CR-NARROW VALLEY RD","",6,36.27673056,-83.42928889,0,1,0,0,1,1,0,1,1,1,0,1,0,"0000000",99,99,99,99,99,99,0,0,0,1,0
47,470055,1,1,0,0,0,5,5,157,1620,31,1,2016,1,11,29,0,2,7,4,6,"LONGACRE AVE","",1,35.21286667,-89.89182778,0,5,0,0,1,1,0,1,1,1,0,1,0,"0000000",99,99,99,99,99,99,0,0,0,1,0
47,470056,3,3,0,0,0,6,6,187,0,6,2,2016,7,19,30,0,1,6,2,4,"CR-ARNO RD","SR-840 RAMP",72,35.82653056,-86.73825,0,12,6,1,2,2,0,1,2,10,0,10,0,"0000000",99,99,99,99,99,99,0,0,0,1,0
47,470057,1,1,0,1,1,2,2,47,269,31,1,2016,1,18,15,0,1,4,1,2,"US-70/79 SR-1","",46,35.36811111,-89.58346944,0,8,0,0,1,1,0,1,2,1,0,1,0,"0000000",99,99,99,99,99,99,0,0,0,1,0
47,470058,1,1,0,0,0,1,1,93,0,3,2,2016,4,19,13,1,2,3,1,2,"US-25W SR-9 CLINTON PK","",17,36.01583889,-84.04558889,0,32,0,0,1,1,0,3,5,1,0,1,0,"0000000",99,99,99,99,88,88,0,0,0,1,1
47,470060,1,1,0,1,1,1,1,157,1620,8,2,2016,2,7,1,1,2,3,4,6,"BROOKS RD","",21,35.06123611,-90.01372222,0,8,0,0,1,1,0,1,1,1,0,1,0,"0000000",99,99,99,99,99,99,0,0,0,1,0
47,470061,2,2,0,0,0,2,2,147,2040,6,2,2016,7,18,5,1,2,3,1,2,"US-41 SR-11","",7,36.3999,-86.7745,0,12,2,0,1,1,0,1,2,1,0,1,0,"0000000",99,99,99,99,99,99,0,0,0,1,0
47,470062,2,1,1,0,0,1,1,65,400,22,1,2016,6,22,28,1,2,2,1,3,"SR-319 DUPONT PKWY","",32,35.11085,-85.25173889,0,45,0,0,1,1,2,1,3,4,0,4,0,"0000000",99,99,99,99,99,99,0,0,0,1,0
47,470063,2,2,0,0,0,3,3,65,400,4,2,2016,5,13,50,1,2,2,1,2,"US-27 SR-29","",114,35.191,-85.24221111,0,12,6,0,1,1,0,1,1,1,0,1,0,"0000000",99,99,99,99,99,99,0,0,0,1,0
47,470064,2,2,0,0,0,2,2,147,0,3,2,2016,4,5,26,0,1,5,1,3,"SR-76","",98,36.48075,-86.78658889,0,12,6,0,1,1,0,1,2,1,0,1,0,"0000000",99,99,99,99,99,99,0,0,0,1,0
47,470065,1,1,0,0,0,1,1,69,0,5,2,2016,6,5,55,0,1,6,2,4,"CR-SAIN RD","",125,35.20431944,-88.99988889,0,42,0,0,1,1,0,4,2,1,0,1,0,"0000000",99,99,99,99,88,88,0,0,0,1,0
47,470066,2,2,0,0,0,3,3,165,1970,8,2,2016,2,8,21,1,2,3,1,3,"SR-52","",13,36.58341111,-86.5714,0,12,6,0,1,1,0,1,1,1,0,1,0,"0000000",99,99,99,99,99,99,0,0,0,1,0
47,470067,2,2,0,0,0,5,5,157,1620,13,2,2016,7,9,30,0,2,4,4,6,"NEW ALLEN RD","WHITNEY RD",37,35.21087222,-89.95285833,0,12,6,0,2,3,0,1,1,1,0,1,0,"0000000",99,99,99,99,99,99,0,0,0,1,0
47,470068,3,3,0,0,0,5,5,93,0,12,2,2016,6,10,40,0,2,4,1,2,"US-441 SR-71 NORRIS FRWY","",115,36.10648056,-83.97375,0,12,1,0,1,1,0,1,1,4,0,4,0,"0000000",99,99,99,99,99,99,0,0,0,1,0
47,470069,2,2,0,0,0,3,3,165,2565,7,2,2016,1,21,55,0,2,4,1,2,"US-31W SR-41","MARLIN RD",77,36.44081944,-86.6796,0,12,6,0,2,3,0,1,2,1,0,1,0,"0000000",99,99,99,99,99,99,0,0,0,1,1
47,470070,1,1,0,1,1,2,2,163,1280,13,2,2016,7,19,37,1,2,3,1,2,"US-11W SR-1 E STONE DR","",52,36.54963889,-82.52466667,0,8,0,0,1,1,0,1,3,1,0,1,0,"0000000",99,99,99,99,99,99,0,0,0,1,0
47,470071,1,1,0,0,0,1,1,43,0,11,2,2016,5,8,21,0,2,4,1,3,"SR-46","",13,35.98848056,-87.31825,0,39,0,0,1,1,0,4,1,1,0,1,0,"0000000",99,99,99,99,99,99,0,0,0,1,0
47,470072,2,2,0,0,0,2,2,183,2190,7,2,2016,1,13,50,1,1,3,1,2,"US-45E SR-43","N HIGHWAY ST",98,36.24776944,-88.83011944,0,12,6,0,2,3,0,1,1,1,0,1,0,"0000000",99,99,99,99,99,99,0,0,0,1,0
47,470073,1,1,0,0,0,1,1,3,0,11,2,2016,5,16,5,1,1,3,1,2,"US-231 SR-10","",25,35.38271944,-86.50433056,0,52,0,0,1,1,0,4,1,1,0,1,0,"0000000",99,99,99,99,99,99,0,0,0,1,0
47,470074,1,1,0,0,0,1,1,157,0,10,2,2016,4,4,30,0,1,7,2,4,"CR-PLEASANT RIDGE RD","",15,35.31663056,-89.72058056,0,30,0,0,1,1,0,4,2,1,0,1,0,"0000000",99,99,99,99,99,99,0,0,0,1,0
47,470075,2,2,0,0,0,3,3,141,50,9,2,2016,3,17,3,1,2,3,1,3,"SR-111","MIRANDY RD",100,36.20728889,-85.4437,0,12,6,0,2,3,0,1,1,4,0,4,0,"0000000",99,99,99,99,99,99,0,0,0,2,0
47,470076,2,2,0,0,0,2,2,93,0,13,2,2016,7,12,30,0,2,5,2,4,"CR-DRY GAP PK","",10,36.04705,-83.96358056,0,12,6,0,1,1,0,1,1,1,0,1,0,"0000000",99,99,99,99,99,99,0,0,0,1,0
47,470077,3,3,0,0,0,6,6,93,1300,12,2,2016,6,13,37,1,2,3,1,2,"US-11E/25W SR-9 ASHEVILLE HWY","RIVERVIEW CROSSING",82,36.01651111,-83.8264,0,12,6,0,2,2,0,1,1,10,0,10,0,"0000000",99,99,99,99,99,99,0,0,0,2,0
47,470078,2,1,1,0,0,2,2,157,1620,16,2,2016,3,10,15,1,2,2,4,6,"PLOUGH BLVD","",7,35.06169722,-90.02480278,0,14,0,0,1,1,2,2,1,2,0,2,0,"0000000",99,99,99,99,99,99,0,0,0,1,0
47,470079,1,1,0,0,0,1,1,145,0,28,1,2016,5,15,9,0,1,5,1,3,"SR-304 RIVER RD","",28,35.74623889,-84.65946944,0,35,0,0,1,1,0,4,1,1,0,1,0,"0000000",99,99,99,99,99,99,0,0,0,1,0
47,470080,2,2,0,0,0,3,3,141,0,14,2,2016,1,2,45,1,2,1,1,1,"I-40","",224,36.13638056,-85.4582,0,12,6,0,1,1,0,1,2,1,0,1,0,"0000000",99,99,99,99,99,99,0,0,0,2,1
47,470081,1,1,0,0,0,1,1,97,0,14,2,2016,1,10,0,0,1,5,1,3,"SR-19","",100,35.773,-89.7053,0,1,0,0,1,1,0,1,1,3,0,3,0,"0000000",99,99,99,99,99,99,0,0,0,1,0
47,470082,1,1,0,0,0,1,1,33,0,14,2,2016,1,10,15,1,1,3,1,2,"US-412 SR-20 HWY 412 S","",178,35.72501944,-89.06383056,0,24,0,0,1,1,0,4,1,3,0,3,0,"0000000",13,0,13,56,88,88,0,0,0,1,0
47,470083,1,1,0,0,0,1,1,147,0,14,2,2016,1,20,30,0,1,4,1,2,"US-41 SR-11","",266,36.60861944,-87.1163,0,42,0,0,1,1,0,4,2,3,0,3,0,"0000000",99,99,99,99,88,88,0,0,0,1,0
47,470084,2,2,0,0,0,3,3,37,1760,14,1,2016,5,20,3,0,2,4,4,6,"BELL RD","",52,36.14296944,-86.62688889,0,12,2,0,1,1,0,1,3,1,0,1,0,"0000000",99,99,99,99,99,99,0,0,0,1,0
47,470085,1,1,0,0,0,1,1,71,0,13,2,2016,7,11,56,0,1,7,2,4,"CR-CHILDERS HILL DR","",7,35.07395,-88.3402,0,42,0,0,1,1,0,4,1,1,0,1,0,"0000000",99,99,99,99,88,88,0,0,0,1,0
47,470086,1,1,0,0,0,3,3,123,0,11,2,2016,5,99,99,0,1,7,2,4,"CR-BULLET CREEK RD","",6,35.28879722,-84.48493611,0,1,0,0,1,1,0,4,6,1,0,1,0,"0000000",99,99,99,99,99,99,0,0,0,1,1
47,470087,2,2,0,0,0,4,4,157,1620,19,2,2016,6,21,5,1,2,3,1,3,"SR-14 AUSTIN PEAY HWY","COLEMAN RD",214,35.21366667,-89.91662778,0,12,6,0,2,2,0,1,3,1,0,1,0,"0000000",99,99,99,99,99,99,0,0,0,1,1
47,470088,2,2,0,0,0,3,3,93,0,20,2,2016,7,15,51,1,2,3,1,2,"US-441 SR-71 CHAPMAN HWY","",11,35.89396944,-83.80935,0,12,2,0,1,1,0,1,1,10,0,10,0,"0000000",99,99,99,99,88,88,0,0,0,3,0
47,470089,1,1,0,0,0,1,1,157,0,21,2,2016,1,3,0,0,2,7,2,4,"CR-PISGAH RD","",2,35.15880556,-89.709675,0,42,0,0,1,1,0,4,2,1,0,1,0,"0000000",99,99,99,99,88,88,0,0,0,1,1
47,470090,3,3,0,0,0,4,4,43,390,14,2,2016,1,12,38,0,1,4,1,3,"SR-47","SR-48",198,36.17145,-87.34683889,0,12,6,0,2,3,0,1,1,2,0,2,0,"0000000",99,99,99,99,99,99,0,0,0,1,0
47,470091,2,2,0,0,0,2,2,93,0,15,2,2016,2,8,17,0,1,5,1,3,"SR-131 TAZEWELL PK","",278,36.15553056,-83.8382,0,12,6,0,1,1,0,1,1,4,0,4,0,"0000000",99,99,99,99,99,99,0,0,0,1,0
47,470092,3,3,0,0,0,8,8,37,1760,30,1,2016,7,12,46,1,2,3,1,2,"US-31E SR-6 GALLATIN PK","",169,36.24101111,-86.72341944,0,12,2,0,8,1,0,1,1,1,0,1,0,"0000000",99,99,99,99,99,99,0,0,0,1,0
47,470093,1,1,0,0,0,1,1,113,0,2,2,2016,3,9,45,0,1,7,2,4,"CR- LIBERTY RD","",4,35.66856944,-88.6797,0,35,0,0,1,1,0,4,1,10,0,10,0,"0000000",88,88,88,88,88,88,0,0,0,1,0
47,470094,2,2,0,1,1,3,3,157,1620,20,2,2016,7,18,0,0,2,4,4,6,"HICKORY HILL DR","CONNECTOR RD",28,35.04611111,-89.86631944,0,8,0,0,2,3,0,1,5,1,0,1,0,"0000000",99,99,99,99,88,88,14,0,0,1,1
47,470095,2,2,0,1,1,2,2,1,0,21,2,2016,1,19,36,1,2,3,1,2,"US-25W SR-9 CLINTON HWY/CLINCH","",130,36.06558889,-84.12991111,0,8,0,0,1,1,0,1,2,2,0,2,0,"0000000",99,99,99,99,88,88,0,0,0,1,0
47,470096,1,1,0,1,1,1,1,155,0,19,2,2016,6,16,41,0,2,4,1,3,"SR-338 BOYDS CREEK HWY","",35,35.89811944,-83.70723056,0,9,0,0,1,1,0,1,1,1,0,1,0,"0000000",99,99,99,99,99,99,0,0,0,1,0
47,470097,1,1,0,0,0,1,1,37,1760,21,1,2016,5,15,53,0,1,4,1,3,"SR-96/100","",3,36.01433889,-87.04043056,0,42,0,0,1,1,0,4,1,10,0,10,0,"0000000",99,99,99,99,99,99,0,0,0,1,0
47,470098,1,1,0,0,0,1,1,107,0,25,2,2016,5,17,0,0,1,7,2,4,"CR-48","",40,35.36556111,-84.81766944,0,42,0,0,1,1,0,4,1,10,0,10,0,"0000000",99,99,99,99,99,99,0,0,0,1,0
47,470099,1,1,0,1,1,1,1,93,1300,23,2,2016,3,18,18,0,2,4,4,6,"N CENTRAL ST","E FIFTH AVE",2,35.97368889,-83.92125,0,8,0,0,3,2,0,1,3,2,0,2,0,"0000000",99,99,99,99,99,99,0,0,0,1,0
47,470100,2,2,0,0,0,2,2,157,1620,6,1,2016,4,2,30,1,2,2,1,3,"SR-385 BILL MORRIS PKWY","",24,35.06694722,-89.84420556,0,12,1,0,1,1,0,1,3,1,0,1,0,"0000000",99,99,99,99,99,99,0,0,0,1,0
47,470101,1,1,0,0,0,1,1,183,0,14,2,2016,1,9,38,0,1,5,1,3,"SR-124","",21,36.15795,-88.76521111,0,23,0,0,1,1,0,4,1,3,0,3,0,"0000000",99,99,99,99,88,88,0,0,0,1,0
47,470102,1,1,0,0,0,1,1,45,0,15,2,2016,2,12,30,0,1,6,2,4,"CR-UNIONVILLE RD","",29,35.97456944,-89.40566111,0,34,0,0,1,1,0,4,1,10,0,10,0,"0000000",99,99,99,99,88,88,0,0,0,1,0
47,470103,1,1,0,0,0,1,1,161,0,24,2,2016,4,99,99,0,1,7,2,4,"CR-PARKER LANE RD","",6,36.40561111,-87.87278889,0,42,0,0,1,1,0,4,9,2,0,2,0,"0000000",99,99,99,99,88,88,0,0,0,1,0
47,470104,1,1,0,0,0,4,4,93,0,24,2,2016,4,19,4,0,1,7,2,4,"CR-EMORY RD","",3,36.15348056,-83.73448889,0,32,0,0,1,1,0,4,3,2,0,2,0,"0000000",99,99,99,99,99,99,0,0,0,2,1
47,470105,2,2,0,0,0,5,5,149,0,27,2,2016,7,12,0,0,2,6,2,4,"CR-SULPHUR SPRINGS RD","",40,35.93878056,-86.44291111,0,12,2,0,1,1,0,1,1,1,0,1,0,"0000000",99,99,99,99,99,99,0,0,0,1,0
47,470106,1,1,0,1,1,1,1,37,960,24,2,2016,4,20,42,0,6,96,96,8,"NONE","",0,36.30203889,-86.70123889,0,8,0,0,1,1,0,1,3,2,0,2,0,"0000000",99,99,99,99,99,99,0,0,0,1,1
47,470107,1,1,0,0,0,1,1,93,1300,1,3,2016,3,2,13,0,2,4,1,3,"SR-169 MIDDLEBROOK PK","",95,35.96258056,-83.97156111,0,30,0,0,1,1,0,4,3,1,0,1,0,"0000000",99,99,99,99,88,88,0,0,0,1,0
47,470108,1,1,0,1,1,1,1,157,1620,12,2,2016,6,22,4,0,2,4,4,6,"POPLAR AVE","N FRONT ST",40,35.15044722,-90.05167778,0,8,0,0,3,3,0,1,3,1,0,1,0,"0000000",99,99,99,99,99,99,0,0,0,1,0
47,470109,2,2,0,0,0,2,2,65,400,25,2,2016,5,11,51,1,2,3,1,3,"SR-317 BONNY OAKS DR","",13,35.07363889,-85.19033889,0,12,2,0,1,1,0,1,1,10,0,10,0,"0000000",99,99,99,99,99,99,0,0,0,1,0
47,470110,2,2,0,0,0,3,3,13,350,19,2,2016,6,13,2,1,2,3,1,2,"US-25W SR-9 VETERANS MEMORIAL","ELKINS DR",309,36.3144,-84.20448889,0,12,6,0,2,3,0,1,1,1,0,1,0,"0000000",99,99,99,99,99,99,0,0,0,1,0
47,470111,1,1,0,0,0,1,1,73,0,23,2,2016,3,22,50,1,1,3,1,2,"US-11W SR-1","",233,36.46651111,-82.90938889,0,32,0,0,1,1,0,4,2,2,0,2,0,"0000000",99,99,99,99,99,99,0,0,0,1,0
47,470112,2,2,0,0,0,3,3,165,1648,23,2,2016,3,6,7,1,2,1,1,1,"I-65","",46,36.39683889,-86.71706111,0,12,98,0,1,1,0,1,4,1,0,1,0,"0000000",99,99,99,99,88,88,0,0,0,3,0
47,470113,1,1,0,0,0,1,1,157,1620,1,3,2016,3,20,12,0,2,4,4,6,"MULLINS STATION RD","",121,35.14841389,-89.82286111,0,42,0,0,1,1,0,4,3,1,0,1,0,"0000000",99,99,99,99,99,99,0,0,0,1,0
47,470114,2,2,0,0,0,2,2,93,1300,25,2,2016,5,15,11,0,2,4,1,3,"SR-169 MIDDLEBROOK PK","",63,35.94606944,-84.02076111,0,12,2,0,1,1,0,1,1,10,0,10,0,"0000000",99,99,99,99,99,99,0,0,0,1,0
47,470115,1,1,0,0,0,1,1,77,0,1,3,2016,3,21,30,0,1,4,1,3,"SR-22","",38,35.55441944,-88.46726944,0,42,0,0,1,1,0,4,2,10,0,10,0,"0000000",99,99,99,99,99,99,0,0,0,1,1
47,470116,1,1,0,0,0,1,1,125,410,29,2,2016,2,6,10,0,2,4,1,2,"US-41A SR-76/112 MADISON ST","",116,36.51408889,-87.31543056,0,30,0,0,1,1,0,4,1,1,0,1,0,"0000000",99,99,99,99,88,88,0,0,0,1,1
47,470117,2,2,0,0,0,2,2,19,0,13,2,2016,7,23,5,0,1,4,1,3,"SR-362/2377","",27,36.29398889,-82.24593889,0,12,2,0,1,1,0,1,2,1,0,1,0,"0000000",99,99,99,99,99,99,0,0,0,1,2
47,470118,2,2,0,0,0,2,2,37,1760,2,3,2016,4,18,17,0,2,4,1,2,"US-41A SR-112 CLARKSVILLE PK","",25,36.23101111,-86.83308889,0,12,2,1,18,1,0,1,3,1,0,1,0,"0000000",99,99,99,99,99,99,0,0,0,1,0
47,470119,1,1,0,0,0,1,1,173,0,28,2,2016,1,99,99,0,6,96,96,8,"EAGLES COVE PKWY","",0,36.30978889,-83.79335,0,1,0,0,1,1,0,4,2,1,0,1,0,"0000000",99,99,99,99,88,88,0,0,0,1,0
47,470120,2,2,0,0,0,2,2,47,0,29,2,2016,2,18,46,1,1,3,1,3,"SR-385 STATE HWY 385","",26,35.06653056,-89.63935,0,1,0,0,1,1,0,3,2,1,0,1,0,"0000000",99,99,99,99,99,99,0,0,0,1,0
47,470121,1,1,0,0,0,1,1,177,0,29,2,2016,2,14,11,1,1,3,1,2,"US-70S SR-1 NASHVILLE HWY","",65,35.71753056,-85.86548889,0,24,0,0,1,1,0,4,1,1,0,1,0,"0000000",99,99,99,99,99,99,0,0,0,1,0
47,470122,1,1,0,0,0,1,1,109,752,3,3,2016,5,11,40,1,1,3,1,2,"US-45 SR-5","",47,35.06078889,-88.53921944,0,53,0,0,1,1,0,4,1,10,0,10,0,"0000000",11,40,11,51,12,22,0,0,0,1,0
47,470123,1,1,0,0,0,1,1,149,1750,5,3,2016,7,6,46,1,2,1,1,1,"I-24","",164,35.82931111,-86.41646944,0,1,0,1,5,1,0,1,1,1,0,1,0,"0000000",99,99,99,99,99,99,0,0,0,1,0
47,470124,1,1,0,0,0,4,4,61,1900,18,2,2016,5,3,0,0,1,4,1,3,"SR-108 MAIN ST","",33,35.36028889,-85.56828889,0,24,0,0,1,1,0,4,2,1,0,1,0,"0000000",2,54,3,5,4,3,0,0,0,1,0
47,470125,1,1,0,1,1,1,1,161,0,1,3,2016,3,8,46,1,1,3,1,2,"US-79 SR-76 DONELSON PKWY","",102,36.4802,-87.88821111,0,8,0,0,1,1,0,1,1,10,0,10,0,"0000000",99,99,99,99,99,99,0,0,0,1,0
47,470127,1,1,0,0,0,2,2,179,1260,5,3,2016,7,23,56,0,2,4,1,3,"SR-75 GRAYSTATION RD BOWMAN TO","",128,36.38072222,-82.5094,0,1,0,0,1,1,0,4,2,1,0,1,0,"0000000",99,99,99,99,99,99,0,0,0,1,0
47,470128,2,2,0,0,0,4,4,157,1620,5,3,2016,7,16,0,1,2,1,1,1,"I-55","",70,35.07641389,-90.04385278,0,12,1,0,1,1,0,1,1,1,0,1,0,"0000000",99,99,99,99,88,88,0,0,0,1,0
47,470129,4,4,0,0,0,12,12,157,1620,6,3,2016,1,3,52,1,2,1,1,1,"I-40","",76,35.19161111,-89.97655278,0,12,2,0,1,1,0,1,3,1,0,1,0,"0000000",99,99,99,99,99,99,0,0,0,1,1
47,470130,1,1,0,1,1,1,1,157,1660,26,2,2016,6,18,20,0,2,5,4,6,"QUITO RD","",13,35.35248889,-89.92235556,0,8,0,0,1,1,0,1,3,1,0,1,0,"0000000",99,99,99,99,99,99,0,0,0,1,0
47,470131,2,2,0,0,0,2,2,21,0,29,2,2016,2,7,57,1,1,1,1,1,"I-24","",7,36.36486111,-86.96066944,0,12,1,0,1,1,0,1,1,1,0,1,0,"0000000",99,99,99,99,99,99,0,0,0,1,0
47,470132,1,1,0,0,0,1,1,147,499,1,3,2016,3,5,40,0,1,4,1,3,"SR-49","",12,36.4113,-87.01105,0,32,0,0,1,1,0,4,4,1,0,1,0,"0000000",99,99,99,99,88,88,0,0,0,1,0
47,470133,1,1,0,1,1,1,1,125,410,4,3,2016,6,18,20,1,2,3,1,2,"US-41A SR-12 FT CAMPBELL BLVD","",204,36.59568611,-87.419175,0,8,0,0,1,1,0,1,3,1,0,1,0,"0000000",99,99,99,99,99,99,0,0,0,1,0
47,470134,3,3,0,0,0,8,8,37,1760,5,3,2016,7,21,42,0,2,4,1,2,"US-31 SR-6 8TH AVE S","EDGEHILL AVE CHESTNUT ST",76,36.14171944,-86.77866944,0,12,6,0,3,2,0,1,3,1,0,1,0,"0000000",99,99,99,99,88,88,0,0,0,1,1
47,470135,2,2,0,0,0,5,5,157,1620,3,3,2016,5,18,45,0,2,5,4,6,"S MAIN ST","E CAROLINA AVE",2,35.12817778,-90.05906389,0,12,6,0,2,2,0,1,3,1,0,1,0,"0000000",99,99,99,99,99,99,0,0,0,1,0
47,470136,1,1,0,0,0,2,2,5,0,5,3,2016,7,21,45,0,1,5,1,3,"SR-191 EVA RD","",200,36.06986944,-88.02398889,0,42,0,0,1,1,0,4,2,1,0,1,0,"0000000",99,99,99,99,99,99,0,0,0,1,1
47,470137,3,3,0,0,0,5,5,63,0,3,3,2016,5,19,0,0,2,4,1,2,"US-11E SR-34/66 ANDREW JOHNSON","",196,36.27351944,-83.12298889,0,12,8,0,1,1,0,1,2,1,0,1,0,"0000000",99,99,99,99,99,99,0,0,0,1,0
47,470138,2,2,0,0,0,2,2,157,1620,6,3,2016,1,21,24,1,2,3,1,2,"US-51 SR-3 THOMAS ST","N WATKINS ST",189,35.23612222,-90.01390278,0,12,6,0,2,2,0,1,3,1,0,1,0,"0000000",99,99,99,99,99,99,0,0,0,1,0
47,470139,1,1,0,0,0,2,2,9,1464,5,3,2016,7,14,22,0,2,7,4,6,"LOWES FERRY RD","",0,35.82321944,-84.10218889,0,42,0,0,1,1,0,4,1,1,0,1,0,"0000000",99,99,99,99,99,99,0,0,0,1,1
47,470140,1,1,0,0,0,1,1,161,0,12,3,2016,7,4,28,0,1,7,2,4,"CR-JOINER HOLLOW RD","",10,36.57168889,-87.79066111,0,42,0,0,1,1,0,4,2,2,0,2,0,"0000000",99,99,99,99,88,88,0,0,0,1,1
47,470141,1,1,0,0,0,1,1,85,2530,23,2,2016,3,19,15,0,1,7,4,6,"E POWERS  BLVD","",9,36.10466111,-87.7676,0,42,0,0,1,1,0,4,2,2,0,2,0,"0000000",99,99,99,99,99,99,0,0,0,1,0
47,470142,3,3,0,0,0,4,4,59,0,11,3,2016,6,12,18,0,1,4,1,3,"SR-107 ERWIN HWY","",147,36.14483889,-82.69366111,0,12,6,0,1,1,0,1,1,1,0,1,0,"0000000",99,99,99,99,99,99,0,0,0,1,0
47,470143,2,2,0,0,0,4,4,47,0,10,3,2016,5,15,10,1,1,1,1,1,"I-40","",31,35.30316944,-89.59438056,0,12,1,0,1,1,0,2,1,2,0,2,0,"0000000",99,99,99,99,99,99,0,0,0,2,0
47,470144,1,1,0,0,0,1,1,67,0,10,3,2016,5,99,99,0,1,7,2,4,"CR-BACK VALLEY RD","",17,36.5221,-83.24913889,0,34,0,0,1,1,0,4,2,1,0,1,0,"0000000",99,99,99,99,99,99,0,0,0,1,0
47,470145,2,2,0,0,0,5,5,59,0,12,3,2016,7,9,38,1,1,1,1,1,"I-81","",57,36.22623056,-83.03563056,0,12,1,0,1,1,0,1,1,1,0,1,0,"0000000",99,99,99,99,99,99,26,0,0,1,0
47,470146,2,2,0,0,0,5,5,29,0,16,3,2016,4,12,35,0,1,4,1,3,"SR-32 COSBY HWY","",205,35.90811111,-83.22113056,0,12,2,0,1,1,1,1,1,1,0,1,0,"0000000",99,99,99,99,99,99,0,0,0,2,0
47,470147,1,1,0,0,0,1,1,37,1760,16,3,2016,4,21,41,1,2,1,1,1,"I-24","",229,36.05658889,-86.67606111,0,1,0,0,1,1,0,3,2,1,0,1,0,"0000000",99,99,99,99,99,99,0,0,0,1,1
47,470148,1,1,0,0,0,1,1,31,2470,8,3,2016,3,6,49,0,2,4,4,6,"W LINCOLN ST","",26,35.35428056,-86.22426111,0,34,0,0,1,1,0,4,1,1,0,1,0,"0000000",99,99,99,99,99,99,0,0,0,1,0
47,470149,1,1,0,0,0,1,1,93,1973,17,3,2016,5,14,38,0,2,5,2,6,"W BEAVER CREEK DR","",4,36.01908889,-84.03151111,0,30,0,0,1,1,0,4,1,1,0,1,0,"0000000",99,99,99,99,99,99,0,0,0,1,1
47,470150,1,1,0,0,0,1,1,177,0,19,3,2016,7,4,30,0,1,6,2,4,"CR-SHORT MTN RD","",106,35.80331111,-85.90866111,0,35,0,0,1,1,0,4,2,1,0,1,0,"0000000",99,99,99,99,88,88,0,0,0,1,0
47,470151,2,2,0,0,0,3,3,179,1250,28,2,2016,1,14,25,0,2,4,4,2,"US-11E SR-34/411 JOHN EXUM PKW","MOORLAND DR",174,36.32108333,-82.36905,0,12,6,0,2,2,0,1,1,1,0,1,0,"0000000",99,99,99,99,99,99,0,0,0,1,0
47,470152,1,1,0,1,1,2,2,97,2050,12,3,2016,7,19,32,1,2,3,1,2,"US-51 SR-3/19 JERE B FORD HWY","KELLAR AVE",73,35.73391944,-89.55923056,0,8,0,0,2,2,0,1,3,2,0,2,0,"0000000",99,99,99,99,88,88,0,0,0,1,0
47,470153,1,1,0,0,0,1,1,165,0,14,3,2016,2,12,31,0,1,7,2,4,"CR-HARSH LN","",19,36.35226944,-86.32223056,0,43,0,0,1,1,0,4,1,1,0,1,0,"0000000",99,99,99,99,99,99,0,0,0,1,0
47,470154,2,2,0,0,0,2,2,47,0,5,3,2016,7,15,15,1,1,3,1,2,"US-64 SR-15 FAYETTE ST","CR-COUNTRY CLUB RD",188,35.24535,-89.31218889,0,12,1,0,2,3,0,1,1,1,0,1,0,"0000000",99,99,99,99,99,99,0,0,0,1,1
47,470155,2,2,0,0,0,3,3,55,0,15,3,2016,3,18,40,0,1,5,1,3,"SR-273 PROSPECT ELKTON RD","",66,35.04246944,-86.95641111,0,12,2,0,1,1,0,1,5,1,0,1,0,"0000000",99,99,99,99,99,99,0,0,0,1,0