"STATE","ST_CASE","VE_TOTAL","VE_FORMS","PVH_INVL","PEDS","PERNOTMVIT","PERMVIT","PERSONS","COUNTY","CITY","DAY","MONTH","YEAR","DAY_WEEK","HOUR","MINUTE","NHS","RUR_URB","FUNC_SYS","RD_OWNER","ROUTE","TWAY_ID","TWAY_ID2","MILEPT","LATITUDE","LONGITUD","SP_JUR","HARM_EV","MAN_COLL","RELJCT1","RELJCT2","TYP_INT","WRK_ZONE","REL_ROAD","LGT_COND","WEATHER1","WEATHER2","WEATHER","SCH_BUS","RAIL","NOT_HOUR","NOT_MIN","ARR_HOUR","ARR_MIN","HOSP_HR","HOSP_MN","CF1","CF2","CF3","FATALS","DRUNK_DR"
47,470156,1,1,0,0,0,1,1,1,440,19,3,2016,7,14,24,0,2,6,2,6,"OLD EMORY RD","",56,36.03015556,-84.15662222,0,24,0,0,1,1,0,4,1,10,0,10,0,"0000000",99,99,99,99,88,88,0,0,0,1,1
47,470157,2,2,0,0,0,5,5,37,1760,20,3,2016,1,99,99,1,2,3,1,2,"US-41/70S SR-1 MURFREESBORO RD","EDGE-O-LAKE DR",273,36.07948889,-86.6446,0,12,6,0,2,2,0,1,3,2,0,2,0,"0000000",99,99,99,99,99,99,0,0,0,1,1
47,470158,2,2,0,0,0,2,2,63,1700,21,3,2016,2,19,36,0,2,4,4,6,"WALTER DR","",5,36.21368056,-83.32048056,0,12,2,0,1,1,0,1,5,1,0,1,0,"0000000",99,99,99,99,99,99,0,0,0,1,0
47,470159,2,2,0,0,0,2,2,157,1620,19,3,2016,7,12,0,0,2,4,4,6,"N HOLLYWOOD ST","",35,35.16538056,-89.97528056,0,12,9,0,1,1,0,1,1,1,0,1,0,"0000000",99,99,99,99,99,99,0,0,0,1,0
47,470160,1,1,0,0,0,2,2,37,1760,14,2,2016,1,12,53,0,2,5,4,6,"ANDERSON RD","",8,36.07356111,-86.62021944,0,30,0,0,1,1,0,4,1,2,0,2,0,"0000000",99,99,99,99,99,99,0,0,0,1,1
47,470161,1,1,0,0,0,1,1,119,0,6,3,2016,1,3,22,0,1,4,1,2,"US-31 SR-7 PULASKI HWY","",0,35.5181,-87.05521111,0,1,0,0,1,1,0,4,2,1,0,1,0,"0000000",99,99,99,99,88,88,0,0,0,1,1
47,470162,1,1,0,0,0,1,1,155,0,14,3,2016,2,17,35,0,1,4,1,2,"US-411 SR-35 NEWPORT HWY","",274,35.91693889,-83.35291111,0,35,0,0,1,1,0,4,1,10,0,10,0,"0000000",99,99,99,99,99,99,0,0,0,1,0
47,470163,2,2,0,0,0,2,2,11,0,16,3,2016,4,20,1,0,1,7,2,4,"CR-JULIAN RD","",25,35.18896111,-84.77193056,0,12,2,0,1,1,0,1,2,1,0,1,0,"0000000",99,99,99,99,88,88,0,0,0,1,0
47,470164,1,1,0,1,1,1,1,189,1360,19,3,2016,7,99,99,1,2,1,1,1,"I-40","",91,36.18481944,-86.40753889,0,8,0,1,18,1,0,1,2,99,0,99,0,"0000000",99,99,99,99,88,88,0,0,0,1,0
47,470165,1,1,0,1,1,1,1,157,1620,23,3,2016,4,17,12,0,2,4,4,6,"PARK AVE","",29,35.10767778,-89.93853889,0,8,0,0,1,1,0,4,1,1,0,1,0,"0000000",99,99,99,99,88,88,15,0,0,1,0
47,470166,1,1,0,0,0,2,2,157,1620,26,3,2016,7,18,29,0,2,4,4,6,"CHELSEA AVE","",35,35.17471389,-89.97652222,0,33,0,0,1,1,0,4,1,1,0,1,0,"0000000",99,99,99,99,99,99,0,0,0,1,1
47,470167,2,2,0,0,0,5,5,59,0,11,3,2016,6,17,25,0,1,5,1,3,"SR-107 HOUSTON VALLEY RD","",17,35.97611944,-82.89338056,0,12,6,0,8,1,0,1,1,1,0,1,0,"0000000",99,99,99,99,99,99,0,0,0,1,0
47,470168,2,1,1,0,0,2,2,65,0,25,3,2016,6,16,27,0,2,4,1,2,"US-11/41/64/72 SR-2 CUMMINGS H","",47,35.02385,-85.3422,9,24,0,0,1,1,0,4,1,1,0,1,0,"0000000",99,99,99,99,99,99,0,0,0,1,1
47,470169,1,1,0,0,0,1,1,103,0,20,3,2016,1,9,0,0,1,5,1,3,"SR-278 LINCOLN RD","",14,35.01548889,-86.55271111,0,42,0,0,1,1,0,4,1,1,0,1,0,"0000000",99,99,99,99,88,88,0,0,0,1,0
47,470170,1,1,0,0,0,1,1,113,0,13,3,2016,1,21,57,1,1,1,1,1,"I-40 RAMP","",199,35.68153889,-88.74138056,0,59,0,1,5,1,0,4,3,10,0,10,0,"0000000",99,99,99,99,99,99,0,0,0,1,1
47,470172,1,1,0,0,0,2,2,27,0,22,3,2016,3,12,0,0,1,5,1,3,"SR-294 WILLOW GROVE RD","",44,36.57825,-85.30418889,0,53,0,0,1,1,0,4,1,1,0,1,0,"0000000",11,55,12,15,12,50,0,0,0,1,0
47,470173,1,1,0,0,0,1,1,71,0,26,3,2016,7,22,25,0,1,4,1,3,"SR-57","",105,35.02538056,-88.2368,0,43,0,0,1,1,0,4,2,1,0,1,0,"0000000",99,99,99,99,99,99,0,0,0,1,1
47,470174,2,2,0,1,1,2,2,93,0,27,3,2016,1,21,0,0,2,4,1,3,"SR-131 E EMORY RD","RIDGE CREEK LN",170,36.05928056,-83.98168889,0,8,0,0,2,3,0,1,3,10,0,10,0,"0000000",99,99,99,99,99,99,0,0,0,1,0
47,470175,1,1,0,0,0,1,1,9,0,29,3,2016,3,13,15,0,2,5,2,6,"OLD NILES FERRY RD","",76,35.72245,-84.00081111,0,35,0,0,1,1,0,4,1,1,0,1,0,"0000000",99,99,99,99,88,88,0,0,0,1,0
47,470176,1,1,0,0,0,1,1,113,0,30,3,2016,4,99,99,0,1,7,2,4,"CR-BARNETT RD","",17,35.74921944,-88.7924,0,1,0,0,1,1,0,6,2,1,0,1,0,"0000000",99,99,99,99,99,99,0,0,0,1,1
47,470177,2,2,0,0,0,2,2,37,1760,16,3,2016,4,8,42,1,2,3,1,2,"US-41/70S SR-1 MURFREESBORO RD","",266,36.08931944,-86.65013056,0,12,1,0,1,1,0,1,1,1,0,1,0,"0000000",99,99,99,99,88,88,0,0,0,1,0
47,470178,1,1,0,0,0,1,1,173,0,26,3,2016,7,1,0,0,1,6,2,4,"CR-SHARPS CHAPEL RD","",64,36.34428056,-83.7864,0,53,0,0,1,1,0,4,2,1,0,1,0,"0000000",99,99,99,99,88,88,0,0,0,1,0
47,470179,1,1,0,0,0,3,3,149,2250,28,3,2016,2,2,15,0,2,5,4,6,"ROCK SPRINGS RD","",4,35.98621944,-86.53018889,0,30,0,0,1,1,0,4,2,10,0,10,0,"0000000",99,99,99,99,99,99,20,0,0,1,0
47,470180,2,2,0,0,0,2,2,93,1300,29,3,2016,3,13,18,0,2,4,4,6,"N. GALLAHER VIEW RD NW","",15,35.94143056,-84.0605,0,12,2,0,1,1,0,1,1,1,0,1,0,"0000000",99,99,99,99,99,99,0,0,0,1,1
47,470181,1,1,0,0,0,2,2,59,0,30,3,2016,4,16,38,0,1,7,2,4,"CR-CHESTNUT RIDGE RD","",3,36.13506944,-82.70331111,9,1,0,0,1,1,0,1,1,1,0,1,0,"0000000",99,99,99,99,99,99,0,0,0,1,0
47,470182,2,2,0,0,0,5,5,157,1620,28,2,2016,1,7,30,0,2,4,4,6,"PARK AVE","MT MORIAH RD",53,35.1066,-89.89541111,0,12,6,0,2,2,0,1,1,1,0,1,0,"0000000",99,99,99,99,99,99,0,0,0,1,0
47,470183,2,2,0,0,0,2,2,9,0,15,3,2016,3,17,36,0,1,4,1,2,"US-411 SR-35 SEVIERVILLE RD","",144,35.8293,-83.8042,0,12,2,0,1,1,0,1,1,1,0,1,0,"0000000",99,99,99,99,99,99,0,0,0,1,1
47,470184,1,1,0,0,0,1,1,147,0,30,3,2016,4,15,40,0,1,6,2,4,"CR-S LAMONT RD","",18,36.6141,-86.742,0,42,0,0,1,1,0,4,1,1,0,1,0,"0000000",99,99,99,99,88,88,0,0,0,1,1
47,470185,1,1,0,0,0,1,1,173,0,31,3,2016,5,22,10,0,1,7,11,8,"BEAR RIDGE RD","",0,36.29596111,-83.97743056,0,38,0,0,1,1,0,4,2,2,0,2,0,"0000000",99,99,99,99,88,88,0,0,0,1,0
47,470186,1,1,0,0,0,3,3,181,430,28,3,2016,2,23,27,0,1,5,1,3,"SR-128 LINDEN HWY","",31,35.38863889,-87.97086944,0,42,0,0,1,1,0,4,2,1,0,1,0,"0000000",99,99,99,99,99,99,0,0,0,1,1
47,470187,1,1,0,0,0,1,1,119,1730,31,3,2016,5,17,34,0,2,5,1,3,"SR-243 N MAIN ST","",43,35.5647,-87.16243056,0,30,0,0,1,1,0,4,1,3,0,3,0,"0000000",99,99,99,99,99,99,0,0,0,1,0
47,470188,2,2,0,0,0,2,2,43,0,25,3,2016,6,9,52,0,2,4,1,3,"SR-46 HWY 46","",29,36.0092,-87.33015,0,12,6,0,8,1,0,1,1,10,0,10,0,"0000000",99,99,99,99,99,99,0,0,0,1,0
47,470189,1,1,0,0,0,1,1,51,2600,1,4,2016,6,6,53,1,2,3,1,2,"US-64 SR-433 VETERANS MEMORIAL","",36,35.16718056,-86.07443056,0,34,0,0,1,1,0,4,1,1,0,1,0,"0000000",99,99,99,99,88,88,0,0,0,1,0
47,470190,1,1,0,1,1,1,1,157,1620,24,3,2016,5,5,57,1,2,1,1,1,"I-240","",125,35.07871389,-89.90630556,0,8,0,0,1,1,0,1,2,1,0,1,0,"0000000",99,99,99,99,88,88,0,0,0,1,0
47,470191,2,2,0,0,0,2,2,85,0,25,3,2016,6,15,22,0,1,4,1,2,"US-70 SR-1 HWY 70 E","",254,36.09668889,-87.5823,0,12,2,0,1,1,0,1,1,1,0,1,0,"0000000",99,99,99,99,99,99,0,0,0,1,1
47,470192,1,1,0,1,1,1,1,51,820,3,4,2016,1,21,17,1,1,3,1,2,"US-41A SR-16 MAIN ST TULLAHOMA","",26,35.31378889,-86.16623056,0,8,0,0,1,1,0,1,2,1,0,1,0,"0000000",21,17,21,36,22,17,19,0,0,1,0
47,470193,2,2,0,0,0,2,2,37,1760,4,4,2016,2,10,40,1,2,3,1,2,"US-31A/41A SR-11 NOLENSVILLE P","",59,36.06508889,-86.71731944,0,12,6,0,8,1,0,1,1,1,0,1,0,"0000000",99,99,99,99,99,99,0,0,0,1,0
47,470194,2,2,0,0,0,2,2,93,1300,5,4,2016,3,9,4,1,2,2,1,3,"SR-162 PELLISSIPPI PKWY RAMP","",58,35.91447778,-84.12340833,0,21,0,1,5,1,0,4,1,1,0,1,0,"0000000",99,99,99,99,88,88,14,0,0,1,0
47,470195,1,1,0,0,0,1,1,71,0,31,3,2016,5,22,40,0,1,6,2,4,"CR-RED SULPHUR RD","",10,35.03266111,-88.26103056,0,42,0,0,1,1,0,4,2,10,0,10,0,"0000000",99,99,99,99,99,99,0,0,0,1,0
47,470196,1,1,0,0,0,2,2,119,0,31,3,2016,5,12,10,0,1,6,2,4,"CR-THETA PK","",36,35.67348889,-87.03836944,0,38,0,0,1,1,0,4,1,10,0,10,0,"0000000",99,99,99,99,88,88,0,0,0,2,0
47,470198,2,2,0,0,0,2,2,149,0,7,4,2016,5,19,0,0,2,6,2,4,"CR- BARFIELD-CRESCENT RD","",30,35.7696,-86.4293,0,12,6,0,8,1,0,1,2,2,0,2,0,"0000000",99,99,99,99,99,99,0,0,0,1,0
47,470199,1,1,0,0,0,1,1,17,0,30,3,2016,4,8,30,0,1,6,2,4,"CR-NORTHWOOD DR","",0,36.0309,-88.35431111,0,10,0,0,6,1,0,1,1,10,0,10,0,"350915V",8,38,8,47,9,28,0,0,0,1,0
47,470200,1,1,0,0,0,1,1,107,0,6,4,2016,4,4,20,0,1,5,1,3,"SR-39 RICEVILLE DECATUR ETOWAH","",51,35.41951944,-84.65433889,0,42,0,0,1,1,0,4,2,1,0,1,0,"0000000",99,99,99,99,88,88,0,0,0,1,1
47,470201,1,1,0,0,0,2,2,31,0,7,4,2016,5,18,27,0,1,5,1,3,"SR-127 WINCHESTER HWY","",4,35.34775,-86.02306944,0,34,0,0,1,1,0,4,1,1,0,1,0,"0000000",99,99,99,99,99,99,0,0,0,1,0
47,470202,2,2,0,0,0,4,4,177,0,25,3,2016,6,17,28,0,1,5,1,3,"SR-287 W GREEN HILL RD","",165,35.7548,-85.9141,0,12,6,0,8,1,0,1,1,1,0,1,0,"0000000",99,99,99,99,99,99,0,0,0,1,0
47,470203,2,2,0,0,0,2,2,157,1620,24,3,2016,5,1,48,1,2,1,1,1,"I-40","",163,35.16869167,-89.85231389,0,12,1,0,1,1,0,1,3,1,0,1,0,"0000000",99,99,99,99,99,99,0,0,0,1,0
47,470204,1,1,0,0,0,2,2,29,0,9,4,2016,7,4,20,0,1,4,1,3,"SR-73 WILTON SPRINGS RD","",33,35.87388056,-83.21908056,0,53,0,0,1,1,0,4,2,1,0,1,0,"0000000",99,99,99,99,99,99,0,0,0,1,1
47,470205,1,1,0,0,0,2,2,163,1280,12,4,2016,3,12,38,0,2,4,2,6,"LEBANON RD","",23,36.46293333,-82.50316111,0,42,0,0,1,1,0,4,1,1,0,1,0,"0000000",99,99,99,99,99,99,0,0,0,1,0
47,470206,2,2,0,0,0,2,2,157,0,9,4,2016,7,0,36,0,1,6,2,4,"CR-WOODSTOCK-CUBA RD","",38,35.32623889,-89.99281389,0,12,6,0,1,1,0,1,2,1,0,1,0,"0000000",99,99,99,99,99,99,0,0,0,1,1
47,470207,1,1,0,0,0,4,4,125,0,10,4,2016,1,18,1,1,1,1,1,1,"I-24","",140,36.49568889,-87.1745,0,1,0,0,1,1,0,4,1,1,0,1,0,"0000000",99,99,99,99,99,99,0,0,0,1,0
47,470208,1,1,0,0,0,1,1,37,1760,19,3,2016,7,21,23,0,2,3,1,3,"SR-45 OLD HICKORY BLVD","SR-265 CENTRAL PK",177,36.17358889,-86.60215,0,1,0,0,3,2,0,1,3,1,0,1,0,"0000000",99,99,99,99,99,99,0,0,0,1,0
47,470209,1,1,0,0,0,1,1,65,400,21,3,2016,2,5,59,1,2,3,1,2,"US-11/64 SR-2 BRAINERD RD","",146,35.01123056,-85.21541944,0,30,0,0,1,1,0,4,3,1,0,1,0,"0000000",99,99,99,99,99,99,0,0,0,1,0
47,470210,1,1,0,0,0,1,1,45,0,7,4,2016,5,22,40,0,1,6,2,4,"CR-827 ROELLEN NEWBERN RD","",145,36.08841111,-89.27691944,0,38,0,0,1,1,0,4,2,1,0,1,0,"0000000",99,99,99,99,88,88,0,0,0,1,0
47,470211,1,1,0,0,0,1,1,25,0,11,4,2016,2,23,30,0,1,4,1,3,"SR-33","",70,36.41393056,-83.65898889,0,24,0,0,1,1,0,4,2,10,0,10,0,"0000000",99,99,99,99,99,99,20,0,0,1,0
47,470212,1,1,0,0,0,3,3,149,0,17,4,2016,1,2,22,1,2,3,1,3,"SR-40 SHELBYVILLE PK","",83,35.76821111,-86.40296111,0,35,0,0,1,1,0,4,2,1,0,1,0,"0000000",99,99,99,99,99,99,20,0,0,1,0
47,470213,1,1,0,0,0,1,1,73,315,26,3,2016,7,0,8,0,1,4,1,3,"SR-66 N MAIN ST","",16,36.27495,-83.07081111,0,1,0,0,1,1,0,4,2,1,0,1,0,"0000000",99,99,99,99,99,99,0,0,0,1,1
47,470214,1,1,0,0,0,2,2,157,1348,10,4,2016,1,21,42,1,1,1,1,1,"I-40 ISAAC HAYES MEMORIAL HWY","",244,35.2364,-89.7151,0,42,0,0,1,1,0,4,2,1,0,1,0,"0000000",99,99,99,99,88,88,0,0,0,2,1
47,470215,1,1,0,0,0,1,1,147,0,6,4,2016,4,10,31,0,1,5,1,3,"SR-49","",203,36.58905,-86.76436944,0,1,0,0,1,1,0,4,1,6,0,6,0,"0000000",99,99,99,99,99,99,0,0,0,1,0
47,470216,2,2,0,0,0,4,4,53,0,5,4,2016,3,9,20,0,1,5,1,3,"SR-105 BROECK CUMMINGS HWY","CR-OLD TRENTON-DRESDEN RD",178,36.11005,-88.85758889,0,12,6,0,2,2,0,1,1,1,0,1,0,"0000000",99,99,99,99,99,99,0,0,0,3,0
47,470217,1,1,0,0,0,1,1,55,0,9,4,2016,7,22,20,0,1,4,1,2,"US-31 SR-7 ELKTON HWY","",144,35.13446111,-86.98326944,0,42,0,0,1,1,0,4,2,1,0,1,0,"0000000",99,99,99,99,88,88,0,0,0,1,0
47,470218,1,1,0,0,0,3,3,59,0,9,4,2016,7,22,59,0,1,5,1,3,"SR-348 MCDONALD RD","",46,36.17883056,-83.08081111,0,30,0,0,1,1,0,4,2,1,0,1,0,"0000000",99,99,99,99,99,99,0,0,0,1,0
47,470219,2,2,0,0,0,3,3,77,0,9,4,2016,7,17,5,0,1,7,2,4,"CR-SOURTHERN RD","",23,35.44763056,-88.24688889,0,12,2,0,1,1,0,1,1,1,0,1,0,"0000000",99,99,99,99,99,99,0,0,0,1,1
47,470220,2,2,0,0,0,3,3,139,0,10,4,2016,1,16,30,1,1,3,1,2,"US-64/74 SR-40 US-HWY 64","",33,35.11148056,-84.67168056,0,12,2,0,1,1,0,1,1,10,0,10,0,"0000000",99,99,99,99,99,99,0,0,0,1,0
47,470221,2,2,0,0,0,3,3,73,0,16,4,2016,7,6,15,0,1,7,2,4,"CR-OLD HWY 70 TRAIL OF THE LON","ESOME PINE",16,36.36853056,-83.00416944,0,12,2,0,1,1,0,1,2,1,0,1,0,"0000000",99,99,99,99,88,88,0,0,0,1,0
47,470222,2,2,0,0,0,4,4,13,350,16,3,2016,4,18,1,0,2,5,1,3,"SR-116 JOHN MCGHEE BLVD","",50,36.29121111,-84.21311111,0,12,6,0,1,1,0,1,1,1,0,1,0,"0000000",99,99,99,99,99,99,14,0,0,1,0
47,470223,1,1,0,0,0,2,2,157,1620,16,4,2016,7,3,50,0,2,4,4,6,"RALEIGH-LAGRANGE RD","",34,35.19142778,-89.89216389,0,33,0,0,1,1,0,4,3,1,0,1,0,"0000000",99,99,99,99,99,99,0,0,0,1,0
47,470224,1,1,0,0,0,1,1,93,0,17,4,2016,1,20,4,0,2,6,2,4,"CR-ELLISTOWN RD","",18,36.06341111,-83.81155,0,53,0,0,1,1,0,4,2,1,0,1,0,"0000000",99,99,99,99,88,88,0,0,0,1,0
47,470225,2,2,0,0,0,2,2,93,0,16,4,2016,7,7,55,0,2,4,1,3,"SR-168 W GOVERNOR JOHN SEVIER","",10,35.88841111,-83.93686111,0,12,2,0,1,1,0,1,1,1,0,1,0,"0000000",99,99,99,99,88,88,0,0,0,1,1
47,470226,1,1,0,1,1,1,1,157,1620,10,4,2016,1,15,13,1,2,3,1,3,"SR-14 JACKSON AVE","",190,35.183,-89.93505833,0,8,0,0,1,1,0,1,1,1,0,1,0,"0000000",99,99,99,99,99,99,0,0,0,1,0
47,470227,1,1,0,0,0,1,1,103,840,18,4,2016,2,99,99,0,2,4,1,3,"SR-110 ARDMORE HWY","",217,35.1174,-86.57038056,0,42,0,0,1,1,0,5,1,1,0,1,0,"0000000",99,99,99,99,99,99,0,0,0,1,0
47,470228,1,1,0,0,0,1,1,93,0,6,3,2016,1,19,59,0,2,5,1,2,"US-25W/70 SR-9 ASHVILLE HWY","",144,36.02378889,-83.7157,0,34,0,0,8,1,0,4,2,1,0,1,0,"0000000",99,99,99,99,99,99,0,0,0,1,0
47,470229,2,2,0,0,0,3,3,157,1620,17,4,2016,1,20,30,1,2,3,1,2,"US-78 SR-4 LAMAR AVE","",66,35.07155556,-89.94646111,0,12,6,0,8,1,0,1,3,1,0,1,0,"0000000",99,99,99,99,88,88,0,0,0,1,1
47,470230,1,1,0,0,0,1,1,125,410,14,4,2016,5,11,40,1,2,1,1,1,"I-24","",68,36.57203889,-87.25753889,0,35,0,0,1,1,0,4,1,1,0,1,0,"0000000",99,99,99,99,99,99,0,0,0,1,0
47,470231,1,1,0,0,0,2,2,77,0,16,4,2016,7,20,30,0,1,5,1,3,"SR-104","",330,35.46663889,-88.30521944,0,32,0,0,1,1,0,4,2,1,0,1,0,"0000000",99,99,99,99,99,99,0,0,0,1,1
47,470232,2,2,0,0,0,3,3,77,0,17,4,2016,1,16,15,0,1,5,1,3,"SR-22 HWY 22A","CR-JOE HORTON RD",53,35.57405,-88.45923056,0,12,2,0,2,2,0,1,1,1,0,1,0,"0000000",99,99,99,99,99,99,0,0,0,1,1
47,470233,1,1,0,0,0,1,1,35,0,25,3,2016,6,14,20,0,2,4,1,3,"SR-101 LANTANA RD","",101,35.88403889,-85.08746944,0,38,0,0,1,1,0,4,1,1,0,1,0,"0000000",99,99,99,99,99,99,0,0,0,1,0
47,470234,1,1,0,0,0,1,1,149,2250,17,4,2016,1,4,12,0,2,4,1,3,"SR-102 LEE VICTORY PKWY RAMP","",104,35.958,-86.49776111,0,23,0,1,5,1,0,4,3,1,0,1,0,"0000000",99,99,99,99,88,88,0,0,0,1,1
47,470235,2,2,0,0,0,3,3,165,0,25,3,2016,6,20,46,1,1,3,1,2,"US-231/31E SR-6 HWY 31E","",282,36.5147,-86.26391111,0,12,6,0,1,1,0,1,2,1,0,1,0,"0000000",99,99,99,99,99,99,0,0,0,2,1
47,470236,2,2,0,0,0,4,4,45,710,20,4,2016,4,19,31,0,2,6,2,4,"CR-MILLSFIELD HWY","",23,36.08891111,-89.38215,0,12,2,0,1,1,0,1,3,2,0,2,0,"0000000",99,99,99,99,99,99,0,0,0,1,0
47,470237,1,1,0,0,0,2,2,157,1620,22,3,2016,3,22,10,0,2,7,4,6,"ROCKY WOODS DR","",3,35.14534444,-89.74921111,0,42,0,0,1,1,0,5,3,1,0,1,0,"0000000",99,99,99,99,99,99,0,0,0,1,0
47,470238,1,1,0,0,0,1,1,55,0,15,4,2016,6,6,15,0,1,4,1,2,"US-31 SR-7 COLUMBIA HWY","",264,35.28186111,-87.03038889,0,34,0,0,1,1,0,4,4,1,0,1,0,"0000000",99,99,99,99,99,99,0,0,0,1,0
47,470239,2,2,0,0,0,3,3,185,0,19,4,2016,3,5,26,0,1,4,1,2,"US-70 SR-1 CROSSVILLE HWY","",203,35.95368056,-85.29483056,0,12,8,0,1,1,0,1,2,1,0,1,0,"0000000",99,99,99,99,99,99,0,0,0,1,0
47,470240,1,1,0,1,1,2,2,157,1620,18,4,2016,2,16,11,0,2,4,4,6,"R. RAINES RD","",59,35.03559167,-89.99603333,0,8,0,0,1,1,0,1,1,1,0,1,0,"0000000",99,99,99,99,99,99,0,0,0,1,0
47,470241,1,1,0,0,0,1,1,47,0,14,4,2016,5,7,0,0,1,6,2,4,"CR-BOBBITT RD","",11,35.14405,-89.46798056,0,35,0,0,1,1,0,4,1,1,0,1,0,"0000000",99,99,99,99,99,99,0,0,0,1,0
47,470242,1,1,0,0,0,2,2,65,2260,17,4,2016,1,22,41,0,2,7,4,6,"OLD DAYTON PK","DAYTON PK",10,35.30013056,-85.14678889,0,24,0,0,3,3,0,4,3,1,0,1,0,"0000000",99,99,99,99,88,88,20,0,0,1,1
47,470243,2,2,0,0,0,2,2,111,0,21,4,2016,5,5,23,1,1,3,1,3,"SR-52 HWY 52W","CR-OAKDALE RD",45,36.52361944,-86.15041944,0,12,6,0,2,2,0,1,2,1,0,1,0,"0000000",99,99,99,99,99,99,0,0,0,1,0
47,470244,1,1,0,0,0,1,1,25,0,20,4,2016,4,18,35,0,1,7,67,8,"EARLS HOLLOW RD","",24,36.50525,-83.71561944,8,1,0,0,1,1,0,5,1,1,0,1,0,"0000000",99,99,99,99,99,99,0,0,0,1,1
47,470245,1,1,0,0,0,1,1,157,1620,25,4,2016,2,1,52,1,2,3,1,3,"SR-204 COVINGTON PK","PLEASANT VIEW RD",6,35.17575278,-89.89696667,0,59,0,0,3,2,0,4,3,1,0,1,0,"0000000",99,99,99,99,99,99,0,0,0,1,1
47,470246,1,1,0,0,0,1,1,177,0,23,4,2016,7,23,0,0,1,6,2,4,"CR-FRANCIS FERRY RD","",105,35.7384,-85.74395,0,1,0,0,1,1,0,4,2,1,0,1,0,"0000000",99,99,99,99,88,88,0,0,0,1,0
47,470247,1,1,0,0,0,7,7,189,1360,9,4,2016,7,22,23,1,2,1,1,1,"I-40","",156,36.18316944,-86.29198056,0,1,0,0,1,1,0,1,2,1,0,1,0,"0000000",99,99,99,99,99,99,0,0,0,2,1
47,470248,3,3,0,0,0,4,4,157,1620,21,4,2016,5,10,55,1,2,3,4,6,"WALNUT GROVE RD","",16,35.13463889,-89.840375,0,12,6,0,1,1,0,1,1,2,0,2,0,"0000000",99,99,99,99,99,99,0,0,0,1,0
47,470249,1,1,0,1,1,1,1,125,410,25,4,2016,2,4,49,1,2,3,1,2,"US-41A SR-12 FT CAMPBELL BLVD","",201,36.59206111,-87.41632222,0,8,0,0,1,1,0,1,3,1,0,1,0,"0000000",99,99,99,99,88,88,0,0,0,1,0
47,470250,2,2,0,0,0,3,3,123,0,20,4,2016,4,7,0,0,1,4,1,3,"SR-68","",281,35.32955,-84.29515,0,12,2,0,1,1,0,1,1,1,0,1,0,"0000000",7,1,7,11,7,34,0,0,0,2,0
47,470251,1,1,0,0,0,2,2,187,0,19,4,2016,3,0,47,0,1,6,2,4,"CR-OLD HWY 96 W","",96,35.9261,-87.0382,0,42,0,0,1,1,0,4,2,1,0,1,0,"0000000",99,99,99,99,99,99,0,0,0,1,1
47,470252,2,2,0,0,0,2,2,155,0,14,4,2016,5,8,37,1,2,3,1,2,"US-411 SR-35 MARYVILLE HWY","",8,35.86246111,-83.76975,0,12,2,0,1,1,0,1,1,1,0,1,0,"0000000",99,99,99,99,99,99,0,0,0,1,1
47,470254,1,1,0,0,0,2,2,13,1240,19,4,2016,3,3,15,1,1,1,1,1,"I-75","",308,36.57968056,-84.1106,0,31,0,0,1,1,0,8,2,1,0,1,0,"0000000",99,99,99,99,99,99,0,0,0,1,0
47,470255,2,2,0,0,0,3,3,3,0,30,4,2016,7,16,32,1,1,3,1,2,"US-41A SR-16","",296,35.42458889,-86.28138889,0,12,2,0,1,1,0,1,1,10,0,10,0,"0000000",99,99,99,99,99,99,0,0,0,1,0
47,470256,1,1,0,1,1,1,1,157,1620,1,5,2016,1,18,45,1,2,3,1,2,"US-64/70 SR-1 E.H. CRUMP BLVD","",11,35.12440833,-90.04846944,0,15,0,0,1,1,0,1,1,1,0,1,0,"0000000",99,99,99,99,99,99,0,0,0,1,0
47,470257,2,1,1,0,0,1,1,157,1620,30,4,2016,7,13,50,0,2,7,4,6,"ROYAL RIDGE DR","ROYAL WOOD DR",2,35.25466667,-89.93824444,0,14,0,0,3,3,0,5,1,1,0,1,0,"0000000",99,99,99,99,99,99,0,0,0,1,0
47,470258,2,2,0,0,0,2,2,1,0,21,4,2016,5,15,45,0,1,6,2,4,"CR-DUTCH VALLEY RD","",20,36.13693889,-84.18915,0,12,2,0,1,1,0,1,1,10,0,10,0,"0000000",99,99,99,99,99,99,0,0,0,1,0
47,470259,1,1,0,0,0,1,1,11,0,25,4,2016,2,17,6,1,2,1,1,1,"I-75","",178,35.29796944,-84.81143889,0,42,0,0,1,1,0,4,1,1,0,1,0,"0000000",99,99,99,99,88,88,0,0,0,1,0
47,470260,1,1,0,1,1,1,1,99,1350,28,4,2016,5,10,30,0,2,5,4,6,"GERI ST","",3,35.26283056,-87.3175,0,15,0,0,1,1,0,1,1,1,0,1,0,"0000000",99,99,99,99,99,99,0,0,0,1,0
47,470261,2,2,0,0,0,4,4,125,410,26,4,2016,3,22,18,1,2,3,1,2,"US-41ABP SR-12 ASHLAND RD","",123,36.50471944,-87.35648889,0,12,2,0,1,1,0,1,2,2,0,2,0,"0000000",20,51,20,59,21,46,0,0,0,1,0
47,470262,1,1,0,1,1,1,1,157,1620,29,4,2016,6,23,21,1,2,1,1,1,"I-40 ISAAC HAYES MEMORIAL HWY","",199,35.1929,-89.79666111,0,8,0,0,1,1,0,1,3,2,0,2,0,"0000000",99,99,99,99,99,99,0,0,0,1,0