"STATE","ST_CASE","VE_TOTAL","VE_FORMS","PVH_INVL","PEDS","PERNOTMVIT","PERMVIT","PERSONS","COUNTY","CITY","DAY","MONTH","YEAR","DAY_WEEK","HOUR","MINUTE","NHS","RUR_URB","FUNC_SYS","RD_OWNER","ROUTE","TWAY_ID","TWAY_ID2","MILEPT","LATITUDE","LONGITUD","SP_JUR","HARM_EV","MAN_COLL","RELJCT1","RELJCT2","TYP_INT","WRK_ZONE","REL_ROAD","LGT_COND","WEATHER1","WEATHER2","WEATHER","SCH_BUS","RAIL","NOT_HOUR","NOT_MIN","ARR_HOUR","ARR_MIN","HOSP_HR","HOSP_MN","CF1","CF2","CF3","FATALS","DRUNK_DR"
47,470263,2,2,0,0,0,3,3,119,2350,30,4,2016,7,17,0,1,2,3,1,2,"US-31 SR-6 MAIN ST NASHVILLE H","",311,35.73431111,-86.95275,0,12,6,0,1,1,0,1,1,2,0,2,0,"0000000",99,99,99,99,99,99,0,0,0,1,0
47,470264,1,1,0,0,0,3,3,93,1300,2,5,2016,2,17,30,0,2,4,4,6,"MILLERTOWN PKWY","",49,36.028475,-83.87310278,0,53,0,0,1,1,0,4,1,2,0,2,0,"0000000",99,99,99,99,99,99,0,0,0,1,1
47,470265,2,2,0,0,0,4,4,149,0,3,5,2016,3,14,58,0,1,6,2,4,"CR-BARFIELD-CRESENT RD","CR-HARRISON RD",15,35.75043056,-86.44133889,0,12,6,0,2,2,0,1,1,1,0,1,0,"0000000",99,99,99,99,99,99,0,0,0,1,0
47,470266,2,2,0,0,0,3,3,65,0,24,4,2016,1,6,33,1,2,1,1,1,"I-75","",0,35.12683056,-85.02578056,0,12,1,0,1,1,0,1,1,1,0,1,0,"0000000",99,99,99,99,99,99,0,0,0,1,0
47,470267,3,3,0,1,1,4,4,81,0,28,4,2016,5,9,21,1,1,1,1,1,"I-40","",77,35.92561111,-87.59431111,0,12,7,0,1,1,0,2,1,10,0,10,0,"0000000",99,99,99,99,99,99,0,0,0,1,0
47,470268,1,1,0,1,1,2,2,37,1760,24,4,2016,1,15,55,0,2,7,4,6,"HILLSBORO CIR","BANDYWOOD DR",7,36.10508056,-86.81953056,0,8,0,0,2,3,0,1,1,1,0,1,0,"0000000",99,99,99,99,99,99,0,0,0,1,0
47,470270,1,1,0,0,0,1,1,53,0,2,5,2016,2,1,47,0,1,6,2,4,"CR-FRONG JUMP-BRAZIL RD","",26,35.91708889,-89.05451944,0,32,0,0,1,1,0,4,2,1,0,1,0,"0000000",2,31,2,46,88,88,0,0,0,1,0
47,470271,1,1,0,0,0,1,1,169,0,3,5,2016,3,14,5,0,1,6,2,4,"CR-TEMPLOW RD","",15,36.42391111,-86.24775,0,34,0,0,1,1,0,4,1,1,0,1,0,"0000000",14,0,14,15,88,88,0,0,0,1,0
47,470272,2,2,0,0,0,2,2,87,0,3,5,2016,3,18,0,0,1,4,1,3,"SR-56 S GRUNDY QUARLES HWY","",63,36.29428056,-85.63968056,0,12,2,0,1,1,0,1,1,10,0,10,0,"0000000",17,55,18,2,18,37,0,0,0,1,0
47,470273,2,2,0,0,0,3,3,157,1620,4,5,2016,4,12,50,1,2,3,1,2,"US-61 SR-14 S THIRD ST","",68,35.06641389,-90.05885833,0,12,6,0,8,1,0,1,1,1,0,1,0,"0000000",99,99,99,99,88,88,0,0,0,1,0
47,470274,2,2,0,0,0,3,3,13,0,5,5,2016,5,8,36,1,2,3,1,3,"SR-63 GEN. CARL STINER HWY","",85,36.39508056,-84.09058056,0,12,2,0,1,1,0,2,1,2,0,2,0,"0000000",99,99,99,99,99,99,0,0,0,1,0
47,470275,2,2,0,0,0,3,3,189,0,23,4,2016,7,17,25,0,1,4,1,2,"US-231 SR-10 MURFREESBORO RD","",3,36.01371944,-86.36361111,0,12,2,0,1,1,0,1,1,1,0,1,0,"0000000",99,99,99,99,88,88,0,0,0,2,0
47,470276,1,1,0,1,1,1,1,157,1620,4,5,2016,4,19,30,1,2,1,1,1,"I-40","",17,35.15075,-90.03608333,0,8,0,0,1,1,0,1,5,1,0,1,0,"0000000",99,99,99,99,88,88,0,0,0,1,0
47,470277,1,1,0,0,0,1,1,37,1760,8,4,2016,6,16,38,0,2,4,4,6,"DUE WEST AVE","",7,36.25491944,-86.7454,0,35,0,0,1,1,0,4,1,10,0,10,0,"0000000",99,99,99,99,99,99,0,0,0,1,0
47,470278,2,2,0,0,0,8,8,57,242,4,5,2016,4,16,0,0,1,4,1,2,"US-11W SR-1 RUTLEDGE PK","INDIAN RIDGE RD",18,36.15573056,-83.70328056,0,12,6,0,2,2,0,1,1,1,0,1,0,"0000000",99,99,99,99,99,99,0,0,0,1,0
47,470279,1,1,0,0,0,1,1,189,0,6,5,2016,6,19,0,0,1,5,1,3,"SR-266 CAINSVILLE RD","",28,36.00658889,-86.24371111,0,35,0,0,1,1,0,4,1,1,0,1,0,"0000000",99,99,99,99,99,99,0,0,0,1,1
47,470280,2,2,0,0,0,3,3,1,415,28,4,2016,5,17,27,0,2,3,1,2,"US-25W SR-9","MEHAFFEY RD",164,36.0309,-84.0935,0,12,6,0,2,2,0,1,1,1,0,1,0,"0000000",17,24,17,34,17,54,0,0,0,1,1
47,470281,3,2,1,0,0,2,2,157,1620,3,5,2016,3,16,8,0,2,5,4,6,"DELLWOOD AVE","",11,35.21016111,-90.02257778,0,14,0,0,1,1,0,7,1,1,0,1,0,"0000000",99,99,99,99,99,99,0,0,0,1,0
47,470282,3,3,0,0,0,4,4,1,1850,6,5,2016,6,21,45,1,2,3,1,3,"SR-95 OAK RIDGE TURNPIKE","JEFFERSON AVE",25,36.00583056,-84.28141111,0,12,1,0,3,3,0,1,2,1,0,1,0,"0000000",99,99,99,99,99,99,0,0,0,1,1
47,470283,1,1,0,0,0,1,1,163,1280,7,5,2016,7,14,35,1,2,3,1,3,"SR-36 FT HENRY RD","",26,36.470975,-82.48457778,0,35,0,0,1,1,0,4,1,1,0,1,0,"0000000",99,99,99,99,99,99,0,0,0,1,0
47,470284,1,1,0,0,0,1,1,157,1620,6,5,2016,6,14,42,0,2,4,4,6,"HOMER ST","MACON RD",1,35.16248889,-89.93951667,1,30,0,0,3,3,0,4,1,1,0,1,0,"0000000",99,99,99,99,99,99,0,0,0,1,0
47,470285,2,2,0,0,0,2,2,69,0,4,5,2016,4,20,20,0,1,6,2,4,"CR-PEA VINE RD","CR-SERLES RD",89,35.15131111,-88.87435,0,12,2,0,2,3,0,1,2,1,0,1,0,"0000000",99,99,99,99,99,99,0,0,0,1,0
47,470286,1,1,0,0,0,2,2,183,670,8,5,2016,1,1,5,1,1,3,1,3,"SR-22","",128,36.27688889,-88.70878056,0,33,0,0,1,1,0,4,3,1,0,1,0,"0000000",99,99,99,99,99,99,0,0,0,1,0
47,470287,2,2,0,0,0,2,2,155,2170,8,5,2016,1,10,36,1,2,3,1,3,"SR-66 WINFIELD DUNN PKWY","JAGUER DR WESLEY LN",37,35.91913889,-83.58036944,0,12,6,0,2,2,0,1,1,1,0,1,0,"0000000",99,99,99,99,99,99,0,0,0,1,0
47,470288,2,1,1,0,2,1,3,145,0,8,5,2016,1,6,55,1,1,3,1,2,"US-27 SR-29 SPRINGS CITY HWY","",26,35.82226111,-84.72156111,0,14,0,0,1,1,0,2,1,1,0,1,0,"0000000",99,99,99,99,99,99,0,0,0,1,0
47,470289,1,1,0,0,0,1,1,149,0,11,5,2016,4,23,38,1,1,3,1,3,"SR-96 FRANKLIN RD","",1,35.85126111,-86.59908056,0,35,0,0,1,1,0,4,2,1,0,1,0,"0000000",99,99,99,99,88,88,0,0,0,1,1
47,470290,2,2,0,1,1,6,6,11,0,1,5,2016,1,23,25,1,2,1,1,1,"I-75","",147,35.25771944,-84.83565,0,8,0,0,1,1,0,1,2,10,0,10,0,"0000000",99,99,99,99,99,99,0,0,0,1,0
47,470291,1,1,0,0,0,1,1,155,0,9,5,2016,2,12,54,0,6,96,96,4,"CR-SCOTTISH HIGHLAND WAY","",0,35.70908056,-83.61183056,0,42,0,0,1,1,0,4,1,1,0,1,0,"0000000",99,99,99,99,99,99,0,0,0,1,0
47,470292,1,1,0,0,0,1,1,93,1300,11,5,2016,4,13,42,0,2,7,4,6,"LYONS BEND RD","",6,35.91421667,-83.98704444,0,42,0,0,1,1,0,4,1,10,0,10,0,"0000000",99,99,99,99,88,88,0,0,0,1,0
47,470293,1,1,0,0,0,3,3,37,1760,26,4,2016,3,5,14,1,2,1,1,1,"I-65","",71,36.13166944,-86.77408889,0,1,0,0,1,1,0,4,3,1,0,1,0,"0000000",99,99,99,99,99,99,0,0,0,1,0
47,470294,3,3,0,0,0,5,5,121,0,6,5,2016,6,14,30,0,1,4,1,3,"SR-58","",161,35.49138889,-84.8069,0,54,11,0,1,1,0,1,1,1,0,1,0,"0000000",99,99,99,99,88,88,14,0,0,4,0
47,470295,2,1,1,0,1,2,3,93,829,13,5,2016,6,8,59,1,2,1,1,1,"I-40","",35,35.89638056,-84.18396111,0,14,0,0,1,1,0,2,1,1,0,1,0,"0000000",99,99,99,99,99,99,0,0,0,2,0
47,470296,2,2,0,0,0,7,7,133,1420,13,5,2016,6,13,0,1,1,3,1,3,"SR-111 W MAIN ST","",104,36.37063889,-85.34091111,0,12,11,0,1,1,0,1,1,1,0,1,0,"0000000",99,99,99,99,99,99,0,0,0,1,0
47,470297,1,1,0,0,0,1,1,163,290,14,5,2016,7,7,6,1,2,1,1,1,"I-81","",210,36.58921389,-82.25771111,0,24,0,1,5,1,0,4,1,1,0,1,0,"0000000",99,99,99,99,99,99,0,0,0,1,0
47,470298,1,1,0,0,0,1,1,163,1953,14,5,2016,7,15,24,0,1,6,2,4,"CR-ALLISON RD","",64,36.43683056,-82.34360278,0,31,0,0,1,1,0,4,1,1,0,1,0,"0000000",99,99,99,99,88,88,0,0,0,1,0
47,470299,2,2,0,0,0,2,2,105,0,5,5,2016,5,12,25,0,2,6,2,4,"CR-DAVIS FERRY RD","",30,35.71265,-84.28988889,0,12,1,0,1,1,0,1,1,2,0,2,0,"0000000",99,99,99,99,99,99,0,0,0,1,0
47,470301,5,5,0,0,0,11,11,189,0,8,5,2016,1,15,20,1,1,3,1,3,"SR-109","CR-BURTON RD",107,36.27806111,-86.44278889,0,12,1,0,3,3,0,1,1,1,0,1,0,"0000000",99,99,99,99,99,99,0,0,0,1,0
47,470302,1,1,0,0,0,1,1,55,0,9,5,2016,2,99,99,0,1,5,1,3,"SR-166 BETHEL RD","",103,35.13446111,-87.04778889,0,35,0,0,1,1,0,4,4,1,0,1,0,"0000000",99,99,99,99,88,88,0,0,0,1,0
47,470303,1,1,0,0,0,1,1,65,400,24,4,2016,1,99,99,1,2,3,1,3,"SR-317 BONNY OAKS DR","",30,35.07308056,-85.16153889,0,23,0,0,1,1,0,4,2,10,0,10,0,"0000000",99,99,99,99,88,88,0,0,0,1,1
47,470304,2,2,0,0,0,3,3,21,0,14,5,2016,7,20,30,0,1,5,1,3,"SR-249 BEAR WALLOW RD","",197,36.29628889,-87.00213889,0,12,6,0,1,1,0,1,2,1,0,1,0,"0000000",20,27,20,35,88,88,0,0,0,1,1
47,470305,1,1,0,1,1,2,2,37,1760,23,4,2016,7,21,50,0,2,4,1,3,"SR-11 DICKERSON PK","",179,36.24721111,-86.7567,0,8,0,0,1,1,0,1,3,1,0,1,0,"0000000",99,99,99,99,99,99,0,0,0,1,0
47,470306,1,1,0,0,0,1,1,189,0,13,5,2016,6,0,0,0,1,6,2,4,"CR-S R TATER PEELER RD","",39,36.15765,-86.28775,0,30,0,0,1,1,0,4,3,1,0,1,0,"0000000",99,99,99,99,88,88,0,0,0,1,1
47,470307,1,1,0,1,1,1,1,183,1560,8,5,2016,1,14,25,1,2,1,1,3,"SR-22","",172,36.31276944,-88.77293056,0,9,0,0,1,1,0,1,1,1,0,1,0,"0000000",99,99,99,99,88,88,0,0,0,1,0
47,470309,3,3,0,0,0,5,5,25,0,9,5,2016,2,21,10,1,1,3,1,3,"SR-63 APPALACHIAN HWY","BOWMAN DR",3,36.45016111,-83.92523056,0,12,1,0,3,2,0,1,2,1,0,1,0,"0000000",99,99,99,99,99,99,0,0,0,1,0
47,470310,1,1,0,0,0,2,2,19,0,21,1,2016,5,99,99,0,1,7,2,4,"CR-DYE LEAF RD","",1,36.27871111,-81.97161944,0,42,0,0,1,1,0,4,2,4,0,4,0,"0000000",99,99,99,99,88,88,0,0,0,1,0
47,470311,5,5,0,0,0,4,4,157,1620,7,5,2016,7,4,48,1,2,1,1,1,"I-40","",150,35.16025,-89.87376944,0,12,1,1,18,1,1,1,3,1,0,1,0,"0000000",99,99,99,99,88,88,14,0,0,1,0
47,470312,1,1,0,0,0,1,1,147,0,8,5,2016,1,3,35,0,1,4,1,2,"US-431 SR-65","",152,36.63258889,-86.85686111,0,35,0,0,1,1,0,4,2,1,0,1,0,"0000000",99,99,99,99,88,88,0,0,0,1,0
47,470313,1,1,0,0,0,1,1,157,1348,15,5,2016,1,4,10,0,1,7,4,6,"CHAMBERS CHAPEL RD","",37,35.26166667,-89.70930556,0,32,0,0,1,1,0,4,2,1,0,1,0,"0000000",99,99,99,99,88,88,0,0,0,1,0
47,470314,2,2,0,0,0,3,3,157,1620,17,5,2016,3,11,50,0,2,4,4,6,"MT MORIAH RD EXTD","",8,35.07235278,-89.86334722,0,12,6,0,8,1,0,1,1,1,0,1,0,"0000000",99,99,99,99,99,99,0,0,0,1,0
47,470315,1,1,0,0,0,2,2,183,0,15,5,2016,1,16,13,0,1,6,2,4,"CR-RALSTON RD","",6,36.3315,-88.79821944,0,35,0,0,1,1,0,4,1,1,0,1,0,"0000000",99,99,99,99,99,99,0,0,0,1,0
47,470316,2,2,0,0,0,2,2,25,0,16,5,2016,2,8,5,1,1,3,1,2,"US-25E SR-32","",71,36.43528889,-83.55931111,0,12,6,0,1,1,0,1,1,1,0,1,0,"0000000",99,99,99,99,99,99,0,0,0,1,0
47,470317,2,2,0,0,0,2,2,153,0,18,5,2016,4,6,42,1,1,3,1,3,"SR-8/111 HWY 8","",199,35.41208889,-85.4104,0,12,2,0,1,1,0,1,1,10,0,10,0,"0000000",99,99,99,99,99,99,0,0,0,1,0
47,470318,2,2,0,0,0,5,5,107,0,16,5,2016,2,12,20,0,1,4,1,3,"SR-68","CR-296",46,35.61471944,-84.57978889,0,1,0,0,3,3,0,1,1,1,0,1,0,"0000000",99,99,99,99,99,99,0,0,0,1,0
47,470319,1,1,0,0,0,2,2,89,1230,20,5,2016,6,1,16,1,2,3,1,2,"US-11E SR-34 E BROADWAY BLVD","",165,36.15402778,-83.428025,0,43,0,0,1,1,0,5,2,1,0,1,0,"0000000",99,99,99,99,99,99,20,0,0,1,0
47,470320,1,1,0,0,0,3,3,157,1620,22,5,2016,1,2,51,1,2,3,1,2,"US-51 SR-3 ELVIS PRESLEY BLVD","",41,35.05396667,-90.02543056,0,33,0,0,1,1,0,4,3,1,0,1,0,"0000000",99,99,99,99,99,99,0,0,0,1,0
47,470321,1,1,0,1,1,1,1,157,1620,21,5,2016,7,8,1,1,2,3,1,3,"SR-14 AUSTIN PEAY HWY","",216,35.21366667,-89.91662778,0,8,0,0,1,1,0,1,1,1,0,1,0,"0000000",99,99,99,99,99,99,0,0,0,1,0
47,470322,3,3,0,0,0,3,3,113,0,23,5,2016,2,6,10,0,1,6,2,4,"CR-8183 RIVERSIDE DR","",32,35.49572222,-88.87200556,0,12,2,0,1,1,0,1,1,1,0,1,0,"0000000",99,99,99,99,99,99,0,0,0,1,0
47,470323,2,2,0,0,0,2,2,93,0,20,5,2016,6,17,19,1,2,3,1,3,"SR-62 OAK RIDGE HWY","",67,35.98586111,-84.08498056,0,12,6,0,8,1,0,1,1,2,0,2,0,"0000000",99,99,99,99,99,99,0,0,0,1,0
47,470324,1,1,0,0,0,1,1,119,0,14,5,2016,7,0,8,0,1,6,2,4,"CR-MOORE LN","",15,35.47635,-87.07196111,0,30,0,0,1,1,0,4,2,1,0,1,0,"0000000",99,99,99,99,99,99,0,0,0,1,0
47,470325,2,2,0,0,0,6,6,141,0,23,5,2016,2,16,10,0,1,5,1,3,"SR-136 HILHAM RD","CR-BEAR CREEK RD",90,36.22793056,-85.47708889,0,12,2,0,2,2,0,1,1,1,0,1,0,"0000000",99,99,99,99,99,99,0,0,0,2,0
47,470326,1,1,0,0,0,1,1,35,0,22,5,2016,1,19,40,0,1,6,2,4,"CR-PLATEAU RD","",5,36.0467,-85.16231111,0,42,0,0,1,1,0,4,2,1,0,1,0,"0000000",19,32,19,37,20,12,0,0,0,1,0
47,470327,2,2,0,0,0,3,3,149,1750,20,5,2016,6,15,38,0,2,7,4,6,"GARRISON DR","GATEWAY BLVD",14,35.86361111,-86.42621944,0,12,6,0,2,2,0,1,1,2,0,2,0,"0000000",99,99,99,99,99,99,0,0,0,1,0
47,470328,2,2,0,0,0,3,3,75,0,16,5,2016,2,4,45,0,1,5,1,2,"US-70 SR-1 HWY 70E","",280,35.58278889,-89.07526944,0,12,6,0,1,1,0,1,2,10,0,10,0,"0000000",99,99,99,99,99,99,0,0,0,1,1
47,470329,2,2,0,0,0,3,3,157,1620,20,5,2016,6,18,5,0,2,5,4,6,"HIGH POINT TERRACE","MIMOSA AVE",5,35.13893333,-89.93622222,0,12,2,0,2,2,0,1,1,1,0,1,0,"0000000",99,99,99,99,99,99,0,0,0,1,1
47,470330,1,1,0,0,0,2,2,57,2105,20,5,2016,6,18,28,0,1,4,1,2,"US-11W SR-1 RUTLEDGE PK","",108,36.24883889,-83.59506944,0,42,0,0,1,1,0,4,1,2,0,2,0,"0000000",18,28,18,36,19,39,0,0,0,1,0
47,470331,3,2,1,0,0,4,4,93,1300,25,5,2016,4,14,37,0,2,4,4,6,"CENTRAL AVE PK","DANTE RD",56,36.02671944,-83.99283056,0,12,6,0,2,2,0,1,1,1,0,1,0,"0000000",99,99,99,99,99,99,14,20,0,2,0
47,470332,1,1,0,1,1,1,1,37,1760,12,3,2016,7,19,25,1,2,3,1,2,"US-31A/41A SR-11 NOLENSVILLE P","",72,36.08225,-86.72711944,0,8,0,0,1,1,0,1,3,2,0,2,0,"0000000",99,99,99,99,99,99,0,0,0,1,0
47,470333,1,1,0,0,0,2,2,37,1760,11,5,2016,4,2,20,1,2,3,1,2,"US-41/70S SR-1 MURFREESBORO RD","PARRIS AVE",198,36.14388056,-86.7476,0,5,0,0,3,3,0,1,2,1,0,1,0,"0000000",99,99,99,99,99,99,0,0,0,1,0
47,470334,1,1,0,0,0,1,1,115,0,21,5,2016,7,19,33,0,1,6,2,4,"CR-MT OLIVE RD","",34,35.215,-85.53826111,0,1,0,0,1,1,0,4,1,1,0,1,0,"0000000",99,99,99,99,99,99,0,0,0,1,1
47,470335,1,1,0,0,0,3,3,1,0,21,5,2016,7,21,1,0,1,5,1,3,"SR-116","",96,36.12633056,-84.23236944,0,5,0,0,1,1,0,1,2,1,0,1,0,"0000000",99,99,99,99,99,99,0,0,0,1,0
47,470336,1,1,0,0,0,1,1,161,0,22,5,2016,1,15,25,0,1,5,1,3,"SR-232","",44,36.38693056,-87.95285,0,1,0,0,1,1,0,1,1,1,0,1,0,"0000000",99,99,99,99,88,88,0,0,0,1,0
47,470337,1,1,0,0,0,1,1,37,1760,22,5,2016,1,18,17,1,2,2,1,3,"SR-155","",259,36.17125,-86.86925,0,25,0,1,19,1,0,4,1,1,0,1,0,"0000000",99,99,99,99,99,99,0,0,0,1,1
47,470338,2,2,0,0,0,2,2,65,400,21,5,2016,7,20,12,1,2,3,1,2,"US-11/64 SR-2 LEE HWY","",161,35.02448889,-85.19505,0,12,6,0,1,1,0,1,1,1,0,1,0,"0000000",99,99,99,99,88,88,0,0,0,1,1
47,470339,1,1,0,0,0,1,1,93,0,26,5,2016,5,0,34,0,2,4,1,3,"SR-131 LOVELL RD","",47,35.95053889,-84.12491944,0,1,0,0,1,1,0,4,2,1,0,1,0,"0000000",99,99,99,99,99,99,0,0,0,1,1
47,470340,1,1,0,1,1,1,1,157,1620,27,5,2016,6,5,6,0,2,5,4,6,"TRIGG AVE","",14,35.11221667,-90.046875,0,8,0,0,1,1,0,1,3,1,0,1,0,"0000000",99,99,99,99,88,88,0,0,0,1,0
47,470341,2,2,0,0,0,2,2,77,0,26,5,2016,5,6,0,0,1,6,2,4,"CR-TIMBERLAKE-WILDERSVILLE RD","",58,35.7672,-88.3676,0,12,2,0,1,1,0,1,1,10,0,10,0,"0000000",99,99,99,99,88,88,0,0,0,1,0
47,470342,1,1,0,0,0,2,2,9,0,29,5,2016,1,3,59,0,2,4,1,3,"SR-336 MONTVALE RD","",145,35.681,-83.97396111,0,35,0,0,1,1,0,4,2,10,0,10,0,"0000000",99,99,99,99,99,99,0,0,0,1,1
47,470343,1,1,0,0,0,2,2,151,0,27,5,2016,6,19,35,0,1,7,2,4,"CR-RIVER ROAD","",35,36.37841389,-84.4828,0,1,0,0,1,1,0,4,1,1,0,1,0,"0000000",99,99,99,99,99,99,0,0,0,1,1
47,470344,2,2,0,0,0,2,2,107,0,28,5,2016,7,22,58,0,1,4,1,3,"SR-30","",35,35.48425,-84.69893889,0,12,11,0,1,1,0,1,2,1,0,1,0,"0000000",99,99,99,99,99,99,19,0,0,1,0
47,470345,3,3,0,0,0,3,3,93,1300,28,5,2016,7,0,21,0,2,4,1,3,"SR-169 MIDDLEBROOK PK","",36,35.94291667,-84.06347222,0,12,8,0,1,1,0,1,3,1,0,1,0,"0000000",99,99,99,99,99,99,0,0,0,1,1
47,470346,1,1,0,0,0,2,2,157,1620,16,5,2016,2,9,0,0,2,4,4,6,"WARFORD ST","",2,35.16245278,-89.96241667,0,30,0,0,1,1,0,4,1,1,0,1,0,"0000000",99,99,99,99,99,99,0,0,0,1,0
47,470347,1,1,0,0,0,2,2,111,0,28,5,2016,7,23,35,0,1,7,2,4,"CR-GREEN VALLEY RD","",12,36.59961944,-86.05741944,0,42,0,0,1,1,0,4,2,1,0,1,0,"0000000",23,43,23,58,99,99,0,0,0,1,1
47,470348,3,3,0,0,0,4,4,115,0,23,4,2016,7,15,13,1,1,1,1,1,"I-24","",260,35.02203056,-85.55156944,0,12,9,0,1,1,0,1,1,1,0,1,0,"0000000",99,99,99,99,99,99,0,0,0,1,1
47,470349,2,2,0,0,0,2,2,141,0,9,3,2016,4,15,28,1,2,3,1,3,"SR-42/111","",118,36.21878889,-85.41498056,0,32,0,0,1,1,0,3,1,1,0,1,0,"0000000",99,99,99,99,99,99,0,0,0,1,0
47,470350,2,2,0,0,0,3,3,45,0,21,5,2016,7,22,50,1,2,3,1,2,"US-51 SR-3","",143,36.08992222,-89.323175,0,12,1,0,1,1,0,1,2,1,0,1,0,"0000000",99,99,99,99,99,99,0,0,0,1,0
47,470352,1,1,0,0,0,2,2,13,0,29,5,2016,1,17,5,0,1,5,1,2,"US-25W SR-9","",171,36.45788056,-84.08056944,0,1,0,0,1,1,0,1,1,1,0,1,0,"0000000",17,3,17,14,99,99,0,0,0,1,1
47,470353,2,2,0,0,0,2,2,113,0,24,5,2016,3,10,50,0,1,5,1,2,"US-70 SR-1","CR-HILLARD LN",78,35.61271944,-88.95098889,0,12,1,0,3,3,0,1,1,1,0,1,0,"0000000",99,99,99,99,99,99,0,0,0,1,1
47,470354,1,1,0,0,0,1,1,157,1620,3,6,2016,6,23,45,1,2,3,1,2,"US-78 SR-4 LAMAR AVE","",90,35.09761111,-89.97251944,0,42,0,0,1,1,0,4,3,1,0,1,0,"0000000",99,99,99,99,88,88,0,0,0,1,0
47,470355,1,1,0,0,0,4,4,149,0,28,5,2016,7,5,23,1,2,1,1,1,"I-24","",38,35.96783889,-86.56666111,0,59,0,0,1,1,0,4,2,1,0,1,0,"0000000",99,99,99,99,88,88,0,0,0,4,0
47,470356,2,2,0,0,0,5,5,25,0,27,5,2016,6,12,21,1,1,3,1,2,"US-25E SR-32","",46,36.42483056,-83.52726944,0,12,6,0,8,1,0,1,1,1,0,1,0,"0000000",99,99,99,99,99,99,0,0,0,1,0
47,470358,1,1,0,0,0,1,1,79,1910,5,5,2016,5,17,10,1,2,3,1,2,"US-641 SR-54 N MARKET ST","",125,36.32126944,-88.32466111,0,42,0,0,1,1,0,4,1,1,0,1,0,"0000000",99,99,99,99,99,99,20,0,0,1,0
47,470359,1,1,0,1,1,1,1,47,0,28,5,2016,7,18,33,0,1,7,2,4,"CR-PITTMAN RD","",2,35.202,-89.20826111,0,8,0,0,1,1,0,1,1,1,0,1,0,"0000000",18,30,18,49,88,88,0,0,0,1,0
47,470360,2,2,0,0,0,4,4,79,0,30,5,2016,2,2,38,1,1,3,1,3,"SR-22 STATE HWY 22N","",17,36.16821111,-88.5272,0,12,2,0,1,1,0,1,2,1,0,1,0,"0000000",99,99,99,99,99,99,0,0,0,1,2
47,470361,1,1,0,0,0,1,1,59,0,31,5,2016,3,19,53,0,1,5,1,3,"SR-351 RHEATOWN RD","",196,36.24201944,-82.70486111,0,34,0,0,1,1,0,4,1,1,0,1,0,"0000000",99,99,99,99,88,88,0,0,0,1,1
47,470362,2,2,0,0,0,2,2,73,2080,31,5,2016,3,23,0,1,2,3,1,2,"US-11W SR-1","",145,36.39238056,-83.03411944,0,12,2,0,1,1,0,1,3,1,0,1,0,"0000000",99,99,99,99,99,99,0,0,0,1,1
47,470363,2,2,0,0,0,2,2,165,890,25,5,2016,4,7,59,0,2,7,2,6,"E MARTIN LN","",32,36.42026111,-86.4361,0,12,6,0,8,1,0,1,1,10,0,10,0,"0000000",99,99,99,99,99,99,0,0,0,1,0
47,470364,2,2,0,0,0,3,3,1,1850,2,6,2016,5,18,31,1,2,3,1,3,"SR-95 OAK RIDGE TURNPIKE","",5,35.99405,-84.31211944,0,12,6,0,8,1,0,1,1,1,0,1,0,"0000000",99,99,99,99,99,99,0,0,0,1,0
47,470365,3,3,0,0,0,3,3,157,1620,4,6,2016,7,23,14,1,2,1,1,1,"I-240","",62,35.07175,-90.016075,0,12,1,0,1,1,0,1,3,1,0,1,0,"0000000",23,15,23,24,23,41,0,0,0,1,1
47,470366,2,1,1,0,0,1,1,151,0,29,3,2016,3,17,31,1,1,3,1,2,"US-27 SR-29 SCOTT HWY","",2,36.30121111,-84.63473889,0,34,0,0,1,1,0,4,1,1,0,1,0,"0000000",99,99,99,99,99,99,0,0,0,1,0
47,470367,1,1,0,0,0,1,1,65,400,30,5,2016,2,99,99,1,2,3,4,6,"WILCOX BLVD","",14,35.0521,-85.25523889,0,42,0,0,1,1,0,4,9,99,0,99,0,"0000000",99,99,99,99,88,88,18,0,0,1,1
47,470368,1,1,0,0,0,1,1,149,0,5,6,2016,1,14,0,1,1,3,1,3,"SR-840","",133,35.95063056,-86.44063889,0,21,0,0,1,1,0,4,1,10,0,10,0,"0000000",99,99,99,99,99,99,0,0,0,1,0
47,470369,2,2,0,0,0,4,4,141,0,2,6,2016,5,9,15,0,1,5,1,3,"SR-136 HILHAM RD","",97,36.2373,-85.47561111,0,12,2,0,1,1,0,1,1,1,0,1,0,"0000000",99,99,99,99,99,99,0,0,0,1,0
47,470370,1,1,0,0,0,1,1,105,0,30,5,2016,2,2,26,1,2,1,1,1,"I-40","",49,35.87135,-84.25203056,0,1,0,1,5,1,0,8,2,5,0,5,0,"0000000",99,99,99,99,99,99,0,0,0,1,1
47,470371,1,1,0,0,0,3,3,85,0,30,5,2016,2,16,9,1,1,1,1,1,"I-40","",50,35.87516111,-87.85618056,0,35,0,0,1,1,0,4,1,1,0,1,0,"0000000",99,99,99,99,99,99,0,0,0,1,0
47,470372,1,1,0,0,0,1,1,35,0,3,6,2016,6,13,9,0,1,7,2,4,"CR-WILL WYATT LN","",0,35.83183056,-85.09088889,0,1,0,0,1,1,0,1,1,2,0,2,0,"0000000",99,99,99,99,88,88,0,0,0,1,0
47,470373,3,3,0,0,0,6,6,179,1250,4,6,2016,7,15,53,0,2,4,1,3,"SR-910 E MAIN ST","",30,36.32548611,-82.31953333,0,12,8,0,1,1,0,1,1,1,0,1,0,"0000000",99,99,99,99,99,99,0,0,0,1,0