"STATE","ST_CASE","VE_TOTAL","VE_FORMS","PVH_INVL","PEDS","PERNOTMVIT","PERMVIT","PERSONS","COUNTY","CITY","DAY","MONTH","YEAR","DAY_WEEK","HOUR","MINUTE","NHS","RUR_URB","FUNC_SYS","RD_OWNER","ROUTE","TWAY_ID","TWAY_ID2","MILEPT","LATITUDE","LONGITUD","SP_JUR","HARM_EV","MAN_COLL","RELJCT1","RELJCT2","TYP_INT","WRK_ZONE","REL_ROAD","LGT_COND","WEATHER1","WEATHER2","WEATHER","SCH_BUS","RAIL","NOT_HOUR","NOT_MIN","ARR_HOUR","ARR_MIN","HOSP_HR","HOSP_MN","CF1","CF2","CF3","FATALS","DRUNK_DR"
47,470374,1,1,0,0,0,1,1,93,0,5,6,2016,1,0,32,0,2,4,1,3,"SR-131 LOVELL RD","",45,35.94828889,-84.12701111,0,42,0,0,1,1,0,4,2,2,0,2,0,"0000000",99,99,99,99,99,99,0,0,0,1,0
47,470375,2,2,0,0,0,2,2,65,400,2,6,2016,5,19,13,0,2,3,4,6,"SHALLOWFORD RD","",36,35.04421111,-85.21776111,0,12,6,0,1,1,0,1,1,10,0,10,0,"0000000",99,99,99,99,99,99,0,0,0,1,0
47,470376,2,2,0,0,0,3,3,99,0,2,6,2016,5,11,49,1,1,3,1,2,"US-64 SR-15 WAYNESBORO HWY","CR-SHOTWELL RD",112,35.27626111,-87.3969,0,12,6,0,2,2,0,1,1,1,0,1,0,"0000000",99,99,99,99,99,99,0,0,0,1,0
47,470377,1,1,0,0,0,1,1,71,0,7,6,2016,3,17,2,1,1,3,1,2,"US-64 SR-15","",147,35.24498056,-88.12531944,0,1,0,0,1,1,0,3,1,1,0,1,0,"0000000",99,99,99,99,99,99,0,0,0,1,1
47,470378,2,2,0,0,0,2,2,157,1620,9,6,2016,5,11,17,0,2,5,4,6,"CHANNEL AVE","",67,35.10385278,-90.09466389,0,12,6,0,8,1,0,1,1,1,0,1,0,"0000000",99,99,99,99,88,88,0,0,0,1,0
47,470379,4,4,0,0,0,5,5,149,1750,30,5,2016,2,11,8,0,2,4,1,3,"SR-99 NEW SALEM HWY","VETERANS PKWY",140,35.8037,-86.47836944,0,12,6,0,2,2,0,1,1,1,0,1,0,"0000000",99,99,99,99,99,99,0,0,0,1,0
47,470380,2,2,0,0,0,2,2,55,1980,8,6,2016,4,20,49,0,2,4,1,3,"SR-11 MILL ST","",162,35.17298056,-87.05206944,0,12,2,0,1,1,0,1,2,1,0,1,0,"0000000",99,99,99,99,99,99,0,0,0,1,1
47,470381,1,1,0,0,0,1,1,93,0,10,6,2016,6,16,35,0,2,7,2,4,"CR-NATIONAL DR","",3,35.95716944,-83.82595,0,34,0,0,1,1,0,4,1,1,0,1,0,"0000000",99,99,99,99,99,99,0,0,0,1,0
47,470382,2,2,0,0,0,2,2,93,1300,9,6,2016,5,17,25,0,2,4,4,6,"N WEISGARBER RD","",9,35.94290556,-84.01096944,0,12,6,0,8,1,0,1,1,1,0,1,0,"0000000",99,99,99,99,99,99,0,0,0,1,1
47,470383,1,1,0,0,0,1,1,107,0,10,6,2016,6,99,99,0,1,5,1,3,"SR-163 ETOWAH RD","",42,35.30416111,-84.72686111,0,42,0,0,1,1,0,4,1,1,0,1,0,"0000000",99,99,99,99,88,88,18,0,0,1,0
47,470384,2,2,0,0,0,3,3,157,1620,10,6,2016,6,21,25,1,2,3,4,6,"WALNUT GROVE RD","",14,35.13463889,-89.840375,0,59,0,0,1,1,0,4,2,1,0,1,0,"0000000",99,99,99,99,99,99,0,0,0,1,1
47,470385,2,2,0,0,0,2,2,107,0,3,6,2016,6,17,53,0,1,4,1,2,"US-11 SR-2","",35,35.33413889,-84.72641111,0,12,2,0,1,1,0,1,1,1,0,1,0,"0000000",99,99,99,99,99,99,0,0,0,1,0
47,470386,2,2,0,0,0,2,2,77,0,6,6,2016,2,14,53,1,1,3,1,2,"US-412 SR-20","",207,35.63748889,-88.26206944,0,12,2,0,1,1,0,1,1,1,0,1,0,"0000000",99,99,99,99,99,99,0,0,0,1,0
47,470387,2,2,0,0,0,2,2,73,0,7,6,2016,3,6,45,1,1,3,1,2,"US-11W SR-1","SR-346",236,36.4664,-82.90538056,0,12,6,0,2,3,0,1,1,5,0,5,0,"0000000",99,99,99,99,99,99,0,0,0,1,0
47,470388,2,2,0,0,0,2,2,29,0,7,6,2016,3,12,30,0,1,4,1,2,"US-25/70 SR-9","",103,35.95281111,-83.1163,0,12,2,0,1,1,0,1,1,1,0,1,0,"0000000",99,99,99,99,88,88,0,0,0,2,0
47,470389,1,1,0,0,0,1,1,103,0,7,6,2016,3,21,47,0,1,6,2,4,"CR-STATELINE RD","",7,34.99213056,-86.73468056,0,42,0,0,1,1,0,4,2,1,0,1,0,"0000000",99,99,99,99,99,99,0,0,0,1,0
47,470390,1,1,0,0,0,2,2,183,0,16,3,2016,4,13,40,0,1,7,2,4,"CR-BLOOMING GROVE RD S","",8,36.13231944,-88.57291944,0,42,0,0,1,1,0,4,1,1,0,1,0,"0000000",99,99,99,99,99,99,0,0,0,1,0
47,470391,2,2,0,0,0,2,2,107,110,12,6,2016,1,14,58,1,2,3,1,2,"US-11 SR-2 CONGRESS PKWY","DENNIS ST",129,35.44553056,-84.6301,0,12,6,0,2,2,0,1,1,1,0,1,0,"0000000",99,99,99,99,99,99,0,0,0,1,0
47,470392,1,1,0,0,0,3,3,177,0,13,6,2016,2,16,7,0,2,4,4,4,"CR-SHORT MTN RD/OLD SMITHVILLE","",44,35.74288056,-85.83318056,0,53,0,0,1,1,0,4,1,2,0,2,0,"0000000",99,99,99,99,99,99,0,0,0,1,0
47,470393,6,6,0,0,0,11,11,37,1760,18,4,2016,2,18,3,1,2,3,1,3,"SR-254 BELL RD","BLUE HOLE RD",140,36.04573889,-86.67435,0,12,6,0,2,2,0,1,1,1,0,1,0,"0000000",99,99,99,99,99,99,0,0,0,1,0
47,470394,1,1,0,0,0,2,2,63,0,10,6,2016,6,99,99,0,1,7,2,4,"CR-CLYDE THOMAS RD","",1,36.14631111,-83.25471111,0,42,0,0,1,1,0,4,1,1,0,1,0,"0000000",99,99,99,99,99,99,18,0,0,1,0
47,470395,2,2,0,0,0,2,2,35,0,10,6,2016,6,12,16,0,2,4,1,3,"SR-392 MILO LEMERT PKWY","CR-ROCK QUARRY RD",47,35.94956111,-84.98803889,0,12,6,0,2,2,0,1,1,1,0,1,0,"0000000",12,21,12,23,12,48,0,0,0,1,0
47,470396,1,1,0,1,1,1,1,157,1620,16,6,2016,5,22,8,1,2,3,4,6,"BROOKS RD","COUGHLIN DR",23,35.06125,-90.016075,0,8,0,0,2,3,0,1,3,1,0,1,0,"0000000",99,99,99,99,88,88,0,0,0,1,1
47,470397,1,1,0,0,0,1,1,89,0,15,6,2016,4,8,6,0,1,5,1,2,"US-25W/70 SR-9/66","",94,36.02285,-83.45816111,0,1,0,0,1,1,0,4,1,10,0,10,0,"0000000",99,99,99,99,99,99,0,0,0,1,0
47,470398,1,1,0,0,0,1,1,93,1300,16,6,2016,5,1,59,0,2,4,1,2,"US-11E SR-34 ANDREW JOHNSON HW","",13,36.03896944,-83.72006944,0,32,0,0,1,1,0,3,2,1,0,1,0,"0000000",99,99,99,99,88,88,0,0,0,1,0
47,470399,2,2,0,1,1,2,2,31,1550,11,6,2016,7,1,0,1,2,1,1,1,"I-24","",147,35.48563889,-86.07068889,0,8,0,0,1,1,0,1,2,1,0,1,0,"0000000",1,0,1,9,88,88,0,0,0,1,0
47,470400,1,1,0,0,0,1,1,153,0,7,6,2016,3,22,16,0,1,5,1,2,"US-127 SR-8 TAFT HWY","",96,35.2915,-85.3848,0,24,0,0,1,1,0,4,2,1,0,1,0,"0000000",23,19,23,31,88,88,20,0,0,1,0
47,470401,2,2,0,0,0,3,3,17,0,7,3,2016,2,7,18,1,1,3,1,2,"US-79 SR-76","",87,36.04788056,-88.58888056,0,12,2,0,1,1,0,1,2,1,0,1,0,"0000000",99,99,99,99,99,99,0,0,0,1,0
47,470402,1,1,0,1,1,1,1,37,1760,22,4,2016,6,20,4,1,2,1,1,1,"I-440 PKWY","",18,36.13343056,-86.81938889,0,8,0,1,98,1,0,8,3,1,0,1,0,"0000000",99,99,99,99,99,99,0,0,0,1,0
47,470403,2,2,0,0,0,3,3,141,0,27,5,2016,6,12,50,1,2,1,1,1,"I-40","",238,36.13975,-85.4326,0,12,1,0,1,1,0,1,1,1,0,1,0,"0000000",99,99,99,99,88,88,0,0,0,2,0
47,470404,2,2,0,0,0,2,2,145,0,14,6,2016,3,16,40,0,1,4,1,3,"SR-58","",85,35.82021944,-84.54926111,0,12,2,0,1,1,0,1,1,2,0,2,0,"0000000",99,99,99,99,88,88,0,0,0,1,0
47,470405,2,2,0,0,0,2,2,157,0,12,6,2016,1,20,45,1,2,3,2,4,"CR-RIVERDALE RD","CR-KINGS CROWN DR",2,34.99722778,-89.83086389,0,12,6,0,2,3,0,1,2,1,0,1,0,"0000000",99,99,99,99,99,99,0,0,0,1,0
47,470406,1,1,0,0,0,1,1,39,0,30,5,2016,2,14,44,1,1,1,1,1,"I-40","",15,35.81893889,-88.152,0,35,0,0,1,1,0,4,1,1,0,1,0,"0000000",14,43,15,1,99,99,0,0,0,1,0
47,470407,1,1,0,0,0,1,1,155,0,16,6,2016,5,19,27,0,2,4,1,3,"SR-338 BOYDS CREEK HWY","",88,35.91331944,-83.63021111,0,34,0,0,1,1,0,4,1,1,0,1,0,"0000000",99,99,99,99,99,99,0,0,0,1,0
47,470408,1,1,0,0,0,1,1,113,0,27,2,2016,7,16,17,0,2,5,2,4,"CR-RIVERSIDE DR","",60,35.59471111,-88.83388056,0,43,0,0,1,1,0,4,1,1,0,1,0,"0000000",99,99,99,99,99,99,0,0,0,1,0
47,470409,2,2,0,0,0,2,2,93,0,21,6,2016,3,17,14,0,2,5,2,4,"CR-BEAVER CREEK DR","",3,36.03846111,-83.99568889,0,12,2,0,1,1,0,1,1,1,0,1,0,"0000000",99,99,99,99,99,99,0,0,0,1,0
47,470410,1,1,0,0,0,1,1,149,0,22,6,2016,4,0,55,0,1,4,1,3,"SR-266 W JEFFERSON PK","",99,35.98608056,-86.41905,0,53,0,0,1,1,0,4,2,1,0,1,0,"0000000",99,99,99,99,88,88,0,0,0,1,1
47,470411,2,2,0,0,0,3,3,37,1760,12,6,2016,1,20,20,1,2,1,1,1,"I-40","",160,36.17086944,-86.80436944,0,12,7,1,20,1,0,1,5,1,0,1,0,"0000000",99,99,99,99,99,99,0,0,0,1,1
47,470412,1,1,0,2,2,1,1,165,0,13,6,2016,2,99,99,0,1,6,2,4,"CR-ROCK BRIDGE RD","",81,36.54846111,-86.39951111,0,8,0,0,1,1,0,1,1,1,0,1,0,"0000000",99,99,99,99,99,99,0,0,0,1,0
47,470413,6,6,0,0,0,7,7,43,640,17,6,2016,6,15,51,1,2,1,1,1,"I-40","",94,36.02033056,-87.33245,0,12,1,0,1,1,0,2,1,1,0,1,0,"0000000",99,99,99,99,99,99,0,0,0,1,0
47,470414,1,1,0,0,0,1,1,43,640,26,6,2016,1,13,15,0,2,5,4,6,"MARSHALL STUART DR","",2,36.05441944,-87.35198889,0,34,0,0,1,1,0,4,1,1,0,1,0,"0000000",13,19,13,24,13,48,20,0,0,1,0
47,470415,1,1,0,0,0,1,1,81,0,20,6,2016,2,17,42,0,1,6,2,4,"CR-PRIMM SPRINGS RD","",78,35.82243056,-87.2819,0,42,0,0,1,1,0,4,1,1,0,1,0,"0000000",99,99,99,99,88,88,0,0,0,1,1
47,470416,1,1,0,1,1,1,1,157,1620,13,6,2016,2,22,37,1,2,3,1,3,"SR-176 NEW GETWELL RD","",57,35.07642778,-89.931525,0,8,0,0,1,1,0,1,3,1,0,1,0,"0000000",22,44,22,48,23,15,0,0,0,1,0
47,470417,1,1,0,0,0,3,3,179,0,20,6,2016,2,13,3,0,1,5,1,3,"SR-67 CHEROKEE RD","",36,36.24311944,-82.42221111,0,1,0,0,1,1,0,1,1,1,0,1,0,"0000000",99,99,99,99,99,99,20,0,0,1,0
47,470418,2,2,0,0,0,2,2,129,0,20,6,2016,2,9,0,0,1,5,1,3,"SR-299 AIRPORT RD","CR-DAKOTA TRAIL",12,35.94203056,-84.68146111,0,12,2,0,2,3,0,1,1,1,0,1,0,"0000000",99,99,99,99,99,99,0,0,0,1,0
47,470419,2,2,0,0,0,3,3,49,0,20,6,2016,2,20,10,0,1,6,2,4,"CR-MARTHA WASHINGTON RD","",43,36.20965,-85.03626111,0,12,2,0,1,1,0,1,2,1,0,1,0,"0000000",19,59,20,13,20,50,0,0,0,1,1
47,470420,1,1,0,0,0,1,1,95,0,12,6,2016,1,0,30,0,1,7,2,4,"CR-MADIE THOMPSON RD","",15,36.28006111,-89.43476944,0,34,0,0,1,1,0,4,2,1,0,1,0,"0000000",99,99,99,99,88,88,0,0,0,1,1
47,470421,2,2,0,0,0,2,2,135,0,19,6,2016,1,12,40,0,1,6,2,4,"CR-LICK CREEK RD","",18,35.64231944,-87.87776111,0,12,6,0,8,1,0,1,1,1,0,1,0,"0000000",99,99,99,99,99,99,0,0,0,1,0
47,470422,2,2,0,0,0,5,5,167,0,17,6,2016,6,10,29,0,1,6,2,4,"CR-BRIGHTON-CLOMPTON RD","",26,35.47058056,-89.6914,0,12,2,0,1,1,0,1,1,1,0,1,0,"0000000",99,99,99,99,99,99,0,0,0,1,0
47,470423,1,1,0,0,0,1,1,19,0,22,6,2016,4,10,40,0,2,4,1,3,"SR-91 STONEY CREEK RD","",34,36.36136111,-82.1924,0,33,0,0,1,1,0,4,1,1,0,1,0,"0000000",10,30,10,32,88,88,0,0,0,1,0
47,470424,1,1,0,0,0,3,3,149,1750,4,5,2016,4,18,39,0,2,5,4,6,"BATTLEGROUND DR","",2,35.86686111,-86.40931111,0,30,0,0,1,1,0,4,1,10,0,10,0,"0000000",18,43,18,54,19,0,0,0,0,1,0
47,470425,2,2,0,0,0,2,2,65,448,24,5,2016,3,21,45,0,2,4,1,2,"US-11/64 SR-2 LEE HWY","WHITEOAK VALLEY CIR",241,35.0887,-85.01216944,0,12,6,0,3,3,0,1,2,1,0,1,0,"0000000",23,14,23,23,0,8,0,0,0,1,0
47,470426,3,3,0,0,0,3,3,37,1760,2,5,2016,2,5,15,1,2,3,1,2,"US-41/70S MURFREESBORO RD","SR-171 HOBSON PK/OLD HICKORY B",307,36.04288611,-86.60653889,0,12,6,0,2,2,0,1,3,10,0,10,0,"0000000",99,99,99,99,88,88,14,0,0,1,0
47,470427,2,2,0,0,0,3,3,37,960,15,6,2016,4,16,10,0,2,4,1,2,"US-31W/41 SR-11 N MAIN ST","OLD SPRINGFIELD PK",252,36.33845,-86.71771944,0,12,6,0,2,3,0,1,1,2,0,2,0,"0000000",16,17,16,36,99,96,0,0,0,1,0
47,470428,2,2,0,0,0,4,4,73,2080,19,6,2016,1,0,5,1,2,3,1,2,"US-11W SR-1","",138,36.38708056,-83.04473889,0,12,1,0,1,1,0,1,2,1,0,1,0,"0000000",0,5,0,13,0,33,0,0,0,1,0
47,470429,1,1,0,0,0,2,2,63,0,24,6,2016,6,20,15,0,1,5,1,3,"SR-344 ST CLAIR RD","",50,36.29598889,-83.13481944,0,38,0,0,1,1,0,4,1,1,0,1,0,"0000000",20,7,20,18,20,52,0,0,0,1,0
47,470430,2,2,0,0,0,2,2,157,1620,19,6,2016,1,18,13,0,2,4,1,3,"SR-23 WALNUT GROVE RD","N HIGHLAND ST",44,35.13195278,-89.94501111,0,12,2,0,2,2,0,1,1,1,0,1,0,"0000000",18,16,18,18,18,39,0,0,0,1,0
47,470431,1,1,0,0,0,1,1,29,0,26,6,2016,1,3,28,1,2,1,1,1,"I-40","",36,35.96828056,-83.22631111,0,24,0,0,1,1,0,4,2,1,0,1,0,"0000000",3,33,3,37,88,88,20,0,0,1,0
47,470432,3,3,0,0,0,4,4,149,1750,28,6,2016,3,12,33,1,2,3,1,3,"SR-96 FRANKLIN RD","VETERANS PKWY",60,35.84296944,-86.49473056,0,12,1,0,3,2,0,1,1,1,0,1,0,"0000000",12,33,12,36,88,88,0,0,0,1,1
47,470433,2,2,0,0,0,2,2,37,1760,16,5,2016,2,14,19,1,2,4,1,3,"SR-155 THOMPSON LN","EUGENIA AVE",11,36.11108056,-86.75446944,0,5,0,0,2,2,0,1,1,1,0,1,0,"0000000",99,99,99,99,88,88,14,0,0,1,0
47,470434,3,3,0,0,0,4,4,149,1750,24,6,2016,6,16,5,1,2,3,1,2,"US-231 SR-10 S CHURCH ST","",95,35.78491944,-86.40086111,0,12,6,0,8,1,0,1,1,1,0,1,0,"0000000",16,4,16,11,17,16,20,0,0,1,1
47,470435,2,2,0,0,0,3,3,119,2350,21,6,2016,3,6,16,1,2,2,1,3,"SR-396 SATURN PKWY","",21,35.73211111,-86.9131,0,12,1,0,1,1,0,1,1,1,0,1,0,"0000000",99,99,99,99,99,99,0,0,0,1,0
47,470436,1,1,0,0,0,3,3,25,0,30,6,2016,5,16,38,0,1,7,2,4,"CR-FULTZ RD","",2,36.52298889,-83.52491111,0,42,0,0,1,1,0,4,1,1,0,1,0,"0000000",16,6,16,19,16,33,0,0,0,1,0
47,470437,2,2,0,0,0,6,6,43,0,19,6,2016,1,7,55,1,2,1,1,1,"I-40","",106,36.02328056,-87.31131111,0,12,1,0,1,1,0,2,1,1,0,1,0,"0000000",99,99,99,99,99,99,0,0,0,2,0
47,470438,1,1,0,0,0,1,1,65,0,2,7,2016,7,19,42,0,1,6,2,4,"CR-1126 MOBRAY PK","",44,35.28943889,-85.27005,0,1,0,0,1,1,0,1,5,1,0,1,0,"0000000",19,42,20,1,88,88,0,0,0,1,0
47,470439,2,2,0,0,0,4,4,125,410,2,7,2016,7,5,11,0,2,4,1,3,"SR-236/6310 TINY TOWN RD","CAINLO DR",62,36.62654167,-87.32933333,9,12,6,0,2,3,0,1,1,1,0,1,0,"0000000",5,11,5,19,88,88,0,0,0,1,2
47,470440,2,2,0,0,0,5,5,63,1700,28,6,2016,3,13,8,1,2,3,1,2,"US-11E SR-34 W ANDREW JOHNSON","",19,36.17276111,-83.40181944,0,12,1,0,1,1,0,1,1,1,0,1,0,"0000000",13,10,13,13,13,38,0,0,0,1,0
47,470441,1,1,0,0,0,1,1,37,1760,22,4,2016,6,18,55,0,1,7,4,6,"LITTLE MARROWBONE RD","",4,36.25341944,-86.96896111,0,17,0,0,1,1,0,4,5,1,0,1,0,"0000000",99,99,99,99,99,99,0,0,0,1,0
47,470442,1,1,0,0,0,2,2,163,0,13,6,2016,2,16,40,1,1,3,1,2,"US-11W SR-1","",162,36.57553889,-82.34101111,0,1,0,0,1,1,0,4,1,1,0,1,0,"0000000",99,99,99,99,99,99,0,0,0,1,0
47,470443,1,1,0,0,0,1,1,55,0,25,6,2016,7,0,0,1,1,3,1,2,"US-64 SR-15","",156,35.17548056,-86.99121944,0,1,0,0,1,1,0,3,2,1,0,1,0,"0000000",0,0,0,6,0,18,0,0,0,1,1
47,470444,1,1,0,0,0,1,1,83,0,25,6,2016,7,99,99,0,1,5,1,3,"SR-46","",10,36.2285,-87.54606111,0,34,0,0,1,1,0,4,2,1,0,1,0,"0000000",20,20,20,26,88,88,0,0,0,1,1
47,470445,2,2,0,0,0,5,5,157,1620,29,6,2016,4,21,58,1,2,3,1,3,"SR-14 AUSTIN PEAY HWY","",216,35.21366667,-89.91662778,0,12,6,0,8,1,0,1,3,1,0,1,0,"0000000",22,0,22,3,22,33,0,0,0,1,0
47,470446,1,1,0,0,0,1,1,157,1620,2,7,2016,7,0,0,1,2,3,4,6,"WINCHESTER RD","",30,35.05375556,-90.00745556,0,40,0,0,1,1,0,4,3,1,0,1,0,"0000000",21,58,22,3,22,15,0,0,0,1,0
47,470447,2,2,0,0,0,3,3,11,0,30,6,2016,5,22,14,0,2,6,2,4,"CR-NO PONE RD","CR-VAN DAVIS RD",0,35.25533056,-84.9058,0,12,2,0,2,4,0,1,2,1,0,1,0,"0000000",22,15,22,25,23,27,0,0,0,1,2
47,470448,2,2,0,0,0,3,3,119,470,28,6,2016,3,16,32,1,2,3,1,2,"US-31/SR-6 NASHVILLE HWY","IMPERIAL DR",277,35.6947,-86.98788889,0,12,6,0,2,3,0,1,1,1,0,1,0,"0000000",16,32,16,45,88,88,0,0,0,1,0
47,470449,2,2,0,0,0,2,2,109,0,30,6,2016,5,11,23,0,1,7,2,4,"CR-PURDY RD","",11,35.19525,-88.53635,0,12,2,0,1,1,0,1,1,1,0,1,0,"0000000",99,99,99,99,99,99,0,0,0,1,0
47,470450,1,1,0,0,0,2,2,9,0,6,7,2016,4,13,49,0,2,4,1,2,"US-129 SR-115 CALDERWOOD HWY","",102,35.51245,-83.98836944,0,35,0,0,1,1,0,4,1,1,0,1,0,"0000000",99,99,99,99,99,99,0,0,0,1,0
47,470451,1,1,0,1,1,6,6,141,480,23,5,2016,2,20,46,0,2,7,4,6,"N DIXIE AVE","",6,36.18765,-85.50818056,0,8,0,0,1,1,0,1,2,1,0,1,0,"0000000",99,99,99,99,99,99,0,0,0,1,1
47,470452,1,1,0,0,0,1,1,147,1000,1,7,2016,6,15,2,1,2,3,1,2,"US-41 SR-11 BROAD ST","",14,36.40663889,-86.78436944,0,35,0,0,1,1,0,4,1,1,0,1,0,"0000000",99,99,99,99,88,88,0,0,0,1,0
47,470453,1,1,0,0,0,1,1,59,0,23,6,2016,5,16,17,0,2,5,1,3,"SR-351 CHUCKEY PK","",178,36.22568056,-82.68676944,0,35,0,0,1,1,0,4,1,1,0,1,0,"0000000",99,99,99,99,88,88,0,0,0,1,0
47,470454,1,1,0,0,0,3,3,35,0,29,6,2016,4,1,6,1,1,1,1,1,"I-40","",115,36.01613056,-85.07166944,0,52,0,0,1,1,0,3,2,1,0,1,0,"0000000",1,8,1,18,1,42,0,0,0,2,1
47,470455,1,1,0,0,0,1,1,119,0,28,6,2016,3,14,46,1,1,1,1,1,"I-65","",37,35.53918889,-86.90451111,0,1,0,0,1,1,0,3,1,1,0,1,0,"0000000",99,99,99,99,88,88,0,0,0,1,0
47,470456,1,1,0,1,1,2,2,157,1620,9,5,2016,2,17,17,1,2,3,1,3,"SR-23 UNION AVE EXTD","",22,35.13333889,-89.98176944,0,30,0,0,1,1,0,4,1,1,0,1,0,"0000000",99,99,99,99,99,99,0,0,0,1,0
47,470457,2,2,0,0,0,3,3,93,1300,17,6,2016,6,18,53,1,2,3,1,2,"US-441 SR-33 N BROADWAY","I-640",114,36.01941111,-83.92245833,0,12,6,1,2,2,0,1,1,1,0,1,0,"0000000",99,99,99,99,99,99,0,0,0,1,0
47,470458,2,2,0,0,0,3,3,65,0,29,6,2016,4,3,39,1,2,1,1,1,"I-75 US-74","",137,35.11113889,-85.04883056,0,12,7,0,1,1,0,1,2,1,0,1,0,"0000000",4,6,4,14,4,59,19,27,0,1,0
47,470459,1,1,0,0,0,1,1,103,0,6,7,2016,4,14,50,1,1,3,1,3,"SR-50 LYNCHBURG HWY","",180,35.20856944,-86.47583056,0,17,0,0,1,1,0,4,1,1,0,1,0,"0000000",99,99,99,99,99,99,0,0,0,1,0
47,470460,1,1,0,0,0,3,3,81,0,25,6,2016,7,1,35,0,1,5,1,3,"SR-230 LITTLE LOT RD","",88,35.85383889,-87.35093889,0,42,0,0,1,1,0,4,2,1,0,1,0,"0000000",1,24,1,30,99,99,0,0,0,1,0
47,470461,2,2,0,0,0,2,2,1,1850,23,6,2016,5,8,26,0,2,4,1,3,"SR-170 EDGEMOOR RD","",10,36.00056944,-84.18528056,0,12,6,0,8,1,0,1,1,1,0,1,0,"0000000",99,99,99,99,99,99,0,0,0,1,0
47,470462,1,1,0,0,0,2,2,9,0,11,7,2016,2,14,25,0,1,4,1,2,"US-129 SR-115","",82,35.50288056,-83.96828889,0,1,0,0,1,1,0,1,1,1,0,1,0,"0000000",14,29,14,59,99,99,0,0,0,1,0
47,470463,1,1,0,0,0,1,1,77,0,4,7,2016,2,19,30,0,2,4,1,3,"SR-22","",9,35.52128889,-88.49661944,0,1,0,0,1,1,0,4,1,1,0,1,0,"0000000",18,47,19,2,20,0,0,0,0,1,0
47,470464,2,2,0,0,0,2,2,5,0,3,7,2016,1,16,15,1,1,3,1,2,"US-641 SR-69","",30,35.88393889,-88.09408889,0,12,2,0,1,1,0,1,1,1,0,1,0,"0000000",16,13,16,29,18,4,0,0,0,1,0
47,470465,2,2,0,0,0,2,2,119,0,7,7,2016,5,13,59,1,1,3,1,2,"US-412 SR-99 HAMPSHIRE PK","",117,35.61325,-87.1447,0,12,1,0,1,1,0,1,1,1,0,1,0,"0000000",99,99,99,99,99,99,0,0,0,1,1
47,470466,1,1,0,0,0,1,1,93,0,4,7,2016,2,1,42,0,2,5,1,2,"US-25W/70 SR-9 ASHVILLE HWY","CR-STRAWBERRY PLAINS PK",136,36.02606944,-83.72976944,0,30,0,0,3,2,0,4,2,1,0,1,0,"0000000",1,42,1,48,88,88,20,0,0,1,0
47,470467,1,1,0,0,0,1,1,97,0,2,7,2016,7,19,34,0,1,6,2,4,"CR-LIGHTFOOT LUCKETT RD","",8,35.70388056,-89.69463056,0,11,0,0,1,1,0,1,1,1,0,1,0,"0000000",19,28,19,41,20,33,0,0,0,1,0
47,470468,1,1,0,0,0,1,1,189,0,6,7,2016,4,12,13,0,1,5,2,4,"CR-COLES FERRY PK","",31,36.28346111,-86.3905,0,42,0,0,1,1,0,4,1,10,0,10,0,"0000000",99,99,99,99,88,88,0,0,0,1,0
47,470469,3,2,1,2,2,3,3,119,0,30,6,2016,5,14,15,1,1,1,1,1,"I-65","",20,35.51486111,-86.89666944,0,12,7,0,1,1,0,1,1,1,0,1,0,"0000000",14,12,14,22,15,30,23,0,0,1,0
47,470470,1,1,0,0,0,1,1,37,1760,31,5,2016,3,19,41,1,2,1,1,1,"I-24","",230,36.05278889,-86.67198056,0,52,0,0,1,1,0,4,1,1,0,1,0,"0000000",99,99,99,99,88,88,0,0,0,1,0
47,470471,2,2,0,0,0,2,2,37,1760,31,5,2016,3,14,28,1,2,3,1,3,"SR-254 BELL RD OLD HICKORY BLV","BENZING RD",123,36.0453,-86.70168056,0,12,6,0,2,2,0,1,1,1,0,1,0,"0000000",99,99,99,99,99,99,0,0,0,1,1
47,470472,3,3,0,0,0,6,6,187,0,8,7,2016,6,9,16,1,2,3,1,3,"SR-840","",233,35.82076111,-86.8728,0,12,1,0,1,1,0,1,1,10,0,10,0,"0000000",9,5,9,10,10,31,0,0,0,1,0
47,470473,1,1,0,0,0,1,1,189,0,10,7,2016,1,16,36,0,2,7,2,4,"CR-BECKWITH RD","",25,36.217,-86.47203889,0,1,0,0,1,1,0,4,1,1,0,1,0,"0000000",16,33,16,43,88,88,0,0,0,1,0
47,470474,2,2,0,0,0,2,2,157,1620,9,7,2016,7,17,46,0,2,4,4,6,"CENTRAL AVE","S HIGHLAND ST",16,35.12309167,-89.94543889,0,12,6,0,2,2,0,1,1,1,0,1,0,"0000000",99,99,99,99,99,99,0,0,0,1,0
47,470475,1,1,0,0,0,2,2,65,400,2,7,2016,7,6,29,1,2,1,1,1,"I-75 US-74","",101,35.00658056,-85.20641111,0,24,0,1,5,1,0,3,4,1,0,1,0,"0000000",99,99,99,99,99,99,0,0,0,1,0
47,470476,2,2,0,0,0,3,3,157,1620,13,7,2016,4,22,36,1,2,3,4,6,"WALNUT GROVE RD","FARM RD",16,35.13463889,-89.840375,0,12,6,0,2,2,0,1,2,1,0,1,0,"0000000",99,99,99,99,88,88,0,0,0,2,1
47,470477,1,1,0,0,0,1,1,65,400,2,7,2016,7,15,55,0,2,7,4,6,"14TH ST E","",10,35.03183056,-85.29353056,0,43,0,0,1,1,0,4,1,1,0,1,0,"0000000",99,99,99,99,88,88,0,0,0,1,0