"STATE","ST_CASE","VE_TOTAL","VE_FORMS","PVH_INVL","PEDS","PERNOTMVIT","PERMVIT","PERSONS","COUNTY","CITY","DAY","MONTH","YEAR","DAY_WEEK","HOUR","MINUTE","NHS","RUR_URB","FUNC_SYS","RD_OWNER","ROUTE","TWAY_ID","TWAY_ID2","MILEPT","LATITUDE","LONGITUD","SP_JUR","HARM_EV","MAN_COLL","RELJCT1","RELJCT2","TYP_INT","WRK_ZONE","REL_ROAD","LGT_COND","WEATHER1","WEATHER2","WEATHER","SCH_BUS","RAIL","NOT_HOUR","NOT_MIN","ARR_HOUR","ARR_MIN","HOSP_HR","HOSP_MN","CF1","CF2","CF3","FATALS","DRUNK_DR"
47,470698,1,1,0,0,0,1,1,157,0,2,10,2016,1,6,0,0,2,5,2,4,"CR-WALNUT GROVE RD","",38,35.12949167,-89.72805556,0,42,0,0,1,1,0,4,2,1,0,1,0,"0000000",99,99,99,99,99,99,0,0,0,1,0
47,470699,2,2,0,0,0,2,2,157,1620,25,9,2016,1,3,30,1,2,1,1,1,"I-40","",161,35.16684722,-89.85781667,0,12,1,0,1,1,0,1,3,1,0,1,0,"0000000",3,14,3,30,88,88,0,0,0,1,1
47,470700,2,2,0,0,0,2,2,149,2250,28,9,2016,4,8,11,0,2,4,1,3,"SR-266 E SAM RIDLEY PKWY","",30,35.99753889,-86.5261,0,12,6,0,1,1,0,1,1,1,0,1,0,"0000000",8,14,8,21,8,37,0,0,0,1,0
47,470701,3,3,0,0,0,5,5,13,1320,17,9,2016,7,11,26,0,2,4,2,4,"CR-TOWE STRING RD","",39,36.34151111,-84.15328889,0,12,2,0,1,1,0,1,1,1,0,1,0,"0000000",99,99,99,99,99,99,14,0,0,1,0
47,470702,2,2,0,0,0,2,2,157,1620,3,10,2016,2,11,7,1,2,1,1,1,"I-240","",134,35.08359722,-89.89156389,0,12,1,0,1,1,0,1,1,1,0,1,0,"0000000",99,99,99,99,88,88,0,0,0,1,0
47,470703,2,2,0,0,0,2,2,187,850,6,10,2016,5,9,25,0,2,7,4,6,"LONG LN","",1,35.85981944,-86.8265,0,12,6,0,8,1,0,1,1,1,0,1,0,"0000000",9,26,9,40,10,3,0,0,0,1,0
47,470704,1,1,0,1,1,1,1,37,1760,1,10,2016,7,19,12,0,2,4,4,6,"GALLATIN AVE","",18,36.19053056,-86.74541111,0,8,0,0,1,1,0,1,3,1,0,1,0,"0000000",19,12,19,17,19,34,0,0,0,1,0
47,470705,2,2,0,0,0,3,3,157,1620,5,10,2016,4,4,59,1,2,3,1,2,"US-78 SR-4 LAMAR AVE","CONCORDE RD",33,35.03396111,-89.91070556,0,12,6,0,2,2,0,1,3,1,0,1,0,"0000000",99,99,99,99,99,99,0,0,0,1,0
47,470706,1,1,0,0,0,2,2,51,0,25,9,2016,1,1,22,0,1,7,2,4,"CR-ALTO RD","",6,35.25446944,-86.01666944,0,30,0,0,1,1,0,4,2,1,0,1,0,"0000000",1,10,1,28,99,99,0,0,0,1,0
47,470707,2,2,0,0,0,3,3,43,0,1,10,2016,7,19,45,1,2,1,1,1,"I-40","",136,36.02015,-87.25858056,0,12,2,0,1,1,0,1,2,1,0,1,0,"0000000",19,49,19,59,20,43,0,0,0,1,0
47,470708,3,3,0,0,0,3,3,147,0,22,9,2016,5,11,4,1,1,1,1,1,"I-24","",31,36.44063889,-87.08443056,0,12,1,0,1,1,0,1,1,1,0,1,0,"0000000",99,99,99,99,99,99,19,27,0,1,0
47,470709,1,1,0,1,1,1,1,157,1620,9,10,2016,1,0,30,1,2,3,1,3,"SR-14 JACKSON AVE","N BELLEVUE BLVD",134,35.15850278,-90.01870556,0,8,0,0,2,2,0,1,3,1,0,1,0,"0000000",99,99,99,99,99,99,0,0,0,1,0
47,470710,1,1,0,1,1,1,1,37,1760,5,10,2016,4,23,17,1,2,3,1,2,"US-41 SR-1 MURFREESBORO RD","",285,36.0672,-86.63103056,0,8,0,0,1,1,0,1,3,1,0,1,0,"0000000",23,17,23,27,88,88,0,0,0,1,0
47,470711,1,1,0,0,0,1,1,79,0,20,9,2016,3,17,55,0,1,4,1,3,"SR-51","",44,36.28961111,-88.44426111,0,1,0,0,1,1,0,1,1,1,0,1,0,"0000000",17,54,18,4,19,3,0,0,0,1,1
47,470712,1,1,0,0,0,1,1,119,470,6,10,2016,5,10,40,1,2,3,1,2,"US-31/412 SR-7/99 N GARDEN ST","",137,35.61888889,-87.03493056,0,33,0,0,1,1,0,4,1,1,0,1,0,"0000000",99,99,99,99,99,99,0,0,0,1,0
47,470713,1,1,0,0,0,1,1,179,1250,27,9,2016,3,99,99,0,2,4,4,6,"S ROAN ST","",28,36.29990278,-82.3341,0,38,0,0,1,1,0,4,9,99,0,99,0,"0000000",99,99,99,99,88,88,0,0,0,1,0
47,470714,1,1,0,0,0,5,5,75,0,2,10,2016,1,12,25,0,1,4,1,3,"SR-19","",51,35.6589,-89.36471111,0,32,0,0,1,1,0,4,1,1,0,1,0,"0000000",12,20,12,31,13,30,0,0,0,1,0
47,470715,2,2,0,0,0,3,3,19,0,2,10,2016,1,13,20,0,1,4,1,2,"US-19E SR-37","",101,36.22933889,-82.15265,0,1,0,0,1,1,0,1,1,10,0,10,0,"0000000",13,20,13,30,13,55,0,0,0,1,0
47,470716,3,3,0,0,0,5,5,125,410,5,10,2016,4,16,5,1,2,3,1,2,"US-41ABP SR-12 ASHLAND CITY RD","",122,36.50453889,-87.35551667,0,12,2,0,1,1,0,1,1,1,0,1,0,"0000000",99,99,99,99,88,88,0,0,0,4,0
47,470717,1,1,0,0,0,1,1,89,0,8,10,2016,7,1,10,0,1,5,2,4,"CR-BETH CARR RD","",11,36.10488889,-83.26463056,0,42,0,0,1,1,0,4,2,2,0,2,0,"0000000",1,6,1,24,88,88,0,0,0,1,1
47,470718,2,2,0,0,0,2,2,65,400,6,10,2016,5,7,52,1,2,3,1,3,"SR-319 HIXSON PK","",60,35.14611944,-85.22181944,0,12,6,0,8,1,0,1,1,1,0,1,0,"0000000",7,51,7,59,8,24,0,0,0,1,0
47,470719,2,2,0,0,0,4,4,3,0,6,10,2016,5,14,5,1,1,3,1,2,"US-41A SR-16","",228,35.46953056,-86.38248056,0,12,6,0,1,1,0,1,1,1,0,1,0,"0000000",14,0,14,7,99,99,0,0,0,1,0
47,470720,2,2,0,0,0,3,3,157,0,28,9,2016,4,19,55,0,1,6,2,4,"CR-WOODSTOCK-CUBA RD","",27,35.31048611,-89.99236111,0,12,6,0,8,1,0,1,2,1,0,1,0,"0000000",19,58,20,9,99,99,0,0,0,1,1
47,470721,1,1,0,0,0,1,1,155,1948,7,10,2016,6,1,28,0,2,4,1,3,"SR-449 VETERANS BLVD","",10,35.79326111,-83.54481944,0,35,0,0,1,1,0,4,2,1,0,1,0,"0000000",2,30,2,34,99,99,0,0,0,1,0
47,470722,3,3,0,1,1,3,3,65,400,2,10,2016,1,20,26,1,2,2,1,3,"SR-153","",54,35.08858056,-85.2158,0,8,0,1,18,1,0,1,2,1,0,1,0,"0000000",20,27,20,34,88,88,0,0,0,1,0
47,470723,1,1,0,1,1,2,2,93,0,10,10,2016,2,9,11,0,2,4,1,3,"SR-131 BALL CAMP BYINGTON RD","",57,35.96241111,-84.12478056,0,8,0,0,1,1,0,1,1,1,0,1,0,"0000000",9,11,9,15,88,88,0,0,0,1,0
47,470724,2,2,0,0,0,2,2,17,1180,10,10,2016,2,16,23,1,1,3,1,3,"SR-22 PARIS ST","THORNE LN",153,36.02741111,-88.44575,0,12,6,0,2,2,0,1,1,1,0,1,0,"0000000",16,28,16,32,99,99,0,0,0,1,0
47,470725,2,2,0,0,0,3,3,93,1300,10,10,2016,2,3,37,1,2,1,1,1,"I-40","",114,35.92714722,-84.04935833,0,12,1,0,1,1,0,1,3,1,0,1,0,"0000000",99,99,99,99,88,88,0,0,0,2,0
47,470726,1,1,0,0,0,1,1,125,410,9,10,2016,1,20,51,0,2,4,4,6,"PEACHERS MILL RD","",34,36.5936,-87.38542222,0,33,0,0,1,1,0,4,3,1,0,1,0,"0000000",99,99,99,99,99,99,0,0,0,1,0
47,470727,1,1,0,0,0,1,1,97,0,10,10,2016,2,10,40,0,1,5,1,3,"SR-88","",130,35.89918889,-89.44171944,0,1,0,0,1,1,0,1,1,1,0,1,0,"0000000",10,40,10,52,88,88,0,0,0,1,0
47,470728,2,2,0,0,0,4,4,157,1620,15,10,2016,7,3,5,1,2,1,1,1,"I-55","",19,35.02182778,-90.00238611,0,12,1,0,1,1,0,1,2,1,0,1,0,"0000000",99,99,99,99,99,99,0,0,0,2,0
47,470729,1,1,0,0,0,3,3,13,1320,15,10,2016,7,15,53,1,2,3,1,2,"US-25W SR-9 JACKSOBORO PK","",259,36.36286944,-84.14016944,0,30,0,0,1,1,0,4,1,1,0,1,0,"0000000",15,55,16,19,99,99,0,0,0,1,0
47,470730,1,1,0,1,1,1,1,81,0,15,10,2016,7,5,20,0,1,4,2,4,"CR-1854 MISSIONARY RIDGE RD","",24,35.96305,-87.36651944,0,8,0,0,1,1,0,1,2,2,0,2,0,"0000000",5,22,5,33,88,88,0,0,0,1,0
47,470731,2,2,0,0,0,2,2,139,0,9,10,2016,1,18,43,1,1,3,1,2,"US-64/74 SR-40","",278,35.02313889,-84.35581111,0,12,1,0,1,1,0,1,1,1,0,1,0,"0000000",99,99,99,99,99,99,0,0,0,1,1
47,470732,2,2,0,0,0,4,4,145,0,9,10,2016,1,16,35,0,1,7,2,4,"CR-DRY FORK VALLEY RD","",11,35.67205,-84.61558889,0,12,8,0,1,1,0,1,1,1,0,1,0,"0000000",99,99,99,99,99,99,0,0,0,1,0
47,470733,1,1,0,0,0,1,1,9,0,3,10,2016,2,99,99,0,2,4,1,2,"US-129 SR-115 CALDERWOOD HWY","",91,35.5046,-83.98235,0,42,0,0,1,1,0,4,1,1,0,1,0,"0000000",16,19,16,52,88,88,0,0,0,1,0
47,470734,2,2,0,0,0,2,2,157,1620,3,10,2016,2,19,10,0,2,4,4,6,"N HOLLYWOOD ST","HUBBARD AVE",41,35.17368333,-89.97543611,0,12,6,0,2,3,0,1,3,1,0,1,0,"0000000",99,99,99,99,99,99,0,0,0,1,0
47,470735,1,1,0,0,0,1,1,125,410,23,9,2016,6,11,14,1,2,1,1,1,"I-24","",87,36.54728056,-87.24205,0,35,0,0,1,1,0,4,1,1,0,1,0,"0000000",11,11,11,18,11,54,0,0,0,1,0
47,470736,2,2,0,1,1,2,2,85,0,7,10,2016,6,19,49,0,1,6,2,4,"CR-CLYDETON RD","",241,36.11841111,-87.81263056,0,12,7,0,1,1,0,1,2,1,0,1,0,"0000000",19,38,19,44,88,88,0,0,0,1,0
47,470737,1,1,0,0,0,3,3,65,400,8,10,2016,7,1,55,0,2,4,4,6,"WILCOX BLVD","",19,35.04763889,-85.24596944,0,30,0,0,1,1,0,4,3,1,0,1,0,"0000000",2,1,2,8,2,33,0,0,0,1,0
47,470738,2,2,0,0,0,4,4,125,0,11,10,2016,3,9,28,0,1,4,1,3,"SR-76","",208,36.53971944,-87.17363056,0,12,6,0,1,1,0,1,1,10,0,10,0,"0000000",9,22,9,30,99,99,0,0,0,1,0
47,470739,2,2,0,0,0,2,2,111,1310,5,10,2016,4,15,50,1,1,3,1,3,"SR-52 HWY 52 BYPASS E.","OAK ST",125,36.51823056,-86.01965,0,12,6,0,2,3,0,1,1,1,0,1,0,"0000000",16,3,16,6,16,15,0,0,0,1,0
47,470740,1,1,0,1,1,2,2,9,0,26,8,2016,6,23,27,0,1,7,66,8,"FOOTHILLS PKWY","",0,35.57318889,-84.00292222,1,8,0,0,1,1,0,1,8,98,0,98,0,"0000000",99,99,99,99,88,88,0,0,0,1,0
47,470741,2,1,1,0,0,1,1,37,1760,17,10,2016,2,11,37,0,2,7,4,6,"NORTHCREST DR","",4,36.06701111,-86.72501944,0,42,0,0,1,1,0,4,1,1,0,1,0,"0000000",11,37,11,45,88,88,14,0,0,1,0
47,470742,1,1,0,0,0,1,1,115,2590,12,10,2016,4,2,18,1,1,3,1,3,"SR-28","",121,35.1932,-85.51958889,0,30,0,0,1,1,0,4,2,1,0,1,0,"0000000",3,12,3,15,3,46,0,0,0,1,0
47,470743,2,2,0,0,0,4,4,157,1620,15,10,2016,7,20,43,1,2,2,1,3,"SR-385 BILL MORRIS PKWY","",3,35.08130833,-89.87646667,0,5,0,1,5,1,0,1,3,1,0,1,0,"0000000",99,99,99,99,88,88,14,0,0,1,1
47,470744,1,1,0,1,1,1,1,157,1620,7,10,2016,6,1,4,1,2,3,1,2,"US-78 SR-4 LAMAR AVE","",45,35.04794167,-89.92133056,0,9,0,0,1,1,0,1,2,1,0,1,0,"0000000",99,99,99,99,99,99,0,0,0,1,0
47,470745,2,2,0,0,0,3,3,149,1750,5,10,2016,4,11,51,0,2,4,4,6,"VETERANS PKWY","",15,35.85736111,-86.50351111,0,12,1,0,1,1,0,1,1,1,0,1,0,"0000000",99,99,99,99,99,99,0,0,0,1,0
47,470746,2,2,0,0,0,2,2,107,0,15,10,2016,7,12,35,1,1,1,1,1,"I-75","",117,35.44238889,-84.67263056,0,12,1,0,1,1,0,2,1,1,0,1,0,"0000000",99,99,99,99,99,99,0,0,0,1,0
47,470747,2,2,0,0,0,2,2,149,1750,20,9,2016,3,21,10,1,2,3,1,2,"US-231 SR-10 S. CHURCH ST","W. RUTHERFORD BLVD",119,35.81941111,-86.39548889,0,12,6,0,2,2,0,1,3,1,0,1,0,"0000000",21,10,21,14,21,37,0,0,0,1,0
47,470748,2,2,0,0,0,2,2,133,0,19,10,2016,4,18,23,1,1,3,1,3,"SR-111 COOKEVILLE HWY","CR-E PARON RD",8,36.24231111,-85.3968,0,12,6,0,2,3,0,1,2,1,0,1,0,"0000000",99,99,99,99,99,99,0,0,0,1,0
47,470749,1,1,0,0,0,1,1,37,1760,16,10,2016,1,4,21,1,2,1,1,1,"I-65","",14,36.05368056,-86.77551944,0,1,0,0,1,1,0,4,2,1,0,1,0,"0000000",4,21,4,31,5,11,0,0,0,1,1
47,470750,1,1,0,1,1,1,1,37,1760,19,10,2016,4,14,40,1,2,3,1,2,"US-41/70S SR-1 MURFREESBORO RD","",292,36.05983056,-86.62303056,0,9,0,0,1,1,0,1,1,1,0,1,0,"0000000",99,99,99,99,88,88,0,0,0,1,0
47,470751,1,1,0,0,0,4,4,69,0,9,10,2016,1,5,32,0,1,5,1,3,"SR-138","",92,35.4244,-89.01838889,0,52,0,0,1,1,0,4,1,1,0,1,0,"0000000",5,22,5,41,99,99,0,0,0,1,1
47,470752,1,1,0,0,0,1,1,35,0,14,10,2016,6,16,0,1,1,1,1,1,"I-40","",307,35.8997,-84.79448889,0,57,0,0,1,1,0,3,1,1,0,1,0,"0000000",15,5,15,21,88,88,0,0,0,1,0
47,470753,1,1,0,0,0,1,1,147,2340,22,10,2016,7,20,6,0,2,5,4,6,"WILLIAM A BATSON PKWY","",2,36.46689722,-86.89041667,0,25,0,0,1,1,0,3,3,1,0,1,0,"0000000",20,7,20,11,88,88,0,0,0,1,1
47,470754,1,1,0,2,2,1,1,165,1085,15,10,2016,7,13,28,0,2,7,4,6,"DONMOND DR","AIRFLOAT DR",1,36.265,-86.6141,0,8,0,0,2,3,0,1,1,1,0,1,0,"0000000",13,33,13,41,14,16,0,0,0,1,0
47,470755,2,2,0,0,0,3,3,37,1760,22,10,2016,7,15,48,1,2,1,1,1,"I-440 RAMP","",77,36.12706944,-86.72778889,0,5,0,1,5,1,0,1,1,1,0,1,0,"0000000",15,48,15,56,88,88,14,0,0,2,0
47,470756,2,2,0,0,0,2,2,9,0,15,10,2016,7,10,0,0,1,4,1,2,"US-129 SR-115","",38,35.4981,-83.93528056,0,12,1,0,1,1,0,1,1,1,0,1,0,"0000000",12,46,13,33,15,27,0,0,0,1,0
47,470757,1,1,0,0,0,1,1,65,400,15,10,2016,7,2,4,1,2,3,1,2,"US-11/64 SR-2 LEE HWY","",171,35.03363889,-85.18038056,0,43,0,0,1,1,0,4,2,1,0,1,0,"0000000",2,6,2,10,2,34,0,0,0,1,0
47,470758,2,2,0,0,0,2,2,93,1973,13,10,2016,5,19,55,0,2,4,2,6,"KARNES VALLEY RD","",5,35.98276111,-84.13093889,0,12,2,0,1,1,0,1,2,1,0,1,0,"0000000",99,99,99,99,99,99,0,0,0,1,0
47,470759,2,2,0,0,0,2,2,149,0,20,10,2016,5,16,1,0,2,5,2,4,"CR-CHRISTIANA HOOVERS GAP RD","",0,35.69876111,-86.3577,0,12,2,0,1,1,0,1,1,2,0,2,0,"0000000",99,99,99,99,99,99,0,0,0,1,0
47,470760,2,2,0,0,0,2,2,187,850,13,9,2016,3,10,38,1,2,3,1,2,"US-31TR SR-397 MACK HATCHER ME","S ROYAL OAKS BLVD",25,35.90693056,-86.84431944,0,12,1,0,3,2,0,1,1,1,0,1,0,"0000000",10,39,10,46,11,11,0,0,0,1,0
47,470761,1,1,0,0,0,1,1,157,0,7,7,2016,5,18,15,0,1,4,2,4,"CR-COLLIERVILLE-ARLINGTON RD","",40,35.10033333,-89.65781944,0,57,0,0,1,1,0,4,1,1,0,1,0,"0000000",18,21,18,31,19,27,0,0,0,1,0
47,470762,1,1,0,0,0,1,1,47,1840,21,10,2016,6,23,30,0,2,5,1,3,"SR-194 OAKLAND DR","",139,35.21606944,-89.51758056,0,32,0,0,1,1,0,4,2,1,0,1,0,"0000000",23,29,23,31,0,33,0,0,0,1,0
47,470763,1,1,0,0,0,1,1,151,1880,9,9,2016,6,23,12,0,1,7,2,6,"OLD O AND W RD","",2,36.50006111,-84.53738889,0,42,0,0,1,1,0,4,2,1,0,1,0,"0000000",23,55,0,7,88,88,0,0,0,1,1
47,470764,2,2,0,0,0,6,6,47,0,8,10,2016,7,16,6,0,1,4,1,3,"SR-57","",117,35.05298056,-89.44078056,0,12,1,0,1,1,0,1,1,1,0,1,0,"0000000",16,3,16,25,99,99,0,0,0,1,0
47,470765,1,1,0,0,0,1,1,11,0,27,10,2016,5,0,16,0,1,6,2,4,"CR-BANCROFT RD","",4,35.1131,-85.00311944,0,32,0,0,1,1,0,4,2,1,0,1,0,"0000000",0,19,0,32,1,20,20,0,0,1,0
47,470766,2,2,0,0,0,5,5,31,0,22,10,2016,7,19,58,1,1,1,1,1,"I-24","",236,35.38121944,-85.9798,0,12,7,0,1,1,0,1,2,1,0,1,0,"0000000",19,55,20,16,99,99,0,0,0,1,1
47,470767,1,1,0,0,0,2,2,167,0,22,10,2016,7,11,45,0,1,5,1,3,"SR-206 ATOKA-IDAVILLE RD","",45,35.43738889,-89.74426944,0,34,0,0,1,1,0,4,1,1,0,1,0,"0000000",11,29,11,48,12,48,0,0,0,1,0
47,470768,2,2,0,0,0,1,1,157,1620,28,10,2016,6,21,5,1,2,3,1,2,"US-78 SR-4 LAMAR AVE","",108,35.11423889,-89.99783056,0,12,1,0,1,1,0,1,3,1,0,1,0,"0000000",99,99,99,99,88,88,0,0,0,1,0
47,470769,2,2,0,0,0,3,3,29,1780,30,10,2016,1,15,0,1,2,3,1,2,"US-25/70 SR-9 W BROADWAY","OLD KNOXVILLE HWY",47,35.97048889,-83.20788056,0,12,6,0,8,1,0,1,1,1,0,1,0,"0000000",15,9,15,12,15,31,0,0,0,1,0
47,470770,2,2,0,0,0,3,3,125,410,23,10,2016,1,1,20,0,2,4,1,3,"SR-48 TRENTON RD","SR-374 101ST AIRBORNE DIVISION",79,36.57747222,-87.31512778,0,12,6,0,2,2,0,1,3,1,0,1,0,"0000000",1,23,1,29,1,49,0,0,0,2,1
47,470771,2,2,0,0,0,3,3,177,0,28,10,2016,6,9,20,1,1,3,1,2,"US-70S SR-1 SPARTA HWY","SR-288 OLD ROCK ISLAND RD",177,35.72081389,-85.69058889,0,12,6,0,2,2,0,1,1,5,0,5,0,"0000000",9,16,9,26,99,99,0,0,0,1,0
47,470772,3,3,0,0,0,6,6,93,0,19,10,2016,4,19,49,1,2,3,1,3,"SR-62 OAK RIDGE HWY","CR-BYINGTON SOLWAY RD",31,35.97758889,-84.14888056,0,1,0,0,2,2,0,1,2,10,0,10,0,"0000000",99,99,99,99,99,99,14,0,0,1,0
47,470773,1,1,0,1,1,1,1,157,1620,31,10,2016,2,6,53,1,2,1,1,1,"I-40","",78,35.19158056,-89.97083889,0,8,0,0,1,1,0,1,4,1,0,1,0,"0000000",99,99,99,99,88,88,0,0,0,1,0
47,470774,3,3,0,1,1,3,3,21,1965,15,10,2016,7,4,3,0,1,5,1,2,"US-41A SR-112","",47,36.41441944,-87.05328056,0,8,0,0,1,1,0,1,6,99,0,99,0,"0000000",8,40,8,47,88,88,0,0,0,1,0
47,470775,1,1,0,0,0,2,2,147,2565,19,10,2016,4,17,9,1,2,1,1,1,"I-65","",49,36.47716111,-86.67878056,0,1,0,0,1,1,0,4,1,1,0,1,0,"0000000",99,99,99,99,88,88,0,0,0,1,0
47,470776,1,1,0,1,1,1,1,157,1620,31,10,2016,2,18,48,0,2,4,4,6,"SOUTH PKWY W","",5,35.10782222,-90.06609722,0,8,0,0,1,1,0,1,3,1,0,1,0,"0000000",99,99,99,99,99,99,0,0,0,1,0
47,470777,1,1,0,0,0,1,1,157,1620,29,10,2016,7,16,20,0,2,7,4,6,"PALM AVE","",2,35.19439167,-89.92464444,0,33,0,0,1,1,0,4,1,1,0,1,0,"0000000",99,99,99,99,99,99,0,0,0,1,0
47,470778,1,1,0,0,0,2,2,187,0,24,10,2016,2,8,20,1,1,1,1,1,"I-840","",338,35.84801944,-86.6966,0,32,0,0,1,1,0,4,1,1,0,1,0,"0000000",8,18,8,25,9,21,0,0,0,1,0
47,470779,1,1,0,0,0,2,2,125,410,8,9,2016,5,10,47,1,2,1,1,1,"I-24","",84,36.55033333,-87.24480833,0,1,0,0,1,1,0,4,1,1,0,1,0,"0000000",10,49,10,53,11,18,0,0,0,1,0
47,470780,1,1,0,0,0,2,2,155,0,24,10,2016,2,9,55,0,2,4,1,3,"SR-338 BOYDS CREEK HWY","",23,35.8906,-83.7252,0,35,0,0,1,1,0,4,1,1,0,1,0,"0000000",10,0,10,2,11,0,0,0,0,2,0
47,470781,2,2,0,0,0,3,3,187,850,30,10,2016,1,17,25,0,2,7,4,6,"SPRING CREEK DR","",1,35.93768056,-86.82088056,0,12,6,0,1,1,0,1,1,1,0,1,0,"0000000",17,28,17,30,18,5,0,0,0,1,0
47,470782,1,1,0,0,0,1,1,179,985,1,11,2016,3,15,25,0,2,6,2,4,"CR-PICKENS BRIDGE RD","",7,36.41453889,-82.38525278,0,34,0,0,1,1,0,4,1,1,0,1,0,"0000000",15,25,15,32,88,88,0,0,0,1,0
47,470783,3,3,0,0,0,5,5,9,1570,2,11,2016,4,17,5,0,2,4,4,6,"ROBERT C. JACKSON DR","PERCHERON ST",4,35.75923889,-84.01058889,0,12,2,0,3,3,0,1,1,1,0,1,0,"0000000",17,5,17,8,99,99,0,0,0,1,1
47,470785,1,1,0,0,0,1,1,165,0,26,10,2016,4,9,20,0,2,7,2,4,"CR-LORI LEE DR","",2,36.33741944,-86.51048056,0,42,0,0,1,1,0,4,1,1,0,1,0,"0000000",9,22,9,29,9,56,0,0,0,1,0
47,470786,1,1,0,0,0,1,1,25,0,23,10,2016,1,9,13,0,1,6,2,4,"CR-DOGWOOD RD","",108,36.4762,-83.5978,0,42,0,0,1,1,0,4,1,1,0,1,0,"0000000",9,11,9,18,10,24,0,0,0,1,1
47,470787,1,1,0,0,0,2,2,67,0,31,10,2016,2,16,20,0,1,7,4,4,"CR-ROBERTS RD","",43,36.53811944,-83.14945,0,1,0,0,1,1,0,4,1,1,0,1,0,"0000000",15,57,16,3,99,99,0,0,0,1,0
47,470788,2,2,0,0,0,3,3,59,0,2,11,2016,4,7,30,0,2,4,1,3,"SR-70 ASHEVILLE HWY","CR-TAMARA LN",114,36.10523056,-82.86888056,0,12,6,0,2,3,0,1,1,1,0,1,0,"0000000",7,25,7,36,88,88,0,0,0,1,0
47,470789,1,1,0,0,0,2,2,47,0,24,9,2016,7,18,30,0,2,7,2,4,"CR-WIRT RD","",11,35.2533,-89.51958889,0,35,0,0,1,1,0,4,1,1,0,1,0,"0000000",18,6,18,12,99,99,0,0,0,1,1
47,470790,1,1,0,0,0,2,2,107,0,1,11,2016,3,5,44,1,1,1,1,1,"I-75","",211,35.54721111,-84.56611111,0,52,0,1,19,1,0,3,2,1,0,1,0,"0000000",99,99,99,99,88,88,0,0,0,1,0
47,470791,1,1,0,0,0,1,1,51,2600,1,11,2016,3,12,5,0,2,4,1,2,"US-41A/64BR SR-15 COWAN RD","",165,35.17926111,-86.09106944,0,42,0,0,1,1,0,5,1,1,0,1,0,"0000000",99,99,99,99,88,88,0,0,0,1,0
47,470792,2,2,0,0,0,3,3,93,0,3,11,2016,5,8,12,0,2,4,1,2,"US-11E SR-34 ANDREW JOHNSON HW","PLEASANT HILL RD",5,36.03036944,-83.73028056,0,12,6,0,2,2,0,1,1,10,0,10,0,"0000000",8,13,8,24,8,46,0,0,0,1,0
47,470793,1,1,0,0,0,3,3,45,0,26,10,2016,4,13,25,0,2,5,1,3,"SR-210 OLD SR-20","",40,35.9754,-89.3779,0,1,0,0,1,1,0,4,1,1,0,1,0,"0000000",13,30,13,38,99,99,0,0,0,1,0
47,470794,1,1,0,0,0,1,1,77,0,5,11,2016,7,6,20,0,1,5,1,3,"SR-114/201 MIDDLEBURG RD","",27,35.54293889,-88.2438,0,42,0,0,1,1,0,4,2,1,0,1,0,"0000000",3,50,4,2,88,88,0,0,0,1,0
47,470796,1,1,0,0,0,2,2,107,0,25,10,2016,3,9,58,0,1,6,2,4,"CR-250","",79,35.53598889,-84.61378889,0,42,0,0,1,1,0,4,1,1,0,1,0,"0000000",99,99,99,99,99,99,0,0,0,1,0
47,470797,1,1,0,0,0,2,2,15,0,3,11,2016,5,9,9,0,1,5,1,3,"SR-64 BRADYVILLE","",56,35.76143889,-86.16721944,0,34,0,0,1,1,0,4,1,1,0,1,0,"0000000",9,13,9,22,99,99,0,0,0,1,0
47,470798,1,1,0,0,0,2,2,97,0,29,10,2016,7,5,55,1,1,3,1,2,"US-51 SR-3 JERE B. FORD HWY","",136,35.80261944,-89.48908056,0,1,0,0,1,1,0,1,4,1,0,1,0,"0000000",6,9,6,19,6,54,0,0,0,1,0
47,470799,2,2,0,0,0,2,2,59,0,30,10,2016,1,22,40,0,2,4,1,3,"SR-35 NEWPORT HWY","",97,36.13381111,-82.88405,0,12,2,0,1,1,0,1,2,1,0,1,0,"0000000",22,37,22,46,23,38,0,0,0,1,1
47,470800,2,2,0,0,0,6,6,65,400,30,10,2016,1,18,47,1,2,1,1,1,"I-0124 US-27","",4,35.034025,-85.31935,0,12,7,1,18,1,0,1,3,1,0,1,0,"0000000",18,52,18,59,88,88,0,0,0,1,0
47,470801,3,3,0,0,0,3,3,93,0,31,10,2016,2,6,0,1,2,3,1,3,"SR-33 MAYNARDVILLE PK","",181,36.10618889,-83.90938889,0,12,8,0,1,1,1,1,2,1,0,1,0,"0000000",99,99,99,99,99,99,0,0,0,1,1
47,470802,1,1,0,0,0,1,1,73,2368,7,11,2016,2,13,25,0,1,5,1,3,"SR-346 E MAIN ST","",53,36.48388056,-82.83126944,0,35,0,0,1,1,0,4,1,1,0,1,0,"0000000",13,29,13,32,14,15,0,0,0,1,0
47,470803,1,1,0,0,0,1,1,115,0,4,11,2016,6,1,0,1,1,1,1,1,"I-24","",280,35.0059,-85.52448056,0,42,0,0,1,1,0,4,2,1,0,1,0,"0000000",2,17,2,29,88,88,0,0,0,1,0
47,470804,2,2,0,0,0,3,3,9,1570,11,10,2016,3,17,47,1,2,3,1,2,"US-321 SR-73 W LAMAR ALEXANDER","N HOUSTON ST",115,35.75098611,-83.97978611,0,12,6,0,2,2,0,1,1,1,0,1,0,"0000000",17,50,17,54,18,24,0,0,0,1,0