"STATE","ST_CASE","VE_TOTAL","VE_FORMS","PVH_INVL","PEDS","PERNOTMVIT","PERMVIT","PERSONS","COUNTY","CITY","DAY","MONTH","YEAR","DAY_WEEK","HOUR","MINUTE","NHS","RUR_URB","FUNC_SYS","RD_OWNER","ROUTE","TWAY_ID","TWAY_ID2","MILEPT","LATITUDE","LONGITUD","SP_JUR","HARM_EV","MAN_COLL","RELJCT1","RELJCT2","TYP_INT","WRK_ZONE","REL_ROAD","LGT_COND","WEATHER1","WEATHER2","WEATHER","SCH_BUS","RAIL","NOT_HOUR","NOT_MIN","ARR_HOUR","ARR_MIN","HOSP_HR","HOSP_MN","CF1","CF2","CF3","FATALS","DRUNK_DR"
47,470911,1,1,0,1,1,1,1,149,1750,6,8,2016,7,20,29,0,2,3,1,2,"US-41/70S SR-1/99 SE BROAD ST","",172,35.84188889,-86.39128056,0,8,0,0,1,1,0,1,3,2,0,2,0,"0000000",20,31,20,36,21,23,0,0,0,1,0
47,470912,2,2,0,0,0,2,2,3,0,4,12,2016,1,20,30,1,1,3,1,2,"US-231 SR-10","SR-82",175,35.58835,-86.44021944,0,12,6,1,2,2,0,1,2,2,0,2,0,"0000000",20,37,20,38,88,88,0,0,0,1,0
47,470913,1,1,0,0,0,1,1,61,1033,26,11,2016,7,3,58,0,1,4,1,3,"SR-108","",112,35.37365,-85.68828889,0,42,0,0,1,1,0,4,2,1,0,1,0,"0000000",3,49,3,52,88,88,0,0,0,1,0
47,470914,1,1,0,0,0,1,1,125,410,18,12,2016,1,21,0,0,2,7,4,6,"OLD RUSSELLVILLE PK","",17,36.55851944,-87.30566111,0,24,0,0,1,1,0,4,2,1,0,1,0,"0000000",20,22,20,28,88,88,0,0,0,1,0
47,470915,1,1,0,0,0,1,1,37,1760,21,11,2016,2,11,20,0,2,7,4,6,"YOUNGS LN","",4,36.20486944,-86.80365,0,30,0,0,1,1,0,4,1,1,0,1,0,"0000000",11,20,11,27,11,55,0,0,0,1,1
47,470916,1,1,0,0,0,1,1,53,0,2,12,2016,6,12,5,0,1,6,2,4,"CR-BELLS CHAPEL RD","",40,36.12126944,-89.05235,0,42,0,0,1,1,0,4,1,1,0,1,0,"0000000",12,6,12,13,88,88,0,0,0,1,0
47,470917,1,1,0,0,0,1,1,13,0,3,12,2016,7,99,99,0,1,7,4,4,"CR-WILKENS RD","",13,36.50036944,-84.23031111,0,1,0,0,1,1,0,4,9,1,0,1,0,"0000000",12,24,13,55,88,88,0,0,0,1,0
47,470918,1,1,0,1,1,4,4,125,410,1,12,2016,5,16,10,1,2,3,1,2,"US-41A/79 SR-12/76","",165,36.55015,-87.38266389,0,8,0,0,1,1,0,1,3,1,0,1,0,"0000000",18,13,18,17,88,88,0,0,0,1,0
47,470919,1,1,0,1,1,1,1,157,1620,16,12,2016,6,19,0,0,2,4,4,6,"AMERICAN WAY","",12,35.07626389,-89.93043333,0,8,0,0,1,1,0,1,3,2,0,2,0,"0000000",99,99,99,99,88,88,0,0,0,1,0
47,470920,1,1,0,0,0,1,1,125,410,7,12,2016,4,5,8,1,2,3,1,2,"US-79 SR-13/48 WILMARUDOLPH BL","",234,36.56177778,-87.31414722,0,34,0,0,1,1,0,4,3,1,0,1,0,"0000000",5,9,5,12,5,28,0,0,0,1,0
47,470921,1,1,0,0,0,1,1,189,0,14,12,2016,4,10,30,1,2,3,1,2,"US-70 SR-24 LEBANON RD","",73,36.23561111,-86.4578,0,31,0,0,1,1,0,4,1,10,0,10,0,"0000000",10,30,10,41,11,25,0,0,0,1,1
47,470922,2,2,0,0,0,2,2,119,0,16,12,2016,6,6,29,0,1,3,1,2,"US-431 SR-106","",11,35.64025,-86.82573889,0,12,2,0,1,1,0,4,4,1,0,1,0,"0000000",99,99,99,99,99,99,0,0,0,1,0
47,470923,1,1,0,0,0,2,2,37,1760,4,12,2016,1,21,6,0,2,7,4,6,"HOPEDALE DR","",7,36.07071944,-86.71635,0,53,0,0,1,1,0,4,3,2,0,2,0,"0000000",21,6,21,13,21,38,0,0,0,1,0
47,470924,3,3,0,0,0,4,4,115,1974,9,12,2016,6,17,26,0,1,4,1,3,"SR-283","",16,35.18781944,-85.50151944,0,12,1,0,8,1,0,1,2,1,0,1,0,"0000000",18,25,18,41,19,21,0,0,0,1,0
47,470925,1,1,0,0,0,1,1,37,1760,11,12,2016,1,2,32,1,2,1,1,1,"I-24 RAMP","",173,36.12546111,-86.7299,0,32,0,1,5,1,0,4,3,1,0,1,0,"0000000",2,34,2,48,88,88,0,0,0,1,1
47,470926,1,1,0,0,0,1,1,149,0,13,10,2016,5,2,20,0,1,5,1,3,"SR-99 BRADYVILLE PK","",289,35.75853056,-86.25973056,0,35,0,0,1,1,0,4,2,1,0,1,0,"0000000",2,9,2,29,3,12,0,0,0,1,0
47,470927,2,2,0,0,0,2,2,53,0,30,10,2016,1,13,5,0,1,6,2,4,"CR-KEELEY MILL RD","",47,36.06521111,-88.93606111,0,12,1,0,1,1,0,1,1,1,0,1,0,"0000000",13,10,13,18,14,35,0,0,0,1,0
47,470928,2,2,0,0,0,2,2,11,0,11,12,2016,1,21,25,1,2,3,1,2,"US-64/74 SR-40 WATERLEVEL HWY","CR-CHEROKEE DR",33,35.14671111,-84.83213056,0,12,6,0,2,3,0,1,2,1,0,1,0,"0000000",21,26,21,29,22,11,0,0,0,1,0
47,470929,2,2,0,0,0,3,3,45,0,9,12,2016,6,4,55,0,1,5,1,3,"SR-181 GREAT RIVER RD","",140,36.08528056,-89.60106944,0,12,2,0,1,1,0,1,2,1,0,1,0,"0000000",4,58,5,10,6,31,0,0,0,2,1
47,470930,1,1,0,1,1,1,1,45,710,19,11,2016,7,8,37,1,2,3,1,3,"SR-78 LAKE RD","",18,36.0614,-89.39543056,0,8,0,0,8,1,0,1,1,1,0,1,0,"0000000",8,39,8,41,99,99,0,0,0,1,0
47,470931,3,3,0,0,0,4,4,71,0,14,12,2016,4,15,56,0,1,5,1,3,"SR-142 KENDRICK RD","",88,35.01661111,-88.36301111,0,12,99,0,1,1,0,1,1,1,0,1,0,"0000000",15,48,16,6,88,88,0,0,0,1,0
47,470932,2,2,0,0,0,4,4,157,1620,15,12,2016,5,17,30,0,2,4,4,6,"QUINCE RD","",80,35.07070556,-89.847675,0,12,6,0,8,1,0,1,3,1,0,1,0,"0000000",99,99,99,99,99,99,0,0,0,1,0
47,470933,2,2,0,0,0,3,3,129,0,15,12,2016,5,19,30,0,1,4,1,3,"SR-62 KNOXVILLE HWY","",348,36.04618056,-84.36306111,0,12,2,0,1,1,0,1,1,1,0,1,0,"0000000",19,31,19,46,20,27,0,0,0,1,1
47,470934,1,1,0,0,0,1,1,109,1627,16,12,2016,6,3,30,0,1,4,1,3,"SR-22","",30,35.03731944,-88.44706944,0,34,0,0,1,1,0,4,2,1,0,1,0,"0000000",3,46,4,4,88,88,0,0,0,1,1
47,470935,2,2,0,0,0,3,3,25,0,11,12,2016,1,0,1,1,1,3,1,2,"US-25E SR-32","",76,36.43956944,-83.56675,0,24,0,0,1,1,0,4,2,1,0,1,0,"0000000",0,8,0,12,1,9,0,0,0,2,0
47,470936,3,3,0,0,0,3,3,121,0,16,12,2016,6,17,50,0,1,4,1,3,"SR-68","SR-304 RIVER RD",11,35.62411111,-84.76436944,0,12,1,0,3,2,0,1,5,1,0,1,0,"0000000",17,41,17,56,18,58,0,0,0,1,0
47,470937,2,2,0,2,2,2,2,89,0,9,12,2016,6,16,55,0,1,5,1,2,"US-25W/70 SR-9","",215,35.99231111,-83.28818056,0,8,0,0,1,1,0,1,1,1,0,1,0,"0000000",99,99,99,99,99,99,23,0,0,1,0
47,470938,2,2,0,0,0,2,2,59,0,21,12,2016,4,19,7,0,1,6,2,4,"CR-SNAPPS FERRY RD","",69,36.25406944,-82.73373056,0,12,6,0,8,1,0,1,6,1,0,1,0,"0000000",18,47,19,10,19,42,0,0,0,1,0
47,470939,2,2,0,0,0,3,3,63,0,12,12,2016,2,17,0,0,1,5,1,3,"SR-66 VALLEY HOME RD","",29,36.17923056,-83.32116944,0,12,6,0,1,1,0,1,2,10,0,10,0,"0000000",17,7,17,8,99,99,0,0,0,1,0
47,470940,1,1,0,0,0,3,3,183,670,14,12,2016,4,15,52,0,1,6,4,6,"EVERGREEN ST","",105,36.25243889,-88.65541944,0,23,0,0,1,1,0,4,1,1,0,1,0,"0000000",15,58,16,7,18,51,0,0,0,1,0
47,470941,1,1,0,0,0,1,1,73,0,17,12,2016,7,16,30,0,1,7,2,4,"CR-OKOLONA RD","",19,36.57996111,-82.74113889,0,42,0,0,1,1,0,4,1,10,0,10,0,"0000000",16,32,16,44,88,88,0,0,0,1,1
47,470942,1,1,0,0,0,1,1,93,0,21,12,2016,4,18,32,0,2,4,2,4,"CR-DANTE RD","",7,36.03213056,-83.98348889,0,42,0,0,1,1,0,4,2,1,0,1,0,"0000000",18,33,18,39,88,88,0,0,0,1,0
47,470943,2,2,0,0,0,2,2,157,1620,22,12,2016,5,15,38,0,2,4,4,6,"QUINCE AVE","",47,35.08916944,-89.89061389,0,12,6,0,8,1,0,1,1,1,0,1,0,"0000000",99,99,99,99,99,99,0,0,0,1,0
47,470944,1,1,0,0,0,1,1,149,0,22,12,2016,5,14,45,1,2,3,1,3,"SR-96 FRANKLIN RD","",33,35.84351944,-86.54283889,0,42,0,0,1,1,0,4,1,1,0,1,0,"0000000",14,45,14,51,15,27,0,0,0,1,1
47,470945,2,2,0,0,0,7,7,51,2600,20,12,2016,3,10,59,0,2,4,1,3,"SR-16 ROWE GAP RD","US-64 SR-433 VETERANS MEMORIAL",132,35.16745,-86.12711111,0,12,6,0,2,2,0,1,1,1,0,1,0,"0000000",11,2,11,13,99,99,0,0,0,1,0
47,470946,1,1,0,1,1,1,1,73,1726,21,12,2016,4,19,27,1,2,3,1,2,"US-11W SR-1","",385,36.53701111,-82.6708,0,8,0,0,1,1,0,1,3,1,0,1,0,"0000000",19,18,19,21,99,99,0,0,0,1,0
47,470947,1,1,0,1,1,1,1,119,470,17,12,2016,7,19,53,0,2,5,4,6,"RIVERSIDE DR","",8,35.62278889,-87.02163056,0,9,0,0,1,1,0,2,2,10,0,10,0,"0000000",19,55,20,2,20,27,0,0,0,1,0
47,470948,1,1,0,1,1,1,1,37,1760,18,12,2016,1,3,0,1,2,3,1,2,"US-31A/41A SR-11 NOLENSVILLE P","",73,36.08281944,-86.72731944,0,8,0,0,1,1,0,1,3,3,0,3,0,"0000000",3,6,3,10,3,32,0,0,0,1,0
47,470949,1,1,0,0,0,1,1,187,0,19,12,2016,2,7,18,0,2,5,2,4,"CR-S CAROTHERS RD","",47,35.87908056,-86.7957,0,34,0,0,1,1,0,4,1,1,0,1,0,"0000000",7,19,7,23,88,88,0,0,0,1,1
47,470950,1,1,0,0,0,1,1,141,0,20,12,2016,3,99,99,0,1,5,1,2,"US-70N SR-24 MONTEREY HWY","",305,36.11606111,-85.35558889,0,35,0,0,1,1,0,4,2,1,0,1,0,"0000000",5,12,5,21,88,88,0,0,0,1,1
47,470951,1,1,0,0,0,1,1,55,0,20,12,2016,3,7,30,1,1,1,1,1,"I-65","",142,35.1955,-86.86995,0,24,0,1,19,1,0,4,1,5,0,5,0,"0000000",99,99,99,99,99,99,0,0,0,1,0
47,470952,1,1,0,0,0,1,1,47,0,17,12,2016,7,99,99,0,1,6,2,4,"CR-RALEIGH GRANGE RD","",35,35.10911944,-89.58636944,0,1,0,0,1,1,0,4,2,3,0,3,0,"0000000",11,59,12,13,88,88,0,0,0,1,0
47,470953,1,1,0,1,1,3,3,149,0,22,12,2016,5,18,12,1,1,3,1,2,"US-70S SR-1 JOHN BRAGG HWY","CR-MT HERMAN RD",223,35.82921111,-86.30593056,0,8,0,0,2,2,0,1,2,1,0,1,0,"0000000",18,7,18,15,88,88,0,0,0,1,0
47,470954,1,1,0,0,0,1,1,99,0,25,12,2016,1,18,6,0,1,6,2,4,"CR-MARCHELLA FALLS RD","",8,35.3775,-87.26771944,0,18,0,0,1,1,0,4,2,1,0,1,0,"0000000",18,3,18,14,18,40,0,0,0,1,0
47,470955,1,1,0,0,0,1,1,155,0,27,12,2016,3,14,40,0,1,5,1,3,"SR-416 PITMAN CENTER RD","",109,35.8232,-83.47261944,0,42,0,0,1,1,0,4,1,10,0,10,0,"0000000",14,25,14,33,88,88,0,0,0,1,0
47,470956,1,1,0,1,1,1,1,149,1750,22,12,2016,5,23,38,1,2,1,1,1,"I-24","",152,35.84471944,-86.43276667,0,8,0,0,1,1,0,1,2,1,0,1,0,"0000000",23,41,23,49,88,88,0,0,0,1,0
47,470957,2,2,0,0,0,4,4,157,1620,21,12,2016,4,15,42,0,2,5,4,6,"PERSON AVE","PENNSYLVANIA ST",7,35.10161667,-90.06759167,0,12,11,0,2,3,0,1,1,1,0,1,0,"0000000",99,99,99,99,99,99,0,0,0,1,0
47,470958,2,2,0,0,0,6,6,147,537,16,12,2016,6,20,42,1,1,1,1,1,"I-65","",89,36.52755,-86.64288056,0,12,6,0,1,1,0,1,2,10,0,10,0,"0000000",20,40,20,47,21,40,0,0,0,2,0
47,470959,2,2,0,0,0,2,2,147,0,24,12,2016,7,8,4,0,1,3,1,3,"SR-65","",158,36.6414,-86.85468889,0,12,1,0,1,1,0,1,1,2,0,2,0,"0000000",8,4,8,14,8,57,0,0,0,1,0
47,470960,2,1,1,1,3,1,3,37,1760,24,12,2016,7,19,0,1,2,1,1,1,"I-40","",158,36.16991944,-86.59068056,0,8,0,0,1,1,0,2,2,2,0,2,0,"0000000",19,6,19,18,19,41,23,0,0,1,0
47,470961,1,1,0,1,1,1,1,107,110,30,12,2016,6,19,1,1,2,3,1,3,"SR-30 GREEN ST","",105,35.44470556,-84.59116389,0,8,0,0,1,1,0,1,3,1,0,1,0,"0000000",99,99,99,99,99,99,0,0,0,1,0
47,470962,1,1,0,0,0,1,1,65,0,31,12,2016,7,2,32,0,1,4,1,3,"SR-27 SUCK CREEK RD","",13,35.11566944,-85.37166944,0,17,0,0,1,1,0,4,2,1,0,1,0,"0000000",2,32,2,43,88,88,0,0,0,1,0
47,470963,1,1,0,1,1,1,1,37,1760,31,12,2016,7,18,55,1,2,3,4,6,"OLD HICKORY BLVD","",0,36.07383889,-86.92073056,0,8,0,0,1,1,0,1,2,2,0,2,0,"0000000",99,99,99,99,99,99,0,0,0,1,0
47,470964,1,1,0,0,0,1,1,173,0,28,12,2016,4,20,45,0,1,5,1,3,"SR-170 HICKORY VALLEY RD","",46,36.24135,-83.89636111,0,42,0,0,1,1,0,4,2,1,0,1,0,"0000000",20,31,20,40,99,99,0,0,0,1,0
47,470965,2,2,0,0,0,4,4,157,1620,3,12,2016,7,14,35,1,2,3,1,2,"US-64 SR-15","E MALL DR",79,35.20446944,-89.78481389,0,12,2,0,2,2,0,1,1,2,0,2,0,"0000000",99,99,99,99,99,99,0,0,0,1,0
47,470966,4,4,0,0,0,8,8,105,1370,17,12,2016,7,17,10,1,2,3,1,2,"US-321 SR-73-95","CORY LN",57,35.81941944,-84.26661944,0,12,6,0,2,2,0,1,5,1,0,1,0,"0000000",17,9,17,13,17,24,0,0,0,1,0
47,470967,2,2,0,0,0,5,5,157,1620,29,12,2016,5,11,45,0,2,4,4,6,"RIDGEMONT RD","NEW ALLEN RD",3,35.24332778,-89.94638333,0,12,6,0,2,2,0,1,1,1,0,1,0,"0000000",99,99,99,99,99,99,0,0,0,1,0
47,470968,2,2,0,0,0,7,7,165,890,25,12,2016,1,18,18,1,2,2,1,3,"SR-386 VIETNAM VETERANS BLVD","",101,36.36208056,-86.52751111,0,12,7,0,1,1,0,1,2,1,0,1,0,"0000000",18,15,18,30,19,25,0,0,0,3,0
47,470969,1,1,0,0,0,1,1,35,0,31,12,2016,7,99,99,0,2,4,2,4,"CR-DUNBAR RD","",7,35.84645,-85.05531111,0,42,0,0,1,1,0,4,2,10,0,10,0,"0000000",6,36,6,43,88,88,0,0,0,1,1
47,470970,1,1,0,0,0,1,1,163,0,23,12,2016,6,17,25,1,2,1,1,1,"I-81","",14,36.44238889,-82.55308889,0,1,0,0,1,1,0,3,5,1,0,1,0,"0000000",17,30,17,37,17,55,0,0,0,1,1
47,470971,1,1,0,0,0,2,2,157,0,4,12,2016,1,1,44,0,1,7,2,4,"CR-LATTING RD","",10,35.18001667,-89.70941944,0,42,0,0,1,1,0,4,2,2,0,2,0,"0000000",1,44,1,55,2,40,0,0,0,1,0
47,470972,1,1,0,0,0,1,1,129,0,8,12,2016,5,19,27,0,1,7,2,4,"CR-TWIN BRIDGE RD","",56,36.16506111,-84.85116944,0,1,0,0,1,1,0,4,2,10,0,10,0,"0000000",19,18,19,48,88,88,0,0,0,1,1
47,470973,1,1,0,0,0,1,1,93,0,20,12,2016,3,99,99,0,2,7,2,4,"CR-FRENCH RD","",46,35.92936944,-83.8103,0,24,0,0,1,1,0,4,2,1,0,1,0,"0000000",2,16,2,26,88,88,0,0,0,1,0
47,470974,1,1,0,0,0,2,2,21,0,27,12,2016,3,0,14,1,1,1,1,1,"I-24","",30,36.3456,-86.92713056,0,1,0,0,1,1,0,4,3,2,0,2,0,"0000000",0,11,0,25,0,55,0,0,0,1,0
47,470975,1,1,0,0,0,2,2,185,0,29,12,2016,5,22,20,0,1,4,1,2,"US-70 SR-26 SMITHVILLE HWY","",62,35.95186111,-85.55458889,0,35,0,0,1,1,0,4,2,1,0,1,0,"0000000",22,8,22,17,22,49,0,0,0,1,0
47,470976,1,1,0,0,0,1,1,155,0,1,9,2016,5,23,21,1,1,3,1,2,"US-321/441 SR-71 PARKWAY","",99998,35.74495,-83.52228889,1,16,0,0,1,1,0,1,6,98,0,98,0,"0000000",99,99,99,99,88,88,0,0,0,1,0
47,470977,1,1,0,0,0,1,1,149,1750,8,11,2016,3,0,46,0,2,7,4,6,"W. RUTHERFORD BLVD","",4,35.81949722,-86.40146667,0,40,0,0,1,1,0,4,9,99,0,99,0,"0000000",10,20,10,25,99,99,0,0,0,1,0
47,470978,1,1,0,0,0,1,1,75,0,11,11,2016,6,10,8,0,1,4,1,3,"SR-54 OLD TURNPIKE RD","",92,35.59313889,-89.32283056,0,35,0,0,1,1,0,4,1,1,0,1,0,"0000000",10,9,10,17,10,57,0,0,0,1,1
47,470979,1,1,0,0,0,1,1,145,0,15,11,2016,3,6,20,0,1,5,1,3,"SR-304 RIVER RD","",123,35.82815,-84.54876944,0,35,0,0,1,1,0,4,2,5,0,5,0,"0000000",6,26,6,32,6,52,0,0,0,1,0
47,470980,1,1,0,0,0,2,2,9,0,13,11,2016,1,13,39,0,1,7,2,4,"CR-OLD ST HWY 73 LITTLE RIVER","",0,35.6662,-83.69017778,1,35,0,0,1,1,0,4,1,1,0,1,0,"0000000",99,99,99,99,99,99,0,0,0,2,0
47,470981,1,1,0,0,0,1,1,167,0,3,10,2016,2,17,44,1,1,3,1,2,"US-51 SR-3","",118,35.51481111,-89.70641111,0,34,0,0,1,1,0,4,1,1,0,1,0,"0000000",99,99,99,99,99,99,0,0,0,1,0
47,470982,1,1,0,0,0,1,1,167,1740,2,12,2016,6,23,45,0,2,7,4,6,"MARSHALL RD","",8,35.46251111,-89.77508056,0,42,0,0,1,1,0,4,3,1,0,1,0,"0000000",99,99,99,99,99,99,0,0,0,1,0
47,470983,2,2,0,0,0,2,2,179,1260,9,12,2016,6,16,45,1,2,3,1,2,"US-11E-321 SR-34","CR-OPIE ARNOLD RD",10,36.23762778,-82.62711111,0,12,2,0,2,2,0,1,1,1,0,1,0,"0000000",99,99,99,99,99,99,0,0,0,1,0
47,470984,4,4,0,0,0,4,4,163,1280,1,11,2016,3,11,7,0,2,4,1,3,"SR-126 MEMORIAL BLVD","",52,36.53153889,-82.49313889,0,12,8,0,1,1,0,1,1,1,0,1,0,"0000000",99,99,99,99,99,99,0,0,0,1,0
47,470985,1,1,0,0,0,2,2,119,0,27,8,2016,7,13,26,0,1,7,66,4,"CR-NATCHEZ TRACE PKWY","",0,35.80900278,-87.18661667,1,42,0,0,1,1,0,4,8,1,0,1,0,"0000000",99,99,99,99,99,99,0,0,0,1,0
47,470986,1,1,0,0,0,1,1,187,0,2,7,2016,7,17,44,0,1,7,66,4,"CR-NATCHEZ TRACE PKWY","",23,35.82858889,-87.09165278,1,42,0,0,1,1,0,4,1,1,0,1,0,"0000000",99,99,99,99,88,88,0,0,0,1,0
47,470987,2,2,0,0,0,3,3,31,0,29,11,2016,3,17,58,0,2,4,1,3,"SR-53 WOODBURY HWY","",36,35.5386,-86.08073889,0,12,6,0,8,1,0,1,2,10,0,10,0,"0000000",99,99,99,99,99,99,0,0,0,1,0
47,470988,2,2,0,0,0,3,3,135,1427,10,12,2016,7,8,30,0,1,4,1,3,"SR-13 S MAIN ST","",240,35.75421944,-87.78636111,0,12,2,0,1,1,0,1,1,1,0,1,0,"0000000",99,99,99,99,99,99,0,0,0,2,0
48,480001,3,3,0,0,0,8,8,85,5390,1,1,2016,6,1,13,1,2,3,98,3,"SR-289 PRESTON RD","HEDGCOXE RD",244,33.08231944,-96.80063611,0,12,6,0,2,2,0,1,3,1,0,1,0,"0000000",1,14,1,21,1,36,0,0,0,1,1
48,480002,1,1,0,0,0,2,2,159,0,1,1,2016,6,6,45,1,1,1,1,1,"I-30","",78,33.16255833,-95.16188889,0,24,0,1,19,1,0,3,2,10,0,10,0,"0000000",99,98,99,98,88,88,0,0,0,2,0
48,480003,1,1,0,0,0,1,1,201,3280,1,1,2016,6,5,50,1,2,1,1,1,"I-69/US-59 SOUTHWEST FWY","",130,29.71379444,-95.50293889,0,33,0,1,5,1,0,10,3,10,0,10,0,"0000000",99,98,99,98,88,88,0,0,0,1,1
48,480004,2,2,0,0,0,3,3,205,0,1,1,2016,6,4,8,0,1,4,98,2,"US-385","",207,35.80552778,-102.35093611,0,12,2,0,1,1,0,1,2,1,0,1,0,"0000000",99,98,99,98,88,88,0,0,0,1,1
48,480005,1,1,0,0,0,1,1,361,7200,1,1,2016,6,2,0,1,2,3,98,8,"FM 105 MAIN ST","",5,30.11707778,-94.00832222,0,59,0,0,1,1,0,4,3,10,0,10,0,"0000000",99,98,99,98,88,88,0,0,0,1,0
48,480006,1,1,0,1,1,1,1,373,4020,1,1,2016,6,21,46,1,2,3,98,2,"US-59 HWY","",330,30.68573889,-94.94940278,0,8,0,1,18,1,0,1,3,1,0,1,0,"0000000",99,99,99,99,99,99,0,0,0,1,0
48,480007,1,1,0,0,0,1,1,487,7180,1,1,2016,6,6,11,1,2,3,98,2,"US-70/287","",229,34.16070278,-99.29053889,0,31,0,0,1,1,0,10,3,1,0,1,0,"0000000",99,99,99,99,99,99,0,0,0,1,0
48,480008,1,1,0,0,0,3,3,29,6090,2,1,2016,7,18,51,1,2,1,1,1,"I-37","",120,29.43452222,-98.47810556,0,24,0,0,1,1,0,4,3,2,0,2,0,"0000000",99,99,99,99,99,99,0,0,0,1,1
48,480009,1,1,0,0,0,4,4,91,0,2,1,2016,7,10,16,1,1,1,1,1,"I-35","",187,29.79818056,-98.01818611,0,25,0,0,1,1,0,3,1,2,0,2,0,"0000000",10,32,10,39,11,17,0,0,0,1,0
48,480010,1,1,0,0,0,1,1,113,1190,2,1,2016,7,15,28,1,2,1,1,1,"I-35","",319,32.96082222,-96.91518333,0,1,0,0,1,1,1,1,1,10,0,10,0,"0000000",15,29,15,37,15,57,0,0,0,1,0
48,480011,1,1,0,1,1,1,1,113,3420,2,1,2016,7,23,35,1,2,2,98,3,"SR-12","",180,32.81568333,-96.92180556,0,8,0,0,1,1,0,1,3,1,0,1,0,"0000000",23,36,23,40,0,1,19,0,0,1,0
48,480012,2,2,0,0,0,2,2,135,0,2,1,2016,7,14,0,1,2,3,98,8,"SL 338","FM 554",245,31.93435,-102.36068611,0,12,6,0,2,2,0,1,1,10,0,10,0,"0000000",14,3,14,8,14,41,0,0,0,1,0
48,480013,1,1,0,1,1,1,1,201,3280,2,1,2016,7,21,0,1,2,1,1,7,"I-10","CALLES ST",26,29.77383333,-95.31764722,0,8,0,1,3,3,0,1,3,2,0,2,0,"0000000",21,1,21,6,21,26,0,0,0,1,0
48,480014,1,1,0,1,1,1,1,29,6090,3,1,2016,1,18,58,0,8,98,98,6,"ZARZAMORA ST","CERALVO ST",0,29.40682222,-98.52971111,0,8,0,0,2,2,0,1,3,1,0,1,0,"0000000",99,99,99,99,88,88,0,0,0,1,0
48,480015,1,1,0,0,0,1,1,167,6860,3,1,2016,1,18,51,0,8,98,98,6,"VAUTHIER RD","",0,29.38479444,-94.99290556,0,42,0,0,1,1,0,4,2,1,0,1,0,"0000000",18,53,18,58,19,19,0,0,0,1,0
48,480016,1,1,0,0,0,1,1,183,0,3,1,2016,1,15,4,0,1,5,98,8,"FM 1252","",24,32.44506111,-94.94633611,0,32,0,0,1,1,0,4,1,1,0,1,0,"0000000",99,98,99,98,88,88,0,0,0,1,0
48,480017,2,1,1,0,0,1,1,201,3280,3,1,2016,1,18,26,0,8,98,98,6,"LIMESTONE","",0,29.82698889,-95.49344167,0,40,0,0,1,1,0,4,3,1,0,1,0,"0000000",99,98,99,98,88,88,0,0,0,1,1
48,480018,1,1,0,0,0,4,4,201,3280,3,1,2016,1,2,20,0,8,98,98,6,"MILAM ST","",0,29.738275,-95.38246944,0,21,0,1,19,1,0,8,3,2,0,2,0,"0000000",2,20,2,25,3,6,0,0,0,1,0
48,480019,1,1,0,0,0,3,3,201,6970,3,1,2016,1,12,58,0,8,98,98,6,"BROWN RD","",0,30.10233056,-95.64448333,0,42,0,0,1,1,0,4,1,1,0,1,0,"0000000",12,55,13,12,13,39,0,0,0,1,0
48,480020,2,2,0,0,0,2,2,299,0,3,1,2016,1,3,0,0,1,4,98,3,"SR-29","",95,30.7493,-98.52821389,0,12,2,0,1,1,0,1,2,10,0,10,0,"0000000",3,22,3,45,4,26,0,0,0,1,0
48,480021,1,1,0,0,0,1,1,379,0,3,1,2016,1,19,38,0,1,5,98,8,"FM 514","",19,32.95124444,-95.70076111,0,32,0,0,1,1,0,4,2,1,0,1,0,"0000000",99,98,99,98,88,88,0,0,0,1,1
48,480022,2,1,1,0,0,2,2,491,6780,3,1,2016,1,9,46,1,1,3,98,2,"US-79 FOURTH ST","",89,30.57883056,-97.36195278,0,32,0,0,1,1,0,4,1,1,0,1,0,"0000000",9,44,9,48,10,38,0,0,0,1,0
48,480023,2,2,0,0,0,3,3,21,0,4,1,2016,2,13,10,0,1,5,98,3,"SR-304","",80,30.01841111,-97.30358056,0,12,8,0,1,1,0,1,1,1,0,1,0,"0000000",13,17,13,32,14,11,0,0,0,1,1
48,480024,2,2,0,0,0,2,2,29,6090,4,1,2016,2,12,37,0,8,98,98,6,"NEW SULPHUR SPRINGS RD","",0,29.37189722,-98.39339167,0,12,8,0,1,1,0,1,1,1,0,1,0,"0000000",99,99,99,99,99,99,0,0,0,1,0
48,480025,1,1,0,1,1,1,1,113,1730,4,1,2016,2,5,57,1,2,1,1,1,"I-20 LBJ FWY","",187,32.65680556,-96.74203333,0,8,0,0,1,1,0,1,2,1,0,1,0,"0000000",99,99,99,99,99,99,23,0,0,1,0
48,480026,2,2,0,0,0,3,3,201,3280,4,1,2016,2,1,19,0,8,98,98,6,"POST OAK RD","ALLUM RD",0,29.6408,-95.46370833,0,12,1,0,2,2,0,1,3,1,0,1,0,"0000000",1,24,1,29,1,55,0,0,0,1,1
48,480027,1,1,0,0,0,1,1,325,0,4,1,2016,2,6,10,0,1,5,98,8,"FM 1343","",81,29.24754444,-98.94784167,0,38,0,0,1,1,0,5,2,1,0,1,0,"0000000",99,98,99,98,88,88,0,0,0,1,0
48,480028,1,1,0,1,1,1,1,441,30,4,1,2016,2,2,11,1,2,1,1,1,"I-20","",106,32.48058333,-99.777225,0,8,0,0,1,1,0,1,3,1,0,1,0,"0000000",99,98,99,98,88,88,0,0,0,1,0