"STATE","ST_CASE","VE_TOTAL","VE_FORMS","PVH_INVL","PEDS","PERNOTMVIT","PERMVIT","PERSONS","COUNTY","CITY","DAY","MONTH","YEAR","DAY_WEEK","HOUR","MINUTE","NHS","RUR_URB","FUNC_SYS","RD_OWNER","ROUTE","TWAY_ID","TWAY_ID2","MILEPT","LATITUDE","LONGITUD","SP_JUR","HARM_EV","MAN_COLL","RELJCT1","RELJCT2","TYP_INT","WRK_ZONE","REL_ROAD","LGT_COND","WEATHER1","WEATHER2","WEATHER","SCH_BUS","RAIL","NOT_HOUR","NOT_MIN","ARR_HOUR","ARR_MIN","HOSP_HR","HOSP_MN","CF1","CF2","CF3","FATALS","DRUNK_DR"
48,480029,2,2,0,0,0,2,2,453,0,4,1,2016,2,15,57,0,8,98,98,6,"HOWARD LN","",0,30.44449167,-97.71015556,0,12,6,0,8,1,0,1,1,1,0,1,0,"0000000",99,98,99,98,88,88,0,0,0,2,0
48,480030,1,1,0,1,1,2,2,453,0,4,1,2016,2,23,54,0,8,98,98,4,"CR-SANDIFER ST","",0,30.23746667,-97.589175,0,8,0,0,1,1,0,1,2,1,0,1,0,"0000000",99,98,99,98,88,88,0,0,0,1,0
48,480031,1,1,0,1,1,1,1,65,0,5,1,2016,3,22,30,1,1,1,1,7,"I-40","",38,35.22044722,-101.56107778,0,8,0,0,1,1,0,1,2,5,0,5,0,"0000000",99,98,99,98,88,88,0,0,0,1,0
48,480032,2,2,0,0,0,3,3,215,4197,5,1,2016,3,22,24,1,2,3,98,3,"SR-336 10TH ST","SPRAGUE AVE",5,26.30120556,-98.213375,0,12,6,0,2,2,0,1,3,1,0,1,0,"0000000",22,35,22,43,23,5,0,0,0,1,0
48,480033,1,1,0,1,1,1,1,245,5430,5,1,2016,3,22,17,1,2,2,98,2,"US-69/287","",151,29.93811667,-93.98278611,0,8,0,0,1,1,0,1,3,1,0,1,0,"0000000",99,99,99,99,99,99,0,0,0,1,0
48,480034,3,3,0,0,0,8,8,365,0,5,1,2016,3,17,7,1,1,3,98,2,"US-79","",21,32.36957222,-94.06028333,0,12,1,0,8,1,0,1,1,1,0,1,0,"0000000",17,16,17,30,18,7,0,0,0,1,0
48,480035,1,1,0,1,1,2,2,113,1730,6,1,2016,4,20,54,1,2,3,98,8,"SL-12 LEDBETTER DR","",323,32.688825,-96.78364167,0,8,0,0,1,1,0,1,3,2,0,2,0,"0000000",99,98,99,98,88,88,0,0,0,1,0
48,480036,1,1,0,1,1,1,1,113,1730,6,1,2016,4,18,34,0,8,98,98,6,"MARTIN LUTHER KING JR BLVD","",0,32.76918056,-96.76834444,0,8,0,0,1,1,0,1,3,2,0,2,0,"0000000",99,99,99,99,99,99,0,0,0,1,0
48,480037,2,2,0,0,0,2,2,121,1190,6,1,2016,4,18,5,1,2,3,98,8,"FM2281 OLD DENTON RD","INDIAN RUN DR",15,33.03015833,-96.91827222,0,12,6,0,2,3,0,1,5,2,0,2,0,"0000000",18,6,18,10,18,24,0,0,0,1,0
48,480038,1,1,0,0,0,1,1,223,0,6,1,2016,4,7,30,0,8,98,98,4,"CR-3564","",0,33.2408,-95.4903,0,38,0,0,1,1,0,4,2,1,0,1,0,"0000000",99,98,99,98,88,88,0,0,0,1,1
48,480040,1,1,0,0,0,1,1,385,0,6,1,2016,4,9,30,0,1,4,98,2,"US-83","",51,29.65690833,-99.75483333,0,32,0,0,1,1,0,4,1,2,0,2,0,"0000000",99,99,99,99,88,88,0,0,0,1,0
48,480041,2,1,1,0,0,1,1,495,0,6,1,2016,4,20,1,0,8,98,98,4,"CR-TODD AVE ALLEY","",0,31.83901111,-103.0879,0,14,0,0,1,1,0,5,2,10,0,10,0,"0000000",99,99,99,99,99,99,0,0,0,1,0
48,480042,1,1,0,1,1,1,1,29,6090,7,1,2016,5,22,33,0,8,98,98,6,"COMMERCE ST","",0,29.42488611,-98.49293611,0,8,0,0,1,1,0,1,3,1,0,1,0,"0000000",99,99,99,99,99,99,0,0,0,1,0
48,480043,2,2,0,0,0,2,2,29,6090,7,1,2016,5,21,19,0,8,98,98,6,"DALHGREEN AVE","",0,29.40372222,-98.56704722,0,12,11,0,8,1,0,1,3,1,0,1,0,"0000000",99,99,99,99,99,99,0,0,0,1,1
48,480044,1,1,0,0,0,2,2,37,0,7,1,2016,5,19,35,1,1,3,98,2,"US-82","",33,33.50401111,-94.58005,0,1,0,0,1,1,1,4,3,5,0,5,0,"0000000",99,99,99,99,99,99,0,0,0,1,0
48,480045,2,2,0,0,0,2,2,89,0,7,1,2016,5,6,55,0,1,4,98,2,"US-90A","CR-RAMSEY RD",239,29.58703056,-96.4072,0,12,6,0,2,3,0,1,4,2,0,2,0,"0000000",99,98,99,98,88,88,0,0,0,1,0
48,480046,1,1,0,1,1,1,1,201,3280,7,1,2016,5,13,0,0,8,98,98,6,"BELLAIRE BLVD","",0,29.70498056,-95.53181389,0,8,0,0,8,1,0,4,1,10,0,10,0,"0000000",13,14,13,20,13,41,0,0,0,1,0
48,480047,3,3,0,0,0,4,4,209,3760,7,1,2016,5,19,50,1,2,1,1,7,"I-35","",170,30.00428889,-97.8663,0,12,6,0,1,1,0,1,3,1,0,1,0,"0000000",19,58,20,8,20,46,0,0,0,1,0
48,480048,2,2,0,0,0,2,2,371,0,7,1,2016,5,22,10,0,1,5,98,8,"FM 1776","FM 1450",200,31.27975,-103.06011944,0,12,6,0,2,3,0,1,2,1,0,1,0,"0000000",22,30,22,56,23,50,0,0,0,1,1
48,480049,1,1,0,0,0,2,2,373,0,7,1,2016,5,0,2,0,1,5,98,8,"FM 2457","",50,30.73911111,-95.02251111,0,53,0,0,1,1,0,4,2,2,0,2,0,"0000000",0,20,0,30,1,15,0,0,0,1,0
48,480050,1,1,0,0,0,3,3,439,2450,7,1,2016,5,20,44,1,2,1,1,1,"I-35W/SOUTH FWY","",30,32.58895,-97.31961111,0,1,0,0,1,1,0,10,2,1,0,1,0,"0000000",99,98,99,98,88,88,0,0,0,1,0
48,480051,1,1,0,0,0,1,1,439,260,7,1,2016,5,2,50,0,8,98,98,6,"COOLINS ST","MAYFIELD RD",0,32.69203611,-97.09788611,0,46,0,0,3,2,0,4,3,2,0,2,0,"0000000",99,98,99,98,88,88,0,0,0,1,0
48,480052,2,2,0,0,0,2,2,25,0,8,1,2016,6,20,48,0,1,5,98,3,"SR-202","",207,28.3905,-97.41333889,0,12,6,0,1,1,0,1,2,5,0,5,0,"0000000",20,50,21,2,21,37,19,0,0,1,1
48,480053,2,2,0,0,0,2,2,27,6810,8,1,2016,6,15,37,0,2,5,98,8,"FM 93","FM 1741/31ST ST",138,31.03728889,-97.39254167,0,12,6,0,2,3,0,1,1,1,0,1,0,"0000000",13,37,13,48,14,11,0,0,0,1,0
48,480054,1,1,0,0,0,1,1,85,1730,8,1,2016,6,22,35,0,8,98,98,6,"DALLAS NORTH TOLLWAY","",0,32.99063333,-96.82934722,0,25,0,0,1,1,0,4,3,1,0,1,0,"0000000",99,98,99,98,88,88,0,0,0,1,1
48,480055,2,2,0,0,0,2,2,145,0,8,1,2016,6,17,7,0,1,4,98,3,"SR-7","",171,31.3196,-96.79718056,0,12,2,0,1,1,0,4,1,1,0,1,0,"0000000",99,98,99,98,88,88,0,0,0,1,0
48,480056,2,2,0,0,0,3,3,157,0,8,1,2016,6,18,18,1,1,3,98,3,"SR-36","SP 10/GERKEN RD",68,29.47403889,-95.81401944,0,12,6,0,2,2,0,1,3,2,0,2,0,"0000000",18,15,18,23,19,5,0,0,0,1,2
48,480057,1,1,0,1,1,1,1,201,3280,8,1,2016,6,0,30,0,8,98,98,6,"WESTHEIMER RD","TAFT ST",0,29.74454722,-95.38599444,0,8,0,0,3,2,0,1,3,10,0,10,0,"0000000",99,98,99,98,88,88,0,0,0,1,0
48,480058,2,2,0,0,0,2,2,29,6090,9,1,2016,7,3,55,1,2,1,1,1,"I-35","",268,29.44012222,-98.44170833,0,12,2,0,1,1,0,1,3,1,0,1,0,"0000000",3,52,4,2,4,23,0,0,0,1,1
48,480059,2,2,0,0,0,4,4,29,6090,9,1,2016,7,16,52,1,2,1,1,7,"I-410/LOOP 410","FM 1348/HOUSTON ST",343,29.42318056,-98.38838611,0,12,8,1,2,2,0,1,1,1,0,1,0,"0000000",16,52,17,14,17,37,0,0,0,1,0
48,480060,2,2,0,0,0,4,4,85,0,9,1,2016,7,19,39,0,1,5,98,8,"FM 3364","",13,33.1324,-96.48695,0,12,6,0,1,1,0,1,2,1,0,1,0,"0000000",99,99,99,99,99,99,0,0,0,2,1
48,480061,1,1,0,1,1,1,1,141,2190,9,1,2016,7,17,59,0,8,98,98,6,"MONTANA AVE/US-180","",0,31.77696389,-106.47125,0,8,0,0,1,1,0,1,2,1,0,1,0,"0000000",18,0,18,8,88,88,0,0,0,1,0
48,480062,1,1,0,0,0,1,1,201,0,9,1,2016,7,13,7,1,2,1,1,7,"I-10","",398,29.77121111,-95.16828056,0,19,0,0,1,1,0,5,1,1,0,1,0,"0000000",99,99,99,99,99,99,0,0,0,1,0
48,480063,2,2,0,0,0,2,2,201,480,9,1,2016,7,19,20,1,2,3,98,8,"BS-146E","ALEXANDER DR",43,29.72549167,-94.96004722,0,12,6,0,2,2,0,1,2,1,0,1,0,"0000000",99,98,99,98,88,88,0,0,0,1,0
48,480064,2,2,0,0,0,4,4,215,7330,9,1,2016,7,7,31,0,8,98,98,6,"WESTGATE DR","MILE 10 RD",0,26.19871111,-98.00745833,0,12,6,0,2,2,0,1,1,1,0,1,0,"0000000",99,98,99,98,88,88,0,0,0,1,1
48,480065,1,1,0,0,0,2,2,491,0,9,1,2016,7,2,20,0,1,5,98,8,"FM 971","",109,30.68458056,-97.50335,0,53,0,0,1,1,0,4,2,1,0,1,0,"0000000",2,20,2,32,99,99,0,0,0,1,1
48,480066,1,1,0,0,0,1,1,113,1730,10,1,2016,1,0,1,1,2,1,1,1,"I-30 RAMP","1ST AVE",54,32.78210833,-96.77010278,0,33,0,1,5,1,0,4,3,10,0,10,0,"0000000",99,99,99,99,99,99,0,0,0,1,1
48,480067,1,1,0,0,0,1,1,201,480,10,1,2016,1,18,47,1,2,2,98,7,"SS-330/DECKER DR","",43,29.75570833,-94.99400833,0,33,0,0,1,1,0,4,2,1,0,1,0,"0000000",99,98,99,98,88,88,0,0,0,1,0
48,480068,1,1,0,0,0,3,3,439,2450,10,1,2016,1,17,24,1,2,1,1,1,"I-820/LOOP 820","",322,32.72045,-97.22511111,0,24,0,0,1,1,0,3,1,1,0,1,0,"0000000",17,25,17,32,17,55,0,0,0,1,0
48,480069,1,1,0,0,0,2,2,29,6090,11,1,2016,2,12,20,0,8,98,98,6,"UPLAND DR","",0,29.41925,-98.41414444,0,42,0,0,1,1,0,4,1,1,0,1,0,"0000000",99,99,99,99,99,99,0,0,0,1,0
48,480070,1,1,0,1,1,1,1,113,1539,11,1,2016,2,17,5,0,8,98,98,6,"FREEPORT PKWY","BETHEL RD",0,32.95478056,-97.01102222,0,9,0,0,3,2,0,1,1,1,0,1,0,"0000000",17,7,17,11,17,28,16,0,0,1,0
48,480071,1,1,0,1,1,3,3,113,2590,11,1,2016,2,18,36,0,8,98,98,6,"SATURN RD","",0,32.88659167,-96.64818611,0,8,0,0,1,1,0,1,3,1,0,1,0,"0000000",18,39,18,41,18,55,0,0,0,1,0
48,480073,1,1,0,1,1,1,1,201,3280,11,1,2016,2,12,25,1,2,1,1,1,"I-45 NORTH FWY","",359,29.92551944,-95.41198333,0,8,0,1,18,1,0,1,1,1,0,1,0,"0000000",99,99,99,99,99,99,0,0,0,1,0
48,480074,2,2,0,0,0,3,3,5,0,12,1,2016,3,7,59,1,1,3,98,2,"US-69","",359,31.30448889,-94.67058056,0,12,2,0,1,1,0,1,1,1,0,1,0,"0000000",7,58,8,2,8,29,0,0,0,2,0
48,480075,1,1,0,1,1,1,1,27,3690,12,1,2016,3,14,9,1,2,2,98,8,"BU 190 VETERAN'S MEMORIAL BLVD","",69,31.10715833,-97.71113333,0,9,0,0,8,1,0,1,1,10,0,10,0,"0000000",14,9,14,13,14,31,0,0,0,1,0
48,480076,3,3,0,0,0,3,3,29,0,12,1,2016,3,5,54,1,1,3,98,2,"US-281","TRINITY PARK",25,29.69888611,-98.45128333,0,12,6,0,2,3,0,1,2,1,0,1,0,"0000000",6,11,6,22,6,57,14,0,0,1,0
48,480077,1,1,0,1,1,1,1,113,2800,12,1,2016,3,23,31,1,2,2,98,7,"SR-161","",240,32.71426389,-97.02402222,0,8,0,1,18,1,0,1,2,1,0,1,0,"0000000",99,98,99,98,88,88,0,0,0,1,0
48,480078,1,1,0,1,1,2,2,201,0,12,1,2016,3,20,16,0,8,98,98,4,"CR-GARTH RD","",0,29.83993056,-94.98808611,0,8,0,0,1,1,0,1,2,1,0,1,0,"0000000",99,98,99,98,88,88,0,0,0,1,0
48,480079,1,1,0,1,1,2,2,245,490,12,1,2016,3,20,26,1,2,1,1,1,"I-10","",194,30.05869444,-94.13618333,0,8,0,0,1,1,0,1,3,1,0,1,0,"0000000",99,98,99,98,88,88,0,0,0,1,0
48,480080,1,1,0,0,0,2,2,355,5420,13,1,2016,4,17,58,0,1,4,98,3,"SR-361","",141,27.77894167,-97.10515,0,1,0,0,1,1,0,4,1,1,0,1,0,"0000000",18,7,18,32,18,49,0,0,0,1,1
48,480081,1,1,0,1,1,1,1,407,0,13,1,2016,4,17,54,0,1,4,98,3,"SR-156","",128,30.60395833,-95.1503,0,8,0,0,1,1,0,1,5,1,0,1,0,"0000000",99,98,99,98,88,88,0,0,0,1,0
48,480082,3,3,0,0,0,3,3,1,0,14,1,2016,5,15,0,0,1,4,98,3,"SR-19","",100,31.91690556,-95.73689444,0,12,1,0,1,1,1,1,1,1,0,1,0,"0000000",99,98,99,98,88,88,0,0,0,1,1
48,480083,1,1,0,0,0,2,2,367,0,14,1,2016,5,0,45,0,1,5,98,8,"FM920","",154,32.80149444,-97.83643889,0,1,0,0,1,1,0,4,2,1,0,1,0,"0000000",99,99,99,99,99,99,0,0,0,1,1
48,480084,1,1,0,1,1,1,1,453,330,14,1,2016,5,14,46,0,8,98,98,6,"RIVERSIDE DR","CROSSING PLACE",0,30.23164444,-97.71730556,0,8,0,0,2,3,0,1,1,1,0,1,0,"0000000",14,45,14,53,15,12,0,0,0,1,0
48,480085,2,2,0,0,0,4,4,225,0,15,1,2016,6,8,0,0,1,6,98,8,"FM1280","",83,31.14618611,-95.51342222,0,12,1,0,8,1,0,1,1,1,0,1,0,"0000000",99,99,99,99,99,99,0,0,0,1,0
48,480086,2,2,0,1,1,2,2,201,3280,15,1,2016,6,6,30,1,2,1,1,1,"I-610RAMP","",100,29.67906944,-95.44258889,0,8,0,0,20,1,0,1,1,1,0,1,0,"0000000",99,98,99,98,88,88,0,0,0,1,0
48,480087,1,1,0,0,0,1,1,347,0,15,1,2016,6,11,55,1,1,3,98,2,"US-59","",276,31.52098056,-94.69625,0,30,0,0,1,1,0,4,1,1,0,1,0,"0000000",11,57,12,15,12,43,0,0,0,1,0
48,480088,1,1,0,1,1,1,1,201,6556,16,1,2016,7,0,45,1,2,1,1,1,"I-10 KATY FWY","",185,29.78466389,-95.51058333,0,8,0,0,1,1,0,1,3,1,0,1,0,"0000000",99,98,99,98,88,88,19,0,0,1,0
48,480089,2,2,0,0,0,3,3,141,2190,17,1,2016,1,22,24,1,2,3,98,3,"SR-20 MESA DR","",139,31.83315,-106.53708889,0,12,6,0,8,1,0,1,3,1,0,1,0,"0000000",22,25,22,30,22,58,0,0,0,1,0
48,480090,1,1,0,0,0,1,1,183,0,17,1,2016,1,23,50,1,1,1,1,1,"I-20","",131,32.43242778,-94.76414722,0,1,0,0,1,1,0,4,2,1,0,1,0,"0000000",23,53,23,58,0,50,0,0,0,1,1
48,480091,1,1,0,0,0,1,1,201,0,17,1,2016,1,20,3,1,2,2,98,3,"SR-249 MOUNT HOUSTON RD","",216,29.89784444,-95.43765278,0,73,0,0,1,1,0,1,2,1,0,1,0,"0000000",99,98,99,98,88,88,0,0,0,1,1
48,480092,2,2,0,0,0,7,7,201,5230,17,1,2016,1,18,18,0,8,98,98,6,"FAIRMONT PKWY","",0,29.65078611,-95.18176389,0,12,6,0,7,1,0,1,3,1,0,1,0,"0000000",18,20,18,28,18,45,0,0,0,1,0
48,480093,1,1,0,0,0,1,1,201,0,18,1,2016,2,15,5,1,2,2,98,8,"SL-8 BELTWAY NORTH","",181,29.87950556,-95.54873611,0,25,0,0,1,1,0,3,1,1,0,1,0,"0000000",99,98,99,98,88,88,0,0,0,1,0
48,480094,1,1,0,1,1,1,1,29,0,21,1,2016,5,3,46,1,1,1,1,1,"I-10","",5,29.72818333,-98.67550278,0,8,0,0,1,1,0,1,2,5,0,5,0,"0000000",99,99,99,99,88,88,23,0,0,1,0
48,480095,1,1,0,1,1,1,1,29,6090,1,1,2016,6,4,10,1,2,1,1,1,"I-10","",4,29.43317222,-98.50162222,0,8,0,0,1,1,0,1,3,2,0,2,0,"0000000",4,15,4,20,4,41,19,0,0,1,0
48,480096,2,2,0,0,0,3,3,453,0,1,1,2016,6,18,27,1,1,3,98,3,"SR-71","",73,30.34665,-98.05085278,0,12,2,0,1,1,0,1,2,1,0,1,0,"0000000",18,23,18,45,19,8,0,0,0,2,0
48,480097,1,1,0,0,0,1,1,201,3280,2,1,2016,7,11,58,0,8,98,98,6,"LAKE HOUSTON W PKWY","",0,29.895525,-95.17625556,0,33,0,0,1,1,0,3,1,1,0,1,0,"0000000",99,99,99,99,88,88,0,0,0,1,0
48,480098,2,2,0,0,0,3,3,291,0,2,1,2016,7,11,42,1,1,3,98,2,"US-59","",89,30.28556111,-95.1262,0,12,1,0,8,1,0,1,1,1,0,1,0,"0000000",99,99,99,99,99,99,0,0,0,1,0
48,480099,1,1,0,0,0,1,1,361,0,3,1,2016,1,3,30,0,8,98,98,4,"CR-HARVEY ST","",0,30.03088333,-93.81140833,0,32,0,0,1,1,0,4,2,1,0,1,0,"0000000",99,98,99,98,88,88,0,0,0,1,1
48,480100,2,1,1,0,0,4,4,201,0,4,1,2016,2,19,0,0,8,98,98,4,"CR-WINDMILL VILLAGE DR","",0,29.71709722,-95.64205556,0,14,0,0,1,1,0,7,3,1,0,1,0,"0000000",19,10,19,23,20,2,0,0,0,1,0
48,480101,1,1,0,0,0,1,1,29,6090,5,1,2016,3,2,56,1,2,1,1,1,"I-10","",34,29.6045,-98.6015,0,20,0,1,19,1,0,8,3,1,0,1,0,"0000000",99,98,99,98,88,88,0,0,0,1,0
48,480102,1,1,0,1,1,1,1,491,330,6,1,2016,4,23,13,0,8,98,98,6,"LAKE CREEK PKWY","",0,30.47539444,-97.79398333,0,8,0,0,1,1,0,1,2,2,0,2,0,"0000000",23,14,23,18,23,33,0,0,0,1,0
48,480103,2,2,0,0,0,2,2,139,4570,8,1,2016,6,13,20,1,2,3,98,2,"US-287","",361,32.4464,-96.92581667,0,12,2,0,1,1,0,1,1,1,0,1,0,"0000000",99,98,99,98,88,88,20,0,0,2,0
48,480104,2,2,0,0,0,4,4,389,0,8,1,2016,6,7,10,1,1,3,98,2,"US-285","",726,31.18409444,-103.3044,0,12,8,0,1,1,0,1,2,1,0,1,0,"0000000",99,99,99,99,99,99,0,0,0,2,0
48,480105,1,1,0,0,0,6,6,197,0,9,1,2016,7,12,36,1,1,3,98,2,"US-287","CR-NIPPERT RD",17,34.36295,-99.98721111,0,1,0,0,1,1,0,1,1,10,0,10,0,"0000000",12,42,12,52,13,47,0,0,0,2,0
48,480106,2,2,0,0,0,2,2,289,0,9,1,2016,7,14,48,1,1,3,98,2,"US-79","",30,31.5743,-95.8816,0,12,2,0,1,1,0,1,1,10,0,10,0,"0000000",14,57,15,17,16,1,0,0,0,1,0
48,480107,3,3,0,0,0,3,3,339,0,9,1,2016,7,5,7,0,1,5,98,8,"FM1485","CR-ROADWAY LN",31,30.1485,-95.1631,0,12,6,0,2,3,0,1,2,10,0,10,0,"0000000",99,98,99,98,88,88,0,0,0,1,0
48,480108,1,1,0,0,0,5,5,37,0,10,1,2016,1,3,45,0,1,5,98,2,"US-259","CR-4255",158,33.4664,-94.6388,0,58,0,0,3,3,0,4,2,1,0,1,0,"0000000",4,12,4,29,5,36,0,0,0,1,1
48,480109,1,1,0,0,0,1,1,201,3280,10,1,2016,1,3,19,0,8,98,98,6,"SHADOWDALE DR","",0,29.79230556,-95.55343889,0,59,0,0,1,1,0,4,3,1,0,1,0,"0000000",3,26,3,31,4,30,0,0,0,1,1
48,480110,1,1,0,0,0,1,1,339,0,10,1,2016,1,2,28,0,1,5,98,8,"FM1097","",176,30.4372,-95.5891,0,24,0,0,1,1,0,4,2,1,0,1,0,"0000000",99,98,99,98,88,88,0,0,0,1,1
48,480111,1,1,0,1,1,1,1,475,0,10,1,2016,1,2,56,1,1,1,1,1,"I-20","",143,31.51627222,-103.17793611,0,8,0,0,1,1,0,1,2,1,0,1,0,"0000000",99,98,99,98,88,88,0,0,0,1,0
48,480112,2,2,0,0,0,8,8,29,1512,11,1,2016,2,7,5,1,2,3,98,8,"FM1976","GIBBS SPRAWL RD",59,29.51493333,-98.32248611,0,12,6,0,2,3,0,1,4,1,0,1,0,"0000000",99,99,99,99,99,99,0,0,0,1,0
48,480113,2,2,0,0,0,2,2,301,0,12,1,2016,3,6,1,0,1,5,98,3,"SR-302","",101,31.75271111,-103.4947,0,12,6,0,1,1,0,1,2,1,0,1,0,"0000000",99,98,99,98,88,88,0,0,0,1,0
48,480114,1,1,0,0,0,1,1,411,0,12,1,2016,3,21,53,0,1,5,98,8,"FM501","",191,30.98189444,-98.71340833,0,38,0,0,1,1,0,5,2,1,0,1,0,"0000000",99,98,99,98,88,88,0,0,0,1,1
48,480115,3,3,0,0,0,3,3,203,0,13,1,2016,4,8,50,1,2,1,1,1,"I-20","",14,32.4583,-94.6783,0,12,8,0,1,1,0,1,1,1,0,1,0,"0000000",99,98,99,98,88,88,0,0,0,1,0
48,480116,1,1,0,0,0,3,3,113,2590,14,1,2016,5,2,18,0,8,98,98,6,"BROADWAY BLVD","",0,32.86352222,-96.60375833,0,17,0,0,1,1,0,4,3,1,0,1,0,"0000000",99,98,99,98,88,88,0,0,0,3,1
48,480117,2,2,0,0,0,4,4,373,0,14,1,2016,5,17,30,0,1,4,98,2,"US-190","",35,30.70935,-94.89468056,0,12,6,0,8,1,0,1,5,1,0,1,0,"0000000",99,99,99,99,99,99,0,0,0,1,0
48,480118,1,1,0,2,2,1,1,29,6090,15,1,2016,6,7,8,0,8,98,98,6,"ENRIQUE M BARRERA PKWY","",0,29.41281111,-98.605525,0,9,0,0,1,1,0,1,2,5,0,5,0,"0000000",7,8,7,23,7,49,0,0,0,1,0
48,480119,2,1,1,0,2,3,5,201,3280,15,1,2016,6,19,58,1,2,1,1,1,"I-45 NORTH FWY","",287,29.82591389,-95.38016667,0,14,0,0,1,1,0,2,3,1,0,1,0,"0000000",20,4,20,10,20,38,23,0,0,2,1
48,480120,2,2,0,0,0,2,2,61,3030,16,1,2016,7,6,25,1,2,3,98,8,"BU77X SUNSHINE STRIP HWY","SL499",85,26.22643056,-97.71974444,0,12,1,0,3,2,0,1,3,10,0,10,0,"0000000",99,99,99,99,99,99,0,0,0,1,0
48,480121,2,2,0,0,0,7,7,85,5390,16,1,2016,7,18,48,1,2,2,98,3,"SR-190/PRESIDENT GEORGE BUSH","",103,33.0038,-96.70518056,0,1,0,0,1,1,0,1,3,1,0,1,0,"0000000",18,57,19,6,19,28,0,0,0,3,0
48,480122,3,3,0,0,0,5,5,201,5230,16,1,2016,7,10,48,0,8,98,98,6,"GENOA-RED BLUFF RD","RED BLUFF RD",0,29.63493611,-95.10828056,0,12,6,0,2,2,0,1,1,1,0,1,0,"0000000",99,99,99,99,99,99,0,0,0,1,0
48,480123,1,1,0,0,0,3,3,313,0,16,1,2016,7,10,12,1,1,3,98,2,"US-190","",142,30.91579722,-95.97626944,0,42,0,0,1,1,0,4,1,10,0,10,0,"0000000",99,99,99,99,99,99,0,0,0,1,0
48,480124,1,1,0,0,0,5,5,99,0,16,1,2016,7,2,20,0,8,98,98,4,"CR-274","",0,31.47065,-97.65816111,0,35,0,0,1,1,0,4,2,1,0,1,0,"0000000",2,25,2,40,3,31,0,0,0,1,1
48,480125,1,1,0,1,1,1,1,121,1840,17,1,2016,1,19,31,1,2,3,98,8,"SL-288/LOOP 288","FM 426/MCKINNEY ST",13,33.21288889,-97.09082778,0,8,0,0,3,2,0,1,3,10,0,10,0,"0000000",19,31,19,34,19,43,0,0,0,1,1
48,480126,1,1,0,0,0,1,1,201,0,17,1,2016,1,3,8,0,8,98,98,4,"CR-CLAY DR","CR-MASON RD",0,29.83166111,-95.75431944,0,42,0,0,3,3,0,4,3,1,0,1,0,"0000000",99,98,99,98,88,88,0,0,0,1,1
48,480127,2,2,0,1,1,2,2,257,0,17,1,2016,1,16,3,1,2,3,98,2,"US-80","",62,32.73758889,-96.32773889,0,12,11,0,1,1,0,1,1,1,0,1,0,"0000000",16,11,16,20,17,30,23,0,0,1,0
48,480128,1,1,0,0,0,2,2,455,0,17,1,2016,1,12,0,0,8,98,98,4,"CR-HUCKLEBERRY  DR","",0,30.93948056,-95.27288889,0,1,0,0,8,1,0,1,1,1,0,1,0,"0000000",99,99,99,99,99,99,0,0,0,1,0
48,480129,2,2,0,0,0,3,3,329,4560,18,1,2016,2,7,9,1,2,1,1,7,"I-20 RAMP","",130,31.96791944,-102.09463056,0,12,6,1,3,4,0,1,2,5,0,5,0,"0000000",7,13,7,29,7,33,0,0,0,1,0
48,480130,2,2,0,0,0,2,2,341,0,18,1,2016,2,17,50,0,1,5,98,8,"FM 119","",68,35.96645,-101.83241944,0,12,2,0,1,1,0,1,1,1,0,1,0,"0000000",99,99,99,99,99,99,0,0,0,1,0
48,480131,1,1,0,0,0,1,1,75,0,19,1,2016,3,15,27,0,1,4,98,2,"US-62","",39,34.34734722,-100.28166111,0,1,0,0,1,1,0,4,1,1,0,1,0,"0000000",99,98,99,98,88,88,0,0,0,1,0
48,480132,1,1,0,1,1,1,1,85,0,19,1,2016,3,19,30,1,2,3,98,2,"US-380","",133,33.19856389,-96.57690833,0,8,0,0,1,1,0,1,2,1,0,1,0,"0000000",99,98,99,98,88,88,0,0,0,1,0
48,480133,2,2,0,0,0,2,2,121,6881,19,1,2016,3,5,21,1,2,3,98,8,"FM 423 MAIN ST","",27,33.11516944,-96.89205833,0,12,2,0,1,1,1,1,2,1,0,1,0,"0000000",5,29,5,44,6,2,0,0,0,1,1
48,480134,2,2,0,0,0,2,2,247,0,19,1,2016,3,11,0,0,1,5,98,8,"FM 1017","",278,26.920025,-98.5957,0,12,2,0,1,1,0,1,1,1,0,1,0,"0000000",99,99,99,98,88,88,0,0,0,2,0
48,480135,2,2,0,0,0,2,2,303,4140,19,1,2016,3,17,5,0,8,98,98,6,"34TH ST","IRONTON AVE",0,33.56326389,-101.94968611,0,12,6,0,2,3,0,1,3,1,0,1,0,"0000000",17,6,17,14,17,47,0,0,0,1,0
48,480136,2,2,0,0,0,2,2,329,4560,19,1,2016,3,16,46,0,8,98,98,6,"LAMESA RD","GARDEN LN",0,32.00827222,-102.06770833,0,12,6,0,2,2,0,1,1,1,0,1,0,"0000000",99,98,99,98,88,88,20,0,0,1,0
48,480137,2,2,0,0,0,2,2,113,1730,20,1,2016,4,10,15,1,2,1,1,1,"I-35 STEMMONS FWY","",169,32.78274722,-96.81253056,0,12,1,0,1,1,0,1,1,10,0,10,0,"0000000",99,98,99,98,88,88,20,0,0,1,1