"STATE","ST_CASE","VE_TOTAL","VE_FORMS","PVH_INVL","PEDS","PERNOTMVIT","PERMVIT","PERSONS","COUNTY","CITY","DAY","MONTH","YEAR","DAY_WEEK","HOUR","MINUTE","NHS","RUR_URB","FUNC_SYS","RD_OWNER","ROUTE","TWAY_ID","TWAY_ID2","MILEPT","LATITUDE","LONGITUD","SP_JUR","HARM_EV","MAN_COLL","RELJCT1","RELJCT2","TYP_INT","WRK_ZONE","REL_ROAD","LGT_COND","WEATHER1","WEATHER2","WEATHER","SCH_BUS","RAIL","NOT_HOUR","NOT_MIN","ARR_HOUR","ARR_MIN","HOSP_HR","HOSP_MN","CF1","CF2","CF3","FATALS","DRUNK_DR"
48,480138,3,3,0,0,0,3,3,113,3420,21,1,2016,5,6,7,1,2,2,98,3,"SR-114 JOHN CARPENTER FWY","",20,32.85971389,-96.93534722,0,12,7,1,18,1,1,1,3,1,0,1,0,"0000000",6,8,6,14,6,34,0,0,0,1,0
48,480139,2,2,0,0,0,4,4,149,0,20,1,2016,4,13,30,1,1,3,98,3,"SR-71","SL-220",198,29.92809167,-96.96417222,0,12,6,0,2,3,0,1,1,1,0,1,0,"0000000",13,33,13,49,14,21,0,0,0,2,0
48,480140,1,1,0,0,0,1,1,25,0,21,1,2016,5,23,5,0,8,98,98,4,"CR-WOFFORD LN","",0,28.43083889,-97.73681667,0,38,0,0,1,1,0,5,2,10,0,10,0,"0000000",99,98,99,98,88,88,0,0,0,1,1
48,480141,6,1,5,0,0,1,1,113,5730,21,1,2016,5,18,6,1,2,2,98,7,"US-75 CENTRAL EXPY","",26,32.95398611,-96.732,0,59,0,1,19,1,0,10,3,10,0,10,0,"0000000",18,7,18,15,18,29,14,0,0,1,0
48,480142,2,2,0,0,0,2,2,131,0,21,1,2016,5,15,40,1,1,3,98,2,"US-59","",104,27.96660833,-98.51519444,0,12,1,0,1,1,1,1,1,1,0,1,0,"0000000",99,98,99,98,88,88,0,0,0,1,0
48,480143,1,1,0,0,0,2,2,141,0,21,1,2016,5,19,44,0,8,98,98,4,"CR-ASCENCION","",0,31.61906389,-106.1466,0,1,0,0,1,1,0,4,2,1,0,1,0,"0000000",20,4,20,13,20,44,0,0,0,1,1
48,480144,2,1,1,0,1,1,2,339,1510,21,1,2016,5,23,24,1,1,1,1,1,"I-45","",201,30.39567778,-95.48611389,0,14,0,0,1,1,0,2,2,1,0,1,0,"0000000",99,98,99,98,88,88,0,0,0,1,0
48,480145,1,1,0,1,1,1,1,451,6080,21,1,2016,5,6,38,1,1,3,98,2,"US-67","",105,31.50063611,-100.37114444,0,8,0,0,1,1,0,1,2,1,0,1,0,"0000000",6,41,6,46,7,2,0,0,0,1,0
48,480146,1,1,0,0,0,3,3,215,4650,22,1,2016,6,2,23,0,8,98,98,6,"CIMARRON DR","",0,26.19356944,-98.293425,0,35,0,0,1,1,0,4,3,1,0,1,0,"0000000",2,38,2,38,3,7,0,0,0,1,1
48,480147,1,1,0,0,0,1,1,255,0,22,1,2016,6,2,9,0,1,5,98,8,"FM 81","",51,28.92031944,-97.77225556,0,24,0,0,1,1,0,4,2,1,0,1,0,"0000000",99,98,99,98,88,88,0,0,0,1,1
48,480148,1,1,0,0,0,1,1,215,5330,22,1,2016,6,21,37,1,2,3,98,3,"SR-495 FERGUSON AVE","",106,26.21371111,-98.19656389,0,33,0,0,1,1,0,4,2,1,0,1,0,"0000000",99,98,99,98,88,88,0,0,0,1,0
48,480149,1,1,0,0,0,1,1,453,330,22,1,2016,6,23,29,0,8,98,98,6,"WILLIAM CANNON DR","",0,30.16932778,-97.73872222,0,31,0,0,1,1,0,4,3,1,0,1,0,"0000000",99,98,99,98,88,88,0,0,0,1,1
48,480150,1,1,0,0,0,1,1,141,2190,23,1,2016,7,0,8,1,2,1,1,1,"I-10","",184,31.76760278,-106.50892222,0,52,0,1,19,1,0,10,3,1,0,1,0,"0000000",99,98,99,98,88,88,0,0,0,1,1
48,480151,2,1,1,0,0,1,1,309,7210,23,1,2016,7,5,58,0,8,98,98,6,"SANGER RD","",0,31.52852222,-97.17960278,0,30,0,0,1,1,0,4,3,1,0,1,0,"0000000",99,98,99,98,88,88,14,0,0,1,1
48,480152,1,1,0,0,0,1,1,337,0,23,1,2016,7,5,40,1,1,3,98,2,"US-82","",255,33.72241111,-97.56275,0,42,0,0,1,1,0,4,2,1,0,1,0,"0000000",99,98,99,98,88,88,0,0,0,1,0
48,480153,1,1,0,0,0,1,1,163,0,24,1,2016,1,20,45,0,1,5,98,8,"FM 117","",150,28.71131944,-99.20933056,0,1,0,0,1,1,0,4,2,1,0,1,0,"0000000",99,99,99,99,99,99,0,0,0,1,1
48,480154,1,1,0,1,1,1,1,201,0,24,1,2016,1,14,50,0,8,98,98,4,"CR-T C JESTERBLVD","",0,29.99758056,-95.48083056,0,8,0,0,1,1,0,1,1,1,0,1,0,"0000000",99,98,99,98,88,88,0,0,0,1,0
48,480155,3,1,2,2,2,1,1,245,490,24,1,2016,1,22,3,1,2,1,1,1,"I-10","",13,30.08456944,-94.13602778,0,14,0,0,1,1,0,2,3,1,0,1,0,"0000000",99,99,99,99,99,99,15,23,14,1,1
48,480156,1,1,0,1,1,1,1,439,2450,25,1,2016,2,11,0,0,8,98,98,6,"GILA BEND LN","BEACH ST",0,32.88858889,-97.2895,0,8,0,0,3,3,0,1,1,1,0,1,0,"0000000",99,98,99,98,88,88,0,0,0,1,0
48,480157,2,2,0,0,0,2,2,29,0,26,1,2016,3,22,24,1,1,1,1,1,"I-35","",76,29.26468056,-98.70121944,0,12,2,0,1,1,0,1,2,1,0,1,0,"0000000",22,49,23,9,23,35,0,0,0,1,0
48,480159,2,2,0,1,1,2,2,201,0,26,1,2016,3,19,9,0,8,98,98,4,"CR-ALDINE BENDER RD","",0,29.93334722,-95.37440556,0,8,0,0,1,1,0,1,2,2,0,2,0,"0000000",99,98,99,98,88,88,0,0,0,1,0
48,480160,1,1,0,1,1,1,1,167,1920,5,1,2016,3,22,33,1,2,1,1,1,"I-45/GULF FWY","",125,29.45217222,-95.07934444,0,8,0,0,1,1,0,1,2,1,0,1,0,"0000000",99,98,99,98,88,88,0,0,0,1,0
48,480161,1,1,0,1,1,1,1,167,2570,7,1,2016,5,17,10,1,2,3,98,8,"FM 3005 SEAWALL BLVD","69TH ST",5,29.26246111,-94.83379167,0,8,0,0,2,3,0,1,1,1,0,1,0,"0000000",99,99,99,99,99,99,0,0,0,1,0
48,480162,1,1,0,0,0,1,1,37,0,10,1,2016,1,3,38,1,1,1,1,1,"I-30","",297,33.46661389,-94.21801667,0,52,0,1,19,1,0,8,2,10,0,10,0,"0000000",99,98,99,98,88,88,0,0,0,1,0
48,480163,2,2,0,0,0,2,2,121,4960,12,1,2016,3,15,14,1,2,1,1,1,"I-35 W","SR-114",30,33.02651389,-97.27271111,0,12,6,1,2,2,0,1,1,1,0,1,0,"0000000",99,98,99,98,88,88,0,0,0,1,0
48,480164,2,2,0,0,0,3,3,371,2440,12,1,2016,3,17,14,1,2,3,98,8,"BI-10 G DICKINSON BLVD","SYCAMORE DR",17,30.89405556,-102.90894722,0,12,6,0,2,2,0,1,1,1,0,1,0,"0000000",17,14,17,17,17,33,0,0,0,1,0
48,480165,1,1,0,1,1,1,1,409,5450,12,1,2016,3,13,49,1,2,2,98,2,"US-181","",262,27.91503889,-97.28769722,0,8,0,0,1,1,2,3,1,1,0,1,0,"0000000",99,98,99,98,88,88,0,0,0,1,0
48,480166,2,2,0,0,0,2,2,39,130,13,1,2016,4,16,48,0,2,4,98,8,"FM 1462","",120,29.39325278,-95.27633611,0,12,1,0,1,1,1,1,1,1,0,1,0,"0000000",16,51,16,57,17,39,0,0,0,1,0
48,480167,2,2,0,0,0,2,2,227,0,13,1,2016,4,17,52,1,1,3,98,2,"US-87","CR-34",151,32.35555278,-101.51869722,0,12,6,0,2,2,0,1,1,1,0,1,0,"0000000",17,55,18,1,18,22,0,0,0,1,0
48,480168,1,1,0,0,0,1,1,471,0,13,1,2016,4,4,15,0,1,5,98,3,"SR-75","",53,30.81603889,-95.72331111,0,42,0,0,1,1,0,4,2,1,0,1,0,"0000000",99,98,99,98,88,88,0,0,0,1,0
48,480169,1,1,0,0,0,1,1,201,3280,14,1,2016,5,12,15,0,8,98,98,6,"WESTPARK DR","",0,29.72270556,-95.54968889,0,33,0,0,1,1,0,3,1,10,0,10,0,"0000000",12,27,12,33,13,22,0,0,0,1,0
48,480170,1,1,0,0,0,1,1,393,0,14,1,2016,5,9,11,0,1,5,98,8,"RM 282","",191,35.68947222,-100.68564444,0,38,0,0,1,1,0,5,9,1,0,1,0,"0000000",99,98,99,98,88,88,0,0,0,1,0
48,480171,1,1,0,1,1,1,1,291,0,15,1,2016,6,8,33,0,8,98,98,4,"CR-2176","",0,30.41615556,-94.93311944,0,9,0,0,1,1,0,1,1,1,0,1,0,"0000000",99,98,99,98,88,88,0,0,0,1,0
48,480172,1,1,0,1,1,1,1,29,6090,19,1,2016,3,8,45,0,8,98,98,6,"NORTHWESTERN","",0,29.46493333,-98.62600556,0,8,0,0,1,1,0,1,1,10,0,10,0,"0000000",8,45,8,50,9,12,0,0,0,1,0
48,480174,1,1,0,1,1,1,1,61,0,21,1,2016,5,0,0,0,1,5,98,8,"FM 2520","",47,26.07472222,-97.68312778,0,8,0,0,1,1,0,2,2,1,0,1,0,"0000000",99,98,99,98,88,88,0,0,0,1,0
48,480175,1,1,0,0,0,3,3,201,3280,21,1,2016,5,23,0,1,2,1,1,1,"I-10 EAST FWY","",379,29.77141944,-95.19913056,0,25,0,0,1,1,0,10,3,1,0,1,0,"0000000",23,2,23,22,23,42,0,0,0,2,1
48,480176,1,1,0,0,0,1,1,37,0,22,1,2016,6,23,15,0,1,6,98,8,"FM 44","",19,33.45134722,-94.62459167,0,42,0,0,1,1,0,4,2,1,0,1,0,"0000000",23,19,23,37,1,5,0,0,0,1,1
48,480177,1,1,0,0,0,1,1,73,3470,22,1,2016,6,20,20,0,8,98,98,6,"PINEDA ST","",0,31.94935,-95.29056944,0,42,0,0,1,1,0,4,2,1,0,1,0,"0000000",99,98,99,98,88,88,0,0,0,1,0
48,480178,1,1,0,0,0,2,2,113,3420,22,1,2016,6,4,10,1,2,1,1,1,"I-635","MACARTHUR BLVD",40,32.91558889,-96.958475,0,21,0,1,19,1,0,3,2,1,0,1,0,"0000000",4,12,4,19,4,53,0,0,0,1,1
48,480179,1,1,0,0,0,1,1,255,0,22,1,2016,6,18,10,0,1,6,98,8,"FM 627","",105,28.963675,-97.73680278,0,59,0,0,1,1,0,4,1,1,0,1,0,"0000000",18,30,18,55,19,31,0,0,0,1,0
48,480180,1,1,0,1,1,6,6,113,1730,23,1,2016,7,21,10,1,2,1,1,1,"I-635","COIT RD",66,32.92486667,-96.76928333,0,8,0,1,3,2,0,1,3,1,0,1,0,"0000000",99,99,99,99,99,99,0,0,0,1,0
48,480181,1,1,0,0,0,4,4,113,2800,23,1,2016,7,3,10,0,8,98,98,6,"FORUM DR","",0,32.68406111,-97.03400833,0,33,0,0,1,1,0,4,3,1,0,1,0,"0000000",3,20,3,29,3,55,0,0,0,1,1
48,480182,2,2,0,0,0,8,8,201,3280,23,1,2016,7,18,19,1,2,1,1,7,"I-69/US-59 SOUTHWEST FWY","WESTPARK DR",139,29.72368333,-95.49080556,0,12,6,1,2,2,0,1,1,1,0,1,0,"0000000",18,31,18,34,18,52,0,0,0,1,0
48,480183,1,1,0,1,1,1,1,201,3280,23,1,2016,7,22,7,0,8,98,98,6,"BELLAIRE BLVD","RANCHESTER DR",0,29.70483333,-95.54536667,0,8,0,0,2,3,0,1,3,1,0,1,0,"0000000",22,7,22,11,22,22,0,0,0,1,0
48,480184,1,1,0,0,0,1,1,251,0,23,1,2016,7,3,38,0,1,5,98,8,"PR-21","",8,32.26258333,-97.54363333,0,1,0,0,1,1,0,4,2,1,0,1,0,"0000000",99,98,99,98,88,88,0,0,0,1,1
48,480185,1,1,0,0,0,3,3,201,4821,24,1,2016,1,2,28,1,2,3,98,8,"NASA PKWY","",74,29.55563889,-95.07706667,0,59,0,0,1,1,0,3,3,1,0,1,0,"0000000",99,99,99,99,99,99,0,0,0,1,1
48,480186,2,2,0,0,0,4,4,251,1030,24,1,2016,1,10,4,1,2,1,1,1,"I-35 W","",223,32.54564722,-97.315575,0,12,1,0,1,1,0,1,1,1,0,1,0,"0000000",10,6,10,11,99,99,0,0,0,1,0
48,480187,1,1,0,1,1,1,1,7,5890,25,1,2016,2,19,26,0,2,4,98,3,"SR-35/BS 35 L","",3,28.04965556,-97.07128611,0,8,0,0,1,1,0,2,2,1,0,1,0,"0000000",99,98,99,98,88,88,0,0,0,1,0
48,480188,2,2,0,0,0,3,3,135,0,25,1,2016,2,20,17,0,8,98,98,4,"CR-3RD ST","DAMASCUS",0,31.807875,-102.51255278,0,12,6,0,2,2,0,1,2,1,0,1,0,"0000000",99,98,99,98,88,88,0,0,0,1,0
48,480189,1,1,0,0,0,1,1,9,0,25,1,2016,2,10,40,0,1,6,98,8,"FM 1836","",80,32.53936667,-96.19255278,0,59,0,0,1,1,0,4,1,1,0,1,0,"0000000",99,98,99,98,88,88,0,0,0,1,1
48,480190,2,2,0,0,0,3,3,123,0,26,1,2016,3,6,47,0,1,5,98,3,"SR-72","",57,29.02529722,-97.43858333,0,12,2,0,1,1,0,1,1,10,0,10,0,"0000000",7,0,7,6,8,14,0,0,0,1,0
48,480191,2,2,0,1,1,2,2,201,480,26,1,2016,3,3,29,1,2,2,98,8,"BS146E","",46,29.72173889,-94.96176944,0,8,0,0,1,1,0,1,2,10,0,10,0,"0000000",99,98,99,98,88,88,0,0,0,1,0
48,480192,3,3,0,0,0,7,7,231,0,26,1,2016,3,16,38,0,1,4,98,3,"SR-34","",35,32.94000278,-96.11129722,0,12,8,0,1,1,0,1,1,10,0,10,0,"0000000",16,40,16,59,17,38,0,0,0,1,0
48,480193,1,1,0,1,1,1,1,29,6090,27,1,2016,4,3,13,1,2,2,98,7,"SL1604","",25,29.58363889,-98.63964444,0,8,0,0,1,1,0,1,2,1,0,1,0,"0000000",99,98,99,98,88,88,0,0,0,1,0
48,480195,2,2,0,0,0,2,2,133,0,27,1,2016,4,15,27,0,1,4,98,8,"FM2214","",139,32.27615833,-98.57864167,0,12,2,0,1,1,1,1,1,1,0,1,0,"0000000",15,42,15,56,16,55,0,0,0,1,0
48,480196,1,1,0,1,1,1,1,199,0,27,1,2016,4,4,50,0,1,4,98,8,"FM418","",49,30.39724722,-94.24223889,0,8,0,0,1,1,0,1,2,1,0,1,0,"0000000",99,98,99,98,88,88,0,0,0,1,0
48,480197,1,1,0,1,1,1,1,29,6090,28,1,2016,5,23,59,1,2,3,98,8,"SL368 AUSTIN HWY","",135,29.49078056,-98.44006111,0,8,0,0,1,1,0,1,2,1,0,1,0,"0000000",99,98,99,98,88,88,0,0,0,1,0
48,480198,1,1,0,1,1,1,1,135,0,28,1,2016,5,21,10,0,2,5,98,8,"FM3472","",19,31.84641111,-102.41160556,0,8,0,0,1,1,0,1,3,1,0,1,0,"0000000",21,13,21,16,21,30,23,0,0,1,0
48,480199,2,2,0,0,0,2,2,199,0,28,1,2016,5,6,0,0,1,5,98,8,"FM1003","FM1293",2,30.39374722,-94.43202778,0,12,6,0,2,3,0,1,2,1,0,1,0,"0000000",99,99,99,99,99,99,0,0,0,1,0
48,480200,2,2,0,0,0,2,2,5,0,29,1,2016,6,6,10,1,1,3,98,2,"US-69","",22,31.12750278,-94.42874444,0,12,2,0,1,1,0,1,2,1,0,1,0,"0000000",99,98,99,98,88,88,0,0,0,2,0
48,480201,1,1,0,0,0,1,1,113,1730,29,1,2016,6,23,4,1,2,1,1,1,"I-30 RAMP/RL THORNTON FWY","",48,32.77831667,-96.78188889,0,21,0,1,19,1,0,4,3,1,0,1,0,"0000000",99,98,99,98,88,88,0,0,0,1,0
48,480202,1,1,0,0,0,8,8,127,0,29,1,2016,6,19,35,0,1,6,98,8,"FM 1407","",73,28.59796944,-99.85531944,0,1,0,0,1,1,0,4,2,1,0,1,0,"0000000",19,30,19,40,20,25,0,0,0,1,0
48,480203,1,1,0,0,0,1,1,157,4655,29,1,2016,6,17,57,1,2,3,98,3,"SR-6","",76,29.54846389,-95.55013889,0,42,0,0,1,1,0,4,1,1,0,1,0,"0000000",18,1,18,6,18,33,0,0,0,1,0
48,480204,1,1,0,1,1,1,1,201,3280,29,1,2016,6,3,50,1,2,1,1,7,"I-45","",305,29.84946389,-95.39521667,0,8,0,0,1,1,0,1,3,1,0,1,0,"0000000",99,98,99,98,88,88,0,0,0,1,0
48,480205,1,1,0,1,1,1,1,201,3280,29,1,2016,6,6,40,0,8,98,98,6,"DAIRY ASHFORD RD","",0,29.73444722,-95.60566389,0,8,0,0,1,1,0,1,3,1,0,1,0,"0000000",6,43,6,47,7,26,0,0,0,1,0
48,480206,1,1,0,1,1,2,2,439,2450,29,1,2016,6,21,29,1,2,3,98,8,"SS-580/CAMP BOWIE BLVD","",47,32.72449167,-97.47186667,0,1,0,0,1,1,0,4,3,1,0,1,0,"0000000",21,32,21,56,22,34,0,0,0,1,0
48,480207,2,2,0,0,0,3,3,439,2800,29,1,2016,6,8,53,1,2,1,1,1,"I-20","",128,32.67650833,-97.04831389,0,12,6,1,18,1,0,1,1,1,0,1,0,"0000000",99,98,99,98,88,88,0,0,0,1,0
48,480208,1,1,0,1,1,2,2,441,30,29,1,2016,6,15,18,0,8,98,98,6,"GRAPE ST","16TH ST",0,32.46799167,-99.73984167,0,9,0,0,2,2,0,1,1,1,0,1,0,"0000000",15,21,15,21,15,32,0,0,0,1,0
48,480209,1,1,0,0,0,1,1,499,0,29,1,2016,6,12,15,0,1,5,98,8,"FM 14","",184,32.64803889,-95.22105,0,42,0,0,1,1,0,5,1,1,0,1,0,"0000000",99,98,99,98,88,88,0,0,0,1,0
48,480210,1,1,0,0,0,3,3,51,0,30,1,2016,7,21,50,0,1,6,98,8,"FM 1362","",139,30.63723056,-96.63243889,0,11,0,0,1,1,0,1,2,1,0,1,0,"0000000",22,9,22,29,23,6,0,0,0,1,0
48,480211,1,1,0,0,0,1,1,85,4155,30,1,2016,7,12,40,0,8,98,98,4,"CR-263 LUCAS RD","",0,33.0855,-96.6119,0,5,0,0,1,1,0,2,1,1,0,1,0,"0000000",12,55,13,5,13,24,2,0,0,1,0
48,480213,1,1,0,1,1,2,2,113,2590,30,1,2016,7,20,3,0,8,98,98,6,"KINGSLEY RD","",0,32.87883889,-96.66539722,0,8,0,0,1,1,0,1,3,1,0,1,0,"0000000",99,98,99,98,88,88,0,0,0,1,0
48,480214,2,2,0,0,0,2,2,113,2800,30,1,2016,7,0,45,1,2,1,1,1,"I-30 TOM LANDRY FWY","",14,32.75963056,-97.0118,0,12,1,0,1,1,0,1,2,1,0,1,0,"0000000",0,48,0,58,1,58,23,0,0,1,0
48,480215,2,2,0,0,0,2,2,143,0,30,1,2016,7,10,20,1,1,3,98,2,"US-67","CR-195",73,32.16288056,-98.28408056,0,12,6,0,2,2,0,1,1,1,0,1,0,"0000000",99,99,99,99,99,99,0,0,0,1,0
48,480216,1,1,0,1,1,1,1,201,0,30,1,2016,7,23,25,0,8,98,98,4,"CR-THOMPSON RD","",0,29.78860278,-95.03186111,0,8,0,0,1,1,0,1,2,1,0,1,0,"0000000",99,98,99,98,88,88,0,0,0,1,0
48,480217,1,1,0,1,1,1,1,201,3280,30,1,2016,7,4,18,0,2,3,98,8,"FM1960","",341,30.01761944,-95.11740556,0,9,0,0,1,1,0,1,2,1,0,1,0,"0000000",99,98,99,98,88,88,0,0,0,1,0
48,480218,1,1,0,0,0,1,1,201,3280,30,1,2016,7,2,47,1,2,1,1,1,"I-45 NORTH FWY RAMP","",370,29.93986111,-95.41496111,0,26,0,1,5,1,0,4,3,1,0,1,0,"0000000",99,98,99,98,88,88,0,0,0,1,1
48,480219,1,1,0,1,1,3,3,201,3280,30,1,2016,7,16,44,1,2,3,98,8,"FM526 MAXEY RD","",28,29.77606389,-95.21835556,0,8,0,0,1,1,0,1,1,1,0,1,0,"0000000",99,98,99,98,88,88,0,0,0,1,0
48,480220,1,1,0,0,0,1,1,419,0,30,1,2016,7,23,30,0,1,5,98,8,"FM2694","",73,31.772,-93.9407,0,42,0,0,1,1,0,4,2,1,0,1,0,"0000000",99,98,99,98,88,88,0,0,0,1,1
48,480221,1,1,0,1,1,1,1,453,330,30,1,2016,7,20,1,1,2,3,98,8,"SL-275 LAMAR BLVD","",27,30.40020833,-97.67927222,0,15,0,0,1,1,0,1,3,1,0,1,0,"0000000",20,1,20,11,20,27,0,0,0,1,0
48,480222,2,2,0,0,0,3,3,39,0,31,1,2016,1,2,48,1,1,3,98,3,"SR-36","",242,29.02123611,-95.55624167,0,12,6,0,8,1,0,1,2,1,0,1,0,"0000000",2,46,3,8,4,6,0,0,0,1,1
48,480223,1,1,0,0,0,1,1,425,0,31,1,2016,1,14,11,1,1,3,98,2,"US-67","",79,32.18713333,-97.86917222,0,1,0,0,1,1,0,1,1,1,0,1,0,"0000000",99,98,99,98,88,88,0,0,0,1,0
48,480224,2,2,0,0,0,2,2,221,0,31,1,2016,1,13,23,0,1,5,98,8,"FM 4","",84,32.463525,-97.810525,0,12,2,0,1,1,0,1,1,1,0,1,0,"0000000",99,98,99,98,88,88,0,0,0,1,1
48,480225,1,1,0,0,0,1,1,491,0,31,1,2016,1,14,13,0,1,5,98,8,"FM 112","",181,30.47895556,-97.17867778,0,1,0,0,1,1,0,4,1,1,0,1,0,"0000000",99,98,99,98,88,88,0,0,0,1,0
48,480226,1,1,0,1,1,0,0,439,2450,22,1,2016,6,16,12,0,8,98,98,6,"INTERMODAL PKWY","",0,32.98979722,-97.34425556,0,8,0,0,1,1,0,1,1,1,0,1,0,"0000000",99,98,99,98,88,88,23,0,0,1,0
48,480227,1,1,0,1,1,0,0,99,0,23,1,2016,7,14,39,0,8,98,98,4,"CR-CALHOUN RD","",0,31.51343056,-98.06178611,0,8,0,0,4,1,0,1,1,1,0,1,0,"0000000",99,98,99,98,88,88,0,0,0,1,0
48,480228,2,2,0,0,0,3,3,453,330,24,1,2016,1,6,51,1,2,1,1,1,"I-35","",209,30.30705833,-97.71202778,0,12,1,0,1,1,0,1,3,1,0,1,0,"0000000",6,54,7,2,7,15,0,0,0,1,0
48,480229,1,1,0,1,1,1,1,201,3280,25,1,2016,2,5,50,1,2,1,1,7,"I-69/US-59 SOUTHWEST FWY","WESTPARK DR",139,29.72396111,-95.49170278,0,9,0,1,3,2,0,1,4,10,0,10,0,"0000000",5,57,6,7,6,16,0,0,0,1,0
48,480230,2,2,0,0,0,2,2,29,6090,26,1,2016,3,16,36,0,8,98,98,6,"BABCOCK RD","HOLLYHOCK RD",0,29.53391667,-98.60629167,0,12,6,0,2,2,0,1,1,2,0,2,0,"0000000",99,99,99,99,99,99,0,0,0,1,0
48,480231,2,2,0,0,0,2,2,183,7445,26,1,2016,3,23,22,1,2,3,98,2,"US-80","",78,32.51226944,-94.8303,0,12,2,0,1,1,0,1,3,1,0,1,0,"0000000",23,30,23,37,0,39,0,0,0,1,1
48,480232,2,2,0,0,0,7,7,113,4530,27,1,2016,4,11,26,1,2,1,1,1,"I-20","",33,32.70368889,-96.57096389,0,12,6,0,1,1,0,1,1,1,0,1,0,"0000000",99,99,99,99,99,99,0,0,0,1,0
48,480233,1,1,0,0,0,2,2,201,5230,27,1,2016,4,3,20,0,8,98,98,6,"VISTA RD","",0,29.65785278,-95.16251111,0,33,0,0,1,1,0,4,3,1,0,1,0,"0000000",3,30,3,51,4,13,0,0,0,1,1
48,480234,3,3,0,0,0,3,3,167,3220,29,1,2016,6,6,47,0,2,4,98,8,"FM 2004","",100,29.31729167,-95.07391111,0,12,1,0,1,1,0,1,4,1,0,1,0,"0000000",99,99,99,99,99,99,0,0,0,1,0
48,480235,1,1,0,1,1,4,4,201,3280,29,1,2016,6,17,15,0,8,98,98,6,"BROADLEAF ST","",0,30.07298056,-95.1771,0,9,0,0,1,1,0,1,1,1,0,1,0,"0000000",99,98,99,98,88,88,0,0,0,1,0
48,480236,1,1,0,0,0,1,1,219,0,30,1,2016,7,12,27,0,1,4,98,3,"SR-114","",198,33.593025,-102.28050556,0,1,0,0,1,1,0,3,1,1,0,1,0,"0000000",12,24,12,32,13,11,0,0,0,1,0
48,480237,1,1,0,1,1,1,1,257,9997,30,1,2016,7,1,4,1,2,1,1,1,"I-20","",16,32.69738611,-96.48078889,0,8,0,0,1,1,0,1,2,1,0,1,0,"0000000",99,99,99,99,88,88,0,0,0,1,0
48,480238,1,1,0,0,0,1,1,257,0,31,1,2016,1,15,5,0,1,4,98,8,"FM 740","",52,32.69006389,-96.51176667,0,1,0,0,1,1,0,1,1,1,0,1,0,"0000000",99,98,99,98,88,88,0,0,0,1,0
48,480239,1,1,0,0,0,1,1,321,0,31,1,2016,1,6,55,0,1,4,98,3,"SR-71","",42,28.96971944,-96.20848889,0,58,0,0,1,1,0,4,2,10,0,10,0,"0000000",99,98,99,98,88,88,0,0,0,1,1
48,480240,2,2,0,0,0,3,3,363,0,31,1,2016,1,14,0,0,1,4,98,2,"US-281","PARK RD",95,32.86901667,-98.09419167,0,12,6,0,3,2,0,1,1,1,0,1,0,"0000000",14,5,14,11,14,43,0,0,0,1,0
48,480241,2,2,0,0,0,4,4,435,0,31,1,2016,1,16,12,0,1,5,98,8,"RM864","",29,30.58658056,-100.55325278,0,12,6,0,8,1,0,1,1,1,0,1,0,"0000000",99,99,99,99,99,99,0,0,0,1,0
48,480242,2,2,0,0,0,2,2,439,6485,31,1,2016,1,15,18,1,2,2,98,3,"SR-114 NORTHWEST PKWY","",29,32.96197222,-97.15285278,0,12,1,0,1,1,0,1,1,1,0,1,0,"0000000",15,23,15,35,15,42,0,0,0,1,0
48,480243,3,3,0,0,0,5,5,471,0,31,1,2016,1,21,49,1,1,1,1,1,"I-45","",72,30.61599722,-95.50684722,0,12,2,0,1,1,0,1,2,1,0,1,0,"0000000",21,56,22,6,22,46,0,0,0,1,1
48,480244,1,1,0,0,0,1,1,29,6090,1,2,2016,2,17,53,1,2,1,1,1,"I-35RAMP","",123,29.32296944,-98.60105,0,59,0,1,5,1,0,3,1,1,0,1,0,"0000000",99,98,99,98,88,88,0,0,0,1,0
48,480245,2,2,0,0,0,2,2,203,0,1,2,2016,2,19,34,1,1,3,98,2,"US-59","FM2625",196,32.43272778,-94.34653889,0,12,6,0,2,2,0,1,2,1,0,1,0,"0000000",99,98,99,98,88,88,0,0,0,1,1
48,480246,3,3,0,0,0,4,4,339,0,1,2,2016,2,11,30,1,1,3,98,3,"SR-249","CR-HARDIN STORE RD",355,30.13461944,-95.65403611,0,12,6,0,2,2,0,1,1,1,0,1,0,"0000000",99,99,99,99,99,99,0,0,0,1,0
48,480248,1,1,0,1,1,1,1,29,6090,2,2,2016,3,18,45,0,8,98,98,6,"DONOP RD","",0,29.29652222,-98.38492778,0,8,0,0,1,1,0,1,2,1,0,1,0,"0000000",18,50,19,13,19,36,0,0,0,1,0
48,480249,1,1,0,1,1,1,1,201,3280,2,2,2016,3,18,30,0,8,98,98,6,"TIDWELL RD","",0,29.84975556,-95.27918611,0,8,0,0,1,1,0,1,3,1,0,1,0,"0000000",99,98,99,98,88,88,0,0,0,1,0
48,480250,1,1,0,1,1,1,1,201,3280,2,2,2016,3,23,16,0,8,98,98,6,"HOUSTON ROSSLYN RD","TALL WILLOW RD",0,29.86771944,-95.48808333,0,8,0,0,1,1,0,1,3,10,0,10,0,"0000000",99,98,99,98,88,88,0,0,0,1,0