"STATE","ST_CASE","VE_TOTAL","VE_FORMS","PVH_INVL","PEDS","PERNOTMVIT","PERMVIT","PERSONS","COUNTY","CITY","DAY","MONTH","YEAR","DAY_WEEK","HOUR","MINUTE","NHS","RUR_URB","FUNC_SYS","RD_OWNER","ROUTE","TWAY_ID","TWAY_ID2","MILEPT","LATITUDE","LONGITUD","SP_JUR","HARM_EV","MAN_COLL","RELJCT1","RELJCT2","TYP_INT","WRK_ZONE","REL_ROAD","LGT_COND","WEATHER1","WEATHER2","WEATHER","SCH_BUS","RAIL","NOT_HOUR","NOT_MIN","ARR_HOUR","ARR_MIN","HOSP_HR","HOSP_MN","CF1","CF2","CF3","FATALS","DRUNK_DR"
48,480251,1,1,0,1,1,1,1,439,2450,2,2,2016,3,22,15,1,2,2,98,2,"US-287 MLK JR FWY","",254,32.702725,-97.265825,0,8,0,0,1,1,0,1,3,1,0,1,0,"0000000",99,98,99,98,88,88,0,0,0,1,0
48,480252,2,2,0,0,0,2,2,453,0,2,2,2016,3,5,41,0,2,5,98,8,"FM812","",28,30.13988333,-97.6636,0,12,6,0,1,1,0,1,3,1,0,1,0,"0000000",5,41,5,47,6,42,0,0,0,1,0
48,480254,1,1,0,0,0,1,1,113,1730,3,2,2016,4,12,44,0,8,98,98,6,"HAMPTON RD","",0,32.64994167,-96.85712778,0,30,0,0,1,1,0,3,1,1,0,1,0,"0000000",99,99,99,99,99,99,0,0,0,1,0
48,480255,1,1,0,0,0,2,2,167,6860,3,2,2016,4,19,38,1,2,2,98,3,"SR-146","",43,29.49213611,-94.99115833,0,38,0,0,1,1,0,5,2,1,0,1,0,"0000000",19,38,19,49,99,99,0,0,0,1,0
48,480256,1,1,0,0,0,1,1,215,5330,3,2,2016,4,21,38,1,2,1,1,1,"I-2/US-287","",274,26.20683611,-98.1834,0,1,0,1,18,1,0,1,3,1,0,1,0,"0000000",21,38,21,43,22,9,28,0,0,1,0
48,480257,1,1,0,1,1,1,1,251,1370,3,2,2016,4,18,40,0,8,98,98,6,"GRANBURY ST","GRAHAM ST",0,32.35493889,-97.39848611,0,8,0,0,3,3,0,1,2,1,0,1,0,"0000000",18,45,19,6,19,24,0,0,0,1,0
48,480258,1,1,0,0,0,1,1,113,3420,4,2,2016,5,19,34,1,2,1,1,7,"I-635 LBJ FWY","",58,32.92249722,-96.98803611,0,1,0,0,5,1,0,10,2,1,0,1,0,"0000000",99,98,99,98,88,88,0,0,0,1,1
48,480259,1,1,0,1,1,1,1,157,0,4,2,2016,5,20,2,0,2,4,98,8,"FM1464","CR-BELFORD BLVD",133,29.66271944,-95.68656389,0,8,0,0,3,2,0,1,2,1,0,1,0,"0000000",20,24,20,37,21,1,0,0,0,1,0
48,480260,1,1,0,0,0,1,1,187,6290,4,2,2016,5,13,51,1,2,1,1,1,"I-10 JUAN SEGUIN HWY","",134,29.58708333,-97.98891111,0,23,0,1,19,1,0,4,1,1,0,1,0,"0000000",99,98,99,98,88,88,0,0,0,1,0
48,480261,1,1,0,1,1,2,2,201,3280,4,2,2016,5,6,9,0,8,98,98,6,"HILLCROFT","",0,29.65733611,-95.49193889,0,8,0,0,1,1,0,1,2,1,0,1,0,"0000000",6,9,6,16,6,37,0,0,0,1,0
48,480262,2,2,0,0,0,3,3,375,150,4,2,2016,5,2,12,0,8,98,98,6,"GEORGIA ST","",0,35.19961111,-101.86627778,0,12,1,0,1,1,0,1,3,1,0,1,0,"0000000",99,98,99,98,88,88,0,0,0,1,0
48,480263,2,2,0,0,0,3,3,455,0,4,2,2016,5,17,58,0,1,4,98,8,"FM356","CR-CAMP BRANCH RD",122,30.87083611,-95.20545556,0,12,6,0,2,3,0,1,1,1,0,1,0,"0000000",99,99,99,99,99,99,0,0,0,1,0
48,480264,1,1,0,0,0,1,1,29,6090,5,2,2016,6,1,43,1,2,2,98,2,"US-90","",68,29.40413056,-98.54917778,0,20,0,0,5,1,0,4,3,1,0,1,0,"0000000",99,99,99,99,99,99,0,0,0,1,1
48,480265,2,1,1,0,1,3,4,61,0,5,2,2016,6,8,15,0,1,5,98,8,"FM2520 SAM HOUSTON BLVD","",41,26.08049722,-97.67798889,0,14,0,0,1,1,0,2,1,1,0,1,0,"0000000",99,99,99,99,99,99,0,0,0,1,0
48,480266,1,1,0,1,1,1,1,99,0,5,2,2016,6,18,40,0,1,5,98,8,"FM116","",168,31.22791667,-97.91175278,0,49,0,0,1,1,1,1,2,1,0,1,0,"0000000",99,98,99,98,88,88,0,0,0,1,0
48,480267,2,2,0,0,0,3,3,121,1840,5,2,2016,6,11,30,0,2,4,98,2,"US-77/377 LOCUST ST","FM426 PAULINE ST",245,33.21999444,-97.13234167,0,12,6,0,2,3,0,1,1,1,0,1,0,"0000000",11,30,11,34,11,52,0,0,0,1,0
48,480268,1,1,0,1,1,1,1,201,0,5,2,2016,6,21,31,0,8,98,98,4,"CR-BEAMER RD","",0,29.58498889,-95.21344167,0,8,0,0,1,1,0,1,3,1,0,1,0,"0000000",99,98,99,98,88,88,0,0,0,1,0
48,480269,1,1,0,0,0,1,1,303,0,5,2,2016,6,23,50,1,2,3,98,2,"US-87","SL493",77,33.45567778,-101.84392778,0,1,0,0,1,1,0,1,2,1,0,1,0,"0000000",99,98,99,98,88,88,0,0,0,1,1
48,480270,2,2,0,0,0,3,3,347,0,5,2,2016,6,19,50,0,1,4,98,3,"SR-21","",246,31.57322222,-94.56501111,0,12,2,0,1,1,0,1,2,1,0,1,0,"0000000",19,52,20,4,20,31,0,0,0,1,1
48,480271,1,1,0,0,0,2,2,61,3030,6,2,2016,7,17,47,1,2,1,1,7,"I-69E/US-77","",134,26.17753056,-97.70511111,0,33,0,0,5,1,0,4,3,1,0,1,0,"0000000",99,99,99,99,99,99,0,0,0,1,0
48,480272,1,1,0,0,0,2,2,91,4870,6,2,2016,7,23,26,1,2,1,1,7,"I-35","",85,29.69640278,-98.099725,0,33,0,0,1,1,0,4,3,1,0,1,0,"0000000",23,38,23,57,0,21,0,0,0,1,0
48,480273,4,4,0,0,0,10,10,121,1840,6,2,2016,7,18,30,1,2,3,98,2,"US-377/UNIVERSITY DRIVE","MAYHILL RD",41,33.23399167,-97.08247778,0,12,1,0,3,2,0,1,3,1,0,1,0,"0000000",18,32,18,38,19,20,0,0,0,2,0
48,480274,1,1,0,0,0,1,1,201,0,6,2,2016,7,2,20,1,2,2,98,7,"US-90","",85,29.82958056,-95.18248056,0,1,0,0,1,1,0,10,2,1,0,1,0,"0000000",99,98,99,98,88,88,0,0,0,1,1
48,480275,1,1,0,0,0,1,1,201,480,6,2,2016,7,5,59,1,2,1,1,1,"I-10","",489,29.79983889,-95.02508889,0,1,0,0,1,1,0,10,3,2,0,2,0,"0000000",99,98,99,98,88,88,0,0,0,1,0
48,480276,1,1,0,0,0,1,1,251,1370,6,2,2016,7,15,32,0,8,98,98,6,"NOLAN RIVER RD/FM 1111","",0,32.28944444,-97.41153333,0,1,0,0,1,1,0,4,1,10,0,10,0,"0000000",15,34,15,45,16,1,0,0,0,1,0
48,480277,1,1,0,0,0,1,1,257,2430,6,2,2016,7,3,4,0,2,4,98,8,"FM 548","",87,32.72631389,-96.46809167,0,32,0,0,1,1,0,4,2,1,0,1,0,"0000000",3,8,3,15,3,33,0,0,0,1,1
48,480278,2,2,0,0,0,2,2,321,0,6,2,2016,7,3,55,0,1,4,98,3,"SR-71","",49,28.9607,-96.20836944,0,12,2,0,1,1,0,1,2,10,0,10,0,"0000000",99,99,99,99,99,99,0,0,0,1,0
48,480279,1,1,0,0,0,1,1,339,0,6,2,2016,7,15,44,0,1,6,98,8,"FM 1486","",37,30.42403889,-95.79166944,0,31,0,0,1,1,0,4,1,1,0,1,0,"0000000",99,99,99,99,99,99,0,0,0,1,1
48,480280,2,2,0,0,0,3,3,485,0,6,2,2016,7,15,30,0,1,4,98,3,"SR-240","",60,34.05415,-98.52531944,0,12,2,0,1,1,0,1,1,1,0,1,0,"0000000",99,99,99,99,99,99,0,0,0,1,0
48,480281,2,2,0,0,0,2,2,113,1730,7,2,2016,1,4,27,1,2,1,1,1,"I-35E/RL THORNTON FWY","",96,32.68606389,-96.82287778,0,12,1,1,18,1,0,1,2,1,0,1,0,"0000000",99,99,99,99,99,99,0,0,0,1,1
48,480282,1,1,0,0,0,1,1,113,2010,7,2,2016,1,4,1,1,2,2,98,2,"US-67/SG ALEXANDER FWY","",113,32.63523611,-96.897475,0,25,0,0,1,1,0,3,3,1,0,1,0,"0000000",99,98,99,98,88,88,0,0,0,1,1
48,480283,1,1,0,0,0,1,1,113,2800,7,2,2016,1,21,5,1,2,3,98,3,"SR-180/MAIN ST","",1,32.74917222,-96.97545,0,19,0,0,1,1,0,4,3,1,0,1,0,"0000000",99,98,99,98,88,88,0,0,0,1,0
48,480284,1,1,0,0,0,1,1,157,0,7,2,2016,1,7,2,0,1,6,98,8,"FM 1236","",33,29.36886111,-95.870775,0,32,0,0,1,1,0,4,1,10,0,10,0,"0000000",99,98,99,98,88,88,0,0,0,1,1
48,480285,1,1,0,0,0,1,1,223,0,7,2,2016,1,1,58,0,1,5,98,8,"FM 3236","FM 71",13,33.28248056,-95.51703056,0,42,0,0,3,2,0,4,2,1,0,1,0,"0000000",99,98,99,98,88,88,0,0,0,1,0
48,480286,1,1,0,0,0,1,1,315,0,7,2,2016,1,22,32,0,1,5,98,8,"FM 450","",11,32.78373056,-94.67785,0,1,0,0,1,1,0,4,2,1,0,1,0,"0000000",22,38,22,46,23,17,0,0,0,1,1
48,480287,1,1,0,0,0,2,2,423,0,7,2,2016,1,3,56,0,1,5,98,8,"FM 850","",113,32.31213056,-95.08776944,0,42,0,0,1,1,0,4,2,5,0,5,0,"0000000",3,57,4,9,5,36,0,0,0,1,1
48,480288,1,1,0,0,0,1,1,423,7070,7,2,2016,1,23,50,1,2,3,98,2,"US-69/GLENWOOD BLVD","",148,32.33196389,-95.30662222,0,41,0,0,1,1,0,4,3,1,0,1,0,"0000000",23,58,0,6,0,35,0,0,0,1,0
48,480289,2,2,0,0,0,2,2,5,4160,8,2,2016,2,18,33,1,2,3,98,8,"SL 36/OLD MILL RD","SS 336/RAGUET ST",12,31.35313056,-94.74647778,0,12,6,0,2,3,0,1,3,1,0,1,0,"0000000",99,99,99,99,99,99,0,0,0,1,1
48,480290,2,2,0,0,0,3,3,55,0,8,2,2016,2,15,40,1,1,3,98,3,"SR-21","",145,30.01103056,-97.72563056,0,12,6,0,1,1,0,1,1,1,0,1,0,"0000000",99,99,99,99,99,99,0,0,0,1,1
48,480291,1,1,0,1,1,2,2,113,2590,8,2,2016,2,20,48,1,2,1,1,1,"I-635/LBJ FWY","",102,32.84466944,-96.63518889,0,8,0,0,1,1,1,1,2,1,0,1,0,"0000000",99,99,99,99,99,99,0,0,0,1,0
48,480294,2,2,0,0,0,4,4,409,0,8,2,2016,2,7,10,0,8,98,98,4,"CR-798","CR-2349",0,28.085,-97.55661111,0,12,6,0,2,2,0,1,1,1,0,1,0,"0000000",99,99,99,99,99,99,0,0,0,1,0
48,480295,1,1,0,0,0,2,2,439,4965,8,2,2016,2,2,23,0,8,98,98,6,"BEDFORD EULESS RD","",0,32.83428333,-97.21346389,0,46,0,0,1,1,0,3,3,1,0,1,0,"0000000",99,99,99,99,99,99,0,0,0,1,0
48,480296,1,1,0,0,0,1,1,105,0,9,2,2016,3,0,24,0,8,98,98,4,"CR-301","",0,30.81753889,-101.42296944,0,1,0,0,1,1,0,4,2,1,0,1,0,"0000000",99,99,99,99,99,99,0,0,0,1,0
48,480297,2,2,0,0,0,7,7,107,0,9,2,2016,3,9,23,1,1,3,98,2,"US-82","",122,33.67416944,-101.36928056,0,12,1,0,8,1,0,1,1,1,0,1,0,"0000000",99,99,99,99,99,99,0,0,0,3,0
48,480298,1,1,0,3,3,1,1,277,5220,9,2,2016,3,10,26,0,2,4,98,8,"BU 82/BONHAM ST","",61,33.66076944,-95.59440833,0,8,0,0,1,1,1,4,1,1,0,1,0,"0000000",99,99,99,99,99,99,0,0,0,1,1
48,480299,1,1,0,0,0,1,1,313,0,9,2,2016,3,12,6,0,1,5,98,8,"FM 39","",47,30.958,-96.11,0,42,0,0,1,1,0,4,1,1,0,1,0,"0000000",99,98,99,98,88,88,0,0,0,1,0
48,480300,2,2,0,0,0,2,2,331,0,9,2,2016,3,9,5,0,1,5,98,8,"FM 485","",31,30.90991111,-96.95008056,0,12,6,0,1,1,0,1,1,1,0,1,0,"0000000",99,98,99,98,88,88,0,0,0,1,0
48,480301,2,2,0,0,0,3,3,375,150,9,2,2016,3,19,20,0,8,98,98,6,"ADAMS ST","",0,35.2145,-101.848125,0,26,0,0,1,1,0,4,3,10,0,10,0,"0000000",19,21,19,28,19,40,0,0,0,1,0
48,480302,1,1,0,0,0,1,1,439,4965,9,2,2016,3,21,8,1,2,1,1,7,"I-820","IRON HORSE BLVD",217,32.84071389,-97.25138611,0,23,0,1,19,1,0,4,3,1,0,1,0,"0000000",99,99,99,99,99,99,0,0,0,1,0
48,480303,3,3,0,0,0,5,5,27,3690,10,2,2016,4,12,19,1,2,2,98,7,"US- CENTRAL TEXAS EXPY","ROSEWOOD DR",89,31.0761,-97.6883,0,12,6,1,2,2,0,1,1,1,0,1,0,"0000000",99,98,99,98,88,88,0,0,0,1,0
48,480304,1,1,0,0,0,2,2,27,6810,10,2,2016,4,20,26,9,9,99,99,3,"SR-317","",372,31.15047778,-97.43105,0,34,0,0,1,1,1,4,3,1,0,1,0,"0000000",20,26,20,34,20,58,0,0,0,1,0
48,480305,2,1,1,0,0,2,2,113,6260,10,2,2016,4,13,3,0,8,98,98,6,"NETHERLAND DR","",0,32.64420833,-96.55591111,0,30,0,0,1,1,0,4,1,1,0,1,0,"0000000",99,99,99,99,99,99,0,0,0,1,0
48,480306,3,3,0,0,0,5,5,141,2190,10,2,2016,4,10,15,1,2,1,1,1,"I-10","",62,31.91549444,-106.58291667,0,12,1,0,1,1,0,1,1,1,0,1,0,"0000000",10,19,10,31,11,0,28,0,0,2,0
48,480307,2,2,0,0,0,4,4,339,3280,10,2,2016,4,13,55,1,2,1,1,7,"I-69/US-59","KINGWOOD DR",9,30.05256111,-95.25151111,0,12,6,1,2,2,0,1,1,1,0,1,0,"0000000",14,32,14,54,14,58,0,0,0,1,0
48,480308,1,1,0,1,1,1,1,453,330,10,2,2016,4,0,1,0,8,98,98,6,"HEFLIN LN","",0,30.2851,-97.6811,0,8,0,0,1,1,0,1,2,1,0,1,0,"0000000",99,98,99,98,88,88,0,0,0,1,0
48,480309,2,2,0,0,0,2,2,485,0,10,2,2016,4,17,56,1,1,3,98,2,"US-287","",222,33.96168889,-98.63890556,0,12,1,0,1,1,0,1,1,1,0,1,0,"0000000",99,98,99,98,88,88,0,0,0,1,0
48,480310,1,1,0,0,0,1,1,29,6090,11,2,2016,5,13,10,0,8,98,98,6,"JUDSON RD","",0,29.58006667,-98.37385556,0,1,0,0,1,1,0,1,1,1,0,1,0,"0000000",99,98,99,98,88,88,0,0,0,1,0
48,480311,1,1,0,0,0,1,1,113,1730,11,2,2016,5,10,57,1,2,2,98,2,"US-175 CF HAWN FWY","",87,32.68975833,-96.62937778,0,25,0,1,19,1,0,3,1,1,0,1,0,"0000000",12,36,12,44,13,13,0,0,0,1,1
48,480312,1,1,0,2,2,1,1,113,1730,11,2,2016,5,21,16,0,8,98,98,6,"JUPITER RD","CACTUS ST",0,32.86840833,-96.68304722,0,8,0,0,3,3,0,1,3,1,0,1,0,"0000000",99,99,99,99,99,99,0,0,0,1,0
48,480313,1,1,0,0,0,1,1,201,0,11,2,2016,5,4,37,0,8,98,98,4,"CR-LOUETTA RD","",0,30.05039167,-95.47010556,0,32,0,0,1,1,0,4,2,1,0,1,0,"0000000",4,49,5,2,5,32,0,0,0,1,1
48,480314,1,1,0,1,1,2,2,201,0,12,2,2016,6,23,7,0,2,3,98,8,"FM 1960","",167,30.025825,-95.3961,0,8,0,0,1,1,1,1,2,10,0,10,0,"0000000",99,99,99,99,88,88,0,0,0,1,0
48,480315,1,1,0,0,0,1,1,201,3280,12,2,2016,6,21,2,0,8,98,98,6,"AIRPORT BLVD","",0,29.64435556,-95.33166667,0,33,0,0,1,1,0,3,3,1,0,1,0,"0000000",99,98,99,98,88,88,0,0,0,1,0
48,480316,1,1,0,0,0,5,5,251,0,12,2,2016,6,12,33,0,8,98,98,4,"CR-1121","",0,32.33386667,-97.46352222,0,42,0,0,1,1,0,4,1,1,0,1,0,"0000000",99,99,99,99,99,99,0,0,0,1,0
48,480318,2,2,0,0,0,2,2,303,4140,12,2,2016,6,12,29,0,8,98,98,6,"34TH ST","",0,33.56327778,-101.94824444,0,12,6,0,8,1,0,1,1,1,0,1,0,"0000000",12,30,12,38,12,50,0,0,0,1,0
48,480319,1,1,0,0,0,1,1,363,0,12,2,2016,6,5,45,0,1,4,98,2,"US-180","",92,32.71323611,-98.44384444,0,1,0,0,1,1,0,4,2,1,0,1,0,"0000000",99,98,99,98,88,88,0,0,0,1,0
48,480320,2,2,0,0,0,2,2,29,6090,13,2,2016,7,3,40,1,2,2,98,2,"US-281","",217,29.49218333,-98.48350556,0,12,1,0,1,1,0,1,3,1,0,1,0,"0000000",99,98,99,98,88,88,0,0,0,1,1
48,480321,2,2,0,0,0,2,2,323,2030,13,2,2016,7,1,32,1,2,3,98,2,"US-277 VETERANS BLVD","",290,28.72012222,-100.47660556,0,12,2,0,1,1,0,1,3,1,0,1,0,"0000000",1,34,1,37,1,55,0,0,0,1,0
48,480322,2,2,0,0,0,2,2,459,0,13,2,2016,7,5,35,1,1,3,98,2,"US-271","",83,32.79630833,-94.95160278,0,12,6,0,8,1,0,1,2,1,0,1,0,"0000000",99,98,99,98,88,88,0,0,0,1,0
48,480323,1,1,0,0,0,1,1,29,6090,14,2,2016,1,1,50,0,8,98,98,6,"SOUTHCROSS BLVD","",0,29.37660556,-98.44741389,0,42,0,0,1,1,0,4,3,1,0,1,0,"0000000",99,99,99,99,88,88,0,0,0,1,1
48,480324,1,1,0,0,0,1,1,29,6090,14,2,2016,1,5,45,0,8,98,98,6,"GILLETTE","",0,29.33026389,-98.50749444,0,40,0,0,1,1,0,4,3,1,0,1,0,"0000000",99,99,99,99,88,88,0,0,0,1,1
48,480325,1,1,0,0,0,1,1,325,0,14,2,2016,1,7,0,0,8,98,98,4,"CR-4514","",0,29.31233611,-98.96608333,0,42,0,0,1,1,0,4,4,5,0,5,0,"0000000",99,98,99,98,88,88,0,0,0,1,1
48,480326,2,2,0,0,0,2,2,453,330,14,2,2016,1,2,22,0,8,98,98,6,"BURLESON RD","MCKINNEY FALLS PKWY",0,30.191925,-97.69832222,0,12,2,0,3,2,0,1,3,1,0,1,0,"0000000",99,98,99,98,88,88,0,0,0,1,0
48,480327,1,1,0,0,0,2,2,453,330,14,2,2016,1,2,35,0,8,98,98,6,"COOPER LN","",0,30.19829167,-97.79124444,0,38,0,0,1,1,0,5,2,1,0,1,0,"0000000",2,39,2,44,3,5,0,0,0,1,1
48,480328,1,1,0,0,0,2,2,477,880,16,2,2016,3,5,42,0,8,98,98,6,"CHAPPELL HILL ST","",0,30.16449444,-96.38921944,0,25,0,0,1,1,0,4,2,1,0,1,0,"0000000",5,43,5,48,6,7,0,0,0,1,0
48,480329,2,2,0,0,0,2,2,85,5390,17,2,2016,4,18,14,0,8,98,98,6,"SPRING CREEK PKWY","",263,33.05647778,-96.79743056,0,12,1,0,1,1,0,1,5,1,0,1,0,"0000000",18,14,18,20,18,34,28,0,0,1,1
48,480330,2,2,0,0,0,2,2,201,0,17,2,2016,4,20,53,0,2,4,98,8,"FM 525 ALDINE BENDER RD","",11,29.93059722,-95.30152778,0,33,0,0,1,1,0,4,3,1,0,1,0,"0000000",20,57,21,0,21,46,0,0,0,1,1
48,480331,1,1,0,1,1,1,1,141,2190,8,1,2016,6,19,24,1,2,3,98,3,"SR-20 MESA ST","UNIVERSITY AVE",3,31.77358056,-106.50009167,0,8,0,0,3,2,0,1,3,1,0,1,0,"0000000",19,21,19,26,19,42,0,0,0,1,0
48,480332,1,1,0,0,0,1,1,135,5030,12,1,2016,3,17,32,0,8,98,98,6,"DIXIE BLVD","",0,31.84960278,-102.35675833,0,10,0,0,6,1,0,1,1,1,0,1,0,"796249S",99,98,99,98,88,88,0,0,0,1,0
48,480333,2,2,0,0,0,3,3,221,2780,13,1,2016,4,18,50,0,1,5,98,8,"FM 167 FALL CREEK HWY","BRANNON CT",115,32.45301389,-97.68729722,0,12,2,0,1,1,0,1,2,1,0,1,0,"0000000",18,53,19,13,19,36,0,0,0,1,1
48,480334,2,2,0,0,0,3,3,85,5390,20,1,2016,4,15,31,1,2,2,98,7,"SR-190 PGB HWY","CUSTER RD",160,33.004225,-96.73252778,0,12,6,1,2,2,0,1,1,10,0,10,0,"0000000",15,31,15,41,16,4,0,0,0,1,0
48,480335,3,3,0,0,0,3,3,259,0,28,1,2016,5,15,34,0,1,4,98,3,"SR-46","",39,29.79716944,-98.66868889,0,1,0,0,8,1,0,1,1,1,0,1,0,"0000000",99,98,99,98,88,88,0,0,0,1,0
48,480336,2,2,0,0,0,3,3,123,1670,31,1,2016,1,14,28,1,1,3,98,2,"US-183","",144,29.12238056,-97.27864167,0,31,0,0,1,1,0,4,1,1,0,1,0,"0000000",14,30,14,32,14,50,0,0,0,1,0
48,480337,3,3,0,0,0,4,4,453,0,31,1,2016,1,23,18,0,1,4,98,8,"FM 812","",55,30.11471389,-97.62830278,0,12,6,0,1,1,0,1,2,1,0,1,0,"0000000",99,98,99,98,88,88,0,0,0,1,1
48,480338,1,1,0,0,0,2,2,273,0,12,2,2016,6,22,20,0,8,98,98,4,"CR-2160","",0,27.42095278,-97.90294722,0,38,0,0,1,1,0,5,2,1,0,1,0,"0000000",99,99,99,99,99,99,0,0,0,1,0
48,480339,2,1,1,0,2,4,6,113,2800,4,2,2016,5,16,20,1,2,2,98,3,"SR-190 PGB TURNPIKE RAMP","",265,32.68042222,-97.02424722,0,14,0,1,5,1,0,8,1,1,0,1,0,"0000000",16,21,16,29,16,55,0,0,0,3,0
48,480340,1,1,0,0,0,1,1,283,0,4,2,2016,5,21,23,1,1,1,1,7,"I-35","",201,28.4174,-99.250875,0,34,0,1,19,1,0,10,2,1,0,1,0,"0000000",99,99,99,99,99,99,0,0,0,1,1
48,480341,2,1,1,0,1,1,2,27,0,5,2,2016,6,3,14,1,1,1,1,1,"I-35","",8,30.86902778,-97.58379167,0,14,0,0,1,1,0,2,2,1,0,1,0,"0000000",99,98,99,98,88,88,0,0,0,1,1
48,480342,1,1,0,1,1,1,1,39,130,6,2,2016,7,6,30,0,8,98,98,6,"WILLIS ST","LEE ST",0,29.42456944,-95.248825,0,8,0,0,3,2,0,1,2,1,0,1,0,"0000000",6,47,7,0,7,19,0,0,0,1,0
48,480343,3,3,0,0,0,5,5,339,1510,6,2,2016,7,11,50,0,2,4,98,8,"FM2854","",139,30.3147,-95.5121,0,12,1,0,8,1,0,1,1,1,0,1,0,"0000000",99,99,99,99,99,99,0,0,0,1,0
48,480344,2,2,0,0,0,2,2,51,0,7,2,2016,1,5,50,0,1,4,98,8,"FM50","",228,30.5953,-96.5106,0,12,2,0,1,1,0,1,2,1,0,1,0,"0000000",99,98,99,98,88,88,0,0,0,1,1
48,480345,2,2,0,0,0,5,5,21,0,9,2,2016,3,16,52,0,1,5,98,8,"FM535","",125,29.94023333,-97.23453056,0,12,2,0,1,1,0,1,5,1,0,1,0,"0000000",99,99,99,99,99,99,0,0,0,2,0
48,480346,2,2,0,0,0,3,3,113,2590,9,2,2016,3,19,27,0,8,98,98,6,"BUCKINGHAM RD","OLD MILL RUN",0,32.93062778,-96.65139722,0,12,6,0,2,2,0,1,3,1,0,1,0,"0000000",99,99,99,99,99,99,0,0,0,2,1
48,480347,3,3,0,0,0,3,3,85,92,10,2,2016,4,5,32,1,2,5,98,2,"US-75 CENTRAL EXPY","",21,33.15451667,-96.64698333,0,12,1,1,18,1,1,1,3,1,0,1,0,"0000000",99,98,99,98,88,88,26,0,0,1,1
48,480348,2,2,0,0,0,2,2,365,0,10,2,2016,4,17,30,1,1,3,98,2,"US-79","FM31",99,32.30364722,-94.16673056,0,12,6,0,2,2,0,1,1,1,0,1,0,"0000000",99,98,99,98,88,88,0,0,0,1,0
48,480349,2,2,0,0,0,2,2,41,1440,12,2,2016,6,7,41,0,2,3,98,8,"FM2818 HARVEY MITCHELL PKWY","FM60RAMP",47,30.60306389,-96.36309444,0,12,2,1,2,2,0,1,1,5,0,5,0,"0000000",7,51,7,58,8,21,0,0,0,1,0
48,480350,2,2,0,0,0,2,2,369,2325,12,2,2016,6,12,10,1,1,3,98,2,"US-60","COUNTRY CLUB",7,34.39575,-103.03437778,0,12,6,0,2,3,0,1,1,1,0,1,0,"0000000",99,99,99,99,99,99,0,0,0,1,0
48,480351,2,2,0,0,0,3,3,21,0,13,2,2016,7,15,52,1,1,3,98,2,"US-290","",91,30.29679444,-97.2764,1,12,2,0,1,1,0,1,1,1,0,1,0,"0000000",99,98,99,98,88,88,0,0,0,3,0
48,480352,1,1,0,0,0,2,2,29,6090,13,2,2016,7,16,10,0,8,98,98,6,"WOODSTONE","",0,29.55278333,-98.57789167,0,42,0,0,1,1,0,4,1,1,0,1,0,"0000000",99,99,99,99,99,99,0,0,0,1,0
48,480353,2,2,0,0,0,3,3,29,6090,13,2,2016,7,17,35,1,2,2,98,2,"US-90","",69,29.40383889,-98.54862222,0,12,1,0,1,1,0,1,1,1,0,1,0,"0000000",99,99,99,99,99,99,0,0,0,1,1
48,480354,2,2,0,0,0,2,2,201,3280,13,2,2016,7,5,24,1,2,1,1,1,"I-10/US-90 EAST FWY","",335,29.77693611,-95.27169444,0,12,1,0,1,1,0,1,3,1,0,1,0,"0000000",99,98,99,98,88,88,0,0,0,1,1
48,480355,1,1,0,1,1,4,4,215,7330,13,2,2016,7,3,18,1,2,1,1,1,"I-2/US-83","",420,26.16040833,-97.95697778,0,8,0,0,1,1,0,1,3,1,0,1,0,"0000000",99,99,99,99,99,99,0,0,0,1,0
48,480356,2,2,0,0,0,3,3,273,0,13,2,2016,7,13,23,0,1,5,98,8,"PR22","",13,27.5659,-97.2426,0,12,2,0,1,1,0,1,1,1,0,1,0,"0000000",99,99,99,99,99,99,0,0,0,2,0
48,480357,1,1,0,0,0,1,1,453,0,14,2,2016,1,0,29,0,8,98,98,4,"CR-SHIVELY LN","",0,30.11576667,-97.69792778,0,53,0,0,1,1,0,4,2,1,0,1,0,"0000000",99,98,99,98,88,88,0,0,0,1,1
48,480358,2,2,0,0,0,2,2,29,6090,15,2,2016,2,13,31,1,2,3,98,8,"SL13 WW WHITE BLVD","",101,29.43770833,-98.40537222,0,12,6,0,8,1,0,1,1,1,0,1,0,"0000000",99,99,99,99,99,99,0,0,0,1,0
48,480359,2,2,0,0,0,2,2,29,6090,15,2,2016,2,13,50,1,2,3,98,8,"SL353 NEW LAREDO HWY","",246,29.34247778,-98.57876389,0,12,2,0,8,1,0,1,1,1,0,1,0,"0000000",99,99,99,99,99,99,0,0,0,1,0
48,480360,1,1,0,0,0,2,2,201,3280,15,2,2016,2,22,56,0,8,98,98,6,"SUNNYSIDE ST","",0,29.85685556,-95.39150278,0,38,0,0,1,1,0,5,3,1,0,1,0,"0000000",23,0,23,2,0,30,20,0,0,1,0
48,480362,1,1,0,1,1,1,1,215,4197,15,2,2016,2,20,59,1,2,3,98,8,"FM2220","",126,26.27810556,-98.24953333,0,8,0,0,1,1,0,1,2,10,0,10,0,"0000000",99,98,99,98,88,88,0,0,0,1,0