"STATE","ST_CASE","VE_TOTAL","VE_FORMS","PVH_INVL","PEDS","PERNOTMVIT","PERMVIT","PERSONS","COUNTY","CITY","DAY","MONTH","YEAR","DAY_WEEK","HOUR","MINUTE","NHS","RUR_URB","FUNC_SYS","RD_OWNER","ROUTE","TWAY_ID","TWAY_ID2","MILEPT","LATITUDE","LONGITUD","SP_JUR","HARM_EV","MAN_COLL","RELJCT1","RELJCT2","TYP_INT","WRK_ZONE","REL_ROAD","LGT_COND","WEATHER1","WEATHER2","WEATHER","SCH_BUS","RAIL","NOT_HOUR","NOT_MIN","ARR_HOUR","ARR_MIN","HOSP_HR","HOSP_MN","CF1","CF2","CF3","FATALS","DRUNK_DR"
48,480363,2,2,0,0,0,2,2,405,0,15,2,2016,2,14,20,0,1,6,98,8,"FM3153","",10,31.51435833,-94.02364722,0,12,11,0,1,1,0,1,1,1,0,1,0,"0000000",99,98,99,98,88,88,23,0,0,1,0
48,480364,2,2,0,0,0,3,3,439,364,15,2,2016,2,17,47,0,2,4,98,8,"FM730","",32,32.94790556,-97.54348889,0,12,6,0,1,1,0,1,1,1,0,1,0,"0000000",99,98,99,98,88,88,0,0,0,1,0
48,480365,2,2,0,0,0,2,2,85,0,16,2,2016,3,13,26,0,8,98,98,4,"CR-210","",0,33.35030833,-96.6317,0,12,6,0,1,1,0,4,1,1,0,1,0,"0000000",99,98,99,98,88,88,0,0,0,1,0
48,480366,2,2,0,0,0,2,2,187,0,16,2,2016,3,5,30,0,1,5,98,8,"FM467","",43,29.43528333,-98.05058333,0,12,6,0,1,1,0,1,2,1,0,1,0,"0000000",99,99,99,99,99,99,0,0,0,1,1
48,480367,2,2,0,0,0,3,3,201,3280,16,2,2016,3,10,32,0,8,98,98,6,"YALE","15TH",0,29.79802222,-95.39911944,0,12,6,0,2,2,0,1,1,1,0,1,0,"0000000",10,36,10,41,11,13,0,0,0,1,0
48,480368,3,3,0,0,0,4,4,491,2620,17,2,2016,4,11,7,1,2,4,98,3,"SR-195","SHELL RD",201,30.72581944,-97.67220278,0,12,11,0,2,2,0,1,1,1,0,1,0,"0000000",99,99,99,99,99,99,0,0,0,1,0
48,480369,1,1,0,0,0,1,1,67,0,18,2,2016,5,15,30,0,8,98,98,4,"CR-1242","",0,33.09004167,-94.4252,0,42,0,0,1,1,0,4,1,1,0,1,0,"0000000",99,98,99,98,88,88,0,0,0,1,0
48,480370,1,1,0,1,1,1,1,375,150,18,2,2016,5,3,26,0,8,98,98,6,"10TH AVE","",0,35.20501389,-101.84824167,0,8,0,0,1,1,0,1,3,1,0,1,0,"0000000",99,98,99,98,88,88,0,0,0,1,0
48,480371,2,2,0,0,0,2,2,439,2450,18,2,2016,5,19,10,1,2,3,98,8,"BU 287/MAINT ST","",100,32.84367222,-97.36041111,0,1,0,0,8,1,0,1,2,1,0,1,0,"0000000",99,98,99,98,88,88,0,0,0,1,0
48,480372,2,2,0,0,0,3,3,453,330,18,2,2016,5,13,14,1,2,2,98,7,"US-183/RESEARCH BLVD","PECAN PARK BLVD",271,30.46552778,-97.79522222,0,12,6,1,2,2,0,1,1,1,0,1,0,"0000000",13,20,13,24,13,37,0,0,0,1,0
48,480373,2,2,0,0,0,2,2,29,6090,19,2,2016,6,12,24,0,8,98,98,6,"HEIMER RD","PERENNIAL",0,29.56602222,-98.47743611,0,12,6,0,2,3,0,1,1,1,0,1,0,"0000000",99,99,99,99,99,99,0,0,0,1,0
48,480374,2,2,0,0,0,3,3,85,5390,19,2,2016,6,20,25,0,8,98,98,6,"FM 2478/CUSTER RD","WESTRIDGE DR",0,33.01114167,-96.73382778,0,12,6,0,2,2,0,1,3,1,0,1,0,"0000000",99,99,99,99,99,99,0,0,0,2,0
48,480375,2,2,0,0,0,4,4,113,1730,19,2,2016,6,20,55,0,8,98,98,6,"LEDBETTER DR","DUNCANVILLE RD",0,32.69121944,-96.90848333,0,12,6,0,2,2,0,1,3,1,0,1,0,"0000000",99,99,99,99,99,99,0,0,0,1,0
48,480376,2,2,0,0,0,2,2,113,5730,19,2,2016,6,1,27,1,2,2,98,2,"US-75/CENTRAL EXPY","",37,32.94132778,-96.74388333,0,25,0,0,1,1,0,3,3,1,0,1,0,"0000000",99,98,99,98,88,88,14,0,0,1,0
48,480377,1,1,0,0,0,1,1,139,0,19,2,2016,6,18,44,0,1,4,98,2,"US-77","",376,32.23446111,-96.86971111,0,42,0,0,1,1,0,4,2,1,0,1,0,"0000000",99,98,99,98,88,88,0,0,0,1,1
48,480378,1,1,0,0,0,1,1,157,0,19,2,2016,6,23,7,1,2,3,98,3,"SR-99/GRAND PARKWAY","",97,29.66312778,-95.74335556,0,33,0,0,1,1,0,4,2,10,0,10,0,"0000000",23,26,23,35,0,13,0,0,0,1,1
48,480379,1,1,0,0,0,1,1,331,1100,19,2,2016,6,19,15,0,8,98,98,6,"FANNIN AVE","",0,30.87421389,-96.96950833,0,38,0,0,1,1,0,5,2,1,0,1,0,"0000000",99,98,99,98,88,88,0,0,0,1,0
48,480380,1,1,0,1,1,2,2,453,330,19,2,2016,6,21,15,0,8,98,98,6,"RIVERSIDE DR","",0,30.23791389,-97.72563333,0,8,0,0,1,1,0,1,3,1,0,1,0,"0000000",21,16,21,21,21,34,0,0,0,1,0
48,480381,1,1,0,0,0,1,1,201,0,20,2,2016,7,0,13,0,8,98,98,4,"CR-BEAR BAYOU DR","",0,29.80135,-95.10684444,0,42,0,0,1,1,0,5,2,10,0,10,0,"0000000",99,98,99,98,88,88,0,0,0,1,1
48,480382,2,2,0,0,0,6,6,323,0,20,2,2016,7,9,30,1,1,3,98,2,"US-277","SL 480",335,28.70576111,-100.43215,0,12,6,1,2,2,0,1,1,1,0,1,0,"0000000",99,99,99,99,99,99,0,0,0,1,0
48,480383,1,1,0,1,1,2,2,29,6090,21,2,2016,1,19,0,0,8,98,98,6,"OLD US-90 W ENRIQUE M BARRERA","",0,29.42803611,-98.56971111,0,8,0,0,1,1,0,1,3,10,0,10,0,"0000000",99,99,99,99,88,88,0,0,0,1,0
48,480384,2,2,0,0,0,3,3,245,5430,21,2,2016,1,3,34,1,2,2,98,7,"US-69 MEMORIAL BLVD RAMP","",151,29.93844444,-93.98410278,0,12,1,1,18,1,0,1,2,10,0,10,0,"0000000",99,99,99,99,99,99,0,0,0,1,0
48,480385,2,2,0,0,0,2,2,121,1840,22,2,2016,2,14,5,1,1,1,1,1,"I-35","",34,33.31331667,-97.17922778,0,12,1,0,1,1,2,1,1,1,0,1,0,"0000000",99,98,99,98,88,88,0,0,0,1,0
48,480386,1,1,0,0,0,3,3,403,0,21,2,2016,1,4,20,1,1,3,98,3,"SR-103","",51,31.40975278,-94.02901111,0,32,0,0,1,1,0,4,2,1,0,1,0,"0000000",4,40,4,54,6,7,0,0,0,1,0
48,480387,2,2,0,0,0,2,2,493,0,22,2,2016,2,5,15,1,1,4,98,3,"SR-123","",43,29.31539444,-97.96271667,0,12,2,0,1,1,0,1,2,10,0,10,0,"0000000",99,99,99,99,99,99,0,0,0,1,0
48,480388,1,1,0,1,1,1,1,29,6090,23,2,2016,3,20,4,0,8,98,98,6,"SAN PEDRO AVE","",0,29.50821944,-98.49927222,0,8,0,0,1,1,0,1,3,1,0,1,0,"0000000",99,99,99,99,99,99,0,0,0,1,0
48,480389,1,1,0,0,0,1,1,361,5100,25,2,2016,5,1,19,1,2,1,1,7,"I-10 LUTCHER DR","",185,30.11383333,-93.81226944,0,1,0,0,1,1,0,4,3,1,0,1,0,"0000000",99,98,99,98,88,88,0,0,0,1,0
48,480390,1,1,0,1,1,1,1,215,4197,28,2,2016,1,1,16,1,2,3,98,8,"FM 1926 23RD ST","",33,26.26341944,-98.23555556,0,8,0,0,1,1,0,1,2,10,0,10,0,"0000000",99,98,99,98,88,88,0,0,0,1,1
48,480391,1,1,0,1,1,1,1,309,545,8,1,2016,6,20,39,1,2,3,98,8,"SL-340","",80,31.59995,-97.090825,0,8,0,0,1,1,0,1,2,5,0,5,0,"0000000",99,98,99,98,88,88,0,0,0,1,0
48,480392,1,1,0,1,1,1,1,5,4160,20,1,2016,4,21,58,1,2,4,98,8,"BU-59 G TIMBERLAND DR","BU 69 J / FM 58 CHESTNUT DR",0,31.33483056,-94.71886111,0,8,0,0,2,2,0,1,3,10,0,10,0,"0000000",99,99,99,99,99,99,0,0,0,1,0
48,480393,3,1,2,0,0,2,2,479,3899,23,1,2016,7,2,55,0,8,98,98,6,"MARKET ST","",0,27.50381944,-99.47196667,0,58,0,0,1,1,0,1,3,1,0,1,0,"0000000",2,55,3,3,3,26,14,0,0,1,1
48,480394,4,1,3,0,0,2,2,167,3920,24,1,2016,1,21,58,1,2,1,1,7,"I-45 GULF FWY","",156,29.48530556,-95.10398889,0,43,0,0,1,1,0,5,3,1,0,1,0,"0000000",21,59,22,5,22,26,14,0,0,1,0
48,480395,2,2,0,0,0,2,2,375,150,28,1,2016,5,16,39,1,2,3,98,2,"US-60 AMARILLO BLVD","FRITCH HWY",125,35.22199444,-101.78288333,0,1,0,0,1,1,0,1,1,1,0,1,0,"0000000",16,39,16,43,17,19,0,0,0,1,0
48,480396,1,1,0,0,0,5,5,479,3899,31,1,2016,1,22,24,1,2,3,98,8,"FM 1472 MINES RD","",111,27.64317778,-99.55298056,0,59,0,0,1,1,1,3,2,1,0,1,0,"0000000",22,24,22,31,22,52,20,0,0,1,0
48,480397,1,1,0,0,0,1,1,29,6090,1,2,2016,2,21,30,1,2,1,1,1,"I-410 LOOP","",325,29.44685556,-98.40022778,0,59,0,0,1,1,0,10,3,1,0,1,0,"0000000",99,98,99,98,88,88,0,0,0,1,1
48,480398,1,1,0,0,0,1,1,253,0,4,2,2016,5,19,30,0,8,98,98,4,"CR-150","",0,32.87515278,-100.11725556,0,38,0,0,1,1,0,5,2,1,0,1,0,"0000000",19,49,20,18,21,4,0,0,0,1,1
48,480399,2,2,0,0,0,3,3,31,0,7,2,2016,1,4,32,0,1,6,98,8,"RM 473","",11,29.97371389,-98.42118889,0,12,2,0,1,1,0,1,2,1,0,1,0,"0000000",4,34,4,53,7,0,0,0,0,1,1
48,480400,2,2,0,0,0,2,2,27,3027,11,2,2016,5,15,29,1,2,2,98,2,"US-190 CENTRAL TEXAS EXPY","INDIAN TRAIL DR",111,31.07586389,-97.65368333,0,12,6,1,2,2,0,1,1,1,0,1,0,"0000000",15,29,15,34,16,5,0,0,0,1,0
48,480401,2,2,0,0,0,2,2,53,0,12,2,2016,6,18,17,1,1,3,98,2,"US-281","",260,30.67143056,-98.25526111,0,12,1,0,1,1,0,1,1,1,0,1,0,"0000000",18,28,18,44,19,17,0,0,0,1,0
48,480402,2,2,0,0,0,5,5,467,0,12,2,2016,6,16,55,0,1,4,98,3,"SR-64","FM314",318,32.40621944,-95.59483056,0,12,6,0,2,2,1,1,1,1,0,1,0,"0000000",17,0,17,8,99,99,0,0,0,1,0
48,480403,1,1,0,0,0,3,3,123,0,13,2,2016,7,16,55,0,8,98,98,4,"CR-ZORN RD","",0,28.96200556,-97.46201667,0,53,0,0,1,1,0,4,1,1,0,1,0,"0000000",17,37,18,17,19,9,0,0,0,1,0
48,480404,1,1,0,0,0,1,1,201,3280,13,2,2016,7,2,26,1,2,2,98,7,"SL-8/SAM HOUSTON PKWY","SOUTH DR",33,29.66713889,-95.56056944,0,33,0,0,3,3,0,4,3,1,0,1,0,"0000000",99,98,99,98,88,88,0,0,0,1,0
48,480405,1,1,0,0,0,1,1,289,3939,13,2,2016,7,13,43,1,1,1,1,1,"I-45","",46,31.15193056,-95.98428056,0,34,0,0,1,1,0,4,1,1,0,1,0,"0000000",13,50,14,11,15,2,0,0,0,1,0
48,480406,1,1,0,0,0,2,2,423,0,13,2,2016,7,0,5,0,1,4,98,3,"SR-31","",228,32.36916944,-95.07306111,0,1,0,0,1,1,0,4,2,1,0,1,0,"0000000",0,6,0,20,0,50,0,0,0,1,1
48,480407,3,2,1,1,1,2,2,201,3280,14,2,2016,1,21,40,1,2,2,98,2,"US-59/EASTEX FWY","",52,29.83414167,-95.33430556,0,12,7,0,1,1,0,1,3,1,0,1,0,"0000000",21,46,21,52,22,16,0,0,0,1,1
48,480408,1,1,0,1,1,1,1,453,330,14,2,2016,1,19,5,0,8,98,98,6,"MONTOPOLIS DR","",0,30.23696944,-97.69564444,0,8,0,0,1,1,0,1,3,1,0,1,0,"0000000",99,98,99,98,88,88,0,0,0,1,0
48,480409,2,2,0,0,0,3,3,201,5230,15,2,2016,2,5,38,0,8,98,98,6,"BAY AREA BLVD","",0,29.591475,-95.10152222,0,12,6,0,1,1,0,1,2,2,0,2,0,"0000000",99,99,99,99,99,99,0,0,0,2,0
48,480410,1,1,0,0,0,1,1,201,3280,16,2,2016,3,23,1,1,2,1,1,1,"I-10/KATY FWY","",106,29.77976389,-95.45076944,0,39,0,1,19,1,0,4,3,1,0,1,0,"0000000",23,1,23,15,88,88,0,0,0,1,0
48,480411,1,1,0,1,1,1,1,113,2590,17,2,2016,4,19,54,0,8,98,98,6,"BROADWAY BLVD","",0,32.841275,-96.59545,0,8,0,0,1,1,0,1,3,1,0,1,0,"0000000",19,54,19,58,20,17,0,0,0,1,0
48,480412,2,2,0,0,0,4,4,451,6080,17,2,2016,4,19,18,0,2,4,98,8,"RM 853/ARDEN RD","OXFORD RD",125,31.44700556,-100.484625,0,12,6,0,2,3,0,1,3,1,0,1,0,"0000000",19,22,19,23,19,47,0,0,0,1,0
48,480413,1,1,0,0,0,1,1,59,0,18,2,2016,5,15,26,0,1,4,98,3,"SR-36","",179,32.22396944,-99.38245,0,1,0,0,1,1,0,1,1,1,0,1,0,"0000000",99,98,99,98,88,88,0,0,0,1,0
48,480414,2,2,0,0,0,2,2,199,4172,18,2,2016,5,22,4,1,2,3,98,2,"US-96/MAIN","CHANCE CUT-OFF",115,30.26598889,-94.19976944,0,12,6,0,2,2,0,1,3,1,0,1,0,"0000000",99,99,99,99,99,99,20,0,0,1,0
48,480415,1,1,0,0,0,2,2,201,3280,18,2,2016,5,1,47,1,2,2,98,3,"SR-288","",32,29.71186389,-95.37799167,0,39,0,0,1,1,0,3,3,1,0,1,0,"0000000",1,48,2,1,2,35,0,0,0,1,0
48,480416,1,1,0,0,0,1,1,29,6090,19,2,2016,6,22,56,0,8,98,98,6,"HILDEBRAND RD","",0,29.46644444,-98.48213333,0,33,0,0,1,1,0,4,3,1,0,1,0,"0000000",99,99,99,99,99,99,0,0,0,1,1
48,480418,2,2,0,0,0,2,2,199,0,19,2,2016,6,12,5,1,1,3,98,2,"US-69","CR-TROTTY HORSE",31,30.35706667,-94.12768611,0,12,6,0,2,2,0,1,1,1,0,1,0,"0000000",99,98,99,98,88,88,0,0,0,1,0
48,480419,2,2,0,0,0,2,2,251,1370,19,2,2016,6,22,27,1,1,3,98,2,"US-67","PR-21",155,32.313025,-97.47784722,0,12,6,0,2,3,0,1,3,1,0,1,0,"0000000",22,33,22,55,23,23,0,0,0,1,0
48,480420,1,1,0,1,1,1,1,29,6090,20,2,2016,7,5,20,0,8,98,98,6,"SAN PEDRO AVE","",0,29.50219722,-98.49921944,0,8,0,0,1,1,0,11,3,2,0,2,0,"0000000",99,99,99,99,88,88,0,0,0,1,0
48,480421,2,2,0,0,0,3,3,61,6110,20,2,2016,7,2,12,1,1,1,1,7,"I-69E/US-83","",105,26.15068889,-97.66795278,0,12,2,1,18,1,0,1,3,1,0,1,0,"0000000",99,99,99,99,99,99,0,0,0,2,0
48,480422,3,1,2,0,0,2,2,113,3420,20,2,2016,7,0,56,0,8,98,98,6,"SHADY GROVE RD","WILLOW WOOD CT",0,32.80046389,-96.97913889,0,53,0,0,1,1,0,4,3,1,0,1,0,"0000000",0,56,1,1,1,31,14,0,0,1,1
48,480423,2,2,0,0,0,4,4,455,0,20,2,2016,7,12,40,0,1,4,98,3,"SR-19","",118,30.91081944,-95.37544444,0,12,1,0,1,1,0,1,1,10,0,10,0,"0000000",99,99,99,99,99,99,0,0,0,1,1
48,480424,1,1,0,0,0,2,2,29,6090,21,2,2016,1,17,52,1,2,1,1,1,"I-10 RAMP","",251,29.43261944,-98.49982778,0,18,0,1,20,1,0,1,3,10,0,10,0,"0000000",99,99,99,99,99,99,0,0,0,1,0
48,480425,4,2,2,2,3,2,3,41,970,21,2,2016,1,18,38,1,2,2,98,2,"US-190 EARL RUDDER FWY","BS-6 TEXAS AVE",203,30.71953056,-96.41194722,0,12,7,0,1,1,0,1,2,2,0,2,0,"0000000",18,38,18,46,19,6,14,15,0,1,0
48,480426,1,1,0,1,1,1,1,201,0,21,2,2016,1,5,15,0,8,98,98,4,"CR-LOUETTA RD","",0,30.02416389,-95.51804722,0,8,0,0,1,1,0,1,2,1,0,1,0,"0000000",99,98,99,98,88,88,0,0,0,1,0
48,480427,2,2,0,0,0,2,2,201,3280,21,2,2016,1,23,6,1,2,2,98,2,"US-59 SOUTHWEST FWY","",58,29.72876944,-95.44038056,0,12,1,0,1,1,0,1,3,1,0,1,0,"0000000",23,6,23,12,23,41,23,0,0,1,0
48,480428,1,1,0,1,1,1,1,201,3280,21,2,2016,1,6,30,0,8,98,98,6,"FANNIN","CAMBRIDGE ST",0,29.71554722,-95.39608889,0,8,0,0,3,2,0,4,1,10,0,10,0,"0000000",99,98,99,98,88,88,0,0,0,1,0
48,480429,2,2,0,0,0,2,2,201,3280,21,2,2016,1,6,42,0,8,98,98,6,"LITTLE YORK RD","AIRLINE DR",0,29.86999722,-95.38487778,0,12,1,0,3,2,0,1,1,10,0,10,0,"0000000",7,0,7,10,7,31,0,0,0,1,0
48,480430,3,2,1,0,0,2,2,267,0,21,2,2016,1,19,26,1,1,1,1,1,"I-10","",133,30.40332222,-99.64719722,0,12,11,0,1,1,0,1,2,2,0,2,0,"0000000",19,29,19,59,20,22,19,0,0,1,0
48,480431,2,2,0,0,0,3,3,229,0,21,1,2016,5,13,55,1,1,1,1,1,"I-10","",568,31.12241944,-105.17823889,0,12,8,0,1,1,0,1,1,1,0,1,0,"0000000",99,99,99,99,99,99,20,0,0,1,0
48,480432,1,1,0,0,0,4,4,229,0,23,1,2016,7,1,30,1,1,1,1,1,"I-10","",379,31.21293889,-105.47105,0,1,0,0,1,1,0,4,2,1,0,1,0,"0000000",1,28,1,59,4,5,0,0,0,1,0
48,480433,1,1,0,0,0,1,1,113,4530,1,2,2016,2,6,5,1,2,1,1,1,"I-30","",242,32.82064722,-96.63356111,0,57,0,0,1,1,0,10,3,1,0,1,0,"0000000",6,5,6,10,6,34,0,0,0,1,0
48,480434,2,2,0,0,0,4,4,215,4197,2,2,2016,3,13,49,1,2,3,98,8,"BU-83","16TH ST",72,26.20461667,-98.23657778,0,12,6,0,2,2,0,1,1,1,0,1,0,"0000000",13,52,14,0,14,34,0,0,0,1,0
48,480435,1,1,0,0,0,2,2,291,0,6,2,2016,7,14,32,0,8,98,98,4,"CR-2098","",0,30.21593056,-94.75116944,0,1,0,0,1,1,0,4,1,1,0,1,0,"0000000",99,98,99,98,88,88,0,0,0,1,0
48,480436,1,1,0,0,0,3,3,85,1260,7,2,2016,1,2,31,0,8,98,98,4,"CR-53","",0,33.29364722,-96.79216944,0,44,0,0,1,1,0,1,3,1,0,1,0,"0000000",2,37,2,46,3,46,20,0,0,1,0
48,480437,1,1,0,0,0,1,1,113,2800,7,2,2016,1,5,58,1,2,2,98,3,"SR-161/PRESIDENT GEORGE BUSH","",218,32.74421944,-97.02138056,0,25,0,0,1,1,0,4,2,1,0,1,0,"0000000",99,98,99,98,88,88,0,0,0,1,1
48,480438,2,2,0,0,0,2,2,39,130,8,2,2016,2,10,53,0,8,98,98,6,"CR-172/PARKER SCHOOL RD","CR-185",0,29.37746111,-95.28003333,0,1,0,0,3,2,0,1,1,1,0,1,0,"0000000",10,56,11,3,11,45,0,0,0,1,0
48,480439,3,3,0,0,0,3,3,93,0,11,2,2016,5,10,54,1,1,3,98,2,"US-87","",124,31.91631944,-98.54723056,0,12,11,0,1,1,0,1,1,10,0,10,0,"0000000",99,99,99,99,99,99,14,0,0,1,0
48,480440,2,2,0,0,0,3,3,113,1730,11,2,2016,5,11,15,1,2,1,1,7,"I-20/LYNDON B JOHNSON FWY","SR-342/LANCASTER RD",187,32.64679444,-96.78079722,0,12,6,1,2,2,0,1,1,1,0,1,0,"0000000",99,99,99,99,99,99,0,0,0,2,0
48,480441,2,2,0,0,0,2,2,211,0,11,2,2016,5,8,35,1,1,3,98,2,"US-60","",36,35.76293333,-100.48407778,0,72,0,0,1,1,0,1,1,1,0,1,0,"0000000",8,34,8,45,9,8,0,0,0,1,0
48,480442,2,2,0,0,0,2,2,201,3280,12,2,2016,6,23,57,1,2,1,1,1,"I-610","",117,29.80431111,-95.28481944,0,12,1,0,1,1,0,1,3,1,0,1,0,"0000000",23,57,0,6,0,27,0,0,0,1,1
48,480443,2,2,0,0,0,2,2,215,4197,12,2,2016,6,9,42,1,2,3,98,8,"FM1016 MILITARY HWY","",190,26.15033611,-98.24984444,0,12,7,0,1,1,0,1,1,1,0,1,0,"0000000",9,40,9,47,10,11,0,0,0,1,0
48,480444,2,2,0,0,0,2,2,305,0,12,2,2016,6,7,9,0,1,5,98,8,"FM400","",16,33.37550556,-101.66941667,0,12,2,0,1,1,0,1,4,1,0,1,0,"0000000",7,10,7,32,8,17,0,0,0,1,0
48,480445,2,1,1,0,1,1,2,245,0,13,2,2016,7,5,52,1,1,1,1,1,"I-10","",23,29.87943056,-94.33297222,0,14,0,0,1,1,0,2,4,1,0,1,0,"0000000",99,98,99,98,88,88,0,0,0,1,1
48,480446,2,2,0,0,0,3,3,453,0,13,2,2016,7,10,31,1,2,3,98,2,"US-183","CR-MCKENZIE",323,30.14417778,-97.6967,0,12,6,0,2,3,0,1,1,1,0,1,0,"0000000",10,30,10,38,11,8,0,0,0,1,0
48,480447,1,1,0,0,0,6,6,489,0,13,2,2016,7,21,30,1,1,1,1,1,"I-69E/US-77","",267,26.50431389,-97.77123333,0,1,0,0,1,1,0,4,3,1,0,1,0,"0000000",21,38,21,39,22,22,0,0,0,2,0
48,480448,2,2,0,0,0,5,5,135,0,15,2,2016,2,7,35,0,8,98,98,4,"CR-LONG AVE","",0,31.84811389,-102.52004722,0,12,2,0,1,1,0,1,1,1,0,1,0,"0000000",7,39,7,50,8,16,0,0,0,1,0
48,480449,2,2,0,0,0,3,3,487,0,15,2,2016,2,19,50,1,1,3,98,2,"US-287","",307,34.07055833,-99.00908611,0,12,1,0,1,1,0,1,9,1,0,1,0,"0000000",20,3,20,34,21,3,0,0,0,1,0
48,480450,3,3,0,0,0,4,4,183,4080,16,2,2016,3,13,12,1,2,3,98,2,"US-259 EASTMAN RD","",212,32.48540556,-94.70726667,0,12,7,0,1,1,0,1,1,1,0,1,0,"0000000",13,13,13,19,13,44,0,0,0,1,0
48,480451,3,3,0,0,0,4,4,215,0,16,2,2016,3,7,31,0,8,98,98,4,"CR-MILE 16 NORTH RD","CR-MILE 14 WEST RD",0,26.28635,-97.97728056,0,12,6,0,2,2,0,1,1,5,0,5,0,"0000000",99,99,99,99,99,99,0,0,0,1,0
48,480452,1,1,0,1,1,2,2,113,1730,17,2,2016,4,19,50,1,2,1,1,1,"I-30/R L THORNTON FWY","",99,32.79408056,-96.69949444,0,8,0,0,1,1,0,1,3,1,0,1,0,"0000000",99,98,99,98,88,88,0,0,0,1,0
48,480453,1,1,0,0,0,1,1,93,0,18,2,2016,5,9,1,1,1,3,98,2,"US-67","",126,31.91576111,-98.54805,0,42,0,0,1,1,0,4,2,1,0,1,0,"0000000",99,98,99,98,88,88,0,0,0,1,0
48,480454,1,1,0,0,0,1,1,145,0,18,2,2016,5,19,41,0,1,4,98,2,"US-77","",148,31.18381944,-97.02818889,0,11,0,0,1,1,0,1,2,1,0,1,0,"0000000",99,98,99,98,88,88,0,0,0,1,0
48,480455,3,3,0,0,0,3,3,201,0,18,2,2016,5,12,10,0,8,98,98,4,"CR-FEDERAL RD","",0,29.73185,-95.21228889,0,12,2,0,1,1,0,1,3,1,0,1,0,"0000000",12,18,12,46,13,24,0,0,0,1,0
48,480456,2,2,0,0,0,2,2,289,3939,18,2,2016,5,14,12,1,1,1,1,7,"I-45","FM 977",41,31.14903889,-95.98523889,0,12,6,1,2,2,0,1,1,1,0,1,0,"0000000",14,17,14,25,15,24,0,0,0,1,0
48,480457,3,3,0,0,0,35,35,93,0,19,2,2016,6,7,50,0,1,4,98,3,"SR-36","FM 1702",155,31.8445,-98.33758056,0,12,6,0,2,2,0,1,1,1,0,1,0,"0000000",8,12,8,54,9,49,14,0,0,1,0
48,480458,3,3,0,0,0,8,8,209,3760,19,2,2016,6,1,10,1,2,1,1,1,"I-35","",173,30.00286389,-97.86644167,0,12,2,0,1,1,0,1,3,1,0,1,0,"0000000",1,20,1,22,2,7,0,0,0,4,1
48,480459,1,1,0,0,0,1,1,481,2130,19,2,2016,6,16,55,1,2,3,98,2,"US-59","",239,29.19026389,-96.24565833,0,1,0,0,1,1,0,4,1,1,0,1,0,"0000000",17,8,17,39,18,16,0,0,0,1,0
48,480460,2,2,0,0,0,2,2,13,0,20,2,2016,7,15,25,0,1,5,98,8,"FM 476","",136,29.05498889,-98.60303056,0,12,6,0,1,1,0,1,1,1,0,1,0,"0000000",15,39,15,53,16,19,0,0,0,1,0
48,480461,2,2,0,0,0,2,2,113,1730,20,2,2016,7,13,5,1,2,3,98,8,"SL-12 LEADBETTER DR","",79,32.69133889,-96.87105,0,12,1,0,8,1,0,1,1,1,0,1,0,"0000000",99,99,99,99,99,99,0,0,0,1,0
48,480462,2,1,1,1,3,1,3,113,2590,20,2,2016,7,23,20,1,2,1,1,1,"I-635 LBJ FWY","",102,32.844675,-96.63519167,0,14,0,0,1,1,0,2,3,1,0,1,0,"0000000",99,99,99,99,88,88,23,0,0,1,1
48,480463,1,1,0,0,0,2,2,131,0,20,2,2016,7,1,55,1,1,3,98,3,"SR-44","",224,27.76867778,-98.25648056,0,1,0,0,1,1,0,4,2,1,0,1,0,"0000000",99,98,99,98,88,88,0,0,0,1,0
48,480464,2,2,0,0,0,6,6,147,0,21,2,2016,1,5,12,0,1,5,98,8,"FM 100","",157,33.73604444,-95.91158333,0,12,2,0,1,1,0,1,2,1,0,1,0,"0000000",5,19,5,44,6,18,0,0,0,1,0
48,480465,1,1,0,0,0,2,2,201,3280,21,2,2016,1,2,0,1,2,2,98,7,"SL-8 SAM HOUSTON PKWY","",19,29.65006111,-95.54670556,0,33,0,0,1,1,0,4,2,1,0,1,0,"0000000",2,4,2,13,2,55,0,0,0,2,0
48,480466,1,1,0,0,0,2,2,201,3320,21,2,2016,1,19,15,1,2,1,1,1,"I-69","",86,29.983225,-95.27679444,0,25,0,1,19,1,0,3,3,1,0,1,0,"0000000",19,15,19,24,20,23,0,0,0,1,0
48,480467,2,2,0,0,0,3,3,215,0,21,2,2016,1,21,46,0,2,4,98,8,"FM 2894","",30,26.277925,-98.35440278,0,30,0,0,1,1,0,4,2,1,0,1,0,"0000000",99,99,99,99,99,99,14,0,0,1,0
48,480468,1,1,0,0,0,1,1,303,4140,21,2,2016,1,0,44,0,8,98,98,6,"QUAKER AVE","",0,33.50808056,-101.90444444,0,30,0,0,1,1,0,4,2,1,0,1,0,"0000000",99,98,99,98,88,88,0,0,0,1,0