"STATE","ST_CASE","VE_TOTAL","VE_FORMS","PVH_INVL","PEDS","PERNOTMVIT","PERMVIT","PERSONS","COUNTY","CITY","DAY","MONTH","YEAR","DAY_WEEK","HOUR","MINUTE","NHS","RUR_URB","FUNC_SYS","RD_OWNER","ROUTE","TWAY_ID","TWAY_ID2","MILEPT","LATITUDE","LONGITUD","SP_JUR","HARM_EV","MAN_COLL","RELJCT1","RELJCT2","TYP_INT","WRK_ZONE","REL_ROAD","LGT_COND","WEATHER1","WEATHER2","WEATHER","SCH_BUS","RAIL","NOT_HOUR","NOT_MIN","ARR_HOUR","ARR_MIN","HOSP_HR","HOSP_MN","CF1","CF2","CF3","FATALS","DRUNK_DR"
48,480470,1,1,0,1,1,5,5,355,1550,21,2,2016,1,0,36,1,2,2,98,3,"SR-358","",86,27.71618611,-97.38757778,0,8,0,1,18,1,0,1,3,1,0,1,0,"0000000",0,36,0,43,0,53,0,0,0,1,0
48,480471,3,3,0,0,0,5,5,367,0,21,2,2016,1,17,25,1,1,3,98,3,"SR-199","",39,32.97943056,-97.78812222,0,12,6,0,1,1,0,1,1,2,0,2,0,"0000000",17,13,17,23,18,27,0,0,0,2,0
48,480472,2,2,0,0,0,3,3,449,0,21,2,2016,1,10,37,1,1,3,98,2,"US-271","",43,33.32830833,-95.09458611,0,12,8,0,1,1,0,1,1,10,0,10,0,"0000000",99,98,99,98,88,88,0,0,0,1,0
48,480473,1,1,0,0,0,1,1,407,0,21,2,2016,1,7,15,1,1,3,98,2,"US-59","",95,30.45043333,-95.02660833,0,32,0,0,1,1,1,4,1,1,0,1,0,"0000000",7,34,7,59,8,40,0,0,0,1,0
48,480474,1,1,0,1,1,1,1,469,7190,21,2,2016,1,10,5,0,8,98,98,6,"SAM HOUSTON DR","RED RIVER ST",0,28.81582222,-96.96662778,0,8,0,0,3,3,0,1,1,10,0,10,0,"0000000",99,99,99,99,99,99,0,0,0,1,0
48,480475,3,3,0,0,0,3,3,201,0,22,2,2016,2,6,37,1,2,3,98,8,"FM529","",141,29.8794,-95.62363333,0,12,6,0,8,1,0,1,3,2,0,2,1,"0000000",6,42,6,48,7,30,0,0,0,1,0
48,480476,2,2,0,1,1,2,2,473,0,22,2,2016,2,19,21,0,1,5,98,8,"FM359","",263,29.85620556,-95.99483056,0,8,0,0,1,1,0,1,2,10,0,10,0,"0000000",99,98,99,98,88,88,0,0,0,1,0
48,480477,2,2,0,0,0,2,2,27,7031,23,2,2016,3,2,40,1,1,1,1,1,"I-35","",311,31.20901944,-97.30223611,0,25,0,0,1,1,1,3,2,2,0,2,0,"0000000",2,42,3,3,4,0,0,0,0,1,0
48,480478,1,1,0,1,1,1,1,361,5100,23,2,2016,3,0,2,1,1,1,1,7,"I-10","",213,30.12112778,-93.76747778,0,9,0,1,18,1,0,1,2,1,0,1,0,"0000000",99,99,99,99,99,99,0,0,0,1,0
48,480479,1,1,0,0,0,1,1,371,0,23,2,2016,3,8,0,1,1,3,98,2,"US-285","",61,31.06121389,-103.16819444,0,1,0,0,1,1,0,1,1,10,0,10,0,"0000000",99,98,99,98,88,88,0,0,0,1,0
48,480480,1,1,0,0,0,1,1,439,0,22,2,2016,2,7,12,0,2,4,98,8,"FM1220 MORRIS DIDO NEWARK RD","",12,32.91928611,-97.46963056,0,38,0,0,1,1,0,5,2,2,0,2,0,"0000000",99,98,99,98,88,88,0,0,0,1,0
48,480481,1,1,0,1,1,1,1,201,0,24,2,2016,4,5,35,0,8,98,98,4,"CR-CROSBY EASTGATE RD","",0,29.9622,-95.02122222,0,9,0,0,1,1,0,1,2,1,0,1,0,"0000000",99,98,99,98,88,88,0,0,0,1,0
48,480482,2,2,0,0,0,3,3,423,0,24,2,2016,4,17,0,0,8,98,98,6,"SL49TOLL","",0,32.31510556,-95.41719722,0,12,2,0,1,1,0,1,1,1,0,1,0,"0000000",99,99,99,99,99,99,0,0,0,2,2
48,480483,1,1,0,0,0,2,2,85,4230,25,2,2016,5,21,18,1,2,2,98,7,"US-75 CENTRAL EXPY","",129,33.22648333,-96.63318611,0,33,0,0,1,1,1,4,3,1,0,1,0,"0000000",99,99,99,99,99,99,0,0,0,1,1
48,480484,1,1,0,0,0,1,1,113,1730,25,2,2016,5,0,12,1,2,1,1,1,"I-30/US-67 RL THORNTON FWY","",99,32.79452778,-96.69986667,0,30,0,1,19,1,0,4,3,1,0,1,0,"0000000",99,98,99,98,88,88,20,0,0,1,0
48,480485,1,1,0,1,1,1,1,201,5230,25,2,2016,5,16,46,0,8,98,98,6,"ALLENDALE RD","ALLEN GENOA RD",0,29.68329444,-95.22945,0,8,0,0,3,4,0,1,1,1,0,1,0,"0000000",16,48,16,55,17,46,0,0,0,1,0
48,480486,1,1,0,0,0,1,1,213,0,25,2,2016,5,19,40,0,2,3,98,8,"SL7 DEWITT C GREER LP","",321,32.16821389,-95.84324722,0,52,0,0,1,1,0,4,2,1,0,1,0,"0000000",99,98,99,98,88,88,0,0,0,1,0
48,480487,1,1,0,0,0,2,2,25,0,26,2,2016,6,12,34,1,1,3,98,2,"US-181","",389,28.17005556,-97.59924722,0,1,0,0,1,1,0,4,1,1,0,1,0,"0000000",99,99,99,99,99,99,0,0,0,1,0
48,480488,1,1,0,1,1,2,2,121,1840,26,2,2016,6,19,23,0,1,4,98,8,"FM2181","",43,33.14190833,-97.10519167,0,8,0,0,1,1,0,1,3,1,0,1,0,"0000000",19,25,19,28,19,43,0,0,0,1,0
48,480489,3,3,0,0,0,3,3,201,0,26,2,2016,6,6,0,0,8,98,98,4,"CR-LOUETTA","",0,30.00938056,-95.54498611,0,12,2,0,1,1,0,1,3,1,0,1,0,"0000000",6,5,6,14,7,7,0,0,0,1,0
48,480490,2,2,0,0,0,4,4,201,0,26,2,2016,6,14,21,1,2,2,98,7,"SL8 SAM HOUSTON PKWY","CR-ANTOINE DR",16,29.93775833,-95.48315,0,12,6,1,2,2,0,1,1,1,0,1,0,"0000000",14,30,14,47,15,20,0,0,0,2,0
48,480491,1,1,0,1,1,2,2,201,5230,26,2,2016,6,21,9,0,8,98,98,6,"RED BLUFF RD","JANA LN",0,29.67704722,-95.14306667,0,8,0,0,3,2,0,1,2,1,0,1,0,"0000000",99,98,99,98,88,88,0,0,0,1,0
48,480492,1,1,0,0,0,1,1,113,1730,27,2,2016,7,21,0,0,8,98,98,6,"MILITARY PKWY","",0,32.76825833,-96.67323611,0,35,0,0,1,1,0,4,3,1,0,1,0,"0000000",99,99,99,99,99,99,0,0,0,1,1
48,480493,1,1,0,1,1,1,1,141,2190,27,2,2016,7,15,10,1,2,3,98,8,"FM2529 MCCOMBS ST","EDINBURG DR",70,31.91531667,-106.40704444,0,8,0,0,3,3,0,1,1,1,0,1,0,"0000000",15,11,15,14,15,34,0,0,0,1,1
48,480494,1,1,0,0,0,1,1,201,3280,27,2,2016,7,0,20,1,2,1,1,1,"I-610RAMP","",84,29.80962778,-95.33479444,0,26,0,1,5,1,0,4,3,1,0,1,0,"0000000",99,98,99,98,88,88,0,0,0,1,1
48,480495,1,1,0,1,1,1,1,201,3280,27,2,2016,7,20,38,0,8,98,98,6,"VAN FLEET ST","",0,29.67390556,-95.3346,0,8,0,0,1,1,0,1,3,1,0,1,0,"0000000",20,38,20,45,21,7,0,0,0,1,0
48,480496,1,1,0,1,1,2,2,201,3280,27,2,2016,7,23,50,1,2,1,1,1,"I-610RAMP","",98,29.67923611,-95.43372222,0,8,0,0,20,1,0,1,2,1,0,1,0,"0000000",99,98,99,98,88,88,0,0,0,1,1
48,480497,2,2,0,1,1,3,3,379,5419,27,2,2016,7,16,13,1,1,3,98,2,"US-69","",51,32.92483333,-95.86462222,0,9,0,0,1,1,0,1,1,1,0,1,0,"0000000",99,98,99,98,88,88,0,0,0,1,0
48,480498,2,2,0,0,0,5,5,29,6090,28,2,2016,1,21,48,1,2,1,1,7,"I-35","FM1976 WALZEM RD",326,29.51028056,-98.3972,0,12,2,1,2,2,0,1,3,1,0,1,0,"0000000",99,99,99,99,99,99,0,0,0,2,1
48,480499,1,1,0,1,1,1,1,61,940,28,2,2016,1,23,1,1,2,3,98,8,"FM3248 ALTON GLOOR BLVD","",40,25.97796944,-97.51978889,0,8,0,1,18,1,0,1,3,1,0,1,0,"0000000",99,98,99,98,88,88,0,0,0,1,0
48,480500,1,1,0,1,1,1,1,181,6350,28,2,2016,1,21,23,0,2,4,98,8,"FM1417 HERITAGE PKWY","TAYLOR ST",38,33.65125833,-96.64195,0,8,0,0,2,2,0,1,2,1,0,1,0,"0000000",99,98,99,98,88,88,0,0,0,1,0
48,480501,1,1,0,0,0,2,2,201,3280,28,2,2016,1,2,37,0,8,98,98,6,"BISSONNET ST","",0,29.69599722,-95.49056944,0,33,0,0,1,1,0,3,3,1,0,1,0,"0000000",2,38,2,42,3,2,0,0,0,1,1
48,480502,1,1,0,0,0,4,4,161,0,29,2,2016,2,14,43,1,1,1,1,1,"I-45","",95,31.60475,-96.15598056,0,1,0,0,1,1,0,1,1,1,0,1,0,"0000000",14,40,14,52,15,14,0,0,0,1,0
48,480503,3,2,1,0,0,2,2,375,150,29,2,2016,2,10,35,0,8,98,98,6,"12TH AVE","ADAMS ST",0,35.22616389,-101.84452778,0,12,6,0,2,2,0,1,1,1,0,1,0,"0000000",99,98,99,98,88,88,0,0,0,1,0
48,480504,2,2,0,0,0,2,2,135,0,31,1,2016,1,12,27,0,2,4,98,8,"FM 2020/UNIVERSITY","CR-FLAMINGO AVE",35,31.83976111,-102.50578889,0,12,6,0,2,2,0,1,1,1,0,1,0,"0000000",12,27,12,37,12,59,0,0,0,1,0
48,480505,2,2,0,1,1,3,3,135,0,14,2,2016,1,2,33,1,2,3,98,2,"US-385","",47,31.77683889,-102.3689,0,12,1,0,1,1,0,1,2,1,0,1,0,"0000000",99,98,99,98,88,88,23,0,0,1,0
48,480506,1,1,0,0,0,11,11,479,0,18,2,2016,5,4,44,1,1,3,98,2,"US-59/LLOYD BENTSEN HWY","",161,27.69566111,-99.03741944,0,43,0,0,1,1,0,4,2,1,0,1,0,"0000000",99,99,99,99,99,99,0,0,0,4,0
48,480507,1,1,0,0,0,1,1,471,0,19,2,2016,6,15,45,0,1,5,98,8,"FM 405","",45,30.77135,-95.39438889,0,42,0,0,1,1,0,4,1,10,0,10,0,"0000000",99,98,99,98,88,88,0,0,0,1,0
48,480508,2,2,0,0,0,6,6,339,0,21,2,2016,1,18,30,0,1,5,98,8,"FM 1484","",66,30.39476111,-95.39968056,0,12,6,0,1,1,0,1,1,1,0,1,0,"0000000",99,99,99,99,99,99,0,0,0,1,0
48,480509,3,3,0,0,0,5,5,113,1730,25,2,2016,5,1,44,1,2,1,1,1,"I-45/JULIUS SCHEPPS FWY","",174,32.72853889,-96.76322778,0,12,1,0,1,1,0,1,2,1,0,1,0,"0000000",99,99,99,99,99,99,0,0,0,1,0
48,480510,1,1,0,0,0,1,1,343,0,25,2,2016,5,1,26,0,1,4,98,2,"US-259","",62,33.21723889,-94.74493889,0,42,0,0,1,1,0,4,2,1,0,1,0,"0000000",99,98,99,98,88,88,0,0,0,1,0
48,480511,2,2,0,0,0,2,2,439,502,25,2,2016,5,23,18,1,2,2,98,3,"SR-183","",168,32.83895833,-97.15069444,0,12,6,0,1,1,0,1,3,1,0,1,0,"0000000",23,19,23,21,0,18,0,0,0,1,0
48,480512,1,1,0,1,1,1,1,135,5030,26,2,2016,6,11,19,0,2,4,98,8,"FM 1882/WEST COUNTRY RD","",0,31.86651389,-102.39759444,0,8,0,0,8,1,0,11,1,1,0,1,0,"0000000",11,20,11,27,11,47,0,0,0,1,0
48,480513,1,1,0,0,0,1,1,423,0,26,2,2016,6,19,30,0,1,5,98,8,"FM 344","",38,32.14635,-95.42555,0,1,0,0,1,1,0,4,2,1,0,1,0,"0000000",99,98,99,98,88,88,0,0,0,1,1
48,480514,2,2,0,0,0,3,3,453,330,26,2,2016,6,9,47,1,2,3,98,8,"FM 2222","",20,30.39162778,-97.83048056,0,12,1,0,1,1,0,1,1,1,0,1,0,"0000000",9,54,10,7,10,59,0,0,0,1,0
48,480515,2,2,0,0,0,5,5,135,0,27,2,2016,7,20,38,1,2,3,98,2,"US-385","CR-100TH ST",146,31.95548889,-102.40815556,0,12,6,0,2,2,0,1,2,1,0,1,0,"0000000",20,34,20,42,20,57,0,0,0,1,1
48,480516,1,1,0,0,0,1,1,215,0,28,2,2016,1,22,45,0,8,98,98,4,"CR-SIOUX RD","CR-GOLIE RD",0,26.20551944,-98.05737778,0,34,0,0,3,3,0,4,2,1,0,1,0,"0000000",99,98,99,98,88,88,0,0,0,1,0
48,480517,1,1,0,0,0,1,1,145,0,29,2,2016,2,5,42,0,1,5,98,3,"SR-320","",22,31.2604,-96.99226111,0,1,0,0,1,1,0,1,2,10,0,10,0,"0000000",99,98,99,98,88,88,0,0,0,1,1
48,480518,2,2,0,0,0,3,3,367,0,29,2,2016,2,12,5,0,2,4,98,3,"SR-171","",44,32.71168056,-97.77855,0,12,2,0,1,1,0,1,1,1,0,1,0,"0000000",99,98,99,98,88,88,0,0,0,2,0
48,480519,4,4,0,0,0,4,4,15,0,1,3,2016,3,12,48,1,1,1,1,1,"I-10","",2,29.77115833,-96.03696111,0,12,6,0,1,1,0,1,1,1,0,1,0,"0000000",12,48,12,55,13,42,0,0,0,1,0
48,480520,1,1,0,1,1,1,1,91,0,1,3,2016,3,12,26,0,8,98,98,4,"CR-KUEGER CANYON DR","",0,29.67281944,-98.19906111,0,9,0,0,1,1,0,1,1,1,0,1,0,"0000000",12,45,12,51,13,25,0,0,0,1,0
48,480521,1,1,0,0,0,1,1,113,1730,1,3,2016,3,12,23,1,2,1,1,1,"I-20 LBJ FWY","",104,32.6542,-96.87742222,0,21,0,1,19,1,0,4,1,1,0,1,0,"0000000",99,99,99,99,99,99,0,0,0,1,0
48,480522,2,2,0,0,0,3,3,113,1730,1,3,2016,3,16,25,0,8,98,98,6,"CAMP WISDOM RD","CHAUCER PL",0,32.66206944,-96.86786667,0,1,0,0,2,3,0,1,1,1,0,1,0,"0000000",99,99,99,99,99,99,0,0,0,1,0
48,480523,2,2,0,1,1,1,1,121,0,1,3,2016,3,20,43,1,2,1,1,1,"I-35E/US-77","",108,33.10200278,-97.02763611,0,12,1,0,1,1,1,1,2,1,0,1,0,"0000000",20,46,21,1,99,99,23,0,0,1,0
48,480524,2,2,0,0,0,5,5,479,0,1,3,2016,3,12,18,1,1,3,98,2,"US-59 LLOYD BENTSON HWY","",332,27.58840278,-99.28989722,0,12,2,0,1,1,0,2,1,1,0,1,0,"0000000",99,98,99,98,88,88,0,0,0,4,0
48,480525,2,2,0,0,0,4,4,29,6090,2,3,2016,4,19,59,1,2,3,98,8,"SL13 WW WHITE RD","",93,29.42668056,-98.40543333,0,12,6,0,8,1,0,1,3,1,0,1,0,"0000000",99,99,99,99,99,99,0,0,0,1,0
48,480526,2,2,0,0,0,2,2,89,0,2,3,2016,4,12,24,1,1,1,1,1,"I-10","",127,29.692025,-96.6404,0,57,0,0,1,1,0,3,1,1,0,1,0,"0000000",99,99,99,99,99,99,0,0,0,1,0
48,480527,1,1,0,1,1,1,1,141,2190,2,3,2016,4,3,25,1,2,2,98,2,"US-54","",116,31.8588,-106.44063333,0,8,0,0,1,1,0,1,3,1,0,1,0,"0000000",99,98,99,98,88,88,19,0,0,1,0
48,480528,1,1,0,1,1,1,1,141,2190,2,3,2016,4,22,7,1,2,3,98,2,"US-85/SR-62 PAISANO","",41,31.76470833,-106.50966667,0,8,0,0,1,1,0,1,2,1,0,1,0,"0000000",99,98,99,98,88,88,0,0,0,1,0
48,480529,1,1,0,0,0,1,1,185,0,2,3,2016,4,23,5,0,8,98,98,4,"CR-418 INDUSTRIAL DR","",0,30.36660833,-96.08423056,0,58,0,0,1,1,0,4,3,1,0,1,0,"9999999",99,98,99,98,88,88,0,0,0,1,0
48,480530,2,2,0,0,0,2,2,225,0,2,3,2016,4,7,34,1,1,3,98,3,"SR-7","",49,31.32341111,-95.37674167,0,12,1,0,8,1,0,1,1,1,0,1,0,"0000000",99,98,99,98,88,88,0,0,0,1,0
48,480531,2,2,0,0,0,2,2,251,1030,2,3,2016,4,19,44,1,1,1,1,1,"I-35 W","",151,32.45831667,-97.26203056,0,12,1,0,1,1,1,1,2,1,0,1,0,"0000000",19,46,19,56,20,28,0,0,0,1,0
48,480532,1,1,0,0,0,1,1,451,0,2,3,2016,4,0,0,0,1,5,98,8,"FM 1692","US-67",0,31.55225278,-100.29393333,0,38,0,0,3,2,0,4,2,1,0,1,0,"0000000",99,98,99,98,88,88,0,0,0,1,1
48,480533,1,1,0,1,1,1,1,473,3580,2,3,2016,4,4,33,1,1,1,1,1,"I-10","",95,29.77724722,-95.88454167,0,8,0,0,1,1,0,1,2,1,0,1,0,"0000000",99,98,99,98,88,88,0,0,0,1,0
48,480534,1,1,0,1,1,1,1,113,1240,3,3,2016,5,22,10,1,2,2,98,2,"US-67","",158,32.58540833,-96.95073056,0,8,0,0,1,1,0,1,2,1,0,1,0,"0000000",99,98,99,98,88,88,23,0,0,1,0
48,480535,2,2,0,0,0,3,3,141,0,3,3,2016,5,11,15,1,2,3,98,3,"SR-20 DONIPHAN DR","",19,31.97245556,-106.60447778,0,12,2,0,1,1,0,1,1,1,0,1,0,"0000000",11,24,11,51,12,24,0,0,0,1,0
48,480536,2,2,0,0,0,2,2,157,4655,3,3,2016,5,6,17,1,2,2,98,2,"US-90 A","",331,29.61870833,-95.53795,0,12,6,1,18,1,0,1,2,1,0,1,0,"0000000",6,15,6,22,6,52,0,0,0,1,0
48,480537,1,1,0,0,0,2,2,179,5190,3,3,2016,5,23,29,0,8,98,98,6,"STARKWEATHER ST","",0,35.53654722,-100.95579167,0,10,0,0,6,1,0,1,3,1,0,1,0,"014543G",99,99,99,99,99,99,0,0,0,2,0
48,480538,2,2,0,0,0,2,2,201,0,3,3,2016,5,20,45,0,8,98,98,4,"CR-C E KING PKWY","",0,29.87804722,-95.20838333,0,12,2,0,1,1,0,1,2,1,0,1,0,"0000000",99,99,99,99,99,99,0,0,0,1,0
48,480539,3,3,0,0,0,7,7,21,0,4,3,2016,6,14,1,1,1,3,98,2,"US-290","FM 2336",117,30.27932778,-97.24228056,0,12,2,0,2,2,0,1,1,1,0,1,0,"0000000",99,99,99,99,99,99,0,0,0,4,0
48,480540,1,1,0,0,0,1,1,29,0,4,3,2016,6,22,56,1,1,3,98,2,"US-181","",151,29.27448611,-98.32065556,0,30,0,0,1,1,0,4,2,1,0,1,0,"0000000",23,8,23,29,23,47,0,0,0,1,0
48,480541,2,2,0,0,0,5,5,71,0,4,3,2016,6,18,49,0,1,5,98,8,"FM 1942","",87,29.84768333,-94.95823333,1,12,2,0,1,1,0,1,2,1,0,1,0,"0000000",18,58,19,7,19,48,0,0,0,1,0
48,480542,2,2,0,0,0,2,2,93,0,4,3,2016,6,9,35,1,1,3,98,3,"SR-6","",155,32.09165,-98.44361389,0,12,6,0,1,1,0,1,1,1,0,1,0,"0000000",9,44,10,18,11,21,0,0,0,1,0
48,480543,1,1,0,2,2,1,1,181,6350,4,3,2016,6,20,49,0,2,4,98,8,"FM 1417","",36,33.65363611,-96.64228056,0,8,0,0,1,1,0,1,2,1,0,1,0,"0000000",99,98,99,98,88,88,0,0,0,1,1
48,480544,2,2,0,0,0,4,4,199,0,4,3,2016,6,22,45,0,1,4,98,3,"SR-327","",29,30.34445833,-94.25079167,0,12,2,0,1,1,0,1,2,1,0,1,0,"0000000",99,99,99,99,99,99,0,0,0,1,1
48,480545,2,2,0,0,0,2,2,201,0,4,3,2016,6,4,40,0,8,98,98,4,"CR-ATASCOCITA RD","",0,29.99410278,-95.175725,0,12,6,0,1,1,0,1,3,1,0,1,0,"0000000",4,41,4,49,5,47,0,0,0,1,1
48,480546,1,1,0,0,0,1,1,201,0,4,3,2016,6,20,9,0,8,98,98,4,"CR-POSTWOOD GLEN LN","",0,30.04990556,-95.35073056,0,19,0,0,1,1,0,5,2,1,0,1,0,"0000000",20,15,20,39,21,10,0,0,0,1,0
48,480547,1,1,0,1,1,1,1,215,4197,4,3,2016,6,20,43,1,2,3,98,3,"SR-336 10TH ST","",37,26.25234722,-98.22169722,0,8,0,0,1,1,0,1,3,1,0,1,0,"0000000",20,43,20,49,21,0,0,0,0,1,0
48,480548,2,2,0,0,0,2,2,325,0,4,3,2016,6,20,30,0,1,5,98,8,"FM 1957","",46,29.43117778,-98.81326667,0,12,2,0,1,1,0,1,1,1,0,1,0,"0000000",99,98,99,98,88,88,0,0,0,1,0
48,480549,1,1,0,1,1,2,2,113,1730,5,3,2016,7,2,25,1,2,3,98,3,"SR-183 JOHN CARPENTER FWY","",101,32.82467222,-96.88150278,0,8,0,0,1,1,0,1,2,1,0,1,0,"0000000",99,98,99,98,88,88,0,0,0,1,0
48,480550,2,2,0,0,0,4,4,113,2590,5,3,2016,7,1,4,0,8,98,98,6,"LAWLER RD","YALE DR",0,32.92392778,-96.69259444,0,12,6,0,2,2,0,1,3,1,0,1,0,"0000000",1,9,1,15,1,33,0,0,0,2,1
48,480551,1,1,0,0,0,1,1,149,0,5,3,2016,7,13,23,0,1,4,98,2,"US-77","",179,29.84874722,-96.90687778,0,42,0,0,1,1,0,4,1,1,0,1,0,"0000000",99,99,99,99,88,88,0,0,0,1,0
48,480552,2,2,0,0,0,2,2,245,490,5,3,2016,7,15,24,1,2,3,98,2,"US-90 COLLEGE ST","",31,30.06812778,-94.13879722,0,12,2,0,1,1,0,11,1,1,0,1,0,"0000000",15,26,15,28,15,38,0,0,0,1,0
48,480553,2,2,0,0,0,5,5,477,0,5,3,2016,7,21,17,0,1,5,98,8,"FM 389","",76,30.12708889,-96.47808889,0,12,6,0,1,1,0,1,2,1,0,1,0,"0000000",99,99,99,99,88,88,0,0,0,1,1
48,480554,1,1,0,1,1,5,5,29,6090,6,3,2016,1,0,15,1,2,3,98,8,"SL-13 MILITARY DR","",50,29.35403056,-98.47713889,0,8,0,0,1,1,0,1,3,1,0,1,0,"0000000",99,99,99,99,88,88,0,0,0,1,0
48,480555,1,1,0,1,1,1,1,29,6090,6,3,2016,1,3,39,0,8,98,98,6,"ZARZAMORA","",0,29.37090556,-98.53404444,0,8,0,0,1,1,0,1,3,1,0,1,0,"0000000",99,99,99,99,88,88,0,0,0,1,0
48,480556,1,1,0,1,1,1,1,41,0,6,3,2016,1,22,50,0,1,4,98,8,"FM 60","",16,30.56927778,-96.40440278,0,8,0,0,1,1,0,1,2,1,0,1,0,"0000000",99,98,99,98,88,88,0,0,0,1,0
48,480557,1,1,0,0,0,2,2,61,940,6,3,2016,1,2,30,0,8,98,98,6,"OLD PORT ISABEL RD","",0,25.94204444,-97.46918611,0,38,0,0,1,1,0,5,3,1,0,1,0,"0000000",2,33,2,42,2,56,20,0,0,1,1
48,480558,1,1,0,1,1,2,2,113,1730,6,3,2016,1,22,35,0,8,98,98,6,"POLK ST","LEGENDARY LN",0,32.69976667,-96.83997222,0,8,0,0,3,3,0,1,3,1,0,1,0,"0000000",99,99,99,99,88,88,0,0,0,1,0
48,480559,1,1,0,0,0,1,1,149,0,6,3,2016,1,1,7,0,1,6,98,8,"FM 2503","",25,29.87265833,-96.66574722,0,32,0,0,1,1,0,4,2,1,0,1,0,"0000000",99,98,99,98,88,88,0,0,0,1,1
48,480560,1,1,0,0,0,1,1,201,3280,6,3,2016,1,20,30,1,2,1,1,7,"I-45","",385,29.96252778,-95.41895,0,33,0,0,1,1,0,10,2,1,0,1,0,"0000000",99,98,99,98,88,88,0,0,0,1,0
48,480561,1,1,0,0,0,1,1,309,0,6,3,2016,1,20,10,1,1,1,1,1,"I-35","",96,31.8275,-97.0946,0,59,0,0,1,1,0,4,3,1,0,1,0,"0000000",99,99,99,99,99,99,0,0,0,1,1
48,480562,1,1,0,0,0,1,1,375,150,6,3,2016,1,1,4,0,8,98,98,6,"15TH AVE","",0,35.22936389,-101.81230556,0,33,0,0,1,1,0,4,2,1,0,1,0,"0000000",1,5,1,9,1,34,0,0,0,1,1
48,480563,2,2,0,0,0,3,3,53,0,7,3,2016,2,12,10,1,1,3,98,2,"US-281 AMERICAN LEGION MEM HWY","",269,30.65863611,-98.25625278,0,12,6,0,8,1,0,1,1,10,0,10,0,"0000000",12,13,12,26,13,42,0,0,0,1,0
48,480564,2,2,0,0,0,2,2,113,3420,7,3,2016,2,6,17,1,2,2,98,7,"SR-161","WALNUT HILL LN",128,32.86603611,-97.00376389,0,12,2,1,2,2,0,1,3,1,0,1,0,"0000000",6,18,6,24,6,50,0,0,0,1,0
48,480565,1,1,0,0,0,1,1,201,3280,7,3,2016,2,23,29,1,2,3,98,8,"US90 WAYSIDE DR","",207,29.76050833,-95.29449444,0,33,0,0,1,1,0,3,2,10,0,10,0,"0000000",99,98,99,98,88,88,0,0,0,1,1
48,480566,2,2,0,0,0,2,2,381,150,7,3,2016,2,21,24,1,2,3,98,8,"SL335 SONCY RD","BUCCOLA AVE",32,35.14067778,-101.93815,0,12,6,0,2,3,0,1,2,1,0,1,0,"0000000",99,98,99,98,88,88,0,0,0,1,0
48,480567,1,1,0,0,0,1,1,141,2190,8,3,2016,3,9,29,0,8,98,98,6,"REDD RD","",0,31.86385,-106.56945278,0,43,0,0,1,1,0,4,1,10,0,10,0,"0000000",9,34,9,46,10,2,0,0,0,1,1
48,480568,1,1,0,0,0,2,2,201,3280,8,3,2016,3,4,7,0,8,98,98,6,"WAYSIDE","",0,29.8251,-95.28444722,0,33,0,0,1,1,0,3,3,10,0,10,0,"0000000",4,12,4,15,4,56,0,0,0,1,1
48,480569,3,3,0,0,0,4,4,453,330,8,3,2016,3,10,48,1,2,3,98,8,"RM2222 NORTHLAND DR","SL1 MOPAC",88,30.33682222,-97.75591111,0,12,6,1,2,2,0,1,1,10,0,10,0,"0000000",10,48,10,55,11,11,0,0,0,1,0
48,480570,1,1,0,0,0,2,2,113,1730,9,3,2016,4,15,40,0,8,98,98,6,"WESTMORELAND RD","",0,32.7587,-96.87408889,0,30,0,0,1,1,0,4,1,2,0,2,0,"0000000",99,99,99,99,99,99,0,0,0,1,0
48,480571,2,2,0,0,0,2,2,201,480,9,3,2016,4,6,52,1,2,2,98,8,"BS146E","",60,29.7136,-94.98257222,0,12,6,0,1,1,0,1,4,2,0,2,0,"0000000",6,54,6,59,7,23,0,0,0,1,0
48,480572,2,1,1,0,0,1,1,215,2110,9,3,2016,4,18,2,1,2,1,1,1,"I-69C","",316,26.35230278,-98.147775,0,25,0,0,1,1,0,3,3,2,0,2,0,"0000000",99,99,99,99,99,99,0,0,0,1,0
48,480573,2,2,0,0,0,2,2,339,1510,9,3,2016,4,5,8,1,2,1,1,1,"I-45","",123,30.28565556,-95.46120556,0,12,6,0,1,1,0,1,3,2,0,2,0,"0000000",99,98,99,98,88,88,0,0,0,1,0
48,480574,2,2,0,0,0,2,2,375,0,9,3,2016,4,5,40,1,2,3,98,2,"US-60","",194,35.24576389,-101.672025,0,12,1,0,1,1,0,1,2,10,0,10,0,"0000000",5,49,6,2,6,34,0,0,0,1,0
48,480575,2,1,1,1,2,1,2,29,0,10,3,2016,5,14,17,0,8,98,98,4,"CR-BABCOCK RD","",0,29.63043333,-98.65372778,0,8,0,0,1,1,0,1,1,2,0,2,0,"0000000",99,99,99,99,99,99,19,0,0,1,0
48,480576,2,2,0,0,0,2,2,183,0,10,3,2016,5,6,49,0,1,4,98,3,"SR-149","",0,32.38917222,-94.66529722,0,12,6,0,1,1,0,1,1,2,0,2,0,"0000000",99,99,99,99,99,99,0,0,0,1,0