"STATE","ST_CASE","VE_TOTAL","VE_FORMS","PVH_INVL","PEDS","PERNOTMVIT","PERMVIT","PERSONS","COUNTY","CITY","DAY","MONTH","YEAR","DAY_WEEK","HOUR","MINUTE","NHS","RUR_URB","FUNC_SYS","RD_OWNER","ROUTE","TWAY_ID","TWAY_ID2","MILEPT","LATITUDE","LONGITUD","SP_JUR","HARM_EV","MAN_COLL","RELJCT1","RELJCT2","TYP_INT","WRK_ZONE","REL_ROAD","LGT_COND","WEATHER1","WEATHER2","WEATHER","SCH_BUS","RAIL","NOT_HOUR","NOT_MIN","ARR_HOUR","ARR_MIN","HOSP_HR","HOSP_MN","CF1","CF2","CF3","FATALS","DRUNK_DR"
48,480577,1,1,0,0,0,1,1,201,3280,10,3,2016,5,20,39,1,2,3,98,8,"UA90 OLD SPANISH TRL","",150,29.70845,-95.33802778,0,42,0,0,1,1,0,4,3,10,0,10,0,"0000000",20,35,20,38,21,3,0,0,0,1,0
48,480578,2,2,0,0,0,3,3,231,0,10,3,2016,5,11,54,0,1,4,98,3,"SR-34","",97,32.99260278,-96.10806389,0,12,2,0,1,1,0,1,1,10,0,10,0,"0000000",99,99,99,99,99,99,0,0,0,2,1
48,480579,2,2,0,0,0,3,3,241,0,10,3,2016,5,8,36,0,1,4,98,3,"SR-63","",55,31.02611111,-94.16808333,0,12,6,0,1,1,0,1,1,2,0,2,0,"0000000",99,99,99,99,99,99,0,0,0,2,0
48,480580,1,1,0,0,0,1,1,419,0,10,3,2016,5,20,21,0,1,5,98,8,"FM699","",45,31.94533611,-94.16176667,0,42,0,0,1,1,0,4,2,10,0,10,0,"0000000",99,99,99,99,99,99,0,0,0,1,0
48,480581,1,1,0,1,1,1,1,29,6090,11,3,2016,6,19,33,1,2,3,98,8,"SL368 AUSTIN HWY","",111,29.51048611,-98.40747222,0,8,0,0,1,1,0,1,3,2,0,2,0,"0000000",99,99,99,99,99,99,0,0,0,1,0
48,480582,1,1,0,1,1,1,1,453,330,11,3,2016,6,5,12,1,2,1,1,7,"I-35","",180,30.27060833,-97.73237222,0,8,0,1,18,1,0,1,2,2,0,2,0,"0000000",99,98,99,98,88,88,0,0,0,1,0
48,480583,1,1,0,0,0,1,1,85,1730,12,3,2016,7,1,30,0,8,98,98,6,"MIDWAY RD","",0,32.98878611,-96.84261111,0,30,0,0,1,1,0,3,3,10,0,10,0,"0000000",99,98,99,98,88,88,0,0,0,1,1
48,480584,1,1,0,1,1,1,1,113,1730,12,3,2016,7,19,56,0,8,98,98,6,"HOLCOMB RD","",0,32.73566111,-96.67428889,0,8,0,0,1,1,0,1,3,1,0,1,0,"0000000",99,98,99,98,88,88,0,0,0,1,0
48,480585,1,1,0,1,1,2,2,141,2190,12,3,2016,7,3,15,1,2,2,98,8,"SL375","",244,31.81958333,-106.27244722,0,8,0,0,20,1,0,1,2,1,0,1,0,"0000000",99,98,99,98,88,88,0,0,0,1,0
48,480586,1,1,0,0,0,2,2,201,3280,12,3,2016,7,5,58,1,2,1,1,7,"I-10","",95,29.78519444,-95.65825833,0,30,0,0,1,1,0,10,4,10,0,10,0,"0000000",5,58,6,16,6,49,0,0,0,1,1
48,480587,1,1,0,0,0,2,2,441,30,12,3,2016,7,19,25,1,2,1,1,1,"I-20","",102,32.48115556,-99.77544167,0,52,0,1,19,1,0,3,3,1,0,1,0,"0000000",99,99,99,99,99,99,0,0,0,1,0
48,480588,2,2,0,0,0,3,3,245,5430,13,3,2016,1,3,22,1,2,3,98,2,"US-69 MEMORIAL BLVD","",163,29.92768333,-93.968225,0,12,2,0,1,1,0,1,2,1,0,1,0,"0000000",99,99,99,99,99,99,0,0,0,1,1
48,480589,1,1,0,0,0,2,2,15,0,14,3,2016,2,11,31,1,1,1,1,1,"I-10","",140,29.77356944,-96.07278889,0,24,0,0,1,1,0,4,1,1,0,1,0,"0000000",11,31,11,40,12,30,0,0,0,1,0
48,480590,2,2,0,0,0,3,3,303,4140,14,3,2016,2,18,29,1,2,3,98,2,"US-84 AVE Q","",37,33.54819722,-101.85515556,0,12,6,0,8,1,0,1,1,1,0,1,0,"0000000",18,30,18,35,18,50,0,0,0,1,0
48,480592,1,1,0,0,0,1,1,245,5430,15,3,2016,3,19,44,0,2,5,98,3,"SR-82/MLK BLVD","",84,29.778325,-93.9395,0,31,0,0,1,1,0,4,5,10,0,10,0,"0000000",99,98,99,98,88,88,26,0,0,1,0
48,480593,2,2,0,0,0,2,2,367,0,15,3,2016,3,14,20,0,1,5,98,3,"SR-171/CLEBURNE HWY","",140,32.60793056,-97.68723889,0,12,2,0,1,1,0,1,1,1,0,1,0,"0000000",99,99,99,99,99,99,0,0,0,1,0
48,480594,1,1,0,0,0,3,3,201,3320,20,1,2016,4,23,22,0,8,98,98,6,"WILSON RD","",0,29.96681111,-95.24816389,0,32,0,0,1,1,0,4,3,10,0,10,0,"0000000",23,22,23,30,0,2,0,0,0,1,0
48,480595,1,1,0,0,0,1,1,479,3899,31,1,2016,1,3,33,1,2,1,1,1,"I-35","",53,27.57090833,-99.5027,0,1,0,1,20,1,0,1,3,1,0,1,0,"0000000",99,98,99,98,88,88,0,0,0,1,1
48,480596,2,2,0,0,0,1,1,201,3280,17,2,2016,4,20,40,1,2,1,1,1,"I-610/EAST LP N","",31,29.75608333,-95.26526944,0,12,1,0,1,1,0,1,2,1,0,1,0,"0000000",99,98,99,98,88,88,23,0,0,1,0
48,480597,2,2,0,0,0,3,3,479,3899,25,2,2016,5,9,57,0,2,3,98,8,"BU-59/SANDERS ST/LLOYD BENTSEY","SPRINGFIELD",447,27.53059444,-99.49268056,0,12,6,0,2,2,0,1,1,1,0,1,0,"0000000",9,57,10,9,10,24,0,0,0,1,0
48,480598,2,2,0,0,0,2,2,29,6090,26,2,2016,6,23,52,0,8,98,98,6,"RECTOR","",0,29.51689444,-98.49185278,0,12,6,0,8,1,0,1,3,1,0,1,0,"0000000",99,99,99,99,99,99,0,0,0,1,1
48,480599,1,1,0,0,0,2,2,145,0,27,2,2016,7,19,6,0,1,6,98,8,"FM 2117","",22,31.33258056,-96.93058889,0,1,0,0,1,1,0,4,2,1,0,1,0,"0000000",99,99,99,99,99,99,0,0,0,1,1
48,480600,2,2,0,0,0,3,3,301,0,29,2,2016,2,6,30,0,1,5,98,8,"FM 652","",73,31.95686111,-103.76385,0,12,2,0,1,1,0,2,2,1,0,1,0,"0000000",99,99,99,99,99,99,0,0,0,1,0
48,480601,4,4,0,0,0,6,6,367,0,2,3,2016,4,7,50,0,1,5,98,3,"SR-171","",123,32.6315,-97.6974,0,12,8,0,1,1,0,1,1,1,0,1,0,"0000000",99,99,99,99,99,99,0,0,0,1,0
48,480602,1,1,0,0,0,1,1,201,0,5,3,2016,7,3,20,1,2,2,98,7,"SL8 SAM HOUSTON PKWY","",28,29.5963,-95.43141944,0,33,0,0,1,1,0,4,3,1,0,1,0,"0000000",99,98,99,98,88,88,0,0,0,1,1
48,480603,1,1,0,1,1,1,1,215,4197,5,3,2016,7,3,51,1,2,1,1,1,"I-2/US-83","",241,26.18901944,-98.22829444,0,8,0,0,1,1,0,1,3,1,0,1,0,"0000000",99,99,99,99,99,99,0,0,0,1,0
48,480604,2,2,0,0,0,3,3,257,0,5,3,2016,7,1,34,1,2,2,98,2,"US-80","",16,32.77195556,-96.49246389,0,12,2,0,1,1,0,1,2,1,0,1,0,"0000000",1,49,1,49,2,8,0,0,0,3,2
48,480605,1,1,0,1,1,3,3,201,3280,6,3,2016,1,20,45,1,2,1,1,1,"I-45 NORTH FWY","",300,29.84283611,-95.39113889,0,8,0,0,1,1,0,1,3,1,0,1,0,"0000000",99,98,99,98,88,88,0,0,0,1,0
48,480606,2,2,0,0,0,3,3,229,0,7,3,2016,2,21,29,1,1,1,1,1,"I-10","",545,31.13113611,-105.20881667,0,12,1,0,1,1,0,1,2,1,0,1,0,"0000000",99,98,99,98,88,88,0,0,0,1,0
48,480607,2,2,0,0,0,3,3,367,0,9,3,2016,4,18,5,0,1,5,98,8,"FM51","",70,32.91941389,-97.71159444,0,12,2,0,1,1,0,1,1,2,0,2,0,"0000000",99,99,99,99,99,99,0,0,0,1,0
48,480608,4,4,0,0,0,5,5,141,2190,10,3,2016,5,15,14,0,8,98,98,6,"LEE TREVINO DR","",0,31.75380556,-106.31876111,0,12,1,0,1,1,0,1,1,1,0,1,0,"0000000",15,16,15,22,15,37,0,0,0,1,0
48,480609,1,1,0,0,0,1,1,201,0,10,3,2016,5,1,55,1,2,1,1,7,"I-45 NORTH FWY","",470,30.08461944,-95.4367,0,59,0,1,19,1,0,10,3,2,0,2,0,"0000000",99,98,99,98,88,88,0,0,0,1,1
48,480610,2,2,0,0,0,2,2,275,0,10,3,2016,5,3,32,1,2,3,98,2,"US-82/SR-114","",86,33.58359722,-99.8433,0,11,0,0,1,1,0,1,2,10,0,10,0,"0000000",99,98,99,98,88,88,0,0,0,1,0
48,480611,2,1,1,0,1,1,2,439,260,10,3,2016,5,23,35,0,8,98,98,6,"FIELDER RD","",0,32.70566111,-97.13203889,0,41,0,0,1,1,0,4,2,2,0,2,0,"0000000",99,98,99,98,88,88,0,0,0,1,1
48,480612,1,1,0,1,1,1,1,29,6090,11,3,2016,6,20,28,0,8,98,98,6,"SAN PEDRO AVE","",0,29.5024,-98.49921944,0,8,0,0,1,1,0,1,3,10,0,10,0,"0000000",99,99,99,99,99,99,0,0,0,1,0
48,480613,1,1,0,0,0,1,1,237,0,11,3,2016,6,20,15,0,1,4,98,2,"US-380","",34,33.16576667,-98.36950278,0,42,0,0,1,1,0,4,2,5,0,5,0,"0000000",99,98,99,98,88,88,0,0,0,1,0
48,480614,1,1,0,0,0,2,2,111,0,12,3,2016,7,6,50,1,1,3,98,2,"US-54","",64,36.187675,-102.31716944,0,1,0,0,1,1,0,4,1,1,0,1,0,"0000000",99,98,99,98,88,88,0,0,0,1,0
48,480615,2,2,0,0,0,3,3,135,0,12,3,2016,7,19,27,0,1,4,98,3,"SR-302","FM866",105,31.89912222,-102.58629444,0,12,6,0,2,2,0,1,2,1,0,1,0,"0000000",19,28,19,40,19,58,0,0,0,1,1
48,480616,1,1,0,0,0,1,1,219,0,12,3,2016,7,4,28,0,1,4,98,2,"US-3855","FM1585",233,33.50150556,-102.37549722,0,43,0,0,3,3,0,4,2,1,0,1,0,"0000000",4,30,4,35,5,20,0,0,0,1,1
48,480617,2,2,0,1,1,3,3,395,0,12,3,2016,7,9,45,1,1,3,98,2,"US-190/SR-6","",103,30.77658333,-96.49085278,0,9,0,0,8,1,0,5,1,10,0,10,0,"0000000",9,45,9,58,88,88,0,0,0,1,0
48,480618,1,1,0,0,0,1,1,139,4570,13,3,2016,1,23,20,0,8,98,98,6,"MCALPIN RD","",0,32.42027778,-96.96770556,0,1,0,0,1,1,0,1,2,1,0,1,0,"0000000",99,98,99,98,88,88,0,0,0,1,1
48,480619,1,1,0,2,2,2,2,157,0,13,3,2016,1,20,0,0,8,98,98,4,"CR-AIRPORT BLVD","",0,29.64888333,-95.648775,0,8,0,0,1,1,0,1,2,1,0,1,0,"0000000",20,0,20,7,20,59,0,0,0,1,0
48,480620,2,2,0,0,0,2,2,183,0,14,3,2016,2,10,1,1,2,3,98,2,"US-259","",105,32.57207778,-94.73538889,0,12,6,0,8,1,0,1,1,1,0,1,0,"0000000",99,98,99,98,88,88,0,0,0,1,0
48,480621,1,1,0,0,0,1,1,201,3280,14,3,2016,2,22,45,1,1,1,1,1,"I-610 SOUTH LOOP","",235,29.68624444,-95.3392,0,52,0,0,1,1,0,10,3,10,0,10,0,"0000000",99,98,99,98,88,88,0,0,0,1,0
48,480622,2,2,0,0,0,4,4,201,3280,14,3,2016,2,19,6,1,2,3,98,8,"FM 865 CULLEN BLVD","",30,29.66209722,-95.35555,0,12,1,0,8,1,0,1,3,1,0,1,0,"0000000",19,4,19,9,19,25,0,0,0,1,0
48,480624,1,1,0,2,2,1,1,29,6090,15,3,2016,3,20,0,1,2,3,98,8,"FM 1976 WALZEM RD","FENWAY DR",18,29.5103,-98.37700556,0,15,0,0,2,2,0,1,3,10,0,10,0,"0000000",99,99,99,99,99,99,0,0,0,1,0
48,480625,1,1,0,0,0,2,2,453,330,16,3,2016,4,0,7,0,8,98,98,6,"CESAR CHAVEZ ST","",0,30.26756111,-97.75780833,0,1,0,0,1,1,0,4,3,1,0,1,0,"0000000",0,7,0,15,0,28,0,0,0,1,0
48,480626,4,1,3,0,0,2,2,113,2310,17,3,2016,5,1,43,0,8,98,98,6,"VALWOOD PKWY","",0,32.93852778,-96.89755,0,14,0,0,1,1,0,2,3,1,0,1,0,"0000000",99,98,99,98,88,88,0,0,0,1,1
48,480627,1,1,0,1,1,3,3,201,3280,18,3,2016,6,22,23,1,2,2,98,8,"SL-8 SAM HOUSTON PKWY","",54,29.69851944,-95.55721667,0,8,0,0,1,1,0,1,3,10,0,10,0,"0000000",99,98,99,98,88,88,0,0,0,1,0
48,480628,1,1,0,1,1,1,1,347,0,18,3,2016,6,0,55,0,1,4,98,3,"SR-7","CR-612",98,31.57569722,-94.69919722,0,8,0,0,1,1,0,1,2,1,0,1,0,"0000000",99,99,99,99,99,99,0,0,0,1,0
48,480629,1,1,0,0,0,1,1,497,0,19,3,2016,7,19,55,0,8,98,98,4,"CR-SALT CREEK RD","",0,33.01564444,-97.813,0,31,0,0,1,1,0,4,2,1,0,1,0,"0000000",99,98,99,98,88,88,0,0,0,1,1
48,480630,1,1,0,0,0,1,1,439,2450,21,3,2016,2,1,13,1,2,3,98,8,"BU-287 P RIVERSIDE DR","",54,32.698675,-97.30516944,0,30,0,0,1,1,0,4,3,1,0,1,0,"0000000",99,98,99,98,88,88,0,0,0,1,1
48,480632,3,3,0,0,0,7,7,29,6090,22,2,2016,2,8,55,1,2,1,1,1,"I-410","",163,29.44742778,-98.63480833,0,12,1,1,18,1,0,1,1,2,0,2,0,"0000000",99,99,99,99,99,99,28,0,0,1,0
48,480633,2,2,0,0,0,3,3,29,6090,26,2,2016,6,14,10,0,8,98,98,6,"GENERAL MCMULLEN DR","CERALVO ST",0,29.40944167,-98.55675278,0,12,1,0,3,2,0,1,1,1,0,1,0,"0000000",99,98,99,98,88,88,0,0,0,1,0
48,480634,1,1,0,0,0,1,1,375,150,27,2,2016,7,22,25,0,8,98,98,6,"OLSEN BLVD","PARAMOUNT BLVD",0,35.18448889,-101.87523333,0,33,0,0,3,3,0,8,3,1,0,1,0,"0000000",22,25,22,32,22,49,0,0,0,1,1
48,480635,3,3,0,0,0,5,5,99,0,28,2,2016,1,2,1,1,2,2,98,2,"US-190","",49,31.12143611,-97.86175278,0,12,6,0,1,1,0,2,3,1,0,1,0,"0000000",2,13,2,15,2,49,0,0,0,2,2
48,480636,2,2,0,0,0,2,2,55,4372,3,3,2016,5,14,36,0,1,4,98,3,"SR-80 SAN MARCOS HWY","QUAIL RUN",41,29.85070833,-97.85340833,0,12,6,0,2,2,0,1,1,1,0,1,0,"0000000",99,98,99,98,88,88,0,0,0,1,0
48,480637,6,6,0,0,0,10,10,141,2190,4,3,2016,6,13,33,0,8,98,98,6,"STANTON","SCHUSTER",0,31.77034167,-106.49602778,0,12,98,0,3,2,0,1,1,1,0,1,0,"0000000",13,37,13,40,13,57,0,0,0,1,0
48,480638,2,2,0,0,0,2,2,329,0,5,3,2016,7,6,35,0,1,5,98,8,"FM 1379","",146,31.75383333,-101.83957778,0,12,1,0,1,1,0,1,2,1,0,1,0,"0000000",99,98,99,98,88,88,0,0,0,1,0
48,480639,2,1,1,0,1,3,4,491,2620,6,3,2016,1,2,20,1,1,1,1,1,"I-35","",170,30.71341111,-97.64703056,0,14,0,1,19,1,0,2,3,1,0,1,0,"0000000",2,20,2,28,2,57,0,0,0,1,1
48,480640,3,3,0,0,0,4,4,475,0,9,3,2016,4,9,57,1,1,1,1,1,"I-20","",222,31.54101389,-103.06286111,0,12,6,0,1,1,0,1,1,2,0,2,0,"0000000",10,1,10,15,11,2,0,0,0,2,0
48,480641,1,1,0,0,0,1,1,165,0,11,3,2016,6,15,48,0,8,98,98,4,"CR-301K","",0,32.66786944,-102.66581111,0,38,0,0,1,1,0,5,1,1,0,1,0,"0000000",15,32,15,39,16,10,0,0,0,1,1
48,480642,3,3,0,0,0,4,4,453,0,11,3,2016,6,17,13,1,1,3,98,3,"SR-71","CR-BEE CREEK RD",93,30.33141944,-98.02465,0,12,6,0,2,3,0,1,1,10,0,10,0,"0000000",17,26,17,36,18,22,0,0,0,1,0
48,480643,1,1,0,0,0,1,1,439,0,12,3,2016,7,7,18,1,2,2,98,2,"US-81/US287","",18,32.96779444,-97.41810833,0,21,0,0,1,1,0,3,3,2,0,2,0,"0000000",99,98,99,98,88,88,0,0,0,1,1
48,480644,1,1,0,0,0,2,2,61,0,13,3,2016,1,22,35,0,1,5,98,8,"FM 2925/BROWN TRACT RD","",131,26.25391944,-97.52903889,0,1,0,0,1,1,0,4,2,1,0,1,0,"0000000",99,99,99,99,99,99,0,0,0,1,0
48,480645,1,1,0,0,0,1,1,135,5030,13,3,2016,1,23,16,0,8,98,98,6,"EASTRIDGE RD","",0,31.89596667,-102.31006111,0,33,0,0,1,1,0,4,3,1,0,1,0,"0000000",99,98,99,98,88,88,0,0,0,1,1
48,480646,1,1,0,0,0,2,2,167,6213,13,3,2016,1,0,2,0,8,98,98,6,"SHOUSE","",0,29.40446667,-95.11070556,0,42,0,0,1,1,0,4,2,1,0,1,0,"0000000",0,5,0,14,1,47,0,0,0,1,1
48,480647,1,1,0,0,0,1,1,201,3280,15,3,2016,3,22,30,0,8,98,98,6,"BRAESWOOD BLVD","",0,29.69531944,-95.42026944,0,33,0,0,1,1,0,3,3,10,0,10,0,"0000000",99,98,99,98,88,88,0,0,0,1,1
48,480648,1,1,0,0,0,4,4,219,0,15,3,2016,3,13,48,1,1,3,98,2,"US-62","",31,33.42608889,-102.14671944,0,1,0,0,1,1,0,4,1,1,0,1,0,"0000000",13,48,13,48,14,26,0,0,0,3,0
48,480649,3,1,2,0,0,1,1,39,130,16,3,2016,4,15,16,1,2,3,98,8,"BS-35","",16,29.44018056,-95.24480278,0,14,0,0,1,1,0,5,1,1,0,1,0,"0000000",99,98,99,98,88,88,14,0,0,1,0
48,480650,1,1,0,0,0,1,1,85,4230,16,3,2016,4,15,47,1,2,2,98,2,"US-75","",118,33.24055278,-96.62946111,0,25,0,0,1,1,0,3,1,1,0,1,0,"0000000",99,98,99,98,88,88,0,0,0,1,1
48,480651,1,1,0,1,1,1,1,167,6171,16,3,2016,4,5,40,0,2,4,98,8,"FM 646","21ST ST",218,29.49823056,-94.93101667,1,8,0,0,3,2,0,1,2,1,0,1,0,"0000000",99,98,99,98,88,88,0,0,0,1,0
48,480653,1,1,0,0,0,2,2,261,0,17,3,2016,5,1,15,1,1,3,98,2,"US-77","",73,27.18308333,-97.79291111,0,1,0,0,1,1,0,4,2,1,0,1,0,"0000000",99,99,99,99,99,99,0,0,0,1,0
48,480654,5,5,0,0,0,7,7,303,4140,17,3,2016,5,11,45,1,2,3,98,2,"US-62 19TH ST","AVENUE Q",18,33.57781389,-101.85524167,0,12,6,0,2,2,0,1,1,1,0,1,0,"0000000",99,99,99,99,99,99,20,0,0,1,0
48,480655,2,2,0,0,0,4,4,21,0,18,3,2016,6,5,22,0,1,4,98,3,"SR-95","",45,29.94745,-97.17993889,0,12,2,0,1,1,0,1,2,10,0,10,0,"0000000",99,99,99,99,99,99,0,0,0,1,1
48,480656,2,2,0,0,0,4,4,113,1730,18,3,2016,6,14,53,0,8,98,98,6,"COCKRELL HILL RD","",0,32.70058056,-96.89134722,0,30,0,0,1,1,0,3,1,10,0,10,0,"0000000",99,99,99,99,99,99,14,0,0,1,1
48,480657,2,2,0,0,0,6,6,113,1730,18,3,2016,6,13,39,0,8,98,98,6,"WHEATLAND RD","RACINE DR",0,32.64784722,-96.83588611,0,12,6,0,2,3,0,1,1,10,0,10,0,"0000000",99,99,99,99,99,99,0,0,0,1,1
48,480658,1,1,0,0,0,2,2,113,5730,18,3,2016,6,4,40,1,2,2,98,2,"US-75 CENTRAL EXPY","",39,32.9394,-96.7463,0,25,0,1,19,1,0,3,6,10,0,10,0,"0000000",99,99,99,99,99,99,0,0,0,1,1
48,480660,1,1,0,0,0,1,1,201,3280,18,3,2016,6,9,40,0,8,98,98,6,"MEMORIAL DR","",0,29.76228056,-95.41135556,0,33,0,1,5,1,0,4,1,10,0,10,0,"0000000",99,98,99,98,88,88,0,0,0,1,1
48,480662,2,2,0,0,0,3,3,277,5220,18,3,2016,6,3,1,0,2,4,98,8,"BS-82 LAMAR AVE","FM 195 20TH ST",95,33.66124444,-95.53546667,0,12,98,0,3,2,0,1,3,1,0,1,0,"0000000",99,98,99,98,88,88,0,0,0,1,0
48,480663,2,2,0,0,0,2,2,291,1770,18,3,2016,6,12,32,0,1,4,98,2,"US-90","FM 1413",27,29.98770278,-94.96556389,0,12,6,0,2,2,0,1,1,10,0,10,0,"0000000",12,51,13,13,13,50,0,0,0,1,0
48,480664,1,1,0,1,1,1,1,453,330,18,3,2016,6,21,12,1,2,1,1,1,"I-35","RIVERSIDE DR",165,30.24808056,-97.73526667,0,8,0,1,18,1,0,1,3,2,0,2,0,"0000000",99,98,99,98,88,88,0,0,0,1,0
48,480665,1,1,0,0,0,1,1,39,0,19,3,2016,7,18,24,0,1,5,98,8,"FM 2611","",43,28.94831667,-95.58895556,0,1,0,0,1,1,0,4,1,1,0,1,0,"0000000",18,41,19,14,19,59,0,0,0,1,0
48,480666,1,1,0,0,0,2,2,113,1870,19,3,2016,7,21,30,1,2,1,1,7,"I-35 E","",30,32.59071111,-96.82270556,0,33,0,1,19,1,0,4,3,1,0,1,0,"0000000",21,30,21,34,99,99,0,0,0,1,0
48,480667,2,2,0,1,1,2,2,201,0,19,3,2016,7,1,38,0,8,98,98,4,"CR-JONES RD","",0,29.91811667,-95.58478333,0,8,0,0,1,1,0,1,2,10,0,10,0,"0000000",1,39,1,42,2,6,19,0,0,1,0
48,480668,1,1,0,1,1,1,1,201,480,19,3,2016,7,3,22,1,2,2,98,3,"SR-146","",108,29.75549722,-94.94019444,0,8,0,0,1,1,0,1,3,1,0,1,0,"0000000",99,98,99,98,88,88,19,0,0,1,1
48,480669,2,2,0,0,0,6,6,291,0,19,3,2016,7,14,40,0,1,5,98,8,"FM 1409","",216,29.89575556,-94.81407778,0,12,6,0,1,1,0,1,1,1,0,1,0,"0000000",15,8,15,22,16,1,0,0,0,1,0
48,480670,2,2,0,0,0,7,7,297,0,19,3,2016,7,5,20,1,1,1,1,1,"I-37","",225,28.41001667,-98.074975,0,12,1,0,1,1,0,1,2,1,0,1,0,"0000000",5,36,5,44,6,30,0,0,0,1,0
48,480671,3,3,0,0,0,7,7,407,0,19,3,2016,7,21,50,0,1,4,98,3,"SR-150","",187,30.56588056,-95.10178056,0,12,1,0,8,1,0,1,2,1,0,1,0,"0000000",23,22,0,8,1,7,0,0,0,1,0
48,480672,1,1,0,0,0,2,2,41,0,20,3,2016,1,18,10,0,8,98,98,4,"CR-MUMFORD RD","",0,30.72278889,-96.46265,0,5,0,0,1,1,0,1,1,1,0,1,0,"0000000",99,99,99,99,99,99,0,0,0,1,0
48,480673,1,1,0,0,0,1,1,329,9997,20,3,2016,1,0,9,1,2,1,1,7,"I-20","",5,31.87573333,-102.28320833,0,1,0,0,1,1,0,10,2,1,0,1,0,"0000000",99,98,99,98,88,88,0,0,0,1,1
48,480674,2,2,0,0,0,2,2,167,3220,21,3,2016,2,12,31,0,2,4,98,8,"FM 2004","",104,29.31415556,-95.07685,0,12,2,0,1,1,0,1,1,1,0,1,0,"0000000",99,98,99,98,88,88,0,0,0,2,0
48,480675,2,2,0,0,0,2,2,407,0,28,3,2016,2,17,48,0,1,4,98,3,"SR-150","",23,30.52404722,-95.33520833,0,12,7,0,1,1,0,1,1,10,0,10,0,"0000000",99,98,99,98,88,88,0,0,0,1,1
48,480676,1,1,0,0,0,2,2,201,3280,21,3,2016,2,14,40,0,8,98,98,6,"LEGEND MANOR DR","",0,29.72111111,-95.58389167,0,5,0,0,1,1,0,1,1,1,0,1,0,"0000000",14,20,14,26,14,53,0,0,0,1,0
48,480677,1,1,0,1,1,1,1,201,3280,21,3,2016,2,16,36,0,8,98,98,6,"LATHROP","LESLIE",0,29.76923611,-95.301225,0,8,0,0,3,3,0,4,1,1,0,1,0,"0000000",16,37,16,40,17,20,0,0,0,1,0
48,480678,2,2,0,0,0,2,2,329,0,21,3,2016,2,7,10,0,1,5,98,8,"FM 1379","",34,31.87203889,-101.8107,0,12,8,0,1,1,0,1,4,1,0,1,0,"0000000",7,8,7,27,8,11,0,0,0,1,0
48,480679,1,1,0,0,0,2,2,471,0,21,3,2016,2,7,20,0,1,5,98,8,"FM 1791","",107,30.63448056,-95.69686944,0,1,0,0,1,1,0,4,1,1,0,1,0,"0000000",99,99,99,99,99,99,0,0,0,1,1
48,480680,1,1,0,1,1,1,1,201,0,22,3,2016,3,3,40,0,8,98,98,4,"CR-LOUETTA RD","",0,30.06083056,-95.45161111,0,8,0,0,1,1,0,1,2,1,0,1,0,"0000000",99,98,99,98,88,88,0,0,0,1,0
48,480682,1,1,0,0,0,1,1,201,3280,22,3,2016,3,0,0,1,2,1,1,1,"I-69/EASTEX FWY","",61,29.94936944,-95.29176389,0,25,0,0,1,1,0,3,3,1,0,1,0,"0000000",99,98,99,98,88,88,0,0,0,1,0
48,480683,5,5,0,0,0,6,6,439,2450,22,3,2016,3,16,12,1,2,1,1,1,"I-820/LOOP 820","",289,32.76681944,-97.21266944,0,12,1,1,18,1,0,1,1,1,0,1,0,"0000000",99,99,99,99,99,99,0,0,0,1,0
48,480684,1,1,0,0,0,1,1,453,330,22,3,2016,3,15,24,1,2,2,98,7,"SL 1/MOPAC EXPY","",76,30.38443333,-97.73627778,0,21,0,0,1,1,0,4,1,1,0,1,0,"0000000",99,98,99,98,88,88,0,0,0,1,0
48,480685,3,3,0,0,0,3,3,281,0,23,3,2016,4,14,20,1,1,3,98,2,"US-183","",121,31.19123056,-98.37761944,0,12,6,0,1,1,0,1,1,10,0,10,0,"0000000",14,34,15,2,15,49,0,0,0,1,0
48,480686,1,1,0,1,1,2,2,29,6090,24,3,2016,5,6,59,0,8,98,98,6,"VANE JACKSON","",0,29.53786389,-98.55000556,0,8,0,0,1,1,0,1,2,1,0,1,0,"0000000",99,99,99,99,99,99,0,0,0,1,0
48,480687,2,2,0,0,0,2,2,113,1730,24,3,2016,5,11,57,1,2,2,98,2,"US-75/CENTRAL EXPY RAMP","",145,32.79811667,-96.79313889,0,24,0,1,5,1,0,4,1,1,0,1,0,"0000000",99,98,99,98,88,88,14,0,0,1,0
48,480688,1,1,0,1,1,1,1,157,3280,24,3,2016,5,21,45,0,2,4,98,8,"FM 2234/MCHARD RD","",74,29.58121111,-95.45108889,0,8,0,0,1,1,0,2,2,1,0,1,0,"0000000",99,98,99,98,88,88,0,0,0,1,0
48,480689,2,2,0,0,0,3,3,311,0,24,3,2016,5,18,46,0,8,98,98,4,"CR-LANSFORD RD","CR-CHILI PETINE RD",0,28.45861944,-98.77221111,0,12,2,0,2,3,0,1,5,1,0,1,0,"0000000",18,59,19,40,20,30,0,0,0,1,1
48,480690,1,1,0,0,0,1,1,439,3347,24,3,2016,5,0,8,1,2,1,1,1,"I-820","",261,32.80466389,-97.21207778,0,23,0,1,5,1,0,4,2,10,0,10,0,"0000000",99,98,99,98,88,88,0,0,0,1,0