"STATE","ST_CASE","VE_TOTAL","VE_FORMS","PVH_INVL","PEDS","PERNOTMVIT","PERMVIT","PERSONS","COUNTY","CITY","DAY","MONTH","YEAR","DAY_WEEK","HOUR","MINUTE","NHS","RUR_URB","FUNC_SYS","RD_OWNER","ROUTE","TWAY_ID","TWAY_ID2","MILEPT","LATITUDE","LONGITUD","SP_JUR","HARM_EV","MAN_COLL","RELJCT1","RELJCT2","TYP_INT","WRK_ZONE","REL_ROAD","LGT_COND","WEATHER1","WEATHER2","WEATHER","SCH_BUS","RAIL","NOT_HOUR","NOT_MIN","ARR_HOUR","ARR_MIN","HOSP_HR","HOSP_MN","CF1","CF2","CF3","FATALS","DRUNK_DR"
48,480691,1,1,0,0,0,1,1,441,30,24,3,2016,5,0,5,1,2,3,98,2,"US-84 FIRST ST","MAIN ST",29,32.45341111,-99.80039722,0,24,0,0,3,3,0,3,2,1,0,1,0,"0000000",99,98,99,98,88,88,0,0,0,1,1
48,480692,1,1,0,0,0,5,5,167,0,25,3,2016,6,21,37,0,8,98,98,4,"CR-GALVESTON","",0,29.42131111,-94.69118333,0,5,0,0,1,1,0,1,1,1,0,1,0,"0000000",99,99,99,99,99,99,0,0,0,1,0
48,480693,2,2,0,0,0,2,2,201,3280,25,3,2016,6,4,11,0,8,98,98,6,"DACOMA ST","HEMPSTEAD HWY",0,29.80667778,-95.46690278,0,12,2,0,2,2,0,1,2,1,0,1,0,"0000000",4,12,4,15,4,53,0,0,0,1,1
48,480694,2,2,0,1,1,3,3,303,4140,25,3,2016,6,0,49,1,2,1,1,1,"I-27","",47,33.56010556,-101.84564167,0,12,1,0,1,1,0,1,3,1,0,1,0,"0000000",99,99,99,99,99,99,23,0,0,2,0
48,480695,1,1,0,0,0,1,1,309,7210,25,3,2016,6,2,38,0,8,98,98,6,"VAN AMERICAN DR","",0,31.48179167,-97.21441389,0,32,0,0,1,1,0,4,3,1,0,1,0,"0000000",2,40,2,45,3,11,0,0,0,1,1
48,480696,3,3,0,0,0,2,2,29,6090,26,3,2016,7,1,55,1,2,1,1,1,"I-35","MEADOW MOUNTAIN DR",351,29.54128889,-98.37653611,0,12,1,1,18,1,0,1,3,1,0,1,0,"0000000",99,98,99,98,88,88,19,0,0,1,1
48,480697,2,2,0,0,0,5,5,141,2190,26,3,2016,7,2,8,1,2,1,1,1,"I-10 / US-19","",203,31.76430833,-106.48569722,0,12,1,1,18,1,0,1,3,1,0,1,0,"0000000",2,13,2,16,2,37,0,0,0,1,1
48,480699,2,2,0,0,0,2,2,201,0,26,3,2016,7,16,10,0,1,5,98,8,"FM 1942","",66,29.84360278,-94.98459722,0,1,0,0,1,1,0,1,1,1,0,1,0,"0000000",16,18,16,35,16,57,0,0,0,1,0
48,480700,1,1,0,0,0,1,1,277,0,26,3,2016,7,22,57,0,1,5,98,8,"FM 38","",106,33.703425,-95.76728056,0,43,0,0,1,1,0,4,2,1,0,1,0,"0000000",99,98,99,98,88,88,0,0,0,1,0
48,480701,1,1,0,0,0,2,2,397,3076,26,3,2016,7,0,31,0,2,4,98,8,"FM1130 SMIRL DR","TRANQUILITY DR",27,32.84436389,-96.48452222,0,32,0,0,1,1,0,4,2,1,0,1,0,"0000000",99,99,99,99,99,99,0,0,0,1,1
48,480702,1,1,0,1,1,1,1,29,6090,29,3,2016,3,1,21,1,2,3,98,3,"SR-16 BANDERA RD","",74,29.508025,-98.62954444,0,8,0,0,1,1,0,1,2,1,0,1,0,"0000000",99,98,99,98,88,88,0,0,0,1,0
48,480703,1,1,0,0,0,3,3,29,6090,27,3,2016,1,23,46,1,2,1,1,7,"I-35","",179,29.36229167,-98.52172222,0,42,0,0,1,1,0,4,3,1,0,1,0,"0000000",99,99,99,99,99,99,0,0,0,2,1
48,480704,2,1,1,2,3,1,2,257,9997,27,3,2016,1,19,26,1,1,3,98,2,"US-175","",115,32.64355278,-96.51307778,0,14,0,0,1,1,0,2,1,1,0,1,0,"0000000",99,99,99,99,99,99,15,0,0,2,0
48,480705,1,1,0,0,0,1,1,339,0,27,3,2016,1,6,50,1,1,3,98,3,"SR-105","",297,30.33311944,-95.3463,0,42,0,0,1,1,0,4,2,1,0,1,0,"0000000",99,98,99,98,88,88,0,0,0,1,0
48,480706,1,1,0,0,0,1,1,401,0,27,3,2016,1,0,12,0,1,5,98,8,"FM2658","",44,32.22965,-94.58956111,0,24,0,0,1,1,0,4,2,1,0,1,0,"0000000",99,98,99,98,88,88,0,0,0,1,0
48,480707,1,1,0,0,0,1,1,491,6780,27,3,2016,1,19,38,1,2,3,98,2,"US-79 CARLOS G PARKER BLVD","",88,30.55950556,-97.430175,0,1,0,0,1,1,0,3,1,1,0,1,0,"0000000",99,98,99,98,88,88,0,0,0,1,1
48,480708,1,1,0,0,0,1,1,407,0,28,3,2016,2,10,48,1,1,3,98,2,"US-59","",84,30.46491389,-95.01843333,0,1,0,0,1,1,0,3,1,1,0,1,0,"0000000",99,98,99,98,88,88,0,0,0,1,0
48,480709,2,2,0,0,0,3,3,339,1510,29,3,2016,3,8,54,1,2,3,98,8,"SL336","",53,30.281225,-95.47139444,0,12,6,0,1,1,0,1,1,1,0,1,0,"0000000",99,99,99,99,99,99,0,0,0,1,0
48,480710,2,2,0,0,0,2,2,21,0,30,3,2016,4,14,35,0,1,4,98,3,"SR-71","",302,29.97665278,-97.10871389,0,12,2,0,1,1,0,1,1,10,0,10,0,"0000000",99,99,99,99,99,99,0,0,0,1,0
48,480712,1,1,0,0,0,1,1,201,3280,26,2,2016,6,12,55,0,8,98,98,6,"GRAY ST","",0,29.75306944,-95.40477222,0,33,0,0,1,1,0,4,1,1,0,1,0,"0000000",13,3,13,8,13,40,0,0,0,1,0
48,480713,1,1,0,0,0,4,4,135,0,2,3,2016,4,23,34,0,1,4,98,3,"SR-302","",74,31.92071389,-102.63429167,0,38,0,0,1,1,0,5,2,1,0,1,0,"0000000",23,29,23,43,0,10,0,0,0,1,0
48,480714,2,2,0,0,0,7,7,147,0,6,3,2016,1,20,41,0,1,4,98,3,"SR-56","",133,33.57723889,-95.95380833,0,12,8,0,1,1,0,1,2,10,0,10,0,"0000000",20,51,21,6,21,15,0,0,0,2,0
48,480715,2,2,0,0,0,4,4,201,3280,6,3,2016,1,4,6,1,2,2,98,2,"US-90 RAMP","",57,29.80302778,-95.22,0,12,9,0,20,1,0,1,3,10,0,10,0,"0000000",3,51,4,0,4,27,0,0,0,1,1
48,480716,1,1,0,0,0,2,2,309,0,8,3,2016,3,9,53,1,1,3,98,3,"SR-6","",397,31.51604722,-96.95743611,0,23,0,1,19,1,0,4,1,2,0,2,0,"0000000",99,99,99,99,99,99,0,0,0,1,0
48,480717,1,1,0,0,0,1,1,119,0,15,3,2016,3,1,16,1,1,3,98,3,"SR-19/24","",27,33.44870556,-95.59964167,0,23,0,0,1,1,0,4,2,1,0,1,0,"0000000",99,98,99,98,88,88,0,0,0,1,1
48,480718,1,1,0,1,1,1,1,201,0,15,3,2016,3,21,15,1,1,3,98,8,"BU90U BEAUMONT HWY","",339,29.86724167,-95.12968889,0,9,0,0,1,1,0,1,2,1,0,1,0,"0000000",21,27,22,3,22,31,0,0,0,1,0
48,480719,1,1,0,1,1,1,1,141,2190,16,3,2016,4,14,46,1,2,3,98,3,"SR-20 MESA ST","MILLS AVE",14,31.75949167,-106.48786944,0,15,0,0,2,3,0,1,1,1,0,1,0,"0000000",14,47,14,52,15,9,0,0,0,1,0
48,480720,1,1,0,1,1,3,3,167,3220,16,3,2016,4,16,19,1,2,3,98,3,"SR-6","",111,29.350925,-95.02482778,0,9,0,0,1,1,0,2,1,1,0,1,0,"0000000",16,31,16,56,17,14,0,0,0,1,0
48,480721,2,2,0,0,0,3,3,203,4360,16,3,2016,4,14,10,0,2,4,98,8,"SL390 ERNEST F SMITH PKWY","",97,32.55510833,-94.30055,0,12,2,0,1,1,0,1,1,1,0,1,0,"0000000",14,15,14,21,14,50,0,0,0,1,0
48,480722,2,2,0,0,0,2,2,389,0,16,3,2016,4,3,0,0,1,5,98,8,"RM652","",39,31.82500278,-103.9745,0,12,11,0,1,1,0,1,3,1,0,1,0,"0000000",99,99,99,99,99,99,0,0,0,1,0
48,480723,1,1,0,2,2,1,1,167,3850,17,3,2016,5,20,36,0,2,4,98,8,"FM2004","",55,29.39710556,-95.03104167,0,8,0,0,1,1,0,2,2,10,0,10,0,"0000000",20,43,20,48,21,9,0,0,0,1,0
48,480724,1,1,0,0,0,3,3,215,4650,17,3,2016,5,3,8,1,2,1,1,1,"I-2/8S-83","",177,26.20139167,-98.3293,0,25,0,0,1,1,0,3,3,2,0,2,0,"0000000",3,8,3,16,3,38,0,0,0,1,0
48,480725,5,5,0,0,0,10,10,439,2450,17,3,2016,5,19,48,1,2,1,1,1,"I-35W NORTH FWY","",16,32.91390278,-97.31731667,0,12,1,0,1,1,0,1,1,1,0,1,0,"0000000",19,56,20,11,20,35,0,0,0,1,0
48,480726,1,1,0,0,0,2,2,57,0,18,3,2016,6,9,0,0,1,4,98,3,"SR-35 MATSON RD","FM2541",44,28.57690278,-96.70211389,0,24,0,0,3,2,0,4,1,1,0,1,0,"0000000",99,98,99,98,88,88,0,0,0,1,1
48,480727,4,1,3,0,0,1,1,215,4650,18,3,2016,6,11,53,0,8,98,98,6,"SOUTH MILE RD","",0,26.20162778,-98.33409444,0,42,0,0,1,1,0,4,1,10,0,10,0,"0000000",99,98,99,98,88,88,14,0,0,1,0
48,480728,2,2,0,0,0,2,2,31,0,19,3,2016,7,21,42,1,1,3,98,2,"US-281","",232,30.16150556,-98.38479444,0,12,2,0,1,1,0,1,2,1,0,1,0,"0000000",99,98,99,98,88,88,0,0,0,1,1
48,480729,2,2,0,0,0,6,6,439,2450,19,3,2016,7,20,5,1,2,1,1,1,"I-30 EAST FWY","",169,32.75163889,-97.27495278,0,12,1,0,1,1,0,1,3,1,0,1,0,"0000000",99,99,99,99,99,99,0,0,0,1,1
48,480730,2,2,0,0,0,5,5,355,5850,20,3,2016,1,14,3,1,1,3,98,2,"US-77","",32,27.759175,-97.68470833,0,12,6,0,1,1,0,1,1,1,0,1,0,"0000000",14,8,14,28,14,52,0,0,0,3,0
48,480731,3,3,0,1,1,6,6,423,0,20,3,2016,1,4,25,1,1,1,1,1,"I-20","",52,32.48157778,-95.50652778,0,8,0,0,1,1,0,1,2,1,0,1,0,"0000000",99,98,99,98,88,88,19,0,0,1,0
48,480732,2,2,0,0,0,2,2,21,6430,21,3,2016,2,15,15,1,1,3,98,3,"SR-71","",285,29.99568611,-97.12773611,0,12,1,1,18,1,0,1,1,1,0,1,0,"0000000",99,99,99,99,99,99,19,0,0,1,0
48,480733,2,2,0,0,0,2,2,201,0,21,3,2016,2,8,40,0,1,4,98,8,"BU290H HEMPSTEAD HWY","",42,30.03855833,-95.87568333,0,12,1,0,1,1,0,1,1,1,0,1,0,"0000000",8,58,9,14,9,50,0,0,0,1,0
48,480734,1,1,0,1,1,1,1,201,480,21,3,2016,2,6,52,0,8,98,98,6,"GARTH RD","",0,29.77626389,-94.97776389,0,8,0,0,1,1,0,1,2,1,0,1,0,"0000000",6,59,7,9,7,36,0,0,0,1,0
48,480735,1,1,0,0,0,1,1,439,260,23,3,2016,4,18,49,0,8,98,98,6,"ARKANSAS LN","",0,32.70644167,-97.12381111,0,30,0,0,1,1,0,4,1,1,0,1,0,"0000000",99,99,99,99,99,99,0,0,0,1,0
48,480736,1,1,0,1,1,1,1,201,3280,24,3,2016,5,23,20,1,2,1,1,1,"I-45 GULF FWY","",109,29.62919444,-95.23018333,0,8,0,0,1,1,0,1,3,1,0,1,0,"0000000",99,98,99,98,88,88,0,0,0,1,0
48,480737,3,3,0,0,0,3,3,265,0,25,3,2016,6,20,59,1,1,1,1,1,"I-10 JUNCTION HWY","",56,30.25629722,-99.463625,0,12,2,0,1,1,0,1,2,1,0,1,0,"0000000",99,98,99,98,88,88,0,0,0,2,0
48,480738,2,2,0,0,0,2,2,355,1550,25,3,2016,6,21,7,1,2,2,98,3,"SR-286 CROSSTOWN EXPY","",32,27.755,-97.42168333,0,12,6,0,1,1,0,1,3,1,0,1,0,"0000000",21,7,21,11,21,21,19,0,0,1,1
48,480739,2,2,0,0,0,3,3,439,260,25,3,2016,6,18,17,0,8,98,98,6,"CALENDAR RD","",0,32.63257778,-97.15411944,0,12,2,0,1,1,0,1,1,1,0,1,0,"0000000",18,17,18,23,19,3,0,0,0,1,1
48,480740,2,2,0,0,0,3,3,29,3095,26,3,2016,7,23,20,0,8,98,98,6,"BRAUN RD","ALYSSUM FLD",0,29.54144167,-98.69542222,0,12,6,0,2,2,0,1,3,1,0,1,0,"0000000",99,99,99,99,99,99,0,0,0,1,0
48,480741,2,1,1,1,1,3,3,113,1730,26,3,2016,7,11,30,1,2,1,1,1,"I-30/R L THORNTON FWY","",86,32.79462778,-96.72098889,0,14,0,0,1,1,0,2,1,1,0,1,0,"0000000",99,98,99,98,88,88,23,0,0,1,0
48,480742,1,1,0,0,0,1,1,121,6881,26,3,2016,7,21,36,1,2,3,98,8,"FM 423/MAIN ST","",33,33.10588889,-96.89164722,0,18,0,0,1,1,1,4,2,1,0,1,0,"0000000",99,98,99,98,88,88,0,0,0,1,1
48,480743,1,1,0,0,0,1,1,201,0,26,3,2016,7,17,10,0,8,98,98,4,"CR-GRANT RD","",0,29.96705556,-95.59097222,0,33,0,0,1,1,0,4,1,10,0,10,0,"0000000",99,98,99,98,88,88,0,0,0,1,1
48,480744,2,2,0,0,0,7,7,201,0,26,3,2016,7,20,40,1,2,2,98,3,"SR-249/MOUNT HOUSTON RD","",205,29.89758889,-95.45741944,0,12,1,0,8,1,0,1,2,10,0,10,0,"0000000",21,1,21,16,21,55,0,0,0,2,0
48,480745,2,2,0,0,0,3,3,201,0,26,3,2016,7,23,20,0,8,98,98,4,"CR-ATASCOCITA RD","",0,29.95826944,-95.2616,0,12,2,0,1,1,0,1,3,1,0,1,0,"0000000",23,26,23,41,0,17,0,0,0,1,1
48,480746,1,1,0,0,0,3,3,361,5100,26,3,2016,7,10,35,0,1,4,98,8,"FM 1006","",30,30.05353889,-93.76435,0,34,0,0,1,1,0,4,1,1,0,1,0,"0000000",99,99,99,99,99,99,0,0,0,1,0
48,480747,1,1,0,0,0,1,1,113,2800,27,3,2016,1,0,40,1,2,1,1,1,"I-30/R L THORNTON FWY","",5,32.76016389,-97.028225,0,5,0,1,20,1,0,1,3,1,0,1,0,"0000000",0,52,0,56,1,18,20,0,0,1,1
48,480748,1,1,0,1,1,1,1,179,0,27,3,2016,1,0,38,1,1,1,1,1,"I-40","",73,35.21336111,-100.71843889,0,8,0,0,1,1,0,2,2,3,0,3,0,"0000000",99,98,99,98,88,88,0,0,0,1,0
48,480749,1,1,0,1,1,1,1,201,0,27,3,2016,1,2,35,1,2,3,98,3,"SR-6","",19,29.90928056,-95.62923889,0,8,0,0,1,1,0,1,2,1,0,1,0,"0000000",99,98,99,98,88,88,0,0,0,1,0
48,480750,2,2,0,0,0,5,5,201,0,27,3,2016,1,21,13,1,2,2,98,3,"SR-249/MOUNT HOUSTON RD","",223,29.89805,-95.42265,0,12,2,0,1,1,0,1,2,1,0,1,0,"0000000",21,15,21,23,21,57,0,0,0,1,1
48,480751,2,2,0,0,0,6,6,113,1730,28,3,2016,2,17,25,0,8,98,98,6,"SINGLETON BLVD","PEORIA ST",0,32.7785,-96.89531389,0,12,6,0,2,3,0,1,1,1,0,1,0,"0000000",99,99,99,99,99,99,0,0,0,3,0
48,480752,1,1,0,0,0,2,2,201,3280,28,3,2016,2,5,55,0,8,98,98,6,"AIRLINE DR","",0,29.87365833,-95.38529167,0,30,0,0,1,1,0,4,3,1,0,1,0,"0000000",99,98,99,98,88,88,0,0,0,1,0
48,480753,2,2,0,0,0,6,6,201,3280,28,3,2016,2,22,18,0,8,98,98,6,"POST OAK RD","",0,29.64126944,-95.46366667,0,12,6,0,8,1,0,1,3,10,0,10,0,"0000000",22,31,22,44,23,9,0,0,0,1,1
48,480754,3,3,0,0,0,5,5,245,0,28,3,2016,2,14,17,1,1,1,1,1,"I-10","",92,29.9487,-94.24758889,0,57,0,0,1,1,0,3,1,1,0,1,0,"0000000",99,99,99,99,99,99,14,0,0,1,0
48,480755,2,2,0,0,0,2,2,67,0,30,3,2016,4,14,12,1,1,3,98,2,"US-59","",207,33.06011111,-94.28031111,0,12,6,0,1,1,0,1,1,2,0,2,0,"0000000",14,8,14,13,14,44,0,0,0,1,0
48,480756,1,1,0,0,0,1,1,215,5330,30,3,2016,4,13,23,0,8,98,98,6,"RIDGE RD","",0,26.17982778,-98.17969167,0,1,0,0,1,1,0,5,1,1,0,1,0,"0000000",13,26,13,29,13,51,20,0,0,1,0
48,480757,1,1,0,0,0,1,1,221,0,30,3,2016,4,18,45,0,1,5,98,3,"SR-171","",23,32.54624444,-97.64669167,0,1,0,0,1,1,0,4,1,10,0,10,0,"0000000",99,98,99,98,88,88,0,0,0,1,0
48,480758,1,1,0,0,0,1,1,335,4090,30,3,2016,4,16,37,1,1,1,1,1,"I-20","",296,32.41340833,-100.72752222,0,57,0,1,19,1,0,3,1,1,0,1,0,"0000000",99,98,99,98,88,88,0,0,0,1,0
48,480759,1,1,0,0,0,1,1,477,0,30,3,2016,4,6,30,0,8,98,98,4,"CR-OLD GAYHILL","",0,30.24420833,-96.45938611,0,38,0,0,1,1,0,5,1,10,0,10,0,"0000000",99,98,99,98,88,88,0,0,0,1,0
48,480760,3,3,0,0,0,4,4,1,5170,31,3,2016,5,16,1,1,2,3,98,8,"SL 256","FM 320 MARTIN LUTHER KING BLVD",11,31.76073889,-95.65825833,0,12,6,0,2,2,0,1,1,1,0,1,0,"0000000",99,99,99,99,99,99,0,0,0,1,0
48,480762,1,1,0,0,0,1,1,85,1730,31,3,2016,5,10,25,1,2,3,98,3,"SR-289 PRESTON RD","",312,32.98757778,-96.80293333,0,30,0,0,1,1,0,3,1,1,0,1,0,"0000000",99,99,99,99,99,99,0,0,0,1,0
48,480763,2,2,0,0,0,4,4,113,1730,31,3,2016,5,17,6,1,2,3,98,3,"SR-352","",23,32.76367222,-96.71174167,0,30,0,0,1,1,0,3,1,1,0,1,0,"0000000",99,99,99,99,99,99,0,0,0,1,0
48,480764,3,3,0,1,1,2,2,291,1770,31,3,2016,5,4,50,0,2,5,98,8,"FM 686","",94,30.10006944,-94.92299167,0,8,0,0,8,1,0,1,2,10,0,10,0,"0000000",99,98,99,98,88,88,19,0,0,1,0
48,480765,2,2,0,0,0,3,3,313,0,31,3,2016,5,15,21,1,1,1,1,7,"I-45","SR-75",128,31.01178333,-95.92228611,0,12,6,0,2,2,0,1,1,1,0,1,0,"0000000",15,25,15,29,16,4,0,0,0,1,0
48,480766,1,1,0,1,1,1,1,29,6090,30,3,2016,4,7,0,1,2,3,98,8,"SL-368","",115,29.50651944,-98.41281111,0,8,0,0,1,1,0,1,1,2,0,2,0,"0000000",99,99,99,99,99,99,0,0,0,1,0
48,480767,2,2,0,0,0,3,3,205,0,30,3,2016,4,6,55,1,1,3,98,2,"US-54","",45,35.878825,-102.75026667,0,12,2,0,1,1,0,1,2,1,0,1,0,"0000000",99,98,99,98,88,88,0,0,0,1,0
48,480768,1,1,0,0,0,2,2,291,0,30,3,2016,4,23,56,0,1,4,98,8,"FM 2025","",2,30.37475278,-95.0982,0,1,0,0,1,1,0,4,2,1,0,1,0,"0000000",99,99,99,99,99,99,0,0,0,1,1
48,480769,2,2,0,0,0,6,6,85,0,31,3,2016,5,14,15,0,1,4,98,3,"SR-78","",304,33.02174444,-96.46664444,0,12,2,0,1,1,1,1,1,1,0,1,0,"0000000",14,16,14,28,15,26,0,0,0,3,0
48,480770,2,2,0,0,0,2,2,157,0,31,3,2016,5,16,22,0,2,5,98,8,"FM 762","GONYO RD",60,29.5387,-95.71162222,0,12,1,0,3,3,0,1,1,1,0,1,0,"0000000",99,98,99,98,88,88,0,0,0,1,0
48,480771,1,1,0,0,0,1,1,367,7280,3,2,2016,4,1,32,1,2,1,1,7,"I-20","",236,32.74917222,-97.72676944,0,53,0,0,1,1,0,4,2,1,0,1,0,"0000000",99,99,99,99,99,99,0,0,0,1,1
48,480772,1,1,0,1,1,1,1,325,1890,11,2,2016,5,2,0,1,1,1,1,1,"I-35","",56,29.13335833,-98.89224722,0,8,0,0,1,1,0,1,2,1,0,1,0,"0000000",99,98,99,98,88,88,0,0,0,1,0
48,480773,1,1,0,0,0,3,3,423,3990,14,2,2016,1,12,40,1,1,1,1,1,"I-20","",121,32.46858056,-95.3935,0,1,0,0,1,1,0,1,1,10,0,10,0,"0000000",99,99,99,99,99,99,0,0,0,1,0
48,480774,1,1,0,1,1,3,3,141,2190,25,2,2016,5,18,50,1,2,3,98,8,"SL 478/COPIA ST","MONTANA",10,31.78369444,-106.45083333,0,8,0,0,3,2,0,1,3,1,0,1,0,"0000000",99,99,99,99,99,99,0,0,0,1,0
48,480775,1,1,0,0,0,6,6,229,0,8,3,2016,3,13,14,1,1,1,1,1,"I-10","",347,31.1934,-105.52988889,0,57,0,0,1,1,0,3,1,1,0,1,0,"0000000",13,27,13,47,14,56,0,0,0,1,0
48,480776,1,1,0,0,0,1,1,113,4530,13,3,2016,1,14,32,1,2,1,1,1,"I-635","",99,32.83784444,-96.63299722,0,31,0,0,1,1,0,4,1,1,0,1,0,"0000000",99,98,99,98,88,88,0,0,0,1,0
48,480777,2,2,0,0,0,3,3,487,0,20,3,2016,1,20,45,1,1,3,98,2,"US-287","",306,34.07055556,-99.00944722,0,12,6,0,8,1,0,1,3,1,0,1,0,"0000000",99,98,99,98,88,88,0,0,0,1,0
48,480778,1,1,0,1,1,1,1,201,3280,22,3,2016,3,19,52,1,2,3,98,8,"FM 521/ALMEDA RD","",0,29.67792222,-95.39418889,0,9,0,0,1,1,0,1,3,10,0,10,0,"0000000",19,51,19,56,20,15,0,0,0,1,1
48,480779,1,1,0,1,1,1,1,501,0,23,3,2016,4,9,21,0,1,4,98,2,"US-82","",157,33.1829,-102.81508056,0,8,0,0,1,1,0,1,1,1,0,1,0,"0000000",9,32,9,39,10,10,0,0,0,1,0
48,480780,1,1,0,0,0,1,1,279,0,24,3,2016,5,23,34,0,8,98,98,4,"CR-232/BULLDOG DRIVE","",0,34.01093889,-102.42118889,0,30,0,0,1,1,0,4,2,1,0,1,0,"0000000",23,35,23,42,0,7,0,0,0,1,1
48,480781,1,1,0,0,0,1,1,151,0,24,3,2016,5,7,45,0,1,5,98,3,"SR-92","",85,32.88148611,-100.32359722,0,1,0,0,1,1,0,4,2,1,0,1,0,"0000000",99,98,99,98,88,88,0,0,0,1,1
48,480782,2,2,0,0,0,5,5,453,330,24,3,2016,5,8,13,0,8,98,98,6,"EDWARDS HOLLOW RUN","BRODIE LN",0,30.15827222,-97.85991667,0,12,6,0,2,2,0,1,1,1,0,1,0,"0000000",8,13,8,22,9,22,0,0,0,1,0
48,480783,1,1,0,0,0,2,2,37,0,25,3,2016,6,16,22,1,1,3,98,2,"US-82","",50,33.49643611,-94.55003333,1,32,0,0,1,1,1,4,1,1,0,1,0,"0000000",16,25,16,31,99,99,0,0,0,1,0
48,480784,1,1,0,1,1,1,1,201,0,26,3,2016,7,23,55,1,2,2,98,2,"US-290 NORTHWEST FWY","",192,29.92463056,-95.632625,0,8,0,0,1,1,0,1,2,1,0,1,0,"0000000",99,98,99,98,88,88,23,0,0,1,0
48,480785,2,2,0,0,0,2,2,303,4140,26,3,2016,7,23,28,1,2,3,98,2,"US-84 CLOVIS RD","QUAKER AVE",138,33.62388333,-101.90523611,0,12,1,0,2,2,0,1,3,1,0,1,0,"0000000",23,30,23,36,0,5,0,0,0,1,1
48,480786,2,2,0,0,0,3,3,365,0,26,3,2016,7,8,5,0,1,5,98,8,"FM31","",80,32.25430556,-94.16336389,0,12,6,0,1,1,0,1,1,1,0,1,0,"0000000",99,98,99,98,88,88,0,0,0,2,1
48,480787,1,1,0,0,0,1,1,441,0,26,3,2016,7,19,20,0,1,5,98,8,"FM89","",80,32.28222222,-100.03305833,0,38,0,0,1,1,0,4,1,1,0,1,0,"0000000",19,33,19,55,20,21,0,0,0,1,1
48,480788,1,1,0,0,0,1,1,453,0,26,3,2016,7,17,45,0,2,4,98,8,"FM973","",20,30.3114,-97.56421111,0,1,0,0,1,1,0,4,1,1,0,1,0,"0000000",99,98,99,98,88,88,0,0,0,1,1
48,480789,2,2,0,0,0,2,2,309,545,27,3,2016,1,21,0,1,2,1,1,1,"I-35","",189,31.60066111,-97.108075,0,12,6,0,1,1,0,1,2,1,0,1,0,"0000000",21,2,21,5,21,31,0,0,0,1,0
48,480790,1,1,0,0,0,1,1,439,2255,27,3,2016,1,21,10,0,8,98,98,6,"WESTPARK WAY","",0,32.83634167,-97.119675,0,33,0,0,1,1,0,3,1,1,0,1,0,"0000000",21,11,21,16,21,38,0,0,0,1,0
48,480791,3,3,0,0,0,5,5,493,0,27,3,2016,1,9,31,1,1,4,98,3,"SR-123","CR-427",49,29.30656944,-97.96291944,0,12,2,0,2,2,0,1,1,2,0,2,0,"0000000",9,52,10,12,10,36,0,0,0,3,0
48,480792,2,2,0,0,0,3,3,27,0,28,3,2016,2,21,32,0,1,5,98,8,"FM 93","CR-OLD 95 HWY",165,31.03291111,-97.3481,0,12,6,0,2,2,0,1,2,1,0,1,0,"0000000",99,99,99,99,99,99,0,0,0,1,0
48,480793,2,2,0,0,0,2,2,29,0,28,3,2016,2,21,32,1,1,1,1,1,"I-10W","",50,29.68285,-98.64048056,0,12,1,0,1,1,1,1,2,1,0,1,0,"0000000",99,98,99,98,88,88,1,0,0,1,0
48,480794,2,2,0,0,0,2,2,121,6150,29,3,2016,3,11,7,0,1,4,98,8,"FM 455/CHAPMAN DR","MARION RD",139,33.37243333,-97.15771389,0,12,6,0,2,3,0,1,1,1,0,1,0,"0000000",11,9,11,12,12,0,14,0,0,1,0
48,480795,1,1,0,1,1,2,2,217,0,29,3,2016,3,20,18,0,1,4,98,3,"SR-22","",143,31.9947,-97.18381111,0,8,0,0,1,1,0,1,2,10,0,10,0,"0000000",20,30,20,39,21,2,0,0,0,1,0
48,480796,2,2,0,0,0,3,3,397,6010,29,3,2016,3,14,18,1,1,1,1,7,"I-30 SERVICE ROAD","I-30 RAMP",156,32.98028056,-96.304525,0,12,2,1,2,4,0,1,1,1,0,1,0,"0000000",99,99,99,99,99,99,0,0,0,1,0
48,480797,1,1,0,0,0,2,2,453,330,29,3,2016,3,23,58,0,8,98,98,6,"PONCIANA DR","",0,30.20186944,-97.75463889,0,30,0,0,1,1,0,4,3,10,0,10,0,"0000000",99,99,99,99,99,99,0,0,0,1,0
48,480798,2,2,0,0,0,2,2,201,0,1,4,2016,6,2,29,1,2,2,98,3,"SR-249","CR-MOSIELLEE ST",192,29.90696944,-95.47328889,0,12,1,0,3,3,0,1,3,1,0,1,0,"0000000",2,30,2,38,3,20,0,0,0,1,2
48,480799,1,1,0,1,1,1,1,201,0,1,4,2016,6,23,15,0,8,98,98,4,"CR-TANNER RD","",0,29.850275,-95.57734167,0,8,0,0,1,1,0,1,2,10,0,10,0,"0000000",23,19,23,30,0,28,0,0,0,1,0
48,480800,2,2,0,0,0,2,2,215,4197,1,4,2016,6,14,9,0,8,98,98,6,"INTERNATIONAL PKWY","",0,26.1569,-98.28221667,0,12,6,0,8,1,0,1,1,1,0,1,0,"0000000",14,9,14,15,14,38,0,0,0,1,0
48,480801,2,2,0,0,0,3,3,329,0,1,4,2016,6,12,45,1,1,3,98,3,"SR-158","",143,31.95168889,-101.92826111,0,12,6,0,1,1,0,1,1,2,0,2,0,"0000000",12,47,12,58,13,24,0,0,0,1,0