"STATE","ST_CASE","VE_TOTAL","VE_FORMS","PVH_INVL","PEDS","PERNOTMVIT","PERMVIT","PERSONS","COUNTY","CITY","DAY","MONTH","YEAR","DAY_WEEK","HOUR","MINUTE","NHS","RUR_URB","FUNC_SYS","RD_OWNER","ROUTE","TWAY_ID","TWAY_ID2","MILEPT","LATITUDE","LONGITUD","SP_JUR","HARM_EV","MAN_COLL","RELJCT1","RELJCT2","TYP_INT","WRK_ZONE","REL_ROAD","LGT_COND","WEATHER1","WEATHER2","WEATHER","SCH_BUS","RAIL","NOT_HOUR","NOT_MIN","ARR_HOUR","ARR_MIN","HOSP_HR","HOSP_MN","CF1","CF2","CF3","FATALS","DRUNK_DR"
48,480802,1,1,0,0,0,5,5,353,0,1,4,2016,6,12,6,1,1,3,98,2,"US-84","",20,32.45723056,-100.56533889,0,1,0,0,1,1,0,4,1,6,0,6,0,"0000000",12,9,12,14,13,17,0,0,0,1,0
48,480804,1,1,0,0,0,1,1,491,330,1,4,2016,6,13,29,0,8,98,98,6,"AVERY RANCH BLVD","",0,30.50016111,-97.76321389,0,33,0,0,1,1,0,4,1,10,0,10,0,"0000000",99,99,99,99,99,99,0,0,0,1,0
48,480806,1,1,0,1,1,1,1,113,1730,2,4,2016,7,19,8,1,2,3,98,3,"SR-352/SCYENE RD","",30,32.76352778,-96.70101111,0,8,0,0,1,1,0,1,1,1,0,1,0,"0000000",99,99,99,99,99,99,0,0,0,1,0
48,480807,2,2,0,0,0,2,2,187,6293,2,4,2016,7,2,18,1,2,1,1,1,"I-35","",4,29.58863889,-98.29896111,0,25,0,0,1,1,0,4,3,1,0,1,0,"0000000",2,19,2,26,3,36,0,0,0,1,2
48,480808,4,3,1,0,0,8,8,201,3280,2,4,2016,7,22,24,0,8,98,98,6,"LONG POINT RD","BUNKER HILL RD",0,29.79512778,-95.53347778,0,12,6,0,2,3,0,1,3,1,0,1,0,"0000000",22,26,22,33,23,6,14,0,0,1,1
48,480809,1,1,0,0,0,2,2,375,150,2,4,2016,7,2,12,1,2,1,1,1,"I-40","",152,35.19090556,-101.89578889,0,1,0,0,1,1,0,10,2,1,0,1,0,"0000000",2,12,2,17,2,49,0,0,0,1,1
48,480810,1,1,0,1,1,1,1,439,2450,2,4,2016,7,1,3,1,2,1,1,1,"I-35/NORTH FWY","",91,32.77658889,-97.31953056,0,9,0,0,1,1,1,99,3,1,0,1,0,"0000000",99,98,99,98,88,88,0,0,0,1,0
48,480811,2,2,0,0,0,2,2,439,3347,2,4,2016,7,3,27,0,8,98,98,6,"PRECINCT LINE RD","BEDFORD-EULESS RD",0,32.83405556,-97.18621389,0,12,6,0,2,2,0,1,3,1,0,1,0,"0000000",99,98,99,98,88,88,0,0,0,1,1
48,480812,2,2,0,0,0,6,6,471,3340,2,4,2016,7,20,40,1,2,3,98,3,"SR-19","",151,30.6912,-95.53248056,0,12,2,0,1,1,0,1,3,1,0,1,0,"0000000",20,55,21,0,21,23,0,0,0,4,1
48,480813,1,1,0,0,0,1,1,61,3030,3,4,2016,1,22,21,0,8,98,98,6,"GRIMES AVE","",0,26.20541111,-97.67075278,0,39,0,0,1,1,0,5,3,1,0,1,0,"0000000",99,98,99,98,88,88,0,0,0,1,1
48,480814,1,1,0,0,0,1,1,61,940,3,4,2016,1,23,42,1,2,3,98,2,"US-281 MILITARY HWY","FM1732",48,26.01818333,-97.60821944,0,30,0,0,1,1,0,4,3,1,0,1,0,"0000000",23,42,23,56,0,21,0,0,0,1,0
48,480815,1,1,0,0,0,2,2,111,0,3,4,2016,1,23,57,0,1,5,98,3,"SR-102","",201,36.13969167,-102.7009,0,34,0,0,1,1,0,4,2,1,0,1,0,"0000000",0,0,0,12,1,9,0,0,0,1,0
48,480816,2,2,0,0,0,3,3,29,6090,13,4,2016,4,1,32,0,8,98,98,6,"NEW BRAUNFELS AVE","KATHY ST",0,29.37592778,-98.46129722,0,12,1,0,3,3,0,1,3,1,0,1,0,"0000000",99,99,99,99,99,99,0,0,0,1,1
48,480817,2,2,0,0,0,3,3,113,5730,3,4,2016,1,12,10,0,8,98,98,6,"POLK ST","INTERURBAN ST",0,32.94864167,-96.73286667,0,12,6,0,2,2,0,1,1,1,0,1,0,"0000000",12,12,12,14,12,33,0,0,0,1,0
48,480818,1,1,0,0,0,1,1,141,2190,3,4,2016,1,2,37,1,2,2,98,7,"SL375 JOE BATTLE BLVD","",109,31.716175,-106.271525,0,24,0,0,1,1,0,10,2,1,0,1,0,"0000000",99,98,99,98,88,88,0,0,0,1,1
48,480819,1,1,0,1,1,2,2,339,0,3,4,2016,1,16,15,0,8,98,98,4,"CR-HIGH MEADOW RANCH RD","CR-POST OAK RUN",0,30.17410278,-95.70055278,0,9,0,0,3,2,0,1,1,1,0,1,0,"0000000",99,99,99,99,99,99,0,0,0,1,0
48,480820,1,1,0,1,1,1,1,361,7200,3,4,2016,1,22,8,1,2,1,1,1,"I-10","",61,30.13323333,-94.01282222,0,8,0,0,1,1,0,1,2,1,0,1,0,"0000000",99,98,99,98,88,88,0,0,0,1,0
48,480821,1,1,0,0,0,1,1,375,0,3,4,2016,1,4,15,0,1,5,98,8,"RM1061","",63,35.42870556,-102.09615833,0,1,0,0,1,1,1,4,2,1,0,1,0,"0000000",99,98,99,98,88,88,0,0,0,1,0
48,480822,2,2,0,0,0,2,2,477,0,3,4,2016,1,14,18,0,1,5,98,8,"FM1948","",36,30.28950833,-96.54669722,0,11,0,0,1,1,0,1,1,1,0,1,0,"0000000",99,98,99,98,88,88,0,0,0,2,0
48,480823,2,2,0,0,0,3,3,29,6090,4,4,2016,2,14,6,1,2,3,98,8,"SL13 MILITARY DR","MISSION RD",52,29.35266389,-98.47305833,0,12,6,0,2,2,0,1,1,1,0,1,0,"0000000",99,98,99,98,88,88,0,0,0,1,0
48,480824,1,1,0,0,0,2,2,113,1730,4,4,2016,2,18,40,1,2,3,98,3,"SR-180 JEFFERSON BLVD","",66,32.74756111,-96.92548333,0,25,0,0,1,1,1,4,1,1,0,1,0,"0000000",99,99,99,99,99,99,0,0,0,1,1
48,480825,2,2,0,0,0,2,2,113,1730,4,4,2016,2,19,21,0,8,98,98,6,"WHEATLAND RD","GREENSPAN AVE",0,32.64766389,-96.83173889,0,12,6,0,2,3,0,1,1,1,0,1,0,"0000000",99,99,99,99,99,99,0,0,0,1,0
48,480826,2,2,0,0,0,2,2,139,7270,4,4,2016,2,22,23,1,2,1,1,7,"I-35E","",201,32.37116944,-96.86086389,0,12,1,0,1,1,0,1,2,1,0,1,0,"0000000",99,99,99,99,99,99,0,0,0,1,0
48,480827,1,1,0,0,0,1,1,201,3280,4,4,2016,2,0,30,0,8,98,98,6,"20TH ST","",0,29.80386944,-95.40721111,0,42,0,0,1,1,0,4,3,1,0,1,0,"0000000",99,98,99,98,88,88,20,0,0,1,1
48,480828,2,2,0,0,0,5,5,371,0,4,4,2016,2,9,5,1,1,3,98,7,"US-285","FM1776",136,30.99969722,-103.06654167,0,12,6,1,2,2,0,1,1,1,0,1,0,"0000000",9,9,9,32,9,54,0,0,0,1,0
48,480829,2,2,0,0,0,3,3,409,0,4,4,2016,2,11,47,0,1,5,98,8,"FM136","",58,27.93020278,-97.26825833,0,12,2,0,1,1,0,1,1,1,0,1,0,"0000000",99,99,99,99,99,99,0,0,0,1,0
48,480830,3,3,0,0,0,6,6,423,0,4,4,2016,2,15,16,0,1,5,98,8,"FM2661","CR-1261 BIG EDDY RD",107,32.23014167,-95.45121389,0,12,6,0,2,2,0,1,1,1,0,1,0,"0000000",15,20,15,25,16,45,0,0,0,2,0
48,480831,1,1,0,0,0,2,2,439,2450,4,4,2016,2,2,55,0,8,98,98,6,"ISBELL RD","",0,32.77668056,-97.38225556,0,33,0,0,1,1,0,4,3,1,0,1,0,"0000000",99,98,99,98,88,88,0,0,0,2,0
48,480832,1,1,0,1,1,2,2,493,0,4,4,2016,2,20,25,1,1,4,98,3,"SR-123","",197,29.09620556,-97.93939167,0,8,0,0,1,1,0,1,2,1,0,1,0,"0000000",99,98,99,98,88,88,0,0,0,1,0
48,480833,2,2,0,0,0,3,3,61,940,5,4,2016,3,10,37,1,2,3,98,3,"SR-48 PADRE ISLAND HWY","COFFEEPORT RD",52,25.93884444,-97.43574722,0,12,6,0,2,3,0,1,1,1,0,1,0,"0000000",10,38,10,48,11,14,0,0,0,1,0
48,480834,1,1,0,0,0,1,1,309,7210,5,4,2016,3,0,45,0,8,98,98,6,"SANGER AVE","",0,31.52621667,-97.18467222,0,30,0,0,1,1,0,4,3,1,0,1,0,"0000000",99,98,99,98,88,88,0,0,0,1,1
48,480835,1,1,0,0,0,1,1,365,0,5,4,2016,3,4,45,0,1,4,98,2,"US-79","",128,32.14669444,-94.53690556,0,53,0,0,1,1,0,4,2,1,0,1,0,"0000000",99,98,99,98,88,88,0,0,0,1,0
48,480836,3,3,0,0,0,3,3,29,6090,6,4,2016,4,8,55,1,2,1,1,1,"I-410","",527,29.31561944,-98.60060556,0,12,7,0,1,1,0,1,1,10,0,10,0,"0000000",99,99,99,99,99,99,0,0,0,1,0
48,480837,2,2,0,0,0,2,2,29,6449,6,4,2016,4,18,32,0,2,5,98,8,"FM2790 SOMERSET RD","",103,29.27840556,-98.61893056,0,12,2,0,1,1,0,1,1,1,0,1,0,"0000000",99,99,99,99,99,99,0,0,0,1,0
48,480838,2,2,0,0,0,2,2,141,2190,6,4,2016,4,15,38,1,2,3,98,2,"US-62 MONTANA","OASIS",187,31.79996944,-106.31638611,0,12,6,0,2,3,0,1,1,1,0,1,0,"0000000",99,98,99,98,88,88,0,0,0,1,0
48,480839,1,1,0,0,0,2,2,485,0,6,4,2016,4,2,5,0,8,98,98,4,"CR-VAUGHN RD","",0,34.12480556,-98.59534722,0,30,0,0,1,1,0,4,2,1,0,1,0,"0000000",2,26,2,46,3,17,0,0,0,1,1
48,480840,2,2,0,0,0,2,2,121,1840,7,4,2016,5,16,0,1,2,1,1,1,"I-35","",36,33.31590833,-97.17979722,0,57,0,1,19,1,0,3,1,10,0,10,0,"0000000",99,98,99,98,88,88,14,0,0,1,0
48,480841,1,1,0,0,0,1,1,201,3280,7,4,2016,5,4,2,0,8,98,98,6,"OREM DR","",0,29.62856111,-95.48105,0,30,0,0,1,1,4,4,3,1,0,1,0,"0000000",99,98,99,98,88,88,0,0,0,1,1
48,480842,2,2,0,0,0,2,2,453,330,7,4,2016,5,18,47,0,8,98,98,6,"GROVE BLVD","",0,30.23258056,-97.70583889,0,12,6,0,8,1,0,1,1,1,0,1,0,"0000000",18,47,18,50,19,33,0,0,0,1,0
48,480843,1,1,0,0,0,2,2,455,0,7,4,2016,5,0,30,0,1,4,98,8,"FM 356","",42,30.92226944,-95.31237778,0,39,0,0,1,1,0,4,2,1,0,1,0,"0000000",99,98,99,98,88,88,0,0,0,2,1
48,480844,1,1,0,1,1,1,1,29,6090,8,4,2016,6,13,23,0,8,98,98,6,"ISOM RD","",0,29.52486389,-98.496725,0,8,0,0,1,1,0,1,1,1,0,1,0,"0000000",99,99,99,99,99,99,0,0,0,1,0
48,480845,1,1,0,0,0,1,1,61,0,8,4,2016,6,22,0,0,8,98,98,4,"CR-GRACIA RD","",0,26.2351,-97.54176667,0,42,0,0,1,1,0,4,2,1,0,1,0,"0000000",99,98,99,98,88,88,0,0,0,1,1
48,480846,1,1,0,1,1,1,1,61,3030,9,4,2016,7,20,47,1,2,1,1,7,"I-69","SL 499 NEW HAMPSHIRE RD",121,26.16395278,-97.68804722,0,8,0,1,2,2,0,1,3,1,0,1,0,"0000000",99,99,99,99,99,99,0,0,0,1,0
48,480847,1,1,0,1,1,1,1,141,2190,9,4,2016,7,19,52,1,2,1,1,1,"I-10","",191,31.75884167,-106.49926944,0,8,0,0,1,1,0,1,3,1,0,1,0,"0000000",99,99,99,99,99,99,0,0,0,1,0
48,480849,4,4,0,0,0,4,4,329,4560,9,4,2016,7,8,16,0,2,3,1,8,"BS 158 B ANDREWS HWY","FM 868 MIDLAND DR",110,32.00185556,-102.13691944,0,12,6,0,2,2,1,1,1,2,0,2,0,"0000000",99,98,99,98,88,88,0,0,0,1,0
48,480850,2,2,0,0,0,2,2,379,0,9,4,2016,7,8,37,0,1,4,98,3,"SR-19","",5,32.97410556,-95.72476111,0,12,2,0,1,1,0,1,1,10,0,10,0,"0000000",99,99,99,99,99,99,0,0,0,1,0
48,480851,1,1,0,0,0,2,2,439,2450,10,4,2016,1,18,16,1,2,1,1,3,"SR-820 LOOP","",302,32.74916667,-97.22023056,0,25,0,0,1,1,0,3,1,10,0,10,0,"0000000",18,17,18,23,18,52,0,0,0,1,1
48,480852,1,1,0,0,0,2,2,481,0,10,4,2016,1,20,30,0,1,5,98,8,"FM 102","",119,29.36993056,-96.20743056,0,32,0,0,1,1,0,4,2,10,0,10,0,"0000000",99,98,99,98,88,88,0,0,0,2,1
48,480853,1,1,0,0,0,1,1,113,1730,12,4,2016,3,0,26,0,8,98,98,3,"SR-180 DAVIS ST","",0,32.74978056,-96.90552778,0,33,0,0,1,1,0,3,3,10,0,10,0,"0000000",99,99,99,99,99,99,0,0,0,1,0
48,480854,2,2,0,0,0,2,2,21,0,13,4,2016,4,6,30,1,1,3,98,2,"US-290","",87,30.29710556,-97.28191667,0,12,6,0,1,1,0,1,1,10,0,10,0,"0000000",99,98,99,98,88,88,0,0,0,1,0
48,480855,2,2,0,0,0,4,4,71,9997,13,4,2016,4,20,44,1,2,3,98,3,"SR-146","",55,29.80764444,-94.90310278,0,12,2,0,1,1,0,1,2,1,0,1,0,"0000000",20,44,20,55,21,57,0,0,0,1,0
48,480857,1,1,0,1,1,1,1,113,1730,14,4,2016,5,23,10,0,8,98,98,6,"FERGUSON RD","",0,32.80215833,-96.71360278,0,8,0,0,1,1,0,1,3,10,0,10,0,"0000000",99,98,99,98,88,88,0,0,0,1,0
48,480858,1,1,0,1,1,1,1,215,7330,15,4,2016,6,22,8,0,8,98,98,6,"BRIDGE AVE","",0,26.16061111,-97.98262222,0,8,0,0,1,1,0,1,3,1,0,1,0,"0000000",22,8,22,13,22,32,0,0,0,1,0
48,480859,2,2,0,0,0,2,2,355,1550,15,4,2016,6,0,6,1,2,3,98,8,"BS 286 A AYERS ST","HOLLY RD",8,27.72620833,-97.433125,0,12,6,0,2,2,0,1,2,1,0,1,0,"0000000",0,7,0,12,0,27,0,0,0,1,1
48,480860,3,3,0,0,0,3,3,439,2450,15,4,2016,6,1,29,1,2,1,1,1,"I-20 SOUTHEAST LOOP","",118,32.66157778,-97.284075,0,20,0,0,1,1,0,10,3,1,0,1,0,"0000000",99,98,99,98,88,88,0,0,0,1,1
48,480861,1,1,0,0,0,2,2,141,2190,16,1,2016,7,3,10,1,2,2,98,2,"US-54","",166,31.92866111,-106.42805833,0,33,0,0,5,1,0,10,3,1,0,1,0,"0000000",3,11,3,19,3,47,0,0,0,1,1
48,480862,2,2,0,1,1,5,5,339,0,24,2,2016,4,18,37,0,2,5,98,8,"FM 1485","",5,30.150175,-95.20606389,0,9,0,0,1,1,0,1,5,1,0,1,0,"0000000",99,98,99,98,88,88,0,0,0,1,0
48,480863,1,1,0,0,0,1,1,201,0,20,3,2016,1,23,40,0,8,98,98,4,"CR-ELLA BLVD","",0,30.00985556,-95.44728056,0,42,0,0,1,1,0,4,3,10,0,10,0,"0000000",99,99,99,99,99,99,0,0,0,1,1
48,480864,1,1,0,0,0,1,1,489,0,20,3,2016,1,14,20,1,1,1,1,1,"I-69E","",225,26.43642778,-97.78539167,0,58,0,0,1,1,0,4,1,1,0,1,0,"0000000",99,99,99,99,99,99,20,0,0,1,0
48,480865,2,2,0,0,0,2,2,141,2190,24,3,2016,5,5,20,0,8,98,98,6,"ALBUM AVE","WEDGEWOOD DR",0,31.78273611,-106.34858333,0,12,6,0,2,2,0,1,3,1,0,1,0,"0000000",99,98,99,98,88,88,0,0,0,1,0
48,480866,1,1,0,0,0,1,1,485,7490,29,3,2016,3,17,14,1,2,2,98,3,"SR-79","",114,33.90138333,-98.44435833,0,1,0,1,19,1,0,3,1,1,0,1,0,"0000000",99,98,99,98,88,88,0,0,0,1,0
48,480867,2,2,0,0,0,7,7,177,0,30,3,2016,4,12,10,0,1,4,98,2,"US-90A","",4,29.53060278,-97.71626389,0,12,2,0,1,1,0,1,1,10,0,10,0,"0000000",99,99,99,99,99,99,0,0,0,1,0
48,480868,3,3,0,0,0,8,8,445,0,1,4,2016,6,21,1,1,1,3,98,2,"US-62","",141,33.09805556,-102.36888611,0,12,2,0,1,1,0,1,2,10,0,10,0,"0000000",21,2,21,12,22,22,14,0,0,1,1
48,480870,2,2,0,1,1,2,2,201,0,3,4,2016,1,1,2,0,8,98,98,4,"CR-STUEBNER AIRLINE RD","",0,29.99205278,-95.50147778,0,8,0,0,1,1,0,1,2,1,0,1,0,"0000000",99,99,99,99,99,99,0,0,0,1,0
48,480871,2,2,0,0,0,6,6,121,6881,5,4,2016,3,19,47,9,9,99,98,7,"SR-121 TOLLWAY","PLANO",0,33.07127778,-96.87589167,0,12,6,1,2,2,0,1,1,1,0,1,0,"0000000",99,99,99,99,99,99,0,0,0,2,1
48,480872,2,2,0,0,0,6,6,209,0,5,4,2016,3,10,30,0,1,4,98,8,"RM 12","",233,29.91435833,-98.03251944,0,12,2,0,1,1,0,2,1,1,0,1,0,"0000000",99,99,99,99,99,99,0,0,0,3,1
48,480873,1,1,0,0,0,5,5,29,6090,6,4,2016,4,9,11,0,8,98,98,6,"O'CONNOR RD","",0,29.56601389,-98.383475,0,33,0,0,1,1,0,4,1,1,0,1,0,"0000000",99,99,99,99,99,99,20,0,0,1,0
48,480874,2,2,0,0,0,2,2,113,1240,6,4,2016,4,14,25,0,8,98,98,6,"PLEASANT RUN RD","",0,32.60433889,-96.93664722,0,12,6,0,8,1,0,1,1,1,0,1,0,"0000000",99,99,99,99,88,88,0,0,0,1,0
48,480875,2,2,0,0,0,2,2,201,0,6,4,2016,4,17,19,0,8,98,98,4,"CR-PERRY RD","CYPRESS MILLS DR",0,29.96088056,-95.56365833,0,1,0,0,2,3,0,1,1,1,0,1,0,"0000000",99,98,99,98,88,88,0,0,0,1,0
48,480876,1,1,0,0,0,5,5,339,0,6,4,2016,4,21,7,1,1,1,1,1,"I-45","",256,30.47473889,-95.49624444,0,59,0,1,19,1,0,10,2,1,0,1,0,"0000000",99,99,99,99,99,99,0,0,0,1,0
48,480877,1,1,0,1,1,1,1,29,6090,7,4,2016,5,6,58,0,8,98,98,6,"WEST AVE","LARKSPUR",0,29.53972222,-98.51566667,0,8,0,0,3,2,0,1,2,1,0,1,0,"0000000",99,98,99,98,88,88,0,0,0,1,0
48,480878,2,2,0,0,0,2,2,81,0,8,4,2016,6,7,37,0,1,4,98,3,"SR-208","",132,31.98035,-100.54131111,0,12,2,0,1,1,0,1,1,10,0,10,0,"0000000",99,98,99,98,88,88,0,0,0,1,0
48,480879,3,3,0,1,1,3,3,201,0,8,4,2016,6,23,55,0,8,98,98,4,"CR-JONES RD","",0,29.92171944,-95.58470833,0,8,0,0,1,1,0,1,3,1,0,1,0,"0000000",99,98,99,98,88,88,0,0,0,1,0
48,480880,3,3,0,0,0,6,6,209,3760,8,4,2016,6,0,2,1,2,1,1,1,"I-35","",137,29.96583889,-97.87569167,0,12,1,0,1,1,1,1,3,1,0,1,0,"0000000",0,6,0,22,1,13,0,0,0,1,0
48,480881,2,2,0,0,0,3,3,355,1550,8,4,2016,6,20,55,1,2,1,1,1,"I-37","",35,27.80389444,-97.4527,0,12,1,0,1,1,0,1,3,10,0,10,0,"0000000",20,55,21,0,21,17,0,0,0,1,1
48,480883,2,2,0,0,0,4,4,121,1840,9,4,2016,7,20,16,1,2,3,98,2,"US-377 FORT WORTH DR","",21,33.14440556,-97.1713,0,12,2,0,1,1,0,1,2,1,0,1,0,"0000000",20,17,20,22,20,50,0,0,0,4,0
48,480884,1,1,0,0,0,1,1,181,1830,10,4,2016,1,2,7,1,2,3,98,8,"SS503","",11,33.72117222,-96.57980833,0,1,0,0,1,1,0,10,3,1,0,1,0,"0000000",99,98,99,98,88,88,0,0,0,1,1
48,480885,1,1,0,1,1,1,1,201,0,10,4,2016,1,2,9,1,2,3,98,3,"SR-NASA NASA PKWY","",59,29.54837222,-95.09841111,0,8,0,0,1,1,0,1,3,1,0,1,0,"0000000",99,98,99,98,88,88,0,0,0,1,0
48,480886,2,2,0,0,0,3,3,251,0,10,4,2016,1,22,4,0,2,5,98,8,"FM1902","",0,32.55352222,-97.42504722,0,12,2,0,1,1,0,1,2,10,0,10,0,"0000000",22,3,22,23,22,47,0,0,0,1,1
48,480887,1,1,0,0,0,1,1,267,0,10,4,2016,1,10,55,0,1,5,98,2,"US-377","",60,30.32418333,-99.91033333,0,7,0,0,1,1,0,1,1,10,0,10,0,"0000000",99,98,99,98,88,88,0,0,0,1,0
48,480888,2,2,0,0,0,2,2,375,0,10,4,2016,1,6,30,1,2,3,98,2,"US-287","FM1912",103,35.18858333,-101.65379444,0,12,11,0,2,2,0,1,2,1,0,1,0,"0000000",99,98,99,98,88,88,0,0,0,1,0
48,480889,2,2,0,0,0,4,4,29,0,11,4,2016,2,9,46,1,1,3,98,2,"US-281","CR-BORGFELD RD",17,29.71009722,-98.44878889,0,12,6,0,2,3,0,1,1,2,0,2,0,"0000000",99,99,99,99,99,99,0,0,0,1,0
48,480890,1,1,0,0,0,1,1,73,0,11,4,2016,2,11,0,0,1,6,98,8,"FM241","",146,31.68817778,-95.03524444,0,34,0,0,1,1,0,4,1,2,0,2,0,"0000000",99,98,99,98,88,88,0,0,0,1,0
48,480891,2,2,0,0,0,3,3,135,0,11,4,2016,2,20,38,0,2,4,98,8,"FM2020 UNIVERSITY BLVD","",78,31.85645,-102.43490556,0,12,6,0,8,1,0,1,2,1,0,1,0,"0000000",20,41,20,44,21,16,0,0,0,2,1
48,480892,2,2,0,0,0,2,2,187,1325,11,4,2016,2,7,12,0,2,4,98,8,"FM78","FM1103",22,29.56046389,-98.23908056,0,12,6,0,2,4,0,1,3,10,0,10,0,"0000000",7,12,7,19,8,4,0,0,0,1,0
48,480893,1,1,0,0,0,2,2,113,1730,12,4,2016,3,20,52,0,8,98,98,6,"INWOOD RD","",0,32.81373611,-96.84752778,0,30,0,0,1,1,0,4,3,10,0,10,0,"0000000",99,99,99,99,99,99,0,0,0,1,1
48,480894,1,1,0,1,1,1,1,355,1550,12,4,2016,3,12,12,1,2,1,1,1,"I-37 RAMP","",44,27.80399722,-97.4686,0,8,0,1,5,1,0,2,1,2,0,2,0,"0000000",99,99,99,99,99,99,19,0,0,1,0
48,480895,2,2,0,0,0,2,2,423,0,12,4,2016,3,11,22,0,1,5,98,8,"FM346","",51,32.18430556,-95.36939444,0,12,2,0,1,1,0,1,1,1,0,1,0,"0000000",99,98,99,98,88,88,0,0,0,1,0
48,480896,2,2,0,0,0,4,4,423,7070,12,4,2016,3,7,57,0,2,5,98,8,"FM756 PALUXY DR","SKIDMORE LN",42,32.24870833,-95.27733333,0,12,6,0,2,3,0,1,1,10,0,10,0,"0000000",7,41,7,48,8,34,0,0,0,1,0
48,480897,1,1,0,0,0,1,1,29,6090,16,4,2016,7,2,30,1,2,2,98,2,"US-90","",21,29.40241944,-98.628125,0,24,0,1,19,1,0,3,2,1,0,1,0,"0000000",99,98,99,98,88,88,0,0,0,1,1
48,480898,1,1,0,0,0,1,1,27,0,16,4,2016,7,13,45,0,1,4,98,3,"SR-95","",48,30.90689444,-97.37067778,0,35,0,0,1,1,0,4,1,10,0,10,0,"0000000",99,98,99,98,88,88,0,0,0,1,0
48,480899,1,1,0,0,0,1,1,303,4140,16,4,2016,7,18,15,0,8,98,98,6,"58TH ST","",0,33.54153333,-101.89238889,0,42,0,0,1,1,0,4,1,1,0,1,0,"0000000",18,11,18,22,18,33,0,0,0,1,0
48,480900,1,1,0,0,0,5,5,307,0,16,4,2016,7,11,56,1,1,3,98,2,"US-87","",137,31.17172778,-99.38380833,0,32,0,0,1,1,1,4,1,2,0,2,0,"0000000",99,99,99,99,99,99,0,0,0,1,0
48,480901,1,1,0,0,0,1,1,439,2450,16,4,2016,7,17,48,1,2,1,1,7,"I-35W SOUTH FWY","",9,32.66087778,-97.320525,0,58,0,0,1,1,0,4,1,10,0,10,0,"0000000",99,99,99,99,99,99,0,0,0,1,0
48,480902,1,1,0,1,1,1,1,113,1730,17,4,2016,1,6,10,1,2,3,98,8,"SL12 LEDBETTER DR","",325,32.68777222,-96.78584722,0,8,0,0,1,1,0,1,3,10,0,10,0,"0000000",99,99,99,99,99,99,0,0,0,1,0
48,480903,2,2,0,0,0,5,5,91,0,18,4,2016,2,14,31,1,1,3,98,8,"FM3009","NATURAL BRIDGE CAVERNS RD",167,29.69257222,-98.33195278,0,12,2,0,2,4,0,1,1,10,0,10,0,"0000000",99,98,99,98,88,88,0,0,0,1,0
48,480904,2,2,0,0,0,2,2,245,5430,18,4,2016,2,8,28,0,2,5,98,3,"SR-82 MLK DR","",55,29.81851111,-93.95413333,0,12,6,0,1,1,0,1,1,2,0,2,0,"0000000",99,99,99,99,99,99,0,0,0,1,0
48,480905,2,2,0,0,0,3,3,113,1730,19,4,2016,3,21,10,0,8,98,98,6,"CORINTH ST","",0,32.72644444,-96.79919444,0,12,6,0,1,1,0,1,3,2,0,2,0,"0000000",99,99,99,99,99,99,0,0,0,1,1
48,480906,1,1,0,1,1,1,1,439,2450,21,4,2016,5,5,53,0,8,98,98,6,"BERRY ST","",0,32.70584444,-97.30500278,0,8,0,0,1,1,0,1,2,2,0,2,0,"0000000",99,99,99,99,99,99,0,0,0,1,0
48,480907,1,1,0,0,0,1,1,13,0,2,2,2016,3,16,3,1,1,1,1,1,"I-37","",142,28.7824,-98.3146,0,57,0,0,1,1,0,3,1,1,0,1,0,"0000000",99,98,99,98,88,88,0,0,0,1,1
48,480908,2,2,0,0,0,2,2,75,0,21,3,2016,2,11,0,1,1,3,98,2,"US-62","",156,34.50370556,-100.20818889,0,12,2,0,1,1,0,1,1,1,0,1,0,"0000000",99,98,99,98,88,88,0,0,0,1,1
48,480909,2,2,0,0,0,2,2,199,6380,22,3,2016,3,6,29,1,1,3,98,2,"US-96","",70,30.323675,-94.17159722,0,12,1,0,7,1,0,1,2,1,0,1,0,"0000000",99,98,99,98,88,88,0,0,0,1,0
48,480910,1,1,0,1,1,2,2,141,3276,27,3,2016,1,21,39,0,8,98,98,6,"DARRINGTON RD","RUDI KEUFNER RD",0,31.66630278,-106.18788611,0,8,0,0,2,2,0,1,2,1,0,1,0,"0000000",20,40,20,48,21,20,0,0,0,1,0
48,480911,2,2,0,0,0,2,2,297,2630,31,3,2016,5,18,36,1,1,3,98,2,"US-281","",254,28.3234,-98.11410556,0,12,2,0,1,1,0,1,1,1,0,1,0,"0000000",18,41,19,3,19,54,0,0,0,1,0
48,480912,2,2,0,0,0,2,2,285,0,2,4,2016,7,16,35,0,1,5,98,8,"UA77","FM531",248,29.35793333,-97.08906944,0,12,6,0,2,3,0,1,1,1,0,1,0,"0000000",16,30,16,37,17,7,0,0,0,1,0
48,480913,1,1,0,1,1,1,1,121,1840,4,4,2016,2,21,31,1,2,3,98,2,"US-380 UNIVERSITY DR","",143,33.229425,-97.14379444,0,9,0,0,1,1,1,1,3,1,0,1,0,"0000000",99,99,99,99,99,99,0,0,0,1,0