"STATE","ST_CASE","VE_TOTAL","VE_FORMS","PVH_INVL","PEDS","PERNOTMVIT","PERMVIT","PERSONS","COUNTY","CITY","DAY","MONTH","YEAR","DAY_WEEK","HOUR","MINUTE","NHS","RUR_URB","FUNC_SYS","RD_OWNER","ROUTE","TWAY_ID","TWAY_ID2","MILEPT","LATITUDE","LONGITUD","SP_JUR","HARM_EV","MAN_COLL","RELJCT1","RELJCT2","TYP_INT","WRK_ZONE","REL_ROAD","LGT_COND","WEATHER1","WEATHER2","WEATHER","SCH_BUS","RAIL","NOT_HOUR","NOT_MIN","ARR_HOUR","ARR_MIN","HOSP_HR","HOSP_MN","CF1","CF2","CF3","FATALS","DRUNK_DR"
48,480914,2,2,0,0,0,4,4,201,0,4,4,2016,2,17,8,0,8,98,98,4,"CR-SAINT CHARLES DR","CR-SAINT FRANCIS ST",0,29.87151389,-95.05811111,0,12,6,0,2,2,0,1,1,1,0,1,0,"0000000",99,99,99,99,99,99,0,0,0,1,0
48,480915,1,1,0,0,0,1,1,259,0,5,4,2016,3,14,42,0,1,5,98,8,"RM474","",92,29.8636,-98.68051389,0,42,0,0,1,1,0,4,9,1,0,1,0,"0000000",99,98,99,98,88,88,0,0,0,1,1
48,480916,2,2,0,0,0,2,2,201,3320,8,4,2016,6,2,13,1,2,1,1,7,"I-69","FM1960",14,30.00494444,-95.26748333,0,12,6,1,2,2,0,1,3,1,0,1,0,"0000000",99,98,99,98,88,88,20,0,0,1,0
48,480917,1,1,0,0,0,1,1,201,3280,9,4,2016,7,3,14,0,8,98,98,6,"MEMORIAL WOODS DR","",0,29.78183333,-95.46090833,0,42,0,0,1,1,0,4,2,1,0,1,0,"0000000",99,98,99,98,88,88,0,0,0,1,1
48,480918,1,1,0,0,0,5,5,113,1730,10,4,2016,1,3,41,1,2,1,1,1,"I-30 RL THORNTON FWY","",99,32.79451389,-96.69882778,0,33,0,0,1,1,0,4,3,1,0,1,0,"0000000",99,99,99,99,99,99,0,0,0,1,1
48,480919,1,1,0,0,0,1,1,113,3420,10,4,2016,1,19,33,1,2,2,98,3,"SR-161","",121,32.873825,-96.99454444,0,24,0,0,1,1,0,3,3,10,0,10,0,"0000000",19,34,19,39,20,2,0,0,0,1,1
48,480920,1,1,0,1,1,1,1,181,6350,10,4,2016,1,4,0,1,2,2,98,7,"US-75 SAM RAYBURN FWY","",256,33.62197222,-96.61121944,0,8,0,0,1,1,0,1,2,10,0,10,0,"0000000",99,98,99,98,88,88,0,0,0,1,0
48,480921,1,1,0,0,0,2,2,201,3280,10,4,2016,1,22,3,1,2,2,98,7,"US-59/EASTEX FWY","",16,29.78514444,-95.33931389,0,5,0,0,1,1,0,1,3,10,0,10,0,"0000000",99,98,99,98,88,88,0,0,0,1,0
48,480922,1,1,0,0,0,1,1,133,0,12,4,2016,3,5,31,1,1,1,1,1,"I-20","",67,32.4797,-98.60501944,0,23,0,0,1,1,0,3,2,1,0,1,0,"0000000",99,98,99,98,88,88,0,0,0,1,0
48,480923,2,2,0,0,0,2,2,157,0,12,4,2016,3,4,29,1,2,3,98,8,"FM 521/ALMEDA RD","",91,29.55030833,-95.444025,0,12,2,0,1,1,0,1,2,1,0,1,0,"0000000",99,99,99,99,99,99,0,0,0,1,1
48,480924,2,2,0,0,0,6,6,51,0,13,4,2016,4,7,30,0,1,4,98,3,"SR-21","FM 50",200,30.62298056,-96.54511111,0,12,6,0,2,3,0,1,1,10,0,10,0,"0000000",7,50,8,7,8,44,0,0,0,1,0
48,480925,2,2,0,0,0,2,2,201,0,13,4,2016,4,23,40,0,2,3,98,8,"FM 1960","GREENBROOK DR",156,30.02485,-95.41378056,0,12,6,0,2,2,0,1,3,1,0,1,0,"0000000",99,98,99,98,88,88,0,0,0,1,0
48,480926,1,1,0,0,0,1,1,201,3280,13,4,2016,4,19,15,0,8,98,98,6,"CLOVER CREEK DR","",0,30.06472222,-95.16639167,0,5,0,0,1,1,0,1,1,2,0,2,0,"0000000",19,16,19,26,20,24,0,0,0,1,0
48,480927,1,1,0,1,1,1,1,397,6010,13,4,2016,4,1,24,1,1,1,1,7,"I-30","",159,32.98108333,-96.30153333,0,8,0,0,1,1,0,1,2,2,0,2,0,"0000000",99,99,99,99,99,99,3,0,0,1,1
48,480928,1,1,0,0,0,2,2,61,0,14,4,2016,5,18,20,1,2,3,98,3,"SR-100","",41,26.07446944,-97.51305,0,32,0,0,1,1,0,4,1,1,0,1,0,"0000000",18,24,18,27,18,51,0,0,0,1,0
48,480929,4,4,0,0,0,12,12,139,0,15,4,2016,6,7,35,0,2,4,98,3,"SR-34","CR-LONE OAK RD",75,32.36411944,-96.56823056,0,12,6,0,2,3,0,1,2,5,0,5,1,"0000000",7,27,7,44,8,14,0,0,0,1,0
48,480930,2,2,0,0,0,2,2,201,3280,15,4,2016,6,2,35,1,2,1,1,1,"I-45/GULF","",155,29.68222778,-95.27421667,0,12,1,0,1,1,0,1,3,10,0,10,0,"0000000",2,35,2,48,3,27,0,0,0,1,1
48,480931,1,1,0,0,0,1,1,355,0,15,4,2016,6,8,15,0,1,5,98,8,"FM 666","",86,27.81641111,-97.79903889,0,1,0,0,1,1,0,4,1,1,0,1,0,"0000000",8,30,8,54,9,29,0,0,0,1,0
48,480932,2,2,0,0,0,2,2,385,0,15,4,2016,6,14,48,0,1,4,98,2,"US-83","",274,29.73643333,-99.76142778,0,12,6,0,1,1,0,1,1,1,0,1,0,"0000000",14,45,14,55,88,88,0,0,0,1,0
48,480933,2,2,0,0,0,3,3,467,0,15,4,2016,6,7,25,0,1,5,98,8,"FM 314","",52,32.45481111,-95.62225,0,12,2,0,1,1,0,1,1,5,0,5,0,"0000000",7,29,7,41,8,33,0,0,0,1,0
48,480934,1,1,0,0,0,1,1,53,0,16,4,2016,7,23,22,0,8,98,98,4,"CR-200","",0,30.79098889,-98.17113889,0,1,0,0,1,1,0,4,2,2,0,2,0,"0000000",99,98,99,98,88,88,0,0,0,1,1
48,480935,2,2,0,0,0,5,5,113,1730,16,4,2016,7,21,37,1,2,3,98,8,"SL 12/LEDBETTER DR","RUGGED DR",67,32.691275,-96.85216667,0,12,6,0,2,2,0,1,3,1,0,1,0,"0000000",99,99,99,99,99,99,14,0,0,1,0
48,480936,1,1,0,0,0,3,3,231,0,17,4,2016,1,7,39,0,1,4,98,3,"SR-224","",134,33.21235,-95.98603889,0,42,0,0,1,1,0,4,4,10,0,10,0,"0000000",99,98,99,98,88,88,0,0,0,3,0
48,480937,3,3,0,0,0,4,4,339,0,17,4,2016,1,20,2,1,1,3,98,8,"FM 1774","",4,30.22423056,-95.79721111,0,12,1,0,1,1,0,1,1,2,0,2,0,"0000000",99,99,99,99,99,99,0,0,0,1,1
48,480939,2,2,0,0,0,3,3,491,330,19,4,2016,3,13,3,0,8,98,98,6,"LAKECREEK PKWY","",0,30.461475,-97.81575833,0,12,6,0,8,1,0,1,1,10,0,10,0,"0000000",12,55,12,58,13,18,0,0,0,1,0
48,480940,1,1,0,1,1,2,2,113,1730,20,4,2016,4,11,55,1,2,2,98,2,"US-75/CENTRAL EXPY RAMP","",54,32.92203889,-96.76489444,0,8,0,1,18,1,0,1,1,1,0,1,0,"0000000",99,98,99,98,88,88,0,0,0,1,0
48,480941,4,4,0,0,0,5,5,141,2190,8,1,2016,6,23,19,1,2,1,1,1,"I-10","",306,31.74427778,-106.33164444,0,12,1,1,18,1,0,1,3,10,0,10,0,"0000000",23,21,23,29,23,42,19,0,0,1,1
48,480942,3,3,0,0,0,3,3,27,0,22,2,2016,2,8,52,1,2,2,98,2,"US-190","",33,31.11887222,-97.76661389,0,12,1,0,1,1,0,1,1,10,0,10,0,"0000000",99,99,99,99,99,99,0,0,0,1,0
48,480943,1,1,0,0,0,1,1,45,0,2,4,2016,7,14,19,0,1,4,98,3,"SR-256","",97,34.47115,-101.09478611,0,31,0,0,1,1,0,4,1,1,0,1,0,"0000000",99,98,99,98,88,88,0,0,0,1,0
48,480944,2,2,0,0,0,2,2,389,0,6,4,2016,4,14,5,1,1,1,1,1,"I-20","",348,31.35490556,-103.705575,0,12,1,0,1,1,2,1,1,1,0,1,0,"0000000",15,5,99,99,15,7,0,0,0,1,0
48,480945,1,1,0,0,0,2,2,123,0,15,4,2016,6,1,4,0,8,98,98,4,"CR-OLD GOLIAD RD","",0,29.04721111,-97.31696944,0,1,0,0,1,1,0,1,2,1,0,1,0,"0000000",99,99,99,99,99,99,0,0,0,1,1
48,480946,1,1,0,0,0,1,1,423,0,15,4,2016,6,5,20,1,1,3,98,3,"SR-31","",201,32.1484,-96.12349722,0,1,0,0,1,1,0,3,2,10,0,10,0,"0000000",99,99,99,99,99,99,0,0,0,1,0
48,480947,3,3,0,1,1,3,3,201,3280,16,4,2016,7,1,15,1,2,2,98,2,"US-59 SOUTHWEST FWY","",60,29.72928611,-95.44418889,0,12,1,0,1,1,0,1,3,1,0,1,0,"0000000",1,18,1,25,1,42,19,0,0,1,1
48,480948,3,3,0,0,0,4,4,201,3280,17,4,2016,1,3,45,1,2,3,98,3,"SR-6","",87,29.81283611,-95.64538889,0,12,1,0,1,1,0,1,3,2,0,2,0,"0000000",3,45,3,53,4,26,0,0,0,1,1
48,480949,3,3,0,0,0,4,4,83,0,18,4,2016,2,14,0,1,1,3,98,2,"US-84","",59,31.8105,-99.3963,0,12,6,0,1,1,0,1,1,2,0,2,0,"0000000",99,99,99,99,99,99,0,0,0,2,0
48,480950,1,1,0,1,1,1,1,355,1550,18,4,2016,2,6,15,0,8,98,98,6,"AIRLINE RD","",0,27.70305556,-97.3629,0,8,0,0,1,1,0,1,3,10,0,10,0,"0000000",6,15,6,20,6,37,0,0,0,1,0
48,480951,1,1,0,0,0,1,1,201,0,19,4,2016,3,3,5,0,8,98,98,6,"BRIARCREEK BLVD","OLD RANCH RD",0,30.03091389,-95.39562222,0,3,0,0,3,3,0,3,2,10,0,10,0,"0000000",99,98,99,98,88,88,0,0,0,1,0
48,480952,4,4,0,0,0,8,8,201,0,19,4,2016,3,18,27,0,8,98,98,4,"CR-CLAY RD","CR-WESTFIELD VILLAGE DR",0,29.83128056,-95.72940278,0,12,6,0,2,3,0,1,1,2,0,2,0,"0000000",18,27,18,28,19,31,0,0,0,1,1
48,480953,2,2,0,0,0,2,2,265,3670,19,4,2016,3,7,41,1,2,3,98,8,"SL 534 VETERANS HWY","SINGING WIND DR",47,30.02712222,-99.11435833,0,12,6,0,2,2,0,1,1,10,0,10,0,"0000000",7,50,7,58,8,20,0,0,0,1,0
48,480954,1,1,0,0,0,1,1,339,0,19,4,2016,3,5,0,0,1,5,98,8,"FM 1791","",5,30.56923611,-95.73975278,0,18,0,0,1,1,0,1,2,5,0,5,0,"0000000",99,98,99,98,88,88,0,0,0,1,0
48,480955,2,2,0,0,0,2,2,29,6090,20,4,2016,4,20,52,1,2,1,1,1,"I-10","",100,29.44237222,-98.36894167,0,12,1,0,1,1,0,1,2,1,0,1,0,"0000000",99,99,99,99,99,99,0,0,0,1,0
48,480956,1,1,0,0,0,1,1,401,0,20,4,2016,4,7,1,1,1,3,98,2,"US-259","",54,32.20122222,-94.81921111,0,42,0,0,1,1,0,4,1,2,0,2,0,"0000000",99,98,99,98,88,88,0,0,0,1,0
48,480957,2,2,0,0,0,5,5,21,0,21,4,2016,5,22,45,1,1,3,98,3,"SR-71","",38,30.15300833,-97.49100278,0,12,2,0,1,1,0,1,2,1,0,1,0,"0000000",22,49,23,3,23,28,0,0,0,2,1
48,480958,2,2,0,0,0,3,3,201,0,21,4,2016,5,20,55,0,2,2,98,3,"SR-99","",60,29.84600833,-95.75605278,0,12,1,0,1,1,0,1,2,1,0,1,0,"0000000",20,59,21,10,22,0,0,0,0,1,1
48,480959,1,1,0,0,0,4,4,1,0,22,4,2016,6,16,29,0,1,4,98,2,"US-287","",134,31.60498056,-95.52383056,0,1,0,0,1,1,0,4,1,1,0,1,0,"0000000",99,99,99,99,99,99,0,0,0,1,1
48,480960,2,2,0,0,0,4,4,143,0,22,4,2016,6,0,23,0,1,4,98,2,"US-281","",252,32.18104444,-98.16343889,0,12,2,0,1,1,0,1,2,1,0,1,0,"0000000",99,99,99,99,99,99,0,0,0,1,1
48,480961,2,2,0,0,0,4,4,427,5780,22,4,2016,6,21,0,0,1,5,98,8,"FM 755","",278,26.39611111,-98.78691389,0,12,6,0,1,1,0,1,2,1,0,1,0,"0000000",21,3,21,13,21,37,0,0,0,1,1
48,480963,1,1,0,0,0,1,1,5,4160,23,4,2016,7,18,13,1,2,3,98,2,"US-69 ELLEN TROUT DR","FM 3439 SPENCE ST",96,31.37291944,-94.71604722,0,33,0,0,3,2,0,3,1,1,0,1,0,"0000000",99,99,99,99,99,99,0,0,0,1,0
48,480964,2,2,0,0,0,2,2,113,1730,23,4,2016,7,14,50,0,8,98,98,6,"ILLINOIS AVE","",0,32.72023611,-96.85049167,0,12,6,0,1,1,0,1,1,1,0,1,0,"0000000",99,99,99,99,99,99,0,0,0,1,1
48,480965,2,2,0,1,1,2,2,201,0,23,4,2016,7,2,0,1,2,2,98,7,"SR-249 TOMBALL PKWY","",116,29.97812778,-95.56532778,0,8,0,0,1,1,0,1,3,1,0,1,0,"0000000",99,98,99,98,88,88,0,0,0,1,0
48,480966,2,2,0,0,0,6,6,201,0,23,4,2016,7,15,14,0,8,98,98,4,"CR-HUFSMITH KUYKENDAHL RD","",0,30.10685,-95.56496111,0,12,2,0,1,1,0,1,1,1,0,1,0,"0000000",15,15,15,25,16,33,0,0,0,1,1
48,480967,1,1,0,0,0,1,1,287,0,23,4,2016,7,15,40,0,1,5,98,8,"FM 141","",54,30.327025,-96.79104722,0,38,0,0,1,1,0,5,1,1,0,1,0,"0000000",99,98,99,98,88,88,0,0,0,1,1
48,480968,1,1,0,0,0,1,1,339,0,23,4,2016,7,22,10,0,2,4,98,8,"FM 1488","",177,30.22428889,-95.55178611,0,59,0,0,1,1,0,4,3,1,0,1,0,"0000000",99,99,99,99,99,99,0,0,0,1,1
48,480969,2,2,0,0,0,4,4,453,330,23,4,2016,7,18,14,0,8,98,98,6,"ROYAL CREST DR","",0,30.24047222,-97.72975833,0,44,0,0,1,1,0,4,1,1,0,1,0,"0000000",99,98,99,98,88,88,0,0,0,1,1
48,480970,1,1,0,0,0,2,2,113,1730,24,4,2016,1,8,50,1,2,3,98,3,"SR-342 LANCASTER RD","",84,32.67147778,-96.78315278,0,30,0,0,1,1,0,4,1,1,0,1,0,"0000000",99,99,99,99,99,99,0,0,0,1,0
48,480971,1,1,0,0,0,2,2,201,0,24,4,2016,1,7,0,0,8,98,98,4,"CR-HARDY RD","CR-HOPPER RD",0,29.8797,-95.36679167,0,25,0,0,3,3,0,10,1,10,0,10,0,"0000000",99,98,99,98,88,88,0,0,0,2,1
48,480972,1,1,0,0,0,1,1,439,4300,25,4,2016,2,14,7,1,2,2,98,2,"US-287","",299,32.56781944,-97.11746111,0,21,0,1,19,1,0,10,1,1,0,1,0,"0000000",99,98,99,98,88,88,0,0,0,1,1
48,480973,1,1,0,1,1,1,1,439,2450,27,4,2016,4,17,42,0,8,98,98,6,"ACORN","",0,32.839325,-97.49171111,0,8,0,0,8,1,0,1,1,1,0,1,0,"0000000",17,41,17,57,18,28,0,0,0,1,0
48,480974,1,1,0,0,0,1,1,339,7500,28,4,2016,5,2,44,1,1,1,1,1,"I-45","",254,30.47207222,-95.49605278,0,34,0,1,5,1,0,10,2,5,0,5,0,"0000000",99,98,99,98,88,88,0,0,0,1,0
48,480975,2,2,0,0,0,2,2,439,2850,28,4,2016,5,4,41,1,2,2,98,3,"SR-114","",71,32.93223889,-97.09527778,0,12,2,1,18,1,0,1,3,1,0,1,0,"0000000",4,42,4,55,5,25,0,0,0,2,1
48,480976,1,1,0,1,1,4,4,113,4530,12,2,2016,6,18,40,0,8,98,98,6,"PIONEER RD","",0,32.73425,-96.59351389,0,8,0,0,1,1,0,1,2,1,0,1,0,"0000000",18,40,18,48,19,18,0,0,0,1,0
48,480977,1,1,0,0,0,4,4,485,7490,26,2,2016,6,23,5,1,2,2,98,2,"US-281 HENRY S GRACE FWY RAMP","",6,33.88378889,-98.47765833,0,24,0,1,5,1,0,4,3,1,0,1,0,"0000000",99,99,99,99,99,99,0,0,0,2,1
48,480978,2,1,1,0,1,1,2,201,0,7,3,2016,2,14,5,0,8,98,98,4,"CR-WALLER-SPRING CREEK RD","",0,30.080525,-95.89383611,0,14,0,0,1,1,0,2,1,10,0,10,0,"0000000",14,9,14,21,15,10,0,0,0,1,0
48,480979,2,2,0,0,0,4,4,485,7490,24,3,2016,5,20,51,1,2,3,98,8,"SL-240 MLK JR BLVD","JUAREZ ST",460,33.91206389,-98.48278611,0,12,6,0,2,2,0,1,3,1,0,1,0,"0000000",99,99,99,99,99,99,0,0,0,1,0
48,480981,1,1,0,1,1,1,1,201,3280,3,4,2016,1,12,32,1,2,3,98,8,"FM865 CULLEN BLVD","WENDA",36,29.65263889,-95.35554444,0,8,0,0,3,2,0,1,1,1,0,1,0,"0000000",12,33,12,36,12,56,0,0,0,1,0
48,480982,3,3,0,0,0,5,5,251,3593,8,4,2016,6,13,43,1,2,3,98,2,"US-67 HENDERSON ST","",37,32.39621111,-97.299475,0,12,7,0,1,1,0,1,1,1,0,1,1,"0000000",99,98,99,98,88,88,14,0,0,1,0
48,480983,3,3,0,0,0,7,7,267,0,9,4,2016,7,0,18,1,1,1,1,1,"I-10","",99,30.50020278,-99.96876944,0,12,1,0,1,1,0,1,2,10,0,10,0,"0000000",0,23,0,43,1,18,23,0,0,1,0
48,480984,2,2,0,0,0,3,3,113,3420,11,4,2016,2,11,42,0,8,98,98,6,"LAS COLINAS BLVD","TELEPORT BLVD",0,32.86114722,-96.92843056,0,12,6,0,2,2,0,1,1,1,0,1,0,"0000000",11,43,11,44,12,14,0,0,0,1,0
48,480985,2,2,0,0,0,3,3,31,0,12,4,2016,3,9,38,0,1,6,98,8,"RM473 NARROWS RD","RM32",57,30.02318611,-98.33217222,0,12,6,0,2,2,0,1,1,10,0,10,0,"0000000",9,41,9,48,11,14,0,0,0,1,0
48,480986,2,2,0,0,0,4,4,113,6053,15,4,2016,6,16,1,1,2,4,98,3,"SR-78 MILES RD","SR-190",43,32.95028333,-96.58453333,0,12,1,1,3,2,0,1,1,1,0,1,0,"0000000",99,99,99,99,99,99,0,0,0,1,0
48,480987,1,1,0,0,0,2,2,201,3280,15,4,2016,6,20,15,0,8,98,98,6,"OREM DR","",0,29.62773333,-95.43594167,0,5,0,0,1,1,0,1,3,10,0,10,0,"0000000",20,11,20,18,20,57,0,0,0,1,0
48,480988,2,2,0,0,0,3,3,439,0,15,4,2016,6,17,31,0,2,4,98,8,"FM1220 MORRIS DIDO NEWARK RD","WEST BONDS RANCH RD",15,32.91591111,-97.468175,0,12,6,0,2,3,0,1,1,1,0,1,0,"0000000",17,35,17,55,18,41,0,0,0,1,0
48,480989,1,1,0,0,0,2,2,201,3280,17,4,2016,1,4,19,0,8,98,98,6,"OREM DR","",0,29.62773889,-95.41356944,0,42,0,0,1,1,0,3,2,2,0,2,0,"0000000",4,19,4,23,5,29,0,0,0,1,1
48,480990,2,2,0,0,0,3,3,181,0,18,4,2016,2,22,15,0,1,5,98,8,"FM120","FM1753",26,33.75516111,-96.50797778,0,12,6,0,3,3,0,1,2,10,0,10,0,"0000000",22,15,22,26,22,41,0,0,0,1,0
48,480991,2,2,0,0,0,8,8,339,0,19,4,2016,3,17,30,0,1,5,98,8,"FM3083","",110,30.28672778,-95.37446667,0,12,2,0,1,1,0,1,1,1,0,1,0,"0000000",99,99,99,99,99,99,0,0,0,4,0
48,480992,1,1,0,1,1,3,3,185,0,21,4,2016,5,0,30,0,1,6,98,8,"FM3090","",194,30.41220833,-96.08193056,0,8,0,0,1,1,0,1,2,10,0,10,0,"0000000",99,98,99,98,88,88,0,0,0,1,0
48,480993,2,2,0,0,0,4,4,113,1730,22,4,2016,6,21,35,1,2,1,1,1,"I-35E STEMMONS FWY","",178,32.79613056,-96.81523889,0,25,0,0,1,1,0,4,3,1,0,1,0,"0000000",99,99,99,99,99,99,0,0,0,1,1
48,480994,2,2,0,0,0,4,4,209,6170,22,4,2016,6,16,14,1,2,3,98,3,"SR-21 AIRPORT HWY","HARRIS HILL RD",20,29.89341111,-97.88116389,0,12,2,0,2,3,0,1,1,1,0,1,0,"0000000",16,14,16,26,17,12,0,0,0,1,0
48,480995,5,5,0,0,0,7,7,339,0,22,4,2016,6,10,50,1,1,3,98,3,"SR-105","",323,30.33131944,-95.3024,0,12,1,0,1,1,0,1,1,1,0,1,0,"0000000",99,99,99,99,99,99,0,0,0,3,0
48,480996,2,2,0,0,0,4,4,113,1730,22,4,2016,6,23,33,1,2,1,1,1,"I-20 LBJ FWY","",197,32.66145556,-96.72753611,0,12,1,1,18,1,0,1,2,1,0,1,0,"0000000",99,99,99,99,99,99,23,0,0,1,0
48,480997,7,7,0,0,0,9,9,201,0,25,4,2016,2,16,45,1,2,2,98,7,"SL8 SAM HOUSTON PKWY","",156,29.9342,-95.25098611,0,12,7,0,1,1,0,1,1,1,0,1,0,"0000000",16,45,16,53,17,27,0,0,0,2,1
48,480998,1,1,0,0,0,1,1,267,0,25,4,2016,2,19,39,0,1,6,98,8,"RM385","",176,30.4786,-99.4216,0,42,0,0,1,1,0,4,1,1,0,1,0,"0000000",99,98,99,98,88,88,0,0,0,1,1
48,480999,1,1,0,0,0,1,1,439,2450,26,4,2016,3,11,23,0,8,98,98,6,"RISINGER RD","",0,32.61393611,-97.31696944,0,1,0,0,1,1,0,4,1,1,0,1,0,"0000000",99,98,99,98,88,88,0,0,0,1,0
48,481000,1,1,0,1,1,1,1,439,4965,26,4,2016,3,10,59,0,8,98,98,6,"RUFE SNOW DR","BUENOS AIRES DR",0,32.8478,-97.23860556,0,8,0,0,3,3,0,4,1,1,0,1,0,"0000000",11,12,11,23,11,37,0,0,0,1,1
48,481001,1,1,0,1,1,1,1,241,0,27,4,2016,4,23,45,1,1,3,98,2,"US-96","CR-722",15,30.42586944,-93.98473889,0,8,0,0,2,3,0,1,2,10,0,10,0,"0000000",99,99,99,99,99,99,0,0,0,1,0
48,481002,1,1,0,1,1,1,1,439,2450,27,4,2016,4,21,54,1,2,1,1,1,"I-35/SOUTH FWY","",42,32.70901944,-97.32073889,0,8,0,0,1,1,0,1,3,1,0,1,0,"0000000",99,98,99,98,88,88,0,0,0,1,0
48,481003,2,2,0,0,0,3,3,439,3347,27,4,2016,4,12,43,1,2,1,1,1,"I-820","",252,32.82129722,-97.20550556,0,12,6,0,1,1,0,1,1,1,0,1,0,"0000000",12,52,12,57,13,37,0,0,0,1,0
48,481004,1,1,0,1,1,1,1,361,5100,28,4,2016,5,16,28,1,2,1,1,7,"I-10/LUTCHER DRIVE","SR-62",180,30.11503333,-93.82103333,0,8,0,1,3,2,0,1,1,1,0,1,0,"0000000",88,88,88,88,88,88,0,0,0,1,0
48,481005,2,2,0,0,0,2,2,245,5430,29,4,2016,6,7,48,0,8,98,98,6,"7TH ST","",0,29.88658889,-93.92528333,0,12,1,0,1,1,0,1,1,10,0,10,0,"0000000",99,99,99,99,99,99,0,0,0,1,0
48,481006,1,1,0,0,0,2,2,429,0,29,4,2016,6,12,57,0,1,4,98,3,"SR-67","",155,32.78131944,-98.83601111,0,1,0,0,1,1,0,1,1,1,0,1,0,"0000000",13,12,13,46,14,47,0,0,0,2,0
48,481007,2,2,0,0,0,2,2,201,3280,30,4,2016,7,1,57,0,8,98,98,6,"HIRAM CLARKE RD","",0,29.62850556,-95.446275,0,12,6,0,1,1,0,1,3,10,0,10,0,"0000000",1,57,2,3,88,88,0,0,0,1,2
48,481008,1,1,0,0,0,1,1,459,0,30,4,2016,7,5,12,0,1,5,98,8,"FM 1649","",97,32.7882,-94.73151944,0,18,0,0,1,1,0,1,2,10,0,10,0,"0000000",99,98,99,98,88,88,0,0,0,1,0
48,481009,1,1,0,0,0,1,1,55,0,11,4,2016,2,2,45,0,1,5,98,3,"SR-304","",48,29.780475,-97.40918611,0,1,0,0,1,1,0,4,2,2,0,2,0,"0000000",99,99,99,99,99,99,0,0,0,1,0
48,481010,1,1,0,0,0,1,1,463,0,15,4,2016,6,20,15,0,1,5,98,8,"FM 1049","",6,29.2856,-99.63458889,0,1,0,0,1,1,0,4,1,1,0,1,0,"0000000",99,98,99,98,88,88,0,0,0,1,1
48,481011,1,1,0,0,0,10,10,61,0,17,4,2016,1,18,8,0,1,5,98,3,"SR-4/BOCA CHICA HWY","",276,25.96318056,-97.22875,0,1,0,0,1,1,0,4,1,10,0,10,0,"0000000",18,19,18,39,19,15,0,0,0,1,0
48,481012,1,1,0,0,0,2,2,65,0,19,4,2016,3,9,21,0,1,4,98,3,"SR-152","",81,35.567,-101.17786111,0,1,0,0,1,1,0,4,1,2,0,2,0,"0000000",9,19,9,34,10,4,0,0,0,1,0
48,481014,2,2,0,0,0,3,3,113,2590,21,4,2016,5,21,9,1,2,4,98,3,"SR-78/GARLAND AVE","SEVENTEENTH ST",85,32.89084167,-96.65151389,0,12,6,0,2,3,0,1,3,1,0,1,0,"0000000",21,12,21,17,22,10,0,0,0,1,1
48,481015,1,1,0,1,1,1,1,113,1730,22,4,2016,6,2,21,1,2,2,98,7,"US 75/CENTRAL EXPY","SL 12/MOCKINGBIRD LN",115,32.83651944,-96.77836111,0,8,0,0,2,2,0,1,3,1,0,1,0,"0000000",99,99,99,99,99,99,0,0,0,1,0
48,481016,1,1,0,0,0,4,4,39,0,23,4,2016,7,17,35,0,8,98,98,4,"CR-42/SANDY POINT RD","",0,29.35386111,-95.57068056,0,1,0,0,1,1,0,4,1,1,0,1,0,"0000000",17,40,17,56,18,47,0,0,0,1,1
48,481017,1,1,0,0,0,1,1,113,1730,29,4,2016,6,23,4,1,2,3,98,8,"SL 12/BUCKNER BLVD","",51,32.801025,-96.68254167,0,23,0,0,1,1,0,4,2,10,0,10,0,"0000000",99,99,99,99,99,99,0,0,0,1,1
48,481018,2,2,0,0,0,3,3,29,6090,30,4,2016,7,23,42,0,8,98,98,6,"MILITARY DR","CHINOOK",0,29.44909444,-98.69241667,0,12,6,0,2,3,0,1,3,1,0,1,0,"0000000",99,99,99,99,99,99,0,0,0,1,2
48,481019,2,2,0,0,0,3,3,113,1730,30,4,2016,7,1,25,0,8,98,98,6,"MILLER RD","PLANO RD",0,32.89457778,-96.70031111,0,12,2,0,2,2,0,1,3,10,0,10,0,"0000000",99,99,99,99,99,99,0,0,0,1,0
48,481020,3,3,0,0,0,5,5,423,0,25,1,2016,2,7,30,0,1,4,98,3,"SR-110","",116,32.19435,-95.20693056,0,12,2,0,1,1,0,1,1,1,0,1,0,"0000000",7,35,7,44,8,42,0,0,0,1,0
48,481021,2,2,0,0,0,4,4,479,3899,17,2,2016,4,13,51,1,2,3,98,8,"FM1472 MINES RD","RANCHO VIEJO DR",161,27.591975,-99.51228056,0,12,6,0,2,3,0,1,1,10,0,10,0,"0000000",13,52,13,55,14,7,0,0,0,1,0
48,481022,2,2,0,0,0,2,2,61,940,29,2,2016,2,17,57,0,8,98,98,6,"LOS EBANOS BLVD","ROCKWELL DR",0,25.92635556,-97.48810278,0,12,6,0,2,4,0,1,1,10,0,10,0,"0000000",17,59,18,5,18,35,0,0,0,1,0
48,481023,2,2,0,0,0,2,2,39,0,29,3,2016,3,20,7,0,1,5,98,8,"FM521","",190,29.00157222,-95.64267222,0,12,7,0,1,1,0,1,3,1,0,1,0,"0000000",99,99,99,99,99,99,0,0,0,1,1