"STATE","ST_CASE","VE_TOTAL","VE_FORMS","PVH_INVL","PEDS","PERNOTMVIT","PERMVIT","PERSONS","COUNTY","CITY","DAY","MONTH","YEAR","DAY_WEEK","HOUR","MINUTE","NHS","RUR_URB","FUNC_SYS","RD_OWNER","ROUTE","TWAY_ID","TWAY_ID2","MILEPT","LATITUDE","LONGITUD","SP_JUR","HARM_EV","MAN_COLL","RELJCT1","RELJCT2","TYP_INT","WRK_ZONE","REL_ROAD","LGT_COND","WEATHER1","WEATHER2","WEATHER","SCH_BUS","RAIL","NOT_HOUR","NOT_MIN","ARR_HOUR","ARR_MIN","HOSP_HR","HOSP_MN","CF1","CF2","CF3","FATALS","DRUNK_DR"
48,481024,2,2,0,0,0,3,3,113,1730,8,4,2016,6,7,20,0,8,98,98,6,"JUPITER RD","FERNALD AVE",0,32.86003056,-96.683,0,12,6,0,2,2,0,1,4,1,0,1,0,"0000000",99,99,99,99,99,99,0,0,0,1,0
48,481025,2,2,0,0,0,3,3,201,0,12,4,2016,3,21,30,1,2,2,98,3,"SR-249 BAMMEL NORTH HOUSTON RD","SL8 SAM HOUSTON PKWY",7,29.93756389,-95.49793889,0,12,6,1,2,2,0,1,2,10,0,10,0,"0000000",99,98,99,98,88,88,0,0,0,2,1
48,481026,1,1,0,0,0,2,2,231,0,21,4,2016,5,13,55,0,1,4,98,2,"US-69","",45,33.23675556,-96.16701389,0,38,0,0,1,1,0,5,1,1,0,1,0,"0000000",14,5,14,26,15,2,0,0,0,1,0
48,481027,1,1,0,1,1,1,1,453,330,22,4,2016,6,6,20,0,2,4,98,8,"FM1325 BURNET RD","WATERFORD CENTER BLVD",62,30.37726944,-97.72550556,0,8,0,0,2,2,0,1,2,1,0,1,0,"0000000",99,98,99,98,88,88,0,0,0,1,0
48,481028,1,1,0,0,0,1,1,215,0,22,4,2016,6,23,0,0,1,5,98,8,"FM490","",13,26.47566944,-98.33381389,0,38,0,0,1,1,0,4,2,99,0,99,0,"0000000",99,98,99,98,88,88,0,0,0,1,1
48,481029,1,1,0,1,1,1,1,201,3280,24,4,2016,1,2,28,0,8,98,98,6,"HILLCROFT","",0,29.72780278,-95.50126667,0,8,0,0,1,1,0,1,3,1,0,1,0,"0000000",99,98,99,98,88,88,0,0,0,1,1
48,481030,1,1,0,0,0,1,1,349,0,24,4,2016,1,16,17,0,1,5,98,8,"BI45F","",85,32.14859722,-96.468025,0,33,0,0,1,1,0,4,1,1,0,1,0,"0000000",99,99,99,99,99,99,0,0,0,1,0
48,481031,2,2,0,0,0,4,4,81,0,26,4,2016,3,12,15,1,1,3,98,2,"US-87","",51,31.70224444,-100.78110556,0,12,1,0,1,1,0,1,1,1,0,1,0,"0000000",99,98,99,98,88,88,0,0,0,2,0
48,481032,2,1,1,1,1,1,1,339,0,26,4,2016,3,15,4,1,2,1,1,7,"I-69/US-59","",41,30.09730556,-95.23911389,0,8,0,0,1,1,1,1,1,1,0,1,0,"0000000",99,98,99,98,88,88,0,0,0,2,0
48,481033,1,1,0,0,0,2,2,373,6312,28,4,2016,5,20,5,1,1,3,98,2,"US-59","",192,30.85281944,-94.85543333,0,33,0,0,1,1,0,3,2,1,0,1,0,"0000000",20,19,20,25,21,2,0,0,0,1,0
48,481034,1,1,0,1,1,1,1,477,0,28,4,2016,5,22,12,1,1,3,98,2,"US-290","CR-WILLIAM B TRAVIS RD",219,30.13718333,-96.33053333,0,8,0,0,2,3,0,1,2,1,0,1,0,"0000000",99,98,99,98,88,88,0,0,0,1,0
48,481035,1,1,0,1,1,1,1,201,0,29,4,2016,6,21,35,0,8,98,98,4,"CR-ALDINE WESTFIELD RD","CR-TRAILING VINE RD",0,30.05152222,-95.38869722,0,8,0,0,2,3,0,1,2,1,0,1,0,"0000000",99,99,99,99,99,99,0,0,0,1,0
48,481036,1,1,0,0,0,1,1,49,950,30,4,2016,7,20,58,0,8,98,98,6,"BURNETT DR","",0,31.66773333,-98.99256389,0,35,0,0,1,1,0,4,2,1,0,1,0,"0000000",21,58,22,30,0,4,0,0,0,1,0
48,481037,1,1,0,0,0,1,1,183,0,30,4,2016,7,19,38,1,1,1,1,1,"I-20","",124,32.43184167,-94.77481111,0,42,0,0,1,1,0,3,1,1,0,1,0,"0000000",99,98,99,98,88,88,0,0,0,1,0
48,481038,1,1,0,1,1,1,1,201,0,30,4,2016,7,4,45,1,2,1,1,7,"I-45 NORTH FWY","",456,30.06383611,-95.43351667,0,8,0,0,1,1,0,1,3,2,0,2,0,"0000000",99,98,99,98,88,88,0,0,0,1,0
48,481039,2,2,0,0,0,2,2,201,3280,30,4,2016,7,2,6,0,8,98,98,6,"KNOX ST","VICTORY DR",0,29.87098889,-95.42366111,0,12,6,0,2,2,0,1,3,1,0,1,0,"0000000",2,6,2,12,2,37,0,0,0,1,0
48,481040,2,1,1,0,0,1,1,201,3280,30,4,2016,7,19,34,0,8,98,98,6,"HILLCROFT AVE","",0,29.6474,-95.493475,0,33,0,0,1,1,0,4,1,1,0,1,0,"0000000",99,98,99,98,88,88,14,0,0,1,1
48,481041,3,2,1,0,0,2,2,215,2110,30,4,2016,7,16,23,0,8,98,98,6,"VETERANS BLVD","ALBERTA RD",0,26.25247222,-98.15733611,0,12,6,0,2,2,0,1,1,1,0,1,0,"0000000",99,99,99,99,99,99,0,0,0,1,0
48,481042,3,3,0,0,0,3,3,141,0,24,3,2016,5,11,30,1,2,3,98,3,"SR-20/DONIPHAN DR","",26,31.96223611,-106.60381111,0,12,1,0,8,1,0,1,1,1,0,1,0,"0000000",11,28,12,1,12,56,0,0,0,1,0
48,481043,2,1,1,1,1,3,3,479,0,5,4,2016,3,15,24,1,1,1,1,1,"I-35","",156,27.87318889,-99.40041111,0,14,0,0,1,1,0,2,1,1,0,1,0,"0000000",99,99,99,99,99,99,23,0,0,1,0
48,481044,1,1,0,1,1,1,1,113,2590,14,4,2016,5,20,40,0,8,98,98,6,"LYONS RD","",0,32.84874167,-96.569525,0,8,0,0,1,1,0,1,2,1,0,1,0,"0000000",20,40,20,44,21,6,0,0,0,1,0
48,481045,2,2,0,0,0,2,2,229,0,18,4,2016,2,7,20,1,1,1,1,1,"I-10","",166,31.22746944,-105.7746,0,12,1,0,1,1,0,1,1,1,0,1,0,"0000000",99,98,99,98,88,88,0,0,0,1,0
48,481046,2,2,0,0,0,2,2,389,0,21,4,2016,5,3,25,1,1,1,1,1,"I-20","",236,31.39216389,-103.59669722,0,12,2,0,1,1,0,1,2,1,0,1,0,"0000000",99,98,99,98,88,88,0,0,0,1,1
48,481047,2,2,0,0,0,4,4,29,6090,23,4,2016,7,0,27,1,2,1,1,1,"I-45","",347,29.53708889,-98.38393333,0,12,1,0,1,1,0,1,3,1,0,1,0,"0000000",99,99,99,99,99,99,19,0,0,1,0
48,481048,1,1,0,0,0,3,3,279,0,23,4,2016,7,10,51,0,8,98,98,4,"CR-115","",0,34.03345556,-102.481525,0,10,0,0,6,1,0,1,1,1,0,1,0,"014873M",11,9,11,47,12,24,0,0,0,3,0
48,481049,2,2,0,0,0,2,2,217,0,23,4,2016,7,13,40,0,1,4,98,3,"SR-22","",2,31.868175,-97.37025278,0,12,6,0,1,1,0,1,1,1,0,1,0,"0000000",13,52,14,4,14,47,0,0,0,1,0
48,481050,1,1,0,0,0,1,1,93,0,25,4,2016,2,10,49,0,1,6,98,8,"FM 2318","",49,31.98498889,-98.49675,0,38,0,0,1,1,0,5,1,1,0,1,0,"0000000",99,99,99,99,99,99,0,0,0,1,0
48,481051,1,1,0,1,1,1,1,127,1180,26,4,2016,3,18,39,1,2,3,98,2,"US-83/1ST STREET","SAN PEDRO AVE",85,28.52716667,-99.85470556,0,9,0,0,2,3,0,1,1,1,0,1,0,"0000000",99,99,99,99,99,99,16,0,0,1,0
48,481052,2,2,0,0,0,5,5,61,0,29,4,2016,6,23,48,0,1,5,98,8,"FM 106/GENERAL BRANT RD","CR-CENTERLINE RD",210,26.22770833,-97.54146389,0,12,6,0,2,2,0,1,3,10,0,10,0,"0000000",99,99,99,99,99,99,0,0,0,1,0
48,481053,2,2,0,0,0,2,2,141,2190,29,4,2016,6,20,52,1,2,2,98,7,"SL 375/JOE BATTLE BLVD","",95,31.73735833,-106.26707778,0,12,6,0,1,1,0,1,2,1,0,1,0,"0000000",99,99,99,99,99,99,0,0,0,1,1
48,481055,2,2,0,0,0,2,2,201,0,30,4,2016,7,3,25,1,2,2,98,3,"SR-146","",42,29.60378056,-95.03201944,0,12,1,1,18,1,0,1,3,10,0,10,0,"0000000",99,99,99,99,99,99,0,0,0,1,0
48,481056,1,1,0,0,0,1,1,201,0,30,4,2016,7,22,25,0,8,98,98,4,"CR-HOLLOW TREE LN","",0,30.02445,-95.43986944,0,30,0,0,1,1,0,4,3,10,0,10,0,"0000000",99,98,99,98,88,88,0,0,0,1,0
48,481057,2,2,0,0,0,2,2,203,0,30,4,2016,7,8,35,1,1,3,98,2,"US-59","",51,32.63796944,-94.34576944,0,12,6,0,1,1,0,1,1,10,0,10,0,"0000000",99,98,99,98,88,88,0,0,0,1,1
48,481058,2,2,0,0,0,4,4,39,0,1,5,2016,1,14,21,0,1,4,98,3,"SR-35","",287,29.22333056,-95.37813056,0,12,2,0,1,1,0,1,1,1,0,1,0,"0000000",14,25,14,43,15,8,0,0,0,1,0
48,481059,1,1,0,0,0,2,2,59,1400,1,5,2016,1,13,32,1,1,1,1,1,"I-20","",77,32.42877778,-99.58456389,0,43,0,0,1,1,0,10,1,10,0,10,0,"0000000",13,37,13,40,14,40,0,0,0,1,0
48,481060,1,1,0,0,0,1,1,113,4530,1,5,2016,1,1,28,0,8,98,98,6,"PEACHTREE DR","",0,32.78601944,-96.62615,0,30,0,0,1,1,0,4,3,1,0,1,0,"0000000",1,29,1,35,1,58,0,0,0,1,1
48,481061,1,1,0,0,0,1,1,201,3280,1,5,2016,1,5,58,1,2,1,1,1,"I-45 GULF FWY","",125,29.64601944,-95.24746389,0,30,0,0,1,1,0,4,3,10,0,10,0,"0000000",99,98,99,98,88,88,0,0,0,1,1
48,481062,2,2,0,0,0,5,5,313,0,1,5,2016,1,15,30,1,1,3,98,2,"US-190","",135,30.89842778,-96.14491944,0,12,2,0,1,1,1,1,1,1,0,1,0,"0000000",15,59,15,59,16,30,0,0,0,1,0
48,481063,1,1,0,0,0,1,1,307,0,1,5,2016,1,17,3,0,1,4,98,2,"US-190","",53,31.00824722,-99.51922222,0,32,0,0,1,1,0,4,1,10,0,10,0,"0000000",99,98,99,98,88,88,0,0,0,1,0
48,481064,2,2,0,0,0,3,3,325,0,1,5,2016,1,19,8,0,1,4,98,3,"SR-16","",24,29.65030556,-98.81448889,0,12,2,0,1,1,0,1,1,1,0,1,0,"0000000",19,13,19,32,20,15,0,0,0,1,0
48,481065,1,1,0,1,1,1,1,453,330,1,5,2016,1,3,20,1,2,1,1,1,"I-35","",174,30.26168333,-97.73607778,0,8,0,0,1,1,0,1,3,1,0,1,0,"0000000",99,98,99,98,88,88,0,0,0,1,0
48,481066,1,1,0,0,0,2,2,481,3882,1,5,2016,1,0,30,0,1,5,98,8,"FM442","",12,29.21590833,-96.02606111,0,42,0,0,1,1,0,4,2,10,0,10,0,"0000000",0,35,0,44,1,39,0,0,0,1,0
48,481067,3,3,0,0,0,3,3,27,3690,2,5,2016,2,6,33,1,1,3,98,3,"SR-195 FT HOOD ST","CHAPARRAL RD",77,31.023075,-97.75468333,0,12,6,0,2,3,0,1,1,10,0,10,0,"0000000",6,33,6,48,7,22,0,0,0,1,0
48,481068,2,2,0,0,0,2,2,71,9997,2,5,2016,2,12,58,1,2,3,98,3,"SR-146","",62,29.79747778,-94.90623056,0,12,1,0,1,1,0,1,1,10,0,10,0,"0000000",12,59,13,5,13,53,3,0,0,1,0
48,481070,2,2,0,0,0,2,2,497,0,2,5,2016,2,8,4,1,1,3,98,2,"US-380","CR-1110",59,33.231375,-97.67004722,0,12,6,1,2,2,0,1,1,1,0,1,0,"0000000",8,12,8,18,9,15,0,0,0,1,0
48,481071,1,1,0,1,1,1,1,5,3330,3,5,2016,3,6,0,1,1,3,98,2,"US-69","1ST ST",95,31.27919722,-94.57982778,0,8,0,0,2,3,0,1,4,1,0,1,0,"0000000",99,99,99,99,99,99,0,0,0,1,0
48,481072,1,1,0,0,0,1,1,201,3280,3,5,2016,3,18,20,1,2,1,1,1,"I-45 NORTH FWY","",178,29.78119722,-95.36818056,0,18,0,1,5,1,0,10,1,1,0,1,0,"0000000",99,98,99,98,88,88,0,0,0,1,1
48,481073,2,2,0,0,0,2,2,41,970,4,5,2016,4,12,10,1,2,3,98,8,"HARVEY MITCHELL PKWY","LA BRISA DR",92,30.62510278,-96.37703611,0,12,6,0,2,3,0,1,1,10,0,10,0,"0000000",12,11,12,15,12,29,0,0,0,1,0
48,481074,1,1,0,1,1,1,1,113,1730,4,5,2016,4,20,56,0,8,98,98,6,"LOMBARDY LN","",0,32.86645278,-96.88560556,0,8,0,0,1,1,0,1,2,1,0,1,0,"0000000",99,99,99,99,99,99,0,0,0,1,0
48,481075,3,3,0,0,0,5,5,161,0,4,5,2016,4,17,17,0,1,4,98,2,"US-84","",112,31.64693056,-96.25351944,0,12,2,0,1,1,0,2,1,1,0,1,0,"0000000",17,24,17,33,17,54,0,0,0,4,1
48,481076,1,1,0,0,0,2,2,339,0,4,5,2016,4,19,35,0,8,98,98,4,"CR-RAYFORD RD","",0,30.09867778,-95.361475,0,1,0,0,1,1,0,1,1,1,0,1,0,"0000000",19,42,20,3,20,28,0,0,0,1,0
48,481078,3,3,0,0,0,3,3,25,0,5,5,2016,5,14,33,1,1,3,98,2,"US-59","",16,28.50836944,-97.62467778,0,12,1,0,1,1,1,1,1,1,0,1,0,"0000000",14,43,15,17,15,49,0,0,0,1,0
48,481079,2,2,0,0,0,2,2,113,1730,5,5,2016,5,5,40,1,2,1,1,1,"I-635 LBJ FWY","",106,32.92608889,-96.83335556,0,12,1,0,1,1,0,1,3,1,0,1,0,"0000000",99,98,99,98,88,88,0,0,0,1,0
48,481081,1,1,0,0,0,1,1,29,6090,6,5,2016,6,0,10,1,2,1,1,1,"I-310 LOOP","INGRAM RD",115,29.46600556,-98.61885833,0,25,0,1,19,1,0,4,3,1,0,1,0,"0000000",99,99,99,99,99,99,0,0,0,1,0
48,481082,1,1,0,1,1,1,1,29,6090,6,5,2016,6,19,5,0,8,98,98,6,"OCONNOR CV","",0,29.55973056,-98.38261389,0,15,0,0,8,1,0,1,1,1,0,1,0,"0000000",99,99,99,99,99,99,0,0,0,1,0
48,481083,1,1,0,1,1,1,1,141,2190,6,5,2016,6,10,14,1,2,1,1,1,"I-10 REDD RD","",85,31.86525,-106.57745278,0,30,0,0,1,1,0,5,1,1,0,1,0,"0000000",10,31,10,44,11,11,0,0,0,1,0
48,481084,2,1,1,0,0,3,3,141,2190,6,5,2016,6,15,47,1,2,2,98,7,"US-54 GATEWAY NORTH BLVD","",119,31.86395,-106.43993333,0,33,0,0,8,1,0,4,1,1,0,1,0,"0000000",15,50,16,2,16,23,0,0,0,1,0
48,481085,2,2,0,0,0,2,2,245,490,6,5,2016,6,11,8,1,2,3,98,8,"SS-380","FRANKLIN ST",102,30.07270556,-94.0999,0,12,6,0,2,2,0,1,1,1,0,1,0,"0000000",11,8,11,17,11,46,0,0,0,1,0
48,481086,1,1,0,1,1,1,1,439,2450,6,5,2016,6,1,25,1,2,1,1,1,"I-820 LOOP","",109,32.80466389,-97.42472222,0,8,0,1,18,1,0,1,2,1,0,1,0,"0000000",99,98,99,98,88,88,0,0,0,1,0
48,481087,1,1,0,0,0,3,3,453,330,6,5,2016,6,23,18,0,8,98,98,6,"BURLESON RD","",0,30.21989444,-97.73373333,0,33,0,0,1,1,0,4,3,10,0,10,0,"0000000",99,99,99,99,99,99,0,0,0,1,0
48,481088,2,2,0,0,0,2,2,457,0,6,5,2016,6,11,10,1,1,3,98,2,"US-69","",1,30.66876944,-94.38653889,0,12,6,0,8,1,0,1,1,1,0,1,0,"0000000",99,99,99,99,99,99,0,0,0,1,0
48,481089,1,1,0,0,0,1,1,459,0,6,5,2016,6,7,40,0,1,4,98,2,"US-271","",180,32.64631944,-94.93226389,0,42,0,0,1,1,0,4,1,1,0,1,0,"0000000",99,98,99,98,88,88,0,0,0,1,0
48,481090,1,1,0,1,1,4,4,37,6850,7,5,2016,7,12,57,1,2,3,98,2,"US-82 NEW BOSTON RD","",124,33.43485278,-94.06901111,0,8,0,0,1,1,0,1,1,1,0,1,0,"0000000",99,99,99,99,99,99,0,0,0,1,0
48,481091,1,1,0,0,0,3,3,113,1730,7,5,2016,7,3,0,0,8,98,98,6,"MOUNTAIN CREEK PKWY","",0,32.69625,-96.96325278,0,43,0,0,1,1,0,4,3,1,0,1,0,"0000000",99,98,99,98,88,88,0,0,0,3,1
48,481092,1,1,0,0,0,1,1,201,480,7,5,2016,7,20,8,1,2,2,98,3,"SR-146","",136,29.74879722,-94.98626944,0,25,0,1,5,1,0,4,2,1,0,1,0,"0000000",20,11,20,19,99,99,0,0,0,1,0
48,481093,2,2,0,0,0,4,4,201,530,7,5,2016,7,11,53,1,2,1,1,1,"I-610","",320,29.69904167,-95.45900278,0,12,1,0,1,1,0,1,1,1,0,1,0,"0000000",99,98,99,98,88,88,0,0,0,1,1
48,481094,2,2,0,0,0,2,2,339,4667,7,5,2016,7,13,37,1,1,3,98,3,"SR-105 EVA ST","",76,30.38925,-95.69326389,0,12,6,0,8,1,0,1,1,1,0,1,0,"0000000",99,99,99,99,99,99,0,0,0,1,0
48,481095,1,1,0,1,1,2,2,375,0,7,5,2016,7,5,50,0,2,5,98,8,"FM 1912","",7,35.25703889,-101.65363889,0,8,0,0,1,1,0,1,2,1,0,1,0,"0000000",99,98,99,98,88,88,0,0,0,1,0
48,481096,2,2,0,1,1,2,2,29,6090,8,5,2016,1,23,19,0,1,6,98,3,"SR-151","",24,29.45499722,-98.68751389,0,8,0,0,1,1,1,1,3,10,0,10,0,"0000000",99,99,99,99,99,99,23,0,0,1,0
48,481097,2,2,0,0,0,3,3,41,1440,8,5,2016,1,1,34,1,2,2,98,3,"SR-6 EARL RUDDER","",86,30.64752222,-96.31594444,0,12,2,0,5,1,0,1,3,1,0,1,0,"0000000",1,34,1,45,2,5,0,0,0,1,1
48,481098,2,2,0,0,0,2,2,41,1440,8,5,2016,1,2,5,1,2,2,98,3,"SR-6 EARL RUDDER FWY","",111,30.61545556,-96.29313333,0,12,1,1,18,1,0,1,3,1,0,1,0,"0000000",2,5,2,15,99,99,0,0,0,1,0
48,481099,1,1,0,2,2,2,2,85,5730,8,5,2016,1,2,25,1,2,2,98,2,"US-75 CENTRAL EXPY","",139,32.99527778,-96.70942222,0,8,0,1,18,1,0,1,3,1,0,1,0,"0000000",2,28,2,34,3,1,19,0,0,1,1
48,481100,2,2,0,0,0,2,2,113,1870,8,5,2016,1,5,8,1,2,1,1,1,"I-35 E","",55,32.62658611,-96.82328056,0,12,2,0,1,1,0,1,3,10,0,10,0,"0000000",99,98,99,98,88,88,0,0,0,1,1
48,481102,1,1,0,0,0,2,2,21,0,9,5,2016,2,13,37,0,1,4,98,3,"SR-95","",54,30.26451111,-97.32725278,0,52,0,0,1,1,0,4,1,1,0,1,0,"0000000",99,98,99,98,88,88,0,0,0,2,0
48,481103,2,2,0,0,0,2,2,27,3690,9,5,2016,2,19,47,1,2,2,98,2,"US-190","",83,31.07923056,-97.69653889,0,12,1,0,1,1,1,1,1,1,0,1,0,"0000000",19,50,19,56,20,11,0,0,0,1,0
48,481104,1,1,0,1,1,2,2,113,1730,9,5,2016,2,0,30,0,8,98,98,6,"WHEATLAND RD","",0,32.64760556,-96.8698,0,8,0,0,1,1,0,1,3,2,0,2,0,"0000000",99,99,99,99,99,99,0,0,0,1,0
48,481105,1,1,0,0,0,1,1,141,2190,9,5,2016,2,11,14,1,2,1,1,1,"I-10","",111,31.84079444,-106.57089444,0,57,0,0,1,1,1,3,1,1,0,1,0,"0000000",99,98,99,98,88,88,0,0,0,1,0
48,481106,2,2,0,0,0,4,4,339,0,9,5,2016,2,13,30,0,1,5,98,8,"FM2090","",37,30.22022778,-95.12573333,0,12,2,0,1,1,0,1,1,10,0,10,0,"0000000",99,99,99,99,99,99,0,0,0,2,0
48,481107,2,2,0,0,0,2,2,361,5100,9,5,2016,2,1,11,1,2,1,1,1,"I-10","",204,30.12090833,-93.78167778,0,12,6,0,1,1,1,1,3,10,0,10,0,"0000000",99,98,99,98,88,88,0,0,0,1,0
48,481108,3,3,0,0,0,4,4,439,260,9,5,2016,2,10,48,1,2,1,1,1,"I-20 RONALD REAGAN MEM HWY","",71,32.67543056,-97.13643333,0,12,6,0,1,1,0,1,1,10,0,10,0,"0000000",99,98,99,98,88,88,0,0,0,1,0
48,481109,1,1,0,0,0,1,1,29,6090,10,5,2016,3,23,22,0,8,98,98,6,"WEST AVE","",0,29.49665278,-98.52601667,0,30,0,0,1,1,0,4,3,1,0,1,0,"0000000",99,98,99,98,88,88,0,0,0,1,0
48,481110,1,1,0,1,1,1,1,439,2450,10,5,2016,3,7,40,1,2,3,98,3,"SR-180 LANCASTER AVE","",162,32.73982778,-97.280775,0,8,0,0,1,1,0,1,1,1,0,1,0,"0000000",99,98,99,98,88,88,0,0,0,1,0
48,481111,2,2,0,0,0,6,6,273,0,11,5,2016,4,15,0,0,1,4,98,3,"SR-285","",82,27.259575,-97.85609167,0,12,2,0,1,1,1,1,1,1,0,1,0,"0000000",15,34,16,11,16,47,0,0,0,3,0
48,481112,1,1,0,0,0,5,5,215,0,28,2,2016,1,2,30,0,8,98,98,4,"CR-MILE 13 NORTH RD","",0,26.24338611,-97.9359,0,1,0,0,1,1,0,4,2,1,0,1,0,"0000000",99,99,99,99,99,99,0,0,0,1,1
48,481113,3,3,0,0,0,4,4,121,5350,17,3,2016,5,7,29,0,1,4,98,2,"US-377","",27,33.38279444,-96.95957778,0,12,8,0,1,1,0,1,4,10,0,10,0,"0000000",7,33,7,43,8,40,0,0,0,1,0
48,481114,1,1,0,1,1,1,1,469,7190,23,3,2016,4,18,39,1,2,3,98,8,"BU59T RIO GRANDE ST","",69,28.80639444,-96.988425,0,8,0,0,1,1,0,1,1,1,0,1,0,"0000000",18,39,18,43,18,50,0,0,0,1,0
48,481116,2,2,0,0,0,3,3,229,0,12,4,2016,3,8,45,1,2,1,1,1,"I-10","",723,31.04693056,-104.92264167,0,12,6,0,7,1,0,1,2,1,0,1,0,"0000000",99,99,99,99,99,99,0,0,0,2,0
48,481117,1,1,0,0,0,1,1,389,0,19,4,2016,3,16,0,1,1,3,98,2,"US-285","",222,31.81577778,-103.900575,0,38,0,0,1,1,0,5,1,1,0,1,0,"0000000",99,98,99,98,88,88,0,0,0,1,0
48,481118,1,1,0,0,0,2,2,299,0,24,4,2016,1,16,45,0,1,6,98,8,"RM152","",29,30.7019,-98.92267222,0,1,0,0,1,1,0,4,1,1,0,1,0,"0000000",16,52,17,15,18,27,0,0,0,2,0
48,481119,1,1,0,0,0,2,2,99,0,25,4,2016,2,13,14,0,1,4,98,3,"SR-36","",57,31.55723333,-97.81446111,0,32,0,0,1,1,0,4,1,1,0,1,0,"0000000",99,98,99,98,88,88,0,0,0,2,0
48,481120,1,1,0,1,1,1,1,261,0,28,4,2016,5,4,40,1,1,3,98,2,"US-77","",17,26.903625,-97.79044444,0,8,0,0,7,1,0,1,2,1,0,1,0,"0000000",99,98,99,98,88,88,0,0,0,1,0
48,481121,1,1,0,1,1,1,1,355,0,29,4,2016,6,17,35,1,2,3,98,3,"SR-44","",81,27.80348889,-97.711,0,8,0,0,1,1,1,2,1,10,0,10,0,"0000000",99,98,99,98,88,88,4,0,0,1,0
48,481122,1,1,0,0,0,1,1,303,4140,30,4,2016,7,18,40,1,2,2,98,7,"SL 289","",45,33.54288889,-101.78779722,0,59,0,0,1,1,0,4,1,1,0,1,0,"0000000",99,98,99,98,88,88,0,0,0,1,1
48,481123,1,1,0,0,0,1,1,85,5540,1,5,2016,1,10,8,0,8,98,98,6,"FM 1461/FRONTIER PKWY","PRAIRIE CROSSING",0,33.26270833,-96.80151667,0,30,0,0,3,3,0,4,1,1,0,1,0,"0000000",99,99,99,99,99,99,0,0,0,1,0
48,481124,1,1,0,0,0,2,2,335,0,1,5,2016,1,13,18,1,1,1,1,1,"I-20","",307,32.41411944,-100.70798889,0,25,0,0,1,1,0,3,1,10,0,10,0,"0000000",99,99,99,99,99,99,0,0,0,1,0
48,481125,2,2,0,0,0,4,4,215,0,1,5,2016,1,20,25,0,1,6,98,8,"FM 2812/REDBIRD ST","",25,26.38023056,-98.10606667,0,12,2,0,1,1,0,1,2,1,0,1,0,"0000000",99,99,99,99,99,99,0,0,0,1,1
48,481128,2,2,0,0,0,2,2,491,2620,4,5,2016,4,21,5,0,8,98,98,6,"SHELL RD","ROSEDALE BLVD",0,30.68997222,-97.71317222,0,12,1,0,3,2,0,1,2,1,0,1,0,"0000000",21,5,21,10,21,39,0,0,0,1,0
48,481129,2,2,0,0,0,5,5,157,0,6,5,2016,6,12,37,1,2,3,98,3,"SR-6","",126,29.51325,-95.47255,0,12,1,0,1,1,0,1,1,1,0,1,0,"0000000",12,26,12,39,13,22,23,0,0,1,0
48,481130,2,2,0,0,0,7,7,181,3290,6,5,2016,6,14,47,0,1,4,98,3,"SR-5","BLYTHE RD",48,33.4654,-96.59515556,0,12,6,0,2,2,0,1,1,1,0,1,0,"0000000",14,51,15,25,15,56,0,0,0,1,0
48,481131,2,2,0,0,0,2,2,439,2800,6,5,2016,6,20,50,1,2,3,98,8,"SS-303","",4,32.71111944,-97.03606389,0,12,1,0,8,1,1,1,3,1,0,1,0,"0000000",99,98,99,98,88,88,0,0,0,1,0
48,481132,2,2,0,0,0,3,3,281,0,8,5,2016,1,9,45,1,1,3,98,2,"US-190","CR-2461",22,31.21833889,-98.52935,0,12,6,0,2,3,0,1,1,10,0,10,0,"0000000",10,10,10,44,11,50,0,0,0,1,1
48,481133,2,2,0,0,0,3,3,209,0,9,5,2016,2,17,45,0,1,5,98,8,"FM 150","",271,30.0456,-97.97481944,0,12,2,0,1,1,0,1,1,1,0,1,0,"0000000",99,99,99,99,99,99,0,0,0,2,0
48,481134,1,1,0,0,0,1,1,489,0,9,5,2016,2,17,15,1,1,3,98,2,"US-77","",105,26.59111944,-97.76725,0,1,0,0,1,1,0,3,1,1,0,1,0,"0000000",99,98,99,98,88,88,0,0,0,1,0
48,481135,2,2,0,0,0,2,2,27,570,10,5,2016,3,20,19,0,2,4,98,8,"SL 121","CONNELL ST",45,31.03152778,-97.47868889,0,12,6,0,2,3,0,1,3,10,0,10,0,"0000000",99,98,99,98,88,88,0,0,0,1,0
48,481136,3,3,0,0,0,6,6,113,1730,10,5,2016,3,20,0,0,8,98,98,6,"2ND AVE","FITZHUGH AVE",0,32.77195556,-96.75716389,0,12,6,0,2,3,0,1,3,1,0,1,0,"0000000",99,99,99,99,99,99,0,0,0,1,0
48,481137,1,1,0,0,0,1,1,217,0,10,5,2016,3,13,50,0,1,5,98,8,"FM 934","",23,32.09493889,-97.34093056,0,42,0,0,1,1,0,4,1,1,0,1,0,"0000000",99,98,99,98,88,88,0,0,0,1,0
48,481138,2,2,0,0,0,2,2,323,0,10,5,2016,3,6,35,0,1,5,98,8,"FM 2644","",45,28.49771111,-100.24031944,0,12,2,0,1,1,0,1,4,5,0,5,0,"0000000",6,44,7,3,7,45,0,0,0,1,0