"STATE","ST_CASE","VE_TOTAL","VE_FORMS","PVH_INVL","PEDS","PERNOTMVIT","PERMVIT","PERSONS","COUNTY","CITY","DAY","MONTH","YEAR","DAY_WEEK","HOUR","MINUTE","NHS","RUR_URB","FUNC_SYS","RD_OWNER","ROUTE","TWAY_ID","TWAY_ID2","MILEPT","LATITUDE","LONGITUD","SP_JUR","HARM_EV","MAN_COLL","RELJCT1","RELJCT2","TYP_INT","WRK_ZONE","REL_ROAD","LGT_COND","WEATHER1","WEATHER2","WEATHER","SCH_BUS","RAIL","NOT_HOUR","NOT_MIN","ARR_HOUR","ARR_MIN","HOSP_HR","HOSP_MN","CF1","CF2","CF3","FATALS","DRUNK_DR"
48,481139,3,3,0,0,0,4,4,201,0,11,5,2016,4,12,30,0,1,5,98,8,"FM 1942","",83,29.84771111,-94.9586,0,12,6,0,1,1,0,1,1,1,0,1,0,"0000000",12,45,13,5,13,26,0,0,0,1,0
48,481140,1,1,0,0,0,1,1,289,0,11,5,2016,4,22,0,0,1,5,98,8,"FM 39","",373,31.07375,-96.12025,0,42,0,0,1,1,0,4,2,1,0,1,0,"0000000",99,98,99,98,88,88,0,0,0,1,0
48,481141,1,1,0,1,1,1,1,439,2450,11,5,2016,4,14,39,1,2,3,98,3,"SR-180 LANCASTER AVE","SARGENT ST",0,32.74076667,-97.263475,0,8,0,0,3,2,1,1,1,1,0,1,0,"0000000",14,40,14,47,15,9,0,0,0,1,0
48,481142,2,2,0,0,0,8,8,141,0,13,5,2016,6,14,24,0,8,98,98,6,"BUNTLINE DR","SHOGUN CT",0,31.81511944,-106.17272778,0,12,6,0,2,2,0,1,1,1,0,1,0,"0000000",14,38,14,51,15,19,0,0,0,1,0
48,481143,2,2,0,0,0,2,2,201,0,13,5,2016,6,1,32,0,8,98,98,4,"CR-GREEN RIVER DR","CR-MAYHAW LN",0,29.83895556,-95.20631389,0,12,6,0,8,1,0,1,2,1,0,1,0,"0000000",99,98,99,98,88,88,0,0,0,1,1
48,481144,2,2,0,0,0,4,4,401,0,13,5,2016,6,4,8,0,1,5,98,3,"SR-315","",84,32.02134167,-94.6119,0,12,2,0,1,1,0,1,2,1,0,1,0,"0000000",99,99,99,99,99,99,0,0,0,2,0
48,481145,2,2,0,0,0,5,5,439,2450,13,5,2016,6,17,45,1,2,1,1,1,"I-820","",49,32.74080278,-97.48144722,0,12,1,1,18,1,0,1,1,1,0,1,0,"0000000",17,46,17,53,18,31,28,0,0,1,0
48,481146,1,1,0,1,1,1,1,453,330,13,5,2016,6,14,17,0,8,98,98,6,"GUALT","",0,30.35080278,-97.71802778,0,8,0,0,1,1,0,1,1,1,0,1,0,"0000000",99,98,99,98,88,88,0,0,0,1,0
48,481147,1,1,0,1,1,3,3,471,3340,13,5,2016,6,22,20,0,2,4,98,3,"SR-75","DAVID ST",33,30.69200833,-95.52846667,0,8,0,0,3,2,0,1,2,1,0,1,0,"0000000",99,99,99,99,99,99,0,0,0,1,0
48,481148,3,3,0,0,0,5,5,113,1730,14,5,2016,7,22,49,1,1,1,1,1,"I-35E N STEMMONS FWY","",269,32.88836389,-96.89819167,0,12,1,1,18,1,0,1,3,1,0,1,0,"0000000",99,99,99,99,99,99,23,0,0,1,0
48,481149,1,1,0,1,1,2,2,309,0,14,5,2016,7,22,30,1,1,1,1,1,"I-35","",53,31.77041944,-97.10365556,0,8,0,0,1,1,0,1,2,1,0,1,0,"0000000",99,99,99,99,99,99,0,0,0,1,0
48,481150,2,2,0,0,0,2,2,423,7070,14,5,2016,7,21,37,0,8,98,98,6,"GRANDE BLVD","",0,32.27993889,-95.32348056,0,12,2,0,1,1,0,1,2,1,0,1,0,"0000000",99,98,99,98,88,88,0,0,0,1,1
48,481151,2,1,1,0,3,2,5,29,6090,15,5,2016,1,0,41,0,8,98,98,6,"KIPLING AVE","",0,29.38362222,-98.45331667,0,14,0,0,1,1,0,7,3,1,0,1,0,"0000000",99,99,99,99,99,99,0,0,0,1,1
48,481152,1,1,0,0,0,2,2,29,6090,15,5,2016,1,13,0,1,2,3,98,8,"PA 1502 WURZBACH PKWY","",313,29.54239167,-98.42465556,0,59,0,0,1,1,0,4,1,2,0,2,0,"0000000",99,99,99,99,99,99,0,0,0,1,0
48,481153,1,1,0,0,0,1,1,61,940,15,5,2016,1,14,27,0,8,98,98,6,"PRICE RD","",0,25.93573333,-97.500225,0,42,0,0,1,1,0,4,1,10,0,10,0,"0000000",99,98,99,98,88,88,0,0,0,1,0
48,481154,1,1,0,1,1,1,1,201,3280,15,5,2016,1,6,24,0,8,98,98,6,"CHIMNEY ROCK RD","",0,29.71974444,-95.47653889,0,8,0,0,1,1,0,1,1,1,0,1,0,"0000000",6,24,6,27,6,44,0,0,0,1,0
48,481155,1,1,0,1,1,1,1,361,0,15,5,2016,1,17,25,0,1,5,98,8,"FM 105","",3,30.23880833,-94.02169444,0,8,0,0,1,1,0,4,1,1,0,1,0,"0000000",99,98,99,98,88,88,0,0,0,1,0
48,481156,1,1,0,0,0,1,1,41,1440,16,5,2016,2,8,9,1,2,2,98,3,"SR-6 EARL RUDDER FWY","",123,30.59555556,-96.290275,0,1,0,0,1,1,0,1,1,2,0,2,0,"0000000",8,9,8,15,8,27,0,0,0,1,0
48,481157,2,2,0,0,0,2,2,201,3280,16,5,2016,2,23,45,1,2,3,98,8,"FM 521 ALMEDA RD","ALMEDA GENOA",72,29.61347222,-95.41962778,0,12,8,0,3,2,0,1,3,1,0,1,0,"0000000",23,48,23,52,0,39,0,0,0,1,2
48,481158,3,1,2,2,4,1,3,245,490,16,5,2016,2,13,42,1,2,2,98,2,"US-69 EASTEX FWY","",17,30.15256389,-94.180375,0,14,0,0,1,1,0,2,1,10,0,10,0,"0000000",13,43,13,49,14,17,14,15,19,1,0
48,481159,3,3,0,0,0,5,5,381,150,16,5,2016,2,15,32,0,8,98,98,6,"COULTER ST","",0,35.14259444,-101.92007222,0,12,6,0,1,1,0,1,1,1,0,1,0,"0000000",99,99,99,99,99,99,0,0,0,1,0
48,481160,1,1,0,1,1,1,1,29,3943,25,3,2016,6,2,41,1,2,1,1,1,"I-410 LOOP","SR-16 BANDERA RD",131,29.48272222,-98.59990556,0,8,0,1,19,1,0,4,3,1,0,1,0,"0000000",2,41,2,44,3,4,0,0,0,1,0
48,481161,1,1,0,0,0,1,1,461,0,19,4,2016,3,9,35,0,1,4,98,3,"SR-329","",90,31.42999167,-102.18066389,0,1,0,0,1,1,0,4,1,10,0,10,0,"0000000",99,98,99,98,88,88,0,0,0,1,0
48,481162,2,2,0,0,0,3,3,135,0,5,5,2016,5,23,50,0,2,5,98,8,"FM 3472","",10,31.84327222,-102.42567222,0,12,1,0,1,1,0,1,2,1,0,1,0,"0000000",23,49,23,54,0,12,0,0,0,1,1
48,481163,2,2,0,0,0,1,1,329,0,5,5,2016,5,5,10,0,1,5,98,8,"FM 1788","",141,31.89277222,-102.20940278,0,12,6,0,8,1,0,1,2,1,0,1,0,"0000000",5,10,5,25,5,46,0,0,0,1,0
48,481164,3,3,0,0,0,3,3,271,0,9,5,2016,2,4,31,1,1,3,98,2,"US-90","",37,29.36976667,-100.65284167,0,12,8,0,1,1,1,1,2,1,0,1,0,"0000000",99,99,99,99,99,99,0,0,0,1,0
48,481165,1,1,0,0,0,1,1,15,0,13,5,2016,6,23,4,1,1,3,98,8,"FM 529","",37,29.36973889,-100.65281944,1,43,0,0,1,1,0,4,2,1,0,1,0,"0000000",99,98,99,98,88,88,0,0,0,1,0
48,481166,1,1,0,1,1,1,1,291,0,14,5,2016,7,4,51,0,1,4,98,3,"SR-321","",208,30.11885278,-94.92623056,0,8,0,0,1,1,0,1,2,5,0,5,0,"0000000",99,98,99,98,88,88,0,0,0,1,0
48,481167,2,2,0,0,0,4,4,477,0,14,5,2016,7,17,14,1,1,3,98,2,"US-290","",151,30.17021667,-96.44268333,0,12,8,0,1,1,0,1,1,2,0,2,0,"0000000",17,9,17,14,17,47,0,0,0,1,0
48,481168,1,1,0,1,1,3,3,25,0,18,5,2016,4,0,4,1,1,4,98,2,"US-181","",42,28.30739722,-97.70332222,0,8,0,0,1,1,0,1,2,10,0,10,0,"0000000",99,98,99,98,88,88,23,0,0,1,0
48,481169,2,2,0,1,1,2,2,29,6090,22,1,2016,6,21,33,1,2,3,98,8,"SL-345 FREDERICKSBURG RD","",250,29.50421111,-98.56150556,0,8,0,0,1,1,0,1,3,1,0,1,0,"0000000",99,99,99,99,99,99,0,0,0,1,0
48,481170,2,2,0,0,0,2,2,113,1730,13,2,2016,7,17,55,1,2,3,98,8,"SL-12 NORTHWEST HWY","TOWN NORTH DR",284,32.85528611,-96.74195278,0,12,2,0,2,2,0,1,5,1,0,1,0,"0000000",99,99,99,99,99,99,0,0,0,1,0
48,481171,1,1,0,1,1,1,1,339,1510,12,3,2016,7,4,2,1,2,3,98,3,"SR-105 DAVIS ST","",200,30.32826389,-95.502175,0,8,0,0,1,1,0,1,3,1,0,1,0,"0000000",99,99,99,99,99,99,0,0,0,1,0
48,481172,2,2,0,2,2,5,5,201,3280,14,4,2016,5,23,39,0,8,98,98,6,"CALHOUN RD","MACGREGOR WAY",0,29.71271111,-95.341375,0,12,7,0,2,3,0,1,3,1,0,1,0,"0000000",23,48,23,53,0,30,0,0,0,1,2
48,481173,1,1,0,1,1,1,1,39,130,16,4,2016,7,19,46,0,8,98,98,6,"SECOND ST","SNYDER ST",0,29.42605,-95.25544722,0,8,0,0,2,2,0,1,1,10,0,10,0,"0000000",99,98,99,98,88,88,0,0,0,1,0
48,481174,1,1,0,0,0,1,1,201,0,28,4,2016,5,5,0,9,9,99,99,3,"SR-99 GRAND PARKWAY","",99999,30.04814722,-95.75271944,9,59,0,0,1,1,0,4,2,5,0,5,0,"0000000",99,98,99,98,88,88,0,0,0,1,0
48,481175,1,1,0,0,0,1,1,29,6090,29,4,2016,6,12,35,0,8,98,98,6,"SILICON DR","",0,29.55950833,-98.59274167,0,33,0,0,1,1,0,4,1,1,0,1,0,"0000000",99,98,99,98,88,88,0,0,0,1,0
48,481176,1,1,0,0,0,3,3,71,0,30,4,2016,7,21,30,0,8,98,98,4,"CR-CAMP CREEK RD","",0,29.78675,-94.83649722,0,18,0,0,1,1,0,1,2,10,0,10,0,"0000000",21,35,22,2,22,39,0,0,0,1,0
48,481177,1,1,0,0,0,2,2,367,0,30,4,2016,7,20,10,1,1,3,98,3,"SR-199","",40,32.97928889,-97.78669722,0,1,0,0,1,1,0,4,5,1,0,1,0,"0000000",20,28,20,37,21,31,0,0,0,1,0
48,481178,2,2,0,0,0,5,5,453,0,30,4,2016,7,21,38,0,2,4,98,8,"FM973","CR-SUNCREST RD",81,30.36908611,-97.53177222,0,12,6,0,2,3,0,1,3,1,0,1,0,"0000000",21,38,21,46,22,20,0,0,0,1,0
48,481179,1,1,0,1,1,1,1,29,6090,1,5,2016,1,6,30,1,2,1,1,7,"I-410","",54,29.38014444,-98.641975,0,8,0,1,18,1,0,1,2,1,0,1,0,"0000000",99,99,99,99,99,99,0,0,0,1,0
48,481180,2,2,0,0,0,4,4,215,0,2,5,2016,2,0,56,0,8,98,98,4,"CR-TIMOTHY DR","",0,26.2385,-97.9989,0,12,6,0,1,1,0,1,2,1,0,1,0,"0000000",99,98,99,98,88,88,0,0,0,1,2
48,481181,1,1,0,1,1,1,1,113,1730,3,5,2016,3,19,55,1,2,1,1,1,"I-35E STEMMONS FWY","",218,32.81989444,-96.86954167,0,8,0,0,1,1,0,1,3,1,0,1,0,"0000000",99,98,99,98,88,88,0,0,0,1,0
48,481182,1,1,0,1,1,1,1,157,3580,4,5,2016,4,9,4,0,1,5,98,8,"FM1463","",21,29.77279444,-95.83746111,0,8,0,0,1,1,0,2,1,1,0,1,0,"0000000",99,99,99,99,99,99,0,0,0,1,0
48,481183,2,2,0,0,0,2,2,39,0,7,5,2016,7,1,45,1,2,3,98,3,"SR-332","",140,29.00376389,-95.38307222,0,12,6,0,1,1,0,1,2,1,0,1,0,"0000000",99,98,99,98,88,88,0,0,0,2,1
48,481184,4,4,0,0,0,5,5,423,0,7,5,2016,7,22,18,9,9,99,99,3,"SR-49 TOLL","",99999,32.35816111,-95.42830278,9,12,2,0,1,1,0,1,2,1,0,1,0,"0000000",22,20,22,32,23,4,14,0,0,3,0
48,481185,1,1,0,0,0,9,9,37,0,8,5,2016,1,4,5,1,1,1,1,1,"I-30","",199,33.475775,-94.426475,0,1,0,0,1,1,0,1,2,1,0,1,0,"0000000",99,99,99,99,99,99,0,0,0,1,0
48,481186,2,2,0,0,0,2,2,339,0,10,5,2016,3,21,57,0,1,5,98,8,"FM174","",48,33.57516667,-97.896775,0,12,6,0,8,1,0,1,7,1,0,1,0,"0000000",22,5,22,50,23,39,0,0,0,1,0
48,481187,1,1,0,1,1,1,1,439,2450,10,5,2016,3,20,48,1,2,3,98,3,"SR-180 LANCASTER AVE","",139,32.74615556,-97.317675,0,8,0,0,1,1,0,1,2,1,0,1,0,"0000000",20,51,20,56,21,15,0,0,0,1,0
48,481188,1,1,0,0,0,1,1,13,0,11,5,2016,4,14,45,0,1,4,98,3,"SR-16 BLUEWIND","",46,29.12375,-98.59169444,0,38,0,0,1,1,0,5,1,1,0,1,0,"0000000",99,98,99,98,88,88,0,0,0,1,0
48,481189,1,1,0,0,0,1,1,123,0,12,5,2016,5,0,57,0,1,5,98,8,"FM766","",165,29.11276389,-97.29163611,0,34,0,0,1,1,0,4,2,1,0,1,0,"0000000",99,99,99,99,99,99,0,0,0,1,1
48,481190,1,1,0,0,0,1,1,175,0,12,5,2016,5,23,32,0,1,4,98,2,"US-183","",19,28.7701,-97.3886,0,32,0,0,1,1,0,4,2,1,0,1,0,"0000000",99,98,99,98,88,88,0,0,0,1,0
48,481191,2,2,0,0,0,2,2,437,0,12,5,2016,5,16,55,1,1,1,1,1,"I-27","",31,34.35353056,-101.75336111,0,12,1,0,1,1,0,1,1,1,0,1,0,"0000000",99,98,99,98,88,88,0,0,0,1,0
48,481192,2,2,0,0,0,2,2,497,0,12,5,2016,5,22,27,1,1,3,98,2,"US-81/US287","",103,33.11515,-97.48046111,0,12,2,0,1,1,0,1,2,1,0,1,0,"0000000",22,24,22,36,22,32,0,0,0,1,2
48,481193,1,1,0,0,0,1,1,201,3280,13,5,2016,6,19,16,0,8,98,98,6,"MEMORIAL DR","",0,29.76293611,-95.3912,0,3,0,0,1,1,0,5,1,1,0,1,0,"0000000",99,98,99,98,88,88,0,0,0,1,1
48,481194,3,3,0,0,0,4,4,409,0,13,5,2016,6,15,24,0,1,5,98,8,"FM 666","",38,28.04403889,-97.78923889,0,12,11,0,1,1,0,1,1,1,0,1,0,"0000000",99,98,99,98,88,88,0,0,0,1,0
48,481195,1,1,0,1,1,1,1,201,3280,14,5,2016,7,1,25,1,2,2,98,2,"US-290/NORTHWEST FWY","",326,29.85440556,-95.51510278,0,8,0,0,1,1,1,1,3,1,0,1,0,"0000000",1,28,1,30,88,88,0,0,0,1,0
48,481196,1,1,0,0,0,2,2,201,3280,14,5,2016,7,17,17,0,8,98,98,6,"MACGREGOR WAY","",0,29.70876944,-95.36899722,0,23,0,0,1,1,0,4,1,2,0,2,0,"0000000",17,17,17,33,17,59,0,0,0,1,1
48,481197,1,1,0,0,0,2,2,55,0,15,5,2016,1,6,23,1,1,3,98,2,"US-183","",203,29.74758056,-97.65473056,0,42,0,0,1,1,0,4,4,10,0,10,0,"0000000",6,25,6,32,7,2,0,0,0,1,1
48,481198,1,1,0,0,0,1,1,289,0,15,5,2016,1,3,9,0,1,4,98,3,"SR-7","",40,31.27820833,-95.91529722,0,1,0,0,1,1,0,1,2,1,0,1,0,"0000000",99,99,99,99,99,99,0,0,0,1,0
48,481199,2,2,0,0,0,2,2,451,0,15,5,2016,1,12,2,0,8,98,98,4,"CR-LIPAN CREEK RD","CR-PHINNEY RD",0,31.44448056,-100.1238,0,12,2,0,2,2,0,1,1,10,0,10,0,"0000000",12,2,12,23,12,52,0,0,0,1,0
48,481200,1,1,0,0,0,1,1,91,4870,16,5,2016,2,3,23,1,2,1,1,1,"I-35","",65,29.66386667,-98.16857222,0,35,0,0,1,1,0,10,2,2,0,2,0,"0000000",99,99,99,99,99,99,0,0,0,1,0
48,481201,1,1,0,1,1,1,1,167,0,16,5,2016,2,20,45,0,2,4,98,8,"FM 646/BAYSHORE","",214,29.49670278,-94.92481389,0,8,0,0,1,1,0,1,3,1,0,1,0,"0000000",20,54,21,13,21,30,0,0,0,1,0
48,481202,2,2,0,0,0,2,2,373,0,17,5,2016,3,10,14,1,1,3,98,2,"US-59","",336,30.6782,-94.95116111,0,33,0,0,1,1,0,3,1,10,0,10,0,"0000000",99,99,99,99,88,88,0,0,0,1,0
48,481203,1,1,0,1,1,1,1,113,1730,18,5,2016,4,1,9,1,2,1,1,1,"I-30/RL THORNTON HWY","",108,32.79724167,-96.68538333,0,8,0,0,1,1,0,1,3,1,0,1,0,"0000000",99,98,99,98,88,88,0,0,0,1,0
48,481204,1,1,0,1,1,1,1,113,1730,18,5,2016,4,20,58,0,8,98,98,6,"WESTMORELAND RD","BROOKLYNDELL AVE",0,32.73831389,-96.87412222,0,8,0,0,3,3,0,1,3,2,0,2,0,"0000000",99,99,99,99,88,88,0,0,0,1,0
48,481205,1,1,0,0,0,1,1,459,0,18,5,2016,4,2,39,1,1,3,98,2,"US-271","",55,32.84211944,-94.95166111,0,18,0,0,1,1,0,1,2,1,0,1,0,"0000000",99,98,99,98,88,88,19,0,0,1,0
48,481206,1,1,0,0,0,1,1,401,0,19,5,2016,5,15,25,0,1,4,98,2,"US-84","",207,31.92006944,-94.66138056,0,42,0,0,1,1,0,4,1,2,0,2,0,"0000000",99,98,99,98,88,88,0,0,0,1,0
48,481207,2,1,1,1,1,1,1,141,2190,20,5,2016,6,19,48,0,8,98,98,6,"MT DELANO","",0,31.86741944,-106.41514167,0,33,0,0,1,1,0,4,5,1,0,1,0,"0000000",19,49,19,54,20,10,0,0,0,1,0
48,481208,2,2,0,0,0,3,3,303,4140,20,5,2016,6,10,6,1,2,1,1,7,"I-27","US-84/SLATON RD",32,33.53673056,-101.84373611,0,12,6,1,2,2,0,1,1,10,0,10,0,"0000000",10,8,10,13,10,32,0,0,0,1,0
48,481209,2,2,0,0,0,2,2,453,330,20,5,2016,6,20,35,0,8,98,98,6,"DESSAU RD","",0,30.35190556,-97.67521389,0,12,6,0,1,1,0,1,1,1,0,1,0,"0000000",20,35,20,41,21,7,0,0,0,1,0
48,481210,2,2,0,0,0,2,2,491,6780,20,5,2016,6,17,4,1,2,3,98,3,"SR-95/MAIN ST","",151,30.60008333,-97.41631111,0,12,6,0,8,1,0,1,1,1,0,1,0,"0000000",99,98,99,98,88,88,0,0,0,1,0
48,481211,2,2,0,0,0,2,2,27,6810,21,5,2016,7,15,45,0,2,4,98,3,"SR-317","",91,31.15201667,-97.43002778,0,12,8,0,1,1,1,1,1,10,0,10,0,"0000000",15,47,15,54,16,34,0,0,0,1,0
48,481212,1,1,0,0,0,2,2,113,1730,21,5,2016,7,0,56,0,8,98,98,6,"WEBB CHAPEL EXT","",0,32.8603,-96.85714167,0,44,0,0,1,1,0,1,3,1,0,1,0,"0000000",99,99,99,99,99,99,0,0,0,1,1
48,481213,2,2,0,0,0,2,2,183,4080,21,5,2016,7,1,21,0,2,4,98,8,"FM1845 PINE TREE RD","",150,32.52263056,-94.80316667,0,12,6,0,8,1,0,1,3,1,0,1,0,"0000000",99,98,99,98,88,88,0,0,0,1,1
48,481214,3,3,0,0,0,3,3,187,4870,21,5,2016,7,10,6,0,2,4,98,8,"FM725","",10,29.66530556,-98.0942,0,12,1,0,1,1,0,1,1,1,0,1,0,"0000000",99,99,99,99,99,99,0,0,0,1,1
48,481215,1,1,0,0,0,1,1,113,1730,22,5,2016,1,15,20,1,2,1,1,7,"I-635 LBJ FWY","",65,32.92495278,-96.76832778,0,39,0,0,1,1,0,4,1,10,0,10,0,"0000000",99,99,99,99,99,99,0,0,0,1,0
48,481216,1,1,0,0,0,2,2,141,0,22,5,2016,1,2,0,1,2,1,1,7,"I-10 GATEWAY WEST BLVD","",365,31.68359167,-106.263525,0,1,0,0,1,1,0,4,3,1,0,1,0,"0000000",99,98,99,98,88,88,0,0,0,1,1
48,481217,2,2,0,0,0,2,2,491,2620,22,5,2016,1,12,24,0,8,98,98,6,"WILLIAMS DR","",0,30.67901111,-97.71069167,0,12,2,0,1,1,0,1,1,10,0,10,0,"0000000",12,24,12,35,13,4,0,0,0,1,0
48,481218,1,1,0,1,1,1,1,139,5685,23,5,2016,2,0,6,0,2,4,98,8,"FM664 OVILLA RD","",142,32.531775,-96.81111111,0,8,0,0,1,1,0,1,3,10,0,10,0,"0000000",99,99,99,99,99,99,0,0,0,1,0
48,481219,1,1,0,0,0,1,1,439,2850,23,5,2016,2,5,20,0,8,98,98,6,"FAIRWAY DR","",0,32.97925556,-97.059125,0,59,0,0,1,1,0,4,2,10,0,10,0,"0000000",99,98,99,98,88,88,0,0,0,1,0
48,481220,1,1,0,0,0,1,1,29,6090,24,5,2016,3,13,25,1,2,2,98,2,"US-90","",52,29.37761944,-98.72095278,0,32,0,0,1,1,0,4,1,1,0,1,0,"0000000",99,98,99,98,88,88,0,0,0,1,0
48,481221,2,2,0,0,0,2,2,439,260,24,5,2016,3,8,7,1,1,1,1,1,"I-30","",303,32.75944167,-97.04628611,0,24,0,0,1,1,0,4,1,2,0,2,0,"0000000",99,98,99,98,88,88,14,0,0,1,0
48,481222,1,1,0,1,1,1,1,85,4230,27,4,2016,4,15,39,1,2,3,98,2,"US-380/UNIVERSITY DR","GRAVES ST",101,33.2165,-96.62889444,0,8,0,0,3,2,0,1,1,1,0,1,0,"0000000",15,40,15,42,15,55,0,0,0,1,0
48,481223,1,1,0,1,1,1,1,215,2110,6,5,2016,6,21,2,0,2,4,98,8,"FM 1925/MONTE CRISTO RD","ISABELLA RD",86,26.34295556,-98.19643333,0,8,0,0,3,3,0,1,2,1,0,1,0,"0000000",99,98,99,98,88,88,0,0,0,1,0
48,481224,1,1,0,0,0,3,3,257,0,11,5,2016,4,15,4,0,2,4,98,8,"FM 740","",34,32.70906944,-96.48956944,0,1,0,0,1,1,0,4,1,1,0,1,0,"0000000",15,9,15,34,15,52,0,0,0,1,0
48,481225,1,1,0,1,1,1,1,339,0,12,5,2016,5,22,50,1,1,3,98,8,"FM 1774","",61,30.19003056,-95.71663889,0,8,0,0,1,1,0,1,2,10,0,10,0,"0000000",99,98,99,98,88,88,0,0,0,1,0
48,481226,1,1,0,0,0,2,2,113,3420,13,5,2016,6,12,11,1,2,1,1,1,"I-635/LYNDON B JOHNSON FWY","",39,32.91468333,-96.95434444,0,1,0,0,1,1,0,10,1,1,0,1,0,"0000000",12,12,12,17,12,44,0,0,0,1,0
48,481227,2,1,1,1,2,1,2,201,0,21,5,2016,7,0,1,1,2,1,1,1,"I-10","",395,29.77071111,-95.17785,0,18,0,0,1,1,1,2,3,10,0,10,0,"0000000",0,5,0,13,99,99,14,0,0,1,1
48,481228,2,1,1,0,0,1,1,297,0,21,5,2016,7,22,41,1,1,3,98,2,"US-281","",130,28.48535,-98.1787,0,14,0,0,1,1,1,5,2,10,0,10,0,"0000000",99,98,99,98,88,88,3,0,0,1,1
48,481229,1,1,0,0,0,2,2,361,7200,22,5,2016,1,18,20,1,2,1,1,1,"I-10","",67,30.13596944,-94.00425,0,1,0,1,20,1,0,1,1,1,0,1,0,"0000000",99,99,99,99,99,99,0,0,0,1,1
48,481230,1,1,0,0,0,1,1,401,0,22,5,2016,1,15,20,0,1,5,98,8,"FM 1797","",39,32.31931944,-94.56166111,0,42,0,0,1,1,0,4,1,1,0,1,0,"0000000",99,98,99,98,88,88,0,0,0,1,0
48,481231,2,1,1,0,1,1,2,113,1730,30,1,2016,7,23,27,0,8,98,98,6,"DALLAS NORTH TOLLWAY","",0,32.86150556,-96.81186111,0,30,0,0,1,1,0,1,3,1,0,1,0,"0000000",99,98,99,98,88,88,0,0,0,1,1
48,481232,1,1,0,0,0,1,1,397,0,7,4,2016,5,18,45,0,1,5,98,3,"SR-276","",31,32.90090833,-96.36766389,0,38,0,0,1,1,0,5,1,1,0,1,0,"0000000",99,98,99,98,88,88,0,0,0,1,0
48,481233,2,2,0,0,0,3,3,167,1920,25,4,2016,2,16,0,1,2,3,98,3,"SR-3","HUGHES RD",71,29.45252222,-95.04023611,0,12,6,0,2,2,0,1,1,1,0,1,0,"0000000",16,3,16,9,99,99,0,0,0,1,0
48,481234,4,4,0,0,0,8,8,113,1730,5,5,2016,5,21,25,1,2,2,98,8,"SS366 WOODALL RODGERS FWY","",20,32.78956389,-96.80163889,0,12,1,0,1,1,0,1,3,1,0,1,0,"0000000",99,99,99,99,99,99,0,0,0,1,0
48,481235,2,2,0,0,0,4,4,467,0,6,5,2016,6,5,16,0,1,4,98,2,"US-80","CR-1913",181,32.67828056,-95.77138889,0,12,6,0,2,3,0,1,2,1,0,1,0,"0000000",99,99,99,99,99,99,0,0,0,1,0
48,481236,1,1,0,1,1,2,2,39,0,8,5,2016,1,22,48,1,2,3,98,3,"SR-6 MORRIS AVE","",3,29.4979,-95.44300833,0,8,0,0,1,1,0,1,2,1,0,1,0,"0000000",22,50,23,2,23,28,0,0,0,1,0
48,481237,2,2,0,0,0,2,2,187,0,8,5,2016,1,2,40,1,1,4,98,3,"SR-123","",6,29.79700833,-97.94544167,0,12,8,0,1,1,0,1,2,1,0,1,0,"0000000",99,99,99,99,99,99,0,0,0,1,1
48,481238,2,2,0,0,0,7,7,209,0,8,5,2016,1,14,6,1,1,3,98,2,"US-290","",105,30.19196944,-98.0716,0,12,11,0,1,1,0,1,1,2,0,2,0,"0000000",14,5,14,11,14,50,0,0,0,5,0
48,481239,2,1,1,0,0,1,1,453,5325,8,5,2016,1,22,16,0,8,98,98,6,"EDGEMERE","",0,30.45340278,-97.64680278,0,14,0,0,1,1,0,5,3,1,0,1,0,"0000000",22,15,22,22,23,5,0,0,0,1,0
48,481240,2,2,0,0,0,2,2,453,0,10,5,2016,3,10,49,0,2,4,98,8,"FM1825","CR-THREE POINTS RD",3,30.44970833,-97.6581,0,12,6,0,2,4,0,1,1,1,0,1,0,"0000000",10,51,10,58,11,33,0,0,0,1,0
48,481241,1,1,0,0,0,1,1,201,3280,11,5,2016,4,9,0,0,8,98,98,6,"MAIN ST","",0,29.78558611,-95.36615556,0,33,0,0,1,1,0,4,1,10,0,10,0,"0000000",99,99,99,99,88,88,0,0,0,1,0
48,481242,3,3,0,0,0,5,5,201,3280,12,5,2016,5,10,58,0,8,98,98,6,"SCOTT","YELLOWSTONE BLVD",0,29.69356944,-95.36161111,0,12,6,0,2,2,0,1,1,1,0,1,0,"0000000",11,2,11,6,11,42,20,0,0,1,1
48,481243,2,2,0,0,0,3,3,389,0,12,5,2016,5,6,10,1,1,3,98,2,"US-285","",395,31.59729444,-103.61276667,0,12,2,0,1,1,0,2,2,1,0,1,0,"0000000",99,99,99,99,99,99,0,0,0,1,1
48,481244,1,1,0,0,0,1,1,453,0,12,5,2016,5,6,0,0,8,98,98,4,"CR-SPRINGDALE RD","",0,30.32396667,-97.65819722,0,1,0,0,1,1,0,1,2,1,0,1,0,"0000000",99,98,99,98,88,88,0,0,0,1,1
48,481245,1,1,0,0,0,1,1,113,1730,13,5,2016,6,22,30,1,2,3,98,8,"SL-12 BUCKNER BLVD","HUME DR",81,32.7571,-96.68293611,0,40,0,0,8,1,0,4,3,1,0,1,0,"0000000",99,99,99,99,88,88,0,0,0,1,0