"STATE","ST_CASE","VE_TOTAL","VE_FORMS","PVH_INVL","PEDS","PERNOTMVIT","PERMVIT","PERSONS","COUNTY","CITY","DAY","MONTH","YEAR","DAY_WEEK","HOUR","MINUTE","NHS","RUR_URB","FUNC_SYS","RD_OWNER","ROUTE","TWAY_ID","TWAY_ID2","MILEPT","LATITUDE","LONGITUD","SP_JUR","HARM_EV","MAN_COLL","RELJCT1","RELJCT2","TYP_INT","WRK_ZONE","REL_ROAD","LGT_COND","WEATHER1","WEATHER2","WEATHER","SCH_BUS","RAIL","NOT_HOUR","NOT_MIN","ARR_HOUR","ARR_MIN","HOSP_HR","HOSP_MN","CF1","CF2","CF3","FATALS","DRUNK_DR"
48,481246,1,1,0,0,0,1,1,339,0,13,5,2016,6,0,41,0,1,5,98,8,"FM 149","",14,30.5439,-95.80130833,0,1,0,0,1,1,0,4,2,1,0,1,0,"0000000",99,99,99,99,99,99,0,0,0,1,0
48,481247,1,1,0,1,1,1,1,439,2450,13,5,2016,6,23,48,1,2,2,98,3,"SR-121 AIRPORT FWY","",66,32.772875,-97.29202778,0,8,0,1,18,1,0,1,2,1,0,1,0,"0000000",23,49,23,52,0,12,0,0,0,1,0
48,481248,3,3,0,1,1,2,2,11,0,14,5,2016,7,9,45,1,1,3,98,2,"US-287","",88,35.14563056,-101.46585278,0,12,1,0,7,1,0,1,1,10,0,10,0,"0000000",9,45,9,57,10,37,0,0,0,1,0
48,481249,2,2,0,0,0,3,3,201,3280,14,5,2016,7,1,8,1,2,1,1,7,"I-45","TIDWELL RD",302,29.84544444,-95.39234167,0,12,6,1,2,2,0,1,3,1,0,1,0,"0000000",1,11,1,21,1,51,20,0,0,1,1
48,481250,2,2,0,0,0,3,3,439,260,14,5,2016,7,8,12,1,2,1,1,7,"I-30","",271,32.76039167,-97.10161667,0,12,1,1,18,1,0,1,1,10,0,10,0,"0000000",99,99,99,99,99,99,0,0,0,1,0
48,481251,1,1,0,0,0,1,1,113,1730,16,5,2016,2,11,0,1,2,3,98,8,"SL 12 GREAT TRINITY FOREST WAY","",206,32.713275,-96.69418611,0,30,0,0,1,1,0,4,1,1,0,1,0,"0000000",99,99,99,99,99,99,0,0,0,1,0
48,481252,2,2,0,0,0,2,2,439,2990,16,5,2016,2,10,56,1,2,2,98,3,"SR-121","",47,32.7901,-97.25181944,0,12,1,0,1,1,0,1,1,1,0,1,0,"0000000",11,3,11,16,11,32,0,0,0,1,0
48,481253,2,2,0,0,0,2,2,471,0,16,5,2016,2,18,20,1,1,1,1,1,"I-45","",69,30.608475,-95.50593889,0,57,0,0,1,1,0,3,1,10,0,10,0,"0000000",99,98,99,98,88,88,0,0,0,1,0
48,481254,1,1,0,1,1,1,1,167,2570,17,5,2016,3,7,10,1,2,3,98,3,"SR-87","",53,29.29429167,-94.81364167,0,8,0,0,1,1,0,1,1,1,0,1,0,"0000000",7,10,7,20,7,38,0,0,0,1,0
48,481255,1,1,0,1,1,1,1,373,0,17,5,2016,3,21,40,1,2,3,98,2,"US-190","",341,30.72416111,-94.96896389,0,9,0,0,1,1,0,1,2,1,0,1,0,"0000000",99,99,99,99,99,99,0,0,0,1,0
48,481256,2,2,0,0,0,2,2,141,2190,18,5,2016,4,17,7,0,8,98,98,6,"GEORGE DIETER","BOB MITCHELL",0,31.76073889,-106.30198611,0,12,2,0,2,2,0,1,1,1,0,1,0,"0000000",17,8,17,13,17,28,0,0,0,1,0
48,481257,2,2,0,1,1,3,3,113,1730,19,5,2016,5,23,43,0,2,2,98,3,"SR-75 CENTRAL EXPY","",77,32.89071389,-96.76957778,1,8,0,0,1,1,0,1,3,10,0,10,0,"0000000",99,99,99,99,99,99,19,0,0,1,0
48,481258,1,1,0,1,1,1,1,201,3280,19,5,2016,5,20,29,1,2,3,98,8,"FM 865 CULLEN BLVD","",2,29.70152222,-95.348675,0,8,0,0,1,1,0,1,3,1,0,1,0,"0000000",20,29,20,32,20,45,0,0,0,1,0
48,481259,2,2,0,0,0,2,2,381,0,19,5,2016,5,14,43,1,2,3,98,8,"SL 335","",69,35.12033056,-101.80661111,0,12,6,0,5,1,0,1,1,10,0,10,0,"0000000",99,98,99,98,88,88,0,0,0,1,0
48,481260,2,2,0,0,0,2,2,467,0,19,5,2016,5,11,26,0,1,4,98,3,"SR-64","",262,32.43941944,-95.68283889,0,12,1,0,1,1,0,2,1,2,0,2,0,"0000000",11,31,11,43,12,30,0,0,0,1,0
48,481261,2,2,0,0,0,5,5,29,6090,20,5,2016,6,2,13,1,2,2,98,2,"US-281","",62,29.64539722,-98.45191667,0,12,7,0,1,1,0,1,3,10,0,10,0,"0000000",99,99,99,99,99,99,0,0,0,1,0
48,481262,1,1,0,0,0,1,1,97,2550,20,5,2016,6,15,0,1,1,1,1,1,"I-35","",192,33.6923,-97.16208611,0,57,0,0,1,1,0,3,1,1,0,1,0,"0000000",15,7,15,33,16,13,0,0,0,1,0
48,481263,2,2,0,1,1,2,2,113,1730,20,5,2016,6,23,35,1,2,3,98,8,"SL12","",329,32.68524722,-96.79323333,0,8,0,0,1,1,0,1,2,1,0,1,0,"0000000",99,98,99,98,88,88,0,0,0,1,0
48,481264,2,2,0,0,0,2,2,201,3280,20,5,2016,6,23,29,0,8,98,98,6,"PINEMONT DR","ALABONSON RD",0,29.84031111,-95.47810833,0,12,6,0,2,3,0,1,3,1,0,1,0,"0000000",23,29,23,37,0,6,0,0,0,1,0
48,481265,2,2,0,0,0,5,5,329,4560,20,5,2016,6,21,41,0,8,98,98,6,"MIDLAND DR","",0,31.99011667,-102.13294167,0,12,6,0,8,1,0,1,3,1,0,1,0,"0000000",99,98,99,98,88,88,0,0,0,1,2
48,481266,2,2,0,0,0,4,4,29,6090,21,5,2016,7,2,32,1,2,3,98,8,"FM78","",128,29.4786,-98.3647,0,12,2,0,1,1,0,1,3,1,0,1,0,"0000000",99,99,99,99,99,99,0,0,0,1,1
48,481267,3,1,2,1,2,1,2,113,1730,21,5,2016,7,23,58,1,2,1,1,1,"I-45 JULIUS FWY","",171,32.73939444,-96.76693611,0,14,0,0,1,1,0,2,2,1,0,1,0,"0000000",99,99,99,99,99,99,14,15,0,1,0
48,481268,2,2,0,0,0,2,2,129,0,21,5,2016,7,9,35,1,1,3,98,2,"US-287","",23,34.83735,-100.62714722,0,12,1,0,1,1,0,1,1,5,0,5,0,"0000000",9,37,9,55,11,45,0,0,0,1,0
48,481269,3,3,0,0,0,5,5,201,0,21,5,2016,7,0,26,0,2,4,98,8,"FM2920","KUYKENDAHL RD",149,30.07406667,-95.51338333,0,12,6,0,2,2,0,1,3,10,0,10,0,"0000000",0,26,0,41,1,29,14,0,0,3,1
48,481270,1,1,0,0,0,1,1,221,0,21,5,2016,7,12,35,0,1,5,98,8,"FM4 LIPAN HWY","",64,32.52238611,-97.98598056,0,52,0,0,1,1,0,4,1,10,0,10,0,"0000000",12,53,13,4,13,53,0,0,0,1,0
48,481271,3,3,0,0,0,9,9,365,0,21,5,2016,7,10,15,0,1,5,98,3,"SR-315","",161,32.13946389,-94.38289167,0,12,1,0,8,1,0,1,1,1,0,1,0,"0000000",10,20,10,29,11,24,0,0,0,4,0
48,481272,2,2,0,0,0,4,4,491,0,21,5,2016,7,5,48,1,2,4,98,3,"SR-195","",188,30.73575278,-97.69062778,0,12,2,0,1,1,0,1,2,10,0,10,0,"0000000",5,46,5,53,6,26,0,0,0,1,0
48,481273,1,1,0,1,1,3,3,113,1730,22,5,2016,1,21,56,1,2,3,98,8,"SL12 LEDBETTER DR","",248,32.697675,-96.76223611,0,15,0,0,1,1,0,1,2,1,0,1,0,"0000000",99,98,99,98,88,88,0,0,0,1,0
48,481274,1,1,0,1,1,2,2,201,3280,22,5,2016,1,2,17,1,2,1,1,1,"I-45 GULF FWY","",29,29.54268333,-95.14390556,0,8,0,0,1,1,1,1,2,10,0,10,0,"0000000",99,98,99,98,88,88,19,0,0,1,1
48,481275,1,1,0,0,0,2,2,233,0,22,5,2016,1,21,14,0,1,4,98,3,"SR-152","",26,35.66560833,-101.35339444,0,24,0,0,1,1,0,4,2,1,0,1,0,"0000000",21,17,21,23,21,53,0,0,0,2,1
48,481276,2,2,0,0,0,4,4,113,1730,23,5,2016,2,22,20,0,8,98,98,6,"MOCKINGBIRD LN","",0,32.80100556,-96.87377222,0,12,1,0,1,1,0,1,3,10,0,10,0,"0000000",99,98,99,98,88,88,0,0,0,1,0
48,481277,2,2,0,0,0,4,4,147,0,23,5,2016,2,6,45,0,1,5,98,3,"SR-11","",250,33.39193611,-96.09675278,0,12,6,0,1,1,0,1,1,2,0,2,0,"0000000",6,57,7,12,8,4,0,0,0,3,0
48,481278,5,5,0,0,0,6,6,313,0,23,5,2016,2,13,58,1,1,1,1,1,"I-45","",19,30.91048056,-95.79198056,0,12,1,0,1,1,0,1,1,1,0,1,0,"0000000",99,99,99,99,99,99,0,0,0,1,0
48,481279,2,2,0,0,0,3,3,39,4306,24,5,2016,3,16,5,0,2,4,98,8,"FM1128 MASTERS RD","",42,29.51209167,-95.33063056,0,12,2,0,1,1,0,1,1,1,0,1,0,"0000000",17,4,17,30,18,2,0,0,0,2,0
48,481280,1,1,0,0,0,3,3,291,1770,24,5,2016,3,13,5,0,8,98,98,6,"BROWN RD","",0,30.03238889,-94.88433333,0,1,0,0,1,1,0,4,1,1,0,1,0,"0000000",13,19,13,49,14,41,0,0,0,1,0
48,481281,2,2,0,0,0,2,2,201,3280,25,5,2016,4,11,47,0,8,98,98,6,"MYRTLE","BOBBY LEE LANE",0,29.70959722,-95.30207222,0,12,6,0,2,2,0,1,1,1,0,1,0,"0000000",11,49,11,52,12,9,0,0,0,1,0
48,481282,2,2,0,0,0,2,2,439,2450,25,5,2016,4,17,30,1,2,3,98,3,"SR-183/28TH ST","",88,32.79526111,-97.3522,0,12,6,0,8,1,1,1,1,1,0,1,0,"0000000",17,31,17,40,18,0,0,0,0,1,0
48,481283,1,1,0,1,1,1,1,453,330,25,5,2016,4,23,22,1,2,1,1,1,"I-35","",213,30.311975,-97.70898611,0,8,0,0,1,1,0,1,3,10,0,10,0,"0000000",99,98,99,98,88,88,0,0,0,1,0
48,481284,2,2,0,0,0,2,2,73,0,26,5,2016,5,13,27,0,1,5,98,3,"SR-135","",138,31.99,-95.23926111,0,12,6,0,1,1,0,1,1,2,0,2,0,"0000000",99,98,99,98,88,88,0,0,0,1,0
48,481285,2,2,0,0,0,4,4,113,1730,26,5,2016,5,18,42,0,8,98,98,6,"CLARK RD","CLARKRIDGE DR",0,32.66678611,-96.94533056,0,12,6,0,2,2,0,1,1,10,0,10,0,"0000000",99,99,99,99,99,99,0,0,0,1,0
48,481286,2,1,1,1,1,1,1,161,0,26,5,2016,5,0,56,1,1,1,1,1,"I-45","",259,31.81298889,-96.27136944,0,8,0,0,1,1,0,1,2,10,0,10,0,"0000000",1,11,1,36,2,45,23,14,0,1,0
48,481287,2,2,0,0,0,2,2,259,740,26,5,2016,5,13,10,1,2,3,98,3,"SR-46/RIVER RD","",12,29.78920833,-98.710625,0,12,6,0,8,1,0,1,1,1,0,1,0,"0000000",13,12,13,17,14,6,0,0,0,1,0
48,481288,2,2,0,0,0,2,2,329,0,26,5,2016,5,14,48,0,1,4,98,3,"SR-349","",175,31.84548889,-102.0339,0,12,2,0,1,1,0,1,1,10,0,10,0,"0000000",14,52,15,2,15,23,0,0,0,1,0
48,481289,1,1,0,0,0,1,1,121,1840,27,5,2016,6,1,5,0,2,4,98,8,"FM 2449","",119,33.176725,-97.19205,0,42,0,0,1,1,0,4,2,2,0,2,0,"0000000",99,98,99,98,88,88,0,0,0,1,1
48,481290,2,2,0,0,0,5,5,161,0,27,5,2016,6,5,12,1,1,1,1,1,"I-45","",69,31.56855,-96.14183889,0,12,2,0,1,1,0,1,2,2,0,2,0,"0000000",5,21,5,40,7,35,0,0,0,2,1
48,481291,2,1,1,0,0,1,1,29,6090,28,5,2016,7,0,46,1,2,3,98,8,"SL 345/FREDERICKSBURG RD","",277,29.47410556,-98.535675,0,40,0,0,1,1,0,4,3,1,0,1,0,"0000000",99,99,99,99,99,99,14,0,0,1,1
48,481292,2,2,0,0,0,3,3,59,0,28,5,2016,7,22,2,1,2,3,98,3,"SR-36","",12,32.30671944,-99.61783056,0,24,0,0,1,1,1,4,2,10,0,10,0,"0000000",22,10,22,25,23,4,0,0,0,2,2
48,481293,1,1,0,1,1,1,1,215,5330,28,5,2016,7,4,32,0,2,5,98,8,"FM 3072/DICKER RD","",4,26.12414444,-98.20285556,0,38,0,0,1,1,0,5,3,1,0,1,0,"0000000",99,99,99,99,99,99,0,0,0,1,1
48,481294,2,2,0,0,0,3,3,27,3690,29,5,2016,1,19,23,1,2,3,98,8,"FM 3470/STAN SCHUETER LOOP","LEDGESTONE DR",46,31.08095278,-97.76886111,0,12,6,0,2,3,0,1,1,1,0,1,0,"0000000",19,23,19,27,20,8,0,0,0,1,0
48,481295,2,2,0,0,0,4,4,29,6090,30,5,2016,2,1,21,1,2,3,98,8,"SL 13/MILITARY DR","NORMA ST",38,29.35670833,-98.49698889,0,12,6,0,2,3,0,1,3,1,0,1,0,"0000000",99,99,99,99,99,99,0,0,0,1,1
48,481296,2,2,0,0,0,2,2,29,6090,30,5,2016,2,12,4,0,8,98,98,6,"MARBACH RD","",0,29.41770556,-98.62574167,0,12,2,0,1,1,0,1,1,10,0,10,0,"0000000",99,99,99,99,99,99,0,0,0,1,0
48,481297,1,1,0,0,0,4,4,347,4810,30,5,2016,2,1,20,0,2,5,98,8,"FM 1878/STARR AVE","",26,31.62267222,-94.62743611,0,42,0,0,1,1,0,4,3,1,0,1,0,"0000000",1,24,1,30,1,46,0,0,0,3,1
48,481298,1,1,0,1,1,1,1,113,3420,31,5,2016,3,1,12,0,8,98,98,6,"BELT LINE RD","",0,32.87304722,-96.99174167,0,9,0,0,1,1,0,1,3,1,0,1,0,"0000000",1,14,1,19,1,40,0,0,0,1,0
48,481299,4,4,0,0,0,4,4,339,4667,23,3,2016,4,16,50,1,2,1,1,1,"I-69/EASTEX FWY","",10,30.05116944,-95.25209722,0,12,6,0,1,1,0,1,1,10,0,10,0,"0000000",16,53,16,58,17,44,0,0,0,1,0
48,481300,2,2,0,0,0,2,2,465,0,18,4,2016,2,23,5,1,1,3,98,2,"US-90","",97,29.781,-101.399,0,12,2,0,1,1,0,1,2,2,0,2,0,"0000000",99,98,99,98,88,88,0,0,0,1,0
48,481301,2,2,0,0,0,3,3,135,5030,24,4,2016,1,10,10,0,8,98,98,6,"TANGLEWOOD LN","MCM PROMENADE CROSS",0,31.89500556,-102.34278056,0,12,1,0,3,3,0,1,1,1,0,1,0,"0000000",10,23,10,28,10,52,0,0,0,1,0
48,481302,1,1,0,0,0,1,1,201,3890,29,4,2016,6,7,36,0,8,98,98,7,"FAIRMONT PKWY","",0,29.651675,-95.03946944,0,33,0,0,1,1,0,4,4,1,0,1,0,"0000000",7,38,7,59,8,37,0,0,0,1,0
48,481303,1,1,0,0,0,6,6,27,0,5,5,2016,5,16,42,0,8,98,98,4,"CR-SHAW RD","",0,30.95836111,-97.25671111,0,38,0,0,1,1,0,5,1,1,0,1,0,"0000000",16,49,17,3,17,46,0,0,0,1,0
48,481304,2,2,0,0,0,2,2,251,2690,5,5,2016,5,5,48,0,1,5,98,3,"SR-171","",47,32.49190278,-97.581,0,12,2,0,1,1,0,1,2,1,0,1,0,"0000000",99,98,99,98,88,88,0,0,0,1,0
48,481305,1,1,0,1,1,1,1,183,0,7,5,2016,7,5,51,0,1,4,98,3,"SR-31","",4,32.37728056,-94.97856944,0,8,0,0,1,1,0,1,2,1,0,1,0,"0000000",99,98,99,98,88,88,0,0,0,1,0
48,481306,1,1,0,1,1,1,1,99,0,11,5,2016,4,7,10,0,8,98,98,4,"CR-CACTUS LN","CR-WEDGEWOOD LN",0,31.19640278,-97.92510278,0,8,0,0,2,2,0,1,1,1,0,1,0,"0000000",7,21,7,43,8,11,0,0,0,1,0
48,481307,3,3,0,0,0,5,5,507,0,11,5,2016,4,17,56,0,1,3,98,2,"US-57","",108,28.94771944,-99.68285,0,12,1,0,1,1,1,1,1,1,0,1,0,"0000000",17,56,18,16,99,99,3,0,0,1,0
48,481308,2,2,0,0,0,2,2,355,1550,14,5,2016,7,1,26,1,2,3,98,8,"FM 43/WEBER RD","",100,27.71064444,-97.40554444,0,12,7,0,1,1,0,1,3,1,0,1,0,"0000000",99,98,99,98,88,88,0,0,0,1,0
48,481309,1,1,0,0,0,1,1,381,0,14,5,2016,7,13,55,0,1,5,98,8,"FM 168","",11,34.9023,-102.10748056,0,1,0,0,1,1,0,4,1,1,0,1,0,"0000000",99,98,99,98,88,88,0,0,0,1,0
48,481310,1,1,0,1,1,1,1,339,0,15,5,2016,1,1,28,1,2,1,1,1,"I-69","",54,30.11655556,-95.23278056,0,8,0,0,1,1,0,1,2,1,0,1,0,"0000000",99,99,99,99,99,99,0,0,0,1,0
48,481311,2,2,0,0,0,2,2,97,0,20,5,2016,6,15,36,1,1,3,98,2,"US-82","",311,33.64404444,-97.28524444,0,12,1,0,8,1,0,1,1,1,0,1,0,"0000000",99,98,99,98,88,88,0,0,0,1,0
48,481312,2,2,0,0,0,3,3,65,0,21,5,2016,7,12,0,0,1,4,98,3,"SR-207","",166,35.45715,-101.38207778,0,5,0,0,1,1,1,1,1,1,0,1,0,"0000000",11,44,11,52,12,57,0,0,0,1,0
48,481313,1,1,0,1,1,1,1,201,3280,21,5,2016,7,20,45,0,8,98,98,6,"BISSONNET ST","",0,29.67410833,-95.56992778,0,15,0,0,1,1,0,1,3,10,0,10,0,"0000000",20,47,20,49,21,7,0,0,0,1,0
48,481314,1,1,0,1,1,1,1,201,3280,22,5,2016,1,2,30,0,8,98,98,6,"HOMESTEAD RD","",0,29.85854722,-95.30059722,0,8,0,0,1,1,0,1,6,5,0,5,0,"0000000",2,38,2,43,3,11,0,0,0,1,0
48,481315,1,1,0,0,0,2,2,247,3080,22,5,2016,1,7,25,0,1,4,98,3,"SR-16","",14,27.33552222,-98.67636111,0,32,0,0,1,1,0,4,1,10,0,10,0,"0000000",99,99,99,99,99,99,0,0,0,1,1
48,481316,1,1,0,0,0,10,10,479,0,22,5,2016,1,17,50,1,1,1,1,7,"I-35","",257,28.01573611,-99.36276667,0,1,0,0,1,1,0,1,1,1,0,1,0,"0000000",18,41,19,13,20,12,20,0,0,1,0
48,481317,1,1,0,0,0,2,2,55,0,23,5,2016,2,6,22,0,1,6,98,8,"FM 1984","",26,29.887375,-97.83669444,0,30,0,0,1,1,0,4,1,10,0,10,0,"0000000",99,98,99,98,88,88,0,0,0,1,0
48,481318,2,2,0,0,0,2,2,113,2590,23,5,2016,2,22,58,1,2,1,1,1,"I-30","",295,32.85567778,-96.55639444,0,12,1,1,5,1,0,1,3,1,0,1,0,"0000000",22,59,23,2,23,32,0,0,0,1,0
48,481319,2,2,0,0,0,2,2,39,0,25,5,2016,4,15,40,1,2,3,98,3,"SR-6","CR-146",97,29.44717778,-95.29720833,0,12,6,0,2,2,0,1,1,1,0,1,0,"0000000",15,43,15,50,16,43,0,0,0,1,0
48,481320,1,1,0,0,0,1,1,71,0,25,5,2016,4,21,0,0,1,5,98,3,"SR-61","",80,29.88611111,-94.61360278,0,1,0,0,1,1,0,4,2,10,0,10,0,"0000000",99,98,99,98,88,88,0,0,0,1,0
48,481321,1,1,0,0,0,2,2,215,1970,26,5,2016,5,21,29,0,2,5,98,8,"FM 493","",285,26.22712222,-98.03708889,0,1,0,0,1,1,0,4,2,1,0,1,0,"0000000",99,99,99,99,99,99,0,0,0,1,1
48,481322,1,1,0,0,0,5,5,497,0,26,5,2016,5,9,35,1,1,3,98,2,"US-81","",43,33.39374444,-97.72838056,0,42,0,0,1,1,0,4,1,2,0,2,0,"0000000",9,36,9,49,10,37,0,0,0,1,0
48,481323,2,2,0,0,0,6,6,143,0,27,5,2016,6,14,3,1,1,3,98,2,"US-67","FM 219",3,32.09625,-98.33883333,0,12,6,0,2,2,0,1,1,1,0,1,0,"0000000",14,13,14,43,15,31,0,0,0,1,0
48,481324,1,1,0,0,0,1,1,201,0,27,5,2016,6,3,25,0,8,98,98,4,"CR-BELLAIRE BLVD","",0,29.70110278,-95.65325,0,33,0,0,1,1,0,3,3,10,0,10,0,"0000000",99,98,99,98,88,88,0,0,0,1,1
48,481325,2,2,0,0,0,4,4,321,0,27,5,2016,6,7,27,0,1,4,98,3,"SR-35","FM 1728",45,29.06299167,-95.84024167,0,12,6,0,2,3,0,1,1,10,0,10,0,"0000000",99,99,99,99,99,99,0,0,0,1,0
48,481326,1,1,0,0,0,1,1,471,0,27,5,2016,6,2,25,1,1,3,98,2,"US-190","",159,30.73714167,-95.34305278,0,42,0,0,1,1,0,4,2,2,0,2,0,"0000000",2,29,2,49,3,43,0,0,0,1,0
48,481327,1,1,0,0,0,1,1,15,0,28,5,2016,7,20,45,1,1,3,98,3,"SR-36","",159,29.89751944,-96.21938333,0,11,0,0,1,1,0,1,2,10,0,10,0,"0000000",99,99,99,99,99,99,0,0,0,1,0
48,481328,3,3,0,0,0,3,3,29,6090,28,5,2016,7,0,30,1,2,1,1,1,"I-35","",343,29.53438889,-98.38803889,0,12,7,1,18,1,0,1,3,10,0,10,0,"0000000",99,99,99,99,88,88,0,0,0,1,1
48,481330,2,2,0,0,0,2,2,401,0,28,5,2016,7,2,45,1,1,3,98,2,"US-259","",67,32.35541944,-94.85518056,0,12,2,0,1,1,0,1,2,1,0,1,0,"0000000",99,99,99,99,99,99,0,0,0,1,0
48,481331,2,2,0,1,1,9,9,177,0,29,5,2016,1,22,54,1,1,3,98,2,"US-87","",61,29.27386111,-97.69053333,0,8,0,0,1,1,0,1,2,1,0,1,0,"0000000",99,98,99,98,88,88,0,0,0,1,0
48,481332,1,1,0,0,0,1,1,201,0,29,5,2016,1,6,44,0,8,98,98,4,"CR-INDEPENDENCE PKWY","",0,29.76995,-95.0691,0,1,0,0,1,1,0,1,9,10,0,10,0,"0000000",99,98,99,98,88,88,0,0,0,1,1
48,481333,2,2,0,0,0,2,2,215,0,29,5,2016,1,12,39,1,2,3,98,3,"SR-107","",227,26.29408889,-98.11692778,0,12,6,0,1,1,0,1,1,1,0,1,0,"0000000",99,98,99,98,88,88,0,0,0,1,0
48,481334,1,1,0,1,1,1,1,245,490,29,5,2016,1,2,16,0,8,98,98,6,"FRANKLIN ST","",0,30.06481389,-94.113125,0,8,0,0,1,1,0,1,2,99,0,99,0,"0000000",99,98,99,98,88,88,0,0,0,1,0
48,481335,1,1,0,1,1,8,8,257,2430,29,5,2016,1,22,30,1,2,2,98,2,"US-80","",22,32.76659167,-96.48581944,0,8,0,0,1,1,0,1,2,10,0,10,0,"0000000",99,98,99,98,88,88,0,0,0,1,0
48,481336,2,2,0,0,0,2,2,265,0,29,5,2016,1,12,45,0,1,5,98,8,"FM 1340","",172,30.06360833,-99.39091667,0,1,0,0,1,1,0,1,1,1,0,1,0,"0000000",12,55,13,10,14,12,0,0,0,1,0
48,481337,2,2,0,0,0,8,8,297,0,29,5,2016,1,12,53,1,1,3,98,2,"US-59","FM 624",291,28.10466389,-98.32452778,0,12,6,0,2,2,0,1,1,10,0,10,0,"0000000",99,99,99,99,99,99,0,0,0,1,0
48,481338,1,1,0,0,0,2,2,423,0,29,5,2016,1,2,20,0,2,5,98,8,"FM 2493","",93,32.22246667,-95.35109722,0,42,0,0,1,1,0,4,2,1,0,1,0,"0000000",2,15,2,22,2,56,0,0,0,1,1
48,481339,2,2,0,0,0,6,6,59,0,30,5,2016,2,13,35,0,1,5,98,8,"FM 18","FM 603",10,32.41085278,-99.56189722,0,12,6,0,2,2,0,1,1,1,0,1,0,"0000000",13,35,13,38,14,17,0,0,0,1,0
48,481340,1,1,0,0,0,1,1,201,3280,30,5,2016,2,18,52,1,2,2,98,3,"SR-225 LA PORTE FWY","",55,29.70677222,-95.25071667,0,25,0,0,1,1,0,4,1,1,0,1,0,"0000000",18,57,19,12,19,22,0,0,0,1,0
48,481341,1,1,0,0,0,1,1,255,0,30,5,2016,2,10,27,0,8,98,98,4,"CR-182","",0,28.73548889,-97.95405,0,1,0,0,1,1,1,1,1,10,0,10,0,"0000000",99,98,99,98,88,88,0,0,0,1,0
48,481342,3,3,0,0,0,3,3,135,0,31,5,2016,3,12,13,1,2,3,98,2,"US-385","SL338",141,31.96028056,-102.40999722,0,12,6,0,2,2,0,1,1,1,0,1,0,"0000000",12,21,12,27,12,47,0,0,0,1,0
48,481343,2,2,0,0,0,3,3,201,3280,31,5,2016,3,23,45,0,8,98,98,6,"POST OAK LN","LONGMONT",0,29.75572222,-95.46317778,0,12,6,0,2,3,0,1,3,10,0,10,0,"0000000",23,47,0,6,0,30,0,0,0,1,1
48,481344,2,2,0,0,0,2,2,251,3593,31,5,2016,3,15,20,1,2,3,98,2,"US-67 KATHERINE P RAINS","",9,32.38570556,-97.34389444,0,12,6,0,1,1,1,2,1,10,0,10,0,"0000000",15,18,15,27,15,53,0,0,0,1,0
48,481346,4,2,2,0,1,2,3,245,490,1,6,2016,4,0,48,1,2,2,98,2,"US-69 EASTEX FWY","",34,30.10475,-94.13684444,0,12,1,0,1,1,1,1,3,10,0,10,0,"0000000",99,98,99,98,88,88,14,19,0,1,1
48,481348,2,2,0,0,0,2,2,183,4080,2,6,2016,5,13,6,1,2,3,98,2,"US-80 MARSHALL AVE","",83,32.51118611,-94.82336667,0,12,1,0,8,1,0,1,1,2,0,2,0,"0000000",13,12,13,20,13,40,0,0,0,1,0
48,481349,1,1,0,1,1,1,1,201,3280,2,6,2016,5,4,40,1,2,3,98,8,"BU90U BEAUMONT HWY","",263,29.81833889,-95.24352778,0,8,0,0,1,1,0,1,2,2,0,2,0,"0000000",99,98,99,98,88,88,0,0,0,1,0
48,481350,1,1,0,0,0,1,1,491,330,2,6,2016,5,1,26,0,8,98,98,6,"LAKELINE MALL DR","",0,30.47324444,-97.80407778,0,59,0,0,1,1,0,4,2,1,0,1,0,"0000000",1,27,1,33,1,59,0,0,0,1,1
48,481351,1,1,0,1,1,2,2,201,0,3,6,2016,6,13,58,0,8,98,98,4,"CR-MONTGOMERY RD","",0,29.887125,-95.45308889,0,8,0,0,8,1,0,1,1,10,0,10,0,"0000000",99,98,99,98,88,88,0,0,0,1,0
48,481352,1,1,0,1,1,1,1,439,260,4,6,2016,7,23,53,0,8,98,98,6,"PARK ROW DR","",0,32.72090556,-97.08270278,0,8,0,0,1,1,0,1,3,1,0,1,0,"0000000",99,98,99,98,88,88,0,0,0,1,0
48,481353,1,1,0,0,0,1,1,85,5390,5,6,2016,1,20,13,0,8,98,98,6,"MIDWAY RD","PELICAN BAY DR",0,33.03413611,-96.83870556,0,33,0,0,3,3,0,3,1,1,0,1,0,"0000000",99,98,99,98,88,88,0,0,0,1,1
48,481354,2,2,0,0,0,2,2,113,1730,5,6,2016,1,9,15,1,2,3,98,8,"SL12 LEDBETTER DR","HAMPTON RD",70,32.69131389,-96.85699167,0,12,6,0,2,2,0,1,1,1,0,1,0,"0000000",99,99,99,99,99,99,0,0,0,1,0
48,481355,1,1,0,0,0,1,1,147,0,6,6,2016,2,2,0,0,1,6,98,8,"FM2456","",22,33.41303889,-95.89849722,0,11,0,0,1,1,0,1,2,1,0,1,0,"0000000",99,98,99,98,88,88,0,0,0,1,0