"STATE","ST_CASE","VE_TOTAL","VE_FORMS","PVH_INVL","PEDS","PERNOTMVIT","PERMVIT","PERSONS","COUNTY","CITY","DAY","MONTH","YEAR","DAY_WEEK","HOUR","MINUTE","NHS","RUR_URB","FUNC_SYS","RD_OWNER","ROUTE","TWAY_ID","TWAY_ID2","MILEPT","LATITUDE","LONGITUD","SP_JUR","HARM_EV","MAN_COLL","RELJCT1","RELJCT2","TYP_INT","WRK_ZONE","REL_ROAD","LGT_COND","WEATHER1","WEATHER2","WEATHER","SCH_BUS","RAIL","NOT_HOUR","NOT_MIN","ARR_HOUR","ARR_MIN","HOSP_HR","HOSP_MN","CF1","CF2","CF3","FATALS","DRUNK_DR"
48,481356,1,1,0,1,1,1,1,29,6090,22,4,2016,6,10,11,0,8,98,98,6,"GEN MCMULLEN","COMMERCE ST",0,29.43093056,-98.55396667,0,9,0,0,3,2,0,1,1,1,0,1,0,"0000000",99,99,99,99,99,99,0,0,0,1,0
48,481357,2,2,0,0,0,3,3,29,6090,22,4,2016,6,12,59,1,2,2,98,7,"US-90","SL1604",64,29.383725,-98.70120556,0,12,2,1,2,2,0,1,1,1,0,1,0,"0000000",99,99,99,99,99,99,0,0,0,1,0
48,481358,1,1,0,0,0,1,1,113,2590,20,5,2016,6,1,13,1,2,1,1,1,"I-635 LBJ FWY","",124,32.86465556,-96.66270833,0,52,0,1,19,1,0,10,2,10,0,10,0,"0000000",99,98,99,98,88,88,0,0,0,1,1
48,481359,2,2,0,0,0,4,4,353,0,25,5,2016,4,14,50,0,1,4,98,3,"SR-70","",127,32.31380556,-100.34352778,0,12,2,0,1,1,0,1,1,1,0,1,0,"0000000",99,99,99,99,99,99,0,0,0,1,0
48,481360,1,1,0,0,0,2,2,239,0,28,5,2016,7,1,38,1,1,3,98,2,"US-59","",159,28.93958611,-96.72318611,0,1,0,0,1,1,0,4,2,10,0,10,0,"0000000",99,99,99,99,99,99,0,0,0,1,1
48,481361,4,4,0,0,0,6,6,201,3320,29,5,2016,1,22,24,1,2,1,1,1,"I-69","",22,30.01573611,-95.26281944,0,12,1,0,1,1,0,1,3,1,0,1,0,"0000000",22,35,22,48,23,22,14,0,0,1,1
48,481362,1,1,0,0,0,2,2,395,0,29,5,2016,1,21,13,0,8,98,98,4,"CR-BOONE PRAIRIE RD","",0,31.14175,-96.48996944,0,18,0,0,1,1,0,1,2,1,0,1,0,"0000000",99,99,99,99,99,99,0,0,0,1,0
48,481363,1,1,0,0,0,2,2,29,6090,30,5,2016,2,6,0,0,8,98,98,6,"COMMERCE ST","",0,29.41978611,-98.43955,0,25,0,0,1,1,1,4,3,10,0,10,0,"0000000",99,99,99,99,99,99,0,0,0,1,0
48,481364,1,1,0,1,1,1,1,99,0,2,6,2016,5,16,40,0,1,5,98,8,"FM 1829","",40,31.37151944,-97.62871111,0,8,0,0,1,1,0,4,1,10,0,10,0,"0000000",16,43,16,54,17,47,0,0,0,1,0
48,481365,1,1,0,0,0,1,1,113,2590,3,6,2016,6,21,47,1,2,1,1,7,"I-30","SR-190/GEORGE BUSH HWY",294,32.85661944,-96.55416667,0,25,0,1,3,3,0,4,3,1,0,1,0,"0000000",21,47,21,51,22,17,0,0,0,1,1
48,481366,1,1,0,1,1,4,4,121,1840,4,6,2016,7,1,41,1,2,3,98,8,"SL 288","",23,33.19815556,-97.09131667,0,8,0,0,1,1,0,1,3,10,0,10,0,"0000000",99,98,99,98,88,88,0,0,0,1,0
48,481367,2,2,0,0,0,3,3,339,0,4,6,2016,7,20,20,1,1,3,98,3,"SR-105","",100,30.38328889,-95.6548,0,12,6,0,8,1,0,1,2,10,0,10,0,"0000000",99,99,99,99,99,99,0,0,0,2,1
48,481368,1,1,0,0,0,2,2,201,3280,5,6,2016,1,0,43,0,8,98,98,6,"AIRLINE DR","",0,29.87203333,-95.38489722,0,33,0,0,1,1,0,3,3,10,0,10,0,"0000000",0,43,0,54,1,19,0,0,0,1,1
48,481369,1,1,0,0,0,4,4,331,0,5,6,2016,1,21,46,1,1,3,98,2,"US-79","",30,30.80351944,-96.69578889,0,59,0,0,1,1,0,4,2,1,0,1,0,"0000000",99,99,99,99,99,99,0,0,0,1,0
48,481370,2,2,0,0,0,2,2,439,5745,8,6,2016,4,8,12,1,2,3,98,3,"SR-183/BAKER BLVD","",12,32.80907222,-97.22912222,0,12,1,0,1,1,0,1,1,1,0,1,0,"0000000",99,98,99,98,88,88,20,0,0,1,0
48,481371,1,1,0,0,0,3,3,139,4570,8,5,2016,1,0,11,0,8,98,98,4,"CR-JUDY RD","",0,32.52228889,-96.91239167,0,32,0,0,1,1,0,4,3,1,0,1,0,"0000000",1,3,1,21,1,37,0,0,0,1,0
48,481372,3,2,1,0,0,5,5,113,2590,21,5,2016,7,15,28,0,8,98,98,6,"BROADWAY BLVD","",0,32.84888889,-96.59722222,0,12,7,0,1,1,0,1,1,1,0,1,0,"0000000",15,25,15,45,16,0,14,0,0,1,0
48,481373,2,2,0,0,0,4,4,423,0,28,5,2016,7,1,30,1,1,1,1,1,"I-20","",12,32.49630278,-95.57227778,0,12,1,0,1,1,0,1,2,1,0,1,0,"0000000",99,98,99,98,88,88,0,0,0,2,0
48,481374,1,1,0,1,1,1,1,29,6090,6,6,2016,2,0,18,0,8,98,98,6,"RITTIMAN RD","",0,29.48406389,-98.40144167,0,8,0,0,1,1,0,1,3,1,0,1,0,"0000000",99,98,99,98,88,88,0,0,0,1,0
48,481376,1,1,0,1,1,3,3,113,2590,7,6,2016,3,22,20,1,2,1,1,1,"I-30","",268,32.83955833,-96.59653333,0,8,0,1,18,1,0,1,3,1,0,1,0,"0000000",22,20,22,29,88,88,0,0,0,1,0
48,481378,1,1,0,1,1,1,1,85,5730,8,6,2016,4,6,15,1,2,2,98,2,"US-75/CENTRAL EXPY","",139,32.99462222,-96.70942778,0,8,0,0,1,1,0,1,4,1,0,1,0,"0000000",99,98,99,98,88,88,0,0,0,1,0
48,481379,2,2,0,0,0,2,2,183,4080,8,6,2016,4,20,46,1,2,3,98,8,"SL 281","",23,32.53305556,-94.77107222,0,33,0,0,1,1,0,3,3,1,0,1,0,"0000000",99,99,99,99,99,99,0,0,0,1,1
48,481380,1,1,0,0,0,52,52,479,0,14,5,2016,7,11,21,1,1,3,98,2,"US-83","",46,28.13921944,-99.59591944,0,1,0,0,1,1,0,4,1,2,0,2,0,"0000000",11,58,12,38,13,38,0,0,0,9,0
48,481382,1,1,0,2,2,1,1,141,2190,20,5,2016,6,19,53,1,2,3,98,3,"SR-20/ALAMEDA","",312,31.70024167,-106.34006111,0,8,0,0,1,1,0,1,1,1,0,1,0,"0000000",19,54,19,55,20,23,0,0,0,1,0
48,481384,2,2,0,0,0,3,3,435,0,26,5,2016,5,14,58,1,1,1,1,1,"I-10","",400,30.45133056,-100.17488889,0,12,1,0,1,1,0,1,1,1,0,1,0,"0000000",15,8,15,54,16,30,0,0,0,1,0
48,481385,3,3,0,0,0,4,4,21,460,27,5,2016,6,11,50,1,2,3,98,3,"SR-71","TAHITIAN DR/LOOP 150",162,30.10229444,-97.28431389,0,12,6,0,2,3,1,1,1,2,0,2,0,"0000000",99,98,99,98,88,88,0,0,0,1,0
48,481386,2,2,0,0,0,3,3,453,330,29,5,2016,1,9,39,0,2,4,98,8,"FM 1325/BURNET RD","BRAKER LN",52,30.39106389,-97.72185278,0,12,6,0,2,2,0,1,1,10,0,10,0,"0000000",9,13,9,22,9,36,0,0,0,1,0
48,481387,2,2,0,0,0,3,3,189,0,30,5,2016,2,22,53,1,1,1,1,1,"I-27","",95,33.96021944,-101.8535,0,12,6,0,1,1,0,1,2,2,0,2,0,"0000000",22,58,23,8,23,57,0,0,0,1,1
48,481388,2,2,0,0,0,3,3,361,0,30,5,2016,2,23,29,0,1,5,98,8,"FM 1442","CR-CAJUN WAY/JAPANESE WAY",86,30.09333889,-93.90511944,0,12,6,0,2,2,0,1,2,1,0,1,0,"0000000",99,99,99,99,99,99,0,0,0,1,0
48,481390,1,1,0,1,1,1,1,201,3280,2,6,2016,5,3,30,1,2,1,1,1,"I-610/NORTH LP","",121,29.80096944,-95.27780556,0,8,0,1,17,1,0,1,3,10,0,10,0,"0000000",99,98,99,98,88,88,0,0,0,1,0
48,481391,2,2,0,0,0,3,3,231,0,3,6,2016,6,9,19,0,1,4,98,2,"US-69","CR-1180",19,33.27028611,-96.18614167,0,12,6,0,2,3,0,1,1,10,0,10,0,"0000000",9,15,9,31,9,52,0,0,0,2,0
48,481392,2,2,0,0,0,5,5,459,0,3,6,2016,6,23,2,0,1,5,98,3,"SR-154","",57,32.74645,-95.05654722,0,12,2,0,1,1,0,1,2,10,0,10,0,"0000000",23,2,23,11,0,10,0,0,0,2,1
48,481393,2,2,0,1,1,2,2,453,0,4,6,2016,7,4,29,1,2,1,1,1,"I-35","",10,30.44930556,-97.66692222,0,8,0,0,1,1,0,1,3,10,0,10,0,"0000000",99,98,99,98,88,88,0,0,0,1,0
48,481394,2,2,0,0,0,5,5,223,0,5,6,2016,1,6,37,1,1,3,98,3,"SR-19","",55,33.2758,-95.5845,1,59,0,0,1,1,0,4,1,1,0,1,0,"0000000",6,39,6,49,7,33,0,0,0,1,0
48,481395,1,1,0,0,0,3,3,225,0,5,6,2016,1,15,30,0,1,4,98,3,"SR-7","",59,31.2928,-95.57330556,0,59,0,0,1,1,0,4,1,1,0,1,0,"0000000",99,99,99,99,99,99,0,0,0,1,0
48,481396,1,1,0,0,0,1,1,49,0,6,6,2016,2,7,3,0,8,98,98,4,"CR-213","",0,31.50776389,-99.08334722,0,1,0,0,1,1,0,4,1,1,0,1,0,"0000000",10,0,10,14,14,55,0,0,0,1,0
48,481397,2,2,0,0,0,4,4,343,0,6,6,2016,2,14,6,0,1,4,98,2,"US-259","CR-4200",155,33.09425833,-94.70724444,0,12,6,0,2,3,0,1,1,1,0,1,0,"0000000",99,99,99,99,99,99,0,0,0,1,0
48,481398,1,1,0,0,0,2,2,1,1223,7,6,2016,3,1,20,0,1,4,98,2,"US-287","",46,31.95819722,-95.9828,0,42,0,0,1,1,0,4,2,10,0,10,0,"0000000",99,99,99,99,99,99,0,0,0,1,0
48,481399,2,2,0,0,0,4,4,201,0,7,6,2016,3,8,32,1,2,2,98,3,"SR-249 MOUNT HOUSTON RD","",213,29.89779722,-95.44219722,0,12,6,0,1,1,0,1,1,1,0,1,0,"0000000",8,32,8,37,9,0,0,0,0,1,0
48,481400,2,2,0,0,0,5,5,251,0,7,6,2016,3,20,19,0,2,5,98,8,"FM1902","CR-920",5,32.54594722,-97.425225,0,12,6,0,2,2,0,1,1,1,0,1,0,"0000000",20,20,20,31,21,32,0,0,0,1,0
48,481401,4,4,0,0,0,4,4,471,0,8,6,2016,4,19,20,0,1,4,98,3,"SR-30","",119,30.69626944,-95.64241667,0,12,8,0,1,1,0,1,1,1,0,1,0,"0000000",19,40,20,2,20,53,0,0,0,1,0
48,481402,2,2,0,0,0,2,2,15,0,9,6,2016,5,13,52,1,1,1,1,1,"I-10","",141,29.77278889,-96.07009444,0,12,6,0,1,1,0,1,1,10,0,10,0,"0000000",99,98,99,98,88,88,0,0,0,1,0
48,481403,2,2,0,0,0,2,2,423,7070,9,6,2016,5,7,50,1,2,3,98,8,"SL323","",194,32.38488056,-95.32238056,0,12,99,0,1,1,0,1,1,1,0,1,0,"0000000",99,98,99,98,88,88,0,0,0,1,0
48,481404,2,2,0,0,0,3,3,39,2490,10,6,2016,6,9,0,1,2,3,98,3,"SR-288 BRAZOSPORT BLVD","",97,28.96810833,-95.37111111,0,12,2,0,1,1,0,1,1,1,0,1,0,"0000000",99,99,99,99,99,99,0,0,0,1,0
48,481405,2,2,0,0,0,2,2,41,970,10,6,2016,6,21,36,1,2,2,98,7,"SR-6 EARL RUDDER HWY","",44,30.69236389,-96.35386389,0,12,2,0,1,1,1,1,2,1,0,1,0,"0000000",21,37,21,44,22,6,19,0,0,1,1
48,481407,2,2,0,0,0,4,4,339,6884,10,6,2016,6,18,30,0,8,98,98,4,"CR-WOODLANDS PKWY","CR-FOREST GATE DR",0,30.18157222,-95.54360833,0,12,6,0,2,2,0,1,1,1,0,1,0,"0000000",99,99,99,99,99,99,0,0,0,1,0
48,481408,3,3,0,0,0,5,5,347,0,10,6,2016,6,18,5,1,1,3,98,2,"US-59","FM2864",132,31.70852222,-94.63360556,0,12,6,0,2,3,0,1,1,1,0,1,0,"0000000",18,0,18,7,18,30,0,0,0,1,0
48,481409,2,2,0,0,0,3,3,441,30,10,6,2016,6,8,22,0,8,98,98,6,"CLINTON ST","AMBLER AVE",0,32.47443889,-99.74278056,0,12,6,0,2,2,0,1,1,1,0,1,0,"0000000",99,99,99,99,99,99,0,0,0,1,0
48,481410,1,1,0,1,1,4,4,29,6090,11,6,2016,7,22,39,1,2,2,98,7,"SL1604","GOLD CANYON RD",288,29.60577222,-98.45766667,0,8,0,1,18,1,0,1,3,1,0,1,0,"0000000",99,99,99,99,99,99,0,0,0,1,0
48,481411,1,1,0,1,1,1,1,201,3280,11,6,2016,7,0,10,0,8,98,98,6,"SAN JACINTO ST","HADLEY ST",0,29.74623333,-95.37086944,0,8,0,0,2,2,0,1,3,1,0,1,0,"0000000",99,98,99,98,88,88,0,0,0,1,0
48,481412,1,1,0,0,0,1,1,329,4560,11,6,2016,7,22,26,1,2,1,1,7,"I-20","",120,31.96353056,-102.11117778,0,1,0,0,1,1,0,10,2,1,0,1,0,"0000000",99,98,99,98,88,88,0,0,0,1,1
48,481413,2,2,0,0,0,2,2,93,1480,12,6,2016,1,19,25,0,1,5,98,3,"SR-16 AUSTIN ST","WRIGHTS AVE",160,31.90553333,-98.60359167,0,12,6,0,2,3,0,1,1,1,0,1,0,"0000000",99,98,99,98,88,88,0,0,0,1,0
48,481414,1,1,0,0,0,4,4,221,6960,12,6,2016,1,20,0,0,1,5,98,8,"FM56 TOLAR HWY","",56,32.39328611,-97.92293889,0,38,0,0,1,1,0,5,1,1,0,1,0,"0000000",20,9,20,24,21,11,0,0,0,1,1
48,481415,1,1,0,0,0,1,1,439,2450,13,6,2016,2,0,56,1,2,1,1,1,"I-820","",323,32.71999167,-97.22508611,0,24,0,0,1,1,0,4,3,1,0,1,0,"0000000",99,98,99,98,88,88,0,0,0,1,1
48,481416,1,1,0,0,0,1,1,459,0,13,6,2016,2,11,35,0,1,4,98,2,"US-259","",162,32.68369444,-94.75010833,0,42,0,0,1,1,0,4,1,2,0,2,0,"0000000",99,98,99,98,88,88,0,0,0,1,1
48,481417,1,1,0,2,2,1,1,215,50,15,4,2016,6,21,22,1,2,1,1,7,"I-2","",310,26.19253611,-98.12908333,0,8,0,0,1,1,0,1,3,1,0,1,0,"0000000",21,37,21,43,22,10,15,0,0,1,0
48,481418,1,1,0,0,0,5,5,453,4290,8,5,2016,1,13,55,1,1,3,98,2,"US-290","",152,30.35151944,-97.46411111,0,1,0,0,1,1,0,3,1,2,0,2,0,"0000000",13,54,14,8,14,31,0,0,0,2,0
48,481419,2,2,0,0,0,2,2,455,7020,10,5,2016,3,21,14,0,1,4,98,3,"SR-19 PROSPECT DR","ROBB ST",91,30.95076944,-95.37544167,0,12,2,0,3,4,0,1,2,1,0,1,0,"0000000",99,99,99,99,99,99,0,0,0,1,1
48,481420,3,3,0,0,0,3,3,29,6090,20,5,2016,6,13,17,1,2,1,1,1,"I-410","",114,29.46459722,-98.62029167,0,12,1,0,1,1,0,1,1,1,0,1,0,"0000000",99,99,99,99,99,99,23,0,0,1,0
48,481421,1,1,0,0,0,1,1,113,3880,22,5,2016,1,8,0,1,2,1,1,1,"I-20","",151,32.64205,-96.80263333,0,1,0,1,19,1,0,10,1,10,0,10,0,"0000000",8,1,8,6,8,24,0,0,0,1,0
48,481422,1,1,0,1,1,1,1,453,330,22,5,2016,1,17,5,0,8,98,98,6,"CAMERON RD","BRIARCLIFF BLVD",0,30.31723889,-97.69966944,0,8,0,0,2,2,0,1,1,1,0,1,0,"0000000",17,7,17,13,17,22,0,0,0,1,0
48,481423,1,1,0,1,1,1,1,89,1470,26,5,2016,5,10,30,0,1,6,98,8,"FM 806 CARDINAL LN","",5,29.69821389,-96.56286944,0,8,0,0,1,1,0,1,1,10,0,10,0,"0000000",10,28,10,31,10,52,0,0,0,1,0
48,481424,1,1,0,1,1,2,2,303,4140,1,6,2016,4,22,12,1,2,3,98,2,"US-84 AVENUE Q","41ST ST",31,33.55679444,-101.85541111,0,8,0,0,3,2,0,1,3,10,0,10,0,"0000000",99,98,99,98,88,88,0,0,0,1,0
48,481425,2,2,0,0,0,3,3,39,4306,5,6,2016,1,1,50,1,2,2,98,3,"SR-288","",59,29.51463611,-95.38739167,0,12,2,0,1,1,0,1,3,1,0,1,0,"0000000",1,58,2,9,2,47,0,0,0,2,0
48,481427,1,1,0,0,0,1,1,439,2450,6,6,2016,2,23,24,0,8,98,98,6,"30TH ST","",0,32.79928889,-97.35777778,0,44,0,0,1,1,0,1,2,1,0,1,0,"0000000",23,24,23,32,0,14,0,0,0,1,0
48,481428,1,1,0,1,1,1,1,139,7270,7,6,2016,3,21,45,0,2,4,98,2,"US-77","",300,32.35078611,-96.85421111,0,8,0,0,1,1,0,1,2,1,0,1,0,"0000000",99,98,99,98,88,88,0,0,0,1,0
48,481429,3,3,0,0,0,5,5,321,0,7,6,2016,3,14,21,0,1,5,98,3,"SR-60","FM 521",236,28.81444444,-95.93276111,0,12,1,0,2,3,0,1,1,2,0,2,0,"0000000",99,99,99,99,99,99,0,0,0,1,0
48,481430,1,1,0,0,0,1,1,41,0,8,6,2016,4,21,0,0,8,98,98,6,"WILCOX LN","",0,30.74944167,-96.35530278,0,11,0,0,1,1,0,1,2,1,0,1,0,"0000000",99,98,99,98,88,88,0,0,0,1,0
48,481431,2,2,0,0,0,3,3,491,6780,10,6,2016,6,19,12,1,2,3,98,3,"SR-95/MAIN STREET","",156,30.59391111,-97.41365,0,12,6,0,8,1,0,1,1,1,0,1,0,"0000000",19,11,19,19,20,13,0,0,0,1,0
48,481432,2,2,0,0,0,2,2,491,0,11,6,2016,7,3,25,1,2,4,98,3,"SR-195","",199,30.72721111,-97.67481944,0,12,2,0,1,1,0,1,2,1,0,1,0,"0000000",99,98,99,98,88,88,0,0,0,2,1
48,481433,1,1,0,0,0,1,1,1,0,13,6,2016,2,6,0,0,1,5,98,8,"SP-324","",5,31.83168889,-95.83168056,0,1,0,0,1,1,0,5,4,2,0,2,0,"0000000",99,98,99,98,88,88,5,0,0,1,0
48,481434,2,2,0,0,0,3,3,309,7210,13,6,2016,2,12,6,0,8,98,98,6,"NEW RD","",0,31.52224167,-97.169,0,12,6,0,8,1,0,1,1,1,0,1,0,"0000000",12,9,12,12,12,25,0,0,0,1,0
48,481435,1,1,0,1,1,1,1,29,6090,15,6,2016,4,17,51,0,8,98,98,6,"HACKBERRY ST","SHERMAN",0,29.43389444,-98.47328333,0,9,0,0,2,2,0,1,1,1,0,1,0,"0000000",99,99,99,99,99,99,0,0,0,1,0
48,481436,1,1,0,0,0,1,1,29,0,16,6,2016,5,2,36,1,1,3,98,2,"US-281","",38,29.68036944,-98.45376111,0,42,0,0,1,1,0,4,3,1,0,1,0,"0000000",99,98,99,98,88,88,0,0,0,1,0
48,481437,1,1,0,0,0,3,3,265,0,10,6,2016,6,13,51,1,1,1,1,1,"I-10","",314,29.99333056,-98.93216944,0,1,0,0,1,1,0,4,1,10,0,10,0,"0000000",14,22,14,44,15,16,0,0,0,1,0
48,481438,2,2,0,0,0,2,2,257,1590,11,2,2016,5,23,32,1,1,3,98,2,"US-175","",152,32.62631944,-96.44602778,0,12,2,0,1,1,0,1,2,1,0,1,0,"0000000",99,98,99,98,88,88,0,0,0,2,2
48,481439,2,1,1,1,1,2,2,479,3899,19,2,2016,6,17,46,0,8,98,98,6,"BURKE DR","",0,27.5785,-99.46298611,0,14,0,0,1,1,0,7,1,1,0,1,0,"0000000",17,46,17,57,18,8,15,0,0,1,0
48,481440,1,1,0,1,1,3,3,479,3899,16,5,2016,2,22,50,1,2,3,98,8,"FM 1472/MINES RD","",166,27.58623611,-99.51017778,0,8,0,0,1,1,0,1,3,1,0,1,0,"0000000",99,99,99,99,99,99,0,0,0,1,0
48,481441,1,1,0,0,0,1,1,187,0,30,5,2016,2,21,7,0,1,4,98,8,"FM 78","",121,29.58718056,-98.07988889,0,24,0,0,1,1,0,4,2,1,0,1,0,"0000000",99,98,99,98,88,88,0,0,0,1,1
48,481442,1,1,0,1,1,1,1,201,3280,2,6,2016,5,21,32,0,8,98,98,6,"LEE RD","",0,29.94276389,-95.30357778,0,8,0,0,1,1,0,1,2,10,0,10,0,"0000000",99,98,99,98,88,88,0,0,0,1,0
48,481443,2,2,0,0,0,3,3,85,0,5,6,2016,1,21,11,0,1,4,98,3,"SR-78","",218,33.10093889,-96.41138056,0,12,2,0,1,1,1,1,2,1,0,1,0,"0000000",99,99,99,99,99,99,0,0,0,2,2
48,481444,2,2,0,0,0,2,2,423,7070,7,6,2016,3,4,50,1,1,3,98,3,"SR-31","",46,32.33079722,-95.39411667,0,12,6,0,7,1,0,1,2,1,0,1,0,"0000000",4,54,5,3,5,58,0,0,0,1,0
48,481445,1,1,0,0,0,1,1,41,1440,10,6,2016,6,19,51,1,2,2,98,3,"SR-9/EARL RUDDER FWY","",128,30.59239167,-96.29042222,0,23,0,1,5,1,0,10,1,1,0,1,0,"0000000",19,51,19,56,20,4,0,0,0,1,1
48,481446,1,1,0,0,0,2,2,121,9997,11,6,2016,7,21,32,0,1,4,98,8,"FM 455","",64,33.35768889,-97.28205,0,42,0,0,1,1,0,4,2,10,0,10,0,"0000000",21,37,22,0,22,33,0,0,0,1,0
48,481447,2,2,0,0,0,5,5,225,0,13,6,2016,2,5,55,0,1,4,98,2,"US-287","",211,31.56178056,-95.49061944,0,12,6,0,1,1,0,1,4,2,0,2,0,"0000000",6,5,6,9,99,99,0,0,0,1,0
48,481448,1,1,0,0,0,1,1,339,1510,14,6,2016,3,16,17,0,8,98,98,6,"AVENUE M EXTENSION","",0,30.30838056,-95.41905278,0,42,0,0,1,1,0,4,1,1,0,1,0,"0000000",99,98,99,98,88,88,0,0,0,1,0
48,481449,3,3,0,0,0,3,3,221,0,15,6,2016,4,18,55,0,1,5,98,8,"FM 51","",67,32.4937,-97.7961,0,12,7,0,1,1,1,1,1,1,0,1,0,"0000000",13,25,13,38,14,15,0,0,0,1,0
48,481450,1,1,0,0,0,1,1,215,5330,16,6,2016,5,23,49,0,8,98,98,6,"VETERANS BLVD","",0,26.12083333,-98.17977222,0,43,0,0,1,1,0,4,2,1,0,1,0,"0000000",99,98,99,98,88,88,0,0,0,1,0
48,481451,2,2,0,0,0,2,2,441,30,16,6,2016,5,12,28,1,2,2,98,7,"US-83 DANVILLE DR","SOUTHWEST DR",28,32.41303056,-99.77424444,0,46,0,1,3,2,0,8,1,1,0,1,0,"0000000",99,99,99,99,99,99,14,0,0,1,0
48,481452,1,1,0,0,0,1,1,479,3899,13,3,2016,1,18,4,1,2,1,1,7,"I-35 SANTA MARIA","",52,27.56966111,-99.50354167,0,21,0,1,19,1,0,10,1,1,0,1,0,"0000000",99,98,99,98,88,88,0,0,0,1,0
48,481453,2,2,0,0,0,2,2,113,7520,16,4,2016,7,3,16,1,2,1,1,1,"I-45","",37,32.59792222,-96.682625,0,25,0,0,1,1,0,3,2,10,0,10,0,"0000000",99,98,99,98,88,88,0,0,0,1,1
48,481454,1,1,0,0,0,2,2,479,3899,19,4,2016,3,2,14,0,8,98,98,6,"DEL MAR BLVD","",0,27.57779167,-99.46331944,0,38,0,0,1,1,0,4,3,4,0,4,0,"0000000",2,50,2,55,3,23,0,0,0,1,1
48,481455,1,1,0,0,0,1,1,479,3899,28,4,2016,5,3,17,0,2,3,98,8,"SL-20 CUATRO VIENTOS BLVD","LOMAS DEL SUR BLVD",123,27.46209444,-99.45201389,0,46,0,0,3,3,0,8,2,1,0,1,0,"0000000",99,98,99,98,88,88,0,0,0,1,1
48,481456,1,1,0,0,0,2,2,141,2190,30,4,2016,7,1,1,0,8,98,98,6,"SAN MARCIAL","DOUGLASS",0,31.7866,-106.45836667,0,43,0,0,1,1,0,5,3,1,0,1,0,"0000000",1,6,1,12,1,24,0,0,0,1,1
48,481457,1,1,0,0,0,2,2,201,0,3,5,2016,3,20,55,0,8,98,98,4,"CR-TREASCHWIG RD","",0,30.03522222,-95.36497222,0,38,0,0,1,1,0,5,2,10,0,10,0,"0000000",99,99,99,99,99,99,0,0,0,1,0
48,481458,6,6,0,0,0,12,12,113,1730,21,5,2016,7,16,55,1,2,1,1,1,"I-635 LBJ FWY","",92,32.92569167,-96.81364167,0,12,6,1,18,1,0,1,1,10,0,10,0,"0000000",99,99,99,99,88,88,14,0,0,1,1
48,481459,12,12,0,0,0,18,18,141,2190,23,5,2016,2,18,11,1,2,1,1,1,"I-10","",140,31.81458333,-106.5492,0,12,6,1,18,1,0,1,1,1,0,1,0,"0000000",18,13,18,20,18,49,0,0,0,2,0
48,481460,2,2,0,0,0,4,4,143,6590,26,5,2016,5,10,12,0,2,4,98,2,"US-281 EAST RD","US-377",223,32.21603611,-98.18754167,0,12,6,0,2,2,0,1,1,10,0,10,0,"0000000",10,13,10,17,10,40,0,0,0,1,0
48,481461,1,1,0,1,1,1,1,113,1730,3,6,2016,6,16,53,0,8,98,98,6,"LEMMON AVE","",0,32.82663889,-96.82275556,0,8,0,0,1,1,0,1,1,10,0,10,0,"0000000",99,99,99,99,99,99,0,0,0,1,0
48,481462,1,1,0,1,1,1,1,201,0,4,6,2016,7,2,0,1,2,5,98,8,"FM 2100","ULRICH RD",86,29.90232222,-95.063575,0,9,0,0,3,3,0,1,3,10,0,10,0,"0000000",99,99,99,99,99,99,0,0,0,1,0
48,481463,1,1,0,1,1,1,1,375,150,5,6,2016,1,4,40,1,2,1,1,7,"I-40","ALICE ST",149,35.19117222,-101.89979722,0,8,0,0,2,3,0,1,2,1,0,1,0,"0000000",99,99,99,99,99,99,0,0,0,1,0
48,481464,2,2,0,0,0,6,6,49,0,6,6,2016,2,20,11,1,1,3,98,2,"US-84","",235,31.72061389,-98.89410833,0,12,2,0,1,1,0,2,5,1,0,1,0,"0000000",99,99,99,99,99,99,0,0,0,2,0
48,481465,1,1,0,0,0,1,1,423,0,7,6,2016,3,23,14,0,8,98,98,4,"CR-4114","",0,32.55774444,-95.40808056,0,42,0,0,1,1,0,4,2,1,0,1,0,"0000000",99,98,99,98,88,88,0,0,0,1,1
48,481466,2,2,0,0,0,2,2,367,0,8,6,2016,4,16,41,0,8,98,98,4,"CR-CATTLEBARON DR","",0,32.77963333,-97.55464167,0,5,0,0,1,1,0,1,1,1,0,1,0,"0000000",99,98,99,98,88,88,14,0,0,1,0
48,481467,2,2,0,0,0,2,2,423,0,8,6,2016,4,12,58,1,1,1,1,7,"I-20","US-271",275,32.44120833,-95.13255833,0,12,6,1,2,2,0,1,1,1,0,1,0,"0000000",12,58,13,7,13,57,0,0,0,1,0
48,481468,2,2,0,0,0,2,2,489,0,8,6,2016,4,5,0,1,1,1,1,1,"I-69E","",224,26.44103056,-97.78456944,0,57,0,1,19,1,0,3,3,1,0,1,0,"0000000",99,99,99,99,99,99,0,0,0,1,0
48,481469,3,3,0,0,0,4,4,217,0,9,6,2016,5,13,30,0,1,5,98,3,"SR-171","",64,31.95615,-96.98757222,0,12,2,0,1,1,0,1,1,1,0,1,0,"0000000",13,37,13,52,14,34,0,0,0,2,0