"STATE","ST_CASE","VE_TOTAL","VE_FORMS","PVH_INVL","PEDS","PERNOTMVIT","PERMVIT","PERSONS","COUNTY","CITY","DAY","MONTH","YEAR","DAY_WEEK","HOUR","MINUTE","NHS","RUR_URB","FUNC_SYS","RD_OWNER","ROUTE","TWAY_ID","TWAY_ID2","MILEPT","LATITUDE","LONGITUD","SP_JUR","HARM_EV","MAN_COLL","RELJCT1","RELJCT2","TYP_INT","WRK_ZONE","REL_ROAD","LGT_COND","WEATHER1","WEATHER2","WEATHER","SCH_BUS","RAIL","NOT_HOUR","NOT_MIN","ARR_HOUR","ARR_MIN","HOSP_HR","HOSP_MN","CF1","CF2","CF3","FATALS","DRUNK_DR"
48,481470,1,1,0,0,0,2,2,245,490,9,6,2016,5,0,34,0,8,98,98,6,"10TH ST","HAZEL AVE",0,30.08881944,-94.12725833,0,42,0,0,3,2,0,4,3,1,0,1,0,"0000000",99,98,99,98,88,88,0,0,0,2,0
48,481471,2,2,0,0,0,4,4,339,0,9,6,2016,5,11,33,0,1,5,98,8,"FM 2854","",59,30.31717778,-95.63996667,0,12,6,0,1,1,0,1,1,10,0,10,0,"0000000",99,99,99,99,99,99,0,0,0,1,0
48,481472,1,1,0,1,1,1,1,113,1730,10,6,2016,6,23,45,1,2,3,98,3,"SR-352 ROBERT B. CULLUM BLVD","HAMILTON AVE",25,32.77023056,-96.75679722,0,8,0,0,3,3,0,1,3,1,0,1,0,"0000000",99,98,99,98,88,88,0,0,0,1,0
48,481473,1,1,0,1,1,1,1,469,7190,10,6,2016,6,23,7,1,2,3,98,8,"BU-77 NAVARRO ST","TRINITY ST",207,28.81126389,-96.99983889,0,8,0,0,2,2,0,1,2,1,0,1,0,"0000000",99,99,99,99,99,99,0,0,0,1,0
48,481474,2,2,0,0,0,2,2,215,2110,11,6,2016,7,21,39,1,2,1,1,1,"I-69 C","",298,26.323725,-98.14696389,0,12,2,1,18,1,0,1,3,10,0,10,0,"0000000",99,99,99,99,99,99,0,0,0,1,1
48,481475,2,2,0,0,0,5,5,293,0,11,6,2016,7,13,41,0,1,4,98,2,"US-84","CR-300",16,31.64388056,-96.85891667,0,12,6,0,2,3,0,1,1,1,0,1,0,"0000000",13,41,14,15,14,47,0,0,0,1,0
48,481476,2,2,0,0,0,2,2,313,0,11,6,2016,7,22,45,0,1,5,98,8,"FM 39","",108,30.87164722,-96.09798611,0,12,2,0,1,1,0,1,2,1,0,1,0,"0000000",99,98,99,98,88,88,0,0,0,1,0
48,481477,2,2,0,0,0,5,5,85,1730,12,6,2016,1,21,5,0,8,98,98,6,"TRINITY MILLS RD","",0,32.988275,-96.83621667,0,12,6,0,8,1,0,1,2,10,0,10,0,"0000000",99,99,99,99,99,99,0,0,0,1,0
48,481478,1,1,0,1,1,1,1,201,0,12,6,2016,1,23,55,1,2,3,98,3,"SR-6","",12,29.91409722,-95.62140556,0,8,0,1,18,1,0,1,2,1,0,1,0,"0000000",0,2,0,6,0,32,0,0,0,1,0
48,481479,2,2,0,0,0,3,3,387,0,12,6,2016,1,14,26,1,1,3,98,2,"US-82","",122,33.61413056,-95.11985,0,12,6,0,1,1,0,1,1,2,0,2,0,"0000000",99,99,99,99,99,99,0,0,0,2,0
48,481480,1,1,0,0,0,1,1,29,6090,13,6,2016,2,11,55,1,2,1,1,7,"I-410 LOOP","",94,29.43604444,-98.64336667,0,52,0,1,19,1,0,4,1,1,0,1,0,"0000000",99,99,99,99,99,99,0,0,0,1,0
48,481481,2,2,0,0,0,2,2,61,940,13,6,2016,2,15,55,0,8,98,98,6,"TULIPAN AVE","EAST AVE",0,25.89959444,-97.45776944,0,1,0,0,2,2,0,1,1,1,0,1,0,"0000000",15,57,16,4,16,18,0,0,0,1,0
48,481482,2,1,1,0,1,2,3,113,1539,13,6,2016,2,13,43,0,8,98,98,6,"SAM RAYBURN TLWY","",0,32.98617222,-96.98693889,0,25,0,0,1,1,0,3,1,1,0,1,0,"0000000",13,50,13,59,14,49,23,0,0,1,0
48,481483,2,2,0,0,0,3,3,25,0,15,6,2016,4,12,58,0,1,5,98,8,"FM673","CR-136",23,28.62349167,-98.00249444,0,12,6,1,2,2,0,1,1,1,0,1,0,"0000000",99,99,99,99,99,99,0,0,0,1,0
48,481484,2,2,0,0,0,2,2,91,0,15,6,2016,4,14,52,0,8,98,98,4,"CR-ACCESS RD","",0,29.86953611,-98.19600556,0,1,0,0,1,1,0,1,1,1,0,1,0,"0000000",15,7,15,14,15,54,14,0,0,1,0
48,481485,1,1,0,0,0,1,1,167,6860,15,6,2016,4,2,2,1,2,3,98,8,"SL197","",65,29.408175,-94.94148889,0,59,0,0,1,1,0,4,2,1,0,1,0,"0000000",99,98,99,98,88,88,0,0,0,1,1
48,481486,2,2,0,0,0,2,2,201,3280,15,6,2016,4,20,18,0,2,4,98,8,"FM525 ALDINE BENDER RD","LILLJA RD",13,29.93189722,-95.39098333,0,12,6,0,2,3,0,1,1,1,0,1,0,"0000000",99,99,99,99,99,99,0,0,0,1,0
48,481487,1,1,0,1,1,1,1,201,3280,15,6,2016,4,22,55,0,8,98,98,6,"GREENS RD","",0,29.95356389,-95.37849722,0,8,0,0,1,1,0,1,2,1,0,1,0,"0000000",99,98,99,98,88,88,0,0,0,1,0
48,481488,1,1,0,1,1,1,1,213,2938,15,6,2016,4,22,53,0,2,5,98,3,"SR-198","",23,32.31130556,-96.11223889,0,8,0,0,1,1,0,1,2,1,0,1,0,"0000000",99,98,99,98,88,88,0,0,0,1,0
48,481489,2,2,0,0,0,2,2,217,0,15,6,2016,4,6,2,0,1,5,98,8,"FM1713","",37,31.9778,-97.34860556,0,12,2,0,8,1,0,1,1,1,0,1,0,"0000000",99,98,99,98,88,88,0,0,0,1,0
48,481490,2,2,0,0,0,2,2,395,3070,15,6,2016,4,22,11,1,1,3,98,2,"US-79/190","",208,30.886225,-96.59809167,0,12,6,0,1,1,0,1,2,1,0,1,0,"0000000",99,99,99,99,99,99,0,0,0,1,0
48,481491,2,2,0,0,0,2,2,121,9997,16,6,2016,5,15,11,0,1,4,98,2,"US-377","",99,33.28152778,-96.98628611,0,12,6,0,8,1,0,1,1,1,0,1,0,"0000000",15,13,15,20,16,3,0,0,0,1,0
48,481492,2,2,0,0,0,3,3,201,3280,16,6,2016,5,0,6,1,2,1,1,1,"I-610","",70,29.68027778,-95.39488889,0,12,1,0,1,1,0,1,3,1,0,1,0,"0000000",0,13,0,29,0,41,0,0,0,2,1
48,481493,1,1,0,0,0,1,1,215,4197,16,6,2016,5,2,17,0,8,98,98,6,"MAIN ST","ZINNNIA AVE",0,26.25078611,-98.22646667,0,30,0,0,3,3,0,4,3,1,0,1,0,"0000000",2,16,2,21,2,48,0,0,0,1,1
48,481494,2,2,0,0,0,2,2,291,0,16,6,2016,5,6,27,0,1,4,98,2,"US-90","FM1413",27,29.98814167,-94.96568889,0,12,6,0,2,2,0,1,1,1,0,1,0,"0000000",6,38,6,55,7,20,0,0,0,1,0
48,481495,1,1,0,1,1,1,1,423,0,16,6,2016,5,3,20,1,1,1,1,1,"I-20","",301,32.43914167,-95.09121111,0,8,0,0,1,1,0,1,2,10,0,10,0,"0000000",99,98,99,98,88,88,0,0,0,1,0
48,481497,1,1,0,0,0,1,1,439,2450,17,6,2016,6,5,52,0,8,98,98,6,"LONG AVE","",0,32.80496111,-97.3626,0,44,0,0,1,1,0,1,1,1,0,1,0,"0000000",99,98,99,98,88,88,0,0,0,1,0
48,481498,3,3,0,0,0,8,8,37,6850,18,6,2016,7,14,26,1,2,1,1,1,"I-30","",371,33.45458611,-94.13384722,0,12,1,0,1,1,0,1,1,1,0,1,0,"0000000",14,28,14,33,14,53,19,0,0,2,0
48,481499,1,1,0,0,0,2,2,201,3280,18,6,2016,7,2,46,1,2,1,1,7,"I-20","",118,29.78446389,-95.62686944,0,25,0,0,1,1,0,10,3,1,0,1,0,"0000000",2,46,2,50,3,7,0,0,0,1,1
48,481501,2,2,0,0,0,2,2,41,970,20,6,2016,2,18,20,1,2,3,98,3,"SR-47","",63,30.59412778,-96.39142778,0,12,1,1,18,1,0,1,1,10,0,10,0,"0000000",18,22,18,29,18,48,0,0,0,1,0
48,481502,2,2,0,0,0,4,4,423,7070,21,6,2016,3,20,10,0,2,5,98,8,"FM756 PALUXY DR","",37,32.25463611,-95.27780556,0,12,2,0,1,1,0,1,5,1,0,1,0,"0000000",20,13,20,19,20,53,0,0,0,1,1
48,481503,1,1,0,1,1,1,1,439,2450,21,6,2016,3,3,47,1,2,1,1,7,"I-35W SOUTH FWY","",47,32.60791111,-97.32052778,0,8,0,0,1,1,0,10,2,1,0,1,0,"0000000",99,98,99,98,88,88,0,0,0,1,0
48,481504,1,1,0,0,0,1,1,201,9997,6,5,2016,6,2,53,1,2,2,98,3,"SR-288","",112,29.596275,-95.38622778,0,30,0,0,1,1,0,4,3,1,0,1,0,"0000000",99,98,99,98,88,88,0,0,0,1,0
48,481505,3,1,2,0,0,3,3,201,0,6,6,2016,2,23,21,0,8,98,98,4,"CR-HOLLYVALE DR","",0,29.91483889,-95.38639444,0,44,0,0,1,1,4,4,2,1,0,1,0,"0000000",23,23,23,37,0,5,0,0,0,1,1
48,481506,3,2,1,0,0,4,4,201,0,8,6,2016,4,23,49,1,2,1,1,1,"I-45","SR-99",476,30.09270278,-95.43576667,0,46,0,1,3,2,1,4,3,1,0,1,0,"0000000",23,50,0,1,0,20,0,0,0,1,1
48,481507,1,1,0,1,1,1,1,29,6090,12,6,2016,1,7,25,0,8,98,98,6,"NEW SULPHUR SPRINGS","",0,29.36716944,-98.37861389,0,8,0,0,1,1,0,2,6,10,0,10,0,"0000000",99,98,99,98,88,88,0,0,0,1,0
48,481508,1,1,0,0,0,1,1,343,0,12,6,2016,1,12,25,0,1,4,98,2,"US-259","",139,33.11553889,-94.697975,0,1,0,1,19,1,0,4,1,10,0,10,0,"0000000",99,99,99,99,99,99,0,0,0,1,0
48,481509,5,5,0,1,1,7,7,141,2190,16,6,2016,5,22,12,1,2,1,1,1,"I-10","",194,31.7588,-106.4985,0,8,0,0,1,1,0,1,3,1,0,1,0,"0000000",99,98,99,98,88,88,0,0,0,1,0
48,481510,2,1,1,1,1,1,1,113,1730,19,6,2016,1,3,25,1,2,2,98,2,"US-75 CENTRAL EXPY","",131,32.81495833,-96.78956667,0,14,0,0,1,1,0,2,3,10,0,10,0,"0000000",99,98,99,98,88,88,23,0,0,1,1
48,481511,1,1,0,0,0,2,2,121,3960,19,6,2016,1,20,48,1,2,1,1,1,"I-35 E/STEMMONS FWY","",42,33.01178056,-96.97823333,0,25,0,0,1,1,1,3,2,1,0,1,0,"0000000",22,6,22,16,88,88,0,0,0,1,1
48,481512,1,1,0,0,0,1,1,201,480,19,6,2016,1,17,28,1,2,2,98,8,"BS146","",62,29.71564722,-94.97723056,0,59,0,1,19,1,1,8,1,1,0,1,0,"0000000",99,99,99,99,88,88,0,0,0,1,0
48,481513,1,1,0,0,0,1,1,203,0,19,6,2016,1,4,15,0,1,5,98,8,"FM1997","",77,32.61393056,-94.39193056,0,1,0,0,1,1,0,4,2,1,0,1,0,"0000000",99,98,99,98,88,88,0,0,0,1,1
48,481514,1,1,0,1,1,1,1,439,2450,19,6,2016,1,1,41,1,2,1,1,1,"I-20","",102,32.66863611,-97.31296389,0,8,0,0,1,1,0,1,3,1,0,1,0,"0000000",1,39,2,27,88,88,19,0,0,1,0
48,481515,1,1,0,0,0,1,1,187,6290,21,6,2016,3,5,52,1,2,3,98,2,"US-90/KINGSBURY ST","",23,29.58015,-97.97921111,0,53,0,0,1,1,0,4,2,1,0,1,0,"0000000",99,99,99,99,99,99,0,0,0,1,0
48,481516,1,1,0,0,0,2,2,439,2450,21,6,2016,3,18,50,1,2,1,1,1,"I-35/SOUTH FWY","",68,32.74470278,-97.31943889,0,33,0,1,19,1,0,4,1,1,0,1,0,"0000000",18,50,18,57,19,10,0,0,0,1,0
48,481517,2,2,0,0,0,2,2,423,7070,22,6,2016,4,6,0,1,1,3,98,8,"SL 323","",0,32.39170833,-95.26789167,0,12,2,0,8,1,0,1,1,1,0,1,0,"0000000",99,98,99,98,88,88,0,0,0,1,0
48,481518,2,2,0,0,0,2,2,113,1730,9,3,2016,4,1,26,1,2,1,1,1,"I-35/STEMMONS FWY","",175,32.79988611,-96.82100833,0,12,2,0,1,1,0,1,3,2,0,2,0,"0000000",99,99,99,99,99,99,0,0,0,1,0
48,481519,2,2,0,0,0,4,4,147,7010,22,1,2016,6,17,30,1,1,3,98,3,"SR-121","",142,33.44431944,-96.31265,0,12,6,0,8,1,0,1,1,1,0,1,0,"0000000",17,32,17,44,18,40,0,0,0,2,0
48,481520,2,2,0,0,0,3,3,141,2190,16,2,2016,3,8,28,1,2,3,98,3,"SR-20/ALAMEDA AVE","DURHILL RD",274,31.744475,-106.38086944,0,12,6,0,2,3,0,1,1,1,0,1,0,"0000000",8,38,8,44,9,15,0,0,0,1,0
48,481521,1,1,0,0,0,1,1,201,3280,5,3,2016,7,10,0,1,2,1,1,1,"I-45 NORTH FWY","",289,29.82922222,-95.38146667,0,1,0,0,1,1,0,1,1,1,0,1,0,"0000000",10,10,10,20,11,4,0,0,0,1,0
48,481522,1,1,0,0,0,1,1,29,6090,1,4,2016,6,1,1,0,8,98,98,6,"BERYL DR","",0,29.49737778,-98.53544722,0,33,0,0,1,1,0,4,3,1,0,1,0,"0000000",99,98,99,98,88,88,0,0,0,1,1
48,481524,1,1,0,0,0,3,3,155,0,22,5,2016,1,4,25,0,1,6,98,3,"SR-6","",88,33.86499167,-99.77361389,0,1,0,0,1,1,0,4,2,1,0,1,0,"0000000",4,40,4,51,5,46,0,0,0,1,0
48,481525,4,4,0,0,0,6,6,209,3760,22,5,2016,1,0,49,1,2,1,1,7,"I-35","",192,30.03247222,-97.84684167,0,1,0,0,1,1,0,10,3,1,0,1,0,"0000000",0,56,1,2,1,42,0,0,0,1,1
48,481526,1,1,0,1,1,1,1,215,0,30,5,2016,2,21,41,1,2,3,98,3,"SR-107","",233,26.29256389,-98.10679722,0,8,0,0,1,1,0,1,3,1,0,1,0,"0000000",99,98,99,98,88,88,0,0,0,1,0
48,481527,2,2,0,0,0,3,3,213,6983,3,6,2016,6,14,18,0,1,5,98,3,"SR-274 TOOL DR","ASHBY LN",98,32.239375,-96.14479722,0,12,2,0,1,1,0,1,1,10,0,10,0,"0000000",14,17,14,30,15,25,0,0,0,1,0
48,481528,1,1,0,1,1,1,1,439,260,7,6,2016,3,19,14,0,8,98,98,6,"MCQUEARY ST","",0,32.74030556,-97.13565833,0,8,0,0,1,1,0,1,1,1,0,1,0,"0000000",99,99,99,99,99,99,0,0,0,1,0
48,481529,1,1,0,1,1,1,1,453,330,7,6,2016,3,22,14,0,8,98,98,6,"SPICEWOOD SPRINGS RD","RUSTIC ROCK DR",0,30.43009444,-97.78119722,0,8,0,0,3,3,0,1,3,1,0,1,0,"0000000",22,14,22,21,22,57,0,0,0,1,0
48,481531,2,2,0,0,0,5,5,299,0,8,6,2016,4,5,10,0,1,4,98,3,"SR-29","SR-71",149,30.76935,-98.72071944,0,12,6,0,2,3,0,1,3,1,0,1,0,"0000000",5,24,5,54,6,45,0,0,0,2,0
48,481532,2,2,0,0,0,3,3,303,4140,8,6,2016,4,17,1,1,2,2,98,8,"SL 289","",123,33.53157222,-101.908775,0,54,11,0,1,1,0,1,1,1,0,1,0,"0000000",17,2,17,5,17,20,14,0,0,1,0
48,481533,2,2,0,0,0,3,3,323,0,8,6,2016,4,15,10,1,1,3,98,2,"US-277","SR-131",173,28.86360833,-100.54635833,0,12,6,0,2,3,0,1,1,1,0,1,0,"0000000",99,99,99,99,99,99,0,0,0,1,0
48,481534,2,2,0,0,0,3,3,361,0,8,6,2016,4,8,25,0,1,4,98,3,"SR-62","NORTHRIDGE DRIVE",32,30.23203056,-93.88816944,0,12,1,0,3,3,0,1,1,1,0,1,0,"0000000",99,98,99,98,88,88,0,0,0,1,0
48,481535,2,2,0,0,0,2,2,473,0,8,6,2016,4,17,11,0,1,5,98,8,"FM 529/FREEMAN RD","FM 2855/MORRISON RD",42,29.87428889,-95.89058889,0,12,2,0,3,2,0,1,1,1,0,1,0,"0000000",17,27,17,48,18,15,0,0,0,1,0
48,481536,2,2,0,0,0,3,3,325,0,10,6,2016,6,14,15,0,1,4,98,3,"SR-173","",143,29.44126944,-99.11691944,0,12,6,0,1,1,0,1,1,1,0,1,0,"0000000",14,21,14,32,16,19,0,0,0,1,0
48,481537,1,1,0,0,0,1,1,351,0,11,6,2016,7,7,52,0,1,5,98,8,"FM 1004","",17,30.61268889,-93.83875,0,53,0,0,1,1,0,4,1,10,0,10,0,"0000000",99,99,99,99,99,99,0,0,0,1,0
48,481538,1,1,0,0,0,1,1,353,6720,11,6,2016,7,0,7,1,1,1,1,1,"I-20","",125,32.45348889,-100.46433889,0,52,0,1,19,1,0,3,3,1,0,1,0,"0000000",99,98,99,98,88,88,0,0,0,1,1
48,481539,2,2,0,1,1,2,2,27,6810,12,6,2016,1,2,9,1,2,1,1,7,"I-35/GENERAL BRUCE DR","",263,31.09306944,-97.37971111,0,8,0,0,1,1,1,1,2,1,0,1,0,"0000000",99,98,99,98,88,88,3,0,0,1,0
48,481540,3,3,0,0,0,7,7,427,2246,12,6,2016,1,17,58,1,1,3,98,2,"US-83","",203,26.4104,-98.96021111,0,12,2,0,1,1,0,1,1,1,0,1,0,"0000000",18,7,18,32,19,14,0,0,0,2,1
48,481541,3,2,1,1,1,1,1,113,3880,13,6,2016,2,23,46,1,2,3,98,3,"SR-342","",192,32.63756111,-96.77701111,0,12,1,0,1,1,0,1,2,1,0,1,0,"0000000",23,51,23,57,0,32,14,15,23,1,0
48,481542,2,2,0,0,0,2,2,39,0,14,6,2016,3,12,30,1,2,3,98,3,"SR-6","CR-146",97,29.44718611,-95.29717222,0,12,1,0,2,2,0,1,1,1,0,1,0,"0000000",12,33,12,39,13,20,0,0,0,1,0
48,481543,4,4,0,0,0,6,6,65,0,15,6,2016,4,20,45,1,1,1,1,1,"I-40","",136,35.2193,-101.3888,0,12,1,0,1,1,0,1,1,7,0,7,0,"0000000",20,45,21,5,22,15,19,23,0,1,0
48,481544,3,3,0,0,0,4,4,245,490,17,6,2016,6,9,7,1,2,2,98,2,"US-69/96/287 CARDINAL DR","",44,30.03471667,-94.10105,0,12,6,0,1,1,1,1,1,1,0,1,0,"0000000",99,99,99,99,99,99,26,0,0,1,0
48,481545,3,3,0,0,0,6,6,291,0,17,6,2016,6,7,22,1,1,3,98,3,"SR-105","",182,30.24715,-94.7337,0,12,8,0,1,1,0,1,1,1,0,1,0,"0000000",8,19,8,38,9,14,0,0,0,2,0
48,481546,8,1,7,0,0,4,4,141,2190,18,6,2016,7,2,9,1,2,3,98,8,"FM659","",83,31.72522222,-106.30222778,0,59,0,0,1,1,0,4,3,1,0,1,0,"0000000",2,19,2,19,2,44,0,0,0,1,1
48,481547,1,1,0,1,1,1,1,201,3280,18,6,2016,7,2,20,1,2,1,1,1,"I-45 RAMP NORTH FWY","",403,29.98772222,-95.42338611,0,8,0,1,20,1,0,1,2,1,0,1,0,"0000000",2,24,2,28,3,3,0,0,0,1,0
48,481548,2,2,0,0,0,2,2,41,970,19,6,2016,1,11,17,1,2,3,98,8,"FM2818","",84,30.63624444,-96.37885278,0,12,2,0,1,1,0,1,1,10,0,10,0,"0000000",11,19,11,23,11,52,0,0,0,1,0
48,481549,2,2,0,0,0,7,7,201,0,19,6,2016,1,18,54,0,2,5,98,8,"FM529","",50,29.87514722,-95.77401111,0,12,2,0,1,1,0,1,1,1,0,1,0,"0000000",18,57,19,6,19,43,0,0,0,2,2
48,481550,1,1,0,1,1,1,1,201,0,19,6,2016,1,23,10,0,2,3,98,8,"FM1960 CYPRESS CREEK PKWY","",151,30.02325556,-95.42220833,0,8,0,0,1,1,0,1,2,1,0,1,0,"0000000",99,98,99,98,88,88,0,0,0,1,0
48,481551,1,1,0,0,0,1,1,105,0,20,6,2016,2,7,45,0,8,98,98,4,"CR-205","",0,30.97981667,-101.30959167,0,1,0,0,1,1,0,4,2,1,0,1,0,"0000000",99,98,99,98,88,88,0,0,0,1,0
48,481552,1,1,0,1,1,1,1,113,1730,20,6,2016,2,22,45,1,2,3,98,8,"SL 12/LEDBETTER DR","",60,32.69115833,-96.8412,0,8,0,0,1,1,0,1,3,1,0,1,0,"0000000",99,98,99,98,88,88,0,0,0,1,0
48,481553,2,2,0,0,0,2,2,251,0,20,6,2016,2,19,14,0,1,6,98,8,"FM 2135","CR-310",35,32.30448611,-97.33551667,0,1,0,0,2,2,0,1,1,1,0,1,0,"0000000",19,17,19,29,19,53,0,0,0,1,0
48,481554,1,1,0,0,0,2,2,423,0,20,6,2016,2,2,5,0,1,4,98,3,"SR-31","",160,32.35893056,-95.19036111,0,1,0,0,1,1,0,4,2,10,0,10,0,"0000000",2,8,2,15,3,23,0,0,0,1,0
48,481555,2,2,0,0,0,3,3,41,0,21,6,2016,3,11,30,0,1,4,98,8,"FM 60/RAYMOND STOTZER PKWY","CR-LIGHTSEY LN",20,30.57561667,-96.39716667,0,12,1,0,3,3,0,1,1,1,0,1,0,"0000000",12,1,12,13,12,43,0,0,0,1,0
48,481556,2,1,1,0,4,1,5,71,0,21,6,2016,3,1,20,1,1,1,1,1,"I-20","",99,29.83075556,-94.48914444,0,14,0,0,1,1,0,2,2,1,0,1,0,"0000000",1,26,1,39,2,39,23,0,0,2,0
48,481557,2,2,0,0,0,2,2,223,0,21,6,2016,3,9,36,0,1,4,98,3,"SR-11","",168,33.07483889,-95.5286,0,12,1,0,8,1,0,1,1,10,0,10,0,"0000000",99,98,99,98,88,88,0,0,0,1,0
48,481558,1,1,0,0,0,1,1,251,1370,21,6,2016,3,22,50,0,2,4,98,8,"FM 1718/COUNTRY CLUB RD","",224,32.32731667,-97.39394167,0,33,0,0,1,1,0,4,2,1,0,1,0,"0000000",22,53,23,0,88,88,0,0,0,1,0
48,481559,3,3,0,0,0,3,3,439,260,21,6,2016,3,11,0,1,2,3,98,8,"FM 157/COLLINS ST","MOSIER VALLEY RD",89,32.80759444,-97.09981111,0,1,0,0,3,3,0,1,1,1,0,1,0,"0000000",11,1,11,22,11,38,0,0,0,1,0
48,481560,1,1,0,1,1,1,1,201,3280,22,6,2016,4,20,57,0,8,98,98,6,"KERRY GLEN LN","",0,29.85589167,-95.253925,0,9,0,0,1,1,0,1,3,1,0,1,0,"0000000",20,56,21,0,21,54,0,0,0,1,0
48,481561,2,2,0,0,0,6,6,201,3280,22,6,2016,4,21,59,1,2,3,98,3,"SR-3 GALVESTON RD","CORONATION DR",42,29.64363611,-95.21731111,0,12,1,0,3,3,0,1,3,1,0,1,0,"0000000",21,55,22,1,22,29,0,0,0,1,0
48,481562,3,3,0,0,0,4,4,205,0,22,6,2016,4,8,12,0,1,4,98,2,"US-385","",22,35.66555278,-102.33614444,0,12,1,0,1,1,1,1,1,1,0,1,0,"0000000",99,99,99,99,99,99,26,0,0,1,0
48,481563,2,2,0,0,0,3,3,347,0,22,6,2016,4,13,25,1,1,3,98,2,"US-259","",91,31.71338889,-94.67805278,0,12,2,0,1,1,0,1,1,1,0,1,0,"0000000",99,99,99,99,99,99,0,0,0,1,0
48,481564,1,1,0,0,0,1,1,21,0,23,6,2016,5,6,29,0,1,5,98,3,"SR-304","",75,30.02911944,-97.30338056,0,42,0,0,1,1,0,4,4,1,0,1,0,"0000000",99,99,99,99,99,99,0,0,0,1,0
48,481565,2,2,0,0,0,3,3,339,0,23,6,2016,5,2,0,0,2,4,98,3,"SR-242","FM 1488",0,30.22962778,-95.51144722,0,1,0,0,2,3,0,1,2,1,0,1,0,"0000000",99,98,99,98,88,88,14,0,0,1,0
48,481566,1,1,0,0,0,1,1,201,3280,24,6,2016,6,12,24,0,8,98,98,6,"BELLFORT ST","",0,29.66620556,-95.33754722,0,33,0,0,1,1,0,4,1,1,0,1,0,"0000000",99,98,99,98,88,88,0,0,0,1,0
48,481567,3,3,0,0,0,4,4,29,6090,25,6,2016,7,21,18,1,2,1,1,1,"I-410 LOOP","",240,29.51612778,-98.42491111,0,12,7,1,18,1,0,1,3,1,0,1,0,"0000000",99,98,99,98,88,88,23,0,0,1,0
48,481568,1,1,0,1,1,3,3,245,490,25,6,2016,7,21,16,1,2,3,98,2,"US-90 COLLEGE ST","",11,30.06765,-94.17111944,0,8,0,0,1,1,0,1,3,1,0,1,0,"0000000",99,98,99,98,88,88,0,0,0,1,0
48,481569,2,2,0,0,0,2,2,439,7460,25,6,2016,7,17,36,1,2,3,98,8,"SS 341","",16,32.74287778,-97.44499444,0,12,7,0,1,1,0,1,1,1,0,1,0,"0000000",17,38,17,46,18,13,0,0,0,1,0
48,481570,2,2,0,0,0,3,3,21,0,26,6,2016,1,1,45,0,1,4,98,3,"SR-95","",45,30.27488889,-97.19988889,0,12,1,0,1,1,2,1,2,1,0,1,0,"0000000",99,99,99,99,88,88,0,0,0,2,1
48,481571,3,3,0,0,0,4,4,201,3280,26,6,2016,1,13,5,0,8,98,98,6,"LOCKWOOD DR","CROSSTIMBERS ST",0,29.83103611,-95.31881667,0,12,6,0,2,2,0,1,1,1,0,1,0,"0000000",99,98,99,98,88,88,0,0,0,1,0
48,481572,1,1,0,1,1,1,1,201,3280,26,6,2016,1,3,45,0,8,98,98,6,"WALLISVILLE RD","",0,29.79222222,-95.26013056,0,8,0,0,1,1,0,1,3,1,0,1,0,"0000000",3,46,3,53,4,25,0,0,0,1,0
48,481573,1,1,0,0,0,1,1,203,0,26,6,2016,1,15,4,0,1,5,98,3,"SR-154","",152,32.60673056,-94.49273889,0,42,0,0,1,1,0,4,1,1,0,1,0,"0000000",99,98,99,98,88,88,0,0,0,1,0
48,481574,1,1,0,0,0,1,1,407,0,26,6,2016,1,0,57,0,1,5,98,8,"FM 1127","",46,30.54988333,-94.90316111,0,1,0,0,1,1,0,4,2,5,0,5,0,"0000000",99,98,99,98,88,88,0,0,0,1,1
48,481575,2,2,0,0,0,2,2,423,7070,26,6,2016,1,9,35,1,2,3,98,3,"SR-31 FRONT ST","DOUGLAS BLVD",99,32.34665833,-95.29200278,0,12,6,0,2,3,0,1,1,1,0,1,0,"0000000",9,39,10,0,10,2,0,0,0,1,0
48,481576,2,2,0,0,0,5,5,157,4655,27,6,2016,2,21,7,0,2,4,98,8,"FM 1092","5TH ST",43,29.59098333,-95.56413889,0,12,6,0,3,3,0,1,3,1,0,1,0,"0000000",99,98,99,98,88,88,0,0,0,1,0
48,481577,1,1,0,1,1,1,1,29,6090,26,4,2016,3,18,3,0,8,98,98,6,"LAKEWOOD DR","PROVIDENCE",0,29.40269722,-98.40760278,0,15,0,0,3,2,0,1,1,10,0,10,0,"0000000",99,99,99,99,99,99,0,0,0,1,0
48,481578,2,2,0,0,0,4,4,491,0,16,6,2016,5,12,24,0,1,5,98,8,"RM 2338","CR-RONALD REAGAN BLVD",53,30.74000556,-97.80121944,0,12,6,0,2,2,0,1,1,1,0,1,0,"0000000",12,27,12,46,13,34,0,0,0,1,0
48,481579,1,1,0,0,0,2,2,29,6090,18,6,2016,7,2,33,1,2,1,1,1,"I-410 LOOP","",341,29.42657778,-98.38916111,0,24,0,1,19,1,0,10,3,10,0,10,0,"0000000",99,98,99,98,88,88,0,0,0,1,1
48,481580,1,1,0,0,0,2,2,467,0,20,6,2016,2,19,22,0,1,5,98,8,"FM 1805","",8,32.54569722,-95.62475,0,1,0,0,1,1,0,4,1,1,0,1,0,"0000000",99,99,99,99,99,99,0,0,0,1,1