"STATE","ST_CASE","VE_TOTAL","VE_FORMS","PVH_INVL","PEDS","PERNOTMVIT","PERMVIT","PERSONS","COUNTY","CITY","DAY","MONTH","YEAR","DAY_WEEK","HOUR","MINUTE","NHS","RUR_URB","FUNC_SYS","RD_OWNER","ROUTE","TWAY_ID","TWAY_ID2","MILEPT","LATITUDE","LONGITUD","SP_JUR","HARM_EV","MAN_COLL","RELJCT1","RELJCT2","TYP_INT","WRK_ZONE","REL_ROAD","LGT_COND","WEATHER1","WEATHER2","WEATHER","SCH_BUS","RAIL","NOT_HOUR","NOT_MIN","ARR_HOUR","ARR_MIN","HOSP_HR","HOSP_MN","CF1","CF2","CF3","FATALS","DRUNK_DR"
48,481581,1,1,0,1,1,1,1,29,6090,21,6,2016,3,8,5,1,2,1,1,1,"I-410 LOOP","",40,29.36068889,-98.63288889,0,8,0,1,18,1,0,1,1,1,0,1,0,"0000000",99,99,99,99,99,99,0,0,0,1,0
48,481582,2,2,0,0,0,4,4,201,3280,22,6,2016,4,9,30,1,2,1,1,1,"I-10 EAST FWY","",385,29.77043889,-95.21714167,0,12,1,1,18,1,0,1,1,1,0,1,0,"0000000",9,42,9,51,10,36,0,0,0,1,1
48,481583,3,3,0,0,0,3,3,201,0,23,6,2016,5,5,54,0,2,3,98,8,"FM 1960","",218,30.00436944,-95.308275,0,12,1,0,1,1,0,1,4,1,0,1,1,"0000000",5,57,6,13,6,42,0,0,0,1,0
48,481584,2,2,0,0,0,2,2,257,0,23,6,2016,5,9,8,0,1,6,98,8,"FM 1391","",58,32.43301389,-96.13111667,0,12,2,0,1,1,0,1,1,1,0,1,0,"0000000",9,10,9,27,10,10,0,0,0,1,0
48,481585,1,1,0,1,1,2,2,29,6090,28,6,2016,3,23,43,1,2,3,98,2,"US-281 ROOSEVELT AVE","SANCO ST",12,29.31700556,-98.47626944,0,8,0,0,3,3,0,1,2,1,0,1,0,"0000000",99,99,99,99,99,99,0,0,0,1,0
48,481586,2,2,0,0,0,2,2,29,6090,29,6,2016,4,19,46,1,2,1,1,7,"I-10","COLONIAL SQUARE",165,29.53196944,-98.56361667,0,12,6,0,2,3,0,1,1,1,0,1,0,"0000000",99,98,99,98,88,88,0,0,0,1,0
48,481587,1,1,0,0,0,1,1,121,1840,28,6,2016,3,0,49,1,2,3,98,2,"US-377 FORTH WORTH DR","COLLINS ST",22,33.20443333,-97.13518333,0,38,0,0,1,1,0,5,3,1,0,1,0,"0000000",99,98,99,98,88,88,0,0,0,1,1
48,481588,2,1,1,1,1,1,1,29,6090,18,6,2016,7,17,29,1,2,1,1,1,"I-35","",206,29.40719444,-98.50988611,0,8,0,0,1,1,0,3,1,1,0,1,0,"0000000",99,98,99,98,88,88,23,0,0,1,0
48,481589,1,1,0,1,1,1,1,439,260,28,6,2016,3,21,22,1,2,2,98,3,"SR-360 ANGUS G. WYNNE FWY","",109,32.76813333,-97.062825,0,8,0,1,18,1,0,1,2,1,0,1,0,"0000000",99,98,99,98,88,88,0,0,0,1,0
48,481590,1,1,0,1,1,2,2,479,3899,17,2,2016,4,19,40,1,2,3,98,2,"US-83","NAPOLEON ST",24,27.48486667,-99.47171944,0,8,0,0,3,3,0,1,3,1,0,1,0,"0000000",99,98,99,98,88,88,0,0,0,1,0
48,481591,2,1,1,0,1,5,6,113,1730,13,3,2016,1,5,4,1,2,1,1,1,"I-20 LBJ FWY","",180,32.65425833,-96.75397778,0,14,0,0,1,1,0,2,3,1,0,1,0,"0000000",99,99,99,99,99,99,0,0,0,2,0
48,481592,1,1,0,0,0,1,1,201,3280,25,5,2016,4,18,33,0,8,98,98,6,"ALDON ST","",0,29.84963611,-95.34689167,0,34,0,0,1,1,0,4,1,1,0,1,0,"0000000",18,33,18,37,19,9,0,0,0,1,0
48,481593,1,1,0,0,0,1,1,477,0,26,5,2016,5,17,30,1,1,3,98,3,"SR-105","",202,30.22020278,-96.30320278,0,3,0,0,1,1,0,1,1,2,0,2,0,"0000000",99,98,99,98,88,88,5,0,0,1,0
48,481594,1,1,0,0,0,1,1,477,0,27,5,2016,6,7,0,0,1,4,98,8,"FM50","",1,30.36770833,-96.34372222,0,3,0,0,1,1,0,1,2,2,0,2,0,"0000000",99,98,99,98,88,88,5,0,0,1,0
48,481595,1,1,0,0,0,1,1,477,0,27,5,2016,6,9,0,0,8,98,98,4,"CR-PRAIRIE HILL RD","",0,30.24981389,-96.366975,0,3,0,0,1,1,0,1,1,2,0,2,0,"0000000",99,98,99,98,88,88,5,0,0,1,0
48,481596,1,1,0,0,0,2,2,29,0,29,5,2016,1,17,40,0,8,98,98,4,"CR-QUESENBERRY RD","",0,29.29000833,-98.60421944,0,17,0,0,1,1,0,4,1,10,0,10,0,"0000000",99,99,99,99,99,99,0,0,0,1,0
48,481597,1,1,0,1,1,1,1,453,0,30,5,2016,2,6,57,0,1,4,98,8,"FM812","",48,30.123175,-97.63816389,0,8,0,0,1,1,0,2,1,2,0,2,0,"0000000",99,98,99,98,88,88,0,0,0,1,0
48,481598,2,2,0,0,0,2,2,339,0,4,6,2016,7,4,5,0,2,5,98,8,"FM1485","",232,30.19836944,-95.25373611,0,12,6,0,1,1,0,1,2,1,0,1,0,"0000000",99,99,99,99,99,99,0,0,0,1,0
48,481599,2,2,0,0,0,3,3,17,0,11,6,2016,7,1,30,0,1,4,98,3,"SR-214","",45,34.24680556,-102.72350278,0,12,2,0,1,1,0,1,2,1,0,1,0,"0000000",99,99,99,99,99,99,0,0,0,1,0
48,481600,2,2,0,0,0,6,6,453,0,11,6,2016,7,13,39,1,2,3,98,8,"SL360 CAPITAL OF TX HWY","WILD BASIN RD",194,30.30530833,-97.82515278,0,12,6,0,2,3,0,1,1,10,0,10,0,"0000000",13,39,13,50,14,5,0,0,0,1,0
48,481601,2,2,0,0,0,2,2,135,5030,13,6,2016,2,22,38,1,2,3,98,3,"SR-385/ANDREWS HWY","38TH ST",198,31.87981111,-102.384025,0,12,6,0,2,2,0,1,6,1,0,1,0,"0000000",22,39,22,42,22,59,0,0,0,1,1
48,481602,2,2,0,0,0,2,2,375,150,12,6,2016,1,22,11,0,8,98,98,6,"GRAND ST","",0,35.21008889,-101.79538333,0,12,1,0,1,1,0,1,3,1,0,1,0,"0000000",22,14,22,20,22,42,23,0,0,1,0
48,481603,1,1,0,0,0,1,1,119,0,14,6,2016,3,17,35,1,1,3,98,3,"SR-24","",167,33.3199,-95.80388889,0,1,0,0,1,1,1,1,1,1,0,1,0,"0000000",17,55,18,18,19,5,3,0,0,1,0
48,481604,2,2,0,0,0,2,2,439,2850,14,6,2016,3,14,42,0,8,98,98,6,"IRA E WOODS AVE","BAYLOR PKWY",0,32.93138333,-97.09233611,0,12,6,0,2,2,0,1,1,10,0,10,0,"0000000",14,42,14,46,15,1,0,0,0,1,0
48,481605,2,2,0,0,0,2,2,453,3541,15,6,2016,4,7,36,0,1,4,98,8,"FM 1431","",200,30.49217778,-97.92367778,0,12,2,0,1,1,0,1,1,1,0,1,0,"0000000",7,42,8,3,8,18,0,0,0,1,0
48,481606,1,1,0,0,0,1,1,1,0,17,6,2016,6,14,18,0,1,4,98,3,"SR-155","",169,31.84766944,-95.5847,0,1,0,0,1,1,0,4,1,1,0,1,0,"0000000",99,99,99,99,99,99,0,0,0,1,0
48,481607,2,2,0,0,0,5,5,203,0,18,6,2016,7,16,6,0,1,4,98,3,"SR-43","",277,32.40166111,-94.44001111,0,12,6,0,1,1,0,1,1,2,0,2,0,"0000000",16,21,16,30,16,55,0,0,0,3,0
48,481608,1,1,0,0,0,1,1,215,0,18,6,2016,7,13,36,0,8,98,98,4,"CR-MILE 16 NORTH RD","",0,26.28591111,-98.00936944,0,38,0,0,1,1,0,5,1,1,0,1,0,"0000000",99,99,99,99,99,99,0,0,0,1,0
48,481609,2,2,0,0,0,7,7,321,0,18,6,2016,7,18,57,0,1,4,98,3,"SR-35","CR-323/HARRISON",393,28.75723889,-96.20991111,0,12,6,0,2,2,0,1,1,10,0,10,0,"0000000",99,99,99,99,99,99,0,0,0,1,0
48,481610,1,1,0,0,0,1,1,29,6090,19,6,2016,1,1,29,0,8,98,98,6,"INGRAM RD","",0,29.45917778,-98.63854722,0,30,0,0,1,1,0,4,3,1,0,1,0,"0000000",99,99,99,99,88,88,0,0,0,1,1
48,481611,2,2,0,0,0,6,6,187,3698,19,6,2016,1,9,15,0,1,5,98,2,"US-90","GANDER SLOUGH RD",191,29.66030833,-97.71516389,0,12,6,0,3,3,0,1,1,1,0,1,0,"0000000",99,99,99,99,99,99,0,0,0,3,0
48,481612,3,3,0,0,0,10,10,339,0,19,6,2016,1,19,35,0,1,4,98,3,"SR-242","FM1485",152,30.21505833,-95.28010278,0,12,6,0,2,2,0,1,1,1,0,1,0,"0000000",99,99,99,99,99,99,14,0,0,2,0
48,481613,1,1,0,0,0,4,4,33,0,21,6,2016,3,10,37,0,1,4,98,2,"US-180","",264,32.7557,-101.24309722,0,1,0,0,1,1,0,4,1,1,0,1,0,"0000000",99,99,99,99,99,99,0,0,0,1,0
48,481614,2,2,0,0,0,2,2,113,1730,21,6,2016,3,9,41,0,8,98,98,6,"POLK ST","",0,32.64667222,-96.84016389,0,12,6,0,8,1,0,1,1,1,0,1,0,"0000000",99,99,99,99,99,99,0,0,0,1,0
48,481615,3,3,0,0,0,4,4,321,0,21,6,2016,3,17,34,0,1,5,98,8,"FM457","",114,28.94994444,-95.76548611,0,12,6,0,1,1,0,1,1,1,0,1,0,"0000000",99,99,99,99,99,99,0,0,0,1,0
48,481616,2,2,0,0,0,2,2,321,0,22,6,2016,4,9,15,0,1,3,98,8,"FM1728","",11,29.16801111,-95.90656667,0,12,6,0,1,1,0,1,1,10,0,10,0,"0000000",9,24,9,42,10,21,0,0,0,1,0
48,481617,2,2,0,0,0,4,4,141,2190,23,6,2016,5,20,40,0,8,98,98,6,"DIANA","GUADALUPE",0,31.86056389,-106.42281389,0,12,6,0,2,2,0,1,3,1,0,1,0,"0000000",20,46,20,49,21,8,0,0,0,2,0
48,481618,2,2,0,0,0,2,2,491,1242,23,6,2016,5,8,4,0,8,98,98,6,"LAKELINE BLVD","RIVIERA",0,30.47540833,-97.81510833,0,12,2,0,2,3,0,1,1,1,0,1,0,"0000000",8,6,8,15,8,45,0,0,0,1,0
48,481619,2,2,0,0,0,2,2,29,6090,24,6,2016,6,3,27,1,2,2,98,2,"US-90","",45,29.40780556,-98.58831111,0,12,2,0,1,1,0,1,3,1,0,1,0,"0000000",99,99,99,99,99,99,0,0,0,2,0
48,481620,2,2,0,0,0,2,2,367,0,24,6,2016,6,14,0,1,1,1,1,1,"I-20","",76,32.70130556,-97.96021111,0,52,0,0,1,1,0,3,1,1,0,1,0,"0000000",99,98,99,98,88,88,0,0,0,1,0
48,481622,1,1,0,0,0,1,1,499,0,24,6,2016,6,22,16,0,8,98,98,4,"CR-3273","",0,32.75410278,-95.32357778,0,30,0,0,1,1,0,4,2,1,0,1,0,"0000000",99,98,99,98,88,88,0,0,0,1,0
48,481623,2,2,0,0,0,6,6,171,0,25,6,2016,7,20,57,0,1,5,98,3,"SR-16","",58,30.22109722,-98.93571111,0,12,6,0,1,1,0,1,2,2,0,2,0,"0000000",20,38,20,49,21,40,0,0,0,1,0
48,481624,3,3,0,0,0,4,4,373,0,25,6,2016,7,21,9,0,1,4,98,8,"FM356","",15,30.83434167,-95.15789167,0,12,8,0,1,1,0,1,2,1,0,1,0,"0000000",99,99,99,99,99,99,0,0,0,1,0
48,481625,2,2,0,0,0,2,2,143,0,26,6,2016,1,1,45,0,1,4,98,2,"US-281","",117,32.367,-98.17544444,0,12,2,0,1,1,0,2,2,1,0,1,0,"0000000",99,98,99,98,88,88,0,0,0,2,2
48,481626,1,1,0,0,0,2,2,187,1325,26,6,2016,1,16,36,0,8,98,98,6,"BORGFELD RD","",0,29.57012222,-98.24183611,0,42,0,0,1,1,0,4,1,2,0,2,0,"0000000",16,36,16,41,17,7,0,0,0,1,0
48,481627,1,1,0,0,0,4,4,225,0,26,6,2016,1,4,0,0,1,5,98,8,"FM357","",55,31.32203333,-95.10606111,0,42,0,0,1,1,0,4,2,1,0,1,0,"0000000",99,99,99,99,99,99,0,0,0,2,1
48,481628,2,2,0,0,0,3,3,375,150,26,6,2016,1,22,0,0,8,98,98,6,"24TH AVE M L KING BLVD","HIGHLAND ST",0,35.236475,-101.80323889,0,12,6,0,2,2,0,1,3,1,0,1,0,"0000000",22,1,22,11,22,37,0,0,0,1,0
48,481629,3,2,1,0,0,2,2,61,940,29,6,2016,4,20,9,0,8,98,98,6,"LEVEE ST","2ND ST",0,25.90721111,-97.50601944,0,44,0,0,2,2,0,1,1,1,0,1,0,"0000000",99,98,99,98,88,88,0,0,0,1,0
48,481630,2,1,1,1,2,1,2,113,1190,29,6,2016,4,3,26,9,9,99,99,3,"SR-190 PRES GEORGE BUSH TPKE","",317,32.93660556,-96.93034444,0,25,0,0,1,1,0,4,2,1,0,1,0,"0000000",4,5,4,16,4,55,0,0,0,1,0
48,481631,1,1,0,0,0,1,1,339,0,29,6,2016,4,19,8,0,1,4,98,8,"FM 1314","",101,30.20783056,-95.35511944,0,1,0,0,1,1,0,1,1,1,0,1,0,"0000000",99,99,99,99,99,99,0,0,0,1,1
48,481632,2,2,0,0,0,3,3,417,0,30,6,2016,5,15,25,0,1,4,98,3,"SR-351","",100,32.56261111,-99.54565,0,12,2,0,1,1,0,1,1,1,0,1,0,"0000000",15,33,15,50,16,37,0,0,0,1,1
48,481633,1,1,0,0,0,1,1,113,1730,1,7,2016,6,23,55,1,2,3,98,8,"SL 12/BUCKNER BLVD","",15,32.84311389,-96.71001667,0,33,0,0,1,1,0,4,3,1,0,1,0,"0000000",99,99,99,99,99,99,0,0,0,1,1
48,481634,1,1,0,1,1,1,1,471,3340,1,7,2016,6,12,7,1,2,3,98,2,"US-190","",211,30.72158611,-95.53438333,0,9,0,0,1,1,0,1,1,1,0,1,0,"0000000",99,98,99,98,88,88,0,0,0,1,0
48,481635,1,1,0,1,1,1,1,439,2450,2,7,2016,7,18,45,0,8,98,98,6,"LONG AVE","LORAINE",0,32.79965833,-97.37543056,0,8,0,0,3,2,0,1,1,1,0,1,0,"0000000",18,43,18,50,19,48,0,0,0,1,0
48,481636,2,2,0,0,0,5,5,439,2420,3,7,2016,1,0,35,1,2,1,1,1,"I-20/SE LOOP 820","",133,32.66135833,-97.25823333,0,24,0,0,1,1,0,4,3,1,0,1,0,"0000000",0,40,0,53,2,2,0,0,0,1,1
48,481637,2,2,0,0,0,2,2,439,2450,3,7,2016,1,23,14,1,2,3,98,8,"BU 287/LANCASTER/ROSEDALE AVE","FREEMAN ST",30,32.7318,-97.30940833,0,12,6,0,2,2,0,1,3,10,0,10,0,"0000000",23,14,23,19,23,30,0,0,0,1,1
48,481638,2,2,0,0,0,2,2,85,5390,4,7,2016,2,19,5,1,2,2,98,7,"US-75/CENTRAL EXPY","REPUBLIC DR",114,33.03121944,-96.70729167,0,12,6,0,3,3,0,1,1,10,0,10,0,"0000000",99,98,99,98,88,88,0,0,0,1,1
48,481639,1,1,0,0,0,1,1,141,2190,4,7,2016,2,2,19,1,2,2,98,8,"SP 601","",75,31.84118333,-106.32456389,0,46,0,1,19,1,0,4,3,1,0,1,0,"0000000",99,98,99,98,88,88,0,0,0,1,0
48,481640,1,1,0,0,0,1,1,439,2450,4,7,2016,2,21,19,0,8,98,98,6,"BERRY ST","",0,32.70603889,-97.35181944,0,33,0,0,1,1,0,4,3,10,0,10,0,"0000000",99,99,99,99,99,99,0,0,0,1,0
48,481641,2,2,0,0,0,2,2,491,330,4,7,2016,2,22,15,1,2,2,98,7,"US-183","",292,30.43968056,-97.77890833,0,12,98,0,1,1,0,1,3,1,0,1,0,"0000000",99,98,99,98,88,88,0,0,0,1,1
48,481642,2,2,0,0,0,4,4,229,0,11,6,2016,7,13,45,1,1,1,1,1,"I-10","",583,31.11532222,-105.15454167,0,12,1,0,1,1,0,1,1,1,0,1,0,"0000000",99,99,99,99,99,99,0,0,0,1,1
48,481643,1,1,0,1,1,1,1,489,0,19,6,2016,1,22,0,0,1,6,98,8,"FM 1018","",84,26.35743889,-97.658925,0,8,0,0,1,1,0,1,2,1,0,1,0,"0000000",99,98,99,98,88,88,19,0,0,1,0
48,481644,1,1,0,1,1,1,1,439,260,21,6,2016,3,3,52,1,2,2,98,3,"SR-360","",164,32.68378889,-97.06237222,0,9,0,1,20,1,0,1,2,1,0,1,0,"0000000",99,99,99,99,99,99,0,0,0,1,0
48,481645,1,1,0,0,0,1,1,113,2590,25,6,2016,7,1,59,1,2,1,1,1,"I-635 LBJ FWY","",130,32.86928333,-96.66957778,0,24,0,1,19,1,0,10,3,1,0,1,0,"0000000",2,7,2,17,2,38,0,0,0,1,1
48,481646,1,1,0,1,1,1,1,215,114,25,6,2016,7,20,11,0,8,98,98,6,"MOOREFIELD RD","",0,26.315175,-98.33965,0,9,0,0,1,1,0,1,1,1,0,1,0,"0000000",20,11,20,19,20,56,0,0,0,1,0
48,481647,1,1,0,0,0,1,1,325,0,2,7,2016,7,16,12,1,1,3,98,2,"US-90","",6,29.3523,-99.00327778,0,52,0,0,1,1,0,3,1,1,0,1,0,"0000000",99,98,99,98,88,88,0,0,0,1,1
48,481648,1,1,0,0,0,1,1,371,0,2,7,2016,7,4,0,1,1,3,98,2,"US-67","",151,30.73341111,-103.187775,0,32,0,0,1,1,0,4,2,1,0,1,0,"0000000",99,98,99,98,88,88,0,0,0,1,0
48,481649,4,1,3,0,0,4,4,441,30,3,7,2016,1,5,5,0,8,98,98,6,"10TH ST","",0,32.46195278,-99.77528056,0,30,0,0,1,1,0,4,3,1,0,1,0,"0000000",99,99,99,99,99,99,14,0,0,1,1
48,481650,1,1,0,1,1,1,1,29,6090,6,7,2016,4,5,38,0,8,98,98,6,"GOLIAD RD","",0,29.33933611,-98.4231,0,33,0,0,1,1,0,4,3,1,0,1,0,"0000000",99,99,99,99,99,99,0,0,0,1,0
48,481651,2,2,0,1,1,2,2,397,9997,1,1,2016,6,5,24,1,2,1,1,1,"I-30","",12,32.8775,-96.5157,0,8,0,0,1,1,0,1,2,1,0,1,0,"0000000",99,99,99,99,99,99,19,0,0,1,0
48,481652,1,1,0,0,0,3,3,27,3230,9,4,2016,7,1,14,0,1,4,98,3,"SR-95","ANTONE ST",75,30.88766667,-97.39552222,0,18,0,0,1,1,0,1,2,1,0,1,0,"0000000",1,22,1,53,3,36,20,0,0,1,1
48,481653,1,1,0,0,0,1,1,29,6090,4,5,2016,4,19,17,0,8,98,98,6,"APPLEWHITE RD","",0,29.308925,-98.54945556,0,43,0,0,1,1,0,4,2,1,0,1,0,"0000000",99,98,99,98,88,88,0,0,0,1,0
48,481654,1,1,0,0,0,1,1,113,1730,16,5,2016,2,5,27,1,2,3,98,3,"SR-12 / SL 12 NORTHWEST HWY","STOREY LN",198,32.85777778,-96.88184167,0,24,0,0,3,4,0,4,3,10,0,10,0,"0000000",99,99,99,99,99,99,0,0,0,1,0
48,481655,2,2,0,0,0,2,2,167,3850,12,6,2016,1,6,22,0,2,4,98,8,"FM 2004","",55,29.39248889,-95.031,0,12,2,0,1,1,0,1,4,1,0,1,0,"0000000",99,99,99,99,99,99,0,0,0,1,0
48,481656,2,1,1,0,1,1,2,339,1510,15,6,2016,4,10,50,1,2,1,1,1,"I-45","",104,30.25866944,-95.45670556,0,14,0,0,1,1,0,2,1,1,0,1,0,"0000000",99,99,99,99,99,99,0,0,0,1,0
48,481657,1,1,0,0,0,1,1,157,0,16,6,2016,5,9,51,1,1,3,98,2,"US-59","",213,29.48721667,-95.92885278,0,25,0,0,1,1,1,10,1,1,0,1,0,"0000000",9,51,10,2,10,59,0,0,0,1,0
48,481658,2,2,0,0,0,2,2,205,0,17,6,2016,6,2,59,1,1,3,98,2,"US-54","",120,35.76485556,-102.87485833,0,12,8,0,1,1,0,1,2,1,0,1,0,"0000000",99,98,99,98,88,88,0,0,0,1,0
48,481659,1,1,0,0,0,2,2,299,0,19,6,2016,1,7,9,0,1,4,98,3,"SR-29","",40,30.74325278,-98.89700833,0,52,0,0,1,1,0,4,1,10,0,10,0,"0000000",7,58,8,10,8,34,0,0,0,1,0
48,481660,1,1,0,0,0,1,1,201,0,21,6,2016,3,23,10,0,8,98,98,4,"CR-GRANT RD","",0,30.01076667,-95.641525,0,1,0,0,1,1,0,4,2,10,0,10,0,"0000000",23,22,23,41,0,5,0,0,0,1,0
48,481661,1,1,0,1,1,1,1,491,3478,21,6,2016,3,2,3,1,1,1,1,1,"I-35","",261,30.83755556,-97.59807778,0,18,0,0,1,1,0,1,2,1,0,1,0,"0000000",2,20,2,48,3,26,19,0,0,1,0
48,481662,2,2,0,0,0,5,5,201,3280,25,6,2016,7,0,43,1,2,1,1,1,"I-45 GULF FWY","",51,29.56719722,-95.16668611,0,25,0,0,1,1,0,3,2,1,0,1,0,"0000000",0,44,0,53,1,35,0,0,0,1,1
48,481663,2,2,0,0,0,2,2,201,3280,25,6,2016,7,5,46,1,2,2,98,2,"US-90","",32,29.77984722,-95.25248889,0,12,1,1,18,1,0,1,4,10,0,10,0,"0000000",99,98,99,98,88,88,0,0,0,1,0
48,481664,1,1,0,0,0,2,2,213,0,25,6,2016,7,1,5,0,8,98,98,4,"CR-4712","",0,32.15653056,-95.71723333,0,42,0,0,1,1,0,4,2,1,0,1,0,"0000000",1,13,1,25,2,4,0,0,0,1,0
48,481665,1,1,0,0,0,5,5,27,0,26,6,2016,1,19,0,0,8,98,98,8,"FM 1237","",0,31.19031944,-97.38985833,0,59,0,0,1,1,0,4,1,1,0,1,0,"0000000",18,57,19,13,19,50,0,0,0,1,0
48,481666,1,1,0,0,0,3,3,105,0,26,6,2016,1,9,30,1,1,1,1,1,"I-10","",153,30.73075278,-101.57940833,0,1,0,0,1,1,0,4,1,1,0,1,0,"0000000",99,99,99,99,99,99,0,0,0,1,0
48,481667,2,2,0,0,0,2,2,201,3280,26,6,2016,1,6,40,0,8,98,98,6,"GREENS RD","LEE RD",0,29.95221111,-95.304325,0,12,6,0,2,2,0,1,1,1,0,1,0,"0000000",6,52,7,1,7,36,0,0,0,1,0
48,481668,1,1,0,0,0,1,1,273,0,26,6,2016,1,1,0,0,8,98,98,4,"CR-1060","",0,27.40077222,-97.82307778,0,38,0,0,1,1,0,5,2,1,0,1,0,"0000000",99,98,99,98,88,88,0,0,0,1,1
48,481669,2,2,0,0,0,6,6,3,0,27,6,2016,2,6,16,0,1,4,98,3,"SR-115","FM 181",156,32.182,-102.74877778,0,12,6,0,2,2,0,1,4,2,0,2,0,"0000000",99,99,99,99,99,99,0,0,0,1,0
48,481670,2,2,0,0,0,2,2,99,1540,27,6,2016,2,18,37,0,1,5,98,3,"SR-9","FM 116",100,31.14124444,-97.90036944,0,12,6,0,2,2,0,1,1,10,0,10,0,"0000000",18,36,18,39,19,32,0,0,0,1,0
48,481671,2,2,0,0,0,3,3,341,0,28,6,2016,3,18,23,0,1,4,98,8,"FM2203","FM119",50,35.92428056,-101.96317778,0,12,6,0,2,2,0,1,1,1,0,1,0,"0000000",99,99,99,99,99,99,0,0,0,2,0
48,481672,1,1,0,0,0,1,1,349,0,29,6,2016,4,12,30,0,1,5,98,8,"FM85","",234,32.30602222,-96.37361944,0,32,0,0,1,1,0,4,1,1,0,1,0,"0000000",99,98,99,98,88,88,0,0,0,1,0
48,481673,2,2,0,0,0,6,6,389,0,29,6,2016,4,1,45,1,1,3,98,2,"US-285","",486,31.47625278,-103.52116111,0,12,2,0,1,1,0,2,2,1,0,1,0,"0000000",2,41,3,38,5,44,0,0,0,3,0
48,481674,2,2,0,0,0,5,5,201,0,1,7,2016,6,1,43,0,2,3,98,8,"FM1960 HUMBLE WESTFIELD RD","",209,30.01086944,-95.32851667,0,12,1,0,1,1,0,1,2,1,0,1,0,"0000000",99,98,99,98,88,88,0,0,0,1,0
48,481675,2,2,0,0,0,2,2,167,3850,2,7,2016,7,18,38,1,2,3,98,3,"SR-3","FM1765",138,29.37897778,-94.97010278,0,12,6,0,2,2,0,1,1,1,0,1,0,"0000000",18,40,18,43,18,50,0,0,0,1,1
48,481676,2,2,0,1,1,2,2,201,3280,2,7,2016,7,2,20,1,2,1,1,1,"I-45 GULF FWY","",208,29.73056389,-95.34054167,0,8,0,0,1,1,0,1,2,1,0,1,0,"0000000",99,98,99,98,88,88,19,23,0,1,1
48,481677,1,1,0,0,0,1,1,257,0,2,7,2016,7,17,45,0,1,4,98,2,"US-80","",226,32.72002222,-96.1511,0,58,0,0,1,1,0,4,1,1,0,1,0,"0000000",99,98,99,98,88,88,0,0,0,1,1
48,481678,2,2,0,0,0,2,2,359,0,2,7,2016,7,13,11,1,1,1,1,1,"I-40","",173,35.25275278,-102.471625,0,12,8,0,1,1,0,1,1,1,0,1,0,"0000000",13,33,14,11,99,99,0,0,0,1,0
48,481679,2,2,0,0,0,4,4,29,6090,3,7,2016,1,18,52,1,2,3,98,3,"SR-151 RAMP","SL1604",0,29.48494722,-98.70982222,0,26,0,1,19,1,1,4,1,1,0,1,0,"0000000",99,98,99,98,88,88,14,0,0,2,0
48,481680,2,2,0,0,0,2,2,265,3670,3,7,2016,1,13,39,0,8,98,98,6,"PARK LN","",0,30.04413611,-99.14416667,0,12,2,0,1,1,0,1,1,1,0,1,0,"0000000",99,99,99,99,99,99,0,0,0,1,0
48,481681,1,1,0,0,0,1,1,339,0,3,7,2016,1,10,50,0,1,5,98,8,"FM149","",57,30.5332,-95.73716944,0,1,0,0,1,1,0,4,1,1,0,1,0,"0000000",99,99,99,99,99,99,0,0,0,1,0
48,481682,3,3,0,0,0,3,3,201,3280,4,7,2016,2,1,0,1,2,1,1,1,"I-69/US-59 SOUTHWEST FWY","",119,29.70266389,-95.51485833,0,12,1,0,1,1,0,1,3,1,0,1,0,"0000000",1,24,1,36,1,50,19,23,0,1,2
48,481683,2,2,0,0,0,2,2,201,0,4,7,2016,2,21,40,1,2,3,98,3,"SR-6","CR-RIDGE PARK DR",36,29.88651944,-95.64404444,0,12,6,0,2,2,0,1,2,1,0,1,0,"0000000",99,98,99,98,88,88,0,0,0,1,0
48,481684,2,2,0,0,0,2,2,245,5430,4,7,2016,2,5,29,0,8,98,98,6,"25TH ST","",0,29.903175,-93.93781389,0,12,2,0,1,1,0,1,2,1,0,1,0,"0000000",99,99,99,99,99,99,0,0,0,1,0
48,481685,1,1,0,0,0,1,1,491,0,4,7,2016,2,10,6,1,1,4,98,3,"SR-195","",275,30.76069167,-97.73840278,0,59,0,0,1,1,0,4,1,1,0,1,0,"0000000",99,98,99,98,88,88,0,0,0,1,0
48,481686,2,2,0,0,0,3,3,79,0,5,7,2016,3,17,20,0,1,4,98,3,"SR-214","",292,33.43379444,-102.82059167,0,12,2,0,1,1,0,1,1,10,0,10,0,"0000000",17,23,17,47,18,27,0,0,0,1,0
48,481687,2,2,0,0,0,2,2,181,6350,5,7,2016,3,22,32,0,2,4,98,3,"SR-56 HOUSTON ST","",172,33.62577222,-96.65479167,0,12,1,0,8,1,0,1,2,1,0,1,0,"0000000",99,99,99,99,99,99,0,0,0,1,0
48,481688,2,2,0,0,0,4,4,395,0,5,7,2016,3,21,17,1,1,3,98,2,"US-79/190","",45,30.83154444,-96.64595,0,12,1,0,8,1,0,1,2,1,0,1,0,"0000000",99,99,99,99,99,99,0,0,0,2,0
48,481689,3,3,0,0,0,8,8,201,3280,6,7,2016,4,22,40,1,2,1,1,1,"I-610","",63,29.81394722,-95.36961111,0,12,1,0,1,1,0,1,2,10,0,10,0,"0000000",22,37,22,48,23,12,0,0,0,1,2