"STATE","ST_CASE","VE_TOTAL","VE_FORMS","PVH_INVL","PEDS","PERNOTMVIT","PERMVIT","PERSONS","COUNTY","CITY","DAY","MONTH","YEAR","DAY_WEEK","HOUR","MINUTE","NHS","RUR_URB","FUNC_SYS","RD_OWNER","ROUTE","TWAY_ID","TWAY_ID2","MILEPT","LATITUDE","LONGITUD","SP_JUR","HARM_EV","MAN_COLL","RELJCT1","RELJCT2","TYP_INT","WRK_ZONE","REL_ROAD","LGT_COND","WEATHER1","WEATHER2","WEATHER","SCH_BUS","RAIL","NOT_HOUR","NOT_MIN","ARR_HOUR","ARR_MIN","HOSP_HR","HOSP_MN","CF1","CF2","CF3","FATALS","DRUNK_DR"
48,481690,1,1,0,0,0,2,2,407,0,6,7,2016,4,14,0,0,1,5,98,8,"FM1514","",10,30.61781667,-95.11901111,0,1,0,0,1,1,0,4,1,1,0,1,0,"0000000",99,99,99,99,99,99,0,0,0,1,0
48,481691,3,3,0,0,0,6,6,453,330,6,7,2016,4,15,16,1,2,2,98,7,"US-290","DECKER LN",69,30.33656944,-97.59985833,0,12,6,0,2,2,0,1,1,1,0,1,0,"0000000",15,19,15,26,15,50,0,0,0,1,0
48,481692,2,2,0,0,0,4,4,15,6280,7,7,2016,5,10,2,1,2,5,98,3,"SR-36/MEYER ST","",75,29.77031111,-96.154775,0,50,0,0,1,1,0,1,1,1,0,1,0,"0000000",99,99,99,99,99,99,14,0,0,1,0
48,481693,2,2,0,0,0,7,7,369,0,7,7,2016,5,7,54,0,1,4,98,3,"SR-86","SR-214",85,34.8988,-102.22416111,0,12,6,0,2,2,0,1,1,1,0,1,0,"0000000",99,99,99,99,99,99,0,0,0,1,0
48,481694,2,2,0,0,0,2,2,439,260,7,7,2016,5,23,18,0,8,98,98,6,"PLEASANT RIDGE RD","WINDHURST DR",0,32.67764167,-97.14433889,0,12,6,0,2,3,0,1,3,1,0,1,0,"0000000",99,99,99,99,99,99,0,0,0,1,0
48,481695,1,1,0,0,0,1,1,201,0,8,7,2016,6,2,0,0,8,98,98,4,"CR-COSSEY RD","",0,30.01118889,-95.57716111,0,1,0,0,1,1,0,4,2,1,0,1,0,"0000000",2,1,2,12,2,52,0,0,0,1,1
48,481696,2,2,0,0,0,2,2,215,4650,8,7,2016,6,11,36,1,2,3,98,8,"FM 495","",54,26.223625,-98.28018889,0,12,6,0,8,1,0,1,1,1,0,1,0,"0000000",11,37,11,43,12,5,0,0,0,1,0
48,481697,3,3,0,0,0,8,8,303,4140,8,7,2016,6,21,27,1,2,3,98,2,"US-84/AVE Q","",26,33.56415833,-101.85534167,0,12,2,0,1,1,0,1,3,10,0,10,0,"0000000",21,30,21,33,21,49,0,0,0,1,2
48,481698,2,2,0,0,0,3,3,379,0,8,7,2016,6,16,55,1,1,3,98,2,"US-69","",73,32.81216111,-95.66386111,0,12,2,0,1,1,0,1,1,1,0,1,0,"0000000",99,99,99,99,99,99,0,0,0,1,0
48,481699,1,1,0,0,0,4,4,341,0,9,7,2016,7,0,26,0,1,5,98,8,"FM 119","",106,35.94256944,-101.87378889,0,1,0,0,1,1,0,4,2,1,0,1,0,"0000000",0,43,1,26,2,13,0,0,0,2,0
48,481700,1,1,0,1,1,1,1,453,330,9,7,2016,7,5,50,1,2,3,98,8,"FM 734/PARMER LN","HARRISGLEN DR",15,30.39945833,-97.65500278,0,8,0,0,3,3,0,1,2,1,0,1,0,"0000000",99,98,99,98,88,88,0,0,0,1,0
48,481701,1,1,0,0,0,4,4,29,0,10,7,2016,1,19,45,0,8,98,98,4,"CR-NELSON","",0,29.31942778,-98.65056667,0,21,0,0,1,1,0,4,1,1,0,1,0,"0000000",99,99,99,99,99,99,0,0,0,1,0
48,481702,2,2,0,0,0,3,3,113,1730,10,7,2016,1,18,30,0,8,98,98,6,"ABRAMS RD","RICHMOND AVE",0,32.816125,-96.75296389,0,12,6,0,2,2,0,1,1,1,0,1,0,"0000000",99,99,99,99,99,99,0,0,0,1,0
48,481703,1,1,0,0,0,3,3,401,0,10,7,2016,1,10,2,1,1,3,98,2,"US-259","",75,32.34652778,-94.86423889,0,1,0,0,1,1,0,1,1,10,0,10,0,"0000000",99,99,99,99,99,99,0,0,0,2,0
48,481704,1,1,0,0,0,1,1,453,330,10,7,2016,1,6,40,0,8,98,98,6,"STECK AVE","MESA DR",0,30.37432778,-97.75561111,0,33,0,0,3,2,0,8,4,10,0,10,0,"0000000",99,98,99,98,88,88,0,0,0,1,0
48,481705,3,3,0,0,0,5,5,141,0,1,7,2016,6,22,55,1,1,1,1,1,"I-10","",568,31.45866389,-106.04614722,0,12,6,0,1,1,0,1,2,1,0,1,0,"0000000",23,35,23,46,0,44,23,0,0,1,0
48,481706,2,2,0,0,0,2,2,257,0,1,7,2016,6,19,15,0,1,4,98,2,"US-80","",181,32.73043333,-96.23156944,0,12,1,0,1,1,0,1,5,1,0,1,0,"0000000",19,18,19,27,20,9,0,0,0,1,0
48,481707,2,2,0,0,0,4,4,91,4870,5,7,2016,3,11,34,1,2,1,1,1,"I-35","",118,29.69981389,-98.0942,0,12,1,0,1,1,0,2,1,1,0,1,0,"0000000",11,35,11,39,12,27,19,0,0,1,0
48,481708,1,1,0,0,0,1,1,325,1890,8,7,2016,6,2,0,1,1,1,1,1,"I-35","",30,29.11759167,-98.91856111,0,24,0,0,1,1,0,4,2,1,0,1,0,"0000000",99,99,99,99,99,99,0,0,0,1,0
48,481709,2,1,1,0,1,2,3,257,0,9,7,2016,7,3,46,0,1,4,98,2,"US-80","",246,32.71571111,-96.11840833,0,14,0,0,1,1,0,2,2,1,0,1,0,"0000000",3,51,4,5,4,57,14,0,0,1,1
48,481710,1,1,0,0,0,1,1,329,4560,9,7,2016,7,19,52,0,8,98,98,6,"TRADEWINDS","",0,31.98421944,-102.1545,0,33,0,0,1,1,0,4,1,1,0,1,0,"0000000",19,53,19,57,20,10,0,0,0,1,1
48,481711,2,2,0,0,0,2,2,61,3780,30,5,2016,2,11,11,0,2,5,98,8,"FM506","",72,26.1437,-97.82384722,0,12,2,0,1,1,0,1,1,1,0,1,0,"0000000",99,99,99,99,99,99,0,0,0,1,0
48,481712,1,1,0,1,1,4,4,479,3899,24,6,2016,6,1,30,0,8,98,98,6,"HAYNES AVE","",0,27.54570833,-99.49453611,0,8,0,0,1,1,0,1,2,1,0,1,0,"0000000",99,98,99,98,88,88,0,0,0,1,0
48,481713,1,1,0,1,1,1,1,361,7200,25,6,2016,7,23,8,1,2,1,1,7,"I-10","",86,30.13017222,-93.97347222,0,8,0,0,1,1,0,1,2,1,0,1,0,"0000000",99,98,99,98,88,88,0,0,0,1,0
48,481714,1,1,0,0,0,1,1,157,0,30,6,2016,5,19,46,1,1,3,98,3,"SR-16","",170,29.34954167,-95.77786111,0,53,0,0,1,1,0,4,1,1,0,1,0,"0000000",99,99,99,99,99,99,0,0,0,1,0
48,481715,2,2,0,0,0,2,2,165,0,30,6,2016,5,14,58,0,1,5,98,3,"SR-83","SR-214",10,32.943975,-102.80915,0,12,6,0,2,2,0,1,1,1,0,1,0,"0000000",15,12,15,24,16,29,0,0,0,1,0
48,481716,1,1,0,0,0,4,4,113,1730,2,7,2016,7,2,0,0,8,98,98,6,"LINDSLEY AVE","",0,32.78867778,-96.76011389,0,30,0,0,1,1,0,4,3,1,0,1,0,"0000000",99,99,99,99,99,99,0,0,0,1,0
48,481717,2,1,1,0,0,2,2,215,4650,2,7,2016,7,23,43,1,2,3,98,8,"FM1016","",131,26.169575,-98.33374444,0,1,0,0,1,1,0,4,2,1,0,1,0,"0000000",23,43,23,49,0,34,14,20,0,1,1
48,481718,1,1,0,0,0,1,1,187,0,3,7,2016,1,2,23,1,1,1,1,7,"I-10","",58,29.53275278,-98.0972,0,1,0,0,1,1,0,1,2,1,0,1,0,"0000000",99,98,99,98,88,88,0,0,0,1,1
48,481719,4,4,0,0,0,8,8,85,7620,4,7,2016,2,1,8,0,2,4,98,3,"SR-78 LAVON PKWY","",329,33.0227,-96.50687778,0,12,2,0,1,1,0,1,2,1,0,1,0,"0000000",1,8,1,20,1,48,0,0,0,1,0
48,481720,3,3,0,0,0,5,5,231,0,5,7,2016,3,15,55,1,2,3,98,2,"US-69 JOE RAMSEY BLVD","",18,33.15720278,-96.13539722,0,12,2,0,1,1,0,1,1,1,0,1,0,"0000000",99,99,99,99,99,99,14,0,0,1,0
48,481721,1,1,0,0,0,1,1,303,0,6,7,2016,4,16,0,0,1,6,98,8,"FM 2150","",43,33.41793889,-101.56345,0,1,0,0,1,1,0,4,1,1,0,1,0,"0000000",99,98,99,98,88,88,0,0,0,1,0
48,481722,3,3,0,0,0,10,10,113,1730,9,7,2016,7,14,25,0,8,98,98,6,"AUDELIA RD","FOREST RD",0,32.90940833,-96.71783056,0,12,6,0,2,2,0,1,1,10,0,10,0,"0000000",99,99,99,99,99,99,0,0,0,1,0
48,481723,1,1,0,0,0,2,2,37,0,10,7,2016,1,4,23,1,1,3,98,2,"US-82","",30,33.53901944,-94.69503889,0,1,0,0,1,1,0,4,2,1,0,1,0,"0000000",99,98,99,98,88,88,0,0,0,2,1
48,481724,1,1,0,0,0,1,1,473,0,11,7,2016,2,20,36,0,8,98,98,4,"CR-RILEY RD","",0,30.24133056,-95.83123889,0,59,0,0,1,1,0,4,1,1,0,1,0,"0000000",99,99,99,99,88,88,0,0,0,1,0
48,481725,2,1,1,0,0,1,1,201,3280,12,7,2016,3,13,45,0,8,98,98,6,"FERRIS","",0,29.68816667,-95.47187778,0,1,0,0,1,1,0,7,1,1,0,1,0,"0000000",13,40,13,46,99,99,20,0,0,1,0
48,481726,2,2,0,0,0,4,4,7,5890,13,7,2016,4,15,41,0,2,4,98,8,"BS 35","",11,28.01563333,-97.06244722,0,12,2,0,1,1,0,1,1,1,0,1,0,"0000000",15,46,16,29,16,49,0,0,0,1,0
48,481727,2,2,0,0,0,2,2,259,740,13,7,2016,4,17,42,1,2,3,1,7,"I-10","US-87/MAIN ST",266,29.81875,-98.75226111,0,12,6,1,2,2,0,1,1,1,0,1,0,"0000000",17,55,18,7,88,88,0,0,0,1,0
48,481728,1,1,0,1,1,1,1,441,30,13,7,2016,4,1,34,0,8,98,98,6,"T & P LANE","",0,32.43771667,-99.711725,0,8,0,0,1,1,0,1,2,1,0,1,0,"0000000",99,98,99,98,88,88,0,0,0,1,0
48,481729,1,1,0,0,0,1,1,29,6090,14,7,2016,5,0,32,0,8,98,98,6,"CESAR CHAVEZ BLVD","",0,29.4168,-98.48439444,0,33,0,0,1,1,0,4,3,1,0,1,0,"0000000",99,98,99,98,88,88,0,0,0,1,0
48,481730,1,1,0,0,0,4,4,113,6260,4,4,2016,2,0,0,1,2,2,98,2,"US-175/CF HAWN FWY","",115,32.67023611,-96.58998056,0,42,0,1,5,1,0,4,3,1,0,1,0,"0000000",99,99,99,99,99,99,20,0,0,1,0
48,481731,1,1,0,0,0,2,2,113,1730,6,5,2016,6,5,46,0,8,98,98,6,"DALLAS NORTH TOLLWAY","",0,32.95106111,-96.82341111,0,25,0,1,19,1,0,8,3,1,0,1,0,"0000000",99,99,99,99,99,99,0,0,0,1,1
48,481732,1,1,0,0,0,1,1,309,7210,12,6,2016,1,6,34,0,8,98,98,6,"RICHTER ST","SPEIGHT AVE",0,31.52043056,-97.14695278,0,1,0,0,2,2,0,1,4,10,0,10,0,"0000000",6,36,6,42,7,12,0,0,0,1,0
48,481733,1,1,0,0,0,2,2,329,0,20,6,2016,2,2,31,0,8,98,98,4,"CR-55","CR-1130",0,32.07125,-101.99901667,0,1,0,0,1,1,0,1,2,1,0,1,0,"0000000",2,9,2,24,2,44,0,0,0,1,1
48,481734,1,1,0,0,0,2,2,109,0,26,6,2016,1,11,55,1,1,1,1,1,"I-10","",166,31.05066667,-104.640325,0,1,0,0,1,1,0,1,1,1,0,1,0,"0000000",99,99,99,99,88,88,0,0,0,1,0
48,481735,2,2,0,0,0,2,2,119,1530,28,6,2016,3,18,5,1,1,3,98,3,"SR-24","",100,33.37093889,-95.70890556,0,12,6,0,1,1,0,1,1,1,0,1,0,"0000000",99,98,99,98,88,88,0,0,0,1,1
48,481736,1,1,0,1,1,1,1,229,0,28,6,2016,3,20,39,1,1,1,1,7,"I-10","",272,31.2166,-105.48826111,0,9,0,0,1,1,0,1,2,1,0,1,0,"0000000",20,50,20,59,22,26,0,0,0,1,0
48,481737,2,2,0,0,0,2,2,29,6090,1,7,2016,6,14,3,0,8,98,98,6,"SHAENFIELD RD","",0,29.51603333,-98.69428889,0,12,6,0,8,1,0,1,1,1,0,1,0,"0000000",99,99,99,99,99,99,0,0,0,1,0
48,481738,1,1,0,0,0,1,1,19,410,5,7,2016,3,4,5,0,1,4,98,3,"SR-16","",139,29.73186944,-99.07971944,0,1,0,0,1,1,0,4,3,1,0,1,0,"0000000",99,98,99,98,88,88,0,0,0,1,0
48,481739,1,1,0,1,1,2,2,113,1730,5,7,2016,3,19,39,1,2,1,1,1,"I-635 LBJ FWY","",54,32.921175,-96.75048333,0,8,0,1,18,1,0,1,1,1,0,1,0,"0000000",99,99,99,99,99,99,0,0,0,1,0
48,481740,2,2,0,0,0,6,6,185,0,5,7,2016,3,23,26,0,1,4,98,3,"SR-90","",165,30.61975278,-95.95252222,0,12,2,0,1,1,0,1,2,10,0,10,0,"0000000",23,24,23,38,0,28,0,0,0,2,1
48,481741,2,2,0,0,0,2,2,65,0,6,7,2016,4,17,10,0,1,4,98,3,"SR-152","",33,35.61176944,-101.23131111,0,12,2,0,1,1,0,1,1,1,0,1,0,"0000000",99,98,99,98,88,88,0,0,0,1,0
48,481742,1,1,0,0,0,3,3,337,0,8,7,2016,6,18,25,0,1,6,98,8,"FM 1816","",97,33.67588611,-97.84071944,0,1,0,0,1,1,0,4,1,1,0,1,0,"0000000",18,34,18,59,19,56,0,0,0,1,1
48,481743,1,1,0,0,0,2,2,467,0,8,7,2016,6,4,0,1,1,1,1,1,"I-20","",178,32.55531944,-95.79431111,0,1,0,0,1,1,0,10,2,1,0,1,0,"0000000",99,99,99,99,99,99,0,0,0,1,0
48,481744,2,2,0,0,0,3,3,181,0,9,7,2016,7,18,0,0,1,4,98,2,"US-377","",39,33.59745,-96.91143611,0,12,6,0,1,1,0,4,1,2,0,2,0,"0000000",17,51,17,58,18,46,0,0,0,1,1
48,481745,1,1,0,0,0,1,1,201,3280,9,7,2016,7,18,50,1,2,2,98,8,"SL 8 SAM HOUSTON PKWY","",57,29.93908056,-95.39704167,0,25,0,1,19,1,0,3,1,1,0,1,0,"0000000",99,98,99,98,88,88,0,0,0,1,0
48,481746,3,3,0,0,0,6,6,161,0,9,7,2016,7,11,46,1,1,3,98,2,"US-79","",29,31.57463056,-95.88014722,0,12,6,0,1,1,0,1,1,1,0,1,0,"0000000",11,50,12,1,99,99,0,0,0,1,0
48,481747,1,1,0,1,1,2,2,91,1012,10,7,2016,1,0,21,1,1,3,98,2,"US-281","",141,29.80982778,-98.41806667,0,8,0,0,1,1,0,1,2,1,0,1,0,"0000000",99,98,99,98,88,88,0,0,0,1,0
48,481748,2,2,0,0,0,4,4,147,0,10,7,2016,1,16,21,1,1,3,98,2,"US-82","",108,33.60515556,-96.19573333,0,12,2,1,19,1,0,10,1,1,0,1,0,"0000000",16,23,16,26,17,6,0,0,0,2,0
48,481749,2,2,0,0,0,3,3,299,0,10,7,2016,1,15,18,0,1,4,98,3,"SR-71","",245,30.51439167,-98.39288611,0,12,2,0,1,1,0,1,1,10,0,10,0,"0000000",15,30,15,46,16,32,0,0,0,1,0
48,481750,2,2,0,0,0,2,2,71,0,13,7,2016,4,12,42,1,1,1,1,1,"I-10","",31,29.85303056,-94.36315833,0,12,1,0,1,1,0,1,1,1,0,1,0,"0000000",99,98,99,98,88,88,0,0,0,1,0
48,481751,1,1,0,0,0,1,1,139,0,14,7,2016,5,21,15,0,1,5,98,8,"FM 813","",22,32.44874167,-96.79511111,0,1,0,0,1,1,0,4,2,1,0,1,0,"0000000",99,98,99,98,88,88,0,0,0,1,0
48,481753,2,2,0,0,0,2,2,253,0,14,7,2016,5,13,47,0,1,5,98,8,"FM 707","",100,32.62003611,-99.91968056,0,12,6,0,1,1,0,1,1,1,0,1,0,"0000000",99,98,99,98,88,88,0,0,0,1,0
48,481754,1,1,0,0,0,2,2,491,0,14,7,2016,5,13,10,0,1,5,98,8,"FM 1331","",66,30.67291944,-97.3521,0,1,0,0,1,1,0,1,1,1,0,1,0,"0000000",13,16,13,28,14,9,0,0,0,1,0
48,481755,1,1,0,0,0,1,1,21,0,15,7,2016,6,4,58,0,1,5,98,8,"FM 3000","",22,30.35671111,-97.35257778,0,1,0,0,1,1,0,4,2,1,0,1,0,"0000000",99,98,99,98,88,88,0,0,0,1,1
48,481756,1,1,0,0,0,1,1,85,2282,15,7,2016,6,22,40,0,8,98,98,6,"STONE CREEK DR","",0,33.14462222,-96.60848889,0,43,0,0,1,1,0,5,3,1,0,1,0,"0000000",22,42,22,47,23,11,0,0,0,1,1
48,481757,2,2,0,1,1,1,1,439,2450,15,7,2016,6,3,9,1,2,1,1,1,"I-820 LOOP","",77,32.77061944,-97.47569722,0,12,1,1,18,1,0,1,2,1,0,1,0,"0000000",3,11,3,18,4,6,19,0,0,1,0
48,481758,1,1,0,1,1,1,1,29,6090,16,7,2016,7,2,58,1,2,1,1,7,"I-35","",348,29.53873889,-98.38048611,0,8,0,1,18,1,0,1,3,1,0,1,0,"0000000",99,98,99,98,88,88,0,0,0,1,0
48,481759,2,2,0,2,2,3,3,29,6090,16,7,2016,7,3,50,1,2,1,1,1,"I-10","WEST AVE",211,29.48123889,-98.52600556,0,12,1,1,18,1,0,1,3,1,0,1,0,"0000000",99,99,99,99,99,99,0,0,0,1,0
48,481760,2,2,0,0,0,2,2,439,2450,17,7,2016,1,2,7,0,2,4,98,8,"FM 1220 BOAT CLUB RD","PINIONPARK WAY",83,32.83873611,-97.42528611,0,12,2,0,2,3,0,1,2,1,0,1,0,"0000000",99,98,99,98,88,88,0,0,0,1,0
48,481761,1,1,0,0,0,2,2,441,0,17,7,2016,1,12,54,0,1,5,98,8,"FM613","",35,32.24134722,-99.84303889,0,1,0,0,1,1,0,4,1,6,0,6,0,"0000000",12,59,13,11,13,51,0,0,0,1,0
48,481762,2,2,0,0,0,2,2,141,0,17,7,2016,1,3,43,1,1,1,1,1,"I-10","",519,31.50331944,-106.11679444,0,12,6,1,18,1,0,1,3,1,0,1,0,"0000000",99,98,99,98,88,88,0,0,0,1,1
48,481764,5,5,0,0,0,6,6,113,4530,24,6,2016,6,23,50,1,2,1,1,1,"I-30","",237,32.81674444,-96.64065833,0,12,1,0,1,1,0,1,3,1,0,1,0,"0000000",99,99,99,99,99,99,19,27,0,1,1
48,481765,3,3,0,0,0,3,3,397,6010,29,6,2016,4,4,53,1,1,1,1,1,"I-30","",146,32.974425,-96.31911944,0,18,0,0,1,1,0,1,2,1,0,1,0,"0000000",99,98,99,98,88,88,0,0,0,3,0
48,481766,2,2,0,0,0,3,3,201,0,6,7,2016,4,15,10,0,8,98,98,4,"CR-GREENHOUSE RD","CR-OAK RIDGE PARK DR",0,29.81176389,-95.70391944,0,12,6,0,2,2,0,1,1,1,0,1,0,"0000000",99,98,99,98,88,88,0,0,0,1,0
48,481767,1,1,0,0,0,1,1,419,0,11,7,2016,2,20,15,0,1,4,98,3,"SR-147","",11,31.70996389,-94.06385,0,42,0,0,1,1,0,4,5,1,0,1,0,"0000000",99,98,99,98,88,88,0,0,0,1,1
48,481768,3,3,0,0,0,4,4,215,5330,15,7,2016,6,12,57,0,2,4,98,8,"FM3461 NOLANA LP","VETERANS RD",29,26.23103056,-98.16103611,0,12,6,0,2,2,0,1,1,1,0,1,0,"0000000",12,52,12,56,13,27,0,0,0,1,0
48,481769,2,2,0,0,0,4,4,407,0,15,7,2016,6,17,14,1,1,3,98,2,"US-59","CR-REGENCY DR",107,30.43468889,-95.03569722,0,12,6,0,2,2,1,1,1,1,0,1,0,"0000000",18,12,18,32,19,18,99,99,99,1,0
48,481770,1,1,0,0,0,1,1,485,7490,16,7,2016,7,23,37,1,2,3,98,8,"SL11","",65,33.92670556,-98.53610278,0,33,0,0,1,1,0,4,2,1,0,1,0,"0000000",99,99,99,99,99,99,0,0,0,1,0
48,481771,1,1,0,0,0,1,1,407,0,17,7,2016,1,0,23,0,1,5,98,8,"FM1127","",35,30.54930556,-94.92000556,0,1,0,0,1,1,0,4,2,1,0,1,0,"0000000",99,98,99,98,88,88,0,0,0,1,1
48,481772,1,1,0,0,0,4,4,161,2280,18,7,2016,2,9,45,1,1,1,1,1,"I-45","",163,31.70338611,-96.17300278,0,1,0,0,1,1,0,1,1,1,0,1,0,"0000000",99,99,99,99,99,99,0,0,0,1,0
48,481773,1,1,0,0,0,1,1,113,1730,23,6,2016,5,2,0,0,8,98,98,6,"INWOOD RD","",0,32.88761111,-96.82108333,0,39,0,0,1,1,0,5,3,1,0,1,0,"0000000",99,98,99,98,88,88,0,0,0,1,1
48,481774,1,1,0,1,1,1,1,113,1730,25,6,2016,7,1,30,1,2,1,1,1,"I-635 LBJ FWY","",12,32.8812,-96.69246667,0,8,0,0,1,1,0,1,3,1,0,1,0,"0000000",99,98,99,98,88,88,0,0,0,1,0
48,481775,2,2,0,0,0,3,3,113,4530,12,7,2016,3,2,36,1,2,1,1,1,"I-635","",75,32.80447778,-96.62673056,0,12,2,0,1,1,0,1,3,10,0,10,0,"0000000",2,39,2,45,3,8,20,0,0,2,1
48,481776,1,1,0,0,0,1,1,141,2190,14,2,2016,1,13,27,1,2,1,1,7,"I-10","",340,31.70965,-106.29359722,0,26,0,0,1,1,0,10,1,1,0,1,0,"0000000",13,28,13,36,13,58,0,0,0,1,0
48,481777,1,1,0,1,1,3,3,21,0,8,7,2016,6,15,9,1,1,3,98,3,"SR-71","",226,30.05186389,-97.19654722,0,9,0,0,1,1,0,1,1,1,0,1,0,"0000000",99,99,99,99,99,99,0,0,0,1,0
48,481778,2,2,0,0,0,2,2,471,5812,8,7,2016,6,13,10,0,1,5,98,8,"FM980","",12,30.84001944,-95.39385556,0,12,6,0,8,1,0,1,1,1,0,1,0,"0000000",99,98,99,98,88,88,0,0,0,1,0
48,481779,1,1,0,0,0,2,2,471,0,10,7,2016,1,7,33,0,1,5,98,3,"SR-75","",115,30.75240278,-95.6447,0,38,0,0,1,1,0,5,1,1,0,1,0,"0000000",7,39,8,9,9,5,0,0,0,1,0
48,481780,1,1,0,0,0,1,1,121,0,14,7,2016,5,23,30,0,1,5,98,8,"FM2931","",77,33.24807778,-96.956825,0,52,0,0,1,1,0,4,2,1,0,1,0,"0000000",23,42,23,49,0,20,0,0,0,1,0
48,481781,1,1,0,0,0,1,1,303,4140,15,7,2016,6,22,50,0,1,5,98,8,"FM 1294/DREW ST","",206,33.69395556,-101.82119167,0,43,0,0,1,1,0,4,2,10,0,10,0,"0000000",99,98,99,98,88,88,0,0,0,1,0
48,481782,1,1,0,0,0,1,1,141,2190,17,7,2016,1,5,20,0,8,98,98,6,"HONDO PASS DR","",0,31.86981944,-106.42995833,0,30,0,0,1,1,0,4,3,1,0,1,0,"0000000",99,98,99,98,88,88,0,0,0,1,1
48,481783,1,1,0,0,0,1,1,209,0,17,7,2016,1,22,4,0,8,98,98,4,"CR-163/NUTTY BROWN RD","",0,30.17698889,-97.96465,0,32,0,0,1,1,0,4,2,1,0,1,0,"0000000",99,98,99,98,88,88,0,0,0,1,0
48,481784,1,1,0,0,0,1,1,475,0,6,6,2016,2,21,40,1,1,1,1,1,"I-20","",107,31.49655833,-103.24860556,0,1,0,0,1,1,0,3,2,1,0,1,0,"0000000",99,98,99,98,88,88,0,0,0,1,0
48,481785,1,1,0,0,0,1,1,119,0,16,6,2016,5,7,0,0,1,5,98,8,"FM 1533","",12,33.42633611,-95.74462222,0,1,0,0,1,1,0,4,1,1,0,1,0,"0000000",99,98,99,98,88,88,0,0,0,1,1
48,481786,1,1,0,0,0,1,1,139,0,27,6,2016,2,7,0,0,1,5,98,8,"FM 85","",140,32.3183,-96.5274,0,1,0,0,1,1,0,4,1,1,0,1,0,"0000000",99,98,99,98,88,88,0,0,0,1,0
48,481787,1,1,0,1,1,1,1,201,0,12,7,2016,3,0,50,0,8,98,98,4,"CR-WEST RD","",0,29.91463333,-95.43455556,0,8,0,0,1,1,0,1,2,1,0,1,0,"0000000",99,98,99,98,88,88,0,0,0,1,0
48,481788,2,2,0,0,0,2,2,141,2190,14,7,2016,5,22,59,1,2,2,98,7,"SL 375/JOE BATTLE BLVD","",85,31.75402222,-106.26805,0,12,1,0,1,1,0,1,3,1,0,1,0,"0000000",99,98,99,98,88,88,0,0,0,1,1
48,481789,2,2,0,0,0,2,2,349,0,15,7,2016,6,14,30,0,1,4,98,2,"US-287","",1,31.98285,-96.11741944,0,12,6,0,1,1,0,1,1,1,0,1,0,"0000000",14,30,14,54,15,28,23,0,0,1,0
48,481790,2,2,0,0,0,3,3,39,0,18,7,2016,2,12,53,0,2,5,98,8,"FM 523","",12,29.18903889,-95.38765,0,12,2,0,1,1,0,1,1,2,0,2,0,"0000000",13,21,13,24,13,31,0,0,0,2,0
48,481791,1,1,0,0,0,1,1,117,0,18,7,2016,2,1,3,0,8,98,98,4,"CR-TIERRA BLANCA RD","",0,34.82431111,-102.45851111,0,38,0,0,1,1,0,4,2,1,0,1,0,"0000000",99,98,99,98,88,88,0,0,0,1,1
48,481792,1,1,0,0,0,1,1,147,0,18,7,2016,2,15,28,0,1,5,98,8,"FM 64","",37,33.43421111,-95.89638889,0,42,0,0,1,1,0,4,1,1,0,1,0,"0000000",99,98,99,98,88,88,0,0,0,1,0
48,481793,2,2,0,0,0,6,6,61,940,19,7,2016,3,12,14,1,2,3,98,7,"SR-550/FRONTAGE RD","FM 1847",38,26.013075,-97.48155833,0,12,6,1,2,2,0,1,1,1,0,1,0,"0000000",12,17,12,24,12,46,0,0,0,1,0
48,481794,1,1,0,1,1,1,1,141,2190,21,7,2016,5,13,2,1,2,2,98,7,"SL 375/AMERICAS AVE","",131,31.68881667,-106.29622222,0,8,0,0,1,1,0,1,1,1,0,1,0,"0000000",99,99,99,99,99,99,0,0,0,1,0
48,481795,2,2,0,0,0,3,3,167,3220,17,7,2016,1,19,6,0,2,4,98,8,"FM 2004","",84,29.321525,-95.06070278,0,12,1,0,8,1,0,1,1,1,0,1,0,"0000000",99,98,99,98,88,88,0,0,0,1,1
48,481796,1,1,0,1,1,1,1,355,5850,23,4,2016,7,22,5,1,2,3,98,3,"SR-44/ J AVE","",99,27.79963611,-97.68223889,0,8,0,0,1,1,0,1,3,1,0,1,0,"0000000",22,17,22,22,22,49,0,0,0,1,0
48,481797,2,2,0,0,0,3,3,485,7490,2,5,2016,2,22,46,1,2,2,98,7,"US-82/KELL BLVD","TAFT BLVD",299,33.889125,-98.51881111,0,12,6,0,2,2,0,1,3,1,0,1,0,"0000000",22,49,22,54,23,15,0,0,0,1,1
48,481798,2,2,0,0,0,3,3,257,0,5,7,2016,3,2,19,0,1,4,98,3,"SR-243","",160,32.57504167,-96.195575,0,12,6,0,1,1,0,1,2,2,0,2,0,"0000000",99,99,99,99,99,99,0,0,0,1,0
48,481799,1,1,0,0,0,5,5,141,0,21,6,2016,3,2,6,0,8,98,98,4,"CR-FLAGER ST","",0,31.82896389,-106.19901389,0,43,0,0,1,1,0,5,2,1,0,1,0,"0000000",2,30,2,36,3,12,0,0,0,1,0