"STATE","ST_CASE","VE_TOTAL","VE_FORMS","PVH_INVL","PEDS","PERNOTMVIT","PERMVIT","PERSONS","COUNTY","CITY","DAY","MONTH","YEAR","DAY_WEEK","HOUR","MINUTE","NHS","RUR_URB","FUNC_SYS","RD_OWNER","ROUTE","TWAY_ID","TWAY_ID2","MILEPT","LATITUDE","LONGITUD","SP_JUR","HARM_EV","MAN_COLL","RELJCT1","RELJCT2","TYP_INT","WRK_ZONE","REL_ROAD","LGT_COND","WEATHER1","WEATHER2","WEATHER","SCH_BUS","RAIL","NOT_HOUR","NOT_MIN","ARR_HOUR","ARR_MIN","HOSP_HR","HOSP_MN","CF1","CF2","CF3","FATALS","DRUNK_DR"
48,481800,1,1,0,0,0,6,6,355,1550,4,7,2016,2,22,56,1,2,1,1,1,"I-37","",54,27.80518611,-97.4857,0,1,0,0,1,1,0,4,3,1,0,1,0,"0000000",99,99,99,99,99,99,0,0,0,1,0
48,481801,1,1,0,0,0,1,1,55,0,10,7,2016,1,5,20,0,8,98,98,4,"CR-191 LONG HOLLOW RD","",0,30.05954167,-97.63946944,0,42,0,0,1,1,0,4,2,1,0,1,0,"0000000",99,98,99,98,88,88,0,0,0,1,1
48,481802,2,2,0,0,0,2,2,175,0,12,7,2016,3,11,44,1,1,3,98,2,"US-59","OLD US-59",25,28.7029,-97.20437778,0,12,6,0,2,3,0,1,1,1,0,1,0,"0000000",99,98,99,98,88,88,0,0,0,1,0
48,481804,2,2,0,0,0,2,2,401,0,14,7,2016,5,21,48,0,1,5,98,3,"SR-315","",18,31.943025,-94.672075,0,12,2,0,1,1,0,1,2,1,0,1,0,"0000000",99,99,99,99,99,99,0,0,0,1,0
48,481805,1,1,0,0,0,2,2,39,0,15,7,2016,6,19,33,0,2,5,98,8,"FM523","",179,29.07300556,-95.36038611,0,1,0,0,1,1,0,4,1,1,0,1,0,"0000000",19,48,20,12,20,47,0,0,0,1,1
48,481807,1,1,0,1,1,1,1,201,0,15,7,2016,6,22,45,1,2,3,98,3,"SR-6","",64,29.84620278,-95.64577222,0,8,0,0,1,1,0,1,2,1,0,1,0,"0000000",99,99,99,99,99,99,0,0,0,1,0
48,481808,1,1,0,0,0,1,1,367,0,15,7,2016,6,1,40,0,8,98,98,4,"CR-OLD AGNES RD","",0,32.86655278,-97.78081389,0,42,0,0,1,1,0,4,2,1,0,1,0,"0000000",99,99,99,99,99,99,0,0,0,1,0
48,481809,3,3,0,0,0,9,9,303,0,16,7,2016,7,13,43,0,2,3,98,8,"FM179","CR-6520 EVANS ST",74,33.60310278,-102.00919722,0,12,1,0,3,3,0,1,1,1,0,1,0,"0000000",13,41,13,43,14,9,0,0,0,2,1
48,481810,1,1,0,1,1,1,1,375,0,17,7,2016,1,21,47,1,1,1,1,7,"I-40","",65,35.19113889,-102.07114167,0,9,0,0,1,1,0,1,2,1,0,1,0,"0000000",99,98,99,98,88,88,0,0,0,1,1
48,481811,1,1,0,1,1,2,2,423,0,17,7,2016,1,3,45,1,1,1,1,1,"I-20","",308,32.44135278,-95.06188056,0,8,0,0,1,1,0,2,2,1,0,1,0,"0000000",99,98,99,98,88,88,19,0,0,1,0
48,481812,1,1,0,0,0,5,5,25,0,18,7,2016,2,22,39,0,1,5,98,3,"SR-202","",108,28.38536944,-97.57191111,0,42,0,0,1,1,1,4,2,1,0,1,0,"0000000",99,99,99,99,99,99,1,3,0,1,0
48,481813,3,1,2,1,1,1,1,167,2570,18,7,2016,2,7,32,0,8,98,98,6,"N 1/2 AVE","",0,29.28619444,-94.82286389,0,14,0,0,1,1,0,7,1,1,0,1,0,"0000000",7,34,7,42,8,0,0,0,0,1,0
48,481814,1,1,0,1,1,1,1,201,0,18,7,2016,2,4,30,1,2,2,98,3,"SR-249/TOMBALL PKWY","",172,29.92393056,-95.49918889,0,8,0,0,1,1,0,1,2,1,0,1,0,"0000000",99,98,99,98,88,88,0,0,0,1,0
48,481815,1,1,0,0,0,1,1,203,0,18,7,2016,2,22,24,1,2,1,1,7,"I-20","",5,32.45493056,-94.69401111,0,1,0,0,1,1,0,10,2,1,0,1,0,"0000000",99,98,99,98,88,88,0,0,0,1,1
48,481816,2,2,0,0,0,4,4,289,0,20,7,2016,4,15,28,0,1,6,98,8,"FM 1146","",66,31.26906944,-96.25948889,0,12,2,0,1,1,0,1,1,1,0,1,0,"0000000",99,99,99,99,99,99,0,0,0,2,0
48,481817,1,1,0,0,0,1,1,439,260,20,7,2016,4,2,23,1,2,2,98,3,"SR-360","",160,32.69471389,-97.06285556,0,59,0,0,1,1,0,4,2,1,0,1,0,"0000000",99,98,99,98,88,88,0,0,0,1,0
48,481818,2,2,0,0,0,4,4,113,1730,21,7,2016,5,15,40,1,2,3,98,8,"SL 12/GREAT TRINITY FOREST WAY","",213,32.71298333,-96.70248056,0,12,2,0,1,1,0,1,1,1,0,1,0,"0000000",99,99,99,99,99,99,0,0,0,2,1
48,481819,1,1,0,1,1,1,1,201,3280,21,7,2016,5,20,42,0,8,98,98,6,"COOK RD","",0,29.69997778,-95.59609722,0,8,0,0,1,1,0,1,3,10,0,10,0,"0000000",20,43,20,44,21,14,0,0,0,1,0
48,481820,3,3,0,1,1,7,7,113,1730,22,7,2016,6,21,56,0,8,98,98,6,"BONNIEVIEW RD","HIGHLAND HILLS DR",0,32.67071389,-96.76163333,0,12,6,0,2,2,0,1,3,1,0,1,0,"0000000",99,99,99,99,99,99,0,0,0,1,0
48,481821,2,2,0,0,0,2,2,167,6860,24,7,2016,1,2,12,1,2,2,98,3,"SR-146","",48,29.48606111,-94.98776667,0,12,1,0,1,1,0,1,2,1,0,1,0,"0000000",99,98,99,98,88,88,0,0,0,1,1
48,481822,2,2,0,0,0,4,4,201,0,24,7,2016,1,17,55,0,8,98,98,4,"CR-BARBERS HILL RD","CR-HANEY RD",0,29.84232222,-95.00281389,0,12,6,0,2,3,0,1,1,10,0,10,0,"0000000",18,10,18,25,18,50,0,0,0,2,1
48,481823,2,2,0,0,0,2,2,375,150,24,7,2016,1,2,46,1,2,1,1,1,"I-40","",249,35.19270278,-101.72641111,0,12,6,0,1,1,0,1,3,1,0,1,0,"0000000",2,47,2,50,3,24,0,0,0,1,0
48,481824,2,2,0,1,1,2,2,439,2450,24,7,2016,1,4,37,1,2,1,1,1,"I-30 WEST FWY","",120,32.72370556,-97.51595,0,12,6,0,1,1,0,1,3,1,0,1,0,"0000000",4,38,4,45,5,18,19,0,0,1,0
48,481825,1,1,0,1,1,1,1,439,6060,24,7,2016,1,20,50,1,2,3,98,8,"BU-287 P SAGINAW BLVD","FRANKLIN AVE",90,32.85687222,-97.36159722,0,8,0,0,3,3,0,1,1,1,0,1,0,"0000000",99,98,99,98,88,88,0,0,0,1,0
48,481826,1,1,0,0,0,1,1,453,330,24,7,2016,1,2,25,1,2,2,98,8,"SL 1 MOPAC ST","",156,30.25295556,-97.73644167,0,59,0,0,1,1,0,3,3,1,0,1,0,"0000000",99,98,99,98,88,88,0,0,0,1,1
48,481827,2,2,0,0,0,4,4,113,1730,25,7,2016,2,2,50,1,2,3,98,8,"SL 354 HARRY HINES BLVD","SL 12 NORTHWEST HWY",198,32.85866944,-96.88100833,0,12,6,1,2,2,0,1,3,1,0,1,0,"0000000",99,99,99,99,88,88,0,0,0,1,1
48,481828,1,1,0,1,1,1,1,183,4080,25,7,2016,2,20,57,1,2,3,98,8,"SL 281","",71,32.49834167,-94.78875833,0,9,0,0,1,1,0,1,2,1,0,1,0,"0000000",20,59,21,2,21,12,0,0,0,1,1
48,481829,2,2,0,0,0,2,2,251,1370,26,7,2016,3,8,28,1,2,3,98,3,"SR-174 MAIN ST","",228,32.38709444,-97.39087222,0,12,6,0,1,1,1,1,1,1,0,1,0,"0000000",8,32,8,37,9,2,0,0,0,1,0
48,481830,3,3,0,0,0,7,7,479,3899,27,5,2016,6,2,17,0,2,3,98,8,"BU-59Z SAUNDERS ST","SAN FRANCISCO AVE",442,27.53064722,-99.49988889,0,12,2,0,2,2,0,1,3,1,0,1,0,"0000000",2,21,2,28,2,45,0,0,0,1,2
48,481831,3,3,0,0,0,3,3,215,50,6,7,2016,4,14,26,1,1,1,1,1,"I-2 / US-83","6TH ST",321,26.18976389,-98.11218056,0,12,1,0,1,1,0,1,1,1,0,1,0,"0000000",99,98,99,98,88,88,0,0,0,1,0
48,481832,1,1,0,1,1,4,4,113,1730,9,7,2016,7,0,36,1,2,3,98,2,"US-175 SM WRIGHT HWY","",22,32.76294722,-96.77273611,0,8,0,1,18,1,0,1,2,1,0,1,0,"0000000",99,98,99,98,88,88,0,0,0,1,0
48,481833,1,1,0,0,0,2,2,347,0,15,7,2016,6,22,45,0,1,5,98,8,"FM 95","PINE ST",21,31.47201667,-94.3407,0,11,0,0,1,1,0,1,2,1,0,1,0,"0000000",99,99,99,99,99,99,0,0,0,1,1
48,481834,2,2,0,0,0,5,5,371,0,18,7,2016,2,9,25,0,1,5,98,3,"SR-18","FM 1450",129,31.24980278,-102.89126389,0,12,6,0,2,2,0,1,1,1,0,1,0,"0000000",9,30,9,58,10,52,0,0,0,2,0
48,481835,1,1,0,0,0,1,1,187,0,22,7,2016,6,22,5,0,1,5,98,8,"FM 1044","",44,29.60355833,-98.11454722,0,59,0,0,1,1,0,4,2,1,0,1,0,"0000000",99,98,99,98,88,88,20,0,0,1,1
48,481836,2,2,0,0,0,4,4,423,0,27,7,2016,4,13,55,1,1,1,1,1,"I-20","",151,32.46736389,-95.34099444,0,12,1,0,1,1,1,1,1,1,0,1,0,"0000000",15,53,15,53,16,42,0,0,0,2,0
48,481837,1,1,0,0,0,1,1,397,5910,26,5,2016,5,14,3,1,2,1,1,1,"I-30","",50,32.90155278,-96.45729167,0,73,0,0,1,1,0,1,1,10,0,10,0,"0000000",99,99,99,99,99,99,0,0,0,1,0
48,481838,1,1,0,1,1,1,1,439,260,1,7,2016,6,21,57,1,2,3,98,8,"FM 157 COOPER ST","",175,32.70017222,-97.12225278,0,8,0,0,1,1,0,1,3,1,0,1,0,"0000000",99,99,99,99,99,99,0,0,0,1,0
48,481839,1,1,0,0,0,1,1,149,0,3,7,2016,1,18,54,0,8,98,98,4,"CR-MAKINSON RD","CR-OLD LOCKHART RD",0,29.90173611,-97.05486111,0,34,0,0,3,3,0,4,1,1,0,1,0,"0000000",99,98,99,98,88,88,0,0,0,1,0
48,481840,1,1,0,1,1,1,1,453,330,3,7,2016,1,22,29,0,8,98,98,6,"BURNET RD","",0,30.35890556,-97.73010556,0,8,0,0,1,1,0,1,3,1,0,1,0,"0000000",22,31,22,37,22,54,0,0,0,1,0
48,481841,2,2,0,0,0,2,2,53,0,8,7,2016,6,10,55,1,1,3,98,2,"US-281","FM1855",281,30.64126389,-98.26023056,0,12,6,0,2,3,0,1,1,1,0,1,0,"0000000",99,98,99,98,88,88,0,0,0,1,0
48,481842,2,2,0,0,0,7,7,201,0,8,7,2016,6,23,20,1,2,2,98,3,"SR-249 MOUNT HOUSTON RD","",219,29.89793333,-95.43180278,0,12,6,0,8,1,0,1,3,1,0,1,0,"0000000",23,32,23,36,0,11,0,0,0,1,0
48,481843,2,2,0,0,0,7,7,303,4140,8,7,2016,6,23,8,0,8,98,98,6,"AVE P","38TH ST",0,33.55968889,-101.85306667,0,12,6,0,2,2,0,1,2,10,0,10,0,"0000000",23,9,23,13,23,29,0,0,0,1,1
48,481844,2,2,0,0,0,2,2,391,0,14,7,2016,5,18,25,0,1,5,98,8,"FM136","CR-CHURCHILL RD",36,28.22495556,-97.30416667,0,12,8,0,2,2,0,1,1,1,0,1,0,"0000000",18,25,18,38,19,23,0,0,0,1,0
48,481845,1,1,0,0,0,1,1,215,0,16,7,2016,7,13,30,0,8,98,98,4,"CR-MILE 10 N RD","",0,26.20040833,-97.93635833,0,30,0,0,1,1,0,4,1,1,0,1,0,"0000000",99,99,99,99,99,99,0,0,0,1,1
48,481846,3,3,0,0,0,5,5,21,0,21,7,2016,5,14,0,1,1,3,98,3,"SR-21","CR-PINE VALLEY CT",73,30.16760833,-97.19846667,0,12,1,0,3,3,0,1,1,1,0,1,0,"0000000",99,99,99,99,99,99,0,0,0,1,0
48,481847,1,1,0,3,3,1,1,303,0,21,7,2016,5,21,29,0,8,98,98,4,"CR-6520 EVANS ST","",0,33.60310833,-102.01780278,0,8,0,0,1,1,0,1,2,1,0,1,0,"0000000",21,30,21,56,22,13,0,0,0,2,0
48,481848,1,1,0,1,1,1,1,141,2190,23,7,2016,7,20,38,0,8,98,98,6,"DIANA DR","",0,31.87377222,-106.42316389,0,8,0,0,1,1,0,1,3,1,0,1,0,"0000000",99,99,99,99,99,99,0,0,0,1,0
48,481849,2,2,0,0,0,3,3,201,0,23,7,2016,7,0,2,0,8,98,98,4,"CR-KUYKENDAHL RD","",0,30.01607778,-95.47027778,0,12,2,0,1,1,0,1,2,1,0,1,0,"0000000",0,4,0,11,0,43,0,0,0,1,1
48,481850,2,1,1,0,1,1,2,141,0,25,7,2016,2,11,45,1,2,1,1,1,"I-10","",389,31.65759722,-106.23798611,0,14,0,0,1,1,0,10,1,1,0,1,0,"0000000",99,98,99,98,88,88,0,0,0,1,0
48,481851,1,1,0,0,0,2,2,85,4230,8,7,2016,6,22,45,1,2,2,98,7,"US-75 CENTRAL EXPWY","WHITE AVE",141,33.20975278,-96.63753333,0,33,0,1,19,1,0,4,3,1,0,1,0,"0000000",22,46,22,50,23,6,0,0,0,1,0
48,481852,1,1,0,0,0,1,1,255,0,14,7,2016,5,5,30,0,8,98,98,4,"CR-208","",0,28.93281389,-97.99286111,0,38,0,0,1,1,0,5,2,10,0,10,0,"0000000",99,98,99,98,88,88,0,0,0,1,0
48,481853,1,1,0,1,1,2,2,201,0,15,7,2016,6,0,1,1,2,2,98,3,"SR-249 TOMBALL PKWY","CR-SMILING WOOD LN",181,29.91590278,-95.4875,0,8,0,0,3,2,0,1,2,1,0,1,0,"0000000",99,98,99,98,88,88,0,0,0,1,0
48,481854,2,2,0,0,0,2,2,215,0,21,7,2016,5,14,40,0,8,98,98,4,"CR-MILE 14 RD","",0,26.41358333,-98.29550278,0,12,1,0,1,1,0,1,1,1,0,1,0,"0000000",99,98,99,98,88,88,0,0,0,1,0
48,481856,1,1,0,1,1,1,1,439,2990,21,7,2016,5,23,45,1,2,1,1,7,"I-820","",196,32.84004444,-97.28581667,0,9,0,0,1,1,0,1,3,1,0,1,0,"0000000",23,43,23,51,0,31,0,0,0,1,0
48,481857,1,1,0,0,0,1,1,493,0,21,7,2016,5,4,25,1,1,3,98,2,"US-181","",66,29.19638889,-98.205125,0,1,0,0,1,1,0,3,2,1,0,1,0,"0000000",99,99,99,99,99,99,0,0,0,1,0
48,481859,2,2,0,0,0,2,2,497,0,24,7,2016,1,1,56,0,1,5,98,8,"FM51","",246,33.17413056,-97.62216389,0,12,2,0,1,1,0,1,2,1,0,1,0,"0000000",99,98,99,98,88,88,0,0,0,2,1
48,481860,1,1,0,1,1,2,2,29,6090,28,7,2016,5,1,57,1,2,1,1,1,"I-35","",206,29.40278611,-98.51178889,0,8,0,0,1,1,0,1,2,10,0,10,0,"0000000",99,98,99,98,88,88,0,0,0,1,0
48,481861,3,3,0,0,0,7,7,113,1730,4,3,2016,6,21,50,1,2,2,98,2,"US-75 CENTRAL EXPY","",63,32.91703056,-96.76704444,0,25,0,0,1,1,0,4,3,1,0,1,0,"0000000",99,99,99,99,99,99,0,0,0,1,0
48,481862,2,2,0,0,0,2,2,85,4230,13,6,2016,2,23,45,1,2,3,98,3,"SR-5 MCDONALD ST","",140,33.24363056,-96.60929167,0,12,2,0,1,1,0,1,2,1,0,1,0,"0000000",23,53,23,58,0,37,0,0,0,2,0
48,481863,3,1,2,1,1,1,1,317,0,16,6,2016,5,10,1,1,1,3,98,3,"SR-349","",55,32.24210556,-102.14627778,0,14,0,0,1,1,0,2,1,1,0,1,0,"0000000",99,99,99,99,99,99,0,0,0,1,0
48,481864,2,2,0,0,0,3,3,113,1730,6,7,2016,4,13,25,0,8,98,98,6,"HAMPTON RD","BARLOW AVE",0,32.71596111,-96.85693889,0,12,6,0,2,3,0,1,1,1,0,1,0,"0000000",99,99,99,99,99,99,0,0,0,1,0
48,481865,1,1,0,1,1,1,1,113,1730,9,7,2016,7,5,5,0,8,98,98,6,"OVERTON RD","",0,32.70083056,-96.81974444,0,8,0,0,1,1,0,1,2,1,0,1,0,"0000000",99,99,99,99,99,99,0,0,0,1,0
48,481866,2,2,0,0,0,3,3,229,0,10,7,2016,1,21,45,1,1,1,1,1,"I-10","",617,31.417075,-105.98736111,0,12,1,0,1,1,0,1,2,1,0,1,0,"0000000",99,98,99,98,88,88,0,0,0,1,0
48,481867,2,2,0,0,0,2,2,299,0,14,7,2016,5,23,11,0,1,4,98,3,"SR-71","",270,30.51654167,-98.35420556,0,12,8,0,1,1,0,1,2,1,0,1,0,"0000000",99,98,99,98,88,88,0,0,0,1,1
48,481868,1,1,0,1,1,1,1,489,0,15,7,2016,6,20,45,0,8,98,98,4,"CR-BAY AVE","",0,26.504525,-97.6686,0,9,0,0,1,1,0,1,5,1,0,1,0,"0000000",99,98,99,98,88,88,0,0,0,1,0
48,481869,2,1,1,1,2,1,2,355,1550,16,7,2016,7,1,7,1,2,1,1,1,"I-37","",90,27.82757778,-97.53613889,0,14,0,0,1,1,0,2,3,1,0,1,0,"0000000",99,98,99,98,88,88,0,0,0,1,0
48,481870,2,2,0,1,1,2,2,53,4310,19,7,2016,3,5,15,1,1,3,98,2,"US-281","",308,30.60260556,-98.26781944,0,8,0,0,1,1,0,1,2,1,0,1,0,"0000000",99,98,99,98,88,88,0,0,0,1,0
48,481871,3,3,0,0,0,5,5,113,1730,20,7,2016,4,19,15,1,2,1,1,1,"I-20 LBJ FWY","",47,32.67051944,-96.97238889,0,12,1,0,1,1,0,1,1,1,0,1,0,"0000000",99,99,99,99,99,99,0,0,0,1,2
48,481872,1,1,0,1,1,1,1,113,1730,20,7,2016,4,20,15,1,2,3,98,8,"SL12 BUCKNER BLVD","",74,32.76743333,-96.68260556,0,8,0,0,1,1,0,1,1,1,0,1,0,"0000000",99,99,99,99,99,99,0,0,0,1,0
48,481873,1,1,0,1,1,1,1,355,1550,20,7,2016,4,6,10,1,2,2,98,3,"SR-358 PADRE ISLAND DR","",130,27.68641389,-97.32584167,0,9,0,0,1,1,0,1,4,1,0,1,0,"0000000",99,99,99,99,99,99,0,0,0,1,0
48,481874,1,1,0,0,0,2,2,453,330,20,7,2016,4,17,10,1,2,2,98,3,"SR-130","",451,30.19990556,-97.62246667,0,1,0,0,1,1,0,3,1,1,0,1,0,"0000000",17,10,17,21,17,55,0,0,0,1,0
48,481875,1,1,0,2,2,1,1,201,0,21,7,2016,5,20,40,0,8,98,98,4,"CR-FALLBROOK DR","",0,29.92049167,-95.45160278,0,8,0,0,1,1,0,1,3,10,0,10,0,"0000000",20,45,20,50,21,18,0,0,0,1,0
48,481876,2,2,0,0,0,4,4,39,0,22,7,2016,6,16,44,0,1,4,98,3,"SR-35","",417,29.14357778,-95.55320278,0,12,6,0,1,1,0,1,1,1,0,1,0,"0000000",17,19,17,43,18,7,0,0,0,1,0
48,481877,1,1,0,0,0,1,1,157,0,22,7,2016,6,21,53,0,8,98,98,4,"CR-BLASE RD","",0,29.48795,-95.879125,0,59,0,0,1,1,0,4,2,1,0,1,0,"0000000",99,99,99,99,99,99,0,0,0,1,0
48,481878,2,2,0,0,0,2,2,209,6170,22,7,2016,6,2,43,1,2,1,1,1,"I-35","",98,29.90395833,-97.90284722,0,12,1,0,1,1,0,1,2,1,0,1,0,"0000000",2,43,2,53,3,26,0,0,0,1,0
48,481879,1,1,0,0,0,2,2,113,4530,23,7,2016,7,1,42,1,2,1,1,1,"I-635","",90,32.82478333,-96.63028889,0,43,0,1,5,1,1,8,3,1,0,1,0,"0000000",1,54,2,10,2,29,0,0,0,1,1
48,481880,1,1,0,0,0,1,1,439,0,23,7,2016,7,5,18,0,2,5,98,8,"FM1886 CONFEDERATE PARK RD","CR-CATTLEBARON RD",2,32.82549444,-97.54361944,0,30,0,0,1,1,0,4,2,1,0,1,0,"0000000",99,98,99,98,88,88,0,0,0,1,0
48,481881,1,1,0,0,0,2,2,29,0,24,7,2016,1,4,56,0,1,5,98,8,"FM 2790","",54,29.21723889,-98.66252778,0,53,0,0,1,1,0,4,2,1,0,1,0,"0000000",4,56,5,6,5,47,20,0,0,1,0
48,481882,2,2,0,0,0,2,2,245,490,24,7,2016,1,15,32,1,2,3,98,8,"SP 380/ML KING PKWY","CALDER AVE",90,30.08563056,-94.11090833,0,12,2,0,2,2,0,1,1,10,0,10,0,"0000000",99,99,99,99,99,99,0,0,0,1,0
48,481883,1,1,0,0,0,2,2,267,0,24,7,2016,1,13,34,1,1,1,1,1,"I-10","",68,30.46251667,-99.72878333,0,52,0,0,1,1,0,3,1,1,0,1,0,"0000000",13,37,13,49,14,23,0,0,0,1,0
48,481884,2,2,0,0,0,2,2,439,364,24,7,2016,1,13,41,0,2,4,98,8,"FM 730/BOYD RD","",37,32.32211111,-95.41855,0,12,6,0,8,1,0,1,1,1,0,1,0,"0000000",13,44,14,4,14,29,0,0,0,1,0
48,481885,1,1,0,0,0,1,1,117,0,25,7,2016,2,16,3,1,1,3,98,2,"US-60","",9,34.76741111,-102.45831111,0,31,0,0,1,1,0,3,1,1,0,1,0,"0000000",99,98,99,98,88,88,0,0,0,1,0
48,481886,2,2,0,0,0,2,2,423,0,25,7,2016,2,15,54,0,8,98,98,4,"CR-SL 49/TEXAS TOLL","",0,32.32211111,-95.41855,0,12,6,0,1,1,0,1,1,10,0,10,0,"0000000",15,55,16,1,16,34,0,0,0,1,0
48,481887,1,1,0,0,0,1,1,131,0,26,7,2016,3,10,18,0,1,5,98,3,"SR-359","",193,27.51518056,-98.48053889,0,23,0,0,1,1,0,4,1,10,0,10,0,"0000000",99,98,99,98,88,88,0,0,0,1,0
48,481888,2,2,0,0,0,2,2,213,0,26,7,2016,3,1,3,1,1,3,98,2,"US-175","",325,32.09421111,-95.63511111,0,12,2,0,1,1,1,1,2,1,0,1,0,"0000000",1,7,1,25,2,33,0,0,0,1,0
48,481889,1,1,0,0,0,1,1,467,0,26,7,2016,3,6,45,0,1,5,98,8,"FM 16","",35,32.51248889,-95.74226111,0,18,0,0,1,1,0,1,1,5,0,5,0,"0000000",6,50,6,57,7,36,0,0,0,1,0
48,481890,2,2,0,0,0,2,2,487,0,27,7,2016,4,7,54,0,1,4,98,2,"US-70","",114,34.13491111,-99.33651111,0,12,2,0,1,1,0,1,1,1,0,1,0,"0000000",99,99,99,99,99,99,0,0,0,1,0
48,481891,2,2,0,0,0,2,2,91,4870,28,7,2016,5,9,43,1,2,1,1,7,"I-35","",151,29.72985278,-98.07653333,0,12,1,0,8,1,0,1,1,10,0,10,0,"0000000",99,98,99,98,88,88,0,0,0,1,0
48,481892,1,1,0,1,1,1,1,201,0,28,7,2016,5,22,35,1,2,1,1,7,"I-10/EAST FWY","",406,29.77091944,-95.15235,0,8,0,1,19,1,0,2,2,1,0,1,0,"0000000",99,98,99,98,88,88,0,0,0,1,0
48,481893,1,1,0,1,1,1,1,329,4560,28,7,2016,5,22,39,1,2,3,98,8,"BI-20/FRONT ST","TYLER ST",175,32.00172778,-102.06303056,0,8,0,0,3,3,0,1,2,1,0,1,0,"0000000",22,39,22,44,22,55,0,0,0,1,0
48,481894,1,1,0,0,0,1,1,277,0,29,7,2016,6,23,5,0,1,5,98,8,"FM 38","",71,33.70645,-95.81128889,0,30,0,0,1,1,0,4,2,1,0,1,0,"0000000",99,98,99,98,88,88,0,0,0,1,0
48,481895,1,1,0,0,0,1,1,323,0,29,7,2016,6,2,57,0,1,5,98,8,"FM 1021","",131,28.57941111,-100.35303889,0,1,0,0,1,1,0,4,2,2,0,2,0,"0000000",99,98,99,98,88,88,0,0,0,1,1
48,481896,2,2,0,0,0,6,6,423,0,29,7,2016,6,14,33,1,1,3,98,3,"SR-155/FRANKSTON HWY","",146,32.28013056,-95.36146111,0,12,6,0,8,1,0,1,1,1,0,1,0,"0000000",14,40,14,47,15,11,0,0,0,1,0
48,481897,1,1,0,0,0,3,3,29,6090,30,7,2016,7,1,30,0,8,98,98,6,"ZARZAMORA ST","",0,29.32661389,-98.53265556,0,33,0,0,1,1,0,4,3,1,0,1,0,"0000000",99,99,99,99,88,88,0,0,0,3,0
48,481898,1,1,0,1,1,2,2,29,6090,30,7,2016,7,5,51,1,2,3,98,8,"SP 368/AUSTIN HWY","",127,29.49630833,-98.42825,0,8,0,0,1,1,0,1,2,1,0,1,0,"0000000",99,99,99,99,99,99,0,0,0,1,0
48,481899,2,2,0,0,0,2,2,141,2190,30,7,2016,7,16,19,0,8,98,98,6,"LOMALAND DR","BURNHAM RD",0,31.74109167,-106.33277778,0,12,6,0,2,2,0,1,1,1,0,1,0,"0000000",16,20,16,23,16,41,0,0,0,1,0
48,481900,1,1,0,0,0,2,2,181,6350,30,7,2016,7,15,12,0,8,98,98,6,"FRISCO RD","",0,33.67684167,-96.58603056,0,19,0,0,1,1,0,5,1,1,0,1,0,"0000000",15,13,15,16,15,26,0,0,0,1,1
48,481901,3,3,0,0,0,5,5,439,2255,30,7,2016,7,14,54,1,2,2,98,7,"SR-360","HARWOOD RD",51,32.85164167,-97.06518611,0,12,6,1,2,2,0,1,1,1,0,1,0,"0000000",14,55,14,57,15,28,0,0,0,2,0
48,481902,2,2,0,0,0,3,3,141,2190,31,7,2016,1,0,13,1,2,3,98,2,"US-85 PAISANO","SPUR 1966",42,31.76264722,-106.50818056,0,12,6,0,2,3,0,1,3,1,0,1,0,"0000000",0,13,0,23,0,37,0,0,0,1,1
48,481903,3,3,0,0,0,3,3,27,3690,1,8,2016,2,9,15,1,2,3,98,3,"SR-201 CLEAR CREEK RD","JANELLE DR",15,31.10161389,-97.80406667,0,12,6,0,2,3,0,1,1,1,0,1,0,"0000000",9,14,9,24,9,33,0,0,0,1,0
48,481904,1,1,0,0,0,1,1,139,7270,1,8,2016,2,13,32,0,2,4,98,8,"BU-287R MAIN ST","",51,32.39366944,-96.85829167,0,33,0,0,1,1,0,4,1,1,0,1,0,"0000000",99,99,99,99,99,99,0,0,0,1,0
48,481905,2,2,0,0,0,2,2,163,0,1,8,2016,2,5,41,0,1,5,98,8,"FM 117","",41,28.78765556,-99.32120833,0,12,2,0,1,1,0,1,2,1,0,1,0,"0000000",99,99,99,99,99,99,0,0,0,1,0
48,481906,1,1,0,0,0,1,1,439,9997,1,8,2016,2,23,43,1,2,3,98,8,"FM 2499 INTERNATIONAL PKWY","",101,32.98402222,-97.04005556,0,5,0,0,1,1,0,1,2,1,0,1,0,"0000000",23,39,23,44,0,8,0,0,0,1,0
48,481907,2,2,0,0,0,2,2,329,4560,2,8,2016,3,7,47,1,2,3,98,8,"BS 158B ANDREWS HWY","",114,32.00325278,-102.13121944,0,12,6,0,1,1,0,1,1,1,0,1,0,"0000000",99,98,99,98,88,88,0,0,0,1,0
48,481908,1,1,0,1,1,4,4,215,4650,23,7,2016,7,20,44,1,2,3,98,3,"SR-107 CONWAY AVE","9TH ST",10,26.21444444,-98.32589167,0,8,0,0,3,2,0,1,3,1,0,1,0,"0000000",20,44,20,47,21,13,0,0,0,1,0
48,481909,2,2,0,0,0,3,3,29,6090,7,7,2016,5,11,0,1,2,3,98,6,"LOOP 13 WW WHITE RD","LORD RD",0,29.41358889,-98.40553333,0,12,2,0,2,2,0,1,1,1,0,1,0,"0000000",99,99,99,99,99,99,0,0,0,1,0