"STATE","ST_CASE","VE_TOTAL","VE_FORMS","PVH_INVL","PEDS","PERNOTMVIT","PERMVIT","PERSONS","COUNTY","CITY","DAY","MONTH","YEAR","DAY_WEEK","HOUR","MINUTE","NHS","RUR_URB","FUNC_SYS","RD_OWNER","ROUTE","TWAY_ID","TWAY_ID2","MILEPT","LATITUDE","LONGITUD","SP_JUR","HARM_EV","MAN_COLL","RELJCT1","RELJCT2","TYP_INT","WRK_ZONE","REL_ROAD","LGT_COND","WEATHER1","WEATHER2","WEATHER","SCH_BUS","RAIL","NOT_HOUR","NOT_MIN","ARR_HOUR","ARR_MIN","HOSP_HR","HOSP_MN","CF1","CF2","CF3","FATALS","DRUNK_DR"
48,481910,2,2,0,0,0,6,6,91,0,9,7,2016,7,14,14,1,1,3,98,8,"FM 306","CR-PURGATORY RD",78,29.84661944,-98.11896667,0,12,6,0,2,3,0,1,1,1,0,1,0,"0000000",99,99,99,99,99,99,0,0,0,1,0
48,481911,2,2,0,0,0,3,3,99,0,9,7,2016,7,20,0,0,8,98,98,4,"CR-WHISPERING OAKS DR","",0,31.17463333,-97.91466667,0,12,2,0,1,1,0,1,1,1,0,1,0,"0000000",20,11,20,17,20,49,0,0,0,1,1
48,481912,1,1,0,1,1,1,1,453,330,10,7,2016,1,23,40,0,8,98,98,6,"BLUFF SPRINGS RD","CHATEAU VILLAGE WAY",0,30.17343889,-97.76879444,0,9,0,0,3,3,0,1,2,1,0,1,0,"0000000",23,40,23,46,0,3,0,0,0,1,0
48,481913,1,1,0,0,0,1,1,135,5030,21,7,2016,5,19,1,0,8,98,98,6,"EASTRIDGE RD","",0,31.89738889,-102.30781944,0,30,0,0,1,1,0,4,1,1,0,1,0,"0000000",19,2,19,8,19,35,0,0,0,1,0
48,481914,1,1,0,0,0,1,1,143,0,21,7,2016,5,12,27,1,1,3,98,2,"US-67","",141,32.19340833,-98.12801944,0,52,0,0,1,1,0,4,1,1,0,1,0,"0000000",99,98,99,98,88,88,0,0,0,1,0
48,481915,2,2,0,0,0,2,2,401,0,22,7,2016,6,8,45,1,1,3,98,2,"US-59","",5,31.8485,-94.47309722,0,12,1,0,1,1,0,1,1,1,0,1,0,"0000000",99,98,99,98,88,88,0,0,0,2,0
48,481916,1,1,0,0,0,1,1,425,0,23,7,2016,7,11,10,0,1,6,98,8,"FM 51","",44,32.19985278,-97.90025,0,42,0,0,1,1,0,4,1,1,0,1,0,"0000000",99,98,99,98,88,88,0,0,0,1,0
48,481917,2,2,0,0,0,3,3,91,0,25,7,2016,2,19,19,1,2,3,98,8,"FM 3159","",126,29.81761111,-98.29572778,0,12,2,0,1,1,0,1,1,10,0,10,0,"0000000",19,19,19,32,20,32,0,0,0,2,0
48,481918,2,2,0,0,0,4,4,201,0,27,7,2016,4,19,40,1,2,3,98,7,"SR-249 TOMBALL PKWY","",61,30.04800833,-95.61348889,0,12,7,1,18,1,0,1,1,1,0,1,0,"0000000",19,51,20,2,20,38,0,0,0,1,0
48,481919,1,1,0,0,0,1,1,265,3670,29,7,2016,6,1,8,0,2,4,98,3,"SR-173 BANDERA HWY","",15,30.01851111,-99.126175,0,38,0,0,1,1,0,5,6,1,0,1,0,"0000000",7,17,7,23,7,49,0,0,0,1,1
48,481920,1,1,0,0,0,2,2,113,1730,30,7,2016,7,13,1,0,8,98,98,6,"HAMPTON RD","",0,32.71439167,-96.85693611,0,33,0,0,1,1,0,4,1,1,0,1,0,"0000000",99,99,99,99,99,99,0,0,0,1,0
48,481921,2,2,0,0,0,2,2,201,3280,1,8,2016,2,1,20,1,2,1,1,1,"I-610 N LP E","",95,29.80932222,-95.31755833,0,12,6,0,1,1,0,1,3,1,0,1,0,"0000000",99,98,99,98,88,88,0,0,0,1,2
48,481922,1,1,0,0,0,1,1,201,3280,2,8,2016,3,1,25,0,8,98,98,6,"BAY AREA BLVD","SEAWOLF DR",0,29.55050278,-95.12636111,0,42,0,0,3,2,0,3,3,1,0,1,0,"0000000",1,25,1,31,1,49,0,0,0,1,1
48,481923,2,2,0,0,0,2,2,39,5249,12,6,2016,1,3,4,1,2,3,98,8,"FM518 BROADWAY ST","",78,29.55282222,-95.25591944,0,12,6,0,1,1,0,1,3,10,0,10,0,"0000000",3,19,3,25,3,53,0,0,0,1,1
48,481924,1,1,0,2,2,1,1,113,1730,13,6,2016,2,4,51,1,2,1,1,1,"I-35E STEMMONS FWY","",220,32.82245,-96.87054722,0,8,0,0,1,1,0,1,3,10,0,10,0,"0000000",99,98,99,98,88,88,0,0,0,2,0
48,481925,1,1,0,0,0,1,1,491,1242,26,6,2016,1,3,54,0,8,98,98,6,"TX HILL COUNTRY TRL 183A TLWY","",0,30.49343333,-97.80213889,0,35,0,0,1,1,0,4,2,1,0,1,0,"0000000",99,98,99,98,88,88,0,0,0,1,1
48,481926,2,2,0,0,0,3,3,177,0,21,7,2016,5,16,28,0,1,5,98,8,"FM108","",85,29.15100833,-97.15111944,0,12,2,0,1,1,0,1,1,10,0,10,0,"0000000",99,98,99,98,88,88,0,0,0,3,0
48,481927,1,1,0,0,0,3,3,361,5100,23,7,2016,7,15,20,1,2,1,1,1,"I-10","",199,30.11848611,-93.78978333,0,25,0,0,1,1,0,3,1,1,0,1,0,"0000000",99,99,99,99,99,99,0,0,0,1,0
48,481928,1,1,0,1,1,3,3,201,3280,26,7,2016,3,6,0,1,2,2,98,2,"US-59 SOUTHWEST FWY","",54,29.72929722,-95.43520278,0,8,0,0,1,1,0,1,1,1,0,1,0,"0000000",99,98,99,98,88,88,0,0,0,1,0
48,481929,2,2,0,0,0,2,2,303,0,26,7,2016,3,10,49,1,1,3,98,2,"US-62","",244,33.66251111,-101.694325,0,12,1,0,1,1,0,1,1,1,0,1,0,"0000000",10,43,10,43,11,20,0,0,0,1,0
48,481930,3,3,0,0,0,3,3,31,0,27,7,2016,4,18,4,1,1,3,98,2,"US-281","",242,30.15033611,-98.39405278,0,12,8,0,1,1,0,1,1,1,0,1,0,"0000000",99,98,99,98,88,88,0,0,0,1,0
48,481931,1,1,0,1,1,1,1,419,0,28,7,2016,5,23,44,0,1,4,98,3,"SR-7","",22,31.71556111,-94.273075,0,8,0,0,1,1,0,1,2,10,0,10,0,"0000000",99,98,99,98,88,88,0,0,0,1,0
48,481932,2,2,0,0,0,2,2,255,0,29,7,2016,6,7,20,1,1,3,98,2,"US-181","",212,28.7658,-97.85213611,0,12,2,0,1,1,0,1,1,1,0,1,0,"0000000",99,99,99,99,99,99,0,0,0,1,0
48,481933,1,1,0,0,0,1,1,29,6090,30,7,2016,7,12,54,1,2,2,98,2,"US-281 MCALLISTER FWY","",217,29.4932,-98.48380556,0,25,0,0,1,1,0,3,1,10,0,10,0,"0000000",99,99,99,99,99,99,0,0,0,1,0
48,481934,2,2,0,0,0,7,7,201,0,31,7,2016,1,3,8,1,2,2,98,8,"SL8 SAM HOUSTON TLWY","",189,29.891,-95.54942222,0,12,1,0,1,1,0,1,3,10,0,10,0,"0000000",3,22,3,38,4,5,0,0,0,1,1
48,481935,2,2,0,0,0,3,3,209,6170,2,8,2016,3,18,5,1,2,3,98,3,"SR-21 AIRPORT HWY","",311,29.8787,-97.90185278,0,12,2,0,1,1,0,1,1,1,0,1,0,"0000000",18,7,18,13,18,42,0,0,0,1,1
48,481936,1,1,0,0,0,4,4,89,0,17,7,2016,1,9,31,1,1,1,1,1,"I-10","",250,29.71899444,-96.44233333,0,1,0,0,1,1,0,10,1,10,0,10,0,"0000000",9,55,10,28,11,5,0,0,0,1,0
48,481937,2,2,0,0,0,2,2,141,2190,19,7,2016,3,12,20,0,8,98,98,6,"MONTWOOD DR","MERMAID DR",0,31.76941667,-106.31133611,0,12,6,0,2,3,0,1,1,1,0,1,0,"0000000",12,24,12,29,12,44,0,0,0,1,1
48,481938,2,1,1,2,2,1,1,355,1550,20,7,2016,4,0,56,0,8,98,98,6,"GULF BEACH RD","",0,27.55044722,-97.23675833,0,14,0,0,1,1,0,1,2,1,0,1,0,"0000000",99,98,99,98,88,88,15,0,0,2,1
48,481939,2,2,0,0,0,2,2,59,0,21,7,2016,5,0,54,1,1,1,1,1,"I-20","",10,32.43372778,-99.61421667,0,12,2,0,1,1,0,1,2,1,0,1,0,"0000000",0,58,1,10,2,10,0,0,0,1,1
48,481940,1,1,0,0,0,1,1,175,0,24,7,2016,1,23,11,1,1,3,98,2,"US-59","",91,28.68171667,-97.31056944,0,1,0,0,1,1,1,4,2,1,0,1,0,"0000000",99,98,99,98,88,88,0,0,0,1,1
48,481941,1,1,0,0,0,3,3,143,0,25,7,2016,2,13,30,1,1,3,98,2,"US-67","",38,32.05802778,-98.37386667,0,1,0,0,1,1,0,3,1,1,0,1,0,"0000000",13,45,99,99,99,99,0,0,0,1,0
48,481942,2,2,0,0,0,4,4,157,0,25,7,2016,2,18,0,1,1,3,98,3,"SR-36","FM1489",31,29.60393333,-95.97789722,0,12,6,0,2,2,0,1,1,2,0,2,0,"0000000",18,8,18,23,19,8,0,0,0,1,0
48,481943,3,3,0,0,0,3,3,85,92,26,7,2016,3,19,31,0,8,98,98,6,"BETHANY DR","",0,33.09038056,-96.67337778,0,58,0,0,1,1,0,3,1,1,0,1,0,"0000000",19,31,19,34,19,48,14,0,0,1,1
48,481944,1,1,0,0,0,2,2,287,0,26,7,2016,3,4,40,0,1,5,98,8,"FM448","",39,30.13210278,-96.97130278,0,1,0,0,1,1,1,4,2,1,0,1,0,"0000000",4,46,5,1,99,99,0,0,0,1,0
48,481945,1,1,0,0,0,1,1,339,0,26,7,2016,3,13,16,0,1,4,98,8,"FM1314 CONROE PORTER RD","",54,30.26101111,-95.40188889,0,1,0,0,1,1,0,4,1,1,0,1,0,"0000000",99,99,99,99,99,99,0,0,0,1,0
48,481946,2,2,0,0,0,2,2,463,0,27,7,2016,4,15,50,1,1,3,98,2,"US-90","",29,29.24291944,-100.0815,0,12,2,0,1,1,0,1,1,10,0,10,0,"0000000",99,98,99,98,88,88,0,0,0,1,0
48,481947,1,1,0,0,0,1,1,61,0,28,7,2016,5,11,5,0,1,5,98,8,"FM1847 PAREDES LINE RD","",55,26.2432,-97.4611,0,30,0,0,1,1,0,4,1,1,0,1,0,"0000000",99,98,99,98,88,88,0,0,0,1,0
48,481948,3,3,0,0,0,7,7,469,0,28,7,2016,5,8,15,1,1,3,98,2,"US-59","",88,28.85493611,-96.88513889,0,12,2,0,1,1,0,1,1,10,0,10,0,"0000000",99,99,99,99,99,99,0,0,0,1,0
48,481949,3,3,0,0,0,4,4,113,2800,29,7,2016,6,14,28,1,2,2,98,7,"SR-161/190","SS303 WARRIOR TRL",250,32.69860833,-97.02515278,0,12,11,1,2,2,0,1,1,1,0,1,0,"0000000",14,30,14,36,15,4,0,0,0,1,0
48,481950,1,1,0,0,0,1,1,287,0,30,7,2016,7,18,28,1,1,3,98,3,"SR-21","",137,30.32668889,-96.919775,0,38,0,0,1,1,0,5,1,1,0,1,0,"0000000",99,98,99,98,88,88,0,0,0,1,0
48,481951,1,1,0,0,0,1,1,113,0,31,7,2016,1,12,0,0,8,98,98,4,"CR-BECKETT RD","",0,32.64821389,-96.61008056,0,42,0,0,1,1,0,4,1,1,0,1,0,"0000000",99,99,99,99,88,88,0,0,0,1,0
48,481952,1,1,0,1,1,1,1,113,3420,31,7,2016,1,2,34,1,2,2,98,3,"SR-12 LOOP WALTON WALKER BLVD","",198,32.84131944,-96.914875,0,8,0,1,20,1,1,1,2,1,0,1,0,"0000000",99,98,99,98,88,88,0,0,0,1,0
48,481953,1,1,0,0,0,1,1,129,0,31,7,2016,1,3,50,1,1,3,98,2,"US-287","",218,34.88784167,-100.74993333,0,24,0,0,1,1,0,3,2,1,0,1,0,"0000000",99,98,99,98,88,88,0,0,0,1,1
48,481954,1,1,0,1,1,1,1,201,3280,31,7,2016,1,3,54,1,2,1,1,1,"I-45 NORTH FWY","",316,29.86282222,-95.40394722,0,8,0,0,20,1,0,1,3,1,0,1,0,"0000000",99,98,99,98,88,88,0,0,0,1,0
48,481955,2,2,0,0,0,3,3,363,4630,31,7,2016,1,16,29,0,2,3,98,2,"US-180 HWY","FM 1821",376,32.81076944,-98.08287778,0,12,98,0,2,2,0,1,1,1,0,1,0,"0000000",99,99,99,99,99,99,0,0,0,1,0
48,481956,2,2,0,0,0,2,2,423,0,31,7,2016,1,11,52,0,1,4,98,3,"SR-31","",144,32.35917222,-95.18920278,0,12,6,0,8,1,0,1,1,1,0,1,0,"0000000",99,98,99,98,88,88,0,0,0,1,0
48,481957,2,1,1,0,0,1,1,85,7620,1,8,2016,2,15,53,0,2,4,98,3,"SR-78","",348,33.01060833,-96.54172778,0,30,0,0,1,1,0,4,1,1,0,1,0,"0000000",15,54,15,58,16,15,0,0,0,1,0
48,481958,1,1,0,1,1,1,1,203,4360,1,8,2016,2,23,25,1,2,4,98,3,"SR-32 KARNACK HWY","",139,32.55719444,-94.31961667,0,8,0,0,1,1,0,1,3,1,0,1,0,"0000000",99,98,99,98,88,88,0,0,0,1,0
48,481959,2,2,0,0,0,2,2,315,0,1,8,2016,2,13,0,0,1,5,98,8,"FM 729","",52,32.82980833,-94.61628333,0,12,2,0,1,1,0,4,1,1,0,1,0,"0000000",13,1,13,12,14,15,0,0,0,1,0
48,481960,2,1,1,1,1,1,1,381,0,1,8,2016,2,23,21,1,2,1,1,1,"I-27","",28,35.03180278,-101.91905556,0,14,0,0,1,1,0,2,2,1,0,1,0,"0000000",99,98,99,98,99,98,0,0,0,1,1
48,481961,1,1,0,0,0,1,1,293,0,2,8,2016,3,14,30,0,1,4,98,2,"US-84","",267,31.68575278,-96.43485556,0,1,0,0,1,1,0,1,1,1,0,1,0,"0000000",99,98,99,98,88,88,0,0,0,1,0
48,481962,2,2,0,0,0,5,5,325,0,2,8,2016,3,19,0,0,1,5,98,8,"FM 471","",84,29.46681944,-98.87918056,0,12,2,0,1,1,0,1,1,1,0,1,0,"0000000",99,98,99,98,88,88,0,0,0,1,0
48,481963,1,1,0,0,0,1,1,339,0,2,8,2016,3,7,48,9,9,99,98,8,"TL 99","",99999,30.13057778,-95.24270278,0,26,0,0,1,1,0,3,2,1,0,1,0,"0000000",99,98,99,98,88,88,0,0,0,1,1
48,481964,2,2,0,0,0,2,2,201,3280,3,8,2016,4,16,31,0,8,98,98,6,"JEANETTA ST","",0,29.72516944,-95.52513889,0,12,2,0,1,1,0,1,1,1,0,1,0,"0000000",99,98,99,98,88,88,0,0,0,1,0
48,481965,1,1,0,0,0,4,4,209,0,3,8,2016,4,0,44,0,1,5,98,8,"FM 150","",100,30.07853889,-98.00458056,0,42,0,0,1,1,0,4,2,1,0,1,0,"0000000",0,46,1,4,1,58,0,0,0,1,0
48,481966,1,1,0,0,0,1,1,361,0,3,8,2016,4,23,0,0,1,5,98,8,"FM 2802","",100,30.23330278,-94.00330833,0,11,0,0,1,1,0,1,2,1,0,1,0,"0000000",99,98,99,98,88,88,0,0,0,1,0
48,481967,2,1,1,0,0,3,3,403,0,3,8,2016,4,9,2,1,1,3,98,3,"SR-87","SR-21",57,31.43210556,-93.84627778,0,1,0,0,3,2,0,5,1,1,0,1,0,"0000000",9,5,9,11,10,2,0,0,0,1,0
48,481968,2,2,0,0,0,3,3,1,5170,5,8,2016,6,8,8,1,2,3,98,2,"US-79 OAK ST","",33,31.74951944,-95.65049444,0,12,2,0,1,1,0,1,1,1,0,1,0,"0000000",99,99,99,99,99,99,0,0,0,1,0
48,481969,1,1,0,0,0,1,1,27,6810,5,8,2016,6,5,47,1,2,3,98,7,"US-190 HK DODGEN LOOP","",38,31.08405278,-97.38480833,0,25,0,0,1,1,0,4,3,1,0,1,0,"0000000",5,48,5,56,6,43,0,0,0,1,0
48,481970,3,3,0,0,0,6,6,161,0,5,8,2016,6,0,30,1,1,1,1,1,"I-45","",81,31.58638611,-96.15057222,0,12,1,0,1,1,0,1,2,10,0,10,0,"0000000",2,2,2,30,2,56,0,0,0,1,0
48,481971,2,2,0,0,0,2,2,303,0,5,8,2016,6,4,27,1,1,3,98,2,"US-62","FM 1585",36,33.49044167,-102.04258333,0,12,6,0,2,2,0,1,2,1,0,1,0,"0000000",99,98,99,98,88,88,0,0,0,1,1
48,481973,1,1,0,0,0,2,2,217,0,6,8,2016,7,20,10,0,8,98,98,4,"CR-2115","",0,31.90413889,-97.29671667,0,35,0,0,1,1,0,4,1,1,0,1,0,"0000000",99,99,99,99,88,88,0,0,0,1,0
48,481974,1,1,0,0,0,2,2,41,970,7,8,2016,1,0,12,1,2,3,98,8,"FM 1179 VILLA MARIA RD","JONES RD",149,30.60921944,-96.40720278,0,31,0,0,3,2,0,5,2,1,0,1,0,"0000000",0,14,0,18,0,43,0,0,0,1,0
48,481975,2,2,0,0,0,2,2,201,3280,7,8,2016,1,5,40,1,2,2,98,7,"SL-8 SAM HOUSTON PKWY","GENOA RED BLUFF RD",225,29.63071667,-95.17095556,0,12,1,1,3,2,0,1,2,10,0,10,0,"0000000",99,98,99,98,88,88,0,0,0,1,0
48,481976,1,1,0,1,1,1,1,407,6344,9,8,2016,3,2,39,1,1,3,98,7,"US-59","",61,30.48753611,-94.99446389,0,8,0,0,1,1,0,1,3,1,0,1,0,"0000000",99,98,99,98,88,88,0,0,0,1,0
48,481977,2,2,0,0,0,2,2,367,0,15,7,2016,6,8,0,0,1,4,98,3,"SR-171","",67,32.68568611,-97.75660556,0,12,8,0,1,1,0,1,1,10,0,10,0,"0000000",99,98,99,98,88,88,0,0,0,1,0
48,481978,1,1,0,1,1,1,1,141,2190,27,7,2016,4,19,14,0,8,98,98,6,"PENDALE","",0,31.70701944,-106.33161111,0,8,0,0,1,1,0,1,5,1,0,1,0,"0000000",19,15,19,20,19,39,0,0,0,1,0
48,481979,3,3,0,0,0,7,7,199,0,29,7,2016,6,6,40,1,1,3,98,3,"SR-105","CR-STONE WALL RD",96,30.15441944,-94.46705833,0,12,1,0,3,3,0,1,1,1,0,1,0,"0000000",99,99,99,99,99,99,0,0,0,1,0
48,481980,3,3,0,0,0,4,4,85,92,31,7,2016,1,1,29,1,2,2,98,2,"US-85 / SR-75 CENTRAL EXPY","",64,33.09997778,-96.67835556,0,12,2,1,18,1,1,1,2,1,0,1,0,"0000000",1,30,1,43,1,59,0,0,0,1,0
48,481981,2,2,0,0,0,2,2,113,1730,31,7,2016,1,1,41,1,2,2,98,8,"SL12 WALTON WALKER FWY","",130,32.74212222,-96.91926944,0,12,7,0,1,1,0,1,3,1,0,1,0,"0000000",99,98,99,98,88,88,0,0,0,1,1
48,481982,1,1,0,1,1,2,2,113,2590,31,7,2016,1,3,23,1,2,1,1,1,"I-635 LBJ FWY","",124,32.86386944,-96.66123889,0,8,0,0,1,1,0,1,3,1,0,1,0,"0000000",99,98,99,98,88,88,0,0,0,1,0
48,481983,1,1,0,0,0,1,1,305,0,3,8,2016,4,15,20,0,1,5,98,8,"FM2192","",3,33.38911111,-101.77369167,0,1,0,0,1,1,0,1,1,1,0,1,0,"0000000",99,98,99,98,88,88,0,0,0,1,0
48,481984,8,1,7,1,1,4,4,113,1730,5,8,2016,6,21,45,0,8,98,98,6,"LAKE JUNE RD","HOLCOMB RD",0,32.73426667,-96.67425278,0,8,0,0,3,2,0,1,3,1,0,1,0,"0000000",99,99,99,99,99,99,14,0,0,1,0
48,481985,2,2,0,0,0,4,4,5,0,6,8,2016,7,15,2,1,1,3,98,2,"US-69","CR-CHIMNEY ROCK",217,31.38361667,-94.77238333,0,12,6,0,2,3,0,1,1,1,0,1,0,"0000000",99,99,99,99,99,99,0,0,0,1,0
48,481986,1,1,0,0,0,1,1,29,6090,6,8,2016,7,2,34,1,2,1,1,7,"I-10","",59,29.56806944,-98.59198611,0,33,0,0,8,1,0,4,3,1,0,1,0,"0000000",99,99,99,99,99,99,0,0,0,1,1
48,481987,1,1,0,0,0,1,1,339,0,6,8,2016,7,0,3,0,8,98,98,4,"CR-2432 WILLIS WAUKEGAN RD","",0,30.38379444,-95.40110833,0,18,0,0,1,1,0,4,2,1,0,1,0,"0000000",99,99,99,99,99,99,0,0,0,1,1
48,481988,1,1,0,0,0,2,2,485,7490,6,8,2016,7,1,25,0,8,98,98,6,"HARDING ST","",0,33.91389722,-98.46315,0,33,0,0,1,1,0,4,3,1,0,1,0,"0000000",99,99,99,99,99,99,0,0,0,2,1
48,481989,2,2,0,0,0,3,3,29,6090,7,8,2016,1,21,15,1,2,1,1,1,"I-10","",15,29.39609167,-98.49792222,0,12,1,0,1,1,0,1,3,1,0,1,0,"0000000",99,98,99,98,88,88,0,0,0,1,1
48,481990,2,2,0,0,0,5,5,91,4870,7,8,2016,1,22,51,1,2,3,98,8,"FM306","HUNTER RD",149,29.74415556,-98.09781389,0,12,6,0,2,2,0,1,3,1,0,1,0,"0000000",99,99,99,99,99,99,0,0,0,1,0
48,481991,1,1,0,1,1,1,1,113,3420,7,8,2016,1,5,58,0,8,98,98,6,"SHADY GROVE RD","",0,32.80110833,-96.952,0,9,0,0,1,1,0,1,3,1,0,1,0,"0000000",5,59,6,5,6,20,0,0,0,1,0
48,481992,3,3,0,0,0,3,3,29,6090,8,8,2016,2,16,32,1,2,2,1,1,"I-410 RAMP","",186,29.39640278,-98.47957778,0,12,1,1,20,1,0,1,1,1,0,1,0,"0000000",99,99,99,99,88,88,0,0,0,1,0
48,481993,1,1,0,1,1,1,1,29,6090,8,8,2016,2,22,34,1,2,3,98,8,"FM 2696/BLANCO AVE","",166,29.54876389,-98.51046944,0,8,0,0,1,1,0,11,3,1,0,1,0,"0000000",99,99,99,99,99,99,0,0,0,1,0
48,481994,1,1,0,0,0,1,1,113,1730,8,8,2016,2,1,5,0,8,98,98,6,"WESTMORELAND RD/MOCKINGBIRD","",0,32.79743056,-96.87365556,0,25,0,0,1,1,0,3,3,1,0,1,0,"0000000",99,99,99,99,88,88,0,0,0,1,1
48,481995,1,1,0,0,0,1,1,403,0,8,8,2016,2,7,25,0,1,5,98,8,"FM 1/BRONSON RD","",162,31.37108056,-93.99588056,0,1,0,0,1,1,0,4,1,1,0,1,0,"0000000",99,98,99,98,88,88,0,0,0,1,0
48,481996,2,2,0,0,0,3,3,113,1730,9,8,2016,3,23,33,1,2,1,1,1,"I-45/JULIUS SCHEPPS FWY","",189,32.76448333,-96.77573889,0,12,1,0,1,1,1,1,3,1,0,1,0,"0000000",99,99,99,99,99,99,3,23,0,1,1
48,481997,1,1,0,0,0,1,1,291,1770,9,8,2016,3,18,1,0,1,4,98,2,"US-90","",235,30.00035556,-94.94940833,0,58,0,0,1,1,0,5,1,1,0,1,0,"0000000",99,98,99,98,88,88,0,0,0,1,1
48,481998,1,1,0,1,1,2,2,29,6090,10,8,2016,4,22,39,0,8,98,98,6,"CULEBRA RD","",0,29.44930833,-98.56844167,0,8,0,0,1,1,0,1,3,10,0,10,0,"0000000",99,99,99,99,99,99,0,0,0,1,0
48,481999,1,1,0,0,0,5,5,479,3899,9,1,2016,7,10,30,1,1,3,98,2,"US-83/ZAPATA HWY","",89,27.39293611,-99.47647222,0,5,0,0,7,1,0,1,1,1,0,1,0,"0000000",10,30,10,43,11,3,0,0,0,1,0
48,482000,1,1,0,1,1,2,2,479,3899,31,3,2016,5,9,33,0,8,98,98,6,"SAN LORENZO DR","",0,27.58669167,-99.50803889,0,8,0,0,1,1,0,1,1,1,0,1,0,"0000000",9,33,9,39,9,55,0,0,0,1,0
48,482001,2,1,1,0,0,1,1,215,0,3,7,2016,1,0,20,0,1,6,98,8,"FM 2812","",13,26.38298889,-98.1262,0,38,0,0,1,1,0,5,2,1,0,1,0,"0000000",99,98,99,98,88,88,13,0,0,1,0
48,482002,1,1,0,0,0,2,2,479,3899,3,6,2016,6,8,11,0,8,98,98,6,"SANTA MARIA AVE","",0,27.5152,-99.51021944,0,38,0,0,1,1,0,5,1,1,0,1,0,"0000000",8,11,8,17,8,30,0,0,0,1,1
48,482003,2,2,0,0,0,3,3,39,0,15,7,2016,6,12,24,1,2,3,98,3,"SR-6","CR-146/SCHROEDER LN",97,29.44716111,-95.2976,0,12,1,0,3,2,0,1,1,1,0,1,0,"0000000",12,24,12,35,13,26,0,0,0,1,0
48,482004,1,1,0,1,1,1,1,167,0,17,7,2016,1,19,34,0,8,98,98,4,"CR-10TH ST","",0,29.50688056,-94.98884722,0,8,0,0,1,1,0,1,1,1,0,1,0,"0000000",20,7,20,14,20,52,0,0,0,1,1
48,482005,3,3,0,0,0,7,7,39,0,19,7,2016,3,14,45,1,2,3,98,3,"SR-36","",344,28.95033889,-95.38981944,0,12,2,0,1,1,0,1,1,10,0,10,0,"0000000",14,57,15,34,16,7,0,0,0,2,1
48,482006,2,2,0,0,0,2,2,135,0,24,7,2016,1,23,4,1,1,3,98,2,"US-385","",89,31.72316944,-102.35168889,0,12,2,0,1,1,0,1,2,1,0,1,0,"0000000",99,98,99,98,88,88,0,0,0,1,1
48,482008,2,2,0,0,0,2,2,497,0,27,7,2016,4,15,22,1,1,3,98,2,"US-81","",95,33.34018056,-97.67786111,0,12,1,0,1,1,0,1,7,2,8,2,0,"0000000",15,22,15,35,16,22,0,0,0,1,0
48,482009,1,1,0,0,0,1,1,27,6810,29,7,2016,6,19,21,0,2,4,98,8,"FM 93","",125,31.04170833,-97.41399444,0,59,0,0,1,1,0,4,1,1,0,1,0,"0000000",19,21,19,31,20,22,0,0,0,1,1
48,482010,1,1,0,0,0,2,2,215,0,29,7,2016,6,2,36,0,8,98,98,4,"CR-VICTORIA RD","",0,26.16066944,-98.03146944,0,1,0,0,1,1,0,4,2,1,0,1,0,"0000000",99,99,99,99,99,99,0,0,0,1,1
48,482011,2,2,0,0,0,4,4,113,2590,26,7,2016,3,23,25,1,2,1,1,1,"I-30","",268,32.84114444,-96.59311389,0,12,1,0,1,1,0,1,2,1,0,1,0,"0000000",23,39,23,44,0,7,0,0,0,1,1
48,482012,2,2,0,0,0,2,2,201,0,31,7,2016,1,18,17,1,2,2,98,3,"SR-249/MOUNT HOUSTON RD","",219,29.89796389,-95.43280556,0,12,2,0,1,1,0,1,1,1,0,1,0,"0000000",18,20,18,25,18,56,0,0,0,1,1
48,482013,2,2,0,0,0,2,2,423,0,1,8,2016,2,13,0,1,1,1,1,1,"I-20","",243,32.44868889,-95.18416944,0,12,1,0,1,1,1,1,1,1,0,1,0,"0000000",13,21,13,32,13,57,0,0,0,1,0
48,482014,1,1,0,0,0,2,2,273,0,2,8,2016,3,18,0,1,1,3,98,2,"US-77","",97,27.43978889,-97.85586111,0,42,0,0,1,1,0,4,1,1,0,1,0,"0000000",99,99,99,99,99,99,0,0,0,1,0
48,482015,1,1,0,0,0,1,1,473,0,2,8,2016,3,0,25,0,8,98,98,4,"CR-COCHRAN RD","CR-BETKA RD",0,30.02155,-95.98981944,0,42,0,0,3,2,0,4,2,1,0,1,0,"0000000",99,98,99,98,88,88,0,0,0,1,0
48,482016,1,1,0,0,0,1,1,61,0,3,8,2016,4,17,50,0,8,98,98,4,"CR-FM 1575/OLD ALICE RD","CR-GAYNOR ST",0,26.06728056,-97.50018889,0,1,0,0,3,3,0,4,1,1,0,1,0,"0000000",99,98,99,98,88,88,0,0,0,1,1
48,482017,2,2,0,0,0,2,2,453,0,3,8,2016,4,5,31,1,1,3,98,3,"SR-71","",50,30.18007778,-97.53619722,0,12,6,0,7,1,0,1,2,1,0,1,0,"0000000",5,32,5,42,5,51,0,0,0,1,0
48,482018,2,2,0,0,0,4,4,409,0,4,8,2016,5,16,52,0,1,5,98,8,"FM 631","",81,27.93988333,-97.45714167,0,12,1,0,1,1,0,1,1,1,0,1,0,"0000000",99,99,99,99,99,99,0,0,0,1,0