"STATE","ST_CASE","VE_TOTAL","VE_FORMS","PVH_INVL","PEDS","PERNOTMVIT","PERMVIT","PERSONS","COUNTY","CITY","DAY","MONTH","YEAR","DAY_WEEK","HOUR","MINUTE","NHS","RUR_URB","FUNC_SYS","RD_OWNER","ROUTE","TWAY_ID","TWAY_ID2","MILEPT","LATITUDE","LONGITUD","SP_JUR","HARM_EV","MAN_COLL","RELJCT1","RELJCT2","TYP_INT","WRK_ZONE","REL_ROAD","LGT_COND","WEATHER1","WEATHER2","WEATHER","SCH_BUS","RAIL","NOT_HOUR","NOT_MIN","ARR_HOUR","ARR_MIN","HOSP_HR","HOSP_MN","CF1","CF2","CF3","FATALS","DRUNK_DR"
48,482019,2,2,0,0,0,2,2,61,940,5,8,2016,6,2,37,1,2,1,1,1,"I-69E","",264,26.04594444,-97.55058056,0,12,2,0,1,1,0,1,3,10,0,10,0,"0000000",11,31,11,31,11,57,0,0,0,1,0
48,482020,1,1,0,0,0,1,1,291,0,5,8,2016,6,21,8,0,8,98,98,4,"CR-FM 1010/PLUM GROVE RD","",0,30.1859,-95.09561111,0,32,0,0,1,1,0,4,2,1,0,1,0,"0000000",21,17,21,26,22,26,0,0,0,1,0
48,482021,1,1,0,0,0,1,1,389,0,5,8,2016,6,17,30,0,8,98,98,4,"CR-409","",0,31.39125,-103.60206111,0,10,0,0,6,1,0,1,1,1,0,1,0,"796228Y",99,99,99,99,99,99,0,0,0,1,0
48,482022,2,2,0,0,0,3,3,113,1730,6,8,2016,7,22,17,0,8,98,98,6,"DAVIS ST/SR-180","CHALK HILL RD",0,32.74975,-96.902325,0,12,1,0,3,3,0,1,3,1,0,1,0,"0000000",99,99,99,99,99,99,0,0,0,1,1
48,482023,2,2,0,0,0,2,2,201,0,6,8,2016,7,3,10,1,2,3,98,2,"US-90","CR-LINDSTROM RD",199,29.92291111,-95.04135,0,12,1,0,2,2,0,1,2,1,0,1,0,"0000000",99,98,99,98,88,88,0,0,0,1,1
48,482024,1,1,0,1,1,1,1,225,0,6,8,2016,7,20,43,0,1,4,98,3,"SR-7","",91,31.30568889,-95.5032,0,49,0,0,1,1,0,1,5,1,0,1,0,"0000000",99,99,99,99,99,99,0,0,0,1,0
48,482025,1,1,0,0,0,1,1,401,0,6,8,2016,7,19,15,1,1,3,98,2,"US-79","",48,32.0231,-94.95258056,0,1,0,0,1,1,0,4,1,1,0,1,0,"0000000",99,99,99,99,99,99,0,0,0,1,1
48,482026,1,1,0,1,1,4,4,439,260,6,8,2016,7,21,20,1,2,2,98,3,"SR-360","",113,32.76238333,-97.06323889,0,8,0,0,1,1,0,1,3,1,0,1,0,"0000000",99,99,99,99,99,99,0,0,0,1,0
48,482027,1,1,0,0,0,5,5,201,3280,7,8,2016,1,15,28,1,2,1,1,1,"I-69/EASTEX FWY","",83,29.97907778,-95.27799722,0,1,0,0,1,1,0,10,1,1,0,1,0,"0000000",16,3,16,7,16,35,0,0,0,1,0
48,482028,1,1,0,1,1,2,2,321,0,7,8,2016,1,20,50,0,1,5,98,8,"FM 457","",151,28.92855,-95.71431111,0,8,0,0,8,1,0,1,2,1,0,1,0,"0000000",99,99,99,99,99,99,0,0,0,1,0
48,482029,2,2,0,0,0,5,5,201,0,8,8,2016,2,22,40,1,2,3,98,3,"SR-99/GRAND PKWY","",1,29.77206944,-95.77735,0,12,6,0,1,1,0,1,3,1,0,1,0,"0000000",99,99,99,99,99,99,0,0,0,1,0
48,482030,1,1,0,1,1,1,1,201,0,9,8,2016,3,10,40,0,2,3,98,8,"FM 1960","CR-LAKE HOUSTON PKWY",312,30.01901944,-95.11034722,0,9,0,0,3,2,0,1,1,1,0,1,0,"0000000",10,41,10,44,11,38,0,0,0,1,0
48,482031,1,1,0,0,0,1,1,375,150,9,8,2016,3,0,40,0,8,98,98,6,"LAWRENCE BLVD","",0,35.19539444,-101.898225,0,31,0,0,1,1,0,4,2,2,0,2,0,"0000000",0,43,0,51,1,17,0,0,0,1,0
48,482032,2,2,0,0,0,4,4,409,3380,9,8,2016,3,18,16,0,2,4,98,3,"SR-361","AVENUE A",61,27.87423611,-97.19516111,0,12,6,0,2,2,0,1,1,1,0,1,0,"0000000",18,19,18,27,19,19,0,0,0,1,0
48,482033,1,1,0,0,0,1,1,29,6090,10,8,2016,4,7,9,1,2,2,98,3,"SR-151","",58,29.43203889,-98.635625,0,24,0,0,1,1,1,3,1,1,0,1,0,"0000000",99,99,99,99,99,99,0,0,0,1,0
48,482034,1,1,0,0,0,2,2,231,0,10,8,2016,4,19,0,0,1,5,98,8,"FM 1565","",144,32.86943056,-96.25981944,0,53,0,0,1,1,0,4,1,1,0,1,0,"0000000",99,99,99,99,99,99,0,0,0,1,0
48,482035,3,2,1,1,4,1,4,297,0,10,8,2016,4,5,0,1,1,3,98,2,"US-59","",98,28.21161111,-98.2328,0,12,11,0,1,1,0,1,2,10,0,10,0,"0000000",99,98,99,98,88,88,19,14,0,1,0
48,482036,1,1,0,1,1,2,2,113,1730,11,8,2016,5,22,13,1,2,1,1,1,"I-635/LYNDON B JOHNSON FWY","",28,32.89693889,-96.71333611,0,8,0,0,1,1,0,1,3,1,0,1,0,"0000000",99,99,99,99,99,99,0,0,0,1,0
48,482037,2,2,0,0,0,3,3,407,0,11,8,2016,5,8,38,0,1,4,98,3,"SR-150","",72,30.55415,-95.26308056,0,12,1,0,1,1,0,1,1,1,0,1,0,"0000000",99,98,99,98,88,88,0,0,0,1,0
48,482038,1,1,0,1,1,1,1,423,0,11,8,2016,5,5,50,0,1,4,98,3,"SR-110","",181,32.39021944,-95.36583056,0,9,0,0,1,1,0,1,2,1,0,1,0,"0000000",99,98,99,98,88,88,0,0,0,1,0
48,482039,1,1,0,0,0,1,1,439,2450,11,8,2016,5,1,6,0,8,98,98,6,"ANGLE AVE","",0,32.80436944,-97.36515833,0,17,0,0,1,1,0,4,2,1,0,1,0,"0000000",99,99,99,99,88,88,0,0,0,1,1
48,482040,3,2,1,0,0,1,1,27,3690,12,8,2016,6,4,27,1,2,3,98,8,"BU-190/VETERANS MEMORIAL BLVD","FM 2410/MARTIN LUTHER KING JR",58,31.098325,-97.69420278,0,14,0,0,3,2,0,5,3,10,0,10,0,"0000000",99,98,99,98,88,88,0,0,0,1,1
48,482041,2,2,0,0,0,2,2,99,1540,12,8,2016,6,7,6,1,2,2,98,8,"BU-190","",36,31.12004167,-97.89177222,0,12,2,0,1,1,0,1,1,1,0,1,0,"0000000",7,18,7,34,8,4,0,0,0,1,1
48,482042,1,1,0,0,0,1,1,113,3420,12,8,2016,6,5,58,1,2,1,1,1,"I-635 LBJ FWY","VALLEY VIEW LN",30,32.91252222,-96.93971667,0,33,0,1,3,2,0,4,3,1,0,1,0,"0000000",5,59,6,6,6,27,0,0,0,1,1
48,482043,2,2,0,0,0,5,5,221,0,12,8,2016,6,15,28,0,1,5,98,8,"FM 51","",44,32.40018056,-97.827275,0,12,2,0,1,1,0,1,1,2,0,2,0,"0000000",15,31,15,39,16,2,0,0,0,1,0
48,482044,3,3,0,0,0,7,7,29,6090,13,8,2016,7,22,3,1,2,1,1,1,"I-35","",286,29.31286389,-98.612675,0,12,1,0,1,1,0,1,2,10,0,10,0,"0000000",99,99,99,99,99,99,0,0,0,1,0
48,482045,2,2,0,0,0,2,2,71,7244,13,8,2016,7,16,31,1,1,1,1,1,"I-10","",126,29.83996667,-94.7045,0,12,98,0,1,1,0,1,1,1,0,1,0,"0000000",99,98,99,98,88,88,0,0,0,1,0
48,482046,1,1,0,0,0,1,1,401,0,13,8,2016,7,5,25,1,1,3,98,2,"US-79","",37,32.03773889,-94.93704167,0,32,0,0,1,1,0,4,2,10,0,10,0,"0000000",99,98,99,98,88,88,0,0,0,1,1
48,482047,1,1,0,1,1,1,1,453,330,13,8,2016,7,2,7,1,2,1,1,1,"I-35","",165,30.24836944,-97.73535,0,8,0,1,18,1,0,1,3,1,0,1,0,"0000000",2,8,2,13,2,32,0,0,0,1,0
48,482048,2,2,0,0,0,2,2,303,4140,14,8,2016,1,19,16,1,2,2,98,7,"SL 289","",172,33.58708056,-101.93854444,0,12,1,0,1,1,0,1,1,10,0,10,0,"0000000",99,98,99,98,88,88,0,0,0,1,1
48,482049,2,2,0,0,0,2,2,5,0,15,8,2016,2,1,48,1,1,3,98,3,"SR-103","",69,31.34451111,-94.60840556,0,12,2,0,1,1,0,1,2,1,0,1,0,"0000000",99,99,99,99,99,99,0,0,0,1,0
48,482050,1,1,0,1,1,1,1,29,6090,15,8,2016,2,5,31,1,2,2,98,3,"SR-151","",28,29.43275278,-98.63263056,0,8,0,1,20,1,0,1,3,10,0,10,0,"0000000",99,98,99,98,88,88,0,0,0,1,0
48,482051,2,2,0,0,0,3,3,317,0,29,7,2016,6,16,33,1,1,3,98,3,"SR-349","",64,32.44476944,-102.09327222,0,12,1,0,1,1,0,1,1,1,0,1,0,"0000000",99,98,99,98,88,88,0,0,0,1,0
48,482052,1,1,0,1,1,1,1,215,0,1,8,2016,2,3,7,1,1,3,98,2,"US-281","",108,26.64768889,-98.11066667,0,8,0,0,1,1,0,1,2,1,0,1,0,"0000000",99,98,99,98,88,88,0,0,0,1,0
48,482053,2,2,0,0,0,4,4,355,0,2,8,2016,3,18,30,0,2,4,98,8,"FM 665","",40,27.71064722,-97.87839167,0,12,2,0,1,1,0,1,1,10,0,10,0,"0000000",18,55,19,10,20,18,0,0,0,1,0
48,482054,2,2,0,0,0,7,7,497,1780,8,8,2016,2,17,50,0,2,4,98,8,"BU-380 F","DEERPARK RD",5,33.23073333,-97.60691944,0,12,6,0,2,2,0,1,1,1,0,1,0,"0000000",17,54,17,58,18,18,0,0,0,1,0
48,482055,2,2,0,0,0,2,2,21,0,9,8,2016,3,6,55,1,1,3,98,2,"US-290","FM 696",71,30.31072778,-97.30515278,0,12,6,0,2,2,0,1,3,1,0,1,0,"0000000",99,99,99,99,99,99,0,0,0,1,0
48,482056,3,3,0,0,0,6,6,5,0,10,8,2016,4,19,0,1,1,3,98,2,"US-59","",20,31.42341667,-94.72452222,0,12,2,0,1,1,0,2,1,1,0,1,0,"0000000",99,99,99,99,99,99,0,0,0,2,0
48,482057,1,1,0,1,1,1,1,423,7070,11,8,2016,5,22,27,1,2,3,98,2,"US-69 BROADWAY AVE","HERITAGE DR",54,32.26667778,-95.30723889,0,8,0,0,3,2,0,1,2,10,0,10,0,"0000000",99,98,99,98,88,88,0,0,0,1,0
48,482058,2,2,0,0,0,2,2,493,0,13,8,2016,7,22,5,0,1,5,98,3,"SR-97","",16,29.04290278,-98.307925,0,11,0,0,1,1,0,1,2,10,0,10,0,"0000000",99,98,99,98,88,88,0,0,0,1,0
48,482059,2,2,0,0,0,4,4,339,6884,14,8,2016,1,18,40,0,2,4,98,3,"SR-242","CR-WINDVALE CIR",6,30.22149444,-95.50725556,0,12,6,0,2,2,0,1,1,2,0,2,0,"0000000",99,99,99,99,99,99,0,0,0,1,1
48,482060,1,1,0,0,0,2,2,423,0,14,8,2016,1,6,42,1,1,1,1,1,"I-20","",44,32.48208056,-95.50888333,0,52,0,0,1,1,0,4,2,10,0,10,0,"0000000",99,98,99,98,88,88,0,0,0,2,0
48,482061,1,1,0,1,1,1,1,339,0,3,8,2016,4,19,50,0,8,98,98,4,"CR-CALVARY RD","",0,30.46384444,-95.52946667,0,9,0,0,1,1,0,1,5,1,0,1,0,"0000000",99,99,99,99,99,99,0,0,0,1,0
48,482062,1,1,0,0,0,1,1,231,0,6,8,2016,7,11,5,0,1,4,98,3,"SR-224","",168,33.239375,-95.93921944,0,53,0,1,5,1,0,4,1,1,0,1,0,"0000000",99,99,99,99,99,99,0,0,0,1,0
48,482063,2,2,0,0,0,5,5,209,0,11,8,2016,5,15,33,1,1,3,98,2,"US-290","HOLDER LN",47,30.1982,-98.16203611,0,12,6,0,2,3,0,1,1,1,0,1,0,"0000000",15,40,16,7,16,37,0,0,0,2,0
48,482064,2,2,0,0,0,2,2,491,5990,12,8,2016,6,8,14,0,8,98,98,6,"1000 UNIVERSITY BLVD","",0,30.56731111,-97.66449444,0,12,6,0,1,1,0,1,1,10,0,10,0,"0000000",8,17,8,24,8,46,0,0,0,1,0
48,482065,1,1,0,1,1,1,1,113,1730,13,8,2016,7,6,30,0,8,98,98,6,"JIM MILLER RD","EVERGLADE RD",0,32.78540278,-96.70002778,0,8,0,0,3,2,0,1,1,10,0,10,0,"0000000",99,99,99,99,99,99,0,0,0,1,0
48,482066,1,1,0,0,0,1,1,121,0,15,8,2016,2,11,30,0,2,4,98,8,"FM 156","",46,33.28075556,-97.22670556,0,32,0,0,1,1,0,4,1,10,0,10,0,"0000000",11,30,11,35,12,5,0,0,0,1,0
48,482067,2,2,0,0,0,3,3,491,5990,17,8,2016,4,13,2,0,8,98,98,6,"GATTIS SCHOOL RD","",0,30.495975,-97.66725278,0,33,0,0,1,1,0,4,1,10,0,10,0,"0000000",13,5,13,12,13,49,0,0,0,1,0
48,482068,4,4,0,0,0,12,12,113,2590,13,4,2016,4,23,4,1,1,1,1,1,"I-635 LBJ FWY","LA PRADA DR",110,32.84678333,-96.63754722,0,12,1,0,1,1,0,1,2,10,0,10,0,"0000000",23,17,23,24,23,44,0,0,0,2,0
48,482069,1,1,0,1,1,1,1,29,6090,4,5,2016,4,19,10,0,8,98,98,6,"CITY-BASE LANDING","",0,29.35018056,-98.43507222,0,8,0,0,1,1,0,1,1,1,0,1,0,"0000000",99,99,99,99,99,99,0,0,0,1,0
48,482070,1,1,0,1,1,1,1,29,6090,13,6,2016,2,0,19,0,8,98,98,6,"IGRAM RD","QUIVER DR",0,29.46635,-98.60817222,0,9,0,0,3,3,0,1,3,10,0,10,0,"0000000",99,99,99,99,99,99,0,0,0,1,0
48,482071,1,1,0,0,0,1,1,39,5249,3,7,2016,1,20,42,0,8,98,98,6,"BAILEY AVE","",0,29.52994722,-95.35834444,0,1,0,0,1,1,0,1,1,1,0,1,0,"0000000",20,44,20,52,21,12,0,0,0,1,1
48,482072,1,1,0,0,0,2,2,201,3280,11,7,2016,2,0,35,1,2,1,1,1,"I-10 KATY FWY","",221,29.77938056,-95.45056667,0,25,0,1,19,1,0,10,3,1,0,1,0,"0000000",0,38,0,49,1,15,0,0,0,1,1
48,482073,1,1,0,1,1,1,1,499,70,22,7,2016,6,14,24,0,1,5,98,3,"SR-182 HOLLEY ST","",18,32.79303611,-95.62571111,0,8,0,0,1,1,1,1,1,1,0,1,0,"0000000",99,98,99,98,88,88,0,0,0,1,0
48,482074,1,1,0,1,1,3,3,201,3280,25,7,2016,2,2,40,0,8,98,98,6,"SANDS POINT DR","",0,29.71445556,-95.53936667,0,8,0,0,1,1,0,4,3,1,0,1,0,"0000000",2,48,2,55,3,9,0,0,0,1,1
48,482075,1,1,0,1,1,4,4,461,5650,2,8,2016,3,21,6,0,1,4,98,2,"US-67","",109,31.22156944,-101.94133333,0,8,0,0,1,1,0,1,3,1,0,1,0,"0000000",21,12,21,15,21,26,0,0,0,1,0
48,482076,2,2,0,1,1,2,2,355,1550,3,8,2016,4,21,40,0,8,98,98,6,"FLOOUR BLUFF DR","",0,27.66156111,-97.30533611,0,8,0,0,1,1,0,11,2,1,0,1,0,"0000000",99,98,99,98,88,88,0,0,0,1,0
48,482078,1,1,0,0,0,1,1,505,0,5,8,2016,6,22,35,1,1,3,98,2,"US-83","",77,27.17290278,-99.4215,0,32,0,0,1,1,0,4,2,1,0,1,0,"0000000",99,98,99,98,88,88,0,0,0,1,1
48,482079,1,1,0,0,0,2,2,479,0,6,8,2016,7,6,30,1,1,3,2,2,"US-83","",115,27.35697778,-99.45628056,0,1,0,0,1,1,0,4,2,1,0,1,0,"0000000",6,50,7,16,7,41,0,0,0,1,1
48,482080,1,1,0,1,1,1,1,141,2190,7,8,2016,1,6,37,1,2,3,98,3,"SR-62 PAISANO DR","EL PASO ST",57,31.75505278,-106.48816389,0,8,0,0,2,2,0,1,4,1,0,1,0,"0000000",6,39,6,42,6,57,0,0,0,1,0
48,482081,1,1,0,0,0,8,8,131,0,7,8,2016,1,15,43,1,1,3,98,3,"SR-44","",178,27.78360556,-98.33021111,0,1,0,0,1,1,0,1,1,1,0,1,0,"0000000",15,15,15,52,16,48,0,0,0,1,0
48,482082,2,2,0,0,0,2,2,251,3593,7,8,2016,1,9,20,1,2,3,98,2,"US-67 KATHERINE P RAINS RD","FM2280 WALLEN RIDGE RD",8,32.38550556,-97.34254722,0,12,2,0,2,3,1,1,1,1,0,1,0,"0000000",9,28,9,49,10,27,0,0,0,1,0
48,482083,2,2,0,0,0,2,2,39,0,8,8,2016,2,14,51,0,2,5,98,8,"FM523","",210,29.03637222,-95.33258056,0,12,2,0,1,1,0,1,1,1,0,1,0,"0000000",99,99,99,99,99,99,0,0,0,1,1
48,482084,3,2,1,0,1,3,4,139,0,8,8,2016,2,18,0,1,1,1,1,1,"I-35E","",92,32.21436389,-96.89053056,0,14,0,0,1,1,0,2,1,1,0,1,0,"0000000",18,10,18,45,19,46,23,0,0,2,0
48,482085,2,2,0,0,0,2,2,185,0,8,8,2016,2,14,45,0,1,5,98,8,"FM149","",76,30.54525556,-95.87835833,0,12,6,0,1,1,0,1,1,1,0,1,0,"0000000",99,99,99,99,99,99,0,0,0,1,0
48,482086,2,2,0,0,0,4,4,201,3280,9,8,2016,3,22,10,1,2,1,1,1,"I-45 GULF FWY","",67,29.585675,-95.18300833,0,12,1,0,1,1,0,1,2,1,0,1,0,"0000000",22,15,22,22,22,46,0,0,0,2,1
48,482087,3,3,0,0,0,4,4,453,330,9,8,2016,3,16,31,0,2,4,98,8,"FM1327","",2,30.11256389,-97.8018,0,12,8,0,1,1,0,1,1,1,0,1,0,"0000000",99,98,99,98,88,88,0,0,0,1,0
48,482088,2,2,0,0,0,2,2,375,0,10,8,2016,4,7,55,1,2,3,98,8,"SL335 ST FRANCIS AVE","FM1912",180,35.26491111,-101.74677222,0,12,6,0,2,3,0,1,1,1,0,1,0,"0000000",99,98,99,98,88,88,0,0,0,1,0
48,482089,1,1,0,1,1,1,1,201,0,11,8,2016,5,21,2,0,8,98,98,4,"CR-HOPPER RD","",0,29.87949722,-95.34837222,0,8,0,0,1,1,0,1,2,1,0,1,0,"0000000",99,98,99,98,88,88,0,0,0,1,0
48,482090,1,1,0,1,1,2,2,167,0,12,8,2016,6,23,0,0,1,4,98,3,"SR-87","",73,29.51508056,-94.48204444,0,8,0,0,1,1,0,1,2,10,0,10,0,"0000000",99,98,99,98,88,88,0,0,0,1,0
48,482091,1,1,0,0,0,3,3,217,0,12,8,2016,6,14,18,1,1,1,1,1,"I-35W","",292,32.24278056,-97.15863611,0,1,0,0,1,1,0,4,1,1,0,1,0,"0000000",14,30,14,46,15,14,0,0,0,1,0
48,482092,1,1,0,0,0,1,1,289,1280,12,8,2016,6,13,33,0,1,6,98,8,"FM1119 CASS ST","",23,31.244475,-95.96427778,0,32,0,0,1,1,0,4,1,1,0,1,0,"0000000",99,99,99,99,99,99,0,0,0,1,0
48,482093,1,1,0,1,1,5,5,71,0,12,8,2016,6,22,0,1,1,1,1,1,"I-10","",100,29.83523889,-94.5485,0,8,0,0,1,1,0,1,2,1,0,1,0,"0000000",99,98,99,98,88,88,0,0,0,1,0
48,482094,2,2,0,0,0,2,2,85,2320,13,8,2016,7,6,0,1,1,3,98,2,"US-380 AUDIE MURPHY PKWY","",300,33.15377778,-96.2965,0,12,2,0,1,1,0,1,2,10,0,10,0,"0000000",99,99,99,99,99,99,0,0,0,1,1
48,482095,1,1,0,0,0,11,11,177,0,13,8,2016,7,9,8,1,1,1,1,1,"I-10","",71,29.68416111,-97.26587778,0,1,0,0,1,1,0,1,1,10,0,10,0,"0000000",99,99,99,99,99,99,0,0,0,3,0
48,482096,2,2,0,0,0,3,3,201,0,13,8,2016,7,1,10,0,8,98,98,4,"CR-MOUNT HOUSTON RD","",0,29.89162778,-95.2666,0,12,6,0,1,1,0,1,2,1,0,1,0,"0000000",1,9,1,19,1,45,0,0,0,1,0
48,482097,1,1,0,1,1,2,2,215,4197,13,8,2016,7,6,15,1,2,3,98,3,"SR-336 10TH ST","WISTERIA AVE",43,26.24745556,-98.22254444,0,8,0,0,2,3,0,1,4,1,0,1,0,"0000000",6,21,6,28,6,40,0,0,0,1,0
48,482098,3,3,0,1,1,4,4,231,2860,13,8,2016,7,16,20,1,2,3,98,3,"SR-34","",25,33.09580278,-96.10981389,0,8,0,0,1,1,0,1,1,1,0,1,0,"0000000",99,98,99,98,88,88,0,0,0,1,1
48,482099,1,1,0,0,0,3,3,339,6884,13,8,2016,7,13,23,0,8,98,98,6,"WOODLANDS PKWY","",0,30.16013056,-95.49766944,0,35,0,0,1,1,0,3,1,1,0,1,0,"0000000",99,99,99,99,99,99,0,0,0,1,0
48,482100,2,2,0,0,0,2,2,483,0,13,8,2016,7,22,20,1,1,1,1,1,"I-40","",145,35.22663333,-100.01618333,0,12,1,0,1,1,0,1,2,1,0,1,0,"0000000",22,48,23,35,1,24,0,0,0,1,0
48,482101,1,1,0,0,0,1,1,485,0,13,8,2016,7,3,50,1,1,3,98,2,"US-287","",40,34.03932778,-98.90009722,0,1,0,0,1,1,0,3,2,1,0,1,0,"0000000",99,98,99,98,88,88,0,0,0,1,0
48,482102,1,1,0,0,0,3,3,201,3280,14,8,2016,1,3,0,0,8,98,98,6,"GESSNER DR","",0,29.73509444,-95.53919167,0,33,0,0,1,1,0,3,3,2,0,2,0,"0000000",99,98,99,98,88,88,0,0,0,1,1
48,482103,2,2,0,0,0,5,5,209,0,14,8,2016,1,15,24,1,2,1,1,7,"I-35","",4,29.80641944,-98.00953889,0,12,2,0,1,1,0,1,1,2,0,2,0,"0000000",15,27,15,35,16,49,0,0,0,1,0
48,482104,1,1,0,0,0,2,2,397,5910,14,8,2016,1,10,56,1,1,1,1,7,"I-30","",73,32.91354722,-96.44163611,0,1,0,0,1,1,0,4,1,10,0,10,0,"0000000",11,8,11,24,12,16,0,0,0,1,0
48,482105,2,2,0,0,0,3,3,497,0,14,8,2016,1,4,50,1,1,3,98,2,"US-81","",95,33.12503056,-97.48903889,0,12,2,0,1,1,0,1,2,1,0,1,0,"0000000",99,99,99,99,99,99,0,0,0,2,2
48,482106,1,1,0,0,0,1,1,143,0,15,8,2016,2,14,29,0,1,6,98,8,"FM 1188","",152,32.36898889,-98.07418056,0,1,0,0,1,1,0,4,1,10,0,10,0,"0000000",99,98,99,98,88,88,0,0,0,1,0
48,482107,2,2,0,0,0,2,2,181,0,15,8,2016,2,12,35,0,1,5,98,8,"FM 121","",274,33.42323056,-96.63525,0,12,2,0,1,1,0,1,1,2,0,2,0,"0000000",12,36,12,52,13,31,0,0,0,1,0
48,482108,1,1,0,1,1,1,1,201,3280,15,8,2016,2,10,25,0,8,98,98,6,"BLALOCK RD","",0,29.78572222,-95.52125,0,8,0,0,1,1,0,1,1,10,0,10,0,"0000000",10,30,10,37,11,4,0,0,0,1,0
48,482109,1,1,0,0,0,1,1,135,0,16,8,2016,3,2,15,0,8,98,98,4,"CR-DUNN ST","CR-TRIPP AVE",0,31.82061944,-102.47205,0,38,0,0,3,3,0,5,2,1,0,1,0,"0000000",99,98,99,98,88,88,0,0,0,1,1
48,482110,1,1,0,0,0,3,3,51,1070,17,8,2016,4,7,43,0,8,98,98,6,"6TH ST","",0,30.52465,-96.70703889,0,5,0,0,8,1,0,1,1,10,0,10,0,"0000000",99,98,99,98,88,88,0,0,0,1,0
48,482111,1,1,0,1,1,1,1,97,2550,17,8,2016,4,20,42,1,2,1,1,1,"I-35","",160,33.64839444,-97.15588611,0,8,0,0,1,1,0,1,3,1,0,1,0,"0000000",99,98,99,98,88,88,0,0,0,1,0
48,482112,1,1,0,0,0,1,1,171,0,18,8,2016,5,18,10,0,1,4,98,2,"US-87","",250,30.18676944,-98.87443333,0,38,0,0,1,1,0,5,1,2,0,2,0,"0000000",99,98,99,98,88,88,0,0,0,1,0
48,482113,1,1,0,0,0,4,4,219,0,18,8,2016,5,18,16,0,8,98,98,4,"CR-ELLIS ST","",0,33.59915833,-102.20140833,0,1,0,0,1,1,0,1,1,1,0,1,0,"0000000",18,13,18,29,19,15,0,0,0,1,1
48,482114,1,1,0,0,0,1,1,363,0,18,8,2016,5,9,10,0,1,4,98,3,"SR-16","",100,33.00358056,-98.42586111,0,59,0,0,1,1,0,4,1,2,0,2,0,"0000000",99,99,99,99,99,99,0,0,0,1,0
48,482115,2,2,0,1,1,2,2,439,2450,18,8,2016,5,6,29,1,2,1,1,1,"I-30 WEST FWY","",206,32.7329,-97.37285,0,12,1,1,18,1,0,1,6,1,0,1,0,"0000000",99,98,99,98,88,88,23,0,0,1,0
48,482116,1,1,0,1,1,1,1,439,2450,18,8,2016,5,7,0,0,8,98,98,6,"SEMINARY DR","",0,32.68484444,-97.29132778,0,8,0,0,1,1,0,99,6,10,0,10,0,"0000000",99,98,99,98,88,88,0,0,0,1,0
48,482117,2,2,0,0,0,2,2,491,2620,18,8,2016,5,15,26,1,2,1,1,7,"I-35","FM 2338",122,30.65030833,-97.68015,0,12,6,1,2,2,0,1,1,10,0,10,0,"0000000",99,99,99,99,88,88,0,0,0,1,0
48,482118,1,1,0,1,1,1,1,201,3280,19,8,2016,6,16,3,0,8,98,98,6,"TELEPHONE RD","OAKCLIFF ST",0,29.71430278,-95.31784444,0,8,0,0,3,2,0,1,1,2,0,2,0,"0000000",99,99,99,99,99,99,0,0,0,1,0
48,482119,1,1,0,0,0,1,1,439,2450,19,8,2016,6,19,5,1,2,2,98,8,"SS-97 INTERNATIONAL PKWY","",14,32.83885833,-97.04450278,0,24,0,1,5,1,0,4,3,2,0,2,0,"0000000",19,33,19,49,20,20,0,0,0,1,0
48,482120,1,1,0,1,1,1,1,201,0,20,8,2016,7,23,19,1,2,2,98,3,"SR-249","",175,29.92097222,-95.49538611,0,8,0,0,1,1,0,1,2,1,0,1,0,"0000000",99,98,99,98,88,88,0,0,0,1,0
48,482121,1,1,0,0,0,2,2,333,0,20,8,2016,7,12,8,1,1,3,98,2,"US-84","",41,31.53586944,-98.61828056,0,42,0,0,1,1,0,4,1,2,0,2,0,"0000000",12,27,12,36,13,31,0,0,0,1,0
48,482122,1,1,0,1,1,1,1,439,260,20,8,2016,7,4,56,1,2,3,98,8,"FM 157 COOPER ST","STATION DR",174,32.70146667,-97.121075,0,8,0,0,2,3,0,1,3,2,0,2,0,"0000000",99,98,99,98,88,88,0,0,0,1,0
48,482123,1,1,0,0,0,2,2,453,330,20,8,2016,7,3,57,1,2,1,1,1,"I-35","",6,30.44405556,-97.66782222,0,1,0,1,99,1,0,99,3,10,0,10,0,"0000000",3,57,4,5,4,48,0,0,0,1,1
48,482124,2,2,0,0,0,2,2,201,0,21,8,2016,1,20,20,1,2,3,98,8,"BU 90U BEAUMONT HWY","",299,29.84175278,-95.18877222,0,12,2,0,1,1,0,1,2,1,0,1,0,"0000000",99,99,99,99,88,88,0,0,0,1,0
48,482125,1,1,0,0,0,2,2,251,1370,21,8,2016,1,0,8,1,1,3,98,2,"US-67","",137,32.32301667,-97.45046389,0,1,0,0,1,1,0,1,2,10,0,10,0,"0000000",0,13,0,20,1,4,0,0,0,1,0
48,482126,2,1,1,0,0,1,1,471,0,21,8,2016,1,9,12,1,1,1,1,1,"I-45","",79,30.62366389,-95.50755,0,14,0,0,1,1,0,2,1,2,0,2,0,"0000000",99,98,99,98,88,88,27,0,0,1,0