"STATE","ST_CASE","VE_TOTAL","VE_FORMS","PVH_INVL","PEDS","PERNOTMVIT","PERMVIT","PERSONS","COUNTY","CITY","DAY","MONTH","YEAR","DAY_WEEK","HOUR","MINUTE","NHS","RUR_URB","FUNC_SYS","RD_OWNER","ROUTE","TWAY_ID","TWAY_ID2","MILEPT","LATITUDE","LONGITUD","SP_JUR","HARM_EV","MAN_COLL","RELJCT1","RELJCT2","TYP_INT","WRK_ZONE","REL_ROAD","LGT_COND","WEATHER1","WEATHER2","WEATHER","SCH_BUS","RAIL","NOT_HOUR","NOT_MIN","ARR_HOUR","ARR_MIN","HOSP_HR","HOSP_MN","CF1","CF2","CF3","FATALS","DRUNK_DR"
48,482127,2,2,0,0,0,2,2,37,0,22,8,2016,2,11,25,0,1,6,98,8,"FM 2148","",7,33.47748333,-94.18714722,0,1,0,0,8,1,0,1,1,1,0,1,0,"0000000",11,27,11,39,12,4,0,0,0,1,0
48,482128,1,1,0,1,1,1,1,201,3280,22,8,2016,2,23,0,0,8,98,98,6,"43RD ST","",0,29.827125,-95.41456944,0,9,0,0,8,1,0,1,3,10,0,10,0,"0000000",23,0,23,1,23,12,0,0,0,1,0
48,482129,1,1,0,0,0,2,2,385,1120,14,7,2016,5,1,0,0,8,98,98,6,"RAY MCDONALD RANCH RD","",0,29.69034444,-100.03231111,0,38,0,0,1,1,0,5,2,1,0,1,0,"0000000",99,99,99,99,99,99,0,0,0,1,1
48,482130,2,2,0,0,0,4,4,113,1730,5,8,2016,6,17,0,1,2,1,1,1,"I-35 RL THORNTON FWY","",93,32.68103333,-96.82279722,0,12,1,0,1,1,0,1,1,1,0,1,0,"0000000",99,98,99,98,88,88,0,0,0,1,1
48,482131,1,1,0,1,1,1,1,113,1730,6,8,2016,7,22,20,1,2,3,98,7,"SR-310 CENTRAL EXPY","LAMAR ST",101,32.73444444,-96.75755556,0,8,0,0,1,1,0,1,2,1,0,1,0,"0000000",99,98,99,98,88,88,0,0,0,1,0
48,482132,1,1,0,1,1,1,1,139,5685,7,8,2016,1,23,20,0,2,4,98,8,"FM664","",132,32.5318,-96.8275,0,9,0,0,1,1,0,1,2,1,0,1,0,"0000000",99,99,99,99,99,99,0,0,0,1,0
48,482133,2,2,0,0,0,3,3,183,4080,12,8,2016,6,17,55,1,2,3,98,8,"SL281","FM2206 PROUD PIRATE PL",71,32.49852778,-94.79206944,0,12,1,0,3,3,0,1,1,1,0,1,0,"0000000",17,56,18,0,18,22,0,0,0,1,0
48,482134,2,2,0,0,0,6,6,335,0,13,8,2016,7,15,9,1,1,1,1,1,"I-20","",248,32.40061389,-100.79861667,0,1,0,0,1,1,0,1,1,1,0,1,0,"0000000",15,7,15,25,15,46,14,0,0,1,0
48,482135,1,1,0,1,1,4,4,201,3280,15,8,2016,2,7,20,0,8,98,98,6,"TARNEF DR","DE MOSS DR",0,29.70712222,-95.50094167,0,8,0,0,2,2,0,1,1,10,0,10,0,"0000000",7,23,7,26,7,33,0,0,0,1,0
48,482136,3,3,0,0,0,5,5,201,3280,17,8,2016,4,20,31,0,2,4,98,8,"FM2553 SCARSDAKE BLVD","PALMER TERRACE LN",59,29.60663611,-95.18845,0,12,1,0,2,3,0,1,2,10,0,10,0,"0000000",20,32,20,39,21,14,0,0,0,1,0
48,482137,1,1,0,0,0,1,1,151,0,18,8,2016,5,10,0,0,1,4,98,3,"SR-70","",45,32.9355,-100.48853056,0,34,0,0,1,1,0,4,1,2,0,2,0,"0000000",99,98,99,98,88,88,0,0,0,1,0
48,482138,1,1,0,2,2,1,1,27,3027,19,8,2016,6,5,38,1,2,2,98,7,"US-190 CENTRAL TX EXPY","",115,31.07955556,-97.64750556,0,8,0,0,1,1,0,1,2,1,0,1,0,"0000000",99,99,99,99,99,99,0,0,0,1,0
48,482139,1,1,0,1,1,1,1,441,30,20,8,2016,7,22,0,0,8,98,98,6,"JUDGE ELY BLVD","NORTH 12TH",0,32.46176667,-99.70600556,0,9,0,0,3,3,0,1,3,10,0,10,0,"0000000",99,99,99,99,99,99,0,0,0,1,0
48,482140,2,2,0,0,0,2,2,439,260,21,8,2016,1,23,8,0,8,98,98,6,"ABRAM ST","",0,32.73510833,-97.06680278,0,1,0,0,8,1,0,1,3,1,0,1,0,"0000000",99,98,99,98,88,88,0,0,0,1,1
48,482141,1,1,0,0,0,1,1,409,0,23,8,2016,3,14,30,0,1,3,98,3,"SR-35","",106,27.92697778,-97.268225,0,52,0,1,19,1,0,4,1,1,0,1,0,"0000000",99,98,99,98,88,88,0,0,0,1,0
48,482142,2,2,0,0,0,3,3,231,5590,11,8,2016,5,17,0,0,1,5,98,3,"SR-276 QUINLAN PKWY","THOMAS SWANER DR",1,32.90345278,-96.12563333,0,12,6,0,2,3,0,1,1,1,0,1,0,"0000000",17,5,17,30,18,0,0,0,0,1,0
48,482143,1,1,0,0,0,1,1,439,260,18,8,2016,5,18,15,1,2,1,1,1,"I-20 RONALD REAGAN MEM HWY","",82,32.67801944,-97.11761667,0,1,0,0,1,1,0,10,1,10,0,10,0,"0000000",99,98,99,98,88,88,0,0,0,1,1
48,482144,1,1,0,0,0,1,1,439,2450,18,8,2016,5,2,30,0,8,98,98,6,"CHISHOLM TRAIL PKWY","",0,32.67393056,-97.40714444,0,59,0,0,1,1,0,8,3,10,0,10,0,"0000000",99,98,99,98,88,88,0,0,0,1,1
48,482145,1,1,0,0,0,2,2,367,0,20,8,2016,7,21,38,0,8,98,98,4,"CR-POOLVILLE CUT OFF RD","",0,32.98465,-97.82447778,0,38,0,0,1,1,0,5,2,1,0,1,0,"0000000",99,99,99,99,99,99,0,0,0,1,0
48,482146,2,2,0,0,0,2,2,367,0,22,8,2016,2,13,15,0,8,98,98,4,"CR-WHITE SETTLEMENT RD","",0,32.78224444,-97.55979444,0,12,6,0,1,1,0,1,1,2,0,2,0,"0000000",99,99,99,99,99,99,0,0,0,1,0
48,482147,1,1,0,1,1,1,1,113,5730,23,8,2016,3,6,5,0,8,98,98,6,"MAIN ST","",0,32.948325,-96.72603889,0,8,0,0,1,1,0,1,3,1,0,1,0,"0000000",6,6,6,9,6,23,0,0,0,1,0
48,482148,1,1,0,0,0,1,1,201,0,5,8,2016,6,13,58,1,2,1,1,7,"I-10 KATY FWY","",35,29.78490278,-95.7591,0,25,0,0,1,1,0,4,1,1,0,1,0,"0000000",99,98,99,98,88,88,0,0,0,1,0
48,482149,2,2,0,0,0,2,2,273,0,8,8,2016,2,9,8,0,1,4,98,3,"SR-285","",66,27.25802222,-97.8813,0,12,2,0,1,1,1,1,1,1,0,1,0,"0000000",9,16,9,43,10,19,0,0,0,1,0
48,482150,2,2,0,0,0,4,4,145,0,10,8,2016,4,0,17,0,1,4,98,3,"SR-7","",196,31.30803333,-96.7559,0,12,2,0,1,1,0,1,2,1,0,1,0,"0000000",99,98,99,98,88,88,0,0,0,2,0
48,482151,1,1,0,0,0,2,2,381,0,10,8,2016,4,13,43,1,1,3,98,2,"US-60","",107,34.98505,-101.99178889,0,1,0,0,1,1,0,3,1,1,0,1,0,"0000000",99,98,99,98,88,88,0,0,0,2,0
48,482152,3,3,0,0,0,4,4,213,0,18,8,2016,5,13,15,1,1,3,98,3,"SR-155","",30,32.10495,-95.49221111,0,12,2,0,1,1,0,1,1,10,0,10,0,"0000000",13,24,13,36,14,36,14,0,0,1,0
48,482153,2,1,1,1,2,1,2,135,0,19,8,2016,6,12,14,0,1,4,98,3,"SR-302","",72,31.93051944,-102.69843889,0,8,0,0,1,1,1,5,1,1,0,1,0,"0000000",99,98,99,98,88,88,3,0,0,1,0
48,482154,1,1,0,0,0,1,1,201,3280,20,8,2016,7,0,16,0,8,98,98,6,"KINGWOOD DR","",0,30.04759167,-95.21208611,0,33,0,0,1,1,0,4,3,1,0,1,0,"0000000",0,17,0,23,88,88,0,0,0,1,0
48,482155,1,1,0,0,0,2,2,61,940,21,8,2016,1,4,24,1,2,3,98,3,"SR-550","",63,25.98823611,-97.44966944,0,1,0,0,1,1,0,3,2,10,0,10,0,"0000000",4,35,4,40,5,17,0,0,0,1,0
48,482156,2,2,0,0,0,2,2,29,6090,26,8,2016,6,19,9,1,2,3,98,8,"SS-421/CULEBRA RD","",25,29.44513611,-98.52434167,0,12,6,0,8,1,0,1,1,1,0,1,0,"0000000",99,99,99,99,88,88,0,0,0,1,0
48,482157,2,2,0,0,0,3,3,375,150,26,8,2016,6,1,27,1,2,1,1,1,"I-40","",245,35.19284444,-101.69637778,0,12,2,1,18,1,0,1,2,10,0,10,0,"0000000",99,98,99,98,99,98,0,0,0,3,0
48,482158,1,1,0,2,2,1,1,215,0,10,8,2016,4,22,2,0,2,4,98,8,"FM 1015/3 MILE RD","",48,26.22473889,-97.95965,0,53,0,0,1,1,0,4,3,1,0,1,0,"0000000",22,8,22,17,22,50,0,0,0,1,0
48,482159,2,2,0,0,0,5,5,83,0,22,8,2016,2,12,44,1,1,3,98,2,"US-84","",105,31.75836944,-99.34946111,0,12,6,0,1,1,0,1,1,2,0,2,0,"0000000",99,99,99,99,99,99,0,0,0,1,0
48,482160,1,1,0,1,1,1,1,375,150,27,8,2016,7,0,29,1,2,3,98,2,"US-60/AMARILLO BLVD","",5,35.22200556,-101.82218333,0,8,0,0,1,1,0,1,3,1,0,1,0,"0000000",0,29,0,30,1,0,0,0,0,1,0
48,482161,1,1,0,1,1,1,1,355,5850,14,2,2016,1,19,36,0,2,4,98,8,"BS 44/WESTERN","MOLINA",1,27.79866111,-97.68167222,0,8,0,0,2,3,0,1,3,1,0,1,0,"0000000",99,98,99,98,88,88,0,0,0,1,0
48,482162,1,1,0,0,0,1,1,113,1730,24,4,2016,1,15,45,0,8,98,98,6,"RED BIRD LN","",0,32.67671111,-96.89806111,0,38,0,0,1,1,0,5,1,1,0,1,0,"0000000",99,99,99,99,99,99,0,0,0,1,0
48,482163,2,2,0,0,0,2,2,381,150,9,7,2016,7,20,20,0,8,98,98,6,"WESTERN ST","HILLSIDE RD",0,35.14656389,-101.88383333,0,12,6,0,2,2,0,1,1,1,0,1,0,"0000000",20,21,20,25,20,43,0,0,0,1,0
48,482164,6,6,0,0,0,6,6,37,0,11,8,2016,5,17,30,1,1,1,1,1,"I-30","",225,33.4721,-94.38198889,0,12,1,0,1,1,0,1,1,10,0,10,0,"0000000",17,44,17,53,18,49,0,0,0,1,0
48,482165,1,1,0,0,0,1,1,113,3420,11,8,2016,5,6,52,0,8,98,98,6,"STORY RD","",0,32.833525,-96.97639444,0,33,0,0,1,1,0,3,1,1,0,1,0,"0000000",6,52,6,55,7,13,0,0,0,1,0
48,482166,2,2,0,0,0,2,2,157,0,12,8,2016,6,6,23,0,8,98,98,4,"CR-BEECHNUT ST/CANAL RD","",0,29.6845,-95.69059444,0,12,2,0,1,1,0,1,2,1,0,1,0,"0000000",99,99,99,99,99,99,0,0,0,1,1
48,482167,3,3,0,0,0,7,7,339,0,12,8,2016,6,19,32,0,1,5,98,8,"FM 1485","",218,30.2074,-95.27225,0,12,2,0,1,1,0,1,5,1,0,1,0,"0000000",99,99,99,99,88,88,14,0,0,1,0
48,482168,1,1,0,0,0,2,2,215,6115,12,8,2016,6,2,40,0,8,98,98,6,"83 1/2 ST","TEX-MEX RD",0,26.29106944,-98.07388056,0,34,0,0,3,3,0,5,2,1,0,1,0,"0000000",2,19,2,29,3,7,0,0,0,1,1
48,482169,1,1,0,0,0,1,1,113,1730,13,8,2016,7,10,48,1,2,3,98,3,"SR-310/CENTRAL EXPY","",149,32.67234722,-96.72699722,0,23,0,0,1,1,0,4,1,10,0,10,0,"0000000",99,98,99,98,88,88,0,0,0,1,1
48,482170,1,1,0,1,1,1,1,291,0,13,8,2016,7,5,25,0,1,5,98,8,"FM 1409","",216,29.89648889,-94.8144,0,8,0,0,1,1,0,4,2,1,0,1,0,"0000000",99,98,99,98,88,88,23,0,0,1,0
48,482171,2,2,0,0,0,2,2,31,670,14,8,2016,1,18,37,1,1,3,98,2,"US-281","",299,30.07645833,-98.41259167,0,12,6,0,1,1,0,1,1,2,0,2,0,"0000000",99,98,99,98,88,88,0,0,0,1,0
48,482172,1,1,0,0,0,1,1,491,7305,16,8,2016,3,22,57,0,1,5,98,8,"FM 971","",44,30.67330556,-97.60450278,0,30,0,0,1,1,0,4,2,10,0,10,0,"0000000",23,24,23,43,0,19,0,0,0,1,1
48,482173,1,1,0,0,0,1,1,367,0,18,8,2016,5,22,16,1,1,1,1,1,"I-20","",344,32.71208889,-97.55977778,0,42,0,0,1,1,0,4,2,10,0,10,0,"0000000",99,98,99,98,88,88,0,0,0,1,0
48,482174,2,2,0,0,0,2,2,61,0,19,8,2016,6,8,25,1,1,3,98,3,"SR-100","",269,26.08613611,-97.17737222,0,12,1,0,1,1,0,1,1,1,0,1,0,"0000000",99,98,99,98,88,88,0,0,0,1,0
48,482175,1,1,0,0,0,5,5,469,0,20,8,2016,7,21,28,1,1,3,98,2,"US-77","",50,28.71177778,-97.04254722,0,35,0,0,1,1,0,3,2,10,0,10,0,"0000000",99,98,99,98,88,88,0,0,0,5,0
48,482177,1,1,0,0,0,2,2,165,0,21,8,2016,1,20,30,0,1,5,98,8,"FM 1067","",23,32.88149444,-102.26129167,0,11,0,0,1,1,0,1,2,1,0,1,0,"0000000",21,44,22,30,23,8,0,0,0,1,0
48,482178,1,1,0,1,1,1,1,355,1550,21,8,2016,1,0,39,0,8,98,98,6,"AYERS ST","",0,27.75398611,-97.41596667,0,8,0,0,1,1,0,1,2,10,0,10,0,"0000000",99,99,99,99,88,88,0,0,0,1,0
48,482179,2,2,0,0,0,3,3,453,330,23,8,2016,3,13,7,0,8,98,98,6,"ANDERSON LN","",0,30.36045833,-97.73971944,0,12,6,0,8,1,0,1,1,1,0,1,0,"0000000",13,7,13,10,13,42,0,0,0,1,0
48,482180,3,1,2,0,0,1,1,113,1730,26,8,2016,6,4,7,0,8,98,98,6,"RIO VERDE WAY","",0,32.85060278,-96.66503889,0,14,0,0,1,1,0,7,3,1,0,1,0,"0000000",99,98,99,98,88,88,0,0,0,1,0
48,482181,1,1,0,1,1,1,1,29,6090,27,8,2016,7,4,20,0,8,98,98,6,"CULEBRA RD","GENERAL MCMULLEN",0,29.447775,-98.55191667,0,8,0,0,3,2,0,1,3,1,0,1,0,"0000000",99,99,99,99,99,99,0,0,0,1,0
48,482182,2,2,0,0,0,2,2,201,3280,27,8,2016,7,11,34,1,2,1,1,7,"I-610 SOUTH LOOP","CRESTMONT ST",230,29.68848889,-95.33187778,0,12,6,1,2,2,0,1,1,10,0,10,0,"0000000",99,98,99,98,88,88,0,0,0,1,0
48,482183,1,1,0,0,0,1,1,97,0,28,8,2016,1,5,45,0,1,5,98,8,"FM 902","",41,33.57982778,-97.05423611,0,1,0,0,1,1,0,1,2,1,0,1,0,"0000000",99,98,99,98,88,88,0,0,0,1,0
48,482184,2,2,0,0,0,2,2,113,1730,28,8,2016,1,5,6,0,8,98,98,6,"FERGUSON RD","",0,32.81293333,-96.698575,0,46,0,0,1,1,0,3,3,1,0,1,0,"0000000",99,99,99,99,99,99,21,0,0,1,1
48,482185,1,1,0,0,0,1,1,201,3280,28,8,2016,1,15,44,0,8,98,98,6,"PARKER RD","",0,29.85940278,-95.37683056,0,33,0,0,1,1,0,4,1,1,0,1,0,"0000000",99,99,99,99,99,99,0,0,0,1,0
48,482186,1,1,0,0,0,1,1,29,6090,29,8,2016,2,2,34,1,2,1,1,1,"I-410","",35,29.35341667,-98.62991389,0,30,0,0,1,1,0,3,2,1,0,1,0,"0000000",99,98,99,98,88,88,0,0,0,1,0
48,482187,1,1,0,0,0,1,1,439,2450,29,8,2016,2,0,55,0,8,98,98,6,"BRISBEE ST","",0,32.67744444,-97.269975,0,24,0,0,1,1,0,4,3,1,0,1,0,"0000000",99,98,99,98,88,88,20,0,0,1,0
48,482188,1,1,0,0,0,1,1,329,0,30,8,2016,3,6,5,0,1,4,98,8,"FM 1788","",55,32.00311111,-102.26268889,0,1,0,0,1,1,1,1,2,10,0,10,0,"0000000",99,98,99,98,88,88,0,0,0,1,1
48,482189,2,2,0,0,0,3,3,39,5249,4,6,2016,7,4,0,1,2,2,98,3,"SR-288","",22,29.56908333,-95.3865,0,12,2,0,1,1,0,1,3,2,0,2,0,"0000000",4,4,4,14,4,42,0,0,0,1,1
48,482190,1,1,0,1,1,1,1,201,3280,11,8,2016,5,17,6,0,8,98,98,6,"HAMMERLY","PECH ST",0,29.81095556,-95.496225,0,8,0,0,3,2,0,1,1,1,0,1,0,"0000000",99,99,99,99,99,99,0,0,0,1,0
48,482191,1,1,0,0,0,1,1,479,3899,11,8,2016,5,19,52,1,2,1,1,1,"I-35","",50,27.56480278,-99.50325278,0,25,0,0,1,1,0,3,1,1,0,1,0,"0000000",19,55,19,56,20,15,0,0,0,1,1
48,482192,5,5,0,0,0,11,11,471,0,15,8,2016,2,14,5,1,2,1,1,1,"I-45","",88,30.63891667,-95.50883889,0,12,1,0,1,1,0,1,1,2,0,2,0,"0000000",14,24,14,30,14,58,0,0,0,2,0
48,482193,2,2,0,0,0,2,2,389,0,17,8,2016,4,12,6,0,1,5,98,8,"RM652","",15,31.84013333,-103.89208056,0,12,2,0,1,1,0,2,1,1,0,1,0,"0000000",99,99,99,99,99,99,0,0,0,1,0
48,482194,1,1,0,0,0,2,2,61,940,21,8,2016,1,2,14,1,2,1,1,1,"I-69E/US-77","",341,25.8961,-97.47784722,0,25,0,0,1,1,0,4,3,10,0,10,0,"0000000",2,16,2,22,2,41,0,0,0,1,0
48,482195,1,1,0,0,0,3,3,229,0,21,8,2016,1,3,43,1,1,1,1,1,"I-10","",171,31.23547222,-105.78528889,0,1,0,0,1,1,0,3,3,1,0,1,0,"0000000",3,53,4,8,5,45,0,0,0,1,0
48,482196,2,2,0,1,1,4,4,323,0,22,8,2016,2,1,55,1,1,3,1,2,"US-277","",107,28.9278,-100.61711111,0,1,0,0,1,1,0,4,2,10,0,10,0,"0000000",2,5,2,30,3,13,14,15,0,1,0
48,482197,1,1,0,0,0,1,1,97,2550,24,8,2016,4,17,4,0,2,4,98,8,"FM372 GRAND AVE","",109,33.659325,-97.14255,0,52,0,0,1,1,0,4,1,1,0,1,0,"0000000",99,98,99,98,88,88,0,0,0,1,1
48,482198,2,2,0,0,0,2,2,85,4230,25,8,2016,5,0,0,0,8,98,98,6,"SAM RAYBURN TLWY","",0,33.14110833,-96.68914722,0,43,0,0,5,1,1,4,3,1,0,1,0,"0000000",99,98,99,98,88,88,0,0,0,1,0
48,482199,2,2,0,0,0,3,3,371,0,25,8,2016,5,12,25,0,1,5,98,8,"FM1776","",68,31.29350833,-103.04732222,0,12,2,0,1,1,0,1,1,1,0,1,0,"0000000",12,12,12,56,13,39,0,0,0,2,0
48,482200,2,2,0,0,0,2,2,29,0,26,8,2016,6,10,33,0,1,4,98,8,"FM1518","",134,29.39341944,-98.23736667,0,12,2,0,1,1,0,1,1,10,0,10,0,"0000000",99,98,99,98,88,88,0,0,0,1,0
48,482201,1,1,0,0,0,1,1,29,0,26,8,2016,6,10,22,0,1,5,98,8,"FM 1863","",4,29.72961944,-98.35156944,0,42,0,0,1,1,0,4,1,1,0,1,0,"0000000",99,98,99,98,88,88,0,0,0,1,0
48,482202,1,1,0,1,1,1,1,29,6090,26,8,2016,6,21,2,1,2,3,98,8,"SL 345/FREDERICKSBURG RD","",244,29.51049444,-98.56683889,0,8,0,0,1,1,0,1,3,1,0,1,0,"0000000",99,99,99,99,99,99,0,0,0,1,0
48,482203,2,2,0,0,0,4,4,135,0,26,8,2016,6,9,12,0,2,3,98,3,"SR-302","FM 1936",183,31.88446944,-102.45699167,0,12,6,0,2,2,0,1,1,10,0,10,0,"0000000",9,20,9,26,9,51,0,0,0,1,0
48,482204,2,2,0,0,0,2,2,201,5230,26,8,2016,6,23,30,0,8,98,98,6,"PASADENA BLVD","",0,29.68570556,-95.19881111,0,1,0,0,1,1,0,1,2,10,0,10,0,"0000000",23,41,23,57,0,18,0,0,0,1,0
48,482205,1,1,0,0,0,2,2,375,0,26,8,2016,6,20,23,0,1,5,98,8,"RM 2384","",42,35.22441944,-102.06378889,0,1,0,0,1,1,0,1,2,1,0,1,0,"0000000",20,30,20,42,21,12,0,0,0,1,1
48,482206,1,1,0,0,0,1,1,423,0,26,8,2016,6,7,57,1,1,3,98,3,"SR-155/FRANKSTON HWY","",211,32.20563889,-95.42288056,0,30,0,0,1,1,0,4,1,10,0,10,0,"0000000",99,98,99,98,88,88,0,0,0,1,0
48,482207,2,2,0,0,0,5,5,201,0,27,8,2016,7,7,50,1,2,1,1,1,"I-45","",380,29.9543,-95.41756944,0,12,9,0,1,1,0,1,1,10,0,10,0,"0000000",7,45,7,52,8,21,19,0,0,1,0
48,482208,2,2,0,0,0,6,6,313,0,27,8,2016,7,20,17,0,1,5,98,8,"FM 39","",10,31.013,-96.112,0,12,2,0,1,1,0,1,1,1,0,1,0,"0000000",20,33,21,20,22,2,0,0,0,3,0
48,482209,1,1,0,1,1,1,1,459,0,27,8,2016,7,1,25,1,1,3,98,3,"SR-300","",120,32.69821111,-94.91946944,0,8,0,0,1,1,0,1,2,10,0,10,0,"0000000",99,98,99,98,88,88,0,0,0,1,0
48,482210,2,2,0,0,0,3,3,29,6090,28,8,2016,1,15,20,0,8,98,98,6,"WURZBACH PKWY","WURZBACH RAMP",0,29.55618056,-98.48905833,0,12,6,0,20,1,0,1,1,1,0,1,0,"0000000",99,99,99,99,99,99,0,0,0,1,0
48,482211,1,1,0,0,0,2,2,91,0,28,8,2016,1,13,45,0,2,5,98,8,"FM 2252/OLD NACOGDOCHES RD","",23,29.63428889,-98.26778056,0,24,0,0,1,1,0,4,1,1,0,1,0,"0000000",99,98,99,98,88,88,0,0,0,2,1
48,482212,1,1,0,0,0,3,3,141,0,28,8,2016,1,20,15,0,8,98,98,4,"CR-ASCENCION DR","",0,31.679425,-106.14739722,0,34,0,0,1,1,0,4,2,2,0,2,0,"0000000",20,18,20,33,21,25,0,0,0,1,1
48,482213,2,2,0,0,0,2,2,37,6850,29,8,2016,2,6,36,1,2,3,98,2,"US-67/MARTIN LUTHER KING JR","SR-93/SUMMERHILL RD",11,33.42409722,-94.06099167,0,12,2,0,2,2,0,1,4,1,0,1,0,"0000000",99,98,99,98,88,88,0,0,0,1,0
48,482214,1,1,0,1,1,3,3,21,0,30,8,2016,3,1,37,1,1,3,98,3,"SR-71","",205,30.06943056,-97.22343889,0,8,0,0,1,1,0,1,2,1,0,1,0,"0000000",99,98,99,98,88,88,0,0,0,1,0
48,482215,2,2,0,0,0,3,3,91,0,30,8,2016,3,19,43,1,1,3,98,8,"FM 306","",88,29.83245,-98.11693889,0,12,11,0,8,1,0,1,1,10,0,10,0,"0000000",99,99,99,99,99,99,0,0,0,1,0
48,482216,2,2,0,0,0,2,2,181,1830,30,8,2016,3,17,5,1,2,2,98,2,"US-75","",70,33.76575833,-96.58518611,0,12,1,0,1,1,0,1,1,1,0,1,0,"0000000",99,98,99,98,88,88,0,0,0,1,0
48,482217,1,1,0,1,1,1,1,25,0,31,8,2016,4,7,3,1,1,3,98,2,"US-181","",0,28.55921944,-97.7944,0,8,0,0,1,1,0,1,2,10,0,10,0,"0000000",99,98,99,98,88,88,0,0,0,1,0
48,482218,1,1,0,1,1,1,1,201,0,31,8,2016,4,5,5,1,2,1,1,1,"I-45/NORTH FWY","",426,30.0214,-95.42868889,0,8,0,0,1,1,0,1,3,1,0,1,0,"0000000",99,98,99,98,88,88,0,0,0,1,0
48,482219,1,1,0,0,0,1,1,471,0,31,8,2016,4,21,25,0,8,98,98,4,"CR-MATHIS DAIRY RD","",0,30.69273889,-95.41978056,0,38,0,0,1,1,0,5,2,1,0,1,0,"0000000",99,99,99,99,99,99,0,0,0,1,0
48,482220,1,1,0,0,0,1,1,257,6830,1,9,2016,5,17,8,1,1,1,1,1,"I-20","",84,32.69262778,-96.24162222,0,32,0,0,1,1,0,3,1,2,0,2,0,"0000000",17,11,17,19,18,0,0,0,0,1,0
48,482221,2,2,0,0,0,2,2,375,150,1,9,2016,5,14,38,1,2,1,1,7,"I-40","WASHINGTON ST",179,35.19410833,-101.84858889,0,12,1,1,3,2,0,1,1,10,0,10,0,"0000000",99,98,99,98,88,88,0,0,0,1,0
48,482222,1,1,0,0,0,1,1,439,2450,1,9,2016,5,1,0,1,2,1,1,7,"I-30 WEST FWY","SS341",163,32.73772222,-97.44536944,0,21,0,1,19,1,0,4,3,1,0,1,0,"0000000",1,4,1,11,1,44,0,0,0,1,0
48,482223,1,1,0,1,1,1,1,71,9997,2,9,2016,6,4,10,1,2,3,98,3,"SR-146","",47,29.81851389,-94.90000833,0,8,0,0,1,1,0,1,2,1,0,1,0,"0000000",4,16,4,33,4,55,0,0,0,1,0
48,482224,2,2,0,0,0,2,2,89,0,2,9,2016,6,16,45,1,1,4,98,3,"SR-71","",62,29.77049167,-96.62978889,0,12,1,0,1,1,0,1,1,10,0,10,0,"0000000",99,98,99,98,88,88,0,0,0,1,0
48,482225,2,2,0,2,2,1,1,201,3280,2,9,2016,6,5,50,0,8,98,98,6,"WESTPARK TLWY","",0,29.71840833,-95.55708333,0,25,0,0,1,1,0,4,2,10,0,10,0,"0000000",5,50,6,1,6,24,0,0,0,1,0
48,482226,1,1,0,0,0,2,2,439,2450,2,9,2016,6,2,42,0,8,98,98,6,"TRINITY BLVD","",0,32.8167,-97.0958,0,30,0,0,1,1,0,3,3,1,0,1,0,"0000000",2,47,3,3,4,2,0,0,0,1,1
48,482227,1,1,0,1,1,1,1,439,6060,2,9,2016,6,22,34,0,2,4,98,8,"FM156 BLUE MOUND RD","",289,32.86668889,-97.34237778,0,8,0,0,1,1,0,1,2,10,0,10,0,"0000000",22,31,22,38,23,18,0,0,0,1,0
48,482228,1,1,0,0,0,2,2,113,3420,3,9,2016,7,5,3,1,2,2,98,7,"SR-114/183 JOHN CARPENTER FWY","",91,32.83374444,-96.89506667,0,43,0,0,1,1,1,10,3,1,0,1,0,"0000000",99,98,99,98,88,88,0,0,0,1,1
48,482229,2,2,0,0,0,3,3,201,480,3,9,2016,7,2,23,1,2,2,98,8,"SS330 DECKER DR","GARTH",54,29.74044722,-94.98119722,0,12,6,0,2,3,0,1,3,1,0,1,0,"0000000",2,27,2,31,2,58,0,0,0,1,1
48,482230,1,1,0,1,1,1,1,201,3280,3,9,2016,7,4,47,0,8,98,98,6,"HOLMES RD","",0,29.67112222,-95.39461667,0,8,0,0,1,1,0,1,2,1,0,1,0,"0000000",99,98,99,98,88,88,0,0,0,1,0
48,482231,1,1,0,0,0,1,1,241,0,3,9,2016,7,20,56,1,1,3,98,2,"US-96","",54,30.58372778,-93.91972778,0,72,0,0,1,1,0,4,2,1,0,1,0,"0000000",99,99,99,99,99,99,0,0,0,1,0
48,482232,1,1,0,0,0,1,1,423,0,3,9,2016,7,16,42,0,1,5,98,8,"FM344","",69,32.14731111,-95.37788889,0,5,0,0,1,1,0,4,1,1,0,1,0,"0000000",16,43,17,3,17,36,0,0,0,1,0
48,482233,2,2,0,0,0,2,2,465,1820,3,9,2016,7,16,13,1,1,3,98,2,"US-90 VETERANS BLVD","AGARITA DR",707,29.41189167,-100.90465278,0,12,6,0,2,3,0,1,1,1,0,1,0,"0000000",99,99,99,99,99,99,0,0,0,1,0
48,482234,1,1,0,0,0,3,3,61,0,4,9,2016,1,9,43,0,1,5,98,8,"FM1420","",25,26.27351111,-97.58773056,0,1,0,0,1,1,0,4,1,10,0,10,0,"0000000",99,99,99,99,99,99,0,0,0,1,0