"STATE","ST_CASE","VE_TOTAL","VE_FORMS","PVH_INVL","PEDS","PERNOTMVIT","PERMVIT","PERSONS","COUNTY","CITY","DAY","MONTH","YEAR","DAY_WEEK","HOUR","MINUTE","NHS","RUR_URB","FUNC_SYS","RD_OWNER","ROUTE","TWAY_ID","TWAY_ID2","MILEPT","LATITUDE","LONGITUD","SP_JUR","HARM_EV","MAN_COLL","RELJCT1","RELJCT2","TYP_INT","WRK_ZONE","REL_ROAD","LGT_COND","WEATHER1","WEATHER2","WEATHER","SCH_BUS","RAIL","NOT_HOUR","NOT_MIN","ARR_HOUR","ARR_MIN","HOSP_HR","HOSP_MN","CF1","CF2","CF3","FATALS","DRUNK_DR"
48,482235,1,1,0,0,0,1,1,113,2310,4,9,2016,1,9,5,1,2,1,1,1,"I-35","",296,32.92979722,-96.90159167,0,31,0,0,1,1,1,4,1,1,0,1,0,"0000000",99,98,99,98,88,88,0,0,0,1,0
48,482236,1,1,0,0,0,1,1,233,0,4,9,2016,1,1,0,0,1,5,98,8,"RM1319","",163,35.68709444,-101.49515,0,1,0,0,1,1,0,4,2,1,0,1,0,"0000000",99,98,99,98,88,88,0,0,0,1,0
48,482237,2,2,0,0,0,2,2,381,150,4,9,2016,1,0,25,0,8,98,98,6,"GEORGIA ST","45TH AVE",0,35.16384722,-101.86638611,0,12,6,0,2,2,0,1,3,1,0,1,0,"0000000",0,26,0,32,0,57,0,0,0,1,1
48,482238,1,1,0,0,0,2,2,503,0,4,9,2016,1,22,15,0,1,4,98,3,"SR-251","",73,33.25410556,-98.74106111,0,1,0,0,8,1,0,4,2,1,0,1,0,"0000000",22,30,23,8,3,50,0,0,0,1,0
48,482239,1,1,0,0,0,1,1,287,3970,5,9,2016,2,2,39,0,8,98,98,6,"AVE G","",0,30.4062,-97.00886389,0,1,0,0,1,1,0,1,2,5,0,5,0,"0000000",2,37,3,0,3,55,0,0,0,1,0
48,482240,2,1,1,0,0,1,1,439,2450,5,9,2016,2,2,11,1,2,1,1,7,"I-35 SOUTH FWY","",16,32.67081667,-97.32141667,0,14,0,1,19,1,0,2,2,1,0,1,0,"0000000",99,98,99,98,88,88,0,0,0,1,1
48,482241,1,1,0,1,1,1,1,439,2450,5,9,2016,2,20,46,1,2,3,98,3,"SR-180 LANCASTER AVE","RIVERSIDE DR",146,32.74623056,-97.30666944,0,8,0,1,18,1,1,1,2,1,0,1,0,"0000000",99,98,99,98,88,88,0,0,0,1,1
48,482242,1,1,0,0,0,7,7,29,6090,6,9,2016,3,1,22,1,2,1,1,1,"I-410 LOOP","",407,29.33276389,-98.41068889,0,57,0,1,19,1,0,3,2,1,0,1,0,"0000000",99,99,99,99,99,99,0,0,0,3,0
48,482243,1,1,0,1,1,1,1,303,4140,6,9,2016,3,21,32,0,8,98,98,6,"ERSKINE ST","",0,33.60685833,-101.93148611,0,8,0,0,1,1,0,1,2,10,0,10,0,"0000000",21,34,21,39,21,48,0,0,0,1,1
48,482244,2,2,0,2,2,1,1,201,0,7,9,2016,4,6,10,0,8,98,98,4,"CR-KELLY LN","",0,29.95580833,-95.47588333,0,12,6,0,8,1,0,1,2,1,0,1,0,"0000000",6,12,6,27,7,10,23,0,0,1,0
48,482245,1,1,0,1,1,1,1,355,5850,19,3,2016,7,6,26,1,2,1,1,7,"I-69 E / US-77","",6,27.79563889,-97.65156389,0,8,0,1,18,1,0,1,2,1,0,1,0,"0000000",6,27,6,32,6,59,23,0,0,1,0
48,482246,1,1,0,1,1,1,1,113,387,18,8,2016,5,13,3,1,2,1,1,1,"I-635","",27,32.73398889,-96.61157778,0,8,0,1,20,1,0,1,1,10,0,10,0,"0000000",13,7,13,11,14,7,0,0,0,1,0
48,482247,2,2,0,0,0,4,4,181,0,26,8,2016,6,14,20,0,1,4,98,8,"FM 406","",17,33.79923333,-96.64931389,0,12,2,0,1,1,0,1,1,10,0,10,0,"0000000",99,99,99,99,99,99,0,0,0,1,0
48,482248,3,3,0,0,0,8,8,157,6660,30,8,2016,3,18,46,1,2,3,98,8,"FM 1876 ELDRIDGE RD","BOURNEWOOD DR",31,29.64001667,-95.61888333,0,12,6,0,2,3,0,1,1,1,0,1,0,"0000000",18,50,19,2,19,44,0,0,0,1,1
48,482249,5,5,0,0,0,7,7,121,1190,1,9,2016,5,8,23,0,8,98,98,6,"SAM RAYBURN TOLLWAY","",0,33.01821667,-96.93749722,0,12,1,0,1,1,0,1,1,10,0,10,0,"0000000",8,24,8,32,8,54,0,0,0,1,0
48,482250,2,2,0,0,0,3,3,453,330,1,9,2016,5,11,14,0,8,98,98,6,"8300 BURNET RD","",0,30.36358333,-97.72887222,0,12,6,0,8,1,0,1,1,1,0,1,0,"0000000",11,13,11,22,11,39,0,0,0,1,0
48,482251,2,2,0,0,0,4,4,1,0,2,9,2016,6,20,30,0,1,4,98,2,"US-287","",135,31.87165,-95.86169167,0,12,2,0,1,1,0,1,2,1,0,1,0,"0000000",21,27,21,56,22,56,0,0,0,1,0
48,482252,1,1,0,0,0,4,4,399,0,3,9,2016,7,22,33,0,8,98,98,4,"CR-332","",0,31.83591667,-99.99131389,0,38,0,0,1,1,0,5,2,1,0,1,0,"0000000",22,38,22,59,23,40,0,0,0,2,1
48,482253,3,3,0,1,1,3,3,113,1730,5,9,2016,2,4,12,1,2,2,98,2,"US-67 MARVIN D. LOVE FWY","",41,32.66194167,-96.86994444,0,12,1,0,1,1,0,1,3,1,0,1,0,"0000000",99,99,99,99,99,99,19,0,0,1,0
48,482254,2,2,0,0,0,4,4,113,1730,5,9,2016,2,16,43,1,2,3,98,8,"SL-12 LEDBETTER DR","HAMPTON RD",70,32.69129167,-96.85710556,0,12,6,0,2,2,0,1,1,1,0,1,0,"0000000",99,99,99,99,99,99,0,0,0,2,0
48,482255,1,1,0,0,0,1,1,355,0,9,9,2016,6,2,4,0,8,98,98,6,"NAVIGATION BLVD","",0,27.82573333,-97.44820556,0,18,0,0,1,1,0,4,2,1,0,1,0,"0000000",99,98,99,98,88,88,0,0,0,1,0
48,482256,2,2,0,0,0,2,2,479,3899,23,6,2016,5,18,30,1,2,1,1,1,"I-35","",82,27.61232778,-99.49286389,0,12,6,1,18,1,0,1,1,1,0,1,0,"0000000",99,98,99,98,88,88,0,0,0,1,0
48,482257,1,1,0,0,0,1,1,201,0,2,7,2016,7,2,15,0,8,98,98,4,"CR-IDLELOCH DR","",0,30.07264722,-95.09727222,0,33,0,0,1,1,0,3,2,1,0,1,0,"0000000",2,23,2,39,3,10,0,0,0,1,1
48,482258,3,3,0,0,0,5,5,221,2780,5,8,2016,6,16,33,0,1,6,98,8,"SL 567 DEPUTY LANCE MCLEAN ME","",5,32.44654167,-97.82505,0,12,6,0,1,1,0,1,1,1,0,1,0,"0000000",16,51,17,1,17,27,14,0,0,2,0
48,482259,1,1,0,0,0,2,2,73,0,6,8,2016,7,4,30,0,1,5,98,8,"FM 2138","",54,31.87195278,-95.28853889,0,11,0,0,1,1,0,1,2,1,0,1,0,"0000000",4,26,4,46,5,10,0,0,0,1,0
48,482260,2,2,0,0,0,3,3,215,0,7,8,2016,1,2,40,0,8,98,98,4,"CR-MILE 16 N RD","MILE 4 W RD",0,26.28639722,-97.97694444,0,12,6,0,2,2,0,1,2,10,0,10,0,"0000000",99,99,99,99,99,99,0,0,0,1,2
48,482262,1,1,0,1,1,1,1,357,5300,29,8,2016,2,21,51,0,2,3,98,2,"US-83 MAIN ST","19TH AVE",82,36.38138611,-100.80259167,1,8,0,0,2,3,0,1,3,2,0,2,0,"0000000",21,51,21,53,22,12,0,0,0,1,0
48,482263,2,2,0,0,0,2,2,423,0,29,8,2016,2,9,1,0,1,4,98,3,"SR-31","",132,32.35085278,-95.23458611,0,12,2,0,1,1,0,1,1,1,0,1,0,"0000000",9,11,9,17,9,39,0,0,0,1,0
48,482264,1,1,0,1,1,3,3,201,3280,30,8,2016,3,6,20,1,2,1,1,1,"I-610 NORTH LOOP","",57,29.8143,-95.37892778,0,8,0,1,20,1,0,1,3,10,0,10,0,"0000000",99,98,99,98,88,88,0,0,0,1,0
48,482265,3,3,0,2,2,1,1,453,0,30,8,2016,3,19,0,0,8,98,98,4,"CR-MCNEIL DR","MCNEIL RD",0,30.44903889,-97.72603611,0,12,1,0,3,3,0,4,1,1,0,1,0,"0000000",99,99,99,99,99,99,19,0,0,1,0
48,482266,2,2,0,1,1,2,2,113,1730,1,9,2016,5,23,25,1,2,1,1,1,"I-20 LBJ FWY","",93,32.66195556,-96.89606667,0,8,0,1,18,1,0,1,3,1,0,1,0,"0000000",99,98,99,98,88,88,0,0,0,1,0
48,482267,2,2,0,0,0,2,2,91,0,2,9,2016,6,16,39,1,1,3,98,2,"US--281","",301,29.726425,-98.44116944,0,12,6,0,8,1,0,1,1,1,0,1,0,"0000000",99,99,99,99,99,99,0,0,0,1,0
48,482268,3,3,0,0,0,3,3,121,1645,2,9,2016,6,4,44,1,2,3,98,2,"US-380","FM 424",236,33.22619444,-96.98921944,0,12,6,0,2,2,0,1,3,1,0,1,0,"0000000",4,45,4,52,5,20,14,0,0,1,0
48,482269,1,1,0,0,0,4,4,305,0,2,9,2016,6,5,48,0,1,5,98,8,"FM 213","",304,33.01995,-101.68196944,0,1,0,0,1,1,0,4,2,10,0,10,0,"0000000",5,50,6,18,7,2,0,0,0,1,1
48,482271,3,3,0,0,0,4,4,29,6090,3,9,2016,7,4,26,1,2,1,1,1,"I-35","",274,29.44466944,-98.43338056,0,12,2,0,1,1,0,1,2,1,0,1,0,"0000000",99,98,99,98,88,88,0,0,0,2,1
48,482272,4,4,0,0,0,11,11,53,0,3,9,2016,7,9,23,1,1,3,98,2,"US-281","",143,30.83520278,-98.23764444,0,12,1,0,1,1,0,1,1,1,0,1,0,"0000000",9,34,9,51,10,29,0,0,0,2,1
48,482273,2,2,0,2,2,3,3,21,0,4,9,2016,1,20,56,1,1,3,98,3,"SR-71","FM1209",79,30.12221111,-97.432875,0,8,0,1,18,1,0,1,3,1,0,1,0,"0000000",99,98,99,98,88,88,0,0,0,2,0
48,482274,1,1,0,0,0,5,5,115,0,4,9,2016,1,11,50,1,1,3,98,3,"SR-137","",42,32.90549722,-102.10370833,0,1,0,0,1,1,0,4,1,1,0,1,0,"0000000",12,10,12,23,12,53,0,0,0,1,0
48,482275,5,5,0,0,0,6,6,201,3280,4,9,2016,1,5,28,1,2,3,98,3,"SR-6","WESTHEIMER RD",140,29.73538333,-95.644075,0,12,1,0,3,2,0,1,3,1,0,1,0,"0000000",5,29,5,39,6,11,0,0,0,1,0
48,482276,2,2,0,0,0,3,3,113,1870,6,9,2016,3,15,12,0,8,98,98,6,"PARKERVILLE RD","",0,32.57521667,-96.857475,0,12,6,0,8,1,0,1,1,1,0,1,0,"0000000",15,13,15,16,15,35,0,0,0,1,0
48,482277,1,1,0,0,0,1,1,373,0,6,9,2016,3,15,30,0,8,98,98,4,"CR-WILSON LAKE ESTATES RD","",0,30.64856111,-94.73304444,0,1,0,0,1,1,0,4,1,1,0,1,0,"0000000",99,98,99,98,88,88,0,0,0,1,0
48,482278,1,1,0,0,0,5,5,55,0,7,9,2016,4,20,30,1,1,3,98,3,"SR-21 CAMINO REAL","",127,29.99411667,-97.74944444,0,1,0,0,1,1,0,1,2,1,0,1,0,"0000000",21,33,21,43,22,27,0,0,0,1,1
48,482279,3,3,0,0,0,3,3,133,0,7,9,2016,4,8,4,0,1,4,98,8,"FM570","",16,32.39746667,-98.76321111,0,12,2,0,1,1,0,1,1,1,0,1,0,"0000000",8,5,8,12,8,46,14,0,0,1,0
48,482280,1,1,0,1,1,1,1,201,3280,7,9,2016,4,10,45,1,2,1,1,7,"I-69/US-59 SOUTHWEST FWY","BELLERIVE DR",127,29.7106,-95.50665556,0,8,0,1,3,3,0,1,1,10,0,10,0,"0000000",10,47,10,52,11,11,0,0,0,1,0
48,482281,1,1,0,1,1,1,1,41,1440,8,9,2016,5,10,55,0,8,98,98,6,"AYRSHIRE","",0,30.60683333,-96.33471944,0,9,0,0,1,1,0,1,1,1,0,1,0,"0000000",99,98,99,98,88,88,0,0,0,1,0
48,482282,1,1,0,1,1,2,2,201,3280,8,9,2016,5,20,45,1,2,3,98,3,"SR-6","",112,29.77545556,-95.64404722,0,8,0,0,1,1,0,1,3,1,0,1,0,"0000000",20,45,20,50,21,30,0,0,0,1,0
48,482283,1,1,0,0,0,1,1,257,0,8,9,2016,5,12,29,1,1,1,1,1,"I-20","",104,32.68401389,-96.20712222,0,1,0,0,1,1,0,3,1,1,0,1,0,"0000000",99,99,99,99,99,99,0,0,0,1,0
48,482284,2,2,0,0,0,4,4,27,3690,9,9,2016,6,22,11,1,2,3,98,3,"SR-195 FORT HOOD ST","ELMS RD",31,31.0863,-97.75567778,0,12,6,0,2,3,0,1,3,10,0,10,0,"0000000",22,15,22,19,22,49,20,0,0,1,0
48,482285,2,2,0,0,0,2,2,113,1730,9,9,2016,6,10,5,0,8,98,98,6,"LEMMON AVE","",0,32.85647778,-96.84803333,0,12,6,0,7,1,0,1,1,1,0,1,0,"0000000",99,99,99,99,99,99,0,0,0,1,0
48,482286,1,1,0,0,0,1,1,183,0,10,9,2016,7,1,59,0,8,98,98,4,"CR-RIVER RD","",0,32.46961389,-94.86615278,0,1,0,0,1,1,0,4,2,1,0,1,0,"0000000",99,98,99,98,88,88,0,0,0,1,1
48,482287,2,2,0,0,0,6,6,201,6970,10,9,2016,7,12,23,1,2,3,98,7,"SR-249 TOMBALL EXPY","ALICE RD",17,30.07716111,-95.63119722,0,12,6,1,2,2,0,1,1,10,0,10,0,"0000000",12,25,12,43,13,12,0,0,0,1,0
48,482288,2,2,0,0,0,7,7,441,0,10,9,2016,7,8,59,0,1,4,98,2,"US-277","",125,32.3027,-99.90969167,0,12,8,0,1,1,0,1,1,2,0,2,0,"0000000",9,3,9,11,10,14,0,0,0,1,0
48,482289,2,2,0,0,0,2,2,491,330,10,9,2016,7,15,58,1,2,3,98,8,"RM620","BOULDER LN",161,30.4435,-97.8331,0,12,6,0,2,3,0,1,1,1,0,1,0,"0000000",16,1,16,7,16,25,0,0,0,1,0
48,482290,2,2,0,0,0,3,3,201,3280,11,9,2016,1,20,50,1,1,3,98,2,"US-290 NORTHWEST FWY","",130,29.98495,-95.732075,0,43,0,0,5,1,1,4,2,1,0,1,0,"0000000",99,98,99,98,88,88,0,0,0,1,0
48,482291,1,1,0,0,0,1,1,471,0,11,9,2016,1,4,25,0,1,5,98,8,"FM980","",93,30.86601944,-95.47530833,0,1,0,0,1,1,0,1,2,10,0,10,0,"0000000",99,98,99,98,88,88,0,0,0,1,1
48,482292,1,1,0,0,0,1,1,113,1730,12,9,2016,2,3,30,0,8,98,98,6,"LEMMON AVE","",0,32.85962222,-96.85326944,0,25,0,0,1,1,0,3,3,1,0,1,0,"0000000",99,99,99,99,99,99,0,0,0,1,0
48,482294,1,1,0,1,1,1,1,201,3280,12,9,2016,2,20,48,0,8,98,98,6,"MYKAWA RD","",0,29.612275,-95.30206944,0,9,0,0,1,1,0,1,3,1,0,1,0,"0000000",99,98,99,98,88,88,0,0,0,1,0
48,482295,1,1,0,0,0,2,2,29,6090,14,9,2016,4,1,51,1,2,2,98,7,"US-90","",21,29.40228333,-98.62706389,0,31,0,0,1,1,0,10,3,10,0,10,0,"0000000",99,98,99,98,88,88,0,0,0,1,1
48,482296,1,1,0,0,0,8,8,27,0,24,8,2016,4,6,40,0,1,5,98,8,"FM2843","",173,30.92627222,-97.56439167,0,1,0,0,1,1,0,4,2,1,0,1,0,"0000000",6,43,6,50,7,44,0,0,0,1,0
48,482297,1,1,0,0,0,1,1,181,7130,2,9,2016,6,21,20,1,1,3,98,2,"US-75","",282,33.44755,-96.60331944,0,1,0,0,1,1,0,10,2,1,0,1,0,"0000000",99,99,99,99,99,99,0,0,0,1,1
48,482298,1,1,0,0,0,1,1,415,0,3,9,2016,7,0,0,0,8,98,98,4,"CR-4114","",0,32.64520556,-100.74509444,0,1,0,0,1,1,0,4,2,1,0,1,0,"0000000",99,98,99,98,88,88,0,0,0,1,0
48,482299,1,1,0,0,0,1,1,467,0,3,9,2016,7,11,0,1,1,1,1,1,"I-20","",15,32.64384167,-96.05130278,0,1,0,0,1,1,0,4,1,1,0,1,0,"0000000",99,98,99,98,88,88,0,0,0,1,0
48,482300,2,2,0,0,0,4,4,491,0,4,9,2016,1,22,50,0,2,4,98,8,"RM2243","CR-ESCALERA PKWY",148,30.59551944,-97.78030278,0,12,6,0,2,3,0,1,3,1,0,1,0,"0000000",99,98,99,98,88,88,0,0,0,2,0
48,482301,2,2,0,0,0,4,4,451,0,6,9,2016,3,17,56,0,2,4,98,8,"FM 2105","",40,31.52638889,-100.42006944,0,12,6,0,1,1,0,1,1,1,0,1,0,"0000000",17,56,18,2,18,17,0,0,0,1,0
48,482302,1,1,0,0,0,1,1,29,6090,9,9,2016,6,20,50,0,8,98,98,6,"LOCK HILL RD","",0,29.54175556,-98.59319444,0,11,0,0,1,1,0,1,2,1,0,1,0,"0000000",99,99,99,99,88,88,0,0,0,1,1
48,482303,2,2,0,0,0,4,4,205,0,10,9,2016,7,11,50,0,1,4,98,2,"US-385","",217,35.79053056,-102.34231111,0,12,6,0,8,1,0,1,1,1,0,1,0,"0000000",99,99,99,99,88,88,0,0,0,1,0
48,482305,2,2,0,0,0,2,2,21,0,12,9,2016,2,12,23,0,1,4,98,3,"SR-95","PERSHING BLVD",98,30.20165,-97.31343889,0,12,2,0,3,3,0,1,1,1,0,1,0,"0000000",99,99,99,99,99,99,0,0,0,1,0
48,482306,3,3,0,0,0,4,4,71,0,13,9,2016,3,0,6,1,1,1,1,1,"I-10","",133,29.83058889,-94.48578056,0,12,6,0,1,1,0,1,2,1,0,1,0,"0000000",99,98,99,98,88,88,0,0,0,1,0
48,482307,1,1,0,0,0,1,1,29,1209,2,8,2016,3,0,40,1,2,1,1,7,"I-410/LOOP 410","RM 1535/MILITARY",194,29.52018056,-98.51258333,0,25,0,1,3,3,0,4,3,1,0,1,0,"0000000",99,99,99,99,99,99,0,0,0,1,0
48,482308,2,2,0,0,0,2,2,189,5380,3,8,2016,4,17,6,1,2,3,98,8,"BU 27/US-70/COLUMBIA","10TH ST",34,34.17045833,-101.70695,0,12,2,0,2,3,0,1,1,1,0,1,0,"0000000",99,99,99,99,99,99,0,0,0,1,0
48,482309,1,1,0,1,1,1,1,215,0,21,8,2016,1,9,26,0,2,4,98,8,"FM 2221","",192,26.32926111,-98.40365,0,8,0,0,1,1,0,2,2,1,0,1,0,"0000000",99,98,99,98,88,88,0,0,0,1,0
48,482310,1,1,0,0,0,1,1,321,0,25,8,2016,5,7,41,0,1,5,98,8,"FM 2611","",27,28.89953889,-95.63816111,0,34,0,0,1,1,0,4,1,10,0,10,0,"0000000",99,99,99,99,99,99,0,0,0,1,1
48,482311,1,1,0,0,0,1,1,481,0,25,8,2016,5,9,48,0,8,98,98,4,"CR-166","",0,29.33146944,-96.07418889,0,1,0,0,1,1,0,4,1,1,0,1,0,"0000000",99,99,99,99,99,99,20,0,0,1,0
48,482312,1,1,0,0,0,2,2,355,1550,26,8,2016,6,23,10,0,8,98,98,6,"NAVIGATION BLVD","",0,27.78377778,-97.45296667,0,32,0,0,1,1,0,4,3,1,0,1,0,"0000000",22,47,22,50,23,1,0,0,0,1,1
48,482313,1,1,0,1,1,1,1,29,6090,29,8,2016,2,11,5,0,8,98,98,6,"MARTIN ST","",0,29.4301,-98.50309444,0,8,0,0,1,1,0,1,1,1,0,1,0,"0000000",99,99,99,99,99,99,0,0,0,1,0
48,482314,2,2,0,0,0,2,2,115,0,29,8,2016,2,8,6,0,1,4,98,2,"US-180","",105,32.72308056,-102.02715,0,12,8,0,1,1,0,1,1,2,0,2,0,"0000000",8,8,8,14,88,88,0,0,0,1,0
48,482315,2,2,0,0,0,2,2,453,330,30,8,2016,3,20,33,1,2,2,98,8,"SL 1/MOPAC EXPY","",65,30.39863611,-97.73121667,0,12,1,0,1,1,1,1,5,10,0,10,0,"0000000",99,98,99,98,88,88,0,0,0,1,0
48,482316,2,2,0,0,0,3,3,257,2430,2,9,2016,6,16,0,0,2,4,98,8,"FM 1641","",23,32.70961389,-96.41573611,0,12,2,0,1,1,1,1,1,1,0,1,0,"0000000",16,2,16,24,16,47,0,0,0,2,1
48,482317,2,2,0,0,0,4,4,355,1550,3,9,2016,7,1,9,1,2,2,98,7,"SR-358/PADRE ISLAND DR","EMBASSY DR",85,27.716575,-97.38895278,0,12,1,0,3,3,0,1,3,1,0,1,0,"0000000",1,9,1,15,1,28,0,0,0,1,0
48,482318,2,2,0,0,0,3,3,497,5710,4,9,2016,1,20,24,1,1,3,98,2,"US-81","CR-4840/ROBERTSON RD",182,33.02591944,-97.44511111,0,12,6,0,2,3,0,1,2,1,0,1,0,"0000000",99,98,99,98,88,88,0,0,0,1,0
48,482319,1,1,0,0,0,5,5,325,0,5,9,2016,2,13,45,1,1,3,98,2,"US-90","",43,29.31563056,-99.35901111,0,1,0,0,1,1,0,1,1,1,0,1,0,"0000000",13,48,13,59,15,25,0,0,0,1,0
48,482320,4,4,0,0,0,4,4,51,1070,7,9,2016,4,14,3,1,1,3,98,3,"SR-21/PRESIDENTIAL CORRIDOR ST","",120,30.53768056,-96.69425278,0,12,2,0,8,1,0,1,1,1,0,1,0,"0000000",14,4,14,8,14,43,0,0,0,1,0
48,482321,2,2,0,0,0,4,4,201,0,7,9,2016,4,20,55,0,8,98,98,4,"CR-FALLBROOK DR","BUTTE CANYON RD",0,29.9205,-95.45102222,0,12,6,0,2,3,0,1,2,1,0,1,0,"0000000",20,52,21,0,21,38,0,0,0,1,0
48,482322,1,1,0,0,0,1,1,405,0,7,9,2016,4,7,15,0,1,5,98,8,"FM 711","",65,31.58743611,-94.16908056,0,42,0,0,1,1,0,4,1,5,0,5,0,"0000000",99,98,99,98,88,88,0,0,0,1,0
48,482323,1,1,0,0,0,1,1,213,0,8,9,2016,5,9,25,0,1,5,98,8,"FM 804","",31,32.16919444,-95.75355,0,42,0,0,1,1,0,4,1,1,0,1,0,"0000000",99,98,99,98,88,88,0,0,0,1,1
48,482324,1,1,0,0,0,2,2,467,0,8,9,2016,5,12,18,0,1,6,98,8,"FM 3080","",28,32.37798056,-96.038775,0,1,0,0,1,1,0,4,1,1,0,1,0,"0000000",99,99,99,99,99,99,0,0,0,1,0
48,482325,2,2,0,0,0,2,2,171,0,9,9,2016,6,17,52,0,1,4,98,2,"US-87","",116,30.35724167,-98.92670556,0,12,2,0,1,1,0,1,1,1,0,1,0,"0000000",99,98,99,98,88,88,0,0,0,1,0
48,482326,1,1,0,1,1,1,1,249,0,9,9,2016,6,17,4,0,1,3,98,3,"SR-44","",70,27.74989167,-98.12848611,1,8,0,0,1,1,0,1,1,1,0,1,0,"0000000",99,98,99,98,88,88,0,0,0,1,0
48,482327,1,1,0,0,0,1,1,309,0,9,9,2016,6,15,10,0,1,5,98,8,"FM 185","",37,31.55175556,-97.38691667,0,1,0,0,1,1,0,4,1,1,0,1,0,"0000000",15,24,15,32,16,28,0,0,0,1,0
48,482328,3,3,0,0,0,6,6,439,2450,9,9,2016,6,20,37,0,8,98,98,6,"BEACH ST","CARTER AVE",0,32.74699444,-97.28936389,0,12,1,0,2,3,0,1,3,1,0,1,0,"0000000",20,37,20,39,21,5,0,0,0,1,1
48,482329,1,1,0,0,0,1,1,329,0,10,9,2016,7,8,36,1,1,3,98,3,"SR-158","",124,31.96365833,-101.97053333,0,1,0,0,1,1,0,4,1,2,0,2,0,"0000000",99,98,99,98,88,88,0,0,0,1,0
48,482330,3,3,0,0,0,5,5,339,1510,10,9,2016,7,19,21,1,2,1,1,1,"I-45","",88,30.23609167,-95.45855556,0,12,7,1,18,1,0,1,5,10,0,10,0,"0000000",99,99,99,99,99,99,0,0,0,1,0
48,482331,2,2,0,0,0,2,2,453,330,10,9,2016,7,6,24,1,2,3,98,3,"SR-360 CAPITAL OF TEXAS HWY","",177,30.32447778,-97.81295833,0,12,2,0,1,1,0,1,2,99,0,99,0,"0000000",99,99,99,99,99,99,0,0,0,1,0
48,482332,2,2,0,0,0,2,2,113,1730,11,9,2016,1,20,35,0,8,98,98,6,"HAMPTON RD","KIEST BLVD",0,32.70580556,-96.85700556,0,12,6,0,2,2,0,1,3,1,0,1,0,"0000000",99,99,99,99,99,99,0,0,0,1,0
48,482333,2,2,0,0,0,3,3,135,0,11,9,2016,1,16,10,0,1,4,98,8,"FM 554 HOLLYHOCK AVE","GOLDENROD DR",11,32.02103056,-102.37575,0,12,6,0,2,2,0,1,1,1,0,1,0,"0000000",16,15,16,29,16,52,0,0,0,1,0
48,482334,1,1,0,0,0,2,2,217,0,11,9,2016,1,15,2,0,8,98,98,4,"CR-3350","",0,31.86291389,-96.88119722,0,1,0,0,1,1,0,4,1,1,0,1,0,"0000000",15,47,16,8,16,34,0,0,0,1,1
48,482335,1,1,0,0,0,3,3,367,9997,11,9,2016,1,8,0,1,1,3,98,2,"US-377","",29,32.59631389,-97.57829722,0,43,0,0,1,1,0,3,2,1,0,1,0,"0000000",99,99,99,99,99,99,0,0,0,1,0
48,482336,2,1,1,1,3,1,3,71,0,12,9,2016,2,23,25,1,1,1,1,1,"I-10","",124,29.83275,-94.51505278,0,14,0,0,1,1,0,2,2,1,0,1,0,"0000000",99,98,99,98,88,88,0,0,0,1,0
48,482337,1,1,0,0,0,1,1,253,0,12,9,2016,2,13,36,1,1,3,98,2,"US-83","",386,32.53651389,-99.76508889,0,1,0,0,1,1,0,4,1,1,0,1,0,"0000000",99,98,99,98,88,88,0,0,0,1,0
48,482338,5,5,0,0,0,14,14,353,0,12,9,2016,2,9,30,1,1,1,1,1,"I-20","",226,32.4922,-100.31588056,0,57,0,0,1,1,0,3,1,1,0,1,0,"0000000",9,33,9,37,10,32,14,0,0,2,0
48,482339,2,2,0,0,0,2,2,201,3280,13,9,2016,3,12,37,1,2,3,98,3,"SR-3 GALVESTON RD","",80,29.60000278,-95.17648889,0,12,1,0,1,1,0,1,1,10,0,10,0,"0000000",12,55,13,9,13,30,0,0,0,2,0
48,482342,2,2,0,0,0,2,2,157,0,14,9,2016,4,7,32,0,1,5,98,8,"FM 360","WILLIAMS SCHOOL RD",65,29.41926667,-95.86194444,0,12,6,0,2,2,0,1,1,1,0,1,0,"0000000",7,33,7,46,8,28,0,0,0,1,0
48,482343,2,2,0,0,0,2,2,157,0,14,9,2016,4,21,28,0,1,5,98,8,"FM 360","BRINKMEYER",45,29.439275,-95.886075,0,12,6,0,2,2,0,1,2,1,0,1,0,"0000000",21,29,21,41,22,45,0,0,0,1,0
48,482344,2,1,1,0,1,1,2,439,2420,14,9,2016,4,11,35,1,2,1,1,7,"I-20","",126,32.66108056,-97.26949444,0,14,0,1,19,1,0,2,1,1,0,1,0,"0000000",99,98,99,98,88,88,0,0,0,1,0
48,482345,1,1,0,0,0,1,1,121,1840,15,9,2016,5,14,45,0,1,4,98,8,"FM 2164","",59,33.29560833,-97.13162778,0,42,0,0,1,1,0,4,1,99,0,99,0,"0000000",99,98,99,98,88,88,0,0,0,1,0
48,482346,7,7,0,0,0,7,7,201,3280,15,9,2016,5,6,33,1,2,3,98,2,"US-6","",105,29.78624444,-95.64486667,0,12,6,0,1,1,0,1,3,1,0,1,0,"0000000",6,34,6,45,7,21,0,0,0,1,0
48,482347,1,1,0,0,0,4,4,217,0,15,9,2016,5,11,42,1,1,1,1,1,"I-35 E","",174,32.06893889,-97.069975,0,1,0,0,1,1,0,4,1,1,0,1,0,"0000000",11,49,11,52,12,1,0,0,0,2,0
48,482348,1,1,0,0,0,2,2,265,0,15,9,2016,5,10,25,0,1,4,98,2,"US-83","",18,30.26763611,-99.72083056,0,1,0,0,1,1,0,4,1,1,0,1,0,"0000000",10,47,11,28,12,41,0,0,0,1,0