"STATE","ST_CASE","VE_TOTAL","VE_FORMS","PVH_INVL","PEDS","PERNOTMVIT","PERMVIT","PERSONS","COUNTY","CITY","DAY","MONTH","YEAR","DAY_WEEK","HOUR","MINUTE","NHS","RUR_URB","FUNC_SYS","RD_OWNER","ROUTE","TWAY_ID","TWAY_ID2","MILEPT","LATITUDE","LONGITUD","SP_JUR","HARM_EV","MAN_COLL","RELJCT1","RELJCT2","TYP_INT","WRK_ZONE","REL_ROAD","LGT_COND","WEATHER1","WEATHER2","WEATHER","SCH_BUS","RAIL","NOT_HOUR","NOT_MIN","ARR_HOUR","ARR_MIN","HOSP_HR","HOSP_MN","CF1","CF2","CF3","FATALS","DRUNK_DR"
48,482349,1,1,0,1,1,1,1,13,0,16,9,2016,6,20,41,0,1,4,98,3,"SR-97","",17,28.93470833,-98.521,0,8,0,0,1,1,0,1,2,1,0,1,0,"0000000",20,41,20,54,21,11,0,0,0,1,0
48,482350,1,1,0,0,0,1,1,113,1730,16,9,2016,6,2,9,1,2,1,1,1,"I-635 LBJ FWY","",49,32.91650833,-96.74284444,0,52,0,1,19,1,0,8,3,1,0,1,0,"0000000",99,99,99,99,99,99,0,0,0,1,0
48,482351,1,1,0,0,0,1,1,141,2190,16,9,2016,6,19,25,0,8,98,98,6,"MARCUS URIBE DR","",0,31.93650833,-106.42220556,0,33,0,0,1,1,0,4,1,1,0,1,0,"0000000",19,26,19,35,19,55,0,0,0,1,0
48,482352,2,2,0,0,0,3,3,201,0,16,9,2016,6,9,20,0,1,4,98,8,"FM2920 KERMIER RD","BU290H HEMPSTEAD HWY",54,30.03161667,-95.85718333,0,12,6,0,2,2,0,1,1,1,0,1,0,"0000000",9,29,9,40,10,24,0,0,0,2,0
48,482353,1,1,0,0,0,1,1,201,0,16,9,2016,6,21,18,0,8,98,98,4,"CR-PORT RD","",0,29.604025,-95.00501667,0,25,0,0,1,1,0,4,2,1,0,1,0,"0000000",21,24,21,32,22,6,0,0,0,1,0
48,482354,1,1,0,1,1,1,1,201,3280,16,9,2016,6,20,21,1,2,1,1,7,"I-610","",44,29.81331111,-95.39959167,0,8,0,0,1,1,0,1,3,10,0,10,0,"0000000",99,98,99,98,88,88,0,0,0,1,0
48,482355,2,2,0,0,0,2,2,201,3280,16,9,2016,6,2,44,1,2,2,98,3,"SR-225 LA PORTE FWY","",14,29.70616389,-95.24154722,0,12,2,0,1,1,0,1,3,1,0,1,0,"0000000",2,45,2,50,3,28,0,0,0,1,2
48,482356,1,1,0,0,0,2,2,325,1210,16,9,2016,6,2,15,0,8,98,98,6,"LOWER LA COSTE RD","",0,29.35447222,-98.87137778,0,42,0,0,1,1,0,4,2,1,0,1,0,"0000000",99,99,99,99,99,99,20,0,0,1,0
48,482357,1,1,0,0,0,1,1,61,0,17,9,2016,7,2,18,0,8,98,98,4,"CR-OKLAHOMA AVE","",0,25.93165278,-97.39759722,0,42,0,0,1,1,0,4,2,1,0,1,0,"0000000",99,98,99,98,88,88,0,0,0,1,1
48,482358,2,2,0,0,0,2,2,113,1730,17,9,2016,7,4,40,0,8,98,98,6,"ILLINOIS AVE","DUNCANVILLE RD",0,32.72053056,-96.9084,0,12,1,0,3,2,0,1,3,10,0,10,0,"0000000",99,98,99,98,88,88,0,0,0,1,1
48,482359,2,2,0,0,0,2,2,201,0,17,9,2016,7,8,55,0,8,98,98,4,"CR-SPRING CYPRESS RD","",0,30.03943333,-95.54704444,0,12,6,0,1,1,0,1,1,10,0,10,0,"0000000",9,3,9,17,9,45,0,0,0,1,0
48,482360,2,2,0,0,0,3,3,231,0,17,9,2016,7,9,35,1,1,3,98,2,"US-69","",234,33.08486667,-96.04709167,0,12,6,0,8,1,0,1,1,1,0,1,0,"0000000",99,99,99,99,99,99,0,0,0,1,0
48,482361,2,2,0,0,0,3,3,41,970,18,9,2016,1,14,38,1,2,3,98,8,"BS6R TEXAS AVE","",164,30.67865833,-96.36934722,0,12,7,0,1,1,0,1,1,1,0,1,0,"0000000",99,99,99,99,99,99,0,0,0,1,0
48,482362,1,1,0,0,0,1,1,113,6001,18,9,2016,1,3,50,0,8,98,98,6,"ROWLETT RD","",0,32.90249444,-96.56932222,0,33,0,0,1,1,0,3,3,1,0,1,0,"0000000",99,98,99,98,88,88,0,0,0,1,1
48,482363,1,1,0,0,0,1,1,139,2240,18,9,2016,1,12,30,0,2,5,98,8,"FM1183 OAK GROVE RD","",42,32.29761944,-96.60961944,0,1,0,0,1,1,0,1,1,1,0,1,0,"0000000",0,41,0,45,1,4,0,0,0,1,0
48,482364,2,1,1,1,1,1,1,29,6090,19,9,2016,2,9,11,1,2,2,98,8,"SP371 GEN HUDNELL DR","",4,29.39257778,-98.54393889,0,14,0,0,1,1,0,4,1,1,0,1,0,"0000000",99,98,99,98,88,88,0,0,0,1,0
48,482365,1,1,0,0,0,1,1,29,6090,19,9,2016,2,1,3,0,8,98,98,6,"JUDSON RD","",0,29.58529444,-98.37712778,0,33,0,0,1,1,0,4,3,1,0,1,0,"0000000",99,98,99,98,88,88,0,0,0,1,1
48,482366,2,2,0,1,1,4,4,141,2190,19,9,2016,2,0,2,0,8,98,98,6,"YARBROUGH DR","",0,31.74000556,-106.34590278,0,8,0,0,1,1,0,1,3,1,0,1,0,"0000000",99,98,99,98,88,88,0,0,0,1,1
48,482367,2,2,0,0,0,2,2,29,6090,20,9,2016,3,3,40,1,2,2,98,2,"US-281","",237,29.46520556,-98.47373056,0,12,7,1,18,1,0,1,3,1,0,1,0,"0000000",99,98,99,98,88,88,0,0,0,1,0
48,482368,1,1,0,0,0,1,1,113,3420,20,9,2016,3,6,56,1,2,2,98,3,"SR-161RAMP AIRPORT FWY","",150,32.83738333,-97.01357778,0,21,0,1,19,1,0,4,3,1,0,1,0,"0000000",99,98,99,98,88,88,0,0,0,1,0
48,482369,1,1,0,0,0,1,1,181,6350,20,9,2016,3,3,4,1,2,2,98,2,"US-75 SAM RAYBURN FWY","",172,33.60175556,-96.60888333,0,1,0,0,1,1,0,1,3,1,0,1,0,"0000000",99,98,99,98,88,88,0,0,0,1,0
48,482370,1,1,0,1,1,1,1,423,7070,20,9,2016,3,11,11,1,2,3,98,8,"SS147 GENTRY PKWY","",9,32.35959167,-95.30485,0,8,0,0,1,1,0,2,1,1,0,1,0,"0000000",11,12,11,15,11,35,0,0,0,1,0
48,482371,1,1,0,1,1,1,1,309,7210,28,8,2016,1,2,16,1,2,3,98,2,"US-84/WACO DR","25TH ST",224,31.54295833,-97.15329167,0,8,0,0,3,2,0,1,2,1,0,1,0,"0000000",2,18,2,22,2,45,0,0,0,1,1
48,482372,1,1,0,1,1,1,1,89,7290,5,9,2016,2,18,44,1,1,1,1,1,"I-10","",45,29.69193056,-96.77579167,0,8,0,0,1,1,0,1,1,10,0,10,0,"0000000",99,98,99,98,88,88,0,0,0,1,0
48,482373,1,1,0,0,0,1,1,215,0,9,9,2016,6,22,24,0,8,98,98,4,"CR-SCHUERBACH RD","",0,26.27906944,-98.34991944,0,24,0,0,1,1,0,4,2,1,0,1,0,"0000000",99,98,99,98,88,88,0,0,0,1,1
48,482374,1,1,0,1,1,1,1,113,6260,18,9,2016,1,0,1,1,2,2,98,7,"US-175","",126,32.66082778,-96.57218333,0,8,0,0,1,1,0,1,3,1,0,1,0,"0000000",99,98,99,98,88,88,0,0,0,1,0
48,482375,5,5,0,0,0,5,5,303,4140,18,9,2016,1,18,25,0,8,98,98,6,"50TH ST","INDIANA AVE",0,33.54877222,-101.88776389,0,12,1,0,3,2,0,1,1,1,0,1,0,"0000000",18,28,18,33,18,45,0,0,0,1,1
48,482376,1,1,0,1,1,1,1,29,6090,19,9,2016,2,8,22,1,2,1,1,1,"I-10","",34,29.40148889,-98.45391667,0,8,0,0,1,1,0,1,1,1,0,1,0,"0000000",99,98,99,98,88,88,0,0,0,1,0
48,482377,1,1,0,1,1,2,2,113,5730,21,9,2016,4,14,53,0,8,98,98,6,"JUPITER RD","",0,32.95150556,-96.68282222,0,9,0,0,1,1,0,1,1,1,0,1,0,"0000000",14,54,14,58,15,16,0,0,0,1,0
48,482378,1,1,0,1,1,1,1,201,0,21,9,2016,4,6,46,0,8,98,98,4,"CR-KRENEK RD","",0,29.89938889,-95.05811111,0,15,0,0,1,1,0,1,2,1,0,1,0,"0000000",6,57,7,15,7,38,16,0,0,1,0
48,482379,2,2,0,0,0,2,2,201,0,21,9,2016,4,19,27,0,8,98,98,4,"CR-MASON RD","",0,29.75425,-95.75157778,0,12,2,0,1,1,0,1,1,1,0,1,0,"0000000",99,99,99,99,99,99,0,0,0,1,0
48,482380,1,1,0,0,0,1,1,215,0,22,9,2016,5,0,15,1,1,3,98,2,"US-281","",32,26.5705,-98.0128,0,1,0,0,1,1,0,3,2,1,0,1,0,"0000000",99,98,99,98,88,88,0,0,0,1,1
48,482381,1,1,0,0,0,3,3,227,640,2,7,2016,7,0,23,1,2,1,1,7,"I-20","",285,32.26578056,-101.41959444,0,58,0,0,1,1,0,4,2,1,0,1,0,"0000000",0,22,0,32,1,2,0,0,0,1,0
48,482382,2,1,1,1,1,1,1,453,4290,27,7,2016,4,0,29,0,8,98,98,6,"MARIE LN","",0,30.35164722,-97.53306111,0,8,0,0,1,1,0,1,3,1,0,1,0,"0000000",99,98,99,98,88,88,14,0,0,1,0
48,482383,2,2,0,0,0,2,2,71,4728,6,8,2016,7,3,0,0,1,4,98,3,"SR-146","FM3360 EAGLE DR",7,29.87576389,-94.89365556,0,12,6,0,2,3,0,1,3,1,0,1,0,"0000000",3,3,3,17,3,56,0,0,0,1,0
48,482384,1,1,0,0,0,1,1,251,3538,9,8,2016,3,8,46,1,1,3,98,3,"SR-174 BROADWAY ST","",172,32.469475,-97.38441944,0,32,0,0,1,1,0,4,1,1,0,1,0,"0000000",99,98,99,98,88,88,0,0,0,1,0
48,482385,1,1,0,0,0,1,1,453,330,19,8,2016,6,20,24,1,2,1,1,7,"I-35","",147,30.22436944,-97.74626944,0,33,0,0,1,1,0,4,1,10,0,10,0,"0000000",99,98,99,98,88,88,0,0,0,1,0
48,482386,2,2,0,0,0,2,2,389,0,27,8,2016,7,11,0,0,1,5,98,8,"RM652","",4,31.82819444,-103.90289444,0,12,6,0,8,1,0,1,1,1,0,1,0,"0000000",99,98,99,98,88,88,0,0,0,2,0
48,482387,2,2,0,0,0,2,2,201,3280,29,8,2016,2,0,5,0,8,98,98,6,"GENOA RED BLUFF RD","SPACE CENTER BLVD",0,29.63111389,-95.14268333,0,12,6,0,2,2,0,1,3,1,0,1,0,"0000000",0,6,0,20,0,45,0,0,0,1,1
48,482388,1,1,0,1,1,1,1,339,0,2,9,2016,6,22,19,0,1,5,98,8,"FM1485","",35,30.14821667,-95.15597778,0,9,0,0,1,1,0,1,2,1,0,1,0,"0000000",99,98,99,98,88,88,0,0,0,1,0
48,482389,2,2,0,0,0,3,3,471,0,2,9,2016,6,11,0,0,1,6,98,8,"FM1374","",126,30.58506389,-95.57220833,0,12,6,0,1,1,0,1,1,1,0,1,0,"0000000",12,31,12,42,13,27,0,0,0,1,0
48,482390,2,2,0,0,0,2,2,355,1550,6,9,2016,3,7,53,0,8,98,98,6,"OCEAN DR","",0,27.73316944,-97.35995278,0,12,6,0,8,1,0,1,1,2,0,2,0,"0000000",7,48,7,52,8,9,0,0,0,1,0
48,482391,2,2,0,0,0,3,3,301,0,7,9,2016,4,18,5,0,1,5,98,3,"SR-302","",195,31.77795833,-103.34211944,0,12,2,0,1,1,0,1,1,2,0,2,0,"0000000",99,99,99,99,99,99,0,0,0,1,0
48,482392,2,2,0,0,0,2,2,497,0,8,9,2016,5,7,10,0,1,4,98,3,"SR-114","",361,33.06456389,-97.51367778,0,12,2,0,1,1,0,1,1,1,0,1,0,"0000000",7,20,7,36,8,20,0,0,0,1,0
48,482393,1,1,0,0,0,9,9,355,1550,10,9,2016,7,20,39,1,2,2,98,3,"SR-286 RAMP","",40,27.74355,-97.42626389,0,26,0,1,19,1,0,4,2,1,0,1,0,"0000000",20,40,20,44,20,56,0,0,0,1,0
48,482394,2,2,0,0,0,2,2,157,0,11,9,2016,1,8,15,0,8,98,98,4,"CR-WESTPARK TLWY","GRAND CORNER DR",0,29.70142222,-95.76865833,0,12,1,0,3,3,0,1,1,1,0,1,0,"0000000",8,26,8,31,9,12,0,0,0,1,0
48,482395,1,1,0,1,1,1,1,341,2000,11,9,2016,1,3,6,0,8,98,98,6,"7TH ST","MELINDA AVE",0,35.85862222,-101.95538889,0,8,0,0,2,3,0,1,3,1,0,1,0,"0000000",99,98,99,98,88,88,0,0,0,1,0
48,482396,2,2,0,0,0,3,3,353,0,14,9,2016,4,15,58,1,1,3,98,2,"US-84","",91,32.45583889,-100.53301944,0,12,2,0,1,1,0,1,1,2,0,2,0,"0000000",15,50,15,57,16,27,0,0,0,1,1
48,482397,2,2,0,0,0,2,2,471,0,14,9,2016,4,2,20,1,1,1,1,1,"I-45","",212,30.76750833,-95.63681667,0,12,1,0,1,1,0,1,2,1,0,1,0,"0000000",2,23,2,36,3,15,0,0,0,1,0
48,482398,2,2,0,0,0,2,2,121,1840,15,9,2016,5,7,49,1,2,3,98,2,"US-380 UNIVERSITY DR","MARSHALL RD",119,33.23034722,-97.18441111,0,12,6,0,2,3,1,1,1,1,0,1,0,"0000000",99,98,99,98,88,88,0,0,0,1,0
48,482399,2,2,0,0,0,3,3,133,0,15,9,2016,5,2,12,1,1,1,1,1,"I-20","",53,32.47401667,-98.62585,0,57,0,1,19,1,0,3,2,10,0,10,0,"0000000",2,24,3,23,4,30,0,0,0,1,0
48,482400,1,1,0,0,0,2,2,339,0,15,9,2016,5,0,55,0,2,4,98,3,"SR-242 NEEDHAM RD","",63,30.20845278,-95.4226,0,59,0,0,1,1,0,4,2,1,0,1,0,"0000000",99,98,99,98,88,88,0,0,0,2,1
48,482401,2,2,0,0,0,2,2,157,5970,16,9,2016,6,11,31,1,1,3,98,2,"US-59 SOUTHWEST FWY","",213,29.52288889,-95.875575,0,12,1,1,18,1,1,1,1,1,0,1,0,"0000000",11,33,11,44,12,28,0,0,0,1,0
48,482402,3,1,2,2,3,1,2,169,0,16,9,2016,6,20,20,1,1,3,98,2,"US-84","",245,33.11528889,-101.27581111,0,14,0,0,1,1,0,2,5,10,0,10,0,"0000000",20,40,21,21,21,53,14,23,0,1,0
48,482403,1,1,0,0,0,1,1,203,7260,16,9,2016,6,16,50,0,8,98,98,6,"MAGNOLIA RD","COOKE ST",0,32.47334444,-94.05865,0,53,0,0,1,1,0,4,1,1,0,1,0,"0000000",16,50,16,51,17,22,0,0,0,1,0
48,482404,1,1,0,0,0,5,5,35,0,17,9,2016,7,19,20,0,8,98,98,4,"CR-1743","",0,31.86234167,-97.39396667,0,1,0,0,1,1,0,1,1,1,0,1,0,"0000000",19,20,19,32,20,0,0,0,0,1,0
48,482405,1,1,0,0,0,1,1,159,4760,17,9,2016,7,7,3,0,1,4,98,3,"SR-37","",4,33.17955,-95.23343333,0,33,0,0,1,1,0,4,4,1,0,1,0,"0000000",99,99,99,99,99,99,0,0,0,1,0
48,482406,2,2,0,0,0,4,4,339,0,17,9,2016,7,15,12,0,1,5,98,8,"FM 1484","",65,30.3949,-95.39948611,0,12,6,0,1,1,0,1,1,1,0,1,0,"0000000",99,99,99,99,99,99,0,0,0,2,0
48,482407,1,1,0,0,0,3,3,201,0,18,9,2016,1,3,13,1,2,3,98,3,"SR-6","",152,29.71851667,-95.64421111,0,46,0,0,1,1,0,4,3,1,0,1,0,"0000000",99,99,99,99,99,99,0,0,0,1,1
48,482408,1,1,0,0,0,1,1,201,0,18,9,2016,1,5,0,0,8,98,98,4,"CR-SPRING CYPRESS RD","",0,30.02397222,-95.56873056,0,30,0,0,1,1,0,4,2,1,0,1,0,"0000000",99,98,99,98,88,88,0,0,0,1,1
48,482409,1,1,0,0,0,2,2,231,0,18,9,2016,1,14,50,1,1,1,1,1,"I-30","",249,33.13169444,-95.93788611,0,43,0,1,19,1,0,10,1,1,0,1,0,"0000000",99,99,99,99,99,99,0,0,0,1,0
48,482410,1,1,0,0,0,2,2,471,0,18,9,2016,1,0,34,0,1,5,98,8,"FM 2550","",28,30.70776667,-95.69139444,0,42,0,0,1,1,0,4,2,1,0,1,0,"0000000",0,34,0,50,1,36,0,0,0,1,0
48,482411,2,2,0,0,0,6,6,113,1730,19,9,2016,2,22,25,0,8,98,98,6,"FERGUSON RD","WOODMEADOW PKWY",0,32.85397778,-96.65093056,0,12,6,0,2,2,0,1,3,1,0,1,0,"0000000",99,99,99,99,99,99,0,0,0,1,1
48,482412,1,1,0,0,0,4,4,113,1730,19,9,2016,2,21,9,0,8,98,98,6,"PRAIRIE CREEK RD","",0,32.75445,-96.66524722,0,30,0,0,1,1,0,4,3,1,0,1,0,"0000000",99,99,99,99,99,99,0,0,0,1,0
48,482413,1,1,0,0,0,1,1,113,3420,19,9,2016,2,20,2,1,2,3,98,3,"SR-356 IRVING BLVD","",105,32.83395556,-96.98811111,0,33,0,1,19,1,0,4,2,2,0,2,0,"0000000",20,4,20,7,20,26,0,0,0,1,0
48,482414,1,1,0,0,0,3,3,157,0,19,9,2016,2,19,11,0,1,5,98,8,"FM 361","",1,29.46167778,-95.81698056,0,1,0,0,1,1,0,4,1,2,0,2,0,"0000000",99,99,99,99,99,99,0,0,0,1,0
48,482415,2,2,0,0,0,3,3,183,0,19,9,2016,2,7,9,0,1,4,98,3,"SR-135","SPOKANE ST",147,32.46173889,-94.93966944,0,12,6,0,3,3,0,1,1,1,0,1,0,"0000000",7,10,7,39,8,11,0,0,0,1,0
48,482416,2,2,0,0,0,3,3,183,0,19,9,2016,2,15,23,1,2,3,98,2,"US-259","CR-TRYON RD",99,32.58005556,-94.73626111,0,12,6,0,2,2,0,1,1,1,0,1,0,"0000000",99,99,99,99,99,99,0,0,0,1,0
48,482417,1,1,0,0,0,2,2,37,6850,20,9,2016,3,21,10,1,2,3,98,3,"SR-93 LAKE DR","",100,33.40649444,-94.06058889,0,52,0,0,1,1,0,4,2,1,0,1,0,"0000000",99,98,99,98,88,88,0,0,0,2,0
48,482418,2,2,0,0,0,2,2,55,0,20,9,2016,3,15,23,0,1,4,98,3,"SR-80","OLD BASTROP HWY",15,29.86714444,-97.88981944,0,12,2,0,1,1,0,1,1,1,0,1,0,"0000000",99,99,99,99,99,99,0,0,0,1,0
48,482419,3,3,0,0,0,4,4,67,0,20,9,2016,3,11,59,0,1,4,98,3,"SR-49","",190,32.88230278,-94.53974722,0,12,1,0,1,1,1,1,1,1,0,1,0,"0000000",12,7,12,26,13,45,0,0,0,1,0
48,482420,1,1,0,0,0,1,1,157,0,20,9,2016,3,23,32,0,8,98,98,6,"129 HARLEM RD","",0,29.59901111,-95.71368611,0,10,0,0,6,1,0,1,2,1,0,1,0,"743713K",99,99,99,99,99,99,0,0,0,1,1
48,482422,1,1,0,1,1,1,1,201,3280,21,9,2016,4,20,33,0,8,98,98,6,"AIRPORT BLVD","",0,29.651975,-95.25742778,0,33,0,0,8,1,0,4,3,1,0,1,0,"0000000",20,33,20,45,21,8,0,0,0,1,0
48,482423,2,2,0,0,0,2,2,223,0,21,9,2016,4,5,28,1,1,1,1,7,"I-30","",70,33.126025,-95.74275833,0,12,1,0,1,1,0,1,2,1,0,1,0,"0000000",99,98,99,98,88,88,0,0,0,1,0
48,482424,1,1,0,1,1,2,2,467,2810,21,9,2016,4,19,45,0,8,98,98,6,"FRANK ST","",0,32.67331389,-95.7059,0,8,0,0,1,1,0,1,2,1,0,1,0,"0000000",99,98,99,98,88,88,0,0,0,1,0
48,482425,2,1,1,1,1,1,1,29,6090,22,9,2016,5,17,38,1,2,1,1,1,"I-410","",385,29.36096667,-98.39819167,0,8,0,0,1,1,0,4,1,1,0,1,0,"0000000",99,99,99,99,99,99,0,0,0,1,0
48,482426,2,2,0,0,0,2,2,35,0,22,9,2016,5,8,50,1,1,3,98,3,"SR-6","",121,31.96546389,-97.79969722,0,12,1,0,1,1,1,1,1,1,0,1,0,"0000000",8,59,9,8,9,43,0,0,0,1,0
48,482427,1,1,0,1,1,1,1,141,2190,22,9,2016,5,20,54,0,8,98,98,6,"VISTA DEL SOL","BESSEMER",0,31.75367778,-106.31321944,0,8,0,0,2,2,0,1,2,1,0,1,0,"0000000",20,54,20,59,21,13,0,0,0,1,0
48,482428,1,1,0,0,0,1,1,143,0,22,9,2016,5,0,28,0,1,4,98,2,"US-281","",166,32.29771111,-98.18864167,0,38,0,0,1,1,0,5,2,1,0,1,0,"0000000",99,98,99,98,88,88,0,0,0,1,1
48,482429,2,2,0,0,0,2,2,201,0,22,9,2016,5,0,5,0,8,98,98,4,"CR-VETERANS MEMORIAL DR","CR-WEST RD",0,29.91450833,-95.44208333,0,12,6,0,2,3,0,1,3,1,0,1,0,"0000000",0,7,0,15,0,40,0,0,0,1,1
48,482430,1,1,0,0,0,2,2,249,0,22,9,2016,5,1,49,1,1,3,98,3,"SR-44/359 GRAVIS AVE","",16,27.75982778,-98.21671111,0,38,0,0,1,1,0,4,2,1,0,1,0,"0000000",4,58,5,18,5,54,0,0,0,1,1
48,482431,1,1,0,0,0,1,1,455,0,22,9,2016,5,18,30,0,1,4,98,2,"US-287","",191,31.01362778,-95.02327222,0,1,0,0,1,1,0,4,1,1,0,1,0,"0000000",99,99,99,99,99,99,0,0,0,1,0
48,482432,1,1,0,0,0,2,2,497,0,22,9,2016,5,18,17,0,8,98,98,4,"CR-2690","",0,33.38908611,-97.65071667,0,42,0,0,1,1,0,4,1,1,0,1,0,"0000000",99,99,99,99,99,99,0,0,0,1,1
48,482433,1,1,0,0,0,1,1,497,0,22,9,2016,5,13,56,0,8,98,98,4,"CR-4793","",0,33.03719444,-97.64238333,0,42,0,0,1,1,0,4,1,1,0,1,0,"0000000",99,98,99,98,88,88,0,0,0,1,1
48,482434,2,2,0,0,0,2,2,499,0,23,9,2016,6,6,25,0,1,4,98,2,"US-80","",28,32.67410556,-95.5263,0,12,6,0,8,1,0,1,4,1,0,1,0,"0000000",99,98,99,98,88,88,0,0,0,1,0
48,482435,1,1,0,0,0,2,2,159,0,24,9,2016,7,17,2,0,1,5,98,8,"FM900","",11,33.09990833,-95.2905,0,1,0,0,1,1,0,4,1,1,0,1,0,"0000000",99,99,99,99,99,99,0,0,0,1,0
48,482436,1,1,0,0,0,3,3,121,1840,25,9,2016,1,20,31,0,2,4,98,8,"FM2449","",102,33.17692778,-97.22510278,0,1,0,0,1,1,0,4,2,2,0,2,0,"0000000",20,32,20,37,22,1,0,0,0,3,0
48,482437,1,1,0,0,0,1,1,223,0,25,9,2016,1,18,12,0,1,4,98,3,"SR-154","",122,32.99156389,-95.59558889,0,42,0,0,1,1,0,4,1,10,0,10,0,"0000000",99,98,99,98,88,88,0,0,0,1,0
48,482438,1,1,0,1,1,1,1,339,1510,25,9,2016,1,16,10,0,8,98,98,6,"PLANTATION DR","SILVER CREEK DR",0,30.32866389,-95.47385833,0,8,0,0,2,3,0,1,1,2,0,2,0,"0000000",99,99,99,99,99,99,0,0,0,1,0
48,482439,1,1,0,1,1,1,1,339,1510,26,9,2016,2,21,7,0,2,4,98,3,"SR-75 FRAZIER ST","",46,30.37319722,-95.47912778,0,8,0,0,1,1,0,2,2,1,0,1,0,"0000000",99,98,99,98,88,88,0,0,0,1,1
48,482440,1,1,0,1,1,1,1,39,4306,27,9,2016,3,20,6,1,2,2,98,3,"SR-288","",68,29.50156389,-95.38915556,0,8,0,0,1,1,0,1,2,1,0,1,0,"0000000",99,99,99,99,99,99,0,0,0,1,0
48,482441,1,1,0,0,0,1,1,111,0,27,9,2016,3,6,57,0,1,6,98,8,"FM1727","",208,36.07980833,-102.69600278,0,1,0,0,1,1,1,1,2,1,0,1,0,"0000000",6,58,7,10,7,36,0,0,0,1,0
48,482442,1,1,0,1,1,2,2,201,3280,4,6,2016,7,21,5,0,8,98,98,6,"POST OAK RD","",0,29.66509722,-95.46371389,0,8,0,0,1,1,0,1,3,10,0,10,0,"0000000",21,7,21,18,21,35,0,0,0,1,0
48,482443,1,1,0,1,1,2,2,215,0,17,7,2016,1,22,0,0,2,5,98,8,"FM1423 VAL VERDE RD","",30,26.2534,-98.07435278,0,8,0,0,1,1,0,1,2,1,0,1,0,"0000000",99,98,99,98,88,88,0,0,0,1,0
48,482444,2,2,0,0,0,2,2,29,6090,23,7,2016,7,8,14,0,8,98,98,6,"COMMERCE ST","PARK PLAZA",0,29.43218333,-98.5684,0,12,6,0,2,3,0,1,1,1,0,1,0,"0000000",99,99,99,99,99,99,0,0,0,1,0
48,482445,1,1,0,1,1,2,2,215,50,14,8,2016,1,20,45,0,8,98,98,6,"TOWER RD","",0,26.17470278,-98.11253889,0,8,0,0,1,1,0,1,1,1,0,1,0,"0000000",99,99,99,99,99,99,0,0,0,1,0
48,482446,2,2,0,0,0,3,3,439,9997,18,8,2016,5,13,57,1,1,1,1,1,"I-35W","",13,32.5594,-97.31895,0,12,1,0,1,1,0,1,1,10,0,10,0,"0000000",99,99,99,99,99,99,0,0,0,1,0
48,482447,2,2,0,0,0,2,2,173,0,29,8,2016,2,19,3,1,1,3,98,3,"SR-158","",144,31.86338611,-101.55780833,0,12,6,0,1,1,0,1,5,2,0,2,0,"0000000",99,99,99,99,99,99,0,0,0,1,0
48,482448,1,1,0,1,1,1,1,469,0,10,9,2016,7,21,5,1,1,3,98,2,"US-87 OLD PORT LAVACA RD","",322,28.66138889,-96.78227222,0,8,0,0,1,1,0,1,2,1,0,1,0,"0000000",99,98,99,98,88,88,0,0,0,1,0
48,482449,2,2,0,0,0,4,4,119,1530,11,9,2016,1,12,30,1,1,3,98,3,"SR-24","FM64",96,33.37631667,-95.70211667,0,1,0,0,2,2,0,1,1,1,0,1,0,"0000000",12,32,12,35,13,13,0,0,0,2,0
48,482450,2,2,0,0,0,3,3,39,0,13,9,2016,3,6,35,1,1,3,98,3,"SR-36","",98,29.19159444,-95.6806,0,12,2,0,1,1,0,1,4,10,0,10,0,"0000000",7,2,7,26,8,11,0,0,0,2,0
48,482451,2,2,0,0,0,3,3,355,0,13,9,2016,3,6,33,0,1,4,98,8,"FM 624/NORTHWEST BLVD","",110,27.87146111,-97.71055,0,12,1,0,1,1,0,1,2,1,0,1,0,"0000000",6,37,6,42,7,12,0,0,0,1,0
48,482452,1,1,0,0,0,1,1,157,5970,14,9,2016,4,22,54,1,1,3,98,2,"US-59/SOUTH WEST FREEWAY","",202,29.53231389,-95.86014444,0,25,0,0,1,1,1,3,2,1,0,1,0,"0000000",99,98,99,98,88,88,0,0,0,1,0
48,482453,2,2,0,0,0,2,2,291,0,14,9,2016,4,5,12,0,1,4,98,2,"US-90","",312,30.02213056,-94.52148056,0,12,2,0,1,1,0,1,2,1,0,1,0,"0000000",99,98,99,98,88,88,0,0,0,1,0
48,482454,1,1,0,0,0,2,2,355,1550,15,9,2016,5,22,26,0,8,98,98,6,"FLOUR BLUFF DR","",0,27.65178611,-97.31150833,0,1,0,0,1,1,0,4,2,1,0,1,0,"0000000",22,26,22,34,22,54,0,0,0,1,0
48,482455,1,1,0,0,0,2,2,355,1550,16,9,2016,6,14,48,0,8,98,98,6,"PORT AVE","",0,27.76865833,-97.42026111,0,19,0,0,1,1,0,5,1,1,0,1,0,"0000000",14,47,14,51,15,8,0,0,0,1,1
48,482456,1,1,0,1,1,1,1,29,6090,17,9,2016,7,2,35,1,2,2,98,7,"SL 1604","SR-16/BRAUN RD",262,29.53588056,-98.6815,0,9,0,1,2,2,0,1,3,1,0,1,0,"0000000",99,99,99,99,99,99,0,0,0,1,0