"STATE","ST_CASE","VE_TOTAL","VE_FORMS","PVH_INVL","PEDS","PERNOTMVIT","PERMVIT","PERSONS","COUNTY","CITY","DAY","MONTH","YEAR","DAY_WEEK","HOUR","MINUTE","NHS","RUR_URB","FUNC_SYS","RD_OWNER","ROUTE","TWAY_ID","TWAY_ID2","MILEPT","LATITUDE","LONGITUD","SP_JUR","HARM_EV","MAN_COLL","RELJCT1","RELJCT2","TYP_INT","WRK_ZONE","REL_ROAD","LGT_COND","WEATHER1","WEATHER2","WEATHER","SCH_BUS","RAIL","NOT_HOUR","NOT_MIN","ARR_HOUR","ARR_MIN","HOSP_HR","HOSP_MN","CF1","CF2","CF3","FATALS","DRUNK_DR"
48,482457,1,1,0,0,0,1,1,363,0,17,9,2016,7,17,52,0,1,4,98,3,"SR-337","",160,32.97171111,-98.30756944,0,42,0,0,1,1,0,4,1,1,0,1,0,"0000000",99,98,99,98,88,88,0,0,0,1,0
48,482458,1,1,0,0,0,3,3,319,4380,18,9,2016,1,15,33,0,1,5,98,8,"FM 1871/EL PASO ST","",200,30.74906111,-99.2374,0,5,0,0,1,1,0,1,1,1,0,1,0,"0000000",99,98,99,98,88,88,0,0,0,1,0
48,482459,1,1,0,0,0,1,1,439,2450,18,9,2016,1,1,40,1,2,2,98,3,"SR-360/AMON CARTER RAMP","",65,32.83003056,-97.06093889,0,30,0,1,19,1,0,4,2,1,0,1,0,"0000000",1,43,1,49,88,88,0,0,0,1,0
48,482460,1,1,0,0,0,1,1,251,0,19,9,2016,2,13,4,0,1,6,98,8,"FM 2738","",138,32.44386944,-97.16391944,0,1,0,0,1,1,0,4,1,1,0,1,0,"0000000",99,98,99,98,88,88,0,0,0,1,0
48,482461,2,2,0,0,0,2,2,201,9997,20,9,2016,3,12,5,1,2,3,98,8,"FM 328","",10,29.52244167,-95.16039167,0,12,6,0,8,1,0,1,1,1,0,1,0,"0000000",12,6,12,9,12,24,0,0,0,1,0
48,482462,1,1,0,0,0,1,1,135,0,21,9,2016,4,19,10,1,2,1,1,1,"I-20","",326,31.816925,-102.38899722,0,1,0,0,1,1,1,10,3,1,0,1,0,"0000000",99,98,99,98,88,88,0,0,0,1,1
48,482463,1,1,0,0,0,1,1,163,0,21,9,2016,4,14,59,1,1,1,1,1,"I-35","",242,28.83612222,-99.11395278,0,1,0,0,1,1,0,10,1,10,0,10,0,"0000000",99,98,99,98,88,88,0,0,0,1,0
48,482464,3,3,0,1,1,3,3,439,2450,21,9,2016,4,22,34,1,2,2,98,2,"US-287 MLK HWY","",218,32.74609167,-97.30775833,0,8,0,1,18,1,0,1,2,1,0,1,0,"0000000",99,98,99,98,88,88,0,0,0,1,0
48,482465,2,2,0,0,0,2,2,491,0,21,9,2016,4,22,46,0,8,98,98,4,"CR-175 SAM BASS RD","",0,30.55563056,-97.76842222,0,12,6,0,1,1,0,1,2,1,0,1,0,"0000000",22,47,22,53,23,28,0,0,0,1,1
48,482466,2,2,0,0,0,3,3,29,6090,22,9,2016,5,20,15,1,2,3,98,8,"SS 421 BANDERA RD","",132,29.45898611,-98.55719722,0,12,6,0,8,1,0,1,3,1,0,1,0,"0000000",99,99,99,99,99,99,0,0,0,1,0
48,482467,1,1,0,1,1,1,1,189,0,22,9,2016,5,8,9,0,2,4,98,8,"FM 1767 34TH ST","",10,34.21990833,-101.69185,0,9,0,0,1,1,0,1,1,1,0,1,0,"0000000",99,99,99,99,99,99,0,0,0,1,0
48,482468,2,2,0,0,0,3,3,201,3280,23,9,2016,6,5,22,1,2,1,1,7,"I-10 KATY FWY","",70,29.78464444,-95.70023056,0,12,7,1,18,1,0,1,3,1,0,1,0,"0000000",99,98,99,98,88,88,0,0,0,1,0
48,482469,1,1,0,0,0,2,2,439,364,24,9,2016,7,16,7,1,2,2,98,3,"SR-199 NORTHWEST PKWY","",1,32.89866944,-97.54308333,0,33,0,1,19,1,0,10,1,2,0,2,0,"0000000",16,18,16,23,17,4,0,0,0,1,0
48,482470,2,2,0,0,0,2,2,251,0,25,9,2016,1,8,6,0,1,4,98,3,"SR-174","",33,32.293625,-97.38980833,0,12,2,0,1,1,0,4,1,2,0,2,0,"0000000",99,99,99,99,99,99,0,0,0,1,0
48,482471,3,1,2,3,4,1,2,303,4140,25,9,2016,1,2,34,0,8,98,98,6,"ERSKINE ST","",0,33.60683889,-101.86988889,0,14,0,0,1,1,0,5,3,10,0,10,0,"0000000",2,38,2,45,3,2,14,15,0,1,0
48,482473,1,1,0,0,0,2,2,265,0,26,9,2016,2,7,30,0,1,4,98,2,"US-83","",127,30.14097222,-99.71996667,0,42,0,0,1,1,0,4,4,2,0,2,0,"0000000",7,58,8,37,9,43,0,0,0,1,0
48,482474,2,2,0,0,0,2,2,221,0,27,9,2016,3,6,25,0,2,4,98,8,"FM 51","",25,32.53921944,-97.779125,0,12,2,0,1,1,0,1,2,10,0,10,0,"0000000",6,35,7,0,8,32,0,0,0,1,0
48,482475,4,4,0,0,0,4,4,245,5430,27,9,2016,3,12,14,1,2,3,98,2,"US-69 MEMORIAL BLVD","39TH ST",177,29.91395556,-93.95026667,0,12,1,0,3,3,0,1,1,1,0,1,0,"0000000",99,99,99,99,99,99,0,0,0,1,0
48,482476,1,1,0,0,0,1,1,351,0,27,9,2016,3,18,40,0,1,5,98,3,"SR-87","",45,30.57671389,-93.78551944,0,59,0,0,1,1,0,4,5,1,0,1,0,"0000000",99,99,99,99,99,99,0,0,0,1,0
48,482477,3,3,0,0,0,4,4,139,2240,28,9,2016,4,16,31,0,2,4,98,8,"SS 437 CLAY ST","WACO ST",3,32.32147222,-96.63026667,0,12,6,0,2,3,0,1,1,1,0,1,0,"0000000",99,99,99,99,99,99,0,0,0,1,0
48,482478,3,3,0,0,0,3,3,85,4802,29,9,2016,5,13,23,0,2,4,98,8,"FM 544","MURPHY RD",63,33.01158333,-96.61199167,0,12,1,0,3,2,0,1,1,1,0,1,0,"0000000",13,24,13,26,13,46,14,0,0,1,0
48,482479,2,2,0,0,0,3,3,5,0,30,9,2016,6,17,6,1,1,3,98,3,"SR-103","",68,31.34444722,-94.607825,0,12,2,0,1,1,0,1,1,1,0,1,0,"0000000",99,99,99,99,99,99,0,0,0,1,0
48,482480,1,1,0,1,1,1,1,29,6090,30,9,2016,6,4,47,1,2,2,98,2,"US-281","",206,29.50848333,-98.47732778,0,8,0,1,18,1,1,1,3,1,0,1,0,"0000000",99,98,99,98,88,88,0,0,0,1,0
48,482481,2,2,0,0,0,4,4,71,0,30,9,2016,6,6,15,1,1,1,1,1,"I-10","",93,29.83566944,-94.55401667,0,12,1,0,1,1,0,1,2,1,0,1,0,"0000000",6,27,7,1,7,33,23,0,0,2,0
48,482482,2,2,0,0,0,2,2,143,0,30,9,2016,6,3,26,0,1,5,98,3,"SR-220","",94,32.03913611,-98.00693889,0,12,6,0,1,1,0,1,2,1,0,1,0,"0000000",99,98,99,98,88,88,0,0,0,1,0
48,482483,1,1,0,1,1,1,1,277,5220,30,9,2016,6,7,53,0,2,4,98,8,"BU 82H CLARKSVILLE ST","",87,33.66052778,-95.55088333,0,15,0,0,1,1,0,1,1,1,0,1,0,"0000000",7,58,8,24,8,51,0,0,0,1,0
48,482484,1,1,0,0,0,1,1,5,0,1,10,2016,7,14,13,0,1,5,98,8,"FM 326","",2,31.34509167,-94.63098333,0,1,0,0,1,1,0,1,1,10,0,10,0,"0000000",99,99,99,99,99,99,0,0,0,1,0
48,482485,1,1,0,1,1,3,3,29,6090,1,10,2016,7,19,59,0,8,98,98,6,"CULEBRA RD","GRISSOM GATE",0,29.47080556,-98.65128889,0,8,0,0,3,3,0,1,3,1,0,1,0,"0000000",99,99,99,99,88,88,0,0,0,1,0
48,482486,2,2,0,0,0,4,4,159,7560,1,10,2016,7,13,30,0,1,4,98,3,"SR-11 BROADWAY","",11,32.96415,-95.29974167,0,12,2,0,1,1,0,1,1,1,0,1,0,"0000000",99,99,99,99,99,99,0,0,0,3,0
48,482487,2,2,0,0,0,5,5,245,5430,1,10,2016,7,15,56,1,2,3,98,3,"SR-87 GULFWAY DR","SAN ANTONIO AVE",23,29.87741667,-93.94883056,0,12,6,0,2,2,0,1,1,1,0,1,0,"0000000",99,99,99,99,99,99,0,0,0,2,0
48,482488,3,3,0,0,0,4,4,439,2450,1,10,2016,7,19,38,0,8,98,98,6,"RIVERSIDE DR","",0,32.75881389,-97.30175833,0,12,2,0,1,1,0,1,3,1,0,1,0,"0000000",19,40,19,45,20,14,0,0,0,1,1
48,482489,2,2,0,0,0,2,2,61,3030,2,10,2016,1,15,15,0,8,98,98,6,"3RD ST","VAN BUREN AVE",0,26.191675,-97.69340556,0,12,6,0,2,2,0,1,1,1,0,1,0,"0000000",99,99,99,99,99,99,0,0,0,1,1
48,482490,1,1,0,0,0,2,2,113,1730,2,10,2016,1,7,9,0,8,98,98,6,"BELT LINE RD","",0,32.950075,-96.79846667,0,33,0,0,1,1,0,3,4,1,0,1,0,"0000000",99,99,99,99,99,99,0,0,0,1,1
48,482491,1,1,0,1,1,1,1,121,3960,2,10,2016,1,20,41,1,2,3,98,8,"BS121H","",108,33.02140556,-96.99304444,0,8,0,0,1,1,0,1,3,1,0,1,0,"0000000",20,41,20,47,21,1,0,0,0,1,0
48,482492,2,2,0,0,0,4,4,215,7330,2,10,2016,1,13,36,0,2,4,98,8,"FM1015 INTERNATIONAL BLVD","",95,26.1553,-97.95837222,0,5,0,0,1,1,0,1,1,1,0,1,0,"0000000",99,98,99,98,88,88,14,0,0,1,1
48,482493,2,2,0,0,0,4,4,245,490,2,10,2016,1,1,5,1,2,2,98,7,"US-69 CARDINAL DR","SS380 MARTIN LUTHER KING PKWY",68,30.0329,-94.062175,0,12,6,1,2,2,0,1,3,1,0,1,0,"0000000",1,7,1,15,1,42,0,0,0,3,0
48,482494,2,2,0,0,0,4,4,113,1190,4,10,2016,3,23,21,0,8,98,98,6,"TARPLEY RD","",0,32.9792,-96.8513,0,12,98,0,1,1,0,1,2,1,0,1,0,"0000000",99,99,99,99,99,99,0,0,0,1,0
48,482495,2,2,0,0,0,4,4,121,1190,4,10,2016,3,18,24,0,8,98,98,6,"HEBRON PKWY","FURNEAUX LN",0,33.02468889,-96.87878333,0,12,6,0,2,3,0,1,1,1,0,1,0,"0000000",18,30,18,36,19,3,0,0,0,1,0
48,482496,1,1,0,1,1,3,3,439,2450,4,10,2016,3,21,53,1,2,1,1,1,"I-20 RAMP","",13,32.67109167,-97.23893889,0,8,0,1,20,1,0,1,3,1,0,1,0,"0000000",99,98,99,98,88,88,0,0,0,1,0
48,482497,1,1,0,1,1,2,2,167,2570,28,9,2016,4,0,15,1,2,3,98,8,"FM3005 SAN LOUIS PASS RD","",36,29.24079167,-94.87623611,0,8,0,0,1,1,0,1,2,1,0,1,0,"0000000",99,98,99,98,88,88,0,0,0,1,0
48,482498,1,1,0,2,2,1,1,303,0,30,9,2016,6,4,30,1,1,3,98,2,"US-62","",411,33.667275,-101.58001111,0,8,0,0,1,1,0,1,2,10,0,10,0,"0000000",99,98,99,98,88,88,0,0,0,2,0
48,482499,1,1,0,0,0,4,4,487,0,1,10,2016,7,2,2,0,1,6,98,8,"FM924","CR-89N",25,34.28121667,-99.436475,0,1,0,0,3,4,0,4,2,1,0,1,0,"0000000",2,53,3,44,4,40,0,0,0,1,1
48,482500,1,1,0,1,1,1,1,257,0,2,10,2016,1,20,28,0,1,4,98,3,"SR-205","",26,32.78623889,-96.32106111,0,8,0,0,1,1,0,1,2,1,0,1,0,"0000000",99,98,99,98,88,88,0,0,0,1,0
48,482501,1,1,0,0,0,1,1,265,0,2,10,2016,1,10,50,0,1,4,98,3,"SR-16 MEDINA HWY","",139,29.91599167,-99.2483,0,42,0,0,1,1,0,4,1,10,0,10,0,"0000000",10,52,11,7,11,49,0,0,0,1,0
48,482502,2,2,0,0,0,2,2,201,0,5,10,2016,4,22,45,0,8,98,98,4,"CR-FRY RD","",0,29.81596111,-95.72058611,0,12,6,0,8,1,0,1,2,1,0,1,0,"0000000",99,99,99,99,99,99,0,0,0,1,1
48,482503,1,1,0,1,1,1,1,439,2450,7,10,2016,6,5,15,1,2,3,98,8,"BU287P MAIN ST","30TH ST",145,32.7993,-97.35032222,0,8,0,0,2,3,0,1,2,2,0,2,0,"0000000",99,98,99,98,88,88,0,0,0,1,0
48,482504,1,1,0,0,0,4,4,439,6200,10,7,2016,1,0,48,1,2,2,98,3,"SR-199 JACKSBORO HWY","",112,32.79795278,-97.40386944,0,43,0,0,1,1,0,3,2,1,0,1,0,"0000000",99,99,99,99,99,99,0,0,0,1,1
48,482505,2,2,0,0,0,5,5,141,2190,2,9,2016,6,19,9,0,8,98,98,6,"RESLER DR","NARDO GOODMAN DR",0,31.87518333,-106.56093611,0,12,6,0,2,2,0,1,3,1,0,1,0,"0000000",99,99,99,99,99,99,0,0,0,1,0
48,482506,2,2,0,0,0,5,5,113,2590,11,9,2016,1,2,25,1,2,1,1,1,"I-635 LBJ FWY","",9,32.87816667,-96.688,0,12,1,0,1,1,0,1,3,1,0,1,0,"0000000",99,99,99,99,99,99,0,0,0,2,0
48,482507,3,3,0,0,0,3,3,215,4197,11,9,2016,1,2,49,1,2,3,98,8,"SS105 23RD ST","DICKER RD",151,26.13234722,-98.25711667,0,12,1,0,3,3,0,1,3,1,0,1,0,"0000000",2,49,2,54,3,24,0,0,0,1,1
48,482508,1,1,0,0,0,3,3,61,0,19,9,2016,2,2,50,0,2,5,98,8,"FM510 SAN JOSE RANCH RD","",19,26.14098333,-97.592075,0,34,0,0,1,1,0,4,3,1,0,1,0,"0000000",99,99,99,99,99,99,0,0,0,1,0
48,482509,2,2,0,0,0,4,4,201,3280,22,9,2016,5,19,12,0,8,98,98,6,"GULFTON ST","WESTWARD ST",0,29.71630556,-95.49311389,0,12,6,0,2,2,0,1,1,1,0,1,0,"0000000",19,16,19,27,19,36,0,0,0,1,0
48,482510,1,1,0,0,0,1,1,113,3420,23,9,2016,6,23,7,1,2,2,98,3,"SR-190 PRES GEORGE BUSH TPKE","",91,32.90780833,-96.95306667,0,59,0,1,19,1,0,4,3,1,0,1,0,"0000000",23,9,23,17,23,31,0,0,0,1,1
48,482511,1,1,0,0,0,1,1,339,0,24,9,2016,7,1,15,0,8,98,98,4,"CR-JILL AND DALE AVE","",0,30.20478889,-95.1583,9,1,0,0,1,1,0,4,2,1,0,1,0,"0000000",99,98,99,98,88,88,0,0,0,1,1
48,482512,3,3,0,0,0,4,4,157,2545,27,9,2016,3,5,53,0,1,5,98,8,"FM 359/FM 1093","",121,29.69255,-95.87071944,0,12,2,0,1,1,0,1,4,1,0,1,0,"0000000",99,98,99,98,88,88,0,0,0,1,0
48,482513,2,2,0,0,0,2,2,439,2450,27,9,2016,3,3,25,1,2,2,98,3,"SR-360","",65,32.8301,-97.06101111,0,12,1,0,1,1,0,1,2,1,0,1,0,"0000000",3,25,3,33,4,27,0,0,0,1,0
48,482514,1,1,0,1,1,1,1,469,0,27,9,2016,3,6,50,0,1,4,98,3,"SR-185/SHEPLEY ST","CR-FIFTH ST",174,28.65054722,-96.89528889,0,8,0,0,2,2,0,1,2,1,0,1,0,"0000000",99,99,99,99,99,99,0,0,0,1,0
48,482515,2,2,0,0,0,3,3,181,0,28,9,2016,4,16,50,0,1,5,98,8,"FM 120","",128,33.77028889,-96.70633056,0,12,6,0,1,1,0,1,1,1,0,1,0,"0000000",17,12,17,35,18,12,0,0,0,2,1
48,482516,2,2,0,1,1,2,2,209,6170,28,9,2016,4,2,1,1,2,1,1,1,"I-35","",37,29.84011111,-97.97164722,0,12,1,0,1,1,0,1,2,1,0,1,0,"0000000",2,1,2,14,2,58,23,15,0,1,1
48,482517,2,2,0,0,0,2,2,317,0,28,9,2016,4,17,10,0,1,5,98,8,"FM 829","CR-3600",148,32.32096944,-101.93544167,0,12,6,0,2,2,0,1,1,1,0,1,0,"0000000",99,98,99,98,88,88,0,0,0,1,0
48,482518,2,2,0,0,0,3,3,453,330,28,9,2016,4,2,15,1,2,2,98,8,"SL 1/MOPAC EEXPY","",118,30.32064722,-97.75610278,0,12,1,0,1,1,1,1,2,1,0,1,0,"0000000",99,98,99,98,88,88,0,0,0,1,1
48,482519,1,1,0,1,1,2,2,29,6090,29,9,2016,5,16,23,0,8,98,98,6,"SAN PEDRO AVE","",0,29.5054,-98.49928889,0,8,0,0,8,1,0,11,1,1,0,1,0,"0000000",99,99,99,99,99,99,0,0,0,1,0
48,482520,2,2,0,1,1,2,2,113,1730,29,9,2016,5,15,46,0,8,98,98,6,"COMMERCE ST","CESAR CHAVEZ BLVD",0,32.78165,-96.79090833,0,12,6,0,2,2,1,1,1,1,0,1,0,"0000000",99,99,99,99,99,99,0,0,0,1,0
48,482521,1,1,0,0,0,3,3,157,0,29,9,2016,5,1,45,0,8,98,98,4,"CR-FOSTER SCHOOL RD","CR-WILLIAM SCHOOL RD",0,29.43966667,-95.83842778,0,30,0,0,3,2,0,4,2,1,0,1,0,"0000000",2,14,2,22,3,7,0,0,0,1,1
48,482522,2,2,0,0,0,3,3,223,6668,29,9,2016,5,9,17,0,2,4,98,3,"SR-11 POSEY LN","",123,33.10768611,-95.59495556,0,12,6,0,8,1,0,1,1,1,0,1,0,"0000000",9,18,9,20,9,50,0,0,0,1,0
48,482523,2,2,0,0,0,6,6,29,6090,30,9,2016,6,15,49,0,1,6,98,8,"FM1937","",119,29.28126667,-98.465475,0,12,2,0,1,1,0,1,1,1,0,1,0,"0000000",99,99,99,99,99,99,0,0,0,2,0
48,482524,1,1,0,1,1,1,1,113,1730,30,9,2016,6,23,3,0,8,98,98,6,"RED BIRD LN","SINGING HILLS DR",0,32.67485833,-96.80097778,0,15,0,0,2,2,0,1,3,1,0,1,0,"0000000",99,98,99,98,88,88,0,0,0,1,0
48,482525,1,1,0,2,2,1,1,121,6150,30,9,2016,6,13,55,0,8,98,98,6,"BOLIVAR ST","",0,33.36236389,-97.16922778,0,10,0,0,6,1,0,1,1,1,0,1,0,"020581E",14,12,14,32,15,1,0,0,0,1,0
48,482526,4,4,0,1,1,4,4,201,3280,30,9,2016,6,6,0,1,2,1,1,1,"I-45 NORTH FWY","",311,29.85685,-95.40096111,0,8,0,0,1,1,0,1,3,1,0,1,0,"0000000",99,98,99,98,88,88,0,0,0,1,0
48,482527,1,1,0,1,1,1,1,201,5230,30,9,2016,6,20,12,0,8,98,98,6,"PASADENA BLVD","",0,29.68211667,-95.17822222,0,8,0,0,1,1,0,1,6,1,0,1,0,"0000000",99,99,99,99,99,99,0,0,0,1,0
48,482528,1,1,0,0,0,1,1,231,0,30,9,2016,6,14,48,0,1,4,98,3,"SR-34","",45,32.92990833,-96.12082778,0,3,0,0,1,1,0,4,1,1,0,1,0,"0000000",14,49,15,12,15,42,0,0,0,1,0
48,482529,1,1,0,0,0,1,1,201,3280,1,10,2016,7,16,24,0,8,98,98,6,"11TH ST","",0,29.78952222,-95.42169167,0,42,0,0,1,1,0,3,1,10,0,10,0,"0000000",99,98,99,98,88,88,0,0,0,1,1
48,482530,4,4,0,0,0,4,4,239,0,1,10,2016,7,16,22,1,1,3,98,2,"US-59","",168,28.93449444,-96.73380556,0,12,2,0,1,1,0,1,1,1,0,1,0,"0000000",99,98,99,98,88,88,0,0,0,2,0
48,482531,1,1,0,0,0,1,1,167,1920,2,10,2016,1,8,0,0,8,98,98,6,"HUGHES RD","",0,29.44548056,-95.06352778,0,52,0,0,1,1,0,4,1,1,0,1,0,"0000000",99,98,99,98,88,88,0,0,0,1,1
48,482532,2,2,0,1,1,2,2,201,0,2,10,2016,1,22,0,0,8,98,98,4,"CR-WESTGARD BLVD","",0,29.82930833,-95.22058889,0,12,1,0,1,1,0,1,2,1,0,1,0,"0000000",99,99,99,99,99,99,0,0,0,1,0
48,482533,2,2,0,0,0,7,7,209,0,2,10,2016,1,20,0,0,2,5,98,8,"FM621 STAPLES RD","",25,29.840525,-97.910675,0,12,2,0,1,1,0,1,2,1,0,1,0,"0000000",20,19,20,24,22,5,0,0,0,1,0
48,482534,2,2,0,0,0,3,3,285,0,2,10,2016,1,18,8,0,1,4,98,2,"US-77","FM532",46,29.28943611,-96.96879722,0,12,6,0,2,2,0,1,1,1,0,1,0,"0000000",99,99,99,99,99,99,0,0,0,2,0
48,482536,1,1,0,0,0,1,1,453,330,2,10,2016,1,0,19,0,8,98,98,6,"CAMERON RD","",0,30.32984722,-97.68958056,0,42,0,0,1,1,0,3,3,1,0,1,0,"0000000",99,98,99,98,88,88,0,0,0,1,1
48,482537,1,1,0,2,2,2,2,215,4197,3,10,2016,2,21,52,0,8,98,98,6,"CONVENTION CENTER BLVD","HOUSTON AVE",0,26.19940556,-98.26015833,0,8,0,0,3,3,0,4,3,1,0,1,0,"0000000",21,51,21,53,22,8,0,0,0,1,1
48,482538,2,2,0,0,0,3,3,39,0,4,10,2016,3,12,13,1,2,2,98,3,"SR-288 RAMP","FM523",289,29.19750278,-95.45605556,0,12,6,1,2,2,0,1,1,10,0,10,0,"0000000",99,99,99,99,99,99,0,0,0,1,0
48,482539,2,2,0,0,0,5,5,221,0,4,10,2016,3,20,15,0,8,98,98,4,"CR-DAVIS RD","CR-GRAND HARBOR CT",0,32.42515278,-97.73439444,0,12,6,0,2,3,0,1,2,1,0,1,0,"0000000",20,18,20,26,20,50,0,0,0,1,0
48,482540,2,2,0,0,0,2,2,329,4560,4,10,2016,3,18,55,1,2,2,98,7,"SL250","",209,32.04356111,-102.08230833,0,12,7,0,1,1,0,1,1,1,0,1,0,"0000000",99,98,99,98,88,88,0,0,0,1,0
48,482541,1,1,0,0,0,1,1,397,5910,5,10,2016,4,7,0,1,1,1,1,1,"I-30","",59,32.91234167,-96.44655278,0,25,0,0,1,1,1,3,2,1,0,1,0,"0000000",99,98,99,98,88,88,0,0,0,1,1
48,482542,1,1,0,0,0,1,1,91,0,6,10,2016,5,7,26,0,2,4,98,8,"RM32","",128,29.93285,-98.16804444,0,1,0,0,1,1,0,4,1,1,0,1,0,"0000000",99,98,99,98,88,88,0,0,0,1,1
48,482543,1,1,0,0,0,1,1,115,0,6,10,2016,5,16,16,1,1,3,98,2,"US-87","",85,32.86117778,-101.88748611,0,1,0,0,1,1,0,4,1,1,0,1,0,"0000000",16,17,16,28,16,54,0,0,0,1,0
48,482544,1,1,0,1,1,1,1,309,7210,6,10,2016,5,21,53,0,8,98,98,6,"FRANKLIN AVE","32ND ST",0,31.53353889,-97.15627222,0,9,0,0,2,3,1,1,3,1,0,1,0,"0000000",99,99,99,99,99,99,0,0,0,1,0
48,482545,2,2,0,0,0,3,3,353,6720,6,10,2016,5,17,20,1,2,1,1,1,"I-20","",165,32.45257222,-100.39158056,0,12,7,0,5,1,0,1,1,10,0,10,0,"0000000",17,20,17,24,17,46,0,0,0,1,0
48,482546,1,1,0,0,0,4,4,381,0,6,10,2016,5,3,23,0,8,98,98,4,"CR-PETERSEN RD","CR-BELL ST",0,35.06656667,-101.90147778,0,32,0,0,3,3,0,4,2,1,0,1,0,"0000000",99,99,99,99,99,99,0,0,0,1,1
48,482547,2,2,0,0,0,2,2,29,6090,7,10,2016,6,21,9,1,2,1,1,7,"I-35","",357,29.54639722,-98.36841667,0,12,6,0,8,1,0,1,3,10,0,10,0,"0000000",99,98,99,98,88,88,0,0,0,1,1
48,482548,2,2,0,0,0,3,3,99,2610,7,10,2016,6,21,40,0,2,3,98,2,"US-84 MAIN ST","LOVERS LN",256,31.43470556,-97.72508056,0,12,6,1,2,2,0,1,3,1,0,1,0,"0000000",99,99,99,99,99,99,20,0,0,1,0
48,482549,1,1,0,0,0,1,1,321,0,7,10,2016,6,3,16,0,1,5,98,8,"FM2611","",22,28.89375278,-95.64160556,0,11,0,0,1,1,0,1,2,10,0,10,0,"0000000",99,98,99,98,88,88,0,0,0,1,0
48,482550,2,2,0,0,0,4,4,423,0,7,10,2016,6,6,0,0,1,5,98,8,"FM344","",70,32.14650833,-95.3761,0,12,2,0,1,1,0,1,2,1,0,1,0,"0000000",6,1,6,2,6,59,0,0,0,1,0
48,482551,2,2,0,0,0,4,4,83,0,8,10,2016,7,14,55,0,1,4,98,2,"US-283","",177,31.49905,-99.37469722,0,12,7,0,8,1,0,1,1,1,0,1,0,"0000000",99,99,99,99,88,88,0,0,0,1,0
48,482552,2,2,0,0,0,3,3,113,6001,8,10,2016,7,22,45,0,8,98,98,6,"PGB TURNPIKE","",0,32.89534167,-96.55619444,0,12,2,1,18,1,0,1,3,1,0,1,0,"0000000",99,98,99,98,88,88,0,0,0,2,2
48,482553,2,2,0,0,0,3,3,187,6290,8,10,2016,7,17,47,1,1,3,98,2,"US-90","FM 725",210,29.55493056,-98.02895556,0,12,6,0,2,2,0,1,1,1,0,1,0,"0000000",99,99,99,99,99,99,0,0,0,1,0
48,482554,1,1,0,1,1,1,1,375,150,8,10,2016,7,20,29,1,2,2,98,2,"US-60 AMARILLO BLVD","ROBERTS ST",8,35.22194444,-101.81628611,0,8,0,0,3,3,0,1,3,1,0,1,0,"0000000",20,29,20,29,20,58,0,0,0,1,0
48,482555,1,1,0,0,0,1,1,407,0,8,10,2016,7,11,39,0,1,5,98,8,"FM 224","",38,30.64280556,-95.14296111,0,44,0,0,1,1,0,1,1,1,0,1,0,"0000000",99,98,99,98,88,88,0,0,0,1,0
48,482556,1,1,0,1,1,1,1,361,0,9,10,2016,1,22,5,1,2,1,1,7,"I-10 LUTCHER DR","",223,30.12180833,-93.75001111,0,8,0,1,18,1,0,1,2,1,0,1,0,"0000000",99,98,99,98,88,88,0,0,0,1,0
48,482557,1,1,0,1,1,1,1,287,2640,10,10,2016,2,19,50,0,2,5,98,8,"FM 2440","CROCKETT",58,30.19131944,-96.944075,0,8,0,0,2,3,0,1,3,1,0,1,0,"0000000",99,98,99,98,88,88,0,0,0,1,0
48,482558,1,1,0,0,0,1,1,423,0,10,10,2016,2,10,9,0,8,98,98,4,"CR-384 OLD LONGVIEW RD","",0,32.40010556,-95.19833056,0,11,0,0,1,1,0,1,1,1,0,1,0,"0000000",99,98,99,98,88,88,0,0,0,1,0
48,482559,1,1,0,1,1,1,1,423,7070,10,10,2016,2,15,56,1,2,3,98,2,"US-271","OLD GLADEWATER HWY",101,32.38145278,-95.27879167,0,8,0,0,3,3,0,1,1,1,0,1,0,"0000000",99,98,99,98,88,88,0,0,0,1,0
48,482560,1,1,0,1,1,1,1,113,1730,11,10,2016,3,21,52,1,2,3,98,8,"SL 12 LEDBETTER DR","CORRIGAN DR",318,32.69281944,-96.77541944,0,8,0,0,1,1,0,1,3,10,0,10,0,"0000000",99,99,99,99,88,88,0,0,0,1,0
48,482561,3,3,0,0,0,3,3,227,0,15,8,2016,2,14,57,1,1,1,1,1,"I-20","",393,32.30183056,-101.25215278,0,12,8,0,1,1,0,1,1,1,0,1,0,"0000000",14,28,14,43,15,51,0,0,0,1,1
48,482562,2,2,0,0,0,2,2,201,3280,11,9,2016,1,2,38,1,2,1,1,7,"I-69/US-59","",120,29.70402778,-95.51403611,0,12,7,1,18,1,0,1,2,1,0,1,0,"0000000",99,98,99,98,88,88,0,0,0,1,1
48,482563,2,2,0,0,0,2,2,201,3280,12,9,2016,2,9,20,0,8,98,98,6,"ALGIERS RD","BURNSIDE",0,29.84536111,-95.54266389,0,12,6,0,2,2,0,1,1,10,0,10,0,"0000000",9,21,9,40,10,13,0,0,0,1,0