"STATE","ST_CASE","VE_TOTAL","VE_FORMS","PVH_INVL","PEDS","PERNOTMVIT","PERMVIT","PERSONS","COUNTY","CITY","DAY","MONTH","YEAR","DAY_WEEK","HOUR","MINUTE","NHS","RUR_URB","FUNC_SYS","RD_OWNER","ROUTE","TWAY_ID","TWAY_ID2","MILEPT","LATITUDE","LONGITUD","SP_JUR","HARM_EV","MAN_COLL","RELJCT1","RELJCT2","TYP_INT","WRK_ZONE","REL_ROAD","LGT_COND","WEATHER1","WEATHER2","WEATHER","SCH_BUS","RAIL","NOT_HOUR","NOT_MIN","ARR_HOUR","ARR_MIN","HOSP_HR","HOSP_MN","CF1","CF2","CF3","FATALS","DRUNK_DR"
48,482564,1,1,0,0,0,1,1,37,0,16,9,2016,6,2,0,0,1,5,98,2,"US-259","",218,33.38544722,-94.68011111,0,59,0,0,1,1,0,4,2,10,0,10,0,"0000000",99,98,99,98,88,88,0,0,0,1,1
48,482565,1,1,0,0,0,1,1,355,1550,22,9,2016,5,2,38,1,2,1,1,1,"I-37","",163,27.88642222,-97.62576667,0,52,0,0,1,1,0,10,2,1,0,1,0,"0000000",99,98,99,98,88,88,0,0,0,1,0
48,482566,1,1,0,0,0,1,1,37,0,26,9,2016,2,20,15,1,1,1,1,1,"I-30","",78,33.38465,-94.6022,0,21,0,1,19,1,0,10,2,1,0,1,0,"0000000",99,98,99,98,88,88,0,0,0,1,0
48,482567,1,1,0,0,0,1,1,29,6090,3,10,2016,2,13,45,0,8,98,98,6,"GROWDEN","",0,29.39875556,-98.567225,0,30,0,0,1,1,0,4,1,1,0,1,0,"0000000",99,99,99,99,88,88,0,0,0,1,0
48,482568,2,2,0,0,0,2,2,349,0,4,10,2016,3,14,23,0,1,4,98,3,"SR-14","",63,31.84849167,-96.44733889,0,12,8,0,1,1,0,1,1,1,0,1,0,"0000000",99,98,99,98,88,88,0,0,0,1,0
48,482569,1,1,0,0,0,1,1,201,0,6,10,2016,5,21,46,0,8,98,98,4,"CR-ANTOINE DR","",0,29.89548889,-95.48001667,0,42,0,0,1,1,0,3,2,1,0,1,0,"0000000",99,98,99,98,88,88,0,0,0,1,0
48,482570,2,1,1,0,3,1,4,201,3280,6,10,2016,5,23,54,1,2,1,1,1,"I-45 GULF FWY","",141,29.66641667,-95.26039444,0,14,0,0,1,1,0,2,3,1,0,1,0,"0000000",23,56,0,6,0,30,23,0,0,1,0
48,482571,4,4,0,0,0,6,6,267,0,6,10,2016,5,23,3,1,1,1,1,1,"I-10","",162,30.52228056,-99.87656111,0,12,1,0,1,1,0,1,2,1,0,1,0,"0000000",99,99,99,99,99,99,26,0,0,1,0
48,482572,1,1,0,0,0,1,1,289,0,6,10,2016,5,18,45,1,1,1,1,1,"I-45","",120,31.264,-95.988,0,1,0,0,1,1,0,1,5,1,0,1,0,"0000000",99,98,99,98,88,88,0,0,0,1,0
48,482573,1,1,0,0,0,2,2,313,0,6,10,2016,5,5,59,0,8,98,98,4,"CR-BATSON LOOP","",0,31.00408889,-96.10893056,0,34,0,0,1,1,0,4,2,1,0,1,0,"0000000",99,98,99,98,88,88,0,0,0,1,1
48,482574,4,4,0,0,0,11,11,29,6090,7,10,2016,6,15,27,0,8,98,98,6,"MARBACH RD","",0,29.41779444,-98.67218333,0,12,10,0,1,1,0,1,1,10,0,10,0,"0000000",99,99,99,99,88,88,0,0,0,1,0
48,482575,1,1,0,1,1,1,1,61,0,7,10,2016,6,22,45,1,1,3,98,3,"SR-100","",212,26.08113056,-97.25663889,0,8,0,0,1,1,0,1,3,10,0,10,0,"0000000",99,98,99,98,88,88,0,0,0,1,0
48,482576,2,2,0,0,0,3,3,203,4360,7,10,2016,6,19,50,0,2,4,98,3,"SR-154/VAN ZANDT ST","SL 390/ERNEST F SMITH PKWY",29,32.559625,-94.39557222,0,12,6,0,2,2,0,1,3,10,0,10,0,"0000000",20,1,20,7,20,21,0,0,0,2,0
48,482577,1,1,0,0,0,1,1,29,6090,8,10,2016,7,3,23,1,2,1,1,1,"I-10","",66,29.42878611,-98.41573333,0,24,0,0,1,1,0,4,3,1,0,1,0,"0000000",99,98,99,98,88,88,0,0,0,1,1
48,482578,1,1,0,0,0,2,2,491,0,8,10,2016,7,11,41,0,2,5,98,8,"FM 2243","",136,30.59533056,-97.80036111,0,42,0,0,1,1,0,4,9,99,0,99,0,"0000000",99,98,99,98,88,88,0,0,0,2,0
48,482579,2,2,0,0,0,2,2,201,3280,9,10,2016,1,23,5,0,8,98,98,6,"HAMILTON ST","",0,29.73419444,-95.37158611,0,23,0,1,19,1,0,4,2,1,0,1,0,"0000000",99,98,99,98,88,88,14,0,0,1,1
48,482580,2,2,0,0,0,2,2,27,6810,10,10,2016,2,13,49,1,2,1,1,1,"I-35","",216,31.09331944,-97.37779167,0,12,1,0,1,1,1,1,1,1,0,1,0,"0000000",99,98,99,98,88,88,0,0,0,1,0
48,482581,3,2,1,0,1,2,3,61,6110,10,10,2016,2,13,0,1,2,1,1,1,"I-69E","",102,26.14956111,-97.66706389,0,45,0,0,1,1,2,2,1,1,0,1,0,"0000000",99,99,99,99,99,99,0,0,0,1,0
48,482582,2,2,0,0,0,3,3,467,0,10,10,2016,2,23,5,0,8,98,98,4,"CR-4TH ST","",0,32.71573056,-96.00743889,0,53,0,0,1,1,0,4,2,10,0,10,0,"0000000",99,99,99,99,99,99,20,0,0,1,0
48,482583,1,1,0,1,1,1,1,29,6090,12,10,2016,4,20,43,0,8,98,98,6,"ZARZAMORA ST","",0,29.43318056,-98.52631667,0,8,0,0,1,1,0,1,3,1,0,1,0,"0000000",99,98,99,98,88,88,0,0,0,1,0
48,482584,1,1,0,1,1,2,2,201,0,12,10,2016,4,21,45,0,2,3,98,8,"FM 1960","",295,29.998775,-95.19293056,0,8,0,0,1,1,0,1,2,10,0,10,0,"0000000",99,98,99,98,88,88,0,0,0,1,0
48,482585,1,1,0,0,0,1,1,453,330,12,10,2016,4,23,53,0,8,98,98,6,"METROPOLIS DR","",0,30.20368889,-97.706825,0,24,0,0,1,1,0,4,3,1,0,1,0,"0000000",99,98,99,98,88,88,0,0,0,1,0
48,482586,1,1,0,0,0,1,1,139,7270,14,10,2016,6,11,25,1,2,1,1,7,"I-35","",279,32.474425,-96.83586944,0,21,0,0,1,1,1,5,1,10,0,10,0,"0000000",99,99,99,99,99,99,0,0,0,1,0
48,482587,1,1,0,0,0,1,1,141,2190,15,10,2016,7,10,42,1,2,1,1,1,"I-10","",249,31.78078889,-106.41630833,0,25,0,0,1,1,0,3,1,1,0,1,0,"0000000",10,43,10,52,11,3,0,0,0,1,1
48,482588,2,2,0,0,0,4,4,173,0,16,9,2016,6,23,45,0,1,5,98,8,"RR 33","",189,31.83026111,-101.47363056,0,12,6,0,1,1,0,1,2,10,0,10,0,"0000000",23,41,23,47,1,0,0,0,0,1,1
48,482589,2,2,0,0,0,3,3,355,1550,24,9,2016,7,16,54,0,8,98,98,6,"OCEAN DR","",0,27.77646111,-97.3934,0,12,2,0,1,1,1,1,1,1,0,1,0,"0000000",17,2,17,4,17,20,0,0,0,1,0
48,482590,2,1,1,2,2,1,1,139,0,3,10,2016,2,19,0,1,2,1,1,1,"I-35","",180,32.3413,-96.85583056,0,8,0,0,1,1,1,4,1,1,0,1,0,"0000000",99,99,99,99,99,99,0,0,0,2,0
48,482591,1,1,0,0,0,1,1,1,0,4,10,2016,3,8,58,1,1,3,98,2,"US-79","",88,31.78395556,-95.60828333,0,1,0,0,1,1,0,4,1,1,0,1,0,"0000000",99,98,99,98,88,88,0,0,0,1,1
48,482592,2,2,0,0,0,2,2,29,6090,12,10,2016,4,17,5,0,8,98,98,6,"BABCOCK RD","ROANOKE RUN RD",0,29.51415556,-98.59205278,0,12,6,0,2,3,0,1,1,1,0,1,0,"0000000",99,99,99,99,99,99,0,0,0,1,0
48,482593,1,1,0,1,1,1,1,113,1730,12,10,2016,4,19,23,1,2,3,98,8,"SL-12 GREAT TRINITY FOREST WAY","",210,32.71307222,-96.70039722,0,8,0,0,1,1,0,1,3,1,0,1,0,"0000000",99,99,99,99,99,99,0,0,0,1,0
48,482594,1,1,0,1,1,1,1,201,3280,13,10,2016,5,10,30,0,8,98,98,6,"SAN FELIPE ST","",0,29.74998056,-95.47710278,0,8,0,0,1,1,0,1,1,1,0,1,0,"0000000",10,35,10,49,11,16,0,0,0,1,0
48,482595,2,2,0,0,0,2,2,201,3280,15,10,2016,7,20,7,0,8,98,98,6,"COLLINGSWORTH","BROYLES",0,29.79346667,-95.32781111,0,12,6,0,3,2,0,1,3,1,0,1,0,"0000000",20,7,20,18,21,15,0,0,0,1,0
48,482596,2,2,0,0,0,3,3,365,1200,15,10,2016,7,0,55,1,2,3,98,2,"US-59","FORSYTHE ST",6,32.14793611,-94.32384444,0,12,6,0,2,2,0,1,3,1,0,1,0,"0000000",99,98,99,98,88,88,0,0,0,2,1
48,482597,1,1,0,0,0,2,2,439,2450,15,10,2016,7,0,23,1,2,1,1,1,"I-35W NORTH FWY","",40,32.94869722,-97.310575,0,43,0,0,1,1,0,4,2,10,0,10,0,"0000000",0,24,0,29,1,3,0,0,0,1,1
48,482598,1,1,0,0,0,1,1,201,3280,16,10,2016,1,22,20,0,8,98,98,6,"HARDY RD","",0,29.82756389,-95.35491667,0,21,0,0,1,1,0,4,2,1,0,1,0,"0000000",99,98,99,98,88,88,0,0,0,1,1
48,482599,1,1,0,0,0,1,1,355,0,16,10,2016,1,20,0,0,8,98,98,4,"CR-NAVIGATION BLVD","",0,27.82586944,-97.44807778,0,43,0,0,1,1,0,5,2,1,0,1,0,"0000000",19,55,20,4,20,23,0,0,0,1,0
48,482600,1,1,0,1,1,1,1,453,330,18,9,2016,1,21,55,0,8,98,98,6,"1ST ST","ST ELMO RD",0,30.22101111,-97.77291111,0,8,0,0,3,2,0,1,3,1,0,1,0,"0000000",99,98,99,98,88,88,0,0,0,1,0
48,482601,1,1,0,1,1,2,2,227,640,24,9,2016,7,9,44,1,2,3,98,2,"US-87 GREGG ST","19TH ST",235,32.2364,-101.47243611,0,8,0,0,3,3,0,1,1,1,0,1,0,"0000000",9,45,9,52,9,58,0,0,0,1,0
48,482602,2,2,0,0,0,2,2,453,0,3,10,2016,2,2,4,0,1,3,98,7,"US-183/SR-130","",558,30.06794167,-97.69296111,0,12,1,0,1,1,0,1,2,1,0,1,0,"0000000",99,98,99,98,88,88,0,0,0,1,1
48,482603,1,1,0,1,1,1,1,113,2590,6,10,2016,5,5,22,0,8,98,98,6,"PGB TURNPIKE TOLLWAY","",0,32.79076944,-97.01878056,0,8,0,1,18,1,0,1,2,1,0,1,0,"0000000",99,98,99,98,88,88,0,0,0,1,0
48,482604,2,2,0,0,0,2,2,245,5470,8,10,2016,7,18,32,1,2,3,98,8,"FM 366 MAGNOLIA AVE","10TH",38,29.98336667,-93.96769722,0,12,6,0,2,2,0,1,1,1,0,1,0,"0000000",99,99,99,99,99,99,0,0,0,1,0
48,482605,1,1,0,0,0,1,1,453,9997,9,10,2016,1,15,53,0,8,98,98,6,"ANDERSON MILL RD","",0,30.48883889,-97.85926389,0,33,0,0,1,1,0,3,1,1,0,1,0,"0000000",99,98,99,98,88,88,0,0,0,1,0
48,482606,1,1,0,1,1,1,1,37,3924,9,10,2016,1,20,28,0,1,5,98,8,"FM 1398 BARKMAN CREEK RD","",57,33.46904444,-94.22008611,0,8,0,0,1,1,0,1,2,1,0,1,0,"0000000",99,98,99,98,88,88,0,0,0,1,0
48,482607,1,1,0,0,0,3,3,5,0,10,10,2016,2,13,50,1,1,3,98,2,"US-59","",139,31.13789722,-94.80853333,0,43,0,0,1,1,0,3,1,1,0,1,0,"0000000",99,99,99,99,99,99,0,0,0,1,0
48,482608,2,2,0,0,0,2,2,37,0,10,10,2016,2,17,13,0,1,6,98,2,"US-259","FM 1701",69,33.51296944,-94.63805556,0,12,2,0,2,3,0,1,1,1,0,1,0,"0000000",99,99,99,99,99,99,0,0,0,1,0
48,482609,7,7,0,1,1,13,13,113,1730,10,10,2016,2,19,50,1,2,1,1,1,"I-35 E STEMMONS FWY","",169,32.783,-96.8117,0,8,0,0,1,1,0,1,3,1,0,1,0,"0000000",99,98,99,98,88,88,0,0,0,1,0
48,482610,2,1,1,0,0,4,4,113,1730,10,10,2016,2,18,52,0,8,98,98,6,"NORWICH ST","",0,32.78231667,-96.88254722,0,14,0,0,1,1,0,4,5,1,0,1,0,"0000000",99,99,99,99,99,99,0,0,0,3,0
48,482611,1,1,0,1,1,1,1,477,0,10,10,2016,2,15,15,0,8,98,98,4,"CR-801 BERLIN RD","",0,30.18096667,-96.44108889,0,8,0,0,1,1,0,1,1,1,0,1,0,"0000000",99,99,99,99,99,99,0,0,0,1,0
48,482612,1,1,0,1,1,2,2,361,0,11,10,2016,3,20,30,1,1,1,1,1,"I-10","",123,30.13063056,-93.91081111,0,8,0,1,20,1,1,1,2,1,0,1,0,"0000000",99,98,99,98,88,88,0,0,0,1,0
48,482613,3,3,0,0,0,6,6,29,6090,12,10,2016,4,11,27,1,2,1,1,1,"I-35","",168,29.35065556,-98.53361389,0,12,1,1,18,1,0,1,1,1,0,1,0,"0000000",99,99,99,99,99,99,14,23,0,1,0
48,482614,2,1,1,0,0,1,1,39,2490,13,10,2016,5,19,10,0,8,98,98,6,"R AVE","STRATTON",0,28.98038889,-95.36468611,0,33,0,0,1,1,0,4,5,1,0,1,0,"0000000",99,98,99,98,88,88,14,0,0,1,0
48,482615,3,3,0,0,0,4,4,441,0,13,10,2016,5,7,43,1,1,1,1,1,"I-20","",46,32.48289167,-100.09024722,0,57,0,0,1,1,0,3,4,10,0,10,0,"0000000",99,99,99,99,99,99,0,0,0,1,0
48,482616,1,1,0,0,0,3,3,201,3280,14,10,2016,6,1,16,1,2,1,1,1,"I-45 NORTH FWY","",354,29.91218889,-95.41268056,0,52,0,1,19,1,0,10,3,10,0,10,0,"0000000",1,15,1,19,1,47,0,0,0,1,0
48,482617,2,2,0,0,0,2,2,113,1730,15,10,2016,7,23,0,1,2,1,1,1,"I-20 LBJ FWY","",140,32.64236389,-96.82704444,0,12,7,1,18,1,0,1,3,1,0,1,0,"0000000",99,99,99,99,99,99,0,0,0,1,0
48,482618,1,1,0,0,0,1,1,113,1730,15,10,2016,7,6,10,9,9,99,98,3,"SR-356 IRVING BLVD","",99999,32.80821667,-96.89193611,0,52,0,0,1,1,0,3,3,1,0,1,0,"0000000",99,98,99,98,88,88,0,0,0,1,1
48,482619,1,1,0,0,0,2,2,201,3890,15,10,2016,7,21,5,1,2,2,98,3,"SR-146","",97,29.68783056,-95.03033333,0,20,0,1,19,1,0,3,3,1,0,1,0,"0000000",99,98,99,98,88,88,0,0,0,1,1
48,482620,1,1,0,0,0,2,2,207,0,15,10,2016,7,20,5,0,1,4,98,2,"US-380","",40,33.18822222,-99.92591944,0,11,0,0,1,1,0,1,2,1,0,1,0,"0000000",99,99,99,99,99,99,0,0,0,1,0
48,482621,2,2,0,0,0,3,3,245,490,15,10,2016,7,0,45,0,2,4,98,2,"US-90 COLLEGE ST","REYNOLDS RD",306,30.06527222,-94.20448056,0,12,6,0,2,3,0,1,2,1,0,1,0,"0000000",99,99,99,99,88,88,0,0,0,1,0
48,482622,2,2,0,0,0,3,3,113,1730,16,10,2016,1,3,9,1,2,2,98,8,"SL 12 WALTON WALKER BLVD","",128,32.73945833,-96.91940833,0,12,1,1,18,1,0,1,3,1,0,1,0,"0000000",99,99,99,99,99,99,0,0,0,1,1
48,482623,1,1,0,1,1,1,1,201,0,16,10,2016,1,3,39,1,2,3,98,8,"FM 1093 WESTHEIMER RD","",5,29.72765278,-95.65925278,0,8,0,0,1,1,0,1,2,1,0,1,0,"0000000",3,34,3,42,4,37,0,0,0,1,0
48,482624,1,1,0,0,0,1,1,399,0,16,10,2016,1,14,48,1,1,3,98,2,"US-83","",132,31.90355,-99.96335278,0,35,0,0,1,1,0,4,1,1,0,1,0,"0000000",99,98,99,98,88,88,0,0,0,1,0
48,482625,2,2,0,0,0,3,3,113,1730,17,10,2016,2,23,45,1,2,2,98,2,"US-75 CENTRAL EXPY","",143,32.79729444,-96.79271111,0,12,2,1,18,1,0,1,3,1,0,1,0,"0000000",99,99,99,99,99,99,0,0,0,2,1
48,482626,1,1,0,0,0,1,1,201,0,17,10,2016,2,0,10,1,2,2,98,3,"SR-249 TOMBALL PKWY","",196,29.90366667,-95.46813333,0,59,0,0,1,1,0,4,3,1,0,1,0,"0000000",99,98,99,98,88,88,0,0,0,1,1
48,482627,1,1,0,1,1,1,1,439,2450,28,7,2016,5,22,47,1,2,1,1,2,"US-820 LOOP","",68,32.76826944,-97.47611389,0,8,0,0,1,1,0,1,2,1,0,1,0,"0000000",22,52,23,4,23,25,0,0,0,1,0
48,482628,1,1,0,0,0,1,1,215,5183,6,8,2016,7,2,1,1,2,1,1,1,"I-2/HWY 83","",142,26.23329167,-98.37178333,0,33,0,1,19,1,0,10,3,1,0,1,0,"0000000",99,99,99,99,99,99,0,0,0,1,0
48,482629,1,1,0,0,0,1,1,201,3280,11,9,2016,1,4,30,1,2,1,1,1,"I-610 SOUTH LOOP","SR-288 SOUTH HWY",61,29.682075,-95.37896111,0,24,0,1,5,1,0,8,6,1,0,1,0,"0000000",4,33,4,48,5,5,0,0,0,1,0
48,482630,2,2,0,0,0,6,6,141,2190,29,9,2016,5,13,47,1,2,3,98,3,"SR-20 MESA","CAMILLE",139,31.83294722,-106.53703611,0,12,6,0,3,3,0,1,1,1,0,1,0,"0000000",99,99,99,99,99,99,0,0,0,1,0
48,482631,2,2,0,0,0,2,2,201,3280,2,10,2016,1,4,58,1,2,1,1,1,"I-69/US-59 SOUTHWEST FWY","",140,29.72484444,-95.49016111,0,26,0,0,1,1,0,4,3,1,0,1,0,"0000000",99,98,99,98,88,88,14,0,0,1,1
48,482632,1,1,0,0,0,1,1,181,0,8,10,2016,7,18,20,0,8,98,98,4,"CR-KEY RD","",0,33.56955833,-96.51539722,0,1,0,0,1,1,0,1,1,1,0,1,0,"0000000",99,99,99,99,99,99,0,0,0,1,1
48,482633,1,1,0,0,0,1,1,479,3899,9,10,2016,1,1,53,0,8,98,98,6,"CUATRO VIENTOS RD","",0,27.46991667,-99.448025,0,1,0,0,1,1,1,4,2,1,0,1,0,"0000000",99,98,99,98,88,88,0,0,0,1,1
48,482634,2,2,0,0,0,3,3,223,0,10,10,2016,2,6,43,1,1,3,98,3,"SR-19","",114,33.1895,-95.58823333,0,12,2,0,1,1,0,1,2,10,0,10,1,"0000000",6,46,6,55,7,9,0,0,0,2,0
48,482635,1,1,0,1,1,1,1,375,0,12,10,2016,4,1,45,1,2,3,98,8,"SL335 SONCY RD","",12,35.1943,-101.93771944,0,8,0,0,1,1,0,1,2,10,0,10,0,"0000000",99,98,99,98,88,88,0,0,0,1,0
48,482636,3,3,0,0,0,3,3,289,0,15,10,2016,7,10,55,0,1,4,98,3,"SR-75","",119,31.33730556,-95.99418056,0,12,2,0,1,1,0,1,1,1,0,1,0,"0000000",10,55,11,14,11,47,14,0,0,1,0
48,482637,3,3,0,0,0,7,7,27,570,17,10,2016,2,9,7,1,1,3,98,2,"US-190","",235,31.05566111,-97.53348333,0,12,1,0,1,1,0,1,1,1,0,1,0,"0000000",99,98,99,98,88,88,19,0,0,1,0
48,482638,1,1,0,1,1,1,1,245,490,17,10,2016,2,23,46,1,2,3,98,8,"SP380 MLK","",120,30.052475,-94.08051944,0,8,0,0,1,1,0,1,2,1,0,1,0,"0000000",99,99,99,99,99,99,0,0,0,1,0
48,482639,2,2,0,0,0,2,2,135,5030,4,9,2016,1,14,0,1,2,1,1,1,"I-20","",352,31.82947778,-102.35017778,0,12,7,0,1,1,0,1,1,1,0,1,0,"0000000",14,1,14,6,14,17,0,0,0,1,0
48,482640,2,2,0,0,0,2,2,135,5030,8,8,2016,2,19,26,0,8,98,98,6,"8TH ST","",0,31.85781944,-102.35841667,0,12,6,0,8,1,0,1,1,1,0,1,0,"0000000",19,27,19,30,19,41,0,0,0,1,0
48,482641,1,1,0,0,0,3,3,215,5183,17,8,2016,4,2,24,1,2,1,1,7,"I-2/PALMAVISTA DR","SHOWERS RD",117,26.23883056,-98.41119722,0,21,0,1,3,3,0,4,3,1,0,1,0,"0000000",99,99,99,99,99,99,20,0,0,1,1
48,482642,1,1,0,0,0,3,3,303,4140,30,8,2016,3,1,21,0,8,98,98,6,"28TH ST","",0,33.56913056,-101.86548889,0,5,0,0,1,1,0,1,2,10,0,10,0,"0000000",1,21,1,24,1,39,0,0,0,1,0
48,482643,1,1,0,0,0,1,1,285,0,25,9,2016,1,19,46,0,2,5,98,2,"US-77A","",197,29.40598889,-97.02621111,0,23,0,0,1,1,0,4,1,1,0,1,0,"0000000",99,98,99,98,88,88,0,0,0,1,0
48,482644,2,2,0,0,0,3,3,209,0,1,10,2016,7,21,17,1,1,3,98,2,"US-290","",144,30.19628056,-98.00486944,0,12,6,0,1,1,0,1,3,1,0,1,0,"0000000",99,99,99,99,99,99,0,0,0,1,0
48,482645,1,1,0,1,1,1,1,201,3280,3,10,2016,2,13,40,0,8,98,98,6,"GREENS RD","HARDY RD",0,29.95171111,-95.38476111,0,33,0,1,3,3,1,3,1,1,0,1,0,"0000000",99,98,99,98,88,88,0,0,0,1,0
48,482646,1,1,0,0,0,1,1,289,3939,3,10,2016,2,9,11,1,1,1,1,7,"I-45","",44,31.15138056,-95.98418056,0,35,0,0,1,1,0,4,1,1,0,1,0,"0000000",9,16,9,24,10,20,0,0,0,1,0
48,482647,1,1,0,0,0,1,1,339,1510,5,10,2016,4,21,10,1,2,1,1,1,"I-45RAMP","",118,30.27084722,-95.45628333,0,33,0,1,19,1,0,10,2,1,0,1,0,"0000000",99,99,99,99,99,99,0,0,0,1,0
48,482648,1,1,0,0,0,1,1,113,1730,7,10,2016,6,21,34,1,2,2,98,2,"US-75/NORTH CENTRAL EXPY RAMP","",145,32.79573889,-96.79284722,0,23,0,1,19,1,0,4,3,1,0,1,0,"0000000",99,99,99,99,99,99,0,0,0,1,1
48,482649,1,1,0,0,0,1,1,113,2310,7,10,2016,6,4,20,1,2,1,1,1,"I-35E","",284,32.921025,-96.899275,0,25,0,0,1,1,1,3,3,2,0,2,0,"0000000",4,20,4,30,5,0,0,0,0,1,0
48,482651,2,2,0,0,0,2,2,29,6090,9,10,2016,1,11,58,0,8,98,98,6,"NEW BRAUNFELS AVE","HAMMOND ST",0,29.39948056,-98.46123889,0,12,6,0,2,2,0,1,1,1,0,1,0,"0000000",99,99,99,99,99,99,0,0,0,1,0
48,482652,2,2,0,0,0,4,4,85,4230,9,10,2016,1,9,34,1,2,3,98,2,"US-380 UNIVERSITY DR","LAKE FOREST DR",71,33.21816389,-96.67943889,0,12,6,0,2,2,0,1,1,1,0,1,0,"0000000",9,34,9,39,9,52,0,0,0,1,0
48,482653,1,1,0,0,0,1,1,331,0,9,10,2016,1,13,35,1,1,3,98,2,"US-79","",66,30.78046944,-96.72808611,0,34,0,0,1,1,0,4,1,1,0,1,0,"0000000",99,98,99,98,88,88,0,0,0,1,0
48,482655,2,1,1,0,1,2,3,339,0,11,10,2016,3,2,45,0,1,5,98,8,"FM1485","",46,30.14725556,-95.13769722,0,14,0,0,1,1,0,4,2,1,0,1,0,"0000000",99,99,99,99,99,99,0,0,0,1,1
48,482656,1,1,0,0,0,1,1,39,0,12,10,2016,4,21,44,0,1,4,98,3,"SR-35","OLD FM524",562,29.08312222,-95.75106667,0,46,0,0,3,2,0,4,3,1,0,1,0,"0000000",99,99,99,99,99,99,0,0,0,1,0
48,482657,2,2,0,0,0,3,3,291,3980,12,10,2016,4,9,45,0,2,4,98,3,"SR-146 VETERANS MEMORIAL","SL227 MAIN ST",298,30.07907778,-94.77434167,0,12,11,0,2,2,0,1,1,1,0,1,0,"0000000",99,99,99,99,99,99,0,0,0,1,0
48,482658,2,2,0,0,0,6,6,39,0,14,10,2016,6,8,29,0,1,5,98,8,"FM2611","",86,28.96545278,-95.53828056,0,12,6,0,1,1,0,1,1,1,0,1,0,"0000000",8,29,8,44,9,56,0,0,0,1,0
48,482659,1,1,0,0,0,1,1,187,3698,15,10,2016,7,0,49,0,8,98,98,6,"PRAIRIE LEA RD","",0,29.65815556,-97.81763611,0,1,0,0,1,1,0,4,2,1,0,1,0,"0000000",99,98,99,98,88,88,0,0,0,1,0
48,482660,1,1,0,0,0,1,1,499,0,15,10,2016,7,23,43,0,1,4,98,3,"SR-11","",24,32.95343333,-95.26254167,0,1,0,0,1,1,0,4,2,1,0,1,0,"0000000",99,98,99,98,88,88,0,0,0,1,1
48,482661,1,1,0,1,1,1,1,113,1730,16,10,2016,1,20,31,0,8,98,98,6,"EWING6 AVE","",0,32.73522778,-96.81143889,0,8,0,0,1,1,0,1,3,1,0,1,0,"0000000",99,99,99,99,99,99,0,0,0,1,0
48,482663,2,2,0,0,0,2,2,15,0,17,10,2016,2,6,9,0,1,5,98,8,"FM3013","",72,29.68465833,-96.218825,0,12,6,0,8,1,0,1,2,1,0,1,0,"0000000",99,99,99,99,99,99,0,0,0,1,0
48,482664,2,2,0,0,0,2,2,117,0,17,10,2016,2,9,40,0,2,4,98,2,"US-385","",245,34.8418,-102.40531944,0,12,1,0,1,1,1,1,1,1,0,1,0,"0000000",99,99,99,99,99,99,0,0,0,1,0
48,482665,2,2,0,0,0,2,2,221,0,17,10,2016,2,8,55,0,1,5,98,3,"SR-144","FM2425",92,32.33237222,-97.75471667,0,12,6,0,2,2,0,1,1,1,0,1,0,"0000000",99,99,99,99,99,99,0,0,0,1,0
48,482666,1,1,0,1,1,1,1,113,1730,18,10,2016,3,9,0,0,8,98,98,6,"HAMPTON RD","DAVIS ST",0,32.74943333,-96.856675,0,8,0,0,2,2,0,1,1,1,0,1,0,"0000000",99,98,99,98,88,88,0,0,0,1,0
48,482667,1,1,0,0,0,1,1,181,0,18,10,2016,3,22,20,0,8,98,98,4,"CR-HACKBERRY RD","",0,33.43468889,-96.62316944,0,53,0,0,1,1,0,4,2,1,0,1,0,"0000000",99,98,99,98,88,88,0,0,0,1,1
48,482668,3,3,0,0,0,4,4,201,3280,18,10,2016,3,8,5,1,2,1,1,1,"I-610","",74,29.81276111,-95.35141667,0,12,1,1,18,1,0,1,1,1,0,1,0,"0000000",8,6,8,13,8,41,0,0,0,1,0
48,482669,2,2,0,0,0,3,3,241,0,18,10,2016,3,13,0,0,1,4,98,2,"US-190","",84,30.8851,-94.06781389,0,12,2,0,1,1,0,1,1,1,0,1,0,"0000000",99,99,99,99,99,99,0,0,0,1,0
48,482670,2,2,0,0,0,2,2,183,0,19,10,2016,4,1,22,1,1,1,1,1,"I-20","",93,32.43466389,-94.82280278,0,12,1,0,1,1,0,1,2,1,0,1,0,"0000000",99,98,99,98,88,88,0,0,0,1,0
48,482671,2,2,0,0,0,4,4,27,0,20,10,2016,5,7,35,0,8,98,98,4,"CR-OLD TX 95","",0,30.99580278,-97.3624,0,12,6,0,1,1,0,4,1,10,0,10,0,"0000000",7,38,7,53,8,23,0,0,0,1,0
48,482672,1,1,0,0,0,1,1,113,1730,20,10,2016,5,4,15,1,2,1,1,7,"I-635 LBJ FWY","",135,32.91021667,-96.88708056,0,18,0,0,5,1,0,8,3,1,0,1,0,"0000000",99,99,99,99,99,99,0,0,0,1,0