"STATE","ST_CASE","VE_TOTAL","VE_FORMS","PVH_INVL","PEDS","PERNOTMVIT","PERMVIT","PERSONS","COUNTY","CITY","DAY","MONTH","YEAR","DAY_WEEK","HOUR","MINUTE","NHS","RUR_URB","FUNC_SYS","RD_OWNER","ROUTE","TWAY_ID","TWAY_ID2","MILEPT","LATITUDE","LONGITUD","SP_JUR","HARM_EV","MAN_COLL","RELJCT1","RELJCT2","TYP_INT","WRK_ZONE","REL_ROAD","LGT_COND","WEATHER1","WEATHER2","WEATHER","SCH_BUS","RAIL","NOT_HOUR","NOT_MIN","ARR_HOUR","ARR_MIN","HOSP_HR","HOSP_MN","CF1","CF2","CF3","FATALS","DRUNK_DR"
48,482673,2,2,0,0,0,2,2,29,6090,21,10,2016,6,6,4,0,8,98,98,6,"GREEN MOUNTAIN RD","",0,29.60620556,-98.36798889,0,12,2,0,1,1,0,1,2,1,0,1,0,"0000000",99,99,99,99,99,99,0,0,0,1,0
48,482674,2,2,0,0,0,3,3,231,2860,21,10,2016,6,17,17,1,2,3,98,2,"US-69 JOE RAMSEY BLVD RAMP","",73,33.11149167,-96.08920833,0,12,6,0,8,1,0,1,1,1,0,1,0,"0000000",17,21,17,27,17,43,0,0,0,1,0
48,482675,1,1,0,1,1,2,2,245,490,21,10,2016,6,6,14,1,2,3,98,2,"US-90 COLLEGE ST","",6,30.06752778,-94.1799,0,9,0,0,1,1,0,1,2,1,0,1,0,"0000000",99,99,99,99,99,99,0,0,0,1,0
48,482676,3,3,0,0,0,3,3,325,0,21,10,2016,6,4,50,0,1,4,98,3,"SR-16","",14,29.661925,-98.82367778,0,12,2,0,1,1,0,1,2,1,0,1,0,"0000000",99,99,99,99,99,99,0,0,0,1,1
48,482677,1,1,0,0,0,1,1,419,0,21,10,2016,6,14,11,0,1,4,98,3,"SR-87","",214,31.77967778,-94.10761111,0,53,0,0,1,1,0,4,1,1,0,1,0,"0000000",99,99,99,99,99,99,0,0,0,1,0
48,482678,1,1,0,0,0,1,1,491,5990,21,10,2016,6,13,46,1,2,1,1,1,"I-35","",62,30.57331667,-97.69298056,0,52,0,0,1,1,0,4,1,1,0,1,0,"0000000",99,98,99,98,88,88,0,0,0,1,0
48,482679,3,2,1,1,2,2,3,113,3420,22,10,2016,7,10,32,1,2,1,1,1,"I-635 LBJ FWY","",27,32.91027222,-96.93456667,0,14,0,0,5,1,0,8,1,1,0,1,0,"0000000",11,4,11,9,11,33,15,0,0,1,1
48,482680,1,1,0,0,0,2,2,183,0,22,10,2016,7,9,7,0,1,4,98,2,"US-259","",71,32.61443611,-94.75715556,0,1,0,0,1,1,0,1,1,1,0,1,0,"0000000",9,7,9,18,9,33,0,0,0,1,0
48,482681,1,1,0,0,0,1,1,439,2450,22,10,2016,7,2,58,1,2,1,1,1,"I-35/SOUTH FREEWAYRAMP","",12,32.66433056,-97.31811111,0,33,0,1,19,1,0,4,2,1,0,1,0,"0000000",3,1,3,9,88,88,0,0,0,1,1
48,482682,2,2,0,0,0,2,2,453,330,22,10,2016,7,12,24,0,8,98,98,6,"PECAN BROOKS","",0,30.31728056,-97.65876667,0,12,2,0,1,1,0,1,1,1,0,1,0,"0000000",12,24,12,33,12,59,0,0,0,1,0
48,482683,1,1,0,0,0,1,1,91,0,23,10,2016,1,8,22,0,2,4,98,8,"FM 2722","",23,29.78391944,-98.22101944,0,38,0,0,1,1,0,5,2,10,0,10,0,"0000000",99,98,99,98,88,88,0,0,0,1,1
48,482684,1,1,0,0,0,2,2,339,0,23,10,2016,1,16,35,0,1,5,98,8,"FM 149","",56,30.53405,-95.73903889,0,32,0,0,1,1,1,4,1,10,0,10,0,"0000000",99,99,99,99,99,99,0,0,0,1,0
48,482685,1,1,0,0,0,2,2,381,150,23,10,2016,1,5,51,0,8,98,98,6,"GEORGIA ST","",0,35.18015,-101.86614722,0,38,0,0,1,1,0,5,3,1,0,1,0,"0000000",5,55,6,1,6,30,0,0,0,1,0
48,482686,1,1,0,0,0,1,1,497,0,23,10,2016,1,6,6,0,8,98,98,4,"CR-4925","",0,32.99281389,-97.41554722,0,1,0,0,1,1,0,4,2,1,0,1,0,"0000000",99,98,99,98,88,88,0,0,0,1,1
48,482687,2,2,0,0,0,5,5,27,3690,24,10,2016,2,17,54,0,8,98,98,6,"STAGECOACH RD","",0,31.05443611,-97.6993,0,1,0,0,8,1,0,1,1,10,0,10,0,"0000000",17,55,17,59,18,16,0,0,0,1,0
48,482688,1,1,0,0,0,1,1,41,970,24,10,2016,2,16,0,1,2,2,98,2,"US-190/EARL RUDDER FWY","",222,30.71816667,-96.38460833,0,21,0,0,1,1,0,3,1,1,0,1,0,"0000000",99,99,99,99,99,99,0,0,0,1,0
48,482689,2,2,0,0,0,3,3,439,2450,24,10,2016,2,11,27,1,2,3,98,3,"SR-183/28TH ST","CHESTNUT AVE",79,32.79513056,-97.33876111,0,12,6,0,2,2,0,1,1,1,0,1,0,"0000000",11,28,11,43,12,15,0,0,0,1,0
48,482690,2,2,0,0,0,3,3,5,4160,25,10,2016,3,11,28,1,2,3,98,2,"US-69/ELLEN TROUT DR","MARTIN LUTHER KING DR",90,31.37079722,-94.72453611,0,12,6,0,2,2,0,1,1,1,0,1,0,"0000000",99,99,99,99,99,99,0,0,0,1,0
48,482691,1,1,0,1,1,2,2,201,0,26,10,2016,4,6,55,0,8,98,98,4,"CR-ALDINE MAIL RD","",0,29.90248889,-95.32878056,0,8,0,0,1,1,0,1,2,1,0,1,0,"0000000",99,99,99,99,88,88,0,0,0,1,0
48,482692,2,2,0,1,1,2,2,423,7070,26,10,2016,4,19,55,1,2,3,98,3,"SR-64/ERWIN ST","",78,32.35350278,-95.34434167,0,8,0,0,1,1,0,1,3,1,0,1,0,"0000000",99,99,99,99,99,99,0,0,0,1,0
48,482693,1,1,0,1,1,1,1,201,3280,17,8,2016,4,6,19,1,2,2,98,7,"US-59/CHARTRES ST","RUNNELS ST",35,29.761425,-95.34943611,0,8,0,1,3,2,0,1,3,10,0,10,0,"0000000",99,99,99,99,99,99,0,0,0,1,0
48,482694,2,2,0,0,0,5,5,365,0,26,9,2016,2,7,2,1,1,3,98,2,"US-59","",33,32.27668056,-94.35028889,0,12,1,0,1,1,0,1,4,1,0,1,0,"0000000",7,6,7,20,8,4,23,0,0,1,0
48,482695,2,2,0,0,0,10,10,121,5350,27,9,2016,3,19,22,0,8,98,98,6,"CAROL ST","ANNA ST",0,33.40405,-96.95381667,0,12,6,0,2,2,0,1,1,1,0,1,0,"0000000",19,11,19,23,20,1,0,0,0,1,0
48,482696,1,1,0,1,1,1,1,355,1550,29,9,2016,5,20,7,1,2,2,98,7,"SR-358/PADRE ISLAND DR","",84,27.71821667,-97.39096667,0,8,0,0,1,1,0,1,3,1,0,1,0,"0000000",99,99,99,99,99,99,0,0,0,1,0
48,482697,2,2,0,1,1,4,4,113,1730,2,10,2016,1,19,25,0,8,98,98,6,"ASH LN","FITZHUGH AVE",0,32.79179444,-96.7598,0,12,6,0,2,2,0,1,5,1,0,1,0,"0000000",99,99,99,99,99,99,0,0,0,1,0
48,482698,1,1,0,1,1,1,1,121,4007,5,10,2016,4,14,11,1,2,3,98,2,"US-380/UNIVERSITY DR","",282,33.21974444,-96.91044444,0,8,0,0,1,1,1,1,1,1,0,1,0,"0000000",99,99,99,99,99,99,0,0,0,1,0
48,482699,1,1,0,0,0,1,1,91,0,9,10,2016,1,7,1,1,2,3,98,8,"FM 306","",27,29.87356944,-98.18833056,0,11,0,0,1,1,0,1,4,1,0,1,0,"0000000",7,3,7,5,7,20,0,0,0,1,0
48,482700,2,2,0,0,0,2,2,121,4960,9,10,2016,1,2,56,1,2,1,1,7,"I-35","SR-114",30,33.02633889,-97.27281667,0,12,6,1,2,2,0,1,2,1,0,1,0,"0000000",99,98,99,98,88,88,0,0,0,1,1
48,482701,1,1,0,0,0,1,1,239,0,9,10,2016,1,20,38,0,1,6,98,8,"FM822","",148,29.03560278,-96.70473056,0,53,0,0,1,1,0,4,2,1,0,1,0,"0000000",99,99,99,99,99,99,0,0,0,1,1
48,482702,3,3,0,0,0,8,8,141,9997,14,10,2016,6,20,29,0,2,4,98,8,"FM258 SICIRRI RD","",25,31.65939722,-106.30453611,0,12,6,0,1,1,0,1,3,10,0,10,0,"0000000",21,5,21,8,21,23,0,0,0,1,1
48,482703,1,1,0,0,0,1,1,201,3280,14,10,2016,6,4,19,1,2,1,1,1,"I-45 RAMP GULF FWY","",225,29.74511944,-95.36320278,0,25,0,1,19,1,0,4,2,1,0,1,0,"0000000",99,98,99,98,88,88,0,0,0,1,1
48,482704,1,1,0,1,1,2,2,277,5220,14,10,2016,6,18,12,0,8,98,98,6,"LAMAR AVE","",0,33.66403056,-95.50639722,0,8,0,0,1,1,0,1,1,10,0,10,0,"0000000",18,13,18,43,19,40,0,0,0,1,0
48,482705,1,1,0,0,0,1,1,329,0,15,10,2016,7,19,17,0,8,98,98,4,"CR-RICE RD","",0,32.01618611,-102.28457222,0,1,0,0,1,1,0,4,1,1,0,1,0,"0000000",19,9,19,32,20,35,0,0,0,1,1
48,482706,2,2,0,0,0,2,2,39,0,16,10,2016,1,0,33,0,1,5,98,8,"FM2917","",21,29.31987222,-95.25631389,0,12,1,0,1,1,0,1,2,1,0,1,0,"0000000",99,99,99,99,99,99,23,0,0,1,1
48,482707,1,1,0,0,0,6,6,217,0,16,10,2016,1,17,53,1,1,1,1,1,"I-35W","",241,32.18191667,-97.13688056,0,1,0,0,1,1,0,4,1,1,0,1,0,"0000000",18,1,18,27,18,54,0,0,0,1,0
48,482708,2,2,0,0,0,2,2,41,970,17,10,2016,2,19,54,1,2,2,98,7,"US-190/SR-6 EARL RUDDER FWY","",234,30.7094,-96.37419167,0,12,6,1,20,1,0,1,3,1,0,1,0,"0000000",99,99,99,99,99,99,0,0,0,1,1
48,482709,2,2,0,0,0,2,2,105,0,17,10,2016,2,21,11,1,1,1,1,1,"I-10","",109,30.7385,-101.65473889,0,12,1,0,1,1,0,1,2,1,0,1,0,"0000000",99,98,99,98,88,88,0,0,0,1,0
48,482710,1,1,0,0,0,1,1,201,3280,17,10,2016,2,2,39,0,8,98,98,6,"ALMEDA GENOA RD","",0,29.61396667,-95.38355278,0,1,0,0,1,1,0,4,2,1,0,1,0,"0000000",99,98,99,98,88,88,0,0,0,1,1
48,482711,1,1,0,0,0,1,1,39,0,18,10,2016,3,5,44,1,1,3,98,3,"SR-288","",262,29.23706944,-95.45437222,0,42,0,0,1,1,0,4,2,10,0,10,0,"0000000",99,99,99,99,99,99,0,0,0,1,0
48,482712,1,1,0,1,1,1,1,201,3280,18,10,2016,3,20,0,1,2,3,98,8,"FM521 ALMEDA RD","",72,29.61400278,-95.419425,0,8,0,0,1,1,0,1,3,1,0,1,0,"0000000",99,98,99,98,88,88,0,0,0,1,0
48,482713,2,2,0,0,0,3,3,157,253,18,10,2016,3,13,38,1,1,3,98,8,"FM521","",41,29.48391944,-95.47056667,0,12,2,0,1,1,0,1,1,1,0,1,0,"0000000",13,51,14,8,14,20,0,0,0,1,0
48,482714,1,1,0,0,0,2,2,457,0,18,10,2016,3,5,50,1,1,3,98,2,"US-69","",19,30.6459,-94.39959444,0,34,0,0,1,1,0,4,2,5,0,5,0,"0000000",5,48,6,0,6,34,0,0,0,1,0
48,482715,1,1,0,0,0,1,1,113,1730,19,10,2016,4,21,0,1,2,2,98,7,"US-175 CF HAWN FWY","",19,32.74390278,-96.72691944,0,42,0,1,19,1,0,4,3,99,0,99,0,"0000000",99,98,99,98,88,88,0,0,0,1,1
48,482716,1,1,0,0,0,1,1,215,0,19,10,2016,4,21,5,0,2,5,98,8,"FM1423 VAL VERDE RD","",14,26.27601389,-98.07035556,0,30,0,0,1,1,0,4,3,1,0,1,0,"0000000",21,7,21,24,99,99,0,0,0,1,0
48,482717,1,1,0,0,0,1,1,453,330,19,10,2016,4,2,23,1,2,1,1,1,"I-35","",152,30.231875,-97.74245,0,24,0,0,1,1,0,4,3,1,0,1,0,"0000000",99,98,99,98,88,88,0,0,0,1,0
48,482718,2,2,0,0,0,3,3,111,0,20,10,2016,5,6,29,1,1,3,98,2,"US-54","",12,36.14293056,-102.39303889,0,12,2,0,1,1,0,1,2,1,0,1,0,"0000000",99,98,99,98,88,88,0,0,0,1,0
48,482719,1,1,0,0,0,4,4,183,3680,20,10,2016,5,7,5,1,2,3,98,2,"US-259 CHARLES DUVALL PKWY","",22,32.41034722,-94.83393333,0,1,0,0,1,1,0,1,4,10,0,10,0,"0000000",99,99,99,99,99,99,0,0,0,1,0
48,482720,2,2,0,1,1,2,2,201,3280,20,10,2016,5,23,35,1,2,1,1,1,"I-45 NORTH FWY","",255,29.77922222,-95.36819722,0,8,0,1,18,1,0,1,3,1,0,1,0,"0000000",99,98,99,98,88,88,0,0,0,1,0
48,482721,1,1,0,2,2,4,4,215,4197,20,10,2016,5,7,48,0,8,98,98,6,"BICENTENNIAL BLVD","WHITEWING AVE",0,26.22902222,-98.23537778,0,8,0,0,3,3,0,11,1,1,0,1,0,"0000000",7,44,7,46,8,7,0,0,0,1,0
48,482722,1,1,0,0,0,1,1,439,260,20,10,2016,5,5,20,1,2,1,1,1,"I-20","US-287",25,32.67113889,-97.20858889,0,1,0,1,5,1,0,4,2,10,0,10,0,"0000000",5,20,5,27,5,49,0,0,0,1,0
48,482723,2,2,0,0,0,2,2,459,0,20,10,2016,5,8,26,1,1,3,98,2,"US-271","",51,32.84216111,-94.95173333,0,12,6,0,1,1,0,1,1,2,0,2,0,"0000000",8,31,8,39,9,38,0,0,0,1,0
48,482724,2,2,0,0,0,5,5,5,4160,21,10,2016,6,19,51,1,2,3,98,2,"US-69 ELLEN TROUTH DR","MARTIN LUTHER KING BLVD",90,31.37081111,-94.72454444,0,12,6,0,2,2,0,1,3,1,0,1,0,"0000000",99,99,99,99,99,99,0,0,0,1,1
48,482726,1,1,0,0,0,2,2,231,0,21,10,2016,6,17,30,0,8,98,98,4,"CR-2246","",0,33.00039722,-96.12523333,0,1,0,0,1,1,0,1,1,1,0,1,0,"0000000",99,99,99,99,99,99,0,0,0,1,0
48,482727,2,2,0,0,0,3,3,309,0,21,10,2016,6,15,16,0,1,5,98,8,"FM 107","",38,31.29696667,-97.30011111,0,12,6,0,1,1,0,1,1,1,0,1,0,"0000000",99,99,99,99,99,99,0,0,0,3,0
48,482728,1,1,0,1,1,1,1,355,0,21,10,2016,6,1,45,1,1,1,1,1,"I-69 E / US-77","",3,27.83403333,-97.63403611,0,8,0,0,1,1,0,1,3,1,0,1,0,"0000000",99,98,99,98,88,88,0,0,0,1,0
48,482729,1,1,0,0,0,2,2,367,9997,21,10,2016,6,11,5,1,1,1,1,1,"I-20","",253,32.75495833,-97.69790556,0,1,0,1,18,1,0,1,1,1,0,1,0,"0000000",99,99,99,99,99,99,0,0,0,1,0
48,482730,3,3,0,0,0,8,8,399,0,21,10,2016,6,20,6,1,1,3,98,2,"US-83","",190,31.81620278,-99.93605,0,12,8,0,1,1,0,1,2,1,0,1,0,"0000000",20,23,20,46,21,25,0,0,0,1,0
48,482731,4,4,0,0,0,7,7,477,1287,21,10,2016,6,17,25,1,1,3,98,2,"US-290","FM 1155",264,30.13516944,-96.25710833,0,12,6,0,2,2,0,1,1,1,0,1,0,"0000000",17,27,17,37,18,28,0,0,0,1,0
48,482732,1,1,0,0,0,2,2,51,1070,22,10,2016,7,8,45,1,1,3,98,3,"SR-21 PRESIDENTIAL CORRIDOR","CR-300",127,30.54538056,-96.68486944,0,46,0,0,3,3,0,3,1,1,0,1,0,"0000000",8,43,8,49,9,39,0,0,0,1,0
48,482733,2,2,0,1,1,3,3,113,1730,22,10,2016,7,2,44,1,2,2,98,3,"SR-183 JOHN W. CARPENTER FWY","",103,32.82263333,-96.8785,0,8,0,0,1,1,0,1,3,1,0,1,0,"0000000",99,99,99,99,88,88,0,0,0,1,0
48,482734,2,2,0,0,0,1,1,167,3850,22,10,2016,7,0,8,1,2,1,1,1,"I-45","",15,29.34181111,-94.94746111,0,12,1,0,1,1,0,1,2,1,0,1,0,"0000000",99,98,99,98,88,88,19,0,0,1,1
48,482735,2,2,0,0,0,2,2,199,0,22,10,2016,7,14,17,1,1,3,98,2,"US-69","",33,30.335275,-94.2711,0,12,2,0,1,1,0,1,1,1,0,1,0,"0000000",99,98,99,98,88,88,0,0,0,2,0
48,482736,1,1,0,1,1,1,1,201,0,22,10,2016,7,5,5,1,2,2,98,3,"SR-249 MOUNT HOUSTON RD","",224,29.89803611,-95.424975,0,8,0,0,1,1,0,1,2,1,0,1,0,"0000000",99,98,99,98,88,88,0,0,0,1,0
48,482737,2,2,0,0,0,3,3,201,0,22,10,2016,7,0,34,0,8,98,98,4,"CR-KUYKENDAHL RD","",0,30.01464722,-95.469275,0,12,2,0,1,1,0,1,2,1,0,1,0,"0000000",0,30,0,37,1,15,0,0,0,1,1
48,482738,1,1,0,1,1,1,1,201,3280,22,10,2016,7,22,50,1,2,1,1,1,"I-45 NORTH FWY","",262,29.78899444,-95.37153333,0,8,0,1,18,1,0,1,2,1,0,1,0,"0000000",99,98,99,98,88,88,0,0,0,1,0
48,482739,2,2,0,0,0,2,2,201,3280,22,10,2016,7,18,43,0,8,98,98,6,"JENSEN DR","VAUGHN ST",0,29.82651389,-95.34263333,0,12,6,0,2,3,0,1,5,1,0,1,0,"0000000",18,44,18,48,19,10,0,0,0,1,0
48,482740,2,1,1,0,1,1,2,29,0,23,10,2016,1,2,21,1,1,1,1,1,"I-37","",77,29.21005278,-98.41555556,0,14,0,0,1,1,0,2,2,1,0,1,0,"0000000",99,98,99,98,88,88,0,0,0,1,0
48,482741,1,1,0,0,0,1,1,113,5730,23,10,2016,1,0,1,0,8,98,98,6,"CENTENNIAL BLVD","",0,32.93138889,-96.70553611,0,33,0,0,1,1,0,3,3,1,0,1,0,"0000000",99,98,99,98,88,88,0,0,0,1,0
48,482742,2,2,0,0,0,8,8,61,940,24,10,2016,2,2,21,1,2,3,98,8,"FM 3248 ALTON GLOOR BLVD","",58,25.98033611,-97.49134167,0,5,0,0,1,1,0,1,2,1,0,1,0,"0000000",99,98,99,98,88,88,14,0,0,1,0
48,482743,2,2,0,0,0,2,2,89,0,24,10,2016,2,7,40,1,1,4,98,3,"SR-71","",83,29.75025,-96.60365556,0,12,2,0,1,1,0,1,1,1,0,1,0,"0000000",7,47,8,8,8,52,0,0,0,1,0
48,482744,1,1,0,1,1,3,3,201,0,24,10,2016,2,19,35,0,8,98,98,4,"CR-ALDINE MAIL RD","NORTHWOOD FOREST DR",0,29.90285556,-95.31713889,0,8,0,0,2,3,0,1,2,1,0,1,0,"0000000",99,99,99,99,99,99,0,0,0,1,0
48,482745,3,3,0,0,0,3,3,201,3280,24,10,2016,2,5,30,1,2,1,1,1,"I-45 GULF FWY","",158,29.68626667,-95.27822778,0,12,1,0,1,1,0,1,3,1,0,1,0,"0000000",99,98,99,98,88,88,0,0,0,1,0
48,482746,2,2,0,0,0,2,2,201,3320,24,10,2016,2,16,36,1,2,1,1,7,"I-59","FM 1960",14,30.00522778,-95.26840833,0,12,7,1,3,2,0,1,1,1,0,1,0,"0000000",99,98,99,98,88,88,0,0,0,1,0
48,482747,2,2,0,0,0,3,3,257,6830,24,10,2016,2,9,39,1,2,1,1,1,"I-20","",72,32.69636111,-96.25639167,0,1,0,0,1,1,0,3,1,1,0,1,0,"0000000",99,98,99,98,88,88,0,0,0,3,0
48,482748,2,2,0,0,0,2,2,439,2450,24,10,2016,2,16,40,1,2,1,1,1,"I-35 NORTH FWY","",65,32.98441111,-97.30408611,0,12,1,0,1,1,0,1,1,1,0,1,0,"0000000",16,41,16,52,17,40,27,0,0,1,0
48,482749,1,1,0,1,1,2,2,479,3899,24,10,2016,2,19,23,0,8,98,98,6,"SPRINGFIELD AVE","",0,27.52850278,-99.49273333,0,8,0,0,1,1,0,1,2,1,0,1,0,"0000000",99,98,99,98,88,88,0,0,0,1,0
48,482750,1,1,0,0,0,1,1,47,0,25,10,2016,3,16,19,1,1,3,98,2,"US-281","",161,27.03007222,-98.13979167,0,1,0,0,1,1,0,3,1,1,0,1,0,"0000000",16,26,16,58,17,50,0,0,0,1,0
48,482751,1,1,0,0,0,1,1,241,0,25,10,2016,3,18,56,0,1,5,98,8,"FM1005","",37,30.78551389,-93.99388333,0,32,0,0,1,1,0,4,2,1,0,1,0,"0000000",99,98,99,98,88,88,0,0,0,1,0
48,482752,1,1,0,1,1,1,1,29,6090,26,10,2016,4,23,49,1,2,3,98,8,"FM1502 WURZBACH PKWY","",333,29.53461389,-98.4027,0,8,0,0,1,1,0,1,3,1,0,1,0,"0000000",99,99,99,99,99,99,19,0,0,1,0
48,482753,1,1,0,0,0,2,2,89,0,26,10,2016,4,7,37,1,1,1,1,1,"I-10","",235,29.71641667,-96.46551667,0,52,0,0,1,1,0,4,1,10,0,10,0,"0000000",7,35,7,51,8,41,0,0,0,1,0
48,482754,1,1,0,0,0,1,1,201,0,26,10,2016,4,0,15,0,8,98,98,4,"CR-HOLZWARTH RD","",0,30.06921944,-95.44543056,0,59,0,0,1,1,0,4,2,1,0,1,0,"0000000",99,98,99,98,88,88,0,0,0,1,1
48,482755,1,1,0,0,0,1,1,329,4560,26,10,2016,4,12,5,1,2,1,1,7,"I-20","",130,31.96869444,-102.09137778,0,43,0,0,1,1,0,4,1,1,0,1,0,"0000000",99,98,99,98,88,88,0,0,0,1,0
48,482756,2,2,0,0,0,2,2,453,330,26,10,2016,4,3,20,1,2,3,98,8,"RM2222 KOENIG LN","",104,30.33097222,-97.73180556,0,12,9,0,8,1,0,1,3,1,0,1,0,"0000000",99,98,99,98,88,88,0,0,0,1,1
48,482757,3,3,0,0,0,6,6,453,330,26,10,2016,4,12,7,0,2,4,98,8,"FM2304 MANCHACA RD","",54,30.16990556,-97.82520556,0,12,2,0,1,1,0,1,1,10,0,10,0,"0000000",12,7,12,14,12,31,0,0,0,1,0
48,482758,2,2,0,0,0,4,4,29,6090,27,10,2016,5,0,32,0,8,98,98,6,"MARBACH RD","",0,29.41783333,-98.65201111,0,12,1,0,1,1,0,1,3,1,0,1,0,"0000000",99,99,99,99,99,99,0,0,0,1,1
48,482759,1,1,0,1,1,2,2,201,0,27,10,2016,5,1,3,0,2,3,98,8,"FM1960","",271,29.99943611,-95.22910278,0,8,0,0,1,1,0,1,2,1,0,1,0,"0000000",99,98,99,98,88,88,0,0,0,1,0
48,482760,1,1,0,0,0,1,1,215,4197,27,10,2016,5,2,33,1,2,1,1,1,"I-2","",224,26.19357222,-98.25529444,0,25,0,0,1,1,0,3,3,1,0,1,0,"0000000",99,98,99,98,88,88,0,0,0,1,0
48,482761,2,2,0,0,0,3,3,361,7200,27,10,2016,5,23,21,1,2,3,98,8,"FM105 MAIN ST","",65,30.15017778,-94.01779444,0,12,6,0,8,1,0,1,2,1,0,1,0,"0000000",99,98,99,98,88,88,0,0,0,1,0
48,482762,2,2,0,0,0,3,3,441,30,27,10,2016,5,8,30,1,2,2,98,7,"SL322","OLDHAM LN FM1750",40,32.41194167,-99.70811389,0,12,6,1,2,2,0,1,1,1,0,1,0,"0000000",8,31,8,38,9,9,0,0,0,1,0
48,482763,2,2,0,0,0,2,2,395,0,28,10,2016,6,12,54,1,1,3,98,2,"US-190","",103,30.77623056,-96.49078333,0,1,0,0,1,1,0,1,1,1,0,1,0,"0000000",99,99,99,99,99,99,0,0,0,1,0
48,482764,1,1,0,1,1,1,1,439,260,28,10,2016,6,5,40,1,2,2,98,3,"SR-360 ANGUS G WYNNE JR FWY","",162,32.68807222,-97.06233333,0,8,0,0,5,1,0,1,2,1,0,1,0,"0000000",99,98,99,98,88,88,0,0,0,1,0
48,482765,2,2,0,0,0,3,3,141,2190,29,10,2016,7,18,43,1,2,3,98,8,"FM3255 MLKING JR","JON CUNNINGHAM",59,31.92997222,-106.44146111,0,12,2,0,2,2,0,1,3,1,0,1,0,"0000000",18,44,18,50,19,10,0,0,0,2,0
48,482766,1,1,0,0,0,1,1,441,0,29,10,2016,7,22,46,1,1,1,1,1,"I-20","",46,32.48117778,-100.08163333,0,1,0,0,1,1,0,1,2,1,0,1,0,"0000000",99,98,99,98,88,88,0,0,0,1,0
48,482767,1,1,0,0,0,2,2,459,0,29,10,2016,7,21,45,0,1,5,98,8,"FM49","",16,32.71281944,-95.04090278,0,42,0,0,1,1,0,4,2,1,0,1,0,"0000000",21,46,21,55,22,42,0,0,0,1,1
48,482768,2,2,0,2,2,5,5,491,5990,29,10,2016,7,15,47,0,8,98,98,6,"A W GRIMES BLVD","GATTIS SCHOOL RD",0,30.49610556,-97.65639722,0,12,2,0,2,2,0,1,1,1,0,1,0,"0000000",15,49,15,56,16,33,0,0,0,2,0
48,482769,1,1,0,0,0,1,1,41,970,30,10,2016,1,2,30,1,2,3,98,8,"BS6R TEXAS AVE","",19,30.66170833,-96.37179167,0,30,0,0,1,1,0,4,3,1,0,1,0,"0000000",99,98,99,98,88,88,0,0,0,1,0
48,482770,3,1,2,0,0,3,3,215,7330,30,10,2016,1,8,11,0,8,98,98,6,"BRIDGE ST","",0,26.13840556,-97.982125,0,33,0,0,1,1,0,4,1,1,0,1,0,"0000000",8,19,8,38,8,57,0,0,0,1,1
48,482771,2,2,0,0,0,2,2,439,2850,30,10,2016,1,15,3,0,8,98,98,6,"NORTHWEST HWY","DOOLEY ST",0,32.94105556,-97.07338056,0,12,6,0,2,2,0,1,1,1,0,1,0,"0000000",15,4,15,7,15,27,0,0,0,1,0
48,482772,1,1,0,0,0,1,1,209,6170,31,10,2016,2,23,29,0,2,5,98,8,"FM 2438/HUNTER RD","",26,29.85329722,-97.97286389,0,33,0,0,1,1,0,4,3,1,0,1,0,"0000000",99,98,99,98,88,88,0,0,0,1,1
48,482773,2,2,0,0,0,2,2,439,2450,31,10,2016,2,2,42,0,8,98,98,6,"BEACH ST","",0,32.75608889,-97.28851111,0,12,2,0,1,1,0,1,3,1,0,1,0,"0000000",99,98,99,98,88,88,0,0,0,1,0
48,482774,1,1,0,0,0,1,1,449,0,31,10,2016,2,2,15,0,8,98,98,4,"CR-2675","",0,33.09643056,-95.12351111,0,53,0,0,1,1,0,4,2,1,0,1,0,"0000000",99,98,99,98,88,88,0,0,0,1,1
48,482775,1,1,0,0,0,2,2,201,0,1,11,2016,3,20,40,0,8,98,98,4,"CR-SJOLANDER RD","",0,29.78101944,-94.94191111,0,5,0,0,1,1,0,1,2,1,0,1,0,"0000000",20,39,20,47,88,88,0,0,0,1,0
48,482776,2,2,0,0,0,2,2,221,0,1,11,2016,3,14,53,0,1,5,98,8,"FM 4","CR-OAK TRAIL DR",75,32.47515,-97.81711667,0,12,6,0,2,3,0,1,1,1,0,1,0,"0000000",14,57,15,2,15,20,0,0,0,1,0
48,482777,1,1,0,1,1,1,1,423,7070,2,11,2016,4,18,57,1,2,3,98,8,"SL 323/NORTHWEST HWY","",16,32.37034444,-95.3434,0,8,0,0,1,1,0,1,3,10,0,10,0,"0000000",99,98,99,98,88,88,0,0,0,1,0
48,482778,1,1,0,0,0,2,2,29,6090,10,8,2016,4,11,45,1,2,2,98,8,"FM 1604","",264,29.53898889,-98.68052222,0,52,0,0,5,1,0,8,1,1,0,1,0,"0000000",99,99,99,99,99,99,0,0,0,1,0
48,482779,2,2,0,0,0,2,2,453,330,19,9,2016,2,17,47,0,8,98,98,6,"SOUTHWEST PARKWAY","",0,30.25170556,-97.85865833,0,12,6,0,8,1,0,1,1,1,0,1,0,"0000000",17,48,17,54,18,7,0,0,0,1,0