"STATE","ST_CASE","VE_TOTAL","VE_FORMS","PVH_INVL","PEDS","PERNOTMVIT","PERMVIT","PERSONS","COUNTY","CITY","DAY","MONTH","YEAR","DAY_WEEK","HOUR","MINUTE","NHS","RUR_URB","FUNC_SYS","RD_OWNER","ROUTE","TWAY_ID","TWAY_ID2","MILEPT","LATITUDE","LONGITUD","SP_JUR","HARM_EV","MAN_COLL","RELJCT1","RELJCT2","TYP_INT","WRK_ZONE","REL_ROAD","LGT_COND","WEATHER1","WEATHER2","WEATHER","SCH_BUS","RAIL","NOT_HOUR","NOT_MIN","ARR_HOUR","ARR_MIN","HOSP_HR","HOSP_MN","CF1","CF2","CF3","FATALS","DRUNK_DR"
48,482780,2,2,0,0,0,5,5,453,0,5,10,2016,4,16,9,1,2,2,98,3,"SR-130/TOLL 130","",498,30.14306111,-97.66318889,0,23,0,0,1,1,0,10,1,1,0,1,0,"0000000",16,19,16,32,17,6,0,0,0,1,0
48,482781,2,2,0,0,0,2,2,201,3280,8,10,2016,7,19,38,0,8,98,98,6,"BLACKHAWK BLVD","WOLCOTT PARK",0,29.61434722,-95.250775,0,12,6,0,2,3,0,1,1,1,0,1,0,"0000000",99,98,99,98,88,88,0,0,0,1,1
48,482782,2,2,0,0,0,3,3,175,0,13,10,2016,5,13,7,1,1,3,98,2,"US-59","",101,28.67897222,-97.32599167,0,12,1,0,1,1,0,1,1,1,0,1,0,"0000000",99,99,99,99,99,99,0,0,0,1,0
48,482783,2,2,0,0,0,2,2,455,0,21,10,2016,6,13,5,0,1,4,98,3,"SR-19","",132,30.88883611,-95.37628056,0,12,1,0,1,1,0,1,1,1,0,1,0,"0000000",99,99,99,99,99,99,0,0,0,1,0
48,482784,2,2,0,0,0,3,3,65,0,24,10,2016,2,20,50,1,1,1,1,1,"I-40","",20,35.22091944,-101.59171111,0,12,2,0,1,1,0,1,2,1,0,1,0,"0000000",20,51,21,15,99,99,0,0,0,1,0
48,482785,1,1,0,1,1,2,2,439,2450,24,10,2016,2,21,35,1,2,3,98,3,"SR-180 LANCASTER AVE","",143,32.74617222,-97.31274722,0,8,0,0,1,1,0,1,3,1,0,1,0,"0000000",21,40,21,44,21,55,0,0,0,1,0
48,482787,2,2,0,0,0,2,2,373,0,26,10,2016,4,16,49,0,1,4,98,8,"FM350","",45,30.69184167,-95.02635,0,12,1,0,1,1,0,1,1,1,0,1,1,"0000000",16,43,16,52,17,28,0,0,0,1,0
48,482788,1,1,0,0,0,1,1,225,0,28,10,2016,6,8,50,0,1,5,98,2,"US-287/SR-19","",143,31.36530833,-95.47552222,0,1,0,0,1,1,0,1,1,1,0,1,0,"0000000",99,98,99,98,88,88,0,0,0,1,0
48,482789,2,2,0,0,0,3,3,113,4530,29,10,2016,7,16,49,0,8,98,98,6,"PIONEER RD","LESLEY LN",0,32.73870556,-96.58812222,0,12,6,0,2,2,0,1,1,1,0,1,0,"0000000",16,49,16,55,17,25,0,0,0,1,1
48,482790,1,1,0,0,0,1,1,225,0,29,10,2016,7,13,10,0,1,4,98,2,"US-287","",274,31.47412778,-95.46615,0,1,0,0,1,1,0,4,1,1,0,1,0,"0000000",99,99,99,99,99,99,0,0,0,1,0
48,482791,2,2,0,0,0,2,2,453,330,12,6,2016,1,1,53,1,2,1,1,1,"I-35","",151,30.23037222,-97.74300278,0,12,1,0,1,1,0,1,3,1,0,1,0,"0000000",1,53,2,1,2,14,19,0,0,1,1
48,482792,2,2,0,0,0,2,2,39,130,29,9,2016,5,21,34,0,2,3,98,3,"SR-6","1/2 ST",127,29.4317,-95.25190278,0,12,6,0,2,3,0,1,3,1,0,1,0,"0000000",21,40,21,54,22,25,23,0,0,1,0
48,482793,2,1,1,0,1,3,4,355,1550,2,10,2016,1,5,31,1,2,1,1,1,"I-37","",126,27.85185278,-97.587525,0,14,0,0,1,1,0,2,3,10,0,10,0,"0000000",5,32,5,41,5,46,0,0,0,1,0
48,482794,2,2,0,1,1,7,7,201,3280,14,10,2016,6,21,0,1,2,1,1,1,"I-45 GULF FWY","",156,29.68329444,-95.27531944,0,8,0,0,1,1,0,1,3,1,0,1,0,"0000000",99,98,99,98,88,88,0,0,0,1,0
48,482795,2,2,0,0,0,5,5,215,0,14,10,2016,6,23,32,0,2,4,98,8,"FM1426","ALBERTA RD",33,26.25078889,-98.14506667,0,12,6,0,2,2,0,1,2,1,0,1,0,"0000000",0,32,0,39,0,49,0,0,0,2,0
48,482796,1,1,0,0,0,1,1,453,0,14,10,2016,6,0,28,0,8,98,98,4,"CR-WOLFE LN","",0,30.15361389,-97.55958333,0,24,0,0,1,1,0,4,2,2,0,2,0,"0000000",99,98,99,98,88,88,0,0,0,1,0
48,482797,1,1,0,0,0,6,6,215,5291,15,10,2016,7,0,16,0,8,98,98,6,"CIRCLE 6","",0,26.29533889,-98.45329722,0,33,0,0,1,1,0,4,3,1,0,1,0,"0000000",99,99,99,99,99,99,0,0,0,1,0
48,482798,1,1,0,0,0,1,1,453,330,15,10,2016,7,3,27,1,2,2,98,8,"SL1 MOPAC","",205,30.22728889,-97.82985278,0,30,0,0,1,1,0,4,3,10,0,10,0,"0000000",99,98,99,98,88,88,0,0,0,1,0
48,482799,1,1,0,0,0,1,1,167,6213,17,10,2016,2,20,58,0,8,98,98,6,"4TH ST","J AVE",0,29.38495833,-95.08044722,0,34,0,0,3,3,0,4,2,1,0,1,0,"0000000",99,98,99,98,88,88,0,0,0,1,0
48,482800,1,1,0,0,0,1,1,209,0,18,10,2016,3,13,5,0,1,4,98,8,"RM12","",29,30.14998056,-98.09171667,0,1,0,0,1,1,0,1,1,1,0,1,0,"0000000",99,98,99,98,88,88,0,0,0,1,0
48,482801,2,2,0,0,0,6,6,29,0,22,10,2016,7,11,51,0,1,4,98,8,"SL 1604","",42,29.43149722,-98.26998889,0,12,2,0,1,1,0,1,1,1,0,1,0,"0000000",99,99,99,99,99,99,0,0,0,2,1
48,482802,1,1,0,0,0,1,1,201,5230,22,10,2016,7,2,59,0,8,98,98,6,"SHAVER ST","",0,29.67406389,-95.20799722,0,25,0,0,1,1,0,4,3,1,0,1,0,"0000000",99,98,99,98,88,88,0,0,0,1,0
48,482803,1,1,0,0,0,1,1,147,0,23,10,2016,1,17,40,0,1,5,98,3,"SR-11","",106,33.47100556,-96.20760556,0,42,0,0,1,1,0,4,6,1,0,1,0,"0000000",99,98,99,98,88,88,0,0,0,1,1
48,482804,3,3,0,0,0,7,7,201,3280,23,10,2016,1,1,10,1,2,1,1,1,"I-10 KATY FWY","",235,29.77723611,-95.42677222,0,12,1,1,18,1,0,1,3,1,0,1,0,"0000000",1,12,1,23,1,54,0,0,0,1,1
48,482805,1,1,0,1,1,1,1,29,1209,24,10,2016,2,14,50,1,2,1,1,7,"I-410 LOOP","",196,29.51983889,-98.50908056,0,33,0,0,1,1,0,4,1,1,0,1,0,"0000000",99,98,99,98,88,88,0,0,0,1,0
48,482806,1,1,0,0,0,4,4,215,0,24,10,2016,2,2,57,0,2,4,98,8,"FM 681","",255,26.34371944,-98.334625,0,1,0,0,1,1,0,5,2,1,0,1,0,"0000000",99,99,99,99,99,99,0,0,0,1,1
48,482807,1,1,0,0,0,1,1,73,0,25,10,2016,3,17,18,0,8,98,98,4,"CR-3213","",0,31.92993333,-95.39355833,0,1,0,0,1,1,0,4,1,1,0,1,0,"0000000",99,98,99,98,88,88,0,0,0,1,0
48,482808,2,2,0,0,0,2,2,343,5090,25,10,2016,3,13,43,0,1,4,98,2,"US-259","US-67",88,33.18136389,-94.73296667,0,12,6,0,2,2,0,1,1,1,0,1,0,"0000000",99,99,99,99,99,99,0,0,0,1,0
48,482809,2,2,0,0,0,3,3,83,7105,26,10,2016,4,17,34,1,1,3,98,2,"US-67","1ST ST",143,31.75397778,-99.55093056,0,12,6,0,2,2,0,1,1,1,0,1,0,"0000000",17,38,18,17,18,40,0,0,0,1,0
48,482810,1,1,0,0,0,2,2,207,0,26,10,2016,4,20,15,0,1,5,98,8,"FM 2163","FM 2229",0,33.39063333,-99.7714,0,34,0,0,3,3,0,4,2,1,0,1,0,"0000000",20,38,21,24,21,34,0,0,0,1,0
48,482811,1,1,0,0,0,1,1,213,0,26,10,2016,4,16,26,0,1,5,98,8,"FM 314","",61,32.23902222,-95.56776389,0,43,0,0,1,1,0,4,1,1,0,1,0,"0000000",99,98,99,98,88,88,0,0,0,1,0
48,482812,1,1,0,0,0,1,1,309,7210,26,10,2016,4,4,45,1,2,2,98,7,"SR-6 / SL-340","",202,31.50309722,-97.17714444,0,24,0,1,19,1,0,4,2,1,0,1,0,"0000000",99,98,99,98,88,88,0,0,0,1,1
48,482813,3,2,1,0,1,4,5,339,1510,26,10,2016,4,11,6,1,1,3,98,3,"SR-105","",170,30.34231111,-95.54619722,0,12,1,0,1,1,2,1,1,1,0,1,0,"0000000",99,99,99,99,99,99,0,0,0,1,0
48,482815,1,1,0,0,0,1,1,113,1730,27,10,2016,5,19,57,1,2,2,98,7,"US-75 CENTRAL EXPY","",58,32.91903333,-96.76565278,0,31,0,1,19,1,0,4,3,1,0,1,0,"0000000",99,98,99,98,88,88,0,0,0,1,1
48,482816,2,2,0,0,0,3,3,113,1730,27,10,2016,5,21,54,1,2,1,1,1,"I-635 LBJ TEXPRESS TOLLWAY","",112,32.92191667,-96.84685278,0,12,1,0,1,1,0,1,3,1,0,1,0,"0000000",99,99,99,99,99,98,0,0,0,1,1
48,482817,2,2,0,0,0,3,3,267,0,27,10,2016,5,14,30,1,1,3,98,2,"US-290","",104,30.29760833,-99.38738611,0,12,2,0,1,1,0,1,1,1,0,1,0,"0000000",99,98,99,98,88,88,0,0,0,3,0
48,482818,2,2,0,0,0,3,3,375,0,27,10,2016,5,6,27,1,1,3,98,2,"US-87","",237,35.44026111,-101.86506944,0,12,2,0,1,1,0,1,2,1,0,1,0,"0000000",99,99,99,99,99,99,0,0,0,2,0
48,482819,2,2,0,0,0,3,3,443,0,27,10,2016,5,22,30,1,1,3,98,2,"US-90","",144,30.11085,-102.37632778,0,12,2,0,1,1,0,2,2,1,0,1,0,"0000000",99,98,99,98,88,88,0,0,0,1,1
48,482820,1,1,0,1,1,1,1,7,0,28,10,2016,6,3,9,0,2,5,98,8,"FM 1069","",28,27.94367222,-97.16262778,0,8,0,0,1,1,0,1,2,1,0,1,0,"0000000",3,14,3,27,3,47,0,0,0,1,0
48,482821,3,3,0,0,0,4,4,29,6090,28,10,2016,6,21,22,1,2,3,98,8,"FM 2696 BLANCO RD","HUEBNER RD",111,29.62121667,-98.51311389,0,12,2,0,2,2,0,1,3,1,0,1,0,"0000000",99,98,99,98,88,88,20,0,0,1,0
48,482822,3,3,0,0,0,6,6,29,6090,28,10,2016,6,22,40,0,8,98,98,6,"APPLEWHITE RD","",0,29.27908611,-98.55003333,0,33,0,0,1,1,0,3,2,1,0,1,0,"0000000",99,98,99,98,88,88,0,0,0,4,0
48,482823,1,1,0,0,0,1,1,231,0,28,10,2016,6,13,38,1,1,3,98,3,"SR-24","",57,33.17366389,-95.93781111,0,32,0,0,1,1,0,4,1,1,0,1,0,"0000000",99,98,99,98,88,88,0,0,0,1,0
48,482824,2,2,0,0,0,4,4,29,6090,29,10,2016,7,12,15,0,8,98,98,6,"THOUSAND OAKS","",0,29.55590556,-98.41458611,0,12,2,0,1,1,0,1,1,1,0,1,0,"0000000",99,99,99,99,99,99,0,0,0,1,0
48,482825,4,4,0,0,0,6,6,201,0,29,10,2016,7,2,30,0,2,3,98,8,"FM 1960","IMPERIAL VALLEY DR",152,30.02365833,-95.42028056,0,12,7,0,3,2,0,1,3,1,0,1,0,"0000000",2,51,2,57,3,13,0,0,0,2,1
48,482826,2,2,0,1,1,2,2,201,3280,29,10,2016,7,22,33,1,2,1,1,7,"I-45","CROSSTIMBERST ST",289,29.82854167,-95.38064167,0,8,0,1,3,2,0,1,3,1,0,1,0,"0000000",22,34,22,42,23,11,0,0,0,1,1
48,482827,3,3,0,0,0,10,10,467,0,29,10,2016,7,11,10,0,1,4,98,3,"SR-243","FM 47",30,32.55304444,-96.02949444,0,12,6,0,2,2,0,1,1,1,0,1,0,"0000000",11,16,11,26,12,2,0,0,0,1,0
48,482828,1,1,0,0,0,3,3,139,0,30,10,2016,1,2,48,0,1,6,98,8,"FM 813","",181,32.43277778,-96.62555,0,1,0,0,1,1,0,1,2,1,0,1,0,"0000000",2,56,3,36,4,13,0,0,0,1,1
48,482829,2,2,0,0,0,2,2,157,488,30,10,2016,1,2,35,0,1,5,98,8,"SL 540","",68,29.50545833,-95.90499722,0,12,1,0,1,1,0,1,2,5,0,5,0,"0000000",99,98,99,98,88,88,0,0,0,1,1
48,482830,1,1,0,0,0,1,1,201,0,30,10,2016,1,2,2,0,2,3,98,8,"FM 1960","CR-LAKE HOUSTON PKWY",312,29.99840556,-95.16207778,0,33,0,0,3,2,0,3,3,1,0,1,0,"0000000",99,98,99,98,88,88,0,0,0,1,1
48,482831,1,1,0,1,1,1,1,201,0,30,10,2016,1,19,5,0,8,98,98,4,"CR-AIRLINE DR","",0,29.91165278,-95.40379722,0,8,0,0,1,1,0,1,5,1,0,1,0,"0000000",99,98,99,98,88,88,0,0,0,1,0
48,482832,1,1,0,0,0,1,1,201,3280,30,10,2016,1,5,30,1,2,1,1,1,"I-45 GULF FWY","",174,29.70284444,-95.29703611,0,25,0,1,19,1,0,4,3,5,0,5,0,"0000000",99,98,99,98,88,88,19,0,0,1,0
48,482833,1,1,0,0,0,1,1,213,0,30,10,2016,1,3,1,0,1,5,98,8,"FM 315","",102,32.21635833,-95.50893611,0,32,0,0,1,1,0,4,2,1,0,1,0,"0000000",99,98,99,98,88,88,0,0,0,1,1
48,482834,2,2,0,0,0,6,6,423,0,30,10,2016,1,17,35,1,1,1,1,1,"I-20","",161,32.46211944,-95.32442222,0,12,7,0,1,1,0,1,1,1,0,1,0,"0000000",99,99,99,99,99,99,0,0,0,2,0
48,482835,2,2,0,0,0,3,3,149,0,31,10,2016,2,20,32,1,1,1,1,1,"I-10","",169,29.68979722,-96.93478611,0,12,2,0,1,1,0,1,2,1,0,1,0,"0000000",99,98,99,98,88,88,0,0,0,3,0
48,482836,1,1,0,0,0,1,1,239,0,31,10,2016,2,15,19,0,1,5,98,3,"SR-111","",143,29.02973611,-96.66648056,0,58,0,0,1,1,0,4,1,1,0,1,0,"0000000",99,98,99,98,88,88,0,0,0,1,0
48,482837,1,1,0,0,0,1,1,451,0,31,10,2016,2,17,49,0,1,4,98,2,"US-67","",93,31.56195,-100.27191389,0,1,0,0,1,1,0,1,1,1,0,1,0,"0000000",99,98,99,98,88,88,0,0,0,1,0
48,482838,2,2,0,0,0,2,2,1,0,1,11,2016,3,12,45,1,1,3,98,2,"US-79","",8,31.89092778,-95.43405556,0,12,6,0,1,1,0,2,1,10,0,10,0,"0000000",99,99,99,99,99,99,0,0,0,1,0
48,482839,1,1,0,0,0,1,1,71,0,1,11,2016,3,23,1,1,1,1,1,1,"I-10","",70,29.8309,-94.79956944,0,20,0,1,5,1,0,8,3,1,0,1,0,"0000000",99,98,99,98,88,88,0,0,0,1,0
48,482840,2,2,0,1,1,2,2,265,3670,1,11,2016,3,13,46,0,8,98,98,6,"WATER ST","",0,30.047275,-99.13598056,0,8,0,0,1,1,0,1,1,1,0,1,0,"0000000",99,99,99,99,99,99,0,0,0,1,0
48,482841,2,2,0,0,0,2,2,359,0,1,11,2016,3,7,43,0,1,4,98,2,"US-385","",268,35.30503889,-102.383175,0,12,6,0,1,1,0,1,4,1,0,1,0,"0000000",99,98,99,98,88,88,0,0,0,2,0
48,482842,1,1,0,0,0,1,1,453,330,1,11,2016,3,19,17,1,2,3,98,8,"SL360 CAPITAL OF TEXAS HWY","",194,30.30545,-97.82543056,0,39,0,0,1,1,1,4,2,10,0,10,0,"0000000",99,98,99,98,88,88,0,0,0,1,1
48,482843,1,1,0,0,0,1,1,59,0,2,11,2016,4,22,39,1,1,1,1,1,"I-20","",292,32.37948611,-99.14201667,0,1,0,0,1,1,0,10,2,10,0,10,0,"0000000",99,98,99,98,88,88,0,0,0,1,1
48,482844,1,1,0,1,1,1,1,113,1730,2,11,2016,4,1,50,0,8,98,98,6,"CAMP WISDOM RD","",0,32.66195556,-96.88311111,0,8,0,0,1,1,0,1,2,1,0,1,0,"0000000",99,99,99,99,99,99,19,0,0,1,0
48,482845,2,2,0,0,0,2,2,373,0,2,11,2016,4,7,5,1,1,3,98,2,"US-59","",20,31.09839444,-94.81299167,0,12,1,0,1,1,0,1,4,1,0,1,0,"0000000",7,15,7,37,8,24,0,0,0,1,0
48,482846,1,1,0,0,0,1,1,457,0,2,11,2016,4,14,0,1,1,3,98,2,"US-69","",55,30.70611667,-94.40771111,0,42,0,0,1,1,0,4,1,1,0,1,0,"0000000",99,99,99,99,99,99,0,0,0,1,0
48,482847,2,2,0,0,0,5,5,479,3899,2,11,2016,4,20,16,1,2,3,98,2,"US-59 BOB BULLOCK LP","",147,27.59689444,-99.445225,0,12,6,0,1,1,0,1,2,1,0,1,0,"0000000",99,99,99,99,99,99,0,0,0,1,1
48,482848,2,2,0,0,0,3,3,503,0,2,11,2016,4,12,23,0,1,4,98,3,"SR-67","",71,33.093475,-98.61140278,0,12,2,0,8,1,0,1,1,10,0,10,0,"0000000",99,99,99,99,99,99,0,0,0,1,0
48,482849,1,1,0,2,2,2,2,167,2570,3,11,2016,5,22,17,0,8,98,98,6,"SEAWALL BLVD","",0,29.2718,-94.8169,0,8,0,0,1,1,0,1,3,1,0,1,0,"0000000",22,18,22,24,22,47,0,0,0,3,1
48,482850,2,2,0,0,0,3,3,201,3280,3,11,2016,5,0,3,1,2,2,98,2,"US-290 NW FWY","",346,29.83842222,-95.48903889,0,12,6,0,1,1,0,1,2,10,0,10,0,"0000000",0,13,0,35,1,5,0,0,0,1,1
48,482851,2,2,0,0,0,2,2,293,0,3,11,2016,5,7,5,0,1,4,98,2,"US-84","",93,31.65585,-96.72933889,0,12,2,0,1,1,0,1,2,2,0,2,0,"0000000",99,98,99,98,88,88,0,0,0,2,0
48,482852,2,2,0,0,0,4,4,353,6720,3,11,2016,5,8,6,1,2,1,1,1,"I-20","",167,32.45538889,-100.38911944,0,12,2,0,1,1,0,1,1,2,0,2,0,"0000000",8,16,8,20,9,11,0,0,0,2,0
48,482853,1,1,0,0,0,2,2,139,4570,4,11,2016,6,5,47,1,2,2,98,2,"US-67RAMP","",5,32.47731667,-97.01171389,0,1,0,1,5,1,0,4,2,10,0,10,0,"0000000",5,49,5,55,7,59,0,0,0,1,0
48,482854,1,1,0,0,0,1,1,167,0,4,11,2016,6,10,59,0,2,5,98,8,"FM646","",27,29.33223333,-95.08093889,0,32,0,0,1,1,0,4,1,1,0,1,0,"0000000",11,17,11,46,12,12,0,0,0,1,0
48,482855,1,1,0,0,0,1,1,167,2570,4,11,2016,6,19,29,1,2,3,98,8,"SS-342/61ST ST","",22,29.27228611,-94.82919167,0,33,0,0,1,1,0,3,3,1,0,1,0,"0000000",19,29,19,34,19,54,0,0,0,1,0
48,482856,1,1,0,1,1,1,1,29,6090,5,11,2016,7,2,33,0,8,98,98,6,"COMPTON AVE","",0,29.37057222,-98.48739167,0,8,0,0,1,1,0,1,3,1,0,1,0,"0000000",99,99,99,99,99,99,0,0,0,1,0
48,482857,2,2,0,0,0,3,3,143,0,5,11,2016,7,7,10,0,1,4,98,2,"US-281","",59,32.4437,-98.13816944,0,12,6,0,1,1,0,1,2,2,0,2,0,"0000000",7,12,7,31,8,8,0,0,0,1,0
48,482858,1,1,0,1,1,4,4,215,2110,5,11,2016,7,19,44,1,2,3,98,8,"BU-281","",63,26.27107778,-98.17106111,0,8,0,0,1,1,0,1,2,1,0,1,0,"0000000",99,99,99,99,99,99,0,0,0,1,0
48,482859,2,2,0,0,0,2,2,215,7330,5,11,2016,7,0,49,0,2,4,98,8,"FM 1015/INTERNATIONAL BLVD","",85,26.17071944,-97.95863889,0,12,2,0,1,1,0,1,3,10,0,10,0,"0000000",0,48,0,49,1,26,0,0,0,1,1
48,482860,1,1,0,1,1,1,1,453,330,5,11,2016,7,7,20,1,2,2,98,7,"US-290","",16,30.236075,-97.83299722,0,9,0,0,1,1,0,1,3,10,0,10,0,"0000000",99,98,99,98,88,88,0,0,0,1,0
48,482861,2,2,0,0,0,4,4,453,0,5,11,2016,7,10,43,0,1,4,98,8,"RM-1431","",227,30.51968889,-97.89703889,0,12,2,0,1,1,0,1,1,1,0,1,0,"0000000",10,50,11,8,11,29,0,0,0,1,0
48,482862,1,1,0,1,1,1,1,29,6090,6,11,2016,1,22,1,0,8,98,98,6,"GEVERS ST","",0,29.39710278,-98.45672222,0,8,0,0,1,1,0,1,3,10,0,10,0,"0000000",99,99,99,99,99,99,0,0,0,1,0
48,482863,2,2,0,0,0,2,2,201,3280,6,11,2016,1,1,30,1,2,1,1,1,"I-10","",57,29.77739444,-95.41256389,0,12,2,0,1,1,0,1,3,10,0,10,0,"0000000",1,44,1,55,2,13,0,0,0,1,1
48,482864,1,1,0,0,0,1,1,245,0,6,11,2016,1,14,28,1,2,3,1,1,"I-10","",67,29.92106111,-94.28171111,0,57,0,0,1,1,0,3,1,1,0,1,0,"0000000",99,98,99,98,88,88,0,0,0,1,0
48,482865,1,1,0,1,1,1,1,467,0,6,11,2016,1,4,26,1,1,1,1,1,"I-20","",247,32.51463056,-95.68633889,0,8,0,0,1,1,0,1,3,1,0,1,0,"0000000",99,98,99,98,88,88,0,0,0,1,0
48,482866,1,1,0,1,1,2,2,291,1770,7,11,2016,2,20,55,0,1,5,98,8,"FM 1409","PRIVATE ROAD 456",149,29.98248056,-94.85413056,0,8,0,0,3,3,0,1,2,1,0,1,0,"0000000",99,98,99,98,88,88,0,0,0,1,1
48,482867,2,2,0,0,0,2,2,303,4140,7,11,2016,2,21,21,1,2,2,98,2,"US-82/MARSHA SHARP FWY","",157,33.59265556,-101.87538056,0,12,2,0,1,1,0,1,2,10,0,10,0,"0000000",99,98,99,98,88,88,0,0,0,2,1
48,482868,2,2,0,0,0,3,3,113,1730,23,4,2016,7,17,20,1,2,1,1,1,"I-35/STEMMONS FWY","",272,32.89524167,-96.8982,0,25,0,0,1,1,0,3,3,1,0,1,0,"0000000",99,98,99,98,88,88,0,0,0,1,0
48,482869,3,3,0,0,0,4,4,113,1730,12,6,2016,1,3,27,1,2,1,1,1,"I-20/LYNDON B JOHNSON FWY","",100,32.65730833,-96.88468611,0,12,2,0,1,1,0,1,3,1,0,1,0,"0000000",99,99,99,99,99,99,14,0,0,1,1
48,482870,1,1,0,0,0,2,2,113,1730,12,6,2016,1,3,56,1,2,1,1,1,"I-35/STEMMONS FWY","",219,32.81935278,-96.869525,0,1,0,0,1,1,0,10,3,1,0,1,0,"0000000",99,99,99,99,99,99,0,0,0,1,1
48,482871,2,2,0,0,0,3,3,251,1030,19,10,2016,4,16,46,0,8,98,98,6,"HIDDEN CREEK PKWY","HIDDEN VISTA BLVD",0,32.52550556,-97.31963889,0,12,6,0,2,3,0,1,1,1,0,1,1,"0000000",16,54,17,14,17,34,0,0,0,1,0
48,482872,1,1,0,1,1,1,1,113,6685,27,10,2016,5,22,0,1,2,2,98,2,"US-80","",68,32.784975,-96.56426111,0,8,0,0,1,1,0,1,2,1,0,1,0,"0000000",99,98,99,98,88,88,0,0,0,1,0
48,482873,2,2,0,1,1,2,2,439,2450,5,2,2016,6,6,20,1,2,3,98,3,"SR-183 28TH ST","",92,32.79511944,-97.34131111,0,8,0,0,1,1,1,1,2,1,0,1,0,"0000000",6,24,6,32,7,0,0,0,0,1,0
48,482874,4,4,0,1,1,4,4,113,4530,18,8,2016,5,6,20,1,2,1,1,1,"I-635","",82,32.81409444,-96.62836944,0,12,1,0,1,1,0,1,4,10,0,10,0,"0000000",6,21,6,29,6,49,14,15,0,1,0
48,482875,2,2,0,0,0,3,3,27,4924,14,10,2016,6,23,45,1,2,2,98,2,"US-190W VETERANS MEMORIAL BLVD","NOLA RUTH BLVD",121,31.08436667,-97.63893889,0,12,6,0,3,3,0,1,2,1,0,1,0,"0000000",99,99,99,99,99,99,20,0,0,2,1
48,482876,2,2,0,0,0,3,3,181,2940,14,10,2016,6,6,5,1,1,3,98,3,"SR-289 PRESTON HWY","",306,33.48703611,-96.73065556,0,12,2,0,1,1,0,1,2,1,0,1,0,"0000000",99,99,99,99,99,99,0,0,0,2,0
48,482877,4,2,2,3,3,2,2,201,3280,15,10,2016,7,20,10,1,2,1,1,1,"I-69/US-59 SOUTHWEST FWY","",75,29.65590278,-95.56316389,0,12,7,0,1,1,0,1,3,1,0,1,0,"0000000",20,18,20,33,20,48,14,15,0,1,1
48,482878,1,1,0,0,0,3,3,355,0,17,10,2016,2,3,5,0,1,4,98,8,"FM665","",25,27.66431389,-97.70982222,0,1,0,0,1,1,0,4,3,1,0,1,0,"0000000",99,98,99,98,88,88,0,0,0,1,1
48,482879,1,1,0,0,0,2,2,85,2320,18,10,2016,3,20,50,0,1,4,98,3,"SR-78","CR-550",211,33.11008611,-96.410525,0,5,0,0,2,3,0,1,2,1,0,1,0,"0000000",99,99,99,99,99,99,0,0,0,1,0
48,482880,2,2,0,0,0,2,2,201,0,24,10,2016,2,18,57,1,2,2,98,8,"SL-8 BELTWAY NORTH","",181,29.87883889,-95.5489,0,12,1,0,1,1,0,1,5,10,0,10,0,"0000000",99,98,99,98,88,88,0,0,0,1,0
48,482881,3,3,0,0,0,5,5,355,1550,26,10,2016,4,8,34,1,2,2,98,3,"SR-358 PADRE ISLAND DR","",153,27.67313333,-97.29266389,0,12,1,0,1,1,0,2,1,1,0,1,0,"0000000",8,40,8,41,9,3,23,0,0,1,0
48,482882,2,2,0,0,0,2,2,305,0,27,10,2016,5,16,20,1,1,3,98,2,"US-87","CR-2",17,33.3706,-101.80649167,0,12,6,0,2,3,0,1,1,1,0,1,0,"0000000",16,20,16,42,16,52,0,0,0,1,0
48,482883,2,2,0,0,0,2,2,107,5620,28,10,2016,6,12,53,1,1,3,98,2,"US-82","",111,33.67444444,-101.38859722,0,12,6,0,8,1,0,1,1,1,0,1,0,"0000000",13,8,13,33,13,59,0,0,0,1,0
48,482884,1,1,0,1,1,1,1,201,3280,28,10,2016,6,21,40,0,8,98,98,6,"MARGARET ST","",0,29.86480556,-95.3602,0,8,0,0,1,1,0,1,3,1,0,1,0,"0000000",99,98,99,98,88,88,0,0,0,1,0
48,482885,2,2,0,0,0,2,2,157,0,29,10,2016,7,3,0,1,2,1,1,1,"I-69/US-59","",77,29.55260556,-95.73300278,0,43,0,0,1,1,1,4,2,1,0,1,0,"0000000",2,45,2,46,3,29,0,0,0,1,0
48,482886,1,1,0,1,1,1,1,201,3280,29,10,2016,7,23,45,0,8,98,98,6,"GESSNER DR","",0,29.68729167,-95.52971667,0,8,0,0,1,1,0,1,3,1,0,1,0,"0000000",99,98,99,98,88,88,0,0,0,1,0
48,482887,1,1,0,0,0,2,2,249,0,29,10,2016,7,17,59,1,1,3,98,2,"US-281","",135,27.86193333,-98.08626389,0,38,0,0,1,1,0,5,1,1,0,1,0,"0000000",18,33,18,43,19,12,0,0,0,1,0
48,482888,2,2,0,0,0,5,5,507,0,29,10,2016,7,22,5,0,1,3,98,2,"US-57","",136,28.95428611,-99.63798611,0,12,2,0,1,1,0,1,2,1,0,1,0,"0000000",99,99,99,99,99,99,0,0,0,5,0