"STATE","ST_CASE","VE_TOTAL","VE_FORMS","PVH_INVL","PEDS","PERNOTMVIT","PERMVIT","PERSONS","COUNTY","CITY","DAY","MONTH","YEAR","DAY_WEEK","HOUR","MINUTE","NHS","RUR_URB","FUNC_SYS","RD_OWNER","ROUTE","TWAY_ID","TWAY_ID2","MILEPT","LATITUDE","LONGITUD","SP_JUR","HARM_EV","MAN_COLL","RELJCT1","RELJCT2","TYP_INT","WRK_ZONE","REL_ROAD","LGT_COND","WEATHER1","WEATHER2","WEATHER","SCH_BUS","RAIL","NOT_HOUR","NOT_MIN","ARR_HOUR","ARR_MIN","HOSP_HR","HOSP_MN","CF1","CF2","CF3","FATALS","DRUNK_DR"
48,482889,2,1,1,0,0,1,1,29,6090,30,10,2016,1,12,36,0,8,98,98,6,"PLOVER PL","",0,29.30270278,-98.4888,0,33,0,0,1,1,0,4,1,1,0,1,0,"0000000",99,98,99,98,88,88,0,0,0,1,0
48,482890,1,1,0,2,2,2,2,209,0,30,10,2016,1,2,23,0,1,4,98,8,"RM12","",246,29.90891111,-98.0123,0,8,0,0,1,1,0,1,2,10,0,10,0,"0000000",2,27,2,37,2,53,0,0,0,1,1
48,482891,2,2,0,0,0,2,2,185,0,31,10,2016,2,9,20,1,1,3,98,3,"SR-6","FM 2",114,30.273625,-96.04213056,0,12,6,0,2,2,0,1,1,5,0,5,0,"0000000",99,98,99,98,88,88,0,0,0,1,0
48,482892,1,1,0,0,0,1,1,453,0,2,11,2016,4,2,43,1,2,1,1,7,"I-35","",16,30.46031944,-97.66671944,0,32,0,0,1,1,0,4,2,2,0,2,0,"0000000",99,98,99,98,88,88,0,0,0,1,0
48,482893,4,2,2,1,1,3,3,91,0,3,11,2016,5,7,36,0,2,4,98,8,"FM 2673","",111,29.8478,-98.27783889,0,12,1,0,1,1,0,1,2,2,0,2,0,"0000000",99,99,99,99,99,99,0,0,0,1,0
48,482894,2,1,1,2,2,1,1,113,3420,3,11,2016,5,4,26,1,2,2,98,8,"SL 12/WALTON WALKER BLVD","",167,32.79946111,-96.92175556,0,14,0,0,1,1,0,2,2,2,0,2,0,"0000000",4,27,4,38,5,0,0,0,0,2,0
48,482895,1,1,0,0,0,2,2,267,0,3,11,2016,5,15,10,1,1,1,1,1,"I-10","",153,30.39025,-99.6178,0,1,0,0,1,1,0,1,1,2,0,2,0,"0000000",15,12,15,30,16,45,0,0,0,1,0
48,482896,1,1,0,0,0,1,1,93,0,4,11,2016,6,12,25,1,1,3,98,2,"US-67","",117,31.85183056,-98.75415,0,30,0,0,1,1,0,4,1,1,0,1,0,"0000000",12,28,12,41,13,20,0,0,0,1,0
48,482897,1,1,0,0,0,1,1,387,210,4,11,2016,6,17,15,0,1,5,98,8,"FM 44","",104,33.5819,-94.91696944,0,1,0,0,1,1,0,4,2,1,0,1,0,"0000000",17,17,17,47,18,43,0,0,0,1,0
48,482898,2,2,0,0,0,3,3,113,1730,5,11,2016,7,1,46,0,8,98,98,6,"DALLAS NORTH TOLLWAY","",0,32.80725,-96.81793056,0,12,2,0,1,1,0,1,3,2,0,2,0,"0000000",99,99,99,99,99,99,0,0,0,1,2
48,482899,2,2,0,0,0,3,3,165,0,5,11,2016,7,22,17,0,1,4,98,2,"US-180","",285,32.71116111,-102.5964,0,12,6,0,8,1,0,1,2,10,0,10,0,"0000000",22,17,22,23,22,50,0,0,0,1,1
48,482900,3,2,1,0,0,4,4,201,3280,5,11,2016,7,23,40,0,8,98,98,6,"SCOTT","LOCKHART",0,29.67816944,-95.36723889,0,12,6,0,2,2,0,1,3,10,0,10,0,"0000000",23,41,23,45,0,2,14,0,0,1,1
48,482901,3,3,0,0,0,6,6,231,2860,5,11,2016,7,14,48,1,2,3,98,2,"US-69/JOE RAMSEY BLVD","US-380/LEE ST",30,33.14032778,-96.13799444,0,12,6,1,2,2,0,1,1,1,0,1,0,"0000000",99,99,99,99,99,99,0,0,0,1,0
48,482902,1,1,0,1,1,3,3,355,1550,5,11,2016,7,19,56,0,8,98,98,6,"HORNE RD","",0,27.75261667,-97.41953889,0,8,0,0,1,1,0,1,2,1,0,1,0,"0000000",19,57,20,0,20,8,0,0,0,1,0
48,482903,3,3,0,0,0,3,3,15,0,6,11,2016,1,14,5,0,1,5,98,3,"SR-159","",29,29.97635,-96.21893056,0,12,2,0,1,1,0,1,1,1,0,1,0,"0000000",14,13,14,38,15,19,0,0,0,1,0
48,482904,2,2,0,0,0,3,3,201,3280,6,11,2016,1,7,34,0,8,98,98,6,"ALDINE WESTFIELD RD","TIDWELL RD",0,29.84801111,-95.34979167,0,12,6,0,2,2,0,1,1,1,0,1,0,"0000000",8,14,8,23,8,48,0,0,0,1,0
48,482905,1,1,0,1,1,2,2,325,3250,6,11,2016,1,2,33,0,8,98,98,6,"K AVE","",0,29.33873611,-99.13908333,0,8,0,0,1,1,0,1,2,1,0,1,0,"0000000",99,98,99,98,88,88,0,0,0,1,1
48,482906,3,3,0,0,0,3,3,419,0,6,11,2016,1,16,24,0,1,4,98,3,"SR-7","",8,31.66563056,-94.383,0,12,6,0,1,1,0,1,1,10,0,10,0,"0000000",99,99,99,99,99,99,0,0,0,1,0
48,482907,1,1,0,0,0,5,5,27,0,7,11,2016,2,13,30,0,1,5,98,8,"FM 2484","",57,30.97408889,-97.56255,0,42,0,0,1,1,0,4,1,2,0,2,0,"0000000",13,33,14,10,14,54,0,0,0,1,0
48,482908,1,1,0,0,0,1,1,333,0,7,11,2016,2,15,41,0,1,4,98,2,"US-84","",106,31.4644,-98.4739,0,35,0,0,1,1,0,4,1,10,0,10,0,"0000000",99,98,99,98,88,88,0,0,0,1,0
48,482909,2,2,0,0,0,3,3,485,7490,7,11,2016,2,18,47,1,2,2,98,7,"US-277/BROAD ST","9TH ST",100,33.90686389,-98.49838889,0,12,2,0,2,2,0,1,3,10,0,10,0,"0000000",18,48,18,57,19,8,0,0,0,1,0
48,482910,2,2,0,0,0,3,3,113,1730,8,11,2016,3,9,15,1,2,2,98,8,"SL 12/WALTON WALKER BLVD","",212,32.85962778,-96.90235278,0,54,11,0,1,1,0,1,1,10,0,10,0,"0000000",99,98,99,98,88,88,14,0,0,1,0
48,482911,1,1,0,0,0,4,4,201,3280,8,11,2016,3,10,16,1,2,1,1,1,"I-45 NORTH FWY","",364,29.93338611,-95.41209167,0,25,0,0,1,1,0,3,1,10,0,10,0,"0000000",10,19,10,34,11,2,0,0,0,1,0
48,482912,1,1,0,1,1,1,1,453,330,8,11,2016,3,18,56,0,2,3,98,8,"SL 275 LAMAR BLVD","",60,30.35806111,-97.69987778,0,8,0,0,1,1,0,1,2,2,0,2,0,"0000000",18,57,19,9,19,26,0,0,0,1,0
48,482913,7,7,0,0,0,10,10,29,6090,9,11,2016,4,18,38,1,2,1,1,1,"I-10 MAIN LANES HWY","",173,29.52253611,-98.55550833,0,12,1,1,18,1,0,1,5,2,0,2,0,"0000000",99,99,99,99,99,99,0,0,0,1,0
48,482914,2,2,0,0,0,2,2,165,0,9,11,2016,4,19,2,0,1,4,98,3,"SR-214","",106,32.83429722,-102.75516667,0,18,0,0,1,1,0,2,2,1,0,1,0,"0000000",99,98,99,98,88,88,0,0,0,1,0
48,482915,1,1,0,0,0,1,1,201,3280,11,11,2016,6,16,32,1,2,1,1,1,"I-45 GULF FWY","",88,29.61438889,-95.21658889,0,24,0,1,5,1,0,4,1,1,0,1,0,"0000000",99,98,99,98,88,88,0,0,0,1,1
48,482916,2,2,0,0,0,2,2,347,0,11,11,2016,6,18,38,1,1,3,98,2,"US-59","",37,31.80759444,-94.52021111,0,12,2,0,1,1,0,1,2,1,0,1,0,"0000000",99,98,99,98,88,88,0,0,0,1,1
48,482917,1,1,0,1,1,1,1,27,6810,12,11,2016,7,17,18,1,2,3,98,8,"FM 1471 31ST ST","",212,31.07581667,-97.36706667,0,15,0,0,8,1,0,1,1,1,0,1,0,"0000000",17,20,17,24,17,37,0,0,0,1,0
48,482918,2,2,0,0,0,4,4,29,0,12,11,2016,7,14,36,0,8,98,98,6,"MACDONA LACOSTE RD","CAGON RD",0,29.3273,-98.71242222,0,12,2,0,2,2,0,1,1,1,0,1,0,"0000000",99,99,99,99,99,99,0,0,0,1,0
48,482919,1,1,0,0,0,1,1,139,7270,12,11,2016,7,18,24,1,2,2,98,2,"US-287","",431,32.40579444,-96.82382778,0,1,0,0,1,1,0,4,2,1,0,1,0,"0000000",99,98,99,98,88,88,0,0,0,1,1
48,482920,3,3,0,0,0,3,3,29,6090,13,11,2016,1,5,23,1,2,2,98,2,"US-281","",245,29.45781389,-98.48159722,0,12,2,1,18,1,0,1,3,10,0,10,0,"0000000",99,99,99,99,99,99,0,0,0,1,0
48,482921,1,1,0,0,0,1,1,113,1730,13,11,2016,1,21,20,1,2,3,98,8,"SL 12 WALTON WALKER BLVD","",92,32.69145833,-96.89161944,0,25,0,0,1,1,0,4,3,1,0,1,0,"0000000",99,98,99,98,88,88,0,0,0,1,0
48,482922,2,2,0,0,0,4,4,113,1730,13,11,2016,1,20,53,0,8,98,98,6,"JEFFERSON BLVD","",0,32.74254444,-96.90353056,0,12,6,0,1,1,0,1,3,1,0,1,0,"0000000",99,99,99,99,99,99,0,0,0,1,1
48,482923,1,1,0,1,1,2,2,141,2190,13,11,2016,1,23,6,1,2,1,1,1,"I-10","",282,31.76512222,-106.36574722,0,8,0,0,1,1,0,1,3,1,0,1,0,"0000000",99,98,99,98,88,88,0,0,0,1,0
48,482924,2,2,0,0,0,3,3,471,0,14,11,2016,2,8,21,1,1,1,1,1,"I-45","",306,30.86723333,-95.75515278,0,12,1,0,1,1,0,1,1,1,0,1,0,"0000000",8,32,8,50,9,58,19,27,0,1,0
48,482925,2,2,0,0,0,2,2,167,3850,30,9,2016,6,22,45,1,2,3,98,8,"FM 1764","",50,29.39821111,-95.03875556,0,12,6,0,8,1,0,1,3,1,0,1,0,"0000000",22,47,22,52,23,25,0,0,0,1,1
48,482926,1,1,0,0,0,1,1,113,1730,13,10,2016,5,15,45,1,2,1,1,1,"I-35","",257,32.87000278,-96.89847778,0,1,0,1,18,1,0,1,1,1,0,1,0,"0000000",99,99,99,99,99,99,0,0,0,1,0
48,482927,1,1,0,0,0,2,2,251,9997,15,10,2016,7,23,23,0,2,4,98,8,"FM 917","",209,32.54645,-97.131575,0,33,0,0,1,1,0,3,2,1,0,1,0,"0000000",23,23,23,34,0,16,0,0,0,1,0
48,482928,2,2,0,0,0,3,3,113,3350,19,10,2016,4,14,30,1,2,1,1,1,"I-45","",62,32.63313333,-96.69983889,0,12,1,1,18,1,0,1,1,1,0,1,0,"0000000",99,99,99,99,99,99,0,0,0,1,0
48,482929,1,1,0,0,0,1,1,201,0,31,10,2016,2,22,28,0,1,5,98,8,"FM 1942","",50,29.86073056,-95.00546389,0,43,0,0,8,1,0,5,2,1,0,1,0,"0000000",99,98,99,98,88,88,0,0,0,1,1
48,482930,2,2,0,0,0,2,2,201,0,2,11,2016,4,4,3,0,2,3,98,8,"FM 1960","",108,29.99511111,-95.48526667,0,12,1,0,1,1,0,1,3,1,0,1,0,"0000000",99,98,99,98,88,88,0,0,0,1,1
48,482931,1,1,0,1,1,1,1,339,0,3,11,2016,5,23,2,0,1,4,98,8,"FM 1314","",175,30.12683056,-95.28036111,0,9,0,0,1,1,0,1,2,1,0,1,0,"0000000",99,98,99,98,88,88,0,0,0,1,0
48,482932,1,1,0,0,0,1,1,401,0,3,11,2016,5,17,5,0,1,6,98,8,"FM 1971","",20,31.94398889,-94.53716944,0,38,0,0,1,1,0,5,1,2,0,2,0,"0000000",99,99,99,99,99,99,0,0,0,1,0
48,482933,2,2,0,0,0,3,3,113,3420,4,11,2016,6,10,55,1,2,2,98,7,"SR-114/JOHN CARPENTER FWY","SR-161/GEORGE BUSH TURNPIKE",141,32.89638333,-96.97189722,0,12,6,1,2,2,0,1,1,1,0,1,0,"0000000",10,58,11,3,11,36,0,0,0,1,0
48,482934,1,1,0,0,0,1,1,233,0,4,11,2016,6,5,28,0,1,4,98,3,"SR-152","",25,35.66511111,-101.35208056,0,24,0,0,1,1,0,4,2,1,0,1,0,"0000000",99,98,99,98,88,88,0,0,0,1,0
48,482935,1,1,0,0,0,2,2,439,2450,15,11,2016,3,0,30,1,2,1,1,1,"I-820/LOOP 820","",57,32.7558,-97.47858056,0,59,0,0,1,1,0,4,3,1,0,1,0,"0000000",0,48,0,57,1,30,0,0,0,1,1
48,482936,1,1,0,1,1,1,1,453,330,20,8,2016,7,23,7,0,8,98,98,6,"WILLIAM CANNON DR","BILL HUGHES RD",0,30.19579444,-97.78507778,0,8,0,0,2,3,0,1,3,10,0,10,0,"0000000",23,7,23,12,23,30,0,0,0,1,0
48,482937,3,3,0,0,0,4,4,479,3899,31,8,2016,4,17,19,0,2,3,98,8,"SL 20/CUATRO VIENTOS BLVD","",116,27.4714,-99.44701111,0,12,98,0,1,1,0,1,1,10,0,10,0,"0000000",17,23,17,31,17,54,0,0,0,1,0
48,482938,1,1,0,1,1,1,1,309,7210,12,10,2016,4,21,4,0,2,4,98,8,"FM 1637/CHINA SPRING RD","",112,31.62921667,-97.24143056,0,8,0,0,1,1,0,1,2,1,0,1,0,"0000000",21,7,21,18,21,40,0,0,0,1,0
48,482939,2,2,0,0,0,2,2,201,3280,14,10,2016,6,6,34,0,8,98,98,6,"LITTLE YORK RD","AIRLINE DR",0,29.86995833,-95.38511667,0,12,1,0,3,2,0,1,2,10,0,10,0,"0000000",99,98,99,98,88,88,0,0,0,1,0
48,482940,3,3,0,0,0,5,5,53,1040,18,10,2016,3,13,10,1,1,3,98,2,"US-281/WATER ST","",216,30.72133333,-98.24292222,0,12,7,0,1,1,0,1,1,1,0,1,0,"0000000",13,18,13,34,14,4,0,0,0,1,0
48,482941,2,2,0,0,0,3,3,475,0,22,10,2016,7,0,47,1,2,1,1,1,"I-20","I-20 RAMP",277,31.40609444,-103.55073889,0,12,6,1,2,4,0,1,2,1,0,1,0,"0000000",0,49,0,56,1,22,0,0,0,1,1
48,482942,2,1,1,0,0,1,1,121,0,10,11,2016,5,8,7,0,8,98,98,4,"CR-CLAIRE ST","",0,33.10853056,-97.11833889,0,14,0,0,1,1,0,7,1,1,0,1,0,"0000000",99,99,99,99,99,99,0,0,0,1,0
48,482943,1,1,0,1,1,1,1,201,3280,30,10,2016,1,1,8,0,8,98,98,6,"MCCARTY","",0,29.77376111,-95.28395278,0,8,0,0,1,1,0,1,2,1,0,1,0,"0000000",99,98,99,98,88,88,0,0,0,1,1
48,482944,2,2,0,0,0,3,3,401,4740,31,10,2016,2,10,40,1,1,3,98,2,"US-259","ANGELINA",183,31.91509722,-94.68083611,0,12,11,0,2,2,0,1,1,1,0,1,0,"0000000",99,99,99,99,99,99,0,0,0,1,0
48,482945,2,2,0,0,0,3,3,299,0,1,11,2016,3,20,20,0,1,4,98,3,"SR-71","",209,30.54608056,-98.45888889,0,12,2,0,1,1,0,1,2,1,0,1,0,"0000000",20,28,20,39,21,40,0,0,0,1,1
48,482946,1,1,0,0,0,1,1,91,0,2,11,2016,4,2,45,1,1,3,98,2,"US-281","",122,29.8372,-98.41081111,0,32,0,0,1,1,0,4,7,10,0,10,0,"0000000",99,98,99,98,88,88,0,0,0,1,1
48,482947,1,1,0,0,0,1,1,309,7210,3,11,2016,5,3,3,1,2,3,98,3,"SR-6","",239,31.54844444,-97.07363889,0,1,0,0,1,1,1,1,2,10,0,10,0,"0000000",99,98,99,98,88,88,19,0,0,1,0
48,482949,2,2,0,0,0,8,8,287,0,6,11,2016,1,17,55,1,1,3,98,2,"US-290","",64,30.185,-96.957,0,12,1,0,1,1,0,1,2,2,0,2,0,"0000000",18,0,18,16,19,7,0,0,0,1,0
48,482950,2,2,0,0,0,3,3,439,2450,6,11,2016,1,1,0,1,2,3,98,3,"SR-183/28TH ST","LOVING AVE",77,32.79518056,-97.33636111,0,12,6,0,2,2,0,1,2,1,0,1,0,"0000000",1,4,1,12,1,48,0,0,0,1,0
48,482951,1,1,0,1,1,1,1,73,3470,7,11,2016,2,6,40,0,2,4,98,3,"SR-204/SL456","",108,31.95795,-95.22276111,0,8,0,0,1,1,0,2,4,5,0,5,0,"0000000",99,98,99,98,88,88,0,0,0,1,0
48,482952,1,1,0,1,1,1,1,141,2190,7,11,2016,2,9,57,0,8,98,98,6,"SAM SNEAD DR","LEE TREVINO DR",0,31.77693889,-106.32226667,0,8,0,0,2,2,0,1,1,1,0,1,0,"0000000",9,47,9,50,10,8,0,0,0,1,0
48,482953,2,2,0,0,0,2,2,201,3280,7,11,2016,2,1,5,1,2,3,98,8,"FM1093 WESTHEIMER RD","",102,29.73733056,-95.52665,0,33,0,0,1,1,0,3,3,2,0,2,0,"0000000",1,6,1,8,1,36,0,0,0,1,0
48,482954,1,1,0,0,0,1,1,201,3280,7,11,2016,2,3,10,1,2,1,1,7,"I-10 KATY FWY","",165,29.78511667,-95.54313889,0,33,0,0,1,1,0,4,3,10,0,10,0,"0000000",99,98,99,98,88,88,0,0,0,1,1
48,482955,2,2,0,0,0,3,3,453,0,7,11,2016,2,3,14,1,1,3,98,3,"SR-71","",23,30.1895,-97.57761389,0,12,2,0,1,1,0,1,2,5,0,5,0,"0000000",3,14,3,24,4,5,0,0,0,1,0
48,482956,2,2,0,0,0,3,3,135,0,8,11,2016,3,9,59,1,2,3,98,8,"SL338","",351,31.8004,-102.29649444,0,12,2,0,1,1,0,1,1,10,0,10,0,"0000000",9,52,10,3,10,22,0,0,0,1,0
48,482957,1,1,0,0,0,1,1,277,0,8,11,2016,3,6,0,0,1,5,98,8,"FM38","",106,33.70356944,-95.76676111,0,42,0,0,1,1,0,4,2,10,0,10,0,"0000000",6,9,6,27,7,22,0,0,0,1,0
48,482958,2,2,0,0,0,2,2,231,0,9,11,2016,4,20,0,0,1,4,98,3,"SR-11","",324,33.27021944,-95.9196,0,12,1,0,1,1,0,1,2,1,0,1,0,"0000000",99,98,99,98,88,88,0,0,0,1,0
48,482959,1,1,0,0,0,2,2,267,0,9,11,2016,4,3,54,1,1,1,1,1,"I-10","",165,30.38000278,-99.60999444,0,24,0,0,1,1,0,4,2,2,0,2,0,"0000000",99,98,99,98,88,88,0,0,0,1,0
48,482960,2,2,0,0,0,2,2,267,0,9,11,2016,4,12,30,1,1,1,1,1,"I-10","",99,30.43038056,-99.69575278,0,12,6,0,1,1,0,1,1,2,0,2,0,"0000000",99,99,99,99,99,99,0,0,0,1,0
48,482961,2,2,0,0,0,2,2,325,0,9,11,2016,4,10,17,0,1,4,98,3,"SR-173","CR-548/ELSTONE RD",241,29.29918889,-99.09566944,0,12,6,0,2,2,0,1,1,10,0,10,0,"0000000",10,21,10,27,11,19,0,0,0,1,1
48,482963,1,1,0,1,1,1,1,113,1730,10,11,2016,5,5,58,1,2,1,1,1,"I-635/LYNDON B JOHNSON FWY","",47,32.91469722,-96.74012778,0,8,0,0,1,1,0,1,3,1,0,1,0,"0000000",99,99,99,99,99,99,0,0,0,1,0
48,482964,1,1,0,0,0,1,1,213,1284,10,11,2016,5,18,58,1,1,3,98,3,"SR-31","",421,32.31436111,-95.45383056,0,59,0,0,1,1,0,4,2,1,0,1,0,"0000000",99,98,99,98,88,88,0,0,0,1,0
48,482965,1,1,0,0,0,1,1,323,0,10,11,2016,5,22,0,0,1,5,98,8,"FM 2644","",37,28.49876944,-100.27286944,0,1,0,0,1,1,0,4,6,2,0,2,0,"0000000",99,98,99,98,88,88,0,0,0,1,1
48,482966,1,1,0,0,0,1,1,161,0,11,11,2016,6,18,15,1,1,1,1,1,"I-45","",269,31.83483889,-96.28631111,0,1,0,0,1,1,0,4,2,1,0,1,0,"0000000",99,98,99,98,88,88,0,0,0,1,0
48,482967,3,3,0,0,0,3,3,181,0,11,11,2016,6,6,58,0,1,4,98,2,"US-377","",54,33.79663889,-96.87478889,0,59,0,0,1,1,0,4,1,1,0,1,0,"0000000",99,98,99,98,88,88,0,0,0,1,0
48,482968,1,1,0,0,0,1,1,201,0,11,11,2016,6,0,30,0,8,98,98,4,"CR-LOUETTA RD","",0,29.99643056,-95.61408056,0,42,0,0,1,1,0,3,2,1,0,1,0,"0000000",99,98,99,98,88,88,0,0,0,1,1
48,482969,1,1,0,0,0,1,1,251,0,12,11,2016,7,10,30,0,1,5,98,8,"FM 917","",133,32.47585,-97.22021111,0,30,0,0,1,1,0,4,1,1,0,1,0,"0000000",10,59,11,17,11,43,0,0,0,1,0
48,482970,2,2,0,0,0,2,2,309,7210,12,11,2016,7,10,43,0,8,98,98,6,"NEW ROAD DR","",0,31.52609167,-97.17175,0,12,2,0,8,1,0,1,1,1,0,1,0,"0000000",99,99,99,99,99,99,0,0,0,1,0
48,482971,1,1,0,1,1,1,1,491,5990,12,11,2016,7,10,10,1,2,3,98,8,"RM620 ROUND ROCK AVE","",107,30.50995556,-97.68706389,0,8,0,0,1,1,0,1,1,1,0,1,0,"0000000",10,15,10,19,10,35,0,0,0,1,0
48,482972,1,1,0,1,1,1,1,5,0,13,11,2016,1,21,30,0,1,5,98,8,"FM326","",3,31.28521944,-94.6383,0,8,0,0,1,1,0,1,2,1,0,1,0,"0000000",99,99,99,99,99,99,0,0,0,1,0
48,482973,2,2,0,0,0,4,4,135,5030,13,11,2016,1,3,43,0,8,98,98,6,"GOLDER AVE","",0,31.88780833,-102.3954,0,12,2,0,1,1,0,1,2,1,0,1,0,"0000000",99,99,99,99,99,99,0,0,0,1,1
48,482974,1,1,0,0,0,1,1,201,3280,13,11,2016,1,6,25,1,2,2,98,2,"US-90 MAIN ST","",62,29.65544444,-95.44263889,0,25,0,1,19,1,0,3,6,10,0,10,0,"0000000",99,98,99,98,88,88,0,0,0,1,1
48,482975,1,1,0,0,0,1,1,29,6090,14,11,2016,2,2,8,1,2,1,1,7,"I-35 ELMIRA ST","",233,29.43603056,-98.49461389,0,33,0,1,19,1,0,4,3,1,0,1,0,"0000000",99,98,99,98,88,88,0,0,0,1,0
48,482976,5,5,0,0,0,6,6,231,0,14,11,2016,2,15,20,1,1,1,1,1,"I-30","",29,32.99153611,-96.25211944,0,12,1,0,1,1,0,1,1,1,0,1,0,"0000000",15,22,15,35,16,10,0,0,0,1,0
48,482977,1,1,0,0,0,1,1,289,0,14,11,2016,2,18,55,0,1,4,98,3,"SR-7","",20,31.26524167,-95.94502778,0,5,0,0,1,1,0,1,2,1,0,1,0,"0000000",99,99,99,99,99,99,0,0,0,1,0
48,482978,2,2,0,0,0,2,2,453,5325,14,11,2016,2,6,16,0,8,98,98,6,"HEATHERWILDE BLVD","",0,30.47594167,-97.61854722,0,12,6,0,8,1,1,1,2,5,0,5,0,"0000000",99,98,99,98,88,88,0,0,0,1,0
48,482979,1,1,0,1,1,2,2,121,3960,15,11,2016,3,18,5,0,8,98,98,6,"LAKEPOINTE DR","",0,33.01836111,-96.97920556,0,8,0,0,1,1,0,1,2,1,0,1,0,"0000000",18,5,18,13,18,39,0,0,0,1,0
48,482980,5,4,1,0,0,5,5,29,6090,16,11,2016,4,19,18,0,8,98,98,6,"THOUSAND OAKS DR","PARK CROSSING DR",0,29.55793056,-98.41721111,0,12,2,0,2,3,0,1,3,1,0,1,0,"0000000",99,99,99,99,99,99,14,0,0,1,1
48,482981,1,1,0,1,1,1,1,113,1730,16,11,2016,4,5,40,0,8,98,98,6,"HAMPTON RD","",0,32.7209,-96.85711667,0,8,0,0,1,1,0,1,3,1,0,1,0,"0000000",99,98,99,98,88,88,0,0,0,1,0
48,482982,2,2,0,1,1,2,2,453,330,16,11,2016,4,5,51,1,2,1,1,1,"I-35","",208,30.305875,-97.71276944,0,8,0,0,1,1,0,1,3,1,0,1,0,"0000000",99,98,99,98,88,88,0,0,0,1,0
48,482983,1,1,0,1,1,1,1,21,2160,17,11,2016,5,19,17,1,2,3,98,2,"US-290","",24,30.33923611,-97.37480278,0,8,0,0,1,1,0,1,2,1,0,1,0,"0000000",99,98,99,98,88,88,0,0,0,1,0
48,482984,2,2,0,0,0,2,2,71,9997,17,11,2016,5,15,4,1,2,3,98,3,"SR-146","",70,29.78803056,-94.91090556,0,32,0,0,1,1,0,4,1,1,0,1,0,"0000000",15,7,15,14,88,88,20,0,0,1,1
48,482985,1,1,0,0,0,1,1,441,30,17,11,2016,5,11,52,0,8,98,98,6,"OLD ANSON RD","",0,32.50070833,-99.75334722,0,24,0,0,1,1,0,4,1,1,0,1,0,"0000000",11,54,12,0,12,34,0,0,0,1,0
48,482986,1,1,0,1,1,1,1,27,570,18,11,2016,6,18,15,1,2,1,1,7,"I-35","",145,31.03790833,-97.47188333,0,9,0,0,1,1,0,1,2,1,0,1,0,"0000000",18,15,18,22,18,38,0,0,0,1,0
48,482987,2,2,0,0,0,3,3,85,5730,20,11,2016,1,17,5,1,2,2,98,3,"SR-190 PRES GEORGE BUSH HWY","PLANO RD",91,33.00313056,-96.69938611,0,12,6,1,2,2,0,1,1,1,0,1,0,"0000000",17,6,17,23,17,35,0,0,0,1,0
48,482989,1,1,0,0,0,4,4,113,1730,23,11,2016,4,0,25,0,8,98,98,6,"CADDO ST","ROSELAND AVE",0,32.7994,-96.78572778,0,30,0,0,3,2,0,4,3,10,0,10,0,"0000000",99,98,99,98,88,88,0,0,0,1,0
48,482990,2,2,0,0,0,2,2,209,3760,23,11,2016,4,23,45,1,2,1,1,7,"I-35","CR-122 BEBEE RD",183,30.01998611,-97.85517222,0,12,6,0,3,3,0,1,2,1,0,1,0,"0000000",99,98,99,98,88,88,0,0,0,1,1
48,482991,1,1,0,1,1,1,1,441,30,23,11,2016,4,22,45,1,2,3,98,3,"SR-351 AMBLER AVE","JUDGE ELY BLVD",23,32.47466667,-99.70655,0,9,0,0,2,2,0,1,3,1,0,1,0,"0000000",22,47,22,48,22,59,0,0,0,1,1
48,482992,1,1,0,0,0,1,1,157,5970,11,11,2016,6,21,38,1,2,3,98,3,"SR-36 1ST ST","",42,29.51180556,-95.80784722,0,32,0,0,1,1,0,4,2,1,0,1,0,"0000000",21,38,21,40,22,18,0,0,0,1,1
48,482993,1,1,0,0,0,2,2,453,330,11,11,2016,6,19,33,1,2,2,98,2,"US-183 BASTROP HWY","",269,30.21947222,-97.68300278,0,1,0,1,20,1,0,1,2,1,0,1,0,"0000000",19,32,19,40,20,8,0,0,0,1,0
48,482994,1,1,0,0,0,1,1,253,0,13,11,2016,1,6,47,0,8,98,98,4,"CR-229","",0,32.78746667,-99.68904167,0,38,0,0,1,1,0,5,2,1,0,1,0,"0000000",99,98,99,98,88,88,0,0,0,1,0
48,482995,2,2,0,0,0,3,3,9,0,16,11,2016,4,17,30,1,1,3,98,2,"US-820","",54,33.75118611,-98.87251111,0,12,2,0,1,1,0,1,5,1,0,1,0,"0000000",99,99,99,99,99,99,0,0,0,1,0
48,482996,2,2,0,0,0,3,3,435,0,17,11,2016,5,0,57,1,1,1,1,1,"I-10","",28,30.61747778,-100.75378889,0,12,6,0,1,1,0,1,2,1,0,1,0,"0000000",99,99,99,99,99,99,0,0,0,1,0
48,482997,2,2,0,0,0,2,2,497,0,21,11,2016,2,19,22,1,1,3,98,2,"US-81","",103,33.32989722,-97.67023611,0,12,6,0,1,1,0,1,2,1,0,1,0,"0000000",99,98,99,98,88,88,0,0,0,1,0