"STATE","ST_CASE","VE_TOTAL","VE_FORMS","PVH_INVL","PEDS","PERNOTMVIT","PERMVIT","PERSONS","COUNTY","CITY","DAY","MONTH","YEAR","DAY_WEEK","HOUR","MINUTE","NHS","RUR_URB","FUNC_SYS","RD_OWNER","ROUTE","TWAY_ID","TWAY_ID2","MILEPT","LATITUDE","LONGITUD","SP_JUR","HARM_EV","MAN_COLL","RELJCT1","RELJCT2","TYP_INT","WRK_ZONE","REL_ROAD","LGT_COND","WEATHER1","WEATHER2","WEATHER","SCH_BUS","RAIL","NOT_HOUR","NOT_MIN","ARR_HOUR","ARR_MIN","HOSP_HR","HOSP_MN","CF1","CF2","CF3","FATALS","DRUNK_DR"
48,482998,2,2,0,0,0,4,4,201,3280,24,11,2016,5,22,5,1,2,3,98,3,"SR-35 REVEILLE","",11,29.68539722,-95.29034167,0,42,0,0,1,1,0,3,3,1,0,1,0,"0000000",22,6,22,11,22,50,0,0,0,1,1
48,482999,2,2,0,0,0,2,2,439,2450,25,11,2016,6,5,30,1,2,1,1,1,"I-35 SEMINARY FWY","",21,32.67850556,-97.32026944,0,12,1,1,18,1,0,1,3,10,0,10,0,"0000000",5,43,5,50,6,7,0,0,0,1,0
48,483000,1,1,0,0,0,3,3,29,6090,26,11,2016,7,2,28,0,8,98,98,6,"ISOM RD","",0,29.53037778,-98.49088056,0,33,0,0,1,1,0,4,3,1,0,1,0,"0000000",99,98,99,98,88,88,0,0,0,1,1
48,483001,3,3,0,0,0,3,3,215,7330,26,11,2016,7,16,39,1,2,3,98,8,"BU 83","6TH ST",135,26.15588056,-97.97068056,0,12,2,0,2,3,0,1,1,10,0,10,0,"0000000",16,39,16,44,17,5,0,0,0,1,0
48,483002,1,1,0,0,0,2,2,439,2450,21,7,2016,5,11,33,1,1,1,1,2,"US-35 SOUTH FWY","",75,32.64968611,-97.32160278,0,20,0,1,5,1,0,10,1,1,0,1,0,"0000000",11,35,11,40,12,7,0,0,0,1,0
48,483003,1,1,0,1,1,2,2,29,6090,20,8,2016,7,23,4,1,2,3,98,2,"US-87","PECAN VALLEY",8,29.39805833,-98.43269444,0,8,0,0,2,2,0,1,3,2,0,2,0,"0000000",99,99,99,99,99,99,0,0,0,1,0
48,483004,1,1,0,1,1,3,3,39,5249,2,10,2016,1,7,31,0,8,98,98,6,"BROADWAY ST","SOUTHERN TRAIL DR",0,29.55535833,-95.40706389,0,8,0,0,3,2,0,1,4,1,0,1,0,"0000000",99,99,99,99,99,99,0,0,0,1,0
48,483005,1,1,0,0,0,2,2,113,1730,24,10,2016,2,22,16,0,8,98,98,6,"PINE ST","",0,32.76650556,-96.74970833,0,10,0,0,6,1,0,1,3,1,0,1,0,"763375U",99,99,99,99,99,99,0,0,0,1,0
48,483006,1,1,0,2,2,1,1,355,1550,30,10,2016,1,0,2,1,2,3,98,8,"FM 43 WEBER RD","",100,27.71093611,-97.40531667,0,8,0,0,1,1,0,1,3,1,0,1,0,"0000000",99,99,99,99,99,99,0,0,0,1,0
48,483007,2,2,0,0,0,2,2,61,0,5,11,2016,7,18,18,0,2,5,98,8,"FM 2520","",31,26.09718611,-97.66293889,0,12,6,0,4,1,0,1,1,10,0,10,0,"0000000",99,98,99,98,88,88,0,0,0,1,0
48,483008,1,1,0,0,0,1,1,439,2450,6,11,2016,1,6,26,0,8,98,98,6,"RIVERSIDE DR","",0,32.74374167,-97.30299722,0,21,0,0,1,1,0,3,2,1,0,1,0,"0000000",6,26,6,31,6,58,0,0,0,1,0
48,483009,1,1,0,0,0,1,1,439,2450,10,11,2016,5,10,41,1,2,1,1,8,"SL 820","",50,32.74238333,-97.48140556,0,59,0,1,19,1,0,10,1,1,0,1,0,"0000000",10,40,10,46,11,14,0,0,0,1,0
48,483010,1,1,0,1,1,1,1,167,2570,11,11,2016,6,16,59,0,1,5,98,8,"FM 3005 TERMINI SAN LOUIS PASS","",157,29.14061111,-95.04107778,0,15,0,0,1,1,0,1,1,1,0,1,0,"0000000",99,98,99,98,88,88,0,0,0,1,0
48,483011,6,6,0,0,0,9,9,201,5230,14,11,2016,2,17,45,1,2,2,98,8,"SL8 SAM HOUSTON PKWY","",174,29.70172222,-95.15343333,0,12,1,0,1,1,0,1,5,1,0,1,0,"0000000",99,99,99,99,99,99,14,0,0,1,0
48,483012,2,2,0,0,0,3,3,231,0,14,11,2016,2,14,18,1,1,1,1,1,"I-30","",47,33.00665833,-96.22615,0,12,1,0,1,1,0,1,1,1,0,1,0,"0000000",99,98,99,98,88,88,0,0,0,1,1
48,483013,3,3,0,0,0,5,5,353,6720,14,11,2016,2,17,0,1,1,3,98,8,"BI20M BROADWAY AVE","FM1544",141,32.45996667,-100.43768056,0,12,1,0,3,3,0,1,1,1,0,1,0,"0000000",17,7,17,11,17,54,0,0,0,1,0
48,483014,1,1,0,0,0,1,1,201,3280,15,11,2016,3,17,0,1,2,3,98,3,"SR-6","",130,29.75000278,-95.64456667,0,53,0,0,1,1,0,4,1,1,0,1,0,"0000000",99,98,99,98,88,88,0,0,0,1,0
48,483015,1,1,0,0,0,1,1,113,2590,16,11,2016,4,21,10,1,2,1,1,7,"I-635 EASTGATE DR","",119,32.86064167,-96.65513056,0,33,0,0,5,1,0,10,3,1,0,1,0,"0000000",99,98,99,98,88,88,0,0,0,1,0
48,483016,1,1,0,1,1,1,1,439,260,16,11,2016,4,16,48,1,2,3,98,8,"FM157 COOPER ST","ABRAM ST",149,32.73566944,-97.11457778,0,8,0,0,2,2,0,1,1,1,0,1,0,"0000000",16,48,16,54,17,7,0,0,0,1,0
48,483017,2,2,0,0,0,2,2,27,0,17,11,2016,5,14,24,0,8,98,98,4,"CR-SPARTA RD","",0,31.09175278,-97.497925,0,12,2,0,1,1,0,1,1,1,0,1,0,"0000000",14,24,14,33,15,44,0,0,0,2,0
48,483018,2,2,0,0,0,2,2,113,1730,17,11,2016,5,22,31,1,2,3,98,8,"SL12 BUCKNER BLVD","",84,32.75233611,-96.68294444,0,12,7,0,1,1,0,1,3,10,0,10,0,"0000000",99,99,99,99,99,99,0,0,0,1,0
48,483019,1,1,0,0,0,3,3,141,2190,17,11,2016,5,2,56,1,2,1,1,1,"I-10","",73,31.89450278,-106.58255833,0,31,0,0,1,1,0,4,3,1,0,1,0,"0000000",99,99,99,99,99,99,0,0,0,1,0
48,483020,1,1,0,0,0,2,2,113,2800,18,11,2016,6,13,5,0,8,98,98,6,"DALWORTH ST","",0,32.74469722,-97.03119444,0,42,0,0,1,1,0,4,1,1,0,1,0,"0000000",13,11,13,16,13,35,0,0,0,1,0
48,483022,2,2,0,0,0,2,2,51,0,19,11,2016,7,17,15,0,1,5,98,8,"FM60","",33,30.43429444,-96.75590556,0,1,0,0,1,1,1,1,5,1,0,1,0,"0000000",99,98,99,98,88,88,0,0,0,1,1
48,483023,1,1,0,1,1,3,3,113,2590,19,11,2016,7,22,54,1,2,1,1,1,"I-635 LBJ FWY","",5,32.87672778,-96.68558333,0,8,0,0,1,1,0,1,3,1,0,1,0,"0000000",99,99,99,99,99,99,0,0,0,1,0
48,483024,1,1,0,0,0,1,1,491,0,19,11,2016,7,10,21,0,8,98,98,4,"CR-REMUDA DR","",0,30.72383889,-97.91331944,0,42,0,0,1,1,0,4,1,1,0,1,0,"0000000",99,98,99,98,88,88,0,0,0,1,0
48,483025,3,3,0,1,1,3,3,459,0,19,11,2016,7,22,59,0,1,4,98,2,"US-271","",177,32.64954167,-94.93364722,0,12,6,0,1,1,0,1,2,1,0,1,0,"0000000",99,99,99,99,99,99,14,15,19,1,0
48,483026,2,2,0,0,0,2,2,201,0,20,11,2016,1,14,0,0,8,98,98,4,"CR-LOUETTA RD","CR-BENT ELM DR",0,30.04206944,-95.48555556,0,12,6,0,2,3,0,1,1,1,0,1,0,"0000000",14,10,14,22,14,51,0,0,0,1,0
48,483027,1,1,0,0,0,1,1,201,3280,20,11,2016,1,2,35,0,8,98,98,6,"HARRISBURG BLVD","",0,29.72867778,-95.27990278,0,24,0,0,1,1,0,3,3,1,0,1,0,"0000000",99,98,99,98,88,88,0,0,0,1,1
48,483028,4,4,0,0,0,7,7,439,260,20,11,2016,1,19,29,1,2,3,98,8,"FM157 COLLINS ST","",106,32.78298889,-97.09555833,0,12,1,0,1,1,0,1,2,1,0,1,0,"0000000",19,29,19,32,20,1,14,0,0,3,0
48,483029,1,1,0,0,0,1,1,115,0,21,11,2016,2,10,22,0,1,4,98,3,"SR-137","",311,32.5639,-101.90566944,0,1,0,0,1,1,0,4,1,1,0,1,0,"0000000",10,24,10,37,88,88,0,0,0,1,0
48,483030,1,1,0,0,0,1,1,303,0,21,11,2016,2,19,26,0,1,5,98,8,"FM400","",11,33.40604444,-101.64348611,0,1,0,0,1,1,0,4,2,10,0,10,0,"0000000",99,98,99,98,88,88,0,0,0,1,0
48,483031,2,2,0,0,0,2,2,201,3280,22,11,2016,3,4,25,0,8,98,98,6,"CLINTON DR","",0,29.73272222,-95.21411944,0,12,6,0,8,1,0,1,2,1,0,1,0,"0000000",99,99,99,99,88,88,0,0,0,1,0
48,483032,1,1,0,0,0,1,1,449,0,22,11,2016,3,10,19,0,8,98,98,4,"CR-3150","",0,33.19143889,-94.83431944,0,32,0,0,1,1,0,4,1,2,0,2,0,"0000000",10,13,10,24,11,3,24,0,0,1,0
48,483033,1,1,0,0,0,3,3,113,1730,9,6,2016,5,4,5,1,2,1,1,1,"I-35/STEMMONS FWY","",252,32.86382778,-96.89445556,0,25,0,0,1,1,0,3,3,10,0,10,0,"0000000",99,99,99,99,99,99,0,0,0,1,1
48,483034,2,2,0,0,0,4,4,453,330,22,7,2016,6,23,30,1,2,3,98,8,"FM 734/PARMER LANE","RIATA VISTA CIR",10,30.43424444,-97.73184444,0,12,6,0,2,2,0,1,2,1,0,1,0,"0000000",23,31,23,38,0,1,0,0,0,1,0
48,483036,1,1,0,0,0,1,1,29,6090,22,10,2016,7,0,36,1,2,1,1,1,"I-35","",218,29.417675,-98.50228889,0,25,0,0,1,1,0,3,3,1,0,1,0,"0000000",99,98,99,98,88,88,0,0,0,1,0
48,483037,1,1,0,0,0,3,3,27,0,25,10,2016,3,20,28,0,8,98,98,4,"CR-OLD HWY 81","",0,31.21598056,-97.30536944,0,23,0,0,1,1,0,4,2,1,0,1,0,"0000000",20,33,20,51,21,29,0,0,0,2,0
48,483038,1,1,0,0,0,22,22,281,4060,31,10,2016,2,20,10,0,8,98,98,6,"RAILWAY RD","",0,31.2168,-98.39295,0,5,0,0,1,1,0,1,3,1,0,1,0,"0000000",88,88,88,88,88,88,0,0,0,1,0
48,483039,2,2,0,0,0,2,2,451,6080,31,10,2016,2,15,41,0,2,4,98,3,"SR-208/19TH ST","OAKES ST",151,31.48116667,-100.44433611,0,12,6,0,2,2,0,1,1,1,0,1,0,"0000000",99,99,99,99,99,99,0,0,0,1,0
48,483040,2,2,0,0,0,5,5,113,3420,6,11,2016,1,3,28,1,2,2,98,3,"SR-183/AIRPORT FWY","",59,32.83700556,-96.94997222,0,12,1,0,1,1,1,1,2,1,0,1,0,"0000000",3,10,3,38,4,21,0,0,0,4,1
48,483041,2,2,0,1,1,3,3,13,0,9,11,2016,4,3,28,1,1,1,1,1,"I-37","",134,28.77711111,-98.30895,0,12,11,0,1,1,0,1,2,2,0,2,0,"0000000",3,28,3,50,88,88,19,0,0,1,0
48,483042,2,2,0,0,0,2,2,363,4630,10,11,2016,5,5,45,0,2,3,98,2,"US-180","GARRET MORRIS PKWY",376,32.81078611,-98.08288889,0,12,2,0,2,2,0,1,3,1,0,1,0,"0000000",5,50,6,14,6,52,0,0,0,1,0
48,483043,2,1,1,1,1,1,1,471,0,10,11,2016,5,4,30,1,1,1,1,1,"I-45","",253,30.80058056,-95.68401111,0,14,0,0,1,1,0,2,2,1,0,1,0,"0000000",4,33,4,49,5,50,0,0,0,1,0
48,483044,1,1,0,0,0,1,1,453,330,11,11,2016,6,20,25,1,2,1,1,7,"I-35","",243,30.10631944,-97.81025,0,1,0,0,1,1,0,1,2,1,0,1,0,"0000000",99,99,99,99,99,99,0,0,0,1,0
48,483045,1,1,0,0,0,3,3,201,0,12,11,2016,7,23,30,0,8,98,98,4,"CR-REX RD","CR-BEAMER RD",0,29.55051111,-95.17196944,0,34,0,0,3,3,0,4,2,1,0,1,0,"0000000",23,22,23,33,0,8,0,0,0,1,1
48,483046,1,1,0,0,0,1,1,201,0,13,11,2016,1,21,55,0,8,98,98,4,"CR-SPRING CYPRESS RD","CR-TELGE RD",0,29.99096111,-95.65324722,0,34,0,0,3,3,0,4,3,1,0,1,0,"0000000",22,22,22,38,23,10,0,0,0,1,0
48,483047,1,1,0,0,0,2,2,291,0,13,11,2016,1,1,21,0,1,5,98,8,"FM 2610","",1,30.49003056,-94.83236944,0,1,0,0,1,1,0,4,2,1,0,1,0,"0000000",1,39,2,31,3,8,0,0,0,1,1
48,483048,1,1,0,1,1,1,1,339,0,14,11,2016,2,18,40,1,1,3,98,3,"SR-105","",126,30.36548056,-95.61591111,0,8,0,0,1,1,0,1,2,1,0,1,0,"0000000",99,98,99,98,88,88,0,0,0,1,0
48,483049,2,2,0,0,0,2,2,491,0,14,11,2016,2,6,50,0,2,5,98,8,"FM 3349","",107,30.54443056,-97.48476111,0,12,2,0,1,1,0,1,4,5,0,5,0,"0000000",6,55,7,9,7,42,0,0,0,1,0
48,483050,2,2,0,0,0,5,5,503,0,14,11,2016,2,5,40,1,1,3,98,3,"SR-114","",5,33.30156944,-98.62313889,0,12,2,0,1,1,0,2,2,5,0,5,0,"0000000",5,40,6,10,7,0,0,0,0,1,0
48,483051,2,2,0,0,0,2,2,467,0,15,11,2016,3,12,52,0,1,5,98,3,"SR-64","CR-3406",37,32.65020556,-95.96718056,0,12,1,0,3,4,0,1,1,1,0,1,0,"0000000",99,98,99,98,88,88,0,0,0,1,0
48,483052,1,1,0,1,1,1,1,5,1900,16,11,2016,4,3,50,1,2,3,98,2,"US-59 TEMPLE DR","",90,31.20260556,-94.77713056,0,8,0,0,1,1,0,1,2,1,0,1,0,"0000000",99,98,99,98,88,88,0,0,0,1,0
48,483053,1,1,0,0,0,1,1,273,0,16,11,2016,4,7,15,0,8,98,98,4,"CR-2140","",0,27.43697222,-97.8562,0,10,0,0,6,1,0,1,1,1,0,1,0,"427655X",99,98,99,98,88,88,0,0,0,1,0
48,483054,1,1,0,0,0,1,1,361,0,16,11,2016,4,20,20,0,8,98,98,4,"CR-HOO HOO RD","",0,30.05590278,-93.82650833,0,5,0,0,1,1,0,1,2,1,0,1,0,"0000000",99,99,99,99,99,99,0,0,0,1,1
48,483055,2,2,0,0,0,4,4,495,0,16,11,2016,4,17,0,0,1,5,98,3,"SR-302","",128,31.79438333,-103.28183333,0,12,6,0,1,1,0,1,5,1,0,1,0,"0000000",99,99,99,99,99,99,0,0,0,1,0
48,483056,1,1,0,0,0,2,2,153,0,17,11,2016,5,20,51,0,8,98,98,4,"CR-160","CR-189",0,34.11391667,-101.27429444,0,30,0,0,3,2,0,4,3,1,0,1,0,"0000000",99,99,99,99,99,99,0,0,0,1,1
48,483057,2,2,0,0,0,2,2,201,3280,17,11,2016,5,15,3,0,8,98,98,6,"BRAESWOOD BLVD","FERRIS ST",0,29.67889444,-95.47185,0,12,6,0,2,3,0,1,1,1,0,1,0,"0000000",15,3,15,12,15,30,0,0,0,1,0
48,483058,1,1,0,0,0,1,1,277,0,17,11,2016,5,13,30,1,1,3,98,8,"FM905 OLD JEFFERSON RD","",37,33.6052,-95.48108056,0,42,0,0,1,1,0,4,1,1,0,1,0,"0000000",99,99,99,99,99,99,0,0,0,1,0
48,483059,1,1,0,1,1,1,1,339,0,17,11,2016,5,18,34,1,1,1,1,7,"I-69/US-59","",170,30.26248889,-95.14283611,0,8,0,0,1,1,0,1,2,1,0,1,0,"0000000",99,99,99,99,99,99,23,0,0,1,0
48,483060,2,2,0,0,0,6,6,475,0,17,11,2016,5,10,40,1,2,1,1,1,"I-20","",294,31.57586944,-102.93850278,0,12,6,0,1,1,0,1,1,1,0,1,0,"0000000",10,44,10,50,11,17,0,0,0,2,0
48,483061,1,1,0,0,0,1,1,177,0,18,11,2016,6,3,3,1,1,1,1,1,"I-10","",91,29.6922,-97.23118889,0,24,0,0,1,1,1,4,2,10,0,10,0,"0000000",99,98,99,98,88,88,0,0,0,1,0
48,483062,3,3,0,0,0,3,3,177,0,18,11,2016,6,15,31,1,1,1,1,1,"I-10","",20,29.66512778,-97.35029444,0,12,1,0,1,1,0,1,1,1,0,1,0,"0000000",99,99,99,99,99,99,28,0,0,1,0
48,483063,1,1,0,0,0,1,1,241,0,18,11,2016,6,19,50,0,8,98,98,4,"CR-BOAT RAMP","",0,30.92418889,-94.15646667,0,3,0,0,1,1,0,4,2,1,0,1,0,"0000000",99,98,99,98,88,88,0,0,0,1,0
48,483064,1,1,0,0,0,1,1,303,4140,18,11,2016,6,23,16,1,2,1,1,7,"I-27","",229,33.53282222,-101.844875,0,24,0,0,1,1,0,10,3,1,0,1,0,"0000000",23,20,23,26,23,44,0,0,0,1,1
48,483065,1,1,0,1,1,1,1,309,0,18,11,2016,6,5,47,1,1,3,98,3,"SR-31","",127,31.69490556,-96.95152778,0,8,0,0,1,1,0,2,2,1,0,1,0,"0000000",99,98,99,98,88,88,19,0,0,1,0
48,483066,3,3,0,0,0,8,8,365,0,18,11,2016,6,13,30,1,1,3,98,2,"US-79","",93,32.30838611,-94.15726944,0,12,6,0,1,1,0,1,1,2,0,2,0,"0000000",99,99,99,99,99,99,0,0,0,1,0
48,483067,2,2,0,1,1,6,6,1,5170,19,11,2016,7,18,48,1,2,3,98,2,"US-79 OAK ST","",34,31.73243056,-95.673625,0,8,0,0,1,1,0,1,2,1,0,1,0,"0000000",99,98,99,98,88,88,0,0,0,1,0
48,483068,1,1,0,1,1,2,2,147,760,19,11,2016,7,22,49,0,8,98,98,6,"BEECH ST","9TH ST",0,33.58186389,-96.18575278,0,9,0,0,2,2,0,1,2,1,0,1,0,"0000000",22,59,23,24,0,8,0,0,0,1,0
48,483069,2,2,0,0,0,3,3,167,0,19,11,2016,7,17,56,0,2,4,98,8,"FM517","",190,29.48541944,-94.94119444,0,12,1,0,1,1,0,1,1,1,0,1,0,"0000000",99,99,99,99,99,99,0,0,0,2,1
48,483070,1,1,0,0,0,1,1,221,0,19,11,2016,7,12,37,0,1,5,98,8,"FM4","",29,32.47673056,-97.88557778,0,42,0,0,1,1,0,4,1,1,0,1,0,"0000000",12,54,13,15,13,51,0,0,0,1,0
48,483071,1,1,0,0,0,1,1,271,0,19,11,2016,7,20,34,0,1,3,98,2,"US-277","",109,29.11993056,-100.65378056,0,23,0,0,1,1,0,4,2,1,0,1,0,"0000000",99,98,99,98,88,88,0,0,0,1,1
48,483072,2,2,0,0,0,2,2,339,0,19,11,2016,7,1,10,1,1,3,98,3,"SR-105","",116,30.37138056,-95.63061944,0,12,1,0,1,1,0,1,2,1,0,1,0,"0000000",99,98,99,98,88,88,0,0,0,1,1
48,483073,1,1,0,0,0,1,1,181,0,20,11,2016,1,8,0,1,1,3,98,2,"US-82","",135,33.67076944,-96.71515,0,1,0,0,1,1,0,4,1,1,0,1,0,"0000000",99,98,99,98,88,88,0,0,0,1,0
48,483074,3,1,2,1,1,1,1,201,3280,20,11,2016,1,3,10,1,2,1,1,1,"I-610/NORTH LOOP","",133,29.78668333,-95.26561111,0,8,0,0,1,1,0,2,3,1,0,1,0,"0000000",99,98,99,98,88,88,23,0,0,1,0
48,483075,1,1,0,1,1,2,2,237,3460,20,11,2016,1,15,19,1,1,3,98,2,"US-281/MAIN ST","",230,33.22740278,-98.18223333,0,8,0,0,1,1,0,2,1,1,0,1,0,"0000000",99,98,99,98,88,88,0,0,0,1,0
48,483076,1,1,0,0,0,1,1,303,0,20,11,2016,1,18,16,0,1,4,98,8,"FM 179","",182,33.46476111,-102.00888889,0,58,0,0,1,1,0,4,5,1,0,1,0,"0000000",18,15,18,20,19,0,24,0,0,1,0
48,483077,2,2,0,0,0,4,4,367,0,20,11,2016,1,8,40,0,1,4,98,2,"US-180/MINERAL WELLS HWY","FM 113",45,32.79825,-97.98796944,0,12,6,0,2,2,0,1,1,1,0,1,0,"0000000",99,99,99,99,99,99,0,0,0,1,0
48,483078,1,1,0,0,0,2,2,309,0,21,11,2016,2,17,34,1,1,1,1,1,"I-35","",92,31.81795,-97.09845,0,39,0,0,1,1,0,4,3,1,0,1,0,"0000000",99,99,99,99,99,99,0,0,0,1,0
48,483079,1,1,0,1,1,1,1,309,545,21,11,2016,2,19,39,1,2,3,98,2,"US-84/BELLMEAD DR","",13,31.59313889,-97.09693889,0,8,0,0,1,1,0,1,6,1,0,1,0,"0000000",99,98,99,98,88,88,0,0,0,1,0
48,483080,1,1,0,1,1,1,1,499,7560,21,11,2016,2,19,20,0,1,4,98,3,"SR-11/BROADWAY ST","MARKET ST",7,32.95726111,-95.28985,0,8,0,0,2,3,0,1,2,1,0,1,0,"0000000",99,99,99,99,99,99,0,0,0,1,0
48,483081,1,1,0,0,0,1,1,1,0,22,11,2016,3,17,0,0,1,5,98,8,"FM 321","",181,31.86263889,-95.77228056,0,1,0,0,1,1,0,4,5,10,0,10,0,"0000000",99,98,99,98,88,88,0,0,0,1,0
48,483082,2,2,0,0,0,2,2,39,0,22,11,2016,3,7,25,0,8,98,98,4,"CR-220/COALE RD","",0,29.12411944,-95.43966111,0,12,2,0,1,1,0,2,1,1,0,1,0,"0000000",7,38,8,8,8,35,0,0,0,1,0
48,483083,2,2,0,0,0,2,2,145,0,22,11,2016,3,18,5,1,1,3,98,3,"SR-6","",5,31.44951944,-96.92541944,0,12,6,0,1,1,0,1,2,10,0,10,0,"0000000",99,99,99,99,99,99,0,0,0,1,0
48,483084,2,2,0,0,0,2,2,259,0,22,11,2016,3,16,8,0,1,4,98,8,"FM 473","",294,29.96966944,-98.47665,0,24,0,0,1,1,0,4,1,10,0,10,0,"0000000",16,12,16,33,17,27,0,0,0,1,0
48,483085,1,1,0,0,0,1,1,405,0,22,11,2016,3,14,50,0,1,4,98,3,"SR-21","",29,31.50838056,-94.25275,0,35,0,0,1,1,0,4,1,10,0,10,0,"0000000",99,98,99,98,88,88,0,0,0,1,1
48,483086,1,1,0,0,0,8,8,467,0,22,11,2016,3,15,47,0,8,98,98,4,"CR-4907","",0,32.40806111,-95.57388889,0,42,0,0,1,1,0,4,1,2,0,2,0,"0000000",99,99,99,99,99,99,0,0,0,1,0
48,483087,1,1,0,1,1,1,1,485,7490,22,11,2016,3,21,26,1,2,3,98,8,"BU-287/IOWA PARK RD","",241,33.93476667,-98.56333889,0,15,0,0,1,1,0,1,2,1,0,1,0,"0000000",21,55,21,59,22,18,0,0,0,1,0
48,483088,1,1,0,0,0,1,1,491,2620,23,11,2016,4,21,3,0,8,98,98,6,"COOL SPRING WAY","",0,30.73373056,-97.74218611,0,42,0,0,1,1,0,4,3,1,0,1,0,"0000000",21,2,21,10,22,3,0,0,0,1,1
48,483089,2,2,0,0,0,2,2,27,3690,24,11,2016,5,2,56,1,2,3,98,8,"BU-190/VETERANS MEMORIAL BLVD","",68,31.09319444,-97.67882778,0,12,2,0,1,1,0,1,3,1,0,1,0,"0000000",99,99,99,99,88,88,0,0,0,1,0
48,483090,1,1,0,0,0,1,1,85,0,24,11,2016,5,15,49,0,1,6,98,8,"FM 1827/NEW HOPE RD","",70,33.23431111,-96.54005,0,33,0,0,1,1,0,4,1,1,0,1,0,"0000000",99,98,99,98,88,88,0,0,0,1,1
48,483091,1,1,0,1,1,3,3,113,387,24,11,2016,5,19,43,1,2,1,1,1,"I-20","",16,32.70298889,-96.60116389,0,8,0,1,18,1,0,1,2,1,0,1,0,"0000000",99,98,99,98,88,88,0,0,0,1,0
48,483092,3,1,2,1,2,2,3,113,2590,24,11,2016,5,1,5,1,2,2,98,3,"SR-190 PGB","",264,32.946825,-96.612475,0,14,0,1,19,1,0,8,3,1,0,1,0,"0000000",1,7,1,14,1,31,23,0,0,1,1
48,483093,1,1,0,1,1,2,2,141,0,24,11,2016,5,5,39,1,1,1,1,1,"I-10","",469,31.56001667,-106.16266944,0,8,0,0,1,1,0,1,2,1,0,1,0,"0000000",5,50,6,7,6,23,0,0,0,1,0
48,483094,2,2,0,0,0,2,2,219,230,24,11,2016,5,11,11,0,8,98,98,6,"LAWRENCE AVE","5TH ST",0,33.81205,-102.164575,0,12,6,0,2,2,0,1,1,1,0,1,0,"0000000",11,8,11,19,11,55,0,0,0,1,0
48,483095,2,2,0,0,0,5,5,291,0,24,11,2016,5,11,0,0,1,5,98,8,"FM 2610","CR-2850",21,30.46305278,-94.84188333,0,1,0,0,2,2,0,1,1,1,0,1,0,"0000000",99,98,99,98,88,88,14,0,0,1,0
48,483096,1,1,0,1,1,1,1,453,330,24,11,2016,5,18,37,1,2,1,1,1,"I-35","",225,30.33001667,-97.70549444,0,8,0,0,1,1,0,1,5,10,0,10,0,"0000000",18,39,18,46,19,22,0,0,0,1,0
48,483097,1,1,0,1,1,1,1,29,6090,25,11,2016,6,23,9,0,8,98,98,6,"CULEBRA RD","",0,29.45955278,-98.63908056,0,8,0,0,1,1,0,1,3,1,0,1,0,"0000000",99,99,99,99,99,99,0,0,0,1,0
48,483098,1,1,0,0,0,1,1,113,1730,25,11,2016,6,2,29,0,8,98,98,8,"MILITARY PKWY","",0,32.76846944,-96.67543889,0,1,0,0,1,1,1,3,3,10,0,10,0,"0000000",99,98,99,98,88,88,0,0,0,1,0
48,483099,1,1,0,0,0,1,1,141,0,25,11,2016,6,2,33,0,1,4,98,3,"SR-20 ALAMEDA AVE","",502,31.48597778,-106.13948889,0,38,0,0,1,1,0,5,2,1,0,1,0,"0000000",99,98,99,98,88,88,0,0,0,1,1
48,483100,1,1,0,0,0,1,1,303,4140,25,11,2016,6,3,6,1,2,2,98,7,"SL 289","",70,33.52894722,-101.82305,0,38,0,1,19,1,0,4,2,1,0,1,0,"0000000",99,98,99,98,88,88,0,0,0,1,1
48,483101,1,1,0,0,0,1,1,309,0,25,11,2016,6,22,2,0,1,5,98,8,"FM 939","",120,31.55886389,-96.83616111,0,42,0,0,1,1,0,4,2,1,0,1,0,"0000000",99,98,99,98,88,88,0,0,0,1,1
48,483102,1,1,0,0,0,1,1,71,0,26,11,2016,7,11,5,0,1,6,98,8,"FM 562","",201,29.55769444,-94.72806667,0,38,0,0,1,1,0,5,1,1,0,1,0,"0000000",99,98,99,98,88,88,0,0,0,1,1
48,483103,2,2,0,0,0,4,4,99,0,26,11,2016,7,2,41,0,1,4,98,3,"SR-36","",342,31.27408889,-97.51803889,0,12,2,0,1,1,0,1,2,1,0,1,0,"0000000",99,99,99,99,99,99,0,0,0,1,1
48,483104,1,1,0,1,1,1,1,113,1730,26,11,2016,7,1,0,1,2,3,98,3,"SR-352 SCYENE RD","",33,32.76343889,-96.69621389,0,8,0,0,1,1,0,1,3,10,0,10,0,"0000000",99,98,99,98,88,88,0,0,0,1,0
48,483105,1,1,0,0,0,2,2,121,9997,26,11,2016,7,23,7,0,8,98,98,6,"PANTHER CREEK PKWY","",0,33.19161667,-96.87698889,0,46,0,0,1,1,0,4,3,1,0,1,0,"0000000",99,99,99,99,99,99,0,0,0,1,0
48,483106,1,1,0,0,0,1,1,201,0,26,11,2016,7,17,43,1,2,1,1,7,"I-45","BARREN SPRINGS DR",405,29.98983333,-95.42439722,0,30,0,0,3,3,0,10,2,1,0,1,0,"0000000",99,99,99,99,88,88,0,0,0,1,1