"STATE","ST_CASE","VE_TOTAL","VE_FORMS","PVH_INVL","PEDS","PERNOTMVIT","PERMVIT","PERSONS","COUNTY","CITY","DAY","MONTH","YEAR","DAY_WEEK","HOUR","MINUTE","NHS","RUR_URB","FUNC_SYS","RD_OWNER","ROUTE","TWAY_ID","TWAY_ID2","MILEPT","LATITUDE","LONGITUD","SP_JUR","HARM_EV","MAN_COLL","RELJCT1","RELJCT2","TYP_INT","WRK_ZONE","REL_ROAD","LGT_COND","WEATHER1","WEATHER2","WEATHER","SCH_BUS","RAIL","NOT_HOUR","NOT_MIN","ARR_HOUR","ARR_MIN","HOSP_HR","HOSP_MN","CF1","CF2","CF3","FATALS","DRUNK_DR"
48,483107,1,1,0,0,0,1,1,363,0,26,11,2016,7,23,10,1,1,1,1,1,"I-20","",183,32.61685833,-98.09805556,0,34,0,1,19,1,0,10,2,1,0,1,0,"0000000",99,98,99,98,88,88,20,0,0,1,1
48,483108,1,1,0,0,0,2,2,407,0,26,11,2016,7,14,14,0,8,98,98,4,"CR-ELDRIDGE RD","",0,30.53284722,-95.22738333,0,1,0,0,1,1,0,1,1,1,0,1,0,"0000000",99,98,99,98,88,88,0,0,0,1,0
48,483109,1,1,0,0,0,1,1,85,5390,27,11,2016,1,22,20,0,8,98,98,6,"SHILOH RD","",0,33.02570556,-96.66400556,0,33,0,0,1,1,0,4,3,10,0,10,0,"0000000",22,20,22,22,22,41,0,0,0,1,1
48,483110,2,2,0,0,0,3,3,113,1730,27,11,2016,1,5,46,1,2,1,1,1,"I-35 STEMMONS FWY","",245,32.85646944,-96.88790833,0,12,11,0,1,1,0,1,2,10,0,10,0,"0000000",5,50,6,0,6,40,0,0,0,1,0
48,483111,1,1,0,1,1,1,1,167,3850,27,11,2016,1,19,42,0,2,4,98,8,"FM519 MAIN ST","",71,29.35812778,-94.97120833,0,9,0,0,8,1,0,1,6,1,0,1,0,"0000000",19,43,19,53,20,8,0,0,0,1,0
48,483112,2,2,0,0,0,3,3,201,0,27,11,2016,1,2,1,0,8,98,98,4,"CR-SPRING CYPRESS RD","",0,30.01309722,-95.59319167,0,12,9,0,8,1,0,1,2,1,0,1,0,"0000000",99,98,99,98,88,88,0,0,0,1,2
48,483113,1,1,0,0,0,1,1,281,0,27,11,2016,1,15,42,1,1,3,98,2,"US-190","",34,31.05907778,-98.13913333,0,35,0,0,1,1,0,4,1,10,0,10,0,"0000000",99,99,99,99,99,99,0,0,0,1,0
48,483114,1,1,0,0,0,3,3,113,1870,28,11,2016,2,10,0,0,8,98,98,6,"WINTERGREEN RD","",0,32.61903333,-96.82691944,0,42,0,0,1,1,0,3,1,2,0,2,0,"0000000",10,1,10,4,10,23,0,0,0,1,0
48,483115,2,2,0,0,0,2,2,177,0,28,11,2016,2,2,24,1,1,3,98,2,"US-183","",64,29.57069722,-97.51223056,0,12,6,0,1,1,0,1,2,1,0,1,0,"0000000",99,99,99,99,99,99,0,0,0,1,1
48,483116,2,2,0,0,0,2,2,201,3280,28,11,2016,2,17,48,0,8,98,98,6,"FONDREN RD","",0,29.71291389,-95.52098611,0,12,2,0,1,1,0,1,1,1,0,1,0,"0000000",17,48,17,53,18,13,0,0,0,1,1
48,483117,1,1,0,0,0,1,1,113,1730,29,11,2016,3,5,30,1,2,2,98,8,"SS408 PATRIOT PKWY","",12,32.72248889,-96.91770556,0,59,0,0,1,1,0,4,3,10,0,10,0,"0000000",5,33,5,34,5,54,0,0,0,1,0
48,483118,1,1,0,0,0,1,1,113,1870,29,11,2016,3,20,39,0,8,98,98,6,"POLK ST","",0,32.61049722,-96.84011389,0,17,0,0,1,1,0,3,3,1,0,1,0,"0000000",99,98,99,98,88,88,0,0,0,1,1
48,483119,1,1,0,1,1,1,1,453,330,29,11,2016,3,17,53,0,8,98,98,6,"MANOR RD","",0,30.28693889,-97.70243056,0,8,0,0,1,1,0,1,5,1,0,1,0,"0000000",17,53,17,56,18,13,0,0,0,1,0
48,483120,1,1,0,0,0,1,1,113,3420,30,11,2016,4,23,8,1,2,2,98,3,"SR-161 GEORGE BUSH TPKE","",150,32.83853611,-97.01745,0,25,0,1,19,1,0,4,2,1,0,1,0,"0000000",99,98,99,98,88,88,0,0,0,1,1
48,483121,1,1,0,0,0,1,1,181,1830,30,11,2016,4,23,25,1,2,2,98,7,"US-75","",69,33.77816667,-96.58500278,0,33,0,0,1,1,1,8,3,1,0,1,0,"0000000",99,98,99,98,88,88,0,0,0,1,0
48,483122,1,1,0,0,0,2,2,201,5230,30,11,2016,4,23,25,1,2,3,98,3,"SR-NASA","",86,29.56668333,-95.06239722,0,38,0,0,1,1,0,5,3,1,0,1,0,"0000000",23,36,23,56,0,21,0,0,0,1,1
48,483123,1,1,0,1,1,1,1,373,4020,30,11,2016,4,19,50,0,2,4,98,3,"SR-146 HOUSTON AVE","",14,30.6955,-94.91914167,0,8,0,0,1,1,0,1,3,1,0,1,0,"0000000",99,98,99,98,88,88,0,0,0,1,0
48,483125,2,2,0,0,0,3,3,147,760,1,12,2016,5,16,0,1,2,3,98,2,"US-82","THOMAS L HAYES BLVD",5,33.60386389,-96.16599722,0,12,6,0,2,2,0,1,1,1,0,1,0,"0000000",99,99,99,99,99,99,0,0,0,1,0
48,483126,1,1,0,1,1,1,1,91,4870,2,12,2016,6,8,16,1,2,1,1,1,"I-35","",151,29.739175,-98.06634167,0,8,0,0,1,1,0,1,1,10,0,10,0,"0000000",99,98,99,98,88,88,0,0,0,1,0
48,483127,2,2,0,0,0,5,5,93,0,2,12,2016,6,15,40,0,1,5,98,3,"SR-16","FM2861",111,31.96201111,-98.56237222,0,12,1,0,2,3,0,1,1,2,0,2,0,"0000000",15,43,15,53,16,8,0,0,0,1,0
48,483128,1,1,0,0,0,1,1,459,0,2,12,2016,6,12,25,0,1,6,98,8,"FM2454","",66,32.82070278,-94.97728889,0,42,0,0,1,1,0,4,1,10,0,10,0,"0000000",99,98,99,98,88,88,0,0,0,1,0
48,483129,1,1,0,1,1,1,1,491,5990,2,12,2016,6,22,59,0,8,98,98,6,"MAYS ST","MAIN ST",0,30.50855556,-97.67881111,0,8,0,0,1,1,0,1,3,2,0,2,0,"0000000",99,98,99,98,88,88,0,0,0,1,0
48,483130,2,2,0,0,0,2,2,71,0,3,12,2016,7,8,30,0,1,5,98,8,"FM563","",175,29.80169722,-94.65759167,0,12,2,0,1,1,0,1,1,2,0,2,0,"0000000",99,99,99,99,99,99,0,0,0,1,0
48,483131,1,1,0,0,0,3,3,73,0,3,12,2016,7,17,4,0,1,5,98,8,"FM 22","",50,31.89574444,-95.15891111,0,42,0,0,1,1,0,4,5,2,0,2,0,"0000000",99,99,99,99,99,99,0,0,0,1,1
48,483132,3,3,0,0,0,6,6,201,3280,3,12,2016,7,19,3,0,2,3,98,8,"FM 1960","",352,30.02050833,-95.10015278,0,12,7,0,1,1,0,1,3,2,0,2,0,"0000000",19,2,19,28,19,59,0,0,0,2,0
48,483133,2,2,0,1,1,1,1,113,387,4,12,2016,1,12,1,1,2,1,1,1,"I-635","",11,32.71141111,-96.62008889,0,12,1,0,1,1,0,1,1,1,0,1,0,"0000000",12,6,12,12,12,36,23,0,0,1,0
48,483134,1,1,0,0,0,4,4,113,3420,4,12,2016,1,19,57,1,2,2,98,3,"SR-183 AIRPORT FWY","",75,32.83707222,-96.9227,0,25,0,1,5,1,0,10,3,1,0,1,0,"0000000",20,0,20,6,20,20,0,0,0,2,0
48,483135,1,1,0,1,1,3,3,141,2190,4,12,2016,1,2,36,1,2,3,98,8,"SL 478 DYER ST","",75,31.81941944,-106.44468333,0,8,0,0,1,1,0,1,2,1,0,1,0,"0000000",2,37,2,40,3,10,0,0,0,1,1
48,483136,2,2,0,0,0,2,2,187,6290,4,12,2016,1,16,25,1,2,1,1,7,"I-10","NEW BRAUNFELS",134,29.58691667,-97.98805,0,12,2,0,2,3,0,1,2,2,0,2,0,"0000000",99,99,99,99,99,99,0,0,0,1,0
48,483137,1,1,0,0,0,1,1,439,1654,4,12,2016,1,11,21,0,8,98,98,6,"MAIN ST","",0,32.57819722,-97.34277778,0,24,0,0,1,1,0,4,1,10,0,10,0,"0000000",11,24,11,28,11,47,0,0,0,1,0
48,483138,1,1,0,0,0,1,1,139,2240,5,12,2016,2,8,22,1,2,1,1,1,"I-45","",41,32.29739167,-96.56823056,0,21,0,1,19,1,0,4,1,10,0,10,0,"0000000",99,98,99,98,88,88,0,0,0,1,0
48,483139,3,3,0,0,0,6,6,113,2590,14,12,2016,4,11,5,0,8,98,98,6,"NORTHWEST HWY","CENTERVILLE RD",0,32.86118889,-96.64261111,0,12,6,0,2,2,0,1,1,10,0,10,0,"0000000",11,7,11,9,11,40,0,0,0,1,0
48,483140,1,1,0,0,0,2,2,423,0,5,12,2016,2,12,55,0,1,5,98,8,"FM 14","",29,32.54375833,-95.25249167,0,52,0,0,1,1,0,4,1,2,0,2,0,"0000000",13,8,13,9,14,24,0,0,0,1,0
48,483141,2,2,0,0,0,3,3,409,0,6,12,2016,3,13,0,1,1,3,98,2,"US-77","FM 1944",141,27.97125278,-97.56349444,0,12,6,0,2,3,0,1,1,1,0,1,0,"0000000",99,99,99,99,99,99,0,0,0,1,0
48,483142,3,3,0,0,0,3,3,439,2450,6,12,2016,3,11,29,1,1,1,1,1,"I-35 W/NORTH FREEWAY","",98,32.78996944,-97.32111944,0,18,0,0,1,1,1,4,1,10,0,10,0,"0000000",99,99,99,99,99,99,14,0,0,1,0
48,483143,2,2,0,1,1,3,3,201,3280,7,12,2016,4,4,0,1,2,3,98,3,"SR-3/GALVESTON RD","",113,29.56420833,-95.1429,0,8,0,0,1,1,0,1,2,1,0,1,0,"0000000",99,98,99,98,88,88,0,0,0,1,1
48,483144,2,2,0,0,0,3,3,503,2770,21,9,2016,4,6,27,0,1,4,98,2,"US-380","CLIFF DR",63,33.11722778,-98.56857778,0,12,1,0,3,2,0,1,3,1,0,1,0,"0000000",6,27,6,35,6,50,0,0,0,1,0
48,483145,2,2,0,0,0,2,2,29,6090,18,11,2016,6,12,16,1,2,2,98,3,"SR-151RAMP","",50,29.437875,-98.65555833,0,52,0,1,5,1,1,4,1,1,0,1,0,"0000000",99,98,99,98,88,88,14,0,0,1,0
48,483146,1,1,0,0,0,1,1,133,0,19,11,2016,7,6,50,0,1,3,98,2,"US-183","",60,32.18428889,-98.95985,0,42,0,0,1,1,0,4,2,1,0,1,0,"0000000",99,98,99,98,88,88,0,0,0,1,0
48,483147,2,2,0,0,0,3,3,9,0,20,11,2016,1,16,32,1,1,3,98,2,"US-82","",53,33.75138889,-98.87215,0,12,2,0,1,1,1,1,1,1,0,1,0,"0000000",16,31,16,49,17,46,0,0,0,1,1
48,483148,1,1,0,0,0,1,1,113,6260,20,11,2016,1,10,4,1,2,2,98,2,"US-175","",146,32.648575,-96.54129167,0,30,0,0,1,1,0,4,1,1,0,1,0,"0000000",99,99,99,99,99,99,0,0,0,1,0
48,483149,2,2,0,0,0,2,2,81,0,21,11,2016,2,16,42,0,1,4,98,2,"US-277","",27,31.96361944,-100.27658056,0,12,2,0,1,1,0,1,1,1,0,1,0,"0000000",17,4,17,20,19,0,0,0,0,1,0
48,483150,1,1,0,1,1,2,2,201,3280,21,11,2016,2,23,0,0,8,98,98,6,"SOUTHMORE BLVD","",0,29.72115,-95.37537778,0,8,0,0,1,1,0,1,3,1,0,1,0,"0000000",23,1,23,5,23,28,0,0,0,1,0
48,483151,4,4,0,0,0,5,5,453,3541,22,11,2016,3,7,57,0,1,4,98,8,"FM 1431","",180,30.48198889,-97.93598056,0,12,6,0,1,1,0,1,1,10,0,10,0,"0000000",7,58,8,8,8,50,0,0,0,1,0
48,483152,1,1,0,1,1,2,2,149,0,23,11,2016,4,20,51,0,1,4,98,2,"US-77","",225,29.78206111,-96.90993056,0,8,0,0,1,1,0,1,2,1,0,1,0,"0000000",99,98,99,98,88,88,0,0,0,1,0
48,483153,2,2,0,0,0,6,6,303,0,23,11,2016,4,13,41,1,1,3,98,2,"US-87","FM 41",108,33.41413889,-101.82476944,0,12,6,0,2,2,0,1,1,1,0,1,0,"0000000",13,40,13,51,14,19,0,0,0,1,0
48,483154,1,1,0,1,1,2,2,349,0,23,11,2016,4,17,5,0,1,6,98,8,"FM 709","",124,31.89866944,-96.75743889,0,9,0,0,1,1,0,1,1,1,0,1,0,"0000000",17,32,17,58,19,15,0,0,0,1,0
48,483155,2,2,0,0,0,3,3,287,0,24,11,2016,5,21,21,0,1,6,98,3,"SR-21","FM 1624",365,30.27168056,-96.96553889,0,12,6,0,2,2,0,1,2,1,0,1,0,"0000000",21,9,21,25,22,19,0,0,0,1,0
48,483156,1,1,0,0,0,3,3,499,0,24,11,2016,5,14,17,0,1,5,98,8,"FM 2869","",622,32.70055,-95.21103056,0,1,0,0,1,1,0,1,1,1,0,1,0,"0000000",14,25,14,37,15,47,0,0,0,1,0
48,483157,2,2,0,0,0,2,2,71,0,25,11,2016,6,5,15,1,1,1,1,1,"I-10","",131,29.83128056,-94.49448056,0,12,1,0,1,1,0,1,2,1,0,1,0,"0000000",5,25,6,0,6,37,0,0,0,1,0
48,483158,1,1,0,0,0,1,1,453,330,25,11,2016,6,17,18,0,8,98,98,6,"LAMAR BLVD","",0,30.33827778,-97.71846667,0,42,0,0,1,1,0,4,1,1,0,1,0,"0000000",99,98,99,98,88,88,0,0,0,1,0
48,483159,2,2,0,0,0,3,3,201,0,26,11,2016,7,21,25,0,8,98,98,4,"CR-MONTGOMERY RD","CR-MOUNT HOUSTON RD",0,29.89533333,-95.46166389,0,12,6,0,2,3,0,1,3,1,0,1,0,"0000000",99,98,99,98,88,88,0,0,0,1,1
48,483160,1,1,0,0,0,1,1,363,0,26,11,2016,7,6,24,0,1,4,98,2,"US-281","",175,32.75971111,-98.10513889,0,42,0,0,1,1,0,4,2,1,0,1,0,"0000000",99,98,99,98,88,88,0,0,0,1,0
48,483161,1,1,0,0,0,1,1,473,0,26,11,2016,7,7,9,0,8,98,98,4,"CR-JOSEPH RD","",0,30.15286944,-95.89893889,0,1,0,0,1,1,0,4,1,1,0,1,0,"0000000",99,98,99,98,88,88,0,0,0,1,1
48,483162,2,2,0,0,0,4,4,113,1730,27,11,2016,1,21,35,1,2,3,1,8,"SL12 LEDBETTER DR","",71,32.69136389,-96.8585,0,12,11,0,8,1,0,4,3,10,0,10,0,"0000000",99,99,99,99,99,99,0,0,0,1,1
48,483163,1,1,0,1,1,1,1,439,3840,27,11,2016,1,23,12,1,2,2,98,3,"SR-199 LAKE WORTH BLVD","ROBERTS CUT OFF DR",106,32.80394444,-97.41195278,0,8,0,0,2,2,0,1,2,10,0,10,0,"0000000",99,98,99,98,88,88,0,0,0,1,0
48,483164,2,2,0,0,0,2,2,21,0,28,11,2016,2,5,1,1,1,3,98,2,"US-290","",235,30.20013889,-97.07728056,0,12,2,0,1,1,0,1,2,10,0,10,0,"0000000",5,15,5,39,6,29,0,0,0,1,0
48,483165,2,2,0,0,0,2,2,27,6810,28,11,2016,2,17,15,1,2,1,1,7,"I-35 GENERAL BRUCE DR","SL363 H K DIDGEN LP",209,31.09103333,-97.38680278,0,12,6,1,2,2,0,1,1,1,0,1,0,"0000000",99,99,99,99,99,99,0,0,0,1,0
48,483166,2,2,0,0,0,3,3,347,0,28,11,2016,2,15,15,0,1,6,98,8,"FM2863","",7,31.56807222,-94.65793889,0,12,6,0,1,1,0,1,1,1,0,1,0,"0000000",15,18,15,28,16,5,0,0,0,2,1
48,483167,3,3,0,0,0,4,4,29,6090,29,11,2016,3,17,55,1,2,3,98,8,"PA1502","FM2696",311,29.54620556,-98.43579722,0,12,6,0,2,3,0,1,3,1,0,1,0,"0000000",99,99,99,99,99,99,0,0,0,1,1
48,483168,1,1,0,0,0,1,1,231,0,29,11,2016,3,5,42,0,1,4,98,3,"SR-34","",20,32.96224444,-96.10878611,0,32,0,0,1,1,0,4,2,1,0,1,0,"0000000",99,99,99,99,99,99,0,0,0,1,0
48,483169,1,1,0,0,0,1,1,303,4140,29,11,2016,3,2,45,1,2,2,98,7,"SL289","",26,33.57441111,-101.78733056,0,59,0,0,1,1,0,10,3,1,0,1,0,"0000000",99,98,99,98,88,88,20,0,0,1,0
48,483170,2,2,0,0,0,3,3,323,0,29,11,2016,3,20,18,0,1,3,98,2,"US-57","",108,28.81766944,-100.34189444,0,12,2,0,1,1,0,1,2,1,0,1,0,"0000000",99,98,99,98,88,88,0,0,0,3,0
48,483171,2,2,0,0,0,2,2,373,0,29,11,2016,3,12,45,0,1,4,98,2,"US-190","",31,30.70879167,-94.90190278,0,12,2,0,1,1,0,1,1,1,0,1,0,"0000000",99,99,99,99,99,99,0,0,0,1,0
48,483172,2,2,0,0,0,4,4,401,0,29,11,2016,3,7,36,0,1,4,98,3,"SR-64","",12,32.19385278,-94.96623056,0,12,6,0,1,1,0,1,1,1,0,1,0,"0000000",7,45,7,59,8,44,0,0,0,2,0
48,483174,2,2,0,1,1,2,2,141,2190,30,11,2016,4,18,53,1,2,3,98,3,"SR-20 ALAMEDA AVE","",301,31.71548056,-106.35038889,0,8,0,0,1,1,0,1,3,1,0,1,0,"0000000",18,53,18,58,19,19,0,0,0,1,0
48,483175,1,1,0,0,0,1,1,167,2570,30,11,2016,4,23,28,1,2,3,98,3,"SR-275 HARBORSIDE DR","",35,29.30226667,-94.81286389,0,59,0,0,1,1,0,4,2,1,0,1,0,"0000000",23,30,23,36,23,50,0,0,0,1,0
48,483176,1,1,0,1,1,1,1,331,0,30,11,2016,4,20,18,0,1,5,98,8,"FM 487","",24,30.63506667,-97.00990833,0,8,0,0,1,1,0,1,2,1,0,1,0,"0000000",20,17,20,22,20,50,0,0,0,1,0
48,483177,2,2,0,0,0,2,2,439,2850,30,11,2016,4,8,12,1,2,2,98,3,"SR-121","",12,32.96030833,-97.0392,0,12,6,1,20,1,0,1,1,1,0,1,0,"0000000",8,15,8,30,8,46,0,0,0,1,0
48,483178,1,1,0,1,1,1,1,71,0,1,12,2016,5,5,50,1,1,1,1,7,"I-10","",180,29.82694444,-94.41003611,0,8,0,0,1,1,0,1,2,1,0,1,0,"0000000",99,98,99,98,88,88,0,0,0,1,0
48,483179,2,2,0,0,0,13,13,455,0,1,12,2016,5,7,10,0,1,6,98,8,"FM 1893","",5,31.00167778,-95.42808611,0,12,1,0,1,1,0,1,1,1,0,1,1,"0000000",99,99,99,99,99,99,0,0,0,1,0
48,483180,1,1,0,1,1,1,1,5,4160,2,12,2016,6,21,32,1,2,4,98,8,"BU-69 J DENMAN AVE","",6,31.32633056,-94.714275,0,8,0,0,1,1,0,1,3,2,0,2,0,"0000000",99,98,99,98,88,88,0,0,0,1,0
48,483181,1,1,0,1,1,1,1,37,0,2,12,2016,6,17,55,1,2,3,98,2,"US-82","",67,33.44727778,-94.16388333,0,8,0,0,1,1,0,1,2,10,0,10,0,"0000000",99,98,99,98,88,88,0,0,0,1,0
48,483182,1,1,0,0,0,1,1,157,0,2,12,2016,6,2,49,1,2,2,98,8,"UA 90","FM 359",201,29.59431944,-95.74199722,0,25,0,0,3,3,1,4,2,10,0,10,0,"0000000",99,99,99,99,99,99,0,0,0,1,1
48,483183,2,2,0,0,0,2,2,395,0,2,12,2016,6,23,0,1,1,3,98,2,"US-79","FM 1644",41,30.83473333,-96.6402,0,12,6,0,2,3,0,1,2,2,0,2,0,"0000000",99,99,99,99,99,99,0,0,0,1,1
48,483184,3,3,0,1,1,3,3,439,2450,2,12,2016,6,5,21,1,2,1,1,1,"I-30","",192,32.73308333,-97.39564722,0,8,0,1,20,1,0,1,3,1,0,1,0,"0000000",88,88,88,88,88,88,0,0,0,1,0
48,483185,1,1,0,2,2,1,1,29,6090,4,12,2016,1,0,38,1,2,1,1,1,"I-10","",67,29.65691667,-98.62595833,0,8,0,0,1,1,0,3,2,1,0,1,0,"0000000",99,99,99,99,99,99,19,0,0,1,0
48,483186,1,1,0,1,1,1,1,121,1840,6,12,2016,3,23,53,1,2,3,98,8,"SL 288","",21,33.20133333,-97.09101944,0,9,0,0,1,1,0,1,3,1,0,1,0,"0000000",99,99,99,99,99,99,0,0,0,1,0
48,483187,1,1,0,0,0,1,1,201,3280,8,12,2016,5,8,4,0,8,98,98,6,"WESTHEIMER PKWY","",0,29.725375,-95.70865278,0,52,0,0,1,1,0,4,9,10,0,10,0,"0000000",99,98,99,98,88,88,0,0,0,1,1
48,483188,1,1,0,1,1,1,1,201,3280,24,7,2016,1,10,23,1,2,1,1,7,"US-59","",55,29.8205,-95.33582222,0,8,0,0,1,1,0,1,2,1,0,1,0,"0000000",99,98,99,98,88,88,0,0,0,1,0
48,483189,2,2,0,0,0,2,2,225,0,30,10,2016,1,16,33,1,1,3,98,3,"SR-71","",91,31.39071944,-95.06765556,0,12,8,0,1,1,0,1,1,1,0,1,0,"0000000",99,99,99,99,99,99,0,0,0,1,0
48,483190,3,3,0,0,0,4,4,439,6485,5,11,2016,7,8,56,1,2,3,98,8,"FM 1709 SOUTHLAKE BLVD","RANDOL MILL AVE",90,32.9377,-97.18580278,0,12,6,0,2,2,1,1,1,10,0,10,0,"0000000",8,54,8,56,9,33,0,0,0,1,0
48,483191,1,1,0,0,0,2,2,201,3280,11,11,2016,6,21,40,0,8,98,98,6,"THORNWALL ST","",0,29.82660556,-95.48318333,0,1,0,0,1,1,0,1,3,1,0,1,0,"0000000",21,40,21,46,22,20,0,0,0,1,0
48,483192,1,1,0,1,1,1,1,439,2450,12,11,2016,7,18,19,1,2,3,98,8,"BU-287 MAIN ST","",146,32.79823889,-97.35002222,0,8,0,0,1,1,0,1,2,1,0,1,0,"0000000",18,19,18,30,18,55,0,0,0,1,0
48,483193,1,1,0,0,0,6,6,185,4830,15,11,2016,3,22,55,1,2,3,98,3,"SR-105 WASHINGTON AVE","",425,30.38061111,-96.10423611,0,1,0,0,1,1,0,1,3,1,0,1,0,"0000000",99,99,99,99,99,99,0,0,0,1,1
48,483194,2,2,0,0,0,2,2,339,4999,21,11,2016,2,1,35,1,2,1,1,1,"I-45","",30,30.17920278,-95.45175,0,12,1,0,1,1,0,1,2,10,0,10,0,"0000000",99,99,99,99,99,99,0,0,0,1,1
48,483195,2,1,1,1,2,1,2,245,490,23,11,2016,4,7,56,1,2,2,98,2,"US-69 EASTEX FWY","",33,30.10740556,-94.13683611,0,8,0,0,1,1,1,3,1,2,0,2,0,"0000000",99,99,99,99,99,99,19,0,0,1,0
48,483196,2,2,0,1,1,2,2,453,330,23,11,2016,4,3,36,1,2,1,1,1,"I-35","",34,30.14622222,-97.79371111,0,8,0,0,1,1,0,1,2,10,0,10,0,"0000000",99,98,99,98,88,88,0,0,0,1,0
48,483197,2,2,0,0,0,3,3,187,0,26,11,2016,7,0,50,1,1,4,98,3,"SR-123","",55,29.72859444,-97.95625556,0,12,2,0,1,1,0,1,2,1,0,1,0,"0000000",99,98,99,98,88,88,0,0,0,3,1
48,483198,1,1,0,1,1,1,1,201,3280,27,11,2016,1,18,5,0,8,98,98,6,"BELLFORT ST","",0,29.65698611,-95.50011389,0,8,0,0,1,1,0,1,3,10,0,10,0,"0000000",18,8,18,13,18,42,0,0,0,1,0
48,483199,2,2,0,0,0,4,4,491,0,27,11,2016,1,21,53,0,1,4,98,3,"SR-95","",129,30.62936111,-97.43086111,0,12,6,0,8,1,0,1,3,1,0,1,0,"0000000",21,55,21,58,22,38,0,0,0,1,0
48,483200,2,2,0,0,0,2,2,479,0,28,11,2016,2,6,55,1,1,3,98,7,"US-83","SR-255",282,27.82084444,-99.46555278,0,12,6,0,2,2,0,1,4,1,0,1,0,"0000000",99,98,99,98,88,88,0,0,0,1,0
48,483201,1,1,0,0,0,1,1,187,0,29,11,2016,3,5,30,0,1,5,98,2,"US-90","",177,29.65642222,-97.73872778,0,42,0,0,1,1,0,4,2,10,0,10,0,"0000000",99,98,99,98,88,88,0,0,0,1,0
48,483202,1,1,0,0,0,1,1,487,0,30,11,2016,4,11,50,0,8,98,98,4,"CR-111","",0,34.13638889,-99.17534444,0,10,0,0,6,1,0,1,1,1,0,1,0,"274953W",99,99,99,99,99,99,0,0,0,1,0
48,483203,1,1,0,0,0,2,2,215,0,23,11,2016,4,0,23,0,8,98,98,6,"MILE 4 1/2 W RD","BELEBN ST",0,26.20709444,-97.98350278,0,1,0,0,3,3,0,1,2,1,0,1,0,"0000000",99,99,99,99,99,99,0,0,0,1,1
48,483204,2,2,0,0,0,2,2,361,885,28,11,2016,2,9,0,1,2,3,98,3,"SR-73","",90,30.03521389,-93.83138889,0,12,6,0,8,1,0,1,1,10,0,10,0,"0000000",99,99,99,99,99,99,0,0,0,1,0
48,483205,2,2,0,1,1,2,2,245,490,1,12,2016,5,20,31,1,2,3,98,2,"US-90 COLLEGE","",1,30.06740556,-94.1882,0,8,0,0,1,1,0,1,2,1,0,1,0,"0000000",99,98,99,98,88,88,0,0,0,1,0
48,483206,4,4,0,0,0,13,13,227,0,2,12,2016,6,22,41,1,2,1,1,1,"I-20","",218,32.23438333,-101.52494444,0,12,1,0,1,1,0,1,2,2,0,2,1,"0000000",22,15,22,25,23,8,0,0,0,1,1
48,483207,2,2,0,0,0,4,4,475,0,2,12,2016,6,6,43,0,1,4,98,8,"BI-20","",154,31.46134722,-103.37921111,0,12,6,0,1,1,0,1,2,1,0,1,0,"0000000",99,99,99,99,99,99,0,0,0,2,0
48,483208,3,3,0,0,0,9,9,171,0,3,12,2016,7,11,51,1,1,3,98,2,"US-290","",58,30.22502778,-98.79687222,0,12,7,0,1,1,0,1,1,2,0,2,0,"0000000",12,7,12,13,12,40,0,0,0,4,0
48,483209,1,1,0,0,0,3,3,337,0,3,12,2016,7,17,10,0,1,5,98,8,"FM 2953","",35,33.89218889,-97.62716667,0,1,0,0,1,1,1,4,2,2,0,2,0,"0000000",17,12,17,25,18,3,0,0,0,1,1
48,483210,2,2,0,0,0,4,4,423,0,3,12,2016,7,17,5,0,1,4,98,3,"SR-31","",253,32.37328611,-95.03281111,0,12,2,0,1,1,1,1,2,2,0,2,0,"0000000",99,99,99,99,99,99,0,0,0,2,0
48,483211,1,1,0,1,1,2,2,491,5990,3,12,2016,7,2,58,1,2,3,98,2,"US-79/PALM VALLEY BLVD","",43,30.52559722,-97.63031667,0,8,0,0,1,1,0,1,3,2,0,2,0,"0000000",3,1,3,6,3,38,0,0,0,1,0
48,483212,4,4,0,0,0,4,4,113,2310,4,12,2016,1,5,42,1,2,1,1,1,"I-35E","",297,32.93286389,-96.90154444,0,12,6,0,1,1,1,1,2,2,0,2,0,"0000000",99,99,99,99,99,99,14,23,0,1,0
48,483213,1,1,0,0,0,1,1,177,0,4,12,2016,1,19,48,0,1,5,98,3,"SR-80","",110,29.48578056,-97.71118889,0,38,0,0,1,1,0,5,2,2,0,2,0,"0000000",99,98,99,98,88,88,0,0,0,1,1
48,483214,1,1,0,0,0,1,1,217,0,4,12,2016,1,1,29,0,1,5,98,8,"FM 933","",3,31.93306944,-97.31513056,0,32,0,0,1,1,0,4,3,10,0,10,0,"0000000",99,98,99,98,88,88,0,0,0,1,1
48,483215,1,1,0,0,0,1,1,377,0,10,12,2016,7,11,30,1,1,3,98,2,"US-67","",376,30.30693056,-103.8033,0,1,0,0,1,1,0,4,1,1,0,1,0,"0000000",99,98,99,98,88,88,0,0,0,1,0