"STATE","ST_CASE","VE_TOTAL","VE_FORMS","PVH_INVL","PEDS","PERNOTMVIT","PERMVIT","PERSONS","COUNTY","CITY","DAY","MONTH","YEAR","DAY_WEEK","HOUR","MINUTE","NHS","RUR_URB","FUNC_SYS","RD_OWNER","ROUTE","TWAY_ID","TWAY_ID2","MILEPT","LATITUDE","LONGITUD","SP_JUR","HARM_EV","MAN_COLL","RELJCT1","RELJCT2","TYP_INT","WRK_ZONE","REL_ROAD","LGT_COND","WEATHER1","WEATHER2","WEATHER","SCH_BUS","RAIL","NOT_HOUR","NOT_MIN","ARR_HOUR","ARR_MIN","HOSP_HR","HOSP_MN","CF1","CF2","CF3","FATALS","DRUNK_DR"
48,483216,1,1,0,0,0,1,1,201,3280,11,12,2016,1,2,39,0,8,98,98,6,"LITTLE YORK RD","",0,29.87009444,-95.37695556,0,33,0,0,1,1,0,4,3,1,0,1,0,"0000000",99,98,99,98,88,88,0,0,0,1,1
48,483217,2,2,0,0,0,2,2,37,6850,5,12,2016,2,15,50,0,2,4,98,8,"FM 558/BUCHANAN RD","",19,33.39153333,-94.06559444,0,12,1,0,8,1,0,1,1,10,0,10,0,"0000000",15,51,15,59,16,25,0,0,0,1,0
48,483218,2,2,0,0,0,5,5,135,0,5,12,2016,2,6,44,0,2,5,98,8,"FM 2020/UNIVERSITY BLVD","CR-FORTUNE 500 AVE",10,31.83044722,-102.54599444,0,12,6,0,2,3,0,1,2,1,0,1,0,"0000000",6,41,6,52,7,12,0,0,0,1,0
48,483219,1,1,0,0,0,1,1,201,3280,5,12,2016,2,6,40,1,2,1,1,7,"I-45 GULF FWY","",114,29.63482778,-95.23603056,0,30,0,0,1,1,0,4,1,2,0,2,0,"0000000",99,98,99,98,88,88,0,0,0,1,1
48,483220,1,1,0,0,0,1,1,439,2850,5,12,2016,2,19,28,0,8,98,40,8,"TERMINAL C LOOP RD","",0,32.89724167,-97.03730278,0,19,0,0,1,1,0,5,3,10,0,10,0,"0000000",19,31,19,34,20,12,0,0,0,1,1
48,483221,2,2,0,0,0,2,2,469,0,5,12,2016,2,17,52,1,2,3,98,2,"US-77","",47,28.83275833,-97.06043889,0,25,0,0,1,1,1,4,2,10,0,10,0,"0000000",99,98,99,98,88,88,0,0,0,1,0
48,483222,1,1,0,0,0,2,2,203,0,6,12,2016,3,22,34,0,1,5,98,8,"FM 134","",190,32.54518056,-94.14259167,0,42,0,0,1,1,0,4,2,2,0,2,0,"0000000",22,35,22,42,99,99,0,0,0,1,0
48,483223,3,3,0,0,0,3,3,277,0,6,12,2016,3,12,48,0,1,5,98,8,"FM 195","CR-44430",105,33.76095833,-95.41416389,0,12,6,0,1,1,0,1,1,10,0,10,0,"0000000",12,49,13,18,14,38,0,0,0,2,0
48,483224,2,2,0,0,0,3,3,469,0,6,12,2016,3,16,45,0,1,5,98,8,"FM 236","FM 1685",109,28.82804722,-97.10785,0,12,6,0,2,2,0,1,1,1,0,1,0,"0000000",16,39,16,48,17,21,0,0,0,1,0
48,483225,2,2,0,0,0,2,2,209,0,7,12,2016,4,21,39,0,1,5,98,8,"FM 2001","",24,30.05922778,-97.80379167,0,12,2,0,1,1,0,1,2,1,0,1,0,"0000000",21,41,21,44,22,49,0,0,0,1,1
48,483226,1,1,0,0,0,3,3,497,0,7,12,2016,4,5,32,1,1,3,98,2,"US-81","",78,33.15300556,-97.51242222,0,35,0,0,1,1,0,3,2,1,0,1,0,"0000000",5,32,5,40,6,14,0,0,0,1,1
48,483227,2,2,0,0,0,2,2,439,2450,8,12,2016,5,7,18,0,8,98,98,6,"MCCART AVE","BLUE SPRINGS DR",0,32.62186667,-97.36989444,0,12,6,0,2,2,0,1,1,10,0,10,0,"0000000",7,21,7,37,8,18,0,0,0,2,0
48,483228,1,1,0,0,0,1,1,201,3280,9,12,2016,6,2,47,0,8,98,98,6,"BAGBY ST","",0,29.75792778,-95.37193056,0,33,0,0,1,1,0,3,3,10,0,10,0,"0000000",99,98,99,98,88,88,0,0,0,1,1
48,483229,2,1,1,0,0,1,1,273,0,9,12,2016,6,12,50,1,1,3,98,2,"US-77","",9,27.5454,-97.82055,0,18,0,0,1,1,1,2,1,10,0,10,0,"0000000",99,98,99,98,88,88,0,0,0,1,0
48,483230,2,2,0,0,0,3,3,439,2450,9,12,2016,6,23,25,1,2,1,1,1,"I-820","",297,32.75526667,-97.21608889,0,12,1,0,1,1,0,1,3,1,0,1,0,"0000000",99,99,99,99,88,88,0,0,0,1,1
48,483231,2,2,0,0,0,4,4,85,5390,10,12,2016,7,23,5,0,8,98,98,6,"PARKER RD","",0,33.04529444,-96.83856389,0,12,1,0,1,1,0,1,3,1,0,1,0,"0000000",99,99,99,99,99,99,0,0,0,1,0
48,483232,2,2,0,0,0,2,2,225,2840,10,12,2016,7,13,7,0,1,4,98,2,"US-287","FM 228",252,31.50609722,-95.47581389,0,12,6,0,2,2,0,1,1,10,0,10,0,"0000000",99,99,99,99,99,99,0,0,0,1,0
48,483233,1,1,0,1,1,1,1,303,4140,10,12,2016,7,18,25,0,8,98,98,6,"4TH ST","",0,33.59235,-101.91886667,0,8,0,0,1,1,0,1,2,10,0,10,0,"0000000",18,28,18,31,18,39,0,0,0,1,0
48,483234,2,2,0,0,0,2,2,439,2255,10,12,2016,7,23,19,1,2,3,98,8,"PA 205 MIDICITES BLVD","",211,32.87005,-97.08138056,0,25,0,0,1,1,0,4,3,1,0,1,0,"0000000",99,98,99,98,88,88,14,0,0,1,0
48,483235,2,2,0,0,0,3,3,439,4965,10,12,2016,7,20,58,1,2,3,98,3,"SR-1938 DAVID BLVD","EMERALD HILLS WAY",265,32.84865278,-97.21414444,0,12,6,0,2,2,0,1,3,10,0,10,0,"0000000",20,58,21,1,21,35,0,0,0,1,0
48,483236,1,1,0,1,1,1,1,29,6090,11,12,2016,1,18,8,0,8,98,98,6,"CASTROVILLE RD","",0,29.41535278,-98.55937222,0,8,0,0,1,1,0,1,3,10,0,10,0,"0000000",99,98,99,98,88,88,0,0,0,1,0
48,483237,1,1,0,4,4,1,1,61,3030,11,12,2016,1,1,38,0,8,98,98,6,"NEW HAMPSHIRE ST","",0,26.16641667,-97.68661944,0,8,0,0,1,1,0,1,3,10,0,10,0,"0000000",99,99,99,99,99,99,0,0,0,1,0
48,483238,1,1,0,0,0,1,1,355,1550,11,12,2016,1,22,3,1,2,2,98,3,"SR-358 PADRE ISLAND DR","",105,27.703325,-97.36083333,0,1,0,1,20,1,0,1,3,10,0,10,0,"0000000",99,98,99,98,88,88,0,0,0,1,0
48,483239,1,1,0,0,0,1,1,439,2450,12,12,2016,2,23,11,1,2,1,1,8,"SL 820","",355,32.67524444,-97.24046389,0,24,0,0,1,1,0,3,3,10,0,10,0,"0000000",99,98,99,98,88,88,0,0,0,1,0
48,483240,2,2,0,0,0,3,3,297,0,12,12,2016,2,1,16,1,1,3,98,2,"US-59","",76,28.342375,-97.97950833,0,12,6,0,1,1,0,1,2,5,0,5,0,"0000000",99,99,99,99,99,99,0,0,0,1,0
48,483241,3,3,0,0,0,5,5,439,4965,13,12,2016,3,18,12,1,2,3,98,3,"SR-26/BOULEVARD 26","BIRCHWOOD DR",55,32.83710556,-97.21014167,0,12,6,0,2,3,0,1,3,10,0,10,0,"0000000",18,13,18,23,18,44,0,0,0,1,0
48,483242,1,1,0,0,0,1,1,143,6590,1,11,2016,3,20,38,0,2,5,98,8,"FM 8/LINGLEVILLE RD","",188,32.23105556,-98.24263611,0,1,0,0,1,1,0,4,2,1,0,1,0,"0000000",99,99,99,99,99,99,0,0,0,1,0
48,483243,1,1,0,0,0,1,1,141,2190,6,11,2016,1,23,57,1,2,1,1,7,"I-10/ GATEWAY","",357,31.69203333,-106.27316944,0,99,99,0,98,98,0,98,3,1,0,1,0,"0000000",99,99,99,99,99,99,0,0,0,1,1
48,483244,2,2,0,0,0,2,2,141,2190,8,11,2016,3,10,26,1,2,2,98,8,"SL 375","",174,31.886325,-106.35109167,0,12,1,0,1,1,0,1,1,1,0,1,0,"0000000",99,99,99,99,99,99,0,0,0,1,0
48,483245,2,2,0,0,0,2,2,113,1730,16,11,2016,4,0,8,1,2,3,98,8,"SL 12/NORTHWEST HWY","",192,32.86158056,-96.89164444,0,1,0,0,1,1,0,1,3,1,0,1,0,"0000000",0,8,0,12,0,33,14,0,0,1,0
48,483246,5,5,0,0,0,9,9,159,0,20,11,2016,1,18,15,1,1,1,1,1,"I-30","",79,33.16281111,-95.17128056,0,12,1,0,1,1,1,1,1,1,0,1,0,"0000000",99,99,99,99,99,99,3,0,0,2,0
48,483247,1,1,0,1,1,1,1,135,5030,22,11,2016,3,13,46,0,2,4,98,8,"FM 1882/COUNTY ROAD WEST RD","",17,31.84356667,-102.39011944,0,8,0,0,8,1,0,1,1,1,0,1,0,"0000000",99,99,99,99,99,99,0,0,0,1,0
48,483248,1,1,0,0,0,1,1,137,0,22,11,2016,3,15,31,0,1,5,98,3,"SR-41","",91,30.07858056,-99.97366111,0,38,0,0,1,1,0,5,1,10,0,10,0,"0000000",99,98,99,98,88,88,0,0,0,1,0
48,483249,1,1,0,1,1,1,1,203,4360,24,11,2016,5,18,51,1,2,3,98,2,"US-80/INDIAN SPRINGS RD","",224,32.52520556,-94.33000556,0,8,0,0,1,1,0,1,2,1,0,1,0,"0000000",18,54,19,4,88,88,0,0,0,1,0
48,483250,2,2,0,0,0,2,2,201,3280,27,11,2016,1,16,30,0,8,98,98,6,"GESSNER DR","",0,29.733675,-95.53913056,0,12,7,0,1,1,0,1,5,1,0,1,0,"0000000",99,98,99,98,88,88,0,0,0,1,0
48,483251,3,3,0,0,0,5,5,31,0,28,11,2016,2,8,15,1,1,3,98,3,"SR-71","",15,30.42606111,-98.13393056,0,12,2,0,1,1,0,1,1,1,0,1,0,"0000000",8,19,8,40,9,15,0,0,0,2,1
48,483252,2,2,0,0,0,4,4,73,3470,28,11,2016,2,7,27,1,2,3,98,2,"US-79/RUSK ST","SR-204/456 LOOP",52,31.97013333,-95.22854444,0,12,6,0,2,3,1,1,1,10,0,10,0,"0000000",99,99,99,99,99,99,0,0,0,1,0
48,483253,3,3,0,0,0,3,3,339,0,28,11,2016,2,5,9,0,8,98,98,4,"CR-WILLIS WAUKEGAN RD","",0,30.38315,-95.39636944,0,30,0,0,1,1,0,4,2,2,0,2,0,"0000000",99,99,99,99,99,99,0,0,0,1,0
48,483254,1,1,0,0,0,1,1,107,0,29,11,2016,3,16,55,0,1,6,98,8,"FM 2794","",79,33.45358889,-101.08811944,0,38,0,0,1,1,0,5,1,1,0,1,0,"0000000",99,99,99,99,99,99,0,0,0,1,0
48,483255,1,1,0,1,1,1,1,453,330,29,11,2016,3,12,39,1,2,1,1,1,"I-35","",154,30.23385278,-97.74093333,0,8,0,0,1,1,0,1,1,1,0,1,0,"0000000",99,98,99,98,88,88,0,0,0,1,0
48,483256,2,2,0,0,0,2,2,109,0,30,11,2016,4,23,8,1,1,3,98,2,"US-62","",69,31.87651111,-104.82293889,0,12,6,0,1,1,0,1,2,1,0,1,0,"0000000",99,99,99,99,99,99,0,0,0,1,1
48,483257,2,2,0,0,0,2,2,329,0,1,12,2016,5,8,50,0,1,5,98,8,"FM 1379","CR-160",71,31.84281111,-101.86878889,0,12,6,0,2,2,0,1,1,1,0,1,0,"0000000",99,98,99,98,88,88,0,0,0,1,0
48,483258,1,1,0,1,1,1,1,201,3280,3,12,2016,7,2,35,0,8,98,98,6,"LOCKWOOD DR","",0,29.81215278,-95.31709444,0,8,0,0,1,1,0,1,3,10,0,10,0,"0000000",99,98,99,98,88,88,0,0,0,1,1
48,483259,2,2,0,0,0,2,2,351,0,4,12,2016,1,12,37,0,1,5,98,3,"SR-87","",11,30.26103056,-93.77463889,0,12,2,0,1,1,0,1,1,2,0,2,0,"0000000",99,99,99,99,99,99,0,0,0,1,0
48,483260,1,1,0,1,1,1,1,453,0,4,12,2016,1,8,16,0,8,98,98,4,"CR-ED ACKLIN RD","",0,30.27671111,-97.49193056,0,8,0,0,1,1,0,1,4,10,0,10,0,"0000000",99,98,99,98,88,88,0,0,0,1,0
48,483261,2,2,0,0,0,4,4,21,0,5,12,2016,2,17,8,1,1,3,98,3,"SR-71","",71,30.12833889,-97.44367222,0,12,6,0,7,1,0,1,1,2,0,2,0,"0000000",99,99,99,99,99,99,0,0,0,1,0
48,483262,3,3,0,0,0,4,4,501,0,5,12,2016,2,6,48,0,1,4,98,3,"SR-214","CR-330",252,33.02238056,-102.81901111,0,12,1,0,3,2,0,1,2,10,0,10,0,"0000000",6,45,6,55,7,19,0,0,0,2,0
48,483263,3,3,0,0,0,6,6,423,0,6,12,2016,3,17,55,0,1,4,98,3,"SR-64","",197,32.20588056,-95.01238889,0,12,1,0,8,1,0,1,2,2,0,2,0,"0000000",99,99,99,99,99,99,0,0,0,1,0
48,483264,2,2,0,0,0,3,3,505,7660,7,12,2016,4,17,34,0,1,3,98,2,"US-83","DAVIS LN",343,26.86381944,-99.25117778,0,12,6,0,2,3,0,1,1,1,0,1,0,"0000000",99,98,99,98,88,88,0,0,0,1,0
48,483265,2,2,0,0,0,2,2,9,0,8,12,2016,5,11,30,0,1,4,98,2,"US-281","",259,33.47866111,-98.44613889,0,12,7,0,8,1,1,1,1,10,0,10,0,"0000000",99,98,99,98,88,88,14,0,0,1,0
48,483266,1,1,0,0,0,1,1,201,3280,8,12,2016,5,14,57,1,2,1,1,1,"I-69/SOUTHWEST FWY","",83,29.72718056,-95.46482778,0,25,0,1,19,1,0,4,1,10,0,10,0,"0000000",14,58,15,7,15,26,0,0,0,1,0
48,483267,1,1,0,0,0,1,1,253,0,8,12,2016,5,11,41,0,1,4,98,2,"US-83","",82,32.86303889,-100.06516944,0,38,0,0,1,1,0,5,1,1,0,1,0,"0000000",99,98,99,98,88,88,0,0,0,1,0
48,483268,1,1,0,0,0,4,4,465,0,8,12,2016,5,1,50,0,1,5,98,3,"SR-163","",37,30.15947778,-101.11030556,0,1,0,0,1,1,0,4,2,10,0,10,0,"0000000",2,45,3,16,5,15,0,0,0,1,1
48,483269,2,2,0,0,0,4,4,309,545,9,12,2016,6,16,0,0,2,4,98,8,"FM 2418/AIRBASE RD","MEYERS LN",12,31.61809444,-97.093475,0,12,6,0,2,2,0,1,1,1,0,1,0,"0000000",99,99,99,99,99,99,0,0,0,1,0
48,483270,1,1,0,0,0,1,1,449,0,9,12,2016,6,5,2,0,8,98,98,4,"CR-1240","",0,33.22216944,-95.06096111,0,42,0,0,1,1,0,4,2,1,0,1,0,"0000000",99,98,99,98,88,88,0,0,0,1,0
48,483271,1,1,0,0,0,2,2,67,0,10,12,2016,7,0,15,0,1,5,98,8,"FM 130","",87,33.06916111,-94.46411944,0,1,0,0,1,1,0,4,2,1,0,1,0,"0000000",0,18,0,40,2,4,0,0,0,1,1
48,483272,2,2,0,0,0,3,3,183,3680,11,12,2016,1,0,53,1,2,3,98,3,"SR-31","",60,32.39512222,-94.88585833,0,12,2,0,1,1,0,1,2,10,0,10,0,"0000000",0,55,1,5,1,33,0,0,0,1,1
48,483273,1,1,0,0,0,3,3,387,0,11,12,2016,1,2,44,0,1,5,98,8,"FM 909","",151,33.47335,-95.19197778,0,24,0,0,1,1,0,4,2,1,0,1,0,"0000000",2,41,3,3,88,88,0,0,0,1,0
48,483274,1,1,0,1,1,1,1,405,0,11,12,2016,1,19,16,0,1,5,98,8,"FM 83","",25,31.28892778,-94.23053333,0,8,0,0,1,1,0,1,2,10,0,10,0,"0000000",99,98,99,98,88,88,0,0,0,1,0
48,483275,1,1,0,1,1,1,1,19,0,12,12,2016,2,6,25,0,1,4,98,3,"SR-16","",179,29.66643889,-98.82837778,0,8,0,0,1,1,0,1,2,5,0,5,0,"0000000",99,98,99,98,88,88,19,0,0,1,0
48,483276,3,3,0,0,0,4,4,21,0,12,12,2016,2,18,36,0,1,5,98,3,"SR-304","",215,29.85113056,-97.38058611,0,12,8,0,1,1,0,1,2,1,0,1,0,"0000000",18,43,19,5,19,31,0,0,0,1,1
48,483277,2,2,0,0,0,3,3,51,0,12,12,2016,2,13,45,1,1,3,98,3,"SR-21","FM 50",230,30.62291944,-96.54501944,0,12,6,0,2,3,0,1,1,1,0,1,0,"0000000",99,99,99,99,99,99,0,0,0,2,0
48,483278,1,1,0,1,1,3,3,113,1730,12,12,2016,2,17,43,0,8,98,98,6,"WYCLIFF AVE","SYLVESTER ST",0,32.80810278,-96.82192778,0,8,0,0,2,2,0,1,3,10,0,10,0,"0000000",99,99,99,99,99,99,0,0,0,1,0
48,483279,1,1,0,0,0,5,5,201,3280,12,12,2016,2,7,43,0,8,98,98,6,"LITTLE YORK RD","",0,29.87130278,-95.299575,0,1,0,0,1,1,0,4,1,2,0,2,0,"0000000",7,43,7,46,8,28,0,0,0,1,0
48,483280,1,1,0,0,0,1,1,407,0,12,12,2016,2,22,35,0,1,4,98,2,"US-190","",65,30.74301944,-95.24974722,0,53,0,0,1,1,0,4,2,1,0,1,0,"0000000",99,98,99,98,88,88,0,0,0,1,0
48,483281,1,1,0,0,0,1,1,177,0,13,12,2016,3,22,16,0,1,5,98,8,"FM 794","",69,29.57807222,-97.46786111,0,42,0,0,1,1,0,4,2,10,0,10,0,"0000000",99,98,99,98,88,88,0,0,0,1,0
48,483282,1,1,0,0,0,1,1,303,0,13,12,2016,3,21,25,1,1,3,98,2,"US-84","",80,33.70076667,-102.01175278,0,1,0,0,1,1,0,3,2,1,0,1,0,"0000000",21,24,21,29,22,33,0,0,0,1,0
48,483283,1,1,0,0,0,1,1,245,0,14,12,2016,4,22,35,0,1,5,98,3,"SR-124","",34,29.879125,-94.28375278,0,52,0,0,1,1,0,4,2,1,0,1,0,"0000000",99,98,99,98,88,88,0,0,0,1,1
48,483284,10,2,8,0,0,3,3,491,0,14,12,2016,4,18,54,1,2,3,98,8,"FM 1325","NORTHRIDGE DR",9,30.47510556,-97.68760556,0,12,6,0,2,3,0,1,3,1,0,1,0,"0000000",18,56,19,9,19,30,14,0,0,1,0
48,483285,1,1,0,0,0,1,1,419,0,16,12,2016,6,17,0,0,1,5,98,8,"FM 139","",355,31.69550556,-93.94946944,0,1,0,0,1,1,0,1,1,10,0,10,0,"0000000",99,98,99,98,88,88,0,0,0,1,0
48,483286,1,1,0,0,0,2,2,113,1730,17,12,2016,7,17,43,0,8,98,98,6,"MILITARY PKWY","",0,32.77946667,-96.721925,0,31,0,0,1,1,0,4,5,10,0,10,0,"0000000",99,99,99,99,99,99,0,0,0,1,1
48,483287,1,1,0,0,0,2,2,141,2190,17,12,2016,7,1,15,0,8,98,98,6,"PENDALE RD","",0,31.70913889,-106.33131389,0,38,0,0,1,1,0,5,3,1,0,1,0,"0000000",99,98,99,98,88,88,0,0,0,2,0
48,483288,2,2,0,0,0,3,3,439,260,17,12,2016,7,9,16,0,8,98,98,6,"TURNER WARNELL RD","",0,32.612425,-97.13733333,0,12,6,0,1,1,0,1,1,10,0,10,0,"0000000",99,99,99,99,99,99,0,0,0,1,0
48,483289,1,1,0,1,1,2,2,29,6090,18,12,2016,1,20,0,0,8,98,98,6,"WURZBACH RD","",0,29.52385556,-98.56954167,0,8,0,0,1,1,0,1,3,10,0,10,0,"0000000",99,98,99,98,88,88,0,0,0,1,0
48,483290,1,1,0,0,0,8,8,55,0,18,12,2016,1,4,10,1,1,3,98,2,"US-183/SR-130","",41,29.97891389,-97.68109167,0,1,0,0,1,1,0,4,2,10,0,10,0,"0000000",99,99,99,99,99,99,0,0,0,1,0
48,483291,1,1,0,0,0,3,3,63,0,18,12,2016,1,12,50,0,1,5,98,8,"FM 993","",33,32.95166389,-94.93466389,0,35,0,0,1,1,0,4,1,1,0,1,0,"0000000",99,99,99,99,99,99,0,0,0,1,0
48,483292,3,3,0,0,0,3,3,381,150,20,12,2016,3,6,53,0,8,98,98,8,"GEORGIA ST","45TH AVE",0,35.16384444,-101.86638333,0,12,6,0,2,2,0,1,3,1,0,1,0,"0000000",99,98,99,98,88,88,0,0,0,1,0
48,483294,2,2,0,0,0,3,3,329,0,23,10,2016,1,18,50,0,1,98,98,4,"CR-120","",0,31.96848611,-102.02074167,0,12,6,0,8,1,0,1,1,1,0,1,0,"0000000",99,99,99,99,99,99,0,0,0,2,0
48,483295,1,1,0,0,0,1,1,139,0,29,10,2016,7,0,0,0,1,5,98,8,"FM 157","",32,32.37371667,-97.06103056,0,1,0,0,1,1,0,4,2,1,0,1,0,"0000000",99,99,99,99,99,99,0,0,0,1,1
48,483296,1,1,0,0,0,1,1,245,0,30,10,2016,1,12,5,1,1,1,1,1,"I-10","",141,30.00176667,-94.19345,0,44,0,0,1,1,1,1,1,1,0,1,0,"0000000",99,99,99,99,99,99,3,0,0,1,0
48,483297,2,2,0,0,0,3,3,317,0,19,11,2016,7,0,5,1,1,1,1,1,"I-20","",109,32.1466,-101.7432,0,12,1,0,1,1,0,1,2,1,0,1,0,"0000000",99,99,99,99,99,99,0,0,0,2,0
48,483298,2,2,0,0,0,2,2,135,0,1,12,2016,5,17,45,1,2,3,98,8,"SL 338","",234,31.94413889,-102.37323056,8,1,0,0,1,1,0,3,3,1,0,1,0,"0000000",99,99,99,99,99,99,0,0,0,1,1
48,483299,1,1,0,0,0,1,1,29,6090,4,12,2016,1,19,20,0,8,98,98,6,"QUINTANA RD","",0,29.34499444,-98.583925,0,7,0,0,1,1,0,1,2,2,0,2,0,"0000000",99,98,99,98,88,88,7,0,0,1,0
48,483300,2,2,0,0,0,3,3,167,3920,4,12,2016,1,12,59,1,2,3,98,3,"SR-3","",18,29.51081667,-95.09828056,0,12,2,0,1,1,0,1,1,2,0,2,0,"0000000",99,99,99,99,99,99,0,0,0,1,0
48,483301,1,1,0,0,0,1,1,497,1780,5,12,2016,2,20,52,0,2,5,98,8,"BU-380/US-380 BUSINESS HWY","",1,33.23631389,-97.58285833,0,42,0,0,1,1,0,4,3,10,0,10,0,"0000000",99,98,99,98,88,88,0,0,0,1,0
48,483302,2,2,0,0,0,2,2,29,6090,7,12,2016,4,7,20,1,2,1,1,7,"I-10","",115,29.44950833,-98.34794167,0,24,0,0,1,1,0,4,4,10,0,10,0,"0000000",99,98,99,98,88,88,0,0,0,1,0
48,483303,2,2,0,0,0,2,2,97,0,8,12,2016,5,11,58,0,1,5,98,8,"FM 455","CR-2845",15,33.43403611,-97.46734444,0,12,2,0,2,3,0,1,1,1,0,1,0,"0000000",99,98,99,98,88,88,0,0,0,1,0
48,483304,2,2,0,0,0,4,4,61,0,9,12,2016,6,7,15,0,1,5,98,3,"SR-345/SAM HOUSTON RD","",29,26.20036944,-97.57438889,0,12,6,0,1,1,0,1,1,1,0,1,0,"0000000",99,99,99,99,99,99,0,0,0,1,0
48,483305,1,1,0,1,1,1,1,167,3850,9,12,2016,6,21,36,1,2,3,98,8,"FM 1765","",33,29.37857778,-94.9968,0,8,0,0,1,1,0,1,2,1,0,1,0,"0000000",99,98,99,98,88,88,0,0,0,1,0
48,483306,2,2,0,0,0,3,3,17,0,10,12,2016,7,5,13,0,1,4,98,2,"US-70","FM 3269",144,34.23446111,-102.67128056,0,12,6,0,2,2,0,1,2,1,0,1,0,"0000000",5,37,5,50,6,57,0,0,0,1,0
48,483307,3,3,0,1,1,3,3,201,3280,10,12,2016,7,2,27,1,2,1,1,1,"I-45/NORTH FWY","",352,29.90541111,-95.41221389,0,8,0,0,1,1,0,1,3,1,0,1,0,"0000000",2,26,2,37,2,57,23,19,0,1,0
48,483308,1,1,0,0,0,4,4,201,3280,11,12,2016,1,5,7,1,2,3,98,8,"FM1093/WESTHEIMER RD","",138,29.74047222,-95.46700833,0,43,0,0,1,1,0,4,3,10,0,10,0,"0000000",5,38,5,49,6,10,0,0,0,1,1
48,483309,1,1,0,0,0,1,1,401,0,12,12,2016,2,18,28,1,1,3,98,2,"US-259","",45,32.30703056,-94.8666,0,1,0,0,1,1,0,1,2,1,0,1,0,"0000000",99,99,99,99,99,99,0,0,0,1,1
48,483310,2,2,0,0,0,2,2,161,0,13,12,2016,3,5,39,1,1,1,1,1,"I-45","",76,31.57881111,-96.14803889,0,12,7,0,1,1,0,1,2,5,0,5,0,"0000000",5,48,6,0,99,99,0,0,0,1,0
48,483311,2,2,0,0,0,5,5,227,640,13,12,2016,3,7,5,1,2,3,98,8,"BI-20/4TH ST","BENTON ST",143,32.25416944,-101.46964167,0,12,6,0,2,2,0,1,4,1,0,1,0,"0000000",7,6,7,11,7,25,0,0,0,1,0
48,483312,2,2,0,0,0,2,2,39,0,14,12,2016,4,6,30,0,1,5,98,8,"FM 521","",34,29.32663889,-95.4528,0,12,2,0,1,1,0,1,4,1,0,1,0,"0000000",99,99,99,99,99,99,0,0,0,2,0
48,483313,1,1,0,1,1,4,4,29,6090,15,12,2016,5,20,10,0,8,98,98,6,"CULEBRA RD","",0,29.446825,-98.54217778,0,8,0,0,1,1,0,1,3,1,0,1,0,"0000000",99,99,99,99,88,88,0,0,0,1,0
48,483314,2,2,0,0,0,8,8,91,4870,16,12,2016,6,22,46,1,2,1,1,7,"I-38","",159,29.74801111,-98.05760278,0,12,1,0,1,1,0,1,2,10,0,10,0,"0000000",23,5,23,18,0,9,0,0,0,1,1
48,483315,3,3,0,0,0,4,4,113,1730,16,12,2016,6,12,35,1,2,3,98,8,"SL 12/BUCKNER BLVD","",31,32.82571667,-96.69711111,0,12,2,0,1,1,0,1,1,10,0,10,0,"0000000",12,37,12,42,13,23,0,0,0,1,0
48,483316,3,3,0,0,0,5,5,141,2190,16,12,2016,6,23,49,1,2,2,98,8,"SL 375/PURPLE HEART MEMORIAL","",173,31.84648333,-106.32815278,0,12,2,0,1,1,0,1,3,1,0,1,0,"0000000",99,99,99,99,99,99,0,0,0,1,0
48,483317,3,3,0,0,0,6,6,329,4560,16,12,2016,6,23,28,0,8,98,98,6,"FAIRGROUNDS RD","SCHARBAUER DR",0,32.02468889,-102.05538333,0,12,1,0,3,3,0,1,3,1,0,1,0,"0000000",23,28,23,49,0,4,0,0,0,1,1
48,483318,2,2,0,0,0,3,3,483,0,16,12,2016,6,18,13,1,1,1,1,7,"I-40","",129,35.2273,-100.31171111,0,12,8,0,1,1,0,1,2,10,0,10,0,"0000000",99,99,99,99,99,99,0,0,0,1,0
48,483319,1,1,0,1,1,1,1,85,2520,17,12,2016,7,6,33,0,8,98,98,7,"DALLAS PKWY","",0,33.18853611,-96.83951389,0,9,0,0,1,1,0,1,2,10,0,10,0,"0000000",6,33,6,39,6,59,0,0,0,1,0
48,483320,2,2,0,0,0,2,2,201,7286,17,12,2016,7,1,19,0,8,98,98,6,"NASA PKWY","",0,29.53594722,-95.120325,0,12,2,0,1,1,0,1,3,2,0,2,0,"0000000",99,99,99,99,88,88,0,0,0,1,1
48,483321,1,1,0,0,0,2,2,391,0,17,12,2016,7,7,22,0,1,5,98,8,"FM 1360","",41,28.18845833,-97.32894167,0,24,0,0,1,1,0,4,1,5,0,5,0,"0000000",7,24,7,38,8,23,0,0,0,1,0
48,483322,1,1,0,1,1,1,1,29,6090,18,12,2016,1,1,40,1,1,1,1,1,"I-410","",67,29.39830278,-98.64794722,0,8,0,1,20,1,0,1,2,1,0,1,0,"0000000",99,98,99,98,88,88,0,0,0,1,0