"STATE","ST_CASE","VE_TOTAL","VE_FORMS","PVH_INVL","PEDS","PERNOTMVIT","PERMVIT","PERSONS","COUNTY","CITY","DAY","MONTH","YEAR","DAY_WEEK","HOUR","MINUTE","NHS","RUR_URB","FUNC_SYS","RD_OWNER","ROUTE","TWAY_ID","TWAY_ID2","MILEPT","LATITUDE","LONGITUD","SP_JUR","HARM_EV","MAN_COLL","RELJCT1","RELJCT2","TYP_INT","WRK_ZONE","REL_ROAD","LGT_COND","WEATHER1","WEATHER2","WEATHER","SCH_BUS","RAIL","NOT_HOUR","NOT_MIN","ARR_HOUR","ARR_MIN","HOSP_HR","HOSP_MN","CF1","CF2","CF3","FATALS","DRUNK_DR"
48,483323,3,3,0,0,0,3,3,121,1840,18,12,2016,1,13,5,1,2,3,98,2,"US-377/380 UNIVERSITY DR","",16,33.238125,-97.03900556,0,12,6,0,1,1,0,1,1,1,0,1,0,"0000000",13,25,13,34,13,51,0,0,0,1,0
48,483324,1,1,0,0,0,4,4,225,0,18,12,2016,1,3,15,0,1,4,98,2,"US-287","",220,31.54911944,-95.48646944,0,1,0,0,1,1,0,1,2,1,0,1,0,"0000000",3,33,3,58,4,20,0,0,0,1,1
48,483325,1,1,0,0,0,2,2,351,0,18,12,2016,1,17,15,0,1,5,98,3,"SR-87","",67,31.10246111,-93.73358611,0,42,0,0,1,1,0,4,1,1,0,1,0,"0000000",99,99,99,99,99,99,0,0,0,1,0
48,483326,3,3,0,0,0,3,3,355,1550,18,12,2016,1,0,59,0,8,98,98,6,"GOLLIHAR RD","DEVON DR",0,27.74139444,-97.41347222,0,12,6,0,2,3,0,1,3,10,0,10,0,"0000000",1,0,1,4,1,13,0,0,0,1,0
48,483327,1,1,0,0,0,3,3,453,330,18,12,2016,1,5,8,1,2,3,98,3,"SR-71","",199,30.25122222,-97.89710556,0,42,0,0,1,1,0,4,2,1,0,1,0,"0000000",99,99,99,99,88,88,0,0,0,1,0
48,483328,1,1,0,1,1,1,1,29,6090,19,12,2016,2,21,28,1,2,1,1,1,"I-35","",270,29.44143889,-98.43865556,0,8,0,1,18,1,0,1,3,1,0,1,0,"0000000",99,98,99,98,88,88,0,0,0,1,0
48,483329,1,1,0,1,1,1,1,201,3280,19,12,2016,2,3,0,1,2,1,1,1,"I-45","",220,29.74335278,-95.35958056,0,8,0,1,20,1,0,1,3,1,0,1,0,"0000000",3,44,3,56,4,27,0,0,0,1,0
48,483330,1,1,0,0,0,1,1,113,1730,20,12,2016,3,5,15,0,8,98,98,6,"HAMPTON RD","",0,32.79158333,-96.85666944,0,33,0,0,1,1,0,4,3,1,0,1,0,"0000000",99,98,99,98,88,88,0,0,0,1,0
48,483331,1,1,0,0,0,6,6,209,3760,20,12,2016,3,5,33,1,2,1,1,1,"I-35","",151,29.97679167,-97.87401111,0,34,0,1,5,1,0,10,2,10,0,10,0,"0000000",5,37,5,47,7,17,0,0,0,1,0
48,483332,3,3,0,0,0,3,3,231,2860,20,12,2016,3,21,29,1,2,1,1,1,"I-30","",144,33.10101667,-96.10417222,0,25,0,0,1,1,0,3,3,1,0,1,0,"0000000",99,98,99,98,88,88,0,0,0,1,0
48,483333,1,1,0,1,1,1,1,249,0,20,12,2016,3,19,14,0,1,4,98,3,"SR-359","",175,27.82864167,-98.01783333,0,8,0,0,1,1,0,1,2,1,0,1,0,"0000000",99,98,99,98,88,88,0,0,0,1,0
48,483334,1,1,0,0,0,2,2,343,0,20,12,2016,3,16,28,1,1,1,1,1,"I-30","",56,33.29657222,-94.72035,0,1,0,0,1,1,0,3,1,1,0,1,0,"0000000",99,98,99,98,88,88,0,0,0,2,0
48,483335,2,2,0,1,1,2,2,453,330,20,12,2016,3,10,10,0,8,98,98,6,"15TH ST","SAN JACINTO BLVD",0,30.27628611,-97.73708333,0,12,6,0,2,2,0,1,1,1,0,1,0,"0000000",10,12,10,14,10,25,0,0,0,1,0
48,483336,2,2,0,0,0,4,4,29,0,21,12,2016,4,13,3,0,8,98,98,6,"ALAMO RANCH","WESTWOOD LOOP",0,29.48629444,-98.71443056,0,12,6,0,2,2,0,1,1,1,0,1,0,"0000000",99,99,99,99,99,99,0,0,0,3,0
48,483337,2,2,0,0,0,2,2,29,6090,21,12,2016,4,0,32,0,8,98,98,6,"DIAMONDHEAD DR","",0,29.49566389,-98.40511389,0,12,2,0,1,1,0,1,2,1,0,1,0,"0000000",99,99,99,99,88,88,0,0,0,2,0
48,483338,3,2,1,0,0,4,4,183,4080,21,12,2016,4,19,40,0,2,4,98,8,"FM 1845 PINE TREE RD","SYCAMORE LN",154,32.518775,-94.80060556,0,12,6,0,2,2,0,1,2,1,0,1,0,"0000000",19,48,19,51,20,15,14,0,0,1,1
48,483339,2,2,0,0,0,22,22,225,0,21,12,2016,4,21,2,0,1,4,98,3,"SR-19","",344,31.09414444,-95.43078333,0,12,2,0,1,1,0,1,2,1,0,1,0,"0000000",21,12,21,35,22,38,0,0,0,1,0
48,483340,1,1,0,0,0,1,1,453,330,21,12,2016,4,5,47,1,2,2,98,3,"SR-71 BEN WHITE BLVD","",22,30.22556944,-97.76820556,0,21,0,1,19,1,0,10,3,1,0,1,0,"0000000",99,98,99,98,88,88,0,0,0,1,1
48,483341,1,1,0,0,0,1,1,459,0,21,12,2016,4,11,57,0,1,4,98,2,"US-271","",235,32.57142778,-94.92020278,0,1,0,0,1,1,0,4,1,1,0,1,0,"0000000",12,7,12,17,12,52,0,0,0,1,0
48,483342,2,2,0,0,0,3,3,467,0,21,12,2016,4,17,35,0,1,6,98,8,"FM 857","",49,32.62666111,-95.64601111,0,12,8,0,1,1,0,1,2,1,0,1,0,"0000000",99,99,99,99,99,99,0,0,0,1,1
48,483343,1,1,0,0,0,1,1,45,0,23,12,2016,6,17,45,0,1,5,98,3,"SR-86","",133,34.45995833,-101.23937222,0,1,0,0,1,1,0,4,3,1,0,1,0,"0000000",17,58,18,6,19,5,0,0,0,1,1
48,483344,1,1,0,1,1,1,1,113,1730,23,12,2016,6,20,49,1,2,3,98,8,"SL 12/NORTHWEST HWY","",263,32.86557222,-96.77425833,0,8,0,0,1,1,0,1,3,5,0,5,0,"0000000",20,50,20,56,21,8,0,0,0,1,0
48,483345,1,1,0,0,0,1,1,113,1730,23,12,2016,6,1,56,0,8,98,98,6,"CANADA DR","PLUTO ST",0,32.79271389,-96.89108333,0,1,0,0,3,3,0,4,3,10,0,10,0,"0000000",1,57,2,7,99,99,0,0,0,1,1
48,483346,2,2,0,0,0,5,5,113,1730,23,12,2016,6,23,56,0,8,98,98,6,"SHADY TRL","",0,32.86570833,-96.89049444,0,12,2,0,1,1,0,1,3,5,0,5,0,"0000000",0,1,0,2,0,21,0,0,0,1,0
48,483347,1,1,0,0,0,1,1,201,3280,23,12,2016,6,23,12,1,2,1,1,1,"I-10 KATY FWY","",102,29.782075,-95.45196944,0,25,0,1,5,1,0,4,3,10,0,10,0,"0000000",23,13,23,22,23,42,0,0,0,1,1
48,483348,2,1,1,3,3,1,1,303,4140,23,12,2016,6,19,52,1,2,2,98,8,"SL 289","",210,33.61976111,-101.88493889,0,14,0,0,1,1,0,2,3,1,0,1,0,"0000000",19,55,20,0,20,19,0,0,0,1,0
48,483349,2,2,0,0,0,4,4,423,7070,23,12,2016,6,13,13,0,2,5,98,8,"FM 756/PALUXY DR","",30,32.26713611,-95.279425,0,12,6,0,1,1,0,1,1,2,0,2,0,"0000000",99,99,99,99,99,99,0,0,0,1,0
48,483350,3,3,0,1,1,7,7,453,330,23,12,2016,6,22,10,1,2,3,98,8,"SL 360/CAPITAL OF TEXAS HWY","",217,30.27823611,-97.82023611,0,8,0,0,1,1,0,1,2,10,0,10,0,"0000000",99,98,99,98,88,88,0,0,0,1,0
48,483351,1,1,0,1,1,1,1,29,6090,25,12,2016,1,19,11,0,8,98,98,6,"WURZBACH RD","",0,29.524775,-98.56856667,0,8,0,0,1,1,0,1,2,10,0,10,0,"0000000",99,99,99,99,99,99,0,0,0,1,0
48,483352,1,1,0,1,1,1,1,29,6090,25,12,2016,1,22,44,0,8,98,98,6,"ENRIQUE M BARRERA PKWY/OLD HWY","",0,29.42948889,-98.56764167,0,8,0,0,1,1,0,1,3,1,0,1,0,"0000000",99,99,99,99,88,88,0,0,0,1,0
48,483353,1,1,0,1,1,1,1,29,6090,26,12,2016,2,10,27,0,8,98,98,6,"BLUFF MANOR DR","",0,29.57763056,-98.49946111,0,8,0,0,8,1,0,1,1,1,0,1,0,"0000000",99,99,99,99,99,99,0,0,0,1,0
48,483354,1,1,0,0,0,1,1,439,3347,26,12,2016,2,2,48,1,2,1,1,1,"I-820","",238,32.83169722,-97.20769444,0,1,0,1,20,1,0,1,3,1,0,1,0,"0000000",99,98,99,98,88,88,0,0,0,1,0
48,483355,1,1,0,1,1,1,1,29,6090,28,12,2016,4,1,0,0,8,98,98,6,"CINNAMON CREEK DR","",0,29.52045833,-98.57985,0,8,0,0,1,1,0,1,3,10,0,10,0,"0000000",99,98,99,98,88,88,0,0,0,1,0
48,483356,2,2,0,0,0,4,4,317,6580,16,11,2016,4,11,45,1,1,1,1,7,"I-20","SR-137/LAMESA HWY",65,32.13781667,-101.80573333,0,12,6,0,2,2,0,1,1,1,0,1,0,"0000000",11,47,11,49,12,37,0,0,0,1,0
48,483357,3,3,0,0,0,7,7,209,1986,8,12,2016,5,18,46,1,1,3,98,2,"US-290","OLD HWY 290",85,30.19566944,-98.10393889,0,12,6,0,2,4,0,1,2,1,0,1,0,"0000000",99,98,99,98,88,88,0,0,0,2,0
48,483358,3,3,0,1,1,2,2,141,2190,29,11,2016,3,18,46,1,2,1,1,1,"I-10 RAMP","",184,31.76852778,-106.50903333,0,8,0,1,20,1,0,1,3,1,0,1,0,"0000000",99,99,99,99,99,99,19,0,0,1,0
48,483359,2,2,0,0,0,3,3,291,0,14,12,2016,4,7,54,0,8,98,98,4,"CR-2184","",0,30.38403056,-94.9569,0,12,8,0,1,1,0,1,1,10,0,10,0,"0000000",99,99,99,99,99,99,0,0,0,1,0
48,483360,1,1,0,0,0,1,1,479,0,17,12,2016,7,8,55,1,1,1,1,1,"I-35","",39,27.71188889,-99.45096111,0,1,0,0,1,1,0,3,7,2,0,2,0,"0000000",99,98,99,98,88,88,0,0,0,1,0
48,483361,3,3,0,0,0,4,4,29,3095,18,12,2016,1,14,44,0,8,98,98,6,"BRAUN RD","",0,29.53941111,-98.69008056,0,12,2,0,1,1,0,1,1,1,0,1,0,"0000000",99,99,99,99,99,99,0,0,0,1,0
48,483362,2,2,0,0,0,2,2,231,2860,21,12,2016,4,3,15,1,2,3,98,2,"US-69/JOE RAMSEY BLVD","US-380/LEE ST",30,33.14036111,-96.13806944,0,12,6,1,2,2,0,1,3,1,0,1,0,"0000000",99,99,99,99,99,99,0,0,0,1,1
48,483363,2,2,0,0,0,2,2,391,0,21,12,2016,4,19,26,0,1,5,98,3,"SR-239","",73,28.46935,-96.93973889,0,12,11,0,8,1,0,1,2,10,0,10,0,"0000000",99,98,99,98,88,88,0,0,0,1,0
48,483364,2,2,0,1,1,2,2,201,3280,22,12,2016,5,19,24,1,2,1,1,7,"I-69","",59,29.82526944,-95.335875,0,8,0,0,1,1,0,1,3,1,0,1,0,"0000000",19,24,19,28,19,47,0,0,0,1,0
48,483365,1,1,0,0,0,1,1,453,0,27,12,2016,3,5,25,0,2,5,98,8,"FM 1626/KATY LANE","",94,30.14213889,-97.81325,0,59,0,0,1,1,0,4,2,10,0,10,0,"0000000",99,98,99,98,88,88,0,0,0,1,0
48,483366,1,1,0,1,1,1,1,291,1380,21,8,2016,1,7,43,1,2,3,98,8,"SL-573/WASHINGTON AVE","DAYTON ST",17,30.34748056,-95.08732222,0,8,0,0,3,3,0,1,3,1,0,1,0,"0000000",99,98,99,98,88,88,0,0,0,1,1
48,483367,1,1,0,0,0,1,1,231,0,1,10,2016,7,22,56,0,1,4,98,3,"SR-34","",100,32.85531111,-96.14965,0,53,0,0,1,1,0,4,2,1,0,1,0,"0000000",99,99,99,99,99,99,0,0,0,1,1
48,483368,2,2,0,0,0,2,2,361,0,11,11,2016,6,4,29,1,2,1,1,1,"I-10","",199,30.11875833,-93.78935,0,12,1,0,1,1,0,1,3,1,0,1,0,"0000000",99,99,99,99,99,99,0,0,0,1,0
48,483369,2,2,0,0,0,3,3,13,5400,19,11,2016,7,15,31,0,2,3,98,3,"SR-97/OAKLAND RD","",26,28.94212778,-98.50992778,0,12,1,0,8,1,0,1,1,1,0,1,0,"0000000",99,99,99,99,99,99,0,0,0,1,0
48,483370,1,1,0,1,1,2,2,453,330,25,11,2016,6,17,58,0,8,98,98,6,"CONGRESS AVE","SHERATON AVE",0,30.21512778,-97.768775,0,8,0,0,3,3,0,1,3,10,0,10,0,"0000000",99,99,99,99,99,99,0,0,0,1,0
48,483371,2,2,0,0,0,3,3,497,0,5,12,2016,2,14,40,0,1,3,98,2,"US-81","CR-1591",35,33.40388611,-97.73625,1,12,6,0,2,2,0,1,1,2,0,2,0,"0000000",14,36,14,50,16,1,0,0,0,1,0
48,483372,2,2,0,0,0,2,2,457,0,6,12,2016,3,15,16,0,1,4,98,2,"US-190","",88,30.83446111,-94.29479444,0,12,1,0,8,1,0,1,1,10,0,10,0,"0000000",15,19,15,26,16,0,0,0,0,1,0
48,483373,1,1,0,1,1,1,1,439,2450,13,12,2016,3,16,6,0,8,98,98,6,"GRAFTON ST","LANCASTER AVE",0,32.74616667,-97.30081944,0,8,0,0,3,2,0,1,1,1,0,1,0,"0000000",16,9,16,15,16,23,0,0,0,1,0
48,483374,2,2,0,1,1,1,1,339,0,14,12,2016,4,19,28,0,1,4,98,3,"SR-242","MYSTIC HILL DR",124,30.21373333,-95.32609722,0,12,6,0,3,3,0,1,2,1,0,1,0,"0000000",99,99,99,99,99,99,19,0,0,1,0
48,483375,1,1,0,1,1,1,1,167,3220,15,12,2016,5,18,1,1,2,3,98,3,"SR-6","",115,29.34920278,-95.01894722,0,8,0,0,1,1,0,1,3,1,0,1,0,"0000000",18,3,18,9,18,34,0,0,0,1,0
48,483376,1,1,0,0,0,1,1,51,0,17,12,2016,7,22,0,0,1,5,98,8,"FM 60","",23,30.44403056,-96.76739722,0,18,0,0,1,1,0,4,2,1,0,1,0,"0000000",99,98,99,98,88,88,0,0,0,1,1
48,483377,1,1,0,0,0,1,1,135,5030,17,12,2016,7,1,39,0,8,98,98,6,"DIXIE BLVD","",0,31.89506944,-102.37809167,0,30,0,0,1,1,0,4,3,1,0,1,0,"0000000",1,40,1,46,2,2,0,0,0,1,1
48,483378,2,2,0,0,0,6,6,487,0,17,12,2016,7,3,26,1,1,3,98,2,"US-287","",306,34.07134444,-99.01081389,0,12,1,0,1,1,0,1,2,1,0,1,0,"0000000",99,99,99,99,99,99,0,0,0,1,1
48,483380,3,3,0,0,0,3,3,201,3280,20,12,2016,3,14,56,0,8,98,98,6,"FERGUSON WAY","",0,29.877925,-95.42357778,0,5,0,0,1,1,0,1,1,1,0,1,0,"0000000",99,98,99,98,88,88,14,20,0,1,0
48,483381,1,1,0,0,0,1,1,201,3280,21,12,2016,4,6,55,1,2,1,1,1,"I-69 / US-59 EASTEX FWY","",160,29.72836944,-95.46001111,0,25,0,1,19,1,0,4,3,1,0,1,0,"0000000",99,98,99,98,88,88,0,0,0,1,0
48,483382,1,1,0,0,0,1,1,479,3899,22,12,2016,5,8,33,0,8,98,98,6,"WASHINGTON ST","",0,27.508775,-99.51673056,0,10,0,0,6,1,0,1,1,2,0,2,0,"793547G",99,99,99,99,88,88,0,0,0,1,0
48,483383,1,1,0,0,0,1,1,61,940,24,12,2016,7,2,26,1,2,1,1,1,"I-69E / US-77","",218,25.98977222,-97.52068056,0,25,0,1,19,1,0,3,3,10,0,10,0,"0000000",99,98,99,98,88,88,0,0,0,1,1
48,483385,1,1,0,0,0,2,2,125,0,24,12,2016,7,0,50,0,8,98,98,4,"CR-333","",0,33.44972778,-100.84252778,0,1,0,0,1,1,0,4,2,1,0,1,0,"0000000",1,50,2,21,3,13,0,0,0,1,0
48,483386,2,2,0,0,0,4,4,187,1325,24,12,2016,7,4,43,1,1,1,1,1,"I-10","",54,29.53157222,-98.10286944,0,57,0,0,1,1,0,3,2,2,0,2,0,"0000000",4,25,4,33,5,32,0,0,0,3,1
48,483387,2,2,0,1,1,2,2,381,0,24,12,2016,7,1,12,1,1,1,1,1,"I-27","",9,34.77134722,-101.8485,0,8,0,0,1,1,0,1,2,1,0,1,0,"0000000",99,98,99,98,88,88,0,0,0,1,0
48,483388,2,2,0,0,0,6,6,489,0,24,12,2016,7,11,0,0,1,4,98,3,"SR-186","",113,26.48104444,-97.815125,0,12,6,0,1,1,0,1,1,2,0,2,0,"0000000",99,98,99,98,88,88,0,0,0,4,0
48,483389,1,1,0,0,0,3,3,121,1840,25,12,2016,1,16,18,1,2,1,1,1,"I-35","",151,33.23250278,-97.17493611,0,35,0,1,5,1,0,10,1,10,0,10,0,"0000000",99,99,99,99,99,99,0,0,0,1,0
48,483390,1,1,0,1,1,1,1,361,0,26,12,2016,2,22,0,0,8,98,98,4,"CR-CONCORD RD","",0,30.10940556,-93.98564167,0,8,0,0,1,1,0,4,2,1,0,1,0,"0000000",99,99,99,99,99,99,0,0,0,1,1
48,483391,1,1,0,1,1,1,1,381,150,26,12,2016,2,10,38,0,8,98,98,6,"COULTER ST","MCDONALD LAKE RD",0,35.15769167,-101.92012222,0,8,0,0,2,3,0,1,1,1,0,1,0,"0000000",10,38,10,40,11,9,0,0,0,1,0
48,483392,1,1,0,0,0,1,1,209,0,27,12,2016,3,0,58,1,2,1,1,1,"I-35","",2,29.80328889,-98.012825,0,25,0,0,1,1,0,3,2,10,0,10,0,"0000000",99,98,99,98,88,88,0,0,0,1,0
48,483393,2,2,0,0,0,2,2,21,460,28,12,2016,4,15,34,0,2,5,98,8,"FM 304","HOME DEPOT WAY",2,30.1078,-97.35093889,0,12,6,0,2,3,0,1,1,1,0,1,0,"0000000",99,99,99,99,88,88,0,0,0,1,0
48,483394,1,1,0,1,1,1,1,121,2395,28,12,2016,4,18,6,0,8,98,98,6,"GERAULT RD","BIG CANYON DR",0,33.00468611,-97.04528056,0,9,0,0,2,2,0,1,3,10,0,10,0,"0000000",18,10,18,26,18,48,0,0,0,1,0
48,483395,3,3,0,0,0,9,9,139,2598,28,12,2016,4,13,35,1,1,1,1,1,"I-45","",113,32.37292222,-96.64354444,0,12,7,0,1,1,0,1,1,1,0,1,0,"0000000",13,56,14,0,14,47,0,0,0,1,0
48,483396,1,1,0,1,1,1,1,201,3280,28,12,2016,4,6,33,0,8,98,98,6,"WHEELER","SAN JACINTO",0,29.73316111,-95.38139167,0,8,0,0,3,2,0,1,3,1,0,1,0,"0000000",6,36,6,41,6,53,0,0,0,1,0
48,483397,1,1,0,0,0,1,1,453,5325,28,12,2016,4,22,21,0,2,4,98,8,"FM 1825","",8,30.44603611,-97.65019444,0,1,0,0,1,1,0,4,2,1,0,1,0,"0000000",22,23,22,32,22,51,0,0,0,1,0
48,483398,2,2,0,0,0,2,2,303,0,29,12,2016,5,14,47,0,1,5,98,8,"FM 2641","CR-1700",72,33.65036667,-101.95720833,0,12,6,0,2,2,0,1,1,1,0,1,0,"0000000",99,99,99,99,88,88,0,0,0,1,1
48,483399,2,2,0,0,0,2,2,309,7210,29,12,2016,5,11,40,0,2,4,98,8,"FM 3476 BAGBY AVE","SL 340",11,31.49821111,-97.16421944,0,12,6,0,2,2,0,1,1,1,0,1,0,"0000000",99,99,99,99,99,99,0,0,0,1,0
48,483400,1,1,0,0,0,1,1,257,2430,31,12,2016,7,23,0,0,2,4,98,8,"FM 740 BOIS D'ARC ST","",16,32.72676944,-96.48435556,0,42,0,0,1,1,0,4,2,10,0,10,0,"0000000",23,5,23,10,23,34,0,0,0,1,0
48,483401,1,1,0,0,0,2,2,479,3899,30,12,2016,6,2,29,0,2,3,98,8,"SL 20 CUATRO VIENTOS RD","",109,27.474175,-99.44537222,0,1,0,0,1,1,0,4,2,1,0,1,0,"0000000",2,31,2,43,3,1,0,0,0,1,0
48,483402,1,1,0,0,0,1,1,439,2450,31,12,2016,7,8,0,0,8,98,98,6,"SILVER CREEK RD","",0,32.80474722,-97.500775,0,42,0,0,1,1,0,4,2,1,0,1,0,"0000000",99,98,99,98,88,88,0,0,0,1,1
48,483403,2,2,0,0,0,2,2,439,2450,1,7,2016,6,2,53,1,2,1,1,1,"I-820","",98,32.79778611,-97.44187778,0,12,7,1,18,1,0,1,3,10,0,10,0,"0000000",2,54,3,1,3,50,0,0,0,1,0
48,483404,2,2,0,0,0,2,2,167,3220,29,10,2016,7,17,51,0,1,4,98,8,"FM 2004","",110,29.31322222,-95.08778889,0,12,2,0,1,1,0,1,1,1,0,1,0,"0000000",18,19,18,27,18,39,0,0,0,1,0
48,483405,2,2,0,0,0,6,6,199,6380,24,11,2016,5,15,58,1,1,3,98,2,"US-96","COOKS RD",74,30.32079722,-94.17737778,0,12,6,0,2,2,0,1,1,1,0,1,0,"0000000",99,99,99,99,99,99,0,0,0,1,0
48,483406,1,1,0,0,0,2,2,453,0,11,12,2016,1,11,30,0,8,98,98,6,"OASIS BLUFF DR","",0,30.41098056,-97.87008333,0,1,0,0,1,1,0,4,1,10,0,10,0,"0000000",11,18,11,21,11,50,0,0,0,1,0
48,483407,2,2,0,0,0,2,2,179,0,16,12,2016,6,1,8,1,1,1,1,1,"I-40","",13,35.18287778,-100.97189444,0,12,2,0,1,1,0,1,2,5,0,5,0,"0000000",99,99,99,99,99,99,0,0,0,1,0
48,483408,2,2,0,0,0,6,6,15,0,17,12,2016,7,10,40,1,1,3,98,3,"SR-36","FM 331",27,29.8403,-96.17096667,0,12,6,0,2,2,0,1,1,1,0,1,0,"0000000",11,9,11,34,12,8,0,0,0,2,0
48,483409,1,1,0,0,0,2,2,157,0,18,12,2016,1,21,16,0,1,4,98,8,"UA-90","",53,29.54229444,-95.97082778,0,42,0,0,1,1,0,4,2,1,0,1,0,"0000000",21,15,21,25,22,42,0,0,0,1,0
48,483410,1,1,0,0,0,2,2,213,300,18,12,2016,1,22,50,1,2,3,98,8,"BS-31 H TYLER ST","",107,32.20579167,-95.84321111,0,30,0,0,1,1,0,4,3,10,0,10,0,"0000000",99,99,99,99,99,99,0,0,0,1,1
48,483411,2,2,0,0,0,3,3,179,0,18,12,2016,1,0,14,1,1,1,1,1,"I-40","",147,35.22673056,-100.5956,0,12,2,0,1,1,0,1,2,1,0,1,0,"0000000",99,98,99,98,88,88,0,0,0,1,0
48,483412,1,1,0,0,0,1,1,245,0,20,12,2016,3,5,30,1,1,1,1,1,"I-10","",54,29.91013056,-94.29536111,0,35,0,0,1,1,0,4,2,1,0,1,0,"0000000",99,99,99,99,99,99,0,0,0,1,0
48,483413,2,2,0,0,0,2,2,185,175,22,12,2016,5,12,35,0,1,4,98,3,"SR-90","",272,30.48393889,-95.99408889,0,12,2,0,1,1,0,1,1,1,0,1,0,"0000000",99,98,99,98,88,88,0,0,0,1,1
48,483414,2,2,0,0,0,4,4,467,0,23,12,2016,6,8,22,0,1,5,98,8,"FM 17","",34,32.65306944,-95.75798056,0,12,6,0,1,1,0,1,1,2,0,2,0,"0000000",99,99,99,99,99,99,0,0,0,1,0
48,483415,2,2,0,0,0,2,2,281,0,24,12,2016,7,3,59,1,1,3,98,2,"US-281","",233,31.1167,-98.19296944,0,12,2,0,1,1,0,2,2,10,0,10,0,"0000000",99,98,99,98,88,88,0,0,0,1,0
48,483416,2,2,0,0,0,2,2,439,4965,24,12,2016,7,14,25,0,8,98,98,6,"MID CITIES BLVD","",0,32.86172778,-97.21098333,0,12,6,0,1,1,0,1,1,10,0,10,0,"0000000",99,99,99,99,99,99,0,0,0,1,0
48,483417,1,1,0,0,0,2,2,485,7490,24,12,2016,7,22,41,1,2,3,98,8,"BU-287/SCOTT AVE","",480,33.90127778,-98.45642222,0,33,0,0,1,1,0,8,2,2,0,2,0,"0000000",99,99,99,99,99,99,0,0,0,1,1
48,483418,1,1,0,1,1,1,1,39,130,25,12,2016,1,1,53,0,8,98,98,6,"DICKINSON RD","",0,29.42918333,-95.23681111,0,8,0,0,1,1,0,1,2,1,0,1,0,"0000000",1,55,1,58,88,88,0,0,0,1,1
48,483419,1,1,0,1,1,1,1,209,9997,26,12,2016,2,19,52,0,1,5,98,8,"FM 2001","",84,30.01448889,-97.73463056,0,8,0,0,1,1,0,1,2,1,0,1,0,"0000000",99,98,99,98,88,88,0,0,0,1,0
48,483420,1,1,0,1,1,1,1,113,1730,27,12,2016,3,20,41,1,2,1,1,1,"I-35/RL THORNTON FWY","",142,32.74985556,-96.80930278,0,8,0,0,1,1,0,1,2,1,0,1,0,"0000000",99,98,99,98,88,88,0,0,0,1,0
48,483422,2,2,0,0,0,2,2,51,0,29,12,2016,5,18,42,0,1,5,98,8,"FM 60","",130,30.36543056,-96.64763889,0,12,2,0,1,1,0,1,5,1,0,1,0,"0000000",99,99,99,99,99,99,0,0,0,2,0
48,483423,2,2,0,0,0,2,2,199,0,29,12,2016,5,17,50,0,1,4,98,3,"SR-327","",31,30.34485,-94.24776944,0,12,2,0,1,1,0,1,2,1,0,1,0,"0000000",99,99,99,99,88,88,0,0,0,1,0
48,483424,1,1,0,0,0,1,1,113,1730,30,12,2016,6,5,30,1,2,1,1,7,"I-30/TOM LANDRY","BECKLEY AVE",125,32.76876111,-96.82274722,0,30,0,0,3,3,0,4,3,1,0,1,0,"0000000",99,99,99,99,99,99,20,0,0,1,0
48,483425,1,1,0,0,0,1,1,27,0,31,12,2016,7,1,11,0,8,98,98,4,"CR-ELM GROVE RD","",0,30.98796111,-97.46511111,0,1,0,0,1,1,0,4,2,10,0,10,0,"0000000",99,98,99,98,88,88,0,0,0,1,0
48,483426,1,1,0,1,1,1,1,113,1730,31,12,2016,7,0,51,0,8,98,98,6,"COLORADO BLVD","BISHOP AVE",0,32.75933056,-96.82573889,0,8,0,0,3,2,0,1,3,1,0,1,0,"0000000",99,99,99,99,99,99,0,0,0,1,0
48,483427,1,1,0,0,0,1,1,161,0,31,12,2016,7,12,22,0,1,5,98,3,"SR-75","",65,31.62973056,-96.15168889,0,42,0,0,1,1,0,4,1,1,0,1,0,"0000000",99,98,99,98,88,88,0,0,0,1,0
48,483428,1,1,0,0,0,1,1,221,2780,31,12,2016,7,1,39,0,2,5,98,8,"FM 4/LIPAN HWY","",87,32.45705278,-97.80237222,0,42,0,0,1,1,0,4,2,1,0,1,0,"0000000",1,47,2,9,2,46,0,0,0,1,1
48,483429,2,2,0,0,0,5,5,287,0,31,12,2016,7,10,16,1,1,4,98,2,"US-77","",329,30.08685,-96.91543056,0,12,6,0,1,1,0,4,1,2,0,2,0,"0000000",10,16,10,26,11,42,0,0,0,2,0
48,483430,1,1,0,0,0,1,1,467,0,31,12,2016,7,1,17,0,1,5,98,8,"RM 2909","",65,32.45645,-95.8045,0,42,0,0,1,1,0,4,2,10,0,10,0,"0000000",99,98,99,98,88,88,0,0,0,1,1
48,483431,1,1,0,0,0,2,2,439,0,17,3,2016,5,20,9,0,8,98,98,4,"CR-RENDON RD","",0,32.59940278,-97.26231667,0,38,0,0,1,1,0,5,2,1,0,1,0,"0000000",99,98,99,98,88,88,0,0,0,2,1