"STATE","ST_CASE","VE_TOTAL","VE_FORMS","PVH_INVL","PEDS","PERNOTMVIT","PERMVIT","PERSONS","COUNTY","CITY","DAY","MONTH","YEAR","DAY_WEEK","HOUR","MINUTE","NHS","RUR_URB","FUNC_SYS","RD_OWNER","ROUTE","TWAY_ID","TWAY_ID2","MILEPT","LATITUDE","LONGITUD","SP_JUR","HARM_EV","MAN_COLL","RELJCT1","RELJCT2","TYP_INT","WRK_ZONE","REL_ROAD","LGT_COND","WEATHER1","WEATHER2","WEATHER","SCH_BUS","RAIL","NOT_HOUR","NOT_MIN","ARR_HOUR","ARR_MIN","HOSP_HR","HOSP_MN","CF1","CF2","CF3","FATALS","DRUNK_DR"
48,483432,2,2,0,0,0,2,2,439,0,5,4,2016,3,23,50,0,8,98,98,4,"CR-LEMONS RD","",0,32.58716389,-97.24996944,0,12,2,0,1,1,0,1,2,1,0,1,0,"0000000",99,99,99,99,99,99,0,0,0,1,2
48,483433,1,1,0,0,0,5,5,439,0,20,5,2016,6,14,48,0,2,4,98,8,"RM 2871","",125,32.69822778,-97.498975,0,35,0,0,1,1,0,4,1,1,0,1,0,"0000000",14,51,14,57,16,6,0,0,0,1,0
48,483434,2,2,0,0,0,3,3,439,0,11,7,2016,2,16,29,0,8,98,98,4,"CR-RENDON NEW HOPE RD","HOPPER RD",0,32.56890556,-97.23303611,0,12,6,0,2,2,0,1,1,1,0,1,0,"0000000",99,98,99,98,88,88,0,0,0,1,0
48,483435,1,1,0,1,1,2,2,453,330,14,9,2016,4,12,53,1,2,1,1,7,"I-35","",215,30.31607778,-97.70706111,0,8,0,0,1,1,0,1,1,10,0,10,0,"0000000",12,53,12,57,13,14,0,0,0,1,0
48,483437,2,2,0,0,0,3,3,233,780,18,11,2016,6,17,16,0,2,4,98,3,"SR-136 WILSON","ROOSEVELT ST",10,35.65723889,-101.41224722,0,12,2,0,2,3,0,1,1,1,0,1,0,"0000000",99,99,99,99,99,99,0,0,0,1,0
48,483438,1,1,0,0,0,3,3,229,0,20,11,2016,1,18,30,1,1,1,1,1,"I-10","",466,31.16889722,-105.335425,0,57,0,0,1,1,0,3,2,1,0,1,0,"0000000",99,99,99,99,99,99,0,0,0,1,0
48,483439,3,2,1,0,0,3,3,367,7280,23,11,2016,4,19,51,0,2,4,98,8,"FM 51","BRIDGE ST",192,32.76148889,-97.79733889,0,12,6,0,2,2,0,1,3,1,0,1,0,"0000000",99,99,99,99,99,99,0,0,0,1,0
48,483440,1,1,0,0,0,1,1,73,0,28,11,2016,2,6,30,0,1,6,98,8,"FM 235","",3,31.98065833,-95.07664722,0,42,0,0,1,1,0,4,4,2,0,2,0,"0000000",7,9,7,25,8,29,0,0,0,1,0
48,483441,2,2,0,0,0,5,5,157,5970,31,12,2016,7,3,10,1,1,3,98,2,"US-59/SOUTHWEST FWY","COTTON WOOD CHURCH RD",202,29.532325,-95.86020556,0,12,6,0,2,3,1,1,3,1,0,1,0,"0000000",99,99,99,99,99,99,0,0,0,2,0
48,483442,1,1,0,1,1,1,1,201,3280,14,12,2016,4,17,40,0,8,98,98,6,"BRAESWOOD BLVD","",0,29.67698889,-95.50259722,0,8,0,0,1,1,0,4,2,1,0,1,0,"0000000",99,99,99,99,99,99,0,0,0,1,0
48,483443,1,1,0,0,0,1,1,225,0,15,12,2016,5,14,20,0,1,5,98,8,"FM 357","",48,31.32575,-95.11561944,0,42,0,0,1,1,0,4,1,1,0,1,0,"0000000",99,99,99,99,99,99,0,0,0,1,0
48,483444,1,1,0,0,0,2,2,113,2590,16,12,2016,6,23,32,0,8,98,98,6,"CENTERVILLE RD","",0,32.89611944,-96.60067222,0,39,0,0,1,1,0,4,2,2,0,2,0,"0000000",23,32,23,38,23,55,0,0,0,1,1
48,483445,1,1,0,0,0,1,1,473,910,20,12,2016,3,15,5,1,1,1,1,1,"I-10","",43,29.77905556,-95.95971944,0,52,0,0,1,1,0,4,1,1,0,1,0,"0000000",99,99,99,99,99,99,0,0,0,1,0
48,483446,1,1,0,1,1,2,2,159,4760,22,12,2016,5,19,51,0,1,4,98,3,"SR-37/TOM RAMSEY HWY","",4,33.18095,-95.23333056,0,8,0,0,1,1,0,1,2,1,0,1,0,"0000000",99,99,99,99,99,99,0,0,0,1,0
48,483447,1,1,0,1,1,1,1,477,1287,23,12,2016,6,22,10,1,1,3,98,2,"US-290","",264,30.13538889,-96.25756944,0,8,0,0,1,1,0,1,2,10,0,10,0,"0000000",99,98,99,98,88,88,0,0,0,1,0
48,483448,2,2,0,0,0,6,6,113,2590,25,12,2016,1,3,33,0,8,98,98,6,"FOREST LN","SHILOH RD",0,32.90913611,-96.66532778,0,12,1,0,3,2,0,1,3,10,0,10,0,"0000000",3,34,3,39,3,54,0,0,0,1,1
48,483449,1,1,0,0,0,1,1,83,0,27,12,2016,3,1,20,0,1,4,98,3,"SR-206","",132,31.92883056,-99.31733056,0,59,0,0,1,1,0,4,2,1,0,1,0,"0000000",99,98,99,98,88,88,0,0,0,1,0
48,483450,2,2,0,0,0,2,2,29,6090,28,12,2016,4,12,41,0,8,98,98,6,"WEST AVE","WAYSIDE DR",0,29.50205,-98.52594167,0,12,1,0,3,3,0,1,1,1,0,1,0,"0000000",99,99,99,99,99,99,0,0,0,1,0
48,483451,1,1,0,1,1,1,1,201,3280,28,12,2016,4,19,2,1,2,1,1,1,"I-69/US-59 EASTEX FWY","",62,29.83074167,-95.33534722,0,8,0,0,1,1,0,1,2,1,0,1,0,"0000000",99,98,99,98,88,88,0,0,0,1,0
48,483452,1,1,0,0,0,1,1,201,3280,28,12,2016,4,19,27,0,8,98,98,6,"KEMPWOOD DR","",0,29.82184444,-95.52524722,0,43,0,0,1,1,0,4,3,1,0,1,0,"0000000",99,98,99,98,88,88,0,0,0,1,1
48,483453,2,1,1,2,3,1,2,39,0,30,12,2016,6,5,27,1,2,3,98,8,"BS 288 B","",52,29.09044167,-95.41470833,0,8,0,0,1,1,0,1,2,1,0,1,0,"0000000",99,99,99,99,99,99,19,0,0,1,0
48,483454,4,4,0,0,0,8,8,331,4578,30,12,2016,6,18,15,1,1,3,98,2,"US-79","",42,30.70530833,-96.87645556,0,12,2,0,1,1,0,1,2,10,0,10,0,"0000000",18,44,19,23,20,4,0,0,0,1,0
48,483455,1,1,0,0,0,1,1,483,0,30,12,2016,6,6,35,0,1,5,98,8,"FM 592","CR-U",137,35.31378889,-100.20181111,0,59,0,0,1,1,0,4,3,1,0,1,0,"0000000",99,99,99,99,88,88,0,0,0,1,0
48,483456,1,1,0,0,0,2,2,109,7140,31,12,2016,7,15,35,1,1,5,98,8,"BI 10 D BROADWAY ST","",64,31.03748056,-104.84156111,0,30,0,0,1,1,0,4,1,10,0,10,0,"0000000",99,99,99,99,99,99,0,0,0,1,0
48,483457,1,1,0,1,1,2,2,113,4530,31,12,2016,7,1,10,1,2,1,1,7,"I-30","",250,32.82832222,-96.62168889,0,8,0,0,1,1,0,1,2,10,0,10,0,"0000000",1,11,1,20,1,40,0,0,0,1,0
48,483458,1,1,0,1,1,1,1,135,0,31,12,2016,7,1,55,0,8,98,98,4,"CR-GOLDER AVE","",0,31.89346944,-102.3972,0,8,0,0,1,1,0,1,2,1,0,1,0,"0000000",99,98,99,98,88,88,0,0,0,1,0
48,483459,1,1,0,0,0,1,1,139,0,31,12,2016,7,22,0,0,2,4,98,3,"SR-34","",6,32.41401111,-96.47249167,0,53,0,0,1,1,0,4,1,1,0,1,0,"0000000",99,98,99,98,88,88,0,0,0,1,1
48,483460,2,2,0,0,0,2,2,309,0,28,12,2016,4,14,10,0,1,5,98,8,"FM 2837","",40,31.452825,-97.25899444,0,12,2,0,1,1,0,1,1,1,0,1,0,"0000000",99,98,99,98,88,88,0,0,0,2,0
48,483461,1,1,0,1,1,1,1,201,0,13,11,2016,1,1,35,0,1,4,98,8,"FM 2920","",30,30.06565278,-95.87216389,0,8,0,0,1,1,0,1,3,10,0,10,0,"0000000",99,98,99,98,88,88,0,0,0,1,0
48,483462,1,1,0,0,0,1,1,201,0,18,11,2016,6,0,17,0,8,98,98,4,"CR-SPRING CYPRESS RD","",0,30.03086389,-95.55685556,0,30,0,0,1,1,0,4,2,1,0,1,0,"0000000",99,98,99,98,88,88,0,0,0,1,1
48,483463,2,2,0,0,0,6,6,201,0,2,12,2016,6,17,1,0,8,98,98,4,"CR-ELDRIDGE PKWY","TRADERS VILLAGE DR",0,29.8925,-95.60628889,0,12,6,0,2,2,0,1,5,2,0,2,0,"0000000",99,99,99,99,99,99,0,0,0,2,0
48,483464,2,2,0,0,0,3,3,227,640,2,12,2016,6,15,26,1,2,3,98,8,"FM 700 MARCY DR","",40,32.23224167,-101.462725,0,12,6,0,8,1,0,1,1,2,0,2,0,"0000000",18,7,18,11,18,34,0,0,0,1,0
48,483465,1,1,0,0,0,3,3,227,0,19,12,2016,2,15,30,1,2,1,1,7,"I-20","US-87",242,32.22784167,-101.54533333,0,24,0,0,3,3,0,4,1,1,0,1,0,"0000000",15,46,15,51,15,59,0,0,0,1,0
48,483467,1,1,0,0,0,1,1,237,0,26,12,2016,2,6,0,0,1,5,98,3,"SR-59","",143,33.29881667,-98.07354722,0,42,0,0,1,1,0,4,2,1,0,1,0,"0000000",99,98,99,98,88,88,0,0,0,1,0
48,483468,1,1,0,1,1,1,1,157,0,28,12,2016,4,1,38,1,2,1,1,2,"US-59","",89,29.55659722,-95.71291111,0,8,0,1,18,1,1,1,2,5,0,5,0,"0000000",99,98,99,98,88,88,19,0,0,1,0
48,483469,1,1,0,0,0,2,2,133,0,23,12,2016,6,3,9,0,1,4,98,3,"SR-206","",11,32.35909167,-99.00875556,0,43,0,0,1,1,0,4,2,1,0,1,0,"0000000",99,99,99,99,99,99,0,0,0,1,0
48,483470,1,1,0,0,0,1,1,329,0,31,12,2016,7,18,5,0,1,6,98,8,"FM 3095","",147,31.68154167,-101.87358889,0,11,0,0,1,1,0,1,2,1,0,1,0,"0000000",99,98,99,98,88,88,0,0,0,1,0
48,483471,2,2,0,0,0,3,3,453,330,22,11,2016,3,19,32,1,2,2,98,2,"US-290","",75,30.33943611,-97.59252222,0,12,1,1,18,1,0,1,3,10,0,10,0,"0000000",99,98,99,98,88,88,0,0,0,2,0
48,483472,1,1,0,1,1,2,2,29,6090,22,12,2016,5,6,50,0,8,98,98,6,"RANDOLPH BLVD","",0,29.54033056,-98.36997222,0,8,0,0,1,1,0,1,2,1,0,1,0,"0000000",99,98,99,98,88,88,0,0,0,1,0
48,483473,1,1,0,0,0,1,1,439,2450,27,2,2016,7,20,12,0,8,98,98,6,"UNIVERSITY DR","",0,32.76629167,-97.36059722,0,33,0,0,1,1,0,3,3,1,0,1,0,"0000000",99,99,99,99,99,99,0,0,0,1,0
48,483474,2,2,0,0,0,7,7,139,9997,27,10,2016,5,14,33,1,2,2,98,2,"US-287","SR-360",14,32.52376389,-97.08612222,0,12,1,0,2,3,0,1,1,1,0,1,0,"0000000",14,44,15,1,15,33,0,0,0,1,0
48,483475,2,2,0,0,0,2,2,453,330,7,12,2016,4,8,22,1,2,2,98,7,"SR-71","SR-130",454,30.19532222,-97.62435556,0,12,6,1,2,2,1,1,1,10,0,10,0,"0000000",8,23,8,28,9,4,0,0,0,1,0
48,483476,1,1,0,0,0,4,4,481,0,26,12,2016,2,12,5,1,2,3,98,2,"US-59","",143,29.40588333,-96.065775,0,42,0,0,1,1,0,4,1,10,0,10,0,"0000000",12,8,12,19,13,9,0,0,0,1,0
48,483477,4,4,0,0,0,5,5,453,330,13,10,2016,5,8,39,1,2,2,98,2,"US-290","",22,30.23595278,-97.82732222,0,12,1,1,20,1,0,1,1,10,0,10,0,"0000000",8,28,8,36,8,56,0,0,0,1,0
48,483478,1,1,0,1,1,1,1,453,330,6,11,2016,1,20,40,0,8,98,98,6,"WAGON TRL","",0,30.37767778,-97.68961389,0,8,0,0,1,1,0,1,2,10,0,10,0,"0000000",20,35,20,38,21,2,0,0,0,1,0
48,483479,1,1,0,1,1,1,1,351,4900,26,11,2016,7,19,34,1,1,3,98,2,"US-190","DAVISON ST",34,30.82178889,-93.73271944,0,8,0,0,1,1,0,1,2,1,0,1,0,"0000000",99,99,99,99,99,99,0,0,0,1,0
48,483480,1,1,0,1,1,1,1,49,950,17,12,2016,7,15,15,0,8,98,98,6,"6TH ST","",0,31.70268333,-98.98231944,0,8,0,0,1,1,0,1,1,10,0,10,0,"0000000",99,99,99,99,99,99,0,0,0,1,1
48,483481,1,1,0,1,1,1,1,453,330,21,12,2016,4,16,13,1,2,3,98,8,"SL 275 CONGRESS AVE","LITTLE TEXAS LN",182,30.20248889,-97.77553333,0,8,0,0,2,3,0,1,1,1,0,1,0,"0000000",99,99,99,99,99,99,0,0,0,1,0
48,483482,1,1,0,1,1,4,4,355,1550,24,12,2016,7,20,2,0,8,98,98,6,"STAPLES ST","BARRY DR",0,27.67271667,-97.39195556,0,8,0,0,3,2,0,1,3,1,0,1,0,"0000000",99,98,99,98,88,88,0,0,0,1,0
48,483484,1,1,0,0,0,1,1,201,3280,17,12,2016,7,4,5,0,8,98,98,6,"BISSONNET ST","",0,29.689925,-95.50247222,0,42,0,0,1,1,0,4,3,10,0,10,0,"0000000",99,99,99,99,99,99,0,0,0,1,1
48,483485,1,1,0,0,0,2,2,113,2010,2,8,2016,3,2,22,1,2,1,1,1,"I-20 LBJ FWY","",95,32.66468056,-96.90601667,0,25,0,1,19,1,0,4,3,1,0,1,0,"0000000",99,99,99,99,99,99,0,0,0,1,1
48,483486,2,2,0,0,0,2,2,439,0,10,10,2016,2,16,28,1,2,3,98,8,"FM 1187","",59,32.56650833,-97.43626111,0,12,6,0,1,1,0,1,1,1,0,1,0,"0000000",99,99,99,99,99,99,0,0,0,2,0
48,483487,3,3,0,0,0,5,5,113,4530,24,12,2016,7,6,56,1,2,1,1,1,"I-20","",33,32.70366389,-96.57157222,0,12,1,1,18,1,0,1,2,5,0,5,0,"0000000",99,99,99,99,99,99,0,0,0,1,0
48,483488,2,2,0,0,0,2,2,439,2450,9,10,2016,1,13,46,0,8,98,98,6,"OAK GROVE RD","GARDEN ACRES DR",0,32.59919722,-97.30868611,0,1,0,0,2,3,0,1,1,1,0,1,0,"0000000",99,99,99,99,99,99,0,0,0,1,0
48,483489,1,1,0,1,1,1,1,39,5249,13,11,2016,1,5,8,1,2,3,98,3,"SR-35 MAIN ST","",141,29.54009722,-95.27265,0,8,0,0,1,1,0,1,2,10,0,10,0,"0000000",99,99,99,99,99,99,0,0,0,1,0
48,483490,1,1,0,0,0,2,2,201,1790,25,11,2016,6,3,11,0,8,98,98,6,"SAN AUGUSTINE ST","",0,29.68996111,-95.10015278,0,58,0,0,1,1,0,1,3,1,0,1,0,"0000000",99,99,99,99,99,99,0,0,0,1,0
48,483491,2,2,0,2,2,3,3,397,6010,2,12,2016,6,20,39,1,1,1,1,1,"I-30","",108,32.94008056,-96.37288056,0,8,0,0,1,1,0,1,2,2,0,2,0,"0000000",99,99,99,99,99,99,23,0,0,1,0
48,483492,1,1,0,1,1,1,1,201,0,13,12,2016,3,1,5,0,2,3,98,8,"FM 1960","",161,30.02608889,-95.40610278,0,8,0,1,18,1,0,1,2,10,0,10,0,"0000000",99,99,99,99,88,88,0,0,0,1,0
48,483493,1,1,0,0,0,4,4,453,9997,30,10,2016,1,3,18,0,8,98,98,6,"LOHMAN FORD RD","",0,30.4455,-97.98039722,0,42,0,0,1,1,0,4,2,1,0,1,0,"0000000",99,99,99,99,99,99,0,0,0,2,1
48,483494,1,1,0,1,1,0,0,201,0,14,10,2016,6,18,40,0,8,98,98,4,"CR-BRIDLEDON LN","",0,29.97825,-95.48765833,0,8,0,0,8,1,0,5,5,10,0,10,0,"0000000",99,99,99,99,99,99,0,0,0,1,0
48,483495,2,2,0,0,0,2,2,167,6213,20,12,2016,3,10,48,1,2,3,98,8,"FM 1764","",28,29.39143333,-95.07215,0,12,1,0,1,1,0,1,1,1,0,1,0,"0000000",99,99,99,99,99,99,0,0,0,1,0
48,483496,1,1,0,1,1,2,2,439,0,24,12,2016,7,16,2,0,2,4,98,8,"FM 730","PORTWOOD RD",10,32.97943611,-97.54353333,0,9,0,0,2,2,0,1,1,1,0,1,0,"0000000",99,98,99,98,88,88,0,0,0,1,0
48,483497,1,1,0,1,1,1,1,215,4650,22,12,2016,5,6,28,0,8,98,98,6,"BRYAN RD","",0,26.23649167,-98.30596944,0,8,0,0,1,1,0,1,2,5,0,5,0,"0000000",99,99,99,99,99,99,0,0,0,1,0
48,483498,1,1,0,0,0,1,1,439,2450,24,12,2016,7,17,6,1,2,1,1,1,"I-35 SOUTH FWY","",64,32.73991111,-97.32014444,0,20,0,1,5,1,0,8,3,1,0,1,0,"0000000",99,99,99,99,99,99,0,0,0,1,0
48,483499,2,2,0,0,0,2,2,201,3280,11,10,2016,3,8,10,1,2,3,98,8,"SS 261 SHEPHERD DR","DONOVAN",24,29.84412778,-95.41096111,0,12,6,0,2,2,0,1,1,99,0,99,0,"0000000",99,99,99,99,99,99,0,0,0,1,0
48,483500,3,1,2,1,1,1,1,239,2120,1,11,2016,3,12,36,1,2,3,98,2,"US-59","",107,28.98433611,-96.65546389,0,14,0,0,1,1,0,3,1,2,0,2,0,"0000000",99,99,99,99,99,99,15,23,0,1,0
48,483501,2,2,0,0,0,2,2,215,114,2,12,2016,6,3,0,1,2,3,98,3,"SR-107","",481,26.27382778,-98.31584167,0,12,99,0,1,1,0,1,3,1,0,1,0,"0000000",99,98,99,98,88,88,0,0,0,1,1
48,483502,2,2,0,0,0,3,3,31,670,17,12,2016,7,0,34,1,1,3,98,2,"US-281","",289,30.09018889,-98.42216111,0,12,2,0,1,1,0,1,2,1,0,1,0,"0000000",99,99,99,99,99,99,0,0,0,1,1
48,483503,2,2,0,0,0,3,3,181,7450,21,12,2016,4,0,55,1,1,3,98,2,"US-82","",345,33.66969722,-96.91061111,0,12,6,0,8,1,0,1,3,1,0,1,0,"0000000",99,99,99,99,99,99,0,0,0,1,0
49,490002,1,1,0,0,0,1,1,17,0,1,1,2016,6,13,0,0,1,4,1,3,"SR-12","",623,37.73621667,-111.54462778,0,31,0,0,1,1,0,4,1,10,0,10,0,"0000000",13,5,13,15,99,99,0,0,0,1,0
49,490004,2,2,0,0,0,5,5,45,0,3,1,2016,1,5,30,1,1,1,1,1,"I-80","",549,40.76106667,-113.00572222,0,12,1,0,1,1,0,1,2,10,0,10,0,"0000000",5,36,6,19,99,99,0,0,0,1,1
49,490005,2,2,0,0,0,2,2,23,0,4,1,2016,2,8,18,1,1,3,1,3,"SR-28","",212,39.40238611,-111.92792222,0,31,0,0,1,1,0,4,1,1,0,1,0,"0000000",8,21,8,25,9,5,0,0,0,1,0
49,490006,1,1,0,1,1,1,1,11,910,11,1,2016,2,6,57,1,2,3,1,3,"SR-126","",34,41.09130278,-112.00315833,0,15,0,0,1,1,0,1,2,10,0,10,0,"0000000",6,57,7,1,7,15,0,0,0,1,0
49,490007,2,2,0,2,2,3,3,11,910,11,1,2016,2,7,24,0,2,5,4,6,"FORT LANE","LINDSEY STREET",8,41.06301389,-111.957525,0,8,0,0,2,3,0,1,3,10,0,10,0,"0000000",7,25,7,31,8,2,0,0,0,1,0
49,490008,1,1,0,1,1,1,1,53,0,13,1,2016,4,19,45,1,1,3,1,3,"SR-18","",185,37.31426111,-113.67688056,0,8,0,0,1,1,0,1,2,1,0,1,0,"0000000",19,45,19,58,88,88,0,0,0,1,0
49,490009,1,1,0,0,0,1,1,11,260,14,1,2016,5,9,5,1,2,1,1,1,"I-15","",3359,41.12101389,-112.02016944,0,35,0,0,1,1,0,4,1,4,0,4,0,"0000000",9,7,9,19,10,8,0,0,0,1,0
49,490010,1,1,0,1,1,1,1,35,1700,29,1,2016,6,18,14,0,2,5,4,6,"500 EAST","",52,40.75137778,-111.87676944,0,8,0,0,1,1,0,1,2,2,0,2,0,"0000000",18,15,18,19,18,37,0,0,0,1,0
49,490011,2,2,0,0,0,2,2,11,210,1,2,2016,2,16,40,0,2,4,1,3,"SR-105","I-15",4,40.92154444,-111.89173611,0,12,6,1,5,1,0,1,1,1,0,1,0,"0000000",16,51,16,55,17,48,0,0,0,1,0
49,490012,1,1,0,1,1,3,3,35,1710,12,2,2016,6,19,41,0,2,4,1,6,"10600 SOUTH","",8,40.55885,-111.88128611,0,8,0,0,1,1,0,1,2,5,0,5,0,"0000000",99,98,99,98,88,88,0,0,0,1,0
49,490013,1,1,0,0,0,1,1,35,2113,16,1,2016,7,3,15,0,2,4,4,6,"4100 SOUTH","",33,40.68204722,-112.03315556,0,38,0,0,1,1,0,4,2,1,0,1,0,"0000000",3,19,3,23,88,88,0,0,0,1,1
49,490014,2,2,0,0,0,3,3,49,1500,28,1,2016,5,9,44,1,2,3,4,2,"US-89","SR-114",3446,40.35899444,-111.74067778,0,12,6,0,2,2,0,1,1,1,0,1,0,"0000000",9,44,9,48,10,23,0,0,0,1,0
49,490015,1,1,0,0,0,1,1,3,0,30,1,2016,7,1,25,0,1,4,1,3,"SR-38","",21,41.48501944,-112.01693611,0,1,0,0,1,1,0,4,2,2,0,2,0,"0000000",1,27,1,36,1,59,0,0,0,1,1
49,490016,3,3,0,0,0,5,5,37,0,2,2,2016,3,20,35,1,1,3,1,2,"US-191","",1130,38.42614444,-109.42769722,0,12,8,0,1,1,0,1,2,1,0,1,0,"0000000",20,37,20,52,99,99,14,0,0,1,0
49,490017,2,2,0,0,0,2,2,35,124,5,2,2016,6,13,59,0,2,3,4,3,"SR-68","",372,40.45117778,-111.93731389,0,12,2,0,1,1,0,1,1,1,0,1,0,"0000000",14,3,14,22,15,5,0,0,0,1,0
49,490018,2,2,0,0,0,7,7,35,1800,19,2,2016,6,18,57,0,2,5,4,6,"SKYE DRIVE","",14,40.57326667,-111.98385,0,12,8,0,1,1,0,1,3,1,0,1,0,"0000000",18,59,19,4,19,18,14,0,0,1,0
49,490019,2,2,0,0,0,3,3,11,260,22,2,2016,2,23,28,0,2,4,4,3,"SR-107","1000 W",20,41.11813333,-112.04528333,0,12,6,0,2,2,0,1,3,1,0,1,0,"0000000",23,28,23,35,88,88,0,0,0,3,1
49,490020,2,2,0,0,0,2,2,35,1700,4,1,2016,2,11,13,0,2,4,4,6,"NORTH TEMPLE ST","600 WEST",0,40.77161389,-111.90820556,0,12,7,1,2,2,0,1,1,1,0,1,0,"933906J",99,99,99,99,88,88,0,0,0,1,0
49,490021,3,3,0,0,0,3,3,19,0,25,2,2016,5,19,25,1,2,3,1,2,"US-191","",1222,38.50396389,-109.47934444,0,12,8,0,1,1,0,1,2,1,0,1,0,"0000000",19,27,19,32,99,99,0,0,0,1,0
49,490022,1,1,0,0,0,3,3,27,0,4,2,2016,5,23,38,0,1,4,1,3,"SR-257","",379,38.84118333,-112.84541111,0,11,0,0,1,1,0,1,2,10,0,10,0,"0000000",23,47,0,25,1,17,0,0,0,1,0
49,490023,1,1,0,0,0,1,1,17,0,8,3,2016,3,13,30,0,1,4,1,3,"SR-12","",329,37.59201389,-111.93004444,0,1,0,0,1,1,0,2,1,1,0,1,0,"0000000",13,52,14,18,88,88,0,0,0,1,0
49,490024,1,1,0,0,0,1,1,49,40,14,2,2016,1,10,42,1,2,1,1,1,"I-15","",2774,40.36361667,-111.78990833,0,25,0,0,1,1,0,3,1,10,0,10,0,"0000000",10,24,10,39,88,88,0,0,0,1,0
49,490025,1,1,0,0,0,2,2,51,0,18,2,2016,5,16,10,1,1,3,1,2,"US-40","",431,40.22419722,-111.10728889,0,35,0,0,1,1,0,4,1,4,0,4,0,"0000000",16,12,16,42,17,21,0,0,0,1,0
49,490026,2,1,1,0,0,1,1,7,1540,14,3,2016,2,14,5,0,2,5,2,6,"1100 NORTH","",0,39.61697222,-110.82495833,0,14,0,0,1,1,0,2,1,10,0,10,0,"0000000",14,16,14,20,14,33,0,0,0,1,0
49,490027,1,1,0,1,1,1,1,35,1020,7,3,2016,2,8,6,0,2,7,25,6,"8728 WEST","",0,40.69838889,-112.09955278,0,8,0,0,8,1,0,1,1,1,0,1,0,"0000000",8,6,8,10,88,88,0,0,0,1,0
49,490028,1,1,0,1,1,1,1,49,1460,20,3,2016,1,14,35,0,2,7,4,5,"1000 SOUTH","",0,40.02848889,-111.743075,0,15,0,0,1,1,0,1,1,1,0,1,0,"0000000",14,35,14,43,99,99,0,0,0,1,0
49,490029,3,3,0,0,0,9,9,15,0,20,3,2016,1,14,40,1,1,3,1,2,"US-6","",2731,39.44440556,-110.46812222,0,12,8,0,1,1,0,1,1,1,0,1,0,"0000000",14,48,15,10,99,99,0,0,0,1,0
49,490030,2,2,0,0,0,2,2,37,1205,1,1,2016,6,15,9,0,1,5,1,2,"US-163","",5,37.00459722,-110.17325833,3,12,2,0,1,1,0,1,1,99,0,99,0,"0000000",15,15,16,0,88,88,0,0,0,2,1
49,490031,1,1,0,1,1,1,1,3,2120,27,2,2016,7,19,1,1,2,3,1,2,"US-89","",4289,41.42389722,-112.03576944,0,8,0,0,1,1,0,1,3,1,0,1,0,"0000000",19,2,19,6,20,6,0,0,0,1,0
49,490032,1,1,0,0,0,3,3,21,0,26,3,2016,7,6,57,1,1,1,1,1,"I-15","",925,38.01778889,-112.71749444,0,1,0,0,1,1,0,4,4,4,0,4,0,"0000000",6,50,7,26,8,0,0,0,0,1,0
49,490033,2,2,0,0,0,2,2,35,2113,20,3,2016,1,16,18,0,1,3,1,3,"SR-85","6200 S",176,40.63860833,-112.04460278,0,12,6,0,2,2,0,1,1,1,0,1,0,"0000000",16,20,16,24,99,99,0,0,0,1,0
49,490034,2,2,0,0,0,2,2,39,75,29,3,2016,3,2,30,1,1,3,1,2,"US-89","",2351,39.06380833,-111.82075556,0,12,8,0,1,1,0,1,2,2,0,2,0,"0000000",1,53,2,10,2,33,0,0,0,1,1
49,490035,1,1,0,1,1,1,1,35,865,10,4,2016,1,22,4,0,2,5,1,6,"NORTHWEST AVE","5415 S",0,40.65281389,-112.00389444,0,9,0,0,2,2,0,1,3,1,0,1,0,"0000000",99,99,99,99,99,99,0,0,0,1,0
49,490036,1,1,0,1,1,1,1,35,2100,16,2,2016,3,19,18,0,2,3,1,3,"SR-68","",0,40.623825,-111.93878056,0,15,0,0,1,1,0,1,3,1,0,1,0,"0000000",19,18,19,24,99,99,0,0,0,1,0
49,490037,2,2,0,0,0,3,3,35,1700,22,2,2016,2,12,28,0,2,3,4,6,"FOOTHILL DRIVE","",0,40.75677222,-111.83528611,0,12,6,0,8,1,0,1,1,2,0,2,0,"0000000",99,99,99,99,99,99,0,0,0,1,0
49,490038,1,1,0,1,1,1,1,49,1390,2,3,2016,4,16,41,0,2,4,4,6,"1600 NORTH","MAIN STREET",0,40.32664167,-111.69693889,0,8,0,0,2,2,0,1,1,1,0,1,0,"0000000",16,43,16,48,16,56,0,0,0,1,0
49,490039,2,2,0,0,0,2,2,43,0,28,3,2016,2,19,51,1,2,1,1,1,"I-80","",1462,40.72494444,-111.53789167,0,12,2,0,1,1,0,1,5,2,0,2,0,"0000000",19,51,20,7,20,25,0,0,0,1,1
49,490040,1,1,0,1,1,1,1,35,2113,6,4,2016,4,22,17,0,2,3,1,3,"SR-68","",0,40.70588333,-111.93894722,0,8,0,0,1,1,0,1,2,1,0,1,0,"0000000",22,17,22,26,99,99,0,0,0,1,0
49,490041,2,2,0,0,0,3,3,35,1120,7,4,2016,5,21,42,0,2,4,2,6,"FORT UNION BLVD.","94 EAST",0,40.62080278,-111.88812222,0,12,6,0,2,3,0,1,3,1,0,1,0,"0000000",21,42,21,50,88,88,0,0,0,1,0