"STATE","ST_CASE","VE_TOTAL","VE_FORMS","PVH_INVL","PEDS","PERNOTMVIT","PERMVIT","PERSONS","COUNTY","CITY","DAY","MONTH","YEAR","DAY_WEEK","HOUR","MINUTE","NHS","RUR_URB","FUNC_SYS","RD_OWNER","ROUTE","TWAY_ID","TWAY_ID2","MILEPT","LATITUDE","LONGITUD","SP_JUR","HARM_EV","MAN_COLL","RELJCT1","RELJCT2","TYP_INT","WRK_ZONE","REL_ROAD","LGT_COND","WEATHER1","WEATHER2","WEATHER","SCH_BUS","RAIL","NOT_HOUR","NOT_MIN","ARR_HOUR","ARR_MIN","HOSP_HR","HOSP_MN","CF1","CF2","CF3","FATALS","DRUNK_DR"
49,490042,2,2,0,0,0,2,2,11,910,7,4,2016,5,15,22,0,2,4,4,6,"MAIN STREET","ANTELOPE DRIVE",0,41.08913889,-112.00106111,0,12,6,0,2,2,0,1,1,1,0,1,0,"0000000",15,22,15,27,99,99,0,0,0,1,0
49,490043,1,1,0,0,0,1,1,53,410,9,4,2016,7,7,43,0,2,4,1,3,"SR-18","",42,37.54148611,-113.68167222,0,38,0,0,1,1,0,4,1,2,0,2,0,"0000000",7,36,7,42,88,88,0,0,0,1,0
49,490044,1,1,0,1,1,1,1,35,344,9,4,2016,7,19,13,0,2,6,4,6,"700 WEST","",0,40.53901111,-111.91028611,0,8,0,0,1,1,0,1,1,10,0,10,0,"0000000",19,14,19,19,88,88,0,0,0,1,0
49,490045,1,1,0,0,0,1,1,57,1350,20,3,2016,1,0,56,0,2,3,1,3,"SR-53","",0,41.22305556,-112.00046111,0,1,0,0,1,1,0,4,3,1,0,1,0,"0000000",0,59,1,8,99,99,0,0,0,1,1
49,490046,1,1,0,0,0,2,2,51,0,9,4,2016,7,19,8,0,1,7,2,5,"STRINGTOWN ROAD","",0,40.48714167,-111.48196389,0,5,0,0,1,1,0,1,1,10,0,10,0,"0000000",19,15,19,21,19,37,0,0,0,1,0
49,490047,1,1,0,0,0,1,1,25,0,12,4,2016,3,5,45,1,1,3,1,2,"US-89","",255,37.18869722,-112.65756667,0,24,0,0,1,1,0,4,2,1,0,1,0,"0000000",6,5,6,36,88,88,0,0,0,1,1
49,490048,4,4,0,0,0,6,6,53,0,12,4,2016,3,20,54,0,1,3,1,3,"SR-59","",35,37.00858056,-113.01152222,0,12,1,0,1,1,0,1,2,1,0,1,0,"0000000",20,57,21,0,99,99,0,0,0,1,0
49,490049,1,1,0,1,1,1,1,49,1860,13,4,2016,4,18,57,0,2,7,4,6,"200 EAST","2500 SOUTH",0,40.13488056,-111.60979444,0,9,0,0,2,2,0,1,1,10,0,10,0,"0000000",18,59,19,3,88,88,0,0,0,1,0
49,490050,1,1,0,0,0,1,1,49,0,16,4,2016,7,17,33,0,1,99,2,9,"CHIMNEY ROCK PASS","",0,40.062925,-112.03771944,0,1,0,0,1,1,0,6,1,1,0,1,0,"0000000",17,35,18,10,88,88,0,0,0,1,1
49,490051,2,2,0,0,0,2,2,35,1820,19,4,2016,3,12,18,0,2,4,1,6,"2100 S","600 W",0,40.72554444,-111.90718056,0,12,2,1,2,2,0,1,1,1,0,1,0,"0000000",12,7,12,14,12,36,0,0,0,1,0
49,490052,1,1,0,0,0,2,2,21,0,22,4,2016,6,16,8,1,1,1,1,1,"I-15","",475,37.52873889,-113.20790556,0,1,0,0,1,1,0,4,1,6,0,6,0,"0000000",16,12,16,27,16,45,0,0,0,1,0
49,490053,2,2,0,0,0,3,3,49,1840,23,4,2016,7,3,40,1,2,1,1,1,"I-15","",2565,40.10619167,-111.68038889,0,24,0,0,1,1,0,4,2,10,0,10,0,"0000000",3,36,3,43,99,99,0,0,0,1,0
49,490054,2,2,0,0,0,6,6,49,1560,15,4,2016,6,19,37,0,2,3,1,3,"SR-114","",0,40.23397778,-111.68551944,0,12,6,1,5,1,0,1,3,10,0,10,0,"0000000",19,42,19,48,20,8,0,0,0,1,0
49,490055,2,2,0,0,0,4,4,45,0,22,4,2016,6,5,10,1,1,1,1,1,"I-80","",235,40.73261944,-113.57703056,0,12,1,0,1,1,0,1,2,10,0,10,0,"0000000",5,24,5,53,88,88,0,0,0,1,0
49,490056,1,1,0,0,0,1,1,19,0,27,4,2016,4,13,51,0,1,7,2,6,"RUBY RANCH RD","",0,38.72811944,-110.03062222,0,17,0,0,1,1,0,4,1,10,0,10,0,"0000000",13,52,14,46,88,88,0,0,0,1,0
49,490057,1,1,0,0,0,1,1,53,1670,10,3,2016,5,18,13,0,1,99,4,8,"APEX MINE ROAD","",0,37.05239444,-113.63943333,0,35,0,0,1,1,0,4,2,1,0,1,0,"0000000",18,40,18,52,88,88,0,0,0,1,0
49,490058,1,1,0,0,0,2,2,35,2113,3,2,2016,4,11,43,0,2,7,4,6,"6780 W","",0,40.68468889,-112.05303333,0,5,0,0,1,1,0,1,1,99,0,99,0,"0000000",11,44,11,55,12,15,0,0,0,1,0
49,490059,1,1,0,0,0,2,2,11,2090,8,2,2016,2,22,50,1,2,1,1,1,"I-15","",3160,40.88844722,-111.89663333,0,1,0,1,5,1,0,4,6,1,0,1,0,"0000000",22,50,22,55,99,99,0,0,0,1,0
49,490060,1,1,0,0,0,1,1,53,2050,13,4,2016,4,14,0,0,2,7,4,9,"1860 N","",0,37.15653611,-113.520325,0,1,0,0,1,1,0,4,1,1,0,1,0,"0000000",14,42,14,56,88,88,0,0,0,1,0
49,490061,1,1,0,0,0,2,2,43,1440,24,4,2016,1,12,17,0,2,3,1,3,"SR-224","",0,40.66094444,-111.51158333,0,38,0,0,1,1,0,5,1,1,0,1,0,"0000000",12,19,12,24,13,3,0,0,0,1,0
49,490062,1,1,0,1,1,1,1,35,1120,7,2,2016,1,11,41,0,2,4,4,6,"7720 SOUTH","MAIN STREET",0,40.61065278,-111.91026667,0,8,0,0,2,2,0,1,1,10,0,10,0,"0000000",11,45,11,46,99,99,0,0,0,1,0
49,490063,1,1,0,0,0,1,1,15,0,7,5,2016,7,3,10,0,1,7,1,4,"CR-1015","",0,38.65305278,-110.65290278,0,1,0,0,1,1,0,2,2,99,0,99,0,"0000000",88,88,88,88,88,88,0,0,0,1,0
49,490064,2,2,0,0,0,4,4,35,2100,27,3,2016,1,16,40,0,2,3,4,6,"9000 S","3200 W",0,40.58775,-111.96730556,0,12,6,0,2,2,0,1,1,1,0,1,0,"0000000",99,99,99,99,99,99,0,0,0,1,0
49,490065,3,3,0,0,0,3,3,49,1460,20,4,2016,4,12,10,1,2,1,1,1,"I-15 OFF-RAMP","MAIN ST",0,40.05458333,-111.73225556,0,12,6,1,2,2,0,1,1,1,0,1,0,"0000000",99,99,99,99,99,99,0,0,0,1,0
49,490067,2,1,1,0,0,1,1,11,210,1,5,2016,1,5,35,1,2,1,1,1,"I-15","",3203,40.92516944,-111.891325,0,14,0,0,1,1,0,2,3,6,0,6,0,"0000000",5,42,5,46,88,88,0,0,0,1,0
49,490068,1,1,0,0,0,1,1,45,0,30,4,2016,7,17,5,1,1,1,1,1,"I-80","",740,40.75226667,-112.71944444,0,38,0,0,1,1,0,4,1,10,0,10,0,"0000000",17,7,18,10,88,88,0,0,0,1,0
49,490069,1,1,0,0,0,1,1,49,0,3,5,2016,3,17,30,1,2,3,1,2,"US-6","",1460,39.962075,-112.098975,0,38,0,0,1,1,0,4,1,1,0,1,0,"0000000",17,47,17,56,88,88,0,0,0,1,0
49,490070,2,2,0,0,0,5,5,35,1700,11,5,2016,4,14,5,0,2,5,4,6,"900 W","1700 S",0,40.73348889,-111.91685278,0,12,6,0,2,2,0,1,1,1,0,1,0,"0000000",15,9,15,19,15,41,0,0,0,1,0
49,490071,2,2,0,0,0,6,6,19,0,14,5,2016,7,13,41,1,1,3,1,2,"US-191","ARCHES NATIONAL PARK",1303,38.61092222,-109.60813611,0,12,6,0,2,3,0,1,1,1,0,1,0,"0000000",13,44,13,51,14,9,0,0,0,1,0
49,490072,1,1,0,0,0,2,2,57,1350,15,5,2016,1,16,26,0,2,3,1,3,"SR-203","",0,41.23875,-111.94565,0,42,0,0,1,1,0,5,1,1,0,1,0,"0000000",16,26,16,29,99,99,0,0,0,1,0
49,490073,1,1,0,0,0,5,5,41,0,12,5,2016,5,8,50,1,1,1,1,1,"I-70","",828,38.77933333,-111.48423333,0,31,0,0,1,1,0,4,1,1,0,1,0,"0000000",9,0,9,25,99,99,0,0,0,4,0
49,490074,2,2,0,0,0,2,2,49,1460,16,5,2016,2,13,46,1,2,1,1,1,"I-15","",2504,40.04907778,-111.73916944,0,12,1,0,1,1,0,1,1,2,0,2,0,"0000000",88,88,88,88,88,88,0,0,0,1,0
49,490075,1,1,0,0,0,1,1,35,2100,18,5,2016,4,23,0,0,2,5,4,6,"8200 SOUTH","6000 WEST",0,40.60231389,-112.033775,0,33,0,0,3,6,0,3,3,1,0,1,0,"0000000",23,4,23,10,99,99,0,0,0,1,0
49,490076,1,1,0,1,1,1,1,41,1690,11,4,2016,2,18,18,0,1,7,4,5,"300 EAST","",0,38.9525,-111.85475,0,8,0,0,1,1,0,1,1,10,0,10,0,"0000000",18,28,19,11,20,52,0,0,0,1,0
49,490077,2,2,0,0,0,5,5,49,1460,7,5,2016,7,22,50,0,2,5,4,6,"200 SOUTH","",0,40.04051389,-111.74729722,0,12,6,0,1,1,0,1,2,1,0,1,0,"0000000",99,99,99,99,99,99,0,0,0,1,0
49,490078,3,3,0,0,0,6,6,11,860,8,5,2016,1,8,57,1,2,1,1,1,"I-15","",3291,41.04335833,-111.95475,0,12,6,0,1,1,0,1,1,2,0,2,0,"0000000",8,59,9,2,99,99,0,0,0,1,0
49,490079,2,2,0,0,0,2,2,53,760,13,5,2016,6,15,14,0,2,7,4,6,"870 WEST","325 NORTH",0,37.18138889,-113.30518056,0,12,6,0,2,3,0,1,1,1,0,1,0,"0000000",15,15,15,17,99,99,0,0,0,1,1
49,490080,2,2,0,0,0,2,2,11,460,13,5,2016,6,23,23,0,2,4,4,3,"SR-106","PARK LANE",0,40.99134167,-111.89354444,0,12,6,0,2,2,0,1,3,1,0,1,0,"0000000",23,25,23,30,88,88,0,0,0,1,0
49,490081,2,2,0,0,0,3,3,49,1500,17,5,2016,3,0,20,0,2,4,4,6,"100 EAST","",0,40.37584722,-111.73980556,0,12,7,0,1,1,0,1,6,1,0,1,0,"0000000",0,24,0,28,88,88,0,0,0,1,0
49,490082,2,2,0,0,0,3,3,35,1020,18,5,2016,4,17,3,0,2,3,1,6,"8400 WEST","",0,40.70481944,-112.09181667,0,12,2,0,1,1,0,1,1,1,0,1,0,"0000000",17,5,17,6,88,88,0,0,0,1,0
49,490083,1,1,0,0,0,2,2,53,0,22,5,2016,1,3,40,0,1,3,1,3,"SR-18","",172,37.30285556,-113.66874444,0,1,0,0,1,1,0,4,2,1,0,1,0,"0000000",3,43,3,50,88,88,0,0,0,1,0
49,490084,1,1,0,0,0,1,1,5,0,29,5,2016,1,10,33,0,1,5,1,3,"SR-218","",39,41.84519167,-111.90040556,0,51,0,0,1,1,0,4,1,1,0,1,0,"0000000",10,37,10,42,11,21,0,0,0,1,0
49,490085,1,1,0,0,0,1,1,15,0,29,5,2016,1,20,55,0,1,6,2,6,"GEORGE OLSEN ROAD","",0,39.28341389,-111.17661111,0,35,0,0,1,1,0,4,5,1,0,1,0,"0000000",21,0,21,24,88,88,0,0,0,1,1
49,490086,3,3,0,0,0,4,4,57,1350,2,6,2016,5,15,15,0,2,3,4,3,"SR-203","",0,41.19866111,-111.94873056,0,12,6,0,1,1,0,1,1,1,0,1,0,"0000000",15,17,15,30,16,8,0,0,0,1,0
49,490087,2,2,0,0,0,2,2,57,1350,6,4,2016,4,13,40,0,1,5,2,6,"900 SOUTH","",0,41.24982222,-112.13009444,0,12,1,0,1,1,0,1,1,1,0,1,0,"0000000",13,43,13,53,14,30,0,0,0,1,0
49,490088,1,1,0,0,0,1,1,35,2113,5,5,2016,5,12,20,0,2,3,1,3,"SR-201","",113,40.72576389,-112.03461667,0,38,0,0,1,1,0,4,1,10,0,10,0,"0000000",12,25,12,30,99,99,0,0,0,1,0
49,490089,4,4,0,0,0,4,4,49,1560,12,5,2016,5,15,27,1,2,3,1,2,"US-89","1720 NORTH",0,40.25655278,-111.67254167,0,12,6,0,2,2,0,1,1,1,0,1,0,"0000000",99,99,99,99,99,99,0,0,0,1,0
49,490090,1,1,0,1,1,2,2,3,0,25,5,2016,4,13,40,1,1,1,1,1,"I-15","",3997,41.99943611,-112.198325,0,8,0,0,1,1,0,3,1,2,0,2,0,"0000000",13,45,13,56,88,88,19,0,0,1,0
49,490091,1,1,0,0,0,5,5,45,0,31,5,2016,3,22,30,0,1,3,1,3,"SR-73","",30,40.36528889,-112.34170556,0,1,0,0,1,1,0,4,2,1,0,1,0,"0000000",22,36,22,53,1,12,0,0,0,1,0
49,490092,1,1,0,0,0,1,1,35,344,13,5,2016,6,13,57,1,2,1,1,1,"I-15","",2915,40.50040833,-111.89124444,0,5,0,0,1,1,1,1,1,1,0,1,0,"0000000",13,56,14,8,14,25,0,0,0,1,0
49,490093,3,3,0,0,0,7,7,47,2010,27,5,2016,6,13,49,1,1,3,1,2,"US-40","MCCOY FLATS ROAD",1379,40.39055278,-109.59599167,0,12,1,0,2,3,0,1,1,1,0,1,0,"0000000",13,51,13,57,14,23,0,0,0,1,0
49,490094,3,1,2,2,2,1,1,35,1020,1,6,2016,4,13,0,0,1,3,1,3,"SR-201","",42,40.71945556,-112.14770556,0,8,0,0,1,1,0,2,1,1,0,1,0,"0000000",13,6,13,22,13,48,14,23,0,2,0
49,490095,2,2,0,0,0,2,2,11,1320,1,6,2016,4,12,32,0,2,5,4,6,"CENTER STREET","880 WEST",0,40.84191944,-111.93623056,0,12,6,0,2,3,0,1,1,1,0,1,0,"0000000",99,99,99,99,99,99,0,0,0,1,0
49,490096,1,1,0,1,1,1,1,13,0,3,6,2016,6,5,21,0,1,4,1,3,"SR-191","",2849,40.06785556,-110.51280833,0,8,0,0,1,1,0,1,4,10,0,10,0,"0000000",5,35,5,45,6,41,0,0,0,1,0
49,490097,1,1,0,0,0,1,1,53,2020,5,6,2016,1,23,5,0,1,3,1,3,"SR-9","",195,37.19600833,-113.15673611,0,35,0,0,1,1,0,4,2,1,0,1,0,"0000000",23,7,23,26,88,88,0,0,0,1,0
49,490098,2,2,0,0,0,3,3,39,450,8,6,2016,4,13,32,1,1,3,1,2,"US-89","",2849,39.64118333,-111.44857222,0,12,6,0,1,1,0,1,1,10,0,10,0,"0000000",13,44,14,0,14,15,0,0,0,1,0
49,490099,1,1,0,0,0,4,4,3,730,9,6,2016,5,5,18,1,1,1,1,1,"I-84","",261,41.82003611,-112.41717778,0,1,0,0,1,1,0,3,4,10,0,10,0,"0000000",5,21,5,38,99,99,0,0,0,1,0
49,490100,1,1,0,0,0,1,1,43,0,10,6,2016,6,16,46,1,1,1,1,1,"I-80","",1736,41.07260833,-111.25985278,0,20,0,0,1,1,0,3,1,10,0,10,0,"0000000",16,46,16,57,88,88,0,0,0,1,0
49,490101,1,1,0,0,0,1,1,3,0,10,6,2016,6,19,50,1,1,1,1,1,"I-15","",3707,41.60919444,-112.08260278,0,1,0,0,1,1,0,3,1,10,0,10,0,"0000000",19,55,20,4,20,5,0,0,0,1,0
49,490102,2,2,0,0,0,3,3,49,0,12,6,2016,1,5,39,0,1,4,1,3,"SR-68","",100,40.10555,-111.959125,0,12,7,0,1,1,0,1,2,10,0,10,0,"0000000",99,99,99,99,99,99,0,0,0,1,0
49,490103,3,2,1,0,0,2,2,57,1350,15,6,2016,4,1,41,0,2,3,1,3,"SR-204","22ND ST",0,41.22705833,-111.97871111,0,12,6,0,2,2,0,1,3,1,0,1,0,"0000000",1,44,1,48,2,13,0,0,0,1,0
49,490104,2,2,0,0,0,4,4,49,970,15,6,2016,4,19,35,0,2,3,1,3,"SR-114","200 SOUTH",0,40.33359444,-111.73865833,0,12,6,0,2,2,0,1,1,1,0,1,0,"0000000",99,99,99,99,99,99,0,0,0,1,0
49,490105,1,1,0,0,0,8,8,3,0,18,6,2016,7,21,22,1,1,1,1,1,"I-84","",152,41.90281667,-112.581775,0,1,0,0,1,1,0,1,5,1,0,1,0,"0000000",21,39,21,42,99,99,0,0,0,1,0
49,490106,2,2,0,0,0,2,2,21,190,18,6,2016,7,5,44,0,2,3,1,6,"MAIN STREET","",0,37.69251111,-113.06201667,0,12,6,0,1,1,0,1,3,1,0,1,0,"0000000",5,46,5,50,99,99,0,0,0,1,0
49,490107,2,2,0,0,0,2,2,35,2100,18,6,2016,7,8,32,0,2,3,1,3,"SR-68","",0,40.623375,-111.93878056,0,12,1,0,1,1,0,1,1,1,0,1,0,"0000000",8,33,8,36,99,99,0,0,0,1,0
49,490108,1,1,0,1,1,2,2,5,990,20,6,2016,2,18,56,0,2,7,4,6,"1330 WEST","",0,41.70294444,-111.86764444,0,8,0,0,8,1,0,1,1,1,0,1,0,"0000000",18,57,19,2,99,99,0,0,0,1,0
49,490109,2,2,0,0,0,2,2,11,910,21,6,2016,3,22,30,0,2,4,1,6,"ANTELOPE DRIVE","700 WEST",0,41.08917222,-111.97953611,0,12,6,0,2,2,0,1,3,1,0,1,0,"0000000",22,30,22,39,22,55,0,0,0,1,0
49,490111,1,1,0,0,0,1,1,35,1700,28,6,2016,3,21,7,0,2,3,1,3,"SR-210","",0,40.58601111,-111.79214722,0,42,0,0,1,1,0,4,5,1,0,1,0,"0000000",21,8,21,18,99,99,0,0,0,1,1
49,490112,1,1,0,0,0,3,3,15,0,29,6,2016,4,13,54,1,1,1,1,1,"I-70","",1363,38.89424444,-110.61708611,0,35,0,0,1,1,0,4,1,1,0,1,0,"0000000",13,55,14,23,15,54,0,0,0,3,0
49,490113,3,2,1,0,0,3,3,57,1650,30,6,2016,5,0,10,0,2,5,1,6,"3500 WEST","6000 SOUTH",0,41.15437222,-112.06453056,0,12,1,0,2,2,0,1,3,10,0,10,0,"0000000",0,9,0,12,99,99,0,0,0,2,0
49,490114,1,1,0,0,0,1,1,11,1830,11,5,2016,4,17,47,1,2,1,1,1,"I-84","",846,41.14988611,-111.96935833,0,21,0,0,1,1,0,3,1,1,0,1,0,"0000000",17,48,17,56,88,88,0,0,0,1,0
49,490115,2,1,1,0,2,1,3,35,1240,6,6,2016,2,14,35,1,2,1,1,1,"I-15","",3012,40.66759722,-111.90121667,0,14,0,0,1,1,0,6,1,1,0,1,0,"0000000",14,37,14,44,99,99,0,0,0,1,0
49,490116,1,1,0,0,0,8,8,27,0,9,6,2016,5,11,42,1,1,1,1,1,"I-15","",1744,39.02748056,-112.30096667,0,1,0,0,1,1,0,1,1,10,0,10,0,"0000000",11,45,11,57,12,31,0,0,0,1,0
49,490117,2,2,0,0,0,2,2,35,2100,1,7,2016,6,14,4,1,2,3,1,3,"SR-68","",0,40.63115556,-111.93879167,0,12,6,0,1,1,0,1,1,1,0,1,0,"0000000",14,4,14,10,99,99,0,0,0,1,1
49,490118,4,4,0,0,0,10,10,15,0,1,7,2016,6,20,47,1,1,3,1,2,"US-6","",2984,38.98978889,-110.24711389,0,72,0,0,1,1,1,1,5,10,0,10,0,"0000000",20,47,20,57,22,8,14,0,0,1,0
49,490119,2,2,0,0,0,4,4,51,0,3,7,2016,1,13,25,1,1,3,1,2,"US-40","",454,40.18868889,-111.07107222,0,12,2,0,1,1,0,1,1,10,0,10,0,"0000000",13,31,14,28,15,16,0,0,0,1,0
49,490120,1,1,0,0,0,1,1,15,0,4,7,2016,2,15,15,0,1,7,2,6,"UPPER JOES VALLEY RD","",0,39.30800556,-111.27323333,0,1,0,0,1,1,0,1,1,1,0,1,0,"0000000",88,88,88,88,88,88,0,0,0,1,0
49,490121,1,1,0,0,0,1,1,35,1700,9,5,2016,2,12,59,0,1,7,26,8,"SNOWBIRD CENTER DRIVE","",0,40.58064722,-111.65792222,0,41,0,0,1,1,0,4,1,10,0,10,0,"0000000",13,2,13,16,88,88,0,0,0,1,0
49,490122,1,1,0,0,0,2,2,49,1860,11,6,2016,7,16,38,0,1,7,2,5,"HOBBLE CREEK CANYON","",0,40.16506389,-111.49842778,0,42,0,0,1,1,0,4,1,1,0,1,0,"0000000",88,88,88,88,88,88,0,0,0,2,1
49,490123,2,2,0,0,0,4,4,27,0,30,6,2016,5,14,45,1,1,1,1,1,"I-15","",1803,39.16899444,-112.21460556,0,12,2,0,1,1,0,1,1,10,0,10,0,"0000000",14,50,15,3,16,0,0,0,0,1,0
49,490124,2,2,0,0,0,6,6,41,0,6,7,2016,4,17,24,1,1,1,1,1,"I-70","",624,38.92444167,-111.77081389,0,12,7,0,1,1,0,1,1,1,0,1,0,"0000000",17,32,17,38,18,22,0,0,0,1,0
49,490125,1,1,0,0,0,3,3,17,0,8,7,2016,6,14,45,0,1,7,2,5,"HORSEVALLEY","",0,37.74493611,-112.65375278,0,1,0,0,1,1,0,2,1,1,0,1,0,"0000000",99,99,99,99,99,99,0,0,0,1,0
49,490126,1,1,0,0,0,1,1,23,950,2,7,2016,7,12,23,0,1,7,2,5,"SPRING CANYON","CEMETERY ROAD",0,39.62985278,-112.02375556,0,38,0,0,3,3,0,4,1,1,0,1,0,"0000000",99,99,99,99,88,88,0,0,0,1,1
49,490127,1,1,0,1,1,1,1,35,344,15,6,2016,4,16,34,0,2,4,1,6,"LONE PEAK PARKWAY","12300 S",0,40.526775,-111.89567778,0,9,0,0,2,2,0,1,1,1,0,1,0,"0000000",16,34,16,39,17,0,0,0,0,1,0
49,490128,1,1,0,0,0,1,1,41,0,16,6,2016,5,18,5,1,1,1,1,1,"I-70","",859,38.7566,-111.44016111,0,1,0,0,1,1,0,2,1,1,0,1,0,"0000000",18,9,18,41,19,0,0,0,0,1,0
49,490129,1,1,0,0,0,2,2,35,1820,28,6,2016,3,12,1,1,2,3,1,2,"US-89","",0,40.69297222,-111.88824444,0,30,0,0,1,1,0,4,1,1,0,1,0,"0000000",12,1,12,5,88,88,0,0,0,1,0
49,490130,2,1,1,0,0,1,1,35,1700,29,6,2016,4,13,18,0,2,7,4,6,"1300 E","",0,40.75339722,-111.85386667,0,14,0,0,1,1,0,7,1,10,0,10,0,"0000000",12,18,12,21,12,50,0,0,0,1,0
49,490131,4,4,0,0,0,7,7,49,0,15,7,2016,6,14,15,1,1,3,1,2,"US-6","",2212,39.81555556,-110.93879167,0,12,8,0,1,1,0,1,1,1,0,1,0,"0000000",14,20,14,41,99,99,0,0,0,1,0
49,490132,2,2,0,0,0,2,2,35,865,20,7,2016,4,6,29,1,2,3,1,3,"SR-173","SR-172",0,40.65302778,-112.02461389,0,12,6,0,2,2,0,1,1,1,0,1,0,"0000000",99,99,99,99,99,99,0,0,0,1,0
49,490133,3,3,0,0,0,4,4,11,910,20,7,2016,4,7,7,0,2,4,4,6,"FAIRFIELD DR","ANTELOPE DR",0,41.08886111,-111.95011944,0,12,6,0,2,2,0,1,1,10,0,10,0,"0000000",7,8,7,12,8,5,0,0,0,1,0
49,490134,1,1,0,0,0,2,2,37,1205,4,3,2016,6,10,30,0,1,5,1,2,"US-163","",50,37.02145833,-110.14262222,0,1,0,0,1,1,0,4,1,99,0,99,0,"0000000",10,42,10,49,15,28,0,0,0,2,1
49,490135,2,2,0,0,0,4,4,35,311,30,5,2016,2,21,21,0,2,3,1,6,"WASATCH BLVD","",0,40.70595278,-111.79540556,0,12,1,0,1,1,0,1,1,1,0,1,0,"0000000",21,23,21,32,22,11,0,0,0,1,2
49,490136,1,1,0,0,0,3,3,57,1650,31,5,2016,3,19,42,1,2,1,1,1,"I-15","",3379,41.15576667,-112.02475556,0,1,0,0,1,1,0,1,1,1,0,1,0,"0000000",19,42,19,47,19,59,0,0,0,2,1
49,490137,1,1,0,0,0,1,1,37,1205,6,6,2016,2,2,17,0,1,7,2,4,"CR-420","",0,37.064375,-110.30662222,0,1,0,9,99,99,0,99,2,99,0,99,0,"0000000",99,99,99,99,88,88,0,0,0,1,0
49,490138,1,1,0,0,0,1,1,45,2015,22,7,2016,6,13,8,0,1,5,1,3,"SR-36","",300,40.21480556,-112.40641667,0,1,0,0,1,1,0,1,1,1,0,1,0,"0000000",13,21,13,39,14,29,0,0,0,1,1
49,490139,1,1,0,0,0,1,1,5,0,24,7,2016,1,13,12,1,1,3,1,2,"US-89","",4780,41.78699444,-111.64274167,0,24,0,0,1,1,0,4,1,1,0,1,0,"0000000",13,11,13,32,88,88,0,0,0,1,0
49,490140,1,1,0,0,0,5,5,3,0,25,7,2016,2,7,35,1,1,1,1,1,"I-84","",129,41.91651111,-112.62080556,0,1,0,0,1,1,0,3,1,1,0,1,0,"0000000",7,37,7,52,99,99,0,0,0,2,0
49,490141,1,1,0,1,1,1,1,11,140,25,7,2016,2,10,25,0,2,7,4,6,"200 WEST","100 SOUTH",0,40.88829444,-111.88563611,0,8,0,0,2,3,0,1,1,1,0,1,0,"0000000",10,27,10,32,99,99,0,0,0,1,0
49,490142,2,2,0,0,0,3,3,19,0,27,7,2016,4,18,30,1,1,1,1,1,"I-70","",1984,38.94023056,-109.520075,0,12,6,0,1,1,0,1,1,1,0,1,0,"0000000",18,35,19,17,88,88,0,0,0,1,0
49,490143,1,1,0,0,0,3,3,35,685,28,7,2016,5,7,0,0,1,6,2,3,"SR-2688","",145,40.48940278,-112.15640278,0,1,0,0,1,1,0,4,1,1,0,1,0,"0000000",6,59,7,30,9,42,0,0,0,1,1
49,490144,2,2,0,0,0,6,6,23,0,30,7,2016,7,18,25,0,1,4,1,3,"SR-132","",399,39.71526667,-111.72474722,0,12,2,0,1,1,0,1,1,10,0,10,0,"0000000",18,26,18,35,21,12,0,0,0,1,0
49,490145,1,1,0,0,0,3,3,3,0,1,8,2016,2,13,21,1,1,1,1,1,"I-84","",151,41.90122222,-112.58011111,0,1,0,0,1,1,0,3,1,1,0,1,0,"0000000",13,23,13,40,14,13,0,0,0,1,0
49,490146,3,3,0,0,0,5,5,11,1900,3,8,2016,4,21,50,0,2,3,1,3,"SR-126","2300 NORTH",0,41.14715556,-112.02608056,0,12,2,0,2,3,0,1,3,1,0,1,0,"0000000",21,51,21,55,99,99,0,0,0,2,0
49,490147,1,1,0,0,0,3,3,49,1560,4,8,2016,5,4,12,0,2,6,4,6,"820 NORTH","",0,40.24593889,-111.63271111,0,42,0,0,1,1,0,4,2,1,0,1,0,"0000000",4,23,4,29,4,47,0,0,0,1,1
49,490148,2,2,0,0,0,2,2,35,311,4,8,2016,5,19,8,0,2,3,4,6,"6930 S","HIGHLAND DRIVE",0,40.62467222,-111.83426944,0,12,6,0,2,2,0,1,1,1,0,1,0,"0000000",99,98,99,98,88,88,0,0,0,1,1
49,490149,1,1,0,0,0,2,2,35,1700,25,7,2016,2,21,4,0,2,5,4,6,"900 SOUTH","600 WEST",0,40.74973611,-111.90884444,0,10,0,0,6,1,0,1,5,1,0,1,0,"9999999",21,4,21,10,21,30,0,0,0,1,0
49,490150,2,2,0,0,0,6,6,35,2113,2,7,2016,7,2,19,1,2,3,1,3,"SR-171","",0,40.69666944,-111.93635,0,12,1,0,1,1,0,1,3,1,0,1,0,"0000000",2,22,2,26,88,88,0,0,0,1,1
49,490151,1,1,0,0,0,1,1,29,1210,25,7,2016,2,17,38,0,1,5,1,3,"SR-65","",135,40.85301667,-111.59431111,0,35,0,0,1,1,0,4,1,1,0,1,0,"0000000",88,88,88,88,88,88,0,0,0,1,0
49,490152,2,2,0,0,0,2,2,49,1560,29,7,2016,6,14,13,1,2,3,4,2,"US-89","800 SOUTH",0,40.22331389,-111.64168333,0,12,6,0,2,3,0,1,1,1,0,1,0,"0000000",14,16,14,19,14,42,0,0,0,1,0