"STATE","ST_CASE","VE_TOTAL","VE_FORMS","PVH_INVL","PEDS","PERNOTMVIT","PERMVIT","PERSONS","COUNTY","CITY","DAY","MONTH","YEAR","DAY_WEEK","HOUR","MINUTE","NHS","RUR_URB","FUNC_SYS","RD_OWNER","ROUTE","TWAY_ID","TWAY_ID2","MILEPT","LATITUDE","LONGITUD","SP_JUR","HARM_EV","MAN_COLL","RELJCT1","RELJCT2","TYP_INT","WRK_ZONE","REL_ROAD","LGT_COND","WEATHER1","WEATHER2","WEATHER","SCH_BUS","RAIL","NOT_HOUR","NOT_MIN","ARR_HOUR","ARR_MIN","HOSP_HR","HOSP_MN","CF1","CF2","CF3","FATALS","DRUNK_DR"
49,490266,1,1,0,1,1,1,1,35,1924,20,12,2016,3,21,35,1,2,3,1,3,"SR-68","",0,40.68124722,-111.93879444,0,8,0,0,1,1,0,1,3,1,0,1,0,"0000000",21,35,21,39,99,99,0,0,0,1,0
49,490267,1,1,0,0,0,1,1,45,1940,25,12,2016,1,0,6,0,1,7,2,6,"ROWLEY ROAD","",0,40.76393056,-112.73332778,0,31,0,0,1,1,0,4,2,4,0,4,0,"0000000",0,6,0,51,88,88,0,0,0,1,0
49,490268,2,2,0,0,0,2,2,11,910,31,12,2016,7,13,49,0,2,4,4,6,"HILL FIELD RD","",0,41.08231111,-111.97344722,0,12,6,0,8,1,0,1,1,1,0,1,0,"0000000",13,50,13,54,99,99,0,0,0,1,0
50,500001,1,1,0,0,0,1,1,23,350,13,1,2016,4,7,20,1,1,3,1,2,"US-2","",8,44.36257222,-72.30817222,0,1,0,0,1,1,0,4,1,4,0,4,0,"0000000",7,21,99,97,99,97,0,0,0,1,0
50,500002,2,2,0,0,0,3,3,1,106,20,1,2016,4,15,15,0,1,5,1,3,"SR-125","",34,43.99099444,-73.34644167,0,12,2,0,1,1,0,1,1,1,0,1,0,"0000000",15,21,15,33,16,10,0,0,0,1,0
50,500003,1,1,0,0,0,2,2,25,296,24,1,2016,1,2,19,0,1,7,3,5,"TH-5 MIDDLETOWN RD.","TH-28 BROOKS RD.",99999,43.21424722,-72.81337778,0,18,0,0,3,4,0,4,2,1,0,1,0,"0000000",2,23,2,39,3,10,0,0,0,1,1
50,500004,1,1,0,0,0,1,1,19,158,8,2,2016,2,6,11,1,1,1,1,1,"I-91 NB","",1665,44.87288611,-72.17611944,0,1,0,0,1,1,0,3,1,1,0,1,0,"0000000",6,12,6,20,88,88,0,0,0,1,0
50,500005,1,1,0,0,0,2,2,15,640,12,2,2016,6,23,57,0,1,5,3,5,"MC-0237 STAGECOACH RD.","",11,44.49718611,-72.65751667,0,30,0,0,1,1,0,4,2,10,0,10,0,"0000000",0,30,0,11,1,2,18,0,0,1,1
50,500006,1,1,0,0,0,1,1,5,601,5,3,2016,7,4,15,0,2,5,4,6,"FAU 7027 (SEVERANCE HILL RD.)","",7,44.45778889,-71.94599167,0,42,0,0,1,1,0,4,2,10,0,10,0,"0000000",8,23,8,33,88,88,0,0,0,1,1
50,500007,1,1,0,0,0,1,1,25,32,6,3,2016,1,6,33,0,1,6,3,5,"MINC 0538 BROOKLINE RD.","MILLER RD.",99999,43.11642778,-72.57143611,0,42,0,0,3,4,0,4,2,1,0,1,0,"0000000",6,37,6,48,88,88,0,0,0,1,1
50,500008,2,2,0,0,0,2,2,23,130,7,3,2016,2,13,33,1,1,3,1,2,"US-2","",3,44.36378611,-72.31797778,0,12,6,0,1,1,0,1,1,10,0,10,0,"0000000",13,34,13,45,88,88,0,0,0,1,0
50,500009,1,1,0,1,1,1,1,1,360,11,3,2016,6,8,26,1,2,3,1,2,"US-7","",7,43.96726944,-73.11656944,0,8,0,0,1,1,3,2,1,10,0,10,0,"0000000",8,27,8,34,88,88,0,0,0,1,0
50,500010,1,1,0,0,0,1,1,7,370,16,3,2016,4,16,55,0,2,4,1,2,"US-2","",14,44.62459722,-73.22926111,0,42,0,0,1,1,0,4,1,10,0,10,0,"0000000",16,55,17,8,17,42,0,0,0,1,0
50,500011,1,1,0,0,0,3,3,21,147,19,3,2016,7,4,7,0,1,7,3,5,"TH-24 DRAKE RD.","",99999,43.63347778,-73.208625,0,1,0,0,1,1,0,4,2,1,0,1,0,"0000000",99,99,99,99,88,88,0,0,0,3,1
50,500012,2,2,0,0,0,2,2,3,645,1,4,2016,6,11,44,0,1,5,1,3,"SR-7A","",17,43.11708611,-73.11182222,0,12,2,0,1,1,0,1,1,2,0,2,0,"0000000",11,45,11,59,12,49,0,0,0,1,1
50,500013,1,1,0,1,1,4,4,7,370,9,4,2016,7,22,0,1,2,4,1,2,"US-2","",13,44.62478889,-73.23148889,0,8,0,0,1,1,0,1,2,10,0,10,0,"0000000",22,0,22,15,88,88,0,0,0,1,0
50,500014,1,1,0,0,0,1,1,27,72,10,4,2016,1,4,15,1,1,1,1,1,"I-89 SB","",249,43.86096667,-72.60703056,0,24,0,0,1,1,0,3,2,1,0,1,0,"0000000",4,25,4,37,5,3,0,0,0,1,1
50,500015,1,1,0,1,1,1,1,21,9997,22,4,2016,6,20,23,0,1,7,3,5,"TH-14 GULF RD.","",99999,43.46821389,-73.07553889,0,8,0,0,1,1,0,1,2,1,0,1,0,"0000000",20,30,20,57,88,88,0,0,0,1,0
50,500016,1,1,0,0,0,1,1,13,20,24,4,2016,1,15,0,1,1,3,1,3,"SR-78","",13,44.97213611,-73.25741111,0,1,0,0,1,1,0,4,1,1,0,1,0,"0000000",15,1,15,10,15,49,0,0,0,1,0
50,500017,3,3,0,0,0,4,4,25,9997,26,4,2016,3,15,29,0,1,4,1,3,"SR-30","",4,42.90286944,-72.60115556,0,12,1,0,1,1,0,1,1,10,0,10,0,"0000000",15,33,15,41,16,15,0,0,0,1,0
50,500018,2,2,0,0,0,2,2,23,187,11,5,2016,4,13,29,0,1,4,1,3,"SR-14","",2,44.23861389,-72.48909444,0,12,6,0,8,1,0,1,1,1,0,1,0,"0000000",13,30,13,38,14,29,0,0,0,1,0
50,500019,2,2,0,0,0,2,2,9,9997,18,5,2016,4,15,57,0,1,4,1,3,"SR-105","",44,44.81585,-71.87844722,0,1,0,0,1,1,0,1,1,1,0,1,0,"0000000",16,0,16,8,88,88,0,0,0,1,0
50,500020,1,1,0,0,0,1,1,7,200,21,5,2016,7,9,29,0,2,4,3,3,"SR-15","",15,44.495025,-73.12187778,0,33,0,0,8,1,0,4,1,1,0,1,0,"0000000",9,29,9,34,9,50,0,0,0,1,0
50,500021,1,1,0,0,0,4,4,19,9997,29,5,2016,1,16,40,0,1,4,1,3,"SR-105","",9,44.89821667,-72.061125,0,42,0,0,1,1,0,4,1,1,0,1,0,"0000000",16,46,17,0,17,28,0,0,0,2,1
50,500022,1,1,0,0,0,1,1,3,614,30,5,2016,2,12,23,0,1,5,3,5,"MC-0112 WHITE CREEK RD.","",6,42.94432222,-73.25684167,0,1,0,0,1,1,0,1,1,1,0,1,0,"0000000",12,25,12,37,88,88,0,0,0,1,1
50,500023,1,1,0,0,0,5,5,23,385,30,5,2016,2,19,53,0,1,7,3,5,"TH-31 LYNCH HILL RD.","",99999,44.23935833,-72.66346944,0,35,0,0,1,1,0,4,1,1,0,1,0,"0000000",19,51,20,2,88,88,0,0,0,1,1
50,500024,3,3,0,0,0,5,5,7,199,31,5,2016,3,20,56,0,2,5,1,3,"SR-128","",34,44.54667778,-73.03389722,0,12,6,0,8,1,0,1,5,1,0,1,0,"0000000",20,59,21,18,21,43,0,0,0,1,1
50,500025,1,1,0,0,0,1,1,25,672,1,6,2016,4,22,11,0,1,5,1,2,"US-5","",0,42.79915278,-72.5633,0,1,0,0,1,1,0,4,2,1,0,1,0,"0000000",22,15,22,19,88,88,0,0,0,1,0
50,500026,1,1,0,2,2,1,1,27,630,9,6,2016,5,22,1,0,1,4,1,3,"SR-11","",43,43.30140833,-72.48436389,0,8,0,0,1,1,0,1,2,1,0,1,0,"0000000",22,0,22,3,22,34,0,0,0,1,0
50,500027,1,1,0,0,0,1,1,11,209,22,6,2016,4,21,30,0,1,7,3,5,"TH-14 PUMPKIN VILLAGE RD.","",99999,44.84969722,-72.90142778,0,11,0,0,1,1,0,1,2,1,0,1,0,"0000000",21,28,21,47,22,20,0,0,0,1,1
50,500028,2,2,0,0,0,2,2,25,100,3,7,2016,1,16,45,0,2,4,1,2,"US-5","",4,42.83083889,-72.5729,0,1,0,0,1,1,0,1,1,1,0,1,0,"0000000",16,45,16,47,88,88,0,0,0,1,0
50,500029,1,1,0,0,0,2,2,11,218,5,7,2016,3,23,13,0,1,5,1,2,"US-7","",74,44.77944444,-73.10566111,0,32,0,0,1,1,0,4,2,1,0,1,0,"0000000",23,13,23,17,23,52,0,0,0,1,1
50,500030,3,3,0,0,0,5,5,3,70,15,7,2016,6,16,44,1,2,3,1,2,"US-7","",21,42.86625556,-73.19684722,0,12,8,0,1,1,0,1,1,10,0,10,0,"0000000",17,40,17,45,19,10,0,0,0,1,0
50,500031,1,1,0,0,0,1,1,11,209,30,7,2016,7,15,51,0,1,7,3,5,"TH-34 DODD RD.","",99999,44.81614444,-72.86836389,0,42,0,0,1,1,0,4,1,1,0,1,0,"0000000",15,49,16,7,88,88,0,0,0,1,1
50,500032,1,1,0,0,0,1,1,3,70,4,8,2016,5,16,28,1,1,3,1,3,"SR-9","",66,42.88291944,-73.15334722,0,42,0,0,1,1,0,4,2,1,0,1,0,"0000000",16,28,16,35,88,88,0,0,0,1,1
50,500033,2,2,0,0,0,3,3,13,625,5,8,2016,6,14,46,1,1,4,1,2,"US-2","",23,44.64888333,-73.31561667,0,12,2,0,1,1,0,1,1,1,0,1,0,"0000000",14,39,14,42,15,53,0,0,0,1,1
50,500034,1,1,0,0,0,3,3,21,90,12,8,2016,6,23,56,0,1,7,3,5,"TH-21 NEWTON RD.","",99999,43.83068056,-73.06274722,0,35,0,0,1,1,0,4,2,8,0,8,0,"0000000",23,5,23,25,23,56,0,0,0,1,1
50,500035,1,1,0,0,0,1,1,27,686,24,8,2016,4,21,29,0,1,5,3,5,"FAS-135 WEATHERSFIELD CTR RD","",48,43.40835556,-72.45581389,0,35,0,0,1,1,0,4,2,1,0,1,0,"0000000",22,2,22,14,88,88,20,0,0,1,1
50,500036,1,1,0,0,0,2,2,27,31,28,8,2016,1,9,33,1,1,1,1,1,"I-91 NB","",490,43.37095833,-72.42428889,0,42,0,0,1,1,0,3,1,10,0,10,0,"0000000",9,32,9,41,10,6,0,0,0,1,0
50,500037,3,1,2,0,0,1,1,21,580,3,9,2016,7,23,3,0,2,5,4,6,"FAU-3222 W. PROCTOR RD.","",1,43.60076111,-73.02118611,0,1,0,0,1,1,0,4,2,1,0,1,0,"0000000",23,6,23,14,88,88,14,0,0,1,1
50,500038,1,1,0,0,0,1,1,5,309,19,9,2016,2,1,55,0,1,6,3,5,"MINC-754 MCGOFF HILL RD.","",99999,44.53034167,-72.02199167,0,30,0,0,1,1,0,4,2,2,0,2,0,"0000000",1,56,2,1,88,88,0,0,0,1,1
50,500039,1,1,0,0,0,2,2,11,590,21,9,2016,4,2,5,0,1,7,4,5,"TH-34 BRONSON RD.","",99999,44.79549444,-73.11718889,0,1,0,0,1,1,0,4,2,1,0,1,0,"0000000",2,6,2,14,2,42,0,0,0,1,1
50,500040,1,1,0,0,0,2,2,25,755,22,9,2016,5,2,13,0,1,5,3,5,"FAS-105 TUNNEL ST.","",8,42.75214167,-72.92508611,0,42,0,0,1,1,0,4,2,1,0,1,0,"0000000",99,99,99,99,99,99,0,0,0,1,1
50,500041,2,2,0,0,0,3,3,1,360,29,9,2016,5,19,43,1,2,3,1,2,"US-7 COURT ST. EXT.","HANNAFORD PLAZA",39,44.00296667,-73.15453056,0,12,2,0,2,2,0,1,5,1,0,1,0,"0000000",19,44,19,51,20,9,0,0,0,1,0
50,500042,1,1,0,0,0,1,1,3,795,30,9,2016,6,10,22,1,1,3,1,3,"SR-9","DOVE DR.",67,42.894925,-73.058625,0,1,0,0,3,3,0,4,1,10,0,10,0,"0000000",10,22,10,34,88,88,0,0,0,1,0
50,500043,1,1,0,0,0,1,1,25,342,3,10,2016,2,22,13,1,1,3,1,3,"SR-9","",80,42.87776389,-72.68227222,0,42,0,0,1,1,0,4,2,12,0,12,0,"0000000",22,17,22,27,88,88,0,0,0,1,0
50,500044,1,1,0,0,0,1,1,25,232,13,10,2016,5,11,22,0,1,6,3,5,"MINC 0508","",99999,42.78542778,-72.64467222,0,42,0,0,1,1,0,4,1,10,0,10,0,"0000000",11,24,11,32,88,88,0,0,0,1,1
50,500045,1,1,0,1,1,2,2,11,243,14,10,2016,6,17,15,0,1,5,1,2,"US-7","",13,44.95189444,-73.11251667,0,9,0,0,1,1,0,1,1,1,0,1,0,"0000000",17,15,17,27,88,88,0,0,0,1,0
50,500046,2,2,0,0,0,2,2,7,149,3,11,2016,5,1,36,1,1,3,1,2,"US-7","",61,44.34870833,-73.23970556,0,12,8,0,1,1,0,1,2,10,0,10,0,"0000000",1,33,1,39,88,88,0,0,0,1,1
50,500047,1,1,0,0,0,1,1,11,590,5,11,2016,7,15,10,0,1,4,3,5,"MINC-0786 MAQUAM SHORE RD.","LAPAN RD.",99999,44.81375833,-73.16086389,0,42,0,0,3,3,0,4,1,10,0,10,0,"0000000",15,10,15,18,88,88,0,0,0,1,1
50,500048,2,2,0,0,0,2,2,21,151,21,11,2016,2,12,52,1,1,3,1,2,"US-7","SR-78",47,43.56076111,-72.96419722,0,12,6,0,2,2,0,1,1,4,0,4,0,"0000000",12,52,12,56,13,27,0,0,0,1,1
50,500049,1,1,0,0,0,2,2,15,390,26,11,2016,7,8,19,0,1,5,3,3,"SR-15A","",16,44.56416667,-72.56628056,0,24,0,0,1,1,0,4,2,5,0,5,0,"0000000",8,19,8,24,88,88,0,0,0,2,1
50,500050,1,1,0,0,0,2,2,21,73,28,11,2016,2,10,27,0,1,4,1,3,"SR-22A","",57,43.75041667,-73.30851111,0,42,0,0,1,1,0,4,1,1,0,1,0,"0000000",10,28,10,40,11,40,0,0,0,1,0
50,500051,3,3,0,0,0,3,3,27,101,29,11,2016,3,7,45,1,1,3,1,2,"US-4","",23,43.59418889,-72.70839722,0,24,0,0,1,1,0,4,1,12,0,12,0,"0000000",7,50,8,14,88,88,0,0,0,1,0
50,500052,1,1,0,0,0,1,1,7,246,10,12,2016,7,10,37,0,1,4,1,3,"SR-116","",60,44.349225,-73.11793333,0,1,0,0,1,1,0,4,1,1,0,1,0,"0000000",10,38,99,97,99,97,0,0,0,1,0
50,500053,2,2,0,0,0,2,2,1,2,11,12,2016,1,16,9,0,1,4,3,3,"SR-22A","",20,44.05830556,-73.30217222,0,12,6,0,1,1,0,1,5,10,0,10,0,"0000000",16,8,16,22,17,16,0,0,0,1,0
50,500054,1,1,0,0,0,1,1,1,402,14,12,2016,4,5,38,0,1,4,3,3,"SR-17","",56,44.12485556,-73.13816944,0,42,0,0,1,1,0,4,4,1,0,1,0,"0000000",5,38,5,56,88,88,0,0,0,1,0
50,500055,1,1,0,0,0,1,1,23,40,15,12,2016,5,8,19,0,1,7,3,5,"TH-9 WEST RD.","",99999,44.16385,-72.5389,0,52,0,0,1,1,0,4,1,10,0,10,0,"0000000",88,88,88,88,88,88,0,0,0,1,0
50,500056,2,2,0,0,0,3,3,21,90,28,12,2016,4,14,27,1,1,3,1,2,"US-7","",8,43.76775833,-73.05057778,0,12,2,0,1,1,0,1,1,10,0,10,0,"0000000",14,29,14,31,15,15,0,0,0,2,0
50,500057,1,1,0,0,0,1,1,1,162,29,12,2016,5,13,30,0,1,5,1,3,"SR-74","",20,43.95184167,-73.22222778,0,42,0,0,1,1,0,4,1,4,0,4,0,"0000000",13,33,13,43,14,52,0,0,0,1,0
51,510001,3,3,0,0,0,3,3,61,0,3,1,2016,1,15,27,0,1,3,98,2,"US-29","RT-651",1717,38.53583333,-77.81583333,0,12,1,0,3,2,0,1,1,98,0,98,0,"0000000",15,27,15,31,16,56,0,0,0,1,0
51,510002,3,3,0,0,0,6,6,590,720,2,1,2016,7,14,4,1,1,3,98,2,"US-","",76,36.61843611,-79.40583333,0,12,1,0,1,1,0,1,1,98,0,98,0,"0000000",15,6,15,15,15,44,0,0,0,1,0
51,510003,2,2,0,0,0,2,2,107,0,4,1,2016,2,8,38,0,2,5,98,4,"CR-1401","PROVIDENCE VILLAGE DR",13,38.99488889,-77.40284444,0,12,6,0,2,2,0,1,1,98,0,98,0,"0000000",8,41,8,49,9,22,0,0,0,1,0
51,510004,1,1,0,0,0,1,1,77,0,7,1,2016,5,7,51,0,1,7,98,4,"CR-703","",5,36.59805556,-81.16305556,0,38,0,0,1,1,0,5,1,98,0,98,0,"0000000",8,26,8,31,88,88,0,0,0,1,1
51,510005,1,1,0,1,1,1,1,73,0,7,1,2016,5,15,15,0,1,4,98,3,"SR-33","COUNTY LINE RD",479,37.55801111,-76.66141111,0,8,0,0,3,2,0,1,1,98,0,98,0,"0000000",99,99,99,99,99,99,0,0,0,1,0
51,510006,2,2,0,0,0,2,2,179,0,7,1,2016,5,8,48,1,2,1,1,1,"I-95","",1437,38.46166667,-77.40944444,0,24,0,0,1,1,0,4,1,2,0,2,0,"0000000",13,44,13,48,88,88,0,0,0,1,0
51,510007,1,1,0,1,1,1,1,7,0,7,1,2016,5,15,20,0,1,6,1,4,"CR-659","",25,37.27861111,-77.81888889,0,8,0,0,1,1,0,1,1,98,0,98,0,"0000000",99,99,99,99,88,88,0,0,0,1,0
51,510008,1,1,0,0,0,1,1,197,0,9,1,2016,7,1,21,1,1,3,4,2,"US-21","",89,36.94194444,-81.09361111,0,33,0,0,1,1,0,4,3,2,0,2,0,"0000000",99,99,99,99,88,88,0,0,0,1,0
51,510009,2,2,0,0,0,2,2,181,0,6,1,2016,4,5,47,0,1,7,1,4,"CR-650","RT-628",18,37.10527778,-76.70805556,0,12,6,0,2,2,0,1,4,98,0,98,0,"0000000",5,43,5,59,6,52,0,0,0,1,0
51,510010,2,2,0,0,0,2,2,67,0,6,1,2016,4,8,37,0,1,5,98,4,"CR-619","",76,36.94416667,-79.85472222,0,12,8,0,1,1,0,1,1,98,0,98,0,"0000000",8,35,8,45,88,88,0,0,0,1,0
51,510011,2,2,0,0,0,6,6,5,0,10,1,2016,1,9,30,1,1,3,98,2,"US-220","",1274,37.82288056,-79.98670833,0,12,8,0,1,1,0,1,1,98,0,98,0,"0000000",99,99,99,99,99,99,0,0,0,1,1
51,510012,2,2,0,0,0,2,2,41,0,8,1,2016,6,20,36,0,2,2,98,3,"SR-288","",163,37.47055556,-77.65222222,0,12,6,0,1,1,0,1,2,2,0,2,0,"0000000",20,34,20,43,88,88,0,0,0,1,1
51,510013,1,1,0,0,0,1,1,75,0,10,1,2016,1,15,30,1,1,1,1,1,"I-64","",1672,37.72025556,-77.78023889,0,42,0,0,1,1,0,4,1,98,0,98,0,"0000000",15,29,15,39,88,88,0,0,0,1,0
51,510014,1,1,0,1,1,1,1,81,0,11,1,2016,2,17,58,1,1,1,1,1,"I-95","",121,36.71555556,-77.53944444,0,8,0,0,1,1,0,1,2,98,0,98,0,"0000000",18,1,18,10,88,88,0,0,0,1,0
51,510015,1,1,0,0,0,1,1,87,0,10,1,2016,1,3,1,0,2,98,98,9,"WISTAR RD","",99999,37.62276944,-77.51525,0,42,0,0,1,1,0,4,2,2,0,2,0,"0000000",3,1,3,8,88,88,0,0,0,1,0
51,510016,2,2,0,0,0,5,5,760,2060,12,1,2016,3,19,25,1,2,3,4,3,"SR-161","",75,37.54031111,-77.48027778,0,12,2,0,1,1,0,1,3,98,0,98,0,"0000000",19,57,20,5,20,29,0,0,0,1,0
51,510017,2,2,0,0,0,2,2,41,0,15,1,2016,6,6,45,0,2,2,1,3,"SR-150","",32,37.47121389,-77.51138889,0,12,1,0,1,1,0,1,2,98,0,98,1,"0000000",6,42,6,51,7,20,19,0,0,1,0
51,510018,1,1,0,0,0,1,1,149,0,2,1,2016,7,12,7,0,1,4,98,3,"SR-10","",302,37.28305556,-77.208525,0,24,0,0,1,1,0,4,1,98,0,98,0,"0000000",12,18,12,52,88,88,0,0,0,1,0
51,510019,1,1,0,0,0,2,2,183,0,17,1,2016,1,11,20,0,1,5,98,3,"SR-31","",10,36.98111111,-76.97222222,0,42,0,0,1,1,0,4,1,4,0,4,0,"0000000",23,9,23,15,88,88,0,0,0,1,0
51,510020,1,1,0,0,0,1,1,83,0,17,1,2016,1,14,10,0,1,7,1,4,"CR-608","",30,36.84055556,-78.79444444,0,42,0,0,1,1,0,4,1,98,0,98,0,"0000000",14,16,14,30,88,88,0,0,0,1,1
51,510021,1,1,0,0,0,1,1,103,0,2,1,2016,7,1,9,0,1,5,1,3,"SR-354","",97,37.77944444,-76.56333333,0,42,0,0,1,1,0,4,2,98,0,98,0,"0000000",1,9,1,27,88,88,0,0,0,1,1
51,510022,1,1,0,0,0,1,1,550,468,22,1,2016,6,14,25,0,1,3,4,2,"US-17","",25,36.71888889,-76.35111111,0,42,0,0,1,1,0,4,1,4,0,4,0,"0000000",14,25,14,35,88,88,0,0,0,1,0
51,510023,1,1,0,1,1,1,1,177,0,26,1,2016,3,19,35,0,2,98,3,2,"US-1","",1428,38.24055556,-77.49888889,0,8,0,0,1,1,0,1,2,98,0,98,0,"0000000",19,45,19,56,88,88,0,0,0,1,0
51,510024,3,3,0,0,0,4,4,19,0,20,1,2016,4,17,50,0,1,4,98,3,"SR-122","",306,37.28266111,-79.55256944,0,12,6,0,1,1,0,1,2,4,0,4,0,"0000000",18,9,18,47,19,25,0,0,0,1,0
51,510025,1,1,0,0,0,1,1,810,2540,23,1,2016,7,15,42,0,1,3,98,2,"US-60","",2977,36.9125,-76.00805556,0,42,0,0,1,1,0,4,1,4,0,4,0,"0000000",99,99,99,99,88,88,0,0,0,1,0
51,510026,1,1,0,0,0,1,1,570,620,30,1,2016,7,4,55,1,2,1,1,1,"I-95","",1,37.25909167,-77.39918056,0,42,0,0,5,1,0,8,3,98,0,98,0,"0000000",5,0,5,7,88,88,0,0,0,1,1
51,510027,2,2,0,0,0,2,2,153,0,1,1,2016,6,8,1,0,2,4,98,3,"SR-234","SUDLEY MANOR DR",61,37.47121389,-77.51138889,0,30,0,0,3,2,0,10,2,98,0,98,0,"0000000",8,2,8,9,8,33,19,0,0,1,0
51,510028,1,1,0,0,0,2,2,770,2100,1,2,2016,2,20,27,0,2,5,1,6,"GARDEN CITY BLVD SE","",14,37.24447778,-79.92055556,0,18,0,0,1,1,0,4,2,2,0,2,0,"0000000",20,26,20,34,88,88,0,0,0,1,1
51,510029,1,1,0,0,0,1,1,143,0,30,1,2016,7,22,30,0,1,4,98,3,"SR-40","",621,36.95444444,-79.40972222,0,38,0,0,1,1,0,5,2,98,0,98,0,"0000000",23,24,23,35,88,88,0,0,0,1,1
51,510030,2,2,0,0,0,3,3,175,0,3,2,2016,4,17,12,0,1,4,1,2,"US-58","",25,36.71208056,-77.06516667,0,12,2,0,1,1,0,1,1,2,0,2,0,"0000000",17,12,17,29,18,0,0,0,0,1,0
51,510031,2,2,0,0,0,2,2,810,2540,23,1,2016,7,7,19,1,2,1,1,1,"I-64","",2877,36.80889444,-76.19488333,0,12,6,0,1,1,0,1,1,2,0,2,0,"0000000",7,20,7,26,7,28,0,0,0,1,1
51,510032,1,1,0,0,0,1,1,41,0,31,1,2016,1,2,22,0,2,5,98,4,"CR-641","",25,37.42555556,-77.46472222,0,32,0,0,1,1,0,4,2,98,0,98,0,"0000000",2,22,2,27,88,88,0,0,0,1,0
51,510033,2,2,0,0,0,2,2,15,0,4,2,2016,5,13,23,0,1,5,98,3,"SR-608","RT-651",160,38.04288056,-79.03638889,0,12,6,0,2,3,0,1,1,98,0,98,0,"0000000",13,28,13,47,14,30,0,0,0,1,0
51,510034,2,2,0,0,0,2,2,89,0,6,2,2016,7,21,50,1,1,3,98,2,"US-58","",70,36.69090278,-79.82741389,0,12,1,0,1,1,0,1,2,98,0,98,0,"0000000",21,50,22,4,22,19,0,0,0,1,1
51,510035,2,2,0,0,0,4,4,165,0,2,2,2016,3,16,0,0,1,4,98,3,"SR-211","",6,38.63111111,-78.765,0,12,6,0,4,1,0,1,1,98,0,98,0,"0000000",16,8,16,15,17,2,0,0,0,1,1
51,510036,1,1,0,0,0,1,1,660,1190,5,2,2016,6,5,11,1,2,1,1,1,"I-81","",2459,38.42126944,-78.88168889,0,1,0,0,1,1,0,4,2,98,0,98,0,"0000000",5,11,5,19,88,88,0,0,0,1,0
51,510037,1,1,0,0,0,1,1,153,0,7,1,2016,5,23,55,0,1,5,1,4,"CR-619","",240,38.55441111,-77.3646,0,42,0,0,1,1,0,4,2,2,0,2,0,"0000000",99,99,99,99,88,88,0,0,0,1,1
51,510038,2,2,0,0,0,2,2,153,0,3,2,2016,4,21,14,0,2,3,98,3,"SR-234","COBB ROAD",125,38.69605,-77.44281111,0,12,6,0,2,2,0,1,3,5,0,5,0,"0000000",21,15,21,19,21,58,0,0,0,1,1
51,510039,1,1,0,0,0,1,1,15,0,12,2,2016,6,1,0,0,1,4,98,2,"US-340","",288,38.23888889,-78.82916667,0,43,0,0,1,1,0,4,2,98,0,98,0,"0000000",7,41,7,44,88,88,0,0,0,1,1
51,510040,2,2,0,0,0,2,2,161,0,12,2,2016,6,21,1,0,2,5,98,4,"CR-634","",7,37.26638889,-79.86222222,0,12,6,0,1,1,0,1,2,98,0,98,0,"0000000",21,3,21,11,21,49,0,0,0,1,2
51,510041,2,2,0,0,0,4,4,760,2060,14,2,2016,1,17,13,0,2,4,4,6,"WARWICK ROAD","CLARKSON ROAD",5,37.48908889,-77.48263056,0,12,6,0,2,3,0,1,5,98,0,98,0,"0000000",99,99,99,99,99,99,0,0,0,2,0
51,510042,1,1,0,1,1,1,1,87,0,13,2,2016,7,2,25,0,2,4,1,2,"US-1","",1011,37.65141111,-77.45978889,0,8,0,0,1,1,0,1,2,98,0,98,0,"0000000",99,99,99,99,88,88,0,0,0,1,0
51,510043,1,1,0,0,0,1,1,113,0,12,1,2016,3,17,0,0,1,4,98,3,"SR-230","",70,38.35694444,-78.35138889,0,59,0,0,1,1,0,4,1,98,0,98,0,"0000000",99,99,99,99,88,88,0,0,0,1,1
51,510044,1,1,0,1,1,1,1,770,2100,11,2,2016,5,20,14,0,2,3,4,2,"US-460","",1550,37.28253333,-79.93143056,0,8,0,0,1,1,0,1,3,98,0,98,0,"0000000",20,14,20,19,20,32,0,0,0,1,0
51,510046,1,1,0,0,0,3,3,31,0,13,2,2016,7,21,55,0,2,5,99,4,"CR-622","",0,37.32305556,-79.23222222,0,53,0,0,1,1,0,4,2,98,0,98,0,"0000000",22,19,22,31,88,88,0,0,0,3,1
51,510047,3,3,0,0,0,3,3,139,0,17,2,2016,4,7,38,0,1,5,98,2,"US-340","",15,38.58916944,-78.56276111,0,12,2,0,1,1,0,1,1,98,0,98,0,"0000000",7,44,7,46,88,88,0,0,0,2,0
51,510048,1,1,0,0,0,2,2,770,2100,12,2,2016,6,20,48,0,2,98,99,9,"PINELAND ROAD","",330,37.25361111,-80.00666667,0,1,0,0,1,1,0,4,2,98,0,98,0,"0000000",20,59,21,9,21,40,0,0,0,1,1
51,510049,2,1,1,4,4,1,1,41,0,15,2,2016,2,18,0,0,2,2,98,3,"SR-288","",174,37.48204722,-77.66333333,0,14,0,0,1,1,0,3,2,3,0,3,0,"0000000",17,26,18,6,18,51,15,23,0,1,0
51,510050,1,1,0,0,0,1,1,143,0,18,2,2016,5,15,51,0,1,5,98,4,"CR-640","",103,36.80975556,-79.26388889,0,42,0,0,1,1,0,4,1,98,0,98,0,"0000000",15,54,16,9,88,88,0,0,0,1,0