"STATE","ST_CASE","VE_TOTAL","VE_FORMS","PVH_INVL","PEDS","PERNOTMVIT","PERMVIT","PERSONS","COUNTY","CITY","DAY","MONTH","YEAR","DAY_WEEK","HOUR","MINUTE","NHS","RUR_URB","FUNC_SYS","RD_OWNER","ROUTE","TWAY_ID","TWAY_ID2","MILEPT","LATITUDE","LONGITUD","SP_JUR","HARM_EV","MAN_COLL","RELJCT1","RELJCT2","TYP_INT","WRK_ZONE","REL_ROAD","LGT_COND","WEATHER1","WEATHER2","WEATHER","SCH_BUS","RAIL","NOT_HOUR","NOT_MIN","ARR_HOUR","ARR_MIN","HOSP_HR","HOSP_MN","CF1","CF2","CF3","FATALS","DRUNK_DR"
51,510051,1,1,0,0,0,1,1,760,2060,16,2,2016,3,17,48,0,2,4,4,6,"FAIRFIELD AVE","",7,37.54777778,-77.401025,0,30,0,0,1,1,0,4,5,98,0,98,0,"0000000",17,48,17,55,18,12,0,0,0,1,1
51,510052,1,1,0,0,0,1,1,165,0,18,2,2016,5,20,50,0,1,6,98,4,"CR-612","",24,38.52612222,-78.99192778,0,42,0,0,1,1,0,4,2,98,0,98,0,"0000000",21,6,21,17,88,88,0,0,0,1,0
51,510053,2,1,1,0,1,1,2,1,0,18,2,2016,5,23,30,0,1,3,98,2,"US-13","RT-648",1190,37.70694444,-75.6975,0,14,0,0,2,2,0,1,2,98,0,98,0,"0000000",23,25,23,32,88,88,19,0,0,1,0
51,510055,1,1,0,0,0,1,1,137,0,18,2,2016,5,16,50,0,1,5,98,4,"CR-692","",68,38.29978889,-77.87166667,0,42,0,0,1,1,0,4,1,98,0,98,0,"0000000",17,16,17,41,18,9,0,0,0,1,1
51,510056,1,1,0,0,0,1,1,149,0,19,2,2016,6,23,14,1,1,1,1,1,"I-295","",518,37.17253333,-77.33963611,0,42,0,0,1,1,0,4,2,98,0,98,0,"0000000",23,23,23,35,88,88,0,0,0,1,1
51,510057,2,2,0,0,0,3,3,600,900,11,1,2016,2,17,53,0,2,3,4,2,"US-29","",2372,38.865,-77.27527778,0,5,0,0,1,1,0,1,3,98,0,98,0,"0000000",17,57,17,59,18,21,0,0,0,1,1
51,510058,2,2,0,0,0,3,3,67,0,22,1,2016,6,10,20,0,1,3,98,2,"US-220","",433,37.05468889,-79.88245833,0,12,1,0,1,1,0,1,1,4,0,4,0,"0000000",99,99,99,99,99,99,0,0,0,1,0
51,510059,2,2,0,0,0,2,2,29,0,5,2,2016,6,15,27,0,1,4,1,3,"SR-20","",137,37.72281111,-78.50070556,0,12,2,0,1,1,0,1,1,98,0,98,0,"0000000",99,99,99,99,99,99,0,0,0,1,1
51,510060,1,1,0,0,0,1,1,81,0,17,2,2016,4,1,30,0,1,7,98,4,"CR-604","",40,36.66840278,-77.67329167,0,42,0,0,1,1,0,4,2,98,0,98,0,"0000000",1,38,1,56,2,22,0,0,0,1,0
51,510061,1,1,0,1,1,1,1,760,2060,20,2,2016,7,12,30,1,2,3,4,2,"US-60","",1889,37.52291389,-77.4525,0,8,0,0,1,1,0,1,1,98,0,98,0,"0000000",12,33,12,39,88,88,0,0,0,1,1
51,510062,2,2,0,0,0,2,2,59,0,13,1,2016,4,9,36,0,2,5,4,6,"VAN BUREN","GROVE",10,38.96777778,-77.38138889,0,12,6,0,2,2,0,1,1,98,0,98,0,"0000000",9,40,9,52,88,88,0,0,0,1,0
51,510063,2,2,0,0,0,2,2,67,0,31,1,2016,1,16,20,0,1,5,98,3,"SR-40","RIDGEFIELD LN",202,36.92277778,-80.05356944,0,12,1,0,2,3,0,1,1,98,0,98,0,"0000000",16,23,16,29,16,55,0,0,0,1,0
51,510064,2,2,0,0,0,2,2,61,0,15,2,2016,2,6,51,0,1,5,98,4,"CR-647","",8,38.8375,-77.9175,0,12,8,0,1,1,0,1,4,4,0,4,0,"0000000",6,51,7,1,88,88,0,0,0,1,0
51,510065,1,1,0,0,0,1,1,41,0,20,2,2016,7,5,6,0,2,2,98,3,"SR-150","",73,37.49273889,-77.52111111,0,25,0,0,1,1,0,3,2,98,0,98,0,"0000000",5,2,5,9,5,18,0,0,0,1,0
51,510066,1,1,0,0,0,1,1,69,0,23,2,2016,3,16,27,0,1,7,98,4,"CR-673","",20,39.13860833,-78.99978889,0,42,0,0,1,1,0,4,1,2,0,2,0,"0000000",16,29,16,37,88,88,0,0,0,1,0
51,510067,1,1,0,0,0,1,1,143,0,23,2,2016,3,18,0,0,1,3,98,2,"US-58","ROUTE 985",3045,36.58055556,-79.27888889,0,42,0,0,7,1,0,4,2,98,0,98,0,"0000000",18,2,18,12,18,45,0,0,0,1,0
51,510068,1,1,0,1,1,2,2,171,0,25,2,2016,5,20,28,0,1,5,1,2,"US-11","",3102,38.98583333,-78.3825,0,8,0,0,1,1,0,1,2,98,0,98,0,"0000000",20,23,20,30,88,88,19,0,0,1,0
51,510069,1,1,0,0,0,1,1,101,0,20,2,2016,7,0,17,0,1,7,1,4,"CR-625","",1,37.59241111,-76.86346944,0,42,0,0,1,1,0,4,2,98,0,98,0,"0000000",0,42,0,51,99,99,0,0,0,1,1
51,510070,1,1,0,0,0,1,1,141,0,23,2,2016,3,21,45,0,1,7,98,4,"CR-697","",40,36.62194444,-80.14055556,0,42,0,0,1,1,0,4,2,2,0,2,0,"0000000",99,99,99,99,88,88,0,0,0,1,0
51,510071,1,1,0,0,0,1,1,163,0,27,2,2016,7,5,50,0,1,5,98,4,"CR-850","",69,37.86611111,-79.53833333,0,42,0,0,1,1,0,4,2,98,0,98,0,"0000000",5,50,6,6,88,88,0,0,0,1,0
51,510072,2,2,0,0,0,3,3,47,0,18,2,2016,5,22,30,0,1,4,99,3,"SR-229","RT-729",13,38.49889722,-77.99154722,0,12,6,0,2,2,0,1,1,98,0,98,0,"0000000",22,41,23,8,23,54,0,0,0,1,0
51,510073,2,2,0,0,0,3,3,41,0,27,2,2016,7,11,5,0,2,4,98,4,"CR-651","",73,37.42944444,-77.5325,0,12,2,0,1,1,0,1,1,98,0,98,0,"0000000",11,10,11,18,12,9,0,0,0,1,1
51,510074,1,1,0,0,0,1,1,177,0,27,2,2016,7,0,42,0,2,98,98,4,"CR-639","",52,38.25503333,-77.53829167,0,42,0,0,1,1,0,3,2,98,0,98,0,"0000000",88,88,88,88,88,88,0,0,0,1,0
51,510075,2,2,0,0,0,2,2,163,0,1,3,2016,3,6,6,1,1,3,1,1,"I-64","",448,37.89298889,-79.56583333,0,12,1,0,1,1,0,1,2,98,0,98,0,"0000000",6,9,6,27,7,55,0,0,0,1,0
51,510076,2,2,0,0,0,2,2,570,620,4,3,2016,6,17,55,0,2,4,98,6,"ELLERSLIE AVE","BERMUDA AVE",0,37.27083333,-77.41074722,0,12,6,0,2,2,0,1,5,98,0,98,0,"0000000",17,58,18,1,18,35,0,0,0,1,0
51,510077,1,1,0,0,0,1,1,85,0,1,3,2016,3,5,3,0,1,5,1,4,"CR-657","MELTON RD",103,37.74885,-77.51486111,0,34,0,0,3,3,0,4,2,98,0,98,0,"0000000",99,99,99,99,88,88,0,0,0,1,0
51,510078,1,1,0,2,2,1,1,111,0,6,3,2016,1,4,31,0,1,5,98,3,"SR-49","",514,37.01194444,-78.22138889,0,8,0,0,1,1,0,1,2,5,0,5,0,"0000000",4,33,4,44,88,88,0,0,0,2,0
51,510079,1,1,0,0,0,2,2,83,0,6,3,2016,1,22,52,1,1,3,98,2,"US-460","",3347,37.09,-77.16972222,0,42,0,0,1,1,0,4,2,98,0,98,0,"0000000",99,99,99,99,99,99,0,0,0,1,0
51,510080,1,1,0,0,0,1,1,67,0,6,3,2016,1,0,50,0,1,5,1,4,"CR-655","",6,37.02534722,-79.80305556,0,35,0,0,1,1,0,4,2,98,0,98,0,"0000000",0,52,0,58,88,88,0,0,0,1,1
51,510081,1,1,0,0,0,1,1,97,0,7,3,2016,2,17,19,1,1,3,1,2,"US-360","",1700,37.807325,-77.03956667,0,42,0,0,1,1,0,4,1,98,0,98,0,"0000000",17,20,17,42,88,88,0,0,0,1,0
51,510082,1,1,0,0,0,1,1,19,0,9,3,2016,4,14,10,0,1,98,99,4,"CR-634","",10,37.13937222,-79.48726389,0,32,0,0,1,1,0,4,1,98,0,98,0,"0000000",14,11,14,20,15,3,0,0,0,1,1
51,510083,1,1,0,0,0,1,1,121,0,6,1,2016,4,16,0,1,2,2,98,2,"US-460","",1219,37.15222222,-80.405,0,21,0,0,1,1,0,3,1,98,0,98,0,"0000000",99,99,99,99,88,88,0,0,0,1,0
51,510084,3,3,0,0,0,3,3,790,2330,8,1,2016,6,16,28,0,1,4,98,3,"SR-262","",83,38.18527778,-79.08694444,0,12,2,0,1,1,0,1,1,98,0,98,0,"0000000",16,23,16,44,18,48,0,0,0,1,0
51,510085,7,7,0,0,0,7,7,710,1760,8,1,2016,6,14,37,1,2,3,98,3,"SR-168","",20,36.89571111,-76.25694722,0,12,8,0,1,1,0,1,1,2,0,2,0,"0000000",14,38,14,39,15,18,0,0,0,1,0
51,510086,1,1,0,1,1,2,2,197,0,15,1,2016,6,16,15,0,1,98,98,6,"N 3RD ST","",99999,36.95281111,-81.08416667,0,8,0,0,1,1,0,1,1,2,0,2,0,"0000000",99,99,99,99,99,99,0,0,0,1,0
51,510087,2,2,0,0,0,3,3,810,2540,1,3,2016,3,9,13,0,2,4,98,6,"LYNNHAVEN PARKWAY","NORTH MALL DR",18,36.82055556,-76.06694444,0,12,6,0,2,2,0,1,1,98,0,98,0,"0000000",9,18,9,20,9,43,0,0,0,1,0
51,510088,1,1,0,0,0,1,1,165,0,9,3,2016,4,21,40,0,1,5,98,3,"SR-257","",38,38.43055556,-79.06888889,0,34,0,0,1,1,0,4,2,98,0,98,0,"0000000",21,36,21,44,88,88,0,0,0,1,0
51,510089,1,1,0,0,0,1,1,650,1180,27,2,2016,7,21,56,1,2,3,98,2,"US-258","CHERRY ACRES",593,37.04345278,-76.34247778,0,34,0,0,3,2,0,4,3,98,0,98,0,"0000000",88,88,88,88,88,88,0,0,0,1,0
51,510090,2,2,0,0,0,4,4,820,2610,25,2,2016,5,17,14,0,2,4,98,2,"US-250","VEDETTE AVE",676,38.07725556,-78.91630278,0,12,1,0,3,3,0,1,1,98,0,98,0,"0000000",17,14,17,18,17,45,0,0,0,1,0
51,510091,1,1,0,0,0,1,1,87,0,12,3,2016,7,21,18,1,2,1,1,1,"I-64","",1957,37.52979167,-77.36829167,0,42,0,0,1,1,0,4,2,98,0,98,0,"0000000",21,15,21,23,88,88,0,0,0,1,1
51,510092,2,2,0,0,0,3,3,153,0,29,2,2016,2,11,2,0,2,5,98,4,"CR-674","",24,38.78083333,-77.55777778,0,1,0,0,1,1,4,1,1,98,0,98,0,"0000000",11,4,11,9,11,44,0,0,0,1,0
51,510093,1,1,0,0,0,1,1,85,0,13,3,2016,1,23,20,0,1,5,1,4,"CR-643","",75,37.67722222,-77.37472222,0,34,0,0,1,1,0,4,2,2,0,2,0,"0000000",23,23,23,32,88,88,0,0,0,1,1
51,510094,2,2,0,0,0,5,5,620,1010,13,1,2016,4,15,52,0,1,4,4,6,"ARMORY DR","SOUTHAMPTON SHOPPING CTR",5,36.66944444,-76.94805556,0,12,6,0,3,2,0,1,1,98,0,98,0,"0000000",15,59,16,6,16,34,0,0,0,1,0
51,510095,1,1,0,0,0,1,1,147,0,31,1,2016,1,19,55,0,1,7,1,4,"CR-613","",42,37.20161111,-78.30931944,0,42,0,0,1,1,0,4,2,98,0,98,0,"0000000",19,53,20,26,21,33,0,0,0,1,1
51,510096,1,1,0,0,0,2,2,61,0,3,2,2016,4,11,40,1,1,1,1,1,"I-66","",291,38.86996667,-77.89156111,0,35,0,0,1,1,0,3,1,2,0,2,0,"0000000",11,42,11,47,12,38,0,0,0,1,0
51,510097,2,2,0,0,0,5,5,710,1760,1,2,2016,2,17,5,0,2,4,98,6,"LLEWELLYN AVENUE","WEST 27TH STREET",13,36.87269167,-76.28672778,0,12,6,0,2,2,0,1,1,98,0,98,0,"0000000",17,3,17,8,17,20,0,0,0,1,0
51,510098,1,1,0,0,0,1,1,49,0,8,3,2016,3,4,0,0,1,4,1,3,"SR-45","",148,37.47027778,-78.28111111,0,42,0,0,1,1,0,4,2,98,0,98,0,"0000000",4,9,4,19,88,88,0,0,0,1,0
51,510099,2,2,0,0,0,2,2,15,0,22,1,2016,6,12,0,1,1,3,98,2,"US-340","PINBALL LN",233,38.16202222,-78.84915,0,12,6,0,2,3,0,1,1,4,0,4,0,"0000000",11,58,13,10,14,19,0,0,0,1,0
51,510100,1,1,0,0,0,1,1,550,468,18,1,2016,2,14,43,0,1,4,4,6,"BLACKWATER RD","",10,36.68722222,-76.10027778,0,41,0,0,1,1,0,4,1,98,0,98,0,"0000000",99,99,99,99,99,99,0,0,0,1,0
51,510101,2,2,0,0,0,2,2,107,0,15,2,2016,2,19,7,1,1,3,98,3,"SR-7","",330,39.13916667,-77.60388889,0,12,1,0,1,1,0,1,2,3,0,3,0,"0000000",18,56,19,3,88,88,0,0,0,1,0
51,510102,2,2,0,0,0,4,4,107,0,14,3,2016,2,0,27,1,2,3,98,3,"SR-7","CEDAR DRIVE",492,39.01808889,-77.37801389,0,12,6,0,2,2,0,1,2,2,0,2,0,"0000000",0,38,0,45,99,99,0,0,0,1,0
51,510103,1,1,0,0,0,2,2,195,0,8,3,2016,3,9,0,0,1,5,98,3,"SR-72","",273,36.89975556,-82.46281944,0,59,0,0,1,1,0,4,1,98,0,98,0,"0000000",99,99,99,99,99,99,0,0,0,1,0
51,510104,1,1,0,2,2,1,1,41,0,12,3,2016,7,19,15,0,2,5,98,4,"CR-673","",17,37.54861111,-77.62074722,0,8,0,0,1,1,0,1,1,98,0,98,0,"0000000",19,8,19,23,88,88,0,0,0,1,0
51,510105,1,1,0,0,0,1,1,510,40,19,3,2016,7,0,10,1,2,1,1,1,"I-395 RAMP","",35,38.81563889,-77.13596667,0,33,0,1,5,1,0,4,3,98,0,98,0,"0000000",99,99,99,99,99,99,0,0,0,1,1
51,510106,1,1,0,0,0,1,1,700,1720,16,3,2016,4,17,0,1,2,3,1,1,"I-664","",59,36.96916667,-76.41638889,0,25,0,0,1,1,0,4,1,98,0,98,0,"0000000",99,99,99,99,99,99,0,0,0,1,0
51,510107,1,1,0,1,1,1,1,740,1970,2,1,2016,7,17,43,0,2,4,4,3,"SR-239","",25,36.79535833,-76.32954444,0,8,0,0,1,1,0,1,3,98,0,98,0,"0000000",17,44,17,48,18,7,0,0,0,1,0
51,510108,2,2,0,0,0,2,2,740,1970,17,1,2016,1,3,33,1,2,1,1,3,"SR-164","",20,36.871725,-76.39588611,0,12,2,0,1,1,0,1,3,98,0,98,0,"0000000",3,34,3,42,4,22,0,0,0,1,1
51,510109,2,2,0,1,1,2,2,590,720,24,3,2016,5,10,19,0,1,4,98,3,"SR-293","",63,36.62638889,-79.38515,0,12,6,0,1,1,0,1,1,98,0,98,0,"0000000",99,99,99,99,99,99,0,0,0,1,0
51,510110,1,1,0,0,0,2,2,53,0,19,3,2016,7,6,0,1,1,1,1,1,"I-85","",435,36.98472222,-77.69805556,0,34,0,0,1,1,0,3,2,98,0,98,0,"0000000",99,99,99,99,88,88,0,0,0,1,0
51,510111,1,1,0,0,0,1,1,147,0,25,3,2016,6,3,25,1,1,3,1,2,"US-360","",764,37.63458889,-78.21954167,0,1,0,0,1,1,0,1,2,98,0,98,0,"0000000",99,99,99,99,88,88,0,0,0,1,1
51,510112,1,1,0,1,1,1,1,650,1180,1,2,2016,2,18,24,0,2,4,4,2,"US-258","",649,37.04383056,-76.35805833,0,8,0,0,1,1,0,1,3,98,0,98,0,"0000000",17,25,17,33,88,88,0,0,0,1,0
51,510113,3,3,0,0,0,3,3,3,0,15,3,2016,3,15,52,0,1,4,98,2,"US-250","",903,38.05419444,-78.56716944,0,12,2,0,1,1,0,1,1,98,0,98,0,"0000000",15,52,15,56,17,21,0,0,0,1,1
51,510114,1,1,0,0,0,1,1,550,468,18,2,2016,5,6,30,1,2,1,1,1,"I-64","",2927,36.75888889,-76.27416667,0,5,0,1,18,1,0,1,1,98,0,98,0,"0000000",6,41,6,51,7,21,0,0,0,1,0
51,510115,2,2,0,0,0,3,3,73,0,7,3,2016,2,10,19,0,1,7,98,4,"CR-613","",20,37.43715278,-76.62416667,0,12,8,0,1,1,0,1,1,98,0,98,0,"0000000",10,24,10,32,11,5,0,0,0,1,0
51,510116,1,1,0,0,0,3,3,159,0,7,3,2016,2,8,14,1,1,3,1,2,"US-360","",2007,37.94944444,-76.6175,0,53,0,0,1,1,0,4,1,98,0,98,0,"0000000",8,12,8,20,88,88,0,0,0,3,0
51,510117,1,1,0,0,0,1,1,41,0,12,3,2016,7,8,0,0,2,5,98,4,"CR-673","",17,37.54861111,-77.62074722,0,42,0,0,1,1,0,4,1,98,0,98,0,"0000000",99,99,99,99,88,88,0,0,0,1,0
51,510118,1,1,0,0,0,2,2,19,0,17,3,2016,5,21,10,0,1,5,98,5,"RT-659","",5,37.4192,-79.27230833,0,1,0,0,1,1,0,4,2,98,0,98,0,"0000000",21,10,21,20,99,99,0,0,0,1,1
51,510119,1,1,0,0,0,1,1,67,0,24,3,2016,5,4,15,0,1,6,1,4,"CR-739","",18,37.05666667,-80.06027778,0,35,0,0,1,1,0,4,2,98,0,98,0,"0000000",99,99,99,99,88,88,0,0,0,1,0
51,510120,1,1,0,1,1,1,1,93,0,23,3,2016,4,20,15,1,1,3,1,2,"US-258","",444,36.97583333,-76.64546944,0,8,0,0,1,1,0,1,2,98,0,98,0,"0000000",20,6,20,10,20,35,0,0,0,1,0
51,510121,1,1,0,0,0,1,1,15,0,26,3,2016,7,15,20,0,1,4,1,2,"US-250","WINDWARD DRIVE",635,38.10527778,-78.98027778,0,46,0,0,3,3,0,4,1,98,0,98,0,"0000000",15,22,15,25,15,58,0,0,0,1,0
51,510122,2,2,0,0,0,2,2,35,0,25,3,2016,6,13,31,0,1,4,1,2,"US-58","",2070,36.75638889,-80.66638889,0,12,2,0,1,1,0,1,1,98,0,98,0,"0000000",13,30,13,36,14,18,0,0,0,1,1
51,510123,1,1,0,2,2,1,1,143,0,25,3,2016,6,23,14,0,1,5,98,4,"CR-750","",40,36.70781111,-79.52380278,0,8,0,0,1,1,0,1,2,98,0,98,0,"0000000",23,14,23,19,23,27,0,0,0,1,0
51,510124,2,2,0,0,0,2,2,153,0,22,3,2016,3,16,28,0,2,5,1,4,"CR-1279","",9,38.64475556,-77.28019167,0,12,2,0,1,1,0,1,1,98,0,98,0,"0000000",16,29,16,32,17,10,0,0,0,1,2
51,510125,2,2,0,1,1,2,2,153,0,24,3,2016,5,12,18,0,2,5,98,4,"CR-663","",25,38.70392222,-77.38083333,0,8,0,0,1,1,4,1,1,98,0,98,0,"0000000",12,19,12,27,88,88,14,0,0,1,0
51,510126,2,2,0,0,0,2,2,153,0,24,3,2016,5,17,29,0,1,98,98,4,"CR-681","",3,38.85361111,-77.68611111,0,12,2,0,1,1,0,1,1,98,0,98,0,"0000000",17,29,17,33,88,88,0,0,0,1,0
51,510127,2,2,0,0,0,2,2,59,0,2,3,2016,4,14,1,0,2,5,98,4,"CR-2735","INDUSTRIAL RD",1,38.79760833,-77.17386389,0,12,6,0,2,3,0,1,1,98,0,98,0,"0000000",14,2,14,9,14,34,0,0,0,1,0
51,510128,1,1,0,0,0,3,3,57,0,29,3,2016,3,17,48,1,1,3,1,2,"US-17","",1357,38.01399167,-76.99294722,0,42,0,0,1,1,0,4,1,98,0,98,0,"0000000",17,48,17,57,99,99,20,0,0,1,1
51,510129,1,1,0,1,1,1,1,59,0,4,1,2016,2,20,30,1,2,1,1,1,"I-95","",1695,38.77333333,-77.18222222,0,8,0,0,1,1,0,1,2,98,0,98,0,"0000000",99,99,99,99,99,99,0,0,0,1,0
51,510130,1,1,0,1,1,1,1,730,1910,24,2,2016,4,18,7,0,2,3,4,3,"SR-36","NASH",165,37.23944444,-77.36777778,0,8,0,0,3,2,0,1,2,2,0,2,0,"0000000",18,11,18,14,99,99,0,0,0,1,0
51,510131,1,1,0,0,0,1,1,191,0,26,3,2016,7,20,46,0,1,5,1,3,"SR-75","",55,36.65055556,-81.98472222,0,30,0,0,1,1,0,4,2,98,0,98,0,"0000000",21,50,21,58,88,88,0,0,0,1,0
51,510132,3,3,0,0,0,3,3,153,0,29,2,2016,2,13,41,0,2,5,99,4,"CR-1","WAYSIDE DR",99999,38.57871111,-77.31248889,0,30,0,0,3,2,0,4,1,98,0,98,0,"0000000",13,57,14,3,14,39,14,0,0,1,0
51,510133,2,2,0,0,0,3,3,89,0,27,2,2016,7,18,20,0,1,4,98,3,"SR-87","RT-750",9,36.55277778,-79.81944444,0,12,2,0,2,3,0,1,2,98,0,98,0,"0000000",18,20,18,24,19,9,0,0,0,1,0
51,510134,1,1,0,1,1,5,5,41,0,12,3,2016,7,19,2,1,2,3,1,2,"US-60","",1841,37.50055556,-77.52888889,0,8,0,0,1,1,0,1,3,98,0,98,0,"0000000",99,99,99,99,99,99,0,0,0,1,0
51,510135,2,2,0,0,0,2,2,29,0,24,3,2016,5,5,30,0,1,98,1,3,"SR-24","",832,37.46527778,-78.6675,0,11,0,0,1,1,0,1,2,98,0,98,0,"0000000",5,25,5,44,88,88,14,0,0,1,0
51,510136,1,1,0,0,0,1,1,700,1720,23,2,2016,3,1,37,0,2,3,4,3,"SR-143","41ST STREET",90,36.99166667,-76.4275,0,30,0,0,1,1,0,4,3,2,0,2,0,"0000000",1,38,1,43,88,88,0,0,0,1,1
51,510137,2,1,1,0,0,1,1,550,468,23,3,2016,4,0,1,1,1,1,1,2,"US-58","",4797,36.77611111,-76.445,0,14,0,0,1,1,0,4,3,98,0,98,0,"0000000",0,3,0,15,0,46,0,0,0,1,1
51,510138,2,2,0,0,0,2,2,570,620,3,4,2016,1,21,40,0,2,5,4,6,"CHARLES DIMMOCK PARKWAY","SOUTHPARK BLVD",0,37.24701389,-77.38737222,0,12,6,0,2,2,0,1,3,98,0,98,0,"0000000",99,99,99,99,88,88,0,0,0,1,1
51,510139,1,1,0,0,0,1,1,143,0,31,3,2016,5,21,30,0,1,5,1,4,"CR-668","",5,36.98611111,-79.11277778,0,42,0,0,1,1,0,4,2,98,0,98,0,"0000000",21,32,21,43,0,29,0,0,0,1,1
51,510141,1,1,0,1,1,1,1,760,2060,6,3,2016,1,0,21,0,2,98,4,3,"SR-10","EAST 34TH STREET",2,37.50418056,-77.46475833,0,8,0,0,2,2,0,1,3,98,0,98,0,"0000000",0,17,0,20,0,46,0,0,0,1,0
51,510142,1,1,0,1,1,1,1,175,0,28,2,2016,1,19,38,0,1,3,1,2,"US-58","",4295,36.70202222,-77.24821667,0,8,0,0,1,1,0,1,2,98,0,98,0,"0000000",19,38,19,48,88,88,0,0,0,1,0
51,510143,1,1,0,1,1,1,1,730,1910,16,3,2016,4,0,52,0,2,98,98,6,"CRATER CIRCLE","SOUTH CRATER ROAD",99999,37.18438611,-77.36799444,0,8,0,0,3,2,0,1,2,98,0,98,0,"0000000",0,52,0,59,1,16,0,0,0,1,0
51,510144,2,1,1,2,3,1,2,550,468,4,4,2016,2,4,34,0,2,98,98,2,"US-13","",376,36.77277778,-76.2,0,8,0,0,1,1,0,1,2,98,0,98,0,"0000000",4,41,4,52,5,28,23,0,0,1,0
51,510145,3,3,0,0,0,1,1,153,0,2,4,2016,7,19,11,0,2,98,98,4,"CR-2097","",3,38.65395556,-77.36386944,0,12,7,0,1,1,0,1,1,98,0,98,0,"0000000",99,99,99,99,88,88,0,0,0,1,1
51,510146,1,1,0,0,0,1,1,153,0,7,4,2016,5,14,28,1,2,1,1,1,"I-66/RAMP","",0,38.79722222,-77.57523611,0,24,0,1,5,1,0,4,1,98,0,98,0,"0000000",14,28,14,28,88,88,0,0,0,1,1
51,510147,1,1,0,0,0,1,1,199,0,7,4,2016,5,16,54,1,1,1,1,1,"I-64","",2433,37.24694444,-76.63888889,0,52,0,0,1,1,0,3,1,98,0,98,0,"0000000",16,56,17,0,88,88,0,0,0,1,1
51,510148,1,1,0,0,0,1,1,650,1180,27,3,2016,1,5,53,0,2,98,98,6,"THREE CHOPT RD","",99999,37.02937778,-76.43123056,0,42,0,0,1,1,0,6,3,2,0,2,0,"0000000",99,99,99,99,88,88,0,0,0,1,1
51,510149,1,1,0,0,0,1,1,760,2060,12,4,2016,3,18,8,0,2,98,98,2,"US-1","",945,37.56220556,-77.44302222,0,19,0,0,1,1,0,3,1,98,0,98,0,"0000000",99,99,99,99,88,88,0,0,0,1,1
51,510150,2,2,0,0,0,2,2,36,0,8,4,2016,6,12,27,0,1,98,98,3,"SR-607","RT-106",166,37.37423611,-77.20963611,0,12,6,0,2,2,0,1,1,98,0,98,0,"0000000",12,30,12,40,13,43,0,0,0,1,0
51,510151,1,1,0,0,0,2,2,41,0,12,4,2016,3,19,33,1,1,3,1,2,"US-360","",1181,37.39483056,-77.77783889,0,42,0,0,1,1,0,4,1,98,0,98,0,"0000000",19,34,19,44,99,99,0,0,0,1,0
51,510152,1,1,0,0,0,1,1,183,0,10,3,2016,5,17,11,0,1,5,1,2,"US-301","",276,36.89833333,-77.4,0,24,0,0,1,1,0,4,1,98,0,98,0,"0000000",17,9,17,11,88,88,0,0,0,1,1
51,510153,2,2,0,0,0,5,5,131,0,31,3,2016,5,8,32,0,1,98,1,2,"US-13","RT-617",987,37.45805556,-75.86972222,0,12,6,0,2,2,0,1,1,98,0,98,0,"0000000",9,29,9,38,88,88,0,0,0,1,0
51,510154,1,1,0,1,1,1,1,87,0,14,4,2016,5,20,50,0,2,4,2,4,"CR-7514","SPRINGFIELD RD",52,37.64888889,-77.56126944,0,9,0,0,3,2,0,1,2,98,0,98,0,"0000000",20,52,20,59,88,88,0,0,0,1,0
51,510155,1,1,0,0,0,1,1,147,0,18,4,2016,2,20,7,0,1,98,98,4,"CR-650","",23,37.26805556,-78.52388889,0,42,0,0,1,1,0,4,1,98,0,98,0,"0000000",99,99,99,99,88,88,0,0,0,1,1
51,510156,1,1,0,0,0,2,2,31,0,15,4,2016,6,5,25,0,1,3,98,2,"US-460","",2115,37.38055556,-79.04972222,0,35,0,0,1,1,0,3,2,98,0,98,0,"0000000",99,99,99,99,99,99,0,0,0,1,0
51,510157,1,1,0,0,0,2,2,740,1970,18,3,2016,6,3,8,1,2,2,4,3,"SR-164","",25,36.87268611,-76.37318889,0,24,0,0,1,1,0,4,3,98,0,98,0,"0000000",3,10,3,16,3,48,0,0,0,1,1
51,510158,2,2,0,0,0,2,2,41,0,29,3,2016,3,14,1,1,2,1,1,1,"I-95","",610,37.34638889,-77.40527778,0,12,6,0,1,1,4,1,1,98,0,98,0,"0000000",99,99,99,99,99,99,0,0,0,1,0
51,510159,2,2,0,0,0,4,4,195,0,12,4,2016,3,6,58,0,1,4,98,6,"MAIN ST","",4,36.97527778,-82.57388889,0,12,2,0,1,1,0,1,4,2,0,2,0,"0000000",99,99,99,99,99,99,0,0,0,1,0
51,510160,1,1,0,0,0,1,1,700,1720,18,3,2016,6,1,46,0,2,5,98,6,"SHOE LN","MEADOW DRIVE",2,37.05944444,-76.49638889,0,33,0,0,3,3,0,4,3,98,0,98,0,"0000000",1,48,1,55,2,18,0,0,0,1,1
51,510161,2,2,0,1,1,2,2,33,0,12,4,2016,3,23,20,1,1,1,1,1,"I-95","",1082,37.98173333,-77.49269167,0,8,0,0,1,1,0,1,2,98,0,98,0,"0000000",99,99,99,99,99,99,0,0,0,1,0