"STATE","ST_CASE","VE_TOTAL","VE_FORMS","PVH_INVL","PEDS","PERNOTMVIT","PERMVIT","PERSONS","COUNTY","CITY","DAY","MONTH","YEAR","DAY_WEEK","HOUR","MINUTE","NHS","RUR_URB","FUNC_SYS","RD_OWNER","ROUTE","TWAY_ID","TWAY_ID2","MILEPT","LATITUDE","LONGITUD","SP_JUR","HARM_EV","MAN_COLL","RELJCT1","RELJCT2","TYP_INT","WRK_ZONE","REL_ROAD","LGT_COND","WEATHER1","WEATHER2","WEATHER","SCH_BUS","RAIL","NOT_HOUR","NOT_MIN","ARR_HOUR","ARR_MIN","HOSP_HR","HOSP_MN","CF1","CF2","CF3","FATALS","DRUNK_DR"
51,510162,1,1,0,0,0,1,1,3,0,12,4,2016,3,19,36,0,1,98,98,2,"US-250","SHADWELL RD",1027,38.01055556,-78.38638889,0,42,0,0,3,3,0,4,5,98,0,98,0,"0000000",99,99,99,99,88,88,0,0,0,1,0
51,510163,2,2,0,0,0,2,2,29,0,17,4,2016,1,8,49,0,1,4,98,3,"SR-20","",30,37.58194444,-78.49972222,0,12,2,0,1,1,0,1,1,98,0,98,0,"0000000",8,53,9,3,11,40,0,0,0,1,1
51,510164,2,2,0,0,0,3,3,760,2060,19,4,2016,3,19,8,1,2,3,98,3,"SR-147","SOUTH ADDISON ST",111,37.54958056,-77.47027778,0,12,6,0,2,2,0,1,1,98,0,98,0,"0000000",19,9,19,12,19,13,0,0,0,1,1
51,510165,1,1,0,0,0,1,1,199,0,17,4,2016,1,21,0,1,2,3,98,3,"SR-134","ROUTE 1659",111,37.11333333,-76.44444444,0,46,0,0,3,2,0,3,2,98,0,98,0,"0000000",20,58,21,0,88,88,0,0,0,1,0
51,510166,1,1,0,1,1,1,1,119,0,22,4,2016,6,0,28,0,1,5,98,3,"SR-227","",29,37.63558889,-76.58068333,0,8,0,0,1,1,0,1,2,98,0,98,0,"0000000",0,28,0,38,1,27,0,0,0,1,0
51,510167,1,1,0,0,0,3,3,25,0,22,4,2016,6,17,21,0,1,5,1,4,"CR-606","",196,36.76685833,-77.82434444,0,26,0,0,1,1,0,4,1,2,0,2,0,"0000000",17,25,17,28,88,88,0,0,0,1,0
51,510168,1,1,0,1,1,1,1,730,1910,31,3,2016,5,22,8,0,2,98,98,6,"YOUNGS RD","HALCUN DRIVE",14,37.20587222,-77.42648056,0,8,0,0,3,3,0,1,2,98,0,98,0,"0000000",99,99,99,99,99,99,0,0,0,1,0
51,510169,1,1,0,0,0,1,1,137,0,23,4,2016,7,5,30,0,1,5,98,4,"CR-612","",97,38.20773056,-78.07974167,0,3,0,0,1,1,0,2,2,98,0,98,0,"0000000",99,99,99,99,88,88,0,0,0,1,1
51,510170,1,1,0,0,0,1,1,35,0,24,4,2016,1,16,15,1,1,1,1,1,"I-77","",181,36.77465,-80.81451944,0,42,0,0,1,1,0,3,1,98,0,98,0,"0000000",99,99,99,99,99,99,0,0,0,1,0
51,510171,2,2,0,0,0,2,2,37,0,20,4,2016,4,13,24,0,1,5,1,3,"SR-47","",511,37.13416667,-78.68944444,0,12,6,0,1,1,0,1,1,98,0,98,0,"0000000",99,99,99,99,88,88,0,0,0,1,0
51,510172,2,2,0,0,0,2,2,760,2060,22,4,2016,6,1,23,0,2,4,1,6,"BROOK RD","",13,37.57197222,-77.44911944,0,12,1,0,1,1,0,1,3,98,0,98,0,"0000000",1,23,1,27,2,8,0,0,0,1,1
51,510173,1,1,0,1,1,1,1,87,0,22,4,2016,6,1,11,1,2,1,1,1,"I-95","",7,37.67336667,-77.49444444,0,8,0,0,1,1,0,1,2,98,0,98,0,"0000000",1,40,1,47,2,8,0,0,0,1,0
51,510174,1,1,0,0,0,2,2,3,0,26,4,2016,3,13,11,0,1,4,98,3,"SR-20","HARRIS CREEK RD",269,37.88578056,-78.54865278,0,42,0,0,1,1,0,4,1,98,0,98,0,"0000000",13,11,13,21,14,9,0,0,0,1,0
51,510175,1,1,0,0,0,2,2,19,0,16,4,2016,7,14,15,0,1,6,1,4,"CR-619","",13,37.25638889,-79.80972222,0,42,0,0,1,1,0,4,1,98,0,98,0,"0000000",14,17,14,35,15,10,0,0,0,1,0
51,510176,2,2,0,0,0,2,2,650,1180,30,3,2016,4,16,30,0,2,4,4,3,"SR-415","W PEMBROKE AVE",25,37.027075,-76.36428889,0,12,6,0,2,2,0,1,1,98,0,98,1,"0000000",17,29,17,29,18,40,0,0,0,1,0
51,510177,2,2,0,0,0,3,3,177,0,30,4,2016,7,8,1,0,1,5,1,4,"CR-738","",28,38.04416667,-77.65222222,0,12,6,0,4,1,0,1,1,98,0,98,0,"0000000",8,2,8,5,9,2,0,0,0,1,0
51,510178,1,1,0,0,0,1,1,143,0,1,5,2016,1,19,56,0,1,5,1,2,"US-750","",98,36.70788889,-79.52376944,0,30,0,0,1,1,0,4,1,98,0,98,0,"0000000",19,56,20,15,88,88,0,0,0,1,1
51,510179,2,2,0,0,0,3,3,700,1720,18,4,2016,2,14,56,0,2,98,98,2,"US-17","WARWICKSHIRE CT",522,37.03454722,-76.45384722,0,12,6,0,2,2,0,1,1,98,0,98,0,"0000000",14,56,14,59,15,31,0,0,0,1,1
51,510180,2,2,0,0,0,2,2,89,0,26,4,2016,3,9,15,0,1,4,1,4,"CR-650","",5,36.66861111,-79.83777778,0,12,2,0,1,1,0,1,1,98,0,98,0,"0000000",9,14,9,50,10,13,0,0,0,1,0
51,510181,1,1,0,0,0,1,1,165,0,29,4,2016,6,14,50,0,1,7,1,4,"CR-619","RT-872",0,38.53318056,-78.80431111,0,23,0,0,3,3,0,4,1,98,0,98,0,"0000000",14,54,15,21,88,88,0,0,0,1,0
51,510182,2,2,0,0,0,2,2,173,0,30,4,2016,7,18,50,0,1,5,1,3,"SR-107","",28,36.82916667,-81.70666667,0,12,2,0,1,1,0,1,1,98,0,98,0,"0000000",18,57,19,2,21,9,0,0,0,1,0
51,510183,3,3,0,0,0,4,4,510,40,2,5,2016,2,1,40,1,2,1,1,1,"I-495","",1744,38.80291389,-77.10701111,0,12,2,0,1,1,0,1,3,2,0,2,0,"0000000",10,41,11,21,12,35,14,0,0,1,0
51,510184,1,1,0,0,0,1,1,199,0,29,4,2016,6,0,8,1,1,3,1,7,"ROCHAMBEAU DRIVE","",61,37.30343611,-76.68494444,0,59,0,0,1,1,0,4,2,2,0,2,0,"0000000",0,16,0,21,88,88,0,0,0,1,1
51,510185,2,2,0,0,0,3,3,165,0,27,4,2016,4,23,20,0,2,4,1,2,"US-33","",180,38.45481111,-78.94008889,0,1,0,0,1,1,0,1,2,98,0,98,0,"0000000",23,21,23,36,0,14,0,0,0,1,0
51,510186,1,1,0,1,1,1,1,710,1760,31,3,2016,5,21,6,0,2,4,4,6,"AZALEA GARDEN RD","",8,36.86781111,-76.23416667,0,8,0,0,1,1,0,1,3,98,0,98,0,"0000000",99,99,99,99,99,99,0,0,0,1,0
51,510187,2,2,0,0,0,6,6,67,0,20,3,2016,1,15,47,0,1,98,98,4,"CR-834","RT-834",77,37.08291389,-79.75034167,0,12,6,0,2,2,0,1,1,98,0,98,0,"0000000",15,49,15,58,17,23,0,0,0,1,0
51,510188,1,1,0,0,0,1,1,95,0,2,5,2016,2,6,30,1,1,1,1,1,"I-64","",2468,37.21611111,-76.595,0,34,0,0,1,1,0,4,4,98,0,98,0,"0000000",6,42,6,48,88,88,0,0,0,1,0
51,510189,1,1,0,1,1,1,1,87,0,3,5,2016,3,22,23,0,2,4,99,3,"SR-33","",54,37.54671111,-77.36346944,0,8,0,0,1,1,0,1,2,98,0,98,0,"0000000",99,99,99,99,99,99,0,0,0,1,0
51,510190,1,1,0,0,0,2,2,31,0,4,5,2016,4,21,0,0,1,5,98,4,"CR-600","",54,37.08777778,-78.90194444,0,1,0,0,1,1,0,4,2,98,0,98,0,"0000000",21,5,21,14,99,99,0,0,0,1,1
51,510191,1,1,0,1,1,1,1,730,1910,11,3,2016,6,15,24,0,2,98,4,9,"COURT ST","`",99999,37.21171111,-77.40952778,0,8,0,0,1,1,0,1,1,98,0,98,0,"0000000",15,24,15,28,88,88,0,0,0,1,0
51,510193,2,2,0,0,0,3,3,41,0,5,5,2016,5,23,11,1,2,2,98,3,"SR-10","",172,37.35472222,-77.40777778,0,12,2,1,18,1,0,1,2,2,0,2,0,"0000000",23,11,23,31,23,58,0,0,0,1,1
51,510194,2,2,0,0,0,2,2,760,2060,7,5,2016,7,16,36,1,2,98,98,1,"I-95","",691,37.45972222,-77.42555556,0,12,7,0,1,1,0,1,1,98,0,98,0,"0000000",16,35,16,43,17,5,0,0,0,1,0
51,510195,1,1,0,0,0,2,2,177,0,7,5,2016,7,1,31,1,1,98,98,3,"SR-3","",214,38.31791111,-77.68935833,0,42,0,0,1,1,0,4,2,98,0,98,0,"0000000",1,32,1,41,2,20,0,0,0,1,0
51,510196,2,2,0,0,0,5,5,760,2060,10,5,2016,3,16,48,1,2,3,98,2,"US-360","COALTER ST",1417,37.54364444,-77.42305556,0,12,6,0,2,3,0,1,1,98,0,98,0,"0000000",16,48,16,52,17,42,0,0,0,1,0
51,510197,1,1,0,0,0,1,1,89,0,11,4,2016,2,1,44,0,1,98,1,4,"CR-626","",1,36.70305556,-80.07972222,0,34,0,0,1,1,0,4,2,98,0,98,0,"0000000",99,99,99,99,99,99,0,0,0,1,1
51,510198,1,1,0,0,0,2,2,9,0,3,5,2016,3,0,15,1,1,3,1,2,"US-29","",966,37.65378889,-78.96263889,0,1,0,0,1,1,0,3,2,2,0,2,0,"0000000",99,99,99,99,99,99,0,0,0,1,1
51,510199,1,1,0,0,0,1,1,135,0,7,5,2016,7,1,7,0,1,5,1,4,"CR-607","",88,37.13488056,-78.10119167,0,43,0,0,1,1,0,4,2,98,0,98,0,"0000000",5,41,6,36,88,88,0,0,0,1,1
51,510200,1,1,0,0,0,1,1,185,0,14,5,2016,7,1,0,1,1,98,98,4,"CR-631","",33,37.09321389,-81.74024167,0,42,0,0,1,1,0,4,2,5,0,5,0,"0000000",99,99,99,99,88,88,0,0,0,1,1
51,510201,2,2,0,0,0,2,2,109,0,13,5,2016,6,20,24,0,1,5,98,4,"CR-618","",39,37.96,-77.77305556,0,12,7,0,1,1,0,1,5,98,0,98,0,"0000000",20,0,20,4,20,37,0,0,0,1,0
51,510202,2,2,0,0,0,2,2,177,0,11,5,2016,4,13,26,0,1,4,1,4,"CR-208","",79,38.13451111,-77.72991389,0,12,6,0,1,1,0,1,1,98,0,98,0,"0000000",13,28,13,40,88,88,0,0,0,1,0
51,510203,1,1,0,0,0,1,1,177,0,15,5,2016,1,0,19,0,1,5,98,4,"CR-612","",79,38.15194444,-77.82666667,0,42,0,0,1,1,0,4,2,98,0,98,0,"0000000",99,99,99,99,88,88,0,0,0,1,1
51,510204,1,1,0,0,0,6,6,85,0,23,4,2016,7,22,37,0,1,4,1,3,"SR-156","",551,37.58777778,-77.28361111,0,42,0,0,1,1,0,4,2,98,0,98,0,"0000000",22,46,23,6,0,32,0,0,0,2,1
51,510205,2,2,0,0,0,3,3,1,0,17,4,2016,1,1,9,1,1,3,1,2,"US-13","",1258,37.77215556,-75.61230833,0,12,2,0,1,1,0,1,2,98,0,98,0,"0000000",99,99,99,99,88,88,0,0,0,2,1
51,510206,2,2,0,0,0,2,2,137,0,24,4,2016,1,17,20,1,1,98,98,4,"CR-621","TINDER LN",81,38.26018611,-77.85895833,0,12,6,0,2,3,0,1,1,98,0,98,0,"0000000",99,99,99,99,99,99,0,0,0,1,1
51,510207,1,1,0,0,0,1,1,109,0,11,5,2016,4,12,35,0,1,4,98,2,"US-522","",213,37.81153056,-77.867675,0,42,0,0,1,1,0,4,1,2,0,2,0,"0000000",12,38,12,45,13,27,0,0,0,1,1
51,510208,1,1,0,2,2,2,2,1,0,9,5,2016,2,21,0,1,1,3,1,2,"US-13","",1210,37.72643056,-75.67223056,0,8,0,0,1,1,0,1,2,98,0,98,0,"0000000",21,11,21,17,99,99,0,0,0,1,0
51,510209,2,2,0,0,0,2,2,710,1760,8,4,2016,6,18,34,0,2,98,98,2,"US-460","TIDEWATER DR",4060,36.94655556,-76.25831389,0,12,6,1,2,10,0,1,1,98,0,98,0,"0000000",18,34,18,37,19,9,0,0,0,1,0
51,510210,1,1,0,1,1,1,1,600,900,3,4,2016,1,19,57,0,2,98,98,2,"US-50","",735,38.86498889,-77.26944444,0,8,0,0,1,1,0,1,3,98,0,98,0,"0000000",20,0,20,3,20,13,0,0,0,1,0
51,510211,1,1,0,0,0,5,5,550,468,3,4,2016,1,0,36,1,2,1,1,1,"I-264","",12,36.79555556,-76.38555556,0,59,0,0,1,1,0,4,3,98,0,98,0,"0000000",1,57,1,57,99,99,0,0,0,1,1
51,510212,1,1,0,0,0,1,1,53,0,15,5,2016,1,4,23,0,1,5,1,2,"US-1","",588,37.12106944,-77.55034722,0,42,0,0,1,1,0,4,2,98,0,98,0,"0000000",4,22,4,32,88,88,0,0,0,1,1
51,510213,1,1,0,0,0,1,1,167,0,21,5,2016,7,5,30,1,1,3,1,2,"US-19","",299,36.85745556,-82.11303333,0,42,0,0,1,1,0,4,1,98,0,98,0,"0000000",5,36,5,40,88,88,0,0,0,1,0
51,510214,1,1,0,1,1,1,1,67,0,17,4,2016,1,20,36,1,1,3,1,2,"US-220","",422,37.04194444,-79.87527778,0,8,0,0,1,1,0,1,2,98,0,98,0,"0000000",20,38,20,44,88,88,19,0,0,1,0
51,510215,1,1,0,0,0,1,1,149,0,21,4,2016,5,17,44,0,1,6,1,4,"CR-608","",26,37.14527778,-77.39027778,0,42,0,0,1,1,0,4,1,98,0,98,0,"0000000",17,44,17,58,88,88,0,0,0,1,0
51,510216,2,2,0,0,0,3,3,163,0,22,4,2016,6,17,45,1,1,1,1,1,"I-81","",28,37.8494,-79.36246111,0,12,7,0,1,1,0,1,1,2,0,2,0,"0000000",99,99,99,99,99,99,0,0,0,1,0
51,510217,2,2,0,0,0,2,2,105,0,29,4,2016,6,15,50,0,1,5,98,4,"CR-621","",221,36.79222222,-82.95888889,0,12,2,0,1,1,0,1,1,98,0,98,0,"0000000",16,49,17,8,88,88,0,0,0,1,1
51,510218,1,1,0,0,0,1,1,25,0,19,5,2016,5,0,35,0,1,3,1,2,"US-58","RT-641",3969,36.78083333,-77.79694444,0,59,0,0,3,3,0,4,2,98,0,98,0,"0000000",99,99,99,99,88,88,0,0,0,1,0
51,510219,1,1,0,1,1,1,1,660,1190,2,5,2016,2,20,38,0,2,4,4,2,"US-11","",2590,38.40436111,-78.9096,0,8,0,0,1,1,0,1,3,98,0,98,0,"0000000",20,38,20,42,88,88,0,0,0,1,0
51,510220,1,1,0,1,1,1,1,760,2060,23,4,2016,7,1,3,1,2,3,98,2,"US-1","CUMBERLAND ST",931,37.543125,-77.44920556,0,8,0,0,2,2,0,1,3,2,0,2,0,"0000000",99,99,99,99,88,88,0,0,0,1,0
51,510221,2,2,0,0,0,2,2,41,0,14,5,2016,7,20,9,0,1,5,1,4,"CR-625","",99999,37.29416667,-77.43583333,0,12,2,0,1,1,0,1,5,98,0,98,0,"0000000",20,10,20,20,88,88,0,0,0,1,1
51,510222,4,4,0,0,0,6,6,93,0,19,5,2016,5,8,0,1,2,3,1,2,"US-258","RT-17",518,36.94083333,-76.5375,0,12,1,0,2,10,0,1,1,98,0,98,0,"0000000",8,3,8,8,8,35,0,0,0,1,1
51,510223,2,2,0,0,0,2,2,179,0,23,5,2016,2,14,50,0,2,5,1,4,"CR-684","SETTLERS WAY",10,38.46222222,-77.42166667,0,12,6,0,2,2,0,1,1,98,0,98,0,"0000000",18,51,18,57,19,23,0,0,0,1,0
51,510224,1,1,0,0,0,1,1,89,0,19,5,2016,5,14,19,0,1,5,1,4,"CR-636","",39,36.59718056,-79.78498889,0,42,0,0,1,1,0,4,1,98,0,98,0,"0000000",14,11,14,26,15,20,0,0,0,1,1
51,510225,1,1,0,0,0,3,3,59,0,14,3,2016,2,0,23,0,2,7,98,4,"CR-6493","",5,38.79055556,-77.29916667,0,33,0,0,1,1,0,4,2,2,0,2,0,"0000000",0,24,0,31,88,88,0,0,0,2,1
51,510226,1,1,0,0,0,3,3,169,0,22,5,2016,1,15,24,0,1,7,1,4,"CR-625","",19,36.59777778,-82.88444444,0,42,0,0,1,1,0,4,1,98,0,98,0,"0000000",15,27,15,51,18,56,0,0,0,1,1
51,510227,1,1,0,1,1,1,1,179,0,24,5,2016,3,3,46,0,2,4,1,2,"US-17","VIOLAS LN",13,38.33416667,-77.48055556,0,8,0,0,3,2,0,1,2,98,0,98,0,"0000000",7,43,7,50,88,88,0,0,0,1,1
51,510228,2,2,0,0,0,3,3,131,0,22,5,2016,1,11,40,0,1,3,1,2,"US-13","",997,37.47443889,-75.858675,0,1,0,0,1,1,0,1,1,98,0,98,0,"0000000",11,42,11,55,99,99,0,0,0,1,0
51,510229,1,1,0,0,0,1,1,87,0,27,5,2016,6,18,5,0,2,4,1,4,"CR-1587","",17,37.643025,-77.595875,0,42,0,0,1,1,0,4,1,98,0,98,0,"0000000",18,4,18,9,88,88,0,0,0,1,1
51,510230,1,1,0,0,0,1,1,9,0,27,5,2016,6,0,36,1,2,3,1,3,"SR-163","EARLY DRIVE",55,37.42298056,-79.13226111,0,24,0,0,3,4,0,4,2,98,0,98,0,"0000000",99,99,99,99,88,88,20,0,0,1,1
51,510231,1,1,0,0,0,2,2,117,0,21,2,2016,1,17,22,0,1,7,1,4,"CR-679","",4,36.73527778,-78.42361111,0,1,0,0,1,1,0,4,5,2,0,2,0,"0000000",17,19,17,27,18,15,0,0,0,2,1
51,510232,1,1,0,0,0,1,1,680,1490,21,5,2016,7,22,9,1,1,2,1,2,"US-460","",2409,37.36527778,-79.15888889,0,24,0,0,1,1,0,4,2,2,0,2,0,"0000000",22,9,22,18,22,45,0,0,0,1,0
51,510233,1,1,0,0,0,1,1,143,0,30,5,2016,2,7,3,0,1,5,1,3,"SR-57","",699,36.8177,-79.24476111,0,34,0,0,1,1,0,4,1,98,0,98,0,"0000000",7,10,7,16,88,88,0,0,0,1,0
51,510234,1,1,0,0,0,2,2,187,0,25,4,2016,2,19,0,0,1,5,98,3,"SR-55","",343,38.91328889,-78.10061944,0,32,0,0,1,1,0,4,1,98,0,98,0,"0000000",19,0,19,8,19,43,0,0,0,1,0
51,510235,1,1,0,0,0,1,1,27,0,12,5,2016,5,17,40,0,1,5,98,4,"CR-645","",78,37.41305556,-82.10222222,0,42,0,0,1,1,0,4,1,2,0,2,0,"0000000",17,45,8,9,88,88,0,0,0,1,1
51,510236,1,1,0,1,1,1,1,153,0,10,5,2016,3,1,8,0,2,4,1,4,"CR-784","",62,38.62861111,-77.30916667,0,9,0,0,1,1,0,1,2,98,0,98,0,"0000000",99,99,99,99,99,99,0,0,0,1,0
51,510237,2,2,0,0,0,3,3,3,0,15,5,2016,1,20,58,0,1,5,98,3,"SR-20","",536,38.15906944,-78.30809167,0,12,2,0,1,1,0,1,2,98,0,98,0,"0000000",99,99,99,99,88,88,0,0,0,1,1
51,510238,2,2,0,0,0,4,4,810,2540,16,5,2016,2,18,52,0,2,3,4,2,"US-13","PLEASURE HOUSE RD",542,36.89895833,-76.13777778,0,12,1,0,2,2,0,1,1,98,0,98,0,"0000000",18,57,19,10,19,34,0,0,0,1,0
51,510239,1,1,0,0,0,1,1,199,0,27,5,2016,6,14,24,1,1,1,1,1,"I-64","",2435,37.24771111,-76.63895,0,52,0,0,1,1,0,3,1,98,0,98,0,"0000000",14,29,14,37,14,50,0,0,0,1,1
51,510240,1,1,0,0,0,1,1,145,0,5,4,2016,3,20,25,1,1,3,1,2,"US-60","RT-13",1626,37.51775833,-77.80576111,0,35,0,0,3,3,0,4,2,98,0,98,0,"0000000",99,99,99,99,88,88,0,0,0,1,0
51,510241,1,1,0,1,1,1,1,650,1180,3,6,2016,6,20,53,0,2,4,4,6,"BIG BETHEL RD","VILLAGE DR",31,37.05741111,-76.42783056,0,8,0,0,2,2,0,1,3,98,0,98,0,"0000000",20,53,20,59,21,27,0,0,0,1,0
51,510242,1,1,0,0,0,1,1,11,0,4,6,2016,7,21,33,0,1,4,1,3,"SR-26","",120,37.52113889,-78.83775,0,35,0,0,1,1,0,4,2,98,0,98,0,"0000000",21,33,21,58,88,88,0,0,0,1,1
51,510243,1,1,0,0,0,1,1,43,0,2,6,2016,5,13,0,0,1,5,1,4,"CR-612","",39,39.16169444,-77.92011944,0,42,0,0,1,1,0,4,1,98,0,98,0,"0000000",13,4,13,13,88,88,0,0,0,1,0
51,510244,1,1,0,1,1,1,1,53,0,5,6,2016,1,0,50,0,1,4,1,2,"US-1","",652,37.18855,-77.47743889,0,8,0,0,1,1,0,1,2,2,0,2,0,"0000000",99,99,99,99,88,88,0,0,0,1,0
51,510245,1,1,0,0,0,1,1,153,0,1,6,2016,4,21,8,0,1,6,1,4,"CR-652","",21,38.71120278,-77.60729722,0,1,0,0,1,1,0,4,1,98,0,98,0,"0000000",21,11,21,18,88,88,0,0,0,1,1
51,510246,1,1,0,0,0,1,1,29,0,6,6,2016,2,20,35,0,1,7,1,4,"CR-610","",24,37.63095,-78.38466111,0,1,0,0,1,1,0,4,5,98,0,98,0,"0000000",20,41,20,53,88,88,20,0,0,1,1
51,510247,1,1,0,0,0,1,1,83,0,5,6,2016,1,20,27,0,1,3,1,2,"US-360","",359,36.74861944,-78.84013889,0,53,0,0,1,1,0,4,2,98,0,98,0,"0000000",20,29,20,35,88,88,0,0,0,1,0
51,510248,2,2,0,0,0,2,2,61,0,2,5,2016,2,6,34,0,1,3,1,2,"US-29","MARSH RD",1782,38.62939722,-77.80048889,0,12,6,0,2,2,0,1,4,5,0,5,0,"0000000",6,34,6,45,88,88,0,0,0,1,0
51,510249,1,1,0,0,0,1,1,161,0,6,6,2016,2,8,10,1,2,1,1,1,"I-81","",1384,37.29858056,-80.08173056,0,5,0,0,1,1,0,1,1,98,0,98,0,"0000000",8,10,8,18,88,88,0,0,0,1,0
51,510250,2,2,0,0,0,2,2,89,0,31,5,2016,3,13,58,0,1,4,1,2,"US-58","RT-695",2555,36.62003056,-80.0073,0,12,6,0,2,2,0,1,1,98,0,98,0,"0000000",14,1,14,14,14,43,0,0,0,1,0
51,510251,1,1,0,0,0,1,1,87,0,12,6,2016,1,3,50,0,1,4,1,3,"SR-5","",64,37.45115,-77.36588889,0,34,0,0,1,1,0,4,6,98,0,98,0,"0000000",99,99,99,99,88,88,0,0,0,1,1
51,510252,2,2,0,0,0,2,2,67,0,13,6,2016,2,18,30,0,1,3,1,2,"US-220","RT-19",357,36.95236667,-79.881525,0,12,6,0,2,3,0,1,1,98,0,98,0,"0000000",18,43,18,57,19,25,0,0,0,1,0
51,510253,2,2,0,0,0,3,3,800,2390,13,6,2016,2,17,46,0,1,4,98,3,"SR-NANSEMOND PKWY","",74,36.79377222,-76.53112222,0,12,6,0,1,1,0,1,1,98,0,98,0,"0000000",17,48,18,9,18,15,0,0,0,2,0
51,510254,1,1,0,0,0,2,2,61,0,22,5,2016,1,3,52,0,1,5,1,4,"CR-806","",26,38.52938889,-77.6705,0,53,0,0,1,1,0,4,2,98,0,98,0,"0000000",99,99,99,99,99,99,0,0,0,1,1
51,510255,2,2,0,0,0,2,2,153,0,1,6,2016,4,15,46,0,2,3,1,2,"US-29","LAKE MANASSAS DR",2162,38.78728333,-77.64691389,0,12,6,0,2,3,0,1,1,98,0,98,0,"0000000",99,99,99,99,88,88,0,0,0,1,0
51,510256,1,1,0,0,0,1,1,89,0,15,5,2016,1,0,31,0,1,5,1,4,"CR-647","",54,36.72935833,-79.69710278,0,1,0,0,1,1,0,4,2,98,0,98,0,"0000000",0,30,0,46,1,20,0,0,0,1,0
51,510257,1,1,0,0,0,2,2,7,0,10,6,2016,6,18,13,0,1,6,1,4,"CR-609","",85,37.46818056,-77.96576944,0,1,0,0,1,1,0,4,1,98,0,98,0,"0000000",99,99,99,99,99,99,0,0,0,1,1
51,510258,1,1,0,0,0,4,4,99,0,12,6,2016,1,2,0,0,1,5,1,3,"SR-218","",109,38.30691944,-77.28898889,0,1,0,0,1,1,0,1,2,98,0,98,0,"0000000",2,5,2,23,3,14,0,0,0,1,1
51,510259,1,1,0,0,0,4,4,23,0,28,4,2016,5,21,46,0,1,3,98,2,"US-220","",1042,37.43972222,-79.48027778,0,34,0,0,1,1,0,4,2,2,0,2,0,"0000000",21,24,21,42,22,30,5,0,0,1,0
51,510260,3,3,0,0,0,6,6,810,2540,16,5,2016,2,14,29,1,2,1,1,1,"I-264","",185,36.83673889,-76.10333056,0,12,1,0,1,1,0,1,1,98,0,98,0,"0000000",14,32,14,49,15,17,0,0,0,2,0
51,510261,1,1,0,0,0,2,2,1,0,25,5,2016,4,17,45,0,1,7,98,4,"CR-692","",11,37.91051944,-75.65466944,0,34,0,0,1,1,0,4,1,98,0,98,0,"0000000",17,39,17,53,88,88,0,0,0,1,0
51,510262,2,2,0,0,0,3,3,115,0,18,6,2016,7,12,30,0,1,4,1,3,"SR-198","",1416,37.49061111,-76.42883889,0,12,2,0,1,1,0,1,1,98,0,98,0,"0000000",14,31,14,43,88,88,0,0,0,1,0
51,510263,1,1,0,1,1,1,1,73,0,15,6,2016,4,5,20,1,1,3,1,2,"US-17","",794,37.38833889,-76.5322,0,8,0,0,1,1,0,1,2,98,0,98,0,"0000000",99,99,99,99,99,99,0,0,0,1,0
51,510264,1,1,0,1,1,1,1,59,0,18,5,2016,4,15,40,1,2,3,1,3,"SR-7","GLEN CARLYN DRIVE",664,38.85528889,-77.13813056,0,8,0,0,3,2,0,1,1,98,0,98,0,"0000000",15,40,15,44,88,88,0,0,0,1,0
51,510265,1,1,0,1,1,1,1,59,0,12,5,2016,5,20,57,0,2,5,1,4,"CR-5236","",3,38.78486111,-77.27171111,0,8,0,0,1,1,0,1,2,98,0,98,0,"0000000",20,57,21,1,88,88,0,0,0,1,0
51,510266,1,1,0,1,1,1,1,710,1760,16,5,2016,2,9,27,0,1,5,98,6,"NEWTOWN RD","CURLEW DR",4,36.50271389,-76.11228611,0,8,0,0,3,2,0,1,1,98,0,98,0,"0000000",99,99,99,99,99,99,0,0,0,1,0
51,510267,2,2,0,0,0,2,2,115,0,16,6,2016,5,8,30,0,1,5,1,4,"CR-660","",34,37.41401111,-76.36539444,0,12,6,0,1,1,0,1,1,98,0,98,0,"0000000",99,99,99,99,99,99,0,0,0,1,0
51,510268,1,1,0,0,0,1,1,183,0,9,5,2016,2,17,0,0,1,4,1,3,"SR-40","",2090,36.94159444,-77.17876111,0,42,0,0,1,1,0,4,1,98,0,98,0,"0000000",16,44,17,9,18,7,0,0,0,1,0
51,510269,1,1,0,0,0,1,1,37,0,16,5,2016,2,10,45,0,1,7,1,4,"CR-619","",107,37.03159722,-78.76713056,0,35,0,0,1,1,0,4,1,98,0,98,0,"0000000",10,41,11,21,12,35,0,0,0,1,0
51,510270,1,1,0,0,0,1,1,167,0,16,4,2016,7,6,0,9,9,98,98,9,"WRIGHTS MILL RD","",99999,36.94282778,-82.11195278,0,35,0,0,1,1,0,4,2,98,0,98,0,"0000000",11,48,11,53,88,88,0,0,0,1,0
51,510271,2,2,0,0,0,2,2,81,0,26,5,2016,5,16,31,0,1,4,1,2,"US-301","",135,36.73065556,-77.52088333,0,12,6,0,7,1,0,1,1,98,0,98,0,"0000000",16,32,16,40,16,58,0,0,0,1,0