"STATE","ST_CASE","VE_TOTAL","VE_FORMS","PVH_INVL","PEDS","PERNOTMVIT","PERMVIT","PERSONS","COUNTY","CITY","DAY","MONTH","YEAR","DAY_WEEK","HOUR","MINUTE","NHS","RUR_URB","FUNC_SYS","RD_OWNER","ROUTE","TWAY_ID","TWAY_ID2","MILEPT","LATITUDE","LONGITUD","SP_JUR","HARM_EV","MAN_COLL","RELJCT1","RELJCT2","TYP_INT","WRK_ZONE","REL_ROAD","LGT_COND","WEATHER1","WEATHER2","WEATHER","SCH_BUS","RAIL","NOT_HOUR","NOT_MIN","ARR_HOUR","ARR_MIN","HOSP_HR","HOSP_MN","CF1","CF2","CF3","FATALS","DRUNK_DR"
51,510272,1,1,0,0,0,1,1,13,0,29,5,2016,1,16,13,1,2,1,1,1,"I-66","",742,38.89866111,-77.07645278,0,5,0,0,1,1,0,1,1,98,0,98,0,"0000000",16,12,16,18,16,44,0,0,0,1,0
51,510273,2,2,0,0,0,2,2,179,0,1,6,2016,4,14,43,0,2,5,1,4,"CR-610","EUSTACE RD",87,38.47370556,-77.43713333,0,12,2,0,2,2,0,1,1,98,0,98,0,"0000000",18,43,18,50,19,13,0,0,0,1,1
51,510274,3,3,0,0,0,6,6,710,1760,24,4,2016,1,0,10,0,2,3,4,3,"SR-166","SEWELLS POINT RD",945,36.86792778,-76.22923333,0,12,1,0,2,2,0,1,3,98,0,98,0,"0000000",99,99,99,99,99,99,0,0,0,1,1
51,510275,2,2,0,0,0,3,3,187,0,31,5,2016,3,17,35,0,1,4,1,2,"US-522","",11141,38.88586111,-78.16763889,0,12,6,0,1,1,0,1,1,98,0,98,0,"0000000",17,37,17,46,99,99,0,0,0,1,0
51,510276,2,2,0,0,0,2,2,710,1760,7,5,2016,7,22,7,0,2,3,99,3,"SR-337","SURREY CRESCENT",315,36.89665833,-76.30296944,0,12,6,0,2,2,0,1,3,98,0,98,0,"0000000",22,7,22,15,22,46,20,0,0,1,0
51,510277,1,1,0,0,0,1,1,25,0,9,6,2016,5,4,57,0,1,3,1,2,"US-58","",3842,36.71271111,-77.98823056,0,35,0,0,1,1,0,4,2,98,0,98,0,"0000000",99,99,99,99,88,88,0,0,0,1,0
51,510278,2,2,0,0,0,3,3,177,0,7,6,2016,3,21,57,1,2,3,1,3,"SR-208","",459,38.24673889,-77.51961111,0,12,2,0,1,1,0,1,2,98,0,98,0,"0000000",21,56,22,7,88,88,0,0,0,1,2
51,510279,2,2,0,0,0,2,2,187,0,4,6,2016,7,7,47,0,1,4,1,2,"US-522","SHADOWS DR",1220,38.98449722,-78.18202778,0,12,1,0,2,2,0,1,1,98,0,98,0,"0000000",7,51,7,53,88,88,0,0,0,1,0
51,510280,2,2,0,0,0,2,2,31,0,9,6,2016,5,0,15,0,1,5,1,2,"US-29","",39,37.11498889,-79.28116944,0,12,6,0,4,1,0,1,3,98,0,98,0,"0000000",0,10,0,15,88,88,0,0,0,1,1
51,510281,1,1,0,0,0,1,1,105,0,14,6,2016,3,11,15,0,1,4,1,3,"SR-58","",99999,36.73886111,-83.06098056,0,34,0,0,1,1,0,4,1,98,0,98,0,"0000000",11,9,11,16,99,99,0,0,0,1,0
51,510282,1,1,0,0,0,1,1,11,0,19,6,2016,1,10,57,0,1,3,1,2,"US-460","",2311,37.30678889,-78.75186944,0,42,0,0,1,1,0,4,1,98,0,98,0,"0000000",11,5,11,12,88,88,0,0,0,1,0
51,510283,1,1,0,1,1,1,1,59,0,2,4,2016,7,23,7,0,2,4,1,4,"CR-613","OLD BEULAH ST",21,38.74136389,-77.16452778,0,8,0,0,3,2,0,1,3,2,0,2,0,"0000000",99,99,99,99,99,99,0,0,0,1,0
51,510284,1,1,0,0,0,1,1,37,0,22,6,2016,4,15,40,0,1,7,1,4,"CR-658","",0,37.07306111,-78.62666944,0,42,0,0,1,1,0,4,1,98,0,98,0,"0000000",15,43,15,52,16,42,0,0,0,1,1
51,510285,2,2,0,0,0,2,2,177,0,25,6,2016,7,13,5,0,1,4,1,3,"SR-208","BROKENBURG RD",313,38.14156111,-77.7203,0,12,1,0,3,2,0,1,1,98,0,98,0,"0000000",13,7,13,10,88,88,0,0,0,1,0
51,510286,1,1,0,0,0,2,2,25,0,23,6,2016,5,21,50,0,1,5,1,4,"CR-659","",53,36.65161111,-77.98453889,0,42,0,0,1,1,0,4,2,2,0,2,0,"0000000",99,99,99,99,88,88,0,0,0,1,0
51,510287,2,2,0,0,0,2,2,91,0,23,6,2016,5,5,50,0,1,4,1,2,"US-220","",1774,38.38831944,-79.60126944,0,12,2,0,1,1,0,1,4,2,0,2,0,"0000000",5,50,5,50,8,7,0,0,0,1,0
51,510288,2,2,0,0,0,3,3,147,0,22,6,2016,4,15,5,0,1,3,1,2,"US-460","RT -606",2642,37.23471944,-78.24231111,0,12,6,0,2,3,0,1,1,98,0,98,0,"0000000",15,10,15,21,99,99,0,0,0,2,0
51,510289,1,1,0,0,0,1,1,127,0,28,5,2016,7,14,30,0,1,7,1,4,"CR-649","",27,37.42038611,-76.90891111,0,35,0,0,1,1,0,4,1,98,0,98,0,"0000000",15,18,15,18,88,88,0,0,0,1,0
51,510290,1,1,0,0,0,1,1,550,468,23,5,2016,2,16,57,0,9,98,98,9,"LONG RIDGE RD","",99999,36.64793333,-76.14938056,0,42,0,0,1,1,0,4,1,2,0,2,0,"0000000",99,99,99,99,88,88,0,0,0,1,0
51,510291,1,1,0,0,0,1,1,195,0,18,6,2016,7,17,3,0,1,3,1,2,"US-23","",27,37.03418056,-82.59808889,0,35,0,0,1,1,0,3,1,98,0,98,0,"0000000",99,99,99,99,99,99,0,0,0,1,1
51,510292,2,2,0,0,0,4,4,143,0,22,6,2016,4,14,17,0,1,3,1,2,"US-29","RT-642",437,37.06481389,-79.34216111,0,12,6,0,2,2,0,1,1,98,0,98,0,"0000000",14,27,14,35,99,99,0,0,0,1,1
51,510293,2,2,0,0,0,2,2,87,0,17,6,2016,6,14,20,0,2,4,2,4,"CR-7516","JOHN ROLFE PARKWAY",14,37.62048056,-77.62305,0,12,6,0,2,2,0,1,1,98,0,98,0,"0000000",14,20,14,25,15,55,0,0,0,1,0
51,510294,2,2,0,0,0,3,3,153,0,24,6,2016,6,16,6,0,2,4,1,4,"CR-906","G STREET",40,38.66434722,-77.25435278,0,12,6,0,2,2,0,1,1,98,0,98,0,"0000000",16,7,16,12,16,25,0,0,0,1,0
51,510295,3,3,0,0,0,4,4,89,0,22,6,2016,4,16,32,1,1,3,1,2,"US-220","COMMONWEALTH BLVD",65,36.69571944,-79.89793889,0,12,2,0,2,2,0,1,1,98,0,98,0,"0000000",16,30,16,34,17,15,0,0,0,2,0
51,510296,2,2,0,0,0,2,2,59,0,21,4,2016,5,8,34,0,2,3,1,3,"SR-28","",306,38.84563056,-77.43205,0,12,7,1,17,1,0,1,1,98,0,98,0,"0000000",8,34,8,39,88,88,0,0,0,1,0
51,510297,2,2,0,0,0,4,4,19,0,11,6,2016,7,13,45,0,1,4,1,3,"SR-122","",302,37.27670833,-79.55293056,0,12,2,0,1,1,0,1,1,98,0,98,0,"0000000",13,56,14,9,14,58,0,0,0,1,0
51,510298,2,2,0,0,0,17,17,33,0,18,6,2016,7,0,35,1,1,1,1,1,"I-95","",1115,38.0326,-77.49901111,0,12,6,0,1,1,0,1,2,98,0,98,0,"0000000",0,44,0,48,99,99,0,0,0,6,0
51,510299,2,2,0,0,0,2,2,15,0,26,6,2016,1,4,55,1,1,1,1,1,"I-81","",2153,38.04288889,-79.12283889,0,12,6,0,1,1,0,1,2,98,0,98,0,"0000000",5,3,5,10,88,88,0,0,0,1,1
51,510300,1,1,0,0,0,1,1,109,0,26,6,2016,1,18,50,0,1,4,1,2,"US-33","",989,37.8847,-77.83811944,0,38,0,0,1,1,0,5,1,98,0,98,0,"0000000",18,54,19,9,88,88,0,0,0,1,1
51,510301,1,1,0,0,0,1,1,59,0,5,5,2016,5,5,55,0,2,4,1,4,"CR-644","",36,38.78042222,-77.22838889,0,18,0,0,1,1,0,4,4,2,0,2,0,"0000000",5,56,6,0,6,23,0,0,0,1,0
51,510302,4,4,0,0,0,4,4,43,0,29,6,2016,4,8,20,0,1,4,1,2,"US-522","ROUTE-1434",1261,39.03856111,-78.15023056,0,12,6,0,2,3,0,1,1,98,0,98,0,"0000000",8,35,8,42,9,21,0,0,0,1,0
51,510303,1,1,0,0,0,3,3,810,2540,27,6,2016,2,1,10,0,1,3,4,2,"US-60","",2946,36.91591111,-76.05671111,0,59,0,0,1,1,0,4,2,98,0,98,0,"0000000",1,13,1,21,2,3,0,0,0,1,0
51,510304,2,2,0,0,0,4,4,660,1190,31,5,2016,3,9,25,1,2,1,1,1,"I-81","",2481,38.43686667,-78.85326111,0,12,6,0,1,1,0,1,1,98,0,98,0,"0000000",9,30,9,53,10,25,0,0,0,1,0
51,510305,1,1,0,0,0,1,1,31,0,29,6,2016,4,13,40,0,1,5,1,4,"CR-761","",77,37.16081389,-79.07610833,0,1,0,0,1,1,0,4,1,98,0,98,0,"0000000",14,18,14,20,88,88,0,0,0,1,0
51,510306,4,4,0,1,1,4,4,700,1720,17,6,2016,6,21,25,1,2,3,1,3,"SR-143","MASON DRIVE",227,37.16666111,-76.5421,1,8,0,0,3,3,0,1,3,98,0,98,0,"0000000",21,25,21,31,88,88,0,0,0,1,0
51,510307,1,1,0,0,0,1,1,29,0,4,7,2016,2,20,25,0,1,7,1,4,"CR-638","",96,37.50885,-78.56461111,0,42,0,0,1,1,0,4,5,98,0,98,0,"0000000",20,24,20,35,88,88,0,0,0,1,1
51,510308,1,1,0,0,0,1,1,183,0,3,7,2016,1,8,37,0,1,3,1,2,"US-460","",3367,37.07068889,-77.14283889,0,42,0,0,1,1,0,4,1,2,0,2,0,"0000000",99,99,99,99,88,88,0,0,0,1,0
51,510309,1,1,0,0,0,1,1,7,0,29,6,2016,4,13,0,0,1,5,1,4,"CR-602","",3,37.31658333,-77.88409722,0,42,0,0,1,1,0,4,1,98,0,98,0,"0000000",13,6,13,14,88,88,0,0,0,1,0
51,510310,1,1,0,0,0,1,1,71,0,8,6,2016,4,20,16,0,1,4,1,3,"SR-100","",447,37.27436944,-80.74131111,0,24,0,0,1,1,0,4,1,98,0,98,0,"0000000",7,54,8,21,9,3,0,0,0,1,0
51,510311,1,1,0,0,0,1,1,133,0,19,6,2016,1,0,5,0,1,5,1,4,"CR-605","CARLSON RD",61,37.78065556,-76.40096944,0,42,0,0,3,3,0,4,2,98,0,98,0,"0000000",99,99,99,99,99,99,0,0,0,1,1
51,510312,2,2,0,0,0,3,3,199,0,21,6,2016,3,6,50,0,2,5,1,4,"CR-622","",17,37.18678333,-76.43929444,0,12,2,0,1,1,0,1,1,98,0,98,0,"0000000",6,43,6,57,7,29,0,0,0,1,0
51,510313,3,3,0,0,0,3,3,23,0,7,7,2016,5,12,3,0,1,3,1,2,"US-220","RT-1126",805,37.4376,-79.90338889,0,12,6,0,3,2,0,1,1,98,0,98,0,"0000000",11,58,12,2,12,39,0,0,0,1,0
51,510314,1,1,0,0,0,3,3,1,0,30,5,2016,2,20,36,0,1,3,1,2,"US-13","NOCKS LAND",1370,37.92246667,-75.54929444,0,30,0,0,3,2,0,4,2,2,0,2,0,"0000000",20,30,20,33,21,29,0,0,0,2,0
51,510315,2,2,0,0,0,2,2,117,0,5,6,2016,1,22,40,0,1,5,99,2,"US-1","",86,36.66728056,-78.21423333,0,12,2,0,1,1,0,1,2,98,0,98,0,"0000000",22,45,22,53,88,88,0,0,0,1,0
51,510316,1,1,0,0,0,1,1,41,0,4,7,2016,2,0,26,0,2,7,1,4,"CR-4067","",0,37.32258056,-77.39041111,0,53,0,0,1,1,0,4,2,98,0,98,0,"0000000",99,99,99,99,88,88,0,0,0,1,1
51,510317,1,1,0,0,0,1,1,3,0,4,7,2016,2,17,25,1,1,1,1,1,"I-64","",1166,38.02189722,-78.563,0,1,0,0,1,1,0,3,1,98,0,98,0,"0000000",99,99,99,99,88,88,0,0,0,1,0
51,510318,1,1,0,0,0,2,2,550,468,3,7,2016,1,15,20,1,1,2,1,2,"US-58","",4804,36.78151944,-76.43055,0,34,0,0,1,1,0,4,1,98,0,98,0,"0000000",99,99,99,99,88,88,0,0,0,2,0
51,510319,2,1,1,0,0,1,1,810,2540,5,7,2016,3,2,6,0,2,4,4,6,"INDEPENDENCE BLVD","EDWIN DRIVE",4,36.82595,-76.13046667,0,14,0,0,3,2,0,5,3,98,0,98,0,"0000000",99,99,99,99,99,99,0,0,0,1,1
51,510320,1,1,0,0,0,1,1,700,1720,12,7,2016,3,2,45,1,2,1,1,1,"I-664","",1,36.98156944,-76.42531944,0,20,0,0,5,1,0,4,3,98,0,98,0,"0000000",99,99,99,99,88,88,0,0,0,1,0
51,510321,1,1,0,1,1,1,1,810,2540,9,7,2016,7,0,2,0,2,3,4,2,"US-60","PLEASURE HOUSE RD",2902,36.90441944,-76.13538889,0,8,0,0,2,2,0,1,3,98,0,98,0,"0000000",0,5,0,5,88,88,0,0,0,1,1
51,510322,1,1,0,2,2,1,1,15,0,12,7,2016,3,15,33,0,1,5,1,2,"US-11","STUARTS DRAFT HWY",2275,38.02205,-79.14046944,0,8,0,0,1,1,2,1,1,98,0,98,0,"0000000",15,35,15,42,88,88,0,0,0,2,0
51,510323,2,2,0,0,0,2,2,15,0,15,7,2016,6,6,15,0,1,5,1,3,"SR-254","RT-640",219,38.11083889,-78.90456944,0,12,6,0,2,2,0,1,4,98,0,98,0,"0000000",99,99,99,99,88,88,0,0,0,1,0
51,510324,1,1,0,0,0,1,1,53,0,15,7,2016,6,2,40,1,1,1,1,1,"I-85","",493,37.04251111,-77.62255,0,1,0,0,1,1,0,3,2,98,0,98,0,"0000000",99,99,99,99,88,88,0,0,0,1,0
51,510325,2,2,0,0,0,5,5,167,0,16,7,2016,7,14,30,0,1,3,1,2,"US-19","",284,36.84378056,-82.13335,0,12,1,0,1,1,0,1,1,98,0,98,0,"0000000",14,27,14,36,15,6,0,0,0,1,0
51,510326,3,3,0,0,0,3,3,179,0,16,7,2016,7,9,6,0,1,4,1,3,"SR-3","",412,38.25391944,-77.36071111,0,12,2,0,1,1,0,1,1,98,0,98,0,"0000000",13,17,13,21,88,88,20,0,0,1,0
51,510327,2,2,0,0,0,3,3,710,1760,20,6,2016,2,13,59,0,2,4,99,2,"US-460","PATROL RD",4040,36.92808056,-76.267775,0,12,6,0,2,2,0,1,1,98,0,98,0,"0000000",99,99,99,99,99,99,0,0,0,1,0
51,510328,1,1,0,0,0,1,1,183,0,19,7,2016,3,6,13,0,1,4,1,3,"SR-35","",0,36.89976944,-77.1513,0,42,0,0,1,1,0,4,4,98,0,98,0,"0000000",99,99,99,99,88,88,0,0,0,1,0
51,510329,1,1,0,0,0,1,1,69,0,26,4,2016,3,20,48,0,1,6,1,4,"CR-608","",102,39.17231111,-78.29943056,0,35,0,0,1,1,0,4,2,98,0,98,0,"0000000",21,3,21,12,21,47,0,0,0,1,0
51,510330,2,2,0,0,0,2,2,650,1180,17,6,2016,6,10,22,0,2,4,4,3,"SR-152","EXECUTIVE DR",40,37.04566944,-76.3964,0,12,2,0,2,2,0,1,1,98,0,98,0,"0000000",99,99,99,99,99,99,0,0,0,1,0
51,510331,1,1,0,0,0,1,1,15,0,16,6,2016,5,17,0,0,1,7,1,4,"CR-742","",131,38.21508056,-78.95877778,0,38,0,0,1,1,0,5,1,98,0,98,0,"0000000",18,5,18,16,18,54,0,0,0,1,0
51,510332,1,1,0,1,1,1,1,770,2100,22,6,2016,4,22,2,1,2,1,1,1,"I-580","",14,37.28773056,-79.93908889,0,8,0,0,1,1,4,1,2,98,0,98,0,"0000000",21,59,22,3,22,28,19,0,0,1,0
51,510333,2,2,0,0,0,2,2,73,0,20,6,2016,2,20,38,0,2,7,1,4,"CR-1304","MISSION LN",7,37.29326111,-76.52158889,0,12,6,0,2,3,0,1,1,98,0,98,0,"0000000",99,99,99,99,88,88,0,0,0,1,0
51,510334,1,1,0,1,1,1,1,87,0,25,6,2016,7,0,35,0,1,4,1,3,"SR-33","PLEASANT STREET",59,37.5499,-77.35416944,0,8,0,0,3,3,0,1,2,98,0,98,0,"0000000",0,35,0,42,1,12,0,0,0,1,0
51,510335,1,1,0,0,0,1,1,15,0,27,6,2016,2,10,40,0,1,7,1,4,"CR-693","",89,38.07805556,-79.14939167,0,53,0,0,1,1,0,4,1,98,0,98,0,"0000000",10,59,11,24,12,35,0,0,0,1,1
51,510336,1,1,0,0,0,1,1,111,0,1,7,2016,6,20,13,0,1,7,1,4,"CR-684","",13,37.07847222,-78.39822222,0,42,0,0,1,1,0,4,1,98,0,98,0,"0000000",20,13,20,31,88,88,0,0,0,1,0
51,510337,1,1,0,0,0,1,1,47,0,8,7,2016,6,18,9,0,1,7,1,4,"CR-633","",125,38.56165,-78.00066111,0,42,0,0,1,1,0,4,1,98,0,98,0,"0000000",99,99,99,99,88,88,0,0,0,1,1
51,510338,1,1,0,0,0,1,1,59,0,13,7,2016,4,0,30,1,2,1,1,1,"I-66","",548,38.85151111,-77.40628889,0,24,0,0,1,1,0,4,3,98,0,98,0,"0000000",99,99,99,99,88,88,0,0,0,1,0
51,510339,2,2,0,0,0,4,4,59,0,1,6,2016,4,16,50,0,2,4,1,4,"CR-644","SPRING RD",59,38.77858056,-77.18898889,0,12,6,0,2,2,0,1,1,98,0,98,0,"0000000",16,51,16,59,17,33,0,0,0,1,0
51,510340,1,1,0,0,0,1,1,15,0,15,7,2016,6,7,16,1,1,1,1,1,"I-81","",2068,37.94566667,-79.21506111,0,24,0,0,1,1,0,4,1,98,0,98,0,"0000000",7,19,7,35,88,88,0,0,0,1,0
51,510341,1,1,0,1,1,1,1,197,0,15,7,2016,6,22,45,1,1,1,1,1,"I-77","",289,36.90901111,-80.88543056,0,8,0,0,1,1,0,1,2,98,0,98,0,"0000000",99,99,99,99,88,88,0,0,0,1,0
51,510342,1,1,0,0,0,1,1,59,0,17,6,2016,6,7,36,0,2,4,4,6,"PARK STREET","",0,38.88995,-77.24718889,0,33,0,0,1,1,0,4,1,98,0,98,0,"0000000",7,37,7,41,88,88,0,0,0,1,1
51,510343,1,1,0,1,1,1,1,660,1190,21,7,2016,5,21,8,0,2,4,4,2,"US-11","",2635,38.45770556,-78.86138333,0,8,0,0,1,1,0,1,3,98,0,98,0,"0000000",21,8,21,13,21,41,0,0,0,1,0
51,510344,2,2,0,0,0,3,3,75,0,4,6,2016,7,10,59,0,1,5,1,2,"US-250","FAIRGROUND RD",1422,37.70957222,-77.80215278,0,12,6,0,2,3,0,1,1,98,0,98,0,"0000000",11,1,12,0,12,27,0,0,0,1,0
51,510345,1,1,0,0,0,3,3,15,0,22,7,2016,6,19,40,1,1,1,1,1,"I-81","",2081,37.96138889,-79.20171944,0,34,0,0,1,1,0,4,1,98,0,98,0,"0000000",19,52,20,7,20,11,0,0,0,1,1
51,510346,2,2,0,1,1,2,2,101,0,20,7,2016,4,18,25,1,1,3,1,2,"US-360","",1647,37.75163889,-77.12861944,0,9,0,0,1,1,0,1,1,98,0,98,0,"0000000",18,25,18,40,99,99,0,0,0,1,0
51,510347,2,2,0,0,0,2,2,67,0,20,7,2016,4,12,33,0,1,3,1,2,"US-220","",421,37.04131944,-79.87512778,0,12,2,0,1,1,0,1,1,98,0,98,0,"0000000",12,35,12,54,13,5,0,0,0,2,0
51,510348,1,1,0,0,0,2,2,83,0,24,7,2016,1,0,20,0,1,7,1,4,"CR-702","",14,36.89221111,-79.11476944,0,42,0,0,1,1,0,4,2,5,0,5,0,"0000000",0,28,0,47,99,99,0,0,0,1,1
51,510349,1,1,0,0,0,2,2,730,1910,28,6,2016,3,0,47,1,2,1,1,1,"I-95","",0,37.21655,-77.38626111,0,59,0,1,5,1,0,3,2,98,0,98,0,"0000000",0,48,0,51,1,16,20,0,0,1,1
51,510350,1,1,0,1,1,1,1,177,0,23,7,2016,7,0,2,1,2,3,1,3,"SR-208","EWELL ROAD",471,38.2532,-77.50151111,0,8,0,0,3,2,0,1,2,98,0,98,0,"0000000",0,3,0,17,0,29,0,0,0,1,0
51,510351,1,1,0,0,0,1,1,181,0,25,7,2016,2,7,43,0,1,4,1,3,"SR-40","",2262,37.13308889,-77.01993056,0,38,0,0,1,1,0,5,1,98,0,98,0,"0000000",7,46,7,58,99,99,0,0,0,1,0
51,510352,3,3,0,0,0,4,4,710,1760,9,6,2016,5,13,54,0,2,4,4,3,"SR-165","I-64",374,36.91653056,-76.26781111,0,12,6,0,2,3,0,1,1,98,0,98,1,"0000000",14,2,14,6,99,99,0,0,0,1,0
51,510353,1,1,0,0,0,1,1,51,0,24,7,2016,1,13,55,0,1,7,1,4,"CR-679","",33,37.11640556,-82.25336111,0,42,0,0,1,1,0,4,1,98,0,98,0,"0000000",13,24,13,50,88,88,0,0,0,1,0
51,510354,4,4,0,0,0,7,7,600,900,22,6,2016,4,13,28,0,2,3,4,2,"US-29","JERMANTOWN RD",2340,38.85183333,-77.33210278,0,12,6,0,2,2,0,1,1,98,0,98,0,"0000000",13,27,13,31,14,14,14,0,0,1,0
51,510355,1,1,0,0,0,3,3,5,0,27,7,2016,4,11,35,0,1,7,1,3,"SR-18","",190,37.73111944,-80.03488889,0,53,0,0,1,1,0,4,1,98,0,98,0,"0000000",11,36,11,55,12,22,0,0,0,1,0
51,510356,1,1,0,0,0,2,2,19,0,20,7,2016,4,19,59,0,1,7,1,4,"CR-743","",2,37.16311944,-79.58268056,0,1,0,0,1,1,0,4,1,98,0,98,0,"0000000",99,99,99,99,99,99,0,0,0,1,1
51,510357,1,1,0,0,0,1,1,139,0,27,7,2016,4,20,3,0,1,7,1,4,"CR-615","",22,38.6024,-78.59028889,0,35,0,0,1,1,0,4,1,98,0,98,0,"0000000",20,9,20,14,88,88,0,0,0,1,0
51,510358,1,1,0,0,0,1,1,107,0,31,7,2016,1,10,45,0,2,3,1,3,"SR-7","",420,39.07566111,-77.48986111,0,42,0,0,1,1,0,3,1,98,0,98,0,"0000000",10,49,11,4,11,15,0,0,0,1,0
51,510359,1,1,0,1,1,1,1,770,2100,17,6,2016,6,9,48,0,2,3,4,2,"US-460","",1548,37.28229444,-79.93179167,0,8,0,0,1,1,0,1,1,98,0,98,0,"0000000",14,38,14,41,15,3,0,0,0,1,0
51,510360,1,1,0,0,0,1,1,69,0,27,6,2016,2,11,30,0,2,3,1,3,"SR-7","RT-656",32,39.18836944,-78.113025,0,24,0,0,3,2,0,4,1,98,0,98,0,"0000000",11,43,11,47,12,10,0,0,0,1,0
51,510361,1,1,0,1,1,1,1,137,0,28,7,2016,5,21,22,0,1,5,3,3,"SR-20","",1,38.24452778,-78.11326944,0,8,0,0,1,1,0,1,3,2,0,2,0,"0000000",99,99,99,99,99,99,0,0,0,1,0
51,510362,1,1,0,0,0,2,2,127,0,1,8,2016,2,18,14,1,1,1,1,1,"I-64","",2163,37.49166944,-76.99678889,0,24,0,0,1,1,0,3,1,98,0,98,0,"0000000",99,99,18,22,99,99,0,0,0,1,0
51,510363,1,1,0,0,0,1,1,15,0,1,8,2016,2,1,57,0,1,5,1,4,"CR-701","",19,38.03645,-79.17158056,0,42,0,0,1,1,0,4,2,98,0,98,0,"0000000",1,54,2,3,88,88,0,0,0,1,1
51,510364,3,3,0,0,0,3,3,153,0,2,8,2016,3,21,0,0,1,5,1,4,"CR-646","PARKGATE DR",20,38.6868,-77.57241111,0,12,6,0,2,2,0,1,2,98,0,98,0,"0000000",21,1,21,12,22,29,0,0,0,1,1
51,510365,1,1,0,0,0,2,2,137,0,3,8,2016,4,17,0,0,1,98,3,9,"WEST MAIN ST","PELISO AVENUE",99999,38.24510833,-78.11111389,0,39,0,0,3,3,0,4,1,98,0,98,0,"0000000",99,99,99,99,88,88,0,0,0,1,0
51,510366,1,1,0,0,0,2,2,15,0,6,8,2016,7,2,35,0,1,6,1,4,"CR-662","",55,37.99285,-79.13955,0,35,0,0,1,1,0,4,2,98,0,98,0,"0000000",2,44,2,51,3,34,0,0,0,1,1
51,510367,2,2,0,0,0,2,2,47,0,5,8,2016,6,9,29,0,1,5,1,4,"CR-15","",5,38.49261111,-77.92513889,0,12,8,0,1,1,0,1,1,98,0,98,0,"0000000",99,99,99,99,88,88,0,0,0,1,0
51,510368,3,3,0,0,0,5,5,179,0,21,7,2016,5,17,55,0,1,5,1,4,"CR-610","RIDGEWAY RD",10,38.51821111,-77.54686111,0,12,1,0,3,3,0,1,1,98,0,98,0,"0000000",99,99,99,99,88,88,0,0,0,1,0
51,510369,2,2,0,1,1,2,2,770,2100,2,7,2016,7,2,11,0,2,3,4,2,"US-11","CHATHAM STREET",1538,37.29816944,-79.93946111,0,8,0,0,3,98,0,1,3,98,0,98,0,"0000000",2,11,2,15,88,88,0,0,0,1,1
51,510370,1,1,0,0,0,1,1,185,0,17,7,2016,1,18,15,0,1,3,1,2,"US-19","",739,37.1514,-81.48263056,0,1,0,0,1,1,0,1,1,98,0,98,0,"0000000",18,21,18,26,18,40,0,0,0,1,0
51,510371,1,1,0,0,0,1,1,87,0,6,8,2016,7,1,54,0,2,98,98,9,"WESTHAM PARKWAY","",99999,37.57733889,-77.54961944,0,42,0,0,1,1,0,3,2,98,0,98,0,"0000000",99,99,2,1,88,88,0,0,0,1,1
51,510372,1,1,0,0,0,1,1,19,0,12,8,2016,6,23,10,0,1,5,1,4,"CR-644","",137,37.41968889,-79.34681944,0,35,0,0,1,1,0,4,2,98,0,98,0,"0000000",99,99,99,99,88,88,0,0,0,1,1
51,510373,1,1,0,0,0,1,1,7,0,13,8,2016,7,5,40,0,1,5,1,4,"CR-609","",42,37.41248056,-77.96063889,0,34,0,0,1,1,0,4,2,98,0,98,0,"0000000",99,99,99,99,88,88,0,0,0,1,1
51,510374,2,2,0,0,0,2,2,67,0,12,8,2016,6,17,10,0,1,7,1,4,"CR-643","",28,37.00104722,-79.96778056,0,12,2,0,1,1,0,1,1,98,0,98,0,"0000000",17,11,17,26,19,12,0,0,0,1,0
51,510375,3,3,0,0,0,3,3,191,0,16,8,2016,3,17,56,0,1,5,1,3,"SR-75","",21,36.61555,-82.01941111,0,12,1,0,1,1,0,1,1,98,0,98,0,"0000000",18,0,18,15,99,99,0,0,0,1,0
51,510376,2,2,0,0,0,4,4,153,0,5,8,2016,6,6,30,0,2,4,1,3,"SR-234","COVERSTONE DR",67,38.79488889,-77.51713889,0,12,6,0,2,2,0,1,1,98,0,98,0,"0000000",6,30,6,36,7,17,0,0,0,1,0
51,510377,1,1,0,0,0,2,2,21,0,17,8,2016,4,5,10,1,1,1,1,1,"I-77","",508,37.07476111,-81.12661111,0,23,0,0,1,1,0,3,2,98,0,98,0,"0000000",6,8,6,11,6,43,0,0,0,1,0
51,510378,1,1,0,0,0,2,2,810,2540,13,8,2016,7,0,37,0,2,99,80,9,"HOSPITAL ROAD","",99999,36.9245,-76.02478889,2,35,0,0,1,1,0,4,3,98,0,98,0,"0000000",0,37,0,43,1,15,0,0,0,1,1
51,510379,2,2,0,0,0,2,2,810,2540,18,8,2016,5,11,45,0,2,5,4,6,"WOLFSNARE RD","GLORIA PLACE",11,36.85490278,-76.02846111,0,12,2,0,2,3,0,1,1,98,0,98,0,"0000000",11,47,11,51,88,88,0,0,0,1,0
51,510380,2,2,0,0,0,2,2,17,0,14,8,2016,1,13,15,0,1,4,1,2,"US-220","",1627,38.21335,-79.715,0,12,2,0,1,1,0,1,1,98,0,98,0,"0000000",13,20,13,44,14,25,0,0,0,1,1