"STATE","ST_CASE","VE_TOTAL","VE_FORMS","PVH_INVL","PEDS","PERNOTMVIT","PERMVIT","PERSONS","COUNTY","CITY","DAY","MONTH","YEAR","DAY_WEEK","HOUR","MINUTE","NHS","RUR_URB","FUNC_SYS","RD_OWNER","ROUTE","TWAY_ID","TWAY_ID2","MILEPT","LATITUDE","LONGITUD","SP_JUR","HARM_EV","MAN_COLL","RELJCT1","RELJCT2","TYP_INT","WRK_ZONE","REL_ROAD","LGT_COND","WEATHER1","WEATHER2","WEATHER","SCH_BUS","RAIL","NOT_HOUR","NOT_MIN","ARR_HOUR","ARR_MIN","HOSP_HR","HOSP_MN","CF1","CF2","CF3","FATALS","DRUNK_DR"
51,510381,2,2,0,0,0,3,3,101,0,16,7,2016,7,17,45,0,1,7,1,4,"CR-601","",5,37.78386944,-77.29798889,0,12,2,0,1,1,0,1,1,98,0,98,0,"0000000",99,99,99,99,18,9,0,0,0,1,0
51,510382,1,1,0,0,0,1,1,59,0,20,7,2016,4,15,6,0,2,5,1,4,"CR-603","",55,39.01171111,-77.26763889,0,42,0,0,1,1,0,4,1,98,0,98,0,"0000000",99,99,99,99,88,88,0,0,0,1,0
51,510383,1,1,0,1,1,1,1,103,0,13,8,2016,7,21,23,0,1,4,1,3,"SR-200","",90,37.74375,-76.36275,0,8,0,0,1,1,0,1,2,98,0,98,0,"0000000",99,99,21,30,88,88,0,0,0,1,0
51,510384,2,2,0,0,0,2,2,117,0,8,7,2016,6,15,17,0,1,3,1,2,"US-58","",3550,36.65276389,-78.46651944,0,12,2,0,1,1,0,1,1,98,0,98,0,"0000000",99,99,99,99,88,88,0,0,0,2,1
51,510385,1,1,0,0,0,1,1,143,0,19,7,2016,3,15,43,0,1,5,1,4,"CR-640","",308,37.03183889,-79.24996944,0,38,0,0,1,1,0,5,1,98,0,98,0,"0000000",15,47,15,54,88,88,0,0,0,1,0
51,510386,1,1,0,0,0,1,1,95,0,19,7,2016,3,16,50,1,1,1,1,1,"I-64","",2323,37.37733889,-76.75573056,0,35,0,0,1,1,0,3,1,98,0,98,0,"0000000",99,99,99,99,88,88,0,0,0,1,0
51,510387,2,2,0,0,0,2,2,550,468,28,7,2016,5,5,0,0,2,4,4,6,"CENTERVILLE TURNPIKE","",9,36.64656944,-76.20133611,0,12,2,0,1,1,0,1,2,98,0,98,0,"0000000",5,6,5,25,88,88,0,0,0,1,1
51,510388,1,1,0,0,0,3,3,5,0,29,7,2016,6,13,35,0,1,7,1,4,"CR-1104","",25,37.78083333,-79.92562778,0,35,0,0,1,1,0,4,1,98,0,98,0,"0000000",13,39,13,56,14,21,0,0,0,1,0
51,510389,2,2,0,0,0,2,2,41,0,2,8,2016,3,23,30,1,2,1,1,1,"I-295","",380,37.34381111,-77.33561111,0,1,0,0,1,1,0,4,2,98,0,98,0,"0000000",23,34,23,46,88,88,0,0,0,1,2
51,510390,2,2,0,0,0,2,2,187,0,5,8,2016,6,10,45,1,1,1,1,1,"I-66","",143,38.91126111,-78.07871944,0,12,1,0,1,1,0,1,1,98,0,98,0,"0000000",10,49,11,4,11,39,0,0,0,1,0
51,510391,2,2,0,0,0,3,3,61,0,4,8,2016,5,20,31,0,1,3,1,2,"US-29","RT-880",1825,38.68605,-77.78711111,0,12,7,0,3,2,0,1,5,98,0,98,0,"0000000",20,31,20,38,20,52,20,0,0,1,0
51,510392,2,2,0,0,0,4,4,550,468,2,8,2016,3,12,40,0,2,4,4,3,"SR-337","DOCK LANDING RD",158,36.82495,-76.40506944,0,12,6,0,2,2,0,1,1,98,0,98,0,"0000000",12,44,12,52,13,21,0,0,0,1,0
51,510393,2,2,0,0,0,2,2,7,0,5,8,2016,6,15,49,0,1,3,1,2,"US-360","MAPLEWOOD RD",996,37.31258889,-78.06425,0,12,6,0,2,2,0,1,1,98,0,98,0,"0000000",99,99,99,99,88,88,0,0,0,1,0
51,510394,1,1,0,0,0,1,1,183,0,7,8,2016,1,14,44,1,1,1,1,1,"I-95","",269,36.88341111,-77.40296944,0,1,0,0,1,1,0,1,1,98,0,98,0,"0000000",99,99,99,99,88,88,0,0,0,1,0
51,510395,1,1,0,1,1,1,1,135,0,3,8,2016,4,22,12,0,1,3,1,2,"US-460","",2763,37.14668056,-78.08745,0,9,0,0,1,1,0,1,2,98,0,98,0,"0000000",99,99,99,99,88,88,0,0,0,1,0
51,510396,1,1,0,0,0,1,1,187,0,10,8,2016,4,1,49,0,1,7,1,4,"CR-613","",79,38.85413333,-78.33076111,0,42,0,0,1,1,0,4,2,98,0,98,0,"0000000",99,99,99,99,88,88,0,0,0,1,1
51,510397,2,2,0,0,0,7,7,85,0,28,7,2016,5,8,10,1,1,1,1,1,"I-95","",917,37.75478889,-77.45821944,0,1,0,0,1,1,0,3,1,98,0,98,0,"0000000",8,14,8,22,9,5,0,0,0,1,0
51,510398,1,1,0,0,0,2,2,35,0,10,8,2016,4,17,50,0,1,5,1,4,"CR-792","",15,36.66096944,-80.90151111,0,35,0,0,1,1,0,4,1,98,0,98,0,"0000000",17,50,17,57,18,29,0,0,0,1,0
51,510399,1,1,0,0,0,1,1,61,0,14,8,2016,1,2,20,0,1,3,1,2,"US-17","",2079,38.60941111,-77.78863889,0,24,0,0,5,1,0,4,2,98,0,98,0,"0000000",2,30,2,39,88,88,0,0,0,1,1
51,510400,4,4,0,0,0,8,8,153,0,15,8,2016,2,8,48,1,2,1,1,1,"I-66","",411,38.81356944,-77.63051111,0,12,1,0,1,1,4,1,1,98,0,98,0,"0000000",9,6,9,35,10,7,0,0,0,1,0
51,510401,1,1,0,0,0,1,1,740,1970,16,8,2016,3,19,25,1,2,1,1,1,"I-264","",51,36.82646111,-76.32626111,0,20,0,0,1,1,0,4,1,98,0,98,0,"0000000",19,34,19,46,88,88,0,0,0,1,0
51,510402,1,1,0,0,0,1,1,31,0,17,8,2016,4,22,40,0,1,3,1,2,"US-29","",566,37.18666111,-79.20353889,0,42,0,0,1,1,0,4,2,98,0,98,0,"0000000",99,99,99,99,88,88,0,0,0,1,1
51,510403,2,2,0,0,0,3,3,83,0,18,8,2016,5,18,47,0,1,5,1,4,"CR-602","",64,36.59606111,-78.74403889,0,12,2,0,1,1,0,1,1,98,0,98,0,"0000000",19,6,19,42,20,55,0,0,0,1,0
51,510404,1,1,0,3,3,1,1,3,0,21,8,2016,1,12,57,1,2,3,98,9,"BOND STREET","DISTRICT AVENUE",99999,38.06593889,-78.4934,0,8,0,0,2,2,0,1,1,98,0,98,0,"0000000",12,58,13,3,13,28,0,0,0,1,0
51,510405,1,1,0,0,0,1,1,183,0,22,8,2016,2,10,58,0,1,3,1,2,"US-460","",3351,37.08576389,-77.16388889,0,42,0,0,1,1,0,4,1,98,0,98,0,"0000000",99,99,99,99,88,88,0,0,0,1,0
51,510406,2,2,0,0,0,2,2,37,0,23,8,2016,3,7,39,0,1,7,1,4,"CR-632","",12,36.77255,-78.63216944,0,12,6,0,1,1,0,1,1,98,0,98,0,"0000000",99,99,99,99,99,99,0,0,0,1,0
51,510407,2,2,0,0,0,2,2,630,1020,23,8,2016,3,2,50,1,2,1,1,1,"I-95","",1301,38.29155,-77.50676111,0,12,1,1,18,1,2,1,2,98,0,98,0,"0000000",99,99,99,99,88,88,0,0,0,1,1
51,510408,2,2,0,0,0,2,2,121,500,23,8,2016,3,19,17,1,2,1,1,3,"SR-8","I-81 RAMP",0,37.11681389,-80.42233611,0,12,6,1,2,3,0,1,1,98,0,98,0,"0000000",19,17,19,38,20,7,0,0,0,1,0
51,510409,2,2,0,0,0,2,2,197,0,21,8,2016,1,11,27,1,1,1,1,1,"I-81","",405,36.957,-81.05738889,0,12,7,1,5,1,0,1,1,98,0,98,0,"0000000",11,39,12,7,12,49,0,0,0,1,0
51,510410,8,8,0,0,0,16,16,197,0,21,8,2016,1,13,0,1,1,1,1,1,"I-81","",642,36.92475,-81.21391944,0,12,1,0,1,1,0,1,1,2,0,2,0,"0000000",13,21,13,30,14,5,19,0,0,1,0
51,510411,1,1,0,0,0,1,1,37,0,27,8,2016,7,19,46,0,1,7,1,4,"CR-603","",5,36.85366944,-78.55413056,0,35,0,0,1,1,0,4,1,98,0,98,0,"0000000",19,30,19,49,88,88,0,0,0,1,1
51,510412,1,1,0,0,0,2,2,83,0,20,8,2016,7,15,39,0,1,4,1,2,"US-360","THOMPSON STORE RD",229,36.76673889,-79.11666944,0,59,0,0,3,4,0,4,1,98,0,98,0,"0000000",15,56,15,59,16,49,0,0,0,1,1
51,510413,1,1,0,0,0,2,2,89,0,28,8,2016,1,0,50,0,1,3,1,2,"US-58","",2558,36.62045,-80.00146111,1,34,0,0,1,1,0,4,2,98,0,98,0,"0000000",0,51,1,3,1,37,0,0,0,1,0
51,510414,1,1,0,0,0,1,1,700,1720,29,7,2016,6,20,23,1,2,1,1,1,"I-64","",2539,37.13188889,-76.52341111,0,34,0,0,1,1,0,4,5,98,0,98,0,"0000000",99,99,99,99,88,88,0,0,0,1,0
51,510415,1,1,0,0,0,2,2,59,0,7,8,2016,1,14,30,1,2,1,1,1,"I-495","",529,38.82493889,-77.22143889,0,26,0,0,1,1,0,3,1,98,0,98,0,"0000000",14,29,14,35,14,57,0,0,0,1,0
51,510416,1,1,0,0,0,1,1,53,0,11,8,2016,5,10,10,0,2,4,1,3,"SR-226","FERNDALE RD",31,37.21448056,-77.45848889,0,26,0,0,3,3,4,4,1,98,0,98,0,"0000000",10,19,10,20,11,11,0,0,0,1,0
51,510417,2,2,0,0,0,4,4,36,0,20,8,2016,7,16,45,0,1,4,1,3,"SR-156","",251,37.33271389,-77.22598056,0,12,2,0,1,1,0,1,1,98,0,98,0,"0000000",99,99,99,99,99,99,0,0,0,1,0
51,510418,1,1,0,0,0,2,2,53,0,24,8,2016,4,1,42,0,1,3,1,2,"US-460","",3001,37.16005,-77.69418889,0,1,0,0,1,1,0,3,2,98,0,98,0,"0000000",99,99,99,99,99,99,0,0,0,1,1
51,510419,1,1,0,0,0,1,1,69,0,27,8,2016,7,21,0,0,1,4,1,2,"US-50","INDEPENDENCE DR",202,39.14085,-78.12418056,0,1,0,0,3,3,0,4,2,98,0,98,0,"0000000",21,4,21,9,88,88,0,0,0,1,1
51,510420,3,3,0,0,0,3,3,177,0,31,8,2016,4,2,37,1,2,1,1,1,"I-95","",1292,38.27884722,-77.51226667,0,12,1,0,1,1,0,1,2,98,0,98,0,"0000000",2,37,2,45,99,99,0,0,0,1,0
51,510421,2,2,0,0,0,5,5,159,0,28,8,2016,1,2,37,0,1,4,1,3,"SR-3","",880,37.98653889,-76.7327,0,12,2,0,1,1,0,1,2,98,0,98,0,"0000000",2,57,3,12,3,52,0,0,0,1,1
51,510422,3,3,0,0,0,3,3,700,1720,31,8,2016,4,16,5,0,1,3,1,2,"US-17","",475,36.98928056,-76.48538056,1,12,1,0,1,1,0,1,1,98,0,98,0,"0000000",99,99,99,99,99,99,0,0,0,1,0
51,510424,1,1,0,0,0,1,1,53,0,30,8,2016,3,20,18,0,1,5,1,4,"CR-613","",301,37.12705,-77.47461111,0,32,0,0,1,1,0,4,2,98,0,98,0,"0000000",99,99,99,99,88,88,0,0,0,1,1
51,510425,3,3,0,0,0,5,5,89,0,3,9,2016,7,23,38,0,1,3,1,2,"US-220","RT- 58 BYPASS",66,36.62186944,-79.85998889,0,12,1,0,3,2,0,1,2,98,0,98,0,"0000000",23,38,23,43,88,88,14,0,0,1,1
51,510426,1,1,0,0,0,1,1,121,0,3,9,2016,7,11,30,1,1,1,1,1,"I-81","",1147,37.1155,-80.42966111,0,35,0,0,1,1,0,3,1,98,0,98,0,"0000000",99,99,99,99,88,88,0,0,0,1,1
51,510427,2,2,0,0,0,2,2,191,0,7,9,2016,4,17,30,0,1,6,1,4,"CR-633","1130",12,36.61078056,-82.26015,0,12,2,0,2,3,0,1,1,98,0,98,0,"0000000",17,36,17,46,18,10,0,0,0,1,0
51,510428,1,1,0,1,1,2,2,143,0,27,8,2016,7,18,41,0,1,5,1,4,"CR-761","",49,37.02328056,-79.13908056,0,8,0,0,1,1,0,4,1,98,0,98,0,"0000000",99,99,99,99,99,99,0,0,0,1,0
51,510429,1,1,0,0,0,1,1,135,0,4,9,2016,1,13,55,0,1,5,1,4,"CR-607","",122,37.17148889,-78.15048056,0,42,0,0,1,1,0,4,1,98,0,98,0,"0000000",99,99,99,99,88,88,0,0,0,1,0
51,510430,1,1,0,0,0,1,1,99,0,5,9,2016,2,22,1,0,1,5,1,4,"CR-629","",12,38.23923611,-77.10302778,0,34,0,0,1,1,0,4,2,98,0,98,0,"0000000",99,99,99,99,88,88,0,0,0,1,1
51,510431,1,1,0,0,0,1,1,67,0,10,9,2016,7,17,30,0,1,7,1,4,"CR-865","",33,36.90763056,-80.01573889,0,42,0,0,1,1,0,4,1,98,0,98,0,"0000000",18,18,18,26,99,99,0,0,0,1,1
51,510432,1,1,0,0,0,1,1,41,0,25,8,2016,5,14,55,0,1,5,1,4,"CR-654","",20,37.33419444,-77.6029,0,42,0,0,1,1,0,4,1,98,0,98,0,"0000000",15,0,15,11,18,10,0,0,0,1,1
51,510433,1,1,0,2,2,1,1,107,0,31,8,2016,4,8,11,0,2,7,1,4,"CR-2401","COTON MANOR DR",18,39.08651667,-77.4981,0,8,0,0,2,2,0,1,1,98,0,98,0,"0000000",8,12,8,16,8,32,0,0,0,1,0
51,510434,3,3,0,0,0,4,4,41,0,4,9,2016,1,0,45,1,2,1,1,1,"I-95","",6016,37.33718056,-77.40402222,0,12,1,0,1,1,0,1,2,98,0,98,0,"0000000",0,49,0,57,1,52,0,0,0,1,1
51,510435,1,1,0,0,0,1,1,59,0,18,8,2016,5,2,9,0,2,4,1,3,"SR-289","",18,38.77083889,-77.1787,0,23,0,0,1,1,0,4,3,98,0,98,0,"0000000",99,99,99,99,88,88,0,0,0,1,1
51,510436,2,1,1,1,1,1,1,700,1720,29,7,2016,6,15,40,1,2,99,1,9,"RED OAK CIRCLE","",99999,37.15858056,-76.52178889,0,53,0,0,1,1,0,4,1,98,0,98,0,"0000000",15,40,15,53,16,11,0,0,0,1,0
51,510437,1,1,0,0,0,1,1,117,0,2,6,2016,5,16,36,0,1,98,1,4,"CR-600","",106,36.7788,-78.38596944,0,1,0,0,1,1,0,1,1,98,0,98,0,"0000000",15,57,16,34,17,31,0,0,0,1,0
51,510438,2,2,0,0,0,2,2,77,0,23,7,2016,7,17,30,0,1,4,1,2,"US-58","",1440,36.60913889,-81.57713889,0,12,2,0,1,1,0,1,1,98,0,98,0,"0000000",17,16,17,24,18,17,0,0,0,1,1
51,510439,1,1,0,1,1,1,1,99,0,11,9,2016,1,19,50,0,1,4,1,3,"SR-205","CEDAR HILL LANE",18,38.26557222,-77.13408889,0,9,0,0,2,3,0,1,2,98,0,98,0,"0000000",99,99,99,99,99,99,0,0,0,1,1
51,510440,1,1,0,0,0,1,1,121,0,14,9,2016,4,3,15,0,1,5,1,4,"CR-615","",78,37.10858889,-80.37825,0,23,0,0,1,1,0,4,2,98,0,98,0,"0000000",3,12,3,21,88,88,0,0,0,1,0
51,510441,1,1,0,1,1,2,2,810,2540,17,9,2016,7,7,17,0,2,4,4,6,"LYNNHAVEN PARKWAY","ROSEMONT RD",57,36.79536111,-76.09853889,0,9,0,0,2,2,0,1,1,98,0,98,0,"0000000",99,99,99,99,99,99,0,0,0,1,0
51,510442,1,1,0,0,0,2,2,15,0,17,9,2016,7,23,25,0,1,7,1,4,"CR-820","",17,38.15553889,-78.91111111,0,38,0,0,1,1,0,5,2,98,0,98,0,"0000000",99,99,99,99,99,99,0,0,0,1,1
51,510443,2,2,0,0,0,3,3,710,1760,12,8,2016,6,0,48,0,2,4,4,3,"SR-165","MAJOR AVE",392,36.91605,-76.29883889,0,12,6,0,2,3,0,1,3,98,0,98,0,"0000000",0,48,1,1,1,25,0,0,0,1,1
51,510444,2,2,0,0,0,4,4,155,0,18,9,2016,1,12,58,1,1,1,1,1,"I-81","",943,37.02491111,-80.72978889,0,12,7,1,18,1,0,1,1,98,0,98,0,"0000000",99,99,99,99,99,99,0,0,0,1,0
51,510445,1,1,0,1,1,1,1,59,0,22,8,2016,2,19,10,0,2,3,1,2,"US-29","",2384,38.87246944,-77.25816944,0,8,0,0,1,1,0,1,1,98,0,98,0,"0000000",19,21,19,22,19,30,0,0,0,1,0
51,510446,2,1,1,0,0,1,1,740,1970,9,6,2016,5,18,54,0,2,3,4,2,"US-17","",259,36.80928056,-76.31778056,0,33,0,0,1,1,0,4,1,98,0,98,0,"0000000",99,99,99,99,99,99,0,0,0,1,0
51,510447,1,1,0,0,0,1,1,770,2100,28,7,2016,5,19,34,1,2,2,1,2,"US-220","",627,37.2601,-79.94153056,0,24,0,0,1,1,0,4,1,2,0,2,0,"0000000",99,99,99,99,99,99,0,0,0,1,1
51,510448,1,1,0,0,0,1,1,41,0,22,7,2016,6,0,40,0,2,7,1,4,"CR-3600","",5,37.42303333,-77.691025,0,42,0,0,1,1,0,4,2,98,0,98,0,"0000000",0,29,0,48,1,28,0,0,0,1,0
51,510449,1,1,0,0,0,1,1,33,0,16,8,2016,3,6,30,0,1,5,1,2,"US-1","",1312,38.07768056,-77.52298889,0,59,0,0,1,1,0,4,1,98,0,98,0,"0000000",99,99,99,99,99,99,0,0,0,1,0
51,510450,2,1,1,1,1,0,0,570,620,8,8,2016,2,20,50,1,2,99,1,9,"WALNUT AVE","",99999,37.25621111,-77.40416111,0,8,0,0,1,1,0,1,6,98,0,98,0,"0000000",99,99,99,99,99,99,0,0,0,1,0
51,510451,1,1,0,0,0,1,1,35,0,25,8,2016,5,9,18,1,1,1,1,1,"I-77","",0,36.57663889,-80.74401944,0,24,0,1,5,1,0,10,1,98,0,98,0,"0000000",9,19,9,37,88,88,0,0,0,1,0
51,510452,2,2,0,0,0,2,2,25,0,3,9,2016,7,17,20,0,1,3,1,2,"US-58","RT-644",3881,36.72443333,-77.92471944,0,12,6,0,2,2,0,1,1,98,0,98,0,"0000000",17,7,17,18,18,11,0,0,0,1,0
51,510453,1,1,0,0,0,1,1,99,0,10,9,2016,7,15,29,0,1,5,1,4,"CR-629","",34,38.24951111,-77.06768056,0,59,0,0,1,1,0,4,1,98,0,98,0,"0000000",99,99,99,99,88,88,0,0,0,1,1
51,510454,4,4,0,0,0,4,4,35,0,14,9,2016,4,15,40,1,2,1,1,1,"I-77","",226,36.82263056,-80.85221944,0,12,1,0,1,1,0,1,1,98,0,98,0,"0000000",99,99,99,99,88,88,0,0,0,1,0
51,510455,2,2,0,0,0,3,3,19,0,20,9,2016,3,5,57,0,1,4,1,3,"SR-24","",101,37.27186111,-79.78143889,0,12,6,0,1,1,0,1,2,98,0,98,0,"0000000",6,0,6,4,88,88,0,0,0,2,0
51,510456,2,2,0,1,1,2,2,109,0,18,9,2016,1,19,33,0,1,5,1,3,"SR-22","",100,38.06873611,-78.23878889,0,8,0,0,1,1,0,1,2,98,0,98,0,"0000000",19,46,20,2,20,22,14,0,0,1,0
51,510457,1,1,0,0,0,1,1,59,0,6,8,2016,7,7,30,0,2,4,1,4,"CR-681","",2,38.97633056,-77.29526111,0,42,0,0,1,1,0,4,1,98,0,98,0,"0000000",7,31,7,35,8,5,0,0,0,1,0
51,510458,1,1,0,0,0,2,2,69,0,23,9,2016,6,12,58,1,2,1,1,1,"I-81","",3153,39.17705,-78.14578889,0,1,0,0,1,1,0,3,1,98,0,98,0,"0000000",13,1,13,9,13,26,0,0,0,1,0
51,510459,2,2,0,0,0,3,3,67,0,8,9,2016,5,19,46,0,1,6,1,4,"CR-619","",49,36.94428056,-79.88841111,0,12,2,0,1,1,0,1,5,98,0,98,0,"0000000",19,44,19,52,21,24,0,0,0,1,0
51,510460,2,2,0,0,0,6,6,800,2390,11,9,2016,1,14,11,1,2,2,4,2,"US-58","",4738,36.76585278,-76.54241111,0,12,6,0,1,1,0,1,1,98,0,98,0,"0000000",14,15,14,25,14,52,0,0,0,1,0
51,510461,1,1,0,0,0,1,1,41,0,13,9,2016,3,20,40,0,2,5,1,4,"CR-611","",8,37.40551111,-77.48718889,0,32,0,0,1,1,0,4,2,98,0,98,0,"0000000",20,41,20,46,21,15,0,0,0,1,0
51,510462,1,1,0,0,0,4,4,87,0,25,9,2016,1,2,45,0,1,5,1,4,"CR-7565","",23,37.4315,-77.39181111,0,32,0,0,1,1,0,4,2,98,0,98,0,"0000000",2,45,2,52,3,15,0,0,0,1,1
51,510463,1,1,0,1,1,1,1,550,468,13,9,2016,3,20,18,0,2,4,4,2,"US-13","",329,36.78500833,-76.41281111,0,9,0,0,1,1,0,1,3,98,0,98,0,"0000000",20,20,20,23,21,14,0,0,0,1,0
51,510464,2,2,0,0,0,2,2,700,1720,7,9,2016,4,21,41,0,2,3,4,3,"SR-143","INDUSTRIAL PARK DR",226,37.16524167,-76.54091667,0,12,6,0,2,98,0,1,3,98,0,98,0,"0000000",21,42,21,46,88,88,0,0,0,1,0
51,510465,1,1,0,0,0,4,4,117,0,2,10,2016,1,7,45,0,1,5,1,4,"CR-637","",27,36.77595,-78.11985,0,35,0,0,1,1,0,4,1,98,0,98,0,"0000000",7,59,7,57,99,99,0,0,0,1,0
51,510466,1,1,0,0,0,2,2,87,0,17,9,2016,7,0,30,1,1,1,1,1,"I-295","",0,37.55255,-77.28873056,0,59,0,0,1,1,0,4,2,98,0,98,0,"0000000",0,52,1,5,1,31,0,0,0,1,0
51,510467,1,1,0,0,0,1,1,600,900,7,7,2016,5,6,18,1,2,3,4,3,"SR-236","",24,38.84243056,-77.28018056,0,33,0,0,1,1,0,4,1,98,0,98,0,"0000000",99,99,99,99,99,99,0,0,0,1,1
51,510468,1,1,0,0,0,1,1,163,0,3,10,2016,2,11,40,0,1,4,1,2,"US-60","",670,37.73301111,-79.31785,0,1,0,0,1,1,4,1,1,98,0,98,0,"0000000",99,99,99,99,88,88,0,0,0,1,0
51,510469,1,1,0,0,0,1,1,67,0,1,10,2016,7,12,57,0,1,7,1,4,"CR-607","",64,36.88865,-79.93888889,0,42,0,0,1,1,0,4,1,98,0,98,0,"0000000",99,99,99,99,88,88,0,0,0,1,0
51,510470,1,1,0,0,0,5,5,153,0,23,9,2016,6,6,42,0,2,7,1,4,"CR-3939","",4,38.8451,-77.65496944,0,73,0,0,1,1,0,1,2,98,0,98,0,"0000000",99,99,99,99,88,88,0,0,0,1,0
51,510471,2,2,0,0,0,4,4,760,2060,26,9,2016,2,4,0,1,2,1,1,1,"I-95","",703,37.47623056,-77.42966944,0,12,1,0,1,1,0,1,2,98,0,98,0,"0000000",99,99,99,99,99,99,0,0,0,1,0
51,510472,1,1,0,0,0,1,1,163,0,10,9,2016,7,13,25,0,1,5,1,4,"CR-608","",10009,37.6806,-79.44158889,0,23,0,0,1,1,0,4,1,98,0,98,0,"0000000",13,24,13,31,99,99,0,0,0,1,1
51,510473,1,1,0,1,1,1,1,760,2060,26,8,2016,6,21,17,0,2,4,4,6,"FOREST HILL AVE","",13,37.53786111,-77.5237,0,8,0,0,1,1,0,1,3,98,0,98,0,"0000000",21,17,21,20,88,88,0,0,0,1,0
51,510474,1,1,0,0,0,1,1,191,0,26,8,2016,6,17,45,0,1,4,1,2,"US-58","",1346,36.65565278,-81.67056111,0,24,0,0,1,1,0,4,1,98,0,98,0,"0000000",18,0,18,19,19,28,0,0,0,1,0
51,510475,2,2,0,0,0,7,7,59,0,29,8,2016,2,2,12,1,2,1,1,1,"I-495","",515,38.84456944,-77.22023889,0,12,1,0,1,1,0,1,3,98,0,98,0,"0000000",2,17,2,27,2,47,0,0,0,1,1
51,510476,1,1,0,0,0,2,2,181,0,31,8,2016,4,0,52,0,1,7,1,4,"CR-648","",20,37.09686944,-76.86568056,0,34,0,0,1,1,0,4,2,98,0,98,0,"0000000",99,99,99,99,99,99,0,0,0,1,1
51,510477,1,1,0,0,0,3,3,131,0,31,8,2016,4,23,27,0,1,5,1,3,"SR-183","",49,37.53688056,-75.85956944,0,34,0,0,1,1,0,4,2,98,0,98,0,"0000000",23,31,23,42,0,21,0,0,0,1,0
51,510478,1,1,0,0,0,1,1,740,1970,6,9,2016,3,1,30,1,2,1,1,1,"I-264","",0,36.80038056,-76.37565,0,59,0,0,1,1,0,4,3,98,0,98,0,"0000000",99,99,99,99,99,99,20,0,0,1,1
51,510479,2,2,0,0,0,2,2,167,0,1,9,2016,5,20,15,0,1,7,1,4,"CR-745","",11,36.9722,-82.16143056,0,12,2,0,1,1,0,1,2,98,0,98,0,"0000000",20,19,20,31,21,14,0,0,0,1,0
51,510480,1,1,0,0,0,2,2,195,0,9,9,2016,6,12,20,0,1,7,1,4,"CR-658","",51,36.92178889,-82.42213889,0,24,0,0,1,1,0,4,1,98,0,98,0,"0000000",99,99,99,99,99,99,0,0,0,1,0
51,510481,1,1,0,0,0,3,3,87,0,12,9,2016,2,17,15,0,1,4,1,3,"SR-156","",331,37.41271111,-77.24886111,0,42,0,0,1,1,0,4,1,98,0,98,0,"0000000",99,99,99,99,99,99,0,0,0,2,1
51,510482,2,2,0,0,0,2,2,127,0,13,9,2016,3,13,30,0,1,5,1,3,"SR-249","N COURTHOUSE RD",103,37.52361111,-77.00868056,0,12,6,0,2,2,0,1,1,98,0,98,0,"0000000",99,99,99,99,99,99,0,0,0,1,0
51,510483,2,2,0,0,0,2,2,700,1720,28,8,2016,1,4,36,0,2,3,4,3,"SR-143","",160,37.08226111,-76.48006111,0,12,2,0,1,1,0,1,3,98,0,98,0,"0000000",99,99,99,99,99,99,0,0,0,1,1
51,510484,2,2,0,0,0,2,2,550,468,15,9,2016,5,20,37,0,1,4,4,3,"SR-168","",8,36.58611944,-76.20493889,0,12,2,0,1,1,0,1,6,98,0,98,0,"0000000",20,37,20,54,88,88,0,0,0,1,0
51,510485,1,1,0,1,1,1,1,59,0,30,8,2016,3,6,17,0,2,3,1,2,"US-1","",1861,38.73183333,-77.10288056,0,8,0,0,1,1,0,1,4,98,0,98,0,"0000000",6,17,6,22,7,3,0,0,0,1,0
51,510486,1,1,0,0,0,2,2,29,0,17,9,2016,7,2,0,0,1,7,1,4,"CR-664","",25,37.63353889,-78.67838056,0,42,0,0,1,1,0,4,2,98,0,98,0,"0000000",99,99,99,99,99,99,0,0,0,1,1
51,510487,1,1,0,1,1,1,1,710,1760,2,9,2016,6,21,0,0,2,98,4,9,"GOFF STREET","TIDEWATER DR",99999,36.85835,-76.27236111,0,8,0,0,3,2,0,1,2,2,0,2,0,"0000000",21,2,21,6,21,19,0,0,0,1,0
51,510488,1,1,0,1,1,2,2,173,0,26,9,2016,2,22,20,0,1,4,1,2,"US-11","",424,36.82026944,-81.55176944,0,8,0,0,1,1,0,1,2,2,0,2,0,"0000000",22,18,22,23,99,99,0,0,0,1,0
51,510489,2,2,0,0,0,2,2,3,0,28,9,2016,4,3,30,1,1,1,1,1,"I-64","",1282,38.00695556,-78.36620833,0,12,1,0,1,1,0,1,2,2,0,2,0,"0000000",99,99,99,99,88,88,0,0,0,1,0
51,510490,2,2,0,0,0,6,6,9,0,25,9,2016,1,14,17,0,1,3,1,2,"US-29","PATRICK HENRY HWY",928,37.62061944,-79.01415,0,12,6,0,2,2,0,1,1,98,0,98,0,"0000000",14,17,14,24,15,4,0,0,0,1,0
51,510491,1,1,0,1,1,1,1,165,0,30,9,2016,6,14,0,0,1,5,1,3,"SR-257","",91,38.40888889,-78.98793056,0,9,0,0,1,1,0,1,1,2,0,2,0,"0000000",99,99,99,99,99,99,0,0,0,1,0