"STATE","ST_CASE","VE_TOTAL","VE_FORMS","PVH_INVL","PEDS","PERNOTMVIT","PERMVIT","PERSONS","COUNTY","CITY","DAY","MONTH","YEAR","DAY_WEEK","HOUR","MINUTE","NHS","RUR_URB","FUNC_SYS","RD_OWNER","ROUTE","TWAY_ID","TWAY_ID2","MILEPT","LATITUDE","LONGITUD","SP_JUR","HARM_EV","MAN_COLL","RELJCT1","RELJCT2","TYP_INT","WRK_ZONE","REL_ROAD","LGT_COND","WEATHER1","WEATHER2","WEATHER","SCH_BUS","RAIL","NOT_HOUR","NOT_MIN","ARR_HOUR","ARR_MIN","HOSP_HR","HOSP_MN","CF1","CF2","CF3","FATALS","DRUNK_DR"
51,510492,1,1,0,0,0,1,1,177,0,1,10,2016,7,3,37,0,2,5,1,4,"CR-636","",30,38.24863056,-77.45948056,0,53,0,0,1,1,0,4,2,5,0,5,0,"0000000",99,99,99,99,88,88,0,0,0,1,1
51,510493,3,3,0,0,0,3,3,137,0,6,10,2016,5,18,20,0,1,4,1,2,"US-33","RT-738",669,38.17086667,-78.27846111,0,12,1,0,3,2,0,1,1,98,0,98,0,"0000000",99,99,99,99,88,88,0,0,0,1,0
51,510494,1,1,0,1,1,1,1,700,1720,19,9,2016,2,21,40,0,2,3,1,2,"US-17","",5,37.05495,-76.46306944,0,8,0,0,1,1,0,1,3,2,0,2,0,"0000000",21,42,21,46,88,88,0,0,0,1,0
51,510495,1,1,0,1,1,1,1,107,0,9,10,2016,1,2,55,0,2,4,1,4,"CR-846","EAST BEECH RD",23,39.00388056,-77.40035,0,8,0,0,2,2,0,1,2,98,0,98,0,"0000000",2,34,3,7,99,99,0,0,0,1,0
51,510496,2,2,0,0,0,2,2,93,0,10,10,2016,2,14,40,0,1,7,1,4,"CR-58","JENKINS MILL RD",29,36.71201111,-76.85450833,0,12,6,0,2,2,0,1,1,98,0,98,0,"0000000",99,99,99,99,99,99,0,0,0,1,0
51,510497,1,1,0,0,0,1,1,93,0,9,10,2016,1,22,38,0,1,7,1,4,"CR-709","",22,36.97708056,-76.664825,0,32,0,0,1,1,0,4,2,98,0,98,0,"0000000",99,99,99,99,88,88,0,0,0,1,1
51,510498,1,1,0,0,0,2,2,139,0,31,8,2016,4,20,30,0,1,7,1,4,"CR-631","",8,38.60076944,-78.48658889,0,34,0,0,1,1,0,4,2,98,0,98,0,"0000000",99,99,99,99,99,99,0,0,0,1,1
51,510499,2,2,0,0,0,2,2,105,0,5,9,2016,2,17,50,0,1,4,1,2,"US-58","OLD RT-58",141,36.77906111,-82.92741944,0,12,6,0,2,2,0,1,1,98,0,98,0,"0000000",17,59,18,5,99,99,0,0,0,1,0
51,510500,2,2,0,0,0,2,2,710,1760,1,9,2016,5,6,11,0,2,3,4,3,"SR-166","BALLENTINE BLVD",97,36.8601,-76.2497,0,12,6,0,2,2,0,1,3,98,0,98,0,"0000000",6,11,6,17,88,88,0,0,0,1,0
51,510501,2,2,0,0,0,3,3,61,0,11,10,2016,3,14,10,0,2,3,1,2,"US-29","RT-693",2110,38.75994444,-77.73671111,0,12,6,0,2,2,0,1,1,98,0,98,0,"0000000",99,99,99,99,99,99,0,0,0,1,0
51,510502,2,2,0,0,0,2,2,57,0,10,10,2016,2,17,40,0,1,5,1,4,"CR-659","",29,37.91221944,-76.91831111,0,12,2,0,1,1,0,1,1,98,0,98,0,"0000000",17,43,99,99,88,88,0,0,0,1,0
51,510503,2,2,0,0,0,6,6,9,0,11,10,2016,3,7,20,0,1,4,1,3,"SR-151","FLETCHERS LEVEL RD",15,37.64156944,-79.02244444,0,12,6,0,4,1,0,1,1,98,0,98,0,"0000000",7,22,7,45,8,25,0,0,0,1,0
51,510504,2,2,0,0,0,2,2,710,1760,20,9,2016,3,20,5,0,2,4,4,3,"SR-247","VIMY RIDGE RD",25,36.87726111,-76.2618,0,12,6,0,2,2,0,1,3,2,0,2,0,"0000000",20,5,20,9,20,27,0,0,0,1,2
51,510505,1,1,0,0,0,1,1,710,1760,16,9,2016,6,7,37,0,2,98,4,9,"MIDDLE AVENUE","LINDENWOOD AVE",99999,36.86826944,-76.27346111,0,33,0,0,3,2,0,4,1,98,0,98,0,"0000000",7,25,7,30,8,5,0,0,0,1,0
51,510506,2,2,0,0,0,2,2,27,0,12,10,2016,4,16,30,0,1,3,1,2,"US-460","",82,37.30785556,-82.14648056,0,12,6,0,8,1,0,1,1,98,0,98,0,"0000000",17,6,99,99,18,9,0,0,0,1,0
51,510507,1,1,0,0,0,2,2,169,0,8,10,2016,7,10,0,0,1,5,1,4,"CR-600","RT-753",135,36.66965,-82.78366111,0,35,0,0,3,3,0,4,1,2,0,2,0,"0000000",99,99,99,99,99,99,0,0,0,1,1
51,510508,1,1,0,1,1,1,1,165,0,16,10,2016,1,2,15,1,1,1,1,1,"I-81","",2535,38.50136111,-78.7925,0,8,0,0,1,1,0,1,2,98,0,98,0,"0000000",99,99,99,99,88,88,0,0,0,1,0
51,510510,1,1,0,1,1,2,2,800,2390,24,9,2016,7,0,37,0,2,4,4,2,"US-58","",15,36.73093889,-76.606,0,8,0,0,1,1,0,1,2,98,0,98,0,"0000000",99,99,99,99,88,88,0,0,0,1,0
51,510511,1,1,0,0,0,1,1,61,0,27,8,2016,7,11,51,0,1,5,1,4,"CR-626","",72,38.95638611,-77.74512778,0,5,0,0,1,1,0,4,1,98,0,98,0,"0000000",11,51,12,6,14,28,0,0,0,1,0
51,510512,2,2,0,0,0,2,2,61,0,6,9,2016,3,14,2,0,1,5,1,4,"CR-643","",48,38.65164722,-77.73621944,0,12,2,0,1,1,0,1,1,98,0,98,0,"0000000",14,2,14,14,14,52,0,0,0,1,1
51,510513,1,1,0,0,0,1,1,105,0,17,10,2016,2,19,0,0,1,7,1,4,"CR-628","",3,36.80006944,-83.053,0,35,0,0,1,1,0,4,5,98,0,98,0,"0000000",99,99,99,99,88,88,0,0,0,1,1
51,510514,2,2,0,0,0,2,2,185,0,17,10,2016,2,17,20,0,1,3,1,2,"US-460","",655,37.11213056,-81.61366944,0,12,1,0,7,1,0,1,1,98,0,98,0,"0000000",99,99,99,99,99,99,0,0,0,1,0
51,510515,2,2,0,0,0,2,2,153,0,5,10,2016,4,7,7,0,2,5,1,4,"CR-1566","BETHLEMHEM RD",41,38.77138889,-77.53509722,0,12,6,0,2,2,0,1,4,98,0,98,0,"0000000",7,22,7,42,8,16,0,0,0,1,0
51,510516,1,1,0,0,0,1,1,550,468,6,10,2016,5,6,0,1,2,1,1,1,"I-64","",2999,36.77904167,-76.38809167,0,42,0,0,1,1,0,4,4,98,0,98,0,"0000000",99,99,99,99,99,99,0,0,0,1,0
51,510517,1,1,0,0,0,1,1,77,0,25,10,2016,3,21,40,0,1,7,1,4,"CR-698","",11,36.60975,-81.09626111,0,32,0,0,1,1,0,4,2,98,0,98,0,"0000000",99,99,99,99,88,88,0,0,0,1,1
51,510518,1,1,0,0,0,1,1,69,0,21,10,2016,6,5,30,1,1,3,1,2,"US-50","",105,39.20625556,-78.26109167,0,35,0,0,1,1,0,4,2,98,0,98,0,"0000000",99,99,99,99,99,99,0,0,0,1,0
51,510519,1,1,0,0,0,1,1,740,1970,5,5,2016,5,3,42,0,2,5,4,6,"RIVERSHORE DR","MERRIFIELDS BLVD",25,36.879475,-76.38211111,0,30,0,0,3,3,0,4,3,98,0,98,0,"0000000",99,99,99,99,88,88,0,0,0,1,0
51,510520,2,2,0,0,0,6,6,15,0,16,10,2016,1,13,30,0,2,4,1,2,"US-11","RT-262",2360,38.1234,-79.06538056,0,12,6,0,2,2,0,1,1,98,0,98,0,"0000000",99,99,99,99,99,99,0,0,0,1,0
51,510521,2,2,0,0,0,2,2,117,0,16,9,2016,6,21,44,1,1,1,1,1,"I-85","",121,36.70805,-78.11601944,0,12,1,0,1,1,0,1,2,98,0,98,0,"0000000",99,99,99,99,99,99,0,0,0,1,1
51,510522,3,3,0,0,0,3,3,67,0,26,10,2016,4,6,30,0,1,3,1,2,"US-220","",438,37.06111111,-79.88461944,0,12,2,0,1,1,0,1,1,98,0,98,0,"0000000",99,99,99,99,99,99,0,0,0,1,0
51,510523,2,2,0,0,0,2,2,153,0,25,10,2016,3,7,32,0,2,4,1,4,"CR-640","CHESHIRE STATION RD",46,38.64718056,-77.33381111,0,12,6,0,2,3,0,1,1,98,0,98,0,"0000000",99,99,99,99,99,99,0,0,0,1,0
51,510524,1,1,0,1,1,1,1,700,1720,13,10,2016,5,22,31,0,2,4,4,2,"US-60","",255,37.12796944,-76.5358,0,8,0,0,1,1,0,1,3,98,0,98,0,"0000000",99,99,99,99,99,99,0,0,0,1,0
51,510525,2,1,1,1,1,1,1,59,0,8,10,2016,7,2,10,1,2,1,1,1,"I-66","",560,38.85568056,-77.38289722,0,8,0,0,1,1,0,2,3,98,0,98,0,"0000000",99,99,99,99,88,88,0,0,0,1,0
51,510526,1,1,0,0,0,1,1,41,0,8,10,2016,7,1,45,0,2,2,1,3,"SR-10","",226,37.32605,-77.31817222,0,39,0,0,1,1,0,5,2,98,0,98,0,"0000000",99,99,99,99,88,88,0,0,0,1,1
51,510527,2,2,0,0,0,2,2,15,0,11,10,2016,3,8,17,0,1,5,1,2,"US-11","",2323,38.08136389,-79.09736944,0,12,2,0,1,1,0,1,1,98,0,98,0,"0000000",99,99,99,99,99,99,0,0,0,2,0
51,510528,1,1,0,0,0,3,3,81,0,12,10,2016,4,22,0,1,1,1,1,1,"I-95","",140,36.73746944,-77.519,0,42,0,0,1,1,0,4,2,98,0,98,0,"0000000",22,20,99,99,22,52,0,0,0,1,0
51,510529,1,1,0,0,0,1,1,19,0,15,10,2016,7,20,44,0,1,5,1,4,"CR-608","",255,37.24061111,-79.67123056,0,53,0,0,1,1,0,4,2,98,0,98,0,"0000000",20,45,20,55,88,88,0,0,0,1,1
51,510530,2,2,0,0,0,2,2,550,468,9,10,2016,1,2,8,1,2,1,1,1,"I-64","",2993,36.77739167,-76.3793,0,12,1,0,1,1,0,1,3,2,0,2,0,"0000000",99,99,99,99,99,99,0,0,0,1,1
51,510531,2,2,0,0,0,2,2,83,0,19,10,2016,4,7,15,0,1,3,1,2,"US-360","",400,36.79155,-78.79764444,0,12,2,0,1,1,0,1,1,98,0,98,0,"0000000",99,99,99,99,88,88,0,0,0,1,0
51,510532,1,1,0,1,1,1,1,67,0,18,10,2016,3,19,42,0,1,4,1,3,"SR-40","",408,36.99106944,-79.76626944,0,8,0,0,1,1,0,1,2,98,0,98,0,"0000000",99,99,99,99,88,88,0,0,0,1,0
51,510533,1,1,0,0,0,1,1,69,0,18,10,2016,3,14,46,0,1,3,1,2,"US-522","",1455,39.267,-78.23876111,0,1,0,0,1,1,0,4,1,98,0,98,0,"0000000",99,99,99,99,88,88,0,0,0,1,0
51,510534,1,1,0,1,1,1,1,99,0,19,10,2016,4,12,20,0,1,4,1,3,"SR-3","",459,38.25611111,-77.28356944,0,8,0,0,1,1,0,4,1,98,0,98,0,"0000000",99,99,99,99,88,88,0,0,0,1,0
51,510535,1,1,0,0,0,1,1,133,0,20,10,2016,5,18,38,1,1,3,1,2,"US-360","",2035,37.95775556,-76.57253056,0,42,0,0,1,1,0,4,5,98,0,98,0,"0000000",99,99,99,99,88,88,0,0,0,1,0
51,510536,1,1,0,0,0,2,2,165,0,11,10,2016,3,9,55,1,1,1,1,1,"I-81","",2608,38.59173889,-78.72667778,0,35,0,0,1,1,0,3,1,98,0,98,0,"0000000",99,99,99,99,99,99,0,0,0,1,0
51,510537,1,1,0,0,0,1,1,107,0,22,10,2016,7,2,2,0,1,4,1,2,"US-50","",493,38.97577222,-77.69821111,0,42,0,0,1,1,0,4,2,98,0,98,0,"0000000",99,99,99,99,99,99,0,0,0,1,1
51,510538,1,1,0,0,0,1,1,19,0,21,10,2016,6,23,40,0,1,5,1,4,"CR-628","",18,37.16744444,-79.40543056,0,35,0,0,1,1,0,4,2,98,0,98,0,"0000000",99,99,99,99,88,88,0,0,0,1,1
51,510539,1,1,0,0,0,1,1,33,0,17,10,2016,2,11,9,0,1,5,1,4,"CR-639","",101,38.02893889,-77.42668056,0,1,0,0,1,1,0,4,1,98,0,98,0,"0000000",99,99,99,99,99,99,0,0,0,1,0
51,510540,1,1,0,0,0,1,1,69,0,23,10,2016,1,15,30,0,1,7,1,4,"CR-681","",96,39.37375278,-78.20873889,0,42,0,0,1,1,0,4,1,98,0,98,0,"0000000",99,99,99,99,88,88,0,0,0,1,0
51,510541,2,2,0,0,0,2,2,69,0,25,10,2016,3,15,0,1,1,1,1,1,"I-81","",3247,39.29316111,-78.08288056,0,12,1,1,18,1,0,1,1,98,0,98,0,"0000000",99,99,99,99,99,99,0,0,0,1,0
51,510542,1,1,0,1,1,1,1,87,0,27,10,2016,5,6,50,0,2,4,1,3,"SR-157","WESTRIDGE RD",10,37.60734722,-77.58565,0,8,0,0,2,2,0,1,2,98,0,98,0,"0000000",99,99,99,99,99,99,0,0,0,1,0
51,510543,2,2,0,0,0,4,4,127,0,23,10,2016,1,15,30,1,1,1,1,1,"I-64","",2130,37.50006944,-77.05613889,0,12,1,0,1,1,0,1,1,98,0,98,0,"0000000",99,99,99,99,88,88,0,0,0,1,0
51,510544,1,1,0,0,0,1,1,83,0,28,10,2016,6,15,30,0,1,3,1,2,"US-58","",3332,36.67211944,-78.81243889,0,1,0,0,1,1,0,1,1,98,0,98,0,"0000000",15,39,15,51,88,88,0,0,0,1,0
51,510545,1,1,0,0,0,2,2,23,0,30,10,2016,1,1,10,1,1,3,1,7,"LEE HWY","",17,37.57243889,-79.64756111,0,35,0,0,1,1,0,4,2,98,0,98,0,"0000000",1,38,1,57,2,35,0,0,0,1,0
51,510546,3,3,0,0,0,5,5,171,0,28,10,2016,6,15,38,1,1,1,1,1,"I-81","",2869,38.90733889,-78.50150556,0,12,1,0,1,1,0,1,1,98,0,98,0,"0000000",15,35,15,38,16,24,0,0,0,1,0
51,510547,1,1,0,1,1,1,1,59,0,28,8,2016,1,17,19,0,2,5,1,4,"CR-","VILLAGE RD",26,38.97026944,-77.34121111,0,8,0,0,3,2,0,1,1,98,0,98,0,"0000000",99,99,99,99,99,99,0,0,0,1,0
51,510548,1,1,0,0,0,1,1,173,0,30,10,2016,1,13,30,1,1,1,1,1,"I-81","",478,36.84481944,-81.48955,0,34,0,0,1,1,0,3,1,98,0,98,0,"0000000",99,99,99,99,99,99,0,0,0,1,0
51,510549,1,1,0,0,0,1,1,59,0,30,10,2016,1,14,25,1,2,1,1,1,"I-95","",1631,38.69048889,-77.22713889,0,25,0,0,1,1,0,3,1,98,0,98,0,"0000000",14,29,14,39,15,18,0,0,0,1,0
51,510550,1,1,0,0,0,1,1,103,0,30,10,2016,1,1,33,0,1,5,1,3,"SR-201","",12,37.75835,-76.53625,0,24,0,0,1,1,0,4,2,98,0,98,0,"0000000",1,32,1,46,88,88,0,0,0,1,1
51,510551,1,1,0,1,1,1,1,59,0,4,6,2016,7,22,18,0,2,4,1,4,"CR-29","",3,38.86518889,-77.1948,0,8,0,0,1,1,0,1,3,2,98,2,0,"0000000",99,99,99,99,99,99,0,0,0,1,0
51,510552,2,1,1,0,1,1,2,107,0,1,11,2016,3,12,52,0,2,3,1,3,"SR-7","",333,39.13773056,-77.6002,0,14,0,0,1,1,0,2,1,98,0,98,0,"0000000",99,99,99,99,99,99,23,0,0,1,0
51,510553,3,3,0,0,0,3,3,95,0,28,10,2016,6,2,40,1,1,1,1,1,"I-64","",2277,37.41993056,-76.81791944,0,12,8,0,1,1,0,1,2,98,0,98,0,"0000000",99,99,99,99,88,88,0,0,0,1,1
51,510554,1,1,0,0,0,1,1,167,0,30,10,2016,1,21,30,0,1,7,1,4,"CR-635","",22,37.08343056,-81.87878889,0,35,0,0,1,1,0,4,2,98,0,98,0,"0000000",21,46,22,9,88,88,0,0,0,1,1
51,510555,1,1,0,1,1,1,1,95,0,24,10,2016,2,9,47,0,1,4,1,3,"SR-30","",569,37.4186,-76.82238056,0,9,0,0,1,1,0,1,1,98,0,98,0,"0000000",99,99,99,99,99,99,0,0,0,1,0
51,510556,1,1,0,1,1,2,2,59,0,15,10,2016,7,20,50,0,2,4,1,4,"CR-99","",9,38.85183056,-77.2474,0,8,0,0,1,1,0,1,3,98,0,98,0,"0000000",99,99,99,99,88,88,0,0,0,1,0
51,510557,1,1,0,0,0,1,1,163,0,3,11,2016,5,11,15,0,1,5,1,2,"US-11","",1903,37.63469722,-79.54388889,0,30,0,0,1,1,0,4,1,98,0,98,0,"0000000",11,15,11,24,88,88,0,0,0,1,0
51,510558,2,2,0,0,0,6,6,103,0,4,11,2016,6,12,30,0,1,4,1,3,"SR-3","RIVER RD",1055,37.82968333,-76.57610833,0,12,2,0,2,3,0,1,1,98,0,98,0,"0000000",12,35,12,50,13,45,0,0,0,1,0
51,510559,1,1,0,0,0,4,4,171,0,5,11,2016,7,15,43,1,1,1,1,1,"I-81","",270,38.71034722,-78.65822222,0,35,0,0,1,1,0,3,1,98,0,98,0,"0000000",99,99,99,99,99,99,0,0,0,1,0
51,510560,1,1,0,0,0,2,2,25,0,6,11,2016,1,3,10,0,1,3,1,2,"US-58","",3841,36.70964722,-77.99398056,0,32,0,0,1,1,0,3,2,98,0,98,0,"0000000",99,99,99,99,99,99,0,0,0,1,0
51,510561,1,1,0,0,0,2,2,177,0,5,11,2016,7,0,46,0,1,4,1,3,"SR-208","ANNA POINT LN",245,38.08888889,-77.80888611,0,31,0,0,3,3,0,4,2,98,0,98,0,"0000000",0,50,0,57,1,46,0,0,0,1,0
51,510562,1,1,0,0,0,1,1,191,0,9,11,2016,4,23,20,0,2,7,1,4,"CR-680","",16,36.6262,-82.19558056,0,42,0,0,1,1,0,4,2,98,0,98,0,"0000000",99,99,99,99,88,88,0,0,0,1,0
51,510563,1,1,0,0,0,1,1,191,0,9,11,2016,4,15,40,0,1,4,1,2,"US-58","",1400,36.62145,-81.63841944,0,59,0,0,1,1,0,4,1,98,0,98,0,"0000000",99,99,99,99,88,88,0,0,0,1,0
51,510564,1,1,0,1,1,1,1,810,2540,11,11,2016,6,15,1,1,2,3,4,2,"US-58","",5015,36.84318056,-76.11748056,0,8,0,0,1,1,0,1,1,98,0,98,0,"0000000",15,2,99,99,15,34,0,0,0,1,0
51,510565,2,2,0,0,0,2,2,179,0,12,11,2016,7,13,13,1,1,1,1,1,"I-95","",1371,38.38066111,-77.45373056,0,24,0,0,1,1,0,3,1,98,0,98,0,"0000000",99,99,99,99,88,88,0,0,0,1,0
51,510566,3,3,0,0,0,3,3,59,0,21,10,2016,6,5,58,0,2,3,1,3,"SR-28","",351,38.90421944,-77.43486111,0,12,1,0,1,1,4,1,2,98,0,98,0,"0000000",6,10,6,17,6,51,19,23,0,1,0
51,510567,1,1,0,0,0,1,1,19,0,10,11,2016,5,5,15,0,1,4,1,3,"SR-122","",237,37.20333889,-79.58286944,0,19,0,0,1,1,0,5,2,98,0,98,0,"0000000",99,99,99,99,88,88,0,0,0,1,0
51,510568,1,1,0,0,0,1,1,87,0,28,8,2016,1,18,8,0,2,3,1,3,"SR-73","ABERDEEN ST",1,37.63558889,-77.45641944,0,46,0,0,3,2,0,4,1,98,0,98,0,"0000000",18,8,18,12,88,88,0,0,0,1,0
51,510569,1,1,0,0,0,1,1,143,0,2,11,2016,4,22,3,0,1,4,1,3,"SR-41","RT-360",24,36.61573889,-79.36075,0,1,0,0,3,3,0,4,2,98,0,98,0,"0000000",99,99,99,99,88,88,0,0,0,1,0
51,510570,1,1,0,0,0,4,4,165,0,1,11,2016,3,19,45,0,1,7,1,3,"SR-225","",1,38.44123889,-79.12053889,0,42,0,0,1,1,0,4,2,98,0,98,0,"0000000",99,99,99,99,99,99,0,0,0,2,1
51,510571,1,1,0,1,1,1,1,107,0,10,11,2016,5,7,5,0,2,7,1,4,"CR-2150","SMITH SWITCH ROAD",45,39.02811111,-77.45528056,0,8,0,0,3,2,0,1,1,98,0,98,0,"0000000",99,99,99,99,99,99,0,0,0,1,0
51,510572,2,2,0,0,0,2,2,47,0,5,11,2016,7,20,35,0,1,4,1,3,"SR-229","SHEAD MOUNTAIN RD",98,38.61291667,-77.94974722,0,11,0,0,1,1,0,1,2,98,0,98,0,"0000000",20,36,99,99,88,88,0,0,0,1,1
51,510573,1,1,0,0,0,1,1,83,0,11,11,2016,6,22,40,0,1,3,1,2,"US-360","",414,36.80023889,-78.77546944,0,32,0,0,1,1,0,4,2,98,0,98,0,"0000000",22,54,99,99,23,41,0,0,0,1,0
51,510574,4,4,0,0,0,6,6,121,0,12,11,2016,7,8,55,1,1,1,1,1,"I-81","",1283,37.23204167,-80.23852222,0,12,1,0,1,1,0,1,1,98,0,98,0,"0000000",8,54,9,7,10,33,0,0,0,1,0
51,510575,1,1,0,0,0,2,2,109,0,12,11,2016,7,1,10,0,1,4,1,3,"SR-208","",229,38.08238889,-77.83448889,0,42,0,0,1,1,0,4,2,98,0,98,0,"0000000",1,15,1,28,99,99,0,0,0,1,1
51,510576,1,1,0,1,1,2,2,61,0,13,11,2016,1,23,35,1,2,3,1,2,"US-29 RAMP","",46,38.72835,-77.77936111,0,8,0,1,20,1,0,1,2,98,0,98,0,"0000000",23,45,0,9,0,53,0,0,0,1,0
51,510577,4,4,0,0,0,6,6,153,0,13,11,2016,1,15,12,1,1,1,1,1,"I-95","",1503,38.54349444,-77.34634722,0,12,7,0,1,1,0,1,1,98,0,98,0,"0000000",15,12,15,35,16,39,0,0,0,1,0
51,510578,2,2,0,0,0,2,2,199,0,15,11,2016,3,17,15,0,2,5,1,3,"SR-173","",85,37.19854722,-76.46021944,0,12,2,0,1,1,0,1,5,98,0,98,0,"0000000",99,99,99,99,99,99,0,0,0,1,0
51,510579,1,1,0,1,1,1,1,810,2540,12,11,2016,7,22,37,0,2,4,4,6,"FERRELL PKWY","INDIAN LAKES BLVD",4,36.79600278,-76.16318611,0,9,0,0,2,2,0,1,3,98,0,98,0,"0000000",99,99,99,99,88,88,0,0,0,1,0
51,510580,1,1,0,1,1,1,1,840,2640,17,11,2016,5,14,47,1,2,3,4,2,"US-11","BROOKFIELD DR",3265,39.14216944,-78.19032778,0,8,0,0,2,2,0,1,1,98,0,98,0,"0000000",14,49,99,99,15,11,0,0,0,1,0
51,510581,1,1,0,0,0,1,1,87,0,20,11,2016,1,7,10,1,2,1,1,1,"I-295","",0,37.65886111,-77.46576944,0,34,0,1,5,1,0,4,4,98,0,98,0,"0000000",99,99,99,99,88,88,0,0,0,1,0
51,510582,2,2,0,0,0,2,2,650,1180,29,10,2016,7,17,22,0,2,5,4,6,"OLD BUCKROE RD","AMBROSE LN",11,37.03623889,-76.30761944,0,12,6,0,3,3,0,1,1,98,0,98,0,"0000000",99,99,99,99,99,99,0,0,0,1,0
51,510583,1,1,0,1,1,1,1,153,0,29,10,2016,7,19,0,0,2,4,1,4,"CR-641","SPRINGWOODS DR",9,38.68026111,-77.3224,0,8,0,0,3,2,0,1,2,98,0,98,0,"0000000",19,13,99,99,19,50,0,0,0,1,0
51,510584,4,4,0,0,0,4,4,59,0,18,10,2016,3,15,52,0,2,3,1,3,"SR-7","TOWLSTON RD",569,38.95128333,-77.26445278,0,12,6,0,2,2,0,1,1,98,0,98,0,"0000000",99,99,99,99,99,99,14,0,0,1,0
51,510585,1,1,0,1,1,1,1,510,40,3,10,2016,2,19,12,0,1,4,98,2,"US-501","STEVENSON AVE",99999,38.81308056,-77.13977222,0,8,0,0,3,3,0,1,3,98,0,98,0,"0000000",99,99,99,99,99,99,0,0,0,1,0
51,510586,1,1,0,0,0,2,2,69,0,12,10,2016,4,23,40,0,2,5,1,4,"CR-656","",22,39.17901111,-78.11655,0,5,0,0,1,1,0,1,2,98,0,98,0,"0000000",99,99,99,99,99,99,0,0,0,1,0
51,510587,1,1,0,1,1,1,1,710,1760,28,9,2016,4,6,4,0,2,3,1,3,"SR-337","",302,36.87898889,-76.30201944,0,8,0,0,1,1,0,1,3,98,0,98,0,"0000000",99,99,99,99,99,99,0,0,0,1,0
51,510588,1,1,0,0,0,3,3,53,0,5,11,2016,7,10,17,1,1,1,1,1,"I-85","",404,36.94566944,-77.72696944,0,42,0,0,1,1,0,3,1,98,0,98,0,"0000000",99,99,99,99,99,99,0,0,0,1,0
51,510589,2,2,0,0,0,2,2,41,0,7,11,2016,2,13,12,0,2,4,1,3,"SR-145","",10,37.37596111,-77.48383056,0,12,2,0,1,1,0,1,1,98,0,98,0,"0000000",13,14,13,21,13,56,0,0,0,1,1
51,510590,1,1,0,0,0,1,1,41,0,9,11,2016,4,22,30,0,1,3,1,2,"US-360","",1162,37.3815,-77.80361944,0,42,0,0,1,1,0,3,2,98,0,98,0,"0000000",99,99,99,99,88,88,0,0,0,1,0
51,510591,1,1,0,0,0,1,1,41,0,6,11,2016,1,1,21,0,2,4,1,4,"CR-604","",71,37.44406111,-77.67026944,0,42,0,0,1,1,0,4,2,98,0,98,0,"0000000",99,99,99,99,88,88,0,0,0,1,1
51,510592,1,1,0,1,1,4,4,179,0,10,11,2016,5,19,17,0,2,5,1,4,"CR-610","",88,38.47408889,-77.43491944,0,8,0,0,1,1,0,1,2,98,0,98,0,"0000000",99,99,99,99,99,99,0,0,0,1,0
51,510593,2,2,0,0,0,6,6,131,0,12,11,2016,7,12,40,0,1,3,1,2,"US-13","CAPEVILLE DR",796,37.20733889,-75.96641944,0,12,6,0,2,2,0,1,1,98,0,98,0,"0000000",99,99,99,99,88,88,0,0,0,4,0
51,510594,1,1,0,0,0,2,2,570,620,12,11,2016,7,9,20,0,2,5,4,6,"HAMILTON AVE","",11,37.25786111,-77.40603889,0,33,0,0,1,1,0,4,1,98,0,98,0,"0000000",9,28,9,30,9,53,0,0,0,1,1
51,510595,2,2,0,0,0,4,4,89,0,12,11,2016,7,19,21,0,1,4,1,3,"SR-57","",152,36.76058056,-80.01681944,0,12,2,0,1,1,0,1,2,98,0,98,0,"0000000",19,21,19,42,99,99,0,0,0,1,0
51,510596,2,2,0,0,0,2,2,35,0,11,11,2016,6,7,45,0,1,5,1,2,"US-52","SKYVIEW DR",104,36.6925,-80.69411111,0,12,6,0,2,3,0,1,1,98,0,98,0,"0000000",7,49,7,57,99,99,0,0,0,1,0
51,510597,1,1,0,1,1,2,2,73,0,11,11,2016,6,17,15,0,1,3,1,2,"US-17","",820,37.42085,-76.546,0,8,0,0,1,1,0,1,2,98,0,98,0,"0000000",17,27,99,99,99,99,0,0,0,1,0
51,510598,2,2,0,0,0,2,2,15,0,14,11,2016,2,18,50,1,2,1,1,1,"I-81","",2280,38.19056944,-78.9969,0,12,6,0,1,1,0,1,2,2,0,2,0,"0000000",18,52,99,99,20,5,0,0,0,1,0
51,510599,1,1,0,0,0,1,1,740,1970,14,11,2016,2,4,47,1,2,1,1,1,"I-264","",65,36.83113889,-76.30005556,0,23,0,0,1,1,0,4,3,98,0,98,0,"0000000",4,47,4,53,5,12,0,0,0,1,0
51,510600,1,1,0,0,0,1,1,165,0,16,11,2016,4,14,45,0,1,4,1,2,"US-33","",37,38.57908056,-79.11588889,0,1,0,0,1,1,0,1,1,98,0,98,0,"0000000",99,99,99,99,99,99,0,0,0,1,0
51,510601,2,2,0,0,0,2,2,165,0,18,11,2016,6,16,11,0,1,5,1,4,"CR-602","RT-947",71,38.46946944,-78.63181111,0,12,6,0,2,2,0,1,1,98,0,98,0,"0000000",99,99,99,99,88,88,0,0,0,1,0