"STATE","ST_CASE","VE_TOTAL","VE_FORMS","PVH_INVL","PEDS","PERNOTMVIT","PERMVIT","PERSONS","COUNTY","CITY","DAY","MONTH","YEAR","DAY_WEEK","HOUR","MINUTE","NHS","RUR_URB","FUNC_SYS","RD_OWNER","ROUTE","TWAY_ID","TWAY_ID2","MILEPT","LATITUDE","LONGITUD","SP_JUR","HARM_EV","MAN_COLL","RELJCT1","RELJCT2","TYP_INT","WRK_ZONE","REL_ROAD","LGT_COND","WEATHER1","WEATHER2","WEATHER","SCH_BUS","RAIL","NOT_HOUR","NOT_MIN","ARR_HOUR","ARR_MIN","HOSP_HR","HOSP_MN","CF1","CF2","CF3","FATALS","DRUNK_DR"
51,510712,1,1,0,0,0,1,1,0,0,29,12,2016,5,13,30,0,1,4,1,3,"SR-58","",6,37.17597222,-79.625575,0,30,0,0,1,1,0,4,1,98,0,98,0,"0000000",99,99,99,99,88,88,0,0,0,1,0
51,510713,2,2,0,0,0,2,2,107,0,12,12,2016,2,14,55,0,1,3,1,3,"SR-7","",217,39.12474444,-77.79968889,0,12,6,0,8,1,0,1,1,98,0,98,0,"0000000",99,99,99,99,99,99,0,0,0,1,0
51,510714,1,1,0,0,0,1,1,550,468,31,12,2016,7,21,4,1,2,1,1,1,"I-64","",2918,36.76786944,-76.26195,0,25,0,0,1,1,0,3,3,98,0,98,0,"0000000",99,99,99,99,99,99,0,0,0,1,0
51,510715,1,1,0,0,0,1,1,27,0,31,12,2016,7,21,30,0,1,5,1,4,"CR-635","",80,37.2454,-81.86503889,0,17,0,0,1,1,0,4,2,2,0,2,0,"0000000",21,35,99,99,22,55,0,0,0,1,1
51,510716,1,1,0,0,0,1,1,710,1760,26,11,2016,7,1,19,1,2,3,99,2,"US-460","",4014,36.88591389,-76.28137222,0,33,0,0,1,1,0,4,3,98,0,98,0,"0000000",99,99,99,99,88,88,0,0,0,1,0
51,510717,1,1,0,0,0,5,5,25,0,31,12,2016,7,21,50,1,1,1,1,1,"I-85","",338,36.88149444,-77.81615833,0,24,0,0,1,1,0,4,2,98,0,98,0,"0000000",99,99,99,99,99,99,0,0,0,1,0
51,510718,1,1,0,0,0,1,1,31,0,27,12,2016,3,15,55,0,1,5,1,4,"CR-646","",108,37.28351111,-78.9599,0,42,0,0,1,1,0,4,1,98,0,98,0,"0000000",99,99,99,99,88,88,0,0,0,1,0
51,510719,1,1,0,0,0,1,1,770,2100,11,12,2016,1,12,26,0,2,5,1,4,"CR-605","",82,37.32484167,-79.91953889,0,42,11,0,1,1,0,4,1,98,0,98,0,"0000000",99,99,99,99,88,88,0,0,0,1,0
51,510720,1,1,0,1,1,1,1,650,1180,20,12,2016,3,19,51,1,2,1,1,1,"I-64/RAMP","",1,37.04083611,-76.391625,0,8,0,0,20,1,0,1,3,98,0,98,0,"0000000",99,99,99,99,99,99,0,0,0,1,0
51,510721,2,2,0,0,0,2,2,153,0,20,12,2016,3,15,28,0,2,4,1,3,"SR-28","VINT HILL RD",183,38.72498056,-77.55316944,0,12,6,0,2,2,4,1,1,98,0,98,0,"0000000",99,99,99,99,99,99,0,0,0,1,0
51,510722,1,1,0,0,0,1,1,700,1720,15,10,2016,7,20,18,0,2,4,4,3,"SR-173","OLD DENBIGH BLVD",38,37.14906944,-76.51035,0,33,0,0,3,2,0,4,3,98,0,98,0,"0000000",99,99,99,99,99,99,0,0,0,1,1
51,510723,1,1,0,1,1,1,1,710,1760,31,12,2016,7,18,34,0,2,5,4,6,"POPLAR HALL DR","FRIZZEL AVE",9,36.84926111,-76.20341944,0,8,0,0,3,3,0,1,3,98,0,98,0,"0000000",99,99,99,99,88,88,0,0,0,1,0
51,510724,1,1,0,0,0,4,4,187,0,5,11,2016,7,17,30,0,1,5,1,4,"CR-638","",15,39.00653889,-78.05025,0,35,0,0,1,1,0,4,1,98,0,98,0,"0000000",17,51,18,12,19,17,0,0,0,1,0
51,510725,1,1,0,1,1,1,1,153,0,21,11,2016,2,23,32,0,2,7,1,4,"CR-2410","GLENRIDGE DR",2,38.68351111,-77.32336111,0,8,0,0,3,2,0,1,2,98,0,98,0,"0000000",99,99,99,99,99,99,0,0,0,1,0
51,510726,1,1,0,1,1,1,1,800,2390,25,12,2016,1,17,20,0,1,3,4,2,"US-13","",117,36.66453056,-76.63353889,0,8,0,0,1,1,0,1,5,98,0,98,0,"0000000",99,99,99,99,99,99,0,0,0,1,0
51,510727,1,1,0,1,1,1,1,510,40,1,12,2016,5,17,9,0,2,6,4,6,"MT VERNON AVE","GLEBE RD",15,38.83648889,-77.06128056,0,8,0,0,2,2,0,1,3,98,0,98,0,"0000000",99,99,99,99,99,99,0,0,0,1,0
51,510728,2,2,0,0,0,2,2,85,0,25,9,2016,1,7,46,0,1,4,1,2,"US-33","",1190,37.72116389,-77.57674444,0,12,2,0,1,1,0,1,1,98,0,98,0,"0000000",99,99,99,99,88,88,0,0,0,1,1
53,530001,1,1,0,0,0,1,1,35,180,1,1,2016,6,11,39,0,2,5,4,6,"TRACYTON BEACH RD","",0,47.59639722,-122.65600833,0,1,0,0,1,1,0,4,1,1,0,1,0,"0000000",99,99,99,99,99,99,0,0,0,1,0
53,530002,2,2,0,0,0,7,7,35,0,3,1,2016,1,18,47,0,1,5,2,4,"CR-SIDNEY RD SE","",42,47.46153889,-122.65288056,0,12,2,0,1,1,0,1,2,4,0,4,0,"0000000",99,99,99,99,99,99,0,0,0,2,1
53,530003,2,2,0,0,0,2,2,61,0,4,1,2016,2,20,40,0,2,5,2,4,"CR-SPRINGHETTE RD","",18,47.8975,-122.10794722,0,12,6,0,1,1,0,1,3,10,0,10,0,"0000000",99,98,99,98,99,98,0,0,0,1,1
53,530004,1,1,0,1,1,1,1,33,1960,5,1,2016,3,11,42,0,2,4,4,6,"BEAN AVE S","S MCCLELLAN ST",0,47.57854444,-122.31150556,0,8,0,0,2,2,0,1,1,10,0,10,0,"0000000",99,98,99,98,99,98,0,0,0,1,0
53,530005,2,2,0,0,0,2,2,35,180,5,1,2016,3,17,22,0,2,3,1,3,"SR-304","PARK AVE",27,47.56500278,-122.63025278,0,12,6,0,2,3,0,1,3,10,0,10,0,"0000000",99,99,99,99,99,99,0,0,0,1,0
53,530006,1,1,0,0,0,1,1,11,2370,6,1,2016,4,7,34,1,2,1,1,1,"I-5","",2,45.65973611,-122.665025,0,38,0,1,5,1,0,4,4,1,0,1,0,"0000000",99,98,99,98,88,88,0,0,0,1,1
53,530007,2,2,0,0,0,2,2,33,0,6,1,2016,4,7,25,0,2,3,1,3,"SR-169","",202,47.46244167,-122.09851111,0,12,2,0,1,1,0,1,1,98,0,98,0,"0000000",99,98,99,98,99,98,0,0,0,1,0
53,530008,1,1,0,0,0,1,1,53,0,8,1,2016,6,22,10,1,2,1,1,1,"I-5","",1386,47.2432,-122.33636667,0,52,0,0,1,1,0,4,3,5,0,5,0,"0000000",99,98,99,98,88,88,0,0,0,1,1
53,530010,2,2,0,0,0,3,3,61,0,9,1,2016,7,16,56,0,1,5,1,3,"SR-9","252ND ST NE",314,48.22459722,-122.14337222,0,12,6,0,2,3,0,1,5,1,0,1,0,"0000000",99,98,99,98,99,98,0,0,0,1,0
53,530011,3,3,0,0,0,3,3,7,2460,12,1,2016,3,9,16,0,2,4,4,6,"N WESTERN AVE","MAPLE ST",0,47.44247778,-120.34620833,0,12,6,0,2,2,0,1,1,10,0,10,0,"0000000",99,98,99,98,99,98,0,0,0,1,0
53,530012,1,1,0,0,0,1,1,67,0,12,1,2016,3,11,49,0,1,5,2,4,"CR-OLD HWY 99","",175,46.93976389,-122.85486667,0,34,0,0,1,1,0,4,1,2,0,2,0,"0000000",88,88,88,88,88,88,0,0,0,1,0
53,530013,2,2,0,0,0,3,3,25,0,14,1,2016,5,16,55,0,1,6,2,4,"CR-RD O SE","RD 2 SE",24,47.05745278,-119.17258056,0,12,6,0,2,2,0,1,2,10,0,10,0,"0000000",99,99,99,99,99,99,0,0,0,1,0
53,530014,2,2,0,1,1,3,3,63,2113,14,1,2016,5,20,6,0,2,3,4,6,"E SPRAGUE","N FARR",0,47.65705278,-117.27478889,0,12,1,0,2,2,0,1,3,1,0,1,0,"0000000",99,98,99,98,99,98,15,0,0,1,1
53,530015,1,1,0,1,1,3,3,27,10,16,1,2016,7,7,43,1,2,3,1,2,"US-101","G ST",834,46.97599167,-123.81435833,0,8,0,0,3,2,0,1,1,10,0,10,0,"0000000",99,99,99,99,99,99,0,0,0,1,0
53,530016,1,1,0,1,1,2,2,33,1830,17,1,2016,1,20,42,0,2,3,4,6,"HOUSER WAY S","",0,47.48381667,-122.19820278,0,8,0,0,1,1,0,1,3,1,0,1,0,"0000000",99,99,99,99,88,88,0,0,0,1,1
53,530017,2,2,0,0,0,2,2,35,0,21,1,2016,5,6,40,0,2,4,2,4,"CR-CLEAR CREEK RD NW","NW CLOSSER DR",31,47.70832778,-122.69197778,0,12,6,0,2,3,0,1,3,2,0,2,0,"0000000",99,99,99,99,99,99,0,0,0,1,0
53,530018,2,2,0,0,0,3,3,73,0,24,1,2016,1,2,15,0,1,5,2,4,"CR-E SMITH RD","",1,48.83333889,-122.48348889,0,12,2,0,1,1,0,1,2,2,0,2,0,"0000000",99,98,99,98,99,98,0,0,0,1,1
53,530019,1,1,0,0,0,1,1,73,0,25,1,2016,2,13,47,0,1,5,2,4,"CR-HAXTON WAY","",34,48.77547222,-122.64406667,3,1,0,0,1,1,0,4,1,1,0,1,0,"0000000",99,99,99,99,99,99,0,0,0,1,0
53,530020,2,2,0,0,0,3,3,33,170,26,1,2016,3,15,25,0,2,5,4,6,"BRICKYARD RD NE","",0,47.75364722,-122.17944444,0,12,2,0,1,1,0,1,1,2,0,2,0,"0000000",99,98,99,98,99,98,0,0,0,1,0
53,530021,1,1,0,1,1,1,1,73,0,27,1,2016,4,18,26,0,1,5,1,3,"SR-547","",34,48.960875,-122.15955833,0,9,0,0,1,1,0,1,2,2,0,2,0,"0000000",99,98,99,98,88,88,0,0,0,1,0
53,530022,1,1,0,1,1,1,1,61,690,27,1,2016,4,20,3,0,2,3,4,6,"BROADWAY","",0,47.98941667,-122.20129722,0,8,0,0,1,1,0,1,3,2,0,2,0,"0000000",88,88,88,88,88,88,0,0,0,1,0
53,530023,3,3,0,0,0,3,3,73,0,28,1,2016,5,16,5,0,1,4,1,3,"SR-542","",53,48.80393611,-122.36583333,0,12,2,0,1,1,0,1,1,1,0,1,0,"0000000",99,98,99,98,99,98,0,0,0,1,0
53,530024,1,1,0,0,0,3,3,25,0,29,1,2016,6,18,31,0,1,4,1,3,"SR-243","",32,46.63338611,-119.79970278,0,1,0,0,1,1,0,4,2,1,0,1,0,"0000000",99,98,99,98,99,98,0,0,0,1,0
53,530025,1,1,0,1,1,1,1,35,180,2,2,2016,3,6,4,0,2,3,1,3,"SR-310","",11,47.57131944,-122.66213611,0,8,0,0,1,1,0,1,3,5,0,5,0,"0000000",99,99,99,99,88,88,0,0,0,1,0
53,530026,1,1,0,0,0,4,4,25,0,4,2,2016,5,2,49,0,1,5,2,4,"CR-RD U SE","",62,46.99156111,-119.04574444,0,1,0,0,1,1,0,4,2,1,0,1,0,"0000000",99,99,99,99,99,99,0,0,0,1,1
53,530027,2,2,0,0,0,3,3,41,0,5,2,2016,6,16,54,0,1,4,1,3,"SR-6","",490,46.64375833,-123.01834444,0,12,6,0,1,1,0,1,5,2,0,2,0,"0000000",99,98,99,98,99,98,0,0,0,2,1
53,530028,1,1,0,1,1,1,1,57,0,6,2,2016,7,3,30,0,1,5,2,4,"CR-OLD HWY 99","",7,48.49501389,-122.335075,0,8,0,0,1,1,0,1,9,99,0,99,0,"0000000",99,98,99,98,88,88,0,0,0,1,0
53,530029,2,2,0,0,0,3,3,15,1190,6,2,2016,7,0,18,0,2,4,4,6,"PACIFIC WAY","",0,46.15928889,-122.95681667,0,12,6,0,1,1,0,1,3,10,0,10,0,"0000000",99,98,99,98,99,98,0,0,0,1,1
53,530030,1,1,0,0,0,2,2,77,0,7,2,2016,1,5,30,0,1,7,2,4,"CR-MAPLE GROVE RD","",12,46.34488333,-120.04100833,0,38,0,0,1,1,0,4,2,1,0,1,0,"0000000",99,98,99,98,99,98,0,0,0,1,1
53,530031,1,1,0,0,0,1,1,11,240,7,2,2016,1,21,40,0,2,4,4,6,"NW LAKE RD","NW PAYNE ST",0,45.62135556,-122.46029722,0,33,0,0,3,2,0,4,3,98,0,98,0,"0000000",99,99,99,99,88,88,0,0,0,1,0
53,530033,2,2,0,0,0,2,2,53,1770,8,2,2016,2,23,22,0,2,3,4,6,"S MERIDAN","PIONEER",0,47.19042778,-122.29368889,0,12,6,0,2,2,0,1,3,1,0,1,0,"0000000",99,99,99,99,99,99,0,0,0,1,1
53,530034,2,2,0,0,0,2,2,77,2340,10,2,2016,4,16,48,0,2,3,4,6,"VALLEY MALL BLVD","S 3RD AVE",0,46.56340278,-120.50954444,0,12,6,0,2,2,0,1,1,1,0,1,0,"0000000",99,98,99,98,99,98,0,0,0,1,0
53,530035,1,1,0,1,1,1,1,33,1107,11,2,2016,5,22,0,0,2,7,4,6,"NE 160TH ST","",0,47.74457778,-122.29245,0,8,0,0,1,1,0,2,3,2,0,2,0,"0000000",99,98,99,98,99,98,0,0,0,1,0
53,530036,1,1,0,1,1,1,1,5,1850,12,2,2016,6,17,36,0,2,7,4,6,"VAN GIESEN ST","",0,46.29309444,-119.30298611,0,8,0,0,1,1,0,1,3,2,0,2,0,"0000000",99,99,99,99,99,99,0,0,0,1,0
53,530037,1,1,0,0,0,1,1,61,0,14,2,2016,1,23,14,0,1,4,1,3,"SR-530","",111,48.26359722,-122.02174444,0,35,0,0,1,1,0,4,2,2,0,2,0,"0000000",99,98,99,98,88,88,0,0,0,1,0
53,530038,3,3,0,0,0,5,5,53,0,14,2,2016,1,21,55,0,2,3,2,4,"CR-CANYON RD E","176TH ST E",108,47.09629444,-122.35645278,0,12,2,0,2,2,0,1,3,10,0,10,0,"0000000",99,98,99,98,99,98,0,0,0,1,0
53,530039,2,2,0,0,0,2,2,53,1124,14,2,2016,1,11,46,1,2,3,1,1,"I-5","BRIDGEPORT WAY SW",1,47.146325,-122.50445278,0,12,6,1,2,2,0,1,1,10,0,10,0,"0000000",88,88,88,88,88,88,0,0,0,1,0
53,530040,1,1,0,1,1,1,1,53,2230,13,2,2016,7,19,26,0,2,4,4,6,"S 15TH ST","",0,47.24683889,-122.46069167,0,8,0,0,1,1,0,1,3,2,0,2,0,"0000000",99,99,99,99,99,99,0,0,0,1,0
53,530041,2,1,1,0,0,2,2,53,2230,16,2,2016,3,1,16,0,2,4,4,6,"S MILDRED ST","",0,47.25185,-122.52635,0,39,0,0,1,1,0,5,3,2,0,2,0,"0000000",99,99,99,99,99,99,0,0,0,2,1
53,530042,1,1,0,0,0,1,1,21,1660,19,2,2016,6,11,14,1,2,1,1,1,"I-182","",70,46.25046667,-119.09033056,0,35,0,0,1,1,0,4,1,10,0,10,0,"0000000",99,98,99,98,88,88,0,0,0,1,0
53,530043,3,3,0,0,0,4,4,33,0,17,2,2016,4,7,56,0,1,4,1,3,"SR-203","",70,47.66072222,-121.90986389,0,12,1,0,1,1,0,1,1,10,0,10,0,"0000000",99,99,99,99,99,99,0,0,0,1,0
53,530044,3,3,0,0,0,4,4,33,0,23,2,2016,3,5,40,0,1,3,1,3,"SR-169","",32,47.24995556,-121.98994444,0,12,7,0,1,1,0,1,2,1,0,1,0,"0000000",99,99,99,99,99,99,0,0,0,1,0
53,530045,1,1,0,1,1,1,1,63,22,23,2,2016,3,18,27,1,2,3,1,2,"US-2","",2715,47.643075,-117.54821111,0,8,0,0,1,1,0,1,3,98,0,98,0,"0000000",99,99,99,99,88,88,0,0,0,1,0
53,530046,1,1,0,1,1,1,1,63,2113,23,2,2016,3,17,6,0,2,4,4,6,"E MANSFIELD AVE","",0,47.67776111,-117.24411389,0,8,0,0,1,1,0,1,1,1,0,1,0,"0000000",99,98,99,98,99,98,0,0,0,1,1
53,530047,1,1,0,1,1,1,1,33,1030,24,2,2016,4,19,33,0,2,3,1,3,"SR-99","",107,47.38042222,-122.29795556,0,8,0,0,1,1,0,1,3,1,0,1,0,"0000000",99,98,99,98,88,88,0,0,0,1,0
53,530048,1,1,0,0,0,1,1,33,0,26,2,2016,6,10,7,0,2,3,2,4,"CR-NE WOODINVILLE DUVAL","",87,47.747675,-122.01406111,0,42,0,0,1,1,0,4,1,98,0,98,0,"0000000",99,98,99,98,88,88,0,0,0,1,0
53,530049,1,1,0,0,0,1,1,71,0,26,2,2016,6,16,7,0,1,6,2,4,"CR-BISCUIT RIDGE RD","",59,46.09521944,-118.08095833,0,1,0,0,1,1,0,4,1,1,0,1,0,"0000000",99,98,99,98,99,98,0,0,0,1,1
53,530050,1,1,0,0,0,4,4,53,747,27,2,2016,7,0,27,1,2,1,1,1,"I-5","",1360,47.24125,-122.389325,0,30,0,0,1,1,0,4,3,2,0,2,0,"0000000",99,98,99,98,99,98,0,0,0,2,1
53,530051,1,1,0,0,0,1,1,53,0,27,2,2016,7,7,58,0,2,5,2,4,"CR-WOODLAND AVE E","",3,47.14485278,-122.33610556,0,42,0,0,1,1,0,4,1,10,0,10,0,"0000000",99,98,99,98,88,88,0,0,0,1,0
53,530052,2,2,0,0,0,2,2,33,2310,28,2,2016,1,1,9,1,2,1,1,1,"I-5","",1565,47.48888333,-122.26486944,0,12,2,0,1,1,0,1,3,1,0,1,0,"0000000",99,98,99,98,99,98,0,0,0,1,1
53,530053,2,1,1,2,3,1,2,33,100,29,2,2016,2,8,25,0,2,2,1,3,"SR-18","",63,47.29831389,-122.18435278,0,14,0,0,1,1,0,2,1,10,0,10,0,"0000000",99,98,99,98,99,98,23,0,0,1,0
53,530054,2,2,0,0,0,3,3,27,10,29,2,2016,2,18,40,1,2,3,1,2,"US-101","BOONE",827,46.97147778,-123.80232222,0,12,6,0,2,2,0,1,3,2,0,2,0,"0000000",99,98,99,98,99,98,0,0,0,1,1
53,530055,2,2,0,0,0,2,2,33,0,1,3,2016,3,6,0,0,2,3,2,4,"CR-277TH ST","",27,47.35364444,-122.25404444,0,12,2,0,1,1,0,1,2,2,0,2,0,"0000000",99,98,99,98,99,98,0,0,0,1,1
53,530056,2,2,0,0,0,2,2,11,1080,7,3,2016,2,15,1,0,1,7,26,8,"NE 23RD AVE","",0,45.85913611,-122.64762222,0,1,0,0,1,1,0,1,1,1,0,1,0,"0000000",99,98,99,98,99,98,0,0,0,1,1
53,530057,1,1,0,0,0,2,2,41,0,9,3,2016,4,9,50,0,1,5,1,3,"SR-508","",208,46.60463889,-122.51700556,0,35,0,0,1,1,0,4,1,2,0,2,0,"0000000",99,99,99,99,99,99,0,0,0,1,0
53,530058,1,1,0,0,0,1,1,53,0,10,3,2016,5,19,52,0,2,4,1,3,"SR-165","",183,47.12367222,-122.05039167,0,32,0,0,1,1,0,4,2,1,0,1,0,"0000000",99,98,99,98,88,88,0,0,0,1,1
53,530059,1,1,0,0,0,3,3,61,0,10,3,2016,5,21,30,0,1,4,2,4,"CR- MOUNTAIN LOOP HWY","",24,48.11075,-121.95088056,0,38,0,0,1,1,0,4,2,10,0,10,0,"0000000",99,98,99,98,88,88,0,0,0,3,1
53,530060,1,1,0,1,1,1,1,53,2230,11,3,2016,6,10,44,0,2,3,4,6,"S TACOMA WAY","",0,47.236475,-122.43739722,0,33,0,0,1,1,0,4,1,1,0,1,0,"0000000",99,99,99,99,88,88,0,0,0,1,0
53,530061,1,1,0,0,0,1,1,21,1660,13,3,2016,1,15,39,0,2,5,4,6,"N CAPITAL AVE","",0,46.26833889,-119.08249444,0,1,0,0,1,1,0,4,1,1,0,1,0,"0000000",99,98,99,98,88,88,0,0,0,1,1
53,530062,1,1,0,0,0,2,2,57,0,14,3,2016,2,7,8,1,1,1,1,1,"I-5","",2346,48.535375,-122.35363611,0,1,0,0,1,1,0,4,4,2,0,2,0,"0000000",99,98,99,98,99,98,0,0,0,1,0
53,530063,1,1,0,1,1,1,1,53,0,12,3,2016,7,2,45,0,2,3,2,4,"CR-SPANAWAY LP RD S","171ST ST S",9,47.10193889,-122.451575,0,9,0,0,3,3,0,1,2,2,0,2,0,"0000000",99,98,99,98,88,88,0,0,0,1,0
53,530064,2,2,0,0,0,4,4,33,1030,13,3,2016,1,19,27,0,2,3,1,3,"SR-516","WEILAND ST",66,47.38095833,-122.21901389,0,12,6,0,2,4,0,1,5,2,0,2,0,"0000000",99,99,99,99,99,99,0,0,0,2,0
53,530065,1,1,0,0,0,1,1,41,0,13,3,2016,1,0,15,0,1,5,2,4,"CR-CENTRALIA ALFA RD","",125,46.62645833,-122.73873611,0,42,0,0,1,1,0,4,2,2,0,2,0,"0000000",99,98,99,98,88,88,0,0,0,1,1
53,530066,1,1,0,1,1,1,1,61,1338,9,3,2016,4,19,10,0,2,3,1,3,"SR-527","SEATTLE HILL RD",36,47.84445278,-122.21587222,0,8,0,0,3,3,0,1,3,2,0,2,0,"0000000",99,98,99,98,88,88,0,0,0,1,0
53,530067,1,1,0,0,0,1,1,5,0,17,3,2016,5,22,55,0,1,5,1,3,"SR-224","",28,46.27211944,-119.43370278,0,1,0,0,1,1,0,4,2,1,0,1,0,"0000000",99,98,99,98,88,88,0,0,0,1,1
53,530068,3,1,2,1,1,1,1,33,0,11,3,2016,6,15,51,0,2,2,1,3,"SR-18","",161,47.39296944,-122.04930833,0,14,0,0,1,1,0,2,1,2,0,2,0,"0000000",99,98,99,98,99,98,23,0,0,1,0
53,530069,2,2,0,0,0,2,2,63,0,11,3,2016,6,4,9,0,1,5,2,4,"CR-ARGONNE","",27,47.72487222,-117.2868,0,12,2,0,1,1,0,1,2,1,0,1,0,"0000000",99,98,99,98,99,98,0,0,0,1,0
53,530070,2,2,0,0,0,4,4,47,0,15,3,2016,3,15,17,1,1,3,1,2,"US-97","",3105,48.85172222,-119.40841667,0,12,6,0,4,1,0,1,1,1,0,1,0,"0000000",99,99,99,99,99,99,0,0,0,1,0
53,530071,2,2,0,0,0,2,2,33,0,15,3,2016,3,8,30,1,1,2,1,2,"US-2","",609,47.72022778,-121.13193889,0,12,6,0,1,1,0,1,1,10,0,10,0,"0000000",99,98,99,98,99,98,0,0,0,1,0
53,530072,3,3,0,0,0,7,7,33,1960,16,3,2016,4,0,15,0,2,3,4,6,"BOREN AVE","JAMES ST",0,47.60646667,-122.32254444,0,12,6,0,2,2,0,1,3,1,0,1,0,"0000000",99,98,99,98,99,98,0,0,0,1,1
53,530073,2,2,0,0,0,2,2,33,0,18,3,2016,6,14,59,0,1,6,2,4,"CR-SE GREEN VALLEY RD","SE 352ND ST",28,47.28628889,-122.13531389,0,31,0,0,1,1,0,4,1,1,0,1,0,"0000000",99,98,99,98,88,88,0,0,0,1,0
53,530074,1,1,0,1,1,1,1,33,1958,28,2,2016,1,3,34,1,2,1,1,1,"I-5","",1492,47.40454722,-122.29264722,0,8,0,0,1,1,0,1,3,1,0,1,0,"0000000",99,98,99,98,88,88,0,0,0,1,0
53,530075,2,1,1,0,1,1,2,61,690,29,2,2016,2,2,56,1,2,1,1,1,"I-5","",1901,47.92640833,-122.2027,0,25,0,0,1,1,0,3,3,10,0,10,0,"0000000",99,98,99,98,88,88,0,0,0,1,1
53,530076,2,2,0,0,0,2,2,61,0,19,3,2016,7,19,42,0,2,5,2,4,"CR-60TH ST SE","",4,47.94227222,-122.15185,0,12,6,0,8,1,0,1,2,10,0,10,0,"0000000",99,98,99,98,88,88,0,0,0,1,1
53,530077,1,1,0,1,1,2,2,63,0,19,3,2016,7,14,28,0,2,3,2,4,"CR-MARKET","",37,47.76623333,-117.35529444,0,8,0,0,1,1,0,2,1,1,0,1,0,"0000000",99,98,99,98,88,88,0,0,0,1,1
53,530078,2,2,0,1,1,2,2,11,0,14,3,2016,2,23,22,1,2,1,1,1,"I-5","",34,45.66437778,-122.66739722,0,8,0,0,1,1,0,1,3,2,0,2,0,"0000000",99,98,99,98,88,88,0,0,0,1,1
53,530079,6,6,0,0,0,10,10,53,0,20,3,2016,1,15,43,0,2,2,1,3,"SR-512","SR-7",6,47.15785833,-122.43423889,0,12,8,1,3,2,0,1,1,10,0,10,0,"0000000",99,98,99,98,99,98,0,0,0,2,0
53,530080,2,1,1,1,1,2,2,77,2590,6,2,2016,7,23,8,0,2,7,4,6,"S 6TH AVE","W LOGAN AVE",0,46.579775,-120.5134,0,9,0,0,2,2,0,1,3,1,0,1,0,"0000000",99,98,99,98,88,88,0,0,0,1,1
53,530081,1,1,0,1,1,2,2,53,2230,16,2,2016,3,22,46,0,2,3,1,3,"SR-7","",533,47.16924444,-122.43410833,0,8,0,0,1,1,0,1,3,98,0,98,0,"0000000",99,99,99,99,88,88,0,0,0,1,0
53,530082,2,2,0,0,0,3,3,27,1230,20,3,2016,1,13,0,0,1,2,1,3,"SR-8","SR-108",60,47.04515278,-123.26315,0,12,6,0,2,2,0,1,1,2,0,2,0,"0000000",99,98,99,98,99,98,0,0,0,1,0
53,530084,1,1,0,0,0,1,1,53,0,24,3,2016,5,9,12,0,1,4,1,3,"SR-706","",80,46.75839167,-122.02970278,0,35,0,0,1,1,0,4,1,1,0,1,0,"0000000",99,98,99,98,88,88,0,0,0,1,0
53,530085,2,1,1,0,2,3,5,53,2230,23,3,2016,4,10,41,0,2,5,4,6,"MLK JR WAY ALLEY E","S 14TH ST",0,47.24900833,-122.45104167,0,18,0,0,3,2,3,2,1,2,0,2,0,"0000000",99,99,99,99,99,99,0,0,0,3,0
53,530086,2,2,0,0,0,2,2,33,1960,25,3,2016,6,2,21,0,2,3,4,6,"AIRPORT WAY S","8TH AVE S",0,47.59283056,-122.32293611,0,30,0,0,3,4,0,4,3,1,0,1,0,"0000000",99,99,99,99,99,99,0,0,0,1,1
53,530087,2,2,0,0,0,3,3,37,0,26,3,2016,7,2,26,1,1,1,1,1,"I-82","",169,46.773225,-120.37626111,0,12,1,0,1,1,0,1,2,1,0,1,0,"0000000",99,99,99,99,99,99,0,0,0,1,1
53,530088,1,1,0,1,1,2,2,33,0,26,3,2016,7,0,6,0,2,3,2,4,"CR-SE 128TH ST","",43,47.48761111,-122.10528333,0,8,0,0,1,1,0,1,3,10,0,10,0,"0000000",99,98,99,98,88,88,0,0,0,1,0
53,530089,2,2,0,0,0,2,2,21,0,27,3,2016,1,16,0,0,1,5,2,4,"CR-TAYLOR FLATS RD","SELPH LANDING RD",21,46.32912222,-119.18905556,0,12,6,0,2,2,0,1,1,1,0,1,0,"0000000",99,98,99,98,99,98,0,0,0,1,0
53,530090,1,1,0,1,1,1,1,11,2370,31,3,2016,5,22,27,0,2,3,4,6,"NE 112TH AVE","",0,45.62459167,-122.55763333,0,8,0,0,1,1,0,1,3,1,0,1,0,"0000000",99,98,99,98,99,98,0,0,0,1,0
53,530091,2,2,0,0,0,2,2,33,0,16,3,2016,4,14,34,0,1,4,1,3,"SR-203","",4,47.57443889,-121.88941944,0,12,2,0,1,1,0,1,1,1,0,1,0,"0000000",99,98,99,98,99,98,0,0,0,1,0
53,530092,1,1,0,0,0,1,1,37,0,27,3,2016,1,2,0,0,1,5,2,4,"CR-KITTITAS HWY","",29,46.98515556,-120.48738333,0,32,0,0,1,1,0,4,2,1,0,1,0,"0000000",99,98,99,98,88,88,0,0,0,1,0
53,530093,1,1,0,0,0,1,1,33,735,27,3,2016,1,3,6,0,2,5,4,6,"20TH AVE S","",0,47.31758889,-122.30811111,0,39,0,0,8,1,0,4,3,10,0,10,0,"0000000",99,98,99,98,88,88,0,0,0,1,0