"STATE","ST_CASE","VE_TOTAL","VE_FORMS","PVH_INVL","PEDS","PERNOTMVIT","PERMVIT","PERSONS","COUNTY","CITY","DAY","MONTH","YEAR","DAY_WEEK","HOUR","MINUTE","NHS","RUR_URB","FUNC_SYS","RD_OWNER","ROUTE","TWAY_ID","TWAY_ID2","MILEPT","LATITUDE","LONGITUD","SP_JUR","HARM_EV","MAN_COLL","RELJCT1","RELJCT2","TYP_INT","WRK_ZONE","REL_ROAD","LGT_COND","WEATHER1","WEATHER2","WEATHER","SCH_BUS","RAIL","NOT_HOUR","NOT_MIN","ARR_HOUR","ARR_MIN","HOSP_HR","HOSP_MN","CF1","CF2","CF3","FATALS","DRUNK_DR"
54,540128,1,1,0,0,0,1,1,11,130,5,8,2016,6,4,57,0,2,7,1,4,"CR-31/11","",2,38.36071389,-82.24864722,0,42,0,0,1,1,0,4,2,10,0,10,0,"0000000",99,99,99,99,88,88,0,0,0,1,1
54,540129,1,1,0,0,0,1,1,25,2462,9,8,2016,3,6,0,1,1,3,1,1,"I-64","",1510,37.86666111,-80.70654444,0,50,0,0,1,1,0,1,4,1,0,1,0,"0000000",99,99,99,99,88,88,0,0,0,1,0
54,540130,1,1,0,0,0,2,2,35,1348,10,8,2016,4,4,1,0,1,7,1,4,"CR-19/10","",8,38.649975,-81.55985,0,1,0,0,1,1,0,4,2,1,0,1,0,"0000000",99,99,99,99,88,88,0,0,0,1,1
54,540131,1,1,0,0,0,1,1,3,1660,10,8,2016,4,20,37,0,2,4,1,2,"US-11","",124,39.457025,-77.97017778,0,30,0,0,1,1,0,4,3,1,0,1,0,"0000000",20,41,20,48,21,11,0,0,0,1,1
54,540132,1,1,0,0,0,3,3,31,1830,11,8,2016,5,10,56,0,1,4,1,2,"US-220","",98,39.01436944,-78.99982778,0,35,0,0,1,1,0,4,1,1,0,1,0,"0000000",10,57,11,7,13,3,19,0,0,1,0
54,540133,1,1,0,1,1,2,2,3,1307,13,8,2016,7,22,50,0,1,4,1,2,"US-11","",124,39.36730556,-78.03102222,0,8,0,0,1,1,0,1,2,1,0,1,0,"0000000",88,88,88,88,88,88,20,0,0,1,0
54,540134,1,1,0,0,0,1,1,87,75,13,8,2016,7,6,49,1,1,1,1,1,"I-79","",290,38.58588333,-81.19709722,0,1,0,0,1,1,0,1,1,10,0,10,0,"0000000",99,99,99,99,88,88,0,0,0,1,0
54,540135,1,1,0,0,0,1,1,21,1946,13,8,2016,7,22,0,0,1,4,1,2,"US-33","",65,38.85090556,-80.93935278,0,11,0,0,1,1,0,1,2,1,0,1,0,"0000000",99,99,99,99,99,99,0,0,0,1,0
54,540136,1,1,0,0,0,1,1,3,1660,12,8,2016,6,16,50,0,1,7,1,6,"PENNSYLVANIA AVE","",0,39.46433333,-77.96093611,0,39,0,0,1,1,0,4,1,1,0,1,0,"0000000",99,99,99,99,99,99,0,0,0,1,0
54,540137,1,1,0,1,1,1,1,45,1230,15,8,2016,2,21,55,0,2,6,1,4,"CR-18","",20,37.82344444,-82.06005556,0,8,0,0,1,1,0,1,2,1,0,1,0,"0000000",22,4,22,8,22,29,0,0,0,1,0
54,540138,1,1,0,0,0,1,1,47,1326,17,8,2016,4,15,0,0,1,7,1,4,"CR-635/1","",4,37.32355556,-81.79367222,0,1,0,0,1,1,0,4,1,1,0,1,0,"0000000",99,99,99,99,88,88,0,0,0,1,0
54,540139,1,1,0,1,1,2,2,109,1511,18,8,2016,5,21,3,0,1,6,1,4,"CR-6/2","",44,37.64199167,-81.77319722,0,8,0,0,1,1,0,1,2,1,0,1,0,"0000000",21,15,21,35,99,96,0,0,0,1,0
54,540140,1,1,0,0,0,1,1,99,0,22,8,2016,2,19,15,1,1,3,1,2,"US-52","",272,38.12755278,-82.58206389,0,43,0,0,1,1,0,4,1,1,0,1,0,"0000000",99,99,99,99,88,88,0,0,0,1,0
54,540141,1,1,0,0,0,1,1,77,1410,22,8,2016,2,2,10,0,1,7,1,4,"CR-92/4","",29,39.48931111,-79.75603611,0,18,0,0,1,1,0,4,2,1,0,1,0,"0000000",2,18,2,27,88,88,0,0,0,1,1
54,540142,1,1,0,0,0,1,1,11,130,24,8,2016,4,12,2,1,2,1,1,1,"I-64","",180,38.41686389,-82.28164722,0,35,0,0,1,1,0,4,1,1,0,1,0,"0000000",12,2,12,10,12,35,0,0,0,1,0
54,540143,1,1,0,0,0,1,1,49,840,24,8,2016,4,21,42,0,2,4,1,2,"US-19","",108,39.49403611,-80.14276111,0,1,0,0,1,1,0,1,1,1,0,1,0,"0000000",99,99,99,99,99,99,0,0,0,1,1
54,540144,1,1,0,0,0,1,1,81,170,25,8,2016,5,22,8,1,2,1,1,1,"I-64","",1230,37.75856944,-81.21290833,0,50,0,0,1,1,0,3,2,10,0,10,0,"0000000",88,88,88,88,88,88,0,0,0,1,0
54,540145,1,1,0,0,0,1,1,33,0,25,8,2016,5,15,0,0,1,4,1,3,"SR-20","",297,39.37439722,-80.34784167,0,35,0,0,1,1,0,4,1,1,0,1,0,"0000000",99,99,99,99,88,88,0,0,0,1,0
54,540146,1,1,0,0,0,5,5,3,1660,27,8,2016,7,15,40,1,2,1,1,1,"I-81","",132,39.47098056,-77.98848611,0,42,0,0,1,1,0,4,1,1,0,1,0,"0000000",99,99,99,99,99,99,0,0,0,1,0
54,540147,2,2,0,0,0,3,3,83,1955,5,8,2016,6,14,0,0,1,5,1,4,"CR-151","",53,38.93742778,-79.96566111,0,12,6,0,1,1,0,1,1,1,0,1,0,"0000000",14,5,14,20,88,88,0,0,0,1,0
54,540148,2,2,0,0,0,3,3,61,1840,9,8,2016,3,12,42,1,2,1,1,1,"I-68","",10,39.58079444,-79.96413889,0,12,1,0,1,1,0,1,1,1,0,1,0,"0000000",99,99,99,99,99,99,0,0,0,1,0
54,540149,2,2,0,0,0,2,2,39,1205,10,8,2016,4,17,46,0,1,5,1,3,"SR-94","",11,38.18343611,-81.62869167,0,12,2,0,1,1,0,1,1,1,0,1,0,"0000000",99,99,99,99,99,99,0,0,0,1,1
54,540150,2,2,0,0,0,6,6,61,2800,15,8,2016,2,17,35,1,2,3,1,1,"I-79","",1550,39.65245,-80.00858333,0,12,7,0,1,1,0,1,1,1,0,1,0,"0000000",99,99,99,99,99,99,0,0,0,1,0
54,540151,1,1,0,0,0,1,1,39,2149,1,9,2016,5,12,54,0,1,6,1,4,"CR-57/6","SPANGLER RD",5,38.31715833,-81.26645833,0,34,0,0,1,1,0,4,1,1,0,1,0,"0000000",12,50,13,10,14,34,0,0,0,1,0
54,540152,1,1,0,0,0,1,1,61,1840,1,9,2016,5,14,44,0,1,5,1,4,"CR-73","",47,39.59418056,-79.96319444,0,35,0,0,1,1,0,4,1,1,0,1,0,"0000000",14,44,14,52,88,88,0,0,0,1,0
54,540153,1,1,0,0,0,1,1,107,185,3,9,2016,7,0,1,0,1,5,1,3,"SR-68","",26,39.14683056,-81.71960833,0,32,0,0,1,1,0,4,2,1,0,1,0,"0000000",0,3,0,14,88,88,0,0,0,1,1
54,540154,1,1,0,0,0,1,1,27,410,11,9,2016,1,3,40,0,1,4,1,2,"US-50","",24,39.29111111,-78.40056111,0,32,0,0,1,1,0,4,2,1,0,1,0,"0000000",99,99,99,99,88,88,0,0,0,1,1
54,540155,1,1,0,0,0,1,1,7,0,14,9,2016,4,9,16,1,1,1,1,1,"I-79","",545,38.60983056,-80.82812778,0,1,0,0,1,1,0,3,1,1,0,1,0,"0000000",9,16,99,99,99,99,0,0,0,1,0
54,540156,1,1,0,1,1,1,1,11,1270,15,9,2016,5,17,26,0,2,7,1,6,"8TH AVE","22ND ST",0,38.41928889,-82.4179,0,8,0,0,2,2,0,1,1,10,0,10,0,"0000000",17,31,17,37,17,47,0,0,0,1,0
54,540157,1,1,0,0,0,2,2,23,106,16,9,2016,6,10,50,0,1,5,1,4,"CR-5","",81,39.07833056,-79.11111111,0,42,0,0,1,1,0,4,1,1,0,1,0,"0000000",10,6,11,1,99,96,0,0,0,2,0
54,540158,1,1,0,0,0,4,4,77,0,19,9,2016,2,17,48,1,1,1,1,1,"I-68","",250,39.66171667,-79.62231944,0,1,0,0,1,1,0,1,1,1,0,1,0,"0000000",99,99,99,99,99,99,0,0,0,2,0
54,540159,1,1,0,0,0,1,1,79,0,23,9,2016,6,17,2,0,1,5,1,4,"CR-19","HURRICANE CREEK RD",59,38.44405556,-82.02019722,0,42,0,0,1,1,0,4,1,1,0,1,0,"0000000",99,99,99,99,99,99,0,0,0,1,0
54,540160,1,1,0,0,0,1,1,81,2470,23,9,2016,6,13,35,0,1,7,1,5,"E MAIN ST","",0,37.70780833,-81.24875833,0,30,0,0,1,1,0,4,1,1,0,1,0,"0000000",99,99,99,99,99,99,0,0,0,1,0
54,540161,1,1,0,0,0,2,2,1,1781,24,9,2016,7,16,26,0,1,5,1,3,"SR-38","",60,39.176425,-79.91374722,0,34,0,0,1,1,0,4,1,1,0,1,0,"0000000",99,99,99,99,88,88,0,0,0,2,0
54,540162,1,1,0,0,0,1,1,99,1350,24,9,2016,7,21,4,0,2,4,1,3,"SR-75","",3,38.35986667,-82.56636667,0,42,0,0,1,1,0,4,2,1,0,1,0,"0000000",88,88,88,88,88,88,0,0,0,1,1
54,540163,1,1,0,1,1,2,2,39,814,24,9,2016,7,22,15,0,2,4,1,2,"US-119","GIVENS PARK RD",295,38.43759722,-81.4891,0,9,0,0,2,3,0,1,2,1,0,1,0,"0000000",22,16,22,30,88,88,16,0,0,1,0
54,540164,1,1,0,0,0,1,1,83,810,24,9,2016,7,15,6,0,1,5,1,4,"CR-21","GEORGETOWN RD",98,38.91483333,-79.86571667,0,1,0,0,1,1,0,1,1,1,0,1,0,"0000000",15,14,15,45,15,45,0,0,0,1,0
54,540165,1,1,0,0,0,1,1,49,840,26,9,2016,2,5,0,0,2,4,1,2,"US-19","",106,39.48967778,-80.14199722,0,19,0,0,1,1,0,4,2,1,0,1,0,"0000000",99,99,99,99,88,88,0,0,0,1,1
54,540166,1,1,0,0,0,3,3,25,1470,30,9,2016,6,9,38,1,1,1,1,1,"I-64","",1655,37.85868333,-80.51803056,0,35,0,0,1,1,0,4,1,2,0,2,0,"0000000",99,99,99,99,99,99,0,0,0,1,0
54,540167,4,4,0,0,0,2,2,61,1840,9,8,2016,3,4,0,1,2,1,1,1,"I-79","",1500,39.614425,-79.99134722,0,12,1,0,1,1,0,1,2,1,0,1,0,"0000000",4,5,4,12,88,88,0,0,0,1,0
54,540168,6,6,0,0,0,10,10,79,2402,16,8,2016,3,15,5,1,2,3,1,1,"I-64","",415,38.45579722,-81.8865,0,12,2,0,1,1,0,1,1,1,0,1,0,"0000000",15,12,15,37,15,39,0,0,0,1,0
54,540169,2,2,0,0,0,2,2,41,2322,19,8,2016,6,21,50,1,1,2,1,1,"I-79","",865,38.93918056,-80.54190556,0,51,0,0,1,1,0,1,2,2,0,2,0,"0000000",99,99,99,99,88,88,0,0,0,1,0
54,540170,2,2,0,0,0,3,3,109,571,20,8,2016,7,16,35,0,1,4,1,3,"SR-97","CR-6/2",21,37.58989167,-81.77046389,0,12,6,0,2,3,0,1,1,1,0,1,0,"0000000",16,52,17,20,18,0,0,0,0,1,0
54,540171,2,2,0,0,0,2,2,5,650,26,8,2016,6,6,31,1,1,3,1,2,"US-119","",130,38.07089167,-81.84414722,0,12,1,0,1,1,0,1,4,5,0,5,0,"0000000",99,99,99,99,99,99,0,0,0,1,0
54,540172,1,1,0,0,0,1,1,53,1465,3,7,2016,1,0,18,0,1,7,1,4,"CR-6","",0,38.96288611,-81.98116111,0,42,0,0,1,1,0,4,2,1,0,1,0,"0000000",99,99,99,99,99,99,0,0,0,1,0
54,540173,1,1,0,1,1,1,1,33,0,4,7,2016,2,3,40,1,2,3,1,2,"US-50","",85,39.29690278,-80.20526111,0,8,0,0,1,1,0,1,2,10,0,10,0,"0000000",99,99,99,99,88,88,0,0,0,1,1
54,540174,2,2,0,0,0,2,2,39,480,9,9,2016,6,20,0,1,2,3,1,3,"SR-25","20",125,38.37476667,-81.66927778,0,12,6,0,2,3,0,1,3,1,0,1,0,"0000000",99,99,99,99,88,88,0,0,0,1,1
54,540175,2,2,0,0,0,8,8,33,320,9,9,2016,6,18,15,1,2,1,1,1,"I-79","",1230,39.32017778,-80.24452222,0,12,2,0,1,1,0,1,1,1,0,1,0,"0000000",99,99,99,99,99,99,0,0,0,3,0
54,540176,2,2,0,0,0,3,3,65,0,16,9,2016,6,16,35,1,1,3,1,3,"SR-9","FAIRFAX ST",276,39.62408889,-78.20607778,0,12,6,0,2,2,0,1,1,1,0,1,0,"0000000",16,41,16,46,18,56,0,0,0,1,1
54,540177,2,2,0,0,0,2,2,33,2390,17,9,2016,7,10,59,1,1,3,1,2,"US-50","",41,39.28841667,-80.52465278,0,12,6,0,1,1,0,1,1,2,0,2,0,"0000000",11,7,11,14,88,88,0,0,0,1,0
54,540178,2,2,0,0,0,2,2,21,0,19,9,2016,2,14,35,0,1,5,1,3,"SR-5","",128,38.93543333,-80.83633333,0,12,6,0,1,1,0,1,1,1,0,1,0,"0000000",99,99,99,99,99,99,0,0,0,1,0
54,540179,2,2,0,0,0,2,2,11,130,23,9,2016,6,17,52,1,2,1,1,1,"I-64","",145,38.41679722,-82.34521389,0,12,1,0,1,1,0,1,1,1,0,1,0,"0000000",17,56,18,17,18,27,0,0,0,1,0
54,540180,2,2,0,0,0,2,2,99,1270,24,9,2016,7,18,6,0,2,4,1,3,"SR-75","",61,38.32723889,-82.48576944,0,12,2,0,1,1,0,1,1,1,0,1,0,"0000000",99,99,99,99,88,88,0,0,0,1,1
54,540181,2,2,0,0,0,3,3,107,2040,26,9,2016,2,19,49,1,2,3,1,3,"SR-95","RAYON DR",55,39.23651944,-81.52696667,0,12,6,0,2,2,0,1,3,10,0,10,0,"0000000",99,99,99,99,99,99,0,0,0,1,0
54,540182,2,2,0,0,0,2,2,3,1307,27,9,2016,3,6,3,1,2,1,1,1,"I-81","",80,39.41093889,-78.01953889,0,12,6,0,1,1,0,1,2,1,0,1,0,"0000000",99,99,99,99,99,99,0,0,0,1,0
54,540183,4,2,2,0,0,2,2,53,2150,28,9,2016,4,14,17,1,1,3,1,3,"SR-2","JERICHO RD",256,38.84845,-82.07697222,0,12,6,0,2,4,0,1,1,1,0,1,0,"0000000",99,99,99,99,99,99,0,0,0,1,0
54,540184,2,2,0,0,0,3,3,45,245,28,9,2016,4,7,0,0,1,4,1,3,"SR-10","LIMESTONE BRANCH RD",6,38.008475,-82.04608333,0,12,6,0,2,3,0,1,1,1,0,1,0,"0000000",99,99,99,99,99,99,0,0,0,1,0
54,540185,4,4,0,0,0,4,4,69,0,29,9,2016,5,21,37,1,2,1,1,1,"I-70","",90,40.06093056,-80.59296944,0,12,6,0,1,1,0,1,2,2,0,2,0,"0000000",99,99,99,99,99,99,0,0,0,1,0
54,540186,1,1,0,0,0,1,1,77,2350,18,9,2016,1,11,21,0,1,4,1,2,"US-50","",184,39.2915,-79.632875,0,1,0,0,1,1,0,1,1,1,0,1,0,"0000000",99,99,99,99,88,88,0,0,0,1,0
54,540187,1,1,0,0,0,1,1,21,1050,2,10,2016,1,9,30,0,1,4,1,2,"US-33","",160,38.92111111,-80.86721944,0,42,0,0,1,1,0,4,1,1,0,1,0,"0000000",99,99,99,99,88,88,0,0,0,1,1
54,540188,1,1,0,0,0,1,1,65,0,4,10,2016,3,5,5,1,1,3,1,3,"SR-9","",256,39.62972778,-78.22568333,0,30,0,0,1,1,0,4,3,1,0,1,0,"0000000",99,99,99,99,99,99,0,0,0,1,0
54,540189,1,1,0,0,0,2,2,43,1742,7,10,2016,6,14,0,0,1,4,1,3,"SR-10","",190,38.32811389,-82.22715278,0,30,0,0,1,1,0,4,1,1,0,1,0,"0000000",14,7,15,20,16,15,0,0,0,1,0
54,540190,1,1,0,0,0,1,1,63,2650,8,10,2016,7,17,15,1,1,3,1,2,"US-219","",182,37.53870278,-80.59875278,0,35,0,0,1,1,0,4,1,2,0,2,0,"0000000",99,99,99,99,88,88,0,0,0,1,0
54,540191,1,1,0,0,0,2,2,61,1840,14,10,2016,6,21,22,1,2,3,1,1,"I-81","",10,39.58253889,-79.95791111,0,1,0,1,5,1,0,4,3,1,0,1,0,"0000000",21,25,21,37,22,30,0,0,0,1,0
54,540192,1,1,0,0,0,1,1,25,1470,26,10,2016,4,13,25,1,2,1,1,1,"I-64","",1715,37.80737222,-80.40722222,0,1,0,0,1,1,0,3,1,1,0,1,0,"0000000",99,99,99,99,88,88,0,0,0,1,0
54,540193,1,1,0,0,0,2,2,25,2840,30,10,2016,1,15,55,1,1,1,1,1,"I-64","",1740,37.77331389,-80.37635833,0,23,0,0,1,1,0,3,1,1,0,1,0,"0000000",99,99,99,99,99,99,0,0,0,1,1
54,540194,1,1,0,0,0,3,3,47,630,7,10,2016,6,11,30,0,1,4,1,4,"CR-14","",15,37.42129722,-81.34579167,0,34,0,0,1,1,0,4,1,2,0,2,0,"0000000",99,99,99,99,88,88,0,0,0,1,0
54,540195,1,1,0,0,0,1,1,71,2653,16,10,2016,1,19,25,0,1,7,1,4,"CR-1","",79,38.82423889,-79.19243056,0,42,0,0,1,1,0,4,2,1,0,1,0,"0000000",99,99,99,99,88,88,0,0,0,1,0
54,540196,1,1,0,1,1,1,1,39,480,21,10,2016,6,22,37,0,2,4,1,2,"US-60","LEE ST",168,38.35591389,-81.63858056,0,8,0,0,2,2,0,1,2,10,0,10,0,"0000000",99,99,99,99,99,99,0,0,0,1,0
54,540197,1,1,0,0,0,1,1,7,0,25,10,2016,3,6,22,0,1,7,1,4,"CR-26","",25,38.77009722,-80.69288889,0,16,0,0,1,1,0,1,3,5,0,5,0,"0000000",99,99,99,99,88,88,0,0,0,1,0
54,540198,1,1,0,0,0,1,1,1,1781,26,10,2016,4,0,40,0,1,5,1,3,"SR-38","",60,39.17604167,-79.92601944,0,1,0,0,1,1,0,1,2,1,0,1,0,"0000000",0,40,0,45,88,88,0,0,0,1,1
54,540199,1,1,0,1,1,3,3,19,1970,27,10,2016,5,22,0,1,2,3,1,2,"US-19","",90,37.99773889,-81.14259722,0,8,0,0,5,1,0,1,2,10,0,10,0,"0000000",99,99,99,99,88,88,0,0,0,1,0
54,540200,2,2,0,0,0,3,3,91,2438,2,10,2016,1,17,49,0,1,5,1,4,"CR-73","WENDEL RD",26,39.26765833,-80.09916389,0,12,6,0,2,3,0,1,2,1,0,1,0,"0000000",99,99,99,99,99,99,0,0,0,1,1
54,540201,2,2,0,0,0,4,4,39,1205,7,10,2016,6,15,54,0,2,4,1,3,"SR-94","",48,38.21111944,-81.60552778,0,12,2,0,1,1,0,1,1,1,0,1,0,"0000000",16,2,16,20,16,39,0,0,0,2,1
54,540202,2,2,0,0,0,4,4,107,665,12,10,2016,4,9,20,0,2,6,1,3,"SR-47","",75,39.21200556,-81.49474167,0,12,2,0,1,1,0,1,1,1,0,1,0,"0000000",9,30,9,32,10,8,0,0,0,1,0
54,540203,1,1,0,0,0,1,1,77,2590,28,5,2016,7,16,40,0,1,4,1,3,"SR-7","",238,39.44189722,-79.53469167,0,1,0,0,8,1,0,1,1,1,0,1,0,"0000000",99,99,99,99,88,88,0,0,0,1,1
54,540204,1,1,0,0,0,1,1,85,0,3,10,2016,2,16,15,0,1,5,1,4,"CR-17","",73,39.20588611,-81.15765278,0,1,0,0,1,1,0,4,7,1,0,1,0,"0000000",99,99,99,99,88,88,0,0,0,1,1
54,540205,2,2,0,0,0,2,2,55,260,4,10,2016,3,8,50,0,2,6,1,3,"SR-123","",51,37.28628611,-81.21608889,0,12,2,0,1,1,0,1,1,1,0,1,0,"0000000",8,55,8,59,88,88,0,0,0,1,0
54,540206,2,2,0,0,0,3,3,41,1242,12,10,2016,4,15,30,1,2,3,1,2,"US-33","GEORGETOWN RD",228,39.00045556,-80.38320833,0,12,6,0,7,1,0,1,1,1,0,1,0,"0000000",99,99,99,99,99,99,0,0,0,1,0
54,540207,2,2,0,0,0,3,3,49,2843,13,10,2016,5,14,25,0,2,4,1,2,"US-250","CR-73",29,39.42870833,-80.18834722,0,12,6,0,2,2,0,1,1,2,0,2,0,"0000000",99,99,99,99,99,99,0,0,0,2,1
54,540208,4,4,0,0,0,4,4,37,1345,16,10,2016,1,2,33,0,1,5,1,3,"SR-51","",4,39.31748889,-77.98411111,0,12,2,0,1,1,0,1,2,1,0,1,0,"0000000",99,99,99,99,99,99,14,0,0,2,1
54,540209,2,2,0,0,0,4,4,35,2394,16,10,2016,1,16,19,0,1,5,1,4,"CR-21","CR-58",274,38.89638056,-81.66931667,0,12,6,0,2,4,0,1,1,1,0,1,0,"0000000",99,99,99,99,99,99,0,0,0,1,0
54,540210,2,2,0,0,0,2,2,37,2418,26,10,2016,4,7,38,0,2,6,1,4,"CR-17","CR-22",41,39.33843889,-77.83274167,0,12,6,0,2,3,0,1,1,1,0,1,0,"0000000",7,40,7,46,8,22,0,0,0,1,0
54,540212,12,12,0,0,0,12,12,3,1660,16,6,2016,5,16,50,1,2,1,1,1,"I-81","",175,39.50758333,-77.93877222,0,12,6,0,1,1,0,1,1,2,0,2,0,"0000000",16,55,17,5,17,35,19,0,0,1,0
54,540213,1,1,0,0,0,1,1,81,1550,2,11,2016,4,12,16,1,2,1,1,1,"I-77","",420,37.76304722,-81.21428611,0,24,0,1,5,1,0,4,1,1,0,1,0,"0000000",99,99,99,99,88,88,0,0,0,1,0
54,540214,1,1,0,0,0,3,3,3,1660,13,11,2016,1,18,33,1,1,3,1,1,"I-81","",175,39.50727778,-77.93866111,0,7,0,0,1,1,0,1,2,1,0,1,0,"0000000",99,99,99,99,99,99,0,0,0,1,0
54,540215,1,1,0,1,1,1,1,107,2715,15,11,2016,3,17,55,0,2,4,1,3,"SR-68","",122,39.24560833,-81.62226667,0,8,0,0,1,1,0,1,2,10,0,10,0,"0000000",17,57,18,4,18,28,0,0,0,1,0
54,540216,1,1,0,0,0,1,1,47,640,15,11,2016,3,23,40,0,1,4,1,3,"SR-16","",76,37.27848611,-81.62761389,0,1,0,0,1,1,0,4,2,1,0,1,0,"0000000",23,50,23,58,0,35,0,0,0,1,0
54,540217,1,1,0,0,0,1,1,11,1270,16,11,2016,4,10,41,0,2,5,1,6,"WASHINGTON BLVD","",0,38.40298056,-82.42353056,0,35,0,0,1,1,0,4,1,1,0,1,0,"0000000",99,99,99,99,99,99,0,0,0,1,0
54,540218,1,1,0,0,0,1,1,53,1450,23,11,2016,4,14,0,0,1,7,1,4,"CR-33/2","",26,38.70161389,-81.84897222,0,38,0,0,1,1,0,4,1,1,0,1,0,"0000000",14,36,15,12,88,88,0,0,0,1,1
54,540219,1,1,0,0,0,1,1,41,2790,19,11,2016,7,22,30,0,1,7,1,4,"CR-22","",71,39.02866389,-80.48613333,0,30,0,0,1,1,0,4,2,4,0,4,0,"0000000",99,99,99,99,88,88,0,0,0,1,0
54,540220,1,1,0,0,0,1,1,37,2420,25,11,2016,6,14,36,0,1,4,1,4,"CR-480","",53,39.42640556,-77.81500833,0,30,0,0,1,1,0,4,1,10,0,10,0,"0000000",14,37,14,49,15,28,0,0,0,1,0
54,540221,2,2,0,0,0,3,3,27,2330,2,11,2016,4,13,47,0,1,4,1,2,"US-50","",85,39.33322222,-78.74250833,0,12,6,0,1,1,0,1,1,1,0,1,0,"0000000",99,99,99,99,88,88,0,0,0,1,0
54,540222,2,2,0,0,0,3,3,83,240,3,11,2016,5,16,5,1,2,3,1,2,"US-219","",347,38.85974444,-79.86144722,0,12,6,0,8,1,0,1,1,2,0,2,0,"0000000",99,99,99,99,99,99,0,0,0,1,0
54,540223,2,2,0,0,0,2,2,49,0,4,11,2016,6,23,11,0,2,4,1,2,"US-250","",84,39.48775278,-80.1487,0,12,2,0,1,1,0,1,2,1,0,1,0,"0000000",23,11,23,14,23,41,0,0,0,1,1
54,540224,2,2,0,0,0,4,4,87,2510,18,11,2016,6,15,3,0,1,4,1,2,"US-33","",123,38.79843611,-81.34488611,0,12,2,0,1,1,0,1,1,1,0,1,0,"0000000",99,99,99,99,99,99,0,0,0,1,0
54,540225,2,2,0,0,0,2,2,37,2230,19,11,2016,7,14,13,1,2,3,1,3,"SR-9","",44,39.36118611,-77.86525833,0,12,2,0,1,1,0,1,1,10,0,10,0,"0000000",88,88,88,88,88,88,0,0,0,1,0
54,540226,2,2,0,0,0,2,2,77,1890,21,11,2016,2,12,41,0,1,4,1,4,"CR-92","",75,39.36479722,-79.84958611,0,12,2,0,1,1,0,1,1,1,0,1,0,"0000000",12,54,13,4,13,31,0,0,0,1,1
54,540227,2,2,0,0,0,2,2,25,1470,27,11,2016,1,12,42,0,2,4,1,2,"US-60","",320,37.79390278,-80.42721389,0,12,2,0,1,1,0,1,1,1,0,1,0,"0000000",99,99,99,99,99,99,0,0,0,1,0
54,540228,2,2,0,0,0,4,4,11,0,2,12,2016,6,13,18,1,2,3,1,3,"SR-2","",90,38.58513889,-82.25426944,0,12,2,0,1,1,0,1,1,1,0,1,0,"0000000",13,21,13,39,99,99,0,0,0,1,0
54,540229,1,1,0,1,1,1,1,81,170,4,12,2016,1,19,0,0,2,4,1,3,"SR-16","",175,37.78937222,-81.18525556,0,15,0,0,1,1,0,1,3,2,0,2,0,"0000000",19,5,19,9,19,36,20,0,0,1,0
54,540230,1,1,0,1,1,1,1,81,170,4,12,2016,1,22,0,0,2,6,1,3,"SR-16","",165,37.76575556,-81.20264722,0,8,0,0,1,1,0,1,2,2,0,2,0,"0000000",99,99,99,99,88,88,0,0,0,1,0
54,540231,1,1,0,0,0,1,1,99,940,4,12,2016,1,4,55,1,1,3,1,2,"US-52","",291,38.08242778,-82.54711111,0,24,0,0,1,1,0,4,2,1,0,1,0,"0000000",99,98,99,98,88,88,0,0,0,1,1
54,540232,1,1,0,0,0,1,1,55,2180,7,12,2016,4,1,35,0,2,4,1,2,"US-19","",128,37.36510833,-81.10314444,0,39,0,0,1,1,0,4,3,1,0,1,0,"0000000",1,40,1,45,88,88,0,0,0,1,1
54,540233,1,1,0,0,0,3,3,53,1180,7,12,2016,4,12,58,1,1,3,1,6,"CHESTNUT ST","",13,38.83278333,-82.13611667,0,30,0,0,1,1,0,4,1,1,0,1,0,"0000000",99,99,99,99,99,99,0,0,0,1,0
54,540234,1,1,0,0,0,1,1,27,2414,10,12,2016,7,11,2,0,1,4,1,2,"US-50","",134,39.31493889,-78.68873056,0,35,0,0,1,1,0,4,1,1,0,1,0,"0000000",11,2,11,7,11,34,0,0,0,1,0
54,540236,1,1,0,0,0,1,1,69,0,12,12,2016,2,18,46,0,1,5,1,2,"US-40","",131,40.1023,-80.52741944,0,35,0,0,1,1,0,4,2,1,0,1,0,"0000000",18,47,18,57,19,35,0,0,0,1,1
54,540237,2,1,1,1,1,1,1,97,340,5,12,2016,2,9,20,1,1,3,1,2,"US-33","",105,38.99603333,-80.24560556,0,14,0,0,1,1,0,4,1,1,0,1,0,"0000000",9,26,9,34,9,50,23,0,0,1,0
54,540238,2,2,0,0,0,2,2,41,1311,5,12,2016,2,18,50,0,1,5,1,2,"US-19","",316,39.10526389,-80.40814722,0,12,2,0,1,1,0,1,2,1,0,1,0,"0000000",99,99,99,99,99,99,0,0,0,1,1
54,540239,2,2,0,0,0,4,4,81,170,11,12,2016,1,11,25,0,2,6,1,6,"PATCH ST","PLUMLEY AVE",0,37.762675,-81.1715,0,12,6,0,2,2,0,1,1,10,0,10,0,"0000000",99,99,99,99,99,99,0,0,0,1,0
54,540240,1,1,0,0,0,2,2,55,1980,14,12,2016,4,18,29,1,1,3,1,2,"US-460","",225,37.33932778,-80.97104167,0,1,0,0,1,1,0,3,2,1,0,1,0,"0000000",18,29,18,42,20,6,0,0,0,1,0