"STATE","ST_CASE","VE_TOTAL","VE_FORMS","PVH_INVL","PEDS","PERNOTMVIT","PERMVIT","PERSONS","COUNTY","CITY","DAY","MONTH","YEAR","DAY_WEEK","HOUR","MINUTE","NHS","RUR_URB","FUNC_SYS","RD_OWNER","ROUTE","TWAY_ID","TWAY_ID2","MILEPT","LATITUDE","LONGITUD","SP_JUR","HARM_EV","MAN_COLL","RELJCT1","RELJCT2","TYP_INT","WRK_ZONE","REL_ROAD","LGT_COND","WEATHER1","WEATHER2","WEATHER","SCH_BUS","RAIL","NOT_HOUR","NOT_MIN","ARR_HOUR","ARR_MIN","HOSP_HR","HOSP_MN","CF1","CF2","CF3","FATALS","DRUNK_DR"
55,550207,2,2,0,0,0,2,2,131,1890,14,6,2016,3,16,2,0,2,3,1,3,"SR-175 / APPLETON AVE","",99998,43.207325,-88.15939444,0,12,2,0,1,1,0,1,1,1,0,1,0,"0000000",16,2,16,8,16,51,0,0,0,1,0
55,550208,2,2,0,0,0,4,4,101,0,15,6,2016,4,18,0,0,1,5,2,4,"CR-U / 70TH ST","TWO MILE RD",0,42.75722778,-88.01775,0,12,6,0,2,2,0,1,1,1,0,1,0,"0000000",18,8,18,12,18,51,0,0,0,1,0
55,550209,1,1,0,1,1,1,1,13,0,15,6,2016,4,99,99,0,1,7,2,4,"CR-X","",0,45.75778611,-92.15416667,0,8,0,0,1,1,0,1,2,2,0,2,0,"0000000",6,18,6,47,88,88,0,0,0,1,0
55,550210,2,2,0,0,0,2,2,111,0,11,6,2016,7,17,5,0,1,3,3,3,"SR-23","",99998,43.53261667,-89.95798611,0,12,6,0,8,1,0,1,1,1,0,1,0,"0000000",17,12,17,18,99,99,0,0,0,1,1
55,550211,2,2,0,0,0,3,3,59,685,15,6,2016,4,16,37,0,2,5,2,4,"CR-C","",0,42.53901111,-88.06114167,0,12,2,0,1,1,0,1,1,1,0,1,0,"0000000",16,44,16,46,17,10,0,0,0,1,0
55,550212,1,1,0,0,0,1,1,21,0,17,6,2016,6,18,4,0,1,7,3,5,"PETE REAK RD","",0,43.45863889,-89.01350278,0,53,0,0,1,1,0,4,1,1,0,1,0,"0000000",18,6,18,23,88,88,0,0,0,1,1
55,550213,1,1,0,0,0,1,1,125,0,18,6,2016,7,18,33,0,1,5,3,5,"MILITARY RD","",0,45.920525,-89.08416111,0,42,0,0,1,1,0,4,1,1,0,1,0,"0000000",18,37,18,55,88,88,0,0,0,1,1
55,550214,2,2,0,0,0,3,3,105,0,19,6,2016,1,12,48,0,1,4,1,3,"SR-59","",99998,42.82708333,-89.01708333,0,12,2,0,1,1,0,1,1,1,0,1,0,"0000000",12,49,13,0,13,44,0,0,0,1,0
55,550215,1,1,0,0,0,1,1,11,0,20,6,2016,2,16,4,0,1,5,1,3,"SR-121","",99998,44.45832222,-91.58096667,0,34,0,0,1,1,0,4,1,1,0,1,0,"0000000",16,4,16,19,88,88,0,0,0,1,0
55,550216,2,2,0,0,0,3,3,25,0,5,6,2016,1,0,50,0,1,3,1,2,"US-51","I-90 RAMP",99998,43.17943333,-89.324275,0,12,1,1,3,3,0,1,3,10,0,10,0,"0000000",0,54,1,2,1,34,0,0,0,1,0
55,550217,1,1,0,0,0,1,1,19,0,18,6,2016,7,1,25,0,1,7,3,5,"BADGER AVE","",0,45.00936389,-90.35593611,0,34,0,0,1,1,0,4,2,1,0,1,0,"0000000",1,26,1,40,99,99,0,0,0,1,1
55,550218,1,1,0,1,1,1,1,61,0,21,6,2016,3,5,27,0,1,4,1,3,"SR-54","",99998,44.59960556,-87.49910833,0,9,0,0,1,1,0,1,4,1,0,1,0,"0000000",5,31,5,39,88,88,0,0,0,1,0
55,550219,1,1,0,0,0,1,1,101,795,18,6,2016,7,23,18,1,2,3,2,4,"CR-K","",0,42.76053056,-87.91509444,0,10,0,0,6,1,0,1,3,1,0,1,0,"387995W",23,39,99,99,99,99,0,0,0,1,0
55,550220,1,1,0,0,0,1,1,27,5050,20,6,2016,2,15,43,0,2,7,4,6,"WELSH RD","",0,43.21136111,-88.76188889,0,21,0,0,1,1,0,4,1,10,0,10,0,"0000000",15,45,15,54,99,99,0,0,0,1,0
55,550221,3,3,0,0,0,6,6,39,1730,22,6,2016,4,11,46,1,2,1,1,1,"I-41","",99998,43.77974444,-88.48229167,0,12,1,0,1,1,3,1,1,1,0,1,0,"0000000",99,99,99,99,99,99,3,0,0,2,0
55,550222,1,1,0,1,1,1,1,25,2780,22,6,2016,4,14,31,1,2,2,1,3,"SR-30","",99998,43.10629167,-89.30897778,0,8,0,0,1,1,0,1,1,1,0,1,0,"0000000",99,99,99,99,88,88,0,0,0,1,0
55,550223,1,1,0,2,2,1,1,133,708,19,6,2016,1,21,11,1,2,3,2,4,"CR-O / MOORLAND RD","SR-59 / GREENFIELD AVE",0,43.01686389,-88.10698333,0,8,0,0,2,2,0,1,3,1,0,1,0,"0000000",21,12,99,99,99,99,0,0,0,1,1
55,550224,1,1,0,0,0,2,2,109,2220,25,6,2016,7,4,2,0,2,3,4,6,"CARMICHAEL RD","",0,44.94680556,-92.73136111,0,34,0,0,1,1,0,4,3,1,0,1,0,"0000000",4,16,99,97,99,97,0,0,0,1,1
55,550225,2,2,0,0,0,2,2,63,0,25,6,2016,7,15,45,0,1,7,2,4,"CR-S","",0,43.94328889,-91.15623611,0,12,2,0,1,1,0,1,1,1,0,1,0,"0000000",15,47,15,58,99,99,0,0,0,1,0
55,550226,1,1,0,0,0,3,3,101,3970,25,6,2016,7,1,5,0,2,4,4,6,"MARQUETTE ST","",0,42.73436111,-87.79289167,0,30,0,0,1,1,0,4,3,1,0,1,0,"0000000",1,6,1,12,2,50,0,0,0,1,1
55,550227,1,1,0,0,0,1,1,101,795,25,6,2016,7,22,4,0,2,7,2,4,"CR-V","",0,42.79748056,-87.93428056,0,11,0,0,1,1,0,1,2,1,0,1,0,"0000000",22,3,99,99,99,99,0,0,0,1,0
55,550228,2,2,0,0,0,4,4,79,3100,25,6,2016,7,15,34,0,2,4,4,6,"TEUTONIA AVE N","",0,43.10671667,-87.94776944,0,12,6,0,8,1,0,1,1,1,0,1,0,"0000000",99,99,99,99,99,99,0,0,0,1,2
55,550229,2,2,0,0,0,3,3,95,0,28,6,2016,3,15,53,1,1,3,1,2,"US-8","",99998,45.39594167,-92.42268056,0,12,1,0,1,1,0,1,1,1,0,1,0,"0000000",15,53,16,11,99,99,0,0,0,1,0
55,550230,1,1,0,0,0,1,1,141,510,25,6,2016,7,23,8,0,2,4,2,4,"CR-U","",0,44.43322778,-89.77348611,0,39,0,0,1,1,0,4,3,10,0,10,0,"0000000",23,14,23,18,1,21,0,0,0,1,1
55,550231,1,1,0,0,0,1,1,25,0,29,6,2016,4,18,6,0,1,5,2,4,"CR-B","",0,42.96422222,-89.04035278,0,53,0,0,1,1,0,4,1,1,0,1,0,"0000000",18,18,18,24,88,88,0,0,0,1,0
55,550232,2,2,0,0,0,2,2,81,0,21,6,2016,3,13,20,0,1,3,1,3,"SR-27","SR-33",99998,43.74196667,-90.79396389,0,12,6,0,2,2,0,1,1,1,0,1,0,"0000000",13,24,13,30,99,99,0,0,0,1,0
55,550233,1,1,0,0,0,1,1,93,0,29,6,2016,4,15,30,0,1,4,1,3,"SR-35","",99998,44.58644722,-92.38133889,0,34,0,0,1,1,0,4,1,10,0,10,0,"0000000",88,88,88,88,88,88,0,0,0,1,0
55,550234,3,3,0,0,0,4,4,115,0,30,6,2016,5,18,28,0,1,3,1,3,"SR-47","",99998,44.63886389,-88.44543333,0,12,2,0,1,1,0,1,1,10,0,10,0,"0000000",99,99,99,99,99,99,14,0,0,1,0
55,550235,1,1,0,0,0,2,2,133,0,30,6,2016,5,23,45,0,1,4,3,5,"MAPLE AVE","",0,43.14181111,-88.22390833,0,43,0,0,1,1,0,5,2,2,0,2,0,"0000000",23,43,23,49,88,88,0,0,0,2,1
55,550236,1,1,0,1,1,1,1,139,3280,16,6,2016,5,8,9,0,2,7,4,6,"CAMPBELL ST","",0,44.16024444,-88.45976944,0,9,0,0,1,1,0,1,1,10,0,10,0,"0000000",8,9,99,99,99,99,0,0,0,1,0
55,550237,1,1,0,0,0,1,1,27,1780,24,6,2016,6,16,44,0,2,7,4,6,"MILL RD","",0,43.55274722,-88.92068056,0,1,0,0,1,1,0,4,1,10,0,10,0,"0000000",99,99,99,99,99,99,0,0,0,1,0
55,550238,1,1,0,0,0,1,1,9,2211,12,6,2016,1,16,47,0,2,4,2,4,"CR-HS","GLENDALE AVE",0,44.56216111,-88.07345833,0,33,0,0,3,2,0,4,1,1,0,1,0,"0000000",16,48,16,50,17,13,0,0,0,1,1
55,550239,1,1,0,0,0,1,1,5,0,24,6,2016,6,14,46,0,1,5,2,4,"CR-V / 28TH AVE","",0,45.60968056,-91.61791389,0,35,0,0,1,1,0,4,1,1,0,1,0,"0000000",14,49,15,8,88,88,0,0,0,1,0
55,550240,1,1,0,0,0,1,1,91,0,29,6,2016,4,14,8,0,1,5,2,4,"CR-N","",0,44.55332222,-92.04055,0,11,0,0,1,1,0,1,1,10,0,10,0,"0000000",14,11,14,25,99,99,0,0,0,1,0
55,550241,1,1,0,0,0,2,2,99,0,25,6,2016,7,10,23,0,1,6,2,4,"CR-D","",0,45.5625,-90.11521944,0,10,0,0,6,1,0,1,1,1,0,1,0,"691366U",99,99,99,99,99,99,0,0,0,1,0
55,550242,1,1,0,0,0,1,1,83,0,27,6,2016,2,0,15,0,1,4,1,3,"SR-32","",99998,45.1324,-88.43689167,0,34,0,0,1,1,0,4,3,1,0,1,0,"0000000",0,17,0,33,88,88,0,0,0,1,1
55,550243,1,1,0,0,0,1,1,43,0,2,7,2016,7,99,99,0,1,7,3,5,"READY HOLLOW RD","",0,42.93034167,-91.09461389,0,42,0,0,1,1,0,5,9,99,0,99,0,"0000000",4,21,4,43,88,88,0,0,0,1,1
55,550244,1,1,0,0,0,2,2,35,0,1,7,2016,6,16,45,0,1,4,1,3,"SR-85","",99998,44.75572778,-91.58111667,0,34,0,0,1,1,0,4,1,1,0,1,0,"0000000",16,52,16,58,17,50,0,0,0,2,0
55,550245,1,1,0,0,0,1,1,139,0,1,7,2016,6,21,53,0,1,5,2,4,"CR-E","",99998,44.01189167,-88.83005,0,42,0,0,1,1,0,5,2,1,0,1,0,"0000000",22,5,22,20,88,88,0,0,0,1,0
55,550246,1,1,0,0,0,1,1,73,0,2,7,2016,7,19,13,0,1,5,2,4,"CR-Y","",0,44.79916389,-89.37122222,0,30,0,0,1,1,0,4,1,1,0,1,0,"0000000",99,99,99,99,88,88,0,0,0,1,1
55,550247,1,1,0,1,1,1,1,117,0,3,7,2016,1,99,99,0,1,5,2,4,"CR-P","",0,43.81751111,-88.04103611,0,8,0,0,1,1,0,1,3,1,0,1,0,"0000000",88,88,88,88,88,88,0,0,0,1,0
55,550248,2,2,0,0,0,3,3,25,0,3,7,2016,1,14,25,0,1,5,2,4,"CR-G","RETTENMUND RD",0,42.9378,-89.67270278,0,12,2,0,3,3,0,1,1,1,0,1,0,"0000000",14,27,14,40,88,88,0,0,0,2,0
55,550249,2,2,0,0,0,7,7,81,0,4,7,2016,2,7,38,0,1,3,1,3,"SR-27","",99998,44.06015833,-90.86198889,0,12,2,0,1,1,0,1,1,10,0,10,0,"0000000",7,41,7,48,99,99,0,0,0,1,0
55,550250,2,2,0,0,0,3,3,27,0,4,7,2016,2,17,33,0,1,4,1,3,"SR-33","",99998,43.55795278,-88.96352222,0,12,6,0,1,1,0,1,1,1,0,1,0,"0000000",99,99,99,99,99,99,0,0,0,1,0
55,550251,2,2,0,0,0,2,2,111,0,4,7,2016,2,18,45,1,1,3,1,2,"US-12","",99998,43.41259444,-89.77229444,0,11,0,0,1,1,0,1,1,1,0,1,0,"0000000",18,54,19,1,99,99,14,0,0,1,0
55,550252,1,1,0,0,0,2,2,119,0,4,7,2016,2,19,56,0,1,5,2,4,"CR-M","",0,45.206125,-90.35728611,0,11,0,0,1,1,0,1,1,1,0,1,0,"0000000",20,1,20,12,20,28,0,0,0,1,0
55,550253,3,3,0,0,0,7,7,39,1730,5,7,2016,3,11,38,1,2,1,1,1,"I-41","",99998,43.77937778,-88.48228333,0,12,1,0,1,1,1,1,1,1,0,1,0,"0000000",99,99,99,99,88,88,3,14,26,1,0
55,550254,2,2,0,0,0,3,3,137,0,7,7,2016,5,9,52,1,1,3,1,3,"SR-21","",99998,44.05524722,-89.16611667,0,12,2,0,1,1,0,1,1,10,0,10,0,"0000000",9,52,10,1,11,19,0,0,0,1,0
55,550255,2,2,0,0,0,2,2,93,0,5,7,2016,3,17,37,0,1,6,2,4,"CR-FF","",0,44.83357222,-92.65728889,0,12,6,0,1,1,0,4,1,10,0,10,0,"0000000",17,39,17,49,18,7,0,0,0,1,0
55,550256,2,2,0,0,0,2,2,101,0,8,7,2016,6,10,23,1,1,3,1,3,"SR-11","SR-83",99998,42.65754167,-88.2603,0,12,6,0,2,2,0,1,1,1,0,1,0,"0000000",10,25,10,30,88,88,0,0,0,1,0
55,550257,1,1,0,0,0,1,1,59,0,8,7,2016,6,17,35,1,1,3,1,3,"SR-50","",99998,42.56839444,-88.14980833,0,34,0,0,1,1,0,4,1,1,0,1,0,"0000000",17,51,18,9,99,99,0,0,0,1,0
55,550258,2,2,0,0,0,3,3,79,3100,9,7,2016,7,8,44,0,2,4,4,6,"60TH ST N","VIENNA AVE W",0,43.08628611,-87.987025,0,12,6,0,2,3,0,1,1,1,0,1,0,"0000000",99,99,99,99,99,99,0,0,0,1,0
55,550259,1,1,0,0,0,1,1,59,0,9,7,2016,7,19,47,0,1,3,2,4,"CR-F","",0,42.53861667,-88.19126111,0,30,0,0,1,1,0,4,1,1,0,1,0,"0000000",19,47,19,50,88,88,0,0,0,1,1
55,550260,1,1,0,0,0,1,1,79,3100,11,7,2016,2,2,35,1,2,3,4,6,"SHERMAN BLVD N","",0,43.12650833,-87.96614167,0,42,0,0,1,1,0,4,3,2,0,2,0,"0000000",2,43,2,47,88,88,0,0,0,1,1
55,550261,1,1,0,1,1,1,1,133,3740,11,7,2016,2,15,8,1,2,3,2,4,"CR-M / WATERTOWN RD","CR-F / REDFORD BLVD",0,43.058775,-88.20558611,0,9,0,0,2,2,0,1,1,1,0,1,0,"0000000",15,8,99,99,88,88,0,0,0,1,0
55,550262,2,2,0,0,0,5,5,9,0,11,7,2016,2,20,24,0,1,7,2,4,"CR-X","GLENMORE RD",0,44.37135278,-87.92773611,0,12,6,0,2,2,0,1,1,10,0,10,0,"0000000",99,99,99,99,99,99,0,0,0,2,0
55,550263,1,1,0,0,0,1,1,123,0,12,7,2016,3,15,30,0,1,4,1,3,"SR-82","",99998,43.46510833,-91.01200278,0,35,0,0,1,1,0,4,1,1,0,1,0,"0000000",15,34,15,51,99,99,0,0,0,1,0
55,550264,1,1,0,0,0,4,4,75,0,13,7,2016,4,6,0,0,1,7,3,5,"AIRPORT RD","",0,45.21084722,-88.06494722,0,42,0,0,1,1,0,5,1,1,0,1,0,"0000000",6,7,6,20,99,99,0,0,0,1,0
55,550265,2,2,0,0,0,2,2,103,4090,5,7,2016,3,16,35,0,2,4,1,3,"SR-80 / MAIN ST N","6TH ST W",99998,43.34283056,-90.38651389,0,12,6,0,2,2,0,1,1,1,0,1,0,"0000000",99,99,99,99,99,99,0,0,0,1,0
55,550266,2,2,0,0,0,3,3,43,0,14,7,2016,5,14,15,1,1,3,1,2,"US-61","",99998,42.76294722,-90.6818,0,12,2,0,1,1,0,1,1,1,0,1,0,"0000000",99,99,99,99,99,99,0,0,0,1,0
55,550267,1,1,0,0,0,2,2,133,3260,14,7,2016,5,3,30,0,2,4,4,6,"KELSEY DR","",0,42.85761111,-88.14927222,0,34,0,0,1,1,0,4,2,10,0,10,0,"0000000",88,88,88,88,88,88,0,0,0,1,0
55,550268,1,1,0,0,0,1,1,3,0,13,7,2016,4,99,99,0,1,7,3,5,"RIEMER RD","",0,46.42910833,-90.84074167,0,3,0,0,1,1,0,4,9,10,0,10,0,"0000000",6,24,6,44,88,88,5,18,0,1,0
55,550269,1,1,0,0,0,2,2,139,0,17,7,2016,1,2,0,0,1,7,3,5,"GRANDVIEW RD","",0,44.18850833,-88.64755556,0,42,0,0,1,1,0,4,2,10,0,10,0,"0000000",2,4,2,23,2,55,0,0,0,1,1
55,550270,2,2,0,0,0,5,5,51,0,16,7,2016,7,19,46,1,1,3,1,2,"US-2","",99998,46.46585278,-90.19276389,0,12,6,0,7,1,0,1,1,1,0,1,0,"0000000",19,46,19,51,99,99,0,0,0,1,0
55,550271,1,1,0,1,1,1,1,25,0,15,7,2016,6,9,4,1,1,3,1,2,"US-14","",99998,43.10203889,-89.63336111,0,9,0,0,1,1,0,2,1,10,0,10,0,"0000000",9,7,9,13,9,48,0,0,0,1,0
55,550272,1,1,0,0,0,2,2,7,0,12,7,2016,3,11,0,0,1,5,2,4,"CR-M","",0,46.20412222,-91.21613889,0,3,0,0,1,1,0,4,1,1,0,1,0,"0000000",99,99,99,99,99,96,7,0,0,1,0
55,550273,1,1,0,0,0,1,1,33,0,16,7,2016,7,16,30,0,1,6,2,4,"CR-Q","",0,45.10239722,-92.11398611,0,34,0,0,1,1,0,4,1,1,0,1,0,"0000000",88,88,88,88,88,88,0,0,0,1,1
55,550274,1,1,0,0,0,2,2,59,3795,19,7,2016,3,2,59,0,2,6,4,6,"7TH AVE","",0,42.54118889,-87.81899167,0,24,0,0,1,1,0,4,2,1,0,1,0,"0000000",2,59,3,6,99,99,0,0,0,1,1
55,550275,1,1,0,0,0,1,1,119,0,19,7,2016,3,12,0,0,1,6,2,4,"CR-C","",0,45.33857778,-90.16857222,0,42,0,0,1,1,0,4,1,10,0,10,0,"0000000",12,8,12,30,88,88,0,0,0,1,0
55,550276,3,2,1,0,0,2,2,131,0,19,7,2016,3,14,33,0,1,4,1,3,"SR-60","",99998,43.32260556,-88.07954722,0,12,2,0,1,1,0,1,1,1,0,1,0,"0000000",14,37,14,41,99,99,0,0,0,1,0
55,550277,2,2,0,0,0,3,3,133,0,19,7,2016,3,17,30,1,1,1,1,1,"I-94","",99998,43.05044444,-88.31201944,0,12,2,0,1,1,0,1,1,1,0,1,0,"0000000",17,32,99,99,99,99,0,0,0,1,0
55,550278,2,2,0,0,0,3,3,55,0,13,7,2016,4,23,39,1,1,1,1,1,"I-94","",99998,43.08558333,-88.68744167,0,12,2,0,1,1,1,1,2,1,0,1,0,"0000000",99,99,99,99,99,99,3,0,0,1,1
55,550279,2,2,0,0,0,3,3,117,0,22,7,2016,6,14,40,1,1,3,1,3,"SR-23","CR-TT",99998,43.75183056,-87.85025,0,12,6,0,2,2,0,1,1,1,0,1,0,"0000000",14,47,14,50,15,38,0,0,0,1,0
55,550280,2,2,0,0,0,2,2,35,1470,22,7,2016,6,23,2,0,2,3,4,6,"HASTINGS WAY","BIRCH ST",0,44.82065278,-91.47568611,0,12,6,0,2,2,0,1,3,1,0,1,0,"0000000",99,99,99,99,88,88,0,0,0,1,1
55,550281,1,1,0,0,0,3,3,133,0,23,7,2016,7,23,43,0,1,6,3,5,"BEAVER LAKE RD","",0,43.13446111,-88.351025,0,35,0,0,1,1,0,4,2,2,0,2,0,"0000000",23,45,99,99,99,99,2,0,0,2,1
55,550282,2,2,0,0,0,2,2,93,0,24,7,2016,1,16,13,0,1,4,1,2,"US-10","",99998,44.73052222,-92.57008056,0,12,1,0,8,1,0,1,1,1,0,1,0,"0000000",16,15,16,21,16,59,0,0,0,1,2
55,550283,1,1,0,0,0,2,2,41,0,25,7,2016,2,99,99,0,1,5,2,4,"CR-H","",0,45.52893056,-88.61236389,0,34,0,0,1,1,0,4,2,1,0,1,0,"0000000",99,99,99,99,99,99,0,0,0,1,1
55,550284,1,1,0,0,0,1,1,57,0,25,7,2016,2,17,29,0,1,5,2,4,"CR-G","NELSON RD",0,44.18841111,-89.95598333,0,1,0,0,3,3,0,4,1,1,0,1,0,"0000000",17,35,17,44,99,96,0,0,0,1,0
55,550285,1,1,0,0,0,1,1,81,0,26,7,2016,3,19,42,0,1,4,1,3,"SR-71","",99998,43.87226389,-90.719825,0,32,0,0,1,1,0,4,1,1,0,1,0,"0000000",19,44,19,52,88,88,0,0,0,1,1
55,550286,1,1,0,1,1,1,1,133,3740,19,7,2016,3,7,38,0,2,4,2,4,"CR-SS / PROSPECT AVE","APPLETREE LN",0,43.06747778,-88.289575,0,9,0,0,2,3,0,1,1,1,0,1,0,"0000000",99,99,99,99,99,99,0,0,0,1,0
55,550287,1,1,0,0,0,8,8,55,0,8,7,2016,6,7,15,0,1,4,1,3,"SR-106","",99998,42.931375,-88.71896389,0,34,0,0,1,1,0,4,1,1,0,1,0,"0000000",99,99,99,99,99,99,0,0,0,1,0
55,550288,3,3,0,0,0,4,4,79,3100,11,7,2016,2,14,56,1,2,1,1,1,"I-94","",99998,42.93396667,-87.93511667,0,12,6,1,18,1,0,1,1,10,0,10,0,"0000000",15,9,15,13,15,50,0,0,0,1,0
55,550289,1,1,0,0,0,1,1,105,440,24,7,2016,1,21,20,0,2,3,1,3,"SR-213","JOHNSON ST",99998,42.51410278,-89.06006111,0,33,0,0,3,4,0,4,3,1,0,1,0,"0000000",21,20,99,99,88,88,0,0,0,1,1
55,550290,2,2,0,0,0,3,3,9,0,29,7,2016,6,13,9,1,1,3,1,3,"SR-57","CR-K",99998,44.57468611,-87.87529722,0,12,6,0,2,2,0,1,1,10,0,10,0,"0000000",99,99,99,99,99,99,0,0,0,1,0
55,550291,2,2,0,0,0,2,2,105,0,30,7,2016,7,7,42,1,1,1,1,1,"I-43","",99998,42.56051111,-88.91541667,0,12,1,0,1,1,0,1,1,10,0,10,0,"0000000",7,43,7,53,99,99,0,0,0,1,1
55,550292,2,2,0,0,0,4,4,133,0,30,7,2016,7,13,7,1,1,3,2,4,"CR-ES / NATIONAL AVE","PRAIRIESIDE DR",0,42.90090556,-88.26478333,0,12,6,0,2,2,0,1,1,10,0,10,0,"0000000",13,7,13,17,13,51,0,0,0,1,0
55,550293,2,2,0,0,0,2,2,25,0,31,7,2016,1,17,55,0,1,5,2,4,"CR-T","",0,43.15228611,-89.14034167,0,12,6,0,8,1,0,1,1,1,0,1,0,"0000000",17,55,18,2,88,88,0,0,0,1,1
55,550294,3,3,0,0,0,6,6,25,0,27,7,2016,4,7,42,0,1,3,1,2,"US-14","",99998,42.88777778,-89.35025833,0,12,2,0,1,1,0,1,1,1,0,1,0,"0000000",7,46,8,0,8,34,0,0,0,2,0
55,550295,2,2,0,0,0,2,2,105,2320,30,7,2016,7,20,19,0,2,3,1,2,"US-14","CR-A",99998,42.69973056,-88.95380556,0,12,6,0,2,2,0,1,1,1,0,1,0,"0000000",20,20,20,21,88,88,0,0,0,1,1
55,550296,1,1,0,0,0,1,1,33,0,26,7,2016,3,12,51,0,1,5,1,3,"SR-170","",99998,45.00922222,-91.73788333,0,1,0,0,1,1,0,4,1,1,0,1,0,"0000000",12,51,13,1,13,38,0,0,0,1,0
55,550297,1,1,0,0,0,1,1,137,0,16,7,2016,7,14,10,0,1,7,3,5,"HIDDEN SPRINGS DR","",0,43.98631111,-89.20828889,0,42,0,0,1,1,0,4,1,1,0,1,0,"0000000",99,99,99,99,99,99,0,0,0,1,0
55,550298,1,1,0,0,0,1,1,51,0,11,7,2016,2,22,50,0,1,6,2,4,"CR-A","",0,46.56040278,-90.43961389,0,1,0,0,1,1,0,1,2,2,0,2,0,"0000000",88,88,88,88,88,88,5,0,0,1,1
55,550299,2,1,1,0,0,1,1,101,3970,13,2,2016,7,2,49,0,2,6,4,6,"TWELFTH ST","",0,42.71855,-87.80347778,0,14,0,0,1,1,0,4,3,1,0,1,0,"0000000",2,52,2,56,3,18,0,0,0,1,1
55,550300,1,1,0,0,0,2,2,127,0,15,4,2016,6,18,21,0,1,7,3,5,"GRAND VIEW DR","",0,42.75971944,-88.70860833,0,5,0,0,1,1,0,1,1,1,0,1,0,"0000000",18,25,18,40,99,99,0,0,0,1,0
55,550301,1,1,0,0,0,1,1,125,0,6,2,2016,7,22,41,0,1,7,3,5,"FIRE LANE RD","BLONG RD",0,46.08781667,-89.17312778,0,48,0,0,3,3,0,4,2,4,0,4,0,"0000000",22,41,99,99,88,88,0,0,0,1,1
55,550302,1,1,0,0,0,1,1,125,0,16,1,2016,7,8,30,0,1,7,3,5,"CRYSTAL LAKE RD","",0,46.15789167,-89.19437778,0,48,0,0,1,1,0,4,1,1,0,1,0,"0000000",88,88,88,88,88,88,0,0,0,1,0
55,550303,1,1,0,1,1,1,1,79,3100,29,6,2016,4,11,35,0,2,4,4,6,"HOWELL AVE S","LINCOLN AVE E",0,43.00291111,-87.90473056,0,8,0,0,2,2,0,1,1,1,0,1,0,"0000000",99,99,99,99,88,88,0,0,0,1,0
55,550304,1,1,0,0,0,1,1,127,0,2,7,2016,7,0,2,0,1,5,2,4,"CR-H","",0,42.83844167,-88.6072,0,42,0,0,1,1,0,4,2,1,0,1,0,"0000000",99,99,99,99,99,99,0,0,0,1,1
55,550305,2,2,0,0,0,2,2,115,0,4,8,2016,5,6,3,0,1,4,1,3,"SR-117","CR-E",99998,44.7808,-88.44795833,0,12,6,0,2,2,0,1,1,1,0,1,0,"0000000",6,5,6,16,6,55,0,0,0,1,1
55,550306,2,2,0,0,0,3,3,89,0,1,8,2016,2,17,45,0,1,6,3,5,"BRIDGE ST","CR-Y / GRANVILLE RD",0,43.30050278,-88.04381389,0,12,6,0,2,2,0,1,1,1,0,1,0,"0000000",17,45,99,99,99,99,0,0,0,1,0
55,550307,3,3,0,0,0,3,3,133,0,5,8,2016,6,23,28,0,1,3,2,4,"CR-NN","",0,42.87886389,-88.43480556,0,12,2,0,1,1,0,1,2,10,0,10,0,"0000000",23,21,23,27,99,99,0,0,0,1,1
55,550308,1,1,0,1,1,1,1,25,0,5,8,2016,6,6,27,0,1,6,3,5,"LINCOLN RD","",0,42.91443056,-89.43095278,0,9,0,0,1,1,0,1,1,10,0,10,0,"0000000",6,27,6,35,88,88,0,0,0,1,0
55,550309,2,2,0,0,0,4,4,79,3100,6,8,2016,7,2,0,0,2,3,4,6,"MCKINLEY AVE W","6TH ST N",0,43.04704722,-87.91875,0,12,2,0,2,2,0,1,3,10,0,10,0,"0000000",99,99,99,99,88,88,0,0,0,1,2
55,550310,1,1,0,1,1,1,1,79,3100,6,8,2016,7,14,0,0,2,6,4,6,"84TH ST N","",0,43.09607222,-88.01740278,0,8,0,0,1,1,0,1,1,1,0,1,0,"0000000",99,99,99,99,99,99,0,0,0,1,0
55,550311,3,3,0,0,0,6,6,57,0,7,8,2016,1,10,20,1,1,1,1,1,"I-90","",99998,43.76710278,-89.99013889,0,12,7,0,1,1,0,1,1,10,0,10,0,"0000000",99,99,99,99,99,99,0,0,0,2,0
55,550312,2,1,1,1,1,1,1,35,1470,8,8,2016,2,23,57,0,2,6,4,6,"PIEDMONT RD","",0,44.84717778,-91.49428611,0,1,0,0,1,1,0,5,2,1,0,1,0,"0000000",99,99,99,99,99,99,0,0,0,1,1
55,550313,2,2,0,0,0,3,3,43,0,5,8,2016,6,8,52,1,1,3,1,3,"SR-129","CR-A",99998,42.84971944,-90.68476389,0,12,6,0,2,2,0,1,1,1,0,1,0,"0000000",99,99,99,99,88,88,0,0,0,2,0
55,550314,2,2,0,0,0,2,2,9,1330,9,8,2016,3,8,23,0,2,3,1,3,"SR-32  ASHLAND AVE N","PARKVIEW RD",99998,44.46205,-88.07215,0,12,6,0,2,3,0,1,1,1,0,1,0,"0000000",8,26,8,29,99,99,0,0,0,1,0
55,550315,2,2,0,0,0,2,2,21,0,10,8,2016,4,8,19,0,1,5,1,3,"SR-60","CR-C",99998,43.340175,-89.24483611,0,12,6,0,2,2,0,1,1,1,0,1,0,"0000000",99,99,99,99,88,88,0,0,0,1,0