"STATE","ST_CASE","VE_TOTAL","VE_FORMS","PVH_INVL","PEDS","PERNOTMVIT","PERMVIT","PERSONS","COUNTY","CITY","DAY","MONTH","YEAR","DAY_WEEK","HOUR","MINUTE","NHS","RUR_URB","FUNC_SYS","RD_OWNER","ROUTE","TWAY_ID","TWAY_ID2","MILEPT","LATITUDE","LONGITUD","SP_JUR","HARM_EV","MAN_COLL","RELJCT1","RELJCT2","TYP_INT","WRK_ZONE","REL_ROAD","LGT_COND","WEATHER1","WEATHER2","WEATHER","SCH_BUS","RAIL","NOT_HOUR","NOT_MIN","ARR_HOUR","ARR_MIN","HOSP_HR","HOSP_MN","CF1","CF2","CF3","FATALS","DRUNK_DR"
55,550316,2,2,0,0,0,2,2,23,0,10,8,2016,4,12,56,1,1,3,1,2,"US-61","WHEATVILLE RD   ROTH RD",99998,43.2702,-90.735725,0,12,2,0,2,2,0,1,1,1,0,1,0,"0000000",12,59,13,16,13,40,0,0,0,1,0
55,550317,1,1,0,0,0,1,1,41,0,8,8,2016,2,1,25,0,1,4,1,3,"SR-32","",99998,45.43802222,-88.63900556,0,53,0,0,1,1,0,4,3,1,0,1,0,"0000000",1,20,1,33,99,99,0,0,0,1,1
55,550318,2,2,0,0,0,2,2,55,0,11,8,2016,5,16,55,1,1,3,1,2,"US-12","TRI COUNTY RD",99998,42.84278611,-88.78106667,0,12,6,0,2,2,0,1,1,10,0,10,0,"0000000",16,59,17,12,88,88,0,0,0,1,0
55,550319,3,3,0,0,0,3,3,87,0,12,8,2016,6,14,35,0,1,5,2,4,"CR-E FREEDOM RD","",0,44.47415278,-88.2012,3,12,6,0,8,1,0,1,1,10,0,10,0,"0000000",99,99,99,99,99,99,0,0,0,1,0
55,550320,1,1,0,1,1,1,1,79,3100,11,8,2016,5,21,40,0,2,4,4,6,"91ST ST N","SR-175  APPLETON AVE",0,43.11269444,-88.02593611,0,8,0,0,2,2,0,1,3,10,0,10,0,"0000000",99,99,99,99,88,88,0,0,0,1,0
55,550321,1,1,0,0,0,1,1,21,0,14,8,2016,1,1,17,0,1,4,1,3,"SR-60","",99998,43.30176667,-89.59522222,0,53,0,0,1,1,0,4,2,1,0,1,0,"0000000",1,32,1,41,88,88,0,0,0,1,0
55,550322,2,2,0,0,0,2,2,33,0,14,8,2016,1,12,42,0,1,7,2,4,"CR-S","570TH ST",0,45.082025,-91.87557222,0,1,0,0,3,4,0,1,1,1,0,1,0,"0000000",12,44,13,7,88,88,14,0,0,1,0
55,550323,2,2,0,0,0,4,4,135,0,14,8,2016,1,15,55,0,2,6,2,4,"CR-T","",0,44.54898611,-88.81846667,0,12,2,0,1,1,0,1,1,1,0,1,0,"0000000",16,0,16,8,99,99,0,0,0,2,0
55,550324,2,2,0,0,0,10,10,105,0,14,8,2016,1,23,27,1,1,1,1,1,"I-39","",99998,42.81189444,-89.01873889,0,12,6,0,1,1,1,1,2,1,0,1,0,"0000000",23,27,23,38,0,30,19,23,0,1,0
55,550325,1,1,0,0,0,1,1,83,0,15,8,2016,2,99,99,0,1,5,2,4,"CR-Y","",0,44.90768333,-87.84400556,0,1,0,0,1,1,0,4,9,99,0,99,0,"0000000",99,99,99,99,88,88,0,0,0,1,1
55,550326,2,2,0,0,0,2,2,5,0,2,8,2016,3,13,16,1,1,3,1,2,"US-8","20TH ST  CREAMERY RD",99998,45.39623889,-91.74576667,0,12,6,0,2,2,0,1,1,1,0,1,0,"0000000",99,99,99,99,99,99,0,0,0,1,0
55,550327,2,1,1,0,0,1,1,103,0,11,8,2016,5,17,7,0,1,4,1,3,"SR-56","",99998,43.40751111,-90.41752778,0,19,0,0,1,1,0,5,1,10,0,10,0,"0000000",88,88,88,88,88,88,0,0,0,1,0
55,550328,1,1,0,0,0,1,1,125,0,12,8,2016,6,17,5,0,1,5,2,4,"CR-N","",0,46.02743333,-89.46465833,0,42,0,0,1,1,0,5,1,10,0,10,0,"0000000",17,7,17,21,88,88,0,0,0,1,0
55,550329,1,1,0,0,0,1,1,27,0,19,8,2016,6,5,30,0,1,5,2,4,"CR-A","",0,43.40945556,-88.74420833,0,32,0,0,1,1,0,5,3,10,0,10,0,"0000000",5,32,99,99,88,88,0,0,0,1,0
55,550330,1,1,0,0,0,1,1,25,0,3,8,2016,4,23,50,1,1,3,2,4,"CR-K","",0,43.14115833,-89.49257778,0,42,0,0,1,1,0,5,3,1,0,1,0,"0000000",88,88,88,88,88,88,0,0,0,1,0
55,550331,2,2,0,0,0,2,2,21,0,18,8,2016,5,9,54,0,1,5,1,3,"SR-60","CR-C",99998,43.340175,-89.24483611,0,12,6,0,2,2,0,1,1,1,0,1,0,"0000000",9,54,10,0,88,88,0,0,0,1,0
55,550332,2,2,0,0,0,2,2,113,0,18,8,2016,5,16,32,0,1,6,3,5,"NELSON LAKE RD","",0,46.07045278,-91.43254167,0,12,2,0,1,1,0,1,1,1,0,1,0,"0000000",16,35,16,41,17,12,0,0,0,1,1
55,550333,1,1,0,0,0,2,2,9,0,28,8,2016,1,15,30,0,1,6,2,4,"CR-NN","",0,44.379625,-87.88730833,0,35,0,0,1,1,0,4,1,1,0,1,0,"0000000",15,35,15,53,16,15,0,0,0,1,0
55,550334,2,2,0,0,0,3,3,9,0,28,8,2016,1,2,30,1,1,1,1,1,"I-41","",99998,44.41443889,-88.13506667,0,12,2,0,1,1,0,1,2,5,0,5,0,"0000000",2,38,99,99,88,88,0,0,0,1,2
55,550335,2,2,0,0,0,5,5,73,0,28,8,2016,1,16,4,0,1,5,2,4,"CR-N","CR-Y",0,44.94306944,-89.32542778,0,12,6,0,2,2,0,1,1,1,0,1,0,"0000000",16,6,16,14,16,57,0,0,0,2,0
55,550336,1,1,0,0,0,1,1,45,0,28,8,2016,1,21,14,0,1,5,2,4,"CR-J","",0,42.83168611,-89.73474167,0,1,0,0,1,1,0,4,2,1,0,1,0,"0000000",21,16,21,26,88,88,0,0,0,1,0
55,550337,1,1,0,1,1,2,2,25,2780,18,8,2016,5,15,45,0,2,3,1,2,"US-151","",99998,43.04661667,-89.39396389,0,8,0,0,1,1,0,1,1,1,0,1,0,"0000000",15,46,15,50,16,1,0,0,0,1,0
55,550338,1,1,0,0,0,2,2,29,4690,25,8,2016,5,13,17,0,2,7,4,6,"NEBRASKA ST","",0,44.83215,-87.37856667,0,3,0,0,1,1,0,5,1,1,0,1,0,"0000000",13,20,13,26,14,34,24,0,0,1,0
55,550339,1,1,0,0,0,4,4,79,3100,26,8,2016,6,20,20,0,2,4,4,6,"35TH ST N","",0,43.08298889,-87.95718333,0,42,0,0,1,1,0,4,3,1,0,1,0,"0000000",99,99,99,99,99,99,0,0,0,2,0
55,550340,2,2,0,0,0,3,3,101,0,30,8,2016,3,14,26,0,6,96,96,7,"FRONTAGE RD W","",0,42.71565833,-87.95432222,0,12,2,0,4,1,0,1,1,10,0,10,0,"0000000",14,26,14,41,15,2,0,0,0,2,0
55,550341,2,2,0,0,0,2,2,53,2170,30,8,2016,3,15,49,0,2,4,1,3,"SR-95","",99998,44.38086667,-91.02946667,0,12,6,0,1,1,0,1,1,1,0,1,0,"0000000",99,99,99,99,99,99,0,0,0,1,0
55,550342,2,2,0,0,0,2,2,9,3960,23,8,2016,3,18,25,0,2,4,2,4,"CR-B","CORPORATE WAY",0,44.6572,-88.21971389,0,12,6,0,2,2,0,1,1,1,0,1,0,"0000000",18,30,18,34,99,99,0,0,0,1,0
55,550343,2,2,0,0,0,2,2,79,3100,21,8,2016,1,6,40,0,2,3,4,3,"SR-38","GRANGE AVE W",99998,42.94784722,-87.90983889,0,12,6,0,2,2,0,1,1,1,0,1,0,"0000000",6,40,6,49,7,37,0,0,0,1,0
55,550344,3,3,0,0,0,4,4,105,2320,31,8,2016,4,15,1,1,2,3,1,3,"SR-11","MIDLAND RD",99998,42.67101944,-88.97742222,0,12,6,0,2,2,0,1,1,1,0,1,0,"0000000",99,99,99,99,99,99,0,0,0,1,0
55,550345,1,1,0,0,0,3,3,75,2840,15,8,2016,2,19,7,0,2,6,4,6,"OGDEN ST","",0,45.08938056,-87.59776944,0,5,0,0,1,1,0,1,1,1,0,1,0,"0000000",19,9,19,14,19,29,0,0,0,1,0
55,550346,1,1,0,1,1,1,1,105,2320,31,8,2016,4,20,35,1,2,3,4,6,"COURT ST W","",0,42.67941389,-89.03758333,0,8,0,0,1,1,0,1,3,1,0,1,0,"0000000",99,99,99,99,99,99,0,0,0,1,0
55,550347,1,1,0,0,0,1,1,79,3100,31,8,2016,4,5,18,0,2,6,4,6,"JEFFERSON ST N","KNAPP ST E",0,43.046975,-87.906075,0,42,0,0,3,10,0,4,3,1,0,1,0,"0000000",99,99,99,99,99,99,0,0,0,1,0
55,550348,2,1,1,0,0,1,1,35,1470,28,8,2016,1,0,45,0,2,7,4,6,"3RD AVE","",0,44.80746667,-91.50569722,0,14,0,0,1,1,0,2,3,10,0,10,0,"0000000",99,99,99,99,99,99,20,0,0,1,1
55,550349,1,1,0,1,1,1,1,127,0,16,8,2016,3,23,25,1,1,3,1,3,"SR-50","",99998,42.58458611,-88.4911,0,8,0,0,1,1,0,1,2,1,0,1,0,"0000000",99,99,99,99,99,99,0,0,0,1,0
55,550350,1,1,0,0,0,1,1,127,0,4,8,2016,5,12,4,0,1,7,3,6,"CHAPEL HILL DR","RICHMONDWHITEWATER TOWNLINE RD",0,42.75686389,-88.70318333,0,1,0,0,2,3,0,1,1,1,0,1,0,"0000000",12,4,12,10,99,99,0,0,0,1,0
55,550351,1,1,0,0,0,1,1,79,3100,6,8,2016,7,2,0,0,2,3,4,6,"MCKINLEY AVE W","6TH ST N",0,43.04704722,-87.91875,0,38,0,0,3,2,0,4,3,10,0,10,0,"0000000",99,99,99,99,88,88,19,0,0,1,1
55,550352,2,2,0,0,0,2,2,125,0,9,8,2016,3,18,50,0,1,5,2,4,"CR-M","",0,46.00693056,-89.66613056,0,12,2,0,1,1,0,1,1,1,0,1,0,"0000000",99,99,99,99,99,99,0,0,0,2,1
55,550353,1,1,0,0,0,4,4,79,3100,5,2,2016,6,23,1,0,2,4,4,6,"60TH ST N","",0,43.14816389,-87.98544444,0,30,0,0,1,1,0,4,3,1,0,1,0,"0000000",23,1,99,99,99,99,0,0,0,1,0
55,550354,1,1,0,0,0,4,4,31,0,13,4,2016,4,9,49,1,1,3,1,2,"US-53","BUSINESS 53",99998,46.38263611,-91.82250278,0,32,0,0,3,3,0,4,1,1,0,1,0,"0000000",9,51,99,99,99,99,0,0,0,1,0
55,550355,1,1,0,0,0,1,1,85,0,27,2,2016,7,4,13,1,1,3,1,2,"US-45","",0,45.83700278,-89.18866944,0,30,0,0,1,1,0,4,3,1,0,1,0,"0000000",99,99,99,99,88,88,0,0,0,1,1
55,550356,1,1,0,0,0,2,2,133,708,3,7,2016,1,0,59,0,2,3,1,3,"SR-59","",99998,43.01701389,-88.14501111,0,5,0,0,1,1,0,1,2,1,0,1,0,"0000000",1,3,1,9,1,31,0,0,0,1,0
55,550357,1,1,0,1,1,1,1,79,3100,16,8,2016,3,19,5,1,2,3,1,3,"SR-145","23RD ST N",99998,43.06251667,-87.94134722,0,8,0,0,2,2,0,1,1,1,0,1,0,"0000000",99,99,99,99,88,88,0,0,0,1,0
55,550358,2,2,0,0,0,3,3,79,3100,21,8,2016,1,17,55,0,2,4,4,6,"WELLS ST W","27TH ST N",0,43.04025833,-87.94771111,0,12,6,0,2,2,0,1,1,10,0,10,0,"0000000",99,99,99,99,88,88,0,0,0,1,0
55,550359,1,1,0,0,0,1,1,115,0,3,9,2016,7,21,0,0,1,7,3,5,"WILLOW CREEK RD","",0,44.78236667,-88.76714444,0,42,0,0,1,1,0,5,5,1,0,1,0,"0000000",88,88,88,88,88,88,0,0,0,1,1
55,550360,1,1,0,0,0,3,3,79,3100,3,9,2016,7,22,49,1,2,3,4,6,"WISCONSIN AVE W","31ST ST N",0,43.03872222,-87.95318611,0,30,0,0,3,2,0,4,3,1,0,1,0,"0000000",99,99,99,99,99,99,0,0,0,1,1
55,550361,1,1,0,0,0,2,2,51,0,5,9,2016,2,7,55,1,1,3,1,2,"US-51","",99998,46.19741389,-90.14255833,0,34,0,0,1,1,0,4,1,10,0,10,0,"0000000",99,99,99,99,99,99,0,0,0,1,0
55,550362,1,1,0,0,0,1,1,131,0,5,9,2016,2,13,58,0,1,6,2,4,"CR-M","",0,43.38005556,-88.08163889,0,34,0,0,1,1,0,4,1,1,0,1,0,"0000000",99,99,99,99,99,99,0,0,0,1,0
55,550363,1,1,0,0,0,1,1,15,4365,4,9,2016,1,15,3,0,2,4,1,3,"SR-55 VETERANS AVE","",99998,44.18377222,-88.27379444,0,34,0,0,1,1,0,4,1,10,0,10,0,"0000000",15,6,15,17,99,99,0,0,0,1,1
55,550364,3,3,0,0,0,3,3,133,0,8,9,2016,5,16,56,0,1,4,1,3,"SR-59","",99998,42.91542222,-88.44445278,0,12,2,0,1,1,0,1,1,1,0,1,0,"0000000",16,58,17,7,88,88,0,0,0,1,1
55,550365,1,1,0,1,1,1,1,79,3100,9,9,2016,6,7,25,0,2,3,1,3,"SR-57","ST PAUL AVE W",99998,43.03478611,-87.94776389,0,8,0,0,2,2,0,1,1,1,0,1,0,"0000000",7,33,7,36,8,3,0,0,0,1,0
55,550366,1,1,0,0,0,1,1,141,0,10,9,2016,7,12,13,0,1,4,1,3,"SR-173","",99998,44.32161389,-89.97272222,0,34,0,0,1,1,0,4,1,2,0,2,0,"0000000",12,13,12,23,88,88,0,0,0,1,0
55,550367,1,1,0,0,0,1,1,71,0,11,9,2016,1,17,56,0,1,7,3,5,"VICEROY RD","",0,44.18268889,-87.54574444,0,32,0,0,1,1,0,4,1,10,0,10,0,"0000000",18,3,18,12,88,88,0,0,0,1,1
55,550368,1,1,0,0,0,1,1,69,0,11,9,2016,1,18,48,0,1,7,3,5,"CURVE INN RD","",0,45.43931389,-89.70210833,0,1,0,0,1,1,0,4,1,1,0,1,0,"0000000",18,48,18,57,88,88,0,0,0,1,1
55,550369,1,1,0,0,0,1,1,49,0,5,9,2016,2,99,99,1,1,3,1,2,"US-18","",99998,42.98458889,-90.01340556,0,1,0,0,1,1,0,4,2,1,0,1,0,"0000000",6,22,99,99,88,88,0,0,0,1,0
55,550370,1,1,0,0,0,1,1,25,0,13,9,2016,3,12,50,1,1,2,1,2,"US-12","FVNWFRC",99998,43.03528333,-89.43785556,0,18,0,0,5,1,1,1,1,10,0,10,0,"0000000",12,52,12,59,13,24,3,0,0,1,0
55,550371,1,1,0,0,0,4,4,79,3100,11,9,2016,1,1,14,0,2,4,4,6,"32ND ST N","ATKINSON AVE W",0,43.100875,-87.95294167,0,33,0,0,3,2,0,4,3,1,0,1,0,"0000000",99,99,99,99,99,99,0,0,0,2,1
55,550372,2,2,0,0,0,3,3,125,0,14,9,2016,4,15,16,0,1,4,1,3,"SR-70","",99998,45.90186389,-89.39895556,0,12,2,0,1,1,0,1,1,1,0,1,0,"0000000",15,19,15,31,16,18,0,0,0,3,0
55,550373,2,2,0,0,0,2,2,119,0,14,9,2016,4,18,46,0,2,4,1,3,"SR-64","CRANE DR",99998,45.14223056,-90.31146944,0,12,2,0,2,2,0,1,1,1,0,1,0,"0000000",18,47,18,55,88,88,0,0,0,1,0
55,550374,1,1,0,1,1,1,1,25,0,14,9,2016,4,20,11,1,1,3,1,2,"US-12","CR-BN",99998,43.03081944,-89.15003056,0,8,0,0,3,2,0,1,2,1,0,1,0,"0000000",99,99,99,99,88,88,0,0,0,1,0
55,550375,1,1,0,1,1,1,1,87,2370,6,9,2016,3,15,29,0,2,7,4,6,"2ND ST","SR-55",99998,44.27714444,-88.27092778,0,8,0,0,2,2,0,1,1,1,0,1,1,"0000000",15,29,15,31,15,46,0,0,0,1,0
55,550376,2,2,0,0,0,2,2,35,0,14,9,2016,4,8,8,0,1,5,2,4,"CR-II","",0,44.74176944,-91.45706667,0,12,6,0,8,1,0,1,1,1,0,1,0,"0000000",8,10,99,99,88,88,0,0,0,1,0
55,550377,1,1,0,0,0,1,1,131,4089,16,9,2016,6,11,17,1,2,1,1,1,"I-41","",99998,43.279875,-88.19252222,0,18,0,1,19,1,1,8,1,1,0,1,0,"0000000",11,21,11,27,88,88,3,26,0,1,1
55,550378,1,1,0,1,1,2,2,3,9997,1,10,2016,7,21,2,1,1,3,1,2,"US-2","",99998,46.60915833,-90.79378611,3,8,0,0,1,1,0,1,2,10,0,10,0,"0000000",21,0,99,99,88,88,23,0,0,1,0
55,550379,2,2,0,0,0,3,3,71,3125,3,10,2016,2,8,16,0,1,4,1,3,"SR-147 W MAIN ST","CR-B",99998,44.24128889,-87.64484722,0,12,6,0,2,2,0,1,1,10,0,10,0,"0000000",8,16,8,18,99,99,0,0,0,1,0
55,550380,2,2,0,0,0,2,2,105,9997,6,10,2016,5,14,17,0,1,4,1,2,"US-51","",99998,42.80553333,-89.07065,0,12,2,0,1,1,0,1,1,10,0,10,0,"0000000",99,99,99,99,99,99,0,0,0,1,1
55,550381,2,2,0,0,0,2,2,79,3100,3,10,2016,2,21,50,0,2,4,4,6,"N TEUTONIA AVE","W MELVINA ST",0,43.0879,-87.93794722,0,12,6,0,2,2,0,1,3,1,0,1,0,"0000000",22,4,22,6,22,42,0,0,0,1,0
55,550382,2,2,0,0,0,3,3,45,9997,4,10,2016,3,11,41,1,1,3,1,3,"SR-11","",99998,42.58806667,-89.42072222,0,12,7,0,8,1,0,1,1,10,0,10,0,"0000000",11,45,11,52,12,38,0,0,0,1,0
55,550383,2,2,0,0,0,2,2,25,9997,7,10,2016,6,4,30,1,1,3,1,2,"US-12-18","",99998,43.018925,-89.03959167,0,12,2,0,1,1,0,1,2,2,0,2,0,"0000000",4,32,4,41,99,99,0,0,0,1,0
55,550384,1,1,0,0,0,2,2,63,2490,16,9,2016,6,20,40,1,2,3,1,2,"US-53","I-90 RAMP",99998,43.86631944,-91.23109444,0,44,0,1,5,1,1,2,2,10,0,10,0,"0000000",99,99,99,99,88,88,2,0,0,1,0
55,550385,2,2,0,0,0,3,3,105,3080,7,10,2016,6,22,50,1,1,3,1,3,"SR-26","",99998,42.83011111,-88.92498056,0,12,2,0,1,1,0,1,2,10,0,10,0,"0000000",22,50,23,2,23,37,0,0,0,2,1
55,550386,2,2,0,0,0,4,4,21,0,17,9,2016,7,10,6,0,1,5,1,3,"SR-113","CR-V",99998,43.35621667,-89.58261389,0,12,2,0,2,2,0,1,1,1,0,1,0,"0000000",10,15,99,99,99,99,0,0,0,1,0
55,550387,2,2,0,0,0,2,2,25,2780,8,10,2016,7,1,41,1,2,3,1,2,"US-12","",99998,43.03537222,-89.43331389,0,12,2,0,1,1,0,1,3,10,0,10,0,"0000000",1,41,1,48,3,9,0,0,0,1,1
55,550388,2,2,0,0,0,2,2,89,0,17,9,2016,7,11,50,0,1,4,2,4,"CR-I","",0,43.36632222,-87.98007778,0,12,6,0,8,1,0,1,1,1,0,1,0,"0000000",11,54,99,97,99,97,0,0,0,1,0
55,550389,1,1,0,0,0,1,1,127,0,17,9,2016,7,21,6,0,1,7,3,5,"PLEASANT LAKE RD","",0,42.78491389,-88.54354722,0,34,0,0,1,1,0,4,2,1,0,1,0,"0000000",21,6,99,99,88,88,0,0,0,1,0
55,550390,1,1,0,0,0,1,1,87,9997,8,10,2016,7,21,16,0,1,7,3,5,"CENTER VALLEY RD","SR-47",99998,44.40175556,-88.43415,0,59,0,0,3,2,0,4,2,1,0,1,0,"0000000",21,16,99,99,88,88,0,0,0,1,0
55,550391,2,2,0,0,0,4,4,79,3100,9,10,2016,1,0,1,0,2,4,4,6,"N 51ST BLVD","W AUER AVE",0,43.07707778,-87.97735556,0,12,6,0,2,2,0,1,3,10,0,10,0,"0000000",99,99,99,99,88,88,0,0,0,1,0
55,550392,2,2,0,0,0,2,2,11,0,17,9,2016,7,14,58,0,1,5,2,4,"CR-B","",0,44.59650833,-91.85740556,0,12,6,0,8,1,1,1,1,10,0,10,0,"0000000",99,99,99,99,88,88,0,0,0,1,0
55,550393,1,1,0,0,0,2,2,119,0,18,9,2016,1,9,30,0,1,4,1,3,"SR-73","",99998,45.36360833,-90.82263333,0,35,0,0,1,1,0,4,1,1,0,1,0,"0000000",9,37,10,1,99,99,0,0,0,1,0
55,550394,1,1,0,0,0,1,1,27,0,18,9,2016,1,23,36,0,1,6,2,4,"CR-C","",0,43.56018889,-88.78316389,0,11,0,0,1,1,0,1,2,1,0,1,0,"0000000",23,37,23,50,88,88,0,0,0,1,0
55,550395,1,1,0,0,0,2,2,7,0,19,9,2016,2,18,45,0,1,7,3,5,"YDERSTAD RD","",0,46.41661944,-91.00811111,0,34,0,0,1,1,0,4,5,1,0,1,0,"0000000",99,99,99,99,99,99,0,0,0,1,1
55,550396,1,1,0,1,1,1,1,25,2820,2,9,2016,6,23,7,0,2,4,4,6,"SHERMAN AVE N","COMMERCIAL AVE",0,43.10681944,-89.36387778,0,8,0,0,2,3,0,1,3,1,0,1,0,"0000000",99,99,99,99,99,99,0,0,0,1,0
55,550397,2,2,0,0,0,3,3,39,0,18,9,2016,1,15,16,1,2,3,1,3,"SR-23","ROLLING MEADOWS DR",99998,43.78462222,-88.48595278,0,12,6,0,2,2,0,1,1,1,0,1,0,"0000000",15,16,15,22,99,99,0,0,0,1,0
55,550398,1,1,0,0,0,2,2,117,0,18,9,2016,1,13,46,0,1,6,2,4,"CR-SS","",0,43.58615,-88.03283333,0,32,0,0,1,1,0,4,1,1,0,1,0,"0000000",13,52,14,0,99,99,0,0,0,1,1
55,550399,1,1,0,0,0,1,1,119,0,21,9,2016,4,10,15,0,1,5,2,4,"CR-A","",0,45.07427778,-90.51145278,0,35,0,0,1,1,0,4,1,10,0,10,0,"0000000",99,99,99,99,88,88,0,0,0,1,0
55,550400,2,2,0,0,0,4,4,79,3100,22,9,2016,5,9,32,1,2,3,1,3,"SR-181 / 76TH ST N","SHERIDAN AVE W",0,43.11822778,-88.00611944,0,12,6,0,2,2,0,1,1,10,0,10,0,"0000000",9,43,9,47,10,17,0,0,0,2,0
55,550401,1,1,0,0,0,1,1,123,0,22,9,2016,5,11,30,0,1,7,3,5,"MAPLE DALE RD","",0,43.55939722,-90.82856667,0,3,0,0,1,1,0,1,1,2,0,2,0,"0000000",88,88,88,88,88,88,5,7,0,1,0
55,550402,1,1,0,0,0,1,1,85,0,22,9,2016,5,18,52,0,1,4,1,3,"SR-70","",99998,45.89102778,-90.03365556,0,1,0,0,1,1,0,6,5,10,0,10,0,"0000000",18,52,99,99,88,88,0,0,0,1,1
55,550403,2,2,0,0,0,3,3,65,0,24,9,2016,7,1,59,1,1,3,1,3,"SR-11","",99998,42.580675,-90.09568889,0,12,2,0,1,1,0,1,3,10,0,10,0,"0000000",1,59,2,13,99,99,0,0,0,1,1
55,550404,1,1,0,0,0,4,4,33,0,24,9,2016,7,10,30,0,1,7,3,5,"510TH AVE","",0,44.86471944,-91.87255833,0,1,0,0,1,1,0,4,1,10,0,10,0,"0000000",10,36,10,41,11,11,0,0,0,1,0
55,550405,1,1,0,0,0,1,1,111,2515,28,9,2016,4,17,36,1,2,1,1,1,"I-90","",99998,43.60559444,-89.81016389,0,1,0,0,1,1,0,1,1,10,0,10,0,"0000000",17,36,17,45,99,99,0,0,0,1,1
55,550406,2,2,0,0,0,3,3,63,0,16,9,2016,6,8,6,0,1,5,2,4,"CR-M","",0,43.93550556,-91.12199722,0,54,11,0,1,1,0,1,1,10,0,10,0,"0000000",99,99,99,99,99,99,14,0,0,1,0
55,550407,3,3,0,0,0,3,3,129,0,16,9,2016,6,14,54,1,1,3,1,3,"SR-63","",99998,45.75441111,-91.91559722,0,12,8,0,1,1,0,1,1,10,0,10,0,"0000000",15,0,99,99,99,99,0,0,0,1,0
55,550408,2,2,0,0,0,3,3,81,4830,30,9,2016,6,10,47,0,2,3,1,2,"US-12","JULIE ST",99998,44.00342778,-90.50478333,0,12,6,0,2,2,0,1,1,1,0,1,0,"0000000",10,48,10,49,11,14,0,0,0,1,1
55,550409,1,1,0,0,0,2,2,29,0,30,9,2016,6,10,25,1,1,3,1,3,"SR-57","",99998,44.71483333,-87.68225278,0,1,0,0,1,1,0,3,1,10,0,10,0,"0000000",10,27,10,44,11,13,0,0,0,1,0
55,550410,1,1,0,0,0,1,1,81,0,26,9,2016,2,12,10,0,1,4,1,3,"SR-16","SR-71",99998,43.94060278,-90.78531667,0,33,0,0,3,6,0,4,1,1,0,1,0,"0000000",99,99,99,99,99,99,0,0,0,1,0
55,550411,2,2,0,0,0,2,2,27,0,22,9,2016,5,15,52,0,1,6,2,4,"CR-AY","",0,43.48166389,-88.49958889,0,12,2,0,1,1,0,1,1,1,0,1,0,"0000000",15,54,16,5,88,88,0,0,0,1,0
55,550412,2,2,0,0,0,2,2,79,3100,6,10,2016,5,14,15,1,2,3,4,6,"SILVER SPRING DR W","FOND DU LAC AVE W",0,43.11956111,-88.01404167,0,12,6,0,2,2,0,1,1,10,0,10,0,"0000000",99,99,99,99,99,99,0,0,0,1,0
55,550413,1,1,0,0,0,1,1,105,440,28,10,2016,6,3,37,0,2,6,4,6,"ST LAWRENCE AVE","",0,42.50352778,-89.05448333,0,33,0,0,1,1,0,4,2,10,0,10,0,"0000000",3,37,3,43,4,12,0,0,0,1,0
55,550414,1,1,0,0,0,2,2,89,3002,8,10,2016,7,16,46,1,2,3,4,6,"W HIGHLAND RD","",0,43.25076389,-87.939875,0,42,0,0,1,1,0,4,1,1,0,1,0,"0000000",16,48,16,50,17,19,0,0,0,1,1
55,550415,2,2,0,0,0,3,3,87,0,14,10,2016,6,3,22,0,1,5,2,4,"CR-N","",99998,44.34080556,-88.31218333,0,12,2,0,1,1,0,1,2,1,0,1,0,"0000000",99,99,99,99,99,99,0,0,0,1,0
55,550416,1,1,0,0,0,1,1,79,3475,19,10,2016,4,3,30,1,2,1,1,1,"I-41 SB","",3240,42.85787222,-87.93792778,0,1,0,0,1,1,0,3,2,1,0,1,0,"0000000",4,23,4,35,88,88,0,0,0,1,1
55,550417,1,1,0,0,0,1,1,27,0,18,10,2016,3,21,22,0,1,6,3,6,"POND RD","",0,43.31114444,-88.47585278,0,35,0,0,1,1,0,4,2,1,0,1,0,"0000000",99,99,99,99,88,88,0,0,0,1,0
55,550418,3,3,0,0,0,5,5,79,3100,20,10,2016,5,13,10,1,2,3,4,6,"E NORTH AVE","N HUMBOLDT AVE",0,43.06019167,-87.89792778,0,12,6,0,2,2,0,1,1,1,0,1,0,"0000000",13,13,13,15,14,1,0,0,0,1,0
55,550419,1,1,0,0,0,1,1,11,0,22,10,2016,7,18,55,0,1,5,1,3,"SR-95 EB","",99998,44.25426389,-91.59964167,0,24,0,0,1,1,0,4,2,1,0,1,0,"0000000",99,99,99,99,88,88,0,0,0,1,1
55,550420,2,2,0,0,0,6,6,79,3100,23,10,2016,1,2,30,1,1,4,4,6,"W CLYBOURN ST","N 2ND ST",0,43.03603056,-87.91311389,0,12,6,1,2,2,0,1,3,1,0,1,0,"0000000",2,34,2,41,3,18,0,0,0,3,0
55,550421,1,1,0,0,0,1,1,87,0,23,10,2016,1,23,50,0,2,3,1,3,"SR-96 WISCONSIN AVE","I-41 RAMP",99998,44.27318056,-88.46703611,0,33,0,1,3,2,0,4,3,1,0,1,0,"0000000",23,53,0,7,99,99,20,0,0,1,0
55,550422,2,2,0,0,0,4,4,115,0,7,10,2016,6,19,57,1,1,3,1,3,"SR-29","CR-U",99998,44.79681944,-88.77635833,0,12,6,0,2,2,0,1,2,10,0,10,0,"0000000",99,99,99,99,99,99,0,0,0,1,0
55,550423,2,2,0,0,0,2,2,27,0,31,10,2016,2,14,35,0,1,5,98,4,"CR-V","CR-Y",99998,43.57302778,-88.53131111,0,12,6,0,2,2,0,1,1,10,0,10,0,"0000000",14,36,14,50,99,99,0,0,0,1,0