"STATE","ST_CASE","VE_TOTAL","VE_FORMS","PVH_INVL","PEDS","PERNOTMVIT","PERMVIT","PERSONS","COUNTY","CITY","DAY","MONTH","YEAR","DAY_WEEK","HOUR","MINUTE","NHS","RUR_URB","FUNC_SYS","RD_OWNER","ROUTE","TWAY_ID","TWAY_ID2","MILEPT","LATITUDE","LONGITUD","SP_JUR","HARM_EV","MAN_COLL","RELJCT1","RELJCT2","TYP_INT","WRK_ZONE","REL_ROAD","LGT_COND","WEATHER1","WEATHER2","WEATHER","SCH_BUS","RAIL","NOT_HOUR","NOT_MIN","ARR_HOUR","ARR_MIN","HOSP_HR","HOSP_MN","CF1","CF2","CF3","FATALS","DRUNK_DR"
55,550424,2,2,0,0,0,2,2,127,0,29,10,2016,7,18,18,0,1,7,3,5,"ELM RIDGE RD","",0,42.6164,-88.66391111,0,12,11,0,1,1,0,1,2,1,0,1,0,"0000000",99,99,99,99,88,88,0,0,0,1,0
55,550425,3,3,0,0,0,6,6,79,3100,15,10,2016,7,11,10,0,2,4,4,6,"N 35TH ST","",0,43.04507222,-87.95766667,0,12,1,0,1,1,0,1,1,10,0,10,0,"0000000",99,99,99,99,99,99,0,0,0,1,0
55,550426,1,1,0,0,0,5,5,87,0,31,10,2016,2,21,49,0,1,98,98,9,"BAIN RD","",99998,44.42962222,-88.19176111,3,53,0,0,1,1,0,4,2,1,0,1,0,"0000000",21,58,99,99,99,99,0,0,0,1,0
55,550427,2,2,0,0,0,4,4,141,0,25,10,2016,3,15,34,1,1,3,1,3,"SR-80","",99998,44.41030556,-90.12996667,0,12,2,0,1,1,0,1,1,10,0,10,0,"0000000",15,34,99,99,99,99,0,0,0,2,1
55,550428,1,1,0,0,0,1,1,59,0,29,10,2016,7,12,3,0,1,7,2,4,"CR-B / 288TH AVE","SR-142 / BURLINGTON RD",0,42.637225,-88.15928333,0,35,0,0,3,3,0,4,9,99,0,99,0,"0000000",12,9,12,20,88,88,0,0,0,1,1
55,550429,1,1,0,1,1,2,2,59,0,27,10,2016,5,3,0,1,1,1,1,1,"I-41","",99998,42.58771389,-87.95305278,0,8,0,1,18,1,0,1,2,10,0,10,0,"0000000",99,99,99,99,88,88,0,0,0,1,1
55,550430,1,1,0,0,0,1,1,127,0,30,10,2016,1,7,27,1,1,3,1,2,"US-14","",99998,42.63213333,-88.74247222,0,1,0,0,1,1,0,4,1,5,0,5,0,"0000000",7,27,99,99,88,88,0,0,0,1,1
55,550431,1,1,0,0,0,1,1,57,0,31,10,2016,2,0,17,0,1,5,1,2,"US-12","REST HAVEN RD",99998,43.68439722,-89.85199444,0,1,0,0,1,1,0,1,2,1,0,1,0,"0000000",0,24,0,54,88,88,0,0,0,1,1
55,550432,1,1,0,0,0,1,1,85,0,22,10,2016,7,18,22,0,1,5,98,4,"CR-C","",99980,45.66378056,-89.25343611,0,1,0,0,1,1,0,4,2,1,0,1,0,"0000000",1,13,1,21,88,88,0,0,0,1,0
55,550433,1,1,0,0,0,2,2,127,0,31,10,2016,2,14,31,0,1,5,1,3,"SR-11","",99980,42.66114167,-88.57738333,0,32,0,0,1,1,0,4,1,1,0,1,0,"0000000",14,31,99,99,99,99,0,0,0,1,0
55,550434,1,1,0,0,0,1,1,109,0,21,10,2016,6,15,22,1,1,3,1,3,"SR-35","",99998,44.918325,-92.67086667,0,1,0,0,1,1,0,1,1,1,0,1,0,"0000000",15,24,15,30,88,88,0,0,0,1,0
55,550435,2,2,0,0,0,3,3,127,2765,15,10,2016,7,15,8,0,1,5,4,6,"SOUTH RD","",99998,42.60181389,-88.35561667,0,1,0,0,1,1,0,1,1,1,0,1,0,"0000000",15,9,15,13,88,88,0,0,0,1,1
55,550436,2,2,0,0,0,3,3,133,2990,12,10,2016,4,10,39,1,1,1,1,1,"I-41","",99998,43.18946389,-88.11700556,0,12,6,0,1,1,0,1,1,10,0,10,0,"0000000",10,40,10,51,11,32,19,0,0,1,0
55,550437,1,1,0,0,0,1,1,59,0,9,10,2016,1,0,26,0,1,7,2,4,"CR-NN","",99998,42.59017222,-88.105375,0,42,0,0,1,1,0,4,2,10,0,10,0,"0000000",0,28,0,30,88,88,0,0,0,1,1
55,550438,2,2,0,0,0,2,2,127,0,4,10,2016,3,18,7,1,1,3,1,3,"SR-50","ESATSIDE RD",99998,42.58154444,-88.31574722,0,12,6,0,2,3,0,1,1,1,0,1,0,"0000000",99,99,99,99,99,99,0,0,0,1,0
55,550439,2,2,0,0,0,2,2,99,0,10,10,2016,2,23,5,1,1,3,1,3,"SR-13","",99998,45.66483056,-90.39086667,0,12,2,0,1,1,0,1,2,10,0,10,0,"0000000",23,7,23,16,88,88,20,0,0,2,0
55,550440,1,1,0,1,1,2,2,101,3224,9,10,2016,1,3,34,1,2,3,1,3,"SR-32","",99998,42.687825,-87.80007222,0,8,0,0,1,1,0,1,2,10,0,10,0,"0000000",4,34,4,43,88,88,0,0,0,1,0
55,550441,2,2,0,0,0,2,2,123,0,9,10,2016,1,4,47,1,1,3,1,3,"SR-35","",99998,43.68859444,-91.21868333,0,12,2,0,1,1,0,1,2,1,0,1,0,"0000000",4,53,5,7,5,56,0,0,0,1,0
55,550442,1,1,0,0,0,1,1,135,0,21,10,2016,6,22,17,0,1,7,3,5,"HOLIDAY RD","",0,44.31776111,-88.99131944,0,34,0,0,1,1,0,4,2,1,0,1,0,"0000000",22,17,22,24,99,99,20,0,0,1,0
55,550443,1,1,0,0,0,1,1,101,0,1,11,2016,3,21,13,1,1,5,2,4,"CR-K","",0,42.77896667,-88.05285556,0,53,0,0,1,1,0,4,3,1,0,1,0,"0000000",21,14,21,21,88,88,0,0,0,1,0
55,550444,3,3,0,0,0,4,4,79,3100,1,11,2016,3,7,1,0,2,4,4,6,"BURLEIGH ST W","",0,43.07523056,-87.97135,0,12,2,0,1,1,0,1,1,10,0,10,0,"0000000",7,4,7,8,7,42,0,0,0,1,0
55,550445,1,1,0,1,1,1,1,79,3100,2,11,2016,4,6,43,1,2,3,4,6,"OKLAHOMA AVE W","9TH PL S",0,42.98827778,-87.92393889,0,8,0,0,2,2,0,1,2,2,0,2,1,"0000000",6,44,6,49,88,88,0,0,0,1,0
55,550446,3,3,0,0,0,6,6,25,0,2,11,2016,4,22,23,1,1,1,1,1,"I-94","",99998,43.10847222,-89.10471389,0,12,2,0,1,1,0,1,2,10,0,10,0,"0000000",99,99,99,99,99,99,0,0,0,4,0
55,550447,1,1,0,0,0,1,1,9,0,2,11,2016,4,23,35,0,1,5,2,4,"CR-PP","",0,44.27898889,-88.07072778,0,35,0,0,1,1,0,4,2,1,0,1,0,"0000000",23,44,23,54,88,88,0,0,0,1,1
55,550448,1,1,0,0,0,1,1,125,0,3,11,2016,5,7,27,0,6,96,96,9,"SUNDSTEIN RD","",0,45.87499167,-89.26853056,0,42,0,0,1,1,0,5,4,10,0,10,0,"0000000",99,99,99,98,88,88,0,0,0,1,0
55,550449,1,1,0,0,0,3,3,111,0,3,11,2016,5,16,25,0,1,7,3,5,"SIMPSON RD","",0,43.57556389,-89.88781111,0,34,0,0,1,1,0,4,1,1,0,1,0,"0000000",16,30,99,99,99,99,0,0,0,1,1
55,550450,1,1,0,0,0,1,1,39,0,3,11,2016,5,20,53,0,1,5,2,4,"CR-D","",0,43.72173333,-88.51274722,0,1,0,0,1,1,0,4,2,1,0,1,0,"0000000",20,53,21,6,88,88,0,0,0,1,0
55,550451,2,2,0,0,0,3,3,9,2173,4,11,2016,6,13,57,0,2,5,2,4,"CR-EE","CR-U",0,44.44413333,-88.19051389,0,12,6,0,2,2,0,1,1,1,0,1,0,"0000000",99,99,99,99,88,88,0,0,0,2,0
55,550452,1,1,0,0,0,1,1,55,0,5,11,2016,7,99,99,0,1,3,1,3,"SR-16","",99998,43.13907778,-88.57526389,0,34,0,0,1,1,0,4,2,1,0,1,0,"0000000",8,8,8,22,88,88,0,0,0,1,1
55,550453,2,2,0,0,0,3,3,19,0,5,11,2016,7,12,57,0,1,3,1,2,"US-10","",99998,44.55365278,-90.63713056,0,12,2,0,1,1,0,1,1,1,0,1,0,"0000000",99,99,99,99,99,99,0,0,0,2,0
55,550454,1,1,0,1,1,1,1,79,3100,6,11,2016,1,9,47,0,2,7,4,6,"LEON TER W","",0,43.10419722,-87.99256111,0,8,0,0,1,1,0,1,1,1,0,1,0,"0000000",9,50,9,57,88,88,0,0,0,1,0
55,550455,1,1,0,0,0,6,6,21,0,7,11,2016,2,3,10,1,1,1,1,1,"I-90","",99998,43.53240278,-89.57536667,0,1,0,0,1,1,0,4,2,1,0,1,0,"0000000",99,99,99,99,99,99,0,0,0,1,0
55,550456,1,1,0,0,0,1,1,21,0,7,11,2016,2,15,4,0,1,4,1,3,"SR-33","",99998,43.55545556,-89.383375,0,11,0,0,1,1,0,1,1,10,0,10,0,"0000000",15,6,15,14,99,99,0,0,0,1,0
55,550457,2,2,0,0,0,2,2,133,5060,4,11,2016,6,18,40,0,2,6,4,6,"MACARTHUR RD","COMANCHE LN S",0,42.99682778,-88.28157778,0,1,0,0,2,3,0,1,3,10,0,10,0,"0000000",18,40,99,99,99,99,0,0,0,1,0
55,550458,1,1,0,0,0,1,1,87,0,6,11,2016,1,19,15,0,1,5,2,4,"CR-S","",0,44.38111944,-88.62666667,0,11,0,0,1,1,0,1,2,1,0,1,0,"0000000",99,99,99,99,99,99,0,0,0,1,1
55,550459,1,1,0,1,1,1,1,79,3100,7,11,2016,2,14,21,0,2,4,4,6,"60TH ST S","NORWICH ST W",0,42.9721,-87.98804722,0,8,0,0,2,2,0,1,1,10,0,10,0,"0000000",14,25,14,29,15,14,0,0,0,1,0
55,550460,2,2,0,0,0,2,2,117,0,8,11,2016,3,13,30,0,1,6,2,4,"CR-V","CR-NN",0,43.67456111,-88.00751944,0,12,6,0,2,2,0,1,1,10,0,10,0,"0000000",13,31,13,42,88,88,0,0,0,1,0
55,550461,1,1,0,0,0,1,1,79,3100,19,12,2016,2,8,28,1,2,1,1,1,"I-794 RAMP","",99998,43.01151944,-87.89372222,0,23,0,1,5,1,0,4,1,1,0,1,0,"0000000",8,28,8,44,88,88,0,0,0,1,0
55,550462,1,1,0,1,1,1,1,71,2810,1,11,2016,3,12,1,0,2,4,4,6,"CUSTER ST","35TH S S",0,44.08815,-87.69089722,0,15,0,0,2,2,0,1,1,10,0,10,0,"0000000",12,4,12,7,12,38,0,0,0,1,0
55,550463,1,1,0,0,0,1,1,113,0,6,11,2016,1,14,0,0,1,4,1,3,"SR-40","",99998,45.74616667,-91.22546389,0,34,0,0,1,1,0,4,1,1,0,1,0,"0000000",14,10,99,99,99,96,0,0,0,1,1
55,550464,1,1,0,0,0,1,1,77,0,9,11,2016,4,18,3,0,1,4,1,3,"SR-22","",99998,43.76914444,-89.31072778,0,35,0,0,1,1,0,4,2,1,0,1,0,"0000000",18,5,18,17,88,88,0,0,0,1,0
55,550465,2,2,0,0,0,2,2,95,0,9,11,2016,4,21,14,0,1,4,1,3,"SR-35","",99998,45.43391389,-92.54939722,0,12,2,0,1,1,0,1,2,1,0,1,0,"0000000",21,15,21,24,21,59,0,0,0,2,0
55,550466,1,1,0,0,0,1,1,29,0,9,11,2016,4,21,20,0,1,6,2,4,"CR-U","",0,44.71134722,-87.35576944,0,42,0,0,1,1,0,4,2,1,0,1,0,"0000000",21,27,21,38,88,88,0,0,0,1,0
55,550468,1,1,0,0,0,1,1,9,0,13,11,2016,1,99,99,0,1,7,3,5,"TOWER RD","",0,44.40366667,-88.00845278,0,42,0,0,1,1,0,4,2,1,0,1,0,"0000000",5,28,99,97,99,97,0,0,0,1,1
55,550469,1,1,0,0,0,3,3,95,0,30,12,2016,6,2,43,0,1,7,3,5,"150TH ST","",0,45.52415833,-92.46821389,0,34,0,0,1,1,0,4,2,10,0,10,0,"0000000",2,44,2,48,3,50,20,0,0,1,1
55,550470,1,1,0,0,0,2,2,13,0,12,11,2016,7,99,99,0,1,7,3,5,"WOOD LAKE RD","",0,45.74387778,-92.63265,0,35,0,0,1,1,0,4,2,1,0,1,0,"0000000",7,9,7,18,88,88,0,0,0,2,1
55,550471,1,1,0,0,0,1,1,93,0,14,11,2016,2,18,18,0,1,6,2,4,"CR-A","",0,44.60832222,-92.32947222,0,34,0,0,1,1,0,4,2,1,0,1,0,"0000000",18,20,18,39,88,88,0,0,0,1,1
55,550472,1,1,0,0,0,3,3,55,0,18,11,2016,6,2,34,0,1,2,1,3,"SR-16","",99998,43.146225,-88.5456,0,31,0,0,1,1,0,3,2,10,0,10,0,"0000000",2,35,2,51,3,28,0,0,0,1,1
55,550473,2,2,0,0,0,5,5,87,2630,19,11,2016,7,10,10,1,2,3,2,4,"CR-N","SR-96",0,44.27988611,-88.31826111,0,12,6,0,2,2,0,1,1,6,0,6,0,"0000000",99,99,10,25,99,99,0,0,0,1,0
55,550474,1,1,0,1,1,1,1,3,220,11,11,2016,6,18,34,0,2,7,4,6,"PRENTICE AVE","",0,46.58505278,-90.87155556,0,8,0,0,1,1,0,1,3,1,0,1,0,"0000000",18,35,18,36,99,99,0,0,0,1,0
55,550475,1,1,0,0,0,2,2,3,220,15,11,2016,3,12,19,0,2,7,4,6,"JUNCTION RD","",0,46.57791944,-90.90873333,0,34,0,0,1,1,0,4,1,1,0,1,0,"0000000",12,15,12,21,99,99,0,0,0,1,0
55,550476,1,1,0,1,1,1,1,59,2400,7,11,2016,2,20,31,0,2,4,1,3,"SR-142 / S WASHINGTON RD","56TH AVE",0,42.60347778,-87.87553611,0,8,0,0,2,2,0,1,2,1,0,1,0,"0000000",20,33,20,35,88,88,0,0,0,1,0
55,550477,2,2,0,0,0,4,4,133,0,30,11,2016,4,14,19,0,2,6,4,6,"DELAFIELD RD","SR-BB",99999,43.06102778,-88.52069444,0,12,6,0,2,2,0,1,1,10,0,10,0,"0000000",14,19,14,28,14,57,0,0,0,1,0
55,550478,2,2,0,0,0,4,4,59,0,12,12,2016,2,23,15,1,1,1,1,1,"I-94","",99998,42.61176111,-87.95235,0,25,0,1,19,1,0,4,2,10,0,10,0,"0000000",23,15,99,99,99,99,0,0,0,1,0
55,550479,1,1,0,1,1,2,2,101,0,15,12,2016,5,17,49,0,1,3,1,3,"SR-20","53RD DR",99998,42.73227222,-87.98319444,0,8,0,0,2,3,0,1,2,10,0,10,0,"0000000",17,50,18,1,88,88,0,0,0,1,0
55,550480,2,2,0,0,0,2,2,105,0,19,12,2016,2,15,25,0,1,3,1,2,"US-14","",99998,42.73016389,-89.05243889,0,12,2,0,1,1,0,1,1,1,0,1,0,"0000000",99,99,99,99,99,99,0,0,0,2,0
55,550481,2,2,0,0,0,3,3,59,0,20,12,2016,3,14,38,0,1,6,2,4,"CR-SA","",0,42.52645556,-88.11975556,0,48,0,0,1,1,0,4,1,1,0,1,0,"0000000",99,99,99,99,99,99,0,0,0,1,0
55,550482,3,3,0,0,0,5,5,33,0,23,12,2016,6,17,14,0,1,4,1,2,"US-12","",99998,44.91830278,-91.94928889,0,12,11,0,1,1,0,1,2,10,0,10,0,"0000000",17,16,17,25,18,1,0,0,0,1,1
55,550483,1,1,0,0,0,2,2,59,4255,21,11,2016,2,12,22,0,1,5,2,4,"CR-60TH ST","",99999,99.9999,999.9999,0,34,0,0,1,1,0,4,1,1,0,1,0,"0000000",12,27,12,31,13,0,0,0,0,1,0
55,550484,2,2,0,0,0,2,2,81,0,26,12,2016,2,8,15,0,1,4,1,3,"SR-71","",99998,43.78171111,-90.34606111,0,12,6,0,1,1,0,1,1,1,0,1,0,"0000000",8,19,8,45,9,28,0,0,0,1,0
55,550485,1,1,0,1,1,1,1,79,5220,23,11,2016,4,23,11,0,2,4,4,6,"W BELOIT RD","W MITCHELL ST",99999,43.01228056,-87.98156389,0,8,0,0,2,7,0,1,3,10,0,10,0,"0000000",99,99,99,99,99,99,0,0,0,1,0
55,550486,2,2,0,0,0,2,2,33,0,16,11,2016,4,8,35,0,1,4,1,3,"SR-64","",0,45.12921944,-91.83917222,0,12,2,0,1,1,0,1,1,1,0,1,0,"0000000",99,99,99,99,99,99,0,0,0,1,0
55,550487,2,2,0,0,0,2,2,119,0,14,11,2016,2,7,23,1,1,3,1,3,"SR-13","CR-CORRECTION LN",0,45.17008333,-90.332725,0,12,1,0,8,1,0,1,1,1,0,1,0,"0000000",7,27,99,99,99,99,0,0,0,1,0
55,550488,1,1,0,1,1,1,1,59,2400,9,11,2016,4,17,4,1,2,3,4,6,"75TH ST","",0,42.56621667,-87.85391667,0,9,0,0,1,1,0,1,3,10,0,10,0,"0000000",17,4,17,7,99,99,0,0,0,1,0
55,550489,2,2,0,0,0,3,3,15,0,24,12,2016,7,10,38,0,1,3,1,3,"SR-32","FARO SPRINGS RD",99998,44.12163889,-88.16415278,0,12,6,0,2,2,0,1,1,10,0,10,0,"0000000",10,39,10,39,11,22,0,0,0,1,0
55,550490,2,2,0,0,0,4,4,133,0,29,12,2016,5,23,15,1,1,3,2,4,"CR-ES","",0,42.87746389,-88.30160833,0,12,6,0,1,1,0,1,3,4,0,4,0,"0000000",99,99,99,99,99,99,0,0,0,1,0
55,550491,1,1,0,0,0,1,1,87,0,31,12,2016,7,1,6,0,1,6,2,4,"CR-X","",0,44.57971944,-88.38732778,0,1,0,0,1,1,0,4,2,4,0,4,0,"0000000",99,99,99,99,88,88,0,0,0,1,1
55,550492,1,1,0,0,0,2,2,53,0,31,12,2016,7,21,15,0,1,5,2,4,"CR-V","SR-54",0,44.09623333,-91.13273611,0,42,0,0,3,3,0,5,2,10,0,10,0,"0000000",99,99,99,99,99,99,0,0,0,1,0
55,550493,2,2,0,0,0,3,3,83,2600,26,11,2016,7,17,15,1,1,3,1,2,"US-141","SR-M",99999,45.00870278,-88.04513333,0,12,6,0,2,2,0,1,2,10,0,10,0,"0000000",99,99,99,99,99,99,0,0,0,1,0
55,550494,2,2,0,0,0,2,2,89,0,13,11,2016,1,10,57,1,1,3,1,3,"SR-33","CR-I",0,43.395825,-87.9794,0,1,0,0,2,2,0,1,1,1,0,1,0,"0000000",11,1,11,11,88,88,0,0,0,1,0
55,550495,2,2,0,0,0,4,4,59,2400,21,11,2016,2,17,48,0,2,4,4,6,"WASHINGTON RD","30TH AVE",99999,42.60269722,-87.84573889,0,12,6,0,2,2,0,1,3,1,0,1,0,"0000000",17,51,17,53,18,13,0,0,0,1,0
55,550496,2,2,0,0,0,4,4,49,0,8,12,2016,5,16,43,1,1,3,1,2,"US-14","CR-DOVER LANE",99998,43.16205,-89.83909722,0,12,1,0,3,3,0,1,5,10,0,10,0,"0000000",16,47,16,58,99,99,0,0,0,1,0
55,550497,1,1,0,0,0,1,1,81,0,9,12,2016,6,11,36,1,1,1,1,1,"I-90","",99998,43.94303611,-90.31609167,0,1,0,0,1,1,0,4,1,10,0,10,0,"0000000",11,38,11,43,88,88,0,0,0,1,0
55,550498,1,1,0,0,0,4,4,127,0,9,12,2016,6,17,58,0,2,6,4,6,"BORG RD","",0,42.61234722,-88.62543889,0,42,0,0,1,1,0,5,2,10,0,10,0,"0000000",18,0,18,8,99,99,0,0,0,1,0
55,550499,2,2,0,0,0,3,3,83,0,11,11,2016,6,13,22,0,1,4,1,3,"SR-22","",99998,44.89254722,-87.93511944,0,12,6,0,8,1,0,1,1,1,0,1,0,"0000000",13,25,13,29,14,14,0,0,0,1,0
55,550500,2,2,0,0,0,3,3,87,0,8,12,2016,5,15,3,0,1,5,2,4,"CR-E","CR-EE",0,44.44428889,-88.22692222,3,12,6,0,2,2,0,1,1,1,0,1,0,"0000000",99,99,99,99,99,99,0,0,0,2,0
55,550501,3,2,1,0,0,2,2,79,3100,9,12,2016,6,22,52,0,2,7,4,6,"N 12TH ST","W HADLEY ST",0,43.0694,-87.92686111,0,12,6,0,2,2,0,1,3,1,0,1,0,"0000000",99,99,99,99,88,88,0,0,0,1,0
55,550502,4,4,0,0,0,5,5,109,0,12,12,2016,2,8,51,1,1,1,1,1,"I-94","",99998,44.94035833,-92.39932778,0,12,99,0,1,1,0,1,1,1,0,1,0,"0000000",8,50,8,55,99,99,0,0,0,1,0
55,550503,1,1,0,0,0,1,1,33,0,8,12,2016,5,6,3,1,1,1,1,1,"I-94","",99998,44.91712778,-92.08268611,0,1,0,0,1,1,0,3,2,10,0,10,0,"0000000",6,7,6,20,6,41,0,0,0,1,0
55,550504,1,1,0,1,1,3,3,79,3100,6,12,2016,3,22,40,9,2,3,1,3,"SR-175 W APPLETON AVE","",99998,43.10576389,-88.01696667,0,8,0,0,1,1,0,1,3,1,0,1,0,"0000000",99,99,99,99,99,99,0,0,0,1,0
55,550505,2,2,0,0,0,2,2,109,0,5,12,2016,2,16,46,0,1,7,2,4,"CR-CTH JJ","",0,44.90768056,-92.54294722,0,12,1,0,1,1,0,1,5,10,0,10,0,"0000000",16,47,16,57,99,99,0,0,0,1,0
55,550506,1,1,0,0,0,1,1,83,0,16,11,2016,4,22,30,0,1,5,2,4,"CR-E","",0,44.79305833,-88.08069167,0,52,0,0,1,1,0,4,2,10,0,10,0,"0000000",99,99,99,99,99,99,0,0,0,1,1
55,550507,2,2,0,0,0,3,3,117,0,16,11,2016,4,18,30,0,1,3,1,3,"SR-57","CR-FF",99998,43.84822778,-87.94193611,0,12,6,0,2,2,0,1,2,10,0,10,0,"0000000",99,99,99,99,99,99,0,0,0,2,1
55,550508,1,1,0,1,1,4,4,127,2520,27,12,2016,3,17,20,1,2,3,1,3,"SR-120","SR-50",99998,42.59283333,-88.41427778,0,8,0,0,3,2,0,1,2,1,0,1,0,"0000000",17,21,17,30,17,45,0,0,0,1,1
55,550509,2,2,0,0,0,2,2,9,2000,7,12,2016,4,11,38,1,2,1,1,1,"I-43","",99998,44.48475833,-87.94134444,0,12,1,1,18,1,0,1,1,10,0,10,0,"0000000",11,53,12,0,88,88,0,0,0,1,0
55,550510,1,1,0,0,0,1,1,13,0,12,3,2016,7,21,50,0,1,7,3,5,"BASS LAKE RD N","",0,45.95963611,-92.42226111,0,1,0,0,8,1,0,4,2,1,0,1,0,"0000000",99,98,99,98,88,88,0,0,0,1,1
55,550511,1,1,0,0,0,1,1,125,0,6,2,2016,7,22,41,0,1,7,3,5,"FIRE LN RD","BLONG RD",0,46.08782222,-89.17309444,0,48,0,0,3,3,0,4,2,4,0,4,0,"0000000",99,99,99,99,88,88,0,0,0,1,1
55,550512,1,1,0,0,0,1,1,63,0,27,2,2016,7,16,38,0,1,5,2,4,"CR-VV","LOCKINGTON RD",0,44.07102222,-91.1122,0,1,0,0,3,3,0,1,1,1,0,1,0,"0000000",16,38,99,99,99,99,0,0,0,1,0
55,550513,1,1,0,1,1,1,1,25,2780,21,11,2016,2,2,16,1,2,2,1,2,"US-12","",99998,43.05303333,-89.49176667,0,8,0,0,1,1,0,1,3,1,0,1,0,"0000000",2,17,2,23,88,88,0,0,0,1,0
55,550514,1,1,0,0,0,2,2,75,0,23,7,2016,7,19,49,0,1,7,3,5,"BOAT LANDING #13 RD","",0,45.34281111,-88.21305,0,1,0,0,1,1,0,4,1,1,0,1,0,"0000000",99,99,99,99,99,99,0,0,0,1,1
55,550515,3,1,2,1,1,1,1,105,2320,10,11,2016,5,13,7,0,2,6,4,6,"PARKSIDE DR","",0,42.706,-89.0365,0,14,0,0,1,1,0,2,1,1,0,1,0,"0000000",13,7,99,99,99,99,14,0,0,1,1
55,550516,2,2,0,0,0,3,3,57,0,6,11,2016,1,16,0,0,1,6,2,4,"CR-J","",0,43.70356389,-89.93665556,0,12,2,0,1,1,0,1,1,10,0,10,0,"0000000",16,8,16,19,99,99,0,0,0,2,0
55,550517,1,1,0,0,0,1,1,99,0,21,7,2016,5,18,35,0,1,7,3,5,"SUGAR BUSH RD","",0,45.92149167,-90.32971389,0,1,0,0,8,1,0,1,1,1,0,1,0,"0000000",99,99,99,99,99,99,0,0,0,1,1
55,550518,1,1,0,0,0,1,1,31,4730,6,11,2016,1,16,4,0,2,5,4,6,"E 3RD ST","",0,46.66279167,-92.00233611,0,11,0,0,1,1,0,1,1,1,0,1,0,"0000000",16,4,99,99,99,99,0,0,0,1,0
55,550519,1,1,0,0,0,1,1,7,0,17,9,2016,7,20,0,0,1,7,3,5,"KOMBORSKI RD","",0,46.70448056,-90.90473056,0,11,0,0,1,1,0,1,2,1,0,1,0,"0000000",99,99,99,99,88,88,0,0,0,1,0
55,550520,2,1,1,0,0,2,2,9,1330,9,11,2016,4,0,38,0,2,7,4,6,"TERRY LN","",0,44.42751111,-88.085575,0,42,0,0,1,1,0,4,3,1,0,1,0,"0000000",0,41,0,52,1,11,14,0,0,1,1
55,550521,1,1,0,0,0,1,1,135,0,10,9,2016,7,13,35,0,1,7,3,5,"WAUPACA RD","",0,44.42833333,-89.05937222,0,42,0,0,1,1,0,5,1,1,0,1,0,"0000000",13,35,13,44,88,88,0,0,0,1,1
55,550522,1,1,0,0,0,1,1,37,0,24,7,2016,1,17,38,0,1,6,3,5,"GRANDMA LAKE RD","",0,45.82791389,-88.60328611,0,42,0,0,1,1,0,5,1,1,0,1,0,"0000000",99,99,99,99,99,99,0,0,0,1,0
55,550523,2,2,0,0,0,4,4,39,0,21,11,2016,2,17,46,0,1,5,2,4,"CR-AW","",0,43.63303333,-88.81899167,0,12,2,0,1,1,0,1,2,1,0,1,0,"0000000",17,47,17,55,99,99,0,0,0,1,1
55,550524,1,1,0,0,0,1,1,69,0,8,10,2016,7,19,0,0,6,96,96,8,"SMERBS RD","",0,45.44101389,-89.98632778,0,42,0,0,1,1,0,4,2,1,0,1,0,"0000000",99,99,99,99,88,88,0,0,0,1,0
55,550525,1,1,0,0,0,1,1,69,0,28,5,2016,7,16,43,0,1,7,3,5,"NEW WOOD RD","",0,45.43995278,-89.88270833,0,32,0,0,1,1,0,4,1,1,0,1,0,"0000000",16,46,16,59,17,36,0,0,0,1,0
55,550526,1,1,0,0,0,1,1,127,2520,26,11,2016,7,2,15,0,2,3,4,6,"S LAKE SHORE DR","",0,42.582475,-88.43080278,0,42,0,0,1,1,0,4,3,1,0,1,0,"0000000",2,17,99,99,99,99,0,0,0,1,1
55,550527,1,1,0,0,0,2,2,3,0,24,7,2016,1,15,52,0,1,7,3,5,"FIRE ROAD 337","",0,46.12519444,-90.85422778,0,1,0,0,1,1,0,1,1,1,0,1,0,"0000000",15,12,15,35,99,99,5,0,0,1,1
55,550528,1,1,0,0,0,3,3,133,3740,21,11,2016,2,3,3,0,2,4,2,4,"CR-JJ","",0,43.09673611,-88.30244722,0,30,0,0,1,1,0,4,2,1,0,1,0,"0000000",3,4,3,13,4,10,0,0,0,1,1
55,550529,1,1,0,0,0,1,1,113,0,23,11,2016,4,23,37,0,1,4,1,3,"SR-27","",99998,46.05486944,-91.49185,0,42,0,0,1,1,0,4,2,10,0,10,0,"0000000",23,37,99,99,88,88,0,0,0,1,1
55,550530,2,2,0,0,0,7,7,79,3100,19,11,2016,7,21,44,0,2,4,4,6,"N 27TH ST","",0,43.08955833,-87.94701667,0,12,7,0,1,1,0,1,3,1,0,1,0,"0000000",99,99,99,99,99,99,20,0,0,1,0
55,550531,1,1,0,0,0,2,2,25,0,26,11,2016,7,1,45,0,1,6,2,4,"CR-A","",0,42.903675,-89.51559167,0,30,0,0,1,1,0,4,2,1,0,1,0,"0000000",1,45,1,57,2,49,0,0,0,1,1
55,550532,2,2,0,0,0,2,2,97,0,29,11,2016,3,14,28,0,1,6,2,4,"CR-N","CR-J",0,44.35044167,-89.43627222,0,12,6,0,2,2,0,1,1,1,0,1,0,"0000000",14,31,14,50,15,43,0,0,0,1,1
55,550533,1,1,0,0,0,1,1,77,0,7,4,2016,5,1,26,0,1,7,3,5,"19TH AVE","",0,43.81354722,-89.24561111,0,33,0,0,1,1,0,4,2,4,0,4,0,"0000000",1,39,1,47,3,28,0,0,0,1,1