"STATE","ST_CASE","VE_TOTAL","VE_FORMS","PVH_INVL","PEDS","PERNOTMVIT","PERMVIT","PERSONS","COUNTY","CITY","DAY","MONTH","YEAR","DAY_WEEK","HOUR","MINUTE","NHS","RUR_URB","FUNC_SYS","RD_OWNER","ROUTE","TWAY_ID","TWAY_ID2","MILEPT","LATITUDE","LONGITUD","SP_JUR","HARM_EV","MAN_COLL","RELJCT1","RELJCT2","TYP_INT","WRK_ZONE","REL_ROAD","LGT_COND","WEATHER1","WEATHER2","WEATHER","SCH_BUS","RAIL","NOT_HOUR","NOT_MIN","ARR_HOUR","ARR_MIN","HOSP_HR","HOSP_MN","CF1","CF2","CF3","FATALS","DRUNK_DR"
4,40007,1,1,0,0,0,3,3,27,620,10,1,2016,1,1,32,0,2,4,4,6,"8TH ST GISS PKWY","CASTLE DOME AVE",0,32.71319722,-114.606475,0,33,0,0,3,3,0,4,3,1,0,1,0,"0000000",1,32,1,39,2,0,0,0,0,2,1
4,40022,2,2,0,0,0,3,3,15,0,26,1,2016,3,13,26,1,1,3,1,3,"SR-68","",111,35.20615278,-114.40317222,0,12,1,0,1,1,0,1,1,1,0,1,0,"0000000",13,35,13,42,14,28,23,0,0,1,0
4,40040,4,4,0,0,0,7,7,27,0,5,2,2016,6,16,8,0,2,4,2,4,"CR-FORTUNA RD","",0,32.66618333,-114.44415,0,12,7,0,1,1,0,1,1,1,0,1,0,"0000000",16,8,16,12,16,38,14,0,0,1,0
4,40041,2,2,0,0,0,2,2,15,0,8,2,2016,2,23,26,1,2,3,1,3,"SR-95","CAMP MOHAVE RD",1283,35.02623056,-114.59796111,0,12,2,0,3,2,0,1,2,1,0,1,0,"0000000",23,28,23,34,23,53,0,0,0,1,1
4,40058,1,1,0,0,0,1,1,12,0,22,2,2016,2,20,21,1,1,1,1,1,"I-10","",58,33.62447778,-114.433875,0,21,0,1,19,1,0,3,2,1,0,1,0,"0000000",20,37,20,56,22,36,0,0,0,1,0
4,40078,2,2,0,0,0,2,2,15,268,19,1,2016,3,5,54,0,2,4,4,6,"PALO VERDE BLVD","ACOMA BLVD",0,34.48706944,-114.32698333,0,12,6,0,2,2,0,1,6,98,0,98,0,"0000000",5,56,6,2,6,18,0,0,0,1,0
4,40115,2,2,0,0,0,3,3,27,0,21,3,2016,2,12,34,0,2,4,2,4,"CR-SOUTH FRONTAGE RD","",0,32.66989167,-114.44125,0,1,0,0,8,1,0,1,1,1,0,1,0,"0000000",12,36,12,40,99,99,14,0,0,1,0
4,40150,1,1,0,1,1,2,2,12,387,26,2,2016,6,12,23,1,1,3,1,3,"SR-95 CENTRAL BLVD","",9,33.67825833,-114.21704722,0,15,0,0,1,1,0,1,1,1,0,1,0,"0000000",12,35,12,45,14,30,16,0,0,1,0
4,40165,1,1,0,0,0,2,2,12,387,1,4,2016,6,22,6,1,1,1,1,1,"I-10 RAMP","",172,33.66033056,-114.24019167,0,5,0,1,20,1,0,1,3,1,0,1,0,"0000000",22,15,22,35,23,28,0,0,0,1,0
4,40175,1,1,0,0,0,2,2,15,0,8,4,2016,6,23,25,1,1,1,1,1,"I-15","",23,36.82910556,-114.01114444,0,1,0,0,1,1,0,4,2,10,0,10,0,"0000000",23,27,23,41,99,99,0,0,0,1,0
4,40179,2,2,0,0,0,3,3,12,0,10,4,2016,1,0,2,1,1,3,1,3,"SR-95","",467,34.25614722,-114.14633611,0,12,6,0,8,1,0,1,2,1,0,1,0,"0000000",0,2,0,14,99,99,0,0,0,1,1
4,40191,1,1,0,0,0,1,1,15,59,29,4,2016,6,23,35,0,2,4,4,6,"SILVER CREEK RD","",0,35.12132778,-114.57908333,0,33,0,0,1,1,0,4,2,1,0,1,0,"0000000",23,33,23,38,88,88,0,0,0,1,1
4,40196,2,2,0,0,0,4,4,15,0,21,4,2016,5,12,2,1,1,3,1,2,"US-93","CR-25 PIERCE FERRY RD",430,35.53422222,-114.3554,0,12,6,0,2,3,0,1,1,1,0,1,0,"0000000",12,3,12,11,13,0,0,0,0,2,0
4,40252,1,1,0,0,0,1,1,12,0,3,4,2016,1,99,99,1,1,3,1,3,"SR-95","MOHAVE RD",338,34.13709167,-114.28105556,3,99,99,0,99,99,0,99,1,98,0,98,0,"0000000",11,40,11,40,12,45,0,0,0,1,0
4,40285,1,1,0,2,2,1,1,12,0,5,5,2016,5,22,25,1,1,3,1,3,"SR-95","",365,34.16130556,-114.26295,3,8,0,0,1,1,0,1,2,1,0,1,0,"0000000",22,23,22,27,99,99,0,0,0,1,0
4,40287,1,1,0,0,0,3,3,15,0,8,5,2016,1,5,29,1,1,1,1,1,"I-15","",7,36.82098611,-114.03816667,0,1,0,0,1,1,1,4,4,10,0,10,0,"0000000",5,30,5,41,6,2,0,0,0,1,0
4,40288,1,1,0,0,0,1,1,15,268,11,5,2016,4,17,25,0,2,5,4,6,"ORO GRANDE BLVD","",0,34.461125,-114.27890278,0,58,0,0,1,1,0,1,1,1,0,1,0,"0000000",17,25,17,38,17,57,0,0,0,1,1
4,40357,2,2,0,0,0,2,2,27,620,7,6,2016,3,8,14,1,2,1,1,1,"I-8","",20,32.705275,-114.61015556,0,12,2,0,1,1,0,1,1,1,0,1,0,"0000000",8,14,8,19,8,45,0,0,0,2,0
4,40378,1,1,0,0,0,1,1,27,0,25,6,2016,7,6,29,1,2,3,1,2,"US-95","",311,32.69937222,-114.48831667,0,43,0,0,1,1,0,4,1,1,0,1,0,"0000000",6,28,6,38,7,19,0,0,0,1,0
4,40380,2,2,0,0,0,2,2,15,0,26,6,2016,1,23,22,1,1,1,1,1,"I-40","",112,34.730375,-114.29510556,0,12,2,0,1,1,0,1,2,1,0,1,0,"0000000",23,22,23,39,88,88,0,0,0,1,1
4,40390,3,3,0,0,0,7,7,15,0,27,6,2016,2,4,48,1,1,1,1,1,"I-40","",166,34.759275,-114.21083333,0,12,1,0,1,1,0,1,2,1,0,1,0,"0000000",4,50,5,0,7,5,27,19,0,1,0
4,40398,2,2,0,0,0,3,3,27,620,20,6,2016,2,10,56,0,2,4,4,6,"AVENUE A","22ND ST",0,32.68759722,-114.63326111,0,12,6,0,2,2,0,1,1,1,0,1,0,"0000000",11,0,11,4,11,24,0,0,0,1,0
4,40436,1,1,0,0,0,4,4,12,0,11,7,2016,2,6,45,1,1,3,1,2,"US-95","",599,33.03689722,-114.28924444,0,1,0,0,1,1,0,1,1,1,0,1,0,"0000000",6,51,7,24,8,30,0,0,0,1,0
4,40441,2,2,0,0,0,6,6,15,0,11,7,2016,2,22,54,1,1,3,1,2,"US-93","WILLOW BEACH RD",159,35.86365556,-114.60308056,0,12,6,0,2,2,0,1,2,1,0,1,0,"0000000",22,54,23,15,0,40,0,0,0,1,0
4,40445,2,2,0,0,0,2,2,27,0,15,7,2016,6,3,7,1,2,3,1,2,"US-95","",421,32.79676111,-114.381125,0,12,2,0,1,1,0,1,2,1,0,1,0,"0000000",3,10,3,24,88,88,0,0,0,1,0
4,40452,1,1,0,0,0,3,3,15,0,21,7,2016,5,20,8,1,1,3,1,2,"US-93","",221,35.79808333,-114.53318611,0,42,0,0,1,1,0,4,5,1,0,1,0,"0000000",20,12,20,36,21,51,0,0,0,1,0
4,40454,1,1,0,0,0,1,1,15,0,23,7,2016,7,6,19,0,1,6,2,4,"CR-10 OATMAN HWY","",0,34.742325,-114.48470833,0,5,0,0,1,1,0,4,6,1,0,1,0,"0000000",6,19,6,34,88,88,0,0,0,1,0
4,40456,2,2,0,0,0,8,8,15,0,24,7,2016,1,13,40,1,1,3,1,2,"US-93","CR-PIERCE FERRY RD",430,35.5342,-114.35544722,0,12,6,0,2,2,0,1,1,1,0,1,0,"0000000",13,38,14,20,88,88,0,0,0,4,0
4,40458,1,1,0,0,0,8,8,15,0,25,7,2016,2,13,10,1,1,1,1,1,"I-40","",123,34.73078056,-114.27602222,0,1,0,0,1,1,0,3,1,1,0,1,0,"0000000",13,11,13,34,99,99,0,0,0,1,0
4,40459,2,1,1,0,0,1,1,27,0,26,7,2016,3,99,99,0,2,7,98,5,"34TH ST","",0,32.66675833,-114.41525833,0,14,0,0,1,1,0,4,6,99,0,99,0,"0000000",18,10,18,15,88,88,0,0,0,1,1
4,40462,1,1,0,0,0,1,1,27,0,31,7,2016,1,19,37,0,1,7,98,5,"LEVEE RD","",0,32.72762222,-114.55436667,0,1,0,0,1,1,0,4,5,1,0,1,0,"0000000",19,40,19,56,88,88,6,0,0,1,1
4,40465,2,2,0,0,0,9,9,15,0,30,7,2016,7,16,5,1,1,3,1,2,"US-93","",280,35.72205556,-114.48631111,0,12,6,0,7,1,0,1,1,1,0,1,0,"0000000",16,7,16,25,17,32,0,0,0,3,0
4,40471,1,1,0,0,0,1,1,15,0,15,7,2016,6,23,16,0,1,7,98,5,"WILLOW RD","",0,34.902575,-114.52327222,0,35,0,0,1,1,0,4,6,1,0,1,0,"0000000",99,98,99,98,88,88,0,0,0,1,0
4,40473,1,1,0,1,1,1,1,15,0,4,7,2016,2,20,24,1,1,3,1,3,"SR-68 RAMP 26A","",274,35.21917778,-114.12168333,0,8,0,1,5,1,0,8,2,1,0,1,0,"0000000",20,30,20,41,88,88,0,0,0,1,1
4,40487,1,1,0,0,0,1,1,15,0,1,8,2016,2,6,50,0,1,6,2,4,"CR-143 TEMPLE BAR RD","",0,35.91131111,-114.51009444,0,35,0,0,1,1,0,4,4,99,0,99,0,"0000000",6,50,7,23,9,0,0,0,0,1,0
4,40497,1,1,0,0,0,4,4,15,0,9,8,2016,3,11,9,1,1,3,1,3,"SR-95","",1227,34.94551111,-114.59795556,3,1,0,0,1,1,0,1,1,1,0,1,0,"0000000",11,9,11,19,11,36,0,0,0,2,1
4,40503,1,1,0,0,0,1,1,15,0,14,8,2016,1,11,14,1,1,3,1,3,"SR-95","",533,34.30412222,-114.095025,0,1,0,0,1,1,0,4,1,1,0,1,0,"0000000",11,16,11,26,88,88,0,0,0,1,0
4,40504,1,1,0,0,0,2,2,15,0,15,8,2016,2,5,42,0,1,5,2,4,"CR-PIERCE FERRY RD","",0,35.66881389,-114.19908889,0,1,0,0,1,1,0,4,4,1,0,1,0,"0000000",5,36,5,51,99,99,0,0,0,1,0
4,40511,1,1,0,0,0,1,1,15,0,23,8,2016,3,16,57,1,1,3,1,2,"US-93","",325,35.663,-114.45210278,0,1,0,0,1,1,0,4,1,1,0,1,0,"0000000",16,57,17,19,88,88,0,0,0,1,0
4,40513,2,2,0,0,0,2,2,15,0,24,8,2016,4,22,9,1,1,3,1,3,"SR-68","",249,35.21982222,-114.17096944,0,12,2,0,1,1,0,1,3,1,0,1,0,"0000000",22,9,22,16,0,10,0,0,0,1,1
4,40537,1,1,0,0,0,1,1,12,0,25,6,2016,7,13,56,0,1,5,1,3,"SR-72","",89,33.98403056,-114.06573056,0,38,0,0,1,1,0,4,1,1,0,1,0,"0000000",13,56,14,18,16,0,0,0,0,1,0
4,40578,3,3,0,0,0,5,5,15,59,30,9,2016,6,16,48,1,2,3,1,3,"SR-95","WOLF CT",1296,35.04173333,-114.59144167,0,12,7,0,2,3,0,1,1,1,0,1,0,"0000000",16,49,16,54,16,58,0,0,0,2,1
4,40581,3,3,0,0,0,3,3,15,0,23,9,2016,6,20,40,1,2,3,1,3,"SR-95 MOHAVE VALLEY HWY","AZTEC RD",1276,35.01789444,-114.59796944,0,12,99,0,2,2,0,1,3,1,0,1,0,"0000000",20,41,20,50,99,99,0,0,0,1,1
4,40582,2,2,0,0,0,3,3,12,0,24,9,2016,7,13,12,1,1,3,1,3,"SR-95","",261,34.02937778,-114.25676944,3,12,6,0,1,1,0,1,1,1,0,1,0,"0000000",13,12,13,12,88,88,0,0,0,2,0
4,40676,2,2,0,0,0,3,3,15,0,22,10,2016,7,17,32,1,1,3,1,3,"SR-95","",870,34.651975,-114.31925,0,12,2,0,1,1,0,1,1,1,0,1,0,"0000000",17,34,17,47,88,88,0,0,0,3,0
4,40696,3,3,0,0,0,5,5,27,620,2,10,2016,1,6,50,1,2,3,4,3,"SR-8B 32ND ST","CATALINA DR",39,32.66938889,-114.61959722,0,12,6,0,2,2,0,1,1,1,0,1,0,"0000000",6,51,6,57,7,11,0,0,0,1,0
4,40718,2,2,0,0,0,2,2,15,59,8,11,2016,3,10,58,1,2,3,1,3,"SR-95 MOHAVE VALLEY HWY","NEWBERRY DR",1327,35.08789167,-114.59798611,0,12,6,0,2,2,0,1,1,1,0,1,0,"0000000",11,3,11,5,11,25,0,0,0,1,0
4,40721,1,1,0,0,0,2,2,15,0,9,11,2016,4,5,30,1,1,3,1,2,"US-93","",372,35.60754444,-114.40713611,0,1,0,0,1,1,0,4,2,1,0,1,0,"0000000",5,30,5,50,99,99,0,0,0,1,0
4,40759,1,1,0,1,1,1,1,15,0,24,10,2016,2,17,15,0,1,7,98,5,"HERMIT DR","",0,35.33106944,-114.24565,0,8,0,0,1,1,0,2,2,10,0,10,0,"0000000",17,19,17,53,88,88,0,0,0,1,0
4,40781,2,2,0,0,0,4,4,15,0,30,11,2016,4,12,22,1,1,3,1,3,"SR-95","",1185,34.88387222,-114.59779444,3,12,2,0,1,1,0,1,1,1,0,1,0,"0000000",12,22,12,28,13,20,0,0,0,4,0
4,40803,1,1,0,1,1,1,1,15,59,1,12,2016,5,22,52,1,2,3,1,3,"SR-95","",1325,35.08207778,-114.59682778,0,8,0,0,1,1,0,1,3,10,0,10,0,"0000000",22,58,23,0,23,17,0,0,0,1,0
4,40804,2,2,0,0,0,2,2,27,620,2,12,2016,6,17,35,0,2,5,4,6,"4TH AVE","",0,32.66209722,-114.62435278,0,12,6,0,8,1,0,1,5,1,0,1,0,"0000000",17,37,17,41,17,56,0,0,0,1,0
4,40822,1,1,0,0,0,1,1,27,620,21,12,2016,4,3,40,0,2,4,4,6,"AVENUE B","1ST ST",0,32.72521111,-114.65037222,0,33,0,0,3,3,0,4,3,10,0,10,0,"0000000",3,40,3,48,88,88,0,0,0,1,1
4,40823,1,1,0,0,0,1,1,15,0,22,12,2016,5,9,8,1,1,3,1,2,"US-93","",212,35.80875833,-114.54227222,0,43,0,0,1,1,0,3,1,2,0,2,0,"0000000",9,12,9,47,88,88,0,0,0,1,0
4,40824,1,1,0,1,1,1,1,27,620,23,12,2016,6,9,14,1,2,3,4,3,"SR-8B 4TH AVE","4TH ST",7,32.71979444,-114.62451111,0,8,0,0,3,2,0,1,1,10,0,10,0,"0000000",9,15,9,17,9,29,0,0,0,1,0
6,60001,1,1,0,0,0,2,2,79,0,1,1,2016,6,8,10,1,1,2,98,3,"SR-41","",494,35.77979722,-120.20959722,0,33,0,0,1,1,0,4,1,1,0,1,0,"0000000",99,99,99,99,99,99,0,0,0,1,0
6,60002,1,1,0,1,1,1,1,71,0,2,1,2016,7,18,43,0,1,3,98,4,"CR-NATIONAL TRAILS HWY","",0,34.70395833,-117.33660556,0,8,0,0,1,1,0,1,2,1,0,1,0,"0000000",99,99,99,99,88,88,0,0,0,1,0
6,60003,2,2,0,0,0,3,3,37,1980,3,1,2016,1,15,30,0,2,3,98,6,"WESTERN AVE","OAKWOOD AVE",0,34.0776,-118.30914722,0,12,6,0,2,3,0,1,1,1,0,1,0,"0000000",99,99,99,99,99,99,0,0,0,2,1
6,60004,1,1,0,0,0,1,1,37,1980,4,1,2016,2,8,25,0,1,3,98,4,"CR-BOUQUET CYN RD","",88,34.55425833,-118.4196,0,42,0,0,1,1,0,4,1,10,0,10,0,"0000000",99,99,99,99,88,88,0,0,0,1,0
6,60005,1,1,0,0,0,2,2,67,0,3,1,2016,1,10,52,0,1,4,98,4,"CR-RIO LINDA BL","",0,38.67198611,-121.45518333,0,42,0,0,1,1,1,4,1,1,0,1,0,"0000000",99,99,99,99,99,99,0,0,0,1,0
6,60006,2,2,0,0,0,2,2,37,1045,5,1,2016,3,7,29,0,2,4,98,6,"STEWART AND GRAY RD","ORIZABA AVE",0,33.93347778,-118.14134444,0,12,2,0,3,3,0,1,1,2,10,2,0,"0000000",99,99,99,99,88,88,0,0,0,1,1
6,60007,1,1,0,1,1,1,1,37,1980,7,1,2016,5,5,45,0,2,4,98,6,"PICO BL","",0,34.04386389,-118.27517778,0,8,0,0,1,1,0,1,3,2,0,2,0,"0000000",99,99,99,99,88,88,0,0,0,1,0
6,60008,2,2,0,0,0,2,2,37,1045,7,1,2016,5,11,30,0,2,3,98,6,"LAKEWOOD BL","",0,33.94444444,-118.11886111,0,12,6,0,4,1,0,1,1,1,0,1,0,"0000000",99,99,99,99,99,99,0,0,0,1,1
6,60009,1,1,0,1,1,2,2,67,0,8,1,2016,6,3,30,0,1,3,98,4,"CR-HAZEL","",0,38.66091111,-121.22571667,0,8,0,0,1,1,0,1,2,10,0,10,0,"0000000",99,99,99,99,99,99,0,0,0,1,0
6,60010,1,1,0,1,1,1,1,103,0,8,1,2016,6,5,28,1,1,3,1,3,"SR-99","",212,40.14866667,-122.13896111,0,11,0,0,1,1,0,1,2,10,0,10,0,"0000000",99,99,99,99,88,88,0,0,0,1,1
6,60011,1,1,0,0,0,1,1,73,1200,10,1,2016,1,15,28,0,2,5,98,6,"HALE ST","AUTOPARK WY",0,33.11413056,-117.10489722,0,33,0,0,3,3,0,4,1,10,0,10,0,"0000000",99,99,99,99,99,99,0,0,0,1,1
6,60012,1,1,0,0,0,1,1,65,410,10,1,2016,1,8,45,1,2,1,1,1,"I-10","",1497,33.60671389,-114.64891944,0,1,0,0,1,1,0,3,1,10,0,10,0,"0000000",99,99,99,99,88,88,0,0,0,1,0
6,60013,1,1,0,0,0,1,1,67,0,10,1,2016,1,16,10,0,1,7,98,4,"CR-SUTTER SLOUGH BRIDGE RD","",0,38.32717778,-121.57688889,0,1,0,0,1,1,0,1,1,1,0,1,0,"0000000",99,99,99,99,88,88,0,0,0,1,1
6,60014,1,1,0,0,0,1,1,73,1820,11,1,2016,2,14,35,1,2,2,98,3,"SR-94 RAMP","",102,32.75183056,-117.01482778,0,42,0,1,19,1,0,4,1,1,0,1,0,"0000000",99,99,99,99,88,88,0,0,0,1,0
6,60015,2,2,0,0,0,2,2,37,1980,11,1,2016,2,17,25,0,2,4,98,6,"NORMANDIE AVE","190TH ST",0,33.85832778,-118.29923889,0,12,6,0,2,2,0,1,3,1,0,1,0,"0000000",99,99,99,99,88,88,0,0,0,1,0
6,60016,1,1,0,1,1,1,1,37,1980,11,1,2016,2,17,35,0,2,7,98,6,"115TH ST","",0,33.930475,-118.2354,0,8,0,0,1,1,0,1,3,1,0,1,0,"0000000",99,99,99,99,99,99,0,0,0,1,1
6,60017,1,1,0,1,1,1,1,29,0,12,1,2016,3,7,15,0,1,4,98,4,"CR-HABECKER RD","",0,35.25830556,-118.90522778,0,8,0,0,1,1,0,1,1,1,0,1,0,"0000000",99,99,99,99,99,99,0,0,0,1,0
6,60018,1,1,0,1,1,1,1,41,2460,12,1,2016,3,15,17,0,2,5,98,6,"7TH ST","",0,38.10659167,-122.57876667,0,9,0,0,4,1,0,1,1,10,0,10,0,"0000000",99,99,99,99,99,99,0,0,0,1,0
6,60019,1,1,0,1,1,1,1,75,3290,16,1,2016,7,13,0,0,2,7,98,6,"POST ST","DIVISADERO ST",0,37.78431111,-122.43964167,0,8,0,0,2,2,0,1,1,1,0,1,0,"0000000",99,99,99,99,88,88,0,0,0,1,0
6,60020,1,1,0,0,0,2,2,61,3080,16,1,2016,7,22,48,0,2,4,98,6,"PARK DR","",0,38.81121944,-121.25879444,0,33,0,0,1,1,0,4,3,10,0,10,0,"0000000",99,99,99,99,99,99,0,0,0,1,0
6,60021,1,1,0,0,0,1,1,37,1980,18,1,2016,2,9,15,0,2,5,98,6,"LA TUNA CYN RD","",0,34.23619167,-118.33078056,0,33,0,0,1,1,0,4,1,10,0,10,0,"0000000",99,99,99,99,88,88,0,0,0,1,0
6,60022,1,1,0,1,1,1,1,37,1980,19,1,2016,3,18,40,0,2,7,98,6,"AVENUE 26","",0,34.08053889,-118.21913333,0,8,0,0,1,1,0,1,2,10,0,10,0,"0000000",99,99,99,99,99,99,0,0,0,1,0
6,60023,3,2,1,0,0,9,9,73,3260,10,1,2016,1,2,0,0,2,4,98,6,"MAIN ST","INDUSTRIAL BL",0,32.59483889,-117.08412222,0,12,6,0,2,2,0,1,3,10,0,10,0,"0000000",99,99,99,99,99,99,0,0,0,4,1
6,60024,4,2,2,0,0,2,2,37,1980,11,1,2016,2,20,45,0,2,4,98,6,"RESEDA BL","",0,34.21256389,-118.53605833,0,12,7,0,1,1,0,1,3,1,0,1,0,"0000000",99,99,99,99,99,99,0,0,0,1,0
6,60025,1,1,0,0,0,1,1,73,1200,11,1,2016,2,19,27,0,2,5,98,6,"COUNTRY CLUB DR","",0,33.16078333,-117.093625,0,33,0,0,1,1,0,3,3,1,0,1,0,"0000000",99,99,99,99,88,88,0,0,0,1,1
6,60026,1,1,0,0,0,4,4,37,0,16,1,2016,7,2,10,0,1,5,98,4,"CR-STEVENSON RANCH PKY","PICO CANYON RD",0,34.37935833,-118.58393889,0,33,0,0,3,3,0,3,3,1,0,1,0,"0000000",99,99,99,99,99,99,0,0,0,1,1
6,60027,1,1,0,0,0,1,1,107,0,5,1,2016,3,1,20,0,1,2,98,3,"SR-137","",270,36.21076389,-119.141625,0,42,0,0,1,1,0,4,2,10,0,10,0,"0000000",99,99,99,99,88,88,0,0,0,1,0
6,60028,1,1,0,0,0,1,1,107,0,5,1,2016,3,21,25,0,1,5,98,4,"CR-AVENUE 328","CR-LINCOLN ROAD",0,36.38547778,-119.296675,0,39,0,0,3,3,0,4,2,1,0,1,0,"0000000",99,99,99,99,88,88,0,0,0,1,0
6,60029,2,2,0,0,0,3,3,87,4100,9,1,2016,7,0,33,0,2,3,98,3,"SR-152","MAIN ST",0,36.91158611,-121.75841389,0,12,6,0,2,2,0,1,3,10,0,10,0,"0000000",99,99,99,99,99,99,0,0,0,1,2
6,60030,1,1,0,0,0,1,1,29,0,12,1,2016,3,6,40,0,1,2,98,3,"SR-178","",38,35.3825,-118.97028056,0,1,0,0,1,1,0,4,4,1,0,1,0,"0000000",99,99,99,99,99,99,0,0,0,1,0
6,60031,1,1,0,0,0,1,1,71,1603,12,1,2016,3,15,53,1,2,1,1,1,"I-15 RAMP","",375,34.46929444,-117.34683333,0,30,0,1,5,1,0,4,1,1,0,1,0,"0000000",99,99,99,99,88,88,0,0,0,1,0
6,60032,3,3,0,0,0,7,7,71,681,15,1,2016,6,7,20,1,2,2,98,3,"SR-71","",62,33.943675,-117.6715,0,12,1,0,1,1,0,1,1,1,0,1,0,"0000000",99,99,99,99,99,99,0,0,0,1,0
6,60033,1,1,0,0,0,2,2,29,0,17,1,2016,1,2,0,0,1,3,98,4,"CR-FAMOSO PORTERVILLE HWY","",0,35.77922778,-119.12181111,0,30,0,0,1,1,0,4,2,1,0,1,0,"0000000",99,99,99,99,99,99,0,0,0,1,0
6,60034,2,2,0,1,1,1,1,37,1840,17,1,2016,1,22,40,0,2,3,98,6,"SIERRA HWY","",0,34.716925,-118.13961111,0,8,0,0,1,1,0,1,3,10,0,10,0,"0000000",99,99,99,99,88,88,0,0,0,1,0
6,60035,2,2,0,0,0,3,3,83,0,18,1,2016,2,11,27,0,1,3,98,3,"SR-154","",7,34.68074444,-120.154025,0,12,2,0,1,1,0,1,1,2,0,2,0,"0000000",99,99,99,99,88,88,0,0,0,1,0
6,60036,2,2,0,0,0,5,5,73,0,3,1,2016,1,10,40,0,1,2,98,3,"SR-78","",717,33.11166111,-116.44623611,0,41,0,0,1,1,0,4,1,1,0,1,0,"0000000",99,99,99,99,88,88,14,0,0,1,0
6,60037,1,1,0,0,0,3,3,25,0,18,1,2016,2,99,99,1,1,1,1,1,"I-8","",661,32.70859167,-115.08358889,0,43,0,0,1,1,0,4,2,10,0,10,0,"0000000",99,99,99,99,99,99,0,0,0,1,0
6,60038,2,2,0,0,0,2,2,19,0,4,1,2016,2,2,30,0,1,3,98,4,"CR-MOUNTAIN VIEW AVENUE","CR-GOLDEN STATE BLVD",0,36.54698889,-119.58995833,0,12,1,0,2,2,0,1,3,10,0,10,0,"0000000",99,99,99,99,88,88,0,0,0,1,0
6,60039,1,1,0,1,1,2,2,107,2880,20,1,2016,4,17,38,1,2,2,98,3,"SR-65","PIONEER AVE",209,36.09114722,-119.03959167,0,9,0,0,2,3,0,1,2,1,0,1,0,"0000000",99,99,99,99,99,99,0,0,0,1,0
6,60040,1,1,0,0,0,1,1,39,0,5,1,2016,3,23,0,0,1,5,98,4,"CR-CHOWCHILLA BLVD","CR-MINTURN ROAD",0,37.139825,-120.27443333,0,33,0,0,3,3,0,4,2,10,0,10,0,"0000000",99,99,99,99,88,88,0,0,0,1,1
6,60041,2,1,1,3,3,1,1,37,1980,6,1,2016,4,2,30,0,2,3,98,6,"BEVERLY BLVD","",0,34.07614722,-118.34582778,0,8,0,0,1,1,0,7,3,10,0,10,0,"0000000",99,99,99,99,99,99,14,15,0,1,1
6,60042,1,1,0,0,0,1,1,65,0,22,1,2016,6,99,99,0,1,2,98,3,"SR-243","",30,33.79971111,-116.76484167,0,59,0,0,1,1,0,4,1,10,0,10,0,"0000000",99,99,99,99,88,88,0,0,0,1,0
6,60043,1,1,0,0,0,2,2,111,3860,23,1,2016,7,18,11,1,2,2,98,2,"US-101 RAMP","WENDY RD",0,34.18891944,-118.94022778,0,33,0,1,3,2,0,4,3,1,0,1,0,"0000000",99,99,99,99,99,99,0,0,0,1,0
6,60044,1,1,0,0,0,1,1,37,1695,6,1,2016,4,14,37,0,2,5,98,6,"WALNUT DRIVE NORTH","",0,33.99821111,-117.86094722,0,33,0,0,1,1,0,4,1,2,0,2,0,"0000000",99,99,99,99,88,88,0,0,0,1,0
6,60045,1,1,0,0,0,3,3,47,0,6,1,2016,4,15,40,0,1,2,98,3,"SR-165","",254,37.26950278,-120.85138333,0,1,0,0,1,1,0,2,1,2,0,2,0,"0000000",99,99,99,99,99,99,0,0,0,1,0
6,60046,1,1,0,1,1,1,1,37,1980,6,1,2016,4,17,23,0,2,3,98,6,"OLYMPIC BLVD","SERRANO AVE",0,34.05260833,-118.30628889,0,8,0,0,3,2,0,1,3,2,0,2,0,"0000000",99,99,99,99,99,99,0,0,0,1,0
6,60047,1,1,0,1,1,1,1,29,0,22,1,2016,6,17,45,0,1,4,98,4,"CR-EAST PANAMA LN","",0,35.29598611,-118.93489444,0,8,0,0,1,1,0,1,2,1,0,1,0,"0000000",99,99,99,99,88,88,0,0,0,1,0
6,60048,1,1,0,1,1,1,1,73,3260,23,1,2016,7,17,30,0,2,7,98,6,"CONVOY CT","",0,32.83468611,-117.16134722,0,8,0,0,1,1,0,1,3,10,0,10,0,"0000000",99,99,99,99,99,99,0,0,0,1,0
6,60049,3,3,0,0,0,5,5,53,0,6,1,2016,4,18,40,0,1,2,98,3,"SR-68","HITCHCOCK ROAD",192,36.64462222,-121.66416667,0,12,2,0,2,3,1,1,2,10,0,10,0,"0000000",99,99,99,99,99,99,0,0,0,1,0
6,60050,1,1,0,1,1,1,1,37,1980,7,1,2016,5,5,35,0,2,3,98,6,"VERMONT AVE","",0,33.84938889,-118.29049444,0,8,0,0,1,1,0,1,3,2,0,2,0,"0000000",99,99,99,99,88,88,0,0,0,1,0
6,60051,4,4,0,0,0,8,8,29,0,19,1,2016,3,6,50,0,1,3,98,4,"CR-7TH STANDARD ROAD","CR-BUSSELL ROAD",0,35.44186111,-119.30491944,0,12,1,0,3,3,0,1,1,10,0,10,0,"0000000",99,99,99,99,99,99,0,0,0,1,0