"STATE","ST_CASE","VE_TOTAL","VE_FORMS","PVH_INVL","PEDS","PERNOTMVIT","PERMVIT","PERSONS","COUNTY","CITY","DAY","MONTH","YEAR","DAY_WEEK","HOUR","MINUTE","NHS","RUR_URB","FUNC_SYS","RD_OWNER","ROUTE","TWAY_ID","TWAY_ID2","MILEPT","LATITUDE","LONGITUD","SP_JUR","HARM_EV","MAN_COLL","RELJCT1","RELJCT2","TYP_INT","WRK_ZONE","REL_ROAD","LGT_COND","WEATHER1","WEATHER2","WEATHER","SCH_BUS","RAIL","NOT_HOUR","NOT_MIN","ARR_HOUR","ARR_MIN","HOSP_HR","HOSP_MN","CF1","CF2","CF3","FATALS","DRUNK_DR"
6,60052,1,1,0,1,1,1,1,73,3260,22,1,2016,6,5,55,1,2,2,98,3,"SR-905 RAMP","",34,32.56747778,-117.06847778,0,8,0,1,5,1,0,1,3,5,0,5,0,"0000000",99,99,99,99,88,88,0,0,0,1,0
6,60053,2,2,0,0,0,3,3,13,3400,22,1,2016,6,22,26,1,2,1,1,1,"I-680","",9,37.72703056,-121.9428,0,5,0,0,1,1,0,1,2,2,0,2,0,"0000000",99,99,99,99,88,88,14,0,0,1,0
6,60054,2,2,0,0,0,3,3,39,0,24,1,2016,1,5,0,0,1,4,98,4,"CR-AVENUE 7","",0,36.85101667,-120.27188889,0,12,2,0,1,1,0,1,2,1,0,1,0,"0000000",99,99,99,99,88,88,0,0,0,2,1
6,60055,1,1,0,1,1,1,1,73,0,23,1,2016,7,18,5,0,1,4,98,4,"CR-JAMACHA BLVD","",0,32.70780556,-116.98959444,0,9,0,0,1,1,0,99,3,10,0,10,0,"0000000",99,99,99,99,99,99,0,0,0,1,0
6,60056,1,1,0,0,0,4,4,29,0,24,1,2016,1,9,5,0,1,3,98,4,"CR-FAMOSO ROAD","",0,35.62178889,-119.01532778,0,1,0,0,1,1,0,4,1,10,0,10,0,"0000000",99,99,99,99,99,99,0,0,0,1,0
6,60057,1,1,0,1,1,1,1,59,3420,24,1,2016,1,18,6,0,2,3,98,6,"FAIRVIEW ST","",0,33.73126111,-117.90643889,0,8,0,0,1,1,0,1,3,1,0,1,0,"0000000",99,99,99,99,88,88,0,0,0,1,0
6,60058,3,3,0,0,0,1,1,47,0,23,1,2016,7,20,21,0,1,3,98,4,"CR-CENTER AVE","CR-COTTON RD",0,37.0129,-120.85497222,0,12,7,0,1,1,0,1,2,10,0,10,0,"0000000",99,99,99,99,88,88,0,0,0,1,1
6,60059,1,1,0,1,1,1,1,85,3340,25,1,2016,2,0,42,0,2,3,98,6,"CURTNER AVE","",0,37.29365833,-121.87361111,0,8,0,1,19,1,0,4,2,1,0,1,0,"0000000",99,99,99,99,99,99,0,0,0,1,0
6,60060,3,3,0,0,0,3,3,37,1980,27,1,2016,4,16,10,0,2,4,98,6,"VENICE BLVD","GRAND VIEW BLVD",0,34.00482778,-118.43123889,0,12,6,0,2,2,0,1,1,1,0,1,0,"0000000",99,99,99,99,88,88,0,0,0,1,0
6,60061,3,3,0,0,0,4,4,7,0,27,1,2016,4,17,47,1,1,3,1,3,"SR-70","",1,39.30775278,-121.59537778,0,12,2,0,1,1,0,1,2,1,0,1,0,"0000000",99,99,99,99,99,99,14,0,0,1,0
6,60062,2,2,0,0,0,3,3,73,3260,27,1,2016,4,21,7,0,2,3,98,6,"MIRAMAR ROAD","MIRAMAR PLACE",0,32.87767222,-117.17827778,0,12,2,0,2,3,0,1,3,1,0,1,0,"0000000",99,99,99,99,99,99,0,0,0,1,1
6,60063,1,1,0,1,1,1,1,37,2970,28,1,2016,5,4,55,0,2,3,98,6,"TORRANCE BLVD","",0,33.83753056,-118.38111667,0,8,0,0,1,1,0,1,3,1,0,1,0,"0000000",99,99,99,99,88,88,0,0,0,1,0
6,60064,1,1,0,1,1,1,1,15,0,28,1,2016,5,18,15,0,1,7,98,4,"CR-SUMMER LANE","",0,41.7736,-124.19125,0,8,0,0,1,1,0,1,2,10,0,10,0,"0000000",99,99,99,99,99,99,0,0,0,1,0
6,60065,1,1,0,1,1,1,1,75,3290,29,1,2016,6,18,34,0,2,4,98,6,"30TH STREET","DOLORES STREET",0,37.74223056,-122.42429167,0,8,0,0,3,2,0,1,3,2,0,2,0,"0000000",99,99,99,99,99,99,0,0,0,1,0
6,60066,2,1,1,1,6,1,6,37,1980,30,1,2016,7,13,50,0,2,4,98,6,"BOYLE AVENUE","",0,34.03619722,-118.21890833,0,14,0,0,1,1,0,7,1,1,0,1,0,"0000000",99,99,99,99,99,99,0,0,0,1,0
6,60067,1,1,0,0,0,2,2,71,0,30,1,2016,7,20,30,0,1,3,98,4,"CR-EVERGREEN ROAD","CR-SMOKE TREE ROAD",0,34.44065278,-117.62080556,0,1,0,0,2,2,0,1,2,1,0,1,0,"0000000",99,99,99,99,99,99,0,0,0,1,1
6,60068,1,1,0,0,0,1,1,103,0,31,1,2016,1,18,15,0,1,7,98,4,"CR-LOLETA AVENUE","",0,39.91339722,-122.13933056,0,31,0,0,1,1,0,5,2,1,0,1,0,"0000000",99,99,99,99,88,88,0,0,0,1,0
6,60069,2,2,0,0,0,2,2,71,0,27,1,2016,4,18,15,0,1,5,98,4,"CR-PHELAN ROAD","CR-ZING ROAD",0,34.42650556,-117.47525833,0,12,2,0,3,2,0,1,5,1,0,1,0,"0000000",99,99,99,99,99,99,0,0,0,1,1
6,60070,1,1,0,0,0,1,1,17,0,6,1,2016,4,11,18,0,1,4,98,4,"CR-WHITE ROCK RD","CR-STONEBRIAR DR",0,38.63713333,-121.07680833,0,46,0,0,3,2,0,4,1,10,0,10,0,"0000000",99,99,99,99,88,88,0,0,0,1,0
6,60071,2,2,0,0,0,5,5,73,1200,6,1,2016,4,23,0,1,1,1,1,1,"I-15","",295,33.10081389,-117.09071111,0,12,1,0,1,1,0,1,2,2,0,2,0,"0000000",99,99,99,99,99,99,0,0,0,1,1
6,60072,1,1,0,0,0,1,1,73,710,1,1,2016,6,99,99,1,2,1,1,1,"I-5","",71,32.61876111,-117.09161111,0,59,0,0,1,1,0,4,2,1,0,1,0,"0000000",99,99,99,99,88,88,0,0,0,1,1
6,60073,1,1,0,1,1,2,2,19,1370,22,1,2016,6,0,38,1,2,2,98,3,"SR-41","",263,36.77695833,-119.78507778,0,8,0,1,18,1,0,1,2,1,0,1,0,"0000000",99,99,99,99,99,99,0,0,0,1,0
6,60074,1,1,0,1,1,1,1,77,0,24,1,2016,1,21,40,0,1,5,98,4,"CR-GERTRUDE AVE","",0,37.95968889,-121.2344,0,8,0,0,1,1,0,1,3,10,0,10,0,"0000000",99,99,99,99,99,99,0,0,0,1,1
6,60075,1,1,0,0,0,1,1,85,3340,3,2,2016,4,1,35,0,2,2,98,3,"SR-85","",16,37.24100833,-121.79770278,0,38,0,0,1,1,0,4,3,1,0,1,0,"0000000",99,99,99,99,99,99,0,0,0,1,0
6,60076,1,1,0,1,1,1,1,73,560,1,2,2016,2,6,18,0,2,4,98,6,"EL CAMINO REAL","MARRON RD",0,33.1778,-117.32652222,0,8,0,0,3,2,0,1,3,1,0,1,0,"0000000",99,99,99,99,88,88,0,0,0,1,0
6,60077,3,3,0,0,0,7,7,7,660,26,1,2016,3,20,40,1,2,3,1,3,"SR-99","",318,39.73018056,-121.81228056,0,12,1,0,1,1,1,1,2,10,0,10,0,"0000000",99,99,99,99,99,99,0,0,0,1,1
6,60078,1,1,0,0,0,4,4,77,0,16,1,2016,7,1,25,0,1,4,2,4,"CR-ASHLEY LN","",0,38.04271944,-121.24173056,0,38,0,0,1,1,0,4,2,2,10,2,0,"0000000",99,99,99,99,99,99,0,0,0,2,1
6,60079,1,1,0,0,0,1,1,37,1840,6,1,2016,4,1,33,0,2,4,4,6,"AVENUE J","",0,34.689575,-118.11733611,0,30,0,0,1,1,0,4,2,10,0,10,0,"0000000",99,99,99,99,88,88,0,0,0,1,0
6,60080,1,1,0,0,0,1,1,67,3150,10,1,2016,1,2,13,0,2,3,4,6,"AUBURN BL","WATT AVE",0,38.63711944,-121.38311111,0,46,0,1,3,2,0,4,3,10,2,2,0,"0000000",99,99,99,99,99,99,0,0,0,1,1
6,60081,1,1,0,0,0,4,4,71,0,1,2,2016,2,23,0,0,1,2,98,3,"SR-2","",30,34.36248056,-117.60396389,0,35,0,0,1,1,0,4,2,1,0,1,0,"0000000",99,99,99,99,99,99,0,0,0,1,1
6,60082,1,1,0,0,0,1,1,65,290,2,2,2016,3,0,1,1,2,1,1,1,"I-10","",64,33.93613056,-116.99506111,0,59,0,0,1,1,0,4,3,1,0,1,0,"0000000",99,99,99,99,99,99,0,0,0,1,0
6,60083,1,1,0,0,0,2,2,99,0,10,1,2016,1,4,20,0,1,3,2,4,"CR-ALBERS","",0,37.68333889,-120.848025,0,30,0,0,1,1,0,4,2,1,0,1,0,"0000000",99,99,99,99,99,99,0,0,0,1,1
6,60084,1,1,0,0,0,2,2,81,0,10,1,2016,1,21,30,0,1,3,1,3,"SR-35","",187,37.44812778,-122.33533889,0,53,0,0,1,1,0,4,2,10,0,10,0,"0000000",99,99,99,99,99,99,0,0,0,2,0
6,60085,1,1,0,0,0,3,3,105,0,13,1,2016,4,12,15,0,1,2,1,3,"SR-3","",143,40.583125,-123.07124444,0,42,0,0,1,1,0,4,1,10,2,2,0,"0000000",99,99,99,99,99,99,0,0,0,1,0
6,60086,1,1,0,0,0,1,1,73,0,19,2,2016,6,16,35,0,1,2,98,3,"SR-94","",601,32.64670556,-116.36003611,0,43,0,0,1,1,0,4,1,1,0,1,0,"0000000",99,99,99,99,88,88,0,0,0,1,0
6,60087,2,2,0,0,0,4,4,25,0,14,1,2016,5,17,14,1,1,2,1,3,"SR-86","LACK RD",290,33.03724444,-115.64727778,0,12,6,0,2,2,0,1,5,1,0,1,0,"0000000",99,99,99,99,99,99,0,0,0,2,0
6,60088,1,1,0,0,0,1,1,71,0,20,2,2016,7,11,5,1,1,1,1,1,"I-40","",1313,34.88075,-114.77065833,0,52,0,0,1,1,0,4,1,1,0,1,0,"0000000",99,99,99,99,88,88,0,0,0,1,0
6,60089,1,1,0,1,1,1,1,47,2150,15,1,2016,6,22,2,0,2,3,4,6,"16TH ST","",0,37.30240278,-120.48934167,0,8,0,0,1,1,0,1,3,10,0,10,0,"0000000",99,99,99,99,88,88,0,0,0,1,0
6,60090,1,1,0,0,0,2,2,37,1015,15,2,2016,2,16,39,0,2,4,98,6,"DIAMOND BAR BL","",0,34.00576944,-117.80860278,0,33,0,0,1,1,0,4,1,1,0,1,0,"0000000",99,99,99,99,99,99,0,0,0,1,1
6,60091,2,2,0,0,0,2,2,81,0,19,1,2016,3,13,38,1,2,1,1,1,"I-380 RAMP","",60,37.631775,-122.40318889,0,12,7,1,20,1,0,1,1,10,0,10,0,"0000000",99,99,99,99,99,99,0,0,0,1,0
6,60092,1,1,0,0,0,1,1,103,0,12,2,2016,6,6,20,0,1,3,98,4,"CR-HWY 99W","",0,39.94110833,-122.17924167,0,42,0,0,1,1,0,4,2,1,0,1,0,"0000000",99,99,99,99,88,88,0,0,0,1,1
6,60093,2,2,0,0,0,4,4,21,0,22,1,2016,6,13,0,0,1,6,2,4,"CR-COUNTY RD 32","",0,39.62931111,-121.99658056,0,12,2,0,1,1,0,1,1,10,0,10,0,"0000000",99,99,99,99,99,99,0,0,0,1,0
6,60094,1,1,0,0,0,1,1,89,0,6,2,2016,7,99,99,0,1,7,98,4,"CR-E FORK RD","",0,40.75863056,-122.60713889,0,38,0,0,1,1,0,4,2,1,0,1,0,"0000000",99,99,99,99,88,88,0,0,0,1,0
6,60095,2,2,0,0,0,3,3,73,3260,23,1,2016,7,21,20,0,2,2,1,3,"SR-163","",31,32.75508333,-117.15878611,0,1,0,0,1,1,0,1,3,10,0,10,0,"0000000",99,99,99,99,88,88,14,0,0,1,1
6,60096,1,1,0,0,0,2,2,25,0,6,2,2016,7,11,57,0,1,3,98,4,"CR-DOGWOOD RD","",0,32.70681111,-115.53396389,0,30,0,0,1,1,0,4,1,1,0,1,0,"0000000",99,99,99,99,99,99,0,0,0,1,0
6,60097,1,1,0,0,0,2,2,37,1980,26,1,2016,3,1,0,0,2,3,4,6,"FIGUEROA ST","",0,33.98973611,-118.28266944,0,42,0,0,1,1,0,4,3,1,0,1,0,"0000000",99,99,99,99,88,88,0,0,0,2,0
6,60098,1,1,0,0,0,1,1,113,0,27,1,2016,4,14,52,0,1,2,1,3,"SR-116","",297,38.68536111,-121.991275,0,30,0,0,1,1,0,4,1,1,0,1,0,"0000000",99,99,99,99,88,88,0,0,0,1,0
6,60099,1,1,0,0,0,1,1,25,0,14,2,2016,1,12,5,0,1,2,98,3,"SR-78","",249,32.9748,-115.33869722,0,35,0,0,1,1,0,4,1,1,0,1,0,"0000000",99,99,99,99,99,99,0,0,0,1,0
6,60100,1,1,0,0,0,1,1,37,1980,5,2,2016,6,16,50,0,2,3,98,6,"FLORENCE AVE","HARVARD AVE",0,33.97458333,-118.30683611,0,1,0,0,3,2,0,1,1,1,0,1,0,"0000000",99,99,99,99,88,88,0,0,0,1,0
6,60101,1,1,0,0,0,2,2,19,1370,18,1,2016,2,1,21,0,2,4,99,6,"MARKS AVE","",0,36.7363,-119.84434167,0,33,0,0,1,1,0,3,3,10,0,10,0,"0000000",99,99,99,99,99,99,0,0,0,1,1
6,60102,2,2,0,0,0,3,3,29,0,17,1,2016,1,19,59,1,1,2,1,3,"SR-58","",662,35.32110833,-118.79361944,0,12,7,0,1,1,0,1,2,10,0,10,0,"0000000",99,99,99,99,88,88,0,0,0,1,1
6,60103,1,1,0,0,0,1,1,73,1200,1,1,2016,6,99,99,0,2,2,1,3,"SR-78","",167,33.12766944,-117.10244167,0,1,0,0,1,1,0,4,2,1,0,1,0,"0000000",99,99,99,99,88,88,0,0,0,1,0
6,60104,1,1,0,0,0,1,1,67,3150,16,1,2016,7,2,50,1,2,1,1,1,"I-5","",232,38.57659722,-121.50783333,0,25,0,0,1,1,0,3,3,2,0,2,0,"0000000",99,99,99,99,88,88,0,0,0,1,0
6,60105,1,1,0,1,1,2,2,73,3260,7,1,2016,5,22,32,1,2,1,1,1,"I-5","",192,32.74988889,-117.19595,0,8,0,0,1,1,0,1,2,1,0,1,0,"0000000",99,99,99,99,88,88,0,0,0,1,0
6,60106,1,1,0,1,1,1,1,37,1045,13,1,2016,4,6,11,0,2,3,4,6,"BELLFLOWER","STEWART AND GRAY RD",0,33.92782778,-118.12544444,0,9,0,0,2,2,0,1,3,1,0,1,0,"0000000",99,99,99,99,88,88,16,0,0,1,0
6,60107,1,1,0,0,0,2,2,73,3260,16,1,2016,7,6,6,0,2,7,4,6,"MARINERS WY","",0,32.77034167,-117.24621389,0,33,0,0,1,1,0,4,4,1,0,1,0,"0000000",99,99,99,99,99,99,0,0,0,1,1
6,60108,1,1,0,1,1,3,3,13,820,23,1,2016,7,18,36,0,2,4,4,6,"OAK GROVE RD","SMITH LN",0,37.941025,-122.02718611,0,8,0,0,3,3,0,1,3,1,0,1,0,"0000000",99,99,99,99,99,99,21,0,0,1,0
6,60109,1,1,0,1,1,1,1,99,3950,16,1,2016,7,17,28,0,2,5,4,6,"N OLIVE AVENUE","",0,37.52668611,-120.83985,0,8,0,0,1,1,0,1,5,1,0,1,0,"0000000",99,99,99,99,99,99,0,0,0,1,0
6,60110,1,1,0,1,1,1,1,71,0,2,2,2016,3,22,40,0,1,2,98,3,"SR-18","",779,34.45067778,-117.02751944,0,8,0,0,1,1,0,1,2,1,0,1,0,"0000000",99,99,99,99,88,88,0,0,0,1,0
6,60111,1,1,0,1,1,1,1,37,1670,27,1,2016,4,19,54,0,2,4,4,6,"GAGE AVE","BISSELL ST",0,33.98006111,-118.20629444,0,8,0,0,3,2,0,1,3,1,0,1,0,"0000000",99,99,99,99,99,99,0,0,0,1,0
6,60112,2,2,0,0,0,3,3,59,1410,25,1,2016,2,19,11,0,2,4,4,6,"TRASK AVE","ONTARIO DR",0,33.7667,-117.96643056,0,12,2,0,2,3,0,1,3,1,0,1,0,"0000000",99,99,99,99,99,99,0,0,0,1,0
6,60113,4,4,0,0,0,9,9,29,0,16,1,2016,7,18,10,1,1,2,1,3,"SR-46","",442,35.60122778,-119.45305556,0,12,2,0,1,1,0,1,2,1,0,1,0,"0000000",99,99,99,99,99,99,14,0,0,2,2
6,60114,2,2,0,0,0,2,2,85,3340,7,2,2016,1,14,7,0,2,3,98,6,"TULLY RD","WHITE RD",0,37.33550556,-121.80052778,0,12,6,0,2,2,0,1,1,1,0,1,0,"0000000",99,99,99,99,99,99,0,0,0,1,0
6,60115,2,2,0,0,0,2,2,37,0,19,1,2016,3,3,35,0,1,3,2,4,"CR-240TH STREET EAST","",0,34.63481111,-117.70261944,0,12,6,0,1,1,0,1,2,1,0,1,0,"0000000",99,99,99,99,99,99,23,0,0,1,0
6,60116,1,1,0,1,1,1,1,67,3150,9,1,2016,7,0,57,0,2,3,4,6,"MACK RD","",0,38.47699722,-121.46024722,0,8,0,0,1,1,0,1,3,2,0,2,0,"0000000",99,99,99,99,88,88,0,0,0,1,0
6,60117,1,1,0,1,1,1,1,83,0,31,1,2016,1,6,7,0,1,4,2,4,"CR-BETTERAVIA ROAD","",0,34.92368611,-120.41259167,0,18,0,0,1,1,0,1,2,2,0,2,0,"0000000",99,99,99,99,99,99,0,0,0,1,0
6,60118,2,2,0,0,0,3,3,17,0,28,1,2016,5,16,6,0,1,3,2,4,"CR-MT AUKUM RD","",0,38.62643056,-120.70178056,0,12,6,0,1,1,0,1,1,10,0,10,0,"0000000",99,99,99,99,99,99,0,0,0,1,0
6,60119,1,1,0,1,1,1,1,37,1980,16,2,2016,3,18,50,0,1,5,98,4,"CR-BATSON AVE","CAMINO BELLO",0,33.98565,-117.90394444,0,8,0,0,1,1,0,1,3,1,0,1,0,"0000000",99,99,99,99,99,99,0,0,0,1,0
6,60120,2,2,0,0,0,3,3,7,0,6,2,2016,7,12,35,0,1,4,98,4,"CR-OPHIR RD","POWER HOUSE HILL RD",0,39.46400278,-121.57689444,0,12,6,0,2,2,0,1,1,1,0,1,0,"0000000",99,99,99,99,88,88,0,0,0,1,1
6,60121,2,2,0,0,0,2,2,37,2870,29,1,2016,6,8,25,0,2,4,4,6,"SAN ANTONIO AVE","",0,34.07273333,-117.73669167,0,12,6,0,1,1,0,1,1,1,0,1,0,"0000000",99,99,99,99,99,99,0,0,0,1,0
6,60122,3,3,0,0,0,3,3,71,0,16,2,2016,3,16,20,0,1,3,98,4,"CR-NATIONAL TRAILS HIGHWAY","",0,34.58939444,-117.33149167,0,12,8,0,1,1,0,1,1,1,0,1,0,"0000000",99,99,99,99,99,99,14,0,0,1,1
6,60123,1,1,0,1,1,1,1,37,1970,3,2,2016,4,22,46,0,2,3,1,3,"SR-1","LOMA AVE",0,33.78985,-118.15024444,0,8,0,0,2,3,0,1,3,1,0,1,0,"0000000",99,99,99,99,88,88,0,0,0,1,0
6,60124,1,1,0,1,1,1,1,75,3290,12,2,2016,6,7,50,0,2,3,98,6,"GENEVA AVE","ATHENS ST",0,37.71346667,-122.43452778,0,8,0,0,2,2,0,1,1,1,0,1,0,"0000000",99,99,99,99,99,99,0,0,0,1,0
6,60125,1,1,0,2,2,1,1,37,1980,2,2,2016,3,16,20,0,2,3,4,6,"SAN PEDRO STREET","22ND STREET",0,34.02488056,-118.25921389,0,8,0,0,3,2,0,1,1,1,0,1,0,"0000000",99,99,99,99,99,99,0,0,0,1,0
6,60126,3,3,0,0,0,5,5,95,1260,5,2,2016,6,14,12,1,2,1,1,1,"I-680","",98,38.18017778,-122.132725,0,12,1,1,18,1,0,1,1,1,0,1,0,"0000000",99,99,99,99,88,88,28,0,0,1,0
6,60127,4,4,0,0,0,7,7,103,0,5,2,2016,6,12,55,1,1,1,1,1,"I-5","",383,40.32159722,-122.28086944,0,12,1,0,1,1,0,1,1,1,0,1,0,"0000000",99,99,99,99,99,99,0,0,0,1,0
6,60128,1,1,0,0,0,1,1,111,4027,2,2,2016,3,23,36,1,2,2,1,2,"US-101","",272,34.25928333,-119.25098333,0,25,0,0,1,1,0,3,2,1,0,1,0,"0000000",99,99,99,99,99,99,0,0,0,1,0
6,60129,1,1,0,1,1,2,2,61,3080,8,2,2016,2,0,15,1,2,1,1,1,"I-80","",54,38.78131944,-121.23093056,0,8,0,0,1,1,0,1,2,1,0,1,0,"0000000",99,99,99,99,88,88,0,0,0,1,0
6,60130,2,2,0,0,0,4,4,97,0,7,1,2016,5,14,0,0,1,2,98,3,"SR-1","",403,38.58501389,-123.33707778,0,12,2,0,1,1,0,1,1,10,0,10,0,"0000000",99,99,99,99,99,99,0,0,0,1,1
6,60131,2,2,0,0,0,2,2,65,9997,10,2,2016,4,9,10,1,2,1,1,1,"I-15","",503,34.00431389,-117.55024722,0,1,0,0,1,1,0,1,1,10,0,10,0,"0000000",99,99,99,99,99,99,14,0,0,1,0
6,60132,5,2,3,0,0,3,3,37,1980,6,2,2016,7,14,15,0,2,7,4,6,"EDGEMONT ST","FOUNTAIN AVE",0,34.09545,-118.29615833,0,12,1,0,3,2,0,1,1,1,0,1,0,"0000000",99,99,99,99,99,99,0,0,0,1,0
6,60133,2,1,1,0,0,2,2,37,1980,10,2,2016,4,13,25,0,2,7,98,6,"MOUNTAIR AVE","",0,34.25652222,-118.29320833,0,14,0,0,1,1,0,5,1,1,0,1,0,"0000000",99,99,99,99,99,99,0,0,0,1,1
6,60134,1,1,0,0,0,2,2,65,0,6,2,2016,7,99,99,0,1,3,2,4,"CR-DILLON RD","",0,33.86693611,-116.28355833,0,1,0,0,1,1,0,4,9,1,0,1,0,"0000000",99,99,99,99,99,99,0,0,0,1,0
6,60135,2,2,0,0,0,2,2,113,0,6,2,2016,7,12,47,0,1,6,2,4,"CR-SOUTH RIVER ROAD","CR-COURTLAND ROAD",0,38.334675,-121.56991389,0,12,7,0,2,3,0,1,1,1,0,1,0,"0000000",99,99,99,99,99,99,0,0,0,1,0
6,60136,2,2,0,0,0,2,2,67,0,10,2,2016,4,18,0,0,1,3,2,4,"CR-GREENBACK LN","",0,38.67852222,-121.22852222,0,12,6,0,8,1,0,1,3,1,0,1,0,"0000000",99,99,99,99,99,99,0,0,0,1,0
6,60137,1,1,0,0,0,3,3,37,2645,5,2,2016,6,16,37,0,2,3,4,6,"PALMDALE BLVD","",0,34.57961944,-117.9962,0,58,0,0,1,1,0,4,5,1,0,1,0,"0000000",99,99,99,99,99,99,0,0,0,1,0
6,60138,3,3,0,1,1,3,3,71,680,8,2,2016,2,0,35,1,2,2,1,3,"SR-60","",27,34.030375,-117.68408889,0,8,0,0,1,1,0,1,3,1,0,1,0,"0000000",99,99,99,99,88,88,0,0,0,1,0
6,60139,1,1,0,0,0,2,2,23,0,11,1,2016,2,10,30,0,1,4,1,3,"SR-96","",300,41.25059167,-123.64405833,0,1,0,0,1,1,0,4,1,10,0,10,0,"0000000",99,99,99,99,88,88,0,0,0,1,0
6,60140,1,1,0,0,0,1,1,35,0,25,1,2016,2,16,48,0,1,3,98,4,"CR-CENTER RD","",0,40.39841944,-120.58472778,0,42,0,0,1,1,0,4,1,1,0,1,0,"0000000",99,99,99,99,99,99,0,0,0,1,0
6,60141,1,1,0,0,0,1,1,73,0,6,2,2016,7,10,0,0,1,2,1,3,"SR-67","",39,32.85456389,-116.94825278,0,43,0,1,19,1,0,8,1,1,0,1,0,"0000000",99,99,99,99,99,99,0,0,0,1,0
6,60142,2,2,0,0,0,2,2,73,0,8,2,2016,2,5,15,1,2,1,1,1,"I-8","",290,32.839425,-116.770875,0,12,1,0,1,1,0,1,2,1,0,1,0,"0000000",99,99,99,99,88,88,0,0,0,1,0
6,60143,1,1,0,0,0,1,1,37,1970,13,2,2016,7,1,6,1,2,1,1,1,"I-710 RAMP","",53,33.76723889,-118.20805278,0,25,0,1,5,1,0,4,3,1,0,1,0,"0000000",99,99,99,99,88,88,0,0,0,1,0
6,60144,3,3,0,0,0,4,4,19,0,10,2,2016,4,16,37,0,1,3,2,4,"CR-MANNING AVE","CR-MCMULLIN GRADE",0,36.60387222,-120.04329167,0,12,6,0,2,2,0,1,1,1,0,1,0,"0000000",99,99,99,99,99,99,0,0,0,1,0
6,60145,1,1,0,0,0,1,1,27,0,20,2,2016,7,12,30,0,1,2,1,3,"SR-190","",709,36.42253889,-117.26598056,1,5,0,0,1,1,0,2,1,1,0,1,0,"0000000",99,99,99,99,99,99,0,0,0,1,0
6,60146,3,3,0,0,0,4,4,37,0,12,2,2016,6,19,12,1,1,2,1,3,"SR-138","",90,34.78324167,-118.65445,0,12,2,0,1,1,0,1,2,1,0,1,0,"0000000",99,99,99,99,99,99,0,0,0,1,0
6,60147,4,4,0,0,0,4,4,37,1980,11,1,2016,2,16,5,1,2,1,1,1,"I-210 RAMP","",4,34.31761111,-118.48858889,0,24,0,1,5,1,0,4,1,1,0,1,0,"0000000",99,99,99,99,88,88,0,0,0,1,0
6,60148,1,1,0,0,0,2,2,71,2960,25,2,2016,5,6,23,1,2,1,1,1,"I-10","",287,34.06691944,-117.2201,0,42,0,1,19,1,0,4,4,1,0,1,0,"0000000",99,99,99,99,88,88,0,0,0,2,0
6,60149,1,1,0,0,0,2,2,77,0,28,2,2016,1,0,50,0,1,3,2,4,"CR-ROBERTS RD","",0,37.90414722,-121.3417,0,42,0,0,1,1,0,4,2,1,0,1,0,"0000000",99,99,99,99,99,99,0,0,0,1,1
6,60150,1,1,0,0,0,2,2,113,0,28,2,2016,1,14,40,0,1,2,1,3,"SR-16","",287,38.68772778,-122.00758611,0,1,0,0,1,1,0,1,1,1,0,1,0,"0000000",99,99,99,99,99,99,0,0,0,1,0
6,60151,1,1,0,0,0,1,1,77,3770,7,2,2016,1,3,7,1,2,1,1,1,"I-5","",255,37.93827222,-121.29738889,0,42,0,0,5,1,0,4,2,1,0,1,0,"0000000",99,99,99,99,88,88,0,0,0,1,1
6,60152,1,1,0,0,0,1,1,13,0,12,1,2016,3,21,45,1,1,2,1,3,"SR-4 RAMP","",125,37.99358056,-122.07058333,0,24,0,0,5,1,0,4,3,10,0,10,0,"0000000",99,99,99,99,88,88,0,0,0,1,0
6,60153,1,1,0,1,1,1,1,75,3290,5,2,2016,6,9,50,0,2,3,4,6,"MARKET ST","7TH ST",0,37.78042778,-122.41257778,0,15,0,0,3,2,0,1,1,1,0,1,0,"0000000",99,99,99,99,99,99,0,0,0,1,0
6,60154,1,1,0,0,0,2,2,77,0,29,2,2016,2,0,7,1,1,1,1,1,"I-580","",59,37.65246389,-121.42466667,0,1,0,0,1,1,0,3,2,1,0,1,0,"0000000",99,99,99,99,99,99,0,0,0,1,0
6,60155,1,1,0,0,0,2,2,37,1980,22,2,2016,2,3,10,0,2,3,4,6,"N BROADWAY","AVENUE 21",0,34.07276111,-118.21968056,0,46,0,0,3,2,0,4,3,1,0,1,0,"0000000",99,99,99,99,88,88,0,0,0,1,1
6,60156,1,1,0,1,1,1,1,73,3260,14,2,2016,1,17,1,0,2,4,4,6,"IMPERIAL AVE","32ND ST",0,32.70644444,-117.12521111,0,8,0,0,2,2,0,1,1,1,0,1,0,"0000000",99,99,99,99,99,99,0,0,0,1,0
6,60157,3,3,0,0,0,3,3,19,0,1,2,2016,2,17,3,0,1,3,2,4,"CR-MOUNTAIN VIEW AVE","",0,36.54726111,-119.81188056,0,12,2,0,1,1,0,1,1,1,0,1,0,"0000000",99,99,99,99,99,99,14,0,0,1,0
6,60158,1,1,0,1,1,1,1,77,3770,23,1,2016,7,18,41,0,2,5,4,6,"LOWER SACRAMENTO RD","",0,38.02446111,-121.32286389,0,8,0,0,1,1,0,1,3,10,0,10,0,"0000000",99,99,99,99,99,99,0,0,0,1,0