"STATE","ST_CASE","VE_TOTAL","VE_FORMS","PVH_INVL","PEDS","PERNOTMVIT","PERMVIT","PERSONS","COUNTY","CITY","DAY","MONTH","YEAR","DAY_WEEK","HOUR","MINUTE","NHS","RUR_URB","FUNC_SYS","RD_OWNER","ROUTE","TWAY_ID","TWAY_ID2","MILEPT","LATITUDE","LONGITUD","SP_JUR","HARM_EV","MAN_COLL","RELJCT1","RELJCT2","TYP_INT","WRK_ZONE","REL_ROAD","LGT_COND","WEATHER1","WEATHER2","WEATHER","SCH_BUS","RAIL","NOT_HOUR","NOT_MIN","ARR_HOUR","ARR_MIN","HOSP_HR","HOSP_MN","CF1","CF2","CF3","FATALS","DRUNK_DR"
6,60159,1,1,0,1,1,1,1,71,2550,4,3,2016,6,22,54,1,2,1,1,1,"I-10","",53,34.08729444,-117.64941111,0,8,0,0,1,1,0,1,3,1,0,1,0,"0000000",99,99,99,99,99,99,0,0,0,1,0
6,60160,2,2,0,0,0,3,3,31,0,29,2,2016,2,10,43,0,1,3,2,4,"CR-21ST AVE","FREMONT AVE",0,36.36587778,-119.83403889,0,12,6,0,2,2,0,1,1,1,0,1,0,"0000000",99,99,99,99,99,99,0,0,0,1,0
6,60161,1,1,0,1,1,1,1,71,1603,1,2,2016,2,4,5,1,2,1,1,1,"I-15","",304,34.3826,-117.41581944,0,8,0,1,18,1,0,1,3,10,0,10,0,"0000000",99,99,99,99,88,88,19,0,0,1,0
6,60162,1,1,0,1,1,1,1,37,1980,15,2,2016,2,0,20,0,2,3,4,6,"E CESAR CHAVEZ AVE","",0,34.04801944,-118.21043333,0,8,0,0,1,1,0,1,3,1,0,1,0,"0000000",99,99,99,99,99,99,0,0,0,1,0
6,60163,1,1,0,0,0,1,1,69,0,1,2,2016,2,5,23,0,1,4,98,4,"CR-SHORE RD","",0,36.9404,-121.42386111,0,43,0,0,1,1,0,4,2,1,0,1,0,"0000000",99,99,99,99,88,88,0,0,0,1,0
6,60164,2,2,0,0,0,2,2,37,2645,19,2,2016,6,17,55,0,2,4,4,6,"RANCHO VISTA BL","15TH ST E",0,34.602175,-118.10318056,0,12,6,0,2,2,0,1,3,1,0,1,0,"0000000",99,99,99,99,99,99,0,0,0,1,1
6,60165,1,1,0,1,1,1,1,37,1980,4,2,2016,5,18,50,0,2,3,4,6,"WILSHIRE BLVD","",0,34.06173889,-118.31945,0,8,0,0,1,1,0,1,1,1,0,1,0,"0000000",99,99,99,99,99,99,0,0,0,1,0
6,60166,1,1,0,0,0,1,1,29,0,27,2,2016,7,14,30,0,1,2,2,4,"CR-ALFRED HARRELL HWY","",0,35.4459,-118.92186111,0,1,0,0,1,1,0,1,1,1,0,1,0,"0000000",99,99,99,99,88,88,0,0,0,1,1
6,60167,2,2,0,1,1,5,5,37,2870,18,1,2016,2,21,11,1,2,1,1,1,"I-10","",406,34.06761944,-117.83508889,0,8,0,0,1,1,0,1,2,10,0,10,0,"0000000",99,99,99,99,88,88,23,0,0,1,0
6,60168,2,2,0,0,0,2,2,37,1980,8,1,2016,6,19,12,1,2,1,1,1,"I-110 RAMP","",127,33.91464444,-118.286275,0,33,0,1,5,1,0,4,2,1,0,1,1,"0000000",99,99,99,99,88,88,14,0,0,1,1
6,60169,2,2,0,0,0,3,3,71,0,4,3,2016,6,11,8,0,1,2,1,3,"SR-18","",154,34.22598889,-117.30530833,0,12,2,0,1,1,0,1,1,1,0,1,0,"0000000",99,99,99,99,88,88,0,0,0,1,0
6,60170,1,1,0,1,1,2,2,73,3260,12,2,2016,6,17,45,0,2,5,4,6,"SAN DIEGO PL","",0,32.76010833,-117.24834444,0,8,0,0,1,1,0,1,5,1,0,1,0,"0000000",99,99,99,99,99,99,0,0,0,1,1
6,60171,2,2,0,0,0,4,4,37,1980,19,1,2016,3,6,25,1,2,1,1,1,"I-105","",84,33.92770833,-118.26270278,0,12,7,0,1,1,0,1,4,1,0,1,0,"0000000",99,99,99,99,99,99,14,0,0,1,0
6,60172,1,1,0,2,2,1,1,77,0,18,1,2016,2,18,5,0,1,5,2,4,"CR-MCKINLEY AVE","",0,37.87841944,-121.27415,0,8,0,0,1,1,0,1,2,10,0,10,0,"0000000",99,99,99,99,99,99,15,0,0,1,0
6,60173,1,1,0,1,1,2,2,19,0,4,3,2016,6,23,20,0,1,2,1,3,"SR-180","",331,36.73440278,-120.23265833,0,8,0,0,1,1,0,1,2,10,0,10,0,"0000000",99,99,99,99,88,88,0,0,0,1,0
6,60174,2,1,1,2,2,3,3,37,0,23,1,2016,7,18,59,0,1,3,2,4,"CR-240TH ST E","",0,34.61386111,-117.70256944,0,8,0,0,1,1,0,2,2,1,0,1,0,"0000000",99,99,99,99,99,99,0,0,0,1,0
6,60175,2,2,0,0,0,4,4,65,0,29,2,2016,2,7,57,0,1,3,2,4,"CR-WINCHESTER RD","STOWE RD",0,33.72189167,-117.07635833,0,12,6,0,2,3,0,1,1,1,0,1,0,"0000000",99,99,99,99,99,99,0,0,0,1,1
6,60176,1,1,0,1,1,1,1,73,3260,14,2,2016,1,17,6,0,2,5,4,6,"REAGAN RD","IVORY COAST DR",0,32.90801944,-117.14333056,0,8,0,0,2,3,0,1,1,1,0,1,0,"0000000",99,99,99,99,99,99,0,0,0,1,1
6,60177,2,2,0,0,0,3,3,37,0,10,2,2016,4,18,50,1,1,2,1,3,"SR-138","60TH ST",331,34.776625,-118.23746111,0,12,6,0,2,2,0,1,2,1,0,1,0,"0000000",99,99,99,99,99,99,0,0,0,1,1
6,60178,1,1,0,1,1,1,1,71,790,29,1,2016,6,3,5,1,2,1,1,1,"I-10","",236,34.06502778,-117.3077,0,8,0,0,1,1,0,1,2,1,0,1,0,"0000000",99,99,99,99,88,88,0,0,0,1,0
6,60179,2,2,0,0,0,2,2,73,3260,10,2,2016,4,14,51,0,2,3,4,6,"MONTEZUMA ROAD","",0,32.7718,-117.0946,0,12,6,0,1,1,0,1,1,1,0,1,0,"0000000",99,99,99,99,99,99,0,0,0,1,1
6,60180,2,2,0,0,0,5,5,107,0,28,1,2016,5,9,20,0,1,6,2,4,"CR-AVENUE 216","ROAD 44",0,36.18105,-119.47541944,0,12,6,0,2,2,0,1,1,5,0,5,0,"0000000",99,99,99,99,99,99,0,0,0,1,0
6,60181,1,1,0,1,1,1,1,73,3260,12,2,2016,6,18,23,1,2,2,1,3,"SR-94","",50,32.71763889,-117.08594167,0,8,0,1,20,1,0,1,3,1,0,1,0,"0000000",99,99,99,99,99,99,0,0,0,1,0
6,60182,2,2,0,0,0,3,3,37,3445,11,2,2016,5,4,20,1,2,2,1,3,"SR-14 RAMP","SIERRA HWY",285,34.33857778,-118.50648611,0,12,6,1,2,3,0,1,3,1,0,1,0,"0000000",99,99,99,99,88,88,0,0,0,1,0
6,60183,2,2,0,0,0,4,4,53,0,29,1,2016,6,17,24,0,1,2,1,3,"SR-183","",27,36.68990556,-121.68728611,0,12,2,0,1,1,0,1,5,10,0,10,0,"0000000",99,99,99,99,99,99,0,0,0,1,0
6,60184,2,2,0,0,0,2,2,73,3260,12,2,2016,6,21,10,0,2,5,4,6,"CALLE CRISTOBAL","",0,32.91995,-117.17065833,0,1,0,0,1,1,0,1,3,1,0,1,0,"0000000",99,99,99,99,88,88,14,0,0,1,0
6,60185,3,3,0,0,0,3,3,29,0,6,2,2016,7,12,39,0,1,3,2,4,"CR-7TH STANDARD RD","CHERRY AVE",0,35.44168611,-119.24637222,0,12,1,0,2,3,0,1,1,1,0,1,0,"0000000",99,99,99,99,88,88,0,0,0,1,1
6,60186,2,2,0,0,0,2,2,65,0,29,2,2016,2,18,5,0,1,5,2,4,"CR-CAJALCO RD","",0,33.82843333,-117.48289167,0,12,6,0,1,1,0,1,5,1,0,1,0,"0000000",99,99,99,99,99,99,0,0,0,1,0
6,60187,2,2,0,0,0,2,2,41,3410,12,2,2016,6,8,55,0,2,4,4,6,"LOS RANCHITOS RD","",0,37.99235833,-122.5355,0,12,8,0,1,1,0,1,1,1,0,1,0,"0000000",99,99,99,99,99,99,0,0,0,1,0
6,60188,2,2,0,0,0,2,2,37,1670,13,2,2016,7,0,2,0,2,3,4,6,"SLAUSON AVE","SANTA FE AVE",0,33.98920278,-118.23033056,0,12,6,0,2,2,0,1,3,1,0,1,0,"0000000",99,99,99,99,99,99,0,0,0,1,0
6,60189,3,3,0,0,0,4,4,37,1045,21,2,2016,1,0,45,0,2,3,4,6,"PARAMOUNT BLVD","3RD ST",0,33.94430556,-118.13681944,0,12,6,0,2,2,0,1,3,1,0,1,0,"0000000",99,99,99,99,99,99,0,0,0,1,0
6,60190,1,1,0,1,1,2,2,37,1980,15,2,2016,2,18,10,0,2,7,4,6,"BEVERWIL DR","RODEO DR",0,34.05590556,-118.39913056,0,8,0,0,2,4,0,1,3,1,0,1,0,"0000000",99,99,99,99,99,99,0,0,0,1,0
6,60191,3,3,0,0,0,3,3,65,0,10,2,2016,4,1,48,1,1,1,1,1,"I-10","",1220,33.64673889,-115.12375278,0,12,1,0,1,1,0,1,2,1,0,1,0,"0000000",99,99,99,99,88,88,0,0,0,1,0
6,60192,1,1,0,1,1,1,1,37,1980,20,2,2016,7,19,10,0,2,4,4,6,"SAN PEDRO ST","BOYD ST",0,34.04665,-118.24270278,0,8,0,0,3,2,0,1,3,1,0,1,0,"0000000",99,99,99,99,99,99,0,0,0,1,0
6,60193,1,1,0,1,1,1,1,67,1300,12,2,2016,6,16,35,0,2,7,4,6,"CREEKSIDE DR","",0,38.66726389,-121.14486111,0,15,0,0,1,1,0,1,1,1,0,1,0,"0000000",99,99,99,99,99,99,0,0,0,1,0
6,60194,2,2,0,0,0,2,2,37,1980,13,2,2016,7,7,25,0,2,3,4,6,"CRENSHAW BLVD","",0,34.05563333,-118.32247222,0,12,7,0,1,1,0,1,1,1,0,1,0,"0000000",99,99,99,99,99,99,0,0,0,1,0
6,60195,1,1,0,1,1,1,1,7,660,17,2,2016,4,19,28,0,2,4,4,6,"W SACRAMENTO AVE","CITRUS AVE",0,39.734725,-121.84964444,0,8,0,0,2,3,0,1,3,99,0,99,0,"0000000",99,99,99,99,99,99,0,0,0,1,0
6,60196,3,1,2,0,0,1,1,37,1980,13,2,2016,7,2,5,0,2,4,4,6,"7TH ST","",0,34.05701667,-118.27797778,0,33,0,0,1,1,0,4,3,1,0,1,0,"0000000",99,99,99,99,88,88,0,0,0,1,0
6,60197,1,1,0,0,0,1,1,99,0,24,1,2016,1,14,28,1,1,2,1,3,"SR-99","",176,37.65375278,-121.02535278,0,25,0,0,1,1,0,3,1,1,0,1,0,"0000000",99,99,99,99,99,99,0,0,0,1,0
6,60198,1,1,0,0,0,1,1,29,0,14,2,2016,1,11,38,0,1,7,2,4,"CR-ALBANO ST","",0,35.19512222,-117.74783056,0,58,0,0,1,1,0,4,1,1,0,1,0,"0000000",99,99,99,99,88,88,0,0,0,1,0
6,60199,6,6,0,0,0,6,6,59,2199,2,3,2016,4,17,55,1,2,1,1,1,"I-5","",146,33.57086389,-117.67203333,0,12,1,0,1,1,0,1,5,1,0,1,0,"0000000",99,99,99,99,99,99,28,0,0,1,0
6,60200,3,3,0,0,0,5,5,67,3150,11,2,2016,5,1,45,1,2,2,1,2,"US-50 RAMP","",37,38.55396667,-121.40912778,0,12,1,1,20,1,0,1,3,1,0,1,0,"0000000",99,99,99,99,88,88,0,0,0,1,1
6,60201,1,1,0,1,1,1,1,77,0,10,2,2016,4,3,57,1,1,2,1,3,"SR-99","",170,37.93647222,-121.23424722,0,8,0,0,1,1,1,1,2,1,0,1,0,"0000000",99,99,99,99,88,88,0,0,0,1,0
6,60202,2,2,0,0,0,3,3,71,0,1,3,2016,3,2,45,1,1,1,1,1,"I-40","",1134,34.82509444,-115.08413889,0,12,1,0,1,1,0,1,2,1,0,1,0,"0000000",99,99,99,99,88,88,19,0,0,1,0
6,60203,2,2,0,0,0,4,4,37,1980,7,3,2016,2,22,0,0,2,3,4,6,"LA BREA AVE","",0,34.05222222,-118.34406111,0,12,6,0,8,1,0,1,3,10,0,10,0,"0000000",99,99,99,99,99,99,0,0,0,1,0
6,60204,1,1,0,0,0,9,9,71,0,20,2,2016,7,15,15,1,1,1,1,1,"I-15","",500,34.638125,-117.22286667,0,1,0,0,1,1,0,2,1,1,0,1,0,"0000000",99,99,99,99,99,99,0,0,0,1,1
6,60205,3,3,0,0,0,4,4,85,3340,11,2,2016,5,6,5,1,2,2,1,2,"US-101","",234,37.20998056,-121.72346111,0,24,0,0,1,1,0,3,2,1,0,1,0,"0000000",99,99,99,99,99,99,0,0,0,1,1
6,60206,1,1,0,1,1,1,1,37,0,6,1,2016,4,3,15,0,1,3,2,4,"CR-AVENUE J","",0,34.69005556,-117.85668056,0,8,0,0,1,1,0,1,2,1,0,1,0,"0000000",99,99,99,99,88,88,0,0,0,1,0
6,60207,1,1,0,1,1,1,1,37,4120,18,2,2016,5,22,40,0,2,4,4,6,"CITRUS AVE","",0,34.07198056,-117.89009722,0,8,0,0,1,1,0,1,3,1,0,1,0,"0000000",99,99,99,99,88,88,0,0,0,1,0
6,60208,2,2,0,0,0,3,3,73,0,11,2,2016,5,18,10,0,1,4,2,4,"CR-MAGNOLIA AVE","CYPRESS LN",0,32.81688056,-116.96231111,0,12,2,0,3,3,0,1,3,1,0,1,0,"0000000",99,99,99,99,88,88,0,0,0,1,0
6,60209,1,1,0,1,1,1,1,99,2200,26,1,2016,3,7,4,0,1,3,1,4,"CR-MCHENRY AVE","ROSEBURG AVE",241,37.66002778,-120.99385,0,8,0,0,2,2,0,1,4,5,0,5,0,"0000000",99,99,99,99,99,99,0,0,0,1,0
6,60210,2,2,0,0,0,6,6,83,0,15,2,2016,2,13,20,1,1,2,1,2,"US-101","CAT CANYON RD",726,34.75656944,-120.29451944,0,12,6,0,2,2,0,1,1,1,0,1,0,"0000000",99,99,99,99,99,99,0,0,0,1,0
6,60211,1,1,0,1,1,1,1,73,1200,6,2,2016,7,20,48,0,2,4,4,6,"SAN PASQUAL VLY RD","",0,33.12285833,-117.06189167,0,8,0,0,1,1,0,1,3,1,0,1,0,"0000000",99,99,99,99,88,88,0,0,0,1,0
6,60212,1,1,0,0,0,1,1,111,0,7,2,2016,1,11,25,0,1,2,1,3,"SR-33","",354,34.59462778,-119.31571389,0,1,0,0,1,1,0,2,1,1,0,1,0,"0000000",99,99,99,99,88,88,0,0,0,1,0
6,60213,1,1,0,0,0,1,1,73,2340,15,2,2016,2,21,51,0,2,4,4,6,"NATIONAL CITY BLVD","",0,32.68183611,-117.10921389,0,33,0,0,1,1,0,4,3,1,0,1,0,"0000000",99,99,21,59,99,99,0,0,0,1,0
6,60214,1,1,0,0,0,1,1,73,3260,16,2,2016,3,19,8,1,2,1,1,1,"I-8 RAMP","",38,32.76991944,-117.1386,0,1,0,1,20,1,0,1,2,1,0,1,0,"0000000",99,99,99,99,99,99,0,0,0,1,1
6,60215,1,1,0,0,0,9,9,71,0,17,2,2016,4,9,5,1,1,2,1,2,"US-395","",631,35.23121944,-117.60821944,0,1,0,0,1,1,0,2,1,10,0,10,0,"0000000",99,99,99,99,99,99,0,0,0,2,0
6,60216,1,1,0,0,0,2,2,59,3558,2,2,2016,3,6,40,1,2,1,1,1,"I-405","",234,33.77539722,-118.08698889,0,26,0,0,1,1,0,3,4,1,0,1,0,"0000000",99,99,99,99,99,99,0,0,0,1,0
6,60217,1,1,0,0,0,1,1,37,1980,17,2,2016,4,17,35,0,2,7,4,6,"CANTERBURY AVE","",0,34.23736667,-118.43279722,0,30,0,0,1,1,0,4,3,2,0,2,0,"0000000",99,99,99,99,88,88,0,0,0,1,0
6,60218,1,1,0,0,0,2,2,37,1970,20,1,2016,4,10,15,1,2,1,1,1,"I-405 RAMP","",6,33.79048056,-118.09974722,0,39,0,1,5,1,0,4,1,1,0,1,0,"0000000",99,99,99,99,99,99,0,0,0,1,0
6,60219,1,1,0,0,0,3,3,23,0,27,2,2016,7,8,0,0,1,4,1,3,"SR-96","",31,40.98096111,-123.639475,0,42,0,0,1,1,0,4,1,10,0,10,0,"0000000",99,99,99,99,99,99,0,0,0,1,0
6,60220,1,1,0,0,0,1,1,111,0,12,2,2016,6,9,0,0,1,2,1,3,"SR-33","",365,34.59884167,-119.33503333,0,1,0,0,1,1,0,4,1,1,0,1,0,"0000000",99,99,99,99,88,88,0,0,0,1,0
6,60221,1,1,0,0,0,1,1,1,1920,24,2,2016,4,14,52,1,2,1,1,1,"I-580","",111,37.70256111,-121.75109722,0,1,0,0,1,1,0,1,1,1,0,1,0,"0000000",99,99,99,99,88,88,0,0,0,1,0
6,60222,1,1,0,0,0,1,1,77,0,13,2,2016,7,99,99,0,1,3,2,4,"CR-WEST LN","",0,38.07225833,-121.29196111,0,42,0,0,1,1,0,4,2,5,0,5,0,"0000000",99,99,99,99,88,88,0,0,0,1,1
6,60223,1,1,0,0,0,1,1,103,0,25,2,2016,5,16,0,1,1,1,1,1,"I-5","",403,40.34926944,-122.28179722,0,42,0,0,1,1,0,4,1,1,0,1,0,"0000000",99,99,99,99,88,88,0,0,0,1,0
6,60224,1,1,0,0,0,1,1,65,0,14,2,2016,1,99,99,0,1,3,2,4,"CR-BOREL RD","",0,33.57120556,-117.07333333,0,35,0,0,1,1,0,4,2,1,0,1,0,"0000000",99,99,99,99,88,88,0,0,0,1,1
6,60225,1,1,0,0,0,4,4,37,0,25,1,2016,2,14,20,0,1,4,2,4,"CR-PALMDALE BL","",0,34.57965,-117.73065833,0,30,0,0,1,1,0,4,1,1,0,1,0,"0000000",99,99,99,99,99,99,0,0,0,1,0
6,60226,1,1,0,0,0,1,1,67,0,14,2,2016,1,7,11,0,1,3,2,4,"CR-GIUSTI RD","CLAY RD",0,38.33604167,-121.14988889,0,59,0,0,3,3,0,4,2,1,0,1,0,"0000000",99,99,99,99,88,88,0,0,0,1,1
6,60227,1,1,0,1,1,1,1,67,3150,15,2,2016,2,1,38,0,2,7,4,6,"POQUITA ST","",0,38.61878056,-121.44499444,0,8,0,0,1,1,0,7,3,1,0,1,0,"0000000",99,99,99,99,88,88,0,0,0,1,0
6,60228,1,1,0,1,1,1,1,85,3340,25,2,2016,5,19,10,0,2,2,1,3,"SR-85 RAMP","",56,37.25585833,-121.862375,0,8,0,0,20,1,0,1,3,1,0,1,0,"0000000",99,99,99,99,88,88,0,0,0,1,0
6,60229,1,1,0,1,1,1,1,79,1494,15,2,2016,2,20,59,0,2,4,4,6,"N 4TH ST","BRIGHTON AVE",0,35.12423056,-120.62623333,0,8,0,0,3,2,0,1,3,1,0,1,0,"0000000",99,99,99,99,88,88,0,0,0,1,0
6,60230,2,2,0,0,0,3,3,39,0,2,3,2016,4,23,48,0,1,2,1,3,"SR-145","",128,36.98773889,-120.01679722,0,12,2,0,1,1,0,1,2,1,0,1,0,"0000000",99,99,99,99,99,99,0,0,0,2,0
6,60231,1,1,0,2,2,1,1,73,3260,20,2,2016,7,17,56,0,2,4,4,6,"SANTO RD","",0,32.81709722,-117.10427222,0,33,0,0,1,1,0,4,5,1,0,1,0,"0000000",99,99,99,99,99,99,0,0,0,1,0
6,60232,1,1,0,0,0,4,4,113,0,24,2,2016,4,14,40,0,1,6,2,4,"CR-COUNTY RD 95","",0,38.64910833,-121.85808611,0,1,0,0,1,1,0,1,1,1,0,1,0,"0000000",99,99,99,99,99,99,0,0,0,1,0
6,60233,1,1,0,0,0,4,4,25,0,9,1,2016,7,2,20,1,1,2,1,3,"SR-86","",518,33.22634722,-115.92218056,0,1,0,0,1,1,0,3,2,1,0,1,0,"0000000",99,99,99,99,99,99,0,0,0,2,1
6,60234,1,1,0,0,0,1,1,97,3490,2,3,2016,4,12,50,0,2,2,1,3,"SR-12","",173,38.43495833,-122.69256389,0,24,0,0,1,1,0,4,1,10,0,10,0,"0000000",99,99,99,99,88,88,0,0,0,1,0
6,60235,1,1,0,0,0,2,2,73,0,2,3,2016,4,10,26,1,1,2,1,3,"SR-94","",105,32.75341944,-117.00993056,0,24,0,1,19,1,0,4,1,1,0,1,0,"0000000",99,99,99,99,99,99,0,0,0,1,0
6,60236,1,1,0,1,1,4,4,61,0,27,2,2016,7,0,30,1,1,2,1,3,"SR-49","",44,38.91663889,-121.07981667,0,8,0,0,1,1,0,1,2,1,0,1,0,"0000000",99,99,99,99,99,99,0,0,0,1,0
6,60237,1,1,0,1,1,3,3,37,2260,7,1,2016,5,16,0,0,2,7,98,6,"HATHAWAY AVE","HELLMAN AVE",0,34.06970278,-118.13575556,0,8,0,0,3,3,0,1,1,10,0,10,0,"0000000",99,99,99,99,88,88,0,0,0,1,0
6,60238,2,2,0,0,0,2,2,47,0,21,3,2016,2,7,0,0,1,3,2,4,"CR-INGOMAR GRADE","",0,37.14301111,-120.95336944,0,12,2,0,1,1,0,1,1,10,0,10,0,"0000000",99,99,99,99,88,88,0,0,0,2,0
6,60239,2,2,0,0,0,7,7,77,0,13,3,2016,1,23,22,0,1,2,1,3,"SR-4","",10,37.89013333,-121.55331667,0,12,2,0,1,1,0,1,2,2,0,2,0,"0000000",99,99,99,99,99,99,0,0,0,2,0
6,60240,1,1,0,2,2,1,1,97,3490,20,1,2016,4,13,13,0,2,7,4,6,"OAKMONT DR","",0,38.44194722,-122.60536667,0,8,0,0,4,1,0,1,1,1,0,1,0,"0000000",99,99,99,99,99,99,0,0,0,1,1
6,60241,2,2,0,0,0,3,3,89,2950,28,1,2016,5,21,22,0,2,4,4,6,"HARTNELL AVE","NORTHWOODS",0,40.56382778,-122.3564,0,12,6,0,2,2,0,1,3,2,0,2,0,"0000000",99,99,99,99,99,99,19,0,0,1,1
6,60242,1,1,0,0,0,1,1,19,0,20,2,2016,7,19,28,0,1,7,2,4,"CR-SUTTER AVE","",0,36.12832778,-120.20018889,0,5,0,0,1,1,0,1,2,1,0,1,0,"0000000",99,99,99,99,99,99,0,0,0,1,0
6,60243,2,2,0,0,0,2,2,1,0,8,3,2016,3,5,32,1,1,1,1,1,"I-580","",11,37.73906389,-121.5926,0,12,1,0,1,1,0,1,4,10,0,10,0,"0000000",99,99,99,99,88,88,0,0,0,1,0
6,60244,1,1,0,1,1,2,2,29,0,4,3,2016,6,23,45,0,1,2,1,3,"SR-155","",682,35.66040556,-118.47518611,0,8,0,0,1,1,0,1,2,10,0,10,0,"0000000",99,99,99,99,99,99,0,0,0,1,0
6,60245,1,1,0,2,2,1,1,75,3290,12,3,2016,7,18,44,0,2,5,4,6,"ELLIS ST","LEAVENWORTH ST",0,37.78465,-122.41441389,0,8,0,0,2,2,0,1,3,2,0,2,0,"0000000",99,99,99,99,99,99,0,0,0,1,0
6,60246,1,1,0,1,1,1,1,71,3210,19,3,2016,7,17,50,0,2,5,4,6,"DEVORE RD","I-15",0,34.22319167,-117.402925,0,9,0,1,2,2,0,1,1,1,0,1,0,"0000000",99,99,99,99,88,88,0,0,0,1,0
6,60247,1,1,0,0,0,1,1,37,1980,24,2,2016,4,23,35,0,2,3,4,6,"WINNETKA AVE","",0,34.177325,-118.57150556,0,33,0,0,1,1,0,4,3,1,0,1,0,"0000000",99,99,99,99,88,88,0,0,0,1,1
6,60248,1,1,0,0,0,1,1,59,80,6,3,2016,1,99,99,1,2,2,1,3,"SR-57 RAMP","",159,33.851975,-117.87640278,0,59,0,1,5,1,0,4,3,10,0,10,0,"0000000",99,99,99,99,88,88,0,0,0,1,1
6,60249,1,1,0,1,1,1,1,75,3290,10,3,2016,5,12,29,0,2,3,4,6,"SUNSET BL","NORIEGA ST",0,37.75342778,-122.49532222,0,8,0,0,2,2,0,1,1,2,0,2,0,"0000000",99,99,99,99,99,99,0,0,0,1,0
6,60250,2,2,0,0,0,6,6,37,2700,24,3,2016,5,16,35,1,2,1,1,1,"I-210","",294,34.14790278,-118.08086111,0,12,1,0,1,1,0,1,1,1,0,1,0,"0000000",99,99,99,99,88,88,0,0,0,1,0
6,60251,2,2,0,0,0,2,2,47,0,15,3,2016,3,16,50,0,1,5,2,4,"CR-WESTSIDE BL","ROBIN AVE",0,37.36047778,-120.74208056,0,12,1,0,3,2,0,1,1,1,0,1,0,"0000000",99,99,99,99,99,99,0,0,0,1,1
6,60252,2,2,0,1,1,2,2,85,1420,14,1,2016,5,17,57,0,2,4,4,6,"WREN AVE","",0,37.02057778,-121.58652222,0,8,0,0,1,1,0,1,3,1,0,1,0,"0000000",99,99,99,99,99,99,14,0,0,1,0
6,60253,2,2,0,0,0,2,2,37,1716,5,2,2016,6,21,15,0,2,4,4,6,"MRYTLE AVE","LONGDEN AVE",0,34.11363889,-118.00306944,0,12,6,0,2,2,0,1,1,1,0,1,0,"0000000",99,99,99,99,99,99,0,0,0,1,1
6,60254,1,1,0,0,0,1,1,37,1980,3,3,2016,5,1,0,0,2,4,4,6,"PARTHENIA ST","",0,34.22817222,-118.60387778,0,33,0,0,1,1,0,3,3,1,0,1,0,"0000000",99,99,99,99,99,99,0,0,0,1,1
6,60255,1,1,0,0,0,1,1,37,1045,2,3,2016,4,1,40,0,2,3,4,6,"DEPALMA ST","",0,33.93514167,-118.14157222,0,42,0,0,1,1,0,4,3,1,0,1,0,"0000000",99,99,99,99,99,99,0,0,0,1,0
6,60256,2,1,1,1,1,1,1,29,0,28,2,2016,1,1,55,0,2,2,1,3,"SR-184","",76,35.346925,-118.91429722,0,8,0,0,1,1,0,1,2,1,0,1,0,"0000000",99,99,99,99,99,99,14,0,0,1,1
6,60257,1,1,0,0,0,3,3,37,1980,3,3,2016,5,13,35,1,2,2,1,3,"SR-47","",23,33.75085,-118.25809444,0,5,0,0,1,1,0,1,1,1,0,1,0,"0000000",99,99,99,99,99,99,0,0,0,1,1
6,60258,1,1,0,0,0,1,1,13,3412,5,3,2016,7,12,3,0,2,5,4,6,"BOLLINGER CYN RD","",0,37.75680556,-121.90674444,0,33,0,0,1,1,0,4,1,2,0,2,0,"0000000",99,99,99,99,88,88,0,0,0,1,1
6,60259,1,1,0,1,1,1,1,37,1980,26,2,2016,6,5,51,0,2,4,4,6,"NORMANDIE AVE","",0,34.08255,-118.30046111,0,8,0,0,1,1,0,1,3,1,0,1,0,"0000000",99,99,99,99,99,99,0,0,0,1,0
6,60260,2,1,1,0,2,1,3,71,2922,11,2,2016,5,22,6,1,2,2,1,3,"SR-210","",63,34.13531944,-117.58710278,0,14,0,0,1,1,0,2,2,1,0,1,0,"0000000",99,99,99,99,88,88,0,0,0,1,0
6,60261,2,2,0,0,0,8,8,53,0,21,3,2016,2,12,12,1,1,2,1,3,"SR-1","",905,36.78170833,-121.77921389,0,12,2,0,1,1,0,1,1,10,0,10,0,"0000000",99,99,99,99,99,99,0,0,0,2,0
6,60262,1,1,0,1,1,1,1,71,1305,12,2,2016,6,0,50,1,2,1,1,1,"I-10","",120,34.0657,-117.5041,0,8,0,0,1,1,0,1,2,1,0,1,0,"0000000",99,99,99,99,88,88,0,0,0,1,0
6,60263,1,1,0,0,0,2,2,65,850,28,2,2016,1,3,37,0,2,3,4,6,"6TH STREET","",0,33.87449167,-117.54886667,0,33,0,0,1,1,0,3,3,1,0,1,0,"0000000",99,99,99,99,88,88,0,0,0,1,0
6,60264,1,1,0,0,0,1,1,67,0,12,2,2016,6,8,40,0,1,7,2,4,"CR-WINDING OAK DR","",0,38.66119722,-121.21622778,0,33,0,0,1,1,0,4,1,1,0,1,0,"0000000",99,99,99,99,88,88,0,0,0,1,1
6,60265,1,1,0,1,1,1,1,73,3260,11,3,2016,6,18,24,0,2,4,4,6,"FAIRMOUNT AVE","",0,32.76609722,-117.09681944,0,8,0,0,1,1,0,1,6,2,10,2,0,"0000000",99,99,99,99,88,88,0,0,0,1,0