"STATE","ST_CASE","VE_TOTAL","VE_FORMS","PVH_INVL","PEDS","PERNOTMVIT","PERMVIT","PERSONS","COUNTY","CITY","DAY","MONTH","YEAR","DAY_WEEK","HOUR","MINUTE","NHS","RUR_URB","FUNC_SYS","RD_OWNER","ROUTE","TWAY_ID","TWAY_ID2","MILEPT","LATITUDE","LONGITUD","SP_JUR","HARM_EV","MAN_COLL","RELJCT1","RELJCT2","TYP_INT","WRK_ZONE","REL_ROAD","LGT_COND","WEATHER1","WEATHER2","WEATHER","SCH_BUS","RAIL","NOT_HOUR","NOT_MIN","ARR_HOUR","ARR_MIN","HOSP_HR","HOSP_MN","CF1","CF2","CF3","FATALS","DRUNK_DR"
6,60373,1,1,0,0,0,3,3,37,1825,7,4,2016,5,23,40,0,2,3,4,6,"VALLEY VIEW AVE","ARTESIA BL",0,33.87337778,-118.02876389,0,33,0,0,3,2,0,3,3,2,10,2,0,"0000000",99,99,99,99,99,99,0,0,0,1,0
6,60374,2,2,0,0,0,5,5,37,1840,31,3,2016,5,15,4,0,2,3,4,6,"50TH ST","AVENUE J",0,34.68974167,-118.04121111,0,12,6,0,2,2,0,1,1,1,0,1,0,"0000000",99,99,99,99,99,99,0,0,0,2,0
6,60375,1,1,0,1,1,2,2,67,0,5,4,2016,3,14,38,0,1,4,2,4,"CR-WALERGA RD","",0,38.70436944,-121.36365278,0,8,0,0,1,1,0,1,1,1,0,1,0,"0000000",99,99,99,99,99,99,0,0,0,1,0
6,60376,1,1,0,0,0,1,1,73,3260,3,4,2016,1,0,42,0,2,3,4,6,"GENESEE AVE","",0,32.800875,-117.17338611,0,24,0,0,1,1,0,4,2,10,0,10,0,"0000000",99,99,99,99,99,99,0,0,0,1,1
6,60377,1,1,0,0,0,1,1,27,0,24,4,2016,1,10,0,0,1,3,2,4,"CR-DANTE'S VIEW RD","",0,36.34141111,-116.6924,0,1,0,0,1,1,0,4,1,10,0,10,0,"0000000",99,99,99,99,99,99,0,0,0,1,0
6,60378,1,1,0,0,0,1,1,71,0,13,4,2016,4,21,41,0,1,5,2,4,"CR-BEAR VLY RD","OASIS RD",0,34.46997778,-117.64324444,0,35,0,0,3,3,0,4,2,1,0,1,0,"0000000",99,99,99,99,99,99,0,0,0,1,1
6,60379,1,1,0,1,1,1,1,37,1980,5,4,2016,3,7,40,0,2,7,4,6,"VENTURA PL","RADFORD AVE",0,34.14365278,-118.39285833,0,9,0,0,2,7,0,1,1,1,0,1,0,"0000000",99,99,99,99,88,88,0,0,0,1,0
6,60380,1,1,0,0,0,1,1,53,0,19,3,2016,7,7,30,0,1,2,1,3,"SR-198","",130,36.18951944,-120.83656389,0,38,0,0,1,1,0,5,1,1,0,1,0,"0000000",99,99,99,99,88,88,0,0,0,1,0
6,60381,1,1,0,1,1,1,1,95,1260,1,1,2016,6,6,35,1,2,1,1,1,"I-80","",124,38.21173333,-122.14480556,0,8,0,0,1,1,0,1,2,1,0,1,0,"0000000",99,99,99,99,88,88,0,0,0,1,0
6,60382,2,2,0,0,0,3,3,19,0,27,3,2016,1,2,3,0,1,3,2,4,"CR-ASHLAN AVE","PALM AVE",0,36.79392222,-119.80863611,0,12,6,0,2,2,0,1,3,1,0,1,0,"0000000",99,99,99,99,99,99,0,0,0,1,1
6,60383,2,2,0,1,1,2,2,67,0,4,1,2016,2,1,40,1,1,1,1,1,"I-80","",62,38.64130278,-121.45633056,0,8,0,1,18,1,0,1,2,1,0,1,0,"0000000",99,99,99,99,99,99,0,0,0,1,0
6,60384,3,3,0,0,0,11,11,73,0,21,2,2016,1,21,0,1,1,1,1,1,"I-8","",469,32.79124722,-116.49489722,0,12,1,0,1,1,0,1,2,1,0,1,0,"0000000",99,99,99,99,99,99,0,0,0,1,0
6,60385,2,2,0,0,0,2,2,77,3770,8,3,2016,3,21,39,0,2,3,2,6,"EIGHT MILE RD","DAVIS RD",0,38.05761667,-121.33330278,0,12,6,0,2,2,0,1,3,10,0,10,0,"0000000",99,99,99,99,99,99,19,0,0,1,1
6,60386,3,3,0,0,0,3,3,65,0,17,3,2016,5,12,55,1,1,1,1,1,"I-10","",732,33.67529444,-115.94481944,0,12,7,0,1,1,0,1,1,1,0,1,0,"0000000",99,99,99,99,88,88,14,0,0,1,0
6,60387,2,2,0,0,0,4,4,37,1980,19,3,2016,7,7,55,1,2,2,1,2,"US-101","",86,34.1217,-118.33983889,0,12,1,0,1,1,0,1,1,10,0,10,0,"0000000",99,99,99,99,88,88,28,0,0,1,0
6,60388,2,2,0,0,0,7,7,25,0,23,3,2016,4,19,47,1,1,1,1,1,"I-8 RAMP","",906,32.74361111,-114.72195,0,12,6,1,5,1,0,1,2,1,0,1,0,"0000000",99,99,99,99,99,99,20,0,0,2,0
6,60389,2,2,0,0,0,3,3,73,3260,27,3,2016,1,17,28,0,2,5,4,6,"POMERADO RD","",0,32.91875278,-117.06491111,0,31,0,0,1,1,0,3,1,1,0,1,0,"0000000",99,99,99,99,99,99,0,0,0,1,0
6,60390,3,2,1,1,1,3,3,37,1980,19,3,2016,7,17,30,0,2,3,4,6,"VERMONT AVENUE","76TH ST",0,33.97123333,-118.29156667,0,12,1,0,3,3,0,1,1,1,0,1,0,"0000000",99,99,99,99,99,99,0,0,0,1,0
6,60391,3,3,0,0,0,3,3,99,0,25,2,2016,5,18,15,0,1,5,2,4,"CR-WOODLAND AVE","CR-LONE PALM AVE",0,37.65322778,-121.02346389,0,12,7,0,3,3,0,1,5,1,0,1,0,"0000000",99,99,99,99,88,88,14,0,0,1,0
6,60392,1,1,0,0,0,1,1,37,1430,3,1,2016,1,18,50,0,2,2,1,3,"SR-2 RAMP","",84,34.14918056,-118.23083056,0,33,0,1,5,1,0,4,3,1,0,1,0,"0000000",99,99,99,99,88,88,0,0,0,1,0
6,60393,2,2,0,0,0,4,4,37,1980,6,1,2016,4,22,5,0,2,3,4,6,"MISSION RD","CESAR E CHAVEZ AVE",0,34.05428056,-118.22583333,0,12,8,0,2,2,0,1,3,10,0,10,0,"0000000",99,99,99,99,99,99,0,0,0,1,0
6,60394,5,5,0,0,0,7,7,59,2199,25,3,2016,6,23,12,1,2,1,1,1,"I-5","",137,33.55718333,-117.67311944,0,12,1,0,1,1,0,1,3,1,0,1,0,"0000000",99,99,99,99,99,99,19,27,0,1,0
6,60395,1,1,0,0,0,2,2,71,0,17,1,2016,1,2,40,1,1,1,1,1,"I-15","",265,34.29891944,-117.45793889,0,52,0,0,1,1,1,4,2,1,0,1,0,"0000000",99,99,99,99,99,99,0,0,0,1,0
6,60396,1,1,0,1,1,1,1,65,2650,11,3,2016,6,20,19,0,2,5,4,6,"CALLE EL SEGUNDO","ARENAS RD",0,33.821275,-116.54183333,0,8,0,0,2,3,0,1,3,10,2,2,0,"0000000",99,99,99,99,99,99,0,0,0,1,0
6,60397,2,2,0,0,0,3,3,77,0,26,1,2016,3,11,45,1,1,1,1,1,"I-5","",482,38.2412,-121.44193056,0,12,7,0,1,1,0,1,1,1,0,1,0,"0000000",99,99,99,99,99,99,0,0,0,1,0
6,60398,2,2,0,2,2,2,2,37,0,17,3,2016,5,12,50,0,1,3,2,4,"CR-CENTRAL AVE","CR-EL SEGUNDO BLVD",0,33.91635556,-118.25449167,0,12,6,0,2,2,0,1,1,1,0,1,0,"0000000",99,99,99,99,99,99,0,0,0,1,0
6,60399,2,2,0,0,0,2,2,59,450,3,2,2016,4,3,7,1,2,2,1,3,"SR-57","",181,33.88441667,-117.88037778,0,12,1,0,1,1,0,1,2,1,0,1,0,"0000000",99,99,99,99,88,88,0,0,0,1,0
6,60400,2,2,0,0,0,4,4,37,1980,26,3,2016,7,18,55,0,2,7,4,6,"EL  DORADO AVE","ROXFORD ST",0,34.30863056,-118.47475556,0,12,6,0,2,2,0,1,5,1,0,1,0,"0000000",99,99,99,99,99,99,0,0,0,1,0
6,60401,1,1,0,1,1,1,1,37,1980,13,4,2016,4,5,15,0,2,4,4,6,"LINCOLN BL","",0,34.00020833,-118.46545833,0,15,0,0,1,1,0,1,3,10,0,10,0,"0000000",99,99,99,99,88,88,0,0,0,1,0
6,60402,1,1,0,0,0,2,2,97,0,14,2,2016,1,1,45,0,1,2,1,3,"SR-1","",89,38.31756944,-123.030025,0,42,0,0,1,1,0,4,2,1,0,1,0,"0000000",99,99,99,99,88,88,0,0,0,2,1
6,60403,1,1,0,1,1,1,1,83,0,6,4,2016,4,5,34,0,1,2,1,3,"SR-246","",102,34.64586944,-120.42875833,0,8,0,0,1,1,0,1,2,1,0,1,0,"0000000",99,99,99,99,88,88,0,0,0,1,0
6,60404,1,1,0,1,1,2,2,37,1110,14,2,2016,1,4,10,1,2,1,1,1,"I-10","",283,34.07065833,-118.04791111,0,8,0,0,1,1,0,1,3,1,0,1,0,"0000000",99,99,99,99,88,88,0,0,0,1,0
6,60405,1,1,0,1,1,1,1,59,1410,8,2,2016,2,13,0,0,2,3,4,6,"WESTMINSTER AVE","",0,33.75961111,-117.95624444,0,9,0,0,8,1,0,1,1,1,0,1,0,"0000000",99,99,99,99,99,99,16,0,0,1,0
6,60406,2,2,0,0,0,4,4,37,2645,19,2,2016,6,17,10,0,2,4,4,6,"AVENUE R","",0,34.57266111,-118.10203611,0,12,6,0,1,1,0,1,1,1,0,1,0,"0000000",99,99,99,99,99,99,0,0,0,2,0
6,60407,2,2,0,0,0,4,4,107,4050,28,2,2016,1,14,37,0,2,5,4,6,"GIDDINGS ST","NOBLE AVE",0,36.32651111,-119.30546111,0,12,6,0,2,2,0,1,1,1,0,1,0,"0000000",99,99,99,99,99,99,0,0,0,1,0
6,60408,3,3,0,0,0,5,5,31,0,28,1,2016,5,17,50,0,1,2,1,3,"SR-43","IDAHO AVE",144,36.26964167,-119.60060833,0,12,6,0,2,2,0,1,2,1,0,1,0,"0000000",99,99,99,99,99,99,0,0,0,1,0
6,60409,1,1,0,0,0,1,1,67,0,18,2,2016,5,21,9,0,1,5,2,4,"CR-DUDLEY BLVD","",0,38.64708611,-121.39943889,0,31,0,0,1,1,0,4,3,10,0,10,0,"0000000",99,99,99,99,99,99,0,0,0,1,1
6,60410,2,2,0,0,0,2,2,65,2650,22,2,2016,2,15,21,0,2,5,4,6,"S FARRELL DR","E BARISTO RD",0,33.81951944,-116.51801111,0,12,6,0,2,2,0,1,1,1,0,1,0,"0000000",99,99,99,99,99,99,0,0,0,1,0
6,60411,1,1,0,1,1,1,1,111,538,27,3,2016,1,22,8,0,2,4,4,6,"ARNEILL RD","ROCKLYN ST",0,34.23228056,-119.03896389,0,8,0,0,2,2,0,1,3,10,0,10,0,"0000000",99,99,99,99,88,88,0,0,0,1,0
6,60412,1,1,0,0,0,1,1,65,0,22,1,2016,6,19,35,0,1,3,4,4,"CR-SANTA ROSA MINE RD","",0,33.79279444,-117.348475,0,17,0,0,1,1,0,4,2,1,0,1,0,"0000000",99,99,99,99,88,88,0,0,0,1,1
6,60413,2,2,0,0,0,2,2,73,3260,28,3,2016,2,23,3,0,2,5,4,6,"LAUREL ST","1ST AVE",0,32.73134167,-117.16394444,0,12,1,0,2,2,0,1,3,10,0,10,0,"0000000",99,99,99,99,99,99,0,0,0,1,1
6,60414,2,2,0,0,0,5,5,107,0,26,3,2016,7,22,8,0,1,5,2,4,"CR-AVENUE 200","CR-SPACER DRIVE",0,36.15279722,-119.28633056,0,12,6,0,2,2,0,1,3,1,0,1,0,"0000000",99,99,99,99,99,99,0,0,0,2,1
6,60415,1,1,0,0,0,1,1,73,0,24,1,2016,1,13,55,1,1,2,1,3,"SR-94","",274,32.65311667,-116.78959167,0,24,0,0,1,1,0,4,1,1,0,1,0,"0000000",99,99,99,99,99,99,0,0,0,1,0
6,60416,2,2,0,0,0,3,3,107,0,30,3,2016,4,8,28,0,1,3,2,4,"CR-AVENUE 240","ROAD 152",0,36.225525,-119.23348611,0,12,6,0,2,2,0,1,1,1,0,1,0,"0000000",99,99,99,99,99,99,0,0,0,1,0
6,60417,1,1,0,1,1,1,1,65,2650,22,2,2016,2,18,56,0,2,4,4,6,"EAST PALM CANYON DR","",0,33.80135,-116.53624167,0,8,0,0,1,1,0,1,2,1,0,1,0,"0000000",99,99,99,99,99,99,0,0,0,1,0
6,60418,2,1,1,0,0,3,3,37,1980,7,2,2016,1,11,0,0,2,4,4,6,"PLEASANT AVE","ECHANDIA ST",0,34.04856389,-118.220975,0,14,0,0,3,3,0,7,1,1,0,1,0,"0000000",99,99,99,99,99,99,0,0,0,1,0
6,60419,2,2,0,0,0,4,4,25,0,26,3,2016,7,0,4,0,1,2,1,3,"SR-98","",272,32.67921944,-115.58671111,0,12,6,0,1,1,0,1,2,1,0,1,0,"0000000",99,99,99,99,88,88,14,0,0,4,0
6,60420,2,2,0,1,1,3,3,75,3290,24,2,2016,4,22,54,1,2,1,1,1,"I-280","",31,37.73208611,-122.42954722,0,8,0,0,1,1,0,1,2,10,0,10,0,"0000000",99,99,99,99,88,88,0,0,0,1,0
6,60421,2,2,0,0,0,2,2,65,1003,29,2,2016,2,13,5,0,2,5,4,6,"DILLON RD","",0,33.92491111,-116.52328056,0,12,1,0,1,1,0,1,1,1,0,1,0,"0000000",99,99,99,99,99,99,0,0,0,1,0
6,60422,1,1,0,1,1,1,1,79,150,9,4,2016,7,2,40,1,2,2,1,2,"US-101","",148,35.13043333,-120.608125,0,8,0,0,1,1,0,1,2,1,0,1,0,"0000000",99,99,99,99,88,88,0,0,0,1,0
6,60423,2,2,0,0,0,2,2,73,0,25,3,2016,6,11,30,0,1,6,2,4,"CR-MUSSEY GRADE RD","DOS PICOS PARK RD",0,33.00033889,-116.92621944,0,12,6,0,4,1,0,1,1,1,0,1,0,"0000000",99,99,99,99,88,88,0,0,0,1,0
6,60424,1,1,0,0,0,7,7,31,0,21,2,2016,1,0,50,1,1,1,1,1,"I-5","",6,35.79753056,-119.78809444,0,1,0,0,1,1,0,1,2,1,0,1,0,"0000000",99,99,99,99,99,99,0,0,0,4,0
6,60425,2,2,0,0,0,3,3,43,0,5,4,2016,3,13,0,1,1,2,1,3,"SR-140","",355,37.62196667,-119.95465833,0,12,2,0,1,1,0,1,1,1,0,1,0,"0000000",99,99,99,99,99,99,0,0,0,2,1
6,60426,1,1,0,1,1,1,1,59,2400,13,2,2016,7,1,10,0,2,4,4,6,"NEWPORT BLVD","30TH ST",0,33.61456111,-117.93034444,0,8,0,0,3,2,0,1,3,5,0,5,0,"0000000",99,99,99,99,99,99,0,0,0,1,0
6,60427,1,1,0,0,0,1,1,37,1980,1,3,2016,3,2,39,1,2,1,1,1,"I-10 RAMP","",148,34.03935,-118.27445,0,25,0,1,5,1,0,4,3,5,0,5,0,"0000000",99,99,99,99,88,88,0,0,0,1,0
6,60428,2,2,0,0,0,17,17,19,0,8,3,2016,3,14,45,0,1,5,2,4,"CR-HAYES AVE","CR-MCKINLEY AVE",0,36.76443056,-119.89823056,0,12,6,0,2,2,0,1,1,1,0,1,1,"0000000",99,99,99,99,99,99,0,0,0,1,0
6,60429,1,1,0,1,1,2,2,37,1980,31,3,2016,5,23,7,1,1,1,1,1,"I-605","",165,34.02618611,-118.03927778,0,8,0,0,1,1,0,1,3,1,0,1,0,"0000000",99,99,99,99,99,99,0,0,0,1,0
6,60430,1,1,0,1,1,1,1,99,0,5,4,2016,3,20,39,0,1,5,2,4,"CR-EAST AVE","",0,37.49246111,-120.78069722,0,8,0,0,1,1,0,1,2,1,0,1,0,"0000000",99,99,99,99,88,88,19,0,0,1,0
6,60431,1,1,0,1,1,2,2,65,0,12,3,2016,7,18,20,0,1,2,1,3,"SR-74","",444,33.74779722,-116.90586389,0,8,0,0,1,1,0,1,2,1,0,1,0,"0000000",99,99,99,99,88,88,0,0,0,1,0
6,60432,5,5,0,0,0,5,5,85,537,25,2,2016,5,14,9,0,2,3,4,6,"HAMILTON AVE","LEIGH AVE",0,37.29436389,-121.92264444,0,12,6,0,2,2,0,1,1,1,0,1,0,"0000000",99,99,99,99,99,99,14,0,0,1,0
6,60433,1,1,0,1,1,1,1,37,1980,5,4,2016,3,10,55,0,2,3,4,6,"OLYMPIC BLVD","PRADO ST",0,34.01885,-118.19426667,0,8,0,0,2,2,0,1,1,1,0,1,0,"0000000",99,99,99,99,99,99,0,0,0,1,0
6,60434,2,2,0,0,0,2,2,37,1550,1,1,2016,6,2,55,0,2,4,4,6,"120TH ST","DOTY AVE",0,33.92371944,-118.33959167,0,12,6,0,2,3,0,1,3,1,0,1,0,"0000000",99,99,99,99,99,99,0,0,0,1,1
6,60435,1,1,0,0,0,1,1,37,0,7,4,2016,5,0,13,0,1,5,2,4,"CR-CHIQUITO CYN RD","",0,34.42360556,-118.65677222,0,42,0,0,1,1,0,4,2,1,0,1,0,"0000000",99,99,99,99,99,99,0,0,0,1,0
6,60436,2,2,0,0,0,2,2,13,0,9,3,2016,4,5,28,0,1,4,2,4,"CR-PACHECO BLVD","",0,38.00758611,-122.09366111,0,12,2,0,1,1,0,1,3,98,0,98,0,"0000000",99,99,99,99,99,99,0,0,0,1,0
6,60437,1,1,0,0,0,1,1,79,0,7,4,2016,5,0,12,1,1,2,1,2,"US-101","",525,35.56564722,-120.70195556,0,33,0,0,1,1,0,4,3,1,0,1,0,"0000000",99,99,99,99,88,88,0,0,0,1,1
6,60438,2,2,0,0,0,5,5,59,80,21,3,2016,2,7,26,0,2,3,4,6,"W KATELLA AVE","S GARDEN DR",0,33.80279167,-117.99314444,0,1,0,0,2,2,0,1,1,10,0,10,0,"0000000",99,99,99,99,88,88,0,0,0,1,0
6,60439,1,1,0,0,0,2,2,61,0,26,3,2016,7,6,35,1,1,1,1,1,"I-80","",285,39.03284444,-120.97612778,0,42,0,0,1,1,0,4,1,1,0,1,0,"0000000",99,99,99,99,99,99,0,0,0,1,0
6,60440,1,1,0,0,0,1,1,37,1791,26,3,2016,7,18,40,0,2,3,4,6,"HARBOR BL","",0,33.95706667,-117.92206667,0,33,0,0,1,1,0,4,1,1,0,1,0,"0000000",99,99,99,99,99,99,0,0,0,1,0
6,60441,1,1,0,0,0,1,1,77,0,27,3,2016,1,9,42,0,1,3,2,4,"CR-THORNTON RD","",0,38.20097222,-121.40923056,0,42,0,0,1,1,0,4,1,1,0,1,0,"0000000",99,99,99,99,88,88,0,0,0,1,1
6,60442,1,1,0,0,0,1,1,71,3210,22,2,2016,2,3,19,1,2,2,1,3,"SR-210","",219,34.14569444,-117.31701667,0,24,0,0,1,1,0,4,3,1,0,1,0,"0000000",99,99,99,99,88,88,0,0,0,1,1
6,60443,1,1,0,0,0,1,1,23,0,25,2,2016,5,2,50,1,1,3,1,2,"US-101","",192,40.19825556,-123.77645,0,35,0,0,1,1,0,4,2,1,0,1,0,"0000000",99,99,99,99,88,88,0,0,0,1,1
6,60444,2,2,0,0,0,7,7,37,3690,26,3,2016,7,16,24,0,2,3,4,6,"GARFIELD AVE","EL PASEO AVE",0,33.92425833,-118.16916111,0,12,6,0,2,3,0,1,1,1,0,1,0,"0000000",99,99,99,99,99,99,0,0,0,2,0
6,60445,1,1,0,1,1,1,1,37,0,24,3,2016,5,0,32,0,1,3,2,4,"CR-FLORENCE AVENUE","",0,33.97475278,-118.25611667,0,8,0,0,1,1,0,1,3,1,0,1,0,"0000000",99,99,99,99,88,88,0,0,0,1,0
6,60446,2,2,0,0,0,3,3,41,0,1,4,2016,6,20,45,0,1,5,2,4,"CR-SIR FRANCIS DRAKE","",0,38.02020278,-122.72848333,0,42,0,0,1,1,0,4,2,1,0,1,0,"0000000",99,99,99,99,99,99,0,0,0,1,0
6,60447,5,4,1,0,0,5,5,75,3290,27,3,2016,1,16,50,0,2,3,4,6,"GUERRERO ST","",0,37.76202778,-122.423825,0,42,0,0,1,1,0,3,1,1,0,1,0,"0000000",99,99,99,99,99,99,14,0,0,1,1
6,60448,1,1,0,0,0,1,1,53,0,20,2,2016,7,12,15,0,1,7,2,4,"CR-PORTER DRIVE","CR-SAN JUAN ROAD",0,36.90450833,-121.75039722,0,1,0,0,2,2,0,1,1,1,0,1,0,"0000000",99,99,99,99,99,99,0,0,0,1,0
6,60449,1,1,0,1,1,1,1,59,1410,15,4,2016,6,22,7,0,2,4,4,6,"HASTER ST","LAMPSON AVE",0,33.78166389,-117.90619167,0,8,0,0,3,2,0,1,3,1,0,1,0,"0000000",99,99,99,99,99,99,0,0,0,1,0
6,60450,2,2,0,0,0,2,2,113,0,1,3,2016,3,23,37,1,1,1,1,1,"I-5","",206,38.82751944,-121.913125,0,12,2,0,1,1,0,1,2,1,0,1,0,"0000000",99,99,99,99,88,88,0,0,0,2,1
6,60451,3,2,1,0,0,2,2,73,0,7,4,2016,5,10,3,0,1,5,2,4,"CR-SAN VICENTE RD","GREEN HAVEN LN",0,33.0049,-116.81256389,0,12,6,0,2,3,0,1,1,2,10,2,0,"0000000",99,99,99,99,88,88,0,0,0,1,0
6,60452,2,2,0,0,0,3,3,31,0,9,3,2016,4,12,48,0,1,4,2,4,"CR-18TH AVE","CR-KANSAS AVE",0,36.21133611,-119.78023889,0,12,6,0,2,2,0,1,1,1,0,1,0,"0000000",99,99,99,99,99,99,0,0,0,1,0
6,60453,2,2,0,0,0,3,3,73,3260,9,4,2016,7,9,6,0,2,4,4,6,"MORENA BL","AVATI ST",0,32.81383333,-117.21745556,0,1,0,0,2,3,0,1,1,1,0,1,0,"0000000",99,99,99,99,99,99,0,0,0,1,0
6,60454,2,2,0,0,0,3,3,37,1840,16,4,2016,7,20,29,0,2,4,4,6,"CHALLENGER WY","AVENUE H",0,34.71886944,-118.11230556,0,12,6,0,2,2,0,1,2,1,0,1,0,"0000000",99,99,99,99,99,99,0,0,0,1,0
6,60455,2,2,0,0,0,2,2,31,0,22,4,2016,6,21,25,0,1,2,1,3,"SR-43","WHITLEY AVE",15,36.09830556,-119.545975,0,12,6,1,2,2,0,1,3,1,0,1,0,"0000000",99,99,99,99,99,99,0,0,0,1,0
6,60456,1,1,0,0,0,1,1,13,0,4,3,2016,6,15,15,0,1,3,2,4,"CR-KIRKER PASS RD","",0,37.97157778,-121.91977222,0,30,0,0,1,1,0,4,1,2,10,2,0,"0000000",99,99,99,99,88,88,0,0,0,1,0
6,60457,1,1,0,0,0,1,1,71,0,15,3,2016,3,22,35,1,1,1,1,1,"I-215","",134,34.18451111,-117.35178889,0,24,0,0,1,1,0,3,2,1,0,1,0,"0000000",99,99,99,99,99,99,0,0,0,1,1
6,60458,1,1,0,0,0,1,1,73,0,20,3,2016,1,11,28,0,1,2,1,3,"SR-78","",567,33.07826944,-116.62018889,0,42,0,0,1,1,0,4,1,1,0,1,0,"0000000",99,99,99,99,99,99,0,0,0,1,0
6,60459,2,2,0,0,0,10,10,67,3150,15,2,2016,2,0,2,0,2,3,4,6,"NORTHGATE BLVD","TENAYA AVE",0,38.62276944,-121.47555278,0,12,6,0,2,2,0,1,3,1,0,1,0,"0000000",99,99,99,99,99,99,0,0,0,1,1
6,60460,1,1,0,0,0,1,1,71,0,23,3,2016,4,22,0,0,1,3,1,3,"SR-2","",20,34.35682222,-117.62060833,0,1,0,0,1,1,0,4,2,1,0,1,0,"0000000",99,99,99,99,99,99,0,0,0,1,0
6,60461,1,1,0,0,0,1,1,65,850,27,3,2016,1,20,39,0,2,7,4,6,"BLOSSOM HILL DR","FALLBROOK DR",0,33.89594722,-117.57727222,0,33,0,0,3,3,0,4,2,1,0,1,0,"0000000",99,99,99,99,88,88,0,0,0,1,1
6,60462,2,2,0,0,0,3,3,115,0,24,4,2016,1,12,57,1,1,2,1,3,"SR-70","",209,39.235725,-121.60025,0,12,6,0,1,1,0,1,1,1,0,1,0,"0000000",99,99,99,99,99,99,0,0,0,1,1
6,60463,2,2,0,0,0,3,3,45,0,17,3,2016,5,11,25,1,1,2,1,2,"US-101","SR-1",1056,39.86815278,-123.71353889,0,12,6,0,2,3,0,1,1,1,0,1,0,"0000000",99,99,99,99,99,99,0,0,0,1,0
6,60464,9,9,0,0,0,14,14,81,0,9,4,2016,7,3,45,1,1,2,1,2,"US-101","",198,37.62278611,-122.40073333,0,12,7,0,1,1,0,1,2,2,0,2,0,"0000000",99,99,99,99,99,99,19,27,0,1,2
6,60465,1,1,0,1,1,2,2,73,4060,8,2,2016,2,20,14,0,2,4,4,6,"N EMERALD DR","JONATHON",0,33.19636111,-117.27948333,0,8,0,0,2,2,0,1,3,1,0,1,0,"0000000",99,99,99,99,99,99,0,0,0,1,0
6,60466,2,2,0,0,0,4,4,37,1970,28,4,2016,5,16,36,0,2,4,4,6,"SPRING ST","EL DORADO PARK",0,33.81046111,-118.085425,0,12,1,0,2,2,0,1,1,1,0,1,0,"0000000",99,99,99,99,88,88,0,0,0,1,0
6,60467,2,2,0,0,0,2,2,37,1670,17,4,2016,1,20,40,0,2,4,4,6,"GAGE AVE","NEWELL ST",0,33.98027778,-118.20845556,0,12,6,0,2,2,0,1,2,1,0,1,0,"0000000",99,99,99,99,99,99,0,0,0,1,0
6,60468,3,3,0,0,0,4,4,73,0,26,2,2016,6,20,5,1,1,1,1,1,"I-5","",71,33.34980556,-117.52106389,0,12,1,0,1,1,0,1,2,1,0,1,0,"0000000",99,99,99,99,88,88,14,0,0,1,1
6,60469,2,2,0,0,0,2,2,63,0,22,4,2016,6,17,50,0,1,2,1,3,"SR-70","",929,39.80031944,-120.16468056,0,12,2,0,1,1,0,1,1,10,4,4,0,"0000000",99,99,99,99,99,99,0,0,0,1,1
6,60470,1,1,0,2,2,1,1,37,1980,11,4,2016,2,20,20,0,2,3,4,6,"ROSCOE BL","JASON AVE",0,34.21920278,-118.635475,0,8,0,0,2,2,0,1,3,1,0,1,0,"0000000",99,99,99,99,99,99,0,0,0,2,0
6,60471,2,2,0,0,0,2,2,65,750,22,3,2016,3,13,59,1,2,2,1,3,"SR-86","AVE 52",191,33.6738,-116.14766111,0,12,1,0,3,2,0,1,1,1,0,1,0,"0000000",99,99,99,99,99,99,0,0,0,1,0
6,60472,1,1,0,0,0,1,1,37,1430,6,3,2016,1,2,15,1,2,2,1,3,"SR-134","",68,34.15645,-118.26143056,0,33,0,0,1,1,0,4,2,2,10,2,0,"0000000",99,99,99,99,99,99,0,0,0,1,0
6,60473,1,1,0,1,1,1,1,37,3445,11,4,2016,2,21,50,0,2,3,4,6,"SIERRA HWY","",0,34.43906944,-118.43135556,0,8,0,0,1,1,0,1,3,1,0,1,0,"0000000",99,99,99,99,88,88,0,0,0,1,0
6,60474,2,2,0,0,0,2,2,37,0,28,4,2016,5,2,14,1,1,1,1,1,"I-105","",97,33.92825833,-118.24103056,0,12,1,0,1,1,0,1,3,1,0,1,0,"0000000",99,99,99,99,99,99,19,0,0,1,1
6,60475,1,1,0,1,1,1,1,71,4291,28,2,2016,1,2,3,0,2,4,4,6,"AVALON AVE","",0,34.12610556,-116.38740556,0,8,0,0,1,1,0,1,2,1,0,1,0,"0000000",99,99,99,99,99,99,0,0,0,1,0
6,60476,2,2,0,1,1,2,2,37,1980,9,4,2016,7,10,0,0,2,3,4,6,"VICTORY BLVD","LAUREL CANYON",0,34.18669167,-118.39653889,0,12,2,0,2,2,0,1,1,10,0,10,0,"0000000",99,99,99,99,99,99,0,0,0,1,0
6,60477,2,2,0,0,0,4,4,37,1970,6,3,2016,1,10,30,1,2,1,1,1,"I-405","",55,33.81421944,-118.17799444,0,12,7,0,1,1,0,1,1,1,0,1,0,"0000000",99,99,99,99,99,99,0,0,0,1,0
6,60478,2,2,0,0,0,5,5,65,750,6,3,2016,1,15,51,0,2,3,4,6,"GRAPEFRUIT BL","HILL DR",0,33.67394167,-116.16877778,0,12,6,0,2,3,0,1,1,1,0,1,0,"0000000",99,99,99,99,99,99,0,0,0,1,0