"STATE","ST_CASE","VE_TOTAL","VE_FORMS","PVH_INVL","PEDS","PERNOTMVIT","PERMVIT","PERSONS","COUNTY","CITY","DAY","MONTH","YEAR","DAY_WEEK","HOUR","MINUTE","NHS","RUR_URB","FUNC_SYS","RD_OWNER","ROUTE","TWAY_ID","TWAY_ID2","MILEPT","LATITUDE","LONGITUD","SP_JUR","HARM_EV","MAN_COLL","RELJCT1","RELJCT2","TYP_INT","WRK_ZONE","REL_ROAD","LGT_COND","WEATHER1","WEATHER2","WEATHER","SCH_BUS","RAIL","NOT_HOUR","NOT_MIN","ARR_HOUR","ARR_MIN","HOSP_HR","HOSP_MN","CF1","CF2","CF3","FATALS","DRUNK_DR"
6,60479,2,1,1,1,1,1,1,37,1980,23,4,2016,7,18,11,0,2,5,4,6,"BURLINGTON AVE","TEMPLE ST",0,34.06913889,-118.26456111,0,14,0,0,3,2,0,7,1,1,0,1,0,"0000000",99,99,99,99,88,88,19,0,0,1,1
6,60480,1,1,0,0,0,1,1,71,0,9,3,2016,4,10,36,1,1,1,1,1,"I-15","",980,34.97155,-116.62751667,0,1,0,0,1,1,0,5,1,1,0,1,0,"0000000",99,99,99,99,88,88,0,0,0,1,0
6,60481,2,2,0,0,0,2,2,65,0,29,3,2016,3,3,33,0,1,3,2,4,"CR-RAMONA EXPWY","",0,33.83963889,-117.11411111,0,12,2,0,1,1,0,1,2,10,0,10,0,"0000000",99,99,99,99,99,99,0,0,0,1,0
6,60482,2,2,0,0,0,3,3,37,1980,14,4,2016,5,21,45,1,2,3,1,3,"SR-47","NAVY WAY",23,33.75396667,-118.25171667,0,12,6,0,2,3,0,1,3,1,0,1,0,"0000000",99,99,99,99,99,99,0,0,0,1,0
6,60483,2,2,0,2,2,2,2,37,1980,20,4,2016,4,23,45,0,2,4,4,6,"VISTA DEL MAR","",0,33.93408056,-118.4366,0,8,0,0,1,1,0,1,2,1,0,1,0,"0000000",99,99,99,99,99,99,0,0,0,1,0
6,60484,1,1,0,1,1,1,1,37,602,28,4,2016,5,23,48,1,2,1,1,1,"I-405 RAMP","",111,33.83823611,-118.26190556,0,8,0,0,20,1,0,1,3,1,0,1,0,"0000000",99,99,99,99,88,88,0,0,0,1,0
6,60485,1,1,0,0,0,2,2,93,0,18,1,2016,2,11,55,0,1,3,2,4,"CR-HARRY CASH RD","",0,41.703525,-122.37830278,0,1,0,0,1,1,0,4,1,10,0,10,0,"0000000",99,99,99,99,99,99,0,0,0,1,0
6,60486,1,1,0,0,0,1,1,107,4050,17,3,2016,5,17,53,0,2,4,4,6,"WALNUT AVE","",0,36.31271389,-119.273925,0,33,0,0,1,1,0,4,1,1,0,1,0,"0000000",99,99,99,99,88,88,0,0,0,1,0
6,60487,1,1,0,0,0,1,1,99,0,13,3,2016,1,21,50,1,1,2,1,3,"SR-99","",239,37.72218333,-121.09999722,0,42,0,0,1,1,0,4,2,2,0,2,0,"0000000",99,99,99,99,88,88,0,0,0,1,1
6,60488,1,1,0,0,0,3,3,37,3445,26,4,2016,3,1,5,0,2,3,4,6,"SIERRA HWY","",0,34.36024722,-118.50709722,0,33,0,0,1,1,0,4,2,1,0,1,0,"0000000",99,99,99,99,99,99,0,0,0,2,0
6,60489,1,1,0,0,0,1,1,7,0,7,4,2016,5,19,30,0,1,3,2,4,"CR-GRAND AVE","",0,39.50943889,-121.63238056,0,38,0,0,1,1,0,5,1,1,0,1,0,"0000000",99,99,99,99,88,88,0,0,0,1,1
6,60490,1,1,0,0,0,2,2,77,0,9,4,2016,7,20,10,0,1,5,2,4,"CR-ALPINE RD","COPPEROPOLIS RD",0,37.96571944,-121.18874722,0,30,0,0,3,3,0,4,2,2,0,2,0,"0000000",99,99,99,99,99,99,0,0,0,1,0
6,60491,2,2,0,0,0,2,2,95,0,5,4,2016,3,10,20,0,1,5,2,4,"CR-LEWIS RD","FRY RD",0,38.33716667,-121.89705833,0,12,6,0,2,2,0,1,1,1,0,1,0,"0000000",99,99,99,99,99,99,0,0,0,1,0
6,60492,2,2,0,0,0,2,2,113,0,10,3,2016,5,8,30,1,1,1,1,1,"I-5","",209,38.83000278,-121.91526389,0,12,6,0,1,1,0,1,1,10,0,10,0,"0000000",99,99,99,99,99,99,0,0,0,1,0
6,60493,1,1,0,0,0,1,1,71,2922,20,3,2016,1,99,99,1,2,2,1,3,"SR-210 RAMP","",108,34.13553056,-117.50238056,0,42,0,1,5,1,0,4,2,1,0,1,0,"0000000",99,99,99,99,88,88,0,0,0,1,0
6,60494,2,2,0,0,0,9,9,37,1980,17,4,2016,1,11,35,0,2,5,4,6,"PARTHENIA ST","HASKELL AVE",0,34.22830278,-118.47639722,0,12,6,0,2,2,0,1,1,1,0,1,0,"0000000",99,99,99,99,99,99,19,0,0,1,0
6,60495,2,2,0,0,0,3,3,37,1980,11,3,2016,6,11,30,0,2,3,4,6,"BEVERLY BLVD","HUDSON AVE",0,34.07614722,-118.33340556,0,12,6,0,2,3,0,1,1,10,0,10,0,"0000000",99,99,99,99,88,88,0,0,0,1,0
6,60496,2,2,0,0,0,6,6,1,0,11,3,2016,6,21,0,0,1,3,1,3,"SR-84","",227,37.61624444,-121.81376389,0,12,2,0,1,1,0,1,2,2,0,2,0,"0000000",99,99,99,99,99,99,0,0,0,1,0
6,60497,2,2,0,0,0,2,2,85,0,16,4,2016,7,13,20,1,1,2,1,3,"SR-152","",201,36.96864167,-121.41341389,0,12,2,0,1,1,0,1,1,1,0,1,0,"0000000",99,99,99,99,88,88,0,0,0,1,0
6,60498,2,2,0,0,0,2,2,67,3150,12,2,2016,6,16,45,1,2,2,1,2,"US-50","",4,38.56018889,-121.46669444,0,12,1,1,18,1,0,1,1,1,0,1,0,"0000000",99,99,99,99,88,88,0,0,0,1,1
6,60499,2,2,0,0,0,4,4,65,1003,24,1,2016,1,19,24,0,2,5,4,6,"N INDIAN AVE","",0,33.91491944,-116.54531667,0,12,2,0,1,1,0,1,2,1,0,1,0,"0000000",99,99,99,99,99,99,0,0,0,2,1
6,60500,2,2,0,0,0,2,2,37,2970,2,4,2016,7,8,58,0,2,3,4,6,"ARTESIA BL","AVIATION BL",0,33.87290556,-118.38156667,0,12,6,0,2,2,0,1,1,1,0,1,0,"0000000",99,99,99,99,99,99,0,0,0,1,0
6,60501,1,1,0,1,1,1,1,59,1410,23,2,2016,3,11,33,0,2,3,4,6,"EUCLID ST","",0,33.77777222,-117.93865833,0,8,0,0,4,1,0,1,1,1,0,1,0,"0000000",99,99,99,99,88,88,0,0,0,1,0
6,60502,1,1,0,0,0,2,2,83,0,12,3,2016,7,14,30,1,1,2,1,2,"US-101","",99,34.42173611,-119.62938056,0,33,0,0,1,1,0,4,1,1,0,1,0,"0000000",99,99,99,99,99,99,0,0,0,2,0
6,60503,1,1,0,0,0,1,1,29,0,10,4,2016,1,23,52,0,1,3,2,4,"CR-FAMOSO PORTERVILLE HWY","WOOLLOMES AVE",0,35.74703056,-119.14167222,0,19,0,0,3,3,0,5,2,10,0,10,0,"0000000",99,99,99,99,88,88,0,0,0,1,1
6,60504,1,1,0,0,0,4,4,95,1260,29,3,2016,3,9,48,1,2,1,1,1,"I-80","",137,38.22959444,-122.11638611,0,18,0,0,1,1,0,1,1,1,0,1,0,"0000000",99,99,99,99,99,99,0,0,0,1,0
6,60505,2,2,0,0,0,2,2,71,0,15,3,2016,3,7,39,0,1,3,2,4,"CR-COYOTE LAKE RD","YERMO RD",0,34.92955,-116.71545,0,1,0,0,2,2,0,1,1,1,0,1,1,"0000000",99,99,99,99,88,88,0,0,0,1,0
6,60506,1,1,0,0,0,1,1,71,0,22,4,2016,6,3,50,1,1,1,1,1,"I-40","",1361,34.89130278,-114.69827778,0,24,0,0,1,1,0,3,2,1,0,1,0,"0000000",99,99,99,99,88,88,0,0,0,1,0
6,60507,1,1,0,0,0,1,1,85,2182,19,3,2016,7,15,59,0,2,4,4,6,"MCCARTHY BL","",0,37.43535278,-121.923125,0,33,0,0,1,1,0,4,1,1,0,1,0,"0000000",99,99,99,99,88,88,0,0,0,1,0
6,60508,2,2,0,0,0,3,3,73,0,27,3,2016,1,12,30,0,1,4,2,4,"CR-JAMACHA BLVD","",0,32.73639444,-116.95658056,0,12,2,0,1,1,0,1,1,1,0,1,0,"0000000",99,99,99,99,99,99,0,0,0,1,0
6,60509,2,2,0,0,0,2,2,71,1305,13,2,2016,7,10,38,0,2,4,4,6,"SAN BERNARDINO AVE","TAMARIND AVE",0,34.077625,-117.42259444,0,12,2,0,2,3,0,1,1,1,0,1,0,"0000000",99,99,99,99,99,99,0,0,0,1,0
6,60510,1,1,0,1,1,1,1,37,1980,4,4,2016,2,21,35,0,2,4,4,6,"NORMANDIE AVE","83RD ST",0,33.96363611,-118.30026667,0,8,0,0,2,2,0,1,3,1,0,1,0,"0000000",99,99,99,99,88,88,0,0,0,1,0
6,60511,3,3,0,0,0,3,3,37,0,30,3,2016,4,16,11,1,1,2,1,3,"SR-60","",86,34.03968056,-118.08033333,0,12,6,1,5,1,0,1,1,2,0,2,0,"0000000",99,99,99,99,88,88,0,0,0,1,0
6,60512,2,2,0,0,0,2,2,107,0,29,3,2016,3,8,57,0,1,2,1,3,"SR-190","",163,36.05112778,-119.02031667,0,41,0,0,1,1,0,3,1,1,0,1,0,"0000000",99,99,99,99,99,99,0,0,0,1,0
6,60513,1,1,0,1,1,1,1,71,3210,2,4,2016,7,14,36,0,2,4,4,6,"E 9TH ST","",0,34.1158,-117.27346944,0,8,0,0,1,1,0,1,7,1,0,1,0,"0000000",99,99,99,99,88,88,0,0,0,1,0
6,60514,3,3,0,0,0,8,8,67,3150,15,2,2016,2,0,45,1,2,2,1,3,"SR-99","",234,38.54580278,-121.47394722,0,12,7,0,1,1,0,1,3,1,0,1,0,"0000000",99,99,99,99,99,99,0,0,0,1,0
6,60515,2,2,0,0,0,3,3,71,0,16,4,2016,7,19,35,0,1,2,1,3,"SR-18","HIGH RD",786,34.45061111,-117.03343889,0,12,6,1,2,3,0,1,1,1,0,1,0,"0000000",99,99,99,99,99,99,0,0,0,1,0
6,60516,2,2,0,0,0,4,4,65,612,24,2,2016,4,19,26,0,2,3,4,6,"EAST PALM CANYON DR","",0,33.78602778,-116.47825278,0,12,1,0,1,1,0,1,2,1,0,1,0,"0000000",99,99,99,99,99,99,0,0,0,1,0
6,60517,1,1,0,1,1,1,1,89,0,1,4,2016,6,18,25,0,1,3,1,3,"SR-299","",748,40.88181667,-121.67034444,0,8,0,0,1,1,0,1,1,1,0,1,0,"0000000",99,99,99,99,99,99,0,0,0,1,0
6,60518,1,1,0,1,1,1,1,85,3340,1,1,2016,6,20,22,1,2,1,1,1,"I-680","",342,37.33245833,-121.84557222,0,8,0,1,20,1,0,1,3,1,0,1,0,"0000000",99,99,99,99,88,88,0,0,0,1,0
6,60519,2,2,0,0,0,2,2,27,0,17,4,2016,1,15,15,1,1,2,1,2,"US-395","MILL CREEK RD",1261,37.41943056,-118.55556111,0,12,6,0,2,2,0,1,1,1,0,1,0,"0000000",99,99,99,99,88,88,0,0,0,1,0
6,60520,4,4,0,0,0,5,5,1,1364,18,4,2016,2,11,50,1,2,1,1,1,"I-680","",30,37.49921389,-121.92751667,0,12,1,0,1,1,0,1,1,1,0,1,0,"0000000",99,99,99,99,99,99,0,0,0,1,0
6,60521,2,2,0,0,0,2,2,7,0,7,4,2016,5,13,55,0,1,5,1,3,"SR-162","FOREMAN CREEK RD",311,39.594225,-121.44486667,0,12,6,1,2,3,0,1,1,1,0,1,0,"0000000",99,99,99,99,88,88,0,0,0,1,0
6,60522,4,1,3,0,0,1,1,99,2200,27,3,2016,1,4,35,0,2,5,4,6,"S EMERALD AVE","",0,37.63712778,-121.02103333,0,14,0,0,1,1,0,7,3,1,0,1,0,"0000000",99,99,99,99,99,99,0,0,0,1,1
6,60523,1,1,0,1,1,1,1,65,0,12,4,2016,3,19,55,0,1,5,2,4,"CR-EL SOBRANTE RD","",0,33.85826111,-117.44233611,0,8,0,0,1,1,0,1,3,1,0,1,0,"0000000",99,99,99,99,99,99,0,0,0,1,0
6,60524,3,3,0,0,0,5,5,29,240,9,1,2016,7,20,25,0,2,3,4,6,"DISTRICT BLVD","",0,35.31313333,-119.07451111,0,12,6,0,8,1,0,1,3,10,0,10,0,"0000000",99,99,99,99,88,88,0,0,0,1,1
6,60525,2,2,0,0,0,2,2,81,0,27,3,2016,1,18,55,0,1,3,1,3,"SR-84","",74,37.31318889,-122.28766111,0,12,2,0,1,1,0,1,5,1,0,1,0,"0000000",99,99,99,99,88,88,0,0,0,1,0
6,60526,2,2,0,0,0,2,2,29,240,16,1,2016,7,0,28,0,2,3,4,6,"MING AVE","OLD RIVER RD",0,35.34016389,-119.11404167,0,12,6,0,2,2,0,1,3,1,0,1,0,"0000000",0,30,0,31,0,59,0,0,0,1,1
6,60527,1,1,0,1,1,1,1,71,1947,4,1,2016,2,12,8,0,2,5,4,6,"BRYN MAWR AVE","GEORGE ST",0,34.04113611,-117.23482778,0,9,0,0,2,3,0,1,1,1,0,1,0,"0000000",99,99,99,99,99,99,0,0,0,1,0
6,60528,2,2,0,0,0,3,3,65,0,16,3,2016,4,4,25,1,1,2,1,3,"SR-86","",165,33.63988889,-116.13098611,0,12,1,0,1,1,0,1,2,1,0,1,0,"0000000",99,99,99,99,99,99,0,0,0,1,0
6,60529,2,2,0,0,0,2,2,77,0,13,4,2016,4,20,25,1,1,1,1,1,"I-5","",99,37.73064167,-121.34335556,0,12,2,0,1,1,0,1,2,1,0,1,0,"0000000",99,99,99,99,99,99,0,0,0,1,1
6,60530,3,2,1,0,0,2,2,71,3210,28,2,2016,1,9,38,0,2,3,4,6,"W 5TH ST","",0,34.10833889,-117.31763056,0,12,6,0,8,1,0,1,1,1,0,1,0,"0000000",99,99,99,99,99,99,0,0,0,1,2
6,60531,2,2,0,0,0,2,2,99,0,31,3,2016,5,18,55,0,1,5,2,4,"CR-MILNES RD","",0,37.68213611,-120.83820833,0,12,2,0,1,1,0,2,1,1,0,1,0,"0000000",99,99,99,99,88,88,0,0,0,1,1
6,60532,2,2,0,0,0,3,3,71,3210,28,3,2016,2,4,56,0,2,4,4,6,"N MNT VERNON AVE","W RIALTO AVE",0,34.10080278,-117.31383611,0,12,6,0,2,2,0,1,3,2,10,2,0,"0000000",99,99,99,99,99,99,20,0,0,2,0
6,60533,1,1,0,2,2,1,1,1,1054,25,4,2016,2,22,59,0,2,4,4,6,"DUBLIN BL","ARNOLD RD",0,37.70620833,-121.89325556,0,8,0,0,2,2,0,1,3,1,0,1,0,"0000000",99,99,99,99,99,99,0,0,0,1,0
6,60534,1,1,0,1,1,1,1,59,80,8,1,2016,6,12,55,0,2,3,4,6,"S MAGNOLIA AVE","W. LOLA AVE",0,33.82163611,-117.97587222,0,8,0,0,3,3,0,1,1,1,0,1,0,"0000000",99,99,99,99,88,88,0,0,0,1,0
6,60535,1,1,0,1,1,4,4,73,4060,2,4,2016,7,19,23,0,2,3,4,6,"N MELROSE DR","",0,33.20341667,-117.25488611,0,8,0,0,1,1,0,1,3,1,0,1,0,"0000000",99,99,99,99,99,99,0,0,0,1,0
6,60536,4,4,0,0,0,4,4,37,1980,20,4,2016,4,0,34,1,1,1,1,1,"I-5","",378,34.24888333,-118.42699444,0,12,1,0,1,1,0,1,3,1,0,1,0,"0000000",99,99,99,99,99,99,0,0,0,1,0
6,60537,2,2,0,0,0,6,6,65,1580,3,4,2016,1,1,35,0,2,3,1,3,"SR-74","",438,33.74775,-116.91622222,0,12,2,0,1,1,0,1,2,1,0,1,0,"0000000",99,99,99,99,99,99,0,0,0,3,1
6,60538,2,2,0,1,1,2,2,59,3760,25,2,2016,5,18,50,0,2,4,4,6,"CERRITOS AVE","",0,33.81031667,-117.9809,0,8,0,0,1,1,0,1,3,1,0,1,0,"0000000",99,99,99,99,88,88,0,0,0,1,0
6,60539,1,1,0,0,0,2,2,99,2200,1,2,2016,2,9,42,0,2,3,1,3,"SR-132","",156,37.63735556,-120.9858,0,33,0,0,1,1,0,4,1,1,0,1,0,"0000000",99,99,99,99,99,99,0,0,0,1,0
6,60540,2,2,0,1,1,3,3,73,560,6,4,2016,4,3,20,1,2,1,1,1,"I-5","",473,33.12611944,-117.32435,0,8,0,0,1,1,0,1,2,1,0,1,0,"0000000",99,99,99,99,99,99,19,0,0,1,0
6,60541,3,1,2,2,6,1,5,13,975,13,3,2016,1,12,15,1,2,1,1,1,"I-680","",59,37.80061944,-121.98828611,0,25,0,0,1,1,0,3,1,2,0,2,0,"0000000",99,99,99,99,99,99,14,19,15,2,0
6,60542,1,1,0,0,0,3,3,115,0,13,2,2016,7,18,55,0,1,2,1,3,"SR-49","",6,39.400825,-121.078925,0,42,0,0,1,1,0,4,2,1,0,1,0,"0000000",99,99,99,99,99,99,0,0,0,1,1
6,60543,1,1,0,1,1,2,2,29,240,23,1,2016,7,0,24,0,2,4,4,6,"COTTONWOOD RD","",0,35.31349444,-118.985425,0,8,0,0,1,1,0,1,2,1,0,1,0,"0000000",0,48,0,53,1,9,0,0,0,1,0
6,60544,1,1,0,1,1,1,1,37,0,4,2,2016,5,19,20,1,1,2,1,3,"SR-60","",23,34.03165556,-118.18643611,0,8,0,0,1,1,0,1,3,1,0,1,0,"0000000",99,99,99,99,88,88,0,0,0,1,0
6,60545,2,1,1,0,0,1,1,113,4258,13,4,2016,4,2,35,0,2,4,4,6,"COURT ST","EAST ST",0,38.67870556,-121.76543056,0,42,0,0,3,3,0,4,3,1,0,1,0,"0000000",99,99,99,99,88,88,14,0,0,1,1
6,60546,1,1,0,1,1,1,1,65,9997,8,2,2016,2,0,11,0,2,5,4,6,"PACIFIC AVE","",0,34.0072,-117.41988333,0,8,0,0,1,1,0,1,2,1,0,1,0,"0000000",99,99,99,99,88,88,0,0,0,1,0
6,60547,1,1,0,0,0,5,5,71,0,29,3,2016,3,22,0,1,1,1,1,1,"I-15","",1710,35.46889444,-115.5371,0,43,0,0,1,1,0,4,2,1,0,1,0,"0000000",99,99,99,99,99,99,0,0,0,1,0
6,60548,1,1,0,0,0,1,1,59,1410,17,4,2016,1,11,26,0,2,4,4,6,"KNOTT ST","",0,33.77830556,-118.01104444,0,33,0,0,1,1,0,4,1,1,0,1,0,"0000000",99,99,99,99,99,99,0,0,0,1,0
6,60549,1,1,0,0,0,2,2,77,1865,9,4,2016,7,1,57,1,2,1,1,1,"I-5","",139,37.77932778,-121.31495833,0,23,0,0,1,1,0,3,2,2,0,2,0,"0000000",99,99,99,99,99,99,0,0,0,1,0
6,60550,1,1,0,0,0,1,1,17,0,30,4,2016,7,21,35,1,1,2,1,2,"US-50","",229,38.73694444,-120.71687778,0,43,0,0,1,1,0,4,3,10,0,10,0,"0000000",99,99,99,99,88,88,0,0,0,1,0
6,60551,1,1,0,0,0,2,2,65,2650,6,3,2016,1,1,20,0,2,4,4,6,"INDIAN CYN DR","",0,33.84851111,-116.54551389,0,39,0,0,1,1,0,4,2,1,0,1,0,"0000000",99,99,99,99,99,99,0,0,0,1,1
6,60552,1,1,0,0,0,1,1,13,820,17,2,2016,4,16,53,1,2,1,1,1,"I-680","",190,37.96286944,-122.05426944,0,30,0,0,1,1,0,4,1,1,0,1,0,"0000000",99,99,99,99,99,99,0,0,0,1,0
6,60553,1,1,0,0,0,2,2,65,0,17,3,2016,5,0,18,1,1,1,1,1,"I-10","",1249,33.63333056,-115.07834722,0,1,0,0,1,1,0,4,2,1,0,1,0,"0000000",99,99,99,99,88,88,0,0,0,1,1
6,60554,1,1,0,0,0,1,1,37,3445,17,3,2016,5,1,10,0,2,3,4,6,"SOLEDAD CYN RD","WISHBONE LN",0,34.41922222,-118.5073,0,33,0,0,3,3,0,4,3,1,0,1,0,"0000000",99,99,99,99,99,99,0,0,0,1,0
6,60555,1,1,0,1,1,1,1,25,520,15,1,2016,6,19,57,0,2,4,4,6,"COLE RD","ROCKWOOD AVE",0,32.69392778,-115.49610833,0,9,0,0,3,2,0,1,6,1,0,1,0,"0000000",99,99,99,99,88,88,0,0,0,1,0
6,60556,4,4,0,0,0,4,4,111,3860,4,3,2016,6,18,58,1,2,2,1,2,"US-101","",13,34.16286944,-118.83318889,0,12,7,0,1,1,1,1,2,1,0,1,0,"0000000",99,99,99,99,99,99,14,0,0,1,1
6,60557,1,1,0,0,0,1,1,19,0,18,4,2016,2,12,12,0,1,5,2,4,"CR-WASHOE AVE","",0,36.82495556,-120.45803056,0,31,0,0,1,1,0,4,1,1,0,1,0,"0000000",99,99,99,99,88,88,0,0,0,1,0
6,60558,3,1,2,1,2,1,2,37,1970,29,4,2016,6,8,0,1,2,1,1,1,"I-710","",136,33.87671667,-118.18650556,0,8,0,0,1,1,0,1,1,1,0,1,0,"0000000",99,99,99,99,88,88,14,19,0,1,0
6,60559,1,1,0,0,0,4,4,29,0,5,3,2016,7,10,20,0,1,2,1,3,"SR-178","",694,35.73426944,-118.12698889,0,35,0,0,1,1,0,4,1,1,0,1,0,"0000000",99,99,99,99,99,99,0,0,0,2,0
6,60560,1,1,0,1,1,1,1,59,4130,1,1,2016,6,19,55,0,2,3,4,6,"BROOKHURST STREET","",0,33.73943889,-117.95469167,0,8,0,0,1,1,0,1,3,1,0,1,0,"0000000",99,99,99,99,99,99,0,0,0,1,0
6,60561,1,1,0,1,1,1,1,73,560,16,3,2016,4,10,1,0,2,4,4,6,"CARLSBAD BL","",0,33.13866111,-117.33909444,0,9,0,0,1,1,0,1,1,1,0,1,0,"0000000",99,99,99,99,88,88,0,0,0,1,0
6,60562,1,1,0,1,1,1,1,59,880,22,1,2016,6,20,26,0,2,4,4,6,"NEWPORT BLVD","ROCHESTER ST",0,33.63940278,-117.92033611,0,8,0,0,3,2,0,1,3,1,0,1,0,"0000000",99,99,99,99,99,99,0,0,0,1,0
6,60563,1,1,0,0,0,1,1,59,1713,23,3,2016,4,1,25,1,2,2,1,3,"SR-133","",92,33.66251944,-117.75458333,0,20,0,1,19,1,0,3,3,1,0,1,0,"0000000",99,99,99,99,88,88,0,0,0,1,1
6,60564,5,1,4,0,0,1,1,55,540,29,4,2016,6,21,15,0,2,7,4,6,"WASHINGTON ST","",0,38.57936389,-122.58139722,0,14,0,0,1,1,0,4,3,1,0,1,0,"0000000",99,99,99,99,88,88,14,0,0,1,1
6,60565,2,2,0,0,0,2,2,73,3260,13,4,2016,4,5,8,0,2,3,1,3,"SR-52 RAMP","MAST BL",135,32.84511111,-117.02569444,0,12,6,1,2,2,0,1,3,10,0,10,0,"0000000",99,99,99,99,88,88,0,0,0,1,0
6,60566,1,1,0,1,1,1,1,107,3920,27,4,2016,4,0,12,0,2,4,4,6,"BARDSLEY AVE","BLACKSTONE ST",0,36.19664167,-119.33110556,0,9,0,0,2,2,0,1,3,1,0,1,0,"0000000",99,99,99,99,88,88,16,0,0,1,0
6,60567,1,1,0,1,1,1,1,59,3420,6,3,2016,1,9,24,0,2,3,4,6,"HARBOR BLVD","WESTMINSTER AVE",0,33.75967222,-117.92016944,0,8,0,0,3,2,0,1,1,1,0,1,0,"0000000",99,99,99,99,99,99,0,0,0,1,0
6,60568,1,1,0,0,0,1,1,15,0,14,4,2016,5,11,20,1,1,3,1,2,"US-199","",106,41.83962222,-124.03390833,0,35,0,0,1,1,0,4,1,10,0,10,0,"0000000",99,99,99,99,88,88,0,0,0,1,0
6,60569,1,1,0,1,1,1,1,85,3790,6,3,2016,1,20,8,0,2,3,4,6,"HOMESTEAD RD","",0,37.33768056,-122.01707778,0,8,0,0,1,1,0,1,3,2,0,2,0,"0000000",20,9,99,99,88,88,0,0,0,1,0
6,60570,1,1,0,1,1,1,1,73,0,12,4,2016,3,22,10,1,1,1,1,1,"I-8","",604,32.70918889,-116.37651944,0,8,0,0,1,1,0,2,2,5,0,5,0,"0000000",99,99,99,99,99,96,0,0,0,1,0
6,60571,1,1,0,0,0,1,1,83,0,30,4,2016,7,5,36,0,1,2,2,3,"SR-154","FOXEN CANYON RD",24,34.66793889,-120.12240556,0,18,0,1,2,2,0,1,2,1,0,1,0,"0000000",99,99,99,99,99,99,0,0,0,1,0
6,60572,1,1,0,0,0,1,1,77,0,15,3,2016,3,6,25,0,1,6,2,4,"CR-ACAMPO RD","TRETHEWAY RD",0,38.17751944,-121.17921667,0,43,0,0,3,3,0,4,2,1,0,1,0,"0000000",99,99,99,99,88,88,0,0,0,1,1
6,60573,2,2,0,0,0,3,3,37,4030,30,4,2016,7,3,0,0,2,3,4,6,"SANTA FE AVE","37TH ST",0,34.00895278,-118.23027778,0,12,6,0,2,2,0,1,3,1,0,1,0,"0000000",99,99,99,99,99,99,0,0,0,1,0
6,60574,1,1,0,0,0,1,1,53,0,30,4,2016,7,4,45,1,1,2,1,2,"US-101","",431,36.22046111,-121.16851111,0,1,0,0,1,1,0,1,2,1,0,1,0,"0000000",99,99,99,99,88,88,0,0,0,1,0
6,60575,2,2,0,0,0,2,2,37,4120,15,4,2016,6,9,33,0,2,5,4,6,"CORTEZ ST","HOLLENBECK AVE",0,34.06461667,-117.89901111,0,12,6,0,2,2,0,1,1,1,0,1,0,"0000000",99,99,99,99,99,99,0,0,0,1,0
6,60576,1,1,0,1,1,1,1,53,2630,27,1,2016,4,18,20,0,2,4,4,6,"PINE AV","FOREST AVE",0,36.61885833,-121.91880556,0,8,0,0,2,2,0,1,3,1,0,1,0,"0000000",99,99,99,99,99,99,0,0,0,1,0
6,60577,1,1,0,1,1,1,1,59,1345,2,2,2016,3,17,34,0,2,3,4,6,"MAGNOLIA ST","",0,33.71318333,-117.97190278,0,8,0,0,1,1,0,1,3,1,0,1,0,"0000000",99,99,99,99,99,99,0,0,0,1,0
6,60578,2,2,0,0,0,2,2,59,470,29,1,2016,6,2,18,1,1,2,1,3,"SR-91","",16,33.85578333,-118.01556389,0,12,7,0,1,1,0,1,3,1,0,1,0,"0000000",99,99,99,99,99,99,20,0,0,1,1
6,60579,2,1,1,0,1,1,2,1,3360,2,2,2016,3,20,28,1,1,1,1,1,"I-880","",209,37.69187222,-122.13998889,0,14,0,0,1,1,0,2,2,1,0,1,0,"0000000",99,99,99,99,99,99,23,0,0,1,1
6,60580,1,1,0,1,1,1,1,37,4120,14,2,2016,1,19,12,0,2,5,4,6,"GARVEY AVE S","",0,34.07124167,-117.88258611,0,8,0,0,8,1,0,1,3,1,0,1,0,"0000000",99,99,99,99,99,99,0,0,0,1,0
6,60581,1,1,0,0,0,1,1,13,2090,13,3,2016,1,15,10,1,2,1,1,1,"I-680","",251,38.03319167,-122.117375,0,25,0,0,1,1,0,3,1,2,0,2,0,"0000000",99,99,99,99,99,99,0,0,0,1,0
6,60582,2,2,0,0,0,2,2,107,0,1,3,2016,3,21,14,1,1,2,1,3,"SR-99","",351,36.27930278,-119.37300278,0,12,1,0,1,1,0,1,2,1,0,1,0,"0000000",99,99,99,99,99,99,0,0,0,1,1
6,60583,2,2,0,0,0,4,4,71,1305,19,3,2016,7,20,55,1,2,1,1,1,"I-15","",106,34.16083611,-117.46610833,0,12,1,0,1,1,0,1,3,1,0,1,0,"0000000",99,99,99,99,99,99,14,0,0,1,0
6,60584,1,1,0,0,0,4,4,47,0,14,2,2016,1,99,99,0,1,7,2,4,"CR-YOUD RD","",0,37.44801111,-120.53205,0,1,0,0,1,1,0,4,2,1,0,1,0,"0000000",99,99,99,99,88,88,18,0,0,4,1
6,60585,1,1,0,0,0,2,2,75,3290,21,3,2016,2,15,0,0,2,7,4,6,"PARKER AVE","",0,37.78126944,-122.45403889,0,19,0,0,1,1,0,5,1,1,0,1,0,"0000000",99,99,99,99,99,99,0,0,0,1,0