"STATE","ST_CASE","VE_TOTAL","VE_FORMS","PVH_INVL","PEDS","PERNOTMVIT","PERMVIT","PERSONS","COUNTY","CITY","DAY","MONTH","YEAR","DAY_WEEK","HOUR","MINUTE","NHS","RUR_URB","FUNC_SYS","RD_OWNER","ROUTE","TWAY_ID","TWAY_ID2","MILEPT","LATITUDE","LONGITUD","SP_JUR","HARM_EV","MAN_COLL","RELJCT1","RELJCT2","TYP_INT","WRK_ZONE","REL_ROAD","LGT_COND","WEATHER1","WEATHER2","WEATHER","SCH_BUS","RAIL","NOT_HOUR","NOT_MIN","ARR_HOUR","ARR_MIN","HOSP_HR","HOSP_MN","CF1","CF2","CF3","FATALS","DRUNK_DR"
6,60586,1,1,0,1,1,1,1,37,2929,8,3,2016,3,14,46,0,2,3,4,6,"HAWTHORNE BLVD","VALLON DRIVE",0,33.74876111,-118.39374722,0,9,0,0,2,2,0,1,1,1,0,1,0,"0000000",99,99,99,99,88,88,0,0,0,1,0
6,60587,3,3,0,1,1,4,4,75,3290,28,3,2016,2,6,15,1,2,1,1,1,"I-280","",39,37.73248333,-122.41440278,0,8,0,0,1,1,0,1,2,10,0,10,0,"0000000",99,99,99,99,88,88,0,0,0,1,0
6,60588,1,1,0,0,0,1,1,67,712,26,3,2016,7,5,58,1,2,1,1,1,"I-80","",158,38.69539722,-121.32242222,0,24,0,0,1,1,0,4,2,1,0,1,0,"0000000",99,99,99,99,99,99,0,0,0,1,1
6,60589,3,3,0,0,0,6,6,65,0,25,3,2016,6,21,52,0,1,5,2,4,"CR-GILMAN SPRINGS RD","",0,33.85043889,-117.01210556,0,12,2,0,1,1,0,1,2,1,0,1,0,"0000000",99,99,99,99,99,99,14,0,0,2,0
6,60590,3,2,1,0,0,2,2,65,0,7,4,2016,5,12,14,0,1,6,2,4,"CR-JOHNSON ST","",0,33.59291667,-116.06098333,0,12,2,0,1,1,0,1,1,1,0,1,0,"0000000",99,99,99,99,99,99,0,0,0,1,0
6,60591,1,1,0,1,1,1,1,65,1003,26,3,2016,7,20,57,0,2,4,4,6,"PALM DRIVE","",0,33.95904722,-116.50131667,0,8,0,0,1,1,0,1,2,1,0,1,0,"0000000",99,99,99,99,99,99,0,0,0,1,0
6,60592,1,1,0,2,2,1,1,19,0,18,4,2016,2,99,99,0,1,4,2,4,"CR-CHURCH AVE","",0,36.71411389,-119.76251111,0,8,0,0,1,1,0,1,3,1,0,1,0,"0000000",99,99,99,99,99,99,0,0,0,2,0
6,60593,1,1,0,1,1,2,2,61,3110,31,3,2016,5,5,35,1,2,1,1,1,"I-80","",26,38.75220833,-121.26531944,0,8,0,0,1,1,0,1,3,10,0,10,0,"0000000",99,99,99,99,88,88,0,0,0,1,0
6,60594,2,2,0,0,0,4,4,37,0,14,4,2016,5,15,48,0,1,3,2,4,"CR-AVENUE E","",0,34.76323889,-118.01688889,0,12,2,0,1,1,0,1,1,1,0,1,0,"0000000",99,99,99,99,99,99,0,0,0,2,0
6,60595,1,1,0,1,1,1,1,97,3490,21,3,2016,2,20,41,0,2,4,4,6,"LEWIS RD","MEDOCINO AVE",0,38.461,-122.71724167,0,8,0,0,2,2,0,1,3,10,0,10,0,"0000000",99,99,99,99,88,88,0,0,0,1,0
6,60596,1,1,0,0,0,2,2,37,1980,8,5,2016,1,5,40,0,2,5,4,6,"FAIR AVE","LEADWELL ST",0,34.20389722,-118.37469444,0,33,0,0,3,3,0,4,3,10,0,10,0,"0000000",99,99,99,99,99,99,0,0,0,1,1
6,60597,1,1,0,1,1,1,1,59,3420,6,1,2016,4,17,9,0,2,4,4,6,"MCFADDEN AVE","",0,33.738275,-117.92410833,0,8,0,0,1,1,0,1,5,10,0,10,0,"0000000",99,99,99,99,99,99,0,0,0,1,0
6,60598,1,1,0,1,1,1,1,107,3920,1,5,2016,1,0,35,0,2,4,4,6,"E LEVIN AVE","",0,36.18943056,-119.32320833,0,9,0,0,1,1,0,1,3,1,0,1,0,"0000000",99,99,99,99,99,99,0,0,0,1,0
6,60599,1,1,0,0,0,1,1,29,0,8,5,2016,1,7,50,0,1,2,1,3,"SR-43","",196,35.53128056,-119.30911944,0,42,0,0,1,1,0,4,1,1,0,1,0,"0000000",99,99,99,99,88,88,0,0,0,1,0
6,60600,1,1,0,1,1,1,1,37,1980,4,5,2016,4,1,30,0,2,4,4,6,"HUMBOLDT ST","AVENUE 26",0,34.07981944,-118.21848889,0,9,0,0,2,3,0,1,3,1,0,1,0,"0000000",99,99,99,99,88,88,0,0,0,1,0
6,60601,1,1,0,1,1,1,1,37,1045,4,5,2016,4,20,11,0,2,4,4,6,"GALLATIN RD","STOAKES AVE",0,33.95774722,-118.11826389,0,8,0,0,3,2,0,1,3,1,0,1,0,"0000000",99,99,99,99,99,99,0,0,0,1,0
6,60602,1,1,0,1,1,1,1,37,2870,6,5,2016,6,10,9,0,2,4,4,6,"RESERVOIR ST","",0,34.04487778,-117.7322,0,8,0,0,1,1,0,1,1,10,0,10,0,"0000000",99,99,99,99,88,88,0,0,0,1,0
6,60603,1,1,0,0,0,1,1,73,0,6,5,2016,6,6,0,1,1,1,1,1,"I-8","",569,32.72708333,-116.42928333,0,24,0,0,1,1,0,4,4,2,10,2,0,"0000000",99,99,99,99,88,88,0,0,0,1,0
6,60604,1,1,0,1,1,1,1,73,3260,8,5,2016,1,21,14,0,2,3,4,6,"MISSION BAY RD","",0,32.79845278,-117.21118889,0,8,0,0,1,1,0,1,3,1,0,1,0,"0000000",99,99,99,99,99,99,23,0,0,1,0
6,60605,1,1,0,0,0,2,2,103,0,8,5,2016,1,2,5,0,1,3,2,4,"CR-BOWMAN RD","",0,40.33865278,-122.35963056,0,42,0,0,1,1,0,4,2,10,0,10,0,"0000000",99,99,99,99,99,99,0,0,0,1,1
6,60606,1,1,0,0,0,1,1,7,0,5,5,2016,5,16,10,0,1,5,2,4,"CR-LOWER WYANDOTTE RD","",0,39.45788056,-121.48942778,0,42,0,0,1,1,0,4,1,10,0,10,0,"0000000",99,99,99,99,88,88,0,0,0,1,0
6,60607,1,1,0,0,0,4,4,65,290,2,5,2016,2,2,15,1,2,1,1,1,"I-10 RAMP","",64,33.93388611,-116.99202222,0,59,0,0,5,1,0,4,3,1,0,1,0,"0000000",99,99,99,99,99,99,0,0,0,1,1
6,60608,1,1,0,0,0,1,1,13,0,2,5,2016,2,2,33,1,2,1,1,1,"I-680","",231,38.01524444,-122.09259167,0,25,0,0,1,1,0,4,2,1,0,1,0,"0000000",99,99,99,99,99,99,0,0,0,1,0
6,60609,1,1,0,0,0,1,1,111,3641,26,4,2016,3,4,32,0,2,4,4,6,"ALAMO ST","SYCAMORE DR",0,34.28633056,-118.74386389,0,33,0,0,3,2,0,4,3,1,0,1,0,"0000000",99,99,99,99,88,88,0,0,0,1,1
6,60610,1,1,0,1,1,1,1,71,260,29,4,2016,6,20,31,1,2,1,1,1,"I-15","",749,34.89131389,-117.0014,0,8,0,0,1,1,0,1,2,1,0,1,0,"0000000",99,99,99,99,88,88,0,0,0,1,0
6,60611,2,2,0,0,0,2,2,37,2054,1,5,2016,1,2,20,0,2,2,1,3,"SR-1","",419,34.0395,-118.59787222,0,12,2,0,1,1,0,1,3,1,0,1,0,"0000000",99,99,99,99,88,88,0,0,0,1,2
6,60612,2,2,0,0,0,2,2,101,0,1,5,2016,1,19,49,0,1,7,2,4,"CR-PASS ROAD","",0,39.18528611,-121.769375,0,1,0,0,8,1,0,1,1,1,0,1,0,"0000000",99,99,99,99,88,88,0,0,0,1,1
6,60613,1,1,0,1,1,1,1,45,0,2,3,2016,4,21,18,0,1,3,1,3,"SR-222","",10,39.13493611,-123.18763611,0,8,0,0,1,1,0,1,2,2,0,2,0,"0000000",99,99,99,99,88,88,0,0,0,1,0
6,60614,2,2,0,0,0,6,6,97,3490,10,1,2016,1,10,17,0,2,4,4,6,"MONTECITO BLVD","BENICIA DRIVE",0,38.47331389,-122.67561944,0,12,6,0,2,3,0,1,1,1,0,1,0,"0000000",99,99,99,99,99,99,0,0,0,1,0
6,60615,1,1,0,1,1,2,2,73,3260,30,4,2016,7,20,53,0,2,4,4,6,"LINDA VISTA RD","",0,32.76972778,-117.18955556,0,8,0,0,1,1,0,1,3,1,0,1,0,"0000000",99,99,99,99,99,99,0,0,0,1,0
6,60616,2,2,0,0,0,4,4,37,4120,20,2,2016,7,20,33,0,2,5,4,6,"VINE AVE","",0,34.05748889,-117.91110833,0,12,6,0,1,1,0,1,3,1,0,1,0,"0000000",99,99,99,99,88,88,0,0,0,1,0
6,60617,2,2,0,0,0,4,4,29,240,26,3,2016,7,0,5,0,2,3,4,6,"PANAMA LANE","COLONY STREET",0,35.29583333,-119.0272,0,12,6,0,2,2,0,1,3,1,0,1,0,"0000000",99,99,99,99,99,99,0,0,0,1,1
6,60618,3,3,0,0,0,3,3,73,3260,23,4,2016,7,12,58,0,2,5,4,6,"SANTA FE ST","",0,32.824525,-117.23092222,0,12,6,0,8,1,0,1,1,10,0,10,0,"0000000",99,99,99,99,99,99,0,0,0,1,0
6,60619,2,2,0,0,0,2,2,77,0,2,5,2016,2,18,27,0,1,5,2,4,"CR-ALPINE RD","",0,38.01716389,-121.20766944,0,12,2,0,1,1,0,1,1,1,0,1,0,"0000000",99,99,99,99,99,99,0,0,0,1,1
6,60620,1,1,0,0,0,1,1,11,0,10,5,2016,3,10,45,0,1,7,2,4,"CR-DANLEY LATERAL ROAD","PRIVATE ROAD",0,39.22609722,-122.25257778,0,1,0,0,3,3,0,5,1,1,0,1,0,"0000000",99,99,99,99,88,88,0,0,0,1,0
6,60621,2,1,1,0,0,1,1,99,0,21,4,2016,5,10,45,0,1,5,2,4,"CR-TOOMES RD","",0,37.69485556,-121.09561389,0,14,0,0,1,1,0,6,1,10,0,10,0,"0000000",99,99,99,99,99,99,0,0,0,1,0
6,60622,2,2,0,0,0,4,4,73,0,10,5,2016,3,12,35,0,1,2,1,3,"SR-79","",458,33.37744444,-116.74560833,0,12,2,0,1,1,0,1,1,1,0,1,0,"0000000",99,99,99,99,88,88,0,0,0,1,0
6,60623,1,1,0,0,0,1,1,85,2182,20,4,2016,4,19,39,0,2,7,4,6,"WINSOR ST","",0,37.43208889,-121.90637222,0,19,0,0,1,1,0,4,1,1,0,1,0,"0000000",99,99,99,99,99,99,0,0,0,1,1
6,60624,1,1,0,1,1,0,0,85,3790,21,4,2016,5,18,53,0,2,7,4,6,"SHASTA FIR DRIVE","",0,37.364975,-122.00766111,0,8,0,0,1,1,0,1,1,1,0,1,0,"0000000",99,99,99,99,99,99,0,0,0,1,0
6,60625,2,2,0,0,0,2,2,37,0,12,5,2016,5,14,50,0,2,5,4,6,"C- GAGE ST","HOOPER AVE",0,33.98210278,-118.252075,0,12,6,0,2,2,0,1,1,1,0,1,0,"0000000",99,99,99,99,88,88,0,0,0,1,0
6,60626,1,1,0,0,0,1,1,31,0,12,5,2016,5,13,0,0,1,5,2,4,"CR-LAUREL AVE","",0,36.18939444,-119.87121389,0,1,0,0,1,1,0,4,1,1,0,1,0,"0000000",99,99,99,99,88,88,0,0,0,1,0
6,60627,2,2,0,0,0,2,2,107,2880,13,5,2016,6,1,42,0,2,4,4,6,"MAIN ST","",0,36.06988056,-119.01621944,0,12,1,0,1,1,0,1,3,1,0,1,0,"0000000",99,99,99,99,99,99,0,0,0,1,0
6,60628,1,1,0,0,0,6,6,37,4190,26,4,2016,3,11,23,0,2,4,4,6,"VILLAVERDE DR","",0,33.95873056,-117.99901111,0,33,0,0,1,1,0,4,1,1,0,1,0,"0000000",99,99,99,99,99,99,0,0,0,1,1
6,60629,3,3,0,0,0,6,6,1,0,26,2,2016,6,20,46,0,1,3,2,4,"CR-CROW CYN RD","NORRIS CYN RD",0,37.73346389,-122.03244444,0,12,7,0,3,3,0,1,2,1,0,1,0,"0000000",99,99,99,99,99,99,0,0,0,2,1
6,60630,2,2,0,0,0,2,2,77,0,13,5,2016,6,3,55,0,1,4,2,4,"CR-BYRON RD","",0,37.77561111,-121.5196,0,11,0,0,1,1,0,1,2,1,0,1,0,"0000000",99,99,99,99,99,99,0,0,0,1,0
6,60631,2,2,0,0,0,4,4,71,0,3,4,2016,1,11,45,0,1,7,2,4,"CR-ORD MOUNTAIN RD","",0,34.73393056,-116.70006944,0,35,0,0,1,1,0,4,1,1,0,1,0,"0000000",99,99,99,99,99,99,0,0,0,1,1
6,60632,1,1,0,1,1,1,1,37,1980,18,4,2016,2,9,0,0,2,7,4,6,"CERES AVE","",0,34.03731389,-118.24191111,0,8,0,0,1,1,0,1,1,98,0,98,0,"0000000",99,99,99,99,99,99,0,0,0,1,0
6,60633,1,1,0,1,1,2,2,37,1980,23,5,2016,2,22,0,0,2,4,4,6,"VAN OWEN ST","",0,34.19377222,-118.58720556,0,8,0,0,1,1,0,1,3,1,0,1,0,"0000000",99,99,99,99,88,88,0,0,0,1,0
6,60634,1,1,0,0,0,1,1,45,0,13,5,2016,6,14,10,1,1,2,1,2,"US-101","",568,39.53248056,-123.40450278,0,42,0,0,1,1,0,4,1,1,0,1,0,"0000000",99,99,99,99,88,88,0,0,0,1,0
6,60635,1,1,0,0,0,3,3,31,0,13,5,2016,6,22,5,0,1,7,2,4,"CR-FRONT","",0,36.31509167,-119.71214167,0,30,0,0,1,1,0,4,2,1,0,1,0,"0000000",99,99,99,99,99,99,0,0,0,1,0
6,60636,2,2,0,0,0,5,5,39,0,20,5,2016,6,21,50,1,1,2,1,3,"SR-41","",182,37.12824722,-119.73568333,0,12,1,0,1,1,0,1,2,1,0,1,0,"0000000",99,99,99,99,99,99,0,0,0,1,1
6,60637,3,3,0,0,0,5,5,73,3260,17,5,2016,3,14,21,0,2,4,4,6,"POWAY RD","",0,32.94643889,-117.10104444,0,12,8,0,1,1,0,1,1,10,0,10,0,"0000000",99,99,99,99,99,99,14,0,0,1,0
6,60638,2,2,0,0,0,8,8,19,0,30,4,2016,7,17,50,0,1,6,2,4,"CR-HENDERSON RD","CR-LINCOLN AVE",0,36.64790833,-119.95703889,0,12,6,0,2,2,0,1,1,1,0,1,0,"0000000",99,99,99,99,99,99,0,0,0,2,0
6,60639,2,2,0,0,0,2,2,31,0,26,5,2016,5,18,37,0,1,4,2,4,"CR-EXCELSIOR AVE","13 1/4 AVE",0,36.40121667,-119.695425,0,12,6,0,2,3,0,1,1,1,0,1,0,"0000000",99,99,99,99,88,88,0,0,0,1,0
6,60640,2,2,0,0,0,5,5,79,0,25,5,2016,4,14,20,0,1,2,1,3,"SR-1","",672,35.71390556,-121.30493889,0,12,2,0,1,1,0,1,1,1,0,1,0,"0000000",99,99,99,99,99,99,0,0,0,1,0
6,60641,1,1,0,1,1,1,1,111,0,26,1,2016,3,13,26,0,1,4,2,4,"CR-EL ROBLAR DR","",0,34.26533611,-119.16295833,0,9,0,0,1,1,0,1,1,1,0,1,0,"0000000",99,99,99,99,99,99,0,0,0,1,0
6,60642,2,1,1,0,0,3,3,37,1980,24,5,2016,3,1,50,0,2,3,4,6,"WILSHIRE BL","",0,34.06751111,-118.4274,0,14,0,0,1,1,0,5,3,1,0,1,0,"0000000",99,99,99,99,99,99,0,0,0,1,1
6,60643,2,2,0,0,0,2,2,1,1560,4,2,2016,5,6,0,1,2,1,1,1,"I-880","",167,37.64366111,-122.09316111,0,12,1,0,1,1,0,1,2,1,0,1,0,"0000000",99,99,99,99,88,88,14,0,0,1,0
6,60644,1,1,0,0,0,1,1,85,3340,1,3,2016,3,9,45,0,2,3,4,6,"N CAPITOL AVE","MCKEE RD",0,37.37019444,-121.84310556,0,30,0,0,3,2,0,4,1,1,0,1,0,"0000000",99,99,99,99,99,99,0,0,0,1,0
6,60645,2,2,0,0,0,2,2,81,2140,6,4,2016,4,13,0,1,2,2,1,2,"US-101","",54,37.48773611,-122.207,0,12,1,0,1,1,0,1,1,1,0,1,0,"0000000",99,99,99,99,99,99,0,0,0,1,0
6,60646,1,1,0,1,1,2,2,67,0,12,4,2016,3,21,38,0,1,3,2,4,"CR-ELKHORN BLVD","",0,38.68399167,-121.46100833,0,8,0,0,1,1,0,1,2,1,0,1,0,"0000000",99,99,99,99,99,99,0,0,0,1,0
6,60647,1,1,0,0,0,4,4,65,850,22,4,2016,6,21,22,1,2,1,1,1,"I-15","",408,33.86967778,-117.54410833,0,25,0,0,1,1,1,5,3,1,0,1,0,"0000000",99,99,99,99,99,99,0,0,0,2,1
6,60648,2,2,0,0,0,2,2,13,3010,5,2,2016,6,8,12,0,2,3,4,6,"CUTTING BLVD","S 13TH ST",0,37.92517778,-122.35691944,0,12,6,0,2,2,0,1,1,10,0,10,0,"0000000",99,99,99,99,88,88,0,0,0,1,0
6,60649,3,3,0,0,0,6,6,37,1440,24,2,2016,4,9,35,1,2,1,1,1,"I-210","",447,34.12031944,-117.82036389,0,12,1,0,1,1,0,1,1,1,0,1,0,"0000000",99,99,99,99,99,99,28,0,0,2,0
6,60650,1,1,0,0,0,4,4,111,0,22,1,2016,6,1,10,0,1,2,1,3,"SR-33","",160,34.490475,-119.30549722,0,35,0,0,1,1,0,4,2,1,0,1,0,"0000000",99,99,99,99,99,99,0,0,0,1,1
6,60651,2,2,0,0,0,2,2,37,1980,23,5,2016,2,6,9,0,2,3,4,6,"TELEGRAPH RD","LEFFINGWELL RD",0,33.92416389,-118.02315833,0,12,6,0,2,2,0,1,1,10,0,10,0,"0000000",99,99,99,99,88,88,0,0,0,1,1
6,60652,1,1,0,0,0,1,1,65,0,8,4,2016,6,17,42,0,1,2,1,3,"SR-74","",856,33.62490278,-116.40426667,0,1,0,0,1,1,0,5,1,10,0,10,0,"0000000",99,99,99,99,88,88,0,0,0,1,0
6,60653,1,1,0,0,0,1,1,17,0,14,5,2016,7,17,47,1,1,2,1,2,"US-50","",501,38.8025,-120.12185,0,5,0,0,1,1,0,1,1,10,0,10,0,"0000000",99,99,99,99,88,88,0,0,0,1,0
6,60654,1,1,0,0,0,1,1,37,1980,15,5,2016,1,99,99,0,2,5,4,6,"BUSINESS CENTER PARKWAY","AVENUE K-15",0,34.66326111,-118.12480556,0,33,0,0,1,1,0,4,3,1,0,1,0,"0000000",99,99,99,99,88,88,0,0,0,1,0
6,60655,1,1,0,0,0,3,3,27,0,21,5,2016,7,15,35,1,1,2,1,2,"US-395","",215,36.09663611,-117.96510556,0,1,0,0,1,1,0,3,1,1,0,1,0,"0000000",99,99,99,99,99,99,0,0,0,1,1
6,60656,1,1,0,0,0,2,2,55,0,16,4,2016,7,1,10,0,1,7,2,4,"CR-WASHINGTON ST","",0,38.4118,-122.38034167,0,42,0,0,1,1,0,4,2,1,0,1,0,"0000000",99,99,99,99,88,88,0,0,0,1,1
6,60657,1,1,0,0,0,1,1,7,0,20,5,2016,6,21,50,0,1,7,2,4,"CR-MERIDIAN RD","",0,39.82325278,-121.919525,0,35,0,0,1,1,0,4,2,2,10,2,0,"0000000",99,99,99,99,88,88,0,0,0,1,1
6,60658,1,1,0,0,0,1,1,29,0,9,5,2016,2,21,40,0,1,2,1,3,"SR-155","BROWNING ROAD",15,35.76141944,-119.22313333,0,30,0,0,3,2,0,4,3,1,0,1,0,"0000000",99,99,99,99,99,99,0,0,0,1,1
6,60659,1,1,0,0,0,3,3,31,0,30,5,2016,2,18,13,0,1,7,2,4,"CR-7TH AVE","",0,36.29994167,-119.58293889,0,42,0,0,1,1,0,4,1,1,0,1,0,"0000000",99,99,99,99,99,99,0,0,0,1,0
6,60660,5,1,4,1,1,2,2,37,1980,19,5,2016,5,5,40,0,2,3,4,6,"WOODMAN AVE","",0,34.21639167,-118.43088889,0,9,0,0,1,1,0,1,4,10,0,10,0,"0000000",99,99,99,99,88,88,14,0,0,1,0
6,60661,1,1,0,0,0,1,1,31,0,31,5,2016,3,12,50,0,1,4,2,4,"CR-EXCELSIOR AVE","",0,36.401125,-119.6485,0,30,0,0,1,1,0,4,1,1,0,1,0,"0000000",99,99,99,99,88,88,0,0,0,1,0
6,60662,1,1,0,0,0,1,1,47,0,28,3,2016,2,16,34,0,1,2,1,3,"SR-59","FREITAS AVE",66,37.17924722,-120.49187222,0,38,0,0,3,3,0,4,1,10,0,10,0,"0000000",99,99,99,99,88,88,0,0,0,1,0
6,60663,2,2,0,0,0,6,6,73,0,21,2,2016,1,21,30,1,1,1,1,1,"I-15","",396,33.23514167,-117.14802778,0,12,1,0,1,1,0,1,2,1,0,1,0,"0000000",99,99,99,99,99,99,0,0,0,1,1
6,60664,1,1,0,0,0,1,1,59,1713,20,2,2016,7,3,57,0,2,2,1,3,"SR-73","",224,33.6309,-117.84228056,0,18,0,0,1,1,0,4,3,1,0,1,0,"0000000",99,99,99,99,99,99,0,0,0,1,0
6,60665,2,2,0,0,0,3,3,115,0,13,5,2016,6,19,28,0,1,5,2,4,"CR-LA PORTE RD","",0,39.54691944,-121.14308889,0,12,2,0,1,1,0,1,1,1,0,1,0,"0000000",99,99,99,99,88,88,0,0,0,1,0
6,60666,1,1,0,0,0,2,2,65,0,28,5,2016,7,1,6,0,1,7,2,4,"CR-68TH AVE","",0,33.554725,-116.16485556,0,52,0,0,1,1,0,4,2,1,0,1,0,"0000000",99,99,99,99,99,99,0,0,0,1,1
6,60667,2,2,0,0,0,4,4,47,0,13,2,2016,7,7,35,0,1,2,1,3,"SR-59","",86,37.20776667,-120.48809722,0,12,6,0,4,1,0,1,1,5,0,5,0,"0000000",99,99,99,99,99,99,0,0,0,2,0
6,60668,1,1,0,1,1,1,1,1,2480,22,3,2016,3,5,8,1,2,1,1,1,"I-880","",329,37.80196111,-122.29788056,0,8,0,0,1,1,0,1,2,10,0,10,0,"0000000",99,99,99,99,88,88,0,0,0,1,0
6,60669,1,1,0,0,0,3,3,15,0,13,3,2016,1,10,10,1,1,3,1,2,"US-101","",4,41.47059444,-124.04169444,0,42,0,0,1,1,0,4,1,10,2,2,0,"0000000",99,99,99,99,99,99,0,0,0,1,0
6,60670,1,1,0,0,0,1,1,15,0,15,5,2016,1,0,25,1,1,3,1,2,"US-199","",284,41.90228056,-123.76868333,0,35,0,0,1,1,0,4,2,1,0,1,0,"0000000",99,99,99,99,88,88,0,0,0,1,0
6,60671,1,1,0,1,1,1,1,23,0,16,4,2016,7,22,56,1,1,3,1,2,"US-101","",745,40.75353611,-124.1918,0,8,0,0,1,1,0,1,2,1,0,1,0,"0000000",99,99,99,99,88,88,0,0,0,1,0
6,60672,2,2,0,0,0,2,2,23,0,13,5,2016,6,15,24,1,1,3,1,2,"US-101","",424,40.42053333,-123.98158056,0,12,2,0,1,1,0,1,1,1,0,1,0,"0000000",99,99,99,99,99,99,0,0,0,1,0
6,60673,2,2,0,0,0,2,2,103,0,21,6,2016,3,4,50,0,1,3,2,4,"CR-ROAD 99W","TYLER RD",0,40.13363889,-122.2065,0,12,2,0,3,3,0,1,2,1,0,1,0,"0000000",99,99,99,99,99,99,0,0,0,1,0
6,60674,2,2,0,0,0,2,2,89,0,5,5,2016,5,20,35,1,1,1,1,1,"I-5","",288,40.76752222,-122.31810278,0,12,2,0,1,1,0,1,2,2,0,2,0,"0000000",99,99,99,99,88,88,0,0,0,1,0
6,60675,1,1,0,0,0,2,2,89,90,16,5,2016,2,13,5,1,2,1,1,1,"I-5 RAMP","",69,40.469225,-122.30911111,0,1,0,1,5,1,0,8,1,1,0,1,0,"0000000",99,99,99,99,99,99,0,0,0,2,1
6,60676,1,1,0,0,0,1,1,103,0,16,6,2016,5,13,0,0,1,4,1,3,"SR-36","",1027,40.25977778,-121.39424167,0,42,0,0,1,1,0,4,1,10,0,10,0,"0000000",99,99,99,99,88,88,0,0,0,1,0
6,60678,2,2,0,0,0,3,3,45,0,26,2,2016,6,19,45,0,2,5,2,4,"CR-VICHY SPRINGS ROAD","",0,39.15930556,-123.18569722,0,41,0,0,1,1,0,4,2,10,0,10,0,"0000000",99,99,99,99,99,99,0,0,0,1,1
6,60679,2,2,0,0,0,2,2,45,0,21,5,2016,7,16,45,0,1,2,1,3,"SR-20","",82,39.37720278,-123.68775,0,12,6,0,1,1,0,1,1,1,0,1,0,"0000000",99,99,99,99,88,88,0,0,0,1,1
6,60680,1,1,0,0,0,1,1,63,0,7,5,2016,7,20,17,0,1,2,1,3,"SR-70","",472,39.932875,-120.87635278,0,31,0,0,1,1,0,4,5,10,0,10,0,"0000000",99,99,99,99,88,88,0,0,0,1,1
6,60681,1,1,0,2,2,1,1,61,0,3,4,2016,1,17,15,0,1,2,1,3,"SR-49","",70,38.95100556,-121.10016111,0,8,0,0,1,1,0,2,1,1,0,1,0,"0000000",99,99,99,99,99,99,19,0,0,2,1
6,60682,2,2,0,0,0,2,2,61,0,4,4,2016,2,12,23,1,1,1,1,1,"I-80","",473,39.21885,-120.77331944,0,12,1,0,1,1,0,1,1,1,0,1,0,"0000000",99,99,99,99,99,99,0,0,0,1,0
6,60683,1,1,0,0,0,1,1,61,0,9,5,2016,2,15,30,1,1,1,1,1,"I-80","",519,39.26916111,-120.71976944,0,59,0,0,1,1,0,4,1,10,0,10,0,"0000000",99,99,99,99,88,88,0,0,0,1,0
6,60685,1,1,0,0,0,4,4,65,0,3,6,2016,6,20,30,0,1,2,1,3,"SR-74","",856,33.62490278,-116.40426667,0,1,0,0,1,1,0,4,1,10,0,10,0,"0000000",99,99,99,99,99,99,0,0,0,2,0
6,60687,1,1,0,0,0,1,1,61,0,18,3,2016,6,0,20,0,1,3,1,3,"SR-174","",13,39.11585278,-120.94945,0,35,0,0,1,1,0,4,2,1,0,1,0,"0000000",99,99,99,99,88,88,0,0,0,1,0
6,60688,1,1,0,0,0,1,1,57,0,18,4,2016,2,2,8,0,1,2,1,3,"SR-20","",41,39.20098889,-121.21434167,0,31,0,0,1,1,0,4,2,1,0,1,0,"0000000",99,99,99,99,88,88,0,0,0,1,0
6,60689,3,3,0,0,0,5,5,57,0,17,6,2016,6,9,30,1,1,2,1,3,"SR-20","",233,39.28675,-120.94483056,0,12,1,0,1,1,0,1,1,10,0,10,0,"0000000",99,99,99,99,88,88,0,0,0,1,0
6,60690,1,1,0,0,0,1,1,7,660,19,6,2016,1,15,38,1,2,3,1,3,"SR-99","",331,39.742775,-121.82793333,0,1,0,0,1,1,0,3,1,1,0,1,0,"0000000",99,99,99,99,99,99,0,0,0,1,0
6,60691,1,1,0,0,0,1,1,17,0,25,5,2016,4,10,25,0,1,4,2,4,"CR-SLY PARK RD","",0,38.71980556,-120.577125,0,38,0,0,1,1,0,4,1,1,0,1,0,"0000000",99,99,99,99,99,99,0,0,0,1,0
6,60692,1,1,0,1,1,1,1,67,0,3,1,2016,1,22,2,0,1,3,2,4,"CR-AUBURN BLVD","",0,38.66130278,-121.346325,0,8,0,0,1,1,0,1,3,1,0,1,0,"0000000",99,99,99,99,99,99,0,0,0,1,0
6,60693,1,1,0,1,1,1,1,67,0,11,3,2016,6,3,29,0,2,4,2,4,"CR-ROSEVILLE RD","",0,38.6856,-121.35403889,0,8,0,0,1,1,0,1,3,10,0,10,0,"0000000",99,99,99,99,99,99,0,0,0,1,0
6,60694,2,2,0,0,0,2,2,67,0,13,3,2016,1,6,0,1,1,1,1,1,"I-80","",43,38.63894167,-121.49022778,0,12,6,0,1,1,1,1,3,10,2,2,0,"0000000",99,99,99,99,88,88,0,0,0,1,0
6,60695,1,1,0,1,1,1,1,67,9999,16,4,2016,7,1,0,0,1,3,2,4,"CR-WATT AVE","",0,38.623175,-121.38288056,0,8,0,0,1,1,0,2,3,1,0,1,0,"0000000",99,99,99,99,88,88,0,0,0,1,1
6,60696,1,1,0,0,0,1,1,67,0,10,5,2016,3,1,0,1,1,1,1,1,"I-80 RAMP","",145,38.68355833,-121.33717778,0,33,0,0,5,1,0,8,3,1,0,1,0,"0000000",99,99,99,99,99,99,0,0,0,1,0