"STATE","ST_CASE","VE_TOTAL","VE_FORMS","PVH_INVL","PEDS","PERNOTMVIT","PERMVIT","PERSONS","COUNTY","CITY","DAY","MONTH","YEAR","DAY_WEEK","HOUR","MINUTE","NHS","RUR_URB","FUNC_SYS","RD_OWNER","ROUTE","TWAY_ID","TWAY_ID2","MILEPT","LATITUDE","LONGITUD","SP_JUR","HARM_EV","MAN_COLL","RELJCT1","RELJCT2","TYP_INT","WRK_ZONE","REL_ROAD","LGT_COND","WEATHER1","WEATHER2","WEATHER","SCH_BUS","RAIL","NOT_HOUR","NOT_MIN","ARR_HOUR","ARR_MIN","HOSP_HR","HOSP_MN","CF1","CF2","CF3","FATALS","DRUNK_DR"
6,60697,1,1,0,1,1,2,2,67,0,8,4,2016,6,6,17,0,1,3,2,4,"CR-POWER INN ROAD","CR BLACKHAWK DR",0,38.49286667,-121.40893056,0,9,0,0,2,3,0,1,3,1,0,1,0,"0000000",99,99,99,99,99,99,0,0,0,1,0
6,60698,1,1,0,1,1,1,1,67,0,20,4,2016,4,20,56,0,1,3,2,4,"CR-EXCELSIOR ROAD","",0,38.47998889,-121.29764444,0,8,0,0,1,1,0,1,2,1,0,1,0,"0000000",99,99,99,99,88,88,0,0,0,1,0
6,60699,1,1,0,1,1,2,2,67,0,4,5,2016,4,1,19,1,1,1,1,1,"I-5","",72,38.36537778,-121.47453056,0,8,0,0,1,1,0,1,2,1,0,1,0,"0000000",99,99,99,99,88,88,19,0,0,1,0
6,60700,2,1,1,0,0,1,1,9,0,27,6,2016,2,17,30,0,1,5,2,4,"CR-JESUS MARIA RD","",0,38.28182778,-120.54267222,0,14,0,0,1,1,0,5,1,1,0,1,0,"0000000",99,99,99,99,88,88,0,0,0,1,1
6,60701,2,2,0,0,0,4,4,67,0,16,4,2016,7,23,35,0,1,3,2,4,"CR-FAIR OAKS BLVD","SUNRISE BLVD",0,38.64008889,-121.27171667,0,12,6,0,2,2,0,1,3,1,0,1,0,"0000000",99,99,99,99,99,99,0,0,0,1,1
6,60703,1,1,0,1,1,1,1,77,0,27,4,2016,4,13,17,1,1,3,1,3,"SR-88","",134,38.15080556,-121.15716667,0,9,0,0,1,1,0,1,1,1,0,1,0,"0000000",99,99,99,99,99,99,0,0,0,1,0
6,60704,2,2,0,0,0,2,2,77,0,9,5,2016,2,16,0,0,1,5,2,4,"CR-FAIRCHILD RD","CR-BEECHER RD",0,38.01454444,-121.16818333,0,12,6,0,2,2,0,1,1,1,0,1,0,"0000000",99,99,99,99,88,88,0,0,0,1,0
6,60705,1,1,0,1,1,1,1,77,0,28,5,2016,7,5,58,0,1,3,2,7,"SR-99 W FRONTAGE RD","",0,37.92843889,-121.23260556,0,9,0,0,1,1,0,1,1,1,0,1,0,"0000000",99,99,99,99,99,99,0,0,0,1,0
6,60706,2,2,0,0,0,2,2,77,0,26,5,2016,5,17,45,0,1,3,2,4,"CR-GRANT LINE ROAD","G ST",0,37.75452778,-121.371,0,12,6,0,2,3,0,1,1,1,0,1,0,"0000000",99,99,99,99,99,99,0,0,0,1,0
6,60707,1,1,0,0,0,3,3,113,0,26,3,2016,7,18,52,0,1,4,2,4,"CR-SOUTH RIVER RD","",0,38.38746111,-121.51636944,0,59,0,0,1,1,0,4,1,1,0,1,0,"0000000",99,99,99,99,99,99,0,0,0,1,1
6,60708,1,1,0,1,1,2,2,113,0,2,4,2016,7,22,54,0,1,2,1,3,"SR-16","",334,38.67693056,-121.93287222,0,8,0,0,1,1,0,1,2,1,0,1,0,"0000000",99,99,99,99,88,88,0,0,0,1,0
6,60709,2,2,0,0,0,3,3,113,0,3,4,2016,1,15,5,0,1,2,1,3,"SR-16","",34,38.5446,-121.1724,0,1,0,0,1,1,0,1,1,1,0,1,0,"0000000",99,99,99,99,88,88,0,0,0,1,0
6,60710,2,2,0,0,0,2,2,113,0,5,4,2016,3,7,30,0,1,4,2,4,"CR-SOUTH RIVER ROAD","",0,38.46988056,-121.50661111,0,12,2,0,1,1,0,1,1,1,0,1,0,"0000000",99,99,99,99,99,99,0,0,0,1,1
6,60711,1,1,0,0,0,3,3,113,4163,15,4,2016,6,2,0,1,2,2,1,2,"US-50","",16,38.57513889,-121.54175833,0,33,0,0,1,1,0,4,2,1,0,1,0,"0000000",99,99,99,99,99,99,0,0,0,1,1
6,60712,1,1,0,0,0,3,3,5,0,16,4,2016,7,23,10,1,1,2,1,3,"SR-88","",631,38.63876944,-120.13816111,0,1,0,0,1,1,0,1,2,1,0,1,0,"0000000",99,99,99,99,99,99,0,0,0,1,1
6,60713,5,5,0,0,0,5,5,13,0,21,4,2016,5,3,20,1,1,1,1,1,"I-80","",126,38.04329167,-122.24071667,0,12,1,0,1,1,1,1,3,10,0,10,0,"0000000",99,99,99,99,88,88,0,0,0,1,0
6,60714,1,1,0,0,0,1,1,13,110,12,6,2016,1,1,3,1,2,2,1,3,"SR-4","",274,37.99803056,-121.81462222,0,24,0,0,1,1,0,4,2,1,0,1,0,"0000000",99,99,99,99,88,88,0,0,0,1,1
6,60715,1,1,0,0,0,7,7,55,0,28,3,2016,2,13,50,0,1,5,2,4,"CR-DEER PARK RD","",0,38.53810278,-122.46903889,0,17,0,0,1,1,0,4,1,1,0,1,0,"0000000",99,99,99,99,99,99,0,0,0,1,0
6,60716,1,1,0,0,0,1,1,81,0,9,2,2016,3,99,99,0,1,3,1,3,"SR-35","",91,37.371925,-122.25283333,0,43,0,0,1,1,0,4,2,1,0,1,0,"0000000",99,99,99,99,88,88,0,0,0,1,1
6,60717,1,1,0,1,1,1,1,81,0,8,4,2016,6,7,10,0,1,5,2,4,"CR-MIDDLEFIELD RD","DUMBARTON AVE",0,37.4751,-122.20906944,0,9,0,0,3,2,0,1,1,10,0,10,0,"0000000",99,99,99,99,99,99,0,0,0,1,0
6,60718,2,2,0,0,0,2,2,81,0,26,3,2016,7,15,26,0,1,2,1,3,"SR-1","",59,37.1679,-122.36156111,0,12,6,0,8,1,0,1,1,1,0,1,0,"0000000",99,99,99,99,99,99,0,0,0,1,0
6,60719,1,1,0,0,0,1,1,81,0,7,5,2016,7,11,55,0,1,3,1,3,"SR-35","",29,37.31376667,-122.18095,0,35,0,0,1,1,0,4,1,10,2,2,0,"0000000",99,99,99,99,88,88,0,0,0,1,0
6,60720,1,1,0,0,0,1,1,81,0,19,5,2016,5,3,40,0,1,2,1,3,"SR-35","",28,37.31391944,-122.18118056,0,42,0,0,1,1,0,4,2,10,0,10,0,"0000000",99,99,99,99,88,88,0,0,0,1,1
6,60721,1,1,0,0,0,1,1,81,0,27,5,2016,6,19,50,1,1,1,1,1,"I-280 RAMP","",12,37.41926389,-122.21798889,0,24,0,0,5,1,0,4,5,1,0,1,0,"0000000",99,99,99,99,99,99,0,0,0,1,0
6,60723,1,1,0,1,1,1,1,85,3340,21,2,2016,1,4,13,1,2,2,1,3,"SR-87","",51,37.32400833,-121.89212222,0,8,0,0,1,1,0,1,2,10,0,10,0,"0000000",99,99,99,99,88,88,0,0,0,1,0
6,60724,2,2,0,0,0,2,2,85,537,4,3,2016,6,17,48,0,2,2,1,3,"SR-17","",121,37.29131667,-121.93697778,0,12,1,0,1,1,0,1,1,10,0,10,0,"0000000",99,99,99,99,99,99,0,0,0,1,0
6,60725,1,1,0,0,0,1,1,85,0,16,3,2016,4,0,30,0,2,2,1,3,"SR-9","",97,37.24184167,-122.00345833,0,42,0,0,1,1,0,3,3,1,0,1,0,"0000000",99,99,99,99,88,88,0,0,0,1,1
6,60726,1,1,0,0,0,1,1,85,537,19,3,2016,7,14,5,0,2,2,4,6,"SAN TOMAS EXPY RAMP","",0,37.27343056,-121.95256944,0,25,0,1,5,1,0,4,1,1,0,1,0,"0000000",99,99,99,99,88,88,0,0,0,1,0
6,60727,2,1,1,2,3,1,2,95,1260,26,3,2016,7,19,50,1,2,1,1,1,"I-80","",143,38.23028056,-122.11485278,0,14,0,0,1,1,0,2,3,1,0,1,0,"0000000",99,99,99,99,99,99,23,0,0,1,1
6,60728,2,2,0,0,0,2,2,95,0,24,5,2016,3,21,0,0,1,5,2,4,"CR-TUBBS RD","",0,38.46631389,-121.942475,0,12,8,0,1,1,0,1,2,1,0,1,0,"0000000",99,99,99,99,88,88,0,0,0,1,2
6,60729,2,2,0,0,0,5,5,1,0,4,6,2016,7,17,50,0,1,7,2,4,"CR-PASEO GRANDE","PASEO DEL CAMPO",0,37.67732222,-122.13343889,0,12,6,0,2,2,0,1,1,1,0,1,0,"0000000",99,99,99,99,99,99,0,0,0,1,1
6,60730,2,2,0,0,0,3,3,13,975,22,4,2016,6,11,2,1,2,1,1,1,"I-680","",62,37.80296944,-121.98911389,0,25,0,0,1,1,0,3,1,2,10,2,0,"0000000",99,99,99,99,99,99,0,0,0,1,0
6,60732,2,2,0,0,0,2,2,29,0,14,5,2016,7,23,15,0,1,2,1,3,"SR-119","",255,35.26716944,-119.12175,0,12,1,0,1,1,0,1,2,1,0,1,0,"0000000",99,99,99,99,99,99,0,0,0,1,1
6,60733,1,1,0,0,0,4,4,29,0,4,6,2016,7,2,5,1,1,2,1,3,"SR-46","",460,35.60138889,-119.42134444,0,1,0,0,1,1,0,4,2,1,0,1,0,"0000000",99,99,99,99,88,88,0,0,0,2,0
6,60734,1,1,0,0,0,6,6,29,0,5,6,2016,1,1,35,0,1,3,2,4,"CR-WIBLE RD","HERRING RD",0,35.15138056,-119.03920833,0,35,0,0,3,3,0,4,2,1,0,1,0,"0000000",99,99,99,99,88,88,0,0,0,1,0
6,60735,2,2,0,0,0,3,3,29,0,14,5,2016,7,18,2,0,1,3,1,3,"SR-119","",65,35.20606389,-119.41051667,0,12,1,0,1,1,0,1,1,1,0,1,0,"0000000",99,99,99,99,88,88,0,0,0,1,1
6,60736,1,1,0,0,0,2,2,29,0,28,5,2016,7,17,30,0,1,2,1,3,"SR-33","",717,35.76214167,-119.96677778,0,1,0,0,1,1,0,1,1,1,0,1,0,"0000000",99,99,99,99,88,88,0,0,0,1,1
6,60737,1,1,0,0,0,2,2,29,0,10,5,2016,3,23,47,0,1,2,1,3,"SR-166","",236,35.05935278,-118.98665556,0,21,0,0,1,1,0,4,2,1,0,1,0,"0000000",99,99,99,99,99,99,0,0,0,1,0
6,60738,2,2,0,0,0,7,7,37,0,15,5,2016,1,11,30,1,1,1,1,1,"I-5 (GOLDEN STATE FREEWAY)","",874,34.80425,-118.87828056,0,24,0,0,1,1,0,3,1,1,0,1,0,"0000000",99,99,99,99,99,99,0,0,0,1,0
6,60739,1,1,0,0,0,1,1,19,0,12,3,2016,7,18,14,1,1,2,1,3,"SR-180","",664,36.73645833,-119.65036389,0,1,0,0,1,1,0,4,5,10,0,10,0,"0000000",99,99,99,99,88,88,0,0,0,1,1
6,60742,2,2,0,0,0,3,3,19,1370,7,5,2016,7,23,30,0,1,2,1,3,"SR-180","",381,36.73463611,-120.14131944,0,12,6,0,1,1,0,1,2,1,0,1,0,"0000000",99,99,99,99,99,99,0,0,0,1,0
6,60743,2,2,0,0,0,2,2,19,0,16,5,2016,2,19,7,0,1,4,2,4,"CR-NORTH AVE","VALENTINE AVE",0,36.69213889,-119.85343611,0,12,6,0,2,2,0,1,1,1,0,1,0,"0000000",99,99,99,99,99,99,0,0,0,1,0
6,60744,1,1,0,0,0,1,1,19,0,28,5,2016,7,15,55,0,1,6,2,4,"CR-HUNTINGTON LAKE RD","",0,37.19058889,-119.27011111,0,42,0,0,1,1,0,4,1,1,0,1,0,"0000000",99,99,99,99,99,96,0,0,0,1,0
6,60746,2,2,0,0,0,3,3,31,0,25,5,2016,4,14,22,0,1,7,2,4,"CR-15TH AVE","LACEY BLVD",0,36.32810278,-119.72695833,0,12,6,0,2,2,0,1,1,1,0,1,0,"0000000",99,99,99,99,99,99,0,0,0,1,0
6,60747,1,1,0,0,0,1,1,31,0,5,6,2016,1,18,49,0,1,3,2,4,"CR-EXCELSIOR AVE","",0,36.40114167,-119.71640278,0,42,0,0,1,1,0,4,1,1,0,1,0,"0000000",99,99,99,99,88,88,0,0,0,1,0
6,60749,2,2,0,0,0,3,3,39,0,14,5,2016,7,17,17,0,1,4,2,4,"CR-AVENUE 9","",0,36.88019722,-119.82953056,0,12,6,0,1,1,0,1,1,1,0,1,0,"0000000",99,99,99,99,99,99,0,0,0,1,0
6,60750,1,1,0,0,0,1,1,39,2050,3,6,2016,6,17,3,1,2,2,1,3,"SR-99 RAMP","",144,36.99661667,-120.10163889,0,24,0,0,5,1,0,4,1,1,0,1,0,"0000000",99,99,99,99,88,88,0,0,0,1,0
6,60751,1,1,0,0,0,1,1,43,0,16,5,2016,2,16,0,1,1,2,1,3,"SR-140","",155,37.47587222,-120.03955278,0,42,0,0,1,1,0,4,1,1,0,1,0,"0000000",99,99,99,99,88,88,0,0,0,1,0
6,60752,2,2,0,0,0,2,2,47,0,5,4,2016,3,13,55,0,1,5,2,4,"CR-EL CAPITAN WY","",0,37.43378056,-120.68771111,0,12,1,0,8,1,0,1,1,1,0,1,0,"0000000",99,99,14,3,88,88,14,0,0,1,0
6,60753,2,2,0,0,0,4,4,47,0,14,4,2016,5,14,0,0,1,2,1,3,"SR-59","",106,37.23825833,-120.48808056,0,12,2,0,1,1,0,4,1,1,0,1,0,"0000000",99,99,99,99,99,99,0,0,0,2,0
6,60754,3,3,0,0,0,4,4,19,0,21,6,2016,3,22,30,1,1,1,1,1,"I-5","",613,36.79278333,-120.7346,0,12,1,0,1,1,0,1,2,1,0,1,0,"0000000",99,99,99,99,99,99,14,0,0,1,1
6,60755,1,1,0,0,0,4,4,47,0,26,6,2016,1,1,0,0,1,2,1,3,"SR-165","",206,37.22743333,-120.85204444,0,35,0,0,1,1,0,4,2,1,0,1,0,"0000000",99,99,99,99,99,99,0,0,0,1,1
6,60757,1,1,0,0,0,2,2,99,0,31,3,2016,5,23,0,0,1,3,2,4,"CR-TAYLOR ROAD","",0,37.53660833,-121.00224444,0,1,0,0,1,1,0,4,2,1,0,1,0,"0000000",99,99,99,99,99,99,0,0,0,1,1
6,60758,2,2,0,0,0,3,3,99,0,22,4,2016,6,16,43,1,1,1,1,1,"I-5","",269,37.57928056,-121.31876667,0,12,7,0,1,1,0,1,1,1,0,1,0,"0000000",99,99,99,99,99,99,0,0,0,1,0
6,60759,2,2,0,0,0,5,5,107,0,7,2,2016,1,14,9,0,2,6,2,4,"CR-136","",0,35.94187222,-119.26822778,0,12,6,0,1,1,0,1,1,10,0,10,0,"0000000",14,14,14,24,88,88,0,0,0,1,0
6,60760,1,1,0,0,0,1,1,107,0,20,5,2016,6,0,18,0,1,2,1,3,"SR-63","",155,36.43363889,-119.29576111,0,42,0,0,1,1,0,4,2,1,0,1,0,"0000000",99,99,99,99,99,99,0,0,0,1,0
6,60761,1,1,0,1,1,1,1,107,0,24,5,2016,3,5,38,0,1,2,1,3,"SR-201","",9,36.51786944,-119.52186111,0,9,0,0,1,1,0,1,4,10,0,10,0,"0000000",99,99,99,99,88,88,0,0,0,1,0
6,60763,1,1,0,0,0,5,5,19,0,22,4,2016,6,16,30,1,1,1,1,1,"I-5","",330,36.47135,-120.42731111,0,1,0,0,1,1,0,3,1,1,0,1,0,"0000000",99,99,99,99,99,99,0,0,0,2,0
6,60764,2,2,0,0,0,9,9,19,0,15,5,2016,1,18,45,1,1,3,1,3,"SR-198","",271,36.25448333,-120.23841111,0,12,6,0,1,1,0,1,1,1,0,1,0,"0000000",99,99,99,99,99,99,0,0,0,1,0
6,60765,1,1,0,1,1,1,1,37,0,1,3,2016,3,19,30,0,1,4,2,4,"CR-AZUSA AVE","",0,34.02972778,-117.91572778,0,8,0,0,1,1,0,1,3,1,0,1,0,"0000000",99,99,99,99,99,99,0,0,0,1,0
6,60766,3,3,0,0,0,5,5,37,1970,22,5,2016,1,21,30,1,2,1,1,1,"I-710","",108,33.84570278,-118.20558333,0,12,1,0,1,1,0,1,3,1,0,1,0,"0000000",99,99,99,99,88,88,23,14,0,1,0
6,60767,1,1,0,1,1,1,1,37,30,10,4,2016,1,4,32,1,2,1,1,1,"I-10","",239,34.07144444,-118.12399167,0,9,0,0,1,1,0,1,3,1,0,1,0,"0000000",99,99,99,99,88,88,0,0,0,1,0
6,60768,1,1,0,1,1,3,3,37,0,27,4,2016,4,21,35,0,1,3,1,3,"SR-164","",38,34.03651111,-118.06420278,0,9,0,0,1,1,0,1,2,1,0,1,0,"0000000",99,99,99,99,99,99,0,0,0,1,0
6,60769,3,3,0,0,0,3,3,37,0,29,4,2016,6,16,20,1,2,2,1,3,"SR-60 RAMP","",36,34.03665833,-118.166625,0,12,1,0,5,1,0,1,1,1,0,1,0,"0000000",99,99,99,99,99,99,0,0,0,1,0
6,60770,3,3,0,0,0,3,3,37,0,23,2,2016,3,9,25,1,1,2,1,3,"SR-126","CHIQUITO CYN RD",24,34.41983889,-118.65681111,0,12,6,0,2,3,0,1,1,1,0,1,0,"0000000",99,99,99,99,99,99,0,0,0,2,0
6,60771,1,1,0,1,1,1,1,37,0,25,5,2016,4,16,31,0,1,5,2,4,"CR-PLACERITA CANYON ROAD","",0,34.37503889,-118.48946944,0,9,0,0,1,1,0,1,1,1,0,1,0,"0000000",99,99,99,99,88,88,0,0,0,1,0
6,60772,1,1,0,0,0,2,2,37,1840,15,4,2016,6,0,15,1,2,2,1,3,"SR-14","",677,34.68572778,-118.16791944,0,1,0,0,1,1,0,1,2,6,0,6,0,"0000000",99,99,99,99,99,99,0,0,0,1,1
6,60773,2,2,0,0,0,2,2,37,0,7,5,2016,7,17,45,0,1,3,2,4,"CR-SOLEDAD CANYON ROAD","",0,34.47173333,-118.17571111,0,12,2,0,1,1,0,1,1,1,0,1,0,"0000000",99,99,99,99,88,88,0,0,0,1,1
6,60774,2,2,0,0,0,2,2,37,0,20,5,2016,6,14,30,0,1,5,2,4,"CR-BOUQUET CANYON ROAD","",0,34.5875,-118.30006944,0,12,6,0,1,1,0,1,1,10,0,10,0,"0000000",99,99,99,99,99,99,0,0,0,1,0
6,60775,1,1,0,0,0,2,2,37,0,1,6,2016,4,8,55,0,1,5,2,4,"CR-FORT TEJON RD","",0,34.49016944,-117.93153056,0,43,0,0,1,1,0,4,1,1,0,1,0,"0000000",99,99,99,99,99,99,0,0,0,1,0
6,60776,2,2,0,0,0,2,2,37,0,10,6,2016,6,15,20,0,1,5,2,4,"CR-90TH ST WEST","",0,34.74556944,-118.28993056,0,12,2,0,1,1,0,1,1,1,0,1,0,"0000000",99,99,99,99,88,88,0,0,0,1,0
6,60777,1,1,0,0,0,4,4,37,0,20,6,2016,2,6,0,0,1,3,1,3,"SR-2","",792,34.36885833,-117.66304167,0,43,0,0,1,1,0,4,1,1,0,1,0,"0000000",99,99,99,99,99,99,0,0,0,1,0
6,60779,1,1,0,1,1,3,3,37,1045,17,4,2016,1,1,49,1,2,1,1,1,"I-105","",152,33.91256389,-118.15095833,0,8,0,0,1,1,0,1,3,1,0,1,0,"0000000",99,99,99,99,88,88,0,0,0,1,0
6,60780,1,1,0,0,0,1,1,37,2458,21,5,2016,7,3,45,1,2,1,1,1,"I-605","",85,33.92546111,-118.10379444,0,41,0,1,19,1,0,4,3,10,0,10,0,"0000000",99,99,99,99,88,88,0,0,0,1,0
6,60781,2,2,0,0,0,2,2,37,0,2,6,2016,5,4,11,1,1,2,1,3,"SR-60","",146,34.01591667,-117.98493333,0,12,1,0,1,1,0,1,3,1,0,1,0,"0000000",99,99,99,99,88,88,0,0,0,1,0
6,60782,3,3,0,0,0,4,4,29,0,16,4,2016,7,12,50,0,1,2,1,3,"SR-155","",670,35.67437222,-118.47123333,0,12,1,0,1,1,0,1,1,1,0,1,0,"0000000",99,99,99,99,99,99,0,0,0,1,0
6,60783,2,2,0,0,0,2,2,37,1980,9,5,2016,2,2,50,1,2,1,1,1,"I-5","",380,34.25016111,-118.42826944,0,12,1,0,1,1,0,1,3,1,0,1,0,"0000000",99,99,99,99,99,99,14,0,0,1,0
6,60784,2,2,0,0,0,4,4,37,0,10,5,2016,3,11,35,9,1,3,1,3,"SR-2","",99998,34.26744167,-118.16217222,0,12,2,0,1,1,0,1,1,1,0,1,0,"0000000",99,99,99,99,99,99,0,0,0,1,0
6,60785,2,2,0,0,0,3,3,37,0,29,5,2016,1,13,43,0,1,2,1,3,"SR-2","",464,34.28993056,-117.99616944,0,12,2,0,1,1,0,1,1,1,0,1,0,"0000000",99,99,99,99,99,99,0,0,0,1,0
6,60786,2,2,0,1,1,4,4,37,1980,1,2,2016,2,20,41,1,2,1,1,1,"I-10 E/B (SANTA MONICA FREEWAY","",146,34.03713056,-118.28351944,0,8,0,0,1,1,0,1,3,1,0,1,0,"0000000",99,99,99,99,99,99,14,0,0,1,0
6,60787,1,1,0,1,1,2,2,37,1980,15,2,2016,2,23,59,1,2,1,1,1,"I-110","",172,33.97811944,-118.28093056,0,8,0,0,1,1,0,1,2,1,0,1,0,"0000000",99,99,99,99,88,88,0,0,0,1,0
6,60789,1,1,0,1,1,1,1,37,1980,30,3,2016,4,6,0,1,2,1,1,1,"I-10","",132,34.03698333,-118.30099167,0,8,0,0,1,1,0,1,2,1,0,1,0,"0000000",99,99,99,99,99,99,19,0,0,1,0
6,60790,2,2,0,0,0,2,2,37,1980,29,5,2016,1,2,5,0,2,3,1,3,"SR-2 RAMP","",141,34.091175,-118.25885,0,12,7,0,20,1,0,1,3,1,0,1,0,"0000000",99,99,99,99,88,88,0,0,0,1,0
6,60791,2,2,0,0,0,2,2,25,0,18,6,2016,7,7,10,0,1,2,1,3,"SR-115","NORRISH RD",114,32.83278056,-115.40610278,0,12,1,0,2,2,0,1,1,1,0,1,0,"0000000",99,99,99,99,88,88,0,0,0,1,0
6,60792,2,2,0,0,0,4,4,25,0,23,6,2016,5,11,8,0,1,2,1,3,"SR-86","",31,32.73067778,-115.55049167,0,12,2,0,1,1,0,1,1,1,0,1,0,"0000000",99,99,99,99,99,99,0,0,0,1,0
6,60793,1,1,0,0,0,4,4,65,0,27,2,2016,7,16,45,1,1,2,1,3,"SR-111","",592,33.89546667,-116.61762778,0,1,0,0,1,1,0,4,1,1,0,1,0,"0000000",99,99,99,99,99,99,0,0,0,1,0
6,60795,1,1,0,0,0,1,1,65,0,30,4,2016,7,22,15,0,1,5,2,4,"CR-62ND AVENUE","",0,33.598625,-116.08788611,0,30,0,0,1,1,0,4,2,1,0,1,0,"0000000",99,99,99,99,88,88,0,0,0,1,1
6,60796,3,3,0,0,0,7,7,73,3260,27,4,2016,4,21,6,1,2,1,1,1,"I-805 NORTHBOUND","",173,32.76556111,-117.1281,0,12,1,0,1,1,0,1,3,10,0,10,0,"0000000",99,99,99,99,99,99,19,23,0,1,0
6,60797,2,2,0,0,0,2,2,65,0,29,3,2016,3,12,27,0,2,3,1,3,"SR-74","",55,33.74368889,-117.06113889,0,12,2,0,1,1,0,1,1,10,0,10,0,"0000000",99,99,99,99,99,99,20,0,0,1,0
6,60798,3,3,0,0,0,5,5,65,0,15,5,2016,1,20,10,1,1,2,1,3,"SR-79","SR-74",343,33.73908056,-117.0765,0,12,2,0,2,2,0,1,3,10,0,10,0,"0000000",99,99,99,99,99,99,0,0,0,1,0
6,60799,1,1,0,0,0,1,1,65,0,27,5,2016,6,17,10,0,1,7,2,4,"CR-DIAMOND VALLEY ROAD","",0,33.67480278,-116.97436389,0,1,0,0,1,1,0,1,1,1,0,1,0,"0000000",99,99,99,99,99,99,0,0,0,1,0
6,60800,1,1,0,0,0,1,1,65,0,14,6,2016,3,21,17,0,1,5,2,4,"CR-SAN TIMOTEO CANYON ROAD","",0,33.98088333,-117.11460833,0,35,0,0,1,1,0,4,2,1,0,1,0,"0000000",99,99,99,99,99,99,0,0,0,1,0
6,60801,2,2,0,0,0,3,3,59,3420,8,2,2016,2,23,27,1,2,1,1,1,"I-5","",308,33.74291944,-117.8399,0,12,1,0,1,1,0,1,3,1,0,1,0,"0000000",99,99,99,99,99,99,0,0,0,1,1
6,60802,1,1,0,0,0,1,1,73,0,21,5,2016,7,22,50,1,1,1,1,1,"I-8","",700,32.66106389,-116.22887778,0,35,0,0,1,1,0,4,2,1,0,1,0,"0000000",99,99,99,99,88,88,0,0,0,1,0
6,60803,1,1,0,0,0,1,1,73,0,23,5,2016,2,16,0,0,1,2,1,3,"SR-78","",417,33.08385278,-116.79391111,0,1,0,0,1,1,0,4,1,1,0,1,0,"0000000",99,99,99,99,88,88,0,0,0,1,1
6,60804,2,2,0,0,0,4,4,73,0,27,5,2016,6,16,10,1,1,2,1,3,"SR-94","",312,32.62404167,-116.75419444,0,12,6,0,1,1,0,1,1,1,0,1,0,"0000000",99,99,99,99,99,99,0,0,0,1,0
6,60805,1,1,0,0,0,1,1,73,0,15,6,2016,4,21,16,1,1,2,1,3,"SR-94","",262,32.65453889,-116.80623889,0,38,0,0,1,1,0,4,2,1,0,1,0,"0000000",99,99,99,99,88,88,0,0,0,1,1
6,60806,2,2,0,0,0,3,3,59,0,8,4,2016,6,16,50,0,1,2,1,3,"SR-74","",144,33.59379444,-117.48845833,0,12,6,0,1,1,0,1,1,10,0,10,0,"0000000",99,99,99,99,88,88,0,0,0,1,0
6,60807,2,2,0,0,0,4,4,53,0,13,4,2016,4,13,55,0,1,5,2,4,"CR-HALL ROAD","",0,36.86648333,-121.74074722,0,12,2,0,1,1,0,1,1,1,0,1,0,"0000000",99,99,99,99,99,99,0,0,0,1,0
6,60808,1,1,0,0,0,1,1,53,0,30,4,2016,7,7,52,0,2,5,2,5,"CR-CARMEL VALLEY ROAD","",0,36.51573889,-121.78118611,0,42,0,0,1,1,0,4,1,1,0,1,0,"0000000",99,99,99,99,88,88,0,0,0,1,0
6,60809,2,2,0,0,0,3,3,79,0,20,5,2016,6,10,58,0,1,2,1,3,"SR-166","",400,35.07548333,-120.00255833,0,12,2,0,1,1,0,1,1,10,0,10,0,"0000000",99,99,99,99,99,99,0,0,0,1,0
6,60810,1,1,0,0,0,1,1,83,0,3,4,2016,1,23,35,1,1,2,1,2,"US-101","",64,34.41643889,-119.56848889,0,42,0,0,1,1,0,4,2,1,0,1,0,"0000000",99,99,99,99,88,88,0,0,0,1,1
6,60811,1,1,0,0,0,1,1,29,0,9,5,2016,2,99,99,0,1,7,2,4,"CR-STARBUCK AVE","CR-172ND ST W",0,34.88601389,-118.43688333,0,59,0,0,3,3,0,4,1,1,0,1,0,"0000000",99,99,99,99,88,88,0,0,0,1,0
6,60812,1,1,0,0,0,2,2,29,0,27,5,2016,6,16,30,0,1,7,2,4,"CR-HORSE CANYON RD","",0,35.49149444,-117.96813889,0,2,0,0,1,1,0,1,1,1,0,1,0,"0000000",99,99,99,99,99,99,0,0,0,1,0
6,60814,1,1,0,0,0,2,2,71,0,12,6,2016,1,14,30,0,1,2,1,3,"SR-62","",1035,34.10161944,-114.91119167,0,1,0,0,1,1,0,4,1,1,0,1,0,"0000000",99,99,99,99,99,99,0,0,0,1,0
6,60815,1,1,0,0,0,2,2,71,0,7,2,2016,1,11,0,1,1,1,1,1,"I-15","",1147,35.08442222,-116.36795833,0,1,0,0,1,1,0,4,1,1,0,1,0,"0000000",99,99,99,99,99,99,0,0,0,1,0
6,60817,1,1,0,0,0,1,1,65,3070,17,4,2016,1,18,18,1,2,1,1,1,"I-215","",417,33.97828889,-117.33830556,0,24,0,0,1,1,0,4,1,1,0,1,0,"0000000",99,99,99,99,88,88,0,0,0,1,0
6,60818,1,1,0,0,0,1,1,65,0,4,5,2016,4,16,40,0,1,5,2,4,"CR-CAJALCO RD.","",0,33.82711944,-117.40531944,0,35,0,0,1,1,0,4,1,1,0,1,0,"0000000",99,99,99,99,88,88,0,0,0,1,0