"STATE","ST_CASE","VE_TOTAL","VE_FORMS","PVH_INVL","PEDS","PERNOTMVIT","PERMVIT","PERSONS","COUNTY","CITY","DAY","MONTH","YEAR","DAY_WEEK","HOUR","MINUTE","NHS","RUR_URB","FUNC_SYS","RD_OWNER","ROUTE","TWAY_ID","TWAY_ID2","MILEPT","LATITUDE","LONGITUD","SP_JUR","HARM_EV","MAN_COLL","RELJCT1","RELJCT2","TYP_INT","WRK_ZONE","REL_ROAD","LGT_COND","WEATHER1","WEATHER2","WEATHER","SCH_BUS","RAIL","NOT_HOUR","NOT_MIN","ARR_HOUR","ARR_MIN","HOSP_HR","HOSP_MN","CF1","CF2","CF3","FATALS","DRUNK_DR"
6,60819,1,1,0,0,0,1,1,71,1603,14,6,2016,3,99,99,1,2,1,1,1,"I-15 RAMP","",313,34.40363611,-117.40113889,0,30,0,0,5,1,0,4,2,1,0,1,0,"0000000",99,99,99,99,88,88,0,0,0,1,0
6,60820,2,1,1,1,1,1,1,71,1305,10,4,2016,1,3,45,1,2,2,1,3,"SR-210 RAMP","",117,34.13612222,-117.49285278,0,14,0,1,5,1,0,8,3,10,0,10,0,"0000000",99,99,99,99,88,88,23,0,0,1,0
6,60821,1,1,0,0,0,1,1,71,681,24,4,2016,1,21,30,1,2,2,1,3,"SR-71","",22,33.99675556,-117.72143889,0,25,0,0,1,1,0,3,3,10,0,10,0,"0000000",99,99,99,99,88,88,0,0,0,1,1
6,60822,2,2,0,0,0,4,4,71,2922,30,4,2016,7,13,0,1,2,2,1,3,"SR-210","",85,34.13681111,-117.54816944,0,12,7,0,1,1,0,1,1,1,0,1,0,"0000000",99,99,99,99,99,99,0,0,0,1,0
6,60823,1,1,0,0,0,1,1,71,0,24,5,2016,3,13,40,0,1,3,2,4,"CR-MOUNTAIN AVE","",0,34.16288333,-117.67316389,0,33,0,0,1,1,0,4,1,10,0,10,0,"0000000",99,99,99,99,88,88,0,0,0,1,0
6,60824,4,4,0,0,0,5,5,71,0,11,3,2016,6,0,20,0,1,2,1,3,"SR-138","",119,34.33364444,-117.52055,0,12,2,0,1,1,1,1,2,1,0,1,0,"0000000",99,99,99,99,99,99,0,0,0,1,0
6,60826,1,1,0,1,1,1,1,71,790,12,4,2016,3,4,10,1,2,1,1,1,"I-10","",236,34.06511944,-117.30816111,0,8,0,0,1,1,0,1,3,1,0,1,0,"0000000",99,99,99,99,88,88,0,0,0,1,0
6,60827,1,1,0,0,0,1,1,71,4290,27,4,2016,4,2,58,1,2,1,1,1,"I-10","",386,34.0111,-117.06981944,0,24,0,0,1,1,0,4,2,1,0,1,0,"0000000",99,99,99,99,88,88,0,0,0,1,0
6,60828,2,1,1,0,0,3,3,71,0,15,5,2016,1,1,31,0,1,7,2,4,"CR-LINDEN AVENUE","",0,34.06095556,-117.40071111,0,14,0,0,1,1,0,5,3,1,0,1,0,"0000000",99,99,99,99,99,99,14,0,0,1,0
6,60829,1,1,0,0,0,1,1,71,0,24,5,2016,3,3,15,0,1,4,2,4,"CR-CAJON BOULEVARD","",0,34.16833611,-117.34591667,0,43,0,0,1,1,0,4,2,1,0,1,0,"0000000",99,99,99,99,99,99,0,0,0,1,0
6,60830,2,2,0,0,0,4,4,71,0,29,5,2016,1,13,25,0,1,2,1,3,"SR-138","",279,34.32534444,-117.42620556,0,12,8,0,1,1,0,1,1,1,0,1,0,"0000000",99,99,99,99,88,88,0,0,0,1,0
6,60831,1,1,0,0,0,1,1,71,0,23,5,2016,2,6,15,0,1,2,1,3,"SR-62","",529,34.11607778,-115.72801944,0,1,0,0,1,1,0,4,1,1,0,1,0,"0000000",99,99,99,99,99,99,0,0,0,1,0
6,60832,1,1,0,1,1,2,2,1,2480,28,3,2016,2,21,32,1,2,1,1,1,"I-880","",310,37.7938,-122.26430556,0,8,0,0,1,1,0,1,2,1,0,1,0,"0000000",99,99,99,99,88,88,0,0,0,1,0
6,60833,1,1,0,1,1,2,2,85,1420,16,2,2016,3,21,19,0,1,7,4,6,"FIFTH ST","MILLER AVE",0,37.00473056,-121.58179722,0,8,0,0,2,3,0,1,3,1,0,1,0,"0000000",99,99,99,99,88,88,0,0,0,1,1
6,60834,2,2,0,0,0,2,2,1,0,29,5,2016,1,1,50,0,1,3,2,4,"CR-STANLEY BLVD","",0,37.67310278,-121.83455278,0,12,1,0,1,1,0,1,3,1,0,1,0,"0000000",99,99,99,99,88,88,0,0,0,1,1
6,60835,2,2,0,0,0,2,2,59,2560,13,1,2016,4,10,58,1,2,2,1,3,"SR-22","",117,33.77701111,-117.85633333,0,12,1,0,1,1,0,1,1,1,0,1,0,"0000000",99,99,99,99,88,88,0,0,0,1,1
6,60836,1,1,0,0,0,3,3,59,3960,5,5,2016,5,0,11,1,2,1,1,1,"I-5","",302,33.73913889,-117.82995833,0,33,0,0,1,1,0,4,3,10,0,10,0,"0000000",99,99,99,99,99,99,0,0,0,2,0
6,60837,1,1,0,1,1,2,2,77,3770,20,3,2016,1,20,18,0,2,3,4,6,"WEST LN","",0,37.99016667,-121.28604167,0,8,0,0,1,1,0,1,3,1,0,1,0,"0000000",99,99,99,99,88,88,0,0,0,1,0
6,60838,1,1,0,0,0,1,1,45,0,29,3,2016,3,2,55,1,1,2,1,2,"US-101","",634,39.60881111,-123.45738333,0,52,0,0,1,1,0,4,2,1,0,1,0,"0000000",99,99,99,99,88,88,0,0,0,1,0
6,60839,1,1,0,0,0,1,1,33,0,14,4,2016,5,22,13,1,1,2,1,3,"SR-29","",245,38.91273889,-122.68359444,0,42,0,0,1,1,0,4,2,10,0,10,0,"0000000",99,99,99,99,99,99,0,0,0,1,0
6,60840,3,3,0,0,0,3,3,67,3150,20,4,2016,4,15,13,1,2,1,1,1,"I-80","",49,38.64037222,-121.48004722,0,12,7,0,1,1,1,1,1,1,0,1,0,"0000000",99,99,99,99,88,88,14,0,0,1,0
6,60841,2,1,1,1,4,1,4,95,0,1,5,2016,1,5,23,1,1,1,1,1,"I-80","",225,38.31784167,-122.02994444,0,14,0,0,1,1,0,4,2,1,0,1,0,"0000000",99,99,99,99,99,99,15,0,0,2,1
6,60842,1,1,0,0,0,2,2,19,0,27,5,2016,6,4,0,0,1,6,2,4,"CR-FOWLER AVENUE","",0,36.65705,-119.68191111,0,43,0,0,1,1,0,4,2,1,0,1,0,"0000000",99,99,99,99,88,88,0,0,0,2,0
6,60843,1,1,0,0,0,1,1,47,2150,25,5,2016,4,20,29,1,2,2,1,3,"SR-99","",139,37.29490278,-120.46838333,0,24,0,1,19,1,0,3,5,10,0,10,0,"0000000",99,99,99,99,99,99,20,0,0,1,0
6,60844,1,1,0,0,0,6,6,29,0,20,6,2016,2,12,27,1,1,2,1,3,"SR-14","",86,34.94293889,-118.16210833,0,1,0,0,1,1,0,2,1,1,0,1,0,"0000000",99,99,99,99,99,99,0,0,0,1,0
6,60845,1,1,0,0,0,3,3,71,0,6,6,2016,2,16,28,1,1,2,1,2,"US-95","",18,34.09913889,-114.49572222,0,1,0,0,1,1,0,2,1,1,0,1,0,"0000000",99,99,99,99,99,99,0,0,0,1,0
6,60846,1,1,0,0,0,1,1,89,0,17,6,2016,6,6,7,0,1,5,2,4,"CR-OAK RUN ROAD","",0,40.57141111,-122.19014722,0,31,0,0,1,1,0,4,1,10,2,2,0,"0000000",99,99,99,99,88,88,0,0,0,1,0
6,60847,2,2,0,0,0,9,9,67,0,9,4,2016,7,17,35,1,1,2,1,3,"SR-12","",24,38.1458,-121.645,0,12,6,0,1,1,0,1,1,10,2,2,0,"0000000",99,99,99,99,99,99,0,0,0,5,0
6,60849,2,2,0,0,0,2,2,65,0,19,5,2016,5,18,39,1,1,2,1,3,"SR-62","",89,34.02909444,-116.58786667,0,24,0,0,1,1,0,4,1,1,0,1,0,"0000000",99,99,99,99,99,99,0,0,0,1,0
6,60850,1,1,0,0,0,2,2,65,0,20,5,2016,6,4,0,1,1,1,1,1,"I-10","",891,33.66673056,-115.67156389,0,1,0,0,1,1,0,4,2,1,0,1,0,"0000000",99,99,99,99,99,99,0,0,0,2,0
6,60851,2,1,1,0,2,1,3,71,2960,24,5,2016,3,19,16,1,2,2,1,3,"SR-210","",325,34.07672222,-117.20051111,0,14,0,0,1,1,0,2,2,1,0,1,0,"0000000",99,99,99,99,88,88,14,0,0,2,0
6,60852,1,1,0,0,0,5,5,25,0,29,5,2016,1,8,25,1,1,1,1,1,"I-8","",84,32.72766667,-116.05253889,0,1,0,0,1,1,0,4,1,1,0,1,0,"0000000",99,99,99,99,99,99,0,0,0,1,0
6,60853,2,2,0,0,0,3,3,71,0,10,2,2016,4,4,7,1,1,1,1,1,"I-15","",1385,35.28133889,-116.04748056,0,12,1,0,1,1,0,1,2,1,0,1,0,"0000000",99,99,99,99,88,88,0,0,0,2,1
6,60854,1,1,0,0,0,1,1,71,0,6,6,2016,2,11,5,0,1,2,1,3,"SR-247","",740,34.82943889,-117.02663056,0,35,0,0,1,1,0,4,1,1,0,1,0,"0000000",99,99,99,99,88,88,0,0,0,1,0
6,60855,2,2,0,0,0,4,4,71,0,9,6,2016,5,5,28,1,1,2,1,2,"US-395","",424,34.94302222,-117.52761389,0,12,2,0,1,1,0,2,4,1,0,1,0,"0000000",99,99,99,99,99,99,0,0,0,1,0
6,60856,2,2,0,0,0,2,2,71,0,16,6,2016,5,12,55,0,1,3,2,4,"CR-OLD HWY 58","DOBBS RD",0,34.91417222,-117.03172222,0,12,2,0,2,3,0,1,1,1,0,1,0,"0000000",99,99,99,99,99,99,0,0,0,1,0
6,60857,1,1,0,0,0,2,2,71,0,6,6,2016,2,18,45,1,1,1,1,1,"I-15","",1665,35.46477222,-115.61485,0,34,0,0,1,1,0,4,1,1,0,1,0,"0000000",99,99,99,99,99,99,0,0,0,1,0
6,60858,1,1,0,0,0,1,1,65,0,29,5,2016,1,9,16,0,1,4,2,4,"CR-GRAND AVENUE","",0,33.61614167,-117.30768333,0,59,0,0,1,1,0,4,1,1,0,1,0,"0000000",99,99,99,99,99,99,0,0,0,1,0
6,60859,1,1,0,0,0,1,1,65,0,5,6,2016,1,23,45,0,1,5,2,4,"CR-BUCK ROAD","",0,33.55499722,-117.03194167,0,42,0,0,1,1,0,4,2,1,0,1,0,"0000000",99,99,99,99,88,88,0,0,0,1,1
6,60860,3,3,0,0,0,7,7,79,0,15,4,2016,6,20,30,1,1,2,1,2,"US-101","",337,35.33138889,-120.62299167,0,24,0,0,1,1,0,4,2,1,0,1,0,"0000000",99,99,99,99,99,99,0,0,0,1,1
6,60861,2,2,0,0,0,7,7,19,0,2,2,2016,3,8,12,0,1,5,2,4,"CR-SOUTH AVE","BUTTONWILLOW AVE",0,36.61856389,-119.43085,0,12,6,0,2,2,0,1,1,1,0,1,0,"0000000",99,99,99,99,99,99,0,0,0,3,0
6,60862,2,2,0,0,0,3,3,19,0,29,4,2016,6,5,40,0,1,6,2,4,"CR-SAN MATEO AVE","NEBRASKA AVE",0,36.55957222,-120.31615,0,12,2,0,3,2,0,1,2,1,0,1,0,"0000000",99,99,99,99,99,99,0,0,0,2,1
6,60863,2,2,0,0,0,2,2,53,0,27,6,2016,2,15,50,0,1,5,2,4,"CR-NACIMIENTO LAKE DR","",0,35.86753611,-120.83748056,0,12,2,0,1,1,0,1,1,1,0,1,0,"0000000",99,99,99,99,88,88,0,0,0,1,0
6,60864,9,2,7,4,4,2,2,37,1980,30,4,2016,7,16,5,0,2,4,4,6,"VANOWEN ST","",0,34.19395,-118.4104,0,12,7,0,1,1,0,1,1,1,0,1,0,"0000000",99,99,99,99,99,99,14,15,0,1,0
6,60865,1,1,0,0,0,6,6,23,0,16,6,2016,5,18,0,1,1,3,1,3,"SR-299","",313,40.90840278,-123.70743333,0,35,0,0,1,1,0,4,1,10,0,10,0,"0000000",99,99,99,99,99,99,0,0,0,1,0
6,60866,2,2,0,0,0,2,2,65,0,10,6,2016,6,9,30,1,1,2,1,3,"SR-79","",332,33.83776389,-117.00363611,0,12,2,0,1,1,0,1,1,1,0,1,0,"0000000",99,99,99,99,99,99,0,0,0,1,0
6,60867,3,3,0,0,0,9,9,53,0,4,6,2016,7,23,16,1,1,2,1,3,"SR-1","",994,36.84567778,-121.77119722,0,12,2,0,1,1,0,1,2,1,0,1,0,"0000000",99,99,99,99,99,99,0,0,0,2,0
6,60868,1,1,0,0,0,1,1,87,3450,30,5,2016,2,16,35,1,2,2,1,3,"SR-1 RAMP","",167,36.99054444,-122.02075833,0,43,0,0,5,1,0,4,1,1,0,1,0,"0000000",99,99,99,99,99,99,0,0,0,1,1
6,60869,3,3,0,0,0,6,6,53,0,17,6,2016,6,4,10,0,1,2,1,3,"SR-183","",47,36.70920833,-121.71292222,0,12,8,0,1,1,0,1,2,10,0,10,0,"0000000",99,99,99,99,99,99,0,0,0,2,1
6,60870,1,1,0,0,0,1,1,45,0,3,3,2016,5,20,18,0,1,3,1,3,"SR-162","",130,39.68253056,-123.35438889,0,35,0,0,1,1,0,4,2,10,0,10,0,"0000000",99,99,99,99,88,88,0,0,0,1,1
6,60871,2,1,1,0,0,2,2,89,0,23,4,2016,7,20,27,0,1,4,2,4,"CR-DRY CREEK RD","",0,40.71033333,-122.24273889,0,32,0,0,1,1,0,4,3,1,0,1,0,"0000000",99,99,99,99,99,99,0,0,0,1,1
6,60872,1,1,0,0,0,1,1,45,0,14,6,2016,3,2,5,0,1,6,2,4,"CR-TOMKI RD","",0,39.31598056,-123.22398889,0,31,0,0,1,1,0,4,2,1,0,1,0,"0000000",99,99,99,99,88,88,0,0,0,1,1
6,60873,2,2,0,1,1,4,4,19,1370,7,5,2016,7,16,17,1,2,2,1,3,"SR-99","",224,36.74681389,-119.82226389,0,8,0,0,1,1,0,1,1,1,0,1,0,"0000000",99,99,99,99,88,88,0,0,0,1,0
6,60874,2,2,0,0,0,3,3,37,1716,18,1,2016,2,6,29,1,1,1,1,1,"I-210","",383,34.12949444,-117.9348,0,12,8,0,1,1,0,1,3,10,0,10,0,"0000000",99,99,99,99,99,99,0,0,0,1,0
6,60875,3,3,0,0,0,4,4,37,0,24,6,2016,6,16,50,0,1,4,2,4,"CR-MONA BLVD","CR-124TH ST",0,33.91974444,-118.22808889,0,12,6,0,2,2,0,1,1,1,0,1,0,"0000000",99,99,99,99,88,88,14,0,0,1,0
6,60876,2,2,0,0,0,2,2,37,1980,31,5,2016,3,15,52,1,2,1,1,1,"I-10","",165,34.02634167,-118.24992778,0,1,0,0,1,1,0,1,1,1,0,1,0,"0000000",99,99,99,99,88,88,14,0,0,1,0
6,60877,2,2,0,0,0,2,2,59,1713,1,6,2016,4,23,1,1,2,1,1,1,"I-405","",41,33.664475,-117.80107222,0,12,7,0,1,1,0,1,3,10,0,10,0,"0000000",99,99,99,99,99,99,0,0,0,1,0
6,60878,1,1,0,0,0,1,1,53,0,7,6,2016,3,5,55,0,1,2,1,3,"SR-1","",750,36.57142778,-121.91301667,0,42,0,0,1,1,0,4,4,10,0,10,0,"0000000",99,99,99,99,88,88,0,0,0,1,0
6,60879,2,2,0,0,0,4,4,83,3430,10,3,2016,5,12,26,1,2,2,1,2,"US-101","",130,34.42005556,-119.68036111,0,12,1,0,1,1,0,1,1,1,0,1,0,"0000000",99,99,99,99,99,99,19,0,0,1,0
6,60880,1,1,0,0,0,1,1,111,0,26,6,2016,1,17,40,0,1,2,1,3,"SR-33","",394,34.61511111,-119.37183611,0,1,0,0,1,1,0,1,1,1,0,1,0,"0000000",99,99,99,99,99,99,0,0,0,1,0
6,60881,3,3,0,0,0,7,7,37,0,17,6,2016,6,10,0,0,1,4,2,4,"CR-PALMDALE BL","160TH ST",0,34.57991389,-117.8444,0,12,6,0,2,3,0,1,1,1,0,1,0,"0000000",99,99,99,99,99,99,14,0,0,2,1
6,60882,1,1,0,1,1,1,1,67,3150,4,6,2016,7,22,43,1,2,2,1,3,"SR-99","",222,38.52865833,-121.46943611,0,8,0,0,1,1,0,1,2,1,0,1,0,"0000000",99,99,99,99,88,88,0,0,0,1,0
6,60883,1,1,0,0,0,4,4,29,0,21,6,2016,3,7,5,1,1,1,1,1,"I-5","",330,35.19326111,-119.14613056,0,1,0,0,1,1,0,4,1,1,0,1,0,"0000000",99,99,99,99,99,99,0,0,0,1,0
6,60884,1,1,0,0,0,1,1,19,0,1,6,2016,4,19,34,0,1,5,2,4,"CR-MCMULLIN GRADE","",0,36.59501667,-120.05424722,0,1,0,0,1,1,0,1,1,1,0,1,0,"0000000",99,99,99,99,99,99,0,0,0,1,0
6,60885,1,1,0,0,0,1,1,59,0,24,6,2016,6,23,15,0,1,7,2,4,"CR-LIVE OAK CANYON ROAD","",0,33.65315278,-117.59986944,0,1,0,0,1,1,0,1,3,1,0,1,0,"0000000",99,99,99,99,88,88,0,0,0,1,1
6,60886,2,1,1,0,1,1,2,37,810,22,6,2016,4,3,50,1,2,2,1,3,"SR-91","",97,33.87405278,-118.22728333,0,14,0,1,19,1,0,2,3,1,0,1,0,"0000000",99,99,99,99,99,99,0,0,0,1,0
6,60887,1,1,0,0,0,1,1,19,0,18,6,2016,7,23,9,0,1,4,2,4,"CR-MOUNTAIN VIEW AVE","",0,36.54679722,-119.5517,0,1,0,0,1,1,0,4,2,1,0,1,0,"0000000",99,99,99,99,88,88,0,0,0,1,0
6,60888,1,1,0,0,0,2,2,79,0,21,6,2016,3,0,38,0,1,2,1,3,"SR-41","",177,35.50587222,-120.647325,0,18,0,0,1,1,0,4,2,1,0,1,0,"0000000",99,99,99,99,99,99,0,0,0,1,0
6,60889,3,3,0,0,0,4,4,37,1015,16,6,2016,5,15,50,1,2,2,4,3,"SR-60","",250,34.01410556,-117.81941944,0,12,1,0,1,1,0,1,1,1,0,1,0,"0000000",99,99,99,99,99,99,14,0,0,1,0
6,60890,2,2,0,0,0,2,2,77,0,23,5,2016,2,7,15,0,1,3,2,4,"CR-COPPEROPOLIS RD","",0,37.96496667,-121.18200556,0,12,8,0,1,1,0,1,1,1,0,1,0,"0000000",99,99,99,99,99,99,0,0,0,1,0
6,60891,1,1,0,0,0,1,1,29,0,6,6,2016,2,99,99,0,1,2,1,3,"SR- 155","",521,35.72174167,-118.51011944,0,42,0,0,1,1,0,4,1,1,0,1,0,"0000000",99,99,99,99,88,88,0,0,0,1,0
6,60892,1,1,0,1,1,1,1,59,80,23,1,2016,7,10,23,1,2,2,1,3,"SR-57 RAMP","",147,33.83486667,-117.87621667,0,8,0,1,5,1,0,4,1,10,0,10,0,"0000000",99,99,99,99,99,99,0,0,0,1,0
6,60893,1,1,0,0,0,3,3,105,0,29,5,2016,1,22,50,0,1,5,2,4,"CR-MAD RIVER RD","",0,40.33602778,-123.39474167,0,1,0,0,1,1,0,4,2,1,0,1,0,"0000000",99,99,99,99,99,99,0,0,0,1,1
6,60894,1,1,0,0,0,2,2,37,1970,27,6,2016,2,2,50,1,2,1,1,1,"I-405","",78,33.82663611,-118.2111,0,42,0,0,1,1,0,4,3,1,0,1,0,"0000000",99,99,99,99,99,99,0,0,0,1,1
6,60895,2,2,0,0,0,3,3,53,0,26,5,2016,5,17,28,0,1,5,2,4,"CR-CASTROVILLE BOULEVARD","",0,36.79508056,-121.71683889,0,12,6,0,8,1,0,1,1,10,0,10,0,"0000000",99,99,99,99,99,99,0,0,0,1,0
6,60896,2,2,0,0,0,2,2,53,0,21,6,2016,3,21,18,0,1,5,2,4,"CR-LOCKWOOD-JOLON RD","",0,35.96639444,-121.10718889,0,12,2,0,1,1,0,1,2,1,0,1,0,"0000000",99,99,99,99,99,99,0,0,0,1,1
6,60897,1,1,0,0,0,1,1,1,1560,16,2,2016,3,19,18,0,2,3,4,6,"W JACKSON ST","",0,37.66879722,-122.080825,0,33,0,0,1,1,0,3,3,1,0,1,0,"0000000",99,99,99,99,99,99,0,0,0,1,0
6,60898,1,1,0,0,0,2,2,37,3690,26,3,2016,7,23,52,0,2,3,4,6,"ALAMEDA ST","SEMINOLE AVE",0,33.94011944,-118.22705556,0,33,0,0,3,3,0,4,3,1,0,1,0,"0000000",99,99,99,99,99,99,0,0,0,1,0
6,60899,1,1,0,0,0,2,2,37,2020,28,3,2016,2,23,15,0,2,3,4,6,"STATE ST","LYNWOOD RD",0,33.92545,-118.2181,0,33,0,0,3,2,0,3,3,1,0,1,0,"0000000",99,99,99,99,99,99,0,0,0,1,0
6,60900,1,1,0,0,0,1,1,111,3860,10,4,2016,1,21,36,0,2,3,4,6,"OLSEN RD","",0,34.23544722,-118.85609167,0,42,0,0,1,1,0,3,2,1,0,1,0,"0000000",99,99,99,99,99,99,0,0,0,1,1
6,60901,1,1,0,0,0,1,1,93,0,8,6,2016,4,16,0,0,1,4,1,3,"SR-96","",784,41.82827222,-122.96281389,0,35,0,0,1,1,0,4,1,1,0,1,0,"0000000",99,99,99,99,88,88,0,0,0,1,0
6,60902,1,1,0,0,0,1,1,55,2330,25,5,2016,4,22,50,0,2,2,1,3,"SR-29","",110,38.29229167,-122.30201667,0,24,0,0,1,1,0,3,2,1,0,1,0,"0000000",99,99,99,99,99,99,0,0,0,1,0
6,60903,1,1,0,0,0,1,1,107,0,26,4,2016,3,12,25,0,1,5,2,4,"CR-AVE 168","",0,36.094925,-119.15141667,0,34,0,0,1,1,0,4,1,1,0,1,0,"0000000",99,99,99,99,99,99,0,0,0,1,0
6,60904,3,3,0,0,0,7,7,71,0,31,5,2016,3,12,5,0,1,3,2,4,"CR-NATIONAL TRAILS HWY","",0,34.78089167,-117.25843611,0,12,2,0,1,1,0,1,1,1,0,1,0,"0000000",99,99,99,99,99,99,14,0,0,1,0
6,60905,1,1,0,1,1,1,1,59,3420,25,1,2016,2,18,7,0,2,4,4,6,"WESTMINISTER AVE","LA BONITA AVE",0,33.75981667,-117.93436389,0,9,0,0,2,2,0,1,3,1,0,1,0,"0000000",99,99,99,99,88,88,0,0,0,1,0
6,60906,1,1,0,0,0,3,3,99,0,7,3,2016,2,6,55,0,1,5,2,4,"CR-BECKWITH ROAD","",0,37.68164167,-121.10305556,0,42,0,0,1,1,0,4,1,10,2,2,0,"0000000",99,99,99,99,99,99,0,0,0,2,0
6,60909,1,1,0,0,0,1,1,99,0,12,6,2016,1,2,33,1,1,2,1,3,"SR-99","",218,37.70043889,-121.07144722,0,25,0,1,19,1,0,3,2,10,0,10,0,"0000000",99,99,99,99,99,99,0,0,0,1,1
6,60910,2,1,1,0,0,1,1,99,0,16,6,2016,5,1,15,1,1,1,1,1,"I-5 RAMP","",160,37.4651,-121.18213056,0,31,0,0,5,1,0,8,2,1,0,1,0,"0000000",99,99,99,99,88,88,0,0,0,1,1
6,60911,2,2,0,0,0,2,2,107,0,2,4,2016,7,14,49,0,1,4,2,4,"CR-ROAD 84","AVENUE 208",0,36.16739167,-119.38395833,0,12,6,0,2,2,0,1,1,1,0,1,0,"0000000",99,99,99,99,99,99,0,0,0,1,0
6,60912,2,2,0,0,0,2,2,53,3560,9,1,2016,7,22,42,0,2,5,4,6,"TRINITY AVE","SAN LUCAS ST",0,36.60463889,-121.84036667,0,12,6,0,2,3,0,1,3,1,0,1,0,"0000000",99,99,99,99,99,99,0,0,0,1,1
6,60913,2,2,0,0,0,2,2,61,0,16,2,2016,3,13,50,0,1,7,2,4,"CR-VIRGINIA DR","CR-KENNETH WAY",0,38.97668056,-121.09270833,0,12,6,0,2,2,0,1,1,1,0,1,0,"0000000",99,99,99,99,99,99,0,0,0,1,0
6,60914,1,1,0,1,1,2,2,37,3870,7,2,2016,1,2,22,0,2,3,4,9,"HAWTHORNE BL","",0,33.83061389,-118.35242778,0,8,0,0,1,1,0,1,3,1,0,1,0,"0000000",99,99,99,99,88,88,0,0,0,1,0
6,60915,1,1,0,1,1,1,1,93,0,29,6,2016,4,5,5,1,1,3,1,3,"SR-89","",140,41.26519722,-121.93338889,0,8,0,0,1,1,0,1,2,1,0,1,0,"0000000",99,99,99,99,88,88,0,0,0,1,0
6,60916,1,1,0,1,1,7,7,29,0,13,6,2016,2,21,40,0,1,4,2,4,"CR-ROBERTS LN","MACARTHUR DR",0,35.40868889,-119.03243889,0,15,0,0,1,1,0,1,2,1,0,1,0,"0000000",99,99,99,99,99,99,0,0,0,1,0
6,60918,2,2,0,1,1,1,1,71,0,24,5,2016,3,22,5,1,1,1,1,1,"I-15","",630,34.76921944,-117.14640833,0,12,7,0,1,1,0,1,2,1,0,1,0,"0000000",99,99,99,99,88,88,0,0,0,1,0
6,60919,1,1,0,1,1,1,1,67,712,24,2,2016,4,21,3,0,2,3,4,6,"ANTELOPE RD","ZENITH DR",0,38.70743889,-121.31528056,0,9,0,0,2,2,0,1,3,1,0,1,0,"0000000",99,99,99,99,99,99,0,0,0,1,0
6,60920,1,1,0,1,1,2,2,85,3340,12,2,2016,6,0,10,0,2,4,4,6,"WINCHESTER BL","DRIFTWOOD DR",0,37.29846389,-121.94983333,0,9,0,0,2,3,0,1,3,1,0,1,0,"0000000",99,99,99,99,88,88,0,0,0,1,0
6,60921,1,1,0,0,0,1,1,57,0,26,6,2016,1,13,10,1,1,2,1,3,"SR-20","",239,39.291,-120.93570556,0,17,0,0,1,1,0,4,1,1,0,1,0,"0000000",99,99,99,99,88,88,0,0,0,1,0
6,60922,1,1,0,1,1,1,1,37,0,25,1,2016,2,14,35,0,1,7,2,4,"CR-OCEANGATE AVE","132ND ST",0,33.91288333,-118.36711667,0,9,0,0,2,2,0,1,1,1,0,1,0,"0000000",99,99,99,99,99,99,0,0,0,1,0
6,60923,2,2,0,0,0,3,3,37,2700,21,2,2016,1,1,7,1,2,2,1,3,"SR-134","",128,34.14546111,-118.16601944,0,12,1,0,1,1,0,1,3,1,0,1,0,"0000000",99,99,99,99,99,99,19,0,0,1,0
6,60924,1,1,0,0,0,1,1,107,0,13,5,2016,6,8,45,0,1,5,2,4,"CR-AVENUE 360","",0,36.44432222,-119.46190556,0,1,0,0,1,1,0,4,1,1,0,1,0,"0000000",99,99,99,99,88,88,0,0,0,1,0
6,60925,1,1,0,0,0,1,1,1,0,27,6,2016,2,2,19,0,1,2,1,3,"SR-49","",142,38.44775278,-120.86245556,0,43,0,0,1,1,0,4,2,1,0,1,0,"0000000",99,99,99,99,88,88,0,0,0,1,0
6,60926,1,1,0,1,1,1,1,37,0,9,6,2016,5,21,45,0,1,4,2,4,"CR-COMPTON AVE","59TH ST",0,33.98738333,-118.24775278,0,8,0,0,2,3,0,1,3,10,0,10,0,"0000000",99,99,99,99,99,99,0,0,0,1,0
6,60927,2,2,0,1,1,4,4,37,1980,12,6,2016,1,8,17,1,2,1,1,1,"I-10","",109,34.03458333,-118.34188333,0,18,0,0,1,1,1,1,1,10,0,10,0,"0000000",99,99,8,25,99,99,14,15,0,1,0
6,60928,2,2,0,0,0,2,2,79,0,30,4,2016,7,18,14,0,1,2,1,3,"SR-58 E/B","",23,35.39159444,-120.59643333,0,12,2,0,1,1,0,1,1,1,0,1,0,"0000000",99,99,99,99,99,99,0,0,0,1,1
6,60929,2,2,0,0,0,2,2,1,2370,20,5,2016,6,21,25,1,2,2,1,3,"SR-84","",57,37.55762222,-122.04343056,0,12,1,0,1,1,0,1,2,1,0,1,0,"0000000",99,99,99,99,88,88,0,0,0,1,1
6,60930,1,1,0,0,0,2,2,97,4239,17,4,2016,1,1,3,1,2,2,1,2,"US-101  RAMP","OLD REDWOOD HIGHWAY",292,38.54633333,-122.8069,0,59,0,1,3,2,0,4,3,1,0,1,0,"0000000",99,99,99,99,99,99,0,0,0,1,1