"STATE","ST_CASE","VE_TOTAL","VE_FORMS","PVH_INVL","PEDS","PERNOTMVIT","PERMVIT","PERSONS","COUNTY","CITY","DAY","MONTH","YEAR","DAY_WEEK","HOUR","MINUTE","NHS","RUR_URB","FUNC_SYS","RD_OWNER","ROUTE","TWAY_ID","TWAY_ID2","MILEPT","LATITUDE","LONGITUD","SP_JUR","HARM_EV","MAN_COLL","RELJCT1","RELJCT2","TYP_INT","WRK_ZONE","REL_ROAD","LGT_COND","WEATHER1","WEATHER2","WEATHER","SCH_BUS","RAIL","NOT_HOUR","NOT_MIN","ARR_HOUR","ARR_MIN","HOSP_HR","HOSP_MN","CF1","CF2","CF3","FATALS","DRUNK_DR"
6,60931,1,1,0,0,0,1,1,1,2840,14,5,2016,7,7,30,1,2,1,1,1,"I-680 RAMP","",204,37.70158056,-121.914175,0,20,0,1,19,1,0,8,1,10,0,10,0,"0000000",99,99,99,99,88,88,0,0,0,1,0
6,60932,3,3,0,0,0,9,9,19,0,16,5,2016,2,16,54,1,1,2,1,3,"SR-99","",126,36.64258889,-119.70218333,0,12,1,0,1,1,0,1,1,1,0,1,0,"0000000",99,99,99,99,99,99,0,0,0,1,0
6,60933,1,1,0,0,0,3,3,25,0,26,5,2016,5,23,15,0,1,3,2,4,"CR-OGILBY RD","",0,32.94633889,-114.88942778,0,1,0,0,1,1,0,4,2,1,0,1,0,"0000000",99,99,99,99,99,99,0,0,0,1,0
6,60934,1,1,0,1,1,1,1,77,0,20,6,2016,2,19,46,0,1,2,1,3,"SR-88","",15,37.99856944,-121.2286,0,8,0,0,1,1,0,2,1,1,0,1,0,"0000000",99,99,99,99,88,88,23,0,0,1,0
6,60935,1,1,0,0,0,1,1,97,0,11,5,2016,4,15,17,0,1,5,2,4,"CR-ARMSTRONG WOODS RD","",0,38.51788611,-122.99597222,0,42,0,0,1,1,0,4,1,1,0,1,0,"0000000",99,99,99,99,88,88,0,0,0,1,0
6,60936,2,2,0,0,0,2,2,19,0,18,5,2016,4,23,50,1,1,1,1,1,"I-5","",45,36.129875,-120.15111389,0,12,1,0,1,1,0,1,2,1,0,1,0,"0000000",99,99,99,99,88,88,0,0,0,1,0
6,60937,2,2,0,0,0,3,3,45,0,22,6,2016,4,12,13,0,1,2,1,3,"SR-20","",45,39.40500556,-123.73405278,0,12,8,0,1,1,0,1,1,1,0,1,0,"0000000",99,99,99,99,99,99,0,0,0,1,0
6,60938,1,1,0,1,1,1,1,67,0,9,4,2016,7,22,6,0,1,3,2,4,"CR-47TH AVE","MLK JR BL",0,38.51036667,-121.46457778,0,8,0,0,3,2,0,1,3,2,0,2,0,"0000000",99,99,99,99,88,88,0,0,0,1,0
6,60939,1,1,0,0,0,1,1,67,0,29,4,2016,6,18,11,0,1,6,2,4,"CR-ISLETON ROAD","",0,38.19574722,-121.56001111,0,43,0,0,1,1,0,4,1,1,0,1,0,"0000000",99,99,99,99,99,99,0,0,0,1,0
6,60940,1,1,0,1,1,1,1,37,1980,16,3,2016,4,3,39,1,2,1,1,1,"I-110","",203,34.02265,-118.27698056,0,8,0,0,1,1,0,1,2,1,0,1,0,"0000000",99,99,99,99,88,88,0,0,0,1,0
6,60941,2,2,0,0,0,3,3,65,0,27,2,2016,7,14,38,0,1,5,2,4,"CR-HAMMOND ROAD","",0,33.55185278,-116.05334444,0,12,6,0,1,1,0,1,1,1,0,1,0,"0000000",99,99,99,99,99,99,0,0,0,1,1
6,60942,1,1,0,0,0,1,1,65,0,24,5,2016,3,19,22,0,1,7,2,4,"CR-GOLDEN ROD ROAD","",0,33.54449722,-117.13231667,0,42,0,0,1,1,0,4,1,1,0,1,0,"0000000",99,99,99,99,88,88,0,0,0,1,1
6,60943,2,2,0,0,0,4,4,5,0,10,6,2016,6,0,28,0,1,2,1,3,"SR-16","",26,38.47219722,-120.98190833,0,12,2,0,1,1,0,1,2,1,0,1,0,"0000000",99,99,99,99,99,99,0,0,0,2,0
6,60944,2,2,0,0,0,2,2,53,0,19,4,2016,3,3,12,1,1,2,1,2,"US-101","",486,36.27331944,-121.18375,0,12,6,0,1,1,0,1,2,1,0,1,0,"0000000",99,99,99,99,99,99,0,0,0,1,0
6,60945,2,2,0,0,0,3,3,5,0,19,6,2016,1,6,30,0,1,6,2,4,"CR-RIDGE RD","",0,38.40113889,-120.75201111,0,12,2,0,1,1,0,1,1,1,0,1,0,"0000000",99,99,99,99,99,99,0,0,0,1,0
6,60946,1,1,0,0,0,1,1,23,0,14,5,2016,7,13,55,0,1,4,1,3,"SR-36","",133,40.47741667,-123.96335,0,59,0,0,1,1,0,4,1,10,0,10,0,"0000000",99,99,99,99,88,88,0,0,0,1,1
6,60947,2,2,0,0,0,3,3,67,0,5,6,2016,1,0,43,1,1,2,1,3,"SR-99","",210,38.51207222,-121.46068889,0,12,1,1,18,1,0,1,3,1,0,1,0,"0000000",99,99,99,99,88,88,0,0,0,1,0
6,60948,2,2,0,0,0,2,2,19,0,28,6,2016,3,16,10,0,1,3,2,4,"CR-MCKINLEY AVE","ROLINDA AVE",0,36.76418333,-119.96086111,0,12,6,0,2,2,0,1,1,1,0,1,0,"0000000",99,99,99,99,99,99,0,0,0,1,0
6,60949,1,1,0,0,0,3,3,99,0,24,6,2016,6,18,35,1,1,1,1,1,"I-5","",150,37.45844444,-121.17591944,0,1,0,0,1,1,0,4,1,1,0,1,0,"0000000",99,99,99,99,99,99,0,0,0,1,1
6,60950,1,1,0,0,0,1,1,37,0,15,5,2016,1,16,0,0,1,3,2,4,"CR-SIERRA HWY","",0,34.516175,-118.27645278,0,35,0,0,1,1,0,4,1,1,0,1,0,"0000000",99,99,99,99,99,99,0,0,0,1,0
6,60951,1,1,0,0,0,1,1,65,4197,20,6,2016,2,2,6,1,2,1,1,1,"I-15","",175,33.64186667,-117.28375,0,39,0,0,1,1,0,4,2,1,0,1,0,"0000000",99,99,99,99,88,88,0,0,0,1,0
6,60952,2,2,0,0,0,6,6,77,3770,25,1,2016,2,0,49,0,2,7,4,6,"MARANATHA DR","BRYANT DR",0,38.02679722,-121.26438611,0,12,6,1,2,2,0,1,3,10,0,10,0,"0000000",99,99,99,99,99,99,0,0,0,1,1
6,60953,1,1,0,1,1,1,1,37,804,5,2,2016,6,16,15,0,2,4,4,6,"TELEGRAPH RD","MCBRIDE AVE",0,34.01606944,-118.17086111,0,33,0,0,3,2,0,4,1,1,0,1,0,"0000000",99,99,99,99,99,99,15,0,0,1,0
6,60954,2,2,0,1,1,5,5,39,0,10,5,2016,3,1,7,1,1,2,1,3,"SR-99","",130,36.98774722,-120.09056111,0,8,0,0,1,1,0,2,2,1,0,1,0,"0000000",99,99,99,99,88,88,0,0,0,1,0
6,60955,4,2,2,0,2,2,4,67,3150,24,4,2016,1,17,34,1,2,2,1,2,"US-50","",40,38.55505278,-121.40275833,0,14,0,0,1,1,0,2,1,1,0,1,0,"0000000",99,99,99,99,99,99,14,0,0,1,1
6,60956,3,3,0,0,0,5,5,67,0,3,5,2016,3,22,54,0,1,2,1,3,"SR-16 (JACKSON ROAD)","",165,38.543375,-121.38726944,0,12,8,0,1,1,0,1,3,1,0,1,0,"0000000",99,99,99,99,99,99,0,0,0,2,1
6,60957,1,1,0,0,0,1,1,67,0,14,6,2016,3,4,25,0,1,3,2,4,"CR-SCOTT RD","",0,38.52876389,-121.10410833,0,38,0,0,1,1,0,4,2,1,0,1,0,"0000000",99,99,99,99,88,88,0,0,0,1,0
6,60958,4,4,0,0,0,4,4,77,0,22,6,2016,4,6,2,0,1,2,1,3,"SR-26","",200,38.09218333,-120.94722778,0,12,2,0,1,1,0,1,1,1,0,1,0,"0000000",99,99,99,99,99,99,14,0,0,1,0
6,60959,1,1,0,0,0,2,2,115,0,27,6,2016,2,10,49,1,1,2,1,3,"SR-20","",194,39.21112222,-121.31726111,0,1,0,0,1,1,0,1,1,1,0,1,0,"0000000",99,99,99,99,99,99,0,0,0,1,0
6,60960,1,1,0,0,0,1,1,109,0,18,6,2016,7,4,35,0,1,6,2,4,"CR-ALGERINE RD","",0,37.91603333,-120.38918889,0,23,0,0,1,1,0,4,2,1,0,1,0,"0000000",99,99,99,99,88,88,0,0,0,1,1
6,60961,1,1,0,0,0,2,2,19,1370,23,6,2016,5,18,54,0,2,2,1,3,"SR-168 RAMP","",599,36.756275,-119.75079722,0,24,0,0,5,1,0,4,1,1,0,1,0,"0000000",99,99,99,99,99,99,0,0,0,1,0
6,60962,1,1,0,0,0,1,1,65,0,11,6,2016,7,18,56,0,1,4,2,4,"CR-TEMESCAL CANYON RD","",0,33.73222778,-117.40918611,0,42,0,0,1,1,0,4,1,10,0,10,0,"0000000",99,99,99,99,99,99,0,0,0,1,0
6,60963,2,2,0,0,0,2,2,71,3000,18,6,2016,7,14,30,1,2,2,1,3,"SR-210","",167,34.13637222,-117.40510833,0,12,6,0,1,1,0,1,1,1,0,1,0,"0000000",99,99,99,99,99,99,0,0,0,1,1
6,60964,2,2,0,0,0,3,3,5,0,17,5,2016,3,11,5,0,1,2,1,3,"SR-49","",130,38.43223056,-120.85254167,0,12,2,0,1,1,0,1,1,1,0,1,0,"0000000",99,99,99,99,99,99,0,0,0,2,0
6,60965,1,1,0,0,0,1,1,85,0,20,4,2016,4,13,33,0,1,3,1,3,"SR-17","",52,37.20621389,-121.99071111,0,24,0,0,1,1,0,4,1,10,0,10,0,"0000000",99,99,99,99,88,88,0,0,0,1,0
6,60966,1,1,0,0,0,4,4,39,0,27,6,2016,2,13,35,0,1,5,2,4,"CR-FIREBAUGH BLVD","",0,36.90660833,-120.2763,0,6,0,0,1,1,0,1,1,1,0,1,0,"0000000",99,99,99,99,88,88,0,0,0,1,0
6,60967,1,1,0,0,0,2,2,59,4267,30,1,2016,7,0,57,0,2,7,4,6,"HIDDEN HILLS ROAD","",0,33.88104444,-117.745125,0,33,0,0,1,1,0,4,3,1,0,1,0,"0000000",99,99,99,99,99,99,0,0,0,1,1
6,60968,1,1,0,0,0,1,1,37,1695,10,2,2016,4,2,9,0,2,3,4,6,"CROSSROADS PARKWAY NORTH","",0,34.02941667,-118.01477778,0,33,0,0,1,1,0,4,3,1,0,1,0,"0000000",99,99,99,99,88,88,0,0,0,1,0
6,60969,1,1,0,1,1,1,1,111,4027,18,2,2016,5,10,4,0,2,5,4,6,"BRISTOL ROAD","SUNRIDGE DRIVE",0,34.25400556,-119.20140833,0,15,0,0,2,2,0,1,1,1,0,1,0,"0000000",99,99,99,99,99,99,16,0,0,1,0
6,60970,1,1,0,1,1,5,5,85,3340,25,2,2016,5,8,18,0,2,7,4,6,"BELLINGHAM DRIVE","",0,37.30747222,-121.82924444,0,8,0,0,8,1,0,4,1,1,0,1,0,"0000000",99,99,99,99,88,88,24,0,0,1,0
6,60971,1,1,0,0,0,2,2,17,0,12,6,2016,1,11,23,0,2,4,2,4,"CR-MOTHER LODE DRIVE","",0,38.67022778,-120.89485,0,1,0,0,1,1,0,1,1,1,0,1,0,"0000000",99,99,99,99,99,99,0,0,0,1,0
6,60972,1,1,0,0,0,1,1,107,0,20,6,2016,2,15,25,0,1,7,2,4,"CR-WORTH DR","",0,36.06403333,-118.909,0,33,0,0,1,1,0,4,1,1,0,1,0,"0000000",99,99,99,99,88,88,0,0,0,1,0
6,60973,1,1,0,1,1,1,1,73,3260,11,4,2016,2,21,56,1,2,2,1,3,"SR-94","",20,32.71326389,-117.13851667,0,8,0,0,1,1,0,1,2,1,0,1,0,"0000000",99,99,99,99,88,88,0,0,0,1,0
6,60974,2,2,0,0,0,2,2,65,0,12,6,2016,1,1,20,0,1,4,2,4,"CR-MURRIETA HOT SPRINGS RD","",0,33.55222778,-117.12358333,0,12,2,0,1,1,0,1,2,1,0,1,0,"0000000",99,99,99,99,99,99,0,0,0,1,1
6,60975,1,1,0,1,1,1,1,75,3290,11,3,2016,6,5,50,0,2,3,4,6,"BROADWAY ST","POWELL ST",0,37.79741667,-122.41027222,0,8,0,0,3,2,0,1,3,2,0,2,0,"0000000",99,99,99,99,88,88,0,0,0,1,0
6,60976,1,1,0,1,1,1,1,71,4000,22,3,2016,3,5,20,0,2,3,4,6,"MOUNTAIN AVE","",0,34.08928889,-117.67013056,0,8,0,0,1,1,0,1,3,1,0,1,0,"0000000",99,99,99,99,88,88,0,0,0,1,0
6,60977,1,1,0,1,1,1,1,37,1980,20,3,2016,1,6,30,0,2,3,4,6,"VERMONT AVE","VERNON AVE",0,34.00358056,-118.29158333,0,8,0,0,3,2,0,1,1,10,0,10,0,"0000000",99,99,99,99,99,99,0,0,0,1,0
6,60978,2,1,1,1,1,2,2,65,3070,5,3,2016,7,9,9,0,2,5,4,6,"68TH ST","",0,33.9645,-117.54266667,0,8,0,0,1,1,1,4,1,10,0,10,0,"0000000",99,99,99,99,88,88,0,0,0,1,1
6,60979,1,1,0,1,1,1,1,65,0,2,7,2016,7,19,30,0,1,5,2,4,"CR-NORTH INDIAN CANYON DR","",0,33.92766667,-116.54524722,0,8,0,0,1,1,0,2,5,1,0,1,0,"0000000",88,88,88,88,88,88,0,0,0,1,1
6,60980,1,1,0,1,1,1,1,67,0,4,7,2016,2,20,15,0,1,4,2,4,"CR-SAN JUAN AVE","",0,38.64999722,-121.29201667,0,8,0,0,1,1,0,1,1,1,0,1,0,"0000000",99,99,99,99,88,88,0,0,0,1,0
6,60981,1,1,0,0,0,1,1,59,80,1,7,2016,6,0,0,1,2,2,1,3,"SR-91","",84,33.85102222,-117.83743889,0,33,0,0,1,1,0,4,2,1,0,1,0,"0000000",99,99,99,99,88,88,0,0,0,1,1
6,60982,1,1,0,0,0,1,1,85,3340,1,7,2016,6,22,45,1,2,2,1,2,"US-101 RAMP","",269,37.24499444,-121.77165278,0,1,0,1,5,1,0,4,2,1,0,1,0,"0000000",99,99,99,99,88,88,0,0,0,1,1
6,60983,1,1,0,0,0,1,1,47,0,4,7,2016,2,13,50,1,1,2,1,3,"SR-152","",85,37.08118056,-121.09201944,0,24,0,0,1,1,0,3,1,6,0,6,0,"0000000",99,99,99,99,88,88,0,0,0,1,0
6,60984,2,1,1,0,1,2,3,65,9997,2,7,2016,7,1,19,1,2,2,1,3,"SR-60","",1,34.02342222,-117.55673889,0,1,0,1,19,1,0,4,3,1,0,1,0,"0000000",99,99,99,99,99,99,0,0,0,1,0
6,60985,1,1,0,0,0,1,1,71,0,3,7,2016,1,99,99,1,1,3,1,3,"SR-38","",527,34.261725,-116.89968333,0,43,0,0,1,1,0,4,2,1,0,1,0,"0000000",99,99,99,99,88,88,0,0,0,1,0
6,60986,2,2,0,0,0,7,7,71,0,1,7,2016,6,4,10,1,1,1,1,1,"I-15","",1170,35.08753611,-116.32224722,0,24,0,0,1,1,0,4,2,1,0,1,0,"0000000",99,99,99,99,99,99,0,0,0,1,0
6,60987,1,1,0,0,0,4,4,29,0,3,7,2016,1,16,40,0,1,3,2,4,"CR-ALFRED HARRELL HWY","",0,35.436175,-118.93205278,0,24,0,1,19,1,0,3,1,1,0,1,0,"0000000",99,99,99,99,99,99,0,0,0,2,1
6,60988,1,1,0,0,0,1,1,77,0,1,7,2016,6,11,55,0,1,2,1,3,"SR-4","",78,37.91825833,-121.44138889,0,1,0,0,1,1,0,4,1,10,0,10,0,"0000000",99,99,99,99,88,88,0,0,0,1,0
6,60989,3,3,0,0,0,11,11,95,1260,2,7,2016,7,11,20,1,2,2,1,3,"SR-12 E/B","",26,38.23989444,-122.07818611,0,12,1,0,1,1,0,1,1,1,0,1,0,"0000000",99,99,99,99,99,99,28,0,0,1,0
6,60990,1,1,0,0,0,1,1,37,3870,4,7,2016,2,3,5,1,2,1,1,1,"I-405","",145,33.85989722,-118.30974722,0,25,0,0,1,1,0,3,3,1,0,1,0,"0000000",99,99,99,99,88,88,0,0,0,1,0
6,60992,1,1,0,0,0,1,1,77,0,29,2,2016,2,23,7,1,1,2,1,3,"SR-99","",377,38.23100833,-121.27894722,0,42,0,0,1,1,0,4,2,1,0,1,0,"0000000",99,99,99,99,88,88,0,0,0,1,0
6,60993,2,2,0,0,0,4,4,65,0,10,5,2016,3,6,14,0,1,5,2,4,"CR-MOUNTAIN AVE","",0,33.76223611,-116.91306667,0,12,8,0,1,1,0,1,1,1,0,1,0,"0000000",99,99,99,99,99,99,0,0,0,1,0
6,60994,1,1,0,1,1,1,1,77,3770,1,4,2016,6,11,31,0,2,7,4,6,"TAMWORTH WAY","ROBINHOOD DRIVE",0,38.00099722,-121.31388333,0,8,0,0,3,2,0,1,1,1,0,1,0,"0000000",99,99,99,99,88,88,0,0,0,1,0
6,60995,1,1,0,1,1,2,2,107,4050,1,4,2016,6,20,27,0,2,4,4,6,"WALNUT AVE","SALLEE ST",0,36.31294167,-119.31766389,0,8,0,0,3,3,0,1,3,1,0,1,0,"0000000",99,99,99,99,99,99,0,0,0,1,0
6,60996,1,1,0,1,1,1,1,67,3150,10,4,2016,1,1,18,0,2,3,4,6,"NORTHGATE BLVD","",0,38.63719167,-121.47695,0,8,0,0,1,1,0,1,3,2,0,2,0,"0000000",99,99,99,99,88,88,0,0,0,1,0
6,60997,2,2,0,0,0,2,2,37,1980,12,4,2016,3,23,5,0,2,3,4,6,"IMPERIAL HIGHWAY","MAIN ST",0,33.93100833,-118.27390556,0,12,6,0,2,2,0,1,3,1,0,1,0,"0000000",99,99,99,99,99,99,0,0,0,1,0
6,60998,1,1,0,1,1,1,1,65,1580,15,4,2016,6,20,22,0,2,5,4,6,"CAWSTON AVE","",0,33.7275,-117.01534444,0,8,0,0,1,1,0,1,3,1,0,1,0,"0000000",99,99,99,99,88,88,0,0,0,1,0
6,60999,3,3,0,0,0,4,4,65,0,9,7,2016,7,10,42,1,1,2,1,3,"SR-74 (WESTBOUND)","OLD STATE HIGHWAY",339,33.73889722,-117.08405,0,12,6,0,3,3,0,1,1,1,0,1,0,"0000000",99,99,99,99,99,99,0,0,0,1,0
6,61000,2,1,1,1,1,3,3,71,0,12,7,2016,3,6,11,1,1,1,1,1,"I-15","",510,34.633,-117.2267,0,14,0,0,1,1,0,2,1,1,0,1,0,"0000000",99,99,99,99,99,99,23,0,0,1,0
6,61001,3,3,0,0,0,5,5,59,3250,10,7,2016,1,0,20,1,2,1,1,1,"I-5 N/B (SAN DIEGO FRWY)","",51,33.45369722,-117.64535833,0,24,0,0,1,1,1,4,2,1,0,1,0,"0000000",99,99,99,99,99,99,14,0,0,2,1
6,61002,1,1,0,0,0,2,2,17,0,20,6,2016,2,23,45,0,1,5,2,4,"CR-BEATTY DR","",0,38.68474167,-121.09441944,0,33,0,0,1,1,0,4,2,1,0,1,0,"0000000",99,99,99,99,99,99,0,0,0,1,0
6,61003,2,2,0,0,0,3,3,97,3490,21,6,2016,3,17,30,1,2,2,1,2,"US-101","",230,38.47798333,-122.73231389,0,12,1,0,1,1,0,1,1,1,0,1,0,"0000000",99,99,99,99,99,99,0,0,0,1,0
6,61004,2,2,0,0,0,2,2,71,0,22,6,2016,4,5,33,1,1,1,1,1,"I-15","",275,34.35006111,-117.44566111,0,12,1,0,1,1,0,1,4,1,0,1,0,"0000000",99,99,5,46,88,88,0,0,0,1,0
6,61005,1,1,0,1,1,1,1,67,3150,19,4,2016,3,9,19,0,2,3,4,6,"POWER INN ROAD","",0,38.521,-121.409075,0,33,0,0,1,1,0,4,1,1,0,1,0,"0000000",99,99,99,99,99,99,0,0,0,1,0
6,61006,1,1,0,1,1,1,1,23,1220,18,2,2016,5,15,16,1,2,3,1,2,"US-101","O ST",790,40.80411111,-124.15640556,0,8,0,0,3,2,0,1,1,10,0,10,0,"0000000",99,99,99,99,99,99,0,0,0,1,0
6,61007,1,1,0,1,1,1,1,37,1980,21,4,2016,5,23,25,0,2,3,4,6,"SLAUSON AVE","",0,33.98913333,-118.31336667,0,8,0,0,1,1,0,1,3,1,0,1,0,"0000000",99,99,99,99,88,88,19,0,0,1,0
6,61008,1,1,0,1,1,1,1,37,1430,16,4,2016,7,20,0,0,2,4,4,6,"EAST BROADWAY","BELMONT ST",0,34.14624722,-118.24311944,0,8,0,0,3,2,0,1,3,1,0,1,0,"0000000",99,99,99,99,99,99,0,0,0,1,0
6,61009,1,1,0,0,0,1,1,67,0,26,4,2016,3,8,3,1,1,1,1,1,"I-80 RAMP","",143,38.68275,-121.33762222,0,1,0,1,20,1,0,1,1,1,0,1,0,"0000000",99,99,99,99,88,88,0,0,0,1,0
6,61010,1,1,0,0,0,8,8,65,4197,18,6,2016,7,3,45,1,2,1,1,1,"I-15","",131,33.59050833,-117.23931111,0,38,0,0,1,1,0,4,3,1,0,1,0,"0000000",99,99,99,99,99,99,0,0,0,1,0
6,61011,3,3,0,0,0,3,3,95,0,26,5,2016,5,10,22,1,1,2,1,3,"SR-12","",140,38.2153,-121.88396944,0,12,2,0,1,1,0,2,1,1,0,1,0,"0000000",99,99,99,99,99,99,14,0,0,1,0
6,61012,1,1,0,0,0,1,1,73,2510,16,6,2016,5,23,15,1,2,2,1,3,"SR-78","",14,33.18119722,-117.32866389,0,35,0,1,19,1,0,4,2,1,0,1,0,"0000000",99,99,99,99,88,88,0,0,0,1,1
6,61013,1,1,0,0,0,3,3,53,0,5,7,2016,3,16,25,0,1,5,2,4,"CR-CATTLEMEN RD","",0,36.03379167,-120.91,0,1,0,0,1,1,0,1,1,1,0,1,0,"0000000",99,99,99,99,99,99,0,0,0,1,0
6,61014,1,1,0,0,0,1,1,79,0,3,6,2016,6,2,55,1,1,2,1,2,"US-101","",427,35.45048333,-120.63965,0,35,0,0,1,1,0,4,3,1,0,1,0,"0000000",99,99,99,99,88,88,0,0,0,1,1
6,61015,1,1,0,0,0,1,1,59,1410,30,4,2016,7,1,42,0,2,3,4,6,"CHAPMAN AVE","",0,33.78875556,-117.92882222,0,33,0,0,1,1,0,4,3,2,0,2,0,"0000000",99,99,99,99,88,88,0,0,0,1,1
6,61016,1,1,0,1,1,2,2,67,0,1,6,2016,4,19,55,0,1,4,2,4,"CR-FRENCH ROAD","OCATILLO ST",0,38.48173333,-121.390275,0,9,0,0,3,2,0,1,1,1,0,1,0,"0000000",99,99,99,99,99,99,0,0,0,1,0
6,61017,1,1,0,0,0,1,1,73,0,7,5,2016,7,6,54,1,1,1,1,1,"I-5","",721,33.39324444,-117.59167778,0,1,0,0,1,1,0,3,1,10,0,10,0,"0000000",99,99,99,99,88,88,0,0,0,1,0
6,61018,1,1,0,1,1,2,2,13,110,18,2,2016,5,20,10,0,2,3,4,6,"G ST","",0,37.99824722,-121.81525833,0,8,0,0,1,1,0,1,3,1,0,1,0,"0000000",99,99,99,99,99,99,0,0,0,1,0
6,61019,1,1,0,1,1,2,2,65,410,18,3,2016,6,23,50,0,2,5,4,6,"HOBSON WY","",0,33.61094722,-114.55693889,0,8,0,0,1,1,0,1,2,1,0,1,0,"0000000",99,99,99,99,88,88,0,0,0,1,0
6,61020,1,1,0,0,0,1,1,37,1980,20,5,2016,6,2,30,0,2,3,4,6,"RIVERSIDE DR","",0,34.09920278,-118.24945278,0,33,0,0,1,1,0,4,3,1,0,1,0,"0000000",99,99,99,99,88,88,0,0,0,1,0
6,61021,1,1,0,1,1,2,2,107,4050,4,4,2016,2,9,5,0,2,4,4,6,"SANTA FE ST","",0,36.30370278,-119.28722778,0,9,0,0,1,1,0,1,1,1,0,1,0,"0000000",99,99,9,13,99,99,16,0,0,1,0
6,61022,1,1,0,1,1,2,2,67,3150,25,4,2016,2,20,8,0,2,3,4,6,"EL CAMINO AVE","",0,38.61109444,-121.42178889,0,9,0,0,1,1,0,1,5,1,0,1,0,"0000000",99,99,99,99,99,99,0,0,0,1,1
6,61023,1,1,0,0,0,1,1,37,3455,25,6,2016,7,0,59,0,2,4,4,6,"LOS NIETOS RD","",0,33.95520833,-118.06796944,0,33,0,0,1,1,0,4,3,1,0,1,0,"0000000",99,99,99,99,88,88,0,0,0,1,0
6,61024,1,1,0,1,1,1,1,59,3420,29,4,2016,6,20,35,0,2,4,4,6,"5TH ST","FAIRVIEW ST",0,33.74877222,-117.90469167,0,8,0,0,3,2,0,1,3,1,0,1,0,"0000000",99,99,99,99,99,99,0,0,0,1,0
6,61025,1,1,0,0,0,2,2,37,2684,9,6,2016,5,3,25,0,2,4,4,6,"SOMERSET BL","",0,33.89640278,-118.17459722,0,33,0,0,1,1,0,4,3,1,0,1,0,"0000000",99,99,99,99,88,88,0,0,0,1,1
6,61026,1,1,0,0,0,1,1,37,4190,4,6,2016,7,19,46,0,2,3,4,6,"BEVERLY BL","",0,33.98826667,-118.0482,0,24,0,0,1,1,0,3,1,1,0,1,0,"0000000",99,99,99,99,88,88,0,0,0,1,0
6,61027,1,1,0,1,1,2,2,65,0,30,4,2016,7,20,15,0,2,2,1,3,"SR-74","",238,33.76135278,-117.26628611,0,49,0,0,1,1,0,1,2,1,0,1,0,"0000000",99,99,99,99,99,99,0,0,0,1,0
6,61028,1,1,0,0,0,1,1,59,2560,4,5,2016,4,11,12,1,2,2,1,3,"SR-57","",173,33.78778889,-117.87981111,0,23,0,1,19,1,0,4,1,10,0,10,0,"0000000",99,99,99,99,88,88,0,0,0,1,0
6,61029,2,2,0,0,0,3,3,75,3290,27,4,2016,4,12,7,0,2,3,4,6,"THE EMBARCADERO","BRYANT ST",0,37.78706389,-122.38770833,0,12,6,0,2,2,0,1,1,1,0,1,0,"0000000",99,99,99,99,99,99,0,0,0,1,0
6,61030,1,1,0,1,1,1,1,75,3290,10,5,2016,3,22,25,0,2,4,4,6,"BROTHERHOOD WY","",0,37.71281111,-122.47145556,0,8,0,0,5,1,0,1,3,10,0,10,0,"0000000",99,99,99,99,99,99,0,0,0,1,1
6,61031,2,2,0,0,0,3,3,37,1980,30,4,2016,7,19,45,0,2,3,4,6,"SHERMAN WAY","LURLINE AVE",0,34.20111111,-118.584125,0,12,6,0,2,2,0,1,3,1,0,1,0,"0000000",99,99,99,99,99,99,0,0,0,1,0
6,61032,1,1,0,0,0,1,1,95,4020,29,4,2016,6,9,45,0,2,4,4,6,"COUCH ST","",0,38.1177,-122.252425,0,30,0,0,1,1,0,4,1,1,0,1,0,"0000000",99,99,99,99,99,99,0,0,0,1,1
6,61033,2,2,0,0,0,3,3,37,930,7,5,2016,7,13,41,0,2,3,4,6,"OVERLAND AVE","",0,34.00138056,-118.39097222,0,33,0,0,1,1,0,3,1,10,0,10,0,"0000000",99,99,99,99,88,88,0,0,0,1,0
6,61034,1,1,0,0,0,1,1,113,4163,19,5,2016,5,18,26,0,2,5,4,6,"TOWER BRIDGE GATEWAY","",0,38.58206111,-121.51427778,0,43,0,0,1,1,0,4,1,10,0,10,0,"0000000",99,99,99,99,99,99,0,0,0,1,0
6,61035,1,1,0,1,1,1,1,73,2340,13,6,2016,2,4,15,1,1,1,1,1,"I-5","",117,32.68018889,-117.11015278,0,8,0,0,1,1,0,1,2,10,0,10,0,"0000000",99,99,99,99,88,88,0,0,0,1,0
6,61036,1,1,0,1,1,1,1,71,1603,11,1,2016,2,20,0,0,2,4,4,6,"COTTONWOOD AVE","WALNUT ST",0,34.42503611,-117.33841389,0,8,0,0,2,3,0,1,2,1,0,1,0,"0000000",99,99,99,99,99,99,0,0,0,1,0
6,61037,1,1,0,1,1,1,1,73,3260,11,5,2016,4,20,58,0,2,4,4,6,"DAIRY MART ROAD","",0,32.56055556,-117.06241944,0,8,0,0,1,1,0,1,2,1,0,1,0,"0000000",99,99,99,99,88,88,0,0,0,1,0
6,61038,2,2,0,0,0,2,2,65,526,11,5,2016,4,11,26,0,2,7,4,6,"DESERT LAWN DRIVE","",0,33.95165278,-117.01173056,0,12,2,0,1,1,0,1,1,1,0,1,0,"0000000",99,99,99,99,99,99,0,0,0,1,0
6,61039,1,1,0,1,1,1,1,67,3150,5,5,2016,5,5,55,0,2,4,4,6,"ROSEVILLE ROAD","",0,38.63146944,-121.41265556,0,8,0,0,1,1,0,1,4,1,0,1,0,"0000000",99,99,99,99,88,88,0,0,0,1,0