"STATE","ST_CASE","VE_TOTAL","VE_FORMS","PVH_INVL","PEDS","PERNOTMVIT","PERMVIT","PERSONS","COUNTY","CITY","DAY","MONTH","YEAR","DAY_WEEK","HOUR","MINUTE","NHS","RUR_URB","FUNC_SYS","RD_OWNER","ROUTE","TWAY_ID","TWAY_ID2","MILEPT","LATITUDE","LONGITUD","SP_JUR","HARM_EV","MAN_COLL","RELJCT1","RELJCT2","TYP_INT","WRK_ZONE","REL_ROAD","LGT_COND","WEATHER1","WEATHER2","WEATHER","SCH_BUS","RAIL","NOT_HOUR","NOT_MIN","ARR_HOUR","ARR_MIN","HOSP_HR","HOSP_MN","CF1","CF2","CF3","FATALS","DRUNK_DR"
6,61040,1,1,0,1,1,1,1,81,2980,31,1,2016,1,20,27,0,2,4,4,6,"BROADWAY ST","BEECH ST",0,37.48685556,-122.22113333,0,8,0,0,2,2,0,1,3,1,0,1,0,"0000000",99,99,99,99,99,99,0,0,0,1,0
6,61041,1,1,0,1,1,1,1,73,3499,4,3,2016,6,11,57,0,2,4,4,6,"CUYAMACA ST","",0,32.84469444,-116.98371111,0,9,0,0,1,1,0,1,1,1,0,1,0,"0000000",99,99,99,99,99,99,0,0,0,1,0
6,61042,2,2,0,0,0,4,4,57,3900,8,5,2016,1,19,20,0,2,5,4,6,"GLENSHIRE DRIVE","OLD HIGHWAY 40",0,39.35735833,-120.11863611,0,12,8,0,3,3,0,1,1,1,0,1,0,"0000000",99,99,99,99,99,99,0,0,0,1,1
6,61043,2,2,0,0,0,2,2,17,0,27,4,2016,4,18,0,0,1,4,2,4,"CR-PLEASANT VALLEY RD","",0,38.68588056,-120.77839444,0,12,2,0,1,1,0,1,1,10,0,10,0,"0000000",99,99,99,99,99,99,0,0,0,1,0
6,61044,1,1,0,1,1,1,1,67,0,7,5,2016,7,23,42,0,1,3,2,4,"CR-WATT AVE","MARCONI AVE",0,38.61765278,-121.38301944,0,8,0,0,3,2,0,1,3,10,0,10,0,"0000000",99,99,99,99,99,99,0,0,0,1,0
6,61045,3,3,0,0,0,5,5,95,0,21,5,2016,7,18,48,0,1,2,1,3,"SR-113","HAY RD",101,38.315025,-121.82343611,0,12,2,0,2,3,0,1,1,1,0,1,0,"0000000",99,99,99,99,88,88,14,0,0,2,1
6,61046,2,2,0,0,0,2,2,73,0,19,6,2016,1,16,50,0,1,2,1,3,"SR-78","",532,33.10610833,-116.65577778,0,1,0,0,1,1,0,1,1,1,0,1,0,"0000000",99,99,99,99,99,99,14,0,0,1,1
6,61047,2,2,0,0,0,6,6,73,0,19,6,2016,1,15,25,0,1,5,2,4,"CR-ELKELTON BL","",0,32.70533611,-117.01349722,0,12,2,0,1,1,0,1,1,1,0,1,0,"0000000",99,99,99,99,99,99,0,0,0,1,1
6,61048,1,1,0,0,0,4,4,71,0,26,6,2016,1,23,15,1,1,1,1,1,"I-15","",1347,35.23866944,-116.09800278,0,1,0,0,1,1,0,4,2,1,0,1,0,"0000000",99,99,99,99,88,88,0,0,0,1,0
6,61049,1,1,0,0,0,1,1,59,3558,24,4,2016,1,21,21,0,2,3,4,6,"SEAL BEACH BLVD","",0,33.77438611,-118.07504167,0,5,0,1,18,1,0,1,3,1,0,1,0,"0000000",99,99,99,99,99,99,0,0,0,1,0
6,61050,1,1,0,1,1,1,1,73,1820,10,5,2016,3,20,23,0,2,3,4,6,"EL CAJON BLVD","",0,32.76845556,-117.03725833,0,8,0,0,1,1,0,1,3,1,0,1,0,"0000000",99,99,99,99,99,99,0,0,0,1,0
6,61051,1,1,0,1,1,1,1,37,1980,11,5,2016,4,22,10,0,2,4,4,6,"TOPANGA CANYON BLVD","",0,34.22735278,-118.60527778,0,18,0,0,1,1,0,1,3,1,0,1,0,"0000000",99,99,99,99,88,88,15,0,0,1,0
6,61052,1,1,0,1,1,1,1,37,4120,12,5,2016,5,20,56,0,2,3,4,6,"AZUSA AVE","FAIRGROVE AVE",0,34.04301944,-117.91124722,0,8,0,0,3,3,0,1,3,1,0,1,0,"0000000",99,99,99,99,88,88,0,0,0,1,0
6,61053,1,1,0,0,0,1,1,59,1660,14,5,2016,7,0,3,0,2,3,4,6,"WARNER AVE","",0,33.71529167,-118.04851389,0,33,0,0,1,1,0,4,3,1,0,1,0,"0000000",99,99,99,99,88,88,0,0,0,1,1
6,61054,1,1,0,0,0,2,2,65,2278,14,4,2016,5,21,32,0,2,5,4,6,"MANZANITA AVE","",0,33.96263333,-117.23207778,0,33,0,0,1,1,0,4,3,1,0,1,0,"0000000",99,99,99,99,99,99,0,0,0,1,1
6,61055,1,1,0,0,0,2,2,21,0,20,6,2016,2,2,0,0,1,2,1,3,"SR-162","",563,39.55788611,-122.36351667,0,1,0,0,1,1,0,4,2,1,0,1,0,"0000000",99,99,99,99,88,88,0,0,0,1,0
6,61056,2,2,0,1,1,2,2,85,2000,11,4,2016,2,5,8,0,2,2,1,3,"SR-85 RAMP","",95,37.25546944,-121.95238056,0,8,0,0,20,1,0,1,2,1,0,1,0,"0000000",99,99,99,99,88,88,0,0,0,1,0
6,61057,2,2,0,0,0,3,3,85,3340,5,6,2016,1,22,5,1,2,1,1,1,"I-280","",3,37.33644167,-121.85668333,0,12,1,0,1,1,0,1,2,1,0,1,0,"0000000",99,99,99,99,99,99,0,0,0,1,1
6,61058,1,1,0,1,1,1,1,37,4120,13,5,2016,6,7,8,0,2,3,4,6,"SUNSET AVE","ROWLAND AVE",0,34.07953056,-117.93496667,0,8,0,0,3,3,0,1,1,1,0,1,0,"0000000",99,99,99,99,99,99,0,0,0,1,0
6,61059,2,2,0,0,0,2,2,67,3150,4,5,2016,4,13,34,0,2,3,4,6,"ELDER CREEK ROAD","LOGAN STREET",0,38.51057778,-121.41518611,0,12,2,0,2,3,0,1,1,10,0,10,0,"0000000",99,99,99,99,99,99,14,0,0,1,0
6,61060,1,1,0,0,0,1,1,69,1620,17,5,2016,3,15,33,0,2,7,4,6,"PARK STREET","",0,36.843475,-121.39514722,0,42,0,0,1,1,0,4,1,1,0,1,0,"0000000",99,99,99,99,99,99,0,0,0,1,0
6,61061,3,3,0,0,0,3,3,67,3150,20,5,2016,6,19,42,0,2,4,4,6,"BROADWAY","",0,38.546775,-121.45719444,0,12,8,0,1,1,0,1,1,2,0,2,0,"0000000",99,99,99,99,99,99,0,0,0,1,1
6,61062,1,1,0,0,0,1,1,15,0,8,5,2016,1,21,15,1,1,3,1,2,"US-199","",312,41.93846667,-123.75418333,0,33,0,0,1,1,0,4,2,1,0,1,0,"0000000",99,99,99,99,99,99,0,0,0,1,0
6,61063,2,2,0,0,0,5,5,73,560,29,4,2016,6,15,45,1,2,1,1,1,"I-5","",455,33.10142222,-117.3094,0,12,1,0,1,1,0,1,1,1,0,1,0,"0000000",99,99,99,99,88,88,0,0,0,1,1
6,61064,1,1,0,1,1,1,1,39,0,26,5,2016,5,4,59,1,1,2,1,3,"SR-99","",18,36.86064722,-119.95530833,0,8,0,0,1,1,0,1,2,1,0,1,0,"0000000",99,99,99,99,88,88,19,0,0,1,0
6,61065,2,2,0,0,0,2,2,37,3270,16,4,2016,7,1,20,0,2,2,1,3,"SR-57","",0,34.08051111,-117.81660556,0,12,1,0,1,1,0,1,3,1,0,1,0,"0000000",88,88,88,88,88,88,0,0,0,1,0
6,61066,1,1,0,1,1,1,1,67,1390,10,3,2016,5,21,40,0,2,5,4,6,"F ST","4TH ST",0,38.24919722,-121.30438889,0,8,0,0,2,2,0,1,3,2,0,2,0,"0000000",99,99,99,99,99,99,0,0,0,1,1
6,61067,1,1,0,0,0,1,1,61,3110,11,1,2016,2,4,47,0,2,4,4,6,"CIRBY WAY","",0,38.72932222,-121.29883333,0,33,0,0,1,1,0,4,3,10,0,10,0,"0000000",99,99,99,99,88,88,0,0,0,1,1
6,61068,1,1,0,0,0,1,1,55,0,13,5,2016,6,11,55,0,1,2,1,3,"SR-128","",289,38.46080556,-122.15289167,0,59,0,0,1,1,0,4,1,1,0,1,0,"0000000",99,99,99,99,88,88,0,0,0,1,0
6,61069,1,1,0,0,0,1,1,81,0,26,4,2016,3,3,23,0,1,3,1,3,"SR-1","",374,37.55707778,-122.51348056,0,35,0,0,1,1,0,4,2,10,0,10,0,"0000000",99,99,99,99,88,88,0,0,0,1,0
6,61070,2,2,0,0,0,6,6,3,0,29,5,2016,1,12,30,1,1,2,1,3,"SR-88","RED LAKE RD",74,38.7019,-119.96667778,0,12,6,0,2,3,0,1,1,1,0,1,0,"0000000",99,99,99,99,99,99,0,0,0,1,0
6,61071,1,1,0,0,0,1,1,1,2480,8,4,2016,6,23,53,1,2,1,1,1,"I-580","",442,37.81763333,-122.25204167,0,35,0,0,1,1,0,4,2,2,0,2,0,"0000000",99,99,99,99,88,88,0,0,0,1,1
6,61072,1,1,0,1,1,3,3,59,3420,6,3,2016,1,19,19,0,2,3,4,6,"EUCLID ST","",0,33.73293889,-117.93731389,0,8,0,0,1,1,0,1,3,1,0,1,0,"0000000",99,99,99,99,99,99,0,0,0,1,0
6,61073,2,2,0,0,0,2,2,59,3351,25,3,2016,6,2,25,0,2,4,4,6,"ORTEGA HWY","",0,33.51541944,-117.63216111,0,12,2,0,1,1,0,1,3,1,0,1,0,"0000000",99,99,99,99,99,99,0,0,0,1,1
6,61074,1,1,0,0,0,3,3,59,1790,20,2,2016,7,0,15,0,2,4,4,6,"LA HABRA BL","",0,33.93185556,-117.93950833,0,33,0,0,1,1,0,4,3,1,0,1,0,"0000000",99,99,99,99,99,99,0,0,0,1,1
6,61075,2,2,0,0,0,2,2,73,4060,9,4,2016,7,0,9,0,2,4,4,6,"S SANTA FE AVE","CIVIC CENTER DR",0,33.19381111,-117.23433056,0,12,6,0,2,2,0,1,3,1,0,1,0,"0000000",99,99,99,99,99,99,0,0,0,1,1
6,61076,2,2,0,0,0,2,2,71,260,15,4,2016,6,13,53,0,2,3,4,6,"W MAIN ST","BRADSHAW DR",0,34.89620556,-117.03901111,0,12,2,0,2,3,0,1,1,1,0,1,0,"0000000",99,99,99,99,99,99,0,0,0,1,0
6,61077,1,1,0,0,0,1,1,37,1670,19,6,2016,1,2,21,0,2,5,4,6,"RANDOLPH ST","REGENT ST",0,33.98652778,-118.23484722,0,39,0,0,3,2,0,4,3,1,0,1,0,"0000000",99,99,99,99,88,88,0,0,0,1,0
6,61078,2,2,0,0,0,3,3,59,3420,8,2,2016,2,2,1,0,2,3,4,6,"1ST ST","BRISTOL ST",0,33.74529167,-117.88516667,0,12,6,0,2,2,0,1,3,1,0,1,0,"0000000",99,99,99,99,99,99,0,0,0,1,1
6,61079,1,1,0,0,0,1,1,75,3290,2,6,2016,5,14,29,0,2,4,4,6,"GEARY BL","34TH AVE",0,37.77965,-122.49436389,0,33,0,0,3,2,0,3,1,1,0,1,0,"0000000",99,99,99,99,99,99,0,0,0,1,1
6,61080,1,1,0,0,0,1,1,65,750,26,5,2016,5,15,14,0,2,4,4,6,"AVENUE 44","",0,33.72707778,-116.16665278,0,1,0,0,1,1,0,4,1,1,0,1,0,"0000000",99,99,99,99,88,88,0,0,0,1,0
6,61081,1,1,0,1,1,1,1,37,1980,27,2,2016,7,3,13,1,2,1,1,1,"I-5","",253,34.13361944,-118.2752,0,8,0,0,1,1,0,1,3,1,0,1,0,"0000000",99,99,99,99,88,88,19,0,0,1,0
6,61082,2,2,0,0,0,6,6,29,0,19,6,2016,1,10,55,0,1,2,1,3,"SR-33","",25,34.96333889,-119.44620833,0,12,6,0,1,1,0,1,1,1,0,1,0,"0000000",99,99,99,99,99,99,0,0,0,1,0
6,61083,3,3,0,0,0,3,3,67,0,27,5,2016,6,22,21,0,1,2,1,3,"SR-12","",0,38.12694444,-121.58239444,0,12,2,0,1,1,0,1,2,1,0,1,0,"0000000",99,99,99,99,88,88,0,0,0,2,1
6,61084,1,1,0,0,0,1,1,83,3460,30,6,2016,5,2,40,1,2,2,1,2,"US-101","",857,34.91901389,-120.41763889,0,38,0,0,1,1,0,4,3,1,0,1,0,"0000000",99,99,99,99,88,88,0,0,0,1,1
6,61085,2,2,0,0,0,2,2,59,3420,8,3,2016,3,20,12,0,2,3,4,6,"17TH ST","LINWOOD AVE",0,33.75996667,-117.84878611,0,12,6,0,2,2,0,1,3,1,0,1,0,"0000000",99,99,99,99,99,99,0,0,0,1,0
6,61086,2,2,0,0,0,3,3,61,3110,10,2,2016,4,15,7,0,2,4,4,6,"WASHINGTON BLVD","ALL AMERICA CITY BLVD",0,38.75699444,-121.28862222,0,12,6,0,2,2,0,1,1,10,0,10,0,"0000000",99,99,99,99,99,99,0,0,0,1,1
6,61087,2,2,0,0,0,3,3,71,1305,6,2,2016,7,17,46,0,2,5,4,6,"MANGO AVE","",0,34.12870556,-117.43171111,0,12,7,0,1,1,0,1,3,1,0,1,0,"0000000",99,99,99,99,99,99,20,0,0,1,0
6,61088,1,1,0,1,1,1,1,13,3010,19,2,2016,6,18,35,0,2,3,4,6,"SAN PABLO AVE","",0,37.94444444,-122.32943333,0,8,0,0,1,1,0,1,3,2,0,2,0,"0000000",99,99,99,99,88,88,0,0,0,1,0
6,61089,1,1,0,0,0,2,2,113,4258,8,5,2016,1,0,43,0,2,5,4,6,"PIONEER AVE","",0,38.67131111,-121.74276944,0,42,0,0,1,1,0,4,3,10,0,10,0,"0000000",99,99,99,99,99,99,0,0,0,1,0
6,61090,1,1,0,1,1,1,1,85,3340,15,1,2016,6,23,6,0,2,4,4,6,"LEIGH AVE","",0,37.30405,-121.9224,0,8,0,0,1,1,0,1,3,2,0,2,0,"0000000",99,99,99,99,99,99,0,0,0,1,1
6,61091,2,2,0,0,0,3,3,79,0,17,1,2016,1,12,3,0,1,6,2,4,"CR-PARK HILL RD","",0,35.39301667,-120.52199722,0,12,2,0,1,1,0,1,1,10,0,10,0,"0000000",99,99,99,99,99,99,0,0,0,1,0
6,61092,1,1,0,0,0,2,2,37,0,30,5,2016,2,15,5,1,1,2,1,3,"SR-14 RAMP","",468,34.49898889,-118.22572778,0,42,0,1,5,1,0,4,1,1,0,1,0,"0000000",99,99,99,99,99,99,0,0,0,1,0
6,61093,1,1,0,0,0,2,2,37,0,3,3,2016,5,21,50,0,1,4,2,4,"CR-MOUNT BALDY RD","",0,34.21690833,-117.67162222,0,35,0,0,1,1,0,4,2,1,0,1,0,"0000000",99,99,99,99,99,99,0,0,0,1,0
6,61094,1,1,0,0,0,11,11,37,0,22,5,2016,1,0,35,0,1,4,2,4,"CR-GLENDORA MTN ROAD","",0,34.159825,-117.83833889,0,5,0,0,1,1,0,1,2,1,0,1,0,"0000000",99,99,99,99,99,99,0,0,0,1,0
6,61095,1,1,0,0,0,1,1,47,190,13,3,2016,1,99,99,1,2,2,1,3,"SR-99","",215,37.34000556,-120.58965,0,38,0,0,1,1,0,4,2,2,10,2,0,"0000000",99,99,99,99,88,88,0,0,0,1,1
6,61096,1,1,0,0,0,2,2,97,0,22,5,2016,1,2,20,0,1,4,2,4,"CR-LLANO RD","",0,38.401575,-122.78820278,0,59,0,0,1,1,0,4,2,1,0,1,0,"0000000",99,99,99,99,99,99,0,0,0,1,1
6,61097,1,1,0,1,1,1,1,37,1980,2,5,2016,2,23,53,1,2,1,1,1,"I-10","",184,34.02979444,-118.21524722,0,8,0,1,5,1,0,1,2,1,0,1,0,"0000000",99,99,99,99,88,88,0,0,0,1,0
6,61098,1,1,0,0,0,1,1,23,0,27,6,2016,2,2,5,1,1,3,1,2,"US-101 RAMP","",931,40.95640556,-124.11528056,0,33,0,0,5,1,0,4,3,1,0,1,0,"0000000",99,99,99,99,99,99,0,0,0,1,1
6,61099,1,1,0,0,0,1,1,97,0,14,2,2016,1,1,8,0,1,2,1,3,"SR-116 (GRAVENSTEIN HWY)","OLD GRAVENSTEIN HWY",301,38.37520278,-122.79256944,0,1,0,0,3,4,0,4,2,1,0,1,0,"0000000",99,99,99,99,99,99,20,0,0,1,0
6,61100,1,1,0,0,0,2,2,45,0,12,6,2016,1,13,30,1,1,2,1,2,"US-101","",50,38.91435833,-123.05474722,0,1,0,0,1,1,0,4,1,1,0,1,0,"0000000",99,99,99,99,99,99,0,0,0,1,0
6,61101,2,2,0,0,0,3,3,47,0,19,4,2016,3,16,54,0,1,6,2,4,"CR-ATWATER JORDAN RD","LINCOLN BLVD",0,37.33158333,-120.72384444,0,12,6,0,2,2,0,1,1,1,0,1,0,"0000000",99,99,99,99,99,99,0,0,0,1,0
6,61102,2,2,0,0,0,3,3,37,0,14,1,2016,5,18,5,0,1,3,2,4,"CR-GRAND AVE","CORTEZ ST",0,34.06239444,-117.86853889,0,12,6,0,2,3,0,1,3,10,0,10,0,"0000000",99,99,99,99,99,99,0,0,0,1,1
6,61103,2,2,0,0,0,2,2,37,0,27,6,2016,2,17,0,0,1,3,4,4,"CR-SAN GABRIEL BLVD","POTRERO GRANDE DR",0,34.05173889,-118.09051111,0,12,6,0,2,2,0,1,1,1,0,1,0,"0000000",99,99,99,99,99,99,0,0,0,1,0
6,61104,3,3,0,0,0,3,3,5,0,28,3,2016,2,22,56,0,1,2,1,3,"SR-16","WELSH POND RD",58,38.45757222,-120.92724722,0,12,1,0,3,3,0,1,2,1,0,1,0,"0000000",99,99,99,99,99,99,0,0,0,1,0
6,61105,2,2,0,0,0,2,2,37,1980,13,5,2016,6,18,5,0,2,3,4,6,"SLAUSON AVE","",0,33.989125,-118.29002778,0,12,6,0,8,1,0,1,1,1,0,1,0,"0000000",99,99,99,99,99,99,0,0,0,1,0
6,61106,2,2,0,0,0,3,3,37,1980,13,5,2016,6,20,30,0,2,4,4,6,"TOPANGA CANYON BLVD","LOPEZ ST",0,34.16101944,-118.60583611,0,5,0,0,2,2,0,1,3,1,0,1,0,"0000000",99,99,99,99,99,99,14,0,0,1,0
6,61107,1,1,0,1,1,1,1,37,1980,14,5,2016,7,18,0,0,2,3,4,6,"VERMONT AVE","",0,33.93479722,-118.2916,0,8,0,0,1,1,0,1,5,1,0,1,0,"0000000",99,99,99,99,99,99,0,0,0,1,0
6,61108,2,2,0,0,0,2,2,37,1980,14,5,2016,7,21,38,0,2,3,4,6,"VERMONT AVE","",0,33.99486111,-118.29153333,0,12,1,0,8,1,0,1,3,1,0,1,0,"0000000",99,99,99,99,88,88,0,0,0,1,0
6,61109,1,1,0,1,1,3,3,31,0,29,6,2016,4,6,0,1,1,3,1,3,"SR-41","RACINE AVE",180,36.00721667,-119.95918889,0,9,0,0,3,2,0,2,1,1,0,1,0,"0000000",99,99,99,99,88,88,0,0,0,1,0
6,61110,1,1,0,0,0,1,1,25,0,7,7,2016,5,22,45,0,1,5,2,4,"CR-WORTHINGTON ROAD","",0,32.850075,-115.69698611,0,1,0,0,1,1,0,1,2,1,0,1,0,"0000000",99,99,99,99,88,88,0,0,0,1,0
6,61111,1,1,0,1,1,2,2,27,0,8,7,2016,6,0,50,1,1,2,1,2,"US-395","",1116,37.30896944,-118.382525,0,9,0,0,1,1,0,1,2,1,0,1,0,"0000000",99,99,99,99,99,99,0,0,0,1,0
6,61112,1,1,0,0,0,1,1,29,240,1,7,2016,6,5,3,1,2,2,1,3,"SR-58 RAMP","",543,35.35300278,-119.00325,0,42,0,1,5,1,0,4,3,1,0,1,0,"0000000",99,99,99,99,88,88,0,0,0,1,1
6,61113,2,2,0,0,0,3,3,63,0,15,7,2016,6,13,16,0,1,2,1,3,"SR-70","",398,39.97585,-120.93775,0,12,1,0,1,1,0,1,1,1,0,1,0,"0000000",99,99,99,99,99,99,14,0,0,1,0
6,61114,1,1,0,0,0,1,1,47,0,3,7,2016,1,18,8,1,1,1,1,1,"I-5 N/B","",78,36.94692778,-120.85933611,0,25,0,0,1,1,0,3,1,1,0,1,0,"0000000",99,99,99,99,99,99,0,0,0,1,0
6,61115,2,2,0,0,0,4,4,33,0,30,6,2016,5,17,0,0,1,2,1,3,"SR-29","",168,38.86781111,-122.62301111,0,12,6,0,1,1,0,1,1,1,0,1,0,"0000000",99,99,99,99,99,99,0,0,0,1,0
6,61116,1,1,0,0,0,1,1,19,0,5,7,2016,3,12,50,0,1,2,1,3,"SR-168","",238,36.963725,-119.51501389,0,42,0,0,1,1,0,4,1,1,0,1,0,"0000000",99,99,99,99,88,88,0,0,0,1,0
6,61117,3,3,0,0,0,5,5,19,0,9,7,2016,7,17,49,0,1,4,2,4,"CR-TEMPERANCE AVE","CENTRAL AVE",0,36.67809167,-119.66385556,0,12,6,0,2,2,0,1,1,1,0,1,0,"0000000",99,99,99,99,99,99,0,0,0,1,0
6,61118,2,2,0,0,0,2,2,39,0,3,7,2016,1,14,49,1,1,2,1,3,"SR-41","",443,37.44423889,-119.63418889,0,12,1,0,1,1,0,1,1,1,0,1,0,"0000000",99,99,99,99,99,99,0,0,0,1,0
6,61119,1,1,0,0,0,2,2,103,0,10,7,2016,1,2,40,0,1,5,2,4,"CR-JELLYS FERRY RD","",0,40.31846944,-122.18854722,0,24,0,0,1,1,0,4,2,1,0,1,0,"0000000",99,99,99,99,99,99,0,0,0,1,1
6,61120,2,2,0,0,0,4,4,19,0,10,7,2016,1,9,18,0,1,4,2,4,"CR-BULLARD AVE","VAN NESS BL",0,36.82284722,-119.83540556,0,12,6,0,2,2,0,1,1,1,0,1,0,"0000000",99,99,99,99,99,99,0,0,0,1,0
6,61121,2,2,0,0,0,2,2,37,0,13,7,2016,4,15,20,0,1,4,2,4,"CR-WORKMAN MILL RD","",0,34.0104,-118.05051111,0,33,0,0,1,1,0,3,1,1,0,1,0,"0000000",99,99,99,99,99,99,0,0,0,1,0
6,61122,2,1,1,0,3,1,4,29,0,20,7,2016,4,21,52,1,1,2,1,3,"SR- 99","",124,35.19406111,-119.00779444,0,14,0,0,1,1,0,2,3,1,0,1,0,"0000000",99,99,99,99,99,99,20,0,0,1,1
6,61123,1,1,0,0,0,1,1,71,4000,23,7,2016,7,12,35,1,2,2,1,3,"SR-210","",16,34.13438611,-117.66907222,0,33,0,0,1,1,0,8,1,1,0,1,0,"0000000",88,88,88,88,88,88,0,0,0,1,0
6,61124,1,1,0,0,0,1,1,109,0,16,7,2016,7,13,45,0,1,2,1,3,"SR-108","",307,38.19548611,-120.00781389,0,31,0,0,1,1,0,4,1,1,0,1,0,"0000000",99,99,99,99,88,88,0,0,0,1,0
6,61125,1,1,0,0,0,1,1,69,0,15,7,2016,6,6,45,1,1,2,1,2,"US-101","",2,36.85845,-121.62626389,0,42,0,0,1,1,0,4,1,10,0,10,0,"0000000",99,99,99,99,88,88,0,0,0,1,0
6,61126,1,1,0,0,0,1,1,19,0,24,7,2016,1,7,26,0,1,6,2,4,"CR-ENNIS ROAD","",0,36.68893611,-119.21565556,0,35,0,0,1,1,0,4,1,1,0,1,0,"0000000",99,99,99,99,88,88,0,0,0,1,0
6,61127,2,2,0,0,0,3,3,39,0,20,7,2016,4,13,18,0,1,3,2,4,"CR-HWY. 41","RIVER FALLS RD",0,37.35469167,-119.64389444,0,12,6,0,2,3,0,1,1,1,0,1,0,"0000000",99,99,99,99,99,99,0,0,0,1,0
6,61128,2,2,0,0,0,3,3,99,0,14,7,2016,5,22,45,0,1,2,1,3,"SR-4","",16,37.9449,-120.9001,0,12,2,0,1,1,0,1,2,1,0,1,0,"0000000",99,99,99,99,99,99,0,0,0,2,1
6,61130,4,4,0,0,0,4,4,13,4070,5,4,2016,3,12,38,1,2,1,1,1,"I-680","",162,37.92337222,-122.06098333,0,12,6,0,1,1,0,1,1,1,0,1,0,"0000000",99,99,99,99,99,99,14,0,0,1,0
6,61131,1,1,0,1,1,1,1,37,1980,24,6,2016,6,4,10,1,2,1,1,1,"I-10","",124,34.03700833,-118.31565278,0,8,0,0,1,1,0,1,2,1,0,1,0,"0000000",88,88,88,88,88,88,19,0,0,1,0
6,61132,2,2,0,0,0,3,3,73,0,26,6,2016,1,15,0,0,1,5,2,4,"CR-SOUTH GRADE RD","",0,33.30522222,-116.87285556,0,1,0,0,1,1,0,1,1,1,0,1,0,"0000000",99,99,99,99,99,99,0,0,0,1,0
6,61133,3,2,1,0,0,2,2,59,0,9,5,2016,2,14,30,0,1,2,1,3,"SR-241","",232,33.70529167,-117.71288889,0,12,1,0,1,1,0,2,1,1,0,1,0,"0000000",99,99,99,99,88,88,0,0,0,1,0
6,61134,2,2,0,0,0,2,2,65,0,3,6,2016,6,13,0,0,1,2,1,3,"SR-74","",228,33.74813611,-117.27645556,0,12,2,0,1,1,0,1,1,1,0,1,0,"0000000",99,99,99,99,88,88,0,0,0,1,0
6,61135,1,1,0,0,0,1,1,37,1980,8,7,2016,6,12,30,0,2,3,4,6,"LA TUNA CYN RD","",0,34.2325,-118.29859722,0,35,0,0,1,1,0,4,1,1,0,1,0,"0000000",99,99,99,99,88,88,0,0,0,1,0
6,61136,2,2,0,0,0,5,5,75,3290,20,5,2016,6,21,45,0,2,3,4,6,"16TH ST","HARRISON ST",0,37.76545833,-122.41310556,0,12,6,0,2,2,0,1,3,1,0,1,0,"0000000",99,99,99,99,99,99,0,0,0,1,0
6,61137,1,1,0,0,0,2,2,37,1440,9,7,2016,7,21,18,0,2,3,4,6,"GRAND AVE","",0,34.10936389,-117.87253611,0,42,0,0,1,1,0,3,3,1,0,1,0,"0000000",99,99,99,99,99,99,0,0,0,1,1
6,61138,1,1,0,1,1,1,1,37,1980,27,5,2016,6,20,25,0,2,3,4,6,"WESTERN AVE","",0,33.95503889,-118.30903611,0,8,0,0,1,1,0,1,3,10,0,10,0,"0000000",99,99,99,99,88,88,0,0,0,1,0
6,61139,2,2,0,0,0,2,2,71,0,27,7,2016,4,10,43,0,1,5,2,4,"CR-PHELAN RD","",0,34.42648056,-117.47325278,0,12,2,0,1,1,0,1,1,1,0,1,0,"0000000",99,99,99,99,99,99,0,0,0,1,0
6,61140,1,1,0,0,0,1,1,19,0,28,7,2016,5,16,59,0,1,2,2,3,"SR-63","",78,36.72318056,-119.28493333,0,38,0,0,1,1,0,4,1,1,0,1,0,"0000000",99,99,99,99,88,88,0,0,0,1,0
6,61141,2,2,0,0,0,2,2,109,0,30,7,2016,7,7,32,1,1,2,1,3,"SR-120","",192,37.84527778,-120.38401944,0,12,7,0,1,1,0,1,1,1,0,1,0,"0000000",99,99,99,99,88,88,0,0,0,1,0
6,61142,1,1,0,0,0,1,1,79,0,26,7,2016,3,99,99,0,1,5,2,4,"CR-LOS BERROS RD","",0,35.10178889,-120.57503056,0,42,0,0,1,1,0,4,1,1,0,1,0,"0000000",99,99,99,99,88,88,0,0,0,1,0
6,61143,2,2,0,0,0,2,2,71,0,27,7,2016,4,9,17,1,1,1,1,1,"I-40","",987,34.80319167,-115.33946667,0,12,6,0,1,1,1,1,1,1,0,1,0,"0000000",99,99,99,99,88,88,0,0,0,1,0
6,61144,1,1,0,0,0,1,1,61,0,30,7,2016,7,19,30,1,1,3,1,3,"SR-20","",429,39.31026944,-120.65156667,0,35,0,0,1,1,0,4,5,1,0,1,0,"0000000",99,99,99,99,88,88,0,0,0,1,0
6,61145,1,1,0,0,0,1,1,45,0,19,7,2016,3,7,58,1,1,2,1,2,"US-101","",157,39.03395278,-123.14311111,0,35,0,0,1,1,0,4,1,1,0,1,0,"0000000",99,99,99,99,88,88,0,0,0,1,1
6,61146,1,1,0,1,1,2,2,101,0,21,6,2016,3,21,20,0,1,3,2,4,"CR-PLEASANT GROVE RD","",0,38.74618889,-121.48435278,0,8,0,0,1,1,0,1,2,1,0,1,0,"0000000",99,99,99,99,88,88,0,0,0,1,0