"STATE","ST_CASE","VE_TOTAL","VE_FORMS","PVH_INVL","PEDS","PERNOTMVIT","PERMVIT","PERSONS","COUNTY","CITY","DAY","MONTH","YEAR","DAY_WEEK","HOUR","MINUTE","NHS","RUR_URB","FUNC_SYS","RD_OWNER","ROUTE","TWAY_ID","TWAY_ID2","MILEPT","LATITUDE","LONGITUD","SP_JUR","HARM_EV","MAN_COLL","RELJCT1","RELJCT2","TYP_INT","WRK_ZONE","REL_ROAD","LGT_COND","WEATHER1","WEATHER2","WEATHER","SCH_BUS","RAIL","NOT_HOUR","NOT_MIN","ARR_HOUR","ARR_MIN","HOSP_HR","HOSP_MN","CF1","CF2","CF3","FATALS","DRUNK_DR"
6,61147,2,2,0,0,0,4,4,81,0,16,4,2016,7,13,22,0,1,3,1,3,"SR-84","",122,37.36207222,-122.26110556,0,1,0,0,1,1,0,1,1,1,0,1,0,"0000000",99,99,99,99,99,99,0,0,0,1,0
6,61148,2,2,0,0,0,2,2,97,0,8,6,2016,4,9,50,0,1,5,2,4,"CR-RIVER RD","",0,38.50571944,-122.95799167,0,12,6,0,8,1,0,1,1,1,0,1,0,"0000000",99,99,99,99,99,99,0,0,0,1,0
6,61149,1,1,0,1,1,1,1,19,0,27,7,2016,4,4,50,0,1,5,2,4,"CR-SHAW AVE","",0,36.80857778,-119.79961111,0,8,0,0,1,1,0,1,3,1,0,1,0,"0000000",99,99,99,99,88,88,0,0,0,1,0
6,61150,1,1,0,0,0,1,1,69,0,16,6,2016,5,21,10,0,1,6,2,4,"CR-SANTA ANA VALLEY ROAD","",0,36.853625,-121.30987222,0,1,0,0,1,1,0,1,2,1,0,1,0,"0000000",99,99,99,99,99,99,0,0,0,1,1
6,61151,1,1,0,0,0,1,1,71,0,16,7,2016,7,16,25,0,1,5,2,4,"CR-DAGGETT-YERMO ROAD","",0,34.87731667,-116.88856667,0,35,0,0,1,1,0,4,1,1,0,1,0,"0000000",99,99,99,99,99,99,0,0,0,1,0
6,61152,2,2,0,0,0,2,2,37,2458,22,5,2016,1,18,9,0,2,3,4,6,"IMPERIAL HIGHWAY","CURTIS AND KING RD",0,33.917125,-118.10811389,0,33,0,0,3,2,0,3,1,1,0,1,0,"0000000",99,99,99,99,88,88,0,0,0,1,0
6,61153,1,1,0,1,1,1,1,37,1980,31,5,2016,3,22,10,0,2,3,4,6,"CRENSHAW BLVD","63RD ST",0,33.98289167,-118.3309,0,8,0,0,3,2,0,1,3,1,0,1,0,"0000000",99,99,99,99,99,99,0,0,0,1,0
6,61154,2,2,0,0,0,2,2,37,1980,2,6,2016,5,16,20,0,2,7,4,6,"FREDERICK ST","CYPRESS AVE",0,34.09961389,-118.23369167,0,12,6,0,2,2,0,1,1,1,0,1,0,"0000000",99,99,99,99,99,99,0,0,0,1,0
6,61155,1,1,0,1,1,1,1,37,30,25,5,2016,4,9,10,0,2,3,4,6,"MAIN ST","CEDAR ST",0,34.09413333,-118.149,0,8,0,0,3,3,0,1,1,10,0,10,0,"0000000",99,99,99,99,99,99,0,0,0,1,0
6,61156,2,2,0,1,1,3,3,67,3150,3,6,2016,6,22,0,0,2,4,4,6,"43RD AVE","",0,38.5162,-121.52030556,0,8,0,0,1,1,0,1,3,1,0,1,0,"0000000",99,99,99,99,88,88,0,0,0,1,0
6,61157,1,1,0,1,1,1,1,113,4163,1,6,2016,4,21,4,0,2,3,4,6,"WEST CAPITOL AVE","WALNUT AVE",0,38.57968056,-121.540075,0,8,0,0,3,3,0,1,3,1,0,1,0,"0000000",99,99,99,99,99,99,0,0,0,1,0
6,61158,2,2,0,0,0,6,6,59,1790,20,5,2016,6,21,51,0,2,3,4,6,"HARBOR BL","ARBOLITA DR",0,33.94409444,-117.93296389,0,12,6,0,2,2,0,1,3,10,0,10,0,"0000000",99,99,99,99,99,99,0,0,0,1,0
6,61159,1,1,0,0,0,1,1,5,0,11,7,2016,2,14,24,0,1,5,2,4,"CR-BUENA VISTA RD","",0,38.27514167,-120.88480833,0,35,0,0,1,1,0,4,1,1,0,1,0,"0000000",99,99,99,99,88,88,0,0,0,1,0
6,61160,1,1,0,0,0,1,1,71,0,31,7,2016,1,10,10,0,1,3,2,4,"CR-BALDY MESA RD","",0,34.46036944,-117.45100833,0,30,0,0,1,1,0,4,1,1,0,1,0,"0000000",99,99,99,99,88,88,0,0,0,1,0
6,61161,2,2,0,0,0,4,4,71,3210,6,8,2016,7,2,35,1,2,2,1,3,"SR-210","",259,34.14183056,-117.25023056,0,12,1,0,1,1,0,1,2,1,0,1,0,"0000000",99,99,99,99,99,99,0,0,0,1,1
6,61162,1,1,0,0,0,1,1,45,0,5,8,2016,6,99,99,0,1,2,1,3,"SR-253","",97,39.04867778,-123.25074167,0,38,0,0,1,1,0,4,1,1,0,1,0,"0000000",99,99,99,99,88,88,0,0,0,1,0
6,61163,1,1,0,0,0,2,2,103,0,2,8,2016,3,12,30,0,1,4,1,3,"SR-32","",187,40.27315278,-121.42916667,0,42,0,0,1,1,0,4,1,1,0,1,0,"0000000",99,99,99,99,99,99,0,0,0,1,0
6,61164,1,1,0,0,0,1,1,77,0,2,8,2016,3,9,35,0,1,3,2,4,"CR-TRACY BLVD","",0,37.88291389,-121.45624722,0,42,0,0,1,1,0,4,1,1,0,1,0,"0000000",99,99,99,99,88,88,0,0,0,1,0
6,61165,1,1,0,0,0,1,1,73,3260,31,7,2016,1,7,35,1,2,1,1,1,"I-5","",36,32.57208333,-117.07906111,0,38,0,0,1,1,0,4,1,1,0,1,0,"0000000",99,99,99,99,99,99,0,0,0,1,1
6,61166,3,3,0,0,0,3,3,35,0,1,8,2016,2,18,4,1,1,2,1,2,"US-395","",128,39.88831667,-120.02012222,0,12,2,0,1,1,0,1,1,1,0,1,0,"0000000",99,99,99,99,88,88,0,0,0,1,0
6,61167,2,2,0,0,0,7,7,7,0,3,8,2016,4,15,55,0,1,4,2,4,"CR-KEEFER ROAD","HEGANRIDGE ROAD",0,39.82429167,-121.85843056,0,12,6,0,2,3,0,1,1,1,0,1,0,"0000000",99,99,99,99,99,99,0,0,0,1,0
6,61168,1,1,0,0,0,2,2,9,0,2,8,2016,3,18,20,0,1,7,2,4,"CR-RIATA WAY","",0,38.09638333,-120.66931944,0,42,0,0,1,1,0,4,1,1,0,1,0,"0000000",99,99,99,99,99,99,0,0,0,1,1
6,61169,2,2,0,0,0,7,7,107,0,12,6,2016,1,15,40,1,1,2,1,3,"SR-65","",309,36.21081111,-119.125275,0,12,2,0,1,1,0,1,1,1,0,1,0,"0000000",99,99,99,99,99,99,0,0,0,1,1
6,61170,1,1,0,1,1,2,2,37,1980,16,4,2016,7,21,34,1,2,2,1,2,"US-101","",116,34.15168056,-118.37485,0,8,0,0,1,1,0,1,3,1,0,1,0,"0000000",99,99,99,99,88,88,0,0,0,1,0
6,61171,2,2,0,0,0,3,3,37,1980,14,5,2016,7,2,43,0,2,4,4,6,"WESTERN AVE","76TH ST",0,33.970875,-118.30900278,0,12,2,0,2,2,0,1,3,1,0,1,0,"0000000",99,99,99,99,99,99,0,0,0,1,1
6,61172,1,1,0,1,1,3,3,59,2560,13,5,2016,6,3,55,0,2,3,4,6,"N MAGNOLIA AVE","",0,33.83614444,-117.97604167,0,8,0,0,1,1,0,1,3,10,0,10,0,"0000000",99,99,99,99,99,99,0,0,0,1,1
6,61173,1,1,0,1,1,1,1,37,3470,4,6,2016,7,22,23,0,2,5,4,6,"4TH ST","",0,34.00985,-118.48688056,0,8,0,0,1,1,0,1,3,10,0,10,0,"0000000",99,99,99,99,99,99,0,0,0,1,0
6,61174,2,2,0,0,0,2,2,37,1980,4,6,2016,7,3,5,0,2,5,4,6,"ARLETA AVE","",0,34.25754167,-118.44104167,0,1,0,0,1,1,0,1,3,1,0,1,0,"0000000",99,99,99,99,99,99,0,0,0,1,0
6,61175,1,1,0,0,0,4,4,65,9997,18,4,2016,2,23,50,0,2,7,4,6,"CANAL ST","",0,34.00616389,-117.41253611,0,1,0,0,1,1,0,4,2,1,0,1,0,"0000000",99,99,99,99,99,99,0,0,0,1,1
6,61176,2,2,0,1,1,2,2,37,1980,29,5,2016,1,23,40,0,2,3,4,6,"VICTORY BLVD","",0,34.18660278,-118.48986389,0,8,0,0,1,1,0,1,3,1,0,1,0,"0000000",99,99,99,99,88,88,0,0,0,1,0
6,61177,1,1,0,1,1,1,1,71,3210,2,6,2016,5,20,28,0,2,4,4,6,"E MILL ST","",0,34.09215833,-117.28121389,0,8,0,0,1,1,0,1,2,1,0,1,0,"0000000",99,99,99,99,99,99,0,0,0,1,0
6,61178,2,2,0,1,1,2,2,71,3210,3,6,2016,6,23,36,0,2,4,4,6,"W KENDALL DRIVE","",0,34.18012778,-117.338925,0,15,0,0,1,1,0,1,3,1,0,1,0,"0000000",99,99,99,99,88,88,0,0,0,1,0
6,61179,2,2,0,0,0,2,2,37,1980,8,6,2016,4,17,50,0,2,5,4,6,"SAN VICENTE BLVD","6TH STREET",0,34.06588056,-118.37311944,0,12,6,0,2,3,0,1,1,1,0,1,0,"0000000",99,99,99,99,99,99,0,0,0,1,0
6,61180,1,1,0,1,1,1,1,71,3210,14,6,2016,3,1,50,0,2,7,4,6,"N LUGO AVE","",0,34.12083889,-117.28383333,0,8,0,0,1,1,0,1,2,1,0,1,0,"0000000",99,99,99,99,99,99,0,0,0,1,0
6,61181,2,2,0,0,0,3,3,11,0,18,5,2016,4,10,55,1,1,2,1,3,"SR-20","",200,39.10566389,-122.31579722,0,24,0,0,1,1,0,4,1,1,0,1,0,"0000000",99,99,99,99,99,99,0,0,0,1,0
6,61182,3,3,0,0,0,4,4,57,0,18,2,2016,5,18,10,0,1,2,1,3,"SR-49","",204,39.28366944,-121.10227222,0,1,0,0,1,1,0,1,2,10,0,10,0,"0000000",99,99,99,99,88,88,14,0,0,1,0
6,61183,5,1,4,0,1,1,2,99,3950,5,5,2016,5,9,56,1,2,2,1,3,"SR-99","",20,37.47635833,-120.85483611,0,38,0,0,1,1,0,5,1,10,0,10,0,"0000000",99,99,99,99,99,99,14,0,0,1,0
6,61184,2,2,0,0,0,7,7,107,0,17,7,2016,1,20,57,1,1,2,1,3,"SR-198","SR-65",396,36.32625833,-119.13490556,0,12,6,0,2,2,0,1,3,1,0,1,0,"0000000",99,99,99,99,99,99,0,0,0,1,0
6,61185,2,2,0,0,0,4,4,73,0,16,7,2016,7,20,26,1,1,1,1,1,"I-15","",414,33.26126944,-117.15821111,0,12,7,0,1,1,0,1,2,1,0,1,0,"0000000",99,99,99,99,88,88,0,0,0,2,0
6,61186,1,1,0,0,0,1,1,71,2922,20,7,2016,4,99,99,1,2,2,1,3,"SR-210 RAMP","",78,34.13795278,-117.49590278,0,1,0,1,5,1,0,4,2,1,0,1,0,"0000000",99,99,99,99,88,88,0,0,0,1,0
6,61187,1,1,0,0,0,1,1,71,0,19,6,2016,1,15,10,0,1,3,1,3,"SR-38","",501,34.26578889,-116.85477778,0,35,0,0,1,1,0,4,1,1,0,1,0,"0000000",99,99,99,99,99,99,0,0,0,1,0
6,61188,2,2,0,0,0,2,2,29,240,21,3,2016,2,23,27,0,2,3,4,6,"UNION AVE","THELMA DR",0,35.39383056,-119.00278889,0,12,6,0,2,3,0,1,3,10,0,10,0,"0000000",99,99,99,99,99,99,0,0,0,1,0
6,61189,1,1,0,1,1,1,1,37,1980,9,6,2016,5,20,30,0,2,7,4,6,"KNOLLWOOD DR","",0,34.28568056,-118.49571944,0,33,0,0,1,1,0,4,5,1,0,1,0,"0000000",99,99,99,99,99,99,0,0,0,1,0
6,61190,2,2,0,0,0,3,3,99,2200,25,4,2016,2,17,33,0,2,4,4,6,"CROWS LANDING RD","",0,37.599225,-120.99352778,0,12,6,0,8,1,0,1,1,1,0,1,0,"0000000",99,99,99,99,99,99,0,0,0,1,0
6,61191,3,3,0,0,0,7,7,113,0,20,5,2016,6,16,45,0,1,4,2,4,"CR-COUNTY RD 102","",0,38.63345,-121.72930556,0,12,8,0,1,1,0,1,1,10,0,10,0,"0000000",99,99,99,99,99,99,14,0,0,1,0
6,61192,4,1,3,0,0,1,1,113,980,7,7,2016,5,4,48,1,2,1,1,1,"I-80","",5,38.54258611,-121.73175278,0,42,0,0,1,1,0,4,3,1,0,1,0,"0000000",99,99,99,99,88,88,14,0,0,1,0
6,61193,5,5,0,0,0,13,13,37,2700,15,7,2016,6,16,50,1,2,1,1,1,"I-210","",285,34.15238611,-118.09462778,0,12,1,0,1,1,0,1,1,1,0,1,0,"0000000",99,99,99,99,99,99,0,0,0,2,0
6,61194,3,3,0,0,0,3,3,59,1410,16,2,2016,3,2,42,1,2,2,1,3,"SR-22","",76,33.7662,-117.92448889,0,12,1,0,1,1,0,1,3,1,0,1,0,"0000000",99,99,99,99,88,88,14,0,0,1,1
6,61195,5,5,0,0,0,8,8,53,0,21,7,2016,5,14,55,0,1,2,1,3,"SR-68","",171,36.62252222,-121.68418611,0,12,1,0,1,1,1,1,1,1,0,1,0,"0000000",99,99,99,99,99,99,28,0,0,1,0
6,61196,1,1,0,1,1,3,3,75,3290,9,6,2016,5,10,49,0,2,3,4,6,"FRANKLIN ST","GEARY BLVD",0,37.78545556,-122.42299722,0,8,0,0,3,2,0,1,1,1,0,1,0,"0000000",99,99,99,99,88,88,0,0,0,1,0
6,61197,3,3,0,0,0,7,7,85,3340,20,2,2016,7,21,31,0,2,4,4,6,"CAMDEN AVE","CALLE DE PROSPERO",0,37.22902778,-121.90457778,0,12,1,0,2,3,0,1,3,1,0,1,0,"0000000",99,99,99,99,99,99,0,0,0,2,0
6,61198,1,1,0,0,0,4,4,7,0,22,7,2016,6,14,25,0,1,3,1,3,"SR-32","",37,39.753325,-121.92660278,0,35,0,0,1,1,0,4,1,1,0,1,0,"0000000",99,99,99,99,99,99,0,0,0,1,0
6,61199,1,1,0,0,0,1,1,77,3770,25,4,2016,2,10,45,1,2,1,1,1,"I-5","",265,37.94823889,-121.30052222,0,23,0,1,5,1,0,4,1,1,0,1,0,"0000000",99,99,99,99,99,99,0,0,0,1,1
6,61200,1,1,0,0,0,2,2,47,0,9,7,2016,7,12,45,0,1,5,2,4,"CR-CUNNINGHAM RD","",0,37.24918333,-120.25255833,0,35,0,0,1,1,0,4,1,1,0,1,0,"0000000",99,99,99,99,88,88,0,0,0,2,1
6,61201,2,2,0,0,0,2,2,37,0,14,7,2016,5,5,38,0,1,4,2,4,"CR-COMPTON BLVD.","CR-BROADWAY",0,33.89475,-118.27867778,0,12,6,0,2,2,0,1,3,1,0,1,0,"0000000",99,99,99,99,88,88,0,0,0,1,0
6,61202,1,1,0,0,0,5,5,37,0,4,7,2016,2,22,35,0,1,5,2,4,"CR-50TH STREET EAST","",0,34.63863333,-118.04089722,0,38,0,0,1,1,0,4,2,1,0,1,0,"0000000",99,99,99,99,99,99,0,0,0,2,0
6,61203,1,1,0,0,0,1,1,25,0,8,8,2016,2,3,57,0,1,3,2,4,"CR-FORRESTER ROAD","",0,32.92303889,-115.62143333,0,21,0,0,1,1,0,4,2,1,0,1,0,"0000000",99,99,99,99,88,88,0,0,0,1,0
6,61204,1,1,0,0,0,1,1,55,0,29,5,2016,1,16,99,0,1,2,1,3,"SR-29","",458,38.65491667,-122.59874722,0,35,0,0,1,1,0,4,1,1,0,1,0,"0000000",99,99,99,99,99,99,0,0,0,1,0
6,61205,1,1,0,0,0,1,1,79,0,2,7,2016,7,2,37,1,1,2,1,2,"US-101","",36,35.02246667,-120.46865278,0,1,0,0,1,1,0,2,2,10,0,10,0,"0000000",99,99,99,99,88,88,0,0,0,1,1
6,61206,2,2,0,0,0,3,3,29,0,26,7,2016,3,3,42,0,1,2,1,3,"SR-223","",44,35.20885,-119.06721111,0,12,6,0,1,1,0,1,2,1,0,1,0,"0000000",99,99,99,99,88,88,0,0,0,1,0
6,61207,1,1,0,0,0,7,7,99,0,10,6,2016,6,1,0,1,1,1,1,1,"I-5","",12,37.26456944,-121.09334722,0,1,0,0,1,1,0,4,2,1,0,1,0,"0000000",99,99,99,99,99,99,0,0,0,1,0
6,61208,1,1,0,0,0,6,6,71,0,5,7,2016,3,13,45,0,1,2,1,3,"SR-62","",1362,34.18196667,-114.39765556,0,1,0,0,1,1,0,1,1,1,0,1,0,"0000000",99,99,99,99,99,99,0,0,0,1,0
6,61209,2,2,0,0,0,2,2,77,3770,20,2,2016,7,19,10,0,2,5,4,6,"BIANCHI ROAD","",0,37.99710278,-121.29140833,0,12,6,0,8,1,0,1,3,1,0,1,0,"0000000",99,99,99,99,88,88,0,0,0,1,0
6,61210,2,2,0,0,0,2,2,71,2922,23,2,2016,3,15,9,0,2,4,4,6,"GROVE AVE","SAN BERNARDINO RD",0,34.10473889,-117.62855833,0,12,6,0,2,2,0,1,1,1,0,1,0,"0000000",99,99,99,99,99,99,0,0,0,1,0
6,61211,1,1,0,1,1,1,1,37,1980,24,6,2016,6,4,25,0,2,3,4,6,"BROADWAY","79TH STREET",0,33.96785,-118.27829167,0,8,0,0,3,2,0,1,3,1,0,1,0,"0000000",99,99,99,99,88,88,0,0,0,1,0
6,61212,2,2,0,0,0,5,5,73,3260,24,6,2016,6,15,58,0,2,2,1,3,"SR-78","",305,33.09745,-117.02151944,0,1,0,0,1,1,0,1,1,1,0,1,0,"0000000",99,99,99,99,88,88,0,0,0,1,0
6,61213,1,1,0,0,0,1,1,111,0,22,3,2016,3,23,58,0,1,4,2,4,"CR-ROSE AVE","",0,34.24527778,-119.148525,0,38,0,0,1,1,0,4,2,1,0,1,0,"0000000",99,99,99,99,88,88,0,0,0,1,1
6,61214,1,1,0,1,1,1,1,47,0,3,3,2016,5,20,0,0,1,3,1,3,"SR-165","",279,37.327,-120.8511,0,8,0,0,1,1,0,1,2,2,0,2,0,"0000000",99,99,99,99,88,88,0,0,0,1,0
6,61215,1,1,0,1,1,1,1,107,0,21,5,2016,7,21,27,0,1,5,2,4,"CR-ROAD 120","",0,36.5197,-119.30473056,0,8,0,0,1,1,0,1,2,1,0,1,0,"0000000",99,99,99,99,88,88,0,0,0,1,0
6,61216,6,6,0,0,0,8,8,37,1980,12,2,2016,6,10,14,1,2,2,1,3,"SR-170","",150,34.15953056,-118.38038889,0,12,1,0,1,1,0,1,1,1,0,1,0,"0000000",99,99,99,99,88,88,0,0,0,1,0
6,61217,1,1,0,1,1,1,1,87,0,20,2,2016,7,23,0,1,1,2,1,3,"SR-1","",129,36.98362778,-121.95223056,0,8,0,0,1,1,0,1,2,1,0,1,0,"0000000",99,99,99,97,99,97,0,0,0,1,0
6,61218,1,1,0,0,0,1,1,37,0,29,6,2016,4,19,25,1,1,2,1,3,"SR-60 RAMP","",120,34.03330833,-118.02445556,0,1,0,1,20,1,0,1,1,1,0,1,0,"0000000",99,99,99,99,99,99,0,0,0,1,0
6,61219,1,1,0,1,1,1,1,79,0,14,7,2016,5,18,43,0,1,2,1,3,"SR-227","",80,35.20828611,-120.615125,0,9,0,0,1,1,0,2,1,1,0,1,0,"0000000",99,99,99,99,99,99,0,0,0,1,0
6,61220,3,3,0,0,0,3,3,97,0,30,6,2016,5,15,5,0,1,5,2,4,"CR-RIVER RD","CR-TRENTON-HEALDSBURG RD",0,38.488275,-122.8551,0,12,6,0,2,2,0,1,1,1,0,1,0,"0000000",99,99,99,99,99,99,0,0,0,1,0
6,61221,1,1,0,1,1,1,1,1,2480,6,5,2016,6,1,20,1,2,1,1,1,"I-580","",368,37.7547,-122.15055833,0,8,0,0,1,1,0,1,2,1,0,1,0,"0000000",99,99,99,99,88,88,0,0,0,1,0
6,61222,6,6,0,0,0,9,9,1,2840,27,4,2016,4,5,55,1,2,1,1,1,"I-580 WESTBOUND","",200,37.70208056,-121.91098889,0,12,1,0,1,1,0,1,4,10,0,10,0,"0000000",99,99,99,99,88,88,0,0,0,1,0
6,61223,1,1,0,0,0,1,1,111,3641,28,3,2016,2,10,5,1,1,2,1,3,"SR-118","",262,34.28246389,-118.73666111,0,33,0,0,1,1,0,4,1,10,2,2,0,"0000000",99,99,99,99,88,88,0,0,0,1,0
6,61224,1,1,0,0,0,2,2,19,0,6,8,2016,7,18,34,1,1,2,1,3,"SR-180","",867,36.72379722,-119.30314444,0,35,0,0,1,1,0,4,1,1,0,1,0,"0000000",99,99,99,99,88,88,0,0,0,2,0
6,61225,1,1,0,0,0,1,1,89,0,2,8,2016,3,8,10,0,1,4,2,4,"CR-4TH ST","",0,40.38933333,-122.26998056,0,30,0,0,1,1,0,4,1,1,0,1,0,"0000000",99,99,99,99,99,99,0,0,0,1,1
6,61226,1,1,0,0,0,3,3,45,0,22,3,2016,3,18,0,0,1,2,1,3,"SR-271","",20,39.82666667,-123.66440833,0,1,0,0,1,1,0,1,1,10,0,10,0,"0000000",99,99,99,99,99,99,0,0,0,1,1
6,61227,2,2,0,0,0,3,3,67,1108,27,5,2016,6,4,21,1,2,2,1,3,"SR-99","",123,38.39887222,-121.38175556,0,12,1,0,1,1,0,1,3,1,0,1,0,"0000000",99,99,99,99,99,99,0,0,0,2,0
6,61228,1,1,0,0,0,2,2,67,0,23,5,2016,2,99,99,0,1,5,2,4,"CR-ISLETON ROAD","",0,38.23901667,-121.51812778,0,41,0,0,1,1,0,4,2,1,0,1,0,"0000000",99,99,99,99,88,88,0,0,0,2,0
6,61229,1,1,0,0,0,4,4,67,0,22,7,2016,6,22,24,1,1,2,1,3,"SR-99 RAMP","",44,38.30214722,-121.31835,0,42,0,0,5,1,0,4,2,1,0,1,0,"0000000",99,99,99,99,99,99,0,0,0,1,0
6,61230,3,3,0,0,0,4,4,77,3770,29,5,2016,1,8,52,1,2,1,1,1,"I-5","",353,38.05586111,-121.371775,0,42,0,0,1,1,0,4,1,1,0,1,0,"0000000",99,99,99,99,99,99,0,0,0,1,0
6,61231,2,2,0,0,0,2,2,13,2790,9,5,2016,2,17,45,1,2,2,1,3,"SR-4 EB","",250,38.00877222,-121.85570833,0,12,1,0,1,1,0,1,1,1,0,1,0,"0000000",99,99,99,99,99,99,0,0,0,1,0
6,61232,1,1,0,1,1,1,1,13,820,24,7,2016,1,2,10,0,2,2,1,3,"SR-242","",27,37.99626389,-122.03880278,0,8,0,0,1,1,0,1,2,1,0,1,0,"0000000",99,99,99,99,88,88,0,0,0,1,0
6,61233,3,3,0,0,0,3,3,13,3010,8,7,2016,6,14,42,1,2,1,1,1,"I-80","",26,37.9319,-122.32536111,0,12,1,0,1,1,0,1,1,1,0,1,0,"0000000",99,99,99,99,99,99,0,0,0,1,0
6,61234,2,2,0,0,0,2,2,69,0,11,7,2016,2,20,55,1,1,3,1,3,"SR-156","LUCY BROWN RD",44,36.841275,-121.5087,0,12,6,0,2,3,0,1,2,1,0,1,0,"0000000",99,99,99,99,99,99,0,0,0,1,0
6,61235,1,1,0,0,0,4,4,73,710,7,2,2016,1,0,53,0,2,4,4,6,"EAST H ST","",0,32.63834444,-117.03721944,0,33,0,0,1,1,0,3,3,1,0,1,0,"0000000",99,99,99,99,99,99,0,0,0,1,1
6,61236,2,2,0,0,0,2,2,65,2730,10,4,2016,1,20,55,0,2,3,4,6,"NAVAJO RD","",0,33.78579722,-117.25239722,0,12,2,0,1,1,0,1,3,1,0,1,0,"0000000",99,99,99,99,99,99,0,0,0,1,0
6,61237,1,1,0,0,0,2,2,71,1305,14,5,2016,7,0,39,0,2,4,4,6,"SAN BERNARDINO AVE","",0,34.07754722,-117.44026111,0,33,0,0,1,1,0,4,3,1,0,1,0,"0000000",99,99,99,99,99,99,0,0,0,1,0
6,61238,1,1,0,1,1,1,1,47,2150,22,5,2016,1,14,51,0,2,4,4,6,"W MAIN ST","R ST",0,37.30475833,-120.49243889,0,8,0,0,3,2,0,1,1,1,0,1,0,"0000000",99,99,99,99,99,99,0,0,0,1,0
6,61239,2,2,0,0,0,4,4,37,1695,31,5,2016,3,16,2,0,2,4,4,6,"GALE AVE","JOHNSON DR",0,34.00558056,-117.94640556,0,12,6,0,2,3,0,1,1,1,0,1,0,"0000000",99,99,99,99,99,99,20,0,0,1,0
6,61240,2,2,0,0,0,2,2,37,1980,15,6,2016,4,18,20,0,2,3,4,6,"OSBORNE ST","HADDON AVE",0,34.24923889,-118.41626389,0,12,6,0,2,2,0,1,1,1,0,1,0,"0000000",99,99,99,99,99,99,0,0,0,1,0
6,61241,1,1,0,1,1,1,1,37,1980,16,6,2016,5,16,20,0,2,3,4,6,"OLYMPIC BLVD","MULLEN AVE",0,34.05655278,-118.33255278,0,8,0,0,3,3,0,1,1,1,0,1,0,"0000000",99,99,99,99,99,99,0,0,0,1,0
6,61242,2,2,0,0,0,2,2,77,0,30,6,2016,5,21,14,1,1,3,1,3,"SR-12","",33,38.11360556,-121.52338056,0,12,2,0,1,1,1,1,2,1,0,1,0,"0000000",99,99,99,99,99,99,0,0,0,1,0
6,61243,1,1,0,0,0,5,5,115,0,18,7,2016,2,0,25,0,1,5,2,4,"CR-LINDA AVE","",0,39.12365,-121.53329722,0,38,0,0,1,1,0,4,2,1,0,1,0,"0000000",99,99,99,99,99,99,0,0,0,1,0
6,61244,3,3,0,0,0,10,10,7,0,9,7,2016,7,13,27,1,1,3,1,3,"SR-70","",19,39.33383056,-121.59786389,0,12,2,0,1,1,0,1,1,1,0,1,0,"0000000",99,99,99,99,99,99,14,0,0,2,0
6,61245,1,1,0,0,0,2,2,61,0,7,7,2016,5,9,12,1,1,1,1,1,"I-80","",648,39.30541667,-120.522775,0,42,0,0,1,1,0,4,1,1,0,1,0,"0000000",99,99,99,99,99,99,0,0,0,1,0
6,61246,3,3,0,0,0,5,5,19,0,5,7,2016,3,20,31,1,1,2,1,3,"SR-99","",133,36.65091667,-119.71080556,0,12,2,0,1,1,0,1,5,1,0,1,0,"0000000",99,99,99,99,99,99,0,0,0,1,0
6,61247,2,2,0,0,0,3,3,19,0,19,8,2016,6,14,10,0,1,6,2,4,"CR-FOWLER AVE","AMERICAN AVE",0,36.66353333,-119.68189444,0,12,6,0,2,2,0,1,1,1,0,1,0,"0000000",99,99,99,99,99,99,0,0,0,1,0
6,61248,2,1,1,0,0,2,2,65,0,18,8,2016,5,5,55,1,1,1,1,1,"I-10","",170,33.92719722,-116.81556389,0,14,0,0,1,1,0,4,4,1,0,1,0,"0000000",99,99,99,99,99,99,0,0,0,1,0
6,61249,1,1,0,1,1,2,2,73,0,22,6,2016,4,7,5,0,1,5,2,4,"CR-SOUTH GRADE ROAD","",0,32.82138611,-116.75841667,0,8,0,0,1,1,0,1,1,1,0,1,0,"0000000",99,99,99,99,88,88,0,0,0,1,0
6,61250,3,3,0,0,0,6,6,73,0,18,7,2016,2,10,0,0,1,5,4,4,"CR-WILLOWS RD","",0,32.84139722,-116.68290833,0,12,6,0,1,1,0,1,1,1,0,1,0,"0000000",99,99,99,99,99,99,0,0,0,1,0
6,61251,2,2,0,0,0,4,4,65,9997,17,3,2016,5,18,11,0,2,7,4,6,"58TH ST","DODD ST",0,33.98270833,-117.509175,0,12,6,0,2,2,0,1,1,1,0,1,0,"0000000",99,99,99,99,99,99,0,0,0,1,0
6,61252,2,2,0,0,0,3,3,37,0,13,8,2016,7,12,30,0,1,4,2,4,"CR-NORMANDIE AVE","",0,33.801975,-118.29863889,0,12,7,0,1,1,0,1,1,1,0,1,0,"0000000",99,99,99,99,99,99,0,0,0,1,0
6,61253,2,2,0,0,0,2,2,31,0,22,8,2016,2,4,30,0,1,4,2,4,"CR-KANSAS AVENUE","",0,36.21107778,-119.74757222,0,12,2,0,1,1,0,1,2,10,0,10,0,"0000000",99,99,99,99,99,99,0,0,0,1,0
6,61254,1,1,0,0,0,1,1,5,0,14,8,2016,1,4,5,0,1,5,2,4,"CR-CAMANCHE PKWY N","",0,38.25766667,-120.92451944,0,33,0,0,1,1,0,4,2,1,0,1,0,"0000000",99,99,99,99,88,88,0,0,0,1,1