"STATE","ST_CASE","VE_TOTAL","VE_FORMS","PVH_INVL","PEDS","PERNOTMVIT","PERMVIT","PERSONS","COUNTY","CITY","DAY","MONTH","YEAR","DAY_WEEK","HOUR","MINUTE","NHS","RUR_URB","FUNC_SYS","RD_OWNER","ROUTE","TWAY_ID","TWAY_ID2","MILEPT","LATITUDE","LONGITUD","SP_JUR","HARM_EV","MAN_COLL","RELJCT1","RELJCT2","TYP_INT","WRK_ZONE","REL_ROAD","LGT_COND","WEATHER1","WEATHER2","WEATHER","SCH_BUS","RAIL","NOT_HOUR","NOT_MIN","ARR_HOUR","ARR_MIN","HOSP_HR","HOSP_MN","CF1","CF2","CF3","FATALS","DRUNK_DR"
6,61255,1,1,0,0,0,1,1,71,0,14,8,2016,1,13,0,1,1,2,1,3,"SR-138","",337,34.26011111,-117.28660833,0,1,0,0,1,1,0,4,1,1,0,1,0,"0000000",99,99,99,99,88,88,0,0,0,1,0
6,61256,2,2,0,0,0,2,2,47,0,18,8,2016,5,18,46,0,1,2,1,3,"SR-140","WHITWORTH RD",32,37.24576944,-121.0309,0,12,6,0,2,2,0,1,1,1,0,1,0,"0000000",99,99,99,99,99,99,0,0,0,1,0
6,61257,2,2,0,0,0,2,2,19,0,22,8,2016,2,23,46,0,1,2,1,3,"SR-33","",633,36.77323056,-120.39506111,0,12,2,0,1,1,0,1,2,1,0,1,0,"0000000",99,99,99,99,99,99,0,0,0,1,0
6,61258,1,1,0,1,1,4,4,59,450,18,2,2016,5,18,31,0,2,3,4,6,"LAMBERT RD","",0,33.924875,-117.89683889,0,8,0,0,1,1,0,1,3,1,0,1,0,"0000000",99,99,99,99,99,99,0,0,0,1,0
6,61259,1,1,0,0,0,1,1,71,3210,21,3,2016,2,15,15,0,2,4,4,6,"E 9TH STREET","",0,34.11581111,-117.27407222,0,33,0,0,1,1,0,4,1,1,0,1,0,"0000000",99,99,3,22,88,88,0,0,0,1,0
6,61260,1,1,0,0,0,1,1,71,1305,28,5,2016,7,7,53,0,2,4,4,6,"JURUPA AVE","",0,34.04796667,-117.51006667,0,33,0,0,1,1,0,4,1,1,0,1,0,"0000000",99,99,99,99,99,99,0,0,0,1,0
6,61261,2,2,0,0,0,3,3,83,0,12,5,2016,5,2,15,0,1,5,2,4,"CR-SAN ANTONIO CREEK RD","",0,34.45745833,-119.78443056,0,42,0,0,1,1,0,4,2,1,0,1,0,"0000000",99,99,99,99,99,99,0,0,0,1,0
6,61262,1,1,0,2,2,2,2,23,0,12,7,2016,3,21,15,0,1,5,2,4,"CR-EEL RIVER DRIVE","",0,40.57266389,-124.14766944,0,8,0,0,1,1,0,1,5,1,0,1,0,"0000000",99,99,99,99,99,99,0,0,0,2,1
6,61263,1,1,0,0,0,1,1,61,0,8,8,2016,2,11,38,1,1,1,1,1,"I-80","",347,39.11771667,-120.94233056,0,25,0,0,1,1,0,3,1,1,0,1,0,"0000000",99,99,99,99,88,88,0,0,0,1,0
6,61264,1,1,0,0,0,1,1,7,0,1,8,2016,2,20,35,0,1,7,2,4,"CR-MCINTOSH AVE","",0,39.71264722,-121.83471944,0,42,0,0,1,1,0,4,5,1,0,1,0,"0000000",99,99,99,99,88,88,0,0,0,1,0
6,61265,2,2,0,0,0,4,4,7,0,5,8,2016,6,16,25,0,1,4,1,3,"SR-32","",301,39.95519722,-121.64931667,0,12,2,0,1,1,0,1,1,1,0,1,0,"0000000",99,99,99,99,99,99,0,0,0,1,0
6,61266,1,1,0,1,1,1,1,67,0,24,6,2016,6,12,51,0,1,3,2,4,"CR-MARTIN LUTHER KING JR. BLVD","",0,38.51448333,-121.46456944,0,9,0,0,1,1,4,1,1,1,0,1,0,"0000000",99,99,99,99,88,88,16,0,0,1,0
6,61267,2,2,0,1,1,2,2,77,0,25,6,2016,7,21,29,1,1,2,1,3,"SR-88","",181,38.19124167,-121.08645556,0,8,0,0,1,1,0,1,3,1,0,1,0,"0000000",99,99,99,99,88,88,0,0,0,1,0
6,61268,1,1,0,0,0,1,1,85,0,25,4,2016,2,9,4,1,1,1,1,1,"I-280","",173,37.380325,-122.1514,0,25,0,0,1,1,0,3,1,1,0,1,0,"0000000",99,99,99,99,88,88,0,0,0,1,0
6,61269,1,1,0,0,0,1,1,81,0,30,7,2016,7,11,25,0,1,3,1,3,"SR-84","",103,37.33486944,-122.26914167,0,1,0,0,1,1,0,1,1,1,0,1,0,"0000000",99,99,99,99,88,88,0,0,0,1,0
6,61270,1,1,0,0,0,1,1,1,20,9,6,2016,5,0,55,1,2,1,1,1,"I-80","",77,37.89303056,-122.30761667,0,52,0,0,1,1,0,4,3,1,0,1,0,"0000000",99,99,99,99,99,99,0,0,0,1,0
6,61271,2,2,0,0,0,3,3,29,0,2,8,2016,3,10,20,0,1,3,2,3,"SR-99","MERLE HAGGARD DRIVE",0,35.441275,-119.08665833,0,12,6,1,2,2,0,1,1,1,0,1,0,"0000000",99,99,99,99,99,99,0,0,0,1,1
6,61272,1,1,0,0,0,2,2,109,0,18,8,2016,5,16,15,1,1,2,1,3,"SR-120","",38,37.84995556,-120.584625,0,34,0,0,1,1,0,4,1,1,0,1,0,"0000000",99,99,99,99,99,99,0,0,0,1,0
6,61273,1,1,0,0,0,2,2,107,0,26,7,2016,3,20,30,0,1,4,2,4,"CR-AVE 424","",0,36.56003889,-119.36501667,0,30,0,0,1,1,0,4,5,1,0,1,0,"0000000",99,99,99,99,88,88,0,0,0,2,0
6,61274,1,1,0,0,0,2,2,37,1970,14,8,2016,1,6,47,1,2,1,1,1,"I-710","",121,33.86293333,-118.19916667,0,33,0,1,19,1,0,4,4,1,0,1,0,"0000000",99,99,99,99,99,99,0,0,0,2,0
6,61275,2,1,1,0,2,1,3,37,1980,27,6,2016,2,3,58,1,2,1,1,1,"I-5 RAMP","",183,34.05338611,-118.21410556,0,14,0,1,5,1,0,2,3,1,0,1,0,"0000000",99,99,99,99,88,88,0,0,0,1,0
6,61276,1,1,0,0,0,1,1,65,0,22,4,2016,6,14,1,1,1,1,1,1,"I-10","",1016,33.70095278,-115.45961944,0,38,0,0,1,1,0,4,1,1,0,1,0,"0000000",99,99,99,99,99,99,0,0,0,1,0
6,61277,1,1,0,0,0,1,1,73,3260,21,8,2016,1,3,10,1,2,1,1,1,"I-5","",141,32.70164444,-117.14309444,0,24,0,1,19,1,0,4,3,1,0,1,0,"0000000",99,99,99,99,88,88,0,0,0,1,1
6,61278,1,1,0,0,0,1,1,65,410,7,7,2016,5,2,3,0,2,7,4,6,"35TH AVE","KEIM BLVD",0,33.45594444,-114.69123889,0,34,0,0,3,3,0,4,2,1,0,1,0,"0000000",99,99,99,99,88,88,0,0,0,1,0
6,61279,1,1,0,1,1,1,1,59,3420,11,8,2016,5,22,37,1,2,2,1,3,"SR-55","",88,33.71942222,-117.84113611,0,8,0,0,1,1,0,1,3,1,0,1,0,"0000000",99,99,99,99,88,88,0,0,0,1,0
6,61280,1,1,0,0,0,2,2,65,0,25,7,2016,2,23,22,0,1,4,2,4,"CR-RIVER ROAD","",0,33.72535278,-117.274175,0,43,0,0,1,1,0,4,2,1,0,1,0,"0000000",99,99,99,99,99,99,0,0,0,1,1
6,61281,7,7,0,0,0,9,9,79,0,10,7,2016,1,13,0,0,1,2,1,3,"SR-1","PICO AVE",541,35.61496944,-121.14639722,0,1,0,0,3,2,0,1,1,1,0,1,0,"0000000",99,99,99,99,99,99,0,0,0,1,0
6,61282,1,1,0,0,0,1,1,65,2116,21,1,2016,5,14,10,0,2,5,4,6,"MURRIETA ROAD","",0,33.65689722,-117.20610556,0,1,0,0,1,1,0,4,1,1,0,1,0,"0000000",99,99,99,99,88,88,0,0,0,1,1
6,61283,2,2,0,0,0,5,5,75,3290,6,2,2016,7,21,20,0,2,4,4,6,"BRANNAN ST","9TH ST",0,37.77006389,-122.40699722,0,12,6,0,2,2,0,1,3,1,0,1,0,"0000000",99,99,99,99,99,99,20,0,0,3,0
6,61284,2,2,0,0,0,3,3,37,3300,23,6,2016,5,1,27,0,2,4,4,6,"DEL MAR AVE","NORWOOD PL",0,34.07641389,-118.09959444,0,12,6,0,2,3,0,1,3,1,0,1,0,"0000000",99,99,99,99,99,99,0,0,0,1,1
6,61285,3,1,2,2,2,3,3,37,1980,21,6,2016,3,10,30,0,2,4,4,6,"120TH ST","",0,33.92368611,-118.26891111,0,14,0,0,1,1,0,4,1,1,0,1,0,"0000000",99,99,99,99,99,99,0,0,0,1,0
6,61286,2,2,0,0,0,3,3,37,1808,21,6,2016,3,21,25,0,2,3,4,6,"PARAMOUNT BLVD","",0,33.84034444,-118.16015833,0,12,2,0,1,1,0,1,3,1,0,1,0,"0000000",99,99,99,99,99,99,0,0,0,2,1
6,61287,1,1,0,0,0,1,1,5,0,22,8,2016,2,19,5,0,1,5,2,4,"CR-RIDGE RD","",0,38.41371111,-120.700775,0,34,0,0,1,1,0,4,1,1,0,1,0,"0000000",99,99,99,99,99,99,0,0,0,1,0
6,61288,2,2,0,0,0,2,2,19,0,11,7,2016,2,13,37,0,1,5,2,4,"CR-JEFFERSON AVE","",0,36.65411111,-120.32736111,0,12,6,0,1,1,0,1,1,1,0,1,0,"0000000",99,99,99,99,99,99,0,0,0,1,0
6,61289,2,2,0,0,0,2,2,19,0,3,8,2016,4,22,17,0,1,3,2,4,"CR- JENSEN AVENUE","",0,36.70731667,-119.65418333,0,12,2,0,1,1,0,1,2,1,0,1,0,"0000000",99,99,99,99,88,88,0,0,0,2,0
6,61290,1,1,0,0,0,7,7,19,0,8,8,2016,2,9,20,1,1,1,1,1,"I-5","",555,36.71913056,-120.684025,0,1,0,0,1,1,0,4,1,1,0,1,0,"0000000",99,99,99,99,99,99,0,0,0,2,0
6,61291,1,1,0,0,0,1,1,65,0,27,7,2016,4,19,34,0,1,2,1,3,"SR-74","",800,33.73624722,-116.81814167,0,1,0,0,1,1,0,4,5,1,0,1,0,"0000000",99,99,99,99,88,88,0,0,0,1,0
6,61292,2,2,0,0,0,3,3,63,0,12,6,2016,1,20,12,0,1,2,1,3,"SR-36","",41,40.26098889,-121.27533056,0,12,2,0,1,1,0,1,5,1,0,1,0,"0000000",99,99,99,99,99,99,0,0,0,1,0
6,61293,1,1,0,1,1,1,1,37,1980,29,6,2016,4,22,35,0,2,4,4,6,"GLENOAKS BL","",0,34.22409167,-118.36090556,0,8,0,0,1,1,0,1,3,1,0,1,0,"0000000",99,99,99,99,88,88,0,0,0,1,0
6,61294,1,1,0,1,1,1,1,65,750,8,6,2016,4,0,31,0,2,4,4,6,"AVENUE 48","",0,33.70033056,-116.193275,0,8,0,0,1,1,0,1,6,1,0,1,0,"0000000",99,99,99,99,88,88,0,0,0,1,0
6,61295,3,1,2,2,2,1,1,29,0,7,7,2016,5,5,0,1,1,1,1,1,"I-5","",172,35.00099444,-118.95005278,0,8,0,0,1,1,0,2,2,1,0,1,0,"0000000",99,99,99,99,99,99,14,23,0,1,0
6,61296,1,1,0,0,0,1,1,37,1980,2,7,2016,7,0,55,1,2,2,1,3,"SR-134","",51,34.15539444,-118.28999722,0,24,0,1,19,1,0,3,2,1,0,1,0,"0000000",99,99,99,99,88,88,0,0,0,1,0
6,61297,1,1,0,1,1,1,1,37,1980,17,4,2016,1,2,53,1,2,2,1,2,"US-101","",62,34.09664167,-118.31355833,0,8,0,1,18,1,0,1,3,1,0,1,0,"0000000",99,99,99,99,88,88,0,0,0,1,0
6,61298,1,1,0,0,0,1,1,79,0,25,7,2016,2,4,35,1,1,2,1,2,"US-101","",428,35.45094722,-120.63975556,0,33,0,0,1,1,0,4,3,1,0,1,0,"0000000",99,99,99,99,88,88,0,0,0,1,0
6,61299,2,2,0,0,0,3,3,85,3440,29,5,2016,1,17,40,0,2,3,4,6,"TASMAN DRIVE","LICK MILL BLVD",0,37.40834444,-121.96153889,0,12,6,0,2,3,0,1,1,1,0,1,0,"0000000",99,99,99,99,99,99,0,0,0,1,1
6,61300,1,1,0,1,1,1,1,81,3240,23,4,2016,7,22,34,0,2,4,4,6,"SAN CARLOS AVE","",0,37.50209444,-122.27486111,0,8,0,0,1,1,0,1,3,1,0,1,0,"0000000",99,99,99,99,88,88,0,0,0,1,1
6,61301,1,1,0,0,0,1,1,37,3445,4,6,2016,7,22,35,0,2,3,4,6,"SIERRA HIGHWAY","",0,34.43264722,-118.44054444,0,33,0,0,1,1,0,3,3,1,0,1,0,"0000000",99,99,99,99,88,88,0,0,0,1,0
6,61302,2,2,0,0,0,6,6,81,3730,10,6,2016,6,23,56,0,2,3,4,6,"AIRPORT BL","PINE AVE",0,37.65836389,-122.40599167,0,12,6,0,2,3,0,1,3,1,0,1,0,"0000000",99,99,99,99,99,99,0,0,0,2,1
6,61303,2,2,0,1,1,6,6,7,660,10,6,2016,6,21,11,0,2,5,4,6,"ESPLANADE","LINDO CHANNEL",0,39.749075,-121.85398056,0,8,0,0,1,1,0,1,5,1,0,1,0,"0000000",99,99,99,99,99,99,0,0,0,1,1
6,61304,1,1,0,1,1,1,1,67,3150,9,2,2016,3,12,16,0,2,5,4,6,"VAN NESS ST","EL CAMINO AVE",0,38.61111944,-121.43231667,0,9,0,0,3,2,0,1,1,1,0,1,0,"0000000",99,99,99,99,88,88,16,0,0,1,0
6,61305,2,1,1,1,1,1,1,59,1380,30,3,2016,4,18,5,0,2,4,4,6,"VALENCIA DR","",0,33.86683611,-117.89338056,0,14,0,0,1,1,1,7,1,1,0,1,0,"0000000",99,99,99,99,99,99,0,0,0,1,0
6,61306,1,1,0,2,2,1,1,37,2684,26,6,2016,1,2,12,0,2,4,4,6,"DOWNEY AVE","HARRISON ST",0,33.88355833,-118.15133611,0,8,0,0,3,3,0,1,3,1,0,1,0,"0000000",99,99,99,99,99,99,0,0,0,2,0
6,61307,1,1,0,1,1,1,1,1,2840,23,6,2016,5,7,7,0,2,3,4,6,"STANLEY BLVD","BERNAL AVE",0,37.67021389,-121.85809722,0,9,0,0,3,2,0,1,1,1,0,1,0,"0000000",99,99,99,99,88,88,0,0,0,1,0
6,61308,1,1,0,0,0,1,1,37,1980,23,7,2016,7,8,40,0,2,4,4,6,"TOPANGA CYN BL","",0,34.24293056,-118.60644444,0,1,0,0,1,1,0,1,1,1,0,1,0,"0000000",99,99,99,99,99,99,0,0,0,1,0
6,61309,2,2,0,0,0,2,2,45,0,20,7,2016,4,11,53,1,1,2,1,2,"US-101","",424,39.35909722,-123.31728056,0,54,11,0,1,1,0,1,1,1,0,1,0,"0000000",99,99,99,99,99,99,14,0,0,1,0
6,61310,1,1,0,0,0,1,1,57,0,25,7,2016,2,99,99,0,1,6,2,4,"CR-PURDON RD","",0,39.32044444,-121.04595556,0,42,0,0,1,1,0,4,1,1,0,1,0,"0000000",88,88,88,88,88,88,0,0,0,1,0
6,61311,2,2,0,0,0,2,2,77,0,10,5,2016,3,6,20,1,1,2,1,3,"SR-88","",167,38.181225,-121.10862778,0,12,2,0,1,1,0,1,4,1,0,1,0,"0000000",99,99,99,99,88,88,0,0,0,1,0
6,61312,1,1,0,0,0,1,1,101,0,30,5,2016,2,15,46,0,1,5,2,4,"CR-LINCOLN RD","",0,39.11253056,-121.67354722,0,1,0,0,1,1,0,4,1,1,0,1,0,"0000000",99,99,99,99,99,99,0,0,0,1,1
6,61313,1,1,0,0,0,1,1,97,0,28,5,2016,7,0,20,0,1,7,2,4,"CR-DAVIS LN","",0,38.30795,-122.65178056,0,1,0,0,1,1,0,1,2,1,0,1,0,"0000000",99,99,99,99,88,88,0,0,0,1,1
6,61314,2,1,1,0,0,1,1,95,0,3,8,2016,4,21,50,1,1,1,1,1,"I-80","",417,38.50988333,-121.78060833,0,14,0,0,1,1,0,2,3,1,0,1,0,"0000000",99,99,99,99,88,88,0,0,0,1,0
6,61315,1,1,0,1,1,2,2,87,4100,15,7,2016,6,1,38,0,2,4,4,6,"MAIN ST","RODRIGUEZ ST",0,36.915225,-121.76416667,0,8,0,0,3,3,0,1,3,10,0,10,0,"0000000",99,99,99,99,88,88,0,0,0,1,0
6,61316,1,1,0,1,1,1,1,73,3260,18,7,2016,2,19,5,0,2,7,4,6,"INGRAHAM ST","FELSPAR ST",0,32.800675,-117.24116944,0,15,0,0,3,2,0,1,1,1,0,1,0,"0000000",99,99,99,99,99,99,0,0,0,1,0
6,61317,1,1,0,1,1,1,1,37,1840,16,7,2016,7,21,2,0,2,3,4,6,"AVENUE I","28TH STREET EAST",0,34.70437222,-118.07931389,0,8,0,0,2,2,0,1,3,1,0,1,0,"0000000",99,99,99,99,99,99,0,0,0,1,0
6,61318,5,5,0,0,0,9,9,45,0,14,4,2016,5,11,20,1,2,2,1,2,"US-101","",421,39.35460278,-123.32017222,0,12,7,0,1,1,0,1,1,10,0,10,0,"0000000",99,99,99,99,99,99,0,0,0,1,0
6,61319,1,1,0,1,1,1,1,59,1410,16,7,2016,7,22,56,0,2,3,4,6,"EUCLID STREET","",0,33.77478889,-117.93785556,0,8,0,0,1,1,0,1,3,1,0,1,0,"0000000",99,99,99,99,99,99,0,0,0,1,0
6,61320,1,1,0,1,1,1,1,67,3150,10,2,2016,4,19,10,0,2,5,4,6,"AUBURN BL","",0,38.63489167,-121.38885278,0,9,0,0,1,1,0,1,3,1,0,1,0,"0000000",99,99,99,99,99,99,0,0,0,1,0
6,61321,1,1,0,1,1,1,1,77,3770,29,1,2016,6,99,99,0,2,3,4,6,"FARMINGTON RD","LADD TRACT RD",0,37.94026389,-121.23639444,0,9,0,0,3,3,0,1,2,1,0,1,0,"0000000",99,99,99,99,88,88,0,0,0,1,0
6,61322,1,1,0,1,1,1,1,37,1980,15,7,2016,6,18,40,0,2,4,4,6,"GLENOAKS BLVD","",0,34.30335556,-118.44425833,0,8,0,0,1,1,0,1,1,1,0,1,0,"0000000",99,99,99,99,88,88,0,0,0,1,0
6,61323,1,1,0,1,1,1,1,67,3150,29,2,2016,2,18,37,0,2,5,4,6,"F ST","30TH ST",0,38.57751111,-121.46462222,0,8,0,0,3,2,0,1,3,1,0,1,0,"0000000",99,99,99,99,99,99,0,0,0,1,0
6,61324,2,2,0,0,0,4,4,107,0,23,7,2016,7,18,15,0,1,6,1,4,"CR-ROAD 236","AVENUE 84",0,35.94243333,-119.04482222,0,12,1,0,2,3,0,1,1,1,0,1,0,"0000000",99,99,99,99,99,99,0,0,0,1,0
6,61325,1,1,0,0,0,2,2,55,0,2,8,2016,3,23,15,0,1,2,1,3,"SR-128","TUBBS LANE",27,38.58873889,-122.60711944,0,39,0,0,3,3,0,4,2,1,0,1,0,"0000000",99,99,99,99,99,99,0,0,0,1,1
6,61326,1,1,0,1,1,1,1,73,0,8,7,2016,6,21,20,0,1,4,2,4,"CR-S SANTA FE AVE","",0,33.16389167,-117.20530278,0,9,0,0,4,1,0,1,2,1,0,1,0,"0000000",99,99,99,99,99,99,0,0,0,1,0
6,61327,1,1,0,1,1,1,1,37,0,30,7,2016,7,21,58,0,1,3,2,4,"CR-FLORENCE AVE","MILES AVE",0,33.97358889,-118.219175,0,8,0,0,3,3,0,1,2,1,0,1,0,"0000000",99,99,99,99,99,99,0,0,0,1,0
6,61328,1,1,0,0,0,1,1,37,0,9,3,2016,4,10,42,0,1,4,2,4,"CR-AVENUE N-8","",0,34.62381667,-118.19491111,0,41,0,0,1,1,0,4,1,1,0,1,0,"0000000",99,99,99,99,88,88,0,0,0,1,0
6,61329,2,2,0,0,0,2,2,37,0,9,6,2016,5,6,12,0,1,3,2,4,"CR-VALLEY BL","",0,34.03479722,-117.974475,0,12,2,0,1,1,0,1,1,10,0,10,0,"0000000",99,99,99,99,99,99,0,0,0,1,0
6,61330,1,1,0,1,1,0,0,59,880,6,6,2016,2,16,40,1,2,1,1,1,"I-405","",105,33.68797222,-117.90286111,0,8,0,0,1,1,0,2,1,1,0,1,0,"0000000",99,99,99,99,88,88,0,0,0,1,0
6,61331,1,1,0,0,0,1,1,107,0,27,7,2016,4,14,35,1,1,2,1,3,"SR-65","",254,36.14884722,-119.07408333,0,38,0,0,1,1,0,4,1,1,0,1,0,"0000000",99,99,99,99,88,88,0,0,0,1,0
6,61332,2,2,0,1,1,3,3,73,0,25,7,2016,2,15,48,1,1,1,1,1,"I-8","",226,32.85005,-116.87125,0,12,1,0,1,1,0,1,1,1,0,1,0,"0000000",99,99,99,99,88,88,23,0,0,1,0
6,61333,1,1,0,0,0,1,1,111,0,9,6,2016,5,99,99,0,1,2,1,3,"SR-1","",22,34.06113333,-118.97951389,0,35,0,0,1,1,0,4,2,10,0,10,0,"0000000",99,99,99,99,88,88,0,0,0,1,1
6,61334,1,1,0,0,0,1,1,111,0,17,7,2016,1,16,8,0,1,5,2,4,"CR-YERBA BUENA RD","",0,34.10676667,-118.89914444,0,35,0,0,1,1,0,4,1,1,0,1,0,"0000000",99,99,99,99,88,88,0,0,0,1,0
6,61335,1,1,0,1,1,1,1,71,0,18,8,2016,5,20,12,0,1,5,2,4,"CR-VALLEY CENTER RD","",0,34.87964722,-116.75810833,0,9,0,0,1,1,0,1,2,10,0,10,0,"0000000",99,99,99,99,99,99,0,0,0,1,0
6,61336,4,4,0,0,0,4,4,65,850,27,5,2016,6,16,28,0,2,5,4,6,"HIDDEN VALLEY PARKWAY","",0,33.89943611,-117.55432778,0,1,0,0,1,1,0,1,1,1,0,1,0,"0000000",99,99,99,99,99,99,14,0,0,1,2
6,61337,3,3,0,0,0,3,3,67,3150,9,7,2016,7,10,15,0,2,3,4,6,"MEADOWVIEW ROAD","FREEPORT BLVD",0,38.48126111,-121.50500556,0,12,6,0,2,2,0,1,1,1,0,1,0,"0000000",99,99,99,99,99,99,0,0,0,1,0
6,61338,1,1,0,1,1,1,1,115,2100,5,7,2016,3,4,53,0,2,4,4,6,"5TH ST","F ST",0,39.14009722,-121.59196667,0,8,0,0,2,2,0,1,3,1,0,1,0,"0000000",99,99,99,99,99,99,0,0,0,1,0
6,61339,3,3,0,0,0,7,7,73,3260,8,7,2016,6,20,20,0,2,4,4,6,"WEST MISSION BAY DRIVE","",0,32.75960833,-117.22735278,0,12,7,0,1,1,0,1,3,1,0,1,0,"0000000",99,99,99,99,88,88,0,0,0,1,0
6,61340,2,2,0,0,0,4,4,31,1540,8,7,2016,6,4,31,0,2,4,4,6,"IDAHO AVE","11TH AVE",0,36.26926667,-119.65488889,0,12,6,0,2,2,0,1,2,1,0,1,0,"0000000",99,99,99,99,88,88,0,0,0,2,0
6,61341,1,1,0,0,0,1,1,41,0,13,8,2016,7,18,55,0,1,4,2,4,"CR-NORTH SAN PEDRO ROAD","LA BREA WAY",0,38.01233611,-122.51382778,0,33,0,0,3,3,0,4,1,1,0,1,0,"0000000",99,99,99,99,99,99,0,0,0,1,0
6,61342,1,1,0,0,0,1,1,105,0,26,5,2016,5,16,5,0,1,2,1,3,"SR-3","",607,40.99207778,-122.702425,0,42,0,0,1,1,0,4,1,1,0,1,0,"0000000",99,99,99,99,88,88,0,0,0,1,1
6,61343,1,1,0,0,0,2,2,89,0,9,8,2016,3,17,20,1,1,2,1,3,"SR-299","",36,40.65761944,-122.69895,0,1,0,0,1,1,0,1,1,1,0,1,0,"0000000",99,99,99,99,99,99,0,0,0,1,0
6,61344,1,1,0,0,0,1,1,17,0,16,7,2016,7,12,36,1,1,2,1,2,"US-50","",273,38.74461667,-120.64478333,0,24,0,0,1,1,0,4,1,1,0,1,0,"0000000",99,99,99,99,88,88,0,0,0,1,0
6,61345,2,2,0,0,0,3,3,67,0,20,3,2016,1,22,8,0,1,3,2,4,"CR-ELKHORN BLVD","LARCHMONT DR",0,38.6939,-121.3717,0,12,6,0,2,2,0,1,3,10,0,10,0,"0000000",99,99,99,99,99,99,20,0,0,1,1
6,61346,2,2,0,0,0,4,4,67,0,3,6,2016,6,21,4,0,1,3,2,4,"CR-MADISON AVENUE","KENNETH AVE",0,38.66428889,-121.24425833,0,12,6,0,2,2,0,1,3,1,0,1,0,"0000000",99,99,99,99,99,99,0,0,0,2,0
6,61347,1,1,0,1,1,1,1,1,2480,28,7,2016,5,3,40,1,2,1,1,1,"I-880","",260,37.7469,-122.2019,0,8,0,0,1,1,0,1,3,1,0,1,0,"0000000",99,99,99,99,88,88,0,0,0,1,0
6,61348,4,4,0,0,0,11,11,71,2550,30,7,2016,7,12,50,1,2,1,1,1,"I-10","",49,34.08005,-117.62776111,0,12,1,0,1,1,0,1,1,1,0,1,0,"0000000",99,99,99,99,88,88,28,0,0,1,0
6,61349,1,1,0,1,1,1,1,37,1980,20,5,2016,6,9,45,0,2,3,4,6,"PERSHING DR","",0,33.94318611,-118.43573889,0,9,0,0,1,1,0,1,1,1,0,1,0,"0000000",99,99,99,99,99,99,0,0,0,1,0
6,61350,1,1,0,0,0,1,1,37,2970,10,7,2016,1,22,58,0,2,4,4,6,"AVIATION BL","",0,33.87016389,-118.38251667,0,1,0,0,1,1,0,1,3,1,0,1,0,"0000000",99,99,99,99,88,88,0,0,0,1,0
6,61351,1,1,0,1,1,1,1,113,4163,10,6,2016,6,22,59,0,2,3,4,6,"W CAPITOL AVE","",0,38.58058889,-121.52788333,0,8,0,0,1,1,0,1,3,1,0,1,0,"0000000",99,99,99,99,99,99,0,0,0,1,0
6,61352,1,1,0,1,1,1,1,67,3150,26,6,2016,1,20,38,0,2,3,4,6,"EL CAMINO AVE","BOXWOOD ST",0,38.61110833,-121.44618333,0,9,0,0,3,2,0,1,5,1,0,1,0,"0000000",99,99,99,99,99,99,0,0,0,1,0
6,61353,2,2,0,0,0,4,4,37,1980,28,6,2016,3,12,5,0,2,4,4,6,"8TH ST","CAMULOS PL",0,34.02566944,-118.21394722,0,12,6,0,2,2,0,1,1,1,0,1,0,"0000000",99,99,99,99,88,88,0,0,0,1,0
6,61354,1,1,0,1,1,1,1,1,1364,28,6,2016,3,21,28,0,2,4,4,6,"WALNUT AVE","BART WY",0,37.555575,-121.97501944,0,8,0,0,3,3,0,1,3,1,0,1,0,"0000000",99,99,99,99,99,99,0,0,0,1,0
6,61355,1,1,0,1,1,1,1,99,2200,30,6,2016,5,20,52,0,2,3,4,6,"EL VISTA AVE","",0,37.64553611,-120.95728333,0,9,0,0,1,1,0,1,5,1,0,1,0,"0000000",99,99,99,99,99,99,0,0,0,1,0
6,61356,2,2,0,0,0,5,5,37,1980,2,7,2016,7,13,50,0,2,3,4,6,"FOOTHILL BLVD","RHODESIA AVE",0,34.25966111,-118.30791389,0,12,6,0,2,3,0,1,1,1,0,1,0,"0000000",99,99,99,99,99,99,0,0,0,1,0
6,61357,4,4,0,0,0,8,8,71,3210,29,1,2016,6,19,26,0,2,4,4,6,"W BASELINE ST","GENEVIEVE ST",0,34.12132222,-117.28653056,0,12,6,0,2,3,0,1,3,1,0,1,0,"0000000",99,99,99,99,99,99,0,0,0,1,1
6,61358,2,2,0,0,0,4,4,81,1530,26,2,2016,6,16,54,0,2,3,1,3,"SR-1","",307,37.48810278,-122.44964444,0,12,2,0,1,1,0,1,1,10,0,10,0,"0000000",99,99,99,99,99,99,0,0,0,1,1
6,61359,2,2,0,0,0,2,2,37,1840,13,2,2016,7,5,50,0,2,3,4,6,"AVENUE I","30TH ST WEST",0,34.7041,-118.18383056,0,12,6,0,2,2,0,1,3,1,0,1,0,"0000000",99,99,99,99,99,99,0,0,0,1,0
6,61360,4,1,3,0,0,1,1,37,2020,28,5,2016,7,23,47,0,2,3,4,6,"IMPERIAL HIGHWAY","",0,33.93048889,-118.22041389,0,14,0,0,1,1,0,7,3,1,0,1,0,"0000000",99,99,99,99,99,99,14,0,0,1,0