"STATE","ST_CASE","VE_TOTAL","VE_FORMS","PVH_INVL","PEDS","PERNOTMVIT","PERMVIT","PERSONS","COUNTY","CITY","DAY","MONTH","YEAR","DAY_WEEK","HOUR","MINUTE","NHS","RUR_URB","FUNC_SYS","RD_OWNER","ROUTE","TWAY_ID","TWAY_ID2","MILEPT","LATITUDE","LONGITUD","SP_JUR","HARM_EV","MAN_COLL","RELJCT1","RELJCT2","TYP_INT","WRK_ZONE","REL_ROAD","LGT_COND","WEATHER1","WEATHER2","WEATHER","SCH_BUS","RAIL","NOT_HOUR","NOT_MIN","ARR_HOUR","ARR_MIN","HOSP_HR","HOSP_MN","CF1","CF2","CF3","FATALS","DRUNK_DR"
6,61361,1,1,0,0,0,2,2,1,3360,24,5,2016,3,13,17,0,2,7,4,6,"WASHINGTON AVE","",0,37.70331111,-122.14213889,0,10,0,0,6,1,1,1,1,1,0,1,0,"9999999",99,99,99,99,88,88,0,0,0,2,0
6,61362,4,4,0,0,0,7,7,37,2684,4,6,2016,7,0,30,0,2,3,4,6,"ROSECRANS AVE","PARAMOUNT BLVD",0,33.90375,-118.15983333,0,12,1,0,3,2,0,1,3,1,0,1,0,"0000000",99,99,99,99,99,99,0,0,0,1,1
6,61363,1,1,0,0,0,7,7,73,560,16,6,2016,5,0,30,1,2,1,1,1,"I-5","",500,33.16128056,-117.3415,0,1,0,0,1,1,0,1,3,10,0,10,0,"0000000",99,99,99,99,99,99,0,0,0,1,0
6,61364,3,3,0,0,0,4,4,73,3260,7,7,2016,5,23,40,0,2,4,4,6,"CLAIREMONT MESA BLVD","",0,32.83185556,-117.11029167,0,12,1,0,1,1,0,1,2,1,0,1,0,"0000000",99,99,99,99,99,99,0,0,0,1,1
6,61365,1,1,0,0,0,1,1,85,0,17,7,2016,1,17,34,1,1,1,1,1,"I-280","",176,37.38363056,-122.15187778,0,35,0,0,1,1,0,4,1,1,0,1,0,"0000000",99,99,99,99,88,88,0,0,0,1,0
6,61366,1,1,0,0,0,3,3,65,0,1,5,2016,1,8,8,0,1,2,1,3,"SR-74","",891,33.64957222,-116.39545833,0,35,0,0,1,1,0,4,1,1,0,1,0,"0000000",99,99,99,99,99,99,0,0,0,1,0
6,61367,1,1,0,0,0,1,1,13,2790,17,7,2016,1,16,4,1,2,2,1,3,"SR-4","",237,38.01105,-121.86388333,0,41,0,0,1,1,0,4,1,1,0,1,0,"0000000",99,99,99,99,88,88,0,0,0,1,1
6,61368,1,1,0,0,0,1,1,1,2480,2,7,2016,7,18,53,1,2,2,1,3,"SR-24","",47,37.84869722,-122.235375,0,42,11,0,1,1,0,4,1,1,0,1,0,"0000000",99,99,99,99,88,88,0,0,0,1,1
6,61369,2,2,0,0,0,3,3,89,0,3,8,2016,4,14,40,1,1,2,1,3,"SR-44","",132,40.53285556,-122.13098056,0,12,2,0,1,1,0,1,1,1,0,1,0,"0000000",99,99,99,99,99,99,0,0,0,1,1
6,61370,1,1,0,0,0,1,1,17,0,3,6,2016,6,0,25,1,1,2,1,2,"US-50","",92,38.66745278,-120.92841111,0,42,0,0,1,1,0,4,3,1,0,1,0,"0000000",99,99,99,99,88,88,0,0,0,1,0
6,61371,1,1,0,0,0,1,1,29,0,7,8,2016,1,1,50,0,1,2,1,3,"SR-184","",61,35.32519444,-118.91429444,0,1,0,0,1,1,0,4,2,1,0,1,0,"0000000",99,99,99,99,99,99,0,0,0,1,1
6,61372,1,1,0,0,0,1,1,29,240,21,8,2016,1,14,25,0,2,2,1,3,"SR-178","",38,35.39004722,-118.98088611,0,35,0,0,1,1,0,4,1,1,0,1,0,"0000000",99,99,99,99,88,88,0,0,0,1,0
6,61373,2,2,0,0,0,2,2,29,0,15,5,2016,1,16,12,0,1,2,1,3,"SR-33","HUDSON RANCH RD",23,34.96101944,-119.44753611,0,12,6,0,2,3,0,1,1,1,0,1,0,"0000000",99,99,99,99,99,99,0,0,0,1,0
6,61374,2,2,0,0,0,3,3,107,0,8,7,2016,6,5,55,0,1,5,2,4,"CR-COUNTY LINE RD","ROAD 184",0,35.79069167,-119.16088611,0,12,2,0,2,2,0,1,1,1,0,1,0,"0000000",99,99,99,99,99,99,0,0,0,1,0
6,61375,1,1,0,0,0,2,2,65,0,28,8,2016,1,23,20,0,1,5,2,4,"CR-COYOTE CANYON ROAD","",0,33.49956667,-116.62591111,0,1,0,0,1,1,0,4,2,1,0,1,0,"0000000",99,99,99,99,99,99,0,0,0,1,1
6,61376,2,2,0,0,0,2,2,59,0,20,8,2016,7,18,44,0,1,5,2,4,"CR-LIVE OAK CANYON RD","",0,33.66166111,-117.60106944,0,12,2,0,1,1,0,1,1,1,0,1,0,"0000000",99,99,99,99,99,99,0,0,0,1,1
6,61377,5,1,4,0,1,1,2,73,1182,4,3,2016,6,21,2,0,2,3,4,6,"S EL CAMINO REAL","",0,33.02520278,-117.25557778,0,14,0,0,1,1,0,7,3,1,0,1,0,"0000000",99,99,99,99,99,99,0,0,0,1,0
6,61378,4,1,3,9,11,1,3,37,1980,26,6,2016,1,21,20,0,2,4,4,6,"4TH STREET","",0,34.04292778,-118.22294444,0,33,0,0,1,1,0,4,3,1,0,1,0,"0000000",99,99,99,99,99,99,14,15,0,1,1
6,61379,2,2,0,0,0,3,3,37,1980,1,6,2016,4,1,30,1,2,1,1,1,"I-210","",18,34.32363611,-118.46216944,0,12,1,0,1,1,0,1,2,1,0,1,0,"0000000",99,99,99,99,99,99,0,0,0,1,0
6,61380,4,2,2,0,0,5,5,75,3290,19,5,2016,5,15,48,0,2,7,4,6,"CALGARY ST","VELASCO AVE",0,37.70879722,-122.41603056,0,12,2,0,3,2,0,1,1,1,0,1,0,"0000000",99,99,99,99,99,99,0,0,0,1,0
6,61381,2,2,0,0,0,2,2,29,0,27,8,2016,7,16,30,0,1,5,2,4,"CR-COMANCHE DR","MULLER RD",0,35.32554722,-118.84308611,0,12,7,0,2,2,0,1,1,1,0,1,0,"0000000",99,99,99,99,99,99,0,0,0,1,1
6,61382,1,1,0,0,0,1,1,77,0,30,5,2016,2,16,34,0,1,2,1,3,"SR-26","",172,38.06824722,-120.99078611,0,1,0,0,1,1,0,2,1,1,0,1,0,"0000000",99,99,99,99,88,88,0,0,0,1,1
6,61383,2,2,0,0,0,2,2,55,0,10,7,2016,1,12,20,0,1,5,2,4,"CR-CHILES POPE VALLEY RD","BARNETT RD",0,38.61694167,-122.41703333,0,12,6,0,2,3,0,1,1,1,0,1,0,"0000000",99,99,99,99,99,99,0,0,0,1,0
6,61384,1,1,0,0,0,1,1,85,0,15,5,2016,1,17,40,0,1,7,2,4,"CR-BLACK ROAD","",0,37.20366111,-122.03196389,0,1,0,0,1,1,0,1,1,1,0,1,0,"0000000",99,99,99,99,88,88,0,0,0,1,0
6,61385,1,1,0,0,0,1,1,97,0,29,6,2016,4,11,44,0,1,4,2,4,"CR-LAKEVILLE ROAD","",0,38.18435,-122.53759444,0,42,0,0,1,1,0,4,1,1,0,1,0,"0000000",99,99,99,99,88,88,0,0,0,1,0
6,61386,1,1,0,0,0,1,1,19,1370,28,8,2016,1,23,55,0,2,5,4,6,"SAN BENITO AVE","",0,36.70631389,-120.36053889,0,1,0,0,1,1,0,4,2,1,0,1,0,"0000000",99,99,99,99,88,88,0,0,0,1,0
6,61387,1,1,0,0,0,1,1,37,1970,24,7,2016,1,2,35,1,2,1,1,1,"I-605","",6,33.81508889,-118.08131389,0,25,0,0,1,1,0,3,3,1,0,1,0,"0000000",99,99,99,99,88,88,0,0,0,1,1
6,61388,2,2,0,0,0,5,5,59,2199,7,8,2016,1,17,50,1,2,1,1,1,"I-5","",141,33.5663,-117.67213056,0,12,7,0,1,1,0,1,1,1,0,1,0,"0000000",99,99,99,99,99,99,0,0,0,1,0
6,61389,2,2,0,0,0,3,3,37,1980,29,5,2016,1,3,50,0,2,3,4,6,"FIGUEROA ST","",0,33.99289444,-118.28269444,0,12,1,0,1,1,0,1,3,1,0,1,0,"0000000",99,99,99,99,99,99,0,0,0,1,0
6,61390,1,1,0,1,1,1,1,97,3490,4,2,2016,5,19,52,0,2,2,1,3,"SR-12","",201,38.46482778,-122.65295556,0,8,0,0,1,1,0,1,3,1,0,1,0,"0000000",99,99,99,99,88,88,19,0,0,1,0
6,61391,1,1,0,1,1,1,1,59,3420,20,4,2016,4,2,17,0,2,3,1,6,"BRISTOL ST","CENTRAL",0,33.71256944,-117.8854,0,8,0,0,2,2,0,1,3,1,0,1,0,"0000000",99,99,99,99,99,99,0,0,0,1,0
6,61392,1,1,0,0,0,1,1,57,0,9,9,2016,6,12,33,1,1,2,1,3,"SR-20","",155,39.24425278,-121.02888889,0,33,0,0,1,1,0,4,1,1,0,1,0,"0000000",99,99,99,99,88,88,0,0,0,1,0
6,61393,2,2,0,0,0,4,4,77,0,9,8,2016,3,18,19,0,1,2,1,3,"SR-26","",78,38.00523889,-121.13353056,0,12,2,0,1,1,0,1,1,1,0,1,0,"0000000",99,99,99,99,99,99,0,0,0,1,0
6,61394,2,2,0,0,0,3,3,1,0,2,6,2016,5,16,34,1,1,1,1,1,"I-880","",195,37.67998056,-122.12266389,0,12,7,0,1,1,0,1,1,1,0,1,0,"0000000",99,99,99,99,88,88,0,0,0,1,0
6,61395,1,1,0,0,0,1,1,19,0,28,8,2016,1,20,36,0,1,5,2,4,"CR-HILLS VALLEY RD","",0,36.585275,-119.30505278,0,42,0,0,1,1,0,4,2,1,0,1,0,"0000000",99,99,99,99,88,88,0,0,0,1,0
6,61396,2,2,0,0,0,3,3,99,0,1,8,2016,2,5,50,0,1,5,2,4,"CR-CARPENTER ROAD","",0,37.507,-121.03086111,0,12,2,0,1,1,0,1,4,1,0,1,0,"0000000",99,99,99,99,99,99,0,0,0,1,1
6,61397,2,2,0,0,0,2,2,71,0,16,7,2016,7,17,0,0,1,2,1,3,"SR-38","",246,34.17263889,-116.86483889,0,12,2,0,1,1,0,1,1,1,0,1,0,"0000000",99,99,99,99,99,99,14,0,0,1,0
6,61398,1,1,0,1,1,1,1,59,3420,12,3,2016,7,4,51,0,2,3,4,6,"WARNER AVE","PACIFIC AVE",0,33.71614722,-117.88781389,0,9,0,0,3,2,0,1,3,1,0,1,0,"0000000",99,99,99,99,88,88,0,0,0,1,0
6,61399,2,2,0,0,0,3,3,65,2278,9,4,2016,7,1,24,0,2,5,4,6,"IRONWOOD AVE","",0,33.94923889,-117.20073611,0,12,6,0,1,1,0,1,3,1,0,1,0,"0000000",99,99,99,99,99,99,0,0,0,1,1
6,61400,2,2,0,0,0,4,4,59,80,21,5,2016,7,1,28,0,2,3,4,6,"W LINCOLN AVE","N DALE AVE",0,33.83220833,-117.98474722,0,12,6,0,2,2,0,1,3,10,0,10,0,"0000000",99,99,99,99,99,99,0,0,0,3,1
6,61401,1,1,0,1,1,2,2,37,1700,15,3,2016,3,7,54,0,2,3,4,6,"CENTURY BLVD","FLOWER ST",0,33.94543611,-118.3466,0,8,0,0,3,3,0,1,1,1,0,1,0,"0000000",99,99,99,99,88,88,0,0,0,1,0
6,61402,1,1,0,0,0,1,1,77,0,30,7,2016,7,23,50,0,1,5,2,4,"CR-ODELL AVE","",0,37.91590833,-121.28252778,0,42,0,0,1,1,0,4,3,1,0,1,0,"0000000",99,99,99,99,88,88,0,0,0,1,1
6,61403,2,2,0,0,0,2,2,7,0,2,8,2016,3,14,37,1,1,3,1,3,"SR-99","MALLARD ESTATES RD",412,39.82591389,-121.92770556,0,12,2,0,3,3,0,2,1,1,0,1,0,"0000000",99,99,99,99,88,88,28,0,0,1,0
6,61404,1,1,0,1,1,1,1,67,0,16,8,2016,3,7,54,0,1,4,2,4,"CR-DON JULIO BL","ELKHORN BL",0,38.69285556,-121.35179444,0,9,0,0,3,2,0,1,1,1,0,1,0,"0000000",99,99,99,99,99,99,0,0,0,1,0
6,61405,1,1,0,0,0,1,1,9,0,3,9,2016,7,2,43,0,1,2,1,3,"SR-4","",99998,38.01589722,-120.64419167,0,42,0,0,1,1,1,4,2,1,0,1,0,"0000000",99,99,99,99,88,88,0,0,0,1,0
6,61406,1,1,0,1,1,3,3,85,537,12,6,2016,1,16,10,0,2,3,4,6,"SAN TOMAS EXPY","",0,37.27738889,-121.95538889,0,9,0,0,1,1,0,2,1,1,0,1,0,"0000000",99,99,99,99,99,99,0,0,0,1,1
6,61407,1,1,0,0,0,1,1,97,0,23,8,2016,3,8,20,0,1,6,2,4,"CR-OCCIDENTAL ROAD","",0,38.40356667,-122.91376111,0,30,0,0,1,1,0,4,1,10,0,10,0,"0000000",99,99,99,99,88,88,0,0,0,1,0
6,61408,2,2,0,0,0,2,2,39,0,6,8,2016,7,15,24,1,1,3,1,3,"SR-41","ROAD 426",358,37.33298889,-119.6508,0,12,6,0,2,2,0,1,1,1,0,1,0,"0000000",99,99,99,99,88,88,0,0,0,1,0
6,61409,1,1,0,0,0,1,1,107,0,11,8,2016,5,0,0,0,1,2,1,3,"SR-201","",222,36.47344444,-119.15246667,0,38,0,0,1,1,0,4,2,1,0,1,0,"0000000",99,99,99,99,88,88,0,0,0,1,0
6,61410,5,5,0,0,0,5,5,37,2684,26,4,2016,3,0,39,1,2,1,1,1,"I-710","",150,33.90409722,-118.18494167,0,12,1,0,1,1,0,1,2,10,0,10,0,"0000000",99,99,99,99,88,88,14,0,0,1,1
6,61411,1,1,0,0,0,1,1,65,2730,12,8,2016,6,8,57,0,2,2,1,3,"SR-74","",246,33.76687222,-117.25805556,0,59,0,0,1,1,0,4,1,1,0,1,0,"0000000",99,99,99,99,99,99,0,0,0,1,0
6,61412,2,2,0,0,0,3,3,79,0,28,6,2016,3,4,48,1,1,2,1,2,"US-101","WELLSONA RD",619,35.6958,-120.69686944,0,12,6,0,2,2,0,1,3,1,0,1,0,"0000000",99,99,99,99,99,99,0,0,0,1,0
6,61413,2,1,1,1,1,2,2,71,0,1,3,2016,3,8,10,1,1,2,1,3,"SR-58 E/B","",223,34.92209444,-117.25911944,0,43,0,0,1,1,0,2,1,1,0,1,0,"0000000",99,99,99,99,99,99,0,0,0,1,0
6,61414,1,1,0,0,0,2,2,71,0,8,8,2016,2,7,8,0,1,5,2,4,"CR-WILD RD","",0,34.77551389,-117.32118333,0,30,0,0,1,1,0,4,1,1,0,1,0,"0000000",99,99,99,99,99,99,0,0,0,1,0
6,61415,1,1,0,0,0,3,3,71,0,5,9,2016,2,5,0,1,1,1,1,1,"I-40","",537,34.72745,-116.08863889,0,1,0,0,1,1,0,4,2,1,0,1,0,"0000000",99,99,99,99,88,88,0,0,0,1,0
6,61416,2,2,0,0,0,2,2,71,115,17,2,2016,4,11,32,0,2,3,4,6,"BEAR VALLEY ROAD","CENTRAL ROAD",0,34.4716,-117.17263611,0,12,6,0,2,2,0,1,1,1,0,1,0,"0000000",99,99,99,99,88,88,0,0,0,1,0
6,61417,1,1,0,1,1,1,1,59,3420,22,4,2016,6,21,18,0,2,3,4,6,"1ST ST","",0,33.74530556,-117.86313333,0,8,0,0,1,1,0,1,3,1,0,1,0,"0000000",99,99,99,99,88,88,0,0,0,1,0
6,61418,2,2,0,0,0,2,2,37,1808,29,7,2016,6,22,5,0,2,4,4,6,"WOODRUFF AVE","",0,33.85517222,-118.11707222,0,12,6,0,8,1,0,1,3,1,0,1,0,"0000000",99,99,99,99,99,99,0,0,0,1,1
6,61419,2,2,0,0,0,3,3,99,2200,26,5,2016,5,5,34,0,2,3,4,6,"CLAUS RD","",0,37.68258333,-120.92150833,0,12,2,0,1,1,0,1,4,1,0,1,0,"0000000",99,99,99,99,99,99,0,0,0,1,0
6,61420,1,1,0,1,1,1,1,77,3770,16,4,2016,7,23,8,0,2,7,4,6,"THORNTON RD","",0,38.03445556,-121.33804722,0,8,0,0,8,1,0,1,3,1,0,1,0,"0000000",99,99,99,99,99,99,0,0,0,1,0
6,61422,1,1,0,0,0,1,1,55,0,26,7,2016,3,0,13,0,1,2,1,3,"SR-221","",23,38.27335556,-122.27269444,0,1,0,0,1,1,0,4,2,1,0,1,0,"0000000",88,88,88,88,88,88,0,0,0,1,0
6,61423,1,1,0,1,1,1,1,97,0,12,8,2016,6,21,10,0,1,4,2,4,"CR-FULTON RD","",0,38.49041944,-122.77011111,0,15,0,0,1,1,0,1,2,1,0,1,0,"0000000",99,99,99,99,99,99,0,0,0,1,0
6,61425,1,1,0,1,1,1,1,99,0,23,6,2016,5,15,31,0,1,5,2,4,"CR-CLARIBEL RD","",0,37.71106111,-120.83015278,0,8,0,0,1,1,0,1,1,1,0,1,0,"0000000",99,99,99,99,88,88,0,0,0,1,0
6,61426,2,2,0,0,0,2,2,107,1010,28,6,2016,3,18,34,0,2,3,4,6,"AVENUE 416","ROAD 92",0,36.54554167,-119.36774722,0,12,6,0,2,2,0,1,1,1,0,1,0,"0000000",99,99,99,99,99,99,0,0,0,1,0
6,61427,1,1,0,0,0,1,1,65,2278,29,5,2016,1,3,14,0,2,4,4,6,"LASSELLE ST","LA BARACA RD",0,33.89438611,-117.20884722,0,33,0,0,3,3,0,4,3,1,0,1,0,"0000000",99,99,99,99,88,88,0,0,0,1,0
6,61428,1,1,0,0,0,1,1,59,1713,29,6,2016,4,16,45,0,2,4,4,6,"ALTON PKWY","",0,33.68273889,-117.82059444,0,33,0,0,1,1,0,3,1,1,0,1,0,"0000000",99,99,99,99,88,88,0,0,0,1,0
6,61429,2,2,0,0,0,4,4,47,0,8,6,2016,4,4,55,1,1,2,1,3,"SR-99","",178,37.31613056,-120.52803056,0,52,0,0,1,1,0,4,2,1,0,1,0,"0000000",99,99,99,99,88,88,14,0,0,1,1
6,61430,1,1,0,0,0,2,2,111,3860,24,7,2016,1,19,13,0,2,5,4,6,"RANCHO DOS VIENTOS DR","",0,34.16485556,-118.99280556,0,33,0,0,1,1,0,4,1,1,0,1,0,"0000000",99,99,99,99,99,99,0,0,0,1,1
6,61431,1,1,0,0,0,1,1,37,1980,30,7,2016,7,2,53,1,2,2,1,3,"SR-2 RAMP","",193,34.15319444,-118.22488611,0,33,0,1,5,1,0,4,2,1,0,1,0,"0000000",99,99,99,99,88,88,0,0,0,1,0
6,61432,2,2,0,0,0,2,2,53,0,28,6,2016,3,6,10,0,1,2,1,3,"SR-183","SAN JON RD",36,36.70347778,-121.70730833,0,12,6,0,2,3,0,1,1,10,0,10,0,"0000000",99,99,99,99,99,99,0,0,0,1,0
6,61433,1,1,0,1,1,3,3,73,1080,5,1,2016,3,18,39,0,2,5,4,6,"N MARSHALL AVE","ARNELE AVE",0,32.80393889,-116.97549722,0,8,0,0,3,3,0,1,3,2,0,2,0,"0000000",99,99,99,99,99,99,0,0,0,1,0
6,61434,2,2,0,0,0,5,5,71,2922,6,3,2016,1,9,38,0,2,4,4,6,"ARROW ROUTE","WHITE OAK AVENUE",0,34.09910556,-117.565075,0,12,8,0,2,2,0,1,1,1,0,1,0,"0000000",99,99,99,99,99,99,0,0,0,1,0
6,61435,2,2,0,0,0,8,8,113,980,24,2,2016,4,17,16,0,2,5,4,6,"SECOND STREET","CANTRILL DRIVE",0,38.54795278,-121.72010833,0,12,6,0,2,3,0,1,1,1,0,1,0,"0000000",99,99,99,99,99,99,0,0,0,1,0
6,61436,2,2,0,0,0,2,2,25,0,3,3,2016,5,19,58,0,1,2,1,3,"SR-111","SINCLAIR ROAD",361,33.1766,-115.51905833,0,12,6,0,2,2,0,1,2,1,0,1,0,"0000000",99,99,99,99,99,99,0,0,0,1,0
6,61437,2,2,0,0,0,2,2,61,0,1,7,2016,6,16,10,0,1,4,2,4,"CR-DOUGLAS BL","MPH RD",0,38.74360833,-121.17479444,0,12,6,0,2,2,0,1,1,1,0,1,0,"0000000",99,99,99,99,99,99,0,0,0,1,0
6,61438,1,1,0,0,0,1,1,7,0,20,8,2016,7,4,8,0,1,5,2,4,"CR-MT. IDA ROAD","",0,39.48570556,-121.48300278,0,53,0,0,1,1,0,4,2,1,0,1,0,"0000000",99,99,99,99,88,88,0,0,0,1,1
6,61439,1,1,0,0,0,1,1,77,3880,26,8,2016,6,22,50,1,2,1,1,1,"I-205","",76,37.76321667,-121.42491111,0,42,0,0,1,1,0,4,2,1,0,1,0,"0000000",99,99,99,99,88,88,0,0,0,1,0
6,61440,1,1,0,0,0,2,2,113,0,4,6,2016,7,13,10,1,1,1,1,1,"I-5","",8,38.67349167,-121.64110278,0,23,0,0,1,1,0,5,1,1,0,1,0,"0000000",99,99,99,99,99,99,0,0,0,1,0
6,61441,1,1,0,0,0,1,1,5,0,23,8,2016,3,7,25,0,1,2,1,3,"SR-16","SR-124",91,38.45351111,-120.872825,0,33,0,1,5,1,0,8,1,1,0,1,0,"0000000",99,99,99,99,88,88,0,0,0,1,0
6,61442,2,2,0,0,0,3,3,31,0,20,8,2016,7,17,57,1,1,2,1,3,"SR-41","",379,36.25593889,-119.80826111,0,12,2,0,1,1,0,1,1,1,0,1,0,"0000000",99,99,99,99,88,88,0,0,0,1,1
6,61443,1,1,0,0,0,1,1,37,0,28,8,2016,1,11,25,0,1,5,2,4,"CR-ANGELES FOREST HWY","",0,34.33728889,-118.10914444,0,1,0,0,1,1,0,4,1,1,0,1,0,"0000000",99,99,99,99,88,88,0,0,0,1,0
6,61444,1,1,0,0,0,2,2,73,2340,25,6,2016,7,12,30,1,2,1,1,1,"I-5 RAMP","",96,32.650825,-117.10438611,0,23,0,1,19,1,0,4,1,1,0,1,0,"0000000",88,88,88,88,88,88,0,0,0,2,1
6,61445,1,1,0,0,0,1,1,87,0,5,6,2016,1,19,15,0,1,3,1,3,"SR-1","",172,36.98621944,-122.02366389,0,39,0,1,19,1,0,4,1,1,0,1,0,"0000000",99,99,99,99,88,88,0,0,0,1,0
6,61446,2,2,0,0,0,6,6,53,0,24,6,2016,6,18,34,1,1,2,1,2,"US-101","ESPERANZA RD",788,36.58993889,-121.53956944,0,12,6,0,2,3,0,1,1,1,0,1,0,"0000000",99,99,99,99,88,88,0,0,0,1,1
6,61448,2,2,0,0,0,2,2,111,0,22,7,2016,6,17,57,0,1,3,1,3,"SR-150","",136,34.42541667,-119.30013056,0,24,0,0,1,1,0,4,1,1,0,1,0,"0000000",99,99,99,99,99,99,0,0,0,1,0
6,61449,1,1,0,0,0,1,1,105,0,23,6,2016,5,10,31,1,1,2,1,3,"SR-299","",562,40.66968889,-122.94396667,0,1,0,0,1,1,0,4,1,1,0,1,0,"0000000",99,99,99,99,99,99,0,0,0,1,0
6,61450,1,1,0,0,0,2,2,65,0,6,7,2016,4,5,35,1,1,1,1,1,"I-10","",292,33.91609444,-116.61187778,0,31,0,0,1,1,0,4,4,6,0,6,0,"0000000",99,99,99,99,99,99,0,0,0,1,0
6,61451,1,1,0,0,0,1,1,105,0,17,8,2016,4,18,55,0,2,4,4,6,"LITTLE BROWNS CREEK ROAD","",0,40.70188611,-122.92546111,0,17,0,0,1,1,0,4,1,1,0,1,0,"0000000",99,99,99,99,88,88,0,0,0,1,0
6,61452,2,2,0,0,0,3,3,65,0,16,6,2016,5,5,30,1,1,1,1,1,"I-10","",1286,33.61414722,-115.01225,0,12,2,0,1,1,0,1,4,1,0,1,0,"0000000",99,99,99,99,88,88,0,0,0,2,1
6,61453,1,1,0,0,0,1,1,103,0,4,9,2016,1,14,45,0,1,5,2,4,"CR-ROUND VALLEY ROAD","",0,39.82286667,-122.66568333,0,1,0,0,1,1,0,1,1,1,0,1,0,"0000000",99,99,99,99,88,88,0,0,0,1,1
6,61454,3,3,0,0,0,5,5,45,0,14,8,2016,1,20,39,1,2,1,1,2,"US-101","",171,39.05252778,-123.15598611,0,12,6,0,1,1,0,1,2,1,0,1,0,"0000000",99,99,99,99,99,99,0,0,0,2,0
6,61455,1,1,0,1,1,1,1,55,0,3,6,2016,6,17,36,1,1,2,1,3,"SR-29","",50,38.22729722,-122.25835,0,9,0,0,1,1,0,2,1,1,0,1,0,"0000000",99,99,99,99,99,99,0,0,0,1,0
6,61456,1,1,0,0,0,1,1,73,710,7,9,2016,4,14,55,0,2,3,4,3,"SR-125","",0,32.64386944,-116.97049722,0,1,0,1,19,1,0,3,1,1,0,1,0,"0000000",99,99,99,99,99,99,0,0,0,1,0
6,61457,1,1,0,0,0,1,1,59,2560,27,8,2016,7,3,8,1,2,2,1,3,"SR-57","",115,33.79054722,-117.87973333,0,30,0,0,1,1,0,4,3,10,0,10,0,"0000000",88,88,88,88,88,88,0,0,0,1,0
6,61458,1,1,0,0,0,1,1,79,0,3,9,2016,7,2,15,0,1,5,2,4,"CR- CORBETT CANYON RD","",0,35.14346944,-120.56202778,0,30,0,0,1,1,0,4,2,1,0,1,0,"0000000",99,99,99,99,88,88,0,0,0,1,1
6,61459,2,2,0,0,0,2,2,37,1980,14,2,2016,1,13,25,1,2,1,1,1,"I-5","",261,34.14586111,-118.27886944,0,12,1,0,1,1,0,1,1,1,0,1,0,"0000000",99,99,99,99,99,99,0,0,0,1,0
6,61460,2,2,0,0,0,5,5,17,0,14,8,2016,1,12,32,0,1,6,2,4,"CR-ICE HOUSE RD","",0,38.80806389,-120.37949444,0,1,0,0,1,1,0,2,1,1,0,1,0,"0000000",99,99,99,99,88,88,0,0,0,1,1
6,61461,3,3,0,0,0,9,9,3,0,24,7,2016,1,13,25,0,1,2,1,3,"SR-89","",33,38.66427778,-119.64013333,0,12,8,0,1,1,0,1,1,1,0,1,0,"0000000",99,99,99,99,99,99,0,0,0,2,0
6,61462,2,2,0,0,0,2,2,67,0,21,7,2016,5,14,50,0,1,5,2,4,"CR-OLD PLACERVILLE ROAD","HAPPY LANE",0,38.55885833,-121.32285833,0,12,6,0,2,3,0,1,1,1,0,1,0,"0000000",99,99,99,99,99,99,0,0,0,1,0
6,61463,3,3,0,1,1,4,4,37,1980,8,4,2016,6,5,23,1,2,1,1,1,"I-5 N/B (GOLDEN STATE FREEWAY)","",270,34.15408056,-118.28718056,0,12,1,0,1,1,0,1,3,10,0,10,0,"0000000",99,99,99,99,99,99,19,0,0,1,0
6,61464,1,1,0,0,0,1,1,99,2200,1,5,2016,1,3,53,0,2,3,4,6,"W BRIGGSMORE AVE","",0,37.67175833,-121.02831944,0,33,0,0,1,1,0,3,3,1,0,1,0,"0000000",99,99,99,99,99,99,0,0,0,1,1
6,61465,2,2,0,1,1,2,2,37,1970,26,6,2016,1,0,47,0,2,4,4,6,"ANAHEIM STREET","OHIO AVENUE",0,33.78261944,-118.16005556,0,8,0,0,3,2,0,1,3,1,0,1,0,"0000000",99,99,99,99,88,88,0,0,0,1,0
6,61466,5,5,0,0,0,8,8,113,4163,11,4,2016,2,16,40,0,2,3,4,6,"SOUTHPORT PARKWAY","",0,38.55650833,-121.549925,0,42,0,0,1,1,0,3,1,1,0,1,0,"0000000",99,99,99,99,99,99,14,0,0,2,0
6,61467,2,2,0,0,0,3,3,109,0,9,7,2016,7,9,47,0,1,2,1,3,"SR-108","TWAIN HARTE DR",0,38.019675,-120.2468,0,12,2,0,2,2,0,1,1,1,0,1,0,"0000000",99,99,99,99,99,99,0,0,0,1,0
6,61468,2,2,0,0,0,5,5,101,0,12,8,2016,6,17,0,0,1,3,1,3,"SR-113","",14,38.82158056,-121.716725,0,12,6,0,1,1,0,1,1,1,0,1,0,"0000000",99,99,99,99,99,99,0,0,0,1,0
6,61469,1,1,0,0,0,3,3,1,1364,1,7,2016,6,19,38,1,2,1,1,1,"I-880","",95,37.55438889,-122.02913889,0,1,0,0,1,1,0,2,1,1,0,1,0,"0000000",99,99,99,99,99,99,0,0,0,1,0
6,61470,1,1,0,0,0,1,1,1,3360,27,7,2016,4,3,59,1,2,1,1,1,"I-880","",235,37.71816111,-122.17558889,0,59,0,1,5,1,0,4,3,1,0,1,0,"0000000",99,99,99,99,88,88,0,0,0,1,1