"STATE","ST_CASE","VE_TOTAL","VE_FORMS","PVH_INVL","PEDS","PERNOTMVIT","PERMVIT","PERSONS","COUNTY","CITY","DAY","MONTH","YEAR","DAY_WEEK","HOUR","MINUTE","NHS","RUR_URB","FUNC_SYS","RD_OWNER","ROUTE","TWAY_ID","TWAY_ID2","MILEPT","LATITUDE","LONGITUD","SP_JUR","HARM_EV","MAN_COLL","RELJCT1","RELJCT2","TYP_INT","WRK_ZONE","REL_ROAD","LGT_COND","WEATHER1","WEATHER2","WEATHER","SCH_BUS","RAIL","NOT_HOUR","NOT_MIN","ARR_HOUR","ARR_MIN","HOSP_HR","HOSP_MN","CF1","CF2","CF3","FATALS","DRUNK_DR"
6,61471,1,1,0,1,1,1,1,99,0,12,7,2016,3,18,47,1,1,2,1,3,"SR-99","",142,37.61718889,-120.98873889,0,8,0,0,1,1,0,1,1,1,0,1,0,"0000000",99,99,99,99,88,88,0,0,0,1,0
6,61472,1,1,0,0,0,2,2,93,0,11,8,2016,5,21,20,1,1,3,1,3,"SR-89","",131,41.26721944,-121.91751667,0,42,0,0,1,1,0,4,2,1,0,1,0,"0000000",99,99,99,99,99,99,0,0,0,2,0
6,61473,3,3,0,0,0,4,4,97,0,10,8,2016,4,9,55,0,1,5,2,4,"CR-ALEXANDER VALLEY RD.","",0,38.66116944,-122.82631111,0,12,8,0,1,1,0,1,1,1,0,1,0,"0000000",99,99,99,99,99,99,0,0,0,1,0
6,61474,1,1,0,0,0,3,3,3,0,23,8,2016,3,8,20,0,1,2,1,3,"SR-1","",211,38.44825278,-123.11430278,0,3,0,0,1,1,0,4,1,10,2,2,0,"0000000",99,99,99,99,88,88,0,0,0,2,0
6,61475,1,1,0,0,0,1,1,111,4027,3,7,2016,1,20,45,1,2,2,1,3,"SR-126","",51,34.29049722,-119.15471389,0,33,0,1,19,1,0,4,3,1,0,1,0,"0000000",99,99,99,99,88,88,0,0,0,1,1
6,61476,2,2,0,0,0,2,2,53,3560,14,1,2016,5,16,27,0,2,5,4,6,"KIMBALL AVE","HIGHLAND ST",0,36.59942778,-121.83198889,0,12,6,0,2,3,0,1,1,10,0,10,0,"0000000",99,99,99,99,99,99,0,0,0,1,0
6,61477,1,1,0,0,0,1,1,99,1650,17,2,2016,4,18,40,0,2,5,4,6,"HATCH RD","",0,37.609225,-120.857675,0,42,0,0,1,1,0,4,2,10,0,10,0,"0000000",99,99,99,99,88,88,0,0,0,1,0
6,61478,2,2,0,0,0,4,4,99,0,16,6,2016,5,21,55,0,1,2,1,3,"SR-132","GEER RD",231,37.6388,-120.84766667,0,12,6,0,2,2,0,1,3,1,0,1,0,"0000000",99,99,99,99,99,99,0,0,0,1,0
6,61479,1,1,0,0,0,1,1,107,0,20,8,2016,7,23,53,0,1,6,2,4,"CR-AVENUE 424","",0,36.55985,-119.34978333,0,42,0,0,1,1,0,4,3,1,0,1,0,"0000000",99,99,99,99,88,88,0,0,0,1,1
6,61480,1,1,0,1,1,1,1,19,0,3,7,2016,1,1,50,0,1,5,2,4,"CR-OAKLAND AVE","",0,36.34244167,-120.13166944,0,8,0,0,1,1,0,1,2,1,0,1,0,"0000000",99,99,99,99,88,88,0,0,0,1,0
6,61481,1,1,0,1,1,1,1,29,240,31,5,2016,3,1,40,0,2,3,4,6,"MANOR STREET","",0,35.40713333,-119.00950278,0,8,0,0,1,1,0,1,2,1,0,1,0,"0000000",99,99,99,99,99,99,0,0,0,1,0
6,61482,1,1,0,1,1,2,2,29,240,2,5,2016,2,20,8,0,2,4,4,6,"COTTONWOOD ROAD","",0,35.32276111,-118.98542222,0,8,0,0,1,1,0,1,3,1,0,1,0,"0000000",99,99,99,99,88,88,0,0,0,1,0
6,61483,1,1,0,0,0,2,2,29,240,10,6,2016,6,0,11,0,2,5,4,6,"NORIEGA RD","",0,35.40517222,-119.14078333,0,33,0,0,1,1,0,4,3,1,0,1,0,"0000000",99,99,99,99,99,99,0,0,0,1,1
6,61484,1,1,0,0,0,1,1,103,0,12,8,2016,6,18,5,0,1,5,2,4,"CR-RANCHO TEHAMA RD","",0,40.01032778,-122.45117778,0,42,0,0,1,1,0,4,1,1,0,1,0,"0000000",99,99,99,99,88,88,0,0,0,1,0
6,61485,2,1,1,0,0,1,1,71,0,16,9,2016,6,7,10,1,1,1,1,1,"I-10","",190,34.06811667,-117.38358889,0,33,0,0,1,1,0,2,1,1,0,1,0,"0000000",88,88,88,88,88,88,23,0,0,1,0
6,61486,1,1,0,1,1,1,1,67,0,10,9,2016,7,23,30,0,1,3,2,4,"CR-MADISON AVENUE","",0,38.66353056,-121.29760833,0,8,0,0,1,1,0,1,3,1,0,1,0,"0000000",99,99,99,99,88,88,0,0,0,1,0
6,61487,2,2,0,0,0,2,2,9,0,16,9,2016,6,12,30,0,1,5,2,4,"CR-JESUS MARIA RD","",0,38.2845,-120.50466944,0,1,0,0,1,1,0,1,1,1,0,1,0,"0000000",99,99,99,99,88,88,0,0,0,1,0
6,61489,1,1,0,0,0,2,2,47,0,18,9,2016,1,5,8,1,1,1,1,1,"I-5","",80,36.94834167,-120.86279444,0,31,0,0,1,1,0,4,2,1,0,1,0,"0000000",99,99,99,99,99,99,0,0,0,1,1
6,61490,1,1,0,0,0,1,1,111,0,9,9,2016,6,5,3,0,1,5,2,4,"CR-SOUTH MOUNTAIN RD","",0,34.35413333,-119.00378889,0,1,0,0,1,1,0,4,2,10,0,10,0,"0000000",99,99,99,99,88,88,0,0,0,1,0
6,61491,3,3,0,0,0,3,3,71,0,13,9,2016,3,12,49,0,1,5,2,4,"CR-PHELAN RD","NEVADA RD",0,34.42658611,-117.50779444,0,12,1,0,3,3,0,1,1,1,0,1,0,"0000000",99,99,99,99,99,99,0,0,0,1,0
6,61492,2,2,0,0,0,2,2,71,0,19,9,2016,2,19,7,0,1,5,2,4,"CR-NATIONAL TRAILS HWY","VISTA RD",0,34.73198333,-117.32658611,0,12,2,0,2,3,0,1,2,1,0,1,0,"0000000",99,99,99,99,99,99,0,0,0,1,0
6,61493,2,2,0,0,0,2,2,11,0,14,9,2016,4,5,40,0,1,6,2,4,"CR-OLD HWY 99W","",0,39.10466667,-122.11429167,0,12,2,0,1,1,0,1,2,1,0,1,0,"0000000",99,99,99,99,88,88,0,0,0,1,0
6,61494,1,1,0,1,1,2,2,7,0,7,9,2016,4,21,26,0,1,5,2,4,"CR-LINCOLN BLVD","",0,39.46478333,-121.54935556,0,8,0,0,1,1,0,1,3,1,0,1,0,"0000000",99,99,99,99,99,99,0,0,0,1,0
6,61495,3,3,0,0,0,5,5,9,0,23,9,2016,6,7,10,0,1,2,1,3,"SR-4","",51,37.95588889,-120.68555,0,12,1,0,1,1,1,1,1,1,0,1,0,"0000000",99,99,99,99,88,88,0,0,0,1,0
6,61496,2,2,0,0,0,3,3,77,0,17,9,2016,7,13,5,1,1,1,1,1,"I-580","",71,37.66277778,-121.44161944,0,12,1,0,1,1,1,1,1,1,0,1,0,"0000000",99,99,99,99,99,99,0,0,0,1,0
6,61497,2,2,0,0,0,2,2,77,0,20,9,2016,3,4,6,0,1,5,2,4,"CR-CORRAL HOLLOW RD","",0,37.70676111,-121.45286944,0,12,2,0,1,1,0,1,2,1,0,1,0,"0000000",99,99,99,99,99,99,0,0,0,1,0
6,61498,1,1,0,0,0,1,1,47,0,18,9,2016,1,11,0,1,1,2,1,3,"SR-152","",57,37.10475556,-121.13137222,0,1,0,0,1,1,0,4,1,1,0,1,0,"0000000",99,99,99,99,88,88,0,0,0,1,0
6,61499,2,1,1,0,2,1,3,61,0,19,7,2016,3,15,30,1,1,1,1,1,"I-80","",146,38.87855278,-121.12081389,0,14,0,0,1,1,0,2,1,1,0,1,0,"0000000",99,99,99,99,88,88,0,0,0,1,0
6,61500,1,1,0,0,0,1,1,91,0,25,8,2016,5,99,99,1,1,1,1,1,"I-80 EASTBOUND","",15,39.44671667,-120.00989444,0,31,0,0,1,1,0,4,1,1,0,1,0,"0000000",99,99,99,99,88,88,0,0,0,1,0
6,61501,1,1,0,0,0,1,1,29,0,5,9,2016,2,1,2,0,1,5,2,4,"CR-POPLAR AVENUE","",0,35.46279167,-119.29653889,0,1,0,0,1,1,0,4,2,1,0,1,0,"0000000",99,99,99,99,88,88,0,0,0,1,1
6,61502,2,2,0,0,0,2,2,29,0,7,9,2016,4,15,40,0,1,3,2,4,"CR-POTRERO HWY","",0,34.85146111,-119.14333056,0,12,2,0,1,1,0,1,1,1,0,1,0,"0000000",99,99,99,99,88,88,14,0,0,1,1
6,61503,2,2,0,0,0,3,3,99,0,9,8,2016,3,21,0,0,1,5,2,4,"CR-POMELO AVE","CR-SYCAMORE AVE",0,37.4544,-121.0943,0,12,6,0,2,2,0,1,2,1,0,1,0,"0000000",99,99,99,99,99,99,0,0,0,2,1
6,61504,1,1,0,0,0,1,1,107,0,11,9,2016,1,2,30,0,1,2,1,3,"SR-63","",248,36.56249167,-119.28698056,0,42,0,0,1,1,0,4,2,1,0,1,0,"0000000",99,99,99,99,88,88,0,0,0,1,0
6,61505,4,4,0,0,0,4,4,37,230,13,8,2016,7,13,0,1,2,1,1,1,"I-210","",384,34.12998889,-117.92571944,0,12,1,0,1,1,0,1,1,1,0,1,0,"0000000",99,99,99,99,99,99,14,28,0,1,0
6,61506,1,1,0,0,0,2,2,37,4120,10,7,2016,1,5,55,1,2,1,1,1,"I-10 RAMP","",382,34.07205556,-117.87778056,0,20,0,1,5,1,1,8,4,1,0,1,0,"0000000",99,99,99,99,99,99,0,0,0,1,1
6,61507,1,1,0,0,0,2,2,73,3260,31,7,2016,1,19,11,0,2,3,4,6,"WEST MISSION BAY DRIVE","GLEASON ROAD",0,32.77118056,-117.24687222,0,30,0,0,3,3,0,4,1,1,0,1,0,"0000000",99,99,99,99,99,99,0,0,0,1,1
6,61508,1,1,0,1,1,3,3,95,4020,11,8,2016,5,23,7,0,2,3,1,3,"SR-29","",8,38.08465278,-122.24066944,0,8,0,0,1,1,0,1,3,1,0,1,0,"0000000",99,99,99,99,88,88,0,0,0,1,1
6,61509,1,1,0,0,0,1,1,83,0,20,8,2016,7,0,13,0,1,5,2,4,"CR-SANTA BARBARA AVE","",0,34.66006944,-120.11833889,0,42,0,0,1,1,0,4,2,1,0,1,0,"0000000",99,99,99,99,88,88,0,0,0,1,1
6,61510,1,1,0,0,0,1,1,65,850,19,7,2016,3,23,0,0,2,4,4,6,"PARKRIDGE AVE","",0,33.8872,-117.55825556,0,33,0,0,1,1,0,4,3,1,0,1,0,"0000000",99,99,99,99,88,88,0,0,0,1,1
6,61511,2,2,0,0,0,3,3,71,0,16,5,2016,2,19,22,1,1,1,1,1,"I-15","",606,34.75732778,-117.16168889,0,7,0,0,1,1,0,1,1,1,0,1,0,"0000000",99,99,99,99,99,99,0,0,0,1,0
6,61512,3,3,0,0,0,4,4,19,0,16,7,2016,7,11,5,1,1,2,1,3,"SR-180","",760,36.73195278,-119.47621944,0,12,8,0,1,1,0,1,1,1,0,1,0,"0000000",99,99,99,99,99,99,0,0,0,1,0
6,61513,1,1,0,0,0,4,4,65,0,28,5,2016,7,14,48,1,1,1,1,1,"I-10","",1042,33.710375,-115.41604167,0,1,0,0,1,1,0,4,1,1,0,1,0,"0000000",99,99,99,99,99,99,0,0,0,1,0
6,61514,2,2,0,0,0,2,2,113,4163,21,7,2016,5,8,4,1,2,2,1,2,"US-50","",25,38.57705556,-121.52604167,0,25,0,0,1,1,0,3,1,1,0,1,0,"0000000",99,99,99,99,99,99,14,0,0,1,0
6,61515,1,1,0,0,0,1,1,115,0,3,9,2016,7,6,10,0,1,5,2,4,"CR-FORTY MILE ROAD","",0,38.99501111,-121.49063056,0,1,0,0,1,1,0,4,4,1,0,1,0,"0000000",99,99,99,99,88,88,0,0,0,1,0
6,61516,1,1,0,0,0,1,1,43,0,20,9,2016,3,16,55,0,1,2,1,3,"SR-49","",51,37.46276111,-119.77648333,0,31,0,0,1,1,0,4,1,1,0,1,0,"0000000",99,99,99,99,99,99,0,0,0,1,0
6,61517,2,2,0,0,0,2,2,47,0,30,3,2016,4,19,30,0,1,2,1,3,"SR-140","",274,37.30227222,-120.65247778,0,12,2,0,1,1,0,1,5,1,0,1,0,"0000000",99,99,99,99,99,99,0,0,0,1,1
6,61518,1,1,0,0,0,1,1,47,0,3,8,2016,4,0,26,0,1,3,2,4,"CR-EUCALYPTUS AVE","LIVINGSTON CRESSEY RD",0,37.40407222,-120.71325,0,30,0,0,3,3,0,4,2,1,0,1,0,"0000000",99,99,99,99,88,88,20,0,0,1,0
6,61519,2,2,0,0,0,7,7,47,0,9,9,2016,6,23,52,0,1,5,2,4,"CR-HENRY MILLER RD","",0,37.10059722,-120.99926944,0,12,2,0,1,1,0,1,2,1,0,1,0,"0000000",99,99,99,99,99,99,0,0,0,1,0
6,61520,2,2,0,0,0,6,6,65,0,11,8,2016,5,15,57,0,1,2,1,3,"SR-62 RAMP","",296,33.91558056,-116.60845278,0,23,0,1,5,1,0,4,1,1,0,1,0,"0000000",99,99,99,99,88,88,14,0,0,1,0
6,61521,3,3,0,0,0,7,7,59,3558,15,8,2016,2,9,20,1,2,1,1,1,"I-405","",229,33.77448889,-118.08268889,0,12,1,0,1,1,0,1,1,1,0,1,0,"0000000",99,99,99,99,99,99,28,0,0,1,0
6,61522,2,2,0,0,0,4,4,73,0,12,9,2016,2,16,25,0,1,5,2,4,"CR-VISTA RAMONA RD","",0,33.03559722,-116.82678611,0,12,2,0,1,1,0,1,1,1,0,1,0,"0000000",99,99,99,99,99,99,0,0,0,1,1
6,61523,2,2,0,0,0,23,23,85,3340,19,1,2016,3,6,37,1,2,2,1,2,"US-101","",264,37.23915833,-121.76371667,0,20,0,0,1,1,0,3,3,2,0,2,0,"0000000",99,99,99,99,99,99,14,0,0,2,0
6,61524,1,1,0,1,1,1,1,83,0,12,4,2016,3,22,32,1,1,2,1,2,"US-101","",196,34.4422,-119.78144444,0,8,0,0,1,1,0,1,2,1,0,1,0,"0000000",99,99,99,99,99,99,0,0,0,1,0
6,61525,2,2,0,0,0,2,2,71,0,17,9,2016,7,15,20,1,1,1,1,1,"I-40","",1104,34.81972778,-115.13255556,0,12,1,0,1,1,1,1,1,1,0,1,0,"0000000",99,99,99,99,88,88,0,0,0,1,0
6,61526,2,1,1,0,1,1,2,71,2550,25,8,2016,5,3,12,1,2,1,1,1,"I-10","",100,34.06729444,-117.54326389,0,14,0,0,1,1,0,2,3,1,0,1,0,"0000000",99,99,99,99,88,88,0,0,0,1,0
6,61527,3,3,0,1,1,3,3,29,240,7,4,2016,5,22,1,0,2,3,4,6,"WHITE LANE","LILY DRIVE",0,35.31829167,-119.08349722,0,8,0,0,3,3,0,1,3,10,0,10,0,"0000000",22,10,22,12,88,88,0,0,0,1,0
6,61528,1,1,0,1,1,1,1,1,1364,23,4,2016,7,23,50,0,2,3,1,3,"SR-84","",81,37.56017778,-122.01082222,0,8,0,0,1,1,1,1,2,1,0,1,0,"0000000",99,99,99,99,99,99,0,0,0,1,0
6,61529,1,1,0,2,2,1,1,75,3290,1,8,2016,2,16,8,0,2,4,4,6,"GEARY BLVD","STOCKTON ST",0,37.78756667,-122.40660833,0,8,0,0,3,2,1,1,1,1,0,1,0,"0000000",99,99,99,99,99,99,0,0,0,1,0
6,61530,1,1,0,0,0,1,1,65,9997,23,5,2016,2,0,55,0,2,3,4,6,"MISSION BL","",0,34.02014722,-117.50733611,0,42,0,0,1,1,0,4,2,1,0,1,0,"0000000",99,99,99,99,88,88,0,0,0,1,1
6,61531,2,2,0,1,1,2,2,1,2480,14,5,2016,7,1,39,1,2,1,1,1,"I-880","",314,37.79731111,-122.27233333,0,12,1,0,1,1,0,1,3,10,0,10,0,"0000000",99,99,99,99,99,99,15,0,0,1,0
6,61532,1,1,0,0,0,1,1,59,80,4,7,2016,2,2,22,1,2,2,1,3,"SR-91 RAMP","",55,33.85071111,-117.878875,0,25,0,1,5,1,0,3,3,1,0,1,0,"0000000",99,99,99,99,88,88,0,0,0,1,1
6,61533,1,1,0,0,0,1,1,65,9997,23,8,2016,3,10,10,1,2,2,1,3,"SR-60","",83,34.00839722,-117.42221389,0,42,0,0,1,1,0,4,1,1,0,1,0,"0000000",99,99,99,99,99,99,0,0,0,1,0
6,61534,1,1,0,1,1,1,1,37,1980,15,8,2016,2,18,20,0,2,4,4,6,"JEFFERSON BL","SOMERSET DR",0,34.02554722,-118.33736389,0,8,0,0,2,2,0,1,1,1,0,1,0,"0000000",99,99,99,99,99,99,0,0,0,1,0
6,61535,1,1,0,0,0,4,4,59,3420,29,7,2016,6,8,37,0,2,3,4,6,"MACARTHUR BLVD","",0,33.70005833,-117.88321667,0,33,0,0,1,1,0,4,1,1,0,1,0,"0000000",99,99,99,99,99,99,0,0,0,2,1
6,61536,1,1,0,0,0,1,1,37,1980,11,8,2016,5,23,20,0,2,5,4,6,"ROXFORD ST","BORDEN AVE",0,34.32102778,-118.46076944,0,33,0,0,3,3,0,4,3,1,0,1,0,"0000000",99,99,99,99,88,88,0,0,0,1,0
6,61537,1,1,0,1,1,1,1,37,3445,21,8,2016,1,20,55,0,2,4,4,6,"NEWHALL AVE","",0,34.36633333,-118.50752778,0,8,0,0,1,1,0,1,3,1,0,1,0,"0000000",99,99,99,99,99,99,0,0,0,1,0
6,61538,1,1,0,1,1,1,1,37,1980,20,8,2016,7,21,0,0,2,3,4,6,"RIVERSIDE DR","TYRONE AVE",0,34.15758056,-118.44436389,0,8,0,0,2,2,0,1,2,1,0,1,0,"0000000",99,99,99,99,88,88,0,0,0,1,0
6,61539,1,1,0,1,1,1,1,73,3260,23,8,2016,3,22,45,0,2,4,4,6,"5TH AVE","",0,32.74396111,-117.16039722,0,8,0,0,1,1,0,1,3,1,0,1,0,"0000000",99,99,99,99,88,88,0,0,0,1,1
6,61540,1,1,0,0,0,1,1,53,0,8,8,2016,2,19,24,0,1,5,2,4,"CR-RIVER ROAD","",0,36.58262222,-121.596775,0,38,0,0,1,1,0,4,1,10,0,10,0,"0000000",99,99,99,99,88,88,0,0,0,1,1
6,61541,1,1,0,1,1,1,1,65,3070,24,1,2016,1,19,25,0,2,4,4,6,"JURUPA AVE","MEADOWBROOK LN",0,33.96156944,-117.41048611,0,9,0,0,2,2,0,1,3,1,0,1,0,"0000000",99,99,99,99,88,88,0,0,0,1,0
6,61542,1,1,0,1,1,1,1,71,2238,26,2,2016,6,18,23,0,2,5,4,6,"KINGSLEY ST","",0,34.06674444,-117.7029,0,9,0,0,1,1,0,1,6,1,0,1,0,"0000000",99,99,99,99,99,99,0,0,0,1,0
6,61543,2,1,1,0,0,1,1,65,612,17,5,2016,3,99,99,0,2,4,4,6,"PEREZ RD","",0,33.784925,-116.46985278,0,14,0,0,1,1,0,7,1,1,0,1,0,"0000000",99,99,99,99,99,99,0,0,0,1,0
6,61544,1,1,0,0,0,1,1,63,0,16,9,2016,6,19,35,0,1,5,2,4,"CR-OROVILLE-QUINCY HIGHWAY","",0,39.86147222,-121.23510833,0,35,0,0,1,1,0,4,2,1,0,1,0,"0000000",99,99,99,99,88,88,0,0,0,1,0
6,61545,3,3,0,0,0,4,4,61,0,15,8,2016,2,6,15,0,1,2,1,3,"SR-65","",232,38.99427222,-121.39655278,0,12,2,0,1,1,0,1,4,1,0,1,0,"0000000",99,99,99,99,99,99,0,0,0,1,0
6,61546,2,2,0,0,0,3,3,95,0,12,8,2016,6,19,15,0,1,5,2,4,"CR-PEDRICK RD","",0,38.50453333,-121.80361389,0,12,2,0,1,1,0,1,1,1,0,1,0,"0000000",99,99,99,99,99,99,0,0,0,1,0
6,61547,2,2,0,0,0,2,2,29,0,2,9,2016,6,7,0,0,1,5,2,4,"CR-NORRIS RD","",0,35.41960278,-119.05202222,0,12,6,0,8,1,0,1,4,1,0,1,0,"0000000",99,99,99,99,88,88,0,0,0,1,0
6,61548,1,1,0,0,0,1,1,19,0,18,9,2016,1,0,20,0,1,6,2,4,"CR-DUNLAP RD","",0,36.74605,-119.163325,0,35,0,0,1,1,0,4,2,1,0,1,0,"0000000",99,99,99,99,99,99,0,0,0,1,1
6,61549,2,2,0,0,0,2,2,19,0,21,9,2016,4,20,12,0,1,5,2,4,"CR-THOMPSON AVE","CR-MOUNTAIN VIEW AVE",0,36.54708056,-119.61987222,0,12,6,0,2,2,0,1,2,1,0,1,0,"0000000",99,99,99,99,88,88,0,0,0,1,0
6,61550,2,2,0,0,0,2,2,39,0,11,7,2016,2,6,40,0,1,6,2,4,"CR-ROAD 19","AVENUE 14",0,36.95268056,-120.20176111,0,12,6,0,2,2,0,1,1,1,0,1,0,"0000000",99,99,99,99,88,88,0,0,0,1,0
6,61551,1,1,0,0,0,1,1,107,0,7,8,2016,1,0,56,1,1,2,1,3,"SR-99","",41,35.84836389,-119.26603333,0,1,0,0,1,1,0,4,2,1,0,1,0,"0000000",99,99,99,99,88,88,0,0,0,1,1
6,61552,2,2,0,0,0,3,3,1,2480,18,1,2016,2,23,41,0,2,4,4,6,"FOOTHILL BLVD","COLE STREET",0,37.77261944,-122.19854167,0,12,6,0,2,2,0,1,3,10,0,10,0,"0000000",99,99,99,99,99,99,0,0,0,1,2
6,61553,4,3,1,0,0,4,4,37,1700,19,4,2016,3,19,15,0,2,3,4,6,"CREHSHAW BLVD","",0,33.949725,-118.32672222,0,12,2,0,1,1,0,1,5,1,0,1,0,"0000000",99,99,99,99,99,99,0,0,0,1,0
6,61554,2,2,0,0,0,2,2,111,0,29,6,2016,4,14,0,0,1,3,1,3,"SR-34","",88,34.196625,-119.098775,0,12,2,0,1,1,0,2,1,1,0,1,0,"0000000",99,99,99,99,99,99,0,0,0,1,0
6,61555,1,1,0,1,1,1,1,97,3490,20,5,2016,6,3,38,1,2,2,4,2,"US-101","",250,38.49928056,-122.76030833,0,8,0,0,1,1,0,1,2,1,0,1,0,"0000000",99,99,99,99,99,99,19,0,0,1,0
6,61556,2,2,0,0,0,3,3,97,0,7,4,2016,5,7,7,0,1,4,2,4,"CR-OLD ADOBE RD","",0,38.25416944,-122.57256667,0,12,8,0,1,1,0,1,1,1,0,1,0,"0000000",99,99,99,99,99,99,0,0,0,1,0
6,61557,2,2,0,0,0,5,5,37,0,19,6,2016,1,21,15,1,1,2,1,3,"SR-138","",367,34.77693889,-118.17334722,0,12,6,0,1,1,0,1,3,1,0,1,0,"0000000",99,99,99,99,99,99,0,0,0,3,2
6,61558,1,1,0,0,0,1,1,105,0,27,7,2016,4,20,30,0,1,2,1,3,"SR-36","",261,40.41175833,-123.18621389,0,1,0,0,1,1,0,1,2,1,0,1,0,"0000000",99,99,99,99,99,99,0,0,0,1,0
6,61559,1,1,0,1,1,1,1,37,0,5,3,2016,7,99,99,0,1,4,2,4,"CR-AVENUE N-8","",0,34.62380278,-117.83196944,0,8,0,0,1,1,0,1,2,10,0,10,0,"0000000",99,99,99,99,88,88,0,0,0,1,0
6,61560,1,1,0,0,0,1,1,79,0,27,8,2016,7,11,0,0,1,5,2,4,"CR-RAMADA DR","CALLE PROPANO",0,35.58855833,-120.69486944,0,33,0,0,3,3,0,4,1,1,0,1,0,"0000000",99,99,99,99,99,99,0,0,0,1,0
6,61561,1,1,0,0,0,1,1,3,0,11,9,2016,1,10,50,0,1,2,1,3,"SR-89","",103,38.66486389,-119.72692222,0,35,0,0,1,1,0,4,1,1,0,1,0,"0000000",99,99,99,99,99,99,0,0,0,1,0
6,61562,1,1,0,0,0,1,1,3,0,17,9,2016,7,15,25,0,1,2,1,3,"SR-4","",275,38.61755278,-119.75206667,0,1,0,0,1,1,0,4,1,1,0,1,0,"0000000",99,99,99,99,99,99,0,0,0,1,0
6,61563,2,2,0,0,0,3,3,99,0,13,8,2016,7,16,25,0,1,5,4,4,"CR-PLAINVIEW ROAD","TERMINAL AVE",0,37.70358611,-120.92627222,0,12,6,0,2,2,0,1,1,1,0,1,0,"0000000",99,99,99,99,99,99,0,0,0,1,0
6,61564,1,1,0,1,1,1,1,65,0,29,5,2016,1,2,30,0,1,5,2,4,"CR-CAJALCO ROAD","",0,33.83734167,-117.26931944,0,8,0,0,1,1,0,1,2,1,0,1,0,"0000000",99,99,99,99,88,88,0,0,0,1,0
6,61565,2,2,0,0,0,5,5,31,0,18,9,2016,1,16,52,1,1,2,1,3,"SR-41","",329,36.18691389,-119.82969722,0,12,2,0,1,1,0,1,1,1,0,1,0,"0000000",99,99,99,99,99,99,0,0,0,1,1
6,61566,1,1,0,0,0,2,2,39,0,13,9,2016,3,13,28,1,1,2,1,3,"SR-41","",304,37.27551389,-119.66707778,0,42,0,0,1,1,0,4,1,1,0,1,0,"0000000",99,99,99,99,99,99,0,0,0,1,0
6,61567,1,1,0,0,0,1,1,39,0,2,9,2016,6,22,29,1,1,2,1,3,"SR-41","",339,37.31348889,-119.65563889,0,42,0,0,1,1,0,4,2,1,0,1,0,"0000000",99,99,99,99,99,99,0,0,0,1,0
6,61568,5,5,0,0,0,6,6,37,4120,27,5,2016,6,1,9,1,2,1,1,1,"I-10","",376,34.07205,-117.8891,0,12,7,0,1,1,1,1,3,1,0,1,0,"0000000",99,99,99,99,99,99,19,0,0,2,0
6,61569,2,2,0,0,0,3,3,67,0,31,8,2016,4,10,31,0,1,4,2,4,"CR-FAIR OAKS BOULEVARD","EASTERN AVENUE",0,38.58125278,-121.36442778,0,12,6,0,2,2,0,1,1,1,0,1,0,"0000000",99,99,99,99,99,99,0,0,0,1,0
6,61570,1,1,0,0,0,1,1,85,3340,18,4,2016,2,22,36,1,2,1,1,1,"I-280 RAMP","",51,37.31770556,-121.93601111,0,25,0,0,5,1,0,4,2,1,0,1,0,"0000000",99,99,99,99,99,99,19,0,0,1,0
6,61571,2,2,0,0,0,4,4,29,0,15,8,2016,2,14,55,0,1,2,1,3,"SR-178","",335,35.55876944,-118.60015,0,12,2,0,1,1,0,1,1,1,0,1,0,"0000000",99,99,99,99,99,99,0,0,0,3,0
6,61572,1,1,0,0,0,3,3,99,0,18,8,2016,5,20,28,1,1,2,1,3,"SR-132","",22,37.64065833,-121.23420833,0,1,0,0,1,1,0,4,2,1,0,1,0,"0000000",99,99,99,99,99,99,0,0,0,1,1
6,61573,2,2,0,0,0,3,3,65,0,4,9,2016,1,0,33,1,1,1,1,1,"I-10","",290,33.912825,-116.59697778,0,12,1,0,1,1,0,1,2,1,0,1,0,"0000000",99,99,99,99,88,88,0,0,0,1,0
6,61574,1,1,0,0,0,1,1,73,0,18,9,2016,1,17,25,0,1,5,2,4,"CR-WILDWOOD GLEN LANE","",0,32.84122222,-116.63159722,0,43,0,0,1,1,0,4,1,1,0,1,0,"0000000",99,99,99,99,99,99,0,0,0,1,0
6,61575,1,1,0,1,1,1,1,37,1980,6,8,2016,7,8,15,0,2,4,4,6,"TUJUNDA AVE","VICTORY BLVD",0,34.186625,-118.37903611,0,9,0,0,2,2,0,1,1,1,0,1,0,"0000000",99,99,99,99,88,88,0,0,0,1,0
6,61576,1,1,0,0,0,1,1,65,2730,4,7,2016,2,20,46,0,2,3,4,6,"PERRIS BL","",0,33.85541111,-117.22606389,0,33,0,0,1,1,0,3,3,1,0,1,0,"0000000",99,99,99,99,99,99,0,0,0,1,0
6,61577,2,2,0,0,0,3,3,59,3351,31,7,2016,1,1,52,1,2,1,1,1,"I-5","",116,33.5289,-117.67179167,0,12,2,0,1,1,0,1,3,1,0,1,0,"0000000",99,99,99,99,99,99,0,0,0,1,0
6,61578,2,2,0,0,0,3,3,23,0,29,6,2016,4,15,15,0,1,5,2,4,"CR-ALDERPOINT RD","",0,40.15855,-123.61708056,0,1,0,0,1,1,0,1,1,1,0,1,0,"0000000",99,99,99,99,88,88,0,0,0,1,0