"STATE","ST_CASE","VE_TOTAL","VE_FORMS","PVH_INVL","PEDS","PERNOTMVIT","PERMVIT","PERSONS","COUNTY","CITY","DAY","MONTH","YEAR","DAY_WEEK","HOUR","MINUTE","NHS","RUR_URB","FUNC_SYS","RD_OWNER","ROUTE","TWAY_ID","TWAY_ID2","MILEPT","LATITUDE","LONGITUD","SP_JUR","HARM_EV","MAN_COLL","RELJCT1","RELJCT2","TYP_INT","WRK_ZONE","REL_ROAD","LGT_COND","WEATHER1","WEATHER2","WEATHER","SCH_BUS","RAIL","NOT_HOUR","NOT_MIN","ARR_HOUR","ARR_MIN","HOSP_HR","HOSP_MN","CF1","CF2","CF3","FATALS","DRUNK_DR"
6,61579,1,1,0,0,0,1,1,95,0,20,9,2016,3,16,25,0,1,4,2,4,"CR-MERIDIAN RD","",0,38.43108889,-121.91556944,0,34,0,0,1,1,0,4,1,1,0,1,0,"0000000",99,99,99,99,88,88,0,0,0,1,0
6,61580,5,5,0,0,0,7,7,29,0,10,9,2016,7,21,0,0,1,5,2,4,"CR-PANAMA RD","",0,35.26691111,-118.96058056,0,12,8,0,1,1,0,1,2,1,0,1,0,"0000000",99,99,99,99,99,99,0,0,0,1,1
6,61581,3,3,0,0,0,4,4,19,0,17,9,2016,7,11,18,0,1,4,2,4,"CR-MOUNTAIN VIEW AVENUE","",0,36.5468,-119.52227778,0,1,0,0,1,1,1,1,1,10,0,10,0,"0000000",99,99,99,99,99,99,14,26,0,1,0
6,61582,1,1,0,1,1,1,1,37,3470,21,2,2016,1,1,51,0,2,2,1,3,"SR-1 RAMP","",347,34.01339444,-118.48875,0,8,0,1,20,1,0,1,3,1,0,1,0,"0000000",99,99,99,99,99,99,0,0,0,1,0
6,61583,2,2,0,0,0,3,3,37,1980,2,8,2016,3,1,24,1,2,1,1,1,"I-5","",218,34.09435,-118.24253889,0,12,1,0,1,1,0,1,3,1,0,1,0,"0000000",99,99,99,99,99,99,0,0,0,1,1
6,61584,2,2,0,0,0,2,2,83,0,17,7,2016,1,20,20,0,1,4,2,4,"CR-SANTA MARIA WAY","QUAIL RUN",0,34.89673611,-120.42343611,0,12,6,0,2,3,0,1,5,1,0,1,0,"0000000",99,99,99,99,99,99,0,0,0,1,2
6,61585,1,1,0,0,0,2,2,71,1305,24,7,2016,1,0,12,1,2,2,1,3,"SR-210","",120,34.13653889,-117.48810833,0,24,0,1,19,1,0,4,3,1,0,1,0,"0000000",99,99,99,99,99,99,0,0,0,1,0
6,61586,2,2,0,0,0,3,3,71,3210,6,6,2016,2,23,24,0,2,4,4,6,"W HIGHLAND AVE","N G ST",0,34.13601944,-117.29863889,0,12,6,0,2,2,0,1,3,1,0,1,0,"0000000",99,99,99,99,99,99,0,0,0,1,1
6,61587,1,1,0,0,0,1,1,31,1540,11,1,2016,2,22,43,0,2,4,4,6,"10TH AVE","GRANGEVILLE BL",0,36.34268611,-119.63693056,0,33,0,0,3,2,0,3,3,1,0,1,0,"0000000",99,99,99,99,88,88,0,0,0,1,0
6,61588,1,1,0,0,0,1,1,105,0,14,7,2016,5,99,99,1,1,2,1,3,"SR-299","",412,40.75908333,-123.06693056,0,39,0,0,1,1,0,4,1,1,0,1,0,"0000000",99,99,99,99,88,88,0,0,0,1,0
6,61589,1,1,0,0,0,1,1,57,0,29,7,2016,6,4,15,0,1,7,2,4,"CR-CEMENT HILL ROAD","",0,39.28100556,-121.044875,0,53,0,0,1,1,0,4,2,1,0,1,0,"0000000",99,99,99,99,88,88,0,0,0,1,0
6,61590,1,1,0,1,1,0,0,65,9999,16,8,2016,3,13,10,0,8,98,98,9,"EVERGREEN STREET","",99999,33.38411111,-117.21283056,9,8,0,0,1,1,0,1,1,1,0,1,0,"0000000",99,99,99,99,88,88,0,0,0,1,0
6,61591,3,3,0,0,0,5,5,73,0,16,7,2016,7,15,20,1,1,2,1,3,"SR-94","",386,32.59758056,-116.64816944,0,12,8,0,1,1,0,1,1,1,0,1,0,"0000000",99,99,99,99,88,88,0,0,0,1,0
6,61592,1,1,0,0,0,1,1,71,0,30,8,2016,3,17,36,1,1,1,1,1,"I-15","",774,34.90723889,-116.96045,0,17,0,0,1,1,0,5,1,1,0,1,0,"0000000",99,99,99,99,88,88,0,0,0,1,0
6,61593,1,1,0,1,1,2,2,23,1220,28,1,2016,5,17,17,0,2,5,4,6,"TRINITY STREET","F STREET",0,40.7878,-124.16346667,0,9,0,0,2,2,0,1,5,10,0,10,0,"0000000",99,99,99,99,99,99,0,0,0,1,0
6,61594,3,3,0,0,0,4,4,77,0,20,8,2016,7,8,40,0,1,2,1,3,"SR-4","",77,37.91708333,-121.44310833,0,12,2,0,1,1,0,1,1,1,0,1,0,"0000000",99,99,99,99,99,99,14,0,0,1,0
6,61595,1,1,0,0,0,1,1,41,0,26,8,2016,6,17,55,1,1,3,1,2,"US-101","",4,37.830825,-122.47979444,0,26,0,0,1,1,0,4,1,10,0,10,0,"0000000",99,99,99,99,88,88,0,0,0,1,1
6,61596,1,1,0,0,0,1,1,73,0,13,4,2016,4,23,20,1,1,1,1,1,"I-5","",634,33.31238889,-117.48051944,0,24,0,0,1,1,0,3,2,1,0,1,0,"0000000",99,99,99,99,88,88,0,0,0,1,0
6,61597,2,2,0,0,0,3,3,111,3641,18,6,2016,7,14,18,1,2,2,1,3,"SR-118","",320,34.26700278,-118.64286111,0,12,6,0,1,1,0,1,1,1,0,1,0,"0000000",99,99,99,99,88,88,0,0,0,1,0
6,61598,2,2,0,0,0,3,3,71,2550,20,8,2016,7,3,3,1,2,1,1,1,"I-10","",0,34.08063889,-117.62881944,0,12,1,0,1,1,0,1,2,1,0,1,0,"0000000",99,99,99,99,99,99,19,0,0,2,0
6,61599,2,1,1,1,1,1,1,73,710,14,3,2016,2,21,38,0,2,5,4,6,"HILLTOP DR","",0,32.59693889,-117.051525,0,14,0,0,1,1,0,7,3,1,0,1,0,"0000000",99,99,99,99,88,88,0,0,0,1,1
6,61600,1,1,0,0,0,1,1,15,0,26,7,2016,3,99,99,1,1,3,1,2,"US-199","",120,41.842575,-124.01321111,0,1,0,0,1,1,0,4,2,1,0,1,0,"0000000",88,88,88,88,88,88,0,0,0,1,0
6,61601,3,3,0,0,0,4,4,77,2070,22,7,2016,6,21,48,1,2,2,1,3,"SR-120","",25,37.78456389,-121.26921389,0,12,6,0,1,1,0,1,2,1,0,1,0,"0000000",99,99,99,99,99,99,20,0,0,1,0
6,61602,1,1,0,0,0,1,1,99,0,3,9,2016,7,15,10,0,1,4,2,4,"CR-DEL PUERTO CANYON ROAD","",0,37.47746667,-121.22436944,0,1,0,0,1,1,0,4,1,1,0,1,0,"0000000",99,99,99,99,88,88,0,0,0,1,1
6,61603,1,1,0,0,0,1,1,37,0,20,6,2016,2,10,45,0,1,3,1,3,"SR-39","",206,34.18827778,-117.86977778,0,43,0,0,1,1,0,4,1,1,0,1,0,"0000000",99,99,99,99,88,88,0,0,0,1,0
6,61604,1,1,0,0,0,2,2,25,0,13,9,2016,3,16,14,0,1,2,1,3,"SR-78","",364,32.98118056,-115.1479,0,1,0,0,1,1,0,4,1,1,0,1,0,"0000000",99,99,99,99,99,99,0,0,0,1,0
6,61605,3,3,0,0,0,4,4,65,0,11,8,2016,5,16,53,0,1,2,1,3,"SR-60","",230,33.93581111,-117.11330556,0,24,0,0,1,1,0,4,1,1,0,1,0,"0000000",99,99,99,99,88,88,0,0,0,1,0
6,61606,1,1,0,0,0,1,1,69,0,21,7,2016,5,5,27,1,1,2,1,2,"US-101","",31,36.86263889,-121.57856667,0,34,0,0,1,1,0,4,4,1,0,1,0,"0000000",99,99,99,99,88,88,0,0,0,1,0
6,61607,1,1,0,1,1,1,1,85,3790,9,7,2016,7,1,30,0,2,4,4,6,"EL CAMINO REAL","",0,37.36462222,-122.02856944,0,8,0,0,1,1,0,1,3,1,0,1,0,"0000000",99,99,99,99,99,99,0,0,0,1,0
6,61608,2,2,0,0,0,3,3,29,240,18,3,2016,6,21,40,0,2,3,4,6,"COFFEE ROAD","",0,35.39909722,-119.09230278,0,1,0,0,1,1,0,1,3,1,0,1,0,"0000000",99,99,99,99,99,99,0,0,0,1,2
6,61609,1,1,0,0,0,5,5,29,240,8,7,2016,6,20,52,0,2,4,4,6,"MORNING DR","",0,35.38343333,-118.91419444,0,1,0,0,1,1,0,4,2,1,0,1,0,"0000000",99,99,99,99,99,99,0,0,0,2,1
6,61610,1,1,0,0,0,3,3,1,1560,5,7,2016,3,0,5,1,2,1,1,1,"I-880","",171,37.64966389,-122.09744167,0,39,0,0,1,1,0,4,2,1,0,1,0,"0000000",99,99,99,99,99,99,0,0,0,1,1
6,61611,1,1,0,0,0,1,1,59,0,21,8,2016,1,14,43,0,1,3,2,4,"CR-SANTIAGO CANYON ROAD","",0,33.76869167,-117.72006667,0,38,0,0,1,1,0,4,1,1,0,1,0,"0000000",99,99,99,99,88,88,0,0,0,1,1
6,61612,2,2,0,0,0,2,2,17,0,9,8,2016,3,15,10,0,1,2,1,3,"SR-193","",38,38.89985,-120.95401389,0,12,2,0,1,1,0,1,1,1,0,1,0,"0000000",99,99,99,99,99,99,0,0,0,1,0
6,61613,2,2,0,0,0,5,5,57,0,6,8,2016,7,14,51,1,1,2,1,3,"SR-20","",451,39.32045833,-120.61566944,0,12,6,0,8,1,0,1,1,1,0,1,0,"0000000",99,99,99,99,99,99,0,0,0,2,0
6,61614,2,2,0,0,0,3,3,67,0,18,5,2016,4,14,25,0,1,4,2,4,"CR-WALNUT AVENUE","",0,38.64086111,-121.34596944,0,12,98,0,1,1,0,1,1,1,0,1,0,"0000000",99,99,99,99,99,99,0,0,0,1,0
6,61615,4,4,0,0,0,5,5,67,3150,13,8,2016,7,2,7,1,2,1,1,1,"I-80","",82,38.63871944,-121.41946944,0,18,0,0,1,1,2,5,3,1,0,1,0,"0000000",99,99,99,99,99,99,14,0,0,1,1
6,61616,3,1,2,0,0,1,1,13,0,20,8,2016,7,21,5,0,1,4,2,4,"CR-BOULEVARD WAY","",0,37.89361667,-122.07679722,0,14,0,0,1,1,0,7,3,1,0,1,0,"0000000",99,99,99,99,88,88,0,0,0,1,0
6,61617,1,1,0,0,0,1,1,97,0,23,8,2016,3,20,25,0,1,5,2,4,"CR-EASTSIDE RD","",0,38.54851389,-122.84630278,0,58,0,0,1,1,0,4,2,10,0,10,0,"0000000",99,99,99,99,88,88,0,0,0,1,1
6,61618,2,2,0,0,0,2,2,39,0,13,9,2016,3,7,5,0,1,2,1,3,"SR-145","AVENUE 11",61,36.90931111,-120.0561,0,12,2,0,3,2,0,1,1,1,0,1,0,"0000000",7,7,99,99,88,88,14,0,0,1,0
6,61619,1,1,0,0,0,1,1,37,2870,4,8,2016,5,16,4,0,2,2,1,3,"SR-57 RAMP","",428,34.06640556,-117.80765,0,33,0,1,5,1,0,4,1,1,0,1,0,"0000000",99,99,99,99,88,88,0,0,0,1,0
6,61620,1,1,0,0,0,2,2,37,1980,2,7,2016,7,17,20,1,2,1,1,1,"I-5 RAMP","",391,34.26564167,-118.44065556,0,23,0,1,5,1,0,4,1,1,0,1,0,"0000000",99,99,99,99,99,99,0,0,0,1,0
6,61621,2,2,0,0,0,2,2,73,0,17,8,2016,4,16,20,0,1,5,2,4,"CR-WILDCAT CANYON ROAD","",0,32.89123611,-116.89123611,0,12,7,0,1,1,0,1,1,1,0,1,0,"0000000",99,99,99,99,88,88,0,0,0,1,1
6,61622,2,2,0,0,0,1,1,65,3070,26,6,2016,1,2,57,1,1,2,1,3,"SR-91","",103,33.89420556,-117.501175,0,12,6,0,1,1,0,1,2,1,0,1,0,"0000000",99,99,99,99,88,88,19,0,0,1,0
6,61623,2,1,1,0,1,1,2,95,4010,29,8,2016,2,13,52,1,2,1,1,1,"I-80","",303,38.39246667,-121.92807778,0,18,0,0,1,1,0,4,1,1,0,1,0,"0000000",99,99,99,99,88,88,0,0,0,1,0
6,61624,1,1,0,0,0,2,2,1,0,14,8,2016,1,9,45,1,1,1,1,1,"I-580","",69,37.72145,-121.67581944,0,24,0,0,1,1,0,4,1,1,0,1,0,"0000000",99,99,99,99,99,99,0,0,0,1,0
6,61625,1,1,0,0,0,1,1,53,0,28,8,2016,1,20,59,1,1,2,1,3,"SR-1","",852,36.67894722,-121.80766944,0,23,0,1,19,1,0,3,5,1,0,1,0,"0000000",99,99,99,99,88,88,0,0,0,1,1
6,61626,1,1,0,1,1,2,2,89,2950,19,3,2016,7,22,48,0,2,2,1,3,"SR-273","",128,40.5303,-122.38386667,0,8,0,0,1,1,0,1,2,1,0,1,0,"0000000",99,99,99,99,88,88,0,0,0,1,0
6,61627,3,3,0,0,0,4,4,63,0,5,9,2016,2,15,53,0,1,2,1,3,"SR-70","",608,39.84476389,-120.67900278,0,12,8,0,1,1,0,1,1,1,0,1,0,"0000000",99,99,99,99,99,99,0,0,0,1,0
6,61628,1,1,0,0,0,1,1,17,0,22,9,2016,5,13,20,0,1,6,2,4,"CR-WENTWORTH SPRINGS ROAD","",0,38.94258333,-120.73174722,0,32,0,0,1,1,0,4,1,10,0,10,0,"0000000",99,99,99,99,88,88,0,0,0,1,1
6,61629,4,4,0,0,0,5,5,65,0,15,9,2016,5,18,22,1,1,2,1,3,"SR-79","",146,33.67696667,-117.08466111,0,12,1,0,1,1,0,1,1,1,0,1,0,"0000000",99,99,99,99,99,99,14,0,0,1,0
6,61631,2,2,0,0,0,2,2,41,0,19,8,2016,6,1,11,1,1,2,1,2,"US-101","",260,38.16785,-122.58155,0,12,2,0,1,1,0,1,2,1,0,1,0,"0000000",99,99,99,99,99,99,19,0,0,1,0
6,61632,2,2,0,0,0,5,5,107,0,23,9,2016,6,16,35,1,1,2,1,3,"SR-65","",36,35.84271111,-119.053725,0,12,2,0,1,1,0,1,1,1,0,1,0,"0000000",99,99,99,99,99,99,0,0,0,4,0
6,61633,2,2,0,0,0,1,1,37,0,21,9,2016,4,1,5,1,1,1,1,1,"I-105","",90,33.92848889,-118.252425,0,12,7,0,1,1,0,1,3,1,0,1,0,"0000000",99,99,99,99,99,99,23,0,0,1,0
6,61634,2,2,0,0,0,2,2,37,0,13,6,2016,2,18,25,0,1,5,2,4,"CR-WARD ROAD","",0,34.50225833,-118.22855,0,12,6,0,1,1,0,1,1,1,0,1,0,"0000000",99,99,99,99,99,99,0,0,0,1,0
6,61635,2,2,0,0,0,2,2,53,0,24,9,2016,7,15,10,0,1,6,2,4,"CR-OLD STAGE ROAD","",0,36.68975,-121.56789167,0,12,6,0,1,1,0,1,1,1,0,1,0,"0000000",99,99,99,99,99,99,0,0,0,1,1
6,61636,1,1,0,0,0,1,1,79,0,9,9,2016,6,16,15,0,1,2,1,3,"SR-58","",96,35.43630833,-120.50766389,0,33,0,0,1,1,0,4,1,1,0,1,0,"0000000",99,99,99,99,88,88,0,0,0,1,0
6,61637,2,2,0,0,0,6,6,29,240,26,3,2016,7,11,41,0,2,3,4,6,"BEALE AVE","NILES ST",0,35.38129722,-118.98801667,0,12,6,0,2,2,0,1,1,1,0,1,0,"0000000",99,99,99,99,99,99,0,0,0,1,0
6,61638,6,1,5,0,0,1,1,29,240,27,3,2016,1,3,55,0,2,5,4,6,"PLANZ ROAD","",0,35.32506667,-119.05492222,0,14,0,0,1,1,0,7,3,1,0,1,0,"0000000",99,99,99,99,88,88,14,0,0,1,1
6,61639,1,1,0,0,0,1,1,13,3412,26,7,2016,3,13,30,1,2,1,1,1,"I-680","",15,37.74318056,-121.95487778,0,42,0,0,1,1,0,4,1,1,0,1,0,"0000000",99,99,99,99,99,99,0,0,0,1,1
6,61640,1,1,0,0,0,1,1,35,0,13,8,2016,7,21,10,1,1,2,1,2,"US-395","",453,40.18509444,-120.39261389,0,11,0,0,1,1,0,1,2,1,0,1,0,"0000000",99,99,99,99,88,88,4,0,0,1,0
6,61641,2,2,0,0,0,2,2,77,3770,11,8,2016,5,23,37,1,2,2,1,3,"SR-4","",176,37.95298889,-121.27223333,0,24,0,0,1,1,1,3,2,1,0,1,0,"0000000",99,99,99,99,99,99,0,0,0,1,1
6,61642,2,2,0,0,0,3,3,29,0,20,2,2016,7,0,57,1,1,1,1,1,"I-5","",399,35.27951111,-119.23765,0,12,6,0,1,1,0,1,2,1,0,1,0,"0000000",99,99,99,99,99,99,0,0,0,1,0
6,61643,1,1,0,1,1,1,1,71,3210,11,7,2016,2,6,10,1,2,2,1,3,"SR-210","",232,34.14581389,-117.29661667,0,8,0,0,1,1,0,1,4,1,0,1,0,"0000000",99,99,99,99,99,99,0,0,0,1,0
6,61644,1,1,0,0,0,1,1,39,0,21,7,2016,5,5,52,0,1,4,2,4,"CR-AVENUE 17","",0,36.99643056,-120.13773611,0,1,0,0,1,1,0,4,4,1,0,1,0,"0000000",99,99,99,99,99,99,0,0,0,1,0
6,61645,4,4,0,0,0,6,6,73,0,1,5,2016,1,19,56,0,1,4,2,4,"CR-BUENA CREEK RD","",0,33.18305833,-117.16321389,0,12,8,0,1,1,0,1,2,1,0,1,0,"0000000",19,56,99,99,99,99,0,0,0,1,1
6,61646,1,1,0,2,2,1,1,37,1980,5,8,2016,6,10,45,0,2,3,4,6,"LA BREA AVE","PICO BLVD",0,34.04783889,-118.34467222,0,2,0,0,3,2,0,1,1,1,0,1,0,"0000000",99,99,99,99,99,99,15,0,0,1,0
6,61647,2,2,0,1,1,7,7,65,1690,18,9,2016,1,2,58,1,2,1,1,1,"I-10","",572,33.72305,-116.19866944,0,8,0,0,1,1,0,1,2,1,0,1,0,"0000000",99,99,99,99,88,88,0,0,0,1,0
6,61648,1,1,0,0,0,1,1,113,0,3,6,2016,6,9,8,1,1,1,1,1,"I-5","",289,38.92291389,-121.99854167,0,34,0,0,1,1,0,4,1,1,0,1,0,"0000000",99,99,99,99,99,99,0,0,0,1,0
6,61649,1,1,0,0,0,5,5,29,0,16,9,2016,6,23,0,0,1,7,2,4,"CR-MALAGA RD","VISTA BL",0,35.23804444,-118.8605,0,58,0,0,2,2,0,1,2,1,0,1,0,"0000000",99,99,99,99,99,99,0,0,0,2,0
6,61650,1,1,0,0,0,1,1,31,0,24,9,2016,7,23,53,0,1,7,2,4,"CR-7TH AVE","",0,36.28983889,-119.58301111,0,35,0,0,1,1,0,4,2,1,0,1,0,"0000000",99,99,99,99,88,88,0,0,0,1,0
6,61651,2,2,0,0,0,3,3,37,2645,14,7,2016,5,9,37,1,2,2,1,3,"SR-14","",637,34.62731389,-118.15303889,0,12,1,0,1,1,0,1,1,1,0,1,0,"0000000",99,99,99,99,99,99,28,0,0,1,0
6,61652,2,2,0,0,0,4,4,37,0,14,9,2016,4,18,8,0,1,5,2,4,"CR-AVE R-4","",0,34.56886111,-117.94626944,0,12,6,0,8,1,0,1,1,1,0,1,0,"0000000",99,99,99,99,99,99,0,0,0,1,0
6,61653,2,2,0,0,0,3,3,37,2645,20,9,2016,3,3,30,1,2,2,1,3,"SR-14","",642,34.63958889,-118.15341111,0,12,1,0,1,1,0,1,2,1,0,1,0,"0000000",99,99,99,99,99,99,0,0,0,2,0
6,61654,1,1,0,1,1,2,2,65,0,8,10,2016,7,0,1,0,1,2,1,3,"SR-74","LINCOLN AVE",456,33.74788056,-116.88437222,0,8,0,0,3,2,0,1,2,1,0,1,0,"0000000",99,99,99,99,88,88,0,0,0,1,0
6,61655,5,5,0,0,0,6,6,83,0,13,9,2016,3,7,30,0,1,2,1,3,"SR-166","",622,34.96450833,-119.72246944,0,12,8,0,1,1,0,1,1,1,0,1,0,"0000000",99,99,99,99,88,88,0,0,0,1,0
6,61656,1,1,0,0,0,1,1,65,2730,21,7,2016,5,17,17,0,2,7,4,6,"MOUNTAIN AVE","",0,33.7647,-117.24421944,0,17,0,0,1,1,0,4,1,1,0,1,0,"0000000",99,99,99,99,88,88,0,0,0,1,1
6,61657,1,1,0,1,1,1,1,89,2950,4,4,2016,2,20,18,0,2,3,1,3,"SR-273","LAKE BLVD",186,40.60939722,-122.37650556,0,8,0,0,3,2,0,1,5,1,0,1,0,"0000000",99,99,99,99,88,88,0,0,0,1,0
6,61658,1,1,0,1,1,1,1,103,2940,12,8,2016,6,10,52,0,2,3,1,3,"SR-99","",427,40.186125,-122.2116,0,9,0,0,1,1,0,1,1,1,0,1,0,"0000000",99,99,99,99,99,99,0,0,0,1,0
6,61659,1,1,0,1,1,1,1,37,1980,13,8,2016,7,19,45,0,2,4,4,6,"TERRA BELLA ST","SHARP AVE",0,34.25036944,-118.42912222,0,8,0,0,3,2,0,1,5,1,0,1,0,"0000000",99,99,99,99,88,88,0,0,0,1,0
6,61660,2,2,0,0,0,3,3,67,3150,26,5,2016,5,19,17,0,2,3,4,6,"POWER INN ROAD","",0,38.51838889,-121.40910833,0,12,6,0,1,1,0,1,1,1,0,1,0,"0000000",99,99,99,99,99,99,0,0,0,2,0
6,61661,1,1,0,1,1,1,1,59,1410,14,8,2016,1,23,20,0,2,3,4,6,"CHAPMAN AVE","",0,33.78890556,-117.911675,0,8,0,0,1,1,0,1,3,1,0,1,0,"0000000",99,99,99,99,88,88,0,0,0,1,0
6,61662,2,2,0,0,0,2,2,77,0,25,7,2016,2,4,45,0,1,4,2,4,"CR-MARIPOSA RD","MUNFORD AVE",0,37.93060556,-121.22437222,0,12,6,0,2,3,1,1,3,1,0,1,0,"0000000",99,99,99,99,99,99,0,0,0,1,0
6,61663,1,1,0,0,0,1,1,81,0,29,6,2016,4,12,25,1,1,1,1,1,"I-280","",44,37.44430833,-122.25662222,0,33,0,0,1,1,0,4,1,1,0,1,0,"0000000",99,99,99,99,99,99,0,0,0,1,0
6,61664,2,2,0,0,0,2,2,107,0,8,7,2016,6,12,41,0,1,2,1,3,"SR-201","",177,36.48598333,-119.22020556,0,38,0,0,1,1,0,4,1,1,0,1,0,"0000000",99,99,99,99,88,88,0,0,0,1,0
6,61665,1,1,0,0,0,1,1,37,2870,12,8,2016,6,6,30,1,2,1,1,1,"I-10 RAMP","",428,34.06580833,-117.80700278,0,20,0,1,5,1,0,4,4,1,0,1,0,"0000000",99,99,99,99,88,88,0,0,0,1,0
6,61666,2,2,0,0,0,3,3,111,0,28,7,2016,5,11,30,0,1,3,1,3,"SR-150","CHUMASH RD",51,34.43715,-119.14360556,0,12,1,0,2,3,0,1,1,1,0,1,0,"0000000",99,99,99,99,99,99,14,0,0,1,0
6,61667,1,1,0,1,1,1,1,67,3150,10,1,2016,1,9,17,0,2,4,4,6,"BROADWAY ST","RIVERSIDE BLVD",0,38.56321111,-121.49848889,0,9,0,0,3,2,0,1,1,10,0,10,0,"0000000",99,99,99,99,99,99,0,0,0,1,0
6,61668,1,1,0,1,1,1,1,65,2730,20,4,2016,4,16,43,0,2,7,4,6,"4TH ST","B ST",0,33.78235,-117.23233333,0,9,0,0,3,2,0,1,1,1,0,1,0,"0000000",99,99,99,99,99,99,0,0,0,1,0
6,61669,3,3,0,0,0,3,3,37,1695,10,5,2016,3,11,43,0,2,3,4,6,"AZUSA AVE","",0,33.99589167,-117.9258,0,12,1,0,1,1,0,1,1,1,0,1,0,"0000000",99,99,99,99,99,99,0,0,0,1,0
6,61670,2,2,0,0,0,3,3,67,0,26,9,2016,2,2,54,0,1,3,2,4,"CR-MADISON AVENUE","",0,38.66365556,-121.29924444,0,12,2,0,1,1,0,1,3,1,0,1,0,"0000000",99,99,99,99,99,99,0,0,0,2,1
6,61671,1,1,0,0,0,2,2,13,0,30,9,2016,6,23,15,1,1,1,1,1,"I-80 RAMP","",130,38.04496944,-122.23718611,0,59,0,0,5,1,0,4,3,1,0,1,0,"0000000",99,99,99,99,99,99,0,0,0,1,0
6,61672,2,2,0,0,0,4,4,99,0,15,7,2016,6,23,55,0,1,2,1,3,"SR-219","TULLY RD",39,37.71116944,-121.01316389,0,12,1,0,3,2,0,1,3,1,0,1,0,"0000000",99,99,99,99,88,88,0,0,0,3,1
6,61673,1,1,0,1,1,2,2,37,0,10,8,2016,4,18,57,0,1,7,2,4,"CR-W 97TH ST","",0,33.94773333,-118.30025278,0,15,0,0,1,1,0,1,1,1,0,1,0,"0000000",99,99,99,99,99,99,0,0,0,1,0
6,61674,2,2,0,0,0,2,2,73,0,8,8,2016,2,23,0,0,1,5,2,4,"CR-LILAC ROAD","",0,33.23014167,-117.04440278,0,12,6,0,1,1,0,1,2,1,0,1,0,"0000000",99,99,99,99,99,99,0,0,0,1,0
6,61675,2,2,0,0,0,3,3,111,0,12,6,2016,1,1,30,1,1,2,1,3,"SR-126","",309,34.40639444,-118.75276667,0,12,2,0,1,1,0,1,2,10,0,10,0,"0000000",99,99,99,99,88,88,0,0,0,3,1
6,61676,2,2,0,0,0,5,5,37,3690,29,5,2016,1,2,27,0,2,4,4,6,"SOUTHERN AVE","MCNERNEY AVE",0,33.94991389,-118.195625,0,12,6,0,2,2,0,1,3,1,0,1,0,"0000000",99,99,99,99,99,99,0,0,0,1,1
6,61677,1,1,0,1,1,1,1,73,2340,2,3,2016,4,23,46,0,2,4,4,6,"SWEETWATER ROAD","",0,32.66147222,-117.08209444,0,8,0,0,1,1,0,1,3,1,0,1,0,"0000000",99,99,99,99,99,99,0,0,0,1,0
6,61678,1,1,0,1,1,1,1,77,3770,4,8,2016,5,5,0,1,2,1,1,1,"I-5","",257,37.94086667,-121.29808611,0,8,0,0,1,1,1,1,3,1,0,1,0,"0000000",99,99,99,99,88,88,0,0,0,1,0
6,61679,4,4,0,0,0,5,5,13,460,4,5,2016,4,15,13,0,2,2,1,3,"SR-4","",342,37.94262222,-121.74154167,0,12,1,0,1,1,0,1,1,10,0,10,0,"0000000",99,99,99,99,99,99,0,0,0,1,0
6,61680,1,1,0,0,0,1,1,13,0,25,9,2016,1,19,22,0,1,7,2,4,"CR-NICHOLS RD.","",0,38.045375,-121.98803611,0,1,0,0,1,1,0,1,5,1,0,1,0,"0000000",99,99,99,99,99,99,0,0,0,1,0
6,61681,4,4,0,0,0,8,8,39,0,18,6,2016,7,0,49,1,1,2,1,3,"SR-41","",172,37.1204,-119.73968056,0,12,2,0,1,1,0,1,2,1,0,1,0,"0000000",99,99,99,99,99,99,0,0,0,1,1
6,61682,1,1,0,0,0,1,1,39,0,1,9,2016,5,22,13,1,1,2,1,3,"SR-152","",64,37.08356389,-120.37741944,0,1,0,0,1,1,0,1,2,1,0,1,0,"0000000",99,99,99,99,88,88,0,0,0,1,1
6,61683,1,1,0,1,1,1,1,47,0,27,3,2016,1,21,0,0,1,4,2,4,"CR-WALNUT AVE","",0,37.3895,-120.6991,0,9,0,0,1,1,0,1,2,1,0,1,0,"0000000",99,99,99,99,99,99,0,0,0,1,0
6,61684,2,2,0,0,0,2,2,99,0,16,6,2016,5,17,29,0,1,5,2,4,"CR-ROGERS ROAD","",0,37.48335,-121.17728056,0,12,6,0,1,1,0,1,1,1,0,1,0,"0000000",99,99,99,99,88,88,0,0,0,1,0
6,61685,2,2,0,0,0,4,4,37,639,14,8,2016,1,2,23,1,2,2,1,3,"SR-91","",167,33.87646111,-118.10381111,0,12,1,0,1,1,0,1,3,1,0,1,0,"0000000",99,99,99,99,99,99,0,0,0,1,1
6,61686,1,1,0,1,1,2,2,65,0,14,10,2016,6,18,45,0,2,3,1,3,"SR-74","",450,33.74783056,-116.89516667,0,8,0,0,1,1,0,1,2,1,0,1,0,"0000000",99,99,99,99,99,99,0,0,0,1,0
6,61687,2,2,0,0,0,2,2,79,0,17,9,2016,7,9,50,1,1,2,1,3,"SR-41","",500,35.78279167,-120.20113611,0,12,2,0,1,1,0,1,1,1,0,1,0,"0000000",99,99,99,99,99,99,0,0,0,1,0