"STATE","ST_CASE","VE_TOTAL","VE_FORMS","PVH_INVL","PEDS","PERNOTMVIT","PERMVIT","PERSONS","COUNTY","CITY","DAY","MONTH","YEAR","DAY_WEEK","HOUR","MINUTE","NHS","RUR_URB","FUNC_SYS","RD_OWNER","ROUTE","TWAY_ID","TWAY_ID2","MILEPT","LATITUDE","LONGITUD","SP_JUR","HARM_EV","MAN_COLL","RELJCT1","RELJCT2","TYP_INT","WRK_ZONE","REL_ROAD","LGT_COND","WEATHER1","WEATHER2","WEATHER","SCH_BUS","RAIL","NOT_HOUR","NOT_MIN","ARR_HOUR","ARR_MIN","HOSP_HR","HOSP_MN","CF1","CF2","CF3","FATALS","DRUNK_DR"
6,61688,1,1,0,0,0,1,1,65,9999,27,9,2016,3,12,54,1,2,1,1,1,"I-15","",520,34.02921389,-117.55029722,0,18,0,0,1,1,0,3,1,10,0,10,0,"0000000",99,99,99,98,88,88,0,0,0,1,0
6,61689,1,1,0,0,0,1,1,13,110,7,4,2016,5,2,54,0,2,4,4,6,"HILLCREST AVE","",0,37.97241389,-121.76273889,0,42,0,0,1,1,0,3,3,1,0,1,0,"0000000",99,99,99,99,88,88,0,0,0,1,1
6,61690,1,1,0,1,1,1,1,71,2550,20,5,2016,6,7,48,0,2,3,1,3,"SR-83","",85,34.04884722,-117.65113056,0,8,0,0,1,1,0,4,1,1,0,1,0,"0000000",99,99,99,99,99,99,0,0,0,1,0
6,61691,1,1,0,0,0,1,1,23,0,11,9,2016,1,20,49,0,1,5,2,4,"CR-ELK RIVER RD","",0,40.75321667,-124.18658889,0,34,0,0,1,1,0,4,2,1,0,1,0,"0000000",99,99,99,99,99,99,0,0,0,1,1
6,61692,1,1,0,1,1,1,1,23,0,8,10,2016,7,5,10,0,1,4,2,4,"CR-AIRPORT RD","",0,40.9663,-124.105,0,8,0,0,1,1,0,1,2,10,5,5,0,"0000000",99,99,99,99,88,88,0,0,0,1,0
6,61693,1,1,0,0,0,2,2,89,0,26,9,2016,2,17,50,0,1,5,2,4,"CR-OLINDA ROAD","",0,40.44173889,-122.32221111,0,35,0,0,1,1,0,4,1,1,0,1,0,"0000000",99,99,99,99,99,99,0,0,0,1,1
6,61694,1,1,0,1,1,1,1,77,0,2,8,2016,3,19,34,0,1,5,2,4,"CR-SR-99","",0,38.15385833,-121.26186667,0,8,0,0,1,1,0,1,1,1,0,1,0,"0000000",99,99,99,99,88,88,0,0,0,1,0
6,61695,4,4,0,0,0,5,5,95,0,19,8,2016,6,16,50,1,1,1,1,1,"I-80","",382,38.52028056,-121.76978056,0,12,1,0,1,1,0,1,1,1,0,1,0,"0000000",99,99,99,99,99,99,0,0,0,1,0
6,61696,1,1,0,0,0,2,2,71,4000,24,7,2016,1,16,55,1,2,2,1,3,"SR-210 W/B (FOOTHILL FWY)","",23,34.1348,-117.6553,0,33,0,0,1,1,0,4,1,1,0,1,0,"0000000",99,99,99,99,99,99,0,0,0,1,0
6,61697,1,1,0,1,1,1,1,37,2260,31,5,2016,3,20,35,0,2,7,4,6,"SOUTH NICHOLSON AVE","EDGLEY DRIVE",0,34.06073056,-118.11895833,0,8,0,0,3,3,0,1,3,1,0,1,0,"0000000",99,99,99,99,99,99,0,0,0,1,0
6,61698,1,1,0,1,1,1,1,67,3150,24,6,2016,6,5,56,0,2,3,4,6,"STOCKTON BLVD","ROEMER LN",0,38.53585,-121.44770833,0,9,0,0,1,1,0,4,1,1,0,1,0,"0000000",99,99,99,99,88,88,0,0,0,1,0
6,61699,1,1,0,2,2,1,1,67,0,19,8,2016,6,20,19,0,1,3,2,4,"CR-AUBURN BLVD","",0,38.67276111,-121.32861111,0,8,0,0,1,1,0,1,2,1,0,1,0,"0000000",99,99,99,99,99,99,0,0,0,1,0
6,61700,1,1,0,0,0,2,2,77,0,7,8,2016,1,2,36,9,8,98,98,9,"FRENCH CAMP ROAD","I-5 RAMP",99999,37.89711111,-121.28566111,0,5,0,1,2,2,0,1,3,1,0,1,0,"0000000",99,99,99,99,99,99,0,0,0,1,1
6,61701,4,2,2,0,0,2,2,29,240,9,9,2016,6,1,36,1,2,3,1,3,"SR-58","MOHAWK ST",506,35.38331944,-119.0653,0,12,6,0,2,2,0,1,3,1,0,1,0,"0000000",99,99,99,99,99,99,14,0,0,2,1
6,61702,2,2,0,0,0,7,7,47,0,25,7,2016,2,18,21,0,1,5,2,4,"CR-EL CAPITAN WAY","PEPPER ST",0,37.43371667,-120.72185833,0,12,1,0,3,2,0,1,1,1,0,1,0,"0000000",99,99,99,99,99,99,0,0,0,1,0
6,61703,2,2,0,0,0,8,8,107,0,27,8,2016,7,18,5,0,1,2,1,3,"SR-43","AVE 56",78,35.89155556,-119.40536111,0,12,6,0,2,2,0,1,1,1,0,1,0,"0000000",99,99,99,99,99,99,0,0,0,1,0
6,61704,1,1,0,0,0,1,1,53,0,4,10,2016,3,16,40,0,1,2,1,3,"SR-146","",71,36.42392778,-121.30001944,0,35,0,0,1,1,0,4,1,1,0,1,0,"0000000",99,99,99,99,88,88,0,0,0,1,0
6,61705,1,1,0,2,2,2,2,71,4000,19,6,2016,1,3,0,1,2,2,1,3,"SR-210","",7,34.13078333,-117.68353056,0,8,0,0,1,1,0,1,2,1,0,1,0,"0000000",99,99,99,99,88,88,0,0,0,2,0
6,61706,2,2,0,0,0,2,2,47,9999,15,8,2016,2,21,29,0,8,98,98,9,"ELLIOT AVENUE","",99999,37.32041944,-120.58367778,9,12,2,0,1,1,0,1,2,1,0,1,0,"0000000",99,99,99,99,88,88,0,0,0,1,1
6,61707,1,1,0,0,0,2,2,37,2020,5,9,2016,2,4,35,1,2,1,1,1,"I-710","",166,33.925475,-118.17765556,0,42,0,0,1,1,0,4,3,1,0,1,0,"0000000",99,99,99,99,88,88,0,0,0,2,0
6,61708,1,1,0,0,0,1,1,73,3260,1,5,2016,1,4,44,1,2,1,1,1,"I-8","",79,32.77914444,-117.06995833,0,20,0,0,1,1,0,3,2,10,0,10,0,"0000000",99,99,99,99,88,88,0,0,0,1,1
6,61709,1,1,0,0,0,1,1,73,2340,5,9,2016,2,23,23,0,2,2,1,3,"SR-54 RAMP","",22,32.65982222,-117.07083889,0,20,0,0,5,1,0,8,3,1,0,1,0,"0000000",99,99,99,99,88,88,0,0,0,1,0
6,61710,5,5,0,0,0,5,5,59,3960,8,8,2016,2,22,30,1,2,1,1,1,"I-5","",275,33.71908889,-117.79416111,0,12,1,0,1,1,0,1,3,1,0,1,0,"0000000",99,99,99,99,99,99,0,0,0,1,0
6,61711,1,1,0,1,1,1,1,71,2238,23,9,2016,6,23,57,1,2,1,1,1,"I-10","",15,34.08724167,-117.68484167,0,8,0,0,1,1,0,1,3,1,0,1,0,"0000000",99,99,99,99,88,88,0,0,0,1,0
6,61712,1,1,0,0,0,1,1,89,0,23,9,2016,6,14,30,0,1,2,1,3,"SR-299","",450,40.74675833,-122.06092222,0,1,0,0,1,1,0,4,1,1,0,1,0,"0000000",99,99,99,99,99,99,0,0,0,1,0
6,61713,1,1,0,0,0,1,1,37,3445,28,4,2016,5,99,99,1,2,2,1,3,"SR-14 RAMP","",334,34.42566111,-118.423175,0,33,0,1,5,1,0,4,2,1,0,1,0,"0000000",99,99,99,99,88,88,0,0,0,1,0
6,61714,1,1,0,0,0,1,1,25,1090,24,9,2016,7,1,11,1,2,1,1,1,"I-8 RAMP","",372,32.77481389,-115.56906111,0,1,0,1,5,1,0,4,2,1,0,1,0,"0000000",99,99,99,99,88,88,0,0,0,1,1
6,61715,2,2,0,0,0,4,4,25,0,30,9,2016,6,15,0,0,1,3,2,4,"CR-KEYSTONE ROAD","CR-AUSTIN RD",0,32.91255833,-115.59490556,0,12,6,0,2,2,0,1,1,1,0,1,0,"0000000",99,99,99,99,99,99,0,0,0,1,0
6,61716,6,6,0,0,0,8,8,77,3770,22,8,2016,2,14,28,1,2,2,1,3,"SR-4","",187,37.9593,-121.25485,0,12,1,0,1,1,0,1,1,1,0,1,0,"0000000",99,99,99,99,99,99,0,0,0,1,0
6,61717,3,3,0,0,0,3,3,29,0,24,9,2016,7,17,50,0,1,4,2,4,"CR-DI GIORGIO RD","MYRTLE AVE",0,35.25242222,-118.91030833,0,12,1,0,3,3,0,1,1,1,0,1,0,"0000000",99,99,99,99,88,88,0,0,0,1,1
6,61718,2,2,0,1,1,2,2,85,3340,1,6,2016,4,0,27,0,2,4,4,6,"DOBERN AVE","JACKSON AVE",0,37.35214167,-121.83746667,0,8,0,0,3,3,0,1,3,1,0,1,0,"0000000",99,99,99,99,88,88,0,0,0,1,0
6,61719,2,2,0,0,0,7,7,37,2700,12,1,2016,3,0,13,0,2,4,4,6,"MAPLE ST","EL MOLINO AVE",0,34.15233056,-118.13693056,0,12,6,0,2,2,0,1,3,1,0,1,0,"0000000",99,99,99,99,99,99,0,0,0,2,0
6,61720,1,1,0,0,0,1,1,71,0,9,10,2016,1,16,55,0,1,4,2,4,"CR-NEEDLES HIGHWAY","",0,34.93853611,-114.67372222,0,31,0,0,1,1,0,4,1,1,0,1,0,"0000000",99,99,99,99,88,88,0,0,0,1,1
6,61721,2,2,0,0,0,2,2,13,3010,24,5,2016,3,1,32,1,2,1,1,1,"I-580 W/B","",30,37.92192778,-122.348825,0,12,1,0,1,1,0,1,3,1,0,1,0,"0000000",99,99,99,99,99,99,23,0,0,1,1
6,61723,1,1,0,1,1,1,1,29,0,11,10,2016,3,8,50,1,1,2,1,3,"SR-178","",945,35.651925,-117.77830556,0,9,0,0,1,1,0,2,1,1,0,1,0,"0000000",99,99,99,99,99,99,0,0,0,1,0
6,61724,2,2,0,0,0,7,7,29,0,4,10,2016,3,6,27,0,1,7,2,4,"CR-FRESNO AVE","SCARONI AVE",0,35.51453889,-119.31365278,0,12,6,0,2,2,0,1,4,1,0,1,0,"0000000",99,99,99,99,99,99,0,0,0,1,0
6,61725,1,1,0,0,0,1,1,109,0,25,6,2016,7,20,19,0,1,7,2,4,"CR-WOODHAM CARNE ROAD","",0,37.95001389,-120.28062222,0,1,0,0,1,1,0,1,5,1,0,1,0,"0000000",99,99,99,99,88,88,0,0,0,1,1
6,61726,2,2,0,0,0,2,2,99,0,4,10,2016,3,6,50,0,1,7,2,4,"CR-BLEDSOE RD","",0,37.54558611,-120.62735,0,12,6,0,1,1,0,1,4,1,0,1,0,"0000000",99,99,99,99,99,99,0,0,0,1,0
6,61727,2,2,0,0,0,2,2,71,0,7,10,2016,6,2,50,0,1,4,2,4,"CR-RANCHERO RD","",0,34.38308611,-117.398125,0,12,2,0,1,1,0,1,2,1,0,1,0,"0000000",99,99,99,99,88,88,0,0,0,2,0
6,61728,1,1,0,1,1,1,1,71,0,8,10,2016,7,2,3,0,1,4,2,4,"CR-RANCHERO RD","",0,34.38313056,-117.39019444,0,8,0,0,1,1,0,1,2,1,0,1,0,"0000000",99,99,99,99,88,88,0,0,0,1,0
6,61729,2,2,0,0,0,2,2,67,0,27,9,2016,3,19,53,0,1,2,1,3,"SR-16","",53,38.533625,-121.35181389,0,12,6,0,8,1,0,1,2,1,0,1,0,"0000000",99,99,99,99,88,88,0,0,0,1,0
6,61730,1,1,0,0,0,5,5,77,0,27,8,2016,7,20,0,0,1,5,2,4,"CR-MARIPOSA RD","",0,37.89628333,-121.12033056,0,35,0,0,1,1,0,4,2,1,0,1,0,"0000000",99,99,99,99,99,99,0,0,0,1,1
6,61731,1,1,0,1,1,1,1,97,0,21,9,2016,4,8,25,0,1,5,2,4,"CR-RIVER RD","",0,38.49643889,-122.76639722,0,9,0,0,1,1,0,1,1,1,0,1,0,"0000000",99,99,99,99,88,88,16,0,0,1,0
6,61732,2,2,0,0,0,2,2,107,0,17,8,2016,4,0,25,0,1,5,2,4,"CR-MILLWOOD DRIVE","",0,36.41654722,-119.13396111,0,12,1,0,1,1,0,1,2,1,0,1,0,"0000000",99,99,99,99,99,99,0,0,0,1,0
6,61733,2,2,0,0,0,2,2,37,1980,25,7,2016,2,4,9,1,2,2,1,3,"SR-2","",161,34.11402222,-118.24321111,0,12,7,0,1,1,0,1,3,1,0,1,0,"0000000",99,99,99,99,88,88,0,0,0,1,0
6,61734,1,1,0,1,1,1,1,83,0,14,7,2016,5,5,54,0,1,7,2,4,"CR-SAN LORENZO DRIVE","SAN FELIPE DR",0,34.43025,-119.80471944,0,8,0,0,3,3,0,1,4,10,0,10,0,"0000000",99,99,99,99,99,99,0,0,0,1,0
6,61735,2,2,0,0,0,2,2,71,0,13,8,2016,7,21,35,1,1,1,1,1,"I-15","",153,34.21023333,-117.41256667,0,12,1,0,1,1,1,1,2,1,0,1,0,"0000000",99,99,99,99,99,99,0,0,0,2,0
6,61736,2,2,0,0,0,6,6,77,0,3,9,2016,7,21,28,0,1,5,2,4,"CR-ESCALON BELLOTA RD","",0,37.83418889,-120.99789722,0,12,2,0,1,1,0,1,2,1,0,1,0,"0000000",99,99,99,99,99,99,0,0,0,1,1
6,61737,2,1,1,0,0,1,1,37,0,25,9,2016,1,14,22,0,1,4,2,4,"CR-CYPRESS STREET","",0,34.09588056,-117.91863333,0,33,0,0,1,1,0,3,1,1,0,1,0,"0000000",99,99,99,99,88,88,0,0,0,1,0
6,61738,1,1,0,0,0,4,4,53,0,11,9,2016,1,3,0,0,1,6,2,4,"CR-OLD STAGE ROAD","",0,36.54489167,-121.46896389,0,1,0,0,1,1,0,4,2,10,0,10,0,"0000000",99,99,99,99,99,99,0,0,0,1,1
6,61739,2,2,0,0,0,6,6,111,0,7,8,2016,1,18,36,0,1,2,1,3,"SR-232","",30,34.26205,-119.14850833,0,12,2,0,1,1,0,1,1,1,0,1,0,"0000000",99,99,99,99,99,99,0,0,0,2,1
6,61740,3,3,0,0,0,1,1,65,0,29,8,2016,2,5,23,0,1,7,2,4,"CR-MERIDIAN PKWY","CR-INNOVATION DR",0,33.90115556,-117.28535,1,12,1,0,2,3,0,1,4,1,0,1,0,"0000000",99,99,99,99,99,99,19,0,0,1,0
6,61741,1,1,0,1,1,2,2,29,240,2,5,2016,2,14,22,0,2,3,4,6,"UNION AVE","",0,35.37491667,-119.00301667,0,8,0,0,1,1,0,1,1,10,0,10,0,"0000000",99,99,99,99,99,99,0,0,0,1,0
6,61742,2,2,0,0,0,2,2,111,4027,31,5,2016,3,8,35,0,2,5,4,6,"DARLING RD","",0,34.28975833,-119.14835,0,12,6,0,1,1,0,1,1,1,0,1,0,"0000000",99,99,99,99,99,99,14,0,0,1,0
6,61743,1,1,0,0,0,2,2,77,0,3,7,2016,1,9,25,1,2,2,1,3,"SR-99","",196,37.97367222,-121.24756111,0,24,0,0,1,1,0,4,1,1,0,1,0,"0000000",99,99,99,99,99,99,0,0,0,1,0
6,61744,2,2,0,0,0,3,3,1,0,15,9,2016,5,7,58,0,1,2,1,3,"SR-84","",205,37.60581944,-121.835125,0,12,6,0,1,1,0,1,1,1,0,1,0,"0000000",99,99,99,99,99,99,0,0,0,1,0
6,61745,1,1,0,1,1,1,1,107,0,3,7,2016,1,0,0,0,1,6,2,4,"CR-SAND CREEK RD","",0,36.62739722,-119.245975,0,8,0,0,1,1,0,1,2,1,0,1,0,"0000000",99,99,99,99,88,88,0,0,0,1,0
6,61746,1,1,0,0,0,1,1,71,1305,26,9,2016,2,22,40,1,2,1,1,1,"I-15","",119,34.17309167,-117.45061389,0,24,0,0,1,1,0,4,3,1,0,1,0,"0000000",99,99,99,99,88,88,0,0,0,1,0
6,61747,2,2,0,0,0,3,3,45,0,18,9,2016,1,10,59,0,1,2,1,3,"SR-128","",112,39.15683889,-123.58623056,0,12,2,0,1,1,0,1,1,1,0,1,0,"0000000",99,99,99,99,88,88,0,0,0,1,0
6,61748,1,1,0,1,1,1,1,57,0,12,3,2016,7,14,24,1,1,1,1,1,"I-80","",50,39.33786667,-120.35226944,0,8,0,0,1,1,0,2,1,4,0,4,0,"9999999",99,99,99,99,99,99,27,0,0,1,0
6,61749,2,2,0,0,0,3,3,39,0,25,5,2016,4,22,10,1,2,2,1,3,"SR-99","",131,36.98649722,-120.08863333,0,12,7,0,1,1,0,1,2,1,0,1,0,"0000000",99,99,99,99,88,88,0,0,0,3,1
6,61750,2,2,0,0,0,2,2,77,3770,24,6,2016,6,20,15,0,2,3,4,6,"PERSHING AVE","",0,37.98145278,-121.31874167,0,12,6,0,1,1,0,1,1,1,0,1,0,"0000000",99,99,99,99,99,99,0,0,0,1,1
6,61751,1,1,0,1,1,2,2,59,80,27,6,2016,2,4,35,0,2,4,4,6,"N LEMON ST","ORANGEFAIR AVE",0,33.85640556,-117.919825,0,41,0,0,3,2,0,4,3,1,0,1,0,"0000000",99,99,99,99,99,99,0,0,0,1,0
6,61752,1,1,0,0,0,1,1,23,0,11,9,2016,1,11,30,0,1,4,1,3,"SR-36","",386,40.48066111,-123.65365278,0,42,0,0,1,1,0,4,1,1,0,1,0,"0000000",99,99,99,99,99,99,0,0,0,1,1
6,61753,3,3,0,0,0,4,4,85,2660,4,8,2016,5,9,15,1,2,2,1,2,"US-101","",518,37.44192778,-122.11567222,0,12,7,0,1,1,0,1,1,10,0,10,0,"0000000",99,99,99,99,88,88,14,0,0,1,0
6,61754,2,2,0,0,0,2,2,37,0,24,8,2016,4,19,5,0,1,4,2,4,"CR-VALINDA AVENUE","",0,34.04364167,-117.92570278,0,12,8,0,1,1,0,1,3,1,0,1,0,"0000000",99,99,99,99,99,99,0,0,0,1,0
6,61755,1,1,0,0,0,1,1,65,9997,31,8,2016,4,14,6,1,2,1,1,1,"I-15","",520,34.02950278,-117.55032222,0,42,0,0,5,1,0,3,1,1,0,1,0,"0000000",99,99,99,99,99,99,0,0,0,1,0
6,61756,3,3,0,0,0,4,4,71,0,15,8,2016,2,2,8,0,1,2,1,3,"SR-138","",0,34.3334,-117.52055,0,12,2,0,1,1,1,1,2,1,0,1,0,"0000000",99,99,99,99,99,99,0,0,0,1,0
6,61757,1,1,0,2,2,1,1,61,0,25,7,2016,2,6,21,0,1,5,2,4,"CR-FIDDYMENT ROAD","",0,38.82828056,-121.34922222,0,9,0,0,1,1,0,1,1,1,0,1,0,"0000000",99,99,99,99,99,99,0,0,0,1,0
6,61758,1,1,0,1,1,1,1,77,0,14,9,2016,4,99,99,0,1,7,2,4,"CR-TULLY RD","",0,38.11453611,-121.13327778,0,8,0,0,1,1,0,1,2,1,0,1,0,"0000000",99,99,99,99,88,88,0,0,0,1,0
6,61759,4,4,0,0,0,6,6,19,0,24,8,2016,4,17,30,0,1,2,1,3,"SR-180","",444,36.73493889,-120.02799444,0,12,1,0,8,1,0,1,1,1,0,1,0,"0000000",99,99,99,99,99,99,0,0,0,1,0
6,61760,2,2,0,0,0,2,2,111,0,2,7,2016,7,21,45,0,1,3,2,4,"CR-RICE AVE","",0,34.17857222,-119.14262222,0,12,1,0,1,1,0,1,3,1,0,1,0,"0000000",99,99,99,99,88,88,0,0,0,1,1
6,61761,2,2,0,0,0,2,2,111,0,21,8,2016,1,14,10,0,1,3,1,3,"SR-150","",306,34.40161944,-119.08064722,0,12,2,0,1,1,0,1,1,1,0,1,0,"0000000",99,99,99,99,99,99,0,0,0,1,1
6,61762,2,2,0,0,0,3,3,33,0,3,8,2016,4,14,33,0,1,2,1,3,"SR-281","",147,38.95891389,-122.72845278,0,12,2,0,1,1,0,1,1,1,0,1,0,"0000000",99,99,99,99,99,99,0,0,0,1,0
6,61763,1,1,0,0,0,2,2,67,0,7,9,2016,4,19,41,1,1,2,1,3,"SR-12","BRANNAN ISLAND RD",58,38.12681667,-121.58209167,0,58,0,0,3,3,0,4,1,1,0,1,0,"0000000",99,99,99,99,88,88,0,0,0,1,1
6,61764,2,2,0,0,0,4,4,113,0,28,9,2016,4,16,50,0,1,3,1,3,"SR-16","",396,38.67784444,-121.82123889,0,12,6,0,1,1,0,1,1,1,0,1,0,"0000000",99,99,99,99,99,99,0,0,0,1,0
6,61765,3,3,0,0,0,3,3,95,0,19,9,2016,2,5,20,1,1,1,1,1,"I-80","",331,38.41701111,-121.92686111,0,12,1,0,1,1,0,1,2,1,0,1,0,"0000000",99,99,99,99,88,88,14,0,0,1,0
6,61766,3,3,0,0,0,3,3,37,1716,1,9,2016,5,6,30,1,2,1,1,1,"I-605","",250,34.12519444,-117.96523611,0,12,7,0,1,1,0,1,1,1,0,1,0,"0000000",99,99,99,99,88,88,28,14,0,1,0
6,61767,3,3,0,0,0,3,3,37,4120,11,9,2016,1,21,49,1,2,1,1,1,"I-10","",381,34.07186667,-117.87938056,0,12,7,0,1,1,1,1,3,1,0,1,0,"0000000",99,99,99,99,99,99,0,0,0,1,1
6,61768,2,1,1,0,1,1,2,37,1980,25,3,2016,6,7,0,1,2,1,1,1,"I-405 N/B (SAN DIEGO FWY)","",397,34.16353889,-118.46936944,0,14,0,0,1,1,0,2,1,1,0,1,0,"0000000",99,99,99,99,88,88,0,0,0,1,1
6,61769,2,1,1,0,1,1,2,73,3260,17,8,2016,4,20,40,1,2,2,1,3,"SR-94","",67,32.728475,-117.06859444,0,14,0,0,1,1,0,2,3,1,0,1,0,"0000000",99,99,99,99,88,88,14,0,0,1,1
6,61770,1,1,0,0,0,3,3,61,0,5,7,2016,3,18,5,1,1,1,1,1,"I-80","",458,39.20488056,-120.79446944,0,43,0,0,1,1,0,4,1,1,0,1,0,"0000000",99,99,99,99,99,99,0,0,0,2,0
6,61771,2,2,0,0,0,4,4,81,2980,29,7,2016,6,20,25,1,2,2,1,2,"US-101","",70,37.49851667,-122.23872222,0,12,7,0,1,1,0,1,5,1,0,1,0,"0000000",99,99,99,99,99,99,0,0,0,1,0
6,61772,3,3,0,1,1,6,6,95,0,1,10,2016,7,21,55,1,1,1,1,1,"I-80","",135,38.22303889,-122.12886944,0,8,0,1,18,1,0,1,2,1,0,1,0,"0000000",99,99,99,99,88,88,0,0,0,1,0
6,61773,1,1,0,1,1,1,1,87,0,25,5,2016,4,7,25,0,1,5,2,4,"CR-BUENA VISTA DR","",0,36.940325,-121.80226111,0,8,0,0,1,1,0,1,1,10,0,10,0,"0000000",99,99,99,99,99,99,0,0,0,1,0
6,61774,1,1,0,1,1,2,2,77,0,28,9,2016,4,3,10,0,1,3,2,4,"CR-WILSON WAY","",0,37.99519722,-121.26445833,0,8,0,0,1,1,0,1,2,1,0,1,0,"0000000",99,99,99,99,88,88,0,0,0,1,0
6,61775,2,2,0,0,0,2,2,85,2000,23,8,2016,3,20,10,1,2,2,1,3,"SR-17","",85,37.24455278,-121.96311111,0,12,1,0,1,1,0,1,2,1,0,1,0,"0000000",99,99,99,99,99,99,0,0,0,1,1
6,61776,2,2,0,0,0,4,4,79,0,30,9,2016,6,20,42,1,1,2,1,2,"US-101","WELLSONA RD",619,35.695975,-120.69651944,0,12,6,0,2,2,0,1,3,1,0,1,0,"0000000",99,99,99,99,99,99,0,0,0,1,1
6,61777,1,1,0,1,1,1,1,85,3340,15,1,2016,6,4,50,0,2,3,4,6,"SANTA CLARA ST","DELMAS AVE",0,37.33210556,-121.89921389,0,33,0,0,3,3,0,4,3,10,0,10,0,"0000000",99,99,99,99,88,88,0,0,0,1,0
6,61778,2,2,0,0,0,2,2,99,0,24,8,2016,4,5,35,1,1,2,1,3,"SR-132","PARADISE RD",64,37.63782222,-121.15891111,0,12,6,0,2,2,0,1,3,1,0,1,0,"0000000",99,99,99,99,88,88,0,0,0,1,0
6,61779,1,1,0,0,0,1,1,47,0,4,6,2016,7,3,37,0,1,4,2,4,"CR-SANTA FE AVE","CR-CHILDS AVE",0,37.28783333,-120.31984722,0,31,0,0,3,2,0,4,2,1,0,1,0,"0000000",99,99,99,99,88,88,0,0,0,1,1
6,61780,2,2,0,3,3,1,1,37,602,17,6,2016,6,0,58,1,2,1,1,1,"I-405","",103,33.82961389,-118.25366944,0,25,0,0,1,1,0,3,2,10,0,10,0,"0000000",99,99,99,99,99,99,23,0,0,3,0
6,61781,1,1,0,0,0,1,1,37,1980,17,8,2016,4,4,8,1,2,1,1,1,"I-5 RAMP","",391,34.26443056,-118.441,0,20,0,1,5,1,0,4,3,1,0,1,0,"0000000",99,99,99,99,88,88,0,0,0,1,1
6,61782,1,1,0,0,0,1,1,65,0,26,9,2016,2,5,5,1,1,1,1,1,"I-10","",303,33.91139444,-116.59161389,0,38,0,0,1,1,0,4,2,1,0,1,0,"0000000",99,99,99,99,99,99,0,0,0,1,0
6,61783,1,1,0,1,1,1,1,19,1370,7,9,2016,4,8,9,1,2,2,1,3,"SR-41","",285,36.80870556,-119.78505278,0,8,0,0,1,1,0,1,1,1,0,1,0,"0000000",99,99,99,99,88,88,0,0,0,1,0
6,61784,2,2,0,0,0,2,2,39,0,2,9,2016,6,17,25,1,1,2,1,3,"SR-99","",166,37.02153889,-120.13221389,0,12,7,1,18,1,0,1,1,1,0,1,0,"0000000",99,99,99,99,99,99,0,0,0,1,0
6,61785,2,2,0,0,0,2,2,19,0,27,7,2016,4,16,44,1,1,2,1,3,"SR-198","",372,36.25544722,-120.05851944,0,12,2,0,1,1,0,1,1,1,0,1,0,"0000000",99,99,99,99,99,99,0,0,0,1,0
6,61786,1,1,0,0,0,1,1,67,0,19,9,2016,2,17,52,0,1,2,1,3,"SR-16","",142,38.49179167,-121.091575,0,1,0,0,1,1,0,4,1,1,0,1,0,"0000000",99,99,99,99,99,99,0,0,0,1,1
6,61787,1,1,0,1,1,2,2,97,0,10,7,2016,1,17,55,0,1,5,2,4,"CR-VERANO AVE","CR-RAILROAD AVE",0,38.301775,-122.48683611,0,8,0,0,3,3,0,1,1,1,0,1,0,"0000000",99,99,99,99,99,99,0,0,0,1,0
6,61788,2,2,0,0,0,3,3,19,0,27,9,2016,3,18,10,0,1,7,2,4,"CR-SOUTH AVE","CR-EAST AVE",0,36.61985,-119.77275,0,1,0,0,2,2,0,1,1,1,0,1,0,"0000000",99,99,99,99,88,88,0,0,0,1,0
6,61789,1,1,0,0,0,1,1,83,0,27,8,2016,7,1,15,1,1,2,1,3,"SR-1","",130,34.58058889,-120.38110833,0,42,0,0,1,1,0,4,2,1,0,1,0,"0000000",99,99,99,99,88,88,0,0,0,1,0
6,61790,1,1,0,1,1,1,1,77,3770,28,9,2016,4,16,35,1,2,1,1,1,"I-5 RAMP","",166,37.94977778,-121.29483889,0,8,0,0,1,1,0,1,1,1,0,1,0,"0000000",99,99,99,99,99,99,0,0,0,1,0
6,61791,1,1,0,0,0,1,1,37,0,4,9,2016,1,99,99,0,1,5,2,5,"CR-106TH STREET EAST","",0,34.52473611,-117.94044722,0,33,0,0,1,1,0,4,1,1,0,1,0,"0000000",99,99,99,99,88,88,0,0,0,1,0
6,61792,2,2,0,0,0,2,2,19,604,14,9,2016,4,19,50,0,1,7,2,4,"CR-MOUNTAIN VIEW AVE","CR-CORNELIA AVE",0,36.54700278,-119.88115556,0,12,6,0,2,2,0,1,2,1,0,1,0,"0000000",99,99,99,99,99,99,0,0,0,1,0
6,61793,1,1,0,1,1,1,1,37,4120,18,5,2016,4,3,20,1,2,1,1,1,"I-10","",349,34.07241667,-117.93618333,0,8,0,0,1,1,0,1,2,1,0,1,0,"0000000",99,99,99,99,88,88,0,0,0,1,0
6,61794,2,2,0,0,0,2,2,67,0,22,9,2016,5,12,28,0,1,2,1,3,"SR-16","",146,38.49506111,-121.18605278,0,12,2,0,1,1,0,1,1,1,0,1,0,"0000000",99,99,99,99,99,99,0,0,0,1,0
6,61795,1,1,0,0,0,1,1,1,2840,19,9,2016,2,19,50,1,1,1,1,1,"I-680","",140,37.62143611,-121.88003889,0,24,0,0,1,1,0,4,3,1,0,1,0,"0000000",99,99,99,99,99,99,0,0,0,1,1
6,61796,3,3,0,0,0,5,5,47,0,20,9,2016,3,1,8,1,1,1,1,1,"I-5","",239,37.13196111,-121.0335,0,12,6,0,1,1,0,1,2,1,0,1,0,"0000000",99,99,99,99,99,99,0,0,0,1,0