"STATE","ST_CASE","VE_TOTAL","VE_FORMS","PVH_INVL","PEDS","PERNOTMVIT","PERMVIT","PERSONS","COUNTY","CITY","DAY","MONTH","YEAR","DAY_WEEK","HOUR","MINUTE","NHS","RUR_URB","FUNC_SYS","RD_OWNER","ROUTE","TWAY_ID","TWAY_ID2","MILEPT","LATITUDE","LONGITUD","SP_JUR","HARM_EV","MAN_COLL","RELJCT1","RELJCT2","TYP_INT","WRK_ZONE","REL_ROAD","LGT_COND","WEATHER1","WEATHER2","WEATHER","SCH_BUS","RAIL","NOT_HOUR","NOT_MIN","ARR_HOUR","ARR_MIN","HOSP_HR","HOSP_MN","CF1","CF2","CF3","FATALS","DRUNK_DR"
6,61797,1,1,0,0,0,1,1,73,0,4,9,2016,1,12,45,0,1,5,2,4,"CR-MONTEZUMA VALLEY RD","",0,33.22543611,-116.42136389,0,35,0,0,1,1,0,4,1,1,0,1,0,"0000000",99,99,99,99,99,99,0,0,0,1,0
6,61798,1,1,0,1,1,1,1,73,3260,2,10,2016,1,1,35,1,1,1,1,1,"I-5 RAMP","",184,32.74158333,-117.18170556,0,8,0,1,20,1,0,1,3,1,0,1,0,"0000000",99,99,99,99,88,88,0,0,0,1,0
6,61799,1,1,0,0,0,1,1,1,2480,25,8,2016,5,5,40,1,2,1,1,1,"I-880","",260,37.74661389,-122.20180278,0,24,0,0,1,1,0,4,2,1,0,1,0,"0000000",99,99,99,99,88,88,0,0,0,1,0
6,61800,1,1,0,0,0,3,3,43,0,22,8,2016,2,15,15,1,1,2,1,3,"SR-120","",420,37.83730833,-120.23388056,0,35,0,0,1,1,0,4,1,1,0,1,0,"0000000",99,99,99,99,99,99,0,0,0,1,0
6,61801,2,2,0,0,0,2,2,19,0,4,10,2016,3,9,57,0,1,2,1,3,"SR-180","SHASTA AVE",401,36.73480278,-120.10538333,0,12,6,0,2,2,0,1,1,1,0,1,0,"0000000",99,99,99,99,99,99,0,0,0,1,0
6,61802,2,2,0,0,0,3,3,19,0,28,8,2016,1,6,10,0,1,4,2,4,"CR-PEACH AVE","NEBRASKA AVE",0,36.56180556,-119.71856944,0,12,6,0,2,2,0,1,4,1,0,1,0,"0000000",99,99,99,99,99,99,0,0,0,2,0
6,61803,2,2,0,0,0,3,3,77,0,6,10,2016,5,9,5,0,1,5,2,4,"CR-KASSON RD","LINNE RD",0,37.69656389,-121.29789444,0,12,6,0,2,3,0,1,1,1,0,1,0,"0000000",99,99,99,99,88,88,0,0,0,2,0
6,61804,1,1,0,0,0,3,3,29,0,8,10,2016,7,1,10,0,1,3,2,4,"CR-SOUTH UNION AVE","",0,35.20015833,-119.00310278,0,33,0,0,1,1,0,4,2,1,0,1,0,"0000000",99,99,99,99,99,99,0,0,0,1,0
6,61805,1,1,0,1,1,1,1,19,0,30,9,2016,6,18,30,0,1,4,2,4,"CR-CENTRAL AVENUE","",0,36.67816944,-119.69214722,0,8,0,0,1,1,0,1,1,1,0,1,0,"0000000",99,99,99,99,88,88,0,0,0,1,0
6,61806,1,1,0,0,0,1,1,65,0,16,10,2016,1,12,9,0,1,2,1,3,"SR-74","",915,33.66377222,-116.39905833,0,59,0,0,1,1,0,4,1,10,0,10,0,"0000000",99,99,99,99,88,88,0,0,0,1,0
6,61807,2,2,0,0,0,2,2,9,0,21,10,2016,6,16,20,0,1,2,1,3,"SR-4","MEKO DR",496,38.32221667,-120.25249722,0,12,6,0,2,3,0,1,1,1,0,1,0,"0000000",99,99,99,99,99,99,0,0,0,1,0
6,61808,2,2,0,0,0,3,3,29,0,14,10,2016,6,19,42,1,2,2,1,3,"SR-58","",549,35.35223333,-118.99836389,0,59,0,0,1,1,0,3,2,1,0,1,0,"0000000",99,99,99,99,99,99,0,0,0,1,1
6,61809,3,2,1,0,0,3,3,65,3070,16,10,2016,1,2,47,1,2,1,1,1,"I-215","",447,34.01121389,-117.34535,0,12,6,0,1,1,0,1,3,1,0,1,0,"0000000",99,99,99,99,99,99,23,0,0,1,1
6,61810,2,2,0,0,0,2,2,71,0,10,10,2016,2,5,28,0,1,5,2,4,"CR-SHEEP CREEK RD","CACTUS RD",0,34.53531111,-117.572875,0,12,6,0,2,3,0,1,2,1,0,1,0,"0000000",99,99,99,99,88,88,0,0,0,1,0
6,61811,2,2,0,0,0,2,2,67,0,20,10,2016,5,6,22,0,1,3,1,3,"SR-16 (JACKSON ROAD)","",64,38.5283,-121.33242222,0,12,1,0,1,1,0,1,2,1,0,1,0,"0000000",99,99,99,99,99,99,0,0,0,1,0
6,61812,1,1,0,0,0,1,1,19,0,16,10,2016,1,11,15,0,1,2,1,3,"SR-180","",248,36.74770278,-120.37119722,0,35,0,0,1,1,0,4,1,1,0,1,0,"0000000",99,99,99,99,88,88,0,0,0,1,0
6,61813,1,1,0,0,0,2,2,7,0,21,10,2016,6,2,0,0,1,6,2,4,"CR-NORD HWY","",0,39.73213056,-121.86162778,0,59,0,0,1,1,0,4,2,1,0,1,0,"0000000",99,99,99,99,88,88,0,0,0,2,0
6,61814,1,1,0,1,1,1,1,29,0,21,10,2016,6,3,42,1,1,1,1,1,"I-5","",134,34.98479444,-118.94498611,0,8,0,1,18,1,0,1,3,1,0,1,0,"0000000",99,99,99,99,88,88,0,0,0,1,0
6,61815,1,1,0,0,0,1,1,79,0,23,10,2016,1,18,20,0,1,2,1,3,"SR-166","SUEY CRK",135,35.00334167,-120.36033611,0,1,0,0,3,3,0,4,5,10,0,10,0,"0000000",99,99,99,99,88,88,0,0,0,1,0
6,61816,2,2,0,0,0,2,2,29,0,19,10,2016,4,23,30,0,1,2,1,3,"SR-58","",966,35.11533056,-118.3757,0,12,2,0,1,1,0,1,2,1,0,1,0,"0000000",99,99,99,99,88,88,0,0,0,1,1
6,61818,3,3,0,0,0,5,5,95,4020,29,9,2016,5,6,27,1,2,1,1,1,"I-80","",40,38.11646667,-122.23017222,0,12,1,0,1,1,0,1,2,1,0,1,0,"0000000",99,99,99,99,88,88,14,0,0,1,0
6,61819,1,1,0,0,0,2,2,73,3260,12,6,2016,1,13,0,1,2,1,1,1,"I-15","",82,32.80731111,-117.11401111,0,32,0,0,1,1,0,4,1,1,0,1,0,"0000000",99,99,99,99,99,99,17,0,0,1,0
6,61820,1,1,0,0,0,1,1,27,0,26,10,2016,4,15,30,0,1,2,1,3,"SR-190","",1326,36.32263333,-116.557725,0,1,0,0,1,1,0,1,1,1,0,1,0,"0000000",99,99,99,99,99,99,0,0,0,1,0
6,61821,1,1,0,0,0,1,1,39,9999,28,10,2016,6,16,39,0,8,98,98,9,"SANTA FE RAILROAD TRACKS","",99999,36.97436111,-120.01902778,9,10,0,0,6,1,0,1,1,10,0,10,0,"9999999",99,99,99,99,88,88,0,0,0,1,0
6,61822,1,1,0,1,1,1,1,39,9999,27,10,2016,5,21,22,0,8,98,98,9,"AVENUE 12","ROAD 26 1/2",99999,36.92383889,-120.06582222,9,8,0,0,3,2,0,1,2,2,0,2,0,"0000000",99,99,99,99,88,88,0,0,0,1,0
6,61823,2,2,0,0,0,5,5,9,0,27,10,2016,5,14,49,0,1,5,2,4,"CR-MURPHYS GRADE RD","",0,38.11850278,-120.49816667,0,12,6,0,1,1,0,1,1,2,0,2,0,"0000000",99,99,99,99,99,99,0,0,0,2,0
6,61824,2,2,0,0,0,2,2,1,1364,28,8,2016,1,6,0,1,2,1,1,1,"I-680","",60,37.53578056,-121.93231944,0,12,6,0,1,1,1,1,2,1,0,1,0,"0000000",99,99,99,99,88,88,19,0,0,1,0
6,61825,2,2,0,0,0,3,3,37,0,14,7,2016,5,11,30,1,1,1,1,1,"I-5","",629,34.52911667,-118.64351111,0,12,7,0,1,1,0,1,1,1,0,1,0,"0000000",99,99,99,99,88,88,0,0,0,1,0
6,61826,2,2,0,0,0,4,4,29,0,8,10,2016,7,16,40,1,1,2,1,3,"SR-178","",812,35.65323056,-118.00911111,0,12,2,0,1,1,0,1,1,1,0,1,0,"0000000",99,99,99,99,88,88,0,0,0,2,1
6,61827,1,1,0,0,0,3,3,71,0,26,8,2016,6,11,25,1,1,1,1,1,"I-15","",1316,35.19648611,-116.1326,0,1,0,0,1,1,0,4,1,10,0,10,0,"0000000",99,99,99,99,99,99,0,0,0,1,0
6,61828,2,2,0,0,0,7,7,31,0,16,6,2016,5,14,15,0,1,3,2,4,"CR-BARSTOW AVE","6TH AVE",0,36.47416944,-119.56415833,0,12,6,0,2,2,0,1,1,1,0,1,0,"0000000",99,99,99,99,99,99,20,0,0,1,0
6,61829,2,2,0,0,0,2,2,99,0,27,9,2016,3,3,33,1,1,2,1,3,"SR-132","PARADISE RD",64,37.63786667,-121.15885833,0,12,6,0,2,2,0,1,2,1,0,1,0,"0000000",99,99,99,99,88,88,0,0,0,1,0
6,61830,2,2,0,0,0,3,3,85,0,15,8,2016,2,17,0,0,1,4,2,4,"CR-SANTA TERESA BL","",0,37.06295833,-121.61131389,0,12,6,0,1,1,0,1,1,1,0,1,0,"0000000",99,99,99,99,88,88,0,0,0,1,0
6,61831,3,3,0,0,0,6,6,71,0,5,9,2016,2,13,29,0,1,2,1,3,"SR-138","",145,34.31318056,-117.48621111,0,25,0,0,1,1,1,4,1,1,0,1,0,"0000000",99,99,99,99,99,99,0,0,0,2,0
6,61832,1,1,0,0,0,2,2,59,1660,22,7,2016,6,13,40,1,2,1,1,1,"I-405","",163,33.73045278,-117.98638333,0,30,0,0,1,1,0,4,1,1,0,1,0,"0000000",99,99,99,99,99,99,0,0,0,1,0
6,61833,2,2,0,0,0,2,2,85,0,2,8,2016,3,10,50,1,1,2,1,3,"SR-152","FRAZIER LAKE ROAD",119,36.9992,-121.52504444,0,12,6,0,2,3,0,1,1,1,0,1,0,"0000000",99,99,99,99,99,99,0,0,0,1,0
6,61834,1,1,0,1,1,1,1,53,0,11,8,2016,5,22,37,0,1,5,2,4,"CR-SALINAS RD","",0,36.88593333,-121.74707778,0,9,0,0,1,1,0,1,2,1,0,1,0,"0000000",99,99,99,99,88,88,0,0,0,1,1
6,61835,1,1,0,0,0,2,2,21,0,17,7,2016,1,23,42,0,1,6,2,4,"CR-57","CR-D",0,39.49490556,-122.24908333,0,59,0,0,3,3,0,4,2,1,0,1,0,"0000000",99,99,99,99,99,99,0,0,0,1,1
6,61837,2,2,0,0,0,2,2,7,0,3,11,2016,5,11,18,0,1,3,1,3,"SR-32","CR-MERIDIAN RD",42,39.75335278,-121.91912222,0,12,6,0,2,2,0,1,1,1,0,1,0,"0000000",99,99,99,99,88,88,0,0,0,1,0
6,61838,1,1,0,0,0,1,1,103,0,5,11,2016,7,99,99,0,1,7,2,4,"CR-PONDEROSA WY","",0,40.26468333,-121.78713611,0,42,0,0,1,1,0,4,2,1,0,1,0,"0000000",99,99,99,99,88,88,0,0,0,1,0
6,61839,2,2,0,0,0,2,2,37,0,19,9,2016,2,7,47,0,1,4,2,4,"CR-WILMINGTON AVE","126TH ST",0,33.918425,-118.23917222,0,1,0,0,2,3,0,1,1,1,0,1,0,"0000000",99,99,99,99,88,88,0,0,0,1,0
6,61840,1,1,0,0,0,1,1,37,0,16,10,2016,1,12,12,0,1,2,1,3,"SR-2","",567,34.34401111,-117.91121944,0,42,0,0,1,1,0,4,1,1,0,1,0,"0000000",99,99,99,99,88,88,0,0,0,1,0
6,61841,1,1,0,0,0,1,1,59,0,23,9,2016,6,19,25,0,1,2,1,3,"SR-74","",158,33.59330556,-117.46594722,0,43,0,0,1,1,0,4,5,1,0,1,0,"0000000",99,99,99,99,88,88,0,0,0,1,0
6,61842,3,3,0,0,0,3,3,59,0,6,10,2016,5,15,10,0,1,2,1,3,"SR-74","",157,33.59278333,-117.46885556,0,12,8,0,1,1,0,1,1,1,0,1,0,"0000000",99,99,99,99,88,88,14,0,0,1,0
6,61843,1,1,0,0,0,2,2,93,0,19,8,2016,6,9,5,1,1,3,1,2,"US-97","",233,41.64336389,-122.1376,0,18,0,0,1,1,0,1,1,1,0,1,0,"0000000",99,99,99,99,99,99,0,0,0,1,0
6,61844,1,1,0,0,0,1,1,59,0,21,8,2016,1,7,18,0,1,5,2,4,"CR-TRABUCO CANYON RD","",0,33.65316111,-117.60009167,0,39,0,0,1,1,0,4,1,1,0,1,0,"0000000",99,99,99,99,88,88,0,0,0,1,0
6,61845,2,2,0,0,0,2,2,89,0,19,9,2016,2,7,0,0,1,2,1,3,"SR-44","",67,40.55904444,-122.24387222,0,12,2,0,1,1,0,1,1,1,0,1,0,"0000000",99,99,99,99,99,99,0,0,0,1,0
6,61846,1,1,0,0,0,3,3,85,9999,3,8,2016,4,1,0,9,8,98,98,3,"SR-9 E/B","",99999,37.26157778,-122.10270833,9,42,0,0,1,1,0,4,2,1,0,1,0,"0000000",99,99,99,99,99,99,0,0,0,1,0
6,61847,2,2,0,0,0,2,2,37,1440,29,8,2016,2,5,10,1,2,1,1,1,"I-210","",434,34.11769722,-117.84633056,0,1,0,0,1,1,0,1,4,1,0,1,0,"0000000",99,99,99,99,99,99,14,0,0,1,0
6,61848,2,2,0,0,0,2,2,65,0,21,10,2016,6,22,50,0,1,5,2,4,"CR-BUTTERFIELD STAGE RD","PAUBA RD",0,33.50880556,-117.08996111,0,12,6,0,2,2,0,1,3,1,0,1,0,"0000000",99,99,99,99,88,88,0,0,0,1,1
6,61849,2,2,0,0,0,2,2,97,0,1,10,2016,7,16,15,0,1,3,1,3,"SR-121","",91,38.24645278,-122.42209167,0,1,0,0,1,1,0,1,1,1,0,1,0,"0000000",99,99,99,99,99,99,14,0,0,1,0
6,61850,1,1,0,0,0,1,1,13,0,2,10,2016,1,12,49,1,1,2,1,3,"SR-4","",28,38.0079,-122.2205,0,24,0,0,1,1,0,3,1,2,0,2,0,"0000000",99,99,99,99,88,88,0,0,0,1,0
6,61851,1,1,0,0,0,1,1,107,0,28,9,2016,4,22,30,0,1,7,2,4,"CR-AVE 360","",0,36.44366111,-119.37154444,0,34,0,0,1,1,0,4,2,1,0,1,0,"0000000",99,99,99,99,88,88,0,0,0,1,1
6,61852,1,1,0,1,1,2,2,65,0,5,10,2016,4,20,0,0,2,5,2,4,"CR-NORTH INDIAN CYN DR","CR-MOBILE DR",0,33.951725,-116.54513056,0,8,0,0,3,3,0,1,2,1,0,1,0,"0000000",99,99,99,99,88,88,0,0,0,1,0
6,61853,2,2,0,0,0,2,2,75,3290,20,5,2016,6,2,16,1,2,1,1,1,"I-80 E/B","",74,37.80644722,-122.36911667,0,12,1,0,1,1,0,1,3,1,0,1,0,"0000000",99,99,99,99,88,88,0,0,0,1,0
6,61854,1,1,0,0,0,1,1,47,0,24,6,2016,6,16,50,0,1,3,2,4,"CR-WINTON WY","",0,37.38566111,-120.61385,0,46,0,0,1,1,0,4,1,1,0,1,0,"028706E",99,99,99,99,88,88,0,0,0,1,0
6,61855,1,1,0,0,0,1,1,47,0,6,8,2016,7,16,48,0,1,5,2,4,"CR-TURLOCK RD","",0,37.47478056,-120.60583889,0,1,0,0,1,1,0,4,1,1,0,1,0,"0000000",99,99,99,99,88,88,0,0,0,1,1
6,61856,1,1,0,0,0,1,1,47,0,31,8,2016,4,2,16,0,1,6,2,4,"CR-E SOUTH BEAR CRK","",0,37.30936111,-120.45354444,0,42,0,0,1,1,0,4,2,1,0,1,0,"0000000",88,88,88,88,88,88,0,0,0,1,1
6,61857,2,2,0,0,0,2,2,73,0,24,7,2016,1,11,50,0,1,3,2,4,"CR-DEER SPRINGS RD","",0,33.1882,-117.15123056,0,12,2,0,1,1,0,1,1,1,0,1,0,"0000000",99,99,99,99,88,88,0,0,0,1,1
6,61858,1,1,0,0,0,1,1,73,0,27,8,2016,7,16,0,0,1,5,2,4,"CR-S GRADE RD","",0,33.29591944,-116.891125,0,1,0,0,1,1,0,4,1,1,0,1,0,"0000000",88,88,88,88,88,88,0,0,0,1,0
6,61859,1,1,0,0,0,1,1,111,3860,8,7,2016,6,11,31,1,2,2,4,2,"US-101","",92,34.2004,-118.95855833,0,24,0,0,1,1,0,4,1,1,0,1,0,"0000000",99,99,99,99,88,88,0,0,0,1,0
6,61860,3,3,0,0,0,7,7,25,0,4,11,2016,6,23,35,0,1,2,1,3,"SR-78","",359,32.97996667,-115.15595833,0,12,8,0,1,1,0,1,2,1,0,1,0,"0000000",99,99,99,99,88,88,0,0,0,1,0
6,61861,1,1,0,1,1,1,1,65,0,15,10,2016,7,8,30,0,1,4,2,4,"CR-HARRISON ST","",0,33.48274167,-116.11254167,0,8,0,0,1,1,0,1,1,1,0,1,0,"0000000",99,99,99,99,88,88,0,0,0,1,0
6,61862,1,1,0,1,1,1,1,59,80,29,8,2016,2,21,45,0,2,2,1,3,"SR-91","",157,33.87131944,-117.7022,0,8,0,0,1,1,0,1,3,1,0,1,0,"0000000",99,99,99,99,88,88,0,0,0,1,0
6,61863,1,1,0,0,0,4,4,95,0,18,9,2016,1,2,24,1,1,1,1,1,"I-80","",420,38.51097778,-121.77945833,0,1,0,0,1,1,0,1,3,1,0,1,0,"0000000",99,99,99,99,99,99,0,0,0,2,0
6,61864,2,2,0,0,0,6,6,29,0,23,10,2016,1,6,0,0,1,5,2,4,"CR-GARCES HWY","WILDWOOD RD",0,35.76089167,-119.43686944,0,12,6,0,2,3,0,1,4,1,0,1,0,"0000000",99,99,99,99,99,99,0,0,0,1,1
6,61865,1,1,0,0,0,1,1,65,0,23,10,2016,1,99,99,0,1,4,2,4,"CR-DILLON ROAD","",0,33.81093333,-116.199,0,35,0,0,1,1,0,4,2,1,0,1,0,"0000000",99,99,99,99,88,88,0,0,0,1,0
6,61866,2,2,0,0,0,5,5,65,0,29,10,2016,7,10,31,0,1,2,1,3,"SR-74","",683,33.61085556,-116.62412222,0,12,2,0,8,1,0,2,1,1,0,1,0,"0000000",99,99,99,99,99,99,0,0,0,1,0
6,61867,1,1,0,1,1,1,1,67,0,20,9,2016,3,4,40,0,1,3,2,4,"CR-ELKHORN BLVD","CR-WALERGA RD",0,38.69448611,-121.36403333,0,8,0,0,3,2,0,1,3,1,0,1,0,"0000000",99,99,99,99,88,88,0,0,0,1,0
6,61868,1,1,0,0,0,2,2,97,0,6,9,2016,3,22,29,0,1,6,2,4,"CR-MOSCOW RD","",0,38.47381667,-123.02253611,0,1,0,0,1,1,0,4,2,1,0,1,0,"0000000",99,99,99,99,88,88,0,0,0,2,1
6,61869,2,2,0,0,0,7,7,29,0,24,9,2016,7,12,33,1,1,1,1,1,"I-5","",530,35.35831667,-119.34065,0,1,0,0,1,1,0,1,1,1,0,1,0,"0000000",99,99,99,99,99,99,0,0,0,1,0
6,61870,3,1,2,3,4,1,2,37,3870,11,9,2016,1,5,10,1,2,1,1,1,"I-405","",160,33.86710556,-118.33539167,0,14,0,0,1,1,0,2,2,1,0,1,0,"0000000",99,99,99,99,99,99,23,0,0,2,0
6,61871,1,1,0,1,1,1,1,37,0,20,8,2016,7,20,25,0,1,4,2,4,"CR-CITY TERRACE DR","HAZARD AVE",0,34.05563056,-118.17901111,0,8,0,0,2,2,0,1,2,1,0,1,0,"0000000",99,99,99,99,99,99,0,0,0,1,0
6,61873,1,1,0,0,0,2,2,65,0,23,10,2016,1,6,40,1,1,1,1,1,"I-10","",804,33.66122222,-115.82081111,0,1,0,0,1,1,0,2,1,1,0,1,0,"0000000",99,99,99,99,99,99,0,0,0,1,0
6,61874,1,1,0,1,1,1,1,65,0,7,10,2016,6,17,46,0,1,3,2,4,"CR-VAN BUREN BL","",0,33.8848,-117.29398889,0,8,0,0,1,1,0,1,1,1,0,1,0,"0000000",99,99,99,99,88,88,0,0,0,1,0
6,61875,1,1,0,1,1,5,5,29,0,9,10,2016,1,19,23,0,1,5,2,4,"CR-FLOWER STREET","",0,35.38442222,-118.98223611,0,8,0,0,1,1,0,1,2,1,0,1,0,"0000000",99,99,99,99,99,99,0,0,0,1,0
6,61876,1,1,0,1,1,1,1,65,0,11,8,2016,5,21,33,0,1,4,2,4,"CR-HARRISON ST","66TH AVE",0,33.56946667,-116.18091944,0,8,0,0,2,2,0,1,3,1,0,1,0,"0000000",99,99,99,99,99,99,0,0,0,1,0
6,61877,2,2,0,1,1,2,2,73,2340,11,10,2016,3,23,34,1,2,1,1,1,"I-5","",98,32.65724722,-117.10694167,0,8,0,0,1,1,0,1,3,10,0,10,0,"0000000",99,99,99,99,88,88,0,0,0,1,0
6,61878,2,2,0,1,1,2,2,65,2327,2,11,2016,4,20,50,1,2,1,1,1,"I-15","",105,33.56411111,-117.20551944,0,8,0,0,1,1,0,1,3,1,0,1,0,"0000000",99,99,99,99,88,88,0,0,0,1,0
6,61879,2,2,0,0,0,2,2,29,0,27,10,2016,5,0,6,1,1,2,1,3,"SR-14","",563,35.58193056,-117.91226667,0,12,2,0,1,1,0,1,3,1,0,1,0,"0000000",99,99,99,99,88,88,0,0,0,1,0
6,61880,2,1,1,0,0,1,1,71,790,14,9,2016,4,7,48,1,2,1,1,1,"I-10","",209,34.06883056,-117.35414722,0,43,0,0,1,1,1,8,1,1,0,1,0,"0000000",99,99,99,99,99,99,0,0,0,1,0
6,61881,3,3,0,0,0,4,4,111,0,16,9,2016,6,3,55,1,1,2,1,3,"SR-126","",188,34.39191944,-118.95653611,0,12,6,0,1,1,0,1,2,1,0,1,0,"0000000",99,99,99,99,99,99,0,0,0,1,0
6,61882,1,1,0,1,1,1,1,35,0,11,10,2016,3,19,2,0,1,5,2,4,"CR-JOHNSTONVILLEVILLE RD","",0,40.39921944,-120.61498056,0,8,0,0,1,1,0,1,3,1,0,1,0,"0000000",99,99,99,99,88,88,0,0,0,1,1
6,61883,2,2,0,0,0,2,2,13,3412,28,4,2016,5,23,22,1,2,1,1,1,"I-680","",23,37.75236389,-121.96069444,0,12,1,0,1,1,0,1,2,1,0,1,0,"0000000",99,99,99,99,88,88,0,0,0,1,0
6,61884,1,1,0,0,0,1,1,19,3590,20,9,2016,3,6,21,1,2,2,1,3,"SR-99","",64,36.57594167,-119.62868333,1,24,0,1,5,1,0,4,4,1,0,1,0,"0000000",99,99,99,99,88,88,0,0,0,1,0
6,61885,2,2,0,0,0,3,3,65,0,23,10,2016,1,19,46,0,1,2,1,3,"SR-177","",70,33.78153056,-115.3185,0,43,0,0,1,1,0,4,2,10,0,10,0,"0000000",99,99,99,99,99,99,0,0,0,1,0
6,61886,1,1,0,0,0,1,1,73,0,12,9,2016,2,15,50,1,1,1,1,1,"I-5","",566,33.13060556,-117.32714444,0,24,0,0,1,1,0,4,1,1,0,1,0,"0000000",99,99,99,99,99,99,0,0,0,1,0
6,61887,1,1,0,0,0,1,1,65,9999,6,11,2016,1,0,53,1,8,98,98,1,"I-10","",99999,33.92174444,-116.74541944,9,38,0,0,1,1,0,5,2,1,0,1,0,"0000000",99,99,99,99,88,88,0,0,0,1,0
6,61888,2,2,0,0,0,2,2,71,0,28,8,2016,1,14,34,1,1,2,1,3,"SR-138","",210,34.32285278,-117.399125,0,12,6,0,8,1,0,1,1,1,0,1,0,"0000000",99,99,99,99,88,88,14,0,0,1,0
6,61889,2,1,1,0,5,1,6,71,1305,24,9,2016,7,19,5,1,2,2,1,3,"SR-210","",134,34.13675,-117.46348056,0,24,0,0,1,1,0,4,5,1,0,1,0,"0000000",99,99,99,99,99,99,0,0,0,1,1
6,61890,1,1,0,0,0,1,1,19,0,4,11,2016,6,8,5,1,2,2,1,3,"SR-41","",193,36.68351111,-119.78568889,0,38,0,0,1,1,0,4,1,1,0,1,0,"0000000",99,99,99,99,99,99,0,0,0,1,0
6,61891,1,1,0,0,0,4,4,63,0,13,11,2016,1,7,25,0,1,2,1,3,"SR-70","",399,39.97528611,-120.937375,0,42,0,0,1,1,0,4,1,5,0,5,0,"0000000",99,99,99,99,99,99,0,0,0,2,1
6,61892,2,2,0,0,0,3,3,71,0,2,11,2016,4,23,13,1,1,1,1,2,"US-395","",241,34.68767222,-117.44883333,0,12,2,0,1,1,0,4,2,1,0,1,0,"0000000",99,99,99,99,99,99,0,0,0,2,0
6,61893,1,1,0,0,0,1,1,77,0,4,11,2016,6,22,55,1,1,1,1,1,"I-580 RAMP","",7,37.64428056,-121.41188889,0,33,0,1,5,1,0,4,2,1,0,1,0,"0000000",99,99,99,99,88,88,0,0,0,1,0
6,61894,1,1,0,0,0,1,1,37,0,1,11,2016,3,13,5,0,1,5,2,4,"CR-LAKE HUGHES RD","",0,34.59341944,-118.56271944,0,59,0,0,1,1,0,4,1,1,0,1,0,"0000000",99,99,99,99,99,99,0,0,0,1,0
6,61895,1,1,0,0,0,2,2,71,0,6,11,2016,1,1,45,1,1,1,1,1,"I-40","",99998,34.83385278,-116.73808056,0,38,0,0,1,1,0,3,2,1,0,1,0,"0000000",99,99,99,99,99,99,0,0,0,1,0
6,61896,2,2,0,0,0,2,2,65,0,9,11,2016,4,16,55,0,1,4,2,4,"CR-SOBOBA ROAD","",0,33.810325,-116.94734167,0,12,2,0,1,1,0,1,5,1,0,1,0,"0000000",99,99,99,99,99,99,0,0,0,1,0
6,61897,2,1,1,0,0,2,2,99,0,1,11,2016,3,21,0,1,2,2,1,3,"SR-99","",177,37.65631389,-121.02583056,0,14,0,0,1,1,0,2,2,1,0,1,0,"0000000",99,99,99,99,99,99,0,0,0,1,0
6,61898,1,1,0,0,0,1,1,85,3790,9,5,2016,2,16,40,0,2,2,1,3,"SR-85","",200,37.35288889,-122.0606,0,42,0,0,1,1,0,4,1,1,0,1,0,"0000000",99,99,99,99,88,88,0,0,0,1,1
6,61899,2,2,0,0,0,2,2,71,2922,22,9,2016,5,11,13,1,2,1,1,1,"I-15","",88,34.1417,-117.4898,0,12,7,1,17,1,0,1,1,1,0,1,0,"0000000",99,99,99,99,99,99,0,0,0,1,0
6,61900,1,1,0,0,0,1,1,71,0,12,11,2016,7,0,20,0,1,5,2,4,"CR-INDIAN TRAIL","",0,34.18563889,-116.15188056,0,35,0,0,1,1,0,4,2,1,0,1,0,"0000000",99,99,99,99,88,88,0,0,0,1,0
6,61901,2,2,0,0,0,4,4,71,0,14,11,2016,2,16,12,1,1,1,1,1,"I-15","",185,34.27946111,-117.45206944,0,12,7,0,1,1,0,1,1,1,0,1,0,"0000000",99,99,99,99,99,99,0,0,0,1,0
6,61902,4,4,0,0,0,4,4,71,3210,19,11,2016,7,5,40,1,2,1,1,1,"I-215","",67,34.10065,-117.30203056,0,12,7,0,1,1,0,1,3,1,0,1,0,"0000000",99,99,99,99,99,99,0,0,0,1,1
6,61903,1,1,0,1,1,4,4,103,0,17,11,2016,5,16,12,0,1,7,2,4,"CR-STAGECOACH RD","",0,40.01134722,-122.40677222,0,8,0,0,1,1,0,1,5,1,0,1,0,"0000000",99,99,99,99,99,99,0,0,0,1,0
6,61904,2,2,0,0,0,3,3,115,0,15,11,2016,3,22,53,0,1,4,2,4,"CR-MARYSVILLE ROAD","",0,39.36163056,-121.30838056,0,12,2,0,1,1,0,1,2,1,0,1,0,"0000000",99,99,99,99,99,99,0,0,0,1,1
6,61905,1,1,0,0,0,2,2,37,1970,26,11,2016,7,1,3,1,2,1,1,1,"I-605","",14,33.82614167,-118.081975,0,25,0,0,1,1,0,3,3,1,0,1,0,"0000000",99,99,99,99,88,88,0,0,0,1,1
6,61906,2,1,1,0,1,1,2,103,0,18,11,2016,6,7,5,0,1,4,2,4,"CR-GYLE RD","",0,40.00391667,-122.17951667,0,14,0,0,1,1,0,2,1,10,0,10,0,"0000000",99,99,99,99,99,99,0,0,0,1,0
6,61907,2,1,1,0,0,1,1,71,0,20,11,2016,1,8,37,0,1,6,2,4,"CR-FOOTHILL RD","",0,34.4295,-116.9538,0,38,0,0,1,1,0,5,1,1,0,1,0,"0000000",99,99,99,99,88,88,14,0,0,1,0