"STATE","ST_CASE","VE_TOTAL","VE_FORMS","PVH_INVL","PEDS","PERNOTMVIT","PERMVIT","PERSONS","COUNTY","CITY","DAY","MONTH","YEAR","DAY_WEEK","HOUR","MINUTE","NHS","RUR_URB","FUNC_SYS","RD_OWNER","ROUTE","TWAY_ID","TWAY_ID2","MILEPT","LATITUDE","LONGITUD","SP_JUR","HARM_EV","MAN_COLL","RELJCT1","RELJCT2","TYP_INT","WRK_ZONE","REL_ROAD","LGT_COND","WEATHER1","WEATHER2","WEATHER","SCH_BUS","RAIL","NOT_HOUR","NOT_MIN","ARR_HOUR","ARR_MIN","HOSP_HR","HOSP_MN","CF1","CF2","CF3","FATALS","DRUNK_DR"
6,62017,2,2,0,0,0,2,2,37,1430,29,7,2016,6,2,55,1,2,1,1,1,"I-5","",278,34.17083056,-118.30513333,0,12,1,0,1,1,0,1,3,1,0,1,0,"0000000",99,99,99,99,99,99,0,0,0,1,0
6,62018,4,4,0,0,0,7,7,7,0,1,11,2016,3,16,32,1,1,1,1,3,"SR-99","",410,39.82323611,-121.925625,0,12,8,0,1,1,0,1,1,10,0,10,0,"0000000",99,99,99,99,88,88,0,0,0,2,0
6,62019,1,1,0,1,1,1,1,67,0,2,10,2016,1,23,26,0,1,5,2,4,"CR-STOCKTON BLVD","",0,38.4833,-121.42309444,0,8,0,0,1,1,0,1,2,1,0,1,0,"0000000",99,99,99,99,99,99,0,0,0,1,0
6,62020,2,2,0,1,1,2,2,77,0,17,10,2016,2,6,38,0,2,3,1,3,"SR-88 (WATERLOO ROAD)","",3,37.98720833,-121.24611944,0,8,0,0,1,1,0,11,2,1,0,1,0,"0000000",99,99,99,99,88,88,0,0,0,1,0
6,62021,2,2,0,0,0,2,2,13,0,3,12,2016,7,23,30,0,1,3,1,3,"SR-MARSH CREEK RD","",415,37.89640278,-121.65003889,0,12,1,0,1,1,0,1,2,1,0,1,0,"0000000",99,99,99,99,88,88,0,0,0,1,0
6,62022,1,1,0,0,0,2,2,19,0,8,10,2016,7,17,58,0,1,6,2,4,"CR-AUBERRY ROAD","",0,37.06714722,-119.49413333,0,31,0,0,1,1,0,4,1,1,0,1,0,"0000000",99,99,99,99,88,88,0,0,0,2,0
6,62023,2,2,0,0,0,2,2,53,0,22,11,2016,3,9,15,0,1,5,2,4,"CR-METZ RD","",0,36.40598333,-121.26316667,0,12,2,0,1,1,0,1,1,1,0,1,0,"0000000",99,99,99,99,99,99,0,0,0,1,0
6,62024,1,1,0,1,1,1,1,71,1603,25,6,2016,7,2,17,0,2,7,4,6,"TIMBERLANE AVE","",0,34.42019444,-117.27332778,0,8,0,0,1,1,0,4,2,1,0,1,0,"0000000",99,99,99,99,99,99,0,0,0,1,1
6,62025,2,2,0,0,0,2,2,67,0,12,9,2016,2,21,20,0,1,3,2,4,"CR-POWER INN RD","",0,38.48848056,-121.40885833,0,12,6,0,1,1,0,1,3,1,0,1,0,"0000000",99,99,99,99,99,99,0,0,0,1,0
6,62026,2,2,0,0,0,4,4,77,0,21,10,2016,6,17,20,0,1,5,2,4,"CR-PEARL AVE","JAHANT RD",0,38.20513333,-121.16166111,0,12,6,0,2,2,0,1,1,1,0,1,0,"0000000",99,99,99,99,88,88,0,0,0,1,0
6,62027,1,1,0,0,0,1,1,107,0,8,9,2016,5,17,8,0,1,5,2,4,"CR-ROAD 124","",0,36.45051111,-119.29559167,0,30,0,0,1,1,0,4,1,1,0,1,0,"0000000",99,99,99,99,88,88,0,0,0,1,0
6,62028,2,2,0,0,0,5,5,67,0,7,9,2016,4,21,20,0,1,5,2,4,"CR-HOOD FRANKLIN RD","STONE LAKE RD",0,38.37493056,-121.48198611,0,12,6,0,3,3,0,1,3,1,0,1,0,"0000000",99,99,99,99,99,99,0,0,0,2,0
6,62029,1,1,0,0,0,1,1,61,0,9,9,2016,6,23,33,1,1,1,1,1,"I-80","",316,39.07741389,-120.96057778,0,42,0,0,5,1,0,4,2,1,0,1,0,"0000000",99,99,99,99,88,88,0,0,0,1,0
6,62030,2,2,0,0,0,2,2,111,0,10,9,2016,7,10,47,0,2,3,1,3,"SR-34","",99,34.19646667,-119.07968056,0,12,6,0,1,1,0,1,1,1,0,1,0,"0000000",99,99,99,99,88,88,0,0,0,1,0
6,62031,1,1,0,1,1,1,1,99,0,2,11,2016,4,22,5,1,2,2,1,3,"SR-99","",134,37.61104167,-120.978525,0,8,0,0,1,1,0,1,2,1,0,1,0,"0000000",99,99,99,99,88,88,0,0,0,1,0
6,62032,1,1,0,0,0,1,1,99,0,3,11,2016,5,7,45,1,2,1,1,3,"SR-99","",18,37.475,-120.8515,0,33,0,0,1,1,0,4,1,1,0,1,0,"0000000",99,99,99,99,99,99,0,0,0,1,0
6,62033,1,1,0,0,0,1,1,45,0,30,10,2016,1,3,0,1,1,1,1,2,"US-101","",100,38.95635278,-123.10766667,0,42,0,0,1,1,0,5,2,2,10,2,0,"0000000",99,99,99,99,88,88,18,0,0,1,1
6,62034,2,2,0,0,0,8,8,107,0,11,11,2016,6,23,12,1,1,2,1,3,"SR-65","SR-198",396,36.32611667,-119.13491111,0,12,6,0,2,2,0,1,3,1,0,1,0,"0000000",99,99,99,99,99,99,0,0,0,1,0
6,62035,1,1,0,1,1,1,1,19,0,19,11,2016,7,17,5,0,1,3,2,4,"CR-HERNDON AVE","",0,36.83723611,-119.58178889,0,8,0,0,1,1,0,1,2,10,0,10,0,"0000000",99,99,99,99,88,88,0,0,0,1,0
6,62036,2,2,0,0,0,2,2,37,1970,8,11,2016,3,15,35,1,2,1,1,1,"I-405","",2,33.78964167,-118.097825,0,1,0,0,1,1,0,1,1,1,0,1,0,"0000000",99,99,99,99,88,88,14,0,0,1,0
6,62037,1,1,0,0,0,1,1,47,0,21,10,2016,6,20,49,0,1,5,2,4,"CR-CENTRAL AVENUE","",0,37.398475,-120.95911389,0,38,0,0,1,1,0,4,2,1,0,1,0,"0000000",99,99,99,99,88,88,0,0,0,1,1
6,62038,1,1,0,0,0,1,1,81,0,7,9,2016,4,12,26,9,1,3,1,3,"SR-84","",99998,37.37972778,-122.26480556,0,1,0,0,1,1,0,4,1,1,0,1,0,"0000000",99,99,99,99,88,88,0,0,0,1,0
6,62039,1,1,0,0,0,2,2,65,0,3,12,2016,7,5,2,1,1,1,1,1,"I-10","",732,33.6753,-115.94486389,0,24,0,0,1,1,0,3,2,6,0,6,0,"0000000",99,99,99,99,88,88,0,0,0,2,1
6,62040,1,1,0,0,0,5,5,73,0,11,6,2016,7,9,13,0,1,2,1,3,"SR-79","",267,33.19123056,-116.70456667,0,42,0,0,1,1,0,4,1,10,0,10,0,"0000000",99,99,99,99,99,99,0,0,0,1,0
6,62041,1,1,0,1,1,1,1,71,0,9,10,2016,1,21,15,0,1,4,2,4,"CR-PACIFIC STREET","GLASGOW AVE",0,34.12860833,-117.25455833,0,15,0,0,3,2,0,1,2,1,0,1,0,"0000000",99,99,99,99,88,88,0,0,0,1,1
6,62042,1,1,0,0,0,17,17,39,0,24,9,2016,7,17,30,1,1,2,1,3,"SR-41","",438,37.42394722,-119.637275,0,42,0,0,1,1,0,4,1,1,0,1,0,"0000000",99,99,99,99,99,99,0,0,0,1,0
6,62043,3,3,0,0,0,4,4,73,3260,20,9,2016,3,12,7,1,2,1,1,1,"I-8","",31,32.76585,-117.15220556,0,12,2,1,5,1,0,1,1,2,0,2,0,"0000000",99,99,99,99,99,99,0,0,0,1,0
6,62044,1,1,0,0,0,1,1,71,2550,17,9,2016,7,3,50,1,2,1,1,1,"I-15","",31,34.07855833,-117.54499722,0,1,0,1,19,1,0,8,3,1,0,1,0,"0000000",99,99,99,99,88,88,0,0,0,1,0
6,62045,1,1,0,0,0,1,1,67,0,15,9,2016,5,3,57,0,1,3,2,4,"CR-SOUTH WATT AVENUE","",0,38.50698889,-121.37198889,0,1,0,0,1,1,0,4,2,1,0,1,0,"0000000",99,99,99,99,99,99,0,0,0,1,1
6,62046,2,2,0,0,0,2,2,37,3445,21,9,2016,4,21,41,1,2,2,1,3,"SR-14","",324,34.41725833,-118.4409,0,1,0,0,1,1,0,1,2,1,0,1,0,"0000000",99,99,99,99,88,88,14,19,0,1,0
6,62047,3,1,2,0,2,1,3,79,0,15,9,2016,5,2,20,1,1,2,1,2,"US-101","",111,35.10565278,-120.55339722,0,14,0,0,1,1,0,2,2,1,0,1,0,"0000000",99,99,99,99,88,88,14,0,0,1,1
6,62048,2,2,0,0,0,3,3,73,0,25,9,2016,1,18,26,1,2,1,1,1,"I-15 RAMP","GOPHER CANYON RD",410,33.25236944,-117.15485,0,12,6,1,2,2,0,1,1,1,0,1,0,"0000000",99,99,99,99,99,99,0,0,0,1,0
6,62049,1,1,0,0,0,1,1,89,0,22,9,2016,5,22,5,0,1,4,2,4,"CR-CANYON RD","CHINA GULCH DRIVE",0,40.48861111,-122.39364444,0,1,0,0,3,3,0,4,2,1,0,1,0,"0000000",99,99,99,99,99,99,0,0,0,1,0
6,62050,1,1,0,0,0,3,3,23,0,5,8,2016,6,22,20,1,1,3,1,2,"US-101","",413,40.414,-123.96605278,0,18,0,0,1,1,0,1,2,1,0,1,0,"0000000",99,99,99,99,88,88,0,0,0,1,0
6,62051,1,1,0,0,0,3,3,67,0,18,8,2016,5,23,38,0,1,7,2,4,"CR-HEDGE AVE","",0,38.51123611,-121.36265,0,1,0,0,1,1,0,1,2,1,0,1,0,"0000000",99,99,99,99,99,99,0,0,0,1,0
6,62052,2,2,0,0,0,3,3,99,0,7,8,2016,1,2,35,0,1,5,2,4,"CR-S. CARPENTER RD.","W. MAIN ST",0,37.49296944,-121.03096944,0,12,6,0,2,2,0,1,2,1,0,1,0,"0000000",99,99,99,99,99,99,0,0,0,1,2
6,62053,1,1,0,0,0,1,1,37,1980,29,9,2016,5,3,27,1,2,1,1,1,"I-110 RAMP","",236,34.06154167,-118.2492,0,59,0,0,5,1,0,4,3,1,0,1,0,"0000000",99,99,99,99,88,88,0,0,0,1,0
6,62054,1,1,0,0,0,2,2,89,0,2,12,2016,6,16,10,0,1,2,1,3,"SR-299","",328,40.64813611,-122.22149722,0,31,0,0,1,1,0,4,1,1,0,1,0,"0000000",99,99,99,99,99,99,0,0,0,1,0
6,62055,1,1,0,0,0,2,2,73,3260,27,9,2016,3,11,25,1,8,1,1,1,"I-8 RAMP","",99999,32.77961944,-117.10083889,0,52,0,0,5,1,0,4,1,1,0,1,0,"0000000",99,99,99,99,99,99,0,0,0,1,0
6,62056,2,2,0,1,1,2,2,31,0,12,12,2016,2,19,5,0,1,4,2,4,"CR-LACEY BLVD","",0,36.32801111,-119.61810833,0,8,0,0,1,1,0,1,2,1,0,1,0,"0000000",99,99,99,99,88,88,0,0,0,1,0
6,62057,2,2,0,0,0,2,2,47,9999,2,12,2016,6,7,50,0,1,5,2,4,"CR-CANAL SCHOOL RD","",0,37.28393889,-121.00830556,0,12,6,0,1,1,0,1,1,1,0,1,0,"0000000",99,98,99,98,88,88,0,0,0,1,0
6,62058,2,2,0,0,0,2,2,107,9898,2,12,2016,6,7,37,0,1,3,2,4,"CR-AVENUE 256","CR-164",0,36.25426111,-119.20692222,0,12,6,0,2,2,0,1,1,10,5,5,0,"0000000",99,99,99,99,88,88,0,0,0,1,0
6,62059,1,1,0,0,0,2,2,29,0,4,12,2016,1,5,38,0,1,5,2,4,"CR-HOLLOWAY ROAD","TWISSELMAN RD",0,35.73103333,-119.852725,0,35,0,0,3,3,0,4,2,1,0,1,0,"0000000",99,99,99,99,99,99,0,0,0,1,0
6,62060,2,2,0,0,0,2,2,77,1865,5,12,2016,2,0,19,1,2,1,1,1,"I-5","",177,37.82779444,-121.28964722,0,12,7,0,1,1,1,1,3,1,0,1,0,"0000000",99,99,99,99,99,99,0,0,0,1,1
6,62061,2,2,0,0,0,5,5,71,0,10,12,2016,7,1,30,0,1,4,1,3,"SR-247","",247,34.36980556,-116.62298889,0,12,2,0,1,1,0,1,2,1,0,1,0,"0000000",99,99,99,99,99,99,0,0,0,2,0
6,62062,2,2,0,0,0,3,3,31,0,5,12,2016,2,22,45,0,1,5,2,4,"CR-6TH AVE","",0,36.4771,-119.56411111,0,12,6,0,1,1,0,1,2,5,0,5,0,"0000000",99,99,99,99,88,88,0,0,0,1,0
6,62063,2,2,0,0,0,2,2,29,0,9,12,2016,6,13,10,0,1,7,2,4,"CR-EL TEJON AVENUE","HURRLE ST",0,35.41778889,-119.02782778,0,12,6,0,2,2,0,1,1,1,0,1,0,"0000000",99,99,99,99,99,99,0,0,0,1,0
6,62064,1,1,0,0,0,1,1,79,9999,15,12,2016,5,19,43,1,1,2,1,3,"SR-41","",475,35.77176389,-120.23735278,0,59,0,0,1,1,0,4,2,10,2,2,0,"0000000",99,99,99,99,99,99,0,0,0,1,1
6,62066,2,1,1,1,1,1,1,85,3340,17,4,2016,1,16,14,1,2,2,1,2,"US-101","",359,37.35213889,-121.86363889,0,14,0,0,1,1,0,4,1,1,0,1,0,"0000000",99,99,99,99,88,88,0,0,0,1,0
6,62067,1,1,0,0,0,2,2,19,0,7,9,2016,4,7,33,1,1,1,1,1,"I-5","",411,36.55644722,-120.52221944,0,18,0,0,1,1,1,4,1,1,0,1,0,"0000000",99,99,99,99,99,99,0,0,0,1,1
6,62068,3,3,0,1,1,4,4,37,1980,11,9,2016,1,2,10,1,2,1,1,1,"I-105","",87,33.92782222,-118.25506667,0,12,6,0,1,1,0,1,2,1,0,1,0,"0000000",99,99,99,99,88,88,14,23,0,1,0
6,62069,1,1,0,0,0,2,2,107,0,24,11,2016,5,2,20,0,1,5,2,4,"CR-AVENUE 152","",0,36.06572778,-119.17800833,0,43,0,0,1,1,0,4,2,10,0,10,0,"0000000",99,99,99,99,99,99,0,0,0,1,0
6,62070,2,2,0,0,0,6,6,37,0,23,11,2016,4,16,30,0,1,5,2,4,"CR-BARREL SPRINGS RD","47TH ST",0,34.52182222,-118.04517222,0,12,6,0,2,2,0,1,1,1,0,1,0,"0000000",99,99,99,99,99,99,0,0,0,1,0
6,62071,1,1,0,0,0,1,1,73,0,21,12,2016,4,23,50,1,2,1,1,1,"I-8","",204,32.82996111,-116.89859167,0,24,0,0,1,1,4,4,2,2,10,2,0,"0000000",99,99,99,99,88,88,0,0,0,1,0
6,62072,2,2,0,0,0,2,2,79,0,25,12,2016,1,15,45,0,1,5,2,4,"CR-LOS BERROS RD","",0,35.07928611,-120.54611667,0,12,1,0,1,1,0,1,1,1,0,1,0,"0000000",99,99,99,99,88,88,0,0,0,1,0
6,62073,3,3,0,0,0,4,4,103,2940,24,12,2016,7,4,20,1,2,1,1,1,"I-5","",282,40.20100833,-122.24210556,0,25,0,0,1,1,0,4,3,5,0,5,0,"0000000",99,99,99,99,99,99,0,0,0,1,1
6,62074,1,1,0,0,0,1,1,49,0,11,12,2016,1,21,10,0,1,5,1,3,"SR-299","",550,41.53423611,-120.22401667,0,58,0,0,1,1,0,4,2,10,0,10,0,"0000000",99,99,99,99,88,88,0,0,0,1,1
6,62075,2,2,0,0,0,5,5,17,0,17,7,2016,1,14,40,1,1,2,1,2,"US-50","WRIGHTS LAKE ROAD",539,38.78530556,-120.213325,0,12,1,0,3,3,0,1,1,1,0,1,0,"0000000",99,99,99,99,88,88,14,0,0,1,1
6,62076,1,1,0,0,0,1,1,71,2922,12,1,2016,3,12,18,0,2,4,4,6,"VINEYARD AVE","",0,34.09256944,-117.6111,0,10,0,0,6,1,0,1,1,1,0,1,0,"9999999",99,99,99,99,88,88,0,0,0,1,0
6,62077,2,2,0,0,0,5,5,61,3110,31,3,2016,5,17,27,0,2,4,4,6,"BLUE OAK BLVD","",0,38.79538611,-121.30555833,0,12,6,0,1,1,0,1,1,1,0,1,0,"0000000",99,99,99,99,99,99,0,0,0,1,1
6,62078,1,1,0,0,0,4,4,73,0,4,11,2016,6,20,0,0,1,2,1,3,"SR-79","",360,33.28676111,-116.64428056,0,59,0,0,1,1,0,4,2,1,0,1,0,"0000000",99,99,99,99,99,99,0,0,0,1,1
6,62079,2,2,0,0,0,3,3,19,0,8,11,2016,3,21,10,0,1,6,2,4,"CR-MCKINLEY AVE","CR-HOWARD AVE",0,36.76414722,-120.02436111,0,12,6,0,2,2,0,1,2,1,0,1,0,"0000000",99,99,99,99,99,99,0,0,0,1,1
6,62080,1,1,0,1,1,1,1,19,1370,13,11,2016,1,1,31,1,2,2,1,3,"SR-41","",243,36.7505,-119.77591944,0,8,0,0,1,1,0,1,3,1,0,1,0,"0000000",99,99,99,99,88,88,0,0,0,1,0
6,62081,1,1,0,0,0,1,1,107,0,16,11,2016,4,13,43,0,1,6,2,4,"CR-AVENUE 160","",0,36.08039722,-119.08392222,0,30,0,0,1,1,0,4,1,1,0,1,0,"0000000",99,99,99,99,88,88,0,0,0,1,1
6,62082,1,1,0,0,0,1,1,19,0,17,11,2016,5,14,57,0,2,4,2,4,"CR-ACADEMY AVENUE","SR-168",0,36.87403056,-119.55728889,0,30,0,0,3,3,0,4,1,1,0,1,0,"0000000",99,99,99,99,88,88,0,0,0,1,0
6,62083,2,2,0,0,0,2,2,107,0,5,11,2016,7,14,25,1,1,2,1,3,"SR-65","AVENUE 288",386,36.31163889,-119.13527222,0,12,6,0,2,2,0,1,1,1,0,1,0,"0000000",99,99,99,99,99,99,0,0,0,1,0
6,62084,2,2,0,0,0,3,3,19,0,11,11,2016,6,2,30,0,1,5,2,4,"CR-WEST AVE","MANNING AVE",0,36.60511111,-119.82691111,0,12,6,0,2,2,0,1,2,1,0,1,0,"0000000",99,99,99,99,99,99,0,0,0,1,0
6,62085,2,2,0,0,0,3,3,19,0,9,11,2016,4,15,47,0,1,6,2,4,"CR-DEL REY AVE","CENTRAL AVE",0,36.67766111,-119.59237778,0,12,6,0,2,2,0,1,1,1,0,1,0,"0000000",99,99,99,99,99,99,0,0,0,2,0
6,62086,1,1,0,1,1,1,1,7,0,29,12,2016,5,1,9,0,1,7,2,4,"CR-POWER HOUSE HILL RD","",0,39.43180278,-121.59563056,0,8,0,0,1,1,0,1,2,1,0,1,0,"0000000",99,98,99,98,88,88,0,0,0,1,0
6,62087,1,1,0,0,0,1,1,19,1370,8,11,2016,3,19,4,0,1,5,2,4,"CR-SAGINAW AVENUE","",0,36.55430833,-119.65218889,0,31,0,0,1,1,0,4,2,1,0,1,0,"0000000",99,99,99,99,88,88,0,0,0,1,1
6,62088,1,1,0,0,0,2,2,73,0,18,12,2016,1,13,25,0,1,2,1,3,"SR-79","",99998,32.90793889,-116.57895,0,42,0,0,1,1,0,4,1,1,0,1,0,"0000000",99,99,99,99,99,99,0,0,0,1,0
6,62089,2,2,0,0,0,4,4,71,0,27,12,2016,3,21,20,1,1,2,1,3,"SR-62","",26,34.06104722,-116.56355278,0,12,6,0,1,1,0,1,3,1,0,1,0,"0000000",99,99,99,99,99,99,0,0,0,1,1
6,62090,3,3,0,1,1,4,4,59,1660,22,4,2016,6,22,34,0,2,3,1,3,"SR-1","",257,33.66651667,-118.01481944,0,8,0,0,1,1,0,1,3,1,0,1,0,"0000000",99,99,99,99,88,88,0,0,0,1,0
6,62091,1,1,0,1,1,1,1,37,1970,25,4,2016,2,1,15,0,2,3,4,6,"E 7TH ST","",0,33.77533889,-118.15010833,0,8,0,0,1,1,0,1,3,1,0,1,0,"0000000",99,99,99,99,88,88,0,0,0,1,0
6,62092,1,1,0,0,0,1,1,93,0,23,9,2016,6,0,0,0,1,4,1,3,"SR-3","",96,41.31803333,-122.80975,0,39,0,0,1,1,0,4,2,1,0,1,0,"0000000",99,99,99,99,88,88,0,0,0,1,0
6,62093,2,2,0,0,0,6,6,1,0,4,9,2016,1,1,22,1,1,1,1,1,"I-880","",186,37.66858889,-122.109075,0,12,6,1,18,1,0,1,3,10,0,10,0,"0000000",99,99,99,99,99,99,0,0,0,2,0
6,62094,1,1,0,0,0,1,1,37,9999,26,12,2016,2,20,48,0,1,4,2,4,"CR-AVENUE S","",0,34.55803611,-118.11691667,0,33,0,0,1,1,0,4,3,1,0,1,0,"0000000",99,99,99,99,99,99,0,0,0,1,0
6,62095,1,1,0,0,0,3,3,65,0,17,12,2016,7,8,49,1,1,1,1,1,"I-10","",1040,33.70744444,-115.42987222,0,42,0,0,1,1,0,4,1,6,0,6,0,"0000000",99,99,99,99,99,99,0,0,0,1,0
6,62096,1,1,0,1,1,1,1,53,3180,26,11,2016,7,6,22,1,2,2,1,2,"US-101 RAMP","",895,36.70053333,-121.66547778,0,8,0,1,5,1,0,1,3,2,0,2,0,"0000000",99,99,99,99,88,88,0,0,0,1,0
6,62097,1,1,0,0,0,3,3,71,9999,31,12,2016,7,21,5,0,1,5,2,4,"CR-PHELAN RD.","WILSON RANCH RD.",0,34.42659444,-117.52090833,0,46,0,0,3,2,0,4,3,10,2,2,0,"0000000",99,99,99,99,99,99,0,0,0,1,1
6,62098,4,1,3,1,1,2,2,29,240,20,6,2016,2,19,20,0,2,3,4,6,"NILES ST","OWENS ST",0,35.38088889,-118.98637778,0,9,0,0,3,2,0,1,1,1,0,1,0,"0000000",99,99,19,26,88,88,14,0,0,1,0
6,62099,1,1,0,2,2,1,1,37,2054,2,7,2016,7,17,22,0,2,2,1,3,"SR-1","",589,34.03979167,-118.87512222,0,8,0,0,1,1,0,1,1,1,0,1,0,"0000000",99,99,99,99,99,99,0,0,0,1,0
6,62100,2,2,0,0,0,3,3,9,0,26,11,2016,7,14,15,0,1,2,1,3,"SR-12","",164,38.20284444,-120.72415278,0,35,0,0,1,1,0,4,1,10,2,2,0,"0000000",99,99,99,99,99,99,0,0,0,1,0
6,62101,3,3,0,0,0,5,5,1,2480,15,7,2016,6,22,51,1,2,1,1,1,"I-580","",431,37.80726389,-122.23897778,0,12,7,0,1,1,0,1,3,10,0,10,0,"0000000",99,99,99,99,99,99,26,0,0,1,1
6,62102,2,2,0,1,1,2,2,65,0,21,12,2016,4,19,40,0,1,4,2,4,"CR-GRAND AVENUE","",0,33.65443333,-117.36961944,0,8,0,0,1,1,0,1,3,10,2,2,0,"0000000",99,98,99,98,88,88,0,0,0,1,0
6,62103,2,2,0,1,1,5,5,71,0,1,9,2016,5,20,35,0,1,5,2,4,"CR-MACY ST","PORTER ST",0,34.14163056,-117.33978611,0,8,0,0,3,3,0,1,3,1,0,1,0,"0000000",99,99,99,99,88,88,0,0,0,1,0
6,62104,1,1,0,0,0,4,4,71,1605,2,10,2016,1,21,10,1,2,2,1,3,"SR-210","",291,34.12361944,-117.20096111,0,43,0,0,1,1,0,4,2,1,0,1,0,"0000000",99,99,99,99,99,99,0,0,0,1,1
6,62105,1,1,0,0,0,4,4,71,790,15,10,2016,7,20,57,1,2,1,1,1,"I-10","",207,34.06870278,-117.35858611,0,24,0,0,1,1,0,3,3,1,0,1,0,"0000000",99,99,99,99,99,99,0,0,0,1,0
6,62106,2,2,0,0,0,2,2,37,1970,11,6,2016,7,0,2,0,2,4,4,6,"CARSON ST","",0,33.83236111,-118.12112778,0,12,1,0,1,1,0,1,3,1,0,1,0,"0000000",99,99,99,99,99,99,0,0,0,1,0
6,62107,2,2,0,0,0,2,2,111,3641,8,5,2016,1,10,39,0,2,5,4,6,"LONG CANYON RD","",0,34.24059722,-118.78099167,0,12,2,0,1,1,0,1,1,1,0,1,0,"0000000",99,99,99,99,99,99,0,0,0,1,0
6,62108,2,1,1,1,1,1,1,37,810,6,6,2016,2,10,26,0,2,4,4,6,"COMPTON BLVD","",0,33.89603333,-118.21104722,0,14,0,0,1,1,0,2,1,1,0,1,0,"0000000",99,99,99,99,88,88,0,0,0,1,0
6,62109,3,1,2,0,0,1,1,1,1560,7,6,2016,3,17,15,0,2,6,4,6,"HAYMAN ST","",0,37.61290833,-122.04521389,0,14,0,0,1,1,0,2,1,1,0,1,0,"0000000",99,99,99,99,88,88,14,0,0,1,0
6,62110,3,3,0,0,0,3,3,21,0,18,11,2016,6,4,1,1,1,1,1,1,"I-5","",126,39.56345,-122.2136,0,12,1,0,1,1,0,1,2,1,0,1,0,"0000000",99,99,99,99,99,99,19,27,0,1,0
6,62111,2,2,0,0,0,3,3,101,0,24,12,2016,7,9,50,0,1,4,1,3,"SR-113","",40,38.85374722,-121.71408056,0,12,1,0,1,1,0,1,1,5,0,5,0,"0000000",99,99,99,99,88,88,0,0,0,1,0
6,62112,1,1,0,0,0,1,1,1,2480,23,9,2016,6,2,15,0,2,2,1,3,"SR-13","",46,32.78793333,-122.18135,0,42,0,0,1,1,0,4,2,1,0,1,0,"0000000",99,99,99,99,88,88,0,0,0,1,1
6,62113,2,2,0,0,0,2,2,47,0,1,9,2016,5,8,40,0,1,4,1,4,"CR-TEGNER RD","GEER AVE",0,37.39725,-120.88666944,0,12,6,0,2,2,0,1,1,1,0,1,0,"0000000",99,99,99,99,99,99,0,0,0,1,0
6,62114,1,1,0,1,1,1,1,73,3260,22,10,2016,7,6,10,1,2,1,1,1,"I-8","",10,32.75696111,-117.22814722,0,38,0,0,1,1,0,5,2,1,0,1,0,"0000000",99,99,99,99,99,99,0,0,0,1,0
6,62115,1,1,0,0,0,1,1,53,0,13,12,2016,3,16,10,0,1,3,1,3,"SR-1","",683,36.46438056,-121.92733056,0,35,0,0,1,1,0,4,2,1,0,1,0,"0000000",99,99,99,99,88,88,0,0,0,1,0
6,62116,4,2,2,0,1,2,3,67,0,24,10,2016,2,10,23,0,1,5,2,4,"CR-E STOCKTON BL","",0,38.468775,-121.41455,0,12,2,0,1,1,0,1,1,10,0,10,0,"0000000",99,99,99,99,99,99,14,0,0,1,0
6,62117,2,2,0,0,0,3,3,19,1370,20,11,2016,1,18,40,1,2,2,1,3,"SR-99","",194,36.71971944,-119.78661111,0,35,0,1,19,1,0,4,2,10,2,2,0,"0000000",99,99,99,99,99,99,0,0,0,1,0
6,62118,1,1,0,1,1,1,1,19,0,20,11,2016,1,18,0,0,1,5,2,4,"CR-HOWARD AVE","",0,36.79430556,-120.02455833,0,9,0,0,1,1,0,1,3,10,2,2,0,"0000000",99,99,99,99,88,88,0,0,0,1,0
6,62119,1,1,0,0,0,1,1,99,0,20,11,2016,1,3,45,0,1,5,2,4,"CR-CODONI AVENUE","",0,37.62613611,-120.91116667,0,42,0,0,1,1,0,4,2,10,0,10,0,"0000000",99,99,99,99,88,88,0,0,0,1,1
6,62120,3,3,0,0,0,5,5,65,9999,29,11,2016,3,5,48,1,1,2,1,3,"SR-79","",360,33.88399167,-116.99102222,0,12,11,0,1,1,0,1,2,1,0,1,0,"0000000",99,99,99,99,99,99,0,0,0,1,0
6,62121,1,1,0,0,0,2,2,37,2458,20,11,2016,1,2,44,1,2,1,1,1,"I-605","",64,33.89665,-118.10476111,0,39,0,0,1,1,0,4,3,10,0,10,0,"0000000",99,99,99,99,99,99,0,0,0,1,1
6,62122,2,2,0,0,0,1,1,71,3000,29,11,2016,3,5,1,1,2,2,1,3,"SR-210","",157,34.13628889,-117.42336111,0,12,11,1,18,1,0,1,3,1,0,1,0,"0000000",99,99,99,99,99,99,19,0,0,1,0
6,62123,1,1,0,0,0,1,1,21,0,23,11,2016,4,21,15,0,1,5,2,4,"CR- S SACRAMENTO ST","",0,39.5172,-122.18921389,0,35,0,0,1,1,0,4,3,1,0,1,0,"0000000",99,99,99,99,88,88,0,0,0,1,0
6,62124,2,2,0,0,0,8,8,45,0,24,11,2016,5,18,40,1,1,2,1,2,"US-101","CR-LAFRANCHI RD",99,38.95779167,-123.10935833,0,12,1,0,3,3,0,1,2,1,0,1,0,"0000000",99,99,99,99,99,99,0,0,0,1,0
6,62125,1,1,0,0,0,2,2,99,0,18,11,2016,6,17,25,0,1,5,2,4,"CR-KEYES ROAD","",0,37.551275,-120.97725833,0,30,0,0,1,1,0,4,2,1,0,1,0,"0000000",99,99,99,99,99,99,0,0,0,1,0