"STATE","ST_CASE","VE_TOTAL","VE_FORMS","PVH_INVL","PEDS","PERNOTMVIT","PERMVIT","PERSONS","COUNTY","CITY","DAY","MONTH","YEAR","DAY_WEEK","HOUR","MINUTE","NHS","RUR_URB","FUNC_SYS","RD_OWNER","ROUTE","TWAY_ID","TWAY_ID2","MILEPT","LATITUDE","LONGITUD","SP_JUR","HARM_EV","MAN_COLL","RELJCT1","RELJCT2","TYP_INT","WRK_ZONE","REL_ROAD","LGT_COND","WEATHER1","WEATHER2","WEATHER","SCH_BUS","RAIL","NOT_HOUR","NOT_MIN","ARR_HOUR","ARR_MIN","HOSP_HR","HOSP_MN","CF1","CF2","CF3","FATALS","DRUNK_DR"
6,62127,1,1,0,0,0,1,1,19,1370,27,11,2016,1,18,0,1,2,2,1,3,"SR-180 RAMP","",591,36.75561944,-119.77336389,0,24,0,0,5,1,0,4,2,10,0,10,0,"0000000",99,99,99,99,88,88,0,0,0,1,0
6,62128,2,2,0,0,0,2,2,19,0,18,11,2016,6,18,27,0,1,5,2,4,"CR-ADAMS AVENUE","CR-WALNUT AVE",0,36.63417778,-119.80881667,0,12,6,0,2,2,0,1,2,1,0,1,0,"0000000",99,99,99,99,99,99,0,0,0,1,1
6,62129,2,2,0,1,1,2,2,67,3150,21,10,2016,6,22,16,1,2,1,1,1,"I-5","",253,38.606775,-121.50806944,0,8,0,0,1,1,0,1,2,1,0,1,0,"0000000",99,99,99,99,88,88,0,0,0,1,0
6,62130,1,1,0,1,1,1,1,67,0,26,9,2016,2,19,40,0,1,5,2,4,"CR-COYLE AVENUE","",0,38.66803333,-121.31381389,0,8,0,0,1,1,0,1,2,1,0,1,0,"0000000",99,99,99,99,99,99,0,0,0,1,0
6,62131,6,6,0,0,0,9,9,77,2070,3,10,2016,2,17,5,1,2,2,1,3,"SR-120","",53,37.7832,-121.2158,0,12,1,0,1,1,0,1,1,10,0,10,0,"0000000",99,99,99,99,99,99,28,0,0,1,0
6,62132,1,1,0,0,0,1,1,81,0,24,9,2016,7,22,50,0,1,2,1,3,"SR-1","",375,37.5577,-122.51423611,0,30,0,0,1,1,0,4,2,99,0,99,0,"0000000",99,99,99,99,88,88,0,0,0,1,1
6,62133,2,2,0,0,0,6,6,37,1980,9,1,2016,7,2,9,1,2,1,1,1,"I-405 S/B (SAN DIEGO FREEWAY)","",252,33.9786,-118.39148056,0,12,1,0,1,1,0,1,2,1,0,1,0,"0000000",99,99,99,99,99,99,0,0,0,1,1
6,62134,1,1,0,1,1,4,4,65,9999,26,11,2016,7,18,22,9,8,98,98,9,"SR-111","",99999,33.56954444,-116.07828056,9,8,0,0,1,1,0,1,2,1,0,1,0,"0000000",99,99,99,99,88,88,0,0,0,1,0
6,62135,2,2,0,0,0,2,2,37,1970,23,5,2016,2,23,15,0,1,4,4,6,"CARSON ST","CLARK",0,33.832375,-118.13386944,0,12,6,0,2,2,0,1,2,1,0,1,0,"0000000",99,99,99,99,99,99,0,0,0,1,0
6,62136,1,1,0,0,0,1,1,45,0,30,8,2016,3,19,30,1,1,2,1,2,"US-101","",818,39.82752778,-123.57303056,0,42,0,0,1,1,0,4,5,1,0,1,0,"0000000",88,88,88,88,88,88,0,0,0,1,1
6,62137,1,1,0,0,0,2,2,45,0,24,11,2016,5,23,45,0,1,7,2,4,"CR-HENDERSON LANE","",0,39.797725,-123.25765,0,38,0,0,1,1,0,4,2,1,0,1,0,"0000000",99,99,99,99,88,88,0,0,0,1,1
6,62138,3,3,0,0,0,5,5,67,0,2,11,2016,4,14,10,0,1,4,2,4,"CR-GRANT LINE RD","",0,38.39706111,-121.33745278,0,12,6,0,8,1,0,1,1,1,0,1,0,"0000000",99,99,99,99,99,99,0,0,0,1,0
6,62139,1,1,0,1,1,1,1,29,0,9,12,2016,6,18,25,0,1,5,2,4,"CR-BELLE TERRACE","WAYNE TERRACE",0,35.3467,-119.02217222,0,8,0,0,1,1,0,1,2,10,0,10,0,"0000000",99,99,99,99,88,88,0,0,0,1,0
6,62140,2,2,0,0,0,7,7,39,0,23,11,2016,4,17,30,0,1,5,2,4,"CR-ROAD 16","CR-AVENUE 18 1/2",0,37.01825556,-120.25686944,0,12,6,0,2,2,0,1,2,1,0,1,0,"0000000",99,99,99,99,99,99,0,0,0,1,0
6,62141,1,1,0,0,0,1,1,39,0,13,12,2016,3,4,49,1,1,2,1,3,"SR-99","",170,37.02111944,-120.13135,0,1,0,1,19,1,0,4,2,10,0,10,0,"0000000",99,99,99,99,88,88,0,0,0,1,1
6,62142,2,2,0,0,0,5,5,37,155,9,7,2016,7,1,5,1,1,2,1,3,"SR-91","",179,33.87653056,-118.08578056,0,12,11,0,1,1,0,1,2,1,0,1,0,"0000000",99,99,99,99,99,99,23,0,0,3,0
6,62143,2,1,1,0,2,1,3,59,1380,4,9,2016,1,1,59,1,2,2,1,3,"SR-57","",184,33.89034444,-117.88096111,0,14,0,0,1,1,0,2,3,1,0,1,0,"0000000",99,99,99,99,99,99,0,0,0,1,1
6,62144,2,2,0,0,0,4,4,73,9999,25,11,2016,6,9,1,0,1,2,1,3,"SR-76","SR-79",523,33.19981667,-116.71035833,0,12,6,1,2,3,0,1,1,1,0,1,0,"0000000",99,99,99,99,88,88,0,0,0,1,0
6,62145,2,2,0,0,0,2,2,59,3960,6,10,2016,5,6,55,1,2,1,1,1,"I-5","",278,33.71958611,-117.79539444,0,12,1,0,1,1,0,1,1,1,0,1,0,"0000000",99,99,99,99,88,88,0,0,0,1,0
6,62146,2,2,0,0,0,8,8,79,0,5,9,2016,2,16,55,9,8,98,1,3,"SR-166","",456,35.06223611,-119.97295278,0,12,6,0,1,1,0,1,1,1,0,1,0,"0000000",99,99,99,99,99,99,0,0,0,2,1
6,62147,3,3,0,0,0,7,7,71,0,18,11,2016,6,17,35,1,1,2,1,3,"SR-58","",50,34.99363333,-117.56785278,0,12,1,0,1,1,0,1,2,1,0,1,0,"0000000",99,99,99,99,99,99,0,0,0,1,0
6,62148,2,2,0,0,0,4,4,113,0,24,12,2016,7,1,10,1,1,1,1,1,"I-505","",110,38.68381111,-121.95211944,0,12,2,0,1,1,0,1,2,1,0,1,0,"0000000",99,99,99,99,99,99,0,0,0,1,0
6,62149,1,1,0,1,1,1,1,29,0,10,12,2016,7,23,0,0,1,4,2,4,"CR-EDISON HWY","",0,35.37103889,-118.96726111,0,8,0,0,1,1,0,1,3,1,0,1,0,"0000000",99,99,99,99,99,99,0,0,0,1,0
6,62150,1,1,0,0,0,3,3,47,0,29,1,2016,6,16,25,0,1,5,2,4,"CR-SANTA FE AVENUE","",0,37.25973056,-120.28493056,0,38,0,0,1,1,0,4,1,1,0,1,0,"0000000",99,99,99,99,99,99,0,0,0,2,0
6,62151,3,3,0,0,0,5,5,59,3558,27,2,2016,7,20,20,1,2,1,1,1,"I-405","",238,33.78053889,-118.08996944,0,12,7,0,1,1,0,1,3,1,0,1,0,"0000000",99,99,99,99,99,99,0,0,0,1,0
6,62152,1,1,0,0,0,1,1,37,0,24,4,2016,1,9,37,0,1,5,2,4,"CR-MULHOLLAND HIGHWAY","",0,34.10743889,-118.73336944,0,43,0,0,1,1,0,4,1,1,0,1,0,"0000000",99,99,99,99,99,99,0,0,0,1,0
6,62153,2,2,0,0,0,2,2,85,0,22,7,2016,6,11,45,0,1,3,1,3,"SR-17","",16,37.16203889,-121.98783333,0,12,7,0,1,1,0,1,1,1,0,1,0,"0000000",99,99,99,99,99,99,0,0,0,1,0
6,62154,1,1,0,0,0,4,4,19,0,7,5,2016,7,20,55,0,1,2,1,3,"SR-269","",222,36.39303889,-120.10320833,0,58,0,0,1,1,0,4,2,10,0,10,0,"0000000",99,99,99,99,99,99,0,0,0,3,0
6,62155,1,1,0,0,0,2,2,111,0,21,4,2016,5,18,0,0,1,3,2,4,"CR-LAS POSAS RD","",0,34.19660556,-119.069825,0,46,0,0,1,1,0,4,1,1,0,1,0,"0000000",99,99,99,99,99,99,0,0,0,1,0
6,62156,3,3,0,0,0,3,3,37,0,28,4,2016,5,20,25,0,1,3,1,3,"SR-1","",406,34.03998889,-118.57588889,0,12,6,0,8,1,0,1,3,1,0,1,0,"0000000",99,99,99,99,88,88,14,0,0,1,1
6,62157,1,1,0,0,0,1,1,25,0,14,11,2016,2,15,5,0,1,6,2,4,"CR-WILKINS RD","",0,33.30956944,-115.55648333,0,1,0,0,1,1,0,1,1,1,0,1,0,"0000000",99,99,99,99,88,88,0,0,0,1,1
6,62158,1,1,0,0,0,1,1,29,0,29,12,2016,5,16,4,0,1,2,1,3,"SR-33","",224,35.17136111,-119.51473889,0,38,0,0,8,1,0,5,1,1,0,1,0,"0000000",99,99,99,99,99,99,0,0,0,1,0
6,62159,2,2,0,0,0,3,3,59,80,19,11,2016,7,14,38,1,2,2,1,3,"SR-57","",115,33.790775,-117.88004444,0,54,11,0,1,1,0,1,1,1,0,1,0,"0000000",99,99,99,99,88,88,14,0,0,1,0
6,62160,1,1,0,0,0,1,1,73,0,23,10,2016,1,20,40,0,1,4,2,4,"CR-LA CRESTA ROAD","",0,32.8148,-116.866325,0,33,0,0,1,1,0,4,2,1,0,1,0,"0000000",99,99,99,99,88,88,0,0,0,1,0
6,62161,1,1,0,1,1,1,1,47,1990,10,2,2016,4,22,11,0,2,3,1,3,"SR-165","WILLMOTT RD",96,37.06921667,-120.83509444,0,8,0,0,3,2,0,1,1,1,0,1,0,"0000000",99,99,99,99,99,99,0,0,0,1,0
6,62162,1,1,0,0,0,1,1,107,0,22,8,2016,2,15,28,1,1,2,1,3,"SR-99","",1,35.79170278,-119.25185,0,31,0,1,19,1,0,4,1,1,0,1,0,"0000000",99,99,99,99,88,88,0,0,0,1,1
6,62163,1,1,0,0,0,1,1,37,1980,28,8,2016,1,3,5,1,2,1,1,1,"I-5","",343,34.22616389,-118.37532222,0,25,0,1,19,1,0,4,3,1,0,1,0,"0000000",99,99,99,99,99,99,0,0,0,1,0
6,62164,1,1,0,0,0,3,3,37,0,31,7,2016,1,0,0,0,1,2,1,3,"SR-2","",399,34.266375,-118.08398611,0,35,0,0,1,1,0,4,2,1,0,1,0,"0000000",99,99,99,99,88,88,0,0,0,3,0
6,62165,1,1,0,0,0,3,3,37,0,28,5,2016,7,22,46,0,1,4,2,4,"CR-NORMANDIE AVE","CENTURY BLVD",0,33.94550833,-118.30022778,0,46,0,0,3,2,0,4,3,1,0,1,0,"0000000",99,99,99,99,99,99,0,0,0,2,1
6,62166,1,1,0,0,0,2,2,19,0,23,9,2016,6,13,30,0,1,2,1,3,"SR-198","",58,36.12348889,-120.59452222,0,35,0,0,1,1,0,4,1,1,0,1,0,"0000000",99,99,99,99,99,99,0,0,0,1,0
6,62167,1,1,0,1,1,1,1,37,0,30,5,2016,2,0,5,0,1,3,2,4,"CR-VERMONT AVENUE","94TH STREET",0,33.95095833,-118.291875,0,8,0,0,2,2,0,1,3,1,0,1,0,"0000000",99,99,99,99,99,99,0,0,0,1,0
6,62168,2,2,0,0,0,2,2,61,0,13,10,2016,5,21,5,1,1,1,1,1,"I-80","",350,39.1223,-120.94083889,0,12,2,0,1,1,0,1,2,10,0,10,0,"0000000",99,99,99,99,99,99,0,0,0,1,0
6,62169,2,2,0,0,0,2,2,29,0,27,11,2016,1,1,17,1,1,2,1,3,"SR-46","",347,35.61600833,-119.61536111,0,12,2,0,1,1,0,1,2,10,0,10,0,"0000000",99,99,99,99,99,99,0,0,0,1,0
6,62170,1,1,0,0,0,2,2,31,0,14,11,2016,2,23,26,1,1,2,1,3,"SR-41","",31,35.83559444,-120.08855833,0,1,0,0,1,1,0,1,2,1,0,1,0,"0000000",99,99,99,99,99,99,0,0,0,1,1
6,62171,3,3,0,0,0,3,3,37,1970,24,8,2016,4,0,29,1,2,1,1,1,"I-710","",73,33.81231944,-118.20704444,0,12,1,0,1,1,0,1,3,1,0,1,0,"0000000",99,99,99,99,99,99,28,0,0,1,0
6,62172,1,1,0,1,1,1,1,73,3260,22,12,2016,5,5,50,0,2,2,1,3,"SR-905","",90,32.56406944,-116.9749,0,8,0,0,1,1,0,1,2,10,2,2,0,"0000000",99,99,99,99,88,88,19,0,0,1,0
6,62173,1,1,0,0,0,1,1,53,3180,21,1,2016,5,19,16,0,2,4,4,6,"CONSTITUTION BLVD","EAST LAUREL DR",0,36.69457778,-121.63231389,0,33,0,0,3,3,0,4,3,1,0,1,0,"0000000",99,99,99,99,88,88,0,0,0,1,1
6,62174,1,1,0,1,1,1,1,29,240,10,1,2016,1,18,41,0,2,3,4,6,"PANAMA LN","",0,35.29590278,-119.00706944,0,8,0,0,1,1,0,1,3,10,0,10,0,"0000000",99,99,99,99,99,99,0,0,0,1,0
6,62175,1,1,0,1,1,1,1,37,1110,17,1,2016,1,7,50,0,2,3,4,6,"VALLEY BLVD","GIBSON RD",0,34.07811944,-118.05061944,0,8,0,0,3,2,0,1,1,1,0,1,0,"0000000",99,99,99,99,99,99,0,0,0,1,0
6,62176,1,1,0,0,0,1,1,97,0,12,10,2016,4,12,52,0,1,7,2,4,"CR-NAPA RD","",0,38.26296944,-122.40293056,0,32,0,0,1,1,0,4,1,1,0,1,0,"0000000",99,99,99,99,88,88,0,0,0,1,0
6,62177,1,1,0,0,0,1,1,99,0,1,11,2016,3,20,15,0,1,6,2,4,"CR-MARSHALL RD","",0,37.4354,-121.13165,0,43,0,0,1,1,0,4,2,1,0,1,0,"0000000",99,99,99,99,88,88,0,0,0,1,0
6,62178,1,1,0,1,1,8,8,79,3370,22,11,2016,3,20,25,1,2,2,1,2,"US-101 SOUTHBOUND","",271,35.25879722,-120.67394167,0,8,0,0,1,1,0,1,3,1,0,1,0,"0000000",99,98,99,98,88,88,0,0,0,1,0
6,62179,1,1,0,0,0,1,1,89,0,14,10,2016,6,0,0,1,1,2,1,3,"SR-44","DERSCH RD",190,40.51413889,-122.03149722,0,38,0,0,3,3,0,4,3,2,6,2,0,"0000000",99,99,99,99,88,88,0,0,0,1,0
6,62180,1,1,0,0,0,1,1,61,0,13,10,2016,5,0,22,0,1,5,2,4,"CR-TAYLOR ROAD","",0,38.85783889,-121.15772778,0,42,0,0,1,1,0,4,2,1,0,1,0,"0000000",99,99,99,99,99,99,0,0,0,1,1
6,62181,3,3,0,0,0,3,3,37,1980,10,10,2016,2,18,33,1,2,1,1,1,"I-5","",387,34.25881944,-118.43710556,0,1,0,0,1,1,0,1,2,1,0,1,0,"0000000",99,99,99,99,88,88,14,28,0,1,0
6,62182,3,3,0,0,0,6,6,73,0,21,11,2016,2,13,8,0,1,2,1,3,"SR-67","",175,32.99852222,-116.96084722,0,12,6,0,1,1,0,1,1,10,0,10,0,"0000000",99,99,99,99,99,99,14,0,0,1,0
6,62183,1,1,0,0,0,4,4,21,0,13,11,2016,1,16,45,0,1,2,1,3,"SR-162","",697,39.52401389,-122.13356111,0,1,0,0,1,1,0,4,1,1,0,1,0,"0000000",99,99,99,99,99,99,0,0,0,2,0
6,62184,3,3,0,0,0,9,9,71,0,18,11,2016,6,23,5,0,1,5,2,4,"CR-PHELAN RD","",0,34.42657778,-117.51240833,0,12,1,0,1,1,0,1,2,1,0,1,0,"0000000",99,99,99,99,99,99,0,0,0,2,1
6,62185,2,1,1,0,0,1,1,37,0,12,11,2016,7,16,53,1,2,1,1,1,"I-710 RAMP","",243,34.03218333,-118.17003333,0,24,0,1,5,1,0,4,1,1,0,1,0,"0000000",99,99,99,99,88,88,0,0,0,1,0
6,62186,2,2,0,1,1,1,1,37,1980,22,10,2016,7,22,5,1,2,1,1,1,"I-5","",366,34.23563611,-118.41271667,0,12,2,0,1,1,0,1,2,1,0,1,0,"0000000",99,99,99,99,88,88,23,0,0,1,0
6,62187,1,1,0,0,0,2,2,35,0,10,12,2016,7,14,10,0,1,2,1,3,"SR-36","",51,40.31605,-120.97657778,0,42,0,0,1,1,0,4,1,2,10,2,0,"0000000",99,99,99,99,88,88,0,0,0,1,0
6,62188,1,1,0,1,1,1,1,59,880,28,10,2016,6,22,50,1,2,2,1,3,"SR-55 RAMP","",64,33.69285278,-117.86733333,0,9,0,0,5,1,0,1,3,1,0,1,0,"0000000",99,99,99,99,88,88,0,0,0,1,0
6,62189,2,2,0,0,0,4,4,47,0,6,12,2016,3,16,24,1,1,2,1,3,"SR-152","",129,37.05698056,-121.02273056,0,12,6,0,1,1,0,1,1,1,0,1,0,"0000000",99,99,99,99,99,99,0,0,0,1,0
6,62190,1,1,0,1,1,1,1,23,0,14,12,2016,4,20,7,0,1,4,2,4,"CR-CENTRAL AVENUE","CR-ANNA SPARKS WAY",0,40.93306111,-124.10088333,0,8,0,0,3,2,0,4,3,10,2,2,0,"0000000",99,99,99,99,99,99,0,0,0,1,1
6,62191,1,1,0,0,0,3,3,45,0,24,10,2016,2,3,30,0,1,7,2,4,"CR-UVA DR","",0,39.27053333,-123.2427,0,59,0,0,1,1,0,4,3,10,0,10,0,"0000000",99,99,99,99,99,99,0,0,0,1,1
6,62192,1,1,0,0,0,1,1,61,0,4,10,2016,3,2,30,0,1,4,2,4,"CR-INDIAN HILL RD","",0,38.87306667,-121.12316111,0,42,0,0,1,1,0,4,2,1,0,1,0,"0000000",99,99,99,99,88,88,0,0,0,1,0
6,62193,2,2,0,0,0,2,2,37,1980,22,11,2016,3,19,56,1,2,2,1,3,"SR-118","",83,34.27516111,-118.49368056,0,12,6,0,1,1,0,1,2,1,0,1,0,"0000000",99,99,99,99,99,99,27,0,0,1,0
6,62194,2,2,0,0,0,4,4,37,0,10,12,2016,7,13,40,0,1,6,2,4,"CR-MULHOLLAND HWY","",0,34.10486111,-118.72188611,0,1,0,0,1,1,0,1,1,1,0,1,0,"0000000",99,99,99,99,99,99,14,0,0,1,0
6,62195,2,2,0,1,1,3,3,67,0,8,12,2016,5,18,25,0,1,4,2,4,"CR-JAMES WAY","",0,38.66857222,-121.38431111,0,8,0,0,1,1,0,1,3,10,2,2,0,"0000000",99,99,99,99,88,88,0,0,0,1,0
6,62196,1,1,0,0,0,2,2,97,0,9,10,2016,1,1,50,0,1,3,1,3,"SR-1","",65,38.33549167,-122.99045278,0,42,0,0,1,1,0,4,2,1,0,1,0,"0000000",99,99,99,99,99,99,0,0,0,1,0
6,62197,1,1,0,1,1,1,1,107,0,13,12,2016,3,6,13,0,2,2,1,3,"SR-163","MILLER AVE",240,36.54583333,-119.28693889,0,8,0,0,2,2,0,1,2,1,0,1,0,"0000000",99,99,99,99,88,88,0,0,0,1,0
6,62198,1,1,0,0,0,1,1,37,0,5,11,2016,7,18,47,1,1,3,2,3,"SR-138","",59,34.76954444,-118.70266111,0,32,0,0,1,1,0,4,2,1,0,1,0,"0000000",99,99,99,99,88,88,0,0,0,1,0
6,62199,1,1,0,1,1,1,1,37,1980,6,11,2016,1,4,20,1,2,1,1,1,"I-10 RAMP","",125,34.0368,-118.31363056,0,8,0,1,20,1,0,1,2,1,0,1,0,"0000000",99,99,99,99,88,88,0,0,0,1,0
6,62200,3,3,0,0,0,6,6,37,1980,5,11,2016,7,18,37,1,2,2,2,3,"SR-110","",247,34.07018056,-118.23532778,0,12,1,0,1,1,0,2,3,1,0,1,0,"0000000",99,99,99,99,99,99,0,0,0,1,1
6,62201,2,2,0,0,0,2,2,111,4027,16,10,2016,1,13,40,1,2,2,1,3,"SR-126","",9,34.27023333,-119.22115278,0,1,0,0,1,1,0,1,1,1,0,1,0,"0000000",99,99,99,99,88,88,14,0,0,1,1
6,62202,1,1,0,0,0,3,3,99,0,21,10,2016,6,21,40,1,2,2,1,3,"SR-99","",178,37.65763056,-121.02565,0,35,0,0,1,1,0,4,2,1,0,1,0,"0000000",99,99,99,99,99,99,0,0,0,1,0
6,62203,1,1,0,0,0,4,4,99,0,2,12,2016,6,16,39,0,1,3,2,4,"CR-GOLDEN STATE BOULEVARD","",0,37.46722778,-120.816725,0,1,0,0,1,1,0,1,5,1,0,1,0,"0000000",99,99,99,99,99,99,0,0,0,1,1
6,62204,2,2,0,0,0,3,3,67,0,8,12,2016,5,5,10,1,1,1,1,1,"I-5","",143,38.46002222,-121.49477778,0,12,6,0,1,1,0,1,2,2,5,2,0,"0000000",99,99,99,99,88,88,19,0,0,1,0
6,62205,2,2,0,0,0,3,3,29,9999,7,11,2016,2,15,10,0,1,2,1,3,"SR-43","SEVENTH STANDARD RD",122,35.44159167,-119.25182222,0,12,6,0,2,98,0,1,1,1,0,1,0,"0000000",99,99,99,99,99,99,0,0,0,1,1
6,62206,3,3,0,0,0,10,10,37,0,18,10,2016,3,15,25,0,1,3,2,4,"CR-ALAMEDA ST","FIRESTONE BLVD",0,33.95774722,-118.23101111,0,12,7,0,2,2,0,1,1,1,0,1,0,"0000000",99,99,99,99,99,99,0,0,0,1,0
6,62207,2,2,0,0,0,3,3,37,9999,1,12,2016,5,21,15,0,1,3,2,4,"CR-SIERRA HIGHWAY","",0,34.44821111,-118.42515,0,12,1,0,1,1,0,1,3,1,0,1,0,"0000000",99,99,99,99,99,99,0,0,0,1,1
6,62208,1,1,0,1,1,1,1,77,9999,20,12,2016,3,17,42,0,1,4,2,4,"CR-BENJAMIN HOLT DR","",0,38.01069444,-121.32190833,0,8,0,0,1,1,0,1,3,1,0,1,0,"0000000",99,99,99,99,88,88,0,0,0,1,0
6,62209,2,2,0,0,0,2,2,65,0,5,12,2016,2,7,14,0,1,5,2,4,"CR-SAGE ROAD","",0,33.65736944,-116.94485,0,12,2,0,1,1,0,1,1,1,0,1,0,"0000000",99,99,99,99,99,99,0,0,0,1,1
6,62210,1,1,0,0,0,1,1,15,0,3,10,2016,2,99,99,9,8,98,98,9,"US-199","",99999,41.81529722,-124.04213056,9,18,0,0,1,1,1,1,5,10,0,10,0,"0000000",99,99,99,99,88,88,0,0,0,1,0
6,62211,1,1,0,0,0,1,1,61,3110,11,12,2016,1,1,30,1,2,1,1,1,"I-80 RAMP","",1,38.72461667,-121.28990833,0,33,0,1,5,1,0,4,3,10,0,10,0,"0000000",99,99,99,99,88,88,0,0,0,1,0
6,62212,1,1,0,0,0,1,1,37,1980,13,11,2016,1,4,20,1,2,1,1,1,"I-110","",96,33.86888333,-118.28516944,0,30,0,0,1,1,0,4,3,1,0,1,0,"0000000",99,99,99,99,88,88,0,0,0,1,0
6,62213,2,2,0,0,0,3,3,111,0,29,10,2016,7,1,55,0,1,4,2,4,"CR-HARBOR BL","",0,34.23509167,-119.256475,0,12,2,0,1,1,0,1,2,1,0,1,0,"0000000",99,99,99,99,99,99,0,0,0,2,1
6,62214,1,1,0,0,0,1,1,113,0,3,12,2016,7,4,34,0,1,5,2,4,"CR-OLD RIVER RD","",0,38.64281667,-121.58477778,0,1,0,0,1,1,0,1,2,1,0,1,0,"0000000",99,99,99,99,99,99,0,0,0,1,1
6,62215,2,2,0,0,0,2,2,101,0,19,12,2016,2,4,37,1,1,1,1,1,"SR-20","",70,39.14947222,-121.791475,0,12,2,0,1,1,0,1,2,1,0,1,0,"0000000",99,99,99,99,99,99,0,0,0,1,0
6,62216,3,3,0,0,0,3,3,37,0,5,12,2016,2,6,25,0,1,4,2,4,"CR-AVENUE O","152ND ST E",0,34.61641944,-117.85800556,0,12,1,0,3,3,0,1,4,10,0,10,0,"0000000",99,99,99,99,99,99,0,0,0,1,0
6,62217,1,1,0,0,0,1,1,87,0,14,10,2016,6,17,32,0,2,3,1,3,"SR-9","",172,37.18075833,-122.14093333,0,42,0,0,1,1,0,4,5,2,0,2,0,"0000000",99,99,99,99,88,88,0,0,0,1,0
6,62218,2,1,1,1,1,1,1,1,2480,8,12,2016,5,18,24,1,2,1,1,1,"I-880","",322,37.80223889,-122.28439167,0,8,0,0,1,1,0,3,3,10,2,2,0,"0000000",99,99,99,99,99,99,14,23,0,1,0
6,62219,1,1,0,0,0,1,1,107,0,7,12,2016,4,15,58,0,1,2,1,3,"SR-216","",111,36.40897222,-119.14961111,0,42,0,0,1,1,0,4,1,10,0,10,0,"0000000",99,99,99,99,88,88,0,0,0,1,0
6,62220,2,2,0,0,0,2,2,111,0,8,10,2016,7,19,50,0,1,3,1,3,"SR-33","CREEK RD",0,34.38566667,-119.30214167,0,12,6,0,2,3,0,1,2,1,0,1,0,"0000000",99,99,99,99,99,99,0,0,0,1,0
6,62221,1,1,0,0,0,2,2,111,9999,29,10,2016,7,14,45,0,1,2,1,3,"SR-150","",20,34.39293889,-119.42505556,0,24,0,0,1,1,0,4,1,10,0,10,0,"0000000",99,99,99,99,99,99,0,0,0,1,0
6,62222,1,1,0,0,0,1,1,37,1980,26,10,2016,4,18,30,1,2,2,1,3,"SR-118 RAMP","",122,34.27095,-118.42986944,0,25,0,0,5,1,0,4,5,1,0,1,0,"0000000",99,99,99,99,88,88,0,0,0,1,0
6,62223,1,1,0,0,0,1,1,71,0,19,12,2016,2,23,58,1,1,1,1,2,"US-395","",231,34.679925,-117.44645,0,1,0,0,1,1,0,4,2,1,0,1,0,"0000000",99,99,99,99,88,88,0,0,0,1,0
6,62224,2,2,0,0,0,2,2,71,9999,2,12,2016,6,6,10,0,1,5,2,4,"CR-LEAR AVENUE","",0,34.18204722,-116.15055,0,12,2,0,1,1,0,1,2,1,0,1,0,"0000000",99,99,99,99,99,99,0,0,0,1,0
6,62225,1,1,0,0,0,1,1,67,0,10,12,2016,7,1,12,0,1,3,2,4,"CR-FAIR OAKS BOULEVARD","",0,38.57618056,-121.37575,0,42,0,0,1,1,0,4,3,2,10,2,0,"0000000",99,99,99,99,88,88,0,0,0,1,1
6,62226,1,1,0,0,0,1,1,37,2870,19,11,2016,7,22,49,1,2,2,1,3,"SR-60 RAMP","",41,34.02701389,-117.75294722,0,33,0,1,5,1,0,8,3,1,0,1,0,"0000000",99,99,99,99,88,88,0,0,0,1,0
6,62227,1,1,0,0,0,1,1,111,0,11,12,2016,1,16,36,0,1,2,1,3,"SR-1","",22,34.06124444,-118.979025,0,58,0,0,1,1,0,4,5,10,0,10,0,"0000000",99,99,99,99,88,88,0,0,0,1,0
6,62228,2,2,0,0,0,3,3,59,80,28,11,2016,2,7,8,0,1,4,2,4,"CR-GILBERT STREET","KATELLA AVE",0,33.80309444,-117.96764722,0,12,6,0,2,2,0,1,1,10,0,10,0,"0000000",99,99,99,99,99,99,0,0,0,1,0
6,62229,2,2,0,1,1,1,1,71,3210,29,10,2016,7,2,22,1,2,2,1,3,"SR-210","",248,34.14473056,-117.26793889,0,24,0,0,1,1,0,3,3,1,0,1,0,"0000000",99,99,99,99,99,98,19,23,0,1,0
6,62230,4,4,0,0,0,9,9,39,0,14,12,2016,4,14,50,1,1,2,1,3,"SR-41","",137,37.06899444,-119.76619722,0,12,8,0,1,1,0,1,1,1,0,1,0,"0000000",14,52,99,99,99,99,0,0,0,1,0
6,62231,1,1,0,0,0,1,1,33,0,1,10,2016,7,11,5,0,1,2,1,3,"SR-20","",153,39.11164167,-122.81945556,0,59,0,0,1,1,0,4,1,1,0,1,0,"0000000",99,99,99,99,88,88,0,0,0,1,0
6,62232,1,1,0,1,1,1,1,67,0,21,11,2016,2,16,22,0,1,3,2,4,"CR-MARCONI AVENUE","",0,77.7777,777.7777,0,8,0,0,1,1,0,1,1,1,0,1,0,"0000000",99,99,99,99,99,99,0,0,0,1,0
6,62233,2,2,0,0,0,3,3,67,0,28,8,2016,1,22,50,1,1,2,1,3,"SR-99","",341,38.69199722,-121.5403,0,12,2,0,1,1,0,1,2,1,0,1,0,"0000000",99,99,99,99,99,99,0,0,0,2,1