"STATE","ST_CASE","VE_TOTAL","VE_FORMS","PVH_INVL","PEDS","PERNOTMVIT","PERMVIT","PERSONS","COUNTY","CITY","DAY","MONTH","YEAR","DAY_WEEK","HOUR","MINUTE","NHS","RUR_URB","FUNC_SYS","RD_OWNER","ROUTE","TWAY_ID","TWAY_ID2","MILEPT","LATITUDE","LONGITUD","SP_JUR","HARM_EV","MAN_COLL","RELJCT1","RELJCT2","TYP_INT","WRK_ZONE","REL_ROAD","LGT_COND","WEATHER1","WEATHER2","WEATHER","SCH_BUS","RAIL","NOT_HOUR","NOT_MIN","ARR_HOUR","ARR_MIN","HOSP_HR","HOSP_MN","CF1","CF2","CF3","FATALS","DRUNK_DR"
6,62234,2,2,0,0,0,2,2,39,9999,30,11,2016,4,2,6,1,1,2,1,3,"SR-99","",226,37.08401111,-120.20876111,0,12,2,0,1,1,0,1,2,1,0,1,0,"0000000",99,99,99,99,88,88,0,0,0,1,1
6,62235,2,2,0,0,0,3,3,37,0,25,9,2016,1,18,35,1,2,1,1,1,"I-10","",399,34.06826667,-117.85006111,0,12,1,0,1,1,1,1,5,1,0,1,0,"0000000",99,99,99,99,99,99,0,0,0,1,0
6,62236,1,1,0,1,1,1,1,37,2870,23,11,2016,4,2,35,1,2,1,1,1,"I-10","",419,34.06370556,-117.815375,0,8,0,0,1,1,1,1,2,10,0,10,0,"0000000",99,99,99,99,88,88,0,0,0,1,0
6,62237,1,1,0,0,0,2,2,83,0,21,9,2016,4,6,18,0,1,2,1,3,"SR-246","PURISMA ROAD",122,34.66468056,-120.40764722,0,33,0,0,3,5,0,4,2,5,0,5,0,"0000000",99,99,99,99,99,99,0,0,0,1,0
6,62238,1,1,0,0,0,2,2,37,2060,25,1,2016,2,22,55,0,2,4,4,6,"ARDMORE AVE","19TH ST",0,33.89120278,-118.40939722,0,39,0,0,3,3,0,4,3,1,0,1,0,"0000000",99,99,99,99,99,99,0,0,0,2,1
6,62239,1,1,0,0,0,2,2,71,4291,11,2,2016,5,19,28,0,2,4,4,6,"YUCCA TRAIL","",0,34.12055833,-116.37301111,0,1,0,0,1,1,0,4,2,1,0,1,0,"0000000",99,99,99,99,99,99,0,0,0,1,0
6,62240,4,4,0,0,0,8,8,19,0,27,12,2016,3,12,49,1,1,1,1,1,"I-5","",595,36.77068056,-120.71918889,0,12,1,0,1,1,0,1,1,1,0,1,0,"0000000",99,99,99,99,88,88,27,0,0,1,0
6,62241,1,1,0,0,0,4,4,73,9999,24,12,2016,7,10,30,0,1,5,2,1,"GREAT SOUTHERN OVERLAND STAGE","",0,33.02655278,-116.41598889,0,1,0,0,1,1,0,2,1,10,0,10,0,"0000000",99,99,99,99,99,99,0,0,0,2,0
6,62242,1,1,0,0,0,1,1,81,3390,16,12,2016,6,99,99,1,2,2,1,2,"US-101","",122,37.55274722,-122.29358889,0,25,0,0,5,1,0,4,3,1,0,1,0,"0000000",99,99,99,99,88,88,0,0,0,1,1
6,62243,2,2,0,0,0,2,2,73,3260,17,11,2016,5,23,22,1,2,1,1,1,"I-805","",238,32.84834444,-117.17840278,0,24,0,0,1,1,0,4,2,1,0,1,0,"0000000",99,99,99,99,99,99,0,0,0,1,1
6,62244,1,1,0,0,0,2,2,93,0,30,10,2016,1,8,20,1,1,1,1,1,"I-5","",402,41.65914167,-122.56941389,0,24,0,0,1,1,0,3,1,10,2,2,0,"0000000",99,99,99,99,99,99,0,0,0,1,0
6,62245,1,1,0,0,0,1,1,33,1800,31,10,2016,2,0,0,1,2,2,1,3,"SR-29","",417,39.03467222,-122.92478889,0,1,0,1,19,1,0,4,2,2,0,2,0,"0000000",99,99,99,99,88,88,0,0,0,1,1
6,62246,1,1,0,0,0,2,2,47,0,7,5,2016,7,11,49,1,2,2,1,3,"SR-99","",117,37.27473056,-120.43745,0,21,0,0,1,1,0,4,1,10,0,10,0,"0000000",99,99,99,99,99,99,0,0,0,1,0
6,62247,2,1,1,0,1,1,2,107,4050,13,11,2016,1,0,15,1,2,2,1,3,"SR-198","",118,36.32761944,-119.26053333,0,14,0,1,19,1,0,4,2,1,0,1,0,"0000000",99,99,99,99,99,99,0,0,0,1,1
6,62248,2,2,0,0,0,2,2,37,0,24,8,2016,4,5,25,1,1,2,1,3,"SR-126","",2,34.40655,-118.68796111,0,12,1,0,1,1,0,1,2,1,0,1,0,"0000000",99,99,99,99,88,88,14,0,0,1,0
6,62249,4,4,0,0,0,7,7,65,0,23,12,2016,6,9,48,0,2,5,4,6,"DOMENIGONI PARKWAY","SR-79",0,33.69615833,-117.0845,0,33,0,0,3,2,0,3,1,2,10,2,0,"0000000",99,99,99,99,99,99,0,0,0,2,0
6,62250,4,4,0,0,0,5,5,59,3250,17,12,2016,7,13,14,1,1,1,1,1,"I-5","",135,33.55303056,-117.6728,0,54,11,0,1,1,0,1,1,1,0,1,0,"0000000",99,99,99,99,99,99,14,0,0,1,0
6,62251,1,1,0,1,1,2,2,87,0,7,8,2016,1,21,25,0,1,2,1,3,"SR-1","",296,37.01902778,-122.20607778,0,8,0,0,1,1,0,1,2,10,0,10,0,"0000000",99,99,99,99,88,88,0,0,0,1,0
6,62252,1,1,0,0,0,1,1,59,3250,15,3,2016,3,12,50,0,2,5,4,6,"CALLE DEL CERRO","",0,33.44266944,-117.60931389,0,33,0,0,1,1,0,3,1,1,0,1,0,"0000000",99,99,99,99,88,88,0,0,0,1,0
6,62253,1,1,0,0,0,1,1,37,1700,3,4,2016,1,3,47,0,2,3,4,6,"IMPERIAL HIGHWAY","",0,33.93098889,-118.32068889,0,33,0,0,1,1,0,3,3,1,0,1,0,"0000000",99,99,99,99,88,88,0,0,0,1,0
6,62254,1,1,0,1,1,1,1,65,1003,16,4,2016,7,4,44,0,2,3,4,6,"PALM DR","PAUL RD",0,33.88305,-116.50185833,0,8,0,0,2,2,0,1,3,1,0,1,0,"0000000",99,99,99,99,99,99,0,0,0,1,0
6,62255,1,1,0,1,1,1,1,65,2646,15,2,2016,2,20,15,0,2,3,4,6,"HWY 111","",0,33.72141389,-116.39016111,0,8,0,0,1,1,0,1,2,1,0,1,0,"0000000",99,99,99,99,99,99,0,0,0,1,0
6,62256,1,1,0,0,0,1,1,61,9999,23,12,2016,6,21,40,0,1,5,2,4,"PLACER HILLS RD","",0,77.7777,777.7777,0,38,0,0,1,1,0,4,2,10,0,10,0,"0000000",99,99,99,99,88,88,0,0,0,1,1
6,62257,2,2,0,0,0,5,5,63,0,24,12,2016,7,12,22,0,1,4,1,3,"SR-70","",360,40.02181111,-120.96191944,0,12,2,0,1,1,0,1,1,10,0,10,0,"0000000",99,99,99,99,99,99,0,0,0,1,0
6,62258,1,1,0,1,1,2,2,37,0,3,11,2016,5,20,12,0,1,4,2,4,"CR-WILMINGTON AVE","",0,33.9265,-118.2391,0,8,0,0,1,1,0,1,3,1,0,1,0,"0000000",99,99,99,99,99,99,0,0,0,1,0
6,62259,1,1,0,0,0,1,1,61,0,20,11,2016,1,12,15,0,1,5,2,4,"CR-FORESTHILL ROAD","",0,38.97842778,-120.94178889,0,42,0,0,1,1,0,4,1,10,0,10,0,"0000000",99,99,99,99,99,99,0,0,0,1,0
6,62260,1,1,0,0,0,1,1,13,0,18,10,2016,3,15,43,1,2,1,1,1,"I-80 RAMP","",135,38.05410556,-122.22766944,0,25,0,0,5,1,0,4,1,1,0,1,0,"0000000",99,99,99,99,88,88,0,0,0,1,0
6,62261,2,2,0,0,0,2,2,99,0,28,12,2016,4,23,35,0,1,2,1,3,"SR-33","",251,37.60787222,-121.26303611,0,12,2,0,1,1,0,1,2,1,0,1,0,"0000000",99,99,99,99,88,88,0,0,0,1,1
6,62262,3,3,0,0,0,5,5,37,1110,6,10,2016,5,17,30,1,2,1,1,1,"I-10","",282,34.07186389,-118.05055833,0,12,7,0,1,1,0,1,1,1,0,1,0,"0000000",99,99,99,99,99,99,0,0,0,1,0
6,62263,1,1,0,1,1,1,1,37,0,30,12,2016,6,12,12,0,1,3,2,4,"CR-HACIENDA BLVD","CR-HALLIBURTON RD",0,33.997225,-117.96771389,0,15,0,0,3,3,0,1,1,10,0,10,0,"0000000",99,99,99,99,88,88,0,0,0,1,0
6,62264,2,2,0,0,0,3,3,71,0,22,12,2016,5,12,38,1,1,1,1,2,"US-95","",620,34.93181944,-114.79398889,0,12,2,0,1,1,0,2,1,2,0,2,0,"0000000",99,99,99,99,88,88,0,0,0,3,0
6,62265,1,1,0,0,0,1,1,67,3150,17,12,2016,7,17,24,1,2,1,1,1,"I-5","",289,38.65416389,-121.53245,0,38,0,0,1,1,0,4,3,1,0,1,0,"0000000",99,99,99,99,88,88,0,0,0,1,0
6,62266,2,2,0,0,0,3,3,33,9999,8,11,2016,3,12,17,9,8,98,98,9,"SR-20","",99999,38.98926111,-122.54168889,9,12,2,0,1,1,0,1,1,1,0,1,0,"0000000",99,99,99,99,99,99,0,0,0,1,0
6,62267,1,1,0,1,1,1,1,33,9999,12,11,2016,7,17,20,0,1,2,1,3,"SR-20","POMO WAY",112,39.14153333,-122.88288611,0,8,0,0,2,3,0,1,5,10,0,10,0,"0000000",99,99,99,99,88,88,0,0,0,1,0
6,62268,1,1,0,0,0,1,1,77,9999,13,12,2016,3,22,10,0,1,3,2,4,"CR-WEST LN","",0,38.247,-121.1743,0,42,0,0,1,1,0,4,2,10,0,10,0,"0000000",99,99,99,99,88,88,0,0,0,1,1
6,62269,2,1,1,2,2,2,2,107,0,1,7,2016,6,9,28,1,1,2,1,3,"SR-198","",176,36.32631111,-119.15573056,0,14,0,0,1,1,0,2,1,1,0,1,0,"0000000",99,99,99,99,99,99,15,0,0,1,0
6,62270,1,1,0,0,0,1,1,107,0,19,11,2016,7,99,99,0,1,5,2,4,"CR-ROAD 88","",0,36.50321944,-119.37674167,0,42,0,0,1,1,0,4,2,1,0,1,0,"0000000",99,99,99,99,88,88,0,0,0,1,1
6,62271,2,2,0,1,1,1,1,37,804,6,7,2016,4,4,28,1,2,1,1,1,"I-5","",110,33.98823056,-118.13801111,0,8,0,0,1,1,0,1,3,10,0,10,0,"0000000",99,99,99,99,88,88,14,23,0,1,0
6,62272,4,4,0,0,0,10,10,65,3070,16,7,2016,7,14,2,1,2,2,1,3,"SR-91 RAMP","",215,33.99081111,-117.35901111,0,12,1,0,1,1,0,1,1,1,0,1,0,"0000000",99,99,99,99,88,88,14,20,0,1,1
6,62273,1,1,0,1,1,1,1,53,3180,26,3,2016,7,4,27,0,2,4,4,6,"E MARKET ST","",0,36.677325,-121.63958056,0,8,0,0,1,1,0,1,3,1,0,1,0,"0000000",99,99,99,99,88,88,0,0,0,1,0
6,62274,1,1,0,0,0,1,1,65,2935,27,2,2016,7,17,34,0,2,3,4,6,"HIGHWAY 111","",0,33.750625,-116.42709167,0,33,0,0,1,1,0,4,3,1,0,1,0,"0000000",99,99,99,99,88,88,0,0,0,1,0
6,62275,1,1,0,0,0,1,1,37,4124,28,4,2016,5,4,20,0,2,3,4,6,"SUNSET BLVD","",0,34.09063056,-118.38388056,0,33,0,0,1,1,0,4,3,1,0,1,0,"0000000",99,99,99,99,88,88,0,0,0,1,0
6,62276,1,1,0,1,1,1,1,59,80,12,3,2016,7,20,46,0,2,3,4,6,"S MAGNOLIA DR","",0,33.81727778,-117.97582222,0,8,0,0,1,1,0,1,2,1,0,1,0,"0000000",99,99,99,99,99,99,0,0,0,1,1
6,62277,1,1,0,0,0,3,3,41,0,18,10,2016,3,0,6,0,1,5,2,4,"CR-SIR FRANCIS DRAKE BLVD","",0,38.04507222,-122.75028333,0,31,0,0,1,1,0,4,2,1,0,1,0,"0000000",99,99,99,99,88,88,0,0,0,3,0
6,62278,2,1,1,0,0,1,1,13,975,19,12,2016,2,3,24,1,2,1,1,1,"I-680","",90,37.8372,-122.0132,0,14,0,0,1,1,0,2,3,1,0,1,0,"0000000",99,99,99,99,99,99,0,0,0,1,0
6,62279,1,1,0,0,0,2,2,37,0,23,12,2016,6,3,40,1,2,2,1,3,"SR-60","",50,34.03331111,-118.14513056,0,24,0,0,1,1,0,4,2,10,0,10,0,"0000000",99,99,99,99,99,99,0,0,0,1,1
6,62281,1,1,0,0,0,1,1,73,0,6,12,2016,3,20,55,1,2,2,1,3,"SR-125 RAMP","",89,32.69174167,-117.01552778,0,33,0,1,5,1,0,4,3,1,0,1,0,"0000000",99,99,99,99,99,99,0,0,0,1,0
6,62282,2,2,0,0,0,2,2,59,3960,13,12,2016,3,22,33,1,2,2,1,3,"SR-55","",118,33.76083889,-117.83076944,0,12,7,0,1,1,0,1,3,1,0,1,0,"0000000",99,99,99,99,99,99,0,0,0,1,0
6,62283,3,3,0,0,0,3,3,59,0,18,7,2016,2,17,3,0,1,3,2,4,"CR-SANTIAGO CANYON ROAD","",0,33.73781944,-117.66075,0,12,2,0,1,1,0,1,1,1,0,1,0,"0000000",99,99,99,99,88,88,0,0,0,1,0
6,62284,1,1,0,0,0,1,1,37,804,21,4,2016,5,12,16,0,2,3,4,6,"WASHINGTON BLVD","",0,34.00034722,-118.13477222,0,33,0,0,1,1,0,4,1,1,0,1,0,"0000000",99,99,99,99,99,99,0,0,0,1,0
6,62285,1,1,0,1,1,1,1,37,3853,16,4,2016,7,19,58,0,2,5,4,6,"GOLDEN WEST AVE","",0,34.11674444,-118.05845278,0,8,0,0,1,1,0,1,3,1,0,1,0,"0000000",99,99,99,99,99,99,0,0,0,1,0
6,62286,2,2,0,0,0,2,2,37,1440,18,5,2016,4,8,20,0,2,4,4,6,"SUNFLOWER AVE","",0,34.11025278,-117.84637222,0,12,2,0,1,1,0,1,1,1,0,1,0,"0000000",99,99,99,99,88,88,0,0,0,1,0
6,62287,4,4,0,0,0,5,5,65,0,11,5,2016,4,11,12,1,1,1,1,1,"I-10","",203,33.92053333,-116.75805,0,12,1,0,1,1,0,1,1,1,0,1,0,"0000000",99,99,99,99,99,99,0,0,0,1,0
6,62288,2,2,0,0,0,3,3,61,0,15,12,2016,5,13,15,0,1,2,1,3,"SR-49","",81,38.96601389,-121.104325,0,12,6,0,1,1,0,1,1,2,10,2,0,"0000000",99,99,99,99,88,88,0,0,0,2,0
6,62289,1,1,0,0,0,2,2,13,0,30,12,2016,6,9,57,1,1,2,1,3,"SR-4 RAMP","",130,37.99355,-122.07155833,0,25,0,1,5,1,0,8,1,1,0,1,0,"0000000",99,99,99,99,99,99,0,0,0,2,0
6,62290,1,1,0,1,1,1,1,73,3260,9,10,2016,1,3,19,1,2,1,1,1,"I-8","",85,32.77925833,-117.06296667,0,8,0,0,1,1,0,1,2,1,0,1,0,"0000000",99,99,99,99,88,88,0,0,0,1,0
6,62291,1,1,0,0,0,1,1,73,3260,13,12,2016,3,99,99,1,2,1,1,1,"I-805","",21,32.57280278,-117.04049444,0,59,0,0,1,1,0,8,3,1,0,1,0,"0000000",99,98,99,98,88,88,18,0,0,1,0
6,62292,2,2,0,0,0,2,2,111,0,23,9,2016,6,23,24,1,1,2,1,2,"US-101","",321,34.28618056,-119.3241,0,12,2,0,1,1,0,1,2,1,0,1,0,"0000000",99,99,99,99,99,99,0,0,0,1,0
6,62293,2,1,1,0,0,1,1,99,2200,17,6,2016,6,12,48,0,2,3,4,6,"W HATCH RD","",0,37.60693611,-121.00996389,0,14,0,0,1,1,0,4,1,1,0,1,0,"0000000",99,99,99,99,99,99,0,0,0,1,0
6,62294,2,2,0,1,1,1,1,99,9999,30,11,2016,4,5,42,0,1,5,2,4,"CR-MONTPELIER ROAD","CR-MONTE VISTA AVENUE",0,37.52087778,-120.68383056,0,12,6,0,2,2,0,1,2,10,5,5,0,"0000000",99,99,99,99,88,88,19,23,0,1,0
6,62295,4,2,2,1,1,4,4,37,0,18,10,2016,3,7,30,0,1,7,2,4,"CR-81ST ST","CROCKETT BL",0,33.96517778,-118.23695,0,12,6,0,2,2,0,1,1,1,0,1,0,"0000000",99,99,99,99,99,99,14,0,0,1,0
6,62296,1,1,0,0,0,2,2,53,9999,5,11,2016,7,5,10,1,1,1,1,2,"US-101","",730,36.52467778,-121.46703333,0,52,0,0,1,1,1,4,2,1,0,1,0,"0000000",99,99,99,99,99,99,0,0,0,2,1
6,62297,2,2,0,0,0,2,2,37,1970,20,6,2016,2,21,55,0,2,3,4,6,"7TH STREET","NEWPORT AVE",0,33.77532778,-118.15135556,0,12,6,0,2,2,0,1,3,1,0,1,0,"0000000",99,99,99,99,88,88,0,0,0,1,1
6,62298,2,2,0,0,0,4,4,65,526,28,6,2016,3,15,8,0,2,5,4,6,"SAN TIMOTEO CANYON RD","",0,33.96731111,-117.07495278,0,12,2,0,1,1,0,1,1,1,0,1,0,"0000000",99,99,99,99,99,99,0,0,0,1,1
6,62299,1,1,0,0,0,2,2,19,0,16,12,2016,6,5,10,1,1,1,1,1,"I-5","",215,36.34918056,-120.31638333,0,33,0,0,1,1,0,4,2,6,0,6,0,"0000000",99,99,99,99,99,99,0,0,0,1,0
6,62300,2,2,0,0,0,4,4,19,9999,4,12,2016,1,20,30,0,1,2,1,3,"SR-180","",266,36.732925,-120.34096111,0,12,2,0,1,1,0,1,2,10,0,10,0,"0000000",99,99,99,99,99,99,0,0,0,1,1
6,62301,2,2,0,0,0,2,2,87,0,26,10,2016,4,18,30,0,1,2,1,3,"SR-1","",358,37.08826944,-122.27278056,0,12,2,0,1,1,0,1,2,1,0,1,0,"0000000",99,99,99,99,88,88,0,0,0,1,1
6,62302,2,2,0,0,0,2,2,37,0,17,11,2016,5,20,45,1,1,3,1,3,"SR-2","",273,34.23007778,-118.18192778,0,12,2,0,1,1,0,1,2,10,0,10,0,"0000000",99,99,99,99,99,99,0,0,0,1,0
6,62303,2,2,0,0,0,3,3,107,0,23,12,2016,6,20,13,0,2,4,4,6,"ROAD 80","",0,36.48438056,-119.39415,0,12,6,0,1,1,0,1,2,2,0,2,0,"0000000",99,99,99,99,99,99,0,0,0,1,0
6,62304,2,2,0,0,0,4,4,37,0,17,9,2016,7,5,3,0,1,4,2,4,"CR-MINES BLVD","DUCHESS DR",0,33.97865833,-118.06613889,0,12,2,0,3,2,0,1,3,1,0,1,0,"0000000",99,99,99,99,99,99,0,0,0,1,2
6,62305,1,1,0,0,0,2,2,37,1980,5,3,2016,7,4,0,1,2,2,1,3,"SR-170","",182,34.19974722,-118.40338333,0,33,0,0,1,1,0,4,2,10,0,10,0,"0000000",99,99,99,99,99,99,0,0,0,1,0
6,62306,3,3,0,0,0,3,3,83,600,28,9,2016,4,7,38,1,2,2,1,2,"US-101","",43,34.40369722,-119.528125,0,12,7,0,1,1,0,1,1,1,0,1,0,"0000000",99,99,99,99,88,88,0,0,0,1,0
6,62307,1,1,0,1,1,2,2,37,602,18,5,2016,4,20,41,0,2,3,4,6,"223RD ST","DOLORES ST",0,33.82419722,-118.272325,0,8,0,0,3,2,0,1,3,1,0,1,0,"0000000",99,99,99,99,99,99,0,0,0,1,0
6,62308,1,1,0,1,1,1,1,37,2700,18,5,2016,4,21,48,0,2,4,4,6,"WASHINGTON BLVD","",0,34.16898056,-118.13354444,0,8,0,0,1,1,0,1,3,1,0,1,0,"0000000",99,99,99,99,88,88,0,0,0,1,0
6,62309,1,1,0,0,0,2,2,37,2870,15,4,2016,6,2,59,0,2,5,4,6,"VAL VISTA ST","",0,34.07216111,-117.76290278,0,33,0,0,1,1,0,4,3,1,0,1,0,"0000000",99,99,99,99,99,99,20,0,0,1,1
6,62310,2,2,0,0,0,2,2,73,4060,9,6,2016,5,9,40,0,2,4,4,6,"W BOBIER DR","DORSEY WY",0,33.22111389,-117.24861389,0,12,6,0,2,3,0,1,1,1,0,1,0,"0000000",99,99,99,99,99,99,0,0,0,1,0
6,62311,2,2,0,0,0,3,3,37,930,8,6,2016,4,20,27,0,2,4,4,6,"CENTINELA AVE","",0,33.977075,-118.38648611,0,12,6,0,8,1,0,1,3,1,0,1,0,"0000000",99,99,99,99,99,99,0,0,0,1,1
6,62312,1,1,0,0,0,1,1,37,1980,19,7,2016,3,2,45,1,2,1,1,1,"I-5","",440,34.31364722,-118.48834167,0,33,0,0,1,1,0,4,3,1,0,1,0,"0000000",99,99,99,99,88,88,0,0,0,1,0
6,62313,2,2,0,0,0,4,4,29,0,4,12,2016,1,13,28,0,1,3,2,4,"CR-SOUTH UNION AVE","CR-EAST WHITE LANE",0,35.31768611,-119.00298056,0,12,6,0,2,2,0,1,1,1,0,1,0,"0000000",99,99,99,99,99,99,0,0,0,1,0
6,62314,3,3,0,0,0,4,4,37,9999,15,12,2016,5,19,28,0,1,3,2,4,"CR-SIERRA HIGHWAY","`",0,34.45313056,-118.4211,0,12,2,0,1,1,0,1,2,2,10,2,0,"0000000",99,99,99,99,99,99,0,0,0,1,0
6,62315,2,2,0,0,0,6,6,25,0,21,12,2016,4,18,12,0,8,98,98,3,"SR-86","SR-78",92,32.99925,-115.58918056,0,12,6,0,2,2,0,1,2,2,0,2,0,"0000000",99,99,99,99,99,99,0,0,0,1,0
6,62316,2,2,0,0,0,4,4,111,0,5,7,2016,3,0,43,1,1,2,1,3,"SR-126","",259,34.40082778,-118.83723889,0,12,7,0,1,1,0,1,2,1,0,1,0,"0000000",99,99,99,99,88,88,0,0,0,1,0
6,62317,1,1,0,1,1,1,1,41,3410,9,6,2016,5,13,13,0,2,3,4,6,"3RD ST","HETHERTON ST",0,37.97141944,-122.52223056,0,8,0,0,3,2,0,1,1,1,0,1,0,"0000000",99,99,99,99,88,88,0,0,0,1,0
6,62318,1,1,0,0,0,1,1,1,2480,26,1,2016,3,13,30,0,2,7,4,6,"SAGE RD","",0,37.76720278,-122.13841944,0,38,0,0,8,1,0,4,1,1,0,1,0,"0000000",99,99,99,99,99,99,0,0,0,1,0
6,62319,1,1,0,1,1,1,1,13,3010,28,1,2016,5,14,22,0,2,7,4,6,"BECK ST","",0,37.92706111,-122.33686944,0,8,0,0,4,1,0,1,1,1,0,1,0,"0000000",99,99,99,99,88,88,0,0,0,1,0
6,62320,1,1,0,1,1,1,1,67,712,24,4,2016,1,21,48,0,2,4,4,6,"OLD AUBURN","",0,38.70418333,-121.2712,0,8,0,0,1,1,0,1,3,1,0,1,0,"0000000",99,99,99,99,88,88,0,0,0,1,0
6,62321,1,1,0,0,0,1,1,37,0,31,8,2016,4,10,58,0,1,5,2,4,"CR-SAND CANYON RD","",0,34.44213889,-118.41906667,0,1,0,0,1,1,0,4,1,1,0,1,0,"0000000",99,99,99,99,99,99,0,0,0,1,0
6,62322,2,1,1,0,4,1,5,13,3412,9,9,2016,6,18,20,1,2,1,1,1,"I-680","",13,37.73691111,-121.95036111,0,14,0,0,1,1,0,2,1,1,0,1,0,"0000000",99,99,99,99,99,99,23,0,0,1,0
6,62323,1,1,0,1,1,1,1,67,9999,19,11,2016,7,17,45,0,8,98,98,4,"CR-47TH AVENUE","",99999,38.510525,-121.44667778,0,9,0,0,1,1,0,1,2,10,2,2,0,"0000000",99,99,99,99,99,99,0,0,0,1,0
6,62324,1,1,0,2,2,2,2,77,0,8,12,2016,5,19,35,0,8,98,98,7,"SR-99 WEST FRONTAGE ROAD","",0,38.01605833,-121.25849444,0,9,0,0,1,1,0,1,2,10,0,10,0,"0000000",99,99,99,99,88,88,16,0,0,3,0
6,62325,1,1,0,0,0,1,1,85,0,7,9,2016,4,13,14,1,2,2,1,2,"US-101","",303,37.28449444,-121.80965833,0,38,0,0,1,1,0,4,1,1,0,1,0,"0000000",99,99,99,99,88,88,0,0,0,1,0
6,62326,1,1,0,0,0,2,2,37,0,27,5,2016,6,20,50,0,1,5,2,4,"CR-MALIBU CANYON RD","",0,34.04734167,-118.69206389,0,24,0,0,1,1,0,4,5,1,0,1,0,"0000000",99,99,99,99,99,99,0,0,0,1,1
6,62327,3,3,0,0,0,7,7,13,2830,3,1,2016,1,20,5,1,2,1,1,1,"I-680 RAMP","CONTRA COSTA BLVD",172,37.9413,-122.06033611,0,12,1,1,5,1,0,1,5,10,0,10,0,"0000000",99,99,99,99,99,99,0,0,0,2,0
6,62328,1,1,0,1,1,1,1,81,3390,11,4,2016,2,1,37,0,2,3,1,3,"SR-35","",253,37.62942222,-122.45180278,0,8,0,0,1,1,0,1,3,1,0,1,0,"0000000",99,99,99,99,88,88,0,0,0,1,0
6,62329,1,1,0,1,1,2,2,77,3770,11,6,2016,7,17,40,0,2,3,4,6,"EL DORADO ST","",0,37.99011944,-121.30286389,0,9,0,0,1,1,0,1,1,1,0,1,0,"0000000",99,99,99,99,99,99,0,0,0,1,1
6,62330,1,1,0,0,0,4,4,65,0,20,10,2016,5,5,40,1,1,1,1,1,"I-10","",911,33.66975,-115.63526111,0,43,0,0,1,1,1,4,2,1,0,1,0,"0000000",99,99,99,99,99,99,0,0,0,1,0
6,62331,2,2,0,0,0,4,4,21,9999,26,10,2016,4,13,0,0,1,1,1,3,"SR-162","",730,39.52160556,-122.08127222,0,12,2,0,1,1,0,1,1,1,0,1,0,"0000000",99,99,99,99,88,88,0,0,0,3,0
6,62332,1,1,0,0,0,1,1,111,0,18,9,2016,1,19,20,0,1,3,1,3,"SR-23","",152,34.31058889,-118.87935833,0,11,0,0,1,1,0,1,2,1,0,1,0,"0000000",99,99,99,99,99,99,0,0,0,1,0
6,62333,2,2,0,0,0,2,2,109,0,14,10,2016,6,19,33,0,1,2,1,3,"SR-132","",42,37.6793,-120.3589,0,12,6,0,1,1,0,1,2,2,0,2,0,"0000000",99,99,99,99,99,99,0,0,0,1,1
6,62334,1,1,0,0,0,2,2,55,0,15,10,2016,7,14,30,0,1,6,2,4,"CR-BERRYESSA KNOXVILLE RD","",0,38.844025,-122.37634167,0,35,0,0,1,1,0,4,1,10,2,2,0,"0000000",99,99,99,99,99,99,0,0,0,1,0
6,62335,5,5,0,0,0,8,8,37,804,9,7,2016,7,0,16,1,8,98,1,1,"I-710 RAMP","",231,34.0156,-118.1726,0,12,1,1,20,1,0,1,3,1,0,1,0,"0000000",99,99,99,99,99,99,0,0,0,1,1
6,62336,1,1,0,0,0,1,1,37,0,10,12,2016,7,1,14,1,1,2,1,3,"SR-14","",429,34.48706389,-118.28686667,0,33,0,0,1,1,0,4,2,1,0,1,0,"0000000",99,99,99,99,88,88,0,0,0,1,0
6,62337,2,2,0,0,0,3,3,65,0,17,11,2016,5,4,3,1,8,98,98,1,"I-10","",900,33.66674167,-115.66115,0,12,6,0,1,1,0,1,2,6,0,6,0,"0000000",99,99,99,99,88,88,14,0,0,1,0
6,62338,1,1,0,1,1,1,1,1,2480,8,11,2016,3,2,30,1,2,2,1,1,"I-880","",272,37.76235,-122.21565556,0,8,0,0,1,1,0,1,3,1,0,1,0,"0000000",99,99,99,99,88,88,0,0,0,1,0
6,62339,2,2,0,0,0,3,3,47,0,23,12,2016,6,16,44,1,2,2,1,3,"SR-99","",40,37.19056667,-120.33385,0,12,6,0,1,1,0,1,2,10,2,2,0,"0000000",99,99,99,99,99,99,0,0,0,1,0
6,62340,1,1,0,1,1,1,1,73,3260,30,10,2016,1,21,45,1,8,98,98,1,"I-8","",99999,32.76680556,-117.1485,9,8,0,0,1,1,0,1,2,1,0,1,0,"0000000",99,99,99,99,88,88,0,0,0,1,0
6,62341,3,3,0,2,2,3,3,67,0,5,11,2016,7,22,45,1,1,1,1,1,"I-80","",114,38.6506,-121.3714,0,12,7,0,1,1,0,1,2,1,0,1,0,"0000000",99,99,99,99,99,99,23,0,0,1,0