"STATE","ST_CASE","VE_TOTAL","VE_FORMS","PVH_INVL","PEDS","PERNOTMVIT","PERMVIT","PERSONS","COUNTY","CITY","DAY","MONTH","YEAR","DAY_WEEK","HOUR","MINUTE","NHS","RUR_URB","FUNC_SYS","RD_OWNER","ROUTE","TWAY_ID","TWAY_ID2","MILEPT","LATITUDE","LONGITUD","SP_JUR","HARM_EV","MAN_COLL","RELJCT1","RELJCT2","TYP_INT","WRK_ZONE","REL_ROAD","LGT_COND","WEATHER1","WEATHER2","WEATHER","SCH_BUS","RAIL","NOT_HOUR","NOT_MIN","ARR_HOUR","ARR_MIN","HOSP_HR","HOSP_MN","CF1","CF2","CF3","FATALS","DRUNK_DR"
6,62342,2,2,0,0,0,4,4,67,0,11,9,2016,1,21,55,0,1,3,2,4,"CR-WATT AVE","",0,38.62096111,-121.38293056,0,33,0,0,1,1,0,3,3,1,0,1,0,"0000000",99,99,99,99,99,99,0,0,0,1,0
6,62343,2,2,0,0,0,2,2,55,0,3,11,2016,5,19,13,0,1,7,2,4,"CR-VICHY AVE","",0,38.331425,-122.25296944,0,12,2,0,1,1,0,1,3,1,0,1,0,"0000000",99,99,99,99,99,99,0,0,0,1,1
6,62344,1,1,0,1,1,2,2,65,0,10,11,2016,5,17,19,0,1,5,2,4,"CR-HARRISON ST","CR-68TH AVE",0,33.54943889,-116.15873056,0,8,0,0,1,1,0,1,2,1,0,1,0,"0000000",99,99,99,99,88,88,0,0,0,1,0
6,62345,1,1,0,0,0,1,1,39,9999,24,12,2016,7,2,0,0,1,7,2,4,"CR-39 1/2","",0,36.94133889,-119.83066111,0,1,0,0,1,1,0,4,2,10,0,10,0,"0000000",99,99,99,99,88,88,0,0,0,1,1
6,62346,1,1,0,0,0,1,1,71,0,30,12,2016,6,6,20,1,1,1,1,1,"I-15","",1329,35.21981111,-116.10965,0,52,0,0,1,1,0,4,2,10,0,10,0,"0000000",99,99,99,99,88,88,0,0,0,1,0
6,62347,2,2,0,1,1,2,2,95,4020,4,1,2016,2,18,23,0,2,3,4,6,"SPRINGS RD","TREGASKIS AVE",0,38.10604722,-122.2228,0,8,0,0,3,2,0,1,3,1,0,1,0,"0000000",99,99,99,99,99,99,14,0,0,1,0
6,62348,2,2,0,0,0,2,2,73,1080,13,2,2016,7,19,57,0,2,4,4,6,"AVOCADO AVE","",0,32.77977222,-116.95796111,0,12,6,0,8,1,0,1,5,1,0,1,0,"0000000",99,99,99,99,99,99,0,0,0,1,0
6,62349,2,2,0,0,0,5,5,37,1980,4,3,2016,6,21,20,0,2,3,4,6,"WINNETKA AV","OXNARD ST",0,34.18019444,-118.57098333,0,12,2,0,2,2,0,1,5,1,0,1,0,"0000000",99,99,99,99,99,99,0,0,0,1,0
6,62350,1,1,0,0,0,1,1,71,790,24,11,2016,5,3,3,1,2,1,1,1,"I-10","",213,34.06861944,-117.34655278,0,42,0,0,1,1,0,4,2,1,0,1,0,"0000000",99,99,99,99,88,88,0,0,0,1,0
6,62351,2,2,0,0,0,3,3,107,9999,1,12,2016,5,17,20,1,8,98,98,3,"SR-65","AVENUE 237",321,36.21970833,-119.13634722,0,12,6,0,2,3,0,1,2,1,0,1,0,"0000000",99,99,99,99,99,99,0,0,0,1,0
6,62352,1,1,0,0,0,1,1,85,9999,29,11,2016,3,0,45,1,1,1,1,2,"US-101","",20,36.94278889,-121.55295,0,32,0,0,1,1,0,4,2,1,0,1,0,"0000000",99,99,99,99,88,88,0,0,0,1,1
6,62353,2,2,0,1,1,1,1,13,1779,26,11,2016,7,23,12,1,2,1,1,3,"SR-4","",90,77.7777,777.7777,0,12,6,0,1,1,0,1,3,10,2,2,0,"0000000",99,99,99,99,99,99,19,0,0,1,0
6,62354,2,2,0,0,0,7,7,71,9999,25,11,2016,6,12,55,1,8,98,98,3,"SR-330","",380,34.18373611,-117.14416667,0,12,6,0,1,1,0,1,1,1,0,1,0,"0000000",99,99,99,99,99,99,0,0,0,1,0
6,62355,2,2,0,0,0,3,3,71,9999,26,11,2016,7,6,50,1,8,98,98,3,"SR-58","",120,34.96331111,-117.44546944,0,12,2,0,1,1,0,4,1,1,0,1,0,"0000000",99,99,99,99,99,99,0,0,0,1,0
6,62356,1,1,0,1,1,1,1,37,3870,1,3,2016,3,2,15,0,2,3,1,3,"SR-1","",170,33.81499722,-118.366,0,8,0,0,1,1,0,1,3,1,0,1,0,"0000000",99,99,99,99,99,99,0,0,0,1,0
6,62357,1,1,0,1,1,2,2,59,9997,10,3,2016,5,5,16,0,2,3,4,6,"SANTIAGO CYN RD","FALCON ST",0,33.70108889,-117.64072778,0,8,0,0,3,3,0,1,2,1,0,1,0,"0000000",99,99,99,99,99,99,0,0,0,1,0
6,62358,2,2,0,0,0,2,2,13,820,11,2,2016,5,7,57,0,2,3,4,6,"YGNACIO VALLEY RD","",0,37.94852222,-121.9802,0,12,7,0,1,1,0,1,1,1,0,1,0,"0000000",99,99,99,99,88,88,0,0,0,1,0
6,62359,2,2,0,0,0,2,2,59,972,9,4,2016,7,14,55,0,2,3,4,6,"ST OF THE GOLDEN LANTERN","SELVA RD",0,33.47276111,-117.69794722,0,12,6,0,2,2,0,1,1,1,0,1,0,"0000000",99,99,99,99,99,99,0,0,0,1,1
6,62360,1,1,0,0,0,1,1,37,1700,20,4,2016,4,11,32,0,2,3,4,6,"FLORENCE AVE","",0,33.96526111,-118.36618889,0,33,0,0,1,1,0,4,1,1,0,1,0,"0000000",99,99,99,99,99,99,0,0,0,1,0
6,62361,1,1,0,0,0,1,1,77,3770,15,6,2016,4,17,48,0,2,5,4,6,"MORGAN PL","SEAGULL LN",0,37.99816111,-121.35182778,0,42,0,0,1,1,0,4,1,1,0,1,0,"0000000",99,99,99,99,88,88,0,0,0,1,0
6,62362,3,3,0,0,0,4,4,37,1980,2,9,2016,6,22,56,1,2,1,1,1,"I-10","",71,34.02970278,-118.40549167,0,12,1,0,1,1,0,1,3,1,0,1,0,"0000000",99,99,99,99,99,99,0,0,0,1,1
6,62363,2,2,0,0,0,2,2,73,1820,11,12,2016,1,20,10,1,2,2,1,3,"SR-94","",105,32.754,-117.0108,0,12,7,0,1,1,0,1,2,1,0,1,0,"0000000",99,99,99,99,88,88,0,0,0,1,0
6,62364,2,2,0,0,0,5,5,73,0,23,12,2016,6,17,10,0,8,98,98,3,"SR-94","",370,32.59473056,-116.67061111,0,12,11,0,1,1,0,1,2,10,0,10,0,"0000000",99,99,99,99,99,99,0,0,0,1,0
6,62365,2,2,0,0,0,3,3,85,3520,18,4,2016,2,14,10,0,1,4,1,3,"SR-9","FRUITVALE AVE",90,37.24588889,-122.01363611,0,12,1,0,3,2,0,1,1,1,0,1,0,"0000000",99,99,99,99,99,99,0,0,0,1,0
6,62366,2,2,0,0,0,2,2,71,1603,22,4,2016,6,2,19,0,2,3,4,6,"BEAR VALLEY RD","",0,34.47089722,-117.29754722,0,12,1,0,1,1,0,1,3,1,0,1,0,"0000000",99,99,99,99,88,88,0,0,0,1,2
6,62367,2,2,0,0,0,2,2,37,2870,27,4,2016,4,18,15,0,2,4,4,6,"GAREY AVE","SIXTH ST",0,34.05416389,-117.74998611,0,12,6,0,2,3,0,1,1,1,0,1,0,"0000000",99,99,99,99,99,99,0,0,0,1,0
6,62368,1,1,0,1,1,1,1,19,3590,2,10,2016,1,22,29,0,2,4,2,6,"FLORAL AVE","WRIGHT ST",0,36.57623056,-119.61517222,0,9,0,0,2,2,0,1,3,1,0,1,0,"0000000",99,99,99,99,99,99,0,0,0,1,0
6,62369,1,1,0,0,0,4,4,13,110,18,6,2016,7,0,40,0,2,4,4,6,"HILLCREST AVE","WILDFLOWER DR",0,37.98695,-121.78010556,0,42,0,0,1,1,0,3,3,1,0,1,0,"0000000",99,99,99,99,99,99,0,0,0,1,0
6,62370,1,1,0,0,0,1,1,37,1430,5,10,2016,4,10,27,0,2,7,4,6,"W DRYDEN ST","",0,34.16146944,-118.25863889,0,39,0,0,1,1,0,4,1,1,0,1,0,"0000000",99,99,99,99,99,99,0,0,0,1,0
6,62371,2,2,0,0,0,3,3,93,9999,3,12,2016,7,18,42,1,1,1,1,1,"I-5","",589,41.86568056,-122.56455,0,12,2,0,1,1,0,1,2,1,0,1,0,"0000000",99,99,99,99,99,99,0,0,0,1,1
6,62372,2,2,0,0,0,3,3,73,3260,13,11,2016,1,10,47,1,2,1,1,1,"I-805","",130,32.71202222,-117.10140833,0,12,1,0,1,1,0,1,1,1,0,1,0,"0000000",99,99,99,99,88,88,0,0,0,1,0
6,62373,1,1,0,0,0,4,4,81,4259,19,6,2016,1,15,0,0,2,7,4,6,"QUAIL MEADOW CT","",0,37.43163889,-122.24511111,0,33,0,0,1,1,0,4,1,1,0,1,0,"0000000",99,99,99,99,99,99,0,0,0,1,0
6,62374,1,1,0,1,1,1,1,37,1980,21,5,2016,7,15,5,0,2,3,4,6,"SAN VINCENTE BL","",0,34.04826111,-118.33875833,0,8,0,0,1,1,0,1,1,1,0,1,0,"0000000",99,99,99,99,99,99,0,0,0,1,0
6,62375,1,1,0,1,1,1,1,51,2055,4,8,2016,5,20,54,0,2,4,1,3,"SR-203","",50,37.64875833,-118.97851944,0,8,0,0,1,1,0,1,3,1,0,1,0,"0000000",99,99,99,99,88,88,19,0,0,1,0
6,62376,1,1,0,2,2,1,1,37,1980,27,5,2016,6,21,50,0,2,4,4,6,"CHATSWORTH ST","",0,34.26479444,-118.50386667,0,8,0,0,1,1,0,1,3,10,0,10,0,"0000000",99,99,99,99,99,99,0,0,0,1,0
6,62377,3,3,0,0,0,3,3,37,1980,31,3,2016,5,15,25,0,2,4,4,6,"CARSON ST","HALLDALE AVE",0,33.83153611,-118.30168056,0,12,1,0,3,3,0,1,1,1,0,1,0,"0000000",88,88,88,88,88,88,14,0,0,1,1
6,62378,1,1,0,0,0,1,1,59,1660,29,6,2016,4,12,7,0,2,3,4,6,"EDINGER AVE","",0,33.73008889,-118.00785833,0,33,0,0,1,1,0,4,1,1,0,1,0,"0000000",99,99,99,99,88,88,0,0,0,1,0
6,62379,1,1,0,0,0,2,2,73,710,19,6,2016,1,0,9,0,2,4,4,6,"OLYMPIC PARKWAY","WINDINGWALK ST",0,32.62886667,-116.95420278,0,46,0,0,3,3,0,4,3,1,0,1,0,"0000000",99,99,99,99,99,99,0,0,0,1,0
6,62380,2,2,0,0,0,3,3,47,9999,9,12,2016,6,17,15,1,1,2,1,3,"SR-152","",131,37.07854167,-121.08755278,0,12,11,0,1,1,0,1,2,1,0,1,0,"0000000",99,99,99,99,99,99,0,0,0,1,0
6,62381,3,3,0,0,0,3,3,37,1980,10,4,2016,1,2,42,1,2,2,1,2,"US-101","",144,34.15668889,-118.42208889,0,25,0,0,1,1,0,3,2,10,0,10,0,"0000000",99,99,99,99,99,99,0,0,0,1,2
6,62382,1,1,0,0,0,1,1,37,0,13,6,2016,2,1,38,0,1,5,2,4,"CR-KANAN DUME RD","",0,34.05581111,-118.79845,0,35,0,0,1,1,0,4,3,1,0,1,0,"0000000",99,99,99,99,88,88,0,0,0,1,1
6,62383,3,1,2,2,2,1,1,59,0,18,12,2016,1,21,10,0,2,2,4,3,"SR-241","",230,33.67544722,-117.66843889,0,35,0,0,1,1,0,4,2,1,0,1,0,"0000000",99,99,99,99,99,99,15,0,0,1,0
6,62384,2,2,0,0,0,3,3,71,0,1,11,2016,3,12,50,1,1,2,1,2,"US-95","",730,35.069225,-114.82814167,0,1,0,0,1,1,0,1,1,1,0,1,0,"0000000",99,99,99,99,88,88,14,0,0,1,0
6,62385,1,1,0,1,1,1,1,99,2390,25,6,2016,7,18,16,0,2,5,4,6,"SHERMAN PKWY","BALSAM DR",0,37.32673889,-121.01893056,0,9,0,0,2,3,0,1,1,1,0,1,0,"0000000",99,99,99,99,88,88,0,0,0,1,0
6,62386,2,2,0,0,0,2,2,65,9997,13,4,2016,4,6,51,0,2,3,4,6,"GRANITE HILL DR","",0,34.01636389,-117.45935278,0,12,2,0,1,1,0,1,1,1,0,1,0,"0000000",99,99,99,99,99,99,0,0,0,1,1
6,62387,2,2,0,0,0,4,4,37,2700,16,3,2016,4,9,1,0,2,4,4,6,"CORSON ST","SIERRA BONITA AVE",0,34.15183056,-118.11729167,0,12,6,0,2,2,0,1,1,1,0,1,0,"0000000",99,99,99,99,99,99,0,0,0,1,1
6,62388,1,1,0,0,0,2,2,59,1380,15,7,2016,6,7,16,0,2,4,4,6,"GILBERT ST","",0,33.88314722,-117.96579167,0,33,0,0,1,1,0,4,1,1,0,1,0,"0000000",99,99,99,99,99,99,0,0,0,1,0
6,62389,2,2,0,0,0,2,2,59,80,3,10,2016,2,4,25,1,2,2,1,3,"SR-91","",182,33.87111389,-117.68440556,0,25,0,0,1,1,0,4,2,1,0,1,0,"0000000",99,99,99,99,88,88,0,0,0,1,0
6,62390,1,1,0,0,0,1,1,65,3070,5,8,2016,6,6,22,1,2,2,1,3,"SR-91 RAMP","TYLER ST",129,33.5425,-117.2728,0,58,0,1,3,2,0,1,1,10,0,10,0,"0000000",99,99,99,99,99,99,0,0,0,1,0
6,62391,1,1,0,1,1,1,1,73,3260,24,10,2016,2,7,58,1,2,1,1,1,"I-5 RAMP","",283,32.87153889,-117.23073056,0,8,0,0,20,1,0,1,1,10,0,10,0,"0000000",99,99,99,99,88,88,0,0,0,1,0
6,62392,2,2,0,0,0,6,6,109,0,21,10,2016,6,16,23,0,1,5,2,4,"CR-LA GRANGE ROAD","",0,37.71969167,-120.44322778,0,1,0,0,1,1,0,1,1,1,0,1,0,"0000000",99,99,99,99,99,99,0,0,0,3,0
6,62393,1,1,0,0,0,1,1,29,0,19,12,2016,2,99,99,0,2,4,4,6,"WHEELER RIDGE ROAD","",0,34.99991111,-118.94323889,0,38,0,0,1,1,0,5,2,1,0,1,0,"0000000",88,88,88,88,88,88,0,0,0,1,0
6,62394,2,2,0,0,0,2,2,73,0,4,11,2016,6,22,11,1,2,1,1,1,"I-5","",234,32.80551667,-117.21460556,0,12,2,0,1,1,0,1,2,10,5,5,0,"0000000",99,99,99,99,99,99,0,0,0,1,1
6,62395,1,1,0,0,0,1,1,109,0,13,11,2016,1,7,47,1,1,1,1,3,"SR-108","",90,38.007725,-120.25871944,0,1,0,0,1,1,0,3,1,1,0,1,0,"0000000",99,99,99,99,88,88,0,0,0,1,0
6,62396,1,1,0,1,1,2,2,73,3260,10,12,2016,7,23,15,1,2,1,1,1,"I-15","",67,32.78685556,-117.11447778,0,8,0,1,5,1,0,1,3,10,0,10,0,"0000000",99,99,99,99,99,99,0,0,0,1,1
6,62397,2,2,0,0,0,2,2,13,0,11,11,2016,6,6,0,1,2,2,1,3,"SR-4","",35,38.00847778,-122.20947778,0,12,7,0,1,1,0,1,2,1,0,1,0,"0000000",99,99,99,99,88,88,0,0,0,1,0
6,62398,2,2,0,1,1,4,4,81,0,14,11,2016,2,1,0,1,2,1,1,2,"US-101","",197,37.63082222,-122.39966111,0,8,0,0,1,1,0,1,2,1,0,1,0,"0000000",99,99,99,99,88,88,0,0,0,1,0
6,62399,1,1,0,0,0,1,1,95,0,14,12,2016,4,19,55,0,1,5,2,4,"CR-MERIDIAN RD","SWEENEY RD",0,38.46762778,-121.91559444,0,35,0,0,3,3,0,4,2,10,0,10,0,"0000000",99,99,99,99,88,88,0,0,0,1,0
6,62400,2,2,0,0,0,2,2,59,880,6,11,2016,1,20,12,1,2,1,1,3,"SR-55","",30,33.65219167,-117.90806389,0,12,1,0,1,1,0,1,3,1,0,1,0,"0000000",99,99,99,99,88,88,0,0,0,1,0
6,62401,1,1,0,0,0,2,2,77,0,19,11,2016,7,17,4,0,1,2,1,3,"SR-26","",158,38.05996389,-121.00839444,0,42,0,0,1,1,0,4,5,2,0,2,0,"0000000",99,99,99,99,88,88,0,0,0,2,0
6,62402,2,1,1,0,0,1,1,39,2050,19,6,2016,1,2,6,0,2,7,4,6,"RIVERVIEW DR","",0,36.9665,-120.09358889,0,14,0,0,1,1,0,7,3,1,0,1,0,"0000000",99,99,99,99,88,88,0,0,0,1,0
6,62403,1,1,0,1,1,1,1,37,2870,18,9,2016,1,23,12,0,2,3,4,6,"HOLT AVE","",0,34.06196667,-117.76614722,0,15,0,0,1,1,0,1,3,1,0,1,0,"0000000",99,99,99,99,88,88,0,0,0,1,0
6,62404,2,2,0,0,0,2,2,85,2311,28,12,2016,4,15,59,1,2,4,1,2,"US-101","",500,37.42123889,-122.09295833,0,12,1,0,1,1,0,1,1,1,0,1,0,"0000000",99,99,99,99,88,88,0,0,0,1,0
6,62405,1,1,0,0,0,2,2,61,0,9,9,2016,6,14,40,1,1,1,1,1,"I-80","",219,38.954375,-121.03807222,0,24,0,0,1,1,0,4,1,1,0,1,0,"0000000",99,99,99,99,99,99,0,0,0,1,0
6,62406,1,1,0,0,0,4,4,17,0,28,12,2016,4,0,1,1,1,2,1,2,"US-50","",415,38.77491389,-120.41925278,0,17,0,0,1,1,0,4,2,1,0,1,0,"0000000",99,99,99,99,99,99,0,0,0,1,0
6,62407,1,1,0,1,1,1,1,13,2790,20,6,2016,2,10,26,0,2,5,4,6,"STONEMAN AVE","MEADOWBROOK AVE",0,38.00430278,-121.87915833,0,8,0,0,3,3,0,1,1,1,0,1,0,"0000000",99,99,99,99,88,88,0,0,0,1,0
6,62408,1,1,0,1,1,1,1,85,3340,1,10,2016,7,1,36,1,2,2,1,2,"US-101","",332,37.32094167,-121.83357778,0,8,0,0,1,1,0,1,3,1,0,1,0,"0000000",99,99,99,99,88,88,0,0,0,1,0
6,62409,1,1,0,1,1,1,1,37,2749,28,6,2016,3,4,15,0,2,3,4,6,"WHITTIER BLVD","LINDSEY AVE",0,34.00015833,-118.08101667,0,8,0,0,3,2,0,1,3,1,0,1,0,"0000000",99,99,99,99,88,88,0,0,0,1,0
6,62410,1,1,0,1,1,1,1,59,3420,9,7,2016,7,23,11,0,2,4,4,6,"MCFADDEN AVE","NEWHOPE ST",0,33.73823056,-117.92868333,0,8,0,0,3,2,0,1,3,1,0,1,0,"0000000",99,99,99,99,99,99,0,0,0,1,0
6,62411,1,1,0,0,0,1,1,37,1150,29,6,2016,4,18,49,0,2,4,4,6,"MARIPOSA AVE","DOUGLAS ST",0,33.92360556,-118.38316667,0,20,0,0,3,3,0,4,1,1,0,1,0,"0000000",99,99,99,99,88,88,0,0,0,1,0
6,62412,1,1,0,1,1,1,1,7,660,29,6,2016,4,20,31,0,2,7,4,6,"19TH ST","PARK AVE",0,39.7199,-121.82428333,0,9,0,0,3,2,0,1,5,1,0,1,0,"0000000",99,99,99,99,99,99,0,0,0,1,1
6,62413,2,2,0,0,0,2,2,37,1980,10,7,2016,1,4,25,0,2,4,4,6,"120TH ST","BROADWAY ST",0,33.92371667,-118.27824444,0,12,6,0,2,2,0,1,3,1,0,1,0,"0000000",99,99,99,99,88,88,0,0,0,1,1
6,62414,1,1,0,1,1,1,1,67,3150,19,7,2016,3,15,22,0,2,5,4,6,"10 ST","H ST",0,38.58250833,-121.49249444,0,9,0,0,2,2,0,1,9,98,0,98,0,"0000000",99,99,99,99,88,88,0,0,0,1,0
6,62415,1,1,0,1,1,1,1,77,2070,19,7,2016,3,12,39,0,2,3,4,6,"LOUISE AVE","",0,37.81190556,-121.22616111,0,9,0,0,1,1,0,1,1,1,0,1,0,"0000000",99,99,99,99,99,99,0,0,0,1,0
6,62416,1,1,0,1,1,1,1,73,710,13,7,2016,4,0,6,0,2,5,4,6,"4TH AVE","E ST",0,32.6436,-117.08530556,0,8,0,0,3,2,0,1,3,1,0,1,0,"0000000",99,99,99,99,99,99,0,0,0,1,0
6,62417,1,1,0,0,0,1,1,1,2480,22,7,2016,6,4,10,0,2,3,4,6,"INTERNATIONAL BLVD","41ST AVE",0,37.77332778,-122.21686944,0,43,0,0,3,3,0,4,3,1,0,1,0,"0000000",99,99,99,99,99,99,0,0,0,1,1
6,62418,1,1,0,0,0,2,2,73,710,15,7,2016,6,23,53,0,2,4,4,6,"MAIN ST","",0,32.59474722,-117.04448889,0,33,0,0,1,1,0,4,3,1,0,1,0,"0000000",99,99,99,99,99,99,0,0,0,1,1
6,62419,1,1,0,0,0,2,2,37,1980,4,7,2016,2,15,20,0,2,4,4,6,"DE SOTO AVE","",0,34.22350833,-118.58851667,0,30,0,0,1,1,0,4,1,1,0,1,0,"0000000",99,99,99,99,99,99,0,0,0,1,0
6,62420,1,1,0,1,1,1,1,37,1980,26,7,2016,3,14,15,0,2,7,4,6,"SHERMAN CIR","",0,34.200675,-118.450625,0,8,0,0,1,1,0,1,1,1,0,1,0,"0000000",99,99,99,99,99,99,0,0,0,1,0
6,62421,1,1,0,1,1,1,1,37,3445,25,7,2016,2,20,45,0,2,3,4,6,"SIERRA HWY","",0,34.42926389,-118.444625,0,8,0,0,1,1,0,1,3,1,0,1,0,"0000000",99,99,99,99,88,88,0,0,0,1,0
6,62422,1,1,0,1,1,1,1,85,2660,23,7,2016,7,7,30,0,2,4,4,6,"EMBARCADERO RD","",0,37.44341389,-122.13866944,0,8,0,0,1,1,0,1,1,1,0,1,0,"0000000",88,88,88,88,88,88,0,0,0,1,0
6,62423,2,1,1,0,0,1,1,65,9997,16,7,2016,7,1,44,0,2,5,4,6,"FELSPAR ST","",0,33.98019167,-117.48413889,0,14,0,0,1,1,0,7,2,1,0,1,0,"0000000",99,99,99,99,99,99,0,0,0,1,1
6,62424,1,1,0,1,1,1,1,13,820,26,7,2016,3,99,99,0,2,3,2,6,"WILLOW PASS RD","",0,37.99676944,-122.00152778,0,8,0,0,1,1,0,1,9,1,0,1,0,"0000000",99,99,99,99,88,88,0,0,0,1,0
6,62425,2,2,0,1,1,2,2,53,0,18,10,2016,3,21,15,0,1,98,2,4,"CR-FOLETTA ROAD","",0,36.53366944,-121.47886111,0,8,0,0,1,1,0,1,2,1,0,1,0,"0000000",99,99,99,99,88,88,0,0,0,1,0
6,62426,2,2,0,0,0,2,2,53,9999,16,12,2016,6,15,17,0,2,2,1,3,"SR-68 MONTEREY/SALINAS HWY","",197,36.65174722,-121.66159167,0,12,6,0,1,1,0,1,1,1,0,1,0,"0000000",88,88,88,88,88,88,0,0,0,1,0
6,62427,1,1,0,0,0,1,1,85,2182,5,8,2016,6,5,36,0,2,3,4,6,"E CALAVERAS BLVD","N MILPITAS BLVD",0,37.43238333,-121.89964167,0,33,0,0,3,2,0,3,3,1,0,1,0,"0000000",99,99,99,99,88,88,0,0,0,1,0
6,62428,1,1,0,1,1,2,2,65,1690,15,4,2016,6,20,13,0,2,4,4,6,"AVE 52","",0,33.67103333,-116.23248889,0,8,0,0,1,1,0,1,2,7,6,6,0,"0000000",99,99,99,99,99,99,0,0,0,1,0
6,62429,1,1,0,0,0,1,1,65,2935,21,7,2016,5,16,19,0,2,5,4,6,"GERALD FORD DR","",0,33.78707778,-116.39523611,0,33,0,0,1,1,0,3,1,1,0,1,0,"0000000",99,99,99,99,88,88,0,0,0,1,0
6,62430,1,1,0,0,0,1,1,67,712,24,7,2016,1,14,45,0,2,4,4,6,"OLD AUBURN RD","SUNRISE BLVD",0,38.70389722,-121.27168889,0,33,0,0,3,2,0,3,1,1,0,1,0,"0000000",99,99,99,99,99,99,0,0,0,1,0
6,62431,5,1,4,0,0,1,1,81,3390,14,6,2016,3,15,51,0,2,7,4,6,"CHARTER ST","STAMBAUGH ST",0,37.48049722,-122.21535556,0,14,0,0,3,3,0,2,1,1,0,1,0,"0000000",99,99,99,99,99,99,14,0,0,1,0
6,62432,1,1,0,2,2,1,1,37,1980,20,6,2016,2,20,35,0,2,3,4,6,"OSBORNE ST","KATHERINE AVE",0,34.23315556,-118.4469,0,8,0,0,3,3,0,1,3,1,0,1,0,"0000000",99,99,99,99,99,99,0,0,0,1,1
6,62433,1,1,0,0,0,3,3,37,1980,29,7,2016,6,0,10,0,2,5,4,6,"LANARK ST","",0,34.21745556,-118.54026944,0,5,0,0,1,1,0,1,3,1,0,1,0,"0000000",99,99,99,99,99,99,0,0,0,1,0
6,62434,1,1,0,0,0,1,1,59,1660,7,8,2016,1,10,53,0,2,3,4,6,"WARNER AVE","BRIGHTWATER DR",0,33.71188056,-118.05145278,0,39,0,0,3,3,0,4,1,1,0,1,0,"0000000",88,88,88,88,88,88,0,0,0,1,0
6,62435,2,2,0,0,0,4,4,65,0,13,7,2016,4,13,52,0,1,5,2,4,"CR-GILMAN SPRINGS ROAD","",0,33.87118333,-117.04661389,0,12,2,0,1,1,0,1,1,1,0,1,0,"0000000",99,99,99,99,99,99,0,0,0,1,0
6,62436,2,2,0,0,0,4,4,59,80,14,8,2016,1,7,14,9,8,98,98,3,"SR-91","",99999,33.85368889,-117.9077,9,12,1,0,1,1,0,1,1,1,0,1,0,"0000000",99,99,99,99,99,99,23,0,0,1,0
6,62437,1,1,0,1,1,1,1,73,3260,24,12,2016,7,3,35,0,2,2,1,3,"SR-94 RAMP","",30,32.71543611,-117.1245,0,8,0,1,20,1,0,1,2,2,0,2,0,"0000000",88,88,88,88,88,88,0,0,0,1,0
6,62438,1,1,0,0,0,1,1,71,0,30,12,2016,6,6,50,1,1,1,1,1,"I-40","",1373,34.88506389,-116.67683611,0,1,0,0,1,1,0,4,1,10,0,10,0,"0000000",88,88,88,88,88,88,0,0,0,1,0
6,62439,1,1,0,0,0,1,1,65,2650,29,7,2016,6,10,37,0,2,3,4,6,"RAMON RD","INDIAN CANYON DR",0,33.81585556,-116.54552222,0,33,0,0,3,2,0,4,1,1,0,1,0,"0000000",99,99,99,99,99,99,0,0,0,1,1
6,62440,1,1,0,1,1,1,1,37,120,11,8,2016,5,7,20,0,2,5,4,6,"CAMINO REAL AVE","CHRISTINE LN",0,34.12241389,-118.05273889,0,8,0,0,1,1,0,1,1,1,0,1,0,"0000000",99,99,99,99,99,99,0,0,0,1,0
6,62441,3,3,0,0,0,5,5,1,1364,22,6,2016,4,18,30,0,2,4,4,6,"BOYCE RD","",0,37.50610278,-121.98418611,0,12,6,0,1,1,0,1,1,1,0,1,0,"0000000",99,99,99,99,99,99,14,0,0,1,0
6,62442,1,1,0,1,1,1,1,29,240,28,6,2016,3,1,5,0,2,3,4,6,"STOCKDALE HWY","",0,35.35430278,-119.08110278,0,8,0,0,1,1,0,1,2,1,0,1,0,"0000000",99,99,99,99,88,88,19,0,0,1,0
6,62443,1,1,0,1,1,1,1,59,3420,17,8,2016,4,0,10,0,2,3,4,6,"BRISTOL ST","",0,33.71420556,-117.88533889,0,8,0,0,1,1,0,1,3,1,0,1,0,"0000000",99,99,99,99,99,99,0,0,0,1,0
6,62444,1,1,0,1,1,1,1,19,1750,25,8,2016,5,8,45,0,2,4,4,6,"GOLDENROD AVE","",0,36.733575,-120.04230833,0,8,0,0,4,1,0,1,1,1,0,1,0,"0000000",99,99,99,99,99,99,0,0,0,1,0
6,62445,1,1,0,0,0,1,1,37,1840,20,7,2016,4,15,32,0,2,4,4,6,"AVE G","",0,34.73305556,-118.22879167,0,38,0,0,1,1,0,4,1,1,0,1,0,"0000000",99,99,99,99,99,99,0,0,0,1,0
6,62446,2,2,0,0,0,5,5,35,0,18,12,2016,1,2,18,1,1,2,1,2,"US-395","",76,39.81814722,-120.034925,0,12,2,0,1,1,0,1,2,1,0,1,0,"0000000",99,99,99,99,99,99,0,0,0,4,1
6,62447,1,1,0,0,0,2,2,37,0,15,11,2016,3,0,45,1,1,1,1,1,"I-5","",610,34.51374167,-118.63695556,0,1,0,0,1,1,0,4,2,1,0,1,0,"0000000",99,99,99,99,99,99,0,0,0,1,0