"STATE","ST_CASE","VE_TOTAL","VE_FORMS","PVH_INVL","PEDS","PERNOTMVIT","PERMVIT","PERSONS","COUNTY","CITY","DAY","MONTH","YEAR","DAY_WEEK","HOUR","MINUTE","NHS","RUR_URB","FUNC_SYS","RD_OWNER","ROUTE","TWAY_ID","TWAY_ID2","MILEPT","LATITUDE","LONGITUD","SP_JUR","HARM_EV","MAN_COLL","RELJCT1","RELJCT2","TYP_INT","WRK_ZONE","REL_ROAD","LGT_COND","WEATHER1","WEATHER2","WEATHER","SCH_BUS","RAIL","NOT_HOUR","NOT_MIN","ARR_HOUR","ARR_MIN","HOSP_HR","HOSP_MN","CF1","CF2","CF3","FATALS","DRUNK_DR"
6,62448,1,1,0,1,1,1,1,99,0,10,11,2016,5,4,45,0,1,2,1,3,"SR-132","",421,37.63353333,-120.51786667,0,8,0,0,1,1,0,1,2,1,0,1,0,"0000000",99,99,99,99,88,88,0,0,0,1,0
6,62449,1,1,0,1,1,1,1,99,0,8,12,2016,5,20,32,0,1,5,2,4,"CR-TENAYA DR","",0,37.63294167,-120.96326667,0,8,0,0,1,1,0,1,2,10,0,10,0,"0000000",99,99,99,99,88,88,0,0,0,1,0
6,62450,2,2,0,0,0,2,2,71,681,13,11,2016,1,1,22,1,2,2,1,3,"SR-71","",18,34.00056389,-117.72409444,0,12,1,0,1,1,0,1,2,10,0,10,0,"0000000",88,88,88,88,88,88,0,0,0,1,1
6,62451,2,2,0,1,1,2,2,37,2260,2,11,2016,4,22,54,1,2,2,1,3,"SR-60","",46,34.03383056,-118.14745278,0,8,0,0,1,1,0,1,3,1,0,1,0,"0000000",99,99,99,99,88,88,0,0,0,1,0
6,62452,2,2,0,0,0,2,2,1,2480,11,9,2016,1,2,0,1,2,1,1,1,"I-980","",15,37.8164,-122.27013056,0,12,7,0,1,1,0,1,2,1,0,1,0,"0000000",99,99,99,99,88,88,0,0,0,1,1
6,62453,1,1,0,1,1,1,1,45,0,30,9,2016,6,13,37,1,1,2,1,2,"US-101","",104,38.96311944,-123.11401944,0,9,0,0,1,1,0,2,1,1,0,1,0,"0000000",99,99,99,99,99,99,0,0,0,1,0
6,62454,1,1,0,1,1,1,1,1,1560,5,10,2016,4,0,0,1,2,1,1,1,"I-880 RAMP","",155,37.63144167,-122.08722778,0,9,0,0,5,1,0,1,3,1,0,1,0,"0000000",99,99,99,99,88,88,0,0,0,1,0
6,62455,4,4,0,0,0,4,4,37,1980,6,10,2016,5,13,20,1,2,1,1,1,"I-5","",233,34.10936667,-118.26136389,0,12,7,0,1,1,0,1,1,1,0,1,0,"0000000",99,99,99,99,99,96,14,28,0,1,0
6,62456,2,2,0,0,0,6,6,71,0,21,12,2016,4,11,25,1,1,1,1,1,"I-15","",1530,35.39081944,-115.83731111,0,12,7,0,1,1,0,1,1,10,0,10,0,"0000000",99,99,99,99,99,99,0,0,0,1,0
6,62457,2,2,0,0,0,3,3,19,0,10,7,2016,1,19,59,0,8,98,98,9,"NEBRASKA AVENUE","MENDOCINO AVENUE",99999,36.56133889,-119.54801111,9,12,6,0,2,2,0,1,5,1,0,1,0,"0000000",99,99,99,99,99,99,0,0,0,1,0
6,62458,1,1,0,1,1,1,1,37,0,30,9,2016,6,20,14,0,1,4,2,4,"CR-NORMANDIE AVE","",0,33.95216389,-118.30025278,0,8,0,0,1,1,0,1,3,1,0,1,0,"0000000",99,99,99,99,88,88,0,0,0,1,0
6,62459,3,3,0,0,0,3,3,73,3260,2,11,2016,4,10,45,1,2,1,1,1,"I-8","",49,32.77503056,-117.12379444,0,12,1,0,1,1,0,1,1,1,0,1,0,"0000000",99,99,99,99,99,99,0,0,0,1,0
6,62460,1,1,0,0,0,1,1,87,0,8,9,2016,5,0,55,0,1,5,2,4,"CR-EMPIRE GRADE RD","",0,37.10843611,-122.14519444,0,38,0,0,1,1,0,4,2,1,0,1,0,"0000000",99,99,99,99,88,88,0,0,0,1,1
6,62461,2,2,0,0,0,2,2,87,0,12,9,2016,2,6,15,0,1,7,2,4,"CR-E CLIFF DR","",0,36.9636,-121.99505278,0,1,0,0,1,1,0,1,2,1,0,1,0,"0000000",99,99,99,99,88,88,14,0,0,1,0
6,62462,1,1,0,1,1,1,1,65,2730,10,12,2016,7,20,54,0,2,5,4,6,"CLARK STREET","",0,33.85473056,-117.28755556,0,8,0,0,1,1,0,1,2,1,0,1,0,"0000000",99,99,99,99,88,88,0,0,0,1,0
6,62463,1,1,0,1,1,1,1,37,1980,30,7,2016,7,0,30,0,2,3,4,6,"SEPULVEDA BLVD","PARTHENIA ST",0,34.228325,-118.46765556,0,8,0,0,3,2,0,1,3,1,0,1,0,"0000000",99,99,99,99,88,88,0,0,0,1,0
6,62464,1,1,0,1,1,2,2,37,3686,25,8,2016,5,22,0,0,2,4,4,6,"GARVEY AVE","",0,34.06272222,-118.05929722,0,8,0,0,1,1,0,1,3,1,0,1,0,"0000000",99,99,99,99,99,99,0,0,0,1,0
6,62465,3,3,0,0,0,5,5,73,1200,30,6,2016,5,16,42,0,2,3,4,6,"WASHINGTON AVE","",0,33.12821944,-117.07984444,0,12,6,0,8,1,0,1,1,1,0,1,0,"0000000",99,99,99,99,99,99,0,0,0,2,0
6,62466,2,2,0,0,0,3,3,77,3770,1,7,2016,6,23,51,0,2,3,4,6,"LOGISTICS RD","",0,37.90820278,-121.19319444,0,12,6,0,8,1,0,1,3,1,0,1,0,"0000000",99,99,99,99,99,99,0,0,0,1,0
6,62467,2,2,0,0,0,2,2,37,1980,24,8,2016,4,6,45,0,2,4,4,6,"TAMPA AVE","VANOWEN ST",0,34.19382778,-118.55345,0,12,6,0,2,2,0,1,1,1,0,1,0,"0000000",99,99,99,99,88,88,0,0,0,1,0
6,62468,1,1,0,1,1,1,1,59,3960,26,8,2016,6,19,52,0,2,3,4,6,"JAMBOREE RD","",0,33.74159444,-117.77344722,0,8,0,0,1,1,0,1,3,1,0,1,0,"0000000",99,99,99,99,99,99,0,0,0,1,0
6,62469,2,1,1,1,1,5,5,37,245,30,6,2016,5,21,23,0,2,4,4,6,"BALDWIN PARK BLVD","LA RICA AVE",0,34.08258333,-117.96581389,0,9,0,0,2,3,0,1,3,1,0,1,0,"0000000",99,99,99,99,88,88,0,0,0,1,0
6,62470,2,2,0,0,0,2,2,37,1980,30,6,2016,5,18,45,0,2,3,4,6,"VENTURA BLVD","CANOGA AVE",0,34.16784444,-118.59743611,0,12,6,0,2,2,0,1,1,10,0,10,0,"0000000",99,99,99,99,99,99,0,0,0,1,0
6,62471,2,2,0,0,0,2,2,65,1003,1,7,2016,6,13,4,0,2,5,4,6,"DILLON RD","",0,33.924875,-116.53521944,0,12,2,0,8,1,0,1,1,1,0,1,0,"0000000",99,99,99,99,99,99,0,0,0,1,1
6,62472,2,2,0,0,0,3,3,65,2650,25,6,2016,7,23,12,0,2,4,4,6,"SUNRISE WY","",0,33.83998333,-116.52823889,0,12,1,0,1,1,0,1,3,1,0,1,0,"0000000",99,99,99,99,99,99,0,0,0,1,0
6,62473,1,1,0,1,1,1,1,73,3260,20,8,2016,7,4,45,0,2,3,4,6,"EL CAJON BL","",0,32.75673333,-117.08723056,0,8,0,0,1,1,0,1,2,1,0,1,0,"0000000",99,99,99,99,99,99,0,0,0,1,0
6,62474,1,1,0,1,1,1,1,113,4163,11,8,2016,5,18,36,0,2,3,4,6,"WEST CAPITOL AVE","MAPLE ST",0,38.57991389,-121.53818611,0,8,0,0,2,3,0,1,1,1,0,1,0,"0000000",99,99,99,99,99,99,0,0,0,1,0
6,62475,1,1,0,0,0,2,2,13,3010,23,8,2016,3,9,9,0,2,2,4,6,"RICHMOND PKWY","",0,37.98439444,-122.34179167,0,33,0,0,1,1,0,4,1,1,0,1,0,"0000000",99,99,99,99,99,99,0,0,0,1,0
6,62476,1,1,0,1,1,1,1,67,2934,17,8,2016,4,21,14,0,2,3,4,6,"MATHER FIELD RD","",0,38.57389167,-121.30204444,0,8,0,0,1,1,0,1,3,1,0,1,0,"0000000",99,99,99,99,99,99,0,0,0,1,0
6,62477,1,1,0,1,1,1,1,37,1550,10,5,2016,3,21,33,0,2,3,4,6,"AVIATION BLVD","MARINE AVE",0,33.89461944,-118.37873889,0,8,0,0,2,2,0,1,3,1,0,1,0,"0000000",99,99,99,99,99,99,0,0,0,1,0
6,62479,2,2,0,0,0,3,3,67,0,15,5,2016,1,2,21,0,1,3,2,4,"CR-MADISON AVE","HILLSDALE BL",0,38.66097778,-121.36437222,0,12,6,0,2,2,0,1,3,1,0,1,0,"0000000",99,99,99,99,99,99,20,0,0,1,0
6,62480,2,2,0,0,0,2,2,59,3558,9,4,2016,7,14,10,1,2,1,1,1,"I-405","",235,33.77622778,-118.08869167,0,12,7,1,18,1,0,1,1,10,0,10,0,"0000000",99,99,99,99,99,99,0,0,0,1,0
6,62481,1,1,0,1,1,1,1,65,0,24,12,2016,7,6,40,0,2,5,4,6,"OLD ELSINORE RD","",0,33.81999167,-117.28119167,0,8,0,0,1,1,0,1,4,10,99,10,0,"0000000",99,99,99,99,99,99,0,0,0,1,0
6,62482,1,1,0,1,1,1,1,65,0,31,7,2016,1,20,35,0,1,5,2,4,"CR-CAJALCO RD","",0,33.83636111,-117.33798889,0,9,0,0,1,1,0,2,3,1,0,1,0,"0000000",99,99,99,99,99,99,0,0,0,1,0
6,62483,1,1,0,0,0,1,1,65,1801,5,8,2016,6,0,54,0,2,4,4,6,"W LAKESHORE DR","",0,33.69190833,-117.37841667,0,33,0,0,1,1,0,4,3,1,0,1,0,"0000000",99,99,99,99,88,88,0,0,0,1,1
6,62484,2,2,0,0,0,2,2,5,1710,25,7,2016,2,8,4,0,2,3,1,3,"SR-104","",51,38.35282778,-120.93274722,0,12,2,0,1,1,0,1,1,1,0,1,0,"0000000",99,99,99,99,99,99,0,0,0,1,0
6,62485,1,1,0,0,0,1,1,37,2645,5,9,2016,2,6,33,0,2,3,4,6,"RANCHO VISTA BL","28TH ST WEST",0,34.60174444,-118.18077222,0,33,0,0,3,3,0,4,1,1,0,1,0,"0000000",99,99,99,99,88,88,0,0,0,1,0
6,62486,2,2,0,0,0,4,4,37,1980,24,7,2016,1,22,52,0,2,4,4,6,"PACIFIC AVE","",0,33.97966111,-118.46561111,0,12,1,0,1,1,0,1,2,1,0,1,0,"0000000",99,99,99,99,99,99,0,0,0,1,0
6,62487,1,1,0,1,1,4,4,87,4100,14,9,2016,4,19,47,0,2,4,4,6,"WALKER ST","W BEACH ST",0,36.90783056,-121.76166389,0,8,0,0,3,2,0,1,5,1,0,1,0,"0000000",99,99,99,99,99,99,0,0,0,1,0
6,62488,1,1,0,1,1,1,1,85,2660,15,8,2016,2,9,40,0,2,7,4,6,"GREENWOOD AVE","HUTCHINSON AVE",0,37.44771944,-122.14268333,0,9,0,0,2,2,0,1,1,1,0,1,0,"0000000",99,99,99,99,99,99,0,0,0,1,0
6,62489,1,1,0,1,1,1,1,59,4267,9,4,2016,7,19,30,0,2,5,4,6,"FAIRMONT BLVD","LORCA LN",0,33.89074167,-117.79106944,0,8,0,0,3,2,0,1,3,10,0,10,0,"0000000",99,99,99,99,20,0,0,0,0,1,1
6,62490,2,2,0,0,0,4,4,67,1300,17,7,2016,1,17,10,0,2,7,4,6,"FOLSOM LAKE CROSSING","",0,38.70091944,-121.14662778,0,12,6,0,1,1,0,1,1,1,0,1,0,"0000000",99,99,99,99,99,99,0,0,0,3,2
6,62491,2,2,0,0,0,5,5,37,2700,30,3,2016,4,6,51,0,2,4,4,6,"LAKE AVE","VILLA ST",0,34.15426389,-118.13243333,0,12,8,0,2,2,0,1,4,1,0,1,0,"0000000",99,99,99,99,99,99,0,0,0,2,0
6,62492,3,2,1,0,0,3,3,37,1980,8,7,2016,6,20,25,0,2,7,4,6,"BOTHWELL RD","",0,34.19168056,-118.56125,0,12,2,0,1,1,0,1,1,1,0,1,0,"0000000",99,99,99,99,88,88,0,0,0,1,0
6,62493,2,2,0,0,0,2,2,37,1980,25,7,2016,2,17,20,0,2,3,4,6,"DEVONSHIRE ST","ENCINO AVE",0,34.25759444,-118.51545833,0,12,6,0,2,2,0,1,1,1,0,1,0,"0000000",99,99,99,99,99,99,0,0,0,1,0
6,62494,1,1,0,1,1,1,1,37,1980,2,9,2016,6,22,45,0,2,3,4,6,"POLK ST","",0,34.30731667,-118.44999444,0,8,0,0,1,1,0,1,3,1,0,1,0,"0000000",99,99,99,99,99,99,0,0,0,1,0
6,62495,1,1,0,2,2,1,1,37,1980,21,7,2016,5,7,10,0,2,3,4,6,"BROADWAY","59TH PL",0,33.986025,-118.27829722,0,8,0,0,2,2,0,1,1,1,0,1,0,"0000000",99,99,99,99,99,99,0,0,0,1,0
6,62496,3,3,0,0,0,8,8,13,2790,27,7,2016,4,14,1,0,2,3,4,6,"E LELAND RD","HARBOR ST",0,38.01102778,-121.88603611,0,12,1,0,3,2,0,1,1,1,0,1,0,"0000000",99,99,99,99,99,99,0,0,0,1,0
6,62497,4,4,0,0,0,9,9,37,1980,6,7,2016,4,17,25,0,2,3,4,6,"LINCOLN BLVD","JEFFERSON BLVD",0,33.97203056,-118.43025278,0,12,6,0,2,2,0,1,1,1,0,1,0,"0000000",99,99,99,99,99,99,0,0,0,1,0
6,62498,2,2,0,0,0,2,2,67,1108,9,8,2016,3,16,7,0,2,5,4,6,"PROMENADE PKWY","LENT RANCH PKWY",0,38.37651111,-121.37084444,0,12,2,0,2,2,0,1,1,1,0,1,0,"0000000",99,99,99,99,88,88,0,0,0,1,0
6,62499,3,3,0,0,0,6,6,73,4060,11,7,2016,2,0,32,0,2,4,4,6,"EAST BOBIER DR","",0,33.22138056,-117.23950833,0,12,1,0,1,1,0,1,3,1,0,1,0,"0000000",99,99,99,99,99,99,0,0,0,1,1
6,62500,2,2,0,0,0,3,3,37,1980,17,7,2016,1,17,45,0,2,3,4,6,"OLYMPIC BL","MANSFIELD",0,34.05715278,-118.34252778,0,12,8,0,2,2,0,1,1,1,0,1,0,"0000000",99,99,99,99,99,99,0,0,0,1,0
6,62501,7,7,0,0,0,9,9,67,1108,8,7,2016,6,17,14,0,2,3,4,6,"LAGUNA BLVD","",0,38.42339722,-121.44395278,0,12,1,0,1,1,0,1,1,1,0,1,0,"0000000",99,99,99,99,99,99,0,0,0,1,1
6,62502,1,1,0,1,1,1,1,71,3210,3,9,2016,7,5,48,0,2,4,4,6,"BASELINE ST","",0,34.12135278,-117.29003056,0,8,0,0,1,1,0,1,4,1,0,1,0,"0000000",99,99,99,99,99,99,0,0,0,1,0
6,62503,1,1,0,9,9,1,1,37,1980,27,7,2016,4,20,0,0,2,5,4,6,"ORCHARD AVE","",0,33.89818333,-118.28766111,0,33,0,0,1,1,0,4,5,1,0,1,0,"0000000",99,99,99,99,99,99,0,0,0,1,0
6,62504,1,1,0,0,0,5,5,37,1980,17,7,2016,1,17,45,0,2,4,4,6,"MCKINLEY AVE","93RD ST",0,33.95198056,-118.26079722,0,38,0,0,3,2,0,4,1,1,0,1,0,"0000000",99,99,99,99,99,99,0,0,0,1,1
6,62505,1,1,0,1,1,1,1,37,1980,1,9,2016,5,22,47,0,2,3,1,3,"SR-1","TEMESCAL CANYON RD",381,34.03583056,-118.53576111,0,9,0,0,3,3,0,1,3,1,0,1,0,"0000000",99,99,99,99,88,88,0,0,0,1,0
6,62506,1,1,0,1,1,1,1,37,1980,1,9,2016,5,21,0,0,2,3,4,6,"PACIFIC COAST HWY","GULF AVE",0,33.7906,-118.27398611,0,8,0,0,2,2,0,1,3,1,0,1,0,"0000000",99,99,99,99,99,99,0,0,0,1,0
6,62507,1,1,0,1,1,3,3,23,130,4,9,2016,1,19,15,0,2,4,4,6,"H ST","14TH ST",0,40.87298611,-124.08531111,0,8,0,0,2,2,0,1,1,1,0,1,0,"0000000",99,99,99,99,88,88,0,0,0,1,1
6,62508,1,1,0,1,1,1,1,37,1980,1,9,2016,5,9,30,0,2,5,4,6,"HAUSER BL","6TH ST",0,34.06483611,-118.35146389,0,9,0,0,2,2,0,1,1,1,0,1,0,"0000000",99,99,99,99,99,99,0,0,0,1,0
6,62509,2,2,0,0,0,2,2,67,3150,30,6,2016,5,18,10,1,2,2,1,2,"US-50 RAMP","",8,38.56205556,-121.4635,0,12,1,1,20,1,0,1,1,1,0,1,0,"0000000",99,99,99,99,99,99,0,0,0,1,0
6,62510,1,1,0,0,0,1,1,17,0,27,8,2016,7,23,45,0,1,3,1,3,"SR-193","",116,38.90404167,-120.85153611,0,30,0,0,1,1,0,4,2,1,0,1,0,"0000000",99,99,99,99,88,88,0,0,0,1,1
6,62511,1,1,0,0,0,2,2,59,80,22,10,2016,7,4,10,1,2,2,1,3,"SR-57","",145,33.83380833,-117.87595,0,24,0,0,1,1,0,4,3,1,0,1,0,"0000000",99,99,99,99,99,99,0,0,0,1,1
6,62512,2,2,0,0,0,2,2,37,1980,31,7,2016,1,19,35,0,2,4,4,6,"VAN NESS AVE","67TH ST",0,33.97817778,-118.31772778,0,12,6,0,2,2,0,1,1,1,0,1,0,"0000000",99,99,99,99,99,99,0,0,0,1,0
6,62513,1,1,0,0,0,1,1,83,3460,20,8,2016,7,13,18,0,2,4,4,6,"DEPOT ST","SONYA LN",0,34.9276,-120.44443611,0,33,0,0,3,3,0,4,1,1,0,1,0,"0000000",99,99,99,99,13,53,0,0,0,1,0
6,62514,1,1,0,1,1,1,1,81,970,15,9,2016,5,20,53,0,2,3,4,3,"SR-82","",0,37.70709722,-122.45758056,0,8,0,0,1,1,0,1,3,1,0,1,0,"0000000",99,99,99,99,99,99,0,0,0,1,0
6,62515,1,1,0,1,1,1,1,37,1980,10,9,2016,7,18,13,0,2,3,4,6,"WILLOW ST","LONG BEACH BL",0,33.80443889,-118.1895,0,8,0,0,3,2,0,1,1,1,0,1,0,"0000000",99,99,99,99,99,99,0,0,0,1,0
6,62516,1,1,0,1,1,1,1,71,3210,22,8,2016,2,20,7,0,2,4,4,6,"W BASELINE ST","N DAVIDSON ST",0,34.12135556,-117.29305833,0,8,0,0,1,1,0,1,3,1,0,1,0,"0000000",99,99,99,99,88,88,0,0,0,1,0
6,62517,1,1,0,1,1,1,1,85,940,2,8,2016,3,15,34,0,2,4,4,6,"STELLING RD","GREENLEAF DR",0,37.33067222,-122.04144722,0,8,0,0,3,2,0,1,1,1,0,1,0,"0000000",99,99,99,99,99,99,0,0,0,1,0
6,62518,1,1,0,0,0,1,1,1,3360,15,10,2016,7,0,50,0,2,4,4,6,"GRAND AVE","",0,37.72849167,-122.13891667,0,43,0,0,1,1,0,4,3,1,0,1,0,"0000000",99,99,99,99,88,88,20,0,0,1,1
6,62519,3,3,0,1,1,3,3,73,3260,11,9,2016,1,22,30,0,2,4,2,6,"LINDA VISTA RD","",0,32.80165833,-117.15765556,0,8,0,0,1,1,0,1,3,1,0,1,0,"0000000",99,99,99,99,88,88,0,0,0,1,0
6,62520,1,1,0,1,1,1,1,37,1980,10,8,2016,4,18,20,0,2,4,4,6,"6TH ST","",0,34.06486667,-118.35751667,0,8,0,0,1,1,0,1,1,1,0,1,0,"0000000",99,99,99,99,99,99,0,0,0,1,0
6,62521,1,1,0,1,1,1,1,85,3340,26,8,2016,6,20,50,0,2,4,4,6,"MCLAUGHLIN AVE","",0,37.33674444,-121.85764722,0,8,0,0,1,1,0,1,3,1,0,1,0,"0000000",99,99,99,99,99,99,0,0,0,1,0
6,62522,2,2,0,0,0,2,2,37,1980,21,8,2016,1,0,50,0,2,4,4,6,"TOPANGA CANYON","",0,34.15052222,-118.60478611,0,12,1,0,1,1,0,1,3,1,0,1,0,"0000000",99,99,99,99,99,99,0,0,0,1,0
6,62523,1,1,0,0,0,1,1,59,3420,2,10,2016,1,5,52,0,2,3,4,6,"EDINGER AVE","CEDAR ST",0,33.72679167,-117.85865833,0,39,0,0,3,3,0,4,3,10,0,10,0,"0000000",99,99,99,99,99,99,0,0,0,1,1
6,62524,1,1,0,1,1,1,1,73,1200,13,9,2016,3,21,50,0,2,3,4,6,"VALLEY PKWY","",0,33.13899167,-117.04861667,0,8,0,0,1,1,0,1,3,1,0,1,0,"0000000",99,99,99,99,99,99,0,0,0,1,0
6,62525,1,1,0,1,1,1,1,37,1970,12,8,2016,6,20,33,0,2,3,4,6,"STUDABAKER RD","BARBANELL ST",0,33.80519722,-118.09943056,0,8,0,0,3,3,0,1,3,1,0,1,0,"0000000",99,99,99,99,99,99,0,0,0,1,0
6,62526,1,1,0,1,1,1,1,37,3455,20,9,2016,3,21,41,0,2,3,4,6,"FLORENCE AVE","NORWALK BLVD",0,33.93534444,-118.07276389,0,9,0,0,2,2,0,1,3,10,0,10,0,"0000000",99,99,99,99,99,99,0,0,0,1,0
6,62527,1,1,0,0,0,1,1,13,2090,27,9,2016,3,19,36,0,2,4,4,6,"ALHAMBRA AVE","",0,37.96543889,-122.09813333,0,42,0,0,1,1,0,3,3,1,0,1,0,"0000000",99,99,99,99,88,88,0,0,0,1,1
6,62528,1,1,0,1,1,2,2,85,2182,18,9,2016,1,9,45,1,1,1,1,1,"I-880 RAMP","",8076,37.425875,-121.91478889,0,46,0,1,5,1,0,4,1,1,0,1,0,"0000000",99,99,99,99,99,99,0,0,0,1,0
6,62529,1,1,0,1,1,1,1,37,1980,14,9,2016,4,5,30,0,2,5,4,6,"WESTERN AVE","79TH ST",0,33.96729167,-118.309025,0,8,0,0,3,2,0,1,3,1,0,1,0,"0000000",99,99,99,99,88,88,0,0,0,1,0
6,62530,1,1,0,0,0,1,1,37,305,25,9,2016,1,1,30,0,2,3,4,6,"ALONDRA BLVD","",0,33.88936944,-118.12270278,0,1,0,0,1,1,0,1,3,1,0,1,0,"0000000",99,99,99,99,99,99,0,0,0,1,1
6,62531,1,1,0,1,1,1,1,73,3260,16,9,2016,6,21,55,0,2,3,4,6,"EL CAJON","KANSAS STREET",0,32.75540278,-117.13142222,0,8,0,0,3,3,0,1,3,1,0,1,0,"0000000",99,99,99,99,99,99,0,0,0,1,0
6,62532,1,1,0,0,0,2,2,71,260,15,10,2016,7,23,21,0,2,5,4,6,"N YUCCA AVE","",0,34.90073889,-117.00455833,0,33,0,0,1,1,0,4,3,1,0,1,0,"0000000",99,99,99,99,88,88,0,0,0,2,0
6,62533,2,2,0,0,0,9,9,77,3770,22,9,2016,5,11,18,0,2,3,4,6,"AIRPORT WAY","HAZELTON AVE",0,37.94943056,-121.2726,0,12,6,0,2,2,0,1,1,1,0,1,0,"0000000",99,99,99,99,99,99,0,0,0,1,0
6,62534,1,1,0,1,1,1,1,73,4060,19,8,2016,6,20,58,0,2,4,4,6,"EAST VISTA WY","",0,33.22607222,-117.22612778,0,8,0,0,1,1,0,1,3,1,0,1,0,"0000000",99,99,99,99,88,88,0,0,0,1,0
6,62535,1,1,0,1,1,1,1,37,305,20,9,2016,3,22,5,0,2,7,4,6,"SOMERSET BLVD","RYON AVE",0,33.89656667,-118.12852222,0,8,0,0,3,3,0,1,3,1,0,1,0,"0000000",99,99,99,99,88,88,0,0,0,1,1
6,62536,1,1,0,1,1,1,1,37,1980,21,9,2016,4,6,0,0,2,5,4,6,"4TH ST","SERRANO AVE",0,34.06716667,-118.30668889,0,8,0,0,3,2,0,1,4,1,0,1,0,"0000000",99,99,99,99,99,99,0,0,0,1,1
6,62537,1,1,0,1,1,4,4,37,1970,29,9,2016,5,19,6,0,2,4,4,6,"ARTESIA BLVD","MYRTLE AVE",0,33.87466389,-118.18171667,0,8,0,0,3,3,0,1,3,1,0,1,0,"0000000",99,99,99,99,99,99,0,0,0,1,0
6,62538,2,2,0,0,0,2,2,85,3340,19,7,2016,3,16,49,0,2,3,4,6,"MCKEAN BLVD","BAILEY AVE",0,37.18224722,-121.76171667,0,12,6,0,2,3,0,1,1,1,0,1,0,"0000000",99,99,99,99,88,88,14,0,0,1,0
6,62539,2,2,0,0,0,3,3,37,1980,9,8,2016,3,19,50,0,2,3,4,6,"CENTRAL AVE","92ND ST",0,33.95326944,-118.25639167,0,12,2,0,2,2,0,1,5,1,0,1,0,"0000000",99,99,99,99,99,99,0,0,0,1,0
6,62540,2,2,0,0,0,3,3,37,1980,6,8,2016,7,11,52,0,2,3,4,6,"SUNSET BLVD","MICHELTORENA ST",0,34.08758056,-118.27586667,0,12,6,0,2,2,0,1,1,1,0,1,0,"0000000",99,99,99,99,99,99,0,0,0,1,0
6,62541,2,2,0,0,0,2,2,73,3260,12,8,2016,6,20,50,0,2,3,4,6,"REGENTS RD","",0,32.833825,-117.21587778,0,12,7,0,1,1,0,1,2,1,0,1,0,"0000000",99,99,99,99,88,88,0,0,0,1,0
6,62542,2,2,0,0,0,9,9,77,3770,30,7,2016,7,21,22,0,2,4,3,6,"HAMMER LN","GIRARDI WY",0,38.02120278,-121.276625,0,12,2,0,2,2,0,1,3,1,0,1,0,"0000000",99,99,99,99,99,99,0,0,0,1,1
6,62543,3,3,0,0,0,8,8,37,1980,12,8,2016,6,15,5,0,2,5,4,6,"LA TUNA CYN RD","",0,34.23617222,-118.32808056,0,12,2,0,1,1,0,1,1,1,0,1,0,"0000000",99,99,99,99,99,99,0,0,0,2,0
6,62544,3,1,2,2,3,1,2,97,2740,28,7,2016,5,15,28,0,2,5,4,6,"SONOMA MOUNTAIN PKWY","",0,38.26193611,-122.62867778,0,14,0,0,1,1,0,2,1,1,0,1,0,"0000000",99,99,99,99,99,99,15,14,0,1,0
6,62545,1,1,0,1,1,1,1,37,1980,2,10,2016,1,6,0,0,2,3,4,6,"ALVARADO ST","BEVERLY BLVD",0,34.06668056,-118.27034167,0,8,0,0,2,2,0,1,3,1,0,1,0,"0000000",99,99,99,99,99,99,0,0,0,1,0
6,62546,1,1,0,0,0,1,1,37,1980,24,10,2016,2,10,25,0,2,3,4,6,"SHERMAN WY","",0,34.19835,-118.632825,0,33,0,0,1,1,0,4,1,1,0,1,0,"0000000",99,99,99,99,88,88,0,0,0,1,0
6,62547,1,1,0,0,0,1,1,87,0,19,4,2016,3,14,10,1,1,2,1,3,"SR-1 RAMP","",86,36.97071944,-121.87486944,0,42,0,1,5,1,0,4,1,1,0,1,0,"0000000",99,99,99,99,99,99,0,0,0,1,0
6,62548,2,2,0,0,0,7,7,19,0,26,12,2016,2,10,52,1,1,1,1,1,"I-5","",280,36.39963889,-120.36153056,0,12,6,0,1,1,0,1,1,1,0,1,0,"0000000",99,99,99,99,99,99,0,0,0,1,0
6,62549,2,2,0,1,1,3,3,37,1980,3,12,2016,7,5,0,1,2,1,1,1,"I-5","",380,34.25168056,-118.42963056,0,8,0,0,1,1,0,1,2,1,0,1,0,"0000000",99,98,99,98,88,88,0,0,0,1,0
6,62550,1,1,0,0,0,1,1,97,0,21,11,2016,2,16,0,0,1,2,1,3,"SR-1","",295,38.49778333,-123.20618611,0,1,0,0,1,1,0,4,1,1,0,1,0,"0000000",99,99,99,99,88,88,0,0,0,1,0
6,62551,2,2,0,0,0,3,3,37,0,14,11,2016,2,18,23,1,1,2,1,3,"SR-14","",718,34.74523611,-118.17021389,0,54,11,0,1,1,0,1,3,1,0,1,0,"0000000",99,99,99,99,88,88,14,0,0,1,0
6,62552,3,3,0,0,0,4,4,111,0,22,11,2016,3,15,39,1,1,2,1,3,"SR-126","",288,34.40873056,-118.78796111,0,12,7,0,1,1,0,1,1,1,0,1,0,"0000000",99,99,99,99,99,99,0,0,0,1,0
6,62553,1,1,0,1,1,1,1,67,0,26,12,2016,2,6,44,0,1,3,2,4,"CR-47TH AVE","",0,38.5104,-121.4512,0,8,0,0,1,1,0,1,2,1,0,1,0,"0000000",99,99,99,99,99,99,0,0,0,1,0