"STATE","ST_CASE","VE_TOTAL","VE_FORMS","PVH_INVL","PEDS","PERNOTMVIT","PERMVIT","PERSONS","COUNTY","CITY","DAY","MONTH","YEAR","DAY_WEEK","HOUR","MINUTE","NHS","RUR_URB","FUNC_SYS","RD_OWNER","ROUTE","TWAY_ID","TWAY_ID2","MILEPT","LATITUDE","LONGITUD","SP_JUR","HARM_EV","MAN_COLL","RELJCT1","RELJCT2","TYP_INT","WRK_ZONE","REL_ROAD","LGT_COND","WEATHER1","WEATHER2","WEATHER","SCH_BUS","RAIL","NOT_HOUR","NOT_MIN","ARR_HOUR","ARR_MIN","HOSP_HR","HOSP_MN","CF1","CF2","CF3","FATALS","DRUNK_DR"
6,62554,1,1,0,1,1,1,1,107,0,24,12,2016,7,18,20,0,1,2,1,3,"SR-216","",70,36.3843,-119.2155,0,8,0,0,1,1,0,2,3,1,0,1,0,"0000000",99,99,99,99,99,99,0,0,0,1,0
6,62555,1,1,0,0,0,6,6,71,0,22,10,2016,7,22,48,1,1,1,1,1,"I-15","",1013,34.99683611,-116.5684,0,24,0,0,1,1,0,3,2,1,0,1,0,"0000000",99,99,99,99,99,99,0,0,0,1,1
6,62556,2,2,0,0,0,2,2,65,0,6,11,2016,1,10,59,0,1,4,2,4,"CR-LA SIERRA AVE","",0,33.82934444,-117.46035833,0,1,0,0,1,1,0,2,1,1,0,1,0,"0000000",99,99,99,99,99,99,0,0,0,1,0
6,62557,1,1,0,1,1,2,2,73,3260,5,10,2016,4,19,6,0,2,3,4,6,"ROSECRANS ST","",0,32.74804444,-117.20791667,0,8,0,0,1,1,0,1,3,1,0,1,0,"0000000",99,99,99,99,99,99,0,0,0,1,0
6,62558,2,2,0,0,0,3,3,37,2749,11,7,2016,2,4,3,0,2,3,4,6,"PARAMOUNT BLVD","",0,33.99768611,-118.09205833,0,12,2,0,1,1,0,1,3,1,0,1,0,"0000000",99,99,99,99,99,99,0,0,0,2,1
6,62559,2,2,0,0,0,2,2,13,110,16,8,2016,3,9,56,0,2,3,4,6,"A ST","W 17TH ST",0,38.00565278,-121.80603611,0,12,6,0,2,3,0,1,1,1,0,1,0,"0000000",99,99,99,99,99,99,0,0,0,1,0
6,62560,2,2,0,0,0,3,3,77,3770,18,8,2016,5,20,30,0,2,3,4,6,"PACIFIC AVE","REGENT CT",0,37.97421667,-121.30236667,0,12,6,0,2,2,0,1,3,1,0,1,0,"0000000",99,99,99,99,99,99,0,0,0,1,0
6,62561,2,2,0,0,0,2,2,37,810,27,7,2016,4,21,50,0,2,4,4,6,"COMPTON BL","",0,33.89536389,-118.25900278,0,33,0,0,1,1,0,3,3,1,0,1,0,"0000000",99,99,99,99,88,88,0,0,0,1,0
6,62562,2,2,0,0,0,2,2,59,9997,16,7,2016,7,14,5,0,2,3,4,6,"SANTIAGO CANYON RD","MODJESKA GRADE RD",0,33.69691944,-117.63325,0,12,6,0,2,3,0,1,1,1,0,1,0,"0000000",99,99,99,99,88,88,0,0,0,1,2
6,62563,2,2,0,0,0,3,3,73,3260,19,8,2016,6,15,39,0,2,7,4,6,"MIRAMAR WY","KEARNY VILLA RD",0,32.88053889,-117.11666111,0,12,6,0,3,2,0,1,1,1,0,1,0,"0000000",99,99,99,99,88,88,0,0,0,1,0
6,62564,2,2,0,0,0,2,2,37,1970,16,7,2016,7,18,57,0,2,3,4,6,"7TH ST","SANTIAGO AVE",0,33.77532222,-118.12853611,0,12,6,0,2,2,0,1,1,1,0,1,0,"0000000",99,99,99,99,99,99,19,0,0,1,0
6,62565,3,3,0,0,0,4,4,71,3210,23,7,2016,7,6,40,0,2,4,4,6,"MT VERNON AVE","MILL ST",0,34.09213056,-117.31384722,0,12,6,0,2,2,0,1,1,1,0,1,0,"0000000",99,99,99,99,99,99,0,0,0,1,1
6,62566,1,1,0,1,1,1,1,65,1690,26,3,2016,7,6,58,0,2,4,4,6,"FRED WARING DR","HERITAGE PALMS DR",0,33.729175,-116.26338611,0,8,0,0,2,2,0,1,1,1,0,1,0,"0000000",99,99,99,99,88,88,0,0,0,1,0
6,62567,2,2,0,0,0,2,2,37,1980,17,8,2016,4,4,25,0,2,3,4,6,"ROSCOE BL","WILLIS AVE",0,34.22148611,-118.45556389,0,12,2,0,1,1,0,1,3,1,0,1,0,"0000000",99,99,99,99,99,99,0,0,0,1,0
6,62568,2,2,0,0,0,3,3,77,3880,20,8,2016,7,14,20,0,2,7,4,6,"EGRET DR","HUMMINGBIRD WY",0,37.71688611,-121.44335833,0,12,6,0,2,3,0,1,1,1,0,1,0,"0000000",99,99,99,99,99,99,0,0,0,1,0
6,62569,1,1,0,1,1,1,1,65,3320,29,7,2016,6,5,30,0,2,3,4,6,"RAMONA EXPY","",0,33.80200278,-116.9733,0,8,0,0,1,1,0,1,3,1,0,1,0,"0000000",99,99,99,99,99,99,0,0,0,1,0
6,62570,2,2,0,0,0,3,3,73,1200,15,8,2016,2,7,30,1,2,1,1,1,"I-15","",311,33.12338611,-117.10358333,0,12,7,0,1,1,0,1,1,1,0,1,0,"0000000",99,99,99,99,99,99,0,0,0,1,0
6,62571,1,1,0,0,0,1,1,37,1980,26,9,2016,2,1,20,0,2,3,4,6,"WASHINGTON BLVD","FLOWER ST",0,34.03385278,-118.27085,0,1,0,0,3,2,0,1,3,1,0,1,0,"9999999",99,99,99,99,88,88,0,0,0,1,0
6,62572,3,2,1,0,0,2,2,75,3290,17,8,2016,4,14,28,0,2,4,4,6,"JUDSON AVE","",0,37.72826389,-122.44598333,0,12,2,0,1,1,0,1,1,1,0,1,0,"0000000",99,99,99,99,99,99,0,0,0,1,0
6,62573,2,2,0,0,0,4,4,73,3260,21,8,2016,1,0,57,0,2,4,4,6,"CAMINO RUIZ","ZAPATA AVE",0,32.92736389,-117.14400556,0,12,6,0,3,2,0,1,3,1,0,1,0,"0000000",99,99,99,99,99,99,0,0,0,1,1
6,62574,2,2,0,0,0,3,3,37,1980,24,8,2016,4,12,40,0,2,3,4,6,"WOODMAN AVE","",0,34.19671944,-118.43125278,0,12,1,0,1,1,0,1,1,1,0,1,0,"0000000",99,99,99,99,99,99,0,0,0,1,0
6,62575,2,2,0,3,3,2,2,59,2800,20,8,2016,7,22,23,0,2,5,4,6,"LA JOLLA ST","",0,33.85624444,-117.88227222,0,8,0,0,1,1,0,1,3,1,0,1,0,"0000000",99,99,99,99,88,88,0,0,0,3,1
6,62576,1,1,0,1,1,1,1,37,1980,23,9,2016,6,19,25,0,2,4,4,6,"MOORPARK ST","",0,34.15035,-118.412425,0,8,0,0,1,1,0,1,5,1,0,1,0,"0000000",99,99,99,99,99,99,0,0,0,1,0
6,62577,1,1,0,1,1,1,1,37,1840,30,9,2016,6,11,53,0,2,3,4,6,"AVENUE K","",0,34.67500278,-118.16646389,0,33,0,0,1,1,0,4,1,1,0,1,0,"0000000",99,99,99,99,99,99,0,0,0,1,0
6,62578,1,1,0,1,1,1,1,65,3320,26,9,2016,2,19,52,0,2,5,4,6,"HEWITT ST","",0,33.76302778,-116.95082778,0,8,0,0,1,1,0,1,2,1,0,1,0,"0000000",99,99,99,99,88,88,0,0,0,1,0
6,62579,2,2,0,0,0,2,2,1,1560,31,7,2016,1,3,45,1,2,1,1,1,"I-880","",178,37.65931389,-122.10340556,0,12,6,0,1,1,0,1,3,1,0,1,0,"0000000",99,99,99,99,99,99,23,0,0,1,0
6,62580,7,7,0,1,1,11,11,1,3360,13,8,2016,7,23,25,1,8,98,98,1,"I-880","",99999,37.69726944,-122.14771667,9,12,1,0,1,1,0,1,2,1,0,1,0,"0000000",99,99,99,99,88,88,19,0,0,1,1
6,62581,1,1,0,1,1,1,1,59,0,30,9,2016,6,22,11,0,2,2,1,3,"SR-90 RAMP","",123,33.86606111,-117.79118056,0,9,0,0,5,1,0,1,3,10,0,10,0,"0000000",99,99,99,99,88,88,0,0,0,1,0
6,62582,1,1,0,1,1,2,2,59,1660,27,8,2016,7,2,30,0,1,3,1,3,"SR-39","",50,33.71980278,-117.98902778,0,8,0,0,1,1,0,1,3,1,0,1,0,"0000000",99,99,99,99,88,88,0,0,0,1,0
6,62583,2,2,0,0,0,2,2,37,1980,7,9,2016,4,5,20,0,2,3,4,6,"FOOTHILL BL","MCCLEMONT",0,34.2529,-118.29558611,0,58,0,0,2,3,0,1,3,1,0,1,0,"0000000",99,99,99,99,88,88,14,0,0,1,0
6,62584,2,2,0,0,0,4,4,37,1840,30,7,2016,7,20,30,0,2,4,4,6,"40TH ST W","NEWGROVE ST",0,34.69296944,-118.20156111,0,12,6,0,2,3,0,1,5,1,0,1,0,"0000000",99,99,99,99,99,99,0,0,0,2,0
6,62585,1,1,0,1,1,1,1,37,1840,29,8,2016,2,15,15,0,2,4,4,6,"10TH STREET WEST","",0,34.69080833,-118.14805,0,8,0,0,1,1,0,1,1,1,0,1,0,"0000000",99,99,99,99,99,99,0,0,0,1,0
6,62586,2,2,0,0,0,2,2,85,3340,30,7,2016,7,19,55,0,2,4,4,6,"MCLAUGHLIN AVE","",0,37.31551667,-121.83680833,0,12,6,0,8,1,0,1,1,1,0,1,0,"0000000",99,99,99,99,99,99,0,0,0,1,1
6,62587,1,1,0,1,1,1,1,99,2200,30,7,2016,7,20,45,0,2,4,4,6,"TULLY RD","",0,37.69079167,-121.01252778,0,8,0,0,1,1,0,1,5,1,0,1,0,"0000000",99,99,99,99,88,88,0,0,0,1,0
6,62588,1,1,0,1,1,1,1,73,1200,8,10,2016,7,1,55,0,2,3,4,6,"ASH ST","",0,33.13008333,-117.06683611,0,8,0,0,1,1,0,1,3,1,0,1,0,"0000000",99,99,99,99,88,88,0,0,0,1,0
6,62589,2,2,0,0,0,3,3,67,712,27,8,2016,7,20,48,0,2,4,4,6,"VAN MAREN LN","SOMERSWORTH DR",0,38.6887,-121.30870833,0,12,6,0,2,3,0,1,3,1,0,1,0,"0000000",99,99,99,99,99,99,0,0,0,1,1
6,62590,2,2,0,0,0,2,2,59,2199,8,9,2016,5,11,10,0,2,3,4,6,"MARGUERITE PKWY","VENADO DR",0,33.56598056,-117.65780556,0,12,6,0,2,2,0,1,1,1,0,1,0,"0000000",99,99,99,99,99,99,0,0,0,1,0
6,62591,1,1,0,1,1,1,1,65,2650,23,8,2016,3,0,1,0,2,3,4,6,"RAMON RD","CROSSLEY RD",0,33.81591667,-116.48414444,0,9,0,0,2,2,0,1,3,1,0,1,0,"0000000",99,99,99,99,99,99,0,0,0,1,0
6,62592,2,2,0,0,0,2,2,59,80,8,7,2016,6,21,50,0,2,4,4,6,"S BROOKHURST ST","W CERRITOS AVE",0,33.81049167,-117.95890556,0,12,6,0,2,2,0,1,3,1,0,1,0,"0000000",99,99,99,99,99,99,0,0,0,1,0
6,62593,1,1,0,0,0,1,1,67,2934,18,8,2016,5,20,32,0,2,6,4,6,"HORN RD","",0,38.57589167,-121.32958611,0,46,0,0,1,1,0,4,3,1,0,1,0,"0000000",99,99,99,99,99,99,0,0,0,1,1
6,62594,1,1,0,1,1,1,1,37,1980,27,9,2016,3,3,30,0,2,3,4,6,"BURBANK BL","BONNER AVE",0,34.17214722,-118.37412222,0,15,0,0,2,3,0,1,3,1,0,1,0,"0000000",99,99,99,99,99,99,0,0,0,1,0
6,62595,1,1,0,1,1,1,1,81,3730,25,9,2016,1,23,31,0,2,5,4,6,"W FIELD RD","",0,37.62255,-122.39600556,0,8,0,0,1,1,0,1,3,1,0,1,0,"0000000",99,99,99,99,99,99,0,0,0,1,0
6,62596,1,1,0,0,0,1,1,37,0,15,9,2016,5,4,30,1,1,2,1,3,"SR-91","",107,33.873825,-118.20895278,0,38,0,0,1,1,0,4,2,1,0,1,0,"0000000",99,99,99,99,88,88,0,0,0,1,0
6,62597,1,1,0,1,1,1,1,87,0,11,12,2016,1,20,40,0,2,3,4,6,"FREEDOM BLVD","",0,36.95117778,-121.79506944,0,9,0,0,1,1,0,2,2,10,0,10,0,"0000000",99,99,99,99,88,88,0,0,0,1,1
6,62598,2,2,0,0,0,2,2,87,0,28,12,2016,4,4,25,0,1,5,2,4,"CR-N RODEO GULCH RD","",0,36.9919,-121.9704,0,12,6,0,1,1,0,1,2,1,0,1,0,"0000000",99,99,99,99,99,99,0,0,0,1,1
6,62599,3,3,0,0,0,4,4,37,2645,25,8,2016,5,3,32,0,2,3,4,6,"AVENUE M","",0,34.64595833,-118.10006667,0,12,2,0,1,1,0,1,3,1,0,1,0,"0000000",99,99,99,99,99,99,0,0,0,2,0
6,62600,2,2,0,0,0,2,2,77,1190,20,8,2016,7,22,10,1,2,2,1,3,"SR-120","BRENNAN RD",159,37.79854444,-121.01495,0,12,6,0,2,2,0,1,2,1,0,1,0,"0000000",99,99,99,99,88,88,0,0,0,1,0
6,62601,2,2,0,0,0,2,2,67,3150,8,9,2016,5,22,34,0,2,3,4,6,"FRUITRIDGE RD","",0,38.52481944,-121.48033056,0,12,6,0,1,1,0,1,3,1,0,1,0,"0000000",99,99,99,99,88,88,0,0,0,1,0
6,62602,2,2,0,1,1,2,2,65,9997,6,9,2016,3,2,30,0,2,3,4,6,"LIMONITE AVE","",0,33.97525278,-117.53545,0,9,0,0,1,1,0,1,3,1,0,1,0,"0000000",99,99,99,99,88,88,0,0,0,1,0
6,62603,1,1,0,1,1,1,1,13,3400,27,9,2016,3,5,41,0,2,5,4,6,"GIANT RD","",0,37.96753333,-122.35623056,0,9,0,0,1,1,0,1,3,1,0,1,0,"0000000",99,99,99,99,88,88,0,0,0,1,0
6,62604,3,1,2,0,0,1,1,73,3260,13,9,2016,3,13,44,0,2,7,4,6,"MELBOURNE DR","FERMI AVE",0,32.79984444,-117.12806389,0,44,0,0,3,2,0,1,1,10,0,10,0,"0000000",99,99,99,99,99,99,0,0,0,1,0
6,62605,2,2,0,0,0,3,3,77,3770,20,9,2016,3,7,17,0,2,3,4,6,"PERSHING AVE","LINCOLN RD",0,38.01428889,-121.32988611,0,12,1,0,3,2,0,1,1,1,0,1,0,"0000000",99,99,99,99,99,99,0,0,0,1,0
6,62606,2,2,0,0,0,2,2,37,1840,8,9,2016,5,8,35,0,2,6,4,6,"60TH ST W","AVENUE H",0,34.71862778,-118.23721389,0,12,6,0,2,2,0,1,1,1,0,1,0,"0000000",99,99,99,99,88,88,0,0,0,1,0
6,62607,1,1,0,2,2,4,4,65,750,24,9,2016,7,7,6,0,2,4,4,6,"AVENUE 48","LUZON ST",0,33.70036667,-116.19681667,0,8,0,0,2,3,0,1,1,1,0,1,0,"0000000",99,99,99,99,99,99,0,0,0,2,0
6,62608,2,1,1,0,0,1,1,71,3210,10,9,2016,7,21,18,0,2,5,4,6,"N PENNSYVANIA AVE","",0,34.13008611,-117.32845,0,14,0,0,1,1,0,4,3,1,0,1,0,"0000000",99,99,99,99,99,99,0,0,0,1,1
6,62609,3,3,0,0,0,3,3,67,1300,15,9,2016,5,5,9,0,2,5,4,6,"SCOTT RD","",0,38.63433056,-121.11416111,0,12,8,0,1,1,0,1,2,1,0,1,0,"0000000",99,99,99,99,99,99,0,0,0,1,1
6,62610,2,2,0,0,0,2,2,73,3260,2,9,2016,6,6,39,0,2,3,4,6,"NAVAJO RD","PARK RIDGE BL",0,32.80193611,-117.05000556,0,12,6,0,2,2,0,1,1,1,0,1,0,"0000000",99,99,99,99,99,99,0,0,0,2,0
6,62611,2,2,0,0,0,3,3,59,4130,25,9,2016,1,14,50,0,2,4,4,6,"HAZARD AVE","CEDARWOOD AVE",0,33.75208056,-117.99404722,0,12,6,0,2,3,0,1,1,1,0,1,0,"0000000",99,99,99,99,99,99,0,0,0,1,0
6,62612,2,2,0,0,0,2,2,77,3770,15,9,2016,5,14,22,0,2,7,4,6,"HOLMAN DR","DELFINA WY",0,38.04157778,-121.26968056,0,12,6,0,2,2,0,1,1,1,0,1,0,"0000000",99,99,99,99,99,99,0,0,0,1,0
6,62613,2,2,0,0,0,7,7,73,710,8,10,2016,7,0,32,0,2,4,4,6,"EAST H ST","",0,32.65059167,-116.98607778,0,42,0,0,1,1,0,4,3,1,0,1,0,"0000000",99,99,99,99,88,88,14,0,0,1,2
6,62614,3,3,0,0,0,3,3,37,1840,6,10,2016,5,13,3,0,2,3,4,6,"AVE M","4TH ST EAST",0,34.64591111,-118.12322778,0,12,8,0,2,3,0,1,1,1,0,1,0,"0000000",99,99,99,99,99,99,14,0,0,1,0
6,62615,1,1,0,1,1,1,1,95,4010,28,9,2016,4,7,31,0,2,7,4,6,"WOODCREST DR","",0,38.37229444,-121.97878611,0,8,0,0,1,1,0,1,1,1,0,1,0,"0000000",99,99,99,99,99,99,0,0,0,1,0
6,62616,3,3,0,0,0,4,4,59,1660,23,9,2016,6,23,45,0,2,4,4,6,"NEWLAND ST","TALBERT AVE",0,33.70123889,-117.98038611,0,12,6,0,2,2,0,1,3,1,0,1,0,"0000000",99,99,99,99,99,99,0,0,0,1,1
6,62617,1,1,0,1,1,1,1,73,3260,27,9,2016,3,12,12,0,2,4,4,6,"5TH AVE","HAWTHORN ST",0,32.72716111,-117.16026667,0,15,0,0,2,2,0,1,1,1,0,1,0,"0000000",99,99,99,99,99,99,0,0,0,1,0
6,62618,1,1,0,1,1,2,2,99,2200,21,9,2016,4,5,45,0,2,3,1,3,"SR-108","",258,37.6845,-120.99423056,0,8,0,0,1,1,0,1,3,1,0,1,0,"0000000",99,99,99,99,99,99,0,0,0,1,0
6,62619,2,2,0,0,0,2,2,25,0,8,11,2016,3,5,40,0,1,2,1,3,"SR-111","",301,33.09071389,-115.51489444,0,12,2,0,1,1,0,1,2,1,0,1,0,"0000000",99,99,99,99,99,99,0,0,0,1,0
6,62620,2,2,0,0,0,2,2,5,0,1,10,2016,7,10,40,0,1,2,1,3,"SR-16","",61,38.455275,-120.92286944,0,12,2,0,1,1,0,1,1,1,0,1,0,"0000000",99,99,99,99,88,88,0,0,0,1,0
6,62621,1,1,0,0,0,4,4,71,0,10,11,2016,5,22,50,0,1,5,2,4,"CR-AMBOY ROAD","",0,34.4639,-115.74219444,0,30,0,0,1,1,0,4,2,1,0,1,0,"0000000",99,99,99,99,99,99,0,0,0,1,0
6,62622,2,2,0,0,0,2,2,39,0,21,10,2016,6,6,15,0,1,6,2,4,"CR-ROAD 9","",0,36.94525833,-120.38247778,0,12,1,0,1,1,0,1,2,1,0,1,0,"0000000",99,99,99,99,88,88,0,0,0,1,0
6,62623,1,1,0,0,0,1,1,67,3150,16,10,2016,1,0,0,1,1,2,1,3,"SR-99","",300,38.66495278,-121.53926111,0,42,0,0,1,1,0,4,2,2,0,2,0,"0000000",99,99,99,99,88,88,0,0,0,1,1
6,62624,1,1,0,0,0,3,3,83,0,9,10,2016,1,0,0,0,1,5,2,4,"CR-DOMINION RD","CR-FOXEN CANYON RD",0,34.91024444,-120.34705556,0,43,0,0,3,3,0,4,2,1,0,1,0,"0000000",99,99,99,99,99,99,0,0,0,1,1
6,62625,2,2,0,0,0,2,2,83,0,18,12,2016,1,16,25,0,2,2,1,3,"SR-192","",130,34.42648889,-119.57351111,0,1,0,0,1,1,0,1,1,1,0,1,0,"0000000",99,99,99,99,88,88,0,0,0,1,0
6,62626,2,2,0,0,0,2,2,37,1840,24,8,2016,4,20,53,0,2,3,4,6,"AVENUE K","",0,34.67465278,-118.27103056,0,12,1,0,1,1,0,1,2,1,0,1,0,"0000000",99,99,99,99,99,99,14,0,0,1,0
6,62627,2,2,0,0,0,4,4,37,1980,27,8,2016,7,1,40,0,2,3,4,6,"GLENDALE BL","SILVER LAKE BL",0,34.10082222,-118.25919722,0,12,6,0,2,2,0,1,3,1,0,1,0,"0000000",99,99,99,99,99,99,0,0,0,1,1
6,62628,1,1,0,1,1,1,1,37,1980,13,10,2016,5,23,15,0,2,3,4,6,"CULVER BLVD","SLAUSON AVE",0,33.99855,-118.41481944,0,8,0,0,2,3,0,1,3,1,0,1,0,"0000000",99,99,99,99,88,88,0,0,0,1,0
6,62629,1,1,0,2,2,1,1,79,9997,27,8,2016,7,21,54,0,2,4,4,6,"W GRAND AVE","S 7TH ST",0,35.12161389,-120.62273056,0,8,0,0,2,2,0,1,3,1,0,1,0,"0000000",99,99,99,99,99,99,0,0,0,1,0
6,62630,2,2,0,0,0,2,2,37,1980,28,9,2016,4,19,15,0,2,3,4,6,"VICTORY BL","MORSE AVE",0,34.18667222,-118.41546111,0,12,6,0,8,1,0,1,3,1,0,1,0,"0000000",99,99,99,99,88,88,14,0,0,1,0
6,62631,4,4,0,1,1,4,4,37,1980,2,10,2016,1,11,45,0,2,4,4,6,"HOOVER ST","IMPERIAL HWY",0,33.93098889,-118.28698889,0,12,1,0,2,2,0,1,1,1,0,1,0,"0000000",99,99,99,99,99,99,0,0,0,1,0
6,62632,2,2,0,0,0,2,2,37,2870,16,9,2016,6,8,58,0,2,3,4,6,"FAIRPLEX DR","ELWOOD ST",0,34.06816389,-117.787875,0,12,6,0,2,3,0,1,1,1,0,1,0,"0000000",99,99,99,99,88,88,0,0,0,1,0
6,62633,1,1,0,1,1,1,1,37,306,2,10,2016,1,2,8,0,2,4,4,6,"GAGE AVE","",0,33.97462222,-118.15465,0,8,0,0,1,1,0,2,3,1,0,1,0,"0000000",99,99,99,99,88,88,0,0,0,1,0
6,62634,1,1,0,1,1,1,1,65,2650,30,9,2016,6,4,48,0,2,3,4,6,"RAMON RD","",0,33.81585,-116.50251111,0,9,0,0,1,1,0,1,3,1,0,1,0,"0000000",99,99,99,99,88,88,0,0,0,1,0
6,62635,2,2,0,0,0,2,2,73,1200,16,9,2016,6,4,44,0,2,3,4,6,"CENTRE CITY PKWY","ESCONDIDO BLVD",0,33.08669167,-117.07136111,0,12,6,0,2,3,0,1,2,1,0,1,0,"0000000",99,99,99,99,88,88,0,0,0,1,0
6,62636,3,3,0,0,0,3,3,65,3070,30,9,2016,6,12,0,0,2,5,4,6,"MONROE ST","DIANA AVE",0,33.92354167,-117.42745833,0,12,2,0,2,3,0,1,1,1,0,1,0,"0000000",99,99,99,99,99,99,0,0,0,1,0
6,62637,1,1,0,1,1,2,2,37,1980,8,10,2016,7,19,45,0,2,3,4,6,"SEPULVEDA BL","",0,34.21658056,-118.46615833,0,8,0,0,1,1,0,1,3,1,0,1,0,"0000000",99,99,99,99,99,99,0,0,0,1,0
6,62638,1,1,0,0,0,1,1,37,1970,22,9,2016,5,6,48,0,2,3,4,6,"PICO AVE","PIER C ST",0,33.77455833,-118.20777778,0,30,0,0,3,2,0,4,1,1,0,1,0,"0000000",99,99,99,99,88,88,0,0,0,1,0
6,62639,1,1,0,1,1,1,1,65,2650,6,10,2016,5,12,55,0,2,3,1,3,"SR-111","VIA MIRALESTE",536,33.84486389,-116.54120833,0,8,0,0,3,2,0,1,1,1,0,1,0,"0000000",99,99,99,99,99,99,0,0,0,1,0
6,62640,2,1,1,0,0,1,1,73,3260,15,10,2016,7,2,59,0,2,4,4,6,"PALM AVE","",0,32.58386111,-117.07883611,0,14,0,0,1,1,0,2,3,1,0,1,0,"0000000",99,99,99,99,88,88,0,0,0,1,0
6,62641,1,1,0,1,1,1,1,81,970,6,10,2016,5,10,44,0,2,4,4,6,"CALLAN BL","SOUTHGATE AVE",0,37.67572222,-122.47184722,0,15,0,0,2,3,0,1,1,1,0,1,0,"0000000",99,99,99,99,99,99,0,0,0,1,0
6,62642,1,1,0,1,1,1,1,37,1970,15,10,2016,7,22,26,0,2,4,4,6,"4TH ST","OBISPO AVE",0,33.7717,-118.15459444,0,8,0,0,3,2,0,1,3,1,0,1,0,"0000000",99,99,99,99,88,88,0,0,0,1,0
6,62643,2,1,1,0,0,2,2,71,0,15,7,2016,6,2,9,1,1,1,1,1,"I-15","",1283,35.18127222,-116.16740278,0,14,0,0,1,1,0,2,2,1,0,1,0,"0000000",99,99,99,99,99,99,19,0,0,1,0
6,62644,1,1,0,0,0,4,4,37,1980,27,10,2016,5,22,15,0,2,5,4,6,"TUJUNGA CYN BL","",0,34.23593056,-118.27048056,0,1,0,0,1,1,0,1,2,1,0,1,0,"0000000",99,99,99,99,99,99,0,0,0,1,0
6,62645,1,1,0,0,0,4,4,83,3430,9,8,2016,3,20,49,0,2,4,4,6,"CLIFF DR","",0,34.40204722,-119.70916111,0,33,0,0,1,1,0,4,2,1,0,1,0,"0000000",99,99,99,99,99,99,0,0,0,3,1
6,62646,1,1,0,0,0,1,1,37,306,8,10,2016,7,3,57,0,2,3,4,6,"GARFIELD AVE","GALLANT ST",0,33.961275,-118.15489167,0,33,0,0,3,3,0,4,3,1,0,1,0,"0000000",99,99,99,99,99,99,0,0,0,1,1
6,62647,1,1,0,0,0,1,1,85,3340,10,12,2016,7,20,39,0,2,4,4,6,"FRUITDALE AVE","ST ELIZABETH DR",0,37.31067778,-121.91565833,0,33,0,0,3,3,0,4,3,1,0,1,0,"0000000",99,99,99,99,88,88,0,0,0,1,0
6,62648,2,1,1,0,0,5,5,37,1980,16,10,2016,1,1,10,0,2,3,4,6,"WESTERN AVE","",0,33.72600556,-118.31122778,0,33,0,0,1,1,0,4,3,1,0,1,0,"0000000",99,99,99,99,99,99,0,0,0,1,0
6,62649,1,1,0,0,0,1,1,97,2740,27,10,2016,5,22,47,0,2,3,4,6,"LAKEVILLE HWY","",0,38.22713889,-122.57685278,0,42,0,0,1,1,0,4,2,2,0,2,0,"0000000",99,99,99,99,88,88,0,0,0,1,1
6,62650,1,1,0,1,1,1,1,85,3790,24,10,2016,2,10,28,0,2,3,4,6,"FREMONT AVE","",0,37.35206667,-122.02990556,0,9,0,0,1,1,0,1,1,1,0,1,0,"0000000",99,99,99,99,99,99,0,0,0,1,0
6,62651,1,1,0,0,0,1,1,73,3260,7,11,2016,2,3,57,0,2,4,4,6,"PICADOR BL","",0,32.58351944,-117.06203333,0,43,0,0,1,1,0,4,3,5,0,5,0,"0000000",99,99,99,99,88,88,0,0,0,1,0
6,62652,1,1,0,0,0,1,1,65,850,29,10,2016,7,2,50,0,2,3,4,6,"GREEN RIVER RD","",0,33.8786,-117.65356944,0,33,0,0,1,1,0,3,3,1,0,1,0,"0000000",99,99,99,99,99,99,0,0,0,1,1
6,62653,1,1,0,0,0,1,1,37,1840,26,11,2016,7,0,48,0,2,3,4,6,"AVENUE M","",0,34.64700833,-118.20061111,0,35,0,0,1,1,0,4,2,1,0,1,0,"0000000",99,99,99,99,99,99,0,0,0,1,0
6,62654,1,1,0,1,1,1,1,37,1980,17,10,2016,2,6,15,0,2,4,4,6,"BROADWAY","104TH STREET",0,33.94192778,-118.27835833,0,8,0,0,3,2,0,1,3,2,10,2,0,"0000000",99,99,99,99,88,88,0,0,0,1,0
6,62655,1,1,0,0,0,1,1,37,1980,8,11,2016,3,20,15,0,2,3,4,6,"WESTERN AVE","",0,33.72963333,-118.313,0,33,0,0,1,1,0,4,3,1,0,1,0,"0000000",99,99,99,99,88,88,0,0,0,1,0
6,62656,2,2,0,0,0,6,6,71,790,19,9,2016,2,7,51,0,2,3,4,6,"RIVERSIDE AVE","",0,34.02101667,-117.36244167,0,33,0,0,1,1,0,4,1,1,0,1,0,"0000000",99,99,99,99,99,99,14,0,0,1,0
6,62657,1,1,0,1,1,1,1,37,1045,23,10,2016,1,1,34,0,2,3,4,6,"FIRESTONE BLVD","LA REINA AVE",0,33.94107222,-118.13486667,0,8,0,0,2,2,0,1,3,1,0,1,0,"0000000",99,99,99,99,99,99,0,0,0,1,0
6,62658,3,3,0,0,0,5,5,71,1305,16,8,2016,3,21,45,0,2,4,4,6,"CHERRY AVE","",0,34.07231111,-117.48887778,0,12,2,0,1,1,0,1,3,1,0,1,0,"0000000",99,99,99,99,99,99,0,0,0,1,0