"STATE","ST_CASE","VE_TOTAL","VE_FORMS","PVH_INVL","PEDS","PERNOTMVIT","PERMVIT","PERSONS","COUNTY","CITY","DAY","MONTH","YEAR","DAY_WEEK","HOUR","MINUTE","NHS","RUR_URB","FUNC_SYS","RD_OWNER","ROUTE","TWAY_ID","TWAY_ID2","MILEPT","LATITUDE","LONGITUD","SP_JUR","HARM_EV","MAN_COLL","RELJCT1","RELJCT2","TYP_INT","WRK_ZONE","REL_ROAD","LGT_COND","WEATHER1","WEATHER2","WEATHER","SCH_BUS","RAIL","NOT_HOUR","NOT_MIN","ARR_HOUR","ARR_MIN","HOSP_HR","HOSP_MN","CF1","CF2","CF3","FATALS","DRUNK_DR"
6,62659,2,1,1,1,1,1,1,85,3340,6,10,2016,5,21,41,0,2,4,4,6,"AZUERAIS AVE","DRAKE ST",0,37.32235278,-121.90089167,0,14,0,0,3,3,0,2,3,1,0,1,0,"0000000",99,99,99,99,88,88,0,0,0,1,1
6,62660,2,2,0,0,0,2,2,73,710,23,9,2016,6,21,39,0,2,4,4,6,"OTAY LAKES RD","",0,32.64603333,-116.97129167,0,12,1,0,1,1,0,1,3,1,0,1,0,"0000000",99,99,99,99,88,88,20,0,0,1,1
6,62661,1,1,0,1,1,1,1,81,2170,15,10,2016,7,19,8,0,2,4,4,6,"ROLLINS RD","ADRIAN RD",0,37.59943333,-122.38293611,0,8,0,0,3,2,0,1,3,2,0,2,0,"0000000",99,99,99,99,99,99,0,0,0,1,0
6,62662,2,2,0,0,0,2,2,37,1980,19,10,2016,4,13,43,0,2,3,4,6,"SLAUSON AVE","",0,33.77478056,-118.27818056,0,12,7,0,1,1,0,1,1,1,0,1,0,"0000000",99,99,99,99,88,88,0,0,0,1,0
6,62663,2,2,0,0,0,2,2,59,1713,20,10,2016,5,19,0,0,2,7,4,6,"TRUMAN ST","",0,33.69571667,-117.76803333,0,12,7,0,1,1,0,1,3,1,0,1,0,"0000000",99,99,99,99,99,99,0,0,0,1,0
6,62664,5,3,2,0,0,4,4,37,1980,18,10,2016,3,17,15,0,2,3,4,6,"SHERMAN WAY","OSO AVE",0,34.20105833,-118.57535278,0,12,6,0,2,2,0,1,1,1,0,1,0,"0000000",99,99,99,99,99,99,14,0,0,1,1
6,62665,2,2,0,0,0,3,3,37,1840,24,9,2016,7,4,22,0,2,4,4,6,"DIVISION ST","AVENUE I",0,34.70397778,-118.13043333,0,12,6,0,2,2,0,1,3,1,0,1,0,"0000000",99,99,99,99,99,99,0,0,0,1,1
6,62666,2,2,0,0,0,2,2,99,2200,26,10,2016,4,9,19,0,2,4,4,6,"TULLY RD","RUMBLE RD",0,37.68198889,-121.01238333,0,12,1,0,3,2,0,1,1,1,0,1,0,"0000000",99,99,99,99,99,99,0,0,0,1,0
6,62667,1,1,0,1,1,1,1,29,522,17,10,2016,2,10,38,0,2,4,4,6,"NEURALIA RD","POPPY BLVD",0,35.13305833,-117.98570278,0,9,0,0,2,2,0,1,1,7,6,6,0,"0000000",99,99,99,99,88,88,0,0,0,1,0
6,62668,1,1,0,1,1,1,1,59,3420,10,10,2016,2,5,49,0,2,3,4,6,"1ST ST","",0,33.745225,-117.90422222,0,8,0,0,1,1,0,1,3,1,0,1,0,"0000000",99,99,99,99,88,88,0,0,0,1,0
6,62669,1,1,0,1,1,1,1,37,2970,18,10,2016,3,11,39,0,2,3,4,6,"TORRENCE BLVD","FRANCISCA AVE",0,33.83818889,-118.38416389,0,8,0,0,3,2,0,4,1,1,0,1,0,"0000000",99,99,99,99,99,99,0,0,0,1,0
6,62670,1,1,0,1,1,1,1,7,660,7,12,2016,4,1,29,0,2,3,1,3,"SR-32","",77,39.73013611,-121.85713889,0,8,0,0,1,1,0,6,3,1,0,1,0,"0000000",99,99,99,99,88,88,0,0,0,1,1
6,62671,1,1,0,0,0,4,4,81,3390,13,11,2016,1,2,10,1,2,2,1,2,"US-101 RAMP","",134,37.57060833,-122.31271389,0,33,0,1,5,1,0,8,3,1,0,1,0,"0000000",99,99,99,99,99,99,0,0,0,1,1
6,62672,1,1,0,1,1,6,6,47,2150,20,8,2016,7,21,4,1,2,2,1,3,"SR-99","",131,37.288025,-120.45621944,0,8,0,0,1,1,0,1,3,1,0,1,0,"0000000",99,99,99,99,88,88,0,0,0,1,0
6,62673,2,2,0,1,1,2,2,37,1980,25,8,2016,5,21,15,0,2,4,4,6,"SAN FERNANDO RD","",0,34.09206389,-118.22858889,0,8,0,0,1,1,0,1,2,1,0,1,0,"0000000",99,99,99,99,99,99,0,0,0,1,0
6,62674,2,2,0,0,0,2,2,67,3150,8,10,2016,7,22,3,0,2,3,4,6,"EL CAMINO AVE","GROVE AVE",0,38.6111,-121.45935278,0,12,6,0,2,2,0,1,3,1,0,1,0,"0000000",99,99,99,99,99,99,0,0,0,1,1
6,62675,2,2,0,0,0,2,2,37,3455,28,10,2016,6,8,55,0,2,3,4,6,"SLAUSON AVE","",0,33.96409722,-118.06158333,0,33,0,0,1,1,0,4,1,10,0,10,0,"0000000",99,99,99,99,99,99,14,0,0,1,0
6,62676,2,2,0,0,0,3,3,37,1980,30,10,2016,1,19,25,0,2,3,4,6,"HOLLYWOOD WAY","",0,34.20832778,-118.3486,0,12,11,0,1,1,0,1,3,1,0,1,0,"0000000",99,99,99,99,88,88,0,0,0,1,0
6,62677,2,2,0,0,0,9,9,37,1980,15,10,2016,7,2,28,0,2,4,4,6,"3RD ST","WILTON PL",0,34.06895278,-118.31411944,0,12,6,0,2,2,0,1,3,1,0,1,0,"0000000",99,99,99,99,99,99,0,0,0,2,0
6,62678,2,2,0,0,0,2,2,37,1980,26,10,2016,4,13,30,0,2,3,4,6,"CENTRAL AVE","76TH ST",0,33.97151944,-118.25641389,0,12,8,0,3,3,0,1,1,1,0,1,0,"0000000",99,99,99,99,88,88,0,0,0,1,0
6,62679,2,2,0,0,0,9,9,29,0,10,8,2016,4,4,55,1,1,2,1,3,"SR-46","",452,35.60138056,-119.43331111,0,12,8,0,1,1,0,1,2,1,0,1,0,"0000000",99,99,99,99,99,99,0,0,0,2,0
6,62680,3,1,2,1,1,4,4,37,1980,15,10,2016,7,13,0,0,2,5,4,6,"4TH ST","",0,34.05746667,-118.266225,0,8,0,0,1,1,0,1,1,1,0,1,0,"0000000",99,99,99,99,99,99,0,0,0,1,0
6,62681,3,2,1,0,0,3,3,107,4050,22,10,2016,7,18,7,0,2,3,1,3,"SR-63","MURRAY",84,36.33376111,-119.29348333,0,12,6,0,2,2,0,1,1,1,0,1,0,"0000000",99,99,99,99,99,99,14,0,0,1,0
6,62682,2,1,1,1,1,1,1,37,1980,8,9,2016,5,20,50,0,2,3,4,6,"SEPULVELDA BL","RAYEN ST",0,34.23185833,-118.46773889,0,8,0,0,3,2,0,1,3,1,0,1,0,"0000000",99,99,99,99,88,88,14,0,0,1,0
6,62683,1,1,0,1,1,1,1,37,1980,31,10,2016,2,6,50,0,2,3,4,6,"FOOTHILL BLVD","",0,34.32246111,-118.47455,0,8,0,0,1,1,0,2,4,1,0,1,0,"0000000",99,99,99,99,88,88,0,0,0,1,0
6,62684,1,1,0,1,1,1,1,37,1980,26,10,2016,4,23,10,0,2,3,4,6,"FOOTHILL BL","",0,34.27964167,-118.40059167,0,9,0,0,1,1,0,1,3,1,0,1,0,"0000000",99,99,99,99,99,99,0,0,0,1,0
6,62685,2,2,0,1,1,2,2,37,30,15,10,2016,7,20,52,0,2,4,4,6,"MISSION RD","CHAPEL AVE",0,34.09104444,-118.11981389,0,8,0,0,3,2,0,1,3,10,0,10,0,"0000000",99,99,99,99,88,88,0,0,0,1,0
6,62686,1,1,0,1,1,1,1,37,2870,31,10,2016,2,19,46,1,2,2,1,3,"SR-71","",23,34.04643889,-117.77379722,0,8,0,0,1,1,0,1,3,1,0,1,0,"0000000",99,99,99,99,99,99,0,0,0,1,0
6,62687,1,1,0,1,1,1,1,67,3150,18,10,2016,3,6,56,0,2,5,4,6,"WYNDHAM DR","ARROYO VISTA DR",0,38.46898333,-121.42119444,0,8,0,0,2,2,0,1,3,1,0,1,0,"0000000",99,99,99,99,99,99,0,0,0,1,0
6,62688,1,1,0,1,1,1,1,37,1840,23,10,2016,1,19,0,0,2,4,4,6,"AVENUE J","DATE AVE",0,34.68945833,-118.13939722,0,8,0,0,3,2,0,1,3,1,0,1,0,"0000000",99,99,99,99,88,88,0,0,0,1,0
6,62689,2,2,0,0,0,2,2,47,0,21,10,2016,6,18,0,0,1,3,2,3,"SR-59","DICKENSON FERRY RD",131,37.27369444,-120.48781944,0,12,6,0,2,2,0,1,1,1,0,1,0,"0000000",99,99,99,99,88,88,0,0,0,1,1
6,62690,1,1,0,1,1,1,1,37,2870,1,12,2016,5,23,10,1,2,1,1,1,"I-10","",464,34.0784,-117.7414,0,8,0,0,1,1,0,1,2,1,0,1,0,"0000000",99,99,99,99,88,88,0,0,0,1,0
6,62691,2,2,0,0,0,2,2,37,0,24,12,2016,7,19,41,0,1,2,1,3,"SR-138","",735,34.46473889,-117.68179722,0,12,6,0,1,1,0,1,2,1,0,1,0,"0000000",99,99,99,99,99,99,19,0,0,1,0
6,62692,1,1,0,1,1,1,1,85,3440,19,12,2016,2,6,25,0,2,3,4,6,"LAWRENCE EXPY","CABRILLO AVE",0,37.35983889,-121.99588333,0,8,0,0,3,2,0,1,4,1,0,1,0,"0000000",99,99,99,99,88,88,0,0,0,1,0
6,62693,1,1,0,0,0,1,1,29,0,21,12,2016,4,0,39,0,1,2,1,3,"SR-99","",100,35.15716944,-118.9996,0,38,0,0,1,1,0,4,2,1,0,1,0,"0000000",99,99,99,99,88,88,0,0,0,1,0
6,62694,1,1,0,0,0,1,1,37,1430,3,9,2016,7,0,15,0,2,2,1,3,"SR-2 RAMP","",93,34.14781111,-118.22668889,0,24,0,1,5,1,0,4,3,1,0,1,0,"0000000",99,99,99,99,99,99,0,0,0,1,1
6,62695,2,2,0,0,0,2,2,73,2340,28,11,2016,2,21,15,1,2,1,1,1,"I-5","",94,32.65012222,-117.10353333,0,12,1,0,1,1,0,1,3,10,0,10,0,"0000000",99,99,99,99,99,99,23,0,0,1,0
6,62696,1,1,0,1,1,4,4,65,2116,27,10,2016,5,18,24,0,2,5,4,6,"MENIFEE RD","",0,33.74860833,-117.15408056,0,8,0,0,1,1,0,1,2,1,0,1,0,"0000000",99,99,99,99,99,99,0,0,0,1,0
6,62697,2,2,0,1,1,6,6,37,1980,1,10,2016,7,0,9,0,2,3,4,6,"WESTERN AVE","CAMBRIDGE ST",0,34.04447778,-118.30903333,0,8,0,0,2,3,0,1,3,1,0,1,0,"0000000",99,99,99,99,88,88,0,0,0,1,0
6,62698,2,2,0,0,0,2,2,37,1980,25,11,2016,6,7,10,0,2,4,4,6,"6TH ST","SERRANO AVE",0,34.06351944,-118.30663056,0,1,0,0,2,2,0,1,1,1,0,1,0,"0000000",99,99,99,99,99,99,0,0,0,1,0
6,62699,1,1,0,1,1,1,1,65,3320,16,10,2016,1,19,34,0,2,4,4,6,"STATE ST","",0,33.77971667,-116.97189167,0,8,0,0,1,1,0,1,3,1,0,1,0,"0000000",99,99,99,99,99,99,0,0,0,1,0
6,62700,2,2,0,0,0,4,4,37,1980,16,10,2016,1,14,4,0,2,3,4,6,"NORDHOFF ST","NOBLE AVE",0,34.23546111,-118.460975,0,12,6,0,2,2,0,1,1,1,0,1,0,"0000000",99,99,99,99,99,99,0,0,0,1,0
6,62701,4,2,2,0,0,2,2,37,1980,24,10,2016,2,20,0,0,2,4,4,6,"FULTON AVE","",0,34.18367222,-118.42249722,0,12,6,0,1,1,0,1,3,1,0,1,0,"0000000",99,99,99,99,99,99,0,0,0,1,0
6,62702,2,2,0,0,0,3,3,37,1980,13,11,2016,1,18,0,0,2,3,4,6,"PLATT AVE","VANOWEN ST",0,34.19324167,-118.64249444,0,12,6,0,2,2,0,1,3,1,0,1,0,"0000000",99,99,99,99,99,99,0,0,0,2,0
6,62703,5,5,0,0,0,9,9,37,1980,15,10,2016,7,21,10,0,2,3,4,6,"ROSCOE BLVD","WOODLEY AVE",0,34.221325,-118.48366667,0,12,6,0,2,2,0,1,3,10,0,10,0,"0000000",99,99,99,99,99,99,0,0,0,1,1
6,62704,2,2,0,0,0,2,2,107,3920,3,11,2016,5,11,52,0,2,2,4,3,"SR-137","DAYTON",170,36.21096667,-119.32771111,0,12,2,0,2,2,0,1,1,1,0,1,0,"0000000",99,99,99,99,99,99,0,0,0,1,0
6,62705,4,2,2,0,0,2,2,37,1980,2,11,2016,4,9,20,0,2,4,4,6,"NORMANDIE AVE","",0,34.03075,-118.30023333,0,12,6,0,4,1,0,1,1,1,0,1,0,"0000000",99,99,99,99,88,88,14,0,0,1,0
6,62706,2,2,0,0,0,3,3,77,3770,30,10,2016,1,0,48,0,2,5,4,6,"FRENCH CAMP RD","EWS WOODS BL",0,37.89718333,-121.30329722,0,12,6,0,2,2,0,1,3,10,0,10,0,"0000000",99,99,99,99,99,99,0,0,0,1,1
6,62707,2,2,0,1,1,2,2,37,2645,12,9,2016,2,6,50,0,2,3,4,6,"RANCHO VISTA BLVD","COUNTRY CLUB DRIVE",0,34.60171389,-118.13923889,0,9,0,0,3,2,0,1,1,1,0,1,0,"0000000",99,99,99,99,88,88,14,0,0,1,0
6,62708,2,2,0,0,0,3,3,77,3770,14,11,2016,2,7,9,0,2,3,4,6,"CR-ARCH AIRPORT RD","CR-SPERRY RD",0,37.89994722,-121.26235,0,12,1,0,2,2,0,1,4,10,0,10,0,"0000000",99,99,99,99,99,99,0,0,0,1,0
6,62709,3,1,2,0,0,1,1,37,1980,9,11,2016,4,21,30,0,2,4,4,6,"VANOWEN ST","",0,34.19356389,-118.63595833,0,14,0,0,1,1,0,2,3,1,0,1,0,"0000000",99,99,99,99,99,99,0,0,0,1,0
6,62710,1,1,0,1,1,1,1,41,3410,6,10,2016,5,23,10,0,2,3,4,6,"SECOND ST","",0,37.97065556,-122.52314444,0,8,0,0,1,1,0,1,3,1,0,1,0,"0000000",99,99,99,99,88,88,0,0,0,1,1
6,62711,1,1,0,1,1,1,1,37,1980,10,12,2016,7,18,45,0,2,3,4,6,"ANAHEIM ST","GULF AVE",0,33.77939722,-118.2729,0,8,0,0,3,2,0,1,3,10,0,10,0,"0000000",99,99,99,99,88,88,0,0,0,1,0
6,62712,1,1,0,1,1,1,1,37,1980,12,11,2016,7,2,29,1,2,1,1,1,"I-110 RAMP","39TH ST",99998,34.01794722,-118.28020278,0,46,0,1,3,2,0,4,3,1,0,1,0,"0000000",99,99,99,99,88,88,0,0,0,1,0
6,62713,1,1,0,1,1,1,1,37,1980,7,11,2016,2,21,10,0,2,5,4,6,"HOOVER ST","",0,34.06061111,-118.28420278,0,8,0,0,1,1,0,1,3,1,0,1,0,"0000000",99,99,99,99,99,99,0,0,0,1,0
6,62714,2,1,1,1,1,1,1,1,2480,27,11,2016,1,2,30,1,2,1,1,1,"I-880","",319,37.80021667,-122.27952222,0,8,0,0,1,1,0,2,2,2,10,2,0,"0000000",99,99,99,99,88,88,5,23,19,1,0
6,62715,1,1,0,1,1,2,2,37,1980,5,11,2016,7,1,15,0,2,3,4,6,"MANCHESTER AVE","",0,33.95996389,-118.31678333,0,8,0,0,1,1,0,1,3,1,0,1,0,"0000000",99,99,99,99,88,88,0,0,0,1,0
6,62716,1,1,0,1,1,1,1,53,3180,25,10,2016,3,10,46,0,2,4,4,6,"N MAIN ST","HARDEN PKWY",0,36.71331667,-121.65451944,0,8,0,0,3,2,0,1,1,1,0,1,0,"0000000",99,99,99,99,99,99,0,0,0,1,0
6,62717,1,1,0,1,1,1,1,59,3760,14,10,2016,6,19,35,0,2,4,4,6,"CERRITOS AVE","",0,33.81005833,-118.00659167,0,9,0,0,1,1,0,1,3,1,0,1,0,"0000000",99,99,99,99,88,88,0,0,0,1,1
6,62718,2,2,0,0,0,2,2,85,3340,14,6,2016,3,16,22,0,2,4,4,6,"N 10TH ST","HORNING ST",0,37.35999444,-121.89543611,0,12,6,0,2,3,0,1,1,1,0,1,0,"0000000",99,99,99,99,99,99,0,0,0,1,0
6,62719,1,1,0,1,1,1,1,111,3860,6,11,2016,1,17,23,0,2,3,4,6,"JANSS RD","KIRK AVE",0,34.199925,-118.87056389,0,8,0,0,1,1,0,1,5,1,0,1,0,"0000000",99,99,99,99,99,99,0,0,0,1,0
6,62720,2,2,0,0,0,3,3,37,1840,11,11,2016,6,7,36,0,2,4,4,6,"AVENUE H","SUFFOLK DR",0,34.71858333,-118.15321389,0,12,2,0,2,2,0,1,1,1,0,1,0,"0000000",99,99,99,99,99,99,0,0,0,1,0
6,62721,1,1,0,0,0,1,1,77,2070,13,11,2016,1,16,25,0,2,5,4,6,"WOODWARD AVE","AL FONSECA LN",0,37.77566111,-121.21573333,0,33,0,0,3,6,0,10,1,1,0,1,0,"0000000",99,99,99,99,99,99,0,0,0,1,1
6,62722,2,2,0,0,0,2,2,59,80,2,11,2016,4,4,58,0,2,5,4,6,"N OLIVE ST","",0,33.84975556,-117.91375278,0,12,6,0,8,1,0,1,3,1,0,1,0,"0000000",99,99,99,99,88,88,0,0,0,1,0
6,62723,2,2,0,1,1,2,2,37,1980,29,12,2016,5,8,50,0,2,4,4,6,"JEFFERSON BLVD","",0,33.98404167,-118.40482778,0,9,0,0,1,1,0,1,1,1,0,1,0,"0000000",99,99,99,99,88,88,14,0,0,1,0
6,62724,1,1,0,1,1,2,2,99,3950,1,9,2016,5,14,49,0,2,4,4,6,"E OLIVE AVE","N PALM ST",0,37.4975,-120.84396667,0,15,0,0,3,2,0,1,1,1,0,1,0,"0000000",99,99,99,99,99,99,0,0,0,1,0
6,62725,1,1,0,0,0,1,1,77,2070,13,11,2016,1,16,26,0,2,5,4,6,"WOODWARD AVE","AL FONSECA LN",0,37.77566111,-121.21573333,0,33,0,0,3,6,0,10,1,1,0,1,0,"0000000",99,99,99,99,88,88,0,0,0,1,1
6,62726,2,2,0,0,0,2,2,37,2870,5,11,2016,7,13,35,0,2,4,4,6,"PHILLIPS BLVD","",0,34.04443056,-117.74044444,0,12,6,0,8,1,0,1,1,1,0,1,0,"0000000",99,99,99,99,99,99,0,0,0,1,0
6,62727,3,3,0,1,1,3,3,37,1980,14,11,2016,2,1,0,0,2,4,4,6,"HYDE PARK BLVD","",0,33.98057778,-118.33451667,0,8,0,0,1,1,0,1,3,1,0,1,0,"0000000",99,99,99,99,88,88,0,0,0,1,0
6,62728,2,2,0,1,1,2,2,37,4190,29,10,2016,7,20,24,0,2,3,4,6,"WHITTIER BL","POUNDS AVE",0,33.93992778,-117.97906389,0,8,0,0,1,1,0,1,3,1,0,1,0,"0000000",99,99,99,99,88,88,0,0,0,1,0
6,62729,2,2,0,1,1,2,2,37,1980,26,10,2016,4,18,50,0,2,3,4,6,"8TH STREET","",0,34.04298056,-118.25350278,0,12,7,0,1,1,0,1,3,1,0,1,0,"0000000",99,99,99,99,99,99,0,0,0,1,0
6,62730,2,2,0,1,1,2,2,37,1980,15,11,2016,3,7,0,0,2,4,4,6,"GLENOAKS BL","VAUGHN ST",0,34.28258889,-118.42111389,0,12,6,0,2,2,0,1,1,1,0,1,0,"0000000",99,99,99,99,99,99,0,0,0,1,0
6,62731,2,2,0,0,0,2,2,65,2650,17,10,2016,2,9,56,0,2,4,4,6,"SUNRISE WY","ARENAS RD",0,33.82141111,-116.52840833,0,12,6,0,3,2,0,1,1,1,0,1,0,"0000000",99,99,99,99,99,99,0,0,0,1,0
6,62732,1,1,0,3,3,1,1,37,1980,20,11,2016,1,9,22,0,2,3,4,6,"SUNSET BL","",0,34.07796944,-118.26609167,0,33,0,0,1,1,0,4,1,10,0,10,0,"0000000",99,99,99,99,99,99,0,0,0,2,0
6,62733,2,2,0,0,0,2,2,37,4120,6,11,2016,1,12,49,0,2,3,4,6,"AZUSA AVE","FAIRGROVE AVE",0,34.04314167,-117.91115833,0,12,6,0,2,3,0,1,1,1,0,1,0,"0000000",99,99,99,99,99,99,0,0,0,1,0
6,62734,3,3,0,0,0,3,3,37,1980,23,12,2016,6,2,55,0,2,3,4,6,"VAN NUYS BLVD","VICTORY BLVD",0,34.18666944,-118.44874444,0,12,6,0,2,2,0,1,3,10,0,10,0,"0000000",99,99,99,99,99,99,0,0,0,1,2
6,62735,1,1,0,1,1,1,1,71,1305,31,10,2016,2,19,38,0,2,4,4,6,"ARROW BLVD","BENNETT AVE",0,34.099175,-117.43810833,0,8,0,0,2,2,0,1,3,10,0,10,0,"0000000",99,99,99,99,99,99,0,0,0,1,0
6,62736,1,1,0,1,1,1,1,37,1980,8,11,2016,3,1,45,0,2,3,4,6,"VANOWEN ST","",0,34.19393889,-118.46201111,0,8,0,0,1,1,0,1,3,1,0,1,0,"0000000",99,99,99,99,88,88,0,0,0,1,0
6,62737,1,1,0,1,1,1,1,73,3260,25,10,2016,3,0,19,0,2,5,4,6,"OLIVETAS AVE","",0,32.83806944,-117.27943056,0,33,0,0,1,1,0,4,3,1,0,1,0,"0000000",99,99,99,99,99,99,0,0,0,1,0
6,62738,2,2,0,0,0,6,6,73,3260,10,9,2016,7,1,47,1,2,1,1,1,"I-15","",173,32.93662778,-117.11168056,0,12,1,0,1,1,0,1,3,1,0,1,0,"0000000",99,99,99,99,99,99,19,0,0,2,1
6,62739,1,1,0,1,1,1,1,67,3150,5,11,2016,7,16,28,0,2,7,4,6,"ELMRIDGE WY","",0,38.63444167,-121.48282222,0,8,0,0,8,1,0,1,1,1,0,1,0,"0000000",99,99,99,99,99,99,0,0,0,1,0
6,62740,1,1,0,1,1,1,1,81,1530,8,12,2016,5,17,35,0,2,3,1,3,"SR-1","MIRAMONTES POINT RD",264,37.43131667,-122.42665833,0,8,0,0,3,2,0,1,3,2,0,2,0,"0000000",99,99,99,99,88,88,0,0,0,1,0
6,62741,1,1,0,1,1,1,1,37,2645,29,8,2016,2,21,15,0,2,3,4,6,"PEARLBLOSSOM HWY","",0,34.54272778,-118.03070556,0,8,0,0,1,1,0,1,3,1,0,1,0,"0000000",99,99,99,99,99,99,0,0,0,1,0
6,62742,1,1,0,1,1,1,1,81,2170,20,12,2016,3,20,42,0,2,3,4,6,"EL CAMINO REAL","LUDEMAN LN",0,37.60848611,-122.39976111,0,8,0,0,2,3,0,1,3,1,0,1,0,"0000000",99,99,99,99,99,99,0,0,0,1,0
6,62743,3,3,0,0,0,5,5,73,1080,23,11,2016,4,16,36,0,2,4,4,6,"WASHINGTON AVE","LINCOLN AVE",0,32.78761944,-116.95364722,0,12,6,0,2,2,0,1,1,1,0,1,0,"0000000",16,38,16,39,88,88,0,0,0,1,0
6,62744,1,1,0,0,0,2,2,37,2700,10,12,2016,7,5,29,9,8,98,98,9,"SECO ST","",99999,34.158775,-118.16233889,9,33,0,0,1,1,0,4,3,1,0,1,0,"0000000",99,99,99,99,99,99,0,0,0,1,1
6,62745,3,3,0,3,3,3,3,37,2260,18,11,2016,6,8,7,0,2,3,4,6,"GARFIELD AVE","GARVEY AVE",0,34.06231389,-118.12278333,0,8,0,0,3,2,0,4,1,1,0,1,0,"0000000",99,99,99,99,99,99,0,0,0,1,0
6,62746,4,1,3,0,0,1,1,73,4060,25,11,2016,6,7,40,0,2,4,4,6,"VISTA VILLAGE DR","",0,33.19375,-117.25114722,0,33,0,0,1,1,0,4,1,1,0,1,0,"0000000",99,99,99,99,99,99,0,0,0,1,0
6,62747,2,2,0,0,0,2,2,37,1980,6,12,2016,3,16,30,0,2,3,4,6,"SUNSET BL","EL MEDIO AVE",0,34.04878333,-118.53335278,0,12,6,0,2,2,0,1,3,1,0,1,0,"0000000",99,99,99,99,99,99,0,0,0,1,0
6,62748,2,2,0,0,0,3,3,73,1080,2,12,2016,6,13,52,0,2,3,4,6,"FLETCHER PKWY","MARSHALL AVE",0,32.80776389,-116.97552778,0,12,6,0,2,2,0,1,1,1,0,1,0,"0000000",13,53,13,56,99,99,0,0,0,1,0
6,62749,4,1,3,1,1,0,0,73,3260,28,11,2016,2,8,34,0,2,7,4,6,"AROSA ST","ROSE PL",0,32.76516111,-117.06558333,0,8,0,0,1,1,0,1,1,10,0,10,0,"0000000",99,99,99,99,99,99,0,0,0,1,0
6,62750,2,2,0,0,0,2,2,37,1980,25,10,2016,3,15,40,0,2,3,4,6,"VALLEY CIRCLE BL","HATTERAS ST",0,34.17409722,-118.64826111,0,12,6,0,2,2,0,1,1,1,0,1,0,"0000000",99,99,99,99,99,99,0,0,0,1,0
6,62751,1,1,0,1,1,1,1,37,30,24,10,2016,2,9,8,0,2,3,4,6,"MAIN ST","3RD ST",0,34.09360833,-118.130125,0,8,0,0,2,2,0,1,1,10,0,10,0,"0000000",99,99,99,99,99,99,0,0,0,1,0
6,62752,4,4,0,0,0,10,10,67,1108,4,12,2016,1,17,55,0,2,5,4,6,"W STOCKTON BL","",0,38.42758889,-121.39812222,0,59,0,0,1,1,0,4,3,1,0,1,0,"0000000",99,99,99,99,99,99,14,0,0,1,0
6,62753,1,1,0,1,1,1,1,37,3445,24,10,2016,2,19,10,0,2,4,4,6,"ORCHARD VILLAGE RD","VILEY CANYON RD",0,34.38974444,-118.54745278,0,8,0,0,3,2,0,1,3,1,0,1,0,"0000000",99,99,99,99,99,99,0,0,0,1,0
6,62754,1,1,0,1,1,1,1,37,3445,7,11,2016,2,18,15,0,2,5,4,6,"SIERRA HWY","",0,34.42621944,-118.448025,0,8,0,0,1,1,0,1,3,1,0,1,0,"0000000",99,99,99,99,88,88,0,0,0,1,0
6,62755,2,2,0,0,0,5,5,37,0,4,6,2016,7,19,12,0,8,98,98,9,"DEL MAR AVENUE","MIRALINDA DRIVE",99999,34.04973056,-118.0989,9,12,6,0,2,2,0,1,1,1,0,1,0,"0000000",99,99,99,99,99,99,0,0,0,1,0
6,62756,1,1,0,0,0,1,1,59,80,11,12,2016,1,1,38,1,2,2,1,3,"SR-91","",108,33.854275,-117.80328889,0,32,0,0,1,1,0,4,2,10,0,10,0,"0000000",99,99,99,99,88,88,0,0,0,1,1
6,62757,1,1,0,1,1,1,1,7,660,6,11,2016,1,1,14,0,2,7,4,6,"CITRUS AVE ALY","",0,39.73765556,-121.85321667,0,8,0,0,1,1,0,1,2,10,0,10,0,"0000000",99,99,99,99,88,88,0,0,0,1,1
6,62758,1,1,0,0,0,1,1,37,1980,23,12,2016,6,3,45,0,2,3,4,6,"VICTORY BL","",0,34.18664444,-118.47876667,0,33,0,0,1,1,0,4,3,1,0,1,0,"0000000",99,99,99,99,88,88,0,0,0,1,0
6,62759,1,1,0,1,1,1,1,37,1980,8,11,2016,3,13,57,0,2,3,4,6,"ADAMS BLVD","",0,34.03263889,-118.31868889,0,8,0,0,1,1,0,1,1,1,0,1,0,"0000000",99,99,99,99,99,99,0,0,0,1,0
6,62760,1,1,0,1,1,1,1,111,3860,22,12,2016,5,1,54,0,2,7,4,6,"RUSTIC GLEN DR","",0,34.215375,-118.84579444,0,33,0,0,1,1,0,4,3,2,10,2,0,"0000000",99,99,99,99,88,88,0,0,0,1,1
6,62761,1,1,0,1,1,1,1,37,1980,12,11,2016,7,1,30,0,2,3,4,6,"ADAMS BLVD","",0,34.03255,-118.34393056,0,8,0,0,1,1,0,1,3,1,0,1,0,"0000000",99,99,99,99,88,88,0,0,0,1,0
6,62762,1,1,0,1,1,1,1,65,2650,14,11,2016,2,18,12,0,1,3,1,3,"SR-111","VIA MIRALESTE",536,33.84487222,-116.54121944,0,8,0,0,3,2,0,1,3,1,0,1,0,"0000000",99,99,99,99,99,99,0,0,0,1,0