"STATE","ST_CASE","VE_TOTAL","VE_FORMS","PVH_INVL","PEDS","PERNOTMVIT","PERMVIT","PERSONS","COUNTY","CITY","DAY","MONTH","YEAR","DAY_WEEK","HOUR","MINUTE","NHS","RUR_URB","FUNC_SYS","RD_OWNER","ROUTE","TWAY_ID","TWAY_ID2","MILEPT","LATITUDE","LONGITUD","SP_JUR","HARM_EV","MAN_COLL","RELJCT1","RELJCT2","TYP_INT","WRK_ZONE","REL_ROAD","LGT_COND","WEATHER1","WEATHER2","WEATHER","SCH_BUS","RAIL","NOT_HOUR","NOT_MIN","ARR_HOUR","ARR_MIN","HOSP_HR","HOSP_MN","CF1","CF2","CF3","FATALS","DRUNK_DR"
6,62763,1,1,0,0,0,2,2,37,1980,18,12,2016,1,0,44,0,2,3,4,6,"VENTURA BL","",0,34.13845,-118.36513056,0,33,0,0,8,1,0,4,3,1,0,1,0,"0000000",99,99,99,99,99,99,0,0,0,1,0
6,62764,1,1,0,0,0,1,1,19,1750,6,11,2016,1,1,0,0,2,5,4,6,"STANISLAUS AVE","",0,36.73088056,-120.05455556,0,30,0,0,1,1,0,4,3,1,0,1,0,"0000000",99,99,99,99,88,88,0,0,0,1,1
6,62765,1,1,0,1,1,1,1,37,1980,18,11,2016,6,18,45,0,2,3,4,6,"VERMONT AVE","",0,33.99618333,-118.291525,0,8,0,0,1,1,0,1,6,1,0,1,0,"0000000",99,99,99,99,99,99,0,0,0,1,0
6,62766,1,1,0,0,0,2,2,59,3420,11,11,2016,6,0,36,0,2,3,4,6,"FAIRVIEW ST","",0,33.70109444,-117.90781667,0,33,0,0,1,1,0,4,3,1,0,1,0,"0000000",99,99,99,99,99,99,0,0,0,1,1
6,62767,2,2,0,0,0,4,4,67,3150,24,11,2016,5,16,1,0,2,4,4,6,"CAPITOL AVE","30TH ST",0,38.56980833,-121.46800278,0,12,6,0,2,2,0,1,1,1,0,1,0,"0000000",99,99,99,99,99,99,0,0,0,1,0
6,62768,1,1,0,0,0,1,1,73,3260,16,12,2016,6,8,20,0,2,2,4,6,"KEARNY VILLA RD","",0,32.88208889,-117.11648611,0,42,0,0,1,1,0,4,1,2,0,2,0,"0000000",99,99,99,99,88,88,0,0,0,1,0
6,62769,1,1,0,0,0,1,1,99,2200,1,12,2016,5,1,1,0,2,4,4,6,"STANDIFORD AV","",0,37.68942222,-121.01725278,0,33,0,0,1,1,0,4,3,1,0,1,0,"0000000",99,99,99,99,88,88,0,0,0,1,1
6,62770,3,3,0,0,0,3,3,71,790,28,11,2016,2,17,39,0,2,4,4,6,"HUNTS LANE","COOLEY LANE",0,34.05571667,-117.28743333,0,12,2,0,2,3,0,1,3,1,0,1,0,"0000000",99,99,99,99,99,99,0,0,0,1,0
6,62771,2,2,0,0,0,4,4,99,2200,7,12,2016,4,7,58,0,2,4,4,6,"COFFEE RD","E RUMBLE RD",0,37.68168056,-120.976,0,12,6,0,2,2,0,1,1,1,0,1,0,"0000000",99,99,99,99,99,99,0,0,0,1,0
6,62772,1,1,0,1,1,1,1,73,3260,8,12,2016,5,18,2,0,2,4,4,6,"RANCHO PENASQUITOS BL","CALLE DE LAS ROSAS",0,32.95635556,-117.10990556,0,8,0,0,3,3,0,1,3,1,0,1,0,"0000000",99,99,99,99,99,99,0,0,0,1,0
6,62773,1,1,0,1,1,1,1,37,1980,1,11,2016,3,17,15,0,2,3,4,6,"FOOTHILL BLVD","",0,34.26425556,-118.33140278,0,9,0,0,1,1,0,2,1,1,0,1,0,"0000000",99,99,99,99,88,88,0,0,0,1,0
6,62774,2,2,0,1,1,2,2,37,1980,21,6,2016,3,21,0,0,2,3,4,6,"CRESCENT HEIGHTS BL","1ST ST",0,34.07428333,-118.36586667,0,9,0,0,2,2,0,1,3,1,0,1,0,"0000000",99,99,99,99,99,99,14,0,0,1,0
6,62775,2,2,0,0,0,4,4,37,1980,6,12,2016,3,19,35,0,2,3,4,6,"LINCOLN BL","83RD ST",0,33.96272778,-118.42174444,0,1,0,0,2,2,0,1,3,1,0,1,0,"0000000",99,99,99,99,88,88,14,0,0,1,1
6,62776,2,2,0,1,1,3,3,67,3150,8,12,2016,5,17,29,0,2,3,4,6,"NORTHGATE BL","BRIDGEFORD DR",0,38.61726944,-121.47554167,0,9,0,0,2,3,0,1,3,2,0,2,0,"0000000",99,99,99,99,88,88,0,0,0,1,0
6,62777,1,1,0,1,1,1,1,37,1980,7,12,2016,4,11,6,0,2,3,4,6,"WASHINGTON BLVD","CENTRAL AVE",0,34.02429722,-118.24993056,0,9,0,0,1,1,0,1,1,1,0,1,0,"0000000",99,99,99,99,99,99,0,0,0,1,0
6,62778,4,4,0,0,0,5,5,37,1840,21,11,2016,2,15,44,0,2,4,4,6,"AVENUE J","50TH ST",0,34.68940278,-118.21921667,0,12,6,0,2,2,0,1,1,8,0,8,0,"0000000",99,99,99,99,99,99,0,0,0,1,0
6,62779,2,2,0,0,0,4,4,37,810,10,12,2016,7,16,56,0,2,3,4,6,"GREENLEAF BL","SANTA FE AVE",0,33.88123889,-118.21552222,0,12,6,0,2,2,0,1,1,1,0,1,0,"0000000",99,99,99,99,99,99,0,0,0,1,0
6,62780,1,1,0,1,1,1,1,107,1254,11,12,2016,1,17,9,0,2,98,4,6,"VISALIA RD","",0,36.29778056,-119.21078056,0,8,0,0,1,1,0,4,3,1,0,1,0,"0000000",99,99,99,99,88,88,0,0,0,1,0
6,62781,1,1,0,1,1,1,1,107,2880,6,12,2016,3,20,2,0,2,4,4,6,"PLANO ST","CHASE AVE",0,36.05372222,-119.00815278,0,8,0,0,3,3,0,1,3,1,0,1,0,"0000000",99,99,99,99,99,99,0,0,0,1,0
6,62782,2,2,0,0,0,2,2,37,1980,20,9,2016,3,9,0,0,2,3,4,6,"SANTA MONICA BL","MADISON AVE",0,34.09087222,-118.289275,0,12,6,0,2,2,0,1,1,1,0,1,0,"0000000",99,99,99,99,99,99,0,0,0,1,0
6,62783,2,2,0,0,0,2,2,97,3089,12,12,2016,2,14,18,0,2,3,4,6,"ROHNERT PARK EXPY","",0,38.34822222,-122.69693611,0,42,0,0,1,1,0,3,1,10,0,10,0,"0000000",99,99,99,99,88,88,14,0,0,1,0
6,62784,1,1,0,1,1,1,1,37,1980,16,12,2016,6,23,33,0,2,3,4,6,"CENTURY BL","",0,33.94545833,-118.31118056,0,8,0,0,1,1,0,1,3,1,0,1,0,"0000000",99,99,99,99,88,88,0,0,0,1,0
6,62785,2,2,0,0,0,2,2,83,0,13,10,2016,5,22,20,0,1,5,2,4,"CR-OCEAN AVENUE","",0,34.64275,-120.50779722,0,12,2,0,1,1,0,1,2,10,0,10,0,"0000000",99,99,99,99,99,99,0,0,0,1,1
6,62786,1,1,0,0,0,4,4,15,0,5,8,2016,6,19,26,0,1,5,2,4,"CR-CLOUTIER ST","",0,41.85816111,-124.21278611,0,43,0,0,1,1,0,4,1,1,0,1,0,"0000000",99,99,99,99,99,99,0,0,0,1,1
6,62787,1,1,0,0,0,2,2,37,2458,26,11,2016,7,0,58,0,2,7,4,6,"FUNSTON AVE","",0,33.90647778,-118.07385556,0,33,0,0,1,1,0,4,3,1,0,1,0,"0000000",99,99,99,99,99,99,0,0,0,1,0
6,62788,1,1,0,0,0,1,1,99,2200,29,12,2016,5,0,44,0,2,4,4,6,"COFFEE RD","E BRIGGSMORE AVE",0,37.66738056,-120.97573056,0,1,0,0,3,2,0,1,3,1,0,1,0,"0000000",99,99,99,99,99,99,20,0,0,1,0
6,62789,1,1,0,1,1,1,1,97,2740,14,10,2016,6,19,45,0,2,4,4,6,"LAKEVILLE ST","",0,38.23559444,-122.62755556,0,8,0,0,1,1,0,1,2,10,0,10,0,"0000000",99,99,99,99,99,99,0,0,0,1,0
6,62790,1,1,0,1,1,1,1,99,3950,3,11,2016,5,21,4,0,2,5,4,6,"W MONTE VISTA AVE","DEL'S LN",0,37.52196111,-120.85811111,0,8,0,0,3,2,0,1,3,1,0,1,0,"0000000",99,99,99,99,99,99,0,0,0,1,0
6,62791,1,1,0,1,1,2,2,73,560,4,12,2016,1,20,22,0,2,5,4,6,"JEFFERSON ST","GRAND AVE",0,33.16245278,-117.34653889,0,8,0,0,3,2,0,1,3,1,0,1,0,"0000000",99,99,99,99,99,99,0,0,0,1,1
6,62792,1,1,0,1,1,1,1,67,3150,2,12,2016,6,18,9,0,2,3,4,6,"POWER INN RD","",0,38.522625,-121.40912222,0,8,0,0,1,1,0,1,3,1,0,1,0,"0000000",99,99,99,99,99,99,0,0,0,1,0
6,62793,1,1,0,1,1,1,1,13,820,20,12,2016,3,17,49,0,2,7,4,6,"PANORAMIC DRIVE","PORT CHICAGO HIGHWAY",0,38.0045,-122.02419722,0,8,0,0,3,2,0,1,3,1,0,1,0,"0000000",99,99,99,99,99,99,0,0,0,1,0
6,62794,1,1,0,1,1,1,1,87,4100,5,12,2016,2,18,29,0,2,3,4,6,"FREEDOM BL","COMPTON TE",0,36.94006944,-121.78108333,0,8,0,0,3,2,0,1,3,1,0,1,0,"0000000",99,99,99,99,88,88,0,0,0,1,0
6,62795,1,1,0,1,1,1,1,73,3260,3,11,2016,5,19,29,0,2,4,4,6,"CARMEL MOUNTAIN RD","",0,32.97311944,-117.09295833,0,8,0,0,1,1,0,1,6,1,0,1,0,"0000000",99,99,99,99,88,88,0,0,0,1,0
6,62796,4,3,1,0,0,7,7,37,1980,25,6,2016,7,21,0,0,2,3,4,6,"VENTURA BLVD","DE SOTO AVE",0,34.16644167,-118.58869722,0,12,6,0,8,1,0,1,2,1,0,1,0,"0000000",99,99,99,99,99,99,0,0,0,3,0
6,62797,2,2,0,1,1,4,4,107,3920,8,12,2016,5,17,4,0,2,4,4,6,"BARDSLEY AVE","",0,36.19664722,-119.33161111,0,9,0,0,1,1,0,1,3,10,0,10,0,"0000000",99,99,99,99,88,88,0,0,0,1,0
6,62798,1,1,0,0,0,1,1,13,3400,19,11,2016,7,11,38,0,2,3,4,6,"SAN PABLO AVE","",0,37.97253333,-122.34307778,0,42,0,0,1,1,0,3,1,2,0,2,0,"0000000",99,99,99,99,99,99,0,0,0,1,0
6,62799,1,1,0,1,1,1,1,37,1980,1,12,2016,5,23,50,0,2,3,4,6,"7TH ST","MERCHANT ST",0,34.03716944,-118.24176667,0,8,0,0,3,3,0,1,3,1,0,1,0,"0000000",99,99,99,99,88,88,0,0,0,1,0
6,62800,1,1,0,0,0,1,1,111,538,19,11,2016,7,17,4,0,2,7,4,6,"DAWSON DRIVE","MISSION OAKS BLVD",0,34.21708333,-119.03175278,0,33,0,0,1,1,0,3,5,1,0,1,0,"0000000",99,99,99,99,99,99,0,0,0,1,0
6,62801,1,1,0,1,1,3,3,73,3260,31,12,2016,7,21,21,0,2,3,4,6,"FAIRMOUNT AVE","",0,32.76451944,-117.09698056,0,8,0,0,1,1,0,1,3,2,10,2,0,"0000000",99,99,99,99,99,99,0,0,0,1,0
6,62802,1,1,0,1,1,1,1,37,1980,19,11,2016,7,20,0,0,2,3,4,6,"FIGUEROA ST","",0,33.87693333,-118.28238889,0,9,0,0,1,1,0,1,3,1,0,1,0,"0000000",99,99,99,99,88,88,0,0,0,1,0
6,62803,1,1,0,0,0,1,1,67,3150,19,11,2016,7,1,12,0,2,3,4,6,"FRUITRIDGE RD","POWER INN RD",0,38.52509167,-121.40921944,0,30,0,0,3,2,0,4,3,10,0,10,0,"0000000",99,99,99,99,88,88,0,0,0,1,0
6,62804,1,1,0,1,1,1,1,37,1980,15,12,2016,5,1,43,0,2,4,4,6,"LANKERSHIM BLVD","",0,34.19124722,-118.38779444,0,8,0,0,1,1,1,1,3,10,0,10,0,"0000000",99,99,99,99,99,99,0,0,0,1,0
6,62805,1,1,0,1,1,1,1,19,740,8,12,2016,5,20,1,0,2,5,4,6,"BARSTOW AVE","FOWLER AVE",0,36.81581944,-119.68193056,0,15,0,0,2,2,0,1,3,10,0,10,0,"0000000",99,99,99,99,99,99,0,0,0,1,0
6,62806,1,1,0,1,1,3,3,73,3260,24,12,2016,7,13,23,0,2,4,4,6,"LOGAN AVE","",0,32.69679444,-117.08693889,0,8,0,0,1,1,0,1,1,10,0,10,0,"0000000",99,99,99,99,88,88,0,0,0,1,0
6,62807,1,1,0,0,0,2,2,85,3790,26,11,2016,7,17,35,0,2,3,4,6,"CENTRAL EXPWY","",0,37.38571111,-122.05123333,0,33,0,0,1,1,0,4,3,2,0,2,0,"0000000",99,99,99,99,88,88,0,0,0,2,1
6,62808,2,1,1,0,0,1,1,95,4010,4,11,2016,6,1,24,1,2,1,1,1,"I-80","",303,38.38631667,-121.93651111,0,14,0,0,1,1,0,2,3,1,0,1,0,"0000000",99,99,99,99,99,99,0,0,0,1,1
6,62809,1,1,0,1,1,1,1,37,120,14,12,2016,4,21,46,0,2,4,4,6,"BALDWIN AVE","ARCADIA AVE",0,34.12729722,-118.05489444,0,8,0,0,2,3,0,1,3,1,0,1,0,"0000000",99,99,99,99,99,99,0,0,0,1,1
6,62810,1,1,0,1,1,1,1,73,3260,22,9,2016,5,20,10,0,2,7,4,6,"W DATE ST","KETTNER BL",0,32.72299167,-117.169225,0,8,0,0,3,2,0,1,3,1,0,1,0,"0000000",99,99,99,99,99,99,0,0,0,1,0
6,62811,1,1,0,1,1,1,1,37,1840,27,10,2016,5,6,44,0,2,3,4,6,"AVENUE I","",0,34.704375,-118.08333889,0,8,0,0,1,1,0,1,3,1,0,1,0,"0000000",99,99,99,99,88,88,0,0,0,1,0
6,62812,1,1,0,1,1,5,5,37,1980,13,11,2016,1,19,25,0,2,3,4,6,"LANKERSHIM BL","",0,34.21983056,-118.38780556,0,8,0,0,1,1,0,1,2,1,0,1,0,"0000000",99,99,99,99,88,88,0,0,0,1,0
6,62813,2,2,0,0,0,4,4,81,3390,10,12,2016,7,3,15,1,2,2,1,2,"US-101","",129,37.56454722,-122.30726389,0,12,6,0,1,1,0,1,2,10,2,2,0,"0000000",99,99,99,99,99,99,19,23,0,1,2
6,62814,2,1,1,0,1,1,2,77,3770,31,12,2016,7,20,31,1,2,1,1,1,"I-5","",290,37.96435833,-121.33564167,0,14,0,0,1,1,0,2,2,1,0,1,0,"0000000",99,99,99,99,88,88,0,0,0,1,0
6,62815,1,1,0,0,0,1,1,37,0,26,6,2016,1,20,20,0,1,6,2,4,"CR-MULHOLLAND HWY","",0,34.05786111,-118.93438056,0,17,0,0,1,1,0,4,5,1,0,1,0,"0000000",99,99,99,99,88,88,0,0,0,1,0
6,62816,1,1,0,1,1,1,1,71,2922,28,12,2016,4,2,50,1,2,1,1,1,"I-15 RAMP","",32,34.07988056,-117.54560556,0,8,0,1,5,1,0,1,3,1,0,1,0,"0000000",99,99,99,99,88,88,0,0,0,1,0
6,62817,1,1,0,0,0,1,1,37,2870,29,11,2016,3,8,47,0,2,5,4,6,"FRANKLIN AVE","",0,34.04100278,-117.72603889,0,34,0,0,1,1,0,4,1,1,0,1,0,"0000000",99,99,99,99,88,88,20,0,0,1,0
6,62818,1,1,0,1,1,2,2,59,1790,8,12,2016,5,18,30,0,2,3,1,3,"SR-90","",12,33.91730278,-117.95684167,0,8,0,0,1,1,0,1,3,1,0,1,0,"0000000",99,99,99,99,88,88,0,0,0,1,0
6,62819,1,1,0,1,1,1,1,37,1980,14,12,2016,4,17,40,0,2,4,4,6,"N AVENUE 64","",0,34.11965833,-118.178425,0,8,0,0,1,1,0,1,3,1,0,1,0,"0000000",99,99,99,99,99,99,0,0,0,1,0
6,62820,2,2,0,0,0,3,3,59,80,31,8,2016,4,20,18,0,2,3,4,6,"W LINCOLN AVE","N GRAND AVE",0,33.83207778,-117.99791944,0,12,6,0,2,2,0,1,3,1,0,1,0,"0000000",99,99,99,99,99,99,0,0,0,1,0
6,62821,1,1,0,1,1,1,1,59,1410,15,12,2016,5,19,7,0,2,4,4,6,"HASTER ST","LAMPSON AVE",0,33.78131111,-117.90619167,0,8,0,0,1,1,0,1,2,2,0,2,0,"0000000",99,99,99,99,99,99,0,0,0,1,0
6,62822,1,1,0,0,0,1,1,13,3010,10,11,2016,5,8,6,0,2,5,4,6,"BLUME DR","AUTO PLAZA",0,37.98483056,-122.319125,0,33,0,0,3,2,0,4,1,10,0,10,0,"0000000",99,99,99,99,88,88,0,0,0,1,0
6,62823,1,1,0,1,1,1,1,71,790,19,12,2016,2,12,48,0,2,4,4,6,"N MT VERNON AVE","E LAUREL AVE",0,34.08029722,-117.31384722,0,8,0,0,3,3,0,1,1,1,0,1,0,"0000000",99,99,99,99,99,99,0,0,0,1,0
6,62824,1,1,0,1,1,1,1,99,2200,12,11,2016,7,22,43,0,2,4,4,6,"TULLY RD","",0,37.69692778,-121.01263611,0,8,0,0,1,1,0,1,3,1,0,1,0,"0000000",99,99,99,99,88,88,0,0,0,1,0
6,62825,2,1,1,0,0,2,2,97,4239,26,12,2016,2,13,10,0,2,7,4,6,"COLLEEN DR","",0,38.55236944,-122.82264722,0,14,0,0,1,1,1,7,1,1,0,1,0,"0000000",99,99,99,99,99,99,0,0,0,1,0
6,62826,3,3,0,1,1,6,6,37,1980,14,8,2016,1,20,25,0,2,4,4,6,"VANOWEN ST","WINNETKA AVE",0,34.19377222,-118.57098056,0,12,6,0,2,2,0,1,3,1,0,1,0,"0000000",99,99,99,99,99,99,14,0,0,1,0
6,62827,1,1,0,0,0,1,1,67,1300,15,12,2016,5,3,8,0,2,3,4,6,"RILEY ST","LEIDESDORFF ST",0,38.67847222,-121.17669444,0,33,0,0,1,1,0,4,3,10,0,10,0,"0000000",99,99,99,99,88,88,0,0,0,1,0
6,62828,2,2,0,0,0,2,2,37,2645,9,12,2016,6,17,5,0,2,3,4,6,"RANCHO VISTA BL","DUNBAR ST",0,34.60173611,-118.16143333,0,12,6,0,2,3,0,1,5,1,0,1,0,"0000000",99,99,99,99,99,99,0,0,0,1,0
6,62829,1,1,0,1,1,1,1,37,30,10,11,2016,5,8,32,0,2,3,4,6,"VALLEY BL","CAMPBELL AVE",0,34.07739722,-118.14317778,0,8,0,0,3,2,0,1,1,1,0,1,0,"0000000",99,99,99,99,99,99,0,0,0,1,0
6,62830,1,1,0,1,1,2,2,37,1808,18,12,2016,1,19,40,0,2,3,4,6,"PARAMOUNT BLVD","ECKLESON ST",0,33.84861667,-118.159875,0,8,0,0,3,3,0,1,3,1,0,1,0,"0000000",99,99,99,99,88,88,0,0,0,1,0
6,62831,1,1,0,1,1,2,2,73,3260,8,11,2016,3,17,44,0,2,3,4,6,"BALBOA AVE","",0,32.82236667,-117.12897222,0,8,0,0,1,1,0,1,3,1,0,1,0,"0000000",99,99,99,99,99,99,0,0,0,1,0
6,62832,1,1,0,1,1,2,2,99,2200,17,12,2016,7,0,21,0,2,4,4,6,"SYLVAN AVE","",0,37.68908889,-120.99367778,0,8,0,0,1,1,0,1,3,1,0,1,0,"0000000",99,99,99,99,99,99,0,0,0,1,0
6,62833,1,1,0,1,1,1,1,37,1700,3,12,2016,7,17,14,0,2,4,4,6,"HYDE PARK BL","",0,33.97651667,-118.36072778,0,8,0,0,8,1,0,1,3,1,0,1,0,"0000000",99,99,99,99,99,99,0,0,0,1,1
6,62834,1,1,0,1,1,1,1,37,1980,22,12,2016,5,6,20,0,2,3,4,6,"AVALON BL","",0,34.004975,-118.26526111,0,8,0,0,1,1,0,1,4,10,0,10,0,"0000000",99,99,99,99,88,88,0,0,0,1,0
6,62835,1,1,0,1,1,1,1,37,1980,8,11,2016,3,17,40,0,2,2,1,3,"SR-90","",16,33.98181389,-118.43167222,0,8,0,1,18,1,0,1,5,1,0,1,0,"0000000",99,99,99,99,99,99,0,0,0,1,0
6,62836,1,1,0,1,1,1,1,37,1980,14,12,2016,4,4,30,0,2,5,4,6,"REDONDO BEACH BLVD","AINSWORTH AVE",0,33.88287778,-118.32653056,0,8,0,0,2,3,0,1,3,1,0,1,0,"0000000",99,99,99,99,99,99,0,0,0,1,0
6,62837,2,2,0,0,0,2,2,13,820,28,12,2016,4,19,57,1,2,2,1,3,"SR-4","",160,38.01167778,-122.01124167,0,12,7,0,1,1,0,1,3,1,0,1,0,"0000000",99,99,99,99,88,88,0,0,0,1,0
6,62838,1,1,0,0,0,1,1,71,0,25,8,2016,5,99,99,1,1,1,1,1,"I-15","",1458,35.34631111,-115.94643889,0,34,0,0,1,1,0,4,2,1,0,1,0,"0000000",99,99,99,99,88,88,0,0,0,1,0
6,62839,1,1,0,1,1,1,1,37,1980,27,12,2016,3,18,0,0,2,3,4,6,"VERMONT AVE","",0,33.98039722,-118.29172222,0,8,0,0,1,1,0,1,3,1,0,1,0,"0000000",99,99,99,99,99,99,0,0,0,1,0
6,62840,1,1,0,1,1,1,1,7,2680,15,11,2016,3,17,11,0,2,3,4,6,"CLARK RD","",0,39.76805556,-121.60000278,0,8,0,0,1,1,0,1,2,1,0,1,0,"0000000",99,99,99,99,88,88,0,0,0,1,0
6,62841,1,1,0,1,1,1,1,37,1980,26,12,2016,2,18,0,0,2,4,4,6,"NORMANDIE AVE","255TH ST",0,33.79280556,-118.29746667,0,8,0,0,3,2,0,1,3,1,0,1,0,"0000000",99,99,99,99,99,99,0,0,0,1,0
6,62842,1,1,0,1,1,1,1,71,260,15,7,2016,6,13,19,0,2,3,4,6,"EAST MAIN ST","MURIEL DR",0,34.89865278,-117.01390278,0,8,0,0,2,2,0,1,1,1,0,1,0,"0000000",99,99,99,99,99,99,0,0,0,1,0
6,62843,3,3,0,0,0,3,3,37,3630,8,10,2016,7,11,40,0,2,4,4,6,"CHERRY AVE","HILL ST",0,33.79723611,-118.167675,0,12,1,0,3,2,0,1,1,1,0,1,0,"0000000",99,99,99,99,99,99,0,0,0,1,0
6,62844,2,2,0,0,0,2,2,77,3770,11,7,2016,2,8,22,0,2,5,4,6,"QUAIL LAKES DR","",0,37.98523611,-121.33985833,0,12,6,0,8,1,0,1,1,1,0,1,0,"0000000",99,99,99,99,99,99,0,0,0,1,0
6,62845,2,2,0,0,0,3,3,37,4190,9,8,2016,3,21,15,0,2,3,4,6,"WHITTIER BL","SANTA GERTRUDES AVE",0,33.94475833,-117.99431944,0,12,6,0,2,2,0,1,3,1,0,1,0,"0000000",99,99,99,99,99,99,0,0,0,1,0
6,62846,1,1,0,0,0,4,4,71,790,6,11,2016,1,1,15,0,2,4,4,6,"W SAN BERNARDINO AVE","N SYCAMORE AVE",0,34.07774444,-117.36591667,0,33,0,0,3,3,0,4,3,1,0,1,0,"0000000",99,99,99,99,99,99,0,0,0,1,1
6,62847,1,1,0,1,1,1,1,95,1260,20,9,2016,3,18,33,1,2,3,1,3,"SR-12","BECK AVE",32,38.23483611,-122.06615278,0,9,0,0,2,2,0,1,1,1,0,1,0,"0000000",99,99,99,99,88,88,0,0,0,1,0
6,62848,6,6,0,0,0,10,10,37,3870,12,3,2016,7,13,40,0,2,3,4,6,"TORRANNCE BLVD","MADRONA AVE",0,33.83749444,-118.34475278,0,12,7,0,3,2,0,1,1,1,0,1,0,"0000000",99,99,99,99,88,88,27,19,0,1,0
6,62849,1,1,0,1,1,1,1,99,3950,4,11,2016,6,20,32,0,2,4,4,6,"N GOLDEN STATE BL","FULKERTH RD",0,37.50730833,-120.861125,0,8,0,0,3,2,0,1,3,1,0,1,0,"0000000",99,99,99,99,99,99,0,0,0,1,0
6,62850,2,2,0,0,0,2,2,53,3180,23,8,2016,3,11,57,0,2,3,4,6,"E LAUREL DR","ST EDWARDS AVE",0,36.67544444,-121.61440833,0,12,6,0,2,3,0,1,1,1,0,1,0,"0000000",99,99,99,99,99,99,0,0,0,1,0
6,62851,1,1,0,1,1,1,1,37,305,29,12,2016,5,19,14,0,2,3,1,3,"SR-19","",80,33.9052,-118.14285,0,8,0,0,1,1,0,1,3,1,0,1,0,"0000000",99,99,99,99,99,99,0,0,0,1,0
6,62852,1,1,0,0,0,1,1,59,80,28,8,2016,1,8,51,1,2,2,1,3,"SR-57","",134,33.81809444,-117.87614722,0,39,0,1,19,1,0,4,1,1,0,1,0,"0000000",99,99,99,99,99,99,0,0,0,1,0
6,62853,1,1,0,1,1,3,3,37,1400,18,10,2016,3,4,25,0,2,3,4,6,"ARTESIA BLVD","VERMONT AVE",0,33.87285556,-118.29093889,0,8,0,0,3,2,0,1,3,1,0,1,0,"0000000",99,99,99,99,99,99,0,0,0,1,0
6,62854,2,2,0,0,0,5,5,37,2929,28,8,2016,1,11,34,0,2,3,4,6,"PALOS VERDES DR SOUTH","PALOS VERDES DR EAST",0,33.72957222,-118.33738889,0,12,1,0,2,3,0,1,1,1,0,1,0,"0000000",99,99,99,99,99,99,0,0,0,1,1
6,62855,1,1,0,1,1,1,1,71,115,16,3,2016,4,6,28,0,2,3,4,6,"BEAR VALLEY RD","NAVAJO RD",0,34.47149167,-117.19016944,0,8,0,0,3,2,0,1,4,1,0,1,0,"0000000",6,30,6,34,99,99,0,0,0,1,0
6,62856,2,2,0,0,0,4,4,107,2880,2,4,2016,7,8,36,0,2,5,4,6,"ORANGE BELT DR","",0,36.11207778,-119.04434722,0,12,2,0,1,1,0,1,1,1,0,1,0,"0000000",99,99,99,99,99,99,0,0,0,1,0
6,62857,3,3,0,0,0,3,3,71,1603,28,3,2016,2,17,26,0,2,3,4,6,"MAIN ST","TIMBERLANE AVE",0,34.41743611,-117.27389444,0,12,6,0,2,2,0,1,1,1,0,1,0,"0000000",99,99,99,99,99,99,0,0,0,1,0
6,62858,2,2,0,0,0,2,2,59,880,25,5,2016,4,7,57,0,2,4,4,6,"SUNFLOWER AVE","SUSAN ST",0,33.69563889,-117.91360278,0,12,6,0,2,2,0,1,1,1,0,1,0,"0000000",99,99,99,99,88,88,0,0,0,1,0
6,62859,2,2,0,0,0,2,2,37,1980,15,6,2016,4,22,35,0,2,3,4,6,"OLYMPIC BLVD","LAWRENCE ST",0,34.04664167,-118.26855556,0,12,2,0,2,2,0,1,3,1,0,1,0,"0000000",99,99,99,99,99,99,0,0,0,1,1
6,62860,1,1,0,1,1,3,3,1,1364,28,11,2016,2,20,5,0,2,4,4,6,"NILES BLVD","RANCHO ARROYO PKWY",0,37.58019722,-121.99366111,0,8,0,0,2,3,0,1,3,10,0,10,0,"0000000",99,99,99,99,99,99,0,0,0,1,0
6,62861,1,1,0,1,1,1,1,37,1980,15,1,2016,6,6,20,0,2,3,4,6,"VAN NUYS BL","",0,34.23406111,-118.59755,0,8,0,0,1,1,0,1,3,10,0,10,0,"0000000",99,99,99,99,99,99,0,0,0,1,0
6,62862,1,1,0,1,1,1,1,37,602,26,4,2016,3,20,17,0,2,3,4,6,"S MAIN ST","E ALBERTONI ST",0,33.87125833,-118.27546944,0,8,0,0,3,2,0,1,5,1,0,1,0,"0000000",99,99,99,99,88,88,0,0,0,1,0
6,62863,4,1,3,1,1,1,1,33,0,28,9,2016,4,16,40,0,1,5,2,4,"CR-MAIN ST","",0,38.91028889,-122.60715,0,8,0,0,1,1,0,7,1,1,0,1,0,"0000000",99,99,99,99,88,88,14,0,0,1,0
6,62864,1,1,0,0,0,1,1,59,1380,5,8,2016,6,4,53,1,2,1,1,1,"I-5","",421,33.85803056,-117.98166111,0,33,0,0,1,1,0,4,3,10,0,10,0,"0000000",99,99,99,99,88,88,0,0,0,1,0
6,62865,1,1,0,0,0,1,1,23,1220,20,10,2016,5,14,56,0,2,7,4,6,"P ST","HODGSON ST",0,40.77879167,-124.15241667,0,33,0,0,3,3,0,4,1,1,0,1,0,"0000000",99,99,99,99,99,99,0,0,0,1,0