"STATE","ST_CASE","VE_TOTAL","VE_FORMS","PVH_INVL","PEDS","PERNOTMVIT","PERMVIT","PERSONS","COUNTY","CITY","DAY","MONTH","YEAR","DAY_WEEK","HOUR","MINUTE","NHS","RUR_URB","FUNC_SYS","RD_OWNER","ROUTE","TWAY_ID","TWAY_ID2","MILEPT","LATITUDE","LONGITUD","SP_JUR","HARM_EV","MAN_COLL","RELJCT1","RELJCT2","TYP_INT","WRK_ZONE","REL_ROAD","LGT_COND","WEATHER1","WEATHER2","WEATHER","SCH_BUS","RAIL","NOT_HOUR","NOT_MIN","ARR_HOUR","ARR_MIN","HOSP_HR","HOSP_MN","CF1","CF2","CF3","FATALS","DRUNK_DR"
6,62970,1,1,0,1,1,5,5,77,2070,28,12,2016,4,17,26,0,2,3,4,6,"MAIN ST","",0,37.80788889,-121.21683889,0,8,0,0,1,1,0,1,2,1,0,1,0,"0000000",99,99,99,99,99,99,0,0,0,1,0
6,62971,2,2,0,1,1,1,1,29,240,21,11,2016,2,6,0,0,2,3,4,6,"STOCKDALE HWY","",0,35.35428333,-119.056125,0,33,0,0,1,1,0,3,3,10,0,10,0,"0000000",99,99,99,99,88,88,23,0,0,1,0
6,62972,2,1,1,0,0,1,1,73,710,23,12,2016,6,16,0,0,2,5,4,6,"I ST","",0,32.63340556,-117.06701111,0,14,0,0,1,1,0,4,1,1,0,1,0,"0000000",99,99,99,99,99,99,0,0,0,1,1
6,62973,1,1,0,0,0,1,1,37,0,5,11,2016,7,14,25,1,1,2,1,3,"SR-2 ANGELES CREST HWY","",382,34.26058056,-118.10734444,0,11,0,0,1,1,0,1,1,1,0,1,0,"0000000",99,99,99,99,99,99,0,0,0,1,0
6,62974,1,1,0,1,1,1,1,19,1370,26,8,2016,6,5,8,0,2,4,4,6,"MAPLE AVE","SAINT ANDREW DR",0,36.88393611,-119.74756389,0,8,0,0,2,2,0,1,3,1,0,1,0,"0000000",99,99,99,99,99,99,0,0,0,1,0
6,62975,1,1,0,1,1,1,1,65,2730,24,10,2016,2,3,34,0,2,3,4,6,"4TH ST","NAVAJO RD",0,33.78114444,-117.24336111,0,9,0,0,2,3,0,1,3,10,2,2,0,"0000000",99,99,99,99,99,99,0,0,0,1,0
6,62976,1,1,0,1,1,1,1,41,2460,25,10,2016,3,1,16,0,2,3,4,6,"ROWLAND BLVD","",0,38.09076389,-122.56126389,0,8,0,0,1,1,0,1,3,2,10,2,0,"0000000",99,99,99,99,88,88,0,0,0,1,0
6,62977,2,2,0,0,0,5,5,59,1790,7,10,2016,6,21,2,0,2,3,4,6,"HARBOR BLVD","",0,33.93893056,-117.93306111,0,12,6,0,8,1,0,1,3,1,0,1,0,"0000000",99,99,99,99,99,99,0,0,0,1,0
6,62978,1,1,0,1,1,1,1,29,240,31,8,2016,4,19,46,0,2,3,4,6,"MING AVE","HUGHES LN",0,35.33937778,-119.03006389,0,9,0,0,2,2,0,1,5,1,0,1,0,"0000000",99,99,99,99,88,88,0,0,0,1,0
6,62979,1,1,0,1,1,1,1,37,2060,6,2,2016,7,0,21,0,2,3,1,3,"SR-1","KEATS ST",221,33.875425,-118.39608611,0,9,0,0,2,3,0,1,3,1,0,1,0,"0000000",99,99,99,99,99,99,0,0,0,1,1
6,62980,1,1,0,1,1,1,1,37,1980,31,12,2016,7,1,55,0,2,4,4,6,"2ND ST","",0,34.0593,-118.257125,0,8,0,0,1,1,0,1,3,2,0,2,0,"0000000",99,99,99,99,99,99,0,0,0,1,0
6,62981,1,1,0,1,1,1,1,29,240,4,9,2016,1,13,4,0,2,4,4,6,"18TH ST","CEDAR ST",0,35.37530556,-119.03051667,0,8,0,0,2,2,0,1,1,1,0,1,0,"0000000",99,99,99,99,99,99,0,0,0,1,0
6,62982,2,1,1,0,0,1,1,73,3260,1,4,2016,6,16,35,0,2,4,4,6,"CR-54TH ST","",0,32.75016389,-117.07943333,0,14,0,0,1,1,0,2,1,1,0,1,0,"0000000",99,99,99,99,99,99,0,0,0,1,0
6,62983,3,3,0,0,0,3,3,29,240,14,11,2016,2,4,35,0,2,3,1,3,"SR-204","Q STREET",49,35.38220278,-119.01056667,0,12,6,0,2,2,0,1,3,1,0,1,0,"0000000",99,99,99,99,99,99,20,0,0,1,1
6,62984,2,2,0,0,0,3,3,37,1716,25,9,2016,1,0,31,0,2,4,4,6,"LOS ANGELES ST","",0,34.09231944,-117.95249444,0,12,6,0,8,1,0,1,3,1,0,1,0,"0000000",99,99,99,99,99,99,0,0,0,2,2
6,62985,1,1,0,1,1,3,3,59,880,10,6,2016,6,14,20,0,2,4,4,6,"NEWPORT BLVD","FORD ROAD",0,33.64571111,-117.91509444,0,30,0,0,1,1,0,4,1,1,0,1,0,"0000000",99,99,99,99,99,99,0,0,0,1,1
6,62986,2,1,1,0,0,1,1,37,1980,25,12,2016,1,19,50,0,2,4,4,6,"VENICE BL","",0,34.04713333,-118.33789444,0,33,0,0,1,1,0,4,3,1,0,1,0,"0000000",99,99,99,99,99,99,0,0,0,1,0
6,62987,1,1,0,1,1,1,1,65,1580,7,9,2016,4,6,2,0,2,7,4,6,"FLORIDA AVE","WESTERN AVE",0,33.74749167,-116.98144444,0,9,0,0,2,2,0,1,2,1,0,1,0,"0000000",99,99,99,99,88,88,0,0,0,1,0
6,62988,2,2,0,0,0,2,2,29,240,23,8,2016,3,0,48,0,2,2,1,3,"SR-119","GOSFORD RD",273,35.26711944,-119.09208056,0,12,6,0,2,2,0,1,2,1,0,1,0,"0000000",99,99,99,99,88,88,0,0,0,1,0
6,62989,1,1,0,1,1,1,1,83,1445,23,9,2016,6,6,26,0,2,4,4,6,"CALLE REAL","",0,34.432975,-119.87820278,0,9,0,0,1,1,0,4,4,1,0,1,0,"0000000",99,99,99,99,99,99,0,0,0,1,0
6,62990,1,1,0,0,0,1,1,77,3770,1,10,2016,7,1,52,0,2,5,4,6,"FEATHER RIVER DR","DRIFTWOOD PL",0,37.99166944,-121.34684722,0,33,0,0,1,1,0,4,3,1,0,1,0,"0000000",99,99,99,99,88,88,0,0,0,1,1
6,62991,3,3,0,0,0,4,4,29,240,3,12,2016,7,13,20,0,2,4,4,6,"P STREET","BRUNDAGE LANE",0,35.35387222,-119.01188333,0,12,6,0,2,2,0,1,1,1,0,1,0,"0000000",99,99,99,99,99,99,0,0,0,1,1
6,62992,4,4,0,0,0,11,11,37,1670,12,11,2016,7,18,20,0,2,4,4,6,"SANTA ANA ST","OTIS AVE",0,33.96183333,-118.19506111,0,12,6,0,2,2,0,1,3,1,0,1,0,"0000000",99,99,99,99,99,99,0,0,0,1,1
6,62993,2,1,1,1,1,0,0,59,2199,7,4,2016,5,1,30,0,2,7,4,6,"HAYUCO","",0,33.60249444,-117.648425,0,8,0,0,1,1,0,4,3,1,0,1,0,"0000000",99,99,99,99,88,88,0,0,0,1,0
6,62994,1,1,0,1,1,1,1,73,3260,25,12,2016,1,19,56,0,2,3,4,6,"SEA WORLD DR","FRIARS ROAD",0,32.76354444,-117.20970833,0,9,0,0,2,3,0,1,3,1,0,1,0,"0000000",99,99,99,99,99,99,0,0,0,1,1
6,62995,1,1,0,1,1,1,1,7,2680,18,11,2016,6,10,42,0,2,3,4,6,"CLARK RD","",0,39.75267778,-121.60775278,0,8,0,0,1,1,0,1,1,1,0,1,0,"0000000",99,99,99,99,99,99,0,0,0,1,0
6,62996,1,1,0,1,1,2,2,37,2670,18,3,2016,6,11,49,0,2,3,4,6,"PALOS VERDES DRIVE WEST","",0,33.804175,-118.39053889,0,9,0,0,1,1,0,1,1,1,0,1,0,"0000000",99,99,99,99,99,99,0,0,0,1,0
6,62997,1,1,0,1,1,2,2,53,3180,21,4,2016,5,22,7,0,2,3,4,6,"NAVIDAD RD","",0,36.69503611,-121.63971111,0,8,0,0,1,1,0,1,3,1,0,1,0,"0000000",99,99,99,99,99,99,0,0,0,1,0
6,62998,2,2,0,1,1,4,4,71,115,29,1,2016,6,20,9,0,2,2,1,3,"SR-18","",916,34.52743333,-117.22246944,0,8,0,0,1,1,0,1,2,1,0,1,0,"0000000",99,99,99,99,88,88,0,0,0,1,0
6,62999,2,1,1,0,0,3,3,37,300,29,11,2016,3,2,15,0,2,3,4,6,"FLORENCE AVE","",0,33.96930833,-118.17846111,0,14,0,0,1,1,0,4,3,1,0,1,0,"0000000",99,99,99,99,99,99,0,0,0,1,1
6,63000,1,1,0,1,1,1,1,59,1786,14,5,2016,7,23,2,0,2,4,4,6,"LA PAZ RD","",0,33.56408889,-117.70781389,0,8,0,0,1,1,0,1,3,10,0,10,0,"0000000",99,99,99,99,88,88,0,0,0,1,1
6,63001,2,2,0,0,0,2,2,37,2684,25,11,2016,6,22,40,0,2,3,4,6,"GARFIELD AVE","JACKSON ST",0,33.88535833,-118.16873889,0,12,6,0,2,2,0,1,3,1,0,1,0,"0000000",99,99,99,99,99,99,0,0,0,1,1
6,63002,2,2,0,0,0,2,2,65,2650,25,11,2016,6,17,10,0,2,3,4,6,"RAMON RD","FARRELL DR",0,33.81594167,-116.51803333,0,12,6,0,2,2,0,1,5,1,0,1,0,"0000000",99,99,99,99,88,88,0,0,0,1,0
6,63003,1,1,0,0,0,1,1,67,1108,29,5,2016,1,22,37,0,2,7,4,6,"WILLARD PARKWAY","EPOCH DR",0,38.37573056,-121.44555,0,1,0,0,3,10,0,1,3,1,0,1,0,"0000000",99,99,99,99,99,99,0,0,0,1,1
6,63004,1,1,0,2,2,1,1,75,3290,3,12,2016,7,17,27,0,2,4,4,6,"MONTEREY BLVD","VALDEZ AVE",0,37.73136944,-122.45572222,0,8,0,0,3,2,0,1,3,1,0,1,0,"0000000",99,99,99,99,99,99,0,0,0,1,0
6,63005,1,1,0,0,0,2,2,59,2560,26,6,2016,1,0,10,0,2,3,4,6,"MUIRLANDS BL","TULIP ST",0,33.62451111,-117.699375,0,33,0,0,3,3,0,4,3,1,0,1,0,"0000000",99,99,99,99,99,99,0,0,0,2,1
6,63006,1,1,0,2,2,1,1,13,2485,28,6,2016,3,14,47,0,2,4,4,6,"E CYPRESS RD","",0,37.99079444,-121.64687222,0,8,0,0,1,1,0,2,1,1,0,1,0,"0000000",99,99,99,99,99,99,0,0,0,1,0
6,63007,2,2,0,0,0,3,3,37,1791,1,10,2016,7,2,50,0,2,3,4,6,"HARBOR BLVD","BELLA VISTA DR",0,33.95078333,-117.9275,0,59,0,0,3,3,0,4,2,1,0,1,0,"0000000",99,99,99,99,99,99,0,0,0,1,0
6,63008,2,1,1,0,0,1,1,37,1980,22,5,2016,1,3,25,0,2,3,4,6,"OLYMPIC BLVD","MINES AVE",0,34.01896111,-118.20789722,0,39,0,0,3,4,0,4,3,1,0,1,0,"0000000",99,99,99,99,88,88,14,0,0,1,0
6,63009,2,2,0,0,0,5,5,77,3880,7,10,2016,6,23,50,0,2,3,4,6,"11TH ST","LINCOLN BLVD",0,37.73968333,-121.44168056,0,12,6,0,8,1,0,1,3,1,0,1,0,"0000000",99,99,99,99,99,99,0,0,0,1,2
6,63010,2,2,0,0,0,4,4,37,1980,7,10,2016,6,22,35,0,2,4,4,6,"CHATSWORTH ST","DE SOTO AVE",0,34.26449167,-118.58858333,0,12,6,0,2,2,0,1,3,1,0,1,0,"0000000",99,99,99,99,88,88,0,0,0,2,1
6,63011,1,1,0,1,1,1,1,29,240,10,10,2016,2,11,21,0,2,3,4,6,"WHITE LN","PIN OAK PARK PL",0,35.31845556,-119.09843611,0,8,0,0,3,2,0,1,1,1,0,1,0,"0000000",99,99,99,99,99,99,0,0,0,1,0
6,63012,1,1,0,1,1,1,1,113,4163,27,8,2016,7,10,41,0,2,3,4,6,"JEFFERSON BLVD","BLACKER RD",0,38.54085556,-121.54838611,0,9,0,0,3,3,0,1,1,1,0,1,0,"0000000",99,99,99,99,88,88,0,0,0,1,0
6,63013,1,1,0,1,1,1,1,59,972,3,6,2016,6,99,99,0,2,3,4,6,"CROWN VALLEY PARKWAY","SEVEN SEAS",0,33.48733056,-117.72585278,0,8,0,0,2,3,0,1,3,5,0,5,0,"0000000",99,99,99,99,88,88,0,0,0,1,0
6,63014,1,1,0,0,0,4,4,77,3770,31,12,2016,7,2,23,0,2,2,1,3,"SR-4 RAMP","",260,37.9463,-121.30012222,0,24,0,1,5,1,0,4,3,1,0,1,0,"0000000",99,99,99,99,99,99,0,0,0,1,1
6,63015,1,1,0,1,1,2,2,37,1550,16,9,2016,6,1,22,1,1,1,1,1,"I-405","",200,33.91333889,-118.37028611,0,8,0,0,1,1,0,1,2,1,0,1,0,"0000000",99,99,99,99,88,88,0,0,0,1,1
6,63016,2,2,0,0,0,2,2,37,1980,4,6,2016,7,4,2,1,2,2,1,2,"US-101","",121,34.15453889,-118.38456944,0,12,2,0,1,1,0,1,3,1,0,1,0,"0000000",99,99,99,99,99,99,0,0,0,1,1
6,63017,1,1,0,1,1,1,1,37,1970,19,10,2016,4,8,15,0,2,4,4,6,"PACIFIC AVE","BROADWAY",0,33.76926944,-118.19373056,0,8,0,0,3,2,0,1,1,1,0,1,0,"0000000",99,99,99,99,88,88,0,0,0,1,0
6,63018,1,1,0,0,0,1,1,65,9997,29,8,2016,2,0,58,0,2,4,4,6,"CANTU GALLEANO RANCH RD","WINEVILLE RD",0,34.00437778,-117.54200278,0,33,0,0,3,2,0,4,3,1,0,1,0,"0000000",99,99,99,99,88,88,0,0,0,1,1
6,63019,1,1,0,2,2,1,1,71,4290,10,2,2016,4,18,39,0,2,4,4,6,"CALIFORNIA ST","",0,34.02396944,-117.03880833,0,8,0,0,1,1,0,1,2,1,0,1,0,"0000000",99,99,99,99,99,99,0,0,0,2,0
6,63020,1,1,0,0,0,1,1,37,2700,8,5,2016,1,2,49,0,2,4,4,6,"WEST DR","SECO ST",0,34.15575556,-118.16899444,0,30,0,0,3,4,0,3,3,1,0,1,0,"0000000",99,99,99,99,88,88,0,0,0,1,1
6,63021,1,1,0,1,1,2,2,29,4080,26,6,2016,1,20,45,1,2,3,4,3,"SR-46","E ST",510,35.60151667,-119.33504444,0,8,0,0,2,3,0,1,3,1,0,1,0,"0000000",99,99,99,99,88,88,0,0,0,1,0
6,63022,1,1,0,1,1,1,1,113,4258,19,10,2016,4,3,3,0,2,5,4,6,"E BEAMER ST","PIONEER AVE",0,38.68450278,-121.746775,0,8,0,0,2,2,0,1,3,1,0,1,0,"0000000",99,99,99,99,88,88,0,0,0,1,0
6,63023,1,1,0,1,1,1,1,65,3320,21,6,2016,3,23,15,0,2,3,4,6,"STATE ST","",0,33.769625,-116.97184444,0,15,0,0,1,1,0,1,2,1,0,1,0,"0000000",99,99,99,99,99,99,0,0,0,1,0
6,63024,3,1,2,0,0,1,1,77,3770,21,11,2016,2,2,35,0,2,3,4,6,"PERSHING AVE","",0,37.97755833,-121.31798333,0,30,0,0,1,1,0,4,3,1,0,1,0,"0000000",99,99,99,99,88,88,14,0,0,1,0
6,63025,1,1,0,1,1,1,1,37,1980,10,2,2016,4,18,0,0,2,4,4,6,"HAZALTINE AVE","",0,34.20523333,-118.43998056,0,8,0,0,1,1,0,1,1,1,0,1,0,"0000000",99,99,99,99,99,99,0,0,0,1,0
6,63026,1,1,0,0,0,2,2,17,0,18,12,2016,1,2,50,0,1,6,2,4,"CR-WENTWORTH SPRINGS RD","",0,38.92815833,-120.77900278,0,42,0,0,1,1,0,4,2,10,0,10,0,"0000000",99,99,99,99,88,88,0,0,0,1,0
6,63027,1,1,0,11,11,1,1,73,3260,15,10,2016,7,15,32,1,2,1,1,1,"I-5","",138,32.70044444,-117.14274167,0,25,0,1,5,1,0,5,1,1,0,1,0,"0000000",99,99,99,99,99,99,0,0,0,4,1
6,63028,2,1,1,1,1,1,1,71,790,16,12,2016,6,22,37,1,2,1,1,1,"I-10","",220,34.06783611,-117.33598056,0,8,0,1,19,1,0,2,2,10,2,2,0,"0000000",99,99,99,99,88,88,0,0,0,1,0
6,63029,1,1,0,0,0,1,1,65,1580,23,11,2016,4,23,46,0,2,5,4,6,"SIMPSON RD","",0,33.70749444,-117.047725,0,59,0,0,1,1,0,4,2,1,0,1,0,"0000000",99,99,99,99,88,88,0,0,0,1,1
6,63030,1,1,0,1,1,2,2,13,2485,4,9,2016,1,20,2,0,2,3,4,6,"BIG BREAK RD","VINTAGE PARKWAY",0,38.00735556,-121.73229444,0,9,0,0,1,1,0,1,3,1,0,1,0,"0000000",99,99,99,99,99,99,0,0,0,1,0
6,63031,2,2,0,0,0,3,3,37,1980,23,1,2016,7,11,15,0,2,5,4,6,"LINDLEY AVE","",0,34.26374167,-118.52727778,0,12,6,0,8,1,0,1,1,1,0,1,0,"0000000",99,99,99,99,99,99,0,0,0,1,0
6,63032,2,2,0,0,0,3,3,59,2800,16,4,2016,7,13,10,0,2,3,4,6,"YORBA LINDA BLVD","PALM DR",0,33.89130833,-117.87135556,0,12,6,0,2,3,0,1,1,1,0,1,0,"0000000",99,99,99,99,99,99,0,0,0,1,0
6,63033,1,1,0,0,0,1,1,13,3010,14,10,2016,6,5,1,0,2,2,4,6,"RICHMOND PARKWAY","GIANT HIGHWAY",0,37.98039167,-122.35271944,0,33,0,1,3,2,0,4,3,2,0,2,0,"0000000",99,99,99,99,99,99,0,0,0,1,0
6,63034,2,2,0,2,2,1,1,71,680,13,4,2016,4,16,12,0,2,4,4,6,"EDISON AVE","",0,33.99735,-117.67601111,0,18,0,0,1,1,1,1,1,1,0,1,0,"0000000",99,99,99,99,99,99,15,14,0,1,0
6,63035,1,1,0,1,1,1,1,73,3260,26,11,2016,7,5,45,0,2,4,4,6,"BLUE LAKE DR","JACKSON DR",0,32.79174444,-117.01780278,0,8,0,0,2,2,0,1,3,10,0,10,0,"0000000",99,99,99,99,99,99,0,0,0,1,0
6,63036,2,2,0,0,0,2,2,71,680,1,7,2016,6,11,12,0,2,4,4,6,"WALNUT AVE","PIPELINE AVE",0,34.02606667,-117.71551111,0,12,6,0,2,2,0,1,1,1,0,1,0,"0000000",99,99,99,99,99,99,0,0,0,1,0
6,63037,2,2,0,0,0,2,2,13,2790,30,11,2016,4,20,27,0,2,4,4,6,"BUCHANAN RD","",0,37.99803611,-121.86009444,0,12,2,0,1,1,0,1,2,1,0,1,0,"0000000",99,99,99,99,99,99,0,0,0,1,1
6,63038,3,3,0,0,0,5,5,59,1786,20,6,2016,2,20,35,0,2,4,4,6,"ALICIA PKWY","NIGUEL RD",0,33.52930833,-117.71556944,0,12,6,0,2,2,0,1,3,1,0,1,0,"0000000",99,99,99,99,99,99,0,0,0,1,0
6,63039,2,2,0,0,0,3,3,65,2650,27,4,2016,4,17,28,0,2,4,4,6,"DINAH SHORE DR","CROSSLEY RD",0,33.80855,-116.48426111,0,12,6,0,2,2,0,1,1,1,0,1,0,"0000000",99,99,99,99,99,99,0,0,0,1,0
6,63040,2,2,0,0,0,2,2,37,1980,17,11,2016,5,18,15,0,2,3,4,6,"ROSCOE BLVD","",0,34.22025833,-118.56842778,0,12,6,0,1,1,0,1,3,1,0,1,0,"0000000",99,99,99,99,99,99,0,0,0,1,0
6,63041,1,1,0,0,0,2,2,85,3340,12,12,2016,2,19,18,0,2,4,4,6,"S 24TH ST","E SAN ANTONIO ST",0,37.34403889,-121.86483333,0,33,0,0,3,2,0,4,3,1,0,1,0,"0000000",99,99,99,99,99,99,0,0,0,1,0
6,63042,2,2,0,0,0,2,2,37,1980,9,12,2016,6,20,50,0,2,4,4,6,"HUBBARD ST","GLADSTONE AVE",0,34.31006389,-118.42733611,0,12,6,0,2,2,0,1,3,1,0,1,0,"0000000",99,99,99,99,99,99,0,0,0,1,1
6,63043,1,1,0,1,1,1,1,59,1410,5,12,2016,2,18,43,0,2,3,4,6,"BROOKHURST ST","13TH ST",0,33.75581667,-117.95483611,0,8,0,0,2,3,0,1,3,1,0,1,0,"0000000",99,99,99,99,99,99,0,0,0,1,0
6,63044,2,2,0,0,0,4,4,85,3340,28,8,2016,1,21,16,0,2,3,4,6,"CAMDEN AVENUE","BOSE LN",0,37.22136111,-121.86733056,0,12,6,0,2,2,0,1,3,1,0,1,0,"0000000",99,99,99,99,99,99,0,0,0,2,2
6,63045,2,2,0,0,0,3,3,13,2790,22,10,2016,7,19,24,0,2,3,4,6,"E LELAND RD","",0,38.00920278,-121.874625,0,12,1,0,1,1,0,1,3,1,0,1,0,"0000000",99,99,99,99,99,99,0,0,0,1,1
6,63046,1,1,0,1,1,1,1,99,2200,17,12,2016,7,5,56,0,2,3,4,6,"PARADISE RD","",0,37.62745556,-121.01238056,0,8,0,0,1,1,0,1,3,1,0,1,0,"0000000",99,99,99,99,88,88,0,0,0,1,0
6,63047,1,1,0,1,1,1,1,37,1980,29,3,2016,3,16,40,0,2,4,4,6,"LA TEJERA BL","CENTINELA AVE",0,33.97729167,-118.37185,0,8,0,0,3,2,0,1,1,1,0,1,0,"0000000",99,99,99,99,99,99,0,0,0,1,0
6,63048,1,1,0,1,1,2,2,25,0,9,8,2016,3,21,2,1,1,1,1,1,"I-8","",779,32.71596111,-117.91941111,0,8,0,0,1,1,0,1,2,1,0,1,0,"0000000",99,99,99,99,88,88,0,0,0,1,0
6,63049,2,2,0,0,0,4,4,81,0,17,9,2016,7,15,55,0,1,2,1,3,"SR-1","PIGEON POINT RD",80,37.18468056,-122.39038056,0,12,6,0,2,2,0,1,1,10,0,10,0,"0000000",99,99,99,99,88,88,0,0,0,2,0
6,63050,2,2,0,0,0,2,2,81,1065,16,9,2016,6,12,55,1,2,2,1,2,"US-101","",13,37.46403056,-122.14686944,0,54,11,0,1,1,0,1,1,1,0,1,0,"0000000",99,99,99,99,88,88,14,0,0,1,0
6,63051,2,2,0,0,0,3,3,95,1260,21,12,2016,4,0,23,9,8,98,98,9,"PEABODY RD","",99999,38.30841389,-121.97057222,9,12,2,0,1,1,0,1,3,1,0,1,0,"0000000",99,99,99,99,99,99,0,0,0,2,1
6,63052,2,2,0,1,1,3,3,85,3340,2,1,2016,7,19,8,0,2,5,4,6,"7TH ST","REED ST",0,37.330125,-121.87744444,0,9,0,0,3,2,0,1,3,1,0,1,0,"0000000",99,99,99,99,88,88,0,0,0,1,0
6,63053,1,1,0,1,1,1,1,13,2790,4,12,2016,1,17,29,0,2,4,4,6,"HARBOR ST","SCHOOL ST",0,38.02000278,-121.88102778,0,8,0,0,3,2,0,1,3,1,0,1,0,"0000000",99,99,99,99,99,99,0,0,0,1,0
6,63054,1,1,0,1,1,1,1,85,3340,2,10,2016,1,0,57,0,2,3,4,6,"CAPITOL EXPRESSWAY","",0,37.27951944,-121.83693611,0,8,0,0,1,1,0,1,3,1,0,1,0,"0000000",99,99,99,99,88,88,0,0,0,1,1
6,63055,1,1,0,1,1,1,1,13,2790,28,12,2016,4,6,54,0,2,3,4,6,"WILLOW PASS RD","",0,38.02933889,-121.89883056,0,8,0,0,8,1,0,1,3,1,0,1,0,"0000000",99,99,99,99,99,99,0,0,0,1,0
6,63056,3,3,0,0,0,3,3,1,1920,22,8,2016,2,5,54,9,8,98,98,9,"FIRST ST","",99999,37.69671944,-121.74421667,9,33,0,0,1,1,0,4,3,1,0,1,0,"0000000",99,99,99,99,99,99,0,0,0,1,0
6,63057,2,2,0,0,0,2,2,85,3340,4,3,2016,6,2,47,0,2,4,4,6,"CAMDEN AVE","LEIGH AVE",0,37.261675,-121.92233333,0,12,6,0,2,2,0,1,3,10,0,10,0,"0000000",99,99,99,99,88,88,0,0,0,1,1
6,63058,3,3,0,0,0,5,5,81,463,11,10,2016,3,16,14,0,2,3,4,6,"BAYSHORE BLVD","SAN BRUNO AVE",0,37.67763889,-122.39305,0,12,6,0,2,3,0,1,1,1,0,1,0,"0000000",99,99,99,99,99,99,0,0,0,1,0
6,63059,1,1,0,1,1,1,1,37,1980,22,4,2016,6,9,5,0,2,3,4,6,"W SUMMERLAND AVE","N WALKER AVE",0,33.74697222,-118.30426944,0,8,0,0,3,2,0,1,1,1,0,1,0,"0000000",99,99,99,99,99,99,0,0,0,1,0
6,63060,1,1,0,1,1,2,2,71,680,5,7,2016,3,0,15,0,2,2,1,3,"SR-83","",32,33.97804722,-117.65083056,0,8,0,0,1,1,0,1,2,1,0,1,0,"0000000",99,99,99,99,88,88,0,0,0,1,1
6,63061,1,1,0,1,1,1,1,85,1420,4,5,2016,4,0,18,0,2,3,4,6,"MONTEREY RD","BUENA VISTA AVE",0,37.04177778,-121.58628611,0,8,0,0,1,1,0,1,2,1,0,1,0,"0000000",99,99,99,99,88,88,0,0,0,1,0
6,63062,3,2,1,1,3,2,4,85,3340,10,11,2016,5,16,33,0,2,3,4,6,"SANTA CLARA ST","4TH ST",0,37.33767778,-121.88745833,0,12,6,0,2,2,0,1,1,1,0,1,0,"0000000",99,99,99,99,99,99,0,0,0,1,1
6,63063,4,4,0,0,0,10,10,111,4027,22,7,2016,6,14,25,1,2,2,1,3,"SR-126 RAMP","KIMBALL RD",28,34.27586111,-119.19151111,0,12,6,0,2,2,0,1,1,1,0,1,0,"0000000",99,99,99,99,88,88,14,20,0,1,0
6,63064,1,1,0,1,1,1,1,59,880,2,7,2016,7,2,55,0,2,4,4,6,"NEWPORT BL","17TH STREET",0,33.636,-117.92205833,0,8,0,0,1,1,0,1,3,1,0,1,0,"0000000",99,99,99,99,88,88,0,0,0,1,0
6,63065,1,1,0,1,1,1,1,85,3340,20,9,2016,3,0,22,0,2,3,4,6,"TULLY RD","KING RD",0,37.32228611,-121.82583889,0,8,0,0,2,2,0,1,3,1,0,1,0,"0000000",99,99,99,99,88,88,0,0,0,1,0
6,63066,1,1,0,1,1,1,1,73,3499,27,10,2016,5,9,31,0,2,3,4,6,"MISSION GORGE","FIRST ST",0,32.83838056,-116.96891667,0,8,0,0,2,3,0,1,1,1,0,1,0,"0000000",99,99,99,99,99,99,0,0,0,1,0
6,63067,1,1,0,1,1,1,1,95,4020,12,9,2016,2,19,57,0,2,3,1,3,"SR-29","REDWOOD ST",37,38.12267222,-122.25533333,0,8,0,0,2,2,0,1,3,1,0,1,0,"0000000",99,99,99,99,99,99,0,0,0,1,0
6,63068,1,1,0,1,1,2,2,65,850,4,9,2016,1,2,56,0,2,3,4,6,"SIXTH ST","",0,33.87383056,-117.53916389,0,8,0,0,1,1,0,1,3,1,0,1,0,"0000000",99,99,99,99,88,88,0,0,0,1,1
6,63069,2,2,0,2,2,3,3,85,3340,11,11,2016,6,11,46,0,2,4,4,6,"CURTNER AVE","LITTLE ORCHARD ST",0,37.29999444,-121.866625,0,12,1,0,3,3,0,1,1,1,0,1,0,"0000000",99,99,99,99,99,99,0,0,0,1,0
6,63070,2,2,0,0,0,3,3,1,0,18,12,2016,1,4,30,1,1,1,1,1,"I-580 ARTHUR H. BREED JR. FWY","",30,37.7344,-121.615875,0,12,1,0,1,1,0,1,2,1,0,1,0,"0000000",99,99,99,99,99,99,0,0,0,2,0
6,63071,2,2,0,0,0,4,4,37,30,11,11,2016,6,11,50,1,2,1,1,1,"I-10","",244,34.07158611,-118.11556944,0,12,1,0,1,1,0,1,1,1,0,1,0,"0000000",99,99,99,99,99,99,0,0,0,1,0
6,63072,2,1,1,1,1,3,3,71,4000,21,11,2016,2,0,20,1,2,2,1,3,"SR-210 FOOTHILL FWY","",14,34.13464722,-117.67174167,0,25,0,0,1,1,0,3,3,10,2,2,0,"0000000",99,99,99,99,88,88,19,23,0,1,0