"STATE","ST_CASE","VE_TOTAL","VE_FORMS","PVH_INVL","PEDS","PERNOTMVIT","PERMVIT","PERSONS","COUNTY","CITY","DAY","MONTH","YEAR","DAY_WEEK","HOUR","MINUTE","NHS","RUR_URB","FUNC_SYS","RD_OWNER","ROUTE","TWAY_ID","TWAY_ID2","MILEPT","LATITUDE","LONGITUD","SP_JUR","HARM_EV","MAN_COLL","RELJCT1","RELJCT2","TYP_INT","WRK_ZONE","REL_ROAD","LGT_COND","WEATHER1","WEATHER2","WEATHER","SCH_BUS","RAIL","NOT_HOUR","NOT_MIN","ARR_HOUR","ARR_MIN","HOSP_HR","HOSP_MN","CF1","CF2","CF3","FATALS","DRUNK_DR"
6,63073,2,2,0,0,0,2,2,19,0,21,12,2016,4,21,0,0,8,98,98,9,"JENSEN AVENUE","",99999,36.70613889,-119.93858056,9,12,6,0,4,1,0,1,2,1,0,1,0,"0000000",99,99,21,5,88,88,0,0,0,1,0
6,63074,1,1,0,0,0,1,1,37,1980,4,12,2016,1,20,5,1,2,1,1,1,"I-110 RAMP","",68,33.92977778,-118.28215833,0,24,0,1,5,1,0,4,2,1,0,1,0,"0000000",99,99,99,99,88,88,0,0,0,1,1
6,63075,1,1,0,1,1,1,1,81,3240,18,12,2016,1,17,18,0,2,3,4,6,"EL CAMINO REAL","BELMONT AVE",0,37.52750278,-122.284925,0,8,0,0,2,3,0,1,3,1,0,1,0,"0000000",99,99,99,99,99,99,0,0,0,1,0
6,63076,1,1,0,0,0,2,2,29,1000,1,7,2016,6,0,22,0,2,4,4,6,"BROWNING RD","",0,35.75996667,-119.22321667,0,43,0,0,1,1,0,4,3,1,0,1,0,"0000000",99,99,99,99,88,88,20,0,0,2,1
6,63077,1,1,0,0,0,1,1,85,3340,24,7,2016,1,3,0,0,2,3,4,6,"MONTEREY HWY","",0,37.17318889,-121.69476944,0,30,0,0,1,1,0,4,3,1,0,1,0,"0000000",99,99,99,99,88,88,0,0,0,1,1
6,63078,1,1,0,0,0,2,2,29,240,10,7,2016,1,13,9,0,2,3,4,6,"ALFRED HARRELL HWY","",0,35.4311,-118.89030556,0,33,0,0,1,1,0,4,1,1,0,1,0,"0000000",99,99,99,99,99,99,0,0,0,1,0
6,63079,1,1,0,1,1,1,1,37,2870,19,9,2016,2,20,11,0,2,3,4,6,"HOLT AVE","DUDLEY ST",0,34.06169444,-117.77666389,0,8,0,0,2,3,0,1,3,1,0,1,0,"0000000",99,99,99,99,99,99,0,0,0,1,0
6,63080,1,1,0,1,1,2,2,13,820,1,10,2016,7,19,51,0,2,3,4,6,"MONUMENT BL","",0,37.95360278,-122.04291111,0,8,0,0,1,1,0,1,3,1,0,1,0,"0000000",99,99,99,99,99,99,0,0,0,1,1
6,63081,1,1,0,1,1,1,1,37,2684,18,10,2016,3,16,38,0,2,3,4,6,"PARAMOUNT BLVD","HARRISON ST",0,33.88354167,-118.16011667,0,9,0,0,3,2,0,1,1,1,0,1,0,"0000000",99,99,99,99,99,99,0,0,0,1,0
6,63082,1,1,0,1,1,1,1,13,2790,12,11,2016,7,19,45,0,2,3,4,6,"RAILROAD AVE","EL DORADO DR",0,38.0046,-121.89401111,0,15,0,0,3,3,0,1,3,1,0,1,0,"0000000",99,99,99,99,88,88,0,0,0,1,0
6,63083,1,1,0,1,1,2,2,29,3840,13,11,2016,1,18,9,0,2,3,4,6,"TUCKER RD","CONWAY AVE",0,35.12801111,-118.46768056,0,8,0,0,3,3,0,1,3,1,0,1,0,"0000000",99,99,99,99,88,88,0,0,0,1,0
6,63084,1,1,0,1,1,1,1,1,340,27,9,2016,3,19,59,0,2,7,4,6,"UNIVERSITY AVE","",0,37.87206111,-122.26948889,0,8,0,0,1,1,0,1,3,1,0,1,0,"0000000",99,99,99,99,99,99,0,0,0,1,0
6,63085,1,1,0,1,1,1,1,29,240,19,11,2016,7,13,57,0,2,4,4,6,"21ST ST","O ST",0,35.37808889,-119.01291667,0,9,0,0,2,2,0,1,1,1,0,1,0,"0000000",99,99,99,99,99,99,0,0,0,1,0
6,63086,1,1,0,0,0,1,1,25,0,3,4,2016,1,19,37,1,1,1,1,1,"I-8","",165,32.74953056,-115.91446111,0,42,0,0,1,1,0,3,2,1,0,1,0,"0000000",99,99,99,99,99,99,0,0,0,1,0
6,63087,4,4,0,0,0,8,8,21,0,7,6,2016,3,15,22,1,1,1,1,1,"I-5","",237,39.72437222,-122.20590278,0,12,1,0,1,1,1,1,1,1,0,1,0,"0000000",99,99,99,99,99,99,0,0,0,1,0
6,63088,1,1,0,0,0,2,2,37,1980,19,12,2016,2,1,36,1,2,1,1,1,"I-5","",182,34.05308611,-118.21396111,0,33,0,0,1,1,0,8,2,1,0,1,0,"0000000",99,99,99,99,99,99,0,0,0,1,1
6,63089,1,1,0,1,1,2,2,71,2960,19,12,2016,2,1,37,1,2,1,1,1,"I-10","",234,34.03696944,-117.14994444,0,8,0,0,1,1,0,1,2,1,0,1,0,"0000000",99,99,99,99,88,88,23,19,0,1,0
6,63090,1,1,0,1,1,1,1,37,1110,18,12,2016,1,16,28,0,2,5,4,6,"COGSWELL RD","",0,34.06150278,-118.01883056,0,8,0,0,1,1,0,1,1,1,0,1,0,"0000000",99,99,99,99,99,99,0,0,0,1,0
6,63091,1,1,0,1,1,2,2,13,2790,7,9,2016,4,22,12,0,2,4,4,6,"HARBOR ST","SCHOOL ST",0,38.01986111,-121.88115278,0,8,0,0,3,2,0,1,3,1,0,1,0,"0000000",99,99,99,99,88,88,0,0,0,1,1
6,63092,1,1,0,0,0,1,1,13,820,1,12,2016,5,21,0,0,2,3,4,6,"WILLOW PASS RD","AVILA RD",0,37.99717222,-122.00166111,0,42,0,0,1,1,0,4,2,1,0,1,0,"0000000",99,99,99,99,99,99,0,0,0,1,1
6,63093,1,1,0,0,0,1,1,85,3440,18,6,2016,7,10,26,0,2,3,4,6,"LAFAYETTE ST","",0,37.41607778,-121.97241389,0,33,0,0,1,1,0,3,1,1,0,1,0,"0000000",99,99,99,99,99,99,0,0,0,1,0
6,63094,1,1,0,1,1,1,1,65,3070,1,10,2016,7,21,52,0,2,4,4,6,"COLUMBIA AVE","",0,34.002675,-117.35500556,0,8,0,0,1,1,0,1,3,1,0,1,0,"0000000",99,99,99,99,88,88,0,0,0,1,0
6,63095,1,1,0,0,0,1,1,85,2000,8,7,2016,6,0,15,0,2,3,4,6,"LOS GATOS BL","",0,37.24281944,-121.95950556,0,33,0,0,1,1,0,3,3,1,0,1,0,"0000000",99,99,99,99,99,99,0,0,0,1,1
6,63096,1,1,0,0,0,1,1,85,3340,2,10,2016,1,2,45,0,2,4,4,6,"SILVER CREEK VALLEY RD","",0,37.27918611,-121.77490833,0,42,0,0,1,1,0,3,3,1,0,1,0,"0000000",99,99,99,99,88,88,0,0,0,1,1
6,63097,2,2,0,0,0,2,2,37,1980,30,4,2016,7,2,45,0,2,3,4,6,"IMPERIAL HWY","VERMONT AVE",0,33.93098056,-118.29175,0,12,6,0,2,2,0,1,3,1,0,1,0,"0000000",99,99,99,99,99,99,0,0,0,1,1
6,63098,1,1,0,1,1,1,1,37,1980,21,11,2016,2,22,0,0,2,4,4,6,"BARRINGTON AVE","",0,34.03537222,-118.44884444,0,8,0,0,1,1,0,1,3,1,0,1,0,"0000000",99,99,99,99,99,99,0,0,0,1,0
6,63099,1,1,0,1,1,1,1,95,3780,9,7,2016,7,4,56,9,8,98,98,9,"SUNSET AVE","RAILROAD AVE",99999,38.25610278,-122.01986667,0,20,0,0,3,3,0,3,3,1,0,1,0,"0000000",99,99,99,99,99,99,0,0,0,1,1
6,63100,1,1,0,1,1,1,1,37,0,17,9,2016,7,22,27,0,1,3,2,4,"CR-NORMANDIE AVE","W 105TH ST",0,33.94117222,-118.30035833,0,8,0,0,3,3,0,1,2,1,0,1,0,"0000000",99,99,99,99,99,99,0,0,0,1,0
6,63101,1,1,0,1,1,1,1,85,3340,16,4,2016,7,0,7,9,8,98,98,9,"SNELL AVE","",99999,37.25244167,-121.83088611,9,8,0,0,1,1,0,1,3,1,0,1,0,"0000000",99,99,99,99,99,99,0,0,0,1,0
6,63102,1,1,0,1,1,1,1,77,3770,27,11,2016,1,18,6,0,2,5,4,6,"CUMBERLAND PL","BENJAMIN HOLT DR",0,38.00570278,-121.36253889,0,15,0,0,3,2,0,1,3,1,0,1,0,"0000000",99,99,99,99,99,99,0,0,0,1,0
6,63103,1,1,0,0,0,2,2,71,1305,20,10,2016,5,10,24,0,2,7,4,6,"TOKAY AVE","",0,34.09837222,-117.45589722,0,42,0,0,1,1,0,4,1,1,0,1,0,"0000000",99,99,99,99,99,99,20,0,0,1,0
6,63104,2,2,0,1,1,2,2,37,1808,26,11,2016,7,1,13,1,2,1,1,1,"I-605","",12,33.824,-118.08150556,0,12,6,0,1,1,0,1,2,1,0,1,0,"0000000",99,99,99,99,99,99,19,23,0,1,0
6,63105,1,1,0,1,1,1,1,97,3490,9,12,2016,6,23,26,0,2,3,4,6,"SANTA ROSA AVE","",0,38.40301944,-122.713475,0,8,0,0,1,1,0,1,3,2,0,2,0,"0000000",99,99,99,99,99,99,0,0,0,1,0
6,63106,1,1,0,1,1,1,1,37,1400,20,12,2016,3,9,38,0,2,4,4,6,"MARINE AVE","GRAMERCY PL",0,33.894675,-118.31348889,0,8,0,0,3,2,0,1,1,1,0,1,0,"0000000",99,99,99,99,99,99,0,0,0,1,0
6,63107,1,1,0,1,1,1,1,37,3445,26,12,2016,2,20,40,0,2,4,4,6,"SIERRA HWY","",0,34.413325,-118.45712778,0,8,0,0,1,1,0,1,2,1,0,1,0,"0000000",99,99,99,99,88,88,0,0,0,1,0
6,63108,1,1,0,0,0,1,1,97,3490,20,10,2016,5,1,46,0,2,4,4,6,"STONY POINT RD","W THIRD ST",0,38.43384722,-122.74240833,0,46,0,0,3,2,0,4,3,1,0,1,0,"0000000",99,99,99,99,88,88,0,0,0,1,1
6,63109,2,2,0,0,0,2,2,97,3490,22,11,2016,3,17,55,0,2,4,4,6,"SEBASTOPOL RD","DUTTON AVE",0,38.43059722,-122.7253,0,12,6,0,2,2,0,1,3,1,0,1,0,"0000000",99,99,99,99,88,88,0,0,0,1,0
6,63110,1,1,0,1,1,1,1,111,4027,19,2,2016,6,0,2,0,2,4,4,6,"TELEGRAPH RD","SATICOY AVE",0,34.29095,-119.16815556,0,9,0,0,2,2,0,1,3,1,0,1,0,"0000000",99,99,99,99,88,88,0,0,0,1,0
6,63111,2,2,0,0,0,2,2,73,2510,18,9,2016,1,16,12,0,2,4,4,6,"VISTA WY","",0,33.18320833,-117.329,0,12,6,0,8,1,0,1,1,10,0,10,0,"0000000",99,99,99,99,99,99,0,0,0,1,0
6,63112,2,2,0,0,0,2,2,73,2510,23,9,2016,6,16,10,0,2,4,4,6,"CASSIDY","BROADWAY",0,33.17421389,-117.363925,0,12,6,0,2,2,0,1,1,1,0,1,0,"0000000",99,99,99,99,99,99,0,0,0,1,0
6,63113,1,1,0,0,0,2,2,71,2550,23,2,2016,3,12,47,0,2,5,4,6,"MERCEDES LN","CONCOURS ST",0,34.07110278,-117.56989722,0,33,0,0,1,1,0,4,1,1,0,1,0,"0000000",99,99,99,99,99,99,0,0,0,1,0
6,63114,2,2,0,0,0,2,2,37,1695,20,9,2016,3,22,55,0,2,4,4,6,"SALT LAKE AVE","TURNBULL CANYON RD",0,34.02028611,-117.97145833,0,1,0,0,3,3,0,1,3,1,0,1,0,"0000000",99,99,99,99,88,88,0,0,0,1,0
6,63115,3,2,1,3,4,2,3,7,2680,8,7,2016,6,13,8,0,2,3,4,6,"CLARK RD","BILLE RD",0,39.77042778,-121.59772222,0,12,6,0,2,2,0,1,1,1,0,1,0,"0000000",99,99,99,99,99,99,0,0,0,1,0
6,63116,2,2,0,0,0,3,3,71,2550,7,4,2016,5,22,36,0,2,3,4,6,"EDISON","",0,33.99784167,-117.60717778,0,12,99,0,1,1,0,1,2,10,0,10,0,"0000000",99,99,99,99,88,88,0,0,0,1,0
6,63117,1,1,0,0,0,1,1,29,240,30,10,2016,1,8,39,0,2,3,4,6,"CALLOWAY DR","",0,35.40453056,-119.11008056,0,42,0,0,1,1,0,4,4,2,0,2,0,"0000000",99,99,99,99,88,88,0,0,0,1,1
6,63118,1,1,0,0,0,1,1,73,2510,17,4,2016,1,23,35,0,2,3,4,6,"OCEANSIDE BLVD","",0,33.20573889,-117.28961944,0,33,0,0,1,1,0,4,3,1,0,1,0,"0000000",99,99,99,99,88,88,0,0,0,1,1
6,63119,1,1,0,0,0,1,1,47,2150,28,11,2016,2,13,53,0,2,5,4,6,"E BELLEVUE RD","",0,37.36109167,-120.48355556,0,42,0,0,1,1,0,4,1,10,0,10,0,"0000000",99,99,99,99,88,88,0,0,0,1,0
6,63120,1,1,0,1,1,1,1,67,0,21,12,2016,4,6,21,1,8,98,98,1,"I-5","",99999,99.9999,999.9999,9,8,0,1,19,1,0,3,2,1,0,1,0,"0000000",99,99,99,99,88,88,23,19,0,1,0
6,63121,1,1,0,1,1,2,2,1,2480,2,11,2016,4,16,42,0,2,4,4,6,"51ST ST","SHELTER AVE",0,37.83660278,-122.25834167,0,9,0,0,3,2,0,1,1,1,0,1,0,"0000000",99,99,99,99,99,99,0,0,0,1,0
6,63122,2,2,0,0,0,5,5,65,2116,31,7,2016,1,18,15,0,2,3,1,3,"SR-74","",279,33.75211111,-117.18528333,0,12,6,0,8,1,0,1,1,1,0,1,0,"0000000",99,99,99,99,99,99,0,0,0,1,0
6,63123,1,1,0,0,0,1,1,13,2275,18,10,2016,3,14,3,0,2,3,4,6,"CANYON RD","",0,37.82306944,-122.14049722,0,41,0,0,1,1,0,4,1,1,0,1,0,"0000000",99,99,99,99,99,99,0,0,0,1,1
6,63124,2,2,0,0,0,4,4,71,4040,16,6,2016,5,10,45,0,2,3,1,3,"SR-18","DEL GADO RD",977,34.50673056,-117.34270833,0,12,2,0,2,2,0,1,1,1,0,1,0,"0000000",99,99,99,99,88,88,0,0,0,1,1
6,63125,1,1,0,0,0,1,1,73,2510,11,6,2016,7,1,50,0,2,2,1,3,"SR-76","",99998,33.202075,-117.383825,0,33,0,0,1,1,0,3,3,1,0,1,0,"0000000",99,99,99,99,88,88,0,0,0,1,1
6,63126,1,1,0,1,1,1,1,71,2550,22,5,2016,1,99,99,0,2,3,4,6,"HOLT BLVD","",0,34.06339722,-117.63637222,0,8,0,0,1,1,0,1,3,1,0,1,0,"0000000",99,99,99,99,88,88,0,0,0,1,0
6,63127,1,1,0,0,0,1,1,85,3340,25,10,2016,3,17,27,0,2,7,4,6,"LASWELL AVE","",0,37.32284444,-121.93105,0,1,0,0,1,1,0,1,5,10,0,10,0,"0000000",99,99,99,99,99,99,0,0,0,1,1
6,63128,1,1,0,1,1,1,1,73,2510,3,7,2016,1,23,11,0,2,2,1,3,"SR-76","",540,33.20278056,-117.38359722,0,8,0,0,1,1,0,1,3,1,0,1,0,"0000000",99,99,99,99,99,99,0,0,0,1,1
6,63129,1,1,0,0,0,1,1,81,1530,20,11,2016,1,0,55,0,2,3,1,3,"SR-1","",270,37.43891389,-122.42761389,0,42,0,0,1,1,0,4,2,10,0,10,0,"0000000",99,99,99,99,88,88,0,0,0,1,1
6,63130,1,1,0,1,1,1,1,81,3220,19,12,2016,2,17,30,0,2,4,4,6,"W SAN BRUNO AVE","CHERRY AVE",0,37.62587778,-122.42427222,0,8,0,0,2,2,0,1,3,1,0,1,0,"0000000",99,99,99,99,99,99,0,0,0,1,0
6,63131,2,1,1,0,0,2,2,85,3340,17,8,2016,4,1,50,1,2,2,1,2,"US-101","",327,37.31371111,-121.82605833,0,14,0,0,1,1,0,2,3,1,0,1,0,"0000000",99,99,99,99,99,99,0,0,0,1,0
6,63132,1,1,0,0,0,1,1,73,2510,3,6,2016,6,12,57,0,2,2,1,3,"SR-76","",90,33.25420556,-117.25370833,0,25,0,0,1,1,0,3,1,1,0,1,0,"0000000",99,99,99,99,88,88,0,0,0,1,1
6,63133,3,3,0,0,0,6,6,73,2510,28,8,2016,1,19,2,0,2,2,1,3,"SR-76","OLD GROVE RD",49,33.23311944,-117.3079,0,12,1,0,3,2,0,1,5,1,0,1,0,"0000000",99,99,99,99,99,99,14,0,0,1,1
6,63134,1,1,0,1,1,1,1,59,3760,27,7,2016,4,6,35,0,2,3,4,6,"BEACH BL","",0,33.79934444,-117.99294167,0,8,0,0,8,1,0,4,1,1,0,1,0,"0000000",99,99,99,99,99,99,0,0,0,1,0
6,63135,1,1,0,1,1,3,3,95,4020,16,12,2016,6,6,31,0,2,3,4,6,"TENNESSEE ST","GLENN ST",0,38.10980278,-122.2423,0,8,0,0,2,3,0,1,3,1,0,1,0,"0000000",99,99,99,99,99,99,0,0,0,1,0
6,63136,1,1,0,0,0,1,1,73,2510,30,9,2016,6,1,52,0,2,7,4,6,"N COAST HWY","",0,33.20755833,-117.38588611,0,33,0,0,1,1,0,4,3,1,0,1,0,"0000000",99,99,99,99,88,88,0,0,0,1,1
6,63137,1,1,0,1,1,2,2,73,2510,21,4,2016,5,16,0,0,2,4,4,6,"MISSION AVE","",0,33.20904167,-117.35741667,0,8,0,0,1,1,0,4,1,1,0,1,0,"0000000",99,99,99,99,99,99,0,0,0,1,1
6,63138,2,2,0,0,0,2,2,71,2550,8,7,2016,6,12,43,0,2,3,4,6,"VINEYARD AVE","JAY ST",0,34.07520278,-117.61105278,0,12,6,0,2,3,0,1,1,1,0,1,0,"0000000",99,99,99,99,99,99,0,0,0,1,1
6,63139,1,1,0,1,1,1,1,65,1690,15,11,2016,3,17,59,0,2,4,4,6,"AVE 44","",0,33.72943056,-116.21435278,0,8,0,0,1,1,0,1,3,1,0,1,0,"0000000",99,99,99,99,88,88,0,0,0,1,0
6,63140,1,1,0,0,0,1,1,85,3340,1,11,2016,3,16,30,0,2,7,4,6,"MURILLO AVE","",0,37.32070833,-121.76202778,0,33,0,0,1,1,0,4,1,1,0,1,0,"0000000",99,99,99,99,99,99,0,0,0,1,0
6,63141,1,1,0,1,1,1,1,47,2150,19,12,2016,2,17,20,0,2,3,4,6,"W OLIVE AVE","",0,37.31935833,-120.48203889,0,8,0,0,1,1,0,1,3,1,0,1,0,"0000000",99,99,99,99,99,99,0,0,0,1,0
6,63142,1,1,0,1,1,3,3,67,0,10,8,2016,4,0,37,0,2,3,4,6,"POWER INN RD","FLORIN RD",0,38.49609722,-121.40905278,0,8,0,0,2,2,0,1,3,1,0,1,0,"0000000",99,99,99,99,99,99,0,0,0,1,0
6,63143,1,1,0,0,0,1,1,67,0,8,11,2016,3,7,40,0,1,2,1,3,"SR-160","",30,38.16939722,-121.63979444,0,42,0,0,1,1,0,4,1,1,0,1,0,"0000000",99,99,99,99,88,88,0,0,0,1,0
6,63144,1,1,0,0,0,1,1,65,1580,29,9,2016,5,3,29,0,2,4,4,6,"WARREN RD","",0,33.72386944,-117.03239444,0,33,0,0,1,1,0,4,2,1,0,1,0,"0000000",99,99,99,99,99,99,0,0,0,1,0
6,63145,3,3,0,0,0,6,6,37,4124,13,8,2016,7,1,39,0,2,3,4,6,"LA BREA AVE","FOUNTAIN AVE",0,34.09436111,-118.34410278,0,12,6,0,2,2,0,1,3,1,0,1,0,"0000000",99,99,99,99,99,99,0,0,0,1,1
6,63146,1,1,0,1,1,1,1,71,3210,8,7,2016,6,22,37,0,2,4,4,6,"BASELINE ST","CRESTVIEW ST",0,34.12131667,-117.27337778,0,8,0,0,3,2,0,1,3,1,0,1,0,"0000000",99,99,99,99,99,99,0,0,0,1,0
6,63147,1,1,0,1,1,1,1,73,2510,14,7,2016,5,15,33,0,2,4,4,6,"VISTA WY","RANCHO DEL ORO",0,33.181925,-117.31141389,0,15,0,0,3,2,0,1,1,1,0,1,0,"0000000",99,99,99,99,99,99,0,0,0,1,0
6,63148,2,2,0,0,0,2,2,13,820,18,11,2016,6,18,56,0,2,3,4,6,"KIRKER PASS RD","",0,37.96226667,-121.93555,0,12,1,0,1,1,0,1,2,1,0,1,0,"0000000",99,99,99,99,99,99,0,0,0,1,0
6,63149,3,3,0,0,0,4,4,13,110,11,11,2016,6,21,33,0,1,3,4,6,"LONE TREE WY","",0,37.96174722,-121.73915,0,12,8,0,8,1,0,1,3,1,0,1,0,"0000000",99,99,99,99,99,99,0,0,0,1,1
6,63150,1,1,0,0,0,1,1,67,0,15,12,2016,5,13,25,0,1,4,2,4,"CR-ROSEVILLE ROAD","",0,38.6924,-121.3455,0,33,0,0,1,1,0,4,1,2,0,2,0,"0000000",99,99,99,99,88,88,0,0,0,1,0
6,63151,1,1,0,0,0,1,1,65,3070,21,10,2016,6,22,9,0,2,5,4,6,"PALM AVE","",0,33.97403333,-117.39372778,0,42,0,0,1,1,0,4,3,1,0,1,0,"0000000",99,99,99,99,99,99,0,0,0,1,0
6,63152,2,2,0,0,0,2,2,59,3420,22,11,2016,3,6,15,0,2,3,4,6,"SEGERSTROM AVE","SPRUCE ST",0,33.70740278,-117.88881389,0,1,0,0,2,2,0,1,4,1,0,1,0,"0000000",99,99,99,99,88,88,0,0,0,1,0
6,63153,2,2,0,0,0,2,2,73,2510,7,6,2016,3,2,26,0,2,4,4,6,"N COAST HIGHWAY","MISSION AVE",0,33.19591111,-117.37953333,0,12,6,0,2,2,0,1,3,1,0,1,0,"0000000",99,99,99,99,88,88,0,0,0,1,1
6,63154,2,2,0,0,0,2,2,95,4010,15,8,2016,2,19,6,0,2,3,4,6,"NUT TREE RD","FAIRVIEW RD",0,38.337,-121.95327778,0,12,6,0,2,3,0,1,1,1,0,1,0,"0000000",99,99,99,99,88,88,0,0,0,1,0
6,63155,2,2,0,0,0,3,3,85,3340,16,10,2016,1,1,5,1,2,2,1,2,"US-101","",352,37.34352222,-121.85596667,0,12,1,1,18,1,0,1,2,10,0,10,0,"0000000",99,99,99,99,99,99,23,0,0,1,0
6,63156,1,1,0,0,0,2,2,67,0,23,12,2016,6,22,30,0,1,5,2,4,"CR-ORANGE GROVE AVE","",0,99.9999,999.9999,0,30,0,0,1,1,0,4,3,10,0,10,0,"0000000",99,99,99,99,99,99,0,0,0,1,1
6,63157,1,1,0,1,1,1,1,75,3290,13,10,2016,5,5,18,1,2,1,1,1,"I-80","",39,37.76902222,-122.40848889,0,8,0,0,1,1,0,1,2,10,0,10,0,"0000000",99,99,99,99,88,88,0,0,0,1,0
6,63158,1,1,0,1,1,2,2,53,3180,30,7,2016,7,22,12,0,8,98,4,6,"N MAIN ST","",0,36.69036944,-121.65224444,0,8,0,0,1,1,0,1,3,10,0,10,0,"0000000",99,99,99,99,99,99,0,0,0,1,0
6,63159,1,1,0,1,1,4,4,37,1980,17,2,2016,4,13,45,0,2,98,4,6,"WILSHIRE BL","BONNIE BRAE ST",0,34.05691667,-118.27361389,0,9,0,0,2,2,0,1,1,10,0,10,0,"0000000",99,99,99,99,99,99,0,0,0,1,0
6,63160,2,2,0,1,1,2,2,37,1970,14,5,2016,7,20,26,0,2,4,4,6,"CHERRY AVE","",0,33.79148333,-118.16765278,0,8,0,0,1,1,0,1,3,1,0,1,0,"0000000",99,99,99,99,88,88,0,0,0,1,0
6,63161,1,1,0,2,2,1,1,37,1550,3,9,2016,7,16,15,0,2,3,4,6,"HAWTHORNE BL","133RD ST",0,33.91189444,-118.3527,0,8,0,0,2,2,0,1,1,1,0,1,0,"0000000",99,99,99,99,99,99,0,0,0,1,1
6,63162,1,1,0,1,1,1,1,75,3290,22,6,2016,4,18,1,0,2,4,4,6,"JOHN F KENNEDY DR","",0,37.77078611,-122.48823889,0,9,0,0,1,1,0,4,1,1,0,1,0,"0000000",99,99,99,99,99,99,0,0,0,1,0
6,63163,1,1,0,0,0,1,1,71,2922,23,2,2016,3,0,41,0,2,5,4,6,"VICTORIA PARK LN","ATWOOD ST",0,34.12286111,-117.52931944,0,33,0,0,3,2,0,4,3,1,0,1,0,"0000000",99,99,99,99,88,88,0,0,0,1,1
6,63164,2,2,0,0,0,2,2,29,240,29,9,2016,5,15,48,0,2,4,4,6,"PLANZ RD","CHUMLEY ST",0,35.32518611,-119.04001111,0,12,6,0,2,3,0,1,1,1,0,1,0,"0000000",99,99,99,99,99,99,0,0,0,1,0
6,63165,3,2,1,0,5,2,7,99,3060,16,9,2016,6,22,56,0,2,5,4,6,"ROSELLE AVE","GLOW RD",0,37.71455833,-120.94014444,0,12,6,0,2,3,0,1,2,1,0,1,0,"0000000",99,99,99,99,99,99,0,0,0,1,0
6,63166,1,1,0,1,1,1,1,37,804,21,5,2016,7,12,20,0,2,3,4,6,"TELEGRAPH RD","",0,34.01088611,-118.15947222,0,8,0,0,1,1,0,1,1,1,0,1,0,"0000000",99,99,99,99,99,99,0,0,0,1,0
6,63167,1,1,0,1,1,1,1,73,2510,27,6,2016,2,6,15,0,2,4,4,6,"MISSION AVE","",0,33.23045278,-117.31513333,0,8,0,0,1,1,0,4,1,1,0,1,0,"0000000",99,99,99,99,88,88,0,0,0,1,1
6,63168,1,1,0,0,0,1,1,37,1970,16,1,2016,7,2,9,0,2,3,4,6,"CARSON ST","",0,33.83223056,-118.12340556,0,33,0,0,1,1,0,3,3,1,0,1,0,"0000000",99,99,99,99,99,99,0,0,0,1,0
6,63169,2,2,0,0,0,3,3,77,3770,12,3,2016,7,12,28,0,2,4,4,6,"EL DORADO ST","",0,37.91944722,-121.278975,0,12,6,0,8,1,0,1,1,10,0,10,0,"0000000",99,99,99,99,88,88,0,0,0,1,1
6,63170,1,1,0,0,0,2,2,61,3110,11,11,2016,6,3,18,0,2,4,4,6,"INDUSTRIAL BLVD","",0,38.79755833,-121.30775556,0,33,0,0,1,1,0,4,2,1,0,1,0,"0000000",99,99,99,99,88,88,20,0,0,2,0
6,63171,3,1,2,0,0,4,4,37,4124,27,10,2016,5,23,51,0,2,4,4,6,"FOUNTAIN AVE","",0,34.09441944,-118.35521667,0,14,0,0,1,1,0,7,3,1,0,1,0,"0000000",99,99,99,99,99,99,0,0,0,1,1
6,63172,2,2,0,0,0,3,3,71,3210,6,6,2016,2,13,48,0,2,4,4,6,"ARROW ROUTE","",0,34.09909722,-117.56398611,0,12,6,0,8,1,0,1,1,1,0,1,0,"0000000",99,99,99,99,99,99,0,0,0,1,0
6,63173,2,2,0,0,0,2,2,71,1603,1,6,2016,4,4,45,0,2,3,4,6,"BEAR VALLEY RD","",0,34.470875,-117.30262778,0,12,2,0,1,1,0,1,3,1,0,1,0,"0000000",99,99,99,99,99,99,0,0,0,1,1
6,63174,1,1,0,0,0,2,2,53,3180,20,11,2016,1,3,7,0,2,3,4,6,"EAST ALISAL ST","FRONT ST",0,36.67477222,-121.64753056,0,25,0,0,1,1,0,3,3,2,0,2,0,"0000000",99,99,99,99,88,88,0,0,0,2,1
6,63175,1,1,0,1,1,1,1,73,710,30,12,2016,6,17,20,0,2,5,4,6,"FOURTH AVE","",0,32.63974167,-117.08384167,0,8,0,0,1,1,0,1,3,10,0,10,0,"0000000",99,99,99,99,99,99,0,0,0,1,0
6,63176,3,2,1,0,0,3,3,37,1980,28,8,2016,1,16,55,0,2,3,4,6,"FAIRFAX AVE","",0,34.07964444,-118.36147778,0,12,1,0,1,1,0,1,1,1,0,1,0,"0000000",99,99,99,99,99,99,14,0,0,1,0
6,63177,1,1,0,0,0,1,1,65,2116,23,9,2016,6,0,56,0,2,4,4,6,"NEWPORT RD","",0,33.68504444,-117.17818333,0,33,0,0,1,1,0,3,3,1,0,1,0,"0000000",99,99,99,99,99,99,0,0,0,1,1
6,63178,1,1,0,1,1,1,1,59,2800,24,11,2016,5,17,30,0,2,3,4,6,"ROSE DR","",0,33.87855556,-117.84246667,0,8,0,0,1,1,0,1,2,1,0,1,0,"0000000",99,99,99,99,99,99,0,0,0,1,0