"STATE","ST_CASE","VE_TOTAL","VE_FORMS","PVH_INVL","PEDS","PERNOTMVIT","PERMVIT","PERSONS","COUNTY","CITY","DAY","MONTH","YEAR","DAY_WEEK","HOUR","MINUTE","NHS","RUR_URB","FUNC_SYS","RD_OWNER","ROUTE","TWAY_ID","TWAY_ID2","MILEPT","LATITUDE","LONGITUD","SP_JUR","HARM_EV","MAN_COLL","RELJCT1","RELJCT2","TYP_INT","WRK_ZONE","REL_ROAD","LGT_COND","WEATHER1","WEATHER2","WEATHER","SCH_BUS","RAIL","NOT_HOUR","NOT_MIN","ARR_HOUR","ARR_MIN","HOSP_HR","HOSP_MN","CF1","CF2","CF3","FATALS","DRUNK_DR"
6,63179,3,3,0,0,0,7,7,1,2480,23,11,2016,4,22,2,1,2,1,1,1,"I-580","",390,37.46550833,-122.102825,0,12,7,0,1,1,0,1,3,1,0,1,0,"0000000",99,99,99,99,88,88,0,0,0,1,0
6,63180,1,1,0,0,0,1,1,85,3340,23,11,2016,4,14,15,1,2,2,1,2,"US-101","",389,37.36826389,-121.90851111,0,24,0,0,1,1,0,3,1,10,0,10,0,"0000000",99,99,99,99,88,88,0,0,0,1,0
6,63181,3,3,0,0,0,5,5,87,0,5,9,2016,2,20,40,9,8,98,98,3,"SR-1","",99999,36.96215556,-122.07739722,9,12,8,0,1,1,0,1,2,1,0,1,0,"0000000",99,99,99,99,99,99,0,0,0,1,1
6,63182,1,1,0,0,0,2,2,29,0,27,11,2016,1,3,30,0,1,3,2,4,"CR-TEHACHAPI WILLOW SPRINGS RD","",0,35.06559722,-118.39415556,0,1,0,0,1,1,0,4,2,2,4,4,0,"0000000",99,99,99,99,99,99,0,0,0,1,0
6,63183,1,1,0,0,0,2,2,37,1980,25,10,2016,3,16,20,0,2,3,4,6,"JEFFERSON BLVD","ALLA RD",0,33.97475833,-118.42439167,0,30,0,0,3,2,0,4,1,1,0,1,0,"0000000",99,99,99,99,99,99,0,0,0,1,0
6,63184,2,2,0,0,0,2,2,37,890,25,2,2016,5,13,50,0,2,4,4,6,"EAST SAN BERNARDINO RD","NORTH PROSPERO DR",0,34.09092778,-117.87869722,0,12,6,0,2,3,0,1,1,1,0,1,0,"0000000",99,99,99,99,88,88,0,0,0,1,0
6,63185,1,1,0,1,1,1,1,61,3110,31,10,2016,2,18,28,0,2,7,4,6,"WASHINGTON BLVD","PLEASANT ST",0,38.75389722,-121.28788333,0,8,0,0,3,2,0,1,3,10,0,10,0,"0000000",99,99,99,99,99,99,0,0,0,1,1
6,63186,1,1,0,1,1,3,3,59,1660,19,11,2016,7,19,21,0,2,3,1,3,"SR-39","TAYLOR DR",34,33.697575,-117.98912778,0,15,0,0,2,2,0,1,3,1,0,1,0,"0000000",99,99,99,99,99,99,0,0,0,1,0
6,63187,2,2,0,0,0,5,5,65,3320,25,9,2016,1,2,40,0,2,4,4,6,"SANDERSON AVE","",0,33.82948889,-117.00359444,0,25,0,0,1,1,0,4,2,1,0,1,0,"0000000",99,99,99,99,99,99,0,0,0,1,1
6,63188,2,1,1,1,1,1,1,37,1980,16,6,2016,5,20,40,0,2,7,4,6,"BORDEN AVE","",0,34.31263333,-118.44985556,0,14,0,0,1,1,0,2,3,1,0,1,0,"0000000",99,99,99,99,99,99,15,0,0,1,1
6,63189,3,3,0,0,0,3,3,107,4050,21,12,2016,4,21,34,0,2,3,1,3,"SR-63","",98,36.35148333,-119.29694167,0,12,6,0,8,1,0,1,3,1,0,1,0,"0000000",99,99,99,99,99,99,0,0,0,1,0
6,63190,1,1,0,1,1,1,1,37,120,7,12,2016,4,17,33,0,2,4,4,6,"LIVE OAK AVE","",0,34.10922778,-118.01716667,0,8,0,0,1,1,0,1,3,1,0,1,0,"0000000",99,99,99,99,88,88,0,0,0,1,0
6,63191,2,2,0,0,0,2,2,107,4050,5,9,2016,2,5,28,0,2,3,4,6,"PLAZA DR","",0,36.34377778,-119.39454167,0,12,1,0,1,1,0,1,3,1,0,1,0,"0000000",99,99,99,99,88,88,0,0,0,1,0
6,63192,4,2,2,0,0,3,3,37,1400,7,5,2016,7,14,15,0,2,4,4,6,"MARINE AVE","",0,33.89466667,-118.32251389,0,12,6,0,1,1,0,1,1,1,0,1,0,"0000000",99,99,99,99,99,99,14,0,0,1,0
6,63193,1,1,0,1,1,1,1,85,3340,9,7,2016,7,3,30,0,2,3,4,6,"CAPITOL EXPWY","SENTER RD",0,37.29328333,-121.83351389,0,9,0,0,3,2,0,1,3,1,0,1,0,"0000000",99,99,99,99,88,88,0,0,0,1,0
6,63194,2,2,0,0,0,6,6,37,4120,19,6,2016,1,16,15,0,2,4,4,6,"CAMERON AVE","HOLLENBECK AVE",0,34.06394167,-117.93489167,0,12,6,0,2,2,0,1,1,1,0,1,0,"0000000",99,99,99,99,99,99,0,0,0,1,0
6,63195,2,2,0,0,0,2,2,73,0,17,12,2016,7,23,48,0,1,5,2,4,"CR-CAMINO DEL NORTE","",0,33.01054167,-117.09747778,0,12,2,0,1,1,0,1,2,1,0,1,0,"0000000",99,99,99,99,99,99,0,0,0,1,1
6,63196,1,1,0,1,1,3,3,71,3210,9,12,2016,6,20,45,1,2,2,1,3,"SR-210","",219,34.14514167,-117.31824444,0,8,0,0,1,1,0,1,2,1,0,1,0,"0000000",99,99,99,99,88,88,0,0,0,1,0
6,63197,2,2,0,0,0,2,2,71,2922,23,11,2016,4,19,40,0,2,5,4,6,"CHERRY AVE","",0,34.142975,-117.48836944,0,33,0,1,19,1,0,3,3,1,0,1,0,"0000000",99,99,99,99,88,88,14,0,0,1,0
6,63198,1,1,0,1,1,1,1,85,3340,20,4,2016,4,23,44,0,2,3,4,6,"STORY RD","",0,37.33337222,-121.85250556,0,8,0,0,1,1,0,1,3,1,0,1,0,"0000000",99,99,99,99,99,99,0,0,0,1,0
6,63199,1,1,0,1,1,1,1,37,1980,7,12,2016,4,19,55,0,2,3,4,6,"59TH","BROADWAY",0,33.98600833,-118.27828611,0,8,0,0,2,2,0,1,3,1,0,1,0,"0000000",99,99,99,99,99,99,0,0,0,1,0
6,63200,1,1,0,1,1,1,1,81,490,19,4,2016,3,8,50,0,2,5,4,6,"FLORIBUNDA AVE","EL CAMINO REAL",0,37.57816944,-122.35541667,0,9,0,0,2,2,0,1,1,1,0,1,0,"0000000",99,99,99,99,99,99,0,0,0,1,0
6,63201,7,1,6,1,1,1,1,37,1980,12,6,2016,1,0,45,0,2,4,4,6,"SAN FERNANDO RD","",0,34.11908889,-118.25003889,0,40,0,0,1,1,0,4,2,10,0,10,0,"0000000",99,99,99,99,88,88,14,0,0,1,0
6,63202,1,1,0,0,0,3,3,81,2980,22,8,2016,2,15,14,0,2,4,4,6,"REDWOOD SHORES PKY","WATERSIDE CIR",0,37.53508611,-122.23746389,0,42,0,0,1,1,0,4,1,1,0,1,0,"0000000",99,99,99,99,99,99,0,0,0,1,0
6,63203,1,1,0,1,1,2,2,13,3010,27,9,2016,3,8,30,0,2,3,4,6,"CARLSON BLVD","SAN JOSE AVE",0,37.90408333,-122.30603333,0,8,0,0,2,2,0,1,1,10,0,10,0,"0000000",99,99,99,99,99,99,0,0,0,1,0
6,63204,2,1,1,1,1,3,3,37,1980,27,11,2016,1,17,25,0,2,3,4,6,"ALAMEDA ST","ALHAMBRA AVE",0,34.06160278,-118.23500833,0,8,0,0,3,3,0,1,3,1,0,1,0,"0000000",99,99,99,99,99,99,0,0,0,1,0
6,63205,1,1,0,1,1,3,3,85,3790,30,12,2016,6,18,9,0,2,3,4,6,"EL CAMINO REAL","",0,37.36713611,-122.03159444,0,8,0,0,1,1,0,1,2,1,0,1,0,"0000000",99,99,99,99,88,88,0,0,0,1,0
6,63206,1,1,0,0,0,1,1,37,930,16,10,2016,1,8,20,1,2,1,1,1,"I-405 RAMP","",279,34.00995833,-118.41753611,0,59,0,1,5,1,0,4,1,10,0,10,0,"0000000",99,99,99,99,88,88,0,0,0,1,1
6,63207,1,1,0,0,0,6,6,71,0,31,10,2016,2,20,20,0,1,5,2,4,"CR-HINKLEY ROAD","",0,34.97763056,-117.18909444,0,35,0,0,1,1,0,4,2,1,0,1,0,"0000000",99,99,99,99,99,99,0,0,0,1,0
6,63208,1,1,0,1,1,3,3,75,3290,5,11,2016,7,19,48,0,2,3,4,6,"MARKET ST","",0,37.76868611,-122.42754444,0,8,0,0,1,1,0,1,3,1,0,1,0,"0000000",99,99,99,99,88,88,0,0,0,1,0
6,63209,2,1,1,1,1,1,1,37,1980,8,12,2016,5,20,43,0,2,4,4,6,"PICO BLVD","",0,34.04726667,-118.29538889,0,8,0,0,1,1,0,1,3,1,0,1,0,"0000000",99,99,99,99,88,88,0,0,0,1,0
6,63210,1,1,0,1,1,2,2,33,1,11,10,2016,3,19,8,0,1,3,1,3,"SR-20","MAIN ST",89,39.16224444,-122.91160556,0,8,0,0,2,2,0,1,3,1,0,1,0,"0000000",99,99,99,99,88,88,0,0,0,1,0
6,63211,1,1,0,0,0,2,2,85,537,8,12,2016,5,8,9,0,2,3,4,6,"SAN TOMAS EXPWY","",0,37.28470556,-121.96098333,0,33,0,0,1,1,0,3,1,10,2,2,0,"0000000",99,99,99,99,99,99,0,0,0,1,0
6,63212,1,1,0,1,1,1,1,37,1980,12,2,2016,6,16,30,0,2,3,4,6,"FIGUEROA ST","111TH PL",0,33.93380278,-118.28262222,0,8,0,0,3,2,0,1,1,1,0,1,0,"0000000",99,99,99,99,99,99,0,0,0,1,0
6,63213,1,1,0,1,1,1,1,29,1000,4,10,2016,3,6,12,0,2,4,4,6,"CECIL AVE","CLINTON ST",0,35.77596111,-119.25696111,0,8,0,0,2,3,0,1,3,1,0,1,0,"0000000",99,99,99,99,99,99,0,0,0,1,0
6,63214,1,1,0,1,1,1,1,7,1490,29,12,2016,5,17,37,0,1,3,4,3,"SR-99","",40,39.35450278,-121.68790833,0,8,0,0,1,1,0,1,2,1,0,1,0,"0000000",99,99,99,99,88,88,0,0,0,1,0
6,63215,2,2,0,0,0,2,2,65,3070,9,12,2016,6,5,49,0,2,98,4,6,"MAGNOLIA AVE","TYLER ST",0,33.91195833,-117.46151111,0,12,6,0,2,2,0,1,3,1,0,1,0,"0000000",99,99,99,99,88,88,0,0,0,1,0
6,63216,1,1,0,1,1,1,1,59,3760,9,10,2016,1,1,27,0,2,3,4,6,"BEACH BL","",0,33.80047778,-117.99320278,0,8,0,0,1,1,0,1,3,10,0,10,0,"0000000",99,99,99,99,88,88,0,0,0,1,0
6,63217,1,1,0,1,1,1,1,29,240,21,12,2016,4,17,57,0,2,4,4,6,"WIBLE RD","",0,35.3201,-119.03899444,0,8,0,0,1,1,0,1,6,1,0,1,0,"0000000",99,99,99,99,99,99,0,0,0,1,0
6,63218,2,2,0,1,1,4,4,37,1980,16,12,2016,6,17,55,0,2,4,4,6,"4TH ST","OMAR ST",0,34.04539167,-118.24225833,0,12,7,0,2,3,0,1,2,1,0,1,0,"0000000",99,99,99,99,99,99,0,0,0,1,0
6,63219,1,1,0,1,1,1,1,37,1980,25,10,2016,3,6,0,0,2,3,4,6,"FIGUEROA ST","65TH ST",0,33.98056111,-118.28266667,0,9,0,0,3,98,0,1,1,1,0,1,0,"0000000",99,99,99,99,99,99,0,0,0,1,0
6,63220,2,2,0,0,0,2,2,29,522,11,9,2016,1,0,11,1,2,2,1,3,"SR-58","HYUNDAI KIA RD",1214,35.02053056,-118.0273,0,12,1,0,2,2,0,1,2,1,0,1,0,"0000000",99,99,99,99,88,88,0,0,0,1,0
6,63221,1,1,0,1,1,1,1,29,240,7,10,2016,6,6,29,0,2,3,4,6,"CALIFORNIA AVE","BAKER ST",0,35.368425,-118.995875,0,15,0,0,2,2,0,1,4,1,0,1,0,"0000000",99,99,99,99,88,88,0,0,0,1,0
6,63222,3,3,0,0,0,5,5,37,4190,16,12,2016,6,20,42,0,2,3,4,6,"COLIMA RD","",0,33.96676389,-117.99696111,0,12,7,0,1,1,0,1,2,1,0,1,0,"0000000",99,99,99,99,99,99,0,0,0,1,0
6,63223,2,2,0,0,0,3,3,65,3070,3,11,2016,5,14,7,0,2,3,4,6,"VAN BUREN BLVD","",0,33.90902778,-117.43719167,0,12,6,0,8,1,0,1,1,1,0,1,0,"0000000",99,99,99,99,99,99,0,0,0,2,0
6,63224,2,2,0,1,1,2,2,29,240,8,12,2016,5,19,5,0,2,4,4,6,"ASHE RD","",0,35.32841111,-119.07434722,0,8,0,0,1,1,0,1,3,2,10,2,0,"0000000",99,99,99,99,99,99,0,0,0,1,0
6,63225,1,1,0,0,0,4,4,65,3070,1,12,2016,5,23,3,0,2,3,4,6,"ARLINGTON  AVE","",0,33.94412778,-117.48759444,0,53,0,0,1,1,0,4,3,1,0,1,0,"0000000",99,99,99,99,99,99,0,0,0,2,1
6,63226,1,1,0,0,0,1,1,77,9999,18,11,2016,6,20,38,0,1,5,2,4,"MOUNTAIN HOUSE PKWY","",0,37.76333611,-121.53148056,0,33,0,0,1,1,0,3,3,1,0,1,0,"0000000",99,99,99,99,99,99,0,0,0,1,0
6,63227,2,2,0,0,0,3,3,71,2550,16,12,2016,6,7,30,1,2,1,1,1,"I-15","",20,34.06058056,-117.5449,0,12,10,0,1,1,0,1,1,2,10,2,0,"0000000",99,99,99,99,99,99,0,0,0,1,0
6,63228,4,4,0,0,0,6,6,37,1110,2,9,2016,6,15,10,1,2,1,1,1,"I-10","",301,34.06623333,-118.01773333,0,25,0,0,1,1,0,3,1,1,0,1,0,"0000000",99,99,99,99,88,88,14,28,0,1,0
6,63229,1,1,0,0,0,1,1,77,1940,24,2,2016,4,21,10,0,2,4,4,6,"STOCKTON ST","",0,38.13715,-121.26917778,0,7,0,0,1,1,0,4,3,1,0,1,0,"0000000",99,99,99,99,88,88,0,0,0,1,1
6,63230,1,1,0,0,0,2,2,37,2020,30,8,2016,3,3,0,0,8,98,4,6,"IMPERIAL HWY","",0,33.93051389,-118.20496111,0,33,0,0,1,1,0,4,3,1,0,1,0,"0000000",99,99,99,99,99,99,0,0,0,1,0
6,63231,2,2,0,0,0,3,3,65,3070,28,10,2016,6,9,36,0,2,5,4,6,"INDIANA AVE","",0,33.93891111,-117.39783056,0,12,6,0,8,1,0,1,1,1,0,1,0,"0000000",99,99,99,99,99,99,0,0,0,1,0
6,63232,1,1,0,1,1,1,1,37,1550,14,12,2016,4,22,26,0,2,7,4,6,"WILKIE AVE","",0,33.92151111,-118.32241667,0,8,0,0,1,1,0,1,2,1,0,1,0,"0000000",99,99,99,99,99,99,0,0,0,1,0
6,63233,2,2,0,0,0,4,4,71,0,3,11,2016,5,16,15,1,1,2,1,3,"SR-62","",48,34.0798,-116.53663056,0,12,98,0,1,1,0,1,1,1,0,1,0,"0000000",99,99,99,99,99,99,0,0,0,1,1
6,63235,1,1,0,1,1,2,2,25,1680,13,10,2016,5,19,39,0,2,3,1,3,"SR-86","",98,32.832775,-115.569975,0,8,0,0,1,1,0,1,2,1,0,1,0,"0000000",99,99,99,99,88,88,0,0,0,1,0
6,63236,2,2,0,0,0,3,3,37,0,23,11,2016,4,6,43,1,2,1,1,1,"I-405","",310,34.04861111,-118.44813889,0,1,0,0,1,1,0,1,1,1,0,1,0,"0000000",88,88,88,88,88,88,0,0,0,1,0
6,63237,1,1,0,0,0,2,2,33,0,26,11,2016,7,0,13,1,1,2,1,3,"SR-29","",525,39.16316944,-122.9206,0,59,0,0,1,1,0,4,3,2,10,2,0,"0000000",88,88,88,88,88,88,0,0,0,2,1
6,63238,2,2,0,0,0,3,3,33,0,21,12,2016,4,13,44,0,1,4,2,4,"CR-NICE LUCERNE CUTOFF","",0,39.12069444,-122.89026944,0,59,0,0,1,1,0,4,1,1,0,1,0,"0000000",99,99,99,99,99,99,0,0,0,1,0
6,63239,1,1,0,0,0,4,4,33,0,7,10,2016,6,22,10,0,2,5,2,4,"CR-MORGAN VALLEY RD","",0,38.90834167,-122.59975278,0,1,0,0,1,1,0,1,2,1,0,1,0,"0000000",99,99,99,99,99,99,0,0,0,1,1
6,63240,2,2,0,2,2,1,1,113,0,26,9,2016,2,2,40,1,1,1,1,1,"I-80","",85,38.57170556,-121.5917,0,12,7,0,1,1,0,1,2,1,0,1,0,"0000000",99,99,99,99,99,99,18,23,0,1,0
6,63241,1,1,0,0,0,6,6,59,3558,22,10,2016,7,22,56,1,1,1,1,1,"I-405","",0,33.77566389,-118.08749167,0,25,0,0,1,1,0,3,3,1,0,1,0,"0000000",99,99,99,99,88,88,0,0,0,1,0
6,63242,1,1,0,1,1,1,1,67,3150,26,11,2016,7,23,58,1,2,1,1,1,"I-80","",34,38.63573611,-121.49706389,0,8,0,0,1,1,0,1,3,2,0,2,0,"0000000",99,99,99,99,88,88,0,0,0,1,0
6,63243,1,1,0,1,1,1,1,67,0,27,7,2016,4,4,58,0,1,3,2,4,"CR-EL CAMINO AVENUE","",0,38.61083333,-121.41401944,0,8,0,0,1,1,0,1,2,1,0,1,0,"0000000",99,99,99,99,88,88,0,0,0,1,0
6,63244,1,1,0,1,1,3,3,87,0,19,11,2016,7,19,40,0,2,2,1,3,"SR-152","",169,36.93344167,-121.74350556,0,8,0,0,1,1,0,1,3,10,2,2,0,"0000000",99,99,99,99,99,99,0,0,0,1,0
6,63245,2,1,1,0,2,2,4,71,0,3,8,2016,4,3,45,1,2,1,1,1,"I-15","",0,35.46539722,-115.61302778,0,14,0,0,1,1,0,2,2,1,0,1,0,"0000000",99,99,99,99,99,99,23,0,0,1,0
6,63246,2,2,0,0,0,2,2,85,3440,6,11,2016,1,12,30,0,2,3,4,6,"SAN TOMAS EXPY","",0,37.33760556,-121.96834722,0,42,0,0,1,1,0,4,1,1,0,1,0,"0000000",99,99,99,99,88,88,14,0,0,1,0
6,63247,1,1,0,1,1,1,1,71,3210,20,2,2016,7,6,24,0,2,4,4,6,"W MILL ST","",0,34.09216944,-117.30848333,0,18,0,0,1,1,0,4,4,1,0,1,0,"0000000",99,99,99,99,99,99,0,0,0,1,0
6,63248,2,2,0,0,0,2,2,33,0,18,5,2016,4,8,10,0,1,5,2,4,"CR-SULPHUR BANK DR","",0,39.01086389,-122.64905,0,12,6,0,4,1,0,1,1,1,0,1,0,"0000000",99,99,99,99,99,99,0,0,0,1,1
6,63249,1,1,0,1,1,1,1,71,1947,19,8,2016,6,10,48,0,2,3,4,6,"BARTON RD","",0,34.04841111,-117.263,0,9,0,0,1,1,0,1,1,1,0,1,0,"0000000",99,99,99,99,99,99,20,0,0,1,0
6,63250,1,1,0,0,0,1,1,85,3340,15,5,2016,1,20,57,0,2,5,4,6,"COYOTE RD","",0,37.25835,-121.79370556,0,42,0,0,1,1,0,4,3,1,0,1,0,"0000000",99,99,99,99,88,88,0,0,0,1,0
6,63251,1,1,0,0,0,1,1,85,3340,16,10,2016,1,23,31,0,2,3,4,6,"BRANHAM LN","",0,37.26960833,-121.81928056,0,39,0,0,1,1,0,4,3,2,10,2,0,"0000000",99,99,99,99,88,88,0,0,0,1,1
6,63252,3,1,2,0,0,1,1,13,820,24,11,2016,5,1,50,0,2,5,4,6,"SAN MIGUEL RD","",0,37.95708333,-122.026625,0,33,0,0,1,1,0,4,3,1,0,1,0,"0000000",99,99,99,99,99,99,14,0,0,1,1
6,63253,1,1,0,1,1,1,1,71,1947,25,4,2016,2,8,2,0,2,3,4,6,"BARTON ROAD","",0,34.04821667,-117.2237,0,33,0,0,1,1,0,4,2,1,0,1,0,"0000000",99,99,99,99,88,88,0,0,0,1,0
6,63254,1,1,0,1,1,1,1,85,3340,10,12,2016,7,3,6,0,2,3,4,6,"E HEDDING ST","",0,37.36003611,-121.88939722,0,8,0,0,1,1,0,1,3,10,0,10,0,"0000000",99,99,99,99,88,88,0,0,0,1,0
6,63255,1,1,0,1,1,2,2,85,3340,29,11,2016,3,2,59,0,2,3,4,6,"MONTEREY RD","",0,37.27903333,-121.83651389,0,8,0,0,1,1,0,1,3,1,0,1,0,"0000000",99,99,99,99,88,88,0,0,0,1,0
6,63256,1,1,0,0,0,2,2,85,3340,11,12,2016,1,4,11,0,2,3,4,6,"CAPITOL AVE","",0,37.35587222,-121.83066111,0,43,0,0,1,1,0,4,6,1,0,1,0,"0000000",99,99,99,99,88,88,0,0,0,2,1
6,63257,1,1,0,1,1,1,1,71,3000,21,11,2016,2,5,6,0,2,3,4,6,"RIVERSIDE AVE","CEDAR AVE",0,34.15422778,-117.39633889,0,8,0,0,1,1,0,1,2,10,0,10,0,"0000000",99,99,99,99,88,88,0,0,0,1,0
6,63258,3,3,0,0,0,6,6,73,3260,3,12,2016,7,5,18,1,2,1,1,1,"I-5","",34,32.56786944,-117.07568056,0,12,2,0,1,1,0,1,2,1,0,1,0,"0000000",99,99,99,99,99,99,0,0,0,1,0
6,63259,1,1,0,1,1,1,1,59,960,29,11,2016,3,18,29,0,2,3,4,6,"KATELLA AVE","VALLEY VIEW ST",0,33.802675,-118.02821111,0,8,0,0,3,2,0,1,3,1,0,1,0,"0000000",99,99,99,99,99,99,0,0,0,1,0
6,63260,1,1,0,1,1,1,1,73,1080,15,12,2016,5,17,36,0,2,4,4,6,"E MAIN ST","",0,32.79493056,-116.94209167,0,8,0,0,1,1,0,1,3,2,0,2,0,"0000000",99,99,99,99,88,88,0,0,0,1,0
6,63261,1,1,0,1,1,1,1,99,2470,3,8,2016,4,5,45,0,2,3,1,3,"SR-108","STANISLAUS AVE",374,37.76113889,-120.86004722,0,8,0,0,3,2,0,1,3,1,0,1,0,"0000000",99,99,99,99,88,88,0,0,0,1,0
6,63262,2,2,0,1,1,2,2,65,750,20,12,2016,3,23,25,0,2,2,1,3,"SR-88","",991,33.673525,-116.14735833,0,8,0,0,1,1,0,1,2,10,0,10,0,"0000000",99,99,99,99,88,88,0,0,0,1,0
6,63263,2,2,0,0,0,4,4,85,3340,25,12,2016,1,0,28,0,2,3,4,6,"W CAPITOL EXPWY","",0,37.27981944,-121.83733333,0,12,2,0,1,1,0,1,3,1,0,1,0,"0000000",99,99,99,99,99,99,0,0,0,2,1
6,63264,2,2,0,0,0,2,2,29,3600,29,12,2016,5,7,7,0,1,7,2,4,"CR-SANTA FE WAY","",0,35.46758611,-119.23082778,0,12,6,0,1,1,0,1,4,5,0,5,0,"0000000",99,99,99,99,88,88,0,0,0,1,0
6,63265,1,1,0,1,1,1,1,37,1980,22,1,2016,6,18,25,0,2,4,4,6,"SAN PEDRO STREET","",0,33.98479722,-118.26959444,0,9,0,0,1,1,0,1,3,1,0,1,0,"0000000",99,99,99,99,99,99,0,0,0,1,0
6,63266,1,1,0,1,1,2,2,29,9999,2,3,2016,4,19,35,9,8,98,98,9,"NORTH DERBY STREET","",0,35.21122222,-118.82423056,0,8,0,0,1,1,0,1,3,1,0,1,0,"0000000",99,99,99,99,88,88,0,0,0,1,0
6,63267,2,2,0,0,0,5,5,59,1380,31,7,2016,1,2,30,0,8,98,98,9,"LEMON STREET","",0,33.85502222,-117.91986111,9,12,2,0,1,1,0,1,3,1,0,1,0,"0000000",99,99,99,99,99,99,0,0,0,1,1
6,63268,2,2,0,0,0,4,4,67,1108,16,7,2016,7,11,14,9,8,98,98,9,"LAGUNA PARK DRIVE","",0,38.42250833,-121.42477222,0,12,6,0,8,1,0,1,1,1,0,1,0,"0000000",99,99,99,99,99,99,0,0,0,1,0
6,63269,1,1,0,0,0,2,2,59,9997,5,5,2016,5,3,36,9,8,98,98,9,"LAKE FOREST DR","",99999,33.69311111,-117.70625833,9,33,0,0,1,1,0,4,3,1,0,1,0,"0000000",99,99,99,99,99,99,0,0,0,1,1
6,63270,2,2,0,0,0,2,2,67,3150,2,9,2016,6,21,45,9,8,98,98,9,"GLORIA DRIVE","",0,38.49564722,-121.54301944,0,12,99,0,1,1,0,1,3,1,0,1,0,"0000000",99,99,99,99,99,99,0,0,0,1,0
6,63271,1,1,0,1,1,1,1,59,2560,6,5,2016,6,14,46,9,8,98,98,9,"WANDA RD","",99999,33.81142222,-117.822075,0,15,0,0,1,1,0,1,1,1,0,1,0,"0000000",99,99,99,99,99,99,0,0,0,1,0
6,63272,1,1,0,0,0,1,1,59,1380,27,11,2016,1,2,9,0,8,98,98,9,"HARBOR BLVD","",0,33.86798889,-117.92427778,0,33,0,0,1,1,0,4,3,2,0,2,0,"0000000",99,99,99,99,99,99,0,0,0,1,0
6,63273,1,1,0,0,0,1,1,59,1380,3,7,2016,1,19,8,9,8,98,98,9,"EUCLID ST","LAKEVIEW DR",99999,88.8888,888.8888,9,33,0,0,3,3,0,4,1,1,0,1,0,"0000000",99,98,99,98,88,88,0,0,0,1,0
6,63274,2,2,0,0,0,2,2,59,9997,11,7,2016,2,8,23,9,8,98,98,9,"SANTIAGO CANYON","",99999,88.8888,888.8888,9,12,8,0,1,1,0,1,1,1,0,1,0,"0000000",99,99,99,99,99,99,0,0,0,1,0
6,63275,2,2,0,0,0,5,5,77,9999,15,9,2016,5,9,2,9,8,98,98,5,"AIRPORT WAY","PINCHOT ST",99999,37.96843333,-121.27754444,0,12,6,0,2,2,0,1,1,1,0,1,0,"0000000",99,99,99,99,99,99,0,0,0,1,0
6,63276,1,1,0,0,0,1,1,73,2904,20,5,2016,6,2,0,9,8,98,98,9,"SCRIPPS POWAY PKWY","",99999,99.9999,999.9999,9,33,0,0,1,1,0,4,2,1,0,1,0,"0000000",99,99,99,99,88,88,0,0,0,1,1
6,63277,1,1,0,0,0,1,1,13,4070,17,10,2016,2,18,47,9,8,98,98,9,"ROSSMOOR PKWY","TICE VALLEY BLVD",99999,99.9999,999.9999,9,33,0,0,3,2,0,4,3,1,0,1,0,"0000000",99,99,99,99,99,99,0,0,0,1,0
6,63278,1,1,0,1,1,1,1,25,1090,11,6,2016,7,20,19,9,8,98,98,9,"WATERMAN","",99999,99.9999,999.9999,9,8,0,0,1,1,0,1,3,1,0,1,0,"0000000",99,99,99,99,99,99,0,0,0,1,0
6,63279,1,1,0,1,1,1,1,13,2790,19,4,2016,3,7,47,9,8,98,98,9,"W LELAND RD","",99999,99.9999,999.9999,9,8,0,0,1,1,0,98,1,1,0,1,0,"0000000",99,99,99,99,99,98,20,0,0,1,0
6,63280,1,1,0,0,0,1,1,65,9999,12,8,2016,6,15,9,9,8,98,98,5,"CLINTON KEITH RD","SPINNING WHEEL DR",99999,99.9999,999.9999,0,33,0,0,3,2,0,4,1,1,0,1,0,"0000000",99,99,99,99,88,88,0,0,0,1,0
6,63281,2,2,0,0,0,4,4,59,3420,31,5,2016,3,11,59,9,8,98,98,9,"17TH ST","FLOWER ST",99999,33.75991944,-117.87649167,0,12,6,0,2,2,0,1,1,1,0,1,0,"0000000",99,99,99,99,99,99,0,0,0,1,0
6,63282,2,2,0,0,0,3,3,29,9999,31,8,2016,4,9,55,9,8,98,98,5,"90TH ST","CALIFORNIA CITY BLVD",99999,35.12596111,-117.96781944,0,12,6,0,2,2,0,1,1,1,0,1,0,"0000000",88,88,88,88,88,88,0,0,0,1,0
6,63283,1,1,0,1,1,1,1,65,2646,7,11,2016,2,17,9,9,8,98,98,9,"SR-74","",99999,33.70624167,-116.39611944,9,8,0,0,1,1,0,1,5,1,0,1,0,"0000000",99,99,99,99,99,99,0,0,0,1,0
6,63284,2,2,0,0,0,2,2,59,1380,3,12,2016,7,18,24,0,8,98,98,9,"ORANGETHORPE AVENUE","HIGHLAND AVENUE",0,33.85948056,-117.92865,9,12,6,0,2,2,0,1,3,1,0,1,0,"0000000",99,99,99,99,99,99,0,0,0,1,1